record,done_us,dt_good_us,raw,delta,counts,i2c_us,omega_mrev,window_mrev,cmd_mrev,fas_mrev,remain_ddeg,flags_hex,state,stage,current_ma,step_count,step_us,drv_status_hex,tstep,driver_age_us,gstat_hex,pins_hex
D,26932326,1037,653,0,3531,270,0,0,0,0,0,01,0,0,0,0,26932411,811D002D,1048575,1,00,03
D,26933319,993,653,0,3531,261,0,0,0,0,0,01,0,0,0,0,26933372,811D002D,1048575,411,00,03
D,26934305,986,653,0,3531,244,0,0,0,0,0,01,0,0,0,0,26934353,811D002D,1048575,1394,00,03
D,26935298,993,653,0,3531,236,0,0,0,0,0,01,0,0,0,0,26935334,811D002D,1048575,2373,00,03
D,26936332,1034,653,0,3531,264,0,0,0,0,0,01,0,0,0,0,26936410,811D002D,1048575,3460,00,03
D,26937416,1084,653,0,3531,360,0,0,0,0,0,01,0,0,0,0,26937606,811D002D,1048575,4693,00,03
D,26938462,1046,653,0,3531,406,0,0,0,0,0,01,0,0,0,0,26938585,811D002D,1048575,5650,00,03
D,26939364,902,653,0,3531,299,0,0,0,0,0,01,0,0,0,0,26939429,811D002D,1048575,6477,00,03
D,26940329,965,653,0,3531,269,0,0,0,0,0,01,0,0,0,0,26940398,811D002D,1048575,7447,00,03
D,26941331,1002,653,0,3531,276,0,0,0,0,0,01,0,0,0,0,26941387,811D002D,1048575,8434,00,03
D,26942340,1009,653,0,3531,276,0,0,0,0,0,01,0,0,0,0,26942408,811D002D,1048575,9457,00,03
D,26943344,1004,653,0,3531,275,0,0,0,0,0,01,0,0,0,0,26943401,811D002D,1048575,10445,00,03
D,26944337,993,653,0,3531,267,0,0,0,0,0,01,0,0,0,0,26944399,811D002D,1048575,11450,00,03
D,26945349,1012,653,0,3531,279,0,0,0,0,0,01,0,0,0,0,26945405,811D002D,1048575,12449,00,03
D,26946335,986,653,0,3531,273,0,0,0,0,0,01,0,0,0,0,26946404,811D002D,1048575,13452,00,03
D,26947350,1015,653,0,3531,292,0,0,0,0,0,01,0,0,0,0,26947407,811D002D,1048575,14455,00,03
D,26948370,1020,653,0,3531,309,0,0,0,0,0,01,0,0,0,0,26948463,811D002D,1048575,15518,00,03
D,26949305,935,653,0,3531,245,0,0,0,0,0,01,0,0,0,0,26949344,811D002D,1048575,16383,00,03
D,26950308,1003,653,0,3531,246,0,0,0,0,0,01,0,0,0,0,26950350,811D002D,1048575,17391,00,03
D,26951306,998,653,0,3531,238,0,0,0,0,0,01,0,0,0,0,26951341,811D002D,1048575,18380,00,03
D,26952304,998,653,0,3531,239,0,0,0,0,0,01,0,0,0,0,26952339,811D002D,1048575,19379,00,03
D,26953302,998,653,0,3531,238,0,0,0,0,0,01,0,0,0,0,26953338,811D002D,1048575,20377,00,03
D,26954313,1011,653,0,3531,244,0,0,0,0,0,01,0,0,0,0,26954355,811D002D,1048575,21394,00,03
D,26955296,983,653,0,3531,238,0,0,0,0,0,01,0,0,0,0,26955331,811D002D,1048575,22371,00,03
D,26956327,1031,653,0,3531,263,0,0,0,0,0,01,0,0,0,0,26956409,811D002D,1048575,23456,00,03
D,26957422,1095,653,0,3531,351,0,0,0,0,0,01,0,0,0,0,26957607,811D002D,1048575,24687,00,03
D,26958482,1060,653,0,3531,424,0,0,0,0,0,01,0,0,0,0,26958605,811D002D,1048575,25666,00,03
D,26959350,868,653,0,3531,280,0,0,0,0,0,01,0,0,0,0,26959410,811D002D,1048575,26458,00,03
D,26960339,989,653,0,3531,269,0,0,0,0,0,01,0,0,0,0,26960400,811D002D,1048575,27449,00,03
D,26961341,1002,653,0,3531,274,0,0,0,0,0,01,0,0,0,0,26961399,811D002D,1048575,28448,00,03
D,26962335,994,653,0,3531,275,0,0,0,0,0,01,0,0,0,0,26962404,811D002D,1048575,29452,00,03
D,26963331,996,653,0,3531,275,0,0,0,0,0,01,0,0,0,0,26963389,811D002D,1048575,30436,00,03
D,26964331,1000,653,0,3531,267,0,0,0,0,0,01,0,0,0,0,26964399,811D002D,1048575,31449,00,03
D,26965346,1015,653,0,3531,276,0,0,0,0,0,01,0,0,0,0,26965403,811D002D,1048575,32449,00,03
D,26966336,990,653,0,3531,275,0,0,0,0,0,01,0,0,0,0,26966405,811D002D,1048575,33454,00,03
D,26967347,1011,653,0,3531,289,0,0,0,0,0,01,0,0,0,0,26967431,811D002D,1048575,34488,00,03
D,26968370,1023,653,0,3531,310,0,0,0,0,0,01,0,0,0,0,26968460,811D002D,1048575,35512,00,03
D,26969295,925,653,0,3531,240,0,0,0,0,0,01,0,0,0,0,26969335,811D002D,1048575,36377,00,03
D,26970313,1018,653,0,3531,245,0,0,0,0,0,01,0,0,0,0,26970355,811D002D,1048575,37396,00,03
D,26971308,995,653,0,3531,238,0,0,0,0,0,01,0,0,0,0,26971344,811D002D,1048575,38385,00,03
D,26972308,1000,653,0,3531,238,0,0,0,0,0,01,0,0,0,0,26972343,811D002D,1048575,39384,00,03
D,26973308,1000,653,0,3531,238,0,0,0,0,0,01,0,0,0,0,26973344,811D002D,1048575,40384,00,03
D,26974301,993,653,0,3531,245,0,0,0,0,0,01,0,0,0,0,26974342,811D002D,1048575,41383,00,03
D,26975298,997,653,0,3531,238,0,0,0,0,0,01,0,0,0,0,26975334,811D002D,1048575,42374,00,03
D,26976323,1025,653,0,3531,261,0,0,0,0,0,01,0,0,0,0,26976400,811D002D,1048575,43448,00,03
D,26977411,1088,653,0,3531,356,0,0,0,0,0,01,0,0,0,0,26977585,811D002D,1048575,44667,00,03
D,26978478,1067,653,0,3531,416,0,0,0,0,0,01,0,0,0,0,26978599,811D002D,1048575,45660,00,03
D,26979350,872,653,0,3531,288,0,0,0,0,0,01,0,0,0,0,26979409,811D002D,1048575,46456,00,03
D,26980327,977,653,0,3531,263,0,0,0,0,0,01,0,0,0,0,26980391,811D002D,1048575,47442,00,03
D,26981339,1012,653,0,3531,277,0,0,0,0,0,01,0,0,0,0,26981396,811D002D,1048575,48443,00,03
D,26982343,1004,653,0,3531,272,0,0,0,0,0,01,0,0,0,0,26982415,811D002D,1048575,49466,00,03
D,26983347,1004,653,0,3531,278,0,0,0,0,0,01,0,0,0,0,26983405,811D002D,1048575,1,00,03
D,26984330,983,653,0,3531,258,0,0,0,0,0,01,0,0,0,0,26984411,811D002D,1048575,469,00,03
D,26985340,1010,653,0,3531,279,0,0,0,0,0,01,0,0,0,0,26985402,811D002D,1048575,1460,00,03
D,26986345,1005,653,0,3531,276,0,0,0,0,0,01,0,0,0,0,26986419,811D002D,1048575,2479,00,03
D,26987361,1016,653,0,3531,292,0,0,0,0,0,01,0,0,0,0,26987454,811D002D,1048575,3524,00,03
D,26988361,1000,653,0,3531,301,0,0,0,0,0,01,0,0,0,0,26988450,811D002D,1048575,4514,00,03
D,26989304,943,653,0,3531,247,0,0,0,0,0,01,0,0,0,0,26989344,811D002D,1048575,5394,00,03
D,26990306,1002,653,0,3531,248,0,0,0,0,0,01,0,0,0,0,26990350,811D002D,1048575,6401,00,03
D,26991304,998,653,0,3531,239,0,0,0,0,0,01,0,0,0,0,26991340,811D002D,1048575,7390,00,03
D,26992301,997,653,0,3531,238,0,0,0,0,0,01,0,0,0,0,26992338,811D002D,1048575,8388,00,03
D,26993299,998,653,0,3531,239,0,0,0,0,0,01,0,0,0,0,26993335,811D002D,1048575,9386,00,03
D,26994311,1012,653,0,3531,245,0,0,0,0,0,01,0,0,0,0,26994355,811D002D,1048575,10405,00,03
D,26995306,995,653,0,3531,238,0,0,0,0,0,01,0,0,0,0,26995343,811D002D,1048575,11394,00,03
D,26996330,1024,653,0,3531,260,0,0,0,0,0,01,0,0,0,0,26996411,811D002D,1048575,12472,00,03
D,26997419,1089,653,0,3531,349,0,0,0,0,0,01,0,0,0,0,26997607,811D002D,1048575,13699,00,03
D,26998496,1077,653,0,3531,427,0,0,0,0,0,01,0,0,0,0,26998616,811D002D,1048575,14683,00,03
D,26999335,839,653,0,3531,280,0,0,0,0,0,01,0,0,0,0,26999403,811D002D,1048575,15460,00,03
D,27000325,990,653,0,3531,267,0,0,0,0,0,01,0,0,0,0,27000391,811D002D,1048575,16450,00,03
D,27001330,1005,653,0,3531,273,0,0,0,0,0,01,0,0,0,0,27001391,811D002D,1048575,17449,00,03
D,27002340,1010,653,0,3531,273,0,0,0,0,0,01,0,0,0,0,27002412,811D002D,1048575,18469,00,03
D,27003343,1003,653,0,3531,277,0,0,0,0,0,01,0,0,0,0,27003402,811D002D,1048575,19458,00,03
D,27004319,976,653,0,3531,264,0,0,0,0,0,01,0,0,0,0,27004390,811D002D,1048575,20450,00,03
D,27005334,1015,653,0,3531,274,0,0,0,0,0,01,0,0,0,0,27005393,811D002D,1048575,21448,00,03
D,27006338,1004,653,0,3531,274,0,0,0,0,0,01,0,0,0,0,27006411,811D002D,1048575,22469,00,03
D,27007350,1012,653,0,3531,285,0,0,0,0,0,01,0,0,0,0,27007431,811D002D,1048575,23499,00,03
D,27008370,1020,653,0,3531,304,0,0,0,0,0,01,0,0,0,0,27008460,811D002D,1048575,24523,00,03
D,27009303,933,653,0,3531,243,0,0,0,0,0,01,0,0,0,0,27009344,811D002D,1048575,25394,00,03
D,27010305,1002,653,0,3531,245,0,0,0,0,0,01,0,0,0,0,27010348,811D002D,1048575,26399,00,03
D,27011301,996,653,0,3531,237,0,0,0,0,0,01,0,0,0,0,27011337,811D002D,1048575,27388,00,03
D,27012299,998,653,0,3531,237,0,0,0,0,0,01,0,0,0,0,27012336,811D002D,1048575,28386,00,03
D,27013297,998,653,0,3531,236,0,0,0,0,0,01,0,0,0,0,27013334,811D002D,1048575,29384,00,03
D,27014311,1014,653,0,3531,244,0,0,0,0,0,01,0,0,0,0,27014355,811D002D,1048575,30406,00,03
D,27015307,996,653,0,3531,237,0,0,0,0,0,01,0,0,0,0,27015343,811D002D,1048575,31394,00,03
D,27016329,1022,653,0,3531,259,0,0,0,0,0,01,0,0,0,0,27016407,811D002D,1048575,32465,00,03
D,27017417,1088,653,0,3531,355,0,0,0,0,0,01,0,0,0,0,27017598,811D002D,1048575,33686,00,03
D,27018469,1052,653,0,3531,412,0,0,0,0,0,01,0,0,0,0,27018594,811D002D,1048575,34662,00,03
D,27019340,871,653,0,3531,285,0,0,0,0,0,01,0,0,0,0,27019398,811D002D,1048575,35455,00,03
D,27020323,983,653,0,3531,267,0,0,0,0,0,01,0,0,0,0,27020385,811D002D,1048575,36443,00,03
D,27021341,1018,653,0,3531,273,0,0,0,0,0,01,0,0,0,0,27021400,811D002D,1048575,37458,00,03
D,27022334,993,653,0,3531,274,0,0,0,0,0,01,0,0,0,0,27022403,811D002D,1048575,38461,00,03
D,27023334,1000,653,0,3531,277,0,0,0,0,0,01,0,0,0,0,27023390,811D002D,1048575,39447,00,03
D,27024327,993,653,0,3531,265,0,0,0,0,0,01,0,0,0,0,27024392,811D002D,1048575,40453,00,03
D,27025340,1013,653,0,3531,274,0,0,0,0,0,01,0,0,0,0,27025399,811D002D,1048575,41456,00,03
D,27026343,1003,653,0,3531,271,0,0,0,0,0,01,0,0,0,0,27026414,811D002D,1048575,42472,00,03
D,27027351,1008,653,0,3531,286,0,0,0,0,0,01,0,0,0,0,27027441,811D002D,1048575,43520,00,03
D,27028362,1011,653,0,3531,301,0,0,0,0,0,01,0,0,0,0,27028451,811D002D,1048575,44513,00,03
D,27029302,940,653,0,3531,241,0,0,0,0,0,01,0,0,0,0,27029340,811D002D,1048575,45390,00,03
D,27030317,1015,653,0,3531,247,0,0,0,0,0,01,0,0,0,0,27030360,811D002D,1048575,46411,00,03
D,27031297,980,653,0,3531,237,0,0,0,0,0,01,0,0,0,0,27031334,811D002D,1048575,47384,00,03
D,27032297,1000,653,0,3531,237,0,0,0,0,0,01,0,0,0,0,27032334,811D002D,1048575,48384,00,03
D,27033297,1000,653,0,3531,237,0,0,0,0,0,01,0,0,0,0,27033334,811D002D,1048575,49384,00,03
D,27034312,1015,653,0,3531,243,0,0,0,0,0,01,0,0,0,0,27034355,811D002D,1048575,0,00,03
D,27035307,995,653,0,3531,247,0,0,0,0,0,01,0,0,0,0,27035369,811D002D,1048575,484,00,03
D,27036338,1031,653,0,3531,268,0,0,0,0,0,01,0,0,0,0,27036421,811D002D,1048575,1551,00,03
D,27037420,1082,653,0,3531,348,0,0,0,0,0,01,0,0,0,0,27037599,811D002D,1048575,2763,00,03
D,27038469,1049,653,0,3531,408,0,0,0,0,0,01,0,0,0,0,27038599,811D002D,1048575,3731,00,03
D,27039348,879,653,0,3531,288,0,0,0,0,0,01,0,0,0,0,27039407,811D002D,1048575,4528,00,03
D,27040323,975,653,0,3531,268,0,0,0,0,0,01,0,0,0,0,27040385,811D002D,1048575,5509,00,03
D,27041345,1022,653,0,3531,277,0,0,0,0,0,01,0,0,0,0,27041402,811D002D,1048575,6522,00,03
D,27042330,985,653,0,3531,275,0,0,0,0,0,01,0,0,0,0,27042398,811D002D,1048575,7524,00,03
D,27043347,1017,653,0,3531,277,0,0,0,0,0,01,0,0,0,0,27043406,811D002D,1048575,8526,00,03
D,27044340,993,653,0,3531,270,0,0,0,0,0,01,0,0,0,0,27044404,811D002D,1048575,9529,00,03
D,27045335,995,653,0,3531,277,0,0,0,0,0,01,0,0,0,0,27045394,811D002D,1048575,10513,00,03
D,27046331,996,653,0,3531,275,0,0,0,0,0,01,0,0,0,0,27046403,811D002D,1048575,11527,00,03
D,27047350,1019,653,0,3531,290,0,0,0,0,0,01,0,0,0,0,27047409,811D002D,1048575,12531,00,03
D,27048369,1019,653,0,3531,302,0,0,0,0,0,01,0,0,0,0,27048463,811D002D,1048575,13590,00,03
D,27049310,941,653,0,3531,247,0,0,0,0,0,01,0,0,0,0,27049347,811D002D,1048575,14460,00,03
D,27050308,998,653,0,3531,248,0,0,0,0,0,01,0,0,0,0,27050349,811D002D,1048575,15463,00,03
D,27051305,997,653,0,3531,238,0,0,0,0,0,01,0,0,0,0,27051341,811D002D,1048575,16455,00,03
D,27052304,999,653,0,3531,238,0,0,0,0,0,01,0,0,0,0,27052340,811D002D,1048575,17453,00,03
D,27053302,998,653,0,3531,239,0,0,0,0,0,01,0,0,0,0,27053337,811D002D,1048575,18450,00,03
D,27054312,1010,653,0,3531,245,0,0,0,0,0,01,0,0,0,0,27054354,811D002D,1048575,19468,00,03
D,27055296,984,653,0,3531,238,0,0,0,0,0,01,0,0,0,0,27055331,811D002D,1048575,20444,00,03
D,27056321,1025,653,0,3531,263,0,0,0,0,0,01,0,0,0,0,27056407,811D002D,1048575,21530,00,03
D,27057415,1094,653,0,3531,354,0,0,0,0,0,01,0,0,0,0,27057593,811D002D,1048575,22744,00,03
D,27058487,1072,653,0,3531,418,0,0,0,0,0,01,0,0,0,0,27058606,811D002D,1048575,23739,00,03
D,27059352,865,653,0,3531,282,0,0,0,0,0,01,0,0,0,0,27059413,811D002D,1048575,24534,00,03
D,27060338,986,653,0,3531,268,0,0,0,0,0,01,0,0,0,0,27060401,811D002D,1048575,25522,00,03
D,27061342,1004,653,0,3531,275,0,0,0,0,0,01,0,0,0,0,27061401,811D002D,1048575,26522,00,03
D,27062339,997,653,0,3531,276,0,0,0,0,0,01,0,0,0,0,27062410,811D002D,1048575,27531,00,03
D,27063341,1002,653,0,3531,278,0,0,0,0,0,01,0,0,0,0,27063399,811D002D,1048575,28518,00,03
D,27064335,994,653,0,3531,266,0,0,0,0,0,01,0,0,0,0,27064400,811D002D,1048575,29523,00,03
D,27065344,1009,653,0,3531,276,0,0,0,0,0,01,0,0,0,0,27065403,811D002D,1048575,30523,00,03
D,27066335,991,653,0,3531,274,0,0,0,0,0,01,0,0,0,0,27066405,811D002D,1048575,31526,00,03
D,27067345,1010,653,0,3531,289,0,0,0,0,0,01,0,0,0,0,27067431,811D002D,1048575,32569,00,03
D,27068358,1013,653,0,3531,301,0,0,0,0,0,01,0,0,0,0,27068449,811D002D,1048575,33576,00,03
D,27069304,946,653,0,3531,243,0,0,0,0,0,01,0,0,0,0,27069341,811D002D,1048575,34455,00,03
D,27070318,1014,653,0,3531,249,0,0,0,0,0,01,0,0,0,0,27070361,811D002D,1048575,35476,00,03
D,27071298,980,653,0,3531,238,0,0,0,0,0,01,0,0,0,0,27071334,811D002D,1048575,36448,00,03
D,27072298,1000,653,0,3531,238,0,0,0,0,0,01,0,0,0,0,27072334,811D002D,1048575,37448,00,03
D,27073299,1001,653,0,3531,239,0,0,0,0,0,01,0,0,0,0,27073334,811D002D,1048575,38449,00,03
D,27074312,1013,653,0,3531,244,0,0,0,0,0,01,0,0,0,0,27074355,811D002D,1048575,39470,00,03
D,27075308,996,653,0,3531,238,0,0,0,0,0,01,0,0,0,0,27075344,811D002D,1048575,40458,00,03
D,27076318,1010,653,0,3531,265,0,0,0,0,0,01,0,0,0,0,27076399,811D002D,1048575,41521,00,03
D,27077413,1095,653,0,3531,351,0,0,0,0,0,01,0,0,0,0,27077590,811D002D,1048575,42737,00,03
D,27078479,1066,653,0,3531,420,0,0,0,0,0,01,0,0,0,0,27078601,811D002D,1048575,43734,00,03
D,27079340,861,653,0,3531,282,0,0,0,0,0,01,0,0,0,0,27079399,811D002D,1048575,44520,00,03
D,27080340,1000,653,0,3531,271,0,0,0,0,0,01,0,0,0,0,27080403,811D002D,1048575,45524,00,03
D,27081342,1002,653,0,3531,272,0,0,0,0,0,01,0,0,0,0,27081401,811D002D,1048575,46524,00,03
D,27082334,992,653,0,3531,273,0,0,0,0,0,01,0,0,0,0,27082404,811D002D,1048575,47526,00,03
D,27083344,1010,653,0,3531,275,0,0,0,0,0,01,0,0,0,0,27083401,811D002D,1048575,48522,00,03
D,27084326,982,653,0,3531,267,0,0,0,0,0,01,0,0,0,0,27084391,811D002D,1048575,49514,00,03
D,27085329,1003,653,0,3531,273,0,0,0,0,0,01,0,0,0,0,27085387,811D002D,1048575,1,00,03
D,27086347,1018,653,0,3531,276,0,0,0,0,0,01,0,0,0,0,27086431,811D002D,1048575,505,00,03
D,27087344,997,653,0,3531,285,0,0,0,0,0,01,0,0,0,0,27087428,811D002D,1048575,1527,00,03
D,27088367,1023,653,0,3531,308,0,0,0,0,0,01,0,0,0,0,27088458,811D002D,1048575,2537,00,03
D,27089308,941,653,0,3531,240,0,0,0,0,0,01,0,0,0,0,27089345,811D002D,1048575,3413,00,03
D,27090309,1001,653,0,3531,247,0,0,0,0,0,01,0,0,0,0,27090351,811D002D,1048575,4419,00,03
D,27091302,993,653,0,3531,238,0,0,0,0,0,01,0,0,0,0,27091338,811D002D,1048575,5406,00,03
D,27092300,998,653,0,3531,238,0,0,0,0,0,01,0,0,0,0,27092336,811D002D,1048575,6403,00,03
D,27093299,999,653,0,3531,238,0,0,0,0,0,01,0,0,0,0,27093334,811D002D,1048575,7401,00,03
D,27094315,1016,653,0,3531,245,0,0,0,0,0,01,0,0,0,0,27094358,811D002D,1048575,8426,00,03
D,27095308,993,653,0,3531,238,0,0,0,0,0,01,0,0,0,0,27095344,811D002D,1048575,9411,00,03
D,27096317,1009,653,0,3531,264,0,0,0,0,0,01,0,0,0,0,27096394,811D002D,1048575,10469,00,03
D,27097406,1089,653,0,3531,350,0,0,0,0,0,01,0,0,0,0,27097580,811D002D,1048575,11684,00,03
D,27098475,1069,653,0,3531,420,0,0,0,0,0,01,0,0,0,0,27098598,811D002D,1048575,12685,00,03
D,27099344,869,653,0,3531,287,0,0,0,0,0,01,0,0,0,0,27099400,811D002D,1048575,13473,00,03
D,27100332,988,653,0,3531,260,0,0,0,0,0,01,0,0,0,0,27100398,811D002D,1048575,14474,00,03
D,27101345,1013,653,0,3531,277,0,0,0,0,0,01,0,0,0,0,27101400,811D002D,1048575,15472,00,03
D,27102327,982,653,0,3531,271,0,0,0,0,0,01,0,0,0,0,27102397,811D002D,1048575,16474,00,03
D,27103345,1018,653,0,3531,277,0,0,0,0,0,01,0,0,0,0,27103400,811D002D,1048575,17472,00,03
D,27104332,987,653,0,3531,263,0,0,0,0,0,01,0,0,0,0,27104396,811D002D,1048575,18474,00,03
D,27105344,1012,653,0,3531,277,0,0,0,0,0,01,0,0,0,0,27105399,811D002D,1048575,19471,00,03
D,27106326,982,653,0,3531,270,0,0,0,0,0,01,0,0,0,0,27106397,811D002D,1048575,20474,00,03
D,27107359,1033,653,0,3531,290,0,0,0,0,0,01,0,0,0,0,27107448,811D002D,1048575,21542,00,03
D,27108367,1008,653,0,3531,304,0,0,0,0,0,01,0,0,0,0,27108456,811D002D,1048575,22535,00,03
D,27109304,937,653,0,3531,243,0,0,0,0,0,01,0,0,0,0,27109345,811D002D,1048575,23413,00,03
D,27110307,1003,653,0,3531,247,0,0,0,0,0,01,0,0,0,0,27110350,811D002D,1048575,24418,00,03
D,27111304,997,653,0,3531,239,0,0,0,0,0,01,0,0,0,0,27111340,811D002D,1048575,25407,00,03
D,27112301,997,653,0,3531,238,0,0,0,0,0,01,0,0,0,0,27112338,811D002D,1048575,26406,00,03
D,27113300,999,653,0,3531,238,0,0,0,0,0,01,0,0,0,0,27113336,811D002D,1048575,27404,00,03
D,27114313,1013,653,0,3531,245,0,0,0,0,0,01,0,0,0,0,27114356,811D002D,1048575,28424,00,03
D,27115308,995,653,0,3531,238,0,0,0,0,0,01,0,0,0,0,27115345,811D002D,1048575,29412,00,03
D,27116334,1026,653,0,3531,263,0,0,0,0,0,01,0,0,0,0,27116416,811D002D,1048575,30496,00,03
D,27117402,1068,653,0,3531,347,0,0,0,0,0,01,0,0,0,0,27117578,811D002D,1048575,31685,00,03
D,27118489,1087,653,0,3531,419,0,0,0,0,0,01,0,0,0,0,27118602,811D002D,1048575,32688,00,03
D,27119343,854,653,0,3531,280,0,0,0,0,0,01,0,0,0,0,27119403,811D002D,1048575,33476,00,03
D,27120334,991,653,0,3531,274,0,0,0,0,0,01,0,0,0,0,27120397,811D002D,1048575,34471,00,03
D,27121333,999,653,0,3531,272,0,0,0,0,0,01,0,0,0,0,27121398,811D002D,1048575,35473,00,03
D,27122337,1004,653,0,3531,276,0,0,0,0,0,01,0,0,0,0,27122406,811D002D,1048575,36481,00,03
D,27123334,997,653,0,3531,277,0,0,0,0,0,01,0,0,0,0,27123393,811D002D,1048575,37466,00,03
D,27124327,993,653,0,3531,269,0,0,0,0,0,01,0,0,0,0,27124391,811D002D,1048575,38467,00,03
D,27125331,1004,653,0,3531,273,0,0,0,0,0,01,0,0,0,0,27125390,811D002D,1048575,39464,00,03
D,27126335,1004,653,0,3531,280,0,0,0,0,0,01,0,0,0,0,27126404,811D002D,1048575,40479,00,03
D,27127343,1008,653,0,3531,286,0,0,0,0,0,01,0,0,0,0,27127420,811D002D,1048575,41505,00,03
D,27128377,1034,653,0,3531,309,0,0,0,0,0,01,0,0,0,0,27128467,811D002D,1048575,42549,00,03
D,27129299,922,653,0,3531,243,0,0,0,0,0,01,0,0,0,0,27129338,811D002D,1048575,43406,00,03
D,27130314,1015,653,0,3531,245,0,0,0,0,0,01,0,0,0,0,27130356,811D002D,1048575,44424,00,03
D,27131296,982,653,0,3531,238,0,0,0,0,0,01,0,0,0,0,27131331,811D002D,1048575,45399,00,03
D,27132298,1002,653,0,3531,238,0,0,0,0,0,01,0,0,0,0,27132334,811D002D,1048575,46401,00,03
D,27133298,1000,653,0,3531,238,0,0,0,0,0,01,0,0,0,0,27133334,811D002D,1048575,47401,00,03
D,27134312,1014,653,0,3531,245,0,0,0,0,0,01,0,0,0,0,27134354,811D002D,1048575,48422,00,03
D,27135296,984,653,0,3531,238,0,0,0,0,0,01,0,0,0,0,27135331,811D002D,1048575,49399,00,03
D,27136322,1026,653,0,3531,264,0,0,0,0,0,01,0,0,0,0,27136400,811D002D,1048575,1,00,03
D,27137576,1254,653,0,3531,362,0,0,0,0,0,01,0,0,0,0,27137779,811D002D,1048575,719,00,03
D,27138474,898,653,0,3531,419,0,0,0,0,0,01,0,0,0,0,27138588,811D002D,1048575,1490,00,03
D,27139359,885,653,0,3531,290,0,0,0,0,0,01,0,0,0,0,27139426,811D002D,1048575,2319,00,03
D,27140328,969,653,0,3531,266,0,0,0,0,0,01,0,0,0,0,27140391,811D002D,1048575,3286,00,03
D,27141329,1001,653,0,3531,274,0,0,0,0,0,01,0,0,0,0,27141389,811D002D,1048575,4282,00,03
D,27142336,1007,653,0,3531,273,0,0,0,0,0,01,0,0,0,0,27142404,811D002D,1048575,5300,00,03
D,27143344,1008,653,0,3531,274,0,0,0,0,0,01,0,0,0,0,27143404,811D002D,1048575,6295,00,03
D,27144324,980,653,0,3531,268,0,0,0,0,0,01,0,0,0,0,27144390,811D002D,1048575,7287,00,03
D,27145336,1012,653,0,3531,276,0,0,0,0,0,01,0,0,0,0,27145395,811D002D,1048575,8286,00,03
D,27146345,1009,653,0,3531,275,0,0,0,0,0,01,0,0,0,0,27146418,811D002D,1048575,9312,00,03
D,27147357,1012,653,0,3531,288,0,0,0,0,0,01,0,0,0,0,27147439,811D002D,1048575,10345,00,03
D,27148365,1008,653,0,3531,306,0,0,0,0,0,01,0,0,0,0,27148455,811D002D,1048575,11357,00,03
D,27149314,949,653,0,3531,247,0,0,0,0,0,01,0,0,0,0,27149350,811D002D,1048575,12236,00,03
D,27150313,999,653,0,3531,248,0,0,0,0,0,01,0,0,0,0,27150356,811D002D,1048575,13243,00,03
D,27151296,983,653,0,3531,238,0,0,0,0,0,01,0,0,0,0,27151330,811D002D,1048575,14216,00,03
D,27152296,1000,653,0,3531,238,0,0,0,0,0,01,0,0,0,0,27152330,811D002D,1048575,15217,00,03
D,27153298,1002,653,0,3531,238,0,0,0,0,0,01,0,0,0,0,27153333,811D002D,1048575,16219,00,03
D,27154311,1013,653,0,3531,245,0,0,0,0,0,01,0,0,0,0,27154353,811D002D,1048575,17240,00,03
D,27155308,997,653,0,3531,238,0,0,0,0,0,01,0,0,0,0,27155342,811D002D,1048575,18229,00,03
D,27156315,1007,653,0,3531,257,0,0,0,0,0,01,0,0,0,0,27156392,811D002D,1048575,19286,00,03
D,27157415,1100,653,0,3531,347,0,0,0,0,0,01,0,0,0,0,27157594,811D002D,1048575,20518,00,03
D,27158479,1064,653,0,3531,424,0,0,0,0,0,01,0,0,0,0,27158594,811D002D,1048575,21502,00,03
D,27159351,872,653,0,3531,286,0,0,0,0,0,01,0,0,0,0,27159407,811D002D,1048575,22300,00,03
D,27160323,972,653,0,3531,264,0,0,0,0,0,01,0,0,0,0,27160385,811D002D,1048575,23282,00,03
D,27161349,1026,653,0,3531,277,0,0,0,0,0,01,0,0,0,0,27161404,811D002D,1048575,24297,00,03
D,27162331,982,653,0,3531,266,0,0,0,0,0,01,0,0,0,0,27162402,811D002D,1048575,25298,00,03
D,27163333,1002,653,0,3531,278,0,0,0,0,0,01,0,0,0,0,27163389,811D002D,1048575,26282,00,03
D,27164334,1001,653,0,3531,266,0,0,0,0,0,01,0,0,0,0,27164398,811D002D,1048575,27295,00,03
D,27165345,1011,653,0,3531,276,0,0,0,0,0,01,0,0,0,0,27165401,811D002D,1048575,28293,00,03
D,27166332,987,653,0,3531,271,0,0,0,0,0,01,0,0,0,0,27166402,811D002D,1048575,29300,00,03
D,27167348,1016,653,0,3531,291,0,0,0,0,0,01,0,0,0,0,27167428,811D002D,1048575,30333,00,03
D,27168374,1026,653,0,3531,304,0,0,0,0,0,01,0,0,0,0,27168466,811D002D,1048575,31369,00,03
D,27169309,935,653,0,3531,245,0,0,0,0,0,01,0,0,0,0,27169347,811D002D,1048575,32233,00,03
D,27170310,1001,653,0,3531,250,0,0,0,0,0,01,0,0,0,0,27170352,811D002D,1048575,33239,00,03
D,27171304,994,653,0,3531,238,0,0,0,0,0,01,0,0,0,0,27171340,811D002D,1048575,34227,00,03
D,27172302,998,653,0,3531,238,0,0,0,0,0,01,0,0,0,0,27172338,811D002D,1048575,35224,00,03
D,27173300,998,653,0,3531,238,0,0,0,0,0,01,0,0,0,0,27173335,811D002D,1048575,36221,00,03
D,27174313,1013,653,0,3531,244,0,0,0,0,0,01,0,0,0,0,27174355,811D002D,1048575,37242,00,03
D,27175306,993,653,0,3531,238,0,0,0,0,0,01,0,0,0,0,27175342,811D002D,1048575,38228,00,03
D,27176327,1021,653,0,3531,261,0,0,0,0,0,01,0,0,0,0,27176408,811D002D,1048575,39308,00,03
D,27177408,1081,653,0,3531,352,0,0,0,0,0,01,0,0,0,0,27177582,811D002D,1048575,40514,00,03
D,27178487,1079,653,0,3531,416,0,0,0,0,0,01,0,0,0,0,27178599,811D002D,1048575,41505,00,03
D,27179346,859,653,0,3531,283,0,0,0,0,0,01,0,0,0,0,27179408,811D002D,1048575,42303,00,03
D,27180347,1001,653,0,3531,276,0,0,0,0,0,01,0,0,0,0,27180411,811D002D,1048575,43305,00,03
D,27181332,985,653,0,3531,272,0,0,0,0,0,01,0,0,0,0,27181399,811D002D,1048575,44293,00,03
D,27182344,1012,653,0,3531,278,0,0,0,0,0,01,0,0,0,0,27182414,811D002D,1048575,45309,00,03
D,27183345,1001,653,0,3531,276,0,0,0,0,0,01,0,0,0,0,27183407,811D002D,1048575,46300,00,03
D,27184329,984,653,0,3531,271,0,0,0,0,0,01,0,0,0,0,27184396,811D002D,1048575,47293,00,03
D,27185340,1011,653,0,3531,274,0,0,0,0,0,01,0,0,0,0,27185401,811D002D,1048575,48296,00,03
D,27186347,1007,653,0,3531,281,0,0,0,0,0,01,0,0,0,0,27186417,811D002D,1048575,49311,00,03
D,27187343,996,653,0,3531,286,0,0,0,0,0,01,0,0,0,0,27187426,811D002D,1048575,1,00,03
D,27188472,1129,653,0,3531,317,0,0,0,0,0,01,0,0,0,0,27188562,811D002D,1048575,520,00,03
D,27189308,836,653,0,3531,239,0,0,0,0,0,01,0,0,0,0,27189346,811D002D,1048575,1292,00,03
D,27190316,1008,653,0,3531,245,0,0,0,0,0,01,0,0,0,0,27190358,811D002D,1048575,2303,00,03
D,27191304,988,653,0,3531,239,0,0,0,0,0,01,0,0,0,0,27191339,811D002D,1048575,3283,00,03
D,27192302,998,653,0,3531,238,0,0,0,0,0,01,0,0,0,0,27192338,811D002D,1048575,4283,00,03
D,27193302,1000,653,0,3531,238,0,0,0,0,0,01,0,0,0,0,27193338,811D002D,1048575,5283,00,03
D,27194306,1004,653,0,3531,245,0,0,0,0,0,01,0,0,0,0,27194347,811D002D,1048575,6292,00,03
D,27195292,986,653,0,3531,238,0,0,0,0,0,01,0,0,0,0,27195328,811D002D,1048575,7273,00,03
D,27196331,1039,653,0,3531,262,0,0,0,0,0,01,0,0,0,0,27196407,811D002D,1048575,8363,00,03
D,27197420,1089,653,0,3531,349,0,0,0,0,0,01,0,0,0,0,27197593,811D002D,1048575,9578,00,03
D,27198471,1051,653,0,3531,411,0,0,0,0,0,01,0,0,0,0,27198592,811D002D,1048575,10559,00,03
D,27199347,876,653,0,3531,292,0,0,0,0,0,01,0,0,0,0,27199407,811D002D,1048575,11356,00,03
D,27200330,983,653,0,3531,268,0,0,0,0,0,01,0,0,0,0,27200393,811D002D,1048575,12349,00,03
D,27201343,1013,653,0,3531,277,0,0,0,0,0,01,0,0,0,0,27201398,811D002D,1048575,13348,00,03
D,27202332,989,653,0,3531,276,0,0,0,0,0,01,0,0,0,0,27202403,811D002D,1048575,14358,00,03
D,27203340,1008,653,0,3531,279,0,0,0,0,0,01,0,0,0,0,27203396,811D002D,1048575,15345,00,03
D,27204336,996,653,0,3531,267,0,0,0,0,0,01,0,0,0,0,27204401,811D002D,1048575,16356,00,03
D,27205331,995,653,0,3531,277,0,0,0,0,0,01,0,0,0,0,27205387,811D002D,1048575,17336,00,03
D,27206336,1005,653,0,3531,275,0,0,0,0,0,01,0,0,0,0,27206408,811D002D,1048575,18363,00,03
D,27207357,1021,653,0,3531,291,0,0,0,0,0,01,0,0,0,0,27207437,811D002D,1048575,19396,00,03
D,27208366,1009,653,0,3531,303,0,0,0,0,0,01,0,0,0,0,27208456,811D002D,1048575,20417,00,03
D,27209302,936,653,0,3531,242,0,0,0,0,0,01,0,0,0,0,27209339,811D002D,1048575,21283,00,03
D,27210317,1015,653,0,3531,249,0,0,0,0,0,01,0,0,0,0,27210357,811D002D,1048575,22302,00,03
D,27211298,981,653,0,3531,238,0,0,0,0,0,01,0,0,0,0,27211333,811D002D,1048575,23278,00,03
D,27212298,1000,653,0,3531,238,0,0,0,0,0,01,0,0,0,0,27212333,811D002D,1048575,24277,00,03
D,27213298,1000,653,0,3531,238,0,0,0,0,0,01,0,0,0,0,27213333,811D002D,1048575,25277,00,03
D,27214312,1014,653,0,3531,245,0,0,0,0,0,01,0,0,0,0,27214352,811D002D,1048575,26297,00,03
D,27215292,980,653,0,3531,238,0,0,0,0,0,01,0,0,0,0,27215326,811D002D,1048575,27270,00,03
D,27216334,1042,653,0,3531,261,0,0,0,0,0,01,0,0,0,0,27216412,811D002D,1048575,28370,00,03
D,27217411,1077,653,0,3531,356,0,0,0,0,0,01,0,0,0,0,27217582,811D002D,1048575,29571,00,03
D,27218489,1078,653,0,3531,422,0,0,0,0,0,01,0,0,0,0,27218602,811D002D,1048575,30567,00,03
D,27219348,859,653,0,3531,282,0,0,0,0,0,01,0,0,0,0,27219410,811D002D,1048575,31362,00,03
D,27220328,980,653,0,3531,271,0,0,0,0,0,01,0,0,0,0,27220391,811D002D,1048575,32342,00,03
D,27221332,1004,653,0,3531,272,0,0,0,0,0,01,0,0,0,0,27221398,811D002D,1048575,33351,00,03
D,27222348,1016,653,0,3531,278,0,0,0,0,0,01,0,0,0,0,27222417,811D002D,1048575,34370,00,03
D,27223332,984,653,0,3531,277,0,0,0,0,0,01,0,0,0,0,27223394,811D002D,1048575,35345,00,03
D,27224330,998,653,0,3531,272,0,0,0,0,0,01,0,0,0,0,27224397,811D002D,1048575,36351,00,03
D,27225339,1009,653,0,3531,274,0,0,0,0,0,01,0,0,0,0,27225401,811D002D,1048575,37353,00,03
D,27226347,1008,653,0,3531,281,0,0,0,0,0,01,0,0,0,0,27226417,811D002D,1048575,38369,00,03
D,27227343,996,653,0,3531,286,0,0,0,0,0,01,0,0,0,0,27227425,811D002D,1048575,39392,00,03
D,27228367,1024,653,0,3531,304,0,0,0,0,0,01,0,0,0,0,27228457,811D002D,1048575,40416,00,03
D,27229308,941,653,0,3531,241,0,0,0,0,0,01,0,0,0,0,27229348,811D002D,1048575,41293,00,03
D,27230309,1001,653,0,3531,247,0,0,0,0,0,01,0,0,0,0,27230352,811D002D,1048575,42297,00,03
D,27231306,997,653,0,3531,238,0,0,0,0,0,01,0,0,0,0,27231342,811D002D,1048575,43286,00,03
D,27232304,998,653,0,3531,238,0,0,0,0,0,01,0,0,0,0,27232340,811D002D,1048575,44284,00,03
D,27233303,999,653,0,3531,238,0,0,0,0,0,01,0,0,0,0,27233339,811D002D,1048575,45283,00,03
D,27234315,1012,653,0,3531,245,0,0,0,0,0,01,0,0,0,0,27234357,811D002D,1048575,46302,00,03
D,27235298,983,653,0,3531,238,0,0,0,0,0,01,0,0,0,0,27235334,811D002D,1048575,47279,00,03
D,27236325,1027,653,0,3531,262,0,0,0,0,0,01,0,0,0,0,27236402,811D002D,1048575,48355,00,03
D,27237417,1092,653,0,3531,352,0,0,0,0,0,01,0,0,0,0,27237598,811D002D,1048575,49589,00,03
D,27238480,1063,653,0,3531,412,0,0,0,0,0,01,0,0,0,0,27238594,811D002D,1048575,2,00,03
D,27239561,1081,653,0,3531,293,0,0,0,0,0,01,0,0,0,0,27239636,811D002D,1048575,484,00,03
D,27240327,766,653,0,3531,270,0,0,0,0,0,01,0,0,0,0,27240394,811D002D,1048575,1242,00,03
D,27241339,1012,653,0,3531,275,0,0,0,0,0,01,0,0,0,0,27241402,811D002D,1048575,2251,00,03
D,27242331,992,653,0,3531,273,0,0,0,0,0,01,0,0,0,0,27242403,811D002D,1048575,3250,00,03
D,27243348,1017,653,0,3531,277,0,0,0,0,0,01,0,0,0,0,27243411,811D002D,1048575,4258,00,03
D,27244327,979,653,0,3531,270,0,0,0,0,0,01,0,0,0,0,27244395,811D002D,1048575,5245,00,03
D,27245343,1016,653,0,3531,278,0,0,0,0,0,01,0,0,0,0,27245406,811D002D,1048575,6253,00,03
D,27246347,1004,653,0,3531,277,0,0,0,0,0,01,0,0,0,0,27246418,811D002D,1048575,7267,00,03
D,27247360,1013,653,0,3531,290,0,0,0,0,0,01,0,0,0,0,27247466,811D002D,1048575,8335,00,03
D,27248370,1010,653,0,3531,307,0,0,0,0,0,01,0,0,0,0,27248456,811D002D,1048575,9309,00,03
D,27249299,929,653,0,3531,242,0,0,0,0,0,01,0,0,0,0,27249338,811D002D,1048575,10178,00,03
D,27250303,1004,653,0,3531,247,0,0,0,0,0,01,0,0,0,0,27250345,811D002D,1048575,11185,00,03
D,27251298,995,653,0,3531,239,0,0,0,0,0,01,0,0,0,0,27251334,811D002D,1048575,12174,00,03
D,27252298,1000,653,0,3531,239,0,0,0,0,0,01,0,0,0,0,27252334,811D002D,1048575,13173,00,03
D,27253297,999,653,0,3531,238,0,0,0,0,0,01,0,0,0,0,27253333,811D002D,1048575,14172,00,03
D,27254307,1010,653,0,3531,245,0,0,0,0,0,01,0,0,0,0,27254350,811D002D,1048575,15190,00,03
D,27255302,995,653,0,3531,238,0,0,0,0,0,01,0,0,0,0,27255337,811D002D,1048575,16176,00,03
D,27256325,1023,653,0,3531,263,0,0,0,0,0,01,0,0,0,0,27256401,811D002D,1048575,17249,00,03
D,27257418,1093,653,0,3531,347,0,0,0,0,0,01,0,0,0,0,27257590,811D002D,1048575,18474,00,03
D,27258484,1066,653,0,3531,416,0,0,0,0,0,01,0,0,0,0,27258599,811D002D,1048575,19459,00,03
D,27259343,859,653,0,3531,283,0,0,0,0,0,01,0,0,0,0,27259407,811D002D,1048575,20253,00,03
D,27260333,990,653,0,3531,270,0,0,0,0,0,01,0,0,0,0,27260399,811D002D,1048575,21247,00,03
D,27261338,1005,653,0,3531,273,0,0,0,0,0,01,0,0,0,0,27261401,811D002D,1048575,22249,00,03
D,27262338,1000,653,0,3531,276,0,0,0,0,0,01,0,0,0,0,27262412,811D002D,1048575,23260,00,03
D,27263342,1004,653,0,3531,276,0,0,0,0,0,01,0,0,0,0,27263404,811D002D,1048575,24249,00,03
D,27264326,984,653,0,3531,268,0,0,0,0,0,01,0,0,0,0,27264395,811D002D,1048575,25245,00,03
D,27265341,1015,653,0,3531,275,0,0,0,0,0,01,0,0,0,0,27265402,811D002D,1048575,26249,00,03
D,27266338,997,653,0,3531,277,0,0,0,0,0,01,0,0,0,0,27266411,811D002D,1048575,27258,00,03
D,27267352,1014,653,0,3531,286,0,0,0,0,0,01,0,0,0,0,27267456,811D002D,1048575,28326,00,03
D,27268366,1014,653,0,3531,302,0,0,0,0,0,01,0,0,0,0,27268456,811D002D,1048575,29310,00,03
D,27269306,940,653,0,3531,241,0,0,0,0,0,01,0,0,0,0,27269344,811D002D,1048575,30184,00,03
D,27270306,1000,653,0,3531,247,0,0,0,0,0,01,0,0,0,0,27270351,811D002D,1048575,31191,00,03
D,27271304,998,653,0,3531,237,0,0,0,0,0,01,0,0,0,0,27271341,811D002D,1048575,32180,00,03
D,27272301,997,653,0,3531,237,0,0,0,0,0,01,0,0,0,0,27272338,811D002D,1048575,33177,00,03
D,27273298,997,653,0,3531,237,0,0,0,0,0,01,0,0,0,0,27273335,811D002D,1048575,34174,00,03
D,27274311,1013,653,0,3531,244,0,0,0,0,0,01,0,0,0,0,27274355,811D002D,1048575,35194,00,03
D,27275307,996,653,0,3531,237,0,0,0,0,0,01,0,0,0,0,27275343,811D002D,1048575,36183,00,03
D,27276331,1024,653,0,3531,261,0,0,0,0,0,01,0,0,0,0,27276410,811D002D,1048575,37258,00,03
D,27277402,1071,653,0,3531,346,0,0,0,0,0,01,0,0,0,0,27277588,811D002D,1048575,38464,00,03
D,27278476,1074,653,0,3531,420,0,0,0,0,0,01,0,0,0,0,27278597,811D002D,1048575,39455,00,03
D,27279341,865,653,0,3531,281,0,0,0,0,0,01,0,0,0,0,27279400,811D002D,1048575,40245,00,03
D,27280327,986,653,0,3531,270,0,0,0,0,0,01,0,0,0,0,27280391,811D002D,1048575,41240,00,03
D,27281331,1004,653,0,3531,273,0,0,0,0,0,01,0,0,0,0,27281389,811D002D,1048575,42233,00,03
D,27282336,1005,653,0,3531,271,0,0,0,0,0,01,0,0,0,0,27282407,811D002D,1048575,43257,00,03
D,27283338,1002,653,0,3531,277,0,0,0,0,0,01,0,0,0,0,27283396,811D002D,1048575,44241,00,03
D,27284323,985,653,0,3531,266,0,0,0,0,0,01,0,0,0,0,27284389,811D002D,1048575,45238,00,03
D,27285329,1006,653,0,3531,273,0,0,0,0,0,01,0,0,0,0,27285387,811D002D,1048575,46232,00,03
D,27286339,1010,653,0,3531,273,0,0,0,0,0,01,0,0,0,0,27286411,811D002D,1048575,47260,00,03
D,27287355,1016,653,0,3531,287,0,0,0,0,0,01,0,0,0,0,27287444,811D002D,1048575,48307,00,03
D,27288366,1011,653,0,3531,301,0,0,0,0,0,01,0,0,0,0,27288455,811D002D,1048575,49308,00,03
D,27289307,941,653,0,3531,241,0,0,0,0,0,01,0,0,0,0,27289345,811D002D,1048575,0,00,03
D,27290329,1022,653,0,3531,264,0,0,0,0,0,01,0,0,0,0,27290395,811D002D,1048575,521,00,03
D,27291305,976,653,0,3531,237,0,0,0,0,0,01,0,0,0,0,27291341,811D002D,1048575,1466,00,03
D,27292304,999,653,0,3531,237,0,0,0,0,0,01,0,0,0,0,27292339,811D002D,1048575,2462,00,03
D,27293299,995,653,0,3531,236,0,0,0,0,0,01,0,0,0,0,27293333,811D002D,1048575,3456,00,03
D,27294306,1007,653,0,3531,244,0,0,0,0,0,01,0,0,0,0,27294347,811D002D,1048575,4471,00,03
D,27295303,997,653,0,3531,239,0,0,0,0,0,01,0,0,0,0,27295338,811D002D,1048575,5461,00,03
D,27296331,1028,653,0,3531,264,0,0,0,0,0,01,0,0,0,0,27296414,811D002D,1048575,6550,00,03
D,27297410,1079,653,0,3531,349,0,0,0,0,0,01,0,0,0,0,27297590,811D002D,1048575,7757,00,03
D,27298470,1060,653,0,3531,409,0,0,0,0,0,01,0,0,0,0,27298596,811D002D,1048575,8739,00,03
D,27299344,874,653,0,3531,285,0,0,0,0,0,01,0,0,0,0,27299403,811D002D,1048575,9533,00,03
D,27300329,985,653,0,3531,269,0,0,0,0,0,01,0,0,0,0,27300390,811D002D,1048575,10522,00,03
D,27301331,1002,653,0,3531,275,0,0,0,0,0,01,0,0,0,0,27301389,811D002D,1048575,11520,00,03
D,27302341,1010,653,0,3531,273,0,0,0,0,0,01,0,0,0,0,27302409,811D002D,1048575,12541,00,03
D,27303345,1004,653,0,3531,278,0,0,0,0,0,01,0,0,0,0,27303400,811D002D,1048575,13528,00,03
D,27304324,979,653,0,3531,267,0,0,0,0,0,01,0,0,0,0,27304390,811D002D,1048575,14525,00,03
D,27305344,1020,653,0,3531,277,0,0,0,0,0,01,0,0,0,0,27305400,811D002D,1048575,15529,00,03
D,27306336,992,653,0,3531,276,0,0,0,0,0,01,0,0,0,0,27306403,811D002D,1048575,16535,00,03
D,27307346,1010,653,0,3531,288,0,0,0,0,0,01,0,0,0,0,27307412,811D002D,1048575,17557,00,03
D,27308363,1017,653,0,3531,304,0,0,0,0,0,01,0,0,0,0,27308453,811D002D,1048575,18591,00,03
D,27309306,943,653,0,3531,243,0,0,0,0,0,01,0,0,0,0,27309346,811D002D,1048575,19469,00,03
D,27310307,1001,653,0,3531,246,0,0,0,0,0,01,0,0,0,0,27310348,811D002D,1048575,20472,00,03
D,27311304,997,653,0,3531,238,0,0,0,0,0,01,0,0,0,0,27311340,811D002D,1048575,21463,00,03
D,27312302,998,653,0,3531,238,0,0,0,0,0,01,0,0,0,0,27312338,811D002D,1048575,22462,00,03
D,27313301,999,653,0,3531,238,0,0,0,0,0,01,0,0,0,0,27313337,811D002D,1048575,23460,00,03
D,27314312,1011,653,0,3531,245,0,0,0,0,0,01,0,0,0,0,27314354,811D002D,1048575,24477,00,03
D,27315292,980,653,0,3531,238,0,0,0,0,0,01,0,0,0,0,27315328,811D002D,1048575,25451,00,03
D,27316333,1041,653,0,3531,261,0,0,0,0,0,01,0,0,0,0,27316409,811D002D,1048575,26542,00,03
D,27317411,1078,653,0,3531,348,0,0,0,0,0,01,0,0,0,0,27317603,811D002D,1048575,27768,00,03
D,27318473,1062,653,0,3531,418,0,0,0,0,0,01,0,0,0,0,27318600,811D002D,1048575,28744,00,03
D,27319342,869,653,0,3531,285,0,0,0,0,0,01,0,0,0,0,27319399,811D002D,1048575,29527,00,03
D,27320334,992,653,0,3531,263,0,0,0,0,0,01,0,0,0,0,27320399,811D002D,1048575,30534,00,03
D,27321345,1011,653,0,3531,276,0,0,0,0,0,01,0,0,0,0,27321399,811D002D,1048575,31528,00,03
D,27322343,998,653,0,3531,272,0,0,0,0,0,01,0,0,0,0,27322414,811D002D,1048575,32548,00,03
D,27323346,1003,653,0,3531,278,0,0,0,0,0,01,0,0,0,0,27323402,811D002D,1048575,33531,00,03
D,27324333,987,653,0,3531,263,0,0,0,0,0,01,0,0,0,0,27324400,811D002D,1048575,34535,00,03
D,27325346,1013,653,0,3531,277,0,0,0,0,0,01,0,0,0,0,27325400,811D002D,1048575,35529,00,03
D,27326329,983,653,0,3531,272,0,0,0,0,0,01,0,0,0,0,27326402,811D002D,1048575,36537,00,03
D,27327350,1021,653,0,3531,291,0,0,0,0,0,01,0,0,0,0,27327429,811D002D,1048575,37563,00,03
D,27328367,1017,653,0,3531,304,0,0,0,0,0,01,0,0,0,0,27328459,811D002D,1048575,38599,00,03
D,27329304,937,653,0,3531,243,0,0,0,0,0,01,0,0,0,0,27329342,811D002D,1048575,39466,00,03
D,27330305,1001,653,0,3531,249,0,0,0,0,0,01,0,0,0,0,27330347,811D002D,1048575,40471,00,03
D,27331301,996,653,0,3531,238,0,0,0,0,0,01,0,0,0,0,27331336,811D002D,1048575,41460,00,03
D,27332299,998,653,0,3531,238,0,0,0,0,0,01,0,0,0,0,27332335,811D002D,1048575,42458,00,03
D,27333299,1000,653,0,3531,238,0,0,0,0,0,01,0,0,0,0,27333334,811D002D,1048575,43457,00,03
D,27334312,1013,653,0,3531,245,0,0,0,0,0,01,0,0,0,0,27334355,811D002D,1048575,44479,00,03
D,27335309,997,653,0,3531,238,0,0,0,0,0,01,0,0,0,0,27335344,811D002D,1048575,45467,00,03
D,27336317,1008,653,0,3531,263,0,0,0,0,0,01,0,0,0,0,27336399,811D002D,1048575,46534,00,03
D,27337417,1100,653,0,3531,353,0,0,0,0,0,01,0,0,0,0,27337604,811D002D,1048575,47770,00,03
D,27338493,1076,653,0,3531,423,0,0,0,0,0,01,0,0,0,0,27338608,811D002D,1048575,48751,00,03
D,27339350,857,653,0,3531,279,0,0,0,0,0,01,0,0,0,0,27339414,811D002D,1048575,49547,00,03
D,27340325,975,653,0,3531,268,0,0,0,0,0,01,0,0,0,0,27340390,811D002D,1048575,1,00,03
D,27341343,1018,653,0,3531,279,0,0,0,0,0,01,0,0,0,0,27341421,811D002D,1048575,494,00,03
D,27342344,1001,653,0,3531,275,0,0,0,0,0,01,0,0,0,0,27342421,811D002D,1048575,1495,00,03
D,27343332,988,653,0,3531,275,0,0,0,0,0,01,0,0,0,0,27343394,811D002D,1048575,2466,00,03
D,27344330,998,653,0,3531,273,0,0,0,0,0,01,0,0,0,0,27344394,811D002D,1048575,3466,00,03
D,27345339,1009,653,0,3531,273,0,0,0,0,0,01,0,0,0,0,27345402,811D002D,1048575,4474,00,03
D,27346345,1006,653,0,3531,278,0,0,0,0,0,01,0,0,0,0,27346419,811D002D,1048575,5492,00,03
D,27347346,1001,653,0,3531,289,0,0,0,0,0,01,0,0,0,0,27347428,811D002D,1048575,6513,00,03
D,27348372,1026,653,0,3531,307,0,0,0,0,0,01,0,0,0,0,27348462,811D002D,1048575,7542,00,03
D,27349298,926,653,0,3531,244,0,0,0,0,0,01,0,0,0,0,27349338,811D002D,1048575,8401,00,03
D,27350301,1003,653,0,3531,246,0,0,0,0,0,01,0,0,0,0,27350343,811D002D,1048575,9407,00,03
D,27351297,996,653,0,3531,238,0,0,0,0,0,01,0,0,0,0,27351333,811D002D,1048575,10396,00,03
D,27352295,998,653,0,3531,238,0,0,0,0,0,01,0,0,0,0,27352330,811D002D,1048575,11394,00,03
D,27353295,1000,653,0,3531,238,0,0,0,0,0,01,0,0,0,0,27353330,811D002D,1048575,12394,00,03
D,27354306,1011,653,0,3531,245,0,0,0,0,0,01,0,0,0,0,27354348,811D002D,1048575,13412,00,03
D,27355301,995,653,0,3531,238,0,0,0,0,0,01,0,0,0,0,27355337,811D002D,1048575,14401,00,03
D,27356326,1025,653,0,3531,263,0,0,0,0,0,01,0,0,0,0,27356407,811D002D,1048575,15482,00,03
D,27357418,1092,653,0,3531,355,0,0,0,0,0,01,0,0,0,0,27357599,811D002D,1048575,16700,00,03
D,27358487,1069,653,0,3531,414,0,0,0,0,0,01,0,0,0,0,27358611,811D002D,1048575,17696,00,03
D,27359355,868,653,0,3531,283,0,0,0,0,0,01,0,0,0,0,27359413,811D002D,1048575,18483,00,03
D,27360317,962,653,0,3531,261,0,0,0,0,0,01,0,0,0,0,27360376,811D002D,1048575,19452,00,03
D,27361337,1020,653,0,3531,273,0,0,0,0,0,01,0,0,0,0,27361395,811D002D,1048575,20465,00,03
D,27362344,1007,653,0,3531,272,0,0,0,0,0,01,0,0,0,0,27362416,811D002D,1048575,21490,00,03
D,27363345,1001,653,0,3531,275,0,0,0,0,0,01,0,0,0,0,27363402,811D002D,1048575,22472,00,03
D,27364324,979,653,0,3531,265,0,0,0,0,0,01,0,0,0,0,27364388,811D002D,1048575,23461,00,03
D,27365333,1009,653,0,3531,274,0,0,0,0,0,01,0,0,0,0,27365390,811D002D,1048575,24460,00,03
D,27366335,1002,653,0,3531,271,0,0,0,0,0,01,0,0,0,0,27366408,811D002D,1048575,25483,00,03
D,27367351,1016,653,0,3531,287,0,0,0,0,0,01,0,0,0,0,27367435,811D002D,1048575,26520,00,03
D,27368358,1007,653,0,3531,302,0,0,0,0,0,01,0,0,0,0,27368452,811D002D,1048575,27529,00,03
D,27369303,945,653,0,3531,241,0,0,0,0,0,01,0,0,0,0,27369341,811D002D,1048575,28405,00,03
D,27370304,1001,653,0,3531,248,0,0,0,0,0,01,0,0,0,0,27370347,811D002D,1048575,29410,00,03
D,27371300,996,653,0,3531,236,0,0,0,0,0,01,0,0,0,0,27371338,811D002D,1048575,30402,00,03
D,27372299,999,653,0,3531,237,0,0,0,0,0,01,0,0,0,0,27372336,811D002D,1048575,31399,00,03
D,27373298,999,653,0,3531,237,0,0,0,0,0,01,0,0,0,0,27373334,811D002D,1048575,32397,00,03
D,27374311,1013,653,0,3531,244,0,0,0,0,0,01,0,0,0,0,27374354,811D002D,1048575,33418,00,03
D,27375295,984,653,0,3531,237,0,0,0,0,0,01,0,0,0,0,27375331,811D002D,1048575,34394,00,03
D,27376321,1026,653,0,3531,264,0,0,0,0,0,01,0,0,0,0,27376403,811D002D,1048575,35480,00,03
D,27377409,1088,653,0,3531,349,0,0,0,0,0,01,0,0,0,0,27377588,811D002D,1048575,36693,00,03
D,27378480,1071,653,0,3531,423,0,0,0,0,0,01,0,0,0,0,27378604,811D002D,1048575,37688,00,03
D,27379343,863,653,0,3531,281,0,0,0,0,0,01,0,0,0,0,27379401,811D002D,1048575,38471,00,03
D,27380333,990,653,0,3531,263,0,0,0,0,0,01,0,0,0,0,27380400,811D002D,1048575,39470,00,03
D,27381336,1003,653,0,3531,271,0,0,0,0,0,01,0,0,0,0,27381395,811D002D,1048575,40466,00,03
D,27382339,1003,653,0,3531,270,0,0,0,0,0,01,0,0,0,0,27382410,811D002D,1048575,41482,00,03
D,27383334,995,653,0,3531,276,0,0,0,0,0,01,0,0,0,0,27383390,811D002D,1048575,42459,00,03
D,27384324,990,653,0,3531,262,0,0,0,0,0,01,0,0,0,0,27384390,811D002D,1048575,43463,00,03
D,27385327,1003,653,0,3531,272,0,0,0,0,0,01,0,0,0,0,27385384,811D002D,1048575,44454,00,03
D,27386328,1001,653,0,3531,273,0,0,0,0,0,01,0,0,0,0,27386398,811D002D,1048575,45469,00,03
D,27387352,1024,653,0,3531,284,0,0,0,0,0,01,0,0,0,0,27387440,811D002D,1048575,46532,00,03
D,27388365,1013,653,0,3531,305,0,0,0,0,0,01,0,0,0,0,27388457,811D002D,1048575,47533,00,03
D,27389305,940,653,0,3531,240,0,0,0,0,0,01,0,0,0,0,27389347,811D002D,1048575,48411,00,03
D,27390307,1002,653,0,3531,246,0,0,0,0,0,01,0,0,0,0,27390352,811D002D,1048575,49416,00,03
D,27391303,996,653,0,3531,237,0,0,0,0,0,01,0,0,0,0,27391340,811D002D,1048575,1,00,03
D,27392311,1008,653,0,3531,253,0,0,0,0,0,01,0,0,0,0,27392374,811D002D,1048575,508,00,03
D,27393300,989,653,0,3531,238,0,0,0,0,0,01,0,0,0,0,27393337,811D002D,1048575,1468,00,03
D,27394312,1012,653,0,3531,243,0,0,0,0,0,01,0,0,0,0,27394356,811D002D,1048575,2486,00,03
D,27395307,995,653,0,3531,237,0,0,0,0,0,01,0,0,0,0,27395343,811D002D,1048575,3473,00,03
D,27396336,1029,653,0,3531,266,0,0,0,0,0,01,0,0,0,0,27396421,811D002D,1048575,4567,00,03
D,27397406,1070,653,0,3531,349,0,0,0,0,0,01,0,0,0,0,27397590,811D002D,1048575,5755,00,03
D,27398490,1084,653,0,3531,424,0,0,0,0,0,01,0,0,0,0,27398607,811D002D,1048575,6758,00,03
D,27399352,862,653,0,3531,282,0,0,0,0,0,01,0,0,0,0,27399413,811D002D,1048575,7548,00,03
D,27400324,972,653,0,3531,269,0,0,0,0,0,01,0,0,0,0,27400391,811D002D,1048575,8532,00,03
D,27401336,1012,653,0,3531,277,0,0,0,0,0,01,0,0,0,0,27401397,811D002D,1048575,9532,00,03
D,27402332,996,653,0,3531,275,0,0,0,0,0,01,0,0,0,0,27402404,811D002D,1048575,10544,00,03
D,27403336,1004,653,0,3531,278,0,0,0,0,0,01,0,0,0,0,27403397,811D002D,1048575,11532,00,03
D,27404325,989,653,0,3531,269,0,0,0,0,0,01,0,0,0,0,27404391,811D002D,1048575,12532,00,03
D,27405340,1015,653,0,3531,277,0,0,0,0,0,01,0,0,0,0,27405400,811D002D,1048575,13534,00,03
D,27406336,996,653,0,3531,277,0,0,0,0,0,01,0,0,0,0,27406410,811D002D,1048575,14550,00,03
D,27407358,1022,653,0,3531,290,0,0,0,0,0,01,0,0,0,0,27407443,811D002D,1048575,15591,00,03
D,27408368,1010,653,0,3531,303,0,0,0,0,0,01,0,0,0,0,27408459,811D002D,1048575,16603,00,03
D,27409312,944,653,0,3531,244,0,0,0,0,0,01,0,0,0,0,27409350,811D002D,1048575,17479,00,03
D,27410310,998,653,0,3531,249,0,0,0,0,0,01,0,0,0,0,27410353,811D002D,1048575,18483,00,03
D,27411307,997,653,0,3531,239,0,0,0,0,0,01,0,0,0,0,27411342,811D002D,1048575,19472,00,03
D,27412304,997,653,0,3531,238,0,0,0,0,0,01,0,0,0,0,27412340,811D002D,1048575,20469,00,03
D,27413302,998,653,0,3531,239,0,0,0,0,0,01,0,0,0,0,27413337,811D002D,1048575,21466,00,03
D,27414312,1010,653,0,3531,245,0,0,0,0,0,01,0,0,0,0,27414355,811D002D,1048575,22485,00,03
D,27415308,996,653,0,3531,238,0,0,0,0,0,01,0,0,0,0,27415344,811D002D,1048575,23473,00,03
D,27416318,1010,653,0,3531,264,0,0,0,0,0,01,0,0,0,0,27416402,811D002D,1048575,24544,00,03
D,27417412,1094,653,0,3531,355,0,0,0,0,0,01,0,0,0,0,27417592,811D002D,1048575,25760,00,03
D,27418477,1065,653,0,3531,421,0,0,0,0,0,01,0,0,0,0,27418601,811D002D,1048575,26750,00,03
D,27419340,863,653,0,3531,280,0,0,0,0,0,01,0,0,0,0,27419398,811D002D,1048575,27536,00,03
D,27420319,979,653,0,3531,264,0,0,0,0,0,01,0,0,0,0,27420377,811D002D,1048575,28518,00,03
D,27421341,1022,653,0,3531,273,0,0,0,0,0,01,0,0,0,0,27421399,811D002D,1048575,29536,00,03
D,27422333,992,653,0,3531,273,0,0,0,0,0,01,0,0,0,0,27422402,811D002D,1048575,30541,00,03
D,27423344,1011,653,0,3531,276,0,0,0,0,0,01,0,0,0,0,27423401,811D002D,1048575,31537,00,03
D,27424327,983,653,0,3531,266,0,0,0,0,0,01,0,0,0,0,27424392,811D002D,1048575,32532,00,03
D,27425333,1006,653,0,3531,275,0,0,0,0,0,01,0,0,0,0,27425390,811D002D,1048575,33528,00,03
D,27426342,1009,653,0,3531,277,0,0,0,0,0,01,0,0,0,0,27426412,811D002D,1048575,34548,00,03
D,27427346,1004,653,0,3531,284,0,0,0,0,0,01,0,0,0,0,27427434,811D002D,1048575,35592,00,03
D,27428365,1019,653,0,3531,306,0,0,0,0,0,01,0,0,0,0,27428456,811D002D,1048575,36600,00,03
D,27429310,945,653,0,3531,242,0,0,0,0,0,01,0,0,0,0,27429349,811D002D,1048575,37478,00,03
D,27430309,999,653,0,3531,249,0,0,0,0,0,01,0,0,0,0,27430352,811D002D,1048575,38482,00,03
D,27431304,995,653,0,3531,238,0,0,0,0,0,01,0,0,0,0,27431341,811D002D,1048575,39470,00,03
D,27432302,998,653,0,3531,238,0,0,0,0,0,01,0,0,0,0,27432339,811D002D,1048575,40469,00,03
D,27433301,999,653,0,3531,238,0,0,0,0,0,01,0,0,0,0,27433338,811D002D,1048575,41468,00,03
D,27434313,1012,653,0,3531,244,0,0,0,0,0,01,0,0,0,0,27434356,811D002D,1048575,42486,00,03
D,27435308,995,653,0,3531,238,0,0,0,0,0,01,0,0,0,0,27435345,811D002D,1048575,43475,00,03
D,27436317,1009,653,0,3531,264,0,0,0,0,0,01,0,0,0,0,27436398,811D002D,1048575,44536,00,03
D,27437415,1098,653,0,3531,351,0,0,0,0,0,01,0,0,0,0,27437593,811D002D,1048575,45760,00,03
D,27438494,1079,653,0,3531,422,0,0,0,0,0,01,0,0,0,0,27438604,811D002D,1048575,46754,00,03
D,27439344,850,653,0,3531,281,0,0,0,0,0,01,0,0,0,0,27439406,811D002D,1048575,47541,00,03
D,27440326,982,653,0,3531,263,0,0,0,0,0,01,0,0,0,0,27440391,811D002D,1048575,48531,00,03
D,27441337,1011,653,0,3531,276,0,0,0,0,0,01,0,0,0,0,27441393,811D002D,1048575,49528,00,03
D,27442344,1007,653,0,3531,275,0,0,0,0,0,01,0,0,0,0,27442415,811D002D,1048575,1,00,03
D,27443333,989,653,0,3531,274,0,0,0,0,0,01,0,0,0,0,27443407,811D002D,1048575,450,00,03
D,27444337,1004,653,0,3531,270,0,0,0,0,0,01,0,0,0,0,27444406,811D002D,1048575,1456,00,03
D,27445342,1005,653,0,3531,276,0,0,0,0,0,01,0,0,0,0,27445402,811D002D,1048575,2445,00,03
D,27446342,1000,653,0,3531,274,0,0,0,0,0,01,0,0,0,0,27446415,811D002D,1048575,3463,00,03
D,27447360,1018,653,0,3531,291,0,0,0,0,0,01,0,0,0,0,27447454,811D002D,1048575,4514,00,03
D,27448372,1012,653,0,3531,307,0,0,0,0,0,01,0,0,0,0,27448465,811D002D,1048575,5518,00,03
D,27449304,932,653,0,3531,244,0,0,0,0,0,01,0,0,0,0,27449344,811D002D,1048575,6382,00,03
D,27450307,1003,653,0,3531,249,0,0,0,0,0,01,0,0,0,0,27450350,811D002D,1048575,7387,00,03
D,27451301,994,653,0,3531,238,0,0,0,0,0,01,0,0,0,0,27451338,811D002D,1048575,8376,00,03
D,27452301,1000,653,0,3531,239,0,0,0,0,0,01,0,0,0,0,27452338,811D002D,1048575,9375,00,03
D,27453299,998,653,0,3531,238,0,0,0,0,0,01,0,0,0,0,27453335,811D002D,1048575,10373,00,03
D,27454312,1013,653,0,3531,244,0,0,0,0,0,01,0,0,0,0,27454355,811D002D,1048575,11393,00,03
D,27455306,994,653,0,3531,238,0,0,0,0,0,01,0,0,0,0,27455343,811D002D,1048575,12380,00,03
D,27456335,1029,653,0,3531,263,0,0,0,0,0,01,0,0,0,0,27456417,811D002D,1048575,13475,00,03
D,27457410,1075,653,0,3531,350,0,0,0,0,0,01,0,0,0,0,27457581,811D002D,1048575,14663,00,03
D,27458481,1071,653,0,3531,423,0,0,0,0,0,01,0,0,0,0,27458609,811D002D,1048575,15667,00,03
D,27459354,873,653,0,3531,285,0,0,0,0,0,01,0,0,0,0,27459413,811D002D,1048575,16456,00,03
D,27460324,970,653,0,3531,269,0,0,0,0,0,01,0,0,0,0,27460388,811D002D,1048575,17435,00,03
D,27461345,1021,653,0,3531,275,0,0,0,0,0,01,0,0,0,0,27461405,811D002D,1048575,18449,00,03
D,27462334,989,653,0,3531,274,0,0,0,0,0,01,0,0,0,0,27462404,811D002D,1048575,19450,00,03
D,27463333,999,653,0,3531,276,0,0,0,0,0,01,0,0,0,0,27463391,811D002D,1048575,20433,00,03
D,27464327,994,653,0,3531,267,0,0,0,0,0,01,0,0,0,0,27464392,811D002D,1048575,21441,00,03
D,27465338,1011,653,0,3531,275,0,0,0,0,0,01,0,0,0,0,27465397,811D002D,1048575,22440,00,03
D,27466332,994,653,0,3531,277,0,0,0,0,0,01,0,0,0,0,27466401,811D002D,1048575,23447,00,03
D,27467359,1027,653,0,3531,289,0,0,0,0,0,01,0,0,0,0,27467455,811D002D,1048575,24521,00,03
D,27468362,1003,653,0,3531,302,0,0,0,0,0,01,0,0,0,0,27468451,811D002D,1048575,25502,00,03
D,27469304,942,653,0,3531,242,0,0,0,0,0,01,0,0,0,0,27469342,811D002D,1048575,26379,00,03
D,27470306,1002,653,0,3531,248,0,0,0,0,0,01,0,0,0,0,27470351,811D002D,1048575,27389,00,03
D,27471303,997,653,0,3531,238,0,0,0,0,0,01,0,0,0,0,27471340,811D002D,1048575,28377,00,03
D,27472299,996,653,0,3531,238,0,0,0,0,0,01,0,0,0,0,27472337,811D002D,1048575,29375,00,03
D,27473298,999,653,0,3531,238,0,0,0,0,0,01,0,0,0,0,27473335,811D002D,1048575,30373,00,03
D,27474312,1014,653,0,3531,245,0,0,0,0,0,01,0,0,0,0,27474356,811D002D,1048575,31394,00,03
D,27475307,995,653,0,3531,238,0,0,0,0,0,01,0,0,0,0,27475344,811D002D,1048575,32382,00,03
D,27476332,1025,653,0,3531,263,0,0,0,0,0,01,0,0,0,0,27476414,811D002D,1048575,33466,00,03
D,27477412,1080,653,0,3531,353,0,0,0,0,0,01,0,0,0,0,27477590,811D002D,1048575,34668,00,03
D,27478477,1065,653,0,3531,418,0,0,0,0,0,01,0,0,0,0,27478596,811D002D,1048575,35652,00,03
D,27479340,863,653,0,3531,282,0,0,0,0,0,01,0,0,0,0,27479403,811D002D,1048575,36446,00,03
D,27480329,989,653,0,3531,270,0,0,0,0,0,01,0,0,0,0,27480393,811D002D,1048575,37441,00,03
D,27481336,1007,653,0,3531,275,0,0,0,0,0,01,0,0,0,0,27481392,811D002D,1048575,38435,00,03
D,27482345,1009,653,0,3531,275,0,0,0,0,0,01,0,0,0,0,27482415,811D002D,1048575,39463,00,03
D,27483345,1000,653,0,3531,277,0,0,0,0,0,01,0,0,0,0,27483403,811D002D,1048575,40446,00,03
D,27484329,984,653,0,3531,267,0,0,0,0,0,01,0,0,0,0,27484392,811D002D,1048575,41440,00,03
D,27485332,1003,653,0,3531,274,0,0,0,0,0,01,0,0,0,0,27485389,811D002D,1048575,42432,00,03
D,27486340,1008,653,0,3531,275,0,0,0,0,0,01,0,0,0,0,27486411,811D002D,1048575,43458,00,03
D,27487355,1015,653,0,3531,288,0,0,0,0,0,01,0,0,0,0,27487442,811D002D,1048575,44503,00,03
D,27488369,1014,653,0,3531,302,0,0,0,0,0,01,0,0,0,0,27488461,811D002D,1048575,45511,00,03
D,27489313,944,653,0,3531,243,0,0,0,0,0,01,0,0,0,0,27489352,811D002D,1048575,46389,00,03
D,27490315,1002,653,0,3531,249,0,0,0,0,0,01,0,0,0,0,27490357,811D002D,1048575,47395,00,03
D,27491296,981,653,0,3531,238,0,0,0,0,0,01,0,0,0,0,27491333,811D002D,1048575,48370,00,03
D,27492298,1002,653,0,3531,238,0,0,0,0,0,01,0,0,0,0,27492335,811D002D,1048575,49372,00,03
D,27493298,1000,653,0,3531,238,0,0,0,0,0,01,0,0,0,0,27493335,811D002D,1048575,1,00,03
D,27494325,1027,653,0,3531,260,0,0,0,0,0,01,0,0,0,0,27494391,811D002D,1048575,528,00,03
D,27495308,983,653,0,3531,239,0,0,0,0,0,01,0,0,0,0,27495345,811D002D,1048575,1481,00,03
D,27496340,1032,653,0,3531,270,0,0,0,0,0,01,0,0,0,0,27496428,811D002D,1048575,2593,00,03
D,27497405,1065,653,0,3531,349,0,0,0,0,0,01,0,0,0,0,27497563,811D002D,1048575,3731,00,03
D,27498481,1076,653,0,3531,411,0,0,0,0,0,01,0,0,0,0,27498603,811D002D,1048575,4757,00,03
D,27499348,867,653,0,3531,284,0,0,0,0,0,01,0,0,0,0,27499413,811D002D,1048575,5555,00,03
D,27500327,979,653,0,3531,271,0,0,0,0,0,01,0,0,0,0,27500392,811D002D,1048575,6538,00,03
D,27501338,1011,653,0,3531,276,0,0,0,0,0,01,0,0,0,0,27501398,811D002D,1048575,7539,00,03
D,27502335,997,653,0,3531,277,0,0,0,0,0,01,0,0,0,0,27502407,811D002D,1048575,8553,00,03
D,27503343,1008,653,0,3531,277,0,0,0,0,0,01,0,0,0,0,27503404,811D002D,1048575,9544,00,03
D,27504329,986,653,0,3531,270,0,0,0,0,0,01,0,0,0,0,27504396,811D002D,1048575,10542,00,03
D,27505343,1014,653,0,3531,276,0,0,0,0,0,01,0,0,0,0,27505404,811D002D,1048575,11545,00,03
D,27506340,997,653,0,3531,277,0,0,0,0,0,01,0,0,0,0,27506413,811D002D,1048575,12558,00,03
D,27507360,1020,653,0,3531,290,0,0,0,0,0,01,0,0,0,0,27507449,811D002D,1048575,13609,00,03
D,27508366,1006,653,0,3531,307,0,0,0,0,0,01,0,0,0,0,27508456,811D002D,1048575,14606,00,03
D,27509312,946,653,0,3531,241,0,0,0,0,0,01,0,0,0,0,27509350,811D002D,1048575,15484,00,03
D,27510313,1001,653,0,3531,251,0,0,0,0,0,01,0,0,0,0,27510354,811D002D,1048575,16489,00,03
D,27511308,995,653,0,3531,238,0,0,0,0,0,01,0,0,0,0,27511343,811D002D,1048575,17478,00,03
D,27512307,999,653,0,3531,238,0,0,0,0,0,01,0,0,0,0,27512343,811D002D,1048575,18478,00,03
D,27513306,999,653,0,3531,237,0,0,0,0,0,01,0,0,0,0,27513342,811D002D,1048575,19477,00,03
D,27514315,1009,653,0,3531,245,0,0,0,0,0,01,0,0,0,0,27514357,811D002D,1048575,20491,00,03
D,27515296,981,653,0,3531,238,0,0,0,0,0,01,0,0,0,0,27515331,811D002D,1048575,21466,00,03
D,27516321,1025,653,0,3531,263,0,0,0,0,0,01,0,0,0,0,27516402,811D002D,1048575,22545,00,03
D,27517414,1093,653,0,3531,353,0,0,0,0,0,01,0,0,0,0,27517592,811D002D,1048575,23765,00,03
D,27518488,1074,653,0,3531,425,0,0,0,0,0,01,0,0,0,0,27518604,811D002D,1048575,24759,00,03
D,27519348,860,653,0,3531,282,0,0,0,0,0,01,0,0,0,0,27519409,811D002D,1048575,25549,00,03
D,27520339,991,653,0,3531,270,0,0,0,0,0,01,0,0,0,0,27520404,811D002D,1048575,26550,00,03
D,27521332,993,653,0,3531,277,0,0,0,0,0,01,0,0,0,0,27521391,811D002D,1048575,27533,00,03
D,27522348,1016,653,0,3531,277,0,0,0,0,0,01,0,0,0,0,27522422,811D002D,1048575,28567,00,03
D,27523336,988,653,0,3531,279,0,0,0,0,0,01,0,0,0,0,27523396,811D002D,1048575,29537,00,03
D,27524338,1002,653,0,3531,269,0,0,0,0,0,01,0,0,0,0,27524404,811D002D,1048575,30550,00,03
D,27525349,1011,653,0,3531,277,0,0,0,0,0,01,0,0,0,0,27525409,811D002D,1048575,31550,00,03
D,27526345,996,653,0,3531,275,0,0,0,0,0,01,0,0,0,0,27526419,811D002D,1048575,32565,00,03
D,27527345,1000,653,0,3531,290,0,0,0,0,0,01,0,0,0,0,27527427,811D002D,1048575,33583,00,03
D,27528365,1020,653,0,3531,306,0,0,0,0,0,01,0,0,0,0,27528458,811D002D,1048575,34608,00,03
D,27529301,936,653,0,3531,243,0,0,0,0,0,01,0,0,0,0,27529338,811D002D,1048575,35473,00,03
D,27530315,1014,653,0,3531,249,0,0,0,0,0,01,0,0,0,0,27530358,811D002D,1048575,36492,00,03
D,27531298,983,653,0,3531,238,0,0,0,0,0,01,0,0,0,0,27531334,811D002D,1048575,37468,00,03
D,27532298,1000,653,0,3531,238,0,0,0,0,0,01,0,0,0,0,27532334,811D002D,1048575,38468,00,03
D,27533298,1000,653,0,3531,238,0,0,0,0,0,01,0,0,0,0,27533334,811D002D,1048575,39468,00,03
D,27534312,1014,653,0,3531,244,0,0,0,0,0,01,0,0,0,0,27534355,811D002D,1048575,40490,00,03
D,27535296,984,653,0,3531,238,0,0,0,0,0,01,0,0,0,0,27535331,811D002D,1048575,41466,00,03
D,27536323,1027,653,0,3531,265,0,0,0,0,0,01,0,0,0,0,27536406,811D002D,1048575,42551,00,03
D,27537420,1097,653,0,3531,356,0,0,0,0,0,01,0,0,0,0,27537597,811D002D,1048575,43772,00,03
D,27538477,1057,653,0,3531,418,0,0,0,0,0,01,0,0,0,0,27538607,811D002D,1048575,44761,00,03
D,27539340,863,653,0,3531,285,0,0,0,0,0,01,0,0,0,0,27539398,811D002D,1048575,45538,00,03
D,27540332,992,653,0,3531,266,0,0,0,0,0,01,0,0,0,0,27540394,811D002D,1048575,46538,00,03
D,27541336,1004,653,0,3531,275,0,0,0,0,0,01,0,0,0,0,27541391,811D002D,1048575,47533,00,03
D,27542333,997,653,0,3531,270,0,0,0,0,0,01,0,0,0,0,27542402,811D002D,1048575,48545,00,03
D,27543348,1015,653,0,3531,277,0,0,0,0,0,01,0,0,0,0,27543402,811D002D,1048575,49541,00,03
D,27544334,986,653,0,3531,263,0,0,0,0,0,01,0,0,0,0,27544399,811D002D,1048575,1,00,03
D,27545337,1003,653,0,3531,280,0,0,0,0,0,01,0,0,0,0,27545413,811D002D,1048575,471,00,03
D,27546336,999,653,0,3531,276,0,0,0,0,0,01,0,0,0,0,27546409,811D002D,1048575,1472,00,03
D,27547353,1017,653,0,3531,289,0,0,0,0,0,01,0,0,0,0,27547437,811D002D,1048575,2513,00,03
D,27548372,1019,653,0,3531,308,0,0,0,0,0,01,0,0,0,0,27548459,811D002D,1048575,3527,00,03
D,27549303,931,653,0,3531,243,0,0,0,0,0,01,0,0,0,0,27549343,811D002D,1048575,4396,00,03
D,27550307,1004,653,0,3531,246,0,0,0,0,0,01,0,0,0,0,27550348,811D002D,1048575,5402,00,03
D,27551303,996,653,0,3531,238,0,0,0,0,0,01,0,0,0,0,27551339,811D002D,1048575,6392,00,03
D,27552301,998,653,0,3531,238,0,0,0,0,0,01,0,0,0,0,27552337,811D002D,1048575,7391,00,03
D,27553300,999,653,0,3531,238,0,0,0,0,0,01,0,0,0,0,27553336,811D002D,1048575,8389,00,03
D,27554313,1013,653,0,3531,244,0,0,0,0,0,01,0,0,0,0,27554355,811D002D,1048575,9409,00,03
D,27555308,995,653,0,3531,238,0,0,0,0,0,01,0,0,0,0,27555344,811D002D,1048575,10397,00,03
D,27556319,1011,653,0,3531,259,0,0,0,0,0,01,0,0,0,0,27556394,811D002D,1048575,11456,00,03
D,27557426,1107,653,0,3531,354,0,0,0,0,0,01,0,0,0,0,27557600,811D002D,1048575,12700,00,03
D,27558474,1048,653,0,3531,418,0,0,0,0,0,01,0,0,0,0,27558593,811D002D,1048575,13666,00,03
D,27559354,880,653,0,3531,284,0,0,0,0,0,01,0,0,0,0,27559413,811D002D,1048575,14474,00,03
D,27560336,982,653,0,3531,265,0,0,0,0,0,01,0,0,0,0,27560398,811D002D,1048575,15459,00,03
D,27561339,1003,653,0,3531,274,0,0,0,0,0,01,0,0,0,0,27561399,811D002D,1048575,16461,00,03
D,27562332,993,653,0,3531,274,0,0,0,0,0,01,0,0,0,0,27562401,811D002D,1048575,17463,00,03
D,27563345,1013,653,0,3531,275,0,0,0,0,0,01,0,0,0,0,27563403,811D002D,1048575,18463,00,03
D,27564327,982,653,0,3531,266,0,0,0,0,0,01,0,0,0,0,27564392,811D002D,1048575,19457,00,03
D,27565336,1009,653,0,3531,275,0,0,0,0,0,01,0,0,0,0,27565393,811D002D,1048575,20452,00,03
D,27566342,1006,653,0,3531,273,0,0,0,0,0,01,0,0,0,0,27566411,811D002D,1048575,21474,00,03
D,27567352,1010,653,0,3531,287,0,0,0,0,0,01,0,0,0,0,27567444,811D002D,1048575,22525,00,03
D,27568362,1010,653,0,3531,303,0,0,0,0,0,01,0,0,0,0,27568453,811D002D,1048575,23521,00,03
D,27569307,945,653,0,3531,242,0,0,0,0,0,01,0,0,0,0,27569345,811D002D,1048575,24399,00,03
D,27570310,1003,653,0,3531,250,0,0,0,0,0,01,0,0,0,0,27570352,811D002D,1048575,25405,00,03
D,27571306,996,653,0,3531,239,0,0,0,0,0,01,0,0,0,0,27571342,811D002D,1048575,26396,00,03
D,27572304,998,653,0,3531,239,0,0,0,0,0,01,0,0,0,0,27572339,811D002D,1048575,27393,00,03
D,27573301,997,653,0,3531,238,0,0,0,0,0,01,0,0,0,0,27573337,811D002D,1048575,28390,00,03
D,27574312,1011,653,0,3531,245,0,0,0,0,0,01,0,0,0,0,27574354,811D002D,1048575,29408,00,03
D,27575308,996,653,0,3531,238,0,0,0,0,0,01,0,0,0,0,27575344,811D002D,1048575,30397,00,03
D,27576330,1022,653,0,3531,261,0,0,0,0,0,01,0,0,0,0,27576408,811D002D,1048575,31472,00,03
D,27577417,1087,653,0,3531,345,0,0,0,0,0,01,0,0,0,0,27577591,811D002D,1048575,32683,00,03
D,27578498,1081,653,0,3531,429,0,0,0,0,0,01,0,0,0,0,27578611,811D002D,1048575,33687,00,03
D,27579357,859,653,0,3531,285,0,0,0,0,0,01,0,0,0,0,27579419,811D002D,1048575,34478,00,03
D,27580329,972,653,0,3531,270,0,0,0,0,0,01,0,0,0,0,27580396,811D002D,1048575,35461,00,03
D,27581343,1014,653,0,3531,277,0,0,0,0,0,01,0,0,0,0,27581403,811D002D,1048575,36461,00,03
D,27582337,994,653,0,3531,276,0,0,0,0,0,01,0,0,0,0,27582411,811D002D,1048575,37476,00,03
D,27583347,1010,653,0,3531,278,0,0,0,0,0,01,0,0,0,0,27583408,811D002D,1048575,38466,00,03
D,27584337,990,653,0,3531,270,0,0,0,0,0,01,0,0,0,0,27584404,811D002D,1048575,39468,00,03
D,27585349,1012,653,0,3531,277,0,0,0,0,0,01,0,0,0,0,27585410,811D002D,1048575,40469,00,03
D,27586345,996,653,0,3531,277,0,0,0,0,0,01,0,0,0,0,27586417,811D002D,1048575,41481,00,03
D,27587358,1013,653,0,3531,288,0,0,0,0,0,01,0,0,0,0,27587443,811D002D,1048575,42513,00,03
D,27588370,1012,653,0,3531,303,0,0,0,0,0,01,0,0,0,0,27588460,811D002D,1048575,43529,00,03
D,27589307,937,653,0,3531,245,0,0,0,0,0,01,0,0,0,0,27589343,811D002D,1048575,44397,00,03
D,27590310,1003,653,0,3531,250,0,0,0,0,0,01,0,0,0,0,27590352,811D002D,1048575,45406,00,03
D,27591306,996,653,0,3531,238,0,0,0,0,0,01,0,0,0,0,27591341,811D002D,1048575,46394,00,03
D,27592304,998,653,0,3531,239,0,0,0,0,0,01,0,0,0,0,27592338,811D002D,1048575,47392,00,03
D,27593303,999,653,0,3531,239,0,0,0,0,0,01,0,0,0,0,27593337,811D002D,1048575,48391,00,03
D,27594315,1012,653,0,3531,245,0,0,0,0,0,01,0,0,0,0,27594356,811D002D,1048575,49410,00,03
D,27595296,981,653,0,3531,238,0,0,0,0,0,01,0,0,0,0,27595331,811D002D,1048575,1,00,03
D,27596339,1043,653,0,3531,274,0,0,0,0,0,01,0,0,0,0,27596431,811D002D,1048575,579,00,03
D,27597405,1066,653,0,3531,346,0,0,0,0,0,01,0,0,0,0,27597584,811D002D,1048575,1766,00,03
D,27598468,1063,653,0,3531,406,0,0,0,0,0,01,0,0,0,0,27598597,811D002D,1048575,2759,00,03
D,27599356,888,653,0,3531,290,0,0,0,0,0,01,0,0,0,0,27599419,811D002D,1048575,3562,00,03
D,27600329,973,653,0,3531,268,0,0,0,0,0,01,0,0,0,0,27600391,811D002D,1048575,4540,00,03
D,27601335,1006,653,0,3531,277,0,0,0,0,0,01,0,0,0,0,27601396,811D002D,1048575,5539,00,03
D,27602332,997,653,0,3531,272,0,0,0,0,0,01,0,0,0,0,27602400,811D002D,1048575,6548,00,03
D,27603350,1018,653,0,3531,279,0,0,0,0,0,01,0,0,0,0,27603409,811D002D,1048575,7552,00,03
D,27604340,990,653,0,3531,270,0,0,0,0,0,01,0,0,0,0,27604406,811D002D,1048575,8555,00,03
D,27605337,997,653,0,3531,277,0,0,0,0,0,01,0,0,0,0,27605396,811D002D,1048575,9538,00,03
D,27606336,999,653,0,3531,275,0,0,0,0,0,01,0,0,0,0,27606408,811D002D,1048575,10557,00,03
D,27607359,1023,653,0,3531,290,0,0,0,0,0,01,0,0,0,0,27607422,811D002D,1048575,11574,00,03
D,27608375,1016,653,0,3531,305,0,0,0,0,0,01,0,0,0,0,27608468,811D002D,1048575,12622,00,03
D,27609313,938,653,0,3531,246,0,0,0,0,0,01,0,0,0,0,27609352,811D002D,1048575,13489,00,03
D,27610312,999,653,0,3531,245,0,0,0,0,0,01,0,0,0,0,27610355,811D002D,1048575,14492,00,03
D,27611291,979,653,0,3531,238,0,0,0,0,0,01,0,0,0,0,27611327,811D002D,1048575,15465,00,03
D,27612308,1017,653,0,3531,238,0,0,0,0,0,01,0,0,0,0,27612344,811D002D,1048575,16481,00,03
D,27613308,1000,653,0,3531,238,0,0,0,0,0,01,0,0,0,0,27613344,811D002D,1048575,17481,00,03
D,27614301,993,653,0,3531,245,0,0,0,0,0,01,0,0,0,0,27614344,811D002D,1048575,18482,00,03
D,27615299,998,653,0,3531,239,0,0,0,0,0,01,0,0,0,0,27615334,811D002D,1048575,19471,00,03
D,27616325,1026,653,0,3531,261,0,0,0,0,0,01,0,0,0,0,27616405,811D002D,1048575,20553,00,03
D,27617412,1087,653,0,3531,353,0,0,0,0,0,01,0,0,0,0,27617601,811D002D,1048575,21784,00,03
D,27618477,1065,653,0,3531,418,0,0,0,0,0,01,0,0,0,0,27618599,811D002D,1048575,22757,00,03
D,27619343,866,653,0,3531,281,0,0,0,0,0,01,0,0,0,0,27619403,811D002D,1048575,23549,00,03
D,27620328,985,653,0,3531,268,0,0,0,0,0,01,0,0,0,0,27620390,811D002D,1048575,24537,00,03
D,27621332,1004,653,0,3531,274,0,0,0,0,0,01,0,0,0,0,27621389,811D002D,1048575,25535,00,03
D,27622342,1010,653,0,3531,273,0,0,0,0,0,01,0,0,0,0,27622411,811D002D,1048575,26558,00,03
D,27623345,1003,653,0,3531,276,0,0,0,0,0,01,0,0,0,0,27623403,811D002D,1048575,27546,00,03
D,27624327,982,653,0,3531,267,0,0,0,0,0,01,0,0,0,0,27624391,811D002D,1048575,28540,00,03
D,27625339,1012,653,0,3531,276,0,0,0,0,0,01,0,0,0,0,27625397,811D002D,1048575,29541,00,03
D,27626331,992,653,0,3531,275,0,0,0,0,0,01,0,0,0,0,27626401,811D002D,1048575,30547,00,03
D,27627359,1028,653,0,3531,289,0,0,0,0,0,01,0,0,0,0,27627453,811D002D,1048575,31617,00,03
D,27628362,1003,653,0,3531,306,0,0,0,0,0,01,0,0,0,0,27628452,811D002D,1048575,32604,00,03
D,27629307,945,653,0,3531,242,0,0,0,0,0,01,0,0,0,0,27629346,811D002D,1048575,33483,00,03
D,27630308,1001,653,0,3531,248,0,0,0,0,0,01,0,0,0,0,27630351,811D002D,1048575,34489,00,03
D,27631303,995,653,0,3531,238,0,0,0,0,0,01,0,0,0,0,27631340,811D002D,1048575,35477,00,03
D,27632301,998,653,0,3531,238,0,0,0,0,0,01,0,0,0,0,27632338,811D002D,1048575,36476,00,03
D,27633300,999,653,0,3531,238,0,0,0,0,0,01,0,0,0,0,27633337,811D002D,1048575,37474,00,03
D,27634313,1013,653,0,3531,245,0,0,0,0,0,01,0,0,0,0,27634356,811D002D,1048575,38494,00,03
D,27635307,994,653,0,3531,238,0,0,0,0,0,01,0,0,0,0,27635344,811D002D,1048575,39482,00,03
D,27636332,1025,653,0,3531,261,0,0,0,0,0,01,0,0,0,0,27636411,811D002D,1048575,40558,00,03
D,27637419,1087,653,0,3531,348,0,0,0,0,0,01,0,0,0,0,27637597,811D002D,1048575,41774,00,03
D,27638480,1061,653,0,3531,421,0,0,0,0,0,01,0,0,0,0,27638600,811D002D,1048575,42759,00,03
D,27639349,869,653,0,3531,285,0,0,0,0,0,01,0,0,0,0,27639405,811D002D,1048575,43547,00,03
D,27640316,967,653,0,3531,260,0,0,0,0,0,01,0,0,0,0,27640376,811D002D,1048575,44528,00,03
D,27641344,1028,653,0,3531,277,0,0,0,0,0,01,0,0,0,0,27641399,811D002D,1048575,45542,00,03
D,27642325,981,653,0,3531,270,0,0,0,0,0,01,0,0,0,0,27642399,811D002D,1048575,46547,00,03
D,27643336,1011,653,0,3531,279,0,0,0,0,0,01,0,0,0,0,27643391,811D002D,1048575,47534,00,03
D,27644328,992,653,0,3531,264,0,0,0,0,0,01,0,0,0,0,27644392,811D002D,1048575,48541,00,03
D,27645341,1013,653,0,3531,276,0,0,0,0,0,01,0,0,0,0,27645396,811D002D,1048575,49538,00,03
D,27646341,1000,653,0,3531,272,0,0,0,0,0,01,0,0,0,0,27646412,811D002D,1048575,1,00,03
D,27647356,1015,653,0,3531,299,0,0,0,0,0,01,0,0,0,0,27647471,811D002D,1048575,534,00,03
D,27648371,1015,653,0,3531,305,0,0,0,0,0,01,0,0,0,0,27648458,811D002D,1048575,1513,00,03
D,27649308,937,653,0,3531,245,0,0,0,0,0,01,0,0,0,0,27649347,811D002D,1048575,2386,00,03
D,27650308,1000,653,0,3531,246,0,0,0,0,0,01,0,0,0,0,27650350,811D002D,1048575,3390,00,03
D,27651300,992,653,0,3531,238,0,0,0,0,0,01,0,0,0,0,27651337,811D002D,1048575,4377,00,03
D,27652299,999,653,0,3531,238,0,0,0,0,0,01,0,0,0,0,27652336,811D002D,1048575,5375,00,03
D,27653297,998,653,0,3531,238,0,0,0,0,0,01,0,0,0,0,27653334,811D002D,1048575,6373,00,03
D,27654315,1018,653,0,3531,245,0,0,0,0,0,01,0,0,0,0,27654358,811D002D,1048575,7398,00,03
D,27655308,993,653,0,3531,238,0,0,0,0,0,01,0,0,0,0,27655345,811D002D,1048575,8384,00,03
D,27656319,1011,653,0,3531,259,0,0,0,0,0,01,0,0,0,0,27656399,811D002D,1048575,9449,00,03
D,27657412,1093,653,0,3531,353,0,0,0,0,0,01,0,0,0,0,27657581,811D002D,1048575,10663,00,03
D,27658473,1061,653,0,3531,416,0,0,0,0,0,01,0,0,0,0,27658594,811D002D,1048575,11656,00,03
D,27659346,873,653,0,3531,287,0,0,0,0,0,01,0,0,0,0,27659404,811D002D,1048575,12449,00,03
D,27660322,976,653,0,3531,265,0,0,0,0,0,01,0,0,0,0,27660385,811D002D,1048575,13432,00,03
D,27661338,1016,653,0,3531,270,0,0,0,0,0,01,0,0,0,0,27661396,811D002D,1048575,14443,00,03
D,27662337,999,653,0,3531,270,0,0,0,0,0,01,0,0,0,0,27662405,811D002D,1048575,15452,00,03
D,27663334,997,653,0,3531,278,0,0,0,0,0,01,0,0,0,0,27663390,811D002D,1048575,16434,00,03
D,27664322,988,653,0,3531,263,0,0,0,0,0,01,0,0,0,0,27664388,811D002D,1048575,17438,00,03
D,27665337,1015,653,0,3531,278,0,0,0,0,0,01,0,0,0,0,27665392,811D002D,1048575,18437,00,03
D,27666334,997,653,0,3531,271,0,0,0,0,0,01,0,0,0,0,27666402,811D002D,1048575,19450,00,03
D,27667359,1025,653,0,3531,290,0,0,0,0,0,01,0,0,0,0,27667460,811D002D,1048575,20526,00,03
D,27668361,1002,653,0,3531,302,0,0,0,0,0,01,0,0,0,0,27668451,811D002D,1048575,21504,00,03
D,27669302,941,653,0,3531,241,0,0,0,0,0,01,0,0,0,0,27669341,811D002D,1048575,22380,00,03
D,27670317,1015,653,0,3531,250,0,0,0,0,0,01,0,0,0,0,27670362,811D002D,1048575,23402,00,03
D,27671298,981,653,0,3531,238,0,0,0,0,0,01,0,0,0,0,27671335,811D002D,1048575,24374,00,03
D,27672298,1000,653,0,3531,238,0,0,0,0,0,01,0,0,0,0,27672335,811D002D,1048575,25375,00,03
D,27673298,1000,653,0,3531,238,0,0,0,0,0,01,0,0,0,0,27673335,811D002D,1048575,26375,00,03
D,27674312,1014,653,0,3531,245,0,0,0,0,0,01,0,0,0,0,27674356,811D002D,1048575,27396,00,03
D,27675308,996,653,0,3531,238,0,0,0,0,0,01,0,0,0,0,27675345,811D002D,1048575,28385,00,03
D,27676315,1007,653,0,3531,261,0,0,0,0,0,01,0,0,0,0,27676395,811D002D,1048575,29444,00,03
D,27677413,1098,653,0,3531,346,0,0,0,0,0,01,0,0,0,0,27677597,811D002D,1048575,30677,00,03
D,27678482,1069,653,0,3531,426,0,0,0,0,0,01,0,0,0,0,27678599,811D002D,1048575,31657,00,03
D,27679351,869,653,0,3531,280,0,0,0,0,0,01,0,0,0,0,27679412,811D002D,1048575,32459,00,03
D,27680336,985,653,0,3531,268,0,0,0,0,0,01,0,0,0,0,27680400,811D002D,1048575,33449,00,03
D,27681341,1005,653,0,3531,274,0,0,0,0,0,01,0,0,0,0,27681403,811D002D,1048575,34451,00,03
D,27682336,995,653,0,3531,274,0,0,0,0,0,01,0,0,0,0,27682407,811D002D,1048575,35455,00,03
D,27683335,999,653,0,3531,277,0,0,0,0,0,01,0,0,0,0,27683397,811D002D,1048575,36443,00,03
D,27684337,1002,653,0,3531,267,0,0,0,0,0,01,0,0,0,0,27684404,811D002D,1048575,37455,00,03
D,27685346,1009,653,0,3531,275,0,0,0,0,0,01,0,0,0,0,27685404,811D002D,1048575,38449,00,03
D,27686336,990,653,0,3531,275,0,0,0,0,0,01,0,0,0,0,27686407,811D002D,1048575,39456,00,03
D,27687347,1011,653,0,3531,287,0,0,0,0,0,01,0,0,0,0,27687430,811D002D,1048575,40495,00,03
D,27688377,1030,653,0,3531,310,0,0,0,0,0,01,0,0,0,0,27688467,811D002D,1048575,41521,00,03
D,27689302,925,653,0,3531,240,0,0,0,0,0,01,0,0,0,0,27689342,811D002D,1048575,42381,00,03
D,27690304,1002,653,0,3531,245,0,0,0,0,0,01,0,0,0,0,27690347,811D002D,1048575,43387,00,03
D,27691301,997,653,0,3531,238,0,0,0,0,0,01,0,0,0,0,27691337,811D002D,1048575,44377,00,03
D,27692299,998,653,0,3531,238,0,0,0,0,0,01,0,0,0,0,27692335,811D002D,1048575,45375,00,03
D,27693299,1000,653,0,3531,238,0,0,0,0,0,01,0,0,0,0,27693334,811D002D,1048575,46373,00,03
D,27694312,1013,653,0,3531,245,0,0,0,0,0,01,0,0,0,0,27694355,811D002D,1048575,47395,00,03
D,27695296,984,653,0,3531,238,0,0,0,0,0,01,0,0,0,0,27695331,811D002D,1048575,48371,00,03
D,27696321,1025,653,0,3531,264,0,0,0,0,0,01,0,0,0,0,27696397,811D002D,1048575,49445,00,03
D,27697409,1088,653,0,3531,352,0,0,0,0,0,01,0,0,0,0,27697587,811D002D,1048575,2,00,03
D,27698792,1383,653,0,3531,352,0,0,0,0,0,01,0,0,0,0,27698906,811D002D,1048575,664,00,03
D,27699349,557,653,0,3531,273,0,0,0,0,0,01,0,0,0,0,27699417,811D002D,1048575,1137,00,03
D,27700346,997,653,0,3531,277,0,0,0,0,0,01,0,0,0,0,27700411,811D002D,1048575,2136,00,03
D,27701344,998,653,0,3531,276,0,0,0,0,0,01,0,0,0,0,27701409,811D002D,1048575,3132,00,03
D,27702340,996,653,0,3531,282,0,0,0,0,0,01,0,0,0,0,27702412,811D002D,1048575,4137,00,03
D,27703336,996,653,0,3531,277,0,0,0,0,0,01,0,0,0,0,27703401,811D002D,1048575,5125,00,03
D,27704336,1000,653,0,3531,278,0,0,0,0,0,01,0,0,0,0,27704402,811D002D,1048575,6127,00,03
D,27705332,996,653,0,3531,277,0,0,0,0,0,01,0,0,0,0,27705398,811D002D,1048575,7123,00,03
D,27706352,1020,653,0,3531,283,0,0,0,0,0,01,0,0,0,0,27706422,811D002D,1048575,8146,00,03
D,27707370,1018,653,0,3531,311,0,0,0,0,0,01,0,0,0,0,27707483,811D002D,1048575,9230,00,03
D,27708359,989,653,0,3531,303,0,0,0,0,0,01,0,0,0,0,27708450,811D002D,1048575,10175,00,03
D,27709311,952,653,0,3531,241,0,0,0,0,0,01,0,0,0,0,27709346,811D002D,1048575,11060,00,03
D,27710320,1009,653,0,3531,249,0,0,0,0,0,01,0,0,0,0,27710363,811D002D,1048575,12077,00,03
D,27711298,978,653,0,3531,238,0,0,0,0,0,01,0,0,0,0,27711333,811D002D,1048575,13046,00,03
D,27712298,1000,653,0,3531,238,0,0,0,0,0,01,0,0,0,0,27712333,811D002D,1048575,14047,00,03
D,27713299,1001,653,0,3531,239,0,0,0,0,0,01,0,0,0,0,27713333,811D002D,1048575,15047,00,03
D,27714299,1000,653,0,3531,244,0,0,0,0,0,01,0,0,0,0,27714340,811D002D,1048575,16053,00,03
D,27715308,1009,653,0,3531,238,0,0,0,0,0,01,0,0,0,0,27715343,811D002D,1048575,17057,00,03
D,27716330,1022,653,0,3531,262,0,0,0,0,0,01,0,0,0,0,27716408,811D002D,1048575,18131,00,03
D,27717425,1095,653,0,3531,354,0,0,0,0,0,01,0,0,0,0,27717604,811D002D,1048575,19355,00,03
D,27718477,1052,653,0,3531,421,0,0,0,0,0,01,0,0,0,0,27718607,811D002D,1048575,20342,00,03
D,27719340,863,653,0,3531,283,0,0,0,0,0,01,0,0,0,0,27719400,811D002D,1048575,21118,00,03
D,27720325,985,653,0,3531,270,0,0,0,0,0,01,0,0,0,0,27720390,811D002D,1048575,22113,00,03
D,27721339,1014,653,0,3531,276,0,0,0,0,0,01,0,0,0,0,27721397,811D002D,1048575,23118,00,03
D,27722333,994,653,0,3531,274,0,0,0,0,0,01,0,0,0,0,27722401,811D002D,1048575,24123,00,03
D,27723348,1015,653,0,3531,278,0,0,0,0,0,01,0,0,0,0,27723404,811D002D,1048575,25123,00,03
D,27724330,982,653,0,3531,266,0,0,0,0,0,01,0,0,0,0,27724396,811D002D,1048575,26121,00,03
D,27725345,1015,653,0,3531,276,0,0,0,0,0,01,0,0,0,0,27725400,811D002D,1048575,27118,00,03
D,27726333,988,653,0,3531,275,0,0,0,0,0,01,0,0,0,0,27726402,811D002D,1048575,28125,00,03
D,27727343,1010,653,0,3531,289,0,0,0,0,0,01,0,0,0,0,27727417,811D002D,1048575,29145,00,03
D,27728366,1023,653,0,3531,310,0,0,0,0,0,01,0,0,0,0,27728457,811D002D,1048575,30187,00,03
D,27729304,938,653,0,3531,244,0,0,0,0,0,01,0,0,0,0,27729344,811D002D,1048575,31058,00,03
D,27730306,1002,653,0,3531,246,0,0,0,0,0,01,0,0,0,0,27730347,811D002D,1048575,32061,00,03
D,27731301,995,653,0,3531,238,0,0,0,0,0,01,0,0,0,0,27731337,811D002D,1048575,33051,00,03
D,27732299,998,653,0,3531,238,0,0,0,0,0,01,0,0,0,0,27732335,811D002D,1048575,34048,00,03
D,27733298,999,653,0,3531,238,0,0,0,0,0,01,0,0,0,0,27733334,811D002D,1048575,35047,00,03
D,27734312,1014,653,0,3531,245,0,0,0,0,0,01,0,0,0,0,27734354,811D002D,1048575,36068,00,03
D,27735308,996,653,0,3531,238,0,0,0,0,0,01,0,0,0,0,27735344,811D002D,1048575,37057,00,03
D,27736333,1025,653,0,3531,262,0,0,0,0,0,01,0,0,0,0,27736408,811D002D,1048575,38131,00,03
D,27737414,1081,653,0,3531,349,0,0,0,0,0,01,0,0,0,0,27737601,811D002D,1048575,39359,00,03
D,27738478,1064,653,0,3531,416,0,0,0,0,0,01,0,0,0,0,27738605,811D002D,1048575,40340,00,03
D,27739345,867,653,0,3531,284,0,0,0,0,0,01,0,0,0,0,27739405,811D002D,1048575,41124,00,03
D,27740324,979,653,0,3531,265,0,0,0,0,0,01,0,0,0,0,27740390,811D002D,1048575,42114,00,03
D,27741339,1015,653,0,3531,277,0,0,0,0,0,01,0,0,0,0,27741393,811D002D,1048575,43111,00,03
D,27742340,1001,653,0,3531,272,0,0,0,0,0,01,0,0,0,0,27742412,811D002D,1048575,44137,00,03
D,27743347,1007,653,0,3531,277,0,0,0,0,0,01,0,0,0,0,27743402,811D002D,1048575,45120,00,03
D,27744333,986,653,0,3531,263,0,0,0,0,0,01,0,0,0,0,27744400,811D002D,1048575,46125,00,03
D,27745345,1012,653,0,3531,276,0,0,0,0,0,01,0,0,0,0,27745399,811D002D,1048575,47118,00,03
D,27746327,982,653,0,3531,270,0,0,0,0,0,01,0,0,0,0,27746402,811D002D,1048575,48126,00,03
D,27747348,1021,653,0,3531,290,0,0,0,0,0,01,0,0,0,0,27747416,811D002D,1048575,49144,00,03
D,27748355,1007,653,0,3531,299,0,0,0,0,0,01,0,0,0,0,27748447,811D002D,1048575,2,00,03
D,27749348,993,653,0,3531,261,0,0,0,0,0,01,0,0,0,0,27749414,811D002D,1048575,426,00,03
D,27750315,967,653,0,3531,246,0,0,0,0,0,01,0,0,0,0,27750362,811D002D,1048575,1374,00,03
D,27751297,982,653,0,3531,238,0,0,0,0,0,01,0,0,0,0,27751334,811D002D,1048575,2344,00,03
D,27752297,1000,653,0,3531,238,0,0,0,0,0,01,0,0,0,0,27752334,811D002D,1048575,3345,00,03
D,27753297,1000,653,0,3531,238,0,0,0,0,0,01,0,0,0,0,27753334,811D002D,1048575,4345,00,03
D,27754312,1015,653,0,3531,244,0,0,0,0,0,01,0,0,0,0,27754356,811D002D,1048575,5367,00,03
D,27755305,993,653,0,3531,238,0,0,0,0,0,01,0,0,0,0,27755342,811D002D,1048575,6353,00,03
D,27756333,1028,653,0,3531,267,0,0,0,0,0,01,0,0,0,0,27756422,811D002D,1048575,7445,00,03
D,27757417,1084,653,0,3531,351,0,0,0,0,0,01,0,0,0,0,27757600,811D002D,1048575,8656,00,03
D,27758481,1064,653,0,3531,412,0,0,0,0,0,01,0,0,0,0,27758611,811D002D,1048575,9643,00,03
D,27759345,864,653,0,3531,285,0,0,0,0,0,01,0,0,0,0,27759411,811D002D,1048575,10426,00,03
D,27760340,995,653,0,3531,272,0,0,0,0,0,01,0,0,0,0,27760405,811D002D,1048575,11425,00,03
D,27761346,1006,653,0,3531,275,0,0,0,0,0,01,0,0,0,0,27761408,811D002D,1048575,12426,00,03
D,27762345,999,653,0,3531,277,0,0,0,0,0,01,0,0,0,0,27762415,811D002D,1048575,13434,00,03
D,27763346,1001,653,0,3531,276,0,0,0,0,0,01,0,0,0,0,27763407,811D002D,1048575,14423,00,03
D,27764330,984,653,0,3531,269,0,0,0,0,0,01,0,0,0,0,27764398,811D002D,1048575,15420,00,03
D,27765343,1013,653,0,3531,275,0,0,0,0,0,01,0,0,0,0,27765403,811D002D,1048575,16418,00,03
D,27766338,995,653,0,3531,277,0,0,0,0,0,01,0,0,0,0,27766411,811D002D,1048575,17431,00,03
D,27767358,1020,653,0,3531,290,0,0,0,0,0,01,0,0,0,0,27767438,811D002D,1048575,18462,00,03
D,27768357,999,653,0,3531,301,0,0,0,0,0,01,0,0,0,0,27768447,811D002D,1048575,19475,00,03
D,27769312,955,653,0,3531,244,0,0,0,0,0,01,0,0,0,0,27769350,811D002D,1048575,20360,00,03
D,27770310,998,653,0,3531,249,0,0,0,0,0,01,0,0,0,0,27770353,811D002D,1048575,21364,00,03
D,27771306,996,653,0,3531,238,0,0,0,0,0,01,0,0,0,0,27771341,811D002D,1048575,22352,00,03
D,27772303,997,653,0,3531,238,0,0,0,0,0,01,0,0,0,0,27772339,811D002D,1048575,23350,00,03
D,27773301,998,653,0,3531,238,0,0,0,0,0,01,0,0,0,0,27773336,811D002D,1048575,24347,00,03
D,27774312,1011,653,0,3531,245,0,0,0,0,0,01,0,0,0,0,27774355,811D002D,1048575,25366,00,03
D,27775308,996,653,0,3531,238,0,0,0,0,0,01,0,0,0,0,27775343,811D002D,1048575,26354,00,03
D,27776333,1025,653,0,3531,264,0,0,0,0,0,01,0,0,0,0,27776410,811D002D,1048575,27432,00,03
D,27777413,1080,653,0,3531,357,0,0,0,0,0,01,0,0,0,0,27777595,811D002D,1048575,28650,00,03
D,27778482,1069,653,0,3531,420,0,0,0,0,0,01,0,0,0,0,27778610,811D002D,1048575,29640,00,03
D,27779352,870,653,0,3531,282,0,0,0,0,0,01,0,0,0,0,27779412,811D002D,1048575,30431,00,03
D,27780324,972,653,0,3531,268,0,0,0,0,0,01,0,0,0,0,27780389,811D002D,1048575,31408,00,03
D,27781329,1005,653,0,3531,274,0,0,0,0,0,01,0,0,0,0,27781388,811D002D,1048575,32405,00,03
D,27782336,1007,653,0,3531,271,0,0,0,0,0,01,0,0,0,0,27782409,811D002D,1048575,33429,00,03
D,27783338,1002,653,0,3531,279,0,0,0,0,0,01,0,0,0,0,27783398,811D002D,1048575,34414,00,03
D,27784331,993,653,0,3531,270,0,0,0,0,0,01,0,0,0,0,27784399,811D002D,1048575,35420,00,03
D,27785344,1013,653,0,3531,275,0,0,0,0,0,01,0,0,0,0,27785402,811D002D,1048575,36421,00,03
D,27786342,998,653,0,3531,277,0,0,0,0,0,01,0,0,0,0,27786414,811D002D,1048575,37434,00,03
D,27787358,1016,653,0,3531,289,0,0,0,0,0,01,0,0,0,0,27787441,811D002D,1048575,38470,00,03
D,27788371,1013,653,0,3531,305,0,0,0,0,0,01,0,0,0,0,27788463,811D002D,1048575,39489,00,03
D,27789305,934,653,0,3531,244,0,0,0,0,0,01,0,0,0,0,27789346,811D002D,1048575,40356,00,03
D,27790308,1003,653,0,3531,246,0,0,0,0,0,01,0,0,0,0,27790350,811D002D,1048575,41361,00,03
D,27791305,997,653,0,3531,238,0,0,0,0,0,01,0,0,0,0,27791341,811D002D,1048575,42351,00,03
D,27792303,998,653,0,3531,238,0,0,0,0,0,01,0,0,0,0,27792339,811D002D,1048575,43350,00,03
D,27793301,998,653,0,3531,238,0,0,0,0,0,01,0,0,0,0,27793337,811D002D,1048575,44348,00,03
D,27794313,1012,653,0,3531,244,0,0,0,0,0,01,0,0,0,0,27794355,811D002D,1048575,45365,00,03
D,27795309,996,653,0,3531,238,0,0,0,0,0,01,0,0,0,0,27795345,811D002D,1048575,46356,00,03
D,27796317,1008,653,0,3531,264,0,0,0,0,0,01,0,0,0,0,27796398,811D002D,1048575,47420,00,03
D,27797416,1099,653,0,3531,352,0,0,0,0,0,01,0,0,0,0,27797594,811D002D,1048575,48651,00,03
D,27798496,1080,653,0,3531,422,0,0,0,0,0,01,0,0,0,0,27798611,811D002D,1048575,49640,00,03
D,27799352,856,653,0,3531,281,0,0,0,0,0,01,0,0,0,0,27799414,811D002D,1048575,1,00,03
D,27800335,983,653,0,3531,273,0,0,0,0,0,01,0,0,0,0,27800414,811D002D,1048575,469,00,03
D,27801339,1004,653,0,3531,278,0,0,0,0,0,01,0,0,0,0,27801398,811D002D,1048575,1453,00,03
D,27802339,1000,653,0,3531,277,0,0,0,0,0,01,0,0,0,0,27802413,811D002D,1048575,2470,00,03
D,27803346,1007,653,0,3531,275,0,0,0,0,0,01,0,0,0,0,27803406,811D002D,1048575,3460,00,03
D,27804336,990,653,0,3531,269,0,0,0,0,0,01,0,0,0,0,27804400,811D002D,1048575,4456,00,03
D,27805345,1009,653,0,3531,275,0,0,0,0,0,01,0,0,0,0,27805404,811D002D,1048575,5456,00,03
D,27806342,997,653,0,3531,276,0,0,0,0,0,01,0,0,0,0,27806416,811D002D,1048575,6474,00,03
D,27807344,1002,653,0,3531,289,0,0,0,0,0,01,0,0,0,0,27807425,811D002D,1048575,7492,00,03
D,27808371,1027,653,0,3531,303,0,0,0,0,0,01,0,0,0,0,27808463,811D002D,1048575,8524,00,03
D,27809306,935,653,0,3531,244,0,0,0,0,0,01,0,0,0,0,27809345,811D002D,1048575,9391,00,03
D,27810310,1004,653,0,3531,249,0,0,0,0,0,01,0,0,0,0,27810352,811D002D,1048575,10398,00,03
D,27811308,998,653,0,3531,238,0,0,0,0,0,01,0,0,0,0,27811344,811D002D,1048575,11391,00,03
D,27812308,1000,653,0,3531,238,0,0,0,0,0,01,0,0,0,0,27812344,811D002D,1048575,12391,00,03
D,27813308,1000,653,0,3531,238,0,0,0,0,0,01,0,0,0,0,27813344,811D002D,1048575,13390,00,03
D,27814301,993,653,0,3531,245,0,0,0,0,0,01,0,0,0,0,27814343,811D002D,1048575,14390,00,03
D,27815299,998,653,0,3531,239,0,0,0,0,0,01,0,0,0,0,27815334,811D002D,1048575,15380,00,03
D,27816327,1028,653,0,3531,264,0,0,0,0,0,01,0,0,0,0,27816409,811D002D,1048575,16468,00,03
D,27817419,1092,653,0,3531,352,0,0,0,0,0,01,0,0,0,0,27817591,811D002D,1048575,17679,00,03
D,27818484,1065,653,0,3531,417,0,0,0,0,0,01,0,0,0,0,27818616,811D002D,1048575,18681,00,03
D,27819348,864,653,0,3531,289,0,0,0,0,0,01,0,0,0,0,27819407,811D002D,1048575,19460,00,03
D,27820328,980,653,0,3531,268,0,0,0,0,0,01,0,0,0,0,27820391,811D002D,1048575,20447,00,03
D,27821333,1005,653,0,3531,275,0,0,0,0,0,01,0,0,0,0,27821393,811D002D,1048575,21447,00,03
D,27822345,1012,653,0,3531,274,0,0,0,0,0,01,0,0,0,0,27822416,811D002D,1048575,22471,00,03
D,27823345,1000,653,0,3531,278,0,0,0,0,0,01,0,0,0,0,27823404,811D002D,1048575,23457,00,03
D,27824325,980,653,0,3531,266,0,0,0,0,0,01,0,0,0,0,27824391,811D002D,1048575,24449,00,03
D,27825335,1010,653,0,3531,275,0,0,0,0,0,01,0,0,0,0,27825396,811D002D,1048575,25449,00,03
D,27826331,996,653,0,3531,275,0,0,0,0,0,01,0,0,0,0,27826402,811D002D,1048575,26457,00,03
D,27827358,1027,653,0,3531,288,0,0,0,0,0,01,0,0,0,0,27827444,811D002D,1048575,27518,00,03
D,27828366,1008,653,0,3531,307,0,0,0,0,0,01,0,0,0,0,27828460,811D002D,1048575,28522,00,03
D,27829301,935,653,0,3531,243,0,0,0,0,0,01,0,0,0,0,27829341,811D002D,1048575,29388,00,03
D,27830302,1001,653,0,3531,246,0,0,0,0,0,01,0,0,0,0,27830345,811D002D,1048575,30392,00,03
D,27831298,996,653,0,3531,238,0,0,0,0,0,01,0,0,0,0,27831334,811D002D,1048575,31380,00,03
D,27832298,1000,653,0,3531,238,0,0,0,0,0,01,0,0,0,0,27832334,811D002D,1048575,32381,00,03
D,27833298,1000,653,0,3531,238,0,0,0,0,0,01,0,0,0,0,27833334,811D002D,1048575,33381,00,03
D,27834312,1014,653,0,3531,245,0,0,0,0,0,01,0,0,0,0,27834355,811D002D,1048575,34402,00,03
D,27835307,995,653,0,3531,238,0,0,0,0,0,01,0,0,0,0,27835343,811D002D,1048575,35390,00,03
D,27836332,1025,653,0,3531,263,0,0,0,0,0,01,0,0,0,0,27836411,811D002D,1048575,36467,00,03
D,27837414,1082,653,0,3531,350,0,0,0,0,0,01,0,0,0,0,27837594,811D002D,1048575,37685,00,03
D,27838489,1075,653,0,3531,421,0,0,0,0,0,01,0,0,0,0,27838614,811D002D,1048575,38680,00,03
D,27839340,851,653,0,3531,280,0,0,0,0,0,01,0,0,0,0,27839401,811D002D,1048575,39454,00,03
D,27840325,985,653,0,3531,267,0,0,0,0,0,01,0,0,0,0,27840390,811D002D,1048575,40445,00,03
D,27841330,1005,653,0,3531,274,0,0,0,0,0,01,0,0,0,0,27841391,811D002D,1048575,41447,00,03
D,27842347,1017,653,0,3531,276,0,0,0,0,0,01,0,0,0,0,27842417,811D002D,1048575,42472,00,03
D,27843343,996,653,0,3531,275,0,0,0,0,0,01,0,0,0,0,27843404,811D002D,1048575,43458,00,03
D,27844334,991,653,0,3531,269,0,0,0,0,0,01,0,0,0,0,27844401,811D002D,1048575,44459,00,03
D,27845347,1013,653,0,3531,275,0,0,0,0,0,01,0,0,0,0,27845407,811D002D,1048575,45460,00,03
D,27846340,993,653,0,3531,276,0,0,0,0,0,01,0,0,0,0,27846412,811D002D,1048575,46468,00,03
D,27847353,1013,653,0,3531,287,0,0,0,0,0,01,0,0,0,0,27847444,811D002D,1048575,47519,00,03
D,27848364,1011,653,0,3531,304,0,0,0,0,0,01,0,0,0,0,27848454,811D002D,1048575,48514,00,03
D,27849307,943,653,0,3531,242,0,0,0,0,0,01,0,0,0,0,27849346,811D002D,1048575,49393,00,03
D,27850308,1001,653,0,3531,249,0,0,0,0,0,01,0,0,0,0,27850352,811D002D,1048575,1,00,03
D,27851308,1000,653,0,3531,251,0,0,0,0,0,01,0,0,0,0,27851369,811D002D,1048575,487,00,03
D,27852309,1001,653,0,3531,239,0,0,0,0,0,01,0,0,0,0,27852347,811D002D,1048575,1465,00,03
D,27853298,989,653,0,3531,241,0,0,0,0,0,01,0,0,0,0,27853334,811D002D,1048575,2450,00,03
D,27854316,1018,653,0,3531,245,0,0,0,0,0,01,0,0,0,0,27854359,811D002D,1048575,3476,00,03
D,27855308,992,653,0,3531,238,0,0,0,0,0,01,0,0,0,0,27855344,811D002D,1048575,4460,00,03
D,27856342,1034,653,0,3531,269,0,0,0,0,0,01,0,0,0,0,27856429,811D002D,1048575,5572,00,03
D,27857412,1070,653,0,3531,351,0,0,0,0,0,01,0,0,0,0,27857578,811D002D,1048575,6739,00,03
D,27858472,1060,653,0,3531,412,0,0,0,0,0,01,0,0,0,0,27858603,811D002D,1048575,7739,00,03
D,27859344,872,653,0,3531,284,0,0,0,0,0,01,0,0,0,0,27859410,811D002D,1048575,8533,00,03
D,27860342,998,653,0,3531,270,0,0,0,0,0,01,0,0,0,0,27860408,811D002D,1048575,9536,00,03
D,27861334,992,653,0,3531,276,0,0,0,0,0,01,0,0,0,0,27861394,811D002D,1048575,10515,00,03
D,27862335,1001,653,0,3531,278,0,0,0,0,0,01,0,0,0,0,27862406,811D002D,1048575,11534,00,03
D,27863341,1006,653,0,3531,279,0,0,0,0,0,01,0,0,0,0,27863400,811D002D,1048575,12521,00,03
D,27864324,983,653,0,3531,269,0,0,0,0,0,01,0,0,0,0,27864390,811D002D,1048575,13518,00,03
D,27865338,1014,653,0,3531,277,0,0,0,0,0,01,0,0,0,0,27865398,811D002D,1048575,14520,00,03
D,27866340,1002,653,0,3531,277,0,0,0,0,0,01,0,0,0,0,27866410,811D002D,1048575,15538,00,03
D,27867358,1018,653,0,3531,291,0,0,0,0,0,01,0,0,0,0,27867438,811D002D,1048575,16573,00,03
D,27868365,1007,653,0,3531,306,0,0,0,0,0,01,0,0,0,0,27868455,811D002D,1048575,17586,00,03
D,27869307,942,653,0,3531,243,0,0,0,0,0,01,0,0,0,0,27869344,811D002D,1048575,18460,00,03
D,27870309,1002,653,0,3531,248,0,0,0,0,0,01,0,0,0,0,27870351,811D002D,1048575,19468,00,03
D,27871306,997,653,0,3531,238,0,0,0,0,0,01,0,0,0,0,27871341,811D002D,1048575,20457,00,03
D,27872304,998,653,0,3531,239,0,0,0,0,0,01,0,0,0,0,27872339,811D002D,1048575,21456,00,03
D,27873302,998,653,0,3531,238,0,0,0,0,0,01,0,0,0,0,27873338,811D002D,1048575,22455,00,03
D,27874315,1013,653,0,3531,245,0,0,0,0,0,01,0,0,0,0,27874356,811D002D,1048575,23473,00,03
D,27875292,977,653,0,3531,238,0,0,0,0,0,01,0,0,0,0,27875328,811D002D,1048575,24445,00,03
D,27876316,1024,653,0,3531,261,0,0,0,0,0,01,0,0,0,0,27876395,811D002D,1048575,25521,00,03
D,27877417,1101,653,0,3531,355,0,0,0,0,0,01,0,0,0,0,27877599,811D002D,1048575,26760,00,03
D,27878487,1070,653,0,3531,413,0,0,0,0,0,01,0,0,0,0,27878595,811D002D,1048575,27733,00,03
D,27879342,855,653,0,3531,282,0,0,0,0,0,01,0,0,0,0,27879405,811D002D,1048575,28528,00,03
D,27880331,989,653,0,3531,270,0,0,0,0,0,01,0,0,0,0,27880394,811D002D,1048575,29520,00,03
D,27881341,1010,653,0,3531,276,0,0,0,0,0,01,0,0,0,0,27881403,811D002D,1048575,30528,00,03
D,27882342,1001,653,0,3531,278,0,0,0,0,0,01,0,0,0,0,27882412,811D002D,1048575,31536,00,03
D,27883344,1002,653,0,3531,276,0,0,0,0,0,01,0,0,0,0,27883403,811D002D,1048575,32526,00,03
D,27884330,986,653,0,3531,269,0,0,0,0,0,01,0,0,0,0,27884400,811D002D,1048575,33528,00,03
D,27885338,1008,653,0,3531,277,0,0,0,0,0,01,0,0,0,0,27885397,811D002D,1048575,34520,00,03
D,27886337,999,653,0,3531,277,0,0,0,0,0,01,0,0,0,0,27886408,811D002D,1048575,35534,00,03
D,27887349,1012,653,0,3531,287,0,0,0,0,0,01,0,0,0,0,27887442,811D002D,1048575,36586,00,03
D,27888361,1012,653,0,3531,305,0,0,0,0,0,01,0,0,0,0,27888454,811D002D,1048575,37584,00,03
D,27889307,946,653,0,3531,243,0,0,0,0,0,01,0,0,0,0,27889349,811D002D,1048575,38465,00,03
D,27890307,1000,653,0,3531,245,0,0,0,0,0,01,0,0,0,0,27890350,811D002D,1048575,39467,00,03
D,27891304,997,653,0,3531,238,0,0,0,0,0,01,0,0,0,0,27891341,811D002D,1048575,40458,00,03
D,27892303,999,653,0,3531,238,0,0,0,0,0,01,0,0,0,0,27892340,811D002D,1048575,41457,00,03
D,27893303,1000,653,0,3531,239,0,0,0,0,0,01,0,0,0,0,27893339,811D002D,1048575,42455,00,03
D,27894313,1010,653,0,3531,245,0,0,0,0,0,01,0,0,0,0,27894356,811D002D,1048575,43473,00,03
D,27895297,984,653,0,3531,239,0,0,0,0,0,01,0,0,0,0,27895334,811D002D,1048575,44450,00,03
D,27896327,1030,653,0,3531,266,0,0,0,0,0,01,0,0,0,0,27896403,811D002D,1048575,45528,00,03
D,27897407,1080,653,0,3531,349,0,0,0,0,0,01,0,0,0,0,27897584,811D002D,1048575,46740,00,03
D,27898484,1077,653,0,3531,423,0,0,0,0,0,01,0,0,0,0,27898607,811D002D,1048575,47744,00,03
D,27899352,868,653,0,3531,286,0,0,0,0,0,01,0,0,0,0,27899411,811D002D,1048575,48533,00,03
D,27900334,982,653,0,3531,268,0,0,0,0,0,01,0,0,0,0,27900400,811D002D,1048575,49528,00,03
D,27901345,1011,653,0,3531,277,0,0,0,0,0,01,0,0,0,0,27901403,811D002D,1048575,1,00,03
D,27902346,1001,653,0,3531,273,0,0,0,0,0,01,0,0,0,0,27902429,811D002D,1048575,495,00,03
D,27903349,1003,653,0,3531,278,0,0,0,0,0,01,0,0,0,0,27903411,811D002D,1048575,1470,00,03
D,27904329,980,653,0,3531,272,0,0,0,0,0,01,0,0,0,0,27904397,811D002D,1048575,2462,00,03
D,27905346,1017,653,0,3531,280,0,0,0,0,0,01,0,0,0,0,27905407,811D002D,1048575,3466,00,03
D,27906332,986,653,0,3531,275,0,0,0,0,0,01,0,0,0,0,27906404,811D002D,1048575,4468,00,03
D,27907346,1014,653,0,3531,290,0,0,0,0,0,01,0,0,0,0,27907431,811D002D,1048575,5496,00,03
D,27908356,1010,653,0,3531,297,0,0,0,0,0,01,0,0,0,0,27908448,811D002D,1048575,6517,00,03
D,27909310,954,653,0,3531,249,0,0,0,0,0,01,0,0,0,0,27909348,811D002D,1048575,7401,00,03
D,27910310,1000,653,0,3531,249,0,0,0,0,0,01,0,0,0,0,27910353,811D002D,1048575,8407,00,03
D,27911308,998,653,0,3531,238,0,0,0,0,0,01,0,0,0,0,27911344,811D002D,1048575,9397,00,03
D,27912308,1000,653,0,3531,238,0,0,0,0,0,01,0,0,0,0,27912344,811D002D,1048575,10398,00,03
D,27913308,1000,653,0,3531,238,0,0,0,0,0,01,0,0,0,0,27913344,811D002D,1048575,11398,00,03
D,27914301,993,653,0,3531,245,0,0,0,0,0,01,0,0,0,0,27914344,811D002D,1048575,12397,00,03
D,27915298,997,653,0,3531,238,0,0,0,0,0,01,0,0,0,0,27915334,811D002D,1048575,13388,00,03
D,27916323,1025,653,0,3531,262,0,0,0,0,0,01,0,0,0,0,27916407,811D002D,1048575,14472,00,03
D,27917413,1090,653,0,3531,342,0,0,0,0,0,01,0,0,0,0,27917597,811D002D,1048575,15691,00,03
D,27918476,1063,653,0,3531,421,0,0,0,0,0,01,0,0,0,0,27918604,811D002D,1048575,16678,00,03
D,27919340,864,653,0,3531,283,0,0,0,0,0,01,0,0,0,0,27919397,811D002D,1048575,17455,00,03
D,27920332,992,653,0,3531,266,0,0,0,0,0,01,0,0,0,0,27920398,811D002D,1048575,18461,00,03
D,27921343,1011,653,0,3531,275,0,0,0,0,0,01,0,0,0,0,27921400,811D002D,1048575,19461,00,03
D,27922327,984,653,0,3531,272,0,0,0,0,0,01,0,0,0,0,27922397,811D002D,1048575,20459,00,03
D,27923344,1017,653,0,3531,276,0,0,0,0,0,01,0,0,0,0,27923399,811D002D,1048575,21458,00,03
D,27924332,988,653,0,3531,263,0,0,0,0,0,01,0,0,0,0,27924399,811D002D,1048575,22463,00,03
D,27925345,1013,653,0,3531,277,0,0,0,0,0,01,0,0,0,0,27925400,811D002D,1048575,23459,00,03
D,27926329,984,653,0,3531,272,0,0,0,0,0,01,0,0,0,0,27926400,811D002D,1048575,24463,00,03
D,27927357,1028,653,0,3531,289,0,0,0,0,0,01,0,0,0,0,27927444,811D002D,1048575,25526,00,03
D,27928372,1015,653,0,3531,310,0,0,0,0,0,01,0,0,0,0,27928463,811D002D,1048575,26529,00,03
D,27929299,927,653,0,3531,241,0,0,0,0,0,01,0,0,0,0,27929340,811D002D,1048575,27394,00,03
D,27930302,1003,653,0,3531,246,0,0,0,0,0,01,0,0,0,0,27930346,811D002D,1048575,28399,00,03
D,27931299,997,653,0,3531,238,0,0,0,0,0,01,0,0,0,0,27931336,811D002D,1048575,29390,00,03
D,27932298,999,653,0,3531,238,0,0,0,0,0,01,0,0,0,0,27932335,811D002D,1048575,30388,00,03
D,27933299,1001,653,0,3531,239,0,0,0,0,0,01,0,0,0,0,27933335,811D002D,1048575,31388,00,03
D,27934312,1013,653,0,3531,245,0,0,0,0,0,01,0,0,0,0,27934357,811D002D,1048575,32411,00,03
D,27935292,980,653,0,3531,238,0,0,0,0,0,01,0,0,0,0,27935328,811D002D,1048575,33382,00,03
D,27936334,1042,653,0,3531,263,0,0,0,0,0,01,0,0,0,0,27936414,811D002D,1048575,34476,00,03
D,27937410,1076,653,0,3531,355,0,0,0,0,0,01,0,0,0,0,27937592,811D002D,1048575,35692,00,03
D,27938490,1080,653,0,3531,420,0,0,0,0,0,01,0,0,0,0,27938613,811D002D,1048575,36686,00,03
D,27939337,847,653,0,3531,282,0,0,0,0,0,01,0,0,0,0,27939404,811D002D,1048575,37465,00,03
D,27940337,1000,653,0,3531,274,0,0,0,0,0,01,0,0,0,0,27940402,811D002D,1048575,38466,00,03
D,27941346,1009,653,0,3531,274,0,0,0,0,0,01,0,0,0,0,27941407,811D002D,1048575,39467,00,03
D,27942347,1001,653,0,3531,277,0,0,0,0,0,01,0,0,0,0,27942420,811D002D,1048575,40485,00,03
D,27943333,986,653,0,3531,279,0,0,0,0,0,01,0,0,0,0,27943394,811D002D,1048575,41454,00,03
D,27944329,996,653,0,3531,272,0,0,0,0,0,01,0,0,0,0,27944398,811D002D,1048575,42462,00,03
D,27945340,1011,653,0,3531,274,0,0,0,0,0,01,0,0,0,0,27945402,811D002D,1048575,43464,00,03
D,27946344,1004,653,0,3531,280,0,0,0,0,0,01,0,0,0,0,27946416,811D002D,1048575,44479,00,03
D,27947359,1015,653,0,3531,289,0,0,0,0,0,01,0,0,0,0,27947442,811D002D,1048575,45512,00,03
D,27948360,1001,653,0,3531,304,0,0,0,0,0,01,0,0,0,0,27948452,811D002D,1048575,46520,00,03
D,27949308,948,653,0,3531,245,0,0,0,0,0,01,0,0,0,0,27949348,811D002D,1048575,47401,00,03
D,27950308,1000,653,0,3531,245,0,0,0,0,0,01,0,0,0,0,27950351,811D002D,1048575,48405,00,03
D,27951306,998,653,0,3531,238,0,0,0,0,0,01,0,0,0,0,27951342,811D002D,1048575,49395,00,03
D,27952304,998,653,0,3531,238,0,0,0,0,0,01,0,0,0,0,27952340,811D002D,1048575,1,00,03
D,27953313,1009,653,0,3531,254,0,0,0,0,0,01,0,0,0,0,27953375,811D002D,1048575,507,00,03
D,27954316,1003,653,0,3531,246,0,0,0,0,0,01,0,0,0,0,27954358,811D002D,1048575,1487,00,03
D,27955297,981,653,0,3531,238,0,0,0,0,0,01,0,0,0,0,27955333,811D002D,1048575,2461,00,03
D,27956328,1031,653,0,3531,267,0,0,0,0,0,01,0,0,0,0,27956414,811D002D,1048575,3554,00,03
D,27957408,1080,653,0,3531,354,0,0,0,0,0,01,0,0,0,0,27957594,811D002D,1048575,4763,00,03
D,27958490,1082,653,0,3531,423,0,0,0,0,0,01,0,0,0,0,27958609,811D002D,1048575,5758,00,03
D,27959352,862,653,0,3531,282,0,0,0,0,0,01,0,0,0,0,27959409,811D002D,1048575,6543,00,03
D,27960331,979,653,0,3531,269,0,0,0,0,0,01,0,0,0,0,27960392,811D002D,1048575,7529,00,03
D,27961336,1005,653,0,3531,274,0,0,0,0,0,01,0,0,0,0,27961395,811D002D,1048575,8531,00,03
D,27962331,995,653,0,3531,276,0,0,0,0,0,01,0,0,0,0,27962401,811D002D,1048575,9537,00,03
D,27963349,1018,653,0,3531,278,0,0,0,0,0,01,0,0,0,0,27963406,811D002D,1048575,10541,00,03
D,27964333,984,653,0,3531,266,0,0,0,0,0,01,0,0,0,0,27964399,811D002D,1048575,11538,00,03
D,27965346,1013,653,0,3531,274,0,0,0,0,0,01,0,0,0,0,27965404,811D002D,1048575,12537,00,03
D,27966337,991,653,0,3531,276,0,0,0,0,0,01,0,0,0,0,27966406,811D002D,1048575,13543,00,03
D,27967345,1008,653,0,3531,288,0,0,0,0,0,01,0,0,0,0,27967428,811D002D,1048575,14571,00,03
D,27968370,1025,653,0,3531,305,0,0,0,0,0,01,0,0,0,0,27968461,811D002D,1048575,15606,00,03
D,27969307,937,653,0,3531,244,0,0,0,0,0,01,0,0,0,0,27969345,811D002D,1048575,16472,00,03
D,27970309,1002,653,0,3531,249,0,0,0,0,0,01,0,0,0,0,27970351,811D002D,1048575,17478,00,03
D,27971306,997,653,0,3531,238,0,0,0,0,0,01,0,0,0,0,27971342,811D002D,1048575,18470,00,03
D,27972307,1001,653,0,3531,238,0,0,0,0,0,01,0,0,0,0,27972342,811D002D,1048575,19470,00,03
D,27973304,997,653,0,3531,238,0,0,0,0,0,01,0,0,0,0,27973340,811D002D,1048575,20467,00,03
D,27974315,1011,653,0,3531,245,0,0,0,0,0,01,0,0,0,0,27974357,811D002D,1048575,21485,00,03
D,27975298,983,653,0,3531,238,0,0,0,0,0,01,0,0,0,0,27975334,811D002D,1048575,22461,00,03
D,27976328,1030,653,0,3531,264,0,0,0,0,0,01,0,0,0,0,27976407,811D002D,1048575,23544,00,03
D,27977408,1080,653,0,3531,353,0,0,0,0,0,01,0,0,0,0,27977587,811D002D,1048575,24761,00,03
D,27978475,1067,653,0,3531,420,0,0,0,0,0,01,0,0,0,0,27978603,811D002D,1048575,25750,00,03
D,27979350,875,653,0,3531,282,0,0,0,0,0,01,0,0,0,0,27979410,811D002D,1048575,26546,00,03
D,27980344,994,653,0,3531,272,0,0,0,0,0,01,0,0,0,0,27980410,811D002D,1048575,27548,00,03
D,27981334,990,653,0,3531,275,0,0,0,0,0,01,0,0,0,0,27981393,811D002D,1048575,28526,00,03
D,27982331,997,653,0,3531,276,0,0,0,0,0,01,0,0,0,0,27982405,811D002D,1048575,29544,00,03
D,27983334,1003,653,0,3531,278,0,0,0,0,0,01,0,0,0,0,27983398,811D002D,1048575,30531,00,03
D,27984332,998,653,0,3531,270,0,0,0,0,0,01,0,0,0,0,27984398,811D002D,1048575,31536,00,03
D,27985340,1008,653,0,3531,275,0,0,0,0,0,01,0,0,0,0,27985400,811D002D,1048575,32536,00,03
D,27986339,999,653,0,3531,277,0,0,0,0,0,01,0,0,0,0,27986412,811D002D,1048575,33548,00,03
D,27987356,1017,653,0,3531,289,0,0,0,0,0,01,0,0,0,0,27987440,811D002D,1048575,34587,00,03
D,27988365,1009,653,0,3531,305,0,0,0,0,0,01,0,0,0,0,27988456,811D002D,1048575,35599,00,03
D,27989313,948,653,0,3531,245,0,0,0,0,0,01,0,0,0,0,27989353,811D002D,1048575,36481,00,03
D,27990313,1000,653,0,3531,245,0,0,0,0,0,01,0,0,0,0,27990356,811D002D,1048575,37484,00,03
D,27991296,983,653,0,3531,238,0,0,0,0,0,01,0,0,0,0,27991331,811D002D,1048575,38459,00,03
D,27992296,1000,653,0,3531,238,0,0,0,0,0,01,0,0,0,0,27992332,811D002D,1048575,39460,00,03
D,27993298,1002,653,0,3531,238,0,0,0,0,0,01,0,0,0,0,27993334,811D002D,1048575,40462,00,03
D,27994312,1014,653,0,3531,244,0,0,0,0,0,01,0,0,0,0,27994355,811D002D,1048575,41483,00,03
D,27995309,997,653,0,3531,238,0,0,0,0,0,01,0,0,0,0,27995345,811D002D,1048575,42473,00,03
D,27996335,1026,653,0,3531,264,0,0,0,0,0,01,0,0,0,0,27996415,811D002D,1048575,43561,00,03
D,27997417,1082,653,0,3531,353,0,0,0,0,0,01,0,0,0,0,27997596,811D002D,1048575,44770,00,03
D,27998480,1063,653,0,3531,425,0,0,0,0,0,01,0,0,0,0,27998611,811D002D,1048575,45758,00,03
D,27999349,869,653,0,3531,283,0,0,0,0,0,01,0,0,0,0,27999406,811D002D,1048575,46538,00,03
D,28000323,974,653,0,3531,265,0,0,0,0,0,01,0,0,0,0,28000385,811D002D,1048575,47522,00,03
D,28001343,1020,653,0,3531,275,0,0,0,0,0,01,0,0,0,0,28001401,811D002D,1048575,48537,00,03
D,28002331,988,653,0,3531,271,0,0,0,0,0,01,0,0,0,0,28002401,811D002D,1048575,49537,00,03
D,28003347,1016,653,0,3531,278,0,0,0,0,0,01,0,0,0,0,28003403,811D002D,1048575,1,00,03
D,28004336,989,653,0,3531,267,0,0,0,0,0,01,0,0,0,0,28004420,811D002D,1048575,483,00,03
D,28005339,1003,653,0,3531,280,0,0,0,0,0,01,0,0,0,0,28005400,811D002D,1048575,1457,00,03
D,28006333,994,653,0,3531,271,0,0,0,0,0,01,0,0,0,0,28006404,811D002D,1048575,2464,00,03
D,28007359,1026,653,0,3531,287,0,0,0,0,0,01,0,0,0,0,28007446,811D002D,1048575,3519,00,03
D,28008364,1005,653,0,3531,308,0,0,0,0,0,01,0,0,0,0,28008457,811D002D,1048575,4525,00,03
D,28009300,936,653,0,3531,246,0,0,0,0,0,01,0,0,0,0,28009339,811D002D,1048575,5390,00,03
D,28010317,1017,653,0,3531,248,0,0,0,0,0,01,0,0,0,0,28010360,811D002D,1048575,6412,00,03
D,28011297,980,653,0,3531,238,0,0,0,0,0,01,0,0,0,0,28011333,811D002D,1048575,7385,00,03
D,28012297,1000,653,0,3531,238,0,0,0,0,0,01,0,0,0,0,28012333,811D002D,1048575,8384,00,03
D,28013297,1000,653,0,3531,238,0,0,0,0,0,01,0,0,0,0,28013333,811D002D,1048575,9384,00,03
D,28014305,1008,653,0,3531,244,0,0,0,0,0,01,0,0,0,0,28014349,811D002D,1048575,10401,00,03
D,28015303,998,653,0,3531,238,0,0,0,0,0,01,0,0,0,0,28015339,811D002D,1048575,11390,00,03
D,28016328,1025,653,0,3531,260,0,0,0,0,0,01,0,0,0,0,28016407,811D002D,1048575,12468,00,03
D,28017419,1091,653,0,3531,356,0,0,0,0,0,01,0,0,0,0,28017600,811D002D,1048575,13699,00,03
D,28018471,1052,653,0,3531,413,0,0,0,0,0,01,0,0,0,0,28018599,811D002D,1048575,14669,00,03
D,28019346,875,653,0,3531,286,0,0,0,0,0,01,0,0,0,0,28019407,811D002D,1048575,15466,00,03
D,28020329,983,653,0,3531,267,0,0,0,0,0,01,0,0,0,0,28020391,811D002D,1048575,16452,00,03
D,28021332,1003,653,0,3531,272,0,0,0,0,0,01,0,0,0,0,28021391,811D002D,1048575,17451,00,03
D,28022344,1012,653,0,3531,273,0,0,0,0,0,01,0,0,0,0,28022413,811D002D,1048575,18474,00,03
D,28023343,999,653,0,3531,275,0,0,0,0,0,01,0,0,0,0,28023401,811D002D,1048575,19459,00,03
D,28024321,978,653,0,3531,265,0,0,0,0,0,01,0,0,0,0,28024388,811D002D,1048575,20451,00,03
D,28025332,1011,653,0,3531,273,0,0,0,0,0,01,0,0,0,0,28025390,811D002D,1048575,21448,00,03
D,28026336,1004,653,0,3531,272,0,0,0,0,0,01,0,0,0,0,28026406,811D002D,1048575,22466,00,03
D,28027347,1011,653,0,3531,287,0,0,0,0,0,01,0,0,0,0,28027433,811D002D,1048575,23503,00,03
D,28028368,1021,653,0,3531,303,0,0,0,0,0,01,0,0,0,0,28028460,811D002D,1048575,24526,00,03
D,28029309,941,653,0,3531,239,0,0,0,0,0,01,0,0,0,0,28029347,811D002D,1048575,25399,00,03
D,28030311,1002,653,0,3531,248,0,0,0,0,0,01,0,0,0,0,28030354,811D002D,1048575,26406,00,03
D,28031307,996,653,0,3531,236,0,0,0,0,0,01,0,0,0,0,28031344,811D002D,1048575,27395,00,03
D,28032307,1000,653,0,3531,237,0,0,0,0,0,01,0,0,0,0,28032344,811D002D,1048575,28396,00,03
D,28033307,1000,653,0,3531,237,0,0,0,0,0,01,0,0,0,0,28033344,811D002D,1048575,29396,00,03
D,28034301,994,653,0,3531,243,0,0,0,0,0,01,0,0,0,0,28034344,811D002D,1048575,30395,00,03
D,28035297,996,653,0,3531,237,0,0,0,0,0,01,0,0,0,0,28035334,811D002D,1048575,31386,00,03
D,28036325,1028,653,0,3531,261,0,0,0,0,0,01,0,0,0,0,28036406,811D002D,1048575,32466,00,03
D,28037412,1087,653,0,3531,357,0,0,0,0,0,01,0,0,0,0,28037595,811D002D,1048575,33687,00,03
D,28038475,1063,653,0,3531,417,0,0,0,0,0,01,0,0,0,0,28038602,811D002D,1048575,34672,00,03
D,28039341,866,653,0,3531,284,0,0,0,0,0,01,0,0,0,0,28039397,811D002D,1048575,35454,00,03
D,28040337,996,653,0,3531,265,0,0,0,0,0,01,0,0,0,0,28040402,811D002D,1048575,36464,00,03
D,28041343,1006,653,0,3531,273,0,0,0,0,0,01,0,0,0,0,28041399,811D002D,1048575,37456,00,03
D,28042325,982,653,0,3531,270,0,0,0,0,0,01,0,0,0,0,28042400,811D002D,1048575,38462,00,03
D,28043333,1008,653,0,3531,277,0,0,0,0,0,01,0,0,0,0,28043389,811D002D,1048575,39446,00,03
D,28044323,990,653,0,3531,262,0,0,0,0,0,01,0,0,0,0,28044390,811D002D,1048575,40452,00,03
D,28045328,1005,653,0,3531,273,0,0,0,0,0,01,0,0,0,0,28045379,811D002D,1048575,41441,00,03
D,28046329,1001,653,0,3531,271,0,0,0,0,0,01,0,0,0,0,28046402,811D002D,1048575,42464,00,03
D,28047343,1014,653,0,3531,288,0,0,0,0,0,01,0,0,0,0,28047419,811D002D,1048575,43482,00,03
D,28048370,1027,653,0,3531,303,0,0,0,0,0,01,0,0,0,0,28048460,811D002D,1048575,44528,00,03
D,28049305,935,653,0,3531,244,0,0,0,0,0,01,0,0,0,0,28049346,811D002D,1048575,45397,00,03
D,28050306,1001,653,0,3531,245,0,0,0,0,0,01,0,0,0,0,28050349,811D002D,1048575,46400,00,03
D,28051303,997,653,0,3531,237,0,0,0,0,0,01,0,0,0,0,28051340,811D002D,1048575,47392,00,03
D,28052302,999,653,0,3531,237,0,0,0,0,0,01,0,0,0,0,28052339,811D002D,1048575,48391,00,03
D,28053300,998,653,0,3531,237,0,0,0,0,0,01,0,0,0,0,28053336,811D002D,1048575,49388,00,03
D,28054311,1011,653,0,3531,244,0,0,0,0,0,01,0,0,0,0,28054354,811D002D,1048575,1,00,03
D,28055317,1006,653,0,3531,251,0,0,0,0,0,01,0,0,0,0,28055384,811D002D,1048575,497,00,03
D,28056333,1016,653,0,3531,269,0,0,0,0,0,01,0,0,0,0,28056420,811D002D,1048575,1558,00,03
D,28057416,1083,653,0,3531,344,0,0,0,0,0,01,0,0,0,0,28057589,811D002D,1048575,2751,00,03
D,28058470,1054,653,0,3531,409,0,0,0,0,0,01,0,0,0,0,28058600,811D002D,1048575,3731,00,03
D,28059348,878,653,0,3531,286,0,0,0,0,0,01,0,0,0,0,28059409,811D002D,1048575,4528,00,03
D,28060339,991,653,0,3531,268,0,0,0,0,0,01,0,0,0,0,28060401,811D002D,1048575,5523,00,03
D,28061342,1003,653,0,3531,275,0,0,0,0,0,01,0,0,0,0,28061401,811D002D,1048575,6520,00,03
D,28062337,995,653,0,3531,275,0,0,0,0,0,01,0,0,0,0,28062405,811D002D,1048575,7526,00,03
D,28063340,1003,653,0,3531,278,0,0,0,0,0,01,0,0,0,0,28063396,811D002D,1048575,8513,00,03
D,28064336,996,653,0,3531,267,0,0,0,0,0,01,0,0,0,0,28064400,811D002D,1048575,9524,00,03
D,28065344,1008,653,0,3531,275,0,0,0,0,0,01,0,0,0,0,28065401,811D002D,1048575,10519,00,03
D,28066336,992,653,0,3531,275,0,0,0,0,0,01,0,0,0,0,28066404,811D002D,1048575,11525,00,03
D,28067346,1010,653,0,3531,287,0,0,0,0,0,01,0,0,0,0,28067415,811D002D,1048575,12549,00,03
D,28068372,1026,653,0,3531,304,0,0,0,0,0,01,0,0,0,0,28068465,811D002D,1048575,13593,00,03
D,28069307,935,653,0,3531,245,0,0,0,0,0,01,0,0,0,0,28069345,811D002D,1048575,14457,00,03
D,28070308,1001,653,0,3531,248,0,0,0,0,0,01,0,0,0,0,28070350,811D002D,1048575,15463,00,03
D,28071307,999,653,0,3531,239,0,0,0,0,0,01,0,0,0,0,28071342,811D002D,1048575,16454,00,03
D,28072304,997,653,0,3531,238,0,0,0,0,0,01,0,0,0,0,28072340,811D002D,1048575,17453,00,03
D,28073304,1000,653,0,3531,238,0,0,0,0,0,01,0,0,0,0,28073340,811D002D,1048575,18452,00,03
D,28074315,1011,653,0,3531,245,0,0,0,0,0,01,0,0,0,0,28074357,811D002D,1048575,19469,00,03
D,28075296,981,653,0,3531,238,0,0,0,0,0,01,0,0,0,0,28075332,811D002D,1048575,20445,00,03
D,28076327,1031,653,0,3531,263,0,0,0,0,0,01,0,0,0,0,28076406,811D002D,1048575,21527,00,03
D,28077415,1088,653,0,3531,359,0,0,0,0,0,01,0,0,0,0,28077602,811D002D,1048575,22757,00,03
D,28078478,1063,653,0,3531,419,0,0,0,0,0,01,0,0,0,0,28078602,811D002D,1048575,23736,00,03
D,28079346,868,653,0,3531,282,0,0,0,0,0,01,0,0,0,0,28079406,811D002D,1048575,24525,00,03
D,28080323,977,653,0,3531,266,0,0,0,0,0,01,0,0,0,0,28080390,811D002D,1048575,25511,00,03
D,28081331,1008,653,0,3531,273,0,0,0,0,0,01,0,0,0,0,28081390,811D002D,1048575,26510,00,03
D,28082334,1003,653,0,3531,272,0,0,0,0,0,01,0,0,0,0,28082403,811D002D,1048575,27524,00,03
D,28083330,996,653,0,3531,275,0,0,0,0,0,01,0,0,0,0,28083387,811D002D,1048575,28505,00,03
D,28084322,992,653,0,3531,264,0,0,0,0,0,01,0,0,0,0,28084388,811D002D,1048575,29511,00,03
D,28085330,1008,653,0,3531,273,0,0,0,0,0,01,0,0,0,0,28085386,811D002D,1048575,30503,00,03
D,28086330,1000,653,0,3531,273,0,0,0,0,0,01,0,0,0,0,28086399,811D002D,1048575,31521,00,03
D,28087358,1028,653,0,3531,289,0,0,0,0,0,01,0,0,0,0,28087444,811D002D,1048575,32578,00,03
D,28088366,1008,653,0,3531,307,0,0,0,0,0,01,0,0,0,0,28088458,811D002D,1048575,33586,00,03
D,28089295,929,653,0,3531,242,0,0,0,0,0,01,0,0,0,0,28089335,811D002D,1048575,34448,00,03
D,28090311,1016,653,0,3531,246,0,0,0,0,0,01,0,0,0,0,28090354,811D002D,1048575,35466,00,03
D,28091308,997,653,0,3531,238,0,0,0,0,0,01,0,0,0,0,28091344,811D002D,1048575,36457,00,03
D,28092308,1000,653,0,3531,238,0,0,0,0,0,01,0,0,0,0,28092344,811D002D,1048575,37456,00,03
D,28093308,1000,653,0,3531,238,0,0,0,0,0,01,0,0,0,0,28093344,811D002D,1048575,38456,00,03
D,28094316,1008,653,0,3531,245,0,0,0,0,0,01,0,0,0,0,28094359,811D002D,1048575,39472,00,03
D,28095298,982,653,0,3531,238,0,0,0,0,0,01,0,0,0,0,28095334,811D002D,1048575,40446,00,03
D,28096324,1026,653,0,3531,263,0,0,0,0,0,01,0,0,0,0,28096400,811D002D,1048575,41522,00,03
D,28097411,1087,653,0,3531,356,0,0,0,0,0,01,0,0,0,0,28097588,811D002D,1048575,42741,00,03
D,28098475,1064,653,0,3531,418,0,0,0,0,0,01,0,0,0,0,28098604,811D002D,1048575,43737,00,03
D,28099352,877,653,0,3531,287,0,0,0,0,0,01,0,0,0,0,28099411,811D002D,1048575,44531,00,03
D,28100335,983,653,0,3531,267,0,0,0,0,0,01,0,0,0,0,28100400,811D002D,1048575,45524,00,03
D,28101347,1012,653,0,3531,277,0,0,0,0,0,01,0,0,0,0,28101404,811D002D,1048575,46522,00,03
D,28102333,986,653,0,3531,274,0,0,0,0,0,01,0,0,0,0,28102406,811D002D,1048575,47530,00,03
D,28103341,1008,653,0,3531,279,0,0,0,0,0,01,0,0,0,0,28103400,811D002D,1048575,48519,00,03
D,28104336,995,653,0,3531,265,0,0,0,0,0,01,0,0,0,0,28104402,811D002D,1048575,49526,00,03
D,28105347,1011,653,0,3531,276,0,0,0,0,0,01,0,0,0,0,28105406,811D002D,1048575,1,00,03
D,28106336,989,653,0,3531,273,0,0,0,0,0,01,0,0,0,0,28106422,811D002D,1048575,474,00,03
D,28107356,1020,653,0,3531,291,0,0,0,0,0,01,0,0,0,0,28107445,811D002D,1048575,1507,00,03
D,28108357,1001,653,0,3531,301,0,0,0,0,0,01,0,0,0,0,28108448,811D002D,1048575,2506,00,03
D,28109319,962,653,0,3531,248,0,0,0,0,0,01,0,0,0,0,28109355,811D002D,1048575,3398,00,03
D,28110301,982,653,0,3531,246,0,0,0,0,0,01,0,0,0,0,28110344,811D002D,1048575,4387,00,03
D,28111296,995,653,0,3531,238,0,0,0,0,0,01,0,0,0,0,28111331,811D002D,1048575,5374,00,03
D,28112296,1000,653,0,3531,238,0,0,0,0,0,01,0,0,0,0,28112332,811D002D,1048575,6375,00,03
D,28113298,1002,653,0,3531,238,0,0,0,0,0,01,0,0,0,0,28113334,811D002D,1048575,7377,00,03
D,28114315,1017,653,0,3531,245,0,0,0,0,0,01,0,0,0,0,28114357,811D002D,1048575,8400,00,03
D,28115308,993,653,0,3531,238,0,0,0,0,0,01,0,0,0,0,28115344,811D002D,1048575,9387,00,03
D,28116323,1015,653,0,3531,262,0,0,0,0,0,01,0,0,0,0,28116399,811D002D,1048575,10453,00,03
D,28117417,1094,653,0,3531,356,0,0,0,0,0,01,0,0,0,0,28117596,811D002D,1048575,11680,00,03
D,28118476,1059,653,0,3531,418,0,0,0,0,0,01,0,0,0,0,28118601,811D002D,1048575,12662,00,03
D,28119355,879,653,0,3531,284,0,0,0,0,0,01,0,0,0,0,28119413,811D002D,1048575,13461,00,03
D,28120334,979,653,0,3531,266,0,0,0,0,0,01,0,0,0,0,28120398,811D002D,1048575,14450,00,03
D,28121343,1009,653,0,3531,275,0,0,0,0,0,01,0,0,0,0,28121400,811D002D,1048575,15451,00,03
D,28122328,985,653,0,3531,271,0,0,0,0,0,01,0,0,0,0,28122397,811D002D,1048575,16448,00,03
D,28123347,1019,653,0,3531,278,0,0,0,0,0,01,0,0,0,0,28123403,811D002D,1048575,17451,00,03
D,28124334,987,653,0,3531,263,0,0,0,0,0,01,0,0,0,0,28124399,811D002D,1048575,18453,00,03
D,28125344,1010,653,0,3531,275,0,0,0,0,0,01,0,0,0,0,28125399,811D002D,1048575,19446,00,03
D,28126324,980,653,0,3531,269,0,0,0,0,0,01,0,0,0,0,28126394,811D002D,1048575,20446,00,03
D,28127351,1027,653,0,3531,286,0,0,0,0,0,01,0,0,0,0,28127431,811D002D,1048575,21491,00,03
D,28128384,1033,653,0,3531,315,0,0,0,0,0,01,0,0,0,0,28128469,811D002D,1048575,22526,00,03
D,28129307,923,653,0,3531,242,0,0,0,0,0,01,0,0,0,0,28129345,811D002D,1048575,23389,00,03
D,28130308,1001,653,0,3531,246,0,0,0,0,0,01,0,0,0,0,28130353,811D002D,1048575,24396,00,03
D,28131308,1000,653,0,3531,238,0,0,0,0,0,01,0,0,0,0,28131344,811D002D,1048575,25387,00,03
D,28132308,1000,653,0,3531,238,0,0,0,0,0,01,0,0,0,0,28132344,811D002D,1048575,26386,00,03
D,28133307,999,653,0,3531,238,0,0,0,0,0,01,0,0,0,0,28133343,811D002D,1048575,27385,00,03
D,28134315,1008,653,0,3531,244,0,0,0,0,0,01,0,0,0,0,28134357,811D002D,1048575,28400,00,03
D,28135296,981,653,0,3531,238,0,0,0,0,0,01,0,0,0,0,28135331,811D002D,1048575,29373,00,03
D,28136321,1025,653,0,3531,263,0,0,0,0,0,01,0,0,0,0,28136399,811D002D,1048575,30450,00,03
D,28137420,1099,653,0,3531,348,0,0,0,0,0,01,0,0,0,0,28137596,811D002D,1048575,31686,00,03
D,28138487,1067,653,0,3531,415,0,0,0,0,0,01,0,0,0,0,28138599,811D002D,1048575,32660,00,03
D,28139346,859,653,0,3531,282,0,0,0,0,0,01,0,0,0,0,28139409,811D002D,1048575,33459,00,03
D,28140342,996,653,0,3531,271,0,0,0,0,0,01,0,0,0,0,28140405,811D002D,1048575,34457,00,03
D,28141329,987,653,0,3531,273,0,0,0,0,0,01,0,0,0,0,28141390,811D002D,1048575,35441,00,03
D,28142332,1003,653,0,3531,276,0,0,0,0,0,01,0,0,0,0,28142402,811D002D,1048575,36454,00,03
D,28143331,999,653,0,3531,275,0,0,0,0,0,01,0,0,0,0,28143391,811D002D,1048575,37439,00,03
D,28144338,1007,653,0,3531,269,0,0,0,0,0,01,0,0,0,0,28144404,811D002D,1048575,38458,00,03
D,28145331,993,653,0,3531,275,0,0,0,0,0,01,0,0,0,0,28145390,811D002D,1048575,39440,00,03
D,28146344,1013,653,0,3531,275,0,0,0,0,0,01,0,0,0,0,28146414,811D002D,1048575,40465,00,03
D,28147357,1013,653,0,3531,289,0,0,0,0,0,01,0,0,0,0,28147460,811D002D,1048575,41529,00,03
D,28148356,999,653,0,3531,300,0,0,0,0,0,01,0,0,0,0,28148448,811D002D,1048575,42503,00,03
D,28149301,945,653,0,3531,243,0,0,0,0,0,01,0,0,0,0,28149339,811D002D,1048575,43382,00,03
D,28150315,1014,653,0,3531,249,0,0,0,0,0,01,0,0,0,0,28150358,811D002D,1048575,44401,00,03
D,28151298,983,653,0,3531,238,0,0,0,0,0,01,0,0,0,0,28151335,811D002D,1048575,45377,00,03
D,28152298,1000,653,0,3531,238,0,0,0,0,0,01,0,0,0,0,28152335,811D002D,1048575,46378,00,03
D,28153298,1000,653,0,3531,238,0,0,0,0,0,01,0,0,0,0,28153336,811D002D,1048575,47378,00,03
D,28154312,1014,653,0,3531,245,0,0,0,0,0,01,0,0,0,0,28154355,811D002D,1048575,48398,00,03
D,28155308,996,653,0,3531,238,0,0,0,0,0,01,0,0,0,0,28155346,811D002D,1048575,49389,00,03
D,28156319,1011,653,0,3531,265,0,0,0,0,0,01,0,0,0,0,28156400,811D002D,1048575,1,00,03
D,28157581,1262,653,0,3531,360,0,0,0,0,0,01,0,0,0,0,28157780,811D002D,1048575,719,00,03
D,28158488,907,653,0,3531,420,0,0,0,0,0,01,0,0,0,0,28158600,811D002D,1048575,1506,00,03
D,28159344,856,653,0,3531,283,0,0,0,0,0,01,0,0,0,0,28159411,811D002D,1048575,2307,00,03
D,28160317,973,653,0,3531,262,0,0,0,0,0,01,0,0,0,0,28160375,811D002D,1048575,3275,00,03
D,28161331,1014,653,0,3531,274,0,0,0,0,0,01,0,0,0,0,28161389,811D002D,1048575,4285,00,03
D,28162333,1002,653,0,3531,268,0,0,0,0,0,01,0,0,0,0,28162401,811D002D,1048575,5297,00,03
D,28163345,1012,653,0,3531,276,0,0,0,0,0,01,0,0,0,0,28163403,811D002D,1048575,6297,00,03
D,28164322,977,653,0,3531,266,0,0,0,0,0,01,0,0,0,0,28164389,811D002D,1048575,7289,00,03
D,28165338,1016,653,0,3531,275,0,0,0,0,0,01,0,0,0,0,28165395,811D002D,1048575,8288,00,03
D,28166345,1007,653,0,3531,277,0,0,0,0,0,01,0,0,0,0,28166416,811D002D,1048575,9314,00,03
D,28167358,1013,653,0,3531,287,0,0,0,0,0,01,0,0,0,0,28167440,811D002D,1048575,10344,00,03
D,28168357,999,653,0,3531,301,0,0,0,0,0,01,0,0,0,0,28168443,811D002D,1048575,11348,00,03
D,28169312,955,653,0,3531,249,0,0,0,0,0,01,0,0,0,0,28169350,811D002D,1048575,12239,00,03
D,28170313,1001,653,0,3531,248,0,0,0,0,0,01,0,0,0,0,28170355,811D002D,1048575,13244,00,03
D,28171296,983,653,0,3531,238,0,0,0,0,0,01,0,0,0,0,28171331,811D002D,1048575,14220,00,03
D,28172298,1002,653,0,3531,238,0,0,0,0,0,01,0,0,0,0,28172333,811D002D,1048575,15221,00,03
D,28173299,1001,653,0,3531,238,0,0,0,0,0,01,0,0,0,0,28173333,811D002D,1048575,16221,00,03
D,28174312,1013,653,0,3531,245,0,0,0,0,0,01,0,0,0,0,28174354,811D002D,1048575,17243,00,03
D,28175296,984,653,0,3531,238,0,0,0,0,0,01,0,0,0,0,28175330,811D002D,1048575,18218,00,03
D,28176325,1029,653,0,3531,258,0,0,0,0,0,01,0,0,0,0,28176401,811D002D,1048575,19299,00,03
D,28177412,1087,653,0,3531,357,0,0,0,0,0,01,0,0,0,0,28177586,811D002D,1048575,20518,00,03
D,28178483,1071,653,0,3531,409,0,0,0,0,0,01,0,0,0,0,28178600,811D002D,1048575,21508,00,03
D,28179345,862,653,0,3531,289,0,0,0,0,0,01,0,0,0,0,28179406,811D002D,1048575,22302,00,03
D,28180336,991,653,0,3531,268,0,0,0,0,0,01,0,0,0,0,28180401,811D002D,1048575,23300,00,03
D,28181345,1009,653,0,3531,277,0,0,0,0,0,01,0,0,0,0,28181406,811D002D,1048575,24301,00,03
D,28182346,1001,653,0,3531,277,0,0,0,0,0,01,0,0,0,0,28182419,811D002D,1048575,25319,00,03
D,28183336,990,653,0,3531,279,0,0,0,0,0,01,0,0,0,0,28183398,811D002D,1048575,26292,00,03
D,28184329,993,653,0,3531,271,0,0,0,0,0,01,0,0,0,0,28184399,811D002D,1048575,27299,00,03
D,28185333,1004,653,0,3531,278,0,0,0,0,0,01,0,0,0,0,28185395,811D002D,1048575,28291,00,03
D,28186338,1005,653,0,3531,277,0,0,0,0,0,01,0,0,0,0,28186412,811D002D,1048575,29311,00,03
D,28187358,1020,653,0,3531,291,0,0,0,0,0,01,0,0,0,0,28187444,811D002D,1048575,30356,00,03
D,28188371,1013,653,0,3531,302,0,0,0,0,0,01,0,0,0,0,28188459,811D002D,1048575,31359,00,03
D,28189308,937,653,0,3531,244,0,0,0,0,0,01,0,0,0,0,28189350,811D002D,1048575,32238,00,03
D,28190307,999,653,0,3531,246,0,0,0,0,0,01,0,0,0,0,28190351,811D002D,1048575,33240,00,03
D,28191304,997,653,0,3531,238,0,0,0,0,0,01,0,0,0,0,28191341,811D002D,1048575,34229,00,03
D,28192302,998,653,0,3531,238,0,0,0,0,0,01,0,0,0,0,28192339,811D002D,1048575,35228,00,03
D,28193301,999,653,0,3531,238,0,0,0,0,0,01,0,0,0,0,28193338,811D002D,1048575,36227,00,03
D,28194312,1011,653,0,3531,244,0,0,0,0,0,01,0,0,0,0,28194356,811D002D,1048575,37245,00,03
D,28195308,996,653,0,3531,238,0,0,0,0,0,01,0,0,0,0,28195345,811D002D,1048575,38234,00,03
D,28196334,1026,653,0,3531,263,0,0,0,0,0,01,0,0,0,0,28196413,811D002D,1048575,39313,00,03
D,28197406,1072,653,0,3531,351,0,0,0,0,0,01,0,0,0,0,28197590,811D002D,1048575,40522,00,03
D,28198490,1084,653,0,3531,422,0,0,0,0,0,01,0,0,0,0,28198608,811D002D,1048575,41515,00,03
D,28199349,859,653,0,3531,282,0,0,0,0,0,01,0,0,0,0,28199408,811D002D,1048575,42302,00,03
D,28200335,986,653,0,3531,272,0,0,0,0,0,01,0,0,0,0,28200397,811D002D,1048575,43294,00,03
D,28201334,999,653,0,3531,273,0,0,0,0,0,01,0,0,0,0,28201397,811D002D,1048575,44293,00,03
D,28202336,1002,653,0,3531,275,0,0,0,0,0,01,0,0,0,0,28202404,811D002D,1048575,45301,00,03
D,28203332,996,653,0,3531,277,0,0,0,0,0,01,0,0,0,0,28203389,811D002D,1048575,46283,00,03
D,28204333,1001,653,0,3531,267,0,0,0,0,0,01,0,0,0,0,28204397,811D002D,1048575,47296,00,03
D,28205335,1002,653,0,3531,273,0,0,0,0,0,01,0,0,0,0,28205393,811D002D,1048575,48287,00,03
D,28206348,1013,653,0,3531,278,0,0,0,0,0,01,0,0,0,0,28206417,811D002D,1048575,49314,00,03
D,28207344,996,653,0,3531,287,0,0,0,0,0,01,0,0,0,0,28207420,811D002D,1048575,2,00,03
D,28208464,1120,653,0,3531,317,0,0,0,0,0,01,0,0,0,0,28208554,811D002D,1048575,522,00,03
D,28209303,839,653,0,3531,242,0,0,0,0,0,01,0,0,0,0,28209342,811D002D,1048575,1298,00,03
D,28210309,1006,653,0,3531,246,0,0,0,0,0,01,0,0,0,0,28210350,811D002D,1048575,2305,00,03
D,28211295,986,653,0,3531,238,0,0,0,0,0,01,0,0,0,0,28211331,811D002D,1048575,3286,00,03
D,28212293,998,653,0,3531,238,0,0,0,0,0,01,0,0,0,0,28212329,811D002D,1048575,4284,00,03
D,28213308,1015,653,0,3531,238,0,0,0,0,0,01,0,0,0,0,28213344,811D002D,1048575,5298,00,03
D,28214304,996,653,0,3531,245,0,0,0,0,0,01,0,0,0,0,28214346,811D002D,1048575,6301,00,03
D,28215292,988,653,0,3531,238,0,0,0,0,0,01,0,0,0,0,28215328,811D002D,1048575,7282,00,03
D,28216330,1038,653,0,3531,261,0,0,0,0,0,01,0,0,0,0,28216406,811D002D,1048575,8370,00,03
D,28217411,1081,653,0,3531,350,0,0,0,0,0,01,0,0,0,0,28217578,811D002D,1048575,9576,00,03
D,28218475,1064,653,0,3531,416,0,0,0,0,0,01,0,0,0,0,28218597,811D002D,1048575,10574,00,03
D,28219346,871,653,0,3531,286,0,0,0,0,0,01,0,0,0,0,28219404,811D002D,1048575,11364,00,03
D,28220321,975,653,0,3531,264,0,0,0,0,0,01,0,0,0,0,28220385,811D002D,1048575,12349,00,03
D,28221345,1024,653,0,3531,277,0,0,0,0,0,01,0,0,0,0,28221402,811D002D,1048575,13361,00,03
D,28222332,987,653,0,3531,273,0,0,0,0,0,01,0,0,0,0,28222404,811D002D,1048575,14369,00,03
D,28223341,1009,653,0,3531,279,0,0,0,0,0,01,0,0,0,0,28223399,811D002D,1048575,15358,00,03
D,28224337,996,653,0,3531,267,0,0,0,0,0,01,0,0,0,0,28224401,811D002D,1048575,16367,00,03
D,28225347,1010,653,0,3531,276,0,0,0,0,0,01,0,0,0,0,28225404,811D002D,1048575,17364,00,03
D,28226334,987,653,0,3531,273,0,0,0,0,0,01,0,0,0,0,28226404,811D002D,1048575,18369,00,03
D,28227351,1017,653,0,3531,291,0,0,0,0,0,01,0,0,0,0,28227431,811D002D,1048575,19394,00,03
D,28228364,1013,653,0,3531,298,0,0,0,0,0,01,0,0,0,0,28228454,811D002D,1048575,20426,00,03
D,28229309,945,653,0,3531,249,0,0,0,0,0,01,0,0,0,0,28229345,811D002D,1048575,21300,00,03
D,28230309,1000,653,0,3531,249,0,0,0,0,0,01,0,0,0,0,28230350,811D002D,1048575,22305,00,03
D,28231307,998,653,0,3531,238,0,0,0,0,0,01,0,0,0,0,28231341,811D002D,1048575,23295,00,03
D,28232303,996,653,0,3531,238,0,0,0,0,0,01,0,0,0,0,28232338,811D002D,1048575,24293,00,03
D,28233302,999,653,0,3531,238,0,0,0,0,0,01,0,0,0,0,28233337,811D002D,1048575,25292,00,03
D,28234315,1013,653,0,3531,245,0,0,0,0,0,01,0,0,0,0,28234355,811D002D,1048575,26310,00,03
D,28235296,981,653,0,3531,238,0,0,0,0,0,01,0,0,0,0,28235330,811D002D,1048575,27286,00,03
D,28236319,1023,653,0,3531,261,0,0,0,0,0,01,0,0,0,0,28236399,811D002D,1048575,28364,00,03
D,28237413,1094,653,0,3531,358,0,0,0,0,0,01,0,0,0,0,28237595,811D002D,1048575,29592,00,03
D,28238483,1070,653,0,3531,425,0,0,0,0,0,01,0,0,0,0,28238601,811D002D,1048575,30572,00,03
D,28239340,857,653,0,3531,282,0,0,0,0,0,01,0,0,0,0,28239399,811D002D,1048575,31362,00,03
D,28240327,987,653,0,3531,269,0,0,0,0,0,01,0,0,0,0,28240390,811D002D,1048575,32352,00,03
D,28241328,1001,653,0,3531,272,0,0,0,0,0,01,0,0,0,0,28241387,811D002D,1048575,33350,00,03
D,28242341,1013,653,0,3531,274,0,0,0,0,0,01,0,0,0,0,28242410,811D002D,1048575,34373,00,03
D,28243340,999,653,0,3531,278,0,0,0,0,0,01,0,0,0,0,28243397,811D002D,1048575,35358,00,03
D,28244323,983,653,0,3531,266,0,0,0,0,0,01,0,0,0,0,28244388,811D002D,1048575,36353,00,03
D,28245344,1021,653,0,3531,273,0,0,0,0,0,01,0,0,0,0,28245401,811D002D,1048575,37363,00,03
D,28246336,992,653,0,3531,275,0,0,0,0,0,01,0,0,0,0,28246406,811D002D,1048575,38368,00,03
D,28247345,1009,653,0,3531,286,0,0,0,0,0,01,0,0,0,0,28247433,811D002D,1048575,39411,00,03
D,28248367,1022,653,0,3531,308,0,0,0,0,0,01,0,0,0,0,28248460,811D002D,1048575,40430,00,03
D,28249304,937,653,0,3531,240,0,0,0,0,0,01,0,0,0,0,28249342,811D002D,1048575,41297,00,03
D,28250306,1002,653,0,3531,249,0,0,0,0,0,01,0,0,0,0,28250349,811D002D,1048575,42304,00,03
D,28251303,997,653,0,3531,238,0,0,0,0,0,01,0,0,0,0,28251339,811D002D,1048575,43294,00,03
D,28252303,1000,653,0,3531,238,0,0,0,0,0,01,0,0,0,0,28252339,811D002D,1048575,44294,00,03
D,28253301,998,653,0,3531,238,0,0,0,0,0,01,0,0,0,0,28253337,811D002D,1048575,45291,00,03
D,28254312,1011,653,0,3531,245,0,0,0,0,0,01,0,0,0,0,28254355,811D002D,1048575,46310,00,03
D,28255308,996,653,0,3531,238,0,0,0,0,0,01,0,0,0,0,28255344,811D002D,1048575,47298,00,03
D,28256334,1026,653,0,3531,262,0,0,0,0,0,01,0,0,0,0,28256412,811D002D,1048575,48382,00,03
D,28257413,1079,653,0,3531,357,0,0,0,0,0,01,0,0,0,0,28257592,811D002D,1048575,49590,00,03
D,28258484,1071,653,0,3531,416,0,0,0,0,0,01,0,0,0,0,28258605,811D002D,1048575,0,00,03
D,28259573,1089,653,0,3531,297,0,0,0,0,0,01,0,0,0,0,28259647,811D002D,1048575,484,00,03
D,28260335,762,653,0,3531,270,0,0,0,0,0,01,0,0,0,0,28260402,811D002D,1048575,1244,00,03
D,28261344,1009,653,0,3531,276,0,0,0,0,0,01,0,0,0,0,28261408,811D002D,1048575,2245,00,03
D,28262345,1001,653,0,3531,281,0,0,0,0,0,01,0,0,0,0,28262419,811D002D,1048575,3260,00,03
D,28263350,1005,653,0,3531,278,0,0,0,0,0,01,0,0,0,0,28263414,811D002D,1048575,4251,00,03
D,28264337,987,653,0,3531,273,0,0,0,0,0,01,0,0,0,0,28264405,811D002D,1048575,5246,00,03
D,28265333,996,653,0,3531,276,0,0,0,0,0,01,0,0,0,0,28265399,811D002D,1048575,6237,00,03
D,28266351,1018,653,0,3531,280,0,0,0,0,0,01,0,0,0,0,28266424,811D002D,1048575,7264,00,03
D,28267352,1001,653,0,3531,293,0,0,0,0,0,01,0,0,0,0,28267438,811D002D,1048575,8290,00,03
D,28268365,1013,653,0,3531,309,0,0,0,0,0,01,0,0,0,0,28268453,811D002D,1048575,9298,00,03
D,28269310,945,653,0,3531,243,0,0,0,0,0,01,0,0,0,0,28269349,811D002D,1048575,10178,00,03
D,28270309,999,653,0,3531,246,0,0,0,0,0,01,0,0,0,0,28270351,811D002D,1048575,11181,00,03
D,28271308,999,653,0,3531,238,0,0,0,0,0,01,0,0,0,0,28271342,811D002D,1048575,12171,00,03
D,28272308,1000,653,0,3531,238,0,0,0,0,0,01,0,0,0,0,28272343,811D002D,1048575,13173,00,03
D,28273308,1000,653,0,3531,238,0,0,0,0,0,01,0,0,0,0,28273343,811D002D,1048575,14173,00,03
D,28274301,993,653,0,3531,245,0,0,0,0,0,01,0,0,0,0,28274342,811D002D,1048575,15172,00,03
D,28275297,996,653,0,3531,238,0,0,0,0,0,01,0,0,0,0,28275332,811D002D,1048575,16162,00,03
D,28276324,1027,653,0,3531,263,0,0,0,0,0,01,0,0,0,0,28276403,811D002D,1048575,17243,00,03
D,28277407,1083,653,0,3531,353,0,0,0,0,0,01,0,0,0,0,28277591,811D002D,1048575,18463,00,03
D,28278480,1073,653,0,3531,424,0,0,0,0,0,01,0,0,0,0,28278601,811D002D,1048575,19449,00,03
D,28279343,863,653,0,3531,282,0,0,0,0,0,01,0,0,0,0,28279398,811D002D,1048575,20232,00,03
D,28280336,993,653,0,3531,265,0,0,0,0,0,01,0,0,0,0,28280398,811D002D,1048575,21237,00,03
D,28281343,1007,653,0,3531,275,0,0,0,0,0,01,0,0,0,0,28281399,811D002D,1048575,22237,00,03
D,28282326,983,653,0,3531,271,0,0,0,0,0,01,0,0,0,0,28282395,811D002D,1048575,23233,00,03
D,28283346,1020,653,0,3531,278,0,0,0,0,0,01,0,0,0,0,28283399,811D002D,1048575,24234,00,03
D,28284332,986,653,0,3531,263,0,0,0,0,0,01,0,0,0,0,28284398,811D002D,1048575,25239,00,03
D,28285345,1013,653,0,3531,276,0,0,0,0,0,01,0,0,0,0,28285399,811D002D,1048575,26233,00,03
D,28286342,997,653,0,3531,270,0,0,0,0,0,01,0,0,0,0,28286411,811D002D,1048575,27250,00,03
D,28287351,1009,653,0,3531,286,0,0,0,0,0,01,0,0,0,0,28287436,811D002D,1048575,28289,00,03
D,28288372,1021,653,0,3531,304,0,0,0,0,0,01,0,0,0,0,28288462,811D002D,1048575,29307,00,03
D,28289305,933,653,0,3531,241,0,0,0,0,0,01,0,0,0,0,28289343,811D002D,1048575,30172,00,03
D,28290307,1002,653,0,3531,248,0,0,0,0,0,01,0,0,0,0,28290349,811D002D,1048575,31179,00,03
D,28291303,996,653,0,3531,238,0,0,0,0,0,01,0,0,0,0,28291339,811D002D,1048575,32169,00,03
D,28292302,999,653,0,3531,238,0,0,0,0,0,01,0,0,0,0,28292338,811D002D,1048575,33167,00,03
D,28293299,997,653,0,3531,237,0,0,0,0,0,01,0,0,0,0,28293335,811D002D,1048575,34164,00,03
D,28294313,1014,653,0,3531,244,0,0,0,0,0,01,0,0,0,0,28294355,811D002D,1048575,35185,00,03
D,28295292,979,653,0,3531,238,0,0,0,0,0,01,0,0,0,0,28295327,811D002D,1048575,36156,00,03
D,28296315,1023,653,0,3531,261,0,0,0,0,0,01,0,0,0,0,28296395,811D002D,1048575,37233,00,03
D,28297415,1100,653,0,3531,356,0,0,0,0,0,01,0,0,0,0,28297594,811D002D,1048575,38472,00,03
D,28298491,1076,653,0,3531,418,0,0,0,0,0,01,0,0,0,0,28298607,811D002D,1048575,39453,00,03
D,28299351,860,653,0,3531,281,0,0,0,0,0,01,0,0,0,0,28299414,811D002D,1048575,40251,00,03
D,28300331,980,653,0,3531,272,0,0,0,0,0,01,0,0,0,0,28300393,811D002D,1048575,41232,00,03
D,28301339,1008,653,0,3531,274,0,0,0,0,0,01,0,0,0,0,28301400,811D002D,1048575,42237,00,03
D,28302338,999,653,0,3531,277,0,0,0,0,0,01,0,0,0,0,28302408,811D002D,1048575,43247,00,03
D,28303339,1001,653,0,3531,276,0,0,0,0,0,01,0,0,0,0,28303399,811D002D,1048575,44235,00,03
D,28304325,986,653,0,3531,269,0,0,0,0,0,01,0,0,0,0,28304391,811D002D,1048575,45232,00,03
D,28305341,1016,653,0,3531,275,0,0,0,0,0,01,0,0,0,0,28305400,811D002D,1048575,46237,00,03
D,28306340,999,653,0,3531,279,0,0,0,0,0,01,0,0,0,0,28306410,811D002D,1048575,47248,00,03
D,28307354,1014,653,0,3531,288,0,0,0,0,0,01,0,0,0,0,28307445,811D002D,1048575,48303,00,03
D,28308365,1011,653,0,3531,304,0,0,0,0,0,01,0,0,0,0,28308457,811D002D,1048575,49301,00,03
D,28309309,944,653,0,3531,242,0,0,0,0,0,01,0,0,0,0,28309348,811D002D,1048575,0,00,03
D,28310323,1014,653,0,3531,265,0,0,0,0,0,01,0,0,0,0,28310388,811D002D,1048575,511,00,03
D,28311302,979,653,0,3531,238,0,0,0,0,0,01,0,0,0,0,28311337,811D002D,1048575,1457,00,03
D,28312299,997,653,0,3531,238,0,0,0,0,0,01,0,0,0,0,28312335,811D002D,1048575,2455,00,03
D,28313297,998,653,0,3531,237,0,0,0,0,0,01,0,0,0,0,28313332,811D002D,1048575,3452,00,03
D,28314302,1005,653,0,3531,245,0,0,0,0,0,01,0,0,0,0,28314343,811D002D,1048575,4463,00,03
D,28315299,997,653,0,3531,238,0,0,0,0,0,01,0,0,0,0,28315335,811D002D,1048575,5455,00,03
D,28316330,1031,653,0,3531,267,0,0,0,0,0,01,0,0,0,0,28316411,811D002D,1048575,6540,00,03
D,28317409,1079,653,0,3531,353,0,0,0,0,0,01,0,0,0,0,28317592,811D002D,1048575,7761,00,03
D,28318472,1063,653,0,3531,413,0,0,0,0,0,01,0,0,0,0,28318600,811D002D,1048575,8740,00,03
D,28319344,872,653,0,3531,287,0,0,0,0,0,01,0,0,0,0,28319407,811D002D,1048575,9531,00,03
D,28320328,984,653,0,3531,267,0,0,0,0,0,01,0,0,0,0,28320392,811D002D,1048575,10523,00,03
D,28321339,1011,653,0,3531,277,0,0,0,0,0,01,0,0,0,0,28321397,811D002D,1048575,11522,00,03
D,28322343,1004,653,0,3531,272,0,0,0,0,0,01,0,0,0,0,28322414,811D002D,1048575,12544,00,03
D,28323348,1005,653,0,3531,280,0,0,0,0,0,01,0,0,0,0,28323406,811D002D,1048575,13531,00,03
D,28324328,980,653,0,3531,267,0,0,0,0,0,01,0,0,0,0,28324392,811D002D,1048575,14523,00,03
D,28325344,1016,653,0,3531,277,0,0,0,0,0,01,0,0,0,0,28325401,811D002D,1048575,15525,00,03
D,28326331,987,653,0,3531,272,0,0,0,0,0,01,0,0,0,0,28326405,811D002D,1048575,16536,00,03
D,28327350,1019,653,0,3531,289,0,0,0,0,0,01,0,0,0,0,28327421,811D002D,1048575,17554,00,03
D,28328363,1013,653,0,3531,304,0,0,0,0,0,01,0,0,0,0,28328457,811D002D,1048575,18593,00,03
D,28329310,947,653,0,3531,246,0,0,0,0,0,01,0,0,0,0,28329347,811D002D,1048575,19467,00,03
D,28330311,1001,653,0,3531,249,0,0,0,0,0,01,0,0,0,0,28330353,811D002D,1048575,20473,00,03
D,28331306,995,653,0,3531,238,0,0,0,0,0,01,0,0,0,0,28331342,811D002D,1048575,21462,00,03
D,28332304,998,653,0,3531,238,0,0,0,0,0,01,0,0,0,0,28332340,811D002D,1048575,22460,00,03
D,28333302,998,653,0,3531,238,0,0,0,0,0,01,0,0,0,0,28333338,811D002D,1048575,23457,00,03
D,28334313,1011,653,0,3531,246,0,0,0,0,0,01,0,0,0,0,28334357,811D002D,1048575,24477,00,03
D,28335292,979,653,0,3531,238,0,0,0,0,0,01,0,0,0,0,28335327,811D002D,1048575,25446,00,03
D,28336333,1041,653,0,3531,261,0,0,0,0,0,01,0,0,0,0,28336415,811D002D,1048575,26556,00,03
D,28337421,1088,653,0,3531,361,0,0,0,0,0,01,0,0,0,0,28337610,811D002D,1048575,27777,00,03
D,28338475,1054,653,0,3531,414,0,0,0,0,0,01,0,0,0,0,28338601,811D002D,1048575,28742,00,03
D,28339351,876,653,0,3531,285,0,0,0,0,0,01,0,0,0,0,28339408,811D002D,1048575,29533,00,03
D,28340326,975,653,0,3531,266,0,0,0,0,0,01,0,0,0,0,28340390,811D002D,1048575,30519,00,03
D,28341333,1007,653,0,3531,274,0,0,0,0,0,01,0,0,0,0,28341390,811D002D,1048575,31517,00,03
D,28342336,1003,653,0,3531,271,0,0,0,0,0,01,0,0,0,0,28342407,811D002D,1048575,32535,00,03
D,28343339,1003,653,0,3531,276,0,0,0,0,0,01,0,0,0,0,28343397,811D002D,1048575,33521,00,03
D,28344334,995,653,0,3531,264,0,0,0,0,0,01,0,0,0,0,28344400,811D002D,1048575,34531,00,03
D,28345345,1011,653,0,3531,276,0,0,0,0,0,01,0,0,0,0,28345399,811D002D,1048575,35524,00,03
D,28346341,996,653,0,3531,270,0,0,0,0,0,01,0,0,0,0,28346412,811D002D,1048575,36539,00,03
D,28347354,1013,653,0,3531,288,0,0,0,0,0,01,0,0,0,0,28347435,811D002D,1048575,37571,00,03
D,28348372,1018,653,0,3531,308,0,0,0,0,0,01,0,0,0,0,28348464,811D002D,1048575,38599,00,03
D,28349303,931,653,0,3531,242,0,0,0,0,0,01,0,0,0,0,28349343,811D002D,1048575,39462,00,03
D,28350306,1003,653,0,3531,246,0,0,0,0,0,01,0,0,0,0,28350349,811D002D,1048575,40469,00,03
D,28351306,1000,653,0,3531,240,0,0,0,0,0,01,0,0,0,0,28351341,811D002D,1048575,41460,00,03
D,28352304,998,653,0,3531,238,0,0,0,0,0,01,0,0,0,0,28352340,811D002D,1048575,42460,00,03
D,28353304,1000,653,0,3531,238,0,0,0,0,0,01,0,0,0,0,28353338,811D002D,1048575,43457,00,03
D,28354309,1005,653,0,3531,243,0,0,0,0,0,01,0,0,0,0,28354352,811D002D,1048575,44471,00,03
D,28355306,997,653,0,3531,238,0,0,0,0,0,01,0,0,0,0,28355342,811D002D,1048575,45462,00,03
D,28356332,1026,653,0,3531,261,0,0,0,0,0,01,0,0,0,0,28356408,811D002D,1048575,46536,00,03
D,28357413,1081,653,0,3531,351,0,0,0,0,0,01,0,0,0,0,28357600,811D002D,1048575,47768,00,03
D,28358481,1068,653,0,3531,424,0,0,0,0,0,01,0,0,0,0,28358604,811D002D,1048575,48744,00,03
D,28359345,864,653,0,3531,285,0,0,0,0,0,01,0,0,0,0,28359401,811D002D,1048575,49526,00,03
D,28360336,991,653,0,3531,265,0,0,0,0,0,01,0,0,0,0,28360400,811D002D,1048575,1,00,03
D,28361341,1005,653,0,3531,282,0,0,0,0,0,01,0,0,0,0,28361418,811D002D,1048575,476,00,03
D,28362332,991,653,0,3531,275,0,0,0,0,0,01,0,0,0,0,28362405,811D002D,1048575,1469,00,03
D,28363341,1009,653,0,3531,279,0,0,0,0,0,01,0,0,0,0,28363400,811D002D,1048575,2458,00,03
D,28364326,985,653,0,3531,267,0,0,0,0,0,01,0,0,0,0,28364391,811D002D,1048575,3454,00,03
D,28365339,1013,653,0,3531,277,0,0,0,0,0,01,0,0,0,0,28365397,811D002D,1048575,4454,00,03
D,28366333,994,653,0,3531,275,0,0,0,0,0,01,0,0,0,0,28366405,811D002D,1048575,5468,00,03
D,28367354,1021,653,0,3531,292,0,0,0,0,0,01,0,0,0,0,28367437,811D002D,1048575,6500,00,03
D,28368361,1007,653,0,3531,305,0,0,0,0,0,01,0,0,0,0,28368451,811D002D,1048575,7518,00,03
D,28369314,953,653,0,3531,248,0,0,0,0,0,01,0,0,0,0,28369354,811D002D,1048575,8405,00,03
D,28370314,1000,653,0,3531,245,0,0,0,0,0,01,0,0,0,0,28370356,811D002D,1048575,9408,00,03
D,28371308,994,653,0,3531,238,0,0,0,0,0,01,0,0,0,0,28371344,811D002D,1048575,10396,00,03
D,28372309,1001,653,0,3531,239,0,0,0,0,0,01,0,0,0,0,28372344,811D002D,1048575,11396,00,03
D,28373308,999,653,0,3531,238,0,0,0,0,0,01,0,0,0,0,28373344,811D002D,1048575,12395,00,03
D,28374300,992,653,0,3531,245,0,0,0,0,0,01,0,0,0,0,28374342,811D002D,1048575,13394,00,03
D,28375297,997,653,0,3531,238,0,0,0,0,0,01,0,0,0,0,28375333,811D002D,1048575,14384,00,03
D,28376322,1025,653,0,3531,260,0,0,0,0,0,01,0,0,0,0,28376401,811D002D,1048575,15464,00,03
D,28377419,1097,653,0,3531,356,0,0,0,0,0,01,0,0,0,0,28377599,811D002D,1048575,16701,00,03
D,28378483,1064,653,0,3531,417,0,0,0,0,0,01,0,0,0,0,28378603,811D002D,1048575,17674,00,03
D,28379350,867,653,0,3531,283,0,0,0,0,0,01,0,0,0,0,28379411,811D002D,1048575,18471,00,03
D,28380316,966,653,0,3531,261,0,0,0,0,0,01,0,0,0,0,28380375,811D002D,1048575,19439,00,03
D,28381339,1023,653,0,3531,274,0,0,0,0,0,01,0,0,0,0,28381397,811D002D,1048575,20455,00,03
D,28382341,1002,653,0,3531,270,0,0,0,0,0,01,0,0,0,0,28382414,811D002D,1048575,21477,00,03
D,28383345,1004,653,0,3531,275,0,0,0,0,0,01,0,0,0,0,28383403,811D002D,1048575,22460,00,03
D,28384324,979,653,0,3531,265,0,0,0,0,0,01,0,0,0,0,28384389,811D002D,1048575,23450,00,03
D,28385338,1014,653,0,3531,275,0,0,0,0,0,01,0,0,0,0,28385397,811D002D,1048575,24456,00,03
D,28386329,991,653,0,3531,271,0,0,0,0,0,01,0,0,0,0,28386402,811D002D,1048575,25464,00,03
D,28387344,1015,653,0,3531,289,0,0,0,0,0,01,0,0,0,0,28387427,811D002D,1048575,26498,00,03
D,28388357,1013,653,0,3531,301,0,0,0,0,0,01,0,0,0,0,28388451,811D002D,1048575,27518,00,03
D,28389306,949,653,0,3531,243,0,0,0,0,0,01,0,0,0,0,28389345,811D002D,1048575,28396,00,03
D,28390307,1001,653,0,3531,248,0,0,0,0,0,01,0,0,0,0,28390350,811D002D,1048575,29402,00,03
D,28391305,998,653,0,3531,237,0,0,0,0,0,01,0,0,0,0,28391342,811D002D,1048575,30393,00,03
D,28392303,998,653,0,3531,237,0,0,0,0,0,01,0,0,0,0,28392340,811D002D,1048575,31392,00,03
D,28393303,1000,653,0,3531,237,0,0,0,0,0,01,0,0,0,0,28393340,811D002D,1048575,32391,00,03
D,28394314,1011,653,0,3531,244,0,0,0,0,0,01,0,0,0,0,28394356,811D002D,1048575,33408,00,03
D,28395297,983,653,0,3531,237,0,0,0,0,0,01,0,0,0,0,28395334,811D002D,1048575,34386,00,03
D,28396322,1025,653,0,3531,261,0,0,0,0,0,01,0,0,0,0,28396404,811D002D,1048575,35466,00,03
D,28397415,1093,653,0,3531,353,0,0,0,0,0,01,0,0,0,0,28397601,811D002D,1048575,36693,00,03
D,28398468,1053,653,0,3531,412,0,0,0,0,0,01,0,0,0,0,28398594,811D002D,1048575,37665,00,03
D,28399348,880,653,0,3531,286,0,0,0,0,0,01,0,0,0,0,28399408,811D002D,1048575,38465,00,03
D,28400325,977,653,0,3531,264,0,0,0,0,0,01,0,0,0,0,28400390,811D002D,1048575,39451,00,03
D,28401331,1006,653,0,3531,273,0,0,0,0,0,01,0,0,0,0,28401389,811D002D,1048575,40448,00,03
D,28402332,1001,653,0,3531,270,0,0,0,0,0,01,0,0,0,0,28402402,811D002D,1048575,41462,00,03
D,28403333,1001,653,0,3531,276,0,0,0,0,0,01,0,0,0,0,28403389,811D002D,1048575,42446,00,03
D,28404319,986,653,0,3531,262,0,0,0,0,0,01,0,0,0,0,28404390,811D002D,1048575,43453,00,03
D,28405335,1016,653,0,3531,274,0,0,0,0,0,01,0,0,0,0,28405390,811D002D,1048575,44446,00,03
D,28406332,997,653,0,3531,271,0,0,0,0,0,01,0,0,0,0,28406403,811D002D,1048575,45464,00,03
D,28407343,1011,653,0,3531,287,0,0,0,0,0,01,0,0,0,0,28407424,811D002D,1048575,46494,00,03
D,28408370,1027,653,0,3531,311,0,0,0,0,0,01,0,0,0,0,28408459,811D002D,1048575,47525,00,03
D,28409296,926,653,0,3531,241,0,0,0,0,0,01,0,0,0,0,28409335,811D002D,1048575,48388,00,03
D,28410313,1017,653,0,3531,246,0,0,0,0,0,01,0,0,0,0,28410360,811D002D,1048575,49412,00,03
D,28411297,984,653,0,3531,237,0,0,0,0,0,01,0,0,0,0,28411334,811D002D,1048575,1,00,03
D,28412320,1023,653,0,3531,251,0,0,0,0,0,01,0,0,0,0,28412387,811D002D,1048575,520,00,03
D,28413295,975,653,0,3531,238,0,0,0,0,0,01,0,0,0,0,28413331,811D002D,1048575,1464,00,03
D,28414304,1009,653,0,3531,243,0,0,0,0,0,01,0,0,0,0,28414349,811D002D,1048575,2481,00,03
D,28415302,998,653,0,3531,237,0,0,0,0,0,01,0,0,0,0,28415338,811D002D,1048575,3470,00,03
D,28416328,1026,653,0,3531,264,0,0,0,0,0,01,0,0,0,0,28416413,811D002D,1048575,4554,00,03
D,28417425,1097,653,0,3531,353,0,0,0,0,0,01,0,0,0,0,28417609,811D002D,1048575,5786,00,03
D,28418482,1057,653,0,3531,416,0,0,0,0,0,01,0,0,0,0,28418606,811D002D,1048575,6758,00,03
D,28419358,876,653,0,3531,289,0,0,0,0,0,01,0,0,0,0,28419415,811D002D,1048575,7552,00,03
D,28420336,978,653,0,3531,265,0,0,0,0,0,01,0,0,0,0,28420401,811D002D,1048575,8544,00,03
D,28421346,1010,653,0,3531,277,0,0,0,0,0,01,0,0,0,0,28421401,811D002D,1048575,9538,00,03
D,28422325,979,653,0,3531,270,0,0,0,0,0,01,0,0,0,0,28422398,811D002D,1048575,10541,00,03
D,28423349,1024,653,0,3531,279,0,0,0,0,0,01,0,0,0,0,28423405,811D002D,1048575,11541,00,03
D,28424320,971,653,0,3531,264,0,0,0,0,0,01,0,0,0,0,28424385,811D002D,1048575,12528,00,03
D,28425348,1028,653,0,3531,276,0,0,0,0,0,01,0,0,0,0,28425404,811D002D,1048575,13541,00,03
D,28426327,979,653,0,3531,268,0,0,0,0,0,01,0,0,0,0,28426401,811D002D,1048575,14543,00,03
D,28427361,1034,653,0,3531,290,0,0,0,0,0,01,0,0,0,0,28427443,811D002D,1048575,15584,00,03
D,28428357,996,653,0,3531,298,0,0,0,0,0,01,0,0,0,0,28428450,811D002D,1048575,16597,00,03
D,28429308,951,653,0,3531,246,0,0,0,0,0,01,0,0,0,0,28429346,811D002D,1048575,17477,00,03
D,28430309,1001,653,0,3531,249,0,0,0,0,0,01,0,0,0,0,28430352,811D002D,1048575,18484,00,03
D,28431308,999,653,0,3531,238,0,0,0,0,0,01,0,0,0,0,28431343,811D002D,1048575,19475,00,03
D,28432308,1000,653,0,3531,238,0,0,0,0,0,01,0,0,0,0,28432344,811D002D,1048575,20476,00,03
D,28433308,1000,653,0,3531,238,0,0,0,0,0,01,0,0,0,0,28433344,811D002D,1048575,21476,00,03
D,28434301,993,653,0,3531,245,0,0,0,0,0,01,0,0,0,0,28434344,811D002D,1048575,22475,00,03
D,28435298,997,653,0,3531,238,0,0,0,0,0,01,0,0,0,0,28435334,811D002D,1048575,23466,00,03
D,28436324,1026,653,0,3531,263,0,0,0,0,0,01,0,0,0,0,28436407,811D002D,1048575,24550,00,03
D,28437420,1096,653,0,3531,355,0,0,0,0,0,01,0,0,0,0,28437605,811D002D,1048575,25781,00,03
D,28438484,1064,653,0,3531,427,0,0,0,0,0,01,0,0,0,0,28438603,811D002D,1048575,26753,00,03
D,28439342,858,653,0,3531,279,0,0,0,0,0,01,0,0,0,0,28439402,811D002D,1048575,27541,00,03
D,28440320,978,653,0,3531,265,0,0,0,0,0,01,0,0,0,0,28440378,811D002D,1048575,28520,00,03
D,28441339,1019,653,0,3531,272,0,0,0,0,0,01,0,0,0,0,28441397,811D002D,1048575,29538,00,03
D,28442326,987,653,0,3531,270,0,0,0,0,0,01,0,0,0,0,28442395,811D002D,1048575,30534,00,03
D,28443335,1009,653,0,3531,277,0,0,0,0,0,01,0,0,0,0,28443392,811D002D,1048575,31531,00,03
D,28444323,988,653,0,3531,267,0,0,0,0,0,01,0,0,0,0,28444388,811D002D,1048575,32530,00,03
D,28445346,1023,653,0,3531,275,0,0,0,0,0,01,0,0,0,0,28445403,811D002D,1048575,33542,00,03
D,28446337,991,653,0,3531,275,0,0,0,0,0,01,0,0,0,0,28446407,811D002D,1048575,34547,00,03
D,28447344,1007,653,0,3531,287,0,0,0,0,0,01,0,0,0,0,28447430,811D002D,1048575,35585,00,03
D,28448368,1024,653,0,3531,302,0,0,0,0,0,01,0,0,0,0,28448460,811D002D,1048575,36606,00,03
D,28449304,936,653,0,3531,244,0,0,0,0,0,01,0,0,0,0,28449342,811D002D,1048575,37473,00,03
D,28450306,1002,653,0,3531,249,0,0,0,0,0,01,0,0,0,0,28450348,811D002D,1048575,38479,00,03
D,28451300,994,653,0,3531,238,0,0,0,0,0,01,0,0,0,0,28451336,811D002D,1048575,39468,00,03
D,28452299,999,653,0,3531,238,0,0,0,0,0,01,0,0,0,0,28452335,811D002D,1048575,40466,00,03
D,28453298,999,653,0,3531,238,0,0,0,0,0,01,0,0,0,0,28453334,811D002D,1048575,41465,00,03
D,28454313,1015,653,0,3531,244,0,0,0,0,0,01,0,0,0,0,28454355,811D002D,1048575,42487,00,03
D,28455308,995,653,0,3531,238,0,0,0,0,0,01,0,0,0,0,28455343,811D002D,1048575,43475,00,03
D,28456332,1024,653,0,3531,263,0,0,0,0,0,01,0,0,0,0,28456411,811D002D,1048575,44557,00,03
D,28457407,1075,653,0,3531,351,0,0,0,0,0,01,0,0,0,0,28457580,811D002D,1048575,45759,00,03
D,28458494,1087,653,0,3531,421,0,0,0,0,0,01,0,0,0,0,28458611,811D002D,1048575,46763,00,03
D,28459346,852,653,0,3531,287,0,0,0,0,0,01,0,0,0,0,28459408,811D002D,1048575,47546,00,03
D,28460327,981,653,0,3531,272,0,0,0,0,0,01,0,0,0,0,28460392,811D002D,1048575,48535,00,03
D,28461343,1016,653,0,3531,277,0,0,0,0,0,01,0,0,0,0,28461402,811D002D,1048575,49540,00,03
D,28462335,992,653,0,3531,280,0,0,0,0,0,01,0,0,0,0,28462409,811D002D,1048575,1,00,03
D,28463330,995,653,0,3531,273,0,0,0,0,0,01,0,0,0,0,28463410,811D002D,1048575,456,00,03
D,28464348,1018,653,0,3531,276,0,0,0,0,0,01,0,0,0,0,28464417,811D002D,1048575,1469,00,03
D,28465338,990,653,0,3531,281,0,0,0,0,0,01,0,0,0,0,28465402,811D002D,1048575,2450,00,03
D,28466343,1005,653,0,3531,280,0,0,0,0,0,01,0,0,0,0,28466415,811D002D,1048575,3465,00,03
D,28467360,1017,653,0,3531,289,0,0,0,0,0,01,0,0,0,0,28467455,811D002D,1048575,4518,00,03
D,28468362,1002,653,0,3531,302,0,0,0,0,0,01,0,0,0,0,28468454,811D002D,1048575,5506,00,03
D,28469305,943,653,0,3531,244,0,0,0,0,0,01,0,0,0,0,28469345,811D002D,1048575,6385,00,03
D,28470307,1002,653,0,3531,249,0,0,0,0,0,01,0,0,0,0,28470350,811D002D,1048575,7390,00,03
D,28471303,996,653,0,3531,238,0,0,0,0,0,01,0,0,0,0,28471339,811D002D,1048575,8379,00,03
D,28472301,998,653,0,3531,239,0,0,0,0,0,01,0,0,0,0,28472338,811D002D,1048575,9378,00,03
D,28473299,998,653,0,3531,238,0,0,0,0,0,01,0,0,0,0,28473336,811D002D,1048575,10375,00,03
D,28474312,1013,653,0,3531,244,0,0,0,0,0,01,0,0,0,0,28474355,811D002D,1048575,11395,00,03
D,28475305,993,653,0,3531,238,0,0,0,0,0,01,0,0,0,0,28475342,811D002D,1048575,12383,00,03
D,28476333,1028,653,0,3531,263,0,0,0,0,0,01,0,0,0,0,28476415,811D002D,1048575,13472,00,03
D,28477410,1077,653,0,3531,346,0,0,0,0,0,01,0,0,0,0,28477586,811D002D,1048575,14672,00,03
D,28478492,1082,653,0,3531,421,0,0,0,0,0,01,0,0,0,0,28478619,811D002D,1048575,15680,00,03
D,28479345,853,653,0,3531,285,0,0,0,0,0,01,0,0,0,0,28479404,811D002D,1048575,16448,00,03
D,28480324,979,653,0,3531,267,0,0,0,0,0,01,0,0,0,0,28480388,811D002D,1048575,17437,00,03
D,28481328,1004,653,0,3531,274,0,0,0,0,0,01,0,0,0,0,28481387,811D002D,1048575,18434,00,03
D,28482335,1007,653,0,3531,270,0,0,0,0,0,01,0,0,0,0,28482404,811D002D,1048575,19452,00,03
D,28483333,998,653,0,3531,276,0,0,0,0,0,01,0,0,0,0,28483389,811D002D,1048575,20434,00,03
D,28484323,990,653,0,3531,264,0,0,0,0,0,01,0,0,0,0,28484389,811D002D,1048575,21440,00,03
D,28485334,1011,653,0,3531,275,0,0,0,0,0,01,0,0,0,0,28485390,811D002D,1048575,22434,00,03
D,28486337,1003,653,0,3531,274,0,0,0,0,0,01,0,0,0,0,28486407,811D002D,1048575,23455,00,03
D,28487345,1008,653,0,3531,288,0,0,0,0,0,01,0,0,0,0,28487421,811D002D,1048575,24476,00,03
D,28488358,1013,653,0,3531,299,0,0,0,0,0,01,0,0,0,0,28488451,811D002D,1048575,25506,00,03
D,28489309,951,653,0,3531,246,0,0,0,0,0,01,0,0,0,0,28489347,811D002D,1048575,26387,00,03
D,28490311,1002,653,0,3531,250,0,0,0,0,0,01,0,0,0,0,28490354,811D002D,1048575,27394,00,03
D,28491308,997,653,0,3531,238,0,0,0,0,0,01,0,0,0,0,28491344,811D002D,1048575,28384,00,03
D,28492308,1000,653,0,3531,238,0,0,0,0,0,01,0,0,0,0,28492344,811D002D,1048575,29384,00,03
D,28493308,1000,653,0,3531,238,0,0,0,0,0,01,0,0,0,0,28493343,811D002D,1048575,30383,00,03
D,28494316,1008,653,0,3531,245,0,0,0,0,0,01,0,0,0,0,28494359,811D002D,1048575,31399,00,03
D,28495298,982,653,0,3531,238,0,0,0,0,0,01,0,0,0,0,28495334,811D002D,1048575,32373,00,03
D,28496328,1030,653,0,3531,263,0,0,0,0,0,01,0,0,0,0,28496409,811D002D,1048575,33458,00,03
D,28497413,1085,653,0,3531,346,0,0,0,0,0,01,0,0,0,0,28497592,811D002D,1048575,34676,00,03
D,28498481,1068,653,0,3531,423,0,0,0,0,0,01,0,0,0,0,28498603,811D002D,1048575,35662,00,03
D,28499347,866,653,0,3531,281,0,0,0,0,0,01,0,0,0,0,28499405,811D002D,1048575,36453,00,03
D,28500327,980,653,0,3531,268,0,0,0,0,0,01,0,0,0,0,28500391,811D002D,1048575,37441,00,03
D,28501335,1008,653,0,3531,275,0,0,0,0,0,01,0,0,0,0,28501390,811D002D,1048575,38436,00,03
D,28502337,1002,653,0,3531,272,0,0,0,0,0,01,0,0,0,0,28502410,811D002D,1048575,39461,00,03
D,28503342,1005,653,0,3531,278,0,0,0,0,0,01,0,0,0,0,28503399,811D002D,1048575,40445,00,03
D,28504322,980,653,0,3531,266,0,0,0,0,0,01,0,0,0,0,28504390,811D002D,1048575,41440,00,03
D,28505333,1011,653,0,3531,274,0,0,0,0,0,01,0,0,0,0,28505390,811D002D,1048575,42438,00,03
D,28506341,1008,653,0,3531,276,0,0,0,0,0,01,0,0,0,0,28506413,811D002D,1048575,43462,00,03
D,28507357,1016,653,0,3531,287,0,0,0,0,0,01,0,0,0,0,28507446,811D002D,1048575,44508,00,03
D,28508370,1013,653,0,3531,307,0,0,0,0,0,01,0,0,0,0,28508460,811D002D,1048575,45513,00,03
D,28509309,939,653,0,3531,242,0,0,0,0,0,01,0,0,0,0,28509348,811D002D,1048575,46387,00,03
D,28510303,994,653,0,3531,244,0,0,0,0,0,01,0,0,0,0,28510346,811D002D,1048575,47386,00,03
D,28511301,998,653,0,3531,240,0,0,0,0,0,01,0,0,0,0,28511337,811D002D,1048575,48377,00,03
D,28512298,997,653,0,3531,238,0,0,0,0,0,01,0,0,0,0,28512333,811D002D,1048575,49373,00,03
D,28513293,995,653,0,3531,236,0,0,0,0,0,01,0,0,0,0,28513330,811D002D,1048575,1,00,03
D,28514323,1030,653,0,3531,264,0,0,0,0,0,01,0,0,0,0,28514391,811D002D,1048575,531,00,03
D,28515308,985,653,0,3531,239,0,0,0,0,0,01,0,0,0,0,28515345,811D002D,1048575,1485,00,03
D,28516321,1013,653,0,3531,267,0,0,0,0,0,01,0,0,0,0,28516407,811D002D,1048575,2556,00,03
D,28517409,1088,653,0,3531,353,0,0,0,0,0,01,0,0,0,0,28517587,811D002D,1048575,3770,00,03
D,28518493,1084,653,0,3531,422,0,0,0,0,0,01,0,0,0,0,28518614,811D002D,1048575,4774,00,03
D,28519344,851,653,0,3531,283,0,0,0,0,0,01,0,0,0,0,28519404,811D002D,1048575,5546,00,03
D,28520321,977,653,0,3531,264,0,0,0,0,0,01,0,0,0,0,28520384,811D002D,1048575,6530,00,03
D,28521344,1023,653,0,3531,275,0,0,0,0,0,01,0,0,0,0,28521404,811D002D,1048575,7549,00,03
D,28522339,995,653,0,3531,274,0,0,0,0,0,01,0,0,0,0,28522407,811D002D,1048575,8553,00,03
D,28523337,998,653,0,3531,277,0,0,0,0,0,01,0,0,0,0,28523395,811D002D,1048575,9537,00,03
D,28524323,986,653,0,3531,268,0,0,0,0,0,01,0,0,0,0,28524390,811D002D,1048575,10539,00,03
D,28525343,1020,653,0,3531,277,0,0,0,0,0,01,0,0,0,0,28525400,811D002D,1048575,11542,00,03
D,28526337,994,653,0,3531,277,0,0,0,0,0,01,0,0,0,0,28526406,811D002D,1048575,12553,00,03
D,28527346,1009,653,0,3531,289,0,0,0,0,0,01,0,0,0,0,28527422,811D002D,1048575,13573,00,03
D,28528360,1014,653,0,3531,304,0,0,0,0,0,01,0,0,0,0,28528450,811D002D,1048575,14604,00,03
D,28529311,951,653,0,3531,245,0,0,0,0,0,01,0,0,0,0,28529352,811D002D,1048575,15489,00,03
D,28530311,1000,653,0,3531,246,0,0,0,0,0,01,0,0,0,0,28530352,811D002D,1048575,16490,00,03
D,28531309,998,653,0,3531,239,0,0,0,0,0,01,0,0,0,0,28531345,811D002D,1048575,17483,00,03
D,28532308,999,653,0,3531,238,0,0,0,0,0,01,0,0,0,0,28532344,811D002D,1048575,18482,00,03
D,28533308,1000,653,0,3531,238,0,0,0,0,0,01,0,0,0,0,28533344,811D002D,1048575,19481,00,03
D,28534316,1008,653,0,3531,245,0,0,0,0,0,01,0,0,0,0,28534358,811D002D,1048575,20496,00,03
D,28535298,982,653,0,3531,238,0,0,0,0,0,01,0,0,0,0,28535334,811D002D,1048575,21471,00,03
D,28536326,1028,653,0,3531,263,0,0,0,0,0,01,0,0,0,0,28536405,811D002D,1048575,22551,00,03
D,28537408,1082,653,0,3531,352,0,0,0,0,0,01,0,0,0,0,28537584,811D002D,1048575,23768,00,03
D,28538487,1079,653,0,3531,413,0,0,0,0,0,01,0,0,0,0,28538595,811D002D,1048575,24753,00,03
D,28539339,852,653,0,3531,283,0,0,0,0,0,01,0,0,0,0,28539399,811D002D,1048575,25545,00,03
D,28540331,992,653,0,3531,270,0,0,0,0,0,01,0,0,0,0,28540398,811D002D,1048575,26546,00,03
D,28541343,1012,653,0,3531,275,0,0,0,0,0,01,0,0,0,0,28541402,811D002D,1048575,27546,00,03
D,28542336,993,653,0,3531,273,0,0,0,0,0,01,0,0,0,0,28542411,811D002D,1048575,28560,00,03
D,28543346,1010,653,0,3531,279,0,0,0,0,0,01,0,0,0,0,28543408,811D002D,1048575,29551,00,03
D,28544325,979,653,0,3531,268,0,0,0,0,0,01,0,0,0,0,28544392,811D002D,1048575,30540,00,03
D,28545336,1011,653,0,3531,276,0,0,0,0,0,01,0,0,0,0,28545397,811D002D,1048575,31543,00,03
D,28546337,1001,653,0,3531,277,0,0,0,0,0,01,0,0,0,0,28546412,811D002D,1048575,32558,00,03
D,28547355,1018,653,0,3531,287,0,0,0,0,0,01,0,0,0,0,28547460,811D002D,1048575,33622,00,03
D,28548360,1005,653,0,3531,300,0,0,0,0,0,01,0,0,0,0,28548451,811D002D,1048575,34601,00,03
D,28549302,942,653,0,3531,243,0,0,0,0,0,01,0,0,0,0,28549340,811D002D,1048575,35478,00,03
D,28550317,1015,653,0,3531,249,0,0,0,0,0,01,0,0,0,0,28550361,811D002D,1048575,36499,00,03
D,28551298,981,653,0,3531,238,0,0,0,0,0,01,0,0,0,0,28551335,811D002D,1048575,37472,00,03
D,28552298,1000,653,0,3531,238,0,0,0,0,0,01,0,0,0,0,28552335,811D002D,1048575,38473,00,03
D,28553298,1000,653,0,3531,238,0,0,0,0,0,01,0,0,0,0,28553335,811D002D,1048575,39473,00,03
D,28554312,1014,653,0,3531,245,0,0,0,0,0,01,0,0,0,0,28554356,811D002D,1048575,40494,00,03
D,28555308,996,653,0,3531,238,0,0,0,0,0,01,0,0,0,0,28555345,811D002D,1048575,41483,00,03
D,28556338,1030,653,0,3531,266,0,0,0,0,0,01,0,0,0,0,28556421,811D002D,1048575,42581,00,03
D,28557413,1075,653,0,3531,353,0,0,0,0,0,01,0,0,0,0,28557584,811D002D,1048575,43768,00,03
D,28558476,1063,653,0,3531,415,0,0,0,0,0,01,0,0,0,0,28558608,811D002D,1048575,44768,00,03
D,28559352,876,653,0,3531,284,0,0,0,0,0,01,0,0,0,0,28559411,811D002D,1048575,45555,00,03
D,28560340,988,653,0,3531,270,0,0,0,0,0,01,0,0,0,0,28560402,811D002D,1048575,46549,00,03
D,28561342,1002,653,0,3531,274,0,0,0,0,0,01,0,0,0,0,28561403,811D002D,1048575,47548,00,03
D,28562336,994,653,0,3531,273,0,0,0,0,0,01,0,0,0,0,28562406,811D002D,1048575,48552,00,03
D,28563336,1000,653,0,3531,276,0,0,0,0,0,01,0,0,0,0,28563395,811D002D,1048575,49538,00,03
D,28564336,1000,653,0,3531,267,0,0,0,0,0,01,0,0,0,0,28564401,811D002D,1048575,1,00,03
D,28565326,990,653,0,3531,268,0,0,0,0,0,01,0,0,0,0,28565404,811D002D,1048575,460,00,03
D,28566347,1021,653,0,3531,279,0,0,0,0,0,01,0,0,0,0,28566419,811D002D,1048575,1482,00,03
D,28567351,1004,653,0,3531,292,0,0,0,0,0,01,0,0,0,0,28567433,811D002D,1048575,2500,00,03
D,28568384,1033,653,0,3531,316,0,0,0,0,0,01,0,0,0,0,28568472,811D002D,1048575,3541,00,03
D,28569301,917,653,0,3531,244,0,0,0,0,0,01,0,0,0,0,28569341,811D002D,1048575,4393,00,03
D,28570302,1001,653,0,3531,246,0,0,0,0,0,01,0,0,0,0,28570344,811D002D,1048575,5397,00,03
D,28571297,995,653,0,3531,238,0,0,0,0,0,01,0,0,0,0,28571333,811D002D,1048575,6386,00,03
D,28572297,1000,653,0,3531,238,0,0,0,0,0,01,0,0,0,0,28572333,811D002D,1048575,7385,00,03
D,28573297,1000,653,0,3531,238,0,0,0,0,0,01,0,0,0,0,28573333,811D002D,1048575,8385,00,03
D,28574306,1009,653,0,3531,245,0,0,0,0,0,01,0,0,0,0,28574349,811D002D,1048575,9402,00,03
D,28575302,996,653,0,3531,238,0,0,0,0,0,01,0,0,0,0,28575338,811D002D,1048575,10390,00,03
D,28576331,1029,653,0,3531,259,0,0,0,0,0,01,0,0,0,0,28576406,811D002D,1048575,11467,00,03
D,28577409,1078,653,0,3531,354,0,0,0,0,0,01,0,0,0,0,28577594,811D002D,1048575,12694,00,03
D,28578489,1080,653,0,3531,423,0,0,0,0,0,01,0,0,0,0,28578602,811D002D,1048575,13674,00,03
D,28579347,858,653,0,3531,284,0,0,0,0,0,01,0,0,0,0,28579412,811D002D,1048575,14473,00,03
D,28580333,986,653,0,3531,271,0,0,0,0,0,01,0,0,0,0,28580398,811D002D,1048575,15462,00,03
D,28581346,1013,653,0,3531,277,0,0,0,0,0,01,0,0,0,0,28581403,811D002D,1048575,16462,00,03
D,28582342,996,653,0,3531,278,0,0,0,0,0,01,0,0,0,0,28582415,811D002D,1048575,17478,00,03
D,28583349,1007,653,0,3531,278,0,0,0,0,0,01,0,0,0,0,28583409,811D002D,1048575,18467,00,03
D,28584337,988,653,0,3531,269,0,0,0,0,0,01,0,0,0,0,28584402,811D002D,1048575,19466,00,03
D,28585331,994,653,0,3531,276,0,0,0,0,0,01,0,0,0,0,28585390,811D002D,1048575,20449,00,03
D,28586347,1016,653,0,3531,277,0,0,0,0,0,01,0,0,0,0,28586419,811D002D,1048575,21482,00,03
D,28587348,1001,653,0,3531,291,0,0,0,0,0,01,0,0,0,0,28587430,811D002D,1048575,22494,00,03
D,28588360,1012,653,0,3531,297,0,0,0,0,0,01,0,0,0,0,28588452,811D002D,1048575,23520,00,03
D,28589309,949,653,0,3531,247,0,0,0,0,0,01,0,0,0,0,28589347,811D002D,1048575,24399,00,03
D,28590310,1001,653,0,3531,249,0,0,0,0,0,01,0,0,0,0,28590352,811D002D,1048575,25405,00,03
D,28591306,996,653,0,3531,238,0,0,0,0,0,01,0,0,0,0,28591342,811D002D,1048575,26394,00,03
D,28592304,998,653,0,3531,238,0,0,0,0,0,01,0,0,0,0,28592340,811D002D,1048575,27393,00,03
D,28593304,1000,653,0,3531,238,0,0,0,0,0,01,0,0,0,0,28593340,811D002D,1048575,28392,00,03
D,28594315,1011,653,0,3531,244,0,0,0,0,0,01,0,0,0,0,28594357,811D002D,1048575,29410,00,03
D,28595296,981,653,0,3531,238,0,0,0,0,0,01,0,0,0,0,28595332,811D002D,1048575,30385,00,03
D,28596319,1023,653,0,3531,261,0,0,0,0,0,01,0,0,0,0,28596399,811D002D,1048575,31462,00,03
D,28597413,1094,653,0,3531,356,0,0,0,0,0,01,0,0,0,0,28597588,811D002D,1048575,32682,00,03
D,28598489,1076,653,0,3531,419,0,0,0,0,0,01,0,0,0,0,28598607,811D002D,1048575,33679,00,03
D,28599349,860,653,0,3531,282,0,0,0,0,0,01,0,0,0,0,28599407,811D002D,1048575,34466,00,03
D,28600334,985,653,0,3531,270,0,0,0,0,0,01,0,0,0,0,28600399,811D002D,1048575,35460,00,03
D,28601343,1009,653,0,3531,273,0,0,0,0,0,01,0,0,0,0,28601401,811D002D,1048575,36463,00,03
D,28602334,991,653,0,3531,274,0,0,0,0,0,01,0,0,0,0,28602403,811D002D,1048575,37464,00,03
D,28603347,1013,653,0,3531,277,0,0,0,0,0,01,0,0,0,0,28603404,811D002D,1048575,38464,00,03
D,28604330,983,653,0,3531,266,0,0,0,0,0,01,0,0,0,0,28604394,811D002D,1048575,39457,00,03
D,28605334,1004,653,0,3531,274,0,0,0,0,0,01,0,0,0,0,28605390,811D002D,1048575,40450,00,03
D,28606343,1009,653,0,3531,275,0,0,0,0,0,01,0,0,0,0,28606412,811D002D,1048575,41473,00,03
D,28607355,1012,653,0,3531,286,0,0,0,0,0,01,0,0,0,0,28607440,811D002D,1048575,42516,00,03
D,28608378,1023,653,0,3531,309,0,0,0,0,0,01,0,0,0,0,28608468,811D002D,1048575,43536,00,03
D,28609311,933,653,0,3531,242,0,0,0,0,0,01,0,0,0,0,28609351,811D002D,1048575,44403,00,03
D,28610311,1000,653,0,3531,246,0,0,0,0,0,01,0,0,0,0,28610352,811D002D,1048575,45405,00,03
D,28611307,996,653,0,3531,238,0,0,0,0,0,01,0,0,0,0,28611343,811D002D,1048575,46396,00,03
D,28612307,1000,653,0,3531,238,0,0,0,0,0,01,0,0,0,0,28612343,811D002D,1048575,47395,00,03
D,28613304,997,653,0,3531,238,0,0,0,0,0,01,0,0,0,0,28613340,811D002D,1048575,48392,00,03
D,28614315,1011,653,0,3531,245,0,0,0,0,0,01,0,0,0,0,28614357,811D002D,1048575,49410,00,03
D,28615296,981,653,0,3531,238,0,0,0,0,0,01,0,0,0,0,28615331,811D002D,1048575,0,00,03
D,28616339,1043,653,0,3531,280,0,0,0,0,0,01,0,0,0,0,28616428,811D002D,1048575,574,00,03
D,28617417,1078,653,0,3531,345,0,0,0,0,0,01,0,0,0,0,28617586,811D002D,1048575,1771,00,03
D,28618471,1054,653,0,3531,407,0,0,0,0,0,01,0,0,0,0,28618595,811D002D,1048575,2752,00,03
D,28619345,874,653,0,3531,290,0,0,0,0,0,01,0,0,0,0,28619411,811D002D,1048575,3553,00,03
D,28620324,979,653,0,3531,268,0,0,0,0,0,01,0,0,0,0,28620390,811D002D,1048575,4537,00,03
D,28621339,1015,653,0,3531,277,0,0,0,0,0,01,0,0,0,0,28621396,811D002D,1048575,5536,00,03
D,28622331,992,653,0,3531,272,0,0,0,0,0,01,0,0,0,0,28622399,811D002D,1048575,6546,00,03
D,28623349,1018,653,0,3531,278,0,0,0,0,0,01,0,0,0,0,28623408,811D002D,1048575,7548,00,03
D,28624339,990,653,0,3531,270,0,0,0,0,0,01,0,0,0,0,28624403,811D002D,1048575,8550,00,03
D,28625335,996,653,0,3531,278,0,0,0,0,0,01,0,0,0,0,28625395,811D002D,1048575,9536,00,03
D,28626335,1000,653,0,3531,274,0,0,0,0,0,01,0,0,0,0,28626405,811D002D,1048575,10551,00,03
D,28627352,1017,653,0,3531,290,0,0,0,0,0,01,0,0,0,0,28627411,811D002D,1048575,11561,00,03
D,28628370,1018,653,0,3531,304,0,0,0,0,0,01,0,0,0,0,28628462,811D002D,1048575,12616,00,03
D,28629312,942,653,0,3531,247,0,0,0,0,0,01,0,0,0,0,28629351,811D002D,1048575,13487,00,03
D,28630313,1001,653,0,3531,246,0,0,0,0,0,01,0,0,0,0,28630355,811D002D,1048575,14491,00,03
D,28631296,983,653,0,3531,238,0,0,0,0,0,01,0,0,0,0,28631331,811D002D,1048575,15467,00,03
D,28632296,1000,653,0,3531,238,0,0,0,0,0,01,0,0,0,0,28632332,811D002D,1048575,16468,00,03
D,28633298,1002,653,0,3531,238,0,0,0,0,0,01,0,0,0,0,28633334,811D002D,1048575,17470,00,03
D,28634312,1014,653,0,3531,245,0,0,0,0,0,01,0,0,0,0,28634354,811D002D,1048575,18489,00,03
D,28635296,984,653,0,3531,238,0,0,0,0,0,01,0,0,0,0,28635332,811D002D,1048575,19468,00,03
D,28636318,1022,653,0,3531,260,0,0,0,0,0,01,0,0,0,0,28636397,811D002D,1048575,20543,00,03
D,28637419,1101,653,0,3531,353,0,0,0,0,0,01,0,0,0,0,28637604,811D002D,1048575,21786,00,03
D,28638491,1072,653,0,3531,423,0,0,0,0,0,01,0,0,0,0,28638609,811D002D,1048575,22766,00,03
D,28639352,861,653,0,3531,281,0,0,0,0,0,01,0,0,0,0,28639413,811D002D,1048575,23555,00,03
D,28640336,984,653,0,3531,267,0,0,0,0,0,01,0,0,0,0,28640399,811D002D,1048575,24544,00,03
D,28641342,1006,653,0,3531,275,0,0,0,0,0,01,0,0,0,0,28641400,811D002D,1048575,25543,00,03
D,28642332,990,653,0,3531,275,0,0,0,0,0,01,0,0,0,0,28642404,811D002D,1048575,26550,00,03
D,28643332,1000,653,0,3531,276,0,0,0,0,0,01,0,0,0,0,28643390,811D002D,1048575,27532,00,03
D,28644330,998,653,0,3531,266,0,0,0,0,0,01,0,0,0,0,28644394,811D002D,1048575,28539,00,03
D,28645341,1011,653,0,3531,276,0,0,0,0,0,01,0,0,0,0,28645399,811D002D,1048575,29540,00,03
D,28646331,990,653,0,3531,275,0,0,0,0,0,01,0,0,0,0,28646404,811D002D,1048575,30550,00,03
D,28647346,1015,653,0,3531,289,0,0,0,0,0,01,0,0,0,0,28647433,811D002D,1048575,31584,00,03
D,28648362,1016,653,0,3531,302,0,0,0,0,0,01,0,0,0,0,28648455,811D002D,1048575,32605,00,03
D,28649311,949,653,0,3531,244,0,0,0,0,0,01,0,0,0,0,28649349,811D002D,1048575,33484,00,03
D,28650310,999,653,0,3531,249,0,0,0,0,0,01,0,0,0,0,28650353,811D002D,1048575,34489,00,03
D,28651308,998,653,0,3531,238,0,0,0,0,0,01,0,0,0,0,28651344,811D002D,1048575,35480,00,03
D,28652308,1000,653,0,3531,238,0,0,0,0,0,01,0,0,0,0,28652344,811D002D,1048575,36479,00,03
D,28653307,999,653,0,3531,238,0,0,0,0,0,01,0,0,0,0,28653343,811D002D,1048575,37478,00,03
D,28654314,1007,653,0,3531,244,0,0,0,0,0,01,0,0,0,0,28654358,811D002D,1048575,38494,00,03
D,28655298,984,653,0,3531,238,0,0,0,0,0,01,0,0,0,0,28655334,811D002D,1048575,39469,00,03
D,28656323,1025,653,0,3531,263,0,0,0,0,0,01,0,0,0,0,28656403,811D002D,1048575,40550,00,03
D,28657412,1089,653,0,3531,351,0,0,0,0,0,01,0,0,0,0,28657592,811D002D,1048575,41770,00,03
D,28658479,1067,653,0,3531,416,0,0,0,0,0,01,0,0,0,0,28658602,811D002D,1048575,42758,00,03
D,28659346,867,653,0,3531,285,0,0,0,0,0,01,0,0,0,0,28659405,811D002D,1048575,43548,00,03
D,28660321,975,653,0,3531,263,0,0,0,0,0,01,0,0,0,0,28660384,811D002D,1048575,44527,00,03
D,28661342,1021,653,0,3531,275,0,0,0,0,0,01,0,0,0,0,28661401,811D002D,1048575,45545,00,03
D,28662334,992,653,0,3531,274,0,0,0,0,0,01,0,0,0,0,28662405,811D002D,1048575,46549,00,03
D,28663334,1000,653,0,3531,278,0,0,0,0,0,01,0,0,0,0,28663393,811D002D,1048575,47535,00,03
D,28664335,1001,653,0,3531,266,0,0,0,0,0,01,0,0,0,0,28664401,811D002D,1048575,48548,00,03
D,28665346,1011,653,0,3531,276,0,0,0,0,0,01,0,0,0,0,28665405,811D002D,1048575,49548,00,03
D,28666334,988,653,0,3531,272,0,0,0,0,0,01,0,0,0,0,28666404,811D002D,1048575,1,00,03
D,28667356,1022,653,0,3531,290,0,0,0,0,0,01,0,0,0,0,28667479,811D002D,1048575,562,00,03
D,28668365,1009,653,0,3531,308,0,0,0,0,0,01,0,0,0,0,28668455,811D002D,1048575,1519,00,03
D,28669310,945,653,0,3531,240,0,0,0,0,0,01,0,0,0,0,28669347,811D002D,1048575,2397,00,03
D,28670307,997,653,0,3531,245,0,0,0,0,0,01,0,0,0,0,28670352,811D002D,1048575,3402,00,03
D,28671299,992,653,0,3531,238,0,0,0,0,0,01,0,0,0,0,28671336,811D002D,1048575,4385,00,03
D,28672297,998,653,0,3531,238,0,0,0,0,0,01,0,0,0,0,28672334,811D002D,1048575,5384,00,03
D,28673297,1000,653,0,3531,238,0,0,0,0,0,01,0,0,0,0,28673335,811D002D,1048575,6384,00,03
D,28674316,1019,653,0,3531,245,0,0,0,0,0,01,0,0,0,0,28674360,811D002D,1048575,7410,00,03
D,28675308,992,653,0,3531,238,0,0,0,0,0,01,0,0,0,0,28675345,811D002D,1048575,8395,00,03
D,28676325,1017,653,0,3531,264,0,0,0,0,0,01,0,0,0,0,28676406,811D002D,1048575,9465,00,03
D,28677406,1081,653,0,3531,347,0,0,0,0,0,01,0,0,0,0,28677575,811D002D,1048575,10662,00,03
D,28678474,1068,653,0,3531,419,0,0,0,0,0,01,0,0,0,0,28678594,811D002D,1048575,11665,00,03
D,28679345,871,653,0,3531,285,0,0,0,0,0,01,0,0,0,0,28679402,811D002D,1048575,12457,00,03
D,28680325,980,653,0,3531,268,0,0,0,0,0,01,0,0,0,0,28680390,811D002D,1048575,13451,00,03
D,28681335,1010,653,0,3531,277,0,0,0,0,0,01,0,0,0,0,28681392,811D002D,1048575,14447,00,03
D,28682338,1003,653,0,3531,274,0,0,0,0,0,01,0,0,0,0,28682408,811D002D,1048575,15468,00,03
D,28683341,1003,653,0,3531,278,0,0,0,0,0,01,0,0,0,0,28683397,811D002D,1048575,16451,00,03
D,28684336,995,653,0,3531,267,0,0,0,0,0,01,0,0,0,0,28684400,811D002D,1048575,17461,00,03
D,28685345,1009,653,0,3531,276,0,0,0,0,0,01,0,0,0,0,28685402,811D002D,1048575,18456,00,03
D,28686336,991,653,0,3531,276,0,0,0,0,0,01,0,0,0,0,28686406,811D002D,1048575,19467,00,03
D,28687354,1018,653,0,3531,291,0,0,0,0,0,01,0,0,0,0,28687446,811D002D,1048575,20519,00,03
D,28688366,1012,653,0,3531,303,0,0,0,0,0,01,0,0,0,0,28688458,811D002D,1048575,21519,00,03
D,28689311,945,653,0,3531,245,0,0,0,0,0,01,0,0,0,0,28689350,811D002D,1048575,22399,00,03
D,28690309,998,653,0,3531,249,0,0,0,0,0,01,0,0,0,0,28690351,811D002D,1048575,23401,00,03
D,28691304,995,653,0,3531,239,0,0,0,0,0,01,0,0,0,0,28691341,811D002D,1048575,24391,00,03
D,28692302,998,653,0,3531,238,0,0,0,0,0,01,0,0,0,0,28692339,811D002D,1048575,25389,00,03
D,28693300,998,653,0,3531,238,0,0,0,0,0,01,0,0,0,0,28693336,811D002D,1048575,26386,00,03
D,28694313,1013,653,0,3531,245,0,0,0,0,0,01,0,0,0,0,28694356,811D002D,1048575,27406,00,03
D,28695308,995,653,0,3531,238,0,0,0,0,0,01,0,0,0,0,28695345,811D002D,1048575,28394,00,03
D,28696333,1025,653,0,3531,263,0,0,0,0,0,01,0,0,0,0,28696416,811D002D,1048575,29486,00,03
D,28697414,1081,653,0,3531,347,0,0,0,0,0,01,0,0,0,0,28697591,811D002D,1048575,30679,00,03
D,28698478,1064,653,0,3531,422,0,0,0,0,0,01,0,0,0,0,28698602,811D002D,1048575,31671,00,03
D,28699344,866,653,0,3531,280,0,0,0,0,0,01,0,0,0,0,28699402,811D002D,1048575,32459,00,03
D,28700328,984,653,0,3531,271,0,0,0,0,0,01,0,0,0,0,28700391,811D002D,1048575,33449,00,03
D,28701329,1001,653,0,3531,272,0,0,0,0,0,01,0,0,0,0,28701389,811D002D,1048575,34445,00,03
D,28702340,1011,653,0,3531,274,0,0,0,0,0,01,0,0,0,0,28702409,811D002D,1048575,35468,00,03
D,28703339,999,653,0,3531,277,0,0,0,0,0,01,0,0,0,0,28703397,811D002D,1048575,36451,00,03
D,28704322,983,653,0,3531,267,0,0,0,0,0,01,0,0,0,0,28704390,811D002D,1048575,37450,00,03
D,28705332,1010,653,0,3531,273,0,0,0,0,0,01,0,0,0,0,28705390,811D002D,1048575,38446,00,03
D,28706345,1013,653,0,3531,276,0,0,0,0,0,01,0,0,0,0,28706413,811D002D,1048575,39470,00,03
D,28707353,1008,653,0,3531,285,0,0,0,0,0,01,0,0,0,0,28707441,811D002D,1048575,40518,00,03
D,28708373,1020,653,0,3531,307,0,0,0,0,0,01,0,0,0,0,28708463,811D002D,1048575,41525,00,03
D,28709309,936,653,0,3531,240,0,0,0,0,0,01,0,0,0,0,28709351,811D002D,1048575,42400,00,03
D,28710311,1002,653,0,3531,247,0,0,0,0,0,01,0,0,0,0,28710355,811D002D,1048575,43405,00,03
D,28711308,997,653,0,3531,238,0,0,0,0,0,01,0,0,0,0,28711345,811D002D,1048575,44394,00,03
D,28712308,1000,653,0,3531,238,0,0,0,0,0,01,0,0,0,0,28712345,811D002D,1048575,45395,00,03
D,28713308,1000,653,0,3531,238,0,0,0,0,0,01,0,0,0,0,28713345,811D002D,1048575,46395,00,03
D,28714316,1008,653,0,3531,245,0,0,0,0,0,01,0,0,0,0,28714359,811D002D,1048575,47408,00,03
D,28715298,982,653,0,3531,238,0,0,0,0,0,01,0,0,0,0,28715335,811D002D,1048575,48385,00,03
D,28716326,1028,653,0,3531,264,0,0,0,0,0,01,0,0,0,0,28716404,811D002D,1048575,49463,00,03
D,28717410,1084,653,0,3531,354,0,0,0,0,0,01,0,0,0,0,28717590,811D002D,1048575,2,00,03
D,28718792,1382,653,0,3531,351,0,0,0,0,0,01,0,0,0,0,28718907,811D002D,1048575,667,00,03
D,28719337,545,653,0,3531,268,0,0,0,0,0,01,0,0,0,0,28719404,811D002D,1048575,1121,00,03
D,28720346,1009,653,0,3531,277,0,0,0,0,0,01,0,0,0,0,28720412,811D002D,1048575,2136,00,03
D,28721340,994,653,0,3531,277,0,0,0,0,0,01,0,0,0,0,28721405,811D002D,1048575,3127,00,03
D,28722341,1001,653,0,3531,284,0,0,0,0,0,01,0,0,0,0,28722412,811D002D,1048575,4135,00,03
D,28723347,1006,653,0,3531,277,0,0,0,0,0,01,0,0,0,0,28723412,811D002D,1048575,5135,00,03
D,28724344,997,653,0,3531,278,0,0,0,0,0,01,0,0,0,0,28724410,811D002D,1048575,6134,00,03
D,28725346,1002,653,0,3531,277,0,0,0,0,0,01,0,0,0,0,28725412,811D002D,1048575,7135,00,03
D,28726343,997,653,0,3531,285,0,0,0,0,0,01,0,0,0,0,28726414,811D002D,1048575,8138,00,03
D,28727364,1021,653,0,3531,298,0,0,0,0,0,01,0,0,0,0,28727478,811D002D,1048575,9218,00,03
D,28728384,1020,653,0,3531,314,0,0,0,0,0,01,0,0,0,0,28728472,811D002D,1048575,10199,00,03
D,28729303,919,653,0,3531,240,0,0,0,0,0,01,0,0,0,0,28729338,811D002D,1048575,11051,00,03
D,28730304,1001,653,0,3531,244,0,0,0,0,0,01,0,0,0,0,28730341,811D002D,1048575,12054,00,03
D,28731294,990,653,0,3531,240,0,0,0,0,0,01,0,0,0,0,28731332,811D002D,1048575,13045,00,03
D,28732299,1005,653,0,3531,238,0,0,0,0,0,01,0,0,0,0,28732334,811D002D,1048575,14047,00,03
D,28733299,1000,653,0,3531,237,0,0,0,0,0,01,0,0,0,0,28733334,811D002D,1048575,15046,00,03
D,28734302,1003,653,0,3531,243,0,0,0,0,0,01,0,0,0,0,28734340,811D002D,1048575,16053,00,03
D,28735309,1007,653,0,3531,239,0,0,0,0,0,01,0,0,0,0,28735347,811D002D,1048575,17059,00,03
D,28736333,1024,653,0,3531,262,0,0,0,0,0,01,0,0,0,0,28736410,811D002D,1048575,18133,00,03
D,28737410,1077,653,0,3531,355,0,0,0,0,0,01,0,0,0,0,28737584,811D002D,1048575,19340,00,03
D,28738494,1084,653,0,3531,423,0,0,0,0,0,01,0,0,0,0,28738619,811D002D,1048575,20354,00,03
D,28739354,860,653,0,3531,283,0,0,0,0,0,01,0,0,0,0,28739414,811D002D,1048575,21134,00,03
D,28740328,974,653,0,3531,272,0,0,0,0,0,01,0,0,0,0,28740390,811D002D,1048575,22112,00,03
D,28741331,1003,653,0,3531,274,0,0,0,0,0,01,0,0,0,0,28741391,811D002D,1048575,23112,00,03
D,28742349,1018,653,0,3531,277,0,0,0,0,0,01,0,0,0,0,28742419,811D002D,1048575,24141,00,03
D,28743333,984,653,0,3531,277,0,0,0,0,0,01,0,0,0,0,28743393,811D002D,1048575,25112,00,03
D,28744340,1007,653,0,3531,269,0,0,0,0,0,01,0,0,0,0,28744406,811D002D,1048575,26130,00,03
D,28745336,996,653,0,3531,276,0,0,0,0,0,01,0,0,0,0,28745396,811D002D,1048575,27115,00,03
D,28746338,1002,653,0,3531,277,0,0,0,0,0,01,0,0,0,0,28746408,811D002D,1048575,28129,00,03
D,28747348,1010,653,0,3531,287,0,0,0,0,0,01,0,0,0,0,28747430,811D002D,1048575,29158,00,03
D,28748374,1026,653,0,3531,304,0,0,0,0,0,01,0,0,0,0,28748466,811D002D,1048575,30195,00,03
D,28749305,931,653,0,3531,244,0,0,0,0,0,01,0,0,0,0,28749342,811D002D,1048575,31054,00,03
D,28750305,1000,653,0,3531,249,0,0,0,0,0,01,0,0,0,0,28750348,811D002D,1048575,32061,00,03
D,28751301,996,653,0,3531,238,0,0,0,0,0,01,0,0,0,0,28751337,811D002D,1048575,33049,00,03
D,28752299,998,653,0,3531,238,0,0,0,0,0,01,0,0,0,0,28752335,811D002D,1048575,34048,00,03
D,28753299,1000,653,0,3531,238,0,0,0,0,0,01,0,0,0,0,28753335,811D002D,1048575,35048,00,03
D,28754312,1013,653,0,3531,244,0,0,0,0,0,01,0,0,0,0,28754355,811D002D,1048575,36068,00,03
D,28755308,996,653,0,3531,238,0,0,0,0,0,01,0,0,0,0,28755344,811D002D,1048575,37057,00,03
D,28756317,1009,653,0,3531,263,0,0,0,0,0,01,0,0,0,0,28756398,811D002D,1048575,38119,00,03
D,28757414,1097,653,0,3531,347,0,0,0,0,0,01,0,0,0,0,28757595,811D002D,1048575,39346,00,03
D,28758491,1077,653,0,3531,416,0,0,0,0,0,01,0,0,0,0,28758596,811D002D,1048575,40329,00,03
D,28759351,860,653,0,3531,280,0,0,0,0,0,01,0,0,0,0,28759410,811D002D,1048575,41129,00,03
D,28760340,989,653,0,3531,270,0,0,0,0,0,01,0,0,0,0,28760402,811D002D,1048575,42124,00,03
D,28761345,1005,653,0,3531,274,0,0,0,0,0,01,0,0,0,0,28761407,811D002D,1048575,43128,00,03
D,28762345,1000,653,0,3531,275,0,0,0,0,0,01,0,0,0,0,28762415,811D002D,1048575,44135,00,03
D,28763339,994,653,0,3531,274,0,0,0,0,0,01,0,0,0,0,28763398,811D002D,1048575,45119,00,03
D,28764331,992,653,0,3531,272,0,0,0,0,0,01,0,0,0,0,28764398,811D002D,1048575,46121,00,03
D,28765340,1009,653,0,3531,274,0,0,0,0,0,01,0,0,0,0,28765398,811D002D,1048575,47118,00,03
D,28766341,1001,653,0,3531,279,0,0,0,0,0,01,0,0,0,0,28766412,811D002D,1048575,48133,00,03
D,28767348,1007,653,0,3531,283,0,0,0,0,0,01,0,0,0,0,28767445,811D002D,1048575,49188,00,03
D,28768367,1019,653,0,3531,303,0,0,0,0,0,01,0,0,0,0,28768459,811D002D,1048575,1,00,03
D,28769352,985,653,0,3531,257,0,0,0,0,0,01,0,0,0,0,28769419,811D002D,1048575,421,00,03
D,28770305,953,653,0,3531,246,0,0,0,0,0,01,0,0,0,0,28770350,811D002D,1048575,1351,00,03
D,28771302,997,653,0,3531,238,0,0,0,0,0,01,0,0,0,0,28771339,811D002D,1048575,2339,00,03
D,28772302,1000,653,0,3531,239,0,0,0,0,0,01,0,0,0,0,28772339,811D002D,1048575,3338,00,03
D,28773300,998,653,0,3531,238,0,0,0,0,0,01,0,0,0,0,28773337,811D002D,1048575,4336,00,03
D,28774315,1015,653,0,3531,245,0,0,0,0,0,01,0,0,0,0,28774358,811D002D,1048575,5358,00,03
D,28775308,993,653,0,3531,238,0,0,0,0,0,01,0,0,0,0,28775345,811D002D,1048575,6344,00,03
D,28776333,1025,653,0,3531,269,0,0,0,0,0,01,0,0,0,0,28776415,811D002D,1048575,7423,00,03
D,28777419,1086,653,0,3531,354,0,0,0,0,0,01,0,0,0,0,28777598,811D002D,1048575,8638,00,03
D,28778492,1073,653,0,3531,422,0,0,0,0,0,01,0,0,0,0,28778614,811D002D,1048575,9634,00,03
D,28779353,861,653,0,3531,287,0,0,0,0,0,01,0,0,0,0,28779411,811D002D,1048575,10416,00,03
D,28780334,981,653,0,3531,268,0,0,0,0,0,01,0,0,0,0,28780399,811D002D,1048575,11410,00,03
D,28781346,1012,653,0,3531,276,0,0,0,0,0,01,0,0,0,0,28781403,811D002D,1048575,12407,00,03
D,28782337,991,653,0,3531,272,0,0,0,0,0,01,0,0,0,0,28782408,811D002D,1048575,13419,00,03
D,28783341,1004,653,0,3531,277,0,0,0,0,0,01,0,0,0,0,28783399,811D002D,1048575,14403,00,03
D,28784324,983,653,0,3531,267,0,0,0,0,0,01,0,0,0,0,28784389,811D002D,1048575,15400,00,03
D,28785336,1012,653,0,3531,276,0,0,0,0,0,01,0,0,0,0,28785396,811D002D,1048575,16401,00,03
D,28786336,1000,653,0,3531,274,0,0,0,0,0,01,0,0,0,0,28786407,811D002D,1048575,17417,00,03
D,28787353,1017,653,0,3531,289,0,0,0,0,0,01,0,0,0,0,28787429,811D002D,1048575,18440,00,03
D,28788358,1005,653,0,3531,299,0,0,0,0,0,01,0,0,0,0,28788447,811D002D,1048575,19462,00,03
D,28789309,951,653,0,3531,248,0,0,0,0,0,01,0,0,0,0,28789349,811D002D,1048575,20349,00,03
D,28790310,1001,653,0,3531,246,0,0,0,0,0,01,0,0,0,0,28790352,811D002D,1048575,21352,00,03
D,28791308,998,653,0,3531,238,0,0,0,0,0,01,0,0,0,0,28791344,811D002D,1048575,22343,00,03
D,28792307,999,653,0,3531,238,0,0,0,0,0,01,0,0,0,0,28792343,811D002D,1048575,23343,00,03
D,28793307,1000,653,0,3531,238,0,0,0,0,0,01,0,0,0,0,28793343,811D002D,1048575,24342,00,03
D,28794314,1007,653,0,3531,244,0,0,0,0,0,01,0,0,0,0,28794356,811D002D,1048575,25356,00,03
D,28795296,982,653,0,3531,238,0,0,0,0,0,01,0,0,0,0,28795332,811D002D,1048575,26332,00,03
D,28796324,1028,653,0,3531,263,0,0,0,0,0,01,0,0,0,0,28796404,811D002D,1048575,27414,00,03
D,28797414,1090,653,0,3531,353,0,0,0,0,0,01,0,0,0,0,28797593,811D002D,1048575,28629,00,03
D,28798484,1070,653,0,3531,413,0,0,0,0,0,01,0,0,0,0,28798595,811D002D,1048575,29615,00,03
D,28799337,853,653,0,3531,281,0,0,0,0,0,01,0,0,0,0,28799400,811D002D,1048575,30407,00,03
D,28800328,991,653,0,3531,269,0,0,0,0,0,01,0,0,0,0,28800392,811D002D,1048575,31401,00,03
D,28801337,1009,653,0,3531,275,0,0,0,0,0,01,0,0,0,0,28801398,811D002D,1048575,32407,00,03
D,28802341,1004,653,0,3531,278,0,0,0,0,0,01,0,0,0,0,28802413,811D002D,1048575,33421,00,03
D,28803343,1002,653,0,3531,276,0,0,0,0,0,01,0,0,0,0,28803403,811D002D,1048575,34409,00,03
D,28804329,986,653,0,3531,268,0,0,0,0,0,01,0,0,0,0,28804400,811D002D,1048575,35411,00,03
D,28805332,1003,653,0,3531,277,0,0,0,0,0,01,0,0,0,0,28805391,811D002D,1048575,36397,00,03
D,28806345,1013,653,0,3531,276,0,0,0,0,0,01,0,0,0,0,28806417,811D002D,1048575,37426,00,03
D,28807355,1010,653,0,3531,287,0,0,0,0,0,01,0,0,0,0,28807452,811D002D,1048575,38479,00,03
D,28808368,1013,653,0,3531,307,0,0,0,0,0,01,0,0,0,0,28808460,811D002D,1048575,39473,00,03
D,28809311,943,653,0,3531,241,0,0,0,0,0,01,0,0,0,0,28809352,811D002D,1048575,40352,00,03
D,28810311,1000,653,0,3531,245,0,0,0,0,0,01,0,0,0,0,28810355,811D002D,1048575,41355,00,03
D,28811306,995,653,0,3531,238,0,0,0,0,0,01,0,0,0,0,28811343,811D002D,1048575,42343,00,03
D,28812306,1000,653,0,3531,238,0,0,0,0,0,01,0,0,0,0,28812343,811D002D,1048575,43343,00,03
D,28813306,1000,653,0,3531,238,0,0,0,0,0,01,0,0,0,0,28813343,811D002D,1048575,44342,00,03
D,28814315,1009,653,0,3531,245,0,0,0,0,0,01,0,0,0,0,28814359,811D002D,1048575,45359,00,03
D,28815298,983,653,0,3531,238,0,0,0,0,0,01,0,0,0,0,28815335,811D002D,1048575,46334,00,03
D,28816326,1028,653,0,3531,265,0,0,0,0,0,01,0,0,0,0,28816405,811D002D,1048575,47413,00,03
D,28817409,1083,653,0,3531,353,0,0,0,0,0,01,0,0,0,0,28817582,811D002D,1048575,48623,00,03
D,28818481,1072,653,0,3531,411,0,0,0,0,0,01,0,0,0,0,28818597,811D002D,1048575,49615,00,03
D,28819340,859,653,0,3531,284,0,0,0,0,0,01,0,0,0,0,28819401,811D002D,1048575,1,00,03
D,28820343,1003,653,0,3531,272,0,0,0,0,0,01,0,0,0,0,28820428,811D002D,1048575,505,00,03
D,28821349,1006,653,0,3531,278,0,0,0,0,0,01,0,0,0,0,28821409,811D002D,1048575,1481,00,03
D,28822347,998,653,0,3531,277,0,0,0,0,0,01,0,0,0,0,28822420,811D002D,1048575,2496,00,03
D,28823332,985,653,0,3531,275,0,0,0,0,0,01,0,0,0,0,28823392,811D002D,1048575,3463,00,03
D,28824341,1009,653,0,3531,271,0,0,0,0,0,01,0,0,0,0,28824409,811D002D,1048575,4484,00,03
D,28825336,995,653,0,3531,275,0,0,0,0,0,01,0,0,0,0,28825397,811D002D,1048575,5469,00,03
D,28826340,1004,653,0,3531,278,0,0,0,0,0,01,0,0,0,0,28826413,811D002D,1048575,6488,00,03
D,28827356,1016,653,0,3531,288,0,0,0,0,0,01,0,0,0,0,28827449,811D002D,1048575,7541,00,03
D,28828373,1017,653,0,3531,304,0,0,0,0,0,01,0,0,0,0,28828462,811D002D,1048575,8541,00,03
D,28829298,925,653,0,3531,245,0,0,0,0,0,01,0,0,0,0,28829340,811D002D,1048575,9405,00,03
D,28830316,1018,653,0,3531,247,0,0,0,0,0,01,0,0,0,0,28830360,811D002D,1048575,10426,00,03
D,28831298,982,653,0,3531,238,0,0,0,0,0,01,0,0,0,0,28831335,811D002D,1048575,11400,00,03
D,28832298,1000,653,0,3531,238,0,0,0,0,0,01,0,0,0,0,28832335,811D002D,1048575,12401,00,03
D,28833298,1000,653,0,3531,238,0,0,0,0,0,01,0,0,0,0,28833335,811D002D,1048575,13401,00,03
D,28834312,1014,653,0,3531,245,0,0,0,0,0,01,0,0,0,0,28834356,811D002D,1048575,14422,00,03
D,28835308,996,653,0,3531,238,0,0,0,0,0,01,0,0,0,0,28835345,811D002D,1048575,15411,00,03
D,28836318,1010,653,0,3531,263,0,0,0,0,0,01,0,0,0,0,28836400,811D002D,1048575,16477,00,03
D,28837420,1102,653,0,3531,348,0,0,0,0,0,01,0,0,0,0,28837601,811D002D,1048575,17706,00,03
D,28838486,1066,653,0,3531,428,0,0,0,0,0,01,0,0,0,0,28838605,811D002D,1048575,18689,00,03
D,28839341,855,653,0,3531,281,0,0,0,0,0,01,0,0,0,0,28839401,811D002D,1048575,19474,00,03
D,28840319,978,653,0,3531,263,0,0,0,0,0,01,0,0,0,0,28840378,811D002D,1048575,20456,00,03
D,28841339,1020,653,0,3531,275,0,0,0,0,0,01,0,0,0,0,28841397,811D002D,1048575,21469,00,03
D,28842344,1005,653,0,3531,273,0,0,0,0,0,01,0,0,0,0,28842415,811D002D,1048575,22491,00,03
D,28843346,1002,653,0,3531,277,0,0,0,0,0,01,0,0,0,0,28843404,811D002D,1048575,23477,00,03
D,28844325,979,653,0,3531,267,0,0,0,0,0,01,0,0,0,0,28844388,811D002D,1048575,24463,00,03
D,28845332,1007,653,0,3531,274,0,0,0,0,0,01,0,0,0,0,28845389,811D002D,1048575,25461,00,03
D,28846340,1008,653,0,3531,275,0,0,0,0,0,01,0,0,0,0,28846412,811D002D,1048575,26489,00,03
D,28847357,1017,653,0,3531,288,0,0,0,0,0,01,0,0,0,0,28847447,811D002D,1048575,27536,00,03
D,28848374,1017,653,0,3531,305,0,0,0,0,0,01,0,0,0,0,28848466,811D002D,1048575,28545,00,03
D,28849302,928,653,0,3531,241,0,0,0,0,0,01,0,0,0,0,28849341,811D002D,1048575,29407,00,03
D,28850306,1004,653,0,3531,249,0,0,0,0,0,01,0,0,0,0,28850349,811D002D,1048575,30415,00,03
D,28851303,997,653,0,3531,238,0,0,0,0,0,01,0,0,0,0,28851341,811D002D,1048575,31407,00,03
D,28852303,1000,653,0,3531,238,0,0,0,0,0,01,0,0,0,0,28852340,811D002D,1048575,32406,00,03
D,28853302,999,653,0,3531,238,0,0,0,0,0,01,0,0,0,0,28853338,811D002D,1048575,33404,00,03
D,28854313,1011,653,0,3531,244,0,0,0,0,0,01,0,0,0,0,28854356,811D002D,1048575,34422,00,03
D,28855296,983,653,0,3531,238,0,0,0,0,0,01,0,0,0,0,28855333,811D002D,1048575,35398,00,03
D,28856321,1025,653,0,3531,263,0,0,0,0,0,01,0,0,0,0,28856405,811D002D,1048575,36481,00,03
D,28857414,1093,653,0,3531,352,0,0,0,0,0,01,0,0,0,0,28857583,811D002D,1048575,37690,00,03
D,28858480,1066,653,0,3531,412,0,0,0,0,0,01,0,0,0,0,28858604,811D002D,1048575,38687,00,03
D,28859349,869,653,0,3531,284,0,0,0,0,0,01,0,0,0,0,28859408,811D002D,1048575,39480,00,03
D,28860339,990,653,0,3531,269,0,0,0,0,0,01,0,0,0,0,28860400,811D002D,1048575,40472,00,03
D,28861339,1000,653,0,3531,273,0,0,0,0,0,01,0,0,0,0,28861398,811D002D,1048575,41471,00,03
D,28862336,997,653,0,3531,275,0,0,0,0,0,01,0,0,0,0,28862405,811D002D,1048575,42480,00,03
D,28863348,1012,653,0,3531,277,0,0,0,0,0,01,0,0,0,0,28863406,811D002D,1048575,43476,00,03
D,28864333,985,653,0,3531,267,0,0,0,0,0,01,0,0,0,0,28864397,811D002D,1048575,44473,00,03
D,28865340,1007,653,0,3531,274,0,0,0,0,0,01,0,0,0,0,28865397,811D002D,1048575,45469,00,03
D,28866331,991,653,0,3531,276,0,0,0,0,0,01,0,0,0,0,28866399,811D002D,1048575,46472,00,03
D,28867356,1025,653,0,3531,287,0,0,0,0,0,01,0,0,0,0,28867450,811D002D,1048575,47546,00,03
D,28868366,1010,653,0,3531,304,0,0,0,0,0,01,0,0,0,0,28868457,811D002D,1048575,48535,00,03
D,28869308,942,653,0,3531,242,0,0,0,0,0,01,0,0,0,0,28869347,811D002D,1048575,49412,00,03
D,28870309,1001,653,0,3531,249,0,0,0,0,0,01,0,0,0,0,28870352,811D002D,1048575,1,00,03
D,28871312,1003,653,0,3531,248,0,0,0,0,0,01,0,0,0,0,28871368,811D002D,1048575,484,00,03
D,28872309,997,653,0,3531,241,0,0,0,0,0,01,0,0,0,0,28872350,811D002D,1048575,1466,00,03
D,28873301,992,653,0,3531,242,0,0,0,0,0,01,0,0,0,0,28873337,811D002D,1048575,2451,00,03
D,28874315,1014,653,0,3531,243,0,0,0,0,0,01,0,0,0,0,28874353,811D002D,1048575,3468,00,03
D,28875304,989,653,0,3531,239,0,0,0,0,0,01,0,0,0,0,28875344,811D002D,1048575,4459,00,03
D,28876341,1037,653,0,3531,269,0,0,0,0,0,01,0,0,0,0,28876425,811D002D,1048575,5565,00,03
D,28877405,1064,653,0,3531,349,0,0,0,0,0,01,0,0,0,0,28877573,811D002D,1048575,6729,00,03
D,28878485,1080,653,0,3531,417,0,0,0,0,0,01,0,0,0,0,28878609,811D002D,1048575,7743,00,03
D,28879356,871,653,0,3531,286,0,0,0,0,0,01,0,0,0,0,28879418,811D002D,1048575,8540,00,03
D,28880329,973,653,0,3531,271,0,0,0,0,0,01,0,0,0,0,28880394,811D002D,1048575,9520,00,03
D,28881342,1013,653,0,3531,276,0,0,0,0,0,01,0,0,0,0,28881402,811D002D,1048575,10524,00,03
D,28882341,999,653,0,3531,278,0,0,0,0,0,01,0,0,0,0,28882413,811D002D,1048575,11538,00,03
D,28883349,1008,653,0,3531,279,0,0,0,0,0,01,0,0,0,0,28883410,811D002D,1048575,12531,00,03
D,28884340,991,653,0,3531,270,0,0,0,0,0,01,0,0,0,0,28884406,811D002D,1048575,13532,00,03
D,28885335,995,653,0,3531,277,0,0,0,0,0,01,0,0,0,0,28885396,811D002D,1048575,14517,00,03
D,28886337,1002,653,0,3531,277,0,0,0,0,0,01,0,0,0,0,28886410,811D002D,1048575,15536,00,03
D,28887359,1022,653,0,3531,290,0,0,0,0,0,01,0,0,0,0,28887448,811D002D,1048575,16586,00,03
D,28888367,1008,653,0,3531,308,0,0,0,0,0,01,0,0,0,0,28888459,811D002D,1048575,17588,00,03
D,28889301,934,653,0,3531,242,0,0,0,0,0,01,0,0,0,0,28889339,811D002D,1048575,18453,00,03
D,28890317,1016,653,0,3531,248,0,0,0,0,0,01,0,0,0,0,28890359,811D002D,1048575,19474,00,03
D,28891298,981,653,0,3531,238,0,0,0,0,0,01,0,0,0,0,28891334,811D002D,1048575,20449,00,03
D,28892298,1000,653,0,3531,238,0,0,0,0,0,01,0,0,0,0,28892334,811D002D,1048575,21448,00,03
D,28893298,1000,653,0,3531,238,0,0,0,0,0,01,0,0,0,0,28893334,811D002D,1048575,22448,00,03
D,28894312,1014,653,0,3531,244,0,0,0,0,0,01,0,0,0,0,28894354,811D002D,1048575,23469,00,03
D,28895296,984,653,0,3531,238,0,0,0,0,0,01,0,0,0,0,28895331,811D002D,1048575,24445,00,03
D,28896324,1028,653,0,3531,263,0,0,0,0,0,01,0,0,0,0,28896405,811D002D,1048575,25528,00,03
D,28897416,1092,653,0,3531,354,0,0,0,0,0,01,0,0,0,0,28897595,811D002D,1048575,26753,00,03
D,28898485,1069,653,0,3531,416,0,0,0,0,0,01,0,0,0,0,28898607,811D002D,1048575,27741,00,03
D,28899348,863,653,0,3531,285,0,0,0,0,0,01,0,0,0,0,28899408,811D002D,1048575,28530,00,03
D,28900329,981,653,0,3531,267,0,0,0,0,0,01,0,0,0,0,28900394,811D002D,1048575,29520,00,03
D,28901342,1013,653,0,3531,277,0,0,0,0,0,01,0,0,0,0,28901399,811D002D,1048575,30519,00,03
D,28902331,989,653,0,3531,274,0,0,0,0,0,01,0,0,0,0,28902404,811D002D,1048575,31529,00,03
D,28903337,1006,653,0,3531,279,0,0,0,0,0,01,0,0,0,0,28903396,811D002D,1048575,32516,00,03
D,28904335,998,653,0,3531,266,0,0,0,0,0,01,0,0,0,0,28904401,811D002D,1048575,33527,00,03
D,28905346,1011,653,0,3531,276,0,0,0,0,0,01,0,0,0,0,28905405,811D002D,1048575,34527,00,03
D,28906334,988,653,0,3531,273,0,0,0,0,0,01,0,0,0,0,28906407,811D002D,1048575,35532,00,03
D,28907351,1017,653,0,3531,290,0,0,0,0,0,01,0,0,0,0,28907437,811D002D,1048575,36573,00,03
D,28908363,1012,653,0,3531,298,0,0,0,0,0,01,0,0,0,0,28908454,811D002D,1048575,37583,00,03
D,28909309,946,653,0,3531,245,0,0,0,0,0,01,0,0,0,0,28909347,811D002D,1048575,38461,00,03
D,28910308,999,653,0,3531,249,0,0,0,0,0,01,0,0,0,0,28910351,811D002D,1048575,39466,00,03
D,28911306,998,653,0,3531,238,0,0,0,0,0,01,0,0,0,0,28911342,811D002D,1048575,40456,00,03
D,28912304,998,653,0,3531,239,0,0,0,0,0,01,0,0,0,0,28912339,811D002D,1048575,41454,00,03
D,28913302,998,653,0,3531,238,0,0,0,0,0,01,0,0,0,0,28913338,811D002D,1048575,42453,00,03
D,28914315,1013,653,0,3531,245,0,0,0,0,0,01,0,0,0,0,28914357,811D002D,1048575,43472,00,03
D,28915298,983,653,0,3531,238,0,0,0,0,0,01,0,0,0,0,28915334,811D002D,1048575,44449,00,03
D,28916325,1027,653,0,3531,265,0,0,0,0,0,01,0,0,0,0,28916408,811D002D,1048575,45533,00,03
D,28917414,1089,653,0,3531,349,0,0,0,0,0,01,0,0,0,0,28917590,811D002D,1048575,46743,00,03
D,28918487,1073,653,0,3531,414,0,0,0,0,0,01,0,0,0,0,28918611,811D002D,1048575,47745,00,03
D,28919351,864,653,0,3531,284,0,0,0,0,0,01,0,0,0,0,28919409,811D002D,1048575,48530,00,03
D,28920329,978,653,0,3531,268,0,0,0,0,0,01,0,0,0,0,28920392,811D002D,1048575,49516,00,03
D,28921338,1009,653,0,3531,275,0,0,0,0,0,01,0,0,0,0,28921397,811D002D,1048575,1,00,03
D,28922336,998,653,0,3531,270,0,0,0,0,0,01,0,0,0,0,28922420,811D002D,1048575,484,00,03
D,28923340,1004,653,0,3531,281,0,0,0,0,0,01,0,0,0,0,28923401,811D002D,1048575,1466,00,03
D,28924342,1002,653,0,3531,271,0,0,0,0,0,01,0,0,0,0,28924410,811D002D,1048575,2478,00,03
D,28925339,997,653,0,3531,275,0,0,0,0,0,01,0,0,0,0,28925400,811D002D,1048575,3462,00,03
D,28926341,1002,653,0,3531,276,0,0,0,0,0,01,0,0,0,0,28926413,811D002D,1048575,4479,00,03
D,28927348,1007,653,0,3531,287,0,0,0,0,0,01,0,0,0,0,28927433,811D002D,1048575,5512,00,03
D,28928361,1013,653,0,3531,305,0,0,0,0,0,01,0,0,0,0,28928452,811D002D,1048575,6524,00,03
D,28929307,946,653,0,3531,245,0,0,0,0,0,01,0,0,0,0,28929347,811D002D,1048575,7403,00,03
D,28930307,1000,653,0,3531,245,0,0,0,0,0,01,0,0,0,0,28930350,811D002D,1048575,8407,00,03
D,28931305,998,653,0,3531,239,0,0,0,0,0,01,0,0,0,0,28931341,811D002D,1048575,9398,00,03
D,28932304,999,653,0,3531,238,0,0,0,0,0,01,0,0,0,0,28932340,811D002D,1048575,10397,00,03
D,28933303,999,653,0,3531,238,0,0,0,0,0,01,0,0,0,0,28933339,811D002D,1048575,11395,00,03
D,28934313,1010,653,0,3531,245,0,0,0,0,0,01,0,0,0,0,28934356,811D002D,1048575,12413,00,03
D,28935296,983,653,0,3531,238,0,0,0,0,0,01,0,0,0,0,28935331,811D002D,1048575,13387,00,03
D,28936324,1028,653,0,3531,264,0,0,0,0,0,01,0,0,0,0,28936402,811D002D,1048575,14468,00,03
D,28937405,1081,653,0,3531,349,0,0,0,0,0,01,0,0,0,0,28937582,811D002D,1048575,15680,00,03
D,28938472,1067,653,0,3531,417,0,0,0,0,0,01,0,0,0,0,28938595,811D002D,1048575,16670,00,03
D,28939342,870,653,0,3531,285,0,0,0,0,0,01,0,0,0,0,28939399,811D002D,1048575,17463,00,03
D,28940320,978,653,0,3531,262,0,0,0,0,0,01,0,0,0,0,28940385,811D002D,1048575,18451,00,03
D,28941346,1026,653,0,3531,276,0,0,0,0,0,01,0,0,0,0,28941403,811D002D,1048575,19465,00,03
D,28942332,986,653,0,3531,271,0,0,0,0,0,01,0,0,0,0,28942405,811D002D,1048575,20473,00,03
D,28943337,1005,653,0,3531,277,0,0,0,0,0,01,0,0,0,0,28943398,811D002D,1048575,21460,00,03
D,28944321,984,653,0,3531,266,0,0,0,0,0,01,0,0,0,0,28944387,811D002D,1048575,22454,00,03
D,28945331,1010,653,0,3531,276,0,0,0,0,0,01,0,0,0,0,28945389,811D002D,1048575,23452,00,03
D,28946336,1005,653,0,3531,272,0,0,0,0,0,01,0,0,0,0,28946407,811D002D,1048575,24474,00,03
D,28947351,1015,653,0,3531,290,0,0,0,0,0,01,0,0,0,0,28947436,811D002D,1048575,25518,00,03
D,28948367,1016,653,0,3531,301,0,0,0,0,0,01,0,0,0,0,28948458,811D002D,1048575,26526,00,03
D,28949308,941,653,0,3531,244,0,0,0,0,0,01,0,0,0,0,28949349,811D002D,1048575,27406,00,03
D,28950308,1000,653,0,3531,246,0,0,0,0,0,01,0,0,0,0,28950351,811D002D,1048575,28408,00,03
D,28951304,996,653,0,3531,238,0,0,0,0,0,01,0,0,0,0,28951341,811D002D,1048575,29397,00,03
D,28952302,998,653,0,3531,238,0,0,0,0,0,01,0,0,0,0,28952339,811D002D,1048575,30396,00,03
D,28953301,999,653,0,3531,238,0,0,0,0,0,01,0,0,0,0,28953338,811D002D,1048575,31395,00,03
D,28954313,1012,653,0,3531,244,0,0,0,0,0,01,0,0,0,0,28954356,811D002D,1048575,32413,00,03
D,28955308,995,653,0,3531,238,0,0,0,0,0,01,0,0,0,0,28955345,811D002D,1048575,33402,00,03
D,28956336,1028,653,0,3531,265,0,0,0,0,0,01,0,0,0,0,28956416,811D002D,1048575,34492,00,03
D,28957411,1075,653,0,3531,346,0,0,0,0,0,01,0,0,0,0,28957587,811D002D,1048575,35681,00,03
D,28958483,1072,653,0,3531,423,0,0,0,0,0,01,0,0,0,0,28958607,811D002D,1048575,36683,00,03
D,28959345,862,653,0,3531,280,0,0,0,0,0,01,0,0,0,0,28959402,811D002D,1048575,37465,00,03
D,28960328,983,653,0,3531,272,0,0,0,0,0,01,0,0,0,0,28960390,811D002D,1048575,38455,00,03
D,28961331,1003,653,0,3531,273,0,0,0,0,0,01,0,0,0,0,28961390,811D002D,1048575,39454,00,03
D,28962346,1015,653,0,3531,275,0,0,0,0,0,01,0,0,0,0,28962413,811D002D,1048575,40478,00,03
D,28963343,997,653,0,3531,278,0,0,0,0,0,01,0,0,0,0,28963400,811D002D,1048575,41462,00,03
D,28964328,985,653,0,3531,267,0,0,0,0,0,01,0,0,0,0,28964392,811D002D,1048575,42459,00,03
D,28965334,1006,653,0,3531,274,0,0,0,0,0,01,0,0,0,0,28965390,811D002D,1048575,43453,00,03
D,28966346,1012,653,0,3531,277,0,0,0,0,0,01,0,0,0,0,28966415,811D002D,1048575,44479,00,03
D,28967340,994,653,0,3531,285,0,0,0,0,0,01,0,0,0,0,28967423,811D002D,1048575,45497,00,03
D,28968363,1023,653,0,3531,307,0,0,0,0,0,01,0,0,0,0,28968454,811D002D,1048575,46526,00,03
D,28969311,948,653,0,3531,243,0,0,0,0,0,01,0,0,0,0,28969349,811D002D,1048575,47405,00,03
D,28970310,999,653,0,3531,249,0,0,0,0,0,01,0,0,0,0,28970352,811D002D,1048575,48409,00,03
D,28971308,998,653,0,3531,238,0,0,0,0,0,01,0,0,0,0,28971344,811D002D,1048575,49401,00,03
D,28972308,1000,653,0,3531,238,0,0,0,0,0,01,0,0,0,0,28972344,811D002D,1048575,1,00,03
D,28973317,1009,653,0,3531,252,0,0,0,0,0,01,0,0,0,0,28973377,811D002D,1048575,506,00,03
D,28974316,999,653,0,3531,247,0,0,0,0,0,01,0,0,0,0,28974359,811D002D,1048575,1485,00,03
D,28975301,985,653,0,3531,241,0,0,0,0,0,01,0,0,0,0,28975337,811D002D,1048575,2460,00,03
D,28976331,1030,653,0,3531,267,0,0,0,0,0,01,0,0,0,0,28976418,811D002D,1048575,3559,00,03
D,28977415,1084,653,0,3531,349,0,0,0,0,0,01,0,0,0,0,28977590,811D002D,1048575,4753,00,03
D,28978476,1061,653,0,3531,421,0,0,0,0,0,01,0,0,0,0,28978601,811D002D,1048575,5745,00,03
D,28979348,872,653,0,3531,284,0,0,0,0,0,01,0,0,0,0,28979409,811D002D,1048575,6539,00,03
D,28980337,989,653,0,3531,270,0,0,0,0,0,01,0,0,0,0,28980402,811D002D,1048575,7537,00,03
D,28981333,996,653,0,3531,278,0,0,0,0,0,01,0,0,0,0,28981393,811D002D,1048575,8522,00,03
D,28982346,1013,653,0,3531,275,0,0,0,0,0,01,0,0,0,0,28982419,811D002D,1048575,9554,00,03
D,28983337,991,653,0,3531,279,0,0,0,0,0,01,0,0,0,0,28983398,811D002D,1048575,10528,00,03
D,28984326,989,653,0,3531,270,0,0,0,0,0,01,0,0,0,0,28984391,811D002D,1048575,11526,00,03
D,28985339,1013,653,0,3531,277,0,0,0,0,0,01,0,0,0,0,28985400,811D002D,1048575,12531,00,03
D,28986335,996,653,0,3531,275,0,0,0,0,0,01,0,0,0,0,28986408,811D002D,1048575,13542,00,03
D,28987352,1017,653,0,3531,291,0,0,0,0,0,01,0,0,0,0,28987438,811D002D,1048575,14583,00,03
D,28988367,1015,653,0,3531,304,0,0,0,0,0,01,0,0,0,0,28988459,811D002D,1048575,15598,00,03
D,28989312,945,653,0,3531,243,0,0,0,0,0,01,0,0,0,0,28989349,811D002D,1048575,16473,00,03
D,28990310,998,653,0,3531,249,0,0,0,0,0,01,0,0,0,0,28990353,811D002D,1048575,17477,00,03
D,28991308,998,653,0,3531,238,0,0,0,0,0,01,0,0,0,0,28991343,811D002D,1048575,18467,00,03
D,28992307,999,653,0,3531,238,0,0,0,0,0,01,0,0,0,0,28992343,811D002D,1048575,19467,00,03
D,28993307,1000,653,0,3531,238,0,0,0,0,0,01,0,0,0,0,28993343,811D002D,1048575,20466,00,03
D,28994314,1007,653,0,3531,244,0,0,0,0,0,01,0,0,0,0,28994357,811D002D,1048575,21481,00,03
D,28995296,982,653,0,3531,238,0,0,0,0,0,01,0,0,0,0,28995332,811D002D,1048575,22456,00,03
D,28996325,1029,653,0,3531,263,0,0,0,0,0,01,0,0,0,0,28996408,811D002D,1048575,23542,00,03
D,28997423,1098,653,0,3531,351,0,0,0,0,0,01,0,0,0,0,28997602,811D002D,1048575,24764,00,03
D,28998475,1052,653,0,3531,420,0,0,0,0,0,01,0,0,0,0,28998603,811D002D,1048575,25745,00,03
D,28999345,870,653,0,3531,283,0,0,0,0,0,01,0,0,0,0,28999403,811D002D,1048575,26533,00,03
D,29000324,979,653,0,3531,265,0,0,0,0,0,01,0,0,0,0,29000388,811D002D,1048575,27521,00,03
D,29001344,1020,653,0,3531,273,0,0,0,0,0,01,0,0,0,0,29001403,811D002D,1048575,28535,00,03
D,29002333,989,653,0,3531,271,0,0,0,0,0,01,0,0,0,0,29002402,811D002D,1048575,29534,00,03
D,29003347,1014,653,0,3531,276,0,0,0,0,0,01,0,0,0,0,29003404,811D002D,1048575,30533,00,03
D,29004321,974,653,0,3531,264,0,0,0,0,0,01,0,0,0,0,29004390,811D002D,1048575,31525,00,03
D,29005340,1019,653,0,3531,275,0,0,0,0,0,01,0,0,0,0,29005396,811D002D,1048575,32524,00,03
D,29006340,1000,653,0,3531,272,0,0,0,0,0,01,0,0,0,0,29006410,811D002D,1048575,33543,00,03
D,29007352,1012,653,0,3531,286,0,0,0,0,0,01,0,0,0,0,29007432,811D002D,1048575,34574,00,03
D,29008377,1025,653,0,3531,312,0,0,0,0,0,01,0,0,0,0,29008467,811D002D,1048575,35605,00,03
D,29009304,927,653,0,3531,240,0,0,0,0,0,01,0,0,0,0,29009344,811D002D,1048575,36467,00,03
D,29010306,1002,653,0,3531,245,0,0,0,0,0,01,0,0,0,0,29010349,811D002D,1048575,37473,00,03
D,29011304,998,653,0,3531,238,0,0,0,0,0,01,0,0,0,0,29011340,811D002D,1048575,38464,00,03
D,29012940,1636,653,0,3531,352,0,0,0,0,0,01,0,0,0,0,29013036,811D002D,1048575,40182,00,03
D,29013374,434,653,0,3531,230,0,0,0,0,0,01,0,0,0,0,29013412,811D002D,1048575,40533,00,03
D,29014311,937,653,0,3531,243,0,0,0,0,0,01,0,0,0,0,29014352,811D002D,1048575,41476,00,03
D,29015300,989,653,0,3531,234,0,0,0,0,0,01,0,0,0,0,29015334,811D002D,1048575,42456,00,03
D,29016318,1018,653,0,3531,261,0,0,0,0,0,01,0,0,0,0,29016398,811D002D,1048575,43529,00,03
D,29017416,1098,653,0,3531,360,0,0,0,0,0,01,0,0,0,0,29017589,811D002D,1048575,44765,00,03
D,29018491,1075,653,0,3531,425,0,0,0,0,0,01,0,0,0,0,29018616,811D002D,1048575,45762,00,03
D,29019344,853,653,0,3531,281,0,0,0,0,0,01,0,0,0,0,29019407,811D002D,1048575,46538,00,03
D,29020339,995,653,0,3531,268,0,0,0,0,0,01,0,0,0,0,29020405,811D002D,1048575,47540,00,03
D,29021345,1006,653,0,3531,276,0,0,0,0,0,01,0,0,0,0,29021403,811D002D,1048575,48532,00,03
D,29022340,995,653,0,3531,276,0,0,0,0,0,01,0,0,0,0,29022412,811D002D,1048575,49547,00,03
D,29023345,1005,653,0,3531,277,0,0,0,0,0,01,0,0,0,0,29023404,811D002D,1048575,2,00,03
D,29024338,993,653,0,3531,279,0,0,0,0,0,01,0,0,0,0,29024421,811D002D,1048575,480,00,03
D,29025344,1006,653,0,3531,278,0,0,0,0,0,01,0,0,0,0,29025405,811D002D,1048575,1460,00,03
D,29026340,996,653,0,3531,277,0,0,0,0,0,01,0,0,0,0,29026414,811D002D,1048575,2472,00,03
D,29027355,1015,653,0,3531,289,0,0,0,0,0,01,0,0,0,0,29027415,811D002D,1048575,3480,00,03
D,29028384,1029,653,0,3531,318,0,0,0,0,0,01,0,0,0,0,29028471,811D002D,1048575,4533,00,03
D,29029311,927,653,0,3531,247,0,0,0,0,0,01,0,0,0,0,29029353,811D002D,1048575,5401,00,03
D,29030316,1005,653,0,3531,246,0,0,0,0,0,01,0,0,0,0,29030358,811D002D,1048575,6407,00,03
D,29031298,982,653,0,3531,238,0,0,0,0,0,01,0,0,0,0,29031334,811D002D,1048575,7381,00,03
D,29032298,1000,653,0,3531,238,0,0,0,0,0,01,0,0,0,0,29032334,811D002D,1048575,8382,00,03
D,29033299,1001,653,0,3531,238,0,0,0,0,0,01,0,0,0,0,29033335,811D002D,1048575,9382,00,03
D,29034347,1048,653,0,3531,280,0,0,0,0,0,01,0,0,0,0,29034393,811D002D,1048575,10441,00,03
D,29035318,971,653,0,3531,257,0,0,0,0,0,01,0,0,0,0,29035366,811D002D,1048575,11415,00,03
D,29036320,1002,653,0,3531,263,0,0,0,0,0,01,0,0,0,0,29036397,811D002D,1048575,12455,00,03
D,29037415,1095,653,0,3531,360,0,0,0,0,0,01,0,0,0,0,29037606,811D002D,1048575,13704,00,03
D,29038473,1058,653,0,3531,416,0,0,0,0,0,01,0,0,0,0,29038596,811D002D,1048575,14666,00,03
D,29039337,864,653,0,3531,282,0,0,0,0,0,01,0,0,0,0,29039407,811D002D,1048575,15460,00,03
D,29040336,999,653,0,3531,269,0,0,0,0,0,01,0,0,0,0,29040400,811D002D,1048575,16456,00,03
D,29041341,1005,653,0,3531,274,0,0,0,0,0,01,0,0,0,0,29041404,811D002D,1048575,17459,00,03
D,29042341,1000,653,0,3531,276,0,0,0,0,0,01,0,0,0,0,29042412,811D002D,1048575,18468,00,03
D,29043346,1005,653,0,3531,278,0,0,0,0,0,01,0,0,0,0,29043407,811D002D,1048575,19460,00,03
D,29044331,985,653,0,3531,269,0,0,0,0,0,01,0,0,0,0,29044398,811D002D,1048575,20457,00,03
D,29045342,1011,653,0,3531,274,0,0,0,0,0,01,0,0,0,0,29045402,811D002D,1048575,21454,00,03
D,29046344,1002,653,0,3531,288,0,0,0,0,0,01,0,0,0,0,29046422,811D002D,1048575,22482,00,03
D,29047359,1015,653,0,3531,290,0,0,0,0,0,01,0,0,0,0,29047449,811D002D,1048575,23518,00,03
D,29048384,1025,653,0,3531,319,0,0,0,0,0,01,0,0,0,0,29048475,811D002D,1048575,24537,00,03
D,29049297,913,653,0,3531,243,0,0,0,0,0,01,0,0,0,0,29049335,811D002D,1048575,25384,00,03
D,29050316,1019,653,0,3531,251,0,0,0,0,0,01,0,0,0,0,29050359,811D002D,1048575,26407,00,03
D,29051298,982,653,0,3531,238,0,0,0,0,0,01,0,0,0,0,29051334,811D002D,1048575,27382,00,03
D,29052298,1000,653,0,3531,238,0,0,0,0,0,01,0,0,0,0,29052334,811D002D,1048575,28382,00,03
D,29053298,1000,653,0,3531,238,0,0,0,0,0,01,0,0,0,0,29053334,811D002D,1048575,29381,00,03
D,29054312,1014,653,0,3531,245,0,0,0,0,0,01,0,0,0,0,29054355,811D002D,1048575,30403,00,03
D,29055292,980,653,0,3531,238,0,0,0,0,0,01,0,0,0,0,29055327,811D002D,1048575,31374,00,03
D,29056315,1023,653,0,3531,260,0,0,0,0,0,01,0,0,0,0,29056398,811D002D,1048575,32455,00,03
D,29057414,1099,653,0,3531,355,0,0,0,0,0,01,0,0,0,0,29057592,811D002D,1048575,33679,00,03
D,29058495,1081,653,0,3531,423,0,0,0,0,0,01,0,0,0,0,29058614,811D002D,1048575,34685,00,03
D,29059343,848,653,0,3531,285,0,0,0,0,0,01,0,0,0,0,29059402,811D002D,1048575,35457,00,03
D,29060328,985,653,0,3531,268,0,0,0,0,0,01,0,0,0,0,29060391,811D002D,1048575,36448,00,03
D,29061333,1005,653,0,3531,275,0,0,0,0,0,01,0,0,0,0,29061393,811D002D,1048575,37448,00,03
D,29062345,1012,653,0,3531,274,0,0,0,0,0,01,0,0,0,0,29062416,811D002D,1048575,38472,00,03
D,29063345,1000,653,0,3531,278,0,0,0,0,0,01,0,0,0,0,29063404,811D002D,1048575,39458,00,03
D,29064324,979,653,0,3531,266,0,0,0,0,0,01,0,0,0,0,29064391,811D002D,1048575,40450,00,03
D,29065336,1012,653,0,3531,275,0,0,0,0,0,01,0,0,0,0,29065395,811D002D,1048575,41449,00,03
D,29066345,1009,653,0,3531,274,0,0,0,0,0,01,0,0,0,0,29066415,811D002D,1048575,42471,00,03
D,29067357,1012,653,0,3531,289,0,0,0,0,0,01,0,0,0,0,29067449,811D002D,1048575,43523,00,03
D,29068363,1006,653,0,3531,304,0,0,0,0,0,01,0,0,0,0,29068455,811D002D,1048575,44514,00,03
D,29069305,942,653,0,3531,241,0,0,0,0,0,01,0,0,0,0,29069344,811D002D,1048575,45392,00,03
D,29070309,1004,653,0,3531,249,0,0,0,0,0,01,0,0,0,0,29070353,811D002D,1048575,46401,00,03
D,29071308,999,653,0,3531,238,0,0,0,0,0,01,0,0,0,0,29071345,811D002D,1048575,47392,00,03
D,29072308,1000,653,0,3531,238,0,0,0,0,0,01,0,0,0,0,29072345,811D002D,1048575,48393,00,03
D,29073308,1000,653,0,3531,238,0,0,0,0,0,01,0,0,0,0,29073345,811D002D,1048575,49393,00,03
D,29074316,1008,653,0,3531,245,0,0,0,0,0,01,0,0,0,0,29074360,811D002D,1048575,1,00,03
D,29075319,1003,653,0,3531,251,0,0,0,0,0,01,0,0,0,0,29075378,811D002D,1048575,489,00,03
D,29076331,1012,653,0,3531,271,0,0,0,0,0,01,0,0,0,0,29076413,811D002D,1048575,1530,00,03
D,29077417,1086,653,0,3531,346,0,0,0,0,0,01,0,0,0,0,29077593,811D002D,1048575,2743,00,03
D,29078487,1070,653,0,3531,419,0,0,0,0,0,01,0,0,0,0,29078609,811D002D,1048575,3738,00,03
D,29079347,860,653,0,3531,288,0,0,0,0,0,01,0,0,0,0,29079405,811D002D,1048575,4516,00,03
D,29080325,978,653,0,3531,267,0,0,0,0,0,01,0,0,0,0,29080390,811D002D,1048575,5508,00,03
D,29081335,1010,653,0,3531,277,0,0,0,0,0,01,0,0,0,0,29081392,811D002D,1048575,6504,00,03
D,29082340,1005,653,0,3531,272,0,0,0,0,0,01,0,0,0,0,29082410,811D002D,1048575,7528,00,03
D,29083348,1008,653,0,3531,278,0,0,0,0,0,01,0,0,0,0,29083406,811D002D,1048575,8518,00,03
D,29084328,980,653,0,3531,267,0,0,0,0,0,01,0,0,0,0,29084391,811D002D,1048575,9509,00,03
D,29085339,1011,653,0,3531,277,0,0,0,0,0,01,0,0,0,0,29085396,811D002D,1048575,10507,00,03
D,29086330,991,653,0,3531,274,0,0,0,0,0,01,0,0,0,0,29086401,811D002D,1048575,11519,00,03
D,29087347,1017,653,0,3531,290,0,0,0,0,0,01,0,0,0,0,29087418,811D002D,1048575,12537,00,03
D,29088363,1016,653,0,3531,297,0,0,0,0,0,01,0,0,0,0,29088452,811D002D,1048575,13575,00,03
D,29089302,939,653,0,3531,248,0,0,0,0,0,01,0,0,0,0,29089340,811D002D,1048575,14446,00,03
D,29090317,1015,653,0,3531,249,0,0,0,0,0,01,0,0,0,0,29090359,811D002D,1048575,15465,00,03
D,29091298,981,653,0,3531,238,0,0,0,0,0,01,0,0,0,0,29091334,811D002D,1048575,16441,00,03
D,29092298,1000,653,0,3531,238,0,0,0,0,0,01,0,0,0,0,29092334,811D002D,1048575,17441,00,03
D,29093298,1000,653,0,3531,238,0,0,0,0,0,01,0,0,0,0,29093334,811D002D,1048575,18440,00,03
D,29094313,1015,653,0,3531,244,0,0,0,0,0,01,0,0,0,0,29094355,811D002D,1048575,19462,00,03
D,29095292,979,653,0,3531,238,0,0,0,0,0,01,0,0,0,0,29095327,811D002D,1048575,20433,00,03
D,29096334,1042,653,0,3531,262,0,0,0,0,0,01,0,0,0,0,29096418,811D002D,1048575,21550,00,03
D,29097420,1086,653,0,3531,349,0,0,0,0,0,01,0,0,0,0,29097594,811D002D,1048575,22747,00,03
D,29098472,1052,653,0,3531,414,0,0,0,0,0,01,0,0,0,0,29098599,811D002D,1048575,23725,00,03
D,29099345,873,653,0,3531,285,0,0,0,0,0,01,0,0,0,0,29099404,811D002D,1048575,24517,00,03
D,29100332,987,653,0,3531,270,0,0,0,0,0,01,0,0,0,0,29100393,811D002D,1048575,25509,00,03
D,29101337,1005,653,0,3531,274,0,0,0,0,0,01,0,0,0,0,29101396,811D002D,1048575,26510,00,03
D,29102335,998,653,0,3531,274,0,0,0,0,0,01,0,0,0,0,29102404,811D002D,1048575,27519,00,03
D,29103336,1001,653,0,3531,277,0,0,0,0,0,01,0,0,0,0,29103393,811D002D,1048575,28504,00,03
D,29104336,1000,653,0,3531,267,0,0,0,0,0,01,0,0,0,0,29104400,811D002D,1048575,29518,00,03
D,29105346,1010,653,0,3531,276,0,0,0,0,0,01,0,0,0,0,29105403,811D002D,1048575,30515,00,03
D,29106336,990,653,0,3531,275,0,0,0,0,0,01,0,0,0,0,29106404,811D002D,1048575,31519,00,03
D,29107345,1009,653,0,3531,288,0,0,0,0,0,01,0,0,0,0,29107425,811D002D,1048575,32546,00,03
D,29108369,1024,653,0,3531,304,0,0,0,0,0,01,0,0,0,0,29108461,811D002D,1048575,33583,00,03
D,29109304,935,653,0,3531,243,0,0,0,0,0,01,0,0,0,0,29109341,811D002D,1048575,34448,00,03
D,29110319,1015,653,0,3531,249,0,0,0,0,0,01,0,0,0,0,29110361,811D002D,1048575,35468,00,03
D,29111298,979,653,0,3531,238,0,0,0,0,0,01,0,0,0,0,29111334,811D002D,1048575,36440,00,03
D,29112298,1000,653,0,3531,238,0,0,0,0,0,01,0,0,0,0,29112334,811D002D,1048575,37441,00,03
D,29113298,1000,653,0,3531,238,0,0,0,0,0,01,0,0,0,0,29113334,811D002D,1048575,38441,00,03
D,29114314,1016,653,0,3531,247,0,0,0,0,0,01,0,0,0,0,29114355,811D002D,1048575,39462,00,03
D,29115296,982,653,0,3531,238,0,0,0,0,0,01,0,0,0,0,29115332,811D002D,1048575,40439,00,03
D,29116323,1027,653,0,3531,261,0,0,0,0,0,01,0,0,0,0,29116402,811D002D,1048575,41517,00,03
D,29117414,1091,653,0,3531,351,0,0,0,0,0,01,0,0,0,0,29117595,811D002D,1048575,42745,00,03
D,29118485,1071,653,0,3531,421,0,0,0,0,0,01,0,0,0,0,29118607,811D002D,1048575,43733,00,03
D,29119351,866,653,0,3531,281,0,0,0,0,0,01,0,0,0,0,29119410,811D002D,1048575,44523,00,03
D,29120330,979,653,0,3531,265,0,0,0,0,0,01,0,0,0,0,29120392,811D002D,1048575,45507,00,03
D,29121330,1000,653,0,3531,274,0,0,0,0,0,01,0,0,0,0,29121390,811D002D,1048575,46506,00,03
D,29122344,1014,653,0,3531,276,0,0,0,0,0,01,0,0,0,0,29122414,811D002D,1048575,47529,00,03
D,29123343,999,653,0,3531,276,0,0,0,0,0,01,0,0,0,0,29123401,811D002D,1048575,48515,00,03
D,29124322,979,653,0,3531,267,0,0,0,0,0,01,0,0,0,0,29124389,811D002D,1048575,49507,00,03
D,29125335,1013,653,0,3531,275,0,0,0,0,0,01,0,0,0,0,29125396,811D002D,1048575,1,00,03
D,29126347,1012,653,0,3531,278,0,0,0,0,0,01,0,0,0,0,29126429,811D002D,1048575,495,00,03
D,29127355,1008,653,0,3531,289,0,0,0,0,0,01,0,0,0,0,29127451,811D002D,1048575,1532,00,03
D,29128358,1003,653,0,3531,301,0,0,0,0,0,01,0,0,0,0,29128447,811D002D,1048575,2519,00,03
D,29129319,961,653,0,3531,250,0,0,0,0,0,01,0,0,0,0,29129356,811D002D,1048575,3413,00,03
D,29130301,982,653,0,3531,246,0,0,0,0,0,01,0,0,0,0,29130343,811D002D,1048575,4401,00,03
D,29131296,995,653,0,3531,238,0,0,0,0,0,01,0,0,0,0,29131332,811D002D,1048575,5390,00,03
D,29132298,1002,653,0,3531,238,0,0,0,0,0,01,0,0,0,0,29132334,811D002D,1048575,6392,00,03
D,29133298,1000,653,0,3531,238,0,0,0,0,0,01,0,0,0,0,29133334,811D002D,1048575,7391,00,03
D,29134315,1017,653,0,3531,245,0,0,0,0,0,01,0,0,0,0,29134358,811D002D,1048575,8416,00,03
D,29135296,981,653,0,3531,238,0,0,0,0,0,01,0,0,0,0,29135331,811D002D,1048575,9389,00,03
D,29136325,1029,653,0,3531,261,0,0,0,0,0,01,0,0,0,0,29136403,811D002D,1048575,10471,00,03
D,29137416,1091,653,0,3531,354,0,0,0,0,0,01,0,0,0,0,29137599,811D002D,1048575,11699,00,03
D,29138483,1067,653,0,3531,422,0,0,0,0,0,01,0,0,0,0,29138605,811D002D,1048575,12681,00,03
D,29139350,867,653,0,3531,287,0,0,0,0,0,01,0,0,0,0,29139405,811D002D,1048575,13470,00,03
D,29140326,976,653,0,3531,265,0,0,0,0,0,01,0,0,0,0,29140391,811D002D,1048575,14460,00,03
D,29141336,1010,653,0,3531,278,0,0,0,0,0,01,0,0,0,0,29141390,811D002D,1048575,15452,00,03
D,29142332,996,653,0,3531,271,0,0,0,0,0,01,0,0,0,0,29142405,811D002D,1048575,16474,00,03
D,29143341,1009,653,0,3531,279,0,0,0,0,0,01,0,0,0,0,29143398,811D002D,1048575,17460,00,03
D,29144332,991,653,0,3531,263,0,0,0,0,0,01,0,0,0,0,29144397,811D002D,1048575,18466,00,03
D,29145345,1013,653,0,3531,277,0,0,0,0,0,01,0,0,0,0,29145400,811D002D,1048575,19463,00,03
D,29146326,981,653,0,3531,269,0,0,0,0,0,01,0,0,0,0,29146399,811D002D,1048575,20467,00,03
D,29147359,1033,653,0,3531,287,0,0,0,0,0,01,0,0,0,0,29147443,811D002D,1048575,21521,00,03
D,29148364,1005,653,0,3531,305,0,0,0,0,0,01,0,0,0,0,29148459,811D002D,1048575,22532,00,03
D,29149304,940,653,0,3531,244,0,0,0,0,0,01,0,0,0,0,29149341,811D002D,1048575,23398,00,03
D,29150318,1014,653,0,3531,248,0,0,0,0,0,01,0,0,0,0,29150362,811D002D,1048575,24420,00,03
D,29151298,980,653,0,3531,238,0,0,0,0,0,01,0,0,0,0,29151334,811D002D,1048575,25391,00,03
D,29152298,1000,653,0,3531,238,0,0,0,0,0,01,0,0,0,0,29152334,811D002D,1048575,26392,00,03
D,29153299,1001,653,0,3531,238,0,0,0,0,0,01,0,0,0,0,29153335,811D002D,1048575,27392,00,03
D,29154313,1014,653,0,3531,246,0,0,0,0,0,01,0,0,0,0,29154356,811D002D,1048575,28414,00,03
D,29155292,979,653,0,3531,238,0,0,0,0,0,01,0,0,0,0,29155328,811D002D,1048575,29386,00,03
D,29156317,1025,653,0,3531,262,0,0,0,0,0,01,0,0,0,0,29156399,811D002D,1048575,30467,00,03
D,29157417,1100,653,0,3531,354,0,0,0,0,0,01,0,0,0,0,29157596,811D002D,1048575,31693,00,03
D,29158479,1062,653,0,3531,416,0,0,0,0,0,01,0,0,0,0,29158601,811D002D,1048575,32679,00,03
D,29159345,866,653,0,3531,284,0,0,0,0,0,01,0,0,0,0,29159403,811D002D,1048575,33467,00,03
D,29160326,981,653,0,3531,268,0,0,0,0,0,01,0,0,0,0,29160389,811D002D,1048575,34456,00,03
D,29161334,1008,653,0,3531,275,0,0,0,0,0,01,0,0,0,0,29161392,811D002D,1048575,35457,00,03
D,29162345,1011,653,0,3531,277,0,0,0,0,0,01,0,0,0,0,29162417,811D002D,1048575,36485,00,03
D,29163346,1001,653,0,3531,275,0,0,0,0,0,01,0,0,0,0,29163405,811D002D,1048575,37470,00,03
D,29164327,981,653,0,3531,266,0,0,0,0,0,01,0,0,0,0,29164391,811D002D,1048575,38458,00,03
D,29165336,1009,653,0,3531,275,0,0,0,0,0,01,0,0,0,0,29165397,811D002D,1048575,39460,00,03
D,29166330,994,653,0,3531,274,0,0,0,0,0,01,0,0,0,0,29166402,811D002D,1048575,40471,00,03
D,29167346,1016,653,0,3531,289,0,0,0,0,0,01,0,0,0,0,29167426,811D002D,1048575,41501,00,03
D,29168359,1013,653,0,3531,303,0,0,0,0,0,01,0,0,0,0,29168451,811D002D,1048575,42523,00,03
D,29169307,948,653,0,3531,244,0,0,0,0,0,01,0,0,0,0,29169347,811D002D,1048575,43405,00,03
D,29170307,1000,653,0,3531,245,0,0,0,0,0,01,0,0,0,0,29170350,811D002D,1048575,44408,00,03
D,29171304,997,653,0,3531,238,0,0,0,0,0,01,0,0,0,0,29171340,811D002D,1048575,45398,00,03
D,29172304,1000,653,0,3531,238,0,0,0,0,0,01,0,0,0,0,29172340,811D002D,1048575,46398,00,03
D,29173303,999,653,0,3531,238,0,0,0,0,0,01,0,0,0,0,29173339,811D002D,1048575,47396,00,03
D,29174313,1010,653,0,3531,245,0,0,0,0,0,01,0,0,0,0,29174356,811D002D,1048575,48414,00,03
D,29175296,983,653,0,3531,238,0,0,0,0,0,01,0,0,0,0,29175331,811D002D,1048575,49389,00,03
D,29176322,1026,653,0,3531,265,0,0,0,0,0,01,0,0,0,0,29176401,811D002D,1048575,2,00,03
D,29177583,1261,653,0,3531,358,0,0,0,0,0,01,0,0,0,0,29177775,811D002D,1048575,707,00,03
D,29178470,887,653,0,3531,415,0,0,0,0,0,01,0,0,0,0,29178593,811D002D,1048575,1484,00,03
D,29179347,877,653,0,3531,290,0,0,0,0,0,01,0,0,0,0,29179412,811D002D,1048575,2296,00,03
D,29180320,973,653,0,3531,264,0,0,0,0,0,01,0,0,0,0,29180384,811D002D,1048575,3269,00,03
D,29181340,1020,653,0,3531,274,0,0,0,0,0,01,0,0,0,0,29181400,811D002D,1048575,4282,00,03
D,29182334,994,653,0,3531,274,0,0,0,0,0,01,0,0,0,0,29182404,811D002D,1048575,5288,00,03
D,29183346,1012,653,0,3531,276,0,0,0,0,0,01,0,0,0,0,29183405,811D002D,1048575,6285,00,03
D,29184325,979,653,0,3531,268,0,0,0,0,0,01,0,0,0,0,29184391,811D002D,1048575,7278,00,03
D,29185343,1018,653,0,3531,278,0,0,0,0,0,01,0,0,0,0,29185402,811D002D,1048575,8283,00,03
D,29186332,989,653,0,3531,273,0,0,0,0,0,01,0,0,0,0,29186408,811D002D,1048575,9292,00,03
D,29187346,1014,653,0,3531,288,0,0,0,0,0,01,0,0,0,0,29187409,811D002D,1048575,10307,00,03
D,29188370,1024,653,0,3531,302,0,0,0,0,0,01,0,0,0,0,29188461,811D002D,1048575,11354,00,03
D,29189314,944,653,0,3531,252,0,0,0,0,0,01,0,0,0,0,29189352,811D002D,1048575,12227,00,03
D,29190312,998,653,0,3531,248,0,0,0,0,0,01,0,0,0,0,29190355,811D002D,1048575,13231,00,03
D,29191296,984,653,0,3531,238,0,0,0,0,0,01,0,0,0,0,29191330,811D002D,1048575,14205,00,03
D,29192296,1000,653,0,3531,238,0,0,0,0,0,01,0,0,0,0,29192331,811D002D,1048575,15207,00,03
D,29193298,1002,653,0,3531,238,0,0,0,0,0,01,0,0,0,0,29193333,811D002D,1048575,16209,00,03
D,29194311,1013,653,0,3531,245,0,0,0,0,0,01,0,0,0,0,29194354,811D002D,1048575,17229,00,03
D,29195309,998,653,0,3531,238,0,0,0,0,0,01,0,0,0,0,29195343,811D002D,1048575,18219,00,03
D,29196316,1007,653,0,3531,258,0,0,0,0,0,01,0,0,0,0,29196391,811D002D,1048575,19275,00,03
D,29197408,1092,653,0,3531,351,0,0,0,0,0,01,0,0,0,0,29197584,811D002D,1048575,20500,00,03
D,29198481,1073,653,0,3531,424,0,0,0,0,0,01,0,0,0,0,29198600,811D002D,1048575,21495,00,03
D,29199348,867,653,0,3531,283,0,0,0,0,0,01,0,0,0,0,29199406,811D002D,1048575,22287,00,03
D,29200328,980,653,0,3531,267,0,0,0,0,0,01,0,0,0,0,29200391,811D002D,1048575,23278,00,03
D,29201340,1012,653,0,3531,276,0,0,0,0,0,01,0,0,0,0,29201396,811D002D,1048575,24278,00,03
D,29202326,986,653,0,3531,271,0,0,0,0,0,01,0,0,0,0,29202400,811D002D,1048575,25286,00,03
D,29203335,1009,653,0,3531,279,0,0,0,0,0,01,0,0,0,0,29203390,811D002D,1048575,26272,00,03
D,29204334,999,653,0,3531,266,0,0,0,0,0,01,0,0,0,0,29204398,811D002D,1048575,27285,00,03
D,29205346,1012,653,0,3531,277,0,0,0,0,0,01,0,0,0,0,29205401,811D002D,1048575,28282,00,03
D,29206334,988,653,0,3531,273,0,0,0,0,0,01,0,0,0,0,29206404,811D002D,1048575,29291,00,03
D,29207351,1017,653,0,3531,290,0,0,0,0,0,01,0,0,0,0,29207433,811D002D,1048575,30326,00,03
D,29208364,1013,653,0,3531,305,0,0,0,0,0,01,0,0,0,0,29208457,811D002D,1048575,31348,00,03
D,29209305,941,653,0,3531,245,0,0,0,0,0,01,0,0,0,0,29209345,811D002D,1048575,32221,00,03
D,29210305,1000,653,0,3531,245,0,0,0,0,0,01,0,0,0,0,29210347,811D002D,1048575,33223,00,03
D,29211300,995,653,0,3531,238,0,0,0,0,0,01,0,0,0,0,29211336,811D002D,1048575,34212,00,03
D,29212299,999,653,0,3531,238,0,0,0,0,0,01,0,0,0,0,29212335,811D002D,1048575,35210,00,03
D,29213298,999,653,0,3531,238,0,0,0,0,0,01,0,0,0,0,29213334,811D002D,1048575,36209,00,03
D,29214313,1015,653,0,3531,244,0,0,0,0,0,01,0,0,0,0,29214355,811D002D,1048575,37231,00,03
D,29215292,979,653,0,3531,238,0,0,0,0,0,01,0,0,0,0,29215327,811D002D,1048575,38202,00,03
D,29216318,1026,653,0,3531,263,0,0,0,0,0,01,0,0,0,0,29216397,811D002D,1048575,39283,00,03
D,29217408,1090,653,0,3531,353,0,0,0,0,0,01,0,0,0,0,29217586,811D002D,1048575,40506,00,03
D,29218486,1078,653,0,3531,417,0,0,0,0,0,01,0,0,0,0,29218604,811D002D,1048575,41496,00,03
D,29219347,861,653,0,3531,283,0,0,0,0,0,01,0,0,0,0,29219408,811D002D,1048575,42293,00,03
D,29220327,980,653,0,3531,271,0,0,0,0,0,01,0,0,0,0,29220389,811D002D,1048575,43271,00,03
D,29221330,1003,653,0,3531,272,0,0,0,0,0,01,0,0,0,0,29221390,811D002D,1048575,44274,00,03
D,29222332,1002,653,0,3531,277,0,0,0,0,0,01,0,0,0,0,29222402,811D002D,1048575,45286,00,03
D,29223333,1001,653,0,3531,277,0,0,0,0,0,01,0,0,0,0,29223393,811D002D,1048575,46275,00,03
D,29224328,995,653,0,3531,269,0,0,0,0,0,01,0,0,0,0,29224393,811D002D,1048575,47279,00,03
D,29225333,1005,653,0,3531,273,0,0,0,0,0,01,0,0,0,0,29225396,811D002D,1048575,48280,00,03
D,29226341,1008,653,0,3531,278,0,0,0,0,0,01,0,0,0,0,29226410,811D002D,1048575,49293,00,03
D,29227346,1005,653,0,3531,286,0,0,0,0,0,01,0,0,0,0,29227431,811D002D,1048575,1,00,03
D,29228476,1130,653,0,3531,314,0,0,0,0,0,01,0,0,0,0,29228567,811D002D,1048575,520,00,03
D,29229295,819,653,0,3531,241,0,0,0,0,0,01,0,0,0,0,29229332,811D002D,1048575,1271,00,03
D,29230313,1018,653,0,3531,245,0,0,0,0,0,01,0,0,0,0,29230355,811D002D,1048575,2295,00,03
D,29231302,989,653,0,3531,238,0,0,0,0,0,01,0,0,0,0,29231338,811D002D,1048575,3277,00,03
D,29232302,1000,653,0,3531,238,0,0,0,0,0,01,0,0,0,0,29232338,811D002D,1048575,4278,00,03
D,29233302,1000,653,0,3531,238,0,0,0,0,0,01,0,0,0,0,29233338,811D002D,1048575,5278,00,03
D,29234306,1004,653,0,3531,245,0,0,0,0,0,01,0,0,0,0,29234348,811D002D,1048575,6287,00,03
D,29235292,986,653,0,3531,238,0,0,0,0,0,01,0,0,0,0,29235328,811D002D,1048575,7268,00,03
D,29236332,1040,653,0,3531,265,0,0,0,0,0,01,0,0,0,0,29236411,811D002D,1048575,8360,00,03
D,29237409,1077,653,0,3531,352,0,0,0,0,0,01,0,0,0,0,29237578,811D002D,1048575,9563,00,03
D,29238478,1069,653,0,3531,418,0,0,0,0,0,01,0,0,0,0,29238606,811D002D,1048575,10567,00,03
D,29239354,876,653,0,3531,284,0,0,0,0,0,01,0,0,0,0,29239412,811D002D,1048575,11358,00,03
D,29240335,981,653,0,3531,268,0,0,0,0,0,01,0,0,0,0,29240400,811D002D,1048575,12351,00,03
D,29241345,1010,653,0,3531,276,0,0,0,0,0,01,0,0,0,0,29241403,811D002D,1048575,13348,00,03
D,29242339,994,653,0,3531,276,0,0,0,0,0,01,0,0,0,0,29242411,811D002D,1048575,14361,00,03
D,29243347,1008,653,0,3531,279,0,0,0,0,0,01,0,0,0,0,29243404,811D002D,1048575,15349,00,03
D,29244324,977,653,0,3531,267,0,0,0,0,0,01,0,0,0,0,29244391,811D002D,1048575,16342,00,03
D,29245338,1014,653,0,3531,276,0,0,0,0,0,01,0,0,0,0,29245399,811D002D,1048575,17343,00,03
D,29246334,996,653,0,3531,275,0,0,0,0,0,01,0,0,0,0,29246407,811D002D,1048575,18358,00,03
D,29247353,1019,653,0,3531,290,0,0,0,0,0,01,0,0,0,0,29247426,811D002D,1048575,19377,00,03
D,29248364,1011,653,0,3531,305,0,0,0,0,0,01,0,0,0,0,29248450,811D002D,1048575,20405,00,03
D,29249312,948,653,0,3531,246,0,0,0,0,0,01,0,0,0,0,29249351,811D002D,1048575,21290,00,03
D,29250311,999,653,0,3531,246,0,0,0,0,0,01,0,0,0,0,29250352,811D002D,1048575,22292,00,03
D,29251306,995,653,0,3531,238,0,0,0,0,0,01,0,0,0,0,29251341,811D002D,1048575,23281,00,03
D,29252305,999,653,0,3531,239,0,0,0,0,0,01,0,0,0,0,29252339,811D002D,1048575,24279,00,03
D,29253303,998,653,0,3531,239,0,0,0,0,0,01,0,0,0,0,29253337,811D002D,1048575,25276,00,03
D,29254312,1009,653,0,3531,244,0,0,0,0,0,01,0,0,0,0,29254354,811D002D,1048575,26294,00,03
D,29255292,980,653,0,3531,238,0,0,0,0,0,01,0,0,0,0,29255326,811D002D,1048575,27265,00,03
D,29256318,1026,653,0,3531,260,0,0,0,0,0,01,0,0,0,0,29256397,811D002D,1048575,28347,00,03
D,29257416,1098,653,0,3531,355,0,0,0,0,0,01,0,0,0,0,29257603,811D002D,1048575,29581,00,03
D,29258489,1073,653,0,3531,420,0,0,0,0,0,01,0,0,0,0,29258604,811D002D,1048575,30562,00,03
D,29259349,860,653,0,3531,280,0,0,0,0,0,01,0,0,0,0,29259408,811D002D,1048575,31356,00,03
D,29260337,988,653,0,3531,270,0,0,0,0,0,01,0,0,0,0,29260398,811D002D,1048575,32345,00,03
D,29261338,1001,653,0,3531,272,0,0,0,0,0,01,0,0,0,0,29261393,811D002D,1048575,33338,00,03
D,29262345,1007,653,0,3531,275,0,0,0,0,0,01,0,0,0,0,29262416,811D002D,1048575,34367,00,03
D,29263345,1000,653,0,3531,277,0,0,0,0,0,01,0,0,0,0,29263401,811D002D,1048575,35347,00,03
D,29264327,982,653,0,3531,266,0,0,0,0,0,01,0,0,0,0,29264390,811D002D,1048575,36338,00,03
D,29265344,1017,653,0,3531,272,0,0,0,0,0,01,0,0,0,0,29265400,811D002D,1048575,37348,00,03
D,29266338,994,653,0,3531,276,0,0,0,0,0,01,0,0,0,0,29266408,811D002D,1048575,38357,00,03
D,29267346,1008,653,0,3531,285,0,0,0,0,0,01,0,0,0,0,29267430,811D002D,1048575,39384,00,03
D,29268357,1011,653,0,3531,300,0,0,0,0,0,01,0,0,0,0,29268450,811D002D,1048575,40404,00,03
D,29269307,950,653,0,3531,244,0,0,0,0,0,01,0,0,0,0,29269345,811D002D,1048575,41284,00,03
D,29270309,1002,653,0,3531,248,0,0,0,0,0,01,0,0,0,0,29270351,811D002D,1048575,42291,00,03
D,29271306,997,653,0,3531,238,0,0,0,0,0,01,0,0,0,0,29271342,811D002D,1048575,43281,00,03
D,29272304,998,653,0,3531,238,0,0,0,0,0,01,0,0,0,0,29272340,811D002D,1048575,44280,00,03
D,29273304,1000,653,0,3531,238,0,0,0,0,0,01,0,0,0,0,29273340,811D002D,1048575,45280,00,03
D,29274315,1011,653,0,3531,244,0,0,0,0,0,01,0,0,0,0,29274357,811D002D,1048575,46297,00,03
D,29275296,981,653,0,3531,238,0,0,0,0,0,01,0,0,0,0,29275332,811D002D,1048575,47272,00,03
D,29276322,1026,653,0,3531,264,0,0,0,0,0,01,0,0,0,0,29276403,811D002D,1048575,48353,00,03
D,29277414,1092,653,0,3531,353,0,0,0,0,0,01,0,0,0,0,29277589,811D002D,1048575,49568,00,03
D,29278493,1079,653,0,3531,423,0,0,0,0,0,01,0,0,0,0,29278615,811D002D,1048575,1,00,03
D,29279587,1094,653,0,3531,293,0,0,0,0,0,01,0,0,0,0,29279658,811D002D,1048575,483,00,03
D,29280336,749,653,0,3531,266,0,0,0,0,0,01,0,0,0,0,29280403,811D002D,1048575,1231,00,03
D,29281330,994,653,0,3531,275,0,0,0,0,0,01,0,0,0,0,29281393,811D002D,1048575,2222,00,03
D,29282340,1010,653,0,3531,276,0,0,0,0,0,01,0,0,0,0,29282410,811D002D,1048575,3237,00,03
D,29283343,1003,653,0,3531,278,0,0,0,0,0,01,0,0,0,0,29283405,811D002D,1048575,4231,00,03
D,29284339,996,653,0,3531,270,0,0,0,0,0,01,0,0,0,0,29284405,811D002D,1048575,5235,00,03
D,29285336,997,653,0,3531,276,0,0,0,0,0,01,0,0,0,0,29285398,811D002D,1048575,6224,00,03
D,29286347,1011,653,0,3531,278,0,0,0,0,0,01,0,0,0,0,29286418,811D002D,1048575,7246,00,03
D,29287357,1010,653,0,3531,289,0,0,0,0,0,01,0,0,0,0,29287444,811D002D,1048575,8293,00,03
D,29288368,1011,653,0,3531,309,0,0,0,0,0,01,0,0,0,0,29288459,811D002D,1048575,9291,00,03
D,29289304,936,653,0,3531,240,0,0,0,0,0,01,0,0,0,0,29289345,811D002D,1048575,10163,00,03
D,29290305,1001,653,0,3531,246,0,0,0,0,0,01,0,0,0,0,29290346,811D002D,1048575,11165,00,03
D,29291301,996,653,0,3531,238,0,0,0,0,0,01,0,0,0,0,29291337,811D002D,1048575,12156,00,03
D,29292300,999,653,0,3531,238,0,0,0,0,0,01,0,0,0,0,29292336,811D002D,1048575,13155,00,03
D,29293299,999,653,0,3531,238,0,0,0,0,0,01,0,0,0,0,29293334,811D002D,1048575,14152,00,03
D,29294312,1013,653,0,3531,245,0,0,0,0,0,01,0,0,0,0,29294354,811D002D,1048575,15173,00,03
D,29295308,996,653,0,3531,238,0,0,0,0,0,01,0,0,0,0,29295343,811D002D,1048575,16162,00,03
D,29296316,1008,653,0,3531,262,0,0,0,0,0,01,0,0,0,0,29296396,811D002D,1048575,17223,00,03
D,29297407,1091,653,0,3531,350,0,0,0,0,0,01,0,0,0,0,29297580,811D002D,1048575,18441,00,03
D,29298483,1076,653,0,3531,414,0,0,0,0,0,01,0,0,0,0,29298596,811D002D,1048575,19433,00,03
D,29299339,856,653,0,3531,280,0,0,0,0,0,01,0,0,0,0,29299401,811D002D,1048575,20227,00,03
D,29300330,991,653,0,3531,269,0,0,0,0,0,01,0,0,0,0,29300394,811D002D,1048575,21222,00,03
D,29301337,1007,653,0,3531,273,0,0,0,0,0,01,0,0,0,0,29301398,811D002D,1048575,22225,00,03
D,29302336,999,653,0,3531,276,0,0,0,0,0,01,0,0,0,0,29302408,811D002D,1048575,23235,00,03
D,29303329,993,653,0,3531,273,0,0,0,0,0,01,0,0,0,0,29303391,811D002D,1048575,24217,00,03
D,29304339,1010,653,0,3531,270,0,0,0,0,0,01,0,0,0,0,29304408,811D002D,1048575,25237,00,03
D,29305327,988,653,0,3531,271,0,0,0,0,0,01,0,0,0,0,29305390,811D002D,1048575,26217,00,03
D,29306332,1005,653,0,3531,278,0,0,0,0,0,01,0,0,0,0,29306405,811D002D,1048575,27231,00,03
D,29307353,1021,653,0,3531,285,0,0,0,0,0,01,0,0,0,0,29307455,811D002D,1048575,28303,00,03
D,29308369,1016,653,0,3531,303,0,0,0,0,0,01,0,0,0,0,29308462,811D002D,1048575,29294,00,03
D,29309299,930,653,0,3531,240,0,0,0,0,0,01,0,0,0,0,29309338,811D002D,1048575,30157,00,03
D,29310313,1014,653,0,3531,248,0,0,0,0,0,01,0,0,0,0,29310358,811D002D,1048575,31177,00,03
D,29311297,984,653,0,3531,237,0,0,0,0,0,01,0,0,0,0,29311335,811D002D,1048575,32153,00,03
D,29312297,1000,653,0,3531,237,0,0,0,0,0,01,0,0,0,0,29312335,811D002D,1048575,33154,00,03
D,29313297,1000,653,0,3531,237,0,0,0,0,0,01,0,0,0,0,29313335,811D002D,1048575,34154,00,03
D,29314311,1014,653,0,3531,244,0,0,0,0,0,01,0,0,0,0,29314356,811D002D,1048575,35175,00,03
D,29315307,996,653,0,3531,237,0,0,0,0,0,01,0,0,0,0,29315345,811D002D,1048575,36164,00,03
D,29316317,1010,653,0,3531,263,0,0,0,0,0,01,0,0,0,0,29316399,811D002D,1048575,37226,00,03
D,29317412,1095,653,0,3531,345,0,0,0,0,0,01,0,0,0,0,29317590,811D002D,1048575,38451,00,03
D,29318486,1074,653,0,3531,415,0,0,0,0,0,01,0,0,0,0,29318594,811D002D,1048575,39432,00,03
D,29319350,864,653,0,3531,281,0,0,0,0,0,01,0,0,0,0,29319412,811D002D,1048575,40237,00,03
D,29320337,987,653,0,3531,269,0,0,0,0,0,01,0,0,0,0,29320403,811D002D,1048575,41231,00,03
D,29321342,1005,653,0,3531,273,0,0,0,0,0,01,0,0,0,0,29321407,811D002D,1048575,42234,00,03
D,29322343,1001,653,0,3531,275,0,0,0,0,0,01,0,0,0,0,29322415,811D002D,1048575,43242,00,03
D,29323330,987,653,0,3531,276,0,0,0,0,0,01,0,0,0,0,29323391,811D002D,1048575,44216,00,03
D,29324338,1008,653,0,3531,268,0,0,0,0,0,01,0,0,0,0,29324407,811D002D,1048575,45238,00,03
D,29325333,995,653,0,3531,274,0,0,0,0,0,01,0,0,0,0,29325394,811D002D,1048575,46218,00,03
D,29326330,997,653,0,3531,275,0,0,0,0,0,01,0,0,0,0,29326403,811D002D,1048575,47231,00,03
D,29327339,1009,653,0,3531,285,0,0,0,0,0,01,0,0,0,0,29327444,811D002D,1048575,48292,00,03
D,29328357,1018,653,0,3531,301,0,0,0,0,0,01,0,0,0,0,29328449,811D002D,1048575,49281,00,03
D,29329300,943,653,0,3531,239,0,0,0,0,0,01,0,0,0,0,29329340,811D002D,1048575,1,00,03
D,29330318,1018,653,0,3531,263,0,0,0,0,0,01,0,0,0,0,29330386,811D002D,1048575,517,00,03
D,29331302,984,653,0,3531,238,0,0,0,0,0,01,0,0,0,0,29331342,811D002D,1048575,1472,00,03
D,29332306,1004,653,0,3531,237,0,0,0,0,0,01,0,0,0,0,29332343,811D002D,1048575,2471,00,03
D,29333304,998,653,0,3531,237,0,0,0,0,0,01,0,0,0,0,29333340,811D002D,1048575,3468,00,03
D,29334298,994,653,0,3531,243,0,0,0,0,0,01,0,0,0,0,29334343,811D002D,1048575,4472,00,03
D,29335298,1000,653,0,3531,237,0,0,0,0,0,01,0,0,0,0,29335334,811D002D,1048575,5463,00,03
D,29336329,1031,653,0,3531,267,0,0,0,0,0,01,0,0,0,0,29336415,811D002D,1048575,6553,00,03
D,29337413,1084,653,0,3531,347,0,0,0,0,0,01,0,0,0,0,29337594,811D002D,1048575,7765,00,03
D,29338474,1061,653,0,3531,415,0,0,0,0,0,01,0,0,0,0,29338601,811D002D,1048575,8749,00,03
D,29339344,870,653,0,3531,283,0,0,0,0,0,01,0,0,0,0,29339404,811D002D,1048575,9537,00,03
D,29340329,985,653,0,3531,268,0,0,0,0,0,01,0,0,0,0,29340392,811D002D,1048575,10532,00,03
D,29341340,1011,653,0,3531,277,0,0,0,0,0,01,0,0,0,0,29341397,811D002D,1048575,11530,00,03
D,29342346,1006,653,0,3531,275,0,0,0,0,0,01,0,0,0,0,29342418,811D002D,1048575,12558,00,03
D,29343335,989,653,0,3531,279,0,0,0,0,0,01,0,0,0,0,29343392,811D002D,1048575,13525,00,03
D,29344332,997,653,0,3531,267,0,0,0,0,0,01,0,0,0,0,29344399,811D002D,1048575,14539,00,03
D,29345350,1018,653,0,3531,278,0,0,0,0,0,01,0,0,0,0,29345408,811D002D,1048575,15542,00,03
D,29346338,988,653,0,3531,273,0,0,0,0,0,01,0,0,0,0,29346409,811D002D,1048575,16548,00,03
D,29347356,1018,653,0,3531,290,0,0,0,0,0,01,0,0,0,0,29347433,811D002D,1048575,17574,00,03
D,29348368,1012,653,0,3531,307,0,0,0,0,0,01,0,0,0,0,29348461,811D002D,1048575,18607,00,03
D,29349309,941,653,0,3531,246,0,0,0,0,0,01,0,0,0,0,29349350,811D002D,1048575,19478,00,03
D,29350311,1002,653,0,3531,245,0,0,0,0,0,01,0,0,0,0,29350353,811D002D,1048575,20483,00,03
D,29351308,997,653,0,3531,238,0,0,0,0,0,01,0,0,0,0,29351343,811D002D,1048575,21472,00,03
D,29352307,999,653,0,3531,238,0,0,0,0,0,01,0,0,0,0,29352343,811D002D,1048575,22472,00,03
D,29353307,1000,653,0,3531,238,0,0,0,0,0,01,0,0,0,0,29353342,811D002D,1048575,23471,00,03
D,29354315,1008,653,0,3531,244,0,0,0,0,0,01,0,0,0,0,29354357,811D002D,1048575,24485,00,03
D,29355296,981,653,0,3531,238,0,0,0,0,0,01,0,0,0,0,29355332,811D002D,1048575,25461,00,03
D,29356322,1026,653,0,3531,261,0,0,0,0,0,01,0,0,0,0,29356401,811D002D,1048575,26540,00,03
D,29357419,1097,653,0,3531,348,0,0,0,0,0,01,0,0,0,0,29357601,811D002D,1048575,27773,00,03
D,29358486,1067,653,0,3531,413,0,0,0,0,0,01,0,0,0,0,29358604,811D002D,1048575,28753,00,03
D,29359348,862,653,0,3531,284,0,0,0,0,0,01,0,0,0,0,29359410,811D002D,1048575,29547,00,03
D,29360325,977,653,0,3531,270,0,0,0,0,0,01,0,0,0,0,29360390,811D002D,1048575,30528,00,03
D,29361339,1014,653,0,3531,276,0,0,0,0,0,01,0,0,0,0,29361398,811D002D,1048575,31535,00,03
D,29362334,995,653,0,3531,276,0,0,0,0,0,01,0,0,0,0,29362405,811D002D,1048575,32544,00,03
D,29363339,1005,653,0,3531,276,0,0,0,0,0,01,0,0,0,0,29363399,811D002D,1048575,33536,00,03
D,29364327,988,653,0,3531,268,0,0,0,0,0,01,0,0,0,0,29364390,811D002D,1048575,34528,00,03
D,29365337,1010,653,0,3531,275,0,0,0,0,0,01,0,0,0,0,29365396,811D002D,1048575,35532,00,03
D,29366333,996,653,0,3531,275,0,0,0,0,0,01,0,0,0,0,29366405,811D002D,1048575,36545,00,03
D,29367358,1025,653,0,3531,292,0,0,0,0,0,01,0,0,0,0,29367449,811D002D,1048575,37600,00,03
D,29368360,1002,653,0,3531,304,0,0,0,0,0,01,0,0,0,0,29368450,811D002D,1048575,38592,00,03
D,29369303,943,653,0,3531,243,0,0,0,0,0,01,0,0,0,0,29369344,811D002D,1048575,39473,00,03
D,29370305,1002,653,0,3531,246,0,0,0,0,0,01,0,0,0,0,29370347,811D002D,1048575,40476,00,03
D,29371300,995,653,0,3531,238,0,0,0,0,0,01,0,0,0,0,29371338,811D002D,1048575,41467,00,03
D,29372299,999,653,0,3531,238,0,0,0,0,0,01,0,0,0,0,29372336,811D002D,1048575,42465,00,03
D,29373299,1000,653,0,3531,238,0,0,0,0,0,01,0,0,0,0,29373335,811D002D,1048575,43464,00,03
D,29374312,1013,653,0,3531,245,0,0,0,0,0,01,0,0,0,0,29374355,811D002D,1048575,44484,00,03
D,29375296,984,653,0,3531,238,0,0,0,0,0,01,0,0,0,0,29375332,811D002D,1048575,45461,00,03
D,29376321,1025,653,0,3531,262,0,0,0,0,0,01,0,0,0,0,29376400,811D002D,1048575,46540,00,03
D,29377410,1089,653,0,3531,354,0,0,0,0,0,01,0,0,0,0,29377595,811D002D,1048575,47766,00,03
D,29378484,1074,653,0,3531,422,0,0,0,0,0,01,0,0,0,0,29378604,811D002D,1048575,48751,00,03
D,29379351,867,653,0,3531,285,0,0,0,0,0,01,0,0,0,0,29379407,811D002D,1048575,49541,00,03
D,29380325,974,653,0,3531,266,0,0,0,0,0,01,0,0,0,0,29380388,811D002D,1048575,1,00,03
D,29381334,1009,653,0,3531,273,0,0,0,0,0,01,0,0,0,0,29381413,811D002D,1048575,487,00,03
D,29382339,1005,653,0,3531,274,0,0,0,0,0,01,0,0,0,0,29382412,811D002D,1048575,1489,00,03
D,29383348,1009,653,0,3531,282,0,0,0,0,0,01,0,0,0,0,29383409,811D002D,1048575,2481,00,03
D,29384333,985,653,0,3531,266,0,0,0,0,0,01,0,0,0,0,29384399,811D002D,1048575,3477,00,03
D,29385334,1001,653,0,3531,276,0,0,0,0,0,01,0,0,0,0,29385394,811D002D,1048575,4468,00,03
D,29386329,995,653,0,3531,274,0,0,0,0,0,01,0,0,0,0,29386401,811D002D,1048575,5476,00,03
D,29387346,1017,653,0,3531,290,0,0,0,0,0,01,0,0,0,0,29387427,811D002D,1048575,6513,00,03
D,29388371,1025,653,0,3531,306,0,0,0,0,0,01,0,0,0,0,29388465,811D002D,1048575,7547,00,03
D,29389307,936,653,0,3531,244,0,0,0,0,0,01,0,0,0,0,29389347,811D002D,1048575,8414,00,03
D,29390307,1000,653,0,3531,246,0,0,0,0,0,01,0,0,0,0,29390350,811D002D,1048575,9417,00,03
D,29391304,997,653,0,3531,237,0,0,0,0,0,01,0,0,0,0,29391340,811D002D,1048575,10406,00,03
D,29392302,998,653,0,3531,238,0,0,0,0,0,01,0,0,0,0,29392338,811D002D,1048575,11405,00,03
D,29393301,999,653,0,3531,238,0,0,0,0,0,01,0,0,0,0,29393337,811D002D,1048575,12403,00,03
D,29394311,1010,653,0,3531,245,0,0,0,0,0,01,0,0,0,0,29394354,811D002D,1048575,13420,00,03
D,29395308,997,653,0,3531,238,0,0,0,0,0,01,0,0,0,0,29395344,811D002D,1048575,14411,00,03
D,29396317,1009,653,0,3531,261,0,0,0,0,0,01,0,0,0,0,29396393,811D002D,1048575,15469,00,03
D,29397408,1091,653,0,3531,349,0,0,0,0,0,01,0,0,0,0,29397589,811D002D,1048575,16710,00,03
D,29398483,1075,653,0,3531,411,0,0,0,0,0,01,0,0,0,0,29398599,811D002D,1048575,17686,00,03
D,29399338,855,653,0,3531,282,0,0,0,0,0,01,0,0,0,0,29399401,811D002D,1048575,18475,00,03
D,29400330,992,653,0,3531,269,0,0,0,0,0,01,0,0,0,0,29400394,811D002D,1048575,19470,00,03
D,29401338,1008,653,0,3531,273,0,0,0,0,0,01,0,0,0,0,29401403,811D002D,1048575,20478,00,03
D,29402338,1000,653,0,3531,275,0,0,0,0,0,01,0,0,0,0,29402411,811D002D,1048575,21485,00,03
D,29403343,1005,653,0,3531,275,0,0,0,0,0,01,0,0,0,0,29403405,811D002D,1048575,22478,00,03
D,29404330,987,653,0,3531,268,0,0,0,0,0,01,0,0,0,0,29404399,811D002D,1048575,23476,00,03
D,29405344,1014,653,0,3531,274,0,0,0,0,0,01,0,0,0,0,29405406,811D002D,1048575,24479,00,03
D,29406337,993,653,0,3531,274,0,0,0,0,0,01,0,0,0,0,29406411,811D002D,1048575,25487,00,03
D,29407353,1016,653,0,3531,287,0,0,0,0,0,01,0,0,0,0,29407464,811D002D,1048575,26559,00,03
D,29408366,1013,653,0,3531,300,0,0,0,0,0,01,0,0,0,0,29408459,811D002D,1048575,27538,00,03
D,29409306,940,653,0,3531,241,0,0,0,0,0,01,0,0,0,0,29409346,811D002D,1048575,28412,00,03
D,29410307,1001,653,0,3531,248,0,0,0,0,0,01,0,0,0,0,29410352,811D002D,1048575,29418,00,03
D,29411303,996,653,0,3531,237,0,0,0,0,0,01,0,0,0,0,29411341,811D002D,1048575,30408,00,03
D,29412302,999,653,0,3531,237,0,0,0,0,0,01,0,0,0,0,29412340,811D002D,1048575,31407,00,03
D,29413301,999,653,0,3531,237,0,0,0,0,0,01,0,0,0,0,29413338,811D002D,1048575,32404,00,03
D,29414311,1010,653,0,3531,244,0,0,0,0,0,01,0,0,0,0,29414356,811D002D,1048575,33423,00,03
D,29415307,996,653,0,3531,237,0,0,0,0,0,01,0,0,0,0,29415345,811D002D,1048575,34411,00,03
D,29416317,1010,653,0,3531,263,0,0,0,0,0,01,0,0,0,0,29416398,811D002D,1048575,35474,00,03
D,29417413,1096,653,0,3531,341,0,0,0,0,0,01,0,0,0,0,29417596,811D002D,1048575,36699,00,03
D,29418483,1070,653,0,3531,421,0,0,0,0,0,01,0,0,0,0,29418606,811D002D,1048575,37694,00,03
D,29419341,858,653,0,3531,286,0,0,0,0,0,01,0,0,0,0,29419398,811D002D,1048575,38471,00,03
D,29420323,982,653,0,3531,266,0,0,0,0,0,01,0,0,0,0,29420388,811D002D,1048575,39465,00,03
D,29421345,1022,653,0,3531,273,0,0,0,0,0,01,0,0,0,0,29421400,811D002D,1048575,40471,00,03
D,29422340,995,653,0,3531,269,0,0,0,0,0,01,0,0,0,0,29422412,811D002D,1048575,41490,00,03
D,29423343,1003,653,0,3531,277,0,0,0,0,0,01,0,0,0,0,29423399,811D002D,1048575,42470,00,03
D,29424334,991,653,0,3531,262,0,0,0,0,0,01,0,0,0,0,29424399,811D002D,1048575,43476,00,03
D,29425340,1006,653,0,3531,273,0,0,0,0,0,01,0,0,0,0,29425396,811D002D,1048575,44469,00,03
D,29426341,1001,653,0,3531,272,0,0,0,0,0,01,0,0,0,0,29426413,811D002D,1048575,45489,00,03
D,29427353,1012,653,0,3531,286,0,0,0,0,0,01,0,0,0,0,29427438,811D002D,1048575,46521,00,03
D,29428367,1014,653,0,3531,302,0,0,0,0,0,01,0,0,0,0,29428461,811D002D,1048575,47544,00,03
D,29429307,940,653,0,3531,245,0,0,0,0,0,01,0,0,0,0,29429345,811D002D,1048575,48411,00,03
D,29430309,1002,653,0,3531,248,0,0,0,0,0,01,0,0,0,0,29430352,811D002D,1048575,49419,00,03
D,29431305,996,653,0,3531,236,0,0,0,0,0,01,0,0,0,0,29431342,811D002D,1048575,1,00,03
D,29432308,1003,653,0,3531,247,0,0,0,0,0,01,0,0,0,0,29432371,811D002D,1048575,505,00,03
D,29433298,990,653,0,3531,238,0,0,0,0,0,01,0,0,0,0,29433336,811D002D,1048575,1465,00,03
D,29434316,1018,653,0,3531,247,0,0,0,0,0,01,0,0,0,0,29434359,811D002D,1048575,2486,00,03
D,29435296,980,653,0,3531,237,0,0,0,0,0,01,0,0,0,0,29435333,811D002D,1048575,3461,00,03
D,29436326,1030,653,0,3531,266,0,0,0,0,0,01,0,0,0,0,29436419,811D002D,1048575,4568,00,03
D,29437415,1089,653,0,3531,344,0,0,0,0,0,01,0,0,0,0,29437588,811D002D,1048575,5762,00,03
D,29438473,1058,653,0,3531,415,0,0,0,0,0,01,0,0,0,0,29438605,811D002D,1048575,6753,00,03
D,29439351,878,653,0,3531,288,0,0,0,0,0,01,0,0,0,0,29439410,811D002D,1048575,7543,00,03
D,29440336,985,653,0,3531,270,0,0,0,0,0,01,0,0,0,0,29440398,811D002D,1048575,8535,00,03
D,29441342,1006,653,0,3531,275,0,0,0,0,0,01,0,0,0,0,29441401,811D002D,1048575,9537,00,03
D,29442336,994,653,0,3531,273,0,0,0,0,0,01,0,0,0,0,29442404,811D002D,1048575,10540,00,03
D,29443338,1002,653,0,3531,276,0,0,0,0,0,01,0,0,0,0,29443396,811D002D,1048575,11529,00,03
D,29444336,998,653,0,3531,267,0,0,0,0,0,01,0,0,0,0,29444400,811D002D,1048575,12539,00,03
D,29445345,1009,653,0,3531,275,0,0,0,0,0,01,0,0,0,0,29445401,811D002D,1048575,13533,00,03
D,29446332,987,653,0,3531,274,0,0,0,0,0,01,0,0,0,0,29446400,811D002D,1048575,14537,00,03
D,29447343,1011,653,0,3531,288,0,0,0,0,0,01,0,0,0,0,29447415,811D002D,1048575,15559,00,03
D,29448359,1016,653,0,3531,303,0,0,0,0,0,01,0,0,0,0,29448451,811D002D,1048575,16594,00,03
D,29449310,951,653,0,3531,244,0,0,0,0,0,01,0,0,0,0,29449348,811D002D,1048575,17475,00,03
D,29450310,1000,653,0,3531,249,0,0,0,0,0,01,0,0,0,0,29450352,811D002D,1048575,18480,00,03
D,29451306,996,653,0,3531,238,0,0,0,0,0,01,0,0,0,0,29451342,811D002D,1048575,19470,00,03
D,29452307,1001,653,0,3531,238,0,0,0,0,0,01,0,0,0,0,29452342,811D002D,1048575,20470,00,03
D,29453305,998,653,0,3531,238,0,0,0,0,0,01,0,0,0,0,29453341,811D002D,1048575,21468,00,03
D,29454315,1010,653,0,3531,245,0,0,0,0,0,01,0,0,0,0,29454357,811D002D,1048575,22485,00,03
D,29455298,983,653,0,3531,238,0,0,0,0,0,01,0,0,0,0,29455334,811D002D,1048575,23461,00,03
D,29456326,1028,653,0,3531,261,0,0,0,0,0,01,0,0,0,0,29456406,811D002D,1048575,24542,00,03
D,29457414,1088,653,0,3531,358,0,0,0,0,0,01,0,0,0,0,29457601,811D002D,1048575,25769,00,03
D,29458480,1066,653,0,3531,418,0,0,0,0,0,01,0,0,0,0,29458604,811D002D,1048575,26752,00,03
D,29459348,868,653,0,3531,281,0,0,0,0,0,01,0,0,0,0,29459407,811D002D,1048575,27541,00,03
D,29460330,982,653,0,3531,270,0,0,0,0,0,01,0,0,0,0,29460394,811D002D,1048575,28532,00,03
D,29461336,1006,653,0,3531,274,0,0,0,0,0,01,0,0,0,0,29461393,811D002D,1048575,29525,00,03
D,29462337,1001,653,0,3531,272,0,0,0,0,0,01,0,0,0,0,29462410,811D002D,1048575,30549,00,03
D,29463346,1009,653,0,3531,280,0,0,0,0,0,01,0,0,0,0,29463403,811D002D,1048575,31535,00,03
D,29464326,980,653,0,3531,267,0,0,0,0,0,01,0,0,0,0,29464392,811D002D,1048575,32530,00,03
D,29465332,1006,653,0,3531,275,0,0,0,0,0,01,0,0,0,0,29465390,811D002D,1048575,33524,00,03
D,29466339,1007,653,0,3531,276,0,0,0,0,0,01,0,0,0,0,29466412,811D002D,1048575,34549,00,03
D,29467354,1015,653,0,3531,288,0,0,0,0,0,01,0,0,0,0,29467435,811D002D,1048575,35575,00,03
D,29468364,1010,653,0,3531,303,0,0,0,0,0,01,0,0,0,0,29468457,811D002D,1048575,36600,00,03
D,29469300,936,653,0,3531,245,0,0,0,0,0,01,0,0,0,0,29469338,811D002D,1048575,37465,00,03
D,29470313,1013,653,0,3531,249,0,0,0,0,0,01,0,0,0,0,29470356,811D002D,1048575,38484,00,03
D,29471296,983,653,0,3531,238,0,0,0,0,0,01,0,0,0,0,29471331,811D002D,1048575,39459,00,03
D,29472296,1000,653,0,3531,238,0,0,0,0,0,01,0,0,0,0,29472331,811D002D,1048575,40459,00,03
D,29473296,1000,653,0,3531,238,0,0,0,0,0,01,0,0,0,0,29473332,811D002D,1048575,41460,00,03
D,29474307,1011,653,0,3531,245,0,0,0,0,0,01,0,0,0,0,29474350,811D002D,1048575,42477,00,03
D,29475305,998,653,0,3531,239,0,0,0,0,0,01,0,0,0,0,29475341,811D002D,1048575,43468,00,03
D,29476328,1023,653,0,3531,260,0,0,0,0,0,01,0,0,0,0,29476409,811D002D,1048575,44548,00,03
D,29477421,1093,653,0,3531,350,0,0,0,0,0,01,0,0,0,0,29477606,811D002D,1048575,45779,00,03
D,29478479,1058,653,0,3531,424,0,0,0,0,0,01,0,0,0,0,29478606,811D002D,1048575,46752,00,03
D,29479345,866,653,0,3531,282,0,0,0,0,0,01,0,0,0,0,29479406,811D002D,1048575,47540,00,03
D,29480327,982,653,0,3531,269,0,0,0,0,0,01,0,0,0,0,29480390,811D002D,1048575,48527,00,03
D,29481331,1004,653,0,3531,274,0,0,0,0,0,01,0,0,0,0,29481390,811D002D,1048575,49527,00,03
D,29482344,1013,653,0,3531,274,0,0,0,0,0,01,0,0,0,0,29482413,811D002D,1048575,0,00,03
D,29483345,1001,653,0,3531,274,0,0,0,0,0,01,0,0,0,0,29483422,811D002D,1048575,470,00,03
D,29484340,995,653,0,3531,273,0,0,0,0,0,01,0,0,0,0,29484411,811D002D,1048575,1465,00,03
D,29485341,1001,653,0,3531,275,0,0,0,0,0,01,0,0,0,0,29485404,811D002D,1048575,2453,00,03
D,29486348,1007,653,0,3531,278,0,0,0,0,0,01,0,0,0,0,29486420,811D002D,1048575,3471,00,03
D,29487358,1010,653,0,3531,287,0,0,0,0,0,01,0,0,0,0,29487456,811D002D,1048575,4525,00,03
D,29488364,1006,653,0,3531,304,0,0,0,0,0,01,0,0,0,0,29488453,811D002D,1048575,5509,00,03
D,29489304,940,653,0,3531,245,0,0,0,0,0,01,0,0,0,0,29489344,811D002D,1048575,6386,00,03
D,29490307,1003,653,0,3531,248,0,0,0,0,0,01,0,0,0,0,29490351,811D002D,1048575,7393,00,03
D,29491302,995,653,0,3531,238,0,0,0,0,0,01,0,0,0,0,29491339,811D002D,1048575,8382,00,03
D,29492301,999,653,0,3531,237,0,0,0,0,0,01,0,0,0,0,29492338,811D002D,1048575,9380,00,03
D,29493299,998,653,0,3531,238,0,0,0,0,0,01,0,0,0,0,29493335,811D002D,1048575,10377,00,03
D,29494312,1013,653,0,3531,244,0,0,0,0,0,01,0,0,0,0,29494356,811D002D,1048575,11399,00,03
D,29495306,994,653,0,3531,238,0,0,0,0,0,01,0,0,0,0,29495343,811D002D,1048575,12384,00,03
D,29496329,1023,653,0,3531,259,0,0,0,0,0,01,0,0,0,0,29496406,811D002D,1048575,13456,00,03
D,29497416,1087,653,0,3531,357,0,0,0,0,0,01,0,0,0,0,29497599,811D002D,1048575,14677,00,03
D,29498470,1054,653,0,3531,411,0,0,0,0,0,01,0,0,0,0,29498595,811D002D,1048575,15657,00,03
D,29499355,885,653,0,3531,286,0,0,0,0,0,01,0,0,0,0,29499410,811D002D,1048575,16457,00,03
D,29500326,971,653,0,3531,264,0,0,0,0,0,01,0,0,0,0,29500391,811D002D,1048575,17444,00,03
D,29501335,1009,653,0,3531,277,0,0,0,0,0,01,0,0,0,0,29501389,811D002D,1048575,18435,00,03
D,29502334,999,653,0,3531,270,0,0,0,0,0,01,0,0,0,0,29502405,811D002D,1048575,19458,00,03
D,29503343,1009,653,0,3531,280,0,0,0,0,0,01,0,0,0,0,29503398,811D002D,1048575,20444,00,03
D,29504332,989,653,0,3531,263,0,0,0,0,0,01,0,0,0,0,29504397,811D002D,1048575,21450,00,03
D,29505345,1013,653,0,3531,276,0,0,0,0,0,01,0,0,0,0,29505400,811D002D,1048575,22447,00,03
D,29506325,980,653,0,3531,268,0,0,0,0,0,01,0,0,0,0,29506398,811D002D,1048575,23450,00,03
D,29507360,1035,653,0,3531,291,0,0,0,0,0,01,0,0,0,0,29507443,811D002D,1048575,24501,00,03
D,29508367,1007,653,0,3531,301,0,0,0,0,0,01,0,0,0,0,29508459,811D002D,1048575,25515,00,03
D,29509299,932,653,0,3531,244,0,0,0,0,0,01,0,0,0,0,29509336,811D002D,1048575,26378,00,03
D,29510318,1019,653,0,3531,248,0,0,0,0,0,01,0,0,0,0,29510360,811D002D,1048575,27403,00,03
D,29511298,980,653,0,3531,238,0,0,0,0,0,01,0,0,0,0,29511334,811D002D,1048575,28375,00,03
D,29512298,1000,653,0,3531,238,0,0,0,0,0,01,0,0,0,0,29512334,811D002D,1048575,29376,00,03
D,29513299,1001,653,0,3531,239,0,0,0,0,0,01,0,0,0,0,29513335,811D002D,1048575,30376,00,03
D,29514313,1014,653,0,3531,244,0,0,0,0,0,01,0,0,0,0,29514355,811D002D,1048575,31397,00,03
D,29515308,995,653,0,3531,238,0,0,0,0,0,01,0,0,0,0,29515344,811D002D,1048575,32386,00,03
D,29516333,1025,653,0,3531,261,0,0,0,0,0,01,0,0,0,0,29516414,811D002D,1048575,33471,00,03
D,29517415,1082,653,0,3531,358,0,0,0,0,0,01,0,0,0,0,29517596,811D002D,1048575,34680,00,03
D,29518482,1067,653,0,3531,418,0,0,0,0,0,01,0,0,0,0,29518609,811D002D,1048575,35670,00,03
D,29519352,870,653,0,3531,281,0,0,0,0,0,01,0,0,0,0,29519408,811D002D,1048575,36456,00,03
D,29520331,979,653,0,3531,269,0,0,0,0,0,01,0,0,0,0,29520392,811D002D,1048575,37442,00,03
D,29521329,998,653,0,3531,272,0,0,0,0,0,01,0,0,0,0,29521389,811D002D,1048575,38439,00,03
D,29522339,1010,653,0,3531,272,0,0,0,0,0,01,0,0,0,0,29522408,811D002D,1048575,39458,00,03
D,29523335,996,653,0,3531,276,0,0,0,0,0,01,0,0,0,0,29523389,811D002D,1048575,40436,00,03
D,29524331,996,653,0,3531,264,0,0,0,0,0,01,0,0,0,0,29524396,811D002D,1048575,41448,00,03
D,29525338,1007,653,0,3531,272,0,0,0,0,0,01,0,0,0,0,29525391,811D002D,1048575,42439,00,03
D,29526338,1000,653,0,3531,275,0,0,0,0,0,01,0,0,0,0,29526408,811D002D,1048575,43457,00,03
D,29527345,1007,653,0,3531,286,0,0,0,0,0,01,0,0,0,0,29527415,811D002D,1048575,44474,00,03
D,29528364,1019,653,0,3531,305,0,0,0,0,0,01,0,0,0,0,29528453,811D002D,1048575,45509,00,03
D,29529304,940,653,0,3531,242,0,0,0,0,0,01,0,0,0,0,29529344,811D002D,1048575,46385,00,03
D,29530308,1004,653,0,3531,247,0,0,0,0,0,01,0,0,0,0,29530349,811D002D,1048575,47391,00,03
D,29531305,997,653,0,3531,238,0,0,0,0,0,01,0,0,0,0,29531341,811D002D,1048575,48383,00,03
D,29532304,999,653,0,3531,238,0,0,0,0,0,01,0,0,0,0,29532340,811D002D,1048575,49381,00,03
D,29533303,999,653,0,3531,238,0,0,0,0,0,01,0,0,0,0,29533339,811D002D,1048575,1,00,03
D,29534328,1025,653,0,3531,263,0,0,0,0,0,01,0,0,0,0,29534392,811D002D,1048575,525,00,03
D,29535303,975,653,0,3531,238,0,0,0,0,0,01,0,0,0,0,29535341,811D002D,1048575,1470,00,03
D,29536335,1032,653,0,3531,269,0,0,0,0,0,01,0,0,0,0,29536419,811D002D,1048575,2567,00,03
D,29537410,1075,653,0,3531,355,0,0,0,0,0,01,0,0,0,0,29537590,811D002D,1048575,3774,00,03
D,29538488,1078,653,0,3531,418,0,0,0,0,0,01,0,0,0,0,29538615,811D002D,1048575,4765,00,03
D,29539342,854,653,0,3531,283,0,0,0,0,0,01,0,0,0,0,29539407,811D002D,1048575,5543,00,03
D,29540339,997,653,0,3531,270,0,0,0,0,0,01,0,0,0,0,29540405,811D002D,1048575,6546,00,03
D,29541335,996,653,0,3531,277,0,0,0,0,0,01,0,0,0,0,29541394,811D002D,1048575,7528,00,03
D,29542332,997,653,0,3531,277,0,0,0,0,0,01,0,0,0,0,29542405,811D002D,1048575,8546,00,03
D,29543347,1015,653,0,3531,278,0,0,0,0,0,01,0,0,0,0,29543407,811D002D,1048575,9541,00,03
D,29544331,984,653,0,3531,269,0,0,0,0,0,01,0,0,0,0,29544398,811D002D,1048575,10539,00,03
D,29545344,1013,653,0,3531,276,0,0,0,0,0,01,0,0,0,0,29545402,811D002D,1048575,11537,00,03
D,29546339,995,653,0,3531,277,0,0,0,0,0,01,0,0,0,0,29546412,811D002D,1048575,12552,00,03
D,29547359,1020,653,0,3531,291,0,0,0,0,0,01,0,0,0,0,29547436,811D002D,1048575,13577,00,03
D,29548369,1010,653,0,3531,301,0,0,0,0,0,01,0,0,0,0,29548459,811D002D,1048575,14603,00,03
D,29549306,937,653,0,3531,247,0,0,0,0,0,01,0,0,0,0,29549344,811D002D,1048575,15473,00,03
D,29550308,1002,653,0,3531,249,0,0,0,0,0,01,0,0,0,0,29550350,811D002D,1048575,16480,00,03
D,29551305,997,653,0,3531,239,0,0,0,0,0,01,0,0,0,0,29551340,811D002D,1048575,17469,00,03
D,29552302,997,653,0,3531,238,0,0,0,0,0,01,0,0,0,0,29552338,811D002D,1048575,18468,00,03
D,29553301,999,653,0,3531,238,0,0,0,0,0,01,0,0,0,0,29553337,811D002D,1048575,19466,00,03
D,29554312,1011,653,0,3531,245,0,0,0,0,0,01,0,0,0,0,29554354,811D002D,1048575,20483,00,03
D,29555308,996,653,0,3531,238,0,0,0,0,0,01,0,0,0,0,29555344,811D002D,1048575,21474,00,03
D,29556318,1010,653,0,3531,263,0,0,0,0,0,01,0,0,0,0,29556401,811D002D,1048575,22542,00,03
D,29557411,1093,653,0,3531,350,0,0,0,0,0,01,0,0,0,0,29557587,811D002D,1048575,23762,00,03
D,29558482,1071,653,0,3531,423,0,0,0,0,0,01,0,0,0,0,29558605,811D002D,1048575,24755,00,03
D,29559346,864,653,0,3531,283,0,0,0,0,0,01,0,0,0,0,29559410,811D002D,1048575,25546,00,03
D,29560328,982,653,0,3531,271,0,0,0,0,0,01,0,0,0,0,29560391,811D002D,1048575,26530,00,03
D,29561333,1005,653,0,3531,275,0,0,0,0,0,01,0,0,0,0,29561395,811D002D,1048575,27533,00,03
D,29562339,1006,653,0,3531,279,0,0,0,0,0,01,0,0,0,0,29562409,811D002D,1048575,28547,00,03
D,29563340,1001,653,0,3531,277,0,0,0,0,0,01,0,0,0,0,29563401,811D002D,1048575,29538,00,03
D,29564327,987,653,0,3531,269,0,0,0,0,0,01,0,0,0,0,29564394,811D002D,1048575,30535,00,03
D,29565341,1014,653,0,3531,275,0,0,0,0,0,01,0,0,0,0,29565402,811D002D,1048575,31538,00,03
D,29566339,998,653,0,3531,277,0,0,0,0,0,01,0,0,0,0,29566410,811D002D,1048575,32549,00,03
D,29567351,1012,653,0,3531,286,0,0,0,0,0,01,0,0,0,0,29567441,811D002D,1048575,33601,00,03
D,29568365,1014,653,0,3531,305,0,0,0,0,0,01,0,0,0,0,29568454,811D002D,1048575,34597,00,03
D,29569302,937,653,0,3531,241,0,0,0,0,0,01,0,0,0,0,29569341,811D002D,1048575,35471,00,03
D,29570318,1016,653,0,3531,248,0,0,0,0,0,01,0,0,0,0,29570362,811D002D,1048575,36492,00,03
D,29571298,980,653,0,3531,238,0,0,0,0,0,01,0,0,0,0,29571336,811D002D,1048575,37466,00,03
D,29572298,1000,653,0,3531,238,0,0,0,0,0,01,0,0,0,0,29572335,811D002D,1048575,38465,00,03
D,29573298,1000,653,0,3531,238,0,0,0,0,0,01,0,0,0,0,29573335,811D002D,1048575,39464,00,03
D,29574312,1014,653,0,3531,245,0,0,0,0,0,01,0,0,0,0,29574356,811D002D,1048575,40486,00,03
D,29575296,984,653,0,3531,238,0,0,0,0,0,01,0,0,0,0,29575333,811D002D,1048575,41462,00,03
D,29576321,1025,653,0,3531,264,0,0,0,0,0,01,0,0,0,0,29576402,811D002D,1048575,42542,00,03
D,29577410,1089,653,0,3531,353,0,0,0,0,0,01,0,0,0,0,29577583,811D002D,1048575,43758,00,03
D,29578483,1073,653,0,3531,421,0,0,0,0,0,01,0,0,0,0,29578593,811D002D,1048575,44741,00,03
D,29579352,869,653,0,3531,282,0,0,0,0,0,01,0,0,0,0,29579414,811D002D,1048575,45550,00,03
D,29580321,969,653,0,3531,266,0,0,0,0,0,01,0,0,0,0,29580388,811D002D,1048575,46529,00,03
D,29581348,1027,653,0,3531,277,0,0,0,0,0,01,0,0,0,0,29581406,811D002D,1048575,47540,00,03
D,29582333,985,653,0,3531,272,0,0,0,0,0,01,0,0,0,0,29582406,811D002D,1048575,48547,00,03
D,29583340,1007,653,0,3531,278,0,0,0,0,0,01,0,0,0,0,29583399,811D002D,1048575,49533,00,03
D,29584336,996,653,0,3531,266,0,0,0,0,0,01,0,0,0,0,29584402,811D002D,1048575,1,00,03
D,29585342,1006,653,0,3531,280,0,0,0,0,0,01,0,0,0,0,29585417,811D002D,1048575,471,00,03
D,29586335,993,653,0,3531,272,0,0,0,0,0,01,0,0,0,0,29586412,811D002D,1048575,1472,00,03
D,29587361,1026,653,0,3531,292,0,0,0,0,0,01,0,0,0,0,29587457,811D002D,1048575,2534,00,03
D,29588370,1009,653,0,3531,304,0,0,0,0,0,01,0,0,0,0,29588460,811D002D,1048575,3522,00,03
D,29589305,935,653,0,3531,244,0,0,0,0,0,01,0,0,0,0,29589345,811D002D,1048575,4394,00,03
D,29590303,998,653,0,3531,245,0,0,0,0,0,01,0,0,0,0,29590347,811D002D,1048575,5396,00,03
D,29591300,997,653,0,3531,238,0,0,0,0,0,01,0,0,0,0,29591335,811D002D,1048575,6384,00,03
D,29592298,998,653,0,3531,238,0,0,0,0,0,01,0,0,0,0,29592334,811D002D,1048575,7383,00,03
D,29593297,999,653,0,3531,238,0,0,0,0,0,01,0,0,0,0,29593333,811D002D,1048575,8381,00,03
D,29594311,1014,653,0,3531,245,0,0,0,0,0,01,0,0,0,0,29594354,811D002D,1048575,9402,00,03
D,29595308,997,653,0,3531,238,0,0,0,0,0,01,0,0,0,0,29595344,811D002D,1048575,10393,00,03
D,29596318,1010,653,0,3531,263,0,0,0,0,0,01,0,0,0,0,29596398,811D002D,1048575,11457,00,03
D,29597416,1098,653,0,3531,350,0,0,0,0,0,01,0,0,0,0,29597588,811D002D,1048575,12685,00,03
D,29598484,1068,653,0,3531,418,0,0,0,0,0,01,0,0,0,0,29598610,811D002D,1048575,13679,00,03
D,29599349,865,653,0,3531,284,0,0,0,0,0,01,0,0,0,0,29599412,811D002D,1048575,14467,00,03
D,29600338,989,653,0,3531,268,0,0,0,0,0,01,0,0,0,0,29600404,811D002D,1048575,15462,00,03
D,29601344,1006,653,0,3531,274,0,0,0,0,0,01,0,0,0,0,29601406,811D002D,1048575,16461,00,03
D,29602339,995,653,0,3531,275,0,0,0,0,0,01,0,0,0,0,29602414,811D002D,1048575,17473,00,03
D,29603343,1004,653,0,3531,275,0,0,0,0,0,01,0,0,0,0,29603403,811D002D,1048575,18458,00,03
D,29604329,986,653,0,3531,268,0,0,0,0,0,01,0,0,0,0,29604395,811D002D,1048575,19452,00,03
D,29605338,1009,653,0,3531,275,0,0,0,0,0,01,0,0,0,0,29605400,811D002D,1048575,20454,00,03
D,29606335,997,653,0,3531,275,0,0,0,0,0,01,0,0,0,0,29606410,811D002D,1048575,21470,00,03
D,29607353,1018,653,0,3531,287,0,0,0,0,0,01,0,0,0,0,29607446,811D002D,1048575,22518,00,03
D,29608363,1010,653,0,3531,300,0,0,0,0,0,01,0,0,0,0,29608453,811D002D,1048575,23515,00,03
D,29609303,940,653,0,3531,242,0,0,0,0,0,01,0,0,0,0,29609343,811D002D,1048575,24391,00,03
D,29610304,1001,653,0,3531,248,0,0,0,0,0,01,0,0,0,0,29610349,811D002D,1048575,25397,00,03
D,29611301,997,653,0,3531,238,0,0,0,0,0,01,0,0,0,0,29611339,811D002D,1048575,26388,00,03
D,29612300,999,653,0,3531,238,0,0,0,0,0,01,0,0,0,0,29612338,811D002D,1048575,27386,00,03
D,29613298,998,653,0,3531,237,0,0,0,0,0,01,0,0,0,0,29613333,811D002D,1048575,28381,00,03
D,29614314,1016,653,0,3531,242,0,0,0,0,0,01,0,0,0,0,29614360,811D002D,1048575,29409,00,03
D,29615295,981,653,0,3531,237,0,0,0,0,0,01,0,0,0,0,29615332,811D002D,1048575,30381,00,03
D,29616321,1026,653,0,3531,264,0,0,0,0,0,01,0,0,0,0,29616406,811D002D,1048575,31465,00,03
D,29617407,1086,653,0,3531,342,0,0,0,0,0,01,0,0,0,0,29617586,811D002D,1048575,32676,00,03
D,29618480,1073,653,0,3531,418,0,0,0,0,0,01,0,0,0,0,29618602,811D002D,1048575,33669,00,03
D,29619339,859,653,0,3531,279,0,0,0,0,0,01,0,0,0,0,29619398,811D002D,1048575,34453,00,03
D,29620342,1003,653,0,3531,271,0,0,0,0,0,01,0,0,0,0,29620404,811D002D,1048575,35461,00,03
D,29621343,1001,653,0,3531,271,0,0,0,0,0,01,0,0,0,0,29621402,811D002D,1048575,36458,00,03
D,29622336,993,653,0,3531,272,0,0,0,0,0,01,0,0,0,0,29622404,811D002D,1048575,37462,00,03
D,29623345,1009,653,0,3531,275,0,0,0,0,0,01,0,0,0,0,29623403,811D002D,1048575,38457,00,03
D,29624327,982,653,0,3531,266,0,0,0,0,0,01,0,0,0,0,29624391,811D002D,1048575,39450,00,03
D,29625329,1002,653,0,3531,272,0,0,0,0,0,01,0,0,0,0,29625388,811D002D,1048575,40443,00,03
D,29626338,1009,653,0,3531,275,0,0,0,0,0,01,0,0,0,0,29626407,811D002D,1048575,41463,00,03
D,29627342,1004,653,0,3531,285,0,0,0,0,0,01,0,0,0,0,29627428,811D002D,1048575,42500,00,03
D,29628366,1024,653,0,3531,299,0,0,0,0,0,01,0,0,0,0,29628458,811D002D,1048575,43521,00,03
D,29629298,932,653,0,3531,244,0,0,0,0,0,01,0,0,0,0,29629337,811D002D,1048575,44385,00,03
D,29630315,1017,653,0,3531,249,0,0,0,0,0,01,0,0,0,0,29630358,811D002D,1048575,45407,00,03
D,29631295,980,653,0,3531,237,0,0,0,0,0,01,0,0,0,0,29631331,811D002D,1048575,46380,00,03
D,29632295,1000,653,0,3531,237,0,0,0,0,0,01,0,0,0,0,29632332,811D002D,1048575,47381,00,03
D,29633295,1000,653,0,3531,237,0,0,0,0,0,01,0,0,0,0,29633332,811D002D,1048575,48380,00,03
D,29634307,1012,653,0,3531,245,0,0,0,0,0,01,0,0,0,0,29634349,811D002D,1048575,49398,00,03
D,29635302,995,653,0,3531,237,0,0,0,0,0,01,0,0,0,0,29635339,811D002D,1048575,1,00,03
D,29636347,1045,653,0,3531,278,0,0,0,0,0,01,0,0,0,0,29636441,811D002D,1048575,580,00,03
D,29637398,1051,653,0,3531,339,0,0,0,0,0,01,0,0,0,0,29637548,811D002D,1048575,1719,00,03
D,29638476,1078,653,0,3531,409,0,0,0,0,0,01,0,0,0,0,29638606,811D002D,1048575,2754,00,03
D,29639348,872,653,0,3531,284,0,0,0,0,0,01,0,0,0,0,29639414,811D002D,1048575,3549,00,03
D,29640327,979,653,0,3531,271,0,0,0,0,0,01,0,0,0,0,29640392,811D002D,1048575,4533,00,03
D,29641341,1014,653,0,3531,276,0,0,0,0,0,01,0,0,0,0,29641402,811D002D,1048575,5537,00,03
D,29642341,1000,653,0,3531,277,0,0,0,0,0,01,0,0,0,0,29642413,811D002D,1048575,6553,00,03
D,29643347,1006,653,0,3531,277,0,0,0,0,0,01,0,0,0,0,29643407,811D002D,1048575,7542,00,03
D,29644335,988,653,0,3531,270,0,0,0,0,0,01,0,0,0,0,29644402,811D002D,1048575,8543,00,03
D,29645333,998,653,0,3531,277,0,0,0,0,0,01,0,0,0,0,29645392,811D002D,1048575,9526,00,03
D,29646347,1014,653,0,3531,277,0,0,0,0,0,01,0,0,0,0,29646420,811D002D,1048575,10561,00,03
D,29647348,1001,653,0,3531,289,0,0,0,0,0,01,0,0,0,0,29647411,811D002D,1048575,11562,00,03
D,29648365,1017,653,0,3531,304,0,0,0,0,0,01,0,0,0,0,29648455,811D002D,1048575,12599,00,03
D,29649302,937,653,0,3531,244,0,0,0,0,0,01,0,0,0,0,29649340,811D002D,1048575,13469,00,03
D,29650319,1017,653,0,3531,249,0,0,0,0,0,01,0,0,0,0,29650361,811D002D,1048575,14490,00,03
D,29651298,979,653,0,3531,238,0,0,0,0,0,01,0,0,0,0,29651334,811D002D,1048575,15464,00,03
D,29652298,1000,653,0,3531,238,0,0,0,0,0,01,0,0,0,0,29652334,811D002D,1048575,16463,00,03
D,29653298,1000,653,0,3531,238,0,0,0,0,0,01,0,0,0,0,29653334,811D002D,1048575,17463,00,03
D,29654312,1014,653,0,3531,244,0,0,0,0,0,01,0,0,0,0,29654354,811D002D,1048575,18484,00,03
D,29655308,996,653,0,3531,238,0,0,0,0,0,01,0,0,0,0,29655344,811D002D,1048575,19473,00,03
D,29656324,1016,653,0,3531,261,0,0,0,0,0,01,0,0,0,0,29656402,811D002D,1048575,20541,00,03
D,29657421,1097,653,0,3531,349,0,0,0,0,0,01,0,0,0,0,29657609,811D002D,1048575,21780,00,03
D,29658478,1057,653,0,3531,417,0,0,0,0,0,01,0,0,0,0,29658600,811D002D,1048575,22748,00,03
D,29659335,857,653,0,3531,279,0,0,0,0,0,01,0,0,0,0,29659398,811D002D,1048575,23535,00,03
D,29660341,1006,653,0,3531,270,0,0,0,0,0,01,0,0,0,0,29660404,811D002D,1048575,24541,00,03
D,29661342,1001,653,0,3531,271,0,0,0,0,0,01,0,0,0,0,29661400,811D002D,1048575,25536,00,03
D,29662329,987,653,0,3531,274,0,0,0,0,0,01,0,0,0,0,29662399,811D002D,1048575,26538,00,03
D,29663344,1015,653,0,3531,276,0,0,0,0,0,01,0,0,0,0,29663400,811D002D,1048575,27534,00,03
D,29664318,974,653,0,3531,264,0,0,0,0,0,01,0,0,0,0,29664384,811D002D,1048575,28524,00,03
D,29665340,1022,653,0,3531,272,0,0,0,0,0,01,0,0,0,0,29665397,811D002D,1048575,29533,00,03
D,29666332,992,653,0,3531,276,0,0,0,0,0,01,0,0,0,0,29666402,811D002D,1048575,30539,00,03
D,29667358,1026,653,0,3531,286,0,0,0,0,0,01,0,0,0,0,29667444,811D002D,1048575,31595,00,03
D,29668368,1010,653,0,3531,304,0,0,0,0,0,01,0,0,0,0,29668460,811D002D,1048575,32604,00,03
D,29669303,935,653,0,3531,242,0,0,0,0,0,01,0,0,0,0,29669340,811D002D,1048575,33469,00,03
D,29670317,1014,653,0,3531,249,0,0,0,0,0,01,0,0,0,0,29670360,811D002D,1048575,34490,00,03
D,29671298,981,653,0,3531,238,0,0,0,0,0,01,0,0,0,0,29671334,811D002D,1048575,35463,00,03
D,29672298,1000,653,0,3531,238,0,0,0,0,0,01,0,0,0,0,29672334,811D002D,1048575,36464,00,03
D,29673298,1000,653,0,3531,238,0,0,0,0,0,01,0,0,0,0,29673334,811D002D,1048575,37464,00,03
D,29674312,1014,653,0,3531,245,0,0,0,0,0,01,0,0,0,0,29674355,811D002D,1048575,38485,00,03
D,29675308,996,653,0,3531,238,0,0,0,0,0,01,0,0,0,0,29675344,811D002D,1048575,39474,00,03
D,29676333,1025,653,0,3531,261,0,0,0,0,0,01,0,0,0,0,29676411,811D002D,1048575,40549,00,03
D,29677419,1086,653,0,3531,348,0,0,0,0,0,01,0,0,0,0,29677604,811D002D,1048575,41771,00,03
D,29678490,1071,653,0,3531,418,0,0,0,0,0,01,0,0,0,0,29678615,811D002D,1048575,42764,00,03
D,29679346,856,653,0,3531,289,0,0,0,0,0,01,0,0,0,0,29679405,811D002D,1048575,43540,00,03
D,29680329,983,653,0,3531,269,0,0,0,0,0,01,0,0,0,0,29680391,811D002D,1048575,44530,00,03
D,29681333,1004,653,0,3531,274,0,0,0,0,0,01,0,0,0,0,29681392,811D002D,1048575,45531,00,03
D,29682345,1012,653,0,3531,274,0,0,0,0,0,01,0,0,0,0,29682414,811D002D,1048575,46552,00,03
D,29683345,1000,653,0,3531,277,0,0,0,0,0,01,0,0,0,0,29683403,811D002D,1048575,47540,00,03
D,29684327,982,653,0,3531,266,0,0,0,0,0,01,0,0,0,0,29684392,811D002D,1048575,48533,00,03
D,29685336,1009,653,0,3531,275,0,0,0,0,0,01,0,0,0,0,29685393,811D002D,1048575,49528,00,03
D,29686342,1006,653,0,3531,272,0,0,0,0,0,01,0,0,0,0,29686412,811D002D,1048575,1,00,03
D,29687348,1006,653,0,3531,292,0,0,0,0,0,01,0,0,0,0,29687458,811D002D,1048575,522,00,03
D,29688376,1028,653,0,3531,306,0,0,0,0,0,01,0,0,0,0,29688467,811D002D,1048575,1524,00,03
D,29689298,922,653,0,3531,241,0,0,0,0,0,01,0,0,0,0,29689337,811D002D,1048575,2376,00,03
D,29690315,1017,653,0,3531,246,0,0,0,0,0,01,0,0,0,0,29690357,811D002D,1048575,3397,00,03
D,29691304,989,653,0,3531,238,0,0,0,0,0,01,0,0,0,0,29691341,811D002D,1048575,4381,00,03
D,29692303,999,653,0,3531,238,0,0,0,0,0,01,0,0,0,0,29692340,811D002D,1048575,5379,00,03
D,29693302,999,653,0,3531,238,0,0,0,0,0,01,0,0,0,0,29693338,811D002D,1048575,6378,00,03
D,29694300,998,653,0,3531,245,0,0,0,0,0,01,0,0,0,0,29694343,811D002D,1048575,7383,00,03
D,29695308,1008,653,0,3531,238,0,0,0,0,0,01,0,0,0,0,29695345,811D002D,1048575,8384,00,03
D,29696316,1008,653,0,3531,260,0,0,0,0,0,01,0,0,0,0,29696397,811D002D,1048575,9445,00,03
D,29697419,1103,653,0,3531,351,0,0,0,0,0,01,0,0,0,0,29697588,811D002D,1048575,10670,00,03
D,29698482,1063,653,0,3531,410,0,0,0,0,0,01,0,0,0,0,29698592,811D002D,1048575,11651,00,03
D,29699344,862,653,0,3531,283,0,0,0,0,0,01,0,0,0,0,29699406,811D002D,1048575,12454,00,03
D,29700338,994,653,0,3531,270,0,0,0,0,0,01,0,0,0,0,29700402,811D002D,1048575,13451,00,03
D,29701344,1006,653,0,3531,274,0,0,0,0,0,01,0,0,0,0,29701408,811D002D,1048575,14457,00,03
D,29702332,988,653,0,3531,276,0,0,0,0,0,01,0,0,0,0,29702402,811D002D,1048575,15451,00,03
D,29703332,1000,653,0,3531,275,0,0,0,0,0,01,0,0,0,0,29703395,811D002D,1048575,16442,00,03
D,29704328,996,653,0,3531,269,0,0,0,0,0,01,0,0,0,0,29704398,811D002D,1048575,17449,00,03
D,29705345,1017,653,0,3531,275,0,0,0,0,0,01,0,0,0,0,29705409,811D002D,1048575,18457,00,03
D,29706330,985,653,0,3531,276,0,0,0,0,0,01,0,0,0,0,29706401,811D002D,1048575,19449,00,03
D,29707357,1027,653,0,3531,286,0,0,0,0,0,01,0,0,0,0,29707465,811D002D,1048575,20537,00,03
D,29708362,1005,653,0,3531,306,0,0,0,0,0,01,0,0,0,0,29708453,811D002D,1048575,21507,00,03
D,29709301,939,653,0,3531,238,0,0,0,0,0,01,0,0,0,0,29709343,811D002D,1048575,22382,00,03
D,29710303,1002,653,0,3531,244,0,0,0,0,0,01,0,0,0,0,29710348,811D002D,1048575,23388,00,03
D,29711300,997,653,0,3531,237,0,0,0,0,0,01,0,0,0,0,29711337,811D002D,1048575,24376,00,03
D,29712297,997,653,0,3531,237,0,0,0,0,0,01,0,0,0,0,29712335,811D002D,1048575,25375,00,03
D,29713297,1000,653,0,3531,237,0,0,0,0,0,01,0,0,0,0,29713336,811D002D,1048575,26375,00,03
D,29714311,1014,653,0,3531,244,0,0,0,0,0,01,0,0,0,0,29714355,811D002D,1048575,27394,00,03
D,29715306,995,653,0,3531,237,0,0,0,0,0,01,0,0,0,0,29715344,811D002D,1048575,28384,00,03
D,29716331,1025,653,0,3531,261,0,0,0,0,0,01,0,0,0,0,29716409,811D002D,1048575,29459,00,03
D,29717413,1082,653,0,3531,341,0,0,0,0,0,01,0,0,0,0,29717596,811D002D,1048575,30670,00,03
D,29718488,1075,653,0,3531,424,0,0,0,0,0,01,0,0,0,0,29718609,811D002D,1048575,31669,00,03
D,29719348,860,653,0,3531,283,0,0,0,0,0,01,0,0,0,0,29719408,811D002D,1048575,32453,00,03
D,29720323,975,653,0,3531,262,0,0,0,0,0,01,0,0,0,0,29720390,811D002D,1048575,33440,00,03
D,29721334,1011,653,0,3531,276,0,0,0,0,0,01,0,0,0,0,29721391,811D002D,1048575,34436,00,03
D,29722330,996,653,0,3531,269,0,0,0,0,0,01,0,0,0,0,29722402,811D002D,1048575,35452,00,03
D,29723334,1004,653,0,3531,276,0,0,0,0,0,01,0,0,0,0,29723390,811D002D,1048575,36435,00,03
D,29724323,989,653,0,3531,262,0,0,0,0,0,01,0,0,0,0,29724390,811D002D,1048575,37441,00,03
D,29725337,1014,653,0,3531,277,0,0,0,0,0,01,0,0,0,0,29725397,811D002D,1048575,38441,00,03
D,29726326,989,653,0,3531,271,0,0,0,0,0,01,0,0,0,0,29726399,811D002D,1048575,39450,00,03
D,29727359,1033,653,0,3531,289,0,0,0,0,0,01,0,0,0,0,29727449,811D002D,1048575,40510,00,03
D,29728364,1005,653,0,3531,305,0,0,0,0,0,01,0,0,0,0,29728457,811D002D,1048575,41513,00,03
D,29729302,938,653,0,3531,244,0,0,0,0,0,01,0,0,0,0,29729343,811D002D,1048575,42383,00,03
D,29730304,1002,653,0,3531,244,0,0,0,0,0,01,0,0,0,0,29730348,811D002D,1048575,43388,00,03
D,29731300,996,653,0,3531,237,0,0,0,0,0,01,0,0,0,0,29731337,811D002D,1048575,44377,00,03
D,29732298,998,653,0,3531,237,0,0,0,0,0,01,0,0,0,0,29732335,811D002D,1048575,45375,00,03
D,29733298,1000,653,0,3531,237,0,0,0,0,0,01,0,0,0,0,29733334,811D002D,1048575,46373,00,03
D,29734311,1013,653,0,3531,244,0,0,0,0,0,01,0,0,0,0,29734355,811D002D,1048575,47395,00,03
D,29735295,984,653,0,3531,237,0,0,0,0,0,01,0,0,0,0,29735331,811D002D,1048575,48370,00,03
D,29736319,1024,653,0,3531,260,0,0,0,0,0,01,0,0,0,0,29736397,811D002D,1048575,49447,00,03
D,29737418,1099,653,0,3531,346,0,0,0,0,0,01,0,0,0,0,29737599,811D002D,1048575,2,00,03
D,29738799,1381,653,0,3531,353,0,0,0,0,0,01,0,0,0,0,29738913,811D002D,1048575,662,00,03
D,29739347,548,653,0,3531,273,0,0,0,0,0,01,0,0,0,0,29739415,811D002D,1048575,1126,00,03
D,29740344,997,653,0,3531,277,0,0,0,0,0,01,0,0,0,0,29740410,811D002D,1048575,2126,00,03
D,29741346,1002,653,0,3531,278,0,0,0,0,0,01,0,0,0,0,29741412,811D002D,1048575,3127,00,03
D,29742346,1000,653,0,3531,283,0,0,0,0,0,01,0,0,0,0,29742417,811D002D,1048575,4133,00,03
D,29743338,992,653,0,3531,277,0,0,0,0,0,01,0,0,0,0,29743402,811D002D,1048575,5117,00,03
D,29744335,997,653,0,3531,278,0,0,0,0,0,01,0,0,0,0,29744400,811D002D,1048575,6116,00,03
D,29745345,1010,653,0,3531,275,0,0,0,0,0,01,0,0,0,0,29745411,811D002D,1048575,7126,00,03
D,29746347,1002,653,0,3531,283,0,0,0,0,0,01,0,0,0,0,29746417,811D002D,1048575,8132,00,03
D,29747366,1019,653,0,3531,296,0,0,0,0,0,01,0,0,0,0,29747478,811D002D,1048575,9211,00,03
D,29748367,1001,653,0,3531,308,0,0,0,0,0,01,0,0,0,0,29748455,811D002D,1048575,10173,00,03
D,29749302,935,653,0,3531,240,0,0,0,0,0,01,0,0,0,0,29749337,811D002D,1048575,11041,00,03
D,29750306,1004,653,0,3531,248,0,0,0,0,0,01,0,0,0,0,29750345,811D002D,1048575,12050,00,03
D,29751300,994,653,0,3531,240,0,0,0,0,0,01,0,0,0,0,29751338,811D002D,1048575,13042,00,03
D,29752302,1002,653,0,3531,239,0,0,0,0,0,01,0,0,0,0,29752336,811D002D,1048575,14041,00,03
D,29753300,998,653,0,3531,238,0,0,0,0,0,01,0,0,0,0,29753335,811D002D,1048575,15039,00,03
D,29754298,998,653,0,3531,244,0,0,0,0,0,01,0,0,0,0,29754335,811D002D,1048575,16039,00,03
D,29755303,1005,653,0,3531,240,0,0,0,0,0,01,0,0,0,0,29755341,811D002D,1048575,17046,00,03
D,29756328,1025,653,0,3531,260,0,0,0,0,0,01,0,0,0,0,29756403,811D002D,1048575,18117,00,03
D,29757415,1087,653,0,3531,353,0,0,0,0,0,01,0,0,0,0,29757593,811D002D,1048575,19340,00,03
D,29758485,1070,653,0,3531,415,0,0,0,0,0,01,0,0,0,0,29758612,811D002D,1048575,20338,00,03
D,29759340,855,653,0,3531,284,0,0,0,0,0,01,0,0,0,0,29759404,811D002D,1048575,21115,00,03
D,29760333,993,653,0,3531,271,0,0,0,0,0,01,0,0,0,0,29760399,811D002D,1048575,22113,00,03
D,29761343,1010,653,0,3531,275,0,0,0,0,0,01,0,0,0,0,29761404,811D002D,1048575,23116,00,03
D,29762345,1002,653,0,3531,277,0,0,0,0,0,01,0,0,0,0,29762414,811D002D,1048575,24127,00,03
D,29763346,1001,653,0,3531,277,0,0,0,0,0,01,0,0,0,0,29763404,811D002D,1048575,25114,00,03
D,29764332,986,653,0,3531,269,0,0,0,0,0,01,0,0,0,0,29764399,811D002D,1048575,26115,00,03
D,29765346,1014,653,0,3531,277,0,0,0,0,0,01,0,0,0,0,29765405,811D002D,1048575,27114,00,03
D,29766344,998,653,0,3531,279,0,0,0,0,0,01,0,0,0,0,29766414,811D002D,1048575,28128,00,03
D,29767358,1014,653,0,3531,290,0,0,0,0,0,01,0,0,0,0,29767433,811D002D,1048575,29150,00,03
D,29768372,1014,653,0,3531,306,0,0,0,0,0,01,0,0,0,0,29768462,811D002D,1048575,30181,00,03
D,29769301,929,653,0,3531,243,0,0,0,0,0,01,0,0,0,0,29769341,811D002D,1048575,31045,00,03
D,29770302,1001,653,0,3531,246,0,0,0,0,0,01,0,0,0,0,29770341,811D002D,1048575,32045,00,03
D,29771293,991,653,0,3531,237,0,0,0,0,0,01,0,0,0,0,29771329,811D002D,1048575,33034,00,03
D,29772309,1016,653,0,3531,239,0,0,0,0,0,01,0,0,0,0,29772343,811D002D,1048575,34047,00,03
D,29773300,991,653,0,3531,236,0,0,0,0,0,01,0,0,0,0,29773335,811D002D,1048575,35039,00,03
D,29774312,1012,653,0,3531,245,0,0,0,0,0,01,0,0,0,0,29774354,811D002D,1048575,36059,00,03
D,29775292,980,653,0,3531,238,0,0,0,0,0,01,0,0,0,0,29775327,811D002D,1048575,37031,00,03
D,29776333,1041,653,0,3531,261,0,0,0,0,0,01,0,0,0,0,29776408,811D002D,1048575,38122,00,03
D,29777412,1079,653,0,3531,355,0,0,0,0,0,01,0,0,0,0,29777605,811D002D,1048575,39351,00,03
D,29778476,1064,653,0,3531,419,0,0,0,0,0,01,0,0,0,0,29778600,811D002D,1048575,40324,00,03
D,29779345,869,653,0,3531,286,0,0,0,0,0,01,0,0,0,0,29779403,811D002D,1048575,41114,00,03
D,29780323,978,653,0,3531,264,0,0,0,0,0,01,0,0,0,0,29780389,811D002D,1048575,42105,00,03
D,29781334,1011,653,0,3531,276,0,0,0,0,0,01,0,0,0,0,29781389,811D002D,1048575,43098,00,03
D,29782333,999,653,0,3531,271,0,0,0,0,0,01,0,0,0,0,29782405,811D002D,1048575,44121,00,03
D,29783341,1008,653,0,3531,278,0,0,0,0,0,01,0,0,0,0,29783397,811D002D,1048575,45106,00,03
D,29784332,991,653,0,3531,264,0,0,0,0,0,01,0,0,0,0,29784398,811D002D,1048575,46113,00,03
D,29785345,1013,653,0,3531,277,0,0,0,0,0,01,0,0,0,0,29785401,811D002D,1048575,47111,00,03
D,29786331,986,653,0,3531,274,0,0,0,0,0,01,0,0,0,0,29786404,811D002D,1048575,48119,00,03
D,29787349,1018,653,0,3531,289,0,0,0,0,0,01,0,0,0,0,29787428,811D002D,1048575,49143,00,03
D,29788367,1018,653,0,3531,302,0,0,0,0,0,01,0,0,0,0,29788457,811D002D,1048575,1,00,03
D,29789357,990,653,0,3531,261,0,0,0,0,0,01,0,0,0,0,29789424,811D002D,1048575,425,00,03
D,29790308,951,653,0,3531,246,0,0,0,0,0,01,0,0,0,0,29790352,811D002D,1048575,1352,00,03
D,29791303,995,653,0,3531,238,0,0,0,0,0,01,0,0,0,0,29791340,811D002D,1048575,2339,00,03
D,29792300,997,653,0,3531,238,0,0,0,0,0,01,0,0,0,0,29792338,811D002D,1048575,3338,00,03
D,29793299,999,653,0,3531,238,0,0,0,0,0,01,0,0,0,0,29793336,811D002D,1048575,4335,00,03
D,29794312,1013,653,0,3531,244,0,0,0,0,0,01,0,0,0,0,29794356,811D002D,1048575,5356,00,03
D,29795305,993,653,0,3531,238,0,0,0,0,0,01,0,0,0,0,29795342,811D002D,1048575,6342,00,03
D,29796329,1024,653,0,3531,265,0,0,0,0,0,01,0,0,0,0,29796414,811D002D,1048575,7424,00,03
D,29797417,1088,653,0,3531,355,0,0,0,0,0,01,0,0,0,0,29797606,811D002D,1048575,8652,00,03
D,29798469,1052,653,0,3531,412,0,0,0,0,0,01,0,0,0,0,29798597,811D002D,1048575,9619,00,03
D,29799345,876,653,0,3531,286,0,0,0,0,0,01,0,0,0,0,29799403,811D002D,1048575,10407,00,03
D,29800334,989,653,0,3531,264,0,0,0,0,0,01,0,0,0,0,29800399,811D002D,1048575,11408,00,03
D,29801341,1007,653,0,3531,273,0,0,0,0,0,01,0,0,0,0,29801400,811D002D,1048575,12408,00,03
D,29802326,985,653,0,3531,269,0,0,0,0,0,01,0,0,0,0,29802400,811D002D,1048575,13408,00,03
D,29803349,1023,653,0,3531,278,0,0,0,0,0,01,0,0,0,0,29803406,811D002D,1048575,14411,00,03
D,29804320,971,653,0,3531,263,0,0,0,0,0,01,0,0,0,0,29804386,811D002D,1048575,15397,00,03
D,29805330,1010,653,0,3531,274,0,0,0,0,0,01,0,0,0,0,29805387,811D002D,1048575,16391,00,03
D,29806330,1000,653,0,3531,271,0,0,0,0,0,01,0,0,0,0,29806401,811D002D,1048575,17410,00,03
D,29807358,1028,653,0,3531,287,0,0,0,0,0,01,0,0,0,0,29807443,811D002D,1048575,18463,00,03
D,29808373,1015,653,0,3531,308,0,0,0,0,0,01,0,0,0,0,29808467,811D002D,1048575,19482,00,03
D,29809303,930,653,0,3531,240,0,0,0,0,0,01,0,0,0,0,29809344,811D002D,1048575,20343,00,03
D,29810304,1001,653,0,3531,245,0,0,0,0,0,01,0,0,0,0,29810347,811D002D,1048575,21347,00,03
D,29811299,995,653,0,3531,237,0,0,0,0,0,01,0,0,0,0,29811336,811D002D,1048575,22336,00,03
D,29812298,999,653,0,3531,237,0,0,0,0,0,01,0,0,0,0,29812335,811D002D,1048575,23334,00,03
D,29813297,999,653,0,3531,237,0,0,0,0,0,01,0,0,0,0,29813334,811D002D,1048575,24333,00,03
D,29814311,1014,653,0,3531,244,0,0,0,0,0,01,0,0,0,0,29814355,811D002D,1048575,25355,00,03
D,29815291,980,653,0,3531,237,0,0,0,0,0,01,0,0,0,0,29815327,811D002D,1048575,26326,00,03
D,29816333,1042,653,0,3531,261,0,0,0,0,0,01,0,0,0,0,29816410,811D002D,1048575,27420,00,03
D,29817415,1082,653,0,3531,354,0,0,0,0,0,01,0,0,0,0,29817606,811D002D,1048575,28646,00,03
D,29818480,1065,653,0,3531,423,0,0,0,0,0,01,0,0,0,0,29818602,811D002D,1048575,29621,00,03
D,29819341,861,653,0,3531,282,0,0,0,0,0,01,0,0,0,0,29819400,811D002D,1048575,30406,00,03
D,29820319,978,653,0,3531,265,0,0,0,0,0,01,0,0,0,0,29820378,811D002D,1048575,31391,00,03
D,29821340,1021,653,0,3531,272,0,0,0,0,0,01,0,0,0,0,29821398,811D002D,1048575,32405,00,03
D,29822327,987,653,0,3531,271,0,0,0,0,0,01,0,0,0,0,29822397,811D002D,1048575,33406,00,03
D,29823344,1017,653,0,3531,275,0,0,0,0,0,01,0,0,0,0,29823400,811D002D,1048575,34404,00,03
D,29824332,988,653,0,3531,263,0,0,0,0,0,01,0,0,0,0,29824397,811D002D,1048575,35408,00,03
D,29825343,1011,653,0,3531,274,0,0,0,0,0,01,0,0,0,0,29825399,811D002D,1048575,36404,00,03
D,29826329,986,653,0,3531,274,0,0,0,0,0,01,0,0,0,0,29826398,811D002D,1048575,37406,00,03
D,29827355,1026,653,0,3531,287,0,0,0,0,0,01,0,0,0,0,29827444,811D002D,1048575,38466,00,03
D,29828376,1021,653,0,3531,306,0,0,0,0,0,01,0,0,0,0,29828468,811D002D,1048575,39482,00,03
D,29829303,927,653,0,3531,238,0,0,0,0,0,01,0,0,0,0,29829341,811D002D,1048575,40340,00,03
D,29830306,1003,653,0,3531,247,0,0,0,0,0,01,0,0,0,0,29830349,811D002D,1048575,41349,00,03
D,29831303,997,653,0,3531,237,0,0,0,0,0,01,0,0,0,0,29831339,811D002D,1048575,42338,00,03
D,29832300,997,653,0,3531,237,0,0,0,0,0,01,0,0,0,0,29832337,811D002D,1048575,43337,00,03
D,29833299,999,653,0,3531,237,0,0,0,0,0,01,0,0,0,0,29833336,811D002D,1048575,44335,00,03
D,29834312,1013,653,0,3531,244,0,0,0,0,0,01,0,0,0,0,29834355,811D002D,1048575,45354,00,03
D,29835307,995,653,0,3531,237,0,0,0,0,0,01,0,0,0,0,29835344,811D002D,1048575,46344,00,03
D,29836334,1027,653,0,3531,262,0,0,0,0,0,01,0,0,0,0,29836414,811D002D,1048575,47426,00,03
D,29837413,1079,653,0,3531,357,0,0,0,0,0,01,0,0,0,0,29837592,811D002D,1048575,48635,00,03
D,29838478,1065,653,0,3531,418,0,0,0,0,0,01,0,0,0,0,29838607,811D002D,1048575,49628,00,03
D,29839341,863,653,0,3531,286,0,0,0,0,0,01,0,0,0,0,29839400,811D002D,1048575,1,00,03
D,29840337,996,653,0,3531,273,0,0,0,0,0,01,0,0,0,0,29840421,811D002D,1048575,493,00,03
D,29841341,1004,653,0,3531,275,0,0,0,0,0,01,0,0,0,0,29841400,811D002D,1048575,1470,00,03
D,29842340,999,653,0,3531,274,0,0,0,0,0,01,0,0,0,0,29842412,811D002D,1048575,2482,00,03
D,29843341,1001,653,0,3531,276,0,0,0,0,0,01,0,0,0,0,29843400,811D002D,1048575,3468,00,03
D,29844331,990,653,0,3531,271,0,0,0,0,0,01,0,0,0,0,29844398,811D002D,1048575,4470,00,03
D,29845329,998,653,0,3531,274,0,0,0,0,0,01,0,0,0,0,29845387,811D002D,1048575,5454,00,03
D,29846342,1013,653,0,3531,277,0,0,0,0,0,01,0,0,0,0,29846415,811D002D,1048575,6487,00,03
D,29847344,1002,653,0,3531,288,0,0,0,0,0,01,0,0,0,0,29847413,811D002D,1048575,7488,00,03
D,29848371,1027,653,0,3531,307,0,0,0,0,0,01,0,0,0,0,29848462,811D002D,1048575,8539,00,03
D,29849308,937,653,0,3531,245,0,0,0,0,0,01,0,0,0,0,29849348,811D002D,1048575,9409,00,03
D,29850308,1000,653,0,3531,247,0,0,0,0,0,01,0,0,0,0,29850350,811D002D,1048575,10412,00,03
D,29851304,996,653,0,3531,238,0,0,0,0,0,01,0,0,0,0,29851340,811D002D,1048575,11402,00,03
D,29852303,999,653,0,3531,238,0,0,0,0,0,01,0,0,0,0,29852339,811D002D,1048575,12401,00,03
D,29853301,998,653,0,3531,238,0,0,0,0,0,01,0,0,0,0,29853336,811D002D,1048575,13398,00,03
D,29854312,1011,653,0,3531,245,0,0,0,0,0,01,0,0,0,0,29854354,811D002D,1048575,14416,00,03
D,29855308,996,653,0,3531,238,0,0,0,0,0,01,0,0,0,0,29855344,811D002D,1048575,15405,00,03
D,29856332,1024,653,0,3531,261,0,0,0,0,0,01,0,0,0,0,29856411,811D002D,1048575,16488,00,03
D,29857417,1085,653,0,3531,353,0,0,0,0,0,01,0,0,0,0,29857594,811D002D,1048575,17697,00,03
D,29858482,1065,653,0,3531,424,0,0,0,0,0,01,0,0,0,0,29858612,811D002D,1048575,18695,00,03
D,29859338,856,653,0,3531,283,0,0,0,0,0,01,0,0,0,0,29859400,811D002D,1048575,19467,00,03
D,29860321,983,653,0,3531,265,0,0,0,0,0,01,0,0,0,0,29860384,811D002D,1048575,20453,00,03
D,29861342,1021,653,0,3531,275,0,0,0,0,0,01,0,0,0,0,29861401,811D002D,1048575,21469,00,03
D,29862335,993,653,0,3531,275,0,0,0,0,0,01,0,0,0,0,29862405,811D002D,1048575,22476,00,03
D,29863337,1002,653,0,3531,277,0,0,0,0,0,01,0,0,0,0,29863398,811D002D,1048575,23464,00,03
D,29864338,1001,653,0,3531,267,0,0,0,0,0,01,0,0,0,0,29864405,811D002D,1048575,24478,00,03
D,29865331,993,653,0,3531,275,0,0,0,0,0,01,0,0,0,0,29865389,811D002D,1048575,25456,00,03
D,29866341,1010,653,0,3531,277,0,0,0,0,0,01,0,0,0,0,29866411,811D002D,1048575,26481,00,03
D,29867353,1012,653,0,3531,287,0,0,0,0,0,01,0,0,0,0,29867434,811D002D,1048575,27512,00,03
D,29868371,1018,653,0,3531,311,0,0,0,0,0,01,0,0,0,0,29868459,811D002D,1048575,28535,00,03
D,29869299,928,653,0,3531,240,0,0,0,0,0,01,0,0,0,0,29869339,811D002D,1048575,29400,00,03
D,29870315,1016,653,0,3531,245,0,0,0,0,0,01,0,0,0,0,29870358,811D002D,1048575,30420,00,03
D,29871298,983,653,0,3531,238,0,0,0,0,0,01,0,0,0,0,29871334,811D002D,1048575,31395,00,03
D,29872298,1000,653,0,3531,238,0,0,0,0,0,01,0,0,0,0,29872334,811D002D,1048575,32396,00,03
D,29873298,1000,653,0,3531,238,0,0,0,0,0,01,0,0,0,0,29873334,811D002D,1048575,33396,00,03
D,29874312,1014,653,0,3531,245,0,0,0,0,0,01,0,0,0,0,29874355,811D002D,1048575,34416,00,03
D,29875309,997,653,0,3531,238,0,0,0,0,0,01,0,0,0,0,29875345,811D002D,1048575,35407,00,03
D,29876317,1008,653,0,3531,261,0,0,0,0,0,01,0,0,0,0,29876393,811D002D,1048575,36463,00,03
D,29877423,1106,653,0,3531,352,0,0,0,0,0,01,0,0,0,0,29877602,811D002D,1048575,37715,00,03
D,29878488,1065,653,0,3531,418,0,0,0,0,0,01,0,0,0,0,29878607,811D002D,1048575,38690,00,03
D,29879353,865,653,0,3531,285,0,0,0,0,0,01,0,0,0,0,29879414,811D002D,1048575,39482,00,03
D,29880323,970,653,0,3531,264,0,0,0,0,0,01,0,0,0,0,29880390,811D002D,1048575,40460,00,03
D,29881332,1009,653,0,3531,273,0,0,0,0,0,01,0,0,0,0,29881392,811D002D,1048575,41463,00,03
D,29882328,996,653,0,3531,273,0,0,0,0,0,01,0,0,0,0,29882398,811D002D,1048575,42468,00,03
D,29883343,1015,653,0,3531,276,0,0,0,0,0,01,0,0,0,0,29883401,811D002D,1048575,43470,00,03
D,29884321,978,653,0,3531,266,0,0,0,0,0,01,0,0,0,0,29884388,811D002D,1048575,44461,00,03
D,29885334,1013,653,0,3531,275,0,0,0,0,0,01,0,0,0,0,29885391,811D002D,1048575,45459,00,03
D,29886337,1003,653,0,3531,274,0,0,0,0,0,01,0,0,0,0,29886408,811D002D,1048575,46479,00,03
D,29887347,1010,653,0,3531,287,0,0,0,0,0,01,0,0,0,0,29887433,811D002D,1048575,47519,00,03
D,29888368,1021,653,0,3531,307,0,0,0,0,0,01,0,0,0,0,29888459,811D002D,1048575,48535,00,03
D,29889296,928,653,0,3531,242,0,0,0,0,0,01,0,0,0,0,29889335,811D002D,1048575,49396,00,03
D,29890311,1015,653,0,3531,246,0,0,0,0,0,01,0,0,0,0,29890352,811D002D,1048575,1,00,03
D,29891313,1002,653,0,3531,254,0,0,0,0,0,01,0,0,0,0,29891373,811D002D,1048575,495,00,03
D,29892299,986,653,0,3531,240,0,0,0,0,0,01,0,0,0,0,29892333,811D002D,1048575,1450,00,03
D,29893297,998,653,0,3531,238,0,0,0,0,0,01,0,0,0,0,29893332,811D002D,1048575,2448,00,03
D,29894315,1018,653,0,3531,244,0,0,0,0,0,01,0,0,0,0,29894357,811D002D,1048575,3474,00,03
D,29895305,990,653,0,3531,238,0,0,0,0,0,01,0,0,0,0,29895340,811D002D,1048575,4456,00,03
D,29896331,1026,653,0,3531,266,0,0,0,0,0,01,0,0,0,0,29896409,811D002D,1048575,5536,00,03
D,29897411,1080,653,0,3531,355,0,0,0,0,0,01,0,0,0,0,29897597,811D002D,1048575,6757,00,03
D,29898467,1056,653,0,3531,410,0,0,0,0,0,01,0,0,0,0,29898591,811D002D,1048575,7729,00,03
D,29899347,880,653,0,3531,289,0,0,0,0,0,01,0,0,0,0,29899407,811D002D,1048575,8529,00,03
D,29900330,983,653,0,3531,268,0,0,0,0,0,01,0,0,0,0,29900393,811D002D,1048575,9521,00,03
D,29901341,1011,653,0,3531,277,0,0,0,0,0,01,0,0,0,0,29901397,811D002D,1048575,10518,00,03
D,29902343,1002,653,0,3531,273,0,0,0,0,0,01,0,0,0,0,29902413,811D002D,1048575,11541,00,03
D,29903347,1004,653,0,3531,278,0,0,0,0,0,01,0,0,0,0,29903405,811D002D,1048575,12526,00,03
D,29904326,979,653,0,3531,267,0,0,0,0,0,01,0,0,0,0,29904390,811D002D,1048575,13518,00,03
D,29905339,1013,653,0,3531,275,0,0,0,0,0,01,0,0,0,0,29905397,811D002D,1048575,14519,00,03
D,29906332,993,653,0,3531,275,0,0,0,0,0,01,0,0,0,0,29906403,811D002D,1048575,15530,00,03
D,29907348,1016,653,0,3531,289,0,0,0,0,0,01,0,0,0,0,29907417,811D002D,1048575,16547,00,03
D,29908361,1013,653,0,3531,305,0,0,0,0,0,01,0,0,0,0,29908454,811D002D,1048575,17587,00,03
D,29909307,946,653,0,3531,245,0,0,0,0,0,01,0,0,0,0,29909344,811D002D,1048575,18460,00,03
D,29910309,1002,653,0,3531,249,0,0,0,0,0,01,0,0,0,0,29910350,811D002D,1048575,19467,00,03
D,29911307,998,653,0,3531,238,0,0,0,0,0,01,0,0,0,0,29911341,811D002D,1048575,20457,00,03
D,29912304,997,653,0,3531,238,0,0,0,0,0,01,0,0,0,0,29912339,811D002D,1048575,21456,00,03
D,29913304,1000,653,0,3531,238,0,0,0,0,0,01,0,0,0,0,29913339,811D002D,1048575,22455,00,03
D,29914315,1011,653,0,3531,244,0,0,0,0,0,01,0,0,0,0,29914356,811D002D,1048575,23473,00,03
D,29915296,981,653,0,3531,238,0,0,0,0,0,01,0,0,0,0,29915331,811D002D,1048575,24448,00,03
D,29916319,1023,653,0,3531,261,0,0,0,0,0,01,0,0,0,0,29916399,811D002D,1048575,25527,00,03
D,29917413,1094,653,0,3531,355,0,0,0,0,0,01,0,0,0,0,29917597,811D002D,1048575,26755,00,03
D,29918474,1061,653,0,3531,419,0,0,0,0,0,01,0,0,0,0,29918597,811D002D,1048575,27735,00,03
D,29919341,867,653,0,3531,280,0,0,0,0,0,01,0,0,0,0,29919397,811D002D,1048575,28519,00,03
D,29920327,986,653,0,3531,272,0,0,0,0,0,01,0,0,0,0,29920388,811D002D,1048575,29513,00,03
D,29921328,1001,653,0,3531,272,0,0,0,0,0,01,0,0,0,0,29921389,811D002D,1048575,30513,00,03
D,29922329,1001,653,0,3531,275,0,0,0,0,0,01,0,0,0,0,29922397,811D002D,1048575,31523,00,03
D,29923344,1015,653,0,3531,276,0,0,0,0,0,01,0,0,0,0,29923399,811D002D,1048575,32521,00,03
D,29924325,981,653,0,3531,267,0,0,0,0,0,01,0,0,0,0,29924389,811D002D,1048575,33516,00,03
D,29925330,1005,653,0,3531,274,0,0,0,0,0,01,0,0,0,0,29925384,811D002D,1048575,34506,00,03
D,29926340,1010,653,0,3531,277,0,0,0,0,0,01,0,0,0,0,29926410,811D002D,1048575,35534,00,03
D,29927347,1007,653,0,3531,284,0,0,0,0,0,01,0,0,0,0,29927427,811D002D,1048575,36560,00,03
D,29928373,1026,653,0,3531,310,0,0,0,0,0,01,0,0,0,0,29928464,811D002D,1048575,37596,00,03
D,29929304,931,653,0,3531,242,0,0,0,0,0,01,0,0,0,0,29929344,811D002D,1048575,38462,00,03
D,29930307,1003,653,0,3531,248,0,0,0,0,0,01,0,0,0,0,29930348,811D002D,1048575,39465,00,03
D,29931304,997,653,0,3531,238,0,0,0,0,0,01,0,0,0,0,29931340,811D002D,1048575,40457,00,03
D,29932302,998,653,0,3531,238,0,0,0,0,0,01,0,0,0,0,29932338,811D002D,1048575,41455,00,03
D,29933301,999,653,0,3531,238,0,0,0,0,0,01,0,0,0,0,29933336,811D002D,1048575,42453,00,03
D,29934312,1011,653,0,3531,245,0,0,0,0,0,01,0,0,0,0,29934354,811D002D,1048575,43471,00,03
D,29935292,980,653,0,3531,238,0,0,0,0,0,01,0,0,0,0,29935327,811D002D,1048575,44444,00,03
D,29936315,1023,653,0,3531,261,0,0,0,0,0,01,0,0,0,0,29936393,811D002D,1048575,45518,00,03
D,29937410,1095,653,0,3531,355,0,0,0,0,0,01,0,0,0,0,29937590,811D002D,1048575,46753,00,03
D,29938474,1064,653,0,3531,420,0,0,0,0,0,01,0,0,0,0,29938592,811D002D,1048575,47728,00,03
D,29939352,878,653,0,3531,284,0,0,0,0,0,01,0,0,0,0,29939412,811D002D,1048575,48537,00,03
D,29940339,987,653,0,3531,269,0,0,0,0,0,01,0,0,0,0,29940402,811D002D,1048575,49528,00,03
D,29941344,1005,653,0,3531,274,0,0,0,0,0,01,0,0,0,0,29941405,811D002D,1048575,1,00,03
D,29942339,995,653,0,3531,276,0,0,0,0,0,01,0,0,0,0,29942423,811D002D,1048575,478,00,03
D,29943341,1002,653,0,3531,276,0,0,0,0,0,01,0,0,0,0,29943406,811D002D,1048575,1458,00,03
D,29944325,984,653,0,3531,269,0,0,0,0,0,01,0,0,0,0,29944392,811D002D,1048575,2449,00,03
D,29945339,1014,653,0,3531,276,0,0,0,0,0,01,0,0,0,0,29945398,811D002D,1048575,3451,00,03
D,29946341,1002,653,0,3531,277,0,0,0,0,0,01,0,0,0,0,29946413,811D002D,1048575,4467,00,03
D,29947349,1008,653,0,3531,288,0,0,0,0,0,01,0,0,0,0,29947439,811D002D,1048575,5512,00,03
D,29948364,1015,653,0,3531,305,0,0,0,0,0,01,0,0,0,0,29948455,811D002D,1048575,6515,00,03
D,29949313,949,653,0,3531,246,0,0,0,0,0,01,0,0,0,0,29949354,811D002D,1048575,7399,00,03
D,29950314,1001,653,0,3531,246,0,0,0,0,0,01,0,0,0,0,29950358,811D002D,1048575,8404,00,03
D,29951296,982,653,0,3531,238,0,0,0,0,0,01,0,0,0,0,29951333,811D002D,1048575,9378,00,03
D,29952296,1000,653,0,3531,238,0,0,0,0,0,01,0,0,0,0,29952333,811D002D,1048575,10379,00,03
D,29953298,1002,653,0,3531,238,0,0,0,0,0,01,0,0,0,0,29953335,811D002D,1048575,11381,00,03
D,29954312,1014,653,0,3531,245,0,0,0,0,0,01,0,0,0,0,29954356,811D002D,1048575,12402,00,03
D,29955308,996,653,0,3531,238,0,0,0,0,0,01,0,0,0,0,29955345,811D002D,1048575,13391,00,03
D,29956315,1007,653,0,3531,261,0,0,0,0,0,01,0,0,0,0,29956392,811D002D,1048575,14446,00,03
D,29957420,1105,653,0,3531,349,0,0,0,0,0,01,0,0,0,0,29957595,811D002D,1048575,15676,00,03
D,29958476,1056,653,0,3531,409,0,0,0,0,0,01,0,0,0,0,29958598,811D002D,1048575,16664,00,03
D,29959348,872,653,0,3531,287,0,0,0,0,0,01,0,0,0,0,29959410,811D002D,1048575,17462,00,03
D,29960338,990,653,0,3531,270,0,0,0,0,0,01,0,0,0,0,29960403,811D002D,1048575,18458,00,03
D,29961342,1004,653,0,3531,274,0,0,0,0,0,01,0,0,0,0,29961406,811D002D,1048575,19460,00,03
D,29962345,1003,653,0,3531,276,0,0,0,0,0,01,0,0,0,0,29962416,811D002D,1048575,20470,00,03
D,29963344,999,653,0,3531,276,0,0,0,0,0,01,0,0,0,0,29963406,811D002D,1048575,21458,00,03
D,29964333,989,653,0,3531,269,0,0,0,0,0,01,0,0,0,0,29964401,811D002D,1048575,22458,00,03
D,29965348,1015,653,0,3531,276,0,0,0,0,0,01,0,0,0,0,29965408,811D002D,1048575,23460,00,03
D,29966339,991,653,0,3531,275,0,0,0,0,0,01,0,0,0,0,29966412,811D002D,1048575,24467,00,03
D,29967354,1015,653,0,3531,288,0,0,0,0,0,01,0,0,0,0,29967461,811D002D,1048575,25534,00,03
D,29968367,1013,653,0,3531,302,0,0,0,0,0,01,0,0,0,0,29968457,811D002D,1048575,26516,00,03
D,29969304,937,653,0,3531,242,0,0,0,0,0,01,0,0,0,0,29969343,811D002D,1048575,27388,00,03
D,29970307,1003,653,0,3531,250,0,0,0,0,0,01,0,0,0,0,29970351,811D002D,1048575,28397,00,03
D,29971305,998,653,0,3531,238,0,0,0,0,0,01,0,0,0,0,29971342,811D002D,1048575,29388,00,03
D,29972303,998,653,0,3531,238,0,0,0,0,0,01,0,0,0,0,29972340,811D002D,1048575,30386,00,03
D,29973301,998,653,0,3531,238,0,0,0,0,0,01,0,0,0,0,29973338,811D002D,1048575,31383,00,03
D,29974312,1011,653,0,3531,245,0,0,0,0,0,01,0,0,0,0,29974356,811D002D,1048575,32402,00,03
D,29975292,980,653,0,3531,238,0,0,0,0,0,01,0,0,0,0,29975328,811D002D,1048575,33374,00,03
D,29976332,1040,653,0,3531,262,0,0,0,0,0,01,0,0,0,0,29976412,811D002D,1048575,34468,00,03
D,29977401,1069,653,0,3531,346,0,0,0,0,0,01,0,0,0,0,29977581,811D002D,1048575,35672,00,03
D,29978471,1070,653,0,3531,415,0,0,0,0,0,01,0,0,0,0,29978593,811D002D,1048575,36657,00,03
D,29979351,880,653,0,3531,283,0,0,0,0,0,01,0,0,0,0,29979410,811D002D,1048575,37462,00,03
D,29980329,978,653,0,3531,265,0,0,0,0,0,01,0,0,0,0,29980392,811D002D,1048575,38446,00,03
D,29981332,1003,653,0,3531,275,0,0,0,0,0,01,0,0,0,0,29981389,811D002D,1048575,39439,00,03
D,29982339,1007,653,0,3531,271,0,0,0,0,0,01,0,0,0,0,29982410,811D002D,1048575,40465,00,03
D,29983339,1000,653,0,3531,277,0,0,0,0,0,01,0,0,0,0,29983396,811D002D,1048575,41446,00,03
D,29984322,983,653,0,3531,267,0,0,0,0,0,01,0,0,0,0,29984390,811D002D,1048575,42446,00,03
D,29985338,1016,653,0,3531,276,0,0,0,0,0,01,0,0,0,0,29985396,811D002D,1048575,43448,00,03
D,29986336,998,653,0,3531,276,0,0,0,0,0,01,0,0,0,0,29986407,811D002D,1048575,44462,00,03
D,29987348,1012,653,0,3531,287,0,0,0,0,0,01,0,0,0,0,29987425,811D002D,1048575,45489,00,03
D,29988372,1024,653,0,3531,309,0,0,0,0,0,01,0,0,0,0,29988463,811D002D,1048575,46524,00,03
D,29989306,934,653,0,3531,245,0,0,0,0,0,01,0,0,0,0,29989346,811D002D,1048575,47392,00,03
D,29990308,1002,653,0,3531,245,0,0,0,0,0,01,0,0,0,0,29990350,811D002D,1048575,48396,00,03
D,29991305,997,653,0,3531,238,0,0,0,0,0,01,0,0,0,0,29991340,811D002D,1048575,49386,00,03
D,29992303,998,653,0,3531,238,0,0,0,0,0,01,0,0,0,0,29992339,811D002D,1048575,1,00,03
D,29993315,1012,653,0,3531,255,0,0,0,0,0,01,0,0,0,0,29993376,811D002D,1048575,511,00,03
D,29994316,1001,653,0,3531,246,0,0,0,0,0,01,0,0,0,0,29994358,811D002D,1048575,1488,00,03
D,29995297,981,653,0,3531,238,0,0,0,0,0,01,0,0,0,0,29995333,811D002D,1048575,2462,00,03
D,29996327,1030,653,0,3531,265,0,0,0,0,0,01,0,0,0,0,29996415,811D002D,1048575,3558,00,03
D,29997408,1081,653,0,3531,350,0,0,0,0,0,01,0,0,0,0,29997584,811D002D,1048575,4757,00,03
D,29998472,1064,653,0,3531,416,0,0,0,0,0,01,0,0,0,0,29998601,811D002D,1048575,5751,00,03
D,29999346,874,653,0,3531,285,0,0,0,0,0,01,0,0,0,0,29999404,811D002D,1048575,6537,00,03
D,30000504,1158,653,0,3531,280,0,0,0,0,0,01,0,0,0,0,30000572,811D002D,1048575,7711,00,03
D,30001335,831,653,0,3531,277,0,0,0,0,0,01,0,0,0,0,30001404,811D002D,1048575,8542,00,03
D,30002340,1005,653,0,3531,280,0,0,0,0,0,01,0,0,0,0,30002409,811D002D,1048575,9546,00,03
D,30003346,1006,653,0,3531,278,0,0,0,0,0,01,0,0,0,0,30003409,811D002D,1048575,10546,00,03
D,30004343,997,653,0,3531,273,0,0,0,0,0,01,0,0,0,0,30004407,811D002D,1048575,11545,00,03
D,30005332,989,653,0,3531,275,0,0,0,0,0,01,0,0,0,0,30005395,811D002D,1048575,12531,00,03
D,30006343,1011,653,0,3531,281,0,0,0,0,0,01,0,0,0,0,30006414,811D002D,1048575,13552,00,03
D,30007358,1015,653,0,3531,290,0,0,0,0,0,01,0,0,0,0,30007454,811D002D,1048575,14614,00,03
D,30008373,1015,653,0,3531,311,0,0,0,0,0,01,0,0,0,0,30008459,811D002D,1048575,15599,00,03
D,30009304,931,653,0,3531,241,0,0,0,0,0,01,0,0,0,0,30009347,811D002D,1048575,16475,00,03
D,30010306,1002,653,0,3531,244,0,0,0,0,0,01,0,0,0,0,30010349,811D002D,1048575,17478,00,03
D,30011303,997,653,0,3531,238,0,0,0,0,0,01,0,0,0,0,30011340,811D002D,1048575,18469,00,03
D,30012302,999,653,0,3531,238,0,0,0,0,0,01,0,0,0,0,30012339,811D002D,1048575,19468,00,03
D,30013300,998,653,0,3531,238,0,0,0,0,0,01,0,0,0,0,30013336,811D002D,1048575,20464,00,03
D,30014312,1012,653,0,3531,245,0,0,0,0,0,01,0,0,0,0,30014355,811D002D,1048575,21484,00,03
D,30015291,979,653,0,3531,238,0,0,0,0,0,01,0,0,0,0,30015328,811D002D,1048575,22456,00,03
D,30016328,1037,653,0,3531,255,0,0,0,0,0,01,0,0,0,0,30016403,811D002D,1048575,23541,00,03
D,30017414,1086,653,0,3531,357,0,0,0,0,0,01,0,0,0,0,30017602,811D002D,1048575,24774,00,03
D,30018481,1067,653,0,3531,420,0,0,0,0,0,01,0,0,0,0,30018602,811D002D,1048575,25751,00,03
D,30019342,861,653,0,3531,281,0,0,0,0,0,01,0,0,0,0,30019403,811D002D,1048575,26540,00,03
D,30020327,985,653,0,3531,268,0,0,0,0,0,01,0,0,0,0,30020390,811D002D,1048575,27528,00,03
D,30021330,1003,653,0,3531,274,0,0,0,0,0,01,0,0,0,0,30021389,811D002D,1048575,28526,00,03
D,30022346,1016,653,0,3531,276,0,0,0,0,0,01,0,0,0,0,30022416,811D002D,1048575,29554,00,03
D,30023344,998,653,0,3531,276,0,0,0,0,0,01,0,0,0,0,30023403,811D002D,1048575,30538,00,03
D,30024324,980,653,0,3531,266,0,0,0,0,0,01,0,0,0,0,30024391,811D002D,1048575,31531,00,03
D,30025340,1016,653,0,3531,276,0,0,0,0,0,01,0,0,0,0,30025399,811D002D,1048575,32535,00,03
D,30026334,994,653,0,3531,275,0,0,0,0,0,01,0,0,0,0,30026404,811D002D,1048575,33541,00,03
D,30027343,1009,653,0,3531,288,0,0,0,0,0,01,0,0,0,0,30027432,811D002D,1048575,34582,00,03
D,30028366,1023,653,0,3531,307,0,0,0,0,0,01,0,0,0,0,30028458,811D002D,1048575,35602,00,03
D,30029301,935,653,0,3531,243,0,0,0,0,0,01,0,0,0,0,30029339,811D002D,1048575,36467,00,03
D,30030316,1015,653,0,3531,249,0,0,0,0,0,01,0,0,0,0,30030359,811D002D,1048575,37488,00,03
D,30031298,982,653,0,3531,238,0,0,0,0,0,01,0,0,0,0,30031334,811D002D,1048575,38462,00,03
D,30032298,1000,653,0,3531,238,0,0,0,0,0,01,0,0,0,0,30032334,811D002D,1048575,39463,00,03
D,30033298,1000,653,0,3531,238,0,0,0,0,0,01,0,0,0,0,30033334,811D002D,1048575,40463,00,03
D,30034312,1014,653,0,3531,245,0,0,0,0,0,01,0,0,0,0,30034355,811D002D,1048575,41483,00,03
D,30035309,997,653,0,3531,238,0,0,0,0,0,01,0,0,0,0,30035345,811D002D,1048575,42474,00,03
D,30036316,1007,653,0,3531,261,0,0,0,0,0,01,0,0,0,0,30036395,811D002D,1048575,43532,00,03
D,30037412,1096,653,0,3531,351,0,0,0,0,0,01,0,0,0,0,30037593,811D002D,1048575,44763,00,03
D,30038478,1066,653,0,3531,422,0,0,0,0,0,01,0,0,0,0,30038600,811D002D,1048575,45749,00,03
D,30039343,865,653,0,3531,282,0,0,0,0,0,01,0,0,0,0,30039402,811D002D,1048575,46537,00,03
D,30040324,981,653,0,3531,266,0,0,0,0,0,01,0,0,0,0,30040389,811D002D,1048575,47527,00,03
D,30041330,1006,653,0,3531,273,0,0,0,0,0,01,0,0,0,0,30041388,811D002D,1048575,48524,00,03
D,30042335,1005,653,0,3531,272,0,0,0,0,0,01,0,0,0,0,30042408,811D002D,1048575,49547,00,03
D,30043336,1001,653,0,3531,278,0,0,0,0,0,01,0,0,0,0,30043395,811D002D,1048575,1,00,03
D,30044328,992,653,0,3531,264,0,0,0,0,0,01,0,0,0,0,30044411,811D002D,1048575,480,00,03
D,30045343,1015,653,0,3531,279,0,0,0,0,0,01,0,0,0,0,30045405,811D002D,1048575,1472,00,03
D,30046348,1005,653,0,3531,278,0,0,0,0,0,01,0,0,0,0,30046423,811D002D,1048575,2494,00,03
D,30047349,1001,653,0,3531,291,0,0,0,0,0,01,0,0,0,0,30047432,811D002D,1048575,3507,00,03
D,30048373,1024,653,0,3531,304,0,0,0,0,0,01,0,0,0,0,30048465,811D002D,1048575,4541,00,03
D,30049308,935,653,0,3531,247,0,0,0,0,0,01,0,0,0,0,30049347,811D002D,1048575,5406,00,03
D,30050309,1001,653,0,3531,249,0,0,0,0,0,01,0,0,0,0,30050352,811D002D,1048575,6412,00,03
D,30051304,995,653,0,3531,238,0,0,0,0,0,01,0,0,0,0,30051340,811D002D,1048575,7400,00,03
D,30052303,999,653,0,3531,238,0,0,0,0,0,01,0,0,0,0,30052339,811D002D,1048575,8399,00,03
D,30053301,998,653,0,3531,238,0,0,0,0,0,01,0,0,0,0,30053336,811D002D,1048575,9396,00,03
D,30054311,1010,653,0,3531,245,0,0,0,0,0,01,0,0,0,0,30054354,811D002D,1048575,10414,00,03
D,30055308,997,653,0,3531,238,0,0,0,0,0,01,0,0,0,0,30055344,811D002D,1048575,11403,00,03
D,30056330,1022,653,0,3531,259,0,0,0,0,0,01,0,0,0,0,30056409,811D002D,1048575,12487,00,03
D,30057417,1087,653,0,3531,355,0,0,0,0,0,01,0,0,0,0,30057605,811D002D,1048575,13710,00,03
D,30058468,1051,653,0,3531,412,0,0,0,0,0,01,0,0,0,0,30058593,811D002D,1048575,14670,00,03
D,30059346,878,653,0,3531,286,0,0,0,0,0,01,0,0,0,0,30059413,811D002D,1048575,15479,00,03
D,30060324,978,653,0,3531,267,0,0,0,0,0,01,0,0,0,0,30060385,811D002D,1048575,16454,00,03
D,30061341,1017,653,0,3531,273,0,0,0,0,0,01,0,0,0,0,30061402,811D002D,1048575,17468,00,03
D,30062341,1000,653,0,3531,274,0,0,0,0,0,01,0,0,0,0,30062410,811D002D,1048575,18479,00,03
D,30063335,994,653,0,3531,274,0,0,0,0,0,01,0,0,0,0,30063398,811D002D,1048575,19462,00,03
D,30064324,989,653,0,3531,269,0,0,0,0,0,01,0,0,0,0,30064390,811D002D,1048575,20461,00,03
D,30065337,1013,653,0,3531,277,0,0,0,0,0,01,0,0,0,0,30065398,811D002D,1048575,21463,00,03
D,30066333,996,653,0,3531,272,0,0,0,0,0,01,0,0,0,0,30066405,811D002D,1048575,22473,00,03
D,30067344,1011,653,0,3531,287,0,0,0,0,0,01,0,0,0,0,30067409,811D002D,1048575,23490,00,03
D,30068369,1025,653,0,3531,305,0,0,0,0,0,01,0,0,0,0,30068460,811D002D,1048575,24536,00,03
D,30069303,934,653,0,3531,244,0,0,0,0,0,01,0,0,0,0,30069344,811D002D,1048575,25403,00,03
D,30070305,1002,653,0,3531,244,0,0,0,0,0,01,0,0,0,0,30070348,811D002D,1048575,26408,00,03
D,30071302,997,653,0,3531,237,0,0,0,0,0,01,0,0,0,0,30071338,811D002D,1048575,27397,00,03
D,30072299,997,653,0,3531,237,0,0,0,0,0,01,0,0,0,0,30072336,811D002D,1048575,28396,00,03
D,30073298,999,653,0,3531,237,0,0,0,0,0,01,0,0,0,0,30073335,811D002D,1048575,29395,00,03
D,30074312,1014,653,0,3531,244,0,0,0,0,0,01,0,0,0,0,30074354,811D002D,1048575,30414,00,03
D,30075307,995,653,0,3531,236,0,0,0,0,0,01,0,0,0,0,30075344,811D002D,1048575,31405,00,03
D,30076314,1007,653,0,3531,260,0,0,0,0,0,01,0,0,0,0,30076394,811D002D,1048575,32463,00,03
D,30077417,1103,653,0,3531,354,0,0,0,0,0,01,0,0,0,0,30077597,811D002D,1048575,33695,00,03
D,30078477,1060,653,0,3531,420,0,0,0,0,0,01,0,0,0,0,30078598,811D002D,1048575,34679,00,03
D,30079348,871,653,0,3531,284,0,0,0,0,0,01,0,0,0,0,30079408,811D002D,1048575,35473,00,03
D,30080331,983,653,0,3531,268,0,0,0,0,0,01,0,0,0,0,30080393,811D002D,1048575,36462,00,03
D,30081334,1003,653,0,3531,273,0,0,0,0,0,01,0,0,0,0,30081395,811D002D,1048575,37463,00,03
D,30082345,1011,653,0,3531,274,0,0,0,0,0,01,0,0,0,0,30082415,811D002D,1048575,38483,00,03
D,30083342,997,653,0,3531,275,0,0,0,0,0,01,0,0,0,0,30083400,811D002D,1048575,39467,00,03
D,30084322,980,653,0,3531,266,0,0,0,0,0,01,0,0,0,0,30084389,811D002D,1048575,40460,00,03
D,30085333,1011,653,0,3531,274,0,0,0,0,0,01,0,0,0,0,30085390,811D002D,1048575,41456,00,03
D,30086336,1003,653,0,3531,273,0,0,0,0,0,01,0,0,0,0,30086407,811D002D,1048575,42476,00,03
D,30087351,1015,653,0,3531,287,0,0,0,0,0,01,0,0,0,0,30087447,811D002D,1048575,43532,00,03
D,30088365,1014,653,0,3531,301,0,0,0,0,0,01,0,0,0,0,30088458,811D002D,1048575,44532,00,03
D,30089309,944,653,0,3531,242,0,0,0,0,0,01,0,0,0,0,30089349,811D002D,1048575,45408,00,03
D,30090307,998,653,0,3531,247,0,0,0,0,0,01,0,0,0,0,30090351,811D002D,1048575,46411,00,03
D,30091304,997,653,0,3531,237,0,0,0,0,0,01,0,0,0,0,30091343,811D002D,1048575,47403,00,03
D,30092304,1000,653,0,3531,237,0,0,0,0,0,01,0,0,0,0,30092342,811D002D,1048575,48402,00,03
D,30093302,998,653,0,3531,237,0,0,0,0,0,01,0,0,0,0,30093340,811D002D,1048575,49399,00,03
D,30094314,1012,653,0,3531,244,0,0,0,0,0,01,0,0,0,0,30094358,811D002D,1048575,1,00,03
D,30095315,1001,653,0,3531,249,0,0,0,0,0,01,0,0,0,0,30095373,811D002D,1048575,487,00,03
D,30096324,1009,653,0,3531,268,0,0,0,0,0,01,0,0,0,0,30096410,811D002D,1048575,1530,00,03
D,30097413,1089,653,0,3531,345,0,0,0,0,0,01,0,0,0,0,30097599,811D002D,1048575,2751,00,03
D,30098482,1069,653,0,3531,414,0,0,0,0,0,01,0,0,0,0,30098607,811D002D,1048575,3737,00,03
D,30099360,878,653,0,3531,289,0,0,0,0,0,01,0,0,0,0,30099418,811D002D,1048575,4533,00,03
D,30100318,958,653,0,3531,262,0,0,0,0,0,01,0,0,0,0,30100384,811D002D,1048575,5503,00,03
D,30101344,1026,653,0,3531,277,0,0,0,0,0,01,0,0,0,0,30101402,811D002D,1048575,6516,00,03
D,30102330,986,653,0,3531,272,0,0,0,0,0,01,0,0,0,0,30102402,811D002D,1048575,7523,00,03
D,30103337,1007,653,0,3531,279,0,0,0,0,0,01,0,0,0,0,30103396,811D002D,1048575,8510,00,03
D,30104335,998,653,0,3531,266,0,0,0,0,0,01,0,0,0,0,30104400,811D002D,1048575,9521,00,03
D,30105346,1011,653,0,3531,277,0,0,0,0,0,01,0,0,0,0,30105405,811D002D,1048575,10520,00,03
D,30106336,990,653,0,3531,272,0,0,0,0,0,01,0,0,0,0,30106410,811D002D,1048575,11530,00,03
D,30107358,1022,653,0,3531,291,0,0,0,0,0,01,0,0,0,0,30107436,811D002D,1048575,12557,00,03
D,30108357,999,653,0,3531,301,0,0,0,0,0,01,0,0,0,0,30108449,811D002D,1048575,13574,00,03
D,30109309,952,653,0,3531,245,0,0,0,0,0,01,0,0,0,0,30109347,811D002D,1048575,14456,00,03
D,30110309,1000,653,0,3531,249,0,0,0,0,0,01,0,0,0,0,30110352,811D002D,1048575,15462,00,03
D,30111308,999,653,0,3531,238,0,0,0,0,0,01,0,0,0,0,30111343,811D002D,1048575,16453,00,03
D,30112308,1000,653,0,3531,238,0,0,0,0,0,01,0,0,0,0,30112344,811D002D,1048575,17454,00,03
D,30113308,1000,653,0,3531,238,0,0,0,0,0,01,0,0,0,0,30113344,811D002D,1048575,18454,00,03
D,30114301,993,653,0,3531,245,0,0,0,0,0,01,0,0,0,0,30114344,811D002D,1048575,19453,00,03
D,30115298,997,653,0,3531,238,0,0,0,0,0,01,0,0,0,0,30115334,811D002D,1048575,20444,00,03
D,30116324,1026,653,0,3531,263,0,0,0,0,0,01,0,0,0,0,30116404,811D002D,1048575,21525,00,03
D,30117413,1089,653,0,3531,354,0,0,0,0,0,01,0,0,0,0,30117594,811D002D,1048575,22750,00,03
D,30118484,1071,653,0,3531,425,0,0,0,0,0,01,0,0,0,0,30118608,811D002D,1048575,23738,00,03
D,30119339,855,653,0,3531,283,0,0,0,0,0,01,0,0,0,0,30119398,811D002D,1048575,24513,00,03
D,30120322,983,653,0,3531,266,0,0,0,0,0,01,0,0,0,0,30120385,811D002D,1048575,25504,00,03
D,30121344,1022,653,0,3531,275,0,0,0,0,0,01,0,0,0,0,30121404,811D002D,1048575,26523,00,03
D,30122339,995,653,0,3531,273,0,0,0,0,0,01,0,0,0,0,30122409,811D002D,1048575,27527,00,03
D,30123340,1001,653,0,3531,277,0,0,0,0,0,01,0,0,0,0,30123398,811D002D,1048575,28515,00,03
D,30124337,997,653,0,3531,266,0,0,0,0,0,01,0,0,0,0,30124404,811D002D,1048575,29525,00,03
D,30125347,1010,653,0,3531,276,0,0,0,0,0,01,0,0,0,0,30125405,811D002D,1048575,30520,00,03
D,30126334,987,653,0,3531,273,0,0,0,0,0,01,0,0,0,0,30126405,811D002D,1048575,31523,00,03
D,30127344,1010,653,0,3531,288,0,0,0,0,0,01,0,0,0,0,30127433,811D002D,1048575,32566,00,03
D,30128363,1019,653,0,3531,302,0,0,0,0,0,01,0,0,0,0,30128451,811D002D,1048575,33576,00,03
D,30129305,942,653,0,3531,242,0,0,0,0,0,01,0,0,0,0,30129343,811D002D,1048575,34452,00,03
D,30130306,1001,653,0,3531,249,0,0,0,0,0,01,0,0,0,0,30130349,811D002D,1048575,35459,00,03
D,30131302,996,653,0,3531,238,0,0,0,0,0,01,0,0,0,0,30131338,811D002D,1048575,36448,00,03
D,30132301,999,653,0,3531,238,0,0,0,0,0,01,0,0,0,0,30132337,811D002D,1048575,37446,00,03
D,30133299,998,653,0,3531,238,0,0,0,0,0,01,0,0,0,0,30133335,811D002D,1048575,38444,00,03
D,30134312,1013,653,0,3531,245,0,0,0,0,0,01,0,0,0,0,30134355,811D002D,1048575,39465,00,03
D,30135308,996,653,0,3531,238,0,0,0,0,0,01,0,0,0,0,30135343,811D002D,1048575,40453,00,03
D,30136332,1024,653,0,3531,263,0,0,0,0,0,01,0,0,0,0,30136412,811D002D,1048575,41539,00,03
D,30137406,1074,653,0,3531,350,0,0,0,0,0,01,0,0,0,0,30137592,811D002D,1048575,42748,00,03
D,30138476,1070,653,0,3531,419,0,0,0,0,0,01,0,0,0,0,30138599,811D002D,1048575,43728,00,03
D,30139341,865,653,0,3531,284,0,0,0,0,0,01,0,0,0,0,30139400,811D002D,1048575,44518,00,03
D,30140331,990,653,0,3531,272,0,0,0,0,0,01,0,0,0,0,30140394,811D002D,1048575,45514,00,03
D,30141342,1011,653,0,3531,274,0,0,0,0,0,01,0,0,0,0,30141400,811D002D,1048575,46515,00,03
D,30142337,995,653,0,3531,276,0,0,0,0,0,01,0,0,0,0,30142410,811D002D,1048575,47531,00,03
D,30143343,1006,653,0,3531,279,0,0,0,0,0,01,0,0,0,0,30143402,811D002D,1048575,48518,00,03
D,30144332,989,653,0,3531,269,0,0,0,0,0,01,0,0,0,0,30144398,811D002D,1048575,49518,00,03
D,30145342,1010,653,0,3531,276,0,0,0,0,0,01,0,0,0,0,30145401,811D002D,1048575,1,00,03
D,30146339,997,653,0,3531,277,0,0,0,0,0,01,0,0,0,0,30146422,811D002D,1048575,479,00,03
D,30147347,1008,653,0,3531,289,0,0,0,0,0,01,0,0,0,0,30147431,811D002D,1048575,1500,00,03
D,30148362,1015,653,0,3531,305,0,0,0,0,0,01,0,0,0,0,30148454,811D002D,1048575,2517,00,03
D,30149312,950,653,0,3531,245,0,0,0,0,0,01,0,0,0,0,30149349,811D002D,1048575,3397,00,03
D,30150312,1000,653,0,3531,245,0,0,0,0,0,01,0,0,0,0,30150354,811D002D,1048575,4403,00,03
D,30151304,992,653,0,3531,238,0,0,0,0,0,01,0,0,0,0,30151340,811D002D,1048575,5388,00,03
D,30152302,998,653,0,3531,238,0,0,0,0,0,01,0,0,0,0,30152338,811D002D,1048575,6387,00,03
D,30153301,999,653,0,3531,239,0,0,0,0,0,01,0,0,0,0,30153337,811D002D,1048575,7385,00,03
D,30154302,1001,653,0,3531,246,0,0,0,0,0,01,0,0,0,0,30154344,811D002D,1048575,8392,00,03
D,30155296,994,653,0,3531,238,0,0,0,0,0,01,0,0,0,0,30155332,811D002D,1048575,9381,00,03
D,30156324,1028,653,0,3531,261,0,0,0,0,0,01,0,0,0,0,30156403,811D002D,1048575,10462,00,03
D,30157406,1082,653,0,3531,350,0,0,0,0,0,01,0,0,0,0,30157574,811D002D,1048575,11670,00,03
D,30158484,1078,653,0,3531,412,0,0,0,0,0,01,0,0,0,0,30158605,811D002D,1048575,12674,00,03
D,30159353,869,653,0,3531,285,0,0,0,0,0,01,0,0,0,0,30159415,811D002D,1048575,13469,00,03
D,30160334,981,653,0,3531,274,0,0,0,0,0,01,0,0,0,0,30160397,811D002D,1048575,14455,00,03
D,30161343,1009,653,0,3531,275,0,0,0,0,0,01,0,0,0,0,30161406,811D002D,1048575,15464,00,03
D,30162334,991,653,0,3531,278,0,0,0,0,0,01,0,0,0,0,30162404,811D002D,1048575,16461,00,03
D,30163333,999,653,0,3531,277,0,0,0,0,0,01,0,0,0,0,30163397,811D002D,1048575,17452,00,03
D,30164334,1001,653,0,3531,272,0,0,0,0,0,01,0,0,0,0,30164400,811D002D,1048575,18460,00,03
D,30165344,1010,653,0,3531,276,0,0,0,0,0,01,0,0,0,0,30165406,811D002D,1048575,19460,00,03
D,30166347,1003,653,0,3531,278,0,0,0,0,0,01,0,0,0,0,30166418,811D002D,1048575,20476,00,03
D,30167358,1011,653,0,3531,288,0,0,0,0,0,01,0,0,0,0,30167452,811D002D,1048575,21532,00,03
D,30168360,1002,653,0,3531,304,0,0,0,0,0,01,0,0,0,0,30168450,811D002D,1048575,22511,00,03
D,30169300,940,653,0,3531,242,0,0,0,0,0,01,0,0,0,0,30169341,811D002D,1048575,23390,00,03
D,30170302,1002,653,0,3531,246,0,0,0,0,0,01,0,0,0,0,30170344,811D002D,1048575,24393,00,03
D,30171298,996,653,0,3531,238,0,0,0,0,0,01,0,0,0,0,30171335,811D002D,1048575,25384,00,03
D,30172298,1000,653,0,3531,238,0,0,0,0,0,01,0,0,0,0,30172335,811D002D,1048575,26383,00,03
D,30173299,1001,653,0,3531,239,0,0,0,0,0,01,0,0,0,0,30173335,811D002D,1048575,27383,00,03
D,30174312,1013,653,0,3531,245,0,0,0,0,0,01,0,0,0,0,30174355,811D002D,1048575,28404,00,03
D,30175291,979,653,0,3531,238,0,0,0,0,0,01,0,0,0,0,30175328,811D002D,1048575,29376,00,03
D,30176337,1046,653,0,3531,265,0,0,0,0,0,01,0,0,0,0,30176415,811D002D,1048575,30481,00,03
D,30177409,1072,653,0,3531,351,0,0,0,0,0,01,0,0,0,0,30177583,811D002D,1048575,31680,00,03
D,30178488,1079,653,0,3531,423,0,0,0,0,0,01,0,0,0,0,30178611,811D002D,1048575,32678,00,03
D,30179352,864,653,0,3531,281,0,0,0,0,0,01,0,0,0,0,30179412,811D002D,1048575,33467,00,03
D,30180342,990,653,0,3531,270,0,0,0,0,0,01,0,0,0,0,30180408,811D002D,1048575,34466,00,03
D,30181331,989,653,0,3531,275,0,0,0,0,0,01,0,0,0,0,30181389,811D002D,1048575,35442,00,03
D,30182338,1007,653,0,3531,275,0,0,0,0,0,01,0,0,0,0,30182411,811D002D,1048575,36471,00,03
D,30183345,1007,653,0,3531,279,0,0,0,0,0,01,0,0,0,0,30183403,811D002D,1048575,37456,00,03
D,30184327,982,653,0,3531,267,0,0,0,0,0,01,0,0,0,0,30184392,811D002D,1048575,38451,00,03
D,30185331,1004,653,0,3531,274,0,0,0,0,0,01,0,0,0,0,30185389,811D002D,1048575,39444,00,03
D,30186340,1009,653,0,3531,276,0,0,0,0,0,01,0,0,0,0,30186412,811D002D,1048575,40470,00,03
D,30187353,1013,653,0,3531,287,0,0,0,0,0,01,0,0,0,0,30187434,811D002D,1048575,41496,00,03
D,30188363,1010,653,0,3531,300,0,0,0,0,0,01,0,0,0,0,30188453,811D002D,1048575,42517,00,03
D,30189314,951,653,0,3531,246,0,0,0,0,0,01,0,0,0,0,30189352,811D002D,1048575,43400,00,03
D,30190314,1000,653,0,3531,248,0,0,0,0,0,01,0,0,0,0,30190357,811D002D,1048575,44406,00,03
D,30191298,984,653,0,3531,238,0,0,0,0,0,01,0,0,0,0,30191334,811D002D,1048575,45382,00,03
D,30192298,1000,653,0,3531,238,0,0,0,0,0,01,0,0,0,0,30192334,811D002D,1048575,46383,00,03
D,30193299,1001,653,0,3531,238,0,0,0,0,0,01,0,0,0,0,30193335,811D002D,1048575,47383,00,03
D,30194312,1013,653,0,3531,245,0,0,0,0,0,01,0,0,0,0,30194355,811D002D,1048575,48403,00,03
D,30195309,997,653,0,3531,238,0,0,0,0,0,01,0,0,0,0,30195345,811D002D,1048575,49394,00,03
D,30196334,1025,653,0,3531,262,0,0,0,0,0,01,0,0,0,0,30196417,811D002D,1048575,2,00,03
D,30197605,1271,653,0,3531,368,0,0,0,0,0,01,0,0,0,0,30197804,811D002D,1048575,715,00,03
D,30198490,885,653,0,3531,420,0,0,0,0,0,01,0,0,0,0,30198605,811D002D,1048575,1476,00,03
D,30199355,865,653,0,3531,284,0,0,0,0,0,01,0,0,0,0,30199426,811D002D,1048575,2288,00,03
D,30200319,964,653,0,3531,260,0,0,0,0,0,01,0,0,0,0,30200384,811D002D,1048575,3251,00,03
D,30201344,1025,653,0,3531,274,0,0,0,0,0,01,0,0,0,0,30201403,811D002D,1048575,4265,00,03
D,30202334,990,653,0,3531,271,0,0,0,0,0,01,0,0,0,0,30202405,811D002D,1048575,5272,00,03
D,30203331,997,653,0,3531,275,0,0,0,0,0,01,0,0,0,0,30203389,811D002D,1048575,6251,00,03
D,30204325,994,653,0,3531,265,0,0,0,0,0,01,0,0,0,0,30204392,811D002D,1048575,7260,00,03
D,30205338,1013,653,0,3531,275,0,0,0,0,0,01,0,0,0,0,30205397,811D002D,1048575,8258,00,03
D,30206334,996,653,0,3531,273,0,0,0,0,0,01,0,0,0,0,30206411,811D002D,1048575,9279,00,03
D,30207351,1017,653,0,3531,287,0,0,0,0,0,01,0,0,0,0,30207421,811D002D,1048575,10295,00,03
D,30208365,1014,653,0,3531,300,0,0,0,0,0,01,0,0,0,0,30208462,811D002D,1048575,11336,00,03
D,30209313,948,653,0,3531,250,0,0,0,0,0,01,0,0,0,0,30209350,811D002D,1048575,12206,00,03
D,30210315,1002,653,0,3531,247,0,0,0,0,0,01,0,0,0,0,30210357,811D002D,1048575,13214,00,03
D,30211297,982,653,0,3531,237,0,0,0,0,0,01,0,0,0,0,30211333,811D002D,1048575,14190,00,03
D,30212297,1000,653,0,3531,237,0,0,0,0,0,01,0,0,0,0,30212333,811D002D,1048575,15189,00,03
D,30213297,1000,653,0,3531,237,0,0,0,0,0,01,0,0,0,0,30213332,811D002D,1048575,16189,00,03
D,30214311,1014,653,0,3531,244,0,0,0,0,0,01,0,0,0,0,30214354,811D002D,1048575,17211,00,03
D,30215307,996,653,0,3531,237,0,0,0,0,0,01,0,0,0,0,30215343,811D002D,1048575,18199,00,03
D,30216316,1009,653,0,3531,256,0,0,0,0,0,01,0,0,0,0,30216399,811D002D,1048575,19267,00,03
D,30217416,1100,653,0,3531,358,0,0,0,0,0,01,0,0,0,0,30217592,811D002D,1048575,20492,00,03
D,30218472,1056,653,0,3531,411,0,0,0,0,0,01,0,0,0,0,30218595,811D002D,1048575,21472,00,03
D,30219349,877,653,0,3531,286,0,0,0,0,0,01,0,0,0,0,30219407,811D002D,1048575,22269,00,03
D,30220330,981,653,0,3531,269,0,0,0,0,0,01,0,0,0,0,30220392,811D002D,1048575,23258,00,03
D,30221337,1007,653,0,3531,273,0,0,0,0,0,01,0,0,0,0,30221395,811D002D,1048575,24259,00,03
D,30222331,994,653,0,3531,273,0,0,0,0,0,01,0,0,0,0,30222400,811D002D,1048575,25266,00,03
D,30223334,1003,653,0,3531,277,0,0,0,0,0,01,0,0,0,0,30223390,811D002D,1048575,26251,00,03
D,30224326,992,653,0,3531,265,0,0,0,0,0,01,0,0,0,0,30224391,811D002D,1048575,27259,00,03
D,30225338,1012,653,0,3531,274,0,0,0,0,0,01,0,0,0,0,30225397,811D002D,1048575,28259,00,03
D,30226334,996,653,0,3531,274,0,0,0,0,0,01,0,0,0,0,30226403,811D002D,1048575,29268,00,03
D,30227344,1010,653,0,3531,288,0,0,0,0,0,01,0,0,0,0,30227418,811D002D,1048575,30290,00,03
D,30228361,1017,653,0,3531,302,0,0,0,0,0,01,0,0,0,0,30228453,811D002D,1048575,31325,00,03
D,30229310,949,653,0,3531,246,0,0,0,0,0,01,0,0,0,0,30229351,811D002D,1048575,32207,00,03
D,30230313,1003,653,0,3531,244,0,0,0,0,0,01,0,0,0,0,30230356,811D002D,1048575,33213,00,03
D,30231295,982,653,0,3531,237,0,0,0,0,0,01,0,0,0,0,30231331,811D002D,1048575,34187,00,03
D,30232294,999,653,0,3531,236,0,0,0,0,0,01,0,0,0,0,30232331,811D002D,1048575,35189,00,03
D,30233295,1001,653,0,3531,237,0,0,0,0,0,01,0,0,0,0,30233332,811D002D,1048575,36188,00,03
D,30234306,1011,653,0,3531,244,0,0,0,0,0,01,0,0,0,0,30234349,811D002D,1048575,37205,00,03
D,30235302,996,653,0,3531,237,0,0,0,0,0,01,0,0,0,0,30235339,811D002D,1048575,38196,00,03
D,30236326,1024,653,0,3531,260,0,0,0,0,0,01,0,0,0,0,30236404,811D002D,1048575,39269,00,03
D,30237418,1092,653,0,3531,354,0,0,0,0,0,01,0,0,0,0,30237599,811D002D,1048575,40499,00,03
D,30238487,1069,653,0,3531,421,0,0,0,0,0,01,0,0,0,0,30238603,811D002D,1048575,41476,00,03
D,30239341,854,653,0,3531,280,0,0,0,0,0,01,0,0,0,0,30239403,811D002D,1048575,42268,00,03
D,30240330,989,653,0,3531,271,0,0,0,0,0,01,0,0,0,0,30240391,811D002D,1048575,43256,00,03
D,30241331,1001,653,0,3531,273,0,0,0,0,0,01,0,0,0,0,30241389,811D002D,1048575,44254,00,03
D,30242344,1013,653,0,3531,275,0,0,0,0,0,01,0,0,0,0,30242413,811D002D,1048575,45278,00,03
D,30243341,997,653,0,3531,278,0,0,0,0,0,01,0,0,0,0,30243398,811D002D,1048575,46262,00,03
D,30244325,984,653,0,3531,266,0,0,0,0,0,01,0,0,0,0,30244391,811D002D,1048575,47258,00,03
D,30245330,1005,653,0,3531,273,0,0,0,0,0,01,0,0,0,0,30245387,811D002D,1048575,48251,00,03
D,30246338,1008,653,0,3531,275,0,0,0,0,0,01,0,0,0,0,30246408,811D002D,1048575,49272,00,03
D,30247345,1007,653,0,3531,286,0,0,0,0,0,01,0,0,0,0,30247429,811D002D,1048575,1,00,03
D,30248480,1135,653,0,3531,316,0,0,0,0,0,01,0,0,0,0,30248569,811D002D,1048575,524,00,03
D,30249308,828,653,0,3531,240,0,0,0,0,0,01,0,0,0,0,30249345,811D002D,1048575,1286,00,03
D,30250309,1001,653,0,3531,246,0,0,0,0,0,01,0,0,0,0,30250350,811D002D,1048575,2291,00,03
D,30251300,991,653,0,3531,238,0,0,0,0,0,01,0,0,0,0,30251336,811D002D,1048575,3277,00,03
D,30252300,1000,653,0,3531,238,0,0,0,0,0,01,0,0,0,0,30252336,811D002D,1048575,4276,00,03
D,30253300,1000,653,0,3531,238,0,0,0,0,0,01,0,0,0,0,30253336,811D002D,1048575,5276,00,03
D,30254303,1003,653,0,3531,244,0,0,0,0,0,01,0,0,0,0,30254345,811D002D,1048575,6286,00,03
D,30255292,989,653,0,3531,238,0,0,0,0,0,01,0,0,0,0,30255328,811D002D,1048575,7268,00,03
D,30256331,1039,653,0,3531,262,0,0,0,0,0,01,0,0,0,0,30256408,811D002D,1048575,8359,00,03
D,30257407,1076,653,0,3531,352,0,0,0,0,0,01,0,0,0,0,30257581,811D002D,1048575,9571,00,03
D,30258473,1066,653,0,3531,409,0,0,0,0,0,01,0,0,0,0,30258602,811D002D,1048575,10563,00,03
D,30259352,879,653,0,3531,291,0,0,0,0,0,01,0,0,0,0,30259410,811D002D,1048575,11356,00,03
D,30260331,979,653,0,3531,269,0,0,0,0,0,01,0,0,0,0,30260396,811D002D,1048575,12348,00,03
D,30261343,1012,653,0,3531,277,0,0,0,0,0,01,0,0,0,0,30261400,811D002D,1048575,13345,00,03
D,30262347,1004,653,0,3531,275,0,0,0,0,0,01,0,0,0,0,30262419,811D002D,1048575,14371,00,03
D,30263337,990,653,0,3531,279,0,0,0,0,0,01,0,0,0,0,30263394,811D002D,1048575,15339,00,03
D,30264336,999,653,0,3531,268,0,0,0,0,0,01,0,0,0,0,30264401,811D002D,1048575,16353,00,03
D,30265346,1010,653,0,3531,277,0,0,0,0,0,01,0,0,0,0,30265403,811D002D,1048575,17349,00,03
D,30266336,990,653,0,3531,275,0,0,0,0,0,01,0,0,0,0,30266409,811D002D,1048575,18360,00,03
D,30267358,1022,653,0,3531,291,0,0,0,0,0,01,0,0,0,0,30267441,811D002D,1048575,19396,00,03
D,30268367,1009,653,0,3531,302,0,0,0,0,0,01,0,0,0,0,30268457,811D002D,1048575,20413,00,03
D,30269302,935,653,0,3531,244,0,0,0,0,0,01,0,0,0,0,30269338,811D002D,1048575,21278,00,03
D,30270317,1015,653,0,3531,249,0,0,0,0,0,01,0,0,0,0,30270359,811D002D,1048575,22300,00,03
D,30271298,981,653,0,3531,238,0,0,0,0,0,01,0,0,0,0,30271333,811D002D,1048575,23273,00,03
D,30272298,1000,653,0,3531,238,0,0,0,0,0,01,0,0,0,0,30272333,811D002D,1048575,24274,00,03
D,30273298,1000,653,0,3531,238,0,0,0,0,0,01,0,0,0,0,30273333,811D002D,1048575,25274,00,03
D,30274312,1014,653,0,3531,245,0,0,0,0,0,01,0,0,0,0,30274354,811D002D,1048575,26294,00,03
D,30275308,996,653,0,3531,238,0,0,0,0,0,01,0,0,0,0,30275343,811D002D,1048575,27284,00,03
D,30276334,1026,653,0,3531,261,0,0,0,0,0,01,0,0,0,0,30276412,811D002D,1048575,28366,00,03
D,30277413,1079,653,0,3531,355,0,0,0,0,0,01,0,0,0,0,30277595,811D002D,1048575,29580,00,03
D,30278474,1061,653,0,3531,417,0,0,0,0,0,01,0,0,0,0,30278600,811D002D,1048575,30560,00,03
D,30279345,871,653,0,3531,284,0,0,0,0,0,01,0,0,0,0,30279402,811D002D,1048575,31349,00,03
D,30280330,985,653,0,3531,272,0,0,0,0,0,01,0,0,0,0,30280391,811D002D,1048575,32340,00,03
D,30281329,999,653,0,3531,272,0,0,0,0,0,01,0,0,0,0,30281389,811D002D,1048575,33337,00,03
D,30282346,1017,653,0,3531,277,0,0,0,0,0,01,0,0,0,0,30282413,811D002D,1048575,34362,00,03
D,30283344,998,653,0,3531,278,0,0,0,0,0,01,0,0,0,0,30283400,811D002D,1048575,35346,00,03
D,30284325,981,653,0,3531,267,0,0,0,0,0,01,0,0,0,0,30284389,811D002D,1048575,36339,00,03
D,30285329,1004,653,0,3531,273,0,0,0,0,0,01,0,0,0,0,30285384,811D002D,1048575,37330,00,03
D,30286341,1012,653,0,3531,278,0,0,0,0,0,01,0,0,0,0,30286409,811D002D,1048575,38357,00,03
D,30287346,1005,653,0,3531,285,0,0,0,0,0,01,0,0,0,0,30287426,811D002D,1048575,39382,00,03
D,30288371,1025,653,0,3531,306,0,0,0,0,0,01,0,0,0,0,30288462,811D002D,1048575,40418,00,03
D,30289303,932,653,0,3531,242,0,0,0,0,0,01,0,0,0,0,30289341,811D002D,1048575,41281,00,03
D,30290308,1005,653,0,3531,249,0,0,0,0,0,01,0,0,0,0,30290349,811D002D,1048575,42290,00,03
D,30291304,996,653,0,3531,238,0,0,0,0,0,01,0,0,0,0,30291340,811D002D,1048575,43281,00,03
D,30292303,999,653,0,3531,238,0,0,0,0,0,01,0,0,0,0,30292339,811D002D,1048575,44279,00,03
D,30293302,999,653,0,3531,239,0,0,0,0,0,01,0,0,0,0,30293337,811D002D,1048575,45277,00,03
D,30294313,1011,653,0,3531,244,0,0,0,0,0,01,0,0,0,0,30294355,811D002D,1048575,46296,00,03
D,30295296,983,653,0,3531,238,0,0,0,0,0,01,0,0,0,0,30295331,811D002D,1048575,47272,00,03
D,30296321,1025,653,0,3531,261,0,0,0,0,0,01,0,0,0,0,30296400,811D002D,1048575,48351,00,03
D,30297423,1102,653,0,3531,352,0,0,0,0,0,01,0,0,0,0,30297608,811D002D,1048575,49596,00,03
D,30298479,1056,653,0,3531,418,0,0,0,0,0,01,0,0,0,0,30298601,811D002D,1048575,1,00,03
D,30299571,1092,653,0,3531,294,0,0,0,0,0,01,0,0,0,0,30299644,811D002D,1048575,487,00,03
D,30300340,769,653,0,3531,273,0,0,0,0,0,01,0,0,0,0,30300405,811D002D,1048575,1248,00,03
D,30301327,987,653,0,3531,274,0,0,0,0,0,01,0,0,0,0,30301390,811D002D,1048575,2233,00,03
D,30302337,1010,653,0,3531,278,0,0,0,0,0,01,0,0,0,0,30302408,811D002D,1048575,3250,00,03
D,30303340,1003,653,0,3531,277,0,0,0,0,0,01,0,0,0,0,30303402,811D002D,1048575,4243,00,03
D,30304333,993,653,0,3531,271,0,0,0,0,0,01,0,0,0,0,30304399,811D002D,1048575,5244,00,03
D,30305336,1003,653,0,3531,275,0,0,0,0,0,01,0,0,0,0,30305398,811D002D,1048575,6240,00,03
D,30306345,1009,653,0,3531,277,0,0,0,0,0,01,0,0,0,0,30306415,811D002D,1048575,7257,00,03
D,30307357,1012,653,0,3531,291,0,0,0,0,0,01,0,0,0,0,30307444,811D002D,1048575,8306,00,03
D,30308377,1020,653,0,3531,311,0,0,0,0,0,01,0,0,0,0,30308465,811D002D,1048575,9313,00,03
D,30309302,925,653,0,3531,242,0,0,0,0,0,01,0,0,0,0,30309342,811D002D,1048575,10175,00,03
D,30310304,1002,653,0,3531,245,0,0,0,0,0,01,0,0,0,0,30310346,811D002D,1048575,11180,00,03
D,30311300,996,653,0,3531,237,0,0,0,0,0,01,0,0,0,0,30311336,811D002D,1048575,12169,00,03
D,30312298,998,653,0,3531,238,0,0,0,0,0,01,0,0,0,0,30312334,811D002D,1048575,13168,00,03
D,30313297,999,653,0,3531,238,0,0,0,0,0,01,0,0,0,0,30313333,811D002D,1048575,14167,00,03
D,30314312,1015,653,0,3531,244,0,0,0,0,0,01,0,0,0,0,30314354,811D002D,1048575,15187,00,03
D,30315306,994,653,0,3531,238,0,0,0,0,0,01,0,0,0,0,30315342,811D002D,1048575,16176,00,03
D,30316315,1009,653,0,3531,261,0,0,0,0,0,01,0,0,0,0,30316394,811D002D,1048575,17236,00,03
D,30317416,1101,653,0,3531,350,0,0,0,0,0,01,0,0,0,0,30317595,811D002D,1048575,18479,00,03
D,30318478,1062,653,0,3531,421,0,0,0,0,0,01,0,0,0,0,30318604,811D002D,1048575,19457,00,03
D,30319350,872,653,0,3531,282,0,0,0,0,0,01,0,0,0,0,30319409,811D002D,1048575,20249,00,03
D,30320327,977,653,0,3531,263,0,0,0,0,0,01,0,0,0,0,30320391,811D002D,1048575,21233,00,03
D,30321328,1001,653,0,3531,272,0,0,0,0,0,01,0,0,0,0,30321390,811D002D,1048575,22233,00,03
D,30322342,1014,653,0,3531,275,0,0,0,0,0,01,0,0,0,0,30322414,811D002D,1048575,23256,00,03
D,30323340,998,653,0,3531,274,0,0,0,0,0,01,0,0,0,0,30323399,811D002D,1048575,24240,00,03
D,30324336,996,653,0,3531,266,0,0,0,0,0,01,0,0,0,0,30324404,811D002D,1048575,25248,00,03
D,30325344,1008,653,0,3531,273,0,0,0,0,0,01,0,0,0,0,30325404,811D002D,1048575,26243,00,03
D,30326335,991,653,0,3531,273,0,0,0,0,0,01,0,0,0,0,30326407,811D002D,1048575,27250,00,03
D,30327345,1010,653,0,3531,286,0,0,0,0,0,01,0,0,0,0,30327435,811D002D,1048575,28294,00,03
D,30328365,1020,653,0,3531,301,0,0,0,0,0,01,0,0,0,0,30328455,811D002D,1048575,29304,00,03
D,30329309,944,653,0,3531,242,0,0,0,0,0,01,0,0,0,0,30329348,811D002D,1048575,30182,00,03
D,30330310,1001,653,0,3531,249,0,0,0,0,0,01,0,0,0,0,30330354,811D002D,1048575,31188,00,03
D,30331305,995,653,0,3531,236,0,0,0,0,0,01,0,0,0,0,30331343,811D002D,1048575,32177,00,03
D,30332306,1001,653,0,3531,237,0,0,0,0,0,01,0,0,0,0,30332342,811D002D,1048575,33176,00,03
D,30333302,996,653,0,3531,236,0,0,0,0,0,01,0,0,0,0,30333339,811D002D,1048575,34172,00,03
D,30334314,1012,653,0,3531,244,0,0,0,0,0,01,0,0,0,0,30334358,811D002D,1048575,35192,00,03
D,30335295,981,653,0,3531,237,0,0,0,0,0,01,0,0,0,0,30335331,811D002D,1048575,36165,00,03
D,30336321,1026,653,0,3531,264,0,0,0,0,0,01,0,0,0,0,30336400,811D002D,1048575,37244,00,03
D,30337405,1084,653,0,3531,349,0,0,0,0,0,01,0,0,0,0,30337587,811D002D,1048575,38464,00,03
D,30338476,1071,653,0,3531,420,0,0,0,0,0,01,0,0,0,0,30338601,811D002D,1048575,39454,00,03
D,30339338,862,653,0,3531,280,0,0,0,0,0,01,0,0,0,0,30339398,811D002D,1048575,40238,00,03
D,30340336,998,653,0,3531,265,0,0,0,0,0,01,0,0,0,0,30340402,811D002D,1048575,41245,00,03
D,30341342,1006,653,0,3531,273,0,0,0,0,0,01,0,0,0,0,30341401,811D002D,1048575,42239,00,03
D,30342328,986,653,0,3531,271,0,0,0,0,0,01,0,0,0,0,30342400,811D002D,1048575,43245,00,03
D,30343345,1017,653,0,3531,277,0,0,0,0,0,01,0,0,0,0,30343404,811D002D,1048575,44242,00,03
D,30344328,983,653,0,3531,265,0,0,0,0,0,01,0,0,0,0,30344394,811D002D,1048575,45238,00,03
D,30345334,1006,653,0,3531,274,0,0,0,0,0,01,0,0,0,0,30345396,811D002D,1048575,46236,00,03
D,30346333,999,653,0,3531,275,0,0,0,0,0,01,0,0,0,0,30346405,811D002D,1048575,47248,00,03
D,30347343,1010,653,0,3531,287,0,0,0,0,0,01,0,0,0,0,30347422,811D002D,1048575,48270,00,03
D,30348361,1018,653,0,3531,302,0,0,0,0,0,01,0,0,0,0,30348452,811D002D,1048575,49300,00,03
D,30349310,949,653,0,3531,246,0,0,0,0,0,01,0,0,0,0,30349351,811D002D,1048575,1,00,03
D,30350331,1021,653,0,3531,264,0,0,0,0,0,01,0,0,0,0,30350400,811D002D,1048575,520,00,03
D,30351297,966,653,0,3531,239,0,0,0,0,0,01,0,0,0,0,30351334,811D002D,1048575,1452,00,03
D,30352298,1001,653,0,3531,237,0,0,0,0,0,01,0,0,0,0,30352335,811D002D,1048575,2452,00,03
D,30353298,1000,653,0,3531,237,0,0,0,0,0,01,0,0,0,0,30353335,811D002D,1048575,3451,00,03
D,30354306,1008,653,0,3531,244,0,0,0,0,0,01,0,0,0,0,30354349,811D002D,1048575,4466,00,03
D,30355302,996,653,0,3531,237,0,0,0,0,0,01,0,0,0,0,30355339,811D002D,1048575,5456,00,03
D,30356330,1028,653,0,3531,267,0,0,0,0,0,01,0,0,0,0,30356417,811D002D,1048575,6547,00,03
D,30357409,1079,653,0,3531,348,0,0,0,0,0,01,0,0,0,0,30357587,811D002D,1048575,7752,00,03
D,30358482,1073,653,0,3531,421,0,0,0,0,0,01,0,0,0,0,30358613,811D002D,1048575,8752,00,03
D,30359338,856,653,0,3531,281,0,0,0,0,0,01,0,0,0,0,30359404,811D002D,1048575,9526,00,03
D,30360331,993,653,0,3531,272,0,0,0,0,0,01,0,0,0,0,30360394,811D002D,1048575,10520,00,03
D,30361337,1006,653,0,3531,274,0,0,0,0,0,01,0,0,0,0,30361398,811D002D,1048575,11523,00,03
D,30362340,1003,653,0,3531,278,0,0,0,0,0,01,0,0,0,0,30362409,811D002D,1048575,12534,00,03
D,30363346,1006,653,0,3531,278,0,0,0,0,0,01,0,0,0,0,30363404,811D002D,1048575,13526,00,03
D,30364328,982,653,0,3531,269,0,0,0,0,0,01,0,0,0,0,30364394,811D002D,1048575,14522,00,03
D,30365342,1014,653,0,3531,275,0,0,0,0,0,01,0,0,0,0,30365401,811D002D,1048575,15522,00,03
D,30366339,997,653,0,3531,278,0,0,0,0,0,01,0,0,0,0,30366410,811D002D,1048575,16536,00,03
D,30367355,1016,653,0,3531,288,0,0,0,0,0,01,0,0,0,0,30367437,811D002D,1048575,17568,00,03
D,30368366,1011,653,0,3531,306,0,0,0,0,0,01,0,0,0,0,30368454,811D002D,1048575,18585,00,03
D,30369309,943,653,0,3531,242,0,0,0,0,0,01,0,0,0,0,30369347,811D002D,1048575,19463,00,03
D,30370309,1000,653,0,3531,248,0,0,0,0,0,01,0,0,0,0,30370351,811D002D,1048575,20468,00,03
D,30371304,995,653,0,3531,238,0,0,0,0,0,01,0,0,0,0,30371340,811D002D,1048575,21457,00,03
D,30372303,999,653,0,3531,238,0,0,0,0,0,01,0,0,0,0,30372339,811D002D,1048575,22456,00,03
D,30373301,998,653,0,3531,238,0,0,0,0,0,01,0,0,0,0,30373336,811D002D,1048575,23453,00,03
D,30374313,1012,653,0,3531,244,0,0,0,0,0,01,0,0,0,0,30374355,811D002D,1048575,24472,00,03
D,30375308,995,653,0,3531,238,0,0,0,0,0,01,0,0,0,0,30375343,811D002D,1048575,25460,00,03
D,30376318,1010,653,0,3531,263,0,0,0,0,0,01,0,0,0,0,30376395,811D002D,1048575,26521,00,03
D,30377416,1098,653,0,3531,354,0,0,0,0,0,01,0,0,0,0,30377604,811D002D,1048575,27768,00,03
D,30378493,1077,653,0,3531,419,0,0,0,0,0,01,0,0,0,0,30378600,811D002D,1048575,28734,00,03
D,30379339,846,653,0,3531,280,0,0,0,0,0,01,0,0,0,0,30379401,811D002D,1048575,29526,00,03
D,30380333,994,653,0,3531,273,0,0,0,0,0,01,0,0,0,0,30380398,811D002D,1048575,30522,00,03
D,30381340,1007,653,0,3531,272,0,0,0,0,0,01,0,0,0,0,30381401,811D002D,1048575,31526,00,03
D,30382341,1001,653,0,3531,277,0,0,0,0,0,01,0,0,0,0,30382412,811D002D,1048575,32538,00,03
D,30383341,1000,653,0,3531,276,0,0,0,0,0,01,0,0,0,0,30383401,811D002D,1048575,33524,00,03
D,30384330,989,653,0,3531,269,0,0,0,0,0,01,0,0,0,0,30384397,811D002D,1048575,34524,00,03
D,30385340,1010,653,0,3531,274,0,0,0,0,0,01,0,0,0,0,30385398,811D002D,1048575,35523,00,03
D,30386342,1002,653,0,3531,280,0,0,0,0,0,01,0,0,0,0,30386413,811D002D,1048575,36536,00,03
D,30387355,1013,653,0,3531,286,0,0,0,0,0,01,0,0,0,0,30387445,811D002D,1048575,37589,00,03
D,30388362,1007,653,0,3531,305,0,0,0,0,0,01,0,0,0,0,30388454,811D002D,1048575,38584,00,03
D,30389305,943,653,0,3531,243,0,0,0,0,0,01,0,0,0,0,30389346,811D002D,1048575,39463,00,03
D,30390307,1002,653,0,3531,246,0,0,0,0,0,01,0,0,0,0,30390350,811D002D,1048575,40467,00,03
D,30391304,997,653,0,3531,238,0,0,0,0,0,01,0,0,0,0,30391341,811D002D,1048575,41457,00,03
D,30392302,998,653,0,3531,238,0,0,0,0,0,01,0,0,0,0,30392339,811D002D,1048575,42456,00,03
D,30393300,998,653,0,3531,238,0,0,0,0,0,01,0,0,0,0,30393337,811D002D,1048575,43454,00,03
D,30394312,1012,653,0,3531,245,0,0,0,0,0,01,0,0,0,0,30394355,811D002D,1048575,44471,00,03
D,30395308,996,653,0,3531,238,0,0,0,0,0,01,0,0,0,0,30395345,811D002D,1048575,45462,00,03
D,30396316,1008,653,0,3531,262,0,0,0,0,0,01,0,0,0,0,30396393,811D002D,1048575,46518,00,03
D,30397420,1104,653,0,3531,349,0,0,0,0,0,01,0,0,0,0,30397594,811D002D,1048575,47750,00,03
D,30398473,1053,653,0,3531,418,0,0,0,0,0,01,0,0,0,0,30398599,811D002D,1048575,48734,00,03
D,30399343,870,653,0,3531,287,0,0,0,0,0,01,0,0,0,0,30399403,811D002D,1048575,49525,00,03
D,30400324,981,653,0,3531,266,0,0,0,0,0,01,0,0,0,0,30400389,811D002D,1048575,1,00,03
D,30401342,1018,653,0,3531,280,0,0,0,0,0,01,0,0,0,0,30401426,811D002D,1048575,502,00,03
D,30402331,989,653,0,3531,274,0,0,0,0,0,01,0,0,0,0,30402404,811D002D,1048575,1478,00,03
D,30403338,1007,653,0,3531,278,0,0,0,0,0,01,0,0,0,0,30403400,811D002D,1048575,2474,00,03
D,30404331,993,653,0,3531,270,0,0,0,0,0,01,0,0,0,0,30404399,811D002D,1048575,3476,00,03
D,30405331,1000,653,0,3531,275,0,0,0,0,0,01,0,0,0,0,30405392,811D002D,1048575,4465,00,03
D,30406347,1016,653,0,3531,277,0,0,0,0,0,01,0,0,0,0,30406418,811D002D,1048575,5493,00,03
D,30407359,1012,653,0,3531,287,0,0,0,0,0,01,0,0,0,0,30407458,811D002D,1048575,6554,00,03
D,30408361,1002,653,0,3531,305,0,0,0,0,0,01,0,0,0,0,30408449,811D002D,1048575,7529,00,03
D,30409303,942,653,0,3531,244,0,0,0,0,0,01,0,0,0,0,30409345,811D002D,1048575,8410,00,03
D,30410306,1003,653,0,3531,246,0,0,0,0,0,01,0,0,0,0,30410350,811D002D,1048575,9415,00,03
D,30411303,997,653,0,3531,238,0,0,0,0,0,01,0,0,0,0,30411341,811D002D,1048575,10407,00,03
D,30412302,999,653,0,3531,238,0,0,0,0,0,01,0,0,0,0,30412339,811D002D,1048575,11405,00,03
D,30413300,998,653,0,3531,238,0,0,0,0,0,01,0,0,0,0,30413336,811D002D,1048575,12402,00,03
D,30414313,1013,653,0,3531,246,0,0,0,0,0,01,0,0,0,0,30414357,811D002D,1048575,13423,00,03
D,30415297,984,653,0,3531,239,0,0,0,0,0,01,0,0,0,0,30415334,811D002D,1048575,14399,00,03
D,30416322,1025,653,0,3531,260,0,0,0,0,0,01,0,0,0,0,30416396,811D002D,1048575,15470,00,03
D,30417410,1088,653,0,3531,352,0,0,0,0,0,01,0,0,0,0,30417594,811D002D,1048575,16700,00,03
D,30418493,1083,653,0,3531,420,0,0,0,0,0,01,0,0,0,0,30418603,811D002D,1048575,17686,00,03
D,30419339,846,653,0,3531,284,0,0,0,0,0,01,0,0,0,0,30419401,811D002D,1048575,18474,00,03
D,30420324,985,653,0,3531,265,0,0,0,0,0,01,0,0,0,0,30420390,811D002D,1048575,19462,00,03
D,30421345,1021,653,0,3531,275,0,0,0,0,0,01,0,0,0,0,30421407,811D002D,1048575,20481,00,03
D,30422345,1000,653,0,3531,279,0,0,0,0,0,01,0,0,0,0,30422417,811D002D,1048575,21490,00,03
D,30423343,998,653,0,3531,275,0,0,0,0,0,01,0,0,0,0,30423404,811D002D,1048575,22476,00,03
D,30424331,988,653,0,3531,269,0,0,0,0,0,01,0,0,0,0,30424399,811D002D,1048575,23475,00,03
D,30425344,1013,653,0,3531,275,0,0,0,0,0,01,0,0,0,0,30425406,811D002D,1048575,24478,00,03
D,30426340,996,653,0,3531,277,0,0,0,0,0,01,0,0,0,0,30426412,811D002D,1048575,25484,00,03
D,30427352,1012,653,0,3531,287,0,0,0,0,0,01,0,0,0,0,30427448,811D002D,1048575,26542,00,03
D,30428372,1020,653,0,3531,302,0,0,0,0,0,01,0,0,0,0,30428464,811D002D,1048575,27542,00,03
D,30429313,941,653,0,3531,243,0,0,0,0,0,01,0,0,0,0,30429352,811D002D,1048575,28417,00,03
D,30430311,998,653,0,3531,249,0,0,0,0,0,01,0,0,0,0,30430355,811D002D,1048575,29421,00,03
D,30431308,997,653,0,3531,238,0,0,0,0,0,01,0,0,0,0,30431345,811D002D,1048575,30410,00,03
D,30432307,999,653,0,3531,238,0,0,0,0,0,01,0,0,0,0,30432344,811D002D,1048575,31410,00,03
D,30433307,1000,653,0,3531,238,0,0,0,0,0,01,0,0,0,0,30433345,811D002D,1048575,32410,00,03
D,30434301,994,653,0,3531,245,0,0,0,0,0,01,0,0,0,0,30434345,811D002D,1048575,33411,00,03
D,30435298,997,653,0,3531,238,0,0,0,0,0,01,0,0,0,0,30435336,811D002D,1048575,34402,00,03
D,30436323,1025,653,0,3531,263,0,0,0,0,0,01,0,0,0,0,30436403,811D002D,1048575,35478,00,03
D,30437412,1089,653,0,3531,355,0,0,0,0,0,01,0,0,0,0,30437590,811D002D,1048575,36695,00,03
D,30438483,1071,653,0,3531,423,0,0,0,0,0,01,0,0,0,0,30438604,811D002D,1048575,37688,00,03
D,30439347,864,653,0,3531,284,0,0,0,0,0,01,0,0,0,0,30439403,811D002D,1048575,38474,00,03
D,30440321,974,653,0,3531,265,0,0,0,0,0,01,0,0,0,0,30440385,811D002D,1048575,39461,00,03
D,30441345,1024,653,0,3531,274,0,0,0,0,0,01,0,0,0,0,30441400,811D002D,1048575,40471,00,03
D,30442326,981,653,0,3531,270,0,0,0,0,0,01,0,0,0,0,30442400,811D002D,1048575,41476,00,03
D,30443347,1021,653,0,3531,277,0,0,0,0,0,01,0,0,0,0,30443403,811D002D,1048575,42474,00,03
D,30444323,976,653,0,3531,263,0,0,0,0,0,01,0,0,0,0,30444388,811D002D,1048575,43464,00,03
D,30445344,1021,653,0,3531,274,0,0,0,0,0,01,0,0,0,0,30445399,811D002D,1048575,44470,00,03
D,30446330,986,653,0,3531,272,0,0,0,0,0,01,0,0,0,0,30446400,811D002D,1048575,45476,00,03
D,30447343,1013,653,0,3531,289,0,0,0,0,0,01,0,0,0,0,30447419,811D002D,1048575,46498,00,03
D,30448368,1025,653,0,3531,302,0,0,0,0,0,01,0,0,0,0,30448457,811D002D,1048575,47538,00,03
D,30449315,947,653,0,3531,245,0,0,0,0,0,01,0,0,0,0,30449355,811D002D,1048575,48421,00,03
D,30450304,989,653,0,3531,245,0,0,0,0,0,01,0,0,0,0,30450346,811D002D,1048575,49411,00,03
D,30451300,996,653,0,3531,238,0,0,0,0,0,01,0,0,0,0,30451336,811D002D,1048575,1,00,03
D,30452307,1007,653,0,3531,251,0,0,0,0,0,01,0,0,0,0,30452370,811D002D,1048575,504,00,03
D,30453299,992,653,0,3531,240,0,0,0,0,0,01,0,0,0,0,30453334,811D002D,1048575,1468,00,03
D,30454312,1013,653,0,3531,244,0,0,0,0,0,01,0,0,0,0,30454354,811D002D,1048575,2487,00,03
D,30455308,996,653,0,3531,238,0,0,0,0,0,01,0,0,0,0,30455343,811D002D,1048575,3476,00,03
D,30456337,1029,653,0,3531,267,0,0,0,0,0,01,0,0,0,0,30456424,811D002D,1048575,4586,00,03
D,30457409,1072,653,0,3531,354,0,0,0,0,0,01,0,0,0,0,30457588,811D002D,1048575,5768,00,03
D,30458488,1079,653,0,3531,416,0,0,0,0,0,01,0,0,0,0,30458611,811D002D,1048575,6763,00,03
D,30459356,868,653,0,3531,285,0,0,0,0,0,01,0,0,0,0,30459416,811D002D,1048575,7555,00,03
D,30460330,974,653,0,3531,271,0,0,0,0,0,01,0,0,0,0,30460392,811D002D,1048575,8534,00,03
D,30461338,1008,653,0,3531,275,0,0,0,0,0,01,0,0,0,0,30461399,811D002D,1048575,9539,00,03
D,30462343,1005,653,0,3531,279,0,0,0,0,0,01,0,0,0,0,30462413,811D002D,1048575,10555,00,03
D,30463345,1002,653,0,3531,277,0,0,0,0,0,01,0,0,0,0,30463405,811D002D,1048575,11544,00,03
D,30464331,986,653,0,3531,270,0,0,0,0,0,01,0,0,0,0,30464399,811D002D,1048575,12543,00,03
D,30465347,1016,653,0,3531,276,0,0,0,0,0,01,0,0,0,0,30465407,811D002D,1048575,13546,00,03
D,30466347,1000,653,0,3531,278,0,0,0,0,0,01,0,0,0,0,30466415,811D002D,1048575,14556,00,03
D,30467358,1011,653,0,3531,290,0,0,0,0,0,01,0,0,0,0,30467442,811D002D,1048575,15596,00,03
D,30468376,1018,653,0,3531,309,0,0,0,0,0,01,0,0,0,0,30468471,811D002D,1048575,16619,00,03
D,30469311,935,653,0,3531,243,0,0,0,0,0,01,0,0,0,0,30469351,811D002D,1048575,17483,00,03
D,30470311,1000,653,0,3531,246,0,0,0,0,0,01,0,0,0,0,30470353,811D002D,1048575,18486,00,03
D,30471308,997,653,0,3531,238,0,0,0,0,0,01,0,0,0,0,30471344,811D002D,1048575,19476,00,03
D,30472308,1000,653,0,3531,238,0,0,0,0,0,01,0,0,0,0,30472344,811D002D,1048575,20477,00,03
D,30473308,1000,653,0,3531,238,0,0,0,0,0,01,0,0,0,0,30473344,811D002D,1048575,21477,00,03
D,30474301,993,653,0,3531,245,0,0,0,0,0,01,0,0,0,0,30474343,811D002D,1048575,22475,00,03
D,30475298,997,653,0,3531,238,0,0,0,0,0,01,0,0,0,0,30475334,811D002D,1048575,23467,00,03
D,30476324,1026,653,0,3531,264,0,0,0,0,0,01,0,0,0,0,30476402,811D002D,1048575,24543,00,03
D,30477405,1081,653,0,3531,349,0,0,0,0,0,01,0,0,0,0,30477578,811D002D,1048575,25752,00,03
D,30478489,1084,653,0,3531,419,0,0,0,0,0,01,0,0,0,0,30478600,811D002D,1048575,26751,00,03
D,30479338,849,653,0,3531,282,0,0,0,0,0,01,0,0,0,0,30479401,811D002D,1048575,27541,00,03
D,30480331,993,653,0,3531,271,0,0,0,0,0,01,0,0,0,0,30480398,811D002D,1048575,28540,00,03
D,30481338,1007,653,0,3531,274,0,0,0,0,0,01,0,0,0,0,30481400,811D002D,1048575,29540,00,03
D,30482340,1002,653,0,3531,277,0,0,0,0,0,01,0,0,0,0,30482414,811D002D,1048575,30557,00,03
D,30483346,1006,653,0,3531,278,0,0,0,0,0,01,0,0,0,0,30483410,811D002D,1048575,31549,00,03
D,30484328,982,653,0,3531,272,0,0,0,0,0,01,0,0,0,0,30484395,811D002D,1048575,32537,00,03
D,30485336,1008,653,0,3531,275,0,0,0,0,0,01,0,0,0,0,30485398,811D002D,1048575,33538,00,03
D,30486341,1005,653,0,3531,280,0,0,0,0,0,01,0,0,0,0,30486415,811D002D,1048575,34557,00,03
D,30487356,1015,653,0,3531,285,0,0,0,0,0,01,0,0,0,0,30487460,811D002D,1048575,35620,00,03
D,30488359,1003,653,0,3531,300,0,0,0,0,0,01,0,0,0,0,30488449,811D002D,1048575,36595,00,03
D,30489301,942,653,0,3531,243,0,0,0,0,0,01,0,0,0,0,30489340,811D002D,1048575,37472,00,03
D,30490317,1016,653,0,3531,249,0,0,0,0,0,01,0,0,0,0,30490361,811D002D,1048575,38493,00,03
D,30491298,981,653,0,3531,238,0,0,0,0,0,01,0,0,0,0,30491335,811D002D,1048575,39468,00,03
D,30492298,1000,653,0,3531,238,0,0,0,0,0,01,0,0,0,0,30492335,811D002D,1048575,40467,00,03
D,30493299,1001,653,0,3531,239,0,0,0,0,0,01,0,0,0,0,30493335,811D002D,1048575,41467,00,03
D,30494312,1013,653,0,3531,245,0,0,0,0,0,01,0,0,0,0,30494356,811D002D,1048575,42489,00,03
D,30495292,980,653,0,3531,238,0,0,0,0,0,01,0,0,0,0,30495328,811D002D,1048575,43461,00,03
D,30496337,1045,653,0,3531,265,0,0,0,0,0,01,0,0,0,0,30496421,811D002D,1048575,44580,00,03
D,30497408,1071,653,0,3531,348,0,0,0,0,0,01,0,0,0,0,30497581,811D002D,1048575,45761,00,03
D,30498475,1067,653,0,3531,417,0,0,0,0,0,01,0,0,0,0,30498606,811D002D,1048575,46759,00,03
D,30499351,876,653,0,3531,285,0,0,0,0,0,01,0,0,0,0,30499409,811D002D,1048575,47548,00,03
D,30500339,988,653,0,3531,270,0,0,0,0,0,01,0,0,0,0,30500402,811D002D,1048575,48544,00,03
D,30501344,1005,653,0,3531,275,0,0,0,0,0,01,0,0,0,0,30501404,811D002D,1048575,49543,00,03
D,30502337,993,653,0,3531,274,0,0,0,0,0,01,0,0,0,0,30502407,811D002D,1048575,1,00,03
D,30503330,993,653,0,3531,264,0,0,0,0,0,01,0,0,0,0,30503407,811D002D,1048575,459,00,03
D,30504335,1005,653,0,3531,274,0,0,0,0,0,01,0,0,0,0,30504402,811D002D,1048575,1462,00,03
D,30505340,1005,653,0,3531,279,0,0,0,0,0,01,0,0,0,0,30505404,811D002D,1048575,2458,00,03
D,30506336,996,653,0,3531,279,0,0,0,0,0,01,0,0,0,0,30506407,811D002D,1048575,3463,00,03
D,30507349,1013,653,0,3531,291,0,0,0,0,0,01,0,0,0,0,30507433,811D002D,1048575,4499,00,03
D,30508367,1018,653,0,3531,306,0,0,0,0,0,01,0,0,0,0,30508457,811D002D,1048575,5519,00,03
D,30509315,948,653,0,3531,245,0,0,0,0,0,01,0,0,0,0,30509354,811D002D,1048575,6401,00,03
D,30510317,1002,653,0,3531,249,0,0,0,0,0,01,0,0,0,0,30510360,811D002D,1048575,7408,00,03
D,30511297,980,653,0,3531,238,0,0,0,0,0,01,0,0,0,0,30511333,811D002D,1048575,8380,00,03
D,30512297,1000,653,0,3531,238,0,0,0,0,0,01,0,0,0,0,30512333,811D002D,1048575,9381,00,03
D,30513297,1000,653,0,3531,238,0,0,0,0,0,01,0,0,0,0,30513333,811D002D,1048575,10381,00,03
D,30514311,1014,653,0,3531,245,0,0,0,0,0,01,0,0,0,0,30514354,811D002D,1048575,11401,00,03
D,30515308,997,653,0,3531,238,0,0,0,0,0,01,0,0,0,0,30515344,811D002D,1048575,12392,00,03
D,30516318,1010,653,0,3531,258,0,0,0,0,0,01,0,0,0,0,30516396,811D002D,1048575,13452,00,03
D,30517409,1091,653,0,3531,353,0,0,0,0,0,01,0,0,0,0,30517595,811D002D,1048575,14691,00,03
D,30518487,1078,653,0,3531,413,0,0,0,0,0,01,0,0,0,0,30518593,811D002D,1048575,15659,00,03
D,30519349,862,653,0,3531,279,0,0,0,0,0,01,0,0,0,0,30519416,811D002D,1048575,16471,00,03
D,30520326,977,653,0,3531,270,0,0,0,0,0,01,0,0,0,0,30520390,811D002D,1048575,17447,00,03
D,30521333,1007,653,0,3531,273,0,0,0,0,0,01,0,0,0,0,30521397,811D002D,1048575,18454,00,03
D,30522338,1005,653,0,3531,276,0,0,0,0,0,01,0,0,0,0,30522410,811D002D,1048575,19466,00,03
D,30523337,999,653,0,3531,274,0,0,0,0,0,01,0,0,0,0,30523398,811D002D,1048575,20453,00,03
D,30524339,1002,653,0,3531,268,0,0,0,0,0,01,0,0,0,0,30524407,811D002D,1048575,21466,00,03
D,30525335,996,653,0,3531,274,0,0,0,0,0,01,0,0,0,0,30525396,811D002D,1048575,22449,00,03
D,30526330,995,653,0,3531,275,0,0,0,0,0,01,0,0,0,0,30526402,811D002D,1048575,23459,00,03
D,30527342,1012,653,0,3531,287,0,0,0,0,0,01,0,0,0,0,30527430,811D002D,1048575,24502,00,03
D,30528370,1028,653,0,3531,302,0,0,0,0,0,01,0,0,0,0,30528460,811D002D,1048575,25521,00,03
D,30529309,939,653,0,3531,241,0,0,0,0,0,01,0,0,0,0,30529352,811D002D,1048575,26399,00,03
D,30530311,1002,653,0,3531,245,0,0,0,0,0,01,0,0,0,0,30530354,811D002D,1048575,27402,00,03
D,30531305,994,653,0,3531,237,0,0,0,0,0,01,0,0,0,0,30531344,811D002D,1048575,28392,00,03
D,30532305,1000,653,0,3531,236,0,0,0,0,0,01,0,0,0,0,30532343,811D002D,1048575,29391,00,03
D,30533304,999,653,0,3531,236,0,0,0,0,0,01,0,0,0,0,30533342,811D002D,1048575,30389,00,03
D,30534314,1010,653,0,3531,244,0,0,0,0,0,01,0,0,0,0,30534358,811D002D,1048575,31406,00,03
D,30535295,981,653,0,3531,237,0,0,0,0,0,01,0,0,0,0,30535333,811D002D,1048575,32380,00,03
D,30536322,1027,653,0,3531,262,0,0,0,0,0,01,0,0,0,0,30536400,811D002D,1048575,33457,00,03
D,30537404,1082,653,0,3531,349,0,0,0,0,0,01,0,0,0,0,30537582,811D002D,1048575,34669,00,03
D,30538477,1073,653,0,3531,418,0,0,0,0,0,01,0,0,0,0,30538595,811D002D,1048575,35662,00,03
D,30539341,864,653,0,3531,285,0,0,0,0,0,01,0,0,0,0,30539400,811D002D,1048575,36454,00,03
D,30540325,984,653,0,3531,269,0,0,0,0,0,01,0,0,0,0,30540390,811D002D,1048575,37448,00,03
D,30541330,1005,653,0,3531,273,0,0,0,0,0,01,0,0,0,0,30541389,811D002D,1048575,38441,00,03
D,30542340,1010,653,0,3531,274,0,0,0,0,0,01,0,0,0,0,30542412,811D002D,1048575,39471,00,03
D,30543344,1004,653,0,3531,276,0,0,0,0,0,01,0,0,0,0,30543401,811D002D,1048575,40453,00,03
D,30544326,982,653,0,3531,266,0,0,0,0,0,01,0,0,0,0,30544391,811D002D,1048575,41449,00,03
D,30545330,1004,653,0,3531,273,0,0,0,0,0,01,0,0,0,0,30545389,811D002D,1048575,42443,00,03
D,30546341,1011,653,0,3531,273,0,0,0,0,0,01,0,0,0,0,30546413,811D002D,1048575,43470,00,03
D,30547357,1016,653,0,3531,287,0,0,0,0,0,01,0,0,0,0,30547447,811D002D,1048575,44519,00,03
D,30548361,1004,653,0,3531,301,0,0,0,0,0,01,0,0,0,0,30548454,811D002D,1048575,45513,00,03
D,30549303,942,653,0,3531,241,0,0,0,0,0,01,0,0,0,0,30549343,811D002D,1048575,46390,00,03
D,30550304,1001,653,0,3531,248,0,0,0,0,0,01,0,0,0,0,30550348,811D002D,1048575,47396,00,03
D,30551302,998,653,0,3531,237,0,0,0,0,0,01,0,0,0,0,30551340,811D002D,1048575,48387,00,03
D,30552300,998,653,0,3531,237,0,0,0,0,0,01,0,0,0,0,30552338,811D002D,1048575,49386,00,03
D,30553299,999,653,0,3531,237,0,0,0,0,0,01,0,0,0,0,30553337,811D002D,1048575,1,00,03
D,30554321,1022,653,0,3531,256,0,0,0,0,0,01,0,0,0,0,30554391,811D002D,1048575,524,00,03
D,30555302,981,653,0,3531,236,0,0,0,0,0,01,0,0,0,0,30555339,811D002D,1048575,1472,00,03
D,30556333,1031,653,0,3531,269,0,0,0,0,0,01,0,0,0,0,30556420,811D002D,1048575,2573,00,03
D,30557406,1073,653,0,3531,347,0,0,0,0,0,01,0,0,0,0,30557579,811D002D,1048575,3749,00,03
D,30558475,1069,653,0,3531,409,0,0,0,0,0,01,0,0,0,0,30558602,811D002D,1048575,4753,00,03
D,30559350,875,653,0,3531,286,0,0,0,0,0,01,0,0,0,0,30559409,811D002D,1048575,5545,00,03
D,30560324,974,653,0,3531,267,0,0,0,0,0,01,0,0,0,0,30560388,811D002D,1048575,6528,00,03
D,30561343,1019,653,0,3531,273,0,0,0,0,0,01,0,0,0,0,30561401,811D002D,1048575,7540,00,03
D,30562333,990,653,0,3531,272,0,0,0,0,0,01,0,0,0,0,30562402,811D002D,1048575,8541,00,03
D,30563348,1015,653,0,3531,276,0,0,0,0,0,01,0,0,0,0,30563404,811D002D,1048575,9540,00,03
D,30564320,972,653,0,3531,264,0,0,0,0,0,01,0,0,0,0,30564385,811D002D,1048575,10527,00,03
D,30565345,1025,653,0,3531,275,0,0,0,0,0,01,0,0,0,0,30565401,811D002D,1048575,11536,00,03
D,30566335,990,653,0,3531,275,0,0,0,0,0,01,0,0,0,0,30566405,811D002D,1048575,12545,00,03
D,30567345,1010,653,0,3531,289,0,0,0,0,0,01,0,0,0,0,30567414,811D002D,1048575,13563,00,03
D,30568374,1029,653,0,3531,306,0,0,0,0,0,01,0,0,0,0,30568466,811D002D,1048575,14613,00,03
D,30569308,934,653,0,3531,243,0,0,0,0,0,01,0,0,0,0,30569346,811D002D,1048575,15476,00,03
D,30570310,1002,653,0,3531,249,0,0,0,0,0,01,0,0,0,0,30570351,811D002D,1048575,16482,00,03
D,30571307,997,653,0,3531,238,0,0,0,0,0,01,0,0,0,0,30571343,811D002D,1048575,17474,00,03
D,30572307,1000,653,0,3531,238,0,0,0,0,0,01,0,0,0,0,30572343,811D002D,1048575,18473,00,03
D,30573304,997,653,0,3531,238,0,0,0,0,0,01,0,0,0,0,30573340,811D002D,1048575,19470,00,03
D,30574315,1011,653,0,3531,245,0,0,0,0,0,01,0,0,0,0,30574357,811D002D,1048575,20488,00,03
D,30575296,981,653,0,3531,238,0,0,0,0,0,01,0,0,0,0,30575332,811D002D,1048575,21462,00,03
D,30576324,1028,653,0,3531,262,0,0,0,0,0,01,0,0,0,0,30576402,811D002D,1048575,22543,00,03
D,30577414,1090,653,0,3531,355,0,0,0,0,0,01,0,0,0,0,30577602,811D002D,1048575,23776,00,03
D,30578488,1074,653,0,3531,415,0,0,0,0,0,01,0,0,0,0,30578603,811D002D,1048575,24754,00,03
D,30579346,858,653,0,3531,281,0,0,0,0,0,01,0,0,0,0,30579406,811D002D,1048575,25546,00,03
D,30580331,985,653,0,3531,270,0,0,0,0,0,01,0,0,0,0,30580394,811D002D,1048575,26533,00,03
D,30581332,1001,653,0,3531,272,0,0,0,0,0,01,0,0,0,0,30581391,811D002D,1048575,27530,00,03
D,30582344,1012,653,0,3531,275,0,0,0,0,0,01,0,0,0,0,30582413,811D002D,1048575,28553,00,03
D,30583343,999,653,0,3531,278,0,0,0,0,0,01,0,0,0,0,30583401,811D002D,1048575,29538,00,03
D,30584323,980,653,0,3531,266,0,0,0,0,0,01,0,0,0,0,30584389,811D002D,1048575,30530,00,03
D,30585331,1008,653,0,3531,274,0,0,0,0,0,01,0,0,0,0,30585389,811D002D,1048575,31527,00,03
D,30586340,1009,653,0,3531,277,0,0,0,0,0,01,0,0,0,0,30586410,811D002D,1048575,32548,00,03
D,30587346,1006,653,0,3531,285,0,0,0,0,0,01,0,0,0,0,30587436,811D002D,1048575,33593,00,03
D,30588363,1017,653,0,3531,302,0,0,0,0,0,01,0,0,0,0,30588456,811D002D,1048575,34601,00,03
D,30589312,949,653,0,3531,243,0,0,0,0,0,01,0,0,0,0,30589349,811D002D,1048575,35479,00,03
D,30590310,998,653,0,3531,249,0,0,0,0,0,01,0,0,0,0,30590353,811D002D,1048575,36484,00,03
D,30591308,998,653,0,3531,238,0,0,0,0,0,01,0,0,0,0,30591344,811D002D,1048575,37474,00,03
D,30592308,1000,653,0,3531,238,0,0,0,0,0,01,0,0,0,0,30592344,811D002D,1048575,38475,00,03
D,30593308,1000,653,0,3531,238,0,0,0,0,0,01,0,0,0,0,30593344,811D002D,1048575,39475,00,03
D,30594301,993,653,0,3531,245,0,0,0,0,0,01,0,0,0,0,30594344,811D002D,1048575,40474,00,03
D,30595298,997,653,0,3531,238,0,0,0,0,0,01,0,0,0,0,30595334,811D002D,1048575,41465,00,03
D,30596326,1028,653,0,3531,266,0,0,0,0,0,01,0,0,0,0,30596407,811D002D,1048575,42546,00,03
D,30597410,1084,653,0,3531,348,0,0,0,0,0,01,0,0,0,0,30597591,811D002D,1048575,43758,00,03
D,30598487,1077,653,0,3531,426,0,0,0,0,0,01,0,0,0,0,30598617,811D002D,1048575,44769,00,03
D,30599345,858,653,0,3531,287,0,0,0,0,0,01,0,0,0,0,30599405,811D002D,1048575,45541,00,03
D,30600327,982,653,0,3531,266,0,0,0,0,0,01,0,0,0,0,30600392,811D002D,1048575,46534,00,03
D,30601338,1011,653,0,3531,277,0,0,0,0,0,01,0,0,0,0,30601396,811D002D,1048575,47533,00,03
D,30602327,989,653,0,3531,273,0,0,0,0,0,01,0,0,0,0,30602400,811D002D,1048575,48541,00,03
D,30603348,1021,653,0,3531,278,0,0,0,0,0,01,0,0,0,0,30603406,811D002D,1048575,49544,00,03
D,30604328,980,653,0,3531,266,0,0,0,0,0,01,0,0,0,0,30604394,811D002D,1048575,1,00,03
D,30605345,1017,653,0,3531,275,0,0,0,0,0,01,0,0,0,0,30605425,811D002D,1048575,488,00,03
D,30606345,1000,653,0,3531,275,0,0,0,0,0,01,0,0,0,0,30606420,811D002D,1048575,1491,00,03
D,30607355,1010,653,0,3531,293,0,0,0,0,0,01,0,0,0,0,30607441,811D002D,1048575,2518,00,03
D,30608370,1015,653,0,3531,306,0,0,0,0,0,01,0,0,0,0,30608460,811D002D,1048575,3535,00,03
D,30609307,937,653,0,3531,246,0,0,0,0,0,01,0,0,0,0,30609348,811D002D,1048575,4406,00,03
D,30610306,999,653,0,3531,246,0,0,0,0,0,01,0,0,0,0,30610349,811D002D,1048575,5407,00,03
D,30611302,996,653,0,3531,238,0,0,0,0,0,01,0,0,0,0,30611338,811D002D,1048575,6397,00,03
D,30612301,999,653,0,3531,238,0,0,0,0,0,01,0,0,0,0,30612337,811D002D,1048575,7395,00,03
D,30613298,997,653,0,3531,237,0,0,0,0,0,01,0,0,0,0,30613334,811D002D,1048575,8392,00,03
D,30614311,1013,653,0,3531,245,0,0,0,0,0,01,0,0,0,0,30614354,811D002D,1048575,9413,00,03
D,30615306,995,653,0,3531,237,0,0,0,0,0,01,0,0,0,0,30615342,811D002D,1048575,10400,00,03
D,30616332,1026,653,0,3531,261,0,0,0,0,0,01,0,0,0,0,30616411,811D002D,1048575,11486,00,03
D,30617420,1088,653,0,3531,354,0,0,0,0,0,01,0,0,0,0,30617601,811D002D,1048575,12706,00,03
D,30618478,1058,653,0,3531,418,0,0,0,0,0,01,0,0,0,0,30618606,811D002D,1048575,13683,00,03
D,30619346,868,653,0,3531,283,0,0,0,0,0,01,0,0,0,0,30619408,811D002D,1048575,14473,00,03
D,30620325,979,653,0,3531,266,0,0,0,0,0,01,0,0,0,0,30620388,811D002D,1048575,15456,00,03
D,30621344,1019,653,0,3531,272,0,0,0,0,0,01,0,0,0,0,30621402,811D002D,1048575,16468,00,03
D,30622332,988,653,0,3531,270,0,0,0,0,0,01,0,0,0,0,30622402,811D002D,1048575,17470,00,03
D,30623329,997,653,0,3531,274,0,0,0,0,0,01,0,0,0,0,30623384,811D002D,1048575,18447,00,03
D,30624334,1005,653,0,3531,263,0,0,0,0,0,01,0,0,0,0,30624398,811D002D,1048575,19468,00,03
D,30625343,1009,653,0,3531,273,0,0,0,0,0,01,0,0,0,0,30625399,811D002D,1048575,20463,00,03
D,30626325,982,653,0,3531,269,0,0,0,0,0,01,0,0,0,0,30626397,811D002D,1048575,21464,00,03
D,30627355,1030,653,0,3531,287,0,0,0,0,0,01,0,0,0,0,30627440,811D002D,1048575,22518,00,03
D,30628377,1022,653,0,3531,307,0,0,0,0,0,01,0,0,0,0,30628471,811D002D,1048575,23545,00,03
D,30629309,932,653,0,3531,241,0,0,0,0,0,01,0,0,0,0,30629347,811D002D,1048575,24406,00,03
D,30630310,1001,653,0,3531,248,0,0,0,0,0,01,0,0,0,0,30630353,811D002D,1048575,25412,00,03
D,30631307,997,653,0,3531,237,0,0,0,0,0,01,0,0,0,0,30631343,811D002D,1048575,26401,00,03
D,30632306,999,653,0,3531,237,0,0,0,0,0,01,0,0,0,0,30632343,811D002D,1048575,27402,00,03
D,30633307,1001,653,0,3531,237,0,0,0,0,0,01,0,0,0,0,30633344,811D002D,1048575,28402,00,03
D,30634301,994,653,0,3531,243,0,0,0,0,0,01,0,0,0,0,30634344,811D002D,1048575,29402,00,03
D,30635297,996,653,0,3531,237,0,0,0,0,0,01,0,0,0,0,30635334,811D002D,1048575,30393,00,03
D,30636324,1027,653,0,3531,261,0,0,0,0,0,01,0,0,0,0,30636403,811D002D,1048575,31470,00,03
D,30637415,1091,653,0,3531,360,0,0,0,0,0,01,0,0,0,0,30637597,811D002D,1048575,32698,00,03
D,30638473,1058,653,0,3531,416,0,0,0,0,0,01,0,0,0,0,30638602,811D002D,1048575,33681,00,03
D,30639345,872,653,0,3531,288,0,0,0,0,0,01,0,0,0,0,30639402,811D002D,1048575,34465,00,03
D,30640318,973,653,0,3531,263,0,0,0,0,0,01,0,0,0,0,30640384,811D002D,1048575,35454,00,03
D,30641345,1027,653,0,3531,276,0,0,0,0,0,01,0,0,0,0,30641399,811D002D,1048575,36463,00,03
D,30642328,983,653,0,3531,271,0,0,0,0,0,01,0,0,0,0,30642399,811D002D,1048575,37468,00,03
D,30643333,1005,653,0,3531,277,0,0,0,0,0,01,0,0,0,0,30643388,811D002D,1048575,38452,00,03
D,30644321,988,653,0,3531,263,0,0,0,0,0,01,0,0,0,0,30644390,811D002D,1048575,39460,00,03
D,30645341,1020,653,0,3531,276,0,0,0,0,0,01,0,0,0,0,30645395,811D002D,1048575,40458,00,03
D,30646338,997,652,-1,3532,269,0,8,0,0,0,01,0,0,0,0,30646413,811D002D,1048575,41483,00,03
D,30647360,1022,653,1,3531,291,0,0,0,0,0,01,0,0,0,0,30647445,811D002D,1048575,42523,00,03
D,30648359,999,653,0,3531,303,0,0,0,0,0,01,0,0,0,0,30648450,811D002D,1048575,43525,00,03
D,30649308,949,653,0,3531,242,0,0,0,0,0,01,0,0,0,0,30649349,811D002D,1048575,44408,00,03
D,30650310,1002,653,0,3531,245,0,0,0,0,0,01,0,0,0,0,30650353,811D002D,1048575,45411,00,03
D,30651307,997,653,0,3531,237,0,0,0,0,0,01,0,0,0,0,30651344,811D002D,1048575,46403,00,03
D,30652307,1000,653,0,3531,237,0,0,0,0,0,01,0,0,0,0,30652344,811D002D,1048575,47402,00,03
D,30653306,999,653,0,3531,237,0,0,0,0,0,01,0,0,0,0,30653342,811D002D,1048575,48400,00,03
D,30654314,1008,653,0,3531,244,0,0,0,0,0,01,0,0,0,0,30654357,811D002D,1048575,49416,00,03
D,30655297,983,653,0,3531,237,0,0,0,0,0,01,0,0,0,0,30655334,811D002D,1048575,1,00,03
D,30656340,1043,653,0,3531,278,0,0,0,0,0,01,0,0,0,0,30656435,811D002D,1048575,583,00,03
D,30657415,1075,653,0,3531,342,0,0,0,0,0,01,0,0,0,0,30657590,811D002D,1048575,1772,00,03
D,30658479,1064,653,0,3531,408,0,0,0,0,0,01,0,0,0,0,30658607,811D002D,1048575,2761,00,03
D,30659349,870,653,0,3531,287,0,0,0,0,0,01,0,0,0,0,30659414,811D002D,1048575,3556,00,03
D,30660327,978,653,0,3531,268,0,0,0,0,0,01,0,0,0,0,30660391,811D002D,1048575,4537,00,03
D,30661335,1008,653,0,3531,276,0,0,0,0,0,01,0,0,0,0,30661394,811D002D,1048575,5533,00,03
D,30662327,992,653,0,3531,271,0,0,0,0,0,01,0,0,0,0,30662400,811D002D,1048575,6546,00,03
D,30663335,1008,653,0,3531,277,0,0,0,0,0,01,0,0,0,0,30663394,811D002D,1048575,7533,00,03
D,30664340,1005,653,0,3531,270,0,0,0,0,0,01,0,0,0,0,30664407,811D002D,1048575,8553,00,03
D,30665336,996,653,0,3531,277,0,0,0,0,0,01,0,0,0,0,30665397,811D002D,1048575,9537,00,03
D,30666335,999,653,0,3531,274,0,0,0,0,0,01,0,0,0,0,30666407,811D002D,1048575,10552,00,03
D,30667354,1019,653,0,3531,290,0,0,0,0,0,01,0,0,0,0,30667416,811D002D,1048575,11563,00,03
D,30668369,1015,653,0,3531,303,0,0,0,0,0,01,0,0,0,0,30668464,811D002D,1048575,12614,00,03
D,30669315,946,653,0,3531,248,0,0,0,0,0,01,0,0,0,0,30669355,811D002D,1048575,13488,00,03
D,30670303,988,653,0,3531,246,0,0,0,0,0,01,0,0,0,0,30670345,811D002D,1048575,14479,00,03
D,30671300,997,653,0,3531,238,0,0,0,0,0,01,0,0,0,0,30671335,811D002D,1048575,15468,00,03
D,30672298,998,653,0,3531,238,0,0,0,0,0,01,0,0,0,0,30672334,811D002D,1048575,16468,00,03
D,30673298,1000,653,0,3531,238,0,0,0,0,0,01,0,0,0,0,30673334,811D002D,1048575,17468,00,03
D,30674312,1014,653,0,3531,245,0,0,0,0,0,01,0,0,0,0,30674354,811D002D,1048575,18487,00,03
D,30675292,980,653,0,3531,238,0,0,0,0,0,01,0,0,0,0,30675328,811D002D,1048575,19461,00,03
D,30676316,1024,653,0,3531,263,0,0,0,0,0,01,0,0,0,0,30676397,811D002D,1048575,20540,00,03
D,30677410,1094,653,0,3531,351,0,0,0,0,0,01,0,0,0,0,30677588,811D002D,1048575,21769,00,03
D,30678482,1072,653,0,3531,419,0,0,0,0,0,01,0,0,0,0,30678601,811D002D,1048575,22755,00,03
D,30679345,863,653,0,3531,285,0,0,0,0,0,01,0,0,0,0,30679409,811D002D,1048575,23551,00,03
D,30680328,983,653,0,3531,262,0,0,0,0,0,01,0,0,0,0,30680391,811D002D,1048575,24534,00,03
D,30681330,1002,653,0,3531,275,0,0,0,0,0,01,0,0,0,0,30681389,811D002D,1048575,25532,00,03
D,30682339,1009,653,0,3531,272,0,0,0,0,0,01,0,0,0,0,30682409,811D002D,1048575,26552,00,03
D,30683339,1000,653,0,3531,276,0,0,0,0,0,01,0,0,0,0,30683397,811D002D,1048575,27538,00,03
D,30684336,997,653,0,3531,266,0,0,0,0,0,01,0,0,0,0,30684403,811D002D,1048575,28548,00,03
D,30685345,1009,653,0,3531,275,0,0,0,0,0,01,0,0,0,0,30685404,811D002D,1048575,29544,00,03
D,30686334,989,653,0,3531,272,0,0,0,0,0,01,0,0,0,0,30686405,811D002D,1048575,30548,00,03
D,30687345,1011,653,0,3531,288,0,0,0,0,0,01,0,0,0,0,30687434,811D002D,1048575,31595,00,03
D,30688371,1026,653,0,3531,304,0,0,0,0,0,01,0,0,0,0,30688460,811D002D,1048575,32609,00,03
D,30689312,941,653,0,3531,242,0,0,0,0,0,01,0,0,0,0,30689350,811D002D,1048575,33484,00,03
D,30690311,999,653,0,3531,250,0,0,0,0,0,01,0,0,0,0,30690354,811D002D,1048575,34489,00,03
D,30691307,996,653,0,3531,238,0,0,0,0,0,01,0,0,0,0,30691343,811D002D,1048575,35478,00,03
D,30692307,1000,653,0,3531,239,0,0,0,0,0,01,0,0,0,0,30692342,811D002D,1048575,36477,00,03
D,30693305,998,653,0,3531,239,0,0,0,0,0,01,0,0,0,0,30693340,811D002D,1048575,37474,00,03
D,30694315,1010,653,0,3531,245,0,0,0,0,0,01,0,0,0,0,30694358,811D002D,1048575,38493,00,03
D,30695296,981,653,0,3531,238,0,0,0,0,0,01,0,0,0,0,30695332,811D002D,1048575,39466,00,03
D,30696322,1026,653,0,3531,265,0,0,0,0,0,01,0,0,0,0,30696402,811D002D,1048575,40547,00,03
D,30697406,1084,653,0,3531,350,0,0,0,0,0,01,0,0,0,0,30697577,811D002D,1048575,41756,00,03
D,30698489,1083,653,0,3531,416,0,0,0,0,0,01,0,0,0,0,30698602,811D002D,1048575,42757,00,03
D,30699343,854,653,0,3531,285,0,0,0,0,0,01,0,0,0,0,30699405,811D002D,1048575,43547,00,03
D,30700331,988,653,0,3531,268,0,0,0,0,0,01,0,0,0,0,30700398,811D002D,1048575,44541,00,03
D,30701339,1008,653,0,3531,274,0,0,0,0,0,01,0,0,0,0,30701400,811D002D,1048575,45539,00,03
D,30702338,999,653,0,3531,276,0,0,0,0,0,01,0,0,0,0,30702411,811D002D,1048575,46557,00,03
D,30703344,1006,653,0,3531,277,0,0,0,0,0,01,0,0,0,0,30703405,811D002D,1048575,47544,00,03
D,30704333,989,653,0,3531,269,0,0,0,0,0,01,0,0,0,0,30704399,811D002D,1048575,48544,00,03
D,30705341,1008,653,0,3531,275,0,0,0,0,0,01,0,0,0,0,30705401,811D002D,1048575,49542,00,03
D,30706340,999,653,0,3531,279,0,0,0,0,0,01,0,0,0,0,30706413,811D002D,1048575,1,00,03
D,30707340,1000,653,0,3531,282,0,0,0,0,0,01,0,0,0,0,30707435,811D002D,1048575,492,00,03
D,30708373,1033,653,0,3531,308,0,0,0,0,0,01,0,0,0,0,30708466,811D002D,1048575,1523,00,03
D,30709307,934,653,0,3531,244,0,0,0,0,0,01,0,0,0,0,30709345,811D002D,1048575,2384,00,03
D,30710304,997,653,0,3531,246,0,0,0,0,0,01,0,0,0,0,30710347,811D002D,1048575,3387,00,03
D,30711296,992,653,0,3531,237,0,0,0,0,0,01,0,0,0,0,30711332,811D002D,1048575,4372,00,03
D,30712306,1010,653,0,3531,238,0,0,0,0,0,01,0,0,0,0,30712343,811D002D,1048575,5383,00,03
D,30713304,998,653,0,3531,236,0,0,0,0,0,01,0,0,0,0,30713341,811D002D,1048575,6381,00,03
D,30714316,1012,653,0,3531,245,0,0,0,0,0,01,0,0,0,0,30714359,811D002D,1048575,7398,00,03
D,30715293,977,653,0,3531,236,0,0,0,0,0,01,0,0,0,0,30715330,811D002D,1048575,8370,00,03
D,30716336,1043,653,0,3531,264,0,0,0,0,0,01,0,0,0,0,30716421,811D002D,1048575,9480,00,03
D,30717402,1066,653,0,3531,341,0,0,0,0,0,01,0,0,0,0,30717562,811D002D,1048575,10651,00,03
D,30718475,1073,653,0,3531,419,0,0,0,0,0,01,0,0,0,0,30718599,811D002D,1048575,11660,00,03
D,30719345,870,653,0,3531,285,0,0,0,0,0,01,0,0,0,0,30719406,811D002D,1048575,12453,00,03
D,30720334,989,653,0,3531,272,0,0,0,0,0,01,0,0,0,0,30720398,811D002D,1048575,13447,00,03
D,30721342,1008,653,0,3531,274,0,0,0,0,0,01,0,0,0,0,30721403,811D002D,1048575,14451,00,03
D,30722346,1004,653,0,3531,277,0,0,0,0,0,01,0,0,0,0,30722414,811D002D,1048575,15462,00,03
D,30723332,986,653,0,3531,277,0,0,0,0,0,01,0,0,0,0,30723391,811D002D,1048575,16438,00,03
D,30724340,1008,653,0,3531,270,0,0,0,0,0,01,0,0,0,0,30724405,811D002D,1048575,17456,00,03
D,30725334,994,653,0,3531,277,0,0,0,0,0,01,0,0,0,0,30725393,811D002D,1048575,18438,00,03
D,30726347,1013,653,0,3531,276,0,0,0,0,0,01,0,0,0,0,30726416,811D002D,1048575,19464,00,03
D,30727341,994,653,0,3531,287,0,0,0,0,0,01,0,0,0,0,30727422,811D002D,1048575,20480,00,03
D,30728366,1025,653,0,3531,307,0,0,0,0,0,01,0,0,0,0,30728457,811D002D,1048575,21512,00,03
D,30729302,936,653,0,3531,242,0,0,0,0,0,01,0,0,0,0,30729342,811D002D,1048575,22382,00,03
D,30730305,1003,653,0,3531,246,0,0,0,0,0,01,0,0,0,0,30730346,811D002D,1048575,23386,00,03
D,30731300,995,653,0,3531,238,0,0,0,0,0,01,0,0,0,0,30731336,811D002D,1048575,24376,00,03
D,30732299,999,653,0,3531,238,0,0,0,0,0,01,0,0,0,0,30732335,811D002D,1048575,25374,00,03
D,30733298,999,653,0,3531,238,0,0,0,0,0,01,0,0,0,0,30733334,811D002D,1048575,26373,00,03
D,30734313,1015,653,0,3531,244,0,0,0,0,0,01,0,0,0,0,30734355,811D002D,1048575,27395,00,03
D,30735292,979,653,0,3531,238,0,0,0,0,0,01,0,0,0,0,30735328,811D002D,1048575,28367,00,03
D,30736335,1043,653,0,3531,264,0,0,0,0,0,01,0,0,0,0,30736414,811D002D,1048575,29472,00,03
D,30737407,1072,653,0,3531,352,0,0,0,0,0,01,0,0,0,0,30737581,811D002D,1048575,30668,00,03
D,30738480,1073,653,0,3531,422,0,0,0,0,0,01,0,0,0,0,30738603,811D002D,1048575,31662,00,03
D,30739345,865,653,0,3531,281,0,0,0,0,0,01,0,0,0,0,30739405,811D002D,1048575,32453,00,03
D,30740341,996,653,0,3531,273,0,0,0,0,0,01,0,0,0,0,30740405,811D002D,1048575,33455,00,03
D,30741331,990,653,0,3531,274,0,0,0,0,0,01,0,0,0,0,30741389,811D002D,1048575,34435,00,03
D,30742347,1016,653,0,3531,276,0,0,0,0,0,01,0,0,0,0,30742419,811D002D,1048575,35470,00,03
D,30743347,1000,653,0,3531,277,0,0,0,0,0,01,0,0,0,0,30743408,811D002D,1048575,36453,00,03
D,30744326,979,653,0,3531,269,0,0,0,0,0,01,0,0,0,0,30744391,811D002D,1048575,37441,00,03
D,30745332,1006,653,0,3531,274,0,0,0,0,0,01,0,0,0,0,30745392,811D002D,1048575,38440,00,03
D,30746335,1003,653,0,3531,278,0,0,0,0,0,01,0,0,0,0,30746407,811D002D,1048575,39455,00,03
D,30747346,1011,653,0,3531,287,0,0,0,0,0,01,0,0,0,0,30747431,811D002D,1048575,40492,00,03
D,30748360,1014,653,0,3531,304,0,0,0,0,0,01,0,0,0,0,30748452,811D002D,1048575,41508,00,03
D,30749312,952,653,0,3531,244,0,0,0,0,0,01,0,0,0,0,30749349,811D002D,1048575,42388,00,03
D,30750310,998,653,0,3531,249,0,0,0,0,0,01,0,0,0,0,30750352,811D002D,1048575,43392,00,03
D,30751292,982,653,0,3531,239,0,0,0,0,0,01,0,0,0,0,30751327,811D002D,1048575,44366,00,03
D,30752308,1016,653,0,3531,238,0,0,0,0,0,01,0,0,0,0,30752344,811D002D,1048575,45384,00,03
D,30753308,1000,653,0,3531,238,0,0,0,0,0,01,0,0,0,0,30753344,811D002D,1048575,46384,00,03
D,30754301,993,653,0,3531,245,0,0,0,0,0,01,0,0,0,0,30754343,811D002D,1048575,47382,00,03
D,30755298,997,653,0,3531,238,0,0,0,0,0,01,0,0,0,0,30755334,811D002D,1048575,48374,00,03
D,30756324,1026,653,0,3531,264,0,0,0,0,0,01,0,0,0,0,30756408,811D002D,1048575,49458,00,03
D,30757408,1084,653,0,3531,353,0,0,0,0,0,01,0,0,0,0,30757581,811D002D,1048575,2,00,03
D,30758792,1384,653,0,3531,351,0,0,0,0,0,01,0,0,0,0,30758907,811D002D,1048575,664,00,03
D,30759336,544,653,0,3531,268,0,0,0,0,0,01,0,0,0,0,30759403,811D002D,1048575,1123,00,03
D,30760332,996,653,0,3531,277,0,0,0,0,0,01,0,0,0,0,30760398,811D002D,1048575,2124,00,03
D,30761340,1008,653,0,3531,277,0,0,0,0,0,01,0,0,0,0,30761406,811D002D,1048575,3131,00,03
D,30762339,999,653,0,3531,283,0,0,0,0,0,01,0,0,0,0,30762409,811D002D,1048575,4134,00,03
D,30763341,1002,653,0,3531,277,0,0,0,0,0,01,0,0,0,0,30763406,811D002D,1048575,5131,00,03
D,30764335,994,653,0,3531,278,0,0,0,0,0,01,0,0,0,0,30764401,811D002D,1048575,6127,00,03
D,30765332,997,653,0,3531,277,0,0,0,0,0,01,0,0,0,0,30765397,811D002D,1048575,7122,00,03
D,30766344,1012,653,0,3531,280,0,0,0,0,0,01,0,0,0,0,30766416,811D002D,1048575,8140,00,03
D,30767364,1020,653,0,3531,296,0,0,0,0,0,01,0,0,0,0,30767475,811D002D,1048575,9227,00,03
D,30768367,1003,653,0,3531,307,0,0,0,0,0,01,0,0,0,0,30768458,811D002D,1048575,10184,00,03
D,30769301,934,653,0,3531,239,0,0,0,0,0,01,0,0,0,0,30769337,811D002D,1048575,11052,00,03
D,30770304,1003,653,0,3531,246,0,0,0,0,0,01,0,0,0,0,30770344,811D002D,1048575,12059,00,03
D,30771298,994,653,0,3531,238,0,0,0,0,0,01,0,0,0,0,30771333,811D002D,1048575,13048,00,03
D,30772298,1000,653,0,3531,238,0,0,0,0,0,01,0,0,0,0,30772333,811D002D,1048575,14047,00,03
D,30773299,1001,653,0,3531,239,0,0,0,0,0,01,0,0,0,0,30773333,811D002D,1048575,15047,00,03
D,30774302,1003,653,0,3531,244,0,0,0,0,0,01,0,0,0,0,30774343,811D002D,1048575,16058,00,03
D,30775296,994,653,0,3531,238,0,0,0,0,0,01,0,0,0,0,30775330,811D002D,1048575,17044,00,03
D,30776317,1021,653,0,3531,263,0,0,0,0,0,01,0,0,0,0,30776395,811D002D,1048575,18119,00,03
D,30777410,1093,653,0,3531,354,0,0,0,0,0,01,0,0,0,0,30777586,811D002D,1048575,19339,00,03
D,30778489,1079,653,0,3531,423,0,0,0,0,0,01,0,0,0,0,30778617,811D002D,1048575,20351,00,03
D,30779344,855,653,0,3531,281,0,0,0,0,0,01,0,0,0,0,30779407,811D002D,1048575,21128,00,03
D,30780331,987,653,0,3531,269,0,0,0,0,0,01,0,0,0,0,30780394,811D002D,1048575,22117,00,03
D,30781337,1006,653,0,3531,275,0,0,0,0,0,01,0,0,0,0,30781396,811D002D,1048575,23118,00,03
D,30782330,993,653,0,3531,275,0,0,0,0,0,01,0,0,0,0,30782399,811D002D,1048575,24122,00,03
D,30783347,1017,653,0,3531,277,0,0,0,0,0,01,0,0,0,0,30783405,811D002D,1048575,25124,00,03
D,30784324,977,653,0,3531,267,0,0,0,0,0,01,0,0,0,0,30784391,811D002D,1048575,26116,00,03
D,30785338,1014,653,0,3531,276,0,0,0,0,0,01,0,0,0,0,30785396,811D002D,1048575,27116,00,03
D,30786348,1010,653,0,3531,277,0,0,0,0,0,01,0,0,0,0,30786419,811D002D,1048575,28140,00,03
D,30787359,1011,653,0,3531,290,0,0,0,0,0,01,0,0,0,0,30787444,811D002D,1048575,29178,00,03
D,30788375,1016,653,0,3531,307,0,0,0,0,0,01,0,0,0,0,30788465,811D002D,1048575,30192,00,03
D,30789301,926,653,0,3531,241,0,0,0,0,0,01,0,0,0,0,30789338,811D002D,1048575,31053,00,03
D,30790316,1015,653,0,3531,249,0,0,0,0,0,01,0,0,0,0,30790359,811D002D,1048575,32074,00,03
D,30791298,982,653,0,3531,238,0,0,0,0,0,01,0,0,0,0,30791334,811D002D,1048575,33048,00,03
D,30792298,1000,653,0,3531,238,0,0,0,0,0,01,0,0,0,0,30792334,811D002D,1048575,34049,00,03
D,30793299,1001,653,0,3531,238,0,0,0,0,0,01,0,0,0,0,30793335,811D002D,1048575,35049,00,03
D,30794312,1013,653,0,3531,245,0,0,0,0,0,01,0,0,0,0,30794355,811D002D,1048575,36070,00,03
D,30795308,996,653,0,3531,238,0,0,0,0,0,01,0,0,0,0,30795344,811D002D,1048575,37059,00,03
D,30796335,1027,653,0,3531,263,0,0,0,0,0,01,0,0,0,0,30796416,811D002D,1048575,38148,00,03
D,30797418,1083,653,0,3531,358,0,0,0,0,0,01,0,0,0,0,30797596,811D002D,1048575,39350,00,03
D,30798477,1059,653,0,3531,420,0,0,0,0,0,01,0,0,0,0,30798601,811D002D,1048575,40336,00,03
D,30799343,866,653,0,3531,282,0,0,0,0,0,01,0,0,0,0,30799403,811D002D,1048575,41124,00,03
D,30800332,989,653,0,3531,274,0,0,0,0,0,01,0,0,0,0,30800397,811D002D,1048575,42122,00,03
D,30801343,1011,653,0,3531,275,0,0,0,0,0,01,0,0,0,0,30801401,811D002D,1048575,43123,00,03
D,30802342,999,653,0,3531,278,0,0,0,0,0,01,0,0,0,0,30802413,811D002D,1048575,44138,00,03
D,30803343,1001,653,0,3531,278,0,0,0,0,0,01,0,0,0,0,30803402,811D002D,1048575,45124,00,03
D,30804334,991,653,0,3531,270,0,0,0,0,0,01,0,0,0,0,30804399,811D002D,1048575,46124,00,03
D,30805340,1006,653,0,3531,274,0,0,0,0,0,01,0,0,0,0,30805399,811D002D,1048575,47121,00,03
D,30806340,1000,653,0,3531,279,0,0,0,0,0,01,0,0,0,0,30806412,811D002D,1048575,48137,00,03
D,30807358,1018,653,0,3531,287,0,0,0,0,0,01,0,0,0,0,30807447,811D002D,1048575,49182,00,03
D,30808368,1010,653,0,3531,301,0,0,0,0,0,01,0,0,0,0,30808459,811D002D,1048575,2,00,03
D,30809355,987,653,0,3531,260,0,0,0,0,0,01,0,0,0,0,30809421,811D002D,1048575,424,00,03
D,30810308,953,653,0,3531,246,0,0,0,0,0,01,0,0,0,0,30810354,811D002D,1048575,1357,00,03
D,30811305,997,653,0,3531,238,0,0,0,0,0,01,0,0,0,0,30811342,811D002D,1048575,2345,00,03
D,30812306,1001,653,0,3531,238,0,0,0,0,0,01,0,0,0,0,30812343,811D002D,1048575,3344,00,03
D,30813304,998,653,0,3531,238,0,0,0,0,0,01,0,0,0,0,30813340,811D002D,1048575,4342,00,03
D,30814300,996,653,0,3531,245,0,0,0,0,0,01,0,0,0,0,30814343,811D002D,1048575,5345,00,03
D,30815295,995,653,0,3531,239,0,0,0,0,0,01,0,0,0,0,30815331,811D002D,1048575,6332,00,03
D,30816335,1040,653,0,3531,266,0,0,0,0,0,01,0,0,0,0,30816418,811D002D,1048575,7430,00,03
D,30817408,1073,653,0,3531,354,0,0,0,0,0,01,0,0,0,0,30817593,811D002D,1048575,8637,00,03
D,30818474,1066,653,0,3531,416,0,0,0,0,0,01,0,0,0,0,30818603,811D002D,1048575,9624,00,03
D,30819352,878,653,0,3531,285,0,0,0,0,0,01,0,0,0,0,30819412,811D002D,1048575,10421,00,03
D,30820324,972,653,0,3531,269,0,0,0,0,0,01,0,0,0,0,30820385,811D002D,1048575,11395,00,03
D,30821342,1018,653,0,3531,274,0,0,0,0,0,01,0,0,0,0,30821401,811D002D,1048575,12409,00,03
D,30822339,997,653,0,3531,275,0,0,0,0,0,01,0,0,0,0,30822407,811D002D,1048575,13417,00,03
D,30823335,996,653,0,3531,275,0,0,0,0,0,01,0,0,0,0,30823397,811D002D,1048575,14403,00,03
D,30824340,1005,653,0,3531,269,0,0,0,0,0,01,0,0,0,0,30824405,811D002D,1048575,15417,00,03
D,30825333,993,653,0,3531,277,0,0,0,0,0,01,0,0,0,0,30825393,811D002D,1048575,16400,00,03
D,30826348,1015,653,0,3531,277,0,0,0,0,0,01,0,0,0,0,30826416,811D002D,1048575,17425,00,03
D,30827357,1009,653,0,3531,286,0,0,0,0,0,01,0,0,0,0,30827434,811D002D,1048575,18450,00,03
D,30828384,1027,653,0,3531,314,0,0,0,0,0,01,0,0,0,0,30828472,811D002D,1048575,19488,00,03
D,30829314,930,653,0,3531,244,0,0,0,0,0,01,0,0,0,0,30829354,811D002D,1048575,20356,00,03
D,30830313,999,653,0,3531,245,0,0,0,0,0,01,0,0,0,0,30830355,811D002D,1048575,21357,00,03
D,30831296,983,653,0,3531,238,0,0,0,0,0,01,0,0,0,0,30831331,811D002D,1048575,22332,00,03
D,30832296,1000,653,0,3531,238,0,0,0,0,0,01,0,0,0,0,30832332,811D002D,1048575,23334,00,03
D,30833296,1000,653,0,3531,238,0,0,0,0,0,01,0,0,0,0,30833332,811D002D,1048575,24334,00,03
D,30834307,1011,653,0,3531,245,0,0,0,0,0,01,0,0,0,0,30834348,811D002D,1048575,25350,00,03
D,30835304,997,653,0,3531,238,0,0,0,0,0,01,0,0,0,0,30835340,811D002D,1048575,26342,00,03
D,30836327,1023,653,0,3531,263,0,0,0,0,0,01,0,0,0,0,30836404,811D002D,1048575,27414,00,03
D,30837413,1086,653,0,3531,357,0,0,0,0,0,01,0,0,0,0,30837591,811D002D,1048575,28634,00,03
D,30838478,1065,653,0,3531,417,0,0,0,0,0,01,0,0,0,0,30838600,811D002D,1048575,29621,00,03
D,30839346,868,653,0,3531,284,0,0,0,0,0,01,0,0,0,0,30839408,811D002D,1048575,30417,00,03
D,30840327,981,653,0,3531,265,0,0,0,0,0,01,0,0,0,0,30840390,811D002D,1048575,31400,00,03
D,30841345,1018,653,0,3531,274,0,0,0,0,0,01,0,0,0,0,30841405,811D002D,1048575,32416,00,03
D,30842336,991,653,0,3531,273,0,0,0,0,0,01,0,0,0,0,30842404,811D002D,1048575,33414,00,03
D,30843331,995,653,0,3531,275,0,0,0,0,0,01,0,0,0,0,30843390,811D002D,1048575,34399,00,03
D,30844337,1006,653,0,3531,267,0,0,0,0,0,01,0,0,0,0,30844403,811D002D,1048575,35415,00,03
D,30845346,1009,653,0,3531,275,0,0,0,0,0,01,0,0,0,0,30845404,811D002D,1048575,36411,00,03
D,30846335,989,653,0,3531,273,0,0,0,0,0,01,0,0,0,0,30846406,811D002D,1048575,37417,00,03
D,30847346,1011,653,0,3531,288,0,0,0,0,0,01,0,0,0,0,30847435,811D002D,1048575,38462,00,03
D,30848368,1022,653,0,3531,301,0,0,0,0,0,01,0,0,0,0,30848459,811D002D,1048575,39474,00,03
D,30849309,941,653,0,3531,241,0,0,0,0,0,01,0,0,0,0,30849348,811D002D,1048575,40350,00,03
D,30850311,1002,653,0,3531,250,0,0,0,0,0,01,0,0,0,0,30850355,811D002D,1048575,41357,00,03
D,30851308,997,653,0,3531,238,0,0,0,0,0,01,0,0,0,0,30851345,811D002D,1048575,42347,00,03
D,30852308,1000,653,0,3531,238,0,0,0,0,0,01,0,0,0,0,30852345,811D002D,1048575,43346,00,03
D,30853308,1000,653,0,3531,238,0,0,0,0,0,01,0,0,0,0,30853345,811D002D,1048575,44346,00,03
D,30854301,993,653,0,3531,245,0,0,0,0,0,01,0,0,0,0,30854345,811D002D,1048575,45347,00,03
D,30855300,999,653,0,3531,238,0,0,0,0,0,01,0,0,0,0,30855336,811D002D,1048575,46338,00,03
D,30856325,1025,653,0,3531,265,0,0,0,0,0,01,0,0,0,0,30856407,811D002D,1048575,47419,00,03
D,30857409,1084,653,0,3531,348,0,0,0,0,0,01,0,0,0,0,30857586,811D002D,1048575,48625,00,03
D,30858485,1076,653,0,3531,428,0,0,0,0,0,01,0,0,0,0,30858608,811D002D,1048575,49630,00,03
D,30859352,867,653,0,3531,282,0,0,0,0,0,01,0,0,0,0,30859413,811D002D,1048575,1,00,03
D,30860338,986,653,0,3531,269,0,0,0,0,0,01,0,0,0,0,30860419,811D002D,1048575,476,00,03
D,30861335,997,653,0,3531,274,0,0,0,0,0,01,0,0,0,0,30861397,811D002D,1048575,1453,00,03
D,30862344,1009,653,0,3531,281,0,0,0,0,0,01,0,0,0,0,30862417,811D002D,1048575,2474,00,03
D,30863328,984,653,0,3531,271,0,0,0,0,0,01,0,0,0,0,30863390,811D002D,1048575,3444,00,03
D,30864337,1009,653,0,3531,271,0,0,0,0,0,01,0,0,0,0,30864403,811D002D,1048575,4461,00,03
D,30865330,993,653,0,3531,275,0,0,0,0,0,01,0,0,0,0,30865390,811D002D,1048575,5445,00,03
D,30866345,1015,653,0,3531,279,0,0,0,0,0,01,0,0,0,0,30866418,811D002D,1048575,6475,00,03
D,30867343,998,653,0,3531,288,0,0,0,0,0,01,0,0,0,0,30867421,811D002D,1048575,7482,00,03
D,30868369,1026,653,0,3531,310,0,0,0,0,0,01,0,0,0,0,30868461,811D002D,1048575,8525,00,03
D,30869309,940,653,0,3531,246,0,0,0,0,0,01,0,0,0,0,30869349,811D002D,1048575,9397,00,03
D,30870307,998,653,0,3531,246,0,0,0,0,0,01,0,0,0,0,30870350,811D002D,1048575,10399,00,03
D,30871304,997,653,0,3531,238,0,0,0,0,0,01,0,0,0,0,30871340,811D002D,1048575,11388,00,03
D,30872301,997,653,0,3531,238,0,0,0,0,0,01,0,0,0,0,30872337,811D002D,1048575,12386,00,03
D,30873300,999,653,0,3531,238,0,0,0,0,0,01,0,0,0,0,30873333,811D002D,1048575,13382,00,03
D,30874299,999,653,0,3531,243,0,0,0,0,0,01,0,0,0,0,30874341,811D002D,1048575,14390,00,03
D,30875298,999,653,0,3531,238,0,0,0,0,0,01,0,0,0,0,30875334,811D002D,1048575,15383,00,03
D,30876326,1028,653,0,3531,262,0,0,0,0,0,01,0,0,0,0,30876407,811D002D,1048575,16466,00,03
D,30877415,1089,653,0,3531,344,0,0,0,0,0,01,0,0,0,0,30877599,811D002D,1048575,17689,00,03
D,30878494,1079,653,0,3531,422,0,0,0,0,0,01,0,0,0,0,30878613,811D002D,1048575,18681,00,03
D,30879341,847,653,0,3531,282,0,0,0,0,0,01,0,0,0,0,30879400,811D002D,1048575,19456,00,03
D,30880325,984,653,0,3531,268,0,0,0,0,0,01,0,0,0,0,30880390,811D002D,1048575,20448,00,03
D,30881338,1013,653,0,3531,275,0,0,0,0,0,01,0,0,0,0,30881394,811D002D,1048575,21450,00,03
D,30882343,1005,653,0,3531,272,0,0,0,0,0,01,0,0,0,0,30882414,811D002D,1048575,22473,00,03
D,30883345,1002,653,0,3531,276,0,0,0,0,0,01,0,0,0,0,30883401,811D002D,1048575,23457,00,03
D,30884327,982,653,0,3531,267,0,0,0,0,0,01,0,0,0,0,30884390,811D002D,1048575,24448,00,03
D,30885335,1008,653,0,3531,274,0,0,0,0,0,01,0,0,0,0,30885393,811D002D,1048575,25447,00,03
D,30886341,1006,653,0,3531,272,0,0,0,0,0,01,0,0,0,0,30886413,811D002D,1048575,26473,00,03
D,30887358,1017,653,0,3531,290,0,0,0,0,0,01,0,0,0,0,30887444,811D002D,1048575,27516,00,03
D,30888359,1001,653,0,3531,303,0,0,0,0,0,01,0,0,0,0,30888450,811D002D,1048575,28512,00,03
D,30889303,944,653,0,3531,243,0,0,0,0,0,01,0,0,0,0,30889345,811D002D,1048575,29393,00,03
D,30890306,1003,653,0,3531,246,0,0,0,0,0,01,0,0,0,0,30890349,811D002D,1048575,30398,00,03
D,30891304,998,653,0,3531,238,0,0,0,0,0,01,0,0,0,0,30891341,811D002D,1048575,31391,00,03
D,30892304,1000,653,0,3531,238,0,0,0,0,0,01,0,0,0,0,30892341,811D002D,1048575,32389,00,03
D,30893303,999,653,0,3531,238,0,0,0,0,0,01,0,0,0,0,30893340,811D002D,1048575,33388,00,03
D,30894316,1013,653,0,3531,246,0,0,0,0,0,01,0,0,0,0,30894359,811D002D,1048575,34408,00,03
D,30895298,982,653,0,3531,238,0,0,0,0,0,01,0,0,0,0,30895335,811D002D,1048575,35383,00,03
D,30896325,1027,653,0,3531,265,0,0,0,0,0,01,0,0,0,0,30896406,811D002D,1048575,36465,00,03
D,30897418,1093,653,0,3531,355,0,0,0,0,0,01,0,0,0,0,30897588,811D002D,1048575,37679,00,03
D,30898483,1065,653,0,3531,418,0,0,0,0,0,01,0,0,0,0,30898607,811D002D,1048575,38675,00,03
D,30899347,864,653,0,3531,284,0,0,0,0,0,01,0,0,0,0,30899407,811D002D,1048575,39462,00,03
D,30900332,985,653,0,3531,272,0,0,0,0,0,01,0,0,0,0,30900394,811D002D,1048575,40451,00,03
D,30901331,999,653,0,3531,272,0,0,0,0,0,01,0,0,0,0,30901390,811D002D,1048575,41446,00,03
D,30902343,1012,653,0,3531,275,0,0,0,0,0,01,0,0,0,0,30902413,811D002D,1048575,42471,00,03
D,30903341,998,653,0,3531,278,0,0,0,0,0,01,0,0,0,0,30903399,811D002D,1048575,43452,00,03
D,30904323,982,653,0,3531,267,0,0,0,0,0,01,0,0,0,0,30904388,811D002D,1048575,44447,00,03
D,30905343,1020,653,0,3531,274,0,0,0,0,0,01,0,0,0,0,30905401,811D002D,1048575,45456,00,03
D,30906340,997,653,0,3531,278,0,0,0,0,0,01,0,0,0,0,30906409,811D002D,1048575,46465,00,03
D,30907344,1004,653,0,3531,286,0,0,0,0,0,01,0,0,0,0,30907431,811D002D,1048575,47501,00,03
D,30908371,1027,653,0,3531,304,0,0,0,0,0,01,0,0,0,0,30908460,811D002D,1048575,48523,00,03
D,30909303,932,653,0,3531,243,0,0,0,0,0,01,0,0,0,0,30909341,811D002D,1048575,49389,00,03
D,30910318,1015,653,0,3531,249,0,0,0,0,0,01,0,0,0,0,30910361,811D002D,1048575,1,00,03
D,30911319,1001,653,0,3531,248,0,0,0,0,0,01,0,0,0,0,30911384,811D002D,1048575,491,00,03
D,30912302,983,653,0,3531,239,0,0,0,0,0,01,0,0,0,0,30912340,811D002D,1048575,1448,00,03
D,30913307,1005,653,0,3531,242,0,0,0,0,0,01,0,0,0,0,30913343,811D002D,1048575,2449,00,03
D,30914301,994,653,0,3531,244,0,0,0,0,0,01,0,0,0,0,30914344,811D002D,1048575,3451,00,03
D,30915308,1007,653,0,3531,238,0,0,0,0,0,01,0,0,0,0,30915344,811D002D,1048575,4450,00,03
D,30916321,1013,653,0,3531,267,0,0,0,0,0,01,0,0,0,0,30916406,811D002D,1048575,5522,00,03
D,30917418,1097,653,0,3531,350,0,0,0,0,0,01,0,0,0,0,30917593,811D002D,1048575,6744,00,03
D,30918484,1066,653,0,3531,418,0,0,0,0,0,01,0,0,0,0,30918612,811D002D,1048575,7739,00,03
D,30919347,863,653,0,3531,287,0,0,0,0,0,01,0,0,0,0,30919409,811D002D,1048575,8522,00,03
D,30920340,993,653,0,3531,271,0,0,0,0,0,01,0,0,0,0,30920405,811D002D,1048575,9523,00,03
D,30921334,994,653,0,3531,277,0,0,0,0,0,01,0,0,0,0,30921397,811D002D,1048575,10510,00,03
D,30922337,1003,653,0,3531,275,0,0,0,0,0,01,0,0,0,0,30922409,811D002D,1048575,11526,00,03
D,30923346,1009,653,0,3531,279,0,0,0,0,0,01,0,0,0,0,30923408,811D002D,1048575,12521,00,03
D,30924338,992,653,0,3531,270,0,0,0,0,0,01,0,0,0,0,30924404,811D002D,1048575,13522,00,03
D,30925332,994,653,0,3531,277,0,0,0,0,0,01,0,0,0,0,30925391,811D002D,1048575,14504,00,03
D,30926344,1012,653,0,3531,275,0,0,0,0,0,01,0,0,0,0,30926417,811D002D,1048575,15535,00,03
D,30927347,1003,653,0,3531,291,0,0,0,0,0,01,0,0,0,0,30927425,811D002D,1048575,16543,00,03
D,30928360,1013,653,0,3531,304,0,0,0,0,0,01,0,0,0,0,30928452,811D002D,1048575,17575,00,03
D,30929317,957,653,0,3531,246,0,0,0,0,0,01,0,0,0,0,30929357,811D002D,1048575,18463,00,03
D,30930302,985,653,0,3531,246,0,0,0,0,0,01,0,0,0,0,30930344,811D002D,1048575,19451,00,03
D,30931299,997,653,0,3531,239,0,0,0,0,0,01,0,0,0,0,30931334,811D002D,1048575,20442,00,03
D,30932298,999,653,0,3531,238,0,0,0,0,0,01,0,0,0,0,30932334,811D002D,1048575,21440,00,03
D,30933298,1000,653,0,3531,238,0,0,0,0,0,01,0,0,0,0,30933334,811D002D,1048575,22440,00,03
D,30934312,1014,653,0,3531,244,0,0,0,0,0,01,0,0,0,0,30934355,811D002D,1048575,23462,00,03
D,30935296,984,653,0,3531,238,0,0,0,0,0,01,0,0,0,0,30935331,811D002D,1048575,24438,00,03
D,30936321,1025,653,0,3531,264,0,0,0,0,0,01,0,0,0,0,30936402,811D002D,1048575,25519,00,03
D,30937405,1084,653,0,3531,350,0,0,0,0,0,01,0,0,0,0,30937590,811D002D,1048575,26735,00,03
D,30938478,1073,653,0,3531,422,0,0,0,0,0,01,0,0,0,0,30938600,811D002D,1048575,27726,00,03
D,30939340,862,653,0,3531,279,0,0,0,0,0,01,0,0,0,0,30939400,811D002D,1048575,28515,00,03
D,30940328,988,653,0,3531,271,0,0,0,0,0,01,0,0,0,0,30940390,811D002D,1048575,29503,00,03
D,30941344,1016,653,0,3531,273,0,0,0,0,0,01,0,0,0,0,30941405,811D002D,1048575,30519,00,03
D,30942345,1001,653,0,3531,278,0,0,0,0,0,01,0,0,0,0,30942414,811D002D,1048575,31530,00,03
D,30943342,997,653,0,3531,276,0,0,0,0,0,01,0,0,0,0,30943401,811D002D,1048575,32514,00,03
D,30944333,991,653,0,3531,270,0,0,0,0,0,01,0,0,0,0,30944398,811D002D,1048575,33515,00,03
D,30945338,1005,653,0,3531,274,0,0,0,0,0,01,0,0,0,0,30945397,811D002D,1048575,34512,00,03
D,30946337,999,653,0,3531,278,0,0,0,0,0,01,0,0,0,0,30946405,811D002D,1048575,35519,00,03
D,30947356,1019,653,0,3531,284,0,0,0,0,0,01,0,0,0,0,30947450,811D002D,1048575,36585,00,03
D,30948364,1008,653,0,3531,304,0,0,0,0,0,01,0,0,0,0,30948455,811D002D,1048575,37575,00,03
D,30949306,942,653,0,3531,242,0,0,0,0,0,01,0,0,0,0,30949345,811D002D,1048575,38451,00,03
D,30950308,1002,653,0,3531,249,0,0,0,0,0,01,0,0,0,0,30950351,811D002D,1048575,39458,00,03
D,30951303,995,653,0,3531,238,0,0,0,0,0,01,0,0,0,0,30951340,811D002D,1048575,40446,00,03
D,30952301,998,653,0,3531,238,0,0,0,0,0,01,0,0,0,0,30952338,811D002D,1048575,41445,00,03
D,30953300,999,653,0,3531,238,0,0,0,0,0,01,0,0,0,0,30953337,811D002D,1048575,42443,00,03
D,30954313,1013,653,0,3531,245,0,0,0,0,0,01,0,0,0,0,30954356,811D002D,1048575,43463,00,03
D,30955307,994,653,0,3531,238,0,0,0,0,0,01,0,0,0,0,30955344,811D002D,1048575,44451,00,03
D,30956334,1027,653,0,3531,263,0,0,0,0,0,01,0,0,0,0,30956415,811D002D,1048575,45533,00,03
D,30957407,1073,653,0,3531,351,0,0,0,0,0,01,0,0,0,0,30957579,811D002D,1048575,46732,00,03
D,30958478,1071,653,0,3531,423,0,0,0,0,0,01,0,0,0,0,30958603,811D002D,1048575,47731,00,03
D,30959352,874,653,0,3531,283,0,0,0,0,0,01,0,0,0,0,30959410,811D002D,1048575,48521,00,03
D,30960334,982,653,0,3531,263,0,0,0,0,0,01,0,0,0,0,30960398,811D002D,1048575,49515,00,03
D,30961345,1011,653,0,3531,277,0,0,0,0,0,01,0,0,0,0,30961401,811D002D,1048575,1,00,03
D,30962346,1001,653,0,3531,271,0,0,0,0,0,01,0,0,0,0,30962428,811D002D,1048575,492,00,03
D,30963350,1004,653,0,3531,278,0,0,0,0,0,01,0,0,0,0,30963410,811D002D,1048575,1471,00,03
D,30964326,976,653,0,3531,270,0,0,0,0,0,01,0,0,0,0,30964391,811D002D,1048575,2457,00,03
D,30965338,1012,653,0,3531,277,0,0,0,0,0,01,0,0,0,0,30965397,811D002D,1048575,3456,00,03
D,30966339,1001,653,0,3531,276,0,0,0,0,0,01,0,0,0,0,30966411,811D002D,1048575,4477,00,03
D,30967355,1016,653,0,3531,291,0,0,0,0,0,01,0,0,0,0,30967438,811D002D,1048575,5510,00,03
D,30968368,1013,653,0,3531,307,0,0,0,0,0,01,0,0,0,0,30968457,811D002D,1048575,6528,00,03
D,30969301,933,653,0,3531,248,0,0,0,0,0,01,0,0,0,0,30969341,811D002D,1048575,7396,00,03
D,30970306,1005,653,0,3531,247,0,0,0,0,0,01,0,0,0,0,30970348,811D002D,1048575,8402,00,03
D,30971302,996,653,0,3531,238,0,0,0,0,0,01,0,0,0,0,30971338,811D002D,1048575,9393,00,03
D,30972300,998,653,0,3531,238,0,0,0,0,0,01,0,0,0,0,30972336,811D002D,1048575,10390,00,03
D,30973299,999,653,0,3531,238,0,0,0,0,0,01,0,0,0,0,30973334,811D002D,1048575,11388,00,03
D,30974312,1013,653,0,3531,245,0,0,0,0,0,01,0,0,0,0,30974354,811D002D,1048575,12409,00,03
D,30975308,996,653,0,3531,238,0,0,0,0,0,01,0,0,0,0,30975344,811D002D,1048575,13398,00,03
D,30976317,1009,653,0,3531,261,0,0,0,0,0,01,0,0,0,0,30976397,811D002D,1048575,14463,00,03
D,30977404,1087,653,0,3531,348,0,0,0,0,0,01,0,0,0,0,30977580,811D002D,1048575,15675,00,03
D,30978479,1075,653,0,3531,422,0,0,0,0,0,01,0,0,0,0,30978602,811D002D,1048575,16676,00,03
D,30979342,863,653,0,3531,283,0,0,0,0,0,01,0,0,0,0,30979401,811D002D,1048575,17461,00,03
D,30980338,996,653,0,3531,266,0,0,0,0,0,01,0,0,0,0,30980401,811D002D,1048575,18463,00,03
D,30981342,1004,653,0,3531,274,0,0,0,0,0,01,0,0,0,0,30981404,811D002D,1048575,19467,00,03
D,30982342,1000,653,0,3531,276,0,0,0,0,0,01,0,0,0,0,30982411,811D002D,1048575,20475,00,03
D,30983344,1002,653,0,3531,278,0,0,0,0,0,01,0,0,0,0,30983404,811D002D,1048575,21465,00,03
D,30984337,993,653,0,3531,269,0,0,0,0,0,01,0,0,0,0,30984402,811D002D,1048575,22468,00,03
D,30985330,993,653,0,3531,276,0,0,0,0,0,01,0,0,0,0,30985390,811D002D,1048575,23451,00,03
D,30986345,1015,653,0,3531,275,0,0,0,0,0,01,0,0,0,0,30986415,811D002D,1048575,24478,00,03
D,30987356,1011,653,0,3531,289,0,0,0,0,0,01,0,0,0,0,30987453,811D002D,1048575,25537,00,03
D,30988364,1008,653,0,3531,305,0,0,0,0,0,01,0,0,0,0,30988454,811D002D,1048575,26522,00,03
D,30989304,940,653,0,3531,241,0,0,0,0,0,01,0,0,0,0,30989342,811D002D,1048575,27396,00,03
D,30990318,1014,653,0,3531,250,0,0,0,0,0,01,0,0,0,0,30990362,811D002D,1048575,28417,00,03
D,30991298,980,653,0,3531,238,0,0,0,0,0,01,0,0,0,0,30991335,811D002D,1048575,29389,00,03
D,30992298,1000,653,0,3531,238,0,0,0,0,0,01,0,0,0,0,30992335,811D002D,1048575,30390,00,03
D,30993298,1000,653,0,3531,238,0,0,0,0,0,01,0,0,0,0,30993335,811D002D,1048575,31390,00,03
D,30994312,1014,653,0,3531,245,0,0,0,0,0,01,0,0,0,0,30994356,811D002D,1048575,32411,00,03
D,30995308,996,653,0,3531,238,0,0,0,0,0,01,0,0,0,0,30995345,811D002D,1048575,33400,00,03
D,30996335,1027,653,0,3531,263,0,0,0,0,0,01,0,0,0,0,30996416,811D002D,1048575,34482,00,03
D,30997410,1075,653,0,3531,351,0,0,0,0,0,01,0,0,0,0,30997584,811D002D,1048575,35684,00,03
D,30998491,1081,653,0,3531,418,0,0,0,0,0,01,0,0,0,0,30998605,811D002D,1048575,36680,00,03
D,30999349,858,653,0,3531,281,0,0,0,0,0,01,0,0,0,0,30999411,811D002D,1048575,37471,00,03
D,31000322,973,653,0,3531,267,0,0,0,0,0,01,0,0,0,0,31000389,811D002D,1048575,38453,00,03
D,31001332,1010,653,0,3531,274,0,0,0,0,0,01,0,0,0,0,31001393,811D002D,1048575,39453,00,03
D,31002346,1014,653,0,3531,276,0,0,0,0,0,01,0,0,0,0,31002419,811D002D,1048575,40484,00,03
D,31003334,988,653,0,3531,279,0,0,0,0,0,01,0,0,0,0,31003397,811D002D,1048575,41457,00,03
D,31004330,996,653,0,3531,269,0,0,0,0,0,01,0,0,0,0,31004397,811D002D,1048575,42462,00,03
D,31005338,1008,653,0,3531,274,0,0,0,0,0,01,0,0,0,0,31005398,811D002D,1048575,43459,00,03
D,31006339,1001,653,0,3531,280,0,0,0,0,0,01,0,0,0,0,31006412,811D002D,1048575,44477,00,03
D,31007356,1017,653,0,3531,289,0,0,0,0,0,01,0,0,0,0,31007443,811D002D,1048575,45521,00,03
D,31008368,1012,653,0,3531,307,0,0,0,0,0,01,0,0,0,0,31008459,811D002D,1048575,46528,00,03
D,31009312,944,653,0,3531,243,0,0,0,0,0,01,0,0,0,0,31009352,811D002D,1048575,47406,00,03
D,31010312,1000,653,0,3531,245,0,0,0,0,0,01,0,0,0,0,31010355,811D002D,1048575,48410,00,03
D,31011308,996,653,0,3531,238,0,0,0,0,0,01,0,0,0,0,31011344,811D002D,1048575,49399,00,03
D,31012291,983,653,0,3531,238,0,0,0,0,0,01,0,0,0,0,31012327,811D002D,1048575,1,00,03
D,31013322,1031,653,0,3531,254,0,0,0,0,0,01,0,0,0,0,31013386,811D002D,1048575,528,00,03
D,31014316,994,653,0,3531,246,0,0,0,0,0,01,0,0,0,0,31014361,811D002D,1048575,1504,00,03
D,31015300,984,653,0,3531,238,0,0,0,0,0,01,0,0,0,0,31015335,811D002D,1048575,2476,00,03
D,31016332,1032,653,0,3531,269,0,0,0,0,0,01,0,0,0,0,31016417,811D002D,1048575,3579,00,03
D,31017419,1087,653,0,3531,349,0,0,0,0,0,01,0,0,0,0,31017597,811D002D,1048575,4782,00,03
D,31018476,1057,653,0,3531,416,0,0,0,0,0,01,0,0,0,0,31018604,811D002D,1048575,5765,00,03
D,31019342,866,653,0,3531,281,0,0,0,0,0,01,0,0,0,0,31019407,811D002D,1048575,6554,00,03
D,31020334,992,653,0,3531,272,0,0,0,0,0,01,0,0,0,0,31020398,811D002D,1048575,7549,00,03
D,31021340,1006,653,0,3531,275,0,0,0,0,0,01,0,0,0,0,31021401,811D002D,1048575,8549,00,03
D,31022337,997,653,0,3531,275,0,0,0,0,0,01,0,0,0,0,31022407,811D002D,1048575,9558,00,03
D,31023341,1004,653,0,3531,278,0,0,0,0,0,01,0,0,0,0,31023400,811D002D,1048575,10546,00,03
D,31024341,1000,653,0,3531,270,0,0,0,0,0,01,0,0,0,0,31024406,811D002D,1048575,11559,00,03
D,31025334,993,653,0,3531,276,0,0,0,0,0,01,0,0,0,0,31025393,811D002D,1048575,12540,00,03
D,31026334,1000,653,0,3531,278,0,0,0,0,0,01,0,0,0,0,31026404,811D002D,1048575,13554,00,03
D,31027345,1011,653,0,3531,287,0,0,0,0,0,01,0,0,0,0,31027415,811D002D,1048575,14577,00,03
D,31028376,1031,653,0,3531,306,0,0,0,0,0,01,0,0,0,0,31028470,811D002D,1048575,15628,00,03
D,31029311,935,653,0,3531,243,0,0,0,0,0,01,0,0,0,0,31029349,811D002D,1048575,16490,00,03
D,31030313,1002,653,0,3531,249,0,0,0,0,0,01,0,0,0,0,31030353,811D002D,1048575,17495,00,03
D,31031301,988,653,0,3531,236,0,0,0,0,0,01,0,0,0,0,31031337,811D002D,1048575,18478,00,03
D,31032300,999,653,0,3531,239,0,0,0,0,0,01,0,0,0,0,31032336,811D002D,1048575,19478,00,03
D,31033299,999,653,0,3531,238,0,0,0,0,0,01,0,0,0,0,31033333,811D002D,1048575,20474,00,03
D,31034299,1000,653,0,3531,242,0,0,0,0,0,01,0,0,0,0,31034341,811D002D,1048575,21483,00,03
D,31035298,999,653,0,3531,238,0,0,0,0,0,01,0,0,0,0,31035334,811D002D,1048575,22476,00,03
D,31036325,1027,653,0,3531,261,0,0,0,0,0,01,0,0,0,0,31036404,811D002D,1048575,23554,00,03
D,31037412,1087,653,0,3531,357,0,0,0,0,0,01,0,0,0,0,31037596,811D002D,1048575,24777,00,03
D,31038472,1060,653,0,3531,416,0,0,0,0,0,01,0,0,0,0,31038592,811D002D,1048575,25754,00,03
D,31039340,868,653,0,3531,282,0,0,0,0,0,01,0,0,0,0,31039400,811D002D,1048575,26550,00,03
D,31040320,980,653,0,3531,265,0,0,0,0,0,01,0,0,0,0,31040384,811D002D,1048575,27535,00,03
D,31041345,1025,653,0,3531,274,0,0,0,0,0,01,0,0,0,0,31041402,811D002D,1048575,28551,00,03
D,31042332,987,653,0,3531,271,0,0,0,0,0,01,0,0,0,0,31042403,811D002D,1048575,29555,00,03
D,31043348,1016,653,0,3531,277,0,0,0,0,0,01,0,0,0,0,31043405,811D002D,1048575,30554,00,03
D,31044332,984,653,0,3531,267,0,0,0,0,0,01,0,0,0,0,31044397,811D002D,1048575,31549,00,03
D,31045338,1006,653,0,3531,277,0,0,0,0,0,01,0,0,0,0,31045398,811D002D,1048575,32547,00,03
D,31046337,999,653,0,3531,276,0,0,0,0,0,01,0,0,0,0,31046410,811D002D,1048575,33561,00,03
D,31047358,1021,653,0,3531,290,0,0,0,0,0,01,0,0,0,0,31047443,811D002D,1048575,34605,00,03
D,31048371,1013,653,0,3531,304,0,0,0,0,0,01,0,0,0,0,31048460,811D002D,1048575,35615,00,03
D,31049312,941,653,0,3531,244,0,0,0,0,0,01,0,0,0,0,31049353,811D002D,1048575,36495,00,03
D,31050312,1000,653,0,3531,246,0,0,0,0,0,01,0,0,0,0,31050355,811D002D,1048575,37496,00,03
D,31051308,996,653,0,3531,238,0,0,0,0,0,01,0,0,0,0,31051346,811D002D,1048575,38488,00,03
D,31052308,1000,653,0,3531,238,0,0,0,0,0,01,0,0,0,0,31052345,811D002D,1048575,39486,00,03
D,31053308,1000,653,0,3531,238,0,0,0,0,0,01,0,0,0,0,31053345,811D002D,1048575,40486,00,03
D,31054301,993,653,0,3531,245,0,0,0,0,0,01,0,0,0,0,31054344,811D002D,1048575,41486,00,03
D,31055298,997,653,0,3531,238,0,0,0,0,0,01,0,0,0,0,31055335,811D002D,1048575,42476,00,03
D,31056321,1023,653,0,3531,261,0,0,0,0,0,01,0,0,0,0,31056401,811D002D,1048575,43556,00,03
D,31057411,1090,653,0,3531,355,0,0,0,0,0,01,0,0,0,0,31057594,811D002D,1048575,44777,00,03
D,31058477,1066,653,0,3531,419,0,0,0,0,0,01,0,0,0,0,31058600,811D002D,1048575,45763,00,03
D,31059344,867,653,0,3531,285,0,0,0,0,0,01,0,0,0,0,31059403,811D002D,1048575,46550,00,03
D,31060330,986,653,0,3531,270,0,0,0,0,0,01,0,0,0,0,31060392,811D002D,1048575,47543,00,03
D,31061330,1000,653,0,3531,274,0,0,0,0,0,01,0,0,0,0,31061390,811D002D,1048575,48539,00,03
D,31062342,1012,653,0,3531,275,0,0,0,0,0,01,0,0,0,0,31062412,811D002D,1048575,49563,00,03
D,31063345,1003,653,0,3531,278,0,0,0,0,0,01,0,0,0,0,31063404,811D002D,1048575,1,00,03
D,31064326,981,653,0,3531,257,0,0,0,0,0,01,0,0,0,0,31064406,811D002D,1048575,469,00,03
D,31065333,1007,653,0,3531,278,0,0,0,0,0,01,0,0,0,0,31065395,811D002D,1048575,1455,00,03
D,31066343,1010,653,0,3531,282,0,0,0,0,0,01,0,0,0,0,31066413,811D002D,1048575,2475,00,03
D,31067349,1006,653,0,3531,289,0,0,0,0,0,01,0,0,0,0,31067431,811D002D,1048575,3500,00,03
D,31068370,1021,653,0,3531,305,0,0,0,0,0,01,0,0,0,0,31068462,811D002D,1048575,4531,00,03
D,31069300,930,653,0,3531,245,0,0,0,0,0,01,0,0,0,0,31069339,811D002D,1048575,5392,00,03
D,31070305,1005,653,0,3531,249,0,0,0,0,0,01,0,0,0,0,31070348,811D002D,1048575,6402,00,03
D,31071303,998,653,0,3531,238,0,0,0,0,0,01,0,0,0,0,31071339,811D002D,1048575,7392,00,03
D,31072301,998,653,0,3531,238,0,0,0,0,0,01,0,0,0,0,31072337,811D002D,1048575,8391,00,03
D,31073299,998,653,0,3531,239,0,0,0,0,0,01,0,0,0,0,31073335,811D002D,1048575,9388,00,03
D,31074311,1012,653,0,3531,245,0,0,0,0,0,01,0,0,0,0,31074354,811D002D,1048575,10407,00,03
D,31075308,997,653,0,3531,238,0,0,0,0,0,01,0,0,0,0,31075344,811D002D,1048575,11397,00,03
D,31076318,1010,653,0,3531,262,0,0,0,0,0,01,0,0,0,0,31076396,811D002D,1048575,12458,00,03
D,31077407,1089,653,0,3531,353,0,0,0,0,0,01,0,0,0,0,31077589,811D002D,1048575,13685,00,03
D,31078472,1065,653,0,3531,415,0,0,0,0,0,01,0,0,0,0,31078597,811D002D,1048575,14671,00,03
D,31079343,871,653,0,3531,283,0,0,0,0,0,01,0,0,0,0,31079405,811D002D,1048575,15466,00,03
D,31080322,979,653,0,3531,264,0,0,0,0,0,01,0,0,0,0,31080388,811D002D,1048575,16450,00,03
D,31081343,1021,653,0,3531,273,0,0,0,0,0,01,0,0,0,0,31081404,811D002D,1048575,17467,00,03
D,31082336,993,653,0,3531,272,0,0,0,0,0,01,0,0,0,0,31082406,811D002D,1048575,18468,00,03
D,31083333,997,653,0,3531,275,0,0,0,0,0,01,0,0,0,0,31083392,811D002D,1048575,19453,00,03
D,31084334,1001,653,0,3531,265,0,0,0,0,0,01,0,0,0,0,31084402,811D002D,1048575,20467,00,03
D,31085344,1010,653,0,3531,273,0,0,0,0,0,01,0,0,0,0,31085404,811D002D,1048575,21463,00,03
D,31086335,991,653,0,3531,274,0,0,0,0,0,01,0,0,0,0,31086407,811D002D,1048575,22470,00,03
D,31087346,1011,653,0,3531,287,0,0,0,0,0,01,0,0,0,0,31087432,811D002D,1048575,23511,00,03
D,31088369,1023,653,0,3531,304,0,0,0,0,0,01,0,0,0,0,31088459,811D002D,1048575,24526,00,03
D,31089309,940,653,0,3531,240,0,0,0,0,0,01,0,0,0,0,31089350,811D002D,1048575,25404,00,03
D,31090306,997,653,0,3531,244,0,0,0,0,0,01,0,0,0,0,31090350,811D002D,1048575,26404,00,03
D,31091304,998,653,0,3531,237,0,0,0,0,0,01,0,0,0,0,31091341,811D002D,1048575,27395,00,03
D,31092303,999,653,0,3531,237,0,0,0,0,0,01,0,0,0,0,31092340,811D002D,1048575,28393,00,03
D,31093302,999,653,0,3531,237,0,0,0,0,0,01,0,0,0,0,31093339,811D002D,1048575,29392,00,03
D,31094312,1010,653,0,3531,244,0,0,0,0,0,01,0,0,0,0,31094356,811D002D,1048575,30410,00,03
D,31095295,983,653,0,3531,237,0,0,0,0,0,01,0,0,0,0,31095331,811D002D,1048575,31384,00,03
D,31096319,1024,653,0,3531,262,0,0,0,0,0,01,0,0,0,0,31096398,811D002D,1048575,32461,00,03
D,31097408,1089,653,0,3531,351,0,0,0,0,0,01,0,0,0,0,31097588,811D002D,1048575,33685,00,03
D,31098483,1075,653,0,3531,412,0,0,0,0,0,01,0,0,0,0,31098604,811D002D,1048575,34677,00,03
D,31099348,865,653,0,3531,285,0,0,0,0,0,01,0,0,0,0,31099408,811D002D,1048575,35468,00,03
D,31100333,985,653,0,3531,270,0,0,0,0,0,01,0,0,0,0,31100398,811D002D,1048575,36462,00,03
D,31101340,1007,653,0,3531,273,0,0,0,0,0,01,0,0,0,0,31101397,811D002D,1048575,37455,00,03
D,31102329,989,653,0,3531,275,0,0,0,0,0,01,0,0,0,0,31102400,811D002D,1048575,38465,00,03
D,31103346,1017,653,0,3531,277,0,0,0,0,0,01,0,0,0,0,31103404,811D002D,1048575,39462,00,03
D,31104327,981,653,0,3531,266,0,0,0,0,0,01,0,0,0,0,31104391,811D002D,1048575,40455,00,03
D,31105329,1002,653,0,3531,272,0,0,0,0,0,01,0,0,0,0,31105388,811D002D,1048575,41448,00,03
D,31106340,1011,653,0,3531,275,0,0,0,0,0,01,0,0,0,0,31106412,811D002D,1048575,42475,00,03
D,31107353,1013,653,0,3531,286,0,0,0,0,0,01,0,0,0,0,31107436,811D002D,1048575,43504,00,03
D,31108355,1002,653,0,3531,299,0,0,0,0,0,01,0,0,0,0,31108448,811D002D,1048575,44516,00,03
D,31109307,952,653,0,3531,245,0,0,0,0,0,01,0,0,0,0,31109345,811D002D,1048575,45399,00,03
D,31110308,1001,653,0,3531,247,0,0,0,0,0,01,0,0,0,0,31110352,811D002D,1048575,46406,00,03
D,31111303,995,653,0,3531,237,0,0,0,0,0,01,0,0,0,0,31111340,811D002D,1048575,47393,00,03
D,31112300,997,653,0,3531,237,0,0,0,0,0,01,0,0,0,0,31112337,811D002D,1048575,48391,00,03
D,31113298,998,653,0,3531,237,0,0,0,0,0,01,0,0,0,0,31113335,811D002D,1048575,49388,00,03
D,31114312,1014,653,0,3531,243,0,0,0,0,0,01,0,0,0,0,31114355,811D002D,1048575,1,00,03
D,31115311,999,653,0,3531,248,0,0,0,0,0,01,0,0,0,0,31115374,811D002D,1048575,493,00,03
D,31116328,1017,653,0,3531,268,0,0,0,0,0,01,0,0,0,0,31116416,811D002D,1048575,1550,00,03
D,31117414,1086,653,0,3531,348,0,0,0,0,0,01,0,0,0,0,31117599,811D002D,1048575,2761,00,03
D,31120315,2901,653,0,3531,418,0,0,0,0,0,01,12,2,2200,0,31120423,811F0055,1048575,2,00,02
D,31121729,1414,651,-2,3533,269,1,16,0,0,0,01,12,2,2200,0,31121791,811F0055,1048575,809,00,02
D,31122791,1062,649,-2,3535,320,2,32,0,6,0,01,12,2,2200,1,31122886,811F0055,1048575,1935,00,02
D,31123727,936,648,-1,3536,252,4,40,0,6,0,01,12,2,2200,1,31123765,811F0055,1048575,2782,00,02
D,31124730,1003,648,0,3536,261,5,40,0,6,0,01,12,2,2200,1,31124794,811F0055,1048575,3817,00,02
D,31125733,1003,648,0,3536,270,6,40,0,6,0,01,12,2,2200,1,31125794,811F0055,1048575,4815,00,02
D,31126752,1019,648,0,3536,290,8,40,0,6,0,01,12,2,2200,1,31126834,811F0055,1048575,5862,00,02
D,31127878,1126,648,0,3536,394,9,40,0,6,0,01,12,2,2200,1,31127962,811F0055,1048575,6994,00,02
D,31128742,864,648,0,3536,273,10,40,0,6,0,01,12,2,2200,1,31128783,811F0055,1048575,7799,00,02
D,31129700,958,648,0,3536,232,11,40,0,6,0,01,12,2,2200,1,31129730,811F0055,1048575,8743,00,02
D,31130721,1021,648,0,3536,253,13,40,0,6,0,01,12,2,2200,1,31130787,811F0055,1048575,9807,00,02
D,31131713,992,648,0,3536,242,14,40,0,6,0,01,12,2,2200,1,31131740,811F0055,1048575,10753,00,02
D,31132696,983,648,0,3536,227,15,40,0,6,0,01,12,2,2200,1,31132725,811F0055,1048575,11738,00,02
D,31133689,993,648,0,3536,229,16,40,0,6,0,01,12,2,2200,1,31133715,811F0055,1048575,12729,00,02
D,31134711,1022,648,0,3536,249,17,40,0,6,0,01,12,2,2200,1,31134777,811F0055,1048575,13796,00,02
D,31135704,993,648,0,3536,242,18,40,0,6,0,01,12,2,2200,1,31135733,811F0055,1048575,14746,00,02
D,31136884,1180,648,0,3536,411,19,40,0,6,0,01,12,2,2200,1,31136984,811F0055,1048575,16018,00,02
D,31137884,1000,648,0,3536,423,19,40,0,6,0,01,12,2,2200,1,31138059,811F0055,1048575,17118,00,02
D,31138816,932,648,0,3536,354,20,40,0,6,0,01,12,2,2200,1,31138941,811F0055,1048575,17991,00,02
D,31139742,926,648,0,3536,272,21,40,0,6,0,01,12,2,2200,1,31139792,811F0055,1048575,18811,00,02
D,31140724,982,648,0,3536,257,22,40,0,6,0,01,12,2,2200,1,31140791,811F0055,1048575,19811,00,02
D,31141726,1002,648,0,3536,262,22,40,0,6,0,01,12,2,2200,1,31141770,811F0055,1048575,20791,00,02
D,31142738,1012,648,0,3536,281,23,40,0,6,0,01,12,2,2200,1,31142826,811F0055,1048575,21853,00,02
D,31143733,995,648,0,3536,268,24,40,0,6,0,01,12,2,2200,1,31143786,811F0055,1048575,22805,00,02
D,31144734,1001,648,0,3536,261,24,40,0,6,0,01,12,2,2200,1,31144798,811F0055,1048575,23821,00,02
D,31145722,988,648,0,3536,264,25,40,0,6,0,01,12,2,2200,1,31145777,811F0055,1048575,24797,00,02
D,31146763,1041,648,0,3536,292,26,40,0,6,0,01,12,2,2200,1,31146847,811F0055,1048575,25875,00,02
D,31147797,1034,648,0,3536,324,26,40,0,6,0,01,12,2,2200,1,31147890,811F0055,1048575,26922,00,02
D,31148774,977,648,0,3536,302,27,39,0,6,0,01,12,2,2200,1,31148817,811F0055,1048575,27834,00,02
D,31149700,926,648,0,3536,235,27,38,0,6,0,01,12,2,2200,1,31149732,811F0055,1048575,28746,00,02
D,31150721,1021,648,0,3536,253,28,40,0,6,0,01,12,2,2200,1,31150789,811F0055,1048575,29810,00,02
D,31151708,987,648,0,3536,250,28,39,0,6,0,01,12,2,2200,1,31151735,811F0055,1048575,30748,00,02
D,31152691,983,648,0,3536,227,28,24,0,6,0,01,12,2,2200,1,31152721,811F0055,1048575,31734,00,02
D,31153701,1010,648,0,3536,228,27,8,0,6,0,01,12,2,2200,1,31153728,811F0055,1048575,32741,00,02
D,31154714,1013,648,0,3536,256,26,0,0,8,0,01,12,2,2200,1,31154788,811F0055,1048575,33811,00,02
D,31155721,1007,648,0,3536,253,25,0,0,8,0,01,12,2,2200,1,31155754,811F0055,1048575,34767,00,02
D,31156865,1144,648,0,3536,394,24,0,0,8,0,01,12,2,2200,1,31156974,811F0055,1048575,36011,00,02
D,31157911,1046,648,0,3536,437,23,0,0,8,0,01,12,2,2200,1,31158107,811F0055,1048575,37149,00,02
D,31158814,903,648,0,3536,347,22,0,0,8,0,01,12,2,2200,1,31158920,811F0055,1048575,37961,00,02
D,31159731,917,648,0,3536,266,21,0,0,8,0,01,12,2,2200,1,31159780,811F0055,1048575,38800,00,02
D,31160729,998,648,0,3536,258,20,0,0,8,0,01,12,2,2200,1,31160792,811F0055,1048575,39813,00,02
D,31161736,1007,648,0,3536,265,20,0,0,8,0,01,12,2,2200,1,31161783,811F0055,1048575,40804,00,02
D,31162748,1012,648,0,3536,276,19,0,0,8,0,01,12,2,2200,1,31162830,811F0055,1048575,41856,00,02
D,31163732,984,648,0,3536,273,18,0,0,8,0,01,12,2,2200,1,31163785,811F0055,1048575,42806,00,02
D,31164732,1000,648,0,3536,260,17,0,0,8,0,01,12,2,2200,1,31164798,811F0055,1048575,43822,00,02
D,31165729,997,648,0,3536,265,17,0,0,8,0,01,12,2,2200,1,31165780,811F0055,1048575,44800,00,02
D,31166759,1030,648,0,3536,287,16,0,0,8,0,01,12,2,2200,1,31166838,811F0055,1048575,45862,00,02
D,31167787,1028,648,0,3536,314,15,0,0,8,0,01,12,2,2200,1,31167897,811F0055,1048575,46928,00,02
D,31168776,989,648,0,3536,306,15,0,0,8,0,01,12,2,2200,1,31168823,811F0055,1048575,47841,00,02
D,31169706,930,648,0,3536,234,14,0,0,8,0,01,12,2,2200,1,31169736,811F0055,1048575,48749,00,02
D,31170727,1021,648,0,3536,253,14,0,0,8,0,01,12,2,2200,1,31170795,811F0055,1048575,49814,00,02
D,31171713,986,648,0,3536,251,13,0,0,8,0,01,12,2,2200,1,31171741,011F0040,65535,1,00,02
D,31172701,988,648,0,3536,233,13,0,0,8,0,01,12,2,2200,1,31172763,011F0040,65535,498,00,02
D,31173710,1009,648,0,3536,245,12,0,0,8,0,01,12,2,2200,1,31173742,011F0040,65535,1474,00,02
D,31174703,993,648,0,3536,240,12,0,0,8,0,01,12,2,2200,1,31174751,011F0040,65535,2485,00,02
D,31175704,1001,648,0,3536,239,11,0,0,8,0,01,12,2,2200,1,31175735,011F0040,65535,3467,00,02
D,31176857,1153,648,0,3536,376,11,0,0,8,0,01,12,2,2200,1,31176960,011F0040,65535,4717,00,02
D,31177913,1056,648,0,3536,452,10,0,0,8,0,01,12,2,2200,2,31178109,011F0040,65535,5867,00,02
D,31178813,900,648,0,3536,344,10,0,0,8,0,01,12,2,2200,2,31178903,011F0040,65535,6663,00,02
D,31179743,930,648,0,3536,271,10,0,0,8,0,01,12,2,2200,2,31179789,011F0040,65535,7529,00,02
D,31180720,977,648,0,3536,253,9,0,0,8,0,01,12,2,2200,2,31180780,011F0040,65535,8518,00,02
D,31181728,1008,648,0,3536,268,9,0,0,8,0,01,12,2,2200,2,31181776,011F0040,65535,9516,00,02
D,31182742,1014,648,0,3536,274,8,0,0,8,0,01,12,2,2200,2,31182826,011F0040,65535,10570,00,02
D,31183753,1011,648,0,3536,279,8,0,0,8,0,01,12,2,2200,2,31183801,011F0040,65535,11538,00,02
D,31184732,979,648,0,3536,260,8,0,0,8,0,01,12,2,2200,2,31184795,011F0040,65535,12537,00,02
D,31185727,995,648,0,3536,271,8,0,0,8,0,01,12,2,2200,2,31185779,011F0040,65535,13517,00,02
D,31186746,1019,648,0,3536,283,7,0,0,8,0,01,12,2,2200,2,31186828,011F0040,65535,14573,00,02
D,31187799,1053,648,0,3536,324,7,0,0,8,0,01,12,2,2200,2,31187891,011F0040,65535,15640,00,02
D,31188774,975,648,0,3536,302,7,0,0,8,0,01,12,2,2200,2,31188815,011F0040,65535,16550,00,02
D,31189696,922,648,0,3536,234,6,0,0,8,0,01,12,2,2200,2,31189727,011F0040,65535,17459,00,02
D,31190727,1031,648,0,3536,254,6,0,0,8,0,01,12,2,2200,2,31190795,011F0040,65535,18534,00,02
D,31191713,986,648,0,3536,253,6,0,0,8,0,01,12,2,2200,2,31191746,011F0040,65535,19477,00,02
D,31192689,976,648,0,3536,229,6,0,0,8,0,01,12,2,2200,2,31192719,011F0040,65535,20450,00,02
D,31193698,1009,648,0,3536,228,5,0,0,8,0,01,12,2,2200,2,31193728,011F0040,65535,21459,00,02
D,31194728,1030,649,1,3535,257,5,-8,0,10,0,01,12,2,2200,2,31194797,011F0040,65535,22538,00,02
D,31195724,996,648,-1,3536,254,5,0,0,10,0,01,12,2,2200,2,31195756,011F0040,65535,23487,00,02
D,31196856,1132,648,0,3536,381,5,0,0,10,0,01,12,2,2200,2,31196964,011F0040,65535,24716,00,02
D,31197941,1085,648,0,3536,458,4,0,0,10,0,01,12,2,2200,2,31198124,011F0040,65535,25883,00,02
D,31198808,867,649,1,3535,348,4,-8,0,10,0,01,12,2,2200,2,31198896,011F0040,65535,26658,00,02
D,31199740,932,648,-1,3536,274,4,0,0,10,0,01,12,2,2200,2,31199790,011F0040,65535,27529,00,02
D,31200719,979,648,0,3536,252,4,0,0,10,0,01,12,2,2200,2,31200779,011F0040,65535,28518,00,02
D,31201739,1020,648,0,3536,272,3,0,0,10,0,01,12,2,2200,2,31201786,011F0040,65535,29524,00,02
D,31202756,1017,648,0,3536,284,3,0,0,10,0,01,12,2,2200,2,31202838,011F0040,65535,30583,00,02
D,31203742,986,649,1,3535,274,3,-8,0,10,0,01,12,2,2200,2,31203796,011F0040,65535,31534,00,02
D,31204730,988,649,0,3535,265,2,-8,0,10,0,01,12,2,2200,2,31204793,011F0040,65535,32536,00,02
D,31205738,1008,649,0,3535,274,2,-8,0,10,0,01,12,2,2200,2,31205790,011F0040,65535,33529,00,02
D,31206758,1020,649,0,3535,285,2,-8,0,10,0,01,12,2,2200,2,31206841,011F0040,65535,34585,00,02
D,31207782,1024,649,0,3535,309,1,-8,0,10,0,01,12,2,2200,2,31207893,011F0040,65535,35644,00,02
D,31208777,995,649,0,3535,308,1,-8,0,10,0,01,12,2,2200,2,31208827,011F0040,65535,36563,00,02
D,31209695,918,649,0,3535,234,1,-8,0,10,0,01,12,2,2200,2,31209727,011F0040,65535,37458,00,02
D,31210713,1018,649,0,3535,251,0,-8,0,10,0,01,12,2,2200,2,31210776,011F0040,65535,38514,00,02
D,31211711,998,649,0,3535,250,0,-8,0,10,0,01,12,2,2200,2,31211745,011F0040,65535,39476,00,02
D,31212692,981,648,-1,3536,228,0,0,0,10,0,01,12,2,2200,2,31212722,011F0040,65535,40453,00,02
D,31213701,1009,649,1,3535,228,0,-8,0,10,0,01,12,2,2200,2,31213731,011F0040,65535,41463,00,02
D,31214699,998,649,0,3535,239,-1,-8,0,10,0,01,12,2,2200,2,31214741,011F0040,65535,42476,00,02
D,31215712,1013,649,0,3535,240,-1,-8,0,10,0,01,12,2,2200,2,31215746,011F0040,65535,43477,00,02
D,31216819,1107,649,0,3535,351,-1,-8,0,10,0,01,12,2,2200,2,31216919,011F0040,65535,44674,00,02
D,31217925,1106,648,-1,3536,466,-1,0,0,10,0,01,12,2,2200,3,31218107,011F0040,65535,45866,00,02
D,31218811,886,648,0,3536,343,-1,0,0,10,0,01,12,2,2200,3,31218910,011F0040,65535,46669,00,02
D,31219744,933,649,1,3535,272,-1,-8,0,10,0,01,12,2,2200,3,31219793,011F0040,65535,47532,00,02
D,31220726,982,649,0,3535,259,-2,-8,0,10,0,01,12,2,2200,3,31220803,011F0040,65535,48544,00,02
D,31221739,1013,649,0,3535,275,-2,-8,0,10,0,01,12,2,2200,3,31221806,011F0040,65535,49547,00,02
D,31222746,1007,649,0,3535,286,-2,-8,0,10,0,01,12,2,2200,3,31222832,011F0040,30191,1,00,02
D,31223778,1032,649,0,3535,277,-2,-8,0,10,0,01,12,2,2200,3,31223850,011F0040,30191,462,00,02
D,31224744,966,649,0,3535,274,-2,0,0,10,0,01,12,2,2200,3,31224811,011F0040,30191,1427,00,02
D,31225742,998,649,0,3535,276,-3,-8,0,10,0,01,12,2,2200,3,31225807,011F0040,30191,2421,00,02
D,31226769,1027,649,0,3535,306,-3,-8,0,11,0,01,12,2,2200,3,31226863,011F0040,30191,3488,00,02
D,31227765,996,649,0,3535,308,-3,-8,0,11,0,01,12,2,2200,3,31227873,011F0040,30191,4499,00,02
D,31228775,1010,649,0,3535,308,-3,-8,0,11,0,01,12,2,2200,3,31228829,011F0040,30191,5438,00,02
D,31229696,921,649,0,3535,230,-3,0,0,11,0,01,12,2,2200,3,31229726,011F0040,30191,6332,00,02
D,31230712,1016,649,0,3535,237,-3,-8,0,11,0,01,12,2,2200,3,31230754,011F0040,30191,7363,00,02
D,31231704,992,649,0,3535,239,-3,-8,0,11,0,01,12,2,2200,3,31231734,011F0040,30191,8339,00,02
D,31232695,991,649,0,3535,228,-4,-8,0,11,0,01,12,2,2200,3,31232725,011F0040,30191,9331,00,02
D,31233688,993,649,0,3535,228,-4,-8,0,11,0,01,12,2,2200,3,31233718,011F0040,30191,10323,00,02
D,31234711,1023,649,0,3535,249,-4,0,0,11,0,01,12,2,2200,3,31234775,011F0040,30191,11387,00,02
D,31235717,1006,649,0,3535,247,-3,0,0,11,0,01,12,2,2200,3,31235749,011F0040,30191,12354,00,02
D,31236835,1118,649,0,3535,374,-3,0,0,11,0,01,12,2,2200,3,31236940,011F0040,30191,13567,00,02
D,31237899,1064,649,0,3535,442,-3,0,0,11,0,01,12,2,2200,3,31238081,011F0040,30191,14714,00,02
D,31238828,929,649,0,3535,355,-3,0,0,11,0,01,12,2,2200,3,31238928,011F0040,30191,15564,00,02
D,31239733,905,649,0,3535,271,-3,0,0,11,0,01,12,2,2200,3,31239778,011F0040,30191,16390,00,02
D,31240717,984,649,0,3535,256,-3,0,0,11,0,01,12,2,2200,3,31240781,011F0040,30191,17396,00,02
D,31241740,1023,649,0,3535,271,-3,0,0,11,0,01,12,2,2200,3,31241786,011F0040,30191,18398,00,02
D,31242751,1011,649,0,3535,279,-3,-8,0,11,0,01,12,2,2200,3,31242833,011F0040,30191,19453,00,02
D,31243741,990,649,0,3535,273,-3,0,0,11,0,01,12,2,2200,3,31243789,011F0040,30191,20401,00,02
D,31244721,980,649,0,3535,263,-3,0,0,11,0,01,12,2,2200,3,31244783,011F0040,30191,21399,00,02
D,31245741,1020,649,0,3535,272,-3,0,0,11,0,01,12,2,2200,3,31245793,011F0040,30191,22405,00,02
D,31246754,1013,649,0,3535,285,-3,0,0,11,0,01,12,2,2200,3,31246839,011F0040,30191,23459,00,02
D,31247802,1048,649,0,3535,327,-2,0,0,11,0,01,12,2,2200,3,31247889,011F0040,30191,24512,00,02
D,31248771,969,649,0,3535,302,-3,-8,0,11,0,01,12,2,2200,3,31248817,011F0040,30191,25428,00,02
D,31249706,935,649,0,3535,238,-3,-8,0,11,0,01,12,2,2200,3,31249740,011F0040,30191,26346,00,02
D,31250727,1021,649,0,3535,259,-3,0,0,11,0,01,12,2,2200,4,31250800,011F0040,30191,27415,00,02
D,31251713,986,649,0,3535,250,-3,0,0,11,0,01,12,2,2200,4,31251743,011F0040,30191,28348,00,02
D,31252689,976,649,0,3535,229,-2,0,0,11,0,01,12,2,2200,4,31252718,011F0040,30191,29323,00,02
D,31253698,1009,649,0,3535,228,-2,0,0,11,0,01,12,2,2200,4,31253727,011F0040,30191,30333,00,02
D,31254722,1024,649,0,3535,256,-2,0,0,13,0,01,12,2,2200,4,31254795,011F0040,30191,31407,00,02
D,31255715,993,649,0,3535,252,-2,0,0,13,0,01,12,2,2200,4,31255747,011F0040,30191,32352,00,02
D,31256869,1154,649,0,3535,396,-2,0,0,13,0,01,12,2,2200,4,31256981,011F0040,30191,33607,00,02
D,31257940,1071,649,0,3535,451,-2,0,0,13,0,01,12,2,2200,4,31258132,011F0040,30191,34768,00,02
D,31258801,861,649,0,3535,335,-2,0,0,13,0,01,12,2,2200,4,31258886,011F0040,30191,35520,00,02
D,31259733,932,649,0,3535,274,-2,0,0,13,0,01,12,2,2200,4,31259783,011F0040,30191,36397,00,02
D,31260710,977,649,0,3535,252,-2,0,0,13,0,01,12,2,2200,4,31260773,011F0040,30191,37388,00,02
D,31261745,1035,649,0,3535,273,-2,0,0,13,0,01,12,2,2200,4,31261791,011F0040,30191,38402,00,02
D,31262745,1000,649,0,3535,279,-2,0,0,13,0,01,12,2,2200,4,31262828,011F0040,30191,39448,00,02
D,31263741,996,649,0,3535,282,-2,0,0,13,0,01,12,2,2200,4,31263795,011F0040,30191,40406,00,02
D,31264720,979,649,0,3535,258,-2,0,0,13,0,01,12,2,2200,4,31264784,011F0040,30191,41400,00,02
D,31265744,1024,649,0,3535,274,-1,0,0,13,0,01,12,2,2200,4,31265796,011F0040,30191,42408,00,02
D,31266753,1009,649,0,3535,285,-1,0,0,13,0,01,12,2,2200,4,31266835,011F0040,30191,43455,00,02
D,31267764,1011,649,0,3535,304,-1,0,0,13,0,01,12,2,2200,4,31267895,011F0040,30191,44521,00,02
D,31268784,1020,649,0,3535,309,-1,0,0,13,0,01,12,2,2200,4,31268830,011F0040,30191,45440,00,02
D,31269690,906,649,0,3535,232,-1,0,0,13,0,01,12,2,2200,4,31269724,011F0040,30191,46330,00,02
D,31270701,1011,649,0,3535,233,-1,0,0,13,0,01,12,2,2200,4,31270744,011F0040,30191,47353,00,02
D,31271715,1014,649,0,3535,240,-1,0,0,13,0,01,12,2,2200,4,31271748,011F0040,30191,48353,00,02
D,31272688,973,649,0,3535,227,-1,0,0,13,0,01,12,2,2200,4,31272720,011F0040,30191,49326,00,02
D,31273699,1011,649,0,3535,227,-1,0,0,13,0,01,12,2,2200,4,31273731,011F0040,24646,1,00,02
D,31274729,1030,649,0,3535,264,-1,0,0,13,0,01,12,2,2200,4,31274798,011F0040,24646,515,00,02
D,31275715,986,649,0,3535,252,-1,0,0,13,0,01,12,2,2200,4,31275748,011F0040,24646,1459,00,02
D,31276832,1117,649,0,3535,366,-1,0,0,13,0,01,12,2,2200,4,31276933,011F0040,24646,2664,00,02
D,31277945,1113,649,0,3535,475,-1,0,0,13,0,01,12,2,2200,5,31278115,011F0040,24646,3855,00,02
D,31278828,883,650,1,3534,358,-1,-8,0,13,0,01,12,2,2200,5,31278925,011F0040,24646,4664,00,02
D,31279727,899,650,0,3534,267,-1,-8,0,13,0,01,12,2,2200,5,31279769,011F0040,24646,5488,00,02
D,31280715,988,650,0,3534,253,-2,-8,0,13,0,01,12,2,2200,5,31280777,011F0040,24646,6498,00,02
D,31281744,1029,650,0,3534,269,-2,-8,0,13,0,01,12,2,2200,5,31281788,011F0040,24646,7506,00,02
D,31282749,1005,650,0,3534,290,-2,-8,0,14,0,01,12,2,2200,5,31282840,011F0040,24646,8568,00,02
D,31283742,993,650,0,3534,283,-2,-8,0,14,0,01,12,2,2200,5,31283797,011F0040,24646,9516,00,02
D,31284727,985,650,0,3534,266,-3,-8,0,14,0,01,12,2,2200,5,31284791,011F0040,24646,10513,00,02
D,31285742,1015,650,0,3534,274,-3,-8,0,14,0,01,12,2,2200,5,31285794,011F0040,24646,11512,00,02
D,31286757,1015,650,0,3534,288,-3,-8,0,14,0,01,12,2,2200,5,31286847,011F0040,24646,12573,00,02
D,31287790,1033,650,0,3534,319,-3,-8,0,14,0,01,12,2,2200,5,31287883,011F0040,24646,13617,00,02
D,31288778,988,650,0,3534,316,-3,-8,0,14,0,01,12,2,2200,5,31288821,011F0040,24646,14538,00,02
D,31289702,924,650,0,3534,229,-4,-8,0,14,0,01,12,2,2200,5,31289733,011F0040,24646,15444,00,02
D,31290722,1020,650,0,3534,247,-4,-8,0,14,0,01,12,2,2200,5,31290786,011F0040,24646,16504,00,02
D,31291714,992,650,0,3534,248,-4,-8,0,14,0,01,12,2,2200,5,31291747,011F0040,24646,17459,00,02
D,31292689,975,650,0,3534,228,-4,-8,0,14,0,01,12,2,2200,5,31292720,011F0040,24646,18431,00,02
D,31293699,1010,650,0,3534,228,-4,-8,0,14,0,01,12,2,2200,5,31293730,011F0040,24646,19442,00,02
D,31294703,1004,650,0,3534,243,-4,-8,0,14,0,01,12,2,2200,5,31294768,011F0040,24646,20484,00,02
D,31295717,1014,650,0,3534,249,-5,-8,0,14,0,01,12,2,2200,5,31295746,011F0040,24646,21457,00,02
D,31296827,1110,650,0,3534,364,-5,-8,0,14,0,01,12,2,2200,5,31296931,011F0040,24646,22667,00,02
D,31297919,1092,650,0,3534,454,-5,-8,0,14,0,01,12,2,2200,5,31298101,011F0040,24646,23839,00,02
D,31298812,893,650,0,3534,346,-5,-8,0,14,0,01,12,2,2200,5,31298910,011F0040,24646,24650,00,02
D,31299731,919,650,0,3534,273,-5,-8,0,14,0,01,12,2,2200,5,31299778,011F0040,24646,25498,00,02
D,31300708,977,650,0,3534,251,-5,-8,0,14,0,01,12,2,2200,5,31300771,011F0040,24646,26492,00,02
D,31301729,1021,650,0,3534,271,-5,-8,0,14,0,01,12,2,2200,5,31301776,011F0040,24646,27493,00,02
D,31302747,1018,650,0,3534,288,-5,-8,0,15,0,01,12,2,2200,5,31302842,011F0040,24646,28571,00,02
D,31303741,994,650,0,3534,277,-5,-8,0,15,0,01,12,2,2200,6,31303793,011F0040,24646,29511,00,02
D,31304736,995,650,0,3534,264,-6,-8,0,15,0,01,12,2,2200,6,31304801,011F0040,24646,30523,00,02
D,31305737,1001,650,0,3534,271,-6,-8,0,15,0,01,12,2,2200,6,31305792,011F0040,24646,31509,00,02
D,31306746,1009,650,0,3534,289,-6,-8,0,15,0,01,12,2,2200,6,31306834,011F0040,24646,32560,00,02
D,31307795,1049,650,0,3534,322,-6,-8,0,15,0,01,12,2,2200,6,31307885,011F0040,24646,33618,00,02
D,31308777,982,650,0,3534,311,-6,-8,0,15,0,01,12,2,2200,6,31308819,011F0040,24646,34535,00,02
D,31309699,922,650,0,3534,233,-6,0,0,15,0,01,12,2,2200,6,31309731,011F0040,24646,35443,00,02
D,31310714,1015,651,1,3533,247,-6,-8,0,15,0,01,12,2,2200,6,31310785,011F0040,24646,36504,00,02
D,31311724,1010,651,0,3533,251,-6,-8,0,15,0,01,12,2,2200,6,31311754,011F0040,24646,37466,00,02
D,31312698,974,651,0,3533,229,-6,-8,0,15,0,01,12,2,2200,6,31312729,011F0040,24646,38440,00,02
D,31313689,991,651,0,3533,229,-6,-8,0,15,0,01,12,2,2200,6,31313719,011F0040,24646,39430,00,02
D,31314711,1022,651,0,3533,243,-6,-8,0,15,0,01,12,2,2200,6,31314778,011F0040,24646,40495,00,02
D,31315712,1001,651,0,3533,248,-6,-8,0,15,0,01,12,2,2200,6,31315739,011F0040,24646,41451,00,02
D,31316856,1144,651,0,3533,373,-6,-8,0,15,0,01,12,2,2200,6,31316958,011F0040,24646,42690,00,02
D,31317940,1084,651,0,3533,466,-6,-8,0,15,0,01,12,2,2200,6,31318117,011F0040,24646,43858,00,02
D,31318809,869,651,0,3533,340,-6,-8,0,15,0,01,12,2,2200,6,31318889,011F0040,24646,44629,00,02
D,31319732,923,651,0,3533,272,-6,-8,0,15,0,01,12,2,2200,6,31319782,011F0040,24646,45502,00,02
D,31320719,987,651,0,3533,261,-7,-8,0,15,0,01,12,2,2200,6,31320793,011F0040,24646,46515,00,02
D,31321734,1015,651,0,3533,276,-7,-8,0,15,0,01,12,2,2200,6,31321801,011F0040,24646,47520,00,02
D,31322755,1021,651,0,3533,293,-7,-8,0,15,0,01,12,2,2200,6,31322844,011F0040,24646,48570,00,02
D,31323732,977,651,0,3533,274,-7,-8,0,15,0,01,12,2,2200,6,31323798,011F0040,24646,49520,00,02
D,31324750,1018,651,0,3533,276,-7,-8,0,15,0,01,12,2,2200,6,31324818,011F0000,19078,1,00,02
D,31325731,981,651,0,3533,271,-7,-8,0,15,0,01,12,2,2200,7,31325810,011F0000,19078,450,00,02
D,31326779,1048,651,0,3533,316,-7,-8,0,16,0,01,12,2,2200,7,31326875,011F0000,19078,1531,00,02
D,31327778,999,651,0,3533,308,-7,-8,0,16,0,01,12,2,2200,7,31327882,011F0000,19078,2530,00,02
D,31328778,1000,651,0,3533,306,-7,-8,0,16,0,01,12,2,2200,7,31328834,011F0000,19078,3470,00,02
D,31329701,923,651,0,3533,228,-7,-8,0,16,0,01,12,2,2200,7,31329732,011F0000,19078,4362,00,02
D,31330708,1007,651,0,3533,251,-7,-8,0,16,0,01,12,2,2200,7,31330772,011F0000,19078,5409,00,02
D,31331712,1004,652,1,3532,243,-7,-16,0,16,0,01,12,2,2200,7,31331746,011F0000,19078,6377,00,02
D,31332690,978,652,0,3532,228,-8,-16,0,16,0,01,12,2,2200,7,31332720,011F0000,19078,7350,00,02
D,31333702,1012,652,0,3532,228,-8,-16,0,16,0,01,12,2,2200,7,31333732,011F0000,19078,8363,00,02
D,31334700,998,652,0,3532,243,-8,-16,0,16,0,01,12,2,2200,7,31334743,011F0000,19078,9376,00,02
D,31335707,1007,652,0,3532,233,-9,-16,0,16,0,01,12,2,2200,7,31335737,011F0000,19078,10367,00,02
D,31336867,1160,652,0,3532,385,-9,-16,0,16,0,01,12,2,2200,7,31336972,011F0000,19078,11624,00,02
D,31338047,1180,652,0,3532,564,-9,-16,0,16,0,01,12,2,2200,7,31338238,011F0000,19078,12899,00,02
D,31338810,763,652,0,3532,352,-9,-16,0,16,0,01,12,2,2200,7,31338870,011F0000,19078,13504,00,02
D,31339719,909,652,0,3532,260,-10,-16,0,16,0,01,12,2,2200,7,31339781,011F0000,19078,14421,00,02
D,31340724,1005,652,0,3532,265,-10,-8,0,16,0,01,12,2,2200,7,31340780,011F0000,19078,15414,00,02
D,31341725,1001,652,0,3532,256,-10,-8,0,16,0,01,12,2,2200,7,31341786,011F0000,19078,16425,00,02
D,31342747,1022,653,1,3531,285,-10,-16,0,16,0,01,12,2,2200,7,31342828,011F0000,19078,17466,00,02
D,31343728,981,653,0,3531,264,-10,-16,0,16,0,01,12,2,2200,7,31343790,011F0000,19078,18430,00,02
D,31344734,1006,653,0,3531,271,-10,-16,0,16,0,01,12,2,2200,7,31344799,011F0000,19078,19436,00,02
D,31345724,990,653,0,3531,265,-11,-16,0,16,0,01,12,2,2200,7,31345790,011F0000,19078,20430,00,02
D,31346771,1047,653,0,3531,297,-11,-16,0,17,0,01,12,2,2200,8,31346872,011F0000,19078,21523,00,02
D,31347861,1090,653,0,3531,383,-11,-16,0,17,0,01,12,2,2200,8,31347952,011F0000,19078,22602,00,02
D,31348727,866,653,0,3531,269,-11,-16,0,17,0,01,12,2,2200,8,31348766,011F0000,19078,23397,00,02
D,31349694,967,653,0,3531,233,-11,-16,0,17,0,01,12,2,2200,8,31349725,011F0000,19078,24356,00,02
D,31350725,1031,653,0,3531,256,-12,-16,0,17,0,01,12,2,2200,8,31350789,011F0000,19078,25428,00,02
D,31351709,984,653,0,3531,242,-12,-16,0,17,0,01,12,2,2200,8,31351736,011F0000,19078,26366,00,02
D,31352696,987,653,0,3531,228,-12,-16,0,17,0,01,12,2,2200,8,31352725,011F0000,19078,27355,00,02
D,31353688,992,653,0,3531,228,-12,-16,0,17,0,01,12,2,2200,8,31353715,011F0000,19078,28345,00,02
D,31354706,1018,653,0,3531,248,-12,-16,0,17,0,01,12,2,2200,8,31354772,011F0000,19078,29410,00,02
D,31355717,1011,653,0,3531,243,-12,-16,0,17,0,01,12,2,2200,8,31355749,011F0000,19078,30379,00,02
D,31356864,1147,653,0,3531,395,-12,-16,0,17,0,01,12,2,2200,8,31356971,011F0000,19078,31624,00,02
D,31357937,1073,653,0,3531,455,-13,-16,0,17,0,01,12,2,2200,8,31358118,011F0000,19078,32777,00,02
D,31358816,879,653,0,3531,343,-13,-16,0,17,0,01,12,2,2200,8,31358907,011F0000,19078,33568,00,02
D,31359744,928,653,0,3531,271,-13,-16,0,17,0,01,12,2,2200,8,31359789,011F0000,19078,34426,00,02
D,31360716,972,653,0,3531,253,-13,-16,0,17,0,01,12,2,2200,8,31360779,011F0000,19078,35418,00,02
D,31361741,1025,653,0,3531,269,-13,-8,0,17,0,01,12,2,2200,8,31361786,011F0000,19078,36421,00,02
D,31362754,1013,653,0,3531,292,-13,-8,0,18,0,01,12,2,2200,8,31362844,011F0000,19078,37493,00,02
D,31363749,995,653,0,3531,282,-12,-8,0,18,0,01,12,2,2200,8,31363805,011F0000,19078,38442,00,02
D,31364732,983,653,0,3531,265,-12,-8,0,18,0,01,12,2,2200,8,31364795,011F0000,19078,39436,00,02
D,31365745,1013,654,1,3530,274,-12,-16,0,18,0,01,12,2,2200,8,31365798,011F0000,19078,40435,00,02
D,31366753,1008,654,0,3530,282,-13,-16,0,18,0,01,12,2,2200,9,31366842,011F0000,19078,41487,00,02
D,31367768,1015,654,0,3530,308,-13,-16,0,18,0,01,12,2,2200,9,31367873,011F0000,19078,42525,00,02
D,31368783,1015,654,0,3530,310,-13,-16,0,18,0,01,12,2,2200,9,31368828,011F0000,19078,43463,00,02
D,31369691,908,654,0,3530,232,-13,-16,0,18,0,01,12,2,2200,9,31369724,011F0000,19078,44354,00,02
D,31370710,1019,654,0,3530,248,-13,-16,0,18,0,01,12,2,2200,9,31370777,011F0000,19078,45414,00,02
D,31371710,1000,654,0,3530,248,-13,-16,0,18,0,01,12,2,2200,9,31371742,011F0000,19078,46372,00,02
D,31372687,977,654,0,3530,228,-13,-16,0,18,0,01,12,2,2200,9,31372717,011F0000,19078,47347,00,02
D,31373696,1009,654,0,3530,228,-13,-8,0,18,0,01,12,2,2200,9,31373726,011F0000,19078,48357,00,02
D,31374712,1016,654,0,3530,239,-13,-8,0,18,0,01,12,2,2200,9,31374777,011F0000,19078,49413,00,02
D,31375712,1000,654,0,3530,251,-13,-8,0,18,0,01,12,2,2200,9,31375743,011F0000,15096,1,00,02
D,31376905,1193,654,0,3530,367,-12,-8,0,18,0,01,12,2,2200,9,31377006,011F0000,15096,598,00,02
D,31377860,955,654,0,3530,395,-12,-8,0,18,0,01,12,2,2200,9,31378027,011F0000,15096,1630,00,02
D,31378806,946,654,0,3530,344,-12,-8,0,18,0,01,12,2,2200,9,31378905,011F0000,15096,2492,00,02
D,31379738,932,655,1,3529,279,-12,-16,0,18,0,01,12,2,2200,9,31379795,011F0000,15096,3374,00,02
D,31380728,990,655,0,3529,264,-12,-16,0,18,0,01,12,2,2200,9,31380790,011F0000,15096,4366,00,02
D,31381741,1013,655,0,3529,272,-13,-16,0,18,0,01,12,2,2200,9,31381796,011F0000,15096,5374,00,02
D,31382779,1038,655,0,3529,304,-13,-16,0,19,0,01,12,2,2200,9,31382878,011F0000,15096,6473,00,02
D,31383725,946,655,0,3529,260,-13,-16,0,19,0,01,12,2,2200,9,31383773,011F0000,15096,7346,00,02
D,31384733,1008,655,0,3529,271,-13,-16,0,19,0,01,12,2,2200,9,31384800,011F0000,15096,8378,00,02
D,31385740,1007,655,0,3529,268,-13,-16,0,19,0,01,12,2,2200,10,31385792,011F0000,15096,9368,00,02
D,31386772,1032,655,0,3529,298,-13,-16,0,19,0,01,12,2,2200,10,31386860,011F0000,15096,10442,00,02
D,31387740,968,655,0,3529,268,-13,-16,0,19,0,01,12,2,2200,10,31387864,011F0000,15096,11462,00,02
D,31388790,1050,655,0,3529,315,-13,-16,0,19,0,01,12,2,2200,10,31388872,011F0000,15096,12449,00,02
D,31389690,900,655,0,3529,234,-14,-16,0,19,0,01,12,2,2200,10,31389720,011F0000,15096,13289,00,02
D,31390736,1046,655,0,3529,264,-14,-16,0,19,0,01,12,2,2200,10,31390803,011F0000,15096,14378,00,02
D,31391698,962,655,0,3529,237,-14,-16,0,19,0,01,12,2,2200,10,31391725,011F0000,15096,15292,00,02
D,31392683,985,655,0,3529,227,-14,-16,0,19,0,01,12,2,2200,10,31392713,011F0000,15096,16280,00,02
D,31393698,1015,655,0,3529,232,-14,-16,0,19,0,01,12,2,2200,10,31393724,011F0000,15096,17291,00,02
D,31394748,1050,655,0,3529,274,-14,-16,0,19,0,01,12,2,2200,10,31394825,011F0000,15096,18402,00,02
D,31395703,955,655,0,3529,237,-14,-16,0,19,0,01,12,2,2200,10,31395734,011F0000,15096,19301,00,02
D,31396856,1153,656,1,3528,393,-14,-16,0,19,0,01,12,2,2200,10,31396958,011F0000,15096,20549,00,02
D,31397941,1085,656,0,3528,474,-14,-16,0,19,0,01,12,2,2200,10,31398084,011F0000,15096,21680,00,02
D,31398830,889,656,0,3528,355,-14,-16,0,19,0,01,12,2,2200,10,31398912,011F0000,15096,22508,00,02
D,31399735,905,656,0,3528,267,-14,-16,0,19,0,01,12,2,2200,10,31399797,011F0000,15096,23376,00,02
D,31400722,987,656,0,3528,263,-14,-16,0,19,0,01,12,2,2200,10,31400783,011F0000,15096,24361,00,02
D,31401733,1011,656,0,3528,266,-15,-16,0,19,0,01,12,2,2200,10,31401788,011F0000,15096,25365,00,02
D,31402740,1007,656,0,3528,281,-15,-16,0,19,0,01,12,2,2200,10,31402820,011F0000,15096,26403,00,02
D,31403741,1001,656,0,3528,282,-15,-16,0,19,0,01,12,2,2200,11,31403796,011F0000,15096,27374,00,02
D,31404736,995,656,0,3528,268,-15,-16,0,19,0,01,12,2,2200,11,31404796,011F0000,15096,28373,00,02
D,31405736,1000,656,0,3528,268,-15,-16,0,19,0,01,12,2,2200,11,31405794,011F0000,15096,29373,00,02
D,31406756,1020,656,0,3528,280,-15,-16,0,19,0,01,12,2,2200,11,31406835,011F0000,15096,30416,00,02
D,31407826,1070,656,0,3528,351,-15,-16,0,19,0,01,12,2,2200,11,31407923,011F0000,15096,31511,00,02
D,31408753,927,656,0,3528,288,-15,-16,0,19,0,01,12,2,2200,11,31408788,011F0000,15096,32359,00,02
D,31409709,956,656,0,3528,236,-15,-16,0,19,0,01,12,2,2200,11,31409739,011F0000,15096,33306,00,02
D,31410713,1004,657,1,3527,251,-15,-16,0,19,0,01,12,2,2200,11,31410775,011F0000,15096,34351,00,02
D,31411707,994,657,0,3527,248,-15,-16,0,19,0,01,12,2,2200,11,31411736,011F0000,15096,35303,00,02
D,31412698,991,657,0,3527,228,-15,-16,0,19,0,01,12,2,2200,11,31412727,011F0000,15096,36294,00,02
D,31413689,991,657,0,3527,228,-15,-16,0,19,0,01,12,2,2200,11,31413719,011F0000,15096,37287,00,02
D,31414716,1027,657,0,3527,254,-15,-16,0,20,0,01,12,2,2200,11,31414788,011F0000,15096,38365,00,02
D,31415722,1006,657,0,3527,255,-15,-16,0,20,0,01,12,2,2200,11,31415753,011F0000,15096,39320,00,02
D,31416854,1132,657,0,3527,380,-15,-16,0,20,0,01,12,2,2200,11,31416956,011F0000,15096,40545,00,02
D,31417941,1087,657,0,3527,457,-15,-16,0,20,0,01,12,2,2200,11,31418130,011F0000,15096,41724,00,02
D,31418794,853,657,0,3527,334,-15,-16,0,20,0,01,12,2,2200,11,31418884,011F0000,15096,42479,00,02
D,31419737,943,657,0,3527,277,-15,-16,0,20,0,01,12,2,2200,11,31419790,011F0000,15096,43365,00,02
D,31420728,991,657,0,3527,262,-15,-16,0,20,0,01,12,2,2200,12,31420804,011F0000,15096,44380,00,02
D,31421738,1010,657,0,3527,275,-15,-16,0,20,0,01,12,2,2200,12,31421804,011F0000,15096,45381,00,02
D,31422747,1009,657,0,3527,286,-15,-16,0,20,0,01,12,2,2200,12,31422836,011F0000,15096,46417,00,02
D,31423736,989,658,1,3526,274,-16,-24,0,20,0,01,12,2,2200,12,31423800,011F0000,15096,47375,00,02
D,31424742,1006,658,0,3526,270,-16,-24,0,20,0,01,12,2,2200,12,31424808,011F0000,15096,48385,00,02
D,31425737,995,658,0,3526,269,-16,-24,0,20,0,01,12,2,2200,12,31425801,011F0000,15096,49378,00,02
D,31426790,1053,658,0,3526,317,-17,-24,0,21,0,01,12,2,2200,12,31426884,011F0000,12873,1,00,02
D,31427974,1184,658,0,3526,376,-17,-16,0,21,0,01,12,2,2200,12,31428078,011F0000,12873,624,00,02
D,31428750,776,658,0,3526,291,-17,-16,0,21,0,01,12,2,2200,12,31428787,011F0000,12873,1314,00,02
D,31429702,952,658,0,3526,229,-17,-16,0,21,0,01,12,2,2200,12,31429733,011F0000,12873,2259,00,02
D,31430704,1002,658,0,3526,243,-17,-16,0,21,0,01,12,2,2200,12,31430773,011F0000,12873,3305,00,02
D,31431724,1020,658,0,3526,255,-17,-16,0,21,0,01,12,2,2200,12,31431754,011F0000,12873,4279,00,02
D,31432688,964,658,0,3526,230,-16,-16,0,21,0,01,12,2,2200,12,31432721,011F0000,12873,5247,00,02
D,31433691,1003,658,0,3526,230,-16,-16,0,21,0,01,12,2,2200,12,31433723,011F0000,12873,6248,00,02
D,31434698,1007,658,0,3526,241,-16,-16,0,21,0,01,12,2,2200,12,31434762,011F0000,12873,7295,00,02
D,31435717,1019,658,0,3526,252,-16,-16,0,21,0,01,12,2,2200,12,31435748,011F0000,12873,8274,00,02
D,31436846,1129,658,0,3526,378,-16,-16,0,21,0,01,12,2,2200,13,31436952,011F0000,12873,9501,00,02
D,31437913,1067,659,1,3525,455,-17,-24,0,21,0,01,12,2,2200,13,31438100,011F0000,12873,10655,00,02
D,31438804,891,659,0,3525,343,-17,-24,0,21,0,01,12,2,2200,13,31438894,011F0000,12873,11447,00,02
D,31439742,938,659,0,3525,274,-17,-24,0,21,0,01,12,2,2200,13,31439788,011F0000,12873,12320,00,02
D,31440718,976,659,0,3525,250,-17,-16,0,21,0,01,12,2,2200,13,31440781,011F0000,12873,13315,00,02
D,31441735,1017,659,0,3525,271,-17,-16,0,21,0,01,12,2,2200,13,31441781,011F0000,12873,14311,00,02
D,31442748,1013,659,0,3525,289,-17,-16,0,22,0,01,12,2,2200,13,31442841,011F0000,12873,15384,00,02
D,31443752,1004,659,0,3525,280,-17,-16,0,22,0,01,12,2,2200,13,31443805,011F0000,12873,16337,00,02
D,31444738,986,659,0,3525,264,-17,-16,0,22,0,01,12,2,2200,13,31444802,011F0000,12873,17337,00,02
D,31445741,1003,659,0,3525,273,-17,-16,0,22,0,01,12,2,2200,13,31445794,011F0000,12873,18326,00,02
D,31446752,1011,659,0,3525,287,-17,-16,0,22,0,01,12,2,2200,13,31446839,011F0000,12873,19379,00,02
D,31447791,1039,659,0,3525,319,-17,-16,0,22,0,01,12,2,2200,13,31447894,011F0000,12873,20437,00,02
D,31448769,978,659,0,3525,311,-17,-16,0,22,0,01,12,2,2200,13,31448814,011F0000,12873,21345,00,02
D,31449706,937,659,0,3525,237,-17,-16,0,22,0,01,12,2,2200,13,31449740,011F0000,12873,22266,00,02
D,31450718,1012,659,0,3525,253,-17,-16,0,22,0,01,12,2,2200,13,31450787,011F0000,12873,23321,00,02
D,31451724,1006,659,0,3525,256,-17,-16,0,22,0,01,12,2,2200,14,31451757,011F0000,12873,24284,00,02
D,31452698,974,659,0,3525,227,-17,-16,0,22,0,01,12,2,2200,14,31452728,011F0000,12873,25253,00,02
D,31453688,990,659,0,3525,228,-17,-16,0,22,0,01,12,2,2200,14,31453717,011F0000,12873,26243,00,02
D,31454708,1020,660,1,3524,242,-17,-16,0,22,0,01,12,2,2200,14,31454770,011F0000,12873,27300,00,02
D,31455711,1003,660,0,3524,247,-17,-16,0,22,0,01,12,2,2200,14,31455743,011F0000,12873,28268,00,02
D,31456828,1117,660,0,3524,367,-17,-16,0,22,0,01,12,2,2200,14,31456930,011F0000,12873,29479,00,02
D,31457950,1122,660,0,3524,466,-17,-16,0,22,0,01,12,2,2200,14,31458148,011F0000,12873,30703,00,02
D,31458793,843,660,0,3524,337,-17,-16,0,22,0,01,12,2,2200,14,31458870,011F0000,12873,31416,00,02
D,31459746,953,660,0,3524,276,-17,-16,0,22,0,01,12,2,2200,14,31459796,011F0000,12873,32331,00,02
D,31460712,966,660,0,3524,250,-17,-16,0,22,0,01,12,2,2200,14,31460775,011F0000,12873,33309,00,02
D,31461728,1016,660,0,3524,271,-17,-16,0,22,0,01,12,2,2200,14,31461778,011F0000,12873,34310,00,02
D,31462745,1017,660,0,3524,280,-17,-16,0,22,0,01,12,2,2200,14,31462829,011F0000,12873,35372,00,02
D,31463735,990,660,0,3524,277,-17,-16,0,22,0,01,12,2,2200,14,31463788,011F0000,12873,36319,00,02
D,31464734,999,660,0,3524,267,-16,-16,0,22,0,01,12,2,2200,14,31464800,011F0000,12873,37337,00,02
D,31465739,1005,660,0,3524,270,-16,-16,0,22,0,01,12,2,2200,14,31465795,011F0000,12873,38327,00,02
D,31466742,1003,661,1,3523,282,-17,-24,0,22,0,01,12,2,2200,15,31466825,011F0000,12873,39366,00,02
D,31467768,1026,661,0,3523,305,-17,-24,0,22,0,01,12,2,2200,15,31467907,011F0000,12873,40449,00,02
D,31468768,1000,661,0,3523,311,-17,-16,0,22,0,01,12,2,2200,15,31468819,011F0000,12873,41350,00,02
D,31469703,935,661,0,3523,230,-17,-16,0,22,0,01,12,2,2200,15,31469737,011F0000,12873,42263,00,02
D,31470712,1009,661,0,3523,254,-17,-16,0,22,0,01,12,2,2200,15,31470771,011F0000,12873,43303,00,02
D,31471721,1009,661,0,3523,251,-17,-16,0,22,0,01,12,2,2200,15,31471757,011F0000,12873,44282,00,02
D,31472686,965,661,0,3523,229,-17,-16,0,22,0,01,12,2,2200,15,31472718,011F0000,12873,45243,00,02
D,31473697,1011,661,0,3523,228,-17,-16,0,22,0,01,12,2,2200,15,31473727,011F0000,12873,46252,00,02
D,31474728,1031,661,0,3523,258,-17,-16,0,23,0,01,12,2,2200,15,31474794,011F0000,12873,47327,00,02
D,31475719,991,661,0,3523,254,-17,-16,0,23,0,01,12,2,2200,15,31475751,011F0000,12873,48277,00,02
D,31476841,1122,661,0,3523,383,-17,-16,0,23,0,01,12,2,2200,15,31476945,011F0000,12873,49492,00,02
D,31477943,1102,661,0,3523,467,-17,-16,0,23,0,01,12,2,2200,15,31478130,011F0000,11408,2,00,02
D,31479288,1345,661,0,3523,382,-17,-16,0,23,0,01,12,2,2200,15,31479385,011F0000,11408,645,00,02
D,31479704,416,662,1,3522,235,-17,-24,0,23,0,01,12,2,2200,15,31479740,011F0000,11408,979,00,02
D,31480726,1022,662,0,3522,265,-17,-24,0,23,0,01,12,2,2200,15,31480792,011F0000,11408,2041,00,02
D,31481742,1016,662,0,3522,269,-17,-24,0,23,0,01,12,2,2200,16,31481804,011F0000,11408,3055,00,02
D,31482754,1012,662,0,3522,297,-18,-24,0,24,0,01,12,2,2200,16,31482848,011F0000,11408,4105,00,02
D,31483743,989,662,0,3522,277,-18,-24,0,24,0,01,12,2,2200,16,31483804,011F0000,11408,5056,00,02
D,31484742,999,662,0,3522,274,-18,-16,0,24,0,01,12,2,2200,16,31484805,011F0000,11408,6055,00,02
D,31485732,990,662,0,3522,266,-18,-16,0,24,0,01,12,2,2200,16,31485793,011F0000,11408,7044,00,02
D,31486752,1020,662,0,3522,284,-18,-16,0,24,0,01,12,2,2200,16,31486832,011F0000,11408,8086,00,02
D,31487787,1035,662,0,3522,316,-18,-16,0,24,0,01,12,2,2200,16,31487877,011F0000,11408,9137,00,02
D,31488780,993,662,0,3522,310,-18,-16,0,24,0,01,12,2,2200,16,31488834,011F0000,11408,10077,00,02
D,31489699,919,663,1,3521,231,-18,-24,0,24,0,01,12,2,2200,16,31489728,011F0000,11408,10966,00,02
D,31490707,1008,662,-1,3522,249,-18,-16,0,24,0,01,12,2,2200,16,31490774,011F0000,11408,12020,00,02
D,31491709,1002,663,1,3521,245,-18,-24,0,24,0,01,12,2,2200,16,31491740,011F0000,11408,12978,00,02
D,31492696,987,663,0,3521,231,-18,-24,0,24,0,01,12,2,2200,16,31492728,011F0000,11408,13967,00,02
D,31493697,1001,663,0,3521,230,-18,-24,0,24,0,01,12,2,2200,16,31493729,011F0000,11408,14968,00,02
D,31494713,1016,663,0,3521,242,-19,-24,0,24,0,01,12,2,2200,16,31494781,011F0000,11408,16027,00,02
D,31495714,1001,663,0,3521,250,-19,-24,0,24,0,01,12,2,2200,17,31495741,011F0000,11408,16979,00,02
D,31496863,1149,663,0,3521,381,-19,-16,0,24,0,01,12,2,2200,17,31496967,011F0000,11408,18229,00,02
D,31497899,1036,663,0,3521,431,-19,-16,0,24,0,01,12,2,2200,17,31498098,011F0000,11408,19376,00,02
D,31498805,906,663,0,3521,340,-18,-16,0,24,0,01,12,2,2200,17,31498892,011F0000,11408,20152,00,02
D,31499739,934,663,0,3521,277,-18,-16,0,24,0,01,12,2,2200,17,31499797,011F0000,11408,21048,00,02
D,31500730,991,663,0,3521,260,-18,-16,0,24,0,01,12,2,2200,17,31500792,011F0000,11408,22040,00,02
D,31501742,1012,664,1,3520,268,-19,-24,0,24,0,01,12,2,2200,17,31501794,011F0000,11408,23041,00,02
D,31502746,1004,664,0,3520,284,-19,-24,0,24,0,01,12,2,2200,17,31502833,011F0000,11408,24087,00,02
D,31503745,999,664,0,3520,276,-19,-24,0,24,0,01,12,2,2200,17,31503805,011F0000,11408,25050,00,02
D,31504722,977,664,0,3520,264,-19,-24,0,24,0,01,12,2,2200,17,31504789,011F0000,11408,26037,00,02
D,31505738,1016,664,0,3520,269,-19,-24,0,24,0,01,12,2,2200,17,31505797,011F0000,11408,27044,00,02
D,31506755,1017,664,0,3520,287,-20,-24,0,24,0,01,12,2,2200,17,31506835,011F0000,11408,28086,00,02
D,31507766,1011,664,0,3520,296,-20,-24,0,24,0,01,12,2,2200,17,31507908,011F0000,11408,29163,00,02
D,31508770,1004,664,0,3520,312,-20,-24,0,24,0,01,12,2,2200,18,31508820,011F0000,11408,30065,00,02
D,31509695,925,664,0,3520,234,-20,-24,0,24,0,01,12,2,2200,18,31509729,011F0000,11408,30968,00,02
D,31510739,1044,665,1,3519,265,-20,-24,0,25,0,01,12,2,2200,18,31510805,011F0000,11408,32052,00,02
D,31511711,972,665,0,3519,252,-20,-24,0,25,0,01,12,2,2200,18,31511750,011F0000,11408,32988,00,02
D,31512699,988,665,0,3519,232,-20,-24,0,25,0,01,12,2,2200,18,31512730,011F0000,11408,33968,00,02
D,31513690,991,665,0,3519,229,-21,-24,0,25,0,01,12,2,2200,18,31513719,011F0000,11408,34957,00,02
D,31514707,1017,665,0,3519,239,-21,-24,0,25,0,01,12,2,2200,18,31514765,011F0000,11408,36009,00,02
D,31515713,1006,665,0,3519,248,-21,-24,0,25,0,01,12,2,2200,18,31515745,011F0000,11408,36983,00,02
D,31516844,1131,665,0,3519,385,-21,-24,0,25,0,01,12,2,2200,18,31516945,011F0000,11408,38204,00,02
D,31517911,1067,665,0,3519,450,-21,-24,0,25,0,01,12,2,2200,18,31518068,011F0000,11408,39332,00,02
D,31518818,907,665,0,3519,358,-21,-24,0,25,0,01,12,2,2200,18,31518900,011F0000,11408,40167,00,02
D,31519736,918,665,0,3519,264,-21,-16,0,25,0,01,12,2,2200,18,31519790,011F0000,11408,41038,00,02
D,31520735,999,666,1,3518,268,-22,-33,0,25,0,01,12,2,2200,18,31520808,011F0000,11408,42055,00,02
D,31521737,1002,666,0,3518,273,-22,-24,0,25,0,01,12,2,2200,19,31521799,011F0000,11408,43048,00,02
D,31522779,1042,666,0,3518,311,-22,-24,0,26,0,01,12,2,2200,19,31522881,011F0000,11408,44154,00,02
D,31523737,958,666,0,3518,271,-22,-24,0,26,0,01,12,2,2200,19,31523785,011F0000,11408,45031,00,02
D,31524746,1009,666,0,3518,275,-22,-24,0,26,0,01,12,2,2200,19,31524811,011F0000,11408,46061,00,02
D,31525738,992,666,0,3518,266,-22,-24,0,26,0,01,12,2,2200,19,31525802,011F0000,11408,47050,00,02
D,31526759,1021,666,0,3518,295,-22,-24,0,26,0,01,12,2,2200,19,31526842,011F0000,11408,48095,00,02
D,31527816,1057,666,0,3518,344,-22,-24,0,26,0,01,12,2,2200,19,31527914,011F0000,11408,49170,00,02
D,31528765,949,666,0,3518,299,-22,-24,0,26,0,01,12,2,2200,19,31528807,011F0000,10058,0,00,02
D,31529719,954,666,0,3518,245,-22,-24,0,26,0,01,12,2,2200,19,31529783,011F0000,10058,448,00,02
D,31530710,991,666,0,3518,249,-22,-24,0,26,0,01,12,2,2200,19,31530757,011F0000,10058,1421,00,02
D,31531702,992,666,0,3518,236,-22,-24,0,26,0,01,12,2,2200,19,31531734,011F0000,10058,2394,00,02
D,31532703,1001,666,0,3518,229,-22,-16,0,26,0,01,12,2,2200,19,31532736,011F0000,10058,3397,00,02
D,31533704,1001,666,0,3518,229,-22,-16,0,26,0,01,12,2,2200,19,31533737,011F0000,10058,4398,00,02
D,31534710,1006,667,1,3517,248,-22,-24,0,26,0,01,12,2,2200,20,31534784,011F0000,10058,5451,00,02
D,31535719,1009,667,0,3517,252,-22,-24,0,26,0,01,12,2,2200,20,31535749,011F0000,10058,6409,00,02
D,31536826,1107,667,0,3517,363,-22,-24,0,26,0,01,12,2,2200,20,31536927,011F0000,10058,7611,00,02
D,31537971,1145,667,0,3517,485,-22,-24,0,26,0,01,12,2,2200,20,31538162,011F0000,10058,8852,00,02
D,31538795,824,667,0,3517,338,-22,-24,0,26,0,01,12,2,2200,20,31538872,011F0000,10058,9553,00,02
D,31539751,956,667,0,3517,282,-22,-24,0,26,0,01,12,2,2200,20,31539806,011F0000,10058,10475,00,02
D,31540720,969,667,0,3517,251,-22,-24,0,26,0,01,12,2,2200,20,31540782,011F0000,10058,11452,00,02
D,31541734,1014,667,0,3517,271,-22,-16,0,26,0,01,12,2,2200,20,31541782,011F0000,10058,12450,00,02
D,31542752,1018,668,1,3516,286,-22,-24,0,26,0,01,12,2,2200,20,31542838,011F0000,10058,13513,00,02
D,31543737,985,668,0,3516,275,-22,-24,0,26,0,01,12,2,2200,20,31543793,011F0000,10058,14461,00,02
D,31544735,998,668,0,3516,269,-22,-24,0,26,0,01,12,2,2200,20,31544801,011F0000,10058,15472,00,02
D,31545742,1007,668,0,3516,272,-22,-24,0,26,0,01,12,2,2200,20,31545798,011F0000,10058,16466,00,02
D,31546744,1002,668,0,3516,285,-23,-24,0,26,0,01,12,2,2200,20,31546823,011F0000,10058,17497,00,02
D,31547760,1016,668,0,3516,301,-23,-24,0,26,0,01,12,2,2200,21,31547908,011F0000,10058,18588,00,02
D,31548779,1019,668,0,3516,311,-23,-24,0,26,0,01,12,2,2200,21,31548821,011F0000,10058,19485,00,02
D,31549700,921,668,0,3516,231,-23,-24,0,26,0,01,12,2,2200,21,31549732,011F0000,10058,20393,00,02
D,31550735,1035,668,0,3516,263,-22,-16,0,27,0,01,12,2,2200,21,31550803,011F0000,10058,21473,00,02
D,31551722,987,669,1,3515,258,-22,-24,0,27,0,01,12,2,2200,21,31551759,011F0000,10058,22419,00,02
D,31552686,964,669,0,3515,229,-22,-24,0,27,0,01,12,2,2200,21,31552717,011F0000,10058,23377,00,02
D,31553696,1010,669,0,3515,228,-23,-24,0,27,0,01,12,2,2200,21,31553726,011F0000,10058,24386,00,02
D,31554707,1011,669,0,3515,244,-23,-24,0,27,0,01,12,2,2200,21,31554766,011F0000,10058,25433,00,02
D,31555724,1017,669,0,3515,250,-23,-24,0,27,0,01,12,2,2200,21,31555758,011F0000,10058,26419,00,02
D,31556839,1115,669,0,3515,378,-23,-24,0,27,0,01,12,2,2200,21,31556941,011F0000,10058,27624,00,02
D,31557913,1074,669,0,3515,450,-23,-24,0,27,0,01,12,2,2200,21,31558118,011F0000,10058,28829,00,02
D,31558820,907,669,0,3515,348,-23,-24,0,27,0,01,12,2,2200,21,31558914,011F0000,10058,29594,00,02
D,31559731,911,669,0,3515,273,-23,-24,0,27,0,01,12,2,2200,22,31559788,011F0000,10058,30459,00,02
D,31560721,990,670,1,3514,261,-23,-33,0,27,0,01,12,2,2200,22,31560785,011F0000,10058,31455,00,02
D,31561739,1018,670,0,3514,270,-24,-33,0,27,0,01,12,2,2200,22,31561789,011F0000,10058,32457,00,02
D,31562753,1014,670,0,3514,287,-24,-32,0,27,0,01,12,2,2200,22,31562839,011F0000,10058,33513,00,02
D,31563748,995,670,0,3514,275,-24,-33,0,27,0,01,12,2,2200,22,31563803,011F0000,10058,34471,00,02
D,31564726,978,670,0,3514,265,-24,-24,0,27,0,01,12,2,2200,22,31564790,011F0000,10058,35461,00,02
D,31565746,1020,670,0,3514,272,-24,-24,0,27,0,01,12,2,2200,22,31565801,011F0000,10058,36469,00,02
D,31566764,1018,670,0,3514,292,-24,-24,0,27,0,01,12,2,2200,22,31566845,011F0000,10058,37519,00,02
D,31567763,999,670,0,3514,293,-24,-24,0,27,0,01,12,2,2200,22,31567913,011F0000,10058,38592,00,02
D,31568783,1020,671,1,3513,316,-25,-32,0,27,0,01,12,2,2200,22,31568840,011F0000,10058,39506,00,02
D,31569701,918,671,0,3513,236,-25,-32,0,27,0,01,12,2,2200,22,31569734,011F0000,10058,40395,00,02
D,31570726,1025,671,0,3513,268,-25,-33,0,28,0,01,12,2,2200,22,31570799,011F0000,10058,41468,00,02
D,31571730,1004,671,0,3513,257,-25,-31,0,28,0,01,12,2,2200,23,31571769,011F0000,10058,42429,00,02
D,31572695,965,671,0,3513,228,-26,-32,0,28,0,01,12,2,2200,23,31572725,011F0000,10058,43385,00,02
D,31573686,991,671,0,3513,229,-26,-24,0,28,0,01,12,2,2200,23,31573716,011F0000,10058,44377,00,02
D,31574710,1024,671,0,3513,241,-25,-24,0,28,0,01,12,2,2200,23,31574769,011F0000,10058,45435,00,02
D,31575719,1009,671,0,3513,250,-25,-24,0,28,0,01,12,2,2200,23,31575752,011F0000,10058,46412,00,02
D,31576846,1127,672,1,3512,373,-26,-32,0,28,0,01,12,2,2200,23,31576942,011F0000,10058,47627,00,02
D,31577927,1081,672,0,3512,461,-26,-32,0,28,0,01,12,2,2200,23,31578119,011F0000,10058,48805,00,02
D,31578792,865,672,0,3512,334,-26,-33,0,28,0,01,12,2,2200,23,31578883,011F0000,10058,49569,00,02
D,31579737,945,672,0,3512,275,-26,-33,0,28,0,01,12,2,2200,23,31579788,011F0000,9099,1,00,02
D,31580721,984,672,0,3512,259,-27,-31,0,28,0,01,12,2,2200,23,31580801,011F0000,9099,470,00,02
D,31581733,1012,672,0,3512,275,-27,-24,0,28,0,01,12,2,2200,23,31581793,011F0000,9099,1457,00,02
D,31582758,1025,672,0,3512,302,-26,-24,0,29,0,01,12,2,2200,24,31582849,011F0000,9099,2525,00,02
D,31583750,992,672,0,3512,284,-26,-24,0,29,0,01,12,2,2200,24,31583810,011F0000,9099,3476,00,02
D,31584734,984,672,0,3512,272,-26,-24,0,29,0,01,12,2,2200,24,31584798,011F0000,9099,4467,00,02
D,31585733,999,672,0,3512,272,-26,-24,0,29,0,01,12,2,2200,24,31585789,011F0000,9099,5454,00,02
D,31586770,1037,673,1,3511,301,-26,-31,0,29,0,01,12,2,2200,24,31586858,011F0000,9099,6529,00,02
D,31587762,992,673,0,3511,290,-27,-32,0,29,0,01,12,2,2200,24,31587867,011F0000,9099,7545,00,02
D,31588762,1000,673,0,3511,303,-27,-32,0,29,0,01,12,2,2200,24,31588809,011F0000,9099,8473,00,02
D,31589695,933,673,0,3511,233,-27,-32,0,29,0,01,12,2,2200,24,31589731,011F0000,9099,9389,00,02
D,31590725,1030,673,0,3511,261,-27,-24,0,29,0,01,12,2,2200,24,31590792,011F0000,9099,10457,00,02
D,31591713,988,673,0,3511,249,-27,-24,0,29,0,01,12,2,2200,24,31591747,011F0000,9099,11404,00,02
D,31592694,981,673,0,3511,229,-27,-24,0,29,0,01,12,2,2200,24,31592726,011F0000,9099,12385,00,02
D,31593696,1002,673,0,3511,229,-27,-24,0,29,0,01,12,2,2200,24,31593728,011F0000,9099,13385,00,02
D,31594720,1024,673,0,3511,259,-26,-24,0,29,0,01,12,2,2200,25,31594787,011F0000,9099,14454,00,02
D,31595715,995,673,0,3511,253,-26,-24,0,29,0,01,12,2,2200,25,31595752,011F0000,9099,15409,00,02
D,31596844,1129,673,0,3511,376,-26,-24,0,29,0,01,12,2,2200,25,31596952,011F0000,9099,16633,00,02
D,31597945,1101,674,1,3510,471,-26,-32,0,29,0,01,12,2,2200,25,31598119,011F0000,9099,17805,00,02
D,31598807,862,674,0,3510,341,-26,-24,0,29,0,01,12,2,2200,25,31598893,011F0000,9099,18583,00,02
D,31599728,921,674,0,3510,268,-26,-24,0,29,0,01,12,2,2200,25,31599773,011F0000,9099,19438,00,02
D,31600716,988,674,0,3510,252,-26,-24,0,29,0,01,12,2,2200,25,31600779,011F0000,9099,20447,00,02
D,31601730,1014,674,0,3510,272,-26,-24,0,29,0,01,12,2,2200,25,31601776,011F0000,9099,21440,00,02
D,31602752,1022,674,0,3510,289,-26,-24,0,30,0,01,12,2,2200,25,31602845,011F0000,9099,22523,00,02
D,31603748,996,674,0,3510,282,-26,-24,0,30,0,01,12,2,2200,25,31603804,011F0000,9099,23470,00,02
D,31604728,980,675,1,3509,263,-26,-33,0,30,0,01,12,2,2200,25,31604792,011F0000,9099,24461,00,02
D,31605739,1011,675,0,3509,270,-27,-33,0,30,0,01,12,2,2200,26,31605791,011F0000,9099,25457,00,02
D,31606742,1003,675,0,3509,285,-27,-31,0,30,0,01,12,2,2200,26,31606832,011F0000,9099,26504,00,02
D,31607793,1051,675,0,3509,322,-27,-24,0,30,0,01,12,2,2200,26,31607890,011F0000,9099,27565,00,02
D,31608776,983,675,0,3509,312,-26,-24,0,30,0,01,12,2,2200,26,31608817,011F0000,9099,28478,00,02
D,31609699,923,675,0,3509,228,-26,-24,0,30,0,01,12,2,2200,26,31609731,011F0000,9099,29388,00,02
D,31610708,1009,675,0,3509,245,-26,-24,0,30,0,01,12,2,2200,26,31610778,011F0000,9099,30445,00,02
D,31611717,1009,675,0,3509,251,-26,-24,0,30,0,01,12,2,2200,26,31611747,011F0000,9099,31404,00,02
D,31612689,972,675,0,3509,228,-26,-24,0,30,0,01,12,2,2200,26,31612719,011F0000,9099,32376,00,02
D,31613693,1004,676,1,3508,230,-26,-32,0,30,0,01,12,2,2200,26,31613724,011F0000,9099,33383,00,02
D,31614729,1036,676,0,3508,255,-27,-32,0,30,0,01,12,2,2200,26,31614804,011F0000,9099,34472,00,02
D,31615725,996,676,0,3508,258,-27,-32,0,30,0,01,12,2,2200,26,31615760,011F0000,9099,35418,00,02
D,31616848,1123,676,0,3508,384,-27,-24,0,30,0,01,12,2,2200,27,31616956,011F0000,9099,36634,00,02
D,31617945,1097,676,0,3508,463,-26,-24,0,30,0,01,12,2,2200,27,31618128,011F0000,9099,37810,00,02
D,31618812,867,676,0,3508,344,-26,-24,0,30,0,01,12,2,2200,27,31618894,011F0000,9099,38581,00,02
D,31619736,924,676,0,3508,272,-26,-24,0,30,0,01,12,2,2200,27,31619786,011F0000,9099,39451,00,02
D,31620727,991,676,0,3508,261,-26,-24,0,30,0,01,12,2,2200,27,31620803,011F0000,9099,40470,00,02
D,31621743,1016,676,0,3508,280,-26,-24,0,30,0,01,12,2,2200,27,31621806,011F0000,9099,41472,00,02
D,31622761,1018,677,1,3507,289,-26,-32,0,30,0,01,12,2,2200,27,31622844,011F0000,9099,42517,00,02
D,31623736,975,677,0,3507,275,-27,-33,0,30,0,01,12,2,2200,27,31623804,011F0000,9099,43470,00,02
D,31624749,1013,677,0,3507,274,-27,-33,0,30,0,01,12,2,2200,27,31624817,011F0000,9099,44486,00,02
D,31625737,988,677,0,3507,273,-27,-33,0,30,0,01,12,2,2200,27,31625802,011F0000,9099,45469,00,02
D,31626772,1035,677,0,3507,313,-27,-31,0,31,0,01,12,2,2200,27,31626865,011F0000,9099,46540,00,02
D,31627756,984,677,0,3507,293,-27,-32,0,31,0,01,12,2,2200,28,31627866,011F0000,9099,47543,00,02
D,31628771,1015,678,1,3506,307,-28,-32,0,31,0,01,12,2,2200,28,31628822,011F0000,9099,48483,00,02
D,31629686,915,678,0,3506,229,-28,-32,0,31,0,01,12,2,2200,28,31629718,011F0000,9099,49376,00,02
D,31630716,1030,678,0,3506,250,-28,-33,0,31,0,01,12,2,2200,28,31630774,011F0000,8207,2,00,02
D,31631725,1009,678,0,3506,252,-28,-31,0,31,0,01,12,2,2200,28,31631789,011F0000,8207,479,00,02
D,31632707,982,678,0,3506,234,-28,-32,0,31,0,01,12,2,2200,28,31632737,011F0000,8207,1424,00,02
D,31633701,994,678,0,3506,229,-28,-32,0,31,0,01,12,2,2200,28,31633731,011F0000,8207,2418,00,02
D,31634729,1028,678,0,3506,258,-28,-24,0,31,0,01,12,2,2200,28,31634792,011F0000,8207,3487,00,02
D,31635703,974,678,0,3506,239,-28,-24,0,31,0,01,12,2,2200,28,31635735,011F0000,8207,4422,00,02
D,31636860,1157,678,0,3506,390,-28,-24,0,31,0,01,12,2,2200,28,31636965,011F0000,8207,5674,00,02
D,31637950,1090,678,0,3506,467,-28,-24,0,31,0,01,12,2,2200,29,31638147,011F0000,8207,6882,00,02
D,31638817,867,679,1,3505,343,-28,-33,0,31,0,01,12,2,2200,29,31638900,011F0000,8207,7600,00,02
D,31639748,931,679,0,3505,275,-28,-32,0,31,0,01,12,2,2200,29,31639805,011F0000,8207,8503,00,02
D,31640728,980,679,0,3505,263,-28,-33,0,31,0,01,12,2,2200,29,31640791,011F0000,8207,9488,00,02
D,31641731,1003,679,0,3505,270,-28,-33,0,31,0,01,12,2,2200,29,31641784,011F0000,8207,10479,00,02
D,31642741,1010,679,0,3505,284,-29,-32,0,31,0,01,12,2,2200,29,31642835,011F0000,8207,11538,00,02
D,31643746,1005,679,0,3505,272,-28,-24,0,31,0,01,12,2,2200,29,31643802,011F0000,8207,12498,00,02
D,31644723,977,679,0,3505,265,-28,-24,0,31,0,01,12,2,2200,29,31644794,011F0000,8207,13491,00,02
D,31645734,1011,679,0,3505,269,-28,-24,0,31,0,01,12,2,2200,29,31645793,011F0000,8207,14488,00,02
D,31646777,1043,679,0,3505,306,-28,-24,0,32,0,01,12,2,2200,29,31646867,011F0000,8207,15569,00,02
D,31647737,960,679,0,3505,277,-28,-24,0,32,0,01,12,2,2200,29,31647876,011F0000,8207,16590,00,02
D,31648790,1053,680,1,3504,318,-28,-32,0,32,0,01,12,2,2200,30,31648871,011F0000,8207,17566,00,02
D,31649697,907,680,0,3504,232,-28,-32,0,32,0,01,12,2,2200,30,31649728,011F0000,8207,18415,00,02
D,31650711,1014,680,0,3504,249,-28,-32,0,32,0,01,12,2,2200,30,31650773,011F0000,8207,19469,00,02
D,31651704,993,680,0,3504,244,-28,-32,0,32,0,01,12,2,2200,30,31651740,011F0000,8207,20427,00,02
D,31652693,989,680,0,3504,230,-28,-32,0,32,0,01,12,2,2200,30,31652723,011F0000,8207,21410,00,02
D,31653684,991,680,0,3504,228,-28,-24,0,32,0,01,12,2,2200,30,31653715,011F0000,8207,22403,00,02
D,31654742,1058,680,0,3504,274,-28,-24,0,32,0,01,12,2,2200,30,31654815,011F0000,8207,23511,00,02
D,31655714,972,680,0,3504,249,-28,-24,0,32,0,01,12,2,2200,30,31655750,011F0000,8207,24438,00,02
D,31656846,1132,680,0,3504,380,-28,-24,0,32,0,01,12,2,2200,30,31656948,011F0000,8207,25656,00,02
D,31657931,1085,680,0,3504,462,-28,-24,0,32,0,01,12,2,2200,31,31658128,011F0000,8207,26842,00,02
D,31658803,872,681,1,3503,341,-27,-24,0,32,0,01,12,2,2200,31,31658892,011F0000,8207,27610,00,02
D,31659736,933,681,0,3503,269,-27,-24,0,32,0,01,12,2,2200,31,31659786,011F0000,8207,28481,00,02
D,31660730,994,681,0,3503,255,-27,-24,0,32,0,01,12,2,2200,31,31660790,011F0000,8207,29485,00,02
D,31661740,1010,681,0,3503,269,-27,-24,0,32,0,01,12,2,2200,31,31661786,011F0000,8207,30481,00,02
D,31662745,1005,681,0,3503,285,-27,-24,0,32,0,01,12,2,2200,31,31662825,011F0000,8207,31525,00,02
D,31663735,990,681,0,3503,277,-27,-24,0,32,0,01,12,2,2200,31,31663790,011F0000,8207,32484,00,02
D,31664722,987,681,0,3503,263,-27,-24,0,32,0,01,12,2,2200,31,31664787,011F0000,8207,33486,00,02
D,31665734,1012,681,0,3503,270,-27,-24,0,32,0,01,12,2,2200,31,31665785,011F0000,8207,34479,00,02
D,31666770,1036,682,1,3502,305,-27,-31,0,33,0,01,12,2,2200,31,31666861,011F0000,8207,35565,00,02
D,31667757,987,682,0,3502,299,-27,-32,0,33,0,01,12,2,2200,31,31667877,011F0000,8207,36585,00,02
D,31668790,1033,682,0,3502,316,-27,-32,0,33,0,01,12,2,2200,32,31668848,011F0000,8207,37540,00,02
D,31669695,905,682,0,3502,228,-27,-24,0,33,0,01,12,2,2200,32,31669727,011F0000,8207,38414,00,02
D,31670722,1027,682,0,3502,249,-27,-24,0,33,0,01,12,2,2200,32,31670785,011F0000,8207,39479,00,02
D,31671709,987,682,0,3502,247,-27,-24,0,33,0,01,12,2,2200,32,31671742,011F0000,8207,40429,00,02
D,31672690,981,682,0,3502,228,-27,-24,0,33,0,01,12,2,2200,32,31672720,011F0000,8207,41408,00,02
D,31673702,1012,683,1,3501,228,-27,-32,0,33,0,01,12,2,2200,32,31673732,011F0000,8207,42419,00,02
D,31674727,1025,683,0,3501,262,-27,-33,0,33,0,01,12,2,2200,32,31674799,011F0000,8207,43495,00,02
D,31675735,1008,683,0,3501,261,-27,-33,0,33,0,01,12,2,2200,32,31675772,011F0000,8207,44460,00,02
D,31676847,1112,683,0,3501,371,-28,-32,0,33,0,01,12,2,2200,32,31676948,011F0000,8207,45657,00,02
D,31677923,1076,683,0,3501,462,-28,-32,0,33,0,01,12,2,2200,33,31678110,011F0000,8207,46825,00,02
D,31678817,894,683,0,3501,349,-28,-24,0,33,0,01,12,2,2200,33,31678914,011F0000,8207,47633,00,02
D,31679727,910,683,0,3501,271,-28,-24,0,33,0,01,12,2,2200,33,31679775,011F0000,8207,48470,00,02
D,31680727,1000,684,1,3500,257,-28,-33,0,33,0,01,12,2,2200,33,31680787,011F0000,8207,49481,00,02
D,31681740,1013,684,0,3500,273,-28,-33,0,33,0,01,12,2,2200,33,31681787,011F0000,7548,0,00,02
D,31682776,1036,684,0,3500,291,-28,-32,0,33,0,01,12,2,2200,33,31682856,011F0000,7548,484,00,02
D,31683751,975,684,0,3500,282,-28,-32,0,33,0,01,12,2,2200,33,31683808,011F0000,7548,1433,00,02
D,31684740,989,684,0,3500,276,-28,-31,0,33,0,01,12,2,2200,33,31684805,011F0000,7548,2432,00,02
D,31685737,997,684,0,3500,275,-29,-33,0,33,0,01,12,2,2200,33,31685793,011F0000,7548,3418,00,02
D,31686778,1041,684,0,3500,306,-29,-31,0,34,0,01,12,2,2200,33,31686871,011F0000,7548,4506,00,02
D,31687759,981,684,0,3500,294,-29,-32,0,34,0,01,12,2,2200,34,31687877,011F0000,7548,5509,00,02
D,31688771,1012,685,1,3499,307,-29,-40,0,34,0,01,12,2,2200,34,31688826,011F0000,7548,6448,00,02
D,31689690,919,685,0,3499,228,-29,-32,0,34,0,01,12,2,2200,34,31689722,011F0000,7548,7338,00,02
D,31690729,1039,685,0,3499,256,-29,-32,0,34,0,01,12,2,2200,34,31690794,011F0000,7548,8417,00,02
D,31691700,971,685,0,3499,242,-29,-32,0,34,0,01,12,2,2200,34,31691735,011F0000,7548,9351,00,02
D,31692701,1001,685,0,3499,227,-30,-32,0,34,0,01,12,2,2200,34,31692732,011F0000,7548,10348,00,02
D,31693691,990,686,1,3498,226,-30,-39,0,34,0,01,12,2,2200,34,31693723,011F0000,7548,11340,00,02
D,31694728,1037,686,0,3498,270,-30,-41,0,34,0,01,12,2,2200,34,31694799,011F0000,7548,12425,00,02
D,31695725,997,686,0,3498,251,-31,-39,0,34,0,01,12,2,2200,34,31695763,011F0000,7548,13380,00,02
D,31696846,1121,686,0,3498,384,-31,-32,0,34,0,01,12,2,2200,34,31696946,011F0000,7548,14584,00,02
D,31697911,1065,686,0,3498,435,-31,-32,0,34,0,01,12,2,2200,35,31698110,011F0000,7548,15757,00,02
D,31698813,902,686,0,3498,353,-31,-33,0,34,0,01,12,2,2200,35,31698912,011F0000,7548,16557,00,02
D,31699741,928,686,0,3498,268,-31,-33,0,34,0,01,12,2,2200,35,31699792,011F0000,7548,17416,00,02
D,31700722,981,686,0,3498,256,-31,-33,0,34,0,01,12,2,2200,35,31700782,011F0000,7548,18406,00,02
D,31701735,1013,686,0,3498,267,-31,-33,0,34,0,01,12,2,2200,35,31701780,011F0000,7548,19406,00,02
D,31702771,1036,687,1,3497,297,-31,-41,0,34,0,01,12,2,2200,35,31702862,011F0000,7548,20497,00,02
D,31703742,971,687,0,3497,271,-32,-33,0,34,0,01,12,2,2200,35,31703793,011F0000,7548,21418,00,02
D,31704735,993,687,0,3497,270,-32,-33,0,34,0,01,12,2,2200,35,31704797,011F0000,7548,22424,00,02
D,31705741,1006,687,0,3497,270,-32,-33,0,34,0,01,12,2,2200,35,31705795,011F0000,7548,23420,00,02
D,31706765,1024,687,0,3497,296,-32,-31,0,34,0,01,12,2,2200,36,31706847,011F0000,7548,24477,00,02
D,31707768,1003,687,0,3497,299,-32,-32,0,34,0,01,12,2,2200,36,31707884,011F0000,7548,25519,00,02
D,31708769,1001,687,0,3497,310,-32,-32,0,34,0,01,12,2,2200,36,31708812,011F0000,7548,26433,00,02
D,31709697,928,688,1,3496,233,-32,-40,0,34,0,01,12,2,2200,36,31709729,011F0000,7548,27346,00,02
D,31710720,1023,688,0,3496,252,-32,-39,0,34,0,01,12,2,2200,36,31710784,011F0000,7548,28408,00,02
D,31711720,1000,688,0,3496,249,-32,-32,0,34,0,01,12,2,2200,36,31711749,011F0000,7548,29365,00,02
D,31712687,967,688,0,3496,227,-32,-32,0,34,0,01,12,2,2200,36,31712717,011F0000,7548,30333,00,02
D,31713701,1014,688,0,3496,233,-32,-32,0,34,0,01,12,2,2200,36,31713730,011F0000,7548,31346,00,02
D,31714732,1031,688,0,3496,258,-32,-32,0,35,0,01,12,2,2200,36,31714805,011F0000,7548,32431,00,02
D,31715717,985,689,1,3495,250,-32,-39,0,35,0,01,12,2,2200,36,31715751,011F0000,7548,33368,00,02
D,31716836,1119,689,0,3495,374,-33,-41,0,35,0,01,12,2,2200,37,31716935,011F0000,7548,34572,00,02
D,31717901,1065,689,0,3495,443,-33,-40,0,35,0,01,12,2,2200,37,31718093,011F0000,7548,35741,00,02
D,31718826,925,689,0,3495,360,-33,-32,0,35,0,01,12,2,2200,37,31718937,011F0000,7548,36584,00,02
D,31719741,915,689,0,3495,271,-33,-32,0,35,0,01,12,2,2200,37,31719785,011F0000,7548,37407,00,02
D,31720725,984,689,0,3495,261,-33,-31,0,35,0,01,12,2,2200,37,31720800,011F0000,7548,38424,00,02
D,31721736,1011,689,0,3495,273,-33,-33,0,35,0,01,12,2,2200,37,31721801,011F0000,7548,39429,00,02
D,31722772,1036,690,1,3494,302,-33,-41,0,35,0,01,12,2,2200,37,31722868,011F0000,7548,40502,00,02
D,31723723,951,690,0,3494,263,-33,-33,0,35,0,01,12,2,2200,37,31723779,011F0000,7548,41404,00,02
D,31724732,1009,690,0,3494,272,-33,-33,0,35,0,01,12,2,2200,37,31724799,011F0000,7548,42422,00,02
D,31725734,1002,690,0,3494,270,-33,-33,0,35,0,01,12,2,2200,38,31725797,011F0000,7548,43426,00,02
D,31726763,1029,690,0,3494,297,-33,-31,0,35,0,01,12,2,2200,38,31726846,011F0000,7548,44474,00,02
D,31727757,994,691,1,3493,295,-33,-39,0,35,0,01,12,2,2200,38,31727867,011F0000,7548,45504,00,02
D,31728778,1021,691,0,3493,311,-34,-40,0,35,0,01,12,2,2200,38,31728824,011F0000,7548,46445,00,02
D,31729687,909,691,0,3493,229,-34,-40,0,35,0,01,12,2,2200,38,31729717,011F0000,7548,47333,00,02
D,31730725,1038,691,0,3493,260,-34,-41,0,36,0,01,12,2,2200,38,31730802,011F0000,7548,48428,00,02
D,31731716,991,691,0,3493,258,-34,-39,0,36,0,01,12,2,2200,38,31731749,011F0000,7548,49365,00,02
D,31732699,983,691,0,3493,230,-34,-39,0,36,0,01,12,2,2200,38,31732731,011F0000,7016,1,00,02
D,31733704,1005,691,0,3493,240,-34,-32,0,36,0,01,12,2,2200,38,31733769,011F0000,7016,514,00,02
D,31734717,1013,692,1,3492,260,-35,-39,0,36,0,01,12,2,2200,39,31734795,011F0000,7016,1541,00,02
D,31735707,990,692,0,3492,243,-35,-39,0,36,0,01,12,2,2200,39,31735735,011F0000,7016,2474,00,02
D,31736840,1133,692,0,3492,374,-35,-41,0,36,0,01,12,2,2200,39,31736944,011F0000,7016,3706,00,02
D,31737892,1052,692,0,3492,434,-35,-41,0,36,0,01,12,2,2200,39,31738079,011F0000,7016,4858,00,02
D,31738821,929,692,0,3492,357,-35,-41,0,36,0,01,12,2,2200,39,31738929,011F0000,7016,5699,00,02
D,31739743,922,693,1,3491,275,-36,-41,0,36,0,01,12,2,2200,39,31739788,011F0000,7016,6534,00,02
D,31740713,970,693,0,3491,256,-36,-39,0,36,0,01,12,2,2200,39,31740775,011F0000,7016,7521,00,02
D,31741727,1014,693,0,3491,264,-36,-41,0,36,0,01,12,2,2200,39,31741773,011F0000,7016,8521,00,02
D,31742756,1029,693,0,3491,293,-36,-41,0,36,0,01,12,2,2200,39,31742848,011F0000,7016,9601,00,02
D,31743736,980,693,0,3491,274,-36,-41,0,36,0,01,12,2,2200,40,31743789,011F0000,7016,10537,00,02
D,31744722,986,693,0,3491,265,-36,-39,0,36,0,01,12,2,2200,40,31744784,011F0000,7016,11532,00,02
D,31745731,1009,693,0,3491,265,-36,-33,0,36,0,01,12,2,2200,40,31745785,011F0000,7016,12533,00,02
D,31746757,1026,694,1,3490,300,-36,-39,0,37,0,01,12,2,2200,40,31746849,011F0000,7016,13602,00,02
D,31747794,1037,694,0,3490,320,-37,-39,0,37,0,01,12,2,2200,40,31747894,011F0000,7016,14651,00,02
D,31748780,986,694,0,3490,313,-37,-40,0,37,0,01,12,2,2200,40,31748828,011F0000,7016,15571,00,02
D,31749693,913,694,0,3490,231,-37,-40,0,37,0,01,12,2,2200,40,31749723,011F0000,7016,16463,00,02
D,31750706,1013,694,0,3490,248,-37,-39,0,37,0,01,12,2,2200,40,31750772,011F0000,7016,17519,00,02
D,31751715,1009,694,0,3490,254,-37,-39,0,37,0,01,12,2,2200,40,31751751,011F0000,7016,18491,00,02
D,31752704,989,694,0,3490,231,-37,-39,0,37,0,01,12,2,2200,41,31752735,011F0000,7016,19476,00,02
D,31753700,996,694,0,3490,230,-37,-32,0,37,0,01,12,2,2200,41,31753730,011F0000,7016,20469,00,02
D,31754714,1014,695,1,3489,255,-37,-39,0,37,0,01,12,2,2200,41,31754790,011F0000,7016,21540,00,02
D,31755716,1002,695,0,3489,253,-37,-39,0,37,0,01,12,2,2200,41,31755747,011F0000,7016,22487,00,02
D,31756866,1150,695,0,3489,398,-37,-41,0,37,0,01,12,2,2200,41,31756968,011F0000,7016,23732,00,02
D,31757887,1021,695,0,3489,426,-37,-32,0,37,0,01,12,2,2200,41,31758050,011F0000,7016,24815,00,02
D,31758841,954,695,0,3489,374,-37,-32,0,37,0,01,12,2,2200,41,31758951,011F0000,7016,25720,00,02
D,31759736,895,695,0,3489,261,-37,-32,0,37,0,01,12,2,2200,41,31759794,011F0000,7016,26540,00,02
D,31760729,993,696,1,3488,265,-37,-41,0,37,0,01,12,2,2200,41,31760785,011F0000,7016,27531,00,02
D,31761735,1006,696,0,3488,260,-37,-41,0,37,0,01,12,2,2200,42,31761791,011F0000,7016,28541,00,02
D,31762778,1043,696,0,3488,305,-37,-41,0,37,0,01,12,2,2200,42,31762870,011F0000,7016,29627,00,02
D,31763745,967,696,0,3488,274,-37,-41,0,37,0,01,12,2,2200,42,31763798,011F0000,7016,30546,00,02
D,31764734,989,696,0,3488,271,-37,-33,0,37,0,01,12,2,2200,42,31764800,011F0000,7016,31551,00,02
D,31765728,994,696,0,3488,265,-37,-33,0,37,0,01,12,2,2200,42,31765786,011F0000,7016,32535,00,02
D,31766745,1017,696,0,3488,280,-37,-31,0,37,0,01,12,2,2200,42,31766820,011F0000,7016,33573,00,02
D,31767803,1058,697,1,3487,331,-37,-39,0,37,0,01,12,2,2200,42,31767898,011F0000,7016,34655,00,02
D,31768755,952,697,0,3487,299,-37,-40,0,37,0,01,12,2,2200,42,31768801,011F0000,7016,35546,00,02
D,31769698,943,697,0,3487,241,-37,-40,0,37,0,01,12,2,2200,43,31769731,011F0000,7016,36470,00,02
D,31770733,1035,697,0,3487,272,-37,-33,0,38,0,01,12,2,2200,43,31770807,011F0000,7016,37555,00,02
D,31771714,981,697,0,3487,253,-37,-32,0,38,0,01,12,2,2200,43,31771749,011F0000,7016,38488,00,02
D,31772698,984,697,0,3487,233,-36,-32,0,38,0,01,12,2,2200,43,31772728,011F0000,7016,39467,00,02
D,31773688,990,698,1,3486,228,-37,-39,0,38,0,01,12,2,2200,43,31773718,011F0000,7016,40458,00,02
D,31774694,1006,698,0,3486,236,-37,-39,0,38,0,01,12,2,2200,43,31774729,011F0000,7016,41471,00,02
D,31775697,1003,698,0,3486,238,-37,-39,0,38,0,01,12,2,2200,43,31775733,011F0000,7016,42472,00,02
D,31776863,1166,698,0,3486,388,-37,-32,0,38,0,01,12,2,2200,43,31776968,011F0000,7016,43731,00,02
D,31777907,1044,698,0,3486,450,-36,-32,0,38,0,01,12,2,2200,44,31778096,011F0000,7016,44885,00,02
D,31778799,892,698,0,3486,338,-36,-33,0,38,0,01,12,2,2200,44,31778890,011F0000,7016,45647,00,02
D,31779736,937,699,1,3485,275,-36,-41,0,38,0,01,12,2,2200,44,31779787,011F0000,7016,46537,00,02
D,31780711,975,699,0,3485,251,-37,-41,0,38,0,01,12,2,2200,44,31780776,011F0000,7016,47525,00,02
D,31781733,1022,699,0,3485,270,-37,-41,0,38,0,01,12,2,2200,44,31781778,011F0000,7016,48524,00,02
D,31782753,1020,699,0,3485,295,-37,-41,0,38,0,01,12,2,2200,44,31782847,011F0000,7016,49604,00,02
D,31783746,993,699,0,3485,278,-37,-41,0,38,0,01,12,2,2200,44,31783795,011F0000,6509,1,00,02
D,31784746,1000,699,0,3485,275,-37,-33,0,38,0,01,12,2,2200,44,31784820,011F0000,6509,484,00,02
D,31785740,994,699,0,3485,274,-37,-33,0,38,0,01,12,2,2200,44,31785803,011F0000,6509,1466,00,02
D,31786764,1024,700,1,3484,294,-37,-39,0,38,0,01,12,2,2200,45,31786846,011F0000,6509,2512,00,02
D,31787748,984,700,0,3484,282,-37,-40,0,38,0,01,12,2,2200,45,31787878,011F0000,6509,3544,00,02
D,31788769,1021,700,0,3484,305,-37,-40,0,38,0,01,12,2,2200,45,31788827,011F0000,6509,4485,00,02
D,31789697,928,700,0,3484,230,-37,-40,0,38,0,01,12,2,2200,45,31789731,011F0000,6509,5384,00,02
D,31790743,1046,700,0,3484,273,-37,-33,0,39,0,01,12,2,2200,45,31790817,011F0000,6509,6479,00,02
D,31791711,968,700,0,3484,250,-37,-32,0,39,0,01,12,2,2200,45,31791742,011F0000,6509,7394,00,02
D,31792701,990,701,1,3483,229,-37,-39,0,39,0,01,12,2,2200,45,31792732,011F0000,6509,8384,00,02
D,31793702,1001,701,0,3483,229,-37,-39,0,39,0,01,12,2,2200,45,31793734,011F0000,6509,9388,00,02
D,31794715,1013,701,0,3483,246,-37,-39,0,39,0,01,12,2,2200,45,31794775,011F0000,6509,10434,00,02
D,31795710,995,701,0,3483,247,-37,-39,0,39,0,01,12,2,2200,46,31795744,011F0000,6509,11398,00,02
D,31796858,1148,701,0,3483,391,-37,-41,0,39,0,01,12,2,2200,46,31796951,011F0000,6509,12626,00,02
D,31797922,1064,701,0,3483,444,-37,-32,0,39,0,01,12,2,2200,46,31798124,011F0000,6509,13830,00,02
D,31798814,892,701,0,3483,343,-37,-32,0,39,0,01,12,2,2200,46,31798900,011F0000,6509,14573,00,02
D,31799741,927,701,0,3483,276,-37,-33,0,39,0,01,12,2,2200,46,31799801,011F0000,6509,15464,00,02
D,31800721,980,701,0,3483,263,-37,-31,0,39,0,01,12,2,2200,46,31800785,011F0000,6509,16447,00,02
D,31801731,1010,702,1,3482,271,-37,-41,0,39,0,01,12,2,2200,46,31801782,011F0000,6509,17442,00,02
D,31802744,1013,702,0,3482,284,-37,-41,0,39,0,01,12,2,2200,46,31802832,011F0000,6509,18498,00,02
D,31803746,1002,702,0,3482,274,-37,-32,0,39,0,01,12,2,2200,47,31803802,011F0000,6509,19462,00,02
D,31804723,977,702,0,3482,266,-37,-33,0,39,0,01,12,2,2200,47,31804788,011F0000,6509,20450,00,02
D,31805748,1025,702,0,3482,273,-36,-32,0,39,0,01,12,2,2200,47,31805805,011F0000,6509,21465,00,02
D,31806773,1025,703,1,3481,309,-36,-39,0,40,0,01,12,2,2200,47,31806861,011F0000,6509,22530,00,02
D,31807734,961,703,0,3481,275,-37,-40,0,40,0,01,12,2,2200,47,31807882,011F0000,6509,23558,00,02
D,31808785,1051,703,0,3481,315,-37,-40,0,40,0,01,12,2,2200,47,31808858,011F0000,6509,24520,00,02
D,31809707,922,703,0,3481,236,-37,-39,0,40,0,01,12,2,2200,47,31809742,011F0000,6509,25395,00,02
D,31810733,1026,703,0,3481,274,-37,-33,0,40,0,01,12,2,2200,47,31810806,011F0000,6509,26469,00,02
D,31811730,997,703,0,3481,255,-36,-31,0,40,0,01,12,2,2200,48,31811769,011F0000,6509,27421,00,02
D,31812694,964,704,1,3480,228,-37,-39,0,40,0,01,12,2,2200,48,31812724,011F0000,6509,28376,00,02
D,31813687,993,704,0,3480,228,-37,-39,0,40,0,01,12,2,2200,48,31813718,011F0000,6509,29371,00,02
D,31814710,1023,704,0,3480,249,-37,-39,0,40,0,01,12,2,2200,48,31814768,011F0000,6509,30426,00,02
D,31815719,1009,704,0,3480,250,-37,-39,0,40,0,01,12,2,2200,48,31815757,011F0000,6509,31410,00,02
D,31816829,1110,704,0,3480,372,-37,-32,0,40,0,01,12,2,2200,48,31816930,011F0000,6509,32605,00,02
D,31817950,1121,704,0,3480,471,-37,-32,0,40,0,01,12,2,2200,48,31818156,011F0000,6509,33843,00,02
D,31818809,859,704,0,3480,338,-36,-33,0,40,0,01,12,2,2200,48,31818896,011F0000,6509,34573,00,02
D,31819754,945,705,1,3479,281,-37,-41,0,40,0,01,12,2,2200,49,31819813,011F0000,6509,35476,00,02
D,31820731,977,705,0,3479,267,-37,-39,0,40,0,01,12,2,2200,49,31820806,011F0000,6509,36469,00,02
D,31821741,1010,705,0,3479,275,-37,-41,0,40,0,01,12,2,2200,49,31821810,011F0000,6509,37472,00,02
D,31822761,1020,705,0,3479,293,-37,-32,0,40,0,01,12,2,2200,49,31822849,011F0000,6509,38516,00,02
D,31823729,968,706,1,3478,272,-37,-41,0,40,0,01,12,2,2200,49,31823792,011F0000,6509,39453,00,02
D,31824745,1016,706,0,3478,274,-37,-41,0,40,0,01,12,2,2200,49,31824811,011F0000,6509,40474,00,02
D,31825737,992,706,0,3478,274,-37,-41,0,40,0,01,12,2,2200,49,31825800,011F0000,6509,41461,00,02
D,31826775,1038,706,0,3478,313,-37,-39,0,41,0,01,12,2,2200,49,31826871,011F0000,6509,42549,00,02
D,31827740,965,706,0,3478,272,-37,-40,0,41,0,01,12,2,2200,50,31827873,011F0000,6509,43550,00,02
D,31828779,1039,706,0,3478,305,-37,-40,0,41,0,01,12,2,2200,50,31828858,011F0000,6509,44519,00,02
D,31829701,922,706,0,3478,234,-37,-40,0,41,0,01,12,2,2200,50,31829731,011F0000,6509,45384,00,02
D,31830715,1014,707,1,3477,255,-38,-47,0,41,0,01,12,2,2200,50,31830779,011F0000,6509,46439,00,02
D,31831705,990,707,0,3477,245,-38,-47,0,41,0,01,12,2,2200,50,31831745,011F0000,6509,47398,00,02
D,31832698,993,707,0,3477,231,-38,-39,0,41,0,01,12,2,2200,50,31832732,011F0000,6509,48386,00,02
D,31833702,1004,707,0,3477,231,-38,-39,0,41,0,01,12,2,2200,50,31833735,011F0000,6509,49388,00,02
D,31834750,1048,707,0,3477,280,-38,-41,0,41,0,01,12,2,2200,50,31834824,011F0000,6094,0,00,02
D,31835727,977,707,0,3477,264,-38,-39,0,41,0,01,12,2,2200,51,31835790,011F0000,6094,426,00,02
D,31836871,1144,707,0,3477,401,-38,-32,0,41,0,01,12,2,2200,51,31836973,011F0000,6094,1625,00,02
D,31837892,1021,708,1,3476,429,-38,-40,0,41,0,01,12,2,2200,51,31838093,011F0000,6094,2767,00,02
D,31838830,938,708,0,3476,357,-38,-41,0,41,0,01,12,2,2200,51,31838954,011F0000,6094,3616,00,02
D,31839732,902,708,0,3476,267,-38,-41,0,41,0,01,12,2,2200,51,31839781,011F0000,6094,4419,00,02
D,31840734,1002,708,0,3476,260,-39,-41,0,41,0,01,12,2,2200,51,31840800,011F0000,6094,5438,00,02
D,31841731,997,708,0,3476,261,-39,-41,0,41,0,01,12,2,2200,51,31841780,011F0000,6094,6423,00,02
D,31842759,1028,708,0,3476,297,-38,-32,0,41,0,01,12,2,2200,51,31842852,011F0000,6094,7501,00,02
D,31843745,986,708,0,3476,273,-38,-32,0,41,0,01,12,2,2200,52,31843798,011F0000,6094,8438,00,02
D,31844729,984,709,1,3475,267,-38,-41,0,41,0,01,12,2,2200,52,31844791,011F0000,6094,9434,00,02
D,31845728,999,709,0,3475,267,-38,-41,0,41,0,01,12,2,2200,52,31845781,011F0000,6094,10420,00,02
D,31846765,1037,709,0,3475,294,-38,-39,0,41,0,01,12,2,2200,52,31846848,011F0000,6094,11494,00,02
D,31847760,995,709,0,3475,293,-38,-39,0,41,0,01,12,2,2200,52,31847884,011F0000,6094,12534,00,02
D,31848770,1010,709,0,3475,308,-38,-40,0,41,0,01,12,2,2200,52,31848817,011F0000,6094,13457,00,02
D,31849714,944,710,1,3474,239,-39,-47,0,41,0,01,12,2,2200,52,31849749,011F0000,6094,14382,00,02
D,31850720,1006,710,0,3474,264,-39,-39,0,42,0,01,12,2,2200,52,31850791,011F0000,6094,15434,00,02
D,31851725,1005,710,0,3474,257,-39,-39,0,42,0,01,12,2,2200,53,31851762,011F0000,6094,16394,00,02
D,31852693,968,710,0,3474,233,-39,-39,0,42,0,01,12,2,2200,53,31852722,011F0000,6094,17354,00,02
D,31853686,993,710,0,3474,229,-39,-39,0,42,0,01,12,2,2200,53,31853715,011F0000,6094,18348,00,02
D,31854708,1022,711,1,3473,241,-39,-39,0,42,0,01,12,2,2200,53,31854769,011F0000,6094,19409,00,02
D,31855712,1004,711,0,3473,253,-39,-39,0,42,0,01,12,2,2200,53,31855748,011F0000,6094,20381,00,02
D,31856845,1133,711,0,3473,378,-39,-41,0,42,0,01,12,2,2200,53,31856947,011F0000,6094,21603,00,02
D,31857890,1045,711,0,3473,433,-39,-40,0,42,0,01,12,2,2200,53,31858084,011F0000,6094,22756,00,02
D,31858814,924,711,0,3473,348,-39,-41,0,42,0,01,12,2,2200,54,31858904,011F0000,6094,23559,00,02
D,31859740,926,712,1,3472,276,-39,-49,0,42,0,01,12,2,2200,54,31859798,011F0000,6094,24442,00,02
D,31860726,986,712,0,3472,259,-40,-41,0,42,0,01,12,2,2200,54,31860789,011F0000,6094,25429,00,02
D,31861735,1009,712,0,3472,269,-40,-41,0,42,0,01,12,2,2200,54,31861787,011F0000,6094,26427,00,02
D,31862750,1015,712,0,3472,289,-40,-41,0,42,0,01,12,2,2200,54,31862830,011F0000,6094,27479,00,02
D,31863743,993,712,0,3472,272,-40,-41,0,42,0,01,12,2,2200,54,31863797,011F0000,6094,28436,00,02
D,31864737,994,713,1,3471,269,-40,-47,0,42,0,01,12,2,2200,54,31864801,011F0000,6094,29443,00,02
D,31865742,1005,713,0,3471,274,-40,-49,0,42,0,01,12,2,2200,54,31865799,011F0000,6094,30439,00,02
D,31866775,1033,713,0,3471,311,-41,-47,0,43,0,01,12,2,2200,55,31866863,011F0000,6094,31513,00,02
D,31867749,974,713,0,3471,281,-41,-47,0,43,0,01,12,2,2200,55,31867896,011F0000,6094,32558,00,02
D,31868771,1022,713,0,3471,310,-41,-40,0,43,0,01,12,2,2200,55,31868829,011F0000,6094,33468,00,02
D,31869707,936,713,0,3471,233,-41,-40,0,43,0,01,12,2,2200,55,31869738,011F0000,6094,34370,00,02
D,31870732,1025,714,1,3470,266,-41,-47,0,43,0,01,12,2,2200,55,31870804,011F0000,6094,35446,00,02
D,31871716,984,714,0,3470,257,-41,-47,0,43,0,01,12,2,2200,55,31871754,011F0000,6094,36387,00,02
D,31872691,975,714,0,3470,233,-41,-47,0,43,0,01,12,2,2200,55,31872723,011F0000,6094,37356,00,02
D,31873694,1003,714,0,3470,232,-42,-47,0,43,0,01,12,2,2200,56,31873724,011F0000,6094,38356,00,02
D,31874705,1011,715,1,3469,246,-42,-55,0,43,0,01,12,2,2200,56,31874762,011F0000,6094,39401,00,02
D,31875707,1002,715,0,3469,247,-42,-47,0,43,0,01,12,2,2200,56,31875742,011F0000,6094,40374,00,02
D,31876832,1125,715,0,3469,370,-43,-49,0,43,0,01,12,2,2200,56,31876930,011F0000,6094,41583,00,02
D,31877902,1070,715,0,3469,440,-43,-49,0,43,0,01,12,2,2200,56,31878102,011F0000,6094,42782,00,02
D,31878820,918,715,0,3469,344,-43,-49,0,43,0,01,12,2,2200,56,31878915,011F0000,6094,43572,00,02
D,31879739,919,715,0,3469,278,-43,-41,0,43,0,01,12,2,2200,56,31879795,011F0000,6094,44437,00,02
D,31880732,993,715,0,3469,260,-43,-41,0,43,0,01,12,2,2200,56,31880798,011F0000,6094,45437,00,02
D,31881742,1010,716,1,3468,271,-43,-49,0,43,0,01,12,2,2200,57,31881794,011F0000,6094,46433,00,02
D,31882764,1022,716,0,3468,289,-43,-49,0,43,0,01,12,2,2200,57,31882845,011F0000,6094,47492,00,02
D,31883731,967,716,0,3468,269,-44,-49,0,43,0,01,12,2,2200,57,31883782,011F0000,6094,48422,00,02
D,31884720,989,716,0,3468,263,-44,-41,0,43,0,01,12,2,2200,57,31884780,011F0000,6094,49421,00,02
D,31885742,1022,716,0,3468,272,-43,-41,0,43,0,01,12,2,2200,57,31885797,011F0000,5703,1,00,02
D,31886817,1075,717,1,3467,320,-44,-47,0,44,0,01,12,2,2200,57,31886925,011F0000,5703,564,00,02
D,31887753,936,717,0,3467,292,-44,-47,0,44,0,01,12,2,2200,57,31887892,011F0000,5703,1534,00,02
D,31888785,1032,717,0,3467,312,-44,-47,0,44,0,01,12,2,2200,58,31888852,011F0000,5703,2463,00,02
D,31889708,923,717,0,3467,233,-44,-47,0,44,0,01,12,2,2200,58,31889740,011F0000,5703,3345,00,02
D,31890719,1011,717,0,3467,255,-44,-39,0,44,0,01,12,2,2200,58,31890775,011F0000,5703,4388,00,02
D,31891712,993,718,1,3466,246,-44,-47,0,44,0,01,12,2,2200,58,31891742,011F0000,5703,5348,00,02
D,31892693,981,718,0,3466,231,-44,-47,0,44,0,01,12,2,2200,58,31892724,011F0000,5703,6330,00,02
D,31893695,1002,718,0,3466,232,-44,-47,0,44,0,01,12,2,2200,58,31893725,011F0000,5703,7332,00,02
D,31894731,1036,718,0,3466,260,-44,-47,0,44,0,01,12,2,2200,58,31894803,011F0000,5703,8417,00,02
D,31895731,1000,718,0,3466,257,-44,-39,0,44,0,01,12,2,2200,58,31895771,011F0000,5703,9377,00,02
D,31896855,1124,719,1,3465,381,-44,-49,0,44,0,01,12,2,2200,59,31896956,011F0000,5703,10581,00,02
D,31897931,1076,719,0,3465,456,-45,-49,0,44,0,01,12,2,2200,59,31898119,011F0000,5703,11750,00,02
D,31898810,879,719,0,3465,348,-45,-49,0,44,0,01,12,2,2200,59,31898901,011F0000,5703,12537,00,02
D,31899743,933,719,0,3465,280,-45,-49,0,44,0,01,12,2,2200,59,31899796,011F0000,5703,13410,00,02
D,31900724,981,719,0,3465,249,-45,-47,0,44,0,01,12,2,2200,59,31900786,011F0000,5703,14399,00,02
D,31901740,1016,719,0,3465,270,-45,-41,0,44,0,01,12,2,2200,59,31901791,011F0000,5703,15404,00,02
D,31902763,1023,720,1,3464,298,-45,-49,0,44,0,01,12,2,2200,59,31902856,011F0000,5703,16478,00,02
D,31903743,980,720,0,3464,279,-45,-49,0,44,0,01,12,2,2200,60,31903797,011F0000,5703,17411,00,02
D,31904738,995,720,0,3464,270,-45,-41,0,44,0,01,12,2,2200,60,31904799,011F0000,5703,18415,00,02
D,31905739,1001,720,0,3464,272,-45,-41,0,44,0,01,12,2,2200,60,31905793,011F0000,5703,19406,00,02
D,31906765,1026,720,0,3464,296,-44,-39,0,44,0,01,12,2,2200,60,31906849,011F0000,5703,20467,00,02
D,31907780,1015,721,1,3463,308,-45,-47,0,44,0,01,12,2,2200,60,31907893,011F0000,5703,21518,00,02
D,31908781,1001,721,0,3463,309,-45,-47,0,44,0,01,12,2,2200,60,31908827,011F0000,5703,22437,00,02
D,31909698,917,721,0,3463,236,-45,-47,0,44,0,01,12,2,2200,60,31909734,011F0000,5703,23341,00,02
D,31910741,1043,721,0,3463,266,-45,-49,0,45,0,01,12,2,2200,61,31910815,011F0000,5703,24431,00,02
D,31911706,965,721,0,3463,249,-45,-47,0,45,0,01,12,2,2200,61,31911737,011F0000,5703,25342,00,02
D,31912699,993,721,0,3463,232,-45,-39,0,45,0,01,12,2,2200,61,31912728,011F0000,5703,26334,00,02
D,31913690,991,721,0,3463,228,-45,-39,0,45,0,01,12,2,2200,61,31913719,011F0000,5703,27324,00,02
D,31914714,1024,722,1,3462,247,-45,-47,0,45,0,01,12,2,2200,61,31914779,011F0000,5703,28392,00,02
D,31915726,1012,722,0,3462,255,-45,-47,0,45,0,01,12,2,2200,61,31915759,011F0000,5703,29366,00,02
D,31916841,1115,722,0,3462,374,-45,-41,0,45,0,01,12,2,2200,61,31916946,011F0000,5703,30572,00,02
D,31917901,1060,722,0,3462,438,-44,-40,0,45,0,01,12,2,2200,62,31918096,011F0000,5703,31743,00,02
D,31918808,907,722,0,3462,343,-44,-41,0,45,0,01,12,2,2200,62,31918902,011F0000,5703,32520,00,02
D,31919737,929,723,1,3461,275,-45,-49,0,45,0,01,12,2,2200,62,31919795,011F0000,5703,33409,00,02
D,31920731,994,723,0,3461,265,-45,-49,0,45,0,01,12,2,2200,62,31920801,011F0000,5703,34415,00,02
D,31921753,1022,723,0,3461,279,-45,-41,0,45,0,01,12,2,2200,62,31921824,011F0000,5703,35439,00,02
D,31922783,1030,723,0,3461,312,-44,-41,0,45,0,01,12,2,2200,62,31922875,011F0000,5703,36505,00,02
D,31923731,948,723,0,3461,260,-44,-41,0,45,0,01,12,2,2200,62,31923786,011F0000,5703,37397,00,02
D,31924733,1002,724,1,3460,269,-44,-49,0,45,0,01,12,2,2200,63,31924798,011F0000,5703,38413,00,02
D,31925731,998,724,0,3460,272,-45,-49,0,45,0,01,12,2,2200,63,31925794,011F0000,5703,39409,00,02
D,31926778,1047,724,0,3460,303,-45,-47,0,45,0,01,12,2,2200,63,31926863,011F0000,5703,40481,00,02
D,31927735,957,724,0,3460,266,-44,-40,0,45,0,01,12,2,2200,63,31927850,011F0000,5703,41485,00,02
D,31928778,1043,724,0,3460,308,-44,-40,0,45,0,01,12,2,2200,63,31928861,011F0000,5703,42476,00,02
D,31929709,931,725,1,3459,238,-44,-47,0,45,0,01,12,2,2200,63,31929743,011F0000,5703,43349,00,02
D,31930747,1038,725,0,3459,280,-45,-49,0,46,0,01,12,2,2200,63,31930820,011F0000,5703,44437,00,02
D,31931710,963,725,0,3459,246,-45,-47,0,46,0,01,12,2,2200,64,31931748,011F0000,5703,45354,00,02
D,31932693,983,725,0,3459,229,-45,-47,0,46,0,01,12,2,2200,64,31932723,011F0000,5703,46328,00,02
D,31933703,1010,726,1,3458,228,-45,-47,0,46,0,01,12,2,2200,64,31933733,011F0000,5703,47339,00,02
D,31934722,1019,726,0,3458,253,-45,-47,0,46,0,01,12,2,2200,64,31934781,011F0000,5703,48392,00,02
D,31935712,990,726,0,3458,242,-45,-47,0,46,0,01,12,2,2200,64,31935746,011F0000,5703,49352,00,02
D,31936858,1146,726,0,3458,383,-45,-49,0,46,0,01,12,2,2200,64,31936962,011F0000,5373,3,00,02
D,31938389,1531,726,0,3458,458,-45,-40,0,46,0,01,12,2,2200,64,31938507,011F0000,5373,844,00,02
D,31938973,584,726,0,3458,304,-45,-40,0,46,0,01,12,2,2200,65,31939034,011F0000,5373,1353,00,02
D,31939743,770,727,1,3457,273,-45,-49,0,46,0,01,12,2,2200,65,31939785,011F0000,5373,2102,00,02
D,31940706,963,727,0,3457,248,-45,-47,0,46,0,01,12,2,2200,65,31940763,011F0000,5373,3080,00,02
D,31941740,1034,727,0,3457,273,-45,-49,0,46,0,01,12,2,2200,65,31941794,011F0000,5373,4114,00,02
D,31942730,990,727,0,3457,271,-45,-49,0,46,0,01,12,2,2200,65,31942806,011F0000,5373,5127,00,02
D,31943742,1012,727,0,3457,280,-45,-49,0,46,0,01,12,2,2200,65,31943800,011F0000,5373,6117,00,02
D,31944735,993,728,1,3456,261,-46,-49,0,46,0,01,12,2,2200,65,31944800,011F0000,5373,7121,00,02
D,31945744,1009,728,0,3456,276,-46,-49,0,46,0,01,12,2,2200,66,31945799,011F0000,5373,8115,00,02
D,31946758,1014,728,0,3456,298,-46,-47,0,46,0,01,12,2,2200,66,31946853,011F0000,5373,9176,00,02
D,31947756,998,728,0,3456,298,-46,-47,0,46,0,01,12,2,2200,66,31947900,011F0000,5373,10230,00,02
D,31948761,1005,728,0,3456,304,-46,-47,0,46,0,01,12,2,2200,66,31948808,011F0000,5373,11121,00,02
D,31949705,944,729,1,3455,238,-46,-55,0,46,0,01,12,2,2200,66,31949743,011F0000,5373,12054,00,02
D,31950730,1025,729,0,3455,265,-46,-47,0,47,0,01,12,2,2200,66,31950803,011F0000,5373,13121,00,02
D,31951714,984,729,0,3455,253,-46,-47,0,47,0,01,12,2,2200,66,31951753,011F0000,5373,14063,00,02
D,31952710,996,729,0,3455,234,-46,-47,0,47,0,01,12,2,2200,67,31952741,011F0000,5373,15050,00,02
D,31953685,975,729,0,3455,228,-46,-47,0,47,0,01,12,2,2200,67,31953715,011F0000,5373,16024,00,02
D,31954701,1016,729,0,3455,242,-46,-47,0,47,0,01,12,2,2200,67,31954760,011F0000,5373,17076,00,02
D,31955708,1007,730,1,3454,245,-46,-47,0,47,0,01,12,2,2200,67,31955739,011F0000,5373,18049,00,02
D,31956848,1140,730,0,3454,371,-47,-49,0,47,0,01,12,2,2200,67,31956951,011F0000,5373,19280,00,02
D,31957925,1077,730,0,3454,455,-47,-49,0,47,0,01,12,2,2200,67,31958117,011F0000,5373,20484,00,02
D,31958806,881,730,0,3454,339,-47,-49,0,47,0,01,12,2,2200,67,31958899,011F0000,5373,21223,00,02
D,31959744,938,731,1,3453,277,-47,-49,0,47,0,01,12,2,2200,68,31959800,011F0000,5373,22119,00,02
D,31960732,988,731,0,3453,260,-47,-47,0,47,0,01,12,2,2200,68,31960794,011F0000,5373,23111,00,02
D,31961736,1004,731,0,3453,275,-47,-49,0,47,0,01,12,2,2200,68,31961787,011F0000,5373,24104,00,02
D,31962756,1020,731,0,3453,293,-47,-49,0,47,0,01,12,2,2200,68,31962844,011F0000,5373,25170,00,02
D,31963729,973,731,0,3453,267,-47,-41,0,47,0,01,12,2,2200,68,31963782,011F0000,5373,26098,00,02
D,31964727,998,732,1,3452,267,-47,-49,0,47,0,01,12,2,2200,68,31964789,011F0000,5373,27107,00,02
D,31965734,1007,732,0,3452,274,-47,-49,0,47,0,01,12,2,2200,68,31965788,011F0000,5373,28106,00,02
D,31966783,1049,732,0,3452,309,-47,-47,0,47,0,01,12,2,2200,69,31966872,011F0000,5373,29204,00,02
D,31967747,964,732,0,3452,274,-47,-47,0,47,0,01,12,2,2200,69,31967884,011F0000,5373,30215,00,02
D,31968785,1038,733,1,3451,315,-47,-56,0,47,0,01,12,2,2200,69,31968859,011F0000,5373,31178,00,02
D,31969694,909,733,0,3451,232,-48,-56,0,47,0,01,12,2,2200,69,31969727,011F0000,5373,32037,00,02
D,31970750,1056,733,0,3451,274,-48,-49,0,48,0,01,12,2,2200,69,31970825,011F0000,5373,33147,00,02
D,31971710,960,733,0,3451,251,-48,-47,0,48,0,01,12,2,2200,69,31971747,011F0000,5373,34058,00,02
D,31972702,992,733,0,3451,232,-48,-47,0,48,0,01,12,2,2200,69,31972734,011F0000,5373,35044,00,02
D,31973689,987,733,0,3451,232,-48,-47,0,48,0,01,12,2,2200,70,31973720,011F0000,5373,36029,00,02
D,31974736,1047,734,1,3450,262,-48,-49,0,48,0,01,12,2,2200,70,31974804,011F0000,5373,37121,00,02
D,31975716,980,734,0,3450,248,-48,-47,0,48,0,01,12,2,2200,70,31975752,011F0000,5373,38061,00,02
D,31976845,1129,734,0,3450,385,-48,-49,0,48,0,01,12,2,2200,70,31976949,011F0000,5373,39279,00,02
D,31977938,1093,734,0,3450,471,-48,-49,0,48,0,01,12,2,2200,70,31978127,011F0000,5373,40463,00,02
D,31978802,864,735,1,3449,335,-48,-57,0,48,0,01,12,2,2200,70,31978888,011F0000,5373,41226,00,02
D,31979741,939,735,0,3449,280,-48,-49,0,48,0,01,12,2,2200,71,31979792,011F0000,5373,42109,00,02
D,31980726,985,735,0,3449,252,-48,-47,0,48,0,01,12,2,2200,71,31980786,011F0000,5373,43102,00,02
D,31981739,1013,735,0,3449,271,-48,-49,0,48,0,01,12,2,2200,71,31981786,011F0000,5373,44103,00,02
D,31982752,1013,736,1,3448,290,-48,-57,0,48,0,01,12,2,2200,71,31982848,011F0000,5373,45172,00,02
D,31983754,1002,736,0,3448,282,-49,-57,0,48,0,01,12,2,2200,71,31983809,011F0000,5373,46126,00,02
D,31984732,978,736,0,3448,266,-49,-57,0,48,0,01,12,2,2200,71,31984792,011F0000,5373,47110,00,02
D,31985736,1004,736,0,3448,272,-49,-49,0,48,0,01,12,2,2200,71,31985790,011F0000,5373,48107,00,02
D,31986752,1016,737,1,3447,294,-49,-55,0,48,0,01,12,2,2200,72,31986837,011F0000,5373,49158,00,02
D,31987767,1015,737,0,3447,294,-50,-55,0,48,0,01,12,2,2200,72,31987883,011F0000,5062,1,00,02
D,31988871,1104,737,0,3447,318,-50,-57,0,48,0,01,12,2,2200,72,31988949,011F0000,5062,523,00,02
D,31989701,830,737,0,3447,231,-50,-55,0,48,0,01,12,2,2200,72,31989734,011F0000,5062,1302,00,02
D,31990759,1058,737,0,3447,283,-50,-49,0,49,0,01,12,2,2200,72,31990839,011F0000,5062,2416,00,02
D,31991706,947,737,0,3447,241,-50,-47,0,49,0,01,12,2,2200,72,31991742,011F0000,5062,3309,00,02
D,31992692,986,738,1,3446,232,-50,-55,0,49,0,01,12,2,2200,73,31992727,011F0000,5062,4293,00,02
D,31993688,996,738,0,3446,228,-50,-55,0,49,0,01,12,2,2200,73,31993718,011F0000,5062,5284,00,02
D,31994726,1038,738,0,3446,267,-50,-55,0,49,0,01,12,2,2200,73,31994800,011F0000,5062,6374,00,02
D,31995712,986,738,0,3446,241,-50,-47,0,49,0,01,12,2,2200,73,31995744,011F0000,5062,7310,00,02
D,31996835,1123,738,0,3446,370,-50,-49,0,49,0,01,12,2,2200,73,31996941,011F0000,5062,8530,00,02
D,31997909,1074,739,1,3445,443,-51,-57,0,49,0,01,12,2,2200,73,31998080,011F0000,5062,9673,00,02
D,31998837,928,739,0,3445,360,-50,-49,0,49,0,01,12,2,2200,73,31998956,011F0000,5062,10548,00,02
D,31999728,891,739,0,3445,267,-50,-49,0,49,0,01,12,2,2200,74,31999780,011F0000,5062,11356,00,02
D,32000720,992,739,0,3445,261,-50,-47,0,49,0,01,12,2,2200,74,32000781,011F0000,5062,12355,00,02
D,32001741,1021,739,0,3445,265,-50,-49,0,49,0,01,12,2,2200,74,32001797,011F0000,5062,13371,00,02
D,32002771,1030,740,1,3444,307,-51,-57,0,49,0,01,12,2,2200,74,32002865,011F0000,5062,14449,00,02
D,32003748,977,740,0,3444,275,-51,-57,0,49,0,01,12,2,2200,74,32003805,011F0000,5062,15380,00,02
D,32004728,980,740,0,3444,269,-51,-55,0,49,0,01,12,2,2200,74,32004792,011F0000,5062,16369,00,02
D,32005743,1015,740,0,3444,268,-51,-49,0,49,0,01,12,2,2200,75,32005808,011F0000,5062,17383,00,02
D,32006778,1035,741,1,3443,303,-51,-55,0,50,0,01,12,2,2200,75,32006876,011F0000,5062,18467,00,02
D,32007830,1052,741,0,3443,356,-51,-55,0,50,0,01,12,2,2200,75,32007923,011F0000,5062,19508,00,02
D,32008766,936,741,0,3443,296,-51,-55,0,50,0,01,12,2,2200,75,32008807,011F0000,5062,20375,00,02
D,32009693,927,741,0,3443,231,-51,-47,0,50,0,01,12,2,2200,75,32009724,011F0000,5062,21291,00,02
D,32010718,1025,741,0,3443,250,-51,-47,0,50,0,01,12,2,2200,75,32010788,011F0000,5062,22362,00,02
D,32011724,1006,742,1,3442,253,-51,-55,0,50,0,01,12,2,2200,75,32011755,011F0000,5062,23323,00,02
D,32012694,970,742,0,3442,229,-51,-55,0,50,0,01,12,2,2200,76,32012724,011F0000,5062,24290,00,02
D,32013687,993,742,0,3442,229,-51,-47,0,50,0,01,12,2,2200,76,32013717,011F0000,5062,25283,00,02
D,32014736,1049,742,0,3442,263,-51,-49,0,50,0,01,12,2,2200,76,32014815,011F0000,5062,26391,00,02
D,32015718,982,743,1,3441,258,-51,-55,0,50,0,01,12,2,2200,76,32015750,011F0000,5062,27317,00,02
D,32016841,1123,743,0,3441,354,-51,-49,0,50,0,01,12,2,2200,76,32016939,011F0000,5062,28526,00,02
D,32017935,1094,743,0,3441,448,-51,-49,0,50,0,01,12,2,2200,76,32018094,011F0000,5062,29685,00,02
D,32018831,896,743,0,3441,364,-51,-47,0,50,0,01,12,2,2200,77,32018924,011F0000,5062,30523,00,02
D,32019731,900,743,0,3441,271,-51,-49,0,50,0,01,12,2,2200,77,32019786,011F0000,5062,31364,00,02
D,32020736,1005,744,1,3440,269,-51,-55,0,50,0,01,12,2,2200,77,32020809,011F0000,5062,32387,00,02
D,32021737,1001,744,0,3440,274,-51,-57,0,50,0,01,12,2,2200,77,32021799,011F0000,5062,33378,00,02
D,32022775,1038,744,0,3440,307,-51,-49,0,50,0,01,12,2,2200,77,32022873,011F0000,5062,34466,00,02
D,32023728,953,744,0,3440,265,-51,-49,0,50,0,01,12,2,2200,77,32023780,011F0000,5062,35352,00,02
D,32024742,1014,744,0,3440,272,-51,-49,0,50,0,01,12,2,2200,77,32024809,011F0000,5062,36385,00,02
D,32025740,998,744,0,3440,271,-51,-49,0,50,0,01,12,2,2200,78,32025807,011F0000,5062,37383,00,02
D,32026770,1030,745,1,3439,296,-51,-55,0,51,0,01,12,2,2200,78,32026866,011F0000,5062,38451,00,02
D,32027838,1068,745,0,3439,361,-51,-55,0,51,0,01,12,2,2200,78,32027929,011F0000,5062,39514,00,02
D,32028752,914,745,0,3439,287,-51,-47,0,51,0,01,12,2,2200,78,32028790,011F0000,5062,40361,00,02
D,32029701,949,745,0,3439,236,-51,-47,0,51,0,01,12,2,2200,78,32029734,011F0000,5062,41302,00,02
D,32030718,1017,745,0,3439,255,-51,-47,0,51,0,01,12,2,2200,78,32030784,011F0000,5062,42359,00,02
D,32031718,1000,746,1,3438,250,-51,-55,0,51,0,01,12,2,2200,79,32031752,011F0000,5062,43319,00,02
D,32032699,981,746,0,3438,228,-51,-55,0,51,0,01,12,2,2200,79,32032730,011F0000,5062,44296,00,02
D,32033689,990,746,0,3438,229,-51,-47,0,51,0,01,12,2,2200,79,32033719,011F0000,5062,45285,00,02
D,32034743,1054,746,0,3438,262,-51,-49,0,51,0,01,12,2,2200,79,32034820,011F0000,5062,46397,00,02
D,32035717,974,747,1,3437,256,-51,-55,0,51,0,01,12,2,2200,79,32035753,011F0000,5062,47321,00,02
D,32036836,1119,747,0,3437,375,-51,-49,0,51,0,01,12,2,2200,79,32036932,011F0000,5062,48521,00,02
D,32037861,1025,747,0,3437,404,-51,-49,0,51,0,01,12,2,2200,80,32038039,011F0000,5062,49663,00,02
D,32038827,966,747,0,3437,357,-51,-49,0,51,0,01,12,2,2200,80,32038963,011F0000,4803,1,00,02
D,32039943,1116,748,1,3436,289,-51,-56,0,51,0,01,12,2,2200,80,32040039,011F0000,4803,512,00,02
D,32040725,782,748,0,3436,256,-51,-57,0,51,0,01,12,2,2200,80,32040768,011F0000,4803,1229,00,02
D,32041714,989,748,0,3436,256,-51,-55,0,51,0,01,12,2,2200,80,32041773,011F0000,4803,2242,00,02
D,32042759,1045,748,0,3436,298,-51,-49,0,51,0,01,12,2,2200,80,32042843,011F0000,4803,3318,00,02
D,32043726,967,749,1,3435,267,-51,-57,0,51,0,01,12,2,2200,80,32043786,011F0000,4803,4254,00,02
D,32044743,1017,749,0,3435,273,-52,-57,0,51,0,01,12,2,2200,81,32044806,011F0000,4803,5276,00,02
D,32045739,996,749,0,3435,273,-52,-49,0,51,0,01,12,2,2200,81,32045798,011F0000,4803,6267,00,02
D,32046776,1037,749,0,3435,311,-51,-47,0,52,0,01,12,2,2200,81,32046866,011F0000,4803,7347,00,02
D,32047773,997,749,0,3435,307,-51,-47,0,52,0,01,12,2,2200,81,32047881,011F0000,4803,8360,00,02
D,32048774,1001,750,1,3434,301,-51,-55,0,52,0,01,12,2,2200,81,32048825,011F0000,4803,9291,00,02
D,32049698,924,750,0,3434,235,-52,-55,0,52,0,01,12,2,2200,81,32049734,011F0000,4803,10195,00,02
D,32050715,1017,750,0,3434,250,-52,-55,0,52,0,01,12,2,2200,82,32050780,011F0000,4803,11248,00,02
D,32051709,994,750,0,3434,248,-52,-47,0,52,0,01,12,2,2200,82,32051741,011F0000,4803,12202,00,02
D,32052684,975,750,0,3434,227,-51,-47,0,52,0,01,12,2,2200,82,32052715,011F0000,4803,13175,00,02
D,32053687,1003,750,0,3434,231,-51,-47,0,52,0,01,12,2,2200,82,32053721,011F0000,4803,14183,00,02
D,32054733,1046,751,1,3433,263,-51,-55,0,52,0,01,12,2,2200,82,32054808,011F0000,4803,15278,00,02
D,32055724,991,751,0,3433,259,-52,-55,0,52,0,01,12,2,2200,82,32055760,011F0000,4803,16221,00,02
D,32056830,1106,751,0,3433,362,-51,-49,0,52,0,01,12,2,2200,83,32056927,011F0000,4803,17410,00,02
D,32057890,1060,752,1,3432,425,-52,-57,0,52,0,01,12,2,2200,83,32058090,011F0000,4803,18591,00,02
D,32058810,920,752,0,3432,344,-52,-57,0,52,0,01,12,2,2200,83,32058924,011F0000,4803,19417,00,02
D,32059744,934,752,0,3432,270,-52,-57,0,52,0,01,12,2,2200,83,32059788,011F0000,4803,20257,00,02
D,32060724,980,752,0,3432,254,-52,-57,0,52,0,01,12,2,2200,83,32060789,011F0000,4803,21259,00,02
D,32061745,1021,752,0,3432,273,-52,-49,0,52,0,01,12,2,2200,83,32061788,011F0000,4803,22256,00,02
D,32062743,998,753,1,3431,285,-52,-57,0,52,0,01,12,2,2200,84,32062827,011F0000,4803,23300,00,02
D,32063735,992,753,0,3431,275,-52,-57,0,52,0,01,12,2,2200,84,32063786,011F0000,4803,24252,00,02
D,32064724,989,753,0,3431,260,-53,-55,0,52,0,01,12,2,2200,84,32064785,011F0000,4803,25256,00,02
D,32065749,1025,753,0,3431,274,-52,-49,0,52,0,01,12,2,2200,84,32065798,011F0000,4803,26265,00,02
D,32066768,1019,753,0,3431,298,-52,-47,0,52,0,01,12,2,2200,84,32066858,011F0000,4803,27335,00,02
D,32067784,1016,754,1,3430,316,-52,-55,0,52,0,01,12,2,2200,84,32067891,011F0000,4803,28367,00,02
D,32068765,981,754,0,3430,304,-52,-55,0,52,0,01,12,2,2200,85,32068817,011F0000,4803,29282,00,02
D,32069703,938,754,0,3430,231,-53,-55,0,52,0,01,12,2,2200,85,32069734,011F0000,4803,30195,00,02
D,32070728,1025,754,0,3430,270,-52,-49,0,53,0,01,12,2,2200,85,32070805,011F0000,4803,31274,00,02
D,32071712,984,755,1,3429,253,-52,-55,0,53,0,01,12,2,2200,85,32071741,011F0000,4803,32202,00,02
D,32072690,978,755,0,3429,232,-53,-55,0,53,0,01,12,2,2200,85,32072723,011F0000,4803,33184,00,02
D,32073693,1003,755,0,3429,231,-53,-55,0,53,0,01,12,2,2200,85,32073725,011F0000,4803,34186,00,02
D,32074713,1020,755,0,3429,253,-52,-47,0,53,0,01,12,2,2200,86,32074781,011F0000,4803,35247,00,02
D,32075708,995,756,1,3428,248,-53,-55,0,53,0,01,12,2,2200,86,32075739,011F0000,4803,36200,00,02
D,32076837,1129,756,0,3428,347,-53,-57,0,53,0,01,12,2,2200,86,32076932,011F0000,4803,37412,00,02
D,32077902,1065,756,0,3428,441,-53,-57,0,53,0,01,12,2,2200,86,32078100,011F0000,4803,38595,00,02
D,32078821,919,757,1,3427,349,-53,-57,0,53,0,01,12,2,2200,86,32078947,011F0000,4803,39440,00,02
D,32079737,916,757,0,3427,272,-53,-57,0,53,0,01,12,2,2200,86,32079786,011F0000,4803,40254,00,02
D,32080720,983,757,0,3427,253,-53,-57,0,53,0,01,12,2,2200,87,32080784,011F0000,4803,41252,00,02
D,32081730,1010,757,0,3427,267,-53,-57,0,53,0,01,12,2,2200,87,32081775,011F0000,4803,42243,00,02
D,32082772,1042,757,0,3427,302,-54,-57,0,53,0,01,12,2,2200,87,32082865,011F0000,4803,43341,00,02
D,32083744,972,757,0,3427,271,-54,-57,0,53,0,01,12,2,2200,87,32083800,011F0000,4803,44267,00,02
D,32084740,996,757,0,3427,268,-54,-49,0,53,0,01,12,2,2200,87,32084804,011F0000,4803,45276,00,02
D,32085745,1005,758,1,3426,274,-54,-57,0,53,0,01,12,2,2200,87,32085802,011F0000,4803,46270,00,02
D,32086764,1019,758,0,3426,299,-54,-55,0,53,0,01,12,2,2200,88,32086846,011F0000,4803,47320,00,02
D,32087788,1024,758,0,3426,313,-54,-55,0,53,0,01,12,2,2200,88,32087876,011F0000,4803,48355,00,02
D,32088768,980,759,1,3425,300,-54,-55,0,53,0,01,12,2,2200,88,32088809,011F0000,4803,49275,00,02
D,32089692,924,759,0,3425,230,-54,-55,0,53,0,01,12,2,2200,88,32089725,011F0000,4574,2,00,02
D,32090735,1043,759,0,3425,276,-54,-57,0,54,0,01,12,2,2200,88,32090815,011F0000,4574,535,00,02
D,32091712,977,759,0,3425,255,-54,-55,0,54,0,01,12,2,2200,88,32091745,011F0000,4574,1454,00,02
D,32092696,984,759,0,3425,233,-54,-55,0,54,0,01,12,2,2200,89,32092727,011F0000,4574,2437,00,02
D,32093690,994,760,1,3424,228,-54,-55,0,54,0,01,12,2,2200,89,32093721,011F0000,4574,3430,00,02
D,32094730,1040,760,0,3424,256,-54,-57,0,54,0,01,12,2,2200,89,32094802,011F0000,4574,4519,00,02
D,32095722,992,760,0,3424,252,-54,-55,0,54,0,01,12,2,2200,89,32095756,011F0000,4574,5464,00,02
D,32096847,1125,760,0,3424,375,-54,-57,0,54,0,01,12,2,2200,89,32096949,011F0000,4574,6678,00,02
D,32097874,1027,761,1,3423,410,-55,-57,0,54,0,01,12,2,2200,89,32098056,011F0000,4574,7790,00,02
D,32098825,951,761,0,3423,366,-55,-57,0,54,0,01,12,2,2200,90,32098930,011F0000,4574,8668,00,02
D,32099730,905,761,0,3423,265,-55,-57,0,54,0,01,12,2,2200,90,32099780,011F0000,4574,9497,00,02
D,32100738,1008,761,0,3423,264,-55,-57,0,54,0,01,12,2,2200,90,32100802,011F0000,4574,10519,00,02
D,32101742,1004,762,1,3422,268,-55,-57,0,54,0,01,12,2,2200,90,32101795,011F0000,4574,11512,00,02
D,32102771,1029,762,0,3422,305,-55,-57,0,54,0,01,12,2,2200,90,32102865,011F0000,4574,12592,00,02
D,32103744,973,762,0,3422,271,-55,-57,0,54,0,01,12,2,2200,90,32103800,011F0000,4574,13516,00,02
D,32104744,1000,762,0,3422,275,-55,-57,0,54,0,01,12,2,2200,91,32104808,011F0000,4574,14529,00,02
D,32105741,997,762,0,3422,269,-55,-49,0,54,0,01,12,2,2200,91,32105801,011F0000,4574,15517,00,02
D,32106767,1026,763,1,3421,308,-55,-55,0,54,0,01,12,2,2200,91,32106862,011F0000,4574,16591,00,02
D,32107810,1043,763,0,3421,346,-55,-55,0,54,0,01,12,2,2200,91,32107901,011F0000,4574,17627,00,02
D,32108764,954,763,0,3421,293,-55,-55,0,54,0,01,12,2,2200,91,32108807,011F0000,4574,18520,00,02
D,32109699,935,763,0,3421,238,-55,-47,0,54,0,01,12,2,2200,91,32109736,011F0000,4574,19446,00,02
D,32110726,1027,763,0,3421,254,-54,-49,0,54,0,01,12,2,2200,92,32110792,011F0000,4574,20507,00,02
D,32111713,987,764,1,3420,246,-54,-55,0,54,0,01,12,2,2200,92,32111742,011F0000,4574,21450,00,02
D,32112689,976,764,0,3420,229,-54,-55,0,54,0,01,12,2,2200,92,32112718,011F0000,4574,22426,00,02
D,32113691,1002,764,0,3420,232,-54,-55,0,54,0,01,12,2,2200,92,32113723,011F0000,4574,23432,00,02
D,32114738,1047,764,0,3420,266,-54,-55,0,55,0,01,12,2,2200,92,32114817,011F0000,4574,24535,00,02
D,32115728,990,765,1,3419,256,-55,-63,0,55,0,01,12,2,2200,92,32115763,011F0000,4574,25473,00,02
D,32116844,1116,765,0,3419,359,-55,-57,0,55,0,01,12,2,2200,93,32116943,011F0000,4574,26671,00,02
D,32117940,1096,765,0,3419,448,-55,-57,0,55,0,01,12,2,2200,93,32118130,011F0000,4574,27864,00,02
D,32118810,870,765,0,3419,340,-55,-49,0,55,0,01,12,2,2200,93,32118914,011F0000,4574,28648,00,02
D,32119748,938,766,1,3418,274,-55,-57,0,55,0,01,12,2,2200,93,32119792,011F0000,4574,29509,00,02
D,32120725,977,766,0,3418,257,-55,-55,0,55,0,01,12,2,2200,93,32120802,011F0000,4574,30521,00,02
D,32121745,1020,766,0,3418,274,-55,-57,0,55,0,01,12,2,2200,93,32121809,011F0000,4574,31525,00,02
D,32122776,1031,766,0,3418,308,-55,-57,0,55,0,01,12,2,2200,94,32122875,011F0000,4574,32615,00,02
D,32123722,946,767,1,3417,262,-55,-57,0,55,0,01,12,2,2200,94,32123774,011F0000,4574,33487,00,02
D,32124738,1016,767,0,3417,276,-55,-57,0,55,0,01,12,2,2200,94,32124811,011F0000,4574,34530,00,02
D,32125735,997,767,0,3417,275,-55,-57,0,55,0,01,12,2,2200,94,32125799,011F0000,4574,35517,00,02
D,32126773,1038,767,0,3417,307,-55,-55,0,56,0,01,12,2,2200,94,32126868,011F0000,4574,36595,00,02
D,32127785,1012,767,0,3417,309,-55,-55,0,56,0,01,12,2,2200,95,32127882,011F0000,4574,37608,00,02
D,32128770,985,768,1,3416,301,-55,-55,0,56,0,01,12,2,2200,95,32128819,011F0000,4574,38533,00,02
D,32129691,921,768,0,3416,232,-55,-55,0,56,0,01,12,2,2200,95,32129722,011F0000,4574,39430,00,02
D,32130722,1031,768,0,3416,258,-55,-55,0,56,0,01,12,2,2200,95,32130791,011F0000,4574,40506,00,02
D,32131701,979,769,1,3415,245,-56,-63,0,56,0,01,12,2,2200,95,32131735,011F0000,4574,41445,00,02
D,32132686,985,769,0,3415,228,-56,-55,0,56,0,01,12,2,2200,95,32132719,011F0000,4574,42427,00,02
D,32133690,1004,769,0,3415,229,-56,-55,0,56,0,01,12,2,2200,96,32133723,011F0000,4574,43433,00,02
D,32134734,1044,769,0,3415,266,-55,-55,0,56,0,01,12,2,2200,96,32134816,011F0000,4574,44535,00,02
D,32135707,973,770,1,3414,248,-56,-63,0,56,0,01,12,2,2200,96,32135735,011F0000,4574,45443,00,02
D,32136836,1129,770,0,3414,340,-56,-57,0,56,0,01,12,2,2200,96,32136930,011F0000,4574,46658,00,02
D,32137877,1041,770,0,3414,414,-56,-57,0,56,0,01,12,2,2200,96,32138059,011F0000,4574,47821,00,02
D,32138825,948,770,0,3414,361,-56,-57,0,56,0,01,12,2,2200,96,32138953,011F0000,4574,48694,00,02
D,32139738,913,770,0,3414,270,-56,-57,0,56,0,01,12,2,2200,97,32139787,011F0000,4574,49501,00,02
D,32140725,987,770,0,3414,251,-56,-55,0,56,0,01,12,2,2200,97,32140785,011F0000,4357,1,00,02
D,32141750,1025,771,1,3413,276,-56,-57,0,56,0,01,12,2,2200,97,32141824,011F0000,4357,499,00,02
D,32142775,1025,771,0,3413,301,-56,-57,0,56,0,01,12,2,2200,97,32142862,011F0000,4357,1541,00,02
D,32143730,955,771,0,3413,265,-56,-57,0,56,0,01,12,2,2200,97,32143791,011F0000,4357,2462,00,02
D,32144748,1018,771,0,3413,272,-56,-57,0,56,0,01,12,2,2200,98,32144818,011F0000,4357,3493,00,02
D,32145747,999,772,1,3412,275,-56,-57,0,56,0,01,12,2,2200,98,32145810,011F0000,4357,4484,00,02
D,32146782,1035,772,0,3412,308,-56,-55,0,56,0,01,12,2,2200,98,32146870,011F0000,4357,5551,00,02
D,32147799,1017,772,0,3412,327,-56,-55,0,56,0,01,12,2,2200,98,32147886,011F0000,4357,6573,00,02
D,32148757,958,772,0,3412,297,-56,-55,0,56,0,01,12,2,2200,98,32148810,011F0000,4357,7478,00,02
D,32149695,938,773,1,3411,235,-56,-63,0,56,0,01,12,2,2200,98,32149729,011F0000,4357,8395,00,02
D,32150730,1035,773,0,3411,270,-56,-57,0,57,0,01,12,2,2200,99,32150809,011F0000,4357,9483,00,02
D,32151713,983,773,0,3411,247,-56,-55,0,57,0,01,12,2,2200,99,32151741,011F0000,4357,10405,00,02
D,32152696,983,773,0,3411,230,-56,-55,0,57,0,01,12,2,2200,99,32152728,011F0000,4357,11392,00,02
D,32153697,1001,774,1,3410,231,-56,-63,0,57,0,01,12,2,2200,99,32153729,011F0000,4357,12395,00,02
D,32154726,1029,774,0,3410,253,-56,-55,0,57,0,01,12,2,2200,99,32154799,011F0000,4357,13474,00,02
D,32155718,992,774,0,3410,255,-56,-55,0,57,0,01,12,2,2200,99,32155749,011F0000,4357,14415,00,02
D,32156833,1115,774,0,3410,372,-56,-57,0,57,0,01,12,2,2200,100,32156927,011F0000,4357,15612,00,02
D,32157875,1042,775,1,3409,407,-57,-65,0,57,0,01,12,2,2200,100,32158051,011F0000,4357,16744,00,02
D,32158820,945,775,0,3409,362,-57,-57,0,57,0,01,12,2,2200,100,32158924,011F0000,4357,17621,00,02
D,32159735,915,775,0,3409,263,-57,-57,0,57,0,01,12,2,2200,100,32159786,011F0000,4357,18459,00,02
D,32160730,995,775,0,3409,263,-57,-57,0,57,0,01,12,2,2200,100,32160794,011F0000,4357,19468,00,02
D,32161730,1000,776,1,3408,266,-57,-57,0,57,0,01,12,2,2200,101,32161783,011F0000,4357,20455,00,02
D,32162779,1049,776,0,3408,308,-57,-57,0,57,0,01,12,2,2200,101,32162873,011F0000,4357,21562,00,02
D,32163713,934,776,0,3408,257,-57,-57,0,57,0,01,12,2,2200,101,32163764,011F0000,4357,22434,00,02
D,32164748,1035,777,1,3407,272,-57,-65,0,57,0,01,12,2,2200,101,32164812,011F0000,4357,23488,00,02
D,32165728,980,777,0,3407,269,-57,-57,0,57,0,01,12,2,2200,101,32165789,011F0000,4357,24464,00,02
D,32166784,1056,777,0,3407,308,-57,-55,0,58,0,01,12,2,2200,101,32166878,011F0000,4357,25573,00,02
D,32167826,1042,777,0,3407,354,-57,-55,0,58,0,01,12,2,2200,102,32167913,011F0000,4357,26594,00,02
D,32168754,928,778,1,3406,297,-57,-63,0,58,0,01,12,2,2200,102,32168798,011F0000,4357,27466,00,02
D,32169699,945,778,0,3406,227,-57,-63,0,58,0,01,12,2,2200,102,32169728,011F0000,4357,28392,00,02
D,32170712,1013,778,0,3406,252,-58,-63,0,58,0,01,12,2,2200,102,32170778,011F0000,4357,29451,00,02
D,32171710,998,778,0,3406,248,-58,-63,0,58,0,01,12,2,2200,102,32171742,011F0000,4357,30406,00,02
D,32172692,982,778,0,3406,230,-58,-55,0,58,0,01,12,2,2200,103,32172727,011F0000,4357,31392,00,02
D,32173690,998,779,1,3405,230,-58,-63,0,58,0,01,12,2,2200,103,32173721,011F0000,4357,32386,00,02
D,32174727,1037,779,0,3405,265,-58,-63,0,58,0,01,12,2,2200,103,32174802,011F0000,4357,33476,00,02
D,32175732,1005,779,0,3405,255,-58,-63,0,58,0,01,12,2,2200,103,32175765,011F0000,4357,34429,00,02
D,32176839,1107,779,0,3405,351,-58,-57,0,58,0,01,12,2,2200,103,32176939,011F0000,4357,35625,00,02
D,32177910,1071,780,1,3404,441,-59,-65,0,58,0,01,12,2,2200,103,32178110,011F0000,4357,36805,00,02
D,32178807,897,780,0,3404,348,-59,-65,0,58,0,01,12,2,2200,104,32178908,011F0000,4357,37605,00,02
D,32179728,921,780,0,3404,268,-59,-57,0,58,0,01,12,2,2200,104,32179776,011F0000,4357,38448,00,02
D,32180716,988,780,0,3404,249,-59,-55,0,58,0,01,12,2,2200,104,32180779,011F0000,4357,39453,00,02
D,32181744,1028,780,0,3404,273,-59,-57,0,58,0,01,12,2,2200,104,32181787,011F0000,4357,40457,00,02
D,32182750,1006,781,1,3403,293,-59,-65,0,58,0,01,12,2,2200,104,32182844,011F0000,4357,41525,00,02
D,32183751,1001,781,0,3403,277,-59,-57,0,58,0,01,12,2,2200,105,32183802,011F0000,4357,42472,00,02
D,32184727,976,781,0,3403,262,-59,-57,0,58,0,01,12,2,2200,105,32184790,011F0000,4357,43465,00,02
D,32185748,1021,782,1,3402,273,-59,-65,0,58,0,01,12,2,2200,105,32185800,011F0000,4357,44471,00,02
D,32186745,997,782,0,3402,287,-59,-63,0,58,0,01,12,2,2200,105,32186828,011F0000,4357,45506,00,02
D,32187791,1046,782,0,3402,316,-59,-63,0,58,0,01,12,2,2200,105,32187884,011F0000,4357,46570,00,02
D,32188763,972,782,0,3402,303,-59,-55,0,58,0,01,12,2,2200,105,32188808,011F0000,4357,47478,00,02
D,32189699,936,783,1,3401,233,-59,-63,0,58,0,01,12,2,2200,106,32189733,011F0000,4357,48398,00,02
D,32190735,1036,783,0,3401,272,-59,-65,0,59,0,01,12,2,2200,106,32190811,011F0000,4357,49484,00,02
D,32191722,987,783,0,3401,254,-60,-63,0,59,0,01,12,2,2200,106,32191754,011F0000,4164,1,00,02
D,32192703,981,783,0,3401,243,-59,-55,0,59,0,01,12,2,2200,106,32192769,011F0000,4164,490,00,02
D,32193715,1012,784,1,3400,251,-60,-65,0,59,0,01,12,2,2200,106,32193747,011F0000,4164,1463,00,02
D,32194720,1005,784,0,3400,251,-60,-63,0,59,0,01,12,2,2200,107,32194792,011F0000,4164,2515,00,02
D,32195718,998,784,0,3400,251,-60,-55,0,59,0,01,12,2,2200,107,32195748,011F0000,4164,3462,00,02
D,32196843,1125,784,0,3400,355,-59,-57,0,59,0,01,12,2,2200,107,32196941,011F0000,4164,4675,00,02
D,32198116,1273,785,1,3399,636,-60,-64,0,59,0,01,12,2,2200,107,32198234,011F0000,4164,5976,00,02
D,32198823,707,785,0,3399,349,-60,-57,0,59,0,01,12,2,2200,107,32198877,011F0000,4164,6596,00,02
D,32199733,910,785,0,3399,260,-60,-57,0,59,0,01,12,2,2200,107,32199799,011F0000,4164,7524,00,02
D,32200742,1009,785,0,3399,270,-59,-57,0,59,0,01,12,2,2200,108,32200794,011F0000,4164,8514,00,02
D,32201719,977,785,0,3399,261,-59,-57,0,59,0,01,12,2,2200,108,32201782,011F0000,4164,9506,00,02
D,32202749,1030,786,1,3398,281,-60,-65,0,59,0,01,12,2,2200,108,32202829,011F0000,4164,10554,00,02
D,32203753,1004,786,0,3398,278,-59,-57,0,59,0,01,12,2,2200,108,32203817,011F0000,4164,11540,00,02
D,32204737,984,786,0,3398,276,-59,-57,0,59,0,01,12,2,2200,108,32204797,011F0000,4164,12518,00,02
D,32205727,990,787,1,3397,266,-60,-63,0,59,0,01,12,2,2200,109,32205792,011F0000,4164,13517,00,02
D,32206769,1042,787,0,3397,300,-60,-63,0,59,0,01,12,2,2200,109,32206867,011F0000,4164,14597,00,02
D,32207837,1068,787,0,3397,353,-60,-63,0,59,0,01,12,2,2200,109,32207935,011F0000,4164,15666,00,02
D,32208718,881,787,0,3397,245,-60,-55,0,59,0,01,12,2,2200,109,32208748,011F0000,4164,16464,00,02
D,32209694,976,787,0,3397,233,-59,-55,0,59,0,01,12,2,2200,109,32209725,011F0000,4164,17441,00,02
D,32210744,1050,788,1,3396,285,-60,-65,0,60,0,01,12,2,2200,110,32210815,011F0000,4164,18540,00,02
D,32211711,967,788,0,3396,238,-60,-63,0,60,0,01,12,2,2200,110,32211743,011F0000,4164,19459,00,02
D,32212690,979,788,0,3396,228,-60,-63,0,60,0,01,12,2,2200,110,32212719,011F0000,4164,20433,00,02
D,32213690,1000,789,1,3395,232,-60,-63,0,60,0,01,12,2,2200,110,32213721,011F0000,4164,21437,00,02
D,32214736,1046,789,0,3395,272,-60,-65,0,60,0,01,12,2,2200,110,32214808,011F0000,4164,22530,00,02
D,32215703,967,789,0,3395,238,-60,-63,0,60,0,01,12,2,2200,110,32215736,011F0000,4164,23452,00,02
D,32216839,1136,789,0,3395,359,-60,-57,0,60,0,01,12,2,2200,111,32216942,011F0000,4164,24679,00,02
D,32217909,1070,790,1,3394,439,-60,-65,0,60,0,01,12,2,2200,111,32218082,011F0000,4164,25822,00,02
D,32218830,921,790,0,3394,365,-61,-65,0,60,0,01,12,2,2200,111,32218940,011F0000,4164,26683,00,02
D,32219742,912,790,0,3394,270,-60,-57,0,60,0,01,12,2,2200,111,32219799,011F0000,4164,27524,00,02
D,32220741,999,790,0,3394,269,-60,-57,0,60,0,01,12,2,2200,111,32220820,011F0000,4164,28546,00,02
D,32221740,999,790,0,3394,273,-60,-57,0,60,0,01,12,2,2200,112,32221804,011F0000,4164,29528,00,02
D,32222772,1032,791,1,3393,303,-60,-65,0,60,0,01,12,2,2200,112,32222868,011F0000,4164,30604,00,02
D,32223747,975,791,0,3393,275,-60,-57,0,60,0,01,12,2,2200,112,32223800,011F0000,4164,31522,00,02
D,32224752,1005,791,0,3393,276,-60,-57,0,60,0,01,12,2,2200,112,32224818,011F0000,4164,32545,00,02
D,32225729,977,791,0,3393,270,-60,-57,0,60,0,01,12,2,2200,112,32225794,011F0000,4164,33517,00,02
D,32226765,1036,792,1,3392,303,-60,-63,0,60,0,01,12,2,2200,113,32226864,011F0000,4164,34597,00,02
D,32227826,1061,792,0,3392,348,-60,-63,0,60,0,01,12,2,2200,113,32227910,011F0000,4164,35640,00,02
D,32228763,937,792,0,3392,293,-60,-56,0,60,0,01,12,2,2200,113,32228807,011F0000,4164,36526,00,02
D,32229693,930,792,0,3392,229,-60,-55,0,60,0,01,12,2,2200,113,32229723,011F0000,4164,37439,00,02
D,32230734,1041,793,1,3391,271,-60,-63,0,61,0,01,12,2,2200,113,32230816,011F0000,4164,38542,00,02
D,32231727,993,793,0,3391,252,-60,-65,0,61,0,01,12,2,2200,113,32231761,011F0000,4164,39477,00,02
D,32232700,973,793,0,3391,235,-60,-63,0,61,0,01,12,2,2200,114,32232732,011F0000,4164,40447,00,02
D,32233692,992,793,0,3391,227,-60,-55,0,61,0,01,12,2,2200,114,32233723,011F0000,4164,41437,00,02
D,32234726,1034,793,0,3391,250,-60,-55,0,61,0,01,12,2,2200,114,32234795,011F0000,4164,42516,00,02
D,32235719,993,794,1,3390,246,-60,-63,0,61,0,01,12,2,2200,114,32235751,011F0000,4164,43468,00,02
D,32236836,1117,794,0,3390,376,-60,-57,0,61,0,01,12,2,2200,114,32236931,011F0000,4164,44669,00,02
D,32237911,1075,794,0,3390,435,-60,-57,0,61,0,01,12,2,2200,115,32238111,011F0000,4164,45859,00,02
D,32238817,906,795,1,3389,348,-60,-65,0,61,0,01,12,2,2200,115,32238925,011F0000,4164,46667,00,02
D,32239739,922,795,0,3389,271,-60,-65,0,61,0,01,12,2,2200,115,32239792,011F0000,4164,47513,00,02
D,32240723,984,795,0,3389,253,-60,-63,0,61,0,01,12,2,2200,115,32240788,011F0000,4164,48512,00,02
D,32241746,1023,796,1,3388,271,-60,-65,0,61,0,01,12,2,2200,115,32241791,011F0000,4164,49512,00,02
D,32242768,1022,796,0,3388,292,-61,-65,0,61,0,01,12,2,2200,116,32242861,011F0000,3978,1,00,02
D,32243827,1059,796,0,3388,280,-60,-57,0,61,0,01,12,2,2200,116,32243904,011F0000,3978,479,00,02
D,32244746,919,796,0,3388,274,-60,-57,0,61,0,01,12,2,2200,116,32244811,011F0000,3978,1385,00,02
D,32245748,1002,797,1,3387,273,-61,-65,0,61,0,01,12,2,2200,116,32245810,011F0000,3978,2382,00,02
D,32246771,1023,797,0,3387,305,-61,-63,0,62,0,01,12,2,2200,116,32246863,011F0000,3978,3448,00,02
D,32247788,1017,797,0,3387,320,-61,-63,0,62,0,01,12,2,2200,117,32247891,011F0000,3978,4470,00,02
D,32248777,989,798,1,3386,304,-61,-63,0,62,0,01,12,2,2200,117,32248831,011F0000,3978,5402,00,02
D,32249700,923,798,0,3386,229,-61,-63,0,62,0,01,12,2,2200,117,32249730,011F0000,3978,6293,00,02
D,32250717,1017,798,0,3386,255,-61,-63,0,62,0,01,12,2,2200,117,32250784,011F0000,3978,7355,00,02
D,32251709,992,798,0,3386,244,-61,-63,0,62,0,01,12,2,2200,117,32251741,011F0000,3978,8304,00,02
D,32252701,992,799,1,3385,229,-61,-71,0,62,0,01,12,2,2200,118,32252735,011F0000,3978,9300,00,02
D,32253699,998,799,0,3385,231,-62,-63,0,62,0,01,12,2,2200,118,32253728,011F0000,3978,10291,00,02
D,32254725,1026,799,0,3385,266,-62,-63,0,62,0,01,12,2,2200,118,32254799,011F0000,3978,11373,00,02
D,32255728,1003,799,0,3385,253,-62,-63,0,62,0,01,12,2,2200,118,32255762,011F0000,3978,12326,00,02
D,32256833,1105,799,0,3385,366,-61,-57,0,62,0,01,12,2,2200,118,32256928,011F0000,3978,13512,00,02
D,32257912,1079,800,1,3384,439,-62,-65,0,62,0,01,12,2,2200,119,32258106,011F0000,3978,14702,00,02
D,32258808,896,800,0,3384,348,-62,-65,0,62,0,01,12,2,2200,119,32258912,011F0000,3978,15504,00,02
D,32259748,940,800,0,3384,271,-62,-65,0,62,0,01,12,2,2200,119,32259796,011F0000,3978,16367,00,02
D,32260711,963,800,0,3384,252,-62,-63,0,62,0,01,12,2,2200,119,32260774,011F0000,3978,17347,00,02
D,32261733,1022,801,1,3383,271,-62,-65,0,62,0,01,12,2,2200,119,32261778,011F0000,3978,18348,00,02
D,32262749,1016,801,0,3383,289,-62,-65,0,62,0,01,12,2,2200,119,32262842,011F0000,3978,19422,00,02
D,32263751,1002,801,0,3383,280,-62,-65,0,62,0,01,12,2,2200,120,32263804,011F0000,3978,20374,00,02
D,32264729,978,802,1,3382,263,-63,-73,0,62,0,01,12,2,2200,120,32264792,011F0000,3978,21366,00,02
D,32265736,1007,802,0,3382,277,-63,-65,0,62,0,01,12,2,2200,120,32265789,011F0000,3978,22359,00,02
D,32266756,1020,802,0,3382,295,-63,-63,0,63,0,01,12,2,2200,120,32266846,011F0000,3978,23430,00,02
D,32267781,1025,802,0,3382,320,-63,-63,0,63,0,01,12,2,2200,120,32267873,011F0000,3978,24454,00,02
D,32268767,986,803,1,3381,302,-63,-71,0,63,0,01,12,2,2200,121,32268817,011F0000,3978,25385,00,02
D,32269704,937,803,0,3381,231,-63,-63,0,63,0,01,12,2,2200,121,32269734,011F0000,3978,26298,00,02
D,32270714,1010,803,0,3381,246,-63,-63,0,63,0,01,12,2,2200,121,32270782,011F0000,3978,27355,00,02
D,32271723,1009,803,0,3381,251,-63,-63,0,63,0,01,12,2,2200,121,32271754,011F0000,3978,28318,00,02
D,32272701,978,804,1,3380,232,-63,-63,0,63,0,01,12,2,2200,121,32272735,011F0000,3978,29299,00,02
D,32273707,1006,804,0,3380,232,-63,-63,0,63,0,01,12,2,2200,122,32273737,011F0000,3978,30300,00,02
D,32274732,1025,804,0,3380,263,-63,-63,0,63,0,01,12,2,2200,122,32274809,011F0000,3978,31383,00,02
D,32275722,990,804,0,3380,255,-63,-63,0,63,0,01,12,2,2200,122,32275753,011F0000,3978,32318,00,02
D,32276839,1117,805,1,3379,361,-63,-65,0,63,0,01,12,2,2200,122,32276932,011F0000,3978,33514,00,02
D,32277897,1058,805,0,3379,428,-63,-65,0,63,0,01,12,2,2200,122,32278101,011F0000,3978,34700,00,02
D,32278820,923,805,0,3379,350,-63,-57,0,63,0,01,12,2,2200,123,32278943,011F0000,3978,35539,00,02
D,32279743,923,805,0,3379,273,-63,-57,0,63,0,01,12,2,2200,123,32279792,011F0000,3978,36361,00,02
D,32280712,969,806,1,3378,250,-63,-63,0,63,0,01,12,2,2200,123,32280778,011F0000,3978,37350,00,02
D,32281736,1024,806,0,3378,269,-63,-65,0,63,0,01,12,2,2200,123,32281783,011F0000,3978,38353,00,02
D,32282762,1026,806,0,3378,295,-63,-57,0,63,0,01,12,2,2200,123,32282858,011F0000,3978,39436,00,02
D,32283745,983,806,0,3378,273,-62,-57,0,63,0,01,12,2,2200,124,32283803,011F0000,3978,40375,00,02
D,32284741,996,807,1,3377,265,-63,-65,0,63,0,01,12,2,2200,124,32284806,011F0000,3978,41380,00,02
D,32285744,1003,807,0,3377,273,-63,-65,0,63,0,01,12,2,2200,124,32285806,011F0000,3978,42377,00,02
D,32286775,1031,807,0,3377,300,-63,-63,0,63,0,01,12,2,2200,124,32286862,011F0000,3978,43442,00,02
D,32287775,1000,807,0,3377,310,-63,-63,0,63,0,01,12,2,2200,124,32287876,011F0000,3978,44458,00,02
D,32288771,996,808,1,3376,304,-63,-63,0,63,0,01,12,2,2200,125,32288824,011F0000,3978,45392,00,02
D,32289692,921,808,0,3376,230,-63,-63,0,63,0,01,12,2,2200,125,32289722,011F0000,3978,46285,00,02
D,32290735,1043,808,0,3376,270,-63,-65,0,64,0,01,12,2,2200,125,32290815,011F0000,3978,47391,00,02
D,32291714,979,808,0,3376,257,-63,-63,0,64,0,01,12,2,2200,125,32291749,011F0000,3978,48313,00,02
D,32292698,984,809,1,3375,234,-63,-63,0,64,0,01,12,2,2200,125,32292730,011F0000,3978,49294,00,02
D,32293703,1005,809,0,3375,232,-63,-63,0,64,0,01,12,2,2200,126,32293734,011F0000,3816,1,00,02
D,32294732,1029,809,0,3375,261,-63,-57,0,64,0,01,12,2,2200,126,32294808,011F0000,3816,529,00,02
D,32295725,993,810,1,3374,252,-63,-63,0,64,0,01,12,2,2200,126,32295751,011F0000,3816,1463,00,02
D,32296841,1116,810,0,3374,363,-63,-65,0,64,0,01,12,2,2200,126,32296939,011F0000,3816,2672,00,02
D,32297869,1028,810,0,3374,408,-63,-65,0,64,0,01,12,2,2200,126,32298049,011F0000,3816,3791,00,02
D,32298828,959,810,0,3374,361,-63,-57,0,64,0,01,12,2,2200,127,32298933,011F0000,3816,4677,00,02
D,32299735,907,811,1,3373,264,-63,-65,0,64,0,01,12,2,2200,127,32299784,011F0000,3816,5506,00,02
D,32300728,993,811,0,3373,266,-63,-65,0,64,0,01,12,2,2200,127,32300794,011F0000,3816,6516,00,02
D,32301729,1001,811,0,3373,266,-63,-65,0,64,0,01,12,2,2200,127,32301786,011F0000,3816,7509,00,02
D,32302766,1037,811,0,3373,307,-63,-57,0,64,0,01,12,2,2200,127,32302863,011F0000,3816,8593,00,02
D,32303743,977,812,1,3372,275,-63,-65,0,64,0,01,12,2,2200,128,32303799,011F0000,3816,9520,00,02
D,32304743,1000,812,0,3372,269,-63,-65,0,64,0,01,12,2,2200,128,32304808,011F0000,3816,10533,00,02
D,32305738,995,812,0,3372,268,-63,-65,0,64,0,01,12,2,2200,128,32305799,011F0000,3816,11521,00,02
D,32306774,1036,812,0,3372,299,-63,-63,0,65,0,01,12,2,2200,128,32306869,011F0000,3816,12605,00,02
D,32307839,1065,813,1,3371,360,-63,-63,0,65,0,01,12,2,2200,128,32307923,011F0000,3816,13657,00,02
D,32308753,914,813,0,3371,292,-63,-63,0,65,0,01,12,2,2200,129,32308795,011F0000,3816,14508,00,02
D,32309688,935,813,0,3371,227,-63,-63,0,65,0,01,12,2,2200,129,32309720,011F0000,3816,15433,00,02
D,32310747,1059,813,0,3371,274,-63,-57,0,65,0,01,12,2,2200,129,32310824,011F0000,3816,16547,00,02
D,32311708,961,814,1,3370,248,-63,-63,0,65,0,01,12,2,2200,129,32311741,011F0000,3816,17456,00,02
D,32312696,988,814,0,3370,235,-63,-63,0,65,0,01,12,2,2200,129,32312730,011F0000,3816,18443,00,02
D,32313702,1006,814,0,3370,232,-63,-63,0,65,0,01,12,2,2200,130,32313733,011F0000,3816,19445,00,02
D,32314713,1011,814,0,3370,255,-63,-63,0,65,0,01,12,2,2200,130,32314786,011F0000,3816,20508,00,02
D,32315712,999,815,1,3369,253,-63,-63,0,65,0,01,12,2,2200,130,32315744,011F0000,3816,21459,00,02
D,32316844,1132,815,0,3369,381,-63,-65,0,65,0,01,12,2,2200,130,32316939,011F0000,3816,22674,00,02
D,32317883,1039,815,0,3369,421,-63,-65,0,65,0,01,12,2,2200,131,32318065,011F0000,3816,23804,00,02
D,32318818,935,816,1,3368,358,-63,-65,0,65,0,01,12,2,2200,131,32318908,011F0000,3816,24648,00,02
D,32319730,912,816,0,3368,270,-63,-65,0,65,0,01,12,2,2200,131,32319784,011F0000,3816,25505,00,02
D,32320727,997,816,0,3368,269,-63,-63,0,65,0,01,12,2,2200,131,32320804,011F0000,3816,26529,00,02
D,32321738,1011,816,0,3368,271,-63,-65,0,65,0,01,12,2,2200,131,32321807,011F0000,3816,27527,00,02
D,32322781,1043,817,1,3367,306,-63,-65,0,65,0,01,12,2,2200,132,32322882,011F0000,3816,28636,00,02
D,32323729,948,817,0,3367,269,-63,-65,0,65,0,01,12,2,2200,132,32323775,011F0000,3816,29491,00,02
D,32324749,1020,817,0,3367,275,-63,-65,0,65,0,01,12,2,2200,132,32324814,011F0000,3816,30536,00,02
D,32325734,985,818,1,3366,271,-63,-65,0,65,0,01,12,2,2200,132,32325797,011F0000,3816,31520,00,02
D,32326770,1036,818,0,3366,306,-63,-63,0,65,0,01,12,2,2200,132,32326871,011F0000,3816,32610,00,02
D,32327827,1057,818,0,3366,361,-63,-63,0,65,0,01,12,2,2200,133,32327918,011F0000,3816,33649,00,02
D,32328765,938,818,0,3366,291,-63,-63,0,65,0,01,12,2,2200,133,32328805,011F0000,3816,34520,00,02
D,32329704,939,819,1,3365,229,-64,-71,0,65,0,01,12,2,2200,133,32329732,011F0000,3816,35444,00,02
D,32330741,1037,819,0,3365,269,-64,-65,0,66,0,01,12,2,2200,133,32330825,011F0000,3816,36549,00,02
D,32331723,982,819,0,3365,250,-64,-63,0,66,0,01,12,2,2200,133,32331757,011F0000,3816,37469,00,02
D,32332704,981,820,1,3364,232,-64,-71,0,66,0,01,12,2,2200,134,32332737,011F0000,3816,38450,00,02
D,32333692,988,820,0,3364,231,-64,-71,0,66,0,01,12,2,2200,134,32333724,011F0000,3816,39437,00,02
D,32334720,1028,820,0,3364,255,-64,-63,0,66,0,01,12,2,2200,134,32334799,011F0000,3816,40521,00,02
D,32335731,1011,820,0,3364,258,-64,-63,0,66,0,01,12,2,2200,134,32335762,011F0000,3816,41475,00,02
D,32336847,1116,821,1,3363,356,-65,-73,0,66,0,01,12,2,2200,134,32336940,011F0000,3816,42673,00,02
D,32337894,1047,821,0,3363,422,-65,-65,0,66,0,01,12,2,2200,135,32338097,011F0000,3816,43846,00,02
D,32338805,911,821,0,3363,347,-65,-65,0,66,0,01,12,2,2200,135,32338907,011F0000,3816,44651,00,02
D,32339736,931,821,0,3363,274,-65,-65,0,66,0,01,12,2,2200,135,32339785,011F0000,3816,45505,00,02
D,32340713,977,822,1,3362,250,-65,-71,0,66,0,01,12,2,2200,135,32340778,011F0000,3816,46499,00,02
D,32341737,1024,822,0,3362,271,-65,-65,0,66,0,01,12,2,2200,135,32341785,011F0000,3816,47503,00,02
D,32342753,1016,822,0,3362,287,-65,-65,0,66,0,01,12,2,2200,136,32342842,011F0000,3816,48569,00,02
D,32343734,981,822,0,3362,270,-65,-65,0,66,0,01,12,2,2200,136,32343787,011F0000,3816,49506,00,02
D,32344723,989,823,1,3361,265,-65,-73,0,66,0,01,12,2,2200,136,32344789,011F0000,3673,1,00,02
D,32345728,1005,823,0,3361,265,-65,-65,0,66,0,01,12,2,2200,136,32345804,011F0000,3673,469,00,02
D,32346779,1051,823,0,3361,314,-65,-63,0,66,0,01,12,2,2200,136,32346872,011F0000,3673,1557,00,02
D,32347795,1016,823,0,3361,323,-65,-63,0,66,0,01,12,2,2200,137,32347897,011F0000,3673,2575,00,02
D,32348760,965,824,1,3360,302,-65,-71,0,66,0,01,12,2,2200,137,32348813,011F0000,3673,3476,00,02
D,32349704,944,824,0,3360,233,-65,-63,0,66,0,01,12,2,2200,137,32349738,011F0000,3673,4399,00,02
D,32350740,1036,824,0,3360,268,-65,-65,0,67,0,01,12,2,2200,137,32350818,011F0000,3673,5487,00,02
D,32351716,976,825,1,3359,256,-65,-71,0,67,0,01,12,2,2200,137,32351750,011F0000,3673,6410,00,02
D,32352706,990,825,0,3359,234,-66,-71,0,67,0,01,12,2,2200,138,32352739,011F0000,3673,7398,00,02
D,32353691,985,825,0,3359,230,-65,-63,0,67,0,01,12,2,2200,138,32353720,011F0000,3673,8379,00,02
D,32354716,1025,825,0,3359,250,-65,-63,0,67,0,01,12,2,2200,138,32354790,011F0000,3673,9459,00,02
D,32355729,1013,826,1,3358,260,-66,-71,0,67,0,01,12,2,2200,138,32355766,011F0000,3673,10427,00,02
D,32356837,1108,826,0,3358,349,-66,-65,0,67,0,01,12,2,2200,139,32356927,011F0000,3673,11605,00,02
D,32357916,1079,826,0,3358,439,-66,-65,0,67,0,01,12,2,2200,139,32358113,011F0000,3673,12804,00,02
D,32358809,893,827,1,3357,343,-66,-73,0,67,0,01,12,2,2200,139,32358921,011F0000,3673,13612,00,02
D,32359733,924,827,0,3357,273,-66,-65,0,67,0,01,12,2,2200,139,32359784,011F0000,3673,14450,00,02
D,32360726,993,827,0,3357,254,-66,-63,0,67,0,01,12,2,2200,139,32360792,011F0000,3673,15461,00,02
D,32361736,1010,827,0,3357,271,-66,-65,0,67,0,01,12,2,2200,140,32361783,011F0000,3673,16448,00,02
D,32362763,1027,828,1,3356,295,-66,-65,0,67,0,01,12,2,2200,140,32362856,011F0000,3673,17532,00,02
D,32363743,980,828,0,3356,273,-66,-65,0,67,0,01,12,2,2200,140,32363796,011F0000,3673,18462,00,02
D,32364741,998,828,0,3356,267,-66,-65,0,67,0,01,12,2,2200,140,32364805,011F0000,3673,19476,00,02
D,32365735,994,828,0,3356,272,-66,-65,0,67,0,01,12,2,2200,140,32365788,011F0000,3673,20455,00,02
D,32366757,1022,828,0,3356,291,-65,-63,0,67,0,01,12,2,2200,141,32366841,011F0000,3673,21515,00,02
D,32367784,1027,829,1,3355,320,-65,-63,0,67,0,01,12,2,2200,141,32367879,011F0000,3673,22556,00,02
D,32368771,987,829,0,3355,308,-65,-63,0,67,0,01,12,2,2200,141,32368815,011F0000,3673,23480,00,02
D,32369712,941,829,0,3355,237,-65,-63,0,67,0,01,12,2,2200,141,32369746,011F0000,3673,24406,00,02
D,32370728,1016,830,1,3354,265,-65,-65,0,68,0,01,12,2,2200,142,32370802,011F0000,3673,25472,00,02
D,32371714,986,830,0,3354,253,-65,-63,0,68,0,01,12,2,2200,142,32371746,011F0000,3673,26405,00,02
D,32372698,984,830,0,3354,231,-65,-63,0,68,0,01,12,2,2200,142,32372727,011F0000,3673,27386,00,02
D,32373709,1011,830,0,3354,235,-65,-63,0,68,0,01,12,2,2200,142,32373737,011F0000,3673,28398,00,02
D,32374717,1008,831,1,3353,253,-65,-71,0,68,0,01,12,2,2200,142,32374787,011F0000,3673,29456,00,02
D,32375732,1015,831,0,3353,260,-65,-65,0,68,0,01,12,2,2200,143,32375769,011F0000,3673,30429,00,02
D,32376845,1113,831,0,3353,363,-65,-65,0,68,0,01,12,2,2200,143,32376944,011F0000,3673,31624,00,02
D,32377888,1043,832,1,3352,419,-66,-73,0,68,0,01,12,2,2200,143,32378090,011F0000,3673,32788,00,02
D,32378809,921,832,0,3352,346,-65,-65,0,68,0,01,12,2,2200,143,32378928,011F0000,3673,33619,00,02
D,32379737,928,832,0,3352,272,-65,-65,0,68,0,01,12,2,2200,143,32379784,011F0000,3673,34451,00,02
D,32380726,989,833,1,3351,254,-66,-71,0,68,0,01,12,2,2200,144,32380792,011F0000,3673,35461,00,02
D,32381735,1009,833,0,3351,271,-66,-65,0,68,0,01,12,2,2200,144,32381780,011F0000,3673,36446,00,02
D,32382765,1030,833,0,3351,297,-66,-65,0,68,0,01,12,2,2200,144,32382861,011F0000,3673,37537,00,02
D,32383746,981,833,0,3351,271,-66,-65,0,68,0,01,12,2,2200,144,32383799,011F0000,3673,38465,00,02
D,32384740,994,834,1,3350,266,-66,-73,0,68,0,01,12,2,2200,145,32384807,011F0000,3673,39479,00,02
D,32385734,994,834,0,3350,272,-66,-65,0,68,0,01,12,2,2200,145,32385786,011F0000,3673,40451,00,02
D,32386767,1033,834,0,3350,301,-66,-63,0,68,0,01,12,2,2200,145,32386856,011F0000,3673,41534,00,02
D,32387781,1014,834,0,3350,323,-66,-63,0,68,0,01,12,2,2200,145,32387884,011F0000,3673,42564,00,02
D,32388767,986,835,1,3349,300,-66,-71,0,68,0,01,12,2,2200,145,32388820,011F0000,3673,43485,00,02
D,32389706,939,835,0,3349,238,-66,-63,0,68,0,01,12,2,2200,146,32389739,011F0000,3673,44399,00,02
D,32390735,1029,835,0,3349,269,-66,-65,0,69,0,01,12,2,2200,146,32390809,011F0000,3673,45478,00,02
D,32391725,990,836,1,3348,255,-66,-71,0,69,0,01,12,2,2200,146,32391762,011F0000,3673,46423,00,02
D,32392710,985,836,0,3348,237,-66,-71,0,69,0,01,12,2,2200,146,32392742,011F0000,3673,47402,00,02
D,32393704,994,836,0,3348,234,-66,-63,0,69,0,01,12,2,2200,146,32393736,011F0000,3673,48396,00,02
D,32394726,1022,836,0,3348,250,-66,-63,0,69,0,01,12,2,2200,147,32394793,011F0000,3673,49459,00,02
D,32395712,986,836,0,3348,250,-66,-63,0,69,0,01,12,2,2200,147,32395742,011F0000,3532,1,00,02
D,32396966,1254,837,1,3347,315,-66,-73,0,69,0,01,12,2,2200,147,32397069,011F0000,3532,635,00,02
D,32397886,920,837,0,3347,394,-66,-65,0,69,0,01,12,2,2200,147,32398081,011F0000,3532,1675,00,02
D,32398826,940,837,0,3347,355,-66,-65,0,69,0,01,12,2,2200,148,32398943,011F0000,3532,2525,00,02
D,32399745,919,838,1,3346,275,-66,-73,0,69,0,01,12,2,2200,148,32399790,011F0000,3532,3349,00,02
D,32400728,983,838,0,3346,253,-66,-65,0,69,0,01,12,2,2200,148,32400792,011F0000,3532,4352,00,02
D,32401737,1009,838,0,3346,272,-66,-65,0,69,0,01,12,2,2200,148,32401781,011F0000,3532,5340,00,02
D,32402761,1024,839,1,3345,292,-66,-73,0,69,0,01,12,2,2200,148,32402856,011F0000,3532,6426,00,02
D,32403739,978,839,0,3345,276,-67,-73,0,69,0,01,12,2,2200,149,32403794,011F0000,3532,7352,00,02
D,32404715,976,839,0,3345,256,-67,-71,0,69,0,01,12,2,2200,149,32404780,011F0000,3532,8342,00,02
D,32405740,1025,840,1,3344,274,-67,-73,0,69,0,01,12,2,2200,149,32405795,011F0000,3532,9354,00,02
D,32406772,1032,840,0,3344,306,-67,-71,0,69,0,01,12,2,2200,149,32406861,011F0000,3532,10433,00,02
D,32407777,1005,840,0,3344,305,-67,-71,0,69,0,01,12,2,2200,150,32407917,011F0000,3532,11483,00,02
D,32408771,994,840,0,3344,304,-67,-63,0,69,0,01,12,2,2200,150,32408830,011F0000,3532,12390,00,02
D,32409708,937,841,1,3343,235,-67,-71,0,69,0,01,12,2,2200,150,32409744,011F0000,3532,13295,00,02
D,32410737,1029,841,0,3343,271,-67,-65,0,70,0,01,12,2,2200,150,32410807,011F0000,3532,14369,00,02
D,32411716,979,841,0,3343,248,-67,-63,0,70,0,01,12,2,2200,150,32411753,011F0000,3532,15304,00,02
D,32412692,976,842,1,3342,231,-67,-71,0,70,0,01,12,2,2200,151,32412724,011F0000,3532,16276,00,02
D,32413700,1008,842,0,3342,233,-67,-71,0,70,0,01,12,2,2200,151,32413730,011F0000,3532,17282,00,02
D,32414731,1031,842,0,3342,256,-68,-71,0,70,0,01,12,2,2200,151,32414798,011F0000,3532,18359,00,02
D,32415729,998,842,0,3342,255,-67,-63,0,70,0,01,12,2,2200,151,32415771,011F0000,3532,19323,00,02
D,32416831,1102,842,0,3342,369,-67,-65,0,70,0,01,12,2,2200,151,32416929,011F0000,3532,20501,00,02
D,32417927,1096,843,1,3341,448,-68,-73,0,70,0,01,12,2,2200,152,32418121,011F0000,3532,21701,00,02
D,32418793,866,843,0,3341,334,-67,-65,0,70,0,01,12,2,2200,152,32418884,011F0000,3532,22465,00,02
D,32419748,955,844,1,3340,277,-68,-73,0,70,0,01,12,2,2200,152,32419802,011F0000,3532,23362,00,02
D,32420721,973,844,0,3340,261,-68,-71,0,70,0,01,12,2,2200,152,32420798,011F0000,3532,24359,00,02
D,32421743,1022,844,0,3340,280,-68,-65,0,70,0,01,12,2,2200,153,32421807,011F0000,3532,25368,00,02
D,32422758,1015,844,0,3340,299,-68,-65,0,70,0,01,12,2,2200,153,32422855,011F0000,3532,26425,00,02
D,32423741,983,844,0,3340,270,-67,-65,0,70,0,01,12,2,2200,153,32423807,011F0000,3532,27366,00,02
D,32424742,1001,845,1,3339,269,-68,-73,0,70,0,01,12,2,2200,153,32424812,011F0000,3532,28374,00,02
D,32425734,992,845,0,3339,271,-68,-73,0,70,0,01,12,2,2200,153,32425799,011F0000,3532,29361,00,02
D,32426767,1033,846,1,3338,297,-68,-79,0,70,0,01,12,2,2200,154,32426849,011F0000,3532,30415,00,02
D,32427780,1013,846,0,3338,314,-68,-71,0,70,0,01,12,2,2200,154,32427874,011F0000,3532,31446,00,02
D,32428781,1001,846,0,3338,306,-69,-71,0,70,0,01,12,2,2200,154,32428829,011F0000,3532,32385,00,02
D,32429695,914,846,0,3338,238,-69,-71,0,70,0,01,12,2,2200,154,32429729,011F0000,3532,33282,00,02
D,32430745,1050,847,1,3337,270,-69,-73,0,70,0,01,12,2,2200,155,32430822,011F0000,3532,34385,00,02
D,32431713,968,847,0,3337,248,-69,-71,0,70,0,01,12,2,2200,155,32431743,011F0000,3532,35294,00,02
D,32432705,992,847,0,3337,231,-69,-71,0,70,0,01,12,2,2200,155,32432737,011F0000,3532,36288,00,02
D,32433700,995,847,0,3337,235,-69,-63,0,70,0,01,12,2,2200,155,32433730,011F0000,3532,37282,00,02
D,32434715,1015,848,1,3336,253,-69,-73,0,71,0,01,12,2,2200,155,32434787,011F0000,3532,38349,00,02
D,32435731,1016,848,0,3336,258,-69,-71,0,71,0,01,12,2,2200,156,32435764,011F0000,3532,39316,00,02
D,32436850,1119,849,1,3335,370,-69,-73,0,71,0,01,12,2,2200,156,32436951,011F0000,3532,40524,00,02
D,32437924,1074,849,0,3335,443,-69,-73,0,71,0,01,12,2,2200,156,32438125,011F0000,3532,41707,00,02
D,32438822,898,849,0,3335,348,-69,-73,0,71,0,01,12,2,2200,156,32438949,011F0000,3532,42528,00,02
D,32439745,923,849,0,3335,275,-69,-65,0,71,0,01,12,2,2200,157,32439789,011F0000,3532,43347,00,02
D,32440729,984,849,0,3335,255,-69,-63,0,71,0,01,12,2,2200,157,32440793,011F0000,3532,44352,00,02
D,32441735,1006,850,1,3334,268,-69,-73,0,71,0,01,12,2,2200,157,32441784,011F0000,3532,45344,00,02
D,32442769,1034,850,0,3334,300,-69,-65,0,71,0,01,12,2,2200,157,32442864,011F0000,3532,46433,00,02
D,32443740,971,850,0,3334,271,-69,-65,0,71,0,01,12,2,2200,157,32443797,011F0000,3532,47356,00,02
D,32444736,996,850,0,3334,267,-69,-65,0,71,0,01,12,2,2200,158,32444800,011F0000,3532,48362,00,02
D,32445744,1008,851,1,3333,273,-69,-73,0,71,0,01,12,2,2200,158,32445801,011F0000,3532,49361,00,02
D,32446762,1018,851,0,3333,296,-69,-71,0,71,0,01,12,2,2200,158,32446843,011F0000,3407,1,00,02
D,32447857,1095,851,0,3333,346,-69,-71,0,71,0,01,12,2,2200,158,32447955,011F0000,3407,567,00,02
D,32448771,914,852,1,3332,310,-69,-71,0,71,0,01,12,2,2200,159,32448813,011F0000,3407,1408,00,02
D,32449708,937,852,0,3332,234,-69,-71,0,71,0,01,12,2,2200,159,32449739,011F0000,3407,2330,00,02
D,32450735,1027,852,0,3332,273,-69,-65,0,72,0,01,12,2,2200,159,32450812,011F0000,3407,3414,00,02
D,32451723,988,853,1,3331,252,-69,-71,0,72,0,01,12,2,2200,159,32451756,011F0000,3407,4349,00,02
D,32452696,973,853,0,3331,235,-69,-71,0,72,0,01,12,2,2200,159,32452729,011F0000,3407,5322,00,02
D,32453693,997,853,0,3331,235,-69,-71,0,72,0,01,12,2,2200,160,32453723,011F0000,3407,6315,00,02
D,32454727,1034,854,1,3330,255,-70,-79,0,72,0,01,12,2,2200,160,32454799,011F0000,3407,7398,00,02
D,32455721,994,854,0,3330,256,-70,-71,0,72,0,01,12,2,2200,160,32455754,011F0000,3407,8346,00,02
D,32456847,1126,854,0,3330,371,-70,-65,0,72,0,01,12,2,2200,160,32456952,011F0000,3407,9563,00,02
D,32457920,1073,855,1,3329,434,-70,-73,0,72,0,01,12,2,2200,161,32458121,011F0000,3407,10738,00,02
D,32458807,887,855,0,3329,348,-70,-73,0,72,0,01,12,2,2200,161,32458912,011F0000,3407,11534,00,02
D,32459742,935,855,0,3329,275,-70,-73,0,72,0,01,12,2,2200,161,32459789,011F0000,3407,12389,00,02
D,32460714,972,855,0,3329,254,-70,-71,0,72,0,01,12,2,2200,161,32460779,011F0000,3407,13380,00,02
D,32461736,1022,856,1,3328,271,-70,-73,0,72,0,01,12,2,2200,162,32461780,011F0000,3407,14379,00,02
D,32462750,1014,856,0,3328,292,-70,-73,0,72,0,01,12,2,2200,162,32462842,011F0000,3407,15451,00,02
D,32463735,985,856,0,3328,278,-70,-73,0,72,0,01,12,2,2200,162,32463787,011F0000,3407,16385,00,02
D,32464732,997,857,1,3327,261,-70,-73,0,72,0,01,12,2,2200,162,32464796,011F0000,3407,17398,00,02
D,32465743,1011,857,0,3327,274,-71,-73,0,72,0,01,12,2,2200,162,32465798,011F0000,3407,18396,00,02
D,32466766,1023,857,0,3327,299,-71,-71,0,72,0,01,12,2,2200,163,32466857,011F0000,3407,19469,00,02
D,32467788,1022,857,0,3327,322,-70,-63,0,72,0,01,12,2,2200,163,32467894,011F0000,3407,20503,00,02
D,32468777,989,858,1,3326,302,-70,-71,0,72,0,01,12,2,2200,163,32468823,011F0000,3407,21420,00,02
D,32469702,925,858,0,3326,239,-70,-71,0,72,0,01,12,2,2200,163,32469737,011F0000,3407,22330,00,02
D,32470736,1034,858,0,3326,272,-70,-73,0,73,0,01,12,2,2200,164,32470812,011F0000,3407,23416,00,02
D,32471733,997,859,1,3325,259,-71,-79,0,73,0,01,12,2,2200,164,32471764,011F0000,3407,24355,00,02
D,32472693,960,859,0,3325,229,-71,-71,0,73,0,01,12,2,2200,164,32472725,011F0000,3407,25316,00,02
D,32473703,1010,859,0,3325,234,-71,-71,0,73,0,01,12,2,2200,164,32473732,011F0000,3407,26325,00,02
D,32474712,1009,859,0,3325,250,-71,-71,0,73,0,01,12,2,2200,164,32474788,011F0000,3407,27391,00,02
D,32475733,1021,860,1,3324,262,-71,-79,0,73,0,01,12,2,2200,165,32475767,011F0000,3407,28360,00,02
D,32476834,1101,860,0,3324,357,-71,-73,0,73,0,01,12,2,2200,165,32476928,011F0000,3407,29539,00,02
D,32477942,1108,860,0,3324,459,-71,-73,0,73,0,01,12,2,2200,165,32478131,011F0000,3407,30750,00,02
D,32478794,852,861,1,3323,335,-71,-73,0,73,0,01,12,2,2200,165,32478885,011F0000,3407,31498,00,02
D,32479745,951,861,0,3323,277,-71,-73,0,73,0,01,12,2,2200,166,32479797,011F0000,3407,32395,00,02
D,32480715,970,861,0,3323,250,-71,-71,0,73,0,01,12,2,2200,166,32480778,011F0000,3407,33379,00,02
D,32481743,1028,862,1,3322,271,-71,-73,0,73,0,01,12,2,2200,166,32481789,011F0000,3407,34385,00,02
D,32482749,1006,862,0,3322,288,-72,-73,0,73,0,01,12,2,2200,166,32482843,011F0000,3407,35452,00,02
D,32483749,1000,862,0,3322,285,-72,-73,0,73,0,01,12,2,2200,167,32483804,011F0000,3407,36402,00,02
D,32484720,971,863,1,3321,261,-72,-79,0,73,0,01,12,2,2200,167,32484783,011F0000,3407,37385,00,02
D,32485748,1028,863,0,3321,273,-72,-73,0,73,0,01,12,2,2200,167,32485802,011F0000,3407,38400,00,02
D,32486773,1025,863,0,3321,296,-72,-71,0,73,0,01,12,2,2200,167,32486861,011F0000,3407,39472,00,02
D,32487788,1015,863,0,3321,324,-72,-71,0,73,0,01,12,2,2200,168,32487898,011F0000,3407,40507,00,02
D,32488765,977,864,1,3320,296,-72,-71,0,73,0,01,12,2,2200,168,32488810,011F0000,3407,41406,00,02
D,32489709,944,864,0,3320,237,-72,-71,0,73,0,01,12,2,2200,168,32489740,011F0000,3407,42331,00,02
D,32490726,1017,864,0,3320,252,-72,-73,0,73,0,01,12,2,2200,168,32490794,011F0000,3407,43394,00,02
D,32491719,993,864,0,3320,253,-72,-71,0,73,0,01,12,2,2200,168,32491753,011F0000,3407,44344,00,02
D,32492697,978,865,1,3319,233,-72,-71,0,73,0,01,12,2,2200,169,32492729,011F0000,3407,45321,00,02
D,32493703,1006,865,0,3319,232,-72,-71,0,73,0,01,12,2,2200,169,32493735,011F0000,3407,46326,00,02
D,32494732,1029,865,0,3319,262,-71,-65,0,74,0,01,12,2,2200,169,32494808,011F0000,3407,47409,00,02
D,32495730,998,866,1,3318,258,-71,-71,0,74,0,01,12,2,2200,169,32495760,011F0000,3407,48351,00,02
D,32496831,1101,866,0,3318,339,-72,-73,0,74,0,01,12,2,2200,170,32496931,011F0000,3407,49544,00,02
D,32497914,1083,866,0,3318,448,-72,-73,0,74,0,01,12,2,2200,170,32498117,011F0000,3282,1,00,02
D,32499297,1383,867,1,3317,377,-72,-72,0,74,0,01,12,2,2200,170,32499398,011F0000,3282,657,00,02
D,32499715,418,867,0,3317,234,-72,-73,0,74,0,01,12,2,2200,170,32499751,011F0000,3282,991,00,02
D,32500725,1010,867,0,3317,263,-72,-71,0,74,0,01,12,2,2200,171,32500786,011F0000,3282,2034,00,02
D,32501736,1011,868,1,3316,273,-72,-73,0,74,0,01,12,2,2200,171,32501799,011F0000,3282,3051,00,02
D,32502767,1031,868,0,3316,302,-72,-73,0,74,0,01,12,2,2200,171,32502861,011F0000,3282,4117,00,02
D,32503741,974,868,0,3316,273,-72,-73,0,74,0,01,12,2,2200,171,32503802,011F0000,3282,5052,00,02
D,32504732,991,868,0,3316,272,-72,-73,0,74,0,01,12,2,2200,171,32504797,011F0000,3282,6046,00,02
D,32505737,1005,869,1,3315,272,-72,-73,0,74,0,01,12,2,2200,172,32505799,011F0000,3282,7050,00,02
D,32506764,1027,869,0,3315,301,-72,-71,0,74,0,01,12,2,2200,172,32506857,011F0000,3282,8115,00,02
D,32507788,1024,869,0,3315,330,-72,-71,0,74,0,01,12,2,2200,172,32507873,011F0000,3282,9138,00,02
D,32508758,970,870,1,3314,302,-72,-79,0,74,0,01,12,2,2200,172,32508814,011F0000,3282,10058,00,02
D,32509710,952,870,0,3314,237,-72,-71,0,74,0,01,12,2,2200,173,32509745,011F0000,3282,10985,00,02
D,32510736,1026,870,0,3314,270,-72,-73,0,75,0,01,12,2,2200,173,32510811,011F0000,3282,12059,00,02
D,32511729,993,870,0,3314,254,-72,-71,0,75,0,01,12,2,2200,173,32511759,011F0000,3282,12999,00,02
D,32512704,975,871,1,3313,234,-72,-71,0,75,0,01,12,2,2200,173,32512737,011F0000,3282,13978,00,02
D,32513705,1001,871,0,3313,237,-72,-71,0,75,0,01,12,2,2200,174,32513736,011F0000,3282,14975,00,02
D,32514721,1016,871,0,3313,257,-72,-65,0,75,0,01,12,2,2200,174,32514796,011F0000,3282,16045,00,02
D,32515721,1000,872,1,3312,251,-72,-71,0,75,0,01,12,2,2200,174,32515755,011F0000,3282,16996,00,02
D,32516847,1126,872,0,3312,373,-72,-73,0,75,0,01,12,2,2200,174,32516948,011F0000,3282,18207,00,02
D,32517914,1067,872,0,3312,449,-72,-73,0,75,0,01,12,2,2200,175,32518114,011F0000,3282,19384,00,02
D,32518818,904,873,1,3311,352,-72,-73,0,75,0,01,12,2,2200,175,32518933,011F0000,3282,20205,00,02
D,32519745,927,873,0,3311,270,-72,-73,0,75,0,01,12,2,2200,175,32519792,011F0000,3282,21039,00,02
D,32520725,980,873,0,3311,263,-72,-71,0,75,0,01,12,2,2200,175,32520802,011F0000,3282,22052,00,02
D,32521750,1025,873,0,3311,278,-72,-73,0,75,0,01,12,2,2200,175,32521815,011F0000,3282,23063,00,02
D,32522774,1024,874,1,3310,308,-72,-73,0,75,0,01,12,2,2200,176,32522872,011F0000,3282,24136,00,02
D,32523716,942,874,0,3310,257,-72,-73,0,75,0,01,12,2,2200,176,32523766,011F0000,3282,25010,00,02
D,32524739,1023,874,0,3310,275,-72,-73,0,75,0,01,12,2,2200,176,32524804,011F0000,3282,26053,00,02
D,32525745,1006,875,1,3309,274,-72,-73,0,75,0,01,12,2,2200,176,32525809,011F0000,3282,27059,00,02
D,32526776,1031,875,0,3309,304,-72,-71,0,75,0,01,12,2,2200,177,32526864,011F0000,3282,28121,00,02
D,32527771,995,875,0,3309,311,-72,-71,0,75,0,01,12,2,2200,177,32527879,011F0000,3282,29137,00,02
D,32528771,1000,876,1,3308,308,-72,-79,0,75,0,01,12,2,2200,177,32528821,011F0000,3282,30065,00,02
D,32529693,922,876,0,3308,236,-72,-72,0,75,0,01,12,2,2200,177,32529724,011F0000,3282,30965,00,02
D,32530729,1036,876,0,3308,267,-72,-73,0,76,0,01,12,2,2200,178,32530805,011F0000,3282,32057,00,02
D,32531725,996,877,1,3307,256,-73,-79,0,76,0,01,12,2,2200,178,32531761,011F0000,3282,33000,00,02
D,32532693,968,877,0,3307,234,-72,-71,0,76,0,01,12,2,2200,178,32532726,011F0000,3282,33965,00,02
D,32533703,1010,877,0,3307,234,-72,-71,0,76,0,01,12,2,2200,178,32533736,011F0000,3282,34977,00,02
D,32534724,1021,877,0,3307,251,-72,-71,0,76,0,01,12,2,2200,179,32534794,011F0000,3282,36044,00,02
D,32535731,1007,878,1,3306,256,-73,-79,0,76,0,01,12,2,2200,179,32535762,011F0000,3282,37001,00,02
D,32536835,1104,878,0,3306,363,-73,-73,0,76,0,01,12,2,2200,179,32536929,011F0000,3282,38190,00,02
D,32537916,1081,878,0,3306,448,-73,-73,0,76,0,01,12,2,2200,179,32538116,011F0000,3282,39385,00,02
D,32538803,887,879,1,3305,341,-73,-73,0,76,0,01,12,2,2200,180,32538900,011F0000,3282,40168,00,02
D,32539746,943,879,0,3305,270,-73,-73,0,76,0,01,12,2,2200,180,32539795,011F0000,3282,41043,00,02
D,32540712,966,879,0,3305,250,-73,-71,0,76,0,01,12,2,2200,180,32540775,011F0000,3282,42023,00,02
D,32541739,1027,880,1,3304,271,-73,-81,0,76,0,01,12,2,2200,180,32541786,011F0000,3282,43031,00,02
D,32542754,1015,880,0,3304,289,-73,-73,0,76,0,01,12,2,2200,180,32542850,011F0000,3282,44105,00,02
D,32543744,990,880,0,3304,280,-73,-73,0,76,0,01,12,2,2200,181,32543797,011F0000,3282,45044,00,02
D,32544730,986,881,1,3303,261,-73,-81,0,76,0,01,12,2,2200,181,32544793,011F0000,3282,46043,00,02
D,32545745,1015,881,0,3303,273,-73,-73,0,76,0,01,12,2,2200,181,32545798,011F0000,3282,47043,00,02
D,32546773,1028,881,0,3303,295,-73,-71,0,76,0,01,12,2,2200,181,32546863,011F0000,3282,48120,00,02
D,32547804,1031,882,1,3302,328,-73,-79,0,76,0,01,12,2,2200,182,32547908,011F0000,3282,49164,00,02
D,32548769,965,882,0,3302,298,-74,-79,0,76,0,01,12,2,2200,182,32548813,011F0000,3175,1,00,02
D,32549721,952,882,0,3302,250,-74,-71,0,76,0,01,12,2,2200,182,32549783,011F0000,3175,437,00,02
D,32550746,1025,883,1,3301,280,-74,-81,0,77,0,01,12,2,2200,182,32550831,011F0000,3175,1493,00,02
D,32551712,966,883,0,3301,250,-74,-79,0,77,0,01,12,2,2200,183,32551742,011F0000,3175,2390,00,02
D,32552689,977,883,0,3301,230,-74,-79,0,77,0,01,12,2,2200,183,32552719,011F0000,3175,3368,00,02
D,32553704,1015,884,1,3300,235,-74,-79,0,77,0,01,12,2,2200,183,32553736,011F0000,3175,4385,00,02
D,32554735,1031,884,0,3300,263,-75,-79,0,77,0,01,12,2,2200,183,32554811,011F0000,3175,5469,00,02
D,32555717,982,884,0,3300,248,-75,-79,0,77,0,01,12,2,2200,184,32555747,011F0000,3175,6396,00,02
D,32556846,1129,885,1,3299,354,-75,-81,0,77,0,01,12,2,2200,184,32556947,011F0000,3175,7617,00,02
D,32557930,1084,885,0,3299,449,-75,-81,0,77,0,01,12,2,2200,184,32558129,011F0000,3175,8804,00,02
D,32558808,878,885,0,3299,340,-75,-73,0,77,0,01,12,2,2200,184,32558912,011F0000,3175,9588,00,02
D,32559742,934,885,0,3299,278,-75,-73,0,77,0,01,12,2,2200,185,32559788,011F0000,3175,10443,00,02
D,32560717,975,886,1,3298,250,-75,-79,0,77,0,01,12,2,2200,185,32560783,011F0000,3175,11440,00,02
D,32561735,1018,886,0,3298,271,-75,-73,0,77,0,01,12,2,2200,185,32561782,011F0000,3175,12435,00,02
D,32562763,1028,887,1,3297,291,-75,-81,0,77,0,01,12,2,2200,185,32562855,011F0000,3175,13521,00,02
D,32563744,981,887,0,3297,274,-76,-81,0,77,0,01,12,2,2200,186,32563796,011F0000,3175,14451,00,02
D,32564728,984,887,0,3297,262,-76,-81,0,77,0,01,12,2,2200,186,32564792,011F0000,3175,15451,00,02
D,32565739,1011,888,1,3296,275,-76,-81,0,76,0,01,12,2,2200,186,32565792,011F0000,3175,16447,00,02
D,32566772,1033,888,0,3296,298,-76,-79,0,76,0,01,12,2,2200,186,32566865,011F0000,3175,17537,00,02
D,32567794,1022,888,0,3296,326,-76,-79,0,77,0,01,12,2,2200,187,32567894,011F0000,3175,18560,00,02
D,32568769,975,889,1,3295,299,-77,-87,0,77,0,01,12,2,2200,187,32568818,011F0000,3175,19472,00,02
D,32569710,941,889,0,3295,238,-77,-79,0,77,0,01,12,2,2200,187,32569746,011F0000,3175,20395,00,02
D,32570741,1031,889,0,3295,266,-77,-81,0,77,0,01,12,2,2200,187,32570815,011F0000,3175,21474,00,02
D,32571712,971,889,0,3295,255,-77,-79,0,77,0,01,12,2,2200,187,32571749,011F0000,3175,22399,00,02
D,32572693,981,890,1,3294,235,-77,-79,0,77,0,01,12,2,2200,188,32572726,011F0000,3175,23375,00,02
D,32573702,1009,890,0,3294,234,-77,-79,0,77,0,01,12,2,2200,188,32573735,011F0000,3175,24385,00,02
D,32574713,1011,890,0,3294,253,-77,-79,0,77,0,01,12,2,2200,188,32574787,011F0000,3175,25446,00,02
D,32575722,1009,891,1,3293,258,-77,-79,0,77,0,01,12,2,2200,188,32575759,011F0000,3175,26409,00,02
D,32576837,1115,891,0,3293,341,-77,-81,0,77,0,01,12,2,2200,189,32576929,011F0000,3175,27600,00,02
D,32577905,1068,891,0,3293,434,-77,-73,0,77,0,01,12,2,2200,189,32578109,011F0000,3175,28788,00,02
D,32578830,925,892,1,3292,354,-77,-81,0,77,0,01,12,2,2200,189,32578949,011F0000,3175,29628,00,02
D,32579737,907,892,0,3292,271,-78,-81,0,77,0,01,12,2,2200,189,32579788,011F0000,3175,30444,00,02
D,32580731,994,892,0,3292,255,-78,-79,0,77,0,01,12,2,2200,190,32580797,011F0000,3175,31453,00,02
D,32581742,1011,892,0,3292,268,-77,-73,0,77,0,01,12,2,2200,190,32581789,011F0000,3175,32446,00,02
D,32582768,1026,893,1,3291,298,-78,-81,0,77,0,01,12,2,2200,190,32582864,011F0000,3175,33527,00,02
D,32583740,972,893,0,3291,271,-77,-73,0,77,0,01,12,2,2200,190,32583796,011F0000,3175,34452,00,02
D,32584738,998,894,1,3290,263,-78,-81,0,77,0,01,12,2,2200,191,32584803,011F0000,3175,35462,00,02
D,32585745,1007,894,0,3290,273,-78,-81,0,77,0,01,12,2,2200,191,32585802,011F0000,3175,36457,00,02
D,32586764,1019,894,0,3290,301,-78,-79,0,77,0,01,12,2,2200,191,32586854,011F0000,3175,37519,00,02
D,32587806,1042,895,1,3289,330,-78,-79,0,77,0,01,12,2,2200,191,32587900,011F0000,3175,38566,00,02
D,32588760,954,895,0,3289,299,-78,-79,0,78,0,01,12,2,2200,192,32588806,011F0000,3175,39459,00,02
D,32589705,945,895,0,3289,242,-78,-79,0,78,0,01,12,2,2200,192,32589739,011F0000,3175,40389,00,02
D,32590735,1030,896,1,3288,263,-78,-81,0,78,0,01,12,2,2200,192,32590813,011F0000,3175,41472,00,02
D,32591729,994,896,0,3288,257,-78,-79,0,78,0,01,12,2,2200,192,32591760,011F0000,3175,42409,00,02
D,32592699,970,896,0,3288,237,-78,-79,0,78,0,01,12,2,2200,193,32592732,011F0000,3175,43382,00,02
D,32593692,993,897,1,3287,234,-78,-79,0,78,0,01,12,2,2200,193,32593722,011F0000,3175,44372,00,02
D,32594708,1016,897,0,3287,249,-78,-79,0,78,0,01,12,2,2200,193,32594782,011F0000,3175,45440,00,02
D,32595725,1017,897,0,3287,262,-78,-79,0,78,0,01,12,2,2200,193,32595761,011F0000,3175,46411,00,02
D,32596853,1128,898,1,3286,364,-78,-81,0,78,0,01,12,2,2200,194,32596951,011F0000,3175,47621,00,02
D,32597903,1050,898,0,3286,429,-78,-81,0,78,0,01,12,2,2200,194,32598104,011F0000,3175,48786,00,02
D,32598808,905,898,0,3286,345,-78,-73,0,78,0,01,12,2,2200,194,32598921,011F0000,3175,49603,00,02
D,32599738,930,899,1,3285,271,-78,-81,0,78,0,01,12,2,2200,194,32599787,011F0000,3073,1,00,02
D,32600745,1007,899,0,3285,271,-78,-81,0,78,0,01,12,2,2200,195,32600824,011F0000,3073,488,00,02
D,32601736,991,899,0,3285,276,-79,-81,0,78,0,01,12,2,2200,195,32601794,011F0000,3073,1455,00,02
D,32602764,1028,899,0,3285,300,-78,-73,0,78,0,01,12,2,2200,195,32602864,011F0000,3073,2535,00,02
D,32603730,966,900,1,3284,259,-78,-81,0,78,0,01,12,2,2200,195,32603783,011F0000,3073,3440,00,02
D,32604736,1006,900,0,3284,273,-79,-81,0,78,0,01,12,2,2200,196,32604803,011F0000,3073,4466,00,02
D,32605736,1000,901,1,3283,270,-79,-81,0,78,0,01,12,2,2200,196,32605796,011F0000,3073,5458,00,02
D,32606773,1037,901,0,3283,302,-79,-79,0,78,0,01,12,2,2200,196,32606861,011F0000,3073,6531,00,02
D,32607790,1017,901,0,3283,322,-79,-79,0,78,0,01,12,2,2200,196,32607885,011F0000,3073,7556,00,02
D,32608765,975,902,1,3282,299,-79,-87,0,79,0,01,12,2,2200,197,32608817,011F0000,3073,8475,00,02
D,32609696,931,902,0,3282,238,-79,-79,0,79,0,01,12,2,2200,197,32609731,011F0000,3073,9385,00,02
D,32610740,1044,902,0,3282,266,-79,-81,0,79,0,01,12,2,2200,197,32610820,011F0000,3073,10484,00,02
D,32611715,975,903,1,3281,254,-79,-87,0,79,0,01,12,2,2200,197,32611747,011F0000,3073,11402,00,02
D,32612705,990,903,0,3281,237,-80,-87,0,79,0,01,12,2,2200,198,32612738,011F0000,3073,12393,00,02
D,32613696,991,903,0,3281,234,-80,-79,0,79,0,01,12,2,2200,198,32613731,011F0000,3073,13386,00,02
D,32614710,1014,904,1,3280,251,-80,-87,0,79,0,01,12,2,2200,198,32614786,011F0000,3073,14448,00,02
D,32615723,1013,904,0,3280,261,-80,-79,0,79,0,01,12,2,2200,198,32615756,011F0000,3073,15410,00,02
D,32616836,1113,905,1,3279,356,-80,-89,0,79,0,01,12,2,2200,199,32616934,011F0000,3073,16610,00,02
D,32617876,1040,905,0,3279,415,-80,-81,0,79,0,01,12,2,2200,199,32618069,011F0000,3073,17771,00,02
D,32618804,928,905,0,3279,347,-80,-81,0,79,0,01,12,2,2200,199,32618921,011F0000,3073,18607,00,02
D,32619738,934,906,1,3278,269,-81,-89,0,79,0,01,12,2,2200,199,32619787,011F0000,3073,19449,00,02
D,32620740,1002,906,0,3278,267,-81,-81,0,79,0,01,12,2,2200,200,32620817,011F0000,3073,20481,00,02
D,32621746,1006,906,0,3278,276,-81,-81,0,79,0,01,12,2,2200,200,32621813,011F0000,3073,21477,00,02
D,32622780,1034,907,1,3277,304,-81,-89,0,79,0,01,12,2,2200,200,32622877,011F0000,3073,22556,00,02
D,32623725,945,907,0,3277,263,-81,-81,0,79,0,01,12,2,2200,200,32623782,011F0000,3073,23443,00,02
D,32624739,1014,907,0,3277,270,-81,-81,0,79,0,01,12,2,2200,201,32624806,011F0000,3073,24470,00,02
D,32625742,1003,908,1,3276,271,-81,-89,0,79,0,01,12,2,2200,201,32625807,011F0000,3073,25470,00,02
D,32626771,1029,908,0,3276,302,-82,-87,0,79,0,01,12,2,2200,201,32626859,011F0000,3073,26528,00,02
D,32627793,1022,908,0,3276,320,-82,-79,0,79,0,01,12,2,2200,201,32627892,011F0000,3073,27563,00,02
D,32628783,990,909,1,3275,309,-82,-87,0,80,0,01,12,2,2200,202,32628833,011F0000,3073,28493,00,02
D,32629697,914,909,0,3275,238,-82,-87,0,80,0,01,12,2,2200,202,32629733,011F0000,3073,29388,00,02
D,32630735,1038,909,0,3275,264,-82,-79,0,80,0,01,12,2,2200,202,32630815,011F0000,3073,30481,00,02
D,32631713,978,910,1,3274,255,-82,-87,0,80,0,01,12,2,2200,202,32631746,011F0000,3073,31400,00,02
D,32632699,986,910,0,3274,237,-82,-87,0,80,0,01,12,2,2200,203,32632734,011F0000,3073,32388,00,02
D,32633692,993,910,0,3274,233,-82,-87,0,80,0,01,12,2,2200,203,32633727,011F0000,3073,33381,00,02
D,32634722,1030,911,1,3273,250,-83,-87,0,80,0,01,12,2,2200,203,32634796,011F0000,3073,34460,00,02
D,32635717,995,911,0,3273,260,-83,-87,0,80,0,01,12,2,2200,203,32635752,011F0000,3073,35406,00,02
D,32636844,1127,911,0,3273,371,-83,-81,0,80,0,01,12,2,2200,204,32636945,011F0000,3073,36621,00,02
D,32637918,1074,912,1,3272,444,-83,-89,0,80,0,01,12,2,2200,204,32638120,011F0000,3073,37803,00,02
D,32638810,892,912,0,3272,344,-83,-81,0,80,0,01,12,2,2200,204,32638905,011F0000,3073,38589,00,02
D,32639745,935,912,0,3272,269,-83,-81,0,80,0,01,12,2,2200,205,32639795,011F0000,3073,39455,00,02
D,32640714,969,912,0,3272,251,-83,-79,0,80,0,01,12,2,2200,205,32640778,011F0000,3073,40441,00,02
D,32641737,1023,913,1,3271,273,-83,-81,0,80,0,01,12,2,2200,205,32641781,011F0000,3073,41439,00,02
D,32642764,1027,913,0,3271,290,-83,-81,0,80,0,01,12,2,2200,205,32642857,011F0000,3073,42529,00,02
D,32643743,979,913,0,3271,275,-82,-81,0,80,0,01,12,2,2200,206,32643797,011F0000,3073,43457,00,02
D,32644731,988,914,1,3270,263,-82,-81,0,80,0,01,12,2,2200,206,32644797,011F0000,3073,44461,00,02
D,32645735,1004,914,0,3270,273,-82,-81,0,80,0,01,12,2,2200,206,32645789,011F0000,3073,45449,00,02
D,32646754,1019,915,1,3269,295,-83,-87,0,80,0,01,12,2,2200,206,32646847,011F0000,3073,46522,00,02
D,32647803,1049,915,0,3269,331,-82,-79,0,81,0,01,12,2,2200,207,32647901,011F0000,3073,47570,00,02
D,32648759,956,915,0,3269,299,-82,-79,0,81,0,01,12,2,2200,207,32648806,011F0000,3073,48465,00,02
D,32649699,940,916,1,3268,237,-82,-87,0,81,0,01,12,2,2200,207,32649733,011F0000,3073,49387,00,02
D,32650731,1032,916,0,3268,264,-82,-79,0,81,0,01,12,2,2200,207,32650812,011F0000,2974,2,00,02
D,32651749,1018,916,0,3268,273,-82,-81,0,81,0,01,12,2,2200,208,32651816,011F0000,2974,471,00,02
D,32652706,957,917,1,3267,238,-82,-87,0,81,0,01,12,2,2200,208,32652740,011F0000,2974,1389,00,02
D,32653696,990,917,0,3267,234,-82,-79,0,81,0,01,12,2,2200,208,32653730,011F0000,2974,2380,00,02
D,32654737,1041,917,0,3267,264,-82,-79,0,81,0,01,12,2,2200,208,32654816,011F0000,2974,3475,00,02
D,32655713,976,918,1,3266,246,-82,-87,0,81,0,01,12,2,2200,209,32655743,011F0000,2974,4392,00,02
D,32656837,1124,918,0,3266,372,-82,-81,0,81,0,01,12,2,2200,209,32656936,011F0000,2974,5607,00,02
D,32658107,1270,918,0,3266,626,-82,-81,0,81,0,01,12,2,2200,209,32658228,011F0000,2974,6906,00,02
D,32658807,700,919,1,3265,343,-82,-81,0,81,0,01,12,2,2200,209,32658863,011F0000,2974,7516,00,02
D,32659726,919,919,0,3265,263,-82,-81,0,81,0,01,12,2,2200,210,32659790,011F0000,2974,8448,00,02
D,32660730,1004,919,0,3265,271,-82,-79,0,81,0,01,12,2,2200,210,32660783,011F0000,2974,9436,00,02
D,32661730,1000,920,1,3264,261,-82,-81,0,81,0,01,12,2,2200,210,32661799,011F0000,2974,10459,00,02
D,32662771,1041,920,0,3264,295,-82,-81,0,81,0,01,12,2,2200,210,32662864,011F0000,2974,11528,00,02
D,32663739,968,920,0,3264,263,-82,-81,0,81,0,01,12,2,2200,211,32663791,011F0000,2974,12444,00,02
D,32664746,1007,921,1,3263,279,-82,-81,0,81,0,01,12,2,2200,211,32664812,011F0000,2974,13470,00,02
D,32665727,981,921,0,3263,268,-82,-81,0,81,0,01,12,2,2200,211,32665791,011F0000,2974,14449,00,02
D,32666761,1034,921,0,3263,301,-82,-79,0,81,0,01,12,2,2200,211,32666861,011F0000,2974,15529,00,02
D,32667838,1077,922,1,3262,357,-82,-87,0,82,0,01,12,2,2200,212,32667940,011F0000,2974,16607,00,02
D,32668703,865,922,0,3262,246,-82,-79,0,82,0,01,12,2,2200,212,32668734,011F0000,2974,17383,00,02
D,32669706,1003,922,0,3262,236,-82,-79,0,82,0,01,12,2,2200,212,32669740,011F0000,2974,18390,00,02
D,32670747,1041,922,0,3262,280,-82,-81,0,82,0,01,12,2,2200,213,32670823,011F0000,2974,19482,00,02
D,32671712,965,923,1,3261,241,-82,-87,0,82,0,01,12,2,2200,213,32671745,011F0000,2974,20395,00,02
D,32672698,986,923,0,3261,233,-82,-79,0,82,0,01,12,2,2200,213,32672731,011F0000,2974,21380,00,02
D,32673709,1011,924,1,3260,235,-82,-87,0,82,0,01,12,2,2200,213,32673739,011F0000,2974,22388,00,02
D,32674752,1043,924,0,3260,276,-82,-81,0,82,0,01,12,2,2200,214,32674824,011F0000,2974,23481,00,02
D,32675701,949,925,1,3259,239,-82,-87,0,82,0,01,12,2,2200,214,32675737,011F0000,2974,24388,00,02
D,32676846,1145,925,0,3259,379,-82,-81,0,82,0,01,12,2,2200,214,32676953,011F0000,2974,25624,00,02
D,32677889,1043,925,0,3259,425,-82,-81,0,82,0,01,12,2,2200,214,32678112,011F0000,2974,26791,00,02
D,32678814,925,926,1,3258,347,-82,-89,0,82,0,01,12,2,2200,215,32678932,011F0000,2974,27611,00,02
D,32679730,916,926,0,3258,271,-82,-81,0,82,0,01,12,2,2200,215,32679779,011F0000,2974,28435,00,02
D,32680723,993,926,0,3258,255,-82,-79,0,82,0,01,12,2,2200,215,32680790,011F0000,2974,29448,00,02
D,32681744,1021,926,0,3258,272,-82,-79,0,82,0,01,12,2,2200,215,32681791,011F0000,2974,30445,00,02
D,32682767,1023,927,1,3257,298,-82,-81,0,82,0,01,12,2,2200,216,32682860,011F0000,2974,31525,00,02
D,32683742,975,927,0,3257,271,-82,-81,0,82,0,01,12,2,2200,216,32683796,011F0000,2974,32451,00,02
D,32684739,997,928,1,3256,268,-82,-90,0,82,0,01,12,2,2200,216,32684804,011F0000,2974,33463,00,02
D,32685747,1008,928,0,3256,273,-82,-81,0,82,0,01,12,2,2200,216,32685801,011F0000,2974,34456,00,02
D,32686770,1023,928,0,3256,300,-82,-79,0,83,0,01,12,2,2200,217,32686859,011F0000,2974,35524,00,02
D,32687788,1018,929,1,3255,316,-82,-87,0,83,0,01,12,2,2200,217,32687887,011F0000,2974,36554,00,02
D,32688757,969,929,0,3255,301,-82,-88,0,83,0,01,12,2,2200,217,32688809,011F0000,2974,37462,00,02
D,32689707,950,929,0,3255,235,-82,-79,0,83,0,01,12,2,2200,217,32689741,011F0000,2974,38390,00,02
D,32690742,1035,930,1,3254,268,-83,-89,0,83,0,01,12,2,2200,218,32690816,011F0000,2974,39474,00,02
D,32691715,973,930,0,3254,255,-83,-87,0,83,0,01,12,2,2200,218,32691752,011F0000,2974,40402,00,02
D,32692698,983,930,0,3254,236,-83,-79,0,83,0,01,12,2,2200,218,32692731,011F0000,2974,41380,00,02
D,32693707,1009,931,1,3253,234,-83,-87,0,83,0,01,12,2,2200,219,32693740,011F0000,2974,42390,00,02
D,32694714,1007,931,0,3253,253,-83,-87,0,83,0,01,12,2,2200,219,32694783,011F0000,2974,43440,00,02
D,32695719,1005,931,0,3253,258,-83,-79,0,83,0,01,12,2,2200,219,32695758,011F0000,2974,44407,00,02
D,32696827,1108,932,1,3252,366,-83,-89,0,83,0,01,12,2,2200,219,32696928,011F0000,2974,45600,00,02
D,32697895,1068,932,0,3252,425,-83,-81,0,83,0,01,12,2,2200,220,32698102,011F0000,2974,46785,00,02
D,32698821,926,933,1,3251,349,-83,-89,0,83,0,01,12,2,2200,220,32698933,011F0000,2974,47612,00,02
D,32699745,924,933,0,3251,271,-83,-89,0,83,0,01,12,2,2200,220,32699792,011F0000,2974,48449,00,02
D,32700731,986,933,0,3251,256,-84,-87,0,83,0,01,12,2,2200,220,32700797,011F0000,2974,49454,00,02
D,32701742,1011,933,0,3251,273,-83,-81,0,83,0,01,12,2,2200,221,32701786,011F0000,2879,1,00,02
D,32702795,1053,934,1,3250,301,-84,-89,0,83,0,01,12,2,2200,221,32702889,011F0000,2879,527,00,02
D,32703750,955,934,0,3250,284,-84,-81,0,83,0,01,12,2,2200,221,32703809,011F0000,2879,1432,00,02
D,32704727,977,934,0,3250,266,-83,-79,0,83,0,01,12,2,2200,221,32704786,011F0000,2879,2411,00,02
D,32705733,1006,935,1,3249,273,-83,-81,0,83,0,01,12,2,2200,222,32705791,011F0000,2879,3413,00,02
D,32706775,1042,935,0,3249,299,-83,-79,0,83,0,01,12,2,2200,222,32706859,011F0000,2879,4490,00,02
D,32707794,1019,936,1,3248,321,-83,-87,0,83,0,01,12,2,2200,222,32707892,011F0000,2879,5523,00,02
D,32708763,969,936,0,3248,297,-83,-87,0,84,0,01,12,2,2200,223,32708813,011F0000,2879,6433,00,02
D,32709709,946,936,0,3248,237,-83,-79,0,84,0,01,12,2,2200,223,32709744,011F0000,2879,7360,00,02
D,32710735,1026,937,1,3247,268,-84,-89,0,84,0,01,12,2,2200,223,32710811,011F0000,2879,8435,00,02
D,32711730,995,937,0,3247,258,-84,-87,0,84,0,01,12,2,2200,223,32711764,011F0000,2879,9379,00,02
D,32712707,977,937,0,3247,235,-84,-87,0,84,0,01,12,2,2200,224,32712742,011F0000,2879,10358,00,02
D,32713697,990,938,1,3246,233,-84,-87,0,84,0,01,12,2,2200,224,32713732,011F0000,2879,11347,00,02
D,32714727,1030,938,0,3246,254,-84,-87,0,84,0,01,12,2,2200,224,32714800,011F0000,2879,12424,00,02
D,32715718,991,938,0,3246,257,-84,-79,0,84,0,01,12,2,2200,224,32715753,011F0000,2879,13368,00,02
D,32716829,1111,939,1,3245,370,-84,-89,0,84,0,01,12,2,2200,225,32716931,011F0000,2879,14568,00,02
D,32717899,1070,939,0,3245,430,-84,-81,0,84,0,01,12,2,2200,225,32718106,011F0000,2879,15754,00,02
D,32718817,918,940,1,3244,346,-84,-89,0,84,0,01,12,2,2200,225,32718932,011F0000,2879,16579,00,02
D,32719746,929,940,0,3244,271,-84,-89,0,84,0,01,12,2,2200,225,32719791,011F0000,2879,17413,00,02
D,32720743,997,940,0,3244,267,-84,-81,0,84,0,01,12,2,2200,226,32720816,011F0000,2879,18440,00,02
D,32721745,1002,941,1,3243,277,-84,-89,0,84,0,01,12,2,2200,226,32721811,011F0000,2879,19434,00,02
D,32722784,1039,941,0,3243,309,-85,-89,0,84,0,01,12,2,2200,226,32722884,011F0000,2879,20531,00,02
D,32723722,938,941,0,3243,255,-84,-81,0,84,0,01,12,2,2200,227,32723772,011F0000,2879,21391,00,02
D,32724732,1010,942,1,3242,272,-85,-89,0,84,0,01,12,2,2200,227,32724802,011F0000,2879,22427,00,02
D,32725739,1007,942,0,3242,271,-85,-89,0,84,0,01,12,2,2200,227,32725804,011F0000,2879,23429,00,02
D,32726770,1031,942,0,3242,310,-85,-86,0,84,0,01,12,2,2200,227,32726858,011F0000,2879,24488,00,02
D,32727775,1005,942,0,3242,317,-85,-79,0,85,0,01,12,2,2200,228,32727878,011F0000,2879,25512,00,02
D,32728769,994,943,1,3241,307,-85,-87,0,85,0,01,12,2,2200,228,32728818,011F0000,2879,26438,00,02
D,32729700,931,943,0,3241,237,-85,-79,0,85,0,01,12,2,2200,228,32729734,011F0000,2879,27350,00,02
D,32730726,1026,944,1,3240,264,-85,-87,0,85,0,01,12,2,2200,228,32730807,011F0000,2879,28431,00,02
D,32731735,1009,944,0,3240,261,-85,-87,0,85,0,01,12,2,2200,229,32731769,011F0000,2879,29385,00,02
D,32732707,972,944,0,3240,237,-85,-87,0,85,0,01,12,2,2200,229,32732741,011F0000,2879,30356,00,02
D,32733698,991,945,1,3239,234,-85,-87,0,85,0,01,12,2,2200,229,32733732,011F0000,2879,31348,00,02
D,32734707,1009,945,0,3239,248,-85,-87,0,85,0,01,12,2,2200,230,32734787,011F0000,2879,32410,00,02
D,32735726,1019,946,1,3238,262,-85,-95,0,85,0,01,12,2,2200,230,32735756,011F0000,2879,33371,00,02
D,32736843,1117,946,0,3238,346,-86,-89,0,85,0,01,12,2,2200,230,32736941,011F0000,2879,34578,00,02
D,32737878,1035,947,1,3237,417,-86,-89,0,85,0,01,12,2,2200,230,32738080,011F0000,2879,35736,00,02
D,32738832,954,947,0,3237,366,-86,-89,0,85,0,01,12,2,2200,231,32738961,011F0000,2879,36606,00,02
D,32739735,903,947,0,3237,270,-86,-89,0,85,0,01,12,2,2200,231,32739787,011F0000,2879,37407,00,02
D,32740722,987,948,1,3236,253,-86,-94,0,85,0,01,12,2,2200,231,32740784,011F0000,2879,38407,00,02
D,32741734,1012,948,0,3236,270,-86,-90,0,85,0,01,12,2,2200,231,32741782,011F0000,2879,39404,00,02
D,32742770,1036,948,0,3236,298,-87,-89,0,85,0,01,12,2,2200,232,32742864,011F0000,2879,40492,00,02
D,32743738,968,949,1,3235,273,-87,-89,0,85,0,01,12,2,2200,232,32743795,011F0000,2879,41418,00,02
D,32744734,996,949,0,3235,264,-87,-89,0,85,0,01,12,2,2200,232,32744801,011F0000,2879,42426,00,02
D,32745744,1010,949,0,3235,274,-87,-89,0,85,0,01,12,2,2200,233,32745805,011F0000,2879,43426,00,02
D,32746761,1017,950,1,3234,300,-87,-94,0,85,0,01,12,2,2200,233,32746848,011F0000,2879,44478,00,02
D,32747796,1035,950,0,3234,320,-87,-87,0,85,0,01,12,2,2200,233,32747894,011F0000,2879,45524,00,02
D,32748774,978,950,0,3234,305,-87,-87,0,85,0,01,12,2,2200,233,32748820,011F0000,2879,46439,00,02
D,32749697,923,951,1,3233,235,-87,-87,0,86,0,01,12,2,2200,234,32749730,011F0000,2879,47346,00,02
D,32750741,1044,951,0,3233,265,-87,-87,0,86,0,01,12,2,2200,234,32750820,011F0000,2879,48447,00,02
D,32751728,987,952,1,3232,262,-87,-95,0,86,0,01,12,2,2200,234,32751760,011F0000,2879,49376,00,02
D,32752696,968,952,0,3232,234,-87,-87,0,86,0,01,12,2,2200,234,32752730,011F0000,2795,1,00,02
D,32753714,1018,952,0,3232,242,-87,-87,0,86,0,01,12,2,2200,235,32753781,011F0000,2795,524,00,02
D,32754733,1019,953,1,3231,266,-87,-90,0,86,0,01,12,2,2200,235,32754807,011F0000,2795,1554,00,02
D,32755714,981,953,0,3231,245,-87,-87,0,86,0,01,12,2,2200,235,32755744,011F0000,2795,2482,00,02
D,32756847,1133,954,1,3230,360,-88,-97,0,86,0,01,12,2,2200,236,32756947,011F0000,2795,3705,00,02
D,32757884,1037,954,0,3230,416,-88,-97,0,86,0,01,12,2,2200,236,32758087,011F0000,2795,4865,00,02
D,32758819,935,954,0,3230,351,-88,-89,0,86,0,01,12,2,2200,236,32758948,011F0000,2795,5720,00,02
D,32759742,923,954,0,3230,270,-88,-89,0,86,0,01,12,2,2200,236,32759790,011F0000,2795,6533,00,02
D,32760726,984,955,1,3229,254,-88,-90,0,86,0,01,12,2,2200,237,32760789,011F0000,2795,7535,00,02
D,32761733,1007,955,0,3229,270,-88,-87,0,86,0,01,12,2,2200,237,32761780,011F0000,2795,8524,00,02
D,32762769,1036,955,0,3229,295,-88,-89,0,86,0,01,12,2,2200,237,32762865,011F0000,2795,9618,00,02
D,32763742,973,956,1,3228,272,-88,-89,0,86,0,01,12,2,2200,237,32763801,011F0000,2795,10548,00,02
D,32764723,981,956,0,3228,264,-88,-89,0,86,0,01,12,2,2200,238,32764789,011F0000,2795,11537,00,02
D,32765731,1008,957,1,3227,274,-88,-90,0,86,0,01,12,2,2200,238,32765789,011F0000,2795,12534,00,02
D,32766762,1031,957,0,3227,299,-88,-87,0,86,0,01,12,2,2200,238,32766853,011F0000,2795,13607,00,02
D,32767780,1018,957,0,3227,318,-88,-87,0,87,0,01,12,2,2200,239,32767880,011F0000,2795,14635,00,02
D,32768766,986,958,1,3226,306,-88,-87,0,87,0,01,12,2,2200,239,32768817,011F0000,2795,15561,00,02
D,32769710,944,958,0,3226,236,-88,-87,0,87,0,01,12,2,2200,239,32769744,011F0000,2795,16483,00,02
D,32770737,1027,958,0,3226,266,-88,-81,0,87,0,01,12,2,2200,239,32770815,011F0000,2795,17563,00,02
D,32771733,996,959,1,3225,258,-88,-87,0,87,0,01,12,2,2200,240,32771768,011F0000,2795,18506,00,02
D,32772706,973,959,0,3225,236,-88,-87,0,87,0,01,12,2,2200,240,32772740,011F0000,2795,19478,00,02
D,32773696,990,960,1,3224,234,-88,-95,0,87,0,01,12,2,2200,240,32773730,011F0000,2795,20469,00,02
D,32774711,1015,960,0,3224,252,-88,-87,0,87,0,01,12,2,2200,240,32774784,011F0000,2795,21531,00,02
D,32775721,1010,960,0,3224,260,-88,-87,0,87,0,01,12,2,2200,241,32775754,011F0000,2795,22492,00,02
D,32776832,1111,961,1,3223,348,-88,-89,0,87,0,01,12,2,2200,241,32776928,011F0000,2795,23688,00,02
D,32777940,1108,961,0,3223,468,-88,-89,0,87,0,01,12,2,2200,241,32778131,011F0000,2795,24895,00,02
D,32778818,878,961,0,3223,347,-88,-89,0,87,0,01,12,2,2200,242,32778928,011F0000,2795,25691,00,02
D,32779735,917,961,0,3223,275,-88,-81,0,87,0,01,12,2,2200,242,32779781,011F0000,2795,26529,00,02
D,32780717,982,962,1,3222,257,-88,-87,0,87,0,01,12,2,2200,242,32780782,011F0000,2795,27529,00,02
D,32781739,1022,962,0,3222,270,-88,-81,0,87,0,01,12,2,2200,242,32781789,011F0000,2795,28534,00,02
D,32782758,1019,963,1,3221,292,-88,-89,0,87,0,01,12,2,2200,243,32782858,011F0000,2795,29614,00,02
D,32783742,984,963,0,3221,275,-88,-89,0,87,0,01,12,2,2200,243,32783794,011F0000,2795,30537,00,02
D,32784736,994,963,0,3221,272,-87,-81,0,87,0,01,12,2,2200,243,32784803,011F0000,2795,31552,00,02
D,32785750,1014,964,1,3220,276,-88,-89,0,87,0,01,12,2,2200,244,32785807,011F0000,2795,32551,00,02
D,32786761,1011,964,0,3220,297,-88,-86,0,87,0,01,12,2,2200,244,32786856,011F0000,2795,33613,00,02
D,32787806,1045,965,1,3219,335,-87,-87,0,87,0,01,12,2,2200,244,32787893,011F0000,2795,34649,00,02
D,32788767,961,965,0,3219,300,-87,-87,0,87,0,01,12,2,2200,244,32788817,011F0000,2795,35559,00,02
D,32789695,928,965,0,3219,236,-87,-87,0,88,0,01,12,2,2200,245,32789729,011F0000,2795,36468,00,02
D,32790738,1043,966,1,3218,265,-88,-89,0,88,0,01,12,2,2200,245,32790822,011F0000,2795,37571,00,02
D,32791719,981,966,0,3218,255,-87,-87,0,88,0,01,12,2,2200,245,32791753,011F0000,2795,38491,00,02
D,32792703,984,967,1,3217,235,-88,-95,0,88,0,01,12,2,2200,245,32792737,011F0000,2795,39476,00,02
D,32793697,994,967,0,3217,234,-88,-95,0,88,0,01,12,2,2200,246,32793731,011F0000,2795,40469,00,02
D,32794729,1032,968,1,3216,253,-88,-98,0,88,0,01,12,2,2200,246,32794803,011F0000,2795,41550,00,02
D,32795720,991,968,0,3216,260,-89,-95,0,88,0,01,12,2,2200,246,32795755,011F0000,2795,42494,00,02
D,32796837,1117,968,0,3216,360,-89,-89,0,88,0,01,12,2,2200,247,32796934,011F0000,2795,43693,00,02
D,32797885,1048,968,0,3216,416,-89,-89,0,88,0,01,12,2,2200,247,32798094,011F0000,2795,44867,00,02
D,32798832,947,969,1,3215,358,-89,-89,0,88,0,01,12,2,2200,247,32798962,011F0000,2795,45728,00,02
D,32799736,904,969,0,3215,272,-89,-89,0,88,0,01,12,2,2200,247,32799785,011F0000,2795,46527,00,02
D,32800727,991,970,1,3214,255,-89,-94,0,88,0,01,12,2,2200,248,32800790,011F0000,2795,47536,00,02
D,32801735,1008,970,0,3214,270,-89,-90,0,88,0,01,12,2,2200,248,32801782,011F0000,2795,48527,00,02
D,32802771,1036,971,1,3213,301,-89,-97,0,88,0,01,12,2,2200,248,32802867,011F0000,2795,49621,00,02
D,32803739,968,971,0,3213,269,-89,-89,0,88,0,01,12,2,2200,249,32803795,011F0000,2708,1,00,02
D,32804742,1003,971,0,3213,284,-89,-89,0,88,0,01,12,2,2200,249,32804821,011F0000,2708,480,00,02
D,32805744,1002,972,1,3212,275,-90,-98,0,88,0,01,12,2,2200,249,32805802,011F0000,2708,1457,00,02
D,32806763,1019,972,0,3212,303,-90,-94,0,88,0,01,12,2,2200,249,32806852,011F0000,2708,2516,00,02
D,32807808,1045,973,1,3211,337,-90,-95,0,89,0,01,12,2,2200,250,32807901,011F0000,2708,3563,00,02
D,32808774,966,973,0,3211,307,-90,-95,0,89,0,01,12,2,2200,250,32808827,011F0000,2708,4481,00,02
D,32809695,921,973,0,3211,234,-90,-95,0,89,0,01,12,2,2200,250,32809726,011F0000,2708,5374,00,02
D,32810740,1045,974,1,3210,270,-91,-98,0,89,0,01,12,2,2200,251,32810818,011F0000,2708,6474,00,02
D,32811710,970,974,0,3210,253,-91,-95,0,89,0,01,12,2,2200,251,32811745,011F0000,2708,7392,00,02
D,32812696,986,974,0,3210,234,-91,-95,0,89,0,01,12,2,2200,251,32812730,011F0000,2708,8377,00,02
D,32813705,1009,975,1,3209,233,-91,-95,0,89,0,01,12,2,2200,251,32813739,011F0000,2708,9387,00,02
D,32814725,1020,975,0,3209,257,-91,-95,0,89,0,01,12,2,2200,252,32814798,011F0000,2708,10452,00,02
D,32815726,1001,975,0,3209,257,-91,-95,0,89,0,01,12,2,2200,252,32815762,011F0000,2708,11409,00,02
D,32816834,1108,976,1,3208,371,-92,-97,0,89,0,01,12,2,2200,252,32816932,011F0000,2708,12601,00,02
D,32817924,1090,976,0,3208,446,-92,-89,0,89,0,01,12,2,2200,253,32818125,011F0000,2708,13801,00,02
D,32818801,877,977,1,3207,341,-92,-98,0,89,0,01,12,2,2200,253,32818898,011F0000,2708,14576,00,02
D,32819746,945,977,0,3207,269,-92,-97,0,89,0,01,12,2,2200,253,32819795,011F0000,2708,15449,00,02
D,32820720,974,977,0,3207,261,-92,-94,0,89,0,01,12,2,2200,253,32820797,011F0000,2708,16455,00,02
D,32821738,1018,978,1,3206,275,-92,-98,0,89,0,01,12,2,2200,254,32821802,011F0000,2708,17457,00,02
D,32822775,1037,978,0,3206,302,-92,-89,0,89,0,01,12,2,2200,254,32822870,011F0000,2708,18539,00,02
D,32823726,951,978,0,3206,268,-92,-89,0,89,0,01,12,2,2200,254,32823781,011F0000,2708,19435,00,02
D,32824748,1022,979,1,3205,272,-92,-89,0,89,0,01,12,2,2200,255,32824817,011F0000,2708,20474,00,02
D,32825746,998,979,0,3205,273,-92,-89,0,89,0,01,12,2,2200,255,32825810,011F0000,2708,21467,00,02
D,32826777,1031,980,1,3204,302,-92,-94,0,89,0,01,12,2,2200,255,32826869,011F0000,2708,22543,00,02
D,32827770,993,980,0,3204,305,-92,-95,0,89,0,01,12,2,2200,255,32827883,011F0000,2708,23547,00,02
D,32828762,992,980,0,3204,302,-92,-95,0,90,0,01,12,2,2200,256,32828812,011F0000,2708,24467,00,02
D,32829704,942,981,1,3203,235,-92,-95,0,90,0,01,12,2,2200,256,32829740,011F0000,2708,25388,00,02
D,32830741,1037,981,0,3203,273,-92,-89,0,90,0,01,12,2,2200,256,32830817,011F0000,2708,26475,00,02
D,32831710,969,982,1,3202,248,-92,-95,0,90,0,01,12,2,2200,257,32831746,011F0000,2708,27393,00,02
D,32832698,988,982,0,3202,234,-92,-95,0,90,0,01,12,2,2200,257,32832733,011F0000,2708,28381,00,02
D,32833689,991,982,0,3202,233,-92,-87,0,90,0,01,12,2,2200,257,32833724,011F0000,2708,29371,00,02
D,32834726,1037,983,1,3201,260,-92,-95,0,90,0,01,12,2,2200,257,32834801,011F0000,2708,30458,00,02
D,32835719,993,983,0,3201,250,-92,-95,0,90,0,01,12,2,2200,258,32835755,011F0000,2708,31403,00,02
D,32836837,1118,983,0,3201,359,-92,-89,0,90,0,01,12,2,2200,258,32836933,011F0000,2708,32601,00,02
D,32837914,1077,984,1,3200,450,-92,-89,0,90,0,01,12,2,2200,258,32838114,011F0000,2708,33796,00,02
D,32838822,908,984,0,3200,355,-92,-89,0,90,0,01,12,2,2200,259,32838936,011F0000,2708,34611,00,02
D,32839735,913,984,0,3200,272,-92,-89,0,90,0,01,12,2,2200,259,32839782,011F0000,2708,35435,00,02
D,32840722,987,985,1,3199,256,-92,-94,0,90,0,01,12,2,2200,259,32840787,011F0000,2708,36444,00,02
D,32841747,1025,985,0,3199,273,-92,-89,0,90,0,01,12,2,2200,259,32841791,011F0000,2708,37443,00,02
D,32842759,1012,986,1,3198,291,-92,-97,0,90,0,01,12,2,2200,260,32842853,011F0000,2708,38518,00,02
D,32843738,979,986,0,3198,276,-92,-89,0,90,0,01,12,2,2200,260,32843791,011F0000,2708,39444,00,02
D,32844724,986,987,1,3197,264,-92,-94,0,90,0,01,12,2,2200,260,32844789,011F0000,2708,40446,00,02
D,32845737,1013,987,0,3197,279,-92,-98,0,90,0,01,12,2,2200,261,32845792,011F0000,2708,41445,00,02
D,32846771,1034,987,0,3197,296,-92,-94,0,90,0,01,12,2,2200,261,32846863,011F0000,2708,42529,00,02
D,32847801,1030,988,1,3196,326,-92,-95,0,90,0,01,12,2,2200,261,32847900,011F0000,2708,43564,00,02
D,32848774,973,988,0,3196,299,-93,-95,0,90,0,01,12,2,2200,261,32848818,011F0000,2708,44472,00,02
D,32849697,923,989,1,3195,235,-93,-95,0,91,0,01,12,2,2200,262,32849732,011F0000,2708,45379,00,02
D,32850748,1051,989,0,3195,273,-93,-98,0,91,0,01,12,2,2200,262,32850827,011F0000,2708,46483,00,02
D,32851713,965,990,1,3194,250,-93,-102,0,91,0,01,12,2,2200,262,32851746,011F0000,2708,47394,00,02
D,32852697,984,990,0,3194,233,-93,-95,0,91,0,01,12,2,2200,263,32852731,011F0000,2708,48378,00,02
D,32853692,995,990,0,3194,235,-93,-95,0,91,0,01,12,2,2200,263,32853726,011F0000,2708,49374,00,02
D,32854726,1034,991,1,3193,258,-94,-102,0,91,0,01,12,2,2200,263,32854800,011F0000,2636,1,00,02
D,32855738,1012,991,0,3193,267,-94,-95,0,91,0,01,12,2,2200,263,32855803,011F0000,2636,472,00,02
D,32856848,1110,991,0,3193,376,-94,-89,0,91,0,01,12,2,2200,264,32856952,011F0000,2636,1638,00,02
D,32857923,1075,992,1,3192,446,-94,-97,0,91,0,01,12,2,2200,264,32858128,011F0000,2636,2819,00,02
D,32858821,898,992,0,3192,344,-94,-97,0,91,0,01,12,2,2200,264,32858938,011F0000,2636,3627,00,02
D,32859740,919,992,0,3192,273,-94,-89,0,91,0,01,12,2,2200,265,32859786,011F0000,2636,4457,00,02
D,32860727,987,993,1,3191,256,-94,-94,0,91,0,01,12,2,2200,265,32860793,011F0000,2636,5464,00,02
D,32861738,1011,993,0,3191,269,-94,-89,0,91,0,01,12,2,2200,265,32861783,011F0000,2636,6454,00,02
D,32862758,1020,993,0,3191,298,-93,-89,0,91,0,01,12,2,2200,266,32862850,011F0000,2636,7531,00,02
D,32863731,973,994,1,3190,269,-94,-98,0,91,0,01,12,2,2200,266,32863782,011F0000,2636,8450,00,02
D,32864738,1007,994,0,3190,269,-93,-89,0,91,0,01,12,2,2200,266,32864806,011F0000,2636,9480,00,02
D,32865746,1008,995,1,3189,272,-94,-98,0,91,0,01,12,2,2200,266,32865799,011F0000,2636,10469,00,02
D,32866768,1022,995,0,3189,299,-94,-94,0,91,0,01,12,2,2200,267,32866860,011F0000,2636,11540,00,02
D,32867798,1030,996,1,3188,322,-94,-103,0,91,0,01,12,2,2200,267,32867902,011F0000,2636,12581,00,02
D,32868759,961,996,0,3188,302,-94,-95,0,91,0,01,12,2,2200,267,32868809,011F0000,2636,13477,00,02
D,32869699,940,996,0,3188,235,-94,-95,0,92,0,01,12,2,2200,268,32869733,011F0000,2636,14397,00,02
D,32870742,1043,997,1,3187,266,-94,-98,0,92,0,01,12,2,2200,268,32870814,011F0000,2636,15486,00,02
D,32871726,984,997,0,3187,256,-94,-94,0,92,0,01,12,2,2200,268,32871766,011F0000,2636,16430,00,02
D,32872700,974,997,0,3187,235,-94,-95,0,92,0,01,12,2,2200,268,32872734,011F0000,2636,17398,00,02
D,32873696,996,998,1,3186,234,-94,-95,0,92,0,01,12,2,2200,269,32873729,011F0000,2636,18393,00,02
D,32874724,1028,998,0,3186,253,-94,-90,0,92,0,01,12,2,2200,269,32874795,011F0000,2636,19467,00,02
D,32875731,1007,998,0,3186,260,-94,-87,0,92,0,01,12,2,2200,269,32875769,011F0000,2636,20433,00,02
D,32876838,1107,999,1,3185,346,-94,-97,0,92,0,01,12,2,2200,270,32876931,011F0000,2636,21615,00,02
D,32877947,1109,999,0,3185,460,-94,-89,0,92,0,01,12,2,2200,270,32878130,011F0000,2636,22819,00,02
D,32878800,853,1000,1,3184,338,-94,-98,0,92,0,01,12,2,2200,270,32878890,011F0000,2636,23576,00,02
D,32879745,945,1000,0,3184,277,-94,-89,0,92,0,01,12,2,2200,270,32879791,011F0000,2636,24461,00,02
D,32880715,970,1000,0,3184,251,-93,-87,0,92,0,01,12,2,2200,271,32880780,011F0000,2636,25453,00,02
D,32881734,1019,1001,1,3183,270,-93,-89,0,92,0,01,12,2,2200,271,32881781,011F0000,2636,26449,00,02
D,32882757,1023,1001,0,3183,288,-93,-89,0,92,0,01,12,2,2200,271,32882855,011F0000,2636,27537,00,02
D,32883740,983,1001,0,3183,280,-93,-89,0,92,0,01,12,2,2200,272,32883792,011F0000,2636,28462,00,02
D,32884727,987,1002,1,3182,264,-93,-90,0,92,0,01,12,2,2200,272,32884793,011F0000,2636,29466,00,02
D,32885739,1012,1003,1,3181,273,-93,-98,0,92,0,01,12,2,2200,272,32885793,011F0000,2636,30462,00,02
D,32886767,1028,1003,0,3181,294,-93,-94,0,92,0,01,12,2,2200,273,32886863,011F0000,2636,31544,00,02
D,32887811,1044,1003,0,3181,336,-93,-95,0,92,0,01,12,2,2200,273,32887902,011F0000,2636,32582,00,02
D,32888762,951,1004,1,3180,302,-93,-95,0,92,0,01,12,2,2200,273,32888804,011F0000,2636,33472,00,02
D,32889707,945,1004,0,3180,237,-93,-95,0,92,0,01,12,2,2200,273,32889743,011F0000,2636,34406,00,02
D,32890730,1023,1004,0,3180,263,-93,-90,0,93,0,01,12,2,2200,274,32890814,011F0000,2636,35487,00,02
D,32891730,1000,1004,0,3180,257,-93,-87,0,93,0,01,12,2,2200,274,32891763,011F0000,2636,36426,00,02
D,32892693,963,1005,1,3179,234,-93,-95,0,93,0,01,12,2,2200,274,32892727,011F0000,2636,37390,00,02
D,32893707,1014,1005,0,3179,235,-93,-95,0,93,0,01,12,2,2200,275,32893739,011F0000,2636,38403,00,02
D,32894722,1015,1006,1,3178,252,-93,-95,0,93,0,01,12,2,2200,275,32894794,011F0000,2636,39464,00,02
D,32895728,1006,1006,0,3178,260,-93,-95,0,93,0,01,12,2,2200,275,32895762,011F0000,2636,40425,00,02
D,32896828,1100,1007,1,3177,363,-93,-97,0,93,0,01,12,2,2200,276,32896925,011F0000,2636,41610,00,02
D,32897949,1121,1007,0,3177,462,-93,-89,0,93,0,01,12,2,2200,276,32898133,011F0000,2636,42823,00,02
D,32898804,855,1007,0,3177,335,-93,-89,0,93,0,01,12,2,2200,276,32898891,011F0000,2636,43577,00,02
D,32899744,940,1008,1,3176,279,-93,-98,0,93,0,01,12,2,2200,276,32899794,011F0000,2636,44466,00,02
D,32900726,982,1008,0,3176,253,-93,-94,0,93,0,01,12,2,2200,277,32900790,011F0000,2636,45463,00,02
D,32901734,1008,1009,1,3175,271,-93,-98,0,93,0,01,12,2,2200,277,32901784,011F0000,2636,46453,00,02
D,32902752,1018,1009,0,3175,293,-94,-97,0,93,0,01,12,2,2200,277,32902849,011F0000,2636,47532,00,02
D,32903748,996,1010,1,3174,279,-94,-97,0,93,0,01,12,2,2200,278,32903799,011F0000,2636,48466,00,02
D,32904739,991,1010,0,3174,273,-94,-98,0,93,0,01,12,2,2200,278,32904805,011F0000,2636,49480,00,02
D,32905733,994,1010,0,3174,275,-94,-98,0,93,0,01,12,2,2200,278,32905790,011F0000,2566,1,00,02
D,32906797,1064,1011,1,3173,305,-94,-102,0,93,0,01,12,2,2200,279,32906903,011F0000,2566,554,00,02
D,32907793,996,1011,0,3173,329,-94,-95,0,93,0,01,12,2,2200,279,32907891,011F0000,2566,1523,00,02
D,32908778,985,1011,0,3173,309,-94,-95,0,93,0,01,12,2,2200,279,32908821,011F0000,2566,2443,00,02
D,32909697,919,1012,1,3172,236,-94,-95,0,93,0,01,12,2,2200,279,32909730,011F0000,2566,3347,00,02
D,32910734,1037,1012,0,3172,259,-95,-98,0,94,0,01,12,2,2200,280,32910813,011F0000,2566,4438,00,02
D,32911732,998,1012,0,3172,259,-95,-94,0,94,0,01,12,2,2200,280,32911766,011F0000,2566,5382,00,02
D,32912694,962,1013,1,3171,234,-95,-95,0,94,0,01,12,2,2200,280,32912728,011F0000,2566,6344,00,02
D,32913708,1014,1013,0,3171,238,-95,-95,0,94,0,01,12,2,2200,281,32913739,011F0000,2566,7355,00,02
D,32914716,1008,1014,1,3170,248,-95,-102,0,94,0,01,12,2,2200,281,32914785,011F0000,2566,8409,00,02
D,32915725,1009,1014,0,3170,263,-95,-95,0,94,0,01,12,2,2200,281,32915761,011F0000,2566,9378,00,02
D,32916837,1112,1015,1,3169,363,-95,-97,0,94,0,01,12,2,2200,282,32916936,011F0000,2566,10574,00,02
D,32917875,1038,1015,0,3169,415,-95,-97,0,94,0,01,12,2,2200,282,32918079,011F0000,2566,11743,00,02
D,32918811,936,1016,1,3168,351,-95,-97,0,94,0,01,12,2,2200,282,32918927,011F0000,2566,12568,00,02
D,32919738,927,1016,0,3168,266,-95,-98,0,94,0,01,12,2,2200,282,32919790,011F0000,2566,13413,00,02
D,32920741,1003,1016,0,3168,265,-95,-98,0,94,0,01,12,2,2200,283,32920815,011F0000,2566,14440,00,02
D,32921742,1001,1017,1,3167,277,-96,-106,0,94,0,01,12,2,2200,283,32921809,011F0000,2566,15433,00,02
D,32922776,1034,1017,0,3167,306,-96,-97,0,94,0,01,12,2,2200,283,32922872,011F0000,2566,16510,00,02
D,32923729,953,1017,0,3167,265,-96,-98,0,94,0,01,12,2,2200,284,32923780,011F0000,2566,17401,00,02
D,32924739,1010,1017,0,3167,270,-96,-89,0,94,0,01,12,2,2200,284,32924806,011F0000,2566,18431,00,02
D,32925738,999,1018,1,3166,271,-96,-98,0,94,0,01,12,2,2200,284,32925800,011F0000,2566,19425,00,02
D,32926775,1037,1019,1,3165,307,-96,-102,0,94,0,01,12,2,2200,285,32926863,011F0000,2566,20495,00,02
D,32927787,1012,1019,0,3165,324,-96,-95,0,94,0,01,12,2,2200,285,32927885,011F0000,2566,21520,00,02
D,32928776,989,1019,0,3165,310,-96,-95,0,94,0,01,12,2,2200,285,32928823,011F0000,2566,22446,00,02
D,32929707,931,1020,1,3164,236,-96,-103,0,94,0,01,12,2,2200,285,32929741,011F0000,2566,23357,00,02
D,32930729,1022,1020,0,3164,261,-96,-98,0,95,0,01,12,2,2200,286,32930808,011F0000,2566,24433,00,02
D,32931728,999,1020,0,3164,261,-96,-94,0,95,0,01,12,2,2200,286,32931760,011F0000,2566,25376,00,02
D,32932693,965,1021,1,3163,235,-96,-95,0,95,0,01,12,2,2200,286,32932726,011F0000,2566,26343,00,02
D,32933707,1014,1021,0,3163,235,-96,-95,0,95,0,01,12,2,2200,287,32933738,011F0000,2566,27355,00,02
D,32934715,1008,1022,1,3162,248,-96,-95,0,95,0,01,12,2,2200,287,32934787,011F0000,2566,28411,00,02
D,32935727,1012,1022,0,3162,264,-96,-95,0,95,0,01,12,2,2200,287,32935759,011F0000,2566,29375,00,02
D,32936841,1114,1022,0,3162,365,-96,-89,0,95,0,01,12,2,2200,288,32936943,011F0000,2566,30581,00,02
D,32937940,1099,1023,1,3161,455,-96,-97,0,95,0,01,12,2,2200,288,32938133,011F0000,2566,31776,00,02
D,32938813,873,1023,0,3161,341,-96,-98,0,95,0,01,12,2,2200,288,32938910,011F0000,2566,32549,00,02
D,32939738,925,1024,1,3160,276,-96,-98,0,95,0,01,12,2,2200,288,32939781,011F0000,2566,33405,00,02
D,32940721,983,1024,0,3160,250,-96,-94,0,95,0,01,12,2,2200,289,32940786,011F0000,2566,34412,00,02
D,32941732,1011,1024,0,3160,272,-96,-98,0,95,0,01,12,2,2200,289,32941777,011F0000,2566,35399,00,02
D,32942750,1018,1025,1,3159,291,-96,-97,0,95,0,01,12,2,2200,289,32942850,011F0000,2566,36485,00,02
D,32943737,987,1025,0,3159,278,-96,-98,0,95,0,01,12,2,2200,290,32943790,011F0000,2566,37410,00,02
D,32944741,1004,1025,0,3159,267,-96,-89,0,95,0,01,12,2,2200,290,32944807,011F0000,2566,38434,00,02
D,32945739,998,1026,1,3158,277,-96,-98,0,95,0,01,12,2,2200,290,32945792,011F0000,2566,39414,00,02
D,32946764,1025,1026,0,3158,300,-96,-94,0,96,0,01,12,2,2200,291,32946860,011F0000,2566,40495,00,02
D,32947780,1016,1027,1,3157,320,-96,-95,0,96,0,01,12,2,2200,291,32947893,011F0000,2566,41527,00,02
D,32948778,998,1027,0,3157,308,-96,-95,0,96,0,01,12,2,2200,291,32948825,011F0000,2566,42445,00,02
D,32949699,921,1028,1,3156,234,-96,-95,0,96,0,01,12,2,2200,291,32949733,011F0000,2566,43350,00,02
D,32950736,1037,1028,0,3156,265,-96,-95,0,96,0,01,12,2,2200,292,32950816,011F0000,2566,44444,00,02
D,32951721,985,1028,0,3156,259,-96,-95,0,96,0,01,12,2,2200,292,32951759,011F0000,2566,45375,00,02
D,32952697,976,1029,1,3155,235,-95,-95,0,96,0,01,12,2,2200,292,32952731,011F0000,2566,46348,00,02
D,32953693,996,1029,0,3155,234,-95,-95,0,96,0,01,12,2,2200,293,32953727,011F0000,2566,47343,00,02
D,32954722,1029,1030,1,3154,253,-96,-102,0,96,0,01,12,2,2200,293,32954790,011F0000,2566,48414,00,02
D,32955726,1004,1030,0,3154,261,-96,-102,0,96,0,01,12,2,2200,293,32955761,011F0000,2566,49377,00,02
D,32956834,1108,1031,1,3153,348,-96,-97,0,96,0,01,12,2,2200,294,32956929,011F0000,2494,1,00,02
D,32958331,1497,1031,0,3153,474,-96,-96,0,96,0,01,12,2,2200,294,32958452,011F0000,2494,826,00,02
D,32958925,594,1031,0,3153,298,-96,-97,0,96,0,01,12,2,2200,294,32959021,011F0000,2494,1363,00,02
D,32959742,817,1032,1,3152,277,-96,-98,0,96,0,01,12,2,2200,295,32959800,011F0000,2494,2138,00,02
D,32960722,980,1032,0,3152,263,-96,-94,0,96,0,01,12,2,2200,295,32960779,011F0000,2494,3121,00,02
D,32961739,1017,1032,0,3152,271,-96,-98,0,96,0,01,12,2,2200,295,32961799,011F0000,2494,4139,00,02
D,32962751,1012,1033,1,3151,286,-96,-97,0,96,0,01,12,2,2200,295,32962846,011F0000,2494,5195,00,02
D,32963747,996,1033,0,3151,287,-96,-98,0,96,0,01,12,2,2200,296,32963812,011F0000,2494,6154,00,02
D,32964745,998,1034,1,3150,275,-96,-98,0,96,0,01,12,2,2200,296,32964809,011F0000,2494,7152,00,02
D,32965735,990,1034,0,3150,275,-96,-98,0,96,0,01,12,2,2200,296,32965798,011F0000,2494,8142,00,02
D,32966751,1016,1035,1,3149,292,-97,-102,0,96,0,01,12,2,2200,297,32966852,011F0000,2494,9200,00,02
D,32967801,1050,1035,0,3149,334,-97,-103,0,96,0,01,12,2,2200,297,32967905,011F0000,2494,10261,00,02
D,32968700,899,1036,1,3148,233,-97,-103,0,96,0,01,12,2,2200,297,32968738,011F0000,2494,11071,00,02
D,32969699,999,1036,0,3148,237,-97,-103,0,97,0,01,12,2,2200,298,32969733,011F0000,2494,12066,00,02
D,32970754,1055,1036,0,3148,286,-97,-98,0,97,0,01,12,2,2200,298,32970828,011F0000,2494,13171,00,02
D,32971702,948,1037,1,3147,233,-97,-102,0,97,0,01,12,2,2200,298,32971735,011F0000,2494,14068,00,02
D,32972708,1006,1037,0,3147,234,-98,-102,0,97,0,01,12,2,2200,299,32972744,011F0000,2494,15076,00,02
D,32973702,994,1038,1,3146,234,-98,-103,0,97,0,01,12,2,2200,299,32973735,011F0000,2494,16067,00,02
D,32974738,1036,1038,0,3146,279,-98,-102,0,97,0,01,12,2,2200,299,32974810,011F0000,2494,17150,00,02
D,32975693,955,1038,0,3146,231,-98,-103,0,97,0,01,12,2,2200,299,32975726,011F0000,2494,18058,00,02
D,32976831,1138,1039,1,3145,361,-99,-106,0,97,0,01,12,2,2200,300,32976929,011F0000,2494,19287,00,02
D,32977939,1108,1039,0,3145,467,-98,-97,0,97,0,01,12,2,2200,300,32978131,011F0000,2494,20492,00,02
D,32978826,887,1040,1,3144,348,-99,-106,0,97,0,01,12,2,2200,300,32978937,011F0000,2494,21295,00,02
D,32979743,917,1040,0,3144,278,-99,-98,0,97,0,01,12,2,2200,301,32979793,011F0000,2494,22134,00,02
D,32980727,984,1040,0,3144,256,-99,-94,0,97,0,01,12,2,2200,301,32980794,011F0000,2494,23135,00,02
D,32981737,1010,1041,1,3143,268,-99,-106,0,97,0,01,12,2,2200,301,32981787,011F0000,2494,24129,00,02
D,32982755,1018,1041,0,3143,293,-99,-97,0,97,0,01,12,2,2200,302,32982855,011F0000,2494,25205,00,02
D,32983742,987,1041,0,3143,277,-99,-97,0,97,0,01,12,2,2200,302,32983797,011F0000,2494,26135,00,02
D,32984735,993,1042,1,3142,262,-99,-98,0,97,0,01,12,2,2200,302,32984801,011F0000,2494,27144,00,02
D,32985743,1008,1042,0,3142,270,-99,-98,0,97,0,01,12,2,2200,303,32985799,011F0000,2494,28139,00,02
D,32986763,1020,1043,1,3141,293,-99,-102,0,97,0,01,12,2,2200,303,32986859,011F0000,2494,29210,00,02
D,32987835,1072,1043,0,3141,362,-99,-95,0,97,0,01,12,2,2200,303,32987925,011F0000,2494,30276,00,02
D,32988754,919,1044,1,3140,292,-99,-104,0,97,0,01,12,2,2200,303,32988796,011F0000,2494,31132,00,02
D,32989709,955,1044,0,3140,239,-99,-103,0,98,0,01,12,2,2200,304,32989743,011F0000,2494,32076,00,02
D,32990726,1017,1044,0,3140,264,-99,-98,0,98,0,01,12,2,2200,304,32990808,011F0000,2494,33153,00,02
D,32991728,1002,1045,1,3139,258,-99,-102,0,98,0,01,12,2,2200,304,32991760,011F0000,2494,34092,00,02
D,32992699,971,1045,0,3139,233,-99,-103,0,98,0,01,12,2,2200,305,32992732,011F0000,2494,35064,00,02
D,32993708,1009,1046,1,3138,234,-99,-103,0,98,0,01,12,2,2200,305,32993741,011F0000,2494,36073,00,02
D,32994709,1001,1046,0,3138,250,-99,-103,0,98,0,01,12,2,2200,305,32994782,011F0000,2494,37123,00,02
D,32995726,1017,1046,0,3138,263,-99,-95,0,98,0,01,12,2,2200,306,32995762,011F0000,2494,38094,00,02
D,32996831,1105,1047,1,3137,371,-99,-97,0,98,0,01,12,2,2200,306,32996928,011F0000,2494,39281,00,02
D,32997951,1120,1047,0,3137,459,-99,-97,0,98,0,01,12,2,2200,306,32998131,011F0000,2494,40491,00,02
D,32998822,871,1048,1,3136,349,-99,-97,0,98,0,01,12,2,2200,307,32998911,011F0000,2494,41266,00,02
D,32999754,932,1048,0,3136,278,-99,-97,0,98,0,01,12,2,2200,307,32999806,011F0000,2494,42147,00,02
D,33000720,966,1048,0,3136,253,-99,-94,0,98,0,01,12,2,2200,307,33000785,011F0000,2494,43126,00,02
D,33001737,1017,1049,1,3135,271,-99,-98,0,98,0,01,12,2,2200,308,33001788,011F0000,2494,44126,00,02
D,33002757,1020,1049,0,3135,289,-99,-97,0,98,0,01,12,2,2200,308,33002853,011F0000,2494,45203,00,02
D,33003747,990,1050,1,3134,278,-99,-98,0,98,0,01,12,2,2200,308,33003799,011F0000,2494,46140,00,02
D,33004728,981,1050,0,3134,269,-98,-94,0,98,0,01,12,2,2200,308,33004793,011F0000,2494,47135,00,02
D,33005740,1012,1051,1,3133,273,-99,-106,0,98,0,01,12,2,2200,309,33005794,011F0000,2494,48134,00,02
D,33006754,1014,1051,0,3133,290,-99,-102,0,98,0,01,12,2,2200,309,33006849,011F0000,2494,49197,00,02
D,33007804,1050,1052,1,3132,328,-99,-102,0,98,0,01,12,2,2200,309,33007889,011F0000,2427,1,00,02
D,33008885,1081,1052,0,3132,323,-99,-97,0,99,0,01,12,2,2200,310,33008965,011F0000,2427,533,00,02
D,33009708,823,1052,0,3132,236,-99,-95,0,99,0,01,12,2,2200,310,33009742,011F0000,2427,1300,00,02
D,33010727,1019,1053,1,3131,268,-99,-106,0,99,0,01,12,2,2200,310,33010811,011F0000,2427,2379,00,02
D,33011707,980,1053,0,3131,247,-99,-102,0,99,0,01,12,2,2200,311,33011742,011F0000,2427,3301,00,02
D,33012700,993,1054,1,3130,235,-99,-103,0,99,0,01,12,2,2200,311,33012733,011F0000,2427,4291,00,02
D,33013693,993,1054,0,3130,235,-99,-103,0,99,0,01,12,2,2200,311,33013724,011F0000,2427,5283,00,02
D,33014723,1030,1054,0,3130,260,-100,-102,0,99,0,01,12,2,2200,312,33014796,011F0000,2427,6361,00,02
D,33015706,983,1055,1,3129,249,-100,-102,0,99,0,01,12,2,2200,312,33015741,011F0000,2427,7299,00,02
D,33016850,1144,1056,1,3128,361,-100,-105,0,99,0,01,12,2,2200,312,33016947,011F0000,2427,8527,00,02
D,33017873,1023,1056,0,3128,405,-100,-106,0,99,0,01,12,2,2200,313,33018069,011F0000,2427,9673,00,02
D,33018807,934,1057,1,3127,349,-100,-106,0,99,0,01,12,2,2200,313,33018928,011F0000,2427,10512,00,02
D,33019736,929,1057,0,3127,268,-101,-106,0,99,0,01,12,2,2200,313,33019787,011F0000,2427,11353,00,02
D,33020738,1002,1057,0,3127,268,-101,-106,0,99,0,01,12,2,2200,314,33020814,011F0000,2427,12381,00,02
D,33021744,1006,1058,1,3126,276,-101,-106,0,99,0,01,12,2,2200,314,33021812,011F0000,2427,13379,00,02
D,33022787,1043,1058,0,3126,312,-101,-105,0,99,0,01,12,2,2200,314,33022880,011F0000,2427,14467,00,02
D,33023726,939,1059,1,3125,255,-101,-106,0,99,0,01,12,2,2200,314,33023781,011F0000,2427,15342,00,02
D,33024751,1025,1059,0,3125,275,-102,-106,0,99,0,01,12,2,2200,315,33024819,011F0000,2427,16388,00,02
D,33025748,997,1060,1,3124,273,-102,-114,0,99,0,01,12,2,2200,315,33025813,011F0000,2427,17379,00,02
D,33026768,1020,1060,0,3124,308,-102,-110,0,99,0,01,12,2,2200,315,33026852,011F0000,2427,18425,00,02
D,33027783,1015,1060,0,3124,321,-102,-103,0,99,0,01,12,2,2200,316,33027888,011F0000,2427,19462,00,02
D,33028769,986,1061,1,3123,308,-103,-111,0,99,0,01,12,2,2200,316,33028812,011F0000,2427,20375,00,02
D,33029706,937,1061,0,3123,236,-103,-103,0,99,0,01,12,2,2200,316,33029742,011F0000,2427,21301,00,02
D,33030735,1029,1061,0,3123,263,-103,-106,0,100,0,01,12,2,2200,317,33030811,011F0000,2427,22377,00,02
D,33031726,991,1062,1,3122,260,-103,-110,0,100,0,01,12,2,2200,317,33031763,011F0000,2427,23321,00,02
D,33032702,976,1062,0,3122,236,-103,-102,0,100,0,01,12,2,2200,317,33032737,011F0000,2427,24295,00,02
D,33033700,998,1063,1,3121,234,-103,-110,0,100,0,01,12,2,2200,318,33033734,011F0000,2427,25292,00,02
D,33034708,1008,1063,0,3121,249,-103,-103,0,100,0,01,12,2,2200,318,33034778,011F0000,2427,26343,00,02
D,33035728,1020,1063,0,3121,260,-103,-102,0,100,0,01,12,2,2200,318,33035761,011F0000,2427,27319,00,02
D,33036844,1116,1064,1,3120,360,-103,-105,0,100,0,01,12,2,2200,319,33036944,011F0000,2427,28523,00,02
D,33037889,1045,1064,0,3120,422,-103,-97,0,100,0,01,12,2,2200,319,33038097,011F0000,2427,29692,00,02
D,33038810,921,1065,1,3119,347,-103,-102,0,100,0,01,12,2,2200,319,33038912,011F0000,2427,30494,00,02
D,33039738,928,1065,0,3119,275,-103,-106,0,100,0,01,12,2,2200,320,33039785,011F0000,2427,31350,00,02
D,33040717,979,1066,1,3118,250,-103,-110,0,100,0,01,12,2,2200,320,33040785,011F0000,2427,32352,00,02
D,33041739,1022,1066,0,3118,271,-104,-106,0,100,0,01,12,2,2200,320,33041785,011F0000,2427,33347,00,02
D,33042759,1020,1067,1,3117,291,-104,-106,0,100,0,01,12,2,2200,321,33042853,011F0000,2427,34427,00,02
D,33043743,984,1067,0,3117,274,-104,-106,0,100,0,01,12,2,2200,321,33043796,011F0000,2427,35360,00,02
D,33044724,981,1068,1,3116,261,-104,-114,0,100,0,01,12,2,2200,321,33044790,011F0000,2427,36358,00,02
D,33045749,1025,1068,0,3116,273,-104,-106,0,100,0,01,12,2,2200,322,33045806,011F0000,2427,37370,00,02
D,33046765,1016,1068,0,3116,303,-104,-102,0,100,0,01,12,2,2200,322,33046852,011F0000,2427,38427,00,02
D,33047786,1021,1069,1,3115,320,-104,-103,0,100,0,01,12,2,2200,322,33047897,011F0000,2427,39471,00,02
D,33048774,988,1069,0,3115,303,-104,-103,0,100,0,01,12,2,2200,322,33048825,011F0000,2427,40389,00,02
D,33049710,936,1069,0,3115,241,-104,-95,0,101,0,01,12,2,2200,323,33049743,011F0000,2427,41301,00,02
D,33050733,1023,1070,1,3114,266,-104,-102,0,101,0,01,12,2,2200,323,33050811,011F0000,2427,42377,00,02
D,33051730,997,1070,0,3114,258,-104,-102,0,101,0,01,12,2,2200,323,33051765,011F0000,2427,43323,00,02
D,33052703,973,1071,1,3113,236,-104,-103,0,101,0,01,12,2,2200,324,33052736,011F0000,2427,44294,00,02
D,33053695,992,1071,0,3113,234,-103,-103,0,101,0,01,12,2,2200,324,33053729,011F0000,2427,45288,00,02
D,33054718,1023,1072,1,3112,252,-103,-102,0,101,0,01,12,2,2200,324,33054791,011F0000,2427,46357,00,02
D,33055734,1016,1072,0,3112,260,-103,-102,0,101,0,01,12,2,2200,325,33055766,011F0000,2427,47324,00,02
D,33056828,1094,1072,0,3112,339,-103,-97,0,101,0,01,12,2,2200,325,33056928,011F0000,2427,48506,00,02
D,33057948,1120,1073,1,3111,468,-103,-105,0,101,0,01,12,2,2200,325,33058138,011F0000,2427,49722,00,02
D,33058825,877,1073,0,3111,348,-103,-97,0,101,0,01,12,2,2200,326,33058927,011F0000,2369,1,00,02
D,33059904,1079,1074,1,3110,288,-103,-105,0,101,0,01,12,2,2200,326,33060006,011F0000,2369,512,00,02
D,33060727,823,1074,0,3110,262,-103,-102,0,101,0,01,12,2,2200,326,33060772,011F0000,2369,1264,00,02
D,33061730,1003,1075,1,3109,264,-103,-106,0,101,0,01,12,2,2200,327,33061790,011F0000,2369,2289,00,02
D,33062762,1032,1075,0,3109,300,-103,-106,0,101,0,01,12,2,2200,327,33062858,011F0000,2369,3370,00,02
D,33063751,989,1075,0,3109,280,-103,-97,0,101,0,01,12,2,2200,327,33063806,011F0000,2369,4302,00,02
D,33064738,987,1076,1,3108,269,-103,-106,0,101,0,01,12,2,2200,328,33064802,011F0000,2369,5305,00,02
D,33065748,1010,1076,0,3108,276,-103,-106,0,101,0,01,12,2,2200,328,33065810,011F0000,2369,6308,00,02
D,33066769,1021,1077,1,3107,295,-104,-110,0,101,0,01,12,2,2200,328,33066862,011F0000,2369,7372,00,02
D,33067843,1074,1077,0,3107,373,-103,-102,0,102,0,01,12,2,2200,329,33067931,011F0000,2369,8442,00,02
D,33068761,918,1078,1,3106,296,-104,-111,0,102,0,01,12,2,2200,329,33068810,011F0000,2369,9305,00,02
D,33069706,945,1078,0,3106,241,-104,-103,0,102,0,01,12,2,2200,329,33069739,011F0000,2369,10232,00,02
D,33070729,1023,1078,0,3106,268,-103,-98,0,102,0,01,12,2,2200,330,33070812,011F0000,2369,11312,00,02
D,33071716,987,1079,1,3105,250,-103,-102,0,102,0,01,12,2,2200,330,33071748,011F0000,2369,12240,00,02
D,33072701,985,1080,1,3104,237,-104,-110,0,102,0,01,12,2,2200,330,33072735,011F0000,2369,13227,00,02
D,33073694,993,1080,0,3104,234,-104,-103,0,102,0,01,12,2,2200,331,33073727,011F0000,2369,14219,00,02
D,33074716,1022,1080,0,3104,256,-104,-102,0,102,0,01,12,2,2200,331,33074787,011F0000,2369,15286,00,02
D,33075731,1015,1081,1,3103,256,-104,-102,0,102,0,01,12,2,2200,331,33075766,011F0000,2369,16258,00,02
D,33076845,1114,1081,0,3103,372,-104,-106,0,102,0,01,12,2,2200,332,33076941,011F0000,2369,17453,00,02
D,33077883,1038,1082,1,3102,410,-104,-105,0,102,0,01,12,2,2200,332,33078099,011F0000,2369,18630,00,02
D,33078825,942,1082,0,3102,349,-104,-106,0,102,0,01,12,2,2200,332,33078950,011F0000,2369,19471,00,02
D,33079745,920,1082,0,3102,272,-104,-106,0,102,0,01,12,2,2200,332,33079797,011F0000,2369,20297,00,02
D,33080716,971,1083,1,3101,253,-104,-110,0,102,0,01,12,2,2200,333,33080782,011F0000,2369,21283,00,02
D,33081735,1019,1083,0,3101,269,-104,-106,0,102,0,01,12,2,2200,333,33081785,011F0000,2369,22283,00,02
D,33082752,1017,1083,0,3101,293,-104,-97,0,102,0,01,12,2,2200,333,33082847,011F0000,2369,23354,00,02
D,33083736,984,1084,1,3100,274,-104,-106,0,102,0,01,12,2,2200,334,33083797,011F0000,2369,24296,00,02
D,33084739,1003,1085,1,3099,264,-104,-106,0,102,0,01,12,2,2200,334,33084805,011F0000,2369,25306,00,02
D,33085745,1006,1085,0,3099,271,-104,-106,0,102,0,01,12,2,2200,334,33085803,011F0000,2369,26302,00,02
D,33086765,1020,1085,0,3099,299,-104,-102,0,102,0,01,12,2,2200,335,33086851,011F0000,2369,27358,00,02
D,33087784,1019,1086,1,3098,319,-104,-110,0,102,0,01,12,2,2200,335,33087893,011F0000,2369,28401,00,02
D,33088771,987,1086,0,3098,305,-104,-103,0,102,0,01,12,2,2200,335,33088820,011F0000,2369,29317,00,02
D,33089702,931,1087,1,3097,237,-104,-111,0,103,0,01,12,2,2200,336,33089736,011F0000,2369,30228,00,02
D,33090727,1025,1087,0,3097,264,-105,-106,0,103,0,01,12,2,2200,336,33090800,011F0000,2369,31300,00,02
D,33091722,995,1087,0,3097,263,-104,-102,0,103,0,01,12,2,2200,336,33091756,011F0000,2369,32249,00,02
D,33092701,979,1088,1,3096,233,-104,-102,0,103,0,01,12,2,2200,337,33092732,011F0000,2369,33225,00,02
D,33093709,1008,1088,0,3096,234,-104,-103,0,103,0,01,12,2,2200,337,33093739,011F0000,2369,34232,00,02
D,33094709,1000,1088,0,3096,249,-104,-103,0,103,0,01,12,2,2200,337,33094779,011F0000,2369,35278,00,02
D,33095726,1017,1089,1,3095,263,-104,-102,0,103,0,01,12,2,2200,338,33095762,011F0000,2369,36254,00,02
D,33096834,1108,1089,0,3095,357,-104,-97,0,103,0,01,12,2,2200,338,33096931,011F0000,2369,37445,00,02
D,33097937,1103,1090,1,3094,455,-104,-105,0,103,0,01,12,2,2200,339,33098132,011F0000,2369,38649,00,02
D,33098798,861,1090,0,3094,338,-104,-98,0,103,0,01,12,2,2200,339,33098890,011F0000,2369,39409,00,02
D,33099744,946,1091,1,3093,277,-104,-106,0,103,0,01,12,2,2200,339,33099793,011F0000,2369,40293,00,02
D,33100711,967,1091,0,3093,251,-104,-102,0,103,0,01,12,2,2200,339,33100778,011F0000,2369,41280,00,02
D,33101742,1031,1092,1,3092,271,-104,-106,0,103,0,01,12,2,2200,340,33101790,011F0000,2369,42287,00,02
D,33102762,1020,1092,0,3092,288,-104,-97,0,103,0,01,12,2,2200,340,33102861,011F0000,2369,43372,00,02
D,33103736,974,1092,0,3092,278,-103,-98,0,103,0,01,12,2,2200,340,33103785,011F0000,2369,44283,00,02
D,33104721,985,1093,1,3091,263,-103,-106,0,103,0,01,12,2,2200,341,33104786,011F0000,2369,45288,00,02
D,33105733,1012,1093,0,3091,273,-103,-98,0,103,0,01,12,2,2200,341,33105787,011F0000,2369,46284,00,02
D,33106757,1024,1094,1,3090,291,-103,-102,0,103,0,01,12,2,2200,341,33106856,011F0000,2369,47366,00,02
D,33107799,1042,1094,0,3090,338,-103,-103,0,103,0,01,12,2,2200,342,33107899,011F0000,2369,48408,00,02
D,33108770,971,1095,1,3089,299,-103,-103,0,103,0,01,12,2,2200,342,33108816,011F0000,2369,49313,00,02
D,33109699,929,1095,0,3089,240,-103,-103,0,103,0,01,12,2,2200,342,33109733,011F0000,2311,2,00,02
D,33110747,1048,1096,1,3088,273,-103,-106,0,104,0,01,12,2,2200,343,33110833,011F0000,2311,537,00,02
D,33111723,976,1096,0,3088,259,-103,-102,0,104,0,01,12,2,2200,343,33111756,011F0000,2311,1451,00,02
D,33112696,973,1096,0,3088,235,-103,-103,0,104,0,01,12,2,2200,343,33112729,011F0000,2311,2425,00,02
D,33113692,996,1097,1,3087,235,-103,-110,0,104,0,01,12,2,2200,344,33113724,011F0000,2311,3419,00,02
D,33114715,1023,1097,0,3087,256,-103,-102,0,104,0,01,12,2,2200,344,33114789,011F0000,2311,4491,00,02
D,33115723,1008,1098,1,3086,256,-103,-102,0,104,0,01,12,2,2200,344,33115755,011F0000,2311,5451,00,02
D,33116821,1098,1098,0,3086,356,-103,-106,0,104,0,01,12,2,2200,345,33116918,011F0000,2311,6636,00,02
D,33117910,1089,1099,1,3085,443,-104,-105,0,104,0,01,12,2,2200,345,33118121,011F0000,2311,7848,00,02
D,33118808,898,1099,0,3085,338,-104,-106,0,104,0,01,12,2,2200,345,33118917,011F0000,2311,8639,00,02
D,33119738,930,1100,1,3084,272,-104,-106,0,104,0,01,12,2,2200,346,33119790,011F0000,2311,9490,00,02
D,33120735,997,1100,0,3084,265,-104,-106,0,104,0,01,12,2,2200,346,33120813,011F0000,2311,10518,00,02
D,33121737,1002,1101,1,3083,276,-104,-114,0,104,0,01,12,2,2200,346,33121804,011F0000,2311,11507,00,02
D,33122764,1027,1101,0,3083,306,-104,-106,0,104,0,01,12,2,2200,347,33122860,011F0000,2311,12575,00,02
D,33123739,975,1101,0,3083,265,-104,-106,0,104,0,01,12,2,2200,347,33123795,011F0000,2311,13495,00,02
D,33124746,1007,1102,1,3082,273,-105,-114,0,104,0,01,12,2,2200,347,33124816,011F0000,2311,14522,00,02
D,33125731,985,1102,0,3082,272,-105,-106,0,104,0,01,12,2,2200,348,33125796,011F0000,2311,15502,00,02
D,33126783,1052,1103,1,3081,307,-105,-110,0,104,0,01,12,2,2200,348,33126872,011F0000,2311,16590,00,02
D,33127765,982,1103,0,3081,303,-105,-111,0,104,0,01,12,2,2200,348,33127885,011F0000,2311,17594,00,02
D,33128763,998,1103,0,3081,299,-105,-103,0,105,0,01,12,2,2200,349,33128809,011F0000,2311,18511,00,02
D,33129708,945,1104,1,3080,237,-105,-111,0,105,0,01,12,2,2200,349,33129743,011F0000,2311,19438,00,02
D,33130744,1036,1104,0,3080,269,-105,-106,0,105,0,01,12,2,2200,349,33130824,011F0000,2311,20529,00,02
D,33131720,976,1105,1,3079,251,-105,-110,0,105,0,01,12,2,2200,350,33131751,011F0000,2311,21447,00,02
D,33132697,977,1105,0,3079,235,-105,-103,0,105,0,01,12,2,2200,350,33132732,011F0000,2311,22427,00,02
D,33133708,1011,1106,1,3078,233,-106,-110,0,105,0,01,12,2,2200,350,33133743,011F0000,2311,23439,00,02
D,33134725,1017,1106,0,3078,254,-106,-106,0,105,0,01,12,2,2200,351,33134799,011F0000,2311,24504,00,02
D,33135715,990,1106,0,3078,255,-105,-102,0,105,0,01,12,2,2200,351,33135748,011F0000,2311,25443,00,02
D,33136841,1126,1107,1,3077,358,-105,-105,0,105,0,01,12,2,2200,351,33136936,011F0000,2311,26653,00,02
D,33137873,1032,1107,0,3077,408,-105,-106,0,105,0,01,12,2,2200,352,33138060,011F0000,2311,27806,00,02
D,33138816,943,1108,1,3076,349,-105,-106,0,105,0,01,12,2,2200,352,33138945,011F0000,2311,28670,00,02
D,33139742,926,1108,0,3076,269,-105,-106,0,105,0,01,12,2,2200,352,33139795,011F0000,2311,29496,00,02
D,33140716,974,1109,1,3075,252,-106,-110,0,105,0,01,12,2,2200,353,33140779,011F0000,2311,30483,00,02
D,33141728,1012,1109,0,3075,268,-106,-106,0,105,0,01,12,2,2200,353,33141777,011F0000,2311,31480,00,02
D,33142769,1041,1109,0,3075,297,-106,-106,0,105,0,01,12,2,2200,353,33142861,011F0000,2311,32572,00,02
D,33143726,957,1110,1,3074,268,-106,-106,0,105,0,01,12,2,2200,354,33143782,011F0000,2311,33483,00,02
D,33144728,1002,1110,0,3074,262,-106,-106,0,105,0,01,12,2,2200,354,33144795,011F0000,2311,34501,00,02
D,33145736,1008,1111,1,3073,273,-106,-106,0,105,0,01,12,2,2200,354,33145794,011F0000,2311,35496,00,02
D,33146770,1034,1111,0,3073,302,-106,-102,0,105,0,01,12,2,2200,355,33146857,011F0000,2311,36569,00,02
D,33147779,1009,1112,1,3072,314,-106,-110,0,105,0,01,12,2,2200,355,33147890,011F0000,2311,37600,00,02
D,33148763,984,1112,0,3072,302,-106,-103,0,105,0,01,12,2,2200,355,33148810,011F0000,2311,38514,00,02
D,33149712,949,1112,0,3072,238,-105,-103,0,106,0,01,12,2,2200,356,33149748,011F0000,2311,39444,00,02
D,33150740,1028,1113,1,3071,265,-105,-106,0,106,0,01,12,2,2200,356,33150817,011F0000,2311,40522,00,02
D,33151730,990,1113,0,3071,256,-105,-102,0,106,0,01,12,2,2200,356,33151764,011F0000,2311,41459,00,02
D,33152698,968,1114,1,3070,234,-105,-103,0,106,0,01,12,2,2200,357,33152733,011F0000,2311,42428,00,02
D,33153710,1012,1115,1,3069,235,-105,-110,0,106,0,01,12,2,2200,357,33153741,011F0000,2311,43437,00,02
D,33154708,998,1115,0,3069,249,-106,-110,0,106,0,01,12,2,2200,357,33154780,011F0000,2311,44484,00,02
D,33155722,1014,1116,1,3068,261,-106,-110,0,106,0,01,12,2,2200,358,33155758,011F0000,2311,45454,00,02
D,33156836,1114,1116,0,3068,353,-106,-106,0,106,0,01,12,2,2200,358,33156933,011F0000,2311,46650,00,02
D,33157878,1042,1116,0,3068,416,-106,-105,0,106,0,01,12,2,2200,359,33158076,011F0000,2311,47817,00,02
D,33158827,949,1116,0,3068,359,-106,-106,0,106,0,01,12,2,2200,359,33158946,011F0000,2311,48673,00,02
D,33159744,917,1117,1,3067,272,-106,-106,0,106,0,01,12,2,2200,359,33159798,011F0000,2311,49499,00,02
D,33160717,973,1118,1,3066,253,-106,-110,0,106,0,01,12,2,2200,359,33160781,011F0000,2253,1,00,02
D,33161733,1016,1118,0,3066,275,-106,-106,0,106,0,01,12,2,2200,360,33161810,011F0000,2253,482,00,02
D,33162769,1036,1118,0,3066,305,-106,-106,0,106,0,01,12,2,2200,360,33162868,011F0000,2253,1550,00,02
D,33163724,955,1119,1,3065,268,-106,-106,0,106,0,01,12,2,2200,360,33163779,011F0000,2253,2451,00,02
D,33164731,1007,1120,1,3064,268,-106,-114,0,106,0,01,12,2,2200,361,33164798,011F0000,2253,3469,00,02
D,33165739,1008,1120,0,3064,273,-107,-114,0,106,0,01,12,2,2200,361,33165803,011F0000,2253,4475,00,02
D,33166771,1032,1120,0,3064,303,-107,-110,0,106,0,01,12,2,2200,361,33166860,011F0000,2253,5539,00,02
D,33167794,1023,1121,1,3063,323,-107,-110,0,106,0,01,12,2,2200,362,33167886,011F0000,2253,6566,00,02
D,33168767,973,1122,1,3062,305,-107,-119,0,106,0,01,12,2,2200,362,33168819,011F0000,2253,7490,00,02
D,33169707,940,1122,0,3062,236,-107,-111,0,106,0,01,12,2,2200,362,33169740,011F0000,2253,8403,00,02
D,33170733,1026,1122,0,3062,268,-107,-106,0,107,0,01,12,2,2200,363,33170811,011F0000,2253,9483,00,02
D,33171722,989,1123,1,3061,251,-107,-110,0,107,0,01,12,2,2200,363,33171753,011F0000,2253,10416,00,02
D,33172700,978,1123,0,3061,235,-108,-110,0,107,0,01,12,2,2200,363,33172734,011F0000,2253,11397,00,02
D,33173693,993,1124,1,3060,233,-108,-118,0,107,0,01,12,2,2200,364,33173727,011F0000,2253,12391,00,02
D,33174727,1034,1124,0,3060,256,-108,-110,0,107,0,01,12,2,2200,364,33174800,011F0000,2253,13471,00,02
D,33175717,990,1124,0,3060,256,-108,-110,0,107,0,01,12,2,2200,365,33175749,011F0000,2253,14412,00,02
D,33176831,1114,1125,1,3059,368,-108,-114,0,107,0,01,12,2,2200,365,33176932,011F0000,2253,15617,00,02
D,33177922,1091,1125,0,3059,446,-108,-105,0,107,0,01,12,2,2200,365,33178122,011F0000,2253,16813,00,02
D,33178812,890,1126,1,3058,349,-108,-114,0,107,0,01,12,2,2200,366,33178908,011F0000,2253,17599,00,02
D,33179736,924,1126,0,3058,273,-109,-114,0,107,0,01,12,2,2200,366,33179783,011F0000,2253,18454,00,02
D,33180713,977,1126,0,3058,250,-109,-110,0,107,0,01,12,2,2200,366,33180778,011F0000,2253,19449,00,02
D,33181738,1025,1127,1,3057,275,-109,-114,0,107,0,01,12,2,2200,367,33181784,011F0000,2253,20452,00,02
D,33182758,1020,1127,0,3057,290,-109,-106,0,107,0,01,12,2,2200,367,33182850,011F0000,2253,21530,00,02
D,33183737,979,1128,1,3056,276,-109,-106,0,107,0,01,12,2,2200,367,33183788,011F0000,2253,22457,00,02
D,33184728,991,1128,0,3056,268,-109,-106,0,107,0,01,12,2,2200,368,33184793,011F0000,2253,23466,00,02
D,33185739,1011,1129,1,3055,273,-108,-106,0,107,0,01,12,2,2200,368,33185793,011F0000,2253,24461,00,02
D,33186766,1027,1129,0,3055,298,-108,-102,0,107,0,01,12,2,2200,368,33186858,011F0000,2253,25540,00,02
D,33187780,1014,1130,1,3054,320,-108,-110,0,107,0,01,12,2,2200,369,33187891,011F0000,2253,26572,00,02
D,33188777,997,1130,0,3054,307,-108,-111,0,107,0,01,12,2,2200,369,33188825,011F0000,2253,27493,00,02
D,33189701,924,1131,1,3053,236,-109,-119,0,107,0,01,12,2,2200,369,33189734,011F0000,2253,28398,00,02
D,33190742,1041,1131,0,3053,267,-109,-106,0,108,0,01,12,2,2200,370,33190820,011F0000,2253,29494,00,02
D,33191723,981,1131,0,3053,257,-108,-102,0,108,0,01,12,2,2200,370,33191757,011F0000,2253,30420,00,02
D,33192694,971,1132,1,3052,235,-108,-110,0,108,0,01,12,2,2200,370,33192727,011F0000,2253,31391,00,02
D,33193708,1014,1132,0,3052,234,-109,-110,0,108,0,01,12,2,2200,371,33193740,011F0000,2253,32403,00,02
D,33194714,1006,1133,1,3051,255,-109,-110,0,108,0,01,12,2,2200,371,33194790,011F0000,2253,33463,00,02
D,33195728,1014,1133,0,3051,257,-108,-102,0,108,0,01,12,2,2200,371,33195759,011F0000,2253,34422,00,02
D,33196835,1107,1134,1,3050,347,-109,-114,0,108,0,01,12,2,2200,372,33196931,011F0000,2253,35615,00,02
D,33197895,1060,1134,0,3050,434,-108,-105,0,108,0,01,12,2,2200,372,33198100,011F0000,2253,36802,00,02
D,33198809,914,1135,1,3049,344,-108,-106,0,108,0,01,12,2,2200,372,33198926,011F0000,2253,37614,00,02
D,33199745,936,1135,0,3049,272,-108,-106,0,108,0,01,12,2,2200,373,33199793,011F0000,2253,38461,00,02
D,33200718,973,1136,1,3048,255,-108,-110,0,108,0,01,12,2,2200,373,33200786,011F0000,2253,39459,00,02
D,33201745,1027,1136,0,3048,271,-108,-106,0,108,0,01,12,2,2200,373,33201791,011F0000,2253,40459,00,02
D,33202764,1019,1137,1,3047,294,-108,-114,0,108,0,01,12,2,2200,374,33202860,011F0000,2253,41539,00,02
D,33203746,982,1137,0,3047,275,-108,-106,0,108,0,01,12,2,2200,374,33203801,011F0000,2253,42470,00,02
D,33204733,987,1138,1,3046,261,-109,-114,0,108,0,01,12,2,2200,375,33204803,011F0000,2253,43475,00,02
D,33205741,1008,1138,0,3046,273,-109,-114,0,108,0,01,12,2,2200,375,33205795,011F0000,2253,44464,00,02
D,33206776,1035,1138,0,3046,300,-109,-110,0,108,0,01,12,2,2200,375,33206864,011F0000,2253,45544,00,02
D,33207784,1008,1139,1,3045,322,-109,-110,0,109,0,01,12,2,2200,376,33207885,011F0000,2253,46568,00,02
D,33208779,995,1140,1,3044,304,-109,-119,0,109,0,01,12,2,2200,376,33208828,011F0000,2253,47498,00,02
D,33209711,932,1140,0,3044,236,-109,-111,0,109,0,01,12,2,2200,376,33209744,011F0000,2253,48408,00,02
D,33210746,1035,1141,1,3043,270,-110,-122,0,109,0,01,12,2,2200,377,33210823,011F0000,2253,49496,00,02
D,33211717,971,1141,0,3043,255,-110,-118,0,109,0,01,12,2,2200,377,33211749,011F0000,2201,1,00,02
D,33212711,994,1141,0,3043,247,-110,-110,0,109,0,01,12,2,2200,377,33212777,011F0000,2201,503,00,02
D,33213710,999,1142,1,3042,248,-110,-118,0,109,0,01,12,2,2200,378,33213746,011F0000,2201,1468,00,02
D,33214729,1019,1142,0,3042,254,-111,-114,0,109,0,01,12,2,2200,378,33214801,011F0000,2201,2530,00,02
D,33215733,1004,1143,1,3041,259,-111,-118,0,109,0,01,12,2,2200,378,33215769,011F0000,2201,3490,00,02
D,33216834,1101,1143,0,3041,352,-111,-114,0,109,0,01,12,2,2200,379,33216934,011F0000,2201,4677,00,02
D,33217920,1086,1144,1,3040,447,-111,-113,0,109,0,01,12,2,2200,379,33218117,011F0000,2201,5868,00,02
D,33218806,886,1145,1,3039,343,-112,-122,0,109,0,01,12,2,2200,379,33218908,011F0000,2201,6656,00,02
D,33219737,931,1145,0,3039,270,-112,-114,0,109,0,01,12,2,2200,380,33219786,011F0000,2201,7513,00,02
D,33220723,986,1145,0,3039,259,-112,-110,0,109,0,01,12,2,2200,380,33220801,011F0000,2201,8531,00,02
D,33221744,1021,1146,1,3038,278,-112,-122,0,109,0,01,12,2,2200,380,33221811,011F0000,2201,9539,00,02
D,33222785,1041,1146,0,3038,310,-112,-114,0,109,0,01,12,2,2200,381,33222881,011F0000,2201,10635,00,02
D,33223739,954,1146,0,3038,264,-112,-114,0,109,0,01,12,2,2200,381,33223792,011F0000,2201,11517,00,02
D,33224746,1007,1147,1,3037,275,-112,-114,0,109,0,01,12,2,2200,381,33224813,011F0000,2201,12544,00,02
D,33225741,995,1147,0,3037,274,-112,-114,0,109,0,01,12,2,2200,382,33225806,011F0000,2201,13535,00,02
D,33226784,1043,1148,1,3036,307,-112,-118,0,109,0,01,12,2,2200,382,33226877,011F0000,2201,14626,00,02
D,33227802,1018,1148,0,3036,329,-112,-110,0,109,0,01,12,2,2200,383,33227905,011F0000,2201,15643,00,02
D,33228771,969,1149,1,3035,304,-113,-119,0,109,0,01,12,2,2200,383,33228819,011F0000,2201,16545,00,02
D,33229702,931,1149,0,3035,236,-113,-111,0,109,0,01,12,2,2200,383,33229737,011F0000,2201,17459,00,02
D,33230740,1038,1150,1,3034,266,-113,-114,0,110,0,01,12,2,2200,384,33230821,011F0000,2201,18553,00,02
D,33231715,975,1150,0,3034,254,-112,-110,0,110,0,01,12,2,2200,384,33231745,011F0000,2201,19467,00,02
D,33232695,980,1150,0,3034,236,-112,-110,0,110,0,01,12,2,2200,384,33232730,011F0000,2201,20451,00,02
D,33233695,1000,1151,1,3033,237,-112,-111,0,110,0,01,12,2,2200,385,33233729,011F0000,2201,21451,00,02
D,33234728,1033,1152,1,3032,253,-113,-118,0,110,0,01,12,2,2200,385,33234805,011F0000,2201,22536,00,02
D,33235729,1001,1152,0,3032,259,-112,-110,0,110,0,01,12,2,2200,385,33235760,011F0000,2201,23482,00,02
D,33236831,1102,1152,0,3032,364,-113,-114,0,110,0,01,12,2,2200,386,33236928,011F0000,2201,24670,00,02
D,33237903,1072,1153,1,3031,434,-113,-113,0,110,0,01,12,2,2200,386,33238110,011F0000,2201,25865,00,02
D,33238819,916,1153,0,3031,346,-112,-106,0,110,0,01,12,2,2200,386,33238941,011F0000,2201,26692,00,02
D,33239739,920,1154,1,3030,272,-112,-114,0,110,0,01,12,2,2200,387,33239789,011F0000,2201,27516,00,02
D,33240727,988,1154,0,3030,255,-112,-110,0,110,0,01,12,2,2200,387,33240794,011F0000,2201,28523,00,02
D,33241727,1000,1155,1,3029,268,-112,-114,0,110,0,01,12,2,2200,387,33241774,011F0000,2201,29502,00,02
D,33242753,1026,1155,0,3029,294,-112,-114,0,110,0,01,12,2,2200,388,33242848,011F0000,2201,30585,00,02
D,33243732,979,1156,1,3028,273,-112,-114,0,110,0,01,12,2,2200,388,33243787,011F0000,2201,31515,00,02
D,33244724,992,1156,0,3028,265,-112,-110,0,110,0,01,12,2,2200,388,33244789,011F0000,2201,32520,00,02
D,33245736,1012,1157,1,3027,273,-112,-114,0,110,0,01,12,2,2200,389,33245793,011F0000,2201,33522,00,02
D,33246759,1023,1157,0,3027,300,-112,-110,0,110,0,01,12,2,2200,389,33246847,011F0000,2201,34584,00,02
D,33247804,1045,1158,1,3026,328,-113,-118,0,111,0,01,12,2,2200,390,33247896,011F0000,2201,35632,00,02
D,33248776,972,1158,0,3026,305,-113,-111,0,111,0,01,12,2,2200,390,33248826,011F0000,2201,36552,00,02
D,33249701,925,1159,1,3025,234,-112,-111,0,111,0,01,12,2,2200,390,33249735,011F0000,2201,37456,00,02
D,33250741,1040,1159,0,3025,265,-113,-114,0,111,0,01,12,2,2200,391,33250818,011F0000,2201,38550,00,02
D,33251722,981,1160,1,3024,263,-113,-118,0,111,0,01,12,2,2200,391,33251758,011F0000,2201,39479,00,02
D,33252696,974,1160,0,3024,234,-113,-110,0,111,0,01,12,2,2200,391,33252729,011F0000,2201,40450,00,02
D,33253709,1013,1160,0,3024,234,-113,-111,0,111,0,01,12,2,2200,392,33253743,011F0000,2201,41465,00,02
D,33254718,1009,1161,1,3023,249,-113,-118,0,111,0,01,12,2,2200,392,33254789,011F0000,2201,42518,00,02
D,33255729,1011,1161,0,3023,265,-113,-110,0,111,0,01,12,2,2200,392,33255761,011F0000,2201,43482,00,02
D,33256836,1107,1162,1,3022,370,-113,-114,0,111,0,01,12,2,2200,393,33256935,011F0000,2201,44679,00,02
D,33257953,1117,1162,0,3022,466,-113,-113,0,111,0,01,12,2,2200,393,33258131,011F0000,2201,45879,00,02
D,33258800,847,1163,1,3021,337,-113,-114,0,111,0,01,12,2,2200,393,33258887,011F0000,2201,46628,00,02
D,33259746,946,1163,0,3021,278,-113,-114,0,111,0,01,12,2,2200,394,33259794,011F0000,2201,47524,00,02
D,33260713,967,1164,1,3020,250,-113,-118,0,111,0,01,12,2,2200,394,33260778,011F0000,2201,48508,00,02
D,33261735,1022,1164,0,3020,271,-113,-114,0,111,0,01,12,2,2200,394,33261783,011F0000,2201,49509,00,02
D,33262754,1019,1165,1,3019,286,-113,-122,0,111,0,01,12,2,2200,395,33262850,011F0000,2151,1,00,02
D,33263817,1063,1165,0,3019,282,-113,-113,0,111,0,01,12,2,2200,395,33263894,011F0000,2151,478,00,02
D,33264749,932,1166,1,3018,274,-113,-114,0,111,0,01,12,2,2200,396,33264819,011F0000,2151,1408,00,02
D,33265734,985,1166,0,3018,273,-113,-114,0,111,0,01,12,2,2200,396,33265797,011F0000,2151,2381,00,02
D,33266773,1039,1167,1,3017,301,-114,-118,0,111,0,01,12,2,2200,396,33266869,011F0000,2151,3467,00,02
D,33267808,1035,1167,0,3017,328,-114,-118,0,111,0,01,12,2,2200,397,33267899,011F0000,2151,4491,00,02
D,33268773,965,1167,0,3017,304,-114,-111,0,111,0,01,12,2,2200,397,33268828,011F0000,2151,5412,00,02
D,33269708,935,1168,1,3016,237,-114,-119,0,111,0,01,12,2,2200,397,33269742,011F0000,2151,6320,00,02
D,33270733,1025,1168,0,3016,269,-114,-114,0,112,0,01,12,2,2200,398,33270818,011F0000,2151,7407,00,02
D,33271723,990,1169,1,3015,250,-114,-118,0,112,0,01,12,2,2200,398,33271754,011F0000,2151,8331,00,02
D,33272702,979,1169,0,3015,234,-114,-110,0,112,0,01,12,2,2200,398,33272737,011F0000,2151,9314,00,02
D,33273699,997,1170,1,3014,235,-114,-118,0,112,0,01,12,2,2200,399,33273730,011F0000,2151,10307,00,02
D,33274729,1030,1170,0,3014,257,-114,-114,0,112,0,01,12,2,2200,399,33274803,011F0000,2151,11388,00,02
D,33275729,1000,1170,0,3014,255,-114,-110,0,112,0,01,12,2,2200,399,33275762,011F0000,2151,12340,00,02
D,33276828,1099,1171,1,3013,367,-114,-114,0,112,0,01,12,2,2200,400,33276926,011F0000,2151,13525,00,02
D,33277910,1082,1171,0,3013,443,-114,-105,0,112,0,01,12,2,2200,400,33278108,011F0000,2151,14723,00,02
D,33278811,901,1172,1,3012,341,-114,-114,0,112,0,01,12,2,2200,401,33278919,011F0000,2151,15524,00,02
D,33279741,930,1172,0,3012,273,-113,-106,0,112,0,01,12,2,2200,401,33279791,011F0000,2151,16373,00,02
D,33280729,988,1173,1,3011,255,-113,-110,0,112,0,01,12,2,2200,401,33280795,011F0000,2151,17382,00,02
D,33281736,1007,1173,0,3011,275,-113,-106,0,112,0,01,12,2,2200,402,33281782,011F0000,2151,18364,00,02
D,33282751,1015,1173,0,3011,290,-113,-106,0,112,0,01,12,2,2200,402,33282844,011F0000,2151,19437,00,02
D,33283753,1002,1174,1,3010,278,-113,-114,0,112,0,01,12,2,2200,402,33283807,011F0000,2151,20390,00,02
D,33284731,978,1174,0,3010,263,-112,-106,0,112,0,01,12,2,2200,403,33284796,011F0000,2151,21383,00,02
D,33285737,1006,1175,1,3009,273,-112,-114,0,112,0,01,12,2,2200,403,33285792,011F0000,2151,22375,00,02
D,33286762,1025,1175,0,3009,296,-112,-110,0,112,0,01,12,2,2200,403,33286848,011F0000,2151,23443,00,02
D,33287786,1024,1176,1,3008,325,-112,-110,0,112,0,01,12,2,2200,404,33287886,011F0000,2151,24479,00,02
D,33288768,982,1177,1,3007,307,-113,-119,0,112,0,01,12,2,2200,404,33288823,011F0000,2151,25406,00,02
D,33289700,932,1177,0,3007,235,-112,-111,0,112,0,01,12,2,2200,404,33289734,011F0000,2151,26311,00,02
D,33290726,1026,1177,0,3007,263,-112,-106,0,112,0,01,12,2,2200,405,33290804,011F0000,2151,27392,00,02
D,33291725,999,1178,1,3006,258,-112,-110,0,112,0,01,12,2,2200,405,33291757,011F0000,2151,28334,00,02
D,33292706,981,1179,1,3005,234,-112,-118,0,113,0,01,12,2,2200,406,33292740,011F0000,2151,29317,00,02
D,33293696,990,1179,0,3005,234,-112,-110,0,113,0,01,12,2,2200,406,33293731,011F0000,2151,30308,00,02
D,33294721,1025,1180,1,3004,250,-113,-118,0,113,0,01,12,2,2200,406,33294794,011F0000,2151,31378,00,02
D,33295737,1016,1180,0,3004,262,-113,-114,0,113,0,01,12,2,2200,407,33295769,011F0000,2151,32347,00,02
D,33296830,1093,1180,0,3004,365,-112,-106,0,113,0,01,12,2,2200,407,33296929,011F0000,2151,33529,00,02
D,33297926,1096,1181,1,3003,447,-112,-113,0,113,0,01,12,2,2200,407,33298124,011F0000,2151,34736,00,02
D,33298804,878,1182,1,3002,336,-113,-122,0,113,0,01,12,2,2200,408,33298907,011F0000,2151,35512,00,02
D,33299736,932,1182,0,3002,273,-113,-114,0,113,0,01,12,2,2200,408,33299783,011F0000,2151,36368,00,02
D,33300715,979,1182,0,3002,252,-113,-110,0,113,0,01,12,2,2200,408,33300780,011F0000,2151,37365,00,02
D,33301738,1023,1183,1,3001,272,-113,-114,0,113,0,01,12,2,2200,409,33301784,011F0000,2151,38366,00,02
D,33302771,1033,1183,0,3001,296,-113,-114,0,113,0,01,12,2,2200,409,33302863,011F0000,2151,39459,00,02
D,33303732,961,1184,1,3000,275,-113,-114,0,113,0,01,12,2,2200,410,33303784,011F0000,2151,40367,00,02
D,33304737,1005,1184,0,3000,267,-113,-114,0,113,0,01,12,2,2200,410,33304804,011F0000,2151,41392,00,02
D,33305750,1013,1185,1,2999,274,-113,-122,0,113,0,01,12,2,2200,410,33305804,011F0000,2151,42387,00,02
D,33306768,1018,1185,0,2999,300,-113,-118,0,113,0,01,12,2,2200,411,33306859,011F0000,2151,43456,00,02
D,33307778,1010,1186,1,2998,319,-114,-118,0,113,0,01,12,2,2200,411,33307886,011F0000,2151,44482,00,02
D,33308771,993,1186,0,2998,307,-114,-119,0,113,0,01,12,2,2200,411,33308825,011F0000,2151,45407,00,02
D,33309706,935,1187,1,2997,235,-114,-119,0,114,0,01,12,2,2200,412,33309741,011F0000,2151,46319,00,02
D,33310724,1018,1187,0,2997,267,-114,-118,0,114,0,01,12,2,2200,412,33310800,011F0000,2151,47386,00,02
D,33311728,1004,1188,1,2996,256,-114,-118,0,114,0,01,12,2,2200,412,33311764,011F0000,2151,48341,00,02
D,33312702,974,1188,0,2996,235,-114,-118,0,114,0,01,12,2,2200,413,33312736,011F0000,2151,49314,00,02
D,33313694,992,1188,0,2996,235,-115,-118,0,114,0,01,12,2,2200,413,33313727,011F0000,2103,1,00,02
D,33314732,1038,1189,1,2995,268,-115,-122,0,114,0,01,12,2,2200,414,33314812,011F0000,2103,544,00,02
D,33315726,994,1189,0,2995,259,-115,-118,0,114,0,01,12,2,2200,414,33315759,011F0000,2103,1483,00,02
D,33316828,1102,1190,1,2994,365,-115,-122,0,114,0,01,12,2,2200,414,33316927,011F0000,2103,2673,00,02
D,33317962,1134,1190,0,2994,472,-115,-113,0,114,0,01,12,2,2200,415,33318139,011F0000,2103,3891,00,02
D,33318811,849,1191,1,2993,335,-115,-114,0,114,0,01,12,2,2200,415,33318911,011F0000,2103,4659,00,02
D,33319731,920,1191,0,2993,272,-115,-114,0,114,0,01,12,2,2200,415,33319779,011F0000,2103,5511,00,02
D,33320720,989,1192,1,2992,260,-115,-118,0,114,0,01,12,2,2200,416,33320802,011F0000,2103,6537,00,02
D,33321752,1032,1192,0,2992,276,-115,-114,0,114,0,01,12,2,2200,416,33321816,011F0000,2103,7548,00,02
D,33322778,1026,1193,1,2991,303,-115,-114,0,114,0,01,12,2,2200,416,33322879,011F0000,2103,8636,00,02
D,33323719,941,1193,0,2991,262,-115,-114,0,114,0,01,12,2,2200,417,33323769,011F0000,2103,9497,00,02
D,33324742,1023,1193,0,2991,275,-115,-106,0,114,0,01,12,2,2200,417,33324811,011F0000,2103,10544,00,02
D,33325735,993,1194,1,2990,274,-114,-110,0,114,0,01,12,2,2200,418,33325800,011F0000,2103,11534,00,02
D,33326775,1040,1194,0,2990,302,-114,-110,0,114,0,01,12,2,2200,418,33326870,011F0000,2103,12614,00,02
D,33327778,1003,1195,1,2989,315,-114,-118,0,114,0,01,12,2,2200,418,33327885,011F0000,2103,13626,00,02
D,33328770,992,1195,0,2989,306,-114,-111,0,115,0,01,12,2,2200,419,33328821,011F0000,2103,14551,00,02
D,33329708,938,1196,1,2988,236,-114,-111,0,115,0,01,12,2,2200,419,33329742,011F0000,2103,15465,00,02
D,33330727,1019,1196,0,2988,264,-114,-114,0,115,0,01,12,2,2200,419,33330809,011F0000,2103,16543,00,02
D,33331720,993,1197,1,2987,250,-114,-118,0,115,0,01,12,2,2200,420,33331755,011F0000,2103,17478,00,02
D,33332707,987,1197,0,2987,236,-114,-110,0,115,0,01,12,2,2200,420,33332741,011F0000,2103,18465,00,02
D,33333698,991,1198,1,2986,233,-114,-118,0,115,0,01,12,2,2200,420,33333733,011F0000,2103,19457,00,02
D,33334729,1031,1198,0,2986,254,-114,-110,0,115,0,01,12,2,2200,421,33334799,011F0000,2103,20530,00,02
D,33335726,997,1199,1,2985,256,-114,-118,0,115,0,01,12,2,2200,421,33335761,011F0000,2103,21484,00,02
D,33336839,1113,1199,0,2985,370,-114,-114,0,115,0,01,12,2,2200,422,33336934,011F0000,2103,22681,00,02
D,33337865,1026,1200,1,2984,403,-114,-114,0,115,0,01,12,2,2200,422,33338046,011F0000,2103,23831,00,02
D,33338816,951,1200,0,2984,353,-114,-114,0,115,0,01,12,2,2200,422,33338939,011F0000,2103,24694,00,02
D,33339730,914,1201,1,2983,269,-114,-114,0,115,0,01,12,2,2200,423,33339784,011F0000,2103,25513,00,02
D,33340721,991,1201,0,2983,251,-114,-110,0,115,0,01,12,2,2200,423,33340785,011F0000,2103,26519,00,02
D,33341744,1023,1202,1,2982,271,-114,-114,0,115,0,01,12,2,2200,423,33341793,011F0000,2103,27523,00,02
D,33342763,1019,1202,0,2982,291,-114,-114,0,115,0,01,12,2,2200,424,33342852,011F0000,2103,28593,00,02
D,33343747,984,1203,1,2981,275,-114,-122,0,115,0,01,12,2,2200,424,33343806,011F0000,2103,29535,00,02
D,33344719,972,1203,0,2981,260,-115,-118,0,115,0,01,12,2,2200,425,33344791,011F0000,2103,30525,00,02
D,33345729,1010,1204,1,2980,271,-115,-122,0,115,0,01,12,2,2200,425,33345785,011F0000,2103,31515,00,02
D,33346757,1028,1204,0,2980,299,-115,-118,0,115,0,01,12,2,2200,425,33346844,011F0000,2103,32585,00,02
D,33347812,1055,1205,1,2979,336,-115,-118,0,115,0,01,12,2,2200,426,33347910,011F0000,2103,33649,00,02
D,33348763,951,1205,0,2979,298,-115,-119,0,115,0,01,12,2,2200,426,33348804,011F0000,2103,34534,00,02
D,33349698,935,1206,1,2978,237,-115,-119,0,115,0,01,12,2,2200,426,33349732,011F0000,2103,35456,00,02
D,33350724,1026,1206,0,2978,265,-115,-114,0,116,0,01,12,2,2200,427,33350804,011F0000,2103,36537,00,02
D,33351717,993,1207,1,2977,255,-115,-118,0,116,0,01,12,2,2200,427,33351749,011F0000,2103,37472,00,02
D,33352700,983,1207,0,2977,235,-116,-118,0,116,0,01,12,2,2200,427,33352735,011F0000,2103,38458,00,02
D,33353698,998,1208,1,2976,234,-116,-118,0,116,0,01,12,2,2200,428,33353732,011F0000,2103,39456,00,02
D,33354725,1027,1208,0,2976,249,-116,-118,0,116,0,01,12,2,2200,428,33354799,011F0000,2103,40531,00,02
D,33355734,1009,1208,0,2976,260,-116,-118,0,116,0,01,12,2,2200,429,33355766,011F0000,2103,41489,00,02
D,33356833,1099,1209,1,2975,360,-116,-122,0,116,0,01,12,2,2200,429,33356932,011F0000,2103,42676,00,02
D,33357905,1072,1209,0,2975,429,-116,-113,0,116,0,01,12,2,2200,429,33358113,011F0000,2103,43869,00,02
D,33358806,901,1210,1,2974,340,-116,-122,0,116,0,01,12,2,2200,430,33358912,011F0000,2103,44667,00,02
D,33359734,928,1210,0,2974,271,-116,-114,0,116,0,01,12,2,2200,430,33359784,011F0000,2103,45512,00,02
D,33360715,981,1211,1,2973,251,-116,-118,0,116,0,01,12,2,2200,430,33360782,011F0000,2103,46516,00,02
D,33361746,1031,1211,0,2973,270,-116,-114,0,116,0,01,12,2,2200,431,33361792,011F0000,2103,47520,00,02
D,33362760,1014,1212,1,2972,295,-116,-122,0,116,0,01,12,2,2200,431,33362854,011F0000,2103,48596,00,02
D,33363742,982,1212,0,2972,271,-116,-114,0,116,0,01,12,2,2200,432,33363796,011F0000,2103,49523,00,02
D,33364737,995,1212,0,2972,269,-116,-114,0,116,0,01,12,2,2200,432,33364803,011F0000,2055,1,00,02
D,33365743,1006,1213,1,2971,271,-116,-114,0,116,0,01,12,2,2200,432,33365817,011F0000,2055,471,00,02
D,33366776,1033,1214,1,2970,307,-116,-118,0,116,0,01,12,2,2200,433,33366869,011F0000,2055,1532,00,02
D,33367776,1000,1214,0,2970,313,-116,-118,0,116,0,01,12,2,2200,433,33367889,011F0000,2055,2548,00,02
D,33368766,990,1215,1,2969,308,-116,-119,0,116,0,01,12,2,2200,433,33368818,011F0000,2055,3469,00,02
D,33369703,937,1215,0,2969,234,-116,-119,0,117,0,01,12,2,2200,434,33369738,011F0000,2055,4382,00,02
D,33370730,1027,1215,0,2969,267,-116,-114,0,117,0,01,12,2,2200,434,33370804,011F0000,2055,5458,00,02
D,33371710,980,1216,1,2968,251,-116,-118,0,117,0,01,12,2,2200,434,33371743,011F0000,2055,6388,00,02
D,33372707,997,1216,0,2968,235,-116,-110,0,117,0,01,12,2,2200,435,33372738,011F0000,2055,7382,00,02
D,33373699,992,1217,1,2967,234,-116,-118,0,117,0,01,12,2,2200,435,33373731,011F0000,2055,8376,00,02
D,33374716,1017,1217,0,2967,254,-116,-110,0,117,0,01,12,2,2200,436,33374788,011F0000,2055,9441,00,02
D,33375718,1002,1218,1,2966,257,-116,-118,0,117,0,01,12,2,2200,436,33375755,011F0000,2055,10399,00,02
D,33376843,1125,1219,1,2965,352,-116,-122,0,117,0,01,12,2,2200,436,33376940,011F0000,2055,11606,00,02
D,33377945,1102,1219,0,2965,467,-116,-113,0,117,0,01,12,2,2200,437,33378134,011F0000,2055,12806,00,02
D,33378816,871,1220,1,2964,338,-116,-122,0,117,0,01,12,2,2200,437,33378926,011F0000,2055,13596,00,02
D,33379738,922,1220,0,2964,273,-116,-114,0,117,0,01,12,2,2200,438,33379786,011F0000,2055,14441,00,02
D,33380728,990,1221,1,2963,253,-117,-122,0,117,0,01,12,2,2200,438,33380794,011F0000,2055,15449,00,02
D,33381735,1007,1221,0,2963,270,-116,-114,0,117,0,01,12,2,2200,438,33381784,011F0000,2055,16436,00,02
D,33382760,1025,1222,1,2962,285,-117,-122,0,117,0,01,12,2,2200,439,33382857,011F0000,2055,17520,00,02
D,33383756,996,1222,0,2962,282,-117,-114,0,117,0,01,12,2,2200,439,33383807,011F0000,2055,18456,00,02
D,33384721,965,1223,1,2961,260,-117,-118,0,117,0,01,12,2,2200,439,33384786,011F0000,2055,19441,00,02
D,33385735,1014,1224,1,2960,273,-117,-130,0,117,0,01,12,2,2200,440,33385788,011F0000,2055,20439,00,02
D,33386760,1025,1224,0,2960,291,-117,-126,0,117,0,01,12,2,2200,440,33386857,011F0000,2055,21520,00,02
D,33387825,1065,1224,0,2960,349,-117,-118,0,117,0,01,12,2,2200,441,33387918,011F0000,2055,22578,00,02
D,33388776,951,1225,1,2959,301,-118,-127,0,117,0,01,12,2,2200,441,33388817,011F0000,2055,23467,00,02
D,33389706,930,1225,0,2959,235,-118,-119,0,117,0,01,12,2,2200,441,33389740,011F0000,2055,24385,00,02
D,33390728,1022,1226,1,2958,266,-118,-122,0,118,0,01,12,2,2200,442,33390812,011F0000,2055,25468,00,02
D,33391717,989,1226,0,2958,257,-118,-118,0,118,0,01,12,2,2200,442,33391746,011F0000,2055,26391,00,02
D,33392695,978,1227,1,2957,234,-118,-126,0,118,0,01,12,2,2200,442,33392728,011F0000,2055,27373,00,02
D,33393710,1015,1228,1,2956,235,-119,-126,0,118,0,01,12,2,2200,443,33393740,011F0000,2055,28384,00,02
D,33394721,1011,1228,0,2956,251,-119,-126,0,118,0,01,12,2,2200,443,33394794,011F0000,2055,29446,00,02
D,33395730,1009,1228,0,2956,260,-119,-126,0,118,0,01,12,2,2200,443,33395761,011F0000,2055,30405,00,02
D,33396836,1106,1229,1,2955,349,-119,-122,0,118,0,01,12,2,2200,444,33396933,011F0000,2055,31599,00,02
D,33397897,1061,1229,0,2955,428,-119,-122,0,118,0,01,12,2,2200,444,33398114,011F0000,2055,32792,00,02
D,33398816,919,1230,1,2954,344,-120,-122,0,118,0,01,12,2,2200,445,33398937,011F0000,2055,33608,00,02
D,33399747,931,1230,0,2954,271,-120,-122,0,118,0,01,12,2,2200,445,33399798,011F0000,2055,34447,00,02
D,33400714,967,1231,1,2953,254,-120,-126,0,118,0,01,12,2,2200,445,33400783,011F0000,2055,35438,00,02
D,33401742,1028,1231,0,2953,269,-120,-122,0,118,0,01,12,2,2200,446,33401790,011F0000,2055,36441,00,02
D,33402767,1025,1232,1,2952,295,-120,-130,0,118,0,01,12,2,2200,446,33402861,011F0000,2055,37524,00,02
D,33403735,968,1232,0,2952,262,-120,-122,0,118,0,01,12,2,2200,447,33403789,011F0000,2055,38436,00,02
D,33404735,1000,1233,1,2951,268,-121,-130,0,118,0,01,12,2,2200,447,33404800,011F0000,2055,39456,00,02
D,33405744,1009,1233,0,2951,272,-121,-122,0,118,0,01,12,2,2200,447,33405797,011F0000,2055,40448,00,02
D,33406773,1029,1233,0,2951,301,-121,-118,0,118,0,01,12,2,2200,448,33406861,011F0000,2055,41522,00,02
D,33407792,1019,1234,1,2950,324,-121,-118,0,118,0,01,12,2,2200,448,33407897,011F0000,2055,42556,00,02
D,33408770,978,1235,1,2949,304,-121,-127,0,118,0,01,12,2,2200,448,33408820,011F0000,2055,43470,00,02
D,33409704,934,1235,0,2949,236,-121,-119,0,118,0,01,12,2,2200,449,33409736,011F0000,2055,44381,00,02
D,33410735,1031,1236,1,2948,267,-121,-122,0,118,0,01,12,2,2200,449,33410813,011F0000,2055,45467,00,02
D,33411727,992,1236,0,2948,255,-121,-118,0,119,0,01,12,2,2200,450,33411757,011F0000,2055,46401,00,02
D,33412692,965,1237,1,2947,234,-121,-126,0,119,0,01,12,2,2200,450,33412724,011F0000,2055,47369,00,02
D,33413702,1010,1237,0,2947,235,-121,-118,0,119,0,01,12,2,2200,450,33413733,011F0000,2055,48378,00,02
D,33414726,1024,1237,0,2947,253,-121,-114,0,119,0,01,12,2,2200,451,33414801,011F0000,2055,49453,00,02
D,33415711,985,1238,1,2946,255,-120,-118,0,119,0,01,12,2,2200,451,33415743,011F0000,2013,1,00,02
D,33416935,1224,1239,1,2945,331,-120,-121,0,119,0,01,12,2,2200,452,33417042,011F0000,2013,624,00,02
D,33417881,946,1239,0,2945,407,-121,-122,0,119,0,01,12,2,2200,452,33418062,011F0000,2013,1675,00,02
D,33418811,930,1239,0,2945,339,-120,-114,0,119,0,01,12,2,2200,452,33418914,011F0000,2013,2494,00,02
D,33419758,947,1240,1,2944,282,-120,-122,0,119,0,01,12,2,2200,453,33419812,011F0000,2013,3385,00,02
D,33420733,975,1241,1,2943,268,-120,-122,0,119,0,01,12,2,2200,453,33420805,011F0000,2013,4376,00,02
D,33421737,1004,1241,0,2943,275,-120,-122,0,119,0,01,12,2,2200,453,33421806,011F0000,2013,5381,00,02
D,33422780,1043,1242,1,2942,306,-121,-122,0,119,0,01,12,2,2200,454,33422872,011F0000,2013,6453,00,02
D,33423732,952,1242,0,2942,267,-120,-114,0,119,0,01,12,2,2200,454,33423790,011F0000,2013,7359,00,02
D,33424745,1013,1243,1,2941,274,-120,-122,0,119,0,01,12,2,2200,454,33424811,011F0000,2013,8388,00,02
D,33425737,992,1243,0,2941,270,-120,-122,0,119,0,01,12,2,2200,455,33425801,011F0000,2013,9371,00,02
D,33426785,1048,1244,1,2940,314,-121,-126,0,119,0,01,12,2,2200,455,33426870,011F0000,2013,10446,00,02
D,33427737,952,1244,0,2940,267,-121,-119,0,119,0,01,12,2,2200,456,33427886,011F0000,2013,11478,00,02
D,33428766,1029,1244,0,2940,305,-120,-119,0,119,0,01,12,2,2200,456,33428832,011F0000,2013,12403,00,02
D,33429706,940,1245,1,2939,238,-120,-119,0,119,0,01,12,2,2200,456,33429742,011F0000,2013,13305,00,02
D,33430753,1047,1246,1,2938,277,-120,-122,0,120,0,01,12,2,2200,457,33430830,011F0000,2013,14401,00,02
D,33431711,958,1246,0,2938,245,-120,-118,0,120,0,01,12,2,2200,457,33431746,011F0000,2013,15308,00,02
D,33432700,989,1247,1,2937,240,-121,-126,0,120,0,01,12,2,2200,458,33432735,011F0000,2013,16298,00,02
D,33433692,992,1247,0,2937,233,-121,-118,0,120,0,01,12,2,2200,458,33433727,011F0000,2013,17289,00,02
D,33434719,1027,1248,1,2936,261,-121,-126,0,120,0,01,12,2,2200,458,33434786,011F0000,2013,18356,00,02
D,33435715,996,1248,0,2936,250,-121,-118,0,120,0,01,12,2,2200,459,33435751,011F0000,2013,19314,00,02
D,33436837,1122,1248,0,2936,370,-121,-122,0,120,0,01,12,2,2200,459,33436931,011F0000,2013,20515,00,02
D,33437938,1101,1249,1,2935,466,-121,-121,0,120,0,01,12,2,2200,460,33438136,011F0000,2013,21724,00,02
D,33438821,883,1249,0,2935,344,-120,-114,0,120,0,01,12,2,2200,460,33438936,011F0000,2013,22523,00,02
D,33439747,926,1250,1,2934,271,-121,-122,0,120,0,01,12,2,2200,460,33439790,011F0000,2013,23359,00,02
D,33440735,988,1250,0,2934,259,-120,-114,0,120,0,01,12,2,2200,461,33440800,011F0000,2013,24372,00,02
D,33441742,1007,1251,1,2933,271,-120,-122,0,120,0,01,12,2,2200,461,33441788,011F0000,2013,25355,00,02
D,33442764,1022,1251,0,2933,293,-120,-114,0,120,0,01,12,2,2200,461,33442864,011F0000,2013,26445,00,02
D,33443730,966,1252,1,2932,268,-120,-122,0,120,0,01,12,2,2200,462,33443780,011F0000,2013,27347,00,02
D,33444727,997,1252,0,2932,266,-120,-122,0,120,0,01,12,2,2200,462,33444792,011F0000,2013,28365,00,02
D,33445740,1013,1253,1,2931,277,-120,-122,0,120,0,01,12,2,2200,463,33445794,011F0000,2013,29363,00,02
D,33446769,1029,1253,0,2931,296,-120,-118,0,120,0,01,12,2,2200,463,33446866,011F0000,2013,30448,00,02
D,33447783,1014,1253,0,2931,321,-120,-111,0,120,0,01,12,2,2200,463,33447894,011F0000,2013,31472,00,02
D,33448771,988,1254,1,2930,302,-120,-119,0,121,0,01,12,2,2200,464,33448821,011F0000,2013,32389,00,02
D,33449701,930,1255,1,2929,239,-120,-126,0,121,0,01,12,2,2200,464,33449736,011F0000,2013,33298,00,02
D,33450741,1040,1255,0,2929,267,-120,-114,0,121,0,01,12,2,2200,464,33450821,011F0000,2013,34392,00,02
D,33451714,973,1255,0,2929,252,-119,-110,0,121,0,01,12,2,2200,465,33451751,011F0000,2013,35313,00,02
D,33452701,987,1256,1,2928,234,-119,-118,0,121,0,01,12,2,2200,465,33452736,011F0000,2013,36298,00,02
D,33453698,997,1256,0,2928,239,-119,-111,0,121,0,01,12,2,2200,466,33453730,011F0000,2013,37293,00,02
D,33454723,1025,1257,1,2927,255,-119,-118,0,121,0,01,12,2,2200,466,33454791,011F0000,2013,38360,00,02
D,33455722,999,1257,0,2927,257,-119,-110,0,121,0,01,12,2,2200,466,33455761,011F0000,2013,39323,00,02
D,33456843,1121,1258,1,2926,366,-118,-114,0,121,0,01,12,2,2200,467,33456932,011F0000,2013,40517,00,02
D,33457874,1031,1259,1,2925,411,-119,-122,0,121,0,01,12,2,2200,467,33458071,011F0000,2013,41681,00,02
D,33458812,938,1259,0,2925,349,-119,-122,0,121,0,01,12,2,2200,468,33458931,011F0000,2013,42520,00,02
D,33459744,932,1259,0,2925,271,-119,-114,0,121,0,01,12,2,2200,468,33459797,011F0000,2013,43367,00,02
D,33460721,977,1260,1,2924,255,-118,-118,0,121,0,01,12,2,2200,468,33460789,011F0000,2013,44359,00,02
D,33461729,1008,1261,1,2923,271,-119,-122,0,121,0,01,12,2,2200,469,33461775,011F0000,2013,45343,00,02
D,33462757,1028,1261,0,2923,291,-118,-114,0,121,0,01,12,2,2200,469,33462850,011F0000,2013,46428,00,02
D,33463739,982,1262,1,2922,274,-119,-122,0,121,0,01,12,2,2200,469,33463792,011F0000,2013,47359,00,02
D,33464727,988,1263,1,2921,263,-119,-122,0,121,0,01,12,2,2200,470,33464794,011F0000,2013,48366,00,02
D,33465740,1013,1263,0,2921,273,-119,-122,0,121,0,01,12,2,2200,470,33465793,011F0000,2013,49360,00,02
D,33466757,1017,1264,1,2920,300,-119,-126,0,121,0,01,12,2,2200,471,33466845,011F0000,1967,1,00,02
D,33467924,1167,1264,0,2920,386,-119,-126,0,121,0,01,12,2,2200,471,33468031,011F0000,1967,628,00,02
D,33468760,836,1265,1,2919,301,-120,-127,0,121,0,01,12,2,2200,471,33468796,011F0000,1967,1381,00,02
D,33469710,950,1265,0,2919,236,-120,-126,0,122,0,01,12,2,2200,472,33469743,011F0000,1967,2324,00,02
D,33470728,1018,1266,1,2918,268,-120,-126,0,122,0,01,12,2,2200,472,33470806,011F0000,1967,3394,00,02
D,33471742,1014,1266,0,2918,267,-120,-122,0,122,0,01,12,2,2200,473,33471775,011F0000,1967,4355,00,02
D,33472691,949,1266,0,2918,233,-120,-118,0,122,0,01,12,2,2200,473,33472726,011F0000,1967,5306,00,02
D,33473702,1011,1267,1,2917,235,-120,-126,0,122,0,01,12,2,2200,473,33473734,011F0000,1967,6314,00,02
D,33474714,1012,1267,0,2917,251,-120,-118,0,122,0,01,12,2,2200,474,33474789,011F0000,1967,7377,00,02
D,33475728,1014,1268,1,2916,263,-121,-126,0,122,0,01,12,2,2200,474,33475761,011F0000,1967,8341,00,02
D,33476839,1111,1269,1,2915,372,-121,-130,0,122,0,01,12,2,2200,475,33476946,011F0000,1967,9547,00,02
D,33477879,1040,1269,0,2915,420,-121,-130,0,122,0,01,12,2,2200,475,33478069,011F0000,1967,10700,00,02
D,33478809,930,1269,0,2915,345,-121,-122,0,122,0,01,12,2,2200,475,33478925,011F0000,1967,11532,00,02
D,33479729,920,1270,1,2914,271,-121,-122,0,122,0,01,12,2,2200,476,33479779,011F0000,1967,12365,00,02
D,33480720,991,1271,1,2913,254,-122,-126,0,122,0,01,12,2,2200,476,33480787,011F0000,1967,13376,00,02
D,33481744,1024,1271,0,2913,271,-122,-130,0,122,0,01,12,2,2200,476,33481789,011F0000,1967,14375,00,02
D,33482757,1013,1272,1,2912,295,-122,-130,0,122,0,01,12,2,2200,477,33482850,011F0000,1967,15447,00,02
D,33483734,977,1272,0,2912,272,-122,-130,0,122,0,01,12,2,2200,477,33483788,011F0000,1967,16373,00,02
D,33484723,989,1272,0,2912,265,-122,-122,0,122,0,01,12,2,2200,478,33484790,011F0000,1967,17381,00,02
D,33485736,1013,1273,1,2911,274,-123,-130,0,122,0,01,12,2,2200,478,33485791,011F0000,1967,18377,00,02
D,33486772,1036,1273,0,2911,303,-123,-126,0,122,0,01,12,2,2200,478,33486857,011F0000,1967,19454,00,02
D,33487792,1020,1274,1,2910,321,-123,-126,0,122,0,01,12,2,2200,479,33487905,011F0000,1967,20501,00,02
D,33488767,975,1274,0,2910,306,-123,-119,0,122,0,01,12,2,2200,479,33488815,011F0000,1967,21401,00,02
D,33489709,942,1275,1,2909,242,-123,-126,0,123,0,01,12,2,2200,480,33489741,011F0000,1967,22321,00,02
D,33490731,1022,1275,0,2909,268,-123,-122,0,123,0,01,12,2,2200,480,33490807,011F0000,1967,23396,00,02
D,33491727,996,1276,1,2908,260,-123,-126,0,123,0,01,12,2,2200,480,33491764,011F0000,1967,24345,00,02
D,33492712,985,1276,0,2908,237,-123,-118,0,123,0,01,12,2,2200,481,33492745,011F0000,1967,25325,00,02
D,33493701,989,1277,1,2907,234,-123,-126,0,123,0,01,12,2,2200,481,33493735,011F0000,1967,26316,00,02
D,33494711,1010,1277,0,2907,252,-123,-118,0,123,0,01,12,2,2200,482,33494783,011F0000,1967,27370,00,02
D,33495719,1008,1278,1,2906,261,-123,-118,0,123,0,01,12,2,2200,482,33495753,011F0000,1967,28333,00,02
D,33496826,1107,1278,0,2906,348,-122,-114,0,123,0,01,12,2,2200,482,33496927,011F0000,1967,29528,00,02
D,33497950,1124,1279,1,2905,469,-122,-122,0,123,0,01,12,2,2200,483,33498133,011F0000,1967,30740,00,02
D,33498800,850,1279,0,2905,336,-122,-114,0,123,0,01,12,2,2200,483,33498891,011F0000,1967,31494,00,02
D,33499751,951,1280,1,2904,281,-122,-122,0,123,0,01,12,2,2200,484,33499802,011F0000,1967,32392,00,02
D,33500719,968,1280,0,2904,253,-122,-118,0,123,0,01,12,2,2200,484,33500784,011F0000,1967,33372,00,02
D,33501737,1018,1281,1,2903,271,-122,-118,0,123,0,01,12,2,2200,484,33501787,011F0000,1967,34374,00,02
D,33502756,1019,1281,0,2903,290,-122,-122,0,123,0,01,12,2,2200,485,33502853,011F0000,1967,35452,00,02
D,33503752,996,1282,1,2902,281,-122,-122,0,123,0,01,12,2,2200,485,33503807,011F0000,1967,36393,00,02
D,33504731,979,1283,1,2901,265,-122,-130,0,123,0,01,12,2,2200,485,33504797,011F0000,1967,37391,00,02
D,33505742,1011,1283,0,2901,274,-122,-122,0,123,0,01,12,2,2200,486,33505799,011F0000,1967,38385,00,02
D,33506764,1022,1284,1,2900,296,-122,-126,0,123,0,01,12,2,2200,486,33506858,011F0000,1967,39456,00,02
D,33507821,1057,1284,0,2900,346,-122,-118,0,123,0,01,12,2,2200,487,33507908,011F0000,1967,40506,00,02
D,33508764,943,1285,1,2899,302,-122,-126,0,123,0,01,12,2,2200,487,33508812,011F0000,1967,41397,00,02
D,33509710,946,1285,0,2899,236,-122,-126,0,123,0,01,12,2,2200,487,33509743,011F0000,1967,42324,00,02
D,33510730,1020,1286,1,2898,263,-122,-122,0,124,0,01,12,2,2200,488,33510810,011F0000,1967,43401,00,02
D,33511729,999,1286,0,2898,258,-122,-118,0,124,0,01,12,2,2200,488,33511761,011F0000,1967,44341,00,02
D,33512701,972,1287,1,2897,235,-122,-126,0,124,0,01,12,2,2200,489,33512734,011F0000,1967,45315,00,02
D,33513692,991,1287,0,2897,233,-122,-118,0,124,0,01,12,2,2200,489,33513722,011F0000,1967,46302,00,02
D,33514712,1020,1288,1,2896,250,-122,-126,0,124,0,01,12,2,2200,489,33514783,011F0000,1967,47370,00,02
D,33515720,1008,1288,0,2896,258,-122,-126,0,124,0,01,12,2,2200,490,33515755,011F0000,1967,48335,00,02
D,33516832,1112,1289,1,2895,352,-123,-130,0,124,0,01,12,2,2200,490,33516929,011F0000,1967,49530,00,02
D,33517889,1057,1289,0,2895,422,-123,-122,0,124,0,01,12,2,2200,491,33518103,011F0000,1928,2,00,02
D,33519278,1389,1290,1,2894,392,-123,-128,0,124,0,01,12,2,2200,491,33519379,011F0000,1928,654,00,02
D,33519717,439,1290,0,2894,233,-123,-122,0,124,0,01,12,2,2200,491,33519753,011F0000,1928,1002,00,02
D,33520742,1025,1291,1,2893,278,-123,-130,0,124,0,01,12,2,2200,492,33520813,011F0000,1928,2074,00,02
D,33521755,1013,1291,0,2893,279,-123,-122,0,124,0,01,12,2,2200,492,33521835,011F0000,1928,3095,00,02
D,33522779,1024,1292,1,2892,311,-124,-130,0,124,0,01,12,2,2200,493,33522879,011F0000,1928,4163,00,02
D,33523731,952,1292,0,2892,258,-123,-122,0,124,0,01,12,2,2200,493,33523785,011F0000,1928,5040,00,02
D,33524740,1009,1292,0,2892,276,-123,-122,0,124,0,01,12,2,2200,493,33524806,011F0000,1928,6066,00,02
D,33525745,1005,1293,1,2891,270,-123,-122,0,124,0,01,12,2,2200,494,33525811,011F0000,1928,7070,00,02
D,33526772,1027,1293,0,2891,303,-123,-118,0,124,0,01,12,2,2200,494,33526863,011F0000,1928,8129,00,02
D,33527791,1019,1294,1,2890,330,-123,-126,0,124,0,01,12,2,2200,495,33527888,011F0000,1928,9158,00,02
D,33528761,970,1294,0,2890,296,-123,-119,0,124,0,01,12,2,2200,495,33528816,011F0000,1928,10070,00,02
D,33529703,942,1295,1,2889,243,-123,-126,0,124,0,01,12,2,2200,495,33529739,011F0000,1928,10987,00,02
D,33530731,1028,1296,1,2888,265,-123,-130,0,125,0,01,12,2,2200,496,33530807,011F0000,1928,12067,00,02
D,33531711,980,1296,0,2888,248,-124,-126,0,125,0,01,12,2,2200,496,33531744,011F0000,1928,12992,00,02
D,33532696,985,1297,1,2887,237,-124,-126,0,125,0,01,12,2,2200,497,33532730,011F0000,1928,13978,00,02
D,33533708,1012,1297,0,2887,233,-124,-126,0,125,0,01,12,2,2200,497,33533743,011F0000,1928,14992,00,02
D,33534714,1006,1298,1,2886,255,-124,-126,0,125,0,01,12,2,2200,497,33534786,011F0000,1928,16043,00,02
D,33535721,1007,1298,0,2886,255,-124,-118,0,125,0,01,12,2,2200,498,33535755,011F0000,1928,17003,00,02
D,33536835,1114,1299,1,2885,372,-124,-122,0,125,0,01,12,2,2200,498,33536937,011F0000,1928,18208,00,02
D,33537896,1061,1299,0,2885,437,-123,-122,0,125,0,01,12,2,2200,499,33538102,011F0000,1928,19390,00,02
D,33538812,916,1300,1,2884,345,-123,-122,0,125,0,01,12,2,2200,499,33538923,011F0000,1928,20201,00,02
D,33539737,925,1300,0,2884,270,-123,-122,0,125,0,01,12,2,2200,499,33539786,011F0000,1928,21042,00,02
D,33540732,995,1301,1,2883,256,-123,-122,0,125,0,01,12,2,2200,500,33540801,011F0000,1928,22059,00,02
D,33541736,1004,1301,0,2883,267,-123,-122,0,125,0,01,12,2,2200,500,33541782,011F0000,1928,23038,00,02
D,33542768,1032,1302,1,2882,296,-123,-122,0,125,0,01,12,2,2200,501,33542864,011F0000,1928,24129,00,02
D,33543729,961,1303,1,2881,272,-123,-130,0,125,0,01,12,2,2200,501,33543783,011F0000,1928,25036,00,02
D,33544731,1002,1303,0,2881,264,-123,-122,0,125,0,01,12,2,2200,501,33544798,011F0000,1928,26058,00,02
D,33545741,1010,1304,1,2880,269,-124,-130,0,125,0,01,12,2,2200,502,33545795,011F0000,1928,27050,00,02
D,33546767,1026,1304,0,2880,298,-124,-126,0,125,0,01,12,2,2200,502,33546854,011F0000,1928,28118,00,02
D,33547792,1025,1305,1,2879,318,-124,-126,0,125,0,01,12,2,2200,503,33547897,011F0000,1928,29161,00,02
D,33548781,989,1305,0,2879,306,-124,-126,0,125,0,01,12,2,2200,503,33548830,011F0000,1928,30085,00,02
D,33549700,919,1306,1,2878,237,-124,-128,0,125,0,01,12,2,2200,503,33549734,011F0000,1928,30983,00,02
D,33550728,1028,1307,1,2877,269,-125,-134,0,126,0,01,12,2,2200,504,33550806,011F0000,1928,32066,00,02
D,33551726,998,1307,0,2877,258,-125,-126,0,126,0,01,12,2,2200,504,33551757,011F0000,1928,33005,00,02
D,33552706,980,1308,1,2876,234,-125,-134,0,126,0,01,12,2,2200,505,33552740,011F0000,1928,33989,00,02
D,33553697,991,1308,0,2876,235,-125,-126,0,126,0,01,12,2,2200,505,33553728,011F0000,1928,34977,00,02
D,33554714,1017,1309,1,2875,252,-125,-134,0,126,0,01,12,2,2200,505,33554787,011F0000,1928,36044,00,02
D,33555729,1015,1309,0,2875,259,-126,-134,0,126,0,01,12,2,2200,506,33555761,011F0000,1928,37010,00,02
D,33556823,1094,1310,1,2874,345,-126,-138,0,126,0,01,12,2,2200,506,33556921,011F0000,1928,38191,00,02
D,33557939,1116,1310,0,2874,468,-126,-130,0,126,0,01,12,2,2200,507,33558125,011F0000,1928,39408,00,02
D,33558793,854,1311,1,2873,334,-127,-138,0,126,0,01,12,2,2200,507,33558890,011F0000,1928,40162,00,02
D,33559746,953,1311,0,2873,276,-127,-130,0,126,0,01,12,2,2200,507,33559793,011F0000,1928,41048,00,02
D,33560716,970,1312,1,2872,250,-127,-134,0,126,0,01,12,2,2200,508,33560784,011F0000,1928,42043,00,02
D,33561742,1026,1312,0,2872,268,-127,-130,0,126,0,01,12,2,2200,508,33561789,011F0000,1928,43043,00,02
D,33562764,1022,1313,1,2871,293,-127,-130,0,126,0,01,12,2,2200,509,33562863,011F0000,1928,44131,00,02
D,33563738,974,1313,0,2871,277,-127,-130,0,126,0,01,12,2,2200,509,33563792,011F0000,1928,45046,00,02
D,33564727,989,1314,1,2870,263,-128,-130,0,126,0,01,12,2,2200,509,33564793,011F0000,1928,46051,00,02
D,33565741,1014,1314,0,2870,270,-128,-130,0,126,0,01,12,2,2200,510,33565796,011F0000,1928,47051,00,02
D,33566765,1024,1315,1,2869,290,-128,-134,0,126,0,01,12,2,2200,510,33566862,011F0000,1928,48128,00,02
D,33567799,1034,1315,0,2869,337,-128,-126,0,126,0,01,12,2,2200,511,33567893,011F0000,1928,49158,00,02
D,33568770,971,1316,1,2868,298,-128,-134,0,126,0,01,12,2,2200,511,33568816,011F0000,1890,1,00,02
D,33569729,959,1316,0,2868,257,-128,-126,0,126,0,01,12,2,2200,511,33569792,011F0000,1890,444,00,02
D,33570750,1021,1317,1,2867,275,-128,-130,0,127,0,01,12,2,2200,512,33570836,011F0000,1890,1494,00,02
D,33571727,977,1317,0,2867,252,-128,-126,0,127,0,01,12,2,2200,512,33571758,011F0000,1890,2405,00,02
D,33572698,971,1318,1,2866,235,-128,-134,0,127,0,01,12,2,2200,513,33572730,011F0000,1890,3377,00,02
D,33573707,1009,1318,0,2866,234,-128,-126,0,127,0,01,12,2,2200,513,33573738,011F0000,1890,4386,00,02
D,33574727,1020,1319,1,2865,259,-128,-126,0,127,0,01,12,2,2200,513,33574798,011F0000,1890,5453,00,02
D,33575722,995,1319,0,2865,252,-128,-126,0,127,0,01,12,2,2200,514,33575757,011F0000,1890,6404,00,02
D,33576825,1103,1320,1,2864,364,-128,-130,0,127,0,01,12,2,2200,514,33576922,011F0000,1890,7593,00,02
D,33577910,1085,1321,1,2863,439,-128,-130,0,127,0,01,12,2,2200,515,33578119,011F0000,1890,8799,00,02
D,33578821,911,1321,0,2863,347,-128,-130,0,127,0,01,12,2,2200,515,33578946,011F0000,1890,9621,00,02
D,33579738,917,1322,1,2862,269,-128,-130,0,127,0,01,12,2,2200,515,33579788,011F0000,1890,10443,00,02
D,33580719,981,1322,0,2862,254,-128,-126,0,127,0,01,12,2,2200,516,33580788,011F0000,1890,11443,00,02
D,33581730,1011,1323,1,2861,265,-128,-130,0,127,0,01,12,2,2200,516,33581778,011F0000,1890,12435,00,02
D,33582756,1026,1323,0,2861,294,-128,-122,0,127,0,01,12,2,2200,517,33582849,011F0000,1890,13512,00,02
D,33583740,984,1324,1,2860,274,-128,-130,0,127,0,01,12,2,2200,517,33583796,011F0000,1890,14449,00,02
D,33584732,992,1324,0,2860,262,-128,-122,0,127,0,01,12,2,2200,518,33584800,011F0000,1890,15459,00,02
D,33585742,1010,1325,1,2859,271,-128,-130,0,127,0,01,12,2,2200,518,33585799,011F0000,1890,16454,00,02
D,33586768,1026,1325,0,2859,300,-128,-126,0,127,0,01,12,2,2200,518,33586857,011F0000,1890,17521,00,02
D,33587789,1021,1326,1,2858,317,-128,-126,0,127,0,01,12,2,2200,519,33587897,011F0000,1890,18560,00,02
D,33588770,981,1326,0,2858,302,-128,-127,0,127,0,01,12,2,2200,519,33588823,011F0000,1890,19477,00,02
D,33589701,931,1327,1,2857,239,-128,-126,0,128,0,01,12,2,2200,520,33589735,011F0000,1890,20383,00,02
D,33590727,1026,1328,1,2856,266,-128,-130,0,128,0,01,12,2,2200,520,33590800,011F0000,1890,21457,00,02
D,33591732,1005,1328,0,2856,258,-128,-126,0,128,0,01,12,2,2200,520,33591766,011F0000,1890,22413,00,02
D,33592707,975,1329,1,2855,234,-128,-134,0,128,0,01,12,2,2200,521,33592739,011F0000,1890,23386,00,02
D,33593697,990,1329,0,2855,234,-128,-126,0,128,0,01,12,2,2200,521,33593726,011F0000,1890,24373,00,02
D,33594718,1021,1330,1,2854,255,-128,-134,0,128,0,01,12,2,2200,522,33594788,011F0000,1890,25444,00,02
D,33595727,1009,1330,0,2854,261,-128,-126,0,128,0,01,12,2,2200,522,33595764,011F0000,1890,26412,00,02
D,33596839,1112,1330,0,2854,339,-128,-122,0,128,0,01,12,2,2200,522,33596933,011F0000,1890,27600,00,02
D,33597914,1075,1331,1,2853,443,-128,-130,0,128,0,01,12,2,2200,523,33598118,011F0000,1890,28797,00,02
D,33598806,892,1331,0,2853,338,-128,-122,0,128,0,01,12,2,2200,523,33598918,011F0000,1890,29593,00,02
D,33599743,937,1332,1,2852,275,-128,-130,0,128,0,01,12,2,2200,524,33599793,011F0000,1890,30446,00,02
D,33600718,975,1332,0,2852,255,-128,-126,0,128,0,01,12,2,2200,524,33600787,011F0000,1890,31443,00,02
D,33601744,1026,1333,1,2851,271,-128,-130,0,128,0,01,12,2,2200,524,33601792,011F0000,1890,32445,00,02
D,33602754,1010,1334,1,2850,290,-128,-130,0,128,0,01,12,2,2200,525,33602848,011F0000,1890,33513,00,02
D,33603732,978,1334,0,2850,273,-128,-130,0,128,0,01,12,2,2200,525,33603782,011F0000,1890,34434,00,02
D,33604735,1003,1334,0,2850,263,-128,-122,0,128,0,01,12,2,2200,526,33604800,011F0000,1890,35457,00,02
D,33605742,1007,1335,1,2849,275,-128,-130,0,128,0,01,12,2,2200,526,33605797,011F0000,1890,36450,00,02
D,33606756,1014,1335,0,2849,293,-128,-126,0,128,0,01,12,2,2200,527,33606851,011F0000,1890,37517,00,02
D,33607806,1050,1336,1,2848,331,-128,-126,0,128,0,01,12,2,2200,527,33607899,011F0000,1890,38561,00,02
D,33608774,968,1336,0,2848,302,-127,-119,0,128,0,01,12,2,2200,527,33608822,011F0000,1890,39474,00,02
D,33609703,929,1337,1,2847,236,-127,-126,0,128,0,01,12,2,2200,528,33609737,011F0000,1890,40384,00,02
D,33610721,1018,1337,0,2847,261,-127,-122,0,128,0,01,12,2,2200,528,33610796,011F0000,1890,41454,00,02
D,33611731,1010,1338,1,2846,260,-127,-122,0,129,0,01,12,2,2200,529,33611762,011F0000,1890,42410,00,02
D,33612709,978,1338,0,2846,236,-127,-118,0,129,0,01,12,2,2200,529,33612740,011F0000,1890,43387,00,02
D,33613697,988,1339,1,2845,234,-127,-126,0,129,0,01,12,2,2200,529,33613726,011F0000,1890,44374,00,02
D,33614713,1016,1339,0,2845,247,-126,-118,0,129,0,01,12,2,2200,530,33614786,011F0000,1890,45442,00,02
D,33615721,1008,1340,1,2844,260,-126,-126,0,129,0,01,12,2,2200,530,33615758,011F0000,1890,46405,00,02
D,33616830,1109,1341,1,2843,370,-126,-130,0,129,0,01,12,2,2200,531,33616927,011F0000,1890,47597,00,02
D,33617924,1094,1341,0,2843,450,-126,-122,0,129,0,01,12,2,2200,531,33618123,011F0000,1890,48798,00,02
D,33618807,883,1342,1,2842,343,-126,-130,0,129,0,01,12,2,2200,531,33618900,011F0000,1890,49573,00,02
D,33619744,937,1342,0,2842,270,-126,-122,0,129,0,01,12,2,2200,532,33619792,011F0000,1851,1,00,02
D,33621028,1284,1343,1,2841,263,-126,-121,0,129,0,01,12,2,2200,532,33621110,011F0000,1851,777,00,02
D,33621722,694,1343,0,2841,262,-126,-118,0,129,0,01,12,2,2200,533,33621755,011F0000,1851,1413,00,02
D,33622755,1033,1344,1,2840,294,-126,-122,0,129,0,01,12,2,2200,533,33622844,011F0000,1851,2514,00,02
D,33623744,989,1345,1,2839,274,-126,-130,0,129,0,01,12,2,2200,534,33623798,011F0000,1851,3461,00,02
D,33624737,993,1345,0,2839,266,-126,-122,0,129,0,01,12,2,2200,534,33624798,011F0000,1851,4460,00,02
D,33625726,989,1346,1,2838,267,-126,-126,0,129,0,01,12,2,2200,534,33625778,011F0000,1851,5440,00,02
D,33626763,1037,1346,0,2838,297,-126,-126,0,129,0,01,12,2,2200,535,33626853,011F0000,1851,6524,00,02
D,33627779,1016,1347,1,2837,319,-126,-134,0,129,0,01,12,2,2200,535,33627892,011F0000,1851,7565,00,02
D,33628781,1002,1347,0,2837,311,-126,-127,0,129,0,01,12,2,2200,536,33628826,011F0000,1851,8486,00,02
D,33629698,917,1348,1,2836,236,-126,-134,0,129,0,01,12,2,2200,536,33629732,011F0000,1851,9388,00,02
D,33630738,1040,1348,0,2836,267,-126,-130,0,129,0,01,12,2,2200,536,33630814,011F0000,1851,10477,00,02
D,33631718,980,1349,1,2835,257,-127,-134,0,129,0,01,12,2,2200,537,33631749,011F0000,1851,11405,00,02
D,33632698,980,1349,0,2835,234,-127,-126,0,129,0,01,12,2,2200,537,33632731,011F0000,1851,12386,00,02
D,33633693,995,1350,1,2834,234,-127,-126,0,130,0,01,12,2,2200,538,33633725,011F0000,1851,13380,00,02
D,33634716,1023,1350,0,2834,251,-127,-126,0,130,0,01,12,2,2200,538,33634791,011F0000,1851,14456,00,02
D,33635735,1019,1351,1,2833,262,-127,-134,0,130,0,01,12,2,2200,538,33635769,011F0000,1851,15424,00,02
D,33636832,1097,1351,0,2833,348,-127,-130,0,130,0,01,12,2,2200,539,33636929,011F0000,1851,16604,00,02
D,33637943,1111,1352,1,2832,464,-127,-130,0,130,0,01,12,2,2200,539,33638137,011F0000,1851,17821,00,02
D,33638807,864,1352,0,2832,338,-127,-130,0,130,0,01,12,2,2200,540,33638902,011F0000,1851,18582,00,02
D,33639739,932,1353,1,2831,273,-127,-130,0,130,0,01,12,2,2200,540,33639783,011F0000,1851,19445,00,02
D,33640715,976,1354,1,2830,249,-128,-134,0,130,0,01,12,2,2200,541,33640780,011F0000,1851,20444,00,02
D,33641731,1016,1354,0,2830,268,-128,-130,0,130,0,01,12,2,2200,541,33641780,011F0000,1851,21443,00,02
D,33642757,1026,1355,1,2829,287,-128,-138,0,130,0,01,12,2,2200,541,33642851,011F0000,1851,22523,00,02
D,33643751,994,1355,0,2829,281,-128,-130,0,130,0,01,12,2,2200,542,33643801,011F0000,1851,23462,00,02
D,33644719,968,1356,1,2828,260,-129,-138,0,130,0,01,12,2,2200,542,33644782,011F0000,1851,24447,00,02
D,33645748,1029,1356,0,2828,277,-129,-130,0,130,0,01,12,2,2200,543,33645800,011F0000,1851,25462,00,02
D,33646754,1006,1357,1,2827,290,-129,-134,0,130,0,01,12,2,2200,543,33646847,011F0000,1851,26520,00,02
D,33647795,1041,1357,0,2827,336,-129,-126,0,130,0,01,12,2,2200,544,33647902,011F0000,1851,27574,00,02
D,33648774,979,1358,1,2826,307,-129,-135,0,130,0,01,12,2,2200,544,33648818,011F0000,1851,28478,00,02
D,33649703,929,1358,0,2826,235,-129,-126,0,130,0,01,12,2,2200,544,33649736,011F0000,1851,29391,00,02
D,33650735,1032,1359,1,2825,260,-129,-134,0,131,0,01,12,2,2200,545,33650816,011F0000,1851,30483,00,02
D,33651722,987,1359,0,2825,260,-129,-130,0,131,0,01,12,2,2200,545,33651754,011F0000,1851,31410,00,02
D,33652708,986,1360,1,2824,235,-129,-134,0,131,0,01,12,2,2200,546,33652739,011F0000,1851,32394,00,02
D,33653697,989,1360,0,2824,234,-129,-126,0,131,0,01,12,2,2200,546,33653727,011F0000,1851,33383,00,02
D,33654721,1024,1361,1,2823,248,-129,-126,0,131,0,01,12,2,2200,546,33654793,011F0000,1851,34456,00,02
D,33655738,1017,1361,0,2823,264,-129,-122,0,131,0,01,12,2,2200,547,33655772,011F0000,1851,35428,00,02
D,33656839,1101,1362,1,2822,346,-129,-130,0,131,0,01,12,2,2200,547,33656932,011F0000,1851,36606,00,02
D,33657888,1049,1362,0,2822,415,-129,-122,0,131,0,01,12,2,2200,548,33658090,011F0000,1851,37785,00,02
D,33658833,945,1363,1,2821,361,-129,-130,0,131,0,01,12,2,2200,548,33658965,011F0000,1851,38647,00,02
D,33659747,914,1364,1,2820,271,-129,-130,0,131,0,01,12,2,2200,548,33659798,011F0000,1851,39459,00,02
D,33660720,973,1364,0,2820,252,-129,-126,0,131,0,01,12,2,2200,549,33660782,011F0000,1851,40444,00,02
D,33661741,1021,1364,0,2820,267,-128,-122,0,131,0,01,12,2,2200,549,33661792,011F0000,1851,41457,00,02
D,33662772,1031,1365,1,2819,300,-128,-130,0,131,0,01,12,2,2200,550,33662864,011F0000,1851,42535,00,02
D,33663742,970,1366,1,2818,268,-128,-130,0,131,0,01,12,2,2200,550,33663798,011F0000,1851,43459,00,02
D,33664735,993,1366,0,2818,266,-128,-130,0,131,0,01,12,2,2200,551,33664800,011F0000,1851,44468,00,02
D,33665744,1009,1367,1,2817,272,-129,-130,0,131,0,01,12,2,2200,551,33665801,011F0000,1851,45463,00,02
D,33666772,1028,1367,0,2817,302,-128,-126,0,131,0,01,12,2,2200,551,33666858,011F0000,1851,46528,00,02
D,33667792,1020,1368,1,2816,319,-129,-134,0,132,0,01,12,2,2200,552,33667893,011F0000,1851,47563,00,02
D,33668775,983,1368,0,2816,305,-129,-127,0,132,0,01,12,2,2200,552,33668825,011F0000,1851,48486,00,02
D,33669714,939,1369,1,2815,239,-129,-134,0,132,0,01,12,2,2200,553,33669747,011F0000,1851,49403,00,02
D,33670733,1019,1370,1,2814,265,-129,-130,0,132,0,01,12,2,2200,553,33670811,011F0000,1816,2,00,02
D,33671739,1006,1370,0,2814,271,-129,-130,0,132,0,01,12,2,2200,554,33671808,011F0000,1816,467,00,02
D,33672695,956,1371,1,2813,237,-129,-134,0,132,0,01,12,2,2200,554,33672727,011F0000,1816,1379,00,02
D,33673705,1010,1371,0,2813,234,-129,-126,0,132,0,01,12,2,2200,554,33673736,011F0000,1816,2388,00,02
D,33674740,1035,1371,0,2813,264,-129,-122,0,132,0,01,12,2,2200,555,33674812,011F0000,1816,3474,00,02
D,33675719,979,1372,1,2812,247,-129,-126,0,132,0,01,12,2,2200,555,33675749,011F0000,1816,4402,00,02
D,33676849,1130,1372,0,2812,372,-128,-122,0,132,0,01,12,2,2200,556,33676949,011F0000,1816,5622,00,02
D,33677883,1034,1373,1,2811,414,-128,-130,0,132,0,01,12,2,2200,556,33678083,011F0000,1816,6780,00,02
D,33678818,935,1374,1,2810,344,-128,-130,0,132,0,01,12,2,2200,557,33678945,011F0000,1816,7627,00,02
D,33679743,925,1374,0,2810,274,-128,-130,0,132,0,01,12,2,2200,557,33679795,011F0000,1816,8452,00,02
D,33680714,971,1375,1,2809,251,-129,-134,0,132,0,01,12,2,2200,557,33680779,011F0000,1816,9440,00,02
D,33681735,1021,1375,0,2809,269,-129,-130,0,132,0,01,12,2,2200,558,33681784,011F0000,1816,10443,00,02
D,33682755,1020,1376,1,2808,296,-129,-130,0,132,0,01,12,2,2200,558,33682849,011F0000,1816,11520,00,02
D,33683731,976,1376,0,2808,268,-129,-130,0,132,0,01,12,2,2200,559,33683787,011F0000,1816,12445,00,02
D,33684742,1011,1377,1,2807,268,-129,-130,0,132,0,01,12,2,2200,559,33684806,011F0000,1816,13470,00,02
D,33685731,989,1377,0,2807,271,-129,-126,0,132,0,01,12,2,2200,559,33685789,011F0000,1816,14449,00,02
D,33686769,1038,1378,1,2806,300,-129,-134,0,132,0,01,12,2,2200,560,33686856,011F0000,1816,15526,00,02
D,33687789,1020,1378,0,2806,321,-129,-126,0,132,0,01,12,2,2200,560,33687895,011F0000,1816,16564,00,02
D,33688770,981,1379,1,2805,302,-129,-134,0,133,0,01,12,2,2200,561,33688820,011F0000,1816,17478,00,02
D,33689704,934,1379,0,2805,237,-129,-127,0,133,0,01,12,2,2200,561,33689736,011F0000,1816,18389,00,02
D,33690735,1031,1380,1,2804,271,-129,-130,0,133,0,01,12,2,2200,562,33690811,011F0000,1816,19475,00,02
D,33691716,981,1380,0,2804,256,-129,-126,0,133,0,01,12,2,2200,562,33691747,011F0000,1816,20399,00,02
D,33692697,981,1381,1,2803,235,-129,-134,0,133,0,01,12,2,2200,562,33692728,011F0000,1816,21380,00,02
D,33693710,1013,1381,0,2803,235,-129,-126,0,133,0,01,12,2,2200,563,33693739,011F0000,1816,22392,00,02
D,33694717,1007,1382,1,2802,251,-129,-126,0,133,0,01,12,2,2200,563,33694790,011F0000,1816,23450,00,02
D,33695733,1016,1383,1,2801,258,-129,-134,0,133,0,01,12,2,2200,564,33695767,011F0000,1816,24419,00,02
D,33696833,1100,1384,1,2800,366,-129,-138,0,133,0,01,12,2,2200,564,33696930,011F0000,1816,25606,00,02
D,33697944,1111,1384,0,2800,457,-129,-130,0,133,0,01,12,2,2200,565,33698133,011F0000,1816,26813,00,02
D,33698808,864,1384,0,2800,332,-129,-130,0,133,0,01,12,2,2200,565,33698909,011F0000,1816,27587,00,02
D,33699738,930,1385,1,2799,277,-130,-130,0,133,0,01,12,2,2200,565,33699784,011F0000,1816,28444,00,02
D,33700720,982,1386,1,2798,249,-130,-134,0,133,0,01,12,2,2200,566,33700785,011F0000,1816,29448,00,02
D,33701730,1010,1386,0,2798,270,-130,-126,0,133,0,01,12,2,2200,566,33701778,011F0000,1816,30436,00,02
D,33702751,1021,1387,1,2797,290,-130,-130,0,133,0,01,12,2,2200,567,33702846,011F0000,1816,31517,00,02
D,33703755,1004,1387,0,2797,281,-130,-130,0,133,0,01,12,2,2200,567,33703807,011F0000,1816,32465,00,02
D,33704726,971,1388,1,2796,261,-130,-134,0,133,0,01,12,2,2200,567,33704789,011F0000,1816,33452,00,02
D,33705736,1010,1389,1,2795,271,-130,-138,0,133,0,01,12,2,2200,568,33705788,011F0000,1816,34447,00,02
D,33706761,1025,1389,0,2795,296,-130,-134,0,133,0,01,12,2,2200,568,33706858,011F0000,1816,35529,00,02
D,33707784,1023,1390,1,2794,321,-131,-142,0,133,0,01,12,2,2200,569,33707886,011F0000,1816,36558,00,02
D,33708769,985,1390,0,2794,304,-131,-134,0,133,0,01,12,2,2200,569,33708818,011F0000,1816,37476,00,02
D,33709702,933,1391,1,2793,242,-131,-134,0,134,0,01,12,2,2200,570,33709735,011F0000,1816,38388,00,02
D,33710721,1019,1391,0,2793,262,-131,-130,0,134,0,01,12,2,2200,570,33710800,011F0000,1816,39465,00,02
D,33711728,1007,1392,1,2792,259,-131,-134,0,134,0,01,12,2,2200,570,33711763,011F0000,1816,40415,00,02
D,33712706,978,1392,0,2792,236,-131,-134,0,134,0,01,12,2,2200,571,33712738,011F0000,1816,41390,00,02
D,33713696,990,1393,1,2791,234,-131,-134,0,134,0,01,12,2,2200,571,33713728,011F0000,1816,42380,00,02
D,33714722,1026,1393,0,2791,251,-131,-134,0,134,0,01,12,2,2200,572,33714792,011F0000,1816,43453,00,02
D,33715727,1005,1394,1,2790,258,-131,-134,0,134,0,01,12,2,2200,572,33715760,011F0000,1816,44413,00,02
D,33716829,1102,1394,0,2790,351,-131,-130,0,134,0,01,12,2,2200,573,33716922,011F0000,1816,45595,00,02
D,33717889,1060,1395,1,2789,425,-132,-138,0,134,0,01,12,2,2200,573,33718099,011F0000,1816,46791,00,02
D,33718810,921,1396,1,2788,344,-132,-138,0,134,0,01,12,2,2200,574,33718930,011F0000,1816,47611,00,02
D,33719746,936,1396,0,2788,272,-132,-138,0,134,0,01,12,2,2200,574,33719794,011F0000,1816,48452,00,02
D,33720731,985,1397,1,2787,265,-133,-142,0,134,0,01,12,2,2200,574,33720807,011F0000,1816,49469,00,02
D,33721735,1004,1397,0,2787,274,-133,-138,0,134,0,01,12,2,2200,575,33721801,011F0000,1783,1,00,02
D,33722817,1082,1398,1,2786,306,-133,-138,0,134,0,01,12,2,2200,575,33722920,011F0000,1783,551,00,02
D,33723741,924,1398,0,2786,281,-133,-138,0,134,0,01,12,2,2200,576,33723810,011F0000,1783,1420,00,02
D,33724738,997,1399,1,2785,269,-133,-138,0,134,0,01,12,2,2200,576,33724799,011F0000,1783,2411,00,02
D,33725741,1003,1399,0,2785,273,-133,-130,0,134,0,01,12,2,2200,576,33725801,011F0000,1783,3412,00,02
D,33726768,1027,1400,1,2784,303,-133,-134,0,134,0,01,12,2,2200,577,33726850,011F0000,1783,4468,00,02
D,33727785,1017,1400,0,2784,322,-133,-126,0,134,0,01,12,2,2200,577,33727896,011F0000,1783,5513,00,02
D,33728774,989,1401,1,2783,301,-133,-135,0,134,0,01,12,2,2200,578,33728821,011F0000,1783,6430,00,02
D,33729704,930,1401,0,2783,237,-133,-134,0,134,0,01,12,2,2200,578,33729737,011F0000,1783,7338,00,02
D,33730730,1026,1402,1,2782,267,-133,-130,0,134,0,01,12,2,2200,579,33730802,011F0000,1783,8413,00,02
D,33731722,992,1402,0,2782,261,-133,-126,0,134,0,01,12,2,2200,579,33731755,011F0000,1783,9357,00,02
D,33732706,984,1403,1,2781,234,-133,-134,0,134,0,01,12,2,2200,579,33732740,011F0000,1783,10341,00,02
D,33733701,995,1404,1,2780,233,-133,-134,0,135,0,01,12,2,2200,580,33733735,011F0000,1783,11337,00,02
D,33734714,1013,1404,0,2780,248,-133,-134,0,135,0,01,12,2,2200,580,33734784,011F0000,1783,12393,00,02
D,33735730,1016,1405,1,2779,264,-133,-134,0,135,0,01,12,2,2200,581,33735764,011F0000,1783,13366,00,02
D,33736840,1110,1405,0,2779,362,-133,-130,0,135,0,01,12,2,2200,581,33736942,011F0000,1783,14563,00,02
D,33737912,1072,1406,1,2778,442,-133,-130,0,135,0,01,12,2,2200,582,33738110,011F0000,1783,15748,00,02
D,33738809,897,1407,1,2777,337,-133,-138,0,135,0,01,12,2,2200,582,33738914,011F0000,1783,16543,00,02
D,33739732,923,1407,0,2777,269,-133,-130,0,135,0,01,12,2,2200,582,33739780,011F0000,1783,17387,00,02
D,33740714,982,1407,0,2777,250,-132,-126,0,135,0,01,12,2,2200,583,33740780,011F0000,1783,18392,00,02
D,33741740,1026,1408,1,2776,268,-132,-130,0,135,0,01,12,2,2200,583,33741786,011F0000,1783,19393,00,02
D,33742763,1023,1408,0,2776,288,-132,-130,0,135,0,01,12,2,2200,584,33742856,011F0000,1783,20475,00,02
D,33743736,973,1409,1,2775,275,-132,-130,0,135,0,01,12,2,2200,584,33743788,011F0000,1783,21394,00,02
D,33744742,1006,1410,1,2774,263,-132,-138,0,135,0,01,12,2,2200,585,33744808,011F0000,1783,22420,00,02
D,33745732,990,1410,0,2774,270,-132,-130,0,135,0,01,12,2,2200,585,33745785,011F0000,1783,23393,00,02
D,33746758,1026,1411,1,2773,296,-132,-134,0,135,0,01,12,2,2200,586,33746850,011F0000,1783,24470,00,02
D,33747789,1031,1411,0,2773,318,-132,-134,0,135,0,01,12,2,2200,586,33747892,011F0000,1783,25509,00,02
D,33748769,980,1412,1,2772,298,-133,-134,0,135,0,01,12,2,2200,586,33748820,011F0000,1783,26426,00,02
D,33749707,938,1412,0,2772,241,-132,-126,0,135,0,01,12,2,2200,587,33749740,011F0000,1783,27342,00,02
D,33750732,1025,1413,1,2771,264,-132,-130,0,135,0,01,12,2,2200,587,33750812,011F0000,1783,28422,00,02
D,33751717,985,1413,0,2771,260,-132,-126,0,136,0,01,12,2,2200,588,33751752,011F0000,1783,29353,00,02
D,33752705,988,1414,1,2770,234,-132,-134,0,136,0,01,12,2,2200,588,33752739,011F0000,1783,30341,00,02
D,33753697,992,1414,0,2770,234,-132,-126,0,136,0,01,12,2,2200,589,33753734,011F0000,1783,31335,00,02
D,33754709,1012,1415,1,2769,250,-132,-134,0,136,0,01,12,2,2200,589,33754783,011F0000,1783,32394,00,02
D,33755725,1016,1415,0,2769,263,-132,-126,0,136,0,01,12,2,2200,589,33755755,011F0000,1783,33357,00,02
D,33756834,1109,1416,1,2768,347,-132,-130,0,136,0,01,12,2,2200,590,33756932,011F0000,1783,34553,00,02
D,33757962,1128,1417,1,2767,473,-132,-138,0,136,0,01,12,2,2200,590,33758136,011F0000,1783,35764,00,02
D,33758813,851,1417,0,2767,337,-132,-130,0,136,0,01,12,2,2200,591,33758912,011F0000,1783,36536,00,02
D,33759750,937,1418,1,2766,273,-132,-138,0,136,0,01,12,2,2200,591,33759796,011F0000,1783,37405,00,02
D,33760718,968,1418,0,2766,252,-132,-134,0,136,0,01,12,2,2200,592,33760783,011F0000,1783,38394,00,02
D,33761740,1022,1419,1,2765,271,-132,-138,0,136,0,01,12,2,2200,592,33761789,011F0000,1783,39395,00,02
D,33762766,1026,1419,0,2765,295,-132,-130,0,136,0,01,12,2,2200,592,33762862,011F0000,1783,40482,00,02
D,33763732,966,1420,1,2764,273,-132,-130,0,136,0,01,12,2,2200,593,33763780,011F0000,1783,41386,00,02
D,33764737,1005,1420,0,2764,269,-132,-130,0,136,0,01,12,2,2200,593,33764801,011F0000,1783,42413,00,02
D,33765734,997,1421,1,2763,275,-132,-130,0,136,0,01,12,2,2200,594,33765790,011F0000,1783,43398,00,02
D,33766766,1032,1421,0,2763,292,-132,-126,0,136,0,01,12,2,2200,594,33766861,011F0000,1783,44480,00,02
D,33767826,1060,1422,1,2762,353,-132,-134,0,136,0,01,12,2,2200,595,33767915,011F0000,1783,45533,00,02
D,33768771,945,1423,1,2761,301,-132,-134,0,136,0,01,12,2,2200,595,33768816,011F0000,1783,46422,00,02
D,33769699,928,1423,0,2761,238,-132,-126,0,136,0,01,12,2,2200,595,33769729,011F0000,1783,47330,00,02
D,33770737,1038,1424,1,2760,263,-132,-138,0,137,0,01,12,2,2200,596,33770821,011F0000,1783,48432,00,02
D,33771715,978,1424,0,2760,255,-132,-134,0,137,0,01,12,2,2200,596,33771746,011F0000,1783,49348,00,02
D,33772700,985,1425,1,2759,235,-132,-134,0,137,0,01,12,2,2200,597,33772733,011F0000,1749,1,00,02
D,33773716,1016,1425,0,2759,244,-132,-134,0,137,0,01,12,2,2200,597,33773783,011F0000,1749,530,00,02
D,33774732,1016,1426,1,2758,267,-132,-134,0,137,0,01,12,2,2200,598,33774804,011F0000,1749,1551,00,02
D,33775704,972,1427,1,2757,245,-132,-134,0,137,0,01,12,2,2200,598,33775733,011F0000,1749,2473,00,02
D,33776845,1141,1427,0,2757,358,-132,-130,0,137,0,01,12,2,2200,599,33776941,011F0000,1749,3702,00,02
D,33777902,1057,1428,1,2756,435,-133,-138,0,137,0,01,12,2,2200,599,33778108,011F0000,1749,4884,00,02
D,33778810,908,1429,1,2755,348,-133,-138,0,137,0,01,12,2,2200,599,33778916,011F0000,1749,5687,00,02
D,33779741,931,1429,0,2755,274,-133,-138,0,137,0,01,12,2,2200,600,33779791,011F0000,1749,6537,00,02
D,33780731,990,1429,0,2755,255,-133,-134,0,137,0,01,12,2,2200,600,33780796,011F0000,1749,7546,00,02
D,33781744,1013,1430,1,2754,271,-133,-138,0,137,0,01,12,2,2200,601,33781790,011F0000,1749,8536,00,02
D,33782760,1016,1431,1,2753,298,-133,-138,0,137,0,01,12,2,2200,601,33782854,011F0000,1749,9612,00,02
D,33783736,976,1431,0,2753,273,-134,-138,0,137,0,01,12,2,2200,602,33783789,011F0000,1749,10532,00,02
D,33784740,1004,1431,0,2753,266,-133,-130,0,137,0,01,12,2,2200,602,33784805,011F0000,1749,11557,00,02
D,33785736,996,1432,1,2752,274,-134,-138,0,137,0,01,12,2,2200,603,33785793,011F0000,1749,12539,00,02
D,33786768,1032,1433,1,2751,303,-134,-142,0,137,0,01,12,2,2200,603,33786855,011F0000,1749,13611,00,02
D,33787786,1018,1433,0,2751,321,-134,-134,0,137,0,01,12,2,2200,603,33787894,011F0000,1749,14652,00,02
D,33788780,994,1434,1,2750,305,-134,-135,0,137,0,01,12,2,2200,604,33788829,011F0000,1749,15574,00,02
D,33789705,925,1434,0,2750,237,-134,-134,0,137,0,01,12,2,2200,604,33789738,011F0000,1749,16479,00,02
D,33790732,1027,1435,1,2749,264,-134,-138,0,137,0,01,12,2,2200,605,33790807,011F0000,1749,17555,00,02
D,33791724,992,1435,0,2749,257,-134,-134,0,137,0,01,12,2,2200,605,33791761,011F0000,1749,18501,00,02
D,33792698,974,1436,1,2748,236,-134,-134,0,138,0,01,12,2,2200,606,33792731,011F0000,1749,19472,00,02
D,33793692,994,1436,0,2748,234,-134,-134,0,138,0,01,12,2,2200,606,33793724,011F0000,1749,20464,00,02
D,33794720,1028,1437,1,2747,252,-134,-134,0,138,0,01,12,2,2200,606,33794790,011F0000,1749,21538,00,02
D,33795728,1008,1438,1,2746,259,-134,-142,0,138,0,01,12,2,2200,607,33795760,011F0000,1749,22500,00,02
D,33796830,1102,1438,0,2746,346,-135,-138,0,138,0,01,12,2,2200,607,33796927,011F0000,1749,23689,00,02
D,33797899,1069,1439,1,2745,431,-135,-138,0,138,0,01,12,2,2200,608,33798100,011F0000,1749,24880,00,02
D,33798804,905,1439,0,2745,344,-135,-130,0,138,0,01,12,2,2200,608,33798902,011F0000,1749,25667,00,02
D,33799743,939,1440,1,2744,275,-135,-138,0,138,0,01,12,2,2200,609,33799793,011F0000,1749,26538,00,02
D,33800716,973,1440,0,2744,249,-135,-134,0,138,0,01,12,2,2200,609,33800783,011F0000,1749,27533,00,02
D,33801742,1026,1441,1,2743,271,-135,-138,0,138,0,01,12,2,2200,610,33801787,011F0000,1749,28531,00,02
D,33802767,1025,1441,0,2743,294,-135,-130,0,138,0,01,12,2,2200,610,33802862,011F0000,1749,29618,00,02
D,33803747,980,1442,1,2742,274,-135,-138,0,138,0,01,12,2,2200,610,33803801,011F0000,1749,30547,00,02
D,33804733,986,1442,0,2742,261,-135,-130,0,138,0,01,12,2,2200,611,33804798,011F0000,1749,31547,00,02
D,33805738,1005,1443,1,2741,273,-134,-130,0,138,0,01,12,2,2200,611,33805791,011F0000,1749,32538,00,02
D,33806767,1029,1444,1,2740,302,-134,-134,0,138,0,01,12,2,2200,612,33806854,011F0000,1749,33610,00,02
D,33807784,1017,1444,0,2740,319,-134,-134,0,138,0,01,12,2,2200,612,33807887,011F0000,1749,34644,00,02
D,33808767,983,1445,1,2739,308,-134,-134,0,138,0,01,12,2,2200,613,33808817,011F0000,1749,35562,00,02
D,33809697,930,1445,0,2739,238,-134,-126,0,138,0,01,12,2,2200,613,33809729,011F0000,1749,36469,00,02
D,33810726,1029,1446,1,2738,264,-134,-134,0,139,0,01,12,2,2200,614,33810805,011F0000,1749,37556,00,02
D,33811726,1000,1446,0,2738,260,-134,-134,0,139,0,01,12,2,2200,614,33811759,011F0000,1749,38500,00,02
D,33812700,974,1447,1,2737,235,-134,-134,0,139,0,01,12,2,2200,614,33812733,011F0000,1749,39473,00,02
D,33813695,995,1448,1,2736,235,-134,-134,0,139,0,01,12,2,2200,615,33813725,011F0000,1749,40466,00,02
D,33814717,1022,1448,0,2736,250,-134,-134,0,139,0,01,12,2,2200,615,33814788,011F0000,1749,41535,00,02
D,33815726,1009,1449,1,2735,260,-134,-142,0,139,0,01,12,2,2200,616,33815761,011F0000,1749,42501,00,02
D,33816838,1112,1449,0,2735,344,-134,-130,0,139,0,01,12,2,2200,616,33816935,011F0000,1749,43696,00,02
D,33817941,1103,1450,1,2734,462,-134,-138,0,139,0,01,12,2,2200,617,33818133,011F0000,1749,44902,00,02
D,33818816,875,1450,0,2734,339,-134,-130,0,139,0,01,12,2,2200,617,33818928,011F0000,1749,45691,00,02
D,33819744,928,1451,1,2733,273,-134,-138,0,139,0,01,12,2,2200,618,33819793,011F0000,1749,46541,00,02
D,33820728,984,1451,0,2733,266,-134,-134,0,139,0,01,12,2,2200,618,33820806,011F0000,1749,47556,00,02
D,33821746,1018,1452,1,2732,274,-134,-138,0,139,0,01,12,2,2200,618,33821812,011F0000,1749,48560,00,02
D,33822784,1038,1452,0,2732,308,-134,-130,0,139,0,01,12,2,2200,619,33822883,011F0000,1749,49660,00,02
D,33823731,947,1453,1,2731,259,-134,-138,0,139,0,01,12,2,2200,619,33823779,011F0000,1717,1,00,02
D,33824748,1017,1454,1,2730,287,-135,-138,0,139,0,01,12,2,2200,620,33824825,011F0000,1717,504,00,02
D,33825752,1004,1454,0,2730,279,-134,-130,0,139,0,01,12,2,2200,620,33825816,011F0000,1717,1490,00,02
D,33826767,1015,1455,1,2729,307,-134,-134,0,139,0,01,12,2,2200,621,33826864,011F0000,1717,2548,00,02
D,33827775,1008,1455,0,2729,313,-134,-134,0,139,0,01,12,2,2200,621,33827889,011F0000,1717,3570,00,02
D,33828780,1005,1456,1,2728,306,-134,-134,0,140,0,01,12,2,2200,622,33828831,011F0000,1717,4503,00,02
D,33829710,930,1456,0,2728,235,-134,-134,0,140,0,01,12,2,2200,622,33829744,011F0000,1717,5413,00,02
D,33830740,1030,1457,1,2727,267,-135,-138,0,140,0,01,12,2,2200,622,33830819,011F0000,1717,6496,00,02
D,33831719,979,1457,0,2727,253,-134,-134,0,140,0,01,12,2,2200,623,33831751,011F0000,1717,7417,00,02
D,33832702,983,1458,1,2726,235,-134,-134,0,140,0,01,12,2,2200,623,33832734,011F0000,1717,8401,00,02
D,33833697,995,1459,1,2725,233,-135,-142,0,140,0,01,12,2,2200,624,33833730,011F0000,1717,9396,00,02
D,33834715,1018,1459,0,2725,255,-135,-134,0,140,0,01,12,2,2200,624,33834785,011F0000,1717,10459,00,02
D,33835720,1005,1459,0,2725,261,-135,-134,0,140,0,01,12,2,2200,625,33835756,011F0000,1717,11422,00,02
D,33836833,1113,1460,1,2724,373,-134,-130,0,140,0,01,12,2,2200,625,33836924,011F0000,1717,12613,00,02
D,33837943,1110,1461,1,2723,462,-135,-138,0,140,0,01,12,2,2200,626,33838127,011F0000,1717,13822,00,02
D,33838793,850,1461,0,2723,335,-134,-130,0,140,0,01,12,2,2200,626,33838884,011F0000,1717,14572,00,02
D,33839738,945,1462,1,2722,274,-135,-138,0,140,0,01,12,2,2200,626,33839786,011F0000,1717,15460,00,02
D,33840712,974,1462,0,2722,249,-135,-134,0,140,0,01,12,2,2200,627,33840778,011F0000,1717,16454,00,02
D,33841731,1019,1463,1,2721,269,-135,-138,0,140,0,01,12,2,2200,627,33841779,011F0000,1717,17451,00,02
D,33842755,1024,1463,0,2721,285,-135,-130,0,140,0,01,12,2,2200,628,33842852,011F0000,1717,18537,00,02
D,33843746,991,1464,1,2720,278,-134,-130,0,140,0,01,12,2,2200,628,33843795,011F0000,1717,19468,00,02
D,33844734,988,1465,1,2719,261,-135,-138,0,140,0,01,12,2,2200,629,33844798,011F0000,1717,20475,00,02
D,33845737,1003,1466,1,2718,272,-135,-138,0,140,0,01,12,2,2200,629,33845789,011F0000,1717,21462,00,02
D,33846762,1025,1466,0,2718,290,-135,-134,0,140,0,01,12,2,2200,630,33846858,011F0000,1717,22544,00,02
D,33847793,1031,1467,1,2717,334,-135,-142,0,140,0,01,12,2,2200,630,33847896,011F0000,1717,23578,00,02
D,33848776,983,1467,0,2717,302,-135,-135,0,140,0,01,12,2,2200,630,33848822,011F0000,1717,24495,00,02
D,33849701,925,1468,1,2716,237,-135,-142,0,140,0,01,12,2,2200,631,33849733,011F0000,1717,25399,00,02
D,33850734,1033,1469,1,2715,263,-136,-146,0,140,0,01,12,2,2200,631,33850817,011F0000,1717,26495,00,02
D,33851729,995,1469,0,2715,256,-136,-142,0,141,0,01,12,2,2200,632,33851759,011F0000,1717,27425,00,02
D,33852707,978,1470,1,2714,235,-136,-142,0,141,0,01,12,2,2200,632,33852738,011F0000,1717,28404,00,02
D,33853702,995,1470,0,2714,235,-136,-142,0,141,0,01,12,2,2200,633,33853732,011F0000,1717,29399,00,02
D,33854725,1023,1471,1,2713,250,-137,-142,0,141,0,01,12,2,2200,633,33854798,011F0000,1717,30473,00,02
D,33855723,998,1471,0,2713,264,-136,-134,0,141,0,01,12,2,2200,634,33855755,011F0000,1717,31421,00,02
D,33856833,1110,1472,1,2712,365,-137,-138,0,141,0,01,12,2,2200,634,33856928,011F0000,1717,32617,00,02
D,33857942,1109,1472,0,2712,455,-137,-138,0,141,0,01,12,2,2200,635,33858130,011F0000,1717,33824,00,02
D,33858791,849,1473,1,2711,331,-137,-138,0,141,0,01,12,2,2200,635,33858883,011F0000,1717,34570,00,02
D,33859755,964,1473,0,2711,279,-137,-138,0,141,0,01,12,2,2200,635,33859803,011F0000,1717,35478,00,02
D,33860713,958,1474,1,2710,249,-137,-142,0,141,0,01,12,2,2200,636,33860779,011F0000,1717,36455,00,02
D,33861733,1020,1475,1,2709,269,-137,-146,0,141,0,01,12,2,2200,636,33861780,011F0000,1717,37453,00,02
D,33862766,1033,1475,0,2709,290,-137,-138,0,141,0,01,12,2,2200,637,33862862,011F0000,1717,38549,00,02
D,33863745,979,1476,1,2708,273,-137,-138,0,141,0,01,12,2,2200,637,33863792,011F0000,1717,39462,00,02
D,33864729,984,1476,0,2708,267,-137,-138,0,141,0,01,12,2,2200,638,33864793,011F0000,1717,40472,00,02
D,33865741,1012,1477,1,2707,275,-138,-146,0,141,0,01,12,2,2200,638,33865793,011F0000,1717,41465,00,02
D,33866765,1024,1477,0,2707,292,-138,-142,0,141,0,01,12,2,2200,639,33866862,011F0000,1717,42547,00,02
D,33867806,1041,1478,1,2706,330,-138,-142,0,141,0,01,12,2,2200,639,33867901,011F0000,1717,43584,00,02
D,33868760,954,1478,0,2706,303,-138,-135,0,141,0,01,12,2,2200,639,33868812,011F0000,1717,44484,00,02
D,33869712,952,1479,1,2705,237,-138,-142,0,141,0,01,12,2,2200,640,33869745,011F0000,1717,45412,00,02
D,33870725,1013,1479,0,2705,263,-138,-138,0,141,0,01,12,2,2200,640,33870805,011F0000,1717,46481,00,02
D,33871727,1002,1480,1,2704,257,-138,-142,0,142,0,01,12,2,2200,641,33871759,011F0000,1717,47425,00,02
D,33872698,971,1481,1,2703,236,-138,-142,0,142,0,01,12,2,2200,641,33872730,011F0000,1717,48396,00,02
D,33873694,996,1481,0,2703,234,-139,-142,0,142,0,01,12,2,2200,642,33873723,011F0000,1717,49389,00,02
D,33874720,1026,1482,1,2702,250,-139,-142,0,142,0,01,12,2,2200,642,33874791,011F0000,1686,0,00,02
D,33875736,1016,1482,0,2702,274,-138,-134,0,142,0,01,12,2,2200,643,33875803,011F0000,1686,482,00,02
D,33876842,1106,1483,1,2701,372,-138,-138,0,142,0,01,12,2,2200,643,33876937,011F0000,1686,1632,00,02
D,33877937,1095,1484,1,2700,451,-138,-138,0,142,0,01,12,2,2200,644,33878129,011F0000,1686,2830,00,02
D,33878803,866,1484,0,2700,335,-138,-138,0,142,0,01,12,2,2200,644,33878902,011F0000,1686,3599,00,02
D,33879748,945,1485,1,2699,273,-138,-138,0,142,0,01,12,2,2200,644,33879792,011F0000,1686,4472,00,02
D,33880710,962,1485,0,2699,249,-138,-134,0,142,0,01,12,2,2200,645,33880777,011F0000,1686,5459,00,02
D,33881732,1022,1486,1,2698,269,-138,-138,0,142,0,01,12,2,2200,645,33881779,011F0000,1686,6457,00,02
D,33882754,1022,1486,0,2698,286,-138,-130,0,142,0,01,12,2,2200,646,33882851,011F0000,1686,7543,00,02
D,33883736,982,1487,1,2697,278,-138,-138,0,142,0,01,12,2,2200,646,33883786,011F0000,1686,8465,00,02
D,33884727,991,1488,1,2696,262,-138,-138,0,142,0,01,12,2,2200,647,33884791,011F0000,1686,9474,00,02
D,33885735,1008,1488,0,2696,272,-138,-138,0,142,0,01,12,2,2200,647,33885788,011F0000,1686,10467,00,02
D,33886764,1029,1489,1,2695,295,-138,-142,0,142,0,01,12,2,2200,648,33886861,011F0000,1686,11553,00,02
D,33887790,1026,1489,0,2695,325,-138,-134,0,142,0,01,12,2,2200,648,33887891,011F0000,1686,12579,00,02
D,33888769,979,1490,1,2694,307,-138,-143,0,142,0,01,12,2,2200,649,33888820,011F0000,1686,13498,00,02
D,33889699,930,1490,0,2694,235,-138,-134,0,142,0,01,12,2,2200,649,33889732,011F0000,1686,14404,00,02
D,33890722,1023,1491,1,2693,264,-138,-138,0,142,0,01,12,2,2200,649,33890801,011F0000,1686,15484,00,02
D,33891726,1004,1491,0,2693,257,-138,-134,0,143,0,01,12,2,2200,650,33891762,011F0000,1686,16435,00,02
D,33892700,974,1492,1,2692,235,-138,-134,0,143,0,01,12,2,2200,650,33892732,011F0000,1686,17404,00,02
D,33893697,997,1492,0,2692,235,-138,-134,0,143,0,01,12,2,2200,651,33893729,011F0000,1686,18402,00,02
D,33894724,1027,1493,1,2691,252,-137,-134,0,143,0,01,12,2,2200,651,33894794,011F0000,1686,19474,00,02
D,33895732,1008,1494,1,2690,258,-138,-142,0,143,0,01,12,2,2200,652,33895767,011F0000,1686,20439,00,02
D,33896825,1093,1494,0,2690,358,-138,-138,0,143,0,01,12,2,2200,652,33896915,011F0000,1686,21610,00,02
D,33897888,1063,1495,1,2689,423,-138,-138,0,143,0,01,12,2,2200,653,33898090,011F0000,1686,22801,00,02
D,33898815,927,1495,0,2689,343,-138,-138,0,143,0,01,12,2,2200,653,33898942,011F0000,1686,23647,00,02
D,33899746,931,1496,1,2688,273,-138,-138,0,143,0,01,12,2,2200,654,33899798,011F0000,1686,24476,00,02
D,33900718,972,1496,0,2688,253,-137,-134,0,143,0,01,12,2,2200,654,33900781,011F0000,1686,25462,00,02
D,33901728,1010,1497,1,2687,268,-138,-138,0,143,0,01,12,2,2200,654,33901777,011F0000,1686,26458,00,02
D,33902764,1036,1498,1,2686,299,-138,-138,0,143,0,01,12,2,2200,655,33902857,011F0000,1686,27546,00,02
D,33903739,975,1498,0,2686,268,-138,-138,0,143,0,01,12,2,2200,655,33903793,011F0000,1686,28469,00,02
D,33904729,990,1499,1,2685,268,-138,-138,0,143,0,01,12,2,2200,656,33904793,011F0000,1686,29478,00,02
D,33905740,1011,1499,0,2685,275,-138,-138,0,143,0,01,12,2,2200,656,33905796,011F0000,1686,30475,00,02
D,33906759,1019,1499,0,2685,300,-137,-134,0,143,0,01,12,2,2200,657,33906850,011F0000,1686,31538,00,02
D,33907787,1028,1500,1,2684,321,-137,-134,0,143,0,01,12,2,2200,657,33907888,011F0000,1686,32578,00,02
D,33908772,985,1501,1,2683,304,-137,-135,0,143,0,01,12,2,2200,658,33908815,011F0000,1686,33492,00,02
D,33909694,922,1501,0,2683,237,-137,-134,0,143,0,01,12,2,2200,658,33909727,011F0000,1686,34400,00,02
D,33910723,1029,1502,1,2682,263,-137,-138,0,143,0,01,12,2,2200,659,33910798,011F0000,1686,35481,00,02
D,33911719,996,1502,0,2682,262,-137,-134,0,143,0,01,12,2,2200,659,33911750,011F0000,1686,36422,00,02
D,33912708,989,1503,1,2681,234,-137,-134,0,143,0,01,12,2,2200,659,33912740,011F0000,1686,37413,00,02
D,33913702,994,1504,1,2680,235,-137,-142,0,144,0,01,12,2,2200,660,33913731,011F0000,1686,38403,00,02
D,33914715,1013,1504,0,2680,249,-137,-134,0,144,0,01,12,2,2200,660,33914788,011F0000,1686,39469,00,02
D,33915726,1011,1505,1,2679,259,-137,-134,0,144,0,01,12,2,2200,661,33915761,011F0000,1686,40433,00,02
D,33916842,1116,1505,0,2679,357,-137,-130,0,144,0,01,12,2,2200,661,33916939,011F0000,1686,41631,00,02
D,33917894,1052,1506,1,2678,428,-137,-138,0,144,0,01,12,2,2200,662,33918100,011F0000,1686,42813,00,02
D,33918794,900,1507,1,2677,335,-137,-138,0,144,0,01,12,2,2200,662,33918893,011F0000,1686,43590,00,02
D,33919734,940,1507,0,2677,274,-137,-138,0,144,0,01,12,2,2200,663,33919785,011F0000,1686,44463,00,02
D,33920726,992,1508,1,2676,261,-137,-138,0,144,0,01,12,2,2200,663,33920803,011F0000,1686,45485,00,02
D,33921746,1020,1509,1,2675,275,-137,-146,0,144,0,01,12,2,2200,664,33921815,011F0000,1686,46494,00,02
D,33922766,1020,1509,0,2675,301,-137,-138,0,144,0,01,12,2,2200,664,33922861,011F0000,1686,47552,00,02
D,33923732,966,1510,1,2674,268,-138,-146,0,144,0,01,12,2,2200,665,33923787,011F0000,1686,48466,00,02
D,33924736,1004,1510,0,2674,269,-138,-138,0,144,0,01,12,2,2200,665,33924805,011F0000,1686,49487,00,02
D,33925744,1008,1511,1,2673,272,-138,-138,0,144,0,01,12,2,2200,666,33925812,011F0000,1654,0,00,02
D,33926822,1078,1512,1,2672,310,-138,-141,0,144,0,01,12,2,2200,666,33926934,011F0000,1654,560,00,02
D,33927798,976,1512,0,2672,322,-138,-142,0,144,0,01,12,2,2200,666,33927904,011F0000,1654,1513,00,02
D,33928763,965,1512,0,2672,303,-138,-134,0,144,0,01,12,2,2200,667,33928808,011F0000,1654,2409,00,02
D,33929715,952,1513,1,2671,241,-138,-142,0,144,0,01,12,2,2200,667,33929747,011F0000,1654,3341,00,02
D,33930735,1020,1513,0,2671,263,-138,-138,0,145,0,01,12,2,2200,668,33930816,011F0000,1654,4422,00,02
D,33931717,982,1514,1,2670,256,-138,-142,0,145,0,01,12,2,2200,668,33931751,011F0000,1654,5346,00,02
D,33932705,988,1514,0,2670,235,-138,-134,0,145,0,01,12,2,2200,669,33932738,011F0000,1654,6332,00,02
D,33933695,990,1515,1,2669,235,-138,-134,0,145,0,01,12,2,2200,669,33933727,011F0000,1654,7322,00,02
D,33934720,1025,1516,1,2668,247,-138,-142,0,145,0,01,12,2,2200,670,33934793,011F0000,1654,8396,00,02
D,33935731,1011,1516,0,2668,261,-138,-134,0,145,0,01,12,2,2200,670,33935768,011F0000,1654,9363,00,02
D,33936826,1095,1517,1,2667,363,-138,-146,0,145,0,01,12,2,2200,671,33936926,011F0000,1654,10541,00,02
D,33937967,1141,1517,0,2667,477,-138,-138,0,145,0,01,12,2,2200,671,33938136,011F0000,1654,11757,00,02
D,33938824,857,1518,1,2666,353,-138,-138,0,145,0,01,12,2,2200,672,33938917,011F0000,1654,12537,00,02
D,33939732,908,1519,1,2665,271,-138,-146,0,145,0,01,12,2,2200,672,33939784,011F0000,1654,13389,00,02
D,33940717,985,1519,0,2665,254,-139,-142,0,145,0,01,12,2,2200,672,33940782,011F0000,1654,14385,00,02
D,33941743,1026,1520,1,2664,273,-139,-146,0,145,0,01,12,2,2200,673,33941793,011F0000,1654,15393,00,02
D,33942765,1022,1520,0,2664,294,-139,-138,0,145,0,01,12,2,2200,673,33942862,011F0000,1654,16476,00,02
D,33943738,973,1521,1,2663,276,-139,-138,0,145,0,01,12,2,2200,674,33943787,011F0000,1654,17386,00,02
D,33944727,989,1521,0,2663,267,-139,-138,0,145,0,01,12,2,2200,674,33944792,011F0000,1654,18396,00,02
D,33945736,1009,1522,1,2662,272,-139,-138,0,145,0,01,12,2,2200,675,33945792,011F0000,1654,19392,00,02
D,33946763,1027,1522,0,2662,294,-139,-134,0,145,0,01,12,2,2200,675,33946861,011F0000,1654,20474,00,02
D,33947797,1034,1523,1,2661,331,-139,-142,0,145,0,01,12,2,2200,676,33947889,011F0000,1654,21500,00,02
D,33948760,963,1524,1,2660,302,-139,-142,0,145,0,01,12,2,2200,676,33948807,011F0000,1654,22406,00,02
D,33949697,937,1524,0,2660,236,-139,-134,0,145,0,01,12,2,2200,677,33949732,011F0000,1654,23327,00,02
D,33950742,1045,1525,1,2659,267,-139,-138,0,145,0,01,12,2,2200,677,33950824,011F0000,1654,24428,00,02
D,33951724,982,1526,1,2658,257,-139,-142,0,145,0,01,12,2,2200,678,33951757,011F0000,1654,25351,00,02
D,33952704,980,1526,0,2658,234,-139,-134,0,145,0,01,12,2,2200,678,33952737,011F0000,1654,26332,00,02
D,33953696,992,1527,1,2657,235,-139,-142,0,145,0,01,12,2,2200,678,33953728,011F0000,1654,27322,00,02
D,33954715,1019,1527,0,2657,254,-139,-134,0,146,0,01,12,2,2200,679,33954787,011F0000,1654,28389,00,02
D,33955726,1011,1528,1,2656,261,-139,-142,0,146,0,01,12,2,2200,679,33955761,011F0000,1654,29356,00,02
D,33956821,1095,1528,0,2656,358,-138,-134,0,146,0,01,12,2,2200,680,33956915,011F0000,1654,30531,00,02
D,33957953,1132,1529,1,2655,463,-138,-138,0,146,0,01,12,2,2200,680,33958132,011F0000,1654,31757,00,02
D,33958812,859,1530,1,2654,337,-139,-146,0,146,0,01,12,2,2200,681,33958914,011F0000,1654,32530,00,02
D,33959752,940,1530,0,2654,276,-139,-138,0,146,0,01,12,2,2200,681,33959800,011F0000,1654,33403,00,02
D,33960722,970,1531,1,2653,252,-139,-142,0,146,0,01,12,2,2200,682,33960789,011F0000,1654,34392,00,02
D,33961738,1016,1532,1,2652,271,-139,-146,0,146,0,01,12,2,2200,682,33961790,011F0000,1654,35389,00,02
D,33962750,1012,1532,0,2652,292,-139,-146,0,146,0,01,12,2,2200,683,33962847,011F0000,1654,36460,00,02
D,33963735,985,1533,1,2651,275,-140,-146,0,146,0,01,12,2,2200,683,33963788,011F0000,1654,37388,00,02
D,33964740,1005,1533,0,2651,276,-140,-138,0,146,0,01,12,2,2200,684,33964805,011F0000,1654,38410,00,02
D,33965733,993,1534,1,2650,274,-140,-146,0,146,0,01,12,2,2200,684,33965788,011F0000,1654,39390,00,02
D,33966756,1023,1534,0,2650,295,-140,-142,0,146,0,01,12,2,2200,685,33966853,011F0000,1654,40466,00,02
D,33967799,1043,1535,1,2649,331,-140,-142,0,146,0,01,12,2,2200,685,33967894,011F0000,1654,41506,00,02
D,33968772,973,1535,0,2649,302,-140,-143,0,146,0,01,12,2,2200,685,33968821,011F0000,1654,42420,00,02
D,33969699,927,1536,1,2648,236,-140,-142,0,147,0,01,12,2,2200,686,33969733,011F0000,1654,43327,00,02
D,33970727,1028,1536,0,2648,265,-140,-138,0,147,0,01,12,2,2200,686,33970807,011F0000,1654,44411,00,02
D,33971727,1000,1537,1,2647,258,-140,-142,0,147,0,01,12,2,2200,687,33971763,011F0000,1654,45357,00,02
D,33972709,982,1538,1,2646,237,-140,-142,0,147,0,01,12,2,2200,687,33972741,011F0000,1654,46335,00,02
D,33973702,993,1538,0,2646,234,-140,-142,0,147,0,01,12,2,2200,688,33973735,011F0000,1654,47330,00,02
D,33974721,1019,1539,1,2645,253,-140,-142,0,147,0,01,12,2,2200,688,33974791,011F0000,1654,48392,00,02
D,33975728,1007,1539,0,2645,259,-140,-142,0,147,0,01,12,2,2200,689,33975761,011F0000,1654,49355,00,02
D,33976832,1104,1540,1,2644,348,-141,-146,0,147,0,01,12,2,2200,689,33976928,011F0000,1627,1,00,02
D,33978337,1505,1541,1,2643,476,-141,-144,0,147,0,01,12,2,2200,690,33978455,011F0000,1627,821,00,02
D,33978911,574,1541,0,2643,292,-141,-138,0,147,0,01,12,2,2200,690,33978998,011F0000,1627,1349,00,02
D,33979737,826,1542,1,2642,280,-141,-146,0,147,0,01,12,2,2200,691,33979797,011F0000,1627,2137,00,02
D,33980741,1004,1542,0,2642,265,-141,-142,0,147,0,01,12,2,2200,691,33980798,011F0000,1627,3139,00,02
D,33981733,992,1543,1,2641,269,-141,-138,0,147,0,01,12,2,2200,692,33981796,011F0000,1627,4139,00,02
D,33982755,1022,1543,0,2641,291,-141,-138,0,147,0,01,12,2,2200,692,33982846,011F0000,1627,5194,00,02
D,33983756,1001,1544,1,2640,290,-141,-138,0,147,0,01,12,2,2200,693,33983823,011F0000,1627,6166,00,02
D,33984746,990,1545,1,2639,272,-141,-146,0,147,0,01,12,2,2200,693,33984811,011F0000,1627,7154,00,02
D,33985735,989,1546,1,2638,275,-141,-146,0,147,0,01,12,2,2200,693,33985799,011F0000,1627,8142,00,02
D,33986762,1027,1546,0,2638,291,-141,-142,0,147,0,01,12,2,2200,694,33986860,011F0000,1627,9208,00,02
D,33987803,1041,1547,1,2637,330,-141,-150,0,147,0,01,12,2,2200,694,33987902,011F0000,1627,10256,00,02
D,33988691,888,1547,0,2637,231,-142,-143,0,147,0,01,12,2,2200,695,33988725,011F0000,1627,11058,00,02
D,33989703,1012,1548,1,2636,236,-142,-142,0,147,0,01,12,2,2200,695,33989737,011F0000,1627,12071,00,02
D,33990760,1057,1549,1,2635,286,-142,-146,0,147,0,01,12,2,2200,696,33990836,011F0000,1627,13178,00,02
D,33991692,932,1549,0,2635,233,-142,-142,0,147,0,01,12,2,2200,696,33991724,011F0000,1627,14057,00,02
D,33992701,1009,1550,1,2634,234,-142,-142,0,148,0,01,12,2,2200,697,33992734,011F0000,1627,15068,00,02
D,33993695,994,1550,0,2634,234,-142,-142,0,148,0,01,12,2,2200,697,33993727,011F0000,1627,16060,00,02
D,33994751,1056,1551,1,2633,278,-142,-146,0,148,0,01,12,2,2200,698,33994824,011F0000,1627,17166,00,02
D,33995706,955,1552,1,2632,232,-142,-150,0,148,0,01,12,2,2200,698,33995737,011F0000,1627,18071,00,02
D,33996840,1134,1552,0,2632,358,-142,-146,0,148,0,01,12,2,2200,699,33996939,011F0000,1627,19296,00,02
D,33997938,1098,1553,1,2631,474,-143,-146,0,148,0,01,12,2,2200,699,33998134,011F0000,1627,20495,00,02
D,33998801,863,1553,0,2631,341,-143,-146,0,148,0,01,12,2,2200,700,33998900,011F0000,1627,21256,00,02
D,33999748,947,1554,1,2630,280,-143,-146,0,148,0,01,12,2,2200,700,33999803,011F0000,1627,22145,00,02
D,34000713,965,1555,1,2629,253,-143,-150,0,148,0,01,12,2,2200,701,34000785,011F0000,1627,23126,00,02
D,34001738,1025,1555,0,2629,270,-143,-146,0,148,0,01,12,2,2200,701,34001789,011F0000,1627,24127,00,02
D,34002767,1029,1555,0,2629,295,-143,-138,0,148,0,01,12,2,2200,702,34002870,011F0000,1627,25227,00,02
D,34003744,977,1556,1,2628,269,-143,-146,0,148,0,01,12,2,2200,702,34003793,011F0000,1627,26131,00,02
D,34004731,987,1557,1,2627,267,-143,-146,0,148,0,01,12,2,2200,702,34004796,011F0000,1627,27140,00,02
D,34005748,1017,1557,0,2627,275,-143,-146,0,148,0,01,12,2,2200,703,34005804,011F0000,1627,28144,00,02
D,34006771,1023,1558,1,2626,299,-144,-149,0,148,0,01,12,2,2200,703,34006869,011F0000,1627,29221,00,02
D,34007792,1021,1558,0,2626,333,-144,-142,0,148,0,01,12,2,2200,704,34007890,011F0000,1627,30239,00,02
D,34008767,975,1559,1,2625,304,-144,-144,0,148,0,01,12,2,2200,704,34008816,011F0000,1627,31157,00,02
D,34009705,938,1560,1,2624,238,-144,-151,0,149,0,01,12,2,2200,705,34009738,011F0000,1627,32071,00,02
D,34010730,1025,1560,0,2624,267,-144,-142,0,149,0,01,12,2,2200,705,34010812,011F0000,1627,33155,00,02
D,34011729,999,1561,1,2623,254,-144,-150,0,149,0,01,12,2,2200,706,34011762,011F0000,1627,34095,00,02
D,34012696,967,1562,1,2622,234,-144,-150,0,149,0,01,12,2,2200,706,34012728,011F0000,1627,35061,00,02
D,34013708,1012,1562,0,2622,234,-144,-150,0,149,0,01,12,2,2200,707,34013739,011F0000,1627,36073,00,02
D,34014719,1011,1562,0,2622,256,-144,-142,0,149,0,01,12,2,2200,707,34014792,011F0000,1627,37132,00,02
D,34015723,1004,1563,1,2621,260,-144,-142,0,149,0,01,12,2,2200,708,34015759,011F0000,1627,38092,00,02
D,34016833,1110,1564,1,2620,356,-144,-146,0,149,0,01,12,2,2200,708,34016927,011F0000,1627,39282,00,02
D,34017918,1085,1564,0,2620,443,-144,-138,0,149,0,01,12,2,2200,709,34018117,011F0000,1627,40483,00,02
D,34018817,899,1565,1,2619,343,-144,-146,0,149,0,01,12,2,2200,709,34018940,011F0000,1627,41299,00,02
D,34019738,921,1566,1,2618,275,-144,-146,0,149,0,01,12,2,2200,710,34019789,011F0000,1627,42128,00,02
D,34020736,998,1566,0,2618,266,-144,-142,0,149,0,01,12,2,2200,710,34020815,011F0000,1627,43158,00,02
D,34021738,1002,1567,1,2617,275,-144,-146,0,149,0,01,12,2,2200,711,34021808,011F0000,1627,44149,00,02
D,34022762,1024,1567,0,2617,303,-144,-138,0,149,0,01,12,2,2200,711,34022863,011F0000,1627,45214,00,02
D,34023726,964,1568,1,2616,267,-144,-146,0,149,0,01,12,2,2200,711,34023780,011F0000,1627,46117,00,02
D,34024731,1005,1569,1,2615,271,-144,-149,0,149,0,01,12,2,2200,712,34024798,011F0000,1627,47140,00,02
D,34025733,1002,1569,0,2615,273,-144,-138,0,149,0,01,12,2,2200,712,34025797,011F0000,1627,48139,00,02
D,34026774,1041,1570,1,2614,306,-144,-141,0,149,0,01,12,2,2200,713,34026867,011F0000,1627,49221,00,02
D,34027772,998,1570,0,2614,307,-144,-142,0,149,0,01,12,2,2200,713,34027883,011F0000,1599,1,00,02
D,34028860,1088,1571,1,2613,310,-144,-146,0,149,0,01,12,2,2200,714,34028941,011F0000,1599,514,00,02
D,34029705,845,1571,0,2613,235,-144,-142,0,149,0,01,12,2,2200,714,34029736,011F0000,1599,1300,00,02
D,34030740,1035,1572,1,2612,281,-144,-138,0,150,0,01,12,2,2200,715,34030825,011F0000,1599,2397,00,02
D,34031716,976,1573,1,2611,242,-144,-142,0,150,0,01,12,2,2200,715,34031750,011F0000,1599,3313,00,02
D,34032702,986,1573,0,2611,233,-144,-142,0,150,0,01,12,2,2200,716,34032737,011F0000,1599,4301,00,02
D,34033695,993,1574,1,2610,233,-144,-150,0,150,0,01,12,2,2200,716,34033729,011F0000,1599,5292,00,02
D,34034737,1042,1574,0,2610,265,-144,-138,0,150,0,01,12,2,2200,717,34034811,011F0000,1599,6384,00,02
D,34035710,973,1575,1,2609,247,-143,-142,0,150,0,01,12,2,2200,717,34035742,011F0000,1599,7305,00,02
D,34036845,1135,1576,1,2608,373,-144,-146,0,150,0,01,12,2,2200,718,34036950,011F0000,1599,8538,00,02
D,34037894,1049,1576,0,2608,426,-144,-146,0,150,0,01,12,2,2200,718,34038102,011F0000,1599,9703,00,02
D,34038815,921,1576,0,2608,354,-143,-138,0,150,0,01,12,2,2200,719,34038941,011F0000,1599,10538,00,02
D,34039746,931,1577,1,2607,273,-143,-138,0,150,0,01,12,2,2200,719,34039796,011F0000,1599,11364,00,02
D,34040728,982,1577,0,2607,252,-143,-134,0,150,0,01,12,2,2200,720,34040793,011F0000,1599,12366,00,02
D,34041729,1001,1578,1,2606,268,-143,-138,0,150,0,01,12,2,2200,720,34041778,011F0000,1599,13348,00,02
D,34042759,1030,1579,1,2605,292,-143,-138,0,150,0,01,12,2,2200,721,34042855,011F0000,1599,14435,00,02
D,34043749,990,1579,0,2605,274,-142,-138,0,150,0,01,12,2,2200,721,34043806,011F0000,1599,15376,00,02
D,34044737,988,1580,1,2604,264,-143,-146,0,150,0,01,12,2,2200,722,34044806,011F0000,1599,16380,00,02
D,34045745,1008,1580,0,2604,271,-142,-138,0,150,0,01,12,2,2200,722,34045803,011F0000,1599,17375,00,02
D,34046769,1024,1581,1,2603,301,-142,-142,0,150,0,01,12,2,2200,723,34046862,011F0000,1599,18443,00,02
D,34047760,991,1582,1,2602,301,-142,-142,0,150,0,01,12,2,2200,723,34047877,011F0000,1599,19460,00,02
D,34048778,1018,1582,0,2602,303,-142,-142,0,150,0,01,12,2,2200,723,34048828,011F0000,1599,20397,00,02
D,34049708,930,1583,1,2601,238,-142,-142,0,151,0,01,12,2,2200,724,34049741,011F0000,1599,21304,00,02
D,34050732,1024,1583,0,2601,270,-142,-134,0,151,0,01,12,2,2200,724,34050810,011F0000,1599,22383,00,02
D,34051719,987,1584,1,2600,260,-142,-142,0,151,0,01,12,2,2200,725,34051754,011F0000,1599,23318,00,02
D,34052694,975,1585,1,2599,235,-142,-142,0,151,0,01,12,2,2200,725,34052728,011F0000,1599,24291,00,02
D,34053707,1013,1585,0,2599,234,-142,-142,0,151,0,01,12,2,2200,726,34053742,011F0000,1599,25306,00,02
D,34054724,1017,1586,1,2598,254,-142,-142,0,151,0,01,12,2,2200,726,34054796,011F0000,1599,26367,00,02
D,34055718,994,1587,1,2597,258,-142,-142,0,151,0,01,12,2,2200,727,34055748,011F0000,1599,27312,00,02
D,34056834,1116,1587,0,2597,343,-142,-138,0,151,0,01,12,2,2200,727,34056931,011F0000,1599,28516,00,02
D,34057917,1083,1588,1,2596,446,-142,-146,0,151,0,01,12,2,2200,728,34058115,011F0000,1599,29711,00,02
D,34058808,891,1589,1,2595,342,-142,-149,0,151,0,01,12,2,2200,728,34058909,011F0000,1599,30502,00,02
D,34059741,933,1589,0,2595,272,-142,-146,0,151,0,01,12,2,2200,729,34059790,011F0000,1599,31360,00,02
D,34060723,982,1590,1,2594,250,-143,-150,0,151,0,01,12,2,2200,729,34060789,011F0000,1599,32362,00,02
D,34061737,1014,1590,0,2594,271,-142,-138,0,151,0,01,12,2,2200,730,34061784,011F0000,1599,33352,00,02
D,34062758,1021,1591,1,2593,289,-143,-146,0,151,0,01,12,2,2200,730,34062853,011F0000,1599,34433,00,02
D,34063749,991,1591,0,2593,276,-142,-138,0,151,0,01,12,2,2200,731,34063803,011F0000,1599,35371,00,02
D,34064735,986,1592,1,2592,263,-142,-142,0,151,0,01,12,2,2200,731,34064803,011F0000,1599,36376,00,02
D,34065747,1012,1593,1,2591,276,-143,-146,0,151,0,01,12,2,2200,732,34065804,011F0000,1599,37372,00,02
D,34066754,1007,1593,0,2591,294,-143,-142,0,151,0,01,12,2,2200,732,34066847,011F0000,1599,38429,00,02
D,34067795,1041,1594,1,2590,333,-143,-142,0,151,0,01,12,2,2200,733,34067896,011F0000,1599,39476,00,02
D,34068771,976,1594,0,2590,301,-143,-142,0,151,0,01,12,2,2200,733,34068818,011F0000,1599,40387,00,02
D,34069702,931,1595,1,2589,239,-143,-150,0,152,0,01,12,2,2200,734,34069735,011F0000,1599,41299,00,02
D,34070737,1035,1595,0,2589,265,-143,-146,0,152,0,01,12,2,2200,734,34070816,011F0000,1599,42389,00,02
D,34071712,975,1596,1,2588,255,-143,-150,0,152,0,01,12,2,2200,735,34071752,011F0000,1599,43315,00,02
D,34072706,994,1597,1,2587,237,-143,-150,0,152,0,01,12,2,2200,735,34072741,011F0000,1599,44304,00,02
D,34073697,991,1597,0,2587,234,-143,-142,0,152,0,01,12,2,2200,735,34073731,011F0000,1599,45294,00,02
D,34074711,1014,1598,1,2586,252,-144,-150,0,152,0,01,12,2,2200,736,34074785,011F0000,1599,46358,00,02
D,34075721,1010,1598,0,2586,259,-144,-142,0,152,0,01,12,2,2200,736,34075754,011F0000,1599,47318,00,02
D,34076831,1110,1599,1,2585,354,-144,-146,0,152,0,01,12,2,2200,737,34076927,011F0000,1599,48510,00,02
D,34077892,1061,1599,0,2585,428,-143,-138,0,152,0,01,12,2,2200,738,34078096,011F0000,1599,49699,00,02
D,34078825,933,1600,1,2584,350,-144,-146,0,152,0,01,12,2,2200,738,34078953,011F0000,1572,1,00,02
D,34079942,1117,1601,1,2583,292,-144,-145,0,152,0,01,12,2,2200,739,34080037,011F0000,1572,520,00,02
D,34080734,792,1601,0,2583,259,-144,-146,0,152,0,01,12,2,2200,739,34080774,011F0000,1572,1243,00,02
D,34081721,987,1602,1,2582,258,-144,-146,0,152,0,01,12,2,2200,739,34081786,011F0000,1572,2262,00,02
D,34082781,1060,1602,0,2582,307,-144,-138,0,152,0,01,12,2,2200,740,34082877,011F0000,1572,3374,00,02
D,34083735,954,1603,1,2581,268,-144,-146,0,152,0,01,12,2,2200,740,34083787,011F0000,1572,4259,00,02
D,34084742,1007,1604,1,2580,274,-144,-146,0,152,0,01,12,2,2200,741,34084806,011F0000,1572,5283,00,02
D,34085748,1006,1604,0,2580,274,-144,-138,0,152,0,01,12,2,2200,741,34085808,011F0000,1572,6284,00,02
D,34086777,1029,1605,1,2579,306,-143,-141,0,152,0,01,12,2,2200,742,34086867,011F0000,1572,7352,00,02
D,34087798,1021,1605,0,2579,322,-143,-142,0,152,0,01,12,2,2200,742,34087904,011F0000,1572,8389,00,02
D,34088766,968,1606,1,2578,301,-143,-142,0,152,0,01,12,2,2200,743,34088813,011F0000,1572,9287,00,02
D,34089708,942,1607,1,2577,238,-143,-142,0,152,0,01,12,2,2200,743,34089742,011F0000,1572,10210,00,02
D,34090740,1032,1607,0,2577,267,-143,-138,0,153,0,01,12,2,2200,744,34090818,011F0000,1572,11295,00,02
D,34091727,987,1608,1,2576,254,-143,-142,0,153,0,01,12,2,2200,744,34091757,011F0000,1572,12225,00,02
D,34092699,972,1609,1,2575,236,-143,-150,0,153,0,01,12,2,2200,745,34092732,011F0000,1572,13200,00,02
D,34093708,1009,1609,0,2575,233,-143,-142,0,153,0,01,12,2,2200,745,34093741,011F0000,1572,14210,00,02
D,34094727,1019,1610,1,2574,253,-144,-150,0,153,0,01,12,2,2200,746,34094801,011F0000,1572,15277,00,02
D,34095714,987,1611,1,2573,258,-144,-150,0,153,0,01,12,2,2200,746,34095748,011F0000,1572,16216,00,02
D,34096835,1121,1611,0,2573,359,-144,-146,0,153,0,01,12,2,2200,747,34096938,011F0000,1572,17427,00,02
D,34097872,1037,1612,1,2572,413,-144,-146,0,153,0,01,12,2,2200,747,34098060,011F0000,1572,18576,00,02
D,34098833,961,1612,0,2572,369,-144,-146,0,153,0,01,12,2,2200,748,34098970,011F0000,1572,19461,00,02
D,34099734,901,1613,1,2571,269,-144,-146,0,153,0,01,12,2,2200,748,34099789,011F0000,1572,20264,00,02
D,34100717,983,1613,0,2571,256,-144,-142,0,153,0,01,12,2,2200,749,34100782,011F0000,1572,21257,00,02
D,34101746,1029,1614,1,2570,270,-144,-146,0,153,0,01,12,2,2200,749,34101796,011F0000,1572,22270,00,02
D,34102775,1029,1614,0,2570,304,-144,-138,0,153,0,01,12,2,2200,750,34102866,011F0000,1572,23349,00,02
D,34103743,968,1615,1,2569,269,-144,-146,0,153,0,01,12,2,2200,750,34103798,011F0000,1572,24271,00,02
D,34104735,992,1616,1,2568,268,-144,-146,0,153,0,01,12,2,2200,751,34104801,011F0000,1572,25279,00,02
D,34105747,1012,1616,0,2568,274,-144,-146,0,153,0,01,12,2,2200,751,34105804,011F0000,1572,26278,00,02
D,34106782,1035,1617,1,2567,308,-144,-149,0,153,0,01,12,2,2200,752,34106871,011F0000,1572,27357,00,02
D,34107774,992,1617,0,2567,312,-144,-142,0,153,0,01,12,2,2200,752,34107885,011F0000,1572,28369,00,02
D,34108760,986,1618,1,2566,302,-145,-150,0,153,0,01,12,2,2200,753,34108811,011F0000,1572,29285,00,02
D,34109709,949,1618,0,2566,237,-144,-142,0,153,0,01,12,2,2200,753,34109744,011F0000,1572,30213,00,02
D,34110742,1033,1619,1,2565,268,-145,-146,0,154,0,01,12,2,2200,754,34110815,011F0000,1572,31292,00,02
D,34111721,979,1620,1,2564,252,-145,-146,0,154,0,01,12,2,2200,754,34111753,011F0000,1572,32221,00,02
D,34112709,988,1620,0,2564,235,-144,-142,0,154,0,01,12,2,2200,755,34112745,011F0000,1572,33214,00,02
D,34113706,997,1621,1,2563,234,-145,-150,0,154,0,01,12,2,2200,755,34113735,011F0000,1572,34203,00,02
D,34114731,1025,1622,1,2562,255,-145,-150,0,154,0,01,12,2,2200,756,34114805,011F0000,1572,35281,00,02
D,34115721,990,1622,0,2562,255,-145,-142,0,154,0,01,12,2,2200,756,34115757,011F0000,1572,36226,00,02
D,34116842,1121,1623,1,2561,350,-145,-146,0,154,0,01,12,2,2200,757,34116936,011F0000,1572,37426,00,02
D,34117896,1054,1624,1,2560,428,-145,-154,0,154,0,01,12,2,2200,757,34118095,011F0000,1572,38598,00,02
D,34118831,935,1625,1,2559,357,-146,-154,0,154,0,01,12,2,2200,758,34118962,011F0000,1572,39459,00,02
D,34119750,919,1625,0,2559,273,-146,-146,0,154,0,01,12,2,2200,758,34119802,011F0000,1572,40276,00,02
D,34120736,986,1625,0,2559,267,-145,-142,0,154,0,01,12,2,2200,758,34120813,011F0000,1572,41289,00,02
D,34121742,1006,1626,1,2558,277,-145,-146,0,154,0,01,12,2,2200,759,34121806,011F0000,1572,42282,00,02
D,34122778,1036,1627,1,2557,306,-145,-146,0,154,0,01,12,2,2200,760,34122875,011F0000,1572,43376,00,02
D,34123730,952,1627,0,2557,262,-146,-146,0,154,0,01,12,2,2200,760,34123788,011F0000,1572,44260,00,02
D,34124741,1011,1628,1,2556,277,-146,-146,0,154,0,01,12,2,2200,760,34124807,011F0000,1572,45284,00,02
D,34125747,1006,1629,1,2555,274,-146,-146,0,154,0,01,12,2,2200,761,34125812,011F0000,1572,46289,00,02
D,34126776,1029,1629,0,2555,309,-145,-141,0,154,0,01,12,2,2200,761,34126863,011F0000,1572,47346,00,02
D,34127794,1018,1630,1,2554,321,-146,-150,0,154,0,01,12,2,2200,762,34127892,011F0000,1572,48376,00,02
D,34128770,976,1631,1,2553,299,-146,-150,0,154,0,01,12,2,2200,762,34128820,011F0000,1572,49294,00,02
D,34129700,930,1631,0,2553,238,-146,-150,0,154,0,01,12,2,2200,763,34129735,011F0000,1546,2,00,02
D,34130750,1050,1632,1,2552,275,-146,-154,0,154,0,01,12,2,2200,763,34130833,011F0000,1546,537,00,02
D,34131716,966,1632,0,2552,259,-146,-150,0,154,0,01,12,2,2200,764,34131751,011F0000,1546,1447,00,02
D,34132690,974,1633,1,2551,234,-147,-150,0,154,0,01,12,2,2200,764,34132725,011F0000,1546,2420,00,02
D,34133705,1015,1634,1,2550,233,-147,-158,0,155,0,01,12,2,2200,765,34133739,011F0000,1546,3435,00,02
D,34134732,1027,1634,0,2550,257,-147,-150,0,155,0,01,12,2,2200,765,34134804,011F0000,1546,4507,00,02
D,34135718,986,1634,0,2550,251,-147,-142,0,155,0,01,12,2,2200,766,34135748,011F0000,1546,5443,00,02
D,34136831,1113,1635,1,2549,356,-147,-146,0,155,0,01,12,2,2200,766,34136935,011F0000,1546,6655,00,02
D,34137911,1080,1636,1,2548,446,-147,-154,0,155,0,01,12,2,2200,767,34138119,011F0000,1546,7846,00,02
D,34138795,884,1636,0,2548,336,-147,-146,0,155,0,01,12,2,2200,767,34138893,011F0000,1546,8616,00,02
D,34139746,951,1637,1,2547,272,-147,-154,0,155,0,01,12,2,2200,768,34139796,011F0000,1546,9498,00,02
D,34140713,967,1638,1,2546,250,-148,-157,0,155,0,01,12,2,2200,768,34140779,011F0000,1546,10484,00,02
D,34141739,1026,1638,0,2546,270,-148,-146,0,155,0,01,12,2,2200,769,34141785,011F0000,1546,11487,00,02
D,34142744,1005,1639,1,2545,287,-148,-154,0,155,0,01,12,2,2200,769,34142840,011F0000,1546,12554,00,02
D,34143735,991,1640,1,2544,274,-148,-154,0,155,0,01,12,2,2200,770,34143789,011F0000,1546,13490,00,02
D,34144730,995,1640,0,2544,263,-148,-150,0,155,0,01,12,2,2200,770,34144798,011F0000,1546,14504,00,02
D,34145741,1011,1641,1,2543,270,-149,-155,0,155,0,01,12,2,2200,771,34145797,011F0000,1546,15499,00,02
D,34146773,1032,1641,0,2543,297,-149,-149,0,155,0,01,12,2,2200,771,34146864,011F0000,1546,16580,00,02
D,34147785,1012,1642,1,2542,319,-149,-150,0,155,0,01,12,2,2200,772,34147893,011F0000,1546,17603,00,02
D,34148769,984,1642,0,2542,303,-148,-142,0,155,0,01,12,2,2200,772,34148819,011F0000,1546,18522,00,02
D,34149701,932,1643,1,2541,236,-148,-142,0,155,0,01,12,2,2200,773,34149735,011F0000,1546,19431,00,02
D,34150735,1034,1644,1,2540,271,-148,-150,0,155,0,01,12,2,2200,773,34150813,011F0000,1546,20520,00,02
D,34151712,977,1644,0,2540,252,-148,-150,0,155,0,01,12,2,2200,774,34151744,011F0000,1546,21439,00,02
D,34152696,984,1645,1,2539,234,-148,-150,0,155,0,01,12,2,2200,774,34152729,011F0000,1546,22425,00,02
D,34153693,997,1646,1,2538,235,-148,-150,0,156,0,01,12,2,2200,775,34153723,011F0000,1546,23418,00,02
D,34154729,1036,1646,0,2538,255,-148,-150,0,156,0,01,12,2,2200,775,34154804,011F0000,1546,24509,00,02
D,34155724,995,1647,1,2537,254,-149,-150,0,156,0,01,12,2,2200,776,34155758,011F0000,1546,25454,00,02
D,34156840,1116,1647,0,2537,370,-148,-146,0,156,0,01,12,2,2200,776,34156938,011F0000,1546,26655,00,02
D,34157941,1101,1648,1,2536,457,-148,-146,0,156,0,01,12,2,2200,777,34158124,011F0000,1546,27849,00,02
D,34158808,867,1649,1,2535,339,-148,-146,0,156,0,01,12,2,2200,777,34158914,011F0000,1546,28637,00,02
D,34159744,936,1649,0,2535,274,-148,-146,0,156,0,01,12,2,2200,778,34159788,011F0000,1546,29491,00,02
D,34160709,965,1650,1,2534,249,-148,-150,0,156,0,01,12,2,2200,778,34160775,011F0000,1546,30480,00,02
D,34161738,1029,1651,1,2533,270,-148,-155,0,156,0,01,12,2,2200,779,34161784,011F0000,1546,31485,00,02
D,34162754,1016,1651,0,2533,291,-148,-146,0,156,0,01,12,2,2200,779,34162854,011F0000,1546,32570,00,02
D,34163734,980,1652,1,2532,278,-148,-146,0,156,0,01,12,2,2200,780,34163786,011F0000,1546,33486,00,02
D,34164739,1005,1652,0,2532,266,-148,-146,0,156,0,01,12,2,2200,780,34164804,011F0000,1546,34511,00,02
D,34165739,1000,1653,1,2531,275,-148,-155,0,156,0,01,12,2,2200,781,34165793,011F0000,1546,35495,00,02
D,34166763,1024,1653,0,2531,293,-149,-149,0,156,0,01,12,2,2200,781,34166861,011F0000,1546,36576,00,02
D,34167790,1027,1654,1,2530,328,-149,-150,0,156,0,01,12,2,2200,782,34167897,011F0000,1546,37607,00,02
D,34168774,984,1654,0,2530,303,-148,-142,0,156,0,01,12,2,2200,782,34168822,011F0000,1546,38524,00,02
D,34169703,929,1655,1,2529,238,-148,-150,0,156,0,01,12,2,2200,783,34169736,011F0000,1546,39431,00,02
D,34170723,1020,1656,1,2528,261,-148,-146,0,156,0,01,12,2,2200,783,34170802,011F0000,1546,40509,00,02
D,34171715,992,1656,0,2528,259,-148,-142,0,157,0,01,12,2,2200,784,34171748,011F0000,1546,41444,00,02
D,34172703,988,1657,1,2527,235,-148,-150,0,157,0,01,12,2,2200,784,34172736,011F0000,1546,42431,00,02
D,34173701,998,1657,0,2527,234,-148,-142,0,157,0,01,12,2,2200,785,34173732,011F0000,1546,43428,00,02
D,34174718,1017,1658,1,2526,248,-148,-142,0,157,0,01,12,2,2200,785,34174789,011F0000,1546,44493,00,02
D,34175735,1017,1658,0,2526,262,-147,-142,0,157,0,01,12,2,2200,786,34175771,011F0000,1546,45466,00,02
D,34176835,1100,1659,1,2525,353,-147,-146,0,157,0,01,12,2,2200,786,34176929,011F0000,1546,46646,00,02
D,34177941,1106,1660,1,2524,455,-147,-146,0,157,0,01,12,2,2200,787,34178128,011F0000,1546,47850,00,02
D,34178814,873,1661,1,2523,341,-148,-154,0,157,0,01,12,2,2200,787,34178917,011F0000,1546,48642,00,02
D,34179746,932,1661,0,2523,273,-147,-146,0,157,0,01,12,2,2200,788,34179790,011F0000,1546,49494,00,02
D,34180716,970,1662,1,2522,253,-148,-150,0,157,0,01,12,2,2200,788,34180782,011F0000,1521,1,00,02
D,34181734,1018,1662,0,2522,276,-148,-146,0,157,0,01,12,2,2200,789,34181815,011F0000,1521,485,00,02
D,34182767,1033,1663,1,2521,302,-147,-146,0,157,0,01,12,2,2200,789,34182867,011F0000,1521,1547,00,02
D,34183730,963,1664,1,2520,271,-147,-146,0,157,0,01,12,2,2200,790,34183777,011F0000,1521,2442,00,02
D,34184739,1009,1664,0,2520,265,-147,-146,0,157,0,01,12,2,2200,790,34184807,011F0000,1521,3477,00,02
D,34185739,1000,1665,1,2519,275,-147,-146,0,157,0,01,12,2,2200,791,34185800,011F0000,1521,4468,00,02
D,34186776,1037,1666,1,2518,302,-147,-149,0,157,0,01,12,2,2200,791,34186874,011F0000,1521,5562,00,02
D,34187785,1009,1667,1,2517,326,-148,-158,0,157,0,01,12,2,2200,792,34187892,011F0000,1521,6566,00,02
D,34188769,984,1667,0,2517,303,-148,-150,0,157,0,01,12,2,2200,792,34188818,011F0000,1521,7484,00,02
D,34189700,931,1667,0,2517,237,-148,-142,0,157,0,01,12,2,2200,793,34189732,011F0000,1521,8393,00,02
D,34190727,1027,1668,1,2516,265,-148,-146,0,157,0,01,12,2,2200,793,34190809,011F0000,1521,9480,00,02
D,34191715,988,1669,1,2515,257,-148,-150,0,158,0,01,12,2,2200,794,34191746,011F0000,1521,10405,00,02
D,34192699,984,1669,0,2515,234,-148,-142,0,158,0,01,12,2,2200,794,34192733,011F0000,1521,11392,00,02
D,34193696,997,1670,1,2514,235,-148,-150,0,158,0,01,12,2,2200,795,34193726,011F0000,1521,12385,00,02
D,34194722,1026,1670,0,2514,252,-147,-142,0,158,0,01,12,2,2200,795,34194793,011F0000,1521,13462,00,02
D,34195733,1011,1671,1,2513,258,-147,-150,0,158,0,01,12,2,2200,796,34195766,011F0000,1521,14425,00,02
D,34196833,1100,1672,1,2512,354,-148,-154,0,158,0,01,12,2,2200,796,34196929,011F0000,1521,15608,00,02
D,34197910,1077,1672,0,2512,444,-148,-146,0,158,0,01,12,2,2200,797,34198109,011F0000,1521,16808,00,02
D,34198798,888,1673,1,2511,340,-148,-154,0,158,0,01,12,2,2200,797,34198893,011F0000,1521,17576,00,02
D,34199747,949,1674,1,2510,271,-148,-154,0,158,0,01,12,2,2200,798,34199796,011F0000,1521,18461,00,02
D,34200714,967,1674,0,2510,250,-148,-150,0,158,0,01,12,2,2200,798,34200779,011F0000,1521,19448,00,02
D,34201741,1027,1675,1,2509,272,-148,-154,0,158,0,01,12,2,2200,799,34201787,011F0000,1521,20450,00,02
D,34202768,1027,1675,0,2509,292,-148,-146,0,158,0,01,12,2,2200,799,34202862,011F0000,1521,21537,00,02
D,34203734,966,1676,1,2508,277,-149,-154,0,158,0,01,12,2,2200,800,34203788,011F0000,1521,22453,00,02
D,34204734,1000,1676,0,2508,261,-149,-146,0,158,0,01,12,2,2200,800,34204799,011F0000,1521,23468,00,02
D,34205747,1013,1677,1,2507,274,-149,-155,0,158,0,01,12,2,2200,801,34205800,011F0000,1521,24466,00,02
D,34206769,1022,1678,1,2506,297,-149,-157,0,158,0,01,12,2,2200,801,34206860,011F0000,1521,25537,00,02
D,34207781,1012,1678,0,2506,323,-149,-150,0,158,0,01,12,2,2200,802,34207892,011F0000,1521,26568,00,02
D,34208773,992,1679,1,2505,302,-149,-150,0,158,0,01,12,2,2200,802,34208819,011F0000,1521,27483,00,02
D,34209701,928,1679,0,2505,237,-149,-142,0,158,0,01,12,2,2200,803,34209733,011F0000,1521,28392,00,02
D,34210737,1036,1680,1,2504,265,-149,-146,0,158,0,01,12,2,2200,803,34210816,011F0000,1521,29484,00,02
D,34211725,988,1681,1,2503,259,-149,-150,0,158,0,01,12,2,2200,804,34211757,011F0000,1521,30417,00,02
D,34212707,982,1682,1,2502,235,-149,-158,0,158,0,01,12,2,2200,804,34212740,011F0000,1521,31399,00,02
D,34213702,995,1682,0,2502,235,-149,-150,0,159,0,01,12,2,2200,805,34213733,011F0000,1521,32393,00,02
D,34214723,1021,1683,1,2501,250,-149,-150,0,159,0,01,12,2,2200,805,34214797,011F0000,1521,33465,00,02
D,34215722,999,1683,0,2501,259,-149,-150,0,159,0,01,12,2,2200,806,34215755,011F0000,1521,34414,00,02
D,34216847,1125,1684,1,2500,364,-149,-146,0,159,0,01,12,2,2200,807,34216947,011F0000,1521,35628,00,02
D,34218115,1268,1685,1,2499,637,-149,-145,0,159,0,01,12,2,2200,807,34218231,011F0000,1521,36917,00,02
D,34218810,695,1685,0,2499,350,-149,-146,0,159,0,01,12,2,2200,808,34218867,011F0000,1521,37533,00,02
D,34219734,924,1686,1,2498,260,-149,-154,0,159,0,01,12,2,2200,808,34219797,011F0000,1521,38467,00,02
D,34220743,1009,1687,1,2497,274,-149,-155,0,159,0,01,12,2,2200,809,34220824,011F0000,1521,39494,00,02
D,34221740,997,1687,0,2497,272,-149,-146,0,159,0,01,12,2,2200,809,34221805,011F0000,1521,40473,00,02
D,34222776,1036,1688,1,2496,300,-149,-154,0,159,0,01,12,2,2200,810,34222871,011F0000,1521,41550,00,02
D,34223750,974,1689,1,2495,278,-150,-154,0,159,0,01,12,2,2200,810,34223801,011F0000,1521,42464,00,02
D,34224739,989,1689,0,2495,275,-150,-155,0,159,0,01,12,2,2200,811,34224801,011F0000,1521,43470,00,02
D,34225743,1004,1690,1,2494,272,-150,-155,0,159,0,01,12,2,2200,811,34225805,011F0000,1521,44473,00,02
D,34226766,1023,1690,0,2494,300,-150,-149,0,159,0,01,12,2,2200,812,34226866,011F0000,1521,45545,00,02
D,34227827,1061,1691,1,2493,358,-150,-150,0,159,0,01,12,2,2200,812,34227924,011F0000,1521,46601,00,02
D,34228716,889,1692,1,2492,250,-150,-159,0,159,0,01,12,2,2200,813,34228751,011F0000,1521,47411,00,02
D,34229705,989,1692,0,2492,236,-150,-150,0,159,0,01,12,2,2200,813,34229741,011F0000,1521,48401,00,02
D,34230746,1041,1693,1,2491,287,-150,-154,0,160,0,01,12,2,2200,814,34230819,011F0000,1521,49487,00,02
D,34231703,957,1693,0,2491,241,-150,-150,0,160,0,01,12,2,2200,814,34231735,011F0000,1496,1,00,02
D,34232720,1017,1694,1,2490,261,-150,-150,0,160,0,01,12,2,2200,815,34232788,011F0000,1496,530,00,02
D,34233705,985,1694,0,2490,235,-150,-150,0,160,0,01,12,2,2200,815,34233736,011F0000,1496,1472,00,02
D,34234751,1046,1695,1,2489,276,-150,-155,0,160,0,01,12,2,2200,816,34234822,011F0000,1496,2565,00,02
D,34235700,949,1696,1,2488,238,-151,-158,0,160,0,01,12,2,2200,816,34235733,011F0000,1496,3470,00,02
D,34236839,1139,1696,0,2488,373,-151,-146,0,160,0,01,12,2,2200,817,34236950,011F0000,1496,4709,00,02
D,34237872,1033,1697,1,2487,412,-151,-154,0,160,0,01,12,2,2200,817,34238070,011F0000,1496,5851,00,02
D,34238809,937,1697,0,2487,351,-151,-146,0,160,0,01,12,2,2200,818,34238924,011F0000,1496,6692,00,02
D,34239734,925,1698,1,2486,271,-151,-154,0,160,0,01,12,2,2200,818,34239782,011F0000,1496,7524,00,02
D,34240727,993,1699,1,2485,255,-151,-157,0,160,0,01,12,2,2200,819,34240792,011F0000,1496,8536,00,02
D,34241737,1010,1699,0,2485,271,-151,-146,0,160,0,01,12,2,2200,819,34241780,011F0000,1496,9522,00,02
D,34242763,1026,1700,1,2484,293,-151,-146,0,160,0,01,12,2,2200,820,34242855,011F0000,1496,10606,00,02
D,34243745,982,1701,1,2483,275,-151,-154,0,160,0,01,12,2,2200,820,34243799,011F0000,1496,11541,00,02
D,34244737,992,1702,1,2482,262,-151,-155,0,160,0,01,12,2,2200,821,34244802,011F0000,1496,12548,00,02
D,34245742,1005,1702,0,2482,272,-151,-155,0,160,0,01,12,2,2200,821,34245795,011F0000,1496,13538,00,02
D,34246761,1019,1703,1,2481,298,-151,-157,0,160,0,01,12,2,2200,822,34246846,011F0000,1496,14599,00,02
D,34247799,1038,1703,0,2481,333,-151,-150,0,160,0,01,12,2,2200,822,34247894,011F0000,1496,15646,00,02
D,34248775,976,1704,1,2480,300,-151,-151,0,160,0,01,12,2,2200,823,34248818,011F0000,1496,16560,00,02
D,34249712,937,1705,1,2479,238,-151,-158,0,160,0,01,12,2,2200,823,34249747,011F0000,1496,17483,00,02
D,34250731,1019,1706,1,2478,264,-152,-158,0,160,0,01,12,2,2200,824,34250808,011F0000,1496,18553,00,02
D,34251730,999,1706,0,2478,262,-152,-150,0,160,0,01,12,2,2200,824,34251763,011F0000,1496,19500,00,02
D,34252705,975,1707,1,2477,233,-152,-158,0,161,0,01,12,2,2200,825,34252738,011F0000,1496,20474,00,02
D,34253695,990,1707,0,2477,234,-152,-150,0,161,0,01,12,2,2200,825,34253728,011F0000,1496,21465,00,02
D,34254722,1027,1708,1,2476,250,-152,-150,0,161,0,01,12,2,2200,826,34254793,011F0000,1496,22537,00,02
D,34255732,1010,1709,1,2475,261,-152,-158,0,161,0,01,12,2,2200,826,34255766,011F0000,1496,23502,00,02
D,34256831,1099,1709,0,2475,370,-152,-154,0,161,0,01,12,2,2200,827,34256928,011F0000,1496,24688,00,02
D,34257943,1112,1710,1,2474,462,-152,-154,0,161,0,01,12,2,2200,828,34258128,011F0000,1496,25890,00,02
D,34258804,861,1711,1,2473,336,-152,-154,0,161,0,01,12,2,2200,828,34258894,011F0000,1496,26655,00,02
D,34259752,948,1711,0,2473,277,-152,-154,0,161,0,01,12,2,2200,828,34259799,011F0000,1496,27543,00,02
D,34260722,970,1712,1,2472,250,-152,-157,0,161,0,01,12,2,2200,829,34260786,011F0000,1496,28532,00,02
D,34261730,1008,1712,0,2472,271,-153,-154,0,161,0,01,12,2,2200,829,34261777,011F0000,1496,29518,00,02
D,34262758,1028,1713,1,2471,291,-153,-154,0,161,0,01,12,2,2200,830,34262856,011F0000,1496,30611,00,02
D,34263749,991,1714,1,2470,277,-153,-163,0,161,0,01,12,2,2200,831,34263801,011F0000,1496,31542,00,02
D,34264739,990,1714,0,2470,269,-153,-157,0,161,0,01,12,2,2200,831,34264805,011F0000,1496,32552,00,02
D,34265737,998,1715,1,2469,275,-153,-154,0,161,0,01,12,2,2200,832,34265790,011F0000,1496,33532,00,02
D,34266769,1032,1716,1,2468,293,-153,-157,0,161,0,01,12,2,2200,832,34266864,011F0000,1496,34620,00,02
D,34267783,1014,1716,0,2468,318,-154,-158,0,161,0,01,12,2,2200,833,34267884,011F0000,1496,35638,00,02
D,34268779,996,1717,1,2467,304,-154,-158,0,161,0,01,12,2,2200,833,34268830,011F0000,1496,36570,00,02
D,34269697,918,1717,0,2467,236,-154,-158,0,161,0,01,12,2,2200,834,34269730,011F0000,1496,37467,00,02
D,34270728,1031,1718,1,2466,269,-154,-155,0,161,0,01,12,2,2200,834,34270809,011F0000,1496,38555,00,02
D,34271718,990,1718,0,2466,260,-154,-150,0,161,0,01,12,2,2200,835,34271754,011F0000,1496,39490,00,02
D,34272696,978,1719,1,2465,234,-154,-158,0,161,0,01,12,2,2200,835,34272730,011F0000,1496,40466,00,02
D,34273693,997,1720,1,2464,235,-154,-158,0,162,0,01,12,2,2200,836,34273725,011F0000,1496,41461,00,02
D,34274724,1031,1721,1,2463,258,-154,-158,0,162,0,01,12,2,2200,836,34274795,011F0000,1496,42539,00,02
D,34275710,986,1721,0,2463,251,-154,-150,0,162,0,01,12,2,2200,837,34275744,011F0000,1496,43480,00,02
D,34276828,1118,1722,1,2462,359,-154,-154,0,162,0,01,12,2,2200,837,34276921,011F0000,1496,44678,00,02
D,34277914,1086,1723,1,2461,443,-154,-162,0,162,0,01,12,2,2200,838,34278114,011F0000,1496,45881,00,02
D,34278802,888,1724,1,2460,339,-155,-163,0,162,0,01,12,2,2200,838,34278905,011F0000,1496,46670,00,02
D,34279741,939,1725,1,2459,272,-155,-163,0,162,0,01,12,2,2200,839,34279789,011F0000,1496,47531,00,02
D,34280724,983,1725,0,2459,250,-155,-157,0,162,0,01,12,2,2200,839,34280790,011F0000,1496,48536,00,02
D,34281735,1011,1725,0,2459,271,-155,-155,0,162,0,01,12,2,2200,840,34281781,011F0000,1496,49522,00,02
D,34282765,1030,1726,1,2458,291,-155,-154,0,162,0,01,12,2,2200,840,34282859,011F0000,1473,1,00,02
D,34283833,1068,1727,1,2457,280,-155,-162,0,162,0,01,12,2,2200,841,34283908,011F0000,1473,482,00,02
D,34284738,905,1727,0,2457,272,-155,-155,0,162,0,01,12,2,2200,841,34284807,011F0000,1473,1382,00,02
D,34285743,1005,1728,1,2456,272,-155,-155,0,162,0,01,12,2,2200,842,34285806,011F0000,1473,2379,00,02
D,34286783,1040,1728,0,2456,307,-155,-149,0,162,0,01,12,2,2200,842,34286875,011F0000,1473,3466,00,02
D,34287799,1016,1729,1,2455,326,-155,-158,0,162,0,01,12,2,2200,843,34287889,011F0000,1473,4471,00,02
D,34288766,967,1730,1,2454,301,-155,-158,0,162,0,01,12,2,2200,843,34288819,011F0000,1473,5388,00,02
D,34289700,934,1730,0,2454,237,-155,-150,0,162,0,01,12,2,2200,844,34289732,011F0000,1473,6296,00,02
D,34290727,1027,1731,1,2453,268,-155,-155,0,162,0,01,12,2,2200,845,34290804,011F0000,1473,7383,00,02
D,34291721,994,1732,1,2452,255,-155,-158,0,163,0,01,12,2,2200,845,34291754,011F0000,1473,8318,00,02
D,34292706,985,1732,0,2452,235,-155,-158,0,163,0,01,12,2,2200,846,34292742,011F0000,1473,9307,00,02
D,34293702,996,1732,0,2452,235,-155,-150,0,163,0,01,12,2,2200,846,34293733,011F0000,1473,10298,00,02
D,34294712,1010,1733,1,2451,253,-155,-150,0,163,0,01,12,2,2200,847,34294784,011F0000,1473,11357,00,02
D,34295718,1006,1734,1,2450,258,-155,-158,0,163,0,01,12,2,2200,847,34295753,011F0000,1473,12317,00,02
D,34296855,1137,1734,0,2450,358,-155,-146,0,163,0,01,12,2,2200,848,34296949,011F0000,1473,13535,00,02
D,34297920,1065,1735,1,2449,434,-155,-154,0,163,0,01,12,2,2200,848,34298113,011F0000,1473,14706,00,02
D,34298802,882,1736,1,2448,344,-155,-155,0,163,0,01,12,2,2200,849,34298900,011F0000,1473,15497,00,02
D,34299735,933,1736,0,2448,271,-155,-154,0,163,0,01,12,2,2200,849,34299785,011F0000,1473,16356,00,02
D,34300721,986,1737,1,2447,251,-155,-157,0,163,0,01,12,2,2200,850,34300787,011F0000,1473,17360,00,02
D,34301739,1018,1738,1,2446,270,-155,-163,0,163,0,01,12,2,2200,850,34301785,011F0000,1473,18354,00,02
D,34302751,1012,1738,0,2446,292,-155,-154,0,163,0,01,12,2,2200,851,34302842,011F0000,1473,19422,00,02
D,34303735,984,1738,0,2446,277,-155,-146,0,163,0,01,12,2,2200,851,34303788,011F0000,1473,20357,00,02
D,34304724,989,1739,1,2445,262,-154,-146,0,163,0,01,12,2,2200,852,34304788,011F0000,1473,21362,00,02
D,34305735,1011,1740,1,2444,272,-154,-154,0,163,0,01,12,2,2200,852,34305790,011F0000,1473,22360,00,02
D,34306775,1040,1741,1,2443,299,-154,-157,0,163,0,01,12,2,2200,853,34306865,011F0000,1473,23449,00,02
D,34307771,996,1741,0,2443,301,-154,-150,0,163,0,01,12,2,2200,853,34307893,011F0000,1473,24474,00,02
D,34308760,989,1742,1,2442,302,-154,-150,0,163,0,01,12,2,2200,854,34308808,011F0000,1473,25378,00,02
D,34309704,944,1743,1,2441,240,-154,-150,0,163,0,01,12,2,2200,854,34309740,011F0000,1473,26305,00,02
D,34310735,1031,1744,1,2440,273,-154,-155,0,163,0,01,12,2,2200,855,34310807,011F0000,1473,27380,00,02
D,34311716,981,1744,0,2440,254,-154,-150,0,163,0,01,12,2,2200,855,34311755,011F0000,1473,28319,00,02
D,34312702,986,1745,1,2439,236,-154,-158,0,163,0,01,12,2,2200,856,34312735,011F0000,1473,29300,00,02
D,34313696,994,1745,0,2439,234,-154,-150,0,163,0,01,12,2,2200,856,34313729,011F0000,1473,30293,00,02
D,34314725,1029,1746,1,2438,259,-154,-150,0,164,0,01,12,2,2200,857,34314794,011F0000,1473,31367,00,02
D,34315726,1001,1747,1,2437,256,-154,-158,0,164,0,01,12,2,2200,858,34315767,011F0000,1473,32332,00,02
D,34316840,1114,1748,1,2436,361,-154,-162,0,164,0,01,12,2,2200,858,34316933,011F0000,1473,33518,00,02
D,34317938,1098,1748,0,2436,458,-154,-154,0,164,0,01,12,2,2200,859,34318126,011F0000,1473,34722,00,02
D,34318810,872,1749,1,2435,333,-154,-154,0,164,0,01,12,2,2200,859,34318912,011F0000,1473,35501,00,02
D,34319743,933,1749,0,2435,279,-154,-154,0,164,0,01,12,2,2200,860,34319786,011F0000,1473,36357,00,02
D,34320724,981,1750,1,2434,261,-154,-157,0,164,0,01,12,2,2200,860,34320804,011F0000,1473,37378,00,02
D,34321753,1029,1750,0,2434,275,-154,-146,0,164,0,01,12,2,2200,861,34321818,011F0000,1473,38389,00,02
D,34322766,1013,1751,1,2433,306,-154,-154,0,164,0,01,12,2,2200,861,34322866,011F0000,1473,39452,00,02
D,34323738,972,1752,1,2432,268,-154,-163,0,164,0,01,12,2,2200,862,34323791,011F0000,1473,40360,00,02
D,34324742,1004,1752,0,2432,276,-154,-154,0,164,0,01,12,2,2200,862,34324807,011F0000,1473,41381,00,02
D,34325734,992,1753,1,2431,274,-154,-155,0,164,0,01,12,2,2200,863,34325797,011F0000,1473,42371,00,02
D,34326775,1041,1754,1,2430,307,-154,-157,0,164,0,01,12,2,2200,863,34326871,011F0000,1473,43458,00,02
D,34327779,1004,1754,0,2430,309,-155,-158,0,164,0,01,12,2,2200,864,34327885,011F0000,1473,44467,00,02
D,34328765,986,1755,1,2429,305,-155,-158,0,164,0,01,12,2,2200,864,34328816,011F0000,1473,45385,00,02
D,34329703,938,1755,0,2429,236,-155,-150,0,164,0,01,12,2,2200,865,34329736,011F0000,1473,46300,00,02
D,34330732,1029,1756,1,2428,268,-155,-155,0,164,0,01,12,2,2200,865,34330813,011F0000,1473,47388,00,02
D,34331717,985,1757,1,2427,256,-155,-158,0,165,0,01,12,2,2200,866,34331755,011F0000,1473,48319,00,02
D,34332697,980,1757,0,2427,235,-154,-150,0,165,0,01,12,2,2200,866,34332731,011F0000,1473,49295,00,02
D,34333692,995,1758,1,2426,233,-155,-158,0,165,0,01,12,2,2200,867,34333727,011F0000,1451,1,00,02
D,34334734,1042,1759,1,2425,268,-155,-163,0,165,0,01,12,2,2200,868,34334813,011F0000,1451,540,00,02
D,34335725,991,1759,0,2425,255,-155,-158,0,165,0,01,12,2,2200,868,34335756,011F0000,1451,1476,00,02
D,34336858,1133,1760,1,2424,370,-155,-154,0,165,0,01,12,2,2200,869,34336950,011F0000,1451,2697,00,02
D,34337908,1050,1761,1,2423,425,-155,-162,0,165,0,01,12,2,2200,869,34338109,011F0000,1451,3857,00,02
D,34338821,913,1761,0,2423,352,-155,-154,0,165,0,01,12,2,2200,870,34338955,011F0000,1451,4706,00,02
D,34339734,913,1762,1,2422,273,-155,-154,0,165,0,01,12,2,2200,870,34339783,011F0000,1451,5510,00,02
D,34340726,992,1763,1,2421,257,-155,-157,0,165,0,01,12,2,2200,871,34340791,011F0000,1451,6519,00,02
D,34341724,998,1763,0,2421,266,-155,-155,0,165,0,01,12,2,2200,871,34341770,011F0000,1451,7500,00,02
D,34342765,1041,1764,1,2420,297,-155,-154,0,165,0,01,12,2,2200,872,34342857,011F0000,1451,8591,00,02
D,34343743,978,1765,1,2419,271,-156,-163,0,165,0,01,12,2,2200,872,34343798,011F0000,1451,9523,00,02
D,34344734,991,1766,1,2418,261,-156,-163,0,165,0,01,12,2,2200,873,34344799,011F0000,1451,10530,00,02
D,34345746,1012,1766,0,2418,272,-156,-155,0,165,0,01,12,2,2200,873,34345803,011F0000,1451,11530,00,02
D,34346774,1028,1767,1,2417,298,-156,-157,0,165,0,01,12,2,2200,874,34346862,011F0000,1451,12600,00,02
D,34347798,1024,1767,0,2417,323,-156,-150,0,165,0,01,12,2,2200,874,34347897,011F0000,1451,13634,00,02
D,34348762,964,1768,1,2416,303,-156,-158,0,165,0,01,12,2,2200,875,34348811,011F0000,1451,14536,00,02
D,34349706,944,1769,1,2415,236,-156,-158,0,165,0,01,12,2,2200,875,34349739,011F0000,1451,15460,00,02
D,34350737,1031,1769,0,2415,266,-156,-155,0,166,0,01,12,2,2200,876,34350815,011F0000,1451,16545,00,02
D,34351733,996,1770,1,2414,258,-156,-157,0,166,0,01,12,2,2200,876,34351768,011F0000,1451,17489,00,02
D,34352694,961,1771,1,2413,237,-156,-166,0,166,0,01,12,2,2200,877,34352727,011F0000,1451,18448,00,02
D,34353705,1011,1771,0,2413,234,-156,-158,0,166,0,01,12,2,2200,878,34353742,011F0000,1451,19462,00,02
D,34354719,1014,1772,1,2412,251,-156,-158,0,166,0,01,12,2,2200,878,34354792,011F0000,1451,20523,00,02
D,34355731,1012,1772,0,2412,260,-156,-158,0,166,0,01,12,2,2200,879,34355762,011F0000,1451,21482,00,02
D,34356836,1105,1773,1,2411,345,-156,-154,0,166,0,01,12,2,2200,879,34356933,011F0000,1451,22676,00,02
D,34357923,1087,1774,1,2410,449,-156,-162,0,166,0,01,12,2,2200,880,34358120,011F0000,1451,23870,00,02
D,34358829,906,1774,0,2410,352,-156,-154,0,166,0,01,12,2,2200,880,34358958,011F0000,1451,24706,00,02
D,34359732,903,1774,0,2410,272,-156,-154,0,166,0,01,12,2,2200,881,34359778,011F0000,1451,25504,00,02
D,34360726,994,1775,1,2409,254,-156,-157,0,166,0,01,12,2,2200,881,34360791,011F0000,1451,26520,00,02
D,34361730,1004,1776,1,2408,267,-156,-155,0,166,0,01,12,2,2200,882,34361775,011F0000,1451,27504,00,02
D,34362762,1032,1777,1,2407,291,-157,-162,0,166,0,01,12,2,2200,882,34362853,011F0000,1451,28590,00,02
D,34363742,980,1777,0,2407,275,-156,-154,0,166,0,01,12,2,2200,883,34363799,011F0000,1451,29527,00,02
D,34364731,989,1778,1,2406,260,-157,-157,0,166,0,01,12,2,2200,883,34364797,011F0000,1451,30528,00,02
D,34365742,1011,1779,1,2405,271,-157,-163,0,166,0,01,12,2,2200,884,34365801,011F0000,1451,31529,00,02
D,34366765,1023,1780,1,2404,294,-157,-165,0,166,0,01,12,2,2200,884,34366855,011F0000,1451,32595,00,02
D,34367805,1040,1780,0,2404,331,-157,-158,0,166,0,01,12,2,2200,885,34367904,011F0000,1451,33641,00,02
D,34368768,963,1781,1,2403,303,-157,-158,0,166,0,01,12,2,2200,886,34368817,011F0000,1451,34543,00,02
D,34369711,943,1782,1,2402,237,-157,-166,0,166,0,01,12,2,2200,886,34369743,011F0000,1451,35463,00,02
D,34370743,1032,1782,0,2402,267,-157,-155,0,166,0,01,12,2,2200,887,34370822,011F0000,1451,36553,00,02
D,34371720,977,1783,1,2401,255,-157,-158,0,166,0,01,12,2,2200,887,34371753,011F0000,1451,37473,00,02
D,34372708,988,1784,1,2400,239,-158,-165,0,167,0,01,12,2,2200,888,34372741,011F0000,1451,38461,00,02
D,34373700,992,1784,0,2400,234,-158,-158,0,167,0,01,12,2,2200,888,34373734,011F0000,1451,39455,00,02
D,34374722,1022,1785,1,2399,253,-158,-158,0,167,0,01,12,2,2200,889,34374800,011F0000,1451,40530,00,02
D,34375718,996,1786,1,2398,258,-158,-158,0,167,0,01,12,2,2200,889,34375747,011F0000,1451,41467,00,02
D,34376827,1109,1787,1,2397,362,-158,-162,0,167,0,01,12,2,2200,890,34376923,011F0000,1451,42668,00,02
D,34377940,1113,1787,0,2397,458,-158,-162,0,167,0,01,12,2,2200,890,34378130,011F0000,1451,43877,00,02
D,34378792,852,1788,1,2396,332,-158,-163,0,167,0,01,12,2,2200,891,34378881,011F0000,1451,44622,00,02
D,34379742,950,1788,0,2396,281,-158,-154,0,167,0,01,12,2,2200,891,34379793,011F0000,1451,45522,00,02
D,34380722,980,1789,1,2395,251,-158,-157,0,167,0,01,12,2,2200,892,34380787,011F0000,1451,46518,00,02
D,34381728,1006,1789,0,2395,270,-158,-158,0,167,0,01,12,2,2200,892,34381776,011F0000,1451,47503,00,02
D,34382756,1028,1790,1,2394,287,-158,-154,0,167,0,01,12,2,2200,893,34382856,011F0000,1451,48594,00,02
D,34383747,991,1791,1,2393,277,-158,-163,0,167,0,01,12,2,2200,894,34383802,011F0000,1451,49528,00,02
D,34384738,991,1792,1,2392,265,-158,-163,0,167,0,01,12,2,2200,894,34384804,011F0000,1428,1,00,02
D,34385729,991,1792,0,2392,269,-158,-157,0,167,0,01,12,2,2200,895,34385805,011F0000,1428,456,00,02
D,34386764,1035,1793,1,2391,304,-158,-165,0,167,0,01,12,2,2200,895,34386859,011F0000,1428,1519,00,02
D,34387819,1055,1793,0,2391,343,-158,-158,0,167,0,01,12,2,2200,896,34387908,011F0000,1428,2567,00,02
D,34388779,960,1794,1,2390,304,-158,-158,0,167,0,01,12,2,2200,896,34388830,011F0000,1428,3475,00,02
D,34389701,922,1795,1,2389,236,-159,-166,0,167,0,01,12,2,2200,897,34389734,011F0000,1428,4376,00,02
D,34390724,1023,1795,0,2389,266,-159,-165,0,167,0,01,12,2,2200,897,34390807,011F0000,1428,5461,00,02
D,34391730,1006,1796,1,2388,256,-159,-163,0,167,0,01,12,2,2200,898,34391763,011F0000,1428,6404,00,02
D,34392697,967,1796,0,2388,234,-159,-158,0,167,0,01,12,2,2200,898,34392730,011F0000,1428,7372,00,02
D,34393693,996,1797,1,2387,235,-159,-158,0,167,0,01,12,2,2200,899,34393724,011F0000,1428,8365,00,02
D,34394720,1027,1798,1,2386,253,-159,-166,0,167,0,01,12,2,2200,899,34394792,011F0000,1428,9442,00,02
D,34395733,1013,1799,1,2385,259,-160,-165,0,168,0,01,12,2,2200,900,34395766,011F0000,1428,10408,00,02
D,34396839,1106,1800,1,2384,371,-160,-162,0,168,0,01,12,2,2200,901,34396940,011F0000,1428,11604,00,02
D,34397885,1046,1800,0,2384,416,-160,-162,0,168,0,01,12,2,2200,901,34398091,011F0000,1428,12770,00,02
D,34398810,925,1801,1,2383,351,-160,-163,0,168,0,01,12,2,2200,902,34398919,011F0000,1428,13595,00,02
D,34399744,934,1802,1,2382,268,-160,-163,0,168,0,01,12,2,2200,902,34399789,011F0000,1428,14437,00,02
D,34400729,985,1802,0,2382,254,-160,-157,0,168,0,01,12,2,2200,903,34400795,011F0000,1428,15446,00,02
D,34401736,1007,1803,1,2381,270,-160,-163,0,168,0,01,12,2,2200,903,34401780,011F0000,1428,16428,00,02
D,34402767,1031,1804,1,2380,291,-160,-162,0,168,0,01,12,2,2200,904,34402861,011F0000,1428,17519,00,02
D,34403733,966,1805,1,2379,275,-160,-171,0,168,0,01,12,2,2200,904,34403787,011F0000,1428,18434,00,02
D,34404719,986,1805,0,2379,259,-161,-165,0,168,0,01,12,2,2200,905,34404784,011F0000,1428,19436,00,02
D,34405745,1026,1806,1,2378,271,-161,-163,0,168,0,01,12,2,2200,905,34405799,011F0000,1428,20447,00,02
D,34406768,1023,1806,0,2378,299,-161,-157,0,168,0,01,12,2,2200,906,34406854,011F0000,1428,21513,00,02
D,34407800,1032,1807,1,2377,327,-160,-158,0,168,0,01,12,2,2200,906,34407903,011F0000,1428,22561,00,02
D,34408768,968,1808,1,2376,302,-161,-166,0,168,0,01,12,2,2200,907,34408817,011F0000,1428,23463,00,02
D,34409710,942,1808,0,2376,237,-161,-158,0,168,0,01,12,2,2200,907,34409742,011F0000,1428,24383,00,02
D,34410739,1029,1809,1,2375,268,-161,-163,0,168,0,01,12,2,2200,908,34410818,011F0000,1428,25470,00,02
D,34411720,981,1809,0,2375,257,-161,-158,0,169,0,01,12,2,2200,909,34411756,011F0000,1428,26398,00,02
D,34412695,975,1810,1,2374,236,-161,-166,0,169,0,01,12,2,2200,909,34412727,011F0000,1428,27368,00,02
D,34413705,1010,1811,1,2373,234,-161,-166,0,169,0,01,12,2,2200,910,34413738,011F0000,1428,28380,00,02
D,34414723,1018,1811,0,2373,253,-161,-158,0,169,0,01,12,2,2200,910,34414797,011F0000,1428,29446,00,02
D,34415719,996,1812,1,2372,259,-161,-158,0,169,0,01,12,2,2200,911,34415748,011F0000,1428,30389,00,02
D,34416836,1117,1812,0,2372,350,-160,-154,0,169,0,01,12,2,2200,911,34416936,011F0000,1428,31601,00,02
D,34417909,1073,1813,1,2371,430,-160,-162,0,169,0,01,12,2,2200,912,34418115,011F0000,1428,32788,00,02
D,34418814,905,1814,1,2370,343,-161,-163,0,169,0,01,12,2,2200,912,34418919,011F0000,1428,33597,00,02
D,34419734,920,1814,0,2370,274,-160,-154,0,169,0,01,12,2,2200,913,34419782,011F0000,1428,34430,00,02
D,34420733,999,1815,1,2369,264,-160,-163,0,169,0,01,12,2,2200,913,34420810,011F0000,1428,35462,00,02
D,34421744,1011,1816,1,2368,275,-161,-163,0,169,0,01,12,2,2200,914,34421808,011F0000,1428,36459,00,02
D,34422777,1033,1816,0,2368,308,-161,-162,0,169,0,01,12,2,2200,915,34422878,011F0000,1428,37550,00,02
D,34423721,944,1817,1,2367,253,-161,-163,0,169,0,01,12,2,2200,915,34423771,011F0000,1428,38414,00,02
D,34424749,1028,1817,0,2367,274,-160,-154,0,169,0,01,12,2,2200,916,34424816,011F0000,1428,39470,00,02
D,34425736,987,1818,1,2366,272,-160,-155,0,169,0,01,12,2,2200,916,34425799,011F0000,1428,40449,00,02
D,34426783,1047,1819,1,2365,309,-160,-157,0,169,0,01,12,2,2200,917,34426872,011F0000,1428,41544,00,02
D,34427780,997,1820,1,2364,306,-160,-158,0,169,0,01,12,2,2200,917,34427894,011F0000,1428,42550,00,02
D,34428771,991,1820,0,2364,303,-160,-158,0,169,0,01,12,2,2200,918,34428822,011F0000,1428,43470,00,02
D,34429708,937,1821,1,2363,237,-160,-158,0,169,0,01,12,2,2200,918,34429742,011F0000,1428,44385,00,02
D,34430725,1017,1822,1,2362,268,-160,-158,0,170,0,01,12,2,2200,919,34430802,011F0000,1428,45453,00,02
D,34431715,990,1823,1,2361,252,-160,-165,0,170,0,01,12,2,2200,919,34431750,011F0000,1428,46391,00,02
D,34432696,981,1824,1,2360,237,-160,-166,0,170,0,01,12,2,2200,920,34432730,011F0000,1428,47372,00,02
D,34433707,1011,1824,0,2360,233,-160,-158,0,170,0,01,12,2,2200,920,34433741,011F0000,1428,48382,00,02
D,34434727,1020,1825,1,2359,255,-160,-163,0,170,0,01,12,2,2200,921,34434799,011F0000,1428,49450,00,02
D,34435714,987,1825,0,2359,252,-160,-158,0,170,0,01,12,2,2200,921,34435748,011F0000,1406,1,00,02
D,34436957,1243,1826,1,2358,326,-160,-162,0,170,0,01,12,2,2200,922,34437053,011F0000,1406,615,00,02
D,34437883,926,1827,1,2357,395,-160,-162,0,170,0,01,12,2,2200,923,34438069,011F0000,1406,1659,00,02
D,34438804,921,1827,0,2357,343,-160,-154,0,170,0,01,12,2,2200,923,34438906,011F0000,1406,2470,00,02
D,34439759,955,1828,1,2356,279,-160,-162,0,170,0,01,12,2,2200,924,34439810,011F0000,1406,3365,00,02
D,34440717,958,1829,1,2355,252,-160,-165,0,170,0,01,12,2,2200,924,34440784,011F0000,1406,4339,00,02
D,34441744,1027,1829,0,2355,273,-160,-163,0,170,0,01,12,2,2200,925,34441791,011F0000,1406,5342,00,02
D,34442773,1029,1830,1,2354,302,-161,-162,0,170,0,01,12,2,2200,925,34442864,011F0000,1406,6428,00,02
D,34443732,959,1830,0,2354,268,-160,-154,0,170,0,01,12,2,2200,926,34443785,011F0000,1406,7337,00,02
D,34444742,1010,1831,1,2353,267,-160,-163,0,170,0,01,12,2,2200,926,34444805,011F0000,1406,8361,00,02
D,34445738,996,1831,0,2353,272,-160,-155,0,170,0,01,12,2,2200,927,34445792,011F0000,1406,9346,00,02
D,34446783,1045,1832,1,2352,311,-160,-157,0,170,0,01,12,2,2200,928,34446872,011F0000,1406,10437,00,02
D,34447739,956,1833,1,2351,273,-160,-166,0,170,0,01,12,2,2200,928,34447886,011F0000,1406,11462,00,02
D,34448771,1032,1833,0,2351,308,-160,-158,0,170,0,01,12,2,2200,929,34448842,011F0000,1406,12396,00,02
D,34449699,928,1834,1,2350,240,-160,-158,0,170,0,01,12,2,2200,929,34449733,011F0000,1406,13279,00,02
D,34450752,1053,1835,1,2349,281,-160,-163,0,170,0,01,12,2,2200,930,34450825,011F0000,1406,14380,00,02
D,34451703,951,1835,0,2349,244,-160,-158,0,170,0,01,12,2,2200,930,34451740,011F0000,1406,15286,00,02
D,34452697,994,1836,1,2348,235,-160,-158,0,170,0,01,12,2,2200,931,34452729,011F0000,1406,16275,00,02
D,34453710,1013,1837,1,2347,235,-160,-166,0,170,0,01,12,2,2200,931,34453739,011F0000,1406,17286,00,02
D,34454721,1011,1838,1,2346,262,-160,-165,0,171,0,01,12,2,2200,932,34454785,011F0000,1406,18339,00,02
D,34455709,988,1838,0,2346,250,-161,-166,0,171,0,01,12,2,2200,932,34455749,011F0000,1406,19295,00,02
D,34456842,1133,1839,1,2345,370,-161,-162,0,171,0,01,12,2,2200,933,34456929,011F0000,1406,20497,00,02
D,34457919,1077,1840,1,2344,443,-161,-162,0,171,0,01,12,2,2200,934,34458121,011F0000,1406,21693,00,02
D,34458821,902,1841,1,2343,347,-161,-171,0,171,0,01,12,2,2200,934,34458939,011F0000,1406,22518,00,02
D,34459742,921,1841,0,2343,273,-161,-163,0,171,0,01,12,2,2200,935,34459790,011F0000,1406,23344,00,02
D,34460731,989,1842,1,2342,255,-161,-163,0,171,0,01,12,2,2200,935,34460796,011F0000,1406,24349,00,02
D,34461745,1014,1843,1,2341,271,-161,-163,0,171,0,01,12,2,2200,936,34461790,011F0000,1406,25345,00,02
D,34462767,1022,1843,0,2341,297,-161,-154,0,171,0,01,12,2,2200,936,34462857,011F0000,1406,26419,00,02
D,34463739,972,1844,1,2340,271,-161,-163,0,171,0,01,12,2,2200,937,34463794,011F0000,1406,27346,00,02
D,34464743,1004,1845,1,2339,270,-161,-163,0,171,0,01,12,2,2200,937,34464808,011F0000,1406,28365,00,02
D,34465749,1006,1845,0,2339,277,-161,-163,0,171,0,01,12,2,2200,938,34465805,011F0000,1406,29357,00,02
D,34466770,1021,1846,1,2338,298,-161,-165,0,171,0,01,12,2,2200,938,34466861,011F0000,1406,30425,00,02
D,34467789,1019,1846,0,2338,327,-161,-158,0,171,0,01,12,2,2200,939,34467889,011F0000,1406,31455,00,02
D,34468772,983,1847,1,2337,304,-161,-158,0,171,0,01,12,2,2200,940,34468825,011F0000,1406,32376,00,02
D,34469697,925,1848,1,2336,235,-161,-166,0,171,0,01,12,2,2200,940,34469730,011F0000,1406,33277,00,02
D,34470728,1031,1848,0,2336,268,-161,-155,0,171,0,01,12,2,2200,941,34470801,011F0000,1406,34356,00,02
D,34471712,984,1849,1,2335,256,-161,-158,0,171,0,01,12,2,2200,941,34471744,011F0000,1406,35290,00,02
D,34472699,987,1850,1,2334,234,-161,-166,0,172,0,01,12,2,2200,942,34472731,011F0000,1406,36278,00,02
D,34473694,995,1850,0,2334,235,-161,-158,0,172,0,01,12,2,2200,942,34473723,011F0000,1406,37269,00,02
D,34474722,1028,1851,1,2333,252,-161,-165,0,172,0,01,12,2,2200,943,34474795,011F0000,1406,38351,00,02
D,34475733,1011,1851,0,2333,261,-161,-158,0,172,0,01,12,2,2200,943,34475769,011F0000,1406,39315,00,02
D,34476831,1098,1852,1,2332,345,-161,-163,0,172,0,01,12,2,2200,944,34476924,011F0000,1406,40492,00,02
D,34477949,1118,1853,1,2331,466,-161,-162,0,172,0,01,12,2,2200,945,34478130,011F0000,1406,41702,00,02
D,34478796,847,1853,0,2331,337,-161,-163,0,172,0,01,12,2,2200,945,34478882,011F0000,1406,42448,00,02
D,34479742,946,1854,1,2330,280,-161,-163,0,172,0,01,12,2,2200,946,34479790,011F0000,1406,43343,00,02
D,34480714,972,1855,1,2329,250,-161,-165,0,172,0,01,12,2,2200,946,34480780,011F0000,1406,44336,00,02
D,34481739,1025,1855,0,2329,274,-161,-163,0,172,0,01,12,2,2200,947,34481787,011F0000,1406,45337,00,02
D,34482745,1006,1856,1,2328,288,-161,-163,0,172,0,01,12,2,2200,947,34482842,011F0000,1406,46406,00,02
D,34483750,1005,1857,1,2327,284,-161,-163,0,172,0,01,12,2,2200,948,34483802,011F0000,1406,47354,00,02
D,34484724,974,1858,1,2326,262,-162,-163,0,172,0,01,12,2,2200,948,34484786,011F0000,1406,48342,00,02
D,34485740,1016,1858,0,2326,273,-162,-163,0,172,0,01,12,2,2200,949,34485792,011F0000,1406,49344,00,02
D,34486758,1018,1859,1,2325,293,-162,-165,0,172,0,01,12,2,2200,949,34486856,011F0000,1386,0,00,02
D,34487973,1215,1860,1,2324,396,-162,-162,0,172,0,01,12,2,2200,950,34488072,011F0000,1386,653,00,02
D,34488754,781,1861,1,2323,291,-162,-166,0,172,0,01,12,2,2200,950,34488792,011F0000,1386,1352,00,02
D,34489704,950,1861,0,2323,236,-162,-158,0,172,0,01,12,2,2200,951,34489736,011F0000,1386,2295,00,02
D,34490730,1026,1862,1,2322,269,-162,-165,0,173,0,01,12,2,2200,952,34490811,011F0000,1386,3378,00,02
D,34491718,988,1863,1,2321,254,-162,-165,0,173,0,01,12,2,2200,952,34491749,011F0000,1386,4310,00,02
D,34492709,991,1864,1,2320,237,-162,-166,0,173,0,01,12,2,2200,953,34492741,011F0000,1386,5300,00,02
D,34493702,993,1864,0,2320,235,-162,-166,0,173,0,01,12,2,2200,953,34493732,011F0000,1386,6292,00,02
D,34494721,1019,1865,1,2319,253,-162,-165,0,173,0,01,12,2,2200,954,34494794,011F0000,1386,7359,00,02
D,34495721,1000,1865,0,2319,258,-162,-158,0,173,0,01,12,2,2200,954,34495755,011F0000,1386,8315,00,02
D,34496844,1123,1866,1,2318,364,-162,-162,0,173,0,01,12,2,2200,955,34496939,011F0000,1386,9521,00,02
D,34497920,1076,1867,1,2317,438,-163,-170,0,173,0,01,12,2,2200,956,34498123,011F0000,1386,10710,00,02
D,34498827,907,1868,1,2316,349,-163,-171,0,173,0,01,12,2,2200,956,34498958,011F0000,1386,11544,00,02
D,34499745,918,1868,0,2316,276,-163,-163,0,173,0,01,12,2,2200,957,34499794,011F0000,1386,12361,00,02
D,34500726,981,1869,1,2315,255,-163,-165,0,173,0,01,12,2,2200,957,34500792,011F0000,1386,13357,00,02
D,34501734,1008,1869,0,2315,271,-163,-163,0,173,0,01,12,2,2200,958,34501781,011F0000,1386,14349,00,02
D,34502770,1036,1870,1,2314,298,-163,-162,0,173,0,01,12,2,2200,958,34502860,011F0000,1386,15435,00,02
D,34503742,972,1871,1,2313,272,-163,-171,0,173,0,01,12,2,2200,959,34503796,011F0000,1386,16360,00,02
D,34504732,990,1871,0,2313,268,-163,-163,0,173,0,01,12,2,2200,959,34504797,011F0000,1386,17368,00,02
D,34505751,1019,1872,1,2312,275,-163,-171,0,173,0,01,12,2,2200,960,34505807,011F0000,1386,18372,00,02
D,34506767,1016,1873,1,2311,298,-164,-173,0,173,0,01,12,2,2200,960,34506858,011F0000,1386,19434,00,02
D,34507801,1034,1873,0,2311,325,-164,-166,0,173,0,01,12,2,2200,961,34507899,011F0000,1386,20476,00,02
D,34508763,962,1874,1,2310,304,-164,-166,0,174,0,01,12,2,2200,962,34508813,011F0000,1386,21376,00,02
D,34509705,942,1875,1,2309,238,-164,-174,0,174,0,01,12,2,2200,962,34509738,011F0000,1386,22298,00,02
D,34510743,1038,1875,0,2309,269,-164,-163,0,174,0,01,12,2,2200,963,34510817,011F0000,1386,23385,00,02
D,34511713,970,1876,1,2308,255,-164,-165,0,174,0,01,12,2,2200,963,34511745,011F0000,1386,24305,00,02
D,34512699,986,1877,1,2307,235,-165,-173,0,174,0,01,12,2,2200,964,34512731,011F0000,1386,25290,00,02
D,34513694,995,1878,1,2306,235,-165,-174,0,174,0,01,12,2,2200,964,34513723,011F0000,1386,26282,00,02
D,34514728,1034,1878,0,2306,252,-165,-163,0,174,0,01,12,2,2200,965,34514803,011F0000,1386,27371,00,02
D,34515725,997,1879,1,2305,260,-165,-165,0,174,0,01,12,2,2200,965,34515760,011F0000,1386,28319,00,02
D,34516844,1119,1880,1,2304,364,-165,-170,0,174,0,01,12,2,2200,966,34516936,011F0000,1386,29518,00,02
D,34517937,1093,1881,1,2303,454,-166,-172,0,174,0,01,12,2,2200,967,34518124,011F0000,1386,30710,00,02
D,34518821,884,1881,0,2303,347,-165,-162,0,174,0,01,12,2,2200,967,34518929,011F0000,1386,31515,00,02
D,34519738,917,1882,1,2302,279,-166,-171,0,174,0,01,12,2,2200,968,34519786,011F0000,1386,32352,00,02
D,34520733,995,1883,1,2301,265,-166,-171,0,174,0,01,12,2,2200,968,34520811,011F0000,1386,33380,00,02
D,34521745,1012,1884,1,2300,278,-166,-171,0,174,0,01,12,2,2200,969,34521811,011F0000,1386,34378,00,02
D,34522755,1010,1884,0,2300,298,-166,-163,0,174,0,01,12,2,2200,969,34522857,011F0000,1386,35435,00,02
D,34523736,981,1885,1,2299,274,-166,-171,0,174,0,01,12,2,2200,970,34523788,011F0000,1386,36353,00,02
D,34524738,1002,1886,1,2298,271,-166,-171,0,174,0,01,12,2,2200,970,34524803,011F0000,1386,37370,00,02
D,34525740,1002,1886,0,2298,270,-166,-171,0,174,0,01,12,2,2200,971,34525803,011F0000,1386,38372,00,02
D,34526771,1031,1887,1,2297,305,-167,-173,0,174,0,01,12,2,2200,972,34526867,011F0000,1386,39446,00,02
D,34527757,986,1887,0,2297,298,-167,-166,0,174,0,01,12,2,2200,972,34527875,011F0000,1386,40451,00,02
D,34528778,1021,1888,1,2296,310,-167,-166,0,174,0,01,12,2,2200,973,34528832,011F0000,1386,41396,00,02
D,34529699,921,1889,1,2295,235,-167,-166,0,174,0,01,12,2,2200,973,34529734,011F0000,1386,42293,00,02
D,34530737,1038,1889,0,2295,268,-166,-163,0,174,0,01,12,2,2200,974,34530814,011F0000,1386,43383,00,02
D,34531710,973,1890,1,2294,253,-166,-165,0,174,0,01,12,2,2200,974,34531751,011F0000,1386,44310,00,02
D,34532693,983,1891,1,2293,235,-167,-173,0,174,0,01,12,2,2200,975,34532728,011F0000,1386,45287,00,02
D,34533704,1011,1891,0,2293,233,-167,-166,0,174,0,01,12,2,2200,975,34533739,011F0000,1386,46299,00,02
D,34534719,1015,1892,1,2292,257,-167,-166,0,175,0,01,12,2,2200,976,34534784,011F0000,1386,47350,00,02
D,34535714,995,1892,0,2292,256,-167,-165,0,175,0,01,12,2,2200,977,34535754,011F0000,1386,48313,00,02
D,34536843,1129,1893,1,2291,354,-166,-162,0,175,0,01,12,2,2200,977,34536932,011F0000,1386,49515,00,02
D,34537881,1038,1893,0,2291,420,-166,-162,0,175,0,01,12,2,2200,978,34538071,011F0000,1365,3,00,02
D,34539274,1393,1895,2,2289,393,-166,-168,0,175,0,81,12,2,2200,979,34539374,011F0000,1365,663,00,02
D,34539707,433,1895,0,2289,233,-166,-163,0,175,0,01,12,2,2200,979,34539742,011F0000,1365,1007,00,02
D,34540733,1026,1896,1,2288,266,-166,-165,0,175,0,01,12,2,2200,979,34540796,011F0000,1365,2069,00,02
D,34541728,995,1896,0,2288,267,-166,-163,0,175,0,01,12,2,2200,980,34541796,011F0000,1365,3071,00,02
D,34542767,1039,1897,1,2287,303,-166,-162,0,175,0,01,12,2,2200,981,34542865,011F0000,1365,4147,00,02
D,34543750,983,1898,1,2286,282,-166,-162,0,175,0,01,12,2,2200,981,34543814,011F0000,1365,5090,00,02
D,34544736,986,1899,1,2285,276,-166,-171,0,175,0,01,12,2,2200,982,34544802,011F0000,1365,6077,00,02
D,34545734,998,1900,1,2284,270,-166,-171,0,175,0,01,12,2,2200,982,34545799,011F0000,1365,7073,00,02
D,34546776,1042,1901,1,2283,302,-166,-173,0,175,0,01,12,2,2200,983,34546865,011F0000,1365,8146,00,02
D,34547810,1034,1901,0,2283,336,-166,-166,0,175,0,01,12,2,2200,983,34547895,011F0000,1365,9179,00,02
D,34548764,954,1902,1,2282,296,-166,-166,0,175,0,01,12,2,2200,984,34548821,011F0000,1365,10091,00,02
D,34549717,953,1902,0,2282,247,-166,-166,0,175,0,01,12,2,2200,984,34549753,011F0000,1365,11019,00,02
D,34550730,1013,1903,1,2281,268,-166,-165,0,175,0,01,12,2,2200,985,34550802,011F0000,1365,12076,00,02
D,34551729,999,1904,1,2280,258,-166,-165,0,176,0,01,12,2,2200,986,34551765,011F0000,1365,13030,00,02
D,34552697,968,1905,1,2279,236,-166,-166,0,176,0,01,12,2,2200,986,34552730,011F0000,1365,13995,00,02
D,34553712,1015,1905,0,2279,238,-166,-166,0,176,0,01,12,2,2200,987,34553744,011F0000,1365,15009,00,02
D,34554719,1007,1906,1,2278,257,-166,-165,0,176,0,01,12,2,2200,987,34554789,011F0000,1365,16063,00,02
D,34555719,1000,1906,0,2278,254,-166,-158,0,176,0,01,12,2,2200,988,34555753,011F0000,1365,17018,00,02
D,34556836,1117,1908,2,2276,374,-166,-171,0,176,0,01,12,2,2200,988,34556935,011F0000,1365,18222,00,02
D,34557963,1127,1908,0,2276,477,-166,-170,0,176,0,01,12,2,2200,989,34558138,011F0000,1365,19429,00,02
D,34558799,836,1908,0,2276,336,-166,-163,0,176,0,01,12,2,2200,990,34558889,011F0000,1365,20176,00,02
D,34559742,943,1909,1,2275,275,-166,-163,0,176,0,01,12,2,2200,990,34559790,011F0000,1365,21063,00,02
D,34560713,971,1910,1,2274,251,-166,-165,0,176,0,01,12,2,2200,991,34560780,011F0000,1365,22054,00,02
D,34561734,1021,1910,0,2274,270,-166,-163,0,176,0,01,12,2,2200,991,34561783,011F0000,1365,23052,00,02
D,34562756,1022,1911,1,2273,287,-166,-162,0,176,0,01,12,2,2200,992,34562855,011F0000,1365,24137,00,02
D,34563740,984,1912,1,2272,282,-166,-171,0,176,0,01,12,2,2200,992,34563789,011F0000,1365,25060,00,02
D,34564726,986,1912,0,2272,262,-166,-163,0,176,0,01,12,2,2200,993,34564790,011F0000,1365,26065,00,02
D,34565735,1009,1913,1,2271,273,-166,-171,0,176,0,01,12,2,2200,993,34565787,011F0000,1365,27059,00,02
D,34566759,1024,1914,1,2270,290,-166,-173,0,176,0,01,12,2,2200,994,34566858,011F0000,1365,28139,00,02
D,34567796,1037,1915,1,2269,337,-167,-174,0,176,0,01,12,2,2200,995,34567897,011F0000,1365,29181,00,02
D,34568759,963,1916,1,2268,302,-167,-182,0,176,0,01,12,2,2200,995,34568807,011F0000,1365,30076,00,02
D,34569704,945,1916,0,2268,242,-167,-168,0,176,0,01,12,2,2200,996,34569737,011F0000,1365,31002,00,02
D,34570730,1026,1917,1,2267,264,-167,-173,0,176,0,01,12,2,2200,996,34570810,011F0000,1365,32087,00,02
D,34571724,994,1917,0,2267,260,-167,-165,0,177,0,01,12,2,2200,997,34571757,011F0000,1365,33023,00,02
D,34572698,974,1918,1,2266,234,-168,-173,0,177,0,01,12,2,2200,997,34572730,011F0000,1365,33995,00,02
D,34573695,997,1919,1,2265,235,-168,-174,0,177,0,01,12,2,2200,998,34573724,011F0000,1365,34990,00,02
D,34574717,1022,1920,1,2264,252,-168,-173,0,177,0,01,12,2,2200,998,34574789,011F0000,1365,36061,00,02
D,34575727,1010,1921,1,2263,258,-168,-173,0,177,0,01,12,2,2200,999,34575764,011F0000,1365,37029,00,02
D,34576841,1114,1922,1,2262,355,-168,-171,0,177,0,01,12,2,2200,1000,34576932,011F0000,1365,38219,00,02
D,34577882,1041,1922,0,2262,421,-168,-170,0,177,0,01,12,2,2200,1000,34578088,011F0000,1365,39392,00,02
D,34578802,920,1923,1,2261,342,-169,-171,0,177,0,01,12,2,2200,1001,34578909,011F0000,1365,40204,00,02
D,34579732,930,1924,1,2260,270,-169,-179,0,177,0,01,12,2,2200,1001,34579784,011F0000,1365,41057,00,02
D,34580724,992,1924,0,2260,251,-169,-173,0,177,0,01,12,2,2200,1002,34580794,011F0000,1365,42067,00,02
D,34581731,1007,1925,1,2259,269,-169,-171,0,177,0,01,12,2,2200,1002,34581778,011F0000,1365,43048,00,02
D,34582755,1024,1926,1,2258,293,-169,-171,0,177,0,01,12,2,2200,1003,34582850,011F0000,1365,44130,00,02
D,34583743,988,1926,0,2258,273,-169,-171,0,177,0,01,12,2,2200,1004,34583795,011F0000,1365,45066,00,02
D,34584729,986,1927,1,2257,265,-169,-171,0,177,0,01,12,2,2200,1004,34584795,011F0000,1365,46070,00,02
D,34585742,1013,1928,1,2256,270,-170,-179,0,177,0,01,12,2,2200,1005,34585796,011F0000,1365,47067,00,02
D,34586759,1017,1928,0,2256,297,-170,-173,0,177,0,01,12,2,2200,1005,34586849,011F0000,1365,48130,00,02
D,34587792,1033,1929,1,2255,329,-170,-166,0,177,0,01,12,2,2200,1006,34587893,011F0000,1365,49175,00,02
D,34588775,983,1929,0,2255,304,-170,-166,0,177,0,01,12,2,2200,1006,34588824,011F0000,1345,1,00,02
D,34589710,935,1930,1,2254,247,-170,-174,0,177,0,01,12,2,2200,1007,34589770,011F0000,1345,413,00,02
D,34590749,1039,1931,1,2253,279,-170,-171,0,178,0,01,12,2,2200,1008,34590832,011F0000,1345,1482,00,02
D,34591715,966,1931,0,2253,253,-170,-165,0,178,0,01,12,2,2200,1008,34591747,011F0000,1345,2385,00,02
D,34592710,995,1932,1,2252,234,-170,-173,0,178,0,01,12,2,2200,1009,34592742,011F0000,1345,3380,00,02
D,34593701,991,1933,1,2251,234,-170,-174,0,178,0,01,12,2,2200,1009,34593733,011F0000,1345,4371,00,02
D,34594738,1037,1933,0,2251,262,-170,-171,0,178,0,01,12,2,2200,1010,34594807,011F0000,1345,5453,00,02
D,34595711,973,1934,1,2250,249,-170,-173,0,178,0,01,12,2,2200,1010,34595748,011F0000,1345,6387,00,02
D,34596834,1123,1935,1,2249,371,-170,-170,0,178,0,01,12,2,2200,1011,34596934,011F0000,1345,7595,00,02
D,34597884,1050,1936,1,2248,425,-170,-170,0,178,0,01,12,2,2200,1012,34598096,011F0000,1345,8771,00,02
D,34598806,922,1936,0,2248,343,-170,-163,0,178,0,01,12,2,2200,1012,34598919,011F0000,1345,9585,00,02
D,34599744,938,1937,1,2247,275,-170,-171,0,178,0,01,12,2,2200,1013,34599794,011F0000,1345,10438,00,02
D,34600715,971,1938,1,2246,254,-170,-173,0,178,0,01,12,2,2200,1013,34600784,011F0000,1345,11431,00,02
D,34601745,1030,1939,1,2245,271,-170,-179,0,178,0,01,12,2,2200,1014,34601792,011F0000,1345,12436,00,02
D,34602764,1019,1939,0,2245,292,-170,-171,0,178,0,01,12,2,2200,1014,34602859,011F0000,1345,13513,00,02
D,34603747,983,1940,1,2244,273,-170,-171,0,178,0,01,12,2,2200,1015,34603801,011F0000,1345,14444,00,02
D,34604734,987,1941,1,2243,268,-170,-171,0,178,0,01,12,2,2200,1016,34604802,011F0000,1345,15451,00,02
D,34605749,1015,1942,1,2242,274,-170,-171,0,178,0,01,12,2,2200,1016,34605803,011F0000,1345,16448,00,02
D,34606773,1024,1942,0,2242,303,-170,-165,0,178,0,01,12,2,2200,1017,34606862,011F0000,1345,17516,00,02
D,34607765,992,1943,1,2241,306,-170,-166,0,178,0,01,12,2,2200,1017,34607883,011F0000,1345,18541,00,02
D,34608770,1005,1944,1,2240,304,-170,-174,0,178,0,01,12,2,2200,1018,34608822,011F0000,1345,19464,00,02
D,34609696,926,1944,0,2240,237,-170,-166,0,178,0,01,12,2,2200,1018,34609731,011F0000,1345,20369,00,02
D,34610740,1044,1945,1,2239,272,-170,-171,0,179,0,01,12,2,2200,1019,34610813,011F0000,1345,21460,00,02
D,34611712,972,1946,1,2238,255,-170,-173,0,179,0,01,12,2,2200,1019,34611743,011F0000,1345,22382,00,02
D,34612699,987,1947,1,2237,234,-170,-173,0,179,0,01,12,2,2200,1020,34612731,011F0000,1345,23369,00,02
D,34613714,1015,1947,0,2237,239,-170,-166,0,179,0,01,12,2,2200,1021,34613744,011F0000,1345,24383,00,02
D,34614728,1014,1948,1,2236,256,-170,-173,0,179,0,01,12,2,2200,1021,34614799,011F0000,1345,25444,00,02
D,34615719,991,1949,1,2235,258,-170,-173,0,179,0,01,12,2,2200,1022,34615756,011F0000,1345,26394,00,02
D,34616839,1120,1949,0,2235,357,-170,-170,0,179,0,01,12,2,2200,1022,34616937,011F0000,1345,27599,00,02
D,34617881,1042,1950,1,2234,420,-170,-170,0,179,0,01,12,2,2200,1023,34618085,011F0000,1345,28763,00,02
D,34618810,929,1950,0,2234,349,-170,-171,0,179,0,01,12,2,2200,1024,34618931,011F0000,1345,29599,00,02
D,34619732,922,1951,1,2233,270,-170,-171,0,179,0,01,12,2,2200,1024,34619786,011F0000,1345,30431,00,02
D,34620735,1003,1952,1,2232,270,-170,-173,0,179,0,01,12,2,2200,1025,34620811,011F0000,1345,31458,00,02
D,34621734,999,1952,0,2232,275,-170,-171,0,179,0,01,12,2,2200,1025,34621802,011F0000,1345,32450,00,02
D,34622768,1034,1953,1,2231,302,-170,-171,0,179,0,01,12,2,2200,1026,34622866,011F0000,1345,33519,00,02
D,34623732,964,1954,1,2230,269,-171,-171,0,179,0,01,12,2,2200,1026,34623789,011F0000,1345,34432,00,02
D,34624739,1007,1955,1,2229,270,-171,-179,0,179,0,01,12,2,2200,1027,34624807,011F0000,1345,35454,00,02
D,34625741,1002,1955,0,2229,270,-171,-171,0,179,0,01,12,2,2200,1028,34625809,011F0000,1345,36455,00,02
D,34626774,1033,1956,1,2228,307,-171,-173,0,179,0,01,12,2,2200,1028,34626861,011F0000,1345,37515,00,02
D,34627770,996,1957,1,2227,312,-171,-174,0,179,0,01,12,2,2200,1029,34627878,011F0000,1345,38535,00,02
D,34628765,995,1958,1,2226,305,-171,-174,0,179,0,01,12,2,2200,1029,34628821,011F0000,1345,39464,00,02
D,34629707,942,1959,1,2225,236,-172,-182,0,179,0,01,12,2,2200,1030,34629742,011F0000,1345,40381,00,02
D,34630739,1032,1959,0,2225,264,-172,-171,0,179,0,01,12,2,2200,1030,34630815,011F0000,1345,41462,00,02
D,34631716,977,1960,1,2224,256,-172,-173,0,179,0,01,12,2,2200,1031,34631750,011F0000,1345,42388,00,02
D,34632698,982,1961,1,2223,235,-172,-174,0,179,0,01,12,2,2200,1031,34632734,011F0000,1345,43376,00,02
D,34633694,996,1962,1,2222,233,-172,-182,0,179,0,01,12,2,2200,1032,34633729,011F0000,1345,44367,00,02
D,34634728,1034,1962,0,2222,253,-172,-173,0,180,0,01,12,2,2200,1033,34634797,011F0000,1345,45444,00,02
D,34635735,1007,1963,1,2221,261,-172,-173,0,180,0,01,12,2,2200,1033,34635770,011F0000,1345,46409,00,02
D,34636845,1110,1964,1,2220,351,-172,-179,0,180,0,01,12,2,2200,1034,34636940,011F0000,1345,47600,00,02
D,34637887,1042,1964,0,2220,426,-172,-170,0,180,0,01,12,2,2200,1035,34638097,011F0000,1345,48771,00,02
D,34638834,947,1965,1,2219,358,-172,-171,0,180,0,01,12,2,2200,1035,34638960,011F0000,1345,49626,00,02
D,34639733,899,1965,0,2219,271,-172,-171,0,180,0,01,12,2,2200,1036,34639784,011F0000,1327,1,00,02
D,34640740,1007,1966,1,2218,269,-172,-171,0,180,0,01,12,2,2200,1036,34640824,011F0000,1327,494,00,02
D,34641747,1007,1967,1,2217,277,-172,-171,0,180,0,01,12,2,2200,1037,34641808,011F0000,1327,1476,00,02
D,34642774,1027,1967,0,2217,304,-172,-162,0,180,0,01,12,2,2200,1037,34642870,011F0000,1327,2550,00,02
D,34643735,961,1968,1,2216,263,-172,-171,0,180,0,01,12,2,2200,1038,34643785,011F0000,1327,3448,00,02
D,34644734,999,1969,1,2215,273,-172,-171,0,180,0,01,12,2,2200,1038,34644799,011F0000,1327,4470,00,02
D,34645746,1012,1969,0,2215,274,-171,-163,0,180,0,01,12,2,2200,1039,34645804,011F0000,1327,5472,00,02
D,34646774,1028,1970,1,2214,301,-171,-165,0,180,0,01,12,2,2200,1040,34646864,011F0000,1327,6540,00,02
D,34647794,1020,1971,1,2213,330,-171,-174,0,180,0,01,12,2,2200,1040,34647899,011F0000,1327,7577,00,02
D,34648759,965,1971,0,2213,299,-171,-166,0,180,0,01,12,2,2200,1041,34648810,011F0000,1327,8473,00,02
D,34649706,947,1972,1,2212,239,-171,-174,0,180,0,01,12,2,2200,1041,34649740,011F0000,1327,9400,00,02
D,34650743,1037,1973,1,2211,267,-171,-171,0,180,0,01,12,2,2200,1042,34650817,011F0000,1327,10486,00,02
D,34651717,974,1973,0,2211,259,-171,-165,0,180,0,01,12,2,2200,1042,34651750,011F0000,1327,11410,00,02
D,34652694,977,1974,1,2210,234,-171,-173,0,180,0,01,12,2,2200,1043,34652726,011F0000,1327,12387,00,02
D,34653703,1009,1975,1,2209,233,-171,-174,0,181,0,01,12,2,2200,1044,34653736,011F0000,1327,13397,00,02
D,34654713,1010,1975,0,2209,252,-171,-165,0,181,0,01,12,2,2200,1044,34654785,011F0000,1327,14452,00,02
D,34655730,1017,1976,1,2208,262,-171,-165,0,181,0,01,12,2,2200,1045,34655764,011F0000,1327,15424,00,02
D,34656840,1110,1977,1,2207,346,-171,-171,0,181,0,01,12,2,2200,1045,34656936,011F0000,1327,16620,00,02
D,34657914,1074,1978,1,2206,441,-171,-170,0,181,0,01,12,2,2200,1046,34658118,011F0000,1327,17811,00,02
D,34658800,886,1979,1,2205,343,-171,-171,0,181,0,01,12,2,2200,1047,34658900,011F0000,1327,18590,00,02
D,34659743,943,1979,0,2205,270,-170,-163,0,181,0,01,12,2,2200,1047,34659795,011F0000,1327,19462,00,02
D,34660710,967,1980,1,2204,253,-170,-165,0,181,0,01,12,2,2200,1048,34660778,011F0000,1327,20448,00,02
D,34661734,1024,1981,1,2203,270,-170,-171,0,181,0,01,12,2,2200,1048,34661782,011F0000,1327,21448,00,02
D,34662747,1013,1982,1,2202,288,-170,-171,0,181,0,01,12,2,2200,1049,34662842,011F0000,1327,22518,00,02
D,34663754,1007,1982,0,2202,279,-170,-162,0,181,0,01,12,2,2200,1049,34663806,011F0000,1327,23472,00,02
D,34664720,966,1983,1,2201,260,-170,-165,0,181,0,01,12,2,2200,1050,34664783,011F0000,1327,24455,00,02
D,34665732,1012,1984,1,2200,273,-170,-173,0,181,0,01,12,2,2200,1051,34665786,011F0000,1327,25453,00,02
D,34666767,1035,1985,1,2199,296,-170,-173,0,181,0,01,12,2,2200,1051,34666860,011F0000,1327,26541,00,02
D,34667771,1004,1985,0,2199,312,-170,-166,0,181,0,01,12,2,2200,1052,34667891,011F0000,1327,27567,00,02
D,34668765,994,1986,1,2198,304,-170,-174,0,181,0,01,12,2,2200,1052,34668812,011F0000,1327,28478,00,02
D,34669698,933,1986,0,2198,236,-170,-166,0,181,0,01,12,2,2200,1053,34669733,011F0000,1327,29394,00,02
D,34670734,1036,1987,1,2197,270,-170,-173,0,181,0,01,12,2,2200,1053,34670809,011F0000,1327,30479,00,02
D,34671723,989,1988,1,2196,252,-170,-173,0,181,0,01,12,2,2200,1054,34671754,011F0000,1327,31414,00,02
D,34672710,987,1988,0,2196,235,-170,-166,0,181,0,01,12,2,2200,1055,34672742,011F0000,1327,32402,00,02
D,34673702,992,1989,1,2195,235,-170,-174,0,181,0,01,12,2,2200,1055,34673731,011F0000,1327,33391,00,02
D,34674731,1029,1990,1,2194,257,-170,-173,0,182,0,01,12,2,2200,1056,34674803,011F0000,1327,34473,00,02
D,34675716,985,1990,0,2194,250,-170,-165,0,182,0,01,12,2,2200,1056,34675752,011F0000,1327,35413,00,02
D,34676830,1114,1991,1,2193,368,-170,-171,0,182,0,01,12,2,2200,1057,34676931,011F0000,1327,36616,00,02
D,34677956,1126,1992,1,2192,471,-170,-170,0,182,0,01,12,2,2200,1058,34678137,011F0000,1327,37823,00,02
D,34678802,846,1992,0,2192,332,-170,-171,0,182,0,01,12,2,2200,1058,34678892,011F0000,1327,38581,00,02
D,34679750,948,1993,1,2191,277,-170,-171,0,182,0,01,12,2,2200,1059,34679801,011F0000,1327,39469,00,02
D,34680719,969,1994,1,2190,251,-170,-173,0,182,0,01,12,2,2200,1059,34680787,011F0000,1327,40458,00,02
D,34681732,1013,1995,1,2189,270,-171,-179,0,182,0,01,12,2,2200,1060,34681783,011F0000,1327,41450,00,02
D,34682759,1027,1996,1,2188,288,-171,-179,0,182,0,01,12,2,2200,1060,34682856,011F0000,1327,42535,00,02
D,34683753,994,1996,0,2188,279,-171,-171,0,182,0,01,12,2,2200,1061,34683804,011F0000,1327,43470,00,02
D,34684721,968,1997,1,2187,264,-171,-179,0,182,0,01,12,2,2200,1062,34684786,011F0000,1327,44456,00,02
D,34685729,1008,1998,1,2186,272,-172,-181,0,182,0,01,12,2,2200,1062,34685784,011F0000,1327,45453,00,02
D,34686753,1024,1999,1,2185,292,-172,-181,0,182,0,01,12,2,2200,1063,34686850,011F0000,1327,46530,00,02
D,34687795,1042,2000,1,2184,335,-172,-181,0,182,0,01,12,2,2200,1063,34687890,011F0000,1327,47567,00,02
D,34688773,978,2000,0,2184,300,-172,-174,0,182,0,01,12,2,2200,1064,34688820,011F0000,1327,48485,00,02
D,34689695,922,2001,1,2183,238,-172,-174,0,182,0,01,12,2,2200,1064,34689728,011F0000,1327,49388,00,02
D,34690726,1031,2002,1,2182,263,-173,-179,0,182,0,01,12,2,2200,1065,34690806,011F0000,1309,1,00,02
D,34691743,1017,2002,0,2182,278,-173,-171,0,182,0,01,12,2,2200,1066,34691811,011F0000,1309,473,00,02
D,34692710,967,2003,1,2181,238,-173,-173,0,182,0,01,12,2,2200,1066,34692741,011F0000,1309,1396,00,02
D,34693706,996,2004,1,2180,234,-173,-173,0,183,0,01,12,2,2200,1067,34693738,011F0000,1309,2394,00,02
D,34694724,1018,2004,0,2180,263,-173,-171,0,183,0,01,12,2,2200,1067,34694796,011F0000,1309,3460,00,02
D,34695704,980,2005,1,2179,246,-173,-173,0,183,0,01,12,2,2200,1068,34695738,011F0000,1309,4393,00,02
D,34696860,1156,2006,1,2178,364,-173,-170,0,183,0,01,12,2,2200,1069,34696954,011F0000,1309,5634,00,02
D,34697916,1056,2006,0,2178,434,-172,-170,0,183,0,01,12,2,2200,1069,34698118,011F0000,1309,6800,00,02
D,34698822,906,2007,1,2177,348,-172,-171,0,183,0,01,12,2,2200,1070,34698947,011F0000,1309,7634,00,02
D,34699740,918,2008,1,2176,271,-173,-179,0,183,0,01,12,2,2200,1070,34699790,011F0000,1309,8453,00,02
D,34700714,974,2008,0,2176,253,-173,-173,0,183,0,01,12,2,2200,1071,34700782,011F0000,1309,9444,00,02
D,34701726,1012,2009,1,2175,266,-173,-171,0,183,0,01,12,2,2200,1072,34701778,011F0000,1309,10443,00,02
D,34702765,1039,2010,1,2174,292,-173,-179,0,183,0,01,12,2,2200,1072,34702858,011F0000,1309,11530,00,02
D,34703748,983,2010,0,2174,273,-173,-171,0,183,0,01,12,2,2200,1073,34703801,011F0000,1309,12461,00,02
D,34704727,979,2011,1,2173,261,-173,-173,0,183,0,01,12,2,2200,1073,34704791,011F0000,1309,13458,00,02
D,34705741,1014,2012,1,2172,272,-173,-179,0,183,0,01,12,2,2200,1074,34705800,011F0000,1309,14462,00,02
D,34706756,1015,2012,0,2172,297,-173,-173,0,183,0,01,12,2,2200,1074,34706847,011F0000,1309,15525,00,02
D,34707789,1033,2013,1,2171,323,-173,-173,0,183,0,01,12,2,2200,1075,34707891,011F0000,1309,16563,00,02
D,34708772,983,2014,1,2170,305,-173,-174,0,183,0,01,12,2,2200,1076,34708824,011F0000,1309,17484,00,02
D,34709706,934,2014,0,2170,240,-173,-174,0,183,0,01,12,2,2200,1076,34709740,011F0000,1309,18396,00,02
D,34710728,1022,2015,1,2169,263,-173,-171,0,183,0,01,12,2,2200,1077,34710806,011F0000,1309,19470,00,02
D,34711733,1005,2016,1,2168,260,-173,-171,0,183,0,01,12,2,2200,1077,34711766,011F0000,1309,20421,00,02
D,34712693,960,2017,1,2167,235,-173,-173,0,183,0,01,12,2,2200,1078,34712726,011F0000,1309,21381,00,02
D,34713705,1012,2018,1,2166,236,-173,-174,0,184,0,01,12,2,2200,1079,34713737,011F0000,1309,22392,00,02
D,34714724,1019,2019,1,2165,250,-173,-179,0,184,0,01,12,2,2200,1079,34714800,011F0000,1309,23465,00,02
D,34715726,1002,2020,1,2164,259,-174,-181,0,184,0,01,12,2,2200,1080,34715759,011F0000,1309,24414,00,02
D,34716833,1107,2021,1,2163,357,-174,-179,0,184,0,01,12,2,2200,1080,34716929,011F0000,1309,25607,00,02
D,34717898,1065,2021,0,2163,432,-174,-170,0,184,0,01,12,2,2200,1081,34718104,011F0000,1309,26797,00,02
D,34718817,919,2022,1,2162,348,-174,-179,0,184,0,01,12,2,2200,1082,34718924,011F0000,1309,27611,00,02
D,34719745,928,2023,1,2161,271,-174,-179,0,184,0,01,12,2,2200,1082,34719798,011F0000,1309,28458,00,02
D,34720729,984,2023,0,2161,267,-174,-171,0,184,0,01,12,2,2200,1083,34720807,011F0000,1309,29472,00,02
D,34721740,1011,2024,1,2160,278,-174,-173,0,184,0,01,12,2,2200,1083,34721808,011F0000,1309,30472,00,02
D,34722774,1034,2025,1,2159,299,-174,-179,0,184,0,01,12,2,2200,1084,34722871,011F0000,1309,31548,00,02
D,34723733,959,2025,0,2159,266,-174,-171,0,184,0,01,12,2,2200,1084,34723789,011F0000,1309,32451,00,02
D,34724740,1007,2026,1,2158,269,-174,-179,0,184,0,01,12,2,2200,1085,34724806,011F0000,1309,33470,00,02
D,34725743,1003,2027,1,2157,273,-174,-179,0,184,0,01,12,2,2200,1086,34725807,011F0000,1309,34473,00,02
D,34726770,1027,2028,1,2156,303,-175,-181,0,184,0,01,12,2,2200,1086,34726859,011F0000,1309,35531,00,02
D,34727785,1015,2028,0,2156,315,-174,-174,0,184,0,01,12,2,2200,1087,34727890,011F0000,1309,36562,00,02
D,34728766,981,2029,1,2155,298,-175,-182,0,184,0,01,12,2,2200,1087,34728814,011F0000,1309,37474,00,02
D,34729705,939,2029,0,2155,240,-175,-174,0,184,0,01,12,2,2200,1088,34729739,011F0000,1309,38394,00,02
D,34730728,1023,2030,1,2154,265,-175,-179,0,184,0,01,12,2,2200,1089,34730804,011F0000,1309,39471,00,02
D,34731730,1002,2031,1,2153,261,-175,-179,0,184,0,01,12,2,2200,1089,34731764,011F0000,1309,40419,00,02
D,34732705,975,2032,1,2152,235,-175,-181,0,185,0,01,12,2,2200,1090,34732738,011F0000,1309,41393,00,02
D,34733698,993,2033,1,2151,234,-176,-182,0,185,0,01,12,2,2200,1090,34733731,011F0000,1309,42387,00,02
D,34734707,1009,2033,0,2151,249,-176,-181,0,185,0,01,12,2,2200,1091,34734780,011F0000,1309,43444,00,02
D,34735724,1017,2034,1,2150,262,-176,-181,0,185,0,01,12,2,2200,1092,34735759,011F0000,1309,44414,00,02
D,34736836,1112,2034,0,2150,351,-176,-179,0,185,0,01,12,2,2200,1092,34736933,011F0000,1309,45610,00,02
D,34737888,1052,2035,1,2149,424,-176,-178,0,185,0,01,12,2,2200,1093,34738099,011F0000,1309,46789,00,02
D,34738824,936,2036,1,2148,346,-176,-179,0,185,0,01,12,2,2200,1093,34738951,011F0000,1309,47638,00,02
D,34739731,907,2037,1,2147,271,-177,-187,0,185,0,01,12,2,2200,1094,34739784,011F0000,1309,48445,00,02
D,34740720,989,2038,1,2146,252,-177,-189,0,185,0,01,12,2,2200,1094,34740784,011F0000,1309,49448,00,02
D,34741732,1012,2039,1,2145,268,-178,-189,0,185,0,01,12,2,2200,1095,34741781,011F0000,1290,1,00,02
D,34742802,1070,2040,1,2144,307,-178,-186,0,185,0,01,12,2,2200,1096,34742901,011F0000,1290,550,00,02
D,34743739,937,2040,0,2144,280,-178,-179,0,185,0,01,12,2,2200,1096,34743801,011F0000,1290,1427,00,02
D,34744726,987,2041,1,2143,267,-178,-179,0,185,0,01,12,2,2200,1097,34744788,011F0000,1290,2417,00,02
D,34745732,1006,2042,1,2142,269,-178,-179,0,185,0,01,12,2,2200,1097,34745792,011F0000,1290,3421,00,02
D,34746779,1047,2043,1,2141,305,-178,-181,0,185,0,01,12,2,2200,1098,34746861,011F0000,1290,4497,00,02
D,34747767,988,2043,0,2141,308,-178,-174,0,185,0,01,12,2,2200,1099,34747890,011F0000,1290,5525,00,02
D,34748781,1014,2044,1,2140,310,-178,-182,0,185,0,01,12,2,2200,1099,34748831,011F0000,1290,6457,00,02
D,34749697,916,2044,0,2140,236,-178,-174,0,185,0,01,12,2,2200,1100,34749732,011F0000,1290,7352,00,02
D,34750734,1037,2045,1,2139,262,-178,-179,0,185,0,01,12,2,2200,1100,34750809,011F0000,1290,8438,00,02
D,34751720,986,2046,1,2138,260,-178,-181,0,185,0,01,12,2,2200,1101,34751752,011F0000,1290,9371,00,02
D,34752691,971,2046,0,2138,234,-178,-174,0,186,0,01,12,2,2200,1102,34752725,011F0000,1290,10345,00,02
D,34753705,1014,2047,1,2137,233,-178,-174,0,186,0,01,12,2,2200,1102,34753739,011F0000,1290,11358,00,02
D,34754724,1019,2048,1,2136,251,-178,-181,0,186,0,01,12,2,2200,1103,34754798,011F0000,1290,12427,00,02
D,34755720,996,2048,0,2136,260,-178,-173,0,186,0,01,12,2,2200,1103,34755754,011F0000,1290,13373,00,02
D,34756832,1112,2049,1,2135,368,-177,-171,0,186,0,01,12,2,2200,1104,34756934,011F0000,1290,14577,00,02
D,34757946,1114,2050,1,2134,460,-178,-178,0,186,0,01,12,2,2200,1105,34758134,011F0000,1290,15781,00,02
D,34758802,856,2050,0,2134,338,-177,-171,0,186,0,01,12,2,2200,1105,34758897,011F0000,1290,16543,00,02
D,34759744,942,2051,1,2133,269,-177,-179,0,186,0,01,12,2,2200,1106,34759791,011F0000,1290,17419,00,02
D,34760713,969,2052,1,2132,250,-177,-181,0,186,0,01,12,2,2200,1106,34760780,011F0000,1290,18409,00,02
D,34761739,1026,2052,0,2132,269,-177,-171,0,186,0,01,12,2,2200,1107,34761789,011F0000,1290,19415,00,02
D,34762759,1020,2053,1,2131,295,-177,-171,0,186,0,01,12,2,2200,1108,34762858,011F0000,1290,20495,00,02
D,34763743,984,2054,1,2130,278,-177,-171,0,186,0,01,12,2,2200,1108,34763799,011F0000,1290,21424,00,02
D,34764733,990,2055,1,2129,262,-177,-179,0,186,0,01,12,2,2200,1109,34764801,011F0000,1290,22431,00,02
D,34765741,1008,2055,0,2129,272,-177,-171,0,186,0,01,12,2,2200,1109,34765799,011F0000,1290,23427,00,02
D,34766766,1025,2056,1,2128,294,-176,-173,0,186,0,01,12,2,2200,1110,34766862,011F0000,1290,24500,00,02
D,34767797,1031,2057,1,2127,330,-177,-181,0,186,0,01,12,2,2200,1111,34767907,011F0000,1290,25544,00,02
D,34768780,983,2058,1,2126,308,-177,-182,0,186,0,01,12,2,2200,1111,34768829,011F0000,1290,26453,00,02
D,34769707,927,2059,1,2125,235,-177,-182,0,186,0,01,12,2,2200,1112,34769740,011F0000,1290,27359,00,02
D,34770724,1017,2060,1,2124,261,-177,-179,0,186,0,01,12,2,2200,1112,34770808,011F0000,1290,28437,00,02
D,34771715,991,2060,0,2124,257,-177,-173,0,186,0,01,12,2,2200,1113,34771749,011F0000,1290,29369,00,02
D,34772706,991,2061,1,2123,235,-177,-173,0,186,0,01,12,2,2200,1113,34772740,011F0000,1290,30359,00,02
D,34773705,999,2062,1,2122,234,-177,-174,0,187,0,01,12,2,2200,1114,34773740,011F0000,1290,31360,00,02
D,34774712,1007,2063,1,2121,255,-177,-181,0,187,0,01,12,2,2200,1115,34774786,011F0000,1290,32413,00,02
D,34775730,1018,2064,1,2120,262,-177,-181,0,187,0,01,12,2,2200,1115,34775760,011F0000,1290,33379,00,02
D,34776820,1090,2064,0,2120,359,-177,-171,0,187,0,01,12,2,2200,1116,34776922,011F0000,1290,34567,00,02
D,34777916,1096,2065,1,2119,447,-177,-178,0,187,0,01,12,2,2200,1117,34778120,011F0000,1290,35773,00,02
D,34778809,893,2065,0,2119,339,-177,-171,0,187,0,01,12,2,2200,1117,34778914,011F0000,1290,36566,00,02
D,34779741,932,2066,1,2118,274,-177,-179,0,187,0,01,12,2,2200,1118,34779793,011F0000,1290,37421,00,02
D,34780725,984,2066,0,2118,254,-177,-173,0,187,0,01,12,2,2200,1118,34780792,011F0000,1290,38421,00,02
D,34781734,1009,2067,1,2117,270,-176,-171,0,187,0,01,12,2,2200,1119,34781783,011F0000,1290,39411,00,02
D,34782747,1013,2068,1,2116,290,-176,-179,0,187,0,01,12,2,2200,1119,34782841,011F0000,1290,40478,00,02
D,34783743,996,2069,1,2115,279,-177,-179,0,187,0,01,12,2,2200,1120,34783797,011F0000,1290,41424,00,02
D,34784734,991,2070,1,2114,263,-177,-179,0,187,0,01,12,2,2200,1121,34784799,011F0000,1290,42429,00,02
D,34785740,1006,2070,0,2114,271,-177,-179,0,187,0,01,12,2,2200,1121,34785797,011F0000,1290,43424,00,02
D,34786771,1031,2071,1,2113,295,-177,-181,0,187,0,01,12,2,2200,1122,34786861,011F0000,1290,44500,00,02
D,34787790,1019,2071,0,2113,323,-177,-173,0,187,0,01,12,2,2200,1123,34787905,011F0000,1290,45542,00,02
D,34788777,987,2072,1,2112,307,-177,-174,0,187,0,01,12,2,2200,1123,34788826,011F0000,1290,46451,00,02
D,34789711,934,2073,1,2111,240,-177,-182,0,187,0,01,12,2,2200,1124,34789745,011F0000,1290,47365,00,02
D,34790739,1028,2074,1,2110,263,-177,-179,0,187,0,01,12,2,2200,1124,34790817,011F0000,1290,48446,00,02
D,34791725,986,2075,1,2109,260,-177,-181,0,187,0,01,12,2,2200,1125,34791759,011F0000,1290,49378,00,02
D,34792704,979,2075,0,2109,235,-177,-181,0,187,0,01,12,2,2200,1125,34792738,011F0000,1272,1,00,02
D,34793707,1003,2076,1,2108,247,-177,-181,0,188,0,01,12,2,2200,1126,34793772,011F0000,1272,509,00,02
D,34794741,1034,2077,1,2107,269,-177,-179,0,188,0,01,12,2,2200,1127,34794816,011F0000,1272,1556,00,02
D,34795711,970,2078,1,2106,249,-178,-181,0,188,0,01,12,2,2200,1127,34795740,011F0000,1272,2470,00,02
D,34796832,1121,2079,1,2105,352,-178,-187,0,188,0,01,12,2,2200,1128,34796933,011F0000,1272,3685,00,02
D,34797902,1070,2079,0,2105,441,-178,-178,0,188,0,01,12,2,2200,1129,34798112,011F0000,1272,4875,00,02
D,34798818,916,2080,1,2104,347,-178,-179,0,188,0,01,12,2,2200,1129,34798936,011F0000,1272,5700,00,02
D,34799741,923,2081,1,2103,274,-178,-179,0,188,0,01,12,2,2200,1130,34799791,011F0000,1272,6528,00,02
D,34800715,974,2082,1,2102,255,-178,-181,0,188,0,01,12,2,2200,1130,34800783,011F0000,1272,7522,00,02
D,34801741,1026,2083,1,2101,268,-179,-187,0,188,0,01,12,2,2200,1131,34801790,011F0000,1272,8527,00,02
D,34802751,1010,2083,0,2101,289,-179,-179,0,188,0,01,12,2,2200,1131,34802847,011F0000,1272,9596,00,02
D,34803749,998,2084,1,2100,275,-179,-179,0,188,0,01,12,2,2200,1132,34803806,011F0000,1272,10543,00,02
D,34804721,972,2085,1,2099,263,-179,-179,0,188,0,01,12,2,2200,1133,34804787,011F0000,1272,11527,00,02
D,34805726,1005,2085,0,2099,268,-178,-173,0,188,0,01,12,2,2200,1133,34805783,011F0000,1272,12521,00,02
D,34806772,1046,2086,1,2098,297,-178,-173,0,188,0,01,12,2,2200,1134,34806861,011F0000,1272,13607,00,02
D,34807783,1011,2086,0,2098,316,-178,-173,0,188,0,01,12,2,2200,1135,34807903,011F0000,1272,14650,00,02
D,34808779,996,2087,1,2097,309,-178,-174,0,188,0,01,12,2,2200,1135,34808828,011F0000,1272,15562,00,02
D,34809708,929,2088,1,2096,240,-178,-182,0,188,0,01,12,2,2200,1136,34809742,011F0000,1272,16471,00,02
D,34810738,1030,2088,0,2096,263,-178,-179,0,188,0,01,12,2,2200,1136,34810816,011F0000,1272,17554,00,02
D,34811727,989,2089,1,2095,262,-178,-181,0,188,0,01,12,2,2200,1137,34811759,011F0000,1272,18488,00,02
D,34812699,972,2090,1,2094,234,-178,-181,0,188,0,01,12,2,2200,1137,34812732,011F0000,1272,19461,00,02
D,34813700,1001,2090,0,2094,235,-178,-174,0,188,0,01,12,2,2200,1138,34813731,011F0000,1272,20461,00,02
D,34814725,1025,2091,1,2093,252,-178,-173,0,189,0,01,12,2,2200,1139,34814800,011F0000,1272,21537,00,02
D,34815724,999,2092,1,2092,261,-178,-173,0,189,0,01,12,2,2200,1139,34815756,011F0000,1272,22485,00,02
D,34816836,1112,2093,1,2091,347,-178,-179,0,189,0,01,12,2,2200,1140,34816933,011F0000,1272,23686,00,02
D,34817889,1053,2094,1,2090,427,-178,-187,0,189,0,01,12,2,2200,1141,34818099,011F0000,1272,24863,00,02
D,34818813,924,2095,1,2089,344,-178,-187,0,189,0,01,12,2,2200,1141,34818923,011F0000,1272,25683,00,02
D,34819744,931,2096,1,2088,268,-179,-187,0,189,0,01,12,2,2200,1142,34819794,011F0000,1272,26532,00,02
D,34820727,983,2096,0,2088,264,-179,-181,0,189,0,01,12,2,2200,1142,34820805,011F0000,1272,27543,00,02
D,34821746,1019,2097,1,2087,275,-179,-179,0,189,0,01,12,2,2200,1143,34821816,011F0000,1272,28557,00,02
D,34822768,1022,2098,1,2086,309,-179,-187,0,189,0,01,12,2,2200,1144,34822868,011F0000,1272,29619,00,02
D,34823728,960,2099,1,2085,262,-179,-187,0,189,0,01,12,2,2200,1144,34823785,011F0000,1272,30520,00,02
D,34824747,1019,2100,1,2084,273,-180,-187,0,189,0,01,12,2,2200,1145,34824813,011F0000,1272,31554,00,02
D,34825735,988,2100,0,2084,272,-180,-179,0,189,0,01,12,2,2200,1145,34825802,011F0000,1272,32542,00,02
D,34826767,1032,2101,1,2083,307,-180,-181,0,189,0,01,12,2,2200,1146,34826858,011F0000,1272,33605,00,02
D,34827777,1010,2102,1,2082,316,-180,-181,0,189,0,01,12,2,2200,1147,34827881,011F0000,1272,34630,00,02
D,34828777,1000,2103,1,2081,310,-180,-190,0,189,0,01,12,2,2200,1147,34828828,011F0000,1272,35563,00,02
D,34829709,932,2104,1,2080,239,-181,-190,0,190,0,01,12,2,2200,1148,34829743,011F0000,1272,36473,00,02
D,34830731,1022,2104,0,2080,264,-180,-179,0,190,0,01,12,2,2200,1148,34830809,011F0000,1272,37550,00,02
D,34831720,989,2105,1,2079,259,-181,-181,0,190,0,01,12,2,2200,1149,34831754,011F0000,1272,38483,00,02
D,34832709,989,2106,1,2078,235,-181,-181,0,190,0,01,12,2,2200,1150,34832742,011F0000,1272,39472,00,02
D,34833704,995,2106,0,2078,234,-181,-181,0,190,0,01,12,2,2200,1150,34833737,011F0000,1272,40466,00,02
D,34834727,1023,2107,1,2077,251,-181,-179,0,190,0,01,12,2,2200,1151,34834801,011F0000,1272,41539,00,02
D,34835726,999,2108,1,2076,262,-181,-187,0,190,0,01,12,2,2200,1151,34835758,011F0000,1272,42487,00,02
D,34836827,1101,2109,1,2075,363,-181,-187,0,190,0,01,12,2,2200,1152,34836934,011F0000,1272,43688,00,02
D,34837918,1091,2109,0,2075,445,-181,-186,0,190,0,01,12,2,2200,1153,34838125,011F0000,1272,44884,00,02
D,34838809,891,2110,1,2074,342,-181,-187,0,190,0,01,12,2,2200,1153,34838909,011F0000,1272,45668,00,02
D,34839743,934,2111,1,2073,268,-182,-187,0,190,0,01,12,2,2200,1154,34839795,011F0000,1272,46532,00,02
D,34840716,973,2112,1,2072,250,-182,-189,0,190,0,01,12,2,2200,1154,34840784,011F0000,1272,47523,00,02
D,34841744,1028,2112,0,2072,270,-182,-187,0,190,0,01,12,2,2200,1155,34841793,011F0000,1272,48529,00,02
D,34842760,1016,2113,1,2071,291,-182,-187,0,190,0,01,12,2,2200,1156,34842855,011F0000,1272,49600,00,02
D,34843750,990,2114,1,2070,275,-183,-195,0,190,0,01,12,2,2200,1156,34843806,011F0000,1255,1,00,02
D,34844735,985,2115,1,2069,268,-183,-195,0,190,0,01,12,2,2200,1157,34844815,011F0000,1255,463,00,02
D,34845735,1000,2115,0,2069,275,-183,-187,0,190,0,01,12,2,2200,1157,34845794,011F0000,1255,1440,00,02
D,34846763,1028,2116,1,2068,302,-184,-189,0,190,0,01,12,2,2200,1158,34846857,011F0000,1255,2513,00,02
D,34847800,1037,2117,1,2067,324,-184,-189,0,190,0,01,12,2,2200,1159,34847907,011F0000,1255,3559,00,02
D,34848766,966,2118,1,2066,308,-184,-190,0,190,0,01,12,2,2200,1159,34848819,011F0000,1255,4461,00,02
D,34849707,941,2119,1,2065,235,-184,-190,0,190,0,01,12,2,2200,1160,34849742,011F0000,1255,5378,00,02
D,34850736,1029,2119,0,2065,267,-184,-187,0,191,0,01,12,2,2200,1161,34850820,011F0000,1255,6468,00,02
D,34851727,991,2120,1,2064,255,-185,-189,0,191,0,01,12,2,2200,1161,34851758,011F0000,1255,7395,00,02
D,34852706,979,2121,1,2063,234,-185,-189,0,191,0,01,12,2,2200,1162,34852739,011F0000,1255,8375,00,02
D,34853701,995,2122,1,2062,233,-185,-189,0,191,0,01,12,2,2200,1162,34853735,011F0000,1255,9372,00,02
D,34854718,1017,2122,0,2062,256,-185,-181,0,191,0,01,12,2,2200,1163,34854796,011F0000,1255,10442,00,02
D,34855723,1005,2123,1,2061,259,-185,-181,0,191,0,01,12,2,2200,1164,34855757,011F0000,1255,11393,00,02
D,34856846,1123,2124,1,2060,355,-185,-187,0,191,0,01,12,2,2200,1164,34856941,011F0000,1255,12600,00,02
D,34857932,1086,2125,1,2059,449,-185,-186,0,191,0,01,12,2,2200,1165,34858132,011F0000,1255,13797,00,02
D,34858808,876,2125,0,2059,343,-185,-179,0,191,0,01,12,2,2200,1165,34858918,011F0000,1255,14589,00,02
D,34859731,923,2126,1,2058,272,-184,-179,0,191,0,01,12,2,2200,1166,34859783,011F0000,1255,15427,00,02
D,34860725,994,2126,0,2058,255,-184,-173,0,191,0,01,12,2,2200,1167,34860793,011F0000,1255,16440,00,02
D,34861736,1011,2127,1,2057,270,-184,-179,0,191,0,01,12,2,2200,1167,34861786,011F0000,1255,17431,00,02
D,34862754,1018,2128,1,2056,291,-184,-179,0,191,0,01,12,2,2200,1168,34862845,011F0000,1255,18497,00,02
D,34863747,993,2129,1,2055,281,-184,-187,0,191,0,01,12,2,2200,1168,34863802,011F0000,1255,19446,00,02
D,34864721,974,2129,0,2055,259,-184,-181,0,191,0,01,12,2,2200,1169,34864785,011F0000,1255,20432,00,02
D,34865734,1013,2130,1,2054,274,-183,-179,0,191,0,01,12,2,2200,1170,34865790,011F0000,1255,21434,00,02
D,34866771,1037,2131,1,2053,296,-183,-181,0,191,0,01,12,2,2200,1170,34866861,011F0000,1255,22517,00,02
D,34867801,1030,2132,1,2052,330,-183,-181,0,191,0,01,12,2,2200,1171,34867920,011F0000,1255,23575,00,02
D,34868776,975,2133,1,2051,308,-183,-190,0,191,0,01,12,2,2200,1172,34868827,011F0000,1255,24468,00,02
D,34869704,928,2133,0,2051,237,-183,-182,0,191,0,01,12,2,2200,1172,34869738,011F0000,1255,25375,00,02
D,34870731,1027,2134,1,2050,263,-183,-179,0,192,0,01,12,2,2200,1173,34870808,011F0000,1255,26455,00,02
D,34871734,1003,2135,1,2049,259,-183,-181,0,192,0,01,12,2,2200,1173,34871764,011F0000,1255,27400,00,02
D,34872706,972,2136,1,2048,235,-183,-189,0,192,0,01,12,2,2200,1174,34872738,011F0000,1255,28374,00,02
D,34873706,1000,2136,0,2048,238,-183,-181,0,192,0,01,12,2,2200,1175,34873735,011F0000,1255,29371,00,02
D,34874710,1004,2138,2,2046,250,-184,-189,0,192,0,01,12,2,2200,1175,34874786,011F0000,1255,30433,00,02
D,34875736,1026,2138,0,2046,261,-184,-187,0,192,0,01,12,2,2200,1176,34875770,011F0000,1255,31406,00,02
D,34876835,1099,2139,1,2045,354,-184,-187,0,192,0,01,12,2,2200,1176,34876930,011F0000,1255,32593,00,02
D,34877896,1061,2140,1,2044,429,-184,-187,0,192,0,01,12,2,2200,1177,34878105,011F0000,1255,33777,00,02
D,34878818,922,2141,1,2043,351,-184,-187,0,192,0,01,12,2,2200,1178,34878943,011F0000,1255,34612,00,02
D,34879747,929,2142,1,2042,270,-184,-187,0,192,0,01,12,2,2200,1178,34879800,011F0000,1255,35443,00,02
D,34880727,980,2142,0,2042,253,-184,-181,0,192,0,01,12,2,2200,1179,34880794,011F0000,1255,36439,00,02
D,34881741,1014,2143,1,2041,268,-184,-187,0,192,0,01,12,2,2200,1179,34881793,011F0000,1255,37438,00,02
D,34882766,1025,2144,1,2040,294,-184,-187,0,192,0,01,12,2,2200,1180,34882861,011F0000,1255,38512,00,02
D,34883740,974,2144,0,2040,279,-184,-179,0,192,0,01,12,2,2200,1181,34883797,011F0000,1255,39442,00,02
D,34884733,993,2145,1,2039,261,-184,-187,0,192,0,01,12,2,2200,1181,34884798,011F0000,1255,40444,00,02
D,34885742,1009,2146,1,2038,273,-184,-187,0,192,0,01,12,2,2200,1182,34885801,011F0000,1255,41446,00,02
D,34886773,1031,2147,1,2037,301,-184,-189,0,192,0,01,12,2,2200,1183,34886865,011F0000,1255,42521,00,02
D,34887782,1009,2147,0,2037,314,-184,-182,0,192,0,01,12,2,2200,1183,34887892,011F0000,1255,43544,00,02
D,34888776,994,2148,1,2036,302,-184,-182,0,192,0,01,12,2,2200,1184,34888825,011F0000,1255,44466,00,02
D,34889708,932,2149,1,2035,241,-184,-190,0,192,0,01,12,2,2200,1184,34889742,011F0000,1255,45378,00,02
D,34890735,1027,2149,0,2035,263,-185,-187,0,192,0,01,12,2,2200,1185,34890814,011F0000,1255,46462,00,02
D,34891725,990,2150,1,2034,260,-185,-189,0,193,0,01,12,2,2200,1186,34891758,011F0000,1255,47395,00,02
D,34892701,976,2151,1,2033,236,-185,-189,0,193,0,01,12,2,2200,1186,34892734,011F0000,1255,48370,00,02
D,34893700,999,2151,0,2033,234,-185,-181,0,193,0,01,12,2,2200,1187,34893734,011F0000,1255,49371,00,02
D,34894713,1013,2152,1,2032,251,-185,-181,0,193,0,01,12,2,2200,1187,34894786,011F0000,1238,1,00,02
D,34895739,1026,2153,1,2031,274,-185,-187,0,193,0,01,12,2,2200,1188,34895806,011F0000,1238,487,00,02
D,34896858,1119,2154,1,2030,362,-185,-187,0,193,0,01,12,2,2200,1189,34896960,011F0000,1238,1658,00,02
D,34897882,1024,2155,1,2029,416,-185,-187,0,193,0,01,12,2,2200,1190,34898099,011F0000,1238,2810,00,02
D,34898816,934,2156,1,2028,349,-185,-187,0,193,0,01,12,2,2200,1190,34898936,011F0000,1238,3642,00,02
D,34899745,929,2156,0,2028,273,-185,-187,0,193,0,01,12,2,2200,1191,34899799,011F0000,1238,4479,00,02
D,34900721,976,2157,1,2027,255,-185,-189,0,193,0,01,12,2,2200,1191,34900787,011F0000,1238,5471,00,02
D,34901731,1010,2158,1,2026,270,-185,-189,0,193,0,01,12,2,2200,1192,34901783,011F0000,1238,6464,00,02
D,34902761,1030,2159,1,2025,293,-185,-187,0,193,0,01,12,2,2200,1192,34902856,011F0000,1238,7545,00,02
D,34903734,973,2160,1,2024,275,-186,-195,0,193,0,01,12,2,2200,1193,34903788,011F0000,1238,8467,00,02
D,34904740,1006,2161,1,2023,265,-186,-187,0,193,0,01,12,2,2200,1194,34904806,011F0000,1238,9490,00,02
D,34905730,990,2161,0,2023,271,-186,-181,0,193,0,01,12,2,2200,1194,34905786,011F0000,1238,10467,00,02
D,34906775,1045,2162,1,2022,299,-186,-189,0,193,0,01,12,2,2200,1195,34906864,011F0000,1238,11555,00,02
D,34907791,1016,2163,1,2021,319,-186,-189,0,193,0,01,12,2,2200,1196,34907909,011F0000,1238,12601,00,02
D,34908787,996,2163,0,2021,312,-186,-182,0,193,0,01,12,2,2200,1196,34908838,011F0000,1238,13517,00,02
D,34909701,914,2164,1,2020,237,-186,-182,0,193,0,01,12,2,2200,1197,34909735,011F0000,1238,14409,00,02
D,34910729,1028,2165,1,2019,260,-186,-187,0,193,0,01,12,2,2200,1197,34910806,011F0000,1238,15490,00,02
D,34911719,990,2165,0,2019,259,-185,-181,0,193,0,01,12,2,2200,1198,34911753,011F0000,1238,16426,00,02
D,34912697,978,2166,1,2018,238,-185,-181,0,194,0,01,12,2,2200,1199,34912730,011F0000,1238,17404,00,02
D,34913693,996,2167,1,2017,234,-185,-182,0,194,0,01,12,2,2200,1199,34913726,011F0000,1238,18399,00,02
D,34914725,1032,2167,0,2017,251,-185,-181,0,194,0,01,12,2,2200,1200,34914799,011F0000,1238,19481,00,02
D,34915729,1004,2168,1,2016,261,-185,-181,0,194,0,01,12,2,2200,1200,34915761,011F0000,1238,20435,00,02
D,34916822,1093,2169,1,2015,361,-185,-179,0,194,0,01,12,2,2200,1201,34916923,011F0000,1238,21621,00,02
D,34917870,1048,2170,1,2014,410,-185,-187,0,194,0,01,12,2,2200,1202,34918055,011F0000,1238,22779,00,02
D,34918819,949,2170,0,2014,350,-184,-179,0,194,0,01,12,2,2200,1202,34918950,011F0000,1238,23654,00,02
D,34919734,915,2171,1,2013,271,-184,-179,0,194,0,01,12,2,2200,1203,34919789,011F0000,1238,24469,00,02
D,34920737,1003,2172,1,2012,264,-184,-187,0,194,0,01,12,2,2200,1204,34920817,011F0000,1238,25499,00,02
D,34921736,999,2173,1,2011,274,-184,-187,0,194,0,01,12,2,2200,1204,34921800,011F0000,1238,26484,00,02
D,34922776,1040,2174,1,2010,302,-185,-187,0,194,0,01,12,2,2200,1205,34922870,011F0000,1238,27563,00,02
D,34923741,965,2175,1,2009,269,-185,-195,0,194,0,01,12,2,2200,1205,34923799,011F0000,1238,28481,00,02
D,34924740,999,2175,0,2009,268,-185,-187,0,194,0,01,12,2,2200,1206,34924807,011F0000,1238,29489,00,02
D,34925745,1005,2176,1,2008,275,-185,-187,0,194,0,01,12,2,2200,1207,34925811,011F0000,1238,30496,00,02
D,34926782,1037,2177,1,2007,308,-185,-189,0,194,0,01,12,2,2200,1207,34926870,011F0000,1238,31568,00,02
D,34927772,990,2178,1,2006,300,-185,-190,0,194,0,01,12,2,2200,1208,34927888,011F0000,1238,32577,00,02
D,34928775,1003,2179,1,2005,307,-186,-190,0,194,0,01,12,2,2200,1209,34928830,011F0000,1238,33512,00,02
D,34929696,921,2180,1,2004,236,-186,-190,0,194,0,01,12,2,2200,1209,34929731,011F0000,1238,34404,00,02
D,34930734,1038,2181,1,2003,266,-186,-195,0,194,0,01,12,2,2200,1210,34930812,011F0000,1238,35494,00,02
D,34931715,981,2182,1,2002,256,-187,-197,0,194,0,01,12,2,2200,1210,34931750,011F0000,1238,36424,00,02
D,34932700,985,2182,0,2002,234,-187,-189,0,194,0,01,12,2,2200,1211,34932733,011F0000,1238,37407,00,02
D,34933695,995,2183,1,2001,233,-187,-189,0,195,0,01,12,2,2200,1212,34933729,011F0000,1238,38403,00,02
D,34934728,1033,2184,1,2000,255,-187,-189,0,195,0,01,12,2,2200,1212,34934802,011F0000,1238,39484,00,02
D,34935729,1001,2184,0,2000,256,-187,-181,0,195,0,01,12,2,2200,1213,34935762,011F0000,1238,40436,00,02
D,34936834,1105,2185,1,1999,371,-187,-187,0,195,0,01,12,2,2200,1214,34936936,011F0000,1238,41635,00,02
D,34937956,1122,2186,1,1998,472,-187,-186,0,195,0,01,12,2,2200,1214,34938137,011F0000,1238,42837,00,02
D,34938806,850,2187,1,1997,335,-187,-195,0,195,0,01,12,2,2200,1215,34938900,011F0000,1238,43601,00,02
D,34939730,924,2187,0,1997,270,-187,-187,0,195,0,01,12,2,2200,1215,34939779,011F0000,1238,44462,00,02
D,34940725,995,2188,1,1996,250,-187,-189,0,195,0,01,12,2,2200,1216,34940791,011F0000,1238,45473,00,02
D,34941727,1002,2189,1,1995,269,-187,-195,0,195,0,01,12,2,2200,1217,34941777,011F0000,1238,46458,00,02
D,34942754,1027,2190,1,1994,287,-188,-195,0,195,0,01,12,2,2200,1217,34942854,011F0000,1238,47544,00,02
D,34943746,992,2190,0,1994,281,-188,-187,0,195,0,01,12,2,2200,1218,34943800,011F0000,1238,48479,00,02
D,34945080,1334,2191,1,1993,337,-188,-193,0,195,0,01,12,0,0,1219,34945197,011F0000,1223,2,00,03
D,34946283,1203,2191,0,1993,389,-188,-184,0,195,0,01,12,0,0,1219,34946362,011F0000,1223,617,00,03
D,34946741,458,2190,-1,1994,267,-187,-173,0,195,0,01,12,0,0,1220,34946780,011F0000,1223,1020,00,03
D,34947759,1018,2189,-1,1995,288,-186,-158,0,195,0,01,12,0,0,1220,34947866,011F0000,1223,2127,00,03
D,34948785,1026,2189,0,1995,321,-185,-150,0,195,0,01,12,0,0,1221,34948830,011F0000,1223,3070,00,03
D,34949700,915,2190,1,1994,235,-184,-158,0,195,0,01,12,0,0,1222,34949732,011F0000,1223,3971,00,03
D,34950691,991,2191,1,1993,234,-183,-158,0,195,0,01,12,0,0,1222,34950729,011F0000,1223,4969,00,03
D,34951715,1024,2192,1,1992,243,-182,-158,0,195,0,01,12,0,0,1223,34951764,011F0000,1223,6002,00,03
D,34952698,983,2192,0,1992,238,-181,-150,0,195,0,01,12,0,0,1223,34952734,011F0000,1223,6971,00,03
D,34953699,1001,2192,0,1992,234,-179,-142,0,195,0,01,12,0,0,1224,34953731,011F0000,1223,7968,00,03
D,34954694,995,2193,1,1991,235,-178,-142,0,196,0,01,12,0,0,1225,34954731,011F0000,1223,8971,00,03
D,34955704,1010,2194,1,1990,241,-177,-150,0,196,0,01,12,0,0,1225,34955738,011F0000,1223,9975,00,03
D,34956800,1096,2194,0,1990,332,-175,-138,0,196,0,01,12,0,0,1226,34956891,011F0000,1223,11146,00,03
D,34957924,1124,2195,1,1989,460,-173,-138,0,196,0,01,12,0,0,1227,34958105,011F0000,1223,12379,00,03
D,34958798,874,2195,0,1989,325,-172,-130,0,196,0,01,12,0,0,1227,34958865,011F0000,1223,13107,00,03
D,34959736,938,2196,1,1988,271,-170,-130,0,196,0,01,12,0,0,1228,34959805,011F0000,1223,14053,00,03
D,34960735,999,2197,1,1987,276,-169,-130,0,196,0,01,12,0,0,1228,34960792,011F0000,1223,15036,00,03
D,34961728,993,2197,0,1987,263,-167,-122,0,196,0,01,12,0,0,1229,34961796,011F0000,1223,16043,00,03
D,34962754,1026,2197,0,1987,280,-165,-122,0,0,0,01,12,0,0,1230,34962819,011F0000,1223,17062,00,03
D,34963744,990,2198,1,1986,269,-163,-122,0,0,0,01,12,0,0,1230,34963812,011F0000,1223,18059,00,03
D,34965001,1257,2199,1,1985,343,-161,-121,0,0,0,01,3,0,0,1231,34965156,011F0000,1223,19422,00,03
D,34965753,752,2199,0,1985,285,-160,-122,0,0,0,01,3,0,0,1231,34965797,011F0000,1223,20039,00,03
D,34966735,982,2200,1,1984,275,-159,-126,0,0,0,01,3,0,0,1231,34966808,011F0000,1223,21055,00,03
D,34967885,1150,2200,0,1984,411,-157,-118,0,0,0,01,3,0,0,1231,34968000,011F0000,1223,22258,00,03
D,34968735,850,2201,1,1983,268,-156,-119,0,0,0,01,3,0,0,1231,34968772,011F0000,1223,23010,00,03
D,34969695,960,2202,1,1982,237,-154,-119,0,0,0,01,3,0,0,1231,34969734,011F0000,1223,23971,00,03
D,34970705,1010,2202,0,1982,241,-153,-118,0,0,0,01,3,0,0,1231,34970745,011F0000,1223,24984,00,03
D,34971717,1012,2203,1,1981,239,-151,-118,0,0,0,01,3,0,0,1231,34971756,011F0000,1223,25994,00,03
D,34972702,985,2203,0,1981,239,-150,-110,0,0,0,01,3,0,0,1231,34972737,011F0000,1223,26976,00,03
D,34973703,1001,2204,1,1980,235,-148,-110,0,0,0,01,3,0,0,1231,34973742,011F0000,1223,27981,00,03
D,34974702,999,2205,1,1979,245,-147,-118,0,0,0,01,3,0,0,1231,34974742,011F0000,1223,28980,00,03
D,34975709,1007,2205,0,1979,240,-146,-112,0,0,0,01,3,0,0,1231,34975763,011F0000,1223,30002,00,03
D,34976843,1134,2205,0,1979,364,-145,-122,0,0,0,01,3,0,0,1231,34976946,011F0000,1223,31204,00,03
D,34977903,1060,2206,1,1978,443,-144,-138,0,0,0,01,3,0,0,1231,34978033,011F0000,1223,32325,00,03
D,34978808,905,2206,0,1978,344,-144,-138,0,0,0,01,3,0,0,1231,34978882,011F0000,1223,33140,00,03
D,34979751,943,2207,1,1977,286,-144,-138,0,0,0,01,3,0,0,1231,34979830,011F0000,1223,34086,00,03
D,34980753,1002,2208,1,1976,290,-144,-138,0,0,0,01,3,0,0,1231,34980815,011F0000,1223,35065,00,03
D,34981741,988,2208,0,1976,283,-143,-130,0,0,0,01,3,0,0,1231,34981815,011F0000,1223,36069,00,03
D,34982752,1011,2209,1,1975,291,-143,-138,0,0,0,01,3,0,0,1231,34982822,011F0000,1223,37073,00,03
D,34983748,996,2210,1,1974,285,-143,-146,0,0,0,01,3,0,0,1231,34983823,011F0000,1223,38075,00,03
D,34984762,1014,2210,0,1974,289,-143,-138,0,0,0,01,3,0,0,1231,34984830,011F0000,1223,39081,00,03
D,34985760,998,2211,1,1973,288,-143,-138,0,0,0,01,3,0,0,1231,34985834,011F0000,1223,40088,00,03
D,34986753,993,2211,0,1973,287,-142,-134,0,0,0,01,3,0,0,1231,34986823,011F0000,1223,41073,00,03
D,34987846,1093,2212,1,1972,366,-142,-142,0,0,0,01,3,0,0,1231,34987942,011F0000,1223,42199,00,03
D,34988720,874,2212,0,1972,253,-142,-135,0,0,0,01,3,0,0,1231,34988753,011F0000,1223,42991,00,03
D,34989723,1003,2213,1,1971,249,-142,-142,0,0,0,01,3,0,0,1231,34989764,011F0000,1223,44003,00,03
D,34990708,985,2213,0,1971,244,-142,-134,0,0,0,01,3,0,0,1231,34990745,011F0000,1223,44985,00,03
D,34991712,1004,2214,1,1970,238,-141,-134,0,0,0,01,3,0,0,1231,34991751,011F0000,1223,45989,00,03
D,34992699,987,2215,1,1969,236,-141,-142,0,0,0,01,3,0,0,1231,34992732,011F0000,1223,46970,00,03
D,34993711,1012,2215,0,1969,236,-142,-142,0,0,0,01,3,0,0,1231,34993750,011F0000,1223,47988,00,03
D,34994703,992,2216,1,1968,242,-142,-142,0,0,0,01,3,0,0,1231,34994740,011F0000,1223,48980,00,03
D,34995707,1004,2216,0,1968,237,-141,-135,0,0,0,01,3,0,0,1231,34995747,011F0000,1223,49985,00,03
D,34996841,1134,2217,1,1967,349,-141,-138,0,0,0,01,3,0,0,1231,34996946,011F0000,1216,2,00,03
D,34998302,1461,2218,1,1966,408,-141,-144,0,0,0,01,3,0,0,1231,34998413,011F0000,1216,753,00,03
D,34998803,501,2218,0,1966,267,-141,-138,0,0,0,01,3,0,0,1231,34998840,011F0000,1216,1156,00,03
D,34999748,945,2219,1,1965,274,-141,-138,0,0,0,01,3,0,0,1231,34999812,011F0000,1216,2135,00,03
D,35000738,990,2219,0,1965,277,-141,-138,0,0,0,01,3,0,0,1231,35000798,011F0000,1216,3122,00,03
D,35001755,1017,2220,1,1964,282,-141,-138,0,0,0,01,3,0,0,1231,35001820,011F0000,1216,4143,00,03
D,35002755,1000,2220,0,1964,283,-141,-138,0,0,0,01,3,0,0,1231,35002820,011F0000,1216,5144,00,03
D,35003746,991,2221,1,1963,283,-141,-138,0,0,0,01,3,0,0,1231,35003811,011F0000,1216,6135,00,03
D,35004743,997,2222,1,1962,279,-141,-138,0,0,0,01,3,0,0,1231,35004805,011F0000,1216,7128,00,03
D,35005745,1002,2222,0,1962,281,-140,-138,0,0,0,01,3,0,0,1231,35005810,011F0000,1216,8134,00,03
D,35006749,1004,2223,1,1961,284,-141,-142,0,0,0,01,3,0,0,1231,35006816,011F0000,1216,9141,00,03
D,35007808,1059,2224,1,1960,329,-141,-150,0,0,0,01,3,0,0,1231,35007911,011F0000,1216,10242,00,03
D,35008708,900,2224,0,1960,237,-141,-143,0,0,0,01,3,0,0,1231,35008744,011F0000,1216,11057,00,03
D,35009708,1000,2225,1,1959,240,-141,-150,0,0,0,01,3,0,0,1231,35009745,011F0000,1216,12059,00,03
D,35010711,1003,2225,0,1959,246,-141,-142,0,0,0,01,3,0,0,1231,35010753,011F0000,1216,13068,00,03
D,35011711,1000,2226,1,1958,237,-141,-142,0,0,0,01,3,0,0,1231,35011748,011F0000,1216,14062,00,03
D,35012694,983,2226,0,1958,237,-141,-142,0,0,0,01,3,0,0,1231,35012730,011F0000,1216,15044,00,03
D,35013697,1003,2227,1,1957,237,-141,-142,0,0,0,01,3,0,0,1231,35013734,011F0000,1216,16048,00,03
D,35014714,1017,2227,0,1957,246,-141,-134,0,0,0,01,3,0,0,1231,35014754,011F0000,1216,17069,00,03
D,35015711,997,2228,1,1956,237,-141,-142,0,0,0,01,3,0,0,1231,35015748,011F0000,1216,18061,00,03
D,35016850,1139,2229,1,1955,361,-141,-146,0,0,0,01,3,0,0,1231,35016941,011F0000,1216,19275,00,03
D,35017929,1079,2229,0,1955,450,-141,-138,0,0,0,01,3,0,0,1231,35018084,011F0000,1216,20451,00,03
D,35018812,883,2230,1,1954,341,-141,-146,0,0,0,01,3,0,0,1231,35018887,011F0000,1216,21221,00,03
D,35019752,940,2230,0,1954,279,-141,-138,0,0,0,01,3,0,0,1231,35019827,011F0000,1216,22156,00,03
D,35020768,1016,2231,1,1953,294,-141,-146,0,0,0,01,3,0,0,1231,35020851,011F0000,1216,23179,00,03
D,35021769,1001,2232,1,1952,292,-142,-146,0,0,0,01,3,0,0,1231,35021845,011F0000,1216,24172,00,03
D,35022771,1002,2232,0,1952,295,-142,-138,0,0,0,01,3,0,0,1231,35022849,011F0000,1216,25176,00,03
D,35023746,975,2233,1,1951,278,-142,-146,0,0,0,01,3,0,0,1231,35023814,011F0000,1216,26138,00,03
D,35024756,1010,2233,0,1951,290,-142,-138,0,0,0,01,3,0,0,1231,35024830,011F0000,1216,27157,00,03
D,35025756,1000,2234,1,1950,288,-142,-146,0,0,0,01,3,0,0,1231,35025829,011F0000,1216,28155,00,03
D,35026764,1008,2234,0,1950,292,-142,-141,0,0,0,01,3,0,0,1231,35026839,011F0000,1216,29165,00,03
D,35027846,1082,2235,1,1949,366,-142,-142,0,0,0,01,3,0,0,1231,35027946,011F0000,1216,30277,00,03
D,35028713,867,2236,1,1948,248,-142,-145,0,0,0,01,3,0,0,1231,35028749,011F0000,1216,31062,00,03
D,35029714,1001,2236,0,1948,244,-142,-142,0,0,0,01,3,0,0,1231,35029755,011F0000,1216,32069,00,03
D,35030719,1005,2237,1,1947,246,-142,-142,0,0,0,01,3,0,0,1231,35030764,011F0000,1216,33080,00,03
D,35031698,979,2238,1,1946,238,-142,-150,0,0,0,01,3,0,0,1231,35031738,011F0000,1216,34052,00,03
D,35032706,1008,2238,0,1946,238,-142,-142,0,0,0,01,3,0,0,1231,35032746,011F0000,1216,35060,00,03
D,35033711,1005,2239,1,1945,238,-142,-150,0,0,0,01,3,0,0,1231,35033751,011F0000,1216,36064,00,03
D,35034708,997,2239,0,1945,246,-142,-142,0,0,0,01,3,0,0,1231,35034753,011F0000,1216,37069,00,03
D,35035708,1000,2240,1,1944,238,-142,-142,0,0,0,01,3,0,0,1231,35035748,011F0000,1216,38062,00,03
D,35036832,1124,2240,0,1944,360,-142,-138,0,0,0,01,3,0,0,1231,35036940,011F0000,1216,39275,00,03
D,35037944,1112,2241,1,1943,461,-142,-138,0,0,0,01,3,0,0,1231,35038107,011F0000,1216,40467,00,03
D,35038800,856,2241,0,1943,333,-142,-138,0,0,0,01,3,0,0,1231,35038880,011F0000,1216,41204,00,03
D,35039759,959,2242,1,1942,287,-142,-138,0,0,0,01,3,0,0,1231,35039834,011F0000,1216,42160,00,03
D,35040752,993,2243,1,1941,290,-142,-146,0,0,0,01,3,0,0,1231,35040816,011F0000,1216,43139,00,03
D,35041740,988,2243,0,1941,283,-142,-138,0,0,0,01,3,0,0,1231,35041816,011F0000,1216,44141,00,03
D,35042766,1026,2244,1,1940,289,-142,-146,0,0,0,01,3,0,0,1231,35042836,011F0000,1216,45158,00,03
D,35043745,979,2245,1,1939,287,-142,-146,0,0,0,01,3,0,0,1231,35043820,011F0000,1216,46147,00,03
D,35044763,1018,2245,0,1939,288,-142,-146,0,0,0,01,3,0,0,1231,35044831,011F0000,1216,47154,00,03
D,35045759,996,2246,1,1938,287,-142,-146,0,0,0,01,3,0,0,1231,35045834,011F0000,1216,48161,00,03
D,35046757,998,2246,0,1938,290,-142,-142,0,0,0,01,3,0,0,1231,35046827,011F0000,1216,49149,00,03
D,35047848,1091,2247,1,1937,360,-142,-142,0,0,0,01,3,0,0,1231,35047942,011F0000,1216,1,00,03
D,35048881,1033,2247,0,1937,267,-142,-138,0,0,0,01,3,0,0,1231,35048961,011F0000,1216,479,00,03
D,35049716,835,2248,1,1936,249,-142,-142,0,0,0,01,3,0,0,1231,35049754,011F0000,1216,1265,00,03
D,35050712,996,2248,0,1936,244,-142,-142,0,0,0,01,3,0,0,1231,35050755,011F0000,1216,2268,00,03
D,35051706,994,2249,1,1935,239,-142,-142,0,0,0,01,3,0,0,1231,35051745,011F0000,1216,3256,00,03
D,35052705,999,2250,1,1934,235,-142,-142,0,0,0,01,3,0,0,1231,35052744,011F0000,1216,4254,00,03
D,35053709,1004,2250,0,1934,238,-142,-142,0,0,0,01,3,0,0,1231,35053746,011F0000,1216,5258,00,03
D,35054701,992,2251,1,1933,243,-142,-142,0,0,0,01,3,0,0,1231,35054743,011F0000,1216,6255,00,03
D,35055713,1012,2251,0,1933,239,-142,-142,0,0,0,01,3,0,0,1231,35055752,011F0000,1216,7262,00,03
D,35056841,1128,2252,1,1932,379,-142,-146,0,0,0,01,3,0,0,1231,35056950,011F0000,1216,8479,00,03
D,35057930,1089,2253,1,1931,449,-142,-146,0,0,0,01,3,0,0,1231,35058061,011F0000,1216,9627,00,03
D,35058818,888,2253,0,1931,337,-142,-138,0,0,0,01,3,0,0,1231,35058890,011F0000,1216,10429,00,03
D,35059745,927,2254,1,1930,288,-142,-146,0,0,0,01,3,0,0,1231,35059826,011F0000,1216,11355,00,03
D,35060750,1005,2254,0,1930,288,-142,-138,0,0,0,01,3,0,0,1231,35060814,011F0000,1216,12337,00,03
D,35061753,1003,2255,1,1929,278,-142,-138,0,0,0,01,3,0,0,1231,35061828,011F0000,1216,13355,00,03
D,35062766,1013,2255,0,1929,291,-142,-138,0,0,0,01,3,0,0,1231,35062837,011F0000,1216,14361,00,03
D,35063749,983,2256,1,1928,283,-142,-138,0,0,0,01,3,0,0,1231,35063819,011F0000,1216,15343,00,03
D,35064761,1012,2257,1,1927,289,-142,-146,0,0,0,01,3,0,0,1231,35064829,011F0000,1216,16353,00,03
D,35065754,993,2257,0,1927,287,-142,-138,0,0,0,01,3,0,0,1231,35065829,011F0000,1216,17355,00,03
D,35066769,1015,2258,1,1926,291,-142,-141,0,0,0,01,3,0,0,1231,35066840,011F0000,1216,18364,00,03
D,35067833,1064,2258,0,1926,370,-142,-142,0,0,0,01,3,0,0,1231,35067928,011F0000,1216,19456,00,03
D,35068724,891,2259,1,1925,267,-142,-143,0,0,0,01,3,0,0,1231,35068764,011F0000,1216,20275,00,03
D,35069713,989,2260,1,1924,243,-142,-150,0,0,0,01,3,0,0,1231,35069754,011F0000,1216,21265,00,03
D,35070718,1005,2260,0,1924,246,-142,-142,0,0,0,01,3,0,0,1231,35070759,011F0000,1216,22272,00,03
D,35071710,992,2261,1,1923,236,-142,-142,0,0,0,01,3,0,0,1231,35071749,011F0000,1216,23259,00,03
D,35072694,984,2261,0,1923,238,-142,-142,0,0,0,01,3,0,0,1231,35072730,011F0000,1216,24241,00,03
D,35073712,1018,2261,0,1923,235,-142,-134,0,0,0,01,3,0,0,1231,35073751,011F0000,1216,25262,00,03
D,35074708,996,2262,1,1922,246,-142,-134,0,0,0,01,3,0,0,1231,35074748,011F0000,1216,26261,00,03
D,35075699,991,2263,1,1921,236,-142,-142,0,0,0,01,3,0,0,1231,35075738,011F0000,1216,27249,00,03
D,35076828,1129,2263,0,1921,341,-141,-138,0,0,0,01,3,0,0,1231,35076937,011F0000,1216,28470,00,03
D,35077940,1112,2264,1,1920,456,-141,-138,0,0,0,01,3,0,0,1231,35078112,011F0000,1216,29656,00,03
D,35078797,857,2265,1,1919,338,-141,-142,0,0,0,01,3,0,0,1231,35078877,011F0000,1216,30398,00,03
D,35079757,960,2265,0,1919,287,-141,-138,0,0,0,01,3,0,0,1231,35079832,011F0000,1216,31355,00,03
D,35080754,997,2266,1,1918,287,-141,-146,0,0,0,01,3,0,0,1231,35080816,011F0000,1216,32335,00,03
D,35081742,988,2266,0,1918,283,-141,-138,0,0,0,01,3,0,0,1231,35081818,011F0000,1216,33339,00,03
D,35082749,1007,2267,1,1917,291,-141,-138,0,0,0,01,3,0,0,1231,35082818,011F0000,1216,34337,00,03
D,35083751,1002,2268,1,1916,285,-141,-146,0,0,0,01,3,0,0,1231,35083824,011F0000,1216,35346,00,03
D,35084767,1016,2268,0,1916,289,-141,-138,0,0,0,01,3,0,0,1231,35084834,011F0000,1216,36352,00,03
D,35085752,985,2269,1,1915,286,-141,-146,0,0,0,01,3,0,0,1231,35085824,011F0000,1216,37346,00,03
D,35086768,1016,2269,0,1915,293,-141,-142,0,0,0,01,3,0,0,1231,35086839,011F0000,1216,38358,00,03
D,35087824,1056,2270,1,1914,362,-141,-142,0,0,0,01,3,0,0,1231,35087918,011F0000,1216,39448,00,03
D,35088714,890,2270,0,1914,252,-141,-135,0,0,0,01,3,0,0,1231,35088751,011F0000,1216,40262,00,03
D,35089720,1006,2271,1,1913,247,-141,-142,0,0,0,01,3,0,0,1231,35089762,011F0000,1216,41272,00,03
D,35090703,983,2272,1,1912,244,-141,-142,0,0,0,01,3,0,0,1231,35090741,011F0000,1216,42254,00,03
D,35091709,1006,2272,0,1912,236,-141,-142,0,0,0,01,3,0,0,1231,35091748,011F0000,1216,43259,00,03
D,35092884,1175,2273,1,1911,337,-141,-146,0,0,0,01,4,0,0,1231,35093001,011F0000,1216,44527,00,03
D,35093733,849,2273,0,1911,254,-141,-142,0,0,0,01,4,0,0,1231,35093770,011F0000,1216,45283,00,03
D,35094718,985,2274,1,1910,251,-142,-142,0,0,0,01,4,0,0,1231,35094763,011F0000,1216,46275,00,03
D,35095727,1009,2274,0,1910,249,-141,-134,0,0,0,01,4,0,0,1231,35095764,011F0000,1216,47275,00,03
D,35096914,1187,2275,1,1909,420,-141,-138,0,0,0,01,4,0,0,1231,35097016,011F0000,1216,48547,00,03
D,35097945,1031,2276,1,1908,456,-141,-146,0,0,0,01,4,0,0,1231,35098084,011F0000,1216,49617,00,03
D,35098855,910,2276,0,1908,376,-141,-138,0,0,0,01,4,0,0,1231,35098985,811F0000,1048575,2,00,03
D,35099974,1119,2277,1,1907,291,-141,-137,0,0,0,01,4,0,0,1231,35100063,811F0000,1048575,523,00,03
D,35100745,771,2277,0,1907,284,-141,-138,0,0,0,01,4,0,0,1231,35100796,811F0000,1048575,1247,00,03
D,35101746,1001,2278,1,1906,286,-141,-138,0,0,0,01,4,0,0,1231,35101817,811F0000,1048575,2276,00,03
D,35102768,1022,2279,1,1905,296,-141,-146,0,0,0,01,4,0,0,1231,35102835,811F0000,1048575,3294,00,03
D,35103751,983,2279,0,1905,289,-141,-146,0,0,0,01,4,0,0,1231,35103820,811F0000,1048575,4278,00,03
D,35104765,1014,2280,1,1904,295,-141,-146,0,0,0,01,4,0,0,1231,35104828,811F0000,1048575,5287,00,03
D,35105760,995,2280,0,1904,287,-141,-138,0,0,0,01,4,0,0,1231,35105832,811F0000,1048575,6290,00,03
D,35106772,1012,2281,1,1903,293,-141,-141,0,0,0,01,4,0,0,1231,35106839,811F0000,1048575,7298,00,03
D,35107883,1111,2281,0,1903,388,-141,-142,0,0,0,01,4,0,0,1231,35107972,811F0000,1048575,8443,00,03
D,35108755,872,2282,1,1902,293,-141,-143,0,0,0,01,4,0,0,1231,35108801,811F0000,1048575,9249,00,03
D,35109712,957,2282,0,1902,248,-141,-134,0,0,0,01,4,0,0,1231,35109756,811F0000,1048575,10205,00,03
D,35110729,1017,2283,1,1901,253,-141,-142,0,0,0,01,4,0,0,1231,35110776,811F0000,1048575,11225,00,03
D,35111723,994,2284,1,1900,248,-141,-142,0,0,0,01,4,0,0,1231,35111765,811F0000,1048575,12213,00,03
D,35112706,983,2284,0,1900,250,-141,-142,0,0,0,01,4,0,0,1231,35112745,811F0000,1048575,13193,00,03
D,35113705,999,2285,1,1899,247,-141,-142,0,0,0,01,4,0,0,1231,35113748,811F0000,1048575,14195,00,03
D,35114718,1013,2285,0,1899,253,-141,-134,0,0,0,01,4,0,0,1231,35114762,811F0000,1048575,15210,00,03
D,35115705,987,2286,1,1898,247,-141,-142,0,0,0,01,4,0,0,1231,35115748,811F0000,1048575,16196,00,03
D,35116838,1133,2286,0,1898,360,-141,-138,0,0,0,01,4,0,0,1231,35116944,811F0000,1048575,17410,00,03
D,35117940,1102,2287,1,1897,453,-141,-138,0,0,0,01,4,0,0,1231,35118107,811F0000,1048575,18603,00,03
D,35118800,860,2287,0,1897,342,-141,-138,0,0,0,01,4,0,0,1231,35118881,811F0000,1048575,19342,00,03
D,35119767,967,2288,1,1896,291,-140,-138,0,0,0,01,4,0,0,1231,35119837,811F0000,1048575,20292,00,03
D,35120769,1002,2289,1,1895,307,-140,-138,0,0,0,01,4,0,0,1231,35120856,811F0000,1048575,21316,00,03
D,35121767,998,2289,0,1895,291,-140,-138,0,0,0,01,4,0,0,1231,35121838,811F0000,1048575,22294,00,03
D,35122781,1014,2290,1,1894,303,-140,-141,0,0,0,01,4,0,0,1231,35122860,811F0000,1048575,23318,00,03
D,35123748,967,2290,0,1894,287,-140,-138,0,0,0,01,4,0,0,1231,35123816,811F0000,1048575,24272,00,03
D,35124757,1009,2291,1,1893,297,-140,-138,0,0,0,01,4,0,0,1231,35124830,811F0000,1048575,25288,00,03
D,35125763,1006,2291,0,1893,292,-140,-138,0,0,0,01,4,0,0,1231,35125832,811F0000,1048575,26290,00,03
D,35126761,998,2292,1,1892,298,-140,-142,0,0,0,01,4,0,0,1231,35126839,811F0000,1048575,27298,00,03
D,35127860,1099,2293,1,1891,386,-140,-142,0,0,0,01,4,0,0,1231,35127960,811F0000,1048575,28428,00,03
D,35128716,856,2293,0,1891,258,-140,-135,0,0,0,01,4,0,0,1231,35128761,811F0000,1048575,29208,00,03
D,35129721,1005,2294,1,1890,250,-140,-142,0,0,0,01,4,0,0,1231,35129764,811F0000,1048575,30212,00,03
D,35130715,994,2294,0,1890,253,-140,-135,0,0,0,01,4,0,0,1231,35130760,811F0000,1048575,31208,00,03
D,35131726,1011,2295,1,1889,249,-140,-142,0,0,0,01,4,0,0,1231,35131769,811F0000,1048575,32217,00,03
D,35132707,981,2296,1,1888,248,-140,-142,0,0,0,01,4,0,0,1231,35132747,811F0000,1048575,33195,00,03
D,35133706,999,2296,0,1888,248,-140,-134,0,0,0,01,4,0,0,1231,35133750,811F0000,1048575,34199,00,03
D,35134719,1013,2296,0,1888,252,-140,-134,0,0,0,01,4,0,0,1231,35134764,811F0000,1048575,35212,00,03
D,35135706,987,2297,1,1887,248,-139,-134,0,0,0,01,4,0,0,1231,35135749,811F0000,1048575,36197,00,03
D,35136849,1143,2298,1,1886,379,-139,-138,0,0,0,01,4,0,0,1231,35136953,811F0000,1048575,37420,00,03
D,35137911,1062,2298,0,1886,444,-139,-138,0,0,0,01,4,0,0,1231,35138042,811F0000,1048575,38543,00,03
D,35138829,918,2299,1,1885,348,-139,-138,0,0,0,01,4,0,0,1231,35138926,811F0000,1048575,39405,00,03
D,35139756,927,2300,1,1884,291,-140,-146,0,0,0,01,4,0,0,1231,35139831,811F0000,1048575,40292,00,03
D,35140773,1017,2300,0,1884,300,-139,-138,0,0,0,01,4,0,0,1231,35140835,811F0000,1048575,41293,00,03
D,35141755,982,2300,0,1884,287,-139,-130,0,0,0,01,4,0,0,1231,35141831,811F0000,1048575,42293,00,03
D,35142769,1014,2301,1,1883,296,-139,-138,0,0,0,01,4,0,0,1231,35142839,811F0000,1048575,43298,00,03
D,35143762,993,2302,1,1882,291,-139,-138,0,0,0,01,4,0,0,1231,35143834,811F0000,1048575,44295,00,03
D,35144768,1006,2302,0,1882,295,-139,-138,0,0,0,01,4,0,0,1231,35144836,811F0000,1048575,45295,00,03
D,35145748,980,2303,1,1881,289,-139,-138,0,0,0,01,4,0,0,1231,35145820,811F0000,1048575,46281,00,03
D,35146771,1023,2304,1,1880,297,-139,-141,0,0,0,01,4,0,0,1231,35146841,811F0000,1048575,47300,00,03
D,35147878,1107,2304,0,1880,386,-139,-142,0,0,0,01,4,0,0,1231,35147978,811F0000,1048575,48448,00,03
D,35148736,858,2305,1,1879,260,-139,-143,0,0,0,01,4,0,0,1231,35148775,811F0000,1048575,49221,00,03
D,35149728,992,2305,0,1879,250,-139,-142,0,0,0,01,4,0,0,1231,35149771,811F0000,1048575,1,00,03
D,35150729,1001,2305,0,1879,266,-139,-134,0,0,0,01,4,0,0,1231,35150802,811F0000,1048575,501,00,03
D,35151730,1001,2306,1,1878,254,-139,-134,0,0,0,01,4,0,0,1231,35151772,811F0000,1048575,1466,00,03
D,35152713,983,2307,1,1877,250,-139,-142,0,0,0,01,4,0,0,1231,35152756,811F0000,1048575,2450,00,03
D,35153721,1008,2307,0,1877,250,-139,-134,0,0,0,01,4,0,0,1231,35153763,811F0000,1048575,3457,00,03
D,35154714,993,2308,1,1876,253,-139,-142,0,0,0,01,4,0,0,1231,35154761,811F0000,1048575,4456,00,03
D,35155707,993,2308,0,1876,250,-139,-134,0,0,0,01,4,0,0,1231,35155750,811F0000,1048575,5444,00,03
D,35156859,1152,2309,1,1875,382,-139,-138,0,0,0,01,4,0,0,1231,35156967,811F0000,1048575,6680,00,03
D,35157932,1073,2310,1,1874,454,-139,-138,0,0,0,01,4,0,0,1231,35158061,811F0000,1048575,7809,00,03
D,35158825,893,2310,0,1874,350,-139,-138,0,0,0,01,4,0,0,1231,35158920,811F0000,1048575,8647,00,03
D,35159758,933,2311,1,1873,291,-139,-138,0,0,0,01,4,0,0,1231,35159831,811F0000,1048575,9537,00,03
D,35160769,1011,2311,0,1873,296,-139,-138,0,0,0,01,4,0,0,1231,35160832,811F0000,1048575,10537,00,03
D,35161767,998,2312,1,1872,292,-139,-138,0,0,0,01,4,0,0,1231,35161846,811F0000,1048575,11553,00,03
D,35162778,1011,2312,0,1872,303,-138,-130,0,0,0,01,4,0,0,1231,35162851,811F0000,1048575,12556,00,03
D,35163756,978,2313,1,1871,291,-138,-138,0,0,0,01,4,0,0,1231,35163831,811F0000,1048575,13539,00,03
D,35164771,1015,2314,1,1870,296,-139,-146,0,0,0,01,4,0,0,1231,35164838,811F0000,1048575,14542,00,03
D,35165755,984,2314,0,1870,292,-139,-138,0,0,0,01,4,0,0,1231,35165831,811F0000,1048575,15539,00,03
D,35166770,1015,2315,1,1869,296,-139,-141,0,0,0,01,4,0,0,1231,35166841,811F0000,1048575,16546,00,03
D,35167880,1110,2315,0,1869,386,-138,-134,0,0,0,01,4,0,0,1231,35167978,811F0000,1048575,17693,00,03
D,35168735,855,2316,1,1868,266,-139,-143,0,0,0,01,4,0,0,1231,35168776,811F0000,1048575,18468,00,03
D,35169708,973,2317,1,1867,250,-139,-142,0,0,0,01,4,0,0,1231,35169753,811F0000,1048575,19446,00,03
D,35170733,1025,2317,0,1867,252,-139,-134,0,0,0,01,4,0,0,1231,35170774,811F0000,1048575,20470,00,03
D,35171713,980,2317,0,1867,246,-138,-134,0,0,0,01,4,0,0,1231,35171756,811F0000,1048575,21450,00,03
D,35172718,1005,2318,1,1866,247,-139,-142,0,0,0,01,4,0,0,1231,35172755,811F0000,1048575,22449,00,03
D,35173710,992,2319,1,1865,247,-139,-142,0,0,0,01,4,0,0,1231,35173752,811F0000,1048575,23447,00,03
D,35174726,1016,2319,0,1865,251,-139,-134,0,0,0,01,4,0,0,1231,35174768,811F0000,1048575,24462,00,03
D,35175705,979,2319,0,1865,246,-138,-134,0,0,0,01,4,0,0,1231,35175747,811F0000,1048575,25441,00,03
D,35176855,1150,2320,1,1864,374,-138,-130,0,0,0,01,4,0,0,1231,35176957,811F0000,1048575,26671,00,03
D,35177920,1065,2321,1,1863,457,-138,-138,0,0,0,01,4,0,0,1231,35178051,811F0000,1048575,27801,00,03
D,35178820,900,2321,0,1863,353,-138,-130,0,0,0,01,4,0,0,1231,35178905,811F0000,1048575,28628,00,03
D,35179773,953,2322,1,1862,294,-138,-138,0,0,0,01,4,0,0,1231,35179846,811F0000,1048575,29556,00,03
D,35180757,984,2322,0,1862,296,-138,-138,0,0,0,01,4,0,0,1231,35180822,811F0000,1048575,30527,00,03
D,35181749,992,2323,1,1861,286,-138,-138,0,0,0,01,4,0,0,1231,35181824,811F0000,1048575,31532,00,03
D,35182760,1011,2324,1,1860,298,-138,-138,0,0,0,01,4,0,0,1231,35182831,811F0000,1048575,32536,00,03
D,35183752,992,2324,0,1860,291,-138,-138,0,0,0,01,4,0,0,1231,35183824,811F0000,1048575,33532,00,03
D,35184757,1005,2325,1,1859,294,-138,-138,0,0,0,01,4,0,0,1231,35184825,811F0000,1048575,34530,00,03
D,35185760,1003,2325,0,1859,289,-138,-138,0,0,0,01,4,0,0,1231,35185831,811F0000,1048575,35538,00,03
D,35186770,1010,2326,1,1858,297,-138,-141,0,0,0,01,4,0,0,1231,35186842,811F0000,1048575,36547,00,03
D,35187855,1085,2326,0,1858,389,-138,-134,0,0,0,01,4,0,0,1231,35187952,811F0000,1048575,37666,00,03
D,35188744,889,2327,1,1857,274,-138,-135,0,0,0,01,4,0,0,1231,35188786,811F0000,1048575,38480,00,03
D,35189726,982,2328,1,1856,253,-138,-142,0,0,0,01,4,0,0,1231,35189770,811F0000,1048575,39465,00,03
D,35190720,994,2328,0,1856,252,-138,-134,0,0,0,01,4,0,0,1231,35190764,811F0000,1048575,40458,00,03
D,35191707,987,2329,1,1855,248,-138,-142,0,0,0,01,4,0,0,1231,35191750,811F0000,1048575,41443,00,03
D,35192714,1007,2329,0,1855,249,-138,-134,0,0,0,01,4,0,0,1231,35192755,811F0000,1048575,42450,00,03
D,35193720,1006,2330,1,1854,249,-138,-142,0,0,0,01,4,0,0,1231,35193762,811F0000,1048575,43456,00,03
D,35194730,1010,2330,0,1854,252,-138,-134,0,0,0,01,4,0,0,1231,35194774,811F0000,1048575,44469,00,03
D,35195719,989,2331,1,1853,248,-138,-134,0,0,0,01,4,0,0,1231,35195762,811F0000,1048575,45456,00,03
D,35196857,1138,2332,1,1852,386,-138,-138,0,0,0,01,4,0,0,1231,35196964,811F0000,1048575,46680,00,03
D,35197916,1059,2332,0,1852,455,-138,-138,0,0,0,01,4,0,0,1231,35198036,811F0000,1048575,47781,00,03
D,35198818,902,2332,0,1852,352,-137,-130,0,0,0,01,4,0,0,1231,35198910,811F0000,1048575,48635,00,03
D,35199755,937,2333,1,1851,282,-137,-130,0,0,0,01,4,0,0,1231,35199826,811F0000,1048575,49530,00,03
D,35200757,1002,2334,1,1850,300,-137,-138,0,0,0,01,4,0,0,1231,35200822,811F0000,1048575,1,00,03
D,35201791,1034,2334,0,1850,291,-137,-138,0,0,0,01,4,0,0,1231,35201889,811F0000,1048575,530,00,03
D,35202768,977,2335,1,1849,301,-137,-138,0,0,0,01,4,0,0,1231,35202841,811F0000,1048575,1468,00,03
D,35203766,998,2335,0,1849,287,-137,-130,0,0,0,01,4,0,0,1231,35203837,811F0000,1048575,2464,00,03
D,35204766,1000,2336,1,1848,298,-137,-138,0,0,0,01,4,0,0,1231,35204833,811F0000,1048575,3459,00,03
D,35205753,987,2337,1,1847,284,-137,-146,0,0,0,01,4,0,0,1231,35205825,811F0000,1048575,4452,00,03
D,35206762,1009,2337,0,1847,296,-137,-141,0,0,0,01,4,0,0,1231,35206834,811F0000,1048575,5461,00,03
D,35207878,1116,2338,1,1846,397,-138,-142,0,0,0,01,4,0,0,1231,35207973,811F0000,1048575,6608,00,03
D,35208746,868,2338,0,1846,270,-138,-135,0,0,0,01,4,0,0,1231,35208790,811F0000,1048575,7404,00,03
D,35209727,981,2338,0,1846,252,-137,-134,0,0,0,01,4,0,0,1231,35209772,811F0000,1048575,8388,00,03
D,35210725,998,2339,1,1845,252,-137,-134,0,0,0,01,4,0,0,1231,35210769,811F0000,1048575,9385,00,03
D,35211712,987,2340,1,1844,248,-137,-142,0,0,0,01,4,0,0,1231,35211755,811F0000,1048575,10370,00,03
D,35212719,1007,2340,0,1844,248,-137,-134,0,0,0,01,4,0,0,1231,35212758,811F0000,1048575,11372,00,03
D,35213719,1000,2341,1,1843,248,-137,-134,0,0,0,01,4,0,0,1231,35213762,811F0000,1048575,12377,00,03
D,35214731,1012,2341,0,1843,252,-137,-134,0,0,0,01,4,0,0,1231,35214774,811F0000,1048575,13389,00,03
D,35215719,988,2342,1,1842,248,-137,-134,0,0,0,01,4,0,0,1231,35215761,811F0000,1048575,14376,00,03
D,35216848,1129,2343,1,1841,360,-137,-138,0,0,0,01,4,0,0,1231,35216954,811F0000,1048575,15592,00,03
D,35217929,1081,2343,0,1841,458,-137,-138,0,0,0,01,4,0,0,1231,35218076,811F0000,1048575,16741,00,03
D,35218822,893,2344,1,1840,347,-137,-138,0,0,0,01,4,0,0,1231,35218917,811F0000,1048575,17565,00,03
D,35219746,924,2345,1,1839,290,-137,-138,0,0,0,01,4,0,0,1231,35219818,811F0000,1048575,18445,00,03
D,35220785,1039,2345,0,1839,305,-137,-138,0,0,0,01,4,0,0,1231,35220868,811F0000,1048575,19498,00,03
D,35221775,990,2346,1,1838,298,-137,-138,0,0,0,01,4,0,0,1231,35221854,811F0000,1048575,20483,00,03
D,35222766,991,2346,0,1838,301,-137,-138,0,0,0,01,4,0,0,1231,35222843,811F0000,1048575,21472,00,03
D,35223752,986,2347,1,1837,290,-137,-138,0,0,0,01,4,0,0,1231,35223823,811F0000,1048575,22450,00,03
D,35224765,1013,2347,0,1837,299,-137,-138,0,0,0,01,4,0,0,1231,35224838,811F0000,1048575,23467,00,03
D,35225764,999,2347,0,1837,292,-137,-130,0,0,0,01,4,0,0,1231,35225836,811F0000,1048575,24464,00,03
D,35226772,1008,2348,1,1836,296,-137,-134,0,0,0,01,4,0,0,1231,35226846,811F0000,1048575,25475,00,03
D,35227862,1090,2349,1,1835,398,-137,-134,0,0,0,01,4,0,0,1231,35227960,811F0000,1048575,26595,00,03
D,35228723,861,2349,0,1835,265,-137,-135,0,0,0,01,4,0,0,1231,35228769,811F0000,1048575,27385,00,03
D,35229722,999,2350,1,1834,249,-137,-142,0,0,0,01,4,0,0,1231,35229766,811F0000,1048575,28382,00,03
D,35230713,991,2351,1,1833,251,-137,-142,0,0,0,01,4,0,0,1231,35230755,811F0000,1048575,29372,00,03
D,35231718,1005,2351,0,1833,247,-137,-134,0,0,0,01,4,0,0,1231,35231761,811F0000,1048575,30376,00,03
D,35232720,1002,2351,0,1833,247,-137,-134,0,0,0,01,4,0,0,1231,35232758,811F0000,1048575,31373,00,03
D,35233713,993,2352,1,1832,247,-137,-134,0,0,0,01,4,0,0,1231,35233756,811F0000,1048575,32371,00,03
D,35234727,1014,2353,1,1831,250,-137,-142,0,0,0,01,4,0,0,1231,35234770,811F0000,1048575,33386,00,03
D,35235708,981,2353,0,1831,247,-137,-134,0,0,0,01,4,0,0,1231,35235752,811F0000,1048575,34367,00,03
D,35236853,1145,2354,1,1830,374,-137,-138,0,0,0,01,4,0,0,1231,35236955,811F0000,1048575,35588,00,03
D,35237915,1062,2354,0,1830,448,-137,-130,0,0,0,01,4,0,0,1231,35238050,811F0000,1048575,36719,00,03
D,35238811,896,2355,1,1829,348,-137,-138,0,0,0,01,4,0,0,1231,35238891,811F0000,1048575,37532,00,03
D,35239756,945,2355,0,1829,290,-137,-138,0,0,0,01,4,0,0,1231,35239827,811F0000,1048575,38454,00,03
D,35240770,1014,2356,1,1828,298,-137,-138,0,0,0,01,4,0,0,1231,35240834,811F0000,1048575,39458,00,03
D,35241758,988,2356,0,1828,286,-137,-130,0,0,0,01,4,0,0,1231,35241834,811F0000,1048575,40461,00,03
D,35242768,1010,2357,1,1827,295,-137,-138,0,0,0,01,4,0,0,1231,35242838,811F0000,1048575,41463,00,03
D,35243764,996,2358,1,1826,290,-137,-138,0,0,0,01,4,0,0,1231,35243837,811F0000,1048575,42465,00,03
D,35244760,996,2358,0,1826,295,-137,-138,0,0,0,01,4,0,0,1231,35244827,811F0000,1048575,43451,00,03
D,35245762,1002,2359,1,1825,289,-137,-138,0,0,0,01,4,0,0,1231,35245833,811F0000,1048575,44461,00,03
D,35246767,1005,2359,0,1825,295,-137,-134,0,0,0,01,4,0,0,1231,35246837,811F0000,1048575,45462,00,03
D,35247846,1079,2360,1,1824,387,-137,-134,0,0,0,01,4,0,0,1231,35247940,811F0000,1048575,46574,00,03
D,35248728,882,2360,0,1824,269,-136,-135,0,0,0,01,4,0,0,1231,35248771,811F0000,1048575,47386,00,03
D,35249729,1001,2361,1,1823,253,-136,-134,0,0,0,01,4,0,0,1231,35249773,811F0000,1048575,48389,00,03
D,35250718,989,2361,0,1823,250,-136,-126,0,0,0,01,4,0,0,1231,35250760,811F0000,1048575,49376,00,03
D,35251723,1005,2362,1,1822,248,-136,-134,0,0,0,01,4,0,0,1231,35251766,811F0000,1048575,1,00,03
D,35252732,1009,2363,1,1821,258,-136,-134,0,0,0,01,4,0,0,1231,35252802,811F0000,1048575,510,00,03
D,35253720,988,2363,0,1821,255,-136,-134,0,0,0,01,4,0,0,1231,35253764,811F0000,1048575,1470,00,03
D,35254715,995,2363,0,1821,253,-135,-126,0,0,0,01,4,0,0,1231,35254762,811F0000,1048575,2467,00,03
D,35255708,993,2364,1,1820,249,-135,-134,0,0,0,01,4,0,0,1231,35255751,811F0000,1048575,3455,00,03
D,35256858,1150,2365,1,1819,369,-135,-138,0,0,0,01,4,0,0,1231,35256966,811F0000,1048575,4691,00,03
D,35257937,1079,2366,1,1818,449,-136,-138,0,0,0,01,4,0,0,1231,35258078,811F0000,1048575,5836,00,03
D,35258831,894,2366,0,1818,352,-136,-138,0,0,0,01,4,0,0,1231,35258934,811F0000,1048575,6672,00,03
D,35259757,926,2366,0,1818,291,-135,-130,0,0,0,01,4,0,0,1231,35259833,811F0000,1048575,7550,00,03
D,35260764,1007,2367,1,1817,293,-135,-130,0,0,0,01,4,0,0,1231,35260828,811F0000,1048575,8544,00,03
D,35261769,1005,2367,0,1817,290,-135,-130,0,0,0,01,4,0,0,1231,35261847,811F0000,1048575,9565,00,03
D,35262763,994,2368,1,1816,296,-135,-138,0,0,0,01,4,0,0,1231,35262835,811F0000,1048575,10552,00,03
D,35263758,995,2368,0,1816,293,-135,-130,0,0,0,01,4,0,0,1231,35263833,811F0000,1048575,11550,00,03
D,35265525,1767,2369,1,1815,346,-134,-127,0,0,0,01,5,1,350,1231,35265638,A11F004F,1048575,2,00,02
D,35266663,1138,2371,2,1813,287,-135,-142,0,0,0,01,5,1,350,1231,35266741,A11F004F,1048575,519,00,02
D,35267021,358,2372,1,1812,229,-135,-146,0,0,0,01,5,1,350,1231,35267054,A11F004F,1048575,821,00,02
D,35267857,836,2373,1,1811,383,-135,-150,0,0,0,01,5,1,350,1231,35267948,A11F004F,1048575,1733,00,02
D,35268706,849,2374,1,1810,242,-136,-159,0,0,0,01,5,1,350,1231,35268744,A11F004F,1048575,2509,00,02
D,35269696,990,2373,-1,1811,226,-136,-142,0,0,0,01,5,1,350,1231,35269725,A11F004F,1048575,3491,00,02
D,35270703,1007,2374,1,1810,238,-137,-150,0,0,0,01,5,1,350,1231,35270740,A11F004F,1048575,4508,00,02
D,35271686,983,2374,0,1810,228,-137,-142,0,0,0,01,5,1,350,1231,35271715,A11F004F,1048575,5480,00,02
D,35272693,1007,2375,1,1809,226,-138,-150,0,0,0,01,5,1,350,1231,35272723,A11F004F,1048575,6489,00,02
D,35273714,1021,2375,0,1809,238,-138,-142,0,0,0,01,5,1,350,1231,35273759,A11F004F,1048575,7526,00,02
D,35274706,992,2375,0,1809,247,-138,-134,0,0,0,01,5,1,350,1231,35274744,A11F004F,1048575,8513,00,02
D,35275694,988,2376,1,1808,228,-138,-142,0,0,0,01,5,1,350,1231,35275725,A11F004F,1048575,9490,00,02
D,35276827,1133,2376,0,1808,363,-138,-138,0,0,0,01,5,1,350,1231,35276921,A11F004F,1048575,10708,00,02
D,35277926,1099,2377,1,1807,447,-138,-138,0,0,0,01,5,1,350,1231,35278087,A11F004F,1048575,11904,00,02
D,35278811,885,2377,0,1807,337,-138,-138,0,0,0,01,5,1,350,1231,35278880,A11F004F,1048575,12658,00,02
D,35279730,919,2378,1,1806,267,-138,-138,0,0,0,01,5,1,350,1231,35279797,A11F004F,1048575,13573,00,02
D,35280744,1014,2378,0,1806,275,-138,-138,0,0,0,01,5,1,350,1231,35280799,A11F004F,1048575,14572,00,02
D,35281727,983,2378,0,1806,265,-138,-130,0,0,0,01,5,1,350,1231,35281798,A11F004F,1048575,15575,00,02
D,35282737,1010,2379,1,1805,278,-137,-130,0,0,0,01,5,1,350,1231,35282796,A11F004F,1048575,16569,00,02
D,35283741,1004,2379,0,1805,267,-137,-130,0,0,0,01,5,1,350,1231,35283809,A11F004F,1048575,17586,00,02
D,35284754,1013,2379,0,1805,277,-137,-130,0,0,0,01,5,1,350,1231,35284810,A11F004F,1048575,18581,00,02
D,35285732,978,2380,1,1804,266,-136,-130,0,0,0,01,5,1,350,1231,35285799,A11F004F,1048575,19577,00,02
D,35286745,1013,2380,0,1804,282,-136,-126,0,0,0,01,5,1,350,1231,35286804,A11F004F,1048575,20577,00,02
D,35287803,1058,2380,0,1804,335,-135,-118,0,0,0,01,5,1,350,1231,35287895,A11F004F,1048575,21682,00,02
D,35288732,929,2381,1,1803,260,-135,-119,0,0,0,01,5,1,350,1231,35288766,A11F004F,1048575,22531,00,02
D,35289704,972,2381,0,1803,234,-134,-119,0,0,0,01,5,1,350,1231,35289734,A11F004F,1048575,23500,00,02
D,35290695,991,2381,0,1803,235,-133,-118,0,0,0,01,5,1,350,1231,35290728,A11F004F,1048575,24495,00,02
D,35291699,1004,2381,0,1803,232,-133,-110,0,0,0,01,5,1,350,1231,35291730,A11F004F,1048575,25496,00,02
D,35292694,995,2382,1,1802,228,-132,-118,0,0,0,01,5,1,350,1231,35292720,A11F004F,1048575,26485,00,02
D,35293696,1002,2382,0,1802,228,-131,-110,0,0,0,01,5,1,350,1231,35293725,A11F004F,1048575,27491,00,02
D,35294697,1001,2382,0,1802,235,-130,-110,0,0,0,01,5,1,350,1231,35294729,A11F004F,1048575,28495,00,02
D,35295698,1001,2382,0,1802,232,-129,-105,0,0,0,01,5,1,350,1231,35295729,A11F004F,1048575,29494,00,02
D,35296814,1116,2382,0,1802,349,-128,-89,0,0,0,01,5,1,350,1231,35296916,A11F004F,1048575,30701,00,02
D,35297936,1122,2382,0,1802,456,-125,-73,0,0,0,01,5,1,350,1231,35298106,A11F004F,1048575,31909,00,02
D,35298798,862,2382,0,1802,327,-123,-65,0,0,0,01,5,1,350,1231,35298871,A11F004F,1048575,32641,00,02
D,35299739,941,2382,0,1802,268,-121,-73,0,0,0,01,5,1,350,1231,35299809,A11F004F,1048575,33585,00,02
D,35300743,1004,2382,0,1802,273,-119,-65,0,0,0,01,5,1,350,1231,35300795,A11F004F,1048575,34566,00,02
D,35301729,986,2382,0,1802,260,-117,-65,0,0,0,01,5,1,350,1231,35301799,A11F004F,1048575,35574,00,02
D,35302740,1011,2382,0,1802,278,-115,-57,0,0,0,01,5,1,350,1231,35302799,A11F004F,1048575,36570,00,02
D,35303723,983,2382,0,1802,264,-112,-57,0,0,0,01,5,1,350,1231,35303790,A11F004F,1048575,37564,00,02
D,35304748,1025,2382,0,1802,276,-110,-57,0,0,0,01,5,1,350,1231,35304805,A11F004F,1048575,38576,00,02
D,35305726,978,2382,0,1802,261,-108,-49,0,0,0,01,5,1,350,1231,35305792,A11F004F,1048575,39566,00,02
D,35306743,1017,2382,0,1802,282,-105,-47,0,0,0,01,5,1,350,1231,35306805,A11F004F,1048575,40575,00,02
D,35307817,1074,2382,0,1802,346,-103,-47,0,0,0,01,5,1,350,1231,35307910,A11F004F,1048575,41698,00,02
D,35308706,889,2382,0,1802,245,-101,-40,0,0,0,01,5,1,350,1231,35308736,A11F004F,1048575,42499,00,02
D,35309692,986,2382,0,1802,234,-98,-40,0,0,0,01,5,1,350,1231,35309723,A11F004F,1048575,43489,00,02
D,35310700,1008,2382,0,1802,236,-96,-32,0,0,0,01,5,1,350,1231,35310732,A11F004F,1048575,44498,00,02
D,35311699,999,2382,0,1802,232,-93,-32,0,0,0,01,5,1,350,1231,35311729,A11F004F,1048575,45494,00,02
D,35312694,995,2382,0,1802,228,-91,-32,0,0,0,01,5,1,350,1231,35312721,A11F004F,1048575,46486,00,02
D,35313697,1003,2382,0,1802,228,-88,-24,0,0,0,01,5,1,350,1231,35313726,A11F004F,1048575,47491,00,02
D,35314697,1000,2382,0,1802,234,-86,-24,0,0,0,01,5,1,350,1231,35314729,A11F004F,1048575,48496,00,02
D,35315699,1002,2382,0,1802,233,-83,-24,0,0,0,01,5,1,350,1231,35315729,A11F004F,1048575,49494,00,02
D,35316844,1145,2382,0,1802,357,-80,-16,0,0,0,01,5,1,350,1231,35316942,A11F0038,1048575,3,00,02
D,35318261,1417,2382,0,1802,414,-77,-16,0,0,0,01,5,1,350,1231,35318388,A11F0038,1048575,750,00,02
D,35318778,517,2382,0,1802,260,-75,-8,0,0,0,01,5,1,350,1231,35318812,A11F0038,1048575,1141,00,02
D,35319739,961,2382,0,1802,265,-73,-8,0,0,0,01,5,1,350,1231,35319801,A11F0038,1048575,2138,00,02
D,35320749,1010,2382,0,1802,281,-70,-8,0,0,0,01,5,1,350,1231,35320823,A11F0038,1048575,3166,00,02
D,35321744,995,2382,0,1802,277,-68,-8,0,0,0,01,5,1,350,1231,35321810,A11F0038,1048575,4149,00,02
D,35322743,999,2382,0,1802,273,-65,0,0,0,0,01,5,1,350,1231,35322809,A11F0038,1048575,5151,00,02
D,35323740,997,2382,0,1802,278,-63,0,0,0,0,01,5,1,350,1231,35323804,A11F0038,1048575,6142,00,02
D,35324749,1009,2382,0,1802,272,-60,0,0,0,0,01,5,1,350,1231,35324811,A11F0038,1048575,7151,00,02
D,35325734,985,2382,0,1802,273,-58,0,0,0,0,01,5,1,350,1231,35325798,A11F0038,1048575,8137,00,02
D,35326752,1018,2382,0,1802,278,-55,0,0,0,0,01,5,1,350,1231,35326818,A11F0038,1048575,9159,00,02
D,35327795,1043,2382,0,1802,327,-53,0,0,0,0,01,5,1,350,1231,35327894,A11F0038,1048575,10248,00,02
D,35328689,894,2382,0,1802,229,-51,0,0,0,0,01,5,1,350,1231,35328719,A11F0038,1048575,11049,00,02
D,35329696,1007,2382,0,1802,231,-49,0,0,0,0,01,5,1,350,1231,35329726,A11F0038,1048575,12055,00,02
D,35330711,1015,2382,0,1802,241,-47,0,0,0,0,01,5,1,350,1231,35330749,A11F0038,1048575,13079,00,02
D,35331701,990,2382,0,1802,230,-46,0,0,0,0,01,5,1,350,1231,35331730,A11F0038,1048575,14060,00,02
D,35332690,989,2382,0,1802,229,-44,0,0,0,0,01,5,1,350,1231,35332720,A11F0038,1048575,15049,00,02
D,35333701,1011,2382,0,1802,230,-42,0,0,0,0,01,5,1,350,1231,35333730,A11F0038,1048575,16060,00,02
D,35334706,1005,2382,0,1802,240,-40,0,0,0,0,01,5,1,350,1231,35334744,A11F0038,1048575,17074,00,02
D,35335697,991,2382,0,1802,229,-39,0,0,0,0,01,5,1,350,1231,35335727,A11F0038,1048575,18056,00,02
D,35336832,1135,2382,0,1802,364,-37,0,0,0,0,01,5,1,350,1231,35336927,A11F0038,1048575,19277,00,02
D,35337941,1109,2382,0,1802,456,-35,0,0,0,0,01,5,1,350,1231,35338122,A11F0038,1048575,20475,00,02
D,35338798,857,2382,0,1802,332,-34,0,0,0,0,01,5,1,350,1231,35338868,A11F0038,1048575,21203,00,02
D,35339739,941,2382,0,1802,264,-33,0,0,0,0,01,5,1,350,1231,35339804,A11F0038,1048575,22142,00,02
D,35340734,995,2382,0,1802,274,-32,0,0,0,0,01,5,1,350,1231,35340785,A11F0038,1048575,23118,00,02
D,35341727,993,2382,0,1802,265,-30,0,0,0,0,01,5,1,350,1231,35341796,A11F0038,1048575,24134,00,02
D,35342744,1017,2382,0,1802,282,-29,0,0,0,0,01,5,1,350,1231,35342803,A11F0038,1048575,25137,00,02
D,35343802,1058,2382,0,1802,314,-28,0,0,0,0,01,4,0,0,1231,35343904,A11F0038,1048575,0,00,03
D,35345054,1252,2383,1,1801,330,-27,-8,0,0,0,01,4,0,0,1231,35345138,A11F0038,1048575,655,00,03
D,35345768,714,2384,1,1800,309,-27,-16,0,0,0,01,4,0,0,1231,35345849,A11F0038,1048575,1361,00,03
D,35346814,1046,2385,1,1799,318,-27,-24,0,0,0,01,4,0,0,1231,35346911,A11F0038,1048575,2452,00,03
D,35347897,1083,2386,1,1798,392,-27,-31,0,0,0,01,4,0,0,1231,35347995,A11F0038,1048575,3516,00,03
D,35348789,892,2386,0,1798,296,-27,-33,0,0,0,01,4,0,0,1231,35348855,A11F0038,1048575,4366,00,03
D,35349773,984,2386,0,1798,291,-27,-33,0,0,0,01,4,0,0,1231,35349843,A11F0038,1048575,5355,00,03
D,35350760,987,2387,1,1797,296,-28,-41,0,0,0,01,4,0,0,1231,35350832,A11F0038,1048575,6345,00,03
D,35351753,993,2388,1,1796,291,-29,-49,0,0,0,01,4,0,0,1231,35351825,A11F0038,1048575,7335,00,03
D,35352752,999,2389,1,1795,290,-30,-57,0,0,0,01,4,0,0,1231,35352821,A11F0038,1048575,8332,00,03
D,35353773,1021,2389,0,1795,290,-31,-57,0,0,0,01,4,0,0,1231,35353844,A11F0038,1048575,9355,00,03
D,35354792,1019,2389,0,1795,296,-32,-57,0,0,0,01,4,0,0,1231,35354864,A11F0038,1048575,10376,00,03
D,35355783,991,2390,1,1794,290,-33,-65,0,0,0,01,4,0,0,1231,35355853,A11F0038,1048575,11364,00,03
D,35356920,1137,2390,0,1794,455,-35,-65,0,0,0,01,4,0,0,1231,35357027,A11F0038,1048575,12553,00,03
D,35357968,1048,2391,1,1793,501,-36,-73,0,0,0,01,4,0,0,1231,35358168,A11F0038,1048575,13699,00,03
D,35358973,1005,2392,1,1792,395,-38,-81,0,0,0,01,4,0,0,1231,35359094,A11F0038,1048575,14624,00,03
D,35359803,830,2392,0,1792,337,-39,-81,0,0,0,01,4,0,0,1231,35359880,A11F0038,1048575,15397,00,03
D,35360789,986,2393,1,1791,317,-41,-89,0,0,0,01,4,0,0,1231,35360883,A11F0038,1048575,16422,00,03
D,35361799,1010,2393,0,1791,318,-43,-89,0,0,0,01,4,0,0,1231,35361882,A11F0038,1048575,17417,00,03
D,35362813,1014,2394,1,1790,324,-45,-97,0,0,0,01,4,0,0,1231,35362910,A11F0038,1048575,18452,00,03
D,35363777,964,2394,0,1790,315,-47,-97,0,0,0,01,4,0,0,1231,35363863,A11F0038,1048575,19385,00,03
D,35364795,1018,2395,1,1789,325,-50,-105,0,0,0,01,4,0,0,1231,35364883,A11F0038,1048575,20418,00,03
D,35365795,1000,2395,0,1789,318,-52,-105,0,0,0,01,4,0,0,1231,35365879,A11F0038,1048575,21401,00,03
D,35367568,1773,2396,1,1788,351,-56,-111,0,0,0,01,5,1,350,1231,35367752,811F0069,1048575,3,00,02
D,35368855,1287,2392,-4,1792,321,-57,-81,0,0,0,81,5,1,350,1231,35368947,811F0069,1048575,568,00,02
D,35369223,368,2388,-4,1796,228,-57,-48,0,0,0,01,5,1,350,1231,35369253,811F0069,1048575,861,00,02
D,35369697,474,2385,-3,1799,222,-56,-24,0,0,0,01,5,1,350,1231,35369726,811F0069,1048575,1334,00,02
D,35370704,1007,2376,-9,1808,243,-52,47,0,0,0,01,5,1,350,1231,35370745,811F0069,1048575,2355,00,02
D,35371685,981,2373,-3,1811,229,-47,71,0,0,0,01,5,1,350,1231,35371715,811F0069,1048575,3325,00,02
D,35372696,1011,2376,3,1808,229,-44,47,0,0,0,81,5,1,350,1231,35372726,811F0069,1048575,4335,00,02
D,35373685,989,2377,1,1807,229,-41,39,0,0,0,01,5,1,350,1231,35373715,811F0069,1048575,5325,00,02
D,35374701,1016,2377,0,1807,241,-37,40,0,0,0,01,5,1,350,1231,35374738,811F0069,1048575,6348,00,02
D,35375703,1002,2376,-1,1808,240,-34,56,0,0,0,01,5,1,350,1231,35375747,811F0069,1048575,7358,00,02
D,35376855,1152,2377,1,1807,380,-29,65,0,0,0,01,5,1,350,1231,35376949,811F0069,1048575,8584,00,02
D,35377900,1045,2378,1,1806,437,-25,65,0,0,0,01,5,1,350,1231,35378012,811F0069,1048575,9666,00,02
D,35378813,913,2378,0,1806,336,-22,65,0,0,0,01,5,1,350,1231,35378890,811F0069,1048575,10531,00,02
D,35379734,921,2378,0,1806,276,-19,63,0,0,0,01,5,1,350,1231,35379802,811F0069,1048575,11426,00,02
D,35380743,1009,2379,1,1805,276,-16,55,0,0,0,01,5,1,350,1231,35380801,811F0069,1048575,12419,00,02
D,35381737,994,2379,0,1805,268,-13,63,0,0,0,01,5,1,350,1231,35381805,811F0069,1048575,13428,00,02
D,35382741,1004,2380,1,1804,274,-10,63,0,0,0,01,5,1,350,1231,35382802,811F0069,1048575,14421,00,02
D,35383745,1004,2380,0,1804,273,-7,71,0,0,0,01,5,1,350,1231,35383814,811F0069,1048575,15436,00,02
D,35384741,996,2380,0,1804,278,-4,71,0,0,0,01,5,1,350,1231,35384800,811F0069,1048575,16419,00,02
D,35385734,993,2380,0,1804,269,-1,71,0,0,0,01,5,1,350,1231,35385803,811F0069,1048575,17425,00,02
D,35386750,1016,2381,1,1803,283,2,71,0,0,0,01,5,1,350,1231,35386809,811F0069,1048575,18429,00,02
D,35387846,1096,2381,0,1803,366,5,71,0,0,0,01,5,1,350,1231,35387936,811F0069,1048575,19568,00,02
D,35388714,868,2381,0,1803,250,7,79,0,0,0,01,5,1,350,1231,35388747,811F0069,1048575,20356,00,02
D,35389701,987,2381,0,1803,233,11,87,0,0,0,01,5,1,350,1231,35389730,811F0069,1048575,21340,00,02
D,35390710,1009,2381,0,1803,236,14,87,0,0,0,01,5,1,350,1231,35390742,811F0069,1048575,22352,00,02
D,35391689,979,2381,0,1803,232,17,95,0,0,0,01,5,1,350,1231,35391719,811F0069,1048575,23328,00,02
D,35392703,1014,2381,0,1803,229,20,95,0,0,0,01,5,1,350,1231,35392730,811F0069,1048575,24339,00,02
D,35393687,984,2381,0,1803,228,23,103,0,0,0,01,5,1,350,1231,35393715,811F0069,1048575,25324,00,02
D,35394710,1023,2381,0,1803,236,26,103,0,0,0,01,5,1,350,1231,35394742,811F0069,1048575,26352,00,02
D,35395689,979,2381,0,1803,232,29,111,0,0,0,01,5,1,350,1231,35395719,811F0069,1048575,27328,00,02
D,35396827,1138,2381,0,1803,347,33,110,0,0,0,01,5,1,350,1231,35396930,811F0069,1048575,28561,00,02
D,35397934,1107,2381,0,1803,457,37,121,0,0,0,01,5,1,350,1231,35398100,811F0069,1048575,29751,00,02
D,35398808,874,2381,0,1803,334,40,117,0,0,0,01,5,1,350,1231,35398880,811F0069,1048575,30498,00,02
D,35399737,929,2381,0,1803,269,39,33,0,0,0,01,5,1,350,1231,35399806,811F0069,1048575,31425,00,02
D,35400740,1003,2381,0,1803,279,36,-41,0,0,0,01,5,1,350,1231,35400795,811F0069,1048575,32410,00,02
D,35401730,990,2381,0,1803,262,32,-65,0,0,0,01,5,1,350,1231,35401798,811F0069,1048575,33414,00,02
D,35402756,1026,2381,0,1803,282,29,-41,0,0,0,01,5,1,350,1231,35402818,811F0069,1048575,34435,00,02
D,35403733,977,2381,0,1803,267,27,-33,0,0,0,01,5,1,350,1231,35403798,811F0069,1048575,35415,00,02
D,35404742,1009,2381,0,1803,278,25,-33,0,0,0,01,5,1,350,1231,35404800,811F0069,1048575,36415,00,02
D,35405737,995,2381,0,1803,270,22,-41,0,0,0,01,5,1,350,1231,35405802,811F0069,1048575,37419,00,02
D,35406762,1025,2381,0,1803,285,20,-39,0,0,0,01,5,1,350,1231,35406824,811F0069,1048575,38440,00,02
D,35407818,1056,2381,0,1803,350,17,-32,0,0,0,01,5,1,350,1231,35407911,811F0069,1048575,39540,00,02
D,35408717,899,2381,0,1803,252,16,-24,0,0,0,01,5,1,350,1231,35408749,811F0069,1048575,40357,00,02
D,35409704,987,2381,0,1803,232,14,-24,0,0,0,01,5,1,350,1231,35409735,811F0069,1048575,41344,00,02
D,35410695,991,2381,0,1803,235,13,-24,0,0,0,01,5,1,350,1231,35410727,811F0069,1048575,42338,00,02
D,35411696,1001,2381,0,1803,232,12,-16,0,0,0,01,5,1,350,1231,35411728,811F0069,1048575,43337,00,02
D,35412694,998,2381,0,1803,228,11,-16,0,0,0,01,5,1,350,1231,35412720,811F0069,1048575,44329,00,02
D,35413696,1002,2381,0,1803,228,10,-8,0,0,0,01,5,1,350,1231,35413725,811F0069,1048575,45335,00,02
D,35414697,1001,2381,0,1803,234,9,-8,0,0,0,01,5,1,350,1231,35414729,811F0069,1048575,46339,00,02
D,35415699,1002,2381,0,1803,233,9,-8,0,0,0,01,5,1,350,1231,35415729,811F0069,1048575,47338,00,02
D,35416826,1127,2381,0,1803,362,8,0,0,0,0,01,5,1,350,1231,35416923,811F0069,1048575,48550,00,02
D,35417916,1090,2381,0,1803,449,8,0,0,0,0,01,5,1,350,1231,35418074,811F0069,1048575,49738,00,02
D,35418810,894,2381,0,1803,340,8,0,0,0,0,01,5,1,350,1231,35418883,811F0039,1048575,1,00,02
D,35419832,1022,2381,0,1803,272,7,0,0,0,0,01,5,1,350,1231,35419930,811F0039,1048575,492,00,02
D,35420748,916,2381,0,1803,278,7,0,0,0,0,01,5,1,350,1231,35420815,811F0039,1048575,1359,00,02
D,35421745,997,2381,0,1803,270,7,0,0,0,0,01,5,1,350,1231,35421817,811F0039,1048575,2364,00,02
D,35422738,993,2381,0,1803,279,7,0,0,0,0,01,5,1,350,1231,35422805,811F0039,1048575,3351,00,02
D,35423740,1002,2381,0,1803,265,6,0,0,0,0,01,5,1,350,1231,35423802,811F0039,1048575,4347,00,02
D,35424753,1013,2381,0,1803,280,6,0,0,0,0,01,5,1,350,1231,35424817,811F0039,1048575,5363,00,02
D,35425736,983,2381,0,1803,265,6,0,0,0,0,01,5,1,350,1231,35425799,811F0039,1048575,6344,00,02
D,35426741,1005,2381,0,1803,284,6,0,0,0,0,01,5,1,350,1231,35426809,811F0039,1048575,7354,00,02
D,35427842,1101,2381,0,1803,352,5,0,0,0,0,01,5,1,350,1231,35427941,811F0039,1048575,8498,00,02
D,35428710,868,2381,0,1803,241,5,0,0,0,0,01,5,1,350,1231,35428737,811F0039,1048575,9271,00,02
D,35429694,984,2381,0,1803,230,5,0,0,0,0,01,5,1,350,1231,35429724,811F0039,1048575,10261,00,02
D,35430699,1005,2381,0,1803,236,5,0,0,0,0,01,5,1,350,1231,35430733,811F0039,1048575,11270,00,02
D,35431701,1002,2381,0,1803,231,5,0,0,0,0,01,5,1,350,1231,35431731,811F0039,1048575,12267,00,02
D,35432692,991,2381,0,1803,228,4,0,0,0,0,01,5,1,350,1231,35432719,811F0039,1048575,13256,00,02
D,35433695,1003,2381,0,1803,228,4,0,0,0,0,01,5,1,350,1231,35433724,811F0039,1048575,14260,00,02
D,35434698,1003,2381,0,1803,236,4,0,0,0,0,01,5,1,350,1231,35434732,811F0039,1048575,15270,00,02
D,35435702,1004,2381,0,1803,232,4,0,0,0,0,01,5,1,350,1231,35435731,811F0039,1048575,16268,00,02
D,35436824,1122,2381,0,1803,352,4,0,0,0,0,01,5,1,350,1231,35436925,811F0039,1048575,17479,00,02
D,35437929,1105,2381,0,1803,454,4,0,0,0,0,01,5,1,350,1231,35438090,811F0039,1048575,18671,00,02
D,35438793,864,2381,0,1803,331,3,0,0,0,0,01,5,1,350,1231,35438868,811F0039,1048575,19412,00,02
D,35439751,958,2381,0,1803,275,3,0,0,0,0,01,5,1,350,1231,35439819,811F0039,1048575,20365,00,02
D,35440738,987,2381,0,1803,274,3,0,0,0,0,01,5,1,350,1231,35440795,811F0039,1048575,21337,00,02
D,35441730,992,2381,0,1803,264,3,0,0,0,0,01,5,1,350,1231,35441797,811F0039,1048575,22341,00,02
D,35442746,1016,2381,0,1803,283,3,0,0,0,0,01,5,1,350,1231,35442807,811F0039,1048575,23350,00,02
D,35443739,993,2381,0,1803,269,3,0,0,0,0,01,5,1,350,1231,35443804,811F0039,1048575,24349,00,02
D,35444742,1003,2381,0,1803,282,3,0,0,0,0,01,5,1,350,1231,35444800,811F0039,1048575,25341,00,02
D,35445794,1052,2381,0,1803,313,3,0,0,0,0,01,4,0,0,1231,35445894,811F0039,1048575,0,00,03
D,35446942,1148,2382,1,1802,316,2,-8,0,0,0,01,4,0,0,1231,35447030,811F0039,1048575,562,00,03
D,35447887,945,2384,2,1800,391,1,-24,0,0,0,01,4,0,0,1231,35447983,811F0039,1048575,1520,00,03
D,35448735,848,2385,1,1799,256,0,-32,0,0,0,01,4,0,0,1231,35448777,811F0039,1048575,2297,00,03
D,35449715,980,2385,0,1799,249,-1,-32,0,0,0,01,4,0,0,1231,35449757,811F0039,1048575,3278,00,03
D,35450708,993,2385,0,1799,250,-2,-32,0,0,0,01,4,0,0,1231,35450752,811F0039,1048575,4274,00,03
D,35451715,1007,2386,1,1798,246,-4,-39,0,0,0,01,4,0,0,1231,35451755,811F0039,1048575,5276,00,03
D,35452715,1000,2386,0,1798,246,-5,-39,0,0,0,01,4,0,0,1231,35452755,811F0039,1048575,6275,00,03
D,35453712,997,2387,1,1797,246,-7,-47,0,0,0,01,4,0,0,1231,35453752,811F0039,1048575,7274,00,03
D,35454724,1012,2388,1,1796,250,-9,-55,0,0,0,01,4,0,0,1231,35454768,811F0039,1048575,8289,00,03
D,35455704,980,2388,0,1796,246,-11,-55,0,0,0,01,4,0,0,1231,35455743,811F0039,1048575,9264,00,03
D,35456859,1155,2388,0,1796,386,-13,-57,0,0,0,01,4,0,0,1231,35456960,811F0039,1048575,10499,00,03
D,35457913,1054,2389,1,1795,451,-15,-65,0,0,0,01,4,0,0,1231,35458024,811F0039,1048575,11593,00,03
D,35458821,908,2389,0,1795,352,-17,-65,0,0,0,01,4,0,0,1231,35458912,811F0039,1048575,12462,00,03
D,35459761,940,2390,1,1794,289,-19,-73,0,0,0,01,4,0,0,1231,35459836,811F0039,1048575,13368,00,03
D,35460787,1026,2390,0,1794,306,-21,-73,0,0,0,01,4,0,0,1231,35460853,811F0039,1048575,14385,00,03
D,35461791,1004,2391,1,1793,305,-23,-81,0,0,0,01,4,0,0,1231,35461884,811F0039,1048575,15444,00,03
D,35462807,1016,2391,0,1793,344,-26,-81,0,0,0,01,4,0,0,1231,35462891,811F0039,1048575,16446,00,03
D,35463777,970,2392,1,1792,315,-28,-89,0,0,0,01,4,0,0,1231,35463868,811F0039,1048575,17405,00,03
D,35464816,1039,2392,0,1792,323,-30,-89,0,0,0,01,4,0,0,1231,35464914,811F0039,1048575,18473,00,03
D,35465780,964,2393,1,1791,313,-33,-97,0,0,0,01,4,0,0,1231,35465865,811F0039,1048575,19402,00,03
D,35466806,1026,2393,0,1791,322,-35,-94,0,0,0,01,4,0,0,1231,35466897,811F0039,1048575,20454,00,03
D,35467923,1117,2394,1,1790,430,-38,-102,0,0,0,01,4,0,0,1231,35468025,811F0039,1048575,21570,00,03
D,35468795,872,2394,0,1790,307,-41,-106,0,0,0,01,4,0,0,1231,35468867,811F0039,1048575,22393,00,03
D,35469788,993,2395,1,1789,294,-44,-114,0,0,0,01,4,0,0,1231,35469861,811F0039,1048575,23391,00,03
D,35470769,981,2395,0,1789,300,-46,-114,0,0,0,01,4,0,0,1231,35470843,811F0039,1048575,24372,00,03
D,35471769,1000,2396,1,1788,289,-49,-122,0,0,0,01,4,0,0,1231,35471841,811F0039,1048575,25370,00,03
D,35472774,1005,2396,0,1788,296,-52,-122,0,0,0,01,4,0,0,1231,35472844,811F0039,1048575,26372,00,03
D,35474328,1554,2397,1,1787,342,-57,-128,0,0,0,01,5,1,350,1231,35474438,811F007A,1048575,2,00,02
D,35475354,1026,2394,-3,1790,248,-58,-104,0,0,0,81,5,1,350,1231,35475414,811F007A,1048575,433,00,02
D,35475681,327,2392,-2,1792,224,-59,-87,0,0,0,01,5,1,350,1231,35475709,811F007A,1048575,722,00,02
D,35476866,1185,2381,-11,1803,400,-56,0,0,0,0,01,5,1,350,1231,35476973,811F007A,1048575,2007,00,02
D,35477933,1067,2372,-9,1812,461,-50,98,0,0,0,01,5,1,350,1231,35478051,811F007A,1048575,3119,00,02
D,35478809,876,2372,0,1812,329,-44,106,0,0,0,01,5,1,350,1231,35478878,811F007A,1048575,3905,00,02
D,35479752,943,2376,4,1808,279,-40,73,0,0,0,81,5,1,350,1231,35479822,811F007A,1048575,4848,00,02
D,35480748,996,2378,2,1806,271,-36,57,0,0,0,01,5,1,350,1231,35480803,811F007A,1048575,5826,00,02
D,35481738,990,2378,0,1806,270,-32,65,0,0,0,01,5,1,350,1231,35481810,811F007A,1048575,6836,00,02
D,35482745,1007,2376,-2,1808,285,-28,81,0,0,0,81,5,1,350,1231,35482811,811F007A,1048575,7836,00,02
D,35483734,989,2377,1,1807,270,-24,81,0,0,0,01,5,1,350,1231,35483800,811F007A,1048575,8827,00,02
D,35484749,1015,2378,1,1806,277,-19,81,0,0,0,01,5,1,350,1231,35484810,811F007A,1048575,9834,00,02
D,35485728,979,2379,1,1805,269,-16,73,0,0,0,01,5,1,350,1231,35485794,811F007A,1048575,10820,00,02
D,35486755,1027,2378,-1,1806,281,-12,79,0,0,0,01,5,1,350,1231,35486817,811F007A,1048575,11841,00,02
D,35487840,1085,2379,1,1805,354,-9,71,0,0,0,01,5,1,350,1231,35487929,811F007A,1048575,12964,00,02
D,35488729,889,2379,0,1805,261,-5,79,0,0,0,01,5,1,350,1231,35488765,811F007A,1048575,13780,00,02
D,35489707,978,2380,1,1804,237,-3,71,0,0,0,01,5,1,350,1231,35489738,811F007A,1048575,14752,00,02
D,35490703,996,2380,0,1804,239,1,79,0,0,0,01,5,1,350,1231,35490738,811F007A,1048575,15753,00,02
D,35491693,990,2380,0,1804,232,4,79,0,0,0,01,5,1,350,1231,35491722,811F007A,1048575,16736,00,02
D,35492704,1011,2380,0,1804,230,7,87,0,0,0,01,5,1,350,1231,35492732,811F007A,1048575,17746,00,02
D,35493696,992,2380,0,1804,230,10,87,0,0,0,01,5,1,350,1231,35493724,811F007A,1048575,18739,00,02
D,35494699,1003,2380,0,1804,237,13,95,0,0,0,01,5,1,350,1231,35494734,811F007A,1048575,19749,00,02
D,35495689,990,2380,0,1804,232,17,95,0,0,0,01,5,1,350,1231,35495718,811F007A,1048575,20732,00,02
D,35496825,1136,2380,0,1804,351,21,106,0,0,0,01,5,1,350,1231,35496927,811F007A,1048575,21966,00,02
D,35497928,1103,2380,0,1804,460,25,114,0,0,0,01,5,1,350,1231,35498085,811F007A,1048575,23154,00,02
D,35498802,874,2380,0,1804,332,28,114,0,0,0,01,5,1,350,1231,35498876,811F007A,1048575,23902,00,02
D,35499742,940,2380,0,1804,269,31,110,0,0,0,01,5,1,350,1231,35499810,811F007A,1048575,24838,00,02
D,35500737,995,2380,0,1804,271,34,118,0,0,0,01,5,1,350,1231,35500793,811F007A,1048575,25814,00,02
D,35501729,992,2380,0,1804,264,37,118,0,0,0,01,5,1,350,1231,35501796,811F007A,1048575,26823,00,02
D,35502741,1012,2380,0,1804,281,41,126,0,0,0,01,5,1,350,1231,35502803,811F007A,1048575,27826,00,02
D,35503731,990,2380,0,1804,264,44,126,0,0,0,01,5,1,350,1231,35503796,811F007A,1048575,28820,00,02
D,35504753,1022,2380,0,1804,280,48,136,0,0,0,01,5,1,350,1231,35504811,811F007A,1048575,29834,00,02
D,35505733,980,2380,0,1804,263,50,97,0,0,0,01,5,1,350,1231,35505798,811F007A,1048575,30823,00,02
D,35506743,1010,2380,0,1804,283,52,94,0,0,0,01,5,1,350,1231,35506805,811F007A,1048575,31827,00,02
