
[HOST 2026-09-18T00:59:52.934] Serial opened; DTR/RTS false; lease 900 seconds

[HOST 2026-09-18T00:59:52.993] TX r
# S2: driver config re-applied and verified
# fault cleared; tmc=1 dirCal=1

[HOST 2026-09-18T00:59:54.830] TX v
# live control logging=1

[HOST 2026-09-18T00:59:55.839] TX s
# state=IDLE_STOPPED fault=NONE angle=239.94 wedge=7 omega=0.0000 natStop=0.0 pos=FRESH vel=VALID age_us=468 dirCal=1(sign -1) tmc=1 takeover=1 rawZero=88 stage=0 cmd=0.000

[HOST 2026-09-18T01:14:52.947] Serial capture ended

[HOST 2026-09-18T09:19:15.647] Serial opened; DTR/RTS false; lease 900 seconds

[HOST 2026-09-18T09:19:15.709] TX s
# state=IDLE_STOPPED fault=NONE angle=47.72 wedge=1 omega=-0.0000 natStop=0.0 pos=FRESH vel=VALID age_us=477 dirCal=1(sign -1) tmc=1 takeover=1 rawZero=88 stage=0 cmd=0.000

[HOST 2026-09-18T09:34:17.056] Serial capture ended

[HOST 2026-09-18T09:36:13.163] Serial opened; DTR/RTS false; lease 3600 seconds

[HOST 2026-09-18T09:36:13.215] TX s
# state=FAULT_LATCHED fault=MOTOR_FIGHT angle=124.98 wedge=4 omega=-0.2303 natStop=74.2 pos=FRESH vel=VALID age_us=284 dirCal=1(sign -1) tmc=1 takeover=1 rawZero=88 stage=0 cmd=0.000
SPIN#5 SUMMARY dir=-1 peak=1.099 releaseMs=1042 relAngle=60.8 relSpeed=0.927 targetW=7 targetAngle=223.5 runway=348.2 natStop=445.4 fricC=0.5500 fricB=0.2800 tkSpeed=0.740 cmdMax=0.680 cmdMin=0.153 rise=0.138 maxDecel=16.298 final=354.6 finalW=11 err=-131.1 quality=0 result=FAULTED fault=MOTOR_FIGHT fitRej=0 fitsCW=0 fitsCCW=0
SPIN#6 START dir=+1 omega=0.203 wedge=0
SPIN#6 FAULT ACTIVE (MOTOR_FIGHT): spin will NOT be controlled

[HOST 2026-09-18T09:36:34.579] TX s
# state=FAULT_LATCHED fault=MOTOR_FIGHT angle=160.93 wedge=5 omega=0.3803 natStop=169.0 pos=FRESH vel=VALID age_us=476 dirCal=1(sign -1) tmc=1 takeover=1 rawZero=88 stage=0 cmd=0.000
SPIN#6 SUMMARY dir=+1 peak=0.203 releaseMs=0 relAngle=0.0 relSpeed=0.000 targetW=-1 targetAngle=0.0 runway=0.0 natStop=0.0 fricC=0.5500 fricB=0.2800 tkSpeed=0.000 cmdMax=0.000 cmdMin=0.000 rise=0.000 maxDecel=0.000 final=294.1 finalW=9 err=0.0 quality=0 result=CONTROL_LOCKED fault=MOTOR_FIGHT fitRej=0 fitsCW=0 fitsCCW=0

[HOST 2026-09-18T09:37:00.018] TX s
# state=FAULT_LATCHED fault=MOTOR_FIGHT angle=294.08 wedge=9 omega=-0.0000 natStop=0.0 pos=FRESH vel=VALID age_us=144 dirCal=1(sign -1) tmc=1 takeover=1 rawZero=88 stage=0 cmd=0.000

[HOST 2026-09-18T09:37:17.518] TX r
# S2: driver config re-applied and verified
# fault cleared; tmc=1 dirCal=1

[HOST 2026-09-18T09:37:17.904] TX s
# state=IDLE_STOPPED fault=NONE angle=294.08 wedge=9 omega=-0.0000 natStop=0.0 pos=FRESH vel=VALID age_us=452 dirCal=1(sign -1) tmc=1 takeover=1 rawZero=88 stage=0 cmd=0.000
SPIN#7 START dir=-1 omega=-0.209 wedge=9
SPIN#7 RELEASE speed=0.517 peak=0.562 angle=88.4
SPIN#7 RESERVE targetW=7 targetAngle=220.1 runway=228.3 natStop=272.3 speed=0.517 q=0 urgent=0
SPIN#7 CAPTURE fasDir=+1 wheel=0.484 cmd0=0.460 hz=1470 aPlan=0.1773(567 sps2) aFas=4536 remain=214.5
# TK remain=210.1 cmd=0.455 wheel=0.476 fas=0.459 trail=0.476 profile=0.455 stage=1
# TK remain=188.8 cmd=0.086 wheel=0.086 fas=0.436 trail=0.086 profile=0.431 stage=2
FAULT code=MOTOR_FIGHT detail=wheel far below field speed state=CONTROLLED_DECEL angle=46.6 wedge=1 omega=-0.080 cmd=0.086
SPIN#7 SUMMARY dir=-1 peak=0.562 releaseMs=1189 relAngle=88.4 relSpeed=0.517 targetW=7 targetAngle=220.1 runway=228.3 natStop=272.3 fricC=0.5500 fricB=0.2800 tkSpeed=0.484 cmdMax=0.460 cmdMin=0.086 rise=0.000 maxDecel=8.692 final=79.5 finalW=2 err=140.6 quality=0 result=FAULTED fault=MOTOR_FIGHT fitRej=0 fitsCW=0 fitsCCW=0

[HOST 2026-09-18T09:39:50.603] TX s
# state=FAULT_LATCHED fault=MOTOR_FIGHT angle=158.55 wedge=5 omega=0.0000 natStop=0.0 pos=FRESH vel=VALID age_us=80 dirCal=1(sign -1) tmc=1 takeover=1 rawZero=88 stage=0 cmd=0.000

[HOST 2026-09-18T09:43:33.710] TX s
# state=FAULT_LATCHED fault=MOTOR_FIGHT angle=158.55 wedge=5 omega=0.0000 natStop=0.0 pos=FRESH vel=VALID age_us=93 dirCal=1(sign -1) tmc=1 takeover=1 rawZero=88 stage=0 cmd=0.000

[HOST 2026-09-18T09:48:50.905] TX d
# DIAG armed: RAM-only 1 kHz capture; dumps after true stop or fault.

[HOST 2026-09-18T09:49:04.490] TX r
# S2: driver config re-applied and verified
# fault cleared; tmc=1 dirCal=1

[HOST 2026-09-18T09:49:05.437] TX s
# DIAG active: status suppressed
SPIN#8 START dir=-1 omega=-0.222 wedge=4
SPIN#8 RELEASE speed=0.616 peak=0.708 angle=48.4
SPIN#8 RESERVE targetW=4 targetAngle=132.1 runway=276.0 natStop=354.3 speed=0.616 q=0 urgent=0
SPIN#8 CAPTURE fasDir=+1 wheel=0.593 cmd0=0.563 hz=1802 aPlan=0.2031(650 sps2) aFas=5200 remain=259.2
FAULT code=MOTOR_FIGHT detail=wheel far below field speed state=CONTROLLED_DECEL angle=359.9 wedge=11 omega=-0.106 cmd=0.107
SPIN#8 SUMMARY dir=-1 peak=0.708 releaseMs=471 relAngle=48.4 relSpeed=0.616 targetW=4 targetAngle=132.1 runway=276.0 natStop=354.3 fricC=0.5500 fricB=0.2800 tkSpeed=0.593 cmdMax=0.563 cmdMin=0.107 rise=0.000 maxDecel=11.790 final=87.5 finalW=2 err=44.7 quality=0 result=FAULTED fault=MOTOR_FIGHT fitRej=0 fitsCW=0 fitsCCW=0
# DIAG columns: done_us,dt_good_us,raw,delta,counts,i2c_us,omega_mrev,window_mrev,cmd_mrev,fas_mrev,remain_ddeg,flags_hex,state,stage,current_ma
D,87945049,954,2610,1,-272858,237,-165,-166,0,0,0,01,11,0,0
D,87946028,979,2610,0,-272858,224,-165,-158,0,0,0,01,11,0,0
D,87947032,1004,2611,1,-272859,222,-165,-166,0,0,0,01,11,0,0
D,87948022,990,2612,1,-272860,222,-165,-166,0,0,0,01,11,0,0
D,87949039,1017,2612,0,-272860,231,-165,-158,0,0,0,01,11,0,0
D,87950032,993,2613,1,-272861,222,-164,-158,0,0,0,01,11,0,0
D,87951021,989,2614,1,-272862,222,-164,-166,0,0,0,01,11,0,0
D,87952025,1004,2614,0,-272862,222,-164,-166,0,0,0,01,11,0,0
D,87953121,1096,2615,1,-272863,306,-164,-162,0,0,0,01,11,0,0
D,87954177,1056,2616,1,-272864,375,-164,-162,0,0,0,01,11,0,0
D,87955059,882,2616,0,-272864,249,-164,-163,0,0,0,01,11,0,0
D,87956059,1000,2617,1,-272865,253,-164,-163,0,0,0,01,11,0,0
D,87957072,1013,2617,0,-272865,260,-164,-154,0,0,0,01,11,0,0
D,87958071,999,2618,1,-272866,259,-164,-163,0,0,0,01,11,0,0
D,87959067,996,2619,1,-272867,254,-164,-163,0,0,0,01,11,0,0
D,87960059,992,2619,0,-272867,255,-163,-154,0,0,0,01,11,0,0
D,87961075,1016,2620,1,-272868,261,-163,-163,0,0,0,01,11,0,0
D,87962070,995,2621,1,-272869,259,-163,-163,0,0,0,01,11,0,0
D,87963062,992,2621,0,-272869,255,-163,-157,0,0,0,01,11,0,0
D,87964097,1035,2622,1,-272870,297,-163,-158,0,0,0,01,11,0,0
D,87965049,952,2623,1,-272871,237,-163,-166,0,0,0,01,11,0,0
D,87966028,979,2623,0,-272871,224,-163,-158,0,0,0,01,11,0,0
D,87967032,1004,2624,1,-272872,222,-163,-158,0,0,0,01,11,0,0
D,87968022,990,2625,1,-272873,222,-163,-166,0,0,0,01,11,0,0
D,87969039,1017,2626,1,-272874,231,-163,-166,0,0,0,01,11,0,0
D,87970032,993,2626,0,-272874,222,-163,-158,0,0,0,01,11,0,0
D,87971021,989,2627,1,-272875,222,-163,-166,0,0,0,01,11,0,0
D,87972025,1004,2627,0,-272875,222,-162,-158,0,0,0,01,11,0,0
D,87973109,1084,2628,1,-272876,307,-162,-163,0,0,0,01,11,0,0
D,87974173,1064,2629,1,-272877,369,-162,-162,0,0,0,01,11,0,0
D,87975057,884,2629,0,-272877,250,-162,-155,0,0,0,01,11,0,0
D,87976053,996,2630,1,-272878,254,-162,-163,0,0,0,01,11,0,0
D,87977075,1022,2631,1,-272879,260,-162,-163,0,0,0,01,11,0,0
D,87978070,995,2631,0,-272879,258,-162,-154,0,0,0,01,11,0,0
D,87979069,999,2632,1,-272880,257,-162,-163,0,0,0,01,11,0,0
D,87980060,991,2633,1,-272881,254,-162,-163,0,0,0,01,11,0,0
D,87981066,1006,2633,0,-272881,265,-162,-154,0,0,0,01,11,0,0
D,87982066,1000,2634,1,-272882,259,-162,-163,0,0,0,01,11,0,0
D,87983070,1004,2635,1,-272883,257,-162,-165,0,0,0,01,11,0,0
D,87984104,1034,2635,0,-272883,296,-162,-158,0,0,0,01,11,0,0
D,87985042,938,2636,1,-272884,237,-162,-158,0,0,0,01,11,0,0
D,87986025,983,2636,0,-272884,224,-161,-158,0,0,0,01,11,0,0
D,87987028,1003,2637,1,-272885,222,-161,-158,0,0,0,01,11,0,0
D,87988032,1004,2638,1,-272886,222,-161,-166,0,0,0,01,11,0,0
D,87989037,1005,2639,1,-272887,232,-162,-166,0,0,0,01,11,0,0
D,87990029,992,2639,0,-272887,222,-161,-158,0,0,0,01,11,0,0
D,87991034,1005,2640,1,-272888,222,-162,-166,0,0,0,01,11,0,0
D,87992025,991,2641,1,-272889,222,-162,-166,0,0,0,01,11,0,0
D,87993106,1081,2641,0,-272889,304,-162,-163,0,0,0,01,11,0,0
D,87994191,1085,2642,1,-272890,380,-162,-162,0,0,0,01,11,0,0
D,87995063,872,2643,1,-272891,249,-162,-163,0,0,0,01,11,0,0
D,87996065,1002,2643,0,-272891,253,-162,-163,0,0,0,01,11,0,0
D,87997071,1006,2644,1,-272892,260,-162,-163,0,0,0,01,11,0,0
D,87998070,999,2644,0,-272892,259,-162,-154,0,0,0,01,11,0,0
D,87999068,998,2645,1,-272893,257,-161,-154,0,0,0,01,11,0,0
D,88000060,992,2646,1,-272894,254,-161,-163,0,0,0,01,11,0,0
D,88001077,1017,2646,0,-272894,261,-161,-154,0,0,0,01,11,0,0
D,88002057,980,2647,1,-272895,258,-161,-163,0,0,0,01,11,0,0
D,88003069,1012,2648,1,-272896,255,-161,-165,0,0,0,01,11,0,0
D,88004097,1028,2649,1,-272897,296,-161,-165,0,0,0,01,11,0,0
D,88005049,952,2649,0,-272897,237,-161,-158,0,0,0,01,11,0,0
D,88006028,979,2650,1,-272898,224,-162,-166,0,0,0,01,11,0,0
D,88007032,1004,2650,0,-272898,222,-161,-158,0,0,0,01,11,0,0
D,88008022,990,2651,1,-272899,222,-161,-158,0,0,0,01,11,0,0
D,88009039,1017,2652,1,-272900,231,-161,-166,0,0,0,01,11,0,0
D,88010032,993,2652,0,-272900,222,-161,-158,0,0,0,01,11,0,0
D,88011022,990,2653,1,-272901,222,-161,-158,0,0,0,01,11,0,0
D,88012026,1004,2654,1,-272902,222,-161,-166,0,0,0,01,11,0,0
D,88013109,1083,2654,0,-272902,304,-161,-154,0,0,0,01,11,0,0
D,88014174,1065,2655,1,-272903,375,-161,-162,0,0,0,01,11,0,0
D,88015054,880,2656,1,-272904,246,-161,-163,0,0,0,01,11,0,0
D,88016068,1014,2656,0,-272904,255,-161,-163,0,0,0,01,11,0,0
D,88017073,1005,2656,0,-272904,260,-161,-154,0,0,0,01,11,0,0
D,88018070,997,2657,1,-272905,259,-161,-154,0,0,0,01,11,0,0
D,88019066,996,2658,1,-272906,254,-160,-154,0,0,0,01,11,0,0
D,88020056,990,2659,1,-272907,254,-160,-163,0,0,0,01,11,0,0
D,88021074,1018,2659,0,-272907,261,-160,-154,0,0,0,01,11,0,0
D,88022062,988,2660,1,-272908,255,-160,-154,0,0,0,01,11,0,0
D,88023058,996,2660,0,-272908,256,-160,-149,0,0,0,01,11,0,0
D,88024110,1052,2661,1,-272909,296,-160,-157,0,0,0,01,11,0,0
D,88025042,932,2662,1,-272910,238,-159,-158,0,0,0,01,11,0,0
D,88026024,982,2663,1,-272911,224,-159,-158,0,0,0,01,11,0,0
D,88027029,1005,2663,0,-272911,222,-159,-158,0,0,0,01,11,0,0
D,88028033,1004,2664,1,-272912,222,-159,-158,0,0,0,01,11,0,0
D,88029038,1005,2664,0,-272912,232,-159,-158,0,0,0,01,11,0,0
D,88030030,992,2665,1,-272913,222,-159,-158,0,0,0,01,11,0,0
D,88031021,991,2666,1,-272914,222,-159,-158,0,0,0,01,11,0,0
D,88032025,1004,2666,0,-272914,222,-159,-158,0,0,0,01,11,0,0
D,88033104,1079,2667,1,-272915,305,-159,-154,0,0,0,01,11,0,0
D,88034176,1072,2667,0,-272915,375,-158,-146,0,0,0,01,11,0,0
D,88035057,881,2668,1,-272916,249,-158,-155,0,0,0,01,11,0,0
D,88036055,998,2669,1,-272917,253,-158,-154,0,0,0,01,11,0,0
D,88037073,1018,2669,0,-272917,260,-158,-154,0,0,0,01,11,0,0
D,88038071,998,2670,1,-272918,259,-158,-154,0,0,0,01,11,0,0
D,88039068,997,2671,1,-272919,257,-158,-154,0,0,0,01,11,0,0
D,88040061,993,2671,0,-272919,254,-158,-154,0,0,0,01,11,0,0
D,88041063,1002,2672,1,-272920,262,-157,-154,0,0,0,01,11,0,0
D,88042064,1001,2673,1,-272921,258,-157,-154,0,0,0,01,11,0,0
D,88043062,998,2673,0,-272921,258,-157,-149,0,0,0,01,11,0,0
D,88044106,1044,2674,1,-272922,296,-157,-158,0,0,0,01,11,0,0
D,88045041,935,2675,1,-272923,237,-157,-158,0,0,0,01,11,0,0
D,88046037,996,2675,0,-272923,224,-157,-150,0,0,0,01,11,0,0
D,88047024,987,2676,1,-272924,222,-157,-158,0,0,0,01,11,0,0
D,88048028,1004,2676,0,-272924,222,-157,-158,0,0,0,01,11,0,0
D,88049043,1015,2677,1,-272925,231,-157,-158,0,0,0,01,11,0,0
D,88050022,979,2678,1,-272926,222,-157,-158,0,0,0,01,11,0,0
D,88051026,1004,2678,0,-272926,222,-157,-150,0,0,0,01,11,0,0
D,88052029,1003,2679,1,-272927,222,-157,-158,0,0,0,01,11,0,0
D,88053119,1090,2680,1,-272928,305,-157,-162,0,0,0,01,11,0,0
D,88054194,1075,2680,0,-272928,385,-157,-154,0,0,0,01,11,0,0
D,88055056,862,2681,1,-272929,245,-157,-155,0,0,0,01,11,0,0
D,88056067,1011,2681,0,-272929,255,-156,-146,0,0,0,01,11,0,0
D,88057071,1004,2682,1,-272930,260,-156,-154,0,0,0,01,11,0,0
D,88058069,998,2683,1,-272931,258,-156,-154,0,0,0,01,11,0,0
D,88059066,997,2683,0,-272931,254,-156,-154,0,0,0,01,11,0,0
D,88060057,991,2684,1,-272932,254,-156,-154,0,0,0,01,11,0,0
D,88061076,1019,2684,0,-272932,262,-156,-146,0,0,0,01,11,0,0
D,88062068,992,2685,1,-272933,255,-156,-154,0,0,0,01,11,0,0
D,88063059,991,2685,0,-272933,256,-155,-149,0,0,0,01,11,0,0
D,88064097,1038,2686,1,-272934,296,-155,-150,0,0,0,01,11,0,0
D,88065040,943,2687,1,-272935,237,-155,-158,0,0,0,01,11,0,0
D,88066035,995,2687,0,-272935,224,-155,-150,0,0,0,01,11,0,0
D,88067024,989,2688,1,-272936,221,-155,-150,0,0,0,01,11,0,0
D,88068028,1004,2689,1,-272937,222,-155,-158,0,0,0,01,11,0,0
D,88069042,1014,2689,0,-272937,231,-155,-150,0,0,0,01,11,0,0
D,88070021,979,2690,1,-272938,222,-155,-150,0,0,0,01,11,0,0
D,88071025,1004,2691,1,-272939,222,-155,-158,0,0,0,01,11,0,0
D,88072028,1003,2691,0,-272939,222,-154,-150,0,0,0,01,11,0,0
D,88073110,1082,2692,1,-272940,306,-154,-154,0,0,0,01,11,0,0
D,88074185,1075,2692,0,-272940,374,-154,-146,0,0,0,01,11,0,0
D,88075063,878,2693,1,-272941,249,-154,-146,0,0,0,01,11,0,0
D,88076061,998,2694,1,-272942,253,-154,-154,0,0,0,01,11,0,0
D,88077071,1010,2694,0,-272942,260,-154,-146,0,0,0,01,11,0,0
D,88078070,999,2695,1,-272943,259,-154,-154,0,0,0,01,11,0,0
D,88079068,998,2696,1,-272944,254,-154,-154,0,0,0,01,11,0,0
D,88080055,987,2696,0,-272944,254,-153,-146,0,0,0,01,11,0,0
D,88081066,1011,2697,1,-272945,265,-153,-154,0,0,0,01,11,0,0
D,88082062,996,2697,0,-272945,259,-153,-146,0,0,0,01,11,0,0
D,88083062,1000,2698,1,-272946,258,-153,-149,0,0,0,01,11,0,0
D,88084108,1046,2698,0,-272946,296,-153,-142,0,0,0,01,11,0,0
D,88085049,941,2699,1,-272947,237,-152,-150,0,0,0,01,11,0,0
D,88086029,980,2700,1,-272948,225,-152,-150,0,0,0,01,11,0,0
D,88087033,1004,2700,0,-272948,222,-152,-150,0,0,0,01,11,0,0
D,88088024,991,2701,1,-272949,222,-152,-150,0,0,0,01,11,0,0
D,88089038,1014,2702,1,-272950,231,-152,-150,0,0,0,01,11,0,0
D,88090031,993,2703,1,-272951,221,-152,-158,0,0,0,01,11,0,0
D,88091021,990,2703,0,-272951,222,-152,-150,0,0,0,01,11,0,0
D,88092025,1004,2704,1,-272952,222,-152,-158,0,0,0,01,11,0,0
D,88093105,1080,2704,0,-272952,305,-152,-154,0,0,0,01,11,0,0
D,88094179,1074,2705,1,-272953,377,-153,-154,0,0,0,01,11,0,0
D,88095056,877,2706,1,-272954,245,-153,-155,0,0,0,01,11,0,0
D,88096053,997,2706,0,-272954,254,-153,-155,0,0,0,01,11,0,0
D,88097072,1019,2706,0,-272954,260,-152,-146,0,0,0,01,11,0,0
D,88098070,998,2707,1,-272955,259,-152,-146,0,0,0,01,11,0,0
D,88099071,1001,2708,1,-272956,257,-152,-154,0,0,0,01,11,0,0
D,88100060,989,2709,1,-272957,254,-152,-154,0,0,0,01,11,0,0
D,88101065,1005,2709,0,-272957,265,-152,-146,0,0,0,01,11,0,0
D,88102065,1000,2710,1,-272958,259,-152,-154,0,0,0,01,11,0,0
D,88103061,996,2711,1,-272959,254,-152,-157,0,0,0,01,11,0,0
D,88104104,1043,2711,0,-272959,297,-152,-150,0,0,0,01,11,0,0
D,88105043,939,2712,1,-272960,237,-153,-158,0,0,0,01,11,0,0
D,88106025,982,2712,0,-272960,224,-152,-150,0,0,0,01,11,0,0
D,88107028,1003,2713,1,-272961,221,-152,-150,0,0,0,01,11,0,0
D,88108032,1004,2714,1,-272962,222,-153,-158,0,0,0,01,11,0,0
D,88109037,1005,2714,0,-272962,232,-152,-150,0,0,0,01,11,0,0
D,88110029,992,2714,0,-272962,222,-152,-142,0,0,0,01,11,0,0
D,88111034,1005,2715,1,-272963,222,-152,-150,0,0,0,01,11,0,0
D,88112025,991,2716,1,-272964,222,-152,-150,0,0,0,01,11,0,0
D,88113105,1080,2716,0,-272964,306,-152,-146,0,0,0,01,11,0,0
D,88114185,1080,2717,1,-272965,378,-152,-154,0,0,0,01,11,0,0
D,88115063,878,2718,1,-272966,248,-152,-155,0,0,0,01,11,0,0
D,88116060,997,2718,0,-272966,253,-152,-146,0,0,0,01,11,0,0
D,88117073,1013,2719,1,-272967,261,-152,-154,0,0,0,01,11,0,0
D,88118069,996,2719,0,-272967,258,-152,-146,0,0,0,01,11,0,0
D,88119067,998,2720,1,-272968,254,-151,-146,0,0,0,01,11,0,0
D,88120054,987,2721,1,-272969,254,-151,-146,0,0,0,01,11,0,0
D,88121074,1020,2721,0,-272969,261,-151,-146,0,0,0,01,11,0,0
D,88122070,996,2722,1,-272970,258,-151,-146,0,0,0,01,11,0,0
D,88123069,999,2722,0,-272970,255,-150,-142,0,0,0,01,11,0,0
D,88124110,1041,2723,1,-272971,297,-150,-150,0,0,0,01,11,0,0
D,88125042,932,2724,1,-272972,237,-150,-150,0,0,0,01,11,0,0
D,88126024,982,2724,0,-272972,224,-150,-142,0,0,0,01,11,0,0
D,88127029,1005,2725,1,-272973,222,-150,-150,0,0,0,01,11,0,0
D,88128033,1004,2726,1,-272974,222,-150,-158,0,0,0,01,11,0,0
D,88129036,1003,2726,0,-272974,231,-150,-150,0,0,0,01,11,0,0
D,88130029,993,2727,1,-272975,222,-150,-150,0,0,0,01,11,0,0
D,88131033,1004,2727,0,-272975,222,-150,-142,0,0,0,01,11,0,0
D,88132024,991,2728,1,-272976,222,-150,-150,0,0,0,01,11,0,0
D,88133104,1080,2728,0,-272976,304,-149,-138,0,0,0,01,11,0,0
D,88134174,1070,2729,1,-272977,373,-149,-146,0,0,0,01,11,0,0
D,88135055,881,2730,1,-272978,245,-149,-146,0,0,0,01,11,0,0
D,88136067,1012,2730,0,-272978,254,-149,-146,0,0,0,01,11,0,0
D,88137069,1002,2731,1,-272979,260,-149,-146,0,0,0,01,11,0,0
D,88138070,1001,2731,0,-272979,259,-149,-138,0,0,0,01,11,0,0
D,88139065,995,2732,1,-272980,254,-148,-146,0,0,0,01,11,0,0
D,88140055,990,2733,1,-272981,255,-149,-154,0,0,0,01,11,0,0
D,88141075,1020,2733,0,-272981,263,-149,-146,0,0,0,01,11,0,0
D,88142069,994,2734,1,-272982,259,-149,-146,0,0,0,01,11,0,0
D,88143068,999,2734,0,-272982,255,-148,-142,0,0,0,01,11,0,0
D,88144099,1031,2735,1,-272983,297,-148,-150,0,0,0,01,11,0,0
D,88145039,940,2736,1,-272984,237,-148,-150,0,0,0,01,11,0,0
D,88146035,996,2736,0,-272984,224,-148,-142,0,0,0,01,11,0,0
D,88147024,989,2737,1,-272985,222,-148,-150,0,0,0,01,11,0,0
D,88148028,1004,2737,0,-272985,222,-148,-142,0,0,0,01,11,0,0
D,88149042,1014,2738,1,-272986,231,-148,-150,0,0,0,01,11,0,0
D,88150021,979,2739,1,-272987,222,-148,-150,0,0,0,01,11,0,0
D,88151025,1004,2739,0,-272987,222,-148,-142,0,0,0,01,11,0,0
D,88152028,1003,2740,1,-272988,222,-148,-150,0,0,0,01,11,0,0
D,88153105,1077,2740,0,-272988,306,-148,-146,0,0,0,01,11,0,0
D,88154187,1082,2741,1,-272989,375,-148,-146,0,0,0,01,11,0,0
D,88155064,877,2742,1,-272990,249,-148,-146,0,0,0,01,11,0,0
D,88156062,998,2742,0,-272990,253,-148,-146,0,0,0,01,11,0,0
D,88157070,1008,2743,1,-272991,260,-148,-146,0,0,0,01,11,0,0
D,88158067,997,2743,0,-272991,258,-147,-138,0,0,0,01,11,0,0
D,88159062,995,2744,1,-272992,254,-147,-146,0,0,0,01,11,0,0
D,88160069,1007,2745,1,-272993,254,-147,-146,0,0,0,01,11,0,0
D,88161070,1001,2745,0,-272993,263,-147,-146,0,0,0,01,11,0,0
D,88162062,992,2746,1,-272994,259,-147,-146,0,0,0,01,11,0,0
D,88163065,1003,2746,0,-272994,258,-147,-142,0,0,0,01,11,0,0
D,88164106,1041,2747,1,-272995,296,-147,-150,0,0,0,01,11,0,0
D,88165050,944,2747,0,-272995,238,-147,-142,0,0,0,01,11,0,0
D,88166029,979,2748,1,-272996,224,-147,-142,0,0,0,01,11,0,0
D,88167033,1004,2749,1,-272997,222,-147,-150,0,0,0,01,11,0,0
D,88168024,991,2749,0,-272997,222,-147,-142,0,0,0,01,11,0,0
D,88169038,1014,2750,1,-272998,231,-147,-150,0,0,0,01,11,0,0
D,88170031,993,2751,1,-272999,222,-147,-150,0,0,0,01,11,0,0
D,88171021,990,2751,0,-272999,222,-147,-142,0,0,0,01,11,0,0
D,88172025,1004,2752,1,-273000,222,-147,-150,0,0,0,01,11,0,0
D,88173125,1100,2752,0,-273000,308,-147,-146,0,0,0,01,11,0,0
D,88174179,1054,2753,1,-273001,376,-147,-146,0,0,0,01,11,0,0
D,88175060,881,2753,0,-273001,249,-146,-138,0,0,0,01,11,0,0
D,88176060,1000,2754,1,-273002,255,-146,-146,0,0,0,01,11,0,0
D,88177071,1011,2755,1,-273003,260,-146,-146,0,0,0,01,11,0,0
D,88178068,997,2755,0,-273003,258,-146,-146,0,0,0,01,11,0,0
D,88179058,990,2756,1,-273004,252,-146,-146,0,0,0,01,11,0,0
D,88180057,999,2756,0,-273004,251,-146,-138,0,0,0,01,11,0,0
D,88181069,1012,2757,1,-273005,263,-146,-146,0,0,0,01,11,0,0
D,88182064,995,2757,0,-273005,258,-146,-138,0,0,0,01,11,0,0
D,88183057,993,2758,1,-273006,255,-146,-142,0,0,0,01,11,0,0
D,88184099,1042,2759,1,-273007,297,-146,-150,0,0,0,01,11,0,0
D,88185039,940,2759,0,-273007,237,-146,-142,0,0,0,01,11,0,0
D,88186037,998,2760,1,-273008,224,-146,-142,0,0,0,01,11,0,0
D,88187024,987,2761,1,-273009,222,-146,-150,0,0,0,01,11,0,0
D,88188028,1004,2761,0,-273009,222,-146,-142,0,0,0,01,11,0,0
D,88189042,1014,2761,0,-273009,231,-145,-142,0,0,0,01,11,0,0
D,88190021,979,2762,1,-273010,222,-145,-142,0,0,0,01,11,0,0
D,88191025,1004,2762,0,-273010,222,-145,-134,0,0,0,01,11,0,0
D,88192028,1003,2763,1,-273011,222,-145,-142,0,0,0,01,11,0,0
D,88193105,1077,2764,1,-273012,306,-145,-146,0,0,0,01,11,0,0
D,88194189,1084,2764,0,-273012,376,-144,-138,0,0,0,01,11,0,0
D,88195050,861,2765,1,-273013,248,-145,-146,0,0,0,01,11,0,0
D,88196063,1013,2765,0,-273013,253,-144,-138,0,0,0,01,11,0,0
D,88197071,1008,2766,1,-273014,261,-144,-138,0,0,0,01,11,0,0
D,88198065,994,2767,1,-273015,255,-144,-146,0,0,0,01,11,0,0
D,88199058,993,2767,0,-273015,257,-144,-138,0,0,0,01,11,0,0
D,88200050,992,2768,1,-273016,251,-144,-138,0,0,0,01,11,0,0
D,88201064,1014,2768,0,-273016,263,-143,-138,0,0,0,01,11,0,0
D,88202061,997,2769,1,-273017,259,-143,-138,0,0,0,01,11,0,0
D,88203058,997,2769,0,-273017,254,-143,-134,0,0,0,01,11,0,0
D,88204099,1041,2770,1,-273018,296,-143,-142,0,0,0,01,11,0,0
D,88205044,945,2771,1,-273019,237,-143,-142,0,0,0,01,11,0,0
D,88206024,980,2771,0,-273019,224,-143,-142,0,0,0,01,11,0,0
D,88207028,1004,2772,1,-273020,222,-143,-142,0,0,0,01,11,0,0
D,88208032,1004,2772,0,-273020,222,-142,-134,0,0,0,01,11,0,0
D,88209037,1005,2773,1,-273021,232,-142,-142,0,0,0,01,11,0,0
D,88210029,992,2774,1,-273022,222,-142,-142,0,0,0,01,11,0,0
D,88211034,1005,2774,0,-273022,222,-142,-142,0,0,0,01,11,0,0
D,88212025,991,2775,1,-273023,222,-142,-142,0,0,0,01,11,0,0
D,88213119,1094,2775,0,-273023,304,-142,-138,0,0,0,01,11,0,0
D,88214175,1056,2776,1,-273024,375,-142,-138,0,0,0,01,11,0,0
D,88215056,881,2776,0,-273024,245,-142,-138,0,0,0,01,11,0,0
D,88216054,998,2777,1,-273025,254,-142,-138,0,0,0,01,11,0,0
D,88217060,1006,2777,0,-273025,261,-141,-130,0,0,0,01,11,0,0
D,88218066,1006,2778,1,-273026,255,-141,-138,0,0,0,01,11,0,0
D,88219063,997,2778,0,-273026,257,-141,-138,0,0,0,01,11,0,0
D,88220051,988,2779,1,-273027,251,-141,-138,0,0,0,01,11,0,0
D,88221071,1020,2780,1,-273028,263,-141,-146,0,0,0,01,11,0,0
D,88222060,989,2780,0,-273028,255,-141,-138,0,0,0,01,11,0,0
D,88223072,1012,2781,1,-273029,257,-141,-142,0,0,0,01,11,0,0
D,88224111,1039,2781,0,-273029,296,-141,-134,0,0,0,01,11,0,0
D,88225050,939,2782,1,-273030,237,-141,-138,0,0,0,01,11,0,0
D,88226029,979,2783,1,-273031,224,-141,-142,0,0,0,01,11,0,0
D,88227034,1005,2783,0,-273031,222,-141,-142,0,0,0,01,11,0,0
D,88228024,990,2783,0,-273031,222,-140,-134,0,0,0,01,11,0,0
D,88229039,1015,2784,1,-273032,231,-140,-134,0,0,0,01,11,0,0
D,88230032,993,2785,1,-273033,222,-140,-142,0,0,0,01,11,0,0
D,88231022,990,2785,0,-273033,222,-140,-134,0,0,0,01,11,0,0
D,88232026,1004,2786,1,-273034,222,-140,-142,0,0,0,01,11,0,0
D,88233111,1085,2786,0,-273034,305,-140,-138,0,0,0,01,11,0,0
D,88234193,1082,2787,1,-273035,381,-140,-138,0,0,0,01,11,0,0
D,88235050,857,2787,0,-273035,249,-140,-130,0,0,0,01,11,0,0
D,88236068,1018,2788,1,-273036,253,-140,-138,0,0,0,01,11,0,0
D,88237071,1003,2789,1,-273037,260,-140,-138,0,0,0,01,11,0,0
D,88238068,997,2789,0,-273037,258,-139,-138,0,0,0,01,11,0,0
D,88239062,994,2790,1,-273038,254,-139,-138,0,0,0,01,11,0,0
D,88240068,1006,2790,0,-273038,254,-139,-130,0,0,0,01,11,0,0
D,88241071,1003,2791,1,-273039,263,-139,-138,0,0,0,01,11,0,0
D,88242063,992,2791,0,-273039,255,-139,-130,0,0,0,01,11,0,0
D,88243058,995,2792,1,-273040,258,-138,-134,0,0,0,01,11,0,0
D,88244108,1050,2793,1,-273041,299,-139,-142,0,0,0,01,11,0,0
D,88245046,938,2793,0,-273041,234,-138,-134,0,0,0,01,11,0,0
D,88246027,981,2794,1,-273042,224,-139,-142,0,0,0,01,11,0,0
D,88247032,1005,2794,0,-273042,222,-138,-134,0,0,0,01,11,0,0
D,88248022,990,2795,1,-273043,222,-139,-142,0,0,0,01,11,0,0
D,88249039,1017,2795,0,-273043,231,-138,-134,0,0,0,01,11,0,0
D,88250032,993,2796,1,-273044,222,-138,-142,0,0,0,01,11,0,0
D,88251021,989,2797,1,-273045,222,-139,-142,0,0,0,01,11,0,0
D,88252025,1004,2797,0,-273045,222,-138,-134,0,0,0,01,11,0,0
D,88253125,1100,2798,1,-273046,309,-138,-138,0,0,0,01,11,0,0
D,88254189,1064,2798,0,-273046,377,-138,-138,0,0,0,01,11,0,0
D,88255055,866,2799,1,-273047,249,-138,-138,0,0,0,01,11,0,0
D,88256066,1011,2799,0,-273047,254,-138,-130,0,0,0,01,11,0,0
D,88257070,1004,2800,1,-273048,261,-138,-138,0,0,0,01,11,0,0
D,88258064,994,2800,0,-273048,255,-138,-138,0,0,0,01,11,0,0
D,88259058,994,2801,1,-273049,257,-138,-138,0,0,0,01,11,0,0
D,88260066,1008,2801,0,-273049,255,-138,-130,0,0,0,01,11,0,0
D,88261067,1001,2802,1,-273050,263,-138,-138,0,0,0,01,11,0,0
D,88262061,994,2802,0,-273050,259,-137,-130,0,0,0,01,11,0,0
D,88263061,1000,2803,1,-273051,257,-137,-134,0,0,0,01,11,0,0
D,88264102,1041,2804,1,-273052,297,-138,-142,0,0,0,01,11,0,0
D,88265046,944,2804,0,-273052,237,-137,-135,0,0,0,01,11,0,0
D,88266028,982,2805,1,-273053,224,-138,-142,0,0,0,01,11,0,0
D,88267032,1004,2805,0,-273053,222,-137,-134,0,0,0,01,11,0,0
D,88268022,990,2806,1,-273054,222,-137,-134,0,0,0,01,11,0,0
D,88269039,1017,2806,0,-273054,231,-137,-134,0,0,0,01,11,0,0
D,88270032,993,2807,1,-273055,222,-137,-134,0,0,0,01,11,0,0
D,88271021,989,2807,0,-273055,222,-137,-134,0,0,0,01,11,0,0
D,88272025,1004,2808,1,-273056,222,-137,-134,0,0,0,01,11,0,0
D,88273122,1097,2808,0,-273056,306,-137,-130,0,0,0,01,11,0,0
D,88274195,1073,2809,1,-273057,381,-136,-130,0,0,0,01,11,0,0
D,88275057,862,2810,1,-273058,247,-136,-138,0,0,0,01,11,0,0
D,88276068,1011,2810,0,-273058,254,-136,-130,0,0,0,01,11,0,0
D,88277071,1003,2811,1,-273059,260,-136,-138,0,0,0,01,11,0,0
D,88278065,994,2811,0,-273059,258,-136,-130,0,0,0,01,11,0,0
D,88279066,1001,2812,1,-273060,258,-136,-138,0,0,0,01,11,0,0
D,88280058,992,2812,0,-273060,254,-136,-130,0,0,0,01,11,0,0
D,88281077,1019,2813,1,-273061,263,-136,-130,0,0,0,01,11,0,0
D,88282068,991,2813,0,-273061,258,-135,-130,0,0,0,01,11,0,0
D,88283066,998,2814,1,-273062,256,-135,-134,0,0,0,01,11,0,0
D,88284099,1033,2815,1,-273063,294,-135,-134,0,0,0,01,11,0,0
D,88285047,948,2815,0,-273063,237,-135,-134,0,0,0,01,11,0,0
D,88286027,980,2815,0,-273063,224,-135,-126,0,0,0,01,11,0,0
D,88287032,1005,2816,1,-273064,222,-135,-134,0,0,0,01,11,0,0
D,88288021,989,2817,1,-273065,222,-135,-134,0,0,0,01,11,0,0
D,88289039,1018,2817,0,-273065,231,-135,-134,0,0,0,01,11,0,0
D,88290032,993,2818,1,-273066,222,-135,-134,0,0,0,01,11,0,0
D,88291021,989,2818,0,-273066,222,-135,-134,0,0,0,01,11,0,0
D,88292025,1004,2819,1,-273067,222,-135,-134,0,0,0,01,11,0,0
D,88293125,1100,2819,0,-273067,309,-134,-130,0,0,0,01,11,0,0
D,88294186,1061,2820,1,-273068,375,-134,-130,0,0,0,01,11,0,0
D,88295055,869,2820,0,-273068,250,-134,-130,0,0,0,01,11,0,0
D,88296064,1009,2821,1,-273069,253,-134,-130,0,0,0,01,11,0,0
D,88297069,1005,2821,0,-273069,260,-134,-130,0,0,0,01,11,0,0
D,88298060,991,2822,1,-273070,254,-134,-130,0,0,0,01,11,0,0
D,88299073,1013,2823,1,-273071,257,-134,-138,0,0,0,01,11,0,0
D,88300054,981,2823,0,-273071,253,-134,-130,0,0,0,01,11,0,0
D,88301072,1018,2824,1,-273072,264,-134,-138,0,0,0,01,11,0,0
D,88302054,982,2824,0,-273072,255,-134,-130,0,0,0,01,11,0,0
D,88303069,1015,2825,1,-273073,258,-134,-134,0,0,0,01,11,0,0
D,88304097,1028,2826,1,-273074,295,-134,-142,0,0,0,01,11,0,0
D,88305040,943,2826,0,-273074,238,-134,-135,0,0,0,01,11,0,0
D,88306037,997,2826,0,-273074,224,-134,-126,0,0,0,01,11,0,0
D,88307024,987,2827,1,-273075,222,-134,-134,0,0,0,01,11,0,0
D,88308028,1004,2827,0,-273075,222,-133,-126,0,0,0,01,11,0,0
D,88309043,1015,2828,1,-273076,232,-134,-134,0,0,0,01,11,0,0
D,88310022,979,2828,0,-273076,222,-133,-126,0,0,0,01,11,0,0
D,88311025,1003,2829,1,-273077,222,-133,-134,0,0,0,01,11,0,0
D,88312029,1004,2829,0,-273077,222,-133,-126,0,0,0,01,11,0,0
D,88313115,1086,2830,1,-273078,305,-133,-130,0,0,0,01,11,0,0
D,88314192,1077,2831,1,-273079,378,-133,-130,0,0,0,01,11,0,0
D,88315052,860,2831,0,-273079,248,-133,-130,0,0,0,01,11,0,0
D,88316053,1001,2832,1,-273080,253,-133,-138,0,0,0,01,11,0,0
D,88317075,1022,2832,0,-273080,260,-133,-130,0,0,0,01,11,0,0
D,88318070,995,2833,1,-273081,258,-133,-130,0,0,0,01,11,0,0
D,88319069,999,2833,0,-273081,257,-133,-130,0,0,0,01,11,0,0
D,88320061,992,2834,1,-273082,254,-132,-130,0,0,0,01,11,0,0
D,88321067,1006,2834,0,-273082,266,-132,-130,0,0,0,01,11,0,0
D,88322067,1000,2835,1,-273083,259,-132,-130,0,0,0,01,11,0,0
D,88323058,991,2835,0,-273083,258,-132,-126,0,0,0,01,11,0,0
D,88324102,1044,2836,1,-273084,295,-132,-134,0,0,0,01,11,0,0
D,88325039,937,2836,0,-273084,237,-132,-127,0,0,0,01,11,0,0
D,88326037,998,2837,1,-273085,224,-132,-134,0,0,0,01,11,0,0
D,88327024,987,2837,0,-273085,222,-132,-126,0,0,0,01,11,0,0
D,88328028,1004,2838,1,-273086,222,-132,-134,0,0,0,01,11,0,0
D,88329042,1014,2839,1,-273087,231,-132,-134,0,0,0,01,11,0,0
D,88330021,979,2839,0,-273087,222,-132,-126,0,0,0,01,11,0,0
D,88331025,1004,2840,1,-273088,222,-132,-134,0,0,0,01,11,0,0
D,88332028,1003,2840,0,-273088,222,-132,-126,0,0,0,01,11,0,0
D,88333107,1079,2841,1,-273089,305,-132,-130,0,0,0,01,11,0,0
D,88334182,1075,2841,0,-273089,381,-131,-122,0,0,0,01,11,0,0
D,88335048,866,2842,1,-273090,245,-131,-130,0,0,0,01,11,0,0
D,88336061,1013,2842,0,-273090,254,-131,-130,0,0,0,01,11,0,0
D,88337071,1010,2842,0,-273090,260,-131,-122,0,0,0,01,11,0,0
D,88338066,995,2843,1,-273091,258,-131,-130,0,0,0,01,11,0,0
D,88339062,996,2844,1,-273092,257,-131,-130,0,0,0,01,11,0,0
D,88340053,991,2844,0,-273092,254,-131,-130,0,0,0,01,11,0,0
D,88341072,1019,2845,1,-273093,262,-131,-130,0,0,0,01,11,0,0
D,88342066,994,2845,0,-273093,258,-131,-130,0,0,0,01,11,0,0
D,88343061,995,2846,1,-273094,256,-131,-134,0,0,0,01,11,0,0
D,88344101,1040,2846,0,-273094,295,-130,-126,0,0,0,01,11,0,0
D,88345046,945,2847,1,-273095,237,-130,-127,0,0,0,01,11,0,0
D,88346028,982,2847,0,-273095,225,-130,-126,0,0,0,01,11,0,0
D,88347032,1004,2848,1,-273096,222,-130,-126,0,0,0,01,11,0,0
D,88348022,990,2848,0,-273096,222,-130,-126,0,0,0,01,11,0,0
D,88349039,1017,2849,1,-273097,231,-130,-126,0,0,0,01,11,0,0
D,88350032,993,2849,0,-273097,222,-130,-126,0,0,0,01,11,0,0
D,88351022,990,2850,1,-273098,222,-129,-126,0,0,0,01,11,0,0
D,88352026,1004,2850,0,-273098,222,-129,-126,0,0,0,01,11,0,0
D,88353109,1083,2851,1,-273099,307,-129,-130,0,0,0,01,11,0,0
D,88354183,1074,2851,0,-273099,375,-129,-122,0,0,0,01,11,0,0
D,88355060,877,2852,1,-273100,249,-129,-130,0,0,0,01,11,0,0
D,88356062,1002,2852,0,-273100,253,-129,-122,0,0,0,01,11,0,0
D,88357070,1008,2853,1,-273101,260,-129,-130,0,0,0,01,11,0,0
D,88358069,999,2854,1,-273102,258,-129,-130,0,0,0,01,11,0,0
D,88359062,993,2854,0,-273102,254,-129,-122,0,0,0,01,11,0,0
D,88360053,991,2854,0,-273102,254,-128,-122,0,0,0,01,11,0,0
D,88361074,1021,2855,1,-273103,263,-128,-122,0,0,0,01,11,0,0
D,88362063,989,2855,0,-273103,255,-128,-122,0,0,0,01,11,0,0
D,88363071,1008,2856,1,-273104,255,-128,-126,0,0,0,01,11,0,0
D,88364099,1028,2856,0,-273104,296,-127,-118,0,0,0,01,11,0,0
D,88365038,939,2857,1,-273105,237,-127,-127,0,0,0,01,11,0,0
D,88366035,997,2857,0,-273105,224,-127,-118,0,0,0,01,11,0,0
D,88367024,989,2858,1,-273106,222,-127,-126,0,0,0,01,11,0,0
D,88368028,1004,2858,0,-273106,222,-127,-126,0,0,0,01,11,0,0
D,88369043,1015,2859,1,-273107,231,-127,-126,0,0,0,01,11,0,0
D,88370022,979,2860,1,-273108,222,-127,-126,0,0,0,01,11,0,0
D,88371026,1004,2860,0,-273108,222,-127,-126,0,0,0,01,11,0,0
D,88372029,1003,2860,0,-273108,222,-127,-118,0,0,0,01,11,0,0
D,88373111,1082,2861,1,-273109,306,-126,-122,0,0,0,01,11,0,0
D,88374193,1082,2861,0,-273109,382,-126,-122,0,0,0,01,11,0,0
D,88375054,861,2862,1,-273110,246,-126,-122,0,0,0,01,11,0,0
D,88376066,1012,2862,0,-273110,254,-126,-122,0,0,0,01,11,0,0
D,88377071,1005,2863,1,-273111,260,-126,-122,0,0,0,01,11,0,0
D,88378066,995,2863,0,-273111,258,-126,-122,0,0,0,01,11,0,0
D,88379065,999,2864,1,-273112,257,-125,-122,0,0,0,01,11,0,0
D,88380053,988,2865,1,-273113,254,-126,-130,0,0,0,01,11,0,0
D,88381074,1021,2865,0,-273113,264,-125,-122,0,0,0,01,11,0,0
D,88382062,988,2866,1,-273114,255,-126,-130,0,0,0,01,11,0,0
D,88383061,999,2866,0,-273114,258,-126,-126,0,0,0,01,11,0,0
D,88384099,1038,2866,0,-273114,296,-125,-118,0,0,0,01,11,0,0
D,88385045,946,2867,1,-273115,237,-125,-127,0,0,0,01,11,0,0
D,88386027,982,2868,1,-273116,224,-125,-126,0,0,0,01,11,0,0
D,88387031,1004,2868,0,-273116,222,-125,-126,0,0,0,01,11,0,0
D,88388021,990,2868,0,-273116,222,-125,-118,0,0,0,01,11,0,0
D,88389039,1018,2869,1,-273117,232,-125,-118,0,0,0,01,11,0,0
D,88390032,993,2869,0,-273117,222,-125,-118,0,0,0,01,11,0,0
D,88391021,989,2870,1,-273118,222,-125,-126,0,0,0,01,11,0,0
D,88392025,1004,2870,0,-273118,222,-124,-118,0,0,0,01,11,0,0
D,88393126,1101,2871,1,-273119,311,-124,-122,0,0,0,01,11,0,0
D,88394179,1053,2871,0,-273119,370,-124,-122,0,0,0,01,11,0,0
D,88395061,882,2872,1,-273120,253,-124,-122,0,0,0,01,11,0,0
D,88396056,995,2872,0,-273120,253,-124,-122,0,0,0,01,11,0,0
D,88397071,1015,2873,1,-273121,260,-124,-122,0,0,0,01,11,0,0
D,88398068,997,2873,0,-273121,258,-124,-122,0,0,0,01,11,0,0
D,88399063,995,2874,1,-273122,254,-124,-122,0,0,0,01,11,0,0
D,88400053,990,2874,0,-273122,254,-123,-114,0,0,0,01,11,0,0
D,88401073,1020,2875,1,-273123,263,-123,-122,0,0,0,01,11,0,0
D,88402062,989,2875,0,-273123,256,-123,-122,0,0,0,01,11,0,0
D,88403058,996,2876,1,-273124,258,-123,-126,0,0,0,01,11,0,0
D,88404100,1042,2876,0,-273124,296,-123,-118,0,0,0,01,11,0,0
D,88405039,939,2877,1,-273125,237,-123,-127,0,0,0,01,11,0,0
D,88406035,996,2877,0,-273125,224,-123,-118,0,0,0,01,11,0,0
D,88407024,989,2878,1,-273126,222,-123,-126,0,0,0,01,11,0,0
D,88408028,1004,2878,0,-273126,222,-123,-118,0,0,0,01,11,0,0
D,88409043,1015,2879,1,-273127,231,-123,-126,0,0,0,01,11,0,0
D,88410022,979,2879,0,-273127,222,-123,-118,0,0,0,01,11,0,0
D,88411026,1004,2879,0,-273127,222,-122,-110,0,0,0,01,11,0,0
D,88412029,1003,2880,1,-273128,222,-122,-118,0,0,0,01,11,0,0
D,88413116,1087,2881,1,-273129,305,-122,-122,0,0,0,01,11,0,0
D,88414196,1080,2881,0,-273129,383,-122,-122,0,0,0,01,11,0,0
D,88415059,863,2882,1,-273130,246,-122,-122,0,0,0,01,11,0,0
D,88416066,1007,2882,0,-273130,254,-122,-114,0,0,0,01,11,0,0
D,88417070,1004,2883,1,-273131,260,-122,-122,0,0,0,01,11,0,0
D,88418064,994,2883,0,-273131,255,-122,-122,0,0,0,01,11,0,0
D,88419058,994,2883,0,-273131,257,-122,-114,0,0,0,01,11,0,0
D,88420064,1006,2884,1,-273132,254,-122,-122,0,0,0,01,11,0,0
D,88421066,1002,2884,0,-273132,263,-121,-114,0,0,0,01,11,0,0
D,88422061,995,2885,1,-273133,258,-121,-122,0,0,0,01,11,0,0
D,88423064,1003,2885,0,-273133,258,-121,-118,0,0,0,01,11,0,0
D,88424103,1039,2886,1,-273134,296,-121,-118,0,0,0,01,11,0,0
D,88425048,945,2886,0,-273134,237,-121,-119,0,0,0,01,11,0,0
D,88426028,980,2887,1,-273135,225,-121,-118,0,0,0,01,11,0,0
D,88427032,1004,2887,0,-273135,222,-121,-118,0,0,0,01,11,0,0
D,88428022,990,2888,1,-273136,222,-121,-118,0,0,0,01,11,0,0
D,88429039,1017,2888,0,-273136,231,-121,-118,0,0,0,01,11,0,0
D,88430032,993,2889,1,-273137,222,-120,-118,0,0,0,01,11,0,0
D,88431022,990,2889,0,-273137,222,-120,-118,0,0,0,01,11,0,0
D,88432026,1004,2890,1,-273138,222,-120,-118,0,0,0,01,11,0,0
D,88433123,1097,2890,0,-273138,306,-120,-114,0,0,0,01,11,0,0
D,88434172,1049,2890,0,-273138,370,-120,-114,0,0,0,01,11,0,0
D,88435056,884,2891,1,-273139,250,-120,-114,0,0,0,01,11,0,0
D,88436067,1011,2891,0,-273139,252,-119,-114,0,0,0,01,11,0,0
D,88437071,1004,2892,1,-273140,260,-119,-114,0,0,0,01,11,0,0
D,88438063,992,2893,1,-273141,257,-119,-122,0,0,0,01,11,0,0
D,88439057,994,2893,0,-273141,257,-119,-114,0,0,0,01,11,0,0
D,88440063,1006,2893,0,-273141,253,-119,-114,0,0,0,01,11,0,0
D,88441067,1004,2894,1,-273142,266,-119,-122,0,0,0,01,11,0,0
D,88442057,990,2894,0,-273142,257,-119,-114,0,0,0,01,11,0,0
D,88443058,1001,2895,1,-273143,258,-119,-118,0,0,0,01,11,0,0
D,88444096,1038,2896,1,-273144,295,-119,-118,0,0,0,01,11,0,0
D,88445039,943,2896,0,-273144,238,-119,-119,0,0,0,01,11,0,0
D,88446037,998,2897,1,-273145,224,-119,-118,0,0,0,01,11,0,0
D,88447024,987,2897,0,-273145,222,-119,-118,0,0,0,01,11,0,0
D,88448028,1004,2897,0,-273145,222,-118,-110,0,0,0,01,11,0,0
D,88449042,1014,2898,1,-273146,231,-118,-118,0,0,0,01,11,0,0
D,88450021,979,2898,0,-273146,222,-118,-118,0,0,0,01,11,0,0
D,88451025,1004,2899,1,-273147,222,-118,-118,0,0,0,01,11,0,0
D,88452028,1003,2899,0,-273147,222,-118,-118,0,0,0,01,11,0,0
D,88453105,1077,2900,1,-273148,303,-118,-122,0,0,0,01,11,0,0
D,88454177,1072,2900,0,-273148,374,-118,-114,0,0,0,01,11,0,0
D,88455052,875,2901,1,-273149,246,-118,-122,0,0,0,01,11,0,0
D,88456069,1017,2901,0,-273149,255,-118,-114,0,0,0,01,11,0,0
D,88457061,992,2902,1,-273150,261,-118,-122,0,0,0,01,11,0,0
D,88458068,1007,2902,0,-273150,258,-118,-114,0,0,0,01,11,0,0
D,88459068,1000,2903,1,-273151,257,-118,-122,0,0,0,01,11,0,0
D,88460056,988,2903,0,-273151,251,-118,-114,0,0,0,01,11,0,0
D,88461070,1014,2903,0,-273151,261,-118,-114,0,0,0,01,11,0,0
D,88462062,992,2904,1,-273152,259,-118,-114,0,0,0,01,11,0,0
D,88463063,1001,2904,0,-273152,258,-118,-110,0,0,0,01,11,0,0
D,88464110,1047,2905,1,-273153,298,-118,-118,0,0,0,01,11,0,0
D,88465049,939,2905,0,-273153,237,-118,-119,0,0,0,01,11,0,0
D,88466028,979,2905,0,-273153,224,-117,-110,0,0,0,01,11,0,0
D,88467032,1004,2906,1,-273154,222,-117,-118,0,0,0,01,11,0,0
D,88468022,990,2906,0,-273154,222,-117,-110,0,0,0,01,11,0,0
D,88469039,1017,2907,1,-273155,231,-117,-110,0,0,0,01,11,0,0
D,88470032,993,2908,1,-273156,222,-117,-118,0,0,0,01,11,0,0
D,88471021,989,2908,0,-273156,222,-117,-118,0,0,0,01,11,0,0
D,88472025,1004,2908,0,-273156,222,-117,-110,0,0,0,01,11,0,0
D,88473106,1081,2909,1,-273157,305,-117,-114,0,0,0,01,11,0,0
D,88474180,1074,2909,0,-273157,375,-116,-105,0,0,0,01,11,0,0
D,88475063,883,2910,1,-273158,248,-116,-114,0,0,0,01,11,0,0
D,88476058,995,2910,0,-273158,253,-116,-106,0,0,0,01,11,0,0
D,88477072,1014,2911,1,-273159,260,-116,-114,0,0,0,01,11,0,0
D,88478066,994,2911,0,-273159,258,-115,-114,0,0,0,01,11,0,0
D,88479064,998,2912,1,-273160,254,-115,-114,0,0,0,01,11,0,0
D,88480068,1004,2912,0,-273160,254,-115,-114,0,0,0,01,11,0,0
D,88481072,1004,2912,0,-273160,262,-115,-106,0,0,0,01,11,0,0
D,88482063,991,2913,1,-273161,259,-115,-114,0,0,0,01,11,0,0
D,88483058,995,2913,0,-273161,256,-115,-110,0,0,0,01,11,0,0
D,88484099,1041,2914,1,-273162,295,-115,-110,0,0,0,01,11,0,0
D,88485042,943,2914,0,-273162,237,-114,-111,0,0,0,01,11,0,0
D,88486024,982,2915,1,-273163,224,-114,-110,0,0,0,01,11,0,0
D,88487029,1005,2915,0,-273163,222,-114,-110,0,0,0,01,11,0,0
D,88488033,1004,2916,1,-273164,222,-114,-110,0,0,0,01,11,0,0
D,88489036,1003,2916,0,-273164,231,-114,-110,0,0,0,01,11,0,0
D,88490029,993,2917,1,-273165,222,-114,-110,0,0,0,01,11,0,0
D,88491033,1004,2917,0,-273165,222,-114,-110,0,0,0,01,11,0,0
D,88492024,991,2918,1,-273166,222,-114,-118,0,0,0,01,11,0,0
D,88493105,1081,2918,0,-273166,305,-114,-114,0,0,0,01,11,0,0
D,88494177,1072,2919,1,-273167,377,-114,-114,0,0,0,01,11,0,0
D,88495056,879,2919,0,-273167,245,-114,-114,0,0,0,01,11,0,0
D,88496067,1011,2919,0,-273167,255,-114,-114,0,0,0,01,11,0,0
D,88497069,1002,2920,1,-273168,260,-114,-114,0,0,0,01,11,0,0
D,88498067,998,2920,0,-273168,258,-114,-114,0,0,0,01,11,0,0
D,88499064,997,2921,1,-273169,257,-114,-114,0,0,0,01,11,0,0
D,88500055,991,2921,0,-273169,254,-113,-106,0,0,0,01,11,0,0
D,88501074,1019,2922,1,-273170,263,-113,-114,0,0,0,01,11,0,0
D,88502063,989,2922,0,-273170,255,-113,-114,0,0,0,01,11,0,0
D,88503055,992,2923,1,-273171,255,-114,-118,0,0,0,01,11,0,0
D,88504102,1047,2923,0,-273171,297,-113,-110,0,0,0,01,11,0,0
D,88505042,940,2924,1,-273172,237,-114,-119,0,0,0,01,11,0,0
D,88506024,982,2924,0,-273172,224,-114,-110,0,0,0,01,11,0,0
D,88507028,1004,2925,1,-273173,222,-114,-118,0,0,0,01,11,0,0
D,88508032,1004,2925,0,-273173,222,-114,-110,0,0,0,01,11,0,0
D,88509037,1005,2925,0,-273173,232,-113,-110,0,0,0,01,11,0,0
D,88510029,992,2926,1,-273174,222,-113,-110,0,0,0,01,11,0,0
D,88511034,1005,2926,0,-273174,222,-113,-110,0,0,0,01,11,0,0
D,88512025,991,2926,0,-273174,222,-113,-110,0,0,0,01,11,0,0
D,88513107,1082,2927,1,-273175,305,-113,-114,0,0,0,01,11,0,0
D,88514187,1080,2928,1,-273176,376,-113,-114,0,0,0,01,11,0,0
D,88515064,877,2928,0,-273176,249,-113,-114,0,0,0,01,11,0,0
D,88516059,995,2929,1,-273177,253,-113,-114,0,0,0,01,11,0,0
D,88517069,1010,2929,0,-273177,261,-113,-114,0,0,0,01,11,0,0
D,88518066,997,2930,1,-273178,254,-113,-114,0,0,0,01,11,0,0
D,88519065,999,2930,0,-273178,257,-113,-114,0,0,0,01,11,0,0
D,88520061,996,2930,0,-273178,250,-113,-106,0,0,0,01,11,0,0
D,88521066,1005,2931,1,-273179,266,-113,-114,0,0,0,01,11,0,0
D,88522072,1006,2931,0,-273179,258,-113,-106,0,0,0,01,11,0,0
D,88523054,982,2932,1,-273180,254,-113,-110,0,0,0,01,11,0,0
D,88524106,1052,2932,0,-273180,295,-113,-110,0,0,0,01,11,0,0
D,88525052,946,2932,0,-273180,238,-112,-103,0,0,0,01,11,0,0
D,88526032,980,2933,1,-273181,224,-112,-110,0,0,0,01,11,0,0
D,88527021,989,2933,0,-273181,222,-112,-110,0,0,0,01,11,0,0
D,88528025,1004,2934,1,-273182,222,-112,-110,0,0,0,01,11,0,0
D,88529039,1014,2934,0,-273182,231,-112,-110,0,0,0,01,11,0,0
D,88530032,993,2935,1,-273183,222,-112,-110,0,0,0,01,11,0,0
D,88531021,989,2935,0,-273183,222,-112,-110,0,0,0,01,11,0,0
D,88532025,1004,2936,1,-273184,222,-112,-110,0,0,0,01,11,0,0
D,88533120,1095,2936,0,-273184,304,-111,-106,0,0,0,01,11,0,0
D,88534195,1075,2937,1,-273185,384,-112,-114,0,0,0,01,11,0,0
D,88535057,862,2937,0,-273185,245,-111,-106,0,0,0,01,11,0,0
D,88536054,997,2937,0,-273185,254,-111,-106,0,0,0,01,11,0,0
D,88537072,1018,2938,1,-273186,260,-111,-106,0,0,0,01,11,0,0
D,88538068,996,2938,0,-273186,258,-111,-106,0,0,0,01,11,0,0
D,88539062,994,2939,1,-273187,254,-111,-114,0,0,0,01,11,0,0
D,88540064,1002,2939,0,-273187,254,-111,-106,0,0,0,01,11,0,0
D,88541064,1000,2939,0,-273187,262,-110,-106,0,0,0,01,11,0,0
D,88542064,1000,2940,1,-273188,258,-111,-114,0,0,0,01,11,0,0
D,88543062,998,2940,0,-273188,257,-111,-110,0,0,0,01,11,0,0
D,88544105,1043,2941,1,-273189,296,-111,-110,0,0,0,01,11,0,0
D,88545043,938,2941,0,-273189,237,-110,-103,0,0,0,01,11,0,0
D,88546025,982,2942,1,-273190,224,-110,-110,0,0,0,01,11,0,0
D,88547029,1004,2942,0,-273190,222,-110,-102,0,0,0,01,11,0,0
D,88548032,1003,2943,1,-273191,222,-110,-110,0,0,0,01,11,0,0
D,88549037,1005,2943,0,-273191,231,-110,-102,0,0,0,01,11,0,0
D,88550029,992,2943,0,-273191,222,-109,-103,0,0,0,01,11,0,0
D,88551034,1005,2944,1,-273192,222,-109,-110,0,0,0,01,11,0,0
D,88552025,991,2944,0,-273192,222,-109,-103,0,0,0,01,11,0,0
D,88553107,1082,2945,1,-273193,308,-109,-106,0,0,0,01,11,0,0
D,88554190,1083,2945,0,-273193,380,-109,-105,0,0,0,01,11,0,0
D,88555050,860,2946,1,-273194,249,-109,-110,0,0,0,01,11,0,0
D,88556066,1016,2946,0,-273194,254,-109,-106,0,0,0,01,11,0,0
D,88557071,1005,2946,0,-273194,260,-109,-106,0,0,0,01,11,0,0
D,88558071,1000,2947,1,-273195,259,-109,-106,0,0,0,01,11,0,0
D,88559068,997,2947,0,-273195,257,-108,-106,0,0,0,01,11,0,0
D,88560061,993,2947,0,-273195,254,-108,-98,0,0,0,01,11,0,0
D,88561063,1002,2948,1,-273196,263,-108,-106,0,0,0,01,11,0,0
D,88562065,1002,2949,1,-273197,259,-108,-106,0,0,0,01,11,0,0
D,88563062,997,2949,0,-273197,258,-108,-102,0,0,0,01,11,0,0
D,88564097,1035,2949,0,-273197,297,-107,-102,0,0,0,01,11,0,0
D,88565040,943,2950,1,-273198,237,-107,-103,0,0,0,01,11,0,0
D,88566035,995,2950,0,-273198,224,-107,-102,0,0,0,01,11,0,0
D,88567024,989,2950,0,-273198,222,-107,-102,0,0,0,01,11,0,0
D,88568028,1004,2951,1,-273199,222,-107,-103,0,0,0,01,11,0,0
D,88569043,1015,2951,0,-273199,231,-107,-102,0,0,0,01,11,0,0
D,88570022,979,2952,1,-273200,222,-106,-103,0,0,0,01,11,0,0
D,88571026,1004,2952,0,-273200,222,-106,-103,0,0,0,01,11,0,0
D,88572029,1003,2952,0,-273200,222,-106,-102,0,0,0,01,11,0,0
D,88573116,1087,2953,1,-273201,304,-106,-106,0,0,0,01,11,0,0
D,88574185,1069,2953,0,-273201,380,-106,-97,0,0,0,01,11,0,0
D,88575046,861,2954,1,-273202,246,-106,-106,0,0,0,01,11,0,0
D,88576061,1015,2954,0,-273202,257,-105,-98,0,0,0,01,11,0,0
D,88577072,1011,2955,1,-273203,258,-105,-106,0,0,0,01,11,0,0
D,88578069,997,2955,0,-273203,257,-105,-98,0,0,0,01,11,0,0
D,88579060,991,2955,0,-273203,257,-105,-98,0,0,0,01,11,0,0
D,88580062,1002,2956,1,-273204,251,-105,-106,0,0,0,01,11,0,0
D,88581075,1013,2956,0,-273204,260,-105,-98,0,0,0,01,11,0,0
D,88582067,992,2957,1,-273205,257,-105,-106,0,0,0,01,11,0,0
D,88583071,1004,2957,0,-273205,255,-104,-102,0,0,0,01,11,0,0
D,88584096,1025,2958,1,-273206,296,-104,-102,0,0,0,01,11,0,0
D,88585037,941,2958,0,-273206,234,-104,-103,0,0,0,01,11,0,0
D,88586033,996,2958,0,-273206,225,-104,-95,0,0,0,01,11,0,0
D,88587021,988,2959,1,-273207,222,-104,-103,0,0,0,01,11,0,0
D,88588025,1004,2959,0,-273207,222,-104,-103,0,0,0,01,11,0,0
D,88589039,1014,2960,1,-273208,231,-104,-102,0,0,0,01,11,0,0
D,88590032,993,2960,0,-273208,222,-104,-103,0,0,0,01,11,0,0
D,88591021,989,2961,1,-273209,222,-104,-110,0,0,0,01,11,0,0
D,88592025,1004,2961,0,-273209,222,-104,-103,0,0,0,01,11,0,0
D,88593120,1095,2961,0,-273209,307,-104,-97,0,0,0,01,11,0,0
D,88594184,1064,2962,1,-273210,378,-104,-105,0,0,0,01,11,0,0
D,88595064,880,2962,0,-273210,249,-104,-98,0,0,0,01,11,0,0
D,88596061,997,2962,0,-273210,253,-103,-98,0,0,0,01,11,0,0
D,88597071,1010,2963,1,-273211,260,-103,-106,0,0,0,01,11,0,0
D,88598070,999,2963,0,-273211,258,-103,-98,0,0,0,01,11,0,0
D,88599065,995,2964,1,-273212,254,-103,-106,0,0,0,01,11,0,0
D,88600058,993,2964,0,-273212,254,-103,-98,0,0,0,01,11,0,0
D,88601074,1016,2965,1,-273213,262,-103,-106,0,0,0,01,11,0,0
D,88602069,995,2965,0,-273213,258,-103,-106,0,0,0,01,11,0,0
D,88603062,993,2965,0,-273213,256,-103,-102,0,0,0,01,11,0,0
D,88604111,1049,2966,1,-273214,297,-103,-102,0,0,0,01,11,0,0
D,88605052,941,2966,0,-273214,237,-103,-98,0,0,0,01,11,0,0
D,88606031,979,2967,1,-273215,225,-103,-102,0,0,0,01,11,0,0
D,88607021,990,2967,0,-273215,222,-103,-103,0,0,0,01,11,0,0
D,88608025,1004,2968,1,-273216,222,-103,-103,0,0,0,01,11,0,0
D,88609039,1014,2968,0,-273216,231,-103,-102,0,0,0,01,11,0,0
D,88610032,993,2968,0,-273216,222,-103,-102,0,0,0,01,11,0,0
D,88611021,989,2968,0,-273216,222,-103,-95,0,0,0,01,11,0,0
D,88612025,1004,2969,1,-273217,222,-103,-103,0,0,0,01,11,0,0
D,88613108,1083,2969,0,-273217,304,-102,-98,0,0,0,01,11,0,0
D,88614179,1071,2970,1,-273218,377,-102,-97,0,0,0,01,11,0,0
D,88615056,877,2970,0,-273218,245,-102,-98,0,0,0,01,11,0,0
D,88616068,1012,2970,0,-273218,255,-102,-98,0,0,0,01,11,0,0
D,88617073,1005,2971,1,-273219,260,-102,-97,0,0,0,01,11,0,0
D,88618070,997,2971,0,-273219,258,-101,-98,0,0,0,01,11,0,0
D,88619068,998,2972,1,-273220,254,-101,-98,0,0,0,01,11,0,0
D,88620056,988,2972,0,-273220,254,-101,-98,0,0,0,01,11,0,0
D,88621072,1016,2973,1,-273221,263,-101,-97,0,0,0,01,11,0,0
D,88622064,992,2973,0,-273221,259,-101,-98,0,0,0,01,11,0,0
D,88623064,1000,2973,0,-273221,258,-101,-94,0,0,0,01,11,0,0
D,88624107,1043,2974,1,-273222,296,-101,-102,0,0,0,01,11,0,0
D,88625048,941,2974,0,-273222,237,-100,-95,0,0,0,01,11,0,0
D,88626028,980,2974,0,-273222,224,-100,-95,0,0,0,01,11,0,0
D,88627033,1005,2975,1,-273223,222,-100,-102,0,0,0,01,11,0,0
D,88628024,991,2975,0,-273223,222,-100,-95,0,0,0,01,11,0,0
D,88629040,1016,2976,1,-273224,231,-100,-102,0,0,0,01,11,0,0
D,88630033,993,2976,0,-273224,222,-100,-95,0,0,0,01,11,0,0
D,88631024,991,2977,1,-273225,222,-100,-102,0,0,0,01,11,0,0
D,88632028,1004,2977,0,-273225,222,-100,-95,0,0,0,01,11,0,0
D,88633107,1079,2977,0,-273225,305,-100,-98,0,0,0,01,11,0,0
D,88634182,1075,2978,1,-273226,376,-100,-97,0,0,0,01,11,0,0
D,88635048,866,2978,0,-273226,248,-100,-95,0,0,0,01,11,0,0
D,88636063,1015,2979,1,-273227,253,-99,-98,0,0,0,01,11,0,0
D,88637069,1006,2979,0,-273227,260,-99,-98,0,0,0,01,11,0,0
D,88638068,999,2979,0,-273227,258,-99,-89,0,0,0,01,11,0,0
D,88639066,998,2980,1,-273228,258,-99,-98,0,0,0,01,11,0,0
D,88640053,987,2980,0,-273228,254,-99,-98,0,0,0,01,11,0,0
D,88641071,1018,2981,1,-273229,263,-99,-106,0,0,0,01,11,0,0
D,88642065,994,2981,0,-273229,258,-99,-98,0,0,0,01,11,0,0
D,88643068,1003,2982,1,-273230,257,-99,-102,0,0,0,01,11,0,0
D,88644096,1028,2982,0,-273230,295,-99,-102,0,0,0,01,11,0,0
D,88645048,952,2982,0,-273230,237,-99,-95,0,0,0,01,11,0,0
D,88646027,979,2982,0,-273230,224,-99,-95,0,0,0,01,11,0,0
D,88647032,1005,2983,1,-273231,222,-99,-103,0,0,0,01,11,0,0
D,88648022,990,2983,0,-273231,222,-99,-95,0,0,0,01,11,0,0
D,88649039,1017,2984,1,-273232,231,-99,-102,0,0,0,01,11,0,0
D,88650032,993,2984,0,-273232,222,-99,-95,0,0,0,01,11,0,0
D,88651022,990,2984,0,-273232,222,-99,-95,0,0,0,01,11,0,0
D,88652025,1003,2985,1,-273233,222,-99,-95,0,0,0,01,11,0,0
D,88653105,1080,2985,0,-273233,304,-99,-98,0,0,0,01,11,0,0
D,88654182,1077,2986,1,-273234,378,-98,-97,0,0,0,01,11,0,0
D,88655045,863,2986,0,-273234,245,-98,-95,0,0,0,01,11,0,0
D,88656059,1014,2986,0,-273234,254,-98,-98,0,0,0,01,11,0,0
D,88657072,1013,2987,1,-273235,260,-98,-98,0,0,0,01,11,0,0
D,88658071,999,2987,0,-273235,259,-98,-98,0,0,0,01,11,0,0
D,88659064,993,2988,1,-273236,254,-98,-98,0,0,0,01,11,0,0
D,88660055,991,2988,0,-273236,254,-98,-98,0,0,0,01,11,0,0
D,88661075,1020,2989,1,-273237,263,-98,-97,0,0,0,01,11,0,0
D,88662065,990,2989,0,-273237,255,-98,-98,0,0,0,01,11,0,0
D,88663064,999,2989,0,-273237,258,-98,-94,0,0,0,01,11,0,0
D,88664103,1039,2989,0,-273237,297,-98,-95,0,0,0,01,11,0,0
D,88665043,940,2990,1,-273238,237,-98,-95,0,0,0,01,11,0,0
D,88666025,982,2990,0,-273238,224,-98,-95,0,0,0,01,11,0,0
D,88667028,1003,2990,0,-273238,222,-97,-87,0,0,0,01,11,0,0
D,88668032,1004,2991,1,-273239,222,-97,-95,0,0,0,01,11,0,0
D,88669046,1014,2991,0,-273239,231,-97,-95,0,0,0,01,11,0,0
D,88670024,978,2992,1,-273240,222,-97,-95,0,0,0,01,11,0,0
D,88671028,1004,2992,0,-273240,222,-97,-95,0,0,0,01,11,0,0
D,88672032,1004,2993,1,-273241,222,-97,-95,0,0,0,01,11,0,0
D,88673117,1085,2993,0,-273241,305,-96,-89,0,0,0,01,11,0,0
D,88674172,1055,2993,0,-273241,371,-96,-89,0,0,0,01,11,0,0
D,88675054,882,2994,1,-273242,248,-96,-98,0,0,0,01,11,0,0
D,88676068,1014,2994,0,-273242,253,-96,-98,0,0,0,01,11,0,0
D,88677071,1003,2994,0,-273242,260,-96,-89,0,0,0,01,11,0,0
D,88678071,1000,2995,1,-273243,259,-96,-97,0,0,0,01,11,0,0
D,88679070,999,2995,0,-273243,258,-96,-89,0,0,0,01,11,0,0
D,88680061,991,2995,0,-273243,254,-96,-89,0,0,0,01,11,0,0
D,88681067,1006,2996,1,-273244,266,-96,-98,0,0,0,01,11,0,0
D,88682064,997,2996,0,-273244,258,-95,-89,0,0,0,01,11,0,0
D,88683069,1005,2997,1,-273245,258,-95,-94,0,0,0,01,11,0,0
D,88684103,1034,2997,0,-273245,298,-95,-95,0,0,0,01,11,0,0
D,88685045,942,2997,0,-273245,237,-95,-90,0,0,0,01,11,0,0
D,88686027,982,2997,0,-273245,224,-95,-87,0,0,0,01,11,0,0
D,88687032,1005,2998,1,-273246,222,-95,-95,0,0,0,01,11,0,0
D,88688022,990,2998,0,-273246,222,-94,-87,0,0,0,01,11,0,0
D,88689039,1017,2999,1,-273247,231,-94,-95,0,0,0,01,11,0,0
D,88690032,993,2999,0,-273247,222,-94,-87,0,0,0,01,11,0,0
D,88691022,990,2999,0,-273247,222,-94,-87,0,0,0,01,11,0,0
D,88692025,1003,3000,1,-273248,222,-94,-87,0,0,0,01,11,0,0
D,88693104,1079,3000,0,-273248,302,-93,-89,0,0,0,01,11,0,0
D,88694177,1073,3001,1,-273249,378,-94,-97,0,0,0,01,11,0,0
D,88695058,881,3001,0,-273249,245,-93,-89,0,0,0,01,11,0,0
D,88696067,1009,3001,0,-273249,255,-93,-89,0,0,0,01,11,0,0
D,88697072,1005,3002,1,-273250,260,-93,-98,0,0,0,01,11,0,0
D,88698067,995,3002,0,-273250,258,-93,-89,0,0,0,01,11,0,0
D,88699063,996,3003,1,-273251,254,-93,-98,0,0,0,01,11,0,0
D,88700067,1004,3003,0,-273251,254,-93,-89,0,0,0,01,11,0,0
D,88701070,1003,3003,0,-273251,262,-93,-89,0,0,0,01,11,0,0
D,88702061,991,3003,0,-273251,258,-93,-81,0,0,0,01,11,0,0
D,88703071,1010,3004,1,-273252,255,-92,-87,0,0,0,01,11,0,0
D,88704111,1040,3004,0,-273252,297,-92,-87,0,0,0,01,11,0,0
D,88705044,933,3005,1,-273253,237,-92,-95,0,0,0,01,11,0,0
D,88706027,983,3005,0,-273253,225,-92,-87,0,0,0,01,11,0,0
D,88707031,1004,3005,0,-273253,222,-92,-87,0,0,0,01,11,0,0
D,88708021,990,3006,1,-273254,222,-92,-95,0,0,0,01,11,0,0
D,88709039,1018,3006,0,-273254,231,-92,-87,0,0,0,01,11,0,0
D,88710032,993,3006,0,-273254,222,-92,-87,0,0,0,01,11,0,0
D,88711021,989,3007,1,-273255,222,-92,-95,0,0,0,01,11,0,0
D,88712025,1004,3007,0,-273255,222,-91,-87,0,0,0,01,11,0,0
D,88713120,1095,3008,1,-273256,305,-91,-89,0,0,0,01,11,0,0
D,88714191,1071,3008,0,-273256,379,-91,-89,0,0,0,01,11,0,0
D,88715054,863,3008,0,-273256,248,-91,-89,0,0,0,01,11,0,0
D,88716052,998,3009,1,-273257,253,-91,-98,0,0,0,01,11,0,0
D,88717074,1022,3009,0,-273257,261,-91,-89,0,0,0,01,11,0,0
D,88718071,997,3010,1,-273258,259,-92,-97,0,0,0,01,11,0,0
D,88719070,999,3010,0,-273258,258,-92,-89,0,0,0,01,11,0,0
D,88720061,991,3010,0,-273258,254,-91,-89,0,0,0,01,11,0,0
D,88721076,1015,3010,0,-273258,261,-91,-89,0,0,0,01,11,0,0
D,88722067,991,3010,0,-273258,255,-91,-81,0,0,0,01,11,0,0
D,88723058,991,3011,1,-273259,255,-91,-87,0,0,0,01,11,0,0
D,88724095,1037,3011,0,-273259,295,-91,-87,0,0,0,01,11,0,0
D,88725052,957,3012,1,-273260,237,-91,-87,0,0,0,01,11,0,0
D,88726030,978,3012,0,-273260,224,-90,-87,0,0,0,01,11,0,0
D,88727034,1004,3012,0,-273260,222,-90,-87,0,0,0,01,11,0,0
D,88728025,991,3013,1,-273261,222,-90,-87,0,0,0,01,11,0,0
D,88729039,1014,3013,0,-273261,231,-90,-87,0,0,0,01,11,0,0
D,88730032,993,3014,1,-273262,222,-90,-87,0,0,0,01,11,0,0
D,88731022,990,3014,0,-273262,222,-90,-87,0,0,0,01,11,0,0
D,88732025,1003,3014,0,-273262,222,-90,-87,0,0,0,01,11,0,0
D,88733109,1084,3015,1,-273263,309,-90,-89,0,0,0,01,11,0,0
D,88734175,1066,3015,0,-273263,371,-90,-89,0,0,0,01,11,0,0
D,88735061,886,3016,1,-273264,249,-90,-89,0,0,0,01,11,0,0
D,88736058,997,3016,0,-273264,254,-90,-89,0,0,0,01,11,0,0
D,88737072,1014,3016,0,-273264,260,-90,-89,0,0,0,01,11,0,0
D,88738069,997,3017,1,-273265,258,-90,-89,0,0,0,01,11,0,0
D,88739064,995,3017,0,-273265,254,-90,-89,0,0,0,01,11,0,0
D,88740055,991,3017,0,-273265,254,-90,-89,0,0,0,01,11,0,0
D,88741073,1018,3017,0,-273265,263,-89,-81,0,0,0,01,11,0,0
D,88742060,987,3018,1,-273266,255,-89,-89,0,0,0,01,11,0,0
D,88743059,999,3018,0,-273266,258,-89,-87,0,0,0,01,11,0,0
D,88744102,1043,3019,1,-273267,296,-89,-87,0,0,0,01,11,0,0
D,88745046,944,3019,0,-273267,237,-89,-87,0,0,0,01,11,0,0
D,88746028,982,3019,0,-273267,225,-89,-87,0,0,0,01,11,0,0
D,88747032,1004,3020,1,-273268,222,-89,-87,0,0,0,01,11,0,0
D,88748022,990,3020,0,-273268,222,-89,-87,0,0,0,01,11,0,0
D,88749039,1017,3020,0,-273268,231,-88,-79,0,0,0,01,11,0,0
D,88750032,993,3021,1,-273269,222,-88,-87,0,0,0,01,11,0,0
D,88751022,990,3021,0,-273269,222,-88,-87,0,0,0,01,11,0,0
D,88752025,1003,3022,1,-273270,222,-88,-95,0,0,0,01,11,0,0
D,88753120,1095,3022,0,-273270,307,-88,-89,0,0,0,01,11,0,0
D,88754184,1064,3022,0,-273270,376,-89,-89,0,0,0,01,11,0,0
D,88755062,878,3023,1,-273271,249,-89,-89,0,0,0,01,11,0,0
D,88756057,995,3023,0,-273271,253,-89,-89,0,0,0,01,11,0,0
D,88757068,1011,3023,0,-273271,260,-89,-89,0,0,0,01,11,0,0
D,88758068,1000,3023,0,-273271,258,-88,-81,0,0,0,01,11,0,0
D,88759064,996,3024,1,-273272,253,-88,-89,0,0,0,01,11,0,0
D,88760053,989,3024,0,-273272,254,-88,-81,0,0,0,01,11,0,0
D,88761075,1022,3025,1,-273273,263,-88,-89,0,0,0,01,11,0,0
D,88762069,994,3025,0,-273273,259,-88,-89,0,0,0,01,11,0,0
D,88763067,998,3025,0,-273273,254,-88,-87,0,0,0,01,11,0,0
D,88764108,1041,3026,1,-273274,298,-88,-87,0,0,0,01,11,0,0
D,88765049,941,3026,0,-273274,237,-88,-87,0,0,0,01,11,0,0
D,88766028,979,3026,0,-273274,224,-88,-79,0,0,0,01,11,0,0
D,88767032,1004,3027,1,-273275,222,-88,-87,0,0,0,01,11,0,0
D,88768022,990,3027,0,-273275,222,-88,-87,0,0,0,01,11,0,0
D,88769039,1017,3027,0,-273275,231,-87,-79,0,0,0,01,11,0,0
D,88770032,993,3028,1,-273276,222,-87,-87,0,0,0,01,11,0,0
D,88771022,990,3028,0,-273276,222,-87,-87,0,0,0,01,11,0,0
D,88772025,1003,3028,0,-273276,222,-87,-87,0,0,0,01,11,0,0
D,88773122,1097,3029,1,-273277,306,-87,-89,0,0,0,01,11,0,0
D,88774182,1060,3029,0,-273277,377,-87,-81,0,0,0,01,11,0,0
D,88775060,878,3029,0,-273277,249,-87,-81,0,0,0,01,11,0,0
D,88776055,995,3030,1,-273278,254,-87,-89,0,0,0,01,11,0,0
D,88777069,1014,3030,0,-273278,260,-87,-81,0,0,0,01,11,0,0
D,88778067,998,3030,0,-273278,258,-86,-81,0,0,0,01,11,0,0
D,88779063,996,3031,1,-273279,254,-87,-89,0,0,0,01,11,0,0
D,88780064,1001,3031,0,-273279,251,-86,-81,0,0,0,01,11,0,0
D,88781061,997,3031,0,-273279,261,-86,-81,0,0,0,01,11,0,0
D,88782059,998,3032,1,-273280,258,-86,-81,0,0,0,01,11,0,0
D,88783058,999,3032,0,-273280,257,-86,-79,0,0,0,01,11,0,0
D,88784099,1041,3033,1,-273281,295,-86,-87,0,0,0,01,11,0,0
D,88785041,942,3033,0,-273281,237,-86,-87,0,0,0,01,11,0,0
D,88786037,996,3033,0,-273281,224,-86,-79,0,0,0,01,11,0,0
D,88787024,987,3033,0,-273281,222,-85,-79,0,0,0,01,11,0,0
D,88788028,1004,3034,1,-273282,222,-85,-87,0,0,0,01,11,0,0
D,88789042,1014,3034,0,-273282,231,-85,-87,0,0,0,01,11,0,0
D,88790021,979,3034,0,-273282,222,-85,-79,0,0,0,01,11,0,0
D,88791025,1004,3035,1,-273283,222,-85,-87,0,0,0,01,11,0,0
D,88792028,1003,3035,0,-273283,222,-85,-79,0,0,0,01,11,0,0
D,88793110,1082,3036,1,-273284,306,-85,-89,0,0,0,01,11,0,0
D,88794187,1077,3036,0,-273284,377,-85,-81,0,0,0,01,11,0,0
D,88795051,864,3036,0,-273284,248,-85,-81,0,0,0,01,11,0,0
D,88796063,1012,3037,1,-273285,253,-85,-89,0,0,0,01,11,0,0
D,88797071,1008,3037,0,-273285,261,-85,-81,0,0,0,01,11,0,0
D,88798065,994,3037,0,-273285,255,-85,-81,0,0,0,01,11,0,0
D,88799061,996,3038,1,-273286,258,-85,-89,0,0,0,01,11,0,0
D,88800050,989,3038,0,-273286,251,-85,-81,0,0,0,01,11,0,0
D,88801066,1016,3038,0,-273286,262,-85,-81,0,0,0,01,11,0,0
D,88802061,995,3039,1,-273287,259,-85,-89,0,0,0,01,11,0,0
D,88803059,998,3039,0,-273287,255,-85,-87,0,0,0,01,11,0,0
D,88804100,1041,3039,0,-273287,296,-85,-79,0,0,0,01,11,0,0
D,88805047,947,3039,0,-273287,237,-84,-79,0,0,0,01,11,0,0
D,88806028,981,3040,1,-273288,225,-85,-87,0,0,0,01,11,0,0
D,88807032,1004,3040,0,-273288,222,-84,-79,0,0,0,01,11,0,0
D,88808022,990,3040,0,-273288,222,-84,-79,0,0,0,01,11,0,0
D,88809039,1017,3040,0,-273288,231,-84,-79,0,0,0,01,11,0,0
D,88810032,993,3041,1,-273289,222,-84,-79,0,0,0,01,11,0,0
D,88811022,990,3041,0,-273289,222,-84,-79,0,0,0,01,11,0,0
D,88812025,1003,3041,0,-273289,222,-83,-79,0,0,0,01,11,0,0
D,88813118,1093,3042,1,-273290,305,-83,-81,0,0,0,01,11,0,0
D,88814198,1080,3042,0,-273290,386,-83,-73,0,0,0,01,11,0,0
D,88815058,860,3043,1,-273291,246,-83,-81,0,0,0,01,11,0,0
D,88816069,1011,3043,0,-273291,254,-83,-81,0,0,0,01,11,0,0
D,88817073,1004,3043,0,-273291,260,-83,-81,0,0,0,01,11,0,0
D,88818063,990,3044,1,-273292,256,-83,-81,0,0,0,01,11,0,0
D,88819057,994,3044,0,-273292,257,-83,-81,0,0,0,01,11,0,0
D,88820058,1001,3044,0,-273292,251,-82,-81,0,0,0,01,11,0,0
D,88821069,1011,3045,1,-273293,262,-82,-81,0,0,0,01,11,0,0
D,88822061,992,3045,0,-273293,258,-82,-81,0,0,0,01,11,0,0
D,88823070,1009,3045,0,-273293,255,-82,-79,0,0,0,01,11,0,0
D,88824097,1027,3045,0,-273293,295,-82,-71,0,0,0,01,11,0,0
D,88825050,953,3046,1,-273294,237,-82,-79,0,0,0,01,11,0,0
D,88826031,981,3046,0,-273294,225,-82,-79,0,0,0,01,11,0,0
D,88827034,1003,3046,0,-273294,221,-81,-71,0,0,0,01,11,0,0
D,88828025,991,3047,1,-273295,222,-81,-79,0,0,0,01,11,0,0
D,88829039,1014,3047,0,-273295,231,-81,-79,0,0,0,01,11,0,0
D,88830032,993,3047,0,-273295,222,-81,-71,0,0,0,01,11,0,0
D,88831022,990,3047,0,-273295,222,-80,-71,0,0,0,01,11,0,0
D,88832025,1003,3048,1,-273296,222,-80,-79,0,0,0,01,11,0,0
D,88833108,1083,3048,0,-273296,309,-80,-73,0,0,0,01,11,0,0
D,88834188,1080,3049,1,-273297,376,-80,-81,0,0,0,01,11,0,0
D,88835062,874,3049,0,-273297,249,-80,-81,0,0,0,01,11,0,0
D,88836064,1002,3049,0,-273297,254,-80,-73,0,0,0,01,11,0,0
D,88837071,1007,3049,0,-273297,260,-79,-73,0,0,0,01,11,0,0
D,88838070,999,3050,1,-273298,259,-80,-81,0,0,0,01,11,0,0
D,88839067,997,3050,0,-273298,254,-80,-81,0,0,0,01,11,0,0
D,88840056,989,3051,1,-273299,254,-80,-81,0,0,0,01,11,0,0
D,88841075,1019,3051,0,-273299,263,-80,-81,0,0,0,01,11,0,0
D,88842064,989,3051,0,-273299,258,-80,-81,0,0,0,01,11,0,0
D,88843069,1005,3051,0,-273299,258,-80,-79,0,0,0,01,11,0,0
D,88844098,1029,3052,1,-273300,296,-80,-79,0,0,0,01,11,0,0
D,88845040,942,3052,0,-273300,237,-80,-79,0,0,0,01,11,0,0
D,88846036,996,3052,0,-273300,224,-79,-71,0,0,0,01,11,0,0
D,88847024,988,3053,1,-273301,222,-79,-79,0,0,0,01,11,0,0
D,88848028,1004,3053,0,-273301,222,-79,-79,0,0,0,01,11,0,0
D,88849041,1013,3053,0,-273301,231,-79,-71,0,0,0,01,11,0,0
D,88850021,980,3053,0,-273301,222,-79,-71,0,0,0,01,11,0,0
D,88851025,1004,3054,1,-273302,222,-79,-79,0,0,0,01,11,0,0
D,88852029,1004,3054,0,-273302,222,-78,-71,0,0,0,01,11,0,0
D,88853112,1083,3054,0,-273302,305,-78,-73,0,0,0,01,11,0,0
D,88854188,1076,3055,1,-273303,380,-78,-81,0,0,0,01,11,0,0
D,88855053,865,3055,0,-273303,245,-78,-73,0,0,0,01,11,0,0
D,88856067,1014,3055,0,-273303,255,-78,-73,0,0,0,01,11,0,0
D,88857069,1002,3056,1,-273304,260,-78,-81,0,0,0,01,11,0,0
D,88858066,997,3056,0,-273304,258,-78,-73,0,0,0,01,11,0,0
D,88859063,997,3056,0,-273304,257,-78,-73,0,0,0,01,11,0,0
D,88860054,991,3057,1,-273305,254,-78,-81,0,0,0,01,11,0,0
D,88861071,1017,3057,0,-273305,263,-78,-81,0,0,0,01,11,0,0
D,88862066,995,3057,0,-273305,259,-78,-73,0,0,0,01,11,0,0
D,88863069,1003,3058,1,-273306,258,-78,-79,0,0,0,01,11,0,0
D,88864096,1027,3058,0,-273306,295,-78,-79,0,0,0,01,11,0,0
D,88865051,955,3058,0,-273306,237,-78,-71,0,0,0,01,11,0,0
D,88866030,979,3059,1,-273307,225,-78,-79,0,0,0,01,11,0,0
D,88867034,1004,3059,0,-273307,222,-78,-79,0,0,0,01,11,0,0
D,88868024,990,3059,0,-273307,222,-78,-79,0,0,0,01,11,0,0
D,88869039,1015,3060,1,-273308,231,-78,-79,0,0,0,01,11,0,0
D,88870032,993,3060,0,-273308,222,-78,-79,0,0,0,01,11,0,0
D,88871022,990,3060,0,-273308,222,-78,-71,0,0,0,01,11,0,0
D,88872025,1003,3060,0,-273308,222,-77,-71,0,0,0,01,11,0,0
D,88873121,1096,3060,0,-273308,306,-77,-73,0,0,0,01,11,0,0
D,88874183,1062,3061,1,-273309,377,-77,-73,0,0,0,01,11,0,0
D,88875062,879,3061,0,-273309,249,-77,-73,0,0,0,01,11,0,0
D,88876064,1002,3061,0,-273309,252,-77,-73,0,0,0,01,11,0,0
D,88877070,1006,3062,1,-273310,260,-77,-73,0,0,0,01,11,0,0
D,88878055,985,3062,0,-273310,254,-76,-73,0,0,0,01,11,0,0
D,88879064,1009,3062,0,-273310,254,-76,-73,0,0,0,01,11,0,0
D,88880059,995,3063,1,-273311,254,-76,-81,0,0,0,01,11,0,0
D,88881077,1018,3063,0,-273311,262,-76,-73,0,0,0,01,11,0,0
D,88882062,985,3063,0,-273311,257,-76,-73,0,0,0,01,11,0,0
D,88883070,1008,3064,1,-273312,255,-76,-79,0,0,0,01,11,0,0
D,88884094,1024,3064,0,-273312,295,-76,-79,0,0,0,01,11,0,0
D,88885047,953,3064,0,-273312,238,-76,-71,0,0,0,01,11,0,0
D,88886028,981,3065,1,-273313,225,-76,-79,0,0,0,01,11,0,0
D,88887032,1004,3065,0,-273313,222,-76,-79,0,0,0,01,11,0,0
D,88888022,990,3065,0,-273313,222,-76,-71,0,0,0,01,11,0,0
D,88889039,1017,3065,0,-273313,231,-76,-71,0,0,0,01,11,0,0
D,88890032,993,3066,1,-273314,222,-76,-79,0,0,0,01,11,0,0
D,88891022,990,3066,0,-273314,222,-76,-71,0,0,0,01,11,0,0
D,88892025,1003,3066,0,-273314,222,-76,-71,0,0,0,01,11,0,0
D,88893108,1083,3066,0,-273314,305,-75,-65,0,0,0,01,11,0,0
D,88894186,1078,3067,1,-273315,384,-75,-73,0,0,0,01,11,0,0
D,88895049,863,3067,0,-273315,245,-75,-71,0,0,0,01,11,0,0
D,88896063,1014,3067,0,-273315,255,-75,-65,0,0,0,01,11,0,0
D,88897070,1007,3067,0,-273315,260,-74,-65,0,0,0,01,11,0,0
D,88898065,995,3068,1,-273316,255,-74,-73,0,0,0,01,11,0,0
D,88899061,996,3068,0,-273316,258,-74,-65,0,0,0,01,11,0,0
D,88900051,990,3068,0,-273316,251,-74,-65,0,0,0,01,11,0,0
D,88901080,1029,3069,1,-273317,265,-73,-73,0,0,0,01,11,0,0
D,88902060,980,3069,0,-273317,258,-73,-73,0,0,0,01,11,0,0
D,88903069,1009,3069,0,-273317,256,-73,-71,0,0,0,01,11,0,0
D,88904106,1037,3069,0,-273317,296,-73,-71,0,0,0,01,11,0,0
D,88905047,941,3070,1,-273318,237,-73,-71,0,0,0,01,11,0,0
D,88906027,980,3070,0,-273318,224,-73,-71,0,0,0,01,11,0,0
D,88907031,1004,3070,0,-273318,222,-73,-71,0,0,0,01,11,0,0
D,88908035,1004,3071,1,-273319,222,-73,-71,0,0,0,01,11,0,0
D,88909039,1004,3071,0,-273319,231,-73,-71,0,0,0,01,11,0,0
D,88910032,993,3071,0,-273319,222,-73,-71,0,0,0,01,11,0,0
D,88911022,990,3071,0,-273319,222,-72,-63,0,0,0,01,11,0,0
D,88912025,1003,3072,1,-273320,222,-72,-71,0,0,0,01,11,0,0
D,88913111,1086,3072,0,-273320,310,-72,-65,0,0,0,01,11,0,0
D,88914179,1068,3073,1,-273321,372,-72,-73,0,0,0,01,11,0,0
D,88915061,882,3073,0,-273321,253,-72,-73,0,0,0,01,11,0,0
D,88916056,995,3073,0,-273321,253,-72,-65,0,0,0,01,11,0,0
D,88917069,1013,3073,0,-273321,260,-72,-65,0,0,0,01,11,0,0
D,88918068,999,3073,0,-273321,258,-71,-65,0,0,0,01,11,0,0
D,88919063,995,3074,1,-273322,254,-71,-73,0,0,0,01,11,0,0
D,88920065,1002,3074,0,-273322,254,-71,-65,0,0,0,01,11,0,0
D,88921064,999,3074,0,-273322,262,-71,-65,0,0,0,01,11,0,0
D,88922056,992,3075,1,-273323,255,-71,-73,0,0,0,01,11,0,0
D,88923070,1014,3075,0,-273323,258,-71,-71,0,0,0,01,11,0,0
D,88924099,1029,3075,0,-273323,296,-71,-71,0,0,0,01,11,0,0
D,88925045,946,3076,1,-273324,237,-71,-71,0,0,0,01,11,0,0
D,88926027,982,3076,0,-273324,224,-71,-71,0,0,0,01,11,0,0
D,88927032,1005,3076,0,-273324,222,-71,-71,0,0,0,01,11,0,0
D,88928022,990,3076,0,-273324,222,-71,-71,0,0,0,01,11,0,0
D,88929039,1017,3077,1,-273325,231,-71,-71,0,0,0,01,11,0,0
D,88930032,993,3077,0,-273325,222,-71,-71,0,0,0,01,11,0,0
D,88931022,990,3077,0,-273325,222,-71,-71,0,0,0,01,11,0,0
D,88932025,1003,3078,1,-273326,222,-71,-71,0,0,0,01,11,0,0
D,88933120,1095,3078,0,-273326,305,-71,-73,0,0,0,01,11,0,0
D,88934177,1057,3078,0,-273326,377,-71,-73,0,0,0,01,11,0,0
D,88935057,880,3078,0,-273326,246,-71,-65,0,0,0,01,11,0,0
D,88936055,998,3079,1,-273327,254,-71,-73,0,0,0,01,11,0,0
D,88937060,1005,3079,0,-273327,260,-71,-73,0,0,0,01,11,0,0
D,88938069,1009,3079,0,-273327,258,-71,-65,0,0,0,01,11,0,0
D,88939068,999,3080,1,-273328,257,-71,-73,0,0,0,01,11,0,0
D,88940060,992,3080,0,-273328,254,-71,-73,0,0,0,01,11,0,0
D,88941077,1017,3080,0,-273328,262,-71,-73,0,0,0,01,11,0,0
D,88942065,988,3080,0,-273328,255,-71,-65,0,0,0,01,11,0,0
D,88943056,991,3081,1,-273329,256,-71,-71,0,0,0,01,11,0,0
D,88944096,1040,3081,0,-273329,297,-71,-71,0,0,0,01,11,0,0
D,88945040,944,3081,0,-273329,237,-71,-63,0,0,0,01,11,0,0
D,88946037,997,3081,0,-273329,224,-70,-63,0,0,0,01,11,0,0
D,88947024,987,3082,1,-273330,222,-70,-71,0,0,0,01,11,0,0
D,88948028,1004,3082,0,-273330,222,-70,-71,0,0,0,01,11,0,0
D,88949042,1014,3082,0,-273330,231,-70,-71,0,0,0,01,11,0,0
D,88950021,979,3082,0,-273330,222,-70,-63,0,0,0,01,11,0,0
D,88951025,1004,3083,1,-273331,222,-70,-71,0,0,0,01,11,0,0
D,88952028,1003,3083,0,-273331,222,-70,-71,0,0,0,01,11,0,0
D,88953122,1094,3083,0,-273331,305,-70,-65,0,0,0,01,11,0,0
D,88954182,1060,3084,1,-273332,376,-70,-73,0,0,0,01,11,0,0
D,88955060,878,3084,0,-273332,249,-70,-65,0,0,0,01,11,0,0
D,88956060,1000,3084,0,-273332,254,-70,-65,0,0,0,01,11,0,0
D,88957071,1011,3084,0,-273332,260,-70,-65,0,0,0,01,11,0,0
D,88958071,1000,3085,1,-273333,259,-70,-73,0,0,0,01,11,0,0
D,88959067,996,3085,0,-273333,254,-69,-65,0,0,0,01,11,0,0
D,88960058,991,3085,0,-273333,254,-69,-65,0,0,0,01,11,0,0
D,88961066,1008,3085,0,-273333,266,-69,-65,0,0,0,01,11,0,0
D,88962063,997,3086,1,-273334,259,-69,-65,0,0,0,01,11,0,0
D,88963068,1005,3086,0,-273334,258,-69,-63,0,0,0,01,11,0,0
D,88964103,1035,3086,0,-273334,297,-69,-63,0,0,0,01,11,0,0
D,88965041,938,3087,1,-273335,238,-69,-71,0,0,0,01,11,0,0
D,88966037,996,3087,0,-273335,224,-69,-71,0,0,0,01,11,0,0
D,88967024,987,3087,0,-273335,222,-68,-63,0,0,0,01,11,0,0
D,88968028,1004,3087,0,-273335,222,-68,-63,0,0,0,01,11,0,0
D,88969042,1014,3088,1,-273336,231,-68,-71,0,0,0,01,11,0,0
D,88970021,979,3088,0,-273336,222,-68,-63,0,0,0,01,11,0,0
D,88971025,1004,3088,0,-273336,222,-68,-63,0,0,0,01,11,0,0
D,88972028,1003,3088,0,-273336,222,-68,-63,0,0,0,01,11,0,0
D,88973113,1085,3089,1,-273337,303,-68,-65,0,0,0,01,11,0,0
D,88974189,1076,3089,0,-273337,380,-68,-65,0,0,0,01,11,0,0
D,88975049,860,3089,0,-273337,246,-67,-65,0,0,0,01,11,0,0
D,88976066,1017,3089,0,-273337,255,-67,-65,0,0,0,01,11,0,0
D,88977071,1005,3090,1,-273338,260,-67,-65,0,0,0,01,11,0,0
D,88978070,999,3090,0,-273338,258,-67,-65,0,0,0,01,11,0,0
D,88979066,996,3090,0,-273338,254,-67,-65,0,0,0,01,11,0,0
D,88980057,991,3090,0,-273338,254,-67,-65,0,0,0,01,11,0,0
D,88981076,1019,3091,1,-273339,263,-67,-65,0,0,0,01,11,0,0
D,88982072,996,3091,0,-273339,259,-67,-65,0,0,0,01,11,0,0
D,88983058,986,3091,0,-273339,258,-67,-63,0,0,0,01,11,0,0
D,88984109,1051,3091,0,-273339,297,-67,-63,0,0,0,01,11,0,0
D,88985039,930,3092,1,-273340,237,-66,-63,0,0,0,01,11,0,0
D,88986035,996,3092,0,-273340,224,-66,-63,0,0,0,01,11,0,0
D,88987024,989,3092,0,-273340,222,-66,-63,0,0,0,01,11,0,0
D,88988028,1004,3093,1,-273341,222,-66,-71,0,0,0,01,11,0,0
D,88989042,1014,3093,0,-273341,231,-66,-63,0,0,0,01,11,0,0
D,88990021,979,3093,0,-273341,222,-66,-63,0,0,0,01,11,0,0
D,88991025,1004,3093,0,-273341,222,-66,-63,0,0,0,01,11,0,0
D,88992028,1003,3094,1,-273342,222,-66,-71,0,0,0,01,11,0,0
D,88993110,1082,3094,0,-273342,306,-66,-65,0,0,0,01,11,0,0
D,88994182,1072,3094,0,-273342,375,-66,-65,0,0,0,01,11,0,0
D,88995063,881,3094,0,-273342,248,-66,-57,0,0,0,01,11,0,0
D,88996062,999,3094,0,-273342,254,-65,-57,0,0,0,01,11,0,0
D,88997071,1009,3095,1,-273343,260,-65,-65,0,0,0,01,11,0,0
D,88998067,996,3095,0,-273343,258,-65,-65,0,0,0,01,11,0,0
D,88999068,1001,3095,0,-273343,257,-65,-57,0,0,0,01,11,0,0
D,89000055,987,3095,0,-273343,255,-65,-57,0,0,0,01,11,0,0
D,89001074,1019,3096,1,-273344,263,-65,-65,0,0,0,01,11,0,0
D,89002064,990,3096,0,-273344,258,-65,-65,0,0,0,01,11,0,0
D,89003060,996,3096,0,-273344,256,-65,-63,0,0,0,01,11,0,0
D,89004099,1039,3097,1,-273345,297,-65,-63,0,0,0,01,11,0,0
D,89005045,946,3097,0,-273345,237,-65,-63,0,0,0,01,11,0,0
D,89006027,982,3097,0,-273345,224,-65,-63,0,0,0,01,11,0,0
D,89007031,1004,3097,0,-273345,222,-64,-63,0,0,0,01,11,0,0
D,89008021,990,3098,1,-273346,222,-64,-63,0,0,0,01,11,0,0
D,89009039,1018,3098,0,-273346,231,-64,-63,0,0,0,01,11,0,0
D,89010032,993,3098,0,-273346,222,-64,-63,0,0,0,01,11,0,0
D,89011021,989,3098,0,-273346,222,-64,-63,0,0,0,01,11,0,0
D,89012025,1004,3099,1,-273347,222,-64,-63,0,0,0,01,11,0,0
D,89013117,1092,3099,0,-273347,305,-64,-65,0,0,0,01,11,0,0
D,89014183,1066,3099,0,-273347,381,-64,-65,0,0,0,01,11,0,0
D,89015060,877,3099,0,-273347,246,-64,-57,0,0,0,01,11,0,0
D,89016062,1002,3100,1,-273348,254,-64,-65,0,0,0,01,11,0,0
D,89017070,1008,3100,0,-273348,260,-64,-65,0,0,0,01,11,0,0
D,89018071,1001,3100,0,-273348,259,-64,-57,0,0,0,01,11,0,0
D,89019063,992,3101,1,-273349,254,-64,-65,0,0,0,01,11,0,0
D,89020055,992,3101,0,-273349,254,-64,-65,0,0,0,01,11,0,0
D,89021073,1018,3101,0,-273349,262,-64,-65,0,0,0,01,11,0,0
D,89022066,993,3101,0,-273349,258,-64,-57,0,0,0,01,11,0,0
D,89023061,995,3101,0,-273349,255,-63,-55,0,0,0,01,11,0,0
D,89024103,1042,3101,0,-273349,296,-63,-55,0,0,0,01,11,0,0
D,89025042,939,3102,1,-273350,237,-63,-63,0,0,0,01,11,0,0
D,89026025,983,3102,0,-273350,225,-63,-63,0,0,0,01,11,0,0
D,89027028,1003,3102,0,-273350,222,-63,-63,0,0,0,01,11,0,0
D,89028032,1004,3102,0,-273350,222,-63,-55,0,0,0,01,11,0,0
D,89029037,1005,3103,1,-273351,232,-63,-63,0,0,0,01,11,0,0
D,89030029,992,3103,0,-273351,222,-63,-63,0,0,0,01,11,0,0
D,89031034,1005,3103,0,-273351,222,-63,-63,0,0,0,01,11,0,0
D,89032024,990,3103,0,-273351,222,-62,-55,0,0,0,01,11,0,0
D,89033105,1081,3104,1,-273352,306,-63,-65,0,0,0,01,11,0,0
D,89034181,1076,3104,0,-273352,374,-62,-57,0,0,0,01,11,0,0
D,89035063,882,3104,0,-273352,249,-62,-57,0,0,0,01,11,0,0
D,89036061,998,3105,1,-273353,253,-62,-65,0,0,0,01,11,0,0
D,89037073,1012,3105,0,-273353,260,-62,-65,0,0,0,01,11,0,0
D,89038069,996,3105,0,-273353,258,-62,-57,0,0,0,01,11,0,0
D,89039066,997,3105,0,-273353,254,-62,-57,0,0,0,01,11,0,0
D,89040055,989,3105,0,-273353,255,-62,-57,0,0,0,01,11,0,0
D,89041076,1021,3106,1,-273354,261,-62,-65,0,0,0,01,11,0,0
D,89042057,981,3106,0,-273354,258,-62,-57,0,0,0,01,11,0,0
D,89043056,999,3106,0,-273354,256,-61,-55,0,0,0,01,11,0,0
D,89044111,1055,3107,1,-273355,297,-61,-63,0,0,0,01,11,0,0
D,89045045,934,3107,0,-273355,238,-62,-63,0,0,0,01,11,0,0
D,89046027,982,3107,0,-273355,224,-62,-63,0,0,0,01,11,0,0
D,89047031,1004,3107,0,-273355,222,-61,-55,0,0,0,01,11,0,0
D,89048021,990,3107,0,-273355,222,-61,-55,0,0,0,01,11,0,0
D,89049039,1018,3108,1,-273356,231,-61,-63,0,0,0,01,11,0,0
D,89050032,993,3108,0,-273356,222,-61,-55,0,0,0,01,11,0,0
D,89051021,989,3108,0,-273356,222,-61,-55,0,0,0,01,11,0,0
D,89052025,1004,3108,0,-273356,222,-61,-55,0,0,0,01,11,0,0
D,89053118,1093,3109,1,-273357,304,-61,-65,0,0,0,01,11,0,0
D,89054196,1078,3109,0,-273357,385,-61,-65,0,0,0,01,11,0,0
D,89055061,865,3109,0,-273357,245,-61,-57,0,0,0,01,11,0,0
D,89056062,1001,3109,0,-273357,254,-61,-57,0,0,0,01,11,0,0
D,89057070,1008,3109,0,-273357,260,-60,-57,0,0,0,01,11,0,0
D,89058071,1001,3110,1,-273358,259,-61,-65,0,0,0,01,11,0,0
D,89059062,991,3110,0,-273358,254,-60,-57,0,0,0,01,11,0,0
D,89060055,993,3110,0,-273358,254,-60,-57,0,0,0,01,11,0,0
D,89061064,1009,3111,1,-273359,263,-61,-65,0,0,0,01,11,0,0
D,89062060,996,3111,0,-273359,258,-61,-65,0,0,0,01,11,0,0
D,89063071,1011,3111,0,-273359,256,-61,-63,0,0,0,01,11,0,0
D,89064102,1031,3111,0,-273359,294,-61,-55,0,0,0,01,11,0,0
D,89065041,939,3111,0,-273359,237,-60,-55,0,0,0,01,11,0,0
D,89066037,996,3112,1,-273360,224,-60,-63,0,0,0,01,11,0,0
D,89067024,987,3112,0,-273360,222,-60,-55,0,0,0,01,11,0,0
D,89068028,1004,3112,0,-273360,222,-60,-55,0,0,0,01,11,0,0
D,89069042,1014,3113,1,-273361,231,-60,-63,0,0,0,01,11,0,0
D,89070021,979,3113,0,-273361,222,-60,-63,0,0,0,01,11,0,0
D,89071025,1004,3113,0,-273361,222,-60,-63,0,0,0,01,11,0,0
D,89072028,1003,3113,0,-273361,222,-60,-55,0,0,0,01,11,0,0
D,89073115,1087,3113,0,-273361,308,-60,-57,0,0,0,01,11,0,0
D,89074169,1054,3114,1,-273362,369,-60,-57,0,0,0,01,11,0,0
D,89075062,893,3114,0,-273362,249,-60,-57,0,0,0,01,11,0,0
D,89076064,1002,3114,0,-273362,254,-60,-57,0,0,0,01,11,0,0
D,89077069,1005,3114,0,-273362,261,-60,-57,0,0,0,01,11,0,0
D,89078072,1003,3114,0,-273362,257,-59,-57,0,0,0,01,11,0,0
D,89079072,1000,3115,1,-273363,257,-59,-57,0,0,0,01,11,0,0
D,89080054,982,3115,0,-273363,250,-59,-57,0,0,0,01,11,0,0
D,89081067,1013,3115,0,-273363,264,-59,-57,0,0,0,01,11,0,0
D,89082072,1005,3115,0,-273363,257,-59,-57,0,0,0,01,11,0,0
D,89083059,987,3115,0,-273363,257,-59,-55,0,0,0,01,11,0,0
D,89084110,1051,3116,1,-273364,297,-59,-55,0,0,0,01,11,0,0
D,89085051,941,3116,0,-273364,238,-59,-55,0,0,0,01,11,0,0
D,89086029,978,3116,0,-273364,224,-59,-55,0,0,0,01,11,0,0
D,89087034,1005,3116,0,-273364,222,-58,-55,0,0,0,01,11,0,0
D,89088024,990,3116,0,-273364,222,-58,-55,0,0,0,01,11,0,0
D,89089039,1015,3117,1,-273365,231,-58,-55,0,0,0,01,11,0,0
D,89090032,993,3117,0,-273365,222,-58,-55,0,0,0,01,11,0,0
D,89091022,990,3118,1,-273366,222,-58,-63,0,0,0,01,11,0,0
D,89092025,1003,3118,0,-273366,222,-58,-55,0,0,0,01,11,0,0
D,89093109,1084,3118,0,-273366,303,-58,-57,0,0,0,01,11,0,0
D,89094178,1069,3118,0,-273366,374,-58,-57,0,0,0,01,11,0,0
D,89095058,880,3118,0,-273366,246,-58,-57,0,0,0,01,11,0,0
D,89096057,999,3119,1,-273367,255,-58,-57,0,0,0,01,11,0,0
D,89097067,1010,3119,0,-273367,261,-58,-57,0,0,0,01,11,0,0
D,89098066,999,3119,0,-273367,258,-58,-57,0,0,0,01,11,0,0
D,89099058,992,3119,0,-273367,254,-58,-49,0,0,0,01,11,0,0
D,89100060,1002,3119,0,-273367,254,-57,-49,0,0,0,01,11,0,0
D,89101079,1019,3120,1,-273368,264,-57,-57,0,0,0,01,11,0,0
D,89102061,982,3120,0,-273368,259,-57,-57,0,0,0,01,11,0,0
D,89103063,1002,3120,0,-273368,254,-57,-55,0,0,0,01,11,0,0
D,89104103,1040,3120,0,-273368,297,-57,-55,0,0,0,01,11,0,0
D,89105045,942,3121,1,-273369,238,-57,-55,0,0,0,01,11,0,0
D,89106028,983,3121,0,-273369,225,-57,-55,0,0,0,01,11,0,0
D,89107032,1004,3121,0,-273369,222,-57,-55,0,0,0,01,11,0,0
D,89108022,990,3121,0,-273369,222,-57,-55,0,0,0,01,11,0,0
D,89109039,1017,3121,0,-273369,231,-57,-55,0,0,0,01,11,0,0
D,89110032,993,3122,1,-273370,222,-57,-55,0,0,0,01,11,0,0
D,89111022,990,3122,0,-273370,222,-57,-55,0,0,0,01,11,0,0
D,89112025,1003,3122,0,-273370,222,-56,-55,0,0,0,01,11,0,0
D,89113121,1096,3122,0,-273370,307,-57,-57,0,0,0,01,11,0,0
D,89114185,1064,3123,1,-273371,376,-57,-57,0,0,0,01,11,0,0
D,89115065,880,3123,0,-273371,250,-57,-57,0,0,0,01,11,0,0
D,89116059,994,3123,0,-273371,252,-57,-57,0,0,0,01,11,0,0
D,89117072,1013,3123,0,-273371,260,-57,-57,0,0,0,01,11,0,0
D,89118056,984,3124,1,-273372,254,-57,-65,0,0,0,01,11,0,0
D,89119067,1011,3124,0,-273372,254,-57,-57,0,0,0,01,11,0,0
D,89120060,993,3124,0,-273372,253,-57,-57,0,0,0,01,11,0,0
D,89121065,1005,3124,0,-273372,264,-57,-49,0,0,0,01,11,0,0
D,89122065,1000,3124,0,-273372,255,-56,-49,0,0,0,01,11,0,0
D,89123059,994,3124,0,-273372,257,-56,-47,0,0,0,01,11,0,0
D,89124098,1039,3124,0,-273372,296,-56,-47,0,0,0,01,11,0,0
D,89125042,944,3125,1,-273373,238,-56,-55,0,0,0,01,11,0,0
D,89126025,983,3125,0,-273373,225,-56,-55,0,0,0,01,11,0,0
D,89127028,1003,3125,0,-273373,222,-55,-47,0,0,0,01,11,0,0
D,89128032,1004,3125,0,-273373,222,-55,-47,0,0,0,01,11,0,0
D,89129036,1004,3125,0,-273373,231,-55,-47,0,0,0,01,11,0,0
D,89130029,993,3126,1,-273374,222,-55,-55,0,0,0,01,11,0,0
D,89131033,1004,3126,0,-273374,222,-55,-55,0,0,0,01,11,0,0
D,89132021,988,3126,0,-273374,222,-54,-47,0,0,0,01,11,0,0
D,89133118,1097,3126,0,-273374,303,-54,-49,0,0,0,01,11,0,0
D,89134198,1080,3127,1,-273375,385,-54,-57,0,0,0,01,11,0,0
D,89135060,862,3127,0,-273375,246,-54,-49,0,0,0,01,11,0,0
D,89136068,1008,3127,0,-273375,255,-54,-49,0,0,0,01,11,0,0
D,89137071,1003,3127,0,-273375,260,-54,-49,0,0,0,01,11,0,0
D,89138067,996,3128,1,-273376,259,-54,-57,0,0,0,01,11,0,0
D,89139066,999,3128,0,-273376,258,-54,-57,0,0,0,01,11,0,0
D,89140055,989,3128,0,-273376,254,-54,-49,0,0,0,01,11,0,0
D,89141075,1020,3128,0,-273376,262,-53,-49,0,0,0,01,11,0,0
D,89142070,995,3128,0,-273376,259,-53,-49,0,0,0,01,11,0,0
D,89143063,993,3129,1,-273377,252,-53,-55,0,0,0,01,11,0,0
D,89144103,1040,3129,0,-273377,295,-53,-55,0,0,0,01,11,0,0
D,89145044,941,3129,0,-273377,237,-53,-47,0,0,0,01,11,0,0
D,89146025,981,3129,0,-273377,224,-53,-47,0,0,0,01,11,0,0
D,89147028,1003,3130,1,-273378,222,-53,-55,0,0,0,01,11,0,0
D,89148032,1004,3130,0,-273378,222,-53,-55,0,0,0,01,11,0,0
D,89149046,1014,3130,0,-273378,231,-53,-47,0,0,0,01,11,0,0
D,89150024,978,3130,0,-273378,222,-53,-47,0,0,0,01,11,0,0
D,89151028,1004,3130,0,-273378,222,-53,-47,0,0,0,01,11,0,0
D,89152032,1004,3130,0,-273378,222,-52,-47,0,0,0,01,11,0,0
D,89153122,1090,3130,0,-273378,307,-52,-49,0,0,0,01,11,0,0
D,89154177,1055,3131,1,-273379,374,-52,-57,0,0,0,01,11,0,0
D,89155057,880,3131,0,-273379,249,-52,-49,0,0,0,01,11,0,0
D,89156055,998,3131,0,-273379,252,-52,-49,0,0,0,01,11,0,0
D,89157075,1020,3131,0,-273379,261,-52,-49,0,0,0,01,11,0,0
D,89158069,994,3131,0,-273379,257,-52,-49,0,0,0,01,11,0,0
D,89159068,999,3132,1,-273380,257,-52,-57,0,0,0,01,11,0,0
D,89160053,985,3132,0,-273380,254,-52,-49,0,0,0,01,11,0,0
D,89161069,1016,3132,0,-273380,261,-52,-49,0,0,0,01,11,0,0
D,89162061,992,3132,0,-273380,258,-52,-49,0,0,0,01,11,0,0
D,89163064,1003,3132,0,-273380,257,-51,-47,0,0,0,01,11,0,0
D,89164104,1040,3133,1,-273381,296,-52,-55,0,0,0,01,11,0,0
D,89165040,936,3133,0,-273381,238,-51,-47,0,0,0,01,11,0,0
D,89166024,984,3133,0,-273381,224,-51,-47,0,0,0,01,11,0,0
D,89167028,1004,3133,0,-273381,222,-51,-47,0,0,0,01,11,0,0
D,89168032,1004,3134,1,-273382,222,-51,-55,0,0,0,01,11,0,0
D,89169046,1014,3134,0,-273382,231,-51,-47,0,0,0,01,11,0,0
D,89170024,978,3134,0,-273382,222,-51,-47,0,0,0,01,11,0,0
D,89171028,1004,3134,0,-273382,222,-51,-47,0,0,0,01,11,0,0
D,89172032,1004,3134,0,-273382,222,-51,-47,0,0,0,01,11,0,0
D,89173108,1076,3134,0,-273382,308,-50,-41,0,0,0,01,11,0,0
D,89174180,1072,3135,1,-273383,376,-50,-49,0,0,0,01,11,0,0
D,89175050,870,3135,0,-273383,249,-50,-49,0,0,0,01,11,0,0
D,89176066,1016,3135,0,-273383,255,-50,-49,0,0,0,01,11,0,0
D,89177069,1003,3135,0,-273383,261,-50,-41,0,0,0,01,11,0,0
D,89178066,997,3135,0,-273383,258,-49,-41,0,0,0,01,11,0,0
D,89179064,998,3136,1,-273384,258,-49,-49,0,0,0,01,11,0,0
D,89180053,989,3136,0,-273384,254,-49,-49,0,0,0,01,11,0,0
D,89181070,1017,3136,0,-273384,263,-49,-49,0,0,0,01,11,0,0
D,89182061,991,3136,0,-273384,258,-49,-49,0,0,0,01,11,0,0
D,89183071,1010,3136,0,-273384,256,-49,-47,0,0,0,01,11,0,0
D,89184095,1024,3137,1,-273385,296,-49,-55,0,0,0,01,11,0,0
D,89185047,952,3137,0,-273385,237,-49,-47,0,0,0,01,11,0,0
D,89186027,980,3137,0,-273385,224,-49,-47,0,0,0,01,11,0,0
D,89187031,1004,3137,0,-273385,222,-49,-47,0,0,0,01,11,0,0
D,89188034,1003,3137,0,-273385,221,-49,-47,0,0,0,01,11,0,0
D,89189039,1005,3137,0,-273385,231,-49,-47,0,0,0,01,11,0,0
D,89190032,993,3137,0,-273385,222,-49,-39,0,0,0,01,11,0,0
D,89191022,990,3138,1,-273386,222,-49,-47,0,0,0,01,11,0,0
D,89192025,1003,3138,0,-273386,222,-49,-47,0,0,0,01,11,0,0
D,89193109,1084,3138,0,-273386,306,-49,-49,0,0,0,01,11,0,0
D,89194175,1066,3138,0,-273386,371,-48,-41,0,0,0,01,11,0,0
D,89195055,880,3139,1,-273387,249,-48,-49,0,0,0,01,11,0,0
D,89196052,997,3139,0,-273387,253,-48,-49,0,0,0,01,11,0,0
D,89197072,1020,3139,0,-273387,260,-48,-49,0,0,0,01,11,0,0
D,89198062,990,3139,0,-273387,254,-48,-41,0,0,0,01,11,0,0
D,89199073,1011,3139,0,-273387,258,-48,-41,0,0,0,01,11,0,0
D,89200057,984,3139,0,-273387,254,-47,-41,0,0,0,01,11,0,0
D,89201076,1019,3140,1,-273388,263,-48,-49,0,0,0,01,11,0,0
D,89202057,981,3140,0,-273388,255,-48,-49,0,0,0,01,11,0,0
D,89203070,1013,3140,0,-273388,258,-48,-47,0,0,0,01,11,0,0
D,89204096,1026,3140,0,-273388,296,-48,-47,0,0,0,01,11,0,0
D,89205049,953,3140,0,-273388,238,-47,-40,0,0,0,01,11,0,0
D,89206028,979,3141,1,-273389,224,-47,-47,0,0,0,01,11,0,0
D,89207032,1004,3141,0,-273389,222,-47,-47,0,0,0,01,11,0,0
D,89208022,990,3141,0,-273389,222,-47,-47,0,0,0,01,11,0,0
D,89209039,1017,3141,0,-273389,232,-47,-47,0,0,0,01,11,0,0
D,89210032,993,3141,0,-273389,222,-47,-39,0,0,0,01,11,0,0
D,89211022,990,3142,1,-273390,222,-47,-47,0,0,0,01,11,0,0
D,89212025,1003,3142,0,-273390,222,-47,-47,0,0,0,01,11,0,0
D,89213120,1095,3142,0,-273390,303,-47,-49,0,0,0,01,11,0,0
D,89214179,1059,3142,0,-273390,377,-47,-41,0,0,0,01,11,0,0
D,89215056,877,3142,0,-273390,245,-47,-41,0,0,0,01,11,0,0
D,89216069,1013,3143,1,-273391,255,-47,-49,0,0,0,01,11,0,0
D,89217072,1003,3143,0,-273391,260,-47,-49,0,0,0,01,11,0,0
D,89218068,996,3143,0,-273391,258,-47,-49,0,0,0,01,11,0,0
D,89219068,1000,3143,0,-273391,258,-47,-49,0,0,0,01,11,0,0
D,89220059,991,3143,0,-273391,254,-47,-49,0,0,0,01,11,0,0
D,89221076,1017,3144,1,-273392,262,-47,-49,0,0,0,01,11,0,0
D,89222055,979,3144,0,-273392,255,-47,-49,0,0,0,01,11,0,0
D,89223064,1009,3144,0,-273392,256,-47,-47,0,0,0,01,11,0,0
D,89224094,1030,3144,0,-273392,296,-47,-47,0,0,0,01,11,0,0
D,89225051,957,3144,0,-273392,237,-47,-47,0,0,0,01,11,0,0
D,89226029,978,3144,0,-273392,224,-47,-39,0,0,0,01,11,0,0
D,89227034,1005,3144,0,-273392,222,-47,-39,0,0,0,01,11,0,0
D,89228024,990,3144,0,-273392,222,-46,-39,0,0,0,01,11,0,0
D,89229039,1015,3145,1,-273393,231,-46,-47,0,0,0,01,11,0,0
D,89230032,993,3145,0,-273393,222,-46,-47,0,0,0,01,11,0,0
D,89231022,990,3145,0,-273393,222,-46,-47,0,0,0,01,11,0,0
D,89232025,1003,3145,0,-273393,222,-46,-39,0,0,0,01,11,0,0
D,89233109,1084,3145,0,-273393,306,-46,-41,0,0,0,01,11,0,0
D,89234178,1069,3146,1,-273394,378,-46,-49,0,0,0,01,11,0,0
D,89235058,880,3146,0,-273394,249,-46,-49,0,0,0,01,11,0,0
D,89236058,1000,3146,0,-273394,253,-46,-41,0,0,0,01,11,0,0
D,89237071,1013,3146,0,-273394,260,-46,-41,0,0,0,01,11,0,0
D,89238068,997,3146,0,-273394,258,-45,-41,0,0,0,01,11,0,0
D,89239066,998,3146,0,-273394,257,-45,-41,0,0,0,01,11,0,0
D,89240058,992,3147,1,-273395,254,-45,-49,0,0,0,01,11,0,0
D,89241062,1004,3147,0,-273395,262,-45,-41,0,0,0,01,11,0,0
D,89242058,996,3147,0,-273395,256,-45,-41,0,0,0,01,11,0,0
D,89243071,1013,3147,0,-273395,257,-45,-39,0,0,0,01,11,0,0
D,89244110,1039,3147,0,-273395,295,-45,-39,0,0,0,01,11,0,0
D,89245049,939,3148,1,-273396,237,-45,-47,0,0,0,01,11,0,0
D,89246029,980,3148,0,-273396,224,-45,-47,0,0,0,01,11,0,0
D,89247032,1003,3148,0,-273396,222,-45,-39,0,0,0,01,11,0,0
D,89248022,990,3148,0,-273396,222,-44,-39,0,0,0,01,11,0,0
D,89249039,1017,3148,0,-273396,231,-44,-39,0,0,0,01,11,0,0
D,89250032,993,3148,0,-273396,222,-44,-39,0,0,0,01,11,0,0
D,89251022,990,3149,1,-273397,222,-44,-47,0,0,0,01,11,0,0
D,89252025,1003,3149,0,-273397,222,-44,-39,0,0,0,01,11,0,0
D,89253117,1092,3149,0,-273397,305,-44,-41,0,0,0,01,11,0,0
D,89254188,1071,3149,0,-273397,386,-44,-41,0,0,0,01,11,0,0
D,89255049,861,3149,0,-273397,245,-44,-39,0,0,0,01,11,0,0
D,89256063,1014,3149,0,-273397,254,-43,-41,0,0,0,01,11,0,0
D,89257069,1006,3150,1,-273398,260,-44,-49,0,0,0,01,11,0,0
D,89258064,995,3150,0,-273398,255,-44,-49,0,0,0,01,11,0,0
D,89259058,994,3150,0,-273398,258,-44,-41,0,0,0,01,11,0,0
D,89260050,992,3150,0,-273398,251,-44,-41,0,0,0,01,11,0,0
D,89261063,1013,3151,1,-273399,263,-44,-49,0,0,0,01,11,0,0
D,89262061,998,3151,0,-273399,259,-44,-49,0,0,0,01,11,0,0
D,89263055,994,3151,0,-273399,255,-44,-47,0,0,0,01,11,0,0
D,89264110,1055,3151,0,-273399,297,-44,-47,0,0,0,01,11,0,0
D,89265036,926,3151,0,-273399,237,-44,-40,0,0,0,01,11,0,0
D,89266032,996,3151,0,-273399,225,-44,-39,0,0,0,01,11,0,0
D,89267022,990,3151,0,-273399,222,-44,-39,0,0,0,01,11,0,0
D,89268025,1003,3151,0,-273399,222,-44,-39,0,0,0,01,11,0,0
D,89269039,1014,3151,0,-273399,232,-43,-39,0,0,0,01,11,0,0
D,89270032,993,3152,1,-273400,222,-44,-47,0,0,0,01,11,0,0
D,89271022,990,3152,0,-273400,222,-43,-39,0,0,0,01,11,0,0
D,89272025,1003,3152,0,-273400,222,-43,-39,0,0,0,01,11,0,0
D,89273109,1084,3152,0,-273400,307,-43,-41,0,0,0,01,11,0,0
D,89274197,1088,3152,0,-273400,381,-43,-41,0,0,0,01,11,0,0
D,89275047,850,3152,0,-273400,247,-43,-39,0,0,0,01,11,0,0
D,89276063,1016,3153,1,-273401,255,-43,-41,0,0,0,01,11,0,0
D,89277069,1006,3153,0,-273401,260,-43,-41,0,0,0,01,11,0,0
D,89278066,997,3153,0,-273401,258,-43,-41,0,0,0,01,11,0,0
D,89279060,994,3153,0,-273401,257,-43,-41,0,0,0,01,11,0,0
D,89280053,993,3153,0,-273401,254,-42,-41,0,0,0,01,11,0,0
D,89281070,1017,3153,0,-273401,262,-42,-33,0,0,0,01,11,0,0
D,89282061,991,3154,1,-273402,258,-42,-41,0,0,0,01,11,0,0
D,89283070,1009,3154,0,-273402,255,-42,-39,0,0,0,01,11,0,0
D,89284096,1026,3154,0,-273402,294,-42,-39,0,0,0,01,11,0,0
D,89285048,952,3154,0,-273402,237,-42,-40,0,0,0,01,11,0,0
D,89286027,979,3154,0,-273402,224,-42,-39,0,0,0,01,11,0,0
D,89287032,1005,3154,0,-273402,222,-42,-39,0,0,0,01,11,0,0
D,89288022,990,3154,0,-273402,222,-41,-32,0,0,0,01,11,0,0
D,89289039,1017,3155,1,-273403,231,-41,-39,0,0,0,01,11,0,0
D,89290032,993,3155,0,-273403,222,-41,-39,0,0,0,01,11,0,0
D,89291022,990,3155,0,-273403,222,-41,-39,0,0,0,01,11,0,0
D,89292025,1003,3155,0,-273403,222,-41,-32,0,0,0,01,11,0,0
D,89293121,1096,3156,1,-273404,306,-41,-41,0,0,0,01,11,0,0
D,89294188,1067,3156,0,-273404,380,-41,-41,0,0,0,01,11,0,0
D,89295045,857,3156,0,-273404,245,-41,-41,0,0,0,01,11,0,0
D,89296063,1018,3156,0,-273404,254,-41,-41,0,0,0,01,11,0,0
D,89297070,1007,3156,0,-273404,260,-41,-41,0,0,0,01,11,0,0
D,89298064,994,3156,0,-273404,255,-41,-41,0,0,0,01,11,0,0
D,89299073,1009,3156,0,-273404,257,-41,-41,0,0,0,01,11,0,0
D,89300062,989,3156,0,-273404,255,-40,-33,0,0,0,01,11,0,0
D,89301065,1003,3157,1,-273405,265,-40,-41,0,0,0,01,11,0,0
D,89302065,1000,3157,0,-273405,259,-40,-41,0,0,0,01,11,0,0
D,89303063,998,3157,0,-273405,254,-40,-39,0,0,0,01,11,0,0
D,89304100,1037,3157,0,-273405,296,-40,-39,0,0,0,01,11,0,0
D,89305042,942,3157,0,-273405,237,-40,-40,0,0,0,01,11,0,0
D,89306025,983,3157,0,-273405,224,-40,-39,0,0,0,01,11,0,0
D,89307028,1003,3157,0,-273405,222,-40,-32,0,0,0,01,11,0,0
D,89308032,1004,3157,0,-273405,222,-40,-32,0,0,0,01,11,0,0
D,89309037,1005,3158,1,-273406,232,-40,-39,0,0,0,01,11,0,0
D,89310029,992,3158,0,-273406,222,-40,-39,0,0,0,01,11,0,0
D,89311034,1005,3158,0,-273406,222,-40,-39,0,0,0,01,11,0,0
D,89312024,990,3158,0,-273406,222,-40,-39,0,0,0,01,11,0,0
D,89313106,1082,3158,0,-273406,307,-39,-33,0,0,0,01,11,0,0
D,89314180,1074,3159,1,-273407,375,-39,-41,0,0,0,01,11,0,0
D,89315059,879,3159,0,-273407,248,-39,-41,0,0,0,01,11,0,0
D,89316056,997,3159,0,-273407,253,-39,-41,0,0,0,01,11,0,0
D,89317072,1016,3159,0,-273407,260,-39,-41,0,0,0,01,11,0,0
D,89318069,997,3159,0,-273407,259,-39,-41,0,0,0,01,11,0,0
D,89319061,992,3159,0,-273407,253,-39,-33,0,0,0,01,11,0,0
D,89320067,1006,3159,0,-273407,255,-39,-33,0,0,0,01,11,0,0
D,89321071,1004,3159,0,-273407,263,-39,-32,0,0,0,01,11,0,0
D,89322059,988,3160,1,-273408,255,-39,-41,0,0,0,01,11,0,0
D,89323072,1013,3160,0,-273408,257,-39,-39,0,0,0,01,11,0,0
D,89324100,1028,3160,0,-273408,296,-38,-32,0,0,0,01,11,0,0
D,89325038,938,3160,0,-273408,237,-38,-32,0,0,0,01,11,0,0
D,89326033,995,3160,0,-273408,224,-38,-32,0,0,0,01,11,0,0
D,89327021,988,3160,0,-273408,222,-38,-32,0,0,0,01,11,0,0
D,89328025,1004,3160,0,-273408,222,-37,-32,0,0,0,01,11,0,0
D,89329039,1014,3161,1,-273409,231,-38,-39,0,0,0,01,11,0,0
D,89330032,993,3161,0,-273409,222,-38,-39,0,0,0,01,11,0,0
D,89331022,990,3161,0,-273409,222,-38,-39,0,0,0,01,11,0,0
D,89332025,1003,3161,0,-273409,222,-37,-32,0,0,0,01,11,0,0
D,89333104,1079,3161,0,-273409,304,-37,-33,0,0,0,01,11,0,0
D,89334190,1086,3161,0,-273409,382,-37,-32,0,0,0,01,11,0,0
D,89335052,862,3162,1,-273410,245,-37,-41,0,0,0,01,11,0,0
D,89336060,1008,3162,0,-273410,254,-37,-41,0,0,0,01,11,0,0
D,89337072,1012,3162,0,-273410,260,-37,-41,0,0,0,01,11,0,0
D,89338066,994,3162,0,-273410,258,-38,-41,0,0,0,01,11,0,0
D,89339061,995,3162,0,-273410,254,-37,-33,0,0,0,01,11,0,0
D,89340061,1000,3162,0,-273410,254,-37,-33,0,0,0,01,11,0,0
D,89341064,1003,3163,1,-273411,264,-37,-41,0,0,0,01,11,0,0
D,89342061,997,3163,0,-273411,259,-37,-41,0,0,0,01,11,0,0
D,89343061,1000,3163,0,-273411,258,-38,-39,0,0,0,01,11,0,0
D,89344100,1039,3163,0,-273411,296,-38,-39,0,0,0,01,11,0,0
D,89345049,949,3163,0,-273411,237,-37,-32,0,0,0,01,11,0,0
D,89346028,979,3163,0,-273411,224,-37,-32,0,0,0,01,11,0,0
D,89347033,1005,3163,0,-273411,222,-37,-32,0,0,0,01,11,0,0
D,89348024,991,3163,0,-273411,222,-37,-32,0,0,0,01,11,0,0
D,89349038,1014,3164,1,-273412,231,-37,-39,0,0,0,01,11,0,0
D,89350031,993,3164,0,-273412,222,-37,-39,0,0,0,01,11,0,0
D,89351021,990,3164,0,-273412,222,-37,-39,0,0,0,01,11,0,0
D,89352025,1004,3164,0,-273412,222,-37,-39,0,0,0,01,11,0,0
D,89353122,1097,3164,0,-273412,305,-37,-32,0,0,0,01,11,0,0
D,89354181,1059,3164,0,-273412,378,-37,-32,0,0,0,01,11,0,0
D,89355059,878,3164,0,-273412,249,-37,-33,0,0,0,01,11,0,0
D,89356058,999,3165,1,-273413,253,-37,-41,0,0,0,01,11,0,0
D,89357072,1014,3165,0,-273413,261,-37,-41,0,0,0,01,11,0,0
D,89358068,996,3165,0,-273413,258,-37,-41,0,0,0,01,11,0,0
D,89359062,994,3165,0,-273413,254,-37,-33,0,0,0,01,11,0,0
D,89360053,991,3165,0,-273413,254,-37,-33,0,0,0,01,11,0,0
D,89361070,1017,3165,0,-273413,261,-37,-33,0,0,0,01,11,0,0
D,89362061,991,3165,0,-273413,258,-36,-33,0,0,0,01,11,0,0
D,89363071,1010,3165,0,-273413,255,-36,-31,0,0,0,01,11,0,0
D,89364095,1024,3165,0,-273413,296,-36,-32,0,0,0,01,11,0,0
D,89365047,952,3166,1,-273414,237,-36,-40,0,0,0,01,11,0,0
D,89366028,981,3166,0,-273414,225,-36,-32,0,0,0,01,11,0,0
D,89367032,1004,3166,0,-273414,222,-36,-32,0,0,0,01,11,0,0
D,89368022,990,3166,0,-273414,222,-36,-32,0,0,0,01,11,0,0
D,89369039,1017,3166,0,-273414,231,-35,-32,0,0,0,01,11,0,0
D,89370032,993,3166,0,-273414,222,-35,-32,0,0,0,01,11,0,0
D,89371022,990,3166,0,-273414,222,-35,-32,0,0,0,01,11,0,0
D,89372025,1003,3166,0,-273414,222,-35,-24,0,0,0,01,11,0,0
D,89373122,1097,3166,0,-273414,306,-34,-24,0,0,0,01,11,0,0
D,89374183,1061,3167,1,-273415,379,-34,-32,0,0,0,01,11,0,0
D,89375050,867,3167,0,-273415,246,-34,-33,0,0,0,01,11,0,0
D,89376064,1014,3167,0,-273415,254,-34,-33,0,0,0,01,11,0,0
D,89377072,1008,3167,0,-273415,260,-34,-33,0,0,0,01,11,0,0
D,89378064,992,3167,0,-273415,255,-34,-33,0,0,0,01,11,0,0
D,89379057,993,3167,0,-273415,257,-34,-24,0,0,0,01,11,0,0
D,89380061,1004,3168,1,-273416,251,-34,-33,0,0,0,01,11,0,0
D,89381071,1010,3168,0,-273416,263,-33,-32,0,0,0,01,11,0,0
D,89382064,993,3168,0,-273416,259,-33,-33,0,0,0,01,11,0,0
D,89383064,1000,3168,0,-273416,254,-33,-31,0,0,0,01,11,0,0
D,89384102,1038,3168,0,-273416,297,-33,-32,0,0,0,01,11,0,0
D,89385050,948,3168,0,-273416,237,-33,-32,0,0,0,01,11,0,0
D,89386028,978,3168,0,-273416,224,-33,-32,0,0,0,01,11,0,0
D,89387032,1004,3168,0,-273416,222,-33,-24,0,0,0,01,11,0,0
D,89388022,990,3168,0,-273416,222,-32,-24,0,0,0,01,11,0,0
D,89389039,1017,3169,1,-273417,231,-32,-32,0,0,0,01,11,0,0
D,89390032,993,3169,0,-273417,222,-32,-32,0,0,0,01,11,0,0
D,89391022,990,3169,0,-273417,222,-32,-32,0,0,0,01,11,0,0
D,89392025,1003,3169,0,-273417,222,-32,-32,0,0,0,01,11,0,0
D,89393117,1092,3169,0,-273417,304,-32,-33,0,0,0,01,11,0,0
D,89394177,1060,3169,0,-273417,375,-32,-32,0,0,0,01,11,0,0
D,89395054,877,3169,0,-273417,249,-32,-24,0,0,0,01,11,0,0
D,89396067,1013,3169,0,-273417,253,-32,-24,0,0,0,01,11,0,0
D,89397071,1004,3170,1,-273418,260,-32,-33,0,0,0,01,11,0,0
D,89398065,994,3170,0,-273418,255,-32,-33,0,0,0,01,11,0,0
D,89399057,992,3170,0,-273418,257,-32,-33,0,0,0,01,11,0,0
D,89400061,1004,3170,0,-273418,251,-32,-33,0,0,0,01,11,0,0
D,89401072,1011,3170,0,-273418,261,-32,-32,0,0,0,01,11,0,0
D,89402062,990,3170,0,-273418,255,-32,-33,0,0,0,01,11,0,0
D,89403068,1006,3170,0,-273418,255,-32,-31,0,0,0,01,11,0,0
D,89404096,1028,3171,1,-273419,295,-32,-39,0,0,0,01,11,0,0
D,89405040,944,3171,0,-273419,237,-32,-32,0,0,0,01,11,0,0
D,89406037,997,3171,0,-273419,224,-32,-32,0,0,0,01,11,0,0
D,89407025,988,3171,0,-273419,222,-32,-32,0,0,0,01,11,0,0
D,89408028,1003,3171,0,-273419,222,-32,-32,0,0,0,01,11,0,0
D,89409043,1015,3171,0,-273419,231,-32,-32,0,0,0,01,11,0,0
D,89410022,979,3171,0,-273419,222,-32,-32,0,0,0,01,11,0,0
D,89411025,1003,3171,0,-273419,222,-32,-24,0,0,0,01,11,0,0
D,89412029,1004,3172,1,-273420,222,-32,-32,0,0,0,01,11,0,0
D,89413105,1076,3172,0,-273420,305,-32,-33,0,0,0,01,11,0,0
D,89414183,1078,3172,0,-273420,381,-32,-32,0,0,0,01,11,0,0
D,89415045,862,3172,0,-273420,245,-32,-32,0,0,0,01,11,0,0
D,89416058,1013,3172,0,-273420,255,-32,-33,0,0,0,01,11,0,0
D,89417070,1012,3172,0,-273420,260,-32,-33,0,0,0,01,11,0,0
D,89418065,995,3172,0,-273420,258,-32,-33,0,0,0,01,11,0,0
D,89419063,998,3172,0,-273420,258,-32,-24,0,0,0,01,11,0,0
D,89420057,994,3172,0,-273420,255,-31,-24,0,0,0,01,11,0,0
D,89421075,1018,3172,0,-273420,262,-31,-24,0,0,0,01,11,0,0
D,89422073,998,3172,0,-273420,258,-31,-24,0,0,0,01,11,0,0
D,89423067,994,3172,0,-273420,256,-30,-24,0,0,0,01,11,0,0
D,89424094,1027,3173,1,-273421,295,-31,-32,0,0,0,01,11,0,0
D,89425049,955,3173,0,-273421,237,-31,-32,0,0,0,01,11,0,0
D,89426030,981,3173,0,-273421,224,-31,-32,0,0,0,01,11,0,0
D,89427034,1004,3173,0,-273421,222,-31,-32,0,0,0,01,11,0,0
D,89428024,990,3173,0,-273421,221,-30,-24,0,0,0,01,11,0,0
D,89429039,1015,3173,0,-273421,231,-30,-24,0,0,0,01,11,0,0
D,89430032,993,3173,0,-273421,222,-30,-24,0,0,0,01,11,0,0
D,89431022,990,3173,0,-273421,222,-30,-24,0,0,0,01,11,0,0
D,89432025,1003,3174,1,-273422,222,-30,-32,0,0,0,01,11,0,0
D,89433105,1080,3174,0,-273422,306,-30,-33,0,0,0,01,11,0,0
D,89434183,1078,3174,0,-273422,378,-30,-24,0,0,0,01,11,0,0
D,89435061,878,3174,0,-273422,249,-29,-24,0,0,0,01,11,0,0
D,89436062,1001,3174,0,-273422,253,-29,-24,0,0,0,01,11,0,0
D,89437071,1009,3174,0,-273422,260,-29,-24,0,0,0,01,11,0,0
D,89438070,999,3174,0,-273422,259,-29,-24,0,0,0,01,11,0,0
D,89439062,992,3174,0,-273422,254,-29,-24,0,0,0,01,11,0,0
D,89440054,992,3174,0,-273422,255,-28,-24,0,0,0,01,11,0,0
D,89441068,1014,3174,0,-273422,262,-28,-24,0,0,0,01,11,0,0
D,89442063,995,3175,1,-273423,258,-28,-24,0,0,0,01,11,0,0
D,89443053,990,3175,0,-273423,252,-28,-24,0,0,0,01,11,0,0
D,89444106,1053,3175,0,-273423,296,-28,-24,0,0,0,01,11,0,0
D,89445046,940,3175,0,-273423,237,-28,-24,0,0,0,01,11,0,0
D,89446027,981,3175,0,-273423,224,-28,-24,0,0,0,01,11,0,0
D,89447032,1005,3175,0,-273423,222,-27,-24,0,0,0,01,11,0,0
D,89448022,990,3175,0,-273423,222,-27,-24,0,0,0,01,11,0,0
D,89449039,1017,3175,0,-273423,231,-27,-24,0,0,0,01,11,0,0
D,89450032,993,3176,1,-273424,222,-27,-32,0,0,0,01,11,0,0
D,89451022,990,3176,0,-273424,222,-27,-32,0,0,0,01,11,0,0
D,89452025,1003,3176,0,-273424,222,-28,-32,0,0,0,01,11,0,0
D,89453106,1081,3176,0,-273424,304,-28,-33,0,0,0,01,11,0,0
D,89454191,1085,3176,0,-273424,384,-28,-24,0,0,0,01,11,0,0
D,89455054,863,3176,0,-273424,246,-28,-24,0,0,0,01,11,0,0
D,89456067,1013,3176,0,-273424,255,-27,-24,0,0,0,01,11,0,0
D,89457070,1003,3176,0,-273424,260,-27,-24,0,0,0,01,11,0,0
D,89458068,998,3176,0,-273424,258,-27,-24,0,0,0,01,11,0,0
D,89459064,996,3177,1,-273425,254,-27,-33,0,0,0,01,11,0,0
D,89460069,1005,3177,0,-273425,255,-28,-33,0,0,0,01,11,0,0
D,89461069,1000,3177,0,-273425,262,-28,-33,0,0,0,01,11,0,0
D,89462063,994,3177,0,-273425,259,-28,-24,0,0,0,01,11,0,0
D,89463065,1002,3177,0,-273425,258,-27,-24,0,0,0,01,11,0,0
D,89464110,1045,3177,0,-273425,296,-27,-24,0,0,0,01,11,0,0
D,89465046,936,3177,0,-273425,237,-27,-24,0,0,0,01,11,0,0
D,89466027,981,3177,0,-273425,225,-27,-24,0,0,0,01,11,0,0
D,89467031,1004,3177,0,-273425,222,-27,-24,0,0,0,01,11,0,0
D,89468021,990,3177,0,-273425,222,-27,-24,0,0,0,01,11,0,0
D,89469039,1018,3177,0,-273425,231,-27,-24,0,0,0,01,11,0,0
D,89470032,993,3178,1,-273426,222,-27,-32,0,0,0,01,11,0,0
D,89471021,989,3178,0,-273426,222,-27,-32,0,0,0,01,11,0,0
D,89472025,1004,3178,0,-273426,222,-27,-32,0,0,0,01,11,0,0
D,89473119,1094,3178,0,-273426,307,-27,-24,0,0,0,01,11,0,0
D,89474194,1075,3178,0,-273426,379,-27,-24,0,0,0,01,11,0,0
D,89475057,863,3178,0,-273426,248,-27,-24,0,0,0,01,11,0,0
D,89476052,995,3178,0,-273426,253,-27,-24,0,0,0,01,11,0,0
D,89477070,1018,3178,0,-273426,260,-27,-24,0,0,0,01,11,0,0
D,89478067,997,3178,0,-273426,258,-27,-24,0,0,0,01,11,0,0
D,89479065,998,3178,0,-273426,257,-27,-24,0,0,0,01,11,0,0
D,89480054,989,3178,0,-273426,255,-26,-16,0,0,0,01,11,0,0
D,89481071,1017,3178,0,-273426,263,-26,-16,0,0,0,01,11,0,0
D,89482061,990,3179,1,-273427,258,-26,-24,0,0,0,01,11,0,0
D,89483071,1010,3179,0,-273427,255,-26,-24,0,0,0,01,11,0,0
D,89484099,1028,3179,0,-273427,294,-26,-24,0,0,0,01,11,0,0
D,89485050,951,3179,0,-273427,237,-25,-24,0,0,0,01,11,0,0
D,89486030,980,3179,0,-273427,224,-25,-24,0,0,0,01,11,0,0
D,89487034,1004,3179,0,-273427,222,-25,-24,0,0,0,01,11,0,0
D,89488025,991,3179,0,-273427,222,-25,-24,0,0,0,01,11,0,0
D,89489039,1014,3180,1,-273428,231,-26,-32,0,0,0,01,11,0,0
D,89490032,993,3180,0,-273428,222,-25,-24,0,0,0,01,11,0,0
D,89491022,990,3180,0,-273428,222,-25,-24,0,0,0,01,11,0,0
D,89492025,1003,3180,0,-273428,222,-25,-24,0,0,0,01,11,0,0
D,89493120,1095,3180,0,-273428,306,-25,-24,0,0,0,01,11,0,0
D,89494205,1085,3180,0,-273428,390,-25,-24,0,0,0,01,11,0,0
D,89495052,847,3180,0,-273428,245,-25,-24,0,0,0,01,11,0,0
D,89496069,1017,3180,0,-273428,254,-25,-24,0,0,0,01,11,0,0
D,89497071,1002,3180,0,-273428,260,-25,-24,0,0,0,01,11,0,0
D,89498064,993,3180,0,-273428,259,-25,-24,0,0,0,01,11,0,0
D,89499060,996,3180,0,-273428,257,-25,-24,0,0,0,01,11,0,0
D,89500050,990,3180,0,-273428,251,-25,-16,0,0,0,01,11,0,0
D,89501065,1015,3180,0,-273428,261,-24,-16,0,0,0,01,11,0,0
D,89502062,997,3180,0,-273428,258,-24,-16,0,0,0,01,11,0,0
D,89503068,1006,3180,0,-273428,253,-24,-16,0,0,0,01,11,0,0
D,89504094,1026,3180,0,-273428,295,-23,-16,0,0,0,01,11,0,0
D,89505048,954,3181,1,-273429,236,-23,-24,0,0,0,01,11,0,0
D,89506030,982,3181,0,-273429,225,-23,-24,0,0,0,01,11,0,0
D,89507034,1004,3181,0,-273429,222,-23,-24,0,0,0,01,11,0,0
D,89508024,990,3181,0,-273429,222,-23,-24,0,0,0,01,11,0,0
D,89509039,1015,3181,0,-273429,231,-23,-24,0,0,0,01,11,0,0
D,89510032,993,3181,0,-273429,222,-23,-24,0,0,0,01,11,0,0
D,89511022,990,3181,0,-273429,222,-23,-24,0,0,0,01,11,0,0
D,89512025,1003,3181,0,-273429,222,-23,-24,0,0,0,01,11,0,0
D,89513124,1099,3181,0,-273429,308,-23,-16,0,0,0,01,11,0,0
D,89514175,1051,3181,0,-273429,374,-23,-16,0,0,0,01,11,0,0
D,89515056,881,3182,1,-273430,249,-23,-24,0,0,0,01,11,0,0
D,89516052,996,3182,0,-273430,252,-23,-24,0,0,0,01,11,0,0
D,89517071,1019,3182,0,-273430,260,-23,-24,0,0,0,01,11,0,0
D,89518058,987,3182,0,-273430,258,-23,-24,0,0,0,01,11,0,0
D,89519057,999,3182,0,-273430,254,-23,-16,0,0,0,01,11,0,0
D,89520056,999,3182,0,-273430,253,-23,-16,0,0,0,01,11,0,0
D,89521071,1015,3182,0,-273430,261,-22,-16,0,0,0,01,11,0,0
D,89522060,989,3182,0,-273430,257,-22,-16,0,0,0,01,11,0,0
D,89523053,993,3182,0,-273430,252,-22,-16,0,0,0,01,11,0,0
D,89524095,1042,3182,0,-273430,295,-22,-16,0,0,0,01,11,0,0
D,89525048,953,3182,0,-273430,238,-21,-16,0,0,0,01,11,0,0
D,89526028,980,3182,0,-273430,225,-21,-16,0,0,0,01,11,0,0
D,89527032,1004,3183,1,-273431,222,-21,-24,0,0,0,01,11,0,0
D,89528022,990,3183,0,-273431,222,-21,-24,0,0,0,01,11,0,0
D,89529039,1017,3183,0,-273431,231,-21,-24,0,0,0,01,11,0,0
D,89530032,993,3183,0,-273431,222,-22,-24,0,0,0,01,11,0,0
D,89531022,990,3183,0,-273431,222,-22,-24,0,0,0,01,11,0,0
D,89532025,1003,3183,0,-273431,222,-22,-24,0,0,0,01,11,0,0
D,89533103,1078,3183,0,-273431,304,-22,-24,0,0,0,01,11,0,0
D,89534177,1074,3183,0,-273431,377,-22,-24,0,0,0,01,11,0,0
D,89535056,879,3183,0,-273431,245,-22,-16,0,0,0,01,11,0,0
D,89536053,997,3183,0,-273431,255,-22,-16,0,0,0,01,11,0,0
D,89537072,1019,3183,0,-273431,260,-21,-16,0,0,0,01,11,0,0
D,89538068,996,3184,1,-273432,258,-21,-24,0,0,0,01,11,0,0
D,89539064,996,3184,0,-273432,257,-22,-24,0,0,0,01,11,0,0
D,89540058,994,3184,0,-273432,254,-22,-24,0,0,0,01,11,0,0
D,89541078,1020,3184,0,-273432,262,-22,-24,0,0,0,01,11,0,0
D,89542059,981,3184,0,-273432,258,-22,-24,0,0,0,01,11,0,0
D,89543071,1012,3184,0,-273432,255,-22,-24,0,0,0,01,11,0,0
D,89544097,1026,3184,0,-273432,295,-22,-24,0,0,0,01,11,0,0
D,89545049,952,3184,0,-273432,238,-22,-24,0,0,0,01,11,0,0
D,89546027,978,3184,0,-273432,224,-22,-16,0,0,0,01,11,0,0
D,89547032,1005,3184,0,-273432,222,-22,-16,0,0,0,01,11,0,0
D,89548022,990,3184,0,-273432,222,-21,-16,0,0,0,01,11,0,0
D,89549039,1017,3184,0,-273432,231,-21,-16,0,0,0,01,11,0,0
D,89550032,993,3184,0,-273432,222,-21,-16,0,0,0,01,11,0,0
D,89551022,990,3184,0,-273432,222,-21,-16,0,0,0,01,11,0,0
D,89552025,1003,3185,1,-273433,222,-21,-24,0,0,0,01,11,0,0
D,89553114,1089,3185,0,-273433,307,-21,-24,0,0,0,01,11,0,0
D,89554182,1068,3185,0,-273433,380,-21,-24,0,0,0,01,11,0,0
D,89555062,880,3185,0,-273433,249,-21,-24,0,0,0,01,11,0,0
D,89556058,996,3185,0,-273433,253,-21,-24,0,0,0,01,11,0,0
D,89557071,1013,3185,0,-273433,260,-21,-16,0,0,0,01,11,0,0
D,89558068,997,3185,0,-273433,259,-21,-16,0,0,0,01,11,0,0
D,89559065,997,3185,0,-273433,257,-21,-16,0,0,0,01,11,0,0
D,89560054,989,3185,0,-273433,255,-21,-16,0,0,0,01,11,0,0
D,89561070,1016,3185,0,-273433,262,-20,-16,0,0,0,01,11,0,0
D,89562061,991,3185,0,-273433,258,-20,-16,0,0,0,01,11,0,0
D,89563070,1009,3185,0,-273433,256,-20,-16,0,0,0,01,11,0,0
D,89564095,1025,3185,0,-273433,296,-20,-16,0,0,0,01,11,0,0
D,89565042,947,3186,1,-273434,237,-20,-24,0,0,0,01,11,0,0
D,89566025,983,3186,0,-273434,225,-20,-24,0,0,0,01,11,0,0
D,89567028,1003,3186,0,-273434,222,-20,-24,0,0,0,01,11,0,0
D,89568032,1004,3186,0,-273434,222,-20,-24,0,0,0,01,11,0,0
D,89569036,1004,3186,0,-273434,231,-20,-16,0,0,0,01,11,0,0
D,89570029,993,3186,0,-273434,222,-20,-16,0,0,0,01,11,0,0
D,89571033,1004,3186,0,-273434,222,-20,-16,0,0,0,01,11,0,0
D,89572022,989,3186,0,-273434,222,-20,-16,0,0,0,01,11,0,0
D,89573115,1093,3186,0,-273434,306,-20,-16,0,0,0,01,11,0,0
D,89574178,1063,3186,0,-273434,376,-19,-16,0,0,0,01,11,0,0
D,89575057,879,3186,0,-273434,246,-19,-16,0,0,0,01,11,0,0
D,89576058,1001,3186,0,-273434,255,-19,-16,0,0,0,01,11,0,0
D,89577071,1013,3186,0,-273434,261,-19,-16,0,0,0,01,11,0,0
D,89578066,995,3186,0,-273434,258,-19,-16,0,0,0,01,11,0,0
D,89579062,996,3186,0,-273434,257,-19,-16,0,0,0,01,11,0,0
D,89580055,993,3186,0,-273434,254,-19,-16,0,0,0,01,11,0,0
D,89581072,1017,3186,0,-273434,262,-19,-16,0,0,0,01,11,0,0
D,89582066,994,3186,0,-273434,258,-18,-8,0,0,0,01,11,0,0
D,89583062,996,3187,1,-273435,255,-18,-16,0,0,0,01,11,0,0
D,89584094,1032,3187,0,-273435,295,-18,-16,0,0,0,01,11,0,0
D,89585045,951,3187,0,-273435,237,-18,-16,0,0,0,01,11,0,0
D,89586025,980,3187,0,-273435,225,-18,-16,0,0,0,01,11,0,0
D,89587028,1003,3187,0,-273435,222,-18,-16,0,0,0,01,11,0,0
D,89588031,1003,3187,0,-273435,222,-18,-16,0,0,0,01,11,0,0
D,89589034,1003,3187,0,-273435,231,-18,-16,0,0,0,01,11,0,0
D,89590025,991,3187,0,-273435,222,-18,-16,0,0,0,01,11,0,0
D,89591028,1003,3187,0,-273435,222,-18,-16,0,0,0,01,11,0,0
D,89592031,1003,3187,0,-273435,222,-17,-16,0,0,0,01,11,0,0
D,89593123,1092,3187,0,-273435,306,-17,-16,0,0,0,01,11,0,0
D,89594187,1064,3187,0,-273435,375,-17,-16,0,0,0,01,11,0,0
D,89595056,869,3187,0,-273435,250,-17,-8,0,0,0,01,11,0,0
D,89596059,1003,3187,0,-273435,253,-17,-8,0,0,0,01,11,0,0
D,89597068,1009,3187,0,-273435,260,-16,-8,0,0,0,01,11,0,0
D,89598065,997,3187,0,-273435,259,-16,-8,0,0,0,01,11,0,0
D,89599063,998,3187,0,-273435,257,-16,-8,0,0,0,01,11,0,0
D,89600071,1008,3187,0,-273435,257,-15,-8,0,0,0,01,11,0,0
D,89601074,1003,3187,0,-273435,263,-15,-8,0,0,0,01,11,0,0
D,89602075,1001,3187,0,-273435,261,-15,-8,0,0,0,01,11,0,0
D,89603072,997,3187,0,-273435,257,-15,-8,0,0,0,01,11,0,0
D,89604100,1028,3188,1,-273436,298,-15,-16,0,0,0,01,11,0,0
D,89605039,939,3188,0,-273436,234,-15,-16,0,0,0,01,11,0,0
D,89606033,994,3188,0,-273436,225,-15,-16,0,0,0,01,11,0,0
D,89607022,989,3188,0,-273436,222,-15,-16,0,0,0,01,11,0,0
D,89608024,1002,3188,0,-273436,221,-15,-16,0,0,0,01,11,0,0
D,89609037,1013,3188,0,-273436,231,-15,-16,0,0,0,01,11,0,0
D,89610028,991,3188,0,-273436,222,-15,-16,0,0,0,01,11,0,0
D,89611031,1003,3188,0,-273436,222,-15,-16,0,0,0,01,11,0,0
D,89612036,1005,3188,0,-273436,222,-15,-16,0,0,0,01,11,0,0
D,89613104,1068,3188,0,-273436,305,-15,-8,0,0,0,01,11,0,0
D,89614188,1084,3188,0,-273436,380,-14,-8,0,0,0,01,11,0,0
D,89615048,860,3188,0,-273436,247,-14,-8,0,0,0,01,11,0,0
D,89616054,1006,3188,0,-273436,254,-14,-8,0,0,0,01,11,0,0
D,89617072,1018,3188,0,-273436,261,-14,-8,0,0,0,01,11,0,0
D,89618067,995,3188,0,-273436,258,-13,-8,0,0,0,01,11,0,0
D,89619063,996,3188,0,-273436,254,-13,-8,0,0,0,01,11,0,0
D,89620068,1005,3189,1,-273437,254,-13,-16,0,0,0,01,11,0,0
D,89621073,1005,3189,0,-273437,262,-14,-16,0,0,0,01,11,0,0
D,89622062,989,3189,0,-273437,255,-14,-16,0,0,0,01,11,0,0
D,89623061,999,3189,0,-273437,258,-14,-16,0,0,0,01,11,0,0
D,89624102,1041,3189,0,-273437,296,-14,-16,0,0,0,01,11,0,0
D,89625043,941,3189,0,-273437,238,-14,-16,0,0,0,01,11,0,0
D,89626039,996,3189,0,-273437,224,-14,-16,0,0,0,01,11,0,0
D,89627025,986,3189,0,-273437,222,-14,-16,0,0,0,01,11,0,0
D,89628027,1002,3189,0,-273437,222,-14,-16,0,0,0,01,11,0,0
D,89629042,1015,3189,0,-273437,231,-14,-16,0,0,0,01,11,0,0
D,89630036,994,3189,0,-273437,222,-14,-16,0,0,0,01,11,0,0
D,89631022,986,3189,0,-273437,222,-14,-16,0,0,0,01,11,0,0
D,89632024,1002,3189,0,-273437,221,-14,-16,0,0,0,01,11,0,0
D,89633127,1103,3189,0,-273437,312,-14,-16,0,0,0,01,11,0,0
D,89634182,1055,3189,0,-273437,371,-14,-8,0,0,0,01,11,0,0
D,89635054,872,3189,0,-273437,254,-14,-8,0,0,0,01,11,0,0
D,89636053,999,3189,0,-273437,253,-14,-8,0,0,0,01,11,0,0
D,89637071,1018,3189,0,-273437,260,-13,-8,0,0,0,01,11,0,0
D,89638066,995,3189,0,-273437,258,-13,-8,0,0,0,01,11,0,0
D,89639066,1000,3189,0,-273437,257,-13,-8,0,0,0,01,11,0,0
D,89640058,992,3189,0,-273437,254,-13,-8,0,0,0,01,11,0,0
D,89641064,1006,3189,0,-273437,264,-13,-8,0,0,0,01,11,0,0
D,89642062,998,3189,0,-273437,259,-13,-8,0,0,0,01,11,0,0
D,89643069,1007,3189,0,-273437,258,-12,-8,0,0,0,01,11,0,0
D,89644097,1028,3190,1,-273438,296,-12,-16,0,0,0,01,11,0,0
D,89645037,940,3190,0,-273438,237,-13,-16,0,0,0,01,11,0,0
D,89646031,994,3190,0,-273438,224,-13,-16,0,0,0,01,11,0,0
D,89647036,1005,3190,0,-273438,222,-13,-16,0,0,0,01,11,0,0
D,89648022,986,3190,0,-273438,222,-13,-16,0,0,0,01,11,0,0
D,89649037,1015,3190,0,-273438,231,-13,-16,0,0,0,01,11,0,0
D,89650028,991,3190,0,-273438,222,-13,-16,0,0,0,01,11,0,0
D,89651031,1003,3190,0,-273438,222,-13,-8,0,0,0,01,11,0,0
D,89652036,1005,3190,0,-273438,222,-13,-8,0,0,0,01,11,0,0
D,89653114,1078,3190,0,-273438,302,-13,-8,0,0,0,01,11,0,0
D,89654186,1072,3190,0,-273438,378,-12,-8,0,0,0,01,11,0,0
D,89655046,860,3190,0,-273438,246,-12,-8,0,0,0,01,11,0,0
D,89656069,1023,3190,0,-273438,254,-12,-8,0,0,0,01,11,0,0
D,89657060,991,3190,0,-273438,260,-12,-8,0,0,0,01,11,0,0
D,89658072,1012,3190,0,-273438,258,-12,-8,0,0,0,01,11,0,0
D,89659054,982,3190,0,-273438,254,-12,-8,0,0,0,01,11,0,0
D,89660054,1000,3190,0,-273438,254,-11,-8,0,0,0,01,11,0,0
D,89661073,1019,3190,0,-273438,263,-11,-8,0,0,0,01,11,0,0
D,89662064,991,3190,0,-273438,259,-11,-8,0,0,0,01,11,0,0
D,89663054,990,3190,0,-273438,254,-11,-8,0,0,0,01,11,0,0
D,89664109,1055,3190,0,-273438,296,-11,-8,0,0,0,01,11,0,0
D,89665041,932,3190,0,-273438,237,-11,-8,0,0,0,01,11,0,0
D,89666039,998,3191,1,-273439,224,-11,-16,0,0,0,01,11,0,0
D,89667025,986,3191,0,-273439,222,-11,-16,0,0,0,01,11,0,0
D,89668028,1003,3191,0,-273439,222,-11,-16,0,0,0,01,11,0,0
D,89669042,1014,3191,0,-273439,231,-12,-16,0,0,0,01,11,0,0
D,89670036,994,3191,0,-273439,222,-12,-16,0,0,0,01,11,0,0
D,89671022,986,3191,0,-273439,222,-12,-16,0,0,0,01,11,0,0
D,89672024,1002,3191,0,-273439,221,-12,-16,0,0,0,01,11,0,0
D,89673111,1087,3191,0,-273439,305,-12,-16,0,0,0,01,11,0,0
D,89674186,1075,3191,0,-273439,375,-12,-8,0,0,0,01,11,0,0
D,89675056,870,3191,0,-273439,249,-12,-8,0,0,0,01,11,0,0
D,89676056,1000,3191,0,-273439,253,-12,-8,0,0,0,01,11,0,0
D,89677070,1014,3191,0,-273439,260,-12,-8,0,0,0,01,11,0,0
D,89678068,998,3191,0,-273439,258,-11,-8,0,0,0,01,11,0,0
D,89679061,993,3191,0,-273439,254,-11,-8,0,0,0,01,11,0,0
D,89680062,1001,3191,0,-273439,254,-11,-8,0,0,0,01,11,0,0
D,89681077,1015,3191,0,-273439,263,-11,-8,0,0,0,01,11,0,0
D,89682058,981,3191,0,-273439,259,-11,-8,0,0,0,01,11,0,0
D,89683054,996,3191,0,-273439,254,-11,-8,0,0,0,01,11,0,0
D,89684094,1040,3191,0,-273439,295,-11,-8,0,0,0,01,11,0,0
D,89685048,954,3191,0,-273439,237,-11,-8,0,0,0,01,11,0,0
D,89686025,977,3191,0,-273439,224,-11,-8,0,0,0,01,11,0,0
D,89687028,1003,3191,0,-273439,222,-10,-8,0,0,0,01,11,0,0
D,89688031,1003,3191,0,-273439,222,-10,-8,0,0,0,01,11,0,0
D,89689034,1003,3191,0,-273439,231,-10,-8,0,0,0,01,11,0,0
D,89690026,992,3191,0,-273439,222,-10,-8,0,0,0,01,11,0,0
D,89691028,1002,3191,0,-273439,222,-10,-8,0,0,0,01,11,0,0
D,89692031,1003,3191,0,-273439,222,-10,-8,0,0,0,01,11,0,0
D,89693117,1086,3191,0,-273439,309,-10,-8,0,0,0,01,11,0,0
D,89694170,1053,3191,0,-273439,368,-10,-8,0,0,0,01,11,0,0
D,89695060,890,3191,0,-273439,251,-10,-8,0,0,0,01,11,0,0
D,89696054,994,3191,0,-273439,255,-9,0,0,0,0,01,11,0,0
D,89697075,1021,3191,0,-273439,260,-9,0,0,0,0,01,11,0,0
D,89698067,992,3191,0,-273439,258,-9,0,0,0,0,01,11,0,0
D,89699067,1000,3191,0,-273439,257,-8,0,0,0,0,01,11,0,0
D,89700050,983,3192,1,-273440,251,-8,-8,0,0,0,01,11,0,0
D,89701068,1018,3192,0,-273440,264,-8,-8,0,0,0,01,11,0,0
D,89702063,995,3192,0,-273440,258,-8,-8,0,0,0,01,11,0,0
D,89703062,999,3192,0,-273440,254,-8,-8,0,0,0,01,11,0,0
D,89704103,1041,3191,-1,-273439,297,-8,0,0,0,0,01,11,0,0
D,89705046,943,3192,1,-273440,237,-8,-8,0,0,0,01,11,0,0
D,89706025,979,3192,0,-273440,224,-8,-8,0,0,0,01,11,0,0
D,89707028,1003,3192,0,-273440,222,-8,-8,0,0,0,01,11,0,0
D,89708031,1003,3192,0,-273440,222,-8,-8,0,0,0,01,11,0,0
D,89709035,1004,3192,0,-273440,232,-8,-8,0,0,0,01,11,0,0
D,89710026,991,3192,0,-273440,222,-8,-8,0,0,0,01,11,0,0
D,89711028,1002,3192,0,-273440,222,-8,-8,0,0,0,01,11,0,0
D,89712031,1003,3192,0,-273440,222,-8,-8,0,0,0,01,11,0,0
D,89713119,1088,3192,0,-273440,304,-8,-8,0,0,0,01,11,0,0
D,89714175,1056,3192,0,-273440,373,-8,-8,0,0,0,01,11,0,0
D,89715063,888,3192,0,-273440,250,-8,-8,0,0,0,01,11,0,0
D,89716062,999,3192,0,-273440,253,-8,-8,0,0,0,01,11,0,0
D,89717070,1008,3192,0,-273440,261,-8,-8,0,0,0,01,11,0,0
D,89718063,993,3192,0,-273440,255,-8,-8,0,0,0,01,11,0,0
D,89719059,996,3192,0,-273440,257,-8,-8,0,0,0,01,11,0,0
D,89720063,1004,3192,0,-273440,254,-8,-8,0,0,0,01,11,0,0
D,89721068,1005,3192,0,-273440,266,-8,-8,0,0,0,01,11,0,0
D,89722057,989,3192,0,-273440,256,-8,-8,0,0,0,01,11,0,0
D,89723074,1017,3192,0,-273440,258,-8,-8,0,0,0,01,11,0,0
D,89724100,1026,3192,0,-273440,298,-8,-8,0,0,0,01,11,0,0
D,89725036,936,3192,0,-273440,237,-8,-8,0,0,0,01,11,0,0
D,89726030,994,3192,0,-273440,224,-8,-8,0,0,0,01,11,0,0
D,89727036,1006,3192,0,-273440,222,-8,-8,0,0,0,01,11,0,0
D,89728022,986,3192,0,-273440,222,-8,-8,0,0,0,01,11,0,0
D,89729038,1016,3192,0,-273440,231,-8,-8,0,0,0,01,11,0,0
D,89730029,991,3192,0,-273440,222,-8,-8,0,0,0,01,11,0,0
D,89731036,1007,3192,0,-273440,222,-8,0,0,0,0,01,11,0,0
D,89732022,986,3192,0,-273440,222,-7,0,0,0,0,01,11,0,0
D,89733114,1092,3192,0,-273440,304,-7,0,0,0,0,01,11,0,0
D,89734197,1083,3192,0,-273440,382,-7,-8,0,0,0,01,11,0,0
D,89735059,862,3192,0,-273440,246,-7,0,0,0,0,01,11,0,0
D,89736058,999,3192,0,-273440,255,-7,0,0,0,0,01,11,0,0
D,89737071,1013,3192,0,-273440,261,-6,0,0,0,0,01,11,0,0
D,89738065,994,3192,0,-273440,258,-6,0,0,0,0,01,11,0,0
D,89739058,993,3192,0,-273440,254,-6,0,0,0,0,01,11,0,0
D,89740059,1001,3192,0,-273440,254,-6,0,0,0,0,01,11,0,0
D,89741064,1005,3192,0,-273440,263,-5,0,0,0,0,01,11,0,0
D,89742059,995,3192,0,-273440,259,-5,0,0,0,0,01,11,0,0
D,89743059,1000,3192,0,-273440,258,-5,0,0,0,0,01,11,0,0
D,89744097,1038,3192,0,-273440,296,-5,0,0,0,0,01,11,0,0
D,89745037,940,3192,0,-273440,237,-5,0,0,0,0,01,11,0,0
D,89746031,994,3192,0,-273440,224,-4,0,0,0,0,01,11,0,0
D,89747036,1005,3192,0,-273440,222,-4,0,0,0,0,01,11,0,0
D,89748022,986,3192,0,-273440,222,-4,0,0,0,0,01,11,0,0
D,89749037,1015,3192,0,-273440,231,-4,0,0,0,0,01,11,0,0
D,89750028,991,3192,0,-273440,222,-4,0,0,0,0,01,11,0,0
D,89751031,1003,3192,0,-273440,222,-4,0,0,0,0,01,11,0,0
D,89752036,1005,3192,0,-273440,222,-3,0,0,0,0,01,11,0,0
D,89753120,1084,3192,0,-273440,307,-3,0,0,0,0,01,11,0,0
D,89754179,1059,3192,0,-273440,376,-3,0,0,0,0,01,11,0,0
D,89755061,882,3192,0,-273440,249,-3,0,0,0,0,01,11,0,0
D,89756062,1001,3192,0,-273440,254,-3,0,0,0,0,01,11,0,0
D,89757070,1008,3192,0,-273440,260,-3,0,0,0,0,01,11,0,0
D,89758067,997,3192,0,-273440,258,-3,0,0,0,0,01,11,0,0
D,89759062,995,3192,0,-273440,254,-3,0,0,0,0,01,11,0,0
D,89760067,1005,3192,0,-273440,254,-3,0,0,0,0,01,11,0,0
D,89761071,1004,3192,0,-273440,263,-2,0,0,0,0,01,11,0,0
D,89762062,991,3192,0,-273440,258,-2,0,0,0,0,01,11,0,0
D,89763059,997,3192,0,-273440,255,-2,0,0,0,0,01,11,0,0
D,89764106,1047,3192,0,-273440,296,-2,0,0,0,0,01,11,0,0
D,89765044,938,3192,0,-273440,237,-2,0,0,0,0,01,11,0,0
D,89766025,981,3192,0,-273440,225,-2,0,0,0,0,01,11,0,0
D,89767027,1002,3192,0,-273440,221,-2,0,0,0,0,01,11,0,0
D,89768031,1004,3193,1,-273441,222,-2,-8,0,0,0,01,11,0,0
D,89769034,1003,3192,-1,-273440,231,-2,0,0,0,0,01,11,0,0
D,89770025,991,3192,0,-273440,222,-2,0,0,0,0,01,11,0,0
D,89771028,1003,3192,0,-273440,222,-2,0,0,0,0,01,11,0,0
D,89772031,1003,3192,0,-273440,222,-2,0,0,0,0,01,11,0,0
D,89773117,1086,3192,0,-273440,305,-2,0,0,0,0,01,11,0,0
D,89774199,1082,3192,0,-273440,384,-2,0,0,0,0,01,11,0,0
D,89775060,861,3192,0,-273440,245,-2,0,0,0,0,01,11,0,0
D,89776059,999,3192,0,-273440,254,-2,0,0,0,0,01,11,0,0
D,89777071,1012,3192,0,-273440,260,-1,0,0,0,0,01,11,0,0
D,89778066,995,3192,0,-273440,259,-1,0,0,0,0,01,11,0,0
D,89779059,993,3192,0,-273440,254,-1,0,0,0,0,01,11,0,0
D,89780061,1002,3192,0,-273440,251,-1,0,0,0,0,01,11,0,0
D,89781061,1000,3192,0,-273440,261,-1,0,0,0,0,01,11,0,0
D,89782058,997,3192,0,-273440,259,-1,0,0,0,0,01,11,0,0
D,89783073,1015,3192,0,-273440,257,-1,0,0,0,0,01,11,0,0
D,89784101,1028,3193,1,-273441,296,-1,-8,0,0,0,01,11,0,0
D,89785047,946,3192,-1,-273440,238,-1,0,0,0,0,01,11,0,0
D,89786025,978,3192,0,-273440,224,-1,0,0,0,0,01,11,0,0
D,89787028,1003,3192,0,-273440,222,-1,0,0,0,0,01,11,0,0
D,89788031,1003,3192,0,-273440,222,-1,0,0,0,0,01,11,0,0
D,89789034,1003,3193,1,-273441,231,-1,-8,0,0,0,01,11,0,0
D,89790025,991,3192,-1,-273440,222,-1,0,0,0,0,01,11,0,0
D,89791027,1002,3192,0,-273440,222,-1,0,0,0,0,01,11,0,0
D,89792031,1004,3192,0,-273440,222,-1,0,0,0,0,01,11,0,0
D,89793114,1083,3192,0,-273440,306,-1,0,0,0,0,01,11,0,0
D,89794176,1062,3192,0,-273440,372,-1,0,0,0,0,01,11,0,0
D,89795060,884,3192,0,-273440,249,-1,0,0,0,0,01,11,0,0
D,89796061,1001,3192,0,-273440,253,-1,0,0,0,0,01,11,0,0
D,89797071,1010,3192,0,-273440,260,-1,0,0,0,0,01,11,0,0
D,89798067,996,3192,0,-273440,258,-1,8,0,0,0,01,11,0,0
D,89799062,995,3192,0,-273440,254,-1,0,0,0,0,01,11,0,0
D,89800066,1004,3192,0,-273440,254,-1,0,0,0,0,01,11,0,0
D,89801076,1010,3192,0,-273440,263,-1,0,0,0,0,01,11,0,0
D,89802057,981,3192,0,-273440,258,-1,0,0,0,0,01,11,0,0
D,89803072,1015,3192,0,-273440,258,-1,0,0,0,0,01,11,0,0
D,89804096,1024,3192,0,-273440,293,-1,0,0,0,0,01,11,0,0
D,89805055,959,3192,0,-273440,241,-1,0,0,0,0,01,11,0,0
D,89806032,977,3192,0,-273440,224,-1,0,0,0,0,01,11,0,0
D,89807022,990,3192,0,-273440,222,-1,0,0,0,0,01,11,0,0
D,89808024,1002,3192,0,-273440,222,0,0,0,0,0,01,11,0,0
D,89809037,1013,3192,0,-273440,231,0,0,0,0,0,01,11,0,0
D,89810027,990,3192,0,-273440,221,0,0,0,0,0,01,11,0,0
D,89811031,1004,3192,0,-273440,222,0,0,0,0,0,01,11,0,0
D,89812036,1005,3192,0,-273440,222,0,0,0,0,0,01,11,0,0
D,89813100,1064,3192,0,-273440,300,0,0,0,0,0,01,11,0,0
D,89814190,1090,3192,0,-273440,386,0,8,0,0,0,01,11,0,0
D,89815059,869,3193,1,-273441,246,0,-8,0,0,0,01,11,0,0
D,89816060,1001,3192,-1,-273440,252,0,0,0,0,0,01,11,0,0
D,89817079,1019,3192,0,-273440,263,0,0,0,0,0,01,11,0,0
D,89818068,989,3192,0,-273440,255,0,0,0,0,0,01,11,0,0
D,89819056,988,3193,1,-273441,255,0,0,0,0,0,01,11,0,0
D,89820061,1005,3193,0,-273441,254,-1,-8,0,0,0,01,11,0,0
D,89821073,1012,3192,-1,-273440,262,-1,0,0,0,0,01,11,0,0
D,89822061,988,3192,0,-273440,255,-1,0,0,0,0,01,11,0,0
D,89823057,996,3192,0,-273440,256,-1,0,0,0,0,01,11,0,0
D,89824097,1040,3192,0,-273440,296,0,0,0,0,0,01,11,0,0
D,89825041,944,3192,0,-273440,237,0,0,0,0,0,01,11,0,0
D,89826039,998,3192,0,-273440,224,0,0,0,0,0,01,11,0,0
D,89827025,986,3192,0,-273440,222,0,0,0,0,0,01,11,0,0
D,89828028,1003,3192,0,-273440,222,0,0,0,0,0,01,11,0,0
D,89829042,1014,3192,0,-273440,231,0,0,0,0,0,01,11,0,0
D,89830036,994,3192,0,-273440,222,0,0,0,0,0,01,11,0,0
D,89831022,986,3192,0,-273440,222,0,0,0,0,0,01,11,0,0
D,89832024,1002,3192,0,-273440,221,0,0,0,0,0,01,11,0,0
D,89833122,1098,3192,0,-273440,307,0,0,0,0,0,01,11,0,0
D,89834183,1061,3192,0,-273440,375,0,0,0,0,0,01,11,0,0
D,89835065,882,3192,0,-273440,250,0,0,0,0,0,01,11,0,0
D,89836058,993,3192,0,-273440,250,0,0,0,0,0,01,11,0,0
D,89837072,1014,3192,0,-273440,264,0,0,0,0,0,01,11,0,0
D,89838062,990,3192,0,-273440,256,0,0,0,0,0,01,11,0,0
D,89839059,997,3192,0,-273440,258,0,0,0,0,0,01,11,0,0
D,89840067,1008,3192,0,-273440,254,0,0,0,0,0,01,11,0,0
D,89841071,1004,3192,0,-273440,262,0,0,0,0,0,01,11,0,0
D,89842059,988,3192,0,-273440,255,0,0,0,0,0,01,11,0,0
D,89843073,1014,3192,0,-273440,258,0,0,0,0,0,01,11,0,0
D,89844092,1019,3192,0,-273440,290,0,0,0,0,0,01,11,0,0
D,89845052,960,3192,0,-273440,243,0,0,0,0,0,01,11,0,0
D,89846032,980,3192,0,-273440,224,0,8,0,0,0,01,11,0,0
D,89847022,990,3192,0,-273440,222,0,0,0,0,0,01,11,0,0
D,89848024,1002,3192,0,-273440,221,0,0,0,0,0,01,11,0,0
D,89849037,1013,3192,0,-273440,231,0,0,0,0,0,01,11,0,0
D,89850028,991,3192,0,-273440,222,0,8,0,0,0,01,11,0,0
D,89851031,1003,3192,0,-273440,222,1,8,0,0,0,01,11,0,0
D,89852036,1005,3192,0,-273440,222,1,0,0,0,0,01,11,0,0
D,89853122,1086,3192,0,-273440,308,1,0,0,0,0,01,11,0,0
D,89854183,1061,3192,0,-273440,374,1,0,0,0,0,01,11,0,0
D,89855066,883,3192,0,-273440,251,1,0,0,0,0,01,11,0,0
D,89856065,999,3192,0,-273440,251,1,0,0,0,0,01,11,0,0
D,89857075,1010,3192,0,-273440,263,1,0,0,0,0,01,11,0,0
D,89858063,988,3192,0,-273440,252,1,0,0,0,0,01,11,0,0
D,89859057,994,3192,0,-273440,257,0,0,0,0,0,01,11,0,0
D,89860057,1000,3192,0,-273440,251,0,0,0,0,0,01,11,0,0
D,89861074,1017,3192,0,-273440,261,0,0,0,0,0,01,11,0,0
D,89862059,985,3192,0,-273440,251,0,0,0,0,0,01,11,0,0
D,89863070,1011,3192,0,-273440,256,0,0,0,0,0,01,11,0,0
D,89864104,1034,3192,0,-273440,293,0,0,0,0,0,01,11,0,0
D,89865050,946,3192,0,-273440,240,0,0,0,0,0,01,11,0,0
D,89866031,981,3192,0,-273440,224,0,0,0,0,0,01,11,0,0
D,89867036,1005,3192,0,-273440,222,0,0,0,0,0,01,11,0,0
D,89868022,986,3192,0,-273440,222,0,0,0,0,0,01,11,0,0
D,89869037,1015,3192,0,-273440,231,0,0,0,0,0,01,11,0,0
D,89870028,991,3192,0,-273440,222,0,0,0,0,0,01,11,0,0
D,89871031,1003,3192,0,-273440,222,0,0,0,0,0,01,11,0,0
D,89872036,1005,3192,0,-273440,222,0,0,0,0,0,01,11,0,0
D,89873111,1075,3192,0,-273440,303,0,0,0,0,0,01,11,0,0
D,89874179,1068,3192,0,-273440,379,0,0,0,0,0,01,11,0,0
D,89875061,882,3192,0,-273440,249,0,0,0,0,0,01,11,0,0
D,89876063,1002,3192,0,-273440,250,0,0,0,0,0,01,11,0,0
D,89877072,1009,3192,0,-273440,261,0,0,0,0,0,01,11,0,0
D,89878065,993,3192,0,-273440,255,0,0,0,0,0,01,11,0,0
D,89879059,994,3192,0,-273440,258,0,0,0,0,0,01,11,0,0
D,89880061,1002,3192,0,-273440,251,0,0,0,0,0,01,11,0,0
D,89881064,1003,3192,0,-273440,264,0,0,0,0,0,01,11,0,0
D,89882053,989,3192,0,-273440,253,0,0,0,0,0,01,11,0,0
D,89883064,1011,3192,0,-273440,258,0,0,0,0,0,01,11,0,0
D,89884104,1040,3192,0,-273440,294,0,0,0,0,0,01,11,0,0
D,89885049,945,3192,0,-273440,240,0,0,0,0,0,01,11,0,0
D,89886028,979,3192,0,-273440,224,0,0,0,0,0,01,11,0,0
D,89887031,1003,3192,0,-273440,222,0,0,0,0,0,01,11,0,0
D,89888036,1005,3192,0,-273440,222,0,0,0,0,0,01,11,0,0
D,89889038,1002,3192,0,-273440,231,0,0,0,0,0,01,11,0,0
D,89890029,991,3192,0,-273440,222,0,0,0,0,0,01,11,0,0
D,89891032,1003,3192,0,-273440,222,0,0,0,0,0,01,11,0,0
D,89892036,1004,3192,0,-273440,222,0,0,0,0,0,01,11,0,0
D,89893112,1076,3192,0,-273440,303,0,0,0,0,0,01,11,0,0
D,89894192,1080,3192,0,-273440,380,0,0,0,0,0,01,11,0,0
D,89895054,862,3192,0,-273440,247,0,0,0,0,0,01,11,0,0
D,89896054,1000,3192,0,-273440,251,0,0,0,0,0,01,11,0,0
D,89897072,1018,3192,0,-273440,264,0,0,0,0,0,01,11,0,0
D,89898062,990,3192,0,-273440,255,0,0,0,0,0,01,11,0,0
D,89899060,998,3192,0,-273440,254,0,0,0,0,0,01,11,0,0
D,89900061,1001,3192,0,-273440,254,0,0,0,0,0,01,11,0,0
D,89901077,1016,3192,0,-273440,262,0,0,0,0,0,01,11,0,0
D,89902054,977,3192,0,-273440,255,0,0,0,0,0,01,11,0,0
D,89903073,1019,3192,0,-273440,258,0,0,0,0,0,01,11,0,0
D,89904093,1020,3192,0,-273440,293,0,0,0,0,0,01,11,0,0
D,89905050,957,3192,0,-273440,240,0,0,0,0,0,01,11,0,0
D,89906030,980,3192,0,-273440,224,0,0,0,0,0,01,11,0,0
D,89907036,1006,3192,0,-273440,222,0,0,0,0,0,01,11,0,0
D,89908022,986,3192,0,-273440,222,0,0,0,0,0,01,11,0,0
D,89909038,1016,3192,0,-273440,231,0,0,0,0,0,01,11,0,0
D,89910028,990,3192,0,-273440,221,0,0,0,0,0,01,11,0,0
D,89911031,1003,3192,0,-273440,222,0,0,0,0,0,01,11,0,0
D,89912036,1005,3192,0,-273440,222,0,0,0,0,0,01,11,0,0
D,89913117,1081,3192,0,-273440,305,0,0,0,0,0,01,11,0,0
D,89914179,1062,3192,0,-273440,375,0,0,0,0,0,01,11,0,0
D,89915052,873,3192,0,-273440,249,0,0,0,0,0,01,11,0,0
D,89916062,1010,3192,0,-273440,250,0,0,0,0,0,01,11,0,0
D,89917070,1008,3192,0,-273440,260,0,0,0,0,0,01,11,0,0
D,89918061,991,3192,0,-273440,255,0,0,0,0,0,01,11,0,0
D,89919057,996,3192,0,-273440,257,0,0,0,0,0,01,11,0,0
D,89920061,1004,3192,0,-273440,254,0,0,0,0,0,01,11,0,0
D,89921069,1008,3192,0,-273440,266,0,0,0,0,0,01,11,0,0
D,89922059,990,3192,0,-273440,256,0,0,0,0,0,01,11,0,0
D,89923057,998,3192,0,-273440,257,0,0,0,0,0,01,11,0,0
D,89924101,1044,3192,0,-273440,294,0,0,0,0,0,01,11,0,0
D,89925041,940,3192,0,-273440,240,0,0,0,0,0,01,11,0,0
D,89926025,984,3192,0,-273440,225,0,0,0,0,0,01,11,0,0
D,89927027,1002,3192,0,-273440,222,0,0,0,0,0,01,11,0,0
D,89928030,1003,3192,0,-273440,222,0,0,0,0,0,01,11,0,0
D,89929043,1013,3192,0,-273440,231,0,0,0,0,0,01,11,0,0
D,89930036,993,3192,0,-273440,222,0,0,0,0,0,01,11,0,0
D,89931022,986,3192,0,-273440,222,0,0,0,0,0,01,11,0,0
D,89932024,1002,3192,0,-273440,221,0,0,0,0,0,01,11,0,0
D,89933106,1082,3192,0,-273440,303,0,0,0,0,0,01,11,0,0
D,89934185,1079,3192,0,-273440,379,0,0,0,0,0,01,11,0,0
D,89935047,862,3192,0,-273440,246,0,0,0,0,0,01,11,0,0
D,89936059,1012,3192,0,-273440,251,0,0,0,0,0,01,11,0,0
D,89937072,1013,3192,0,-273440,264,0,0,0,0,0,01,11,0,0
D,89938059,987,3192,0,-273440,252,0,0,0,0,0,01,11,0,0
D,89939072,1013,3192,0,-273440,257,0,0,0,0,0,01,11,0,0
D,89940060,988,3192,0,-273440,251,0,0,0,0,0,01,11,0,0
D,89941077,1017,3192,0,-273440,262,0,0,0,0,0,01,11,0,0
D,89942069,992,3192,0,-273440,255,0,0,0,0,0,01,11,0,0
D,89943061,992,3192,0,-273440,252,0,0,0,0,0,01,11,0,0
D,89944097,1036,3192,0,-273440,293,0,0,0,0,0,01,11,0,0
D,89945041,944,3192,0,-273440,241,0,0,0,0,0,01,11,0,0
D,89946039,998,3192,0,-273440,224,0,0,0,0,0,01,11,0,0
D,89947025,986,3192,0,-273440,222,0,0,0,0,0,01,11,0,0
D,89948027,1002,3192,0,-273440,221,0,0,0,0,0,01,11,0,0
D,89949040,1013,3192,0,-273440,231,0,0,0,0,0,01,11,0,0
D,89950031,991,3192,0,-273440,222,0,0,0,0,0,01,11,0,0
D,89951036,1005,3192,0,-273440,222,0,0,0,0,0,01,11,0,0
D,89952022,986,3192,0,-273440,222,0,0,0,0,0,01,11,0,0
D,89953120,1098,3192,0,-273440,306,0,0,0,0,0,01,11,0,0
D,89954177,1057,3192,0,-273440,372,0,0,0,0,0,01,11,0,0
D,89955064,887,3192,0,-273440,250,0,0,0,0,0,01,11,0,0
D,89956065,1001,3192,0,-273440,253,0,0,0,0,0,01,11,0,0
D,89957070,1005,3192,0,-273440,260,0,0,0,0,0,01,11,0,0
D,89958059,989,3192,0,-273440,252,0,0,0,0,0,01,11,0,0
D,89959071,1012,3192,0,-273440,257,0,0,0,0,0,01,11,0,0
D,89960056,985,3192,0,-273440,251,0,0,0,0,0,01,11,0,0
D,89961079,1023,3192,0,-273440,264,0,0,0,0,0,01,11,0,0
D,89962054,975,3192,0,-273440,252,0,0,0,0,0,01,11,0,0
D,89963068,1014,3192,0,-273440,257,0,0,0,0,0,01,11,0,0
D,89964099,1031,3192,0,-273440,294,0,0,0,0,0,01,11,0,0
D,89965044,945,3192,0,-273440,237,0,0,0,0,0,01,11,0,0
D,89966025,981,3192,0,-273440,224,0,0,0,0,0,01,11,0,0
D,89967028,1003,3192,0,-273440,222,0,0,0,0,0,01,11,0,0
D,89968031,1003,3192,0,-273440,222,0,0,0,0,0,01,11,0,0
D,89969036,1005,3192,0,-273440,231,0,0,0,0,0,01,11,0,0
D,89970027,991,3192,0,-273440,222,0,0,0,0,0,01,11,0,0
D,89971029,1002,3192,0,-273440,222,0,0,0,0,0,01,11,0,0
D,89972032,1003,3192,0,-273440,222,0,0,0,0,0,01,11,0,0
D,89973113,1081,3192,0,-273440,304,0,0,0,0,0,01,11,0,0
D,89974192,1079,3191,-1,-273439,381,0,8,0,0,0,01,11,0,0
D,89975055,863,3191,0,-273439,246,1,8,0,0,0,01,11,0,0
D,89976058,1003,3191,0,-273439,255,1,8,0,0,0,01,11,0,0
D,89977068,1010,3191,0,-273439,261,1,8,0,0,0,01,11,0,0
D,89978060,992,3191,0,-273439,255,1,8,0,0,0,01,11,0,0
D,89979074,1014,3191,0,-273439,260,2,8,0,0,0,01,11,0,0
D,89980053,979,3191,0,-273439,254,2,8,0,0,0,01,11,0,0
D,89981070,1017,3191,0,-273439,262,2,8,0,0,0,01,11,0,0
D,89982061,991,3191,0,-273439,256,2,8,0,0,0,01,11,0,0
D,89983063,1002,3191,0,-273439,260,3,8,0,0,0,01,11,0,0
D,89984093,1030,3191,0,-273439,291,3,8,0,0,0,01,11,0,0
D,89985051,958,3191,0,-273439,243,3,8,0,0,0,01,11,0,0
D,89986032,981,3191,0,-273439,224,3,8,0,0,0,01,11,0,0
D,89987036,1004,3191,0,-273439,222,3,8,0,0,0,01,11,0,0
D,89988022,986,3191,0,-273439,221,4,8,0,0,0,01,11,0,0
D,89989038,1016,3191,0,-273439,231,4,8,0,0,0,01,11,0,0
D,89990029,991,3191,0,-273439,222,4,8,0,0,0,01,11,0,0
D,89991032,1003,3191,0,-273439,222,4,8,0,0,0,01,11,0,0
D,89992036,1004,3191,0,-273439,222,4,8,0,0,0,01,11,0,0
D,89993107,1071,3191,0,-273439,299,4,8,0,0,0,01,11,0,0
D,89994204,1097,3191,0,-273439,389,5,8,0,0,0,01,11,0,0
D,89995051,847,3191,0,-273439,243,5,8,0,0,0,01,11,0,0
D,89996050,999,3191,0,-273439,251,5,8,0,0,0,01,11,0,0
D,89997074,1024,3191,0,-273439,263,5,8,0,0,0,01,11,0,0
D,89998062,988,3191,0,-273439,255,5,8,0,0,0,01,11,0,0
D,89999059,997,3191,0,-273439,254,5,8,0,0,0,01,11,0,0
D,90000061,1002,3191,0,-273439,254,5,8,0,0,0,01,11,0,0
D,90001071,1010,3191,0,-273439,266,5,8,0,0,0,01,11,0,0
D,90002062,991,3191,0,-273439,255,6,8,0,0,0,01,11,0,0
D,90003056,994,3191,0,-273439,255,6,8,0,0,0,01,11,0,0
D,90004103,1047,3191,0,-273439,297,6,8,0,0,0,01,11,0,0
D,90005040,937,3191,0,-273439,237,5,0,0,0,0,01,11,0,0
D,90006039,999,3191,0,-273439,224,5,0,0,0,0,01,11,0,0
D,90007025,986,3191,0,-273439,222,5,0,0,0,0,01,11,0,0
D,90008028,1003,3191,0,-273439,222,5,0,0,0,0,01,11,0,0
D,90009042,1014,3191,0,-273439,231,5,0,0,0,0,01,11,0,0
D,90010036,994,3191,0,-273439,222,5,0,0,0,0,01,11,0,0
D,90011022,986,3190,-1,-273438,222,5,8,0,0,0,01,11,0,0
D,90012024,1002,3191,1,-273439,221,4,0,0,0,0,01,11,0,0
D,90013108,1084,3191,0,-273439,307,4,0,0,0,0,01,11,0,0
D,90014184,1076,3191,0,-273439,377,4,0,0,0,0,01,11,0,0
D,90015053,869,3191,0,-273439,247,4,0,0,0,0,01,11,0,0
D,90016062,1009,3190,-1,-273438,255,4,8,0,0,0,01,11,0,0
D,90017068,1006,3190,0,-273438,260,4,8,0,0,0,01,11,0,0
D,90018061,993,3190,0,-273438,255,4,8,0,0,0,01,11,0,0
D,90019073,1012,3190,0,-273438,260,5,8,0,0,0,01,11,0,0
D,90020066,993,3190,0,-273438,254,5,8,0,0,0,01,11,0,0
D,90021069,1003,3190,0,-273438,263,5,8,0,0,0,01,11,0,0
D,90022059,990,3190,0,-273438,256,5,8,0,0,0,01,11,0,0
D,90023061,1002,3190,0,-273438,261,5,8,0,0,0,01,11,0,0
D,90024104,1043,3190,0,-273438,290,5,8,0,0,0,01,11,0,0
D,90025048,944,3190,0,-273438,243,5,8,0,0,0,01,11,0,0
D,90026028,980,3190,0,-273438,224,5,8,0,0,0,01,11,0,0
D,90027031,1003,3190,0,-273438,222,5,8,0,0,0,01,11,0,0
D,90028036,1005,3190,0,-273438,222,6,8,0,0,0,01,11,0,0
D,90029037,1001,3190,0,-273438,231,6,8,0,0,0,01,11,0,0
D,90030028,991,3190,0,-273438,222,6,8,0,0,0,01,11,0,0
D,90031031,1003,3190,0,-273438,222,6,8,0,0,0,01,11,0,0
D,90032036,1005,3190,0,-273438,222,6,8,0,0,0,01,11,0,0
D,90033113,1077,3190,0,-273438,298,6,8,0,0,0,01,11,0,0
D,90034189,1076,3190,0,-273438,386,6,8,0,0,0,01,11,0,0
D,90035051,862,3190,0,-273438,244,6,8,0,0,0,01,11,0,0
D,90036053,1002,3190,0,-273438,250,6,8,0,0,0,01,11,0,0
D,90037073,1020,3190,0,-273438,263,6,8,0,0,0,01,11,0,0
D,90038064,991,3190,0,-273438,256,6,8,0,0,0,01,11,0,0
D,90039062,998,3190,0,-273438,254,6,8,0,0,0,01,11,0,0
D,90040068,1006,3190,0,-273438,254,7,8,0,0,0,01,11,0,0
D,90041077,1009,3190,0,-273438,266,6,0,0,0,0,01,11,0,0
D,90042066,989,3190,0,-273438,252,6,8,0,0,0,01,11,0,0
D,90043062,996,3190,0,-273438,257,6,8,0,0,0,01,11,0,0
D,90044104,1042,3190,0,-273438,298,6,8,0,0,0,01,11,0,0
D,90045041,937,3190,0,-273438,237,7,8,0,0,0,01,11,0,0
D,90046039,998,3190,0,-273438,224,7,8,0,0,0,01,11,0,0
D,90047025,986,3190,0,-273438,222,6,0,0,0,0,01,11,0,0
D,90048028,1003,3190,0,-273438,222,6,0,0,0,0,01,11,0,0
D,90049042,1014,3190,0,-273438,231,6,0,0,0,0,01,11,0,0
D,90050036,994,3190,0,-273438,222,6,0,0,0,0,01,11,0,0
D,90051022,986,3190,0,-273438,222,5,0,0,0,0,01,11,0,0
D,90052024,1002,3189,-1,-273437,222,5,8,0,0,0,01,11,0,0
D,90053108,1084,3189,0,-273437,306,6,8,0,0,0,01,11,0,0
D,90054180,1072,3190,1,-273438,374,5,0,0,0,0,01,11,0,0
D,90055051,871,3190,0,-273438,247,5,0,0,0,0,01,11,0,0
D,90056061,1010,3189,-1,-273437,254,5,8,0,0,0,01,11,0,0
D,90057068,1007,3189,0,-273437,261,5,8,0,0,0,01,11,0,0
D,90058061,993,3189,0,-273437,255,6,8,0,0,0,01,11,0,0
D,90059076,1015,3189,0,-273437,261,6,8,0,0,0,01,11,0,0
D,90060069,993,3189,0,-273437,255,6,8,0,0,0,01,11,0,0
D,90061068,999,3189,0,-273437,263,6,8,0,0,0,01,11,0,0
D,90062059,991,3189,0,-273437,255,6,8,0,0,0,01,11,0,0
D,90063075,1016,3189,0,-273437,261,6,8,0,0,0,01,11,0,0
D,90064097,1022,3189,0,-273437,292,6,8,0,0,0,01,11,0,0
D,90065053,956,3189,0,-273437,243,6,8,0,0,0,01,11,0,0
D,90066034,981,3189,0,-273437,224,6,8,0,0,0,01,11,0,0
D,90067022,988,3189,0,-273437,222,6,8,0,0,0,01,11,0,0
D,90068024,1002,3189,0,-273437,221,6,8,0,0,0,01,11,0,0
D,90069038,1014,3189,0,-273437,231,6,8,0,0,0,01,11,0,0
D,90070029,991,3189,0,-273437,222,6,8,0,0,0,01,11,0,0
D,90094018,23989,3188,0,-273436,425,0,8,0,0,0,48,11,0,0
D,90094843,825,3188,0,-273436,251,0,0,0,0,0,01,11,0,0
D,90095854,1011,3188,0,-273436,251,0,0,0,0,0,01,11,0,0
D,90096850,996,3188,0,-273436,257,0,0,0,0,0,01,11,0,0
D,90097839,989,3188,0,-273436,247,0,0,0,0,0,01,11,0,0
D,90098852,1013,3188,0,-273436,252,0,0,0,0,0,01,11,0,0
D,90099847,995,3188,0,-273436,250,0,0,0,0,0,01,11,0,0
D,90100852,1005,3188,0,-273436,254,0,0,0,0,0,01,11,0,0
D,90101849,997,3188,0,-273436,247,0,0,0,0,0,01,11,0,0
D,90102853,1004,3188,0,-273436,252,0,0,0,0,0,01,11,0,0
D,90103896,1043,3188,0,-273436,295,0,0,0,0,0,01,11,0,0
D,90104819,923,3188,0,-273436,231,0,0,0,0,0,01,11,0,0
D,90105822,1003,3188,0,-273436,223,0,0,0,0,0,01,11,0,0
D,90106820,998,3188,0,-273436,222,0,0,0,0,0,01,11,0,0
D,90107819,999,3188,0,-273436,222,0,0,0,0,0,01,11,0,0
D,90108825,1006,3188,0,-273436,227,0,0,0,0,0,01,11,0,0
D,90109825,1000,3188,0,-273436,222,0,0,0,0,0,01,11,0,0
D,90110824,999,3188,0,-273436,222,0,0,0,0,0,01,11,0,0
D,90111825,1001,3188,0,-273436,223,0,0,0,0,0,01,11,0,0
D,90112939,1114,3188,0,-273436,328,0,0,0,0,0,01,11,0,0
D,90114036,1097,3188,0,-273436,432,0,0,0,0,0,01,11,0,0
D,90114880,844,3188,0,-273436,275,0,0,0,0,0,01,11,0,0
D,90115856,976,3188,0,-273436,257,0,0,0,0,0,01,11,0,0
D,90116856,1000,3188,0,-273436,261,0,0,0,0,0,01,11,0,0
D,90117851,995,3188,0,-273436,250,0,0,0,0,0,01,11,0,0
D,90118861,1010,3188,0,-273436,257,0,0,0,0,0,01,11,0,0
D,90119850,989,3187,-1,-273435,252,0,9,0,0,0,01,11,0,0
D,90120859,1009,3187,0,-273435,255,1,9,0,0,0,01,11,0,0
D,90121850,991,3188,1,-273436,251,1,0,0,0,0,01,11,0,0
D,90122860,1010,3187,-1,-273435,256,1,8,0,0,0,01,11,0,0
D,90123903,1043,3187,0,-273435,303,1,8,0,0,0,01,11,0,0
D,90124836,933,3187,0,-273435,244,2,8,0,0,0,01,11,0,0
D,90125826,990,3187,0,-273435,231,2,8,0,0,0,01,11,0,0
D,90126821,995,3187,0,-273435,227,2,8,0,0,0,01,11,0,0
D,90127834,1013,3187,0,-273435,231,2,8,0,0,0,01,11,0,0
D,90128834,1000,3187,0,-273435,231,2,8,0,0,0,01,11,0,0
D,90129832,998,3187,0,-273435,231,3,8,0,0,0,01,11,0,0
D,90130827,995,3187,0,-273435,228,3,8,0,0,0,01,11,0,0
D,90131826,999,3187,0,-273435,231,3,8,0,0,0,01,11,0,0
D,90132937,1111,3187,0,-273435,325,3,8,0,0,0,01,11,0,0
D,90134019,1082,3187,0,-273435,420,4,8,0,0,0,01,11,0,0
D,90134888,869,3187,0,-273435,291,4,8,0,0,0,01,11,0,0
D,90135849,961,3187,0,-273435,254,4,8,0,0,0,01,11,0,0
D,90136855,1006,3187,0,-273435,257,4,8,0,0,0,01,11,0,0
D,90137845,990,3187,0,-273435,257,4,8,0,0,0,01,11,0,0
D,90138858,1013,3187,0,-273435,257,4,8,0,0,0,01,11,0,0
D,90139857,999,3187,0,-273435,252,4,8,0,0,0,01,11,0,0
D,90140859,1002,3187,0,-273435,257,5,8,0,0,0,01,11,0,0
D,90141843,984,3187,0,-273435,255,5,8,0,0,0,01,11,0,0
D,90142856,1013,3187,0,-273435,257,5,8,0,0,0,01,11,0,0
D,90143894,1038,3187,0,-273435,290,5,8,0,0,0,01,11,0,0
D,90144848,954,3187,0,-273435,252,5,8,0,0,0,01,11,0,0
D,90145832,984,3187,0,-273435,231,5,8,0,0,0,01,11,0,0
D,90146827,995,3187,0,-273435,227,5,8,0,0,0,01,11,0,0
D,90147825,998,3187,0,-273435,231,5,8,0,0,0,01,11,0,0
D,90148831,1006,3187,0,-273435,231,6,8,0,0,0,01,11,0,0
D,90149829,998,3187,0,-273435,231,6,8,0,0,0,01,11,0,0
D,90150824,995,3187,0,-273435,227,5,0,0,0,0,01,11,0,0
D,90151821,997,3187,0,-273435,231,5,0,0,0,0,01,11,0,0
D,90152923,1102,3187,0,-273435,319,5,0,0,0,0,01,11,0,0
D,90154050,1127,3187,0,-273435,435,5,0,0,0,0,01,11,0,0
D,90154879,829,3187,0,-273435,280,5,0,0,0,0,01,11,0,0
D,90155856,977,3187,0,-273435,251,4,0,0,0,0,01,11,0,0
D,90156863,1007,3187,0,-273435,261,4,0,0,0,0,01,11,0,0
D,90157851,988,3187,0,-273435,250,4,0,0,0,0,01,11,0,0
D,90158852,1001,3187,0,-273435,257,4,0,0,0,0,01,11,0,0
D,90159855,1003,3186,-1,-273434,251,4,8,0,0,0,01,11,0,0
D,90160858,1003,3186,0,-273434,260,4,8,0,0,0,01,11,0,0
D,90161845,987,3186,0,-273434,247,4,8,0,0,0,01,11,0,0
D,90162857,1012,3187,1,-273435,257,4,0,0,0,0,01,11,0,0
D,90163899,1042,3186,-1,-273434,306,4,8,0,0,0,01,11,0,0
D,90164840,941,3186,0,-273434,246,4,8,0,0,0,01,11,0,0
D,90165827,987,3186,0,-273434,231,5,8,0,0,0,01,11,0,0
D,90166822,995,3186,0,-273434,227,5,8,0,0,0,01,11,0,0
D,90167836,1014,3186,0,-273434,231,5,8,0,0,0,01,11,0,0
D,90168821,985,3186,0,-273434,231,5,8,0,0,0,01,11,0,0
D,90169835,1014,3186,0,-273434,231,5,8,0,0,0,01,11,0,0
D,90170831,996,3186,0,-273434,227,5,8,0,0,0,01,11,0,0
D,90171827,996,3186,0,-273434,231,5,8,0,0,0,01,11,0,0
D,90172937,1110,3186,0,-273434,341,5,8,0,0,0,01,11,0,0
D,90174020,1083,3186,0,-273434,424,6,8,0,0,0,01,11,0,0
D,90174882,862,3186,0,-273434,292,6,8,0,0,0,01,11,0,0
D,90175856,974,3186,0,-273434,256,6,8,0,0,0,01,11,0,0
D,90176853,997,3186,0,-273434,262,6,8,0,0,0,01,11,0,0
D,90177842,989,3186,0,-273434,252,6,8,0,0,0,01,11,0,0
D,90178856,1014,3186,0,-273434,258,6,8,0,0,0,01,11,0,0
D,90179842,986,3186,0,-273434,252,6,8,0,0,0,01,11,0,0
D,90180861,1019,3186,0,-273434,259,6,8,0,0,0,01,11,0,0
D,90181857,996,3186,0,-273434,253,6,8,0,0,0,01,11,0,0
D,90182854,997,3186,0,-273434,258,6,8,0,0,0,01,11,0,0
D,90183898,1044,3186,0,-273434,300,6,8,0,0,0,01,11,0,0
D,90184855,957,3186,0,-273434,255,6,8,0,0,0,01,11,0,0
D,90185826,971,3186,0,-273434,231,6,8,0,0,0,01,11,0,0
D,90186822,996,3186,0,-273434,227,7,8,0,0,0,01,11,0,0
D,90187819,997,3186,0,-273434,231,7,8,0,0,0,01,11,0,0
D,90188821,1002,3186,0,-273434,231,7,8,0,0,0,01,11,0,0
D,90189823,1002,3186,0,-273434,231,7,8,0,0,0,01,11,0,0
D,90190821,998,3186,0,-273434,227,6,0,0,0,0,01,11,0,0
D,90191836,1015,3186,0,-273434,231,6,0,0,0,0,01,11,0,0
D,90192922,1086,3186,0,-273434,325,6,8,0,0,0,01,11,0,0
D,90194045,1123,3186,0,-273434,433,6,0,0,0,0,01,11,0,0
D,90194876,831,3186,0,-273434,279,6,0,0,0,0,01,11,0,0
D,90195852,976,3186,0,-273434,250,6,0,0,0,0,01,11,0,0
D,90196862,1010,3186,0,-273434,261,5,0,0,0,0,01,11,0,0
D,90197845,983,3186,0,-273434,250,5,0,0,0,0,01,11,0,0
D,90198862,1017,3186,0,-273434,258,5,0,0,0,0,01,11,0,0
D,90199853,991,3186,0,-273434,249,5,0,0,0,0,01,11,0,0
D,90200862,1009,3186,0,-273434,261,5,0,0,0,0,01,11,0,0
D,90201851,989,3186,0,-273434,248,4,0,0,0,0,01,11,0,0
D,90202848,997,3186,0,-273434,258,4,0,0,0,0,01,11,0,0
D,90203905,1057,3186,0,-273434,303,4,0,0,0,0,01,11,0,0
D,90204850,945,3186,0,-273434,248,4,0,0,0,0,01,11,0,0
D,90205823,973,3186,0,-273434,231,4,0,0,0,0,01,11,0,0
D,90206821,998,3185,-1,-273433,227,4,8,0,0,0,01,11,0,0
D,90207836,1015,3185,0,-273433,231,4,8,0,0,0,01,11,0,0
D,90208821,985,3186,1,-273434,231,4,0,0,0,0,01,11,0,0
D,90209823,1002,3185,-1,-273433,231,4,8,0,0,0,01,11,0,0
D,90210821,998,3185,0,-273433,227,4,8,0,0,0,01,11,0,0
D,90211836,1015,3185,0,-273433,231,4,8,0,0,0,01,11,0,0
D,90212934,1098,3185,0,-273433,326,5,8,0,0,0,01,11,0,0
D,90214030,1096,3185,0,-273433,428,5,8,0,0,0,01,11,0,0
D,90214893,863,3185,0,-273433,288,5,8,0,0,0,01,11,0,0
D,90215849,956,3185,0,-273433,255,5,8,0,0,0,01,11,0,0
D,90216857,1008,3185,0,-273433,261,5,8,0,0,0,01,11,0,0
D,90217845,988,3185,0,-273433,253,5,8,0,0,0,01,11,0,0
D,90218864,1019,3185,0,-273433,260,5,8,0,0,0,01,11,0,0
D,90219854,990,3185,0,-273433,251,5,8,0,0,0,01,11,0,0
D,90220858,1004,3185,0,-273433,257,5,8,0,0,0,01,11,0,0
D,90221855,997,3185,0,-273433,254,6,8,0,0,0,01,11,0,0
D,90222858,1003,3185,0,-273433,260,6,8,0,0,0,01,11,0,0
D,90223894,1036,3185,0,-273433,298,6,8,0,0,0,01,11,0,0
D,90224851,957,3185,0,-273433,254,6,8,0,0,0,01,11,0,0
D,90225823,972,3185,0,-273433,231,6,8,0,0,0,01,11,0,0
D,90226821,998,3185,0,-273433,227,6,8,0,0,0,01,11,0,0
D,90227836,1015,3185,0,-273433,231,6,8,0,0,0,01,11,0,0
D,90228821,985,3185,0,-273433,231,6,8,0,0,0,01,11,0,0
D,90229823,1002,3185,0,-273433,231,6,8,0,0,0,01,11,0,0
D,90230821,998,3185,0,-273433,227,6,8,0,0,0,01,11,0,0
D,90231836,1015,3185,0,-273433,231,6,8,0,0,0,01,11,0,0
D,90232924,1088,3185,0,-273433,325,6,8,0,0,0,01,11,0,0
D,90234050,1126,3185,0,-273433,441,7,8,0,0,0,01,11,0,0
D,90234886,836,3185,0,-273433,281,7,8,0,0,0,01,11,0,0
D,90235852,966,3185,0,-273433,251,7,8,0,0,0,01,11,0,0
D,90236861,1009,3185,0,-273433,263,6,0,0,0,0,01,11,0,0
D,90237847,986,3185,0,-273433,251,6,0,0,0,0,01,11,0,0
D,90238862,1015,3185,0,-273433,257,6,8,0,0,0,01,11,0,0
D,90239855,993,3185,0,-273433,250,6,0,0,0,0,01,11,0,0
D,90240860,1005,3184,-1,-273432,261,6,8,0,0,0,01,11,0,0
D,90241850,990,3184,0,-273432,249,6,8,0,0,0,01,11,0,0
D,90242848,998,3184,0,-273432,258,6,8,0,0,0,01,11,0,0
D,90243895,1047,3184,0,-273432,304,6,8,0,0,0,01,11,0,0
D,90244841,946,3184,0,-273432,246,6,8,0,0,0,01,11,0,0
D,90245829,988,3184,0,-273432,231,6,8,0,0,0,01,11,0,0
D,90246825,996,3184,0,-273432,227,6,8,0,0,0,01,11,0,0
D,90247823,998,3184,0,-273432,230,6,8,0,0,0,01,11,0,0
D,90248830,1007,3184,0,-273432,231,7,8,0,0,0,01,11,0,0
D,90249829,999,3184,0,-273432,231,7,8,0,0,0,01,11,0,0
D,90250825,996,3184,0,-273432,227,7,8,0,0,0,01,11,0,0
D,90251823,998,3184,0,-273432,231,7,8,0,0,0,01,11,0,0
D,90252940,1117,3184,0,-273432,343,7,8,0,0,0,01,11,0,0
D,90254036,1096,3184,0,-273432,420,7,8,0,0,0,01,11,0,0
D,90254877,841,3184,0,-273432,283,7,8,0,0,0,01,11,0,0
D,90255849,972,3184,0,-273432,257,7,8,0,0,0,01,11,0,0
D,90256854,1005,3184,0,-273432,258,7,8,0,0,0,01,11,0,0
D,90257846,992,3184,0,-273432,256,7,8,0,0,0,01,11,0,0
D,90258860,1014,3184,0,-273432,258,7,8,0,0,0,01,11,0,0
D,90259851,991,3184,0,-273432,252,7,8,0,0,0,01,11,0,0
D,90260850,999,3184,0,-273432,257,7,8,0,0,0,01,11,0,0
D,90261854,1004,3184,0,-273432,253,7,8,0,0,0,01,11,0,0
D,90262852,998,3184,0,-273432,257,7,8,0,0,0,01,11,0,0
D,90263892,1040,3184,0,-273432,297,7,8,0,0,0,01,11,0,0
D,90264846,954,3184,0,-273432,253,7,8,0,0,0,01,11,0,0
D,90265834,988,3184,0,-273432,231,7,8,0,0,0,01,11,0,0
D,90266831,997,3184,0,-273432,227,7,8,0,0,0,01,11,0,0
D,90267828,997,3184,0,-273432,231,7,8,0,0,0,01,11,0,0
D,90268830,1002,3184,0,-273432,231,7,8,0,0,0,01,11,0,0
D,90269829,999,3184,0,-273432,231,7,8,0,0,0,01,11,0,0
D,90270825,996,3184,0,-273432,228,7,8,0,0,0,01,11,0,0
# DIAG n=2304 wrapped=1

[HOST 2026-09-18T10:21:40.827] TX r
# S2: driver config re-applied and verified
# fault cleared; tmc=1 dirCal=1

[HOST 2026-09-18T10:21:41.775] TX s
# state=MANUAL_ADJUSTMENT fault=NONE angle=226.32 wedge=7 omega=0.0174 natStop=0.6 pos=FRESH vel=VALID age_us=575 dirCal=1(sign -1) tmc=1 takeover=1 rawZero=88 stage=0 cmd=0.000
MANUAL-ADJUST travel=+10.5deg durMs=693 wedge=7 (no spin, no motor)

[HOST 2026-09-18T10:21:49.275] TX d
# DIAG armed: RAM-only 1 kHz capture; dumps after true stop or fault.
SPIN#9 START dir=-1 omega=-0.198 wedge=7
SPIN#9 RELEASE speed=0.394 peak=0.428 angle=99.2
SPIN#9 RESERVE targetW=10 targetAngle=304.9 runway=154.4 natStop=178.8 speed=0.394 q=0 urgent=0
SPIN#9 CAPTURE fasDir=+1 wheel=0.369 cmd0=0.350 hz=1121 aPlan=0.1537(492 sps2) aFas=3936 remain=143.8
FAULT code=MOTOR_FIGHT detail=wheel far below field speed state=CONTROLLED_DECEL angle=67.7 wedge=2 omega=-0.064 cmd=0.069
SPIN#9 SUMMARY dir=-1 peak=0.428 releaseMs=820 relAngle=99.2 relSpeed=0.394 targetW=10 targetAngle=304.9 runway=154.4 natStop=178.8 fricC=0.5500 fricB=0.2800 tkSpeed=0.369 cmdMax=0.350 cmdMin=0.069 rise=0.000 maxDecel=5.284 final=132.4 finalW=4 err=172.5 quality=0 result=FAULTED fault=MOTOR_FIGHT fitRej=0 fitsCW=0 fitsCCW=0
# DIAG columns: done_us,dt_good_us,raw,delta,counts,i2c_us,omega_mrev,window_mrev,cmd_mrev,fas_mrev,remain_ddeg,flags_hex,state,stage,current_ma
D,2137004084,1048,2135,0,-284671,298,-133,-126,0,0,0,01,11,0,0
D,2137005024,940,2136,1,-284672,239,-133,-134,0,0,0,01,11,0,0
D,2137006009,985,2136,0,-284672,225,-133,-126,0,0,0,01,11,0,0
D,2137007013,1004,2137,1,-284673,222,-133,-134,0,0,0,01,11,0,0
D,2137008000,987,2137,0,-284673,222,-132,-126,0,0,0,01,11,0,0
D,2137009022,1022,2138,1,-284674,231,-132,-134,0,0,0,01,11,0,0
D,2137009998,976,2139,1,-284675,222,-132,-134,0,0,0,01,11,0,0
D,2137011004,1006,2139,0,-284675,222,-133,-134,0,0,0,01,11,0,0
D,2137012008,1004,2140,1,-284676,222,-133,-134,0,0,0,01,11,0,0
D,2137013093,1085,2140,0,-284676,303,-132,-130,0,0,0,01,11,0,0
D,2137014137,1044,2141,1,-284677,354,-132,-130,0,0,0,01,11,0,0
D,2137015045,908,2141,0,-284677,254,-132,-130,0,0,0,01,11,0,0
D,2137016037,992,2142,1,-284678,249,-132,-130,0,0,0,01,11,0,0
D,2137017045,1008,2142,0,-284678,265,-132,-130,0,0,0,01,11,0,0
D,2137018032,987,2143,1,-284679,255,-132,-138,0,0,0,01,11,0,0
D,2137019050,1018,2143,0,-284679,260,-132,-130,0,0,0,01,11,0,0
D,2137020028,978,2144,1,-284680,247,-132,-130,0,0,0,01,11,0,0
D,2137021048,1020,2145,1,-284681,267,-132,-138,0,0,0,01,11,0,0
D,2137022032,984,2145,0,-284681,255,-132,-130,0,0,0,01,11,0,0
D,2137023040,1008,2145,0,-284681,259,-132,-126,0,0,0,01,11,0,0
D,2137024071,1031,2146,1,-284682,294,-132,-134,0,0,0,01,11,0,0
D,2137025026,955,2147,1,-284683,240,-132,-134,0,0,0,01,11,0,0
D,2137026012,986,2147,0,-284683,226,-132,-134,0,0,0,01,11,0,0
D,2137026999,987,2148,1,-284684,222,-132,-134,0,0,0,01,11,0,0
D,2137028007,1008,2148,0,-284684,222,-132,-126,0,0,0,01,11,0,0
D,2137029021,1014,2149,1,-284685,231,-132,-134,0,0,0,01,11,0,0
D,2137030014,993,2149,0,-284685,222,-132,-126,0,0,0,01,11,0,0
D,2137031004,990,2150,1,-284686,222,-132,-134,0,0,0,01,11,0,0
D,2137032008,1004,2150,0,-284686,222,-132,-134,0,0,0,01,11,0,0
D,2137033088,1080,2151,1,-284687,304,-132,-130,0,0,0,01,11,0,0
D,2137034161,1073,2152,1,-284688,370,-132,-138,0,0,0,01,11,0,0
D,2137035027,866,2152,0,-284688,247,-132,-130,0,0,0,01,11,0,0
D,2137036040,1013,2153,1,-284689,253,-132,-138,0,0,0,01,11,0,0
D,2137037052,1012,2153,0,-284689,261,-132,-130,0,0,0,01,11,0,0
D,2137038049,997,2154,1,-284690,258,-133,-138,0,0,0,01,11,0,0
D,2137039045,996,2154,0,-284690,257,-132,-130,0,0,0,01,11,0,0
D,2137040041,996,2155,1,-284691,254,-132,-130,0,0,0,01,11,0,0
D,2137041039,998,2155,0,-284691,262,-132,-130,0,0,0,01,11,0,0
D,2137042045,1006,2156,1,-284692,255,-132,-130,0,0,0,01,11,0,0
D,2137043038,993,2156,0,-284692,257,-132,-126,0,0,0,01,11,0,0
D,2137044087,1049,2157,1,-284693,300,-132,-134,0,0,0,01,11,0,0
D,2137045015,928,2157,0,-284693,238,-132,-127,0,0,0,01,11,0,0
D,2137046011,996,2158,1,-284694,224,-132,-134,0,0,0,01,11,0,0
D,2137046998,987,2158,0,-284694,222,-132,-126,0,0,0,01,11,0,0
D,2137048005,1007,2159,1,-284695,222,-132,-134,0,0,0,01,11,0,0
D,2137049022,1017,2160,1,-284696,231,-132,-134,0,0,0,01,11,0,0
D,2137049998,976,2160,0,-284696,222,-132,-134,0,0,0,01,11,0,0
D,2137051005,1007,2161,1,-284697,222,-132,-134,0,0,0,01,11,0,0
D,2137052009,1004,2161,0,-284697,222,-132,-126,0,0,0,01,11,0,0
D,2137053079,1070,2162,1,-284698,301,-132,-138,0,0,0,01,11,0,0
D,2137054166,1087,2162,0,-284698,374,-132,-130,0,0,0,01,11,0,0
D,2137055028,862,2163,1,-284699,245,-132,-130,0,0,0,01,11,0,0
D,2137056042,1014,2163,0,-284699,254,-132,-130,0,0,0,01,11,0,0
D,2137057038,996,2164,1,-284700,261,-132,-130,0,0,0,01,11,0,0
D,2137058046,1008,2164,0,-284700,255,-132,-130,0,0,0,01,11,0,0
D,2137059042,996,2165,1,-284701,258,-132,-130,0,0,0,01,11,0,0
D,2137060028,986,2165,0,-284701,251,-132,-130,0,0,0,01,11,0,0
D,2137061042,1014,2166,1,-284702,262,-132,-130,0,0,0,01,11,0,0
D,2137062037,995,2166,0,-284702,258,-131,-130,0,0,0,01,11,0,0
D,2137063041,1004,2167,1,-284703,257,-132,-134,0,0,0,01,11,0,0
D,2137064084,1043,2167,0,-284703,299,-131,-126,0,0,0,01,11,0,0
D,2137065025,941,2168,1,-284704,237,-131,-127,0,0,0,01,11,0,0
D,2137066008,983,2169,1,-284705,225,-131,-134,0,0,0,01,11,0,0
D,2137067011,1003,2169,0,-284705,222,-131,-126,0,0,0,01,11,0,0
D,2137067998,987,2169,0,-284705,222,-131,-126,0,0,0,01,11,0,0
D,2137069020,1022,2170,1,-284706,231,-131,-126,0,0,0,01,11,0,0
D,2137070012,992,2170,0,-284706,222,-131,-126,0,0,0,01,11,0,0
D,2137071000,988,2171,1,-284707,221,-130,-126,0,0,0,01,11,0,0
D,2137072008,1008,2172,1,-284708,222,-130,-134,0,0,0,01,11,0,0
D,2137073083,1075,2172,0,-284708,307,-130,-130,0,0,0,01,11,0,0
D,2137074155,1072,2173,1,-284709,362,-130,-130,0,0,0,01,11,0,0
D,2137075043,888,2173,0,-284709,253,-130,-130,0,0,0,01,11,0,0
D,2137076038,995,2174,1,-284710,251,-130,-130,0,0,0,01,11,0,0
D,2137077053,1015,2174,0,-284710,263,-130,-130,0,0,0,01,11,0,0
D,2137078043,990,2175,1,-284711,256,-130,-130,0,0,0,01,11,0,0
D,2137079048,1005,2175,0,-284711,258,-130,-122,0,0,0,01,11,0,0
D,2137080025,977,2176,1,-284712,248,-130,-130,0,0,0,01,11,0,0
D,2137081046,1021,2176,0,-284712,264,-130,-122,0,0,0,01,11,0,0
D,2137082031,985,2177,1,-284713,255,-130,-130,0,0,0,01,11,0,0
D,2137083051,1020,2177,0,-284713,259,-130,-126,0,0,0,01,11,0,0
D,2137084080,1029,2178,1,-284714,298,-129,-126,0,0,0,01,11,0,0
D,2137085014,934,2178,0,-284714,239,-129,-127,0,0,0,01,11,0,0
D,2137086014,1000,2179,1,-284715,225,-129,-126,0,0,0,01,11,0,0
D,2137087004,990,2180,1,-284716,222,-129,-134,0,0,0,01,11,0,0
D,2137088008,1004,2180,0,-284716,222,-129,-126,0,0,0,01,11,0,0
D,2137089022,1014,2181,1,-284717,231,-129,-134,0,0,0,01,11,0,0
D,2137089999,977,2181,0,-284717,222,-129,-126,0,0,0,01,11,0,0
D,2137091007,1008,2182,1,-284718,222,-130,-134,0,0,0,01,11,0,0
D,2137092011,1004,2182,0,-284718,222,-129,-126,0,0,0,01,11,0,0
D,2137093090,1079,2183,1,-284719,301,-129,-130,0,0,0,01,11,0,0
D,2137094153,1063,2184,1,-284720,368,-130,-138,0,0,0,01,11,0,0
D,2137095033,880,2184,0,-284720,247,-130,-130,0,0,0,01,11,0,0
D,2137096027,994,2184,0,-284720,251,-129,-122,0,0,0,01,11,0,0
D,2137097053,1026,2185,1,-284721,261,-130,-130,0,0,0,01,11,0,0
D,2137098038,985,2186,1,-284722,254,-130,-138,0,0,0,01,11,0,0
D,2137099045,1007,2186,0,-284722,257,-130,-130,0,0,0,01,11,0,0
D,2137100040,995,2187,1,-284723,250,-130,-138,0,0,0,01,11,0,0
D,2137101042,1002,2187,0,-284723,261,-130,-130,0,0,0,01,11,0,0
D,2137102041,999,2187,0,-284723,254,-130,-122,0,0,0,01,11,0,0
D,2137103036,995,2188,1,-284724,257,-130,-126,0,0,0,01,11,0,0
D,2137104081,1045,2189,1,-284725,298,-130,-134,0,0,0,01,11,0,0
D,2137105015,934,2189,0,-284725,238,-130,-127,0,0,0,01,11,0,0
D,2137106011,996,2190,1,-284726,224,-130,-134,0,0,0,01,11,0,0
D,2137106998,987,2190,0,-284726,222,-130,-126,0,0,0,01,11,0,0
D,2137108005,1007,2191,1,-284727,222,-130,-134,0,0,0,01,11,0,0
D,2137109022,1017,2191,0,-284727,231,-130,-126,0,0,0,01,11,0,0
D,2137109998,976,2192,1,-284728,222,-130,-134,0,0,0,01,11,0,0
D,2137111004,1006,2192,0,-284728,222,-130,-126,0,0,0,01,11,0,0
D,2137112008,1004,2193,1,-284729,222,-130,-134,0,0,0,01,11,0,0
D,2137113088,1080,2193,0,-284729,302,-130,-130,0,0,0,01,11,0,0
D,2137114151,1063,2194,1,-284730,366,-130,-130,0,0,0,01,11,0,0
D,2137115036,885,2194,0,-284730,249,-130,-130,0,0,0,01,11,0,0
D,2137116043,1007,2195,1,-284731,251,-130,-130,0,0,0,01,11,0,0
D,2137117052,1009,2196,1,-284732,263,-130,-130,0,0,0,01,11,0,0
D,2137118032,980,2196,0,-284732,252,-130,-130,0,0,0,01,11,0,0
D,2137119044,1012,2197,1,-284733,258,-130,-130,0,0,0,01,11,0,0
D,2137120030,986,2197,0,-284733,252,-130,-130,0,0,0,01,11,0,0
D,2137121050,1020,2198,1,-284734,263,-130,-130,0,0,0,01,11,0,0
D,2137122038,988,2198,0,-284734,256,-130,-130,0,0,0,01,11,0,0
D,2137123043,1005,2199,1,-284735,258,-130,-134,0,0,0,01,11,0,0
D,2137124089,1046,2199,0,-284735,298,-130,-126,0,0,0,01,11,0,0
D,2137125015,926,2200,1,-284736,239,-130,-127,0,0,0,01,11,0,0
D,2137126013,998,2200,0,-284736,225,-130,-126,0,0,0,01,11,0,0
D,2137127001,988,2201,1,-284737,222,-130,-134,0,0,0,01,11,0,0
D,2137128008,1007,2201,0,-284737,222,-130,-126,0,0,0,01,11,0,0
D,2137129022,1014,2202,1,-284738,231,-130,-126,0,0,0,01,11,0,0
D,2137129998,976,2203,1,-284739,222,-130,-134,0,0,0,01,11,0,0
D,2137131005,1007,2203,0,-284739,222,-130,-126,0,0,0,01,11,0,0
D,2137132009,1004,2204,1,-284740,222,-130,-134,0,0,0,01,11,0,0
D,2137133082,1073,2204,0,-284740,302,-130,-130,0,0,0,01,11,0,0
D,2137134139,1057,2205,1,-284741,360,-130,-130,0,0,0,01,11,0,0
D,2137135029,890,2205,0,-284741,253,-130,-130,0,0,0,01,11,0,0
D,2137136035,1006,2206,1,-284742,250,-130,-130,0,0,0,01,11,0,0
D,2137137041,1006,2206,0,-284742,263,-130,-130,0,0,0,01,11,0,0
D,2137138029,988,2207,1,-284743,252,-130,-130,0,0,0,01,11,0,0
D,2137139044,1015,2207,0,-284743,258,-130,-130,0,0,0,01,11,0,0
D,2137140042,998,2207,0,-284743,252,-130,-122,0,0,0,01,11,0,0
D,2137141047,1005,2208,1,-284744,264,-130,-130,0,0,0,01,11,0,0
D,2137142032,985,2209,1,-284745,252,-130,-130,0,0,0,01,11,0,0
D,2137143050,1018,2209,0,-284745,259,-129,-126,0,0,0,01,11,0,0
D,2137144078,1028,2210,1,-284746,296,-130,-134,0,0,0,01,11,0,0
D,2137145016,938,2210,0,-284746,238,-129,-127,0,0,0,01,11,0,0
D,2137146013,997,2211,1,-284747,225,-130,-134,0,0,0,01,11,0,0
D,2137147001,988,2211,0,-284747,222,-130,-126,0,0,0,01,11,0,0
D,2137148008,1007,2212,1,-284748,222,-129,-126,0,0,0,01,11,0,0
D,2137149022,1014,2212,0,-284748,231,-129,-126,0,0,0,01,11,0,0
D,2137149998,976,2212,0,-284748,222,-129,-118,0,0,0,01,11,0,0
D,2137151005,1007,2213,1,-284749,222,-129,-126,0,0,0,01,11,0,0
D,2137152009,1004,2214,1,-284750,222,-129,-126,0,0,0,01,11,0,0
D,2137153093,1084,2214,0,-284750,305,-128,-122,0,0,0,01,11,0,0
D,2137154137,1044,2215,1,-284751,359,-128,-130,0,0,0,01,11,0,0
D,2137155029,892,2215,0,-284751,252,-128,-122,0,0,0,01,11,0,0
D,2137156035,1006,2216,1,-284752,251,-128,-130,0,0,0,01,11,0,0
D,2137157042,1007,2217,1,-284753,262,-128,-130,0,0,0,01,11,0,0
D,2137158039,997,2217,0,-284753,252,-128,-130,0,0,0,01,11,0,0
D,2137159039,1000,2217,0,-284753,258,-128,-122,0,0,0,01,11,0,0
D,2137160032,993,2218,1,-284754,249,-128,-122,0,0,0,01,11,0,0
D,2137161049,1017,2218,0,-284754,264,-128,-122,0,0,0,01,11,0,0
D,2137162038,989,2219,1,-284755,256,-127,-122,0,0,0,01,11,0,0
D,2137163041,1003,2219,0,-284755,259,-127,-118,0,0,0,01,11,0,0
D,2137164083,1042,2220,1,-284756,297,-127,-126,0,0,0,01,11,0,0
D,2137165026,943,2221,1,-284757,239,-127,-126,0,0,0,01,11,0,0
D,2137166011,985,2221,0,-284757,225,-127,-126,0,0,0,01,11,0,0
D,2137166999,988,2222,1,-284758,222,-127,-126,0,0,0,01,11,0,0
D,2137168007,1008,2222,0,-284758,222,-127,-126,0,0,0,01,11,0,0
D,2137169021,1014,2223,1,-284759,231,-127,-126,0,0,0,01,11,0,0
D,2137169998,977,2223,0,-284759,222,-127,-126,0,0,0,01,11,0,0
D,2137171004,1006,2224,1,-284760,222,-127,-134,0,0,0,01,11,0,0
D,2137172008,1004,2224,0,-284760,222,-127,-126,0,0,0,01,11,0,0
D,2137173082,1074,2225,1,-284761,301,-127,-130,0,0,0,01,11,0,0
D,2137174140,1058,2225,0,-284761,363,-127,-122,0,0,0,01,11,0,0
D,2137175028,888,2226,1,-284762,250,-127,-130,0,0,0,01,11,0,0
D,2137176036,1008,2226,0,-284762,250,-127,-122,0,0,0,01,11,0,0
D,2137177040,1004,2226,0,-284762,263,-127,-122,0,0,0,01,11,0,0
D,2137178034,994,2227,1,-284763,255,-127,-122,0,0,0,01,11,0,0
D,2137179037,1003,2228,1,-284764,259,-127,-130,0,0,0,01,11,0,0
D,2137180043,1006,2228,0,-284764,252,-127,-130,0,0,0,01,11,0,0
D,2137181048,1005,2229,1,-284765,263,-127,-130,0,0,0,01,11,0,0
D,2137182034,986,2229,0,-284765,256,-127,-122,0,0,0,01,11,0,0
D,2137183036,1002,2230,1,-284766,255,-127,-126,0,0,0,01,11,0,0
D,2137184077,1041,2230,0,-284766,296,-127,-126,0,0,0,01,11,0,0
D,2137185015,938,2231,1,-284767,239,-127,-127,0,0,0,01,11,0,0
D,2137186012,997,2231,0,-284767,226,-127,-126,0,0,0,01,11,0,0
D,2137186998,986,2232,1,-284768,222,-127,-126,0,0,0,01,11,0,0
D,2137188005,1007,2233,1,-284769,222,-127,-126,0,0,0,01,11,0,0
D,2137189022,1017,2233,0,-284769,231,-127,-126,0,0,0,01,11,0,0
D,2137189998,976,2233,0,-284769,222,-127,-126,0,0,0,01,11,0,0
D,2137191004,1006,2234,1,-284770,222,-127,-126,0,0,0,01,11,0,0
D,2137192008,1004,2234,0,-284770,222,-127,-126,0,0,0,01,11,0,0
D,2137193095,1087,2235,1,-284771,308,-127,-130,0,0,0,01,11,0,0
D,2137194161,1066,2235,0,-284771,368,-126,-122,0,0,0,01,11,0,0
D,2137195029,868,2236,1,-284772,252,-126,-122,0,0,0,01,11,0,0
D,2137196039,1010,2236,0,-284772,253,-126,-122,0,0,0,01,11,0,0
D,2137197049,1010,2237,1,-284773,260,-126,-122,0,0,0,01,11,0,0
D,2137198050,1001,2238,1,-284774,258,-126,-130,0,0,0,01,11,0,0
D,2137199043,993,2238,0,-284774,254,-126,-122,0,0,0,01,11,0,0
D,2137200036,993,2239,1,-284775,254,-126,-130,0,0,0,01,11,0,0
D,2137201053,1017,2239,0,-284775,263,-126,-122,0,0,0,01,11,0,0
D,2137202044,991,2240,1,-284776,258,-126,-130,0,0,0,01,11,0,0
D,2137203039,995,2240,0,-284776,257,-126,-126,0,0,0,01,11,0,0
D,2137204076,1037,2240,0,-284776,299,-126,-118,0,0,0,01,11,0,0
D,2137205016,940,2241,1,-284777,237,-126,-127,0,0,0,01,11,0,0
D,2137206011,995,2241,0,-284777,224,-126,-118,0,0,0,01,11,0,0
D,2137206998,987,2242,1,-284778,222,-126,-126,0,0,0,01,11,0,0
D,2137208005,1007,2243,1,-284779,222,-126,-134,0,0,0,01,11,0,0
D,2137209022,1017,2243,0,-284779,231,-126,-126,0,0,0,01,11,0,0
D,2137209998,976,2244,1,-284780,222,-126,-126,0,0,0,01,11,0,0
D,2137211004,1006,2244,0,-284780,222,-126,-126,0,0,0,01,11,0,0
D,2137212008,1004,2245,1,-284781,222,-126,-126,0,0,0,01,11,0,0
D,2137213082,1074,2245,0,-284781,302,-126,-122,0,0,0,01,11,0,0
D,2137214150,1068,2246,1,-284782,365,-126,-130,0,0,0,01,11,0,0
D,2137215037,887,2246,0,-284782,249,-126,-122,0,0,0,01,11,0,0
D,2137216030,993,2247,1,-284783,250,-126,-130,0,0,0,01,11,0,0
D,2137217039,1009,2247,0,-284783,262,-126,-122,0,0,0,01,11,0,0
D,2137218035,996,2248,1,-284784,256,-126,-122,0,0,0,01,11,0,0
D,2137219032,997,2248,0,-284784,255,-126,-122,0,0,0,01,11,0,0
D,2137220038,1006,2249,1,-284785,253,-126,-130,0,0,0,01,11,0,0
D,2137221039,1001,2249,0,-284785,263,-126,-122,0,0,0,01,11,0,0
D,2137222045,1006,2250,1,-284786,256,-126,-130,0,0,0,01,11,0,0
D,2137223048,1003,2250,0,-284786,258,-126,-126,0,0,0,01,11,0,0
D,2137224077,1029,2251,1,-284787,297,-126,-126,0,0,0,01,11,0,0
D,2137225016,939,2251,0,-284787,238,-126,-127,0,0,0,01,11,0,0
D,2137226013,997,2252,1,-284788,225,-126,-126,0,0,0,01,11,0,0
D,2137227004,991,2252,0,-284788,222,-126,-126,0,0,0,01,11,0,0
D,2137228008,1004,2253,1,-284789,222,-126,-126,0,0,0,01,11,0,0
D,2137229022,1014,2253,0,-284789,231,-126,-118,0,0,0,01,11,0,0
D,2137229999,977,2254,1,-284790,222,-126,-126,0,0,0,01,11,0,0
D,2137231007,1008,2254,0,-284790,222,-125,-118,0,0,0,01,11,0,0
D,2137232011,1004,2255,1,-284791,222,-125,-126,0,0,0,01,11,0,0
D,2137233090,1079,2255,0,-284791,305,-125,-122,0,0,0,01,11,0,0
D,2137234134,1044,2256,1,-284792,355,-125,-130,0,0,0,01,11,0,0
D,2137235043,909,2256,0,-284792,253,-125,-122,0,0,0,01,11,0,0
D,2137236033,990,2257,1,-284793,250,-125,-130,0,0,0,01,11,0,0
D,2137237042,1009,2257,0,-284793,265,-125,-122,0,0,0,01,11,0,0
D,2137238044,1002,2258,1,-284794,254,-125,-122,0,0,0,01,11,0,0
D,2137239044,1000,2258,0,-284794,259,-125,-122,0,0,0,01,11,0,0
D,2137240040,996,2259,1,-284795,251,-125,-122,0,0,0,01,11,0,0
D,2137241056,1016,2259,0,-284795,266,-125,-122,0,0,0,01,11,0,0
D,2137242038,982,2260,1,-284796,254,-125,-122,0,0,0,01,11,0,0
D,2137243041,1003,2260,0,-284796,260,-124,-118,0,0,0,01,11,0,0
D,2137244082,1041,2261,1,-284797,294,-124,-126,0,0,0,01,11,0,0
D,2137245023,941,2261,0,-284797,240,-124,-119,0,0,0,01,11,0,0
D,2137246004,981,2262,1,-284798,227,-124,-126,0,0,0,01,11,0,0
D,2137247008,1004,2262,0,-284798,222,-124,-118,0,0,0,01,11,0,0
D,2137248011,1003,2263,1,-284799,222,-124,-126,0,0,0,01,11,0,0
D,2137249010,999,2263,0,-284799,232,-124,-118,0,0,0,01,11,0,0
D,2137250004,994,2264,1,-284800,222,-124,-126,0,0,0,01,11,0,0
D,2137251008,1004,2264,0,-284800,222,-124,-118,0,0,0,01,11,0,0
D,2137252011,1003,2265,1,-284801,222,-124,-126,0,0,0,01,11,0,0
D,2137253092,1081,2266,1,-284802,303,-124,-130,0,0,0,01,11,0,0
D,2137254166,1074,2266,0,-284802,373,-124,-122,0,0,0,01,11,0,0
D,2137255027,861,2267,1,-284803,247,-124,-130,0,0,0,01,11,0,0
D,2137256038,1011,2267,0,-284803,253,-124,-122,0,0,0,01,11,0,0
D,2137257040,1002,2267,0,-284803,261,-124,-122,0,0,0,01,11,0,0
D,2137258045,1005,2268,1,-284804,254,-124,-122,0,0,0,01,11,0,0
D,2137259041,996,2268,0,-284804,258,-124,-122,0,0,0,01,11,0,0
D,2137260040,999,2269,1,-284805,254,-124,-122,0,0,0,01,11,0,0
D,2137261042,1002,2269,0,-284805,263,-124,-122,0,0,0,01,11,0,0
D,2137262038,996,2270,1,-284806,255,-124,-122,0,0,0,01,11,0,0
D,2137263038,1000,2270,0,-284806,258,-123,-118,0,0,0,01,11,0,0
D,2137264083,1045,2271,1,-284807,297,-124,-126,0,0,0,01,11,0,0
D,2137265024,941,2271,0,-284807,238,-123,-119,0,0,0,01,11,0,0
D,2137266004,980,2272,1,-284808,225,-123,-126,0,0,0,01,11,0,0
D,2137267007,1003,2272,0,-284808,221,-123,-118,0,0,0,01,11,0,0
D,2137268011,1004,2273,1,-284809,222,-123,-126,0,0,0,01,11,0,0
D,2137269009,998,2273,0,-284809,231,-123,-118,0,0,0,01,11,0,0
D,2137270004,995,2274,1,-284810,222,-123,-126,0,0,0,01,11,0,0
D,2137271008,1004,2275,1,-284811,222,-123,-126,0,0,0,01,11,0,0
D,2137272012,1004,2275,0,-284811,222,-124,-126,0,0,0,01,11,0,0
D,2137273095,1083,2275,0,-284811,307,-123,-122,0,0,0,01,11,0,0
D,2137274155,1060,2276,1,-284812,361,-123,-122,0,0,0,01,11,0,0
D,2137275032,877,2276,0,-284812,255,-123,-122,0,0,0,01,11,0,0
D,2137276040,1008,2277,1,-284813,251,-123,-122,0,0,0,01,11,0,0
D,2137277053,1013,2278,1,-284814,263,-124,-130,0,0,0,01,11,0,0
D,2137278034,981,2278,0,-284814,252,-123,-122,0,0,0,01,11,0,0
D,2137279042,1008,2278,0,-284814,258,-123,-122,0,0,0,01,11,0,0
D,2137280039,997,2279,1,-284815,252,-123,-122,0,0,0,01,11,0,0
D,2137281046,1007,2279,0,-284815,262,-123,-122,0,0,0,01,11,0,0
D,2137282032,986,2280,1,-284816,256,-123,-122,0,0,0,01,11,0,0
D,2137283047,1015,2281,1,-284817,259,-123,-126,0,0,0,01,11,0,0
D,2137284087,1040,2281,0,-284817,296,-123,-118,0,0,0,01,11,0,0
D,2137285031,944,2281,0,-284817,239,-123,-114,0,0,0,01,11,0,0
D,2137286013,982,2282,1,-284818,225,-123,-118,0,0,0,01,11,0,0
D,2137287001,988,2282,0,-284818,222,-122,-118,0,0,0,01,11,0,0
D,2137288008,1007,2282,0,-284818,222,-122,-118,0,0,0,01,11,0,0
D,2137289022,1014,2283,1,-284819,231,-122,-118,0,0,0,01,11,0,0
D,2137289998,976,2284,1,-284820,222,-122,-126,0,0,0,01,11,0,0
D,2137291004,1006,2284,0,-284820,222,-122,-118,0,0,0,01,11,0,0
D,2137292008,1004,2285,1,-284821,222,-122,-126,0,0,0,01,11,0,0
D,2137293087,1079,2285,0,-284821,302,-122,-122,0,0,0,01,11,0,0
D,2137294140,1053,2286,1,-284822,360,-122,-122,0,0,0,01,11,0,0
D,2137295027,887,2286,0,-284822,250,-122,-122,0,0,0,01,11,0,0
D,2137296036,1009,2287,1,-284823,250,-122,-122,0,0,0,01,11,0,0
D,2137297040,1004,2287,0,-284823,263,-122,-122,0,0,0,01,11,0,0
D,2137298033,993,2288,1,-284824,255,-122,-122,0,0,0,01,11,0,0
D,2137299050,1017,2288,0,-284824,258,-122,-122,0,0,0,01,11,0,0
D,2137300030,980,2289,1,-284825,249,-122,-122,0,0,0,01,11,0,0
D,2137301045,1015,2289,0,-284825,264,-122,-114,0,0,0,01,11,0,0
D,2137302040,995,2290,1,-284826,252,-122,-122,0,0,0,01,11,0,0
D,2137303038,998,2290,0,-284826,258,-122,-118,0,0,0,01,11,0,0
D,2137304082,1044,2291,1,-284827,296,-122,-126,0,0,0,01,11,0,0
D,2137305022,940,2291,0,-284827,238,-122,-119,0,0,0,01,11,0,0
D,2137306003,981,2292,1,-284828,225,-122,-126,0,0,0,01,11,0,0
D,2137307007,1004,2292,0,-284828,221,-122,-118,0,0,0,01,11,0,0
D,2137308012,1005,2293,1,-284829,222,-122,-118,0,0,0,01,11,0,0
D,2137309010,998,2293,0,-284829,231,-122,-118,0,0,0,01,11,0,0
D,2137310007,997,2294,1,-284830,222,-122,-126,0,0,0,01,11,0,0
D,2137311011,1004,2294,0,-284830,222,-122,-118,0,0,0,01,11,0,0
D,2137311998,987,2295,1,-284831,222,-122,-126,0,0,0,01,11,0,0
D,2137313082,1084,2295,0,-284831,304,-121,-114,0,0,0,01,11,0,0
D,2137314134,1052,2296,1,-284832,354,-121,-122,0,0,0,01,11,0,0
D,2137315044,910,2296,0,-284832,253,-121,-122,0,0,0,01,11,0,0
D,2137316031,987,2296,0,-284832,250,-121,-114,0,0,0,01,11,0,0
D,2137317054,1023,2297,1,-284833,265,-121,-122,0,0,0,01,11,0,0
D,2137318040,986,2297,0,-284833,254,-121,-122,0,0,0,01,11,0,0
D,2137319042,1002,2298,1,-284834,260,-121,-122,0,0,0,01,11,0,0
D,2137320040,998,2299,1,-284835,251,-121,-122,0,0,0,01,11,0,0
D,2137321044,1004,2299,0,-284835,266,-121,-122,0,0,0,01,11,0,0
D,2137322044,1000,2299,0,-284835,255,-121,-114,0,0,0,01,11,0,0
D,2137323044,1000,2300,1,-284836,260,-121,-118,0,0,0,01,11,0,0
D,2137324085,1041,2300,0,-284836,294,-121,-118,0,0,0,01,11,0,0
D,2137325031,946,2301,1,-284837,240,-121,-122,0,0,0,01,11,0,0
D,2137326013,982,2301,0,-284837,226,-121,-118,0,0,0,01,11,0,0
D,2137327001,988,2302,1,-284838,222,-121,-118,0,0,0,01,11,0,0
D,2137328008,1007,2302,0,-284838,222,-121,-118,0,0,0,01,11,0,0
D,2137329021,1013,2303,1,-284839,231,-120,-118,0,0,0,01,11,0,0
D,2137330013,992,2303,0,-284839,222,-120,-118,0,0,0,01,11,0,0
D,2137331001,988,2304,1,-284840,222,-120,-118,0,0,0,01,11,0,0
D,2137332008,1007,2304,0,-284840,222,-120,-118,0,0,0,01,11,0,0
D,2137333083,1075,2305,1,-284841,302,-120,-122,0,0,0,01,11,0,0
D,2137334147,1064,2305,0,-284841,364,-120,-114,0,0,0,01,11,0,0
D,2137335033,886,2306,1,-284842,250,-120,-122,0,0,0,01,11,0,0
D,2137336027,994,2306,0,-284842,250,-120,-114,0,0,0,01,11,0,0
D,2137337040,1013,2307,1,-284843,263,-120,-122,0,0,0,01,11,0,0
D,2137338043,1003,2307,0,-284843,252,-120,-114,0,0,0,01,11,0,0
D,2137339041,998,2308,1,-284844,258,-120,-122,0,0,0,01,11,0,0
D,2137340034,993,2308,0,-284844,249,-120,-114,0,0,0,01,11,0,0
D,2137341049,1015,2309,1,-284845,263,-120,-122,0,0,0,01,11,0,0
D,2137342035,986,2309,0,-284845,256,-119,-114,0,0,0,01,11,0,0
D,2137343040,1005,2310,1,-284846,258,-119,-118,0,0,0,01,11,0,0
D,2137344084,1044,2310,0,-284846,296,-119,-118,0,0,0,01,11,0,0
D,2137345025,941,2311,1,-284847,239,-119,-119,0,0,0,01,11,0,0
D,2137346009,984,2311,0,-284847,226,-119,-118,0,0,0,01,11,0,0
D,2137347013,1004,2311,0,-284847,222,-119,-118,0,0,0,01,11,0,0
D,2137348000,987,2312,1,-284848,222,-119,-118,0,0,0,01,11,0,0
D,2137349022,1022,2312,0,-284848,231,-119,-118,0,0,0,01,11,0,0
D,2137349998,976,2313,1,-284849,222,-119,-118,0,0,0,01,11,0,0
D,2137351004,1006,2314,1,-284850,222,-119,-118,0,0,0,01,11,0,0
D,2137352008,1004,2314,0,-284850,222,-119,-118,0,0,0,01,11,0,0
D,2137353087,1079,2314,0,-284850,303,-119,-114,0,0,0,01,11,0,0
D,2137354141,1054,2315,1,-284851,361,-119,-122,0,0,0,01,11,0,0
D,2137355031,890,2315,0,-284851,251,-119,-114,0,0,0,01,11,0,0
D,2137356041,1010,2316,1,-284852,251,-119,-122,0,0,0,01,11,0,0
D,2137357051,1010,2316,0,-284852,263,-119,-114,0,0,0,01,11,0,0
D,2137358038,987,2317,1,-284853,255,-119,-122,0,0,0,01,11,0,0
D,2137359038,1000,2317,0,-284853,258,-119,-114,0,0,0,01,11,0,0
D,2137360036,998,2318,1,-284854,253,-119,-122,0,0,0,01,11,0,0
D,2137361057,1021,2318,0,-284854,266,-119,-114,0,0,0,01,11,0,0
D,2137362040,983,2319,1,-284855,255,-119,-122,0,0,0,01,11,0,0
D,2137363041,1001,2319,0,-284855,258,-119,-118,0,0,0,01,11,0,0
D,2137364082,1041,2320,1,-284856,297,-119,-118,0,0,0,01,11,0,0
D,2137365025,943,2320,0,-284856,239,-119,-119,0,0,0,01,11,0,0
D,2137366009,984,2320,0,-284856,226,-118,-110,0,0,0,01,11,0,0
D,2137367012,1003,2321,1,-284857,222,-118,-118,0,0,0,01,11,0,0
D,2137368001,989,2322,1,-284858,222,-118,-118,0,0,0,01,11,0,0
D,2137369020,1019,2322,0,-284858,231,-118,-118,0,0,0,01,11,0,0
D,2137370012,992,2323,1,-284859,221,-118,-118,0,0,0,01,11,0,0
D,2137371001,989,2323,0,-284859,222,-118,-118,0,0,0,01,11,0,0
D,2137372008,1007,2324,1,-284860,222,-118,-118,0,0,0,01,11,0,0
D,2137373086,1078,2324,0,-284860,305,-118,-114,0,0,0,01,11,0,0
D,2137374133,1047,2325,1,-284861,356,-118,-122,0,0,0,01,11,0,0
D,2137375046,913,2325,0,-284861,256,-118,-114,0,0,0,01,11,0,0
D,2137376034,988,2325,0,-284861,250,-118,-114,0,0,0,01,11,0,0
D,2137377040,1006,2326,1,-284862,263,-118,-122,0,0,0,01,11,0,0
D,2137378043,1003,2326,0,-284862,252,-118,-114,0,0,0,01,11,0,0
D,2137379043,1000,2327,1,-284863,258,-118,-122,0,0,0,01,11,0,0
D,2137380036,993,2327,0,-284863,249,-118,-114,0,0,0,01,11,0,0
D,2137381053,1017,2328,1,-284864,265,-118,-114,0,0,0,01,11,0,0
D,2137382042,989,2328,0,-284864,256,-118,-114,0,0,0,01,11,0,0
D,2137383036,994,2329,1,-284865,255,-118,-118,0,0,0,01,11,0,0
D,2137384075,1039,2329,0,-284865,296,-118,-118,0,0,0,01,11,0,0
D,2137385015,940,2330,1,-284866,239,-118,-119,0,0,0,01,11,0,0
D,2137386013,998,2330,0,-284866,226,-118,-118,0,0,0,01,11,0,0
D,2137387000,987,2330,0,-284866,222,-117,-110,0,0,0,01,11,0,0
D,2137388007,1007,2331,1,-284867,222,-117,-118,0,0,0,01,11,0,0
D,2137389022,1015,2332,1,-284868,231,-117,-118,0,0,0,01,11,0,0
D,2137389998,976,2332,0,-284868,222,-118,-118,0,0,0,01,11,0,0
D,2137391004,1006,2332,0,-284868,222,-117,-110,0,0,0,01,11,0,0
D,2137392008,1004,2333,1,-284869,222,-117,-118,0,0,0,01,11,0,0
D,2137393084,1076,2333,0,-284869,304,-117,-114,0,0,0,01,11,0,0
D,2137394162,1078,2334,1,-284870,370,-117,-114,0,0,0,01,11,0,0
D,2137395025,863,2334,0,-284870,247,-117,-114,0,0,0,01,11,0,0
D,2137396040,1015,2335,1,-284871,256,-117,-122,0,0,0,01,11,0,0
D,2137397054,1014,2335,0,-284871,261,-117,-114,0,0,0,01,11,0,0
D,2137398050,996,2336,1,-284872,258,-117,-114,0,0,0,01,11,0,0
D,2137399043,993,2336,0,-284872,254,-117,-114,0,0,0,01,11,0,0
D,2137400044,1001,2337,1,-284873,254,-117,-114,0,0,0,01,11,0,0
D,2137401052,1008,2337,0,-284873,262,-116,-114,0,0,0,01,11,0,0
D,2137402044,992,2338,1,-284874,258,-116,-114,0,0,0,01,11,0,0
D,2137403044,1000,2338,0,-284874,257,-116,-110,0,0,0,01,11,0,0
D,2137404081,1037,2338,0,-284874,299,-116,-110,0,0,0,01,11,0,0
D,2137405024,943,2339,1,-284875,237,-116,-111,0,0,0,01,11,0,0
D,2137406004,980,2339,0,-284875,225,-115,-110,0,0,0,01,11,0,0
D,2137407007,1003,2340,1,-284876,221,-116,-118,0,0,0,01,11,0,0
D,2137408011,1004,2340,0,-284876,222,-115,-110,0,0,0,01,11,0,0
D,2137409009,998,2341,1,-284877,231,-116,-118,0,0,0,01,11,0,0
D,2137410004,995,2341,0,-284877,222,-115,-110,0,0,0,01,11,0,0
D,2137411008,1004,2342,1,-284878,222,-115,-118,0,0,0,01,11,0,0
D,2137412012,1004,2342,0,-284878,222,-115,-110,0,0,0,01,11,0,0
D,2137413085,1073,2343,1,-284879,303,-115,-114,0,0,0,01,11,0,0
D,2137414148,1063,2343,0,-284879,363,-115,-114,0,0,0,01,11,0,0
D,2137415032,884,2343,0,-284879,249,-115,-106,0,0,0,01,11,0,0
D,2137416041,1009,2344,1,-284880,251,-115,-114,0,0,0,01,11,0,0
D,2137417039,998,2345,1,-284881,262,-115,-122,0,0,0,01,11,0,0
D,2137418033,994,2345,0,-284881,257,-115,-114,0,0,0,01,11,0,0
D,2137419045,1012,2345,0,-284881,255,-115,-106,0,0,0,01,11,0,0
D,2137420027,982,2346,1,-284882,250,-115,-114,0,0,0,01,11,0,0
D,2137421047,1020,2347,1,-284883,264,-115,-122,0,0,0,01,11,0,0
D,2137422045,998,2347,0,-284883,256,-115,-114,0,0,0,01,11,0,0
D,2137423046,1001,2347,0,-284883,255,-115,-110,0,0,0,01,11,0,0
D,2137424085,1039,2348,1,-284884,296,-115,-118,0,0,0,01,11,0,0
D,2137425027,942,2348,0,-284884,238,-115,-114,0,0,0,01,11,0,0
D,2137426011,984,2349,1,-284885,225,-115,-118,0,0,0,01,11,0,0
D,2137426999,988,2349,0,-284885,222,-115,-110,0,0,0,01,11,0,0
D,2137428007,1008,2350,1,-284886,222,-115,-118,0,0,0,01,11,0,0
D,2137429021,1014,2350,0,-284886,231,-115,-110,0,0,0,01,11,0,0
D,2137429998,977,2351,1,-284887,222,-115,-118,0,0,0,01,11,0,0
D,2137431004,1006,2351,0,-284887,222,-115,-110,0,0,0,01,11,0,0
D,2137432008,1004,2352,1,-284888,222,-115,-118,0,0,0,01,11,0,0
D,2137433086,1078,2352,0,-284888,304,-115,-114,0,0,0,01,11,0,0
D,2137434147,1061,2353,1,-284889,362,-115,-122,0,0,0,01,11,0,0
D,2137435040,893,2353,0,-284889,253,-115,-114,0,0,0,01,11,0,0
D,2137436027,987,2353,0,-284889,250,-115,-114,0,0,0,01,11,0,0
D,2137437054,1027,2354,1,-284890,265,-115,-114,0,0,0,01,11,0,0
D,2137438032,978,2354,0,-284890,251,-115,-114,0,0,0,01,11,0,0
D,2137439044,1012,2355,1,-284891,259,-115,-114,0,0,0,01,11,0,0
D,2137440028,984,2355,0,-284891,251,-115,-114,0,0,0,01,11,0,0
D,2137441050,1022,2356,1,-284892,263,-115,-114,0,0,0,01,11,0,0
D,2137442038,988,2356,0,-284892,254,-115,-114,0,0,0,01,11,0,0
D,2137443045,1007,2356,0,-284892,260,-115,-110,0,0,0,01,11,0,0
D,2137444084,1039,2357,1,-284893,294,-114,-110,0,0,0,01,11,0,0
D,2137445029,945,2357,0,-284893,240,-114,-111,0,0,0,01,11,0,0
D,2137446013,984,2358,1,-284894,226,-114,-118,0,0,0,01,11,0,0
D,2137447001,988,2359,1,-284895,222,-115,-118,0,0,0,01,11,0,0
D,2137448008,1007,2359,0,-284895,222,-114,-110,0,0,0,01,11,0,0
D,2137449021,1013,2359,0,-284895,231,-114,-110,0,0,0,01,11,0,0
D,2137450013,992,2360,1,-284896,222,-114,-118,0,0,0,01,11,0,0
D,2137451001,988,2360,0,-284896,222,-114,-110,0,0,0,01,11,0,0
D,2137452008,1007,2361,1,-284897,222,-114,-110,0,0,0,01,11,0,0
D,2137453083,1075,2361,0,-284897,301,-114,-114,0,0,0,01,11,0,0
D,2137454162,1079,2362,1,-284898,370,-114,-114,0,0,0,01,11,0,0
D,2137455030,868,2362,0,-284898,246,-114,-114,0,0,0,01,11,0,0
D,2137456045,1015,2363,1,-284899,255,-114,-114,0,0,0,01,11,0,0
D,2137457039,994,2363,0,-284899,261,-114,-114,0,0,0,01,11,0,0
D,2137458034,995,2364,1,-284900,258,-114,-114,0,0,0,01,11,0,0
D,2137459035,1001,2364,0,-284900,257,-114,-114,0,0,0,01,11,0,0
D,2137460040,1005,2365,1,-284901,254,-114,-114,0,0,0,01,11,0,0
D,2137461041,1001,2365,0,-284901,260,-114,-114,0,0,0,01,11,0,0
D,2137462038,997,2365,0,-284901,258,-114,-106,0,0,0,01,11,0,0
D,2137463040,1002,2366,1,-284902,257,-114,-110,0,0,0,01,11,0,0
D,2137464084,1044,2366,0,-284902,298,-113,-110,0,0,0,01,11,0,0
D,2137465023,939,2367,1,-284903,237,-113,-111,0,0,0,01,11,0,0
D,2137466007,984,2367,0,-284903,224,-113,-110,0,0,0,01,11,0,0
D,2137467012,1005,2367,0,-284903,222,-113,-110,0,0,0,01,11,0,0
D,2137467999,987,2368,1,-284904,222,-113,-110,0,0,0,01,11,0,0
D,2137469019,1020,2369,1,-284905,231,-113,-118,0,0,0,01,11,0,0
D,2137470012,993,2369,0,-284905,222,-113,-110,0,0,0,01,11,0,0
D,2137470999,987,2369,0,-284905,221,-113,-110,0,0,0,01,11,0,0
D,2137472007,1008,2370,1,-284906,222,-113,-110,0,0,0,01,11,0,0
D,2137473084,1077,2370,0,-284906,305,-113,-114,0,0,0,01,11,0,0
D,2137474145,1061,2371,1,-284907,362,-113,-114,0,0,0,01,11,0,0
D,2137475028,883,2371,0,-284907,249,-113,-110,0,0,0,01,11,0,0
D,2137476040,1012,2371,0,-284907,252,-113,-106,0,0,0,01,11,0,0
D,2137477055,1015,2372,1,-284908,263,-112,-106,0,0,0,01,11,0,0
D,2137478034,979,2373,1,-284909,257,-112,-114,0,0,0,01,11,0,0
D,2137479047,1013,2373,0,-284909,255,-112,-114,0,0,0,01,11,0,0
D,2137480036,989,2373,0,-284909,253,-112,-106,0,0,0,01,11,0,0
D,2137481057,1021,2374,1,-284910,265,-112,-114,0,0,0,01,11,0,0
D,2137482033,976,2374,0,-284910,257,-112,-106,0,0,0,01,11,0,0
D,2137483032,999,2375,1,-284911,255,-112,-110,0,0,0,01,11,0,0
D,2137484083,1051,2375,0,-284911,298,-112,-110,0,0,0,01,11,0,0
D,2137485028,945,2376,1,-284912,238,-112,-111,0,0,0,01,11,0,0
D,2137486009,981,2376,0,-284912,225,-112,-110,0,0,0,01,11,0,0
D,2137487013,1004,2376,0,-284912,222,-111,-102,0,0,0,01,11,0,0
D,2137488001,988,2377,1,-284913,222,-111,-110,0,0,0,01,11,0,0
D,2137489020,1019,2378,1,-284914,231,-111,-110,0,0,0,01,11,0,0
D,2137490012,992,2378,0,-284914,221,-111,-110,0,0,0,01,11,0,0
D,2137491001,989,2378,0,-284914,222,-111,-103,0,0,0,01,11,0,0
D,2137492008,1007,2379,1,-284915,222,-111,-110,0,0,0,01,11,0,0
D,2137493096,1088,2379,0,-284915,303,-111,-106,0,0,0,01,11,0,0
D,2137494148,1052,2380,1,-284916,368,-111,-114,0,0,0,01,11,0,0
D,2137495032,884,2380,0,-284916,249,-111,-106,0,0,0,01,11,0,0
D,2137496036,1004,2380,0,-284916,251,-110,-106,0,0,0,01,11,0,0
D,2137497039,1003,2381,1,-284917,261,-111,-114,0,0,0,01,11,0,0
D,2137498044,1005,2381,0,-284917,254,-110,-106,0,0,0,01,11,0,0
D,2137499041,997,2382,1,-284918,257,-110,-106,0,0,0,01,11,0,0
D,2137500044,1003,2382,0,-284918,254,-110,-106,0,0,0,01,11,0,0
D,2137501042,998,2383,1,-284919,261,-110,-114,0,0,0,01,11,0,0
D,2137502046,1004,2383,0,-284919,257,-110,-106,0,0,0,01,11,0,0
D,2137503040,994,2384,1,-284920,257,-110,-110,0,0,0,01,11,0,0
D,2137504083,1043,2384,0,-284920,297,-110,-110,0,0,0,01,11,0,0
D,2137505024,941,2384,0,-284920,238,-110,-103,0,0,0,01,11,0,0
D,2137506004,980,2385,1,-284921,224,-110,-110,0,0,0,01,11,0,0
D,2137507008,1004,2385,0,-284921,222,-110,-110,0,0,0,01,11,0,0
D,2137508011,1003,2386,1,-284922,222,-110,-110,0,0,0,01,11,0,0
D,2137509009,998,2386,0,-284922,231,-110,-102,0,0,0,01,11,0,0
D,2137510005,996,2387,1,-284923,222,-110,-110,0,0,0,01,11,0,0
D,2137511009,1004,2387,0,-284923,222,-110,-110,0,0,0,01,11,0,0
D,2137512013,1004,2388,1,-284924,222,-110,-110,0,0,0,01,11,0,0
D,2137513081,1068,2388,0,-284924,303,-109,-106,0,0,0,01,11,0,0
D,2137514143,1062,2389,1,-284925,365,-110,-114,0,0,0,01,11,0,0
D,2137515033,890,2389,0,-284925,251,-109,-106,0,0,0,01,11,0,0
D,2137516043,1010,2389,0,-284925,252,-109,-106,0,0,0,01,11,0,0
D,2137517051,1008,2390,1,-284926,263,-110,-114,0,0,0,01,11,0,0
D,2137518032,981,2390,0,-284926,252,-109,-106,0,0,0,01,11,0,0
D,2137519047,1015,2390,0,-284926,258,-109,-98,0,0,0,01,11,0,0
D,2137520024,977,2391,1,-284927,249,-109,-106,0,0,0,01,11,0,0
D,2137521039,1015,2392,1,-284928,263,-109,-114,0,0,0,01,11,0,0
D,2137522042,1003,2392,0,-284928,256,-109,-106,0,0,0,01,11,0,0
D,2137523042,1000,2392,0,-284928,259,-109,-102,0,0,0,01,11,0,0
D,2137524088,1046,2393,1,-284929,297,-109,-110,0,0,0,01,11,0,0
D,2137525028,940,2393,0,-284929,239,-108,-103,0,0,0,01,11,0,0
D,2137526011,983,2394,1,-284930,225,-109,-110,0,0,0,01,11,0,0
D,2137526999,988,2394,0,-284930,222,-109,-110,0,0,0,01,11,0,0
D,2137528007,1008,2395,1,-284931,222,-109,-110,0,0,0,01,11,0,0
D,2137529021,1014,2395,0,-284931,231,-109,-110,0,0,0,01,11,0,0
D,2137529998,977,2395,0,-284931,222,-108,-103,0,0,0,01,11,0,0
D,2137531004,1006,2396,1,-284932,222,-109,-110,0,0,0,01,11,0,0
D,2137532008,1004,2396,0,-284932,222,-108,-102,0,0,0,01,11,0,0
D,2137533080,1072,2397,1,-284933,302,-108,-106,0,0,0,01,11,0,0
D,2137534165,1085,2397,0,-284933,375,-108,-106,0,0,0,01,11,0,0
D,2137535034,869,2397,0,-284933,246,-108,-106,0,0,0,01,11,0,0
D,2137536032,998,2398,1,-284934,253,-108,-106,0,0,0,01,11,0,0
D,2137537038,1006,2398,0,-284934,261,-108,-106,0,0,0,01,11,0,0
D,2137538037,999,2399,1,-284935,258,-108,-106,0,0,0,01,11,0,0
D,2137539037,1000,2399,0,-284935,258,-108,-106,0,0,0,01,11,0,0
D,2137540043,1006,2400,1,-284936,254,-108,-106,0,0,0,01,11,0,0
D,2137541044,1001,2400,0,-284936,262,-108,-106,0,0,0,01,11,0,0
D,2137542039,995,2401,1,-284937,255,-107,-106,0,0,0,01,11,0,0
D,2137543035,996,2401,0,-284937,258,-107,-102,0,0,0,01,11,0,0
D,2137544080,1045,2402,1,-284938,298,-107,-110,0,0,0,01,11,0,0
D,2137545016,936,2402,0,-284938,238,-107,-103,0,0,0,01,11,0,0
D,2137546013,997,2402,0,-284938,224,-107,-102,0,0,0,01,11,0,0
D,2137547001,988,2402,0,-284938,222,-107,-103,0,0,0,01,11,0,0
D,2137548008,1007,2403,1,-284939,222,-107,-103,0,0,0,01,11,0,0
D,2137549022,1014,2403,0,-284939,231,-107,-102,0,0,0,01,11,0,0
D,2137549998,976,2404,1,-284940,222,-107,-110,0,0,0,01,11,0,0
D,2137551005,1007,2404,0,-284940,222,-106,-102,0,0,0,01,11,0,0
D,2137552009,1004,2405,1,-284941,222,-106,-102,0,0,0,01,11,0,0
D,2137553085,1076,2405,0,-284941,305,-106,-106,0,0,0,01,11,0,0
D,2137554146,1061,2406,1,-284942,361,-106,-106,0,0,0,01,11,0,0
D,2137555036,890,2406,0,-284942,250,-106,-106,0,0,0,01,11,0,0
D,2137556042,1006,2407,1,-284943,252,-106,-106,0,0,0,01,11,0,0
D,2137557039,997,2407,0,-284943,263,-106,-106,0,0,0,01,11,0,0
D,2137558033,994,2407,0,-284943,257,-106,-98,0,0,0,01,11,0,0
D,2137559044,1011,2408,1,-284944,255,-106,-106,0,0,0,01,11,0,0
D,2137560044,1000,2408,0,-284944,253,-106,-106,0,0,0,01,11,0,0
D,2137561045,1001,2409,1,-284945,263,-106,-106,0,0,0,01,11,0,0
D,2137562041,996,2409,0,-284945,257,-106,-106,0,0,0,01,11,0,0
D,2137563039,998,2409,0,-284945,255,-106,-102,0,0,0,01,11,0,0
D,2137564087,1048,2410,1,-284946,298,-106,-102,0,0,0,01,11,0,0
D,2137565030,943,2410,0,-284946,238,-105,-103,0,0,0,01,11,0,0
D,2137566011,981,2411,1,-284947,225,-106,-110,0,0,0,01,11,0,0
D,2137566999,988,2411,0,-284947,222,-106,-102,0,0,0,01,11,0,0
D,2137568007,1008,2412,1,-284948,222,-106,-110,0,0,0,01,11,0,0
D,2137569022,1015,2412,0,-284948,232,-106,-102,0,0,0,01,11,0,0
D,2137569997,975,2412,0,-284948,222,-105,-103,0,0,0,01,11,0,0
D,2137571004,1007,2413,1,-284949,222,-105,-103,0,0,0,01,11,0,0
D,2137572008,1004,2413,0,-284949,222,-105,-103,0,0,0,01,11,0,0
D,2137573087,1079,2414,1,-284950,304,-105,-106,0,0,0,01,11,0,0
D,2137574138,1051,2414,0,-284950,359,-105,-97,0,0,0,01,11,0,0
D,2137575041,903,2414,0,-284950,249,-105,-98,0,0,0,01,11,0,0
D,2137576033,992,2415,1,-284951,251,-105,-106,0,0,0,01,11,0,0
D,2137577040,1007,2415,0,-284951,263,-105,-106,0,0,0,01,11,0,0
D,2137578037,997,2416,1,-284952,256,-105,-106,0,0,0,01,11,0,0
D,2137579034,997,2416,0,-284952,255,-105,-106,0,0,0,01,11,0,0
D,2137580042,1008,2416,0,-284952,253,-105,-98,0,0,0,01,11,0,0
D,2137581044,1002,2417,1,-284953,262,-105,-106,0,0,0,01,11,0,0
D,2137582039,995,2417,0,-284953,256,-104,-98,0,0,0,01,11,0,0
D,2137583042,1003,2418,1,-284954,258,-104,-102,0,0,0,01,11,0,0
D,2137584086,1044,2418,0,-284954,297,-104,-102,0,0,0,01,11,0,0
D,2137585027,941,2419,1,-284955,238,-104,-103,0,0,0,01,11,0,0
D,2137586009,982,2419,0,-284955,226,-104,-102,0,0,0,01,11,0,0
D,2137587012,1003,2420,1,-284956,221,-104,-102,0,0,0,01,11,0,0
D,2137588001,989,2420,0,-284956,222,-104,-103,0,0,0,01,11,0,0
D,2137589020,1019,2420,0,-284956,231,-104,-102,0,0,0,01,11,0,0
D,2137590012,992,2421,1,-284957,221,-104,-102,0,0,0,01,11,0,0
D,2137591001,989,2421,0,-284957,222,-104,-103,0,0,0,01,11,0,0
D,2137592008,1007,2422,1,-284958,222,-104,-103,0,0,0,01,11,0,0
D,2137593088,1080,2422,0,-284958,308,-104,-106,0,0,0,01,11,0,0
D,2137594153,1065,2422,0,-284958,362,-104,-97,0,0,0,01,11,0,0
D,2137595045,892,2423,1,-284959,255,-104,-106,0,0,0,01,11,0,0
D,2137596038,993,2423,0,-284959,251,-103,-98,0,0,0,01,11,0,0
D,2137597053,1015,2424,1,-284960,262,-103,-106,0,0,0,01,11,0,0
D,2137598041,988,2424,0,-284960,256,-103,-98,0,0,0,01,11,0,0
D,2137599041,1000,2424,0,-284960,258,-103,-98,0,0,0,01,11,0,0
D,2137600040,999,2425,1,-284961,252,-103,-106,0,0,0,01,11,0,0
D,2137601046,1006,2425,0,-284961,264,-103,-98,0,0,0,01,11,0,0
D,2137602045,999,2426,1,-284962,255,-103,-106,0,0,0,01,11,0,0
D,2137603046,1001,2426,0,-284962,258,-103,-102,0,0,0,01,11,0,0
D,2137604073,1027,2427,1,-284963,297,-103,-102,0,0,0,01,11,0,0
D,2137605028,955,2427,0,-284963,238,-103,-103,0,0,0,01,11,0,0
D,2137606012,984,2427,0,-284963,226,-103,-102,0,0,0,01,11,0,0
D,2137606998,986,2428,1,-284964,222,-103,-102,0,0,0,01,11,0,0
D,2137608005,1007,2428,0,-284964,222,-103,-102,0,0,0,01,11,0,0
D,2137609022,1017,2429,1,-284965,231,-103,-102,0,0,0,01,11,0,0
D,2137609998,976,2429,0,-284965,222,-103,-103,0,0,0,01,11,0,0
D,2137611004,1006,2429,0,-284965,222,-103,-103,0,0,0,01,11,0,0
D,2137612008,1004,2430,1,-284966,222,-103,-103,0,0,0,01,11,0,0
D,2137613093,1085,2430,0,-284966,302,-103,-97,0,0,0,01,11,0,0
D,2137614147,1054,2431,1,-284967,362,-103,-106,0,0,0,01,11,0,0
D,2137615037,890,2431,0,-284967,252,-103,-98,0,0,0,01,11,0,0
D,2137616040,1003,2431,0,-284967,250,-102,-98,0,0,0,01,11,0,0
D,2137617055,1015,2432,1,-284968,263,-102,-98,0,0,0,01,11,0,0
D,2137618035,980,2432,0,-284968,252,-102,-98,0,0,0,01,11,0,0
D,2137619051,1016,2432,0,-284968,258,-102,-98,0,0,0,01,11,0,0
D,2137620037,986,2433,1,-284969,252,-102,-98,0,0,0,01,11,0,0
D,2137621047,1010,2433,0,-284969,264,-101,-98,0,0,0,01,11,0,0
D,2137622028,981,2434,1,-284970,252,-101,-98,0,0,0,01,11,0,0
D,2137623038,1010,2434,0,-284970,258,-101,-94,0,0,0,01,11,0,0
D,2137624072,1034,2435,1,-284971,296,-101,-102,0,0,0,01,11,0,0
D,2137625015,943,2435,0,-284971,239,-101,-103,0,0,0,01,11,0,0
D,2137626013,998,2436,1,-284972,225,-101,-102,0,0,0,01,11,0,0
D,2137627004,991,2436,0,-284972,222,-101,-102,0,0,0,01,11,0,0
D,2137628008,1004,2436,0,-284972,222,-101,-95,0,0,0,01,11,0,0
D,2137629022,1014,2437,1,-284973,231,-101,-102,0,0,0,01,11,0,0
D,2137629999,977,2437,0,-284973,222,-101,-103,0,0,0,01,11,0,0
D,2137631007,1008,2437,0,-284973,222,-101,-95,0,0,0,01,11,0,0
D,2137632011,1004,2438,1,-284974,222,-101,-102,0,0,0,01,11,0,0
D,2137633090,1079,2438,0,-284974,304,-101,-98,0,0,0,01,11,0,0
D,2137634160,1070,2439,1,-284975,366,-101,-97,0,0,0,01,11,0,0
D,2137635042,882,2439,0,-284975,251,-101,-98,0,0,0,01,11,0,0
D,2137636038,996,2439,0,-284975,251,-100,-98,0,0,0,01,11,0,0
D,2137637054,1016,2440,1,-284976,262,-100,-97,0,0,0,01,11,0,0
D,2137638038,984,2440,0,-284976,253,-100,-98,0,0,0,01,11,0,0
D,2137639043,1005,2441,1,-284977,258,-100,-98,0,0,0,01,11,0,0
D,2137640043,1000,2441,0,-284977,252,-100,-98,0,0,0,01,11,0,0
D,2137641048,1005,2441,0,-284977,262,-100,-98,0,0,0,01,11,0,0
D,2137642044,996,2442,1,-284978,253,-100,-98,0,0,0,01,11,0,0
D,2137643042,998,2442,0,-284978,258,-100,-94,0,0,0,01,11,0,0
D,2137644088,1046,2443,1,-284979,297,-100,-102,0,0,0,01,11,0,0
D,2137645016,928,2443,0,-284979,238,-100,-95,0,0,0,01,11,0,0
D,2137646012,996,2444,1,-284980,225,-100,-102,0,0,0,01,11,0,0
D,2137647000,988,2444,0,-284980,221,-100,-103,0,0,0,01,11,0,0
D,2137648008,1008,2444,0,-284980,222,-100,-95,0,0,0,01,11,0,0
D,2137649022,1014,2445,1,-284981,231,-100,-102,0,0,0,01,11,0,0
D,2137649998,976,2445,0,-284981,222,-100,-103,0,0,0,01,11,0,0
D,2137651005,1007,2446,1,-284982,222,-100,-102,0,0,0,01,11,0,0
D,2137652008,1003,2446,0,-284982,222,-100,-103,0,0,0,01,11,0,0
D,2137653081,1073,2447,1,-284983,303,-100,-106,0,0,0,01,11,0,0
D,2137654164,1083,2447,0,-284983,373,-100,-97,0,0,0,01,11,0,0
D,2137655031,867,2447,0,-284983,247,-100,-98,0,0,0,01,11,0,0
D,2137656042,1011,2448,1,-284984,254,-100,-98,0,0,0,01,11,0,0
D,2137657051,1009,2448,0,-284984,260,-100,-98,0,0,0,01,11,0,0
D,2137658034,983,2448,0,-284984,258,-100,-98,0,0,0,01,11,0,0
D,2137659046,1012,2449,1,-284985,254,-100,-98,0,0,0,01,11,0,0
D,2137660034,988,2449,0,-284985,254,-100,-98,0,0,0,01,11,0,0
D,2137661055,1021,2450,1,-284986,263,-100,-106,0,0,0,01,11,0,0
D,2137662044,989,2450,0,-284986,255,-100,-98,0,0,0,01,11,0,0
D,2137663040,996,2451,1,-284987,258,-100,-102,0,0,0,01,11,0,0
D,2137664090,1050,2451,0,-284987,298,-100,-102,0,0,0,01,11,0,0
D,2137665015,925,2451,0,-284987,237,-100,-95,0,0,0,01,11,0,0
D,2137666011,996,2452,1,-284988,224,-100,-102,0,0,0,01,11,0,0
D,2137666998,987,2452,0,-284988,222,-100,-103,0,0,0,01,11,0,0
D,2137668005,1007,2452,0,-284988,222,-100,-95,0,0,0,01,11,0,0
D,2137669022,1017,2453,1,-284989,231,-100,-102,0,0,0,01,11,0,0
D,2137669998,976,2453,0,-284989,222,-100,-95,0,0,0,01,11,0,0
D,2137671005,1007,2454,1,-284990,222,-100,-103,0,0,0,01,11,0,0
D,2137672008,1003,2454,0,-284990,222,-100,-103,0,0,0,01,11,0,0
D,2137673083,1075,2454,0,-284990,305,-100,-98,0,0,0,01,11,0,0
D,2137674152,1069,2455,1,-284991,368,-100,-97,0,0,0,01,11,0,0
D,2137675038,886,2455,0,-284991,249,-100,-98,0,0,0,01,11,0,0
D,2137676040,1002,2456,1,-284992,252,-100,-98,0,0,0,01,11,0,0
D,2137677038,998,2456,0,-284992,262,-99,-98,0,0,0,01,11,0,0
D,2137678048,1010,2456,0,-284992,257,-99,-98,0,0,0,01,11,0,0
D,2137679045,997,2457,1,-284993,258,-99,-98,0,0,0,01,11,0,0
D,2137680035,990,2457,0,-284993,253,-99,-98,0,0,0,01,11,0,0
D,2137681055,1020,2458,1,-284994,264,-99,-97,0,0,0,01,11,0,0
D,2137682047,992,2458,0,-284994,257,-99,-98,0,0,0,01,11,0,0
D,2137683047,1000,2458,0,-284994,258,-99,-94,0,0,0,01,11,0,0
D,2137684083,1036,2459,1,-284995,298,-99,-94,0,0,0,01,11,0,0
D,2137685025,942,2459,0,-284995,237,-99,-95,0,0,0,01,11,0,0
D,2137686008,983,2459,0,-284995,225,-98,-95,0,0,0,01,11,0,0
D,2137687012,1004,2460,1,-284996,222,-98,-95,0,0,0,01,11,0,0
D,2137687999,987,2460,0,-284996,222,-98,-95,0,0,0,01,11,0,0
D,2137689019,1020,2461,1,-284997,231,-98,-102,0,0,0,01,11,0,0
D,2137690012,993,2461,0,-284997,222,-98,-95,0,0,0,01,11,0,0
D,2137690999,987,2461,0,-284997,222,-98,-95,0,0,0,01,11,0,0
D,2137692007,1008,2462,1,-284998,222,-98,-95,0,0,0,01,11,0,0
D,2137693081,1074,2462,0,-284998,303,-98,-89,0,0,0,01,11,0,0
D,2137694146,1065,2463,1,-284999,366,-98,-97,0,0,0,01,11,0,0
D,2137695029,883,2463,0,-284999,249,-98,-98,0,0,0,01,11,0,0
D,2137696037,1008,2463,0,-284999,251,-97,-89,0,0,0,01,11,0,0
D,2137697041,1004,2464,1,-285000,261,-97,-98,0,0,0,01,11,0,0
D,2137698035,994,2464,0,-285000,257,-97,-98,0,0,0,01,11,0,0
D,2137699050,1015,2464,0,-285000,259,-97,-89,0,0,0,01,11,0,0
D,2137700040,990,2465,1,-285001,253,-97,-98,0,0,0,01,11,0,0
D,2137701043,1003,2465,0,-285001,262,-97,-89,0,0,0,01,11,0,0
D,2137702036,993,2465,0,-285001,257,-96,-89,0,0,0,01,11,0,0
D,2137703036,1000,2466,1,-285002,255,-96,-94,0,0,0,01,11,0,0
D,2137704088,1052,2467,1,-285003,297,-97,-102,0,0,0,01,11,0,0
D,2137705014,926,2467,0,-285003,237,-96,-95,0,0,0,01,11,0,0
D,2137706012,998,2467,0,-285003,225,-96,-95,0,0,0,01,11,0,0
D,2137706998,986,2468,1,-285004,222,-96,-95,0,0,0,01,11,0,0
D,2137708005,1007,2468,0,-285004,222,-96,-95,0,0,0,01,11,0,0
D,2137709022,1017,2468,0,-285004,231,-96,-95,0,0,0,01,11,0,0
D,2137709998,976,2469,1,-285005,222,-96,-95,0,0,0,01,11,0,0
D,2137711005,1007,2469,0,-285005,222,-96,-95,0,0,0,01,11,0,0
D,2137712008,1003,2470,1,-285006,222,-96,-95,0,0,0,01,11,0,0
D,2137713085,1077,2470,0,-285006,308,-96,-98,0,0,0,01,11,0,0
D,2137714146,1061,2470,0,-285006,356,-96,-89,0,0,0,01,11,0,0
D,2137715048,902,2471,1,-285007,255,-96,-98,0,0,0,01,11,0,0
D,2137716042,994,2471,0,-285007,250,-96,-98,0,0,0,01,11,0,0
D,2137717054,1012,2471,0,-285007,265,-96,-89,0,0,0,01,11,0,0
D,2137718040,986,2472,1,-285008,254,-96,-98,0,0,0,01,11,0,0
D,2137719045,1005,2472,0,-285008,259,-96,-89,0,0,0,01,11,0,0
D,2137720039,994,2473,1,-285009,248,-96,-98,0,0,0,01,11,0,0
D,2137721054,1015,2473,0,-285009,264,-96,-97,0,0,0,01,11,0,0
D,2137722042,988,2473,0,-285009,254,-95,-89,0,0,0,01,11,0,0
D,2137723047,1005,2474,1,-285010,260,-95,-94,0,0,0,01,11,0,0
D,2137724071,1024,2474,0,-285010,295,-95,-95,0,0,0,01,11,0,0
D,2137725026,955,2474,0,-285010,239,-95,-87,0,0,0,01,11,0,0
D,2137726010,984,2474,0,-285010,227,-95,-87,0,0,0,01,11,0,0
D,2137727013,1003,2475,1,-285011,222,-95,-95,0,0,0,01,11,0,0
D,2137728001,988,2475,0,-285011,222,-94,-87,0,0,0,01,11,0,0
D,2137729021,1020,2476,1,-285012,232,-94,-95,0,0,0,01,11,0,0
D,2137730013,992,2476,0,-285012,221,-94,-95,0,0,0,01,11,0,0
D,2137731001,988,2477,1,-285013,222,-94,-95,0,0,0,01,11,0,0
D,2137732008,1007,2477,0,-285013,222,-94,-95,0,0,0,01,11,0,0
D,2137733088,1080,2477,0,-285013,302,-94,-89,0,0,0,01,11,0,0
D,2137734145,1057,2478,1,-285014,362,-94,-89,0,0,0,01,11,0,0
D,2137735036,891,2478,0,-285014,250,-94,-89,0,0,0,01,11,0,0
D,2137736026,990,2478,0,-285014,250,-94,-89,0,0,0,01,11,0,0
D,2137737054,1028,2479,1,-285015,263,-94,-89,0,0,0,01,11,0,0
D,2137738036,982,2479,0,-285015,252,-93,-89,0,0,0,01,11,0,0
D,2137739047,1011,2479,0,-285015,258,-93,-89,0,0,0,01,11,0,0
D,2137740040,993,2480,1,-285016,249,-93,-89,0,0,0,01,11,0,0
D,2137741055,1015,2480,0,-285016,263,-93,-89,0,0,0,01,11,0,0
D,2137742042,987,2480,0,-285016,252,-92,-81,0,0,0,01,11,0,0
D,2137743041,999,2481,1,-285017,258,-92,-87,0,0,0,01,11,0,0
D,2137744084,1043,2481,0,-285017,296,-92,-87,0,0,0,01,11,0,0
D,2137745026,942,2481,0,-285017,239,-92,-87,0,0,0,01,11,0,0
D,2137746009,983,2482,1,-285018,225,-92,-87,0,0,0,01,11,0,0
D,2137747013,1004,2482,0,-285018,222,-91,-87,0,0,0,01,11,0,0
D,2137748001,988,2483,1,-285019,222,-92,-95,0,0,0,01,11,0,0
D,2137749020,1019,2483,0,-285019,231,-91,-87,0,0,0,01,11,0,0
D,2137750013,993,2483,0,-285019,222,-91,-87,0,0,0,01,11,0,0
D,2137751001,988,2484,1,-285020,222,-91,-87,0,0,0,01,11,0,0
D,2137752008,1007,2484,0,-285020,222,-91,-87,0,0,0,01,11,0,0
D,2137753083,1075,2485,1,-285021,303,-91,-89,0,0,0,01,11,0,0
D,2137754150,1067,2485,0,-285021,363,-91,-89,0,0,0,01,11,0,0
D,2137755032,882,2485,0,-285021,250,-91,-90,0,0,0,01,11,0,0
D,2137756031,999,2486,1,-285022,251,-91,-98,0,0,0,01,11,0,0
D,2137757039,1008,2486,0,-285022,263,-91,-89,0,0,0,01,11,0,0
D,2137758042,1003,2486,0,-285022,252,-91,-89,0,0,0,01,11,0,0
D,2137759041,999,2487,1,-285023,258,-91,-89,0,0,0,01,11,0,0
D,2137760037,996,2487,0,-285023,252,-91,-89,0,0,0,01,11,0,0
D,2137761041,1004,2488,1,-285024,262,-91,-89,0,0,0,01,11,0,0
D,2137762034,993,2488,0,-285024,252,-91,-89,0,0,0,01,11,0,0
D,2137763037,1003,2488,0,-285024,258,-90,-87,0,0,0,01,11,0,0
D,2137764086,1049,2488,0,-285024,297,-90,-87,0,0,0,01,11,0,0
D,2137765025,939,2489,1,-285025,239,-90,-87,0,0,0,01,11,0,0
D,2137766008,983,2489,0,-285025,225,-90,-87,0,0,0,01,11,0,0
D,2137767012,1004,2490,1,-285026,222,-90,-95,0,0,0,01,11,0,0
D,2137767999,987,2490,0,-285026,222,-90,-87,0,0,0,01,11,0,0
D,2137769019,1020,2490,0,-285026,231,-90,-87,0,0,0,01,11,0,0
D,2137770012,993,2491,1,-285027,222,-90,-95,0,0,0,01,11,0,0
D,2137770999,987,2491,0,-285027,222,-90,-87,0,0,0,01,11,0,0
D,2137772007,1008,2491,0,-285027,222,-90,-87,0,0,0,01,11,0,0
D,2137773088,1081,2492,1,-285028,301,-90,-89,0,0,0,01,11,0,0
D,2137774138,1050,2492,0,-285028,360,-90,-89,0,0,0,01,11,0,0
D,2137775033,895,2493,1,-285029,251,-90,-98,0,0,0,01,11,0,0
D,2137776038,1005,2493,0,-285029,250,-90,-89,0,0,0,01,11,0,0
D,2137777041,1003,2494,1,-285030,264,-90,-98,0,0,0,01,11,0,0
D,2137778034,993,2494,0,-285030,255,-90,-89,0,0,0,01,11,0,0
D,2137779035,1001,2494,0,-285030,259,-90,-89,0,0,0,01,11,0,0
D,2137780031,996,2494,0,-285030,249,-90,-89,0,0,0,01,11,0,0
D,2137781049,1018,2495,1,-285031,264,-90,-89,0,0,0,01,11,0,0
D,2137782040,991,2495,0,-285031,256,-90,-89,0,0,0,01,11,0,0
D,2137783039,999,2495,0,-285031,256,-90,-87,0,0,0,01,11,0,0
D,2137784078,1039,2496,1,-285032,295,-90,-87,0,0,0,01,11,0,0
D,2137785032,954,2496,0,-285032,240,-90,-90,0,0,0,01,11,0,0
D,2137786012,980,2497,1,-285033,226,-90,-95,0,0,0,01,11,0,0
D,2137786998,986,2497,0,-285033,222,-90,-87,0,0,0,01,11,0,0
D,2137788005,1007,2497,0,-285033,222,-90,-87,0,0,0,01,11,0,0
D,2137789021,1016,2497,0,-285033,231,-90,-87,0,0,0,01,11,0,0
D,2137790013,992,2498,1,-285034,222,-90,-87,0,0,0,01,11,0,0
D,2137791001,988,2499,1,-285035,222,-90,-95,0,0,0,01,11,0,0
D,2137792008,1007,2499,0,-285035,222,-90,-87,0,0,0,01,11,0,0
D,2137793085,1077,2499,0,-285035,304,-90,-89,0,0,0,01,11,0,0
D,2137794162,1077,2499,0,-285035,369,-90,-89,0,0,0,01,11,0,0
D,2137795025,863,2500,1,-285036,248,-90,-90,0,0,0,01,11,0,0
D,2137796037,1012,2500,0,-285036,255,-90,-89,0,0,0,01,11,0,0
D,2137797040,1003,2501,1,-285037,261,-90,-89,0,0,0,01,11,0,0
D,2137798036,996,2501,0,-285037,259,-90,-89,0,0,0,01,11,0,0
D,2137799037,1001,2501,0,-285037,257,-90,-89,0,0,0,01,11,0,0
D,2137800041,1004,2501,0,-285037,254,-89,-81,0,0,0,01,11,0,0
D,2137801039,998,2502,1,-285038,261,-89,-89,0,0,0,01,11,0,0
D,2137802048,1009,2502,0,-285038,259,-89,-89,0,0,0,01,11,0,0
D,2137803046,998,2502,0,-285038,254,-89,-87,0,0,0,01,11,0,0
D,2137804079,1033,2503,1,-285039,298,-89,-87,0,0,0,01,11,0,0
D,2137805016,937,2503,0,-285039,237,-89,-87,0,0,0,01,11,0,0
D,2137806011,995,2503,0,-285039,224,-89,-79,0,0,0,01,11,0,0
D,2137806998,987,2504,1,-285040,222,-89,-87,0,0,0,01,11,0,0
D,2137808005,1007,2504,0,-285040,222,-88,-79,0,0,0,01,11,0,0
D,2137809022,1017,2505,1,-285041,231,-88,-87,0,0,0,01,11,0,0
D,2137809998,976,2505,0,-285041,222,-88,-87,0,0,0,01,11,0,0
D,2137811005,1007,2505,0,-285041,222,-88,-87,0,0,0,01,11,0,0
D,2137812008,1003,2506,1,-285042,222,-88,-87,0,0,0,01,11,0,0
D,2137813080,1072,2506,0,-285042,301,-88,-89,0,0,0,01,11,0,0
D,2137814136,1056,2506,0,-285042,359,-88,-81,0,0,0,01,11,0,0
D,2137815042,906,2507,1,-285043,251,-88,-89,0,0,0,01,11,0,0
D,2137816029,987,2507,0,-285043,250,-88,-81,0,0,0,01,11,0,0
D,2137817056,1027,2507,0,-285043,263,-87,-81,0,0,0,01,11,0,0
D,2137818044,988,2508,1,-285044,256,-87,-89,0,0,0,01,11,0,0
D,2137819044,1000,2508,0,-285044,258,-87,-89,0,0,0,01,11,0,0
D,2137820043,999,2508,0,-285044,252,-87,-81,0,0,0,01,11,0,0
D,2137821044,1001,2509,1,-285045,263,-87,-81,0,0,0,01,11,0,0
D,2137822044,1000,2509,0,-285045,255,-87,-81,0,0,0,01,11,0,0
D,2137823040,996,2509,0,-285045,256,-86,-79,0,0,0,01,11,0,0
D,2137824080,1040,2510,1,-285046,296,-86,-87,0,0,0,01,11,0,0
D,2137825023,943,2510,0,-285046,239,-86,-87,0,0,0,01,11,0,0
D,2137826003,980,2510,0,-285046,225,-86,-79,0,0,0,01,11,0,0
D,2137827007,1004,2511,1,-285047,222,-86,-87,0,0,0,01,11,0,0
D,2137828011,1004,2511,0,-285047,222,-86,-79,0,0,0,01,11,0,0
D,2137829010,999,2511,0,-285047,231,-86,-79,0,0,0,01,11,0,0
D,2137830004,994,2512,1,-285048,222,-86,-87,0,0,0,01,11,0,0
D,2137831008,1004,2512,0,-285048,222,-86,-87,0,0,0,01,11,0,0
D,2137832012,1004,2513,1,-285049,222,-86,-87,0,0,0,01,11,0,0
D,2137833091,1079,2513,0,-285049,307,-86,-89,0,0,0,01,11,0,0
D,2137834130,1039,2513,0,-285049,352,-86,-81,0,0,0,01,11,0,0
D,2137835043,913,2514,1,-285050,256,-86,-89,0,0,0,01,11,0,0
D,2137836037,994,2514,0,-285050,251,-86,-89,0,0,0,01,11,0,0
D,2137837042,1005,2514,0,-285050,265,-86,-81,0,0,0,01,11,0,0
D,2137838032,990,2515,1,-285051,255,-86,-89,0,0,0,01,11,0,0
D,2137839050,1018,2515,0,-285051,261,-86,-81,0,0,0,01,11,0,0
D,2137840033,983,2515,0,-285051,248,-86,-81,0,0,0,01,11,0,0
D,2137841050,1017,2515,0,-285051,266,-85,-81,0,0,0,01,11,0,0
D,2137842037,987,2516,1,-285052,255,-85,-81,0,0,0,01,11,0,0
D,2137843041,1004,2516,0,-285052,260,-85,-79,0,0,0,01,11,0,0
D,2137844077,1036,2516,0,-285052,293,-85,-79,0,0,0,01,11,0,0
D,2137845015,938,2517,1,-285053,240,-85,-87,0,0,0,01,11,0,0
D,2137846013,998,2517,0,-285053,226,-85,-79,0,0,0,01,11,0,0
D,2137847001,988,2518,1,-285054,222,-85,-87,0,0,0,01,11,0,0
D,2137848008,1007,2518,0,-285054,222,-85,-87,0,0,0,01,11,0,0
D,2137849021,1013,2518,0,-285054,231,-85,-79,0,0,0,01,11,0,0
D,2137850013,992,2518,0,-285054,222,-84,-79,0,0,0,01,11,0,0
D,2137851000,987,2519,1,-285055,221,-84,-87,0,0,0,01,11,0,0
D,2137852008,1008,2519,0,-285055,222,-84,-79,0,0,0,01,11,0,0
D,2137853085,1077,2519,0,-285055,302,-84,-81,0,0,0,01,11,0,0
D,2137854151,1066,2520,1,-285056,368,-84,-81,0,0,0,01,11,0,0
D,2137855036,885,2520,0,-285056,250,-84,-81,0,0,0,01,11,0,0
D,2137856027,991,2521,1,-285057,251,-84,-89,0,0,0,01,11,0,0
D,2137857051,1024,2521,0,-285057,261,-84,-81,0,0,0,01,11,0,0
D,2137858038,987,2521,0,-285057,254,-84,-81,0,0,0,01,11,0,0
D,2137859048,1010,2522,1,-285058,257,-84,-89,0,0,0,01,11,0,0
D,2137860036,988,2522,0,-285058,254,-84,-81,0,0,0,01,11,0,0
D,2137861051,1015,2522,0,-285058,263,-84,-81,0,0,0,01,11,0,0
D,2137862040,989,2522,0,-285058,258,-83,-73,0,0,0,01,11,0,0
D,2137863035,995,2523,1,-285059,258,-83,-79,0,0,0,01,11,0,0
D,2137864081,1046,2523,0,-285059,297,-83,-79,0,0,0,01,11,0,0
D,2137865016,935,2523,0,-285059,238,-83,-79,0,0,0,01,11,0,0
D,2137866011,995,2524,1,-285060,224,-83,-79,0,0,0,01,11,0,0
D,2137866998,987,2524,0,-285060,222,-83,-79,0,0,0,01,11,0,0
D,2137868005,1007,2524,0,-285060,222,-82,-79,0,0,0,01,11,0,0
D,2137869022,1017,2525,1,-285061,231,-82,-79,0,0,0,01,11,0,0
D,2137869998,976,2525,0,-285061,222,-82,-79,0,0,0,01,11,0,0
D,2137871005,1007,2526,1,-285062,222,-82,-87,0,0,0,01,11,0,0
D,2137872008,1003,2526,0,-285062,222,-83,-87,0,0,0,01,11,0,0
D,2137873082,1074,2526,0,-285062,305,-82,-81,0,0,0,01,11,0,0
D,2137874142,1060,2526,0,-285062,362,-82,-81,0,0,0,01,11,0,0
D,2137875031,889,2527,1,-285063,251,-82,-81,0,0,0,01,11,0,0
D,2137876043,1012,2527,0,-285063,251,-82,-81,0,0,0,01,11,0,0
D,2137877055,1012,2528,1,-285064,263,-82,-81,0,0,0,01,11,0,0
D,2137878041,986,2528,0,-285064,255,-82,-81,0,0,0,01,11,0,0
D,2137879036,995,2528,0,-285064,255,-82,-81,0,0,0,01,11,0,0
D,2137880027,991,2529,1,-285065,249,-83,-89,0,0,0,01,11,0,0
D,2137881041,1014,2529,0,-285065,263,-82,-81,0,0,0,01,11,0,0
D,2137882043,1002,2529,0,-285065,255,-82,-81,0,0,0,01,11,0,0
D,2137883040,997,2529,0,-285065,255,-82,-79,0,0,0,01,11,0,0
D,2137884077,1037,2530,1,-285066,297,-82,-87,0,0,0,01,11,0,0
D,2137885021,944,2530,0,-285066,239,-82,-79,0,0,0,01,11,0,0
D,2137886002,981,2530,0,-285066,225,-82,-79,0,0,0,01,11,0,0
D,2137887007,1005,2530,0,-285066,222,-82,-71,0,0,0,01,11,0,0
D,2137888011,1004,2531,1,-285067,222,-82,-79,0,0,0,01,11,0,0
D,2137889009,998,2531,0,-285067,231,-82,-79,0,0,0,01,11,0,0
D,2137890004,995,2532,1,-285068,222,-81,-79,0,0,0,01,11,0,0
D,2137891008,1004,2532,0,-285068,222,-81,-79,0,0,0,01,11,0,0
D,2137892012,1004,2532,0,-285068,222,-81,-79,0,0,0,01,11,0,0
D,2137893083,1071,2533,1,-285069,301,-81,-81,0,0,0,01,11,0,0
D,2137894139,1056,2533,0,-285069,360,-81,-81,0,0,0,01,11,0,0
D,2137895042,903,2533,0,-285069,250,-81,-81,0,0,0,01,11,0,0
D,2137896034,992,2534,1,-285070,250,-81,-81,0,0,0,01,11,0,0
D,2137897053,1019,2534,0,-285070,263,-81,-81,0,0,0,01,11,0,0
D,2137898033,980,2534,0,-285070,252,-81,-81,0,0,0,01,11,0,0
D,2137899043,1010,2535,1,-285071,258,-81,-81,0,0,0,01,11,0,0
D,2137900029,986,2535,0,-285071,253,-81,-81,0,0,0,01,11,0,0
D,2137901047,1018,2535,0,-285071,263,-81,-73,0,0,0,01,11,0,0
D,2137902043,996,2536,1,-285072,252,-81,-81,0,0,0,01,11,0,0
D,2137903042,999,2536,0,-285072,259,-81,-79,0,0,0,01,11,0,0
D,2137904080,1038,2536,0,-285072,295,-81,-79,0,0,0,01,11,0,0
D,2137905023,943,2536,0,-285072,239,-81,-79,0,0,0,01,11,0,0
D,2137906003,980,2537,1,-285073,226,-81,-79,0,0,0,01,11,0,0
D,2137907008,1005,2537,0,-285073,222,-81,-79,0,0,0,01,11,0,0
D,2137908011,1003,2537,0,-285073,222,-80,-71,0,0,0,01,11,0,0
D,2137909009,998,2538,1,-285074,231,-80,-79,0,0,0,01,11,0,0
D,2137910004,995,2538,0,-285074,222,-80,-79,0,0,0,01,11,0,0
D,2137911008,1004,2538,0,-285074,222,-80,-71,0,0,0,01,11,0,0
D,2137912012,1004,2539,1,-285075,222,-80,-79,0,0,0,01,11,0,0
D,2137913091,1079,2539,0,-285075,304,-80,-81,0,0,0,01,11,0,0
D,2137914159,1068,2540,1,-285076,370,-80,-81,0,0,0,01,11,0,0
D,2137915027,868,2540,0,-285076,249,-80,-81,0,0,0,01,11,0,0
D,2137916035,1008,2540,0,-285076,253,-80,-81,0,0,0,01,11,0,0
D,2137917048,1013,2540,0,-285076,261,-80,-81,0,0,0,01,11,0,0
D,2137918045,997,2541,1,-285077,259,-80,-81,0,0,0,01,11,0,0
D,2137919038,993,2541,0,-285077,257,-80,-81,0,0,0,01,11,0,0
D,2137920033,995,2541,0,-285077,254,-80,-73,0,0,0,01,11,0,0
D,2137921051,1018,2542,1,-285078,262,-80,-81,0,0,0,01,11,0,0
D,2137922045,994,2542,0,-285078,259,-80,-81,0,0,0,01,11,0,0
D,2137923040,995,2542,0,-285078,258,-80,-79,0,0,0,01,11,0,0
D,2137924080,1040,2543,1,-285079,299,-80,-79,0,0,0,01,11,0,0
D,2137925023,943,2543,0,-285079,237,-80,-79,0,0,0,01,11,0,0
D,2137926001,978,2543,0,-285079,224,-80,-79,0,0,0,01,11,0,0
D,2137927008,1007,2543,0,-285079,222,-79,-71,0,0,0,01,11,0,0
D,2137928011,1003,2544,1,-285080,222,-79,-79,0,0,0,01,11,0,0
D,2137929009,998,2544,0,-285080,231,-79,-79,0,0,0,01,11,0,0
D,2137930004,995,2544,0,-285080,222,-79,-71,0,0,0,01,11,0,0
D,2137931008,1004,2545,1,-285081,222,-79,-79,0,0,0,01,11,0,0
D,2137932011,1003,2545,0,-285081,221,-79,-79,0,0,0,01,11,0,0
D,2137933089,1078,2545,0,-285081,306,-79,-73,0,0,0,01,11,0,0
D,2137934148,1059,2546,1,-285082,358,-79,-81,0,0,0,01,11,0,0
D,2137935036,888,2546,0,-285082,256,-79,-81,0,0,0,01,11,0,0
D,2137936041,1005,2546,0,-285082,250,-79,-73,0,0,0,01,11,0,0
D,2137937054,1013,2546,0,-285082,262,-79,-73,0,0,0,01,11,0,0
D,2137938031,977,2547,1,-285083,252,-79,-81,0,0,0,01,11,0,0
D,2137939045,1014,2547,0,-285083,259,-78,-73,0,0,0,01,11,0,0
D,2137940030,985,2547,0,-285083,252,-78,-73,0,0,0,01,11,0,0
D,2137941051,1021,2548,1,-285084,263,-78,-81,0,0,0,01,11,0,0
D,2137942036,985,2548,0,-285084,255,-78,-73,0,0,0,01,11,0,0
D,2137943043,1007,2549,1,-285085,258,-78,-79,0,0,0,01,11,0,0
D,2137944080,1037,2549,0,-285085,296,-78,-79,0,0,0,01,11,0,0
D,2137945023,943,2549,0,-285085,239,-78,-71,0,0,0,01,11,0,0
D,2137946009,986,2550,1,-285086,226,-78,-79,0,0,0,01,11,0,0
D,2137947012,1003,2550,0,-285086,222,-78,-79,0,0,0,01,11,0,0
D,2137947999,987,2550,0,-285086,221,-78,-79,0,0,0,01,11,0,0
D,2137949019,1020,2551,1,-285087,231,-78,-79,0,0,0,01,11,0,0
D,2137950012,993,2551,0,-285087,222,-78,-79,0,0,0,01,11,0,0
D,2137950999,987,2551,0,-285087,222,-78,-79,0,0,0,01,11,0,0
D,2137952007,1008,2551,0,-285087,222,-78,-71,0,0,0,01,11,0,0
D,2137953082,1075,2551,0,-285087,303,-78,-73,0,0,0,01,11,0,0
D,2137954135,1053,2552,1,-285088,356,-77,-73,0,0,0,01,11,0,0
D,2137955043,908,2552,0,-285088,252,-77,-73,0,0,0,01,11,0,0
D,2137956036,993,2552,0,-285088,250,-77,-73,0,0,0,01,11,0,0
D,2137957042,1006,2553,1,-285089,265,-77,-81,0,0,0,01,11,0,0
D,2137958044,1002,2553,0,-285089,254,-77,-73,0,0,0,01,11,0,0
D,2137959044,1000,2554,1,-285090,260,-77,-81,0,0,0,01,11,0,0
D,2137960041,997,2554,0,-285090,251,-77,-81,0,0,0,01,11,0,0
D,2137961042,1001,2554,0,-285090,265,-77,-73,0,0,0,01,11,0,0
D,2137962036,994,2554,0,-285090,251,-77,-73,0,0,0,01,11,0,0
D,2137963039,1003,2555,1,-285091,260,-77,-79,0,0,0,01,11,0,0
D,2137964079,1040,2555,0,-285091,294,-77,-79,0,0,0,01,11,0,0
D,2137965017,938,2555,0,-285091,240,-77,-71,0,0,0,01,11,0,0
D,2137966015,998,2556,1,-285092,227,-77,-79,0,0,0,01,11,0,0
D,2137967004,989,2556,0,-285092,222,-77,-79,0,0,0,01,11,0,0
D,2137968008,1004,2556,0,-285092,222,-77,-79,0,0,0,01,11,0,0
D,2137969022,1014,2556,0,-285092,232,-77,-71,0,0,0,01,11,0,0
D,2137969998,976,2557,1,-285093,222,-77,-79,0,0,0,01,11,0,0
D,2137971004,1006,2557,0,-285093,221,-77,-79,0,0,0,01,11,0,0
D,2137972008,1004,2557,0,-285093,222,-77,-71,0,0,0,01,11,0,0
D,2137973082,1074,2557,0,-285093,302,-76,-65,0,0,0,01,11,0,0
D,2137974139,1057,2558,1,-285094,362,-76,-73,0,0,0,01,11,0,0
D,2137975042,903,2558,0,-285094,250,-76,-73,0,0,0,01,11,0,0
D,2137976034,992,2558,0,-285094,250,-76,-65,0,0,0,01,11,0,0
D,2137977040,1006,2559,1,-285095,263,-76,-73,0,0,0,01,11,0,0
D,2137978042,1002,2559,0,-285095,255,-76,-73,0,0,0,01,11,0,0
D,2137979041,999,2559,0,-285095,258,-75,-65,0,0,0,01,11,0,0
D,2137980029,988,2559,0,-285095,252,-75,-65,0,0,0,01,11,0,0
D,2137981045,1016,2560,1,-285096,263,-75,-73,0,0,0,01,11,0,0
D,2137982033,988,2560,0,-285096,256,-75,-73,0,0,0,01,11,0,0
D,2137983047,1014,2561,1,-285097,255,-75,-79,0,0,0,01,11,0,0
D,2137984085,1038,2561,0,-285097,296,-75,-79,0,0,0,01,11,0,0
D,2137985026,941,2561,0,-285097,238,-75,-71,0,0,0,01,11,0,0
D,2137986009,983,2561,0,-285097,226,-75,-71,0,0,0,01,11,0,0
D,2137987012,1003,2562,1,-285098,222,-75,-79,0,0,0,01,11,0,0
D,2137988001,989,2562,0,-285098,222,-75,-71,0,0,0,01,11,0,0
D,2137989020,1019,2562,0,-285098,231,-74,-71,0,0,0,01,11,0,0
D,2137990013,993,2563,1,-285099,222,-74,-71,0,0,0,01,11,0,0
D,2137991001,988,2563,0,-285099,222,-74,-71,0,0,0,01,11,0,0
D,2137992008,1007,2563,0,-285099,222,-74,-71,0,0,0,01,11,0,0
D,2137993080,1072,2564,1,-285100,303,-74,-73,0,0,0,01,11,0,0
D,2137994146,1066,2564,0,-285100,363,-74,-73,0,0,0,01,11,0,0
D,2137995032,886,2564,0,-285100,250,-74,-73,0,0,0,01,11,0,0
D,2137996042,1010,2564,0,-285100,251,-74,-65,0,0,0,01,11,0,0
D,2137997054,1012,2564,0,-285100,263,-73,-65,0,0,0,01,11,0,0
D,2137998041,987,2565,1,-285101,255,-73,-73,0,0,0,01,11,0,0
D,2137999043,1002,2565,0,-285101,259,-73,-73,0,0,0,01,11,0,0
D,2138000042,999,2565,0,-285101,252,-73,-65,0,0,0,01,11,0,0
D,2138001043,1001,2565,0,-285101,262,-73,-65,0,0,0,01,11,0,0
D,2138002043,1000,2566,1,-285102,256,-73,-73,0,0,0,01,11,0,0
D,2138003046,1003,2566,0,-285102,258,-73,-71,0,0,0,01,11,0,0
D,2138004085,1039,2567,1,-285103,297,-73,-79,0,0,0,01,11,0,0
D,2138005031,946,2567,0,-285103,239,-73,-71,0,0,0,01,11,0,0
D,2138006012,981,2567,0,-285103,225,-73,-71,0,0,0,01,11,0,0
D,2138006999,987,2568,1,-285104,222,-73,-79,0,0,0,01,11,0,0
D,2138008007,1008,2568,0,-285104,222,-73,-71,0,0,0,01,11,0,0
D,2138009022,1015,2568,0,-285104,232,-73,-71,0,0,0,01,11,0,0
D,2138009997,975,2568,0,-285104,222,-73,-71,0,0,0,01,11,0,0
D,2138011004,1007,2569,1,-285105,222,-73,-79,0,0,0,01,11,0,0
D,2138012008,1004,2569,0,-285105,222,-73,-71,0,0,0,01,11,0,0
D,2138013079,1071,2569,0,-285105,301,-73,-65,0,0,0,01,11,0,0
D,2138014140,1061,2570,1,-285106,363,-73,-73,0,0,0,01,11,0,0
D,2138015030,890,2570,0,-285106,249,-73,-73,0,0,0,01,11,0,0
D,2138016036,1006,2570,0,-285106,250,-73,-73,0,0,0,01,11,0,0
D,2138017039,1003,2570,0,-285106,263,-72,-65,0,0,0,01,11,0,0
D,2138018043,1004,2570,0,-285106,252,-72,-65,0,0,0,01,11,0,0
D,2138019041,998,2571,1,-285107,258,-72,-73,0,0,0,01,11,0,0
D,2138020038,997,2571,0,-285107,252,-72,-65,0,0,0,01,11,0,0
D,2138021057,1019,2571,0,-285107,267,-72,-65,0,0,0,01,11,0,0
D,2138022039,982,2572,1,-285108,255,-72,-73,0,0,0,01,11,0,0
D,2138023040,1001,2572,0,-285108,258,-72,-71,0,0,0,01,11,0,0
D,2138024083,1043,2572,0,-285108,296,-71,-63,0,0,0,01,11,0,0
D,2138025024,941,2572,0,-285108,239,-71,-63,0,0,0,01,11,0,0
D,2138026005,981,2573,1,-285109,226,-71,-71,0,0,0,01,11,0,0
D,2138027008,1003,2573,0,-285109,222,-71,-71,0,0,0,01,11,0,0
D,2138028011,1003,2573,0,-285109,222,-71,-71,0,0,0,01,11,0,0
D,2138029009,998,2574,1,-285110,231,-71,-71,0,0,0,01,11,0,0
D,2138030004,995,2574,0,-285110,222,-71,-71,0,0,0,01,11,0,0
D,2138031008,1004,2574,0,-285110,222,-71,-71,0,0,0,01,11,0,0
D,2138032012,1004,2574,0,-285110,222,-71,-71,0,0,0,01,11,0,0
D,2138033090,1078,2575,1,-285111,303,-71,-73,0,0,0,01,11,0,0
D,2138034128,1038,2575,0,-285111,351,-71,-65,0,0,0,01,11,0,0
D,2138035037,909,2575,0,-285111,253,-71,-65,0,0,0,01,11,0,0
D,2138036028,991,2575,0,-285111,251,-70,-65,0,0,0,01,11,0,0
D,2138037057,1029,2576,1,-285112,265,-70,-65,0,0,0,01,11,0,0
D,2138038044,987,2576,0,-285112,254,-70,-65,0,0,0,01,11,0,0
D,2138039046,1002,2576,0,-285112,259,-70,-65,0,0,0,01,11,0,0
D,2138040037,991,2576,0,-285112,248,-70,-65,0,0,0,01,11,0,0
D,2138041054,1017,2577,1,-285113,266,-69,-65,0,0,0,01,11,0,0
D,2138042038,984,2577,0,-285113,254,-69,-65,0,0,0,01,11,0,0
D,2138043041,1003,2577,0,-285113,260,-69,-63,0,0,0,01,11,0,0
D,2138044083,1042,2578,1,-285114,294,-69,-71,0,0,0,01,11,0,0
D,2138045027,944,2578,0,-285114,240,-69,-63,0,0,0,01,11,0,0
D,2138046012,985,2578,0,-285114,226,-69,-63,0,0,0,01,11,0,0
D,2138046999,987,2579,1,-285115,221,-69,-71,0,0,0,01,11,0,0
D,2138048007,1008,2579,0,-285115,222,-69,-71,0,0,0,01,11,0,0
D,2138049021,1014,2579,0,-285115,231,-69,-71,0,0,0,01,11,0,0
D,2138050013,992,2579,0,-285115,222,-69,-63,0,0,0,01,11,0,0
D,2138051004,991,2579,0,-285115,222,-68,-63,0,0,0,01,11,0,0
D,2138052008,1004,2580,1,-285116,222,-69,-71,0,0,0,01,11,0,0
D,2138053080,1072,2580,0,-285116,300,-68,-65,0,0,0,01,11,0,0
D,2138054141,1061,2580,0,-285116,364,-68,-65,0,0,0,01,11,0,0
D,2138055031,890,2581,1,-285117,250,-68,-73,0,0,0,01,11,0,0
D,2138056035,1004,2581,0,-285117,250,-68,-65,0,0,0,01,11,0,0
D,2138057040,1005,2581,0,-285117,262,-68,-65,0,0,0,01,11,0,0
D,2138058033,993,2581,0,-285117,255,-68,-65,0,0,0,01,11,0,0
D,2138059035,1002,2582,1,-285118,259,-68,-65,0,0,0,01,11,0,0
D,2138060031,996,2582,0,-285118,249,-68,-65,0,0,0,01,11,0,0
D,2138061045,1014,2582,0,-285118,263,-68,-65,0,0,0,01,11,0,0
D,2138062046,1001,2583,1,-285119,255,-68,-73,0,0,0,01,11,0,0
D,2138063048,1002,2583,0,-285119,258,-68,-71,0,0,0,01,11,0,0
D,2138064074,1026,2583,0,-285119,296,-68,-63,0,0,0,01,11,0,0
D,2138065028,954,2583,0,-285119,239,-68,-63,0,0,0,01,11,0,0
D,2138066011,983,2583,0,-285119,225,-67,-63,0,0,0,01,11,0,0
D,2138066999,988,2584,1,-285120,222,-68,-71,0,0,0,01,11,0,0
D,2138068007,1008,2584,0,-285120,222,-67,-63,0,0,0,01,11,0,0
D,2138069022,1015,2584,0,-285120,232,-67,-63,0,0,0,01,11,0,0
D,2138069997,975,2585,1,-285121,222,-67,-71,0,0,0,01,11,0,0
D,2138071004,1007,2585,0,-285121,222,-68,-71,0,0,0,01,11,0,0
D,2138072008,1004,2585,0,-285121,222,-67,-63,0,0,0,01,11,0,0
D,2138073092,1084,2585,0,-285121,308,-67,-65,0,0,0,01,11,0,0
D,2138074127,1035,2585,0,-285121,348,-67,-57,0,0,0,01,11,0,0
D,2138075037,910,2585,0,-285121,256,-66,-57,0,0,0,01,11,0,0
D,2138076042,1005,2586,1,-285122,251,-66,-65,0,0,0,01,11,0,0
D,2138077055,1013,2586,0,-285122,264,-66,-57,0,0,0,01,11,0,0
D,2138078046,991,2587,1,-285123,255,-66,-65,0,0,0,01,11,0,0
D,2138079046,1000,2587,0,-285123,259,-66,-65,0,0,0,01,11,0,0
D,2138080038,992,2587,0,-285123,248,-66,-65,0,0,0,01,11,0,0
D,2138081056,1018,2587,0,-285123,266,-66,-65,0,0,0,01,11,0,0
D,2138082041,985,2587,0,-285123,255,-66,-57,0,0,0,01,11,0,0
D,2138083039,998,2588,1,-285124,257,-65,-63,0,0,0,01,11,0,0
D,2138084082,1043,2588,0,-285124,295,-65,-63,0,0,0,01,11,0,0
D,2138085021,939,2588,0,-285124,239,-65,-63,0,0,0,01,11,0,0
D,2138086019,998,2589,1,-285125,227,-65,-63,0,0,0,01,11,0,0
D,2138087008,989,2589,0,-285125,222,-65,-63,0,0,0,01,11,0,0
D,2138088011,1003,2589,0,-285125,222,-65,-63,0,0,0,01,11,0,0
D,2138089010,999,2589,0,-285125,232,-65,-63,0,0,0,01,11,0,0
D,2138090004,994,2590,1,-285126,222,-65,-63,0,0,0,01,11,0,0
D,2138091008,1004,2590,0,-285126,222,-65,-63,0,0,0,01,11,0,0
D,2138092011,1003,2590,0,-285126,222,-65,-63,0,0,0,01,11,0,0
D,2138093087,1076,2590,0,-285126,301,-64,-57,0,0,0,01,11,0,0
D,2138094149,1062,2591,1,-285127,364,-64,-65,0,0,0,01,11,0,0
D,2138095039,890,2591,0,-285127,250,-64,-65,0,0,0,01,11,0,0
D,2138096028,989,2591,0,-285127,250,-64,-65,0,0,0,01,11,0,0
D,2138097054,1026,2592,1,-285128,262,-64,-65,0,0,0,01,11,0,0
D,2138098036,982,2592,0,-285128,253,-65,-65,0,0,0,01,11,0,0
D,2138099045,1009,2592,0,-285128,258,-65,-65,0,0,0,01,11,0,0
D,2138100040,995,2592,0,-285128,249,-64,-57,0,0,0,01,11,0,0
D,2138101043,1003,2593,1,-285129,261,-64,-65,0,0,0,01,11,0,0
D,2138102043,1000,2593,0,-285129,253,-64,-65,0,0,0,01,11,0,0
D,2138103042,999,2593,0,-285129,258,-64,-63,0,0,0,01,11,0,0
D,2138104076,1034,2593,0,-285129,297,-64,-63,0,0,0,01,11,0,0
D,2138105014,938,2593,0,-285129,238,-64,-63,0,0,0,01,11,0,0
D,2138106012,998,2594,1,-285130,225,-64,-71,0,0,0,01,11,0,0
D,2138106998,986,2594,0,-285130,222,-64,-63,0,0,0,01,11,0,0
D,2138108005,1007,2594,0,-285130,222,-64,-63,0,0,0,01,11,0,0
D,2138109022,1017,2594,0,-285130,231,-64,-55,0,0,0,01,11,0,0
D,2138109998,976,2595,1,-285131,222,-64,-63,0,0,0,01,11,0,0
D,2138111005,1007,2595,0,-285131,222,-64,-63,0,0,0,01,11,0,0
D,2138112008,1003,2595,0,-285131,222,-64,-63,0,0,0,01,11,0,0
D,2138113091,1083,2595,0,-285131,306,-64,-57,0,0,0,01,11,0,0
D,2138114130,1039,2596,1,-285132,353,-64,-65,0,0,0,01,11,0,0
D,2138115036,906,2596,0,-285132,253,-64,-65,0,0,0,01,11,0,0
D,2138116030,994,2596,0,-285132,251,-63,-57,0,0,0,01,11,0,0
D,2138117058,1028,2596,0,-285132,265,-63,-57,0,0,0,01,11,0,0
D,2138118045,987,2597,1,-285133,254,-63,-65,0,0,0,01,11,0,0
D,2138119048,1003,2597,0,-285133,260,-63,-65,0,0,0,01,11,0,0
D,2138120025,977,2597,0,-285133,247,-63,-57,0,0,0,01,11,0,0
D,2138121044,1019,2598,1,-285134,267,-63,-65,0,0,0,01,11,0,0
D,2138122041,997,2598,0,-285134,251,-63,-65,0,0,0,01,11,0,0
D,2138123041,1000,2598,0,-285134,260,-63,-63,0,0,0,01,11,0,0
D,2138124071,1030,2598,0,-285134,293,-63,-63,0,0,0,01,11,0,0
D,2138125024,953,2599,1,-285135,239,-63,-63,0,0,0,01,11,0,0
D,2138126005,981,2599,0,-285135,227,-63,-63,0,0,0,01,11,0,0
D,2138127009,1004,2599,0,-285135,222,-63,-63,0,0,0,01,11,0,0
D,2138128013,1004,2599,0,-285135,222,-63,-55,0,0,0,01,11,0,0
D,2138129012,999,2600,1,-285136,232,-63,-63,0,0,0,01,11,0,0
D,2138130007,995,2600,0,-285136,222,-63,-63,0,0,0,01,11,0,0
D,2138131011,1004,2600,0,-285136,222,-63,-63,0,0,0,01,11,0,0
D,2138131998,987,2600,0,-285136,222,-63,-55,0,0,0,01,11,0,0
D,2138133096,1098,2600,0,-285136,302,-62,-57,0,0,0,01,11,0,0
D,2138134167,1071,2600,0,-285136,374,-62,-57,0,0,0,01,11,0,0
D,2138135037,870,2601,1,-285137,246,-62,-65,0,0,0,01,11,0,0
D,2138136031,994,2601,0,-285137,254,-62,-57,0,0,0,01,11,0,0
D,2138137038,1007,2601,0,-285137,261,-62,-57,0,0,0,01,11,0,0
D,2138138035,997,2601,0,-285137,259,-62,-57,0,0,0,01,11,0,0
D,2138139049,1014,2602,1,-285138,257,-62,-65,0,0,0,01,11,0,0
D,2138140038,989,2602,0,-285138,254,-62,-57,0,0,0,01,11,0,0
D,2138141037,999,2602,0,-285138,261,-61,-57,0,0,0,01,11,0,0
D,2138142046,1009,2603,1,-285139,258,-62,-65,0,0,0,01,11,0,0
D,2138143047,1001,2603,0,-285139,257,-62,-63,0,0,0,01,11,0,0
D,2138144080,1033,2603,0,-285139,299,-62,-63,0,0,0,01,11,0,0
D,2138145028,948,2603,0,-285139,237,-61,-55,0,0,0,01,11,0,0
D,2138146008,980,2603,0,-285139,224,-61,-55,0,0,0,01,11,0,0
D,2138147011,1003,2604,1,-285140,222,-61,-63,0,0,0,01,11,0,0
D,2138147998,987,2604,0,-285140,222,-61,-63,0,0,0,01,11,0,0
D,2138149012,1014,2604,0,-285140,231,-61,-55,0,0,0,01,11,0,0
D,2138150008,996,2604,0,-285140,222,-61,-55,0,0,0,01,11,0,0
D,2138151011,1003,2605,1,-285141,222,-61,-63,0,0,0,01,11,0,0
D,2138151998,987,2605,0,-285141,222,-61,-55,0,0,0,01,11,0,0
D,2138153094,1096,2605,0,-285141,304,-61,-57,0,0,0,01,11,0,0
D,2138154163,1069,2605,0,-285141,371,-60,-57,0,0,0,01,11,0,0
D,2138155028,865,2606,1,-285142,247,-60,-57,0,0,0,01,11,0,0
D,2138156044,1016,2606,0,-285142,255,-60,-57,0,0,0,01,11,0,0
D,2138157037,993,2606,0,-285142,261,-60,-57,0,0,0,01,11,0,0
D,2138158046,1009,2606,0,-285142,255,-60,-57,0,0,0,01,11,0,0
D,2138159040,994,2606,0,-285142,257,-59,-49,0,0,0,01,11,0,0
D,2138160026,986,2607,1,-285143,251,-59,-57,0,0,0,01,11,0,0
D,2138161041,1015,2607,0,-285143,261,-59,-57,0,0,0,01,11,0,0
D,2138162031,990,2607,0,-285143,255,-59,-57,0,0,0,01,11,0,0
D,2138163047,1016,2607,0,-285143,258,-59,-55,0,0,0,01,11,0,0
D,2138164079,1032,2607,0,-285143,298,-59,-55,0,0,0,01,11,0,0
D,2138165024,945,2608,1,-285144,237,-59,-63,0,0,0,01,11,0,0
D,2138166004,980,2608,0,-285144,225,-59,-55,0,0,0,01,11,0,0
D,2138167007,1003,2608,0,-285144,221,-59,-55,0,0,0,01,11,0,0
D,2138168011,1004,2609,1,-285145,222,-59,-63,0,0,0,01,11,0,0
D,2138169009,998,2609,0,-285145,231,-59,-63,0,0,0,01,11,0,0
D,2138170004,995,2609,0,-285145,222,-59,-55,0,0,0,01,11,0,0
D,2138171008,1004,2609,0,-285145,222,-59,-55,0,0,0,01,11,0,0
D,2138172012,1004,2609,0,-285145,222,-59,-55,0,0,0,01,11,0,0
D,2138173081,1069,2610,1,-285146,303,-59,-57,0,0,0,01,11,0,0
D,2138174153,1072,2610,0,-285146,364,-58,-57,0,0,0,01,11,0,0
D,2138175041,888,2610,0,-285146,252,-58,-57,0,0,0,01,11,0,0
D,2138176039,998,2610,0,-285146,250,-58,-57,0,0,0,01,11,0,0
D,2138177054,1015,2610,0,-285146,263,-58,-49,0,0,0,01,11,0,0
D,2138178042,988,2611,1,-285147,255,-58,-57,0,0,0,01,11,0,0
D,2138179044,1002,2611,0,-285147,258,-58,-57,0,0,0,01,11,0,0
D,2138180042,998,2611,0,-285147,252,-58,-57,0,0,0,01,11,0,0
D,2138181052,1010,2611,0,-285147,265,-57,-49,0,0,0,01,11,0,0
D,2138182042,990,2612,1,-285148,255,-57,-57,0,0,0,01,11,0,0
D,2138183045,1003,2612,0,-285148,258,-57,-55,0,0,0,01,11,0,0
D,2138184076,1031,2612,0,-285148,296,-57,-55,0,0,0,01,11,0,0
D,2138185016,940,2612,0,-285148,239,-57,-55,0,0,0,01,11,0,0
D,2138186016,1000,2613,1,-285149,225,-57,-55,0,0,0,01,11,0,0
D,2138187007,991,2613,0,-285149,222,-57,-55,0,0,0,01,11,0,0
D,2138188011,1004,2613,0,-285149,222,-57,-55,0,0,0,01,11,0,0
D,2138189009,998,2613,0,-285149,231,-57,-55,0,0,0,01,11,0,0
D,2138190004,995,2613,0,-285149,222,-57,-55,0,0,0,01,11,0,0
D,2138191008,1004,2614,1,-285150,222,-57,-55,0,0,0,01,11,0,0
D,2138192012,1004,2614,0,-285150,222,-57,-55,0,0,0,01,11,0,0
D,2138193085,1073,2614,0,-285150,303,-57,-57,0,0,0,01,11,0,0
D,2138194144,1059,2614,0,-285150,362,-57,-57,0,0,0,01,11,0,0
D,2138195033,889,2614,0,-285150,251,-56,-49,0,0,0,01,11,0,0
D,2138196030,997,2615,1,-285151,251,-56,-57,0,0,0,01,11,0,0
D,2138197039,1009,2615,0,-285151,263,-56,-57,0,0,0,01,11,0,0
D,2138198048,1009,2615,0,-285151,256,-56,-49,0,0,0,01,11,0,0
D,2138199044,996,2615,0,-285151,255,-56,-49,0,0,0,01,11,0,0
D,2138200035,991,2616,1,-285152,252,-56,-57,0,0,0,01,11,0,0
D,2138201055,1020,2616,0,-285152,265,-56,-57,0,0,0,01,11,0,0
D,2138202040,985,2616,0,-285152,255,-56,-57,0,0,0,01,11,0,0
D,2138203044,1004,2616,0,-285152,259,-56,-55,0,0,0,01,11,0,0
D,2138204084,1040,2616,0,-285152,296,-56,-47,0,0,0,01,11,0,0
D,2138205023,939,2617,1,-285153,239,-56,-55,0,0,0,01,11,0,0
D,2138206003,980,2617,0,-285153,226,-56,-55,0,0,0,01,11,0,0
D,2138207008,1005,2617,0,-285153,222,-56,-55,0,0,0,01,11,0,0
D,2138208011,1003,2617,0,-285153,222,-56,-55,0,0,0,01,11,0,0
D,2138209009,998,2618,1,-285154,231,-56,-55,0,0,0,01,11,0,0
D,2138210004,995,2618,0,-285154,222,-56,-55,0,0,0,01,11,0,0
D,2138211008,1004,2618,0,-285154,222,-56,-55,0,0,0,01,11,0,0
D,2138212012,1004,2618,0,-285154,222,-56,-55,0,0,0,01,11,0,0
D,2138213092,1080,2618,0,-285154,302,-55,-49,0,0,0,01,11,0,0
D,2138214153,1061,2619,1,-285155,365,-55,-57,0,0,0,01,11,0,0
D,2138215037,884,2619,0,-285155,248,-55,-57,0,0,0,01,11,0,0
D,2138216041,1004,2619,0,-285155,250,-55,-49,0,0,0,01,11,0,0
D,2138217053,1012,2619,0,-285155,262,-55,-49,0,0,0,01,11,0,0
D,2138218034,981,2620,1,-285156,257,-55,-57,0,0,0,01,11,0,0
D,2138219047,1013,2620,0,-285156,259,-55,-57,0,0,0,01,11,0,0
D,2138220037,990,2620,0,-285156,253,-55,-57,0,0,0,01,11,0,0
D,2138221040,1003,2620,0,-285156,262,-55,-49,0,0,0,01,11,0,0
D,2138222048,1008,2620,0,-285156,257,-55,-49,0,0,0,01,11,0,0
D,2138223048,1000,2620,0,-285156,258,-54,-47,0,0,0,01,11,0,0
D,2138224088,1040,2620,0,-285156,298,-54,-47,0,0,0,01,11,0,0
D,2138225014,926,2621,1,-285157,237,-54,-55,0,0,0,01,11,0,0
D,2138226012,998,2621,0,-285157,226,-54,-55,0,0,0,01,11,0,0
D,2138226999,987,2621,0,-285157,222,-54,-47,0,0,0,01,11,0,0
D,2138228005,1006,2621,0,-285157,222,-54,-47,0,0,0,01,11,0,0
D,2138229022,1017,2621,0,-285157,231,-53,-47,0,0,0,01,11,0,0
D,2138229998,976,2622,1,-285158,222,-53,-55,0,0,0,01,11,0,0
D,2138231005,1007,2622,0,-285158,222,-53,-47,0,0,0,01,11,0,0
D,2138232008,1003,2622,0,-285158,222,-53,-47,0,0,0,01,11,0,0
D,2138233084,1076,2623,1,-285159,307,-53,-57,0,0,0,01,11,0,0
D,2138234150,1066,2623,0,-285159,364,-53,-57,0,0,0,01,11,0,0
D,2138235036,886,2623,0,-285159,250,-53,-49,0,0,0,01,11,0,0
D,2138236028,992,2623,0,-285159,252,-53,-49,0,0,0,01,11,0,0
D,2138237039,1011,2623,0,-285159,262,-53,-49,0,0,0,01,11,0,0
D,2138238033,994,2624,1,-285160,257,-53,-57,0,0,0,01,11,0,0
D,2138239046,1013,2624,0,-285160,255,-53,-49,0,0,0,01,11,0,0
D,2138240033,987,2624,0,-285160,253,-53,-49,0,0,0,01,11,0,0
D,2138241056,1023,2624,0,-285160,264,-52,-49,0,0,0,01,11,0,0
D,2138242043,987,2625,1,-285161,256,-53,-57,0,0,0,01,11,0,0
D,2138243048,1005,2625,0,-285161,258,-53,-55,0,0,0,01,11,0,0
D,2138244078,1030,2625,0,-285161,297,-53,-55,0,0,0,01,11,0,0
D,2138245016,938,2625,0,-285161,238,-53,-47,0,0,0,01,11,0,0
D,2138246013,997,2625,0,-285161,226,-52,-47,0,0,0,01,11,0,0
D,2138246999,986,2625,0,-285161,221,-52,-47,0,0,0,01,11,0,0
D,2138248007,1008,2626,1,-285162,222,-52,-55,0,0,0,01,11,0,0
D,2138249022,1015,2626,0,-285162,231,-52,-47,0,0,0,01,11,0,0
D,2138249998,976,2626,0,-285162,222,-52,-47,0,0,0,01,11,0,0
D,2138251004,1006,2626,0,-285162,222,-52,-47,0,0,0,01,11,0,0
D,2138252008,1004,2627,1,-285163,222,-52,-55,0,0,0,01,11,0,0
D,2138253097,1089,2627,0,-285163,303,-52,-57,0,0,0,01,11,0,0
D,2138254139,1042,2627,0,-285163,361,-52,-57,0,0,0,01,11,0,0
D,2138255034,895,2627,0,-285163,252,-52,-49,0,0,0,01,11,0,0
D,2138256042,1008,2627,0,-285163,250,-52,-49,0,0,0,01,11,0,0
D,2138257049,1007,2627,0,-285163,262,-52,-49,0,0,0,01,11,0,0
D,2138258034,985,2627,0,-285163,256,-52,-49,0,0,0,01,11,0,0
D,2138259049,1015,2628,1,-285164,258,-52,-57,0,0,0,01,11,0,0
D,2138260034,985,2628,0,-285164,252,-52,-49,0,0,0,01,11,0,0
D,2138261051,1017,2628,0,-285164,263,-52,-49,0,0,0,01,11,0,0
D,2138262041,990,2628,0,-285164,256,-52,-49,0,0,0,01,11,0,0
D,2138263042,1001,2628,0,-285164,259,-51,-47,0,0,0,01,11,0,0
D,2138264086,1044,2629,1,-285165,297,-51,-47,0,0,0,01,11,0,0
D,2138265019,933,2629,0,-285165,239,-51,-47,0,0,0,01,11,0,0
D,2138266015,996,2629,0,-285165,225,-51,-47,0,0,0,01,11,0,0
D,2138267004,989,2630,1,-285166,222,-51,-55,0,0,0,01,11,0,0
D,2138268008,1004,2630,0,-285166,222,-51,-55,0,0,0,01,11,0,0
D,2138269022,1014,2630,0,-285166,231,-51,-47,0,0,0,01,11,0,0
D,2138269998,976,2630,0,-285166,222,-51,-47,0,0,0,01,11,0,0
D,2138271005,1007,2630,0,-285166,222,-51,-47,0,0,0,01,11,0,0
D,2138272008,1003,2630,0,-285166,222,-51,-47,0,0,0,01,11,0,0
D,2138273099,1091,2630,0,-285166,305,-50,-41,0,0,0,01,11,0,0
D,2138274149,1050,2631,1,-285167,365,-50,-49,0,0,0,01,11,0,0
D,2138275036,887,2631,0,-285167,250,-50,-49,0,0,0,01,11,0,0
D,2138276033,997,2631,0,-285167,251,-50,-49,0,0,0,01,11,0,0
D,2138277039,1006,2631,0,-285167,262,-50,-49,0,0,0,01,11,0,0
D,2138278043,1004,2631,0,-285167,253,-50,-41,0,0,0,01,11,0,0
D,2138279039,996,2632,1,-285168,258,-50,-49,0,0,0,01,11,0,0
D,2138280041,1002,2632,0,-285168,252,-50,-49,0,0,0,01,11,0,0
D,2138281045,1004,2632,0,-285168,262,-50,-49,0,0,0,01,11,0,0
D,2138282044,999,2632,0,-285168,253,-49,-41,0,0,0,01,11,0,0
D,2138283042,998,2633,1,-285169,259,-49,-47,0,0,0,01,11,0,0
D,2138284082,1040,2633,0,-285169,296,-49,-47,0,0,0,01,11,0,0
D,2138285021,939,2633,0,-285169,238,-49,-47,0,0,0,01,11,0,0
D,2138286002,981,2633,0,-285169,226,-49,-47,0,0,0,01,11,0,0
D,2138287007,1005,2633,0,-285169,222,-49,-47,0,0,0,01,11,0,0
D,2138288011,1004,2633,0,-285169,222,-49,-47,0,0,0,01,11,0,0
D,2138289008,997,2634,1,-285170,231,-49,-55,0,0,0,01,11,0,0
D,2138290004,996,2634,0,-285170,222,-49,-47,0,0,0,01,11,0,0
D,2138291008,1004,2634,0,-285170,222,-49,-47,0,0,0,01,11,0,0
D,2138292012,1004,2634,0,-285170,222,-49,-47,0,0,0,01,11,0,0
D,2138293090,1078,2634,0,-285170,303,-49,-49,0,0,0,01,11,0,0
D,2138294154,1064,2635,1,-285171,365,-49,-49,0,0,0,01,11,0,0
D,2138295040,886,2635,0,-285171,250,-49,-49,0,0,0,01,11,0,0
D,2138296033,993,2635,0,-285171,250,-49,-49,0,0,0,01,11,0,0
D,2138297039,1006,2635,0,-285171,262,-49,-41,0,0,0,01,11,0,0
D,2138298043,1004,2636,1,-285172,252,-49,-49,0,0,0,01,11,0,0
D,2138299041,998,2636,0,-285172,258,-49,-49,0,0,0,01,11,0,0
D,2138300038,997,2636,0,-285172,252,-49,-49,0,0,0,01,11,0,0
D,2138301042,1004,2636,0,-285172,263,-49,-49,0,0,0,01,11,0,0
D,2138302037,995,2636,0,-285172,252,-49,-49,0,0,0,01,11,0,0
D,2138303051,1014,2636,0,-285172,258,-49,-47,0,0,0,01,11,0,0
D,2138304075,1024,2636,0,-285172,296,-48,-47,0,0,0,01,11,0,0
D,2138305015,940,2637,1,-285173,239,-48,-47,0,0,0,01,11,0,0
D,2138306012,997,2637,0,-285173,225,-48,-47,0,0,0,01,11,0,0
D,2138307000,988,2637,0,-285173,221,-48,-47,0,0,0,01,11,0,0
D,2138308008,1008,2637,0,-285173,222,-48,-47,0,0,0,01,11,0,0
D,2138309022,1014,2637,0,-285173,231,-48,-47,0,0,0,01,11,0,0
D,2138309998,976,2637,0,-285173,222,-48,-39,0,0,0,01,11,0,0
D,2138311005,1007,2637,0,-285173,222,-48,-39,0,0,0,01,11,0,0
D,2138312008,1003,2638,1,-285174,222,-48,-47,0,0,0,01,11,0,0
D,2138313090,1082,2638,0,-285174,303,-47,-41,0,0,0,01,11,0,0
D,2138314145,1055,2638,0,-285174,360,-47,-41,0,0,0,01,11,0,0
D,2138315034,889,2638,0,-285174,251,-47,-41,0,0,0,01,11,0,0
D,2138316036,1002,2638,0,-285174,252,-47,-41,0,0,0,01,11,0,0
D,2138317039,1003,2639,1,-285175,262,-47,-49,0,0,0,01,11,0,0
D,2138318032,993,2639,0,-285175,256,-47,-49,0,0,0,01,11,0,0
D,2138319046,1014,2639,0,-285175,258,-46,-41,0,0,0,01,11,0,0
D,2138320029,983,2639,0,-285175,253,-46,-41,0,0,0,01,11,0,0
D,2138321047,1018,2640,1,-285176,263,-46,-49,0,0,0,01,11,0,0
D,2138322028,981,2640,0,-285176,253,-46,-49,0,0,0,01,11,0,0
D,2138323042,1014,2640,0,-285176,259,-46,-47,0,0,0,01,11,0,0
D,2138324085,1043,2640,0,-285176,296,-47,-47,0,0,0,01,11,0,0
D,2138325022,937,2640,0,-285176,239,-46,-40,0,0,0,01,11,0,0
D,2138326002,980,2640,0,-285176,225,-46,-39,0,0,0,01,11,0,0
D,2138327007,1005,2640,0,-285176,222,-46,-39,0,0,0,01,11,0,0
D,2138328011,1004,2641,1,-285177,222,-46,-47,0,0,0,01,11,0,0
D,2138329009,998,2641,0,-285177,231,-46,-39,0,0,0,01,11,0,0
D,2138330004,995,2641,0,-285177,222,-45,-39,0,0,0,01,11,0,0
D,2138331008,1004,2641,0,-285177,222,-45,-39,0,0,0,01,11,0,0
D,2138332012,1004,2642,1,-285178,222,-45,-47,0,0,0,01,11,0,0
D,2138333088,1076,2642,0,-285178,305,-45,-49,0,0,0,01,11,0,0
D,2138334154,1066,2642,0,-285178,365,-45,-49,0,0,0,01,11,0,0
D,2138335031,877,2642,0,-285178,254,-45,-41,0,0,0,01,11,0,0
D,2138336036,1005,2642,0,-285178,252,-45,-41,0,0,0,01,11,0,0
D,2138337039,1003,2642,0,-285178,261,-45,-41,0,0,0,01,11,0,0
D,2138338035,996,2643,1,-285179,259,-45,-49,0,0,0,01,11,0,0
D,2138339047,1012,2643,0,-285179,257,-45,-49,0,0,0,01,11,0,0
D,2138340037,990,2643,0,-285179,255,-45,-49,0,0,0,01,11,0,0
D,2138341054,1017,2643,0,-285179,263,-46,-49,0,0,0,01,11,0,0
D,2138342047,993,2643,0,-285179,258,-45,-41,0,0,0,01,11,0,0
D,2138343044,997,2643,0,-285179,257,-45,-39,0,0,0,01,11,0,0
D,2138344079,1035,2643,0,-285179,299,-45,-39,0,0,0,01,11,0,0
D,2138345025,946,2643,0,-285179,237,-45,-40,0,0,0,01,11,0,0
D,2138346008,983,2644,1,-285180,225,-45,-47,0,0,0,01,11,0,0
D,2138347011,1003,2644,0,-285180,222,-45,-47,0,0,0,01,11,0,0
D,2138347998,987,2644,0,-285180,222,-45,-39,0,0,0,01,11,0,0
D,2138349012,1014,2644,0,-285180,231,-44,-39,0,0,0,01,11,0,0
D,2138350008,996,2644,0,-285180,222,-44,-39,0,0,0,01,11,0,0
D,2138351011,1003,2645,1,-285181,222,-44,-47,0,0,0,01,11,0,0
D,2138351998,987,2645,0,-285181,222,-44,-39,0,0,0,01,11,0,0
D,2138353093,1095,2645,0,-285181,303,-44,-41,0,0,0,01,11,0,0
D,2138354140,1047,2645,0,-285181,360,-44,-41,0,0,0,01,11,0,0
D,2138355028,888,2645,0,-285181,252,-44,-41,0,0,0,01,11,0,0
D,2138356036,1008,2645,0,-285181,252,-44,-41,0,0,0,01,11,0,0
D,2138357040,1004,2646,1,-285182,263,-44,-49,0,0,0,01,11,0,0
D,2138358032,992,2646,0,-285182,256,-44,-41,0,0,0,01,11,0,0
D,2138359049,1017,2646,0,-285182,258,-44,-41,0,0,0,01,11,0,0
D,2138360031,982,2646,0,-285182,252,-43,-41,0,0,0,01,11,0,0
D,2138361058,1027,2646,0,-285182,266,-43,-41,0,0,0,01,11,0,0
D,2138362039,981,2646,0,-285182,256,-43,-33,0,0,0,01,11,0,0
D,2138363042,1003,2646,0,-285182,259,-42,-31,0,0,0,01,11,0,0
D,2138364082,1040,2647,1,-285183,296,-42,-39,0,0,0,01,11,0,0
D,2138365015,933,2647,0,-285183,239,-42,-40,0,0,0,01,11,0,0
D,2138366013,998,2647,0,-285183,225,-42,-39,0,0,0,01,11,0,0
D,2138367004,991,2647,0,-285183,222,-42,-39,0,0,0,01,11,0,0
D,2138368008,1004,2647,0,-285183,222,-42,-39,0,0,0,01,11,0,0
D,2138369022,1014,2648,1,-285184,231,-42,-39,0,0,0,01,11,0,0
D,2138369999,977,2648,0,-285184,222,-42,-39,0,0,0,01,11,0,0
D,2138371007,1008,2648,0,-285184,222,-42,-39,0,0,0,01,11,0,0
D,2138372011,1004,2648,0,-285184,222,-42,-39,0,0,0,01,11,0,0
D,2138373085,1074,2648,0,-285184,303,-42,-41,0,0,0,01,11,0,0
D,2138374147,1062,2648,0,-285184,363,-41,-41,0,0,0,01,11,0,0
D,2138375033,886,2648,0,-285184,250,-41,-41,0,0,0,01,11,0,0
D,2138376041,1008,2648,0,-285184,250,-41,-33,0,0,0,01,11,0,0
D,2138377052,1011,2649,1,-285185,262,-41,-41,0,0,0,01,11,0,0
D,2138378039,987,2649,0,-285185,255,-41,-41,0,0,0,01,11,0,0
D,2138379039,1000,2649,0,-285185,258,-41,-41,0,0,0,01,11,0,0
D,2138380036,997,2649,0,-285185,252,-41,-41,0,0,0,01,11,0,0
D,2138381055,1019,2649,0,-285185,264,-41,-33,0,0,0,01,11,0,0
D,2138382038,983,2650,1,-285186,255,-41,-41,0,0,0,01,11,0,0
D,2138383040,1002,2650,0,-285186,259,-41,-39,0,0,0,01,11,0,0
D,2138384087,1047,2650,0,-285186,297,-41,-39,0,0,0,01,11,0,0
D,2138385029,942,2650,0,-285186,238,-41,-41,0,0,0,01,11,0,0
D,2138386012,983,2650,0,-285186,225,-41,-39,0,0,0,01,11,0,0
D,2138386998,986,2650,0,-285186,222,-41,-39,0,0,0,01,11,0,0
D,2138388005,1007,2650,0,-285186,222,-40,-32,0,0,0,01,11,0,0
D,2138389022,1017,2650,0,-285186,231,-40,-32,0,0,0,01,11,0,0
D,2138389998,976,2651,1,-285187,222,-40,-39,0,0,0,01,11,0,0
D,2138391005,1007,2651,0,-285187,222,-40,-39,0,0,0,01,11,0,0
D,2138392008,1003,2651,0,-285187,222,-40,-39,0,0,0,01,11,0,0
D,2138393088,1080,2651,0,-285187,303,-40,-41,0,0,0,01,11,0,0
D,2138394150,1062,2651,0,-285187,364,-39,-32,0,0,0,01,11,0,0
D,2138395036,886,2651,0,-285187,249,-39,-33,0,0,0,01,11,0,0
D,2138396032,996,2651,0,-285187,252,-39,-33,0,0,0,01,11,0,0
D,2138397055,1023,2652,1,-285188,263,-39,-41,0,0,0,01,11,0,0
D,2138398030,975,2652,0,-285188,253,-39,-41,0,0,0,01,11,0,0
D,2138399041,1011,2652,0,-285188,258,-39,-33,0,0,0,01,11,0,0
D,2138400025,984,2652,0,-285188,249,-39,-33,0,0,0,01,11,0,0
D,2138401056,1031,2652,0,-285188,264,-38,-32,0,0,0,01,11,0,0
D,2138402045,989,2653,1,-285189,253,-38,-41,0,0,0,01,11,0,0
D,2138403040,995,2653,0,-285189,258,-38,-39,0,0,0,01,11,0,0
D,2138404085,1045,2653,0,-285189,296,-39,-39,0,0,0,01,11,0,0
D,2138405026,941,2653,0,-285189,238,-39,-40,0,0,0,01,11,0,0
D,2138406009,983,2653,0,-285189,226,-39,-39,0,0,0,01,11,0,0
D,2138407012,1003,2653,0,-285189,221,-39,-39,0,0,0,01,11,0,0
D,2138408001,989,2653,0,-285189,222,-38,-32,0,0,0,01,11,0,0
D,2138409020,1019,2654,1,-285190,231,-38,-39,0,0,0,01,11,0,0
D,2138410013,993,2654,0,-285190,222,-38,-39,0,0,0,01,11,0,0
D,2138411001,988,2654,0,-285190,222,-38,-39,0,0,0,01,11,0,0
D,2138412008,1007,2654,0,-285190,222,-39,-39,0,0,0,01,11,0,0
D,2138413097,1089,2654,0,-285190,302,-38,-32,0,0,0,01,11,0,0
D,2138414142,1045,2654,0,-285190,361,-38,-32,0,0,0,01,11,0,0
D,2138415030,888,2655,1,-285191,251,-38,-41,0,0,0,01,11,0,0
D,2138416034,1004,2655,0,-285191,250,-38,-41,0,0,0,01,11,0,0
D,2138417041,1007,2655,0,-285191,262,-38,-41,0,0,0,01,11,0,0
D,2138418033,992,2655,0,-285191,257,-38,-41,0,0,0,01,11,0,0
D,2138419048,1015,2655,0,-285191,258,-38,-41,0,0,0,01,11,0,0
D,2138420034,986,2655,0,-285191,253,-38,-33,0,0,0,01,11,0,0
D,2138421059,1025,2655,0,-285191,266,-38,-32,0,0,0,01,11,0,0
D,2138422034,975,2656,1,-285192,256,-38,-41,0,0,0,01,11,0,0
D,2138423039,1005,2656,0,-285192,258,-38,-39,0,0,0,01,11,0,0
D,2138424089,1050,2656,0,-285192,298,-38,-39,0,0,0,01,11,0,0
D,2138425028,939,2656,0,-285192,238,-38,-40,0,0,0,01,11,0,0
D,2138426011,983,2656,0,-285192,225,-38,-39,0,0,0,01,11,0,0
D,2138426999,988,2656,0,-285192,222,-38,-39,0,0,0,01,11,0,0
D,2138428007,1008,2656,0,-285192,222,-38,-32,0,0,0,01,11,0,0
D,2138429022,1015,2656,0,-285192,232,-38,-32,0,0,0,01,11,0,0
D,2138429997,975,2656,0,-285192,222,-38,-32,0,0,0,01,11,0,0
D,2138431004,1007,2656,0,-285192,222,-37,-32,0,0,0,01,11,0,0
D,2138432008,1004,2657,1,-285193,222,-37,-39,0,0,0,01,11,0,0
D,2138433085,1077,2657,0,-285193,304,-37,-33,0,0,0,01,11,0,0
D,2138434147,1062,2657,0,-285193,360,-37,-32,0,0,0,01,11,0,0
D,2138435037,890,2657,0,-285193,251,-37,-33,0,0,0,01,11,0,0
D,2138436029,992,2657,0,-285193,251,-37,-33,0,0,0,01,11,0,0
D,2138437055,1026,2657,0,-285193,263,-37,-33,0,0,0,01,11,0,0
D,2138438028,973,2658,1,-285194,252,-37,-41,0,0,0,01,11,0,0
D,2138439038,1010,2658,0,-285194,258,-37,-33,0,0,0,01,11,0,0
D,2138440040,1002,2658,0,-285194,253,-36,-33,0,0,0,01,11,0,0
D,2138441044,1004,2658,0,-285194,263,-36,-33,0,0,0,01,11,0,0
D,2138442040,996,2658,0,-285194,253,-36,-33,0,0,0,01,11,0,0
D,2138443039,999,2658,0,-285194,259,-36,-31,0,0,0,01,11,0,0
D,2138444085,1046,2658,0,-285194,296,-36,-32,0,0,0,01,11,0,0
D,2138445024,939,2659,1,-285195,239,-36,-40,0,0,0,01,11,0,0
D,2138446009,985,2659,0,-285195,225,-36,-32,0,0,0,01,11,0,0
D,2138447013,1004,2659,0,-285195,222,-36,-32,0,0,0,01,11,0,0
D,2138448001,988,2659,0,-285195,222,-35,-32,0,0,0,01,11,0,0
D,2138449020,1019,2659,0,-285195,231,-35,-32,0,0,0,01,11,0,0
D,2138450013,993,2659,0,-285195,222,-35,-32,0,0,0,01,11,0,0
D,2138451001,988,2659,0,-285195,222,-35,-32,0,0,0,01,11,0,0
D,2138452008,1007,2660,1,-285196,222,-35,-39,0,0,0,01,11,0,0
D,2138453097,1089,2660,0,-285196,303,-35,-32,0,0,0,01,11,0,0
D,2138454147,1050,2660,0,-285196,364,-35,-32,0,0,0,01,11,0,0
D,2138455033,886,2660,0,-285196,250,-35,-33,0,0,0,01,11,0,0
D,2138456042,1009,2660,0,-285196,250,-35,-33,0,0,0,01,11,0,0
D,2138457054,1012,2660,0,-285196,263,-35,-32,0,0,0,01,11,0,0
D,2138458041,987,2660,0,-285196,255,-35,-33,0,0,0,01,11,0,0
D,2138459037,996,2660,0,-285196,255,-34,-33,0,0,0,01,11,0,0
D,2138460028,991,2660,0,-285196,253,-34,-33,0,0,0,01,11,0,0
D,2138461047,1019,2660,0,-285196,262,-34,-33,0,0,0,01,11,0,0
D,2138462045,998,2661,1,-285197,255,-34,-33,0,0,0,01,11,0,0
D,2138463048,1003,2661,0,-285197,258,-34,-31,0,0,0,01,11,0,0
D,2138464087,1039,2661,0,-285197,297,-34,-31,0,0,0,01,11,0,0
D,2138465027,940,2661,0,-285197,239,-34,-32,0,0,0,01,11,0,0
D,2138466009,982,2661,0,-285197,226,-34,-32,0,0,0,01,11,0,0
D,2138467012,1003,2661,0,-285197,222,-34,-32,0,0,0,01,11,0,0
D,2138467999,987,2662,1,-285198,221,-34,-39,0,0,0,01,11,0,0
D,2138469019,1020,2662,0,-285198,231,-34,-32,0,0,0,01,11,0,0
D,2138470012,993,2662,0,-285198,222,-34,-32,0,0,0,01,11,0,0
D,2138470999,987,2662,0,-285198,222,-34,-32,0,0,0,01,11,0,0
D,2138472007,1008,2662,0,-285198,222,-34,-32,0,0,0,01,11,0,0
D,2138473097,1090,2662,0,-285198,306,-34,-32,0,0,0,01,11,0,0
D,2138474143,1046,2662,0,-285198,351,-34,-32,0,0,0,01,11,0,0
D,2138475036,893,2663,1,-285199,256,-33,-33,0,0,0,01,11,0,0
D,2138476031,995,2663,0,-285199,251,-33,-33,0,0,0,01,11,0,0
D,2138477056,1025,2663,0,-285199,265,-33,-33,0,0,0,01,11,0,0
D,2138478042,986,2663,0,-285199,251,-33,-33,0,0,0,01,11,0,0
D,2138479043,1001,2663,0,-285199,260,-33,-33,0,0,0,01,11,0,0
D,2138480036,993,2663,0,-285199,247,-33,-33,0,0,0,01,11,0,0
D,2138481053,1017,2663,0,-285199,267,-33,-32,0,0,0,01,11,0,0
D,2138482041,988,2663,0,-285199,255,-33,-24,0,0,0,01,11,0,0
D,2138483038,997,2663,0,-285199,257,-33,-24,0,0,0,01,11,0,0
D,2138484076,1038,2663,0,-285199,294,-32,-24,0,0,0,01,11,0,0
D,2138485031,955,2664,1,-285200,240,-32,-32,0,0,0,01,11,0,0
D,2138486013,982,2664,0,-285200,226,-32,-32,0,0,0,01,11,0,0
D,2138487001,988,2664,0,-285200,222,-32,-32,0,0,0,01,11,0,0
D,2138488008,1007,2664,0,-285200,222,-32,-32,0,0,0,01,11,0,0
D,2138489021,1013,2664,0,-285200,231,-32,-32,0,0,0,01,11,0,0
D,2138490013,992,2664,0,-285200,222,-32,-32,0,0,0,01,11,0,0
D,2138491001,988,2664,0,-285200,222,-32,-32,0,0,0,01,11,0,0
D,2138492008,1007,2664,0,-285200,222,-32,-32,0,0,0,01,11,0,0
D,2138493080,1072,2664,0,-285200,302,-32,-24,0,0,0,01,11,0,0
D,2138494150,1070,2665,1,-285201,364,-32,-32,0,0,0,01,11,0,0
D,2138495041,891,2665,0,-285201,251,-32,-33,0,0,0,01,11,0,0
D,2138496028,987,2665,0,-285201,250,-32,-33,0,0,0,01,11,0,0
D,2138497042,1014,2665,0,-285201,263,-32,-33,0,0,0,01,11,0,0
D,2138498047,1005,2665,0,-285201,255,-32,-24,0,0,0,01,11,0,0
D,2138499043,996,2665,0,-285201,255,-31,-24,0,0,0,01,11,0,0
D,2138500035,992,2665,0,-285201,252,-31,-24,0,0,0,01,11,0,0
D,2138501040,1005,2665,0,-285201,263,-31,-24,0,0,0,01,11,0,0
D,2138502039,999,2666,1,-285202,255,-31,-33,0,0,0,01,11,0,0
D,2138503042,1003,2666,0,-285202,258,-31,-31,0,0,0,01,11,0,0
D,2138504087,1045,2666,0,-285202,297,-31,-32,0,0,0,01,11,0,0
D,2138505029,942,2666,0,-285202,239,-31,-32,0,0,0,01,11,0,0
D,2138506011,982,2666,0,-285202,225,-31,-24,0,0,0,01,11,0,0
D,2138506999,988,2666,0,-285202,222,-30,-24,0,0,0,01,11,0,0
D,2138508007,1008,2666,0,-285202,222,-30,-24,0,0,0,01,11,0,0
D,2138509022,1015,2666,0,-285202,231,-30,-24,0,0,0,01,11,0,0
D,2138509998,976,2666,0,-285202,222,-30,-24,0,0,0,01,11,0,0
D,2138511004,1006,2667,1,-285203,222,-30,-32,0,0,0,01,11,0,0
D,2138512008,1004,2667,0,-285203,222,-30,-32,0,0,0,01,11,0,0
D,2138513086,1078,2667,0,-285203,307,-30,-33,0,0,0,01,11,0,0
D,2138514149,1063,2667,0,-285203,363,-30,-32,0,0,0,01,11,0,0
D,2138515037,888,2667,0,-285203,255,-30,-24,0,0,0,01,11,0,0
D,2138516030,993,2667,0,-285203,252,-30,-24,0,0,0,01,11,0,0
D,2138517051,1021,2667,0,-285203,261,-29,-24,0,0,0,01,11,0,0
D,2138518035,984,2667,0,-285203,253,-29,-24,0,0,0,01,11,0,0
D,2138519042,1007,2668,1,-285204,258,-29,-33,0,0,0,01,11,0,0
D,2138520028,986,2668,0,-285204,252,-29,-33,0,0,0,01,11,0,0
D,2138521047,1019,2668,0,-285204,262,-30,-33,0,0,0,01,11,0,0
D,2138522035,988,2668,0,-285204,256,-30,-33,0,0,0,01,11,0,0
D,2138523036,1001,2668,0,-285204,259,-30,-31,0,0,0,01,11,0,0
D,2138524077,1041,2668,0,-285204,296,-30,-32,0,0,0,01,11,0,0
D,2138525017,940,2668,0,-285204,238,-30,-24,0,0,0,01,11,0,0
D,2138526013,996,2668,0,-285204,225,-29,-24,0,0,0,01,11,0,0
D,2138527001,988,2668,0,-285204,222,-29,-24,0,0,0,01,11,0,0
D,2138528008,1007,2668,0,-285204,222,-29,-24,0,0,0,01,11,0,0
D,2138529022,1014,2668,0,-285204,231,-29,-24,0,0,0,01,11,0,0
D,2138529998,976,2669,1,-285205,222,-29,-32,0,0,0,01,11,0,0
D,2138531005,1007,2669,0,-285205,222,-29,-32,0,0,0,01,11,0,0
D,2138532008,1003,2669,0,-285205,222,-29,-32,0,0,0,01,11,0,0
D,2138533089,1081,2669,0,-285205,304,-29,-24,0,0,0,01,11,0,0
D,2138534143,1054,2669,0,-285205,363,-29,-24,0,0,0,01,11,0,0
D,2138535031,888,2669,0,-285205,250,-28,-24,0,0,0,01,11,0,0
D,2138536032,1001,2669,0,-285205,250,-28,-24,0,0,0,01,11,0,0
D,2138537055,1023,2669,0,-285205,263,-28,-24,0,0,0,01,11,0,0
D,2138538042,987,2669,0,-285205,255,-28,-24,0,0,0,01,11,0,0
D,2138539045,1003,2669,0,-285205,258,-28,-24,0,0,0,01,11,0,0
D,2138540043,998,2669,0,-285205,252,-28,-24,0,0,0,01,11,0,0
D,2138541047,1004,2670,1,-285206,264,-28,-24,0,0,0,01,11,0,0
D,2138542032,985,2670,0,-285206,256,-27,-24,0,0,0,01,11,0,0
D,2138543049,1017,2670,0,-285206,258,-27,-24,0,0,0,01,11,0,0
D,2138544083,1034,2670,0,-285206,296,-27,-24,0,0,0,01,11,0,0
D,2138545029,946,2670,0,-285206,239,-27,-24,0,0,0,01,11,0,0
D,2138546011,982,2670,0,-285206,225,-27,-24,0,0,0,01,11,0,0
D,2138546999,988,2670,0,-285206,222,-27,-24,0,0,0,01,11,0,0
D,2138548007,1008,2671,1,-285207,222,-27,-32,0,0,0,01,11,0,0
D,2138549022,1015,2671,0,-285207,232,-27,-32,0,0,0,01,11,0,0
D,2138549997,975,2671,0,-285207,222,-27,-24,0,0,0,01,11,0,0
D,2138551004,1007,2671,0,-285207,222,-27,-24,0,0,0,01,11,0,0
D,2138552008,1004,2671,0,-285207,222,-27,-24,0,0,0,01,11,0,0
D,2138553096,1088,2671,0,-285207,303,-27,-24,0,0,0,01,11,0,0
D,2138554142,1046,2671,0,-285207,363,-27,-24,0,0,0,01,11,0,0
D,2138555031,889,2671,0,-285207,251,-26,-24,0,0,0,01,11,0,0
D,2138556040,1009,2671,0,-285207,251,-26,-24,0,0,0,01,11,0,0
D,2138557053,1013,2671,0,-285207,263,-26,-24,0,0,0,01,11,0,0
D,2138558032,979,2671,0,-285207,252,-26,-24,0,0,0,01,11,0,0
D,2138559045,1013,2671,0,-285207,258,-26,-24,0,0,0,01,11,0,0
D,2138560040,995,2671,0,-285207,249,-26,-16,0,0,0,01,11,0,0
D,2138561040,1000,2671,0,-285207,263,-25,-16,0,0,0,01,11,0,0
D,2138562039,999,2672,1,-285208,253,-25,-24,0,0,0,01,11,0,0
D,2138563041,1002,2672,0,-285208,259,-25,-24,0,0,0,01,11,0,0
D,2138564075,1034,2672,0,-285208,296,-25,-24,0,0,0,01,11,0,0
D,2138565015,940,2672,0,-285208,239,-25,-24,0,0,0,01,11,0,0
D,2138566012,997,2672,0,-285208,225,-25,-24,0,0,0,01,11,0,0
D,2138566998,986,2672,0,-285208,222,-25,-24,0,0,0,01,11,0,0
D,2138568005,1007,2672,0,-285208,222,-25,-24,0,0,0,01,11,0,0
D,2138569022,1017,2672,0,-285208,231,-25,-24,0,0,0,01,11,0,0
D,2138569998,976,2672,0,-285208,222,-25,-24,0,0,0,01,11,0,0
D,2138571005,1007,2672,0,-285208,222,-25,-24,0,0,0,01,11,0,0
D,2138572008,1003,2673,1,-285209,222,-25,-24,0,0,0,01,11,0,0
D,2138573084,1076,2673,0,-285209,302,-25,-24,0,0,0,01,11,0,0
D,2138574148,1064,2673,0,-285209,365,-25,-24,0,0,0,01,11,0,0
D,2138575036,888,2673,0,-285209,252,-25,-24,0,0,0,01,11,0,0
D,2138576029,993,2673,0,-285209,250,-25,-24,0,0,0,01,11,0,0
D,2138577040,1011,2673,0,-285209,263,-25,-24,0,0,0,01,11,0,0
D,2138578043,1003,2673,0,-285209,252,-24,-16,0,0,0,01,11,0,0
D,2138579041,998,2673,0,-285209,258,-24,-16,0,0,0,01,11,0,0
D,2138580034,993,2673,0,-285209,249,-24,-16,0,0,0,01,11,0,0
D,2138581051,1017,2673,0,-285209,264,-23,-16,0,0,0,01,11,0,0
D,2138582040,989,2673,0,-285209,255,-23,-16,0,0,0,01,11,0,0
D,2138583039,999,2674,1,-285210,255,-23,-24,0,0,0,01,11,0,0
D,2138584082,1043,2674,0,-285210,296,-23,-24,0,0,0,01,11,0,0
D,2138585022,940,2673,-1,-285209,239,-23,-16,0,0,0,01,11,0,0
D,2138586009,987,2674,1,-285210,226,-23,-24,0,0,0,01,11,0,0
D,2138587012,1003,2674,0,-285210,222,-23,-24,0,0,0,01,11,0,0
D,2138587999,987,2674,0,-285210,222,-23,-24,0,0,0,01,11,0,0
D,2138589019,1020,2674,0,-285210,231,-23,-24,0,0,0,01,11,0,0
D,2138590012,993,2674,0,-285210,222,-23,-24,0,0,0,01,11,0,0
D,2138590999,987,2674,0,-285210,222,-23,-24,0,0,0,01,11,0,0
D,2138592007,1008,2674,0,-285210,222,-23,-24,0,0,0,01,11,0,0
D,2138593085,1078,2674,0,-285210,304,-23,-16,0,0,0,01,11,0,0
D,2138594149,1064,2674,0,-285210,362,-23,-16,0,0,0,01,11,0,0
D,2138595037,888,2674,0,-285210,251,-22,-16,0,0,0,01,11,0,0
D,2138596029,992,2675,1,-285211,251,-22,-24,0,0,0,01,11,0,0
D,2138597039,1010,2675,0,-285211,263,-22,-24,0,0,0,01,11,0,0
D,2138598045,1006,2675,0,-285211,255,-23,-24,0,0,0,01,11,0,0
D,2138599045,1000,2675,0,-285211,258,-23,-24,0,0,0,01,11,0,0
D,2138600042,997,2675,0,-285211,252,-23,-24,0,0,0,01,11,0,0
D,2138601044,1002,2675,0,-285211,263,-23,-24,0,0,0,01,11,0,0
D,2138602040,996,2675,0,-285211,252,-23,-16,0,0,0,01,11,0,0
D,2138603039,999,2675,0,-285211,258,-22,-16,0,0,0,01,11,0,0
D,2138604074,1035,2675,0,-285211,296,-22,-16,0,0,0,01,11,0,0
D,2138605015,941,2675,0,-285211,239,-22,-16,0,0,0,01,11,0,0
D,2138606012,997,2675,0,-285211,225,-22,-16,0,0,0,01,11,0,0
D,2138606999,987,2675,0,-285211,222,-21,-16,0,0,0,01,11,0,0
D,2138608007,1008,2676,1,-285212,222,-21,-24,0,0,0,01,11,0,0
D,2138609022,1015,2676,0,-285212,231,-21,-24,0,0,0,01,11,0,0
D,2138609998,976,2676,0,-285212,222,-22,-24,0,0,0,01,11,0,0
D,2138611004,1006,2676,0,-285212,222,-22,-24,0,0,0,01,11,0,0
D,2138612008,1004,2676,0,-285212,222,-22,-24,0,0,0,01,11,0,0
D,2138613080,1072,2676,0,-285212,302,-22,-16,0,0,0,01,11,0,0
D,2138614166,1086,2676,0,-285212,375,-21,-16,0,0,0,01,11,0,0
D,2138615037,871,2676,0,-285212,246,-21,-24,0,0,0,01,11,0,0
D,2138616046,1009,2676,0,-285212,254,-21,-16,0,0,0,01,11,0,0
D,2138617053,1007,2676,0,-285212,261,-21,-16,0,0,0,01,11,0,0
D,2138618035,982,2676,0,-285212,259,-21,-16,0,0,0,01,11,0,0
D,2138619045,1010,2676,0,-285212,254,-21,-16,0,0,0,01,11,0,0
D,2138620032,987,2676,0,-285212,255,-20,-16,0,0,0,01,11,0,0
D,2138621045,1013,2676,0,-285212,261,-20,-16,0,0,0,01,11,0,0
D,2138622040,995,2676,0,-285212,255,-20,-16,0,0,0,01,11,0,0
D,2138623037,997,2677,1,-285213,257,-20,-24,0,0,0,01,11,0,0
D,2138624086,1049,2677,0,-285213,298,-20,-24,0,0,0,01,11,0,0
D,2138625029,943,2677,0,-285213,237,-21,-24,0,0,0,01,11,0,0
D,2138626011,982,2677,0,-285213,224,-21,-24,0,0,0,01,11,0,0
D,2138626998,987,2677,0,-285213,222,-20,-16,0,0,0,01,11,0,0
D,2138628005,1007,2677,0,-285213,222,-20,-16,0,0,0,01,11,0,0
D,2138629022,1017,2677,0,-285213,231,-20,-16,0,0,0,01,11,0,0
D,2138629998,976,2677,0,-285213,222,-20,-16,0,0,0,01,11,0,0
D,2138631005,1007,2677,0,-285213,222,-20,-16,0,0,0,01,11,0,0
D,2138632008,1003,2677,0,-285213,222,-20,-16,0,0,0,01,11,0,0
D,2138633097,1089,2677,0,-285213,304,-19,-16,0,0,0,01,11,0,0
D,2138634155,1058,2677,0,-285213,365,-19,-16,0,0,0,01,11,0,0
D,2138635036,881,2677,0,-285213,250,-19,-16,0,0,0,01,11,0,0
D,2138636037,1001,2677,0,-285213,252,-19,-16,0,0,0,01,11,0,0
D,2138637043,1006,2678,1,-285214,263,-19,-24,0,0,0,01,11,0,0
D,2138638032,989,2678,0,-285214,256,-19,-16,0,0,0,01,11,0,0
D,2138639048,1016,2678,0,-285214,258,-19,-16,0,0,0,01,11,0,0
D,2138640035,987,2678,0,-285214,250,-19,-16,0,0,0,01,11,0,0
D,2138641046,1011,2678,0,-285214,262,-19,-16,0,0,0,01,11,0,0
D,2138642045,999,2678,0,-285214,256,-19,-16,0,0,0,01,11,0,0
D,2138643044,999,2678,0,-285214,255,-19,-16,0,0,0,01,11,0,0
D,2138644080,1036,2678,0,-285214,297,-19,-16,0,0,0,01,11,0,0
D,2138645030,950,2678,0,-285214,238,-18,-16,0,0,0,01,11,0,0
D,2138646009,979,2678,0,-285214,225,-18,-16,0,0,0,01,11,0,0
D,2138647012,1003,2678,0,-285214,222,-18,-16,0,0,0,01,11,0,0
D,2138647998,986,2678,0,-285214,222,-18,-16,0,0,0,01,11,0,0
D,2138649018,1020,2678,0,-285214,231,-18,-16,0,0,0,01,11,0,0
D,2138650009,991,2678,0,-285214,222,-18,-16,0,0,0,01,11,0,0
D,2138651012,1003,2678,0,-285214,222,-18,-16,0,0,0,01,11,0,0
D,2138651998,986,2678,0,-285214,222,-18,-16,0,0,0,01,11,0,0
D,2138653084,1086,2678,0,-285214,306,-17,-8,0,0,0,01,11,0,0
D,2138654127,1043,2678,0,-285214,348,-17,-8,0,0,0,01,11,0,0
D,2138655039,912,2678,0,-285214,257,-17,-8,0,0,0,01,11,0,0
D,2138656029,990,2678,0,-285214,249,-16,-8,0,0,0,01,11,0,0
D,2138657055,1026,2678,0,-285214,265,-16,-8,0,0,0,01,11,0,0
D,2138658038,983,2678,0,-285214,249,-16,-8,0,0,0,01,11,0,0
D,2138659040,1002,2678,0,-285214,260,-15,-8,0,0,0,01,11,0,0
D,2138660030,990,2679,1,-285215,246,-15,-16,0,0,0,01,11,0,0
D,2138661043,1013,2679,0,-285215,264,-15,-16,0,0,0,01,11,0,0
D,2138662040,997,2679,0,-285215,253,-16,-16,0,0,0,01,11,0,0
D,2138663042,1002,2679,0,-285215,260,-16,-16,0,0,0,01,11,0,0
D,2138664085,1043,2679,0,-285215,294,-16,-16,0,0,0,01,11,0,0
D,2138665029,944,2679,0,-285215,240,-16,-16,0,0,0,01,11,0,0
D,2138666010,981,2679,0,-285215,226,-16,-16,0,0,0,01,11,0,0
D,2138667013,1003,2679,0,-285215,222,-16,-16,0,0,0,01,11,0,0
D,2138668003,990,2679,0,-285215,222,-15,-8,0,0,0,01,11,0,0
D,2138669022,1019,2679,0,-285215,232,-15,-8,0,0,0,01,11,0,0
D,2138670013,991,2679,0,-285215,222,-15,-8,0,0,0,01,11,0,0
D,2138671003,990,2679,0,-285215,222,-14,-8,0,0,0,01,11,0,0
D,2138672006,1003,2679,0,-285215,222,-14,-8,0,0,0,01,11,0,0
D,2138673096,1090,2679,0,-285215,303,-14,-8,0,0,0,01,11,0,0
D,2138674142,1046,2679,0,-285215,362,-14,-8,0,0,0,01,11,0,0
D,2138675034,892,2679,0,-285215,252,-13,-8,0,0,0,01,11,0,0
D,2138676030,996,2680,1,-285216,249,-14,-16,0,0,0,01,11,0,0
D,2138677056,1026,2680,0,-285216,263,-14,-16,0,0,0,01,11,0,0
D,2138678039,983,2680,0,-285216,250,-14,-16,0,0,0,01,11,0,0
D,2138679040,1001,2680,0,-285216,258,-14,-16,0,0,0,01,11,0,0
D,2138680030,990,2680,0,-285216,248,-14,-16,0,0,0,01,11,0,0
D,2138681050,1020,2680,0,-285216,263,-14,-16,0,0,0,01,11,0,0
D,2138682034,984,2680,0,-285216,251,-14,-16,0,0,0,01,11,0,0
D,2138683036,1002,2680,0,-285216,259,-14,-16,0,0,0,01,11,0,0
D,2138684074,1038,2680,0,-285216,296,-14,-16,0,0,0,01,11,0,0
D,2138685018,944,2680,0,-285216,240,-14,-16,0,0,0,01,11,0,0
D,2138686014,996,2680,0,-285216,226,-14,-16,0,0,0,01,11,0,0
D,2138687003,989,2680,0,-285216,222,-14,-16,0,0,0,01,11,0,0
D,2138688005,1002,2680,0,-285216,222,-14,-16,0,0,0,01,11,0,0
D,2138689020,1015,2680,0,-285216,231,-15,-16,0,0,0,01,11,0,0
D,2138690011,991,2680,0,-285216,222,-15,-16,0,0,0,01,11,0,0
D,2138691014,1003,2680,0,-285216,222,-14,-8,0,0,0,01,11,0,0
D,2138692003,989,2680,0,-285216,222,-14,-8,0,0,0,01,11,0,0
D,2138693091,1088,2680,0,-285216,300,-14,-8,0,0,0,01,11,0,0
D,2138694137,1046,2680,0,-285216,360,-14,-8,0,0,0,01,11,0,0
D,2138695027,890,2680,0,-285216,250,-13,-8,0,0,0,01,11,0,0
D,2138696027,1000,2680,0,-285216,251,-13,-8,0,0,0,01,11,0,0
D,2138697041,1014,2680,0,-285216,263,-13,-8,0,0,0,01,11,0,0
D,2138698044,1003,2680,0,-285216,253,-13,-8,0,0,0,01,11,0,0
D,2138699043,999,2681,1,-285217,258,-13,-16,0,0,0,01,11,0,0
D,2138700028,985,2681,0,-285217,250,-13,-16,0,0,0,01,11,0,0
D,2138701045,1017,2681,0,-285217,262,-13,-16,0,0,0,01,11,0,0
D,2138702035,990,2681,0,-285217,253,-13,-16,0,0,0,01,11,0,0
D,2138703036,1001,2681,0,-285217,258,-13,-16,0,0,0,01,11,0,0
D,2138704079,1043,2681,0,-285217,296,-13,-16,0,0,0,01,11,0,0
D,2138705014,935,2681,0,-285217,238,-14,-16,0,0,0,01,11,0,0
D,2138706010,996,2681,0,-285217,225,-14,-16,0,0,0,01,11,0,0
D,2138707013,1003,2681,0,-285217,222,-13,-8,0,0,0,01,11,0,0
D,2138708003,990,2681,0,-285217,222,-13,-8,0,0,0,01,11,0,0
D,2138709021,1018,2681,0,-285217,231,-13,-8,0,0,0,01,11,0,0
D,2138710012,991,2681,0,-285217,222,-13,-8,0,0,0,01,11,0,0
D,2138710998,986,2681,0,-285217,222,-13,-8,0,0,0,01,11,0,0
D,2138712003,1005,2681,0,-285217,222,-12,-8,0,0,0,01,11,0,0
D,2138713082,1079,2681,0,-285217,304,-12,-8,0,0,0,01,11,0,0
D,2138714160,1078,2681,0,-285217,368,-12,-8,0,0,0,01,11,0,0
D,2138715027,867,2681,0,-285217,250,-12,-8,0,0,0,01,11,0,0
D,2138716043,1016,2681,0,-285217,253,-12,-8,0,0,0,01,11,0,0
D,2138717053,1010,2681,0,-285217,261,-12,-8,0,0,0,01,11,0,0
D,2138718048,995,2681,0,-285217,257,-12,-8,0,0,0,01,11,0,0
D,2138719047,999,2681,0,-285217,258,-11,-8,0,0,0,01,11,0,0
D,2138720040,993,2681,0,-285217,253,-11,-8,0,0,0,01,11,0,0
D,2138721039,999,2681,0,-285217,260,-11,-8,0,0,0,01,11,0,0
D,2138722034,995,2681,0,-285217,258,-11,-8,0,0,0,01,11,0,0
D,2138723039,1005,2681,0,-285217,258,-11,-8,0,0,0,01,11,0,0
D,2138724090,1051,2681,0,-285217,298,-11,-8,0,0,0,01,11,0,0
D,2138725029,939,2681,0,-285217,237,-11,-8,0,0,0,01,11,0,0
D,2138726010,981,2682,1,-285218,226,-11,-16,0,0,0,01,11,0,0
D,2138727012,1002,2682,0,-285218,222,-11,-16,0,0,0,01,11,0,0
D,2138727998,986,2682,0,-285218,222,-11,-16,0,0,0,01,11,0,0
D,2138729018,1020,2682,0,-285218,231,-11,-16,0,0,0,01,11,0,0
D,2138730009,991,2682,0,-285218,222,-11,-8,0,0,0,01,11,0,0
D,2138731011,1002,2682,0,-285218,222,-11,-8,0,0,0,01,11,0,0
D,2138731998,987,2682,0,-285218,222,-11,-8,0,0,0,01,11,0,0
D,2138733098,1100,2682,0,-285218,304,-11,-8,0,0,0,01,11,0,0
D,2138734159,1061,2682,0,-285218,366,-11,-8,0,0,0,01,11,0,0
D,2138735035,876,2682,0,-285218,249,-11,-8,0,0,0,01,11,0,0
D,2138736033,998,2682,0,-285218,257,-11,-8,0,0,0,01,11,0,0
D,2138737037,1004,2682,0,-285218,258,-10,-8,0,0,0,01,11,0,0
D,2138738039,1002,2682,0,-285218,260,-10,-8,0,0,0,01,11,0,0
D,2138739036,997,2682,0,-285218,254,-10,-8,0,0,0,01,11,0,0
D,2138740037,1001,2682,0,-285218,254,-10,-8,0,0,0,01,11,0,0
D,2138741036,999,2682,0,-285218,259,-10,-8,0,0,0,01,11,0,0
D,2138742049,1013,2682,0,-285218,260,-10,-8,0,0,0,01,11,0,0
D,2138743049,1000,2682,0,-285218,257,-10,-8,0,0,0,01,11,0,0
D,2138744089,1040,2682,0,-285218,298,-10,-8,0,0,0,01,11,0,0
D,2138745011,922,2682,0,-285218,235,-10,-8,0,0,0,01,11,0,0
D,2138746008,997,2682,0,-285218,224,-10,-8,0,0,0,01,11,0,0
D,2138747011,1003,2682,0,-285218,222,-10,-8,0,0,0,01,11,0,0
D,2138747998,987,2682,0,-285218,222,-10,-8,0,0,0,01,11,0,0
D,2138749018,1020,2682,0,-285218,231,-10,-8,0,0,0,01,11,0,0
D,2138750009,991,2682,0,-285218,222,-9,-8,0,0,0,01,11,0,0
D,2138751012,1003,2682,0,-285218,222,-9,-8,0,0,0,01,11,0,0
D,2138751998,986,2682,0,-285218,222,-9,-8,0,0,0,01,11,0,0
D,2138753095,1097,2682,0,-285218,308,-9,-8,0,0,0,01,11,0,0
D,2138754137,1042,2682,0,-285218,355,-9,-8,0,0,0,01,11,0,0
D,2138755038,901,2683,1,-285219,257,-9,-16,0,0,0,01,11,0,0
D,2138756036,998,2683,0,-285219,251,-9,-8,0,0,0,01,11,0,0
D,2138757053,1017,2682,-1,-285218,264,-9,0,0,0,0,01,11,0,0
D,2138758045,992,2683,1,-285219,255,-9,-8,0,0,0,01,11,0,0
D,2138759043,998,2683,0,-285219,260,-9,-8,0,0,0,01,11,0,0
D,2138760035,992,2683,0,-285219,252,-9,-8,0,0,0,01,11,0,0
D,2138761059,1024,2683,0,-285219,267,-9,-8,0,0,0,01,11,0,0
D,2138762038,979,2683,0,-285219,256,-9,-8,0,0,0,01,11,0,0
D,2138763040,1002,2683,0,-285219,260,-9,-8,0,0,0,01,11,0,0
D,2138764079,1039,2683,0,-285219,297,-9,-8,0,0,0,01,11,0,0
D,2138765020,941,2683,0,-285219,238,-9,-8,0,0,0,01,11,0,0
D,2138766016,996,2683,0,-285219,226,-9,-8,0,0,0,01,11,0,0
D,2138767005,989,2683,0,-285219,222,-9,-8,0,0,0,01,11,0,0
D,2138768008,1003,2683,0,-285219,222,-9,-8,0,0,0,01,11,0,0
D,2138769021,1013,2683,0,-285219,231,-9,-8,0,0,0,01,11,0,0
D,2138770012,991,2683,0,-285219,222,-9,-8,0,0,0,01,11,0,0
D,2138770998,986,2683,0,-285219,222,-9,-8,0,0,0,01,11,0,0
D,2138772003,1005,2683,0,-285219,222,-9,-8,0,0,0,01,11,0,0
D,2138773090,1087,2683,0,-285219,303,-9,-8,0,0,0,01,11,0,0
D,2138774155,1065,2683,0,-285219,363,-9,-8,0,0,0,01,11,0,0
D,2138775026,871,2683,0,-285219,250,-9,-8,0,0,0,01,11,0,0
D,2138776040,1014,2683,0,-285219,251,-8,-8,0,0,0,01,11,0,0
D,2138777056,1016,2683,0,-285219,263,-8,-8,0,0,0,01,11,0,0
D,2138778048,992,2683,0,-285219,256,-8,-8,0,0,0,01,11,0,0
D,2138779049,1001,2683,0,-285219,258,-8,-8,0,0,0,01,11,0,0
D,2138780036,987,2683,0,-285219,253,-8,-8,0,0,0,01,11,0,0
D,2138781041,1005,2683,0,-285219,263,-8,-8,0,0,0,01,11,0,0
D,2138782035,994,2683,0,-285219,253,-8,-8,0,0,0,01,11,0,0
D,2138783050,1015,2683,0,-285219,258,-8,-8,0,0,0,01,11,0,0
D,2138784080,1030,2683,0,-285219,297,-8,-8,0,0,0,01,11,0,0
D,2138785022,942,2683,0,-285219,238,-8,-8,0,0,0,01,11,0,0
D,2138786002,980,2683,0,-285219,226,-8,0,0,0,0,01,11,0,0
D,2138787005,1003,2683,0,-285219,222,-8,0,0,0,0,01,11,0,0
D,2138788008,1003,2683,0,-285219,222,-8,-8,0,0,0,01,11,0,0
D,2138789021,1013,2683,0,-285219,231,-7,0,0,0,0,01,11,0,0
D,2138790012,991,2683,0,-285219,222,-7,0,0,0,0,01,11,0,0
D,2138790998,986,2683,0,-285219,222,-7,0,0,0,0,01,11,0,0
D,2138792003,1005,2683,0,-285219,222,-7,0,0,0,0,01,11,0,0
D,2138793098,1095,2683,0,-285219,304,-6,0,0,0,0,01,11,0,0
D,2138794145,1047,2683,0,-285219,366,-6,0,0,0,0,01,11,0,0
D,2138795032,887,2683,0,-285219,250,-6,0,0,0,0,01,11,0,0
D,2138796043,1011,2683,0,-285219,252,-6,0,0,0,0,01,11,0,0
D,2138797052,1009,2683,0,-285219,263,-5,0,0,0,0,01,11,0,0
D,2138798048,996,2683,0,-285219,256,-5,0,0,0,0,01,11,0,0
D,2138799048,1000,2683,0,-285219,259,-5,0,0,0,0,01,11,0,0
D,2138800037,989,2683,0,-285219,253,-5,0,0,0,0,01,11,0,0
D,2138801057,1020,2683,0,-285219,265,-5,0,0,0,0,01,11,0,0
D,2138802033,976,2683,0,-285219,253,-4,0,0,0,0,01,11,0,0
D,2138803050,1017,2683,0,-285219,258,-4,0,0,0,0,01,11,0,0
D,2138804078,1028,2683,0,-285219,297,-4,0,0,0,0,01,11,0,0
D,2138805030,952,2683,0,-285219,238,-4,0,0,0,0,01,11,0,0
D,2138806010,980,2683,0,-285219,226,-4,0,0,0,0,01,11,0,0
D,2138807012,1002,2683,0,-285219,222,-4,0,0,0,0,01,11,0,0
D,2138807998,986,2683,0,-285219,222,-3,0,0,0,0,01,11,0,0
D,2138809018,1020,2683,0,-285219,231,-3,0,0,0,0,01,11,0,0
D,2138810009,991,2683,0,-285219,222,-3,0,0,0,0,01,11,0,0
D,2138811011,1002,2683,0,-285219,222,-3,0,0,0,0,01,11,0,0
D,2138811998,987,2683,0,-285219,222,-3,0,0,0,0,01,11,0,0
D,2138813098,1100,2683,0,-285219,306,-3,0,0,0,0,01,11,0,0
D,2138814147,1049,2683,0,-285219,357,-3,0,0,0,0,01,11,0,0
D,2138815040,893,2683,0,-285219,256,-3,0,0,0,0,01,11,0,0
D,2138816036,996,2683,0,-285219,251,-3,0,0,0,0,01,11,0,0
D,2138817042,1006,2683,0,-285219,263,-2,0,0,0,0,01,11,0,0
D,2138818037,995,2683,0,-285219,256,-2,0,0,0,0,01,11,0,0
D,2138819041,1004,2683,0,-285219,258,-2,0,0,0,0,01,11,0,0
D,2138820044,1003,2683,0,-285219,253,-2,0,0,0,0,01,11,0,0
D,2138821046,1002,2683,0,-285219,263,-2,0,0,0,0,01,11,0,0
D,2138822036,990,2683,0,-285219,254,-2,0,0,0,0,01,11,0,0
D,2138823042,1006,2683,0,-285219,259,-2,0,0,0,0,01,11,0,0
D,2138824074,1032,2683,0,-285219,298,-2,0,0,0,0,01,11,0,0
D,2138825022,948,2683,0,-285219,238,-2,0,0,0,0,01,11,0,0
D,2138826017,995,2683,0,-285219,226,-2,0,0,0,0,01,11,0,0
D,2138827005,988,2683,0,-285219,222,-2,0,0,0,0,01,11,0,0
D,2138828008,1003,2683,0,-285219,222,-2,0,0,0,0,01,11,0,0
D,2138829021,1013,2683,0,-285219,231,-1,0,0,0,0,01,11,0,0
D,2138830011,990,2683,0,-285219,221,-1,0,0,0,0,01,11,0,0
D,2138831014,1003,2683,0,-285219,222,-1,0,0,0,0,01,11,0,0
D,2138832003,989,2683,0,-285219,222,-1,0,0,0,0,01,11,0,0
D,2138833084,1081,2683,0,-285219,305,-1,0,0,0,0,01,11,0,0
D,2138834137,1053,2683,0,-285219,356,-1,0,0,0,0,01,11,0,0
D,2138835033,896,2683,0,-285219,252,-1,0,0,0,0,01,11,0,0
D,2138836030,997,2683,0,-285219,251,-1,0,0,0,0,01,11,0,0
D,2138837056,1026,2683,0,-285219,265,-1,0,0,0,0,01,11,0,0
D,2138838046,990,2683,0,-285219,255,-1,0,0,0,0,01,11,0,0
D,2138839048,1002,2683,0,-285219,260,-1,0,0,0,0,01,11,0,0
D,2138840035,987,2683,0,-285219,252,-1,0,0,0,0,01,11,0,0
D,2138841052,1017,2683,0,-285219,265,-1,0,0,0,0,01,11,0,0
D,2138842041,989,2683,0,-285219,255,-1,0,0,0,0,01,11,0,0
D,2138843043,1002,2683,0,-285219,260,-1,0,0,0,0,01,11,0,0
D,2138844083,1040,2683,0,-285219,291,-1,0,0,0,0,01,11,0,0
D,2138845027,944,2683,0,-285219,242,-1,0,0,0,0,01,11,0,0
D,2138846011,984,2683,0,-285219,227,-1,0,0,0,0,01,11,0,0
D,2138847013,1002,2683,0,-285219,222,-1,0,0,0,0,01,11,0,0
D,2138848003,990,2683,0,-285219,222,-1,0,0,0,0,01,11,0,0
D,2138849020,1017,2683,0,-285219,231,-1,0,0,0,0,01,11,0,0
D,2138850011,991,2683,0,-285219,222,-1,0,0,0,0,01,11,0,0
D,2138851014,1003,2683,0,-285219,222,-1,0,0,0,0,01,11,0,0
D,2138852002,988,2683,0,-285219,222,-1,0,0,0,0,01,11,0,0
D,2138853089,1087,2683,0,-285219,300,-1,0,0,0,0,01,11,0,0
D,2138854168,1079,2683,0,-285219,379,-1,0,0,0,0,01,11,0,0
D,2138855039,871,2683,0,-285219,247,-1,0,0,0,0,01,11,0,0
D,2138856030,991,2683,0,-285219,250,-1,0,0,0,0,01,11,0,0
D,2138857037,1007,2683,0,-285219,260,0,0,0,0,0,01,11,0,0
D,2138858047,1010,2683,0,-285219,255,0,0,0,0,0,01,11,0,0
D,2138859044,997,2683,0,-285219,257,0,0,0,0,0,01,11,0,0
D,2138860036,992,2683,0,-285219,254,0,0,0,0,0,01,11,0,0
D,2138861038,1002,2683,0,-285219,261,0,0,0,0,0,01,11,0,0
D,2138862045,1007,2683,0,-285219,255,0,0,0,0,0,01,11,0,0
D,2138863042,997,2683,0,-285219,257,0,0,0,0,0,01,11,0,0
D,2138864077,1035,2683,0,-285219,298,0,0,0,0,0,01,11,0,0
D,2138865020,943,2683,0,-285219,237,0,0,0,0,0,01,11,0,0
D,2138866014,994,2683,0,-285219,224,0,0,0,0,0,01,11,0,0
D,2138867003,989,2683,0,-285219,222,0,0,0,0,0,01,11,0,0
D,2138868005,1002,2683,0,-285219,222,0,0,0,0,0,01,11,0,0
D,2138869021,1016,2683,0,-285219,231,0,0,0,0,0,01,11,0,0
D,2138870012,991,2683,0,-285219,222,0,0,0,0,0,01,11,0,0
D,2138870997,985,2683,0,-285219,221,0,0,0,0,0,01,11,0,0
D,2138872003,1006,2683,0,-285219,222,0,0,0,0,0,01,11,0,0
D,2138873083,1080,2683,0,-285219,305,0,0,0,0,0,01,11,0,0
D,2138874143,1060,2683,0,-285219,364,0,0,0,0,0,01,11,0,0
D,2138875030,887,2683,0,-285219,251,0,0,0,0,0,01,11,0,0
D,2138876037,1007,2683,0,-285219,248,0,0,0,0,0,01,11,0,0
D,2138877043,1006,2683,0,-285219,266,0,0,0,0,0,01,11,0,0
D,2138878037,994,2683,0,-285219,253,0,0,0,0,0,01,11,0,0
D,2138879046,1009,2683,0,-285219,258,0,0,0,0,0,01,11,0,0
D,2138880035,989,2683,0,-285219,250,0,0,0,0,0,01,11,0,0
D,2138881055,1020,2683,0,-285219,265,0,0,0,0,0,01,11,0,0
D,2138882042,987,2683,0,-285219,253,0,0,0,0,0,01,11,0,0
D,2138883037,995,2683,0,-285219,255,0,0,0,0,0,01,11,0,0
D,2138884085,1048,2683,0,-285219,293,0,0,0,0,0,01,11,0,0
D,2138885029,944,2683,0,-285219,241,0,0,0,0,0,01,11,0,0
D,2138886011,982,2683,0,-285219,226,0,0,0,0,0,01,11,0,0
D,2138887014,1003,2683,0,-285219,222,0,0,0,0,0,01,11,0,0
D,2138888003,989,2683,0,-285219,222,0,0,0,0,0,01,11,0,0
D,2138889021,1018,2683,0,-285219,231,0,0,0,0,0,01,11,0,0
D,2138890012,991,2683,0,-285219,222,0,0,0,0,0,01,11,0,0
D,2138891014,1002,2683,0,-285219,222,0,0,0,0,0,01,11,0,0
D,2138892003,989,2683,0,-285219,222,0,0,0,0,0,01,11,0,0
D,2138893078,1075,2683,0,-285219,300,0,0,0,0,0,01,11,0,0
D,2138894170,1092,2683,0,-285219,379,0,0,0,0,0,01,11,0,0
D,2138895039,869,2683,0,-285219,247,0,0,0,0,0,01,11,0,0
D,2138896032,993,2683,0,-285219,250,0,0,0,0,0,01,11,0,0
D,2138897039,1007,2683,0,-285219,260,0,0,0,0,0,01,11,0,0
D,2138898047,1008,2683,0,-285219,255,0,0,0,0,0,01,11,0,0
D,2138899046,999,2683,0,-285219,257,0,0,0,0,0,01,11,0,0
D,2138900038,992,2683,0,-285219,255,0,0,0,0,0,01,11,0,0
D,2138901039,1001,2683,0,-285219,262,0,0,0,0,0,01,11,0,0
D,2138902041,1002,2683,0,-285219,252,0,0,0,0,0,01,11,0,0
D,2138903035,994,2683,0,-285219,258,0,0,0,0,0,01,11,0,0
D,2138904087,1052,2683,0,-285219,298,0,0,0,0,0,01,11,0,0
D,2138905022,935,2683,0,-285219,237,0,0,0,0,0,01,11,0,0
D,2138906016,994,2683,0,-285219,225,0,0,0,0,0,01,11,0,0
D,2138907005,989,2683,0,-285219,222,0,0,0,0,0,01,11,0,0
D,2138908007,1002,2683,0,-285219,222,0,0,0,0,0,01,11,0,0
D,2138909021,1014,2683,0,-285219,231,0,0,0,0,0,01,11,0,0
D,2138910012,991,2683,0,-285219,222,0,0,0,0,0,01,11,0,0
D,2138910998,986,2683,0,-285219,222,0,0,0,0,0,01,11,0,0
D,2138912002,1004,2683,0,-285219,222,0,0,0,0,0,01,11,0,0
D,2138913083,1081,2683,0,-285219,304,0,0,0,0,0,01,11,0,0
D,2138914148,1065,2683,0,-285219,364,0,0,0,0,0,01,11,0,0
D,2138915029,881,2683,0,-285219,252,0,0,0,0,0,01,11,0,0
D,2138916038,1009,2683,0,-285219,249,0,0,0,0,0,01,11,0,0
D,2138917043,1005,2683,0,-285219,266,0,0,0,0,0,01,11,0,0
D,2138918040,997,2683,0,-285219,253,0,0,0,0,0,01,11,0,0
D,2138919040,1000,2683,0,-285219,259,0,0,0,0,0,01,11,0,0
D,2138920044,1004,2683,0,-285219,253,0,0,0,0,0,01,11,0,0
D,2138921047,1003,2683,0,-285219,263,0,0,0,0,0,01,11,0,0
D,2138922039,992,2683,0,-285219,253,0,0,0,0,0,01,11,0,0
D,2138923038,999,2683,0,-285219,258,0,0,0,0,0,01,11,0,0
D,2138924078,1040,2683,0,-285219,291,0,0,0,0,0,01,11,0,0
D,2138925028,950,2683,0,-285219,244,0,0,0,0,0,01,11,0,0
D,2138926010,982,2683,0,-285219,226,0,0,0,0,0,01,11,0,0
D,2138927012,1002,2683,0,-285219,222,0,0,0,0,0,01,11,0,0
D,2138927998,986,2683,0,-285219,222,0,0,0,0,0,01,11,0,0
D,2138929018,1020,2683,0,-285219,231,0,0,0,0,0,01,11,0,0
D,2138930008,990,2683,0,-285219,222,0,0,0,0,0,01,11,0,0
D,2138931011,1003,2683,0,-285219,222,0,0,0,0,0,01,11,0,0
D,2138931998,987,2683,0,-285219,222,0,0,0,0,0,01,11,0,0
D,2138933086,1088,2683,0,-285219,299,0,0,0,0,0,01,11,0,0
D,2138934151,1065,2683,0,-285219,369,0,0,0,0,0,01,11,0,0
D,2138935039,888,2683,0,-285219,249,0,0,0,0,0,01,11,0,0
D,2138936034,995,2683,0,-285219,248,0,0,0,0,0,01,11,0,0
D,2138937039,1005,2683,0,-285219,262,0,0,0,0,0,01,11,0,0
D,2138938030,991,2683,0,-285219,254,0,0,0,0,0,01,11,0,0
D,2138939041,1011,2683,0,-285219,258,0,0,0,0,0,01,11,0,0
D,2138940030,989,2683,0,-285219,249,0,0,0,0,0,01,11,0,0
D,2138941049,1019,2683,0,-285219,262,0,0,0,0,0,01,11,0,0
D,2138942033,984,2683,0,-285219,250,0,0,0,0,0,01,11,0,0
D,2138943041,1008,2683,0,-285219,258,0,0,0,0,0,01,11,0,0
D,2138944084,1043,2683,0,-285219,297,0,0,0,0,0,01,11,0,0
D,2138945026,942,2683,0,-285219,237,0,0,0,0,0,01,11,0,0
D,2138946007,981,2683,0,-285219,225,0,0,0,0,0,01,11,0,0
D,2138947010,1003,2683,0,-285219,222,0,0,0,0,0,01,11,0,0
D,2138948012,1002,2683,0,-285219,222,0,0,0,0,0,01,11,0,0
D,2138949010,998,2683,0,-285219,231,0,0,0,0,0,01,11,0,0
D,2138950003,993,2683,0,-285219,222,0,0,0,0,0,01,11,0,0
D,2138951005,1002,2683,0,-285219,222,0,0,0,0,0,01,11,0,0
D,2138952008,1003,2683,0,-285219,222,0,0,0,0,0,01,11,0,0
D,2138953083,1075,2683,0,-285219,306,0,0,0,0,0,01,11,0,0
D,2138954155,1072,2683,0,-285219,363,0,0,0,0,0,01,11,0,0
D,2138955042,887,2683,0,-285219,251,0,0,0,0,0,01,11,0,0
D,2138956033,991,2683,0,-285219,248,0,0,0,0,0,01,11,0,0
D,2138957059,1026,2683,0,-285219,266,0,0,0,0,0,01,11,0,0
D,2138958027,968,2683,0,-285219,249,0,0,0,0,0,01,11,0,0
D,2138959039,1012,2683,0,-285219,258,0,0,0,0,0,01,11,0,0
D,2138960039,1000,2683,0,-285219,250,0,0,0,0,0,01,11,0,0
D,2138961052,1013,2683,0,-285219,262,0,0,0,0,0,01,11,0,0
D,2138962039,987,2683,0,-285219,253,0,0,0,0,0,01,11,0,0
D,2138963037,998,2683,0,-285219,258,0,0,0,0,0,01,11,0,0
D,2138964082,1045,2683,0,-285219,292,0,0,0,0,0,01,11,0,0
D,2138965021,939,2683,0,-285219,244,0,0,0,0,0,01,11,0,0
D,2138966007,986,2683,0,-285219,226,0,0,0,0,0,01,11,0,0
D,2138967009,1002,2683,0,-285219,222,0,0,0,0,0,01,11,0,0
D,2138968012,1003,2683,0,-285219,222,0,0,0,0,0,01,11,0,0
D,2138969009,997,2683,0,-285219,231,0,0,0,0,0,01,11,0,0
D,2138970003,994,2683,0,-285219,222,0,0,0,0,0,01,11,0,0
D,2138971005,1002,2683,0,-285219,222,0,0,0,0,0,01,11,0,0
D,2138972008,1003,2683,0,-285219,222,0,0,0,0,0,01,11,0,0
D,2138973078,1070,2683,0,-285219,299,0,0,0,0,0,01,11,0,0
D,2138974142,1064,2683,0,-285219,364,0,0,0,0,0,01,11,0,0
D,2138975029,887,2683,0,-285219,250,0,0,0,0,0,01,11,0,0
D,2138976025,996,2683,0,-285219,248,0,0,0,0,0,01,11,0,0
D,2138977044,1019,2682,-1,-285218,263,0,8,0,0,0,01,11,0,0
D,2138978039,995,2682,0,-285218,257,1,8,0,0,0,01,11,0,0
D,2138979040,1001,2682,0,-285218,258,1,8,0,0,0,01,11,0,0
D,2138980044,1004,2682,0,-285218,253,1,8,0,0,0,01,11,0,0
D,2138981049,1005,2683,1,-285219,263,1,0,0,0,0,01,11,0,0
D,2138982045,996,2682,-1,-285218,256,1,8,0,0,0,01,11,0,0
D,2138983041,996,2682,0,-285218,255,2,8,0,0,0,01,11,0,0
D,2138984078,1037,2682,0,-285218,297,2,8,0,0,0,01,11,0,0
D,2138985023,945,2682,0,-285218,238,2,8,0,0,0,01,11,0,0
D,2138986007,984,2682,0,-285218,225,2,8,0,0,0,01,11,0,0
D,2138987010,1003,2682,0,-285218,222,3,8,0,0,0,01,11,0,0
D,2138988013,1003,2682,0,-285218,222,3,8,0,0,0,01,11,0,0
D,2138989009,996,2682,0,-285218,231,3,8,0,0,0,01,11,0,0
D,2138990003,994,2682,0,-285218,222,3,8,0,0,0,01,11,0,0
D,2138991005,1002,2682,0,-285218,222,3,8,0,0,0,01,11,0,0
D,2138992008,1003,2682,0,-285218,222,4,8,0,0,0,01,11,0,0
D,2138993095,1087,2682,0,-285218,304,4,8,0,0,0,01,11,0,0
D,2138994136,1041,2682,0,-285218,359,4,8,0,0,0,01,11,0,0
D,2138995043,907,2682,0,-285218,251,4,8,0,0,0,01,11,0,0
D,2138996028,985,2682,0,-285218,252,4,8,0,0,0,01,11,0,0
D,2138997040,1012,2682,0,-285218,263,4,8,0,0,0,01,11,0,0
D,2138998043,1003,2682,0,-285218,253,5,8,0,0,0,01,11,0,0
D,2138999044,1001,2682,0,-285218,259,5,8,0,0,0,01,11,0,0
D,2139000035,991,2682,0,-285218,253,5,8,0,0,0,01,11,0,0
D,2139001056,1021,2682,0,-285218,266,5,8,0,0,0,01,11,0,0
D,2139002033,977,2682,0,-285218,257,5,8,0,0,0,01,11,0,0
D,2139003038,1005,2682,0,-285218,259,5,8,0,0,0,01,11,0,0
D,2139004080,1042,2682,0,-285218,294,5,8,0,0,0,01,11,0,0
D,2139005017,937,2682,0,-285218,241,5,8,0,0,0,01,11,0,0
D,2139006013,996,2682,0,-285218,225,5,8,0,0,0,01,11,0,0
D,2139007003,990,2682,0,-285218,222,6,8,0,0,0,01,11,0,0
D,2139008006,1003,2682,0,-285218,222,5,0,0,0,0,01,11,0,0
D,2139009020,1014,2682,0,-285218,231,5,0,0,0,0,01,11,0,0
D,2139010011,991,2682,0,-285218,222,5,0,0,0,0,01,11,0,0
D,2139011014,1003,2681,-1,-285217,222,5,8,0,0,0,01,11,0,0
D,2139012003,989,2681,0,-285217,222,5,16,0,0,0,01,11,0,0
D,2139013084,1081,2682,1,-285218,303,5,0,0,0,0,01,11,0,0
D,2139014142,1058,2681,-1,-285217,359,5,8,0,0,0,01,11,0,0
D,2139015033,891,2681,0,-285217,251,5,8,0,0,0,01,11,0,0
D,2139016026,993,2681,0,-285217,250,6,8,0,0,0,01,11,0,0
D,2139017058,1032,2681,0,-285217,265,6,8,0,0,0,01,11,0,0
D,2139018043,985,2681,0,-285217,252,6,8,0,0,0,01,11,0,0
D,2139019048,1005,2681,0,-285217,259,6,8,0,0,0,01,11,0,0
D,2139020035,987,2681,0,-285217,251,6,8,0,0,0,01,11,0,0
D,2139021054,1019,2681,0,-285217,264,6,8,0,0,0,01,11,0,0
D,2139022044,990,2681,0,-285217,255,6,8,0,0,0,01,11,0,0
D,2139023049,1005,2681,0,-285217,260,6,8,0,0,0,01,11,0,0
D,2139024075,1026,2681,0,-285217,294,6,8,0,0,0,01,11,0,0
D,2139025029,954,2681,0,-285217,239,6,8,0,0,0,01,11,0,0
D,2139026011,982,2681,0,-285217,227,6,8,0,0,0,01,11,0,0
D,2139026997,986,2681,0,-285217,221,6,8,0,0,0,01,11,0,0
D,2139028003,1006,2681,0,-285217,222,6,8,0,0,0,01,11,0,0
D,2139029020,1017,2681,0,-285217,231,7,8,0,0,0,01,11,0,0
D,2139030011,991,2681,0,-285217,222,7,8,0,0,0,01,11,0,0
D,2139030997,986,2681,0,-285217,222,7,8,0,0,0,01,11,0,0
D,2139032003,1006,2681,0,-285217,222,7,8,0,0,0,01,11,0,0
D,2139033083,1080,2681,0,-285217,305,7,8,0,0,0,01,11,0,0
D,2139034141,1058,2681,0,-285217,356,7,8,0,0,0,01,11,0,0
D,2139035034,893,2681,0,-285217,253,7,8,0,0,0,01,11,0,0
D,2139036034,1000,2681,0,-285217,251,7,8,0,0,0,01,11,0,0
D,2139037046,1012,2681,0,-285217,264,7,8,0,0,0,01,11,0,0
D,2139038037,991,2681,0,-285217,251,7,8,0,0,0,01,11,0,0
D,2139039036,999,2681,0,-285217,259,7,8,0,0,0,01,11,0,0
D,2139040039,1003,2680,-1,-285216,252,7,16,0,0,0,01,11,0,0
D,2139041046,1007,2680,0,-285216,266,7,8,0,0,0,01,11,0,0
D,2139042038,992,2680,0,-285216,252,7,8,0,0,0,01,11,0,0
D,2139043036,998,2680,0,-285216,260,7,8,0,0,0,01,11,0,0
D,2139044078,1042,2680,0,-285216,292,8,16,0,0,0,01,11,0,0
D,2139045017,939,2680,0,-285216,242,8,8,0,0,0,01,11,0,0
D,2139046015,998,2680,0,-285216,226,8,8,0,0,0,01,11,0,0
D,2139047003,988,2680,0,-285216,222,8,8,0,0,0,01,11,0,0
D,2139048005,1002,2680,0,-285216,222,8,8,0,0,0,01,11,0,0
D,2139049019,1014,2680,0,-285216,231,8,8,0,0,0,01,11,0,0
D,2139050010,991,2680,0,-285216,221,8,8,0,0,0,01,11,0,0
D,2139051013,1003,2680,0,-285216,222,8,8,0,0,0,01,11,0,0
D,2139052003,990,2680,0,-285216,222,8,8,0,0,0,01,11,0,0
D,2139053082,1079,2680,0,-285216,302,8,8,0,0,0,01,11,0,0
D,2139054145,1063,2680,0,-285216,360,8,8,0,0,0,01,11,0,0
D,2139055034,889,2680,0,-285216,250,8,8,0,0,0,01,11,0,0
D,2139056032,998,2680,0,-285216,250,8,8,0,0,0,01,11,0,0
D,2139057054,1022,2680,0,-285216,263,8,8,0,0,0,01,11,0,0
D,2139058048,994,2680,0,-285216,256,8,8,0,0,0,01,11,0,0
D,2139059044,996,2680,0,-285216,255,8,8,0,0,0,01,11,0,0
D,2139060041,997,2680,0,-285216,253,8,8,0,0,0,01,11,0,0
D,2139061046,1005,2680,0,-285216,264,8,8,0,0,0,01,11,0,0
D,2139062039,993,2680,0,-285216,257,8,8,0,0,0,01,11,0,0
D,2139063040,1001,2680,0,-285216,258,8,8,0,0,0,01,11,0,0
D,2139064084,1044,2680,0,-285216,297,8,8,0,0,0,01,11,0,0
D,2139065021,937,2680,0,-285216,238,8,8,0,0,0,01,11,0,0
D,2139066002,981,2680,0,-285216,225,8,8,0,0,0,01,11,0,0
D,2139067005,1003,2680,0,-285216,222,8,8,0,0,0,01,11,0,0
D,2139068008,1003,2680,0,-285216,222,8,8,0,0,0,01,11,0,0
D,2139069021,1013,2680,0,-285216,231,8,8,0,0,0,01,11,0,0
D,2139070012,991,2679,-1,-285215,222,8,16,0,0,0,01,11,0,0
D,2139070998,986,2679,0,-285215,222,8,8,0,0,0,01,11,0,0
D,2139072003,1005,2679,0,-285215,222,8,8,0,0,0,01,11,0,0
D,2139073101,1098,2679,0,-285215,309,8,8,0,0,0,01,11,0,0
D,2139074151,1050,2679,0,-285215,362,8,8,0,0,0,01,11,0,0
D,2139075047,896,2679,0,-285215,254,8,8,0,0,0,01,11,0,0
D,2139076041,994,2679,0,-285215,252,8,8,0,0,0,01,11,0,0
D,2139077054,1013,2679,0,-285215,263,8,8,0,0,0,01,11,0,0
D,2139078048,994,2679,0,-285215,256,8,8,0,0,0,01,11,0,0
D,2139079044,996,2679,0,-285215,255,8,8,0,0,0,01,11,0,0
D,2139080033,989,2679,0,-285215,253,8,8,0,0,0,01,11,0,0
D,2139081057,1024,2679,0,-285215,266,8,8,0,0,0,01,11,0,0
D,2139082034,977,2679,0,-285215,257,8,8,0,0,0,01,11,0,0
D,2139083037,1003,2679,0,-285215,258,8,8,0,0,0,01,11,0,0
D,2139084081,1044,2679,0,-285215,294,8,8,0,0,0,01,11,0,0
D,2139085029,948,2679,0,-285215,241,8,8,0,0,0,01,11,0,0
D,2139086010,981,2679,0,-285215,226,8,8,0,0,0,01,11,0,0
D,2139087012,1002,2679,0,-285215,222,8,8,0,0,0,01,11,0,0
D,2139087998,986,2679,0,-285215,222,8,8,0,0,0,01,11,0,0
D,2139089018,1020,2679,0,-285215,231,8,8,0,0,0,01,11,0,0
D,2139090009,991,2679,0,-285215,222,8,8,0,0,0,01,11,0,0
D,2139091012,1003,2679,0,-285215,222,8,8,0,0,0,01,11,0,0
D,2139091998,986,2679,0,-285215,222,8,8,0,0,0,01,11,0,0
D,2139093095,1097,2679,0,-285215,302,8,8,0,0,0,01,11,0,0
D,2139094138,1043,2679,0,-285215,356,8,8,0,0,0,01,11,0,0
D,2139095031,893,2679,0,-285215,252,8,8,0,0,0,01,11,0,0
D,2139096042,1011,2679,0,-285215,250,8,8,0,0,0,01,11,0,0
D,2139097058,1016,2679,0,-285215,265,8,8,0,0,0,01,11,0,0
D,2139098042,984,2678,-1,-285214,252,8,16,0,0,0,01,11,0,0
D,2139099047,1005,2679,1,-285215,259,8,8,0,0,0,01,11,0,0
D,2139100038,991,2678,-1,-285214,252,8,8,0,0,0,01,11,0,0
D,2139101046,1008,2678,0,-285214,265,8,8,0,0,0,01,11,0,0
D,2139102037,991,2678,0,-285214,255,8,8,0,0,0,01,11,0,0
D,2139103041,1004,2678,0,-285214,260,8,8,0,0,0,01,11,0,0
D,2139104081,1040,2678,0,-285214,293,8,8,0,0,0,01,11,0,0
D,2139105021,940,2678,0,-285214,239,8,8,0,0,0,01,11,0,0
D,2139106020,999,2678,0,-285214,227,8,8,0,0,0,01,11,0,0
D,2139107006,986,2678,0,-285214,222,8,8,0,0,0,01,11,0,0
D,2139108008,1002,2678,0,-285214,222,8,8,0,0,0,01,11,0,0
D,2139109021,1013,2678,0,-285214,231,8,8,0,0,0,01,11,0,0
D,2139110012,991,2678,0,-285214,222,8,8,0,0,0,01,11,0,0
D,2139110998,986,2678,0,-285214,222,8,8,0,0,0,01,11,0,0
D,2139112003,1005,2678,0,-285214,222,8,8,0,0,0,01,11,0,0
D,2139113097,1094,2678,0,-285214,305,8,8,0,0,0,01,11,0,0
D,2139114153,1056,2678,0,-285214,367,8,8,0,0,0,01,11,0,0
D,2139115030,877,2678,0,-285214,250,8,8,0,0,0,01,11,0,0
D,2139116042,1012,2678,0,-285214,252,8,8,0,0,0,01,11,0,0
D,2139117054,1012,2678,0,-285214,263,8,8,0,0,0,01,11,0,0
D,2139118032,978,2678,0,-285214,256,8,8,0,0,0,01,11,0,0
D,2139119044,1012,2678,0,-285214,255,8,8,0,0,0,01,11,0,0
D,2139120034,990,2678,0,-285214,253,8,8,0,0,0,01,11,0,0
D,2139121058,1024,2678,0,-285214,267,8,8,0,0,0,01,11,0,0
D,2139122034,976,2678,0,-285214,257,8,8,0,0,0,01,11,0,0
D,2139123038,1004,2678,0,-285214,259,8,8,0,0,0,01,11,0,0
D,2139124079,1041,2678,0,-285214,294,8,8,0,0,0,01,11,0,0
D,2139125025,946,2678,0,-285214,241,8,8,0,0,0,01,11,0,0
D,2139126007,982,2678,0,-285214,225,8,8,0,0,0,01,11,0,0
D,2139127010,1003,2678,0,-285214,222,8,8,0,0,0,01,11,0,0
D,2139128013,1003,2678,0,-285214,222,8,8,0,0,0,01,11,0,0
D,2139129009,996,2678,0,-285214,231,8,0,0,0,0,01,11,0,0
D,2139153018,24009,2677,0,-285213,387,0,0,0,0,0,48,11,0,0
D,2139154018,1000,2677,0,-285213,387,0,0,0,0,0,01,11,0,0
D,2139154933,915,2677,0,-285213,296,0,0,0,0,0,01,11,0,0
D,2139155878,945,2677,0,-285213,249,0,0,0,0,0,01,11,0,0
D,2139156884,1006,2677,0,-285213,260,0,0,0,0,0,01,11,0,0
D,2139157872,988,2677,0,-285213,241,0,0,0,0,0,01,11,0,0
D,2139158897,1025,2676,-1,-285212,265,0,0,0,0,0,01,11,0,0
D,2139159871,974,2676,0,-285212,241,0,0,0,0,0,01,11,0,0
D,2139160898,1027,2676,0,-285212,260,0,0,0,0,0,01,11,0,0
D,2139161873,975,2676,0,-285212,241,0,0,0,0,0,01,11,0,0
D,2139162891,1018,2676,0,-285212,264,0,0,0,0,0,01,11,0,0
D,2139163905,1014,2676,0,-285212,282,0,0,0,0,0,01,11,0,0
D,2139164872,967,2676,0,-285212,243,0,0,0,0,0,01,11,0,0
D,2139165858,986,2676,0,-285212,223,0,0,0,0,0,01,11,0,0
D,2139166856,998,2676,0,-285212,222,0,0,0,0,0,01,11,0,0
D,2139167855,999,2676,0,-285212,222,0,0,0,0,0,01,11,0,0
D,2139168859,1004,2676,0,-285212,226,0,0,0,0,0,01,11,0,0
D,2139169846,987,2676,0,-285212,223,0,0,0,0,0,01,11,0,0
D,2139170846,1000,2676,0,-285212,223,0,0,0,0,0,01,11,0,0
D,2139171848,1002,2676,0,-285212,222,0,0,0,0,0,01,11,0,0
D,2139172942,1094,2676,0,-285212,304,0,0,0,0,0,01,11,0,0
D,2139174020,1078,2676,0,-285212,395,12,12,0,0,0,01,11,0,0
D,2139174910,890,2676,0,-285212,276,12,11,0,0,0,01,11,0,0
D,2139175905,995,2676,0,-285212,266,12,11,0,0,0,01,11,0,0
D,2139176898,993,2676,0,-285212,263,12,10,0,0,0,01,11,0,0
D,2139177878,980,2676,0,-285212,254,11,10,0,0,0,01,11,0,0
D,2139178891,1013,2676,0,-285212,260,11,9,0,0,0,01,11,0,0
D,2139179879,988,2676,0,-285212,250,11,9,0,0,0,01,11,0,0
D,2139180899,1020,2676,0,-285212,261,11,9,0,0,0,01,11,0,0
D,2139181890,991,2675,-1,-285211,255,11,17,0,0,0,01,11,0,0
D,2139182884,994,2675,0,-285211,262,12,16,0,0,0,01,11,0,0
D,2139183912,1028,2675,0,-285211,285,12,16,0,0,0,01,11,0,0
D,2139184873,961,2675,0,-285211,247,12,16,0,0,0,01,11,0,0
D,2139185864,991,2675,0,-285211,231,12,16,0,0,0,01,11,0,0
D,2139186859,995,2675,0,-285211,227,12,16,0,0,0,01,11,0,0
D,2139187859,1000,2675,0,-285211,231,12,16,0,0,0,01,11,0,0
D,2139188865,1006,2675,0,-285211,231,12,16,0,0,0,01,11,0,0
D,2139189864,999,2675,0,-285211,231,12,8,0,0,0,01,11,0,0
D,2139190859,995,2675,0,-285211,227,12,8,0,0,0,01,11,0,0
D,2139191859,1000,2675,0,-285211,231,12,8,0,0,0,01,11,0,0
D,2139192948,1089,2675,0,-285211,312,12,8,0,0,0,01,11,0,0
D,2139194034,1086,2675,0,-285211,404,12,8,0,0,0,01,11,0,0
D,2139194915,881,2675,0,-285211,286,12,8,0,0,0,01,11,0,0
D,2139195874,959,2675,0,-285211,251,11,8,0,0,0,01,11,0,0
D,2139196900,1026,2675,0,-285211,263,11,8,0,0,0,01,11,0,0
D,2139197889,989,2675,0,-285211,256,11,8,0,0,0,01,11,0,0
D,2139198892,1003,2675,0,-285211,262,11,8,0,0,0,01,11,0,0
D,2139199879,987,2675,0,-285211,247,11,8,0,0,0,01,11,0,0
D,2139200900,1021,2675,0,-285211,264,11,8,0,0,0,01,11,0,0
D,2139201879,979,2675,0,-285211,250,11,8,0,0,0,01,11,0,0
D,2139202897,1018,2675,0,-285211,262,11,8,0,0,0,01,11,0,0
D,2139203919,1022,2675,0,-285211,286,10,8,0,0,0,01,11,0,0
D,2139204887,968,2675,0,-285211,255,10,8,0,0,0,01,11,0,0
D,2139205858,971,2675,0,-285211,231,10,8,0,0,0,01,11,0,0
D,2139206856,998,2674,-1,-285210,227,11,16,0,0,0,01,11,0,0
D,2139207854,998,2674,0,-285210,231,11,16,0,0,0,01,11,0,0
D,2139208856,1002,2674,0,-285210,231,11,16,0,0,0,01,11,0,0
D,2139209854,998,2674,0,-285210,231,11,16,0,0,0,01,11,0,0
D,2139210849,995,2674,0,-285210,227,11,16,0,0,0,01,11,0,0
D,2139211862,1013,2674,0,-285210,231,11,16,0,0,0,01,11,0,0
D,2139212933,1071,2674,0,-285210,306,11,8,0,0,0,01,11,0,0
D,2139214041,1108,2674,0,-285210,411,11,8,0,0,0,01,11,0,0
D,2139214907,866,2674,0,-285210,276,11,8,0,0,0,01,11,0,0
D,2139215889,982,2674,0,-285210,257,11,8,0,0,0,01,11,0,0
D,2139216894,1005,2674,0,-285210,262,11,8,0,0,0,01,11,0,0
D,2139217891,997,2674,0,-285210,259,11,8,0,0,0,01,11,0,0
D,2139218894,1003,2674,0,-285210,261,11,8,0,0,0,01,11,0,0
D,2139219878,984,2674,0,-285210,249,11,8,0,0,0,01,11,0,0
D,2139220900,1022,2674,0,-285210,262,10,8,0,0,0,01,11,0,0
D,2139221874,974,2674,0,-285210,251,10,8,0,0,0,01,11,0,0
D,2139222891,1017,2674,0,-285210,262,10,8,0,0,0,01,11,0,0
D,2139223925,1034,2674,0,-285210,289,10,8,0,0,0,01,11,0,0
D,2139224889,964,2674,0,-285210,254,10,8,0,0,0,01,11,0,0
D,2139225858,969,2674,0,-285210,231,10,8,0,0,0,01,11,0,0
D,2139226856,998,2674,0,-285210,227,10,8,0,0,0,01,11,0,0
D,2139227854,998,2674,0,-285210,231,10,8,0,0,0,01,11,0,0
D,2139228856,1002,2674,0,-285210,231,10,8,0,0,0,01,11,0,0
D,2139229854,998,2674,0,-285210,231,10,8,0,0,0,01,11,0,0
D,2139230849,995,2673,-1,-285209,227,10,16,0,0,0,01,11,0,0
D,2139231862,1013,2673,0,-285209,231,10,16,0,0,0,01,11,0,0
D,2139232939,1077,2673,0,-285209,314,10,16,0,0,0,01,11,0,0
D,2139234035,1096,2673,0,-285209,393,11,16,0,0,0,01,11,0,0
D,2139234914,879,2673,0,-285209,283,11,16,0,0,0,01,11,0,0
D,2139235892,978,2673,0,-285209,255,11,16,0,0,0,01,11,0,0
D,2139236898,1006,2673,0,-285209,265,11,8,0,0,0,01,11,0,0
D,2139237896,998,2673,0,-285209,258,11,8,0,0,0,01,11,0,0
D,2139238894,998,2673,0,-285209,261,11,8,0,0,0,01,11,0,0
D,2139239879,985,2673,0,-285209,249,11,8,0,0,0,01,11,0,0
D,2139240900,1021,2673,0,-285209,265,11,8,0,0,0,01,11,0,0
D,2139241876,976,2673,0,-285209,249,10,8,0,0,0,01,11,0,0
D,2139242895,1019,2673,0,-285209,262,10,8,0,0,0,01,11,0,0
D,2139243913,1018,2673,0,-285209,290,10,8,0,0,0,01,11,0,0
D,2139244890,977,2673,0,-285209,260,10,8,0,0,0,01,11,0,0
D,2139245862,972,2673,0,-285209,232,10,8,0,0,0,01,11,0,0
D,2139246862,1000,2673,0,-285209,231,10,8,0,0,0,01,11,0,0
D,2139247862,1000,2673,0,-285209,231,10,8,0,0,0,01,11,0,0
D,2139248870,1008,2672,-1,-285208,236,10,16,0,0,0,01,11,0,0
D,2139249859,989,2672,0,-285208,232,10,16,0,0,0,01,11,0,0
D,2139250862,1003,2672,0,-285208,232,11,16,0,0,0,01,11,0,0
D,2139251862,1000,2672,0,-285208,231,11,16,0,0,0,01,11,0,0
D,2139252928,1066,2672,0,-285208,305,11,16,0,0,0,01,11,0,0
D,2139254042,1114,2672,0,-285208,405,11,16,0,0,0,01,11,0,0
D,2139254908,866,2672,0,-285208,274,11,16,0,0,0,01,11,0,0
D,2139255894,986,2672,0,-285208,258,12,16,0,0,0,01,11,0,0
D,2139256897,1003,2672,0,-285208,261,12,16,0,0,0,01,11,0,0
D,2139257901,1004,2672,0,-285208,263,12,16,0,0,0,01,11,0,0
D,2139258897,996,2672,0,-285208,259,12,16,0,0,0,01,11,0,0
D,2139259890,993,2672,0,-285208,256,12,16,0,0,0,01,11,0,0
D,2139260895,1005,2672,0,-285208,262,12,8,0,0,0,01,11,0,0
D,2139261897,1002,2672,0,-285208,258,12,8,0,0,0,01,11,0,0
D,2139262893,996,2672,0,-285208,259,12,8,0,0,0,01,11,0,0
D,2139263925,1032,2672,0,-285208,294,12,8,0,0,0,01,11,0,0
D,2139264890,965,2672,0,-285208,253,11,8,0,0,0,01,11,0,0
D,2139265858,968,2672,0,-285208,231,11,8,0,0,0,01,11,0,0
D,2139266856,998,2672,0,-285208,227,11,8,0,0,0,01,11,0,0
D,2139267854,998,2672,0,-285208,231,11,8,0,0,0,01,11,0,0
D,2139268856,1002,2672,0,-285208,231,11,8,0,0,0,01,11,0,0
D,2139269854,998,2672,0,-285208,231,11,8,0,0,0,01,11,0,0
D,2139270849,995,2672,0,-285208,227,11,8,0,0,0,01,11,0,0
D,2139271862,1013,2672,0,-285208,231,11,8,0,0,0,01,11,0,0
D,2139272940,1078,2672,0,-285208,315,11,8,0,0,0,01,11,0,0
D,2139274031,1091,2671,-1,-285207,394,11,16,0,0,0,01,11,0,0
D,2139274919,888,2671,0,-285207,281,11,16,0,0,0,01,11,0,0
D,2139275884,965,2671,0,-285207,253,11,16,0,0,0,01,11,0,0
D,2139276896,1012,2671,0,-285207,265,11,16,0,0,0,01,11,0,0
D,2139277885,989,2671,0,-285207,258,12,16,0,0,0,01,11,0,0
D,2139278883,998,2671,0,-285207,259,11,8,0,0,0,01,11,0,0
D,2139279884,1001,2671,0,-285207,256,11,8,0,0,0,01,11,0,0
D,2139280895,1011,2671,0,-285207,265,11,8,0,0,0,01,11,0,0
D,2139281875,980,2671,0,-285207,251,11,8,0,0,0,01,11,0,0
D,2139282894,1019,2671,0,-285207,260,11,8,0,0,0,01,11,0,0
D,2139283926,1032,2671,0,-285207,292,11,8,0,0,0,01,11,0,0
D,2139284885,959,2671,0,-285207,250,11,8,0,0,0,01,11,0,0
D,2139285854,969,2671,0,-285207,231,11,8,0,0,0,01,11,0,0
D,2139286849,995,2671,0,-285207,227,10,8,0,0,0,01,11,0,0
D,2139287862,1013,2671,0,-285207,231,10,8,0,0,0,01,11,0,0
D,2139288864,1002,2671,0,-285207,231,10,8,0,0,0,01,11,0,0
D,2139289862,998,2671,0,-285207,231,10,8,0,0,0,01,11,0,0
D,2139290857,995,2671,0,-285207,228,10,8,0,0,0,01,11,0,0
D,2139291854,997,2671,0,-285207,231,10,8,0,0,0,01,11,0,0
D,2139292939,1085,2671,0,-285207,304,10,8,0,0,0,01,11,0,0
D,2139294033,1094,2671,0,-285207,410,10,8,0,0,0,01,11,0,0
D,2139294901,868,2671,0,-285207,276,10,8,0,0,0,01,11,0,0
D,2139295875,974,2671,0,-285207,252,10,8,0,0,0,01,11,0,0
D,2139296894,1019,2671,0,-285207,263,10,8,0,0,0,01,11,0,0
D,2139297892,998,2671,0,-285207,260,10,8,0,0,0,01,11,0,0
D,2139298892,1000,2671,0,-285207,262,10,8,0,0,0,01,11,0,0
D,2139299876,984,2671,0,-285207,248,9,8,0,0,0,01,11,0,0
D,2139300894,1018,2671,0,-285207,263,9,8,0,0,0,01,11,0,0
D,2139301892,998,2671,0,-285207,256,9,8,0,0,0,01,11,0,0
D,2139302892,1000,2670,-1,-285206,262,10,16,0,0,0,01,11,0,0
D,2139303919,1027,2670,0,-285206,289,10,16,0,0,0,01,11,0,0
D,2139304895,976,2670,0,-285206,260,10,8,0,0,0,01,11,0,0
D,2139305866,971,2670,0,-285206,232,10,8,0,0,0,01,11,0,0
D,2139306866,1000,2670,0,-285206,232,10,8,0,0,0,01,11,0,0
D,2139307867,1001,2670,0,-285206,232,10,8,0,0,0,01,11,0,0
D,2139308872,1005,2670,0,-285206,236,10,8,0,0,0,01,11,0,0
D,2139309859,987,2670,0,-285206,231,9,8,0,0,0,01,11,0,0
D,2139310862,1003,2670,0,-285206,232,9,8,0,0,0,01,11,0,0
D,2139311862,1000,2670,0,-285206,232,9,8,0,0,0,01,11,0,0
D,2139312941,1079,2670,0,-285206,316,9,8,0,0,0,01,11,0,0
D,2139314037,1096,2670,0,-285206,401,9,8,0,0,0,01,11,0,0
D,2139314918,881,2670,0,-285206,285,9,8,0,0,0,01,11,0,0
D,2139315873,955,2670,0,-285206,249,9,8,0,0,0,01,11,0,0
D,2139316899,1026,2670,0,-285206,265,9,8,0,0,0,01,11,0,0
D,2139317895,996,2670,0,-285206,256,9,8,0,0,0,01,11,0,0
D,2139318898,1003,2669,-1,-285205,262,9,16,0,0,0,01,11,0,0
D,2139319885,987,2669,0,-285205,253,10,16,0,0,0,01,11,0,0
D,2139320890,1005,2669,0,-285205,266,10,16,0,0,0,01,11,0,0
D,2139321879,989,2669,0,-285205,248,10,16,0,0,0,01,11,0,0
D,2139322896,1017,2669,0,-285205,262,10,16,0,0,0,01,11,0,0
D,2139323918,1022,2669,0,-285205,290,11,16,0,0,0,01,11,0,0
D,2139324886,968,2669,0,-285205,254,11,16,0,0,0,01,11,0,0
D,2139325854,968,2669,0,-285205,231,11,16,0,0,0,01,11,0,0
D,2139326849,995,2669,0,-285205,227,11,16,0,0,0,01,11,0,0
D,2139327862,1013,2669,0,-285205,231,11,16,0,0,0,01,11,0,0
D,2139328865,1003,2669,0,-285205,232,12,16,0,0,0,01,11,0,0
D,2139329862,997,2669,0,-285205,231,12,16,0,0,0,01,11,0,0
# DIAG n=2304 wrapped=1

[HOST 2026-09-18T10:35:14.965] Serial capture ended

[HOST 2026-09-18T10:53:17.041] Serial opened; DTR/RTS false; lease 3600 seconds

[HOST 2026-09-18T10:53:17.106] TX s

[HOST 2026-09-18T10:53:17.106] TX s

[HOST 2026-09-18T10:53:17.106] TX s

[HOST 2026-09-18T10:53:17.106] TX r

[HOST 2026-09-18T10:53:17.106] TX s

[HOST 2026-09-18T10:53:17.106] TX s

[HOST 2026-09-18T10:53:17.106] TX s

[HOST 2026-09-18T10:53:17.106] TX d

[HOST 2026-09-18T10:53:17.107] TX r

[HOST 2026-09-18T10:53:17.107] TX s

[HOST 2026-09-18T10:53:17.107] TX r

[HOST 2026-09-18T10:53:17.107] TX s

[HOST 2026-09-18T10:53:17.107] TX d

[HOST 2026-09-18T10:53:17.107] Serial capture ended

[HOST 2026-09-18T10:53:29.737] Serial opened; DTR/RTS false; lease 3600 seconds

[HOST 2026-09-18T10:53:38.680] TX r
# r: no latched fault

[HOST 2026-09-18T10:53:39.613] TX s
# DIAG active: status suppressed
SPIN#2 START dir=-1 omega=-0.206 wedge=8
SPIN#2 RELEASE speed=0.351 peak=0.382 angle=96.8
SPIN#2 RESERVE targetW=10 targetAngle=310.2 runway=146.5 natStop=148.5 speed=0.351 q=3 urgent=0
SPIN#2 CAPTURE fasDir=+1 wheel=0.339 cmd0=0.322 hz=1031 aPlan=0.1368(438 sps2) aFas=3504 remain=136.8
FAULT code=MOTOR_FIGHT detail=wheel far below field speed state=CONTROLLED_DECEL angle=72.1 wedge=2 omega=-0.063 cmd=0.041
SPIN#2 SUMMARY dir=-1 peak=0.382 releaseMs=1243 relAngle=96.8 relSpeed=0.351 targetW=10 targetAngle=310.2 runway=146.5 natStop=148.5 fricC=0.5500 fricB=0.2800 tkSpeed=0.339 cmdMax=0.322 cmdMin=0.041 rise=0.058 maxDecel=9.867 final=200.5 finalW=6 err=109.7 quality=3 result=FAULTED fault=MOTOR_FIGHT fitRej=0 fitsCW=0 fitsCCW=0
# DIAG columns: done_us,dt_good_us,raw,delta,counts,i2c_us,omega_mrev,window_mrev,cmd_mrev,fas_mrev,remain_ddeg,flags_hex,state,stage,current_ma
D,1270838288,1019,1243,0,-9347,282,12,8,0,0,0,01,0,0,0
D,1270839264,976,1243,0,-9347,257,12,8,0,0,0,01,0,0,0
D,1270840272,1008,1243,0,-9347,260,12,8,0,0,0,01,0,0,0
D,1270841293,1021,1243,0,-9347,282,12,8,0,0,0,01,0,0,0
D,1270842251,958,1243,0,-9347,243,12,8,0,0,0,01,0,0,0
D,1270843231,980,1243,0,-9347,225,11,8,0,0,0,01,0,0,0
D,1270844230,999,1243,0,-9347,224,11,8,0,0,0,01,0,0,0
D,1270845236,1006,1242,-1,-9346,224,11,16,0,0,0,01,0,0,0
D,1270846245,1009,1242,0,-9346,235,12,16,0,0,0,01,0,0,0
D,1270847231,986,1242,0,-9346,225,12,16,0,0,0,01,0,0,0
D,1270848230,999,1242,0,-9346,224,12,16,0,0,0,01,0,0,0
D,1270849258,1028,1242,0,-9346,243,12,16,0,0,0,01,0,0,0
D,1270850339,1081,1242,0,-9346,326,12,16,0,0,0,01,0,0,0
D,1270851356,1017,1242,0,-9346,344,12,16,0,0,0,01,0,0,0
D,1270852275,919,1242,0,-9346,261,13,16,0,0,0,01,0,0,0
D,1270853262,987,1242,0,-9346,252,13,16,0,0,0,01,0,0,0
D,1270854279,1017,1242,0,-9346,274,13,16,0,0,0,01,0,0,0
D,1270855265,986,1242,0,-9346,253,13,16,0,0,0,01,0,0,0
D,1270856264,999,1242,0,-9346,257,13,8,0,0,0,01,0,0,0
D,1270857270,1006,1242,0,-9346,252,13,8,0,0,0,01,0,0,0
D,1270858292,1022,1242,0,-9346,272,12,8,0,0,0,01,0,0,0
D,1270859260,968,1242,0,-9346,253,12,8,0,0,0,01,0,0,0
D,1270860270,1010,1242,0,-9346,257,12,8,0,0,0,01,0,0,0
D,1270861293,1023,1242,0,-9346,281,12,8,0,0,0,01,0,0,0
D,1270862249,956,1242,0,-9346,241,12,8,0,0,0,01,0,0,0
D,1270863239,990,1242,0,-9346,225,12,8,0,0,0,01,0,0,0
D,1270864235,996,1241,-1,-9345,225,12,16,0,0,0,01,0,0,0
D,1270865241,1006,1241,0,-9345,225,12,16,0,0,0,01,0,0,0
D,1270866251,1010,1241,0,-9345,235,12,16,0,0,0,01,0,0,0
D,1270867236,985,1241,0,-9345,225,12,16,0,0,0,01,0,0,0
D,1270868233,997,1241,0,-9345,224,12,16,0,0,0,01,0,0,0
D,1270869256,1023,1241,0,-9345,240,13,16,0,0,0,01,0,0,0
D,1270870342,1086,1241,0,-9345,329,13,16,0,0,0,01,0,0,0
D,1270871356,1014,1241,0,-9345,336,13,16,0,0,0,01,0,0,0
D,1270872272,916,1241,0,-9345,261,13,16,0,0,0,01,0,0,0
D,1270873257,985,1241,0,-9345,252,13,16,0,0,0,01,0,0,0
D,1270874284,1027,1241,0,-9345,271,13,16,0,0,0,01,0,0,0
D,1270875263,979,1241,0,-9345,255,13,8,0,0,0,01,0,0,0
D,1270876273,1010,1241,0,-9345,253,13,8,0,0,0,01,0,0,0
D,1270877267,994,1241,0,-9345,251,13,8,0,0,0,01,0,0,0
D,1270878287,1020,1241,0,-9345,274,12,8,0,0,0,01,0,0,0
D,1270879260,973,1241,0,-9345,254,12,8,0,0,0,01,0,0,0
D,1270880266,1006,1241,0,-9345,257,12,8,0,0,0,01,0,0,0
D,1270881292,1026,1241,0,-9345,284,12,8,0,0,0,01,0,0,0
D,1270882256,964,1241,0,-9345,238,12,8,0,0,0,01,0,0,0
D,1270883234,978,1241,0,-9345,225,12,8,0,0,0,01,0,0,0
D,1270884233,999,1241,0,-9345,224,11,8,0,0,0,01,0,0,0
D,1270885239,1006,1241,0,-9345,225,11,8,0,0,0,01,0,0,0
D,1270886247,1008,1240,-1,-9344,237,12,16,0,0,0,01,0,0,0
D,1270887234,987,1240,0,-9344,225,12,16,0,0,0,01,0,0,0
D,1270888233,999,1240,0,-9344,224,12,16,0,0,0,01,0,0,0
D,1270889258,1025,1240,0,-9344,243,12,16,0,0,0,01,0,0,0
D,1270890343,1085,1240,0,-9344,325,12,16,0,0,0,01,0,0,0
D,1270891351,1008,1240,0,-9344,343,12,16,0,0,0,01,0,0,0
D,1270892272,921,1240,0,-9344,261,12,16,0,0,0,01,0,0,0
D,1270893257,985,1240,0,-9344,252,13,16,0,0,0,01,0,0,0
D,1270894283,1026,1240,0,-9344,269,12,8,0,0,0,01,0,0,0
D,1270895260,977,1240,0,-9344,253,12,8,0,0,0,01,0,0,0
D,1270896273,1013,1240,0,-9344,253,12,8,0,0,0,01,0,0,0
D,1270897267,994,1240,0,-9344,251,12,8,0,0,0,01,0,0,0
D,1270898284,1017,1240,0,-9344,278,12,8,0,0,0,01,0,0,0
D,1270899265,981,1240,0,-9344,253,12,8,0,0,0,01,0,0,0
D,1270900276,1011,1240,0,-9344,259,12,8,0,0,0,01,0,0,0
D,1270901295,1019,1240,0,-9344,280,11,8,0,0,0,01,0,0,0
D,1270902256,961,1240,0,-9344,238,11,8,0,0,0,01,0,0,0
D,1270903234,978,1240,0,-9344,225,11,8,0,0,0,01,0,0,0
D,1270904233,999,1239,-1,-9343,224,11,16,0,0,0,01,0,0,0
D,1270905240,1007,1239,0,-9343,224,11,16,0,0,0,01,0,0,0
D,1270906249,1009,1239,0,-9343,237,12,16,0,0,0,01,0,0,0
D,1270907237,988,1239,0,-9343,225,12,16,0,0,0,01,0,0,0
D,1270908233,996,1239,0,-9343,224,12,16,0,0,0,01,0,0,0
D,1270909260,1027,1239,0,-9343,242,12,16,0,0,0,01,0,0,0
D,1270910344,1084,1239,0,-9343,329,12,16,0,0,0,01,0,0,0
D,1270911344,1000,1239,0,-9343,335,12,16,0,0,0,01,0,0,0
D,1270912273,929,1239,0,-9343,262,13,16,0,0,0,01,0,0,0
D,1270913260,987,1239,0,-9343,252,13,16,0,0,0,01,0,0,0
D,1270914284,1024,1239,0,-9343,271,13,16,0,0,0,01,0,0,0
D,1270915263,979,1239,0,-9343,255,13,16,0,0,0,01,0,0,0
D,1270916273,1010,1239,0,-9343,253,13,8,0,0,0,01,0,0,0
D,1270917267,994,1239,0,-9343,251,13,8,0,0,0,01,0,0,0
D,1270918291,1024,1239,0,-9343,277,12,8,0,0,0,01,0,0,0
D,1270919263,972,1239,0,-9343,255,12,8,0,0,0,01,0,0,0
D,1270920270,1007,1239,0,-9343,257,12,8,0,0,0,01,0,0,0
D,1270921291,1021,1239,0,-9343,283,12,8,0,0,0,01,0,0,0
D,1270922256,965,1239,0,-9343,238,12,8,0,0,0,01,0,0,0
D,1270923234,978,1239,0,-9343,225,12,8,0,0,0,01,0,0,0
D,1270924233,999,1239,0,-9343,224,11,8,0,0,0,01,0,0,0
D,1270925239,1006,1239,0,-9343,225,11,8,0,0,0,01,0,0,0
D,1270926247,1008,1238,-1,-9342,237,12,16,0,0,0,01,0,0,0
D,1270927234,987,1238,0,-9342,225,12,16,0,0,0,01,0,0,0
D,1270928233,999,1238,0,-9342,224,12,16,0,0,0,01,0,0,0
D,1270929259,1026,1238,0,-9342,244,12,16,0,0,0,01,0,0,0
D,1270930344,1085,1238,0,-9342,326,12,16,0,0,0,01,0,0,0
D,1270931350,1006,1238,0,-9342,343,12,16,0,0,0,01,0,0,0
D,1270932267,917,1238,0,-9342,260,12,16,0,0,0,01,0,0,0
D,1270933268,1001,1238,0,-9342,251,13,16,0,0,0,01,0,0,0
D,1270934286,1018,1238,0,-9342,268,12,8,0,0,0,01,0,0,0
D,1270935257,971,1238,0,-9342,251,12,8,0,0,0,01,0,0,0
D,1270936269,1012,1238,0,-9342,263,12,8,0,0,0,01,0,0,0
D,1270937258,989,1238,0,-9342,252,12,8,0,0,0,01,0,0,0
D,1270938281,1023,1238,0,-9342,272,12,8,0,0,0,01,0,0,0
D,1270939263,982,1238,0,-9342,255,12,8,0,0,0,01,0,0,0
D,1270940264,1001,1238,0,-9342,256,12,8,0,0,0,01,0,0,0
D,1270941298,1034,1237,-1,-9341,282,12,16,0,0,0,01,0,0,0
D,1270942255,957,1237,0,-9341,239,12,16,0,0,0,01,0,0,0
D,1270943234,979,1237,0,-9341,225,12,16,0,0,0,01,0,0,0
D,1270944233,999,1237,0,-9341,224,12,16,0,0,0,01,0,0,0
D,1270945240,1007,1237,0,-9341,225,12,16,0,0,0,01,0,0,0
D,1270946249,1009,1237,0,-9341,238,12,16,0,0,0,01,0,0,0
D,1270947237,988,1237,0,-9341,225,13,16,0,0,0,01,0,0,0
D,1270948233,996,1237,0,-9341,224,13,16,0,0,0,01,0,0,0
D,1270949249,1016,1237,0,-9341,243,13,16,0,0,0,01,0,0,0
D,1270950341,1092,1237,0,-9341,329,13,16,0,0,0,01,0,0,0
D,1270951356,1015,1237,0,-9341,335,13,16,0,0,0,01,0,0,0
D,1270952274,918,1237,0,-9341,259,13,16,0,0,0,01,0,0,0
D,1270953264,990,1237,0,-9341,253,13,16,0,0,0,01,0,0,0
D,1270954287,1023,1237,0,-9341,274,13,16,0,0,0,01,0,0,0
D,1270955261,974,1237,0,-9341,254,14,16,0,0,0,01,0,0,0
D,1270956276,1015,1237,0,-9341,257,13,8,0,0,0,01,0,0,0
D,1270957257,981,1237,0,-9341,252,13,8,0,0,0,01,0,0,0
D,1270958286,1029,1237,0,-9341,278,13,8,0,0,0,01,0,0,0
D,1270959280,994,1237,0,-9341,262,13,8,0,0,0,01,0,0,0
D,1270960268,988,1237,0,-9341,259,13,8,0,0,0,01,0,0,0
D,1270961290,1022,1237,0,-9341,285,12,8,0,0,0,01,0,0,0
D,1270962257,967,1237,0,-9341,240,12,8,0,0,0,01,0,0,0
D,1270963235,978,1237,0,-9341,226,12,8,0,0,0,01,0,0,0
D,1270964233,998,1237,0,-9341,224,12,8,0,0,0,01,0,0,0
D,1270965240,1007,1236,-1,-9340,225,12,16,0,0,0,01,0,0,0
D,1270966249,1009,1236,0,-9340,237,12,16,0,0,0,01,0,0,0
D,1270967236,987,1236,0,-9340,225,12,16,0,0,0,01,0,0,0
D,1270968233,997,1236,0,-9340,224,12,16,0,0,0,01,0,0,0
D,1270969251,1018,1236,0,-9340,244,13,16,0,0,0,01,0,0,0
D,1270970345,1094,1236,0,-9340,329,13,16,0,0,0,01,0,0,0
D,1270971351,1006,1236,0,-9340,340,13,8,0,0,0,01,0,0,0
D,1270972277,926,1236,0,-9340,261,12,8,0,0,0,01,0,0,0
D,1270973261,984,1236,0,-9340,251,12,8,0,0,0,01,0,0,0
D,1270974286,1025,1236,0,-9340,271,12,8,0,0,0,01,0,0,0
D,1270975264,978,1236,0,-9340,255,12,8,0,0,0,01,0,0,0
D,1270976262,998,1236,0,-9340,254,12,8,0,0,0,01,0,0,0
D,1270977259,997,1236,0,-9340,251,12,8,0,0,0,01,0,0,0
D,1270978293,1034,1236,0,-9340,283,11,8,0,0,0,01,0,0,0
D,1270979277,984,1236,0,-9340,259,11,8,0,0,0,01,0,0,0
D,1270980273,996,1236,0,-9340,261,11,8,0,0,0,01,0,0,0
D,1270981293,1020,1236,0,-9340,278,11,8,0,0,0,01,0,0,0
D,1270982256,963,1236,0,-9340,239,11,8,0,0,0,01,0,0,0
D,1270983235,979,1235,-1,-9339,226,11,16,0,0,0,01,0,0,0
D,1270984233,998,1235,0,-9339,224,11,16,0,0,0,01,0,0,0
D,1270985240,1007,1235,0,-9339,225,12,16,0,0,0,01,0,0,0
D,1270986249,1009,1235,0,-9339,237,12,16,0,0,0,01,0,0,0
D,1270987237,988,1235,0,-9339,225,12,16,0,0,0,01,0,0,0
D,1270988233,996,1235,0,-9339,224,12,16,0,0,0,01,0,0,0
D,1270989260,1027,1235,0,-9339,246,12,16,0,0,0,01,0,0,0
D,1270990347,1087,1235,0,-9339,335,12,16,0,0,0,01,0,0,0
D,1270991348,1001,1235,0,-9339,338,12,16,0,0,0,01,0,0,0
D,1270992272,924,1235,0,-9339,260,13,16,0,0,0,01,0,0,0
D,1270993261,989,1235,0,-9339,250,13,16,0,0,0,01,0,0,0
D,1270994289,1028,1235,0,-9339,272,13,16,0,0,0,01,0,0,0
D,1270995263,974,1235,0,-9339,254,13,8,0,0,0,01,0,0,0
D,1270996268,1005,1235,0,-9339,251,13,8,0,0,0,01,0,0,0
D,1270997257,989,1235,0,-9339,252,12,8,0,0,0,01,0,0,0
D,1270998293,1036,1235,0,-9339,278,12,8,0,0,0,01,0,0,0
D,1270999263,970,1235,0,-9339,254,12,8,0,0,0,01,0,0,0
D,1271000271,1008,1235,0,-9339,257,12,8,0,0,0,01,0,0,0
D,1271001296,1025,1235,0,-9339,285,12,8,0,0,0,01,0,0,0
D,1271002255,959,1234,-1,-9338,239,12,16,0,0,0,01,0,0,0
D,1271003234,979,1234,0,-9338,225,12,16,0,0,0,01,0,0,0
D,1271004233,999,1234,0,-9338,224,12,16,0,0,0,01,0,0,0
D,1271005239,1006,1234,0,-9338,225,12,16,0,0,0,01,0,0,0
D,1271006248,1009,1234,0,-9338,238,12,16,0,0,0,01,0,0,0
D,1271007235,987,1234,0,-9338,225,13,16,0,0,0,01,0,0,0
D,1271008233,998,1234,0,-9338,224,13,16,0,0,0,01,0,0,0
D,1271009262,1029,1234,0,-9338,244,13,16,0,0,0,01,0,0,0
D,1271010331,1069,1234,0,-9338,326,13,16,0,0,0,01,0,0,0
D,1271011360,1029,1234,0,-9338,343,13,16,0,0,0,01,0,0,0
D,1271012276,916,1234,0,-9338,260,13,16,0,0,0,01,0,0,0
D,1271013265,989,1234,0,-9338,253,13,8,0,0,0,01,0,0,0
D,1271014279,1014,1234,0,-9338,273,13,8,0,0,0,01,0,0,0
D,1271015266,987,1234,0,-9338,254,13,8,0,0,0,01,0,0,0
D,1271016270,1004,1234,0,-9338,264,12,8,0,0,0,01,0,0,0
D,1271017264,994,1234,0,-9338,254,12,8,0,0,0,01,0,0,0
D,1271018293,1029,1234,0,-9338,275,12,8,0,0,0,01,0,0,0
D,1271019259,966,1234,0,-9338,254,12,8,0,0,0,01,0,0,0
D,1271020269,1010,1234,0,-9338,258,12,8,0,0,0,01,0,0,0
D,1271021288,1019,1234,0,-9338,280,12,8,0,0,0,01,0,0,0
D,1271022259,971,1234,0,-9338,241,11,8,0,0,0,01,0,0,0
D,1271023235,976,1233,-1,-9337,225,12,16,0,0,0,01,0,0,0
D,1271024233,998,1233,0,-9337,224,12,16,0,0,0,01,0,0,0
D,1271025240,1007,1233,0,-9337,224,12,16,0,0,0,01,0,0,0
D,1271026249,1009,1233,0,-9337,237,12,16,0,0,0,01,0,0,0
D,1271027237,988,1233,0,-9337,225,12,16,0,0,0,01,0,0,0
D,1271028233,996,1233,0,-9337,224,12,16,0,0,0,01,0,0,0
D,1271029249,1016,1233,0,-9337,242,13,16,0,0,0,01,0,0,0
D,1271030345,1096,1233,0,-9337,331,13,16,0,0,0,01,0,0,0
D,1271031344,999,1233,0,-9337,334,13,16,0,0,0,01,0,0,0
D,1271032276,932,1233,0,-9337,261,13,8,0,0,0,01,0,0,0
D,1271033262,986,1233,0,-9337,253,12,8,0,0,0,01,0,0,0
D,1271034291,1029,1233,0,-9337,272,12,8,0,0,0,01,0,0,0
D,1271035267,976,1233,0,-9337,255,12,8,0,0,0,01,0,0,0
D,1271036268,1001,1233,0,-9337,263,12,8,0,0,0,01,0,0,0
D,1271037264,996,1233,0,-9337,254,12,8,0,0,0,01,0,0,0
D,1271038296,1032,1233,0,-9337,273,12,8,0,0,0,01,0,0,0
D,1271039265,969,1233,0,-9337,255,12,8,0,0,0,01,0,0,0
D,1271040276,1011,1233,0,-9337,259,11,8,0,0,0,01,0,0,0
D,1271041300,1024,1233,0,-9337,285,11,8,0,0,0,01,0,0,0
D,1271042248,948,1233,0,-9337,240,11,8,0,0,0,01,0,0,0
D,1271043238,990,1233,0,-9337,226,11,8,0,0,0,01,0,0,0
D,1271044234,996,1233,0,-9337,224,11,8,0,0,0,01,0,0,0
D,1271045240,1006,1233,0,-9337,224,11,8,0,0,0,01,0,0,0
D,1271046251,1011,1233,0,-9337,235,11,8,0,0,0,01,0,0,0
D,1271047236,985,1232,-1,-9336,225,11,16,0,0,0,01,0,0,0
D,1271048233,997,1232,0,-9336,224,11,16,0,0,0,01,0,0,0
D,1271049250,1017,1232,0,-9336,244,11,16,0,0,0,01,0,0,0
D,1271050342,1092,1232,0,-9336,326,11,16,0,0,0,01,0,0,0
D,1271051356,1014,1232,0,-9336,343,12,16,0,0,0,01,0,0,0
D,1271052277,921,1232,0,-9336,260,12,16,0,0,0,01,0,0,0
D,1271053266,989,1232,0,-9336,252,12,8,0,0,0,01,0,0,0
D,1271054290,1024,1232,0,-9336,271,12,8,0,0,0,01,0,0,0
D,1271055261,971,1232,0,-9336,254,11,8,0,0,0,01,0,0,0
D,1271056269,1008,1232,0,-9336,264,11,8,0,0,0,01,0,0,0
D,1271057265,996,1232,0,-9336,254,11,8,0,0,0,01,0,0,0
D,1271058294,1029,1232,0,-9336,270,11,8,0,0,0,01,0,0,0
D,1271059263,969,1232,0,-9336,257,11,8,0,0,0,01,0,0,0
D,1271060270,1007,1232,0,-9336,257,11,8,0,0,0,01,0,0,0
D,1271061289,1019,1232,0,-9336,281,11,8,0,0,0,01,0,0,0
D,1271062248,959,1232,0,-9336,240,11,8,0,0,0,01,0,0,0
D,1271063238,990,1232,0,-9336,225,10,8,0,0,0,01,0,0,0
D,1271064233,995,1232,0,-9336,224,10,8,0,0,0,01,0,0,0
D,1271065240,1007,1232,0,-9336,225,10,8,0,0,0,01,0,0,0
D,1271066251,1011,1232,0,-9336,235,10,8,0,0,0,01,0,0,0
D,1271067236,985,1232,0,-9336,225,10,8,0,0,0,01,0,0,0
D,1271068233,997,1232,0,-9336,224,10,8,0,0,0,01,0,0,0
D,1271069250,1017,1231,-1,-9335,243,10,16,0,0,0,01,0,0,0
D,1271070345,1095,1231,0,-9335,331,10,16,0,0,0,01,0,0,0
D,1271071342,997,1231,0,-9335,334,11,16,0,0,0,01,0,0,0
D,1271072275,933,1231,0,-9335,261,11,16,0,0,0,01,0,0,0
D,1271073261,986,1231,0,-9335,252,11,16,0,0,0,01,0,0,0
D,1271074291,1030,1231,0,-9335,272,11,16,0,0,0,01,0,0,0
D,1271075261,970,1231,0,-9335,254,12,16,0,0,0,01,0,0,0
D,1271076274,1013,1231,0,-9335,252,12,16,0,0,0,01,0,0,0
D,1271077265,991,1231,0,-9335,252,12,8,0,0,0,01,0,0,0
D,1271078299,1034,1231,0,-9335,278,11,8,0,0,0,01,0,0,0
D,1271079265,966,1231,0,-9335,254,11,8,0,0,0,01,0,0,0
D,1271080276,1011,1231,0,-9335,259,11,8,0,0,0,01,0,0,0
D,1271081296,1020,1231,0,-9335,284,11,8,0,0,0,01,0,0,0
D,1271082256,960,1231,0,-9335,239,11,8,0,0,0,01,0,0,0
D,1271083235,979,1231,0,-9335,226,11,8,0,0,0,01,0,0,0
D,1271084233,998,1231,0,-9335,224,11,8,0,0,0,01,0,0,0
D,1271085240,1007,1231,0,-9335,224,11,8,0,0,0,01,0,0,0
D,1271086249,1009,1231,0,-9335,237,10,8,0,0,0,01,0,0,0
D,1271087236,987,1231,0,-9335,225,10,8,0,0,0,01,0,0,0
D,1271088233,997,1231,0,-9335,224,10,8,0,0,0,01,0,0,0
D,1271089250,1017,1231,0,-9335,243,10,8,0,0,0,01,0,0,0
D,1271090343,1093,1231,0,-9335,327,10,8,0,0,0,01,0,0,0
D,1271091352,1009,1231,0,-9335,341,10,8,0,0,0,01,0,0,0
D,1271092276,924,1230,-1,-9334,263,10,16,0,0,0,01,0,0,0
D,1271093269,993,1230,0,-9334,252,10,16,0,0,0,01,0,0,0
D,1271094292,1023,1230,0,-9334,275,11,16,0,0,0,01,0,0,0
D,1271095266,974,1230,0,-9334,255,11,16,0,0,0,01,0,0,0
D,1271096262,996,1230,0,-9334,257,11,16,0,0,0,01,0,0,0
D,1271097259,997,1230,0,-9334,253,11,16,0,0,0,01,0,0,0
D,1271098301,1042,1230,0,-9334,287,12,16,0,0,0,01,0,0,0
D,1271099268,967,1230,0,-9334,262,11,8,0,0,0,01,0,0,0
D,1271100274,1006,1230,0,-9334,266,11,8,0,0,0,01,0,0,0
D,1271101283,1009,1230,0,-9334,278,11,8,0,0,0,01,0,0,0
D,1271102255,972,1230,0,-9334,238,11,8,0,0,0,01,0,0,0
D,1271103234,979,1230,0,-9334,225,11,8,0,0,0,01,0,0,0
D,1271104233,999,1230,0,-9334,224,11,8,0,0,0,01,0,0,0
D,1271105240,1007,1230,0,-9334,225,11,8,0,0,0,01,0,0,0
D,1271106249,1009,1230,0,-9334,237,11,8,0,0,0,01,0,0,0
D,1271107237,988,1230,0,-9334,226,10,8,0,0,0,01,0,0,0
D,1271108233,996,1230,0,-9334,224,10,8,0,0,0,01,0,0,0
D,1271109261,1028,1230,0,-9334,245,10,8,0,0,0,01,0,0,0
D,1271110347,1086,1230,0,-9334,331,10,8,0,0,0,01,0,0,0
D,1271111342,995,1230,0,-9334,334,10,8,0,0,0,01,0,0,0
D,1271112269,927,1230,0,-9334,261,10,8,0,0,0,01,0,0,0
D,1271113269,1000,1230,0,-9334,251,10,8,0,0,0,01,0,0,0
D,1271114286,1017,1230,0,-9334,273,10,8,0,0,0,01,0,0,0
D,1271115270,984,1230,0,-9334,253,10,8,0,0,0,01,0,0,0
D,1271116266,996,1230,0,-9334,257,10,8,0,0,0,01,0,0,0
D,1271117268,1002,1230,0,-9334,252,10,8,0,0,0,01,0,0,0
D,1271118292,1024,1230,0,-9334,274,10,8,0,0,0,01,0,0,0
D,1271119271,979,1230,0,-9334,253,10,8,0,0,0,01,0,0,0
D,1271120275,1004,1230,0,-9334,258,9,8,0,0,0,01,0,0,0
D,1271121294,1019,1230,0,-9334,282,9,8,0,0,0,01,0,0,0
D,1271122254,960,1230,0,-9334,238,9,8,0,0,0,01,0,0,0
D,1271123231,977,1230,0,-9334,225,9,0,0,0,0,01,0,0,0
D,1271124230,999,1230,0,-9334,224,9,0,0,0,0,01,0,0,0
D,1271125236,1006,1230,0,-9334,224,8,0,0,0,0,01,0,0,0
D,1271126244,1008,1229,-1,-9333,238,8,8,0,0,0,01,0,0,0
D,1271127234,990,1229,0,-9333,225,8,8,0,0,0,01,0,0,0
D,1271128233,999,1229,0,-9333,224,8,8,0,0,0,01,0,0,0
D,1271129259,1026,1229,0,-9333,244,8,8,0,0,0,01,0,0,0
D,1271130345,1086,1229,0,-9333,329,8,8,0,0,0,01,0,0,0
D,1271131349,1004,1229,0,-9333,341,8,8,0,0,0,01,0,0,0
D,1271132272,923,1229,0,-9333,260,8,8,0,0,0,01,0,0,0
D,1271133260,988,1229,0,-9333,252,8,8,0,0,0,01,0,0,0
D,1271134287,1027,1229,0,-9333,272,8,8,0,0,0,01,0,0,0
D,1271135260,973,1229,0,-9333,253,8,8,0,0,0,01,0,0,0
D,1271136273,1013,1229,0,-9333,254,8,8,0,0,0,01,0,0,0
D,1271137267,994,1229,0,-9333,251,8,8,0,0,0,01,0,0,0
D,1271138285,1018,1229,0,-9333,276,8,8,0,0,0,01,0,0,0
D,1271139257,972,1229,0,-9333,252,8,8,0,0,0,01,0,0,0
D,1271140276,1019,1229,0,-9333,260,8,8,0,0,0,01,0,0,0
D,1271141295,1019,1229,0,-9333,282,8,8,0,0,0,01,0,0,0
D,1271142256,961,1229,0,-9333,238,8,8,0,0,0,01,0,0,0
D,1271143234,978,1229,0,-9333,225,8,8,0,0,0,01,0,0,0
D,1271144233,999,1229,0,-9333,224,8,8,0,0,0,01,0,0,0
D,1271145240,1007,1229,0,-9333,225,8,8,0,0,0,01,0,0,0
D,1271146249,1009,1229,0,-9333,237,8,8,0,0,0,01,0,0,0
D,1271147237,988,1229,0,-9333,226,8,8,0,0,0,01,0,0,0
D,1271148233,996,1229,0,-9333,224,8,8,0,0,0,01,0,0,0
D,1271149258,1025,1229,0,-9333,242,8,8,0,0,0,01,0,0,0
D,1271150341,1083,1229,0,-9333,325,8,8,0,0,0,01,0,0,0
D,1271151341,1000,1229,0,-9333,335,8,8,0,0,0,01,0,0,0
D,1271152271,930,1229,0,-9333,261,8,8,0,0,0,01,0,0,0
D,1271153258,987,1229,0,-9333,253,8,8,0,0,0,01,0,0,0
D,1271154288,1030,1229,0,-9333,274,8,8,0,0,0,01,0,0,0
D,1271155261,973,1228,-1,-9332,252,8,16,0,0,0,01,0,0,0
D,1271156269,1008,1228,0,-9332,261,8,8,0,0,0,01,0,0,0
D,1271157262,993,1228,0,-9332,253,8,8,0,0,0,01,0,0,0
D,1271158291,1029,1228,0,-9332,275,8,8,0,0,0,01,0,0,0
D,1271159263,972,1228,0,-9332,255,8,8,0,0,0,01,0,0,0
D,1271160270,1007,1228,0,-9332,257,8,8,0,0,0,01,0,0,0
D,1271161290,1020,1228,0,-9332,282,8,8,0,0,0,01,0,0,0
D,1271162258,968,1228,0,-9332,240,8,8,0,0,0,01,0,0,0
D,1271163234,976,1228,0,-9332,225,8,8,0,0,0,01,0,0,0
D,1271164233,999,1228,0,-9332,224,8,8,0,0,0,01,0,0,0
D,1271165239,1006,1228,0,-9332,224,8,8,0,0,0,01,0,0,0
D,1271166249,1010,1228,0,-9332,237,8,8,0,0,0,01,0,0,0
D,1271167236,987,1228,0,-9332,225,8,8,0,0,0,01,0,0,0
D,1271168233,997,1228,0,-9332,224,8,8,0,0,0,01,0,0,0
D,1271169263,1030,1228,0,-9332,245,8,8,0,0,0,01,0,0,0
D,1271170343,1080,1228,0,-9332,327,8,8,0,0,0,01,0,0,0
D,1271171351,1008,1228,0,-9332,343,8,8,0,0,0,01,0,0,0
D,1271172269,918,1228,0,-9332,258,8,8,0,0,0,01,0,0,0
D,1271173271,1002,1228,0,-9332,253,8,8,0,0,0,01,0,0,0
D,1271174288,1017,1228,0,-9332,274,8,8,0,0,0,01,0,0,0
D,1271175260,972,1228,0,-9332,253,8,8,0,0,0,01,0,0,0
D,1271176271,1011,1228,0,-9332,252,8,8,0,0,0,01,0,0,0
D,1271177263,992,1228,0,-9332,252,8,8,0,0,0,01,0,0,0
D,1271178292,1029,1228,0,-9332,276,8,8,0,0,0,01,0,0,0
D,1271179260,968,1228,0,-9332,253,8,8,0,0,0,01,0,0,0
D,1271180268,1008,1228,0,-9332,256,8,8,0,0,0,01,0,0,0
D,1271181297,1029,1228,0,-9332,282,8,8,0,0,0,01,0,0,0
D,1271182249,952,1228,0,-9332,241,8,8,0,0,0,01,0,0,0
D,1271183239,990,1228,0,-9332,225,8,8,0,0,0,01,0,0,0
D,1271184235,996,1228,0,-9332,225,8,8,0,0,0,01,0,0,0
D,1271185241,1006,1228,0,-9332,225,8,8,0,0,0,01,0,0,0
D,1271186251,1010,1228,0,-9332,235,8,0,0,0,0,01,0,0,0
D,1271187235,984,1227,-1,-9331,225,8,8,0,0,0,01,0,0,0
D,1271188233,998,1227,0,-9331,224,8,8,0,0,0,01,0,0,0
D,1271189261,1028,1228,1,-9332,244,7,0,0,0,0,01,0,0,0
D,1271190345,1084,1228,0,-9332,328,7,0,0,0,0,01,0,0,0
D,1271191346,1001,1227,-1,-9331,339,7,8,0,0,0,01,0,0,0
D,1271192269,923,1227,0,-9331,259,7,8,0,0,0,01,0,0,0
D,1271193258,989,1227,0,-9331,253,7,8,0,0,0,01,0,0,0
D,1271194285,1027,1227,0,-9331,271,7,8,0,0,0,01,0,0,0
D,1271195259,974,1227,0,-9331,254,7,8,0,0,0,01,0,0,0
D,1271196272,1013,1227,0,-9331,251,7,8,0,0,0,01,0,0,0
D,1271197258,986,1227,0,-9331,253,7,8,0,0,0,01,0,0,0
D,1271198286,1028,1227,0,-9331,276,7,8,0,0,0,01,0,0,0
D,1271199270,984,1227,0,-9331,256,7,8,0,0,0,01,0,0,0
D,1271200267,997,1227,0,-9331,256,7,8,0,0,0,01,0,0,0
D,1271201291,1024,1227,0,-9331,283,7,8,0,0,0,01,0,0,0
D,1271202257,966,1227,0,-9331,239,8,8,0,0,0,01,0,0,0
D,1271203234,977,1227,0,-9331,225,8,8,0,0,0,01,0,0,0
D,1271204233,999,1227,0,-9331,224,8,8,0,0,0,01,0,0,0
D,1271205239,1006,1227,0,-9331,225,8,8,0,0,0,01,0,0,0
D,1271206248,1009,1227,0,-9331,238,8,8,0,0,0,01,0,0,0
D,1271207234,986,1227,0,-9331,225,8,8,0,0,0,01,0,0,0
D,1271208233,999,1227,0,-9331,224,8,8,0,0,0,01,0,0,0
D,1271209259,1026,1227,0,-9331,244,8,8,0,0,0,01,0,0,0
D,1271210344,1085,1227,0,-9331,328,8,8,0,0,0,01,0,0,0
D,1271211354,1010,1227,0,-9331,343,8,8,0,0,0,01,0,0,0
D,1271212272,918,1227,0,-9331,260,8,8,0,0,0,01,0,0,0
D,1271213260,988,1227,0,-9331,252,8,8,0,0,0,01,0,0,0
D,1271214289,1029,1227,0,-9331,273,8,8,0,0,0,01,0,0,0
D,1271215259,970,1227,0,-9331,254,8,8,0,0,0,01,0,0,0
D,1271216272,1013,1227,0,-9331,253,8,8,0,0,0,01,0,0,0
D,1271217263,991,1227,0,-9331,252,7,0,0,0,0,01,0,0,0
D,1271218293,1030,1227,0,-9331,276,7,0,0,0,0,01,0,0,0
D,1271219259,966,1227,0,-9331,253,7,0,0,0,0,01,0,0,0
D,1271220267,1008,1227,0,-9331,257,7,8,0,0,0,01,0,0,0
D,1271221295,1028,1227,0,-9331,280,7,8,0,0,0,01,0,0,0
D,1271222256,961,1227,0,-9331,238,7,0,0,0,0,01,0,0,0
D,1271223234,978,1227,0,-9331,225,6,0,0,0,0,01,0,0,0
D,1271224233,999,1227,0,-9331,224,6,0,0,0,0,01,0,0,0
D,1271225239,1006,1227,0,-9331,224,6,0,0,0,0,01,0,0,0
D,1271226249,1010,1227,0,-9331,237,6,0,0,0,0,01,0,0,0
D,1271227237,988,1227,0,-9331,226,5,0,0,0,0,01,0,0,0
D,1271228233,996,1227,0,-9331,224,5,0,0,0,0,01,0,0,0
D,1271229260,1027,1227,0,-9331,244,5,0,0,0,0,01,0,0,0
D,1271230345,1085,1227,0,-9331,329,5,0,0,0,0,01,0,0,0
D,1271231346,1001,1227,0,-9331,338,5,0,0,0,0,01,0,0,0
D,1271232273,927,1227,0,-9331,262,4,0,0,0,0,01,0,0,0
D,1271233261,988,1227,0,-9331,252,4,0,0,0,0,01,0,0,0
D,1271234288,1027,1227,0,-9331,275,4,0,0,0,0,01,0,0,0
D,1271235259,971,1227,0,-9331,252,4,0,0,0,0,01,0,0,0
D,1271236270,1011,1227,0,-9331,262,4,0,0,0,0,01,0,0,0
D,1271237262,992,1227,0,-9331,253,4,0,0,0,0,01,0,0,0
D,1271238291,1029,1227,0,-9331,275,4,0,0,0,0,01,0,0,0
D,1271239261,970,1227,0,-9331,254,3,0,0,0,0,01,0,0,0
D,1271240267,1006,1227,0,-9331,257,3,0,0,0,0,01,0,0,0
D,1271241290,1023,1227,0,-9331,282,3,0,0,0,0,01,0,0,0
D,1271242259,969,1227,0,-9331,241,3,0,0,0,0,01,0,0,0
D,1271243235,976,1227,0,-9331,226,3,0,0,0,0,01,0,0,0
D,1271244233,998,1227,0,-9331,224,3,0,0,0,0,01,0,0,0
D,1271245239,1006,1227,0,-9331,225,3,0,0,0,0,01,0,0,0
D,1271246248,1009,1227,0,-9331,238,3,0,0,0,0,01,0,0,0
D,1271247235,987,1227,0,-9331,225,2,0,0,0,0,01,0,0,0
D,1271248233,998,1227,0,-9331,224,2,0,0,0,0,01,0,0,0
D,1271249262,1029,1227,0,-9331,243,2,0,0,0,0,01,0,0,0
D,1271250345,1083,1227,0,-9331,329,2,0,0,0,0,01,0,0,0
D,1271251349,1004,1227,0,-9331,339,2,0,0,0,0,01,0,0,0
D,1271252274,925,1227,0,-9331,262,2,0,0,0,0,01,0,0,0
D,1271253263,989,1227,0,-9331,252,2,0,0,0,0,01,0,0,0
D,1271254284,1021,1227,0,-9331,279,2,0,0,0,0,01,0,0,0
D,1271255261,977,1227,0,-9331,255,2,0,0,0,0,01,0,0,0
D,1271256274,1013,1227,0,-9331,255,2,0,0,0,0,01,0,0,0
D,1271257263,989,1227,0,-9331,252,2,0,0,0,0,01,0,0,0
D,1271258297,1034,1227,0,-9331,279,2,0,0,0,0,01,0,0,0
D,1271259266,969,1227,0,-9331,255,2,0,0,0,0,01,0,0,0
D,1271260272,1006,1227,0,-9331,256,1,0,0,0,0,01,0,0,0
D,1271261296,1024,1227,0,-9331,283,1,0,0,0,0,01,0,0,0
D,1271262246,950,1227,0,-9331,238,1,0,0,0,0,01,0,0,0
D,1271263236,990,1227,0,-9331,225,1,0,0,0,0,01,0,0,0
D,1271264233,997,1227,0,-9331,224,1,0,0,0,0,01,0,0,0
D,1271265240,1007,1227,0,-9331,224,1,0,0,0,0,01,0,0,0
D,1271266251,1011,1227,0,-9331,235,1,0,0,0,0,01,0,0,0
D,1271267236,985,1227,0,-9331,225,1,0,0,0,0,01,0,0,0
D,1271268233,997,1227,0,-9331,224,1,0,0,0,0,01,0,0,0
D,1271269249,1016,1227,0,-9331,244,1,0,0,0,0,01,0,0,0
D,1271270346,1097,1227,0,-9331,329,1,0,0,0,0,01,0,0,0
D,1271271342,996,1227,0,-9331,333,1,0,0,0,0,01,0,0,0
D,1271272270,928,1227,0,-9331,261,1,0,0,0,0,01,0,0,0
D,1271273260,990,1227,0,-9331,250,1,0,0,0,0,01,0,0,0
D,1271274291,1031,1228,1,-9332,272,1,-8,0,0,0,01,0,0,0
D,1271275263,972,1228,0,-9332,254,0,-8,0,0,0,01,0,0,0
D,1271276274,1011,1227,-1,-9331,253,0,0,0,0,0,01,0,0,0
D,1271277259,985,1228,1,-9332,251,0,-8,0,0,0,01,0,0,0
D,1271278297,1038,1228,0,-9332,280,0,-8,0,0,0,01,0,0,0
D,1271279261,964,1228,0,-9332,250,-1,-8,0,0,0,01,0,0,0
D,1271280270,1009,1228,0,-9332,260,-1,-8,0,0,0,01,0,0,0
D,1271281290,1020,1228,0,-9332,285,-1,-8,0,0,0,01,0,0,0
D,1271282253,963,1228,0,-9332,239,-2,-8,0,0,0,01,0,0,0
D,1271283237,984,1228,0,-9332,228,-2,-8,0,0,0,01,0,0,0
D,1271284231,994,1228,0,-9332,224,-2,-8,0,0,0,01,0,0,0
D,1271285236,1005,1228,0,-9332,224,-2,-8,0,0,0,01,0,0,0
D,1271286243,1007,1228,0,-9332,235,-2,-8,0,0,0,01,0,0,0
D,1271287237,994,1228,0,-9332,228,-3,-8,0,0,0,01,0,0,0
D,1271288231,994,1228,0,-9332,225,-3,-8,0,0,0,01,0,0,0
D,1271289257,1026,1228,0,-9332,242,-3,-8,0,0,0,01,0,0,0
D,1271290339,1082,1228,0,-9332,323,-3,-8,0,0,0,01,0,0,0
D,1271291360,1021,1228,0,-9332,343,-4,-8,0,0,0,01,0,0,0
D,1271292271,911,1228,0,-9332,260,-4,-8,0,0,0,01,0,0,0
D,1271293263,992,1228,0,-9332,253,-4,-8,0,0,0,01,0,0,0
D,1271294293,1030,1229,1,-9333,273,-4,-16,0,0,0,01,0,0,0
D,1271295262,969,1229,0,-9333,253,-5,-16,0,0,0,01,0,0,0
D,1271296265,1003,1229,0,-9333,259,-5,-16,0,0,0,01,0,0,0
D,1271297261,996,1229,0,-9333,255,-6,-16,0,0,0,01,0,0,0
D,1271298290,1029,1229,0,-9333,274,-6,-16,0,0,0,01,0,0,0
D,1271299271,981,1229,0,-9333,253,-6,-16,0,0,0,01,0,0,0
D,1271300275,1004,1229,0,-9333,257,-7,-16,0,0,0,01,0,0,0
D,1271301290,1015,1229,0,-9333,280,-7,-16,0,0,0,01,0,0,0
D,1271302259,969,1229,0,-9333,241,-8,-16,0,0,0,01,0,0,0
D,1271303235,976,1229,0,-9333,225,-8,-16,0,0,0,01,0,0,0
D,1271304233,998,1229,0,-9333,224,-8,-16,0,0,0,01,0,0,0
D,1271305240,1007,1230,1,-9334,224,-8,-16,0,0,0,01,0,0,0
D,1271306249,1009,1230,0,-9334,237,-9,-16,0,0,0,01,0,0,0
D,1271307237,988,1230,0,-9334,225,-9,-24,0,0,0,01,0,0,0
D,1271308233,996,1230,0,-9334,224,-10,-16,0,0,0,01,0,0,0
D,1271309259,1026,1230,0,-9334,241,-10,-16,0,0,0,01,0,0,0
D,1271310345,1086,1230,0,-9334,329,-10,-16,0,0,0,01,0,0,0
D,1271311352,1007,1230,0,-9334,338,-10,-16,0,0,0,01,0,0,0
D,1271312276,924,1230,0,-9334,260,-11,-16,0,0,0,01,0,0,0
D,1271313268,992,1230,0,-9334,251,-11,-16,0,0,0,01,0,0,0
D,1271314282,1014,1230,0,-9334,271,-11,-16,0,0,0,01,0,0,0
D,1271315260,978,1230,0,-9334,254,-11,-16,0,0,0,01,0,0,0
D,1271316273,1013,1230,0,-9334,253,-11,-16,0,0,0,01,0,0,0
D,1271317270,997,1231,1,-9335,253,-12,-24,0,0,0,01,0,0,0
D,1271318289,1019,1231,0,-9335,278,-12,-24,0,0,0,01,0,0,0
D,1271319263,974,1231,0,-9335,255,-13,-24,0,0,0,01,0,0,0
D,1271320269,1006,1231,0,-9335,256,-13,-24,0,0,0,01,0,0,0
D,1271321291,1022,1231,0,-9335,283,-14,-24,0,0,0,01,0,0,0
D,1271322256,965,1231,0,-9335,238,-14,-24,0,0,0,01,0,0,0
D,1271323234,978,1232,1,-9336,225,-15,-32,0,0,0,01,0,0,0
D,1271324233,999,1232,0,-9336,224,-15,-32,0,0,0,01,0,0,0
D,1271325239,1006,1232,0,-9336,224,-16,-24,0,0,0,01,0,0,0
D,1271326249,1010,1232,0,-9336,237,-16,-24,0,0,0,01,0,0,0
D,1271327236,987,1232,0,-9336,225,-16,-24,0,0,0,01,0,0,0
D,1271328233,997,1232,0,-9336,224,-17,-24,0,0,0,01,0,0,0
D,1271329264,1031,1232,0,-9336,246,-17,-24,0,0,0,01,0,0,0
D,1271330345,1081,1233,1,-9337,329,-18,-32,0,0,0,01,0,0,0
D,1271331355,1010,1233,0,-9337,342,-18,-32,0,0,0,01,0,0,0
D,1271332271,916,1233,0,-9337,261,-19,-33,0,0,0,01,0,0,0
D,1271333257,986,1233,0,-9337,252,-19,-33,0,0,0,01,0,0,0
D,1271334288,1031,1233,0,-9337,273,-20,-32,0,0,0,01,0,0,0
D,1271335259,971,1234,1,-9338,253,-20,-33,0,0,0,01,0,0,0
D,1271336271,1012,1234,0,-9338,256,-21,-33,0,0,0,01,0,0,0
D,1271337261,990,1234,0,-9338,253,-21,-33,0,0,0,01,0,0,0
D,1271338293,1032,1234,0,-9338,278,-22,-32,0,0,0,01,0,0,0
D,1271339259,966,1234,0,-9338,253,-22,-33,0,0,0,01,0,0,0
D,1271340266,1007,1235,1,-9339,258,-23,-39,0,0,0,01,0,0,0
D,1271341284,1018,1235,0,-9339,279,-23,-39,0,0,0,01,0,0,0
D,1271342254,970,1235,0,-9339,238,-24,-40,0,0,0,01,0,0,0
D,1271343231,977,1235,0,-9339,225,-25,-39,0,0,0,01,0,0,0
D,1271344240,1009,1235,0,-9339,224,-25,-39,0,0,0,01,0,0,0
D,1271345233,993,1236,1,-9340,224,-26,-47,0,0,0,01,0,0,0
D,1271346243,1010,1236,0,-9340,238,-27,-47,0,0,0,01,0,0,0
D,1271347231,988,1236,0,-9340,225,-28,-47,0,0,0,01,0,0,0
D,1271348240,1009,1236,0,-9340,224,-28,-39,0,0,0,01,0,0,0
D,1271349253,1013,1237,1,-9341,243,-29,-47,0,0,0,01,0,0,0
D,1271350346,1093,1237,0,-9341,332,-30,-49,0,0,0,01,0,0,0
D,1271351354,1008,1237,0,-9341,336,-31,-49,0,0,0,01,0,0,0
D,1271352273,919,1237,0,-9341,265,-31,-49,0,0,0,01,1,0,0
D,1271353262,989,1237,0,-9341,257,-32,-41,0,0,0,01,1,0,0
D,1271354291,1029,1238,1,-9342,273,-32,-49,0,0,0,01,1,0,0
D,1271355278,987,1238,0,-9342,258,-33,-49,0,0,0,01,1,0,0
D,1271356281,1003,1238,0,-9342,262,-33,-49,0,0,0,01,1,0,0
D,1271357275,994,1238,0,-9342,257,-34,-49,0,0,0,01,1,0,0
D,1271358303,1028,1239,1,-9343,290,-35,-57,0,0,0,01,1,0,0
D,1271359266,963,1239,0,-9343,259,-36,-57,0,0,0,01,1,0,0
D,1271360272,1006,1239,0,-9343,260,-37,-55,0,0,0,01,1,0,0
D,1271361297,1025,1239,0,-9343,290,-37,-47,0,0,0,01,1,0,0
D,1271362265,968,1240,1,-9344,248,-38,-55,0,0,0,01,1,0,0
D,1271363251,986,1240,0,-9344,233,-38,-55,0,0,0,01,1,0,0
D,1271364245,994,1240,0,-9344,228,-39,-55,0,0,0,01,1,0,0
D,1271365234,989,1241,1,-9345,228,-40,-63,0,0,0,01,1,0,0
D,1271366259,1025,1241,0,-9345,243,-41,-55,0,0,0,01,1,0,0
D,1271367242,983,1241,0,-9345,234,-41,-55,0,0,0,01,1,0,0
D,1271368236,994,1242,1,-9346,228,-42,-63,0,0,0,01,1,0,0
D,1271369250,1014,1242,0,-9346,238,-43,-63,0,0,0,01,1,0,0
D,1271370340,1090,1242,0,-9346,327,-43,-57,0,0,0,01,1,0,0
D,1271371357,1017,1243,1,-9347,343,-44,-65,0,0,0,01,1,0,0
D,1271372285,928,1243,0,-9347,265,-45,-65,0,0,0,01,1,0,0
D,1271373273,988,1243,0,-9347,256,-46,-65,0,0,0,01,1,0,0
D,1271374286,1013,1243,0,-9347,274,-47,-65,0,0,0,01,1,0,0
D,1271375267,981,1244,1,-9348,259,-47,-65,0,0,0,01,1,0,0
D,1271376275,1008,1244,0,-9348,255,-48,-65,0,0,0,01,1,0,0
D,1271377268,993,1244,0,-9348,253,-49,-65,0,0,0,01,1,0,0
D,1271378294,1026,1245,1,-9349,289,-50,-73,0,0,0,01,1,0,0
D,1271379274,980,1245,0,-9349,257,-50,-65,0,0,0,01,1,0,0
D,1271380278,1004,1245,0,-9349,260,-51,-63,0,0,0,01,1,0,0
D,1271381296,1018,1246,1,-9350,286,-52,-71,0,0,0,01,1,0,0
D,1271382252,956,1246,0,-9350,244,-52,-71,0,0,0,01,1,0,0
D,1271383242,990,1246,0,-9350,234,-53,-71,0,0,0,01,1,0,0
D,1271384236,994,1247,1,-9351,228,-54,-79,0,0,0,01,1,0,0
D,1271385237,1001,1247,0,-9351,228,-55,-71,0,0,0,01,1,0,0
D,1271386258,1021,1248,1,-9352,242,-56,-79,0,0,0,01,1,0,0
D,1271387242,984,1248,0,-9352,233,-57,-79,0,0,0,01,1,0,0
D,1271388236,994,1248,0,-9352,228,-57,-79,0,0,0,01,1,0,0
D,1271389250,1014,1249,1,-9353,240,-58,-79,0,0,0,01,1,0,0
D,1271390325,1075,1249,0,-9353,316,-59,-81,0,0,0,01,1,0,0
D,1271391354,1029,1250,1,-9354,345,-60,-89,0,0,0,01,1,0,0
D,1271392275,921,1250,0,-9354,261,-61,-81,0,0,0,01,1,0,0
D,1271393276,1001,1250,0,-9354,256,-62,-81,0,0,0,01,1,0,0
D,1271394309,1033,1251,1,-9355,293,-63,-89,0,0,0,01,1,0,0
D,1271395274,965,1251,0,-9355,257,-64,-81,0,0,0,01,1,0,0
D,1271396270,996,1252,1,-9356,258,-65,-89,0,0,0,01,1,0,0
D,1271397272,1002,1252,0,-9356,253,-66,-89,0,0,0,01,1,0,0
D,1271398286,1014,1252,0,-9356,267,-66,-81,0,0,0,01,1,0,0
D,1271399265,979,1253,1,-9357,260,-67,-89,0,0,0,01,1,0,0
D,1271400267,1002,1253,0,-9357,262,-68,-87,0,0,0,01,1,0,0
D,1271401297,1030,1254,1,-9358,289,-69,-95,0,0,0,01,1,0,0
D,1271402262,965,1254,0,-9358,246,-70,-87,0,0,0,01,1,0,0
D,1271403240,978,1255,1,-9359,232,-71,-95,0,0,0,01,1,0,0
D,1271404242,1002,1255,0,-9359,227,-72,-95,0,0,0,01,1,0,0
D,1271405243,1001,1256,1,-9360,227,-73,-103,0,0,0,01,1,0,0
D,1271406247,1004,1256,0,-9360,242,-74,-95,0,0,0,01,1,0,0
D,1271407240,993,1257,1,-9361,232,-75,-102,0,0,0,01,1,0,0
D,1271408242,1002,1257,0,-9361,227,-76,-102,0,0,0,01,1,0,0
D,1271409252,1010,1257,0,-9361,242,-77,-95,0,0,0,01,1,0,0
D,1271410319,1067,1258,1,-9362,312,-78,-106,0,0,0,01,1,0,0
D,1271411362,1043,1258,0,-9362,351,-79,-97,0,0,0,01,1,0,0
D,1271412282,920,1259,1,-9363,263,-80,-106,0,0,0,01,1,0,0
D,1271413265,983,1259,0,-9363,257,-81,-106,0,0,0,01,1,0,0
D,1271414309,1044,1260,1,-9364,291,-82,-106,0,0,0,01,1,0,0
D,1271415270,961,1260,0,-9364,254,-83,-106,0,0,0,01,1,0,0
D,1271416271,1001,1261,1,-9365,260,-83,-106,0,0,0,01,1,0,0
D,1271417257,986,1261,0,-9365,252,-84,-106,0,0,0,01,1,0,0
D,1271418282,1025,1262,1,-9366,263,-86,-114,0,0,0,01,1,0,0
D,1271419281,999,1263,1,-9367,262,-87,-114,0,0,0,01,1,0,0
D,1271420272,991,1263,0,-9367,265,-88,-110,0,0,0,01,1,0,0
D,1271421290,1018,1264,1,-9368,285,-89,-118,0,0,0,01,1,0,0
D,1271422260,970,1264,0,-9368,241,-90,-111,0,0,0,01,1,0,0
D,1271423252,992,1265,1,-9369,233,-91,-118,0,0,0,01,1,0,0
D,1271424239,987,1265,0,-9369,227,-92,-118,0,0,0,01,1,0,0
D,1271425239,1000,1266,1,-9370,227,-93,-118,0,0,0,01,1,0,0
D,1271426256,1017,1266,0,-9370,240,-94,-118,0,0,0,01,1,0,0
D,1271427247,991,1267,1,-9371,234,-95,-118,0,0,0,01,1,0,0
D,1271428237,990,1267,0,-9371,227,-96,-118,0,0,0,01,1,0,0
D,1271429245,1008,1268,1,-9372,239,-97,-126,0,0,0,01,1,0,0
D,1271430322,1077,1268,0,-9372,315,-98,-122,0,0,0,01,1,0,0
D,1271431362,1040,1269,1,-9373,346,-99,-122,0,0,0,01,1,0,0
D,1271432268,906,1270,1,-9374,261,-100,-130,0,0,0,01,1,0,0
D,1271433273,1005,1270,0,-9374,256,-101,-122,0,0,0,01,1,0,0
D,1271434301,1028,1271,1,-9375,290,-102,-130,0,0,0,01,1,0,0
D,1271435261,960,1272,1,-9376,254,-103,-130,0,0,0,01,1,0,0
D,1271436273,1012,1272,0,-9376,258,-104,-130,0,0,0,01,1,0,0
D,1271437260,987,1273,1,-9377,252,-105,-130,0,0,0,01,1,0,0
D,1271438271,1011,1273,0,-9377,265,-106,-130,0,0,0,01,1,0,0
D,1271439266,995,1274,1,-9378,260,-107,-138,0,0,0,01,1,0,0
D,1271440275,1009,1274,0,-9378,268,-108,-134,0,0,0,01,1,0,0
D,1271441298,1023,1275,1,-9379,287,-110,-134,0,0,0,01,1,0,0
D,1271442246,948,1276,1,-9380,240,-111,-142,0,0,0,01,1,0,0
D,1271443254,1008,1276,0,-9380,234,-112,-134,0,0,0,01,1,0,0
D,1271444243,989,1277,1,-9381,227,-113,-142,0,0,0,01,1,0,0
D,1271445247,1004,1278,1,-9382,227,-114,-142,0,0,0,01,1,0,0
D,1271446255,1008,1278,0,-9382,240,-115,-142,0,0,0,01,1,0,0
D,1271447245,990,1279,1,-9383,234,-116,-142,0,0,0,01,1,0,0
D,1271448237,992,1279,0,-9383,227,-117,-142,0,0,0,01,1,0,0
D,1271449246,1009,1280,1,-9384,238,-118,-142,0,0,0,01,1,0,0
D,1271450328,1082,1281,1,-9385,320,-119,-146,0,0,0,01,1,0,0
D,1271451354,1026,1281,0,-9385,347,-120,-138,0,0,0,01,1,0,0
D,1271452275,921,1282,1,-9386,260,-121,-146,0,0,0,01,1,0,0
D,1271453262,987,1283,1,-9387,256,-122,-146,0,0,0,01,1,0,0
D,1271454312,1050,1284,1,-9388,294,-123,-154,0,0,0,01,1,0,0
D,1271455269,957,1284,0,-9388,252,-124,-146,0,0,0,01,1,0,0
D,1271456273,1004,1285,1,-9389,262,-125,-155,0,0,0,01,1,0,0
D,1271457259,986,1286,1,-9390,252,-126,-155,0,0,0,01,1,0,0
D,1271458281,1022,1286,0,-9390,266,-128,-154,0,0,0,01,1,0,0
D,1271459278,997,1287,1,-9391,260,-129,-154,0,0,0,01,1,0,0
D,1271460269,991,1288,1,-9392,263,-130,-157,0,0,0,01,1,0,0
D,1271461296,1027,1288,0,-9392,285,-131,-158,0,0,0,01,1,0,0
D,1271462265,969,1289,1,-9393,247,-132,-158,0,0,0,01,1,0,0
D,1271463243,978,1290,1,-9394,231,-133,-158,0,0,0,01,1,0,0
D,1271464239,996,1291,1,-9395,228,-134,-166,0,0,0,01,1,0,0
D,1271465244,1005,1291,0,-9395,228,-135,-158,0,0,0,01,1,0,0
D,1271466258,1014,1292,1,-9396,244,-136,-158,0,0,0,01,1,0,0
D,1271467249,991,1293,1,-9397,231,-137,-166,0,0,0,01,1,0,0
D,1271468240,991,1293,0,-9397,228,-138,-158,0,0,0,01,1,0,0
D,1271469253,1013,1294,1,-9398,239,-139,-165,0,0,0,01,1,0,0
D,1271470326,1073,1295,1,-9399,317,-140,-171,0,0,0,01,1,0,0
D,1271471370,1044,1296,1,-9400,352,-142,-170,0,0,0,01,1,0,0
D,1271472267,897,1297,1,-9401,261,-143,-171,0,0,0,01,1,0,0
D,1271473273,1006,1298,1,-9402,256,-144,-179,0,0,0,01,1,0,0
D,1271474304,1031,1298,0,-9402,291,-145,-171,0,0,0,01,1,0,0
D,1271475269,965,1299,1,-9403,252,-146,-171,0,0,0,01,1,0,0
D,1271476266,997,1300,1,-9404,257,-147,-179,0,0,0,01,1,0,0
D,1271477268,1002,1301,1,-9405,252,-149,-179,0,0,0,01,1,0,0
D,1271478284,1016,1301,0,-9405,266,-150,-179,0,0,0,01,1,0,0
D,1271479280,996,1302,1,-9406,260,-151,-179,0,0,0,01,1,0,0
D,1271480276,996,1303,1,-9407,268,-152,-181,0,0,0,01,1,0,0
D,1271481292,1016,1304,1,-9408,286,-153,-181,0,0,0,01,1,0,0
D,1271482259,967,1305,1,-9409,244,-155,-190,0,0,0,01,1,0,0
D,1271483240,981,1305,0,-9409,234,-156,-181,0,0,0,01,1,0,0
D,1271484239,999,1306,1,-9410,226,-157,-181,0,0,0,01,1,0,0
D,1271485244,1005,1307,1,-9411,227,-158,-182,0,0,0,01,1,0,0
D,1271486252,1008,1308,1,-9412,240,-159,-189,0,0,0,01,1,0,0
D,1271487248,996,1309,1,-9413,234,-160,-189,0,0,0,01,1,0,0
D,1271488239,991,1309,0,-9413,227,-161,-181,0,0,0,01,1,0,0
D,1271489247,1008,1310,1,-9414,236,-162,-189,0,0,0,01,1,0,0
D,1271490330,1083,1311,1,-9415,320,-163,-187,0,0,0,01,1,0,0
D,1271491355,1025,1312,1,-9416,346,-164,-195,0,0,0,01,1,0,0
D,1271492271,916,1313,1,-9417,261,-165,-195,0,0,0,01,1,0,0
D,1271493275,1004,1314,1,-9418,257,-167,-195,0,0,0,01,1,0,0
D,1271494308,1033,1315,1,-9419,294,-168,-195,0,0,0,01,1,0,0
D,1271495271,963,1316,1,-9420,252,-169,-203,0,0,0,01,1,0,0
D,1271496273,1002,1317,1,-9421,260,-170,-203,0,0,0,01,1,0,0
D,1271497261,988,1317,0,-9421,252,-171,-195,0,0,0,01,1,0,0
D,1271498281,1020,1318,1,-9422,266,-173,-203,0,0,0,01,1,0,0
D,1271499277,996,1319,1,-9423,259,-174,-203,0,0,0,01,1,0,0
D,1271500271,994,1320,1,-9424,264,-175,-205,0,0,0,01,1,0,0
D,1271501300,1029,1321,1,-9425,288,-176,-205,0,0,0,01,1,0,0
D,1271502267,967,1322,1,-9426,247,-177,-203,0,0,0,01,1,0,0
D,1271503244,977,1322,0,-9426,231,-178,-197,0,0,0,01,1,0,0
D,1271504239,995,1323,1,-9427,228,-179,-197,0,0,0,01,1,0,0
D,1271505244,1005,1324,1,-9428,228,-180,-205,0,0,0,01,1,0,0
D,1271506258,1014,1325,1,-9429,244,-181,-205,0,0,0,01,1,0,0
D,1271507250,992,1326,1,-9430,232,-182,-205,0,0,0,01,1,0,0
D,1271508240,990,1327,1,-9431,228,-183,-205,0,0,0,01,1,0,0
D,1271509252,1012,1328,1,-9432,239,-184,-213,0,0,0,01,1,0,0
D,1271510337,1085,1329,1,-9433,322,-185,-211,0,0,0,01,1,0,0
D,1271511354,1017,1330,1,-9434,342,-186,-211,0,0,0,01,1,0,0
D,1271512273,919,1331,1,-9435,261,-187,-211,0,0,0,01,1,0,0
D,1271513270,997,1332,1,-9436,260,-188,-220,0,0,0,01,1,0,0
D,1271514323,1053,1333,1,-9437,297,-190,-219,0,0,0,01,1,0,0
D,1271515271,948,1333,0,-9437,252,-190,-211,0,0,0,01,1,0,0
D,1271516276,1005,1334,1,-9438,265,-191,-211,0,0,0,01,1,0,0
D,1271517265,989,1336,2,-9440,249,-192,-220,0,0,0,01,1,0,0
D,1271518285,1020,1336,0,-9440,269,-193,-219,0,0,0,01,1,0,0
D,1271519276,991,1337,1,-9441,256,-194,-220,0,0,0,01,1,0,0
D,1271520285,1009,1338,1,-9442,265,-195,-220,0,0,0,01,1,0,0
D,1271521304,1019,1339,1,-9443,290,-196,-221,0,0,0,01,1,0,0
D,1271522256,952,1340,1,-9444,243,-197,-221,0,0,0,01,1,0,0
D,1271523252,996,1341,1,-9445,234,-198,-221,0,0,0,01,1,0,0
D,1271524246,994,1342,1,-9446,227,-199,-221,0,0,0,01,1,0,0
D,1271525238,992,1343,1,-9447,227,-200,-221,0,0,0,01,1,0,0
D,1271526257,1019,1344,1,-9448,237,-201,-221,0,0,0,01,1,0,0
D,1271527249,992,1345,1,-9449,234,-202,-221,0,0,0,01,1,0,0
D,1271528240,991,1346,1,-9450,227,-203,-229,0,0,0,01,1,0,0
D,1271529253,1013,1347,1,-9451,237,-204,-229,0,0,0,01,1,0,0
D,1271530333,1080,1348,1,-9452,316,-205,-227,0,0,0,01,1,0,0
D,1271531360,1027,1349,1,-9453,344,-206,-227,0,0,0,01,1,0,0
D,1271532371,1011,1350,1,-9454,350,-206,-227,0,0,0,01,3,0,0
D,1271533274,903,1351,1,-9455,255,-207,-236,0,0,0,01,3,0,0
D,1271534287,1013,1352,1,-9456,280,-209,-236,0,0,0,01,3,0,0
D,1271535304,1017,1353,1,-9457,288,-210,-236,0,0,0,01,3,0,0
D,1271536275,971,1354,1,-9458,258,-211,-236,0,0,0,01,3,0,0
D,1271537271,996,1355,1,-9459,256,-212,-236,0,0,0,01,3,0,0
D,1271538292,1021,1356,1,-9460,271,-213,-236,0,0,0,01,3,0,0
D,1271539278,986,1357,1,-9461,260,-214,-236,0,0,0,01,3,0,0
D,1271540277,999,1358,1,-9462,261,-214,-236,0,0,0,01,3,0,0
D,1271541292,1015,1359,1,-9463,273,-215,-237,0,0,0,01,3,0,0
D,1271542256,964,1360,1,-9464,244,-216,-237,0,0,0,01,3,0,0
D,1271543234,978,1361,1,-9465,224,-217,-237,0,0,0,01,3,0,0
D,1271544229,995,1362,1,-9466,224,-218,-237,0,0,0,01,3,0,0
D,1271545242,1013,1363,1,-9467,224,-218,-237,0,0,0,01,3,0,0
D,1271546244,1002,1364,1,-9468,239,-219,-244,0,0,0,01,3,0,0
D,1271547234,990,1365,1,-9469,224,-220,-244,0,0,0,01,3,0,0
D,1271548229,995,1366,1,-9470,224,-221,-237,0,0,0,01,3,0,0
D,1271549252,1023,1367,1,-9471,247,-222,-244,0,0,0,01,3,0,0
D,1271550330,1078,1368,1,-9472,323,-223,-244,0,0,0,01,3,0,0
D,1271551351,1021,1369,1,-9473,334,-224,-244,0,0,0,01,3,0,0
D,1271552267,916,1370,1,-9474,260,-224,-244,0,0,0,01,3,0,0
D,1271553269,1002,1372,2,-9476,255,-226,-252,0,0,0,01,3,0,0
D,1271554302,1033,1373,1,-9477,291,-227,-252,0,0,0,01,3,0,0
D,1271555265,963,1374,1,-9478,257,-228,-252,0,0,0,01,3,0,0
D,1271556277,1012,1375,1,-9479,254,-229,-252,0,0,0,01,3,0,0
D,1271557265,988,1376,1,-9480,253,-229,-252,0,0,0,01,3,0,0
D,1271558275,1010,1377,1,-9481,259,-230,-252,0,0,0,01,3,0,0
D,1271559281,1006,1378,1,-9482,263,-231,-252,0,0,0,01,3,0,0
D,1271560279,998,1379,1,-9483,261,-232,-252,0,0,0,01,3,0,0
D,1271561290,1011,1380,1,-9484,274,-233,-252,0,0,0,01,3,0,0
D,1271562243,953,1381,1,-9485,234,-234,-253,0,0,0,01,3,0,0
D,1271563240,997,1382,1,-9486,229,-234,-253,0,0,0,01,3,0,0
D,1271564239,999,1384,2,-9488,223,-235,-260,0,0,0,01,3,0,0
D,1271565234,995,1385,1,-9489,223,-236,-260,0,0,0,01,3,0,0
D,1271566244,1010,1386,1,-9490,232,-237,-260,0,0,0,01,3,0,0
D,1271567238,994,1387,1,-9491,229,-238,-260,0,0,0,01,3,0,0
D,1271568239,1001,1388,1,-9492,223,-239,-260,0,0,0,01,3,0,0
D,1271569258,1019,1389,1,-9493,249,-240,-260,0,0,0,01,3,0,0
D,1271570321,1063,1390,1,-9494,313,-241,-260,0,0,0,01,3,0,0
D,1271571361,1040,1391,1,-9495,343,-241,-260,0,0,0,01,3,0,0
D,1271572271,910,1393,2,-9497,262,-242,-268,0,0,0,01,3,0,0
D,1271573268,997,1393,0,-9497,252,-243,-260,0,0,0,01,3,0,0
D,1271574303,1035,1395,2,-9499,293,-244,-268,0,0,0,01,3,0,0
D,1271575266,963,1396,1,-9500,257,-245,-268,0,0,0,01,3,0,0
D,1271576271,1005,1397,1,-9501,251,-246,-268,0,0,0,01,3,0,0
D,1271577262,991,1398,1,-9502,251,-247,-268,0,0,0,01,3,0,0
D,1271578277,1015,1399,1,-9503,262,-248,-268,0,0,0,01,3,0,0
D,1271579275,998,1400,1,-9504,261,-249,-268,0,0,0,01,3,0,0
D,1271580279,1004,1401,1,-9505,261,-249,-268,0,0,0,01,3,0,0
D,1271581289,1010,1402,1,-9506,275,-250,-268,0,0,0,01,3,0,0
D,1271582252,963,1404,2,-9508,237,-251,-277,0,0,0,01,3,0,0
D,1271583233,981,1405,1,-9509,227,-252,-276,0,0,0,01,3,0,0
D,1271584230,997,1406,1,-9510,223,-253,-268,0,0,0,01,3,0,0
D,1271585242,1012,1407,1,-9511,224,-253,-268,0,0,0,01,3,0,0
D,1271586241,999,1408,1,-9512,234,-254,-268,0,0,0,01,3,0,0
D,1271587233,992,1409,1,-9513,227,-254,-268,0,0,0,01,3,0,0
D,1271588229,996,1410,1,-9514,224,-255,-268,0,0,0,01,3,0,0
D,1271589256,1027,1412,2,-9516,241,-256,-276,0,0,0,01,3,0,0
D,1271590342,1086,1413,1,-9517,323,-257,-276,0,0,0,01,3,0,0
D,1271591355,1013,1414,1,-9518,338,-257,-276,0,0,0,01,3,0,0
D,1271592273,918,1415,1,-9519,259,-258,-276,0,0,0,01,3,0,0
D,1271593268,995,1416,1,-9520,255,-259,-276,0,0,0,01,3,0,0
D,1271594303,1035,1417,1,-9521,291,-259,-268,0,0,0,01,3,0,0
D,1271595270,967,1418,1,-9522,255,-259,-268,0,0,0,01,3,0,0
D,1271596263,993,1420,2,-9524,255,-260,-277,0,0,0,01,3,0,0
D,1271597268,1005,1421,1,-9525,253,-261,-276,0,0,0,01,3,0,0
D,1271598281,1013,1422,1,-9526,263,-261,-276,0,0,0,01,3,0,0
D,1271599277,996,1423,1,-9527,264,-262,-277,0,0,0,01,3,0,0
D,1271600278,1001,1424,1,-9528,262,-263,-275,0,0,0,01,3,0,0
D,1271601284,1006,1426,2,-9530,275,-263,-284,0,0,0,01,3,0,0
D,1271602250,966,1427,1,-9531,239,-264,-285,0,0,0,01,3,0,0
D,1271603244,994,1428,1,-9532,225,-265,-276,0,0,0,01,3,0,0
D,1271604242,998,1429,1,-9533,224,-265,-284,0,0,0,01,3,0,0
D,1271605240,998,1430,1,-9534,224,-266,-276,0,0,0,01,3,0,0
D,1271606254,1014,1431,1,-9535,235,-266,-276,0,0,0,01,3,0,0
D,1271607245,991,1433,2,-9537,226,-267,-284,0,0,0,01,3,0,0
D,1271608242,997,1434,1,-9538,223,-268,-284,0,0,0,01,3,0,0
D,1271609258,1016,1435,1,-9539,242,-268,-284,0,0,0,01,3,0,0
D,1271610332,1074,1436,1,-9540,324,-269,-284,0,0,0,01,3,0,0
D,1271611345,1013,1438,2,-9542,339,-270,-292,0,0,0,01,3,0,0
D,1271612276,931,1439,1,-9543,263,-270,-285,0,0,0,01,3,0,0
D,1271613265,989,1440,1,-9544,252,-271,-285,0,0,0,01,3,0,0
D,1271614306,1041,1441,1,-9545,294,-271,-284,0,0,0,01,3,0,0
D,1271615272,966,1442,1,-9546,257,-272,-285,0,0,0,01,3,0,0
D,1271616263,991,1443,1,-9547,255,-272,-285,0,0,0,01,3,0,0
D,1271617270,1007,1445,2,-9549,254,-273,-293,0,0,0,01,3,0,0
D,1271618278,1008,1446,1,-9550,262,-274,-292,0,0,0,01,3,0,0
D,1271619280,1002,1447,1,-9551,265,-274,-285,0,0,0,01,3,0,0
D,1271620275,995,1448,1,-9552,259,-275,-283,0,0,0,01,3,0,0
D,1271621294,1019,1450,2,-9554,275,-275,-292,0,0,0,01,3,0,0
D,1271622256,962,1451,1,-9555,242,-276,-292,0,0,0,01,3,0,0
D,1271623234,978,1452,1,-9556,226,-277,-292,0,0,0,01,3,0,0
D,1271624232,998,1453,1,-9557,224,-277,-292,0,0,0,01,3,0,0
D,1271625242,1010,1455,2,-9559,224,-278,-300,0,0,0,01,3,0,0
D,1271626242,1000,1456,1,-9560,236,-279,-300,0,0,0,01,3,0,0
D,1271627233,991,1457,1,-9561,226,-279,-292,0,0,0,01,3,0,0
D,1271628229,996,1458,1,-9562,224,-280,-292,0,0,0,01,3,0,0
D,1271629258,1029,1460,2,-9564,244,-281,-299,0,0,0,01,3,0,0
D,1271630326,1068,1461,1,-9565,321,-282,-301,0,0,0,01,3,0,0
D,1271631363,1037,1462,1,-9566,347,-282,-292,0,0,0,01,3,0,0
D,1271632278,915,1463,1,-9567,262,-282,-293,0,0,0,01,3,0,0
D,1271633261,983,1464,1,-9568,251,-283,-293,0,0,0,01,3,0,0
D,1271634302,1041,1466,2,-9570,292,-284,-301,0,0,0,01,3,0,0
D,1271635265,963,1467,1,-9571,256,-284,-301,0,0,0,01,3,0,0
D,1271636269,1004,1469,2,-9573,253,-285,-309,0,0,0,01,3,0,0
D,1271637261,992,1470,1,-9574,251,-286,-301,0,0,0,01,3,0,0
D,1271638277,1016,1471,1,-9575,263,-286,-301,0,0,0,01,3,0,0
D,1271639274,997,1472,1,-9576,261,-287,-301,0,0,0,01,3,0,0
D,1271640273,999,1473,1,-9577,261,-287,-299,0,0,0,01,3,0,0
D,1271641291,1018,1475,2,-9579,278,-288,-308,0,0,0,01,3,0,0
D,1271642250,959,1476,1,-9580,236,-289,-300,0,0,0,01,3,0,0
D,1271643248,998,1477,1,-9581,229,-289,-300,0,0,0,01,3,0,0
D,1271644231,983,1478,1,-9582,223,-289,-300,0,0,0,01,3,0,0
D,1271645241,1010,1479,1,-9583,223,-290,-300,0,0,0,01,3,0,0
D,1271646238,997,1481,2,-9585,231,-291,-307,0,0,0,01,3,0,0
D,1271647248,1010,1482,1,-9586,229,-291,-307,0,0,0,01,3,0,0
D,1271648229,981,1483,1,-9587,223,-292,-300,0,0,0,01,3,0,0
D,1271649256,1027,1485,2,-9589,242,-292,-307,0,0,0,01,3,0,0
D,1271650348,1092,1486,1,-9590,329,-293,-308,0,0,0,01,3,0,0
D,1271651355,1007,1487,1,-9591,337,-293,-300,0,0,0,01,3,0,0
D,1271652276,921,1488,1,-9592,260,-293,-301,0,0,0,01,3,0,0
D,1271653271,995,1490,2,-9594,257,-294,-309,0,0,0,01,3,0,0
D,1271654303,1032,1491,1,-9595,289,-295,-309,0,0,0,01,3,0,0
D,1271655273,970,1492,1,-9596,260,-295,-301,0,0,0,01,3,0,0
D,1271656265,992,1493,1,-9597,255,-295,-301,0,0,0,01,3,0,0
D,1271657265,1000,1495,2,-9599,251,-296,-309,0,0,0,01,3,0,0
D,1271658282,1017,1496,1,-9600,267,-296,-309,0,0,0,01,3,0,0
D,1271659274,992,1498,2,-9602,259,-297,-309,0,0,0,01,3,0,0
D,1271660274,1000,1499,1,-9603,260,-297,-307,0,0,0,01,3,0,0
D,1271661286,1012,1500,1,-9604,278,-298,-308,0,0,0,01,3,0,0
D,1271662252,966,1501,1,-9605,241,-298,-308,0,0,0,01,3,0,0
D,1271663232,980,1502,1,-9606,226,-298,-308,0,0,0,01,3,0,0
D,1271664243,1011,1504,2,-9608,224,-299,-315,0,0,0,01,3,0,0
D,1271665241,998,1505,1,-9609,225,-299,-308,0,0,0,01,3,0,0
D,1271666255,1014,1506,1,-9610,237,-300,-307,0,0,0,01,3,0,0
D,1271667232,977,1507,1,-9611,226,-300,-300,0,0,0,01,3,0,0
D,1271668243,1011,1509,2,-9613,225,-300,-307,0,0,0,01,3,0,0
D,1271669254,1011,1510,1,-9614,243,-300,-307,0,0,0,01,3,0,0
D,1271670341,1087,1511,1,-9615,323,-301,-309,0,0,0,01,3,0,0
D,1271671361,1020,1513,2,-9617,340,-301,-309,0,0,0,01,3,0,0
D,1271672265,904,1514,1,-9618,255,-301,-309,0,0,0,01,3,0,0
D,1271673271,1006,1515,1,-9619,256,-301,-309,0,0,0,01,3,0,0
D,1271674297,1026,1517,2,-9621,284,-302,-317,0,0,0,01,3,0,0
D,1271675273,976,1518,1,-9622,260,-303,-317,0,0,0,01,3,0,0
D,1271676266,993,1519,1,-9623,254,-303,-309,0,0,0,01,3,0,0
D,1271677264,998,1520,1,-9624,250,-303,-309,0,0,0,01,3,0,0
D,1271678281,1017,1522,2,-9626,264,-304,-317,0,0,0,01,3,0,0
D,1271679281,1000,1523,1,-9627,264,-304,-309,0,0,0,01,3,0,0
D,1271680261,980,1525,2,-9629,255,-304,-315,0,0,0,01,3,0,0
D,1271681292,1031,1526,1,-9630,284,-305,-316,0,0,0,01,3,0,0
D,1271682253,961,1527,1,-9631,243,-305,-316,0,0,0,01,3,0,0
D,1271683230,977,1528,1,-9632,225,-306,-315,0,0,0,01,3,0,0
D,1271684242,1012,1530,2,-9634,224,-306,-315,0,0,0,01,3,0,0
D,1271685240,998,1531,1,-9635,224,-306,-316,0,0,0,01,3,0,0
D,1271686253,1013,1533,2,-9637,238,-307,-323,0,0,0,01,3,0,0
D,1271687243,990,1534,1,-9638,224,-308,-323,0,0,0,01,3,0,0
D,1271688240,997,1535,1,-9639,224,-308,-315,0,0,0,01,3,0,0
D,1271689247,1007,1536,1,-9640,240,-308,-315,0,0,0,01,3,0,0
D,1271690329,1082,1538,2,-9642,324,-309,-317,0,0,0,01,3,0,0
D,1271691348,1019,1539,1,-9643,340,-309,-317,0,0,0,01,3,0,0
D,1271692269,921,1540,1,-9644,262,-309,-317,0,0,0,01,3,0,0
D,1271693260,991,1542,2,-9646,249,-310,-325,0,0,0,01,3,0,0
D,1271694299,1039,1543,1,-9647,293,-310,-317,0,0,0,01,3,0,0
D,1271695267,968,1544,1,-9648,256,-310,-317,0,0,0,01,3,0,0
D,1271696267,1000,1545,1,-9649,250,-311,-317,0,0,0,01,3,0,0
D,1271697262,995,1547,2,-9651,251,-311,-325,0,0,0,01,3,0,0
D,1271698279,1017,1548,1,-9652,261,-311,-317,0,0,0,01,3,0,0
D,1271699274,995,1549,1,-9653,262,-312,-317,0,0,0,01,3,0,0
D,1271700270,996,1551,2,-9655,258,-312,-323,0,0,0,01,3,0,0
D,1271701281,1011,1552,1,-9656,276,-313,-324,0,0,0,01,3,0,0
D,1271702251,970,1553,1,-9657,243,-313,-316,0,0,0,01,3,0,0
D,1271703244,993,1554,1,-9658,226,-313,-315,0,0,0,01,3,0,0
D,1271704241,997,1556,2,-9660,223,-313,-323,0,0,0,01,3,0,0
D,1271705239,998,1557,1,-9661,223,-313,-316,0,0,0,01,3,0,0
D,1271706253,1014,1559,2,-9663,235,-314,-323,0,0,0,01,3,0,0
D,1271707243,990,1560,1,-9664,225,-314,-323,0,0,0,01,3,0,0
D,1271708241,998,1561,1,-9665,223,-314,-323,0,0,0,01,3,0,0
D,1271709250,1009,1562,1,-9666,240,-314,-315,0,0,0,01,3,0,0
D,1271710343,1093,1564,2,-9668,324,-315,-317,0,0,0,01,3,0,0
D,1271711363,1020,1565,1,-9669,341,-315,-317,0,0,0,01,3,0,0
D,1271712274,911,1566,1,-9670,258,-315,-317,0,0,0,01,3,0,0
D,1271713266,992,1568,2,-9672,256,-315,-325,0,0,0,01,3,0,0
D,1271714301,1035,1569,1,-9673,290,-315,-317,0,0,0,01,3,0,0
D,1271715270,969,1570,1,-9674,262,-315,-317,0,0,0,01,3,0,0
D,1271716256,986,1571,1,-9675,251,-315,-309,0,0,0,01,3,0,0
D,1271717268,1012,1573,2,-9677,256,-315,-317,0,0,0,01,3,0,0
D,1271718278,1010,1574,1,-9678,263,-315,-317,0,0,0,01,3,0,0
D,1271719278,1000,1575,1,-9679,265,-315,-317,0,0,0,01,3,0,0
D,1271720273,995,1577,2,-9681,255,-316,-323,0,0,0,01,3,0,0
D,1271721294,1021,1578,1,-9682,277,-316,-315,0,0,0,01,3,0,0
D,1271722254,960,1579,1,-9683,239,-316,-316,0,0,0,01,3,0,0
D,1271723235,981,1581,2,-9685,227,-316,-323,0,0,0,01,3,0,0
D,1271724232,997,1582,1,-9686,223,-316,-315,0,0,0,01,3,0,0
D,1271725242,1010,1583,1,-9687,223,-316,-316,0,0,0,01,3,0,0
D,1271726241,999,1584,1,-9688,234,-316,-315,0,0,0,01,3,0,0
D,1271727234,993,1586,2,-9690,227,-316,-323,0,0,0,01,3,0,0
D,1271728229,995,1587,1,-9691,223,-316,-315,0,0,0,01,3,0,0
D,1271729258,1029,1588,1,-9692,243,-316,-315,0,0,0,01,3,0,0
D,1271730327,1069,1590,2,-9694,322,-316,-317,0,0,0,01,3,0,0
D,1271731356,1029,1591,1,-9695,340,-316,-317,0,0,0,01,3,0,0
D,1271732278,922,1592,1,-9696,263,-316,-317,0,0,0,01,3,0,0
D,1271733262,984,1594,2,-9698,252,-316,-325,0,0,0,01,3,0,0
D,1271734311,1049,1595,1,-9699,297,-316,-317,0,0,0,01,3,0,0
D,1271735267,956,1596,1,-9700,252,-317,-317,0,0,0,01,3,0,0
D,1271736264,997,1598,2,-9702,258,-317,-317,0,0,0,01,3,0,0
D,1271737260,996,1599,1,-9703,249,-317,-317,0,0,0,01,3,0,0
D,1271738276,1016,1600,1,-9704,263,-317,-317,0,0,0,01,3,0,0
D,1271739275,999,1602,2,-9706,263,-317,-325,0,0,0,01,3,0,0
D,1271740274,999,1603,1,-9707,259,-317,-323,0,0,0,01,3,0,0
D,1271741283,1009,1604,1,-9708,274,-317,-316,0,0,0,01,3,0,0
D,1271742258,975,1606,2,-9710,242,-317,-324,0,0,0,01,3,0,0
D,1271743244,986,1607,1,-9711,227,-318,-323,0,0,0,01,3,0,0
D,1271744242,998,1608,1,-9712,224,-317,-315,0,0,0,01,3,0,0
D,1271745240,998,1609,1,-9713,224,-317,-316,0,0,0,01,3,0,0
D,1271746249,1009,1611,2,-9715,236,-318,-323,0,0,0,01,3,0,0
D,1271747245,996,1612,1,-9716,227,-318,-323,0,0,0,01,3,0,0
D,1271748242,997,1613,1,-9717,224,-318,-315,0,0,0,01,3,0,0
D,1271749256,1014,1615,2,-9719,244,-318,-323,0,0,0,01,3,0,0
D,1271750342,1086,1616,1,-9720,323,-318,-317,0,0,0,01,3,0,0
D,1271751357,1015,1617,1,-9721,341,-318,-317,0,0,0,01,3,0,0
D,1271752266,909,1618,1,-9722,260,-318,-317,0,0,0,01,3,0,0
D,1271753272,1006,1620,2,-9724,253,-318,-317,0,0,0,01,3,0,0
D,1271754298,1026,1621,1,-9725,287,-318,-317,0,0,0,01,3,0,0
D,1271755269,971,1623,2,-9727,256,-318,-325,0,0,0,01,3,0,0
D,1271756274,1005,1624,1,-9728,253,-318,-325,0,0,0,01,3,0,0
D,1271757271,997,1625,1,-9729,253,-318,-317,0,0,0,01,3,0,0
D,1271758279,1008,1626,1,-9730,265,-318,-317,0,0,0,01,3,0,0
D,1271759278,999,1628,2,-9732,262,-318,-325,0,0,0,01,3,0,0
D,1271760277,999,1629,1,-9733,260,-319,-323,0,0,0,01,3,0,0
D,1271761290,1013,1630,1,-9734,274,-319,-315,0,0,0,01,3,0,0
D,1271762247,957,1632,2,-9736,236,-319,-324,0,0,0,01,3,0,0
D,1271763248,1001,1633,1,-9737,229,-319,-323,0,0,0,01,3,0,0
D,1271764231,983,1634,1,-9738,223,-319,-315,0,0,0,01,3,0,0
D,1271765242,1011,1635,1,-9739,224,-319,-316,0,0,0,01,3,0,0
D,1271766237,995,1637,2,-9741,232,-319,-323,0,0,0,01,3,0,0
D,1271767248,1011,1638,1,-9742,228,-319,-315,0,0,0,01,3,0,0
D,1271768230,982,1639,1,-9743,224,-319,-315,0,0,0,01,3,0,0
D,1271769260,1030,1641,2,-9745,244,-319,-323,0,0,0,01,3,0,0
D,1271770323,1063,1642,1,-9746,318,-319,-317,0,0,0,01,3,0,0
D,1271771350,1027,1644,2,-9748,342,-319,-325,0,0,0,01,3,0,0
D,1271772280,930,1645,1,-9749,261,-319,-317,0,0,0,01,3,0,0
D,1271773262,982,1646,1,-9750,250,-319,-317,0,0,0,01,3,0,0
D,1271774305,1043,1647,1,-9751,292,-319,-317,0,0,0,01,3,0,0
D,1271775258,953,1648,1,-9752,251,-319,-317,0,0,0,01,3,0,0
D,1271776267,1009,1650,2,-9754,257,-319,-317,0,0,0,01,3,0,0
D,1271777262,995,1651,1,-9755,249,-319,-317,0,0,0,01,3,0,0
D,1271778278,1016,1653,2,-9757,264,-319,-325,0,0,0,01,3,0,0
D,1271779276,998,1654,1,-9758,262,-319,-317,0,0,0,01,3,0,0
D,1271780282,1006,1655,1,-9759,264,-319,-315,0,0,0,01,3,0,0
D,1271781293,1011,1656,1,-9760,274,-318,-316,0,0,0,01,3,0,0
D,1271782247,954,1657,1,-9761,236,-318,-316,0,0,0,01,3,0,0
D,1271783249,1002,1659,2,-9763,229,-319,-323,0,0,0,01,3,0,0
D,1271784232,983,1660,1,-9764,223,-318,-315,0,0,0,01,3,0,0
D,1271785242,1010,1662,2,-9766,223,-319,-323,0,0,0,01,3,0,0
D,1271786251,1009,1663,1,-9767,232,-318,-315,0,0,0,01,3,0,0
D,1271787234,983,1664,1,-9768,229,-318,-315,0,0,0,01,3,0,0
D,1271788231,997,1665,1,-9769,224,-318,-315,0,0,0,01,3,0,0
D,1271789260,1029,1667,2,-9771,242,-318,-323,0,0,0,01,3,0,0
D,1271790329,1069,1668,1,-9772,324,-318,-317,0,0,0,01,3,0,0
D,1271791360,1031,1669,1,-9773,343,-318,-317,0,0,0,01,3,0,0
D,1271792266,906,1671,2,-9775,258,-318,-317,0,0,0,01,3,0,0
D,1271793271,1005,1672,1,-9776,254,-318,-317,0,0,0,01,3,0,0
D,1271794297,1026,1674,2,-9778,287,-318,-325,0,0,0,01,3,0,0
D,1271795275,978,1675,1,-9779,257,-319,-325,0,0,0,01,3,0,0
D,1271796266,991,1676,1,-9780,255,-319,-317,0,0,0,01,3,0,0
D,1271797265,999,1677,1,-9781,253,-319,-317,0,0,0,01,3,0,0
D,1271798281,1016,1679,2,-9783,265,-319,-325,0,0,0,01,3,0,0
D,1271799278,997,1680,1,-9784,264,-319,-317,0,0,0,01,3,0,0
D,1271800274,996,1681,1,-9785,259,-319,-315,0,0,0,01,3,0,0
D,1271801284,1010,1682,1,-9786,279,-319,-315,0,0,0,01,3,0,0
D,1271802252,968,1684,2,-9788,240,-318,-316,0,0,0,01,3,0,0
D,1271803244,992,1685,1,-9789,226,-318,-315,0,0,0,01,3,0,0
D,1271804241,997,1686,1,-9790,223,-318,-315,0,0,0,01,3,0,0
D,1271805239,998,1688,2,-9792,223,-318,-324,0,0,0,01,3,0,0
D,1271806254,1015,1689,1,-9793,235,-319,-323,0,0,0,01,3,0,0
D,1271807244,990,1690,1,-9794,226,-318,-315,0,0,0,01,3,0,0
D,1271808241,997,1691,1,-9795,223,-318,-315,0,0,0,01,3,0,0
D,1271809254,1013,1693,2,-9797,242,-318,-315,0,0,0,01,3,0,0
D,1271810342,1088,1694,1,-9798,323,-318,-317,0,0,0,01,3,0,0
D,1271811342,1000,1695,1,-9799,336,-318,-317,0,0,0,01,3,0,0
D,1271812281,939,1697,2,-9801,261,-318,-325,0,0,0,01,3,0,0
D,1271813269,988,1698,1,-9802,254,-318,-317,0,0,0,01,3,0,0
D,1271814307,1038,1700,2,-9804,295,-319,-325,0,0,0,01,3,0,0
D,1271815262,955,1701,1,-9805,252,-319,-317,0,0,0,01,3,0,0
D,1271816273,1011,1702,1,-9806,259,-318,-317,0,0,0,01,3,0,0
D,1271817265,992,1703,1,-9807,249,-318,-317,0,0,0,01,3,0,0
D,1271818278,1013,1704,1,-9808,262,-318,-317,0,0,0,01,3,0,0
D,1271819279,1001,1705,1,-9809,263,-318,-309,0,0,0,01,3,0,0
D,1271820280,1001,1707,2,-9811,261,-318,-315,0,0,0,01,3,0,0
D,1271821293,1013,1708,1,-9812,276,-318,-315,0,0,0,01,3,0,0
D,1271822246,953,1710,2,-9814,237,-318,-324,0,0,0,01,3,0,0
D,1271823248,1002,1711,1,-9815,229,-318,-315,0,0,0,01,3,0,0
D,1271824231,983,1712,1,-9816,223,-318,-315,0,0,0,01,3,0,0
D,1271825241,1010,1714,2,-9818,223,-318,-316,0,0,0,01,3,0,0
D,1271826250,1009,1715,1,-9819,231,-318,-315,0,0,0,01,3,0,0
D,1271827247,997,1716,1,-9820,229,-318,-315,0,0,0,01,3,0,0
D,1271828229,982,1717,1,-9821,224,-317,-315,0,0,0,01,3,0,0
D,1271829251,1022,1719,2,-9823,239,-317,-315,0,0,0,01,3,0,0
D,1271830325,1074,1720,1,-9824,320,-317,-317,0,0,0,01,3,0,0
D,1271831361,1036,1721,1,-9825,344,-317,-317,0,0,0,01,3,0,0
D,1271832266,905,1723,2,-9827,256,-317,-317,0,0,0,01,3,0,0
D,1271833268,1002,1724,1,-9828,254,-317,-317,0,0,0,01,3,0,0
D,1271834301,1033,1725,1,-9829,291,-317,-317,0,0,0,01,3,0,0
D,1271835265,964,1726,1,-9830,256,-317,-309,0,0,0,01,3,0,0
D,1271836274,1009,1728,2,-9832,253,-317,-317,0,0,0,01,3,0,0
D,1271837262,988,1729,1,-9833,252,-317,-317,0,0,0,01,3,0,0
D,1271838282,1020,1730,1,-9834,262,-317,-317,0,0,0,01,3,0,0
D,1271839280,998,1732,2,-9836,263,-317,-317,0,0,0,01,3,0,0
D,1271840280,1000,1733,1,-9837,262,-317,-315,0,0,0,01,3,0,0
D,1271841291,1011,1734,1,-9838,277,-317,-316,0,0,0,01,3,0,0
D,1271842253,962,1735,1,-9839,238,-317,-316,0,0,0,01,3,0,0
D,1271843233,980,1737,2,-9841,226,-317,-316,0,0,0,01,3,0,0
D,1271844231,998,1738,1,-9842,223,-317,-315,0,0,0,01,3,0,0
D,1271845241,1010,1739,1,-9843,223,-316,-308,0,0,0,01,3,0,0
D,1271846241,1000,1741,2,-9845,234,-316,-315,0,0,0,01,3,0,0
D,1271847233,992,1742,1,-9846,227,-316,-315,0,0,0,01,3,0,0
D,1271848229,996,1743,1,-9847,224,-316,-315,0,0,0,01,3,0,0
D,1271849254,1025,1744,1,-9848,241,-316,-315,0,0,0,01,3,0,0
D,1271850341,1087,1746,2,-9850,324,-316,-317,0,0,0,01,3,0,0
D,1271851356,1015,1747,1,-9851,339,-316,-317,0,0,0,01,3,0,0
D,1271852276,920,1749,2,-9853,262,-316,-317,0,0,0,01,3,0,0
D,1271853263,987,1750,1,-9854,254,-316,-317,0,0,0,01,3,0,0
D,1271854302,1039,1751,1,-9855,292,-316,-317,0,0,0,01,3,0,0
D,1271855267,965,1752,1,-9856,256,-316,-309,0,0,0,01,3,0,0
D,1271856265,998,1754,2,-9858,254,-316,-317,0,0,0,01,3,0,0
D,1271857262,997,1755,1,-9859,252,-316,-317,0,0,0,01,3,0,0
D,1271858273,1011,1756,1,-9860,262,-316,-317,0,0,0,01,3,0,0
D,1271859274,1001,1757,1,-9861,262,-316,-309,0,0,0,01,3,0,0
D,1271860263,989,1759,2,-9863,258,-316,-315,0,0,0,01,3,0,0
D,1271861292,1029,1760,1,-9864,275,-316,-315,0,0,0,01,3,0,0
D,1271862252,960,1761,1,-9865,241,-316,-316,0,0,0,01,3,0,0
D,1271863231,979,1763,2,-9867,226,-316,-315,0,0,0,01,3,0,0
D,1271864243,1012,1764,1,-9868,225,-316,-315,0,0,0,01,3,0,0
D,1271865240,997,1765,1,-9869,224,-316,-316,0,0,0,01,3,0,0
D,1271866251,1011,1766,1,-9870,236,-316,-315,0,0,0,01,3,0,0
D,1271867245,994,1768,2,-9872,227,-316,-315,0,0,0,01,3,0,0
D,1271868242,997,1769,1,-9873,224,-316,-315,0,0,0,01,3,0,0
D,1271869255,1013,1771,2,-9875,243,-316,-323,0,0,0,01,3,0,0
D,1271870327,1072,1772,1,-9876,322,-316,-317,0,0,0,01,3,0,0
D,1271871363,1036,1773,1,-9877,345,-316,-317,0,0,0,01,3,0,0
D,1271872263,900,1774,1,-9878,258,-316,-317,0,0,0,01,3,0,0
D,1271873261,998,1776,2,-9880,251,-316,-317,0,0,0,01,3,0,0
D,1271874304,1043,1777,1,-9881,294,-316,-317,0,0,0,01,3,0,0
D,1271875268,964,1778,1,-9882,257,-316,-317,0,0,0,01,3,0,0
D,1271876271,1003,1780,2,-9884,252,-316,-317,0,0,0,01,3,0,0
D,1271877261,990,1781,1,-9885,251,-316,-317,0,0,0,01,3,0,0
D,1271878278,1017,1782,1,-9886,264,-316,-317,0,0,0,01,3,0,0
D,1271879279,1001,1783,1,-9887,263,-316,-317,0,0,0,01,3,0,0
D,1271880277,998,1785,2,-9889,260,-317,-323,0,0,0,01,3,0,0
D,1271881286,1009,1786,1,-9890,277,-317,-316,0,0,0,01,3,0,0
D,1271882248,962,1787,1,-9891,239,-317,-316,0,0,0,01,3,0,0
D,1271883246,998,1788,1,-9892,227,-316,-307,0,0,0,01,3,0,0
D,1271884229,983,1790,2,-9894,224,-316,-315,0,0,0,01,3,0,0
D,1271885241,1012,1791,1,-9895,223,-316,-316,0,0,0,01,3,0,0
D,1271886240,999,1792,1,-9896,234,-316,-315,0,0,0,01,3,0,0
D,1271887232,992,1794,2,-9898,226,-316,-315,0,0,0,01,3,0,0
D,1271888228,996,1795,1,-9899,223,-316,-315,0,0,0,01,3,0,0
D,1271889253,1025,1796,1,-9900,241,-316,-315,0,0,0,01,3,0,0
D,1271890345,1092,1798,2,-9902,325,-316,-317,0,0,0,01,3,0,0
D,1271891341,996,1799,1,-9903,335,-316,-317,0,0,0,01,3,0,0
D,1271892265,924,1801,2,-9905,259,-316,-325,0,0,0,01,3,0,0
D,1271893273,1008,1802,1,-9906,257,-316,-317,0,0,0,01,3,0,0
D,1271894305,1032,1803,1,-9907,292,-316,-317,0,0,0,01,3,0,0
D,1271895271,966,1804,1,-9908,258,-316,-317,0,0,0,01,3,0,0
D,1271896261,990,1806,2,-9910,255,-317,-325,0,0,0,01,3,0,0
D,1271897270,1009,1807,1,-9911,256,-317,-317,0,0,0,01,3,0,0
D,1271898282,1012,1808,1,-9912,263,-317,-317,0,0,0,01,3,0,0
D,1271899282,1000,1809,1,-9913,265,-317,-309,0,0,0,01,3,0,0
D,1271900260,978,1811,2,-9915,254,-316,-315,0,0,0,01,3,0,0
D,1271901287,1027,1812,1,-9916,278,-316,-315,0,0,0,01,3,0,0
D,1271902260,973,1813,1,-9917,244,-316,-316,0,0,0,01,3,0,0
D,1271903236,976,1815,2,-9919,224,-317,-323,0,0,0,01,3,0,0
D,1271904232,996,1816,1,-9920,224,-317,-315,0,0,0,01,3,0,0
D,1271905243,1011,1817,1,-9921,224,-317,-316,0,0,0,01,3,0,0
D,1271906249,1006,1818,1,-9922,239,-317,-315,0,0,0,01,3,0,0
D,1271907241,992,1820,2,-9924,225,-316,-315,0,0,0,01,3,0,0
D,1271908235,994,1821,1,-9925,224,-316,-315,0,0,0,01,3,0,0
D,1271909261,1026,1822,1,-9926,243,-316,-315,0,0,0,01,3,0,0
D,1271910330,1069,1824,2,-9928,325,-316,-317,0,0,0,01,3,0,0
D,1271911360,1030,1825,1,-9929,347,-316,-317,0,0,0,01,3,0,0
D,1271912269,909,1826,1,-9930,259,-316,-317,0,0,0,01,3,0,0
D,1271913266,997,1828,2,-9932,252,-317,-325,0,0,0,01,3,0,0
D,1271914301,1035,1829,1,-9933,292,-317,-317,0,0,0,01,3,0,0
D,1271915266,965,1830,1,-9934,256,-317,-317,0,0,0,01,3,0,0
D,1271916265,999,1831,1,-9935,253,-317,-317,0,0,0,01,3,0,0
D,1271917265,1000,1833,2,-9937,252,-317,-317,0,0,0,01,3,0,0
D,1271918279,1014,1834,1,-9938,262,-317,-317,0,0,0,01,3,0,0
D,1271919278,999,1835,1,-9939,262,-317,-317,0,0,0,01,3,0,0
D,1271920277,999,1837,2,-9941,262,-317,-323,0,0,0,01,3,0,0
D,1271921291,1014,1838,1,-9942,277,-317,-316,0,0,0,01,3,0,0
D,1271922249,958,1839,1,-9943,236,-317,-316,0,0,0,01,3,0,0
D,1271923248,999,1840,1,-9944,229,-317,-307,0,0,0,01,3,0,0
D,1271924231,983,1842,2,-9946,224,-317,-315,0,0,0,01,3,0,0
D,1271925241,1010,1843,1,-9947,223,-316,-316,0,0,0,01,3,0,0
D,1271926237,996,1845,2,-9949,232,-317,-323,0,0,0,01,3,0,0
D,1271927248,1011,1846,1,-9950,229,-317,-315,0,0,0,01,3,0,0
D,1271928230,982,1847,1,-9951,224,-317,-315,0,0,0,01,3,0,0
D,1271929257,1027,1848,1,-9952,241,-317,-315,0,0,0,01,3,0,0
D,1271930343,1086,1850,2,-9954,323,-317,-317,0,0,0,01,3,0,0
D,1271931356,1013,1851,1,-9955,337,-317,-317,0,0,0,01,3,0,0
D,1271932265,909,1852,1,-9956,260,-317,-317,0,0,0,01,3,0,0
D,1271933262,997,1853,1,-9957,256,-316,-309,0,0,0,01,3,0,0
D,1271934301,1039,1855,2,-9959,290,-316,-317,0,0,0,01,3,0,0
D,1271935269,968,1856,1,-9960,258,-316,-317,0,0,0,01,3,0,0
D,1271936260,991,1857,1,-9961,255,-316,-317,0,0,0,01,3,0,0
D,1271937267,1007,1859,2,-9963,254,-316,-317,0,0,0,01,3,0,0
D,1271938280,1013,1860,1,-9964,262,-316,-317,0,0,0,01,3,0,0
D,1271939277,997,1861,1,-9965,262,-316,-317,0,0,0,01,3,0,0
D,1271940270,993,1863,2,-9967,256,-317,-323,0,0,0,01,3,0,0
D,1271941285,1015,1864,1,-9968,278,-317,-315,0,0,0,01,3,0,0
D,1271942250,965,1865,1,-9969,241,-317,-316,0,0,0,01,3,0,0
D,1271943246,996,1867,2,-9971,227,-317,-323,0,0,0,01,3,0,0
D,1271944229,983,1868,1,-9972,224,-317,-315,0,0,0,01,3,0,0
D,1271945243,1014,1869,1,-9973,225,-317,-316,0,0,0,01,3,0,0
D,1271946245,1002,1870,1,-9974,236,-317,-315,0,0,0,01,3,0,0
D,1271947237,992,1872,2,-9976,227,-317,-323,0,0,0,01,3,0,0
D,1271948235,998,1873,1,-9977,225,-317,-315,0,0,0,01,3,0,0
D,1271949259,1024,1874,1,-9978,242,-317,-315,0,0,0,01,3,0,0
D,1271950337,1078,1876,2,-9980,320,-317,-317,0,0,0,01,3,0,0
D,1271951345,1008,1877,1,-9981,339,-317,-317,0,0,0,01,3,0,0
D,1271952269,924,1878,1,-9982,256,-317,-317,0,0,0,01,3,0,0
D,1271953275,1006,1880,2,-9984,255,-317,-325,0,0,0,01,3,0,0
D,1271954297,1022,1881,1,-9985,282,-317,-317,0,0,0,01,3,0,0
D,1271955274,977,1882,1,-9986,260,-317,-317,0,0,0,01,3,0,0
D,1271956265,991,1884,2,-9988,257,-317,-317,0,0,0,01,3,0,0
D,1271957268,1003,1885,1,-9989,254,-317,-317,0,0,0,01,3,0,0
D,1271958279,1011,1886,1,-9990,265,-317,-317,0,0,0,01,3,0,0
D,1271959277,998,1888,2,-9992,262,-317,-325,0,0,0,01,3,0,0
D,1271960263,986,1889,1,-9993,258,-318,-323,0,0,0,01,3,0,0
D,1271961296,1033,1890,1,-9994,279,-318,-315,0,0,0,01,3,0,0
D,1271962251,955,1891,1,-9995,242,-318,-316,0,0,0,01,3,0,0
D,1271963232,981,1893,2,-9997,224,-318,-323,0,0,0,01,3,0,0
D,1271964231,999,1894,1,-9998,224,-318,-323,0,0,0,01,3,0,0
D,1271965243,1012,1895,1,-9999,224,-318,-316,0,0,0,01,3,0,0
D,1271966245,1002,1897,2,-10001,238,-318,-323,0,0,0,01,3,0,0
D,1271967242,997,1898,1,-10002,224,-318,-323,0,0,0,01,3,0,0
D,1271968243,1001,1899,1,-10003,225,-318,-315,0,0,0,01,3,0,0
D,1271969260,1017,1901,2,-10005,242,-318,-323,0,0,0,01,3,0,0
D,1271970344,1084,1902,1,-10006,324,-318,-317,0,0,0,01,3,0,0
D,1271971342,998,1903,1,-10007,335,-318,-317,0,0,0,01,3,0,0
D,1271972278,936,1904,1,-10008,261,-318,-317,0,0,0,01,3,0,0
D,1271973268,990,1906,2,-10010,254,-318,-317,0,0,0,01,3,0,0
D,1271974304,1036,1907,1,-10011,291,-318,-317,0,0,0,01,3,0,0
D,1271975267,963,1909,2,-10013,256,-318,-325,0,0,0,01,3,0,0
D,1271976263,996,1910,1,-10014,256,-319,-325,0,0,0,01,3,0,0
D,1271977263,1000,1911,1,-10015,252,-319,-317,0,0,0,01,3,0,0
D,1271978279,1016,1912,1,-10016,262,-318,-317,0,0,0,01,3,0,0
D,1271979277,998,1914,2,-10018,264,-319,-325,0,0,0,01,3,0,0
D,1271980275,998,1915,1,-10019,259,-319,-323,0,0,0,01,3,0,0
D,1271981283,1008,1916,1,-10020,277,-319,-316,0,0,0,01,3,0,0
D,1271982249,966,1918,2,-10022,240,-319,-324,0,0,0,01,3,0,0
D,1271983245,996,1919,1,-10023,225,-319,-323,0,0,0,01,3,0,0
D,1271984228,983,1920,1,-10024,223,-319,-315,0,0,0,01,3,0,0
D,1271985242,1014,1922,2,-10026,223,-319,-323,0,0,0,01,3,0,0
D,1271986248,1006,1923,1,-10027,235,-319,-323,0,0,0,01,3,0,0
D,1271987244,996,1924,1,-10028,226,-319,-315,0,0,0,01,3,0,0
D,1271988242,998,1925,1,-10029,223,-319,-315,0,0,0,01,3,0,0
D,1271989253,1011,1927,2,-10031,240,-319,-323,0,0,0,01,3,0,0
D,1271990332,1079,1928,1,-10032,323,-319,-317,0,0,0,01,3,0,0
D,1271991366,1034,1930,2,-10034,345,-319,-325,0,0,0,01,3,0,0
D,1271992264,898,1931,1,-10035,259,-320,-325,0,0,0,01,3,0,0
D,1271993266,1002,1932,1,-10036,253,-319,-317,0,0,0,01,3,0,0
D,1271994300,1034,1933,1,-10037,289,-319,-317,0,0,0,01,3,0,0
D,1271995267,967,1935,2,-10039,257,-320,-325,0,0,0,01,3,0,0
D,1271996273,1006,1936,1,-10040,252,-319,-317,0,0,0,01,3,0,0
D,1271997268,995,1937,1,-10041,254,-319,-317,0,0,0,01,3,0,0
D,1271998279,1011,1939,2,-10043,264,-320,-325,0,0,0,01,3,0,0
D,1271999279,1000,1940,1,-10044,263,-319,-317,0,0,0,01,3,0,0
D,1272000275,996,1941,1,-10045,258,-319,-315,0,0,0,01,3,0,0
D,1272001291,1016,1943,2,-10047,277,-319,-323,0,0,0,01,3,0,0
D,1272002242,951,1944,1,-10048,235,-320,-324,0,0,0,01,3,0,0
D,1272003241,999,1945,1,-10049,229,-320,-323,0,0,0,01,3,0,0
D,1272004242,1001,1946,1,-10050,223,-320,-315,0,0,0,01,3,0,0
D,1272005242,1000,1948,2,-10052,224,-320,-324,0,0,0,01,3,0,0
D,1272006244,1002,1949,1,-10053,231,-320,-315,0,0,0,01,3,0,0
D,1272007241,997,1950,1,-10054,229,-319,-315,0,0,0,01,3,0,0
D,1272008242,1001,1952,2,-10056,224,-320,-323,0,0,0,01,3,0,0
D,1272009258,1016,1953,1,-10057,242,-320,-323,0,0,0,01,3,0,0
D,1272010330,1072,1955,2,-10059,321,-320,-325,0,0,0,01,3,0,0
D,1272011361,1031,1956,1,-10060,343,-320,-325,0,0,0,01,3,0,0
D,1272012270,909,1957,1,-10061,261,-320,-317,0,0,0,01,3,0,0
D,1272013265,995,1959,2,-10063,253,-320,-325,0,0,0,01,3,0,0
D,1272014302,1037,1960,1,-10064,289,-320,-325,0,0,0,01,3,0,0
D,1272015267,965,1961,1,-10065,254,-320,-317,0,0,0,01,3,0,0
D,1272016262,995,1963,2,-10067,256,-320,-325,0,0,0,01,3,0,0
D,1272017261,999,1964,1,-10068,251,-321,-325,0,0,0,01,3,0,0
D,1272018280,1019,1965,1,-10069,264,-321,-325,0,0,0,01,3,0,0
D,1272019278,998,1967,2,-10071,263,-321,-325,0,0,0,01,3,0,0
D,1272020280,1002,1968,1,-10072,260,-321,-323,0,0,0,01,3,0,0
D,1272021290,1010,1969,1,-10073,276,-321,-323,0,0,0,01,3,0,0
D,1272022246,956,1971,2,-10075,236,-321,-324,0,0,0,01,3,0,0
D,1272023235,989,1972,1,-10076,229,-321,-323,0,0,0,01,3,0,0
D,1272024240,1005,1973,1,-10077,223,-321,-323,0,0,0,01,3,0,0
D,1272025240,1000,1974,1,-10078,223,-322,-324,0,0,0,01,3,0,0
D,1272026251,1011,1976,2,-10080,232,-322,-323,0,0,0,01,3,0,0
D,1272027235,984,1977,1,-10081,229,-322,-323,0,0,0,01,3,0,0
D,1272028235,1000,1979,2,-10083,224,-322,-331,0,0,0,01,3,0,0
D,1272029259,1024,1980,1,-10084,241,-322,-323,0,0,0,01,3,0,0
D,1272030332,1073,1981,1,-10085,320,-322,-325,0,0,0,01,3,0,0
D,1272031364,1032,1983,2,-10087,343,-322,-325,0,0,0,01,3,0,0
D,1272032279,915,1984,1,-10088,260,-322,-325,0,0,0,01,3,0,0
D,1272033265,986,1985,1,-10089,252,-322,-325,0,0,0,01,3,0,0
D,1272034302,1037,1987,2,-10091,292,-323,-333,0,0,0,01,3,0,0
D,1272035267,965,1988,1,-10092,257,-323,-325,0,0,0,01,3,0,0
D,1272036259,992,1989,1,-10093,254,-323,-325,0,0,0,01,3,0,0
D,1272037264,1005,1990,1,-10094,252,-323,-325,0,0,0,01,3,0,0
D,1272038276,1012,1992,2,-10096,263,-323,-325,0,0,0,01,3,0,0
D,1272039278,1002,1993,1,-10097,264,-323,-325,0,0,0,01,3,0,0
D,1272040274,996,1994,1,-10098,259,-323,-323,0,0,0,01,3,0,0
D,1272041296,1022,1996,2,-10100,278,-323,-323,0,0,0,01,3,0,0
D,1272042252,956,1997,1,-10101,240,-323,-324,0,0,0,01,3,0,0
D,1272043231,979,1999,2,-10103,225,-324,-331,0,0,0,01,3,0,0
D,1272044231,1000,2000,1,-10104,223,-324,-323,0,0,0,01,3,0,0
D,1272045243,1012,2001,1,-10105,223,-324,-324,0,0,0,01,3,0,0
D,1272046247,1004,2002,1,-10106,235,-324,-323,0,0,0,01,3,0,0
D,1272047244,997,2004,2,-10108,226,-324,-323,0,0,0,01,3,0,0
D,1272048242,998,2005,1,-10109,223,-324,-323,0,0,0,01,3,0,0
D,1272049257,1015,2007,2,-10111,241,-324,-331,0,0,0,01,3,0,0
D,1272050343,1086,2008,1,-10112,323,-324,-325,0,0,0,01,3,0,0
D,1272051346,1003,2009,1,-10113,337,-324,-325,0,0,0,01,3,0,0
D,1272052268,922,2010,1,-10114,260,-324,-317,0,0,0,01,3,0,0
D,1272053262,994,2012,2,-10116,256,-324,-325,0,0,0,01,3,0,0
D,1272054301,1039,2013,1,-10117,293,-324,-325,0,0,0,01,3,0,0
D,1272055266,965,2014,1,-10118,254,-324,-325,0,0,0,01,3,0,0
D,1272056271,1005,2016,2,-10120,256,-324,-325,0,0,0,01,3,0,0
D,1272057264,993,2017,1,-10121,252,-324,-325,0,0,0,01,3,0,0
D,1272058279,1015,2019,2,-10123,262,-324,-325,0,0,0,01,3,0,0
D,1272059282,1003,2020,1,-10124,263,-324,-325,0,0,0,01,3,0,0
D,1272060279,997,2021,1,-10125,260,-324,-323,0,0,0,01,3,0,0
D,1272061283,1004,2023,2,-10127,274,-324,-331,0,0,0,01,3,0,0
D,1272062252,969,2024,1,-10128,237,-324,-324,0,0,0,01,3,0,0
D,1272063239,987,2025,1,-10129,228,-324,-323,0,0,0,01,3,0,0
D,1272064241,1002,2027,2,-10131,223,-325,-331,0,0,0,01,3,0,0
D,1272065242,1001,2028,1,-10132,224,-324,-324,0,0,0,01,3,0,0
D,1272066237,995,2029,1,-10133,231,-324,-323,0,0,0,01,3,0,0
D,1272067237,1000,2030,1,-10134,229,-324,-323,0,0,0,01,3,0,0
D,1272068239,1002,2032,2,-10136,223,-325,-331,0,0,0,01,3,0,0
D,1272069253,1014,2033,1,-10137,242,-325,-323,0,0,0,01,3,0,0
D,1272070329,1076,2035,2,-10139,323,-325,-333,0,0,0,01,3,0,0
D,1272071351,1022,2036,1,-10140,344,-325,-325,0,0,0,01,3,0,0
D,1272072266,915,2038,2,-10142,258,-325,-334,0,0,0,01,3,0,0
D,1272073272,1006,2039,1,-10143,253,-325,-325,0,0,0,01,3,0,0
D,1272074296,1024,2040,1,-10144,280,-325,-325,0,0,0,01,3,0,0
D,1272075275,979,2042,2,-10146,260,-326,-333,0,0,0,01,3,0,0
D,1272076261,986,2043,1,-10147,256,-326,-334,0,0,0,01,3,0,0
D,1272077262,1001,2044,1,-10148,252,-326,-325,0,0,0,01,3,0,0
D,1272078280,1018,2046,2,-10150,266,-326,-333,0,0,0,01,3,0,0
D,1272079277,997,2047,1,-10151,263,-326,-325,0,0,0,01,3,0,0
D,1272080281,1004,2048,1,-10152,262,-326,-323,0,0,0,01,3,0,0
D,1272081294,1013,2050,2,-10154,277,-326,-331,0,0,0,01,3,0,0
D,1272082243,949,2051,1,-10155,238,-326,-332,0,0,0,01,3,0,0
D,1272083231,988,2052,1,-10156,226,-327,-331,0,0,0,01,3,0,0
D,1272084231,1000,2054,2,-10158,223,-327,-331,0,0,0,01,3,0,0
D,1272085228,997,2055,1,-10159,223,-327,-332,0,0,0,01,3,0,0
D,1272086240,1012,2056,1,-10160,234,-327,-331,0,0,0,01,3,0,0
D,1272087237,997,2058,2,-10162,227,-327,-331,0,0,0,01,3,0,0
D,1272088239,1002,2059,1,-10163,223,-327,-331,0,0,0,01,3,0,0
D,1272089255,1016,2061,2,-10165,241,-328,-331,0,0,0,01,3,0,0
D,1272090342,1087,2062,1,-10166,325,-328,-333,0,0,0,01,3,0,0
D,1272091360,1018,2063,1,-10167,339,-328,-325,0,0,0,01,3,0,0
D,1272092267,907,2065,2,-10169,259,-328,-333,0,0,0,01,3,0,0
D,1272093276,1009,2066,1,-10170,256,-328,-333,0,0,0,01,3,0,0
D,1272094305,1029,2067,1,-10171,295,-328,-325,0,0,0,01,3,0,0
D,1272095269,964,2069,2,-10173,257,-328,-333,0,0,0,01,3,0,0
D,1272096260,991,2070,1,-10174,252,-328,-333,0,0,0,01,3,0,0
D,1272097268,1008,2071,1,-10175,255,-329,-333,0,0,0,01,3,0,0
D,1272098282,1014,2073,2,-10177,264,-329,-333,0,0,0,01,3,0,0
D,1272099274,992,2074,1,-10178,265,-329,-333,0,0,0,01,3,0,0
D,1272100272,998,2076,2,-10180,256,-329,-338,0,0,0,01,3,0,0
D,1272101282,1010,2077,1,-10181,276,-329,-331,0,0,0,01,3,0,0
D,1272102261,979,2078,1,-10182,243,-329,-332,0,0,0,01,3,0,0
D,1272103243,982,2079,1,-10183,224,-329,-323,0,0,0,01,3,0,0
D,1272104243,1000,2081,2,-10185,224,-329,-331,0,0,0,01,3,0,0
D,1272105243,1000,2082,1,-10186,225,-329,-331,0,0,0,01,3,0,0
D,1272106245,1002,2084,2,-10188,238,-329,-331,0,0,0,01,3,0,0
D,1272107243,998,2085,1,-10189,225,-329,-331,0,0,0,01,3,0,0
D,1272108242,999,2086,1,-10190,224,-330,-331,0,0,0,01,3,0,0
D,1272109261,1019,2088,2,-10192,246,-330,-331,0,0,0,01,3,0,0
D,1272110327,1066,2089,1,-10193,319,-330,-333,0,0,0,01,3,0,0
D,1272111365,1038,2091,2,-10195,345,-330,-333,0,0,0,01,3,0,0
D,1272112268,903,2092,1,-10196,259,-330,-333,0,0,0,01,3,0,0
D,1272113265,997,2093,1,-10197,252,-330,-333,0,0,0,01,3,0,0
D,1272114303,1038,2095,2,-10199,292,-330,-333,0,0,0,01,3,0,0
D,1272115266,963,2096,1,-10200,256,-330,-333,0,0,0,01,3,0,0
D,1272116272,1006,2098,2,-10202,252,-331,-341,0,0,0,01,3,0,0
D,1272117262,990,2099,1,-10203,250,-331,-333,0,0,0,01,3,0,0
D,1272118280,1018,2100,1,-10204,264,-331,-333,0,0,0,01,3,0,0
D,1272119271,991,2102,2,-10206,264,-331,-333,0,0,0,01,3,0,0
D,1272120271,1000,2103,1,-10207,259,-331,-331,0,0,0,01,3,0,0
D,1272121285,1014,2105,2,-10209,279,-331,-339,0,0,0,01,3,0,0
D,1272122252,967,2106,1,-10210,238,-332,-340,0,0,0,01,3,0,0
D,1272123234,982,2107,1,-10211,227,-332,-331,0,0,0,01,3,0,0
D,1272124234,1000,2109,2,-10213,223,-332,-339,0,0,0,01,3,0,0
D,1272125231,997,2110,1,-10214,223,-332,-339,0,0,0,01,3,0,0
D,1272126248,1017,2112,2,-10216,234,-333,-339,0,0,0,01,3,0,0
D,1272127246,998,2113,1,-10217,227,-333,-339,0,0,0,01,3,0,0
D,1272128229,983,2114,1,-10218,224,-333,-339,0,0,0,01,3,0,0
D,1272129258,1029,2115,1,-10219,242,-333,-331,0,0,0,01,3,0,0
D,1272130326,1068,2117,2,-10221,321,-333,-333,0,0,0,01,3,0,0
D,1272131361,1035,2119,2,-10223,342,-333,-341,0,0,0,01,3,0,0
D,1272132282,921,2120,1,-10224,263,-334,-342,0,0,0,01,3,0,0
D,1272133264,982,2121,1,-10225,251,-334,-342,0,0,0,01,3,0,0
D,1272134308,1044,2123,2,-10227,294,-334,-341,0,0,0,01,3,0,0
D,1272135262,954,2124,1,-10228,252,-334,-342,0,0,0,01,3,0,0
D,1272136275,1013,2125,1,-10229,256,-334,-333,0,0,0,01,3,0,0
D,1272137255,980,2127,2,-10231,249,-335,-342,0,0,0,01,3,0,0
D,1272138278,1023,2128,1,-10232,264,-335,-341,0,0,0,01,3,0,0
D,1272139276,998,2129,1,-10233,262,-335,-333,0,0,0,01,3,0,0
D,1272140276,1000,2131,2,-10235,259,-335,-338,0,0,0,01,3,0,0
D,1272141283,1007,2132,1,-10236,276,-335,-339,0,0,0,01,3,0,0
D,1272142247,964,2134,2,-10238,239,-335,-340,0,0,0,01,3,0,0
D,1272143245,998,2135,1,-10239,226,-336,-339,0,0,0,01,3,0,0
D,1272144230,985,2137,2,-10241,223,-336,-347,0,0,0,01,3,0,0
D,1272145242,1012,2138,1,-10242,223,-336,-339,0,0,0,01,3,0,0
D,1272146242,1000,2139,1,-10243,235,-336,-339,0,0,0,01,3,0,0
D,1272147242,1000,2141,2,-10245,226,-336,-339,0,0,0,01,3,0,0
D,1272148242,1000,2142,1,-10246,224,-336,-339,0,0,0,01,3,0,0
D,1272149254,1012,2144,2,-10248,241,-337,-347,0,0,0,01,3,0,0
D,1272150345,1091,2145,1,-10249,325,-337,-341,0,0,0,01,3,0,0
D,1272151357,1012,2146,1,-10250,338,-337,-333,0,0,0,01,3,0,0
D,1272152266,909,2148,2,-10252,258,-337,-342,0,0,0,01,3,0,0
D,1272153275,1009,2149,1,-10253,256,-337,-341,0,0,0,01,3,0,0
D,1272154299,1024,2150,1,-10254,291,-337,-333,0,0,0,01,3,0,0
D,1272155267,968,2152,2,-10256,257,-337,-341,0,0,0,01,3,0,0
D,1272156259,992,2153,1,-10257,251,-337,-334,0,0,0,01,3,0,0
D,1272157267,1008,2155,2,-10259,254,-337,-342,0,0,0,01,3,0,0
D,1272158280,1013,2156,1,-10260,262,-337,-341,0,0,0,01,3,0,0
D,1272159280,1000,2158,2,-10262,263,-338,-350,0,0,0,01,3,0,0
D,1272160264,984,2159,1,-10263,259,-338,-346,0,0,0,01,3,0,0
D,1272161293,1029,2161,2,-10265,276,-339,-347,0,0,0,01,3,0,0
D,1272162245,952,2162,1,-10266,240,-339,-340,0,0,0,01,3,0,0
D,1272163245,1000,2163,1,-10267,227,-339,-339,0,0,0,01,3,0,0
D,1272164230,985,2165,2,-10269,225,-339,-347,0,0,0,01,3,0,0
D,1272165243,1013,2166,1,-10270,225,-339,-339,0,0,0,01,3,0,0
D,1272166243,1000,2168,2,-10272,236,-339,-347,0,0,0,01,3,0,0
D,1272167238,995,2169,1,-10273,227,-340,-347,0,0,0,01,3,0,0
D,1272168240,1002,2170,1,-10274,224,-340,-339,0,0,0,01,3,0,0
D,1272169259,1019,2172,2,-10276,246,-340,-347,0,0,0,01,3,0,0
D,1272170324,1065,2173,1,-10277,319,-340,-341,0,0,0,01,3,0,0
D,1272171365,1041,2175,2,-10279,345,-340,-349,0,0,0,01,3,0,0
D,1272172282,917,2176,1,-10280,265,-340,-341,0,0,0,01,3,0,0
D,1272173264,982,2177,1,-10281,251,-340,-342,0,0,0,01,3,0,0
D,1272174302,1038,2179,2,-10283,291,-340,-341,0,0,0,01,3,0,0
D,1272175266,964,2180,1,-10284,256,-340,-342,0,0,0,01,3,0,0
D,1272176268,1002,2182,2,-10286,251,-341,-350,0,0,0,01,3,0,0
D,1272177265,997,2183,1,-10287,252,-341,-342,0,0,0,01,3,0,0
D,1272178280,1015,2185,2,-10289,264,-341,-349,0,0,0,01,3,0,0
D,1272179283,1003,2186,1,-10290,264,-341,-341,0,0,0,01,3,0,0
D,1272180278,995,2188,2,-10292,259,-341,-346,0,0,0,01,3,0,0
D,1272181283,1005,2189,1,-10293,276,-342,-347,0,0,0,01,3,0,0
D,1272182245,962,2190,1,-10294,236,-342,-348,0,0,0,01,3,0,0
D,1272183239,994,2192,2,-10296,226,-342,-347,0,0,0,01,3,0,0
D,1272184239,1000,2193,1,-10297,221,-342,-347,0,0,0,01,3,0,0
D,1272185232,993,2195,2,-10299,223,-343,-355,0,0,0,01,3,0,0
D,1272186245,1013,2196,1,-10300,232,-343,-347,0,0,0,01,3,0,0
D,1272187236,991,2197,1,-10301,226,-343,-347,0,0,0,01,3,0,0
D,1272188231,995,2199,2,-10303,221,-343,-347,0,0,0,01,3,0,0
D,1272189254,1023,2201,2,-10305,242,-344,-355,0,0,0,01,3,0,0
D,1272190325,1071,2202,1,-10306,320,-344,-349,0,0,0,01,3,0,0
D,1272191363,1038,2203,1,-10307,345,-344,-341,0,0,0,01,3,0,0
D,1272192266,903,2205,2,-10309,259,-344,-350,0,0,0,01,3,0,0
D,1272193272,1006,2206,1,-10310,253,-344,-350,0,0,0,01,3,0,0
D,1272194303,1031,2208,2,-10312,289,-344,-349,0,0,0,01,3,0,0
D,1272195267,964,2209,1,-10313,256,-345,-350,0,0,0,01,3,0,0
D,1272196268,1001,2210,1,-10314,257,-344,-342,0,0,0,01,3,0,0
D,1272197268,1000,2212,2,-10316,253,-345,-350,0,0,0,01,3,0,0
D,1272198280,1012,2213,1,-10317,265,-345,-349,0,0,0,01,3,0,0
D,1272199278,998,2215,2,-10319,262,-345,-350,0,0,0,01,3,0,0
D,1272200278,1000,2216,1,-10320,259,-345,-346,0,0,0,01,3,0,0
D,1272201280,1002,2217,1,-10321,274,-345,-347,0,0,0,01,3,0,0
D,1272202250,970,2219,2,-10323,236,-345,-348,0,0,0,01,3,0,0
D,1272203236,986,2221,2,-10325,229,-346,-355,0,0,0,01,3,0,0
D,1272204239,1003,2222,1,-10326,223,-346,-355,0,0,0,01,3,0,0
D,1272205239,1000,2223,1,-10327,223,-346,-347,0,0,0,01,3,0,0
D,1272206251,1012,2225,2,-10329,232,-346,-355,0,0,0,01,3,0,0
D,1272207235,984,2226,1,-10330,229,-346,-347,0,0,0,01,3,0,0
D,1272208234,999,2228,2,-10332,223,-347,-355,0,0,0,01,3,0,0
D,1272209266,1032,2229,1,-10333,247,-347,-347,0,0,0,01,3,0,0
D,1272210331,1065,2231,2,-10335,318,-347,-349,0,0,0,01,3,0,0
D,1272211360,1029,2232,1,-10336,343,-347,-349,0,0,0,01,3,0,0
D,1272212271,911,2233,1,-10337,260,-347,-350,0,0,0,01,3,0,0
D,1272213265,994,2235,2,-10339,253,-347,-350,0,0,0,01,3,0,0
D,1272214300,1035,2237,2,-10341,286,-348,-357,0,0,0,01,3,0,0
D,1272215264,964,2238,1,-10342,256,-348,-350,0,0,0,01,3,0,0
D,1272216269,1005,2239,1,-10343,256,-348,-350,0,0,0,01,3,0,0
D,1272217263,994,2241,2,-10345,251,-348,-358,0,0,0,01,3,0,0
D,1272218282,1019,2242,1,-10346,266,-348,-349,0,0,0,01,3,0,0
D,1272219278,996,2244,2,-10348,262,-348,-350,0,0,0,01,3,0,0
D,1272220261,983,2245,1,-10349,256,-348,-346,0,0,0,01,3,0,0
D,1272221297,1036,2247,2,-10351,280,-348,-355,0,0,0,01,3,0,0
D,1272222251,954,2248,1,-10352,242,-349,-356,0,0,0,01,3,0,0
D,1272223232,981,2250,2,-10354,224,-349,-355,0,0,0,01,3,0,0
D,1272224231,999,2251,1,-10355,224,-349,-355,0,0,0,01,3,0,0
D,1272225243,1012,2253,2,-10357,224,-349,-355,0,0,0,01,3,0,0
D,1272226245,1002,2254,1,-10358,238,-350,-355,0,0,0,01,3,0,0
D,1272227242,997,2255,1,-10359,224,-350,-355,0,0,0,01,3,0,0
D,1272228242,1000,2257,2,-10361,224,-350,-355,0,0,0,01,3,0,0
D,1272229256,1014,2258,1,-10362,242,-350,-355,0,0,0,01,3,0,0
D,1272230330,1074,2260,2,-10364,324,-350,-357,0,0,0,01,3,0,0
D,1272231367,1037,2261,1,-10365,346,-351,-357,0,0,0,01,3,0,0
D,1272232268,901,2263,2,-10367,259,-351,-358,0,0,0,01,3,0,0
D,1272233271,1003,2264,1,-10368,253,-351,-350,0,0,0,01,3,0,0
D,1272234295,1024,2266,2,-10370,282,-351,-357,0,0,0,01,3,0,0
D,1272235264,969,2267,1,-10371,259,-351,-358,0,0,0,01,3,0,0
D,1272236271,1007,2268,1,-10372,251,-351,-350,0,0,0,01,3,0,0
D,1272237260,989,2270,2,-10374,252,-352,-358,0,0,0,01,3,0,0
D,1272238280,1020,2272,2,-10376,266,-352,-358,0,0,0,01,3,0,0
D,1272239275,995,2273,1,-10377,261,-352,-358,0,0,0,01,3,0,0
D,1272240273,998,2274,1,-10378,259,-352,-354,0,0,0,01,3,0,0
D,1272241295,1022,2276,2,-10380,278,-352,-355,0,0,0,01,3,0,0
D,1272242252,957,2278,2,-10382,242,-353,-364,0,0,0,01,3,0,0
D,1272243231,979,2279,1,-10383,223,-353,-363,0,0,0,01,3,0,0
D,1272244228,997,2280,1,-10384,223,-353,-355,0,0,0,01,3,0,0
D,1272245242,1014,2282,2,-10386,223,-353,-355,0,0,0,01,3,0,0
D,1272246245,1003,2283,1,-10387,238,-353,-355,0,0,0,01,3,0,0
D,1272247239,994,2285,2,-10389,223,-354,-363,0,0,0,01,3,0,0
D,1272248240,1001,2286,1,-10390,223,-354,-355,0,0,0,01,3,0,0
D,1272249253,1013,2288,2,-10392,241,-354,-363,0,0,0,01,3,0,0
D,1272250348,1095,2290,2,-10394,328,-355,-365,0,0,0,01,3,0,0
D,1272251359,1011,2291,1,-10395,338,-355,-357,0,0,0,01,3,0,0
D,1272252268,909,2292,1,-10396,260,-355,-358,0,0,0,01,3,0,0
D,1272253266,998,2294,2,-10398,256,-355,-358,0,0,0,01,3,0,0
D,1272254300,1034,2295,1,-10399,291,-355,-357,0,0,0,01,3,0,0
D,1272255267,967,2297,2,-10401,256,-355,-358,0,0,0,01,3,0,0
D,1272256268,1001,2298,1,-10402,251,-355,-358,0,0,0,01,3,0,0
D,1272257270,1002,2300,2,-10404,254,-356,-366,0,0,0,01,3,0,0
D,1272258279,1009,2301,1,-10405,261,-356,-358,0,0,0,01,3,0,0
D,1272259283,1004,2303,2,-10407,265,-356,-366,0,0,0,01,3,0,0
D,1272260264,981,2304,1,-10408,258,-356,-362,0,0,0,01,3,0,0
D,1272261284,1020,2305,1,-10409,278,-356,-355,0,0,0,01,3,0,0
D,1272262250,966,2307,2,-10411,241,-357,-364,0,0,0,01,3,0,0
D,1272263232,982,2309,2,-10413,227,-357,-363,0,0,0,01,3,0,0
D,1272264232,1000,2310,1,-10414,224,-357,-363,0,0,0,01,3,0,0
D,1272265244,1012,2311,1,-10415,225,-357,-355,0,0,0,01,3,0,0
D,1272266243,999,2313,2,-10417,236,-357,-363,0,0,0,01,3,0,0
D,1272267243,1000,2315,2,-10419,227,-358,-370,0,0,0,01,3,0,0
D,1272268243,1000,2316,1,-10420,225,-358,-362,0,0,0,01,3,0,0
D,1272269258,1015,2317,1,-10421,243,-358,-355,0,0,0,01,3,0,0
D,1272270330,1072,2319,2,-10423,321,-358,-366,0,0,0,01,3,0,0
D,1272271368,1038,2320,1,-10424,348,-358,-357,0,0,0,01,3,0,0
D,1272272265,897,2322,2,-10426,258,-358,-358,0,0,0,01,3,0,0
D,1272273269,1004,2323,1,-10427,252,-358,-358,0,0,0,01,3,0,0
D,1272274295,1026,2325,2,-10429,284,-358,-365,0,0,0,01,3,0,0
D,1272275278,983,2326,1,-10430,260,-358,-358,0,0,0,01,3,0,0
D,1272276260,982,2328,2,-10432,252,-359,-366,0,0,0,01,3,0,0
D,1272277268,1008,2329,1,-10433,254,-359,-358,0,0,0,01,3,0,0
D,1272278280,1012,2331,2,-10435,265,-359,-366,0,0,0,01,3,0,0
D,1272279279,999,2332,1,-10436,262,-359,-358,0,0,0,01,3,0,0
D,1272280279,1000,2334,2,-10438,259,-359,-362,0,0,0,01,3,0,0
D,1272281294,1015,2335,1,-10439,277,-359,-355,0,0,0,01,3,0,0
D,1272282256,962,2337,2,-10441,238,-359,-363,0,0,0,01,3,0,0
D,1272283238,982,2338,1,-10442,226,-359,-363,0,0,0,01,3,0,0
D,1272284242,1004,2340,2,-10444,224,-359,-363,0,0,0,01,3,0,0
D,1272285242,1000,2341,1,-10445,224,-359,-363,0,0,0,01,3,0,0
D,1272286242,1000,2343,2,-10447,234,-359,-363,0,0,0,01,3,0,0
D,1272287237,995,2344,1,-10448,227,-360,-363,0,0,0,01,3,0,0
D,1272288239,1002,2346,2,-10450,223,-360,-363,0,0,0,01,3,0,0
D,1272289254,1015,2347,1,-10451,241,-360,-363,0,0,0,01,3,0,0
D,1272290347,1093,2349,2,-10453,328,-360,-365,0,0,0,01,3,0,0
D,1272291358,1011,2351,2,-10455,336,-361,-373,0,0,0,01,3,0,0
D,1272292281,923,2352,1,-10456,262,-361,-366,0,0,0,01,3,0,0
D,1272293268,987,2353,1,-10457,255,-361,-358,0,0,0,01,3,0,0
D,1272294314,1046,2355,2,-10459,297,-361,-365,0,0,0,01,3,0,0
D,1272295263,949,2356,1,-10460,252,-361,-366,0,0,0,01,3,0,0
D,1272296268,1005,2358,2,-10462,259,-361,-366,0,0,0,01,3,0,0
D,1272297261,993,2359,1,-10463,247,-361,-358,0,0,0,01,3,0,0
D,1272298283,1022,2361,2,-10465,267,-361,-366,0,0,0,01,3,0,0
D,1272299268,985,2362,1,-10466,260,-361,-366,0,0,0,01,3,0,0
D,1272300279,1011,2364,2,-10468,263,-362,-370,0,0,0,01,3,0,0
D,1272301291,1012,2365,1,-10469,274,-362,-363,0,0,0,01,3,0,0
D,1272302245,954,2367,2,-10471,237,-362,-372,0,0,0,01,3,0,0
D,1272303234,989,2368,1,-10472,229,-362,-363,0,0,0,01,3,0,0
D,1272304236,1002,2370,2,-10474,223,-363,-371,0,0,0,01,3,0,0
D,1272305233,997,2371,1,-10475,223,-363,-363,0,0,0,01,3,0,0
D,1272306245,1012,2373,2,-10477,232,-363,-371,0,0,0,01,3,0,0
D,1272307246,1001,2374,1,-10478,229,-363,-362,0,0,0,01,3,0,0
D,1272308230,984,2376,2,-10480,224,-363,-371,0,0,0,01,3,0,0
D,1272309255,1025,2377,1,-10481,241,-363,-363,0,0,0,01,3,0,0
D,1272310332,1077,2379,2,-10483,324,-363,-366,0,0,0,01,3,0,0
D,1272311359,1027,2381,2,-10485,345,-364,-374,0,0,0,01,3,0,0
D,1272312268,909,2382,1,-10486,259,-364,-366,0,0,0,01,3,0,0
D,1272313263,995,2384,2,-10488,254,-364,-374,0,0,0,01,3,0,0
D,1272314303,1040,2385,1,-10489,292,-364,-365,0,0,0,01,3,0,0
D,1272315271,968,2386,1,-10490,256,-364,-366,0,0,0,01,3,0,0
D,1272316262,991,2388,2,-10492,254,-364,-366,0,0,0,01,3,0,0
D,1272317264,1002,2390,2,-10494,253,-365,-374,0,0,0,01,3,0,0
D,1272318280,1016,2391,1,-10495,265,-365,-366,0,0,0,01,3,0,0
D,1272319277,997,2393,2,-10497,262,-365,-374,0,0,0,01,3,0,0
D,1272320278,1001,2394,1,-10498,260,-365,-370,0,0,0,01,3,0,0
D,1272321296,1018,2395,1,-10499,278,-365,-363,0,0,0,01,3,0,0
D,1272322250,954,2397,2,-10501,239,-365,-364,0,0,0,01,3,0,0
D,1272323244,994,2398,1,-10502,225,-365,-363,0,0,0,01,3,0,0
D,1272324229,985,2400,2,-10504,223,-365,-371,0,0,0,01,3,0,0
D,1272325242,1013,2401,1,-10505,224,-365,-363,0,0,0,01,3,0,0
D,1272326247,1005,2403,2,-10507,234,-365,-370,0,0,0,01,3,0,0
D,1272327244,997,2404,1,-10508,226,-365,-363,0,0,0,01,3,0,0
D,1272328242,998,2406,2,-10510,223,-365,-370,0,0,0,01,3,0,0
D,1272329258,1016,2408,2,-10512,242,-366,-370,0,0,0,01,3,0,0
D,1272330331,1073,2409,1,-10513,321,-366,-366,0,0,0,01,3,0,0
D,1272331356,1025,2410,1,-10514,341,-366,-365,0,0,0,01,3,0,0
D,1272332278,922,2412,2,-10516,262,-366,-366,0,0,0,01,3,0,0
D,1272333265,987,2414,2,-10518,252,-366,-374,0,0,0,01,3,0,0
D,1272334308,1043,2415,1,-10519,294,-366,-365,0,0,0,01,3,0,0
D,1272335262,954,2417,2,-10521,252,-366,-374,0,0,0,01,3,0,0
D,1272336276,1014,2418,1,-10522,256,-366,-366,0,0,0,01,3,0,0
D,1272337255,979,2420,2,-10524,249,-367,-374,0,0,0,01,3,0,0
D,1272338278,1023,2421,1,-10525,264,-367,-366,0,0,0,01,3,0,0
D,1272339275,997,2423,2,-10527,261,-367,-374,0,0,0,01,3,0,0
D,1272340276,1001,2424,1,-10528,259,-367,-370,0,0,0,01,3,0,0
D,1272341292,1016,2426,2,-10530,278,-367,-371,0,0,0,01,3,0,0
D,1272342252,960,2427,1,-10531,241,-367,-364,0,0,0,01,3,0,0
D,1272343234,982,2429,2,-10533,227,-367,-371,0,0,0,01,3,0,0
D,1272344235,1001,2430,1,-10534,225,-367,-363,0,0,0,01,3,0,0
D,1272345231,996,2432,2,-10536,224,-367,-371,0,0,0,01,3,0,0
D,1272346248,1017,2433,1,-10537,236,-367,-370,0,0,0,01,3,0,0
D,1272347245,997,2435,2,-10539,227,-367,-370,0,0,0,01,3,0,0
D,1272348243,998,2437,2,-10541,224,-367,-370,0,0,0,01,3,0,0
D,1272349255,1012,2438,1,-10542,242,-368,-370,0,0,0,01,3,0,0
D,1272350325,1070,2440,2,-10544,320,-368,-374,0,0,0,01,3,0,0
D,1272351362,1037,2441,1,-10545,345,-368,-374,0,0,0,01,3,0,0
D,1272352280,918,2443,2,-10547,262,-368,-374,0,0,0,01,3,0,0
D,1272353265,985,2444,1,-10548,251,-368,-374,0,0,0,01,3,0,0
D,1272354301,1036,2446,2,-10550,291,-369,-373,0,0,0,01,3,0,0
D,1272355265,964,2447,1,-10551,256,-369,-374,0,0,0,01,3,0,0
D,1272356270,1005,2449,2,-10553,253,-369,-374,0,0,0,01,3,0,0
D,1272357262,992,2450,1,-10554,250,-369,-374,0,0,0,01,3,0,0
D,1272358279,1017,2452,2,-10556,263,-369,-374,0,0,0,01,3,0,0
D,1272359282,1003,2453,1,-10557,264,-369,-366,0,0,0,01,3,0,0
D,1272360275,993,2455,2,-10559,259,-369,-370,0,0,0,01,3,0,0
D,1272361283,1008,2457,2,-10561,274,-370,-379,0,0,0,01,3,0,0
D,1272362244,961,2458,1,-10562,235,-370,-379,0,0,0,01,3,0,0
D,1272363247,1003,2459,1,-10563,229,-370,-371,0,0,0,01,3,0,0
D,1272364231,984,2461,2,-10565,223,-370,-371,0,0,0,01,3,0,0
D,1272365228,997,2463,2,-10567,223,-370,-379,0,0,0,01,3,0,0
D,1272366243,1015,2464,1,-10568,231,-370,-370,0,0,0,01,3,0,0
D,1272367240,997,2466,2,-10570,229,-371,-378,0,0,0,01,3,0,0
D,1272368242,1002,2467,1,-10571,224,-371,-370,0,0,0,01,3,0,0
D,1272369263,1021,2469,2,-10573,247,-371,-378,0,0,0,01,3,0,0
D,1272370328,1065,2471,2,-10575,318,-372,-382,0,0,0,01,3,0,0
D,1272371359,1031,2472,1,-10576,343,-372,-374,0,0,0,01,3,0,0
D,1272372282,923,2474,2,-10578,263,-372,-382,0,0,0,01,3,0,0
D,1272373265,983,2475,1,-10579,252,-372,-374,0,0,0,01,3,0,0
D,1272374301,1036,2477,2,-10581,290,-372,-382,0,0,0,01,3,0,0
D,1272375265,964,2478,1,-10582,256,-372,-374,0,0,0,01,3,0,0
D,1272376260,995,2480,2,-10584,254,-373,-382,0,0,0,01,3,0,0
D,1272377265,1005,2481,1,-10585,252,-373,-374,0,0,0,01,3,0,0
D,1272378277,1012,2483,2,-10587,263,-373,-374,0,0,0,01,3,0,0
D,1272379281,1004,2484,1,-10588,264,-373,-374,0,0,0,01,3,0,0
D,1272380267,986,2486,2,-10590,261,-373,-378,0,0,0,01,3,0,0
D,1272381295,1028,2487,1,-10591,278,-373,-371,0,0,0,01,3,0,0
D,1272382250,955,2489,2,-10593,240,-373,-379,0,0,0,01,3,0,0
D,1272383245,995,2491,2,-10595,227,-374,-378,0,0,0,01,3,0,0
D,1272384230,985,2492,1,-10596,225,-374,-378,0,0,0,01,3,0,0
D,1272385243,1013,2493,1,-10597,225,-374,-371,0,0,0,01,3,0,0
D,1272386248,1005,2495,2,-10599,236,-374,-378,0,0,0,01,3,0,0
D,1272387243,995,2496,1,-10600,227,-374,-370,0,0,0,01,3,0,0
D,1272388243,1000,2498,2,-10602,224,-374,-378,0,0,0,01,3,0,0
D,1272389255,1012,2500,2,-10604,242,-374,-378,0,0,0,01,3,0,0
D,1272390329,1074,2501,1,-10605,323,-374,-374,0,0,0,01,3,0,0
D,1272391348,1019,2503,2,-10607,341,-374,-374,0,0,0,01,3,0,0
D,1272392264,916,2504,1,-10608,259,-374,-374,0,0,0,01,3,0,0
D,1272393269,1005,2506,2,-10610,252,-374,-382,0,0,0,01,3,0,0
D,1272394298,1029,2508,2,-10612,288,-375,-382,0,0,0,01,3,0,0
D,1272395267,969,2509,1,-10613,257,-375,-374,0,0,0,01,3,0,0
D,1272396272,1005,2510,1,-10614,251,-375,-374,0,0,0,01,3,0,0
D,1272397268,996,2512,2,-10616,254,-375,-374,0,0,0,01,3,0,0
D,1272398280,1012,2513,1,-10617,264,-375,-374,0,0,0,01,3,0,0
D,1272399279,999,2515,2,-10619,261,-374,-374,0,0,0,01,3,0,0
D,1272400276,997,2517,2,-10621,259,-375,-378,0,0,0,01,3,0,0
D,1272401291,1015,2518,1,-10622,277,-374,-371,0,0,0,01,3,0,0
D,1272402253,962,2520,2,-10624,235,-375,-379,0,0,0,01,3,0,0
D,1272403237,984,2521,1,-10625,229,-374,-371,0,0,0,01,3,0,0
D,1272404241,1004,2523,2,-10627,223,-375,-378,0,0,0,01,3,0,0
D,1272405242,1001,2524,1,-10628,224,-374,-371,0,0,0,01,3,0,0
D,1272406244,1002,2526,2,-10630,231,-375,-378,0,0,0,01,3,0,0
D,1272407241,997,2527,1,-10631,229,-374,-370,0,0,0,01,3,0,0
D,1272408242,1001,2529,2,-10633,224,-375,-378,0,0,0,01,3,0,0
D,1272409258,1016,2531,2,-10635,242,-375,-378,0,0,0,01,3,0,0
D,1272410330,1072,2532,1,-10636,321,-375,-374,0,0,0,01,3,0,0
D,1272411347,1017,2534,2,-10638,339,-375,-382,0,0,0,01,3,0,0
D,1272412269,922,2535,1,-10639,261,-375,-374,0,0,0,01,3,0,0
D,1272413264,995,2537,2,-10641,253,-375,-374,0,0,0,01,3,0,0
D,1272414303,1039,2538,1,-10642,290,-375,-373,0,0,0,01,3,0,0
D,1272415259,956,2540,2,-10644,252,-375,-382,0,0,0,01,3,0,0
D,1272416264,1005,2541,1,-10645,256,-375,-374,0,0,0,01,3,0,0
D,1272417263,999,2543,2,-10647,251,-375,-382,0,0,0,01,3,0,0
D,1272418281,1018,2544,1,-10648,264,-375,-374,0,0,0,01,3,0,0
D,1272419279,998,2546,2,-10650,263,-375,-374,0,0,0,01,3,0,0
D,1272420265,986,2548,2,-10652,259,-375,-378,0,0,0,01,3,0,0
D,1272421282,1017,2549,1,-10653,277,-376,-379,0,0,0,01,3,0,0
D,1272422250,968,2551,2,-10655,240,-376,-379,0,0,0,01,3,0,0
D,1272423232,982,2552,1,-10656,226,-376,-378,0,0,0,01,3,0,0
D,1272424232,1000,2554,2,-10658,224,-376,-378,0,0,0,01,3,0,0
D,1272425244,1012,2556,2,-10660,224,-376,-379,0,0,0,01,3,0,0
D,1272426243,999,2557,1,-10661,236,-376,-378,0,0,0,01,3,0,0
D,1272427238,995,2558,1,-10662,227,-376,-378,0,0,0,01,3,0,0
D,1272428240,1002,2560,2,-10664,224,-376,-378,0,0,0,01,3,0,0
D,1272429252,1012,2562,2,-10666,242,-377,-386,0,0,0,01,3,0,0
D,1272430345,1093,2564,2,-10668,325,-377,-382,0,0,0,01,3,0,0
D,1272431341,996,2565,1,-10669,334,-377,-382,0,0,0,01,3,0,0
D,1272432267,926,2566,1,-10670,258,-377,-374,0,0,0,01,3,0,0
D,1272433274,1007,2568,2,-10672,257,-377,-382,0,0,0,01,3,0,0
D,1272434307,1033,2570,2,-10674,291,-377,-382,0,0,0,01,3,0,0
D,1272435264,957,2571,1,-10675,254,-378,-382,0,0,0,01,3,0,0
D,1272436272,1008,2573,2,-10677,260,-378,-382,0,0,0,01,3,0,0
D,1272437268,996,2574,1,-10678,250,-378,-382,0,0,0,01,3,0,0
D,1272438276,1008,2576,2,-10680,268,-378,-382,0,0,0,01,3,0,0
D,1272439280,1004,2577,1,-10681,261,-378,-374,0,0,0,01,3,0,0
D,1272440269,989,2579,2,-10683,263,-378,-378,0,0,0,01,3,0,0
D,1272441283,1014,2581,2,-10685,277,-378,-386,0,0,0,01,3,0,0
D,1272442247,964,2582,1,-10686,241,-378,-379,0,0,0,01,3,0,0
D,1272443246,999,2584,2,-10688,227,-379,-386,0,0,0,01,3,0,0
D,1272444230,984,2585,1,-10689,224,-379,-378,0,0,0,01,3,0,0
D,1272445243,1013,2587,2,-10691,224,-379,-387,0,0,0,01,3,0,0
D,1272446243,1000,2588,1,-10692,236,-379,-378,0,0,0,01,3,0,0
D,1272447243,1000,2590,2,-10694,227,-379,-386,0,0,0,01,3,0,0
D,1272448243,1000,2591,1,-10695,225,-379,-378,0,0,0,01,3,0,0
D,1272449257,1014,2593,2,-10697,242,-379,-386,0,0,0,01,3,0,0
D,1272450328,1071,2595,2,-10699,323,-379,-382,0,0,0,01,3,0,0
D,1272451349,1021,2596,1,-10700,343,-380,-382,0,0,0,01,3,0,0
D,1272452268,919,2598,2,-10702,260,-380,-382,0,0,0,01,3,0,0
D,1272453265,997,2599,1,-10703,251,-380,-382,0,0,0,01,3,0,0
D,1272454302,1037,2601,2,-10705,292,-380,-382,0,0,0,01,3,0,0
D,1272455267,965,2602,1,-10706,256,-380,-374,0,0,0,01,3,0,0
D,1272456275,1008,2604,2,-10708,253,-380,-382,0,0,0,01,3,0,0
D,1272457266,991,2605,1,-10709,252,-380,-382,0,0,0,01,3,0,0
D,1272458276,1010,2607,2,-10711,263,-380,-382,0,0,0,01,3,0,0
D,1272459280,1004,2609,2,-10713,264,-380,-382,0,0,0,01,3,0,0
D,1272460275,995,2610,1,-10714,259,-380,-378,0,0,0,01,3,0,0
D,1272461294,1019,2612,2,-10716,276,-380,-379,0,0,0,01,3,0,0
D,1272462250,956,2613,1,-10717,236,-380,-379,0,0,0,01,3,0,0
D,1272463234,984,2614,1,-10718,229,-380,-378,0,0,0,01,3,0,0
D,1272464240,1006,2616,2,-10720,224,-380,-378,0,0,0,01,3,0,0
D,1272465239,999,2618,2,-10722,223,-380,-379,0,0,0,01,3,0,0
D,1272466238,999,2619,1,-10723,232,-380,-378,0,0,0,01,3,0,0
D,1272467235,997,2620,1,-10724,229,-379,-371,0,0,0,01,3,0,0
D,1272468234,999,2622,2,-10726,223,-379,-378,0,0,0,01,3,0,0
D,1272469260,1026,2624,2,-10728,242,-379,-378,0,0,0,01,3,0,0
D,1272470330,1070,2626,2,-10730,320,-379,-382,0,0,0,01,3,0,0
D,1272471362,1032,2627,1,-10731,344,-379,-373,0,0,0,01,3,0,0
D,1272472273,911,2629,2,-10733,256,-379,-382,0,0,0,01,3,0,0
D,1272473266,993,2630,1,-10734,252,-379,-374,0,0,0,01,3,0,0
D,1272474300,1034,2632,2,-10736,285,-379,-382,0,0,0,01,3,0,0
D,1272475273,973,2634,2,-10738,257,-379,-382,0,0,0,01,3,0,0
D,1272476260,987,2635,1,-10739,254,-379,-382,0,0,0,01,3,0,0
D,1272477258,998,2637,2,-10741,247,-379,-382,0,0,0,01,3,0,0
D,1272478277,1019,2638,1,-10742,265,-380,-382,0,0,0,01,3,0,0
D,1272479273,996,2640,2,-10744,260,-380,-382,0,0,0,01,3,0,0
D,1272480275,1002,2641,1,-10745,261,-380,-378,0,0,0,01,3,0,0
D,1272481298,1023,2643,2,-10747,281,-380,-378,0,0,0,01,3,0,0
D,1272482255,957,2644,1,-10748,243,-380,-379,0,0,0,01,3,0,0
D,1272483236,981,2646,2,-10750,225,-379,-378,0,0,0,01,3,0,0
D,1272484234,998,2648,2,-10752,225,-380,-386,0,0,0,01,3,0,0
D,1272485230,996,2649,1,-10753,224,-380,-379,0,0,0,01,3,0,0
D,1272486246,1016,2651,2,-10755,239,-380,-386,0,0,0,01,3,0,0
D,1272487242,996,2652,1,-10756,224,-380,-378,0,0,0,01,3,0,0
D,1272488243,1001,2654,2,-10758,225,-380,-386,0,0,0,01,3,0,0
D,1272489256,1013,2655,1,-10759,242,-380,-378,0,0,0,01,3,0,0
D,1272490330,1074,2657,2,-10761,324,-380,-382,0,0,0,01,3,0,0
D,1272491363,1033,2659,2,-10763,344,-380,-382,0,0,0,01,3,0,0
D,1272492265,902,2660,1,-10764,260,-380,-382,0,0,0,01,3,0,0
D,1272493258,993,2662,2,-10766,253,-381,-390,0,0,0,01,3,0,0
D,1272494295,1037,2663,1,-10767,280,-381,-382,0,0,0,01,3,0,0
D,1272495271,976,2665,2,-10769,260,-381,-382,0,0,0,01,3,0,0
D,1272496276,1005,2666,1,-10770,255,-381,-382,0,0,0,01,3,0,0
D,1272497263,987,2668,2,-10772,252,-381,-390,0,0,0,01,3,0,0
D,1272498280,1017,2670,2,-10774,265,-382,-390,0,0,0,01,3,0,0
D,1272499278,998,2671,1,-10775,262,-382,-382,0,0,0,01,3,0,0
D,1272500263,985,2672,1,-10776,258,-381,-378,0,0,0,01,3,0,0
D,1272501295,1032,2674,2,-10778,278,-381,-378,0,0,0,01,3,0,0
D,1272502252,957,2676,2,-10780,242,-382,-387,0,0,0,01,3,0,0
D,1272503233,981,2677,1,-10781,224,-381,-379,0,0,0,01,3,0,0
D,1272504231,998,2679,2,-10783,224,-382,-386,0,0,0,01,3,0,0
D,1272505243,1012,2680,1,-10784,225,-381,-379,0,0,0,01,3,0,0
D,1272506245,1002,2682,2,-10786,238,-381,-378,0,0,0,01,3,0,0
D,1272507242,997,2683,1,-10787,224,-381,-378,0,0,0,01,3,0,0
D,1272508243,1001,2685,2,-10789,225,-381,-378,0,0,0,01,3,0,0
D,1272509258,1015,2686,1,-10790,243,-381,-378,0,0,0,01,3,0,0
D,1272510328,1070,2688,2,-10792,322,-381,-382,0,0,0,01,3,0,0
D,1272511362,1034,2690,2,-10794,345,-381,-382,0,0,0,01,3,0,0
D,1272512277,915,2691,1,-10795,260,-381,-382,0,0,0,01,3,0,0
D,1272513263,986,2693,2,-10797,252,-381,-382,0,0,0,01,3,0,0
D,1272514303,1040,2694,1,-10798,292,-381,-373,0,0,0,01,3,0,0
D,1272515268,965,2696,2,-10800,256,-381,-382,0,0,0,01,3,0,0
D,1272516273,1005,2698,2,-10802,253,-381,-382,0,0,0,01,3,0,0
D,1272517266,993,2699,1,-10803,252,-381,-382,0,0,0,01,3,0,0
D,1272518276,1010,2700,1,-10804,263,-381,-374,0,0,0,01,3,0,0
D,1272519277,1001,2702,2,-10806,261,-381,-382,0,0,0,01,3,0,0
D,1272520272,995,2704,2,-10808,256,-381,-386,0,0,0,01,3,0,0
D,1272521296,1024,2705,1,-10809,282,-381,-378,0,0,0,01,3,0,0
D,1272522248,952,2707,2,-10811,239,-381,-379,0,0,0,01,3,0,0
D,1272523244,996,2708,1,-10812,226,-381,-378,0,0,0,01,3,0,0
D,1272524229,985,2710,2,-10814,223,-381,-378,0,0,0,01,3,0,0
D,1272525242,1013,2711,1,-10815,223,-381,-379,0,0,0,01,3,0,0
D,1272526248,1006,2713,2,-10817,235,-380,-378,0,0,0,01,3,0,0
D,1272527244,996,2715,2,-10819,226,-381,-386,0,0,0,01,3,0,0
D,1272528242,998,2716,1,-10820,223,-381,-378,0,0,0,01,3,0,0
D,1272529255,1013,2717,1,-10821,241,-380,-370,0,0,0,01,3,0,0
D,1272530326,1071,2719,2,-10823,321,-380,-382,0,0,0,01,3,0,0
D,1272531360,1034,2721,2,-10825,345,-380,-382,0,0,0,01,3,0,0
D,1272532269,909,2722,1,-10826,261,-380,-374,0,0,0,01,3,0,0
D,1272533258,989,2724,2,-10828,253,-380,-382,0,0,0,01,3,0,0
D,1272534296,1038,2726,2,-10830,281,-380,-382,0,0,0,01,3,0,0
D,1272535272,976,2727,1,-10831,260,-380,-382,0,0,0,01,3,0,0
D,1272536272,1000,2728,1,-10832,256,-380,-374,0,0,0,01,3,0,0
D,1272537259,987,2730,2,-10834,253,-380,-382,0,0,0,01,3,0,0
D,1272538282,1023,2732,2,-10836,265,-380,-382,0,0,0,01,3,0,0
D,1272539280,998,2733,1,-10837,262,-380,-382,0,0,0,01,3,0,0
D,1272540273,993,2735,2,-10839,258,-380,-386,0,0,0,01,3,0,0
D,1272541287,1014,2736,1,-10840,278,-380,-379,0,0,0,01,3,0,0
D,1272542253,966,2738,2,-10842,242,-380,-379,0,0,0,01,3,0,0
D,1272543235,982,2739,1,-10843,224,-380,-379,0,0,0,01,3,0,0
D,1272544235,1000,2741,2,-10845,225,-380,-378,0,0,0,01,3,0,0
D,1272545231,996,2742,1,-10846,224,-380,-379,0,0,0,01,3,0,0
D,1272546245,1014,2744,2,-10848,238,-380,-378,0,0,0,01,3,0,0
D,1272547242,997,2746,2,-10850,224,-380,-378,0,0,0,01,3,0,0
D,1272548243,1001,2747,1,-10851,225,-380,-378,0,0,0,01,3,0,0
D,1272549256,1013,2749,2,-10853,242,-380,-386,0,0,0,01,3,0,0
D,1272550345,1089,2750,1,-10854,325,-380,-373,0,0,0,01,3,0,0
D,1272551340,995,2752,2,-10856,334,-380,-382,0,0,0,01,3,0,0
D,1272552265,925,2754,2,-10858,258,-380,-382,0,0,0,01,3,0,0
D,1272553272,1007,2755,1,-10859,257,-380,-382,0,0,0,01,3,0,0
D,1272554301,1029,2756,1,-10860,289,-380,-373,0,0,0,01,3,0,0
D,1272555268,967,2758,2,-10862,260,-380,-382,0,0,0,01,3,0,0
D,1272556261,993,2760,2,-10864,252,-380,-382,0,0,0,01,3,0,0
D,1272557271,1010,2761,1,-10865,257,-380,-374,0,0,0,01,3,0,0
D,1272558268,997,2763,2,-10867,262,-380,-382,0,0,0,01,3,0,0
D,1272559281,1013,2764,1,-10868,266,-380,-382,0,0,0,01,3,0,0
D,1272560265,984,2766,2,-10870,260,-380,-386,0,0,0,01,3,0,0
D,1272561293,1028,2767,1,-10871,276,-380,-378,0,0,0,01,3,0,0
D,1272562250,957,2769,2,-10873,240,-380,-379,0,0,0,01,3,0,0
D,1272563245,995,2770,1,-10874,227,-380,-378,0,0,0,01,3,0,0
D,1272564229,984,2772,2,-10876,224,-380,-378,0,0,0,01,3,0,0
D,1272565243,1014,2774,2,-10878,225,-380,-379,0,0,0,01,3,0,0
D,1272566249,1006,2775,1,-10879,236,-380,-378,0,0,0,01,3,0,0
D,1272567245,996,2776,1,-10880,227,-380,-378,0,0,0,01,3,0,0
D,1272568243,998,2778,2,-10882,224,-380,-378,0,0,0,01,3,0,0
D,1272569260,1017,2780,2,-10884,245,-380,-378,0,0,0,01,3,0,0
D,1272570325,1065,2781,1,-10885,320,-379,-374,0,0,0,01,3,0,0
D,1272571363,1038,2783,2,-10887,344,-380,-382,0,0,0,01,3,0,0
D,1272572281,918,2784,1,-10888,264,-379,-374,0,0,0,01,3,0,0
D,1272573265,984,2786,2,-10890,252,-379,-382,0,0,0,01,3,0,0
D,1272574303,1038,2787,1,-10891,293,-379,-374,0,0,0,01,3,0,0
D,1272575265,962,2789,2,-10893,256,-379,-382,0,0,0,01,3,0,0
D,1272576274,1009,2790,1,-10894,253,-379,-374,0,0,0,01,3,0,0
D,1272577266,992,2792,2,-10896,252,-379,-374,0,0,0,01,3,0,0
D,1272578277,1011,2793,1,-10897,263,-379,-374,0,0,0,01,3,0,0
D,1272579278,1001,2795,2,-10899,261,-379,-374,0,0,0,01,3,0,0
D,1272580275,997,2797,2,-10901,259,-378,-378,0,0,0,01,3,0,0
D,1272581295,1020,2798,1,-10902,278,-378,-379,0,0,0,01,3,0,0
D,1272582251,956,2800,2,-10904,235,-379,-379,0,0,0,01,3,0,0
D,1272583235,984,2801,1,-10905,229,-378,-371,0,0,0,01,3,0,0
D,1272584239,1004,2802,1,-10906,223,-378,-371,0,0,0,01,3,0,0
D,1272585239,1000,2804,2,-10908,223,-378,-379,0,0,0,01,3,0,0
D,1272586240,1001,2806,2,-10910,229,-378,-378,0,0,0,01,3,0,0
D,1272587235,995,2807,1,-10911,229,-378,-370,0,0,0,01,3,0,0
D,1272588239,1004,2809,2,-10913,223,-378,-378,0,0,0,01,3,0,0
D,1272589254,1015,2811,2,-10915,241,-378,-378,0,0,0,01,3,0,0
D,1272590334,1080,2812,1,-10916,327,-378,-373,0,0,0,01,3,0,0
D,1272591344,1010,2813,1,-10917,338,-377,-374,0,0,0,01,3,0,0
D,1272592267,923,2815,2,-10919,259,-377,-374,0,0,0,01,3,0,0
D,1272593267,1000,2816,1,-10920,255,-377,-374,0,0,0,01,3,0,0
D,1272594301,1034,2818,2,-10922,291,-377,-373,0,0,0,01,3,0,0
D,1272595271,970,2819,1,-10923,261,-377,-366,0,0,0,01,3,0,0
D,1272596265,994,2821,2,-10925,251,-376,-374,0,0,0,01,3,0,0
D,1272597263,998,2822,1,-10926,256,-376,-374,0,0,0,01,3,0,0
D,1272598274,1011,2824,2,-10928,262,-376,-374,0,0,0,01,3,0,0
D,1272599280,1006,2826,2,-10930,265,-376,-374,0,0,0,01,3,0,0
D,1272600277,997,2827,1,-10931,257,-376,-370,0,0,0,01,3,0,0
D,1272601282,1005,2829,2,-10933,272,-376,-379,0,0,0,01,3,0,0
D,1272602238,956,2831,2,-10935,233,-376,-380,0,0,0,01,3,0,0
D,1272603249,1011,2832,1,-10936,229,-376,-378,0,0,0,01,3,0,0
D,1272604231,982,2833,1,-10937,221,-376,-371,0,0,0,01,3,0,0
D,1272605240,1009,2835,2,-10939,223,-376,-379,0,0,0,01,3,0,0
D,1272606235,995,2837,2,-10941,229,-376,-378,0,0,0,01,3,0,0
D,1272607244,1009,2838,1,-10942,229,-376,-378,0,0,0,01,3,0,0
D,1272608240,996,2840,2,-10944,221,-376,-378,0,0,0,01,3,0,0
D,1272609254,1014,2841,1,-10945,248,-376,-378,0,0,0,01,3,0,0
D,1272610321,1067,2843,2,-10947,315,-376,-374,0,0,0,01,3,0,0
D,1272611364,1043,2844,1,-10948,345,-376,-373,0,0,0,01,3,0,0
D,1272612272,908,2846,2,-10950,260,-376,-374,0,0,0,01,3,0,0
D,1272613264,992,2847,1,-10951,252,-376,-374,0,0,0,01,3,0,0
D,1272614302,1038,2849,2,-10953,292,-376,-382,0,0,0,01,3,0,0
D,1272615265,963,2850,1,-10954,256,-376,-374,0,0,0,01,3,0,0
D,1272616273,1008,2852,2,-10956,252,-376,-374,0,0,0,01,3,0,0
D,1272617261,988,2853,1,-10957,252,-376,-374,0,0,0,01,3,0,0
D,1272618274,1013,2855,2,-10959,261,-376,-374,0,0,0,01,3,0,0
D,1272619276,1002,2856,1,-10960,265,-376,-366,0,0,0,01,3,0,0
D,1272620274,998,2858,2,-10962,259,-375,-370,0,0,0,01,3,0,0
D,1272621290,1016,2860,2,-10964,273,-375,-379,0,0,0,01,3,0,0
D,1272622253,963,2861,1,-10965,238,-376,-379,0,0,0,01,3,0,0
D,1272623235,982,2862,1,-10966,226,-375,-371,0,0,0,01,3,0,0
D,1272624239,1004,2864,2,-10968,223,-376,-378,0,0,0,01,3,0,0
D,1272625239,1000,2865,1,-10969,223,-375,-371,0,0,0,01,3,0,0
D,1272626241,1002,2867,2,-10971,234,-375,-378,0,0,0,01,3,0,0
D,1272627236,995,2868,1,-10972,226,-375,-370,0,0,0,01,3,0,0
D,1272628234,998,2870,2,-10974,223,-375,-378,0,0,0,01,3,0,0
D,1272629263,1029,2872,2,-10976,244,-376,-378,0,0,0,01,3,0,0
D,1272630329,1066,2873,1,-10977,317,-375,-374,0,0,0,01,3,0,0
D,1272631353,1024,2875,2,-10979,345,-375,-373,0,0,0,01,3,0,0
D,1272632267,914,2876,1,-10980,259,-375,-366,0,0,0,01,3,0,0
D,1272633259,992,2877,1,-10981,253,-375,-366,0,0,0,01,3,0,0
D,1272634301,1042,2879,2,-10983,286,-375,-373,0,0,0,01,3,0,0
D,1272635276,975,2880,1,-10984,256,-374,-366,0,0,0,01,3,0,0
D,1272636277,1001,2882,2,-10986,255,-374,-366,0,0,0,01,3,0,0
D,1272637267,990,2883,1,-10987,253,-374,-366,0,0,0,01,3,0,0
D,1272638280,1013,2885,2,-10989,265,-373,-366,0,0,0,01,3,0,0
D,1272639277,997,2887,2,-10991,263,-373,-374,0,0,0,01,3,0,0
D,1272640278,1001,2888,1,-10992,261,-373,-370,0,0,0,01,3,0,0
D,1272641283,1005,2889,1,-10993,277,-373,-363,0,0,0,01,3,0,0
D,1272642250,967,2891,2,-10995,239,-373,-372,0,0,0,01,3,0,0
D,1272643232,982,2892,1,-10996,225,-372,-363,0,0,0,01,3,0,0
D,1272644231,999,2894,2,-10998,223,-372,-371,0,0,0,01,3,0,0
D,1272645243,1012,2896,2,-11000,224,-372,-371,0,0,0,01,3,0,0
D,1272646242,999,2897,1,-11001,235,-372,-370,0,0,0,01,3,0,0
D,1272647237,995,2898,1,-11002,226,-372,-363,0,0,0,01,3,0,0
D,1272648239,1002,2900,2,-11004,223,-372,-370,0,0,0,01,3,0,0
D,1272649254,1015,2901,1,-11005,241,-371,-363,0,0,0,01,3,0,0
D,1272650346,1092,2903,2,-11007,327,-371,-365,0,0,0,01,3,0,0
D,1272651356,1010,2904,1,-11008,337,-371,-357,0,0,0,01,3,0,0
D,1272652267,911,2906,2,-11010,260,-370,-366,0,0,0,01,3,0,0
D,1272653275,1008,2907,1,-11011,256,-370,-366,0,0,0,01,3,0,0
D,1272654299,1024,2909,2,-11013,291,-370,-365,0,0,0,01,3,0,0
D,1272655267,968,2910,1,-11014,256,-370,-366,0,0,0,01,3,0,0
D,1272656269,1002,2912,2,-11016,250,-370,-366,0,0,0,01,3,0,0
D,1272657270,1001,2913,1,-11017,254,-370,-366,0,0,0,01,3,0,0
D,1272658277,1007,2915,2,-11019,262,-369,-366,0,0,0,01,3,0,0
D,1272659281,1004,2917,2,-11021,265,-369,-366,0,0,0,01,3,0,0
D,1272660262,981,2918,1,-11022,257,-369,-362,0,0,0,01,3,0,0
D,1272661293,1031,2919,1,-11023,276,-369,-363,0,0,0,01,3,0,0
D,1272662254,961,2921,2,-11025,240,-369,-363,0,0,0,01,3,0,0
D,1272663237,983,2922,1,-11026,226,-368,-363,0,0,0,01,3,0,0
D,1272664240,1003,2924,2,-11028,224,-368,-370,0,0,0,01,3,0,0
D,1272665240,1000,2925,1,-11029,224,-368,-363,0,0,0,01,3,0,0
D,1272666242,1002,2927,2,-11031,236,-368,-371,0,0,0,01,3,0,0
D,1272667237,995,2929,2,-11033,227,-368,-371,0,0,0,01,3,0,0
D,1272668235,998,2930,1,-11034,225,-368,-371,0,0,0,01,3,0,0
D,1272669265,1030,2931,1,-11035,245,-368,-362,0,0,0,01,3,0,0
D,1272670338,1073,2933,2,-11037,318,-368,-365,0,0,0,01,3,0,0
D,1272671361,1023,2935,2,-11039,340,-368,-373,0,0,0,01,3,0,0
D,1272672274,913,2936,1,-11040,261,-368,-366,0,0,0,01,3,0,0
D,1272673266,992,2938,2,-11042,252,-368,-374,0,0,0,01,3,0,0
D,1272674301,1035,2939,1,-11043,289,-368,-365,0,0,0,01,3,0,0
D,1272675267,966,2940,1,-11044,256,-368,-358,0,0,0,01,3,0,0
D,1272676275,1008,2942,2,-11046,254,-368,-366,0,0,0,01,3,0,0
D,1272677261,986,2944,2,-11048,251,-368,-374,0,0,0,01,3,0,0
D,1272678276,1015,2945,1,-11049,263,-368,-366,0,0,0,01,3,0,0
D,1272679277,1001,2946,1,-11050,263,-368,-366,0,0,0,01,3,0,0
D,1272680280,1003,2948,2,-11052,261,-368,-370,0,0,0,01,3,0,0
D,1272681294,1014,2949,1,-11053,275,-368,-363,0,0,0,01,3,0,0
D,1272682243,949,2951,2,-11055,237,-368,-372,0,0,0,01,3,0,0
D,1272683247,1004,2952,1,-11056,229,-368,-363,0,0,0,01,3,0,0
D,1272684233,986,2954,2,-11058,224,-368,-371,0,0,0,01,3,0,0
D,1272685230,997,2955,1,-11059,224,-368,-363,0,0,0,01,3,0,0
D,1272686235,1005,2957,2,-11061,228,-368,-371,0,0,0,01,3,0,0
D,1272687248,1013,2958,1,-11062,228,-368,-363,0,0,0,01,3,0,0
D,1272688232,984,2960,2,-11064,223,-368,-371,0,0,0,01,3,0,0
D,1272689258,1026,2961,1,-11065,241,-367,-362,0,0,0,01,3,0,0
D,1272690347,1089,2963,2,-11067,328,-367,-365,0,0,0,01,3,0,0
D,1272691353,1006,2964,1,-11068,334,-367,-365,0,0,0,01,3,0,0
D,1272692272,919,2966,2,-11070,260,-367,-366,0,0,0,01,3,0,0
D,1272693269,997,2967,1,-11071,257,-367,-366,0,0,0,01,3,0,0
D,1272694309,1040,2968,1,-11072,294,-367,-357,0,0,0,01,3,0,0
D,1272695266,957,2970,2,-11074,257,-367,-366,0,0,0,01,3,0,0
D,1272696271,1005,2971,1,-11075,254,-366,-358,0,0,0,01,3,0,0
D,1272697274,1003,2973,2,-11077,256,-366,-358,0,0,0,01,3,0,0
D,1272698276,1002,2974,1,-11078,263,-366,-358,0,0,0,01,3,0,0
D,1272699281,1005,2976,2,-11080,265,-366,-366,0,0,0,01,3,0,0
D,1272700277,996,2977,1,-11081,257,-366,-362,0,0,0,01,3,0,0
D,1272701292,1015,2979,2,-11083,275,-365,-363,0,0,0,01,3,0,0
D,1272702252,960,2980,1,-11084,241,-365,-356,0,0,0,01,3,0,0
D,1272703234,982,2982,2,-11086,226,-365,-363,0,0,0,01,3,0,0
D,1272704235,1001,2983,1,-11087,225,-365,-355,0,0,0,01,3,0,0
D,1272705231,996,2984,1,-11088,224,-364,-355,0,0,0,01,3,0,0
D,1272706243,1012,2986,2,-11090,236,-364,-363,0,0,0,01,3,0,0
D,1272707243,1000,2988,2,-11092,227,-364,-363,0,0,0,01,3,0,0
D,1272708243,1000,2989,1,-11093,225,-364,-355,0,0,0,01,3,0,0
D,1272709258,1015,2990,1,-11094,245,-363,-355,0,0,0,01,3,0,0
D,1272710325,1067,2992,2,-11096,320,-363,-358,0,0,0,01,3,0,0
D,1272711362,1037,2993,1,-11097,349,-363,-357,0,0,0,01,3,0,0
D,1272712265,903,2995,2,-11099,259,-363,-358,0,0,0,01,3,0,0
D,1272713262,997,2996,1,-11100,252,-363,-358,0,0,0,01,3,0,0
D,1272714300,1038,2998,2,-11102,289,-362,-357,0,0,0,01,3,0,0
D,1272715269,969,2999,1,-11103,259,-362,-358,0,0,0,01,3,0,0
D,1272716259,990,3000,1,-11104,254,-362,-350,0,0,0,01,3,0,0
D,1272717266,1007,3002,2,-11106,252,-361,-358,0,0,0,01,3,0,0
D,1272718277,1011,3003,1,-11107,264,-361,-349,0,0,0,01,3,0,0
D,1272719277,1000,3005,2,-11109,262,-361,-358,0,0,0,01,3,0,0
D,1272720272,995,3006,1,-11110,255,-361,-354,0,0,0,01,3,0,0
D,1272721301,1029,3008,2,-11112,282,-360,-355,0,0,0,01,3,0,0
D,1272722258,957,3009,1,-11113,241,-360,-355,0,0,0,01,3,0,0
D,1272723239,981,3010,1,-11114,223,-360,-347,0,0,0,01,3,0,0
D,1272724241,1002,3012,2,-11116,223,-360,-355,0,0,0,01,3,0,0
D,1272725242,1001,3013,1,-11117,224,-359,-355,0,0,0,01,3,0,0
D,1272726251,1009,3015,2,-11119,238,-359,-355,0,0,0,01,3,0,0
D,1272727242,991,3016,1,-11120,223,-359,-355,0,0,0,01,3,0,0
D,1272728241,999,3018,2,-11122,223,-359,-355,0,0,0,01,3,0,0
D,1272729257,1016,3019,1,-11123,241,-359,-355,0,0,0,01,3,0,0
D,1272730333,1076,3021,2,-11125,325,-359,-357,0,0,0,01,3,0,0
D,1272731343,1010,3022,1,-11126,337,-358,-349,0,0,0,01,3,0,0
D,1272732268,925,3024,2,-11128,261,-358,-358,0,0,0,01,3,0,0
D,1272733264,996,3025,1,-11129,253,-358,-350,0,0,0,01,3,0,0
D,1272734303,1039,3027,2,-11131,290,-358,-357,0,0,0,01,3,0,0
D,1272735267,964,3028,1,-11132,253,-358,-358,0,0,0,01,3,0,0
D,1272736262,995,3029,1,-11133,256,-358,-350,0,0,0,01,3,0,0
D,1272737260,998,3031,2,-11135,250,-357,-350,0,0,0,01,3,0,0
D,1272738280,1020,3032,1,-11136,264,-357,-350,0,0,0,01,3,0,0
D,1272739278,998,3034,2,-11138,263,-357,-358,0,0,0,01,3,0,0
D,1272740281,1003,3036,2,-11140,262,-357,-362,0,0,0,01,3,0,0
D,1272741290,1009,3037,1,-11141,276,-357,-355,0,0,0,01,3,0,0
D,1272742246,956,3038,1,-11142,236,-357,-356,0,0,0,01,3,0,0
D,1272743235,989,3039,1,-11143,229,-357,-347,0,0,0,01,3,0,0
D,1272744240,1005,3041,2,-11145,223,-357,-355,0,0,0,01,3,0,0
D,1272745240,1000,3042,1,-11146,223,-356,-347,0,0,0,01,3,0,0
D,1272746251,1011,3044,2,-11148,232,-356,-355,0,0,0,01,3,0,0
D,1272747235,984,3045,1,-11149,229,-356,-355,0,0,0,01,3,0,0
D,1272748235,1000,3046,1,-11150,224,-356,-347,0,0,0,01,3,0,0
D,1272749259,1024,3048,2,-11152,241,-356,-355,0,0,0,01,3,0,0
D,1272750332,1073,3050,2,-11154,323,-356,-357,0,0,0,01,3,0,0
D,1272751351,1019,3051,1,-11155,344,-355,-349,0,0,0,01,3,0,0
D,1272752266,915,3052,1,-11156,259,-355,-350,0,0,0,01,3,0,0
D,1272753264,998,3054,2,-11158,253,-355,-358,0,0,0,01,3,0,0
D,1272754298,1034,3055,1,-11159,289,-355,-349,0,0,0,01,3,0,0
D,1272755266,968,3057,2,-11161,257,-355,-358,0,0,0,01,3,0,0
D,1272756260,994,3058,1,-11162,254,-355,-350,0,0,0,01,3,0,0
D,1272757266,1006,3059,1,-11163,254,-355,-350,0,0,0,01,3,0,0
D,1272758278,1012,3061,2,-11165,263,-355,-350,0,0,0,01,3,0,0
D,1272759282,1004,3062,1,-11166,265,-354,-350,0,0,0,01,3,0,0
D,1272760275,993,3064,2,-11168,257,-354,-354,0,0,0,01,3,0,0
D,1272761296,1021,3065,1,-11169,278,-354,-347,0,0,0,01,3,0,0
D,1272762252,956,3066,1,-11170,239,-354,-348,0,0,0,01,3,0,0
D,1272763231,979,3068,2,-11172,225,-354,-347,0,0,0,01,3,0,0
D,1272764231,1000,3069,1,-11173,223,-353,-347,0,0,0,01,3,0,0
D,1272765243,1012,3071,2,-11175,224,-353,-347,0,0,0,01,3,0,0
D,1272766247,1004,3072,1,-11176,235,-353,-347,0,0,0,01,3,0,0
D,1272767244,997,3073,1,-11177,226,-353,-347,0,0,0,01,3,0,0
D,1272768242,998,3075,2,-11179,223,-352,-347,0,0,0,01,3,0,0
D,1272769258,1016,3076,1,-11180,242,-352,-347,0,0,0,01,3,0,0
D,1272770327,1069,3078,2,-11182,322,-352,-341,0,0,0,01,3,0,0
D,1272771358,1031,3079,1,-11183,342,-351,-341,0,0,0,01,3,0,0
D,1272772266,908,3081,2,-11185,261,-351,-350,0,0,0,01,3,0,0
D,1272773258,992,3082,1,-11186,253,-351,-350,0,0,0,01,3,0,0
D,1272774301,1043,3083,1,-11187,285,-351,-341,0,0,0,01,3,0,0
D,1272787458,13157,3102,19,-11206,344,-349,-348,0,0,0,01,5,1,100
D,1272788344,886,3103,1,-11207,234,-349,-341,0,0,0,01,5,1,100
D,1272789346,1002,3105,2,-11209,236,-349,-349,0,0,0,01,5,1,100
D,1272790456,1110,3106,1,-11210,341,-349,-340,0,0,0,01,5,1,100
D,1272791472,1016,3108,2,-11212,358,-349,-348,0,0,0,01,5,1,100
D,1272792385,913,3109,1,-11213,272,-349,-348,0,0,0,01,5,1,100
D,1272793372,987,3110,1,-11214,252,-348,-340,0,0,0,01,5,1,100
D,1272794383,1011,3112,2,-11216,267,-348,-348,0,0,0,01,5,1,100
D,1272795381,998,3113,1,-11217,259,-348,-340,0,0,0,01,5,1,100
D,1272796381,1000,3115,2,-11219,260,-348,-348,0,0,0,01,5,1,100
D,1272797371,990,3116,1,-11220,253,-348,-348,0,0,0,01,5,1,100
D,1272798385,1014,3117,1,-11221,264,-348,-340,0,0,0,01,5,1,100
D,1272799384,999,3119,2,-11223,261,-348,-348,0,0,0,01,5,1,100
D,1272800383,999,3120,1,-11224,272,-348,-341,0,0,0,01,5,1,100
D,1272801404,1021,3121,1,-11225,282,-347,-341,0,0,0,01,5,1,100
D,1272802351,947,3123,2,-11227,235,-347,-341,0,0,0,01,5,1,100
D,1272803359,1008,3124,1,-11228,237,-347,-341,0,0,0,01,5,1,100
D,1272804346,987,3125,1,-11229,226,-347,-341,0,0,0,01,5,1,100
D,1272805360,1014,3126,1,-11230,235,-346,-338,0,0,0,01,5,1,100
D,1272806351,991,3128,2,-11232,233,-346,-343,0,0,0,01,5,1,100
D,1272807359,1008,3129,1,-11233,238,-346,-340,0,0,0,01,5,1,100
D,1272808346,987,3130,1,-11234,226,-346,-337,0,0,0,01,5,1,100
D,1272809413,1067,3131,1,-11235,296,-345,-334,0,0,0,01,5,1,100
D,1272810465,1052,3133,2,-11237,341,-345,-338,0,0,0,01,5,1,100
D,1272811439,974,3134,1,-11238,328,-344,-335,0,0,0,01,5,1,100
D,1272812381,942,3136,2,-11240,271,-344,-340,0,0,0,01,5,1,100
D,1272813378,997,3137,1,-11241,260,-344,-337,0,0,0,01,5,1,100
D,1272814380,1002,3138,1,-11242,265,-344,-335,0,0,0,01,5,1,100
D,1272815396,1016,3140,2,-11244,272,-343,-339,0,0,0,01,5,1,100
D,1272816373,977,3141,1,-11245,250,-343,-337,0,0,0,01,5,1,100
D,1272817376,1003,3142,1,-11246,258,-343,-334,0,0,0,01,5,1,100
D,1272818379,1003,3144,2,-11248,263,-342,-333,0,0,0,01,5,1,100
D,1272819381,1002,3145,1,-11249,264,-342,-325,0,0,0,01,5,1,100
D,1272820380,999,3146,1,-11250,261,-341,-323,0,0,0,01,5,1,100
D,1272821404,1024,3148,2,-11252,291,-341,-331,0,0,0,01,5,1,100
D,1272822359,955,3149,1,-11253,245,-340,-324,0,0,0,01,5,1,100
D,1272823348,989,3151,2,-11255,238,-340,-331,0,0,0,01,5,1,100
D,1272824351,1003,3152,1,-11256,236,-339,-331,0,0,0,01,5,1,100
D,1272825355,1004,3154,2,-11258,236,-339,-331,0,0,0,01,5,1,100
D,1272826367,1012,3155,1,-11259,243,-339,-331,0,0,0,01,5,1,100
D,1272827351,984,3156,1,-11260,238,-338,-323,0,0,0,01,5,1,100
D,1272828353,1002,3158,2,-11262,237,-338,-331,0,0,0,01,5,1,100
D,1272829421,1068,3159,1,-11263,297,-337,-325,0,0,0,01,5,1,100
D,1272830451,1030,3161,2,-11265,328,-337,-333,0,0,0,01,5,1,100
D,1272831446,995,3162,1,-11266,332,-337,-333,0,0,0,01,5,1,100
D,1272832391,945,3164,2,-11268,277,-337,-333,0,0,0,01,5,1,100
D,1272833373,982,3165,1,-11269,255,-337,-334,0,0,0,01,5,1,100
D,1272834397,1024,3166,1,-11270,279,-337,-333,0,0,0,01,5,1,100
D,1272835367,970,3168,2,-11272,256,-337,-342,0,0,0,01,5,1,100
D,1272836369,1002,3169,1,-11273,257,-337,-333,0,0,0,01,5,1,100
D,1272837376,1007,3171,2,-11275,255,-337,-342,0,0,0,01,5,1,100
D,1272838397,1021,3172,1,-11276,275,-337,-341,0,0,0,01,5,1,100
D,1272839377,980,3173,1,-11277,258,-337,-338,0,0,0,01,5,1,100
D,1272840383,1006,3175,2,-11279,263,-337,-347,0,0,0,01,5,1,100
D,1272841402,1019,3176,1,-11280,282,-337,-339,0,0,0,01,5,1,100
D,1272842353,951,3178,2,-11282,241,-338,-347,0,0,0,01,5,1,100
D,1272843349,996,3179,1,-11283,235,-338,-339,0,0,0,01,5,1,100
D,1272844352,1003,3180,1,-11284,232,-338,-339,0,0,0,01,5,1,100
D,1272845356,1004,3181,1,-11285,236,-338,-339,0,0,0,01,5,1,100
D,1272846364,1008,3183,2,-11287,242,-338,-339,0,0,0,01,5,1,100
D,1272847356,992,3185,2,-11289,235,-338,-347,0,0,0,01,5,1,100
D,1272848357,1001,3186,1,-11290,233,-339,-347,0,0,0,01,5,1,100
D,1272849407,1050,3187,1,-11291,290,-339,-342,0,0,0,01,5,1,100
D,1272850463,1056,3189,2,-11293,338,-339,-349,0,0,0,01,5,1,100
D,1272851445,982,3190,1,-11294,332,-339,-341,0,0,0,01,5,1,100
D,1272852404,959,3191,1,-11295,281,-339,-341,0,0,0,01,5,1,100
D,1272853378,974,3193,2,-11297,257,-339,-341,0,0,0,01,5,1,100
D,1272855307,1929,3195,2,-11299,435,-339,-339,322,0,1367,01,6,1,100
D,1272855774,467,3196,1,-11300,250,-339,-337,322,0,1366,01,6,1,100
D,1272856366,592,3196,0,-11300,253,-339,-331,322,0,1366,01,6,1,100
D,1272857373,1007,3198,2,-11302,253,-339,-342,322,0,1364,01,6,1,100
D,1272858416,1043,3199,1,-11303,301,-339,-333,322,322,1363,01,6,1,100
D,1272859412,996,3201,2,-11305,291,-339,-338,322,322,1361,01,6,1,100
D,1272860368,956,3202,1,-11306,252,-339,-339,322,322,1361,01,6,1,100
D,1272861433,1065,3203,1,-11307,318,-339,-331,322,322,1360,01,6,1,100
D,1272862384,951,3204,1,-11308,263,-338,-331,322,322,1359,01,6,1,100
D,1272863373,989,3206,2,-11310,248,-338,-334,322,322,1357,01,6,1,100
D,1272864342,969,3207,1,-11311,232,-338,-331,322,322,1356,01,6,1,100
D,1272865347,1005,3208,1,-11312,232,-338,-331,322,322,1355,01,6,1,100
D,1272866357,1010,3209,1,-11313,246,-337,-323,322,322,1354,01,6,1,100
D,1272867355,998,3210,1,-11314,240,-337,-323,322,322,1354,01,6,1,100
D,1272868346,991,3212,2,-11316,232,-336,-323,322,322,1352,01,6,1,100
D,1272869379,1033,3213,1,-11317,262,-336,-325,322,322,1351,01,6,1,100
D,1272870449,1070,3214,1,-11318,330,-335,-317,322,322,1350,01,6,1,100
D,1272871512,1063,3216,2,-11320,392,-334,-324,322,322,1348,01,6,1,100
D,1272872397,885,3217,1,-11321,277,-334,-317,322,322,1347,01,6,1,100
D,1272873364,967,3218,1,-11322,254,-333,-317,322,322,1346,01,6,1,100
D,1272874402,1038,3219,1,-11323,279,-332,-317,322,322,1346,01,6,1,100
D,1272875374,972,3221,2,-11325,263,-332,-325,322,322,1344,01,6,1,100
D,1272876393,1019,3222,1,-11326,269,-332,-317,322,322,1343,01,6,1,100
D,1272877395,1002,3223,1,-11327,270,-331,-309,322,322,1342,01,6,1,100
D,1272878457,1062,3225,2,-11329,332,-330,-316,322,322,1340,01,6,1,100
D,1272879399,942,3226,1,-11330,286,-330,-315,319,322,1339,01,6,1,100
D,1272880389,990,3227,1,-11331,279,-329,-315,319,322,1339,01,6,1,100
D,1272881431,1042,3229,2,-11333,317,-328,-315,319,322,1337,01,6,1,100
D,1272882382,951,3230,1,-11334,262,-328,-316,319,322,1336,01,6,1,100
D,1272883354,972,3231,1,-11335,233,-327,-316,319,322,1335,01,6,1,100
D,1272884347,993,3232,1,-11336,232,-327,-307,319,322,1334,01,6,1,100
D,1272885350,1003,3234,2,-11338,232,-326,-317,319,322,1332,01,6,1,100
D,1272886377,1027,3235,1,-11339,254,-326,-317,319,322,1332,01,6,1,100
D,1272887353,976,3236,1,-11340,237,-326,-315,319,322,1331,01,6,1,100
D,1272888343,990,3237,1,-11341,232,-325,-307,319,322,1330,01,6,1,100
D,1272889416,1073,3239,2,-11343,291,-324,-309,319,322,1328,01,6,1,100
D,1272890464,1048,3240,1,-11344,349,-324,-308,319,322,1327,01,6,1,100
D,1272891525,1061,3242,2,-11346,402,-323,-316,319,322,1325,01,6,1,100
D,1272892397,872,3243,1,-11347,280,-323,-317,319,322,1325,01,6,1,100
D,1272893370,973,3244,1,-11348,255,-323,-315,319,322,1324,01,6,1,100
D,1272894397,1027,3245,1,-11349,283,-322,-309,319,322,1323,01,6,1,100
D,1272895365,968,3247,2,-11351,254,-322,-317,319,322,1321,01,6,1,100
D,1272896395,1030,3248,1,-11352,273,-322,-317,319,322,1320,01,6,1,100
D,1272897372,977,3250,2,-11354,253,-322,-325,319,322,1318,01,6,1,100
D,1272898446,1074,3251,1,-11355,319,-322,-316,319,322,1317,01,6,1,100
D,1272899392,946,3252,1,-11356,277,-321,-317,319,322,1317,01,6,1,100
D,1272900375,983,3254,2,-11358,255,-322,-323,319,322,1315,01,6,1,100
D,1272901422,1047,3255,1,-11359,308,-322,-323,319,322,1314,01,6,1,100
D,1272902383,961,3257,2,-11361,264,-322,-324,319,322,1312,01,6,1,100
D,1272903348,965,3258,1,-11362,233,-322,-323,319,322,1311,01,6,1,100
D,1272904397,1049,3259,1,-11363,275,-322,-323,316,322,1310,01,6,1,100
D,1272905355,958,3261,2,-11365,236,-322,-331,316,322,1309,01,6,1,100
D,1272906376,1021,3262,1,-11366,255,-322,-323,316,322,1308,01,6,1,100
D,1272907353,977,3263,1,-11367,233,-322,-323,316,322,1307,01,6,1,100
D,1272908347,994,3265,2,-11369,232,-323,-331,316,322,1305,01,6,1,100
D,1272909414,1067,3266,1,-11370,299,-323,-325,316,322,1304,01,6,1,100
D,1272910462,1048,3268,2,-11372,349,-323,-333,316,322,1303,01,6,1,100
D,1272911508,1046,3269,1,-11373,386,-323,-325,316,322,1302,01,6,1,100
D,1272912404,896,3270,1,-11374,285,-323,-325,316,322,1301,01,6,1,100
D,1272913365,961,3272,2,-11376,251,-324,-334,316,322,1299,01,6,1,100
D,1272914404,1039,3273,1,-11377,288,-324,-333,316,322,1298,01,6,1,100
D,1272915364,960,3274,1,-11378,253,-324,-325,316,322,1297,01,6,1,100
D,1272916394,1030,3276,2,-11380,277,-324,-333,316,322,1296,01,6,1,100
D,1272917378,984,3277,1,-11381,255,-325,-333,316,322,1295,01,6,1,100
D,1272918446,1068,3278,1,-11382,315,-325,-333,316,322,1294,01,6,1,100
D,1272919396,950,3280,2,-11384,279,-326,-338,316,322,1292,01,6,1,100
D,1272920373,977,3281,1,-11385,253,-326,-331,316,322,1291,01,6,1,100
D,1272921426,1053,3283,2,-11387,303,-326,-339,316,322,1289,01,6,1,100
D,1272922389,963,3284,1,-11388,268,-327,-332,316,322,1288,01,6,1,100
D,1272923349,960,3285,1,-11389,232,-327,-331,316,322,1288,01,6,1,100
D,1272924351,1002,3287,2,-11391,232,-327,-339,316,322,1286,01,6,1,100
D,1272925353,1002,3288,1,-11392,232,-328,-339,316,322,1285,01,6,1,100
D,1272926371,1018,3289,1,-11393,259,-328,-331,316,322,1284,01,6,1,100
D,1272927349,978,3290,1,-11394,232,-328,-331,316,322,1283,01,6,1,100
D,1272928351,1002,3292,2,-11396,232,-328,-331,316,322,1281,01,6,1,100
D,1272929444,1093,3293,1,-11397,331,-328,-333,312,322,1281,01,6,1,100
D,1272930448,1004,3294,1,-11398,332,-328,-325,312,322,1280,01,6,1,100
D,1272931511,1063,3296,2,-11400,389,-328,-333,312,322,1278,01,6,1,100
D,1272932408,897,3297,1,-11401,284,-328,-325,312,322,1277,01,6,1,100
D,1272933389,981,3298,1,-11402,267,-328,-325,312,322,1276,01,6,1,100
D,1272934401,1012,3299,1,-11403,288,-328,-325,312,322,1275,01,6,1,100
D,1272935374,973,3300,1,-11404,255,-328,-317,312,322,1274,01,6,1,100
D,1272936392,1018,3301,1,-11405,271,-327,-317,312,322,1274,01,6,1,100
D,1272937373,981,3302,1,-11406,256,-327,-317,312,322,1273,01,6,1,100
D,1272938447,1074,3304,2,-11408,322,-326,-316,312,322,1271,01,6,1,100
D,1272939402,955,3305,1,-11409,278,-326,-314,312,322,1270,01,6,1,100
D,1272940379,977,3306,1,-11410,259,-326,-315,312,322,1269,01,6,1,100
D,1272941427,1048,3307,1,-11411,313,-325,-307,312,322,1268,01,6,1,100
D,1272942379,952,3308,1,-11412,262,-324,-308,312,322,1267,01,6,1,100
D,1272943355,976,3310,2,-11414,232,-324,-316,312,322,1266,01,6,1,100
D,1272944342,987,3311,1,-11415,232,-323,-307,312,322,1265,01,6,1,100
D,1272945347,1005,3312,1,-11416,232,-323,-308,312,322,1264,01,6,1,100
D,1272946397,1050,3313,1,-11417,280,-322,-301,312,322,1263,01,6,1,100
D,1272947354,957,3314,1,-11418,233,-321,-300,312,322,1262,01,6,1,100
D,1272948342,988,3316,2,-11420,232,-320,-308,312,322,1260,01,6,1,100
D,1272949418,1076,3317,1,-11421,294,-320,-301,312,322,1259,01,6,1,100
D,1272950466,1048,3318,1,-11422,340,-319,-300,312,322,1259,01,6,1,100
D,1272951473,1007,3319,1,-11423,338,-318,-293,312,322,1258,01,6,1,100
D,1272952384,911,3320,1,-11424,272,-317,-292,312,322,1257,01,6,1,100
D,1272953375,991,3322,2,-11426,263,-316,-301,312,322,1255,01,6,1,100
D,1272954414,1039,3323,1,-11427,287,-315,-292,309,322,1254,01,6,1,100
D,1272955400,986,3324,1,-11428,285,-314,-293,309,322,1253,01,6,1,100
D,1272956371,971,3325,1,-11429,255,-313,-293,309,322,1252,01,6,1,100
D,1272957374,1003,3327,2,-11431,263,-313,-301,309,322,1251,01,6,1,100
D,1272958479,1105,3328,1,-11432,361,-312,-292,309,322,1250,01,6,1,100
D,1272959392,913,3329,1,-11433,280,-311,-291,309,322,1249,01,6,1,100
D,1272960396,1004,3330,1,-11434,282,-311,-292,309,322,1248,01,6,1,100
D,1272961435,1039,3332,2,-11436,316,-310,-299,309,322,1246,01,6,1,100
D,1272962368,933,3333,1,-11437,247,-309,-293,309,322,1245,01,6,1,100
D,1272963365,997,3334,1,-11438,241,-309,-292,309,322,1245,01,6,1,100
D,1272964355,990,3335,1,-11439,232,-308,-292,309,322,1244,01,6,1,100
D,1272965346,991,3336,1,-11440,232,-307,-292,309,322,1243,01,6,1,100
D,1272966396,1050,3338,2,-11442,282,-307,-301,309,322,1241,01,6,1,100
D,1272967359,963,3339,1,-11443,240,-307,-300,309,322,1240,01,6,1,100
D,1272968351,992,3340,1,-11444,232,-307,-299,309,322,1239,01,6,1,100
D,1272969425,1074,3341,1,-11445,302,-306,-293,309,322,1238,01,6,1,100
D,1272970444,1019,3343,2,-11447,328,-306,-300,309,322,1237,01,6,1,100
D,1272971469,1025,3344,1,-11448,340,-306,-301,309,322,1236,01,6,1,100
D,1272972395,926,3345,1,-11449,275,-305,-301,309,322,1235,01,6,1,100
D,1272973381,986,3347,2,-11451,261,-305,-301,309,322,1233,01,6,1,100
D,1272974607,1226,3348,1,-11452,281,-305,-298,309,322,1232,01,6,2,2200
D,1272975408,801,3349,1,-11453,288,-305,-300,309,322,1231,01,6,2,2200
D,1272976370,962,3349,0,-11453,258,-304,-291,309,322,1231,01,6,2,2200
D,1272977381,1011,3346,-3,-11450,269,-303,-260,309,322,1234,81,6,2,2200
D,1272978458,1077,3336,-10,-11440,331,-297,-162,309,322,1243,01,6,2,2200
D,1272979413,955,3321,-15,-11425,296,-287,-39,297,322,1256,01,6,2,2200
D,1272980405,992,3307,-14,-11411,292,-273,79,297,322,1268,01,6,2,2200
D,1272981417,1012,3308,1,-11412,307,-259,79,297,322,1267,01,6,2,2200
D,1272982377,960,3315,7,-11419,258,-248,32,297,322,1261,81,6,2,2200
D,1272983351,974,3320,5,-11424,233,-238,0,297,322,1257,01,6,2,2200
D,1272984347,996,3319,-1,-11423,237,-228,24,297,322,1258,01,6,2,2200
D,1272985350,1003,3316,-3,-11420,232,-217,55,297,322,1260,81,6,2,2200
D,1272986407,1057,3316,0,-11420,293,-205,73,297,322,1260,01,6,2,2200
D,1272987353,946,3318,2,-11422,239,-195,55,297,322,1259,81,6,2,2200
D,1272988347,994,3321,3,-11425,232,-186,47,297,322,1256,01,6,2,2200
D,1272989417,1070,3321,0,-11425,290,-175,65,297,322,1256,01,6,2,2200
D,1272990452,1035,3320,-1,-11424,337,-165,81,297,322,1257,01,6,2,2200
D,1272991460,1008,3321,1,-11425,345,-155,89,297,322,1256,01,6,2,2200
D,1272992382,922,3322,1,-11426,269,-146,89,297,322,1255,01,6,2,2200
D,1272993389,1007,3323,1,-11427,266,-137,89,297,322,1254,01,6,2,2200
D,1272994395,1006,3323,0,-11427,274,-128,98,297,321,1254,01,6,2,2200
D,1272995385,990,3323,0,-11427,266,-118,106,297,321,1254,01,6,2,2200
D,1272996372,987,3323,0,-11427,254,-110,102,297,321,1254,01,6,2,2200
D,1272997392,1020,3324,1,-11428,268,-101,122,297,321,1253,01,6,2,2200
D,1272998470,1078,3324,0,-11428,347,-91,130,297,321,1253,01,6,2,2200
D,1272999396,926,3325,1,-11429,284,-83,118,297,321,1252,01,6,2,2200
D,1273000399,1003,3325,0,-11429,286,-75,126,297,321,1252,01,6,2,2200
D,1273001432,1033,3325,0,-11429,310,-66,142,297,321,1252,01,6,2,2200
D,1273002366,934,3325,0,-11429,250,-58,150,297,321,1252,01,6,2,2200
D,1273003362,996,3325,0,-11429,239,-50,158,297,321,1252,01,6,2,2200
D,1273004389,1027,3326,1,-11430,273,-41,165,50,319,1252,01,6,2,2200
D,1273005352,963,3326,0,-11430,241,-33,175,50,319,1252,01,6,2,2200
D,1273006410,1058,3326,0,-11430,295,-24,187,50,319,1252,01,6,2,2200
D,1273007357,947,3326,0,-11430,239,-16,181,50,319,1252,01,6,2,2200
D,1273008351,994,3327,1,-11431,232,-10,150,50,319,1251,01,6,2,2200
D,1273009378,1027,3327,0,-11431,266,-7,71,50,319,1251,01,6,2,2200
D,1273010452,1074,3328,1,-11432,339,-14,-171,50,319,1250,01,6,2,2200
D,1273011463,1011,3328,0,-11432,340,-19,-163,50,319,1250,01,6,2,2200
D,1273012381,918,3328,0,-11432,271,-23,-106,50,319,1250,01,6,2,2200
D,1273013370,989,3328,0,-11432,260,-24,-65,50,319,1250,01,6,2,2200
D,1273014451,1081,3328,0,-11432,335,-26,-73,50,317,1250,01,6,2,2200
D,1273015391,940,3328,0,-11432,278,-29,-98,50,317,1250,01,6,2,2200
D,1273016381,990,3329,1,-11433,256,-32,-102,50,317,1249,01,6,2,2200
D,1273017397,1016,3329,0,-11433,273,-34,-89,50,317,1249,01,6,2,2200
D,1273018381,984,3329,0,-11433,269,-35,-65,50,317,1249,01,6,2,2200
D,1273019376,995,3329,0,-11433,262,-36,-63,50,317,1249,01,6,2,2200
D,1273020397,1021,3329,0,-11433,274,-37,-63,50,317,1249,01,6,2,2200
D,1273021427,1030,3330,1,-11434,306,-39,-79,50,317,1248,01,6,2,2200
D,1273022377,950,3330,0,-11434,258,-40,-71,50,317,1248,01,6,2,2200
D,1273023349,972,3330,0,-11434,237,-41,-63,50,315,1248,01,6,2,2200
D,1273024356,1007,3330,0,-11434,232,-42,-55,50,315,1248,01,6,2,2200
D,1273025351,995,3331,1,-11435,232,-43,-63,50,315,1247,01,6,2,2200
D,1273026402,1051,3331,0,-11435,285,-43,-65,50,315,1247,01,6,2,2200
D,1273027355,953,3332,1,-11436,234,-44,-71,50,315,1246,01,6,2,2200
D,1273028351,996,3332,0,-11436,232,-45,-63,50,315,1246,01,6,2,2200
D,1273029444,1093,3332,0,-11436,324,-46,-57,45,315,1246,01,6,2,2200
D,1273030447,1003,3332,0,-11436,329,-46,-57,45,315,1246,01,6,2,2200
D,1273031488,1041,3332,0,-11436,349,-47,-57,45,315,1246,01,6,2,2200
D,1273032381,893,3333,1,-11437,271,-47,-65,45,315,1245,01,6,2,2200
D,1273033392,1011,3333,0,-11437,268,-48,-65,45,313,1245,01,6,2,2200
D,1273034478,1086,3333,0,-11437,351,-48,-57,45,313,1245,01,6,2,2200
D,1273035400,922,3333,0,-11437,281,-49,-57,45,313,1245,01,6,2,2200
D,1273036370,970,3333,0,-11437,256,-49,-55,45,313,1245,01,6,2,2200
D,1273037393,1023,3334,1,-11438,268,-50,-65,45,313,1245,01,6,2,2200
D,1273038381,988,3334,0,-11438,264,-50,-57,45,313,1245,01,6,2,2200
D,1273039394,1013,3334,0,-11438,269,-50,-57,45,313,1245,01,6,2,2200
D,1273040413,1019,3335,1,-11439,288,-51,-63,45,313,1244,01,6,2,2200
D,1273041423,1010,3335,0,-11439,312,-51,-55,45,313,1244,01,6,2,2200
D,1273042378,955,3335,0,-11439,256,-51,-55,45,313,1244,01,6,2,2200
D,1273043357,979,3335,0,-11439,237,-51,-55,45,310,1244,01,6,2,2200
D,1273044355,998,3335,0,-11439,232,-51,-55,45,310,1244,01,6,2,2200
D,1273045349,994,3336,1,-11440,232,-52,-63,45,310,1243,01,6,2,2200
D,1273046398,1049,3336,0,-11440,282,-52,-57,45,310,1243,01,6,2,2200
D,1273047358,960,3336,0,-11440,237,-52,-55,45,310,1243,01,6,2,2200
D,1273048343,985,3336,0,-11440,232,-52,-55,45,310,1243,01,6,2,2200
D,1273049422,1079,3336,0,-11440,303,-52,-57,45,310,1243,01,6,2,2200
D,1273050446,1024,3337,1,-11441,332,-53,-65,45,310,1242,01,6,2,2200
D,1273051468,1022,3337,0,-11441,342,-53,-57,45,310,1242,01,6,2,2200
D,1273052395,927,3337,0,-11441,277,-53,-57,45,310,1242,01,6,2,2200
D,1273053392,997,3337,0,-11441,272,-53,-57,45,311,1242,01,6,2,2200
D,1273054512,1120,3338,1,-11442,364,-54,-65,45,311,1241,01,6,2,2200
D,1273055389,877,3338,0,-11442,271,-54,-57,45,311,1241,01,6,2,2200
D,1273056381,992,3338,0,-11442,255,-54,-55,45,311,1241,01,6,2,2200
D,1273057376,995,3339,1,-11443,261,-54,-57,45,311,1240,01,6,2,2200
D,1273058393,1017,3339,0,-11443,274,-54,-57,45,310,1240,01,6,2,2200
D,1273059393,1000,3339,0,-11443,268,-54,-55,45,310,1240,01,6,2,2200
D,1273060380,987,3339,0,-11443,269,-54,-55,45,310,1240,01,6,2,2200
D,1273061432,1052,3340,1,-11444,316,-55,-63,45,310,1239,01,6,2,2200
D,1273062394,962,3340,0,-11444,280,-55,-57,45,310,1239,01,6,2,2200
D,1273063350,956,3340,0,-11444,240,-55,-55,45,309,1239,01,6,2,2200
D,1273064349,999,3340,0,-11444,232,-55,-55,45,309,1239,01,6,2,2200
D,1273065358,1009,3341,1,-11445,233,-55,-63,45,309,1238,01,6,2,2200
D,1273066377,1019,3341,0,-11445,264,-56,-65,45,309,1238,01,6,2,2200
D,1273067361,984,3341,0,-11445,240,-56,-63,45,309,1238,01,6,2,2200
D,1273068356,995,3341,0,-11445,232,-56,-55,45,308,1238,01,6,2,2200
D,1273069427,1071,3342,1,-11446,304,-56,-65,45,308,1238,01,6,2,2200
D,1273070466,1039,3342,0,-11446,345,-56,-57,45,308,1238,01,6,2,2200
D,1273071522,1056,3342,0,-11446,404,-56,-57,45,308,1238,01,6,2,2200
D,1273072395,873,3343,1,-11447,281,-57,-65,45,308,1237,01,6,2,2200
D,1273073383,988,3343,0,-11447,258,-57,-65,45,309,1237,01,6,2,2200
D,1273074458,1075,3343,0,-11447,339,-57,-65,45,309,1237,01,6,2,2200
D,1273075391,933,3343,0,-11447,276,-57,-57,45,309,1237,01,6,2,2200
D,1273076374,983,3344,1,-11448,260,-57,-63,45,309,1236,01,6,2,2200
D,1273077377,1003,3344,0,-11448,265,-58,-65,45,309,1236,01,6,2,2200
D,1273078394,1017,3344,0,-11448,272,-58,-65,45,309,1236,01,6,2,2200
D,1273079409,1015,3344,0,-11448,284,-58,-63,45,309,1236,01,6,2,2200
D,1273080382,973,3345,1,-11449,268,-59,-71,45,309,1235,01,6,2,2200
D,1273081428,1046,3345,0,-11449,315,-59,-63,45,309,1235,01,6,2,2200
D,1273082405,977,3345,0,-11449,291,-59,-65,45,309,1235,01,6,2,2200
D,1273083349,944,3345,0,-11449,236,-59,-63,45,309,1235,01,6,2,2200
D,1273084357,1008,3346,1,-11450,232,-60,-71,45,309,1234,01,6,2,2200
D,1273085354,997,3346,0,-11450,232,-60,-63,45,309,1234,01,6,2,2200
D,1273086396,1042,3346,0,-11450,274,-60,-65,45,309,1234,01,6,2,2200
D,1273087360,964,3347,1,-11451,236,-60,-71,45,309,1233,01,6,2,2200
D,1273088345,985,3347,0,-11451,232,-61,-63,45,309,1233,01,6,2,2200
D,1273089427,1082,3347,0,-11451,301,-61,-65,45,308,1233,01,6,2,2200
D,1273090457,1030,3347,0,-11451,331,-61,-65,45,308,1233,01,6,2,2200
D,1273091473,1016,3347,0,-11451,337,-61,-57,45,308,1233,01,6,2,2200
D,1273092396,923,3348,1,-11452,278,-61,-65,45,308,1232,01,6,2,2200
D,1273093384,988,3348,0,-11452,262,-61,-65,45,308,1232,01,6,2,2200
D,1273094452,1068,3348,0,-11452,336,-61,-65,45,307,1232,01,6,2,2200
D,1273095395,943,3348,0,-11452,281,-61,-57,45,307,1232,01,6,2,2200
D,1273096375,980,3348,0,-11452,249,-61,-55,45,307,1232,01,6,2,2200
D,1273097382,1007,3349,1,-11453,268,-61,-65,45,307,1231,01,6,2,2200
D,1273098389,1007,3349,0,-11453,274,-61,-65,45,307,1231,01,6,2,2200
D,1273099389,1000,3349,0,-11453,268,-61,-63,45,306,1231,01,6,2,2200
D,1273100373,984,3349,0,-11453,263,-61,-55,45,306,1231,01,6,2,2200
D,1273101445,1072,3350,1,-11454,320,-61,-63,45,306,1230,01,6,2,2200
D,1273102393,948,3350,0,-11454,278,-61,-63,45,306,1230,01,6,2,2200
D,1273103383,990,3350,0,-11454,265,-61,-57,43,306,1230,01,6,2,2200
D,1273104648,1265,3351,1,-11455,277,-61,-65,43,305,1230,01,7,3,1650
D,1273105359,711,3351,0,-11455,244,-61,-63,43,305,1230,01,7,3,1650
D,1273106418,1059,3352,1,-11456,306,-61,-65,43,305,1229,01,7,3,1650
D,1273107359,941,3353,1,-11457,236,-62,-71,43,305,1228,01,7,3,1650
D,1273108353,994,3353,0,-11457,234,-62,-71,43,305,1228,01,7,3,1650
D,1273109403,1050,3353,0,-11457,281,-62,-71,43,304,1228,01,7,3,1650
D,1273110471,1068,3353,0,-11457,359,-63,-65,43,304,1228,01,7,3,1650
D,1273111516,1045,3353,0,-11457,396,-63,-65,43,304,1228,01,7,3,1650
D,1273112406,890,3353,0,-11457,283,-63,-65,43,304,1228,01,7,3,1650
D,1273113376,970,3354,1,-11458,251,-63,-73,43,304,1227,01,7,3,1650
D,1273114403,1027,3354,0,-11458,286,-63,-65,43,303,1227,01,7,3,1650
D,1273115394,991,3355,1,-11459,271,-64,-73,43,303,1226,01,7,3,1650
D,1273116389,995,3355,0,-11459,276,-64,-71,43,303,1226,01,7,3,1650
D,1273117381,992,3355,0,-11459,263,-64,-65,43,303,1226,01,7,3,1650
D,1273118461,1080,3355,0,-11459,343,-64,-65,43,303,1226,01,7,3,1650
D,1273119389,928,3355,0,-11459,278,-64,-63,43,301,1226,01,7,3,1650
D,1273120389,1000,3355,0,-11459,267,-64,-63,43,301,1226,01,7,3,1650
D,1273121429,1040,3355,0,-11459,308,-64,-63,43,301,1226,01,7,3,1650
D,1273122409,980,3356,1,-11460,294,-64,-65,43,301,1225,01,7,3,1650
D,1273123353,944,3356,0,-11460,240,-64,-63,43,301,1225,01,7,3,1650
D,1273124356,1003,3356,0,-11460,234,-64,-63,43,300,1225,01,7,3,1650
D,1273125356,1000,3356,0,-11460,234,-64,-63,43,300,1225,01,7,3,1650
D,1273126389,1033,3357,1,-11461,278,-64,-73,43,300,1224,01,7,3,1650
D,1273127363,974,3357,0,-11461,240,-64,-71,43,300,1224,01,7,3,1650
D,1273128347,984,3357,0,-11461,234,-64,-63,43,300,1224,01,7,3,1650
D,1273129427,1080,3357,0,-11461,307,-64,-65,43,299,1224,01,7,3,1650
D,1273130448,1021,3358,1,-11462,333,-65,-73,43,299,1223,01,7,3,1650
D,1273131503,1055,3358,0,-11462,386,-65,-65,43,299,1223,01,7,3,1650
D,1273132405,902,3358,0,-11462,289,-65,-65,43,299,1223,01,7,3,1650
D,1273133377,972,3358,0,-11462,263,-65,-63,41,299,1223,01,7,3,1650
D,1273134406,1029,3359,1,-11463,289,-65,-71,41,299,1223,01,7,3,1650
D,1273135394,988,3359,0,-11463,270,-65,-65,41,298,1223,01,7,3,1650
D,1273136398,1004,3359,0,-11463,275,-65,-63,41,298,1223,01,7,3,1650
D,1273137374,976,3359,0,-11463,259,-64,-49,41,298,1223,01,7,3,1650
D,1273138463,1089,3360,1,-11464,338,-64,-57,41,298,1222,01,7,3,1650
D,1273139406,943,3360,0,-11464,283,-64,-57,41,298,1222,01,7,3,1650
D,1273140372,966,3360,0,-11464,260,-63,-55,41,297,1222,01,7,3,1650
D,1273141424,1052,3360,0,-11464,303,-63,-55,41,297,1222,01,7,3,1650
D,1273142425,1001,3361,1,-11465,308,-63,-65,41,297,1221,01,7,3,1650
D,1273143346,921,3361,0,-11465,236,-63,-63,41,297,1221,01,7,3,1650
D,1273144348,1002,3361,0,-11465,234,-63,-55,41,297,1221,01,7,3,1650
D,1273145352,1004,3361,0,-11465,238,-63,-55,41,296,1221,01,7,3,1650
D,1273146397,1045,3362,1,-11466,283,-62,-57,41,296,1220,01,7,3,1650
D,1273147359,962,3362,0,-11466,235,-62,-55,41,296,1220,01,7,3,1650
D,1273148344,985,3363,1,-11467,234,-62,-63,41,296,1219,01,7,3,1650
D,1273149375,1031,3363,0,-11467,265,-62,-63,41,296,1219,01,7,3,1650
D,1273150462,1087,3363,0,-11467,340,-62,-65,41,295,1219,01,7,3,1650
D,1273151472,1010,3363,0,-11467,341,-62,-65,41,295,1219,01,7,3,1650
D,1273152383,911,3364,1,-11468,273,-63,-71,41,295,1218,01,7,3,1650
D,1273153381,998,3364,0,-11468,267,-63,-65,41,295,1218,01,7,3,1650
# DIAG n=2304 wrapped=1 frozen=1

[HOST 2026-09-18T11:00:26.611] Serial capture ended

[HOST 2026-09-18T11:01:24.336] Serial opened; DTR/RTS false; lease 3600 seconds

[HOST 2026-09-18T11:01:26.378] TX r
# S2: driver config re-applied and verified
# fault cleared; tmc=1 dirCal=1
# MANUAL movement promoted to spin
SPIN#1 START dir=-1 omega=-0.229 wedge=10
SPIN#1 RELEASE speed=0.715 peak=0.811 angle=75.4
SPIN#1 RESERVE targetW=2 targetAngle=72.0 runway=363.1 natStop=440.5 speed=0.714 q=0 urgent=0
SPIN#1 CAPTURE fasDir=+1 wheel=0.655 cmd0=0.622 hz=1991 aPlan=0.2023(647 sps2) aFas=5176 remain=344.6
FAULT code=MOTOR_FIGHT detail=wheel far below field speed state=CONTROLLED_DECEL angle=19.0 wedge=0 omega=-0.103 cmd=0.113
SPIN#1 SUMMARY dir=-1 peak=0.811 releaseMs=982 relAngle=75.4 relSpeed=0.715 targetW=2 targetAngle=72.0 runway=363.1 natStop=440.5 fricC=0.5500 fricB=0.2800 tkSpeed=0.655 cmdMax=0.622 cmdMin=0.113 rise=0.000 maxDecel=8.894 final=231.1 finalW=7 err=-159.0 quality=0 result=FAULTED fault=MOTOR_FIGHT fitRej=0 fitsCW=0 fitsCCW=0
SPIN#2 START dir=-1 omega=-0.217 wedge=7
SPIN#2 FAULT ACTIVE (MOTOR_FIGHT): spin will NOT be controlled
SPIN#2 SUMMARY dir=-1 peak=0.217 releaseMs=0 relAngle=0.0 relSpeed=0.000 targetW=-1 targetAngle=0.0 runway=0.0 natStop=0.0 fricC=0.5500 fricB=0.2800 tkSpeed=0.000 cmdMax=0.000 cmdMin=0.000 rise=0.000 maxDecel=0.000 final=277.3 finalW=9 err=0.0 quality=0 result=CONTROL_LOCKED fault=MOTOR_FIGHT fitRej=0 fitsCW=0 fitsCCW=0

[HOST 2026-09-18T11:08:13.674] Serial capture ended

[HOST 2026-09-18T11:10:40.981] Serial opened; DTR/RTS false; lease 3600 seconds

[HOST 2026-09-18T11:10:43.017] TX r
# S2: driver config re-applied and verified
# fault cleared; tmc=1 dirCal=1
SPIN#1 START dir=+1 omega=0.663 wedge=0

[HOST 2026-09-18T11:14:17.389] TX s
# state=SPIN_PUSH fault=NONE angle=29.53 wedge=0 omega=0.6625 natStop=394.6 pos=FRESH vel=VALID age_us=169 dirCal=1(sign -1) tmc=1 takeover=1 rawZero=88 stage=0 cmd=0.000

[HOST 2026-09-18T11:14:35.921] TX s
# state=SPIN_PUSH fault=NONE angle=29.53 wedge=0 omega=0.6625 natStop=394.6 pos=FRESH vel=VALID age_us=117 dirCal=1(sign -1) tmc=1 takeover=1 rawZero=88 stage=0 cmd=0.000

[HOST 2026-09-18T11:15:50.953] Serial capture ended

[HOST 2026-09-18T11:17:03.122] Serial opened; DTR/RTS false; lease 3600 seconds

[HOST 2026-09-18T11:17:05.170] TX r
# r: no latched fault

[HOST 2026-09-18T11:17:06.100] TX s
# state=IDLE_STOPPED fault=NONE angle=30.41 wedge=1 omega=-0.0000 natStop=0.0 pos=FRESH vel=VALID age_us=88 dirCal=1(sign -1) tmc=1 takeover=1 rawZero=88 stage=0 cmd=0.000

[HOST 2026-09-18T11:18:02.498] Serial capture ended

[HOST 2026-09-18T11:20:17.431] Serial opened; DTR/RTS false; lease 3600 seconds

[HOST 2026-09-18T11:20:19.476] TX r
# r: no latched fault

[HOST 2026-09-18T11:20:20.405] Rejected command 'a'

[HOST 2026-09-18T11:20:40.809] Serial capture ended

[HOST 2026-09-18T11:20:42.851] Serial opened; DTR/RTS false; lease 3600 seconds

[HOST 2026-09-18T11:20:44.892] TX a
# audio ON

[HOST 2026-09-18T11:21:41.458] Serial capture ended

[HOST 2026-09-18T11:34:17.777] Serial opened; DTR/RTS false; lease 3600 seconds

[HOST 2026-09-18T11:34:19.772] TX r
# r: no latched fault

[HOST 2026-09-18T11:34:20.706] Rejected command 'g'

[HOST 2026-09-18T11:34:30.525] Serial capture ended

[HOST 2026-09-18T11:34:32.570] Serial opened; DTR/RTS false; lease 3600 seconds

[HOST 2026-09-18T11:34:34.619] TX g
# AS5600 STATUS 0x27 (MD=1 ML=0 MH=0)  AGC=46 (want ~40-200)
MANUAL-ADJUST travel=-0.1deg durMs=1813 wedge=1 (no spin, no motor)

[HOST 2026-09-18T11:39:04.467] TX s
# state=IDLE_STOPPED fault=NONE angle=28.92 wedge=0 omega=-0.0011 natStop=0.0 pos=FRESH vel=VALID age_us=279 dirCal=1(sign -1) tmc=1 takeover=1 rawZero=88 stage=0 cmd=0.000

[HOST 2026-09-18T11:39:17.111] TX d
# DIAG armed: RAM-only 1 kHz capture; dumps after true stop or fault.
SPIN#1 START dir=-1 omega=-0.186 wedge=0
SPIN#1 RELEASE speed=0.306 peak=0.332 angle=277.9
SPIN#1 RESERVE targetW=7 targetAngle=214.5 runway=63.4 natStop=118.8 speed=0.306 q=1 urgent=0
SPIN#1 CAPTURE fasDir=+1 wheel=0.299 cmd0=0.284 hz=907 aPlan=0.2642(845 sps2) aFas=6760 remain=54.8
FAULT code=MOTOR_FIGHT detail=wheel far below field speed state=CONTROLLED_DECEL angle=247.4 wedge=8 omega=-0.036 cmd=0.039
SPIN#1 SUMMARY dir=-1 peak=0.332 releaseMs=882 relAngle=277.9 relSpeed=0.306 targetW=7 targetAngle=214.5 runway=63.4 natStop=118.8 fricC=0.5500 fricB=0.2800 tkSpeed=0.299 cmdMax=0.284 cmdMin=0.039 rise=0.136 maxDecel=7.648 final=322.5 finalW=10 err=-108.0 quality=1 result=FAULTED fault=MOTOR_FIGHT fitRej=0 fitsCW=0 fitsCCW=0
# DIAG columns: done_us,dt_good_us,raw,delta,counts,i2c_us,omega_mrev,window_mrev,cmd_mrev,fas_mrev,remain_ddeg,flags_hex,state,stage,current_ma
D,1053660270,1057,3856,1,328,383,0,-8,0,0,0,01,0,0,0
D,1053661139,869,3856,0,328,249,0,-8,0,0,0,01,0,0,0
D,1053662152,1013,3855,-1,329,258,0,0,0,0,0,01,0,0,0
D,1053663126,974,3855,0,329,236,0,0,0,0,0,01,0,0,0
D,1053664136,1010,3855,0,329,241,0,0,0,0,0,01,0,0,0
D,1053665116,980,3855,0,329,222,0,0,0,0,0,01,0,0,0
D,1053666145,1029,3855,0,329,256,0,0,0,0,0,01,0,0,0
D,1053667120,975,3855,0,329,235,0,0,0,0,0,01,0,0,0
D,1053668133,1013,3855,0,329,247,0,0,0,0,0,01,0,0,0
D,1053669129,996,3855,0,329,241,0,0,0,0,0,01,0,0,0
D,1053670173,1044,3855,0,329,275,0,0,0,0,0,01,0,0,0
D,1053671103,930,3855,0,329,219,0,0,0,0,0,01,0,0,0
D,1053672099,996,3855,0,329,212,0,0,0,0,0,01,0,0,0
D,1053673094,995,3855,0,329,211,0,0,0,0,0,01,0,0,0
D,1053674105,1011,3855,0,329,213,0,0,0,0,0,01,0,0,0
D,1053675104,999,3855,0,329,216,0,0,0,0,0,01,0,0,0
D,1053676100,996,3855,0,329,211,0,0,0,0,0,01,0,0,0
D,1053677094,994,3855,0,329,210,0,0,0,0,0,01,0,0,0
D,1053678110,1016,3855,0,329,218,0,0,0,0,0,01,0,0,0
D,1053679209,1099,3855,0,329,322,0,0,0,0,0,01,0,0,0
D,1053680272,1063,3855,0,329,382,0,0,0,0,0,01,0,0,0
D,1053681118,846,3855,0,329,236,0,0,0,0,0,01,0,0,0
D,1053682153,1035,3855,0,329,262,0,0,0,0,0,01,0,0,0
D,1053683131,978,3855,0,329,238,0,0,0,0,0,01,0,0,0
D,1053684141,1010,3855,0,329,254,0,0,0,0,0,01,0,0,0
D,1053685103,962,3855,0,329,216,0,0,0,0,0,01,0,0,0
D,1053686146,1043,3855,0,329,255,0,0,0,0,0,01,0,0,0
D,1053687128,982,3855,0,329,240,0,0,0,0,0,01,0,0,0
D,1053688146,1018,3855,0,329,251,0,0,0,0,0,01,0,0,0
D,1053689118,972,3855,0,329,235,0,0,0,0,0,01,0,0,0
D,1053690167,1049,3855,0,329,283,0,0,0,0,0,01,0,0,0
D,1053691099,932,3855,0,329,216,0,8,0,0,0,01,0,0,0
D,1053692101,1002,3855,0,329,215,1,8,0,0,0,01,0,0,0
D,1053693094,993,3855,0,329,209,1,0,0,0,0,01,0,0,0
D,1053694106,1012,3855,0,329,214,0,0,0,0,0,01,0,0,0
D,1053695107,1001,3855,0,329,214,0,0,0,0,0,01,0,0,0
D,1053696102,995,3855,0,329,209,0,0,0,0,0,01,0,0,0
D,1053697100,998,3855,0,329,214,0,0,0,0,0,01,0,0,0
D,1053698104,1004,3855,0,329,220,0,0,0,0,0,01,0,0,0
D,1053699201,1097,3855,0,329,316,0,0,0,0,0,01,0,0,0
D,1053700262,1061,3855,0,329,366,0,0,0,0,0,01,0,0,0
D,1053701142,880,3855,0,329,247,0,0,0,0,0,01,0,0,0
D,1053702144,1002,3855,0,329,252,0,0,0,0,0,01,0,0,0
D,1053703138,994,3855,0,329,245,0,0,0,0,0,01,0,0,0
D,1053704137,999,3855,0,329,249,0,0,0,0,0,01,0,0,0
D,1053705116,979,3855,0,329,221,0,0,0,0,0,01,0,0,0
D,1053706145,1029,3855,0,329,253,0,0,0,0,0,01,0,0,0
D,1053707116,971,3855,0,329,232,0,0,0,0,0,01,0,0,0
D,1053708140,1024,3855,0,329,244,0,0,0,0,0,01,0,0,0
D,1053709118,978,3855,0,329,236,0,0,0,0,0,01,0,0,0
D,1053710165,1047,3855,0,329,275,0,0,0,0,0,01,0,0,0
D,1053711103,938,3855,0,329,214,0,0,0,0,0,01,0,0,0
D,1053712099,996,3855,0,329,212,0,0,0,0,0,01,0,0,0
D,1053713094,995,3855,0,329,211,0,0,0,0,0,01,0,0,0
D,1053714109,1015,3855,0,329,217,0,0,0,0,0,01,0,0,0
D,1053715103,994,3855,0,329,209,0,0,0,0,0,01,0,0,0
D,1053716099,996,3855,0,329,212,0,0,0,0,0,01,0,0,0
D,1053717094,995,3855,0,329,211,0,0,0,0,0,01,0,0,0
D,1053718117,1023,3855,0,329,224,0,0,0,0,0,01,0,0,0
D,1053719213,1096,3855,0,329,322,0,0,0,0,0,01,0,0,0
D,1053720259,1046,3855,0,329,371,0,0,0,0,0,01,0,0,0
D,1053721120,861,3855,0,329,236,0,0,0,0,0,01,0,0,0
D,1053722155,1035,3855,0,329,261,0,0,0,0,0,01,0,0,0
D,1053723126,971,3855,0,329,231,0,0,0,0,0,01,0,0,0
D,1053724153,1027,3855,0,329,256,0,0,0,0,0,01,0,0,0
D,1053725103,950,3855,0,329,216,0,0,0,0,0,01,0,0,0
D,1053726153,1050,3855,0,329,258,0,0,0,0,0,01,0,0,0
D,1053727128,975,3855,0,329,235,0,0,0,0,0,01,0,0,0
D,1053728142,1014,3855,0,329,249,0,0,0,0,0,01,0,0,0
D,1053729128,986,3855,0,329,240,0,0,0,0,0,01,0,0,0
D,1053730165,1037,3855,0,329,279,0,0,0,0,0,01,0,0,0
D,1053731104,939,3855,0,329,218,0,0,0,0,0,01,0,0,0
D,1053732094,990,3855,0,329,209,0,0,0,0,0,01,0,0,0
D,1053733101,1007,3855,0,329,207,0,0,0,0,0,01,0,0,0
D,1053734109,1008,3855,0,329,215,0,0,0,0,0,01,0,0,0
D,1053735096,987,3855,0,329,211,0,0,0,0,0,01,0,0,0
D,1053736099,1003,3855,0,329,210,0,0,0,0,0,01,0,0,0
D,1053737091,992,3854,-1,330,209,0,8,0,0,0,01,0,0,0
D,1053738112,1021,3854,0,330,226,1,8,0,0,0,01,0,0,0
D,1053739219,1107,3854,0,330,324,1,8,0,0,0,01,0,0,0
D,1053740276,1057,3854,0,330,391,1,8,0,0,0,01,0,0,0
D,1053741142,866,3854,0,330,253,2,8,0,0,0,01,0,0,0
D,1053742135,993,3854,0,330,252,2,8,0,0,0,01,0,0,0
D,1053743138,1003,3854,0,330,252,2,8,0,0,0,01,0,0,0
D,1053744139,1001,3854,0,330,256,2,8,0,0,0,01,0,0,0
D,1053745120,981,3854,0,330,230,3,8,0,0,0,01,0,0,0
D,1053746154,1034,3854,0,330,260,3,8,0,0,0,01,0,0,0
D,1053747134,980,3854,0,330,239,3,8,0,0,0,01,0,0,0
D,1053748142,1008,3854,0,330,251,3,8,0,0,0,01,0,0,0
D,1053749131,989,3854,0,330,236,3,8,0,0,0,01,0,0,0
D,1053750170,1039,3854,0,330,283,4,8,0,0,0,01,0,0,0
D,1053751103,933,3854,0,330,221,4,8,0,0,0,01,0,0,0
D,1053752100,997,3854,0,330,212,4,8,0,0,0,01,0,0,0
D,1053753094,994,3854,0,330,210,4,8,0,0,0,01,0,0,0
D,1053754109,1015,3854,0,330,216,4,8,0,0,0,01,0,0,0
D,1053755110,1001,3854,0,330,216,4,8,0,0,0,01,0,0,0
D,1053756093,983,3854,0,330,209,4,8,0,0,0,01,0,0,0
D,1053757101,1008,3854,0,330,209,5,8,0,0,0,01,0,0,0
D,1053758101,1000,3854,0,330,215,5,8,0,0,0,01,0,0,0
D,1053759202,1101,3854,0,330,317,5,8,0,0,0,01,0,0,0
D,1053760264,1062,3854,0,330,363,5,8,0,0,0,01,0,0,0
D,1053761141,877,3854,0,330,247,5,8,0,0,0,01,0,0,0
D,1053762157,1016,3854,0,330,260,5,8,0,0,0,01,0,0,0
D,1053763117,960,3854,0,330,234,5,8,0,0,0,01,0,0,0
D,1053764139,1022,3854,0,330,252,5,8,0,0,0,01,0,0,0
D,1053765109,970,3854,0,330,221,6,8,0,0,0,01,0,0,0
D,1053766147,1038,3854,0,330,260,6,8,0,0,0,01,0,0,0
D,1053767129,982,3854,0,330,240,5,0,0,0,0,01,0,0,0
D,1053768148,1019,3854,0,330,251,5,0,0,0,0,01,0,0,0
D,1053769131,983,3854,0,330,245,5,0,0,0,0,01,0,0,0
D,1053770169,1038,3854,0,330,276,5,0,0,0,0,01,0,0,0
D,1053771101,932,3853,-1,331,213,5,8,0,0,0,01,0,0,0
D,1053772098,997,3854,1,330,213,5,0,0,0,0,01,0,0,0
D,1053773090,992,3854,0,330,206,5,0,0,0,0,01,0,0,0
D,1053774101,1011,3853,-1,331,216,5,8,0,0,0,01,0,0,0
D,1053775103,1002,3853,0,331,211,5,8,0,0,0,01,0,0,0
D,1053776097,994,3853,0,331,209,5,8,0,0,0,01,0,0,0
D,1053777090,993,3853,0,331,208,5,8,0,0,0,01,0,0,0
D,1053778110,1020,3853,0,331,225,5,8,0,0,0,01,0,0,0
D,1053779220,1110,3853,0,331,325,5,8,0,0,0,01,0,0,0
D,1053780276,1056,3853,0,331,382,5,8,0,0,0,01,0,0,0
D,1053781135,859,3853,0,331,247,5,8,0,0,0,01,0,0,0
D,1053782137,1002,3853,0,331,251,6,8,0,0,0,01,0,0,0
D,1053783123,986,3853,0,331,239,6,8,0,0,0,01,0,0,0
D,1053784130,1007,3853,0,331,244,6,8,0,0,0,01,0,0,0
D,1053785116,986,3853,0,331,224,6,8,0,0,0,01,0,0,0
D,1053786152,1036,3853,0,331,257,6,8,0,0,0,01,0,0,0
D,1053787131,979,3853,0,331,235,6,8,0,0,0,01,0,0,0
D,1053788132,1001,3853,0,331,249,6,8,0,0,0,01,0,0,0
D,1053789134,1002,3853,0,331,240,6,8,0,0,0,01,0,0,0
D,1053790170,1036,3853,0,331,284,6,8,0,0,0,01,0,0,0
D,1053791098,928,3853,0,331,213,6,8,0,0,0,01,0,0,0
D,1053792094,996,3853,0,331,211,6,8,0,0,0,01,0,0,0
D,1053793102,1008,3853,0,331,209,6,8,0,0,0,01,0,0,0
D,1053794106,1004,3853,0,331,220,7,8,0,0,0,01,0,0,0
D,1053795104,998,3853,0,331,215,7,8,0,0,0,01,0,0,0
D,1053796104,1000,3853,0,331,212,7,8,0,0,0,01,0,0,0
D,1053797100,996,3853,0,331,210,7,8,0,0,0,01,0,0,0
D,1053798103,1003,3853,0,331,218,7,8,0,0,0,01,0,0,0
D,1053799211,1108,3853,0,331,320,7,8,0,0,0,01,0,0,0
D,1053800265,1054,3853,0,331,371,7,8,0,0,0,01,0,0,0
D,1053801139,874,3853,0,331,250,7,0,0,0,0,01,0,0,0
D,1053802156,1017,3853,0,331,260,7,8,0,0,0,01,0,0,0
D,1053803118,962,3853,0,331,235,7,8,0,0,0,01,0,0,0
D,1053804138,1020,3852,-1,332,251,7,8,0,0,0,01,0,0,0
D,1053805107,969,3852,0,332,221,7,8,0,0,0,01,0,0,0
D,1053806140,1033,3852,0,332,255,7,8,0,0,0,01,0,0,0
D,1053807115,975,3852,0,332,234,7,8,0,0,0,01,0,0,0
D,1053808130,1015,3852,0,332,248,7,8,0,0,0,01,0,0,0
D,1053809128,998,3852,0,332,236,7,8,0,0,0,01,0,0,0
D,1053810174,1046,3852,0,332,278,7,8,0,0,0,01,0,0,0
D,1053811106,932,3852,0,332,212,7,8,0,0,0,01,0,0,0
D,1053812099,993,3852,0,332,212,7,8,0,0,0,01,0,0,0
D,1053813091,992,3852,0,332,207,7,8,0,0,0,01,0,0,0
D,1053814100,1009,3852,0,332,215,7,8,0,0,0,01,0,0,0
D,1053815106,1006,3852,0,332,218,7,8,0,0,0,01,0,0,0
D,1053816101,995,3852,0,332,209,7,8,0,0,0,01,0,0,0
D,1053817091,990,3852,0,332,207,7,8,0,0,0,01,0,0,0
D,1053818108,1017,3852,0,332,223,7,8,0,0,0,01,0,0,0
D,1053819209,1101,3852,0,332,317,7,8,0,0,0,01,0,0,0
D,1053820269,1060,3852,0,332,381,7,8,0,0,0,01,0,0,0
D,1053821143,874,3852,0,332,248,7,8,0,0,0,01,0,0,0
D,1053822141,998,3852,0,332,255,7,8,0,0,0,01,0,0,0
D,1053823130,989,3852,0,332,241,7,8,0,0,0,01,0,0,0
D,1053824140,1010,3852,0,332,246,7,8,0,0,0,01,0,0,0
D,1053825101,961,3852,0,332,216,7,8,0,0,0,01,0,0,0
D,1053826151,1050,3852,0,332,259,7,8,0,0,0,01,0,0,0
D,1053827123,972,3852,0,332,231,8,8,0,0,0,01,0,0,0
D,1053828139,1016,3852,0,332,248,8,8,0,0,0,01,0,0,0
D,1053829129,990,3852,0,332,243,8,8,0,0,0,01,0,0,0
D,1053830169,1040,3852,0,332,281,8,8,0,0,0,01,0,0,0
D,1053831105,936,3852,0,332,212,8,8,0,0,0,01,0,0,0
D,1053832100,995,3852,0,332,210,8,8,0,0,0,01,0,0,0
D,1053833094,994,3852,0,332,209,8,8,0,0,0,01,0,0,0
D,1053834108,1014,3852,0,332,215,8,8,0,0,0,01,0,0,0
D,1053835107,999,3852,0,332,215,7,0,0,0,0,01,0,0,0
D,1053836094,987,3852,0,332,211,7,0,0,0,0,01,0,0,0
D,1053837101,1007,3852,0,332,209,7,0,0,0,0,01,0,0,0
D,1053838103,1002,3852,0,332,217,6,0,0,0,0,01,0,0,0
D,1053839213,1110,3852,0,332,325,6,0,0,0,0,01,0,0,0
D,1053840265,1052,3852,0,332,375,6,0,0,0,0,01,0,0,0
D,1053841136,871,3852,0,332,244,6,0,0,0,0,01,0,0,0
D,1053842157,1021,3852,0,332,265,6,0,0,0,0,01,0,0,0
D,1053843118,961,3851,-1,333,235,6,8,0,0,0,01,0,0,0
D,1053844137,1019,3852,1,332,249,5,0,0,0,0,01,0,0,0
D,1053845105,968,3852,0,332,221,5,0,0,0,0,01,0,0,0
D,1053846135,1030,3852,0,332,251,5,0,0,0,0,01,0,0,0
D,1053847135,1000,3851,-1,333,244,5,8,0,0,0,01,0,0,0
D,1053848143,1008,3851,0,333,252,5,8,0,0,0,01,0,0,0
D,1053849125,982,3852,1,332,237,5,0,0,0,0,01,0,0,0
D,1053850172,1047,3852,0,332,275,5,0,0,0,0,01,0,0,0
D,1053851108,936,3851,-1,333,214,5,8,0,0,0,01,0,0,0
D,1053852102,994,3851,0,333,208,5,8,0,0,0,01,0,0,0
D,1053853098,996,3851,0,333,210,5,8,0,0,0,01,0,0,0
D,1053854095,997,3851,0,333,211,5,8,0,0,0,01,0,0,0
D,1053855110,1015,3851,0,333,216,5,8,0,0,0,01,0,0,0
D,1053856098,988,3851,0,333,210,5,8,0,0,0,01,0,0,0
D,1053857092,994,3851,0,333,208,6,8,0,0,0,01,0,0,0
D,1053858112,1020,3851,0,333,219,6,8,0,0,0,01,0,0,0
D,1053859207,1095,3851,0,333,322,6,8,0,0,0,01,0,0,0
D,1053860271,1064,3851,0,333,385,6,8,0,0,0,01,0,0,0
D,1053861143,872,3851,0,333,251,6,8,0,0,0,01,0,0,0
D,1053862141,998,3851,0,333,258,6,8,0,0,0,01,0,0,0
D,1053863135,994,3851,0,333,243,6,8,0,0,0,01,0,0,0
D,1053864141,1006,3851,0,333,244,6,8,0,0,0,01,0,0,0
D,1053865101,960,3851,0,333,214,6,8,0,0,0,01,0,0,0
D,1053866143,1042,3851,0,333,253,6,8,0,0,0,01,0,0,0
D,1053867127,984,3851,0,333,238,6,8,0,0,0,01,0,0,0
D,1053868138,1011,3851,0,333,243,6,8,0,0,0,01,0,0,0
D,1053869117,979,3851,0,333,232,7,8,0,0,0,01,0,0,0
D,1053870171,1054,3851,0,333,282,7,8,0,0,0,01,0,0,0
D,1053871105,934,3851,0,333,212,7,8,0,0,0,01,0,0,0
D,1053872100,995,3851,0,333,210,7,8,0,0,0,01,0,0,0
D,1053873094,994,3851,0,333,209,7,8,0,0,0,01,0,0,0
D,1053874111,1017,3851,0,333,218,6,0,0,0,0,01,0,0,0
D,1053875097,986,3851,0,333,213,7,8,0,0,0,01,0,0,0
D,1053876094,997,3851,0,333,211,7,8,0,0,0,01,0,0,0
D,1053877102,1008,3851,0,333,209,7,8,0,0,0,01,0,0,0
D,1053878107,1005,3851,0,333,221,6,0,0,0,0,01,0,0,0
D,1053879207,1100,3851,0,333,318,6,8,0,0,0,01,0,0,0
D,1053880260,1053,3851,0,333,373,7,8,0,0,0,01,0,0,0
D,1053881136,876,3851,0,333,246,6,0,0,0,0,01,0,0,0
D,1053882155,1019,3851,0,333,265,6,0,0,0,0,01,0,0,0
D,1053883117,962,3851,0,333,235,6,0,0,0,0,01,0,0,0
D,1053884138,1021,3851,0,333,251,6,0,0,0,0,01,0,0,0
D,1053885105,967,3851,0,333,219,5,0,0,0,0,01,0,0,0
D,1053886140,1035,3851,0,333,256,5,0,0,0,0,01,0,0,0
D,1053887138,998,3851,0,333,242,5,0,0,0,0,01,0,0,0
D,1053888147,1009,3851,0,333,252,5,0,0,0,0,01,0,0,0
D,1053889129,982,3851,0,333,236,5,0,0,0,0,01,0,0,0
D,1053890166,1037,3851,0,333,280,4,0,0,0,0,01,0,0,0
D,1053891101,935,3850,-1,334,214,5,8,0,0,0,01,0,0,0
D,1053892093,992,3850,0,334,210,5,8,0,0,0,01,0,0,0
D,1053893099,1006,3850,0,334,205,5,8,0,0,0,01,0,0,0
D,1053894109,1010,3850,0,334,215,5,8,0,0,0,01,0,0,0
D,1053895103,994,3850,0,334,217,5,8,0,0,0,01,0,0,0
D,1053896097,994,3850,0,334,209,5,8,0,0,0,01,0,0,0
D,1053897090,993,3850,0,334,208,5,8,0,0,0,01,0,0,0
D,1053898111,1021,3850,0,334,226,5,8,0,0,0,01,0,0,0
D,1053899220,1109,3850,0,334,327,5,8,0,0,0,01,0,0,0
D,1053900268,1048,3850,0,334,381,6,8,0,0,0,01,0,0,0
D,1053901139,871,3850,0,334,245,6,8,0,0,0,01,0,0,0
D,1053902155,1016,3850,0,334,259,6,8,0,0,0,01,0,0,0
D,1053903128,973,3850,0,334,234,6,8,0,0,0,01,0,0,0
D,1053904137,1009,3850,0,334,250,6,8,0,0,0,01,0,0,0
D,1053905098,961,3850,0,334,216,6,8,0,0,0,01,0,0,0
D,1053906147,1049,3850,0,334,258,6,8,0,0,0,01,0,0,0
D,1053907124,977,3850,0,334,236,6,8,0,0,0,01,0,0,0
D,1053908136,1012,3850,0,334,244,6,8,0,0,0,01,0,0,0
D,1053909119,983,3850,0,334,236,6,8,0,0,0,01,0,0,0
D,1053910181,1062,3850,0,334,284,6,8,0,0,0,01,0,0,0
D,1053911106,925,3850,0,334,213,6,8,0,0,0,01,0,0,0
D,1053912101,995,3850,0,334,209,6,8,0,0,0,01,0,0,0
D,1053913100,999,3850,0,334,215,7,8,0,0,0,01,0,0,0
D,1053914093,993,3850,0,334,209,7,8,0,0,0,01,0,0,0
D,1053915107,1014,3850,0,334,220,7,8,0,0,0,01,0,0,0
D,1053916104,997,3850,0,334,216,7,8,0,0,0,01,0,0,0
D,1053917101,997,3850,0,334,211,7,8,0,0,0,01,0,0,0
D,1053918102,1001,3850,0,334,217,7,8,0,0,0,01,0,0,0
D,1053919210,1108,3850,0,334,320,7,8,0,0,0,01,0,0,0
D,1053920267,1057,3850,0,334,368,7,8,0,0,0,01,0,0,0
D,1053921141,874,3850,0,334,246,7,0,0,0,0,01,0,0,0
D,1053922156,1015,3850,0,334,260,6,0,0,0,0,01,0,0,0
D,1053923126,970,3850,0,334,244,6,0,0,0,0,01,0,0,0
D,1053924136,1010,3850,0,334,250,6,0,0,0,0,01,0,0,0
D,1053925108,972,3850,0,334,225,6,0,0,0,0,01,0,0,0
D,1053926148,1040,3850,0,334,259,5,0,0,0,0,01,0,0,0
D,1053927133,985,3850,0,334,244,5,0,0,0,0,01,0,0,0
D,1053928142,1009,3849,-1,335,252,5,8,0,0,0,01,0,0,0
D,1053929132,990,3849,0,335,242,5,8,0,0,0,01,0,0,0
D,1053930166,1034,3849,0,335,277,6,8,0,0,0,01,0,0,0
D,1053931100,934,3849,0,335,213,6,8,0,0,0,01,0,0,0
D,1053932092,992,3849,0,335,210,6,8,0,0,0,01,0,0,0
D,1053933100,1008,3849,0,335,206,6,8,0,0,0,01,0,0,0
D,1053934109,1009,3849,0,335,214,6,8,0,0,0,01,0,0,0
D,1053935103,994,3849,0,335,217,6,8,0,0,0,01,0,0,0
D,1053936097,994,3849,0,335,209,6,8,0,0,0,01,0,0,0
D,1053937090,993,3849,0,335,208,6,8,0,0,0,01,0,0,0
D,1053938114,1024,3849,0,335,229,6,8,0,0,0,01,0,0,0
D,1053939200,1086,3849,0,335,317,6,8,0,0,0,01,0,0,0
D,1053940272,1072,3849,0,335,375,6,8,0,0,0,01,0,0,0
D,1053941142,870,3849,0,335,250,6,8,0,0,0,01,0,0,0
D,1053942138,996,3849,0,335,254,6,8,0,0,0,01,0,0,0
D,1053943135,997,3849,0,335,250,7,8,0,0,0,01,0,0,0
D,1053944136,1001,3849,0,335,249,7,8,0,0,0,01,0,0,0
D,1053945120,984,3849,0,335,224,7,8,0,0,0,01,0,0,0
D,1053946130,1010,3849,0,335,247,7,8,0,0,0,01,0,0,0
D,1053947138,1008,3849,0,335,244,7,8,0,0,0,01,0,0,0
D,1053948127,989,3849,0,335,243,7,8,0,0,0,01,0,0,0
D,1053949135,1008,3849,0,335,249,7,8,0,0,0,01,0,0,0
D,1053950167,1032,3849,0,335,279,7,8,0,0,0,01,0,0,0
D,1053951100,933,3849,0,335,212,7,8,0,0,0,01,0,0,0
D,1053952093,993,3849,0,335,210,7,8,0,0,0,01,0,0,0
D,1053953101,1008,3849,0,335,207,7,8,0,0,0,01,0,0,0
D,1053954112,1011,3849,0,335,218,7,8,0,0,0,01,0,0,0
D,1053955101,989,3849,0,335,215,7,8,0,0,0,01,0,0,0
D,1053956098,997,3849,0,335,211,7,8,0,0,0,01,0,0,0
D,1053957091,993,3849,0,335,209,7,8,0,0,0,01,0,0,0
D,1053958113,1022,3849,0,335,228,7,8,0,0,0,01,0,0,0
D,1053959199,1086,3849,0,335,314,7,0,0,0,0,01,0,0,0
D,1053960258,1059,3849,0,335,365,7,0,0,0,0,01,0,0,0
D,1053961139,881,3849,0,335,251,6,0,0,0,0,01,0,0,0
D,1053962158,1019,3849,0,335,265,6,0,0,0,0,01,0,0,0
D,1053963118,960,3849,0,335,235,6,0,0,0,0,01,0,0,0
D,1053964138,1020,3849,0,335,249,6,0,0,0,0,01,0,0,0
D,1053965106,968,3849,0,335,220,5,0,0,0,0,01,0,0,0
D,1053966140,1034,3849,0,335,255,5,0,0,0,0,01,0,0,0
D,1053967116,976,3849,0,335,233,5,0,0,0,0,01,0,0,0
D,1053968130,1014,3849,0,335,248,5,0,0,0,0,01,0,0,0
D,1053969128,998,3849,0,335,236,5,0,0,0,0,01,0,0,0
D,1053970173,1045,3849,0,335,277,4,0,0,0,0,01,0,0,0
D,1053971104,931,3849,0,335,212,4,0,0,0,0,01,0,0,0
D,1053972094,990,3849,0,335,209,4,0,0,0,0,01,0,0,0
D,1053973101,1007,3849,0,335,207,4,0,0,0,0,01,0,0,0
D,1053974109,1008,3849,0,335,215,4,0,0,0,0,01,0,0,0
D,1053975100,991,3849,0,335,218,4,0,0,0,0,01,0,0,0
D,1053976098,998,3848,-1,336,212,4,8,0,0,0,01,0,0,0
D,1053977091,993,3848,0,336,209,4,8,0,0,0,01,0,0,0
D,1053978109,1018,3849,1,335,224,4,0,0,0,0,01,0,0,0
D,1053979219,1110,3849,0,335,322,4,0,0,0,0,01,0,0,0
D,1053980278,1059,3848,-1,336,388,4,8,0,0,0,01,0,0,0
D,1053981140,862,3848,0,336,250,4,8,0,0,0,01,0,0,0
D,1053982149,1009,3848,0,336,255,4,8,0,0,0,01,0,0,0
D,1053983118,969,3848,0,336,232,4,8,0,0,0,01,0,0,0
D,1053984136,1018,3848,0,336,246,4,8,0,0,0,01,0,0,0
D,1053985102,966,3848,0,336,218,5,8,0,0,0,01,0,0,0
D,1053986146,1044,3848,0,336,258,5,8,0,0,0,01,0,0,0
D,1053987129,983,3848,0,336,243,5,8,0,0,0,01,0,0,0
D,1053988135,1006,3848,0,336,252,5,8,0,0,0,01,0,0,0
D,1053989136,1001,3848,0,336,240,5,8,0,0,0,01,0,0,0
D,1053990171,1035,3848,0,336,275,5,8,0,0,0,01,0,0,0
D,1053991110,939,3848,0,336,216,5,8,0,0,0,01,0,0,0
D,1053992104,994,3848,0,336,209,5,8,0,0,0,01,0,0,0
D,1053993100,996,3848,0,336,211,6,8,0,0,0,01,0,0,0
D,1053994100,1000,3848,0,336,215,6,8,0,0,0,01,0,0,0
D,1053995105,1005,3848,0,336,219,6,8,0,0,0,01,0,0,0
D,1053996103,998,3848,0,336,209,6,8,0,0,0,01,0,0,0
D,1053997100,997,3848,0,336,212,6,8,0,0,0,01,0,0,0
D,1053998108,1008,3848,0,336,224,6,8,0,0,0,01,0,0,0
D,1053999206,1098,3848,0,336,322,6,8,0,0,0,01,0,0,0
D,1054000258,1052,3848,0,336,372,6,8,0,0,0,01,0,0,0
D,1054001141,883,3848,0,336,254,6,8,0,0,0,01,0,0,0
D,1054002138,997,3848,0,336,255,6,8,0,0,0,01,0,0,0
D,1054003140,1002,3848,0,336,253,6,8,0,0,0,01,0,0,0
D,1054004140,1000,3848,0,336,253,6,8,0,0,0,01,0,0,0
D,1054005109,969,3848,0,336,221,6,8,0,0,0,01,0,0,0
D,1054006128,1019,3848,0,336,242,6,0,0,0,0,01,0,0,0
D,1054007139,1011,3848,0,336,248,6,0,0,0,0,01,0,0,0
D,1054008121,982,3848,0,336,238,6,8,0,0,0,01,0,0,0
D,1054009125,1004,3848,0,336,243,6,8,0,0,0,01,0,0,0
D,1054010165,1040,3848,0,336,280,6,8,0,0,0,01,0,0,0
D,1054011098,933,3848,0,336,211,6,0,0,0,0,01,0,0,0
D,1054012102,1004,3848,0,336,208,6,0,0,0,0,01,0,0,0
D,1054013096,994,3848,0,336,208,6,0,0,0,0,01,0,0,0
D,1054014110,1014,3848,0,336,219,5,0,0,0,0,01,0,0,0
D,1054015099,989,3848,0,336,212,5,0,0,0,0,01,0,0,0
D,1054016092,993,3848,0,336,208,5,0,0,0,0,01,0,0,0
D,1054017097,1005,3848,0,336,205,5,0,0,0,0,01,0,0,0
D,1054018121,1024,3848,0,336,229,5,0,0,0,0,01,0,0,0
D,1054019209,1088,3848,0,336,319,4,0,0,0,0,01,0,0,0
D,1054020266,1057,3848,0,336,369,4,0,0,0,0,01,0,0,0
D,1054021140,874,3848,0,336,249,4,0,0,0,0,01,0,0,0
D,1054022157,1017,3848,0,336,266,4,0,0,0,0,01,0,0,0
D,1054023119,962,3848,0,336,233,4,0,0,0,0,01,0,0,0
D,1054024139,1020,3848,0,336,253,4,0,0,0,0,01,0,0,0
D,1054025107,968,3848,0,336,222,3,0,0,0,0,01,0,0,0
D,1054026133,1026,3848,0,336,248,3,0,0,0,0,01,0,0,0
D,1054027135,1002,3848,0,336,249,3,0,0,0,0,01,0,0,0
D,1054028144,1009,3848,0,336,250,3,0,0,0,0,01,0,0,0
D,1054029126,982,3848,0,336,238,3,0,0,0,0,01,0,0,0
D,1054030179,1053,3848,0,336,282,3,0,0,0,0,01,0,0,0
D,1054031105,926,3848,0,336,211,3,0,0,0,0,01,0,0,0
D,1054032100,995,3848,0,336,208,3,0,0,0,0,01,0,0,0
D,1054033099,999,3848,0,336,213,2,0,0,0,0,01,0,0,0
D,1054034092,993,3848,0,336,208,2,0,0,0,0,01,0,0,0
D,1054035109,1017,3848,0,336,222,2,0,0,0,0,01,0,0,0
D,1054036100,991,3848,0,336,207,2,0,0,0,0,01,0,0,0
D,1054037098,998,3848,0,336,212,2,0,0,0,0,01,0,0,0
D,1054038101,1003,3848,0,336,217,2,0,0,0,0,01,0,0,0
D,1054039207,1106,3848,0,336,319,2,0,0,0,0,01,0,0,0
D,1054040268,1061,3848,0,336,376,2,0,0,0,0,01,0,0,0
D,1054041122,854,3848,0,336,240,2,0,0,0,0,01,0,0,0
D,1054042139,1017,3848,0,336,255,2,0,0,0,0,01,0,0,0
D,1054043131,992,3848,0,336,242,2,0,0,0,0,01,0,0,0
D,1054044144,1013,3848,0,336,250,2,0,0,0,0,01,0,0,0
D,1054045110,966,3848,0,336,220,2,0,0,0,0,01,0,0,0
D,1054046149,1039,3847,-1,337,260,2,8,0,0,0,01,0,0,0
D,1054047125,976,3847,0,337,233,2,8,0,0,0,01,0,0,0
D,1054048142,1017,3847,0,337,250,2,8,0,0,0,01,0,0,0
D,1054049134,992,3848,1,336,243,2,0,0,0,0,01,0,0,0
D,1054050172,1038,3847,-1,337,282,2,8,0,0,0,01,0,0,0
D,1054051103,931,3847,0,337,210,3,8,0,0,0,01,0,0,0
D,1054052093,990,3847,0,337,209,3,8,0,0,0,01,0,0,0
D,1054053101,1008,3847,0,337,207,3,8,0,0,0,01,0,0,0
D,1054054113,1012,3847,0,337,218,3,8,0,0,0,01,0,0,0
D,1054055101,988,3848,1,336,213,3,0,0,0,0,01,0,0,0
D,1054056098,997,3847,-1,337,213,3,8,0,0,0,01,0,0,0
D,1054057091,993,3847,0,337,209,3,8,0,0,0,01,0,0,0
D,1054058113,1022,3847,0,337,228,4,8,0,0,0,01,0,0,0
D,1054059216,1103,3847,0,337,321,4,8,0,0,0,01,0,0,0
D,1054060274,1058,3847,0,337,385,4,8,0,0,0,01,0,0,0
D,1054061126,852,3847,0,337,242,4,8,0,0,0,01,0,0,0
D,1054062142,1016,3847,0,337,252,4,8,0,0,0,01,0,0,0
D,1054063132,990,3847,0,337,241,4,8,0,0,0,01,0,0,0
D,1054064140,1008,3847,0,337,244,5,8,0,0,0,01,0,0,0
D,1054065104,964,3847,0,337,218,5,8,0,0,0,01,0,0,0
D,1054066153,1049,3847,0,337,258,5,8,0,0,0,01,0,0,0
D,1054067137,984,3847,0,337,241,5,8,0,0,0,01,0,0,0
D,1054068141,1004,3847,0,337,247,5,8,0,0,0,01,0,0,0
D,1054069137,996,3847,0,337,250,5,8,0,0,0,01,0,0,0
D,1054070178,1041,3847,0,337,281,5,8,0,0,0,01,0,0,0
D,1054071104,926,3847,0,337,212,5,8,0,0,0,01,0,0,0
D,1054072099,995,3847,0,337,214,6,8,0,0,0,01,0,0,0
D,1054073097,998,3847,0,337,212,6,8,0,0,0,01,0,0,0
D,1054074111,1014,3847,0,337,220,6,8,0,0,0,01,0,0,0
D,1054075101,990,3847,0,337,214,6,8,0,0,0,01,0,0,0
D,1054076098,997,3847,0,337,213,6,8,0,0,0,01,0,0,0
D,1054077091,993,3847,0,337,209,6,0,0,0,0,01,0,0,0
D,1054078112,1021,3847,0,337,227,5,0,0,0,0,01,0,0,0
D,1054079201,1089,3847,0,337,318,6,8,0,0,0,01,0,0,0
D,1054080251,1050,3847,0,337,367,5,0,0,0,0,01,0,0,0
D,1054081143,892,3847,0,337,248,5,0,0,0,0,01,0,0,0
D,1054082157,1014,3847,0,337,259,5,0,0,0,0,01,0,0,0
D,1054083128,971,3847,0,337,244,5,0,0,0,0,01,0,0,0
D,1054084140,1012,3847,0,337,253,5,0,0,0,0,01,0,0,0
D,1054085107,967,3847,0,337,220,5,8,0,0,0,01,0,0,0
D,1054086138,1031,3847,0,337,253,4,0,0,0,0,01,0,0,0
D,1054087136,998,3847,0,337,242,4,0,0,0,0,01,0,0,0
D,1054088147,1011,3847,0,337,255,4,0,0,0,0,01,0,0,0
D,1054089135,988,3847,0,337,240,4,0,0,0,0,01,0,0,0
D,1054090171,1036,3847,0,337,278,4,0,0,0,0,01,0,0,0
D,1054091104,933,3847,0,337,212,4,0,0,0,0,01,0,0,0
D,1054092100,996,3847,0,337,215,4,0,0,0,0,01,0,0,0
D,1054093097,997,3847,0,337,212,3,0,0,0,0,01,0,0,0
D,1054094108,1011,3847,0,337,217,3,0,0,0,0,01,0,0,0
D,1054095099,991,3847,0,337,216,3,0,0,0,0,01,0,0,0
D,1054096093,994,3847,0,337,211,3,0,0,0,0,01,0,0,0
D,1054097098,1005,3847,0,337,206,3,0,0,0,0,01,0,0,0
D,1054098121,1023,3847,0,337,229,3,0,0,0,0,01,0,0,0
D,1054099211,1090,3847,0,337,321,3,0,0,0,0,01,0,0,0
D,1054100274,1063,3847,0,337,386,3,0,0,0,0,01,0,0,0
D,1054101141,867,3847,0,337,247,2,0,0,0,0,01,0,0,0
D,1054102154,1013,3847,0,337,256,2,0,0,0,0,01,0,0,0
D,1054103130,976,3847,0,337,237,2,0,0,0,0,01,0,0,0
D,1054104137,1007,3847,0,337,249,2,0,0,0,0,01,0,0,0
D,1054105099,962,3847,0,337,217,2,0,0,0,0,01,0,0,0
D,1054106148,1049,3847,0,337,259,2,0,0,0,0,01,0,0,0
D,1054107129,981,3847,0,337,240,2,0,0,0,0,01,0,0,0
D,1054108133,1004,3847,0,337,249,2,0,0,0,0,01,0,0,0
D,1054109131,998,3847,0,337,239,2,0,0,0,0,01,0,0,0
D,1054110169,1038,3847,0,337,276,2,0,0,0,0,01,0,0,0
D,1054111099,930,3847,0,337,217,2,0,0,0,0,01,0,0,0
D,1054112098,999,3847,0,337,212,2,0,0,0,0,01,0,0,0
D,1054113092,994,3847,0,337,208,2,0,0,0,0,01,0,0,0
D,1054114104,1012,3847,0,337,211,1,0,0,0,0,01,0,0,0
D,1054115106,1002,3847,0,337,217,1,0,0,0,0,01,0,0,0
D,1054116092,986,3847,0,337,208,1,0,0,0,0,01,0,0,0
D,1054117100,1008,3847,0,337,208,1,0,0,0,0,01,0,0,0
D,1054118105,1005,3847,0,337,219,1,0,0,0,0,01,0,0,0
D,1054119219,1114,3847,0,337,324,1,0,0,0,0,01,0,0,0
D,1054120282,1063,3847,0,337,392,1,0,0,0,0,01,0,0,0
D,1054121139,857,3847,0,337,246,1,0,0,0,0,01,0,0,0
D,1054122158,1019,3847,0,337,261,1,0,0,0,0,01,0,0,0
D,1054123120,962,3847,0,337,236,1,0,0,0,0,01,0,0,0
D,1054124138,1018,3847,0,337,247,1,0,0,0,0,01,0,0,0
D,1054125099,961,3847,0,337,216,1,0,0,0,0,01,0,0,0
D,1054126138,1039,3847,0,337,252,1,0,0,0,0,01,0,0,0
D,1054127133,995,3847,0,337,240,1,0,0,0,0,01,0,0,0
D,1054128144,1011,3847,0,337,256,1,0,0,0,0,01,0,0,0
D,1054129135,991,3847,0,337,248,1,0,0,0,0,01,0,0,0
D,1054130170,1035,3847,0,337,275,1,0,0,0,0,01,0,0,0
D,1054131107,937,3847,0,337,219,1,0,0,0,0,01,0,0,0
D,1054132101,994,3847,0,337,209,1,0,0,0,0,01,0,0,0
D,1054133094,993,3847,0,337,209,1,0,0,0,0,01,0,0,0
D,1054134107,1013,3847,0,337,214,1,0,0,0,0,01,0,0,0
D,1054135104,997,3847,0,337,212,1,0,0,0,0,01,0,0,0
D,1054136099,995,3847,0,337,212,1,0,0,0,0,01,0,0,0
D,1054137094,995,3847,0,337,211,1,0,0,0,0,01,0,0,0
D,1054138114,1020,3847,0,337,222,1,0,0,0,0,01,0,0,0
D,1054139213,1099,3847,0,337,327,1,0,0,0,0,01,0,0,0
D,1054140269,1056,3847,0,337,385,1,0,0,0,0,01,0,0,0
D,1054141135,866,3847,0,337,244,0,0,0,0,0,01,0,0,0
D,1054142142,1007,3847,0,337,258,0,0,0,0,0,01,0,0,0
D,1054143132,990,3847,0,337,242,0,0,0,0,0,01,0,0,0
D,1054144142,1010,3847,0,337,250,0,0,0,0,0,01,0,0,0
D,1054145102,960,3847,0,337,214,0,0,0,0,0,01,0,0,0
D,1054146152,1050,3847,0,337,262,0,0,0,0,0,01,0,0,0
D,1054147121,969,3847,0,337,226,0,0,0,0,0,01,0,0,0
D,1054148149,1028,3847,0,337,252,0,0,0,0,0,01,0,0,0
D,1054149129,980,3847,0,337,242,0,0,0,0,0,01,0,0,0
D,1054150178,1049,3847,0,337,281,0,0,0,0,0,01,0,0,0
D,1054151105,927,3847,0,337,213,0,0,0,0,0,01,0,0,0
D,1054152100,995,3847,0,337,210,0,0,0,0,0,01,0,0,0
D,1054153094,994,3847,0,337,210,0,0,0,0,0,01,0,0,0
D,1054154108,1014,3847,0,337,216,0,0,0,0,0,01,0,0,0
D,1054155102,994,3847,0,337,209,0,0,0,0,0,01,0,0,0
D,1054156100,998,3848,1,336,214,0,-8,0,0,0,01,0,0,0
D,1054157094,994,3847,-1,337,209,0,0,0,0,0,01,0,0,0
D,1054158122,1028,3847,0,337,229,0,0,0,0,0,01,0,0,0
D,1054159197,1075,3847,0,337,313,0,0,0,0,0,01,0,0,0
D,1054160265,1068,3848,1,336,375,0,-8,0,0,0,01,0,0,0
D,1054161139,874,3848,0,336,246,-1,-8,0,0,0,01,0,0,0
D,1054162152,1013,3848,0,336,257,-1,-8,0,0,0,01,0,0,0
D,1054163135,983,3848,0,336,247,-1,-8,0,0,0,01,0,0,0
D,1054164146,1011,3848,0,336,250,-1,-8,0,0,0,01,0,0,0
D,1054165115,969,3848,0,336,224,-2,-8,0,0,0,01,0,0,0
D,1054166148,1033,3848,0,336,251,-2,-8,0,0,0,01,0,0,0
D,1054167139,991,3848,0,336,252,-2,-8,0,0,0,01,0,0,0
D,1054168143,1004,3848,0,336,247,-2,-8,0,0,0,01,0,0,0
D,1054169134,991,3848,0,336,246,-3,-8,0,0,0,01,0,0,0
D,1054170173,1039,3848,0,336,276,-3,-8,0,0,0,01,0,0,0
D,1054171102,929,3848,0,336,212,-3,-8,0,0,0,01,0,0,0
D,1054172094,992,3848,0,336,211,-3,-8,0,0,0,01,0,0,0
D,1054173101,1007,3848,0,336,207,-3,-8,0,0,0,01,0,0,0
D,1054174110,1009,3848,0,336,216,-4,-8,0,0,0,01,0,0,0
D,1054175104,994,3848,0,336,218,-4,-8,0,0,0,01,0,0,0
D,1054176098,994,3848,0,336,210,-4,-8,0,0,0,01,0,0,0
D,1054177091,993,3848,0,336,209,-4,-8,0,0,0,01,0,0,0
D,1054178112,1021,3848,0,336,227,-4,-8,0,0,0,01,0,0,0
D,1054179203,1091,3848,0,336,320,-4,-8,0,0,0,01,0,0,0
D,1054180279,1076,3848,0,336,382,-5,-8,0,0,0,01,0,0,0
D,1054181130,851,3848,0,336,244,-5,-8,0,0,0,01,0,0,0
D,1054182154,1024,3848,0,336,257,-5,-8,0,0,0,01,0,0,0
D,1054183128,974,3848,0,336,233,-5,-8,0,0,0,01,0,0,0
D,1054184133,1005,3848,0,336,248,-5,-8,0,0,0,01,0,0,0
D,1054185113,980,3848,0,336,218,-5,-8,0,0,0,01,0,0,0
D,1054186151,1038,3848,0,336,259,-5,0,0,0,0,01,0,0,0
D,1054187124,973,3848,0,336,228,-5,-8,0,0,0,01,0,0,0
D,1054188142,1018,3848,0,336,251,-5,-8,0,0,0,01,0,0,0
D,1054189130,988,3848,0,336,240,-5,-8,0,0,0,01,0,0,0
D,1054190172,1042,3848,0,336,287,-5,-8,0,0,0,01,0,0,0
D,1054191097,925,3848,0,336,213,-5,0,0,0,0,01,0,0,0
D,1054192093,996,3848,0,336,211,-5,0,0,0,0,01,0,0,0
D,1054193101,1008,3848,0,336,209,-5,0,0,0,0,01,0,0,0
D,1054194096,995,3848,0,336,210,-5,0,0,0,0,01,0,0,0
D,1054195110,1014,3848,0,336,221,-4,0,0,0,0,01,0,0,0
D,1054196102,992,3849,1,335,209,-5,-8,0,0,0,01,0,0,0
D,1054197100,998,3849,0,335,214,-5,-8,0,0,0,01,0,0,0
D,1054198103,1003,3849,0,335,219,-5,-8,0,0,0,01,0,0,0
D,1054199212,1109,3849,0,335,321,-5,-8,0,0,0,01,0,0,0
D,1054200273,1061,3849,0,335,385,-5,-8,0,0,0,01,0,0,0
D,1054201123,850,3849,0,335,240,-5,-8,0,0,0,01,0,0,0
D,1054202136,1013,3849,0,335,250,-5,-8,0,0,0,01,0,0,0
D,1054203126,990,3849,0,335,242,-5,-8,0,0,0,01,0,0,0
D,1054204129,1003,3849,0,335,245,-6,-8,0,0,0,01,0,0,0
D,1054205111,982,3849,0,335,222,-6,-8,0,0,0,01,0,0,0
D,1054206148,1037,3849,0,335,257,-6,-8,0,0,0,01,0,0,0
D,1054207128,980,3849,0,335,240,-6,-8,0,0,0,01,0,0,0
D,1054208135,1007,3849,0,335,251,-6,-8,0,0,0,01,0,0,0
D,1054209138,1003,3849,0,335,243,-6,-8,0,0,0,01,0,0,0
D,1054210157,1019,3849,0,335,273,-6,-8,0,0,0,01,0,0,0
D,1054211104,947,3849,0,335,213,-6,-8,0,0,0,01,0,0,0
D,1054212099,995,3849,0,335,214,-6,-8,0,0,0,01,0,0,0
D,1054213097,998,3849,0,335,212,-6,-8,0,0,0,01,0,0,0
D,1054214107,1010,3850,1,334,216,-7,-16,0,0,0,01,0,0,0
D,1054215099,992,3850,0,334,216,-7,-16,0,0,0,01,0,0,0
D,1054216093,994,3850,0,334,210,-7,-16,0,0,0,01,0,0,0
D,1054217098,1005,3850,0,334,207,-8,-16,0,0,0,01,0,0,0
D,1054218120,1022,3850,0,334,228,-8,-16,0,0,0,01,0,0,0
D,1054219215,1095,3850,0,334,324,-8,-16,0,0,0,01,0,0,0
D,1054220278,1063,3850,0,334,385,-9,-16,0,0,0,01,0,0,0
D,1054221142,864,3850,0,334,251,-9,-16,0,0,0,01,0,0,0
D,1054222156,1014,3850,0,334,260,-9,-16,0,0,0,01,0,0,0
D,1054223117,961,3850,0,334,230,-10,-16,0,0,0,01,0,0,0
D,1054224137,1020,3850,0,334,254,-10,-16,0,0,0,01,0,0,0
D,1054225102,965,3850,0,334,215,-10,-16,0,0,0,01,0,0,0
D,1054226150,1048,3850,0,334,259,-10,-8,0,0,0,01,0,0,0
D,1054227127,977,3850,0,334,233,-10,-8,0,0,0,01,0,0,0
D,1054228146,1019,3851,1,333,251,-10,-16,0,0,0,01,0,0,0
D,1054229108,962,3851,0,333,226,-10,-16,0,0,0,01,0,0,0
D,1054230171,1063,3851,0,333,282,-11,-16,0,0,0,01,0,0,0
D,1054231108,937,3851,0,333,213,-11,-16,0,0,0,01,0,0,0
D,1054232102,994,3851,0,333,209,-11,-16,0,0,0,01,0,0,0
D,1054233100,998,3851,0,333,214,-11,-16,0,0,0,01,0,0,0
D,1054234100,1000,3851,0,333,216,-11,-16,0,0,0,01,0,0,0
D,1054235100,1000,3851,0,333,218,-11,-16,0,0,0,01,0,0,0
D,1054236100,1000,3851,0,333,208,-12,-16,0,0,0,01,0,0,0
D,1054237094,994,3851,0,333,209,-12,-16,0,0,0,01,0,0,0
D,1054238119,1025,3851,0,333,225,-12,-16,0,0,0,01,0,0,0
D,1054239216,1097,3851,0,333,323,-12,-16,0,0,0,01,0,0,0
D,1054240266,1050,3852,1,332,378,-13,-24,0,0,0,01,0,0,0
D,1054241139,873,3852,0,332,244,-13,-24,0,0,0,01,0,0,0
D,1054242161,1022,3852,0,332,264,-14,-24,0,0,0,01,0,0,0
D,1054243123,962,3852,0,332,237,-14,-24,0,0,0,01,0,0,0
D,1054244142,1019,3852,0,332,247,-14,-16,0,0,0,01,0,0,0
D,1054245102,960,3852,0,332,215,-14,-16,0,0,0,01,0,0,0
D,1054246152,1050,3852,0,332,261,-14,-16,0,0,0,01,0,0,0
D,1054247132,980,3852,0,332,236,-14,-16,0,0,0,01,0,0,0
D,1054248133,1001,3852,0,332,247,-14,-16,0,0,0,01,0,0,0
D,1054249143,1010,3852,0,332,248,-14,-16,0,0,0,01,0,0,0
D,1054250165,1022,3852,0,332,278,-14,-16,0,0,0,01,0,0,0
D,1054251104,939,3853,1,331,216,-15,-24,0,0,0,01,0,0,0
D,1054252094,990,3853,0,331,209,-15,-24,0,0,0,01,0,0,0
D,1054253101,1007,3853,0,331,207,-15,-24,0,0,0,01,0,0,0
D,1054254116,1015,3853,0,331,222,-16,-24,0,0,0,01,0,0,0
D,1054255102,986,3853,0,331,207,-16,-24,0,0,0,01,0,0,0
D,1054256104,1002,3853,0,331,209,-16,-24,0,0,0,01,0,0,0
D,1054257097,993,3853,0,331,209,-17,-24,0,0,0,01,0,0,0
D,1054258125,1028,3853,0,331,234,-17,-24,0,0,0,01,0,0,0
D,1054259221,1096,3853,0,331,324,-17,-16,0,0,0,01,0,0,0
D,1054260281,1060,3853,0,331,385,-17,-16,0,0,0,01,0,0,0
D,1054261143,862,3854,1,330,249,-17,-24,0,0,0,01,0,0,0
D,1054262141,998,3854,0,330,257,-17,-24,0,0,0,01,0,0,0
D,1054263136,995,3854,0,330,246,-18,-24,0,0,0,01,0,0,0
D,1054264131,995,3854,0,330,247,-18,-24,0,0,0,01,0,0,0
D,1054265111,980,3854,0,330,218,-18,-24,0,0,0,01,0,0,0
D,1054266151,1040,3854,0,330,261,-18,-24,0,0,0,01,0,0,0
D,1054267134,983,3854,0,330,239,-19,-24,0,0,0,01,0,0,0
D,1054268139,1005,3854,0,330,251,-19,-24,0,0,0,01,0,0,0
D,1054269128,989,3855,1,329,242,-19,-31,0,0,0,01,0,0,0
D,1054270177,1049,3855,0,329,284,-20,-32,0,0,0,01,0,0,0
D,1054271097,920,3855,0,329,214,-20,-24,0,0,0,01,0,0,0
D,1054272105,1008,3855,0,329,209,-20,-24,0,0,0,01,0,0,0
D,1054273100,995,3855,0,329,212,-20,-24,0,0,0,01,0,0,0
D,1054274095,995,3855,0,329,212,-20,-24,0,0,0,01,0,0,0
D,1054275109,1014,3855,0,329,222,-21,-24,0,0,0,01,0,0,0
D,1054276100,991,3855,0,329,209,-21,-24,0,0,0,01,0,0,0
D,1054277094,994,3856,1,328,211,-21,-32,0,0,0,01,0,0,0
D,1054278115,1021,3856,0,328,224,-22,-32,0,0,0,01,0,0,0
D,1054279205,1090,3856,0,328,318,-22,-32,0,0,0,01,0,0,0
D,1054280259,1054,3856,0,328,370,-22,-32,0,0,0,01,0,0,0
D,1054281138,879,3856,0,328,254,-23,-24,0,0,0,01,0,0,0
D,1054282155,1017,3856,0,328,263,-23,-24,0,0,0,01,0,0,0
D,1054283136,981,3856,0,328,243,-23,-24,0,0,0,01,0,0,0
D,1054284143,1007,3857,1,327,252,-23,-33,0,0,0,01,0,0,0
D,1054285114,971,3857,0,327,222,-23,-33,0,0,0,01,0,0,0
D,1054286140,1026,3857,0,327,249,-24,-33,0,0,0,01,0,0,0
D,1054287120,980,3857,0,327,238,-24,-33,0,0,0,01,0,0,0
D,1054288138,1018,3857,0,327,250,-24,-33,0,0,0,01,0,0,0
D,1054289113,975,3857,0,327,231,-25,-32,0,0,0,01,0,0,0
D,1054290175,1062,3857,0,327,278,-25,-32,0,0,0,01,0,0,0
D,1054291107,932,3857,0,327,215,-25,-32,0,0,0,01,0,0,0
D,1054292101,994,3857,0,327,209,-25,-24,0,0,0,01,0,0,0
D,1054293094,993,3858,1,326,210,-25,-32,0,0,0,01,0,0,0
D,1054294104,1010,3858,0,326,213,-26,-32,0,0,0,01,0,0,0
D,1054295105,1001,3858,0,326,217,-26,-32,0,0,0,01,0,0,0
D,1054296103,998,3858,0,326,210,-26,-32,0,0,0,01,0,0,0
D,1054297100,997,3858,0,326,214,-26,-32,0,0,0,01,0,0,0
D,1054298108,1008,3858,0,326,225,-27,-32,0,0,0,01,0,0,0
D,1054299194,1086,3859,1,325,312,-27,-32,0,0,0,01,0,0,0
D,1054300259,1065,3859,0,325,361,-27,-32,0,0,0,01,0,0,0
D,1054301122,863,3859,0,325,239,-27,-33,0,0,0,01,0,0,0
D,1054302134,1012,3859,0,325,250,-27,-33,0,0,0,01,0,0,0
D,1054303128,994,3860,1,324,244,-28,-41,0,0,0,01,0,0,0
D,1054304129,1001,3860,0,324,246,-28,-41,0,0,0,01,0,0,0
D,1054305112,983,3860,0,324,224,-29,-41,0,0,0,01,0,0,0
D,1054306146,1034,3860,0,324,254,-29,-41,0,0,0,01,0,0,0
D,1054307127,981,3860,0,324,241,-30,-33,0,0,0,01,0,0,0
D,1054308138,1011,3860,0,324,245,-30,-33,0,0,0,01,0,0,0
D,1054309136,998,3860,0,324,240,-30,-31,0,0,0,01,0,0,0
D,1054310171,1035,3861,1,323,279,-30,-39,0,0,0,01,0,0,0
D,1054311106,935,3861,0,323,218,-30,-40,0,0,0,01,1,0,0
D,1054312097,991,3861,0,323,215,-31,-39,0,0,0,01,1,0,0
D,1054313106,1009,3861,0,323,209,-31,-39,0,0,0,01,1,0,0
D,1054314104,998,3861,0,323,222,-31,-39,0,0,0,01,1,0,0
D,1054315108,1004,3862,1,322,222,-32,-39,0,0,0,01,1,0,0
D,1054316106,998,3862,0,322,212,-32,-39,0,0,0,01,1,0,0
D,1054317101,995,3862,0,322,215,-32,-39,0,0,0,01,1,0,0
D,1054318130,1029,3862,0,322,237,-33,-39,0,0,0,01,1,0,0
D,1054319211,1081,3862,0,322,313,-33,-41,0,0,0,01,1,0,0
D,1054320293,1082,3863,1,321,394,-34,-49,0,0,0,01,1,0,0
D,1054321131,838,3863,0,321,246,-34,-49,0,0,0,01,1,0,0
D,1054322134,1003,3863,0,321,251,-35,-49,0,0,0,01,1,0,0
D,1054323131,997,3863,0,321,247,-35,-41,0,0,0,01,1,0,0
D,1054324147,1016,3864,1,320,252,-35,-49,0,0,0,01,1,0,0
D,1054325109,962,3864,0,320,224,-36,-49,0,0,0,01,1,0,0
D,1054326149,1040,3864,0,320,255,-37,-49,0,0,0,01,1,0,0
D,1054327140,991,3864,0,320,248,-37,-49,0,0,0,01,1,0,0
D,1054328140,1000,3864,0,320,252,-37,-49,0,0,0,01,1,0,0
D,1054329134,994,3864,0,320,239,-38,-47,0,0,0,01,1,0,0
D,1054330178,1044,3865,1,319,290,-38,-47,0,0,0,01,1,0,0
D,1054331113,935,3865,0,319,217,-39,-47,0,0,0,01,1,0,0
D,1054332110,997,3865,0,319,212,-39,-47,0,0,0,01,1,0,0
D,1054333104,994,3865,0,319,213,-39,-47,0,0,0,01,1,0,0
D,1054334103,999,3866,1,318,219,-40,-47,0,0,0,01,1,0,0
D,1054335115,1012,3866,0,318,218,-40,-49,0,0,0,01,1,0,0
D,1054336103,988,3866,0,318,214,-40,-47,0,0,0,01,1,0,0
D,1054337097,994,3866,0,318,213,-40,-47,0,0,0,01,1,0,0
D,1054338125,1028,3867,1,317,230,-41,-55,0,0,0,01,1,0,0
D,1054339196,1071,3867,0,317,312,-42,-57,0,0,0,01,1,0,0
D,1054340279,1083,3867,0,317,382,-42,-49,0,0,0,01,1,0,0
D,1054341145,866,3867,0,317,251,-42,-49,0,0,0,01,1,0,0
D,1054342156,1011,3867,0,317,268,-43,-49,0,0,0,01,1,0,0
D,1054343131,975,3868,1,316,239,-43,-57,0,0,0,01,1,0,0
D,1054344148,1017,3868,0,316,250,-44,-57,0,0,0,01,1,0,0
D,1054345114,966,3868,0,316,220,-44,-49,0,0,0,01,1,0,0
D,1054346135,1021,3869,1,315,252,-44,-57,0,0,0,01,1,0,0
D,1054347134,999,3869,0,315,248,-45,-57,0,0,0,01,1,0,0
D,1054348155,1021,3869,0,315,257,-45,-57,0,0,0,01,1,0,0
D,1054349115,960,3870,1,314,233,-46,-63,0,0,0,01,1,0,0
D,1054350191,1076,3870,0,314,293,-47,-63,0,0,0,01,1,0,0
D,1054351107,916,3870,0,314,214,-47,-55,0,0,0,01,1,0,0
D,1054352105,998,3870,0,314,211,-47,-55,0,0,0,01,1,0,0
D,1054353101,996,3870,0,314,214,-48,-55,0,0,0,01,1,0,0
D,1054354105,1004,3870,0,314,221,-48,-55,0,0,0,01,1,0,0
D,1054355104,999,3871,1,313,217,-48,-55,0,0,0,01,1,0,0
D,1054356102,998,3871,0,313,211,-48,-55,0,0,0,01,1,0,0
D,1054357095,993,3872,1,312,211,-49,-63,0,0,0,01,1,0,0
D,1054358126,1031,3872,0,312,232,-50,-63,0,0,0,01,1,0,0
D,1054359205,1079,3872,0,312,309,-50,-65,0,0,0,01,1,0,0
D,1054360278,1073,3873,1,311,390,-51,-65,0,0,0,01,1,0,0
D,1054361151,873,3873,0,311,256,-51,-65,0,0,0,01,1,0,0
D,1054362148,997,3873,0,311,262,-52,-65,0,0,0,01,1,0,0
D,1054363142,994,3873,0,311,245,-52,-65,0,0,0,01,1,0,0
D,1054364155,1013,3874,1,310,258,-53,-65,0,0,0,01,1,0,0
D,1054365104,949,3874,0,310,218,-53,-63,0,0,0,01,1,0,0
D,1054366141,1037,3874,0,310,255,-54,-65,0,0,0,01,1,0,0
D,1054367128,987,3875,1,309,245,-55,-73,0,0,0,01,1,0,0
D,1054368147,1019,3875,0,309,253,-55,-65,0,0,0,01,1,0,0
D,1054369137,990,3875,0,309,239,-55,-63,0,0,0,01,1,0,0
D,1054370177,1040,3876,1,308,288,-56,-71,0,0,0,01,1,0,0
D,1054371116,939,3876,0,308,219,-56,-71,0,0,0,01,1,0,0
D,1054372097,981,3876,0,308,213,-57,-71,0,0,0,01,1,0,0
D,1054373107,1010,3877,1,307,213,-58,-79,0,0,0,01,1,0,0
D,1054374109,1002,3877,0,307,221,-58,-71,0,0,0,01,1,0,0
D,1054375109,1000,3877,0,307,218,-59,-71,0,0,0,01,1,0,0
D,1054376107,998,3878,1,306,213,-60,-79,0,0,0,01,1,0,0
D,1054377103,996,3878,0,306,216,-60,-71,0,0,0,01,1,0,0
D,1054378108,1005,3878,0,306,225,-61,-71,0,0,0,01,1,0,0
D,1054379212,1104,3879,1,305,323,-61,-73,0,0,0,01,1,0,0
D,1054380240,1028,3879,0,305,337,-62,-73,0,0,0,01,1,0,0
D,1054381162,922,3879,0,305,264,-62,-73,0,0,0,01,1,0,0
D,1054382155,993,3880,1,304,260,-63,-81,0,0,0,01,1,0,0
D,1054383127,972,3880,0,304,233,-63,-81,0,0,0,01,1,0,0
D,1054384154,1027,3880,0,304,264,-64,-81,0,0,0,01,1,0,0
D,1054385127,973,3881,1,303,238,-65,-81,0,0,0,01,1,0,0
D,1054386137,1010,3881,0,303,255,-65,-81,0,0,0,01,1,0,0
D,1054387148,1011,3881,0,303,256,-66,-73,0,0,0,01,1,0,0
D,1054388143,995,3882,1,302,260,-66,-81,0,0,0,01,1,0,0
D,1054389147,1004,3882,0,302,253,-67,-79,0,0,0,01,1,0,0
D,1054390189,1042,3883,1,301,292,-68,-87,0,0,0,01,1,0,0
D,1054391100,911,3883,0,301,214,-68,-79,0,0,0,01,1,0,0
D,1054392100,1000,3883,0,301,214,-69,-79,0,0,0,01,1,0,0
D,1054393100,1000,3884,1,300,208,-69,-87,0,0,0,01,1,0,0
D,1054394104,1004,3884,0,300,222,-70,-87,0,0,0,01,1,0,0
D,1054395108,1004,3884,0,300,220,-70,-81,0,0,0,01,1,0,0
D,1054396100,992,3885,1,299,208,-71,-87,0,0,0,01,1,0,0
D,1054397095,995,3885,0,299,213,-72,-87,0,0,0,01,1,0,0
D,1054398114,1019,3885,0,299,227,-72,-79,0,0,0,01,1,0,0
D,1054399205,1091,3886,1,298,315,-73,-89,0,0,0,01,1,0,0
D,1054400239,1034,3886,0,298,343,-73,-81,0,0,0,01,1,0,0
D,1054401138,899,3887,1,297,250,-74,-89,0,0,0,01,1,0,0
D,1054402160,1022,3887,0,297,272,-74,-89,0,0,0,01,1,0,0
D,1054403110,950,3887,0,297,221,-74,-81,0,0,0,01,1,0,0
D,1054404134,1024,3888,1,296,250,-75,-89,0,0,0,01,1,0,0
D,1054405116,982,3888,0,296,233,-76,-89,0,0,0,01,1,0,0
D,1054406150,1034,3889,1,295,262,-76,-89,0,0,0,01,1,0,0
D,1054407132,982,3889,0,295,237,-77,-89,0,0,0,01,1,0,0
D,1054408148,1016,3890,1,294,259,-78,-98,0,0,0,01,1,0,0
D,1054409128,980,3890,0,294,244,-78,-94,0,0,0,01,1,0,0
D,1054410181,1053,3890,0,294,292,-79,-87,0,0,0,01,1,0,0
D,1054411101,920,3891,1,293,215,-79,-95,0,0,0,01,1,0,0
D,1054412102,1001,3891,0,293,216,-80,-95,0,0,0,01,1,0,0
D,1054413102,1000,3891,0,293,209,-80,-87,0,0,0,01,1,0,0
D,1054414102,1000,3892,1,292,219,-81,-95,0,0,0,01,1,0,0
D,1054415106,1004,3893,1,291,223,-81,-103,0,0,0,01,1,0,0
D,1054416101,995,3893,0,291,210,-82,-95,0,0,0,01,1,0,0
D,1054417097,996,3893,0,291,215,-82,-95,0,0,0,01,1,0,0
D,1054418110,1013,3894,1,290,222,-83,-103,0,0,0,01,1,0,0
D,1054419205,1095,3894,0,290,322,-84,-97,0,0,0,01,1,0,0
D,1054420230,1025,3895,1,289,341,-84,-98,0,0,0,01,1,0,0
D,1054421142,912,3895,0,289,253,-85,-98,0,0,0,01,1,0,0
D,1054422145,1003,3896,1,288,260,-86,-106,0,0,0,01,1,0,0
D,1054423110,965,3896,0,288,225,-86,-98,0,0,0,01,1,0,0
D,1054424148,1038,3897,1,287,258,-87,-106,0,0,0,01,1,0,0
D,1054425136,988,3897,0,287,239,-88,-106,0,0,0,01,1,0,0
D,1054426132,996,3897,0,287,249,-88,-98,0,0,0,01,1,0,0
D,1054427150,1018,3898,1,286,253,-89,-106,0,0,0,01,1,0,0
D,1054428135,985,3898,0,286,250,-89,-106,0,0,0,01,1,0,0
D,1054429140,1005,3899,1,285,247,-90,-110,0,0,0,01,1,0,0
D,1054430175,1035,3899,0,285,291,-91,-102,0,0,0,01,1,0,0
D,1054431107,932,3900,1,284,212,-91,-111,0,0,0,01,1,0,0
D,1054432106,999,3900,0,284,212,-92,-102,0,0,0,01,1,0,0
D,1054433107,1001,3901,1,283,209,-93,-110,0,0,0,01,1,0,0
D,1054434113,1006,3901,0,283,225,-93,-110,0,0,0,01,1,0,0
D,1054435106,993,3902,1,282,213,-94,-110,0,0,0,01,1,0,0
D,1054436105,999,3902,0,282,212,-95,-110,0,0,0,01,1,0,0
D,1054437106,1001,3903,1,281,210,-95,-110,0,0,0,01,1,0,0
D,1054438122,1016,3903,0,281,235,-96,-110,0,0,0,01,1,0,0
D,1054439211,1089,3904,1,280,313,-97,-114,0,0,0,01,1,0,0
D,1054440238,1027,3904,0,280,341,-97,-114,0,0,0,01,1,0,0
D,1054441138,900,3905,1,279,250,-98,-114,0,0,0,01,1,0,0
D,1054442158,1020,3905,0,279,271,-98,-114,0,0,0,01,1,0,0
D,1054443102,944,3906,1,278,219,-99,-122,0,0,0,01,1,0,0
D,1054444154,1052,3906,0,278,259,-100,-114,0,0,0,01,1,0,0
D,1054445118,964,3907,1,277,230,-100,-114,0,0,0,01,1,0,0
D,1054446152,1034,3907,0,277,259,-101,-114,0,0,0,01,1,0,0
D,1054447118,966,3908,1,276,237,-102,-122,0,0,0,01,1,0,0
D,1054448146,1028,3908,0,276,255,-102,-114,0,0,0,01,1,0,0
D,1054449127,981,3909,1,275,243,-103,-118,0,0,0,01,1,0,0
D,1054450183,1056,3909,0,275,294,-104,-118,0,0,0,01,1,0,0
D,1054451107,924,3910,1,274,213,-104,-119,0,0,0,01,1,0,0
D,1054452108,1001,3911,1,273,212,-105,-126,0,0,0,01,1,0,0
D,1054453095,987,3911,0,273,210,-105,-118,0,0,0,01,1,0,0
D,1054454115,1020,3912,1,272,220,-106,-126,0,0,0,01,1,0,0
D,1054455113,998,3912,0,272,216,-107,-118,0,0,0,01,1,0,0
D,1054456102,989,3913,1,271,217,-108,-126,0,0,0,01,1,0,0
D,1054457105,1003,3913,0,271,210,-108,-126,0,0,0,01,1,0,0
D,1054458119,1014,3914,1,270,231,-109,-126,0,0,0,01,1,0,0
D,1054459206,1087,3914,0,270,321,-110,-122,0,0,0,01,1,0,0
D,1054460236,1030,3915,1,269,343,-110,-130,0,0,0,01,1,0,0
D,1054461131,895,3915,0,269,246,-111,-122,0,0,0,01,1,0,0
D,1054462159,1028,3916,1,268,266,-112,-130,0,0,0,01,1,0,0
D,1054463105,946,3917,1,267,223,-112,-134,0,0,0,01,1,0,0
D,1054464138,1033,3917,0,267,253,-113,-130,0,0,0,01,1,0,0
D,1054465128,990,3918,1,266,241,-114,-130,0,0,0,01,1,0,0
D,1054466145,1017,3919,1,265,255,-115,-138,0,0,0,01,1,0,0
D,1054467122,977,3919,0,265,239,-115,-130,0,0,0,01,1,0,0
D,1054468141,1019,3919,0,265,254,-116,-130,0,0,0,01,1,0,0
D,1054469149,1008,3920,1,264,257,-117,-134,0,0,0,01,1,0,0
D,1054470190,1041,3921,1,263,294,-117,-134,0,0,0,01,1,0,0
D,1054471101,911,3921,0,263,213,-118,-134,0,0,0,01,1,0,0
D,1054472105,1004,3922,1,262,213,-119,-134,0,0,0,01,1,0,0
D,1054473094,989,3923,1,261,212,-119,-142,0,0,0,01,1,0,0
D,1054474114,1020,3923,0,261,220,-120,-134,0,0,0,01,1,0,0
D,1054475103,989,3924,1,260,218,-121,-142,0,0,0,01,1,0,0
D,1054476107,1004,3925,1,259,212,-122,-142,0,0,0,01,1,0,0
D,1054477100,993,3925,0,259,213,-122,-142,0,0,0,01,1,0,0
D,1054478108,1008,3926,1,258,222,-123,-142,0,0,0,01,1,0,0
D,1054479224,1116,3926,0,258,324,-124,-138,0,0,0,01,1,0,0
D,1054480231,1007,3927,1,257,341,-125,-146,0,0,0,01,1,0,0
D,1054481153,922,3928,1,256,257,-126,-146,0,0,0,01,1,0,0
D,1054482160,1007,3928,0,256,264,-126,-138,0,0,0,01,1,0,0
D,1054483117,957,3929,1,255,229,-127,-146,0,0,0,01,1,0,0
D,1054484151,1034,3930,1,254,267,-128,-146,0,0,0,01,1,0,0
D,1054485132,981,3930,0,254,238,-128,-146,0,0,0,01,1,0,0
D,1054486129,997,3931,1,253,246,-129,-146,0,0,0,01,1,0,0
D,1054487138,1009,3932,1,252,252,-130,-154,0,0,0,01,1,0,0
D,1054488156,1018,3932,0,252,261,-131,-146,0,0,0,01,1,0,0
D,1054489144,988,3933,1,251,251,-131,-150,0,0,0,01,1,0,0
D,1054490172,1028,3934,1,250,287,-132,-158,0,0,0,01,1,0,0
D,1054491103,931,3934,0,250,212,-133,-150,0,0,0,01,1,0,0
D,1054492109,1006,3935,1,249,212,-134,-158,0,0,0,01,1,0,0
D,1054493101,992,3936,1,248,211,-135,-158,0,0,0,01,1,0,0
D,1054494114,1013,3936,0,248,227,-136,-150,0,0,0,01,1,0,0
D,1054495105,991,3937,1,247,219,-136,-158,0,0,0,01,1,0,0
D,1054496107,1002,3938,1,246,212,-137,-158,0,0,0,01,1,0,0
D,1054497101,994,3938,0,246,214,-138,-150,0,0,0,01,1,0,0
D,1054498122,1021,3939,1,245,236,-139,-158,0,0,0,01,1,0,0
D,1054499213,1091,3940,1,244,317,-140,-162,0,0,0,01,1,0,0
D,1054500229,1016,3941,1,243,344,-140,-163,0,0,0,01,1,0,0
D,1054501150,921,3941,0,243,255,-141,-162,0,0,0,01,1,0,0
D,1054502149,999,3942,1,242,265,-142,-163,0,0,0,01,1,0,0
D,1054503123,974,3942,0,242,229,-143,-154,0,0,0,01,1,0,0
D,1054504148,1025,3943,1,241,257,-143,-163,0,0,0,01,1,0,0
D,1054505132,984,3944,1,240,244,-144,-163,0,0,0,01,1,0,0
D,1054506131,999,3945,1,239,249,-145,-163,0,0,0,01,1,0,0
D,1054507136,1005,3945,0,239,252,-146,-163,0,0,0,01,1,0,0
D,1054508149,1013,3946,1,238,254,-146,-163,0,0,0,01,1,0,0
D,1054509148,999,3947,1,237,262,-147,-165,0,0,0,01,1,0,0
D,1054510174,1026,3948,1,236,289,-148,-174,0,0,0,01,1,0,0
D,1054511108,934,3948,0,236,209,-149,-166,0,0,0,01,1,0,0
D,1054512100,992,3949,1,235,214,-149,-166,0,0,0,01,1,0,0
D,1054513105,1005,3949,0,235,207,-150,-166,0,0,0,01,1,0,0
D,1054514111,1006,3950,1,234,218,-151,-165,0,0,0,01,1,0,0
D,1054515111,1000,3951,1,233,214,-151,-166,0,0,0,01,1,0,0
D,1054516101,990,3952,1,232,213,-152,-173,0,0,0,01,1,0,0
D,1054517092,991,3952,0,232,210,-153,-166,0,0,0,01,1,0,0
D,1054518122,1030,3953,1,231,226,-153,-165,0,0,0,01,1,0,0
D,1054519208,1086,3954,1,230,321,-154,-171,0,0,0,01,1,0,0
D,1054520236,1028,3955,1,229,342,-155,-171,0,0,0,01,1,0,0
D,1054521142,906,3956,1,228,250,-155,-179,0,0,0,01,1,0,0
D,1054522167,1025,3956,0,228,269,-156,-171,0,0,0,01,1,0,0
D,1054523115,948,3957,1,227,220,-157,-171,0,0,0,01,1,0,0
D,1054524149,1034,3958,1,226,254,-157,-179,0,0,0,01,1,0,0
D,1054525133,984,3958,0,226,235,-158,-171,0,0,0,01,1,0,0
D,1054526144,1011,3959,1,225,259,-158,-171,0,0,0,01,1,0,0
D,1054527137,993,3960,1,224,253,-159,-179,0,0,0,01,1,0,0
D,1054528141,1004,3961,1,223,249,-160,-179,0,0,0,01,1,0,0
D,1054529144,1003,3962,1,222,251,-161,-181,0,0,0,01,1,0,0
D,1054530168,1024,3962,0,222,276,-161,-174,0,0,0,01,1,0,0
D,1054531108,940,3963,1,221,217,-162,-174,0,0,0,01,1,0,0
D,1054532102,994,3964,1,220,216,-163,-181,0,0,0,01,1,0,0
D,1054533094,992,3965,1,219,213,-163,-181,0,0,0,01,1,0,0
D,1054534114,1020,3966,1,218,217,-164,-189,0,0,0,01,1,0,0
D,1054535103,989,3966,0,218,219,-165,-181,0,0,0,01,1,0,0
D,1054536106,1003,3967,1,217,213,-166,-181,0,0,0,01,1,0,0
D,1054537100,994,3968,1,216,214,-166,-181,0,0,0,01,1,0,0
D,1054538120,1020,3969,1,215,234,-167,-189,0,0,0,01,1,0,0
D,1054539215,1095,3969,0,215,324,-168,-179,0,0,0,01,1,0,0
D,1054540234,1019,3970,1,214,338,-168,-179,0,0,0,01,1,0,0
D,1054541130,896,3971,1,213,247,-169,-187,0,0,0,01,1,0,0
D,1054542160,1030,3972,1,212,267,-170,-187,0,0,0,01,1,0,0
D,1054543117,957,3973,1,211,230,-170,-195,0,0,0,01,1,0,0
D,1054544143,1026,3974,1,210,260,-171,-195,0,0,0,01,1,0,0
D,1054545130,987,3975,1,209,243,-172,-195,0,0,0,01,1,0,0
D,1054546148,1018,3975,0,209,255,-173,-187,0,0,0,01,1,0,0
D,1054547143,995,3976,1,208,248,-174,-195,0,0,0,01,1,0,0
D,1054548145,1002,3977,1,207,253,-175,-195,0,0,0,01,1,0,0
D,1054549146,1001,3978,1,206,259,-176,-197,0,0,0,01,1,0,0
D,1054550184,1038,3979,1,205,289,-176,-197,0,0,0,01,1,0,0
D,1054551103,919,3979,0,205,212,-177,-190,0,0,0,01,1,0,0
D,1054552098,995,3980,1,204,216,-177,-189,0,0,0,01,1,0,0
D,1054553104,1006,3981,1,203,210,-178,-197,0,0,0,01,1,0,0
D,1054554116,1012,3982,1,202,226,-179,-197,0,0,0,01,1,0,0
D,1054555098,982,3983,1,201,214,-180,-197,0,0,0,01,1,0,0
D,1054556103,1005,3984,1,200,213,-181,-205,0,0,0,01,1,0,0
D,1054557095,992,3984,0,200,212,-181,-197,0,0,0,01,1,0,0
D,1054558130,1035,3985,1,199,233,-182,-197,0,0,0,01,1,0,0
D,1054559209,1079,3986,1,198,320,-182,-195,0,0,0,01,1,0,0
D,1054560241,1032,3987,1,197,342,-183,-203,0,0,0,01,1,0,0
D,1054561150,909,3988,1,196,253,-184,-203,0,0,0,01,1,0,0
D,1054562165,1015,3989,1,195,273,-185,-203,0,0,0,01,1,0,0
D,1054563116,951,3990,1,194,223,-185,-203,0,0,0,01,1,0,0
D,1054564143,1027,3991,1,193,259,-186,-203,0,0,0,01,1,0,0
D,1054565282,1139,3992,1,192,388,-187,-210,0,0,0,01,3,0,0
D,1054566156,874,3993,1,191,266,-188,-211,0,0,0,01,3,0,0
D,1054567138,982,3993,0,191,253,-189,-203,0,0,0,01,3,0,0
D,1054568127,989,3994,1,190,244,-189,-203,0,0,0,01,3,0,0
D,1054569144,1017,3995,1,189,251,-190,-205,0,0,0,01,3,0,0
D,1054570187,1043,3996,1,188,288,-191,-213,0,0,0,01,3,0,0
D,1054571104,917,3997,1,187,210,-192,-214,0,0,0,01,3,0,0
D,1054572094,990,3998,1,186,211,-192,-213,0,0,0,01,3,0,0
D,1054573092,998,3999,1,185,208,-193,-213,0,0,0,01,3,0,0
D,1054574099,1007,4000,1,184,216,-194,-213,0,0,0,01,3,0,0
D,1054575114,1015,4001,1,183,220,-195,-213,0,0,0,01,3,0,0
D,1054576102,988,4002,1,182,208,-195,-213,0,0,0,01,3,0,0
D,1054577095,993,4003,1,181,211,-196,-221,0,0,0,01,3,0,0
D,1054578123,1028,4004,1,180,227,-197,-221,0,0,0,01,3,0,0
D,1054579209,1086,4005,1,179,321,-198,-219,0,0,0,01,3,0,0
D,1054580230,1021,4005,0,179,330,-199,-211,0,0,0,01,3,0,0
D,1054581149,919,4006,1,178,254,-200,-219,0,0,0,01,3,0,0
D,1054582156,1007,4007,1,177,266,-200,-219,0,0,0,01,3,0,0
D,1054583117,961,4008,1,176,222,-201,-220,0,0,0,01,3,0,0
D,1054584144,1027,4009,1,175,254,-202,-220,0,0,0,01,3,0,0
D,1054585126,982,4010,1,174,232,-203,-220,0,0,0,01,3,0,0
D,1054586137,1011,4011,1,173,255,-203,-219,0,0,0,01,3,0,0
D,1054587121,984,4012,1,172,230,-204,-228,0,0,0,01,3,0,0
D,1054588145,1024,4013,1,171,250,-205,-228,0,0,0,01,3,0,0
D,1054589154,1009,4014,1,170,261,-206,-228,0,0,0,01,3,0,0
D,1054590177,1023,4015,1,169,288,-207,-229,0,0,0,01,3,0,0
D,1054591104,927,4016,1,168,209,-208,-229,0,0,0,01,3,0,0
D,1054592097,993,4017,1,167,213,-209,-229,0,0,0,01,3,0,0
D,1054593098,1001,4018,1,166,211,-209,-229,0,0,0,01,3,0,0
D,1054594111,1013,4019,1,165,221,-210,-228,0,0,0,01,3,0,0
D,1054595105,994,4020,1,164,214,-211,-229,0,0,0,01,3,0,0
D,1054596100,995,4021,1,163,212,-212,-230,0,0,0,01,3,0,0
D,1054597100,1000,4021,0,163,210,-212,-221,0,0,0,01,3,0,0
D,1054598121,1021,4023,2,161,230,-213,-236,0,0,0,01,3,0,0
D,1054599200,1079,4024,1,160,314,-214,-236,0,0,0,01,3,0,0
D,1054600238,1038,4025,1,159,341,-215,-236,0,0,0,01,3,0,0
D,1054601129,891,4025,0,159,246,-215,-228,0,0,0,01,3,0,0
D,1054602141,1012,4026,1,158,257,-216,-228,0,0,0,01,3,0,0
D,1054603127,986,4027,1,157,233,-216,-228,0,0,0,01,3,0,0
D,1054604140,1013,4028,1,156,253,-217,-228,0,0,0,01,3,0,0
D,1054605123,983,4029,1,155,227,-217,-228,0,0,0,01,3,0,0
D,1054606142,1019,4030,1,154,249,-217,-228,0,0,0,01,3,0,0
D,1054607129,987,4031,1,153,247,-218,-228,0,0,0,01,3,0,0
D,1054608136,1007,4032,1,152,250,-218,-228,0,0,0,01,3,0,0
D,1054609151,1015,4033,1,151,268,-219,-228,0,0,0,01,3,0,0
D,1054610163,1012,4034,1,150,271,-219,-229,0,0,0,01,3,0,0
D,1054611104,941,4035,1,149,214,-220,-237,0,0,0,01,3,0,0
D,1054612100,996,4036,1,148,215,-220,-237,0,0,0,01,3,0,0
D,1054613098,998,4037,1,147,206,-221,-237,0,0,0,01,3,0,0
D,1054614108,1010,4038,1,146,217,-222,-236,0,0,0,01,3,0,0
D,1054615106,998,4039,1,145,216,-222,-237,0,0,0,01,3,0,0
D,1054616099,993,4040,1,144,211,-223,-236,0,0,0,01,3,0,0
D,1054617098,999,4041,1,143,207,-223,-237,0,0,0,01,3,0,0
D,1054618115,1017,4042,1,142,224,-224,-236,0,0,0,01,3,0,0
D,1054619210,1095,4043,1,141,319,-224,-236,0,0,0,01,3,0,0
D,1054620228,1018,4045,2,139,336,-225,-244,0,0,0,01,3,0,0
D,1054621146,918,4046,1,138,259,-226,-244,0,0,0,01,3,0,0
D,1054622152,1006,4047,1,137,262,-226,-244,0,0,0,01,3,0,0
D,1054623111,959,4047,0,137,217,-227,-236,0,0,0,01,3,0,0
D,1054624151,1040,4048,1,136,257,-227,-236,0,0,0,01,3,0,0
D,1054625109,958,4049,1,135,223,-228,-236,0,0,0,01,3,0,0
D,1054626145,1036,4051,2,133,253,-228,-244,0,0,0,01,3,0,0
D,1054627130,985,4052,1,132,241,-229,-252,0,0,0,01,3,0,0
D,1054628133,1003,4053,1,131,250,-230,-244,0,0,0,01,3,0,0
D,1054629149,1016,4054,1,130,252,-230,-244,0,0,0,01,3,0,0
D,1054630176,1027,4055,1,129,290,-231,-244,0,0,0,01,3,0,0
D,1054631101,925,4056,1,128,209,-231,-245,0,0,0,01,3,0,0
D,1054632107,1006,4057,1,127,211,-232,-252,0,0,0,01,3,0,0
D,1054633092,985,4058,1,126,210,-233,-252,0,0,0,01,3,0,0
D,1054634104,1012,4059,1,125,221,-234,-252,0,0,0,01,3,0,0
D,1054635109,1005,4060,1,124,213,-234,-252,0,0,0,01,3,0,0
D,1054636105,996,4061,1,123,211,-235,-252,0,0,0,01,3,0,0
D,1054637102,997,4062,1,122,207,-236,-252,0,0,0,01,3,0,0
D,1054638128,1026,4063,1,121,234,-236,-252,0,0,0,01,3,0,0
D,1054639203,1075,4065,2,119,310,-237,-260,0,0,0,01,3,0,0
D,1054640235,1032,4066,1,118,342,-238,-260,0,0,0,01,3,0,0
D,1054641143,908,4067,1,117,252,-239,-260,0,0,0,01,3,0,0
D,1054642144,1001,4068,1,116,260,-240,-260,0,0,0,01,3,0,0
D,1054643105,961,4069,1,115,222,-241,-260,0,0,0,01,3,0,0
D,1054644145,1040,4070,1,114,252,-242,-260,0,0,0,01,3,0,0
D,1054645115,970,4071,1,113,227,-242,-260,0,0,0,01,3,0,0
D,1054646134,1019,4072,1,112,252,-243,-260,0,0,0,01,3,0,0
D,1054647130,996,4073,1,111,244,-244,-260,0,0,0,01,3,0,0
D,1054648138,1008,4074,1,110,252,-244,-260,0,0,0,01,3,0,0
D,1054649146,1008,4075,1,109,263,-245,-260,0,0,0,01,3,0,0
D,1054650174,1028,4077,2,107,277,-246,-268,0,0,0,01,3,0,0
D,1054651100,926,4078,1,106,214,-246,-261,0,0,0,01,3,0,0
D,1054652107,1007,4079,1,105,211,-247,-260,0,0,0,01,3,0,0
D,1054653091,984,4080,1,104,208,-247,-260,0,0,0,01,3,0,0
D,1054654100,1009,4081,1,103,216,-248,-268,0,0,0,01,3,0,0
D,1054655104,1004,4082,1,102,218,-249,-268,0,0,0,01,3,0,0
D,1054656106,1002,4083,1,101,210,-250,-268,0,0,0,01,3,0,0
D,1054657099,993,4084,1,100,210,-250,-260,0,0,0,01,3,0,0
D,1054658107,1008,4086,2,98,221,-251,-268,0,0,0,01,3,0,0
D,1054659215,1108,4087,1,97,317,-252,-268,0,0,0,01,3,0,0
D,1054660235,1020,4088,1,96,340,-252,-268,0,0,0,01,3,0,0
D,1054661145,910,4089,1,95,249,-253,-268,0,0,0,01,3,0,0
D,1054662155,1010,4090,1,94,265,-253,-268,0,0,0,01,3,0,0
D,1054663109,954,4091,1,93,226,-254,-268,0,0,0,01,3,0,0
D,1054664145,1036,4092,1,92,251,-255,-268,0,0,0,01,3,0,0
D,1054665115,970,4094,2,90,228,-255,-277,0,0,0,01,3,0,0
D,1054666135,1020,4095,1,89,250,-256,-276,0,0,0,01,3,0,0
D,1054667141,1006,0,1,88,251,-257,-276,0,0,0,01,3,0,0
D,1054668137,996,1,1,87,253,-258,-277,0,0,0,01,3,0,0
D,1054669138,1001,2,1,86,252,-259,-276,0,0,0,01,3,0,0
D,1054670170,1032,3,1,85,285,-259,-268,0,0,0,01,3,0,0
D,1054671104,934,5,2,83,211,-260,-277,0,0,0,01,3,0,0
D,1054672100,996,6,1,82,213,-260,-276,0,0,0,01,3,0,0
D,1054673100,1000,7,1,81,210,-261,-276,0,0,0,01,3,0,0
D,1054674113,1013,8,1,80,222,-261,-276,0,0,0,01,3,0,0
D,1054675104,991,9,1,79,211,-262,-276,0,0,0,01,3,0,0
D,1054676101,997,10,1,78,215,-263,-276,0,0,0,01,3,0,0
D,1054677099,998,11,1,77,208,-263,-276,0,0,0,01,3,0,0
D,1054678120,1021,13,2,75,229,-264,-284,0,0,0,01,3,0,0
D,1054679199,1079,14,1,74,312,-265,-284,0,0,0,01,3,0,0
D,1054680233,1034,15,1,73,345,-265,-276,0,0,0,01,3,0,0
D,1054681138,905,16,1,72,249,-266,-276,0,0,0,01,3,0,0
D,1054682158,1020,17,1,71,261,-266,-276,0,0,0,01,3,0,0
D,1054683111,953,18,1,70,224,-266,-277,0,0,0,01,3,0,0
D,1054684149,1038,20,2,68,253,-267,-284,0,0,0,01,3,0,0
D,1054685116,967,21,1,67,221,-268,-285,0,0,0,01,3,0,0
D,1054686142,1026,22,1,66,253,-268,-284,0,0,0,01,3,0,0
D,1054687127,985,23,1,65,244,-269,-285,0,0,0,01,3,0,0
D,1054688132,1005,25,2,63,249,-270,-285,0,0,0,01,3,0,0
D,1054689140,1008,26,1,62,247,-270,-283,0,0,0,01,3,0,0
D,1054690166,1026,27,1,61,281,-271,-284,0,0,0,01,3,0,0
D,1054691106,940,28,1,60,212,-271,-285,0,0,0,01,3,0,0
D,1054692102,996,30,2,58,217,-272,-292,0,0,0,01,3,0,0
D,1054693099,997,31,1,57,207,-273,-292,0,0,0,01,3,0,0
D,1054694109,1010,32,1,56,218,-274,-291,0,0,0,01,3,0,0
D,1054695104,995,33,1,55,215,-274,-292,0,0,0,01,3,0,0
D,1054696103,999,34,1,54,217,-275,-284,0,0,0,01,3,0,0
D,1054697100,997,35,1,53,207,-275,-284,0,0,0,01,3,0,0
D,1054698115,1015,37,2,51,224,-276,-292,0,0,0,01,3,0,0
D,1054699206,1091,38,1,50,322,-276,-292,0,0,0,01,3,0,0
D,1054700227,1021,39,1,49,342,-277,-292,0,0,0,01,3,0,0
D,1054701141,914,40,1,48,254,-277,-284,0,0,0,01,3,0,0
D,1054702140,999,42,2,46,255,-278,-293,0,0,0,01,3,0,0
D,1054703116,976,43,1,45,222,-278,-293,0,0,0,01,3,0,0
D,1054704139,1023,44,1,44,251,-279,-293,0,0,0,01,3,0,0
D,1054705125,986,45,1,43,238,-280,-293,0,0,0,01,3,0,0
D,1054706127,1002,46,1,42,245,-280,-293,0,0,0,01,3,0,0
D,1054707139,1012,48,2,40,249,-281,-301,0,0,0,01,3,0,0
D,1054708142,1003,49,1,39,254,-281,-293,0,0,0,01,3,0,0
D,1054709139,997,50,1,38,251,-282,-291,0,0,0,01,3,0,0
D,1054710179,1040,51,1,37,279,-282,-292,0,0,0,01,3,0,0
D,1054711095,916,53,2,35,212,-283,-301,0,0,0,01,3,0,0
D,1054712103,1008,54,1,34,211,-283,-300,0,0,0,01,3,0,0
D,1054713099,996,55,1,33,205,-284,-300,0,0,0,01,3,0,0
D,1054714112,1013,56,1,32,220,-285,-299,0,0,0,01,3,0,0
D,1054715105,993,58,2,30,210,-285,-300,0,0,0,01,3,0,0
D,1054716099,994,59,1,29,213,-286,-299,0,0,0,01,3,0,0
D,1054717098,999,60,1,28,207,-286,-300,0,0,0,01,3,0,0
D,1054718119,1021,61,1,27,228,-287,-299,0,0,0,01,3,0,0
D,1054719209,1090,63,2,25,312,-288,-300,0,0,0,01,3,0,0
D,1054720231,1022,64,1,24,345,-288,-300,0,0,0,01,3,0,0
D,1054721140,909,65,1,23,252,-288,-301,0,0,0,01,3,0,0
D,1054722134,994,66,1,22,251,-289,-293,0,0,0,01,3,0,0
D,1054723113,979,68,2,20,230,-289,-301,0,0,0,01,3,0,0
D,1054724136,1023,69,1,19,247,-290,-301,0,0,0,01,3,0,0
D,1054725117,981,71,2,17,234,-290,-309,0,0,0,01,3,0,0
D,1054726144,1027,72,1,16,256,-291,-309,0,0,0,01,3,0,0
D,1054727128,984,73,1,15,244,-292,-309,0,0,0,01,3,0,0
D,1054728137,1009,74,1,14,253,-292,-301,0,0,0,01,3,0,0
D,1054729138,1001,75,1,13,255,-292,-299,0,0,0,01,3,0,0
D,1054730169,1031,77,2,11,273,-293,-308,0,0,0,01,3,0,0
D,1054731104,935,78,1,10,207,-294,-308,0,0,0,01,3,0,0
D,1054732100,996,79,1,9,215,-294,-308,0,0,0,01,3,0,0
D,1054733098,998,80,1,8,206,-294,-300,0,0,0,01,3,0,0
D,1054734112,1014,82,2,6,221,-295,-307,0,0,0,01,3,0,0
D,1054735105,993,83,1,5,210,-295,-307,0,0,0,01,3,0,0
D,1054736099,994,84,1,4,213,-296,-307,0,0,0,01,3,0,0
D,1054737098,999,86,2,2,207,-297,-315,0,0,0,01,3,0,0
D,1054738116,1018,87,1,1,225,-297,-307,0,0,0,01,3,0,0
D,1054739206,1090,88,1,0,321,-297,-309,0,0,0,01,3,0,0
D,1054740238,1032,90,2,-2,338,-298,-317,0,0,0,01,3,0,0
D,1054741140,902,91,1,-3,254,-299,-309,0,0,0,01,3,0,0
D,1054742137,997,92,1,-4,254,-299,-309,0,0,0,01,3,0,0
D,1054743119,982,93,1,-5,228,-299,-309,0,0,0,01,3,0,0
D,1054744138,1019,95,2,-7,247,-300,-317,0,0,0,01,3,0,0
D,1054745132,994,96,1,-8,245,-300,-309,0,0,0,01,3,0,0
D,1054746142,1010,97,1,-9,252,-301,-309,0,0,0,01,3,0,0
D,1054747140,998,99,2,-11,244,-301,-317,0,0,0,01,3,0,0
D,1054748131,991,100,1,-12,248,-302,-317,0,0,0,01,3,0,0
D,1054749145,1014,101,1,-13,253,-303,-315,0,0,0,01,3,0,0
D,1054750176,1031,103,2,-15,289,-303,-315,0,0,0,01,3,0,0
D,1054751100,924,104,1,-16,208,-304,-316,0,0,0,01,3,0,0
D,1054752109,1009,105,1,-17,213,-304,-315,0,0,0,01,3,0,0
D,1054753092,983,106,1,-18,209,-304,-315,0,0,0,01,3,0,0
D,1054754104,1012,108,2,-20,221,-305,-315,0,0,0,01,3,0,0
D,1054755107,1003,109,1,-21,213,-305,-315,0,0,0,01,3,0,0
D,1054756105,998,110,1,-22,211,-305,-307,0,0,0,01,3,0,0
D,1054757102,997,112,2,-24,207,-306,-315,0,0,0,01,3,0,0
D,1054758124,1022,113,1,-25,230,-306,-315,0,0,0,01,3,0,0
D,1054759210,1086,114,1,-26,312,-307,-317,0,0,0,01,3,0,0
D,1054760237,1027,116,2,-28,341,-307,-317,0,0,0,01,3,0,0
D,1054761143,906,117,1,-29,249,-307,-317,0,0,0,01,3,0,0
D,1054762155,1012,118,1,-30,266,-308,-317,0,0,0,01,3,0,0
D,1054763120,965,120,2,-32,227,-308,-325,0,0,0,01,3,0,0
D,1054764150,1030,121,1,-33,257,-309,-317,0,0,0,01,3,0,0
D,1054765133,983,122,1,-34,244,-309,-317,0,0,0,01,3,0,0
D,1054766143,1010,124,2,-36,253,-310,-325,0,0,0,01,3,0,0
D,1054767125,982,125,1,-37,243,-310,-317,0,0,0,01,3,0,0
D,1054768151,1026,126,1,-38,264,-310,-317,0,0,0,01,3,0,0
D,1054769142,991,128,2,-40,258,-311,-323,0,0,0,01,3,0,0
D,1054770178,1036,129,1,-41,278,-311,-323,0,0,0,01,3,0,0
D,1054771108,930,130,1,-42,213,-311,-316,0,0,0,01,3,0,0
D,1054772100,992,132,2,-44,213,-312,-323,0,0,0,01,3,0,0
D,1054773100,1000,133,1,-45,210,-312,-323,0,0,0,01,3,0,0
D,1054774110,1010,134,1,-46,219,-313,-323,0,0,0,01,3,0,0
D,1054775106,996,136,2,-48,212,-313,-323,0,0,0,01,3,0,0
D,1054776098,992,137,1,-49,214,-314,-323,0,0,0,01,3,0,0
D,1054777098,1000,138,1,-50,210,-314,-323,0,0,0,01,3,0,0
D,1054778117,1019,140,2,-52,227,-314,-323,0,0,0,01,3,0,0
D,1054779217,1100,141,1,-53,324,-315,-325,0,0,0,01,3,0,0
D,1054780232,1015,143,2,-55,337,-315,-325,0,0,0,01,3,0,0
D,1054781141,909,144,1,-56,252,-316,-325,0,0,0,01,3,0,0
D,1054782141,1000,145,1,-57,255,-316,-325,0,0,0,01,3,0,0
D,1054783121,980,147,2,-59,229,-317,-333,0,0,0,01,3,0,0
D,1054784145,1024,148,1,-60,248,-317,-325,0,0,0,01,3,0,0
D,1054785103,958,149,1,-61,220,-317,-323,0,0,0,01,3,0,0
D,1054786140,1037,151,2,-63,250,-318,-333,0,0,0,01,3,0,0
D,1054787147,1007,152,1,-64,250,-318,-325,0,0,0,01,3,0,0
D,1054788134,987,153,1,-65,245,-318,-325,0,0,0,01,3,0,0
D,1054789147,1013,155,2,-67,251,-319,-331,0,0,0,01,3,0,0
D,1054790172,1025,156,1,-68,284,-319,-331,0,0,0,01,3,0,0
D,1054791098,926,157,1,-69,214,-320,-324,0,0,0,01,3,0,0
D,1054792107,1009,159,2,-71,212,-320,-331,0,0,0,01,3,0,0
D,1054793092,985,160,1,-72,210,-320,-331,0,0,0,01,3,0,0
D,1054794104,1012,162,2,-74,221,-321,-331,0,0,0,01,3,0,0
D,1054795100,996,163,1,-75,217,-321,-331,0,0,0,01,3,0,0
D,1054796094,994,164,1,-76,211,-322,-331,0,0,0,01,3,0,0
D,1054797092,998,165,1,-77,208,-322,-323,0,0,0,01,3,0,0
D,1054798112,1020,167,2,-79,229,-322,-331,0,0,0,01,3,0,0
D,1054799199,1087,168,1,-80,309,-322,-325,0,0,0,01,3,0,0
D,1054800230,1031,170,2,-82,344,-323,-333,0,0,0,01,3,0,0
D,1054801124,894,171,1,-83,241,-323,-333,0,0,0,01,3,0,0
D,1054802136,1012,172,1,-84,253,-323,-325,0,0,0,01,3,0,0
D,1054803125,989,174,2,-86,229,-323,-333,0,0,0,01,3,0,0
D,1054804142,1017,175,1,-87,254,-324,-333,0,0,0,01,3,0,0
D,1054805128,986,176,1,-88,240,-324,-325,0,0,0,01,3,0,0
D,1054806145,1017,178,2,-90,258,-324,-333,0,0,0,01,3,0,0
D,1054807138,993,179,1,-91,252,-325,-333,0,0,0,01,3,0,0
D,1054808135,997,180,1,-92,253,-325,-325,0,0,0,01,3,0,0
D,1054809131,996,182,2,-94,249,-325,-331,0,0,0,01,3,0,0
D,1054810159,1028,183,1,-95,271,-325,-331,0,0,0,01,3,0,0
D,1054811102,943,184,1,-96,212,-325,-324,0,0,0,01,3,0,0
D,1054812094,992,186,2,-98,212,-325,-331,0,0,0,01,3,0,0
D,1054813097,1003,187,1,-99,212,-326,-331,0,0,0,01,3,0,0
D,1054814108,1011,189,2,-101,219,-326,-331,0,0,0,01,3,0,0
D,1054815104,996,190,1,-102,213,-326,-334,0,0,0,01,3,0,0
D,1054816099,995,191,1,-103,214,-326,-331,0,0,0,01,3,0,0
D,1054817098,999,193,2,-105,207,-327,-331,0,0,0,01,3,0,0
D,1054818113,1015,194,1,-106,222,-327,-331,0,0,0,01,3,0,0
D,1054819215,1102,196,2,-108,325,-327,-333,0,0,0,01,3,0,0
D,1054820230,1015,197,1,-109,340,-327,-333,0,0,0,01,3,0,0
D,1054821129,899,198,1,-110,245,-327,-333,0,0,0,01,3,0,0
D,1054822152,1023,200,2,-112,262,-328,-333,0,0,0,01,3,0,0
D,1054823119,967,201,1,-113,226,-328,-333,0,0,0,01,3,0,0
D,1054824151,1032,202,1,-114,259,-328,-325,0,0,0,01,3,0,0
D,1054825115,964,204,2,-116,229,-328,-333,0,0,0,01,3,0,0
D,1054826139,1024,205,1,-117,255,-328,-333,0,0,0,01,3,0,0
D,1054827128,989,206,1,-118,246,-328,-333,0,0,0,01,3,0,0
D,1054828136,1008,208,2,-120,253,-329,-333,0,0,0,01,3,0,0
D,1054829134,998,209,1,-121,249,-329,-331,0,0,0,01,3,0,0
D,1054830173,1039,210,1,-122,288,-329,-331,0,0,0,01,3,0,0
D,1054831100,927,211,1,-123,212,-329,-324,0,0,0,01,3,0,0
D,1054832107,1007,213,2,-125,211,-329,-331,0,0,0,01,3,0,0
D,1054833091,984,214,1,-126,208,-329,-331,0,0,0,01,3,0,0
D,1054834103,1012,216,2,-128,219,-329,-331,0,0,0,01,3,0,0
D,1054835109,1006,217,1,-129,212,-329,-331,0,0,0,01,3,0,0
D,1054836104,995,219,2,-131,210,-329,-339,0,0,0,01,3,0,0
D,1054837101,997,220,1,-132,206,-329,-331,0,0,0,01,3,0,0
D,1054838124,1023,221,1,-133,230,-329,-331,0,0,0,01,3,0,0
D,1054839201,1077,223,2,-135,313,-330,-333,0,0,0,01,3,0,0
D,1054840237,1036,224,1,-136,343,-330,-333,0,0,0,01,3,0,0
D,1054841139,902,225,1,-137,248,-330,-333,0,0,0,01,3,0,0
D,1054842143,1004,227,2,-139,259,-330,-333,0,0,0,01,3,0,0
D,1054843123,980,228,1,-140,230,-330,-333,0,0,0,01,3,0,0
D,1054844149,1026,229,1,-141,262,-330,-325,0,0,0,01,3,0,0
D,1054845112,963,231,2,-143,231,-330,-334,0,0,0,01,3,0,0
D,1054846132,1020,232,1,-144,249,-330,-333,0,0,0,01,3,0,0
D,1054847142,1010,234,2,-146,253,-330,-333,0,0,0,01,3,0,0
D,1054848132,990,235,1,-147,247,-330,-333,0,0,0,01,3,0,0
D,1054849151,1019,236,1,-148,255,-330,-330,0,0,0,01,3,0,0
D,1054850161,1010,238,2,-150,271,-330,-331,0,0,0,01,3,0,0
D,1054851098,937,239,1,-151,216,-331,-332,0,0,0,01,3,0,0
D,1054852107,1009,240,1,-152,212,-331,-331,0,0,0,01,3,0,0
D,1054853092,985,241,1,-153,210,-330,-324,0,0,0,01,3,0,0
D,1054854103,1011,243,2,-155,220,-330,-331,0,0,0,01,3,0,0
D,1054855107,1004,244,1,-156,218,-330,-331,0,0,0,01,3,0,0
D,1054856092,985,246,2,-158,210,-330,-331,0,0,0,01,3,0,0
D,1054857099,1007,247,1,-159,212,-330,-331,0,0,0,01,3,0,0
D,1054858105,1006,248,1,-160,220,-330,-331,0,0,0,01,3,0,0
D,1054859222,1117,250,2,-162,323,-331,-333,0,0,0,01,3,0,0
D,1054860232,1010,251,1,-163,340,-331,-333,0,0,0,01,3,0,0
D,1054861129,897,252,1,-164,244,-331,-333,0,0,0,01,3,0,0
D,1054862139,1010,254,2,-166,254,-331,-333,0,0,0,01,3,0,0
D,1054863119,980,255,1,-167,231,-331,-333,0,0,0,01,3,0,0
D,1054864146,1027,256,1,-168,253,-331,-325,0,0,0,01,3,0,0
D,1054865108,962,258,2,-170,224,-331,-331,0,0,0,01,3,0,0
D,1054866136,1028,259,1,-171,245,-330,-325,0,0,0,01,3,0,0
D,1054867136,1000,261,2,-173,251,-331,-333,0,0,0,01,3,0,0
D,1054868135,999,262,1,-174,251,-331,-334,0,0,0,01,3,0,0
D,1054869138,1003,263,1,-175,246,-331,-331,0,0,0,01,3,0,0
D,1054870168,1030,265,2,-177,284,-331,-331,0,0,0,01,3,0,0
D,1054871103,935,266,1,-178,209,-331,-332,0,0,0,01,3,0,0
D,1054872095,992,267,1,-179,213,-331,-331,0,0,0,01,3,0,0
D,1054873098,1003,269,2,-181,213,-331,-331,0,0,0,01,3,0,0
D,1054874114,1016,270,1,-182,224,-331,-331,0,0,0,01,3,0,0
D,1054875106,992,271,1,-183,210,-331,-331,0,0,0,01,3,0,0
D,1054876101,995,273,2,-185,215,-331,-331,0,0,0,01,3,0,0
D,1054877099,998,274,1,-186,208,-331,-331,0,0,0,01,3,0,0
D,1054878120,1021,276,2,-188,229,-331,-331,0,0,0,01,3,0,0
D,1054879208,1088,277,1,-189,316,-331,-333,0,0,0,01,3,0,0
D,1054880237,1029,278,1,-190,341,-331,-325,0,0,0,01,3,0,0
D,1054881155,918,280,2,-192,259,-331,-333,0,0,0,01,3,0,0
D,1054882130,975,281,1,-193,247,-331,-333,0,0,0,01,3,0,0
D,1054883126,996,282,1,-194,235,-331,-333,0,0,0,01,3,0,0
D,1054884136,1010,284,2,-196,251,-331,-333,0,0,0,01,3,0,0
D,1054885118,982,285,1,-197,234,-331,-334,0,0,0,01,3,0,0
D,1054886144,1026,286,1,-198,256,-331,-325,0,0,0,01,3,0,0
D,1054887128,984,288,2,-200,244,-331,-333,0,0,0,01,3,0,0
D,1054888133,1005,289,1,-201,251,-331,-333,0,0,0,01,3,0,0
D,1054889151,1018,290,1,-202,256,-331,-330,0,0,0,01,3,0,0
D,1054890169,1018,292,2,-204,278,-331,-331,0,0,0,01,3,0,0
D,1054891097,928,293,1,-205,215,-331,-332,0,0,0,01,3,0,0
D,1054892103,1006,295,2,-207,211,-331,-339,0,0,0,01,3,0,0
D,1054893099,996,296,1,-208,206,-331,-331,0,0,0,01,3,0,0
D,1054894110,1011,297,1,-209,219,-331,-331,0,0,0,01,3,0,0
D,1054895105,995,299,2,-211,213,-332,-339,0,0,0,01,3,0,0
D,1054896100,995,300,1,-212,214,-332,-331,0,0,0,01,3,0,0
D,1054897100,1000,301,1,-213,210,-332,-331,0,0,0,01,3,0,0
D,1054898118,1018,303,2,-215,227,-332,-331,0,0,0,01,3,0,0
D,1054899208,1090,304,1,-216,316,-332,-333,0,0,0,01,3,0,0
D,1054900238,1030,306,2,-218,338,-332,-333,0,0,0,01,3,0,0
D,1054901130,892,307,1,-219,245,-332,-333,0,0,0,01,3,0,0
D,1054902150,1020,308,1,-220,260,-332,-333,0,0,0,01,3,0,0
D,1054903114,964,310,2,-222,224,-332,-333,0,0,0,01,3,0,0
D,1054904149,1035,311,1,-223,252,-332,-333,0,0,0,01,3,0,0
D,1054905118,969,312,1,-224,228,-332,-334,0,0,0,01,3,0,0
D,1054906146,1028,314,2,-226,255,-332,-333,0,0,0,01,3,0,0
D,1054907133,987,315,1,-227,247,-332,-333,0,0,0,01,3,0,0
D,1054908142,1009,316,1,-228,255,-332,-325,0,0,0,01,3,0,0
D,1054909141,999,318,2,-230,256,-332,-331,0,0,0,01,3,0,0
D,1054910174,1033,319,1,-231,285,-332,-331,0,0,0,01,3,0,0
D,1054911097,923,320,1,-232,211,-332,-332,0,0,0,01,3,0,0
D,1054912105,1008,322,2,-234,211,-332,-331,0,0,0,01,3,0,0
D,1054913102,997,323,1,-235,205,-332,-331,0,0,0,01,3,0,0
D,1054914112,1010,325,2,-237,218,-332,-339,0,0,0,01,3,0,0
D,1054915105,993,326,1,-238,211,-332,-331,0,0,0,01,3,0,0
D,1054916099,994,327,1,-239,210,-332,-331,0,0,0,01,3,0,0
D,1054917098,999,329,2,-241,207,-332,-339,0,0,0,01,3,0,0
D,1054918114,1016,330,1,-242,223,-332,-331,0,0,0,01,3,0,0
D,1054919202,1088,331,1,-243,317,-332,-333,0,0,0,01,3,0,0
D,1054920234,1032,333,2,-245,344,-332,-333,0,0,0,01,3,0,0
D,1054921148,914,334,1,-246,255,-332,-333,0,0,0,01,3,0,0
D,1054922155,1007,335,1,-247,265,-332,-325,0,0,0,01,3,0,0
D,1054923114,959,337,2,-249,217,-332,-333,0,0,0,01,3,0,0
D,1054924131,1017,338,1,-250,249,-332,-333,0,0,0,01,3,0,0
D,1054925138,1007,339,1,-251,243,-332,-325,0,0,0,01,3,0,0
D,1054926156,1018,341,2,-253,259,-332,-333,0,0,0,01,3,0,0
D,1054927136,980,342,1,-254,241,-332,-333,0,0,0,01,3,0,0
D,1054928151,1015,343,1,-255,256,-332,-325,0,0,0,01,3,0,0
D,1054929145,994,345,2,-257,248,-332,-330,0,0,0,01,3,0,0
D,1054930164,1019,346,1,-258,274,-332,-331,0,0,0,01,3,0,0
D,1054931102,938,348,2,-260,211,-332,-332,0,0,0,01,3,0,0
D,1054932107,1005,349,1,-261,211,-332,-331,0,0,0,01,3,0,0
D,1054933092,985,350,1,-262,210,-332,-331,0,0,0,01,3,0,0
D,1054934104,1012,351,1,-263,221,-331,-323,0,0,0,01,3,0,0
D,1054935109,1005,353,2,-265,213,-331,-331,0,0,0,01,3,0,0
D,1054936105,996,354,1,-266,211,-331,-331,0,0,0,01,3,0,0
D,1054937102,997,355,1,-267,207,-331,-323,0,0,0,01,3,0,0
D,1054938128,1026,357,2,-269,234,-331,-331,0,0,0,01,3,0,0
D,1054939208,1080,358,1,-270,317,-331,-325,0,0,0,01,3,0,0
D,1054940249,1041,360,2,-272,340,-331,-333,0,0,0,01,3,0,0
D,1054941149,900,361,1,-273,252,-331,-333,0,0,0,01,3,0,0
D,1054942155,1006,362,1,-274,259,-331,-325,0,0,0,01,3,0,0
D,1054943120,965,364,2,-276,227,-331,-333,0,0,0,01,3,0,0
D,1054944143,1023,365,1,-277,253,-330,-325,0,0,0,01,3,0,0
D,1054945130,987,366,1,-278,238,-330,-325,0,0,0,01,3,0,0
D,1054946141,1011,368,2,-280,253,-330,-333,0,0,0,01,3,0,0
D,1054947133,992,369,1,-281,243,-330,-325,0,0,0,01,3,0,0
D,1054948147,1014,371,2,-283,253,-330,-333,0,0,0,01,3,0,0
D,1054949149,1002,372,1,-284,258,-330,-330,0,0,0,01,3,0,0
D,1054950169,1020,373,1,-285,278,-330,-331,0,0,0,01,3,0,0
D,1054951100,931,374,1,-286,214,-330,-324,0,0,0,01,3,0,0
D,1054952106,1006,376,2,-288,210,-330,-331,0,0,0,01,3,0,0
D,1054953091,985,377,1,-289,209,-330,-331,0,0,0,01,3,0,0
D,1054954101,1010,379,2,-291,218,-330,-331,0,0,0,01,3,0,0
D,1054955107,1006,380,1,-292,220,-330,-331,0,0,0,01,3,0,0
D,1054956093,986,381,1,-293,209,-330,-331,0,0,0,01,3,0,0
D,1054957100,1007,383,2,-295,210,-330,-331,0,0,0,01,3,0,0
D,1054958110,1010,384,1,-296,223,-330,-331,0,0,0,01,3,0,0
D,1054959205,1095,386,2,-298,317,-330,-333,0,0,0,01,3,0,0
D,1054960238,1033,387,1,-299,343,-331,-333,0,0,0,01,3,0,0
D,1054961139,901,388,1,-300,251,-330,-325,0,0,0,01,3,0,0
D,1054962148,1009,390,2,-302,262,-331,-333,0,0,0,01,3,0,0
D,1054963122,974,391,1,-303,226,-331,-333,0,0,0,01,3,0,0
D,1054964133,1011,392,1,-304,250,-331,-333,0,0,0,01,3,0,0
D,1054965116,983,394,2,-306,233,-331,-334,0,0,0,01,3,0,0
D,1054966146,1030,395,1,-307,257,-331,-333,0,0,0,01,3,0,0
D,1054967133,987,396,1,-308,247,-331,-333,0,0,0,01,3,0,0
D,1054968148,1015,398,2,-310,254,-331,-333,0,0,0,01,3,0,0
D,1054969138,990,399,1,-311,244,-331,-331,0,0,0,01,3,0,0
D,1054970163,1025,400,1,-312,273,-331,-331,0,0,0,01,3,0,0
D,1054971103,940,402,2,-314,212,-331,-332,0,0,0,01,3,0,0
D,1054972101,998,403,1,-315,215,-331,-331,0,0,0,01,3,0,0
D,1054973101,1000,404,1,-316,207,-331,-331,0,0,0,01,3,0,0
D,1054974112,1011,406,2,-318,216,-331,-331,0,0,0,01,3,0,0
D,1054975108,996,407,1,-319,210,-331,-331,0,0,0,01,3,0,0
D,1054976102,994,408,1,-320,210,-331,-331,0,0,0,01,3,0,0
D,1054977101,999,410,2,-322,205,-331,-331,0,0,0,01,3,0,0
D,1054978125,1024,411,1,-323,228,-331,-331,0,0,0,01,3,0,0
D,1054979208,1083,412,1,-324,318,-331,-325,0,0,0,01,3,0,0
D,1054980230,1022,414,2,-326,338,-331,-333,0,0,0,01,3,0,0
D,1054981144,914,415,1,-327,253,-331,-333,0,0,0,01,3,0,0
D,1054982152,1008,417,2,-329,263,-331,-333,0,0,0,01,3,0,0
D,1054983114,962,418,1,-330,218,-331,-333,0,0,0,01,3,0,0
D,1054984143,1029,419,1,-331,259,-331,-325,0,0,0,01,3,0,0
D,1054985120,977,420,1,-332,236,-331,-325,0,0,0,01,3,0,0
D,1054986140,1020,422,2,-334,249,-331,-333,0,0,0,01,3,0,0
D,1054987144,1004,423,1,-335,247,-331,-325,0,0,0,01,3,0,0
D,1054988141,997,424,1,-336,248,-330,-325,0,0,0,01,3,0,0
D,1054989146,1005,426,2,-338,260,-330,-330,0,0,0,01,3,0,0
D,1054990166,1020,427,1,-339,283,-330,-323,0,0,0,01,3,0,0
D,1054991092,926,428,1,-340,208,-330,-324,0,0,0,01,3,0,0
D,1054992101,1009,430,2,-342,210,-330,-331,0,0,0,01,3,0,0
D,1054993101,1000,431,1,-343,206,-330,-323,0,0,0,01,3,0,0
D,1054994115,1014,432,1,-344,219,-329,-323,0,0,0,01,3,0,0
D,1054995095,980,433,1,-345,210,-329,-323,0,0,0,01,3,0,0
D,1054996105,1010,435,2,-347,210,-329,-323,0,0,0,01,3,0,0
D,1054997091,986,437,2,-349,209,-329,-331,0,0,0,01,3,0,0
D,1054998113,1022,438,1,-350,227,-329,-331,0,0,0,01,3,0,0
D,1054999209,1096,439,1,-351,317,-329,-325,0,0,0,01,3,0,0
D,1055000235,1026,440,1,-352,339,-329,-325,0,0,0,01,3,0,0
D,1055001141,906,442,2,-354,252,-329,-325,0,0,0,01,3,0,0
D,1055002157,1016,443,1,-355,268,-328,-325,0,0,0,01,3,0,0
D,1055003103,946,445,2,-357,218,-329,-334,0,0,0,01,3,0,0
D,1055004141,1038,446,1,-358,252,-329,-325,0,0,0,01,3,0,0
D,1055005125,984,447,1,-359,236,-328,-325,0,0,0,01,3,0,0
D,1055006140,1015,448,1,-360,255,-328,-325,0,0,0,01,3,0,0
D,1055007139,999,450,2,-362,244,-328,-325,0,0,0,01,3,0,0
D,1055008139,1000,451,1,-363,254,-328,-325,0,0,0,01,3,0,0
D,1055009135,996,453,2,-365,250,-328,-331,0,0,0,01,3,0,0
D,1055010163,1028,454,1,-366,270,-328,-331,0,0,0,01,3,0,0
D,1055011107,944,455,1,-367,213,-328,-324,0,0,0,01,3,0,0
D,1055012102,995,456,1,-368,212,-328,-323,0,0,0,01,3,0,0
D,1055013101,999,458,2,-370,205,-328,-323,0,0,0,01,3,0,0
D,1055014115,1014,459,1,-371,219,-328,-323,0,0,0,01,3,0,0
D,1055015099,984,460,1,-372,215,-327,-323,0,0,0,01,3,0,0
D,1055016094,995,462,2,-374,210,-328,-331,0,0,0,01,3,0,0
D,1055017097,1003,463,1,-375,209,-327,-323,0,0,0,01,3,0,0
D,1055018119,1022,464,1,-376,227,-327,-323,0,0,0,01,3,0,0
D,1055019206,1087,466,2,-378,315,-327,-325,0,0,0,01,3,0,0
D,1055020227,1021,468,2,-380,341,-327,-333,0,0,0,01,3,0,0
D,1055021137,910,469,1,-381,247,-328,-333,0,0,0,01,3,0,0
D,1055022155,1018,470,1,-382,268,-327,-325,0,0,0,01,3,0,0
D,1055023114,959,471,1,-383,218,-327,-325,0,0,0,01,3,0,0
D,1055024143,1029,473,2,-385,256,-328,-333,0,0,0,01,3,0,0
D,1055025124,981,474,1,-386,232,-328,-333,0,0,0,01,3,0,0
D,1055026151,1027,475,1,-387,254,-328,-325,0,0,0,01,3,0,0
D,1055027138,987,477,2,-389,244,-328,-325,0,0,0,01,3,0,0
D,1055028128,990,478,1,-390,243,-328,-325,0,0,0,01,3,0,0
D,1055029146,1018,480,2,-392,256,-328,-330,0,0,0,01,3,0,0
D,1055030170,1024,481,1,-393,281,-328,-331,0,0,0,01,3,0,0
D,1055031102,932,482,1,-394,216,-328,-332,0,0,0,01,3,0,0
D,1055032096,994,484,2,-396,212,-328,-331,0,0,0,01,3,0,0
D,1055033098,1002,485,1,-397,210,-328,-331,0,0,0,01,3,0,0
D,1055034111,1013,486,1,-398,219,-328,-323,0,0,0,01,3,0,0
D,1055035109,998,487,1,-399,213,-328,-323,0,0,0,01,3,0,0
D,1055036102,993,489,2,-401,211,-328,-331,0,0,0,01,3,0,0
D,1055037102,1000,490,1,-402,207,-328,-331,0,0,0,01,3,0,0
D,1055038120,1018,492,2,-404,224,-328,-331,0,0,0,01,3,0,0
D,1055039213,1093,493,1,-405,316,-328,-325,0,0,0,01,3,0,0
D,1055040236,1023,494,1,-406,343,-328,-325,0,0,0,01,3,0,0
D,1055041139,903,496,2,-408,250,-328,-333,0,0,0,01,3,0,0
D,1055042155,1016,497,1,-409,268,-328,-333,0,0,0,01,3,0,0
D,1055043114,959,498,1,-410,218,-328,-325,0,0,0,01,3,0,0
D,1055044143,1029,499,1,-411,256,-328,-325,0,0,0,01,3,0,0
D,1055045124,981,501,2,-413,233,-328,-333,0,0,0,01,3,0,0
D,1055046153,1029,502,1,-414,256,-328,-325,0,0,0,01,3,0,0
D,1055047141,988,503,1,-415,246,-328,-325,0,0,0,01,3,0,0
D,1055048137,996,505,2,-417,250,-328,-333,0,0,0,01,3,0,0
D,1055049146,1009,506,1,-418,257,-328,-330,0,0,0,01,3,0,0
D,1055050165,1019,508,2,-420,274,-328,-331,0,0,0,01,3,0,0
D,1055051105,940,509,1,-421,215,-328,-324,0,0,0,01,3,0,0
D,1055052101,996,510,1,-422,214,-328,-323,0,0,0,01,3,0,0
D,1055053100,999,512,2,-424,206,-328,-331,0,0,0,01,3,0,0
D,1055054112,1012,513,1,-425,217,-328,-331,0,0,0,01,3,0,0
D,1055055110,998,515,2,-427,213,-328,-331,0,0,0,01,3,0,0
D,1055056103,993,516,1,-428,211,-329,-331,0,0,0,01,3,0,0
D,1055057102,999,517,1,-429,206,-329,-331,0,0,0,01,3,0,0
D,1055058125,1023,518,1,-430,228,-328,-323,0,0,0,01,3,0,0
D,1055059213,1088,520,2,-432,321,-328,-325,0,0,0,01,3,0,0
D,1055060224,1011,521,1,-433,340,-328,-325,0,0,0,01,3,0,0
D,1055061140,916,523,2,-435,247,-328,-333,0,0,0,01,3,0,0
D,1055062154,1014,524,1,-436,264,-328,-325,0,0,0,01,3,0,0
D,1055063117,963,525,1,-437,221,-328,-325,0,0,0,01,3,0,0
D,1055064143,1026,527,2,-439,253,-328,-333,0,0,0,01,3,0,0
D,1055065139,996,528,1,-440,242,-328,-333,0,0,0,01,3,0,0
D,1055066145,1006,529,1,-441,258,-328,-325,0,0,0,01,3,0,0
D,1055067138,993,530,1,-442,241,-328,-325,0,0,0,01,3,0,0
D,1055068137,999,532,2,-444,249,-328,-325,0,0,0,01,3,0,0
D,1055069123,986,533,1,-445,240,-328,-323,0,0,0,01,3,0,0
D,1055070171,1048,535,2,-447,282,-328,-331,0,0,0,01,3,0,0
D,1055071099,928,536,1,-448,208,-328,-332,0,0,0,01,3,0,0
D,1055072106,1007,537,1,-449,210,-328,-323,0,0,0,01,3,0,0
D,1055073097,991,538,1,-450,209,-328,-324,0,0,0,01,3,0,0
D,1055074112,1015,540,2,-452,223,-328,-331,0,0,0,01,3,0,0
D,1055075095,983,541,1,-453,213,-328,-331,0,0,0,01,3,0,0
D,1055076102,1007,542,1,-454,210,-328,-323,0,0,0,01,3,0,0
D,1055077091,989,544,2,-456,207,-328,-331,0,0,0,01,3,0,0
D,1055078111,1020,545,1,-457,229,-328,-331,0,0,0,01,3,0,0
D,1055079205,1094,546,1,-458,319,-328,-325,0,0,0,01,3,0,0
D,1055080236,1031,548,2,-460,338,-328,-325,0,0,0,01,3,0,0
D,1055081130,894,549,1,-461,247,-328,-325,0,0,0,01,3,0,0
D,1055082154,1024,551,2,-463,262,-328,-333,0,0,0,01,3,0,0
D,1055083116,962,552,1,-464,219,-328,-325,0,0,0,01,3,0,0
D,1055084147,1031,553,1,-465,257,-328,-325,0,0,0,01,3,0,0
D,1055085117,970,555,2,-467,231,-328,-325,0,0,0,01,3,0,0
D,1055086143,1026,556,1,-468,255,-328,-325,0,0,0,01,3,0,0
D,1055087129,986,558,2,-470,242,-328,-333,0,0,0,01,3,0,0
D,1055088133,1004,559,1,-471,247,-328,-334,0,0,0,01,3,0,0
D,1055089139,1006,560,1,-472,256,-328,-331,0,0,0,01,3,0,0
D,1055090165,1026,561,1,-473,277,-328,-323,0,0,0,01,3,0,0
D,1055091094,929,563,2,-475,211,-328,-332,0,0,0,01,3,0,0
D,1055092104,1010,564,1,-476,211,-328,-323,0,0,0,01,3,0,0
D,1055093091,987,565,1,-477,209,-328,-324,0,0,0,01,3,0,0
D,1055094108,1017,567,2,-479,222,-328,-331,0,0,0,01,3,0,0
D,1055095102,994,568,1,-480,211,-328,-323,0,0,0,01,3,0,0
D,1055096102,1000,569,1,-481,216,-328,-323,0,0,0,01,3,0,0
D,1055097091,989,571,2,-483,209,-328,-331,0,0,0,01,3,0,0
D,1055098106,1015,572,1,-484,220,-328,-331,0,0,0,01,3,0,0
D,1055099206,1100,574,2,-486,320,-328,-333,0,0,0,01,3,0,0
D,1055100230,1024,575,1,-487,337,-328,-325,0,0,0,01,3,0,0
D,1055101141,911,576,1,-488,250,-328,-325,0,0,0,01,3,0,0
D,1055102151,1010,577,1,-489,263,-328,-325,0,0,0,01,3,0,0
D,1055103113,962,579,2,-491,221,-328,-333,0,0,0,01,3,0,0
D,1055104143,1030,580,1,-492,256,-328,-325,0,0,0,01,3,0,0
D,1055105142,999,581,1,-493,246,-328,-325,0,0,0,01,3,0,0
D,1055106138,996,582,1,-494,250,-328,-325,0,0,0,01,3,0,0
D,1055107142,1004,584,2,-496,248,-327,-325,0,0,0,01,3,0,0
D,1055108138,996,585,1,-497,251,-327,-325,0,0,0,01,3,0,0
D,1055109136,998,587,2,-499,248,-328,-331,0,0,0,01,3,0,0
D,1055110170,1034,588,1,-500,286,-328,-331,0,0,0,01,3,0,0
D,1055111093,923,589,1,-501,209,-328,-324,0,0,0,01,3,0,0
D,1055112104,1011,590,1,-502,211,-327,-323,0,0,0,01,3,0,0
D,1055113103,999,592,2,-504,206,-327,-323,0,0,0,01,3,0,0
D,1055114103,1000,593,1,-505,221,-327,-323,0,0,0,01,3,0,0
D,1055115106,1003,595,2,-507,217,-327,-331,0,0,0,01,3,0,0
D,1055116099,993,596,1,-508,211,-327,-323,0,0,0,01,3,0,0
D,1055117094,995,597,1,-509,212,-327,-323,0,0,0,01,3,0,0
D,1055118106,1012,598,1,-510,223,-326,-315,0,0,0,01,3,0,0
D,1055119212,1106,600,2,-512,315,-326,-325,0,0,0,01,3,0,0
D,1055120227,1015,601,1,-513,341,-326,-325,0,0,0,01,3,0,0
D,1055121149,922,603,2,-515,253,-326,-325,0,0,0,01,3,0,0
D,1055122136,987,604,1,-516,254,-326,-325,0,0,0,01,3,0,0
D,1055123114,978,605,1,-517,230,-326,-325,0,0,0,01,3,0,0
D,1055124150,1036,606,1,-518,255,-326,-317,0,0,0,01,3,0,0
D,1055125116,966,608,2,-520,231,-326,-325,0,0,0,01,3,0,0
D,1055126142,1026,609,1,-521,254,-326,-325,0,0,0,01,3,0,0
D,1055127141,999,611,2,-523,254,-326,-325,0,0,0,01,3,0,0
D,1055128141,1000,612,1,-524,253,-326,-325,0,0,0,01,3,0,0
D,1055129139,998,613,1,-525,248,-326,-323,0,0,0,01,3,0,0
D,1055130161,1022,615,2,-527,278,-325,-323,0,0,0,01,3,0,0
D,1055131103,942,616,1,-528,214,-325,-324,0,0,0,01,3,0,0
D,1055132099,996,617,1,-529,213,-325,-323,0,0,0,01,3,0,0
D,1055133098,999,618,1,-530,205,-325,-323,0,0,0,01,3,0,0
D,1055134111,1013,620,2,-532,218,-325,-323,0,0,0,01,3,0,0
D,1055135108,997,621,1,-533,212,-325,-323,0,0,0,01,3,0,0
D,1055136102,994,622,1,-534,210,-325,-323,0,0,0,01,3,0,0
D,1055137101,999,624,2,-536,205,-325,-331,0,0,0,01,3,0,0
D,1055138125,1024,625,1,-537,228,-325,-323,0,0,0,01,3,0,0
D,1055139212,1087,627,2,-539,315,-325,-325,0,0,0,01,3,0,0
D,1055140239,1027,628,1,-540,340,-325,-325,0,0,0,01,3,0,0
D,1055141140,901,629,1,-541,248,-325,-325,0,0,0,01,3,0,0
D,1055142138,998,630,1,-542,253,-325,-325,0,0,0,01,3,0,0
D,1055143115,977,632,2,-544,227,-325,-325,0,0,0,01,3,0,0
D,1055144145,1030,633,1,-545,251,-325,-325,0,0,0,01,3,0,0
D,1055145114,969,634,1,-546,229,-325,-317,0,0,0,01,3,0,0
D,1055146135,1021,636,2,-548,247,-325,-325,0,0,0,01,3,0,0
D,1055147135,1000,637,1,-549,243,-325,-325,0,0,0,01,3,0,0
D,1055148149,1014,638,1,-550,253,-325,-325,0,0,0,01,3,0,0
D,1055149139,990,640,2,-552,254,-325,-330,0,0,0,01,3,0,0
D,1055150181,1042,641,1,-553,281,-325,-323,0,0,0,01,3,0,0
D,1055151103,922,642,1,-554,217,-325,-324,0,0,0,01,3,0,0
D,1055152099,996,644,2,-556,213,-325,-323,0,0,0,01,3,0,0
D,1055153098,999,645,1,-557,205,-325,-323,0,0,0,01,3,0,0
D,1055154111,1013,646,1,-558,218,-325,-323,0,0,0,01,3,0,0
D,1055155100,989,648,2,-560,217,-325,-331,0,0,0,01,3,0,0
D,1055156093,993,649,1,-561,211,-325,-323,0,0,0,01,3,0,0
D,1055157097,1004,650,1,-562,211,-325,-323,0,0,0,01,3,0,0
D,1055158119,1022,652,2,-564,226,-325,-323,0,0,0,01,3,0,0
D,1055159211,1092,653,1,-565,316,-325,-325,0,0,0,01,3,0,0
D,1055160232,1021,655,2,-567,340,-325,-325,0,0,0,01,3,0,0
D,1055161144,912,656,1,-568,255,-325,-325,0,0,0,01,3,0,0
D,1055162157,1013,657,1,-569,268,-325,-325,0,0,0,01,3,0,0
D,1055163111,954,658,1,-570,225,-325,-325,0,0,0,01,3,0,0
D,1055164146,1035,660,2,-572,249,-325,-325,0,0,0,01,3,0,0
D,1055165116,970,661,1,-573,227,-325,-325,0,0,0,01,3,0,0
D,1055166141,1025,662,1,-574,253,-325,-325,0,0,0,01,3,0,0
D,1055167121,980,663,1,-575,237,-325,-317,0,0,0,01,3,0,0
D,1055168136,1015,665,2,-577,244,-325,-325,0,0,0,01,3,0,0
D,1055169126,990,666,1,-578,241,-325,-323,0,0,0,01,3,0,0
D,1055170169,1043,668,2,-580,283,-325,-323,0,0,0,01,3,0,0
D,1055171100,931,669,1,-581,209,-325,-324,0,0,0,01,3,0,0
D,1055172106,1006,670,1,-582,212,-324,-323,0,0,0,01,3,0,0
D,1055173098,992,671,1,-583,211,-324,-323,0,0,0,01,3,0,0
D,1055174109,1011,673,2,-585,221,-324,-323,0,0,0,01,3,0,0
D,1055175106,997,674,1,-586,211,-324,-323,0,0,0,01,3,0,0
D,1055176103,997,675,1,-587,218,-324,-323,0,0,0,01,3,0,0
D,1055177098,995,677,2,-589,212,-324,-323,0,0,0,01,3,0,0
D,1055178116,1018,678,1,-590,228,-324,-323,0,0,0,01,3,0,0
D,1055179218,1102,679,1,-591,321,-324,-317,0,0,0,01,3,0,0
D,1055180230,1012,681,2,-593,340,-324,-325,0,0,0,01,3,0,0
D,1055181140,910,682,1,-594,250,-324,-325,0,0,0,01,3,0,0
D,1055182139,999,683,1,-595,253,-324,-317,0,0,0,01,3,0,0
D,1055183115,976,685,2,-597,227,-324,-325,0,0,0,01,3,0,0
D,1055184147,1032,686,1,-598,253,-324,-325,0,0,0,01,3,0,0
D,1055185116,969,687,1,-599,228,-324,-317,0,0,0,01,3,0,0
D,1055186141,1025,689,2,-601,248,-324,-325,0,0,0,01,3,0,0
D,1055187145,1004,690,1,-602,249,-324,-325,0,0,0,01,3,0,0
D,1055188137,992,691,1,-603,246,-323,-317,0,0,0,01,3,0,0
D,1055189145,1008,692,1,-604,262,-323,-315,0,0,0,01,3,0,0
D,1055190173,1028,694,2,-606,275,-323,-323,0,0,0,01,3,0,0
D,1055191103,930,695,1,-607,214,-323,-316,0,0,0,01,3,0,0
D,1055192101,998,696,1,-608,215,-323,-315,0,0,0,01,3,0,0
D,1055193101,1000,698,2,-610,206,-323,-323,0,0,0,01,3,0,0
D,1055194112,1011,699,1,-611,216,-323,-323,0,0,0,01,3,0,0
D,1055195098,986,700,1,-612,215,-322,-316,0,0,0,01,3,0,0
D,1055196093,995,702,2,-614,211,-322,-323,0,0,0,01,3,0,0
D,1055197097,1004,703,1,-615,211,-322,-323,0,0,0,01,3,0,0
D,1055198118,1021,704,1,-616,225,-322,-323,0,0,0,01,3,0,0
D,1055199213,1095,706,2,-618,316,-322,-325,0,0,0,01,3,0,0
D,1055200237,1024,707,1,-619,337,-322,-317,0,0,0,01,3,0,0
D,1055201148,911,708,1,-620,254,-322,-317,0,0,0,01,3,0,0
D,1055202154,1006,710,2,-622,260,-322,-325,0,0,0,01,3,0,0
D,1055203103,949,711,1,-623,219,-322,-325,0,0,0,01,3,0,0
D,1055204143,1040,712,1,-624,255,-322,-317,0,0,0,01,3,0,0
D,1055205115,972,714,2,-626,225,-322,-325,0,0,0,01,3,0,0
D,1055206142,1027,715,1,-627,257,-322,-325,0,0,0,01,3,0,0
D,1055207125,983,716,1,-628,238,-322,-317,0,0,0,01,3,0,0
D,1055208150,1025,717,1,-629,253,-322,-317,0,0,0,01,3,0,0
D,1055209139,989,719,2,-631,251,-322,-323,0,0,0,01,3,0,0
D,1055210178,1039,720,1,-632,280,-322,-323,0,0,0,01,3,0,0
D,1055211092,914,721,1,-633,209,-322,-316,0,0,0,01,3,0,0
D,1055212101,1009,723,2,-635,211,-322,-323,0,0,0,01,3,0,0
D,1055213101,1000,724,1,-636,206,-322,-323,0,0,0,01,3,0,0
D,1055214110,1009,726,2,-638,214,-322,-323,0,0,0,01,3,0,0
D,1055215106,996,727,1,-639,212,-322,-323,0,0,0,01,3,0,0
D,1055216103,997,728,1,-640,211,-322,-323,0,0,0,01,3,0,0
D,1055217102,999,729,1,-641,205,-322,-315,0,0,0,01,3,0,0
D,1055218102,1000,731,2,-643,220,-322,-323,0,0,0,01,3,0,0
D,1055219214,1112,732,1,-644,324,-322,-325,0,0,0,01,3,0,0
D,1055220235,1021,734,2,-646,339,-322,-325,0,0,0,01,3,0,0
D,1055221140,905,735,1,-647,254,-322,-325,0,0,0,01,3,0,0
D,1055222142,1002,736,1,-648,257,-322,-325,0,0,0,01,3,0,0
D,1055223108,966,738,2,-650,224,-322,-325,0,0,0,01,3,0,0
D,1055224145,1037,739,1,-651,248,-323,-325,0,0,0,01,3,0,0
D,1055225112,967,740,1,-652,223,-323,-325,0,0,0,01,3,0,0
D,1055226129,1017,741,1,-653,245,-322,-317,0,0,0,01,3,0,0
D,1055227135,1006,743,2,-655,250,-323,-325,0,0,0,01,3,0,0
D,1055228135,1000,744,1,-656,251,-323,-325,0,0,0,01,3,0,0
D,1055229136,1001,745,1,-657,253,-323,-323,0,0,0,01,3,0,0
D,1055230172,1036,747,2,-659,278,-323,-323,0,0,0,01,3,0,0
D,1055231094,922,748,1,-660,212,-323,-324,0,0,0,01,3,0,0
D,1055232104,1010,749,1,-661,213,-323,-323,0,0,0,01,3,0,0
D,1055233102,998,750,1,-662,206,-322,-316,0,0,0,01,3,0,0
D,1055234123,1021,752,2,-664,226,-322,-323,0,0,0,01,3,0,0
D,1055235093,970,753,1,-665,210,-323,-323,0,0,0,01,3,0,0
D,1055236100,1007,754,1,-666,214,-322,-315,0,0,0,01,3,0,0
D,1055237099,999,756,2,-668,206,-322,-323,0,0,0,01,3,0,0
D,1055238127,1028,757,1,-669,233,-322,-323,0,0,0,01,3,0,0
D,1055239208,1081,758,1,-670,316,-322,-317,0,0,0,01,3,0,0
D,1055240231,1023,760,2,-672,344,-322,-325,0,0,0,01,3,0,0
D,1055241147,916,761,1,-673,254,-322,-325,0,0,0,01,3,0,0
D,1055242156,1009,762,1,-674,264,-322,-317,0,0,0,01,3,0,0
D,1055243104,948,763,1,-675,219,-322,-317,0,0,0,01,3,0,0
D,1055244143,1039,765,2,-677,255,-322,-317,0,0,0,01,3,0,0
D,1055245116,973,766,1,-678,227,-322,-317,0,0,0,01,3,0,0
D,1055246138,1022,768,2,-680,252,-322,-325,0,0,0,01,3,0,0
D,1055247147,1009,769,1,-681,250,-322,-325,0,0,0,01,3,0,0
D,1055248143,996,770,1,-682,248,-322,-317,0,0,0,01,3,0,0
D,1055249143,1000,771,1,-683,252,-321,-315,0,0,0,01,3,0,0
D,1055250163,1020,772,1,-684,275,-321,-316,0,0,0,01,3,0,0
D,1055251103,940,774,2,-686,212,-321,-316,0,0,0,01,3,0,0
D,1055252100,997,775,1,-687,214,-321,-315,0,0,0,01,3,0,0
D,1055253099,999,777,2,-689,206,-321,-323,0,0,0,01,3,0,0
D,1055254112,1013,778,1,-690,219,-321,-315,0,0,0,01,3,0,0
D,1055255109,997,779,1,-691,213,-320,-315,0,0,0,01,3,0,0
D,1055256103,994,780,1,-692,211,-320,-315,0,0,0,01,3,0,0
D,1055257102,999,782,2,-694,206,-320,-323,0,0,0,01,3,0,0
D,1055258127,1025,783,1,-695,230,-320,-315,0,0,0,01,3,0,0
D,1055259209,1082,784,1,-696,319,-320,-317,0,0,0,01,3,0,0
D,1055260234,1025,786,2,-698,337,-320,-317,0,0,0,01,3,0,0
D,1055261143,909,787,1,-699,247,-320,-317,0,0,0,01,3,0,0
D,1055262157,1014,788,1,-700,267,-320,-317,0,0,0,01,3,0,0
D,1055263112,955,790,2,-702,227,-320,-325,0,0,0,01,3,0,0
D,1055264138,1026,791,1,-703,252,-320,-317,0,0,0,01,3,0,0
D,1055265126,988,792,1,-704,230,-320,-317,0,0,0,01,3,0,0
D,1055266142,1016,793,1,-705,255,-319,-317,0,0,0,01,3,0,0
D,1055267141,999,795,2,-707,246,-319,-317,0,0,0,01,3,0,0
D,1055268137,996,796,1,-708,249,-319,-317,0,0,0,01,3,0,0
D,1055269150,1013,798,2,-710,266,-319,-323,0,0,0,01,3,0,0
D,1055270180,1030,799,1,-711,282,-320,-323,0,0,0,01,3,0,0
D,1055271101,921,800,1,-712,216,-319,-316,0,0,0,01,3,0,0
D,1055272099,998,801,1,-713,213,-319,-316,0,0,0,01,3,0,0
D,1055273098,999,803,2,-715,205,-319,-324,0,0,0,01,3,0,0
D,1055274112,1014,804,1,-716,219,-320,-323,0,0,0,01,3,0,0
D,1055275107,995,805,1,-717,211,-319,-315,0,0,0,01,3,0,0
D,1055276103,996,807,2,-719,210,-320,-323,0,0,0,01,3,0,0
D,1055277102,999,808,1,-720,205,-319,-315,0,0,0,01,3,0,0
D,1055278109,1007,809,1,-721,227,-319,-315,0,0,0,01,3,0,0
D,1055279206,1097,811,2,-723,320,-320,-325,0,0,0,01,3,0,0
D,1055280229,1023,812,1,-724,344,-320,-325,0,0,0,01,3,0,0
D,1055281130,901,813,1,-725,248,-320,-317,0,0,0,01,3,0,0
D,1055282150,1020,814,1,-726,262,-320,-317,0,0,0,01,3,0,0
D,1055283110,960,816,2,-728,217,-319,-317,0,0,0,01,3,0,0
D,1055284128,1018,817,1,-729,246,-319,-317,0,0,0,01,3,0,0
D,1055285129,1001,819,2,-731,235,-320,-325,0,0,0,01,3,0,0
D,1055286146,1017,820,1,-732,259,-320,-325,0,0,0,01,3,0,0
D,1055287118,972,821,1,-733,235,-320,-317,0,0,0,01,3,0,0
D,1055288137,1019,822,1,-734,254,-320,-317,0,0,0,01,3,0,0
D,1055289141,1004,823,1,-735,253,-319,-315,0,0,0,01,3,0,0
D,1055290178,1037,825,2,-737,278,-320,-323,0,0,0,01,3,0,0
D,1055291102,924,826,1,-738,213,-319,-316,0,0,0,01,3,0,0
D,1055292096,994,827,1,-739,212,-319,-315,0,0,0,01,3,0,0
D,1055293099,1003,829,2,-741,210,-319,-324,0,0,0,01,3,0,0
D,1055294109,1010,830,1,-742,216,-319,-315,0,0,0,01,3,0,0
D,1055295106,997,831,1,-743,215,-319,-315,0,0,0,01,3,0,0
D,1055296105,999,832,1,-744,217,-319,-315,0,0,0,01,3,0,0
D,1055297092,987,834,2,-746,208,-319,-323,0,0,0,01,3,0,0
D,1055298106,1014,835,1,-747,220,-319,-315,0,0,0,01,3,0,0
D,1055299207,1101,836,1,-748,322,-319,-309,0,0,0,01,3,0,0
D,1055300240,1033,838,2,-750,341,-318,-317,0,0,0,01,3,0,0
D,1055301146,906,839,1,-751,250,-318,-317,0,0,0,01,3,0,0
D,1055302155,1009,840,1,-752,259,-318,-317,0,0,0,01,3,0,0
D,1055303118,963,842,2,-754,221,-318,-317,0,0,0,01,3,0,0
D,1055304143,1025,843,1,-755,253,-318,-317,0,0,0,01,3,0,0
D,1055305112,969,844,1,-756,230,-318,-317,0,0,0,01,3,0,0
D,1055306129,1017,845,1,-757,247,-318,-309,0,0,0,01,3,0,0
D,1055307146,1017,847,2,-759,249,-318,-317,0,0,0,01,3,0,0
D,1055308140,994,848,1,-760,254,-318,-317,0,0,0,01,3,0,0
D,1055309147,1007,849,1,-761,259,-318,-315,0,0,0,01,3,0,0
D,1055310170,1023,850,1,-762,280,-317,-308,0,0,0,01,3,0,0
D,1055311099,929,852,2,-764,213,-317,-316,0,0,0,01,3,0,0
D,1055312107,1008,853,1,-765,211,-317,-315,0,0,0,01,3,0,0
D,1055313092,985,854,1,-766,208,-317,-316,0,0,0,01,3,0,0
D,1055314113,1021,856,2,-768,227,-317,-315,0,0,0,01,3,0,0
D,1055315107,994,857,1,-769,210,-317,-315,0,0,0,01,3,0,0
D,1055316101,994,858,1,-770,212,-317,-307,0,0,0,01,3,0,0
D,1055317100,999,859,1,-771,206,-316,-308,0,0,0,01,3,0,0
D,1055318132,1032,861,2,-773,237,-316,-315,0,0,0,01,3,0,0
D,1055319204,1072,862,1,-774,320,-316,-317,0,0,0,01,3,0,0
D,1055320229,1025,864,2,-776,340,-316,-317,0,0,0,01,3,0,0
D,1055321134,905,865,1,-777,251,-316,-317,0,0,0,01,3,0,0
D,1055322133,999,866,1,-778,251,-316,-317,0,0,0,01,3,0,0
D,1055323116,983,867,1,-779,231,-316,-309,0,0,0,01,3,0,0
D,1055324137,1021,868,1,-780,246,-316,-309,0,0,0,01,3,0,0
D,1055325132,995,870,2,-782,244,-316,-317,0,0,0,01,3,0,0
D,1055326149,1017,871,1,-783,256,-316,-317,0,0,0,01,3,0,0
D,1055327133,984,872,1,-784,247,-316,-309,0,0,0,01,3,0,0
D,1055328134,1001,874,2,-786,252,-316,-317,0,0,0,01,3,0,0
D,1055329153,1019,875,1,-787,258,-316,-315,0,0,0,01,3,0,0
D,1055330174,1021,876,1,-788,277,-316,-315,0,0,0,01,3,0,0
D,1055331100,926,877,1,-789,215,-315,-309,0,0,0,01,3,0,0
D,1055332109,1009,878,1,-790,212,-315,-308,0,0,0,01,3,0,0
D,1055333098,989,880,2,-792,212,-315,-316,0,0,0,01,3,0,0
D,1055334113,1015,881,1,-793,221,-315,-307,0,0,0,01,3,0,0
D,1055335096,983,883,2,-795,215,-315,-315,0,0,0,01,3,0,0
D,1055336105,1009,884,1,-796,211,-315,-315,0,0,0,01,3,0,0
D,1055337092,987,885,1,-797,210,-315,-315,0,0,0,01,3,0,0
D,1055338110,1018,886,1,-798,224,-314,-308,0,0,0,01,3,0,0
D,1055339214,1104,888,2,-800,326,-315,-317,0,0,0,01,3,0,0
D,1055340229,1015,889,1,-801,335,-315,-317,0,0,0,01,3,0,0
D,1055341145,916,890,1,-802,255,-314,-309,0,0,0,01,3,0,0
D,1055342152,1007,891,1,-803,262,-314,-309,0,0,0,01,3,0,0
D,1055343121,969,893,2,-805,225,-314,-317,0,0,0,01,3,0,0
D,1055344152,1031,894,1,-806,257,-314,-309,0,0,0,01,3,0,0
D,1055345123,971,895,1,-807,232,-314,-309,0,0,0,01,3,0,0
D,1055346143,1020,897,2,-809,249,-314,-317,0,0,0,01,3,0,0
D,1055347134,991,898,1,-810,247,-314,-317,0,0,0,01,3,0,0
D,1055348151,1017,899,1,-811,256,-314,-309,0,0,0,01,3,0,0
D,1055349146,995,901,2,-813,259,-314,-315,0,0,0,01,3,0,0
D,1055350173,1027,902,1,-814,281,-314,-315,0,0,0,01,3,0,0
D,1055351101,928,903,1,-815,210,-314,-308,0,0,0,01,3,0,0
D,1055352096,995,904,1,-816,211,-314,-308,0,0,0,01,3,0,0
D,1055353098,1002,906,2,-818,209,-314,-315,0,0,0,01,3,0,0
D,1055354110,1012,907,1,-819,217,-314,-315,0,0,0,01,3,0,0
D,1055355109,999,908,1,-820,214,-314,-315,0,0,0,01,3,0,0
D,1055356105,996,909,1,-821,210,-314,-307,0,0,0,01,3,0,0
D,1055357091,986,911,2,-823,208,-314,-316,0,0,0,01,3,0,0
D,1055358108,1017,912,1,-824,222,-314,-315,0,0,0,01,3,0,0
D,1055359214,1106,913,1,-825,320,-313,-309,0,0,0,01,3,0,0
D,1055360228,1014,914,1,-826,338,-313,-309,0,0,0,01,3,0,0
D,1055361128,900,916,2,-828,246,-313,-317,0,0,0,01,3,0,0
D,1055362152,1024,917,1,-829,261,-314,-317,0,0,0,01,3,0,0
D,1055363112,960,918,1,-830,223,-313,-309,0,0,0,01,3,0,0
D,1055364143,1031,920,2,-832,254,-314,-317,0,0,0,01,3,0,0
D,1055365129,986,921,1,-833,237,-313,-309,0,0,0,01,3,0,0
D,1055366140,1011,922,1,-834,250,-313,-309,0,0,0,01,3,0,0
D,1055367145,1005,923,1,-835,250,-313,-309,0,0,0,01,3,0,0
D,1055368141,996,925,2,-837,250,-313,-317,0,0,0,01,3,0,0
D,1055369138,997,926,1,-838,242,-313,-315,0,0,0,01,3,0,0
D,1055370175,1037,927,1,-839,277,-313,-308,0,0,0,01,3,0,0
D,1055371097,922,928,1,-840,214,-313,-308,0,0,0,01,3,0,0
D,1055372108,1011,929,1,-841,212,-313,-308,0,0,0,01,3,0,0
D,1055373093,985,931,2,-843,208,-313,-316,0,0,0,01,3,0,0
D,1055374109,1016,932,1,-844,223,-313,-307,0,0,0,01,3,0,0
D,1055375105,996,933,1,-845,214,-312,-308,0,0,0,01,3,0,0
D,1055376102,997,934,1,-846,212,-312,-307,0,0,0,01,3,0,0
D,1055377102,1000,936,2,-848,207,-312,-308,0,0,0,01,3,0,0
D,1055378124,1022,937,1,-849,228,-312,-307,0,0,0,01,3,0,0
D,1055379213,1089,939,2,-851,318,-312,-309,0,0,0,01,3,0,0
D,1055380230,1017,940,1,-852,337,-312,-309,0,0,0,01,3,0,0
D,1055381141,911,941,1,-853,254,-311,-309,0,0,0,01,3,0,0
D,1055382149,1008,942,1,-854,262,-311,-309,0,0,0,01,3,0,0
D,1055383117,968,943,1,-855,228,-311,-301,0,0,0,01,3,0,0
D,1055384155,1038,945,2,-857,261,-311,-309,0,0,0,01,3,0,0
D,1055385126,971,946,1,-858,234,-311,-309,0,0,0,01,3,0,0
D,1055386147,1021,947,1,-859,250,-311,-309,0,0,0,01,3,0,0
D,1055387141,994,949,2,-861,248,-311,-309,0,0,0,01,3,0,0
D,1055388139,998,950,1,-862,253,-311,-309,0,0,0,01,3,0,0
D,1055389144,1005,951,1,-863,251,-310,-307,0,0,0,01,3,0,0
D,1055390171,1027,952,1,-864,285,-310,-308,0,0,0,01,3,0,0
D,1055391106,935,954,2,-866,215,-310,-316,0,0,0,01,3,0,0
D,1055392100,994,955,1,-867,212,-310,-307,0,0,0,01,3,0,0
D,1055393099,999,956,1,-868,206,-310,-308,0,0,0,01,3,0,0
D,1055394110,1011,957,1,-869,216,-310,-307,0,0,0,01,3,0,0
D,1055395109,999,959,2,-871,215,-310,-307,0,0,0,01,3,0,0
D,1055396102,993,960,1,-872,211,-310,-307,0,0,0,01,3,0,0
D,1055397102,1000,961,1,-873,207,-310,-308,0,0,0,01,3,0,0
D,1055398117,1015,962,1,-874,221,-310,-307,0,0,0,01,3,0,0
D,1055399211,1094,963,1,-875,317,-309,-300,0,0,0,01,3,0,0
D,1055400228,1017,965,2,-877,343,-309,-309,0,0,0,01,3,0,0
D,1055401132,904,966,1,-878,248,-309,-309,0,0,0,01,3,0,0
D,1055402154,1022,967,1,-879,260,-309,-309,0,0,0,01,3,0,0
D,1055403114,960,968,1,-880,218,-309,-301,0,0,0,01,3,0,0
D,1055404143,1029,970,2,-882,255,-309,-309,0,0,0,01,3,0,0
D,1055405131,988,971,1,-883,239,-309,-309,0,0,0,01,3,0,0
D,1055406145,1014,972,1,-884,252,-309,-309,0,0,0,01,3,0,0
D,1055407129,984,974,2,-886,244,-309,-309,0,0,0,01,3,0,0
D,1055408145,1016,975,1,-887,253,-309,-309,0,0,0,01,3,0,0
D,1055409143,998,976,1,-888,246,-309,-307,0,0,0,01,3,0,0
D,1055410166,1023,977,1,-889,280,-309,-300,0,0,0,01,3,0,0
D,1055411093,927,979,2,-891,209,-309,-309,0,0,0,01,3,0,0
D,1055412103,1010,980,1,-892,212,-308,-308,0,0,0,01,3,0,0
D,1055413102,999,981,1,-893,206,-308,-308,0,0,0,01,3,0,0
D,1055414123,1021,983,2,-895,227,-309,-315,0,0,0,01,3,0,0
D,1055415103,980,984,1,-896,207,-309,-308,0,0,0,01,3,0,0
D,1055416108,1005,985,1,-897,211,-309,-307,0,0,0,01,3,0,0
D,1055417092,984,986,1,-898,207,-309,-308,0,0,0,01,3,0,0
D,1055418111,1019,988,2,-900,225,-309,-307,0,0,0,01,3,0,0
D,1055419214,1103,989,1,-901,319,-309,-309,0,0,0,01,3,0,0
D,1055420235,1021,990,1,-902,338,-309,-309,0,0,0,01,3,0,0
D,1055421141,906,991,1,-903,245,-308,-301,0,0,0,01,3,0,0
D,1055422153,1012,992,1,-904,264,-308,-301,0,0,0,01,3,0,0
D,1055423117,964,993,1,-905,224,-308,-301,0,0,0,01,3,0,0
D,1055424147,1030,995,2,-907,257,-308,-309,0,0,0,01,3,0,0
D,1055425130,983,996,1,-908,241,-307,-301,0,0,0,01,3,0,0
D,1055426139,1009,997,1,-909,249,-307,-301,0,0,0,01,3,0,0
D,1055427145,1006,999,2,-911,251,-307,-309,0,0,0,01,3,0,0
D,1055428145,1000,1000,1,-912,251,-307,-309,0,0,0,01,3,0,0
D,1055429138,993,1001,1,-913,244,-307,-307,0,0,0,01,3,0,0
D,1055430169,1031,1002,1,-914,279,-307,-308,0,0,0,01,3,0,0
D,1055431109,940,1004,2,-916,213,-307,-308,0,0,0,01,3,0,0
D,1055432102,993,1005,1,-917,211,-307,-307,0,0,0,01,3,0,0
D,1055433102,1000,1006,1,-918,207,-307,-308,0,0,0,01,3,0,0
D,1055434112,1010,1007,1,-919,216,-307,-307,0,0,0,01,3,0,0
D,1055435109,997,1009,2,-921,213,-307,-307,0,0,0,01,3,0,0
D,1055436104,995,1010,1,-922,211,-307,-307,0,0,0,01,3,0,0
D,1055437103,999,1011,1,-923,206,-307,-308,0,0,0,01,3,0,0
D,1055438111,1008,1012,1,-924,229,-307,-299,0,0,0,01,3,0,0
D,1055439211,1100,1013,1,-925,314,-307,-300,0,0,0,01,3,0,0
D,1055440233,1022,1015,2,-927,339,-307,-309,0,0,0,01,3,0,0
D,1055441141,908,1016,1,-928,255,-307,-301,0,0,0,01,3,0,0
D,1055442155,1014,1017,1,-929,266,-306,-301,0,0,0,01,3,0,0
D,1055443122,967,1018,1,-930,226,-306,-301,0,0,0,01,3,0,0
D,1055444137,1015,1020,2,-932,255,-306,-301,0,0,0,01,3,0,0
D,1055445126,989,1021,1,-933,239,-306,-301,0,0,0,01,3,0,0
D,1055446138,1012,1022,1,-934,256,-306,-301,0,0,0,01,3,0,0
D,1055459238,13100,1038,16,-950,368,-303,-300,0,0,0,01,5,1,100
D,1055460206,968,1039,1,-951,331,-303,-301,0,0,0,01,5,1,100
D,1055461129,923,1040,1,-952,248,-303,-293,0,0,0,01,5,1,100
D,1055462136,1007,1042,2,-954,265,-303,-301,0,0,0,01,5,1,100
D,1055463101,965,1043,1,-955,227,-303,-299,0,0,0,01,5,1,100
D,1055464122,1021,1044,1,-956,255,-303,-301,0,0,0,01,5,1,100
D,1055465111,989,1045,1,-957,240,-302,-293,0,0,0,01,5,1,100
D,1055466133,1022,1046,1,-958,256,-302,-293,0,0,0,01,5,1,100
D,1055467103,970,1047,1,-959,235,-301,-293,0,0,0,01,5,1,100
D,1055468122,1019,1049,2,-961,254,-301,-301,0,0,0,01,5,1,100
D,1055469109,987,1050,1,-962,239,-301,-299,0,0,0,01,5,1,100
D,1055470167,1058,1051,1,-963,293,-301,-300,0,0,0,01,5,1,100
D,1055471081,914,1052,1,-964,213,-301,-293,0,0,0,01,5,1,100
D,1055472094,1013,1054,2,-966,217,-301,-300,0,0,0,01,5,1,100
D,1055473078,984,1055,1,-967,211,-301,-300,0,0,0,01,5,1,100
D,1055474107,1029,1056,1,-968,226,-301,-299,0,0,0,01,5,1,100
D,1055475079,972,1057,1,-969,211,-301,-292,0,0,0,01,5,1,100
D,1055476084,1005,1059,2,-971,216,-300,-300,0,0,0,01,5,1,100
D,1055477083,999,1060,1,-972,211,-300,-300,0,0,0,01,5,1,100
D,1055478094,1011,1061,1,-973,223,-300,-298,0,0,0,01,5,1,100
D,1055479191,1097,1062,1,-974,317,-300,-295,0,0,0,01,5,1,100
D,1055480224,1033,1064,2,-976,339,-300,-301,0,0,0,01,5,1,100
D,1055481121,897,1065,1,-977,246,-300,-300,0,0,0,01,5,1,100
D,1055482127,1006,1066,1,-978,253,-300,-298,0,0,0,01,5,1,100
D,1055483102,975,1067,1,-979,226,-300,-297,0,0,0,01,5,1,100
D,1055484133,1031,1069,2,-981,252,-300,-302,0,0,0,01,5,1,100
D,1055485123,990,1070,1,-982,242,-300,-301,0,0,0,01,5,1,100
D,1055486138,1015,1071,1,-983,258,-300,-299,0,0,0,01,5,1,100
D,1055487106,968,1073,2,-985,239,-300,-304,0,0,0,01,5,1,100
D,1055488132,1026,1074,1,-986,252,-300,-302,0,0,0,01,5,1,100
D,1055489131,999,1075,1,-987,255,-300,-301,0,0,0,01,5,1,100
D,1055490161,1030,1076,1,-988,288,-300,-300,0,0,0,01,5,1,100
D,1055491090,929,1077,1,-989,215,-300,-300,0,0,0,01,5,1,100
D,1055492090,1000,1079,2,-991,217,-301,-308,0,0,0,01,5,1,100
D,1055493099,1009,1080,1,-992,219,-301,-300,0,0,0,01,5,1,100
D,1055494097,998,1081,1,-993,217,-301,-299,0,0,0,01,5,1,100
D,1055495095,998,1082,1,-994,217,-300,-300,0,0,0,01,5,1,100
D,1055496082,987,1083,1,-995,215,-300,-300,0,0,0,01,5,1,100
D,1055497094,1012,1085,2,-997,216,-301,-308,0,0,0,01,5,1,100
D,1055498092,998,1086,1,-998,223,-301,-307,0,0,0,01,5,1,100
D,1055499197,1105,1087,1,-999,320,-301,-300,0,0,0,01,5,1,100
D,1055500218,1021,1088,1,-1000,335,-301,-301,0,0,0,01,5,1,100
D,1055501130,912,1090,2,-1002,251,-301,-309,0,0,0,01,5,1,100
D,1055502134,1004,1091,1,-1003,260,-301,-301,0,0,0,01,5,1,100
D,1055503096,962,1092,1,-1004,229,-301,-301,0,0,0,01,5,1,100
D,1055504123,1027,1094,2,-1006,254,-301,-309,0,0,0,01,5,1,100
D,1055505110,987,1095,1,-1007,236,-302,-309,0,0,0,01,5,1,100
D,1055506129,1019,1096,1,-1008,253,-302,-301,0,0,0,01,5,1,100
D,1055507131,1002,1097,1,-1009,251,-302,-301,0,0,0,01,5,1,100
D,1055508120,989,1098,1,-1010,252,-302,-301,0,0,0,01,5,1,100
D,1055509112,992,1099,1,-1011,239,-302,-299,0,0,0,01,5,1,100
D,1055510171,1059,1101,2,-1013,289,-302,-307,0,0,0,01,5,1,100
D,1055511104,933,1102,1,-1014,224,-302,-300,0,0,0,01,5,1,100
D,1055512094,990,1103,1,-1015,217,-302,-300,0,0,0,01,5,1,100
D,1055513082,988,1104,1,-1016,209,-302,-300,0,0,0,01,5,1,100
D,1055514089,1007,1105,1,-1017,217,-302,-299,0,0,0,01,5,1,100
D,1055515086,997,1107,2,-1019,217,-301,-300,0,0,0,01,5,1,100
D,1055516084,998,1108,1,-1020,216,-301,-300,0,0,0,01,5,1,100
D,1055517091,1007,1109,1,-1021,213,-301,-300,0,0,0,01,5,1,100
D,1055518093,1002,1110,1,-1022,221,-301,-292,0,0,0,01,5,1,100
D,1055519211,1118,1111,1,-1023,328,-301,-292,0,0,0,01,5,1,100
D,1055520209,998,1112,1,-1024,337,-300,-293,0,0,0,01,5,1,100
D,1055521133,924,1113,1,-1025,255,-300,-293,0,0,0,01,5,1,100
D,1055522124,991,1115,2,-1027,252,-300,-293,0,0,0,01,5,1,100
D,1055523102,978,1116,1,-1028,228,-299,-293,0,0,0,01,5,1,100
D,1055524117,1015,1117,1,-1029,248,-299,-293,0,0,0,01,5,1,100
D,1055525123,1006,1118,1,-1030,242,-299,-293,0,0,0,01,5,1,100
D,1055526126,1003,1119,1,-1031,248,-299,-293,0,0,0,01,5,1,100
D,1055527446,1320,1121,2,-1033,351,-298,-290,284,0,547,01,6,1,100
D,1055528086,640,1121,0,-1033,218,-298,-284,284,0,547,01,6,1,100
D,1055529148,1062,1123,2,-1035,277,-298,-291,284,0,545,01,6,1,100
D,1055530254,1106,1124,1,-1036,377,-297,-293,284,283,544,01,6,1,100
D,1055531164,910,1125,1,-1037,289,-297,-285,284,283,543,01,6,1,100
D,1055532096,932,1126,1,-1038,216,-296,-284,284,283,542,01,6,1,100
D,1055533086,990,1127,1,-1039,209,-296,-284,284,283,541,01,6,1,100
D,1055534109,1023,1128,1,-1040,228,-295,-283,284,283,541,01,6,1,100
D,1055535109,1000,1130,2,-1042,242,-295,-284,284,283,539,01,6,1,100
D,1055536099,990,1131,1,-1043,218,-294,-284,284,283,538,01,6,1,100
D,1055537087,988,1132,1,-1044,209,-294,-284,284,283,537,01,6,1,100
D,1055538106,1019,1133,1,-1045,224,-294,-284,284,283,536,01,6,1,100
D,1055539203,1097,1135,2,-1047,322,-294,-292,284,283,534,01,6,1,100
D,1055540258,1055,1136,1,-1048,382,-293,-284,284,283,533,01,6,1,100
D,1055541133,875,1137,1,-1049,264,-293,-285,284,283,533,01,6,1,100
D,1055542159,1026,1138,1,-1050,288,-293,-284,284,283,532,01,6,1,100
D,1055543183,1024,1139,1,-1051,315,-292,-284,284,283,531,01,6,1,100
D,1055544116,933,1141,2,-1053,245,-292,-293,284,283,529,01,6,1,100
D,1055545132,1016,1142,1,-1054,262,-292,-284,284,283,528,01,6,1,100
D,1055546107,975,1143,1,-1055,239,-292,-285,284,283,527,01,6,1,100
D,1055547146,1039,1145,2,-1057,266,-292,-292,284,283,526,01,6,1,100
D,1055548142,996,1146,1,-1058,261,-292,-292,284,283,525,01,6,1,100
D,1055549105,963,1147,1,-1059,234,-292,-291,284,283,524,01,6,1,100
D,1055550259,1154,1148,1,-1060,389,-292,-292,284,283,523,01,6,1,100
D,1055551110,851,1149,1,-1061,242,-292,-292,284,283,522,01,6,1,100
D,1055552125,1015,1150,1,-1062,243,-291,-285,277,283,521,01,6,1,100
D,1055553083,958,1152,2,-1064,211,-291,-292,277,283,519,01,6,1,100
D,1055554094,1011,1153,1,-1065,222,-291,-291,277,283,519,01,6,1,100
D,1055555137,1043,1154,1,-1066,266,-292,-293,277,283,518,01,6,1,100
D,1055556099,962,1155,1,-1067,222,-292,-292,277,283,517,01,6,1,100
D,1055557093,994,1156,1,-1068,211,-292,-292,277,283,516,01,6,1,100
D,1055558096,1003,1158,2,-1070,220,-292,-301,277,283,514,01,6,1,100
D,1055559197,1101,1159,1,-1071,330,-292,-292,277,283,513,01,6,1,100
D,1055560274,1077,1160,1,-1072,390,-292,-293,277,283,512,01,6,1,100
D,1055561141,867,1161,1,-1073,264,-292,-292,277,283,512,01,6,1,100
D,1055562173,1032,1163,2,-1075,293,-292,-300,277,283,510,01,6,1,100
D,1055563148,975,1164,1,-1076,268,-293,-300,277,283,509,01,6,1,100
D,1055564139,991,1165,1,-1077,260,-293,-301,277,283,508,01,6,1,100
D,1055565115,976,1166,1,-1078,248,-293,-293,277,283,507,01,6,1,100
D,1055566201,1086,1168,2,-1080,328,-293,-300,277,283,505,01,6,1,100
D,1055567177,976,1169,1,-1081,303,-294,-300,277,283,504,01,6,1,100
D,1055568146,969,1170,1,-1082,270,-294,-301,277,283,504,01,6,1,100
D,1055569133,987,1171,1,-1083,262,-294,-299,277,283,503,01,6,1,100
D,1055570265,1132,1172,1,-1084,390,-294,-293,277,283,502,01,6,1,100
D,1055571122,857,1173,1,-1085,253,-294,-293,277,283,501,01,6,1,100
D,1055572086,964,1174,1,-1086,210,-294,-292,277,283,500,01,6,1,100
D,1055573093,1007,1176,2,-1088,212,-294,-300,277,283,498,01,6,1,100
D,1055574084,991,1177,1,-1089,212,-294,-300,277,283,497,01,6,1,100
D,1055575089,1005,1178,1,-1090,218,-294,-292,277,283,497,01,6,1,100
D,1055576080,991,1179,1,-1091,211,-294,-292,277,283,496,01,6,1,100
D,1055577101,1021,1181,2,-1093,234,-294,-299,270,283,494,01,6,1,100
D,1055578122,1021,1182,1,-1094,245,-294,-292,270,283,493,01,6,1,100
D,1055579204,1082,1183,1,-1095,333,-294,-292,270,283,492,01,6,1,100
D,1055580266,1062,1184,1,-1096,379,-294,-293,270,283,491,01,6,1,100
D,1055581150,884,1186,2,-1098,270,-294,-301,270,283,490,01,6,1,100
D,1055582170,1020,1187,1,-1099,290,-295,-301,270,283,489,01,6,1,100
D,1055583205,1035,1188,1,-1100,328,-294,-292,270,283,488,01,6,1,100
D,1055584119,914,1189,1,-1101,245,-294,-293,270,283,487,01,6,1,100
D,1055585130,1011,1190,1,-1102,262,-294,-291,270,283,486,01,6,1,100
D,1055586126,996,1191,1,-1103,254,-294,-293,270,283,485,01,6,1,100
D,1055587194,1068,1193,2,-1105,317,-294,-300,270,283,483,01,6,1,100
D,1055588137,943,1194,1,-1106,268,-294,-293,270,283,483,01,6,1,100
D,1055589138,1001,1195,1,-1107,270,-294,-291,270,283,482,01,6,1,100
D,1055590193,1055,1196,1,-1108,320,-294,-291,270,283,481,01,6,1,100
D,1055591099,906,1197,1,-1109,220,-294,-293,270,283,480,01,6,1,100
D,1055592095,996,1198,1,-1110,214,-294,-292,270,283,479,01,6,1,100
D,1055593084,989,1199,1,-1111,208,-294,-284,270,283,478,01,6,1,100
D,1055594081,997,1200,1,-1112,209,-293,-284,270,283,477,01,6,1,100
D,1055595095,1014,1201,1,-1113,219,-293,-284,270,283,476,01,6,1,100
D,1055596089,994,1203,2,-1115,210,-293,-292,270,283,475,01,6,1,100
D,1055597080,991,1204,1,-1116,208,-293,-285,270,283,474,01,6,1,100
D,1055598096,1016,1205,1,-1117,227,-292,-284,270,283,473,01,6,1,100
D,1055599204,1108,1206,1,-1118,321,-292,-284,270,283,472,01,6,1,100
D,1055600256,1052,1208,2,-1120,374,-292,-290,270,283,470,01,6,1,100
D,1055601160,904,1208,0,-1120,279,-292,-284,270,283,470,01,6,1,100
D,1055602188,1028,1210,2,-1122,319,-292,-292,263,283,468,01,6,1,100
D,1055603166,978,1211,1,-1123,292,-291,-284,263,283,468,01,6,1,100
D,1055604127,961,1212,1,-1124,246,-291,-284,263,283,467,01,6,1,100
D,1055605146,1019,1213,1,-1125,273,-291,-284,263,283,466,01,6,1,100
D,1055606150,1004,1214,1,-1126,275,-290,-284,263,283,465,01,6,1,100
D,1055607215,1065,1215,1,-1127,336,-290,-276,263,283,464,01,6,1,100
D,1055608122,907,1216,1,-1128,255,-289,-277,263,283,463,01,6,1,100
D,1055609128,1006,1218,2,-1130,261,-289,-283,263,283,461,01,6,1,100
D,1055610245,1117,1219,1,-1131,364,-289,-283,263,283,461,01,6,1,100
D,1055611145,900,1220,1,-1132,271,-289,-285,263,283,460,01,6,1,100
D,1055612079,934,1221,1,-1133,209,-288,-276,263,283,459,01,6,1,100
D,1055613075,996,1222,1,-1134,208,-288,-276,263,283,458,01,6,1,100
D,1055614089,1014,1223,1,-1135,220,-287,-277,263,283,457,01,6,1,100
D,1055615125,1036,1224,1,-1136,249,-287,-276,263,283,456,01,6,1,100
D,1055616095,970,1226,2,-1138,213,-287,-284,263,283,454,01,6,1,100
D,1055617082,987,1227,1,-1139,207,-287,-284,263,283,454,01,6,1,100
D,1055618087,1005,1228,1,-1140,216,-286,-277,263,283,453,01,6,1,100
D,1055619215,1128,1229,1,-1141,336,-286,-276,263,283,452,01,6,1,100
D,1055620266,1051,1230,1,-1142,392,-285,-276,263,283,451,01,6,1,100
D,1055621153,887,1231,1,-1143,274,-285,-276,263,283,450,01,6,1,100
D,1055622153,1000,1232,1,-1144,282,-285,-276,263,283,449,01,6,1,100
D,1055623212,1059,1234,2,-1146,335,-285,-284,263,283,447,01,6,1,100
D,1055624103,891,1235,1,-1147,235,-285,-285,263,283,446,01,6,1,100
D,1055625143,1040,1236,1,-1148,262,-285,-284,263,283,446,01,6,1,100
D,1055626138,995,1237,1,-1149,261,-284,-276,263,283,445,01,6,1,100
D,1055627240,1102,1238,1,-1150,361,-284,-275,255,283,444,01,6,1,100
D,1055628135,895,1239,1,-1151,259,-284,-276,255,283,443,01,6,1,100
D,1055629150,1015,1240,1,-1152,269,-283,-275,255,283,442,01,6,1,100
D,1055630277,1127,1242,2,-1154,405,-283,-276,255,283,440,01,6,1,100
D,1055631126,849,1243,1,-1155,259,-283,-277,255,283,439,01,6,1,100
D,1055632078,952,1244,1,-1156,210,-283,-284,255,283,439,01,6,1,100
D,1055633092,1014,1245,1,-1157,210,-283,-276,255,283,438,01,6,1,100
D,1055634083,991,1246,1,-1158,212,-282,-276,255,283,437,01,6,1,100
D,1055635084,1001,1247,1,-1159,217,-282,-276,255,283,436,01,6,1,100
D,1055636078,994,1249,2,-1161,211,-282,-284,255,283,434,01,6,1,100
D,1055637092,1014,1250,1,-1162,210,-282,-284,255,283,433,01,6,1,100
D,1055638096,1004,1251,1,-1163,225,-282,-285,255,283,432,01,6,1,100
D,1055639200,1104,1252,1,-1164,326,-282,-276,255,283,432,01,6,1,100
D,1055640269,1069,1253,1,-1165,394,-282,-276,255,283,431,01,6,1,100
D,1055641138,869,1254,1,-1166,265,-282,-277,255,283,430,01,6,1,100
D,1055642152,1014,1256,2,-1168,283,-282,-284,255,283,428,01,6,1,100
D,1055643215,1063,1257,1,-1169,333,-282,-284,255,283,427,01,6,1,100
D,1055644129,914,1258,1,-1170,249,-282,-284,255,283,426,01,6,1,100
D,1055645139,1010,1259,1,-1171,263,-282,-285,255,283,425,01,6,1,100
D,1055646116,977,1260,1,-1172,240,-282,-276,255,283,425,01,6,1,100
D,1055647173,1057,1262,2,-1174,293,-282,-284,255,283,423,01,6,2,2200
D,1055648164,991,1263,1,-1175,290,-282,-284,255,283,422,01,6,2,2200
D,1055649146,982,1264,1,-1176,266,-282,-283,255,283,421,01,6,2,2200
D,1055650266,1120,1267,3,-1179,388,-283,-301,255,283,418,01,6,2,2200
D,1055651129,863,1270,3,-1182,250,-284,-316,255,283,416,01,6,2,2200
D,1055652119,990,1276,6,-1188,246,-287,-355,247,283,410,01,6,2,2200
D,1055653086,967,1288,12,-1200,218,-293,-442,247,283,400,01,6,2,2200
D,1055654102,1016,1305,17,-1217,227,-303,-561,247,283,385,01,6,2,2200
D,1055655127,1025,1314,9,-1226,257,-316,-622,247,283,377,01,6,2,2200
D,1055656080,953,1312,-2,-1224,213,-327,-600,247,283,379,81,6,2,2200
D,1055657082,1002,1306,-6,-1218,209,-335,-544,247,283,384,01,6,2,2200
D,1055658099,1017,1305,-1,-1217,228,-343,-530,247,283,385,01,6,2,2200
D,1055659206,1107,1308,3,-1220,331,-352,-552,247,283,382,81,6,2,2200
D,1055660252,1046,1310,2,-1222,380,-360,-549,247,283,381,01,6,2,2200
D,1055661162,910,1309,-1,-1221,280,-367,-536,247,283,381,01,6,2,2200
D,1055662136,974,1309,0,-1221,267,-373,-528,247,283,381,01,6,2,2200
D,1055663153,1017,1310,1,-1222,281,-379,-528,247,281,381,01,6,2,2200
D,1055664127,974,1311,1,-1223,253,-385,-528,247,281,380,01,6,2,2200
D,1055665146,1019,1312,1,-1224,269,-390,-528,247,281,379,01,6,2,2200
D,1055666132,986,1312,0,-1224,259,-395,-512,247,281,379,01,6,2,2200
D,1055667145,1013,1311,-1,-1223,269,-399,-496,247,281,380,01,6,2,2200
D,1055668134,989,1312,1,-1224,261,-403,-496,247,279,379,01,6,2,2200
D,1055669146,1012,1312,0,-1224,278,-406,-480,247,279,379,01,6,2,2200
D,1055670293,1147,1313,1,-1225,410,-409,-488,247,279,378,01,6,2,2200
D,1055671131,838,1313,0,-1225,252,-412,-475,247,279,378,01,6,2,2200
D,1055672082,951,1313,0,-1225,210,-414,-465,247,279,378,01,6,2,2200
D,1055673084,1002,1313,0,-1225,209,-415,-450,247,279,378,01,6,2,2200
D,1055674098,1014,1313,0,-1225,228,-416,-443,247,277,378,01,6,2,2200
D,1055675130,1032,1314,1,-1226,252,-417,-441,247,277,377,01,6,2,2200
D,1055676090,960,1314,0,-1226,214,-418,-434,247,277,377,01,6,2,2200
D,1055677116,1026,1314,0,-1226,238,-418,-425,235,277,377,01,6,2,2200
D,1055678104,988,1314,0,-1226,237,-418,-410,235,277,377,01,6,2,2200
D,1055679204,1100,1315,1,-1227,321,-418,-414,235,274,376,01,6,2,2200
D,1055680257,1053,1315,0,-1227,387,-417,-400,235,274,376,01,6,2,2200
D,1055681145,888,1315,0,-1227,267,-415,-366,235,274,376,01,6,2,2200
D,1055682197,1052,1315,0,-1227,317,-411,-317,235,274,376,01,6,2,2200
D,1055683207,1010,1316,1,-1228,334,-404,-227,235,274,375,01,6,2,2200
D,1055684129,922,1316,0,-1228,256,-392,-89,235,274,375,01,6,2,2200
D,1055685144,1015,1316,0,-1228,275,-377,-16,235,272,375,01,6,2,2200
D,1055686138,994,1316,0,-1228,260,-364,-32,235,272,375,01,6,2,2200
D,1055687176,1038,1316,0,-1228,307,-352,-81,235,272,375,01,6,2,2200
D,1055688171,995,1316,0,-1228,288,-342,-89,223,272,375,01,6,2,2200
D,1055689127,956,1316,0,-1228,259,-333,-87,223,272,375,01,6,2,2200
D,1055690202,1075,1317,1,-1229,328,-322,-71,223,272,374,01,6,2,2200
D,1055691113,911,1317,0,-1229,232,-312,-55,223,269,374,01,6,2,2200
D,1055692079,966,1317,0,-1229,208,-303,-63,223,269,374,01,6,2,2200
D,1055693080,1001,1317,0,-1229,208,-293,-63,223,269,374,01,6,2,2200
D,1055694099,1019,1317,0,-1229,220,-284,-55,223,269,374,01,6,2,2200
D,1055695137,1038,1318,1,-1230,263,-274,-55,223,269,374,01,6,2,2200
D,1055696080,943,1318,0,-1230,212,-266,-47,223,269,374,01,6,2,2200
D,1055697075,995,1318,0,-1230,208,-258,-47,223,270,374,01,6,2,2200
D,1055698093,1018,1318,0,-1230,218,-249,-55,223,270,374,01,6,2,2200
D,1055699214,1121,1318,0,-1230,333,-241,-49,223,270,374,01,6,2,2200
D,1055700243,1029,1319,1,-1231,373,-233,-55,223,270,373,01,6,2,2200
D,1055701149,906,1319,0,-1231,275,-227,-49,223,270,373,01,6,2,2200
D,1055702198,1049,1319,0,-1231,317,-219,-49,223,269,373,01,6,2,2200
D,1055703172,974,1319,0,-1231,290,-213,-49,223,269,373,01,6,2,2200
D,1055704111,939,1319,0,-1231,239,-207,-49,223,269,373,01,6,2,2200
D,1055705154,1043,1320,1,-1232,275,-200,-49,223,269,372,01,6,2,2200
D,1055706118,964,1320,0,-1232,249,-195,-49,223,269,372,01,6,2,2200
D,1055707220,1102,1320,0,-1232,341,-188,-49,223,269,372,01,6,2,2200
D,1055708142,922,1320,0,-1232,268,-183,-49,223,267,372,01,6,2,2200
D,1055709122,980,1320,0,-1232,254,-178,-47,223,267,372,01,6,2,2200
D,1055710284,1162,1321,1,-1233,402,-172,-49,223,267,371,01,6,2,2200
D,1055711119,835,1321,0,-1233,251,-168,-47,223,267,371,01,6,2,2200
D,1055712083,964,1321,0,-1233,208,-163,-47,223,267,371,01,6,2,2200
D,1055713086,1003,1321,0,-1233,208,-159,-47,223,267,371,01,6,2,2200
D,1055714085,999,1321,0,-1233,211,-154,-40,223,264,371,01,6,2,2200
D,1055715093,1008,1322,1,-1234,219,-150,-47,223,264,370,01,6,2,2200
D,1055716086,993,1322,0,-1234,209,-146,-47,223,264,370,01,6,2,2200
D,1055717079,993,1322,0,-1234,209,-142,-47,223,264,370,01,6,2,2200
D,1055718092,1013,1322,0,-1234,220,-138,-47,223,264,370,01,6,2,2200
D,1055719187,1095,1322,0,-1234,315,-135,-49,223,264,370,01,6,2,2200
D,1055720283,1096,1323,1,-1235,410,-131,-49,223,262,369,01,6,2,2200
D,1055721144,861,1323,0,-1235,266,-128,-49,223,262,369,01,6,2,2200
D,1055722184,1040,1323,0,-1235,305,-125,-49,223,262,369,01,6,2,2200
D,1055723214,1030,1323,0,-1235,334,-122,-49,223,262,369,01,6,2,2200
D,1055724115,901,1324,1,-1236,240,-119,-57,223,262,368,01,6,2,2200
D,1055725138,1023,1324,0,-1236,258,-117,-49,223,262,368,01,6,2,2200
D,1055726129,991,1324,0,-1236,261,-114,-49,223,262,368,01,6,2,2200
D,1055727235,1106,1324,0,-1236,366,-111,-49,114,262,368,01,6,2,2200
D,1055728151,916,1324,0,-1236,268,-109,-49,114,262,368,01,6,2,2200
D,1055729128,977,1325,1,-1237,258,-107,-55,114,262,367,01,6,2,2200
D,1055730189,1061,1325,0,-1237,320,-105,-55,114,262,367,01,6,2,2200
D,1055731094,905,1325,0,-1237,223,-103,-47,114,262,367,01,6,2,2200
D,1055732083,989,1325,0,-1237,207,-101,-47,114,262,367,01,6,2,2200
D,1055733078,995,1325,0,-1237,207,-98,-47,114,262,367,01,6,2,2200
D,1055734095,1017,1326,1,-1238,220,-97,-55,114,262,367,01,6,2,2200
D,1055735140,1045,1326,0,-1238,264,-95,-55,114,262,367,01,6,2,2200
D,1055736096,956,1326,0,-1238,220,-93,-47,114,262,367,01,6,2,2200
D,1055737077,981,1326,0,-1238,209,-91,-47,114,262,367,01,6,2,2200
D,1055738102,1025,1327,1,-1239,225,-90,-55,114,259,366,01,6,2,2200
D,1055739214,1112,1327,0,-1239,330,-89,-57,114,259,366,01,6,2,2200
D,1055740266,1052,1327,0,-1239,385,-87,-55,114,259,366,01,6,2,2200
D,1055741139,873,1327,0,-1239,264,-86,-49,114,259,366,01,6,2,2200
D,1055742129,990,1328,1,-1240,261,-85,-57,114,259,365,01,6,2,2200
D,1055743163,1034,1328,0,-1240,282,-84,-57,114,259,365,01,6,2,2200
D,1055744125,962,1328,0,-1240,243,-83,-57,114,257,365,01,6,2,2200
D,1055745143,1018,1328,0,-1240,267,-81,-49,114,257,365,01,6,2,2200
D,1055746131,988,1329,1,-1241,256,-80,-57,114,257,364,01,6,2,2200
D,1055747207,1076,1329,0,-1241,331,-79,-57,114,257,364,01,6,2,2200
D,1055748122,915,1329,0,-1241,253,-79,-57,114,257,364,01,6,2,2200
D,1055749134,1012,1329,0,-1241,265,-78,-55,114,257,364,01,6,2,2200
D,1055750276,1142,1330,1,-1242,397,-77,-63,114,254,363,01,6,2,2200
D,1055751132,856,1330,0,-1242,253,-76,-55,114,254,363,01,6,2,2200
D,1055752115,983,1330,0,-1242,240,-75,-55,76,254,363,01,6,2,2200
D,1055753089,974,1330,0,-1242,220,-75,-55,76,254,363,01,6,2,2200
D,1055754083,994,1330,0,-1242,214,-74,-55,76,254,363,01,6,2,2200
D,1055755093,1010,1330,0,-1242,225,-73,-47,76,254,363,01,6,2,2200
D,1055756083,990,1331,1,-1243,214,-72,-55,76,252,362,01,6,2,2200
D,1055757086,1003,1331,0,-1243,207,-71,-55,76,252,362,01,6,2,2200
D,1055758087,1001,1331,0,-1243,214,-71,-55,76,252,362,01,6,2,2200
D,1055759189,1102,1331,0,-1243,316,-70,-49,76,252,362,01,6,2,2200
D,1055760270,1081,1331,0,-1243,400,-69,-49,76,252,362,01,6,2,2200
D,1055761137,867,1332,1,-1244,264,-69,-57,76,252,361,01,6,2,2200
D,1055762144,1007,1332,0,-1244,276,-68,-57,76,249,361,01,6,2,2200
D,1055763211,1067,1332,0,-1244,344,-68,-57,76,249,361,01,6,2,2200
D,1055764112,901,1332,0,-1244,241,-67,-49,76,249,361,01,6,2,2200
D,1055765138,1026,1333,1,-1245,260,-66,-55,76,249,360,01,6,2,2200
D,1055766117,979,1333,0,-1245,240,-66,-57,76,249,360,01,6,2,2200
D,1055767148,1031,1333,0,-1245,266,-66,-57,76,249,360,01,6,2,2200
D,1055768149,1001,1333,0,-1245,273,-65,-49,76,246,360,01,6,2,2200
D,1055769131,982,1333,0,-1245,251,-64,-47,76,246,360,01,6,2,2200
D,1055770289,1158,1334,1,-1246,407,-64,-57,76,246,359,01,6,2,2200
D,1055771118,829,1334,0,-1246,244,-64,-55,76,246,359,01,6,2,2200
D,1055772079,961,1334,0,-1246,212,-63,-55,76,246,359,01,6,2,2200
D,1055773082,1003,1334,0,-1246,208,-63,-47,76,246,359,01,6,2,2200
D,1055774082,1000,1334,0,-1246,214,-62,-47,76,247,359,01,6,2,2200
D,1055775093,1011,1335,1,-1247,217,-62,-55,76,247,359,01,6,2,2200
D,1055776093,1000,1335,0,-1247,214,-62,-55,76,247,359,01,6,2,2200
D,1055777143,1050,1335,0,-1247,271,-61,-47,62,247,359,01,7,3,1650
D,1055778141,998,1335,0,-1247,268,-61,-49,62,247,359,01,7,3,1650
D,1055779195,1054,1336,1,-1248,325,-60,-57,62,247,358,01,7,3,1650
D,1055780229,1034,1337,1,-1249,349,-61,-63,62,247,357,01,7,3,1650
D,1055781159,930,1337,0,-1249,289,-60,-57,62,246,357,01,7,3,1650
D,1055782152,993,1337,0,-1249,284,-60,-57,62,246,357,01,7,3,1650
D,1055783218,1066,1337,0,-1249,335,-60,-57,62,246,357,01,7,3,1650
D,1055784116,898,1337,0,-1249,240,-60,-57,62,246,357,01,7,3,1650
D,1055785139,1023,1337,0,-1249,266,-60,-57,62,246,357,01,7,3,1650
D,1055786109,970,1338,1,-1250,239,-60,-57,62,246,356,01,7,3,1650
D,1055787150,1041,1338,0,-1250,281,-60,-57,62,244,356,01,7,3,1650
D,1055788109,959,1338,0,-1250,239,-60,-57,62,244,356,01,7,3,1650
D,1055789147,1038,1338,0,-1250,266,-59,-55,62,244,356,01,7,3,1650
D,1055790257,1110,1338,0,-1250,386,-59,-55,62,244,356,01,7,3,1650
D,1055791139,882,1338,0,-1250,267,-59,-49,62,244,356,01,7,3,1650
D,1055792095,956,1339,1,-1251,216,-59,-55,62,244,355,01,7,3,1650
D,1055793082,987,1339,0,-1251,209,-59,-55,62,244,355,01,7,3,1650
D,1055794083,1001,1339,0,-1251,216,-58,-55,62,241,355,01,7,3,1650
D,1055795088,1005,1339,0,-1251,217,-58,-55,62,241,355,01,7,3,1650
D,1055796090,1002,1339,0,-1251,214,-58,-47,62,241,355,01,7,3,1650
D,1055797078,988,1340,1,-1252,209,-58,-55,62,241,354,01,7,3,1650
D,1055798096,1018,1340,0,-1252,221,-58,-55,62,241,354,01,7,3,1650
D,1055799182,1086,1340,0,-1252,312,-58,-57,62,241,354,01,7,3,1650
D,1055800267,1085,1340,0,-1252,397,-58,-55,62,238,354,01,7,3,1650
D,1055801131,864,1340,0,-1252,260,-57,-49,62,238,354,01,7,3,1650
D,1055802185,1054,1341,1,-1253,316,-57,-57,62,238,353,01,7,3,1650
D,1055803219,1034,1341,0,-1253,348,-57,-57,62,238,353,01,7,3,1650
D,1055804128,909,1341,0,-1253,256,-57,-57,62,238,353,01,7,3,1650
D,1055805137,1009,1341,0,-1253,265,-57,-49,62,238,353,01,7,3,1650
D,1055806125,988,1341,0,-1253,252,-57,-49,62,235,353,01,7,3,1650
D,1055807170,1045,1342,1,-1254,289,-57,-57,62,235,352,01,7,3,1650
D,1055808155,985,1342,0,-1254,285,-57,-57,62,235,352,01,7,3,1650
D,1055809149,994,1342,0,-1254,272,-56,-55,62,235,352,01,7,3,1650
D,1055810288,1139,1342,0,-1254,404,-56,-41,62,235,352,01,7,3,1650
D,1055811121,833,1342,0,-1254,254,-55,-40,62,235,352,01,7,3,1650
D,1055812091,970,1342,0,-1254,212,-55,-39,62,235,352,01,7,3,1650
D,1055813080,989,1343,1,-1255,208,-54,-47,62,233,352,01,7,3,1650
D,1055814107,1027,1343,0,-1255,231,-54,-47,62,233,352,01,7,3,1650
D,1055815129,1022,1343,0,-1255,249,-54,-47,62,233,352,01,7,3,1650
D,1055816079,950,1343,0,-1255,211,-54,-47,62,233,352,01,7,3,1650
D,1055817086,1007,1343,0,-1255,210,-53,-39,62,233,352,01,7,3,1650
D,1055818107,1021,1343,0,-1255,228,-52,-39,62,233,352,01,7,3,1650
D,1055819189,1082,1343,0,-1255,310,-52,-41,62,230,352,01,7,3,1650
D,1055820273,1084,1344,1,-1256,401,-52,-49,62,230,351,01,7,3,1650
D,1055821143,870,1344,0,-1256,269,-52,-49,62,230,351,01,7,3,1650
D,1055822163,1020,1344,0,-1256,294,-51,-41,62,230,351,01,7,3,1650
D,1055823203,1040,1344,0,-1256,335,-51,-41,62,230,351,01,7,3,1650
D,1055824110,907,1345,1,-1257,241,-51,-49,62,230,350,01,7,3,1650
D,1055825141,1031,1345,0,-1257,261,-51,-49,62,230,350,01,7,3,1650
D,1055826151,1010,1345,0,-1257,270,-51,-49,62,227,350,01,7,3,1650
D,1055827165,1014,1345,0,-1257,297,-50,-41,62,227,350,01,7,3,1650
D,1055828157,992,1345,0,-1257,279,-50,-41,62,227,350,01,7,3,1650
D,1055829137,980,1346,1,-1258,260,-50,-47,62,227,349,01,7,3,1650
D,1055830290,1153,1346,0,-1258,410,-50,-49,62,227,349,01,7,3,1650
D,1055831135,845,1346,0,-1258,255,-50,-49,62,227,349,01,7,3,1650
D,1055832078,943,1346,0,-1258,210,-50,-47,62,227,349,01,7,3,1650
D,1055833089,1011,1346,0,-1258,210,-49,-39,62,224,349,01,7,3,1650
D,1055834096,1007,1347,1,-1259,214,-49,-47,62,224,348,01,7,3,1650
D,1055835107,1011,1347,0,-1259,228,-49,-47,62,224,348,01,7,3,1650
D,1055836078,971,1347,0,-1259,210,-49,-47,62,224,348,01,7,3,1650
D,1055837086,1008,1347,0,-1259,211,-49,-47,62,224,348,01,7,3,1650
D,1055838105,1019,1347,0,-1259,226,-49,-39,62,224,348,01,7,3,1650
D,1055839179,1074,1348,1,-1260,311,-49,-49,62,224,347,01,7,3,1650
D,1055840286,1107,1348,0,-1260,404,-48,-47,62,221,347,01,7,3,1650
D,1055841126,840,1348,0,-1260,257,-48,-49,62,221,347,01,7,3,1650
D,1055842163,1037,1348,0,-1260,290,-48,-49,62,221,347,01,7,3,1650
D,1055843214,1051,1348,0,-1260,341,-48,-41,62,221,347,01,7,3,1650
D,1055844141,927,1348,0,-1260,258,-48,-41,62,221,347,01,7,3,1650
D,1055845137,996,1349,1,-1261,266,-48,-49,62,221,346,01,7,3,1650
D,1055846127,990,1349,0,-1261,252,-48,-49,62,221,346,01,7,3,1650
D,1055847155,1028,1349,0,-1261,283,-48,-49,62,218,346,01,7,3,1650
D,1055848151,996,1349,0,-1261,275,-48,-49,62,218,346,01,7,3,1650
D,1055849138,987,1349,0,-1261,268,-48,-47,62,218,346,01,7,3,1650
D,1055850273,1135,1350,1,-1262,396,-48,-49,62,218,345,01,7,3,1650
D,1055851115,842,1350,0,-1262,247,-48,-47,62,218,345,01,7,3,1650
D,1055852120,1005,1350,0,-1262,242,-48,-47,62,218,345,01,7,3,1650
D,1055853096,976,1351,1,-1263,220,-48,-55,62,218,345,01,7,3,1650
D,1055854111,1015,1351,0,-1263,234,-48,-49,62,215,345,01,7,3,1650
D,1055855134,1023,1351,0,-1263,262,-48,-47,62,215,345,01,7,3,1650
D,1055856100,966,1351,0,-1263,221,-48,-47,62,215,345,01,7,3,1650
D,1055857095,995,1351,0,-1263,213,-48,-47,62,215,345,01,7,3,1650
D,1055858089,994,1351,0,-1263,217,-48,-47,62,215,345,01,7,3,1650
D,1055859184,1095,1351,0,-1263,313,-48,-41,62,215,345,01,7,3,1650
D,1055860280,1096,1351,0,-1263,401,-47,-39,62,215,345,01,7,3,1650
D,1055861142,862,1352,1,-1264,271,-47,-49,62,212,344,01,7,3,1650
D,1055862159,1017,1352,0,-1264,291,-48,-49,62,212,344,01,7,3,1650
D,1055863214,1055,1352,0,-1264,341,-48,-49,62,212,344,01,7,3,1650
D,1055864130,916,1352,0,-1264,255,-47,-41,62,212,344,01,7,3,1650
D,1055865143,1013,1352,0,-1264,264,-47,-41,62,212,344,01,7,3,1650
D,1055866111,968,1352,0,-1264,239,-47,-41,62,212,344,01,7,3,1650
D,1055867126,1015,1353,1,-1265,259,-47,-49,62,212,343,01,7,3,1650
D,1055868155,1029,1353,0,-1265,282,-47,-49,62,209,343,01,7,3,1650
D,1055869129,974,1353,0,-1265,259,-47,-47,62,209,343,01,7,3,1650
D,1055870195,1066,1353,0,-1265,318,-47,-39,62,209,343,01,7,3,1650
D,1055871089,894,1353,0,-1265,215,-46,-40,62,209,343,01,7,3,1650
D,1055872078,989,1354,1,-1266,211,-46,-47,62,209,342,01,7,3,1650
D,1055873080,1002,1354,0,-1266,209,-46,-47,62,209,342,01,7,3,1650
D,1055874090,1010,1354,0,-1266,213,-47,-47,62,209,342,01,7,3,1650
D,1055875085,995,1354,0,-1266,218,-47,-47,62,209,342,01,7,3,1650
D,1055876092,1007,1355,1,-1267,213,-47,-47,62,206,341,01,7,3,1650
D,1055877114,1022,1355,0,-1267,238,-47,-47,62,206,341,01,7,3,1650
D,1055878095,981,1355,0,-1267,227,-47,-47,62,206,341,01,7,3,1650
D,1055879204,1109,1355,0,-1267,329,-47,-49,62,206,341,01,7,3,1650
D,1055880232,1028,1355,0,-1267,353,-47,-47,62,206,341,01,7,3,1650
D,1055881162,930,1355,0,-1267,281,-47,-41,62,206,341,01,7,3,1650
D,1055882164,1002,1355,0,-1267,286,-46,-41,62,206,341,01,7,3,1650
D,1055883159,995,1356,1,-1268,284,-46,-41,62,202,340,01,7,3,1650
D,1055884140,981,1356,0,-1268,261,-46,-41,62,202,340,01,7,3,1650
D,1055885134,994,1356,0,-1268,262,-46,-41,62,202,340,01,7,3,1650
D,1055886185,1051,1356,0,-1268,302,-45,-41,62,202,340,01,7,3,1650
D,1055887199,1014,1356,0,-1268,318,-45,-41,62,202,340,01,7,3,1650
D,1055888156,957,1357,1,-1269,279,-45,-49,62,202,339,01,7,3,1650
D,1055889142,986,1357,0,-1269,265,-45,-47,62,202,339,01,7,3,1650
D,1055890199,1057,1357,0,-1269,320,-46,-47,62,202,339,01,7,3,1650
D,1055891103,904,1357,0,-1269,226,-46,-48,62,199,339,01,7,3,1650
D,1055892084,981,1357,0,-1269,214,-45,-39,62,199,339,01,7,3,1650
D,1055893088,1004,1357,0,-1269,208,-45,-39,62,199,339,01,7,3,1650
D,1055894090,1002,1358,1,-1270,221,-45,-47,62,199,338,01,7,3,1650
D,1055895132,1042,1358,0,-1270,259,-45,-47,62,199,338,01,7,3,1650
D,1055896101,969,1358,0,-1270,219,-45,-47,62,199,338,01,7,3,1650
D,1055897095,994,1358,0,-1270,214,-45,-47,62,199,338,01,7,3,1650
D,1055898092,997,1358,0,-1270,219,-45,-39,62,199,338,01,7,3,1650
D,1055899215,1123,1358,0,-1270,331,-45,-41,62,196,338,01,7,3,1650
D,1055900273,1058,1358,0,-1270,397,-45,-41,62,196,338,01,7,3,1650
D,1055901159,886,1358,0,-1270,278,-45,-41,62,196,338,01,7,3,1650
D,1055902207,1048,1358,0,-1270,334,-44,-32,62,196,338,01,7,3,1650
D,1055903216,1009,1359,1,-1271,341,-44,-41,62,196,338,01,7,3,1650
D,1055904121,905,1359,0,-1271,245,-44,-41,62,196,338,01,7,3,1650
D,1055905156,1035,1359,0,-1271,275,-44,-41,62,196,338,01,7,3,1650
D,1055906100,944,1359,0,-1271,231,-43,-33,62,196,338,01,7,3,1650
D,1055907158,1058,1359,0,-1271,279,-43,-33,62,192,338,01,7,3,1650
D,1055908153,995,1359,0,-1271,276,-43,-32,62,192,338,01,7,3,1650
D,1055909108,955,1360,1,-1272,238,-42,-39,62,192,337,01,7,3,1650
D,1055910192,1084,1360,0,-1272,310,-42,-39,62,192,337,01,7,3,1650
D,1055911101,909,1360,0,-1272,225,-42,-40,62,192,337,01,7,3,1650
D,1055912080,979,1360,0,-1272,212,-42,-39,62,192,337,01,7,3,1650
D,1055913081,1001,1360,0,-1272,208,-42,-39,62,192,337,01,7,3,1650
D,1055914092,1011,1360,0,-1272,214,-42,-32,62,192,337,01,7,3,1650
D,1055915093,1001,1360,0,-1272,217,-41,-32,62,189,337,01,7,3,1650
D,1055916080,987,1361,1,-1273,213,-41,-39,62,189,336,01,7,3,1650
D,1055917083,1003,1361,0,-1273,208,-41,-40,62,189,336,01,7,3,1650
D,1055918105,1022,1361,0,-1273,225,-41,-39,62,189,336,01,7,3,1650
D,1055919205,1100,1361,0,-1273,335,-41,-32,62,189,336,01,7,3,1650
D,1055920247,1042,1361,0,-1273,361,-40,-33,62,189,336,01,7,3,1650
D,1055921159,912,1361,0,-1273,282,-40,-32,62,189,336,01,7,3,1650
D,1055922152,993,1362,1,-1274,278,-40,-41,62,189,335,01,7,3,1650
D,1055923150,998,1362,0,-1274,278,-40,-41,62,185,335,01,7,3,1650
D,1055924139,989,1362,0,-1274,268,-40,-32,62,185,335,01,7,3,1650
D,1055925130,991,1362,0,-1274,259,-39,-31,62,185,335,01,7,3,1650
D,1055926183,1053,1362,0,-1274,302,-39,-32,62,185,335,01,7,3,1650
D,1055927247,1064,1362,0,-1274,364,-39,-32,39,185,335,01,7,3,1650
D,1055928139,892,1362,0,-1274,264,-39,-33,39,185,335,01,7,3,1650
D,1055929141,1002,1363,1,-1275,263,-39,-39,39,185,334,01,7,3,1650
D,1055930198,1057,1363,0,-1275,319,-39,-39,39,185,334,01,7,3,1650
D,1055931102,904,1363,0,-1275,226,-39,-40,39,182,334,01,7,3,1650
D,1055932090,988,1363,0,-1275,214,-39,-39,39,182,334,01,7,3,1650
D,1055933079,989,1363,0,-1275,208,-39,-40,39,182,334,01,7,3,1650
D,1055934102,1023,1363,0,-1275,225,-38,-32,39,182,334,01,7,3,1650
D,1055935137,1035,1363,0,-1275,264,-38,-31,39,182,334,01,7,3,1650
D,1055936104,967,1364,1,-1276,224,-38,-41,39,182,333,01,7,3,1650
D,1055937082,978,1364,0,-1276,209,-38,-39,39,182,333,01,7,3,1650
D,1055938100,1018,1364,0,-1276,221,-38,-39,39,182,333,01,7,3,1650
D,1055939204,1104,1364,0,-1276,336,-38,-32,39,178,333,01,7,3,1650
D,1055940275,1071,1364,0,-1276,395,-38,-32,39,178,333,01,7,3,1650
D,1055941158,883,1364,0,-1276,276,-38,-32,39,178,333,01,7,3,1650
D,1055942153,995,1364,0,-1276,280,-38,-32,39,178,333,01,7,3,1650
D,1055943155,1002,1364,0,-1276,281,-37,-32,39,178,333,01,7,3,1650
D,1055944133,978,1364,0,-1276,259,-37,-33,39,178,333,01,7,3,1650
D,1055945141,1008,1364,0,-1276,261,-37,-33,39,178,333,01,7,3,1650
D,1055946150,1009,1365,1,-1277,267,-37,-32,39,178,332,01,7,3,1650
D,1055947128,978,1365,0,-1277,250,-37,-33,39,178,332,01,7,3,1650
D,1055948139,1011,1365,0,-1277,271,-36,-33,39,174,332,01,7,3,1650
D,1055949133,994,1365,0,-1277,257,-36,-31,39,174,332,01,7,3,1650
D,1055950281,1148,1365,0,-1277,403,-36,-33,39,174,332,01,7,3,1650
D,1055951134,853,1366,1,-1278,256,-36,-40,39,174,331,01,7,3,1650
D,1055952116,982,1366,0,-1278,237,-36,-39,39,174,331,01,7,3,1650
D,1055953096,980,1366,0,-1278,220,-36,-32,39,174,331,01,7,3,1650
D,1055954090,994,1366,0,-1278,217,-36,-32,39,174,331,01,7,3,1650
D,1055955101,1011,1366,0,-1278,227,-36,-32,39,174,331,01,7,3,1650
D,1055956087,986,1366,0,-1278,209,-36,-32,39,174,331,01,7,3,1650
D,1055957095,1008,1366,0,-1278,215,-35,-32,39,170,331,01,7,3,1650
D,1055958103,1008,1366,0,-1278,231,-35,-32,39,170,331,01,7,3,1650
D,1055959204,1101,1367,1,-1279,330,-35,-32,39,170,330,01,7,3,1650
D,1055960258,1054,1367,0,-1279,383,-35,-32,39,170,330,01,7,3,1650
D,1055961147,889,1367,0,-1279,276,-35,-33,39,170,330,01,7,3,1650
D,1055962157,1010,1367,0,-1279,284,-35,-32,39,170,330,01,7,3,1650
D,1055963166,1009,1367,0,-1279,288,-35,-32,39,170,330,01,7,3,1650
D,1055964146,980,1368,1,-1280,271,-35,-41,39,170,330,01,7,3,1650
D,1055965148,1002,1368,0,-1280,268,-35,-41,39,170,330,01,7,3,1650
D,1055966183,1035,1368,0,-1280,312,-35,-32,39,166,330,01,7,3,1650
D,1055967199,1016,1368,0,-1280,315,-35,-32,39,166,330,01,7,3,1650
D,1055968151,952,1368,0,-1280,271,-35,-32,39,166,330,01,7,3,1650
D,1055969109,958,1368,0,-1280,242,-35,-31,39,166,330,01,7,3,1650
D,1055970196,1087,1368,0,-1280,322,-35,-32,39,166,330,01,7,3,1650
D,1055971100,904,1369,1,-1281,226,-35,-40,39,166,329,01,7,3,1650
D,1055972084,984,1369,0,-1281,211,-35,-39,39,166,329,01,7,3,1650
D,1055973085,1001,1369,0,-1281,209,-35,-39,39,166,329,01,7,3,1650
D,1055974106,1021,1369,0,-1281,224,-35,-39,39,166,329,01,7,3,1650
D,1055975101,995,1369,0,-1281,219,-36,-39,39,162,329,01,7,3,1650
# DIAG n=2304 wrapped=1 frozen=1
SPIN#2 START dir=-1 omega=-0.176 wedge=1
SPIN#2 FAULT ACTIVE (MOTOR_FIGHT): spin will NOT be controlled
SPIN#2 SUMMARY dir=-1 peak=0.176 releaseMs=0 relAngle=0.0 relSpeed=0.000 targetW=-1 targetAngle=0.0 runway=0.0 natStop=0.0 fricC=0.5500 fricB=0.2800 tkSpeed=0.000 cmdMax=0.000 cmdMin=0.000 rise=0.000 maxDecel=0.000 final=330.5 finalW=11 err=0.0 quality=0 result=CONTROL_LOCKED fault=MOTOR_FIGHT fitRej=0 fitsCW=0 fitsCCW=0

[HOST 2026-09-18T11:51:26.245] Serial capture ended

[HOST 2026-09-18T11:52:34.232] Serial opened; DTR/RTS false; lease 3600 seconds

[HOST 2026-09-18T11:52:36.273] TX r
# S2: driver config re-applied and verified
# fault cleared; tmc=1 dirCal=1
SPIN#1 START dir=-1 omega=-0.207 wedge=1
SPIN#1 RELEASE speed=0.379 peak=0.412 angle=240.4
SPIN#1 RESERVE targetW=2 targetAngle=74.5 runway=165.9 natStop=167.9 speed=0.379 q=3 urgent=0
SPIN#1 CAPTURE fasDir=+1 wheel=0.371 cmd0=0.352 hz=1126 aPlan=0.1438(460 sps2) aFas=3680 remain=155.2
FAULT code=MOTOR_FIGHT detail=wheel far below field speed state=CONTROLLED_DECEL angle=202.1 wedge=6 omega=-0.056 cmd=0.067
SPIN#1 SUMMARY dir=-1 peak=0.412 releaseMs=1188 relAngle=240.4 relSpeed=0.379 targetW=2 targetAngle=74.5 runway=165.9 natStop=167.9 fricC=0.5500 fricB=0.2800 tkSpeed=0.371 cmdMax=0.352 cmdMin=0.067 rise=0.118 maxDecel=9.100 final=29.8 finalW=0 err=44.7 quality=3 result=FAULTED fault=MOTOR_FIGHT fitRej=0 fitsCW=0 fitsCCW=0
SPIN#2 START dir=+1 omega=0.154 wedge=4
SPIN#2 FAULT ACTIVE (MOTOR_FIGHT): spin will NOT be controlled
SPIN#2 SUMMARY dir=+1 peak=0.154 releaseMs=0 relAngle=0.0 relSpeed=0.000 targetW=-1 targetAngle=0.0 runway=0.0 natStop=0.0 fricC=0.5500 fricB=0.2800 tkSpeed=0.000 cmdMax=0.000 cmdMin=0.000 rise=0.000 maxDecel=0.000 final=341.8 finalW=11 err=0.0 quality=0 result=CONTROL_LOCKED fault=MOTOR_FIGHT fitRej=0 fitsCW=0 fitsCCW=0

[HOST 2026-09-18T12:25:09.246] Serial capture ended

[HOST 2026-09-18T12:26:51.383] Serial opened; DTR/RTS false; lease 3600 seconds
[CAPTURE] omega=0.452 rev/s  dir=-1  (posSign=-1)
[BRAKE] jump-start hz=1445, current=2300 mA, decel=28000 sps2 - GO
t=   1ms  wheel= +0.496 rev/s  fas=    +0 Hz (0.000 rev/s)
[DONE] total 13 ms, final wheel omega=-0.349 rev/s
=== ready for another spin ===
[WAIT] spin the wheel now
[CAPTURE] omega=0.557 rev/s  dir=-1  (posSign=-1)
[BRAKE] jump-start hz=1783, current=2300 mA, decel=28000 sps2 - GO
t=   1ms  wheel= +0.520 rev/s  fas=    +0 Hz (0.000 rev/s)
[DONE] total 13 ms, final wheel omega=0.987 rev/s
=== ready for another spin ===
[WAIT] spin the wheel now
[CAPTURE] omega=0.540 rev/s  dir=-1  (posSign=-1)
[BRAKE] jump-start hz=1727, current=2300 mA, decel=28000 sps2 - GO
t=   1ms  wheel= +0.522 rev/s  fas=    +0 Hz (0.000 rev/s)
[DONE] total 13 ms, final wheel omega=0.267 rev/s
=== ready for another spin ===
[WAIT] spin the wheel now
[CAPTURE] omega=0.483 rev/s  dir=-1  (posSign=-1)
[BRAKE] jump-start hz=1545, current=2300 mA, decel=28000 sps2 - GO
t=   1ms  wheel= +0.446 rev/s  fas=    +0 Hz (0.000 rev/s)
[DONE] total 13 ms, final wheel omega=-0.267 rev/s
=== ready for another spin ===
[WAIT] spin the wheel now
[CAPTURE] omega=0.398 rev/s  dir=-1  (posSign=-1)
[BRAKE] jump-start hz=1273, current=2300 mA, decel=28000 sps2 - GO
t=   1ms  wheel= +0.372 rev/s  fas=    +0 Hz (0.000 rev/s)
[DONE] total 13 ms, final wheel omega=0.658 rev/s
=== ready for another spin ===
[WAIT] spin the wheel now
[CAPTURE] omega=0.363 rev/s  dir=-1  (posSign=-1)
[BRAKE] jump-start hz=1160, current=2300 mA, decel=28000 sps2 - GO
t=   1ms  wheel= +0.371 rev/s  fas=    +0 Hz (0.000 rev/s)
[DONE] total 13 ms, final wheel omega=0.329 rev/s
=== ready for another spin ===
[WAIT] spin the wheel now
[CAPTURE] omega=0.373 rev/s  dir=-1  (posSign=-1)
[BRAKE] jump-start hz=1193, current=2300 mA, decel=28000 sps2 - GO
t=   1ms  wheel= +0.372 rev/s  fas=    +0 Hz (0.000 rev/s)
[DONE] total 13 ms, final wheel omega=0.967 rev/s
=== ready for another spin ===
[WAIT] spin the wheel now
[CAPTURE] omega=0.291 rev/s  dir=-1  (posSign=-1)
[BRAKE] jump-start hz=931, current=2300 mA, decel=28000 sps2 - GO
t=   1ms  wheel= +0.223 rev/s  fas=    +0 Hz (0.000 rev/s)
[DONE] total 13 ms, final wheel omega=0.802 rev/s
=== ready for another spin ===
[WAIT] spin the wheel now
[CAPTURE] omega=0.281 rev/s  dir=-1  (posSign=-1)
[BRAKE] jump-start hz=899, current=2300 mA, decel=28000 sps2 - GO
t=   1ms  wheel= +0.223 rev/s  fas=    +0 Hz (0.000 rev/s)
[DONE] total 13 ms, final wheel omega=-0.103 rev/s
=== ready for another spin ===
[WAIT] spin the wheel now
[CAPTURE] omega=0.129 rev/s  dir=-1  (posSign=-1)
[BRAKE] jump-start hz=411, current=2300 mA, decel=28000 sps2 - GO
t=   1ms  wheel= +0.074 rev/s  fas=    +0 Hz (0.000 rev/s)
[DONE] total 13 ms, final wheel omega=0.288 rev/s
=== ready for another spin ===
[WAIT] spin the wheel now
[CAPTURE] omega=0.143 rev/s  dir=-1  (posSign=-1)
[BRAKE] jump-start hz=458, current=2300 mA, decel=28000 sps2 - GO
t=   1ms  wheel= +0.223 rev/s  fas=    +0 Hz (0.000 rev/s)
[DONE] total 13 ms, final wheel omega=0.494 rev/s
=== ready for another spin ===
[WAIT] spin the wheel now

[HOST 2026-09-18T12:35:59.683] Serial capture ended

[HOST 2026-09-18T12:36:56.844] Serial opened; DTR/RTS false; lease 3600 seconds
[CAPTURE] omega=0.350 rev/s  dir=-1  (posSign=-1)
[BRAKE] jump-start hz=1120, current=2300 mA, decel=3200 sps2 - GO
t=   1ms  wheel= +0.425 rev/s  fas=    +0 Hz (0.000 rev/s)
[DONE] total 13 ms, final wheel omega=-0.206 rev/s
=== ready for another spin ===
[WAIT] spin the wheel now
[CAPTURE] omega=0.332 rev/s  dir=-1  (posSign=-1)
[BRAKE] jump-start hz=1060, current=2300 mA, decel=3200 sps2 - GO
t=   1ms  wheel= +0.369 rev/s  fas=    +0 Hz (0.000 rev/s)
[DONE] total 13 ms, final wheel omega=0.082 rev/s
=== ready for another spin ===
[WAIT] spin the wheel now
[CAPTURE] omega=0.307 rev/s  dir=-1  (posSign=-1)
[BRAKE] jump-start hz=983, current=2300 mA, decel=3200 sps2 - GO
t=   1ms  wheel= +0.297 rev/s  fas=    +0 Hz (0.000 rev/s)
[DONE] total 13 ms, final wheel omega=-0.288 rev/s
=== ready for another spin ===
[WAIT] spin the wheel now
[CAPTURE] omega=0.278 rev/s  dir=-1  (posSign=-1)
[BRAKE] jump-start hz=888, current=2300 mA, decel=3200 sps2 - GO
t=   1ms  wheel= +0.296 rev/s  fas=    +0 Hz (0.000 rev/s)
[DONE] total 13 ms, final wheel omega=-0.490 rev/s
=== ready for another spin ===
[WAIT] spin the wheel now
[CAPTURE] omega=0.228 rev/s  dir=-1  (posSign=-1)
[BRAKE] jump-start hz=729, current=2300 mA, decel=3200 sps2 - GO
t=   1ms  wheel= +0.223 rev/s  fas=    +0 Hz (0.000 rev/s)
[DONE] total 13 ms, final wheel omega=-0.412 rev/s
=== ready for another spin ===
[WAIT] spin the wheel now
[CAPTURE] omega=0.191 rev/s  dir=-1  (posSign=-1)
[BRAKE] jump-start hz=610, current=2300 mA, decel=3200 sps2 - GO
t=   1ms  wheel= +0.222 rev/s  fas=    +0 Hz (0.000 rev/s)
[DONE] total 13 ms, final wheel omega=0.490 rev/s
=== ready for another spin ===
[WAIT] spin the wheel now
[CAPTURE] omega=0.226 rev/s  dir=-1  (posSign=-1)
[BRAKE] jump-start hz=722, current=2300 mA, decel=3200 sps2 - GO
t=   1ms  wheel= +0.223 rev/s  fas=    +0 Hz (0.000 rev/s)
[DONE] total 13 ms, final wheel omega=-0.165 rev/s
=== ready for another spin ===
[WAIT] spin the wheel now
[CAPTURE] omega=0.313 rev/s  dir=-1  (posSign=-1)
[BRAKE] jump-start hz=1001, current=2300 mA, decel=3200 sps2 - GO
t=   1ms  wheel= +0.370 rev/s  fas=    +0 Hz (0.000 rev/s)
[DONE] total 13 ms, final wheel omega=0.981 rev/s
=== ready for another spin ===
[WAIT] spin the wheel now
[CAPTURE] omega=0.383 rev/s  dir=-1  (posSign=-1)
[BRAKE] jump-start hz=1225, current=2300 mA, decel=3200 sps2 - GO
t=   1ms  wheel= +0.371 rev/s  fas=    +0 Hz (0.000 rev/s)
[DONE] total 13 ms, final wheel omega=0.782 rev/s
=== ready for another spin ===
[WAIT] spin the wheel now
[CAPTURE] omega=0.295 rev/s  dir=-1  (posSign=-1)
[BRAKE] jump-start hz=944, current=2300 mA, decel=3200 sps2 - GO
t=   1ms  wheel= +0.222 rev/s  fas=    +0 Hz (0.000 rev/s)
[DONE] total 13 ms, final wheel omega=0.879 rev/s
=== ready for another spin ===
[WAIT] spin the wheel now
[CAPTURE] omega=0.265 rev/s  dir=-1  (posSign=-1)
[BRAKE] jump-start hz=848, current=2300 mA, decel=3200 sps2 - GO
t=   1ms  wheel= +0.223 rev/s  fas=    +0 Hz (0.000 rev/s)
[DONE] total 13 ms, final wheel omega=-0.700 rev/s
=== ready for another spin ===
[WAIT] spin the wheel now
[CAPTURE] omega=0.201 rev/s  dir=-1  (posSign=-1)
[BRAKE] jump-start hz=643, current=2300 mA, decel=3200 sps2 - GO
t=   1ms  wheel= +0.222 rev/s  fas=    +0 Hz (0.000 rev/s)
[DONE] total 13 ms, final wheel omega=0.736 rev/s
=== ready for another spin ===
[WAIT] spin the wheel now
[CAPTURE] omega=0.240 rev/s  dir=-1  (posSign=-1)
[BRAKE] jump-start hz=769, current=2300 mA, decel=3200 sps2 - GO
t=   1ms  wheel= +0.223 rev/s  fas=    +0 Hz (0.000 rev/s)
[DONE] total 13 ms, final wheel omega=0.659 rev/s
=== ready for another spin ===
[WAIT] spin the wheel now
[CAPTURE] omega=0.143 rev/s  dir=-1  (posSign=-1)
[BRAKE] jump-start hz=456, current=2300 mA, decel=3200 sps2 - GO
t=   1ms  wheel= +0.074 rev/s  fas=    +0 Hz (0.000 rev/s)
[DONE] total 13 ms, final wheel omega=0.245 rev/s
=== ready for another spin ===
[WAIT] spin the wheel now
[CAPTURE] omega=0.139 rev/s  dir=-1  (posSign=-1)
[BRAKE] jump-start hz=446, current=2300 mA, decel=3200 sps2 - GO
t=   1ms  wheel= +0.074 rev/s  fas=    +0 Hz (0.000 rev/s)
[DONE] total 13 ms, final wheel omega=0.021 rev/s
=== ready for another spin ===
[WAIT] spin the wheel now

[HOST 2026-09-18T12:40:07.718] Serial capture ended

[HOST 2026-09-18T12:41:03.783] Serial opened; DTR/RTS false; lease 3600 seconds
[CAPTURE] omega=0.375 rev/s  dir=-1  (posSign=-1)
[BRAKE] jump-start hz=1199 jumpStep=224, current=2300 mA, decel=3200 sps2 - GO
t= 301ms  wheel= +0.000 rev/s  fas= +1002 Hz (0.313 rev/s)
t= 321ms  wheel= -0.074 rev/s  fas=  +988 Hz (0.309 rev/s)
t= 341ms  wheel= -0.049 rev/s  fas=  +974 Hz (0.304 rev/s)
t= 361ms  wheel= -0.061 rev/s  fas=  +961 Hz (0.300 rev/s)
t= 381ms  wheel= -0.073 rev/s  fas=  +953 Hz (0.298 rev/s)
t= 401ms  wheel= -0.061 rev/s  fas=  +938 Hz (0.293 rev/s)
t= 421ms  wheel= -0.049 rev/s  fas=  +925 Hz (0.289 rev/s)
t= 441ms  wheel= -0.061 rev/s  fas=  +910 Hz (0.284 rev/s)
t= 461ms  wheel= -0.061 rev/s  fas=  +900 Hz (0.281 rev/s)
t= 481ms  wheel= -0.061 rev/s  fas=  +886 Hz (0.277 rev/s)
t= 501ms  wheel= -0.061 rev/s  fas=  +876 Hz (0.274 rev/s)
t= 521ms  wheel= -0.049 rev/s  fas=  +860 Hz (0.269 rev/s)
t= 541ms  wheel= -0.061 rev/s  fas=  +848 Hz (0.265 rev/s)
t= 561ms  wheel= -0.061 rev/s  fas=  +834 Hz (0.261 rev/s)
t= 581ms  wheel= -0.049 rev/s  fas=  +823 Hz (0.257 rev/s)
t= 601ms  wheel= -0.049 rev/s  fas=  +811 Hz (0.253 rev/s)
t= 621ms  wheel= -0.049 rev/s  fas=  +799 Hz (0.250 rev/s)
t= 641ms  wheel= -0.061 rev/s  fas=  +783 Hz (0.245 rev/s)
t= 661ms  wheel= -0.049 rev/s  fas=  +770 Hz (0.241 rev/s)
t= 681ms  wheel= -0.049 rev/s  fas=  +758 Hz (0.237 rev/s)
t= 701ms  wheel= -0.049 rev/s  fas=  +745 Hz (0.233 rev/s)
t= 721ms  wheel= -0.049 rev/s  fas=  +733 Hz (0.229 rev/s)
t= 741ms  wheel= -0.049 rev/s  fas=  +718 Hz (0.224 rev/s)
t= 761ms  wheel= -0.049 rev/s  fas=  +705 Hz (0.220 rev/s)
t= 781ms  wheel= -0.037 rev/s  fas=  +696 Hz (0.218 rev/s)
t= 801ms  wheel= -0.049 rev/s  fas=  +683 Hz (0.213 rev/s)
t= 821ms  wheel= -0.037 rev/s  fas=  +668 Hz (0.209 rev/s)
t= 841ms  wheel= -0.049 rev/s  fas=  +654 Hz (0.204 rev/s)
t= 861ms  wheel= -0.037 rev/s  fas=  +644 Hz (0.201 rev/s)
t= 881ms  wheel= -0.049 rev/s  fas=  +629 Hz (0.197 rev/s)
t= 901ms  wheel= -0.037 rev/s  fas=  +619 Hz (0.193 rev/s)
t= 921ms  wheel= -0.049 rev/s  fas=  +603 Hz (0.188 rev/s)
t= 941ms  wheel= -0.024 rev/s  fas=  +592 Hz (0.185 rev/s)
t= 961ms  wheel= -0.049 rev/s  fas=  +576 Hz (0.180 rev/s)
t= 981ms  wheel= -0.037 rev/s  fas=  +565 Hz (0.177 rev/s)
t=1001ms  wheel= -0.037 rev/s  fas=  +553 Hz (0.173 rev/s)
t=1021ms  wheel= -0.037 rev/s  fas=  +541 Hz (0.169 rev/s)
t=1041ms  wheel= -0.037 rev/s  fas=  +523 Hz (0.163 rev/s)
t=1061ms  wheel= -0.024 rev/s  fas=  +511 Hz (0.160 rev/s)
t=1081ms  wheel= -0.037 rev/s  fas=  +499 Hz (0.156 rev/s)
t=1101ms  wheel= -0.037 rev/s  fas=  +485 Hz (0.152 rev/s)
t=1121ms  wheel= -0.024 rev/s  fas=  +472 Hz (0.147 rev/s)
t=1141ms  wheel= -0.037 rev/s  fas=  +459 Hz (0.143 rev/s)
t=1161ms  wheel= -0.024 rev/s  fas=  +451 Hz (0.141 rev/s)
t=1181ms  wheel= -0.037 rev/s  fas=  +438 Hz (0.137 rev/s)
t=1201ms  wheel= -0.024 rev/s  fas=  +423 Hz (0.132 rev/s)
t=1221ms  wheel= -0.024 rev/s  fas=  +407 Hz (0.127 rev/s)
t=1241ms  wheel= -0.024 rev/s  fas=  +399 Hz (0.125 rev/s)
t=1261ms  wheel= -0.024 rev/s  fas=  +383 Hz (0.120 rev/s)
t=1281ms  wheel= -0.024 rev/s  fas=  +374 Hz (0.117 rev/s)
t=1301ms  wheel= -0.037 rev/s  fas=  +357 Hz (0.112 rev/s)
t=1321ms  wheel= -0.012 rev/s  fas=  +348 Hz (0.109 rev/s)
t=1341ms  wheel= -0.024 rev/s  fas=  +329 Hz (0.103 rev/s)
t=1361ms  wheel= -0.024 rev/s  fas=  +319 Hz (0.100 rev/s)
t=1381ms  wheel= -0.024 rev/s  fas=  +309 Hz (0.097 rev/s)
t=1401ms  wheel= -0.012 rev/s  fas=  +288 Hz (0.090 rev/s)
t=1421ms  wheel= -0.024 rev/s  fas=  +276 Hz (0.086 rev/s)
t=1441ms  wheel= -0.012 rev/s  fas=  +265 Hz (0.083 rev/s)
t=1461ms  wheel= -0.024 rev/s  fas=  +252 Hz (0.079 rev/s)
t=1481ms  wheel= -0.012 rev/s  fas=  +178 Hz (0.056 rev/s)
t=1501ms  wheel= -0.012 rev/s  fas=  +159 Hz (0.050 rev/s)
t=1521ms  wheel= -0.012 rev/s  fas=  +159 Hz (0.050 rev/s)
t=1541ms  wheel= -0.012 rev/s  fas=  +138 Hz (0.043 rev/s)
t=1561ms  wheel= -0.024 rev/s  fas=  +112 Hz (0.035 rev/s)
t=1581ms  wheel= +0.000 rev/s  fas=  +112 Hz (0.035 rev/s)
t=1601ms  wheel= -0.024 rev/s  fas=   +79 Hz (0.025 rev/s)
t=1621ms  wheel= -0.012 rev/s  fas=   +79 Hz (0.025 rev/s)
t=1641ms  wheel= +0.000 rev/s  fas=   +79 Hz (0.025 rev/s)
t=1661ms  wheel= -0.012 rev/s  fas=   +79 Hz (0.025 rev/s)
t=1681ms  wheel= -0.012 rev/s  fas=   +79 Hz (0.025 rev/s)
t=1701ms  wheel= -0.012 rev/s  fas=   +79 Hz (0.025 rev/s)
t=1721ms  wheel= +0.000 rev/s  fas=   +79 Hz (0.025 rev/s)
t=1741ms  wheel= -0.012 rev/s  fas=    +0 Hz (0.000 rev/s)
t=1761ms  wheel= -0.012 rev/s  fas=    +0 Hz (0.000 rev/s)
t=1781ms  wheel= +0.000 rev/s  fas=    +0 Hz (0.000 rev/s)
t=1801ms  wheel= +0.000 rev/s  fas=    +0 Hz (0.000 rev/s)
t=1821ms  wheel= +0.000 rev/s  fas=    +0 Hz (0.000 rev/s)
[DONE] total 1836 ms, final wheel omega=-0.016 rev/s
=== ready for another spin ===
[WAIT] spin the wheel now
[CAPTURE] omega=0.249 rev/s  dir=-1  (posSign=-1)
[BRAKE] jump-start hz=795 jumpStep=98, current=2300 mA, decel=3200 sps2 - GO
t= 301ms  wheel= +0.000 rev/s  fas=  +598 Hz (0.187 rev/s)
t= 321ms  wheel= -0.037 rev/s  fas=  +582 Hz (0.182 rev/s)
t= 341ms  wheel= -0.037 rev/s  fas=  +571 Hz (0.178 rev/s)
t= 361ms  wheel= -0.049 rev/s  fas=  +559 Hz (0.175 rev/s)
t= 381ms  wheel= -0.024 rev/s  fas=  +541 Hz (0.169 rev/s)
t= 401ms  wheel= -0.037 rev/s  fas=  +530 Hz (0.166 rev/s)
t= 421ms  wheel= -0.037 rev/s  fas=  +518 Hz (0.162 rev/s)
t= 441ms  wheel= -0.024 rev/s  fas=  +505 Hz (0.158 rev/s)
t= 461ms  wheel= -0.037 rev/s  fas=  +492 Hz (0.154 rev/s)
t= 481ms  wheel= -0.037 rev/s  fas=  +479 Hz (0.150 rev/s)
t= 501ms  wheel= -0.024 rev/s  fas=  +466 Hz (0.146 rev/s)
t= 521ms  wheel= -0.037 rev/s  fas=  +451 Hz (0.141 rev/s)
t= 541ms  wheel= -0.037 rev/s  fas=  +438 Hz (0.137 rev/s)
t= 561ms  wheel= -0.024 rev/s  fas=  +430 Hz (0.134 rev/s)
t= 581ms  wheel= -0.024 rev/s  fas=  +415 Hz (0.130 rev/s)
t= 601ms  wheel= -0.024 rev/s  fas=  +399 Hz (0.125 rev/s)
t= 621ms  wheel= -0.024 rev/s  fas=  +391 Hz (0.122 rev/s)
t= 641ms  wheel= -0.024 rev/s  fas=  +374 Hz (0.117 rev/s)
t= 661ms  wheel= -0.024 rev/s  fas=  +366 Hz (0.114 rev/s)
t= 681ms  wheel= -0.037 rev/s  fas=  +348 Hz (0.109 rev/s)
t= 701ms  wheel= -0.012 rev/s  fas=  +339 Hz (0.106 rev/s)
t= 721ms  wheel= -0.024 rev/s  fas=  +319 Hz (0.100 rev/s)
t= 741ms  wheel= -0.024 rev/s  fas=  +309 Hz (0.097 rev/s)
t= 761ms  wheel= -0.024 rev/s  fas=  +299 Hz (0.093 rev/s)
t= 781ms  wheel= -0.012 rev/s  fas=  +288 Hz (0.090 rev/s)
t= 801ms  wheel= -0.024 rev/s  fas=  +265 Hz (0.083 rev/s)
t= 821ms  wheel= -0.012 rev/s  fas=  +252 Hz (0.079 rev/s)
t= 841ms  wheel= -0.012 rev/s  fas=  +178 Hz (0.056 rev/s)
t= 861ms  wheel= -0.012 rev/s  fas=  +178 Hz (0.056 rev/s)
t= 881ms  wheel= -0.012 rev/s  fas=  +159 Hz (0.050 rev/s)
t= 901ms  wheel= -0.024 rev/s  fas=  +138 Hz (0.043 rev/s)
t= 921ms  wheel= -0.012 rev/s  fas=  +138 Hz (0.043 rev/s)
t= 941ms  wheel= -0.012 rev/s  fas=  +112 Hz (0.035 rev/s)
t= 961ms  wheel= -0.012 rev/s  fas=  +112 Hz (0.035 rev/s)
t= 981ms  wheel= -0.012 rev/s  fas=   +79 Hz (0.025 rev/s)
t=1001ms  wheel= -0.012 rev/s  fas=   +79 Hz (0.025 rev/s)
t=1021ms  wheel= -0.012 rev/s  fas=   +79 Hz (0.025 rev/s)
t=1041ms  wheel= +0.000 rev/s  fas=   +79 Hz (0.025 rev/s)
t=1061ms  wheel= -0.012 rev/s  fas=   +79 Hz (0.025 rev/s)
t=1081ms  wheel= -0.012 rev/s  fas=   +79 Hz (0.025 rev/s)
t=1101ms  wheel= +0.000 rev/s  fas=    +0 Hz (0.000 rev/s)
t=1121ms  wheel= -0.012 rev/s  fas=    +0 Hz (0.000 rev/s)
t=1141ms  wheel= +0.000 rev/s  fas=    +0 Hz (0.000 rev/s)
t=1161ms  wheel= +0.000 rev/s  fas=    +0 Hz (0.000 rev/s)
t=1181ms  wheel= -0.012 rev/s  fas=    +0 Hz (0.000 rev/s)
t=1201ms  wheel= +0.000 rev/s  fas=    +0 Hz (0.000 rev/s)
[DONE] total 1204 ms, final wheel omega=-0.078 rev/s
=== ready for another spin ===
[WAIT] spin the wheel now
[CAPTURE] omega=0.533 rev/s  dir=-1  (posSign=-1)
[BRAKE] jump-start hz=1706 jumpStep=454, current=2300 mA, decel=3200 sps2 - GO
t= 301ms  wheel= +0.000 rev/s  fas= +1510 Hz (0.472 rev/s)
t= 321ms  wheel= -0.098 rev/s  fas= +1498 Hz (0.468 rev/s)
t= 341ms  wheel= -0.098 rev/s  fas= +1483 Hz (0.463 rev/s)
t= 361ms  wheel= -0.085 rev/s  fas= +1471 Hz (0.460 rev/s)
t= 381ms  wheel= -0.098 rev/s  fas= +1457 Hz (0.455 rev/s)
t= 401ms  wheel= -0.098 rev/s  fas= +1446 Hz (0.452 rev/s)
t= 421ms  wheel= -0.085 rev/s  fas= +1432 Hz (0.447 rev/s)
t= 441ms  wheel= -0.098 rev/s  fas= +1419 Hz (0.443 rev/s)
t= 461ms  wheel= -0.098 rev/s  fas= +1409 Hz (0.440 rev/s)
t= 481ms  wheel= -0.085 rev/s  fas= +1395 Hz (0.436 rev/s)
t= 501ms  wheel= -0.085 rev/s  fas= +1381 Hz (0.432 rev/s)
t= 521ms  wheel= -0.098 rev/s  fas= +1367 Hz (0.427 rev/s)
t= 541ms  wheel= -0.085 rev/s  fas= +1353 Hz (0.423 rev/s)
t= 561ms  wheel= -0.085 rev/s  fas= +1344 Hz (0.420 rev/s)
t= 581ms  wheel= -0.098 rev/s  fas= +1329 Hz (0.415 rev/s)
t= 601ms  wheel= -0.073 rev/s  fas= +1315 Hz (0.411 rev/s)
t= 621ms  wheel= -0.085 rev/s  fas= +1306 Hz (0.408 rev/s)
t= 641ms  wheel= -0.085 rev/s  fas= +1290 Hz (0.403 rev/s)
t= 661ms  wheel= -0.085 rev/s  fas= +1282 Hz (0.401 rev/s)
t= 681ms  wheel= -0.073 rev/s  fas= +1266 Hz (0.396 rev/s)
t= 701ms  wheel= -0.098 rev/s  fas= +1256 Hz (0.393 rev/s)
t= 721ms  wheel= -0.073 rev/s  fas= +1240 Hz (0.387 rev/s)
t= 741ms  wheel= -0.073 rev/s  fas= +1230 Hz (0.384 rev/s)
t= 761ms  wheel= -0.085 rev/s  fas= +1214 Hz (0.379 rev/s)
t= 781ms  wheel= -0.073 rev/s  fas= +1204 Hz (0.376 rev/s)
t= 801ms  wheel= -0.073 rev/s  fas= +1188 Hz (0.371 rev/s)
t= 821ms  wheel= -0.085 rev/s  fas= +1177 Hz (0.368 rev/s)
t= 841ms  wheel= -0.085 rev/s  fas= +1166 Hz (0.364 rev/s)
t= 861ms  wheel= -0.073 rev/s  fas= +1150 Hz (0.359 rev/s)
t= 881ms  wheel= -0.049 rev/s  fas= +1139 Hz (0.356 rev/s)
t= 901ms  wheel= -0.098 rev/s  fas= +1127 Hz (0.352 rev/s)
t= 921ms  wheel= -0.061 rev/s  fas= +1110 Hz (0.347 rev/s)
t= 941ms  wheel= -0.073 rev/s  fas= +1098 Hz (0.343 rev/s)
t= 961ms  wheel= -0.073 rev/s  fas= +1086 Hz (0.339 rev/s)
t= 981ms  wheel= -0.061 rev/s  fas= +1074 Hz (0.336 rev/s)
t=1001ms  wheel= -0.073 rev/s  fas= +1063 Hz (0.332 rev/s)
t=1021ms  wheel= -0.061 rev/s  fas= +1052 Hz (0.329 rev/s)
t=1041ms  wheel= -0.073 rev/s  fas= +1039 Hz (0.325 rev/s)
t=1061ms  wheel= -0.073 rev/s  fas= +1020 Hz (0.319 rev/s)
t=1081ms  wheel= -0.061 rev/s  fas= +1007 Hz (0.315 rev/s)
t=1101ms  wheel= -0.061 rev/s  fas=  +995 Hz (0.311 rev/s)
t=1121ms  wheel= -0.061 rev/s  fas=  +985 Hz (0.308 rev/s)
t=1141ms  wheel= -0.073 rev/s  fas=  +971 Hz (0.303 rev/s)
t=1161ms  wheel= -0.061 rev/s  fas=  +958 Hz (0.299 rev/s)
t=1181ms  wheel= -0.049 rev/s  fas=  +948 Hz (0.296 rev/s)
t=1201ms  wheel= -0.073 rev/s  fas=  +935 Hz (0.292 rev/s)
t=1221ms  wheel= -0.061 rev/s  fas=  +922 Hz (0.288 rev/s)
t=1241ms  wheel= -0.049 rev/s  fas=  +907 Hz (0.283 rev/s)
t=1261ms  wheel= -0.061 rev/s  fas=  +897 Hz (0.280 rev/s)
t=1281ms  wheel= -0.049 rev/s  fas=  +883 Hz (0.276 rev/s)
t=1301ms  wheel= -0.061 rev/s  fas=  +871 Hz (0.272 rev/s)
t=1321ms  wheel= -0.061 rev/s  fas=  +857 Hz (0.268 rev/s)
t=1341ms  wheel= -0.037 rev/s  fas=  +846 Hz (0.264 rev/s)
t=1361ms  wheel= -0.061 rev/s  fas=  +831 Hz (0.260 rev/s)
t=1381ms  wheel= -0.049 rev/s  fas=  +819 Hz (0.256 rev/s)
t=1401ms  wheel= -0.061 rev/s  fas=  +807 Hz (0.252 rev/s)
t=1421ms  wheel= -0.049 rev/s  fas=  +794 Hz (0.248 rev/s)
t=1441ms  wheel= -0.049 rev/s  fas=  +783 Hz (0.245 rev/s)
t=1461ms  wheel= -0.049 rev/s  fas=  +766 Hz (0.239 rev/s)
t=1481ms  wheel= -0.049 rev/s  fas=  +754 Hz (0.236 rev/s)
t=1501ms  wheel= -0.061 rev/s  fas=  +740 Hz (0.231 rev/s)
t=1521ms  wheel= -0.037 rev/s  fas=  +727 Hz (0.227 rev/s)
t=1541ms  wheel= -0.049 rev/s  fas=  +715 Hz (0.223 rev/s)
t=1561ms  wheel= -0.037 rev/s  fas=  +705 Hz (0.220 rev/s)
t=1581ms  wheel= -0.049 rev/s  fas=  +692 Hz (0.216 rev/s)
t=1601ms  wheel= -0.049 rev/s  fas=  +678 Hz (0.212 rev/s)
t=1621ms  wheel= -0.037 rev/s  fas=  +664 Hz (0.207 rev/s)
t=1641ms  wheel= -0.049 rev/s  fas=  +654 Hz (0.204 rev/s)
t=1661ms  wheel= -0.024 rev/s  fas=  +639 Hz (0.200 rev/s)
t=1681ms  wheel= -0.049 rev/s  fas=  +624 Hz (0.195 rev/s)
t=1701ms  wheel= -0.037 rev/s  fas=  +613 Hz (0.192 rev/s)
t=1721ms  wheel= -0.049 rev/s  fas=  +603 Hz (0.188 rev/s)
t=1741ms  wheel= -0.037 rev/s  fas=  +587 Hz (0.183 rev/s)
t=1761ms  wheel= -0.037 rev/s  fas=  +576 Hz (0.180 rev/s)
t=1781ms  wheel= -0.037 rev/s  fas=  +559 Hz (0.175 rev/s)
t=1801ms  wheel= -0.024 rev/s  fas=  +547 Hz (0.171 rev/s)
t=1821ms  wheel= -0.037 rev/s  fas=  +535 Hz (0.167 rev/s)
t=1841ms  wheel= -0.037 rev/s  fas=  +523 Hz (0.163 rev/s)
t=1861ms  wheel= -0.037 rev/s  fas=  +511 Hz (0.160 rev/s)
t=1881ms  wheel= -0.037 rev/s  fas=  +499 Hz (0.156 rev/s)
t=1901ms  wheel= -0.024 rev/s  fas=  +485 Hz (0.152 rev/s)
t=1921ms  wheel= -0.037 rev/s  fas=  +472 Hz (0.147 rev/s)
t=1941ms  wheel= -0.024 rev/s  fas=  +459 Hz (0.143 rev/s)
t=1961ms  wheel= -0.037 rev/s  fas=  +445 Hz (0.139 rev/s)
t=1981ms  wheel= -0.024 rev/s  fas=  +430 Hz (0.134 rev/s)
t=2001ms  wheel= -0.024 rev/s  fas=  +423 Hz (0.132 rev/s)
t=2021ms  wheel= -0.037 rev/s  fas=  +407 Hz (0.127 rev/s)
t=2041ms  wheel= -0.024 rev/s  fas=  +391 Hz (0.122 rev/s)
t=2061ms  wheel= -0.024 rev/s  fas=  +383 Hz (0.120 rev/s)
t=2081ms  wheel= -0.024 rev/s  fas=  +366 Hz (0.114 rev/s)
t=2101ms  wheel= -0.024 rev/s  fas=  +357 Hz (0.112 rev/s)
t=2121ms  wheel= -0.012 rev/s  fas=  +339 Hz (0.106 rev/s)
t=2141ms  wheel= -0.024 rev/s  fas=  +329 Hz (0.103 rev/s)
t=2161ms  wheel= -0.024 rev/s  fas=  +319 Hz (0.100 rev/s)
t=2181ms  wheel= -0.012 rev/s  fas=  +299 Hz (0.093 rev/s)
t=2201ms  wheel= -0.024 rev/s  fas=  +288 Hz (0.090 rev/s)
t=2221ms  wheel= -0.024 rev/s  fas=  +276 Hz (0.086 rev/s)
t=2241ms  wheel= -0.012 rev/s  fas=  +265 Hz (0.083 rev/s)
t=2261ms  wheel= -0.012 rev/s  fas=  +252 Hz (0.079 rev/s)
t=2281ms  wheel= -0.024 rev/s  fas=  +178 Hz (0.056 rev/s)
t=2301ms  wheel= -0.012 rev/s  fas=  +159 Hz (0.050 rev/s)
t=2321ms  wheel= -0.012 rev/s  fas=  +138 Hz (0.043 rev/s)
t=2341ms  wheel= -0.024 rev/s  fas=  +138 Hz (0.043 rev/s)
t=2361ms  wheel= +0.000 rev/s  fas=  +112 Hz (0.035 rev/s)
t=2381ms  wheel= -0.012 rev/s  fas=  +112 Hz (0.035 rev/s)
t=2401ms  wheel= -0.012 rev/s  fas=   +79 Hz (0.025 rev/s)
t=2421ms  wheel= -0.012 rev/s  fas=   +79 Hz (0.025 rev/s)
t=2441ms  wheel= -0.012 rev/s  fas=   +79 Hz (0.025 rev/s)
t=2461ms  wheel= -0.012 rev/s  fas=   +79 Hz (0.025 rev/s)
t=2481ms  wheel= +0.000 rev/s  fas=   +79 Hz (0.025 rev/s)
t=2501ms  wheel= -0.012 rev/s  fas=   +79 Hz (0.025 rev/s)
t=2521ms  wheel= +0.000 rev/s  fas=    +0 Hz (0.000 rev/s)
t=2541ms  wheel= -0.012 rev/s  fas=    +0 Hz (0.000 rev/s)
t=2561ms  wheel= +0.000 rev/s  fas=    +0 Hz (0.000 rev/s)
t=2581ms  wheel= +0.000 rev/s  fas=    +0 Hz (0.000 rev/s)
t=2601ms  wheel= -0.012 rev/s  fas=    +0 Hz (0.000 rev/s)
t=2621ms  wheel= +0.000 rev/s  fas=    +0 Hz (0.000 rev/s)
[DONE] total 2631 ms, final wheel omega=0.000 rev/s
=== ready for another spin ===
[WAIT] spin the wheel now
[CAPTURE] omega=0.437 rev/s  dir=-1  (posSign=-1)
[BRAKE] jump-start hz=1399 jumpStep=305, current=2300 mA, decel=3200 sps2 - GO
t= 301ms  wheel= +0.000 rev/s  fas= +1201 Hz (0.375 rev/s)
t= 321ms  wheel= -0.074 rev/s  fas= +1191 Hz (0.372 rev/s)
t= 341ms  wheel= -0.073 rev/s  fas= +1180 Hz (0.369 rev/s)
t= 361ms  wheel= -0.073 rev/s  fas= +1164 Hz (0.364 rev/s)
t= 381ms  wheel= -0.073 rev/s  fas= +1153 Hz (0.360 rev/s)
t= 401ms  wheel= -0.073 rev/s  fas= +1142 Hz (0.357 rev/s)
t= 421ms  wheel= -0.073 rev/s  fas= +1124 Hz (0.351 rev/s)
t= 441ms  wheel= -0.061 rev/s  fas= +1113 Hz (0.348 rev/s)
t= 461ms  wheel= -0.061 rev/s  fas= +1101 Hz (0.344 rev/s)
t= 481ms  wheel= -0.073 rev/s  fas= +1089 Hz (0.340 rev/s)
t= 501ms  wheel= -0.061 rev/s  fas= +1077 Hz (0.337 rev/s)
t= 521ms  wheel= -0.061 rev/s  fas= +1060 Hz (0.331 rev/s)
t= 541ms  wheel= -0.061 rev/s  fas= +1047 Hz (0.327 rev/s)
t= 561ms  wheel= -0.073 rev/s  fas= +1036 Hz (0.324 rev/s)
t= 581ms  wheel= -0.061 rev/s  fas= +1023 Hz (0.320 rev/s)
t= 601ms  wheel= -0.061 rev/s  fas= +1011 Hz (0.316 rev/s)
t= 621ms  wheel= -0.061 rev/s  fas=  +998 Hz (0.312 rev/s)
t= 641ms  wheel= -0.061 rev/s  fas=  +988 Hz (0.309 rev/s)
t= 661ms  wheel= -0.061 rev/s  fas=  +974 Hz (0.304 rev/s)
t= 681ms  wheel= -0.061 rev/s  fas=  +961 Hz (0.300 rev/s)
t= 701ms  wheel= -0.049 rev/s  fas=  +948 Hz (0.296 rev/s)
t= 721ms  wheel= -0.073 rev/s  fas=  +935 Hz (0.292 rev/s)
t= 741ms  wheel= -0.049 rev/s  fas=  +922 Hz (0.288 rev/s)
t= 761ms  wheel= -0.049 rev/s  fas=  +910 Hz (0.284 rev/s)
t= 781ms  wheel= -0.061 rev/s  fas=  +897 Hz (0.280 rev/s)
t= 801ms  wheel= -0.049 rev/s  fas=  +886 Hz (0.277 rev/s)
t= 821ms  wheel= -0.061 rev/s  fas=  +871 Hz (0.272 rev/s)
t= 841ms  wheel= -0.061 rev/s  fas=  +860 Hz (0.269 rev/s)
t= 861ms  wheel= -0.037 rev/s  fas=  +846 Hz (0.264 rev/s)
t= 881ms  wheel= -0.061 rev/s  fas=  +834 Hz (0.261 rev/s)
t= 901ms  wheel= -0.049 rev/s  fas=  +819 Hz (0.256 rev/s)
t= 921ms  wheel= -0.049 rev/s  fas=  +807 Hz (0.252 rev/s)
t= 941ms  wheel= -0.049 rev/s  fas=  +794 Hz (0.248 rev/s)
t= 961ms  wheel= -0.037 rev/s  fas=  +783 Hz (0.245 rev/s)
t= 981ms  wheel= -0.049 rev/s  fas=  +770 Hz (0.241 rev/s)
t=1001ms  wheel= -0.049 rev/s  fas=  +758 Hz (0.237 rev/s)
t=1021ms  wheel= -0.049 rev/s  fas=  +745 Hz (0.233 rev/s)
t=1041ms  wheel= -0.049 rev/s  fas=  +733 Hz (0.229 rev/s)
t=1061ms  wheel= -0.049 rev/s  fas=  +718 Hz (0.224 rev/s)
t=1081ms  wheel= -0.037 rev/s  fas=  +705 Hz (0.220 rev/s)
t=1101ms  wheel= -0.049 rev/s  fas=  +692 Hz (0.216 rev/s)
t=1121ms  wheel= -0.049 rev/s  fas=  +678 Hz (0.212 rev/s)
t=1141ms  wheel= -0.037 rev/s  fas=  +668 Hz (0.209 rev/s)
t=1161ms  wheel= -0.037 rev/s  fas=  +654 Hz (0.204 rev/s)
t=1181ms  wheel= -0.037 rev/s  fas=  +639 Hz (0.200 rev/s)
t=1201ms  wheel= -0.037 rev/s  fas=  +629 Hz (0.197 rev/s)
t=1221ms  wheel= -0.049 rev/s  fas=  +613 Hz (0.192 rev/s)
t=1241ms  wheel= -0.037 rev/s  fas=  +603 Hz (0.188 rev/s)
t=1261ms  wheel= -0.037 rev/s  fas=  +587 Hz (0.183 rev/s)
t=1281ms  wheel= -0.037 rev/s  fas=  +576 Hz (0.180 rev/s)
t=1301ms  wheel= -0.037 rev/s  fas=  +565 Hz (0.177 rev/s)
t=1321ms  wheel= -0.037 rev/s  fas=  +547 Hz (0.171 rev/s)
t=1341ms  wheel= -0.024 rev/s  fas=  +535 Hz (0.167 rev/s)
t=1361ms  wheel= -0.037 rev/s  fas=  +523 Hz (0.163 rev/s)
t=1381ms  wheel= -0.037 rev/s  fas=  +511 Hz (0.160 rev/s)
t=1401ms  wheel= -0.037 rev/s  fas=  +499 Hz (0.156 rev/s)
t=1421ms  wheel= -0.037 rev/s  fas=  +485 Hz (0.152 rev/s)
t=1441ms  wheel= -0.024 rev/s  fas=  +472 Hz (0.147 rev/s)
t=1461ms  wheel= -0.024 rev/s  fas=  +459 Hz (0.143 rev/s)
t=1481ms  wheel= -0.024 rev/s  fas=  +445 Hz (0.139 rev/s)
t=1501ms  wheel= -0.024 rev/s  fas=  +430 Hz (0.134 rev/s)
t=1521ms  wheel= -0.037 rev/s  fas=  +423 Hz (0.132 rev/s)
t=1541ms  wheel= -0.024 rev/s  fas=  +407 Hz (0.127 rev/s)
t=1561ms  wheel= -0.037 rev/s  fas=  +391 Hz (0.122 rev/s)
t=1581ms  wheel= -0.012 rev/s  fas=  +383 Hz (0.120 rev/s)
t=1601ms  wheel= -0.024 rev/s  fas=  +366 Hz (0.114 rev/s)
t=1621ms  wheel= -0.024 rev/s  fas=  +357 Hz (0.112 rev/s)
t=1641ms  wheel= -0.024 rev/s  fas=  +339 Hz (0.106 rev/s)
t=1661ms  wheel= -0.024 rev/s  fas=  +329 Hz (0.103 rev/s)
t=1681ms  wheel= -0.012 rev/s  fas=  +319 Hz (0.100 rev/s)
t=1701ms  wheel= -0.024 rev/s  fas=  +299 Hz (0.093 rev/s)
t=1721ms  wheel= -0.012 rev/s  fas=  +288 Hz (0.090 rev/s)
t=1741ms  wheel= -0.024 rev/s  fas=  +276 Hz (0.086 rev/s)
t=1761ms  wheel= -0.012 rev/s  fas=  +265 Hz (0.083 rev/s)
t=1781ms  wheel= -0.024 rev/s  fas=  +252 Hz (0.079 rev/s)
t=1801ms  wheel= -0.024 rev/s  fas=  +178 Hz (0.056 rev/s)
t=1821ms  wheel= -0.012 rev/s  fas=  +159 Hz (0.050 rev/s)
t=1841ms  wheel= -0.012 rev/s  fas=  +138 Hz (0.043 rev/s)
t=1861ms  wheel= -0.012 rev/s  fas=  +138 Hz (0.043 rev/s)
t=1881ms  wheel= -0.012 rev/s  fas=  +112 Hz (0.035 rev/s)
t=1901ms  wheel= -0.012 rev/s  fas=  +112 Hz (0.035 rev/s)
t=1921ms  wheel= -0.012 rev/s  fas=   +79 Hz (0.025 rev/s)
t=1941ms  wheel= -0.012 rev/s  fas=   +79 Hz (0.025 rev/s)
t=1961ms  wheel= +0.000 rev/s  fas=   +79 Hz (0.025 rev/s)
t=1981ms  wheel= -0.012 rev/s  fas=   +79 Hz (0.025 rev/s)
t=2001ms  wheel= +0.000 rev/s  fas=   +79 Hz (0.025 rev/s)
t=2021ms  wheel= -0.012 rev/s  fas=   +79 Hz (0.025 rev/s)
t=2041ms  wheel= -0.012 rev/s  fas=    +0 Hz (0.000 rev/s)
t=2061ms  wheel= +0.000 rev/s  fas=    +0 Hz (0.000 rev/s)
t=2081ms  wheel= -0.012 rev/s  fas=    +0 Hz (0.000 rev/s)
t=2101ms  wheel= +0.000 rev/s  fas=    +0 Hz (0.000 rev/s)
t=2121ms  wheel= +0.000 rev/s  fas=    +0 Hz (0.000 rev/s)
t=2141ms  wheel= +0.000 rev/s  fas=    +0 Hz (0.000 rev/s)
[DONE] total 2152 ms, final wheel omega=-0.021 rev/s
=== ready for another spin ===
[WAIT] spin the wheel now
[CAPTURE] omega=0.255 rev/s  dir=-1  (posSign=-1)
[BRAKE] jump-start hz=815 jumpStep=103, current=2300 mA, decel=3200 sps2 - GO
t= 301ms  wheel= +0.000 rev/s  fas=  +619 Hz (0.193 rev/s)
t= 321ms  wheel= -0.037 rev/s  fas=  +603 Hz (0.188 rev/s)
t= 341ms  wheel= -0.037 rev/s  fas=  +592 Hz (0.185 rev/s)
t= 361ms  wheel= -0.049 rev/s  fas=  +576 Hz (0.180 rev/s)
t= 381ms  wheel= -0.037 rev/s  fas=  +565 Hz (0.177 rev/s)
t= 401ms  wheel= -0.037 rev/s  fas=  +553 Hz (0.173 rev/s)
t= 421ms  wheel= -0.037 rev/s  fas=  +541 Hz (0.169 rev/s)
t= 441ms  wheel= -0.037 rev/s  fas=  +523 Hz (0.163 rev/s)
t= 461ms  wheel= -0.024 rev/s  fas=  +511 Hz (0.160 rev/s)
t= 481ms  wheel= -0.024 rev/s  fas=  +499 Hz (0.156 rev/s)
t= 501ms  wheel= -0.037 rev/s  fas=  +485 Hz (0.152 rev/s)
t= 521ms  wheel= -0.037 rev/s  fas=  +472 Hz (0.147 rev/s)
t= 541ms  wheel= -0.024 rev/s  fas=  +459 Hz (0.143 rev/s)
t= 561ms  wheel= -0.037 rev/s  fas=  +451 Hz (0.141 rev/s)
t= 581ms  wheel= -0.037 rev/s  fas=  +438 Hz (0.137 rev/s)
t= 601ms  wheel= -0.024 rev/s  fas=  +423 Hz (0.132 rev/s)
t= 621ms  wheel= -0.024 rev/s  fas=  +407 Hz (0.127 rev/s)
t= 641ms  wheel= -0.024 rev/s  fas=  +399 Hz (0.125 rev/s)
t= 661ms  wheel= -0.024 rev/s  fas=  +383 Hz (0.120 rev/s)
t= 681ms  wheel= -0.024 rev/s  fas=  +366 Hz (0.114 rev/s)
t= 701ms  wheel= -0.024 rev/s  fas=  +357 Hz (0.112 rev/s)
t= 721ms  wheel= -0.024 rev/s  fas=  +348 Hz (0.109 rev/s)
t= 741ms  wheel= -0.012 rev/s  fas=  +329 Hz (0.103 rev/s)
t= 761ms  wheel= -0.024 rev/s  fas=  +319 Hz (0.100 rev/s)
t= 781ms  wheel= -0.024 rev/s  fas=  +309 Hz (0.097 rev/s)
t= 801ms  wheel= -0.012 rev/s  fas=  +288 Hz (0.090 rev/s)
t= 821ms  wheel= -0.024 rev/s  fas=  +276 Hz (0.086 rev/s)
t= 841ms  wheel= -0.012 rev/s  fas=  +265 Hz (0.083 rev/s)
t= 861ms  wheel= -0.024 rev/s  fas=  +252 Hz (0.079 rev/s)
t= 881ms  wheel= -0.012 rev/s  fas=  +178 Hz (0.056 rev/s)
t= 901ms  wheel= -0.012 rev/s  fas=  +159 Hz (0.050 rev/s)
t= 921ms  wheel= -0.012 rev/s  fas=  +159 Hz (0.050 rev/s)
t= 941ms  wheel= -0.012 rev/s  fas=  +138 Hz (0.043 rev/s)
t= 961ms  wheel= -0.012 rev/s  fas=  +112 Hz (0.035 rev/s)
t= 981ms  wheel= -0.024 rev/s  fas=  +112 Hz (0.035 rev/s)
t=1001ms  wheel= -0.012 rev/s  fas=   +79 Hz (0.025 rev/s)
t=1021ms  wheel= -0.012 rev/s  fas=   +79 Hz (0.025 rev/s)
t=1041ms  wheel= +0.000 rev/s  fas=   +79 Hz (0.025 rev/s)
t=1061ms  wheel= -0.012 rev/s  fas=   +79 Hz (0.025 rev/s)
t=1081ms  wheel= -0.012 rev/s  fas=   +79 Hz (0.025 rev/s)
t=1101ms  wheel= -0.012 rev/s  fas=   +79 Hz (0.025 rev/s)
t=1121ms  wheel= +0.000 rev/s  fas=   +79 Hz (0.025 rev/s)
t=1141ms  wheel= -0.012 rev/s  fas=    +0 Hz (0.000 rev/s)
t=1161ms  wheel= -0.012 rev/s  fas=    +0 Hz (0.000 rev/s)
t=1181ms  wheel= +0.000 rev/s  fas=    +0 Hz (0.000 rev/s)
t=1201ms  wheel= +0.000 rev/s  fas=    +0 Hz (0.000 rev/s)
t=1221ms  wheel= -0.012 rev/s  fas=    +0 Hz (0.000 rev/s)
[DONE] total 1235 ms, final wheel omega=0.000 rev/s
=== ready for another spin ===
[WAIT] spin the wheel now

[HOST 2026-09-18T12:46:18.205] Serial capture ended

[HOST 2026-09-18T12:57:47.517] Serial opened; DTR/RTS false; lease 3600 seconds
[CAPTURE] omega=0.360 rev/s  dir=-1  (posSign=-1)
[BRAKE] jump-start hz=1153 jumpStep=1731, current=2300 mA, decel=384 sps2 (target 3.0s) - GO
t= 312ms  wheel= +0.000 rev/s  fas= +1127 Hz (0.352 rev/s)
t= 332ms  wheel= -0.074 rev/s  fas= +1125 Hz (0.352 rev/s)
t= 352ms  wheel= -0.073 rev/s  fas= +1124 Hz (0.351 rev/s)
t= 372ms  wheel= -0.061 rev/s  fas= +1122 Hz (0.351 rev/s)
t= 392ms  wheel= -0.061 rev/s  fas= +1121 Hz (0.350 rev/s)
t= 412ms  wheel= -0.073 rev/s  fas= +1119 Hz (0.350 rev/s)
t= 432ms  wheel= -0.085 rev/s  fas= +1117 Hz (0.349 rev/s)
t= 452ms  wheel= -0.061 rev/s  fas= +1116 Hz (0.349 rev/s)
t= 472ms  wheel= -0.061 rev/s  fas= +1114 Hz (0.348 rev/s)
t= 492ms  wheel= -0.073 rev/s  fas= +1113 Hz (0.348 rev/s)
t= 512ms  wheel= -0.073 rev/s  fas= +1112 Hz (0.347 rev/s)
t= 532ms  wheel= -0.073 rev/s  fas= +1110 Hz (0.347 rev/s)
t= 552ms  wheel= -0.061 rev/s  fas= +1109 Hz (0.347 rev/s)
t= 572ms  wheel= -0.073 rev/s  fas= +1107 Hz (0.346 rev/s)
t= 592ms  wheel= -0.073 rev/s  fas= +1106 Hz (0.346 rev/s)
t= 612ms  wheel= -0.061 rev/s  fas= +1104 Hz (0.345 rev/s)
t= 632ms  wheel= -0.073 rev/s  fas= +1103 Hz (0.345 rev/s)
t= 652ms  wheel= -0.073 rev/s  fas= +1101 Hz (0.344 rev/s)
t= 672ms  wheel= -0.061 rev/s  fas= +1100 Hz (0.344 rev/s)
t= 692ms  wheel= -0.073 rev/s  fas= +1098 Hz (0.343 rev/s)
t= 712ms  wheel= -0.073 rev/s  fas= +1097 Hz (0.343 rev/s)
t= 732ms  wheel= -0.061 rev/s  fas= +1095 Hz (0.342 rev/s)
t= 752ms  wheel= -0.061 rev/s  fas= +1094 Hz (0.342 rev/s)
t= 772ms  wheel= -0.073 rev/s  fas= +1092 Hz (0.341 rev/s)
t= 792ms  wheel= -0.073 rev/s  fas= +1091 Hz (0.341 rev/s)
t= 812ms  wheel= -0.061 rev/s  fas= +1089 Hz (0.340 rev/s)
t= 832ms  wheel= -0.061 rev/s  fas= +1088 Hz (0.340 rev/s)
t= 852ms  wheel= -0.073 rev/s  fas= +1086 Hz (0.339 rev/s)
t= 872ms  wheel= -0.073 rev/s  fas= +1083 Hz (0.338 rev/s)
t= 892ms  wheel= -0.061 rev/s  fas= +1082 Hz (0.338 rev/s)
t= 912ms  wheel= -0.073 rev/s  fas= +1080 Hz (0.338 rev/s)
t= 932ms  wheel= -0.073 rev/s  fas= +1080 Hz (0.338 rev/s)
t= 952ms  wheel= -0.061 rev/s  fas= +1079 Hz (0.337 rev/s)
t= 972ms  wheel= -0.061 rev/s  fas= +1077 Hz (0.337 rev/s)
t= 992ms  wheel= -0.061 rev/s  fas= +1076 Hz (0.336 rev/s)
t=1012ms  wheel= -0.085 rev/s  fas= +1073 Hz (0.335 rev/s)
t=1032ms  wheel= -0.061 rev/s  fas= +1071 Hz (0.335 rev/s)
t=1052ms  wheel= -0.061 rev/s  fas= +1070 Hz (0.334 rev/s)
t=1072ms  wheel= -0.061 rev/s  fas= +1068 Hz (0.334 rev/s)
t=1092ms  wheel= -0.073 rev/s  fas= +1067 Hz (0.333 rev/s)
t=1112ms  wheel= -0.061 rev/s  fas= +1066 Hz (0.333 rev/s)
t=1132ms  wheel= -0.061 rev/s  fas= +1064 Hz (0.333 rev/s)
t=1152ms  wheel= -0.073 rev/s  fas= +1063 Hz (0.332 rev/s)
t=1172ms  wheel= -0.073 rev/s  fas= +1062 Hz (0.332 rev/s)
t=1192ms  wheel= -0.061 rev/s  fas= +1060 Hz (0.331 rev/s)
t=1212ms  wheel= -0.061 rev/s  fas= +1059 Hz (0.331 rev/s)
t=1232ms  wheel= -0.073 rev/s  fas= +1057 Hz (0.330 rev/s)
t=1252ms  wheel= -0.061 rev/s  fas= +1056 Hz (0.330 rev/s)
t=1272ms  wheel= -0.061 rev/s  fas= +1054 Hz (0.329 rev/s)
t=1292ms  wheel= -0.061 rev/s  fas= +1053 Hz (0.329 rev/s)
t=1312ms  wheel= -0.073 rev/s  fas= +1050 Hz (0.328 rev/s)
t=1332ms  wheel= -0.061 rev/s  fas= +1048 Hz (0.327 rev/s)
t=1352ms  wheel= -0.061 rev/s  fas= +1047 Hz (0.327 rev/s)
t=1372ms  wheel= -0.061 rev/s  fas= +1046 Hz (0.327 rev/s)
t=1392ms  wheel= -0.073 rev/s  fas= +1044 Hz (0.326 rev/s)
t=1412ms  wheel= -0.061 rev/s  fas= +1043 Hz (0.326 rev/s)
t=1432ms  wheel= -0.061 rev/s  fas= +1042 Hz (0.326 rev/s)
t=1452ms  wheel= -0.061 rev/s  fas= +1040 Hz (0.325 rev/s)
t=1472ms  wheel= -0.073 rev/s  fas= +1039 Hz (0.325 rev/s)
t=1492ms  wheel= -0.061 rev/s  fas= +1037 Hz (0.324 rev/s)
t=1512ms  wheel= -0.061 rev/s  fas= +1036 Hz (0.324 rev/s)
t=1532ms  wheel= -0.073 rev/s  fas= +1034 Hz (0.323 rev/s)
t=1552ms  wheel= -0.061 rev/s  fas= +1031 Hz (0.322 rev/s)
t=1572ms  wheel= -0.061 rev/s  fas= +1030 Hz (0.322 rev/s)
t=1592ms  wheel= -0.061 rev/s  fas= +1029 Hz (0.322 rev/s)
t=1612ms  wheel= -0.061 rev/s  fas= +1028 Hz (0.321 rev/s)
t=1632ms  wheel= -0.061 rev/s  fas= +1026 Hz (0.321 rev/s)
t=1652ms  wheel= -0.061 rev/s  fas= +1025 Hz (0.320 rev/s)
t=1672ms  wheel= -0.061 rev/s  fas= +1023 Hz (0.320 rev/s)
t=1692ms  wheel= -0.061 rev/s  fas= +1022 Hz (0.319 rev/s)
t=1712ms  wheel= -0.073 rev/s  fas= +1019 Hz (0.318 rev/s)
t=1732ms  wheel= -0.049 rev/s  fas= +1018 Hz (0.318 rev/s)
t=1752ms  wheel= -0.061 rev/s  fas= +1017 Hz (0.318 rev/s)
t=1772ms  wheel= -0.061 rev/s  fas= +1015 Hz (0.317 rev/s)
t=1792ms  wheel= -0.073 rev/s  fas= +1014 Hz (0.317 rev/s)
t=1812ms  wheel= -0.049 rev/s  fas= +1012 Hz (0.316 rev/s)
t=1832ms  wheel= -0.061 rev/s  fas= +1011 Hz (0.316 rev/s)
t=1852ms  wheel= -0.073 rev/s  fas= +1010 Hz (0.316 rev/s)
t=1872ms  wheel= -0.061 rev/s  fas= +1008 Hz (0.315 rev/s)
t=1892ms  wheel= -0.049 rev/s  fas= +1007 Hz (0.315 rev/s)
t=1912ms  wheel= -0.061 rev/s  fas= +1004 Hz (0.314 rev/s)
t=1932ms  wheel= -0.073 rev/s  fas= +1003 Hz (0.313 rev/s)
t=1952ms  wheel= -0.061 rev/s  fas= +1002 Hz (0.313 rev/s)
t=1972ms  wheel= -0.049 rev/s  fas= +1000 Hz (0.312 rev/s)
t=1992ms  wheel= -0.061 rev/s  fas=  +999 Hz (0.312 rev/s)
t=2012ms  wheel= -0.061 rev/s  fas=  +998 Hz (0.312 rev/s)
t=2032ms  wheel= -0.061 rev/s  fas=  +996 Hz (0.311 rev/s)
t=2052ms  wheel= -0.049 rev/s  fas=  +993 Hz (0.310 rev/s)
t=2072ms  wheel= -0.061 rev/s  fas=  +992 Hz (0.310 rev/s)
t=2092ms  wheel= -0.061 rev/s  fas=  +991 Hz (0.310 rev/s)
t=2112ms  wheel= -0.073 rev/s  fas=  +990 Hz (0.309 rev/s)
t=2132ms  wheel= -0.049 rev/s  fas=  +988 Hz (0.309 rev/s)
t=2152ms  wheel= -0.061 rev/s  fas=  +987 Hz (0.308 rev/s)
t=2172ms  wheel= -0.061 rev/s  fas=  +985 Hz (0.308 rev/s)
t=2192ms  wheel= -0.061 rev/s  fas=  +983 Hz (0.307 rev/s)
t=2212ms  wheel= -0.061 rev/s  fas=  +981 Hz (0.307 rev/s)
t=2232ms  wheel= -0.049 rev/s  fas=  +980 Hz (0.306 rev/s)
t=2252ms  wheel= -0.073 rev/s  fas=  +979 Hz (0.306 rev/s)
t=2272ms  wheel= -0.061 rev/s  fas=  +977 Hz (0.305 rev/s)
t=2292ms  wheel= -0.049 rev/s  fas=  +976 Hz (0.305 rev/s)
t=2312ms  wheel= -0.061 rev/s  fas=  +974 Hz (0.304 rev/s)
t=2332ms  wheel= -0.061 rev/s  fas=  +971 Hz (0.303 rev/s)
t=2352ms  wheel= -0.049 rev/s  fas=  +970 Hz (0.303 rev/s)
t=2372ms  wheel= -0.061 rev/s  fas=  +969 Hz (0.303 rev/s)
t=2392ms  wheel= -0.049 rev/s  fas=  +968 Hz (0.303 rev/s)
t=2412ms  wheel= -0.061 rev/s  fas=  +967 Hz (0.302 rev/s)
t=2432ms  wheel= -0.073 rev/s  fas=  +966 Hz (0.302 rev/s)
t=2452ms  wheel= -0.049 rev/s  fas=  +963 Hz (0.301 rev/s)
t=2472ms  wheel= -0.061 rev/s  fas=  +961 Hz (0.300 rev/s)
t=2492ms  wheel= -0.061 rev/s  fas=  +960 Hz (0.300 rev/s)
t=2512ms  wheel= -0.061 rev/s  fas=  +958 Hz (0.299 rev/s)
t=2532ms  wheel= -0.049 rev/s  fas=  +956 Hz (0.299 rev/s)
t=2552ms  wheel= -0.049 rev/s  fas=  +956 Hz (0.299 rev/s)
t=2572ms  wheel= -0.061 rev/s  fas=  +954 Hz (0.298 rev/s)
t=2592ms  wheel= -0.061 rev/s  fas=  +953 Hz (0.298 rev/s)
t=2612ms  wheel= -0.061 rev/s  fas=  +951 Hz (0.297 rev/s)
t=2632ms  wheel= -0.049 rev/s  fas=  +948 Hz (0.296 rev/s)
t=2652ms  wheel= -0.061 rev/s  fas=  +947 Hz (0.296 rev/s)
t=2672ms  wheel= -0.061 rev/s  fas=  +946 Hz (0.296 rev/s)
t=2692ms  wheel= -0.049 rev/s  fas=  +945 Hz (0.295 rev/s)
t=2712ms  wheel= -0.049 rev/s  fas=  +943 Hz (0.295 rev/s)
t=2732ms  wheel= -0.061 rev/s  fas=  +942 Hz (0.294 rev/s)
t=2752ms  wheel= -0.061 rev/s  fas=  +940 Hz (0.294 rev/s)
t=2772ms  wheel= -0.061 rev/s  fas=  +938 Hz (0.293 rev/s)
t=2792ms  wheel= -0.049 rev/s  fas=  +938 Hz (0.293 rev/s)
t=2812ms  wheel= -0.061 rev/s  fas=  +936 Hz (0.292 rev/s)
t=2832ms  wheel= -0.061 rev/s  fas=  +935 Hz (0.292 rev/s)
t=2852ms  wheel= -0.061 rev/s  fas=  +932 Hz (0.291 rev/s)
t=2872ms  wheel= -0.049 rev/s  fas=  +931 Hz (0.291 rev/s)
t=2892ms  wheel= -0.049 rev/s  fas=  +930 Hz (0.291 rev/s)
t=2912ms  wheel= -0.061 rev/s  fas=  +928 Hz (0.290 rev/s)
t=2932ms  wheel= -0.061 rev/s  fas=  +925 Hz (0.289 rev/s)
t=2952ms  wheel= -0.049 rev/s  fas=  +925 Hz (0.289 rev/s)
t=2972ms  wheel= -0.049 rev/s  fas=  +923 Hz (0.288 rev/s)
t=2992ms  wheel= -0.061 rev/s  fas=  +922 Hz (0.288 rev/s)
t=3012ms  wheel= -0.061 rev/s  fas=  +920 Hz (0.287 rev/s)
t=3032ms  wheel= -0.049 rev/s  fas=  +918 Hz (0.287 rev/s)
t=3052ms  wheel= -0.049 rev/s  fas=  +917 Hz (0.287 rev/s)
t=3072ms  wheel= -0.061 rev/s  fas=  +915 Hz (0.286 rev/s)
t=3092ms  wheel= -0.061 rev/s  fas=  +914 Hz (0.286 rev/s)
t=3112ms  wheel= -0.061 rev/s  fas=  +913 Hz (0.285 rev/s)
t=3132ms  wheel= -0.049 rev/s  fas=  +910 Hz (0.284 rev/s)
t=3152ms  wheel= -0.049 rev/s  fas=  +909 Hz (0.284 rev/s)
t=3172ms  wheel= -0.061 rev/s  fas=  +908 Hz (0.284 rev/s)
t=3192ms  wheel= -0.061 rev/s  fas=  +905 Hz (0.283 rev/s)
t=3212ms  wheel= -0.049 rev/s  fas=  +904 Hz (0.282 rev/s)
t=3232ms  wheel= -0.061 rev/s  fas=  +903 Hz (0.282 rev/s)
t=3252ms  wheel= -0.049 rev/s  fas=  +902 Hz (0.282 rev/s)
t=3272ms  wheel= -0.061 rev/s  fas=  +900 Hz (0.281 rev/s)
t=3292ms  wheel= -0.049 rev/s  fas=  +898 Hz (0.281 rev/s)
t=3312ms  wheel= -0.049 rev/s  fas=  +897 Hz (0.280 rev/s)
t=3332ms  wheel= -0.061 rev/s  fas=  +896 Hz (0.280 rev/s)
t=3352ms  wheel= -0.049 rev/s  fas=  +893 Hz (0.279 rev/s)
t=3372ms  wheel= -0.061 rev/s  fas=  +892 Hz (0.279 rev/s)
t=3392ms  wheel= -0.049 rev/s  fas=  +891 Hz (0.278 rev/s)
t=3412ms  wheel= -0.049 rev/s  fas=  +890 Hz (0.278 rev/s)
t=3432ms  wheel= -0.061 rev/s  fas=  +888 Hz (0.278 rev/s)
t=3452ms  wheel= -0.061 rev/s  fas=  +886 Hz (0.277 rev/s)
t=3472ms  wheel= -0.049 rev/s  fas=  +885 Hz (0.277 rev/s)
t=3492ms  wheel= -0.049 rev/s  fas=  +884 Hz (0.276 rev/s)
t=3512ms  wheel= -0.061 rev/s  fas=  +881 Hz (0.275 rev/s)
t=3532ms  wheel= -0.049 rev/s  fas=  +881 Hz (0.275 rev/s)
t=3552ms  wheel= -0.061 rev/s  fas=  +879 Hz (0.275 rev/s)
t=3572ms  wheel= -0.049 rev/s  fas=  +877 Hz (0.274 rev/s)
t=3592ms  wheel= -0.049 rev/s  fas=  +876 Hz (0.274 rev/s)
t=3612ms  wheel= -0.049 rev/s  fas=  +874 Hz (0.273 rev/s)
t=3632ms  wheel= -0.061 rev/s  fas=  +874 Hz (0.273 rev/s)
t=3652ms  wheel= -0.061 rev/s  fas=  +871 Hz (0.272 rev/s)
t=3672ms  wheel= -0.037 rev/s  fas=  +870 Hz (0.272 rev/s)
t=3692ms  wheel= -0.049 rev/s  fas=  +868 Hz (0.271 rev/s)
t=3712ms  wheel= -0.061 rev/s  fas=  +866 Hz (0.271 rev/s)
t=3732ms  wheel= -0.049 rev/s  fas=  +865 Hz (0.270 rev/s)
t=3752ms  wheel= -0.061 rev/s  fas=  +864 Hz (0.270 rev/s)
t=3772ms  wheel= -0.037 rev/s  fas=  +862 Hz (0.269 rev/s)
t=3792ms  wheel= -0.049 rev/s  fas=  +860 Hz (0.269 rev/s)
t=3812ms  wheel= -0.061 rev/s  fas=  +859 Hz (0.268 rev/s)
t=3832ms  wheel= -0.049 rev/s  fas=  +857 Hz (0.268 rev/s)
t=3852ms  wheel= -0.061 rev/s  fas=  +856 Hz (0.268 rev/s)
t=3872ms  wheel= -0.049 rev/s  fas=  +855 Hz (0.267 rev/s)
t=3892ms  wheel= -0.049 rev/s  fas=  +853 Hz (0.267 rev/s)
t=3912ms  wheel= -0.061 rev/s  fas=  +851 Hz (0.266 rev/s)
t=3932ms  wheel= -0.049 rev/s  fas=  +850 Hz (0.266 rev/s)
t=3952ms  wheel= -0.049 rev/s  fas=  +848 Hz (0.265 rev/s)
t=3972ms  wheel= -0.049 rev/s  fas=  +846 Hz (0.264 rev/s)
t=3992ms  wheel= -0.049 rev/s  fas=  +846 Hz (0.264 rev/s)
t=4012ms  wheel= -0.061 rev/s  fas=  +844 Hz (0.264 rev/s)
t=4032ms  wheel= -0.049 rev/s  fas=  +842 Hz (0.263 rev/s)
t=4052ms  wheel= -0.049 rev/s  fas=  +841 Hz (0.263 rev/s)
t=4072ms  wheel= -0.049 rev/s  fas=  +838 Hz (0.262 rev/s)
t=4092ms  wheel= -0.061 rev/s  fas=  +837 Hz (0.262 rev/s)
t=4112ms  wheel= -0.049 rev/s  fas=  +836 Hz (0.261 rev/s)
t=4132ms  wheel= -0.049 rev/s  fas=  +834 Hz (0.261 rev/s)
t=4152ms  wheel= -0.049 rev/s  fas=  +833 Hz (0.260 rev/s)
t=4172ms  wheel= -0.049 rev/s  fas=  +832 Hz (0.260 rev/s)
t=4192ms  wheel= -0.061 rev/s  fas=  +829 Hz (0.259 rev/s)
t=4212ms  wheel= -0.049 rev/s  fas=  +828 Hz (0.259 rev/s)
t=4232ms  wheel= -0.049 rev/s  fas=  +827 Hz (0.258 rev/s)
t=4252ms  wheel= -0.049 rev/s  fas=  +825 Hz (0.258 rev/s)
t=4272ms  wheel= -0.049 rev/s  fas=  +824 Hz (0.257 rev/s)
t=4292ms  wheel= -0.061 rev/s  fas=  +822 Hz (0.257 rev/s)
t=4312ms  wheel= -0.049 rev/s  fas=  +821 Hz (0.257 rev/s)
t=4332ms  wheel= -0.049 rev/s  fas=  +819 Hz (0.256 rev/s)
t=4352ms  wheel= -0.049 rev/s  fas=  +817 Hz (0.255 rev/s)
t=4372ms  wheel= -0.049 rev/s  fas=  +816 Hz (0.255 rev/s)
t=4392ms  wheel= -0.049 rev/s  fas=  +815 Hz (0.255 rev/s)
t=4412ms  wheel= -0.061 rev/s  fas=  +813 Hz (0.254 rev/s)
t=4432ms  wheel= -0.037 rev/s  fas=  +812 Hz (0.254 rev/s)
t=4452ms  wheel= -0.049 rev/s  fas=  +810 Hz (0.253 rev/s)
t=4472ms  wheel= -0.061 rev/s  fas=  +809 Hz (0.253 rev/s)
t=4492ms  wheel= -0.049 rev/s  fas=  +806 Hz (0.252 rev/s)
t=4512ms  wheel= -0.049 rev/s  fas=  +805 Hz (0.252 rev/s)
t=4532ms  wheel= -0.049 rev/s  fas=  +804 Hz (0.251 rev/s)
t=4552ms  wheel= -0.049 rev/s  fas=  +802 Hz (0.251 rev/s)
t=4572ms  wheel= -0.049 rev/s  fas=  +801 Hz (0.250 rev/s)
t=4592ms  wheel= -0.049 rev/s  fas=  +799 Hz (0.250 rev/s)
t=4612ms  wheel= -0.049 rev/s  fas=  +798 Hz (0.249 rev/s)
t=4632ms  wheel= -0.049 rev/s  fas=  +796 Hz (0.249 rev/s)
t=4652ms  wheel= -0.049 rev/s  fas=  +794 Hz (0.248 rev/s)
t=4672ms  wheel= -0.061 rev/s  fas=  +793 Hz (0.248 rev/s)
t=4692ms  wheel= -0.049 rev/s  fas=  +791 Hz (0.247 rev/s)
t=4712ms  wheel= -0.049 rev/s  fas=  +790 Hz (0.247 rev/s)
t=4732ms  wheel= -0.049 rev/s  fas=  +788 Hz (0.246 rev/s)
t=4752ms  wheel= -0.037 rev/s  fas=  +787 Hz (0.246 rev/s)
t=4772ms  wheel= -0.049 rev/s  fas=  +786 Hz (0.246 rev/s)
t=4792ms  wheel= -0.061 rev/s  fas=  +784 Hz (0.245 rev/s)
t=4812ms  wheel= -0.049 rev/s  fas=  +783 Hz (0.245 rev/s)
t=4832ms  wheel= -0.049 rev/s  fas=  +780 Hz (0.244 rev/s)
t=4852ms  wheel= -0.037 rev/s  fas=  +780 Hz (0.244 rev/s)
t=4872ms  wheel= -0.061 rev/s  fas=  +777 Hz (0.243 rev/s)
t=4892ms  wheel= -0.049 rev/s  fas=  +776 Hz (0.243 rev/s)
t=4912ms  wheel= -0.049 rev/s  fas=  +774 Hz (0.242 rev/s)
t=4932ms  wheel= -0.037 rev/s  fas=  +773 Hz (0.242 rev/s)
t=4952ms  wheel= -0.049 rev/s  fas=  +772 Hz (0.241 rev/s)
t=4972ms  wheel= -0.049 rev/s  fas=  +770 Hz (0.241 rev/s)
t=4992ms  wheel= -0.049 rev/s  fas=  +768 Hz (0.240 rev/s)
t=5012ms  wheel= -0.061 rev/s  fas=  +767 Hz (0.240 rev/s)
t=5032ms  wheel= -0.037 rev/s  fas=  +765 Hz (0.239 rev/s)
t=5052ms  wheel= -0.049 rev/s  fas=  +763 Hz (0.238 rev/s)
t=5072ms  wheel= -0.049 rev/s  fas=  +763 Hz (0.238 rev/s)
t=5092ms  wheel= -0.049 rev/s  fas=  +761 Hz (0.238 rev/s)
t=5112ms  wheel= -0.049 rev/s  fas=  +759 Hz (0.237 rev/s)
t=5132ms  wheel= -0.049 rev/s  fas=  +758 Hz (0.237 rev/s)
t=5152ms  wheel= -0.049 rev/s  fas=  +757 Hz (0.237 rev/s)
t=5172ms  wheel= -0.061 rev/s  fas=  +755 Hz (0.236 rev/s)
t=5192ms  wheel= -0.049 rev/s  fas=  +754 Hz (0.236 rev/s)
t=5212ms  wheel= -0.061 rev/s  fas=  +751 Hz (0.235 rev/s)
t=5232ms  wheel= -0.049 rev/s  fas=  +750 Hz (0.234 rev/s)
t=5252ms  wheel= -0.049 rev/s  fas=  +749 Hz (0.234 rev/s)
t=5272ms  wheel= -0.061 rev/s  fas=  +747 Hz (0.233 rev/s)
t=5292ms  wheel= -0.049 rev/s  fas=  +745 Hz (0.233 rev/s)
t=5312ms  wheel= -0.061 rev/s  fas=  +745 Hz (0.233 rev/s)
t=5332ms  wheel= -0.049 rev/s  fas=  +742 Hz (0.232 rev/s)
t=5352ms  wheel= -0.061 rev/s  fas=  +741 Hz (0.232 rev/s)
t=5372ms  wheel= -0.049 rev/s  fas=  +739 Hz (0.231 rev/s)
t=5392ms  wheel= -0.049 rev/s  fas=  +738 Hz (0.231 rev/s)
t=5412ms  wheel= -0.061 rev/s  fas=  +736 Hz (0.230 rev/s)
t=5432ms  wheel= -0.049 rev/s  fas=  +734 Hz (0.229 rev/s)
t=5452ms  wheel= -0.049 rev/s  fas=  +733 Hz (0.229 rev/s)
t=5472ms  wheel= -0.061 rev/s  fas=  +732 Hz (0.229 rev/s)
t=5492ms  wheel= -0.037 rev/s  fas=  +730 Hz (0.228 rev/s)
t=5512ms  wheel= -0.049 rev/s  fas=  +728 Hz (0.228 rev/s)
t=5532ms  wheel= -0.049 rev/s  fas=  +727 Hz (0.227 rev/s)
t=5552ms  wheel= -0.049 rev/s  fas=  +725 Hz (0.227 rev/s)
t=5572ms  wheel= -0.049 rev/s  fas=  +725 Hz (0.227 rev/s)
t=5592ms  wheel= -0.049 rev/s  fas=  +723 Hz (0.226 rev/s)
t=5612ms  wheel= -0.037 rev/s  fas=  +720 Hz (0.225 rev/s)
t=5632ms  wheel= -0.049 rev/s  fas=  +719 Hz (0.225 rev/s)
t=5652ms  wheel= -0.049 rev/s  fas=  +717 Hz (0.224 rev/s)
t=5672ms  wheel= -0.049 rev/s  fas=  +716 Hz (0.224 rev/s)
t=5692ms  wheel= -0.037 rev/s  fas=  +715 Hz (0.223 rev/s)
t=5712ms  wheel= -0.037 rev/s  fas=  +714 Hz (0.223 rev/s)
t=5732ms  wheel= -0.049 rev/s  fas=  +712 Hz (0.222 rev/s)
t=5752ms  wheel= -0.037 rev/s  fas=  +710 Hz (0.222 rev/s)
t=5772ms  wheel= -0.037 rev/s  fas=  +709 Hz (0.222 rev/s)
t=5792ms  wheel= -0.037 rev/s  fas=  +707 Hz (0.221 rev/s)
t=5812ms  wheel= -0.049 rev/s  fas=  +705 Hz (0.220 rev/s)
t=5832ms  wheel= -0.037 rev/s  fas=  +704 Hz (0.220 rev/s)
t=5852ms  wheel= -0.037 rev/s  fas=  +702 Hz (0.219 rev/s)
t=5872ms  wheel= -0.049 rev/s  fas=  +701 Hz (0.219 rev/s)
t=5892ms  wheel= -0.037 rev/s  fas=  +699 Hz (0.218 rev/s)
t=5912ms  wheel= -0.037 rev/s  fas=  +697 Hz (0.218 rev/s)
t=5932ms  wheel= -0.037 rev/s  fas=  +696 Hz (0.218 rev/s)
t=5952ms  wheel= -0.049 rev/s  fas=  +695 Hz (0.217 rev/s)
t=5972ms  wheel= -0.037 rev/s  fas=  +694 Hz (0.217 rev/s)
t=5992ms  wheel= -0.037 rev/s  fas=  +692 Hz (0.216 rev/s)
t=6012ms  wheel= -0.049 rev/s  fas=  +690 Hz (0.216 rev/s)
t=6032ms  wheel= -0.037 rev/s  fas=  +689 Hz (0.215 rev/s)
t=6052ms  wheel= -0.037 rev/s  fas=  +687 Hz (0.215 rev/s)
t=6072ms  wheel= -0.049 rev/s  fas=  +685 Hz (0.214 rev/s)
t=6092ms  wheel= -0.049 rev/s  fas=  +684 Hz (0.214 rev/s)
t=6112ms  wheel= -0.037 rev/s  fas=  +683 Hz (0.213 rev/s)
t=6132ms  wheel= -0.049 rev/s  fas=  +681 Hz (0.213 rev/s)
t=6152ms  wheel= -0.049 rev/s  fas=  +680 Hz (0.213 rev/s)
t=6172ms  wheel= -0.037 rev/s  fas=  +678 Hz (0.212 rev/s)
t=6192ms  wheel= -0.049 rev/s  fas=  +676 Hz (0.211 rev/s)
t=6212ms  wheel= -0.049 rev/s  fas=  +675 Hz (0.211 rev/s)
t=6232ms  wheel= -0.049 rev/s  fas=  +673 Hz (0.210 rev/s)
t=6252ms  wheel= -0.049 rev/s  fas=  +672 Hz (0.210 rev/s)
t=6272ms  wheel= -0.049 rev/s  fas=  +671 Hz (0.210 rev/s)
t=6292ms  wheel= -0.037 rev/s  fas=  +669 Hz (0.209 rev/s)
t=6312ms  wheel= -0.061 rev/s  fas=  +667 Hz (0.208 rev/s)
t=6332ms  wheel= -0.037 rev/s  fas=  +666 Hz (0.208 rev/s)
t=6352ms  wheel= -0.049 rev/s  fas=  +664 Hz (0.207 rev/s)
t=6372ms  wheel= -0.049 rev/s  fas=  +663 Hz (0.207 rev/s)
t=6392ms  wheel= -0.049 rev/s  fas=  +662 Hz (0.207 rev/s)
t=6412ms  wheel= -0.049 rev/s  fas=  +659 Hz (0.206 rev/s)
t=6432ms  wheel= -0.037 rev/s  fas=  +658 Hz (0.206 rev/s)
t=6452ms  wheel= -0.049 rev/s  fas=  +656 Hz (0.205 rev/s)
t=6472ms  wheel= -0.049 rev/s  fas=  +654 Hz (0.204 rev/s)
t=6492ms  wheel= -0.049 rev/s  fas=  +654 Hz (0.204 rev/s)
t=6512ms  wheel= -0.037 rev/s  fas=  +652 Hz (0.204 rev/s)
t=6532ms  wheel= -0.049 rev/s  fas=  +651 Hz (0.203 rev/s)
t=6552ms  wheel= -0.037 rev/s  fas=  +649 Hz (0.203 rev/s)
t=6572ms  wheel= -0.049 rev/s  fas=  +648 Hz (0.203 rev/s)
t=6592ms  wheel= -0.037 rev/s  fas=  +645 Hz (0.202 rev/s)
t=6612ms  wheel= -0.049 rev/s  fas=  +644 Hz (0.201 rev/s)
t=6632ms  wheel= -0.037 rev/s  fas=  +643 Hz (0.201 rev/s)
t=6652ms  wheel= -0.037 rev/s  fas=  +641 Hz (0.200 rev/s)
t=6672ms  wheel= -0.037 rev/s  fas=  +640 Hz (0.200 rev/s)
t=6692ms  wheel= -0.037 rev/s  fas=  +638 Hz (0.199 rev/s)
t=6712ms  wheel= -0.037 rev/s  fas=  +636 Hz (0.199 rev/s)
t=6732ms  wheel= -0.049 rev/s  fas=  +635 Hz (0.198 rev/s)
t=6752ms  wheel= -0.037 rev/s  fas=  +634 Hz (0.198 rev/s)
t=6772ms  wheel= -0.037 rev/s  fas=  +632 Hz (0.198 rev/s)
t=6792ms  wheel= -0.037 rev/s  fas=  +630 Hz (0.197 rev/s)
t=6812ms  wheel= -0.037 rev/s  fas=  +629 Hz (0.197 rev/s)
t=6832ms  wheel= -0.037 rev/s  fas=  +628 Hz (0.196 rev/s)
t=6852ms  wheel= -0.037 rev/s  fas=  +626 Hz (0.196 rev/s)
t=6872ms  wheel= -0.037 rev/s  fas=  +624 Hz (0.195 rev/s)
t=6892ms  wheel= -0.037 rev/s  fas=  +623 Hz (0.195 rev/s)
t=6912ms  wheel= -0.037 rev/s  fas=  +621 Hz (0.194 rev/s)
t=6932ms  wheel= -0.037 rev/s  fas=  +620 Hz (0.194 rev/s)
t=6952ms  wheel= -0.037 rev/s  fas=  +618 Hz (0.193 rev/s)
t=6972ms  wheel= -0.037 rev/s  fas=  +616 Hz (0.192 rev/s)
t=6992ms  wheel= -0.037 rev/s  fas=  +615 Hz (0.192 rev/s)
t=7012ms  wheel= -0.037 rev/s  fas=  +613 Hz (0.192 rev/s)
t=7032ms  wheel= -0.037 rev/s  fas=  +611 Hz (0.191 rev/s)
t=7052ms  wheel= -0.037 rev/s  fas=  +611 Hz (0.191 rev/s)
t=7072ms  wheel= -0.049 rev/s  fas=  +608 Hz (0.190 rev/s)
t=7092ms  wheel= -0.037 rev/s  fas=  +607 Hz (0.190 rev/s)
t=7112ms  wheel= -0.037 rev/s  fas=  +606 Hz (0.189 rev/s)
t=7132ms  wheel= -0.037 rev/s  fas=  +604 Hz (0.189 rev/s)
t=7152ms  wheel= -0.049 rev/s  fas=  +603 Hz (0.188 rev/s)
t=7172ms  wheel= -0.037 rev/s  fas=  +601 Hz (0.188 rev/s)
t=7192ms  wheel= -0.049 rev/s  fas=  +600 Hz (0.188 rev/s)
t=7212ms  wheel= -0.037 rev/s  fas=  +598 Hz (0.187 rev/s)
t=7232ms  wheel= -0.037 rev/s  fas=  +597 Hz (0.187 rev/s)
t=7252ms  wheel= -0.049 rev/s  fas=  +595 Hz (0.186 rev/s)
t=7272ms  wheel= -0.037 rev/s  fas=  +594 Hz (0.186 rev/s)
t=7292ms  wheel= -0.049 rev/s  fas=  +592 Hz (0.185 rev/s)
t=7312ms  wheel= -0.037 rev/s  fas=  +591 Hz (0.185 rev/s)
t=7332ms  wheel= -0.037 rev/s  fas=  +589 Hz (0.184 rev/s)
t=7352ms  wheel= -0.049 rev/s  fas=  +587 Hz (0.183 rev/s)
t=7372ms  wheel= -0.037 rev/s  fas=  +586 Hz (0.183 rev/s)
t=7392ms  wheel= -0.037 rev/s  fas=  +584 Hz (0.183 rev/s)
t=7412ms  wheel= -0.049 rev/s  fas=  +583 Hz (0.182 rev/s)
t=7432ms  wheel= -0.037 rev/s  fas=  +582 Hz (0.182 rev/s)
t=7452ms  wheel= -0.037 rev/s  fas=  +579 Hz (0.181 rev/s)
t=7472ms  wheel= -0.037 rev/s  fas=  +579 Hz (0.181 rev/s)
t=7492ms  wheel= -0.049 rev/s  fas=  +577 Hz (0.180 rev/s)
t=7512ms  wheel= -0.024 rev/s  fas=  +575 Hz (0.180 rev/s)
t=7532ms  wheel= -0.049 rev/s  fas=  +574 Hz (0.179 rev/s)
t=7552ms  wheel= -0.037 rev/s  fas=  +572 Hz (0.179 rev/s)
t=7572ms  wheel= -0.037 rev/s  fas=  +570 Hz (0.178 rev/s)
t=7592ms  wheel= -0.037 rev/s  fas=  +569 Hz (0.178 rev/s)
t=7612ms  wheel= -0.037 rev/s  fas=  +568 Hz (0.177 rev/s)
t=7632ms  wheel= -0.037 rev/s  fas=  +566 Hz (0.177 rev/s)
t=7652ms  wheel= -0.024 rev/s  fas=  +564 Hz (0.176 rev/s)
t=7672ms  wheel= -0.037 rev/s  fas=  +563 Hz (0.176 rev/s)
t=7692ms  wheel= -0.037 rev/s  fas=  +562 Hz (0.176 rev/s)
t=7712ms  wheel= -0.037 rev/s  fas=  +560 Hz (0.175 rev/s)
t=7732ms  wheel= -0.037 rev/s  fas=  +558 Hz (0.174 rev/s)
t=7752ms  wheel= -0.024 rev/s  fas=  +557 Hz (0.174 rev/s)
t=7772ms  wheel= -0.037 rev/s  fas=  +556 Hz (0.174 rev/s)
t=7792ms  wheel= -0.037 rev/s  fas=  +554 Hz (0.173 rev/s)
t=7812ms  wheel= -0.024 rev/s  fas=  +552 Hz (0.172 rev/s)
t=7832ms  wheel= -0.037 rev/s  fas=  +550 Hz (0.172 rev/s)
t=7852ms  wheel= -0.037 rev/s  fas=  +549 Hz (0.172 rev/s)
t=7872ms  wheel= -0.024 rev/s  fas=  +547 Hz (0.171 rev/s)
t=7892ms  wheel= -0.037 rev/s  fas=  +547 Hz (0.171 rev/s)
t=7912ms  wheel= -0.037 rev/s  fas=  +544 Hz (0.170 rev/s)
t=7932ms  wheel= -0.037 rev/s  fas=  +543 Hz (0.170 rev/s)
t=7952ms  wheel= -0.037 rev/s  fas=  +541 Hz (0.169 rev/s)
t=7972ms  wheel= -0.024 rev/s  fas=  +540 Hz (0.169 rev/s)
t=7992ms  wheel= -0.037 rev/s  fas=  +538 Hz (0.168 rev/s)
t=8012ms  wheel= -0.037 rev/s  fas=  +537 Hz (0.168 rev/s)
t=8032ms  wheel= -0.024 rev/s  fas=  +535 Hz (0.167 rev/s)
t=8052ms  wheel= -0.049 rev/s  fas=  +533 Hz (0.167 rev/s)
t=8072ms  wheel= -0.024 rev/s  fas=  +532 Hz (0.166 rev/s)
t=8092ms  wheel= -0.037 rev/s  fas=  +531 Hz (0.166 rev/s)
t=8112ms  wheel= -0.037 rev/s  fas=  +529 Hz (0.165 rev/s)
t=8132ms  wheel= -0.037 rev/s  fas=  +528 Hz (0.165 rev/s)
t=8152ms  wheel= -0.037 rev/s  fas=  +526 Hz (0.164 rev/s)
t=8172ms  wheel= -0.037 rev/s  fas=  +525 Hz (0.164 rev/s)
t=8192ms  wheel= -0.037 rev/s  fas=  +523 Hz (0.163 rev/s)
t=8212ms  wheel= -0.024 rev/s  fas=  +521 Hz (0.163 rev/s)
t=8232ms  wheel= -0.049 rev/s  fas=  +520 Hz (0.162 rev/s)
t=8252ms  wheel= -0.024 rev/s  fas=  +518 Hz (0.162 rev/s)
t=8272ms  wheel= -0.037 rev/s  fas=  +517 Hz (0.162 rev/s)
t=8292ms  wheel= -0.037 rev/s  fas=  +515 Hz (0.161 rev/s)
t=8312ms  wheel= -0.037 rev/s  fas=  +514 Hz (0.161 rev/s)
t=8332ms  wheel= -0.037 rev/s  fas=  +512 Hz (0.160 rev/s)
t=8352ms  wheel= -0.024 rev/s  fas=  +511 Hz (0.160 rev/s)
t=8372ms  wheel= -0.049 rev/s  fas=  +509 Hz (0.159 rev/s)
t=8392ms  wheel= -0.024 rev/s  fas=  +508 Hz (0.159 rev/s)
t=8412ms  wheel= -0.037 rev/s  fas=  +506 Hz (0.158 rev/s)
t=8432ms  wheel= -0.037 rev/s  fas=  +505 Hz (0.158 rev/s)
t=8452ms  wheel= -0.037 rev/s  fas=  +503 Hz (0.157 rev/s)
t=8472ms  wheel= -0.024 rev/s  fas=  +502 Hz (0.157 rev/s)
t=8492ms  wheel= -0.037 rev/s  fas=  +501 Hz (0.157 rev/s)
t=8512ms  wheel= -0.037 rev/s  fas=  +499 Hz (0.156 rev/s)
t=8532ms  wheel= -0.037 rev/s  fas=  +497 Hz (0.155 rev/s)
t=8552ms  wheel= -0.024 rev/s  fas=  +496 Hz (0.155 rev/s)
t=8572ms  wheel= -0.037 rev/s  fas=  +494 Hz (0.154 rev/s)
t=8592ms  wheel= -0.024 rev/s  fas=  +492 Hz (0.154 rev/s)
t=8612ms  wheel= -0.037 rev/s  fas=  +491 Hz (0.153 rev/s)
t=8632ms  wheel= -0.024 rev/s  fas=  +489 Hz (0.153 rev/s)
t=8652ms  wheel= -0.037 rev/s  fas=  +488 Hz (0.153 rev/s)
t=8672ms  wheel= -0.037 rev/s  fas=  +486 Hz (0.152 rev/s)
t=8692ms  wheel= -0.024 rev/s  fas=  +484 Hz (0.151 rev/s)
t=8712ms  wheel= -0.024 rev/s  fas=  +483 Hz (0.151 rev/s)
t=8732ms  wheel= -0.037 rev/s  fas=  +481 Hz (0.150 rev/s)
t=8752ms  wheel= -0.024 rev/s  fas=  +480 Hz (0.150 rev/s)
t=8772ms  wheel= -0.024 rev/s  fas=  +478 Hz (0.149 rev/s)
t=8792ms  wheel= -0.037 rev/s  fas=  +477 Hz (0.149 rev/s)
t=8812ms  wheel= -0.024 rev/s  fas=  +475 Hz (0.148 rev/s)
t=8832ms  wheel= -0.037 rev/s  fas=  +473 Hz (0.148 rev/s)
t=8852ms  wheel= -0.024 rev/s  fas=  +473 Hz (0.148 rev/s)
t=8872ms  wheel= -0.024 rev/s  fas=  +471 Hz (0.147 rev/s)
t=8892ms  wheel= -0.037 rev/s  fas=  +469 Hz (0.147 rev/s)
t=8912ms  wheel= -0.024 rev/s  fas=  +468 Hz (0.146 rev/s)
t=8932ms  wheel= -0.024 rev/s  fas=  +466 Hz (0.146 rev/s)
t=8952ms  wheel= -0.037 rev/s  fas=  +465 Hz (0.145 rev/s)
t=8972ms  wheel= -0.024 rev/s  fas=  +462 Hz (0.144 rev/s)
t=8992ms  wheel= -0.037 rev/s  fas=  +461 Hz (0.144 rev/s)
t=9012ms  wheel= -0.024 rev/s  fas=  +460 Hz (0.144 rev/s)
t=9032ms  wheel= -0.037 rev/s  fas=  +459 Hz (0.143 rev/s)
t=9052ms  wheel= -0.024 rev/s  fas=  +457 Hz (0.143 rev/s)
t=9072ms  wheel= -0.024 rev/s  fas=  +455 Hz (0.142 rev/s)
t=9092ms  wheel= -0.037 rev/s  fas=  +453 Hz (0.142 rev/s)
t=9112ms  wheel= -0.024 rev/s  fas=  +452 Hz (0.141 rev/s)
t=9132ms  wheel= -0.037 rev/s  fas=  +451 Hz (0.141 rev/s)
t=9152ms  wheel= -0.024 rev/s  fas=  +449 Hz (0.140 rev/s)
t=9172ms  wheel= -0.037 rev/s  fas=  +448 Hz (0.140 rev/s)
t=9192ms  wheel= -0.024 rev/s  fas=  +446 Hz (0.139 rev/s)
t=9212ms  wheel= -0.037 rev/s  fas=  +445 Hz (0.139 rev/s)
t=9232ms  wheel= -0.024 rev/s  fas=  +444 Hz (0.139 rev/s)
t=9252ms  wheel= -0.037 rev/s  fas=  +442 Hz (0.138 rev/s)
t=9272ms  wheel= -0.024 rev/s  fas=  +440 Hz (0.138 rev/s)
t=9292ms  wheel= -0.037 rev/s  fas=  +438 Hz (0.137 rev/s)
t=9312ms  wheel= -0.024 rev/s  fas=  +438 Hz (0.137 rev/s)
t=9332ms  wheel= -0.024 rev/s  fas=  +436 Hz (0.136 rev/s)
t=9352ms  wheel= -0.037 rev/s  fas=  +434 Hz (0.136 rev/s)
t=9372ms  wheel= -0.024 rev/s  fas=  +432 Hz (0.135 rev/s)
t=9392ms  wheel= -0.024 rev/s  fas=  +431 Hz (0.135 rev/s)
t=9412ms  wheel= -0.037 rev/s  fas=  +429 Hz (0.134 rev/s)
t=9432ms  wheel= -0.024 rev/s  fas=  +428 Hz (0.134 rev/s)
t=9452ms  wheel= -0.037 rev/s  fas=  +426 Hz (0.133 rev/s)
t=9472ms  wheel= -0.024 rev/s  fas=  +425 Hz (0.133 rev/s)
t=9492ms  wheel= -0.024 rev/s  fas=  +423 Hz (0.132 rev/s)
t=9512ms  wheel= -0.024 rev/s  fas=  +421 Hz (0.132 rev/s)
t=9532ms  wheel= -0.024 rev/s  fas=  +420 Hz (0.131 rev/s)
t=9552ms  wheel= -0.037 rev/s  fas=  +418 Hz (0.131 rev/s)
t=9572ms  wheel= -0.024 rev/s  fas=  +417 Hz (0.130 rev/s)
t=9592ms  wheel= -0.024 rev/s  fas=  +416 Hz (0.130 rev/s)
t=9612ms  wheel= -0.024 rev/s  fas=  +414 Hz (0.129 rev/s)
t=9632ms  wheel= -0.024 rev/s  fas=  +412 Hz (0.129 rev/s)
t=9652ms  wheel= -0.024 rev/s  fas=  +411 Hz (0.128 rev/s)
t=9672ms  wheel= -0.037 rev/s  fas=  +409 Hz (0.128 rev/s)
t=9692ms  wheel= -0.012 rev/s  fas=  +407 Hz (0.127 rev/s)
t=9712ms  wheel= -0.037 rev/s  fas=  +407 Hz (0.127 rev/s)
t=9732ms  wheel= -0.024 rev/s  fas=  +405 Hz (0.127 rev/s)
t=9752ms  wheel= -0.024 rev/s  fas=  +403 Hz (0.126 rev/s)
t=9772ms  wheel= -0.024 rev/s  fas=  +402 Hz (0.126 rev/s)
t=9792ms  wheel= -0.024 rev/s  fas=  +400 Hz (0.125 rev/s)
t=9812ms  wheel= -0.024 rev/s  fas=  +399 Hz (0.125 rev/s)
t=9832ms  wheel= -0.024 rev/s  fas=  +397 Hz (0.124 rev/s)
t=9852ms  wheel= -0.024 rev/s  fas=  +396 Hz (0.124 rev/s)
t=9872ms  wheel= -0.024 rev/s  fas=  +394 Hz (0.123 rev/s)
t=9892ms  wheel= -0.024 rev/s  fas=  +392 Hz (0.123 rev/s)
t=9912ms  wheel= -0.012 rev/s  fas=  +391 Hz (0.122 rev/s)
t=9932ms  wheel= -0.037 rev/s  fas=  +389 Hz (0.122 rev/s)
t=9952ms  wheel= -0.024 rev/s  fas=  +388 Hz (0.121 rev/s)
t=9972ms  wheel= -0.024 rev/s  fas=  +386 Hz (0.121 rev/s)
t=9992ms  wheel= -0.024 rev/s  fas=  +385 Hz (0.120 rev/s)
t=10012ms  wheel= -0.024 rev/s  fas=  +383 Hz (0.120 rev/s)
t=10032ms  wheel= -0.024 rev/s  fas=  +381 Hz (0.119 rev/s)
t=10052ms  wheel= -0.024 rev/s  fas=  +380 Hz (0.119 rev/s)
t=10072ms  wheel= -0.024 rev/s  fas=  +378 Hz (0.118 rev/s)
t=10092ms  wheel= -0.024 rev/s  fas=  +377 Hz (0.118 rev/s)
t=10112ms  wheel= -0.024 rev/s  fas=  +375 Hz (0.117 rev/s)
t=10132ms  wheel= -0.024 rev/s  fas=  +374 Hz (0.117 rev/s)
t=10152ms  wheel= -0.024 rev/s  fas=  +372 Hz (0.116 rev/s)
t=10172ms  wheel= -0.024 rev/s  fas=  +371 Hz (0.116 rev/s)
t=10192ms  wheel= -0.024 rev/s  fas=  +369 Hz (0.115 rev/s)
t=10212ms  wheel= -0.024 rev/s  fas=  +368 Hz (0.115 rev/s)
t=10232ms  wheel= -0.024 rev/s  fas=  +366 Hz (0.114 rev/s)
t=10252ms  wheel= -0.024 rev/s  fas=  +365 Hz (0.114 rev/s)
t=10272ms  wheel= -0.024 rev/s  fas=  +364 Hz (0.114 rev/s)
t=10292ms  wheel= -0.037 rev/s  fas=  +362 Hz (0.113 rev/s)
t=10312ms  wheel= -0.012 rev/s  fas=  +361 Hz (0.113 rev/s)
t=10332ms  wheel= -0.024 rev/s  fas=  +358 Hz (0.112 rev/s)
t=10352ms  wheel= -0.024 rev/s  fas=  +358 Hz (0.112 rev/s)
t=10372ms  wheel= -0.024 rev/s  fas=  +355 Hz (0.111 rev/s)
t=10392ms  wheel= -0.024 rev/s  fas=  +354 Hz (0.111 rev/s)
t=10412ms  wheel= -0.024 rev/s  fas=  +352 Hz (0.110 rev/s)
t=10432ms  wheel= -0.024 rev/s  fas=  +351 Hz (0.110 rev/s)
t=10452ms  wheel= -0.024 rev/s  fas=  +350 Hz (0.109 rev/s)
t=10472ms  wheel= -0.024 rev/s  fas=  +348 Hz (0.109 rev/s)
t=10492ms  wheel= -0.024 rev/s  fas=  +347 Hz (0.108 rev/s)
t=10512ms  wheel= -0.024 rev/s  fas=  +344 Hz (0.108 rev/s)
t=10532ms  wheel= -0.024 rev/s  fas=  +343 Hz (0.107 rev/s)
t=10552ms  wheel= -0.012 rev/s  fas=  +342 Hz (0.107 rev/s)
t=10572ms  wheel= -0.024 rev/s  fas=  +340 Hz (0.106 rev/s)
t=10592ms  wheel= -0.024 rev/s  fas=  +339 Hz (0.106 rev/s)
t=10612ms  wheel= -0.012 rev/s  fas=  +337 Hz (0.105 rev/s)
t=10632ms  wheel= -0.024 rev/s  fas=  +335 Hz (0.105 rev/s)
t=10652ms  wheel= -0.024 rev/s  fas=  +334 Hz (0.104 rev/s)
t=10672ms  wheel= -0.012 rev/s  fas=  +333 Hz (0.104 rev/s)
t=10692ms  wheel= -0.024 rev/s  fas=  +331 Hz (0.103 rev/s)
t=10712ms  wheel= -0.024 rev/s  fas=  +330 Hz (0.103 rev/s)
t=10732ms  wheel= -0.012 rev/s  fas=  +328 Hz (0.102 rev/s)
t=10752ms  wheel= -0.024 rev/s  fas=  +326 Hz (0.102 rev/s)
t=10772ms  wheel= -0.012 rev/s  fas=  +325 Hz (0.102 rev/s)
t=10792ms  wheel= -0.024 rev/s  fas=  +324 Hz (0.101 rev/s)
t=10812ms  wheel= -0.024 rev/s  fas=  +321 Hz (0.100 rev/s)
t=10832ms  wheel= -0.012 rev/s  fas=  +320 Hz (0.100 rev/s)
t=10852ms  wheel= -0.024 rev/s  fas=  +319 Hz (0.100 rev/s)
t=10872ms  wheel= -0.024 rev/s  fas=  +318 Hz (0.099 rev/s)
t=10892ms  wheel= -0.012 rev/s  fas=  +315 Hz (0.098 rev/s)
t=10912ms  wheel= -0.024 rev/s  fas=  +314 Hz (0.098 rev/s)
t=10932ms  wheel= -0.024 rev/s  fas=  +313 Hz (0.098 rev/s)
t=10952ms  wheel= -0.012 rev/s  fas=  +311 Hz (0.097 rev/s)
t=10972ms  wheel= -0.012 rev/s  fas=  +309 Hz (0.097 rev/s)
t=10992ms  wheel= -0.024 rev/s  fas=  +308 Hz (0.096 rev/s)
t=11012ms  wheel= -0.024 rev/s  fas=  +307 Hz (0.096 rev/s)
t=11032ms  wheel= -0.024 rev/s  fas=  +305 Hz (0.095 rev/s)
t=11052ms  wheel= -0.012 rev/s  fas=  +303 Hz (0.095 rev/s)
t=11072ms  wheel= -0.024 rev/s  fas=  +301 Hz (0.094 rev/s)
t=11092ms  wheel= -0.024 rev/s  fas=  +300 Hz (0.094 rev/s)
t=11112ms  wheel= -0.012 rev/s  fas=  +299 Hz (0.093 rev/s)
t=11132ms  wheel= -0.024 rev/s  fas=  +297 Hz (0.093 rev/s)
t=11152ms  wheel= -0.012 rev/s  fas=  +295 Hz (0.092 rev/s)
t=11172ms  wheel= -0.024 rev/s  fas=  +294 Hz (0.092 rev/s)
t=11192ms  wheel= -0.024 rev/s  fas=  +293 Hz (0.092 rev/s)
t=11212ms  wheel= -0.024 rev/s  fas=  +291 Hz (0.091 rev/s)
t=11232ms  wheel= -0.012 rev/s  fas=  +290 Hz (0.091 rev/s)
t=11252ms  wheel= -0.024 rev/s  fas=  +288 Hz (0.090 rev/s)
t=11272ms  wheel= -0.024 rev/s  fas=  +286 Hz (0.089 rev/s)
t=11292ms  wheel= -0.012 rev/s  fas=  +285 Hz (0.089 rev/s)
t=11312ms  wheel= -0.024 rev/s  fas=  +283 Hz (0.088 rev/s)
t=11332ms  wheel= -0.012 rev/s  fas=  +282 Hz (0.088 rev/s)
t=11352ms  wheel= -0.024 rev/s  fas=  +281 Hz (0.088 rev/s)
t=11372ms  wheel= -0.012 rev/s  fas=  +279 Hz (0.087 rev/s)
t=11392ms  wheel= -0.024 rev/s  fas=  +276 Hz (0.086 rev/s)
t=11412ms  wheel= -0.012 rev/s  fas=  +275 Hz (0.086 rev/s)
t=11432ms  wheel= -0.024 rev/s  fas=  +274 Hz (0.086 rev/s)
t=11452ms  wheel= -0.012 rev/s  fas=  +272 Hz (0.085 rev/s)
t=11472ms  wheel= -0.024 rev/s  fas=  +271 Hz (0.085 rev/s)
t=11492ms  wheel= -0.012 rev/s  fas=  +269 Hz (0.084 rev/s)
t=11512ms  wheel= -0.012 rev/s  fas=  +268 Hz (0.084 rev/s)
t=11532ms  wheel= -0.012 rev/s  fas=  +266 Hz (0.083 rev/s)
t=11552ms  wheel= -0.024 rev/s  fas=  +265 Hz (0.083 rev/s)
t=11572ms  wheel= -0.012 rev/s  fas=  +264 Hz (0.083 rev/s)
t=11592ms  wheel= -0.012 rev/s  fas=  +262 Hz (0.082 rev/s)
t=11612ms  wheel= -0.012 rev/s  fas=  +261 Hz (0.082 rev/s)
t=11632ms  wheel= -0.012 rev/s  fas=  +258 Hz (0.081 rev/s)
t=11652ms  wheel= -0.012 rev/s  fas=  +256 Hz (0.080 rev/s)
t=11672ms  wheel= -0.012 rev/s  fas=  +255 Hz (0.080 rev/s)
t=11692ms  wheel= -0.012 rev/s  fas=  +253 Hz (0.079 rev/s)
t=11712ms  wheel= -0.012 rev/s  fas=  +252 Hz (0.079 rev/s)
t=11732ms  wheel= -0.012 rev/s  fas=  +250 Hz (0.078 rev/s)
t=11752ms  wheel= -0.012 rev/s  fas=  +249 Hz (0.078 rev/s)
t=11772ms  wheel= -0.012 rev/s  fas=  +247 Hz (0.077 rev/s)
t=11792ms  wheel= -0.012 rev/s  fas=  +246 Hz (0.077 rev/s)
t=11812ms  wheel= -0.012 rev/s  fas=  +244 Hz (0.076 rev/s)
t=11832ms  wheel= -0.012 rev/s  fas=  +236 Hz (0.074 rev/s)
t=11852ms  wheel= -0.012 rev/s  fas=  +234 Hz (0.073 rev/s)
t=11872ms  wheel= -0.012 rev/s  fas=  +233 Hz (0.073 rev/s)
t=11892ms  wheel= -0.012 rev/s  fas=  +231 Hz (0.072 rev/s)
t=11912ms  wheel= -0.012 rev/s  fas=  +229 Hz (0.072 rev/s)
t=11932ms  wheel= -0.012 rev/s  fas=  +228 Hz (0.071 rev/s)
t=11952ms  wheel= -0.012 rev/s  fas=  +226 Hz (0.071 rev/s)
t=11972ms  wheel= -0.037 rev/s  fas=  +225 Hz (0.070 rev/s)
t=11992ms  wheel= -0.012 rev/s  fas=  +223 Hz (0.070 rev/s)
t=12012ms  wheel= -0.012 rev/s  fas=  +221 Hz (0.069 rev/s)
t=12032ms  wheel= -0.012 rev/s  fas=  +221 Hz (0.069 rev/s)
t=12052ms  wheel= -0.024 rev/s  fas=  +219 Hz (0.068 rev/s)
t=12072ms  wheel= -0.012 rev/s  fas=  +218 Hz (0.068 rev/s)
t=12092ms  wheel= -0.024 rev/s  fas=  +216 Hz (0.068 rev/s)
t=12112ms  wheel= -0.012 rev/s  fas=  +214 Hz (0.067 rev/s)
t=12132ms  wheel= -0.012 rev/s  fas=  +214 Hz (0.067 rev/s)
t=12152ms  wheel= -0.012 rev/s  fas=  +212 Hz (0.066 rev/s)
t=12172ms  wheel= -0.012 rev/s  fas=  +210 Hz (0.066 rev/s)
t=12192ms  wheel= -0.012 rev/s  fas=  +209 Hz (0.065 rev/s)
t=12212ms  wheel= -0.012 rev/s  fas=  +207 Hz (0.065 rev/s)
t=12232ms  wheel= -0.012 rev/s  fas=  +205 Hz (0.064 rev/s)
t=12252ms  wheel= -0.012 rev/s  fas=  +203 Hz (0.063 rev/s)
t=12272ms  wheel= -0.012 rev/s  fas=  +201 Hz (0.063 rev/s)
t=12292ms  wheel= -0.024 rev/s  fas=  +201 Hz (0.063 rev/s)
t=12312ms  wheel= -0.012 rev/s  fas=  +199 Hz (0.062 rev/s)
t=12332ms  wheel= -0.012 rev/s  fas=  +197 Hz (0.062 rev/s)
t=12352ms  wheel= -0.012 rev/s  fas=  +195 Hz (0.061 rev/s)
t=12372ms  wheel= -0.012 rev/s  fas=  +195 Hz (0.061 rev/s)
t=12392ms  wheel= -0.024 rev/s  fas=  +193 Hz (0.060 rev/s)
t=12412ms  wheel= -0.012 rev/s  fas=  +191 Hz (0.060 rev/s)
t=12432ms  wheel= -0.012 rev/s  fas=  +189 Hz (0.059 rev/s)
t=12452ms  wheel= -0.012 rev/s  fas=  +189 Hz (0.059 rev/s)
t=12472ms  wheel= -0.012 rev/s  fas=  +187 Hz (0.058 rev/s)
t=12492ms  wheel= -0.012 rev/s  fas=  +185 Hz (0.058 rev/s)
t=12512ms  wheel= -0.012 rev/s  fas=  +183 Hz (0.057 rev/s)
t=12532ms  wheel= -0.012 rev/s  fas=  +181 Hz (0.057 rev/s)
t=12552ms  wheel= -0.012 rev/s  fas=  +181 Hz (0.057 rev/s)
t=12572ms  wheel= -0.012 rev/s  fas=  +179 Hz (0.056 rev/s)
t=12592ms  wheel= +0.000 rev/s  fas=  +177 Hz (0.055 rev/s)
t=12612ms  wheel= -0.012 rev/s  fas=  +175 Hz (0.055 rev/s)
t=12632ms  wheel= -0.012 rev/s  fas=  +175 Hz (0.055 rev/s)
t=12652ms  wheel= -0.012 rev/s  fas=  +172 Hz (0.054 rev/s)
t=12672ms  wheel= -0.012 rev/s  fas=  +170 Hz (0.053 rev/s)
t=12692ms  wheel= -0.012 rev/s  fas=  +170 Hz (0.053 rev/s)
t=12712ms  wheel= -0.012 rev/s  fas=  +168 Hz (0.052 rev/s)
t=12732ms  wheel= -0.024 rev/s  fas=  +168 Hz (0.052 rev/s)
t=12752ms  wheel= -0.012 rev/s  fas=  +166 Hz (0.052 rev/s)
t=12772ms  wheel= -0.012 rev/s  fas=  +163 Hz (0.051 rev/s)
t=12792ms  wheel= -0.024 rev/s  fas=  +163 Hz (0.051 rev/s)
t=12812ms  wheel= -0.012 rev/s  fas=  +161 Hz (0.050 rev/s)
t=12832ms  wheel= -0.012 rev/s  fas=  +159 Hz (0.050 rev/s)
t=12852ms  wheel= -0.024 rev/s  fas=  +156 Hz (0.049 rev/s)
t=12872ms  wheel= -0.012 rev/s  fas=  +156 Hz (0.049 rev/s)
t=12892ms  wheel= -0.012 rev/s  fas=  +154 Hz (0.048 rev/s)
t=12912ms  wheel= -0.024 rev/s  fas=  +151 Hz (0.047 rev/s)
t=12932ms  wheel= -0.012 rev/s  fas=  +151 Hz (0.047 rev/s)
t=12952ms  wheel= -0.012 rev/s  fas=  +149 Hz (0.047 rev/s)
t=12972ms  wheel= -0.012 rev/s  fas=  +149 Hz (0.047 rev/s)
t=12992ms  wheel= -0.024 rev/s  fas=  +146 Hz (0.046 rev/s)
t=13012ms  wheel= -0.012 rev/s  fas=  +146 Hz (0.046 rev/s)
t=13032ms  wheel= -0.012 rev/s  fas=  +144 Hz (0.045 rev/s)
t=13052ms  wheel= -0.012 rev/s  fas=  +144 Hz (0.045 rev/s)
t=13072ms  wheel= -0.012 rev/s  fas=  +141 Hz (0.044 rev/s)
t=13092ms  wheel= -0.012 rev/s  fas=  +138 Hz (0.043 rev/s)
t=13112ms  wheel= -0.012 rev/s  fas=  +138 Hz (0.043 rev/s)
t=13132ms  wheel= -0.012 rev/s  fas=  +135 Hz (0.042 rev/s)
t=13152ms  wheel= +0.000 rev/s  fas=  +135 Hz (0.042 rev/s)
t=13172ms  wheel= -0.012 rev/s  fas=  +132 Hz (0.041 rev/s)
t=13192ms  wheel= +0.000 rev/s  fas=  +129 Hz (0.040 rev/s)
t=13212ms  wheel= -0.012 rev/s  fas=  +129 Hz (0.040 rev/s)
t=13232ms  wheel= +0.000 rev/s  fas=  +126 Hz (0.039 rev/s)
t=13252ms  wheel= -0.012 rev/s  fas=  +126 Hz (0.039 rev/s)
t=13272ms  wheel= +0.000 rev/s  fas=  +123 Hz (0.038 rev/s)
t=13292ms  wheel= -0.012 rev/s  fas=  +123 Hz (0.038 rev/s)
t=13312ms  wheel= +0.000 rev/s  fas=  +120 Hz (0.038 rev/s)
t=13332ms  wheel= -0.012 rev/s  fas=  +120 Hz (0.038 rev/s)
t=13352ms  wheel= +0.000 rev/s  fas=  +120 Hz (0.038 rev/s)
t=13372ms  wheel= +0.000 rev/s  fas=  +117 Hz (0.037 rev/s)
t=13392ms  wheel= +0.000 rev/s  fas=  +117 Hz (0.037 rev/s)
t=13412ms  wheel= -0.012 rev/s  fas=  +114 Hz (0.036 rev/s)
t=13432ms  wheel= +0.000 rev/s  fas=  +114 Hz (0.036 rev/s)
t=13452ms  wheel= +0.000 rev/s  fas=  +110 Hz (0.034 rev/s)
t=13472ms  wheel= -0.012 rev/s  fas=  +110 Hz (0.034 rev/s)
t=13492ms  wheel= +0.000 rev/s  fas=  +110 Hz (0.034 rev/s)
t=13512ms  wheel= +0.000 rev/s  fas=  +107 Hz (0.033 rev/s)
t=13532ms  wheel= +0.000 rev/s  fas=  +107 Hz (0.033 rev/s)
t=13552ms  wheel= -0.012 rev/s  fas=  +103 Hz (0.032 rev/s)
t=13572ms  wheel= +0.000 rev/s  fas=  +103 Hz (0.032 rev/s)
t=13592ms  wheel= -0.012 rev/s  fas=   +99 Hz (0.031 rev/s)
t=13612ms  wheel= +0.000 rev/s  fas=   +99 Hz (0.031 rev/s)
t=13632ms  wheel= -0.012 rev/s  fas=   +95 Hz (0.030 rev/s)
t=13652ms  wheel= +0.000 rev/s  fas=   +95 Hz (0.030 rev/s)
t=13672ms  wheel= -0.012 rev/s  fas=   +95 Hz (0.030 rev/s)
t=13692ms  wheel= +0.000 rev/s  fas=   +91 Hz (0.028 rev/s)
t=13712ms  wheel= -0.012 rev/s  fas=   +91 Hz (0.028 rev/s)
t=13732ms  wheel= -0.012 rev/s  fas=   +91 Hz (0.028 rev/s)
t=13752ms  wheel= -0.012 rev/s  fas=   +87 Hz (0.027 rev/s)
t=13772ms  wheel= +0.000 rev/s  fas=   +87 Hz (0.027 rev/s)
t=13792ms  wheel= -0.012 rev/s  fas=   +87 Hz (0.027 rev/s)
t=13812ms  wheel= -0.012 rev/s  fas=   +83 Hz (0.026 rev/s)
t=13832ms  wheel= -0.012 rev/s  fas=   +83 Hz (0.026 rev/s)
t=13852ms  wheel= +0.000 rev/s  fas=   +78 Hz (0.024 rev/s)
t=13872ms  wheel= -0.012 rev/s  fas=   +78 Hz (0.024 rev/s)
t=13892ms  wheel= -0.012 rev/s  fas=   +78 Hz (0.024 rev/s)
t=13912ms  wheel= -0.012 rev/s  fas=   +78 Hz (0.024 rev/s)
t=13932ms  wheel= +0.000 rev/s  fas=   +73 Hz (0.023 rev/s)
t=13952ms  wheel= -0.012 rev/s  fas=   +73 Hz (0.023 rev/s)
t=13972ms  wheel= +0.000 rev/s  fas=   +73 Hz (0.023 rev/s)
t=13992ms  wheel= -0.012 rev/s  fas=   +67 Hz (0.021 rev/s)
t=14012ms  wheel= -0.012 rev/s  fas=   +67 Hz (0.021 rev/s)
t=14032ms  wheel= +0.000 rev/s  fas=   +67 Hz (0.021 rev/s)
t=14052ms  wheel= -0.012 rev/s  fas=   +67 Hz (0.021 rev/s)
t=14072ms  wheel= -0.012 rev/s  fas=   +61 Hz (0.019 rev/s)
t=14092ms  wheel= +0.000 rev/s  fas=   +61 Hz (0.019 rev/s)
t=14112ms  wheel= +0.000 rev/s  fas=   +61 Hz (0.019 rev/s)
t=14132ms  wheel= -0.012 rev/s  fas=   +61 Hz (0.019 rev/s)
t=14152ms  wheel= +0.000 rev/s  fas=   +55 Hz (0.017 rev/s)
t=14172ms  wheel= -0.012 rev/s  fas=   +55 Hz (0.017 rev/s)
t=14192ms  wheel= +0.000 rev/s  fas=   +55 Hz (0.017 rev/s)
t=14212ms  wheel= +0.000 rev/s  fas=   +55 Hz (0.017 rev/s)
t=14232ms  wheel= +0.000 rev/s  fas=   +47 Hz (0.015 rev/s)
t=14252ms  wheel= +0.000 rev/s  fas=   +47 Hz (0.015 rev/s)
t=14272ms  wheel= +0.000 rev/s  fas=   +47 Hz (0.015 rev/s)
t=14292ms  wheel= +0.000 rev/s  fas=   +47 Hz (0.015 rev/s)
t=14312ms  wheel= -0.012 rev/s  fas=   +47 Hz (0.015 rev/s)
t=14332ms  wheel= +0.000 rev/s  fas=   +47 Hz (0.015 rev/s)
t=14352ms  wheel= +0.000 rev/s  fas=   +39 Hz (0.012 rev/s)
t=14372ms  wheel= +0.000 rev/s  fas=   +39 Hz (0.012 rev/s)
t=14392ms  wheel= +0.000 rev/s  fas=   +39 Hz (0.012 rev/s)
t=14412ms  wheel= +0.000 rev/s  fas=   +39 Hz (0.012 rev/s)
t=14432ms  wheel= +0.000 rev/s  fas=   +39 Hz (0.012 rev/s)
t=14452ms  wheel= +0.000 rev/s  fas=   +39 Hz (0.012 rev/s)
t=14472ms  wheel= +0.000 rev/s  fas=   +27 Hz (0.008 rev/s)
t=14492ms  wheel= +0.000 rev/s  fas=   +27 Hz (0.008 rev/s)
t=14512ms  wheel= +0.000 rev/s  fas=   +27 Hz (0.008 rev/s)
t=14532ms  wheel= +0.000 rev/s  fas=   +27 Hz (0.008 rev/s)
t=14552ms  wheel= -0.012 rev/s  fas=   +27 Hz (0.008 rev/s)
t=14572ms  wheel= +0.000 rev/s  fas=   +27 Hz (0.008 rev/s)
t=14592ms  wheel= +0.000 rev/s  fas=   +27 Hz (0.008 rev/s)
t=14612ms  wheel= +0.000 rev/s  fas=   +27 Hz (0.008 rev/s)
t=14632ms  wheel= +0.000 rev/s  fas=   +27 Hz (0.008 rev/s)
t=14652ms  wheel= -0.012 rev/s  fas=   +27 Hz (0.008 rev/s)
t=14672ms  wheel= +0.000 rev/s  fas=   +27 Hz (0.008 rev/s)
t=14692ms  wheel= +0.000 rev/s  fas=   +27 Hz (0.008 rev/s)
t=14712ms  wheel= +0.000 rev/s  fas=   +27 Hz (0.008 rev/s)
t=14732ms  wheel= +0.000 rev/s  fas=   +27 Hz (0.008 rev/s)
t=14752ms  wheel= -0.012 rev/s  fas=   +27 Hz (0.008 rev/s)
t=14772ms  wheel= +0.000 rev/s  fas=   +27 Hz (0.008 rev/s)
t=14792ms  wheel= +0.000 rev/s  fas=   +27 Hz (0.008 rev/s)
t=14812ms  wheel= -0.012 rev/s  fas=    +0 Hz (0.000 rev/s)
t=14832ms  wheel= +0.000 rev/s  fas=    +0 Hz (0.000 rev/s)
t=14852ms  wheel= +0.000 rev/s  fas=    +0 Hz (0.000 rev/s)
t=14872ms  wheel= -0.012 rev/s  fas=    +0 Hz (0.000 rev/s)
t=14892ms  wheel= +0.000 rev/s  fas=    +0 Hz (0.000 rev/s)
t=14912ms  wheel= +0.000 rev/s  fas=    +0 Hz (0.000 rev/s)
[DONE] total 14927 ms, final wheel omega=0.000 rev/s - LOCKED at 2300 mA
send 'n' to release and arm for the next spin

[HOST 2026-09-18T13:10:33.244] TX n
=== released - waiting for the next spin ===
[WAIT] spin the wheel now
[CAPTURE] omega=0.554 rev/s  dir=-1  (posSign=-1)
[BRAKE] jump-start hz=1772 jumpStep=2661, current=2300 mA, decel=590 sps2 (target 3.0s) - GO
t= 312ms  wheel= +0.000 rev/s  fas= +1733 Hz (0.542 rev/s)
t= 332ms  wheel= -0.110 rev/s  fas= +1730 Hz (0.541 rev/s)
t= 352ms  wheel= -0.098 rev/s  fas= +1728 Hz (0.540 rev/s)
t= 372ms  wheel= -0.110 rev/s  fas= +1725 Hz (0.539 rev/s)
t= 392ms  wheel= -0.098 rev/s  fas= +1724 Hz (0.539 rev/s)
t= 412ms  wheel= -0.122 rev/s  fas= +1721 Hz (0.538 rev/s)
t= 432ms  wheel= -0.098 rev/s  fas= +1719 Hz (0.537 rev/s)
t= 452ms  wheel= -0.110 rev/s  fas= +1716 Hz (0.536 rev/s)
t= 472ms  wheel= -0.098 rev/s  fas= +1715 Hz (0.536 rev/s)
t= 492ms  wheel= -0.098 rev/s  fas= +1712 Hz (0.535 rev/s)
t= 512ms  wheel= -0.110 rev/s  fas= +1710 Hz (0.534 rev/s)
t= 532ms  wheel= -0.098 rev/s  fas= +1707 Hz (0.533 rev/s)
t= 552ms  wheel= -0.110 rev/s  fas= +1706 Hz (0.533 rev/s)
t= 572ms  wheel= -0.098 rev/s  fas= +1703 Hz (0.532 rev/s)
t= 592ms  wheel= -0.110 rev/s  fas= +1700 Hz (0.531 rev/s)
t= 612ms  wheel= -0.098 rev/s  fas= +1696 Hz (0.530 rev/s)
t= 632ms  wheel= -0.098 rev/s  fas= +1693 Hz (0.529 rev/s)
t= 652ms  wheel= -0.110 rev/s  fas= +1693 Hz (0.529 rev/s)
t= 672ms  wheel= -0.098 rev/s  fas= +1692 Hz (0.529 rev/s)
t= 692ms  wheel= -0.098 rev/s  fas= +1687 Hz (0.527 rev/s)
t= 712ms  wheel= -0.098 rev/s  fas= +1684 Hz (0.526 rev/s)
t= 732ms  wheel= -0.110 rev/s  fas= +1683 Hz (0.526 rev/s)
t= 752ms  wheel= -0.110 rev/s  fas= +1680 Hz (0.525 rev/s)
t= 772ms  wheel= -0.098 rev/s  fas= +1677 Hz (0.524 rev/s)
t= 792ms  wheel= -0.110 rev/s  fas= +1675 Hz (0.523 rev/s)
t= 812ms  wheel= -0.085 rev/s  fas= +1673 Hz (0.523 rev/s)
t= 832ms  wheel= -0.110 rev/s  fas= +1670 Hz (0.522 rev/s)
t= 852ms  wheel= -0.085 rev/s  fas= +1669 Hz (0.522 rev/s)
t= 872ms  wheel= -0.110 rev/s  fas= +1666 Hz (0.521 rev/s)
t= 892ms  wheel= -0.098 rev/s  fas= +1665 Hz (0.520 rev/s)
t= 912ms  wheel= -0.098 rev/s  fas= +1662 Hz (0.519 rev/s)
t= 932ms  wheel= -0.110 rev/s  fas= +1659 Hz (0.518 rev/s)
t= 952ms  wheel= -0.098 rev/s  fas= +1657 Hz (0.518 rev/s)
t= 972ms  wheel= -0.098 rev/s  fas= +1655 Hz (0.517 rev/s)
t= 992ms  wheel= -0.110 rev/s  fas= +1652 Hz (0.516 rev/s)
t=1012ms  wheel= -0.098 rev/s  fas= +1651 Hz (0.516 rev/s)
t=1032ms  wheel= -0.110 rev/s  fas= +1648 Hz (0.515 rev/s)
t=1052ms  wheel= -0.085 rev/s  fas= +1647 Hz (0.515 rev/s)
t=1072ms  wheel= -0.110 rev/s  fas= +1644 Hz (0.514 rev/s)
t=1092ms  wheel= -0.098 rev/s  fas= +1642 Hz (0.513 rev/s)
t=1112ms  wheel= -0.098 rev/s  fas= +1639 Hz (0.512 rev/s)
t=1132ms  wheel= -0.110 rev/s  fas= +1638 Hz (0.512 rev/s)
t=1152ms  wheel= -0.085 rev/s  fas= +1635 Hz (0.511 rev/s)
t=1172ms  wheel= -0.110 rev/s  fas= +1631 Hz (0.510 rev/s)
t=1192ms  wheel= -0.098 rev/s  fas= +1628 Hz (0.509 rev/s)
t=1212ms  wheel= -0.098 rev/s  fas= +1626 Hz (0.508 rev/s)
t=1232ms  wheel= -0.110 rev/s  fas= +1624 Hz (0.507 rev/s)
t=1252ms  wheel= -0.098 rev/s  fas= +1622 Hz (0.507 rev/s)
t=1272ms  wheel= -0.098 rev/s  fas= +1620 Hz (0.506 rev/s)
t=1292ms  wheel= -0.085 rev/s  fas= +1618 Hz (0.506 rev/s)
t=1312ms  wheel= -0.110 rev/s  fas= +1615 Hz (0.505 rev/s)
t=1332ms  wheel= -0.098 rev/s  fas= +1612 Hz (0.504 rev/s)
t=1352ms  wheel= -0.098 rev/s  fas= +1611 Hz (0.503 rev/s)
t=1372ms  wheel= -0.110 rev/s  fas= +1609 Hz (0.503 rev/s)
t=1392ms  wheel= -0.098 rev/s  fas= +1607 Hz (0.502 rev/s)
t=1412ms  wheel= -0.098 rev/s  fas= +1602 Hz (0.501 rev/s)
t=1432ms  wheel= -0.098 rev/s  fas= +1600 Hz (0.500 rev/s)
t=1452ms  wheel= -0.098 rev/s  fas= +1598 Hz (0.499 rev/s)
t=1472ms  wheel= -0.110 rev/s  fas= +1596 Hz (0.499 rev/s)
t=1492ms  wheel= -0.085 rev/s  fas= +1593 Hz (0.498 rev/s)
t=1512ms  wheel= -0.110 rev/s  fas= +1591 Hz (0.497 rev/s)
t=1532ms  wheel= -0.098 rev/s  fas= +1589 Hz (0.497 rev/s)
t=1552ms  wheel= -0.098 rev/s  fas= +1587 Hz (0.496 rev/s)
t=1572ms  wheel= -0.110 rev/s  fas= +1586 Hz (0.496 rev/s)
t=1592ms  wheel= -0.098 rev/s  fas= +1581 Hz (0.494 rev/s)
t=1612ms  wheel= -0.085 rev/s  fas= +1578 Hz (0.493 rev/s)
t=1632ms  wheel= -0.110 rev/s  fas= +1577 Hz (0.493 rev/s)
t=1652ms  wheel= -0.098 rev/s  fas= +1574 Hz (0.492 rev/s)
t=1672ms  wheel= -0.098 rev/s  fas= +1572 Hz (0.491 rev/s)
t=1692ms  wheel= -0.085 rev/s  fas= +1569 Hz (0.490 rev/s)
t=1712ms  wheel= -0.098 rev/s  fas= +1568 Hz (0.490 rev/s)
t=1732ms  wheel= -0.110 rev/s  fas= +1566 Hz (0.489 rev/s)
t=1752ms  wheel= -0.098 rev/s  fas= +1563 Hz (0.488 rev/s)
t=1772ms  wheel= -0.098 rev/s  fas= +1560 Hz (0.488 rev/s)
t=1792ms  wheel= -0.098 rev/s  fas= +1557 Hz (0.487 rev/s)
t=1812ms  wheel= -0.098 rev/s  fas= +1555 Hz (0.486 rev/s)
t=1832ms  wheel= -0.110 rev/s  fas= +1552 Hz (0.485 rev/s)
t=1852ms  wheel= -0.085 rev/s  fas= +1551 Hz (0.485 rev/s)
t=1872ms  wheel= -0.110 rev/s  fas= +1549 Hz (0.484 rev/s)
t=1892ms  wheel= -0.098 rev/s  fas= +1547 Hz (0.483 rev/s)
t=1912ms  wheel= -0.085 rev/s  fas= +1545 Hz (0.483 rev/s)
t=1932ms  wheel= -0.110 rev/s  fas= +1543 Hz (0.482 rev/s)
t=1952ms  wheel= -0.098 rev/s  fas= +1540 Hz (0.481 rev/s)
t=1972ms  wheel= -0.098 rev/s  fas= +1538 Hz (0.481 rev/s)
t=1992ms  wheel= -0.098 rev/s  fas= +1536 Hz (0.480 rev/s)
t=2012ms  wheel= -0.098 rev/s  fas= +1532 Hz (0.479 rev/s)
t=2032ms  wheel= -0.098 rev/s  fas= +1530 Hz (0.478 rev/s)
t=2052ms  wheel= -0.098 rev/s  fas= +1527 Hz (0.477 rev/s)
t=2072ms  wheel= -0.098 rev/s  fas= +1526 Hz (0.477 rev/s)
t=2092ms  wheel= -0.098 rev/s  fas= +1524 Hz (0.476 rev/s)
t=2112ms  wheel= -0.085 rev/s  fas= +1522 Hz (0.476 rev/s)
t=2132ms  wheel= -0.098 rev/s  fas= +1518 Hz (0.474 rev/s)
t=2152ms  wheel= -0.110 rev/s  fas= +1516 Hz (0.474 rev/s)
t=2172ms  wheel= -0.098 rev/s  fas= +1514 Hz (0.473 rev/s)
t=2192ms  wheel= -0.098 rev/s  fas= +1511 Hz (0.472 rev/s)
t=2212ms  wheel= -0.085 rev/s  fas= +1510 Hz (0.472 rev/s)
t=2232ms  wheel= -0.098 rev/s  fas= +1506 Hz (0.471 rev/s)
t=2252ms  wheel= -0.110 rev/s  fas= +1503 Hz (0.470 rev/s)
t=2272ms  wheel= -0.085 rev/s  fas= +1501 Hz (0.469 rev/s)
t=2292ms  wheel= -0.098 rev/s  fas= +1499 Hz (0.468 rev/s)
t=2312ms  wheel= -0.098 rev/s  fas= +1498 Hz (0.468 rev/s)
t=2332ms  wheel= -0.085 rev/s  fas= +1495 Hz (0.467 rev/s)
t=2352ms  wheel= -0.110 rev/s  fas= +1493 Hz (0.467 rev/s)
t=2372ms  wheel= -0.085 rev/s  fas= +1491 Hz (0.466 rev/s)
t=2392ms  wheel= -0.110 rev/s  fas= +1488 Hz (0.465 rev/s)
t=2412ms  wheel= -0.098 rev/s  fas= +1485 Hz (0.464 rev/s)
t=2432ms  wheel= -0.085 rev/s  fas= +1483 Hz (0.463 rev/s)
t=2452ms  wheel= -0.098 rev/s  fas= +1481 Hz (0.463 rev/s)
t=2472ms  wheel= -0.098 rev/s  fas= +1479 Hz (0.462 rev/s)
t=2492ms  wheel= -0.085 rev/s  fas= +1478 Hz (0.462 rev/s)
t=2512ms  wheel= -0.098 rev/s  fas= +1476 Hz (0.461 rev/s)
t=2532ms  wheel= -0.098 rev/s  fas= +1471 Hz (0.460 rev/s)
t=2552ms  wheel= -0.085 rev/s  fas= +1469 Hz (0.459 rev/s)
t=2572ms  wheel= -0.110 rev/s  fas= +1467 Hz (0.458 rev/s)
t=2592ms  wheel= -0.085 rev/s  fas= +1466 Hz (0.458 rev/s)
t=2612ms  wheel= -0.098 rev/s  fas= +1461 Hz (0.457 rev/s)
t=2632ms  wheel= -0.098 rev/s  fas= +1459 Hz (0.456 rev/s)
t=2652ms  wheel= -0.085 rev/s  fas= +1457 Hz (0.455 rev/s)
t=2672ms  wheel= -0.098 rev/s  fas= +1455 Hz (0.455 rev/s)
t=2692ms  wheel= -0.098 rev/s  fas= +1453 Hz (0.454 rev/s)
t=2712ms  wheel= -0.085 rev/s  fas= +1450 Hz (0.453 rev/s)
t=2732ms  wheel= -0.098 rev/s  fas= +1448 Hz (0.452 rev/s)
t=2752ms  wheel= -0.098 rev/s  fas= +1446 Hz (0.452 rev/s)
t=2772ms  wheel= -0.085 rev/s  fas= +1444 Hz (0.451 rev/s)
t=2792ms  wheel= -0.098 rev/s  fas= +1441 Hz (0.450 rev/s)
t=2812ms  wheel= -0.098 rev/s  fas= +1439 Hz (0.450 rev/s)
t=2832ms  wheel= -0.098 rev/s  fas= +1435 Hz (0.448 rev/s)
t=2852ms  wheel= -0.098 rev/s  fas= +1434 Hz (0.448 rev/s)
t=2872ms  wheel= -0.085 rev/s  fas= +1432 Hz (0.447 rev/s)
t=2892ms  wheel= -0.085 rev/s  fas= +1428 Hz (0.446 rev/s)
t=2912ms  wheel= -0.098 rev/s  fas= +1428 Hz (0.446 rev/s)
t=2932ms  wheel= -0.085 rev/s  fas= +1424 Hz (0.445 rev/s)
t=2952ms  wheel= -0.098 rev/s  fas= +1422 Hz (0.444 rev/s)
t=2972ms  wheel= -0.085 rev/s  fas= +1420 Hz (0.444 rev/s)
t=2992ms  wheel= -0.085 rev/s  fas= +1417 Hz (0.443 rev/s)
t=3012ms  wheel= -0.098 rev/s  fas= +1415 Hz (0.442 rev/s)
t=3032ms  wheel= -0.098 rev/s  fas= +1413 Hz (0.442 rev/s)
t=3052ms  wheel= -0.085 rev/s  fas= +1411 Hz (0.441 rev/s)
t=3072ms  wheel= -0.098 rev/s  fas= +1409 Hz (0.440 rev/s)
t=3092ms  wheel= -0.085 rev/s  fas= +1405 Hz (0.439 rev/s)
t=3112ms  wheel= -0.085 rev/s  fas= +1403 Hz (0.438 rev/s)
t=3132ms  wheel= -0.098 rev/s  fas= +1401 Hz (0.438 rev/s)
t=3152ms  wheel= -0.085 rev/s  fas= +1399 Hz (0.437 rev/s)
t=3172ms  wheel= -0.085 rev/s  fas= +1395 Hz (0.436 rev/s)
t=3192ms  wheel= -0.085 rev/s  fas= +1393 Hz (0.435 rev/s)
t=3212ms  wheel= -0.085 rev/s  fas= +1392 Hz (0.435 rev/s)
t=3232ms  wheel= -0.098 rev/s  fas= +1388 Hz (0.434 rev/s)
t=3252ms  wheel= -0.098 rev/s  fas= +1388 Hz (0.434 rev/s)
t=3272ms  wheel= -0.085 rev/s  fas= +1385 Hz (0.433 rev/s)
t=3292ms  wheel= -0.085 rev/s  fas= +1383 Hz (0.432 rev/s)
t=3312ms  wheel= -0.098 rev/s  fas= +1379 Hz (0.431 rev/s)
t=3332ms  wheel= -0.073 rev/s  fas= +1377 Hz (0.430 rev/s)
t=3352ms  wheel= -0.098 rev/s  fas= +1375 Hz (0.430 rev/s)
t=3372ms  wheel= -0.085 rev/s  fas= +1373 Hz (0.429 rev/s)
t=3392ms  wheel= -0.085 rev/s  fas= +1369 Hz (0.428 rev/s)
t=3412ms  wheel= -0.085 rev/s  fas= +1367 Hz (0.427 rev/s)
t=3432ms  wheel= -0.085 rev/s  fas= +1366 Hz (0.427 rev/s)
t=3452ms  wheel= -0.073 rev/s  fas= +1364 Hz (0.426 rev/s)
t=3472ms  wheel= -0.098 rev/s  fas= +1360 Hz (0.425 rev/s)
t=3492ms  wheel= -0.085 rev/s  fas= +1358 Hz (0.424 rev/s)
t=3512ms  wheel= -0.085 rev/s  fas= +1356 Hz (0.424 rev/s)
t=3532ms  wheel= -0.085 rev/s  fas= +1353 Hz (0.423 rev/s)
t=3552ms  wheel= -0.085 rev/s  fas= +1351 Hz (0.422 rev/s)
t=3572ms  wheel= -0.085 rev/s  fas= +1349 Hz (0.422 rev/s)
t=3592ms  wheel= -0.085 rev/s  fas= +1347 Hz (0.421 rev/s)
t=3612ms  wheel= -0.085 rev/s  fas= +1344 Hz (0.420 rev/s)
t=3632ms  wheel= -0.085 rev/s  fas= +1342 Hz (0.419 rev/s)
t=3652ms  wheel= -0.098 rev/s  fas= +1340 Hz (0.419 rev/s)
t=3672ms  wheel= -0.073 rev/s  fas= +1336 Hz (0.417 rev/s)
t=3692ms  wheel= -0.085 rev/s  fas= +1335 Hz (0.417 rev/s)
t=3712ms  wheel= -0.085 rev/s  fas= +1333 Hz (0.417 rev/s)
t=3732ms  wheel= -0.073 rev/s  fas= +1329 Hz (0.415 rev/s)
t=3752ms  wheel= -0.098 rev/s  fas= +1328 Hz (0.415 rev/s)
t=3772ms  wheel= -0.085 rev/s  fas= +1326 Hz (0.414 rev/s)
t=3792ms  wheel= -0.073 rev/s  fas= +1322 Hz (0.413 rev/s)
t=3812ms  wheel= -0.085 rev/s  fas= +1321 Hz (0.413 rev/s)
t=3832ms  wheel= -0.085 rev/s  fas= +1319 Hz (0.412 rev/s)
t=3852ms  wheel= -0.073 rev/s  fas= +1317 Hz (0.412 rev/s)
t=3872ms  wheel= -0.085 rev/s  fas= +1313 Hz (0.410 rev/s)
t=3892ms  wheel= -0.085 rev/s  fas= +1311 Hz (0.410 rev/s)
t=3912ms  wheel= -0.073 rev/s  fas= +1309 Hz (0.409 rev/s)
t=3932ms  wheel= -0.085 rev/s  fas= +1306 Hz (0.408 rev/s)
t=3952ms  wheel= -0.085 rev/s  fas= +1304 Hz (0.407 rev/s)
t=3972ms  wheel= -0.073 rev/s  fas= +1302 Hz (0.407 rev/s)
t=3992ms  wheel= -0.085 rev/s  fas= +1299 Hz (0.406 rev/s)
t=4012ms  wheel= -0.085 rev/s  fas= +1297 Hz (0.405 rev/s)
t=4032ms  wheel= -0.073 rev/s  fas= +1296 Hz (0.405 rev/s)
t=4052ms  wheel= -0.073 rev/s  fas= +1291 Hz (0.403 rev/s)
t=4072ms  wheel= -0.098 rev/s  fas= +1290 Hz (0.403 rev/s)
t=4092ms  wheel= -0.073 rev/s  fas= +1287 Hz (0.402 rev/s)
t=4112ms  wheel= -0.085 rev/s  fas= +1285 Hz (0.402 rev/s)
t=4132ms  wheel= -0.073 rev/s  fas= +1283 Hz (0.401 rev/s)
t=4152ms  wheel= -0.085 rev/s  fas= +1282 Hz (0.401 rev/s)
t=4172ms  wheel= -0.073 rev/s  fas= +1278 Hz (0.399 rev/s)
t=4192ms  wheel= -0.085 rev/s  fas= +1277 Hz (0.399 rev/s)
t=4212ms  wheel= -0.086 rev/s  fas= +1274 Hz (0.398 rev/s)
t=4232ms  wheel= -0.073 rev/s  fas= +1271 Hz (0.397 rev/s)
t=4252ms  wheel= -0.073 rev/s  fas= +1269 Hz (0.397 rev/s)
t=4272ms  wheel= -0.085 rev/s  fas= +1266 Hz (0.396 rev/s)
t=4292ms  wheel= -0.073 rev/s  fas= +1264 Hz (0.395 rev/s)
t=4312ms  wheel= -0.073 rev/s  fas= +1262 Hz (0.394 rev/s)
t=4332ms  wheel= -0.085 rev/s  fas= +1259 Hz (0.393 rev/s)
t=4352ms  wheel= -0.073 rev/s  fas= +1257 Hz (0.393 rev/s)
t=4372ms  wheel= -0.085 rev/s  fas= +1256 Hz (0.393 rev/s)
t=4392ms  wheel= -0.073 rev/s  fas= +1253 Hz (0.392 rev/s)
t=4412ms  wheel= -0.073 rev/s  fas= +1250 Hz (0.391 rev/s)
t=4432ms  wheel= -0.073 rev/s  fas= +1247 Hz (0.390 rev/s)
t=4452ms  wheel= -0.085 rev/s  fas= +1246 Hz (0.389 rev/s)
t=4472ms  wheel= -0.073 rev/s  fas= +1243 Hz (0.388 rev/s)
t=4492ms  wheel= -0.073 rev/s  fas= +1240 Hz (0.387 rev/s)
t=4512ms  wheel= -0.085 rev/s  fas= +1239 Hz (0.387 rev/s)
t=4532ms  wheel= -0.073 rev/s  fas= +1237 Hz (0.387 rev/s)
t=4552ms  wheel= -0.073 rev/s  fas= +1233 Hz (0.385 rev/s)
t=4572ms  wheel= -0.073 rev/s  fas= +1232 Hz (0.385 rev/s)
t=4592ms  wheel= -0.085 rev/s  fas= +1229 Hz (0.384 rev/s)
t=4612ms  wheel= -0.073 rev/s  fas= +1227 Hz (0.383 rev/s)
t=4632ms  wheel= -0.061 rev/s  fas= +1223 Hz (0.382 rev/s)
t=4652ms  wheel= -0.085 rev/s  fas= +1222 Hz (0.382 rev/s)
t=4672ms  wheel= -0.073 rev/s  fas= +1219 Hz (0.381 rev/s)
t=4692ms  wheel= -0.061 rev/s  fas= +1217 Hz (0.380 rev/s)
t=4712ms  wheel= -0.085 rev/s  fas= +1215 Hz (0.380 rev/s)
t=4732ms  wheel= -0.073 rev/s  fas= +1212 Hz (0.379 rev/s)
t=4752ms  wheel= -0.073 rev/s  fas= +1210 Hz (0.378 rev/s)
t=4772ms  wheel= -0.085 rev/s  fas= +1207 Hz (0.377 rev/s)
t=4792ms  wheel= -0.061 rev/s  fas= +1206 Hz (0.377 rev/s)
t=4812ms  wheel= -0.073 rev/s  fas= +1204 Hz (0.376 rev/s)
t=4832ms  wheel= -0.073 rev/s  fas= +1201 Hz (0.375 rev/s)
t=4852ms  wheel= -0.085 rev/s  fas= +1199 Hz (0.375 rev/s)
t=4872ms  wheel= -0.061 rev/s  fas= +1196 Hz (0.374 rev/s)
t=4892ms  wheel= -0.073 rev/s  fas= +1194 Hz (0.373 rev/s)
t=4912ms  wheel= -0.073 rev/s  fas= +1191 Hz (0.372 rev/s)
t=4932ms  wheel= -0.073 rev/s  fas= +1188 Hz (0.371 rev/s)
t=4952ms  wheel= -0.061 rev/s  fas= +1186 Hz (0.371 rev/s)
t=4972ms  wheel= -0.085 rev/s  fas= +1183 Hz (0.370 rev/s)
t=4992ms  wheel= -0.073 rev/s  fas= +1182 Hz (0.369 rev/s)
t=5012ms  wheel= -0.061 rev/s  fas= +1180 Hz (0.369 rev/s)
t=5032ms  wheel= -0.073 rev/s  fas= +1177 Hz (0.368 rev/s)
t=5052ms  wheel= -0.085 rev/s  fas= +1175 Hz (0.367 rev/s)
t=5072ms  wheel= -0.061 rev/s  fas= +1172 Hz (0.366 rev/s)
t=5092ms  wheel= -0.061 rev/s  fas= +1170 Hz (0.366 rev/s)
t=5112ms  wheel= -0.085 rev/s  fas= +1167 Hz (0.365 rev/s)
t=5132ms  wheel= -0.061 rev/s  fas= +1166 Hz (0.364 rev/s)
t=5152ms  wheel= -0.073 rev/s  fas= +1162 Hz (0.363 rev/s)
t=5172ms  wheel= -0.073 rev/s  fas= +1161 Hz (0.363 rev/s)
t=5192ms  wheel= -0.073 rev/s  fas= +1159 Hz (0.362 rev/s)
t=5212ms  wheel= -0.061 rev/s  fas= +1156 Hz (0.361 rev/s)
t=5232ms  wheel= -0.061 rev/s  fas= +1153 Hz (0.360 rev/s)
t=5252ms  wheel= -0.085 rev/s  fas= +1152 Hz (0.360 rev/s)
t=5272ms  wheel= -0.073 rev/s  fas= +1148 Hz (0.359 rev/s)
t=5292ms  wheel= -0.061 rev/s  fas= +1146 Hz (0.358 rev/s)
t=5312ms  wheel= -0.073 rev/s  fas= +1144 Hz (0.357 rev/s)
t=5332ms  wheel= -0.073 rev/s  fas= +1142 Hz (0.357 rev/s)
t=5352ms  wheel= -0.061 rev/s  fas= +1139 Hz (0.356 rev/s)
t=5372ms  wheel= -0.061 rev/s  fas= +1137 Hz (0.355 rev/s)
t=5392ms  wheel= -0.085 rev/s  fas= +1134 Hz (0.354 rev/s)
t=5412ms  wheel= -0.061 rev/s  fas= +1131 Hz (0.353 rev/s)
t=5432ms  wheel= -0.061 rev/s  fas= +1130 Hz (0.353 rev/s)
t=5452ms  wheel= -0.073 rev/s  fas= +1128 Hz (0.352 rev/s)
t=5472ms  wheel= -0.073 rev/s  fas= +1125 Hz (0.352 rev/s)
t=5492ms  wheel= -0.061 rev/s  fas= +1122 Hz (0.351 rev/s)
t=5512ms  wheel= -0.061 rev/s  fas= +1121 Hz (0.350 rev/s)
t=5532ms  wheel= -0.073 rev/s  fas= +1117 Hz (0.349 rev/s)
t=5552ms  wheel= -0.073 rev/s  fas= +1116 Hz (0.349 rev/s)
t=5572ms  wheel= -0.061 rev/s  fas= +1113 Hz (0.348 rev/s)
t=5592ms  wheel= -0.073 rev/s  fas= +1110 Hz (0.347 rev/s)
t=5612ms  wheel= -0.061 rev/s  fas= +1109 Hz (0.347 rev/s)
t=5632ms  wheel= -0.061 rev/s  fas= +1107 Hz (0.346 rev/s)
t=5652ms  wheel= -0.061 rev/s  fas= +1104 Hz (0.345 rev/s)
t=5672ms  wheel= -0.073 rev/s  fas= +1101 Hz (0.344 rev/s)
t=5692ms  wheel= -0.073 rev/s  fas= +1100 Hz (0.344 rev/s)
t=5712ms  wheel= -0.061 rev/s  fas= +1097 Hz (0.343 rev/s)
t=5732ms  wheel= -0.061 rev/s  fas= +1095 Hz (0.342 rev/s)
t=5752ms  wheel= -0.073 rev/s  fas= +1092 Hz (0.341 rev/s)
t=5772ms  wheel= -0.061 rev/s  fas= +1089 Hz (0.340 rev/s)
t=5792ms  wheel= -0.061 rev/s  fas= +1088 Hz (0.340 rev/s)
t=5812ms  wheel= -0.061 rev/s  fas= +1085 Hz (0.339 rev/s)
t=5832ms  wheel= -0.073 rev/s  fas= +1083 Hz (0.338 rev/s)
t=5852ms  wheel= -0.061 rev/s  fas= +1080 Hz (0.338 rev/s)
t=5872ms  wheel= -0.061 rev/s  fas= +1079 Hz (0.337 rev/s)
t=5892ms  wheel= -0.073 rev/s  fas= +1076 Hz (0.336 rev/s)
t=5912ms  wheel= -0.073 rev/s  fas= +1073 Hz (0.335 rev/s)
t=5932ms  wheel= -0.049 rev/s  fas= +1071 Hz (0.335 rev/s)
t=5952ms  wheel= -0.061 rev/s  fas= +1068 Hz (0.334 rev/s)
t=5972ms  wheel= -0.073 rev/s  fas= +1067 Hz (0.333 rev/s)
t=5992ms  wheel= -0.061 rev/s  fas= +1064 Hz (0.333 rev/s)
t=6012ms  wheel= -0.061 rev/s  fas= +1063 Hz (0.332 rev/s)
t=6032ms  wheel= -0.061 rev/s  fas= +1059 Hz (0.331 rev/s)
t=6052ms  wheel= -0.073 rev/s  fas= +1057 Hz (0.330 rev/s)
t=6072ms  wheel= -0.061 rev/s  fas= +1054 Hz (0.329 rev/s)
t=6092ms  wheel= -0.061 rev/s  fas= +1053 Hz (0.329 rev/s)
t=6112ms  wheel= -0.073 rev/s  fas= +1050 Hz (0.328 rev/s)
t=6132ms  wheel= -0.073 rev/s  fas= +1047 Hz (0.327 rev/s)
t=6152ms  wheel= -0.061 rev/s  fas= +1046 Hz (0.327 rev/s)
t=6172ms  wheel= -0.073 rev/s  fas= +1043 Hz (0.326 rev/s)
t=6192ms  wheel= -0.061 rev/s  fas= +1042 Hz (0.326 rev/s)
t=6212ms  wheel= -0.073 rev/s  fas= +1039 Hz (0.325 rev/s)
t=6232ms  wheel= -0.073 rev/s  fas= +1036 Hz (0.324 rev/s)
t=6252ms  wheel= -0.073 rev/s  fas= +1033 Hz (0.323 rev/s)
t=6272ms  wheel= -0.073 rev/s  fas= +1030 Hz (0.322 rev/s)
t=6292ms  wheel= -0.073 rev/s  fas= +1029 Hz (0.322 rev/s)
t=6312ms  wheel= -0.073 rev/s  fas= +1026 Hz (0.321 rev/s)
t=6332ms  wheel= -0.073 rev/s  fas= +1023 Hz (0.320 rev/s)
t=6352ms  wheel= -0.073 rev/s  fas= +1022 Hz (0.319 rev/s)
t=6372ms  wheel= -0.073 rev/s  fas= +1019 Hz (0.318 rev/s)
t=6392ms  wheel= -0.061 rev/s  fas= +1017 Hz (0.318 rev/s)
t=6412ms  wheel= -0.073 rev/s  fas= +1015 Hz (0.317 rev/s)
t=6432ms  wheel= -0.061 rev/s  fas= +1012 Hz (0.316 rev/s)
t=6452ms  wheel= -0.073 rev/s  fas= +1010 Hz (0.316 rev/s)
t=6472ms  wheel= -0.061 rev/s  fas= +1008 Hz (0.315 rev/s)
t=6492ms  wheel= -0.061 rev/s  fas= +1006 Hz (0.314 rev/s)
t=6512ms  wheel= -0.073 rev/s  fas= +1003 Hz (0.313 rev/s)
t=6532ms  wheel= -0.061 rev/s  fas= +1000 Hz (0.312 rev/s)
t=6552ms  wheel= -0.073 rev/s  fas=  +999 Hz (0.312 rev/s)
t=6572ms  wheel= -0.049 rev/s  fas=  +996 Hz (0.311 rev/s)
t=6592ms  wheel= -0.061 rev/s  fas=  +993 Hz (0.310 rev/s)
t=6612ms  wheel= -0.061 rev/s  fas=  +991 Hz (0.310 rev/s)
t=6632ms  wheel= -0.061 rev/s  fas=  +990 Hz (0.309 rev/s)
t=6652ms  wheel= -0.049 rev/s  fas=  +987 Hz (0.308 rev/s)
t=6672ms  wheel= -0.061 rev/s  fas=  +984 Hz (0.308 rev/s)
t=6692ms  wheel= -0.061 rev/s  fas=  +983 Hz (0.307 rev/s)
t=6712ms  wheel= -0.049 rev/s  fas=  +980 Hz (0.306 rev/s)
t=6732ms  wheel= -0.061 rev/s  fas=  +977 Hz (0.305 rev/s)
t=6752ms  wheel= -0.049 rev/s  fas=  +974 Hz (0.304 rev/s)
t=6772ms  wheel= -0.061 rev/s  fas=  +971 Hz (0.303 rev/s)
t=6792ms  wheel= -0.049 rev/s  fas=  +969 Hz (0.303 rev/s)
t=6812ms  wheel= -0.049 rev/s  fas=  +968 Hz (0.303 rev/s)
t=6832ms  wheel= -0.049 rev/s  fas=  +966 Hz (0.302 rev/s)
t=6852ms  wheel= -0.049 rev/s  fas=  +963 Hz (0.301 rev/s)
t=6872ms  wheel= -0.061 rev/s  fas=  +960 Hz (0.300 rev/s)
t=6892ms  wheel= -0.049 rev/s  fas=  +958 Hz (0.299 rev/s)
t=6912ms  wheel= -0.049 rev/s  fas=  +956 Hz (0.299 rev/s)
t=6932ms  wheel= -0.049 rev/s  fas=  +954 Hz (0.298 rev/s)
t=6952ms  wheel= -0.049 rev/s  fas=  +951 Hz (0.297 rev/s)
t=6972ms  wheel= -0.061 rev/s  fas=  +948 Hz (0.296 rev/s)
t=6992ms  wheel= -0.049 rev/s  fas=  +946 Hz (0.296 rev/s)
t=7012ms  wheel= -0.049 rev/s  fas=  +945 Hz (0.295 rev/s)
t=7032ms  wheel= -0.049 rev/s  fas=  +942 Hz (0.294 rev/s)
t=7052ms  wheel= -0.061 rev/s  fas=  +939 Hz (0.293 rev/s)
t=7072ms  wheel= -0.049 rev/s  fas=  +938 Hz (0.293 rev/s)
t=7092ms  wheel= -0.061 rev/s  fas=  +935 Hz (0.292 rev/s)
t=7112ms  wheel= -0.061 rev/s  fas=  +932 Hz (0.291 rev/s)
t=7132ms  wheel= -0.049 rev/s  fas=  +930 Hz (0.291 rev/s)
t=7152ms  wheel= -0.061 rev/s  fas=  +928 Hz (0.290 rev/s)
t=7172ms  wheel= -0.061 rev/s  fas=  +925 Hz (0.289 rev/s)
t=7192ms  wheel= -0.061 rev/s  fas=  +923 Hz (0.288 rev/s)
t=7212ms  wheel= -0.061 rev/s  fas=  +920 Hz (0.287 rev/s)
t=7232ms  wheel= -0.061 rev/s  fas=  +918 Hz (0.287 rev/s)
t=7252ms  wheel= -0.061 rev/s  fas=  +915 Hz (0.286 rev/s)
t=7272ms  wheel= -0.073 rev/s  fas=  +913 Hz (0.285 rev/s)
t=7292ms  wheel= -0.049 rev/s  fas=  +910 Hz (0.284 rev/s)
t=7312ms  wheel= -0.073 rev/s  fas=  +908 Hz (0.284 rev/s)
t=7332ms  wheel= -0.061 rev/s  fas=  +907 Hz (0.283 rev/s)
t=7352ms  wheel= -0.061 rev/s  fas=  +904 Hz (0.282 rev/s)
t=7372ms  wheel= -0.061 rev/s  fas=  +900 Hz (0.281 rev/s)
t=7392ms  wheel= -0.061 rev/s  fas=  +900 Hz (0.281 rev/s)
t=7412ms  wheel= -0.061 rev/s  fas=  +897 Hz (0.280 rev/s)
t=7432ms  wheel= -0.061 rev/s  fas=  +895 Hz (0.280 rev/s)
t=7452ms  wheel= -0.061 rev/s  fas=  +892 Hz (0.279 rev/s)
t=7472ms  wheel= -0.061 rev/s  fas=  +890 Hz (0.278 rev/s)
t=7492ms  wheel= -0.061 rev/s  fas=  +888 Hz (0.278 rev/s)
t=7512ms  wheel= -0.061 rev/s  fas=  +885 Hz (0.277 rev/s)
t=7532ms  wheel= -0.061 rev/s  fas=  +883 Hz (0.276 rev/s)
t=7552ms  wheel= -0.061 rev/s  fas=  +881 Hz (0.275 rev/s)
t=7572ms  wheel= -0.049 rev/s  fas=  +878 Hz (0.274 rev/s)
t=7592ms  wheel= -0.049 rev/s  fas=  +876 Hz (0.274 rev/s)
t=7612ms  wheel= -0.061 rev/s  fas=  +874 Hz (0.273 rev/s)
t=7632ms  wheel= -0.061 rev/s  fas=  +871 Hz (0.272 rev/s)
t=7652ms  wheel= -0.049 rev/s  fas=  +869 Hz (0.272 rev/s)
t=7672ms  wheel= -0.049 rev/s  fas=  +866 Hz (0.271 rev/s)
t=7692ms  wheel= -0.049 rev/s  fas=  +864 Hz (0.270 rev/s)
t=7712ms  wheel= -0.061 rev/s  fas=  +862 Hz (0.269 rev/s)
t=7732ms  wheel= -0.037 rev/s  fas=  +859 Hz (0.268 rev/s)
t=7752ms  wheel= -0.049 rev/s  fas=  +857 Hz (0.268 rev/s)
t=7772ms  wheel= -0.049 rev/s  fas=  +855 Hz (0.267 rev/s)
t=7792ms  wheel= -0.061 rev/s  fas=  +853 Hz (0.267 rev/s)
t=7812ms  wheel= -0.037 rev/s  fas=  +850 Hz (0.266 rev/s)
t=7832ms  wheel= -0.049 rev/s  fas=  +848 Hz (0.265 rev/s)
t=7852ms  wheel= -0.049 rev/s  fas=  +846 Hz (0.264 rev/s)
t=7872ms  wheel= -0.049 rev/s  fas=  +843 Hz (0.263 rev/s)
t=7892ms  wheel= -0.049 rev/s  fas=  +841 Hz (0.263 rev/s)
t=7912ms  wheel= -0.049 rev/s  fas=  +837 Hz (0.262 rev/s)
t=7932ms  wheel= -0.049 rev/s  fas=  +835 Hz (0.261 rev/s)
t=7952ms  wheel= -0.049 rev/s  fas=  +834 Hz (0.261 rev/s)
t=7972ms  wheel= -0.037 rev/s  fas=  +831 Hz (0.260 rev/s)
t=7992ms  wheel= -0.061 rev/s  fas=  +828 Hz (0.259 rev/s)
t=8012ms  wheel= -0.037 rev/s  fas=  +826 Hz (0.258 rev/s)
t=8032ms  wheel= -0.061 rev/s  fas=  +824 Hz (0.257 rev/s)
t=8052ms  wheel= -0.049 rev/s  fas=  +822 Hz (0.257 rev/s)
t=8072ms  wheel= -0.049 rev/s  fas=  +819 Hz (0.256 rev/s)
t=8092ms  wheel= -0.049 rev/s  fas=  +816 Hz (0.255 rev/s)
t=8112ms  wheel= -0.049 rev/s  fas=  +814 Hz (0.254 rev/s)
t=8132ms  wheel= -0.049 rev/s  fas=  +812 Hz (0.254 rev/s)
t=8152ms  wheel= -0.061 rev/s  fas=  +810 Hz (0.253 rev/s)
t=8172ms  wheel= -0.049 rev/s  fas=  +807 Hz (0.252 rev/s)
t=8192ms  wheel= -0.061 rev/s  fas=  +805 Hz (0.252 rev/s)
t=8212ms  wheel= -0.049 rev/s  fas=  +803 Hz (0.251 rev/s)
t=8232ms  wheel= -0.061 rev/s  fas=  +801 Hz (0.250 rev/s)
t=8252ms  wheel= -0.049 rev/s  fas=  +799 Hz (0.250 rev/s)
t=8272ms  wheel= -0.061 rev/s  fas=  +795 Hz (0.248 rev/s)
t=8292ms  wheel= -0.049 rev/s  fas=  +793 Hz (0.248 rev/s)
t=8312ms  wheel= -0.061 rev/s  fas=  +791 Hz (0.247 rev/s)
t=8332ms  wheel= -0.049 rev/s  fas=  +789 Hz (0.247 rev/s)
t=8352ms  wheel= -0.061 rev/s  fas=  +787 Hz (0.246 rev/s)
t=8372ms  wheel= -0.049 rev/s  fas=  +784 Hz (0.245 rev/s)
t=8392ms  wheel= -0.061 rev/s  fas=  +781 Hz (0.244 rev/s)
t=8412ms  wheel= -0.049 rev/s  fas=  +778 Hz (0.243 rev/s)
t=8432ms  wheel= -0.061 rev/s  fas=  +776 Hz (0.243 rev/s)
t=8452ms  wheel= -0.049 rev/s  fas=  +774 Hz (0.242 rev/s)
t=8472ms  wheel= -0.049 rev/s  fas=  +772 Hz (0.241 rev/s)
t=8492ms  wheel= -0.049 rev/s  fas=  +770 Hz (0.241 rev/s)
t=8512ms  wheel= -0.061 rev/s  fas=  +768 Hz (0.240 rev/s)
t=8532ms  wheel= -0.049 rev/s  fas=  +765 Hz (0.239 rev/s)
t=8552ms  wheel= -0.049 rev/s  fas=  +763 Hz (0.238 rev/s)
t=8572ms  wheel= -0.049 rev/s  fas=  +761 Hz (0.238 rev/s)
t=8592ms  wheel= -0.049 rev/s  fas=  +759 Hz (0.237 rev/s)
t=8612ms  wheel= -0.049 rev/s  fas=  +755 Hz (0.236 rev/s)
t=8632ms  wheel= -0.049 rev/s  fas=  +753 Hz (0.235 rev/s)
t=8652ms  wheel= -0.049 rev/s  fas=  +750 Hz (0.234 rev/s)
t=8672ms  wheel= -0.049 rev/s  fas=  +749 Hz (0.234 rev/s)
t=8692ms  wheel= -0.037 rev/s  fas=  +745 Hz (0.233 rev/s)
t=8712ms  wheel= -0.049 rev/s  fas=  +744 Hz (0.233 rev/s)
t=8732ms  wheel= -0.049 rev/s  fas=  +741 Hz (0.232 rev/s)
t=8752ms  wheel= -0.037 rev/s  fas=  +739 Hz (0.231 rev/s)
t=8772ms  wheel= -0.049 rev/s  fas=  +738 Hz (0.231 rev/s)
t=8792ms  wheel= -0.037 rev/s  fas=  +734 Hz (0.229 rev/s)
t=8812ms  wheel= -0.049 rev/s  fas=  +733 Hz (0.229 rev/s)
t=8832ms  wheel= -0.037 rev/s  fas=  +729 Hz (0.228 rev/s)
t=8852ms  wheel= -0.049 rev/s  fas=  +727 Hz (0.227 rev/s)
t=8872ms  wheel= -0.037 rev/s  fas=  +725 Hz (0.227 rev/s)
t=8892ms  wheel= -0.049 rev/s  fas=  +723 Hz (0.226 rev/s)
t=8912ms  wheel= -0.037 rev/s  fas=  +719 Hz (0.225 rev/s)
t=8932ms  wheel= -0.049 rev/s  fas=  +717 Hz (0.224 rev/s)
t=8952ms  wheel= -0.037 rev/s  fas=  +715 Hz (0.223 rev/s)
t=8972ms  wheel= -0.049 rev/s  fas=  +714 Hz (0.223 rev/s)
t=8992ms  wheel= -0.037 rev/s  fas=  +711 Hz (0.222 rev/s)
t=9012ms  wheel= -0.049 rev/s  fas=  +709 Hz (0.222 rev/s)
t=9032ms  wheel= -0.049 rev/s  fas=  +706 Hz (0.221 rev/s)
t=9052ms  wheel= -0.037 rev/s  fas=  +703 Hz (0.220 rev/s)
t=9072ms  wheel= -0.049 rev/s  fas=  +701 Hz (0.219 rev/s)
t=9092ms  wheel= -0.049 rev/s  fas=  +699 Hz (0.218 rev/s)
t=9112ms  wheel= -0.037 rev/s  fas=  +696 Hz (0.218 rev/s)
t=9132ms  wheel= -0.049 rev/s  fas=  +695 Hz (0.217 rev/s)
t=9152ms  wheel= -0.049 rev/s  fas=  +692 Hz (0.216 rev/s)
t=9172ms  wheel= -0.049 rev/s  fas=  +689 Hz (0.215 rev/s)
t=9192ms  wheel= -0.037 rev/s  fas=  +687 Hz (0.215 rev/s)
t=9212ms  wheel= -0.049 rev/s  fas=  +685 Hz (0.214 rev/s)
t=9232ms  wheel= -0.049 rev/s  fas=  +683 Hz (0.213 rev/s)
t=9252ms  wheel= -0.049 rev/s  fas=  +680 Hz (0.213 rev/s)
t=9272ms  wheel= -0.049 rev/s  fas=  +678 Hz (0.212 rev/s)
t=9292ms  wheel= -0.037 rev/s  fas=  +675 Hz (0.211 rev/s)
t=9312ms  wheel= -0.049 rev/s  fas=  +672 Hz (0.210 rev/s)
t=9332ms  wheel= -0.049 rev/s  fas=  +671 Hz (0.210 rev/s)
t=9352ms  wheel= -0.049 rev/s  fas=  +669 Hz (0.209 rev/s)
t=9372ms  wheel= -0.049 rev/s  fas=  +666 Hz (0.208 rev/s)
t=9392ms  wheel= -0.037 rev/s  fas=  +664 Hz (0.207 rev/s)
t=9412ms  wheel= -0.049 rev/s  fas=  +662 Hz (0.207 rev/s)
t=9432ms  wheel= -0.049 rev/s  fas=  +659 Hz (0.206 rev/s)
t=9452ms  wheel= -0.049 rev/s  fas=  +657 Hz (0.205 rev/s)
t=9472ms  wheel= -0.037 rev/s  fas=  +654 Hz (0.204 rev/s)
t=9492ms  wheel= -0.049 rev/s  fas=  +652 Hz (0.204 rev/s)
t=9512ms  wheel= -0.049 rev/s  fas=  +650 Hz (0.203 rev/s)
t=9532ms  wheel= -0.037 rev/s  fas=  +647 Hz (0.202 rev/s)
t=9552ms  wheel= -0.049 rev/s  fas=  +645 Hz (0.202 rev/s)
t=9572ms  wheel= -0.037 rev/s  fas=  +642 Hz (0.201 rev/s)
t=9592ms  wheel= -0.037 rev/s  fas=  +640 Hz (0.200 rev/s)
t=9612ms  wheel= -0.049 rev/s  fas=  +638 Hz (0.199 rev/s)
t=9632ms  wheel= -0.037 rev/s  fas=  +635 Hz (0.198 rev/s)
t=9652ms  wheel= -0.037 rev/s  fas=  +634 Hz (0.198 rev/s)
t=9672ms  wheel= -0.037 rev/s  fas=  +630 Hz (0.197 rev/s)
t=9692ms  wheel= -0.049 rev/s  fas=  +628 Hz (0.196 rev/s)
t=9712ms  wheel= -0.037 rev/s  fas=  +626 Hz (0.196 rev/s)
t=9732ms  wheel= -0.037 rev/s  fas=  +624 Hz (0.195 rev/s)
t=9752ms  wheel= -0.037 rev/s  fas=  +621 Hz (0.194 rev/s)
t=9772ms  wheel= -0.037 rev/s  fas=  +619 Hz (0.193 rev/s)
t=9792ms  wheel= -0.037 rev/s  fas=  +616 Hz (0.192 rev/s)
t=9812ms  wheel= -0.037 rev/s  fas=  +614 Hz (0.192 rev/s)
t=9832ms  wheel= -0.037 rev/s  fas=  +611 Hz (0.191 rev/s)
t=9852ms  wheel= -0.037 rev/s  fas=  +609 Hz (0.190 rev/s)
t=9872ms  wheel= -0.037 rev/s  fas=  +607 Hz (0.190 rev/s)
t=9892ms  wheel= -0.037 rev/s  fas=  +605 Hz (0.189 rev/s)
t=9912ms  wheel= -0.037 rev/s  fas=  +603 Hz (0.188 rev/s)
t=9932ms  wheel= -0.037 rev/s  fas=  +600 Hz (0.188 rev/s)
t=9952ms  wheel= -0.037 rev/s  fas=  +598 Hz (0.187 rev/s)
t=9972ms  wheel= -0.037 rev/s  fas=  +594 Hz (0.186 rev/s)
t=9992ms  wheel= -0.037 rev/s  fas=  +593 Hz (0.185 rev/s)
t=10012ms  wheel= -0.037 rev/s  fas=  +591 Hz (0.185 rev/s)
t=10032ms  wheel= -0.037 rev/s  fas=  +588 Hz (0.184 rev/s)
t=10052ms  wheel= -0.037 rev/s  fas=  +586 Hz (0.183 rev/s)
t=10072ms  wheel= -0.037 rev/s  fas=  +584 Hz (0.183 rev/s)
t=10092ms  wheel= -0.049 rev/s  fas=  +581 Hz (0.182 rev/s)
t=10112ms  wheel= -0.037 rev/s  fas=  +579 Hz (0.181 rev/s)
t=10132ms  wheel= -0.037 rev/s  fas=  +577 Hz (0.180 rev/s)
t=10152ms  wheel= -0.037 rev/s  fas=  +574 Hz (0.179 rev/s)
t=10172ms  wheel= -0.037 rev/s  fas=  +572 Hz (0.179 rev/s)
t=10192ms  wheel= -0.037 rev/s  fas=  +569 Hz (0.178 rev/s)
t=10212ms  wheel= -0.037 rev/s  fas=  +566 Hz (0.177 rev/s)
t=10232ms  wheel= -0.037 rev/s  fas=  +565 Hz (0.177 rev/s)
t=10252ms  wheel= -0.037 rev/s  fas=  +562 Hz (0.176 rev/s)
t=10272ms  wheel= -0.049 rev/s  fas=  +560 Hz (0.175 rev/s)
t=10292ms  wheel= -0.037 rev/s  fas=  +557 Hz (0.174 rev/s)
t=10312ms  wheel= -0.037 rev/s  fas=  +555 Hz (0.173 rev/s)
t=10332ms  wheel= -0.037 rev/s  fas=  +553 Hz (0.173 rev/s)
t=10352ms  wheel= -0.037 rev/s  fas=  +550 Hz (0.172 rev/s)
t=10372ms  wheel= -0.037 rev/s  fas=  +549 Hz (0.172 rev/s)
t=10392ms  wheel= -0.037 rev/s  fas=  +546 Hz (0.171 rev/s)
t=10412ms  wheel= -0.037 rev/s  fas=  +544 Hz (0.170 rev/s)
t=10432ms  wheel= -0.037 rev/s  fas=  +541 Hz (0.169 rev/s)
t=10452ms  wheel= -0.037 rev/s  fas=  +539 Hz (0.168 rev/s)
t=10472ms  wheel= -0.037 rev/s  fas=  +537 Hz (0.168 rev/s)
t=10492ms  wheel= -0.037 rev/s  fas=  +535 Hz (0.167 rev/s)
t=10512ms  wheel= -0.037 rev/s  fas=  +531 Hz (0.166 rev/s)
t=10532ms  wheel= -0.037 rev/s  fas=  +529 Hz (0.165 rev/s)
t=10552ms  wheel= -0.037 rev/s  fas=  +527 Hz (0.165 rev/s)
t=10572ms  wheel= -0.037 rev/s  fas=  +525 Hz (0.164 rev/s)
t=10592ms  wheel= -0.024 rev/s  fas=  +523 Hz (0.163 rev/s)
t=10612ms  wheel= -0.037 rev/s  fas=  +520 Hz (0.162 rev/s)
t=10632ms  wheel= -0.037 rev/s  fas=  +518 Hz (0.162 rev/s)
t=10652ms  wheel= -0.037 rev/s  fas=  +515 Hz (0.161 rev/s)
t=10672ms  wheel= -0.024 rev/s  fas=  +514 Hz (0.161 rev/s)
t=10692ms  wheel= -0.037 rev/s  fas=  +511 Hz (0.160 rev/s)
t=10712ms  wheel= -0.024 rev/s  fas=  +509 Hz (0.159 rev/s)
t=10732ms  wheel= -0.037 rev/s  fas=  +507 Hz (0.158 rev/s)
t=10752ms  wheel= -0.024 rev/s  fas=  +503 Hz (0.157 rev/s)
t=10772ms  wheel= -0.037 rev/s  fas=  +501 Hz (0.157 rev/s)
t=10792ms  wheel= -0.024 rev/s  fas=  +498 Hz (0.156 rev/s)
t=10812ms  wheel= -0.037 rev/s  fas=  +496 Hz (0.155 rev/s)
t=10832ms  wheel= -0.024 rev/s  fas=  +493 Hz (0.154 rev/s)
t=10852ms  wheel= -0.024 rev/s  fas=  +492 Hz (0.154 rev/s)
t=10872ms  wheel= -0.037 rev/s  fas=  +490 Hz (0.153 rev/s)
t=10892ms  wheel= -0.024 rev/s  fas=  +487 Hz (0.152 rev/s)
t=10912ms  wheel= -0.037 rev/s  fas=  +485 Hz (0.152 rev/s)
t=10932ms  wheel= -0.037 rev/s  fas=  +483 Hz (0.151 rev/s)
t=10952ms  wheel= -0.024 rev/s  fas=  +480 Hz (0.150 rev/s)
t=10972ms  wheel= -0.024 rev/s  fas=  +478 Hz (0.149 rev/s)
t=10992ms  wheel= -0.037 rev/s  fas=  +475 Hz (0.148 rev/s)
t=11012ms  wheel= -0.024 rev/s  fas=  +473 Hz (0.148 rev/s)
t=11032ms  wheel= -0.037 rev/s  fas=  +470 Hz (0.147 rev/s)
t=11052ms  wheel= -0.024 rev/s  fas=  +468 Hz (0.146 rev/s)
t=11072ms  wheel= -0.037 rev/s  fas=  +465 Hz (0.145 rev/s)
t=11092ms  wheel= -0.024 rev/s  fas=  +464 Hz (0.145 rev/s)
t=11112ms  wheel= -0.037 rev/s  fas=  +461 Hz (0.144 rev/s)
t=11132ms  wheel= -0.024 rev/s  fas=  +459 Hz (0.143 rev/s)
t=11152ms  wheel= -0.037 rev/s  fas=  +456 Hz (0.142 rev/s)
t=11172ms  wheel= -0.024 rev/s  fas=  +453 Hz (0.142 rev/s)
t=11192ms  wheel= -0.024 rev/s  fas=  +451 Hz (0.141 rev/s)
t=11212ms  wheel= -0.037 rev/s  fas=  +450 Hz (0.141 rev/s)
t=11232ms  wheel= -0.037 rev/s  fas=  +447 Hz (0.140 rev/s)
t=11252ms  wheel= -0.024 rev/s  fas=  +444 Hz (0.139 rev/s)
t=11272ms  wheel= -0.024 rev/s  fas=  +442 Hz (0.138 rev/s)
t=11292ms  wheel= -0.037 rev/s  fas=  +439 Hz (0.137 rev/s)
t=11312ms  wheel= -0.024 rev/s  fas=  +438 Hz (0.137 rev/s)
t=11332ms  wheel= -0.037 rev/s  fas=  +435 Hz (0.136 rev/s)
t=11352ms  wheel= -0.024 rev/s  fas=  +432 Hz (0.135 rev/s)
t=11372ms  wheel= -0.037 rev/s  fas=  +429 Hz (0.134 rev/s)
t=11392ms  wheel= -0.024 rev/s  fas=  +428 Hz (0.134 rev/s)
t=11412ms  wheel= -0.037 rev/s  fas=  +425 Hz (0.133 rev/s)
t=11432ms  wheel= -0.024 rev/s  fas=  +423 Hz (0.132 rev/s)
t=11452ms  wheel= -0.024 rev/s  fas=  +421 Hz (0.132 rev/s)
t=11472ms  wheel= -0.024 rev/s  fas=  +418 Hz (0.131 rev/s)
t=11492ms  wheel= -0.037 rev/s  fas=  +416 Hz (0.130 rev/s)
t=11512ms  wheel= -0.024 rev/s  fas=  +414 Hz (0.129 rev/s)
t=11532ms  wheel= -0.024 rev/s  fas=  +411 Hz (0.128 rev/s)
t=11552ms  wheel= -0.024 rev/s  fas=  +408 Hz (0.127 rev/s)
t=11572ms  wheel= -0.037 rev/s  fas=  +407 Hz (0.127 rev/s)
t=11592ms  wheel= -0.012 rev/s  fas=  +404 Hz (0.126 rev/s)
t=11612ms  wheel= -0.037 rev/s  fas=  +401 Hz (0.125 rev/s)
t=11632ms  wheel= -0.024 rev/s  fas=  +400 Hz (0.125 rev/s)
t=11652ms  wheel= -0.024 rev/s  fas=  +397 Hz (0.124 rev/s)
t=11672ms  wheel= -0.024 rev/s  fas=  +395 Hz (0.123 rev/s)
t=11692ms  wheel= -0.024 rev/s  fas=  +392 Hz (0.123 rev/s)
t=11712ms  wheel= -0.024 rev/s  fas=  +390 Hz (0.122 rev/s)
t=11732ms  wheel= -0.024 rev/s  fas=  +388 Hz (0.121 rev/s)
t=11752ms  wheel= -0.024 rev/s  fas=  +385 Hz (0.120 rev/s)
t=11772ms  wheel= -0.024 rev/s  fas=  +383 Hz (0.120 rev/s)
t=11792ms  wheel= -0.012 rev/s  fas=  +380 Hz (0.119 rev/s)
t=11812ms  wheel= -0.037 rev/s  fas=  +379 Hz (0.118 rev/s)
t=11832ms  wheel= -0.012 rev/s  fas=  +375 Hz (0.117 rev/s)
t=11852ms  wheel= -0.024 rev/s  fas=  +374 Hz (0.117 rev/s)
t=11872ms  wheel= -0.024 rev/s  fas=  +371 Hz (0.116 rev/s)
t=11892ms  wheel= -0.024 rev/s  fas=  +369 Hz (0.115 rev/s)
t=11912ms  wheel= -0.024 rev/s  fas=  +366 Hz (0.114 rev/s)
t=11932ms  wheel= -0.024 rev/s  fas=  +364 Hz (0.114 rev/s)
t=11952ms  wheel= -0.024 rev/s  fas=  +361 Hz (0.113 rev/s)
t=11972ms  wheel= -0.012 rev/s  fas=  +359 Hz (0.112 rev/s)
t=11992ms  wheel= -0.024 rev/s  fas=  +356 Hz (0.111 rev/s)
t=12012ms  wheel= -0.024 rev/s  fas=  +355 Hz (0.111 rev/s)
t=12032ms  wheel= -0.024 rev/s  fas=  +353 Hz (0.110 rev/s)
t=12052ms  wheel= -0.024 rev/s  fas=  +349 Hz (0.109 rev/s)
t=12072ms  wheel= -0.024 rev/s  fas=  +348 Hz (0.109 rev/s)
t=12092ms  wheel= -0.024 rev/s  fas=  +344 Hz (0.108 rev/s)
t=12112ms  wheel= -0.024 rev/s  fas=  +343 Hz (0.107 rev/s)
t=12132ms  wheel= -0.012 rev/s  fas=  +341 Hz (0.107 rev/s)
t=12152ms  wheel= -0.024 rev/s  fas=  +337 Hz (0.105 rev/s)
t=12172ms  wheel= -0.024 rev/s  fas=  +336 Hz (0.105 rev/s)
t=12192ms  wheel= -0.024 rev/s  fas=  +332 Hz (0.104 rev/s)
t=12212ms  wheel= -0.024 rev/s  fas=  +331 Hz (0.103 rev/s)
t=12232ms  wheel= -0.024 rev/s  fas=  +329 Hz (0.103 rev/s)
t=12252ms  wheel= -0.024 rev/s  fas=  +325 Hz (0.102 rev/s)
t=12272ms  wheel= -0.024 rev/s  fas=  +324 Hz (0.101 rev/s)
t=12292ms  wheel= -0.012 rev/s  fas=  +321 Hz (0.100 rev/s)
t=12312ms  wheel= -0.024 rev/s  fas=  +320 Hz (0.100 rev/s)
t=12332ms  wheel= -0.024 rev/s  fas=  +316 Hz (0.099 rev/s)
t=12352ms  wheel= -0.024 rev/s  fas=  +314 Hz (0.098 rev/s)
t=12372ms  wheel= -0.012 rev/s  fas=  +312 Hz (0.097 rev/s)
t=12392ms  wheel= -0.024 rev/s  fas=  +310 Hz (0.097 rev/s)
t=12412ms  wheel= -0.024 rev/s  fas=  +306 Hz (0.096 rev/s)
t=12432ms  wheel= -0.012 rev/s  fas=  +305 Hz (0.095 rev/s)
t=12452ms  wheel= -0.024 rev/s  fas=  +303 Hz (0.095 rev/s)
t=12472ms  wheel= -0.024 rev/s  fas=  +301 Hz (0.094 rev/s)
t=12492ms  wheel= -0.012 rev/s  fas=  +297 Hz (0.093 rev/s)
t=12512ms  wheel= -0.024 rev/s  fas=  +295 Hz (0.092 rev/s)
t=12532ms  wheel= -0.012 rev/s  fas=  +293 Hz (0.092 rev/s)
t=12552ms  wheel= -0.024 rev/s  fas=  +291 Hz (0.091 rev/s)
t=12572ms  wheel= -0.024 rev/s  fas=  +289 Hz (0.090 rev/s)
t=12592ms  wheel= -0.012 rev/s  fas=  +287 Hz (0.090 rev/s)
t=12612ms  wheel= -0.012 rev/s  fas=  +282 Hz (0.088 rev/s)
t=12632ms  wheel= -0.024 rev/s  fas=  +281 Hz (0.088 rev/s)
t=12652ms  wheel= -0.024 rev/s  fas=  +278 Hz (0.087 rev/s)
t=12672ms  wheel= -0.012 rev/s  fas=  +276 Hz (0.086 rev/s)
t=12692ms  wheel= -0.012 rev/s  fas=  +274 Hz (0.086 rev/s)
t=12712ms  wheel= -0.012 rev/s  fas=  +272 Hz (0.085 rev/s)
t=12732ms  wheel= -0.024 rev/s  fas=  +270 Hz (0.084 rev/s)
t=12752ms  wheel= -0.012 rev/s  fas=  +267 Hz (0.083 rev/s)
t=12772ms  wheel= -0.024 rev/s  fas=  +265 Hz (0.083 rev/s)
t=12792ms  wheel= -0.012 rev/s  fas=  +261 Hz (0.082 rev/s)
t=12812ms  wheel= -0.012 rev/s  fas=  +259 Hz (0.081 rev/s)
t=12832ms  wheel= -0.012 rev/s  fas=  +257 Hz (0.080 rev/s)
t=12852ms  wheel= -0.024 rev/s  fas=  +254 Hz (0.079 rev/s)
t=12872ms  wheel= -0.012 rev/s  fas=  +252 Hz (0.079 rev/s)
t=12892ms  wheel= -0.012 rev/s  fas=  +249 Hz (0.078 rev/s)
t=12912ms  wheel= -0.024 rev/s  fas=  +247 Hz (0.077 rev/s)
t=12932ms  wheel= -0.012 rev/s  fas=  +245 Hz (0.077 rev/s)
t=12952ms  wheel= -0.012 rev/s  fas=  +230 Hz (0.072 rev/s)
t=12972ms  wheel= -0.012 rev/s  fas=  +230 Hz (0.072 rev/s)
t=12992ms  wheel= -0.012 rev/s  fas=  +227 Hz (0.071 rev/s)
t=13012ms  wheel= -0.024 rev/s  fas=  +225 Hz (0.070 rev/s)
t=13032ms  wheel= -0.012 rev/s  fas=  +222 Hz (0.069 rev/s)
t=13052ms  wheel= -0.012 rev/s  fas=  +219 Hz (0.068 rev/s)
t=13072ms  wheel= -0.012 rev/s  fas=  +219 Hz (0.068 rev/s)
t=13092ms  wheel= -0.024 rev/s  fas=  +217 Hz (0.068 rev/s)
t=13112ms  wheel= -0.012 rev/s  fas=  +214 Hz (0.067 rev/s)
t=13132ms  wheel= -0.012 rev/s  fas=  +211 Hz (0.066 rev/s)
t=13152ms  wheel= -0.024 rev/s  fas=  +208 Hz (0.065 rev/s)
t=13172ms  wheel= +0.000 rev/s  fas=  +205 Hz (0.064 rev/s)
t=13192ms  wheel= -0.024 rev/s  fas=  +203 Hz (0.063 rev/s)
t=13212ms  wheel= -0.012 rev/s  fas=  +200 Hz (0.062 rev/s)
t=13232ms  wheel= -0.012 rev/s  fas=  +197 Hz (0.062 rev/s)
t=13252ms  wheel= -0.024 rev/s  fas=  +197 Hz (0.062 rev/s)
t=13272ms  wheel= -0.012 rev/s  fas=  +194 Hz (0.061 rev/s)
t=13292ms  wheel= -0.012 rev/s  fas=  +190 Hz (0.059 rev/s)
t=13312ms  wheel= -0.012 rev/s  fas=  +190 Hz (0.059 rev/s)
t=13332ms  wheel= -0.012 rev/s  fas=  +187 Hz (0.058 rev/s)
t=13352ms  wheel= -0.024 rev/s  fas=  +184 Hz (0.058 rev/s)
t=13372ms  wheel= -0.012 rev/s  fas=  +181 Hz (0.057 rev/s)
t=13392ms  wheel= +0.000 rev/s  fas=  +178 Hz (0.056 rev/s)
t=13412ms  wheel= -0.024 rev/s  fas=  +178 Hz (0.056 rev/s)
t=13432ms  wheel= -0.012 rev/s  fas=  +174 Hz (0.054 rev/s)
t=13452ms  wheel= -0.012 rev/s  fas=  +171 Hz (0.053 rev/s)
t=13472ms  wheel= -0.012 rev/s  fas=  +168 Hz (0.052 rev/s)
t=13492ms  wheel= -0.012 rev/s  fas=  +168 Hz (0.052 rev/s)
t=13512ms  wheel= -0.012 rev/s  fas=  +164 Hz (0.051 rev/s)
t=13532ms  wheel= -0.012 rev/s  fas=  +164 Hz (0.051 rev/s)
t=13552ms  wheel= -0.012 rev/s  fas=  +160 Hz (0.050 rev/s)
t=13572ms  wheel= -0.012 rev/s  fas=  +157 Hz (0.049 rev/s)
t=13592ms  wheel= -0.012 rev/s  fas=  +157 Hz (0.049 rev/s)
t=13612ms  wheel= +0.000 rev/s  fas=  +153 Hz (0.048 rev/s)
t=13632ms  wheel= -0.012 rev/s  fas=  +149 Hz (0.047 rev/s)
t=13652ms  wheel= -0.012 rev/s  fas=  +149 Hz (0.047 rev/s)
t=13672ms  wheel= -0.012 rev/s  fas=  +145 Hz (0.045 rev/s)
t=13692ms  wheel= -0.012 rev/s  fas=  +145 Hz (0.045 rev/s)
t=13712ms  wheel= +0.000 rev/s  fas=  +141 Hz (0.044 rev/s)
t=13732ms  wheel= -0.012 rev/s  fas=  +141 Hz (0.044 rev/s)
t=13752ms  wheel= -0.012 rev/s  fas=  +137 Hz (0.043 rev/s)
t=13772ms  wheel= -0.012 rev/s  fas=  +132 Hz (0.041 rev/s)
t=13792ms  wheel= +0.000 rev/s  fas=  +132 Hz (0.041 rev/s)
t=13812ms  wheel= -0.012 rev/s  fas=  +128 Hz (0.040 rev/s)
t=13832ms  wheel= -0.012 rev/s  fas=  +128 Hz (0.040 rev/s)
t=13852ms  wheel= +0.000 rev/s  fas=  +123 Hz (0.038 rev/s)
t=13872ms  wheel= -0.012 rev/s  fas=  +123 Hz (0.038 rev/s)
t=13892ms  wheel= +0.000 rev/s  fas=  +118 Hz (0.037 rev/s)
t=13912ms  wheel= -0.012 rev/s  fas=  +118 Hz (0.037 rev/s)
t=13932ms  wheel= -0.012 rev/s  fas=  +113 Hz (0.035 rev/s)
t=13952ms  wheel= +0.000 rev/s  fas=  +113 Hz (0.035 rev/s)
t=13972ms  wheel= -0.012 rev/s  fas=  +108 Hz (0.034 rev/s)
t=13992ms  wheel= -0.012 rev/s  fas=  +108 Hz (0.034 rev/s)
t=14012ms  wheel= +0.000 rev/s  fas=  +108 Hz (0.034 rev/s)
t=14032ms  wheel= -0.012 rev/s  fas=  +102 Hz (0.032 rev/s)
t=14052ms  wheel= -0.012 rev/s  fas=  +102 Hz (0.032 rev/s)
t=14072ms  wheel= +0.000 rev/s  fas=  +102 Hz (0.032 rev/s)
t=14092ms  wheel= -0.012 rev/s  fas=   +97 Hz (0.030 rev/s)
t=14112ms  wheel= +0.000 rev/s  fas=   +97 Hz (0.030 rev/s)
t=14132ms  wheel= -0.012 rev/s  fas=   +90 Hz (0.028 rev/s)
t=14152ms  wheel= -0.012 rev/s  fas=   +90 Hz (0.028 rev/s)
t=14172ms  wheel= +0.000 rev/s  fas=   +90 Hz (0.028 rev/s)
t=14192ms  wheel= -0.012 rev/s  fas=   +84 Hz (0.026 rev/s)
t=14212ms  wheel= +0.000 rev/s  fas=   +84 Hz (0.026 rev/s)
t=14232ms  wheel= -0.012 rev/s  fas=   +76 Hz (0.024 rev/s)
t=14252ms  wheel= -0.012 rev/s  fas=   +76 Hz (0.024 rev/s)
t=14272ms  wheel= +0.000 rev/s  fas=   +76 Hz (0.024 rev/s)
t=14292ms  wheel= -0.012 rev/s  fas=   +76 Hz (0.024 rev/s)
t=14312ms  wheel= +0.000 rev/s  fas=   +68 Hz (0.021 rev/s)
t=14332ms  wheel= -0.012 rev/s  fas=   +68 Hz (0.021 rev/s)
t=14352ms  wheel= +0.000 rev/s  fas=   +68 Hz (0.021 rev/s)
t=14372ms  wheel= +0.000 rev/s  fas=   +59 Hz (0.018 rev/s)
t=14392ms  wheel= -0.012 rev/s  fas=   +59 Hz (0.018 rev/s)
t=14412ms  wheel= -0.012 rev/s  fas=   +59 Hz (0.018 rev/s)
t=14432ms  wheel= +0.000 rev/s  fas=   +59 Hz (0.018 rev/s)
t=14452ms  wheel= -0.012 rev/s  fas=   +59 Hz (0.018 rev/s)
t=14472ms  wheel= +0.000 rev/s  fas=   +48 Hz (0.015 rev/s)
t=14492ms  wheel= +0.000 rev/s  fas=   +48 Hz (0.015 rev/s)
t=14512ms  wheel= -0.012 rev/s  fas=   +48 Hz (0.015 rev/s)
t=14532ms  wheel= +0.000 rev/s  fas=   +48 Hz (0.015 rev/s)
t=14552ms  wheel= +0.000 rev/s  fas=   +48 Hz (0.015 rev/s)
t=14572ms  wheel= -0.012 rev/s  fas=   +34 Hz (0.011 rev/s)
t=14592ms  wheel= +0.000 rev/s  fas=   +34 Hz (0.011 rev/s)
t=14612ms  wheel= +0.000 rev/s  fas=   +34 Hz (0.011 rev/s)
t=14632ms  wheel= -0.012 rev/s  fas=   +34 Hz (0.011 rev/s)
t=14652ms  wheel= +0.000 rev/s  fas=   +34 Hz (0.011 rev/s)
t=14672ms  wheel= +0.000 rev/s  fas=   +34 Hz (0.011 rev/s)
t=14692ms  wheel= +0.000 rev/s  fas=   +34 Hz (0.011 rev/s)
t=14712ms  wheel= +0.000 rev/s  fas=   +34 Hz (0.011 rev/s)
t=14732ms  wheel= +0.000 rev/s  fas=   +34 Hz (0.011 rev/s)
t=14752ms  wheel= +0.000 rev/s  fas=   +34 Hz (0.011 rev/s)
t=14772ms  wheel= -0.012 rev/s  fas=   +34 Hz (0.011 rev/s)
t=14792ms  wheel= +0.000 rev/s  fas=   +34 Hz (0.011 rev/s)
t=14812ms  wheel= +0.000 rev/s  fas=   +34 Hz (0.011 rev/s)
t=14832ms  wheel= +0.000 rev/s  fas=   +34 Hz (0.011 rev/s)
t=14852ms  wheel= +0.000 rev/s  fas=    +0 Hz (0.000 rev/s)
t=14872ms  wheel= +0.000 rev/s  fas=    +0 Hz (0.000 rev/s)
t=14892ms  wheel= +0.000 rev/s  fas=    +0 Hz (0.000 rev/s)
t=14912ms  wheel= -0.012 rev/s  fas=    +0 Hz (0.000 rev/s)
t=14932ms  wheel= +0.000 rev/s  fas=    +0 Hz (0.000 rev/s)
t=14952ms  wheel= +0.000 rev/s  fas=    +0 Hz (0.000 rev/s)
[DONE] total 14960 ms, final wheel omega=0.000 rev/s - LOCKED at 2300 mA
send 'n' to release and arm for the next spin

[HOST 2026-09-18T13:12:44.268] Serial capture ended

[HOST 2026-09-18T13:13:38.635] Serial opened; DTR/RTS false; lease 3600 seconds
[CAPTURE] omega=0.354 rev/s  dir=-1  (posSign=-1)
[BRAKE] jump-start hz=1133 jumpStep=1702, current=2300 mA, decel=377 sps2 (target 3.0s) - GO
t= 312ms  wheel= +0.000 rev/s  fas= +1109 Hz (0.347 rev/s)
t= 332ms  wheel= -0.073 rev/s  fas= +1107 Hz (0.346 rev/s)
t= 352ms  wheel= -0.073 rev/s  fas= +1106 Hz (0.346 rev/s)
t= 372ms  wheel= -0.061 rev/s  fas= +1103 Hz (0.345 rev/s)
t= 392ms  wheel= -0.085 rev/s  fas= +1101 Hz (0.344 rev/s)
t= 412ms  wheel= -0.073 rev/s  fas= +1101 Hz (0.344 rev/s)
t= 432ms  wheel= -0.061 rev/s  fas= +1100 Hz (0.344 rev/s)
t= 452ms  wheel= -0.073 rev/s  fas= +1098 Hz (0.343 rev/s)
t= 472ms  wheel= -0.085 rev/s  fas= +1095 Hz (0.342 rev/s)
t= 492ms  wheel= -0.061 rev/s  fas= +1094 Hz (0.342 rev/s)
t= 512ms  wheel= -0.061 rev/s  fas= +1092 Hz (0.341 rev/s)
t= 532ms  wheel= -0.073 rev/s  fas= +1092 Hz (0.341 rev/s)
t= 552ms  wheel= -0.085 rev/s  fas= +1091 Hz (0.341 rev/s)
t= 572ms  wheel= -0.061 rev/s  fas= +1088 Hz (0.340 rev/s)
t= 592ms  wheel= -0.073 rev/s  fas= +1086 Hz (0.339 rev/s)
t= 612ms  wheel= -0.073 rev/s  fas= +1085 Hz (0.339 rev/s)
t= 632ms  wheel= -0.073 rev/s  fas= +1083 Hz (0.338 rev/s)
t= 652ms  wheel= -0.061 rev/s  fas= +1082 Hz (0.338 rev/s)
t= 672ms  wheel= -0.073 rev/s  fas= +1080 Hz (0.338 rev/s)
t= 692ms  wheel= -0.073 rev/s  fas= +1079 Hz (0.337 rev/s)
t= 712ms  wheel= -0.073 rev/s  fas= +1077 Hz (0.337 rev/s)
t= 732ms  wheel= -0.061 rev/s  fas= +1076 Hz (0.336 rev/s)
t= 752ms  wheel= -0.073 rev/s  fas= +1074 Hz (0.336 rev/s)
t= 772ms  wheel= -0.073 rev/s  fas= +1073 Hz (0.335 rev/s)
t= 792ms  wheel= -0.061 rev/s  fas= +1071 Hz (0.335 rev/s)
t= 812ms  wheel= -0.073 rev/s  fas= +1070 Hz (0.334 rev/s)
t= 832ms  wheel= -0.073 rev/s  fas= +1068 Hz (0.334 rev/s)
t= 852ms  wheel= -0.061 rev/s  fas= +1067 Hz (0.333 rev/s)
t= 872ms  wheel= -0.061 rev/s  fas= +1066 Hz (0.333 rev/s)
t= 892ms  wheel= -0.073 rev/s  fas= +1064 Hz (0.333 rev/s)
t= 912ms  wheel= -0.073 rev/s  fas= +1063 Hz (0.332 rev/s)
t= 932ms  wheel= -0.073 rev/s  fas= +1062 Hz (0.332 rev/s)
t= 952ms  wheel= -0.061 rev/s  fas= +1060 Hz (0.331 rev/s)
t= 972ms  wheel= -0.073 rev/s  fas= +1059 Hz (0.331 rev/s)
t= 992ms  wheel= -0.073 rev/s  fas= +1056 Hz (0.330 rev/s)
t=1012ms  wheel= -0.061 rev/s  fas= +1054 Hz (0.329 rev/s)
t=1032ms  wheel= -0.073 rev/s  fas= +1053 Hz (0.329 rev/s)
t=1052ms  wheel= -0.061 rev/s  fas= +1052 Hz (0.329 rev/s)
t=1072ms  wheel= -0.073 rev/s  fas= +1050 Hz (0.328 rev/s)
t=1092ms  wheel= -0.061 rev/s  fas= +1048 Hz (0.327 rev/s)
t=1112ms  wheel= -0.073 rev/s  fas= +1047 Hz (0.327 rev/s)
t=1132ms  wheel= -0.073 rev/s  fas= +1046 Hz (0.327 rev/s)
t=1152ms  wheel= -0.061 rev/s  fas= +1044 Hz (0.326 rev/s)
t=1172ms  wheel= -0.073 rev/s  fas= +1043 Hz (0.326 rev/s)
t=1192ms  wheel= -0.061 rev/s  fas= +1042 Hz (0.326 rev/s)
t=1212ms  wheel= -0.073 rev/s  fas= +1040 Hz (0.325 rev/s)
t=1232ms  wheel= -0.061 rev/s  fas= +1039 Hz (0.325 rev/s)
t=1252ms  wheel= -0.073 rev/s  fas= +1037 Hz (0.324 rev/s)
t=1272ms  wheel= -0.061 rev/s  fas= +1036 Hz (0.324 rev/s)
t=1292ms  wheel= -0.073 rev/s  fas= +1034 Hz (0.323 rev/s)
t=1312ms  wheel= -0.073 rev/s  fas= +1033 Hz (0.323 rev/s)
t=1332ms  wheel= -0.061 rev/s  fas= +1031 Hz (0.322 rev/s)
t=1352ms  wheel= -0.061 rev/s  fas= +1029 Hz (0.322 rev/s)
t=1372ms  wheel= -0.073 rev/s  fas= +1028 Hz (0.321 rev/s)
t=1392ms  wheel= -0.061 rev/s  fas= +1026 Hz (0.321 rev/s)
t=1412ms  wheel= -0.061 rev/s  fas= +1025 Hz (0.320 rev/s)
t=1432ms  wheel= -0.073 rev/s  fas= +1023 Hz (0.320 rev/s)
t=1452ms  wheel= -0.073 rev/s  fas= +1022 Hz (0.319 rev/s)
t=1472ms  wheel= -0.061 rev/s  fas= +1020 Hz (0.319 rev/s)
t=1492ms  wheel= -0.061 rev/s  fas= +1019 Hz (0.318 rev/s)
t=1512ms  wheel= -0.061 rev/s  fas= +1017 Hz (0.318 rev/s)
t=1532ms  wheel= -0.073 rev/s  fas= +1015 Hz (0.317 rev/s)
t=1552ms  wheel= -0.061 rev/s  fas= +1014 Hz (0.317 rev/s)
t=1572ms  wheel= -0.061 rev/s  fas= +1012 Hz (0.316 rev/s)
t=1592ms  wheel= -0.061 rev/s  fas= +1011 Hz (0.316 rev/s)
t=1612ms  wheel= -0.073 rev/s  fas= +1010 Hz (0.316 rev/s)
t=1632ms  wheel= -0.073 rev/s  fas= +1008 Hz (0.315 rev/s)
t=1652ms  wheel= -0.061 rev/s  fas= +1007 Hz (0.315 rev/s)
t=1672ms  wheel= -0.061 rev/s  fas= +1006 Hz (0.314 rev/s)
t=1692ms  wheel= -0.073 rev/s  fas= +1004 Hz (0.314 rev/s)
t=1712ms  wheel= -0.061 rev/s  fas= +1003 Hz (0.313 rev/s)
t=1732ms  wheel= -0.061 rev/s  fas= +1000 Hz (0.312 rev/s)
t=1752ms  wheel= -0.061 rev/s  fas=  +999 Hz (0.312 rev/s)
t=1772ms  wheel= -0.073 rev/s  fas=  +999 Hz (0.312 rev/s)
t=1792ms  wheel= -0.061 rev/s  fas=  +996 Hz (0.311 rev/s)
t=1812ms  wheel= -0.061 rev/s  fas=  +995 Hz (0.311 rev/s)
t=1832ms  wheel= -0.073 rev/s  fas=  +993 Hz (0.310 rev/s)
t=1852ms  wheel= -0.061 rev/s  fas=  +992 Hz (0.310 rev/s)
t=1872ms  wheel= -0.061 rev/s  fas=  +991 Hz (0.310 rev/s)
t=1892ms  wheel= -0.061 rev/s  fas=  +990 Hz (0.309 rev/s)
t=1912ms  wheel= -0.061 rev/s  fas=  +988 Hz (0.309 rev/s)
t=1932ms  wheel= -0.073 rev/s  fas=  +985 Hz (0.308 rev/s)
t=1952ms  wheel= -0.061 rev/s  fas=  +984 Hz (0.308 rev/s)
t=1972ms  wheel= -0.061 rev/s  fas=  +983 Hz (0.307 rev/s)
t=1992ms  wheel= -0.073 rev/s  fas=  +981 Hz (0.307 rev/s)
t=2012ms  wheel= -0.061 rev/s  fas=  +980 Hz (0.306 rev/s)
t=2032ms  wheel= -0.061 rev/s  fas=  +979 Hz (0.306 rev/s)
t=2052ms  wheel= -0.061 rev/s  fas=  +977 Hz (0.305 rev/s)
t=2072ms  wheel= -0.061 rev/s  fas=  +976 Hz (0.305 rev/s)
t=2092ms  wheel= -0.073 rev/s  fas=  +973 Hz (0.304 rev/s)
t=2112ms  wheel= -0.061 rev/s  fas=  +971 Hz (0.303 rev/s)
t=2132ms  wheel= -0.061 rev/s  fas=  +970 Hz (0.303 rev/s)
t=2152ms  wheel= -0.061 rev/s  fas=  +969 Hz (0.303 rev/s)
t=2172ms  wheel= -0.061 rev/s  fas=  +968 Hz (0.303 rev/s)
t=2192ms  wheel= -0.061 rev/s  fas=  +967 Hz (0.302 rev/s)
t=2212ms  wheel= -0.061 rev/s  fas=  +964 Hz (0.301 rev/s)
t=2232ms  wheel= -0.061 rev/s  fas=  +964 Hz (0.301 rev/s)
t=2252ms  wheel= -0.073 rev/s  fas=  +961 Hz (0.300 rev/s)
t=2272ms  wheel= -0.061 rev/s  fas=  +960 Hz (0.300 rev/s)
t=2292ms  wheel= -0.049 rev/s  fas=  +958 Hz (0.299 rev/s)
t=2312ms  wheel= -0.073 rev/s  fas=  +957 Hz (0.299 rev/s)
t=2332ms  wheel= -0.061 rev/s  fas=  +956 Hz (0.299 rev/s)
t=2352ms  wheel= -0.061 rev/s  fas=  +956 Hz (0.299 rev/s)
t=2372ms  wheel= -0.061 rev/s  fas=  +953 Hz (0.298 rev/s)
t=2392ms  wheel= -0.061 rev/s  fas=  +951 Hz (0.297 rev/s)
t=2412ms  wheel= -0.061 rev/s  fas=  +950 Hz (0.297 rev/s)
t=2432ms  wheel= -0.061 rev/s  fas=  +948 Hz (0.296 rev/s)
t=2452ms  wheel= -0.061 rev/s  fas=  +947 Hz (0.296 rev/s)
t=2472ms  wheel= -0.061 rev/s  fas=  +945 Hz (0.295 rev/s)
t=2492ms  wheel= -0.061 rev/s  fas=  +943 Hz (0.295 rev/s)
t=2512ms  wheel= -0.061 rev/s  fas=  +942 Hz (0.294 rev/s)
t=2532ms  wheel= -0.061 rev/s  fas=  +940 Hz (0.294 rev/s)
t=2552ms  wheel= -0.049 rev/s  fas=  +939 Hz (0.293 rev/s)
t=2572ms  wheel= -0.061 rev/s  fas=  +938 Hz (0.293 rev/s)
t=2592ms  wheel= -0.073 rev/s  fas=  +936 Hz (0.292 rev/s)
t=2612ms  wheel= -0.061 rev/s  fas=  +935 Hz (0.292 rev/s)
t=2632ms  wheel= -0.049 rev/s  fas=  +933 Hz (0.292 rev/s)
t=2652ms  wheel= -0.061 rev/s  fas=  +932 Hz (0.291 rev/s)
t=2672ms  wheel= -0.073 rev/s  fas=  +931 Hz (0.291 rev/s)
t=2692ms  wheel= -0.061 rev/s  fas=  +930 Hz (0.291 rev/s)
t=2712ms  wheel= -0.049 rev/s  fas=  +927 Hz (0.290 rev/s)
t=2732ms  wheel= -0.061 rev/s  fas=  +925 Hz (0.289 rev/s)
t=2752ms  wheel= -0.061 rev/s  fas=  +925 Hz (0.289 rev/s)
t=2772ms  wheel= -0.061 rev/s  fas=  +923 Hz (0.288 rev/s)
t=2792ms  wheel= -0.061 rev/s  fas=  +920 Hz (0.287 rev/s)
t=2812ms  wheel= -0.049 rev/s  fas=  +919 Hz (0.287 rev/s)
t=2832ms  wheel= -0.061 rev/s  fas=  +918 Hz (0.287 rev/s)
t=2852ms  wheel= -0.061 rev/s  fas=  +917 Hz (0.287 rev/s)
t=2872ms  wheel= -0.061 rev/s  fas=  +914 Hz (0.286 rev/s)
t=2892ms  wheel= -0.049 rev/s  fas=  +913 Hz (0.285 rev/s)
t=2912ms  wheel= -0.061 rev/s  fas=  +912 Hz (0.285 rev/s)
t=2932ms  wheel= -0.061 rev/s  fas=  +910 Hz (0.284 rev/s)
t=2952ms  wheel= -0.061 rev/s  fas=  +909 Hz (0.284 rev/s)
t=2972ms  wheel= -0.061 rev/s  fas=  +907 Hz (0.283 rev/s)
t=2992ms  wheel= -0.049 rev/s  fas=  +905 Hz (0.283 rev/s)
t=3012ms  wheel= -0.061 rev/s  fas=  +904 Hz (0.282 rev/s)
t=3032ms  wheel= -0.073 rev/s  fas=  +903 Hz (0.282 rev/s)
t=3052ms  wheel= -0.049 rev/s  fas=  +902 Hz (0.282 rev/s)
t=3072ms  wheel= -0.049 rev/s  fas=  +900 Hz (0.281 rev/s)
t=3092ms  wheel= -0.061 rev/s  fas=  +898 Hz (0.281 rev/s)
t=3112ms  wheel= -0.061 rev/s  fas=  +897 Hz (0.280 rev/s)
t=3132ms  wheel= -0.061 rev/s  fas=  +896 Hz (0.280 rev/s)
t=3152ms  wheel= -0.049 rev/s  fas=  +893 Hz (0.279 rev/s)
t=3172ms  wheel= -0.061 rev/s  fas=  +892 Hz (0.279 rev/s)
t=3192ms  wheel= -0.061 rev/s  fas=  +891 Hz (0.278 rev/s)
t=3212ms  wheel= -0.061 rev/s  fas=  +890 Hz (0.278 rev/s)
t=3232ms  wheel= -0.049 rev/s  fas=  +888 Hz (0.278 rev/s)
t=3252ms  wheel= -0.049 rev/s  fas=  +886 Hz (0.277 rev/s)
t=3272ms  wheel= -0.061 rev/s  fas=  +885 Hz (0.277 rev/s)
t=3292ms  wheel= -0.061 rev/s  fas=  +884 Hz (0.276 rev/s)
t=3312ms  wheel= -0.049 rev/s  fas=  +881 Hz (0.275 rev/s)
t=3332ms  wheel= -0.061 rev/s  fas=  +881 Hz (0.275 rev/s)
t=3352ms  wheel= -0.049 rev/s  fas=  +879 Hz (0.275 rev/s)
t=3372ms  wheel= -0.061 rev/s  fas=  +878 Hz (0.274 rev/s)
t=3392ms  wheel= -0.061 rev/s  fas=  +876 Hz (0.274 rev/s)
t=3412ms  wheel= -0.049 rev/s  fas=  +874 Hz (0.273 rev/s)
t=3432ms  wheel= -0.061 rev/s  fas=  +874 Hz (0.273 rev/s)
t=3452ms  wheel= -0.049 rev/s  fas=  +872 Hz (0.273 rev/s)
t=3472ms  wheel= -0.061 rev/s  fas=  +870 Hz (0.272 rev/s)
t=3492ms  wheel= -0.061 rev/s  fas=  +869 Hz (0.272 rev/s)
t=3512ms  wheel= -0.049 rev/s  fas=  +868 Hz (0.271 rev/s)
t=3532ms  wheel= -0.049 rev/s  fas=  +865 Hz (0.270 rev/s)
t=3552ms  wheel= -0.061 rev/s  fas=  +864 Hz (0.270 rev/s)
t=3572ms  wheel= -0.049 rev/s  fas=  +862 Hz (0.269 rev/s)
t=3592ms  wheel= -0.061 rev/s  fas=  +860 Hz (0.269 rev/s)
t=3612ms  wheel= -0.049 rev/s  fas=  +859 Hz (0.268 rev/s)
t=3632ms  wheel= -0.037 rev/s  fas=  +858 Hz (0.268 rev/s)
t=3652ms  wheel= -0.061 rev/s  fas=  +857 Hz (0.268 rev/s)
t=3672ms  wheel= -0.061 rev/s  fas=  +855 Hz (0.267 rev/s)
t=3692ms  wheel= -0.061 rev/s  fas=  +853 Hz (0.267 rev/s)
t=3712ms  wheel= -0.049 rev/s  fas=  +853 Hz (0.267 rev/s)
t=3732ms  wheel= -0.049 rev/s  fas=  +850 Hz (0.266 rev/s)
t=3752ms  wheel= -0.061 rev/s  fas=  +848 Hz (0.265 rev/s)
t=3772ms  wheel= -0.061 rev/s  fas=  +848 Hz (0.265 rev/s)
t=3792ms  wheel= -0.037 rev/s  fas=  +846 Hz (0.264 rev/s)
t=3812ms  wheel= -0.049 rev/s  fas=  +844 Hz (0.264 rev/s)
t=3832ms  wheel= -0.061 rev/s  fas=  +843 Hz (0.263 rev/s)
t=3852ms  wheel= -0.061 rev/s  fas=  +842 Hz (0.263 rev/s)
t=3872ms  wheel= -0.049 rev/s  fas=  +840 Hz (0.262 rev/s)
t=3892ms  wheel= -0.049 rev/s  fas=  +838 Hz (0.262 rev/s)
t=3912ms  wheel= -0.049 rev/s  fas=  +837 Hz (0.262 rev/s)
t=3932ms  wheel= -0.061 rev/s  fas=  +835 Hz (0.261 rev/s)
t=3952ms  wheel= -0.049 rev/s  fas=  +834 Hz (0.261 rev/s)
t=3972ms  wheel= -0.061 rev/s  fas=  +833 Hz (0.260 rev/s)
t=3992ms  wheel= -0.037 rev/s  fas=  +831 Hz (0.260 rev/s)
t=4012ms  wheel= -0.049 rev/s  fas=  +829 Hz (0.259 rev/s)
t=4032ms  wheel= -0.061 rev/s  fas=  +828 Hz (0.259 rev/s)
t=4052ms  wheel= -0.049 rev/s  fas=  +826 Hz (0.258 rev/s)
t=4072ms  wheel= -0.061 rev/s  fas=  +825 Hz (0.258 rev/s)
t=4092ms  wheel= -0.037 rev/s  fas=  +823 Hz (0.257 rev/s)
t=4112ms  wheel= -0.061 rev/s  fas=  +822 Hz (0.257 rev/s)
t=4132ms  wheel= -0.049 rev/s  fas=  +819 Hz (0.256 rev/s)
t=4152ms  wheel= -0.061 rev/s  fas=  +819 Hz (0.256 rev/s)
t=4172ms  wheel= -0.049 rev/s  fas=  +817 Hz (0.255 rev/s)
t=4192ms  wheel= -0.037 rev/s  fas=  +816 Hz (0.255 rev/s)
t=4212ms  wheel= -0.049 rev/s  fas=  +814 Hz (0.254 rev/s)
t=4232ms  wheel= -0.061 rev/s  fas=  +813 Hz (0.254 rev/s)
t=4252ms  wheel= -0.049 rev/s  fas=  +812 Hz (0.254 rev/s)
t=4272ms  wheel= -0.049 rev/s  fas=  +810 Hz (0.253 rev/s)
t=4292ms  wheel= -0.049 rev/s  fas=  +809 Hz (0.253 rev/s)
t=4312ms  wheel= -0.049 rev/s  fas=  +806 Hz (0.252 rev/s)
t=4332ms  wheel= -0.049 rev/s  fas=  +805 Hz (0.252 rev/s)
t=4352ms  wheel= -0.061 rev/s  fas=  +804 Hz (0.251 rev/s)
t=4372ms  wheel= -0.037 rev/s  fas=  +802 Hz (0.251 rev/s)
t=4392ms  wheel= -0.049 rev/s  fas=  +801 Hz (0.250 rev/s)
t=4412ms  wheel= -0.049 rev/s  fas=  +799 Hz (0.250 rev/s)
t=4432ms  wheel= -0.049 rev/s  fas=  +798 Hz (0.249 rev/s)
t=4452ms  wheel= -0.061 rev/s  fas=  +796 Hz (0.249 rev/s)
t=4472ms  wheel= -0.037 rev/s  fas=  +794 Hz (0.248 rev/s)
t=4492ms  wheel= -0.049 rev/s  fas=  +793 Hz (0.248 rev/s)
t=4512ms  wheel= -0.049 rev/s  fas=  +791 Hz (0.247 rev/s)
t=4532ms  wheel= -0.061 rev/s  fas=  +790 Hz (0.247 rev/s)
t=4552ms  wheel= -0.049 rev/s  fas=  +789 Hz (0.247 rev/s)
t=4572ms  wheel= -0.049 rev/s  fas=  +787 Hz (0.246 rev/s)
t=4592ms  wheel= -0.049 rev/s  fas=  +786 Hz (0.246 rev/s)
t=4612ms  wheel= -0.037 rev/s  fas=  +784 Hz (0.245 rev/s)
t=4632ms  wheel= -0.061 rev/s  fas=  +783 Hz (0.245 rev/s)
t=4652ms  wheel= -0.049 rev/s  fas=  +781 Hz (0.244 rev/s)
t=4672ms  wheel= -0.049 rev/s  fas=  +780 Hz (0.244 rev/s)
t=4692ms  wheel= -0.049 rev/s  fas=  +778 Hz (0.243 rev/s)
t=4712ms  wheel= -0.049 rev/s  fas=  +776 Hz (0.243 rev/s)
t=4732ms  wheel= -0.061 rev/s  fas=  +775 Hz (0.242 rev/s)
t=4752ms  wheel= -0.049 rev/s  fas=  +774 Hz (0.242 rev/s)
t=4772ms  wheel= -0.061 rev/s  fas=  +772 Hz (0.241 rev/s)
t=4792ms  wheel= -0.049 rev/s  fas=  +770 Hz (0.241 rev/s)
t=4812ms  wheel= -0.049 rev/s  fas=  +769 Hz (0.240 rev/s)
t=4832ms  wheel= -0.061 rev/s  fas=  +768 Hz (0.240 rev/s)
t=4852ms  wheel= -0.049 rev/s  fas=  +766 Hz (0.239 rev/s)
t=4872ms  wheel= -0.061 rev/s  fas=  +765 Hz (0.239 rev/s)
t=4892ms  wheel= -0.049 rev/s  fas=  +763 Hz (0.238 rev/s)
t=4912ms  wheel= -0.049 rev/s  fas=  +762 Hz (0.238 rev/s)
t=4932ms  wheel= -0.049 rev/s  fas=  +759 Hz (0.237 rev/s)
t=4952ms  wheel= -0.061 rev/s  fas=  +759 Hz (0.237 rev/s)
t=4972ms  wheel= -0.049 rev/s  fas=  +757 Hz (0.237 rev/s)
t=4992ms  wheel= -0.049 rev/s  fas=  +755 Hz (0.236 rev/s)
t=5012ms  wheel= -0.049 rev/s  fas=  +755 Hz (0.236 rev/s)
t=5032ms  wheel= -0.049 rev/s  fas=  +753 Hz (0.235 rev/s)
t=5052ms  wheel= -0.049 rev/s  fas=  +751 Hz (0.235 rev/s)
t=5072ms  wheel= -0.049 rev/s  fas=  +749 Hz (0.234 rev/s)
t=5092ms  wheel= -0.049 rev/s  fas=  +749 Hz (0.234 rev/s)
t=5112ms  wheel= -0.049 rev/s  fas=  +746 Hz (0.233 rev/s)
t=5132ms  wheel= -0.037 rev/s  fas=  +745 Hz (0.233 rev/s)
t=5152ms  wheel= -0.049 rev/s  fas=  +744 Hz (0.233 rev/s)
t=5172ms  wheel= -0.037 rev/s  fas=  +742 Hz (0.232 rev/s)
t=5192ms  wheel= -0.049 rev/s  fas=  +740 Hz (0.231 rev/s)
t=5212ms  wheel= -0.049 rev/s  fas=  +739 Hz (0.231 rev/s)
t=5232ms  wheel= -0.037 rev/s  fas=  +738 Hz (0.231 rev/s)
t=5252ms  wheel= -0.037 rev/s  fas=  +736 Hz (0.230 rev/s)
t=5272ms  wheel= -0.049 rev/s  fas=  +734 Hz (0.229 rev/s)
t=5292ms  wheel= -0.037 rev/s  fas=  +733 Hz (0.229 rev/s)
t=5312ms  wheel= -0.049 rev/s  fas=  +732 Hz (0.229 rev/s)
t=5332ms  wheel= -0.037 rev/s  fas=  +729 Hz (0.228 rev/s)
t=5352ms  wheel= -0.037 rev/s  fas=  +728 Hz (0.228 rev/s)
t=5372ms  wheel= -0.037 rev/s  fas=  +726 Hz (0.227 rev/s)
t=5392ms  wheel= -0.037 rev/s  fas=  +725 Hz (0.227 rev/s)
t=5412ms  wheel= -0.049 rev/s  fas=  +725 Hz (0.227 rev/s)
t=5432ms  wheel= -0.037 rev/s  fas=  +723 Hz (0.226 rev/s)
t=5452ms  wheel= -0.037 rev/s  fas=  +720 Hz (0.225 rev/s)
t=5472ms  wheel= -0.037 rev/s  fas=  +719 Hz (0.225 rev/s)
t=5492ms  wheel= -0.037 rev/s  fas=  +717 Hz (0.224 rev/s)
t=5512ms  wheel= -0.049 rev/s  fas=  +717 Hz (0.224 rev/s)
t=5532ms  wheel= -0.037 rev/s  fas=  +715 Hz (0.223 rev/s)
t=5552ms  wheel= -0.049 rev/s  fas=  +713 Hz (0.223 rev/s)
t=5572ms  wheel= -0.037 rev/s  fas=  +712 Hz (0.222 rev/s)
t=5592ms  wheel= -0.037 rev/s  fas=  +711 Hz (0.222 rev/s)
t=5612ms  wheel= -0.049 rev/s  fas=  +709 Hz (0.222 rev/s)
t=5632ms  wheel= -0.037 rev/s  fas=  +707 Hz (0.221 rev/s)
t=5652ms  wheel= -0.049 rev/s  fas=  +706 Hz (0.221 rev/s)
t=5672ms  wheel= -0.037 rev/s  fas=  +704 Hz (0.220 rev/s)
t=5692ms  wheel= -0.049 rev/s  fas=  +703 Hz (0.220 rev/s)
t=5712ms  wheel= -0.049 rev/s  fas=  +701 Hz (0.219 rev/s)
t=5732ms  wheel= -0.049 rev/s  fas=  +699 Hz (0.218 rev/s)
t=5752ms  wheel= -0.037 rev/s  fas=  +698 Hz (0.218 rev/s)
t=5772ms  wheel= -0.049 rev/s  fas=  +696 Hz (0.218 rev/s)
t=5792ms  wheel= -0.049 rev/s  fas=  +696 Hz (0.218 rev/s)
t=5812ms  wheel= -0.049 rev/s  fas=  +694 Hz (0.217 rev/s)
t=5832ms  wheel= -0.049 rev/s  fas=  +692 Hz (0.216 rev/s)
t=5852ms  wheel= -0.037 rev/s  fas=  +691 Hz (0.216 rev/s)
t=5872ms  wheel= -0.049 rev/s  fas=  +689 Hz (0.215 rev/s)
t=5892ms  wheel= -0.049 rev/s  fas=  +688 Hz (0.215 rev/s)
t=5912ms  wheel= -0.049 rev/s  fas=  +686 Hz (0.214 rev/s)
t=5932ms  wheel= -0.049 rev/s  fas=  +684 Hz (0.214 rev/s)
t=5952ms  wheel= -0.037 rev/s  fas=  +683 Hz (0.213 rev/s)
t=5972ms  wheel= -0.049 rev/s  fas=  +682 Hz (0.213 rev/s)
t=5992ms  wheel= -0.049 rev/s  fas=  +680 Hz (0.213 rev/s)
t=6012ms  wheel= -0.037 rev/s  fas=  +679 Hz (0.212 rev/s)
t=6032ms  wheel= -0.049 rev/s  fas=  +677 Hz (0.212 rev/s)
t=6052ms  wheel= -0.049 rev/s  fas=  +676 Hz (0.211 rev/s)
t=6072ms  wheel= -0.037 rev/s  fas=  +674 Hz (0.211 rev/s)
t=6092ms  wheel= -0.037 rev/s  fas=  +672 Hz (0.210 rev/s)
t=6112ms  wheel= -0.049 rev/s  fas=  +672 Hz (0.210 rev/s)
t=6132ms  wheel= -0.037 rev/s  fas=  +670 Hz (0.209 rev/s)
t=6152ms  wheel= -0.049 rev/s  fas=  +668 Hz (0.209 rev/s)
t=6172ms  wheel= -0.037 rev/s  fas=  +667 Hz (0.208 rev/s)
t=6192ms  wheel= -0.037 rev/s  fas=  +665 Hz (0.208 rev/s)
t=6212ms  wheel= -0.037 rev/s  fas=  +664 Hz (0.207 rev/s)
t=6232ms  wheel= -0.049 rev/s  fas=  +663 Hz (0.207 rev/s)
t=6252ms  wheel= -0.037 rev/s  fas=  +661 Hz (0.207 rev/s)
t=6272ms  wheel= -0.037 rev/s  fas=  +659 Hz (0.206 rev/s)
t=6292ms  wheel= -0.037 rev/s  fas=  +658 Hz (0.206 rev/s)
t=6312ms  wheel= -0.037 rev/s  fas=  +656 Hz (0.205 rev/s)
t=6332ms  wheel= -0.037 rev/s  fas=  +654 Hz (0.204 rev/s)
t=6352ms  wheel= -0.037 rev/s  fas=  +653 Hz (0.204 rev/s)
t=6372ms  wheel= -0.037 rev/s  fas=  +651 Hz (0.203 rev/s)
t=6392ms  wheel= -0.024 rev/s  fas=  +650 Hz (0.203 rev/s)
t=6412ms  wheel= -0.049 rev/s  fas=  +648 Hz (0.203 rev/s)
t=6432ms  wheel= -0.024 rev/s  fas=  +648 Hz (0.203 rev/s)
t=6452ms  wheel= -0.037 rev/s  fas=  +645 Hz (0.202 rev/s)
t=6472ms  wheel= -0.037 rev/s  fas=  +644 Hz (0.201 rev/s)
t=6492ms  wheel= -0.037 rev/s  fas=  +642 Hz (0.201 rev/s)
t=6512ms  wheel= -0.037 rev/s  fas=  +641 Hz (0.200 rev/s)
t=6532ms  wheel= -0.037 rev/s  fas=  +640 Hz (0.200 rev/s)
t=6552ms  wheel= -0.037 rev/s  fas=  +638 Hz (0.199 rev/s)
t=6572ms  wheel= -0.037 rev/s  fas=  +637 Hz (0.199 rev/s)
t=6592ms  wheel= -0.037 rev/s  fas=  +635 Hz (0.198 rev/s)
t=6612ms  wheel= -0.037 rev/s  fas=  +634 Hz (0.198 rev/s)
t=6632ms  wheel= -0.037 rev/s  fas=  +632 Hz (0.198 rev/s)
t=6652ms  wheel= -0.049 rev/s  fas=  +630 Hz (0.197 rev/s)
t=6672ms  wheel= -0.037 rev/s  fas=  +629 Hz (0.197 rev/s)
t=6692ms  wheel= -0.037 rev/s  fas=  +628 Hz (0.196 rev/s)
t=6712ms  wheel= -0.037 rev/s  fas=  +626 Hz (0.196 rev/s)
t=6732ms  wheel= -0.037 rev/s  fas=  +624 Hz (0.195 rev/s)
t=6752ms  wheel= -0.037 rev/s  fas=  +623 Hz (0.195 rev/s)
t=6772ms  wheel= -0.049 rev/s  fas=  +621 Hz (0.194 rev/s)
t=6792ms  wheel= -0.037 rev/s  fas=  +620 Hz (0.194 rev/s)
t=6812ms  wheel= -0.037 rev/s  fas=  +618 Hz (0.193 rev/s)
t=6832ms  wheel= -0.049 rev/s  fas=  +616 Hz (0.192 rev/s)
t=6852ms  wheel= -0.037 rev/s  fas=  +615 Hz (0.192 rev/s)
t=6872ms  wheel= -0.037 rev/s  fas=  +614 Hz (0.192 rev/s)
t=6892ms  wheel= -0.037 rev/s  fas=  +611 Hz (0.191 rev/s)
t=6912ms  wheel= -0.049 rev/s  fas=  +611 Hz (0.191 rev/s)
t=6932ms  wheel= -0.037 rev/s  fas=  +609 Hz (0.190 rev/s)
t=6952ms  wheel= -0.037 rev/s  fas=  +607 Hz (0.190 rev/s)
t=6972ms  wheel= -0.049 rev/s  fas=  +607 Hz (0.190 rev/s)
t=6992ms  wheel= -0.037 rev/s  fas=  +604 Hz (0.189 rev/s)
t=7012ms  wheel= -0.037 rev/s  fas=  +603 Hz (0.188 rev/s)
t=7032ms  wheel= -0.037 rev/s  fas=  +602 Hz (0.188 rev/s)
t=7052ms  wheel= -0.037 rev/s  fas=  +600 Hz (0.188 rev/s)
t=7072ms  wheel= -0.037 rev/s  fas=  +598 Hz (0.187 rev/s)
t=7092ms  wheel= -0.049 rev/s  fas=  +597 Hz (0.187 rev/s)
t=7112ms  wheel= -0.024 rev/s  fas=  +596 Hz (0.186 rev/s)
t=7132ms  wheel= -0.037 rev/s  fas=  +594 Hz (0.186 rev/s)
t=7152ms  wheel= -0.037 rev/s  fas=  +593 Hz (0.185 rev/s)
t=7172ms  wheel= -0.037 rev/s  fas=  +591 Hz (0.185 rev/s)
t=7192ms  wheel= -0.037 rev/s  fas=  +590 Hz (0.184 rev/s)
t=7212ms  wheel= -0.037 rev/s  fas=  +588 Hz (0.184 rev/s)
t=7232ms  wheel= -0.037 rev/s  fas=  +586 Hz (0.183 rev/s)
t=7252ms  wheel= -0.024 rev/s  fas=  +585 Hz (0.183 rev/s)
t=7272ms  wheel= -0.037 rev/s  fas=  +583 Hz (0.182 rev/s)
t=7292ms  wheel= -0.037 rev/s  fas=  +583 Hz (0.182 rev/s)
t=7312ms  wheel= -0.037 rev/s  fas=  +580 Hz (0.181 rev/s)
t=7332ms  wheel= -0.037 rev/s  fas=  +579 Hz (0.181 rev/s)
t=7352ms  wheel= -0.024 rev/s  fas=  +578 Hz (0.181 rev/s)
t=7372ms  wheel= -0.037 rev/s  fas=  +576 Hz (0.180 rev/s)
t=7392ms  wheel= -0.037 rev/s  fas=  +575 Hz (0.180 rev/s)
t=7412ms  wheel= -0.024 rev/s  fas=  +573 Hz (0.179 rev/s)
t=7432ms  wheel= -0.037 rev/s  fas=  +572 Hz (0.179 rev/s)
t=7452ms  wheel= -0.024 rev/s  fas=  +570 Hz (0.178 rev/s)
t=7472ms  wheel= -0.037 rev/s  fas=  +568 Hz (0.177 rev/s)
t=7492ms  wheel= -0.037 rev/s  fas=  +567 Hz (0.177 rev/s)
t=7512ms  wheel= -0.024 rev/s  fas=  +565 Hz (0.177 rev/s)
t=7532ms  wheel= -0.037 rev/s  fas=  +564 Hz (0.176 rev/s)
t=7552ms  wheel= -0.037 rev/s  fas=  +562 Hz (0.176 rev/s)
t=7572ms  wheel= -0.024 rev/s  fas=  +562 Hz (0.176 rev/s)
t=7592ms  wheel= -0.037 rev/s  fas=  +559 Hz (0.175 rev/s)
t=7612ms  wheel= -0.037 rev/s  fas=  +558 Hz (0.174 rev/s)
t=7632ms  wheel= -0.024 rev/s  fas=  +556 Hz (0.174 rev/s)
t=7652ms  wheel= -0.037 rev/s  fas=  +556 Hz (0.174 rev/s)
t=7672ms  wheel= -0.037 rev/s  fas=  +553 Hz (0.173 rev/s)
t=7692ms  wheel= -0.024 rev/s  fas=  +552 Hz (0.172 rev/s)
t=7712ms  wheel= -0.037 rev/s  fas=  +550 Hz (0.172 rev/s)
t=7732ms  wheel= -0.037 rev/s  fas=  +549 Hz (0.172 rev/s)
t=7752ms  wheel= -0.037 rev/s  fas=  +548 Hz (0.171 rev/s)
t=7772ms  wheel= -0.037 rev/s  fas=  +546 Hz (0.171 rev/s)
t=7792ms  wheel= -0.037 rev/s  fas=  +544 Hz (0.170 rev/s)
t=7812ms  wheel= -0.037 rev/s  fas=  +543 Hz (0.170 rev/s)
t=7832ms  wheel= -0.024 rev/s  fas=  +541 Hz (0.169 rev/s)
t=7852ms  wheel= -0.037 rev/s  fas=  +540 Hz (0.169 rev/s)
t=7872ms  wheel= -0.037 rev/s  fas=  +538 Hz (0.168 rev/s)
t=7892ms  wheel= -0.037 rev/s  fas=  +536 Hz (0.168 rev/s)
t=7912ms  wheel= -0.037 rev/s  fas=  +535 Hz (0.167 rev/s)
t=7932ms  wheel= -0.024 rev/s  fas=  +534 Hz (0.167 rev/s)
t=7952ms  wheel= -0.037 rev/s  fas=  +533 Hz (0.167 rev/s)
t=7972ms  wheel= -0.037 rev/s  fas=  +531 Hz (0.166 rev/s)
t=7992ms  wheel= -0.037 rev/s  fas=  +530 Hz (0.166 rev/s)
t=8012ms  wheel= -0.037 rev/s  fas=  +528 Hz (0.165 rev/s)
t=8032ms  wheel= -0.024 rev/s  fas=  +526 Hz (0.164 rev/s)
t=8052ms  wheel= -0.037 rev/s  fas=  +525 Hz (0.164 rev/s)
t=8072ms  wheel= -0.037 rev/s  fas=  +523 Hz (0.163 rev/s)
t=8092ms  wheel= -0.037 rev/s  fas=  +522 Hz (0.163 rev/s)
t=8112ms  wheel= -0.024 rev/s  fas=  +521 Hz (0.163 rev/s)
t=8132ms  wheel= -0.037 rev/s  fas=  +518 Hz (0.162 rev/s)
t=8152ms  wheel= -0.024 rev/s  fas=  +517 Hz (0.162 rev/s)
t=8172ms  wheel= -0.037 rev/s  fas=  +515 Hz (0.161 rev/s)
t=8192ms  wheel= -0.024 rev/s  fas=  +514 Hz (0.161 rev/s)
t=8212ms  wheel= -0.037 rev/s  fas=  +513 Hz (0.160 rev/s)
t=8232ms  wheel= -0.024 rev/s  fas=  +511 Hz (0.160 rev/s)
t=8252ms  wheel= -0.037 rev/s  fas=  +510 Hz (0.159 rev/s)
t=8272ms  wheel= -0.024 rev/s  fas=  +509 Hz (0.159 rev/s)
t=8292ms  wheel= -0.037 rev/s  fas=  +507 Hz (0.158 rev/s)
t=8312ms  wheel= -0.024 rev/s  fas=  +505 Hz (0.158 rev/s)
t=8332ms  wheel= -0.037 rev/s  fas=  +503 Hz (0.157 rev/s)
t=8352ms  wheel= -0.024 rev/s  fas=  +502 Hz (0.157 rev/s)
t=8372ms  wheel= -0.024 rev/s  fas=  +501 Hz (0.157 rev/s)
t=8392ms  wheel= -0.037 rev/s  fas=  +499 Hz (0.156 rev/s)
t=8412ms  wheel= -0.024 rev/s  fas=  +497 Hz (0.155 rev/s)
t=8432ms  wheel= -0.024 rev/s  fas=  +496 Hz (0.155 rev/s)
t=8452ms  wheel= -0.037 rev/s  fas=  +495 Hz (0.155 rev/s)
t=8472ms  wheel= -0.024 rev/s  fas=  +492 Hz (0.154 rev/s)
t=8492ms  wheel= -0.024 rev/s  fas=  +491 Hz (0.153 rev/s)
t=8512ms  wheel= -0.037 rev/s  fas=  +490 Hz (0.153 rev/s)
t=8532ms  wheel= -0.024 rev/s  fas=  +489 Hz (0.153 rev/s)
t=8552ms  wheel= -0.037 rev/s  fas=  +487 Hz (0.152 rev/s)
t=8572ms  wheel= -0.024 rev/s  fas=  +485 Hz (0.152 rev/s)
t=8592ms  wheel= -0.024 rev/s  fas=  +484 Hz (0.151 rev/s)
t=8612ms  wheel= -0.024 rev/s  fas=  +483 Hz (0.151 rev/s)
t=8632ms  wheel= -0.037 rev/s  fas=  +481 Hz (0.150 rev/s)
t=8652ms  wheel= -0.024 rev/s  fas=  +480 Hz (0.150 rev/s)
t=8672ms  wheel= -0.037 rev/s  fas=  +478 Hz (0.149 rev/s)
t=8692ms  wheel= -0.024 rev/s  fas=  +477 Hz (0.149 rev/s)
t=8712ms  wheel= -0.037 rev/s  fas=  +475 Hz (0.148 rev/s)
t=8732ms  wheel= -0.024 rev/s  fas=  +473 Hz (0.148 rev/s)
t=8752ms  wheel= -0.024 rev/s  fas=  +471 Hz (0.147 rev/s)
t=8772ms  wheel= -0.037 rev/s  fas=  +470 Hz (0.147 rev/s)
t=8792ms  wheel= -0.024 rev/s  fas=  +469 Hz (0.147 rev/s)
t=8812ms  wheel= -0.037 rev/s  fas=  +468 Hz (0.146 rev/s)
t=8832ms  wheel= -0.024 rev/s  fas=  +466 Hz (0.146 rev/s)
t=8852ms  wheel= -0.037 rev/s  fas=  +465 Hz (0.145 rev/s)
t=8872ms  wheel= -0.024 rev/s  fas=  +462 Hz (0.144 rev/s)
t=8892ms  wheel= -0.024 rev/s  fas=  +461 Hz (0.144 rev/s)
t=8912ms  wheel= -0.037 rev/s  fas=  +459 Hz (0.143 rev/s)
t=8932ms  wheel= -0.024 rev/s  fas=  +459 Hz (0.143 rev/s)
t=8952ms  wheel= -0.024 rev/s  fas=  +457 Hz (0.143 rev/s)
t=8972ms  wheel= -0.037 rev/s  fas=  +455 Hz (0.142 rev/s)
t=8992ms  wheel= -0.037 rev/s  fas=  +454 Hz (0.142 rev/s)
t=9012ms  wheel= -0.024 rev/s  fas=  +452 Hz (0.141 rev/s)
t=9032ms  wheel= -0.024 rev/s  fas=  +450 Hz (0.141 rev/s)
t=9052ms  wheel= -0.037 rev/s  fas=  +450 Hz (0.141 rev/s)
t=9072ms  wheel= -0.024 rev/s  fas=  +448 Hz (0.140 rev/s)
t=9092ms  wheel= -0.024 rev/s  fas=  +446 Hz (0.139 rev/s)
t=9112ms  wheel= -0.024 rev/s  fas=  +445 Hz (0.139 rev/s)
t=9132ms  wheel= -0.037 rev/s  fas=  +444 Hz (0.139 rev/s)
t=9152ms  wheel= -0.024 rev/s  fas=  +442 Hz (0.138 rev/s)
t=9172ms  wheel= -0.024 rev/s  fas=  +440 Hz (0.138 rev/s)
t=9192ms  wheel= -0.024 rev/s  fas=  +439 Hz (0.137 rev/s)
t=9212ms  wheel= -0.024 rev/s  fas=  +437 Hz (0.137 rev/s)
t=9232ms  wheel= -0.037 rev/s  fas=  +437 Hz (0.137 rev/s)
t=9252ms  wheel= -0.024 rev/s  fas=  +435 Hz (0.136 rev/s)
t=9272ms  wheel= -0.024 rev/s  fas=  +433 Hz (0.135 rev/s)
t=9292ms  wheel= -0.024 rev/s  fas=  +431 Hz (0.135 rev/s)
t=9312ms  wheel= -0.024 rev/s  fas=  +430 Hz (0.134 rev/s)
t=9332ms  wheel= -0.024 rev/s  fas=  +428 Hz (0.134 rev/s)
t=9352ms  wheel= -0.024 rev/s  fas=  +426 Hz (0.133 rev/s)
t=9372ms  wheel= -0.024 rev/s  fas=  +426 Hz (0.133 rev/s)
t=9392ms  wheel= -0.024 rev/s  fas=  +424 Hz (0.132 rev/s)
t=9412ms  wheel= -0.024 rev/s  fas=  +422 Hz (0.132 rev/s)
t=9432ms  wheel= -0.024 rev/s  fas=  +421 Hz (0.132 rev/s)
t=9452ms  wheel= -0.024 rev/s  fas=  +420 Hz (0.131 rev/s)
t=9472ms  wheel= -0.024 rev/s  fas=  +418 Hz (0.131 rev/s)
t=9492ms  wheel= -0.024 rev/s  fas=  +416 Hz (0.130 rev/s)
t=9512ms  wheel= -0.024 rev/s  fas=  +415 Hz (0.130 rev/s)
t=9532ms  wheel= -0.024 rev/s  fas=  +413 Hz (0.129 rev/s)
t=9552ms  wheel= -0.024 rev/s  fas=  +411 Hz (0.128 rev/s)
t=9572ms  wheel= -0.037 rev/s  fas=  +411 Hz (0.128 rev/s)
t=9592ms  wheel= -0.024 rev/s  fas=  +408 Hz (0.127 rev/s)
t=9612ms  wheel= -0.024 rev/s  fas=  +408 Hz (0.127 rev/s)
t=9632ms  wheel= -0.024 rev/s  fas=  +406 Hz (0.127 rev/s)
t=9652ms  wheel= -0.024 rev/s  fas=  +404 Hz (0.126 rev/s)
t=9672ms  wheel= -0.024 rev/s  fas=  +403 Hz (0.126 rev/s)
t=9692ms  wheel= -0.024 rev/s  fas=  +401 Hz (0.125 rev/s)
t=9712ms  wheel= -0.024 rev/s  fas=  +399 Hz (0.125 rev/s)
t=9732ms  wheel= -0.024 rev/s  fas=  +398 Hz (0.124 rev/s)
t=9752ms  wheel= -0.024 rev/s  fas=  +396 Hz (0.124 rev/s)
t=9772ms  wheel= -0.024 rev/s  fas=  +395 Hz (0.123 rev/s)
t=9792ms  wheel= -0.024 rev/s  fas=  +394 Hz (0.123 rev/s)
t=9812ms  wheel= -0.024 rev/s  fas=  +393 Hz (0.123 rev/s)
t=9832ms  wheel= -0.024 rev/s  fas=  +390 Hz (0.122 rev/s)
t=9852ms  wheel= -0.024 rev/s  fas=  +389 Hz (0.122 rev/s)
t=9872ms  wheel= -0.037 rev/s  fas=  +388 Hz (0.121 rev/s)
t=9892ms  wheel= -0.012 rev/s  fas=  +386 Hz (0.121 rev/s)
t=9912ms  wheel= -0.024 rev/s  fas=  +385 Hz (0.120 rev/s)
t=9932ms  wheel= -0.037 rev/s  fas=  +383 Hz (0.120 rev/s)
t=9952ms  wheel= -0.012 rev/s  fas=  +381 Hz (0.119 rev/s)
t=9972ms  wheel= -0.024 rev/s  fas=  +380 Hz (0.119 rev/s)
t=9992ms  wheel= -0.037 rev/s  fas=  +379 Hz (0.118 rev/s)
t=10012ms  wheel= -0.024 rev/s  fas=  +377 Hz (0.118 rev/s)
t=10032ms  wheel= -0.024 rev/s  fas=  +376 Hz (0.117 rev/s)
t=10052ms  wheel= -0.012 rev/s  fas=  +374 Hz (0.117 rev/s)
t=10072ms  wheel= -0.024 rev/s  fas=  +373 Hz (0.117 rev/s)
t=10092ms  wheel= -0.024 rev/s  fas=  +371 Hz (0.116 rev/s)
t=10112ms  wheel= -0.024 rev/s  fas=  +370 Hz (0.116 rev/s)
t=10132ms  wheel= -0.024 rev/s  fas=  +368 Hz (0.115 rev/s)
t=10152ms  wheel= -0.024 rev/s  fas=  +367 Hz (0.115 rev/s)
t=10172ms  wheel= -0.024 rev/s  fas=  +365 Hz (0.114 rev/s)
t=10192ms  wheel= -0.024 rev/s  fas=  +363 Hz (0.113 rev/s)
t=10212ms  wheel= -0.024 rev/s  fas=  +362 Hz (0.113 rev/s)
t=10232ms  wheel= -0.024 rev/s  fas=  +361 Hz (0.113 rev/s)
t=10252ms  wheel= -0.012 rev/s  fas=  +358 Hz (0.112 rev/s)
t=10272ms  wheel= -0.024 rev/s  fas=  +358 Hz (0.112 rev/s)
t=10292ms  wheel= -0.024 rev/s  fas=  +355 Hz (0.111 rev/s)
t=10312ms  wheel= -0.024 rev/s  fas=  +354 Hz (0.111 rev/s)
t=10332ms  wheel= -0.012 rev/s  fas=  +353 Hz (0.110 rev/s)
t=10352ms  wheel= -0.024 rev/s  fas=  +351 Hz (0.110 rev/s)
t=10372ms  wheel= -0.024 rev/s  fas=  +350 Hz (0.109 rev/s)
t=10392ms  wheel= -0.012 rev/s  fas=  +348 Hz (0.109 rev/s)
t=10412ms  wheel= -0.024 rev/s  fas=  +347 Hz (0.108 rev/s)
t=10432ms  wheel= -0.024 rev/s  fas=  +346 Hz (0.108 rev/s)
t=10452ms  wheel= -0.024 rev/s  fas=  +343 Hz (0.107 rev/s)
t=10472ms  wheel= -0.012 rev/s  fas=  +342 Hz (0.107 rev/s)
t=10492ms  wheel= -0.024 rev/s  fas=  +340 Hz (0.106 rev/s)
t=10512ms  wheel= -0.012 rev/s  fas=  +339 Hz (0.106 rev/s)
t=10532ms  wheel= -0.024 rev/s  fas=  +338 Hz (0.106 rev/s)
t=10552ms  wheel= -0.024 rev/s  fas=  +336 Hz (0.105 rev/s)
t=10572ms  wheel= -0.012 rev/s  fas=  +335 Hz (0.105 rev/s)
t=10592ms  wheel= -0.024 rev/s  fas=  +333 Hz (0.104 rev/s)
t=10612ms  wheel= -0.024 rev/s  fas=  +331 Hz (0.103 rev/s)
t=10632ms  wheel= -0.024 rev/s  fas=  +330 Hz (0.103 rev/s)
t=10652ms  wheel= -0.012 rev/s  fas=  +329 Hz (0.103 rev/s)
t=10672ms  wheel= -0.024 rev/s  fas=  +327 Hz (0.102 rev/s)
t=10692ms  wheel= -0.024 rev/s  fas=  +326 Hz (0.102 rev/s)
t=10712ms  wheel= -0.024 rev/s  fas=  +324 Hz (0.101 rev/s)
t=10732ms  wheel= -0.012 rev/s  fas=  +322 Hz (0.101 rev/s)
t=10752ms  wheel= -0.024 rev/s  fas=  +321 Hz (0.100 rev/s)
t=10772ms  wheel= -0.012 rev/s  fas=  +320 Hz (0.100 rev/s)
t=10792ms  wheel= -0.024 rev/s  fas=  +319 Hz (0.100 rev/s)
t=10812ms  wheel= -0.024 rev/s  fas=  +316 Hz (0.099 rev/s)
t=10832ms  wheel= -0.024 rev/s  fas=  +315 Hz (0.098 rev/s)
t=10852ms  wheel= -0.012 rev/s  fas=  +314 Hz (0.098 rev/s)
t=10872ms  wheel= -0.024 rev/s  fas=  +313 Hz (0.098 rev/s)
t=10892ms  wheel= -0.024 rev/s  fas=  +310 Hz (0.097 rev/s)
t=10912ms  wheel= -0.012 rev/s  fas=  +309 Hz (0.097 rev/s)
t=10932ms  wheel= -0.024 rev/s  fas=  +308 Hz (0.096 rev/s)
t=10952ms  wheel= -0.024 rev/s  fas=  +306 Hz (0.096 rev/s)
t=10972ms  wheel= -0.012 rev/s  fas=  +304 Hz (0.095 rev/s)
t=10992ms  wheel= -0.024 rev/s  fas=  +303 Hz (0.095 rev/s)
t=11012ms  wheel= -0.012 rev/s  fas=  +301 Hz (0.094 rev/s)
t=11032ms  wheel= -0.024 rev/s  fas=  +300 Hz (0.094 rev/s)
t=11052ms  wheel= -0.024 rev/s  fas=  +298 Hz (0.093 rev/s)
t=11072ms  wheel= -0.012 rev/s  fas=  +297 Hz (0.093 rev/s)
t=11092ms  wheel= -0.024 rev/s  fas=  +295 Hz (0.092 rev/s)
t=11112ms  wheel= -0.012 rev/s  fas=  +294 Hz (0.092 rev/s)
t=11132ms  wheel= -0.024 rev/s  fas=  +293 Hz (0.092 rev/s)
t=11152ms  wheel= -0.024 rev/s  fas=  +291 Hz (0.091 rev/s)
t=11172ms  wheel= -0.012 rev/s  fas=  +289 Hz (0.090 rev/s)
t=11192ms  wheel= -0.024 rev/s  fas=  +288 Hz (0.090 rev/s)
t=11212ms  wheel= -0.012 rev/s  fas=  +286 Hz (0.089 rev/s)
t=11232ms  wheel= -0.024 rev/s  fas=  +285 Hz (0.089 rev/s)
t=11252ms  wheel= -0.012 rev/s  fas=  +284 Hz (0.089 rev/s)
t=11272ms  wheel= -0.024 rev/s  fas=  +282 Hz (0.088 rev/s)
t=11292ms  wheel= -0.012 rev/s  fas=  +281 Hz (0.088 rev/s)
t=11312ms  wheel= -0.012 rev/s  fas=  +278 Hz (0.087 rev/s)
t=11332ms  wheel= -0.024 rev/s  fas=  +277 Hz (0.087 rev/s)
t=11352ms  wheel= -0.012 rev/s  fas=  +275 Hz (0.086 rev/s)
t=11372ms  wheel= -0.012 rev/s  fas=  +274 Hz (0.086 rev/s)
t=11392ms  wheel= -0.024 rev/s  fas=  +273 Hz (0.085 rev/s)
t=11412ms  wheel= -0.012 rev/s  fas=  +271 Hz (0.085 rev/s)
t=11432ms  wheel= -0.012 rev/s  fas=  +270 Hz (0.084 rev/s)
t=11452ms  wheel= -0.024 rev/s  fas=  +269 Hz (0.084 rev/s)
t=11472ms  wheel= -0.012 rev/s  fas=  +267 Hz (0.083 rev/s)
t=11492ms  wheel= -0.012 rev/s  fas=  +266 Hz (0.083 rev/s)
t=11512ms  wheel= -0.024 rev/s  fas=  +263 Hz (0.082 rev/s)
t=11532ms  wheel= -0.012 rev/s  fas=  +261 Hz (0.082 rev/s)
t=11552ms  wheel= -0.012 rev/s  fas=  +260 Hz (0.081 rev/s)
t=11572ms  wheel= -0.024 rev/s  fas=  +259 Hz (0.081 rev/s)
t=11592ms  wheel= -0.012 rev/s  fas=  +257 Hz (0.080 rev/s)
t=11612ms  wheel= -0.012 rev/s  fas=  +255 Hz (0.080 rev/s)
t=11632ms  wheel= -0.012 rev/s  fas=  +254 Hz (0.079 rev/s)
t=11652ms  wheel= -0.024 rev/s  fas=  +253 Hz (0.079 rev/s)
t=11672ms  wheel= -0.012 rev/s  fas=  +251 Hz (0.078 rev/s)
t=11692ms  wheel= -0.012 rev/s  fas=  +250 Hz (0.078 rev/s)
t=11712ms  wheel= -0.012 rev/s  fas=  +248 Hz (0.078 rev/s)
t=11732ms  wheel= -0.024 rev/s  fas=  +247 Hz (0.077 rev/s)
t=11752ms  wheel= -0.012 rev/s  fas=  +245 Hz (0.077 rev/s)
t=11772ms  wheel= -0.012 rev/s  fas=  +235 Hz (0.073 rev/s)
t=11792ms  wheel= -0.012 rev/s  fas=  +235 Hz (0.073 rev/s)
t=11812ms  wheel= -0.024 rev/s  fas=  +234 Hz (0.073 rev/s)
t=11832ms  wheel= -0.012 rev/s  fas=  +232 Hz (0.072 rev/s)
t=11852ms  wheel= -0.012 rev/s  fas=  +231 Hz (0.072 rev/s)
t=11872ms  wheel= -0.024 rev/s  fas=  +229 Hz (0.072 rev/s)
t=11892ms  wheel= -0.012 rev/s  fas=  +228 Hz (0.071 rev/s)
t=11912ms  wheel= -0.024 rev/s  fas=  +226 Hz (0.071 rev/s)
t=11932ms  wheel= -0.012 rev/s  fas=  +224 Hz (0.070 rev/s)
t=11952ms  wheel= -0.012 rev/s  fas=  +222 Hz (0.069 rev/s)
t=11972ms  wheel= -0.012 rev/s  fas=  +221 Hz (0.069 rev/s)
t=11992ms  wheel= -0.012 rev/s  fas=  +221 Hz (0.069 rev/s)
t=12012ms  wheel= -0.024 rev/s  fas=  +219 Hz (0.068 rev/s)
t=12032ms  wheel= -0.012 rev/s  fas=  +217 Hz (0.068 rev/s)
t=12052ms  wheel= -0.012 rev/s  fas=  +216 Hz (0.068 rev/s)
t=12072ms  wheel= -0.012 rev/s  fas=  +214 Hz (0.067 rev/s)
t=12092ms  wheel= -0.024 rev/s  fas=  +212 Hz (0.066 rev/s)
t=12112ms  wheel= -0.012 rev/s  fas=  +212 Hz (0.066 rev/s)
t=12132ms  wheel= -0.012 rev/s  fas=  +210 Hz (0.066 rev/s)
t=12152ms  wheel= -0.012 rev/s  fas=  +209 Hz (0.065 rev/s)
t=12172ms  wheel= -0.012 rev/s  fas=  +207 Hz (0.065 rev/s)
t=12192ms  wheel= -0.024 rev/s  fas=  +205 Hz (0.064 rev/s)
t=12212ms  wheel= -0.012 rev/s  fas=  +203 Hz (0.063 rev/s)
t=12232ms  wheel= -0.012 rev/s  fas=  +201 Hz (0.063 rev/s)
t=12252ms  wheel= -0.012 rev/s  fas=  +199 Hz (0.062 rev/s)
t=12272ms  wheel= -0.012 rev/s  fas=  +199 Hz (0.062 rev/s)
t=12292ms  wheel= -0.012 rev/s  fas=  +197 Hz (0.062 rev/s)
t=12312ms  wheel= -0.012 rev/s  fas=  +196 Hz (0.061 rev/s)
t=12332ms  wheel= -0.012 rev/s  fas=  +196 Hz (0.061 rev/s)
t=12352ms  wheel= -0.012 rev/s  fas=  +194 Hz (0.061 rev/s)
t=12372ms  wheel= -0.012 rev/s  fas=  +192 Hz (0.060 rev/s)
t=12392ms  wheel= -0.012 rev/s  fas=  +190 Hz (0.059 rev/s)
t=12412ms  wheel= -0.012 rev/s  fas=  +188 Hz (0.059 rev/s)
t=12432ms  wheel= -0.012 rev/s  fas=  +188 Hz (0.059 rev/s)
t=12452ms  wheel= -0.012 rev/s  fas=  +186 Hz (0.058 rev/s)
t=12472ms  wheel= -0.012 rev/s  fas=  +184 Hz (0.058 rev/s)
t=12492ms  wheel= -0.012 rev/s  fas=  +181 Hz (0.057 rev/s)
t=12512ms  wheel= -0.012 rev/s  fas=  +181 Hz (0.057 rev/s)
t=12532ms  wheel= -0.012 rev/s  fas=  +179 Hz (0.056 rev/s)
t=12552ms  wheel= -0.012 rev/s  fas=  +177 Hz (0.055 rev/s)
t=12572ms  wheel= -0.012 rev/s  fas=  +175 Hz (0.055 rev/s)
t=12592ms  wheel= -0.012 rev/s  fas=  +175 Hz (0.055 rev/s)
t=12612ms  wheel= -0.012 rev/s  fas=  +173 Hz (0.054 rev/s)
t=12632ms  wheel= +0.000 rev/s  fas=  +171 Hz (0.053 rev/s)
t=12652ms  wheel= -0.012 rev/s  fas=  +171 Hz (0.053 rev/s)
t=12672ms  wheel= -0.012 rev/s  fas=  +169 Hz (0.053 rev/s)
t=12692ms  wheel= -0.012 rev/s  fas=  +166 Hz (0.052 rev/s)
t=12712ms  wheel= -0.012 rev/s  fas=  +166 Hz (0.052 rev/s)
t=12732ms  wheel= -0.012 rev/s  fas=  +164 Hz (0.051 rev/s)
t=12752ms  wheel= -0.012 rev/s  fas=  +162 Hz (0.051 rev/s)
t=12772ms  wheel= -0.012 rev/s  fas=  +162 Hz (0.051 rev/s)
t=12792ms  wheel= +0.000 rev/s  fas=  +160 Hz (0.050 rev/s)
t=12812ms  wheel= -0.024 rev/s  fas=  +157 Hz (0.049 rev/s)
t=12832ms  wheel= +0.000 rev/s  fas=  +157 Hz (0.049 rev/s)
t=12852ms  wheel= -0.012 rev/s  fas=  +155 Hz (0.048 rev/s)
t=12872ms  wheel= -0.012 rev/s  fas=  +152 Hz (0.047 rev/s)
t=12892ms  wheel= -0.012 rev/s  fas=  +152 Hz (0.047 rev/s)
t=12912ms  wheel= -0.012 rev/s  fas=  +150 Hz (0.047 rev/s)
t=12932ms  wheel= -0.012 rev/s  fas=  +147 Hz (0.046 rev/s)
t=12952ms  wheel= +0.000 rev/s  fas=  +147 Hz (0.046 rev/s)
t=12972ms  wheel= -0.012 rev/s  fas=  +145 Hz (0.045 rev/s)
t=12992ms  wheel= -0.012 rev/s  fas=  +145 Hz (0.045 rev/s)
t=13012ms  wheel= -0.012 rev/s  fas=  +142 Hz (0.044 rev/s)
t=13032ms  wheel= -0.012 rev/s  fas=  +142 Hz (0.044 rev/s)
t=13052ms  wheel= +0.000 rev/s  fas=  +139 Hz (0.043 rev/s)
t=13072ms  wheel= -0.012 rev/s  fas=  +139 Hz (0.043 rev/s)
t=13092ms  wheel= -0.012 rev/s  fas=  +137 Hz (0.043 rev/s)
t=13112ms  wheel= -0.012 rev/s  fas=  +134 Hz (0.042 rev/s)
t=13132ms  wheel= -0.012 rev/s  fas=  +134 Hz (0.042 rev/s)
t=13152ms  wheel= -0.012 rev/s  fas=  +131 Hz (0.041 rev/s)
t=13172ms  wheel= -0.012 rev/s  fas=  +131 Hz (0.041 rev/s)
t=13192ms  wheel= +0.000 rev/s  fas=  +128 Hz (0.040 rev/s)
t=13212ms  wheel= -0.012 rev/s  fas=  +128 Hz (0.040 rev/s)
t=13232ms  wheel= +0.000 rev/s  fas=  +125 Hz (0.039 rev/s)
t=13252ms  wheel= -0.012 rev/s  fas=  +125 Hz (0.039 rev/s)
t=13272ms  wheel= -0.012 rev/s  fas=  +122 Hz (0.038 rev/s)
t=13292ms  wheel= -0.012 rev/s  fas=  +119 Hz (0.037 rev/s)
t=13312ms  wheel= +0.000 rev/s  fas=  +119 Hz (0.037 rev/s)
t=13332ms  wheel= -0.012 rev/s  fas=  +119 Hz (0.037 rev/s)
t=13352ms  wheel= -0.012 rev/s  fas=  +116 Hz (0.036 rev/s)
t=13372ms  wheel= +0.000 rev/s  fas=  +116 Hz (0.036 rev/s)
t=13392ms  wheel= -0.012 rev/s  fas=  +113 Hz (0.035 rev/s)
t=13412ms  wheel= +0.000 rev/s  fas=  +113 Hz (0.035 rev/s)
t=13432ms  wheel= -0.012 rev/s  fas=  +109 Hz (0.034 rev/s)
t=13452ms  wheel= +0.000 rev/s  fas=  +109 Hz (0.034 rev/s)
t=13472ms  wheel= -0.012 rev/s  fas=  +109 Hz (0.034 rev/s)
t=13492ms  wheel= -0.012 rev/s  fas=  +106 Hz (0.033 rev/s)
t=13512ms  wheel= +0.000 rev/s  fas=  +106 Hz (0.033 rev/s)
t=13532ms  wheel= -0.012 rev/s  fas=  +106 Hz (0.033 rev/s)
t=13552ms  wheel= +0.000 rev/s  fas=  +102 Hz (0.032 rev/s)
t=13572ms  wheel= -0.012 rev/s  fas=  +102 Hz (0.032 rev/s)
t=13592ms  wheel= -0.012 rev/s  fas=   +98 Hz (0.031 rev/s)
t=13612ms  wheel= +0.000 rev/s  fas=   +98 Hz (0.031 rev/s)
t=13632ms  wheel= -0.012 rev/s  fas=   +95 Hz (0.030 rev/s)
t=13652ms  wheel= +0.000 rev/s  fas=   +95 Hz (0.030 rev/s)
t=13672ms  wheel= -0.012 rev/s  fas=   +95 Hz (0.030 rev/s)
t=13692ms  wheel= +0.000 rev/s  fas=   +90 Hz (0.028 rev/s)
t=13712ms  wheel= -0.012 rev/s  fas=   +90 Hz (0.028 rev/s)
t=13732ms  wheel= +0.000 rev/s  fas=   +90 Hz (0.028 rev/s)
t=13752ms  wheel= -0.012 rev/s  fas=   +86 Hz (0.027 rev/s)
t=13772ms  wheel= +0.000 rev/s  fas=   +86 Hz (0.027 rev/s)
t=13792ms  wheel= -0.012 rev/s  fas=   +82 Hz (0.026 rev/s)
t=13812ms  wheel= +0.000 rev/s  fas=   +82 Hz (0.026 rev/s)
t=13832ms  wheel= -0.012 rev/s  fas=   +82 Hz (0.026 rev/s)
t=13852ms  wheel= +0.000 rev/s  fas=   +77 Hz (0.024 rev/s)
t=13872ms  wheel= -0.012 rev/s  fas=   +77 Hz (0.024 rev/s)
t=13892ms  wheel= -0.012 rev/s  fas=   +77 Hz (0.024 rev/s)
t=13912ms  wheel= +0.000 rev/s  fas=   +77 Hz (0.024 rev/s)
t=13932ms  wheel= -0.012 rev/s  fas=   +72 Hz (0.023 rev/s)
t=13952ms  wheel= +0.000 rev/s  fas=   +72 Hz (0.023 rev/s)
t=13972ms  wheel= +0.000 rev/s  fas=   +72 Hz (0.023 rev/s)
t=13992ms  wheel= -0.012 rev/s  fas=   +67 Hz (0.021 rev/s)
t=14012ms  wheel= +0.000 rev/s  fas=   +67 Hz (0.021 rev/s)
t=14032ms  wheel= -0.012 rev/s  fas=   +67 Hz (0.021 rev/s)
t=14052ms  wheel= +0.000 rev/s  fas=   +67 Hz (0.021 rev/s)
t=14072ms  wheel= -0.012 rev/s  fas=   +61 Hz (0.019 rev/s)
t=14092ms  wheel= +0.000 rev/s  fas=   +61 Hz (0.019 rev/s)
t=14112ms  wheel= -0.012 rev/s  fas=   +61 Hz (0.019 rev/s)
t=14132ms  wheel= +0.000 rev/s  fas=   +54 Hz (0.017 rev/s)
t=14152ms  wheel= +0.000 rev/s  fas=   +54 Hz (0.017 rev/s)
t=14172ms  wheel= -0.012 rev/s  fas=   +54 Hz (0.017 rev/s)
t=14192ms  wheel= +0.000 rev/s  fas=   +54 Hz (0.017 rev/s)
t=14212ms  wheel= -0.012 rev/s  fas=   +54 Hz (0.017 rev/s)
t=14232ms  wheel= +0.000 rev/s  fas=   +47 Hz (0.015 rev/s)
t=14252ms  wheel= +0.000 rev/s  fas=   +47 Hz (0.015 rev/s)
t=14272ms  wheel= +0.000 rev/s  fas=   +47 Hz (0.015 rev/s)
t=14292ms  wheel= -0.012 rev/s  fas=   +47 Hz (0.015 rev/s)
t=14312ms  wheel= +0.000 rev/s  fas=   +47 Hz (0.015 rev/s)
t=14332ms  wheel= +0.000 rev/s  fas=   +47 Hz (0.015 rev/s)
t=14352ms  wheel= +0.000 rev/s  fas=   +38 Hz (0.012 rev/s)
t=14372ms  wheel= -0.012 rev/s  fas=   +38 Hz (0.012 rev/s)
t=14392ms  wheel= +0.000 rev/s  fas=   +38 Hz (0.012 rev/s)
t=14412ms  wheel= +0.000 rev/s  fas=   +38 Hz (0.012 rev/s)
t=14432ms  wheel= +0.000 rev/s  fas=   +38 Hz (0.012 rev/s)
t=14452ms  wheel= -0.012 rev/s  fas=   +38 Hz (0.012 rev/s)
t=14472ms  wheel= +0.000 rev/s  fas=   +27 Hz (0.008 rev/s)
t=14492ms  wheel= +0.000 rev/s  fas=   +27 Hz (0.008 rev/s)
t=14512ms  wheel= +0.000 rev/s  fas=   +27 Hz (0.008 rev/s)
t=14532ms  wheel= +0.000 rev/s  fas=   +27 Hz (0.008 rev/s)
t=14552ms  wheel= -0.012 rev/s  fas=   +27 Hz (0.008 rev/s)
t=14572ms  wheel= +0.000 rev/s  fas=   +27 Hz (0.008 rev/s)
t=14592ms  wheel= +0.000 rev/s  fas=   +27 Hz (0.008 rev/s)
t=14612ms  wheel= +0.000 rev/s  fas=   +27 Hz (0.008 rev/s)
t=14632ms  wheel= +0.000 rev/s  fas=   +27 Hz (0.008 rev/s)
t=14652ms  wheel= -0.012 rev/s  fas=   +27 Hz (0.008 rev/s)
t=14672ms  wheel= +0.000 rev/s  fas=   +27 Hz (0.008 rev/s)
t=14692ms  wheel= +0.000 rev/s  fas=   +27 Hz (0.008 rev/s)
t=14712ms  wheel= +0.000 rev/s  fas=   +27 Hz (0.008 rev/s)
t=14732ms  wheel= +0.000 rev/s  fas=   +27 Hz (0.008 rev/s)
t=14752ms  wheel= +0.000 rev/s  fas=   +27 Hz (0.008 rev/s)
t=14772ms  wheel= +0.000 rev/s  fas=   +27 Hz (0.008 rev/s)
t=14792ms  wheel= +0.000 rev/s  fas=   +27 Hz (0.008 rev/s)
t=14812ms  wheel= +0.000 rev/s  fas=   +27 Hz (0.008 rev/s)
t=14832ms  wheel= -0.012 rev/s  fas=   +27 Hz (0.008 rev/s)
t=14852ms  wheel= +0.000 rev/s  fas=    +0 Hz (0.000 rev/s)
t=14872ms  wheel= +0.000 rev/s  fas=    +0 Hz (0.000 rev/s)
t=14892ms  wheel= +0.000 rev/s  fas=    +0 Hz (0.000 rev/s)
t=14912ms  wheel= +0.000 rev/s  fas=    +0 Hz (0.000 rev/s)
[DONE] total 14930 ms, final wheel omega=0.000 rev/s - LOCKED at 2300 mA
send 'n' to release and arm for the next spin
[HOLD] t=    0ms  drift= +0.00 deg since lock
[HOLD] t=  252ms  drift= -0.09 deg since lock
[HOLD] t=  512ms  drift= -0.09 deg since lock
[HOLD] t=  772ms  drift= -0.09 deg since lock
[HOLD] t= 1032ms  drift= -0.09 deg since lock
[HOLD] t= 1292ms  drift= -0.09 deg since lock
[HOLD] t= 1552ms  drift= -0.09 deg since lock
[HOLD] t= 1812ms  drift= -0.09 deg since lock
[HOLD] t= 2072ms  drift= -0.09 deg since lock
[HOLD] t= 2332ms  drift= -0.09 deg since lock
[HOLD] t= 2592ms  drift= -0.09 deg since lock
[HOLD] t= 2852ms  drift= -0.09 deg since lock
[HOLD] t= 3112ms  drift= -0.09 deg since lock
[HOLD] t= 3372ms  drift= -0.09 deg since lock
[HOLD] t= 3632ms  drift= -0.09 deg since lock
[HOLD] t= 3892ms  drift= -0.09 deg since lock
[HOLD] t= 4152ms  drift= -0.09 deg since lock
[HOLD] t= 4412ms  drift= -0.09 deg since lock
[HOLD] t= 4672ms  drift= -0.09 deg since lock
[HOLD] t= 4932ms  drift= -0.09 deg since lock
[HOLD] t= 5192ms  drift= -0.09 deg since lock
[HOLD] t= 5452ms  drift= -0.09 deg since lock
[HOLD] t= 5712ms  drift= -0.09 deg since lock
[HOLD] t= 5972ms  drift= -0.09 deg since lock
[HOLD] t= 6232ms  drift= -0.09 deg since lock
[HOLD] t= 6492ms  drift= -0.09 deg since lock
[HOLD] t= 6752ms  drift= -0.09 deg since lock
[HOLD] t= 7012ms  drift= -0.09 deg since lock
[HOLD] t= 7272ms  drift= -0.09 deg since lock
[HOLD] t= 7532ms  drift= -0.09 deg since lock
[HOLD] t= 7792ms  drift= -0.09 deg since lock
[HOLD] t= 8052ms  drift= -0.09 deg since lock
[HOLD] t= 8312ms  drift= -0.09 deg since lock
[HOLD] t= 8572ms  drift= -0.09 deg since lock
[HOLD] t= 8832ms  drift= -0.09 deg since lock
[HOLD] t= 9092ms  drift= -0.09 deg since lock
[HOLD] t= 9352ms  drift= -0.09 deg since lock
[HOLD] t= 9612ms  drift= -0.09 deg since lock
[HOLD] t= 9872ms  drift= -0.09 deg since lock
[HOLD] t=10132ms  drift= -0.09 deg since lock
[HOLD] t=10392ms  drift= -0.09 deg since lock
[HOLD] t=10652ms  drift= -0.09 deg since lock
[HOLD] t=10912ms  drift= -0.09 deg since lock
[HOLD] t=11172ms  drift= -0.09 deg since lock
[HOLD] t=11432ms  drift= -0.09 deg since lock
[HOLD] t=11692ms  drift= -0.09 deg since lock
[HOLD] t=11952ms  drift= -0.09 deg since lock
[HOLD] t=12212ms  drift= -0.09 deg since lock
[HOLD] t=12472ms  drift= -0.09 deg since lock
[HOLD] t=12732ms  drift= -0.09 deg since lock
[HOLD] t=12992ms  drift= -0.09 deg since lock
[HOLD] t=13252ms  drift= -0.09 deg since lock
[HOLD] t=13512ms  drift= -0.09 deg since lock
[HOLD] t=13772ms  drift= -0.09 deg since lock
[HOLD] t=14032ms  drift= -0.09 deg since lock
[HOLD] t=14292ms  drift= -0.09 deg since lock
[HOLD] t=14552ms  drift= -0.09 deg since lock
[HOLD] t=14812ms  drift= -0.09 deg since lock
[HOLD] t=15072ms  drift= -0.09 deg since lock
[HOLD] t=15332ms  drift= -0.09 deg since lock
[HOLD] t=15592ms  drift= -0.09 deg since lock
[HOLD] t=15852ms  drift= -0.09 deg since lock
[HOLD] t=16112ms  drift= -0.09 deg since lock
[HOLD] t=16372ms  drift= -0.09 deg since lock
[HOLD] t=16632ms  drift= -0.09 deg since lock
[HOLD] t=16892ms  drift= -0.09 deg since lock
[HOLD] t=17152ms  drift= -0.09 deg since lock
[HOLD] t=17412ms  drift= -0.09 deg since lock
[HOLD] t=17672ms  drift= -0.09 deg since lock
[HOLD] t=17932ms  drift= -0.09 deg since lock
[HOLD] t=18192ms  drift= -0.09 deg since lock
[HOLD] t=18452ms  drift= -0.09 deg since lock
[HOLD] t=18712ms  drift= -0.09 deg since lock
[HOLD] t=18972ms  drift= -0.09 deg since lock
[HOLD] t=19232ms  drift= -0.09 deg since lock
[HOLD] t=19492ms  drift= -0.09 deg since lock
[HOLD] t=19752ms  drift= -0.09 deg since lock
[HOLD] t=20012ms  drift= -0.09 deg since lock
[HOLD] t=20272ms  drift= -0.09 deg since lock
[HOLD] t=20532ms  drift= -0.09 deg since lock
[HOLD] t=20792ms  drift= -0.09 deg since lock
[HOLD] t=21052ms  drift= -0.09 deg since lock
[HOLD] t=21312ms  drift= -0.09 deg since lock
[HOLD] t=21572ms  drift= -0.09 deg since lock
[HOLD] t=21832ms  drift= -0.09 deg since lock
[HOLD] t=22092ms  drift= -0.09 deg since lock
[HOLD] t=22352ms  drift= -0.09 deg since lock
[HOLD] t=22612ms  drift= -0.09 deg since lock
[HOLD] t=22872ms  drift= -0.09 deg since lock
[HOLD] t=23132ms  drift= -0.09 deg since lock
[HOLD] t=23392ms  drift= -0.09 deg since lock
[HOLD] t=23652ms  drift= -0.09 deg since lock
[HOLD] t=23912ms  drift= -0.09 deg since lock
[HOLD] t=24172ms  drift= -0.09 deg since lock
[HOLD] t=24432ms  drift= -0.09 deg since lock
[HOLD] t=24692ms  drift= -0.09 deg since lock
[HOLD] t=24952ms  drift= -0.09 deg since lock
[HOLD] t=25212ms  drift= -0.09 deg since lock
[HOLD] t=25472ms  drift= -0.09 deg since lock
[HOLD] t=25732ms  drift= -0.09 deg since lock
[HOLD] t=25992ms  drift= -0.09 deg since lock
[HOLD] t=26252ms  drift= -0.09 deg since lock
[HOLD] t=26512ms  drift= -0.09 deg since lock
[HOLD] t=26772ms  drift= -0.09 deg since lock
[HOLD] t=27032ms  drift= -0.09 deg since lock
[HOLD] t=27292ms  drift= -0.09 deg since lock
[HOLD] t=27552ms  drift= -0.09 deg since lock
[HOLD] t=27812ms  drift= -0.09 deg since lock
[HOLD] t=28072ms  drift= -0.09 deg since lock
[HOLD] t=28332ms  drift= -0.09 deg since lock
[HOLD] t=28592ms  drift= -0.09 deg since lock
[HOLD] t=28852ms  drift= -0.09 deg since lock
[HOLD] t=29112ms  drift= -0.09 deg since lock
[HOLD] t=29372ms  drift= -0.09 deg since lock
[HOLD] t=29632ms  drift= -0.09 deg since lock
[HOLD] t=29892ms  drift= -0.09 deg since lock
[HOLD] t=30152ms  drift= -0.09 deg since lock
[HOLD] t=30412ms  drift= -0.09 deg since lock
[HOLD] t=30672ms  drift= -0.09 deg since lock
[HOLD] t=30932ms  drift= -0.09 deg since lock
[HOLD] t=31192ms  drift= -0.09 deg since lock
[HOLD] t=31452ms  drift= -0.09 deg since lock
[HOLD] t=31712ms  drift= -0.09 deg since lock
[HOLD] t=31972ms  drift= -0.09 deg since lock
[HOLD] t=32232ms  drift= -0.09 deg since lock
[HOLD] t=32492ms  drift= -0.09 deg since lock
[HOLD] t=32752ms  drift= -0.09 deg since lock
[HOLD] t=33012ms  drift= -0.09 deg since lock
[HOLD] t=33272ms  drift= -0.09 deg since lock
[HOLD] t=33532ms  drift= -0.09 deg since lock
[HOLD] t=33792ms  drift= -0.09 deg since lock
[HOLD] t=34052ms  drift= -0.09 deg since lock
[HOLD] t=34312ms  drift= -0.09 deg since lock
[HOLD] t=34572ms  drift= -0.09 deg since lock
[HOLD] t=34832ms  drift= -0.09 deg since lock
[HOLD] t=35092ms  drift= -0.09 deg since lock
[HOLD] t=35352ms  drift= -0.09 deg since lock
[HOLD] t=35612ms  drift= -0.09 deg since lock
[HOLD] t=35872ms  drift= -0.09 deg since lock
[HOLD] t=36132ms  drift= -0.09 deg since lock
[HOLD] t=36392ms  drift= -0.09 deg since lock
[HOLD] t=36652ms  drift= -0.09 deg since lock
[HOLD] t=36912ms  drift= -0.09 deg since lock
[HOLD] t=37172ms  drift= -0.09 deg since lock
[HOLD] t=37432ms  drift= -0.09 deg since lock
[HOLD] t=37692ms  drift= -0.09 deg since lock
[HOLD] t=37952ms  drift= -0.09 deg since lock
[HOLD] t=38212ms  drift= -0.09 deg since lock
[HOLD] t=38472ms  drift= -0.09 deg since lock
[HOLD] t=38732ms  drift= -0.09 deg since lock
[HOLD] t=38992ms  drift= -0.09 deg since lock
[HOLD] t=39252ms  drift= -0.09 deg since lock
[HOLD] t=39512ms  drift= -0.09 deg since lock
[HOLD] t=39772ms  drift= -0.09 deg since lock
[HOLD] t=40032ms  drift= -0.09 deg since lock
[HOLD] t=40292ms  drift= -0.09 deg since lock
[HOLD] t=40552ms  drift= -0.09 deg since lock
[HOLD] t=40812ms  drift= -0.09 deg since lock
[HOLD] t=41072ms  drift= -0.09 deg since lock
[HOLD] t=41332ms  drift= -0.09 deg since lock
[HOLD] t=41592ms  drift= -0.09 deg since lock
[HOLD] t=41852ms  drift= -0.09 deg since lock
[HOLD] t=42112ms  drift= -0.09 deg since lock
[HOLD] t=42372ms  drift= -0.09 deg since lock
[HOLD] t=42632ms  drift= -0.09 deg since lock
[HOLD] t=42892ms  drift= -0.09 deg since lock
[HOLD] t=43152ms  drift= -0.09 deg since lock
[HOLD] t=43412ms  drift= -0.09 deg since lock
[HOLD] t=43672ms  drift= -0.09 deg since lock
[HOLD] t=43932ms  drift= -0.09 deg since lock
[HOLD] t=44192ms  drift= -0.09 deg since lock
[HOLD] t=44452ms  drift= -0.09 deg since lock
[HOLD] t=44712ms  drift= -0.09 deg since lock
[HOLD] t=44972ms  drift= -0.09 deg since lock
[HOLD] t=45232ms  drift= -0.09 deg since lock
[HOLD] t=45492ms  drift= -0.09 deg since lock
[HOLD] t=45752ms  drift= -0.09 deg since lock
[HOLD] t=46012ms  drift= -0.09 deg since lock
[HOLD] t=46272ms  drift= -0.09 deg since lock
[HOLD] t=46532ms  drift= -0.09 deg since lock
[HOLD] t=46792ms  drift= -0.09 deg since lock
[HOLD] t=47052ms  drift= -0.09 deg since lock
[HOLD] t=47312ms  drift= -0.09 deg since lock
[HOLD] t=47572ms  drift= -0.09 deg since lock
[HOLD] t=47832ms  drift= -0.09 deg since lock
[HOLD] t=48092ms  drift= -0.09 deg since lock
[HOLD] t=48352ms  drift= -0.09 deg since lock
[HOLD] t=48612ms  drift= -0.09 deg since lock
[HOLD] t=48872ms  drift= -0.09 deg since lock
[HOLD] t=49132ms  drift= -0.09 deg since lock
[HOLD] t=49392ms  drift= -0.09 deg since lock
[HOLD] t=49652ms  drift= -0.09 deg since lock
[HOLD] t=49912ms  drift= -0.09 deg since lock
[HOLD] t=50172ms  drift= -0.09 deg since lock
[HOLD] t=50432ms  drift= -0.09 deg since lock
[HOLD] t=50692ms  drift= -0.09 deg since lock
[HOLD] t=50952ms  drift= -0.09 deg since lock
[HOLD] t=51212ms  drift= -0.09 deg since lock
[HOLD] t=51472ms  drift= -0.09 deg since lock
[HOLD] t=51732ms  drift= -0.09 deg since lock
[HOLD] t=51992ms  drift= -0.09 deg since lock
[HOLD] t=52252ms  drift= -0.09 deg since lock
[HOLD] t=52512ms  drift= -0.09 deg since lock
[HOLD] t=52772ms  drift= -0.09 deg since lock
[HOLD] t=53032ms  drift= -0.09 deg since lock
[HOLD] t=53292ms  drift= -0.09 deg since lock
[HOLD] t=53552ms  drift= -0.09 deg since lock
[HOLD] t=53812ms  drift= -0.09 deg since lock
[HOLD] t=54072ms  drift= -0.09 deg since lock
[HOLD] t=54332ms  drift= -0.09 deg since lock
[HOLD] t=54592ms  drift= -0.09 deg since lock
[HOLD] t=54852ms  drift= -0.09 deg since lock
[HOLD] t=55112ms  drift= -0.09 deg since lock
[HOLD] t=55372ms  drift= -0.09 deg since lock
[HOLD] t=55632ms  drift= -0.09 deg since lock
[HOLD] t=55892ms  drift= -0.09 deg since lock
[HOLD] t=56152ms  drift= -0.09 deg since lock
[HOLD] t=56412ms  drift= -0.09 deg since lock
[HOLD] t=56672ms  drift= -0.09 deg since lock
[HOLD] t=56932ms  drift= -0.09 deg since lock
[HOLD] t=57192ms  drift= -0.09 deg since lock
[HOLD] t=57452ms  drift= -0.09 deg since lock
[HOLD] t=57712ms  drift= -0.09 deg since lock
[HOLD] t=57972ms  drift= -0.09 deg since lock
[HOLD] t=58232ms  drift= -0.09 deg since lock
[HOLD] t=58492ms  drift= -0.09 deg since lock
[HOLD] t=58752ms  drift= -0.09 deg since lock
[HOLD] t=59012ms  drift= -0.09 deg since lock
[HOLD] t=59272ms  drift= -0.09 deg since lock
[HOLD] t=59532ms  drift= -0.09 deg since lock
[HOLD] t=59792ms  drift= -0.09 deg since lock
[HOLD] t=60052ms  drift= -0.09 deg since lock
[HOLD] t=60312ms  drift= -0.09 deg since lock
[HOLD] t=60572ms  drift= -0.09 deg since lock
[HOLD] t=60832ms  drift= -0.09 deg since lock
[HOLD] t=61092ms  drift= -0.09 deg since lock
[HOLD] t=61352ms  drift= -0.09 deg since lock
[HOLD] t=61612ms  drift= -0.09 deg since lock
[HOLD] t=61872ms  drift= -0.09 deg since lock
[HOLD] t=62132ms  drift= -0.09 deg since lock
[HOLD] t=62392ms  drift= -0.09 deg since lock
[HOLD] t=62652ms  drift= -0.09 deg since lock
[HOLD] t=62912ms  drift= -0.09 deg since lock
[HOLD] t=63172ms  drift= -0.09 deg since lock
[HOLD] t=63432ms  drift= -0.09 deg since lock
[HOLD] t=63692ms  drift= -0.09 deg since lock
[HOLD] t=63952ms  drift= -0.09 deg since lock
[HOLD] t=64212ms  drift= -0.09 deg since lock
[HOLD] t=64472ms  drift= -0.09 deg since lock
[HOLD] t=64732ms  drift= -0.09 deg since lock
[HOLD] t=64992ms  drift= -0.09 deg since lock
[HOLD] t=65252ms  drift= -0.09 deg since lock
[HOLD] t=65512ms  drift= -0.09 deg since lock
[HOLD] t=65772ms  drift= -0.09 deg since lock
[HOLD] t=66032ms  drift= -0.09 deg since lock
[HOLD] t=66292ms  drift= -0.09 deg since lock
[HOLD] t=66552ms  drift= -0.09 deg since lock
[HOLD] t=66812ms  drift= -0.09 deg since lock
[HOLD] t=67072ms  drift= -0.09 deg since lock
[HOLD] t=67332ms  drift= -0.09 deg since lock
[HOLD] t=67592ms  drift= -0.09 deg since lock
[HOLD] t=67852ms  drift= -0.09 deg since lock
[HOLD] t=68112ms  drift= -0.09 deg since lock
[HOLD] t=68372ms  drift= -0.09 deg since lock
[HOLD] t=68632ms  drift= -0.09 deg since lock
[HOLD] t=68892ms  drift= -0.09 deg since lock
[HOLD] t=69152ms  drift= -0.09 deg since lock
[HOLD] t=69412ms  drift= -0.09 deg since lock
[HOLD] t=69672ms  drift= -0.09 deg since lock
[HOLD] t=69932ms  drift= -0.09 deg since lock
[HOLD] t=70192ms  drift= -0.09 deg since lock
[HOLD] t=70452ms  drift= -0.09 deg since lock
[HOLD] t=70712ms  drift= -0.09 deg since lock
[HOLD] t=70972ms  drift= -0.09 deg since lock
[HOLD] t=71232ms  drift= -0.09 deg since lock
[HOLD] t=71492ms  drift= -0.09 deg since lock
[HOLD] t=71752ms  drift= -0.09 deg since lock
[HOLD] t=72012ms  drift= -0.09 deg since lock
[HOLD] t=72272ms  drift= -0.09 deg since lock
[HOLD] t=72532ms  drift= -0.09 deg since lock
[HOLD] t=72792ms  drift= -0.09 deg since lock
[HOLD] t=73052ms  drift= -0.09 deg since lock
[HOLD] t=73312ms  drift= -0.09 deg since lock
[HOLD] t=73572ms  drift= -0.09 deg since lock
[HOLD] t=73832ms  drift= -0.09 deg since lock
[HOLD] t=74092ms  drift= -0.09 deg since lock
[HOLD] t=74352ms  drift= -0.09 deg since lock
[HOLD] t=74612ms  drift= -0.09 deg since lock
[HOLD] t=74872ms  drift= -0.09 deg since lock
[HOLD] t=75132ms  drift= -0.09 deg since lock
[HOLD] t=75392ms  drift= -0.09 deg since lock
[HOLD] t=75652ms  drift= -0.09 deg since lock
[HOLD] t=75912ms  drift= -0.09 deg since lock
[HOLD] t=76172ms  drift= -0.09 deg since lock
[HOLD] t=76432ms  drift= -0.09 deg since lock
[HOLD] t=76692ms  drift= -0.09 deg since lock
[HOLD] t=76952ms  drift= -0.09 deg since lock
[HOLD] t=77212ms  drift= -0.09 deg since lock
[HOLD] t=77472ms  drift= -0.09 deg since lock
[HOLD] t=77732ms  drift= -0.09 deg since lock
[HOLD] t=77992ms  drift= -0.09 deg since lock
[HOLD] t=78252ms  drift= -0.09 deg since lock
[HOLD] t=78512ms  drift= -0.09 deg since lock
[HOLD] t=78772ms  drift= -0.09 deg since lock
[HOLD] t=79032ms  drift= -0.09 deg since lock
[HOLD] t=79292ms  drift= -0.09 deg since lock
[HOLD] t=79552ms  drift= -0.09 deg since lock
[HOLD] t=79812ms  drift= -0.09 deg since lock
[HOLD] t=80072ms  drift= -0.09 deg since lock
[HOLD] t=80332ms  drift= -0.09 deg since lock
[HOLD] t=80592ms  drift= -0.09 deg since lock
[HOLD] t=80852ms  drift= -0.09 deg since lock
[HOLD] t=81112ms  drift= -0.09 deg since lock
[HOLD] t=81372ms  drift= -0.09 deg since lock
[HOLD] t=81632ms  drift= -0.09 deg since lock
[HOLD] t=81892ms  drift= -0.09 deg since lock
[HOLD] t=82152ms  drift= -0.09 deg since lock
[HOLD] t=82412ms  drift= -0.09 deg since lock
[HOLD] t=82672ms  drift= -0.09 deg since lock
[HOLD] t=82932ms  drift= -0.09 deg since lock
[HOLD] t=83192ms  drift= -0.09 deg since lock
[HOLD] t=83452ms  drift= -0.09 deg since lock
[HOLD] t=83712ms  drift= -0.09 deg since lock
[HOLD] t=83972ms  drift= -0.09 deg since lock
[HOLD] t=84232ms  drift= -0.09 deg since lock
[HOLD] t=84492ms  drift= -0.09 deg since lock
[HOLD] t=84752ms  drift= -0.09 deg since lock
[HOLD] t=85012ms  drift= -0.09 deg since lock
[HOLD] t=85272ms  drift= -0.09 deg since lock
[HOLD] t=85532ms  drift= -0.09 deg since lock
[HOLD] t=85792ms  drift= -0.09 deg since lock
[HOLD] t=86052ms  drift= -0.09 deg since lock
[HOLD] t=86312ms  drift= -0.09 deg since lock
[HOLD] t=86572ms  drift= -0.09 deg since lock
[HOLD] t=86832ms  drift= -0.09 deg since lock
[HOLD] t=87092ms  drift= -0.09 deg since lock
[HOLD] t=87352ms  drift= -0.09 deg since lock
[HOLD] t=87612ms  drift= -0.09 deg since lock
[HOLD] t=87872ms  drift= -0.09 deg since lock
[HOLD] t=88132ms  drift= -0.09 deg since lock
[HOLD] t=88392ms  drift= -0.09 deg since lock
[HOLD] t=88652ms  drift= -0.09 deg since lock
[HOLD] t=88912ms  drift= -0.09 deg since lock
[HOLD] t=89172ms  drift= -0.09 deg since lock
[HOLD] t=89432ms  drift= -0.09 deg since lock
[HOLD] t=89692ms  drift= -0.09 deg since lock
[HOLD] t=89952ms  drift= -0.09 deg since lock
[HOLD] t=90212ms  drift= -0.09 deg since lock
[HOLD] t=90472ms  drift= -0.09 deg since lock
[HOLD] t=90732ms  drift= -0.09 deg since lock
[HOLD] t=90992ms  drift= -0.09 deg since lock
[HOLD] t=91252ms  drift= -0.09 deg since lock
[HOLD] t=91512ms  drift= -0.09 deg since lock
[HOLD] t=91772ms  drift= -0.09 deg since lock
[HOLD] t=92032ms  drift= -0.09 deg since lock
[HOLD] t=92292ms  drift= -0.09 deg since lock
[HOLD] t=92552ms  drift= -0.09 deg since lock
[HOLD] t=92812ms  drift= -0.09 deg since lock
[HOLD] t=93072ms  drift= -0.09 deg since lock
[HOLD] t=93332ms  drift= -0.09 deg since lock
[HOLD] t=93592ms  drift= -0.09 deg since lock
[HOLD] t=93852ms  drift= -0.09 deg since lock
[HOLD] t=94112ms  drift= -0.09 deg since lock
[HOLD] t=94372ms  drift= -0.09 deg since lock
[HOLD] t=94632ms  drift= -0.09 deg since lock
[HOLD] t=94892ms  drift= -0.09 deg since lock
[HOLD] t=95152ms  drift= -0.09 deg since lock
[HOLD] t=95412ms  drift= -0.09 deg since lock
[HOLD] t=95672ms  drift= -0.09 deg since lock
[HOLD] t=95932ms  drift= -0.09 deg since lock
[HOLD] t=96192ms  drift= -0.09 deg since lock
[HOLD] t=96452ms  drift= -0.09 deg since lock

[HOST 2026-09-18T13:15:57.114] TX s
[HOLD] t=96712ms  drift= -0.09 deg since lock

[HOST 2026-09-18T13:15:57.439] Serial capture ended
