
[HOST 2026-09-18T13:34:52.295] Serial opened; DTR/RTS false; lease 3600 seconds

[HOST 2026-09-18T13:34:52.351] TX ?

[HOST 2026-09-18T13:34:52.351] TX r

[HOST 2026-09-18T13:34:52.351] TX s

=== PRIZE WHEEL (correctness redesign) ===
# build: v2-step-clock-fix-20260918; baseline control + fault capture
 z  set current raw as wedge-0 anchor (wheel at rest, pointer on 11|0 line)
 p  attended two-leg direction probe (safe wedge center only)
 s  status
 d  arm high-rate RAM capture (dumps after true stop/fault)
 v  toggle live control logs
 e  toggle automatic takeover
 f  print friction model
 F  reset friction model to seeds
 x  clear stored direction calibration
 r  fault reset (re-checks TMC UART)
 m  print dare mask
 ?  help
 --- party additions ---
 t  FX/WiFi loop-budget max-tracker (resets window)
 a  audio on/off   l  LEDs on/off   w  network status
 V<n>+Enter  DFPlayer volume 0-30 (e.g. V18)
# S2: driver config re-applied and verified
# fault cleared; tmc=1 dirCal=1
# state=IDLE_STOPPED fault=NONE angle=118.83 wedge=3 omega=0.0000 natStop=0.0 pos=FRESH vel=REPRIME age_us=103 dirCal=1(sign -1) tmc=1 takeover=1 rawZero=88 stage=0 cmd=0.000

[HOST 2026-09-18T13:35:19.159] TX s

[HOST 2026-09-18T13:35:19.159] TX v

[HOST 2026-09-18T13:35:19.159] TX d
# state=IDLE_STOPPED fault=NONE angle=118.83 wedge=3 omega=-0.0000 natStop=0.0 pos=FRESH vel=VALID age_us=132 dirCal=1(sign -1) tmc=1 takeover=1 rawZero=88 stage=0 cmd=0.000
# live control logging=1
# DIAG armed: RAM-only 1 kHz capture; dumps after true stop or fault.
SPIN#1 START dir=-1 omega=-0.226 wedge=3
SPIN#1 RELEASE speed=0.467 peak=0.508 angle=28.2
SPIN#1 RESERVE targetW=6 targetAngle=189.3 runway=198.9 natStop=233.3 speed=0.467 q=0 urgent=0
SPIN#1 CAPTURE fasDir=+1 wheel=0.455 cmd0=0.432 hz=1383 aPlan=0.1810(579 sps2) aFas=4632 remain=185.8
SPIN#1 SUMMARY dir=-1 peak=0.508 releaseMs=507 relAngle=28.2 relSpeed=0.467 targetW=6 targetAngle=189.3 runway=198.9 natStop=233.3 fricC=0.5500 fricB=0.2800 tkSpeed=0.455 cmdMax=0.432 cmdMin=0.051 rise=0.068 maxDecel=1.950 final=190.2 finalW=6 err=-0.9 quality=0 result=CONTROLLED_SAFE fault=NONE fitRej=0 fitsCW=0 fitsCCW=0
# DIAG columns: done_us,dt_good_us,raw,delta,counts,i2c_us,omega_mrev,window_mrev,cmd_mrev,fas_mrev,remain_ddeg,flags_hex,state,stage,current_ma
D,198044882,997,1411,1,-1323,262,-244,-228,236,241,544,01,7,3,1650
D,198045879,997,1412,1,-1324,268,-243,-228,236,241,543,01,7,3,1650
D,198046898,1019,1414,2,-1326,284,-243,-244,236,241,541,01,7,3,1650
D,198047842,944,1415,1,-1327,236,-244,-244,236,241,541,01,7,3,1650
D,198048887,1045,1416,1,-1328,267,-244,-244,236,241,540,01,7,3,1650
D,198049850,963,1417,1,-1329,231,-244,-244,236,241,539,01,7,3,1650
D,198050909,1059,1418,1,-1330,288,-244,-244,236,241,538,01,7,3,1650
D,198051920,1011,1419,1,-1331,304,-244,-244,236,240,537,01,7,3,1650
D,198052857,937,1420,1,-1332,236,-244,-245,236,239,536,01,7,3,1650
D,198053842,985,1421,1,-1333,224,-244,-245,236,237,535,01,7,3,1650
D,198054891,1049,1422,1,-1334,273,-244,-244,236,237,534,01,7,3,1650
D,198055875,984,1422,0,-1334,257,-243,-228,232,235,534,01,7,3,1650
D,198056851,976,1423,1,-1335,230,-243,-229,232,236,533,01,7,3,1650
D,198057835,984,1424,1,-1336,225,-242,-229,232,236,533,01,7,3,1650
D,198058896,1061,1425,1,-1337,284,-241,-228,232,236,532,01,7,3,1650
D,198059835,939,1426,1,-1338,222,-241,-229,232,236,531,01,7,3,1650
D,198060957,1122,1427,1,-1339,333,-240,-228,232,236,530,01,7,3,1650
D,198062005,1048,1428,1,-1340,391,-240,-227,232,236,529,01,7,3,1650
D,198062950,945,1429,1,-1341,328,-239,-227,232,236,528,01,7,3,1650
D,198063883,933,1429,0,-1341,268,-239,-228,232,236,528,01,7,3,1650
D,198064880,997,1430,1,-1342,258,-238,-228,232,236,527,01,7,3,1650
D,198065873,993,1432,2,-1344,260,-238,-236,232,236,526,01,7,3,1650
D,198066893,1020,1433,1,-1345,280,-238,-236,232,236,525,01,7,3,1650
D,198067855,962,1434,1,-1346,242,-238,-236,232,236,524,01,7,3,1650
D,198068877,1022,1435,1,-1347,265,-238,-236,232,236,523,01,7,3,1650
D,198069842,965,1436,1,-1348,233,-238,-236,232,236,522,01,7,3,1650
D,198070896,1054,1437,1,-1349,281,-238,-236,232,236,521,01,7,3,1650
D,198071922,1026,1438,1,-1350,307,-238,-244,232,236,520,01,7,3,1650
D,198072851,929,1439,1,-1351,235,-238,-245,232,236,519,01,7,3,1650
D,198073840,989,1440,1,-1352,224,-239,-245,232,236,519,01,7,3,1650
D,198074890,1050,1441,1,-1353,279,-239,-244,232,236,518,01,7,3,1650
D,198075831,941,1442,1,-1354,220,-239,-245,232,236,517,01,7,3,1650
D,198076832,1001,1442,0,-1354,224,-239,-237,232,235,517,01,7,3,1650
D,198077832,1000,1443,1,-1355,223,-239,-229,232,233,516,01,7,3,1650
D,198078889,1057,1444,1,-1356,269,-238,-228,232,231,515,01,7,3,1650
D,198079834,945,1445,1,-1357,220,-238,-229,232,231,514,01,7,3,1650
D,198080961,1127,1446,1,-1358,339,-237,-227,227,232,513,01,7,3,1650
D,198082011,1050,1447,1,-1359,381,-237,-227,227,232,512,01,7,3,1650
D,198082942,931,1447,0,-1359,331,-236,-219,227,232,512,01,7,3,1650
D,198083885,943,1448,1,-1360,266,-236,-219,227,232,512,01,7,3,1650
D,198084870,985,1449,1,-1361,262,-235,-220,227,232,511,01,7,3,1650
D,198085872,1002,1450,1,-1362,264,-235,-221,227,232,510,01,7,3,1650
D,198086900,1028,1451,1,-1363,285,-234,-227,227,232,509,01,7,3,1650
D,198087856,956,1452,1,-1364,241,-234,-228,227,232,508,01,7,3,1650
D,198088881,1025,1453,1,-1365,268,-234,-228,227,232,507,01,7,3,1650
D,198089844,963,1454,1,-1366,228,-234,-228,227,232,506,01,7,3,1650
D,198090911,1067,1455,1,-1367,290,-233,-228,227,232,505,01,7,3,1650
D,198091920,1009,1456,1,-1368,303,-233,-229,227,232,504,01,7,3,1650
D,198092858,938,1458,2,-1370,239,-233,-237,227,232,503,01,7,3,1650
D,198093846,988,1458,0,-1370,229,-233,-229,227,232,503,01,7,3,1650
D,198094896,1050,1460,2,-1372,276,-234,-244,227,232,501,01,7,3,1650
D,198095841,945,1461,1,-1373,224,-234,-244,227,232,500,01,7,3,1650
D,198096840,999,1462,1,-1374,223,-234,-237,227,232,499,01,7,3,1650
D,198097840,1000,1462,0,-1374,224,-234,-229,227,232,499,01,7,3,1650
D,198098877,1037,1463,1,-1375,267,-234,-228,227,232,498,01,7,3,1650
D,198099842,965,1464,1,-1376,222,-233,-228,227,231,497,01,7,3,1650
D,198100954,1112,1465,1,-1377,329,-233,-227,227,229,497,01,7,3,1650
D,198102005,1051,1466,1,-1378,383,-233,-227,227,227,496,01,7,3,1650
D,198102929,924,1467,1,-1379,312,-233,-227,227,227,495,01,7,3,1650
D,198103881,952,1467,0,-1379,273,-232,-219,227,227,495,01,7,3,1650
D,198104870,989,1468,1,-1380,255,-232,-220,227,227,494,01,7,3,1650
D,198105911,1041,1469,1,-1381,300,-231,-219,223,227,493,01,7,3,1650
D,198106939,1028,1470,1,-1382,319,-231,-227,223,227,492,01,7,3,1650
D,198107860,921,1471,1,-1383,244,-231,-228,223,227,491,01,7,3,1650
D,198108888,1028,1472,1,-1384,268,-231,-228,223,227,490,01,7,3,1650
D,198109844,956,1473,1,-1385,236,-231,-228,223,227,490,01,7,3,1650
D,198110912,1068,1474,1,-1386,298,-231,-228,223,227,489,01,7,3,1650
D,198111917,1005,1475,1,-1387,305,-230,-229,223,227,488,01,7,3,1650
D,198112835,918,1476,1,-1388,228,-230,-230,223,227,487,01,7,3,1650
D,198113836,1001,1478,2,-1390,225,-231,-245,223,227,485,01,7,3,1650
D,198114893,1057,1478,0,-1390,281,-231,-236,223,227,485,01,7,3,1650
D,198115839,946,1479,1,-1391,220,-231,-237,223,227,484,01,7,3,1650
D,198116838,999,1480,1,-1392,223,-232,-237,223,227,483,01,7,3,1650
D,198117842,1004,1481,1,-1393,223,-232,-237,223,227,483,01,7,3,1650
D,198118875,1033,1482,1,-1394,268,-232,-236,223,227,482,01,7,3,1650
D,198119842,967,1482,0,-1394,225,-232,-229,223,227,482,01,7,3,1650
D,198120945,1103,1483,1,-1395,320,-232,-228,223,227,481,01,7,3,1650
D,198122011,1066,1484,1,-1396,380,-232,-227,223,227,480,01,7,3,1650
D,198122920,909,1485,1,-1397,307,-231,-219,223,227,479,01,7,3,1650
D,198123877,957,1486,1,-1398,263,-231,-228,223,227,478,01,7,3,1650
D,198124883,1006,1486,0,-1398,263,-231,-220,223,227,478,01,7,3,1650
D,198125865,982,1487,1,-1399,246,-230,-211,223,225,477,01,7,3,1650
D,198126914,1049,1488,1,-1400,291,-229,-211,223,223,476,01,7,3,1650
D,198127862,948,1489,1,-1401,254,-229,-220,223,223,475,01,7,3,1650
D,198128877,1015,1490,1,-1402,265,-228,-220,223,223,475,01,7,3,1650
D,198129862,985,1491,1,-1403,247,-228,-220,223,223,474,01,7,3,1650
D,198130915,1053,1492,1,-1404,306,-228,-220,218,223,473,01,7,3,1650
D,198131935,1020,1492,0,-1404,317,-227,-213,218,223,473,01,7,3,1650
D,198132839,904,1493,1,-1405,230,-227,-214,218,223,472,01,7,3,1650
D,198133842,1003,1494,1,-1406,223,-226,-213,218,223,471,01,7,3,1650
D,198134903,1061,1496,2,-1408,282,-226,-228,218,223,469,01,7,3,1650
D,198135840,937,1497,1,-1409,226,-226,-229,218,223,468,01,7,3,1650
D,198136830,990,1498,1,-1410,222,-226,-229,218,223,468,01,7,3,1650
D,198137843,1013,1499,1,-1411,224,-226,-229,218,223,467,01,7,3,1650
D,198138894,1051,1499,0,-1411,276,-226,-220,218,223,467,01,7,3,1650
D,198139825,931,1500,1,-1412,220,-226,-221,218,223,466,01,7,3,1650
D,198140944,1119,1501,1,-1413,335,-226,-219,218,223,465,01,7,3,1650
D,198142007,1063,1502,1,-1414,376,-225,-219,218,223,464,01,7,3,1650
D,198142932,925,1503,1,-1415,322,-225,-219,218,223,463,01,7,3,1650
D,198143893,961,1504,1,-1416,273,-225,-211,218,223,462,01,7,3,1650
D,198144875,982,1504,0,-1416,257,-224,-205,218,223,462,01,7,3,1650
D,198145882,1007,1505,1,-1417,264,-223,-211,218,223,461,01,7,3,1650
D,198146906,1024,1506,1,-1418,283,-223,-211,218,223,461,01,7,3,1650
D,198147852,946,1506,0,-1418,237,-222,-203,218,223,461,01,7,3,1650
D,198148886,1034,1507,1,-1419,267,-221,-203,218,223,460,01,7,3,1650
D,198149844,958,1508,1,-1420,233,-221,-212,218,223,459,01,7,3,1650
D,198150891,1047,1509,1,-1421,281,-221,-212,218,223,458,01,7,3,1650
D,198151912,1021,1510,1,-1422,303,-220,-213,218,221,457,01,7,3,1650
D,198152851,939,1511,1,-1423,236,-220,-214,218,221,456,01,7,3,1650
D,198153839,988,1512,1,-1424,223,-220,-213,218,219,455,01,7,3,1650
D,198154893,1054,1513,1,-1425,277,-220,-220,218,217,454,01,7,3,1650
D,198155867,974,1514,1,-1426,257,-220,-220,214,217,454,01,7,3,1650
D,198156847,980,1515,1,-1427,230,-220,-221,214,218,453,01,7,3,1650
D,198157829,982,1516,1,-1428,220,-220,-221,214,218,452,01,7,3,1650
D,198158909,1080,1517,1,-1429,288,-220,-219,214,218,451,01,7,3,1650
D,198159837,928,1518,1,-1430,221,-220,-221,214,218,450,01,7,3,1650
D,198160945,1108,1519,1,-1431,331,-220,-220,214,218,449,01,7,3,1650
D,198162012,1067,1520,1,-1432,390,-220,-227,214,218,448,01,7,3,1650
D,198162933,921,1520,0,-1432,325,-220,-219,214,218,448,01,7,3,1650
D,198163890,957,1521,1,-1433,277,-220,-219,214,218,447,01,7,3,1650
D,198164881,991,1522,1,-1434,256,-220,-220,214,218,446,01,7,3,1650
D,198165866,985,1523,1,-1435,259,-220,-211,214,218,446,01,7,3,1650
D,198166900,1034,1524,1,-1436,278,-219,-211,214,218,445,01,7,3,1650
D,198167864,964,1525,1,-1437,250,-219,-211,214,218,444,01,7,3,1650
D,198168877,1013,1525,0,-1437,264,-219,-205,214,218,444,01,7,3,1650
D,198169857,980,1526,1,-1438,242,-218,-211,214,218,443,01,7,3,1650
D,198170904,1047,1526,0,-1438,286,-218,-204,214,218,443,01,7,3,1650
D,198171922,1018,1527,1,-1439,314,-217,-205,214,218,442,01,7,3,1650
D,198172846,924,1528,1,-1440,228,-217,-206,214,218,441,01,7,3,1650
D,198173830,984,1529,1,-1441,222,-216,-205,214,218,440,01,7,3,1650
D,198174895,1065,1530,1,-1442,280,-216,-211,214,217,439,01,7,3,1650
D,198175841,946,1531,1,-1443,220,-216,-213,214,217,439,01,7,3,1650
D,198176846,1005,1532,1,-1444,225,-216,-213,214,215,438,01,7,3,1650
D,198177831,985,1533,1,-1445,224,-216,-213,214,213,437,01,7,3,1650
D,198178886,1055,1534,1,-1446,269,-216,-220,214,213,436,01,7,3,1650
D,198179836,950,1535,1,-1447,220,-216,-221,214,214,435,01,7,3,1650
D,198180962,1126,1536,1,-1448,340,-216,-219,209,214,434,01,7,3,1650
D,198182013,1051,1537,1,-1449,398,-216,-219,209,214,433,01,7,3,1650
D,198182944,931,1538,1,-1450,327,-216,-219,209,214,432,01,7,3,1650
D,198183886,942,1539,1,-1451,268,-217,-219,209,214,432,01,7,3,1650
D,198184877,991,1540,1,-1452,258,-217,-220,209,214,431,01,7,3,1650
D,198185875,998,1541,1,-1453,262,-217,-220,209,214,430,01,7,3,1650
D,198186897,1022,1542,1,-1454,285,-217,-219,209,214,429,01,7,3,1650
D,198187857,960,1542,0,-1454,243,-217,-211,209,214,429,01,7,3,1650
D,198188887,1030,1543,1,-1455,268,-217,-212,209,214,428,01,7,3,1650
D,198189840,953,1544,1,-1456,228,-216,-212,209,214,427,01,7,3,1650
D,198190900,1060,1545,1,-1457,293,-216,-212,209,214,426,01,7,3,1650
D,198191922,1022,1546,1,-1458,310,-216,-213,209,214,425,01,7,3,1650
D,198192850,928,1546,0,-1458,233,-216,-206,209,214,425,01,7,3,1650
D,198193834,984,1547,1,-1459,222,-216,-213,209,214,425,01,7,3,1650
D,198194894,1060,1548,1,-1460,278,-215,-211,209,214,424,01,7,3,1650
D,198195843,949,1549,1,-1461,222,-215,-213,209,214,423,01,7,3,1650
D,198196845,1002,1550,1,-1462,224,-215,-213,209,214,422,01,7,3,1650
D,198197841,996,1550,0,-1462,223,-215,-205,209,214,422,01,7,3,1650
D,198198887,1046,1551,1,-1463,269,-215,-212,209,214,421,01,7,3,1650
D,198199836,949,1552,1,-1464,220,-215,-213,209,213,420,01,7,3,1650
D,198200944,1108,1553,1,-1465,330,-215,-219,209,211,419,01,7,3,1650
D,198201997,1053,1554,1,-1466,379,-215,-219,209,211,418,01,7,3,1650
D,198202923,926,1555,1,-1467,309,-215,-219,209,208,417,01,7,3,1650
D,198203879,956,1556,1,-1468,268,-215,-219,209,209,417,01,7,3,1650
D,198204876,997,1557,1,-1469,261,-216,-220,209,209,416,01,7,3,1650
D,198205891,1015,1558,1,-1470,274,-216,-219,204,209,415,01,7,3,1650
D,198206923,1032,1559,1,-1471,313,-216,-219,204,209,414,01,7,3,1650
D,198207856,933,1560,1,-1472,245,-216,-220,204,209,413,01,7,3,1650
D,198208873,1017,1560,0,-1472,266,-216,-212,204,209,413,01,7,3,1650
D,198209859,986,1561,1,-1473,242,-216,-211,204,209,412,01,7,3,1650
D,198210911,1052,1562,1,-1474,295,-215,-212,204,209,411,01,7,3,1650
D,198211923,1012,1563,1,-1475,309,-215,-213,204,209,410,01,7,3,1650
D,198212852,929,1563,0,-1475,231,-215,-206,204,209,410,01,7,3,1650
D,198213839,987,1564,1,-1476,226,-215,-205,204,209,410,01,7,3,1650
D,198214890,1051,1565,1,-1477,275,-214,-203,204,209,409,01,7,3,1650
D,198215843,953,1565,0,-1477,223,-214,-197,204,209,409,01,7,3,1650
D,198216843,1000,1566,1,-1478,223,-213,-197,204,209,408,01,7,3,1650
D,198217828,985,1567,1,-1479,223,-212,-197,204,209,407,01,7,3,1650
D,198218889,1061,1568,1,-1480,269,-212,-203,204,209,406,01,7,3,1650
D,198219827,938,1569,1,-1481,220,-212,-205,204,209,405,01,7,3,1650
D,198220933,1106,1569,0,-1481,317,-211,-195,204,209,405,01,7,3,1650
D,198222007,1074,1570,1,-1482,381,-210,-195,204,209,404,01,7,3,1650
D,198222927,920,1571,1,-1483,306,-210,-203,204,209,403,01,7,3,1650
D,198223884,957,1572,1,-1484,269,-210,-203,204,208,403,01,7,3,1650
D,198224878,994,1573,1,-1485,259,-210,-204,204,206,402,01,7,3,1650
D,198225873,995,1574,1,-1486,252,-209,-203,204,206,401,01,7,3,1650
D,198226886,1013,1575,1,-1487,278,-209,-203,204,204,400,01,7,3,1650
D,198227873,987,1576,1,-1488,252,-209,-211,204,204,399,01,7,3,1650
D,198228873,1000,1577,1,-1489,266,-209,-212,204,204,398,01,7,3,1650
D,198229857,984,1578,1,-1490,249,-209,-211,204,204,397,01,7,3,1650
D,198230907,1050,1579,1,-1491,296,-209,-212,200,204,396,01,7,3,1650
D,198231931,1024,1580,1,-1492,319,-210,-213,200,204,396,01,7,3,1650
D,198232836,905,1580,0,-1492,229,-209,-206,200,204,396,01,7,3,1650
D,198233829,993,1581,1,-1493,222,-209,-205,200,204,395,01,7,3,1650
D,198234897,1068,1582,1,-1494,276,-209,-203,200,204,394,01,7,3,1650
D,198235839,942,1582,0,-1494,227,-209,-197,200,204,394,01,7,3,1650
D,198236834,995,1583,1,-1495,223,-208,-197,200,204,393,01,7,3,1650
D,198237839,1005,1584,1,-1496,224,-208,-197,200,204,392,01,7,3,1650
D,198238898,1059,1584,0,-1496,275,-207,-195,200,204,392,01,7,3,1650
D,198239831,933,1585,1,-1497,223,-207,-197,200,204,391,01,7,3,1650
D,198240942,1111,1586,1,-1498,332,-206,-195,200,204,390,01,7,3,1650
D,198242003,1061,1587,1,-1499,375,-206,-195,200,204,389,01,7,3,1650
D,198242934,931,1587,0,-1499,312,-205,-195,200,204,389,01,7,3,1650
D,198243875,941,1588,1,-1500,267,-205,-195,200,204,388,01,7,3,1650
D,198244869,994,1589,1,-1501,261,-205,-197,200,204,388,01,7,3,1650
D,198245868,999,1590,1,-1502,254,-205,-203,200,204,387,01,7,3,1650
D,198246890,1022,1591,1,-1503,282,-205,-203,200,204,386,01,7,3,1650
D,198247867,977,1591,0,-1503,252,-204,-195,200,204,386,01,7,3,1650
D,198248882,1015,1592,1,-1504,264,-204,-197,200,204,385,01,7,3,1650
D,198249863,981,1593,1,-1505,243,-204,-195,200,204,384,01,7,3,1650
D,198250907,1044,1594,1,-1506,292,-203,-196,200,204,383,01,7,3,1650
D,198251922,1015,1595,1,-1507,307,-203,-205,200,204,382,01,7,3,1650
D,198252851,929,1596,1,-1508,230,-203,-206,200,204,381,01,7,3,1650
D,198253845,994,1597,1,-1509,225,-204,-205,200,202,381,01,7,3,1650
D,198254889,1044,1598,1,-1510,276,-204,-203,200,202,380,01,7,3,1650
D,198255861,972,1599,1,-1511,250,-204,-205,195,200,379,01,7,3,1650
D,198256852,991,1599,0,-1511,239,-203,-197,195,200,379,01,7,3,1650
D,198257841,989,1600,1,-1512,222,-203,-197,195,200,378,01,7,3,1650
D,198258887,1046,1601,1,-1513,277,-203,-195,195,200,377,01,7,3,1650
D,198259840,953,1602,1,-1514,224,-203,-197,195,200,376,01,7,3,1650
D,198260947,1107,1603,1,-1515,333,-202,-195,195,200,375,01,7,3,1650
D,198262007,1060,1603,0,-1515,386,-202,-187,195,200,375,01,7,3,1650
D,198262937,930,1604,1,-1516,320,-201,-195,195,200,374,01,7,3,1650
D,198263879,942,1604,0,-1516,267,-201,-187,195,200,374,01,7,3,1650
D,198264882,1003,1605,1,-1517,263,-200,-189,195,200,374,01,7,3,1650
D,198265873,991,1606,1,-1518,261,-200,-195,195,200,373,01,7,3,1650
D,198266903,1030,1606,0,-1518,282,-200,-187,195,200,373,01,7,3,1650
D,198267861,958,1607,1,-1519,243,-199,-187,195,200,372,01,7,3,1650
D,198268880,1019,1608,1,-1520,264,-199,-189,195,200,371,01,7,3,1650
D,198269845,965,1609,1,-1521,231,-199,-195,195,200,370,01,7,3,1650
D,198270903,1058,1610,1,-1522,291,-198,-196,195,200,369,01,7,3,1650
D,198271929,1026,1611,1,-1523,307,-198,-197,195,200,368,01,7,3,1650
D,198272852,923,1611,0,-1523,235,-198,-190,195,200,368,01,7,3,1650
D,198273837,985,1612,1,-1524,224,-198,-198,195,200,367,01,7,3,1650
D,198274890,1053,1613,1,-1525,276,-198,-195,195,200,367,01,7,3,1650
D,198275841,951,1614,1,-1526,224,-198,-197,195,200,366,01,7,3,1650
D,198276839,998,1615,1,-1527,222,-198,-197,195,200,365,01,7,3,1650
D,198277843,1004,1616,1,-1528,224,-198,-197,195,197,364,01,7,3,1650
D,198278883,1040,1617,1,-1529,268,-198,-203,195,195,363,01,7,3,1650
D,198279831,948,1618,1,-1530,220,-198,-205,195,195,362,01,7,3,1650
D,198280945,1114,1619,1,-1531,335,-199,-203,191,195,361,01,7,3,1650
D,198282028,1083,1619,0,-1531,393,-198,-195,191,195,361,01,7,3,1650
D,198282936,908,1620,1,-1532,327,-198,-195,191,195,360,01,7,3,1650
D,198283892,956,1621,1,-1533,274,-198,-195,191,195,359,01,7,3,1650
D,198284879,987,1622,1,-1534,260,-198,-197,191,195,359,01,7,3,1650
D,198285877,998,1622,0,-1534,264,-198,-187,191,195,359,01,7,3,1650
D,198286897,1020,1623,1,-1535,287,-198,-195,191,195,358,01,7,3,1650
D,198287862,965,1624,1,-1536,244,-197,-195,191,195,357,01,7,3,1650
D,198288890,1028,1625,1,-1537,268,-197,-195,191,195,356,01,7,3,1650
D,198289833,943,1625,0,-1537,225,-197,-189,191,195,356,01,7,3,1650
D,198290912,1079,1626,1,-1538,293,-197,-189,191,195,355,01,7,3,1650
D,198291918,1006,1626,0,-1538,304,-196,-181,191,195,355,01,7,3,1650
D,198292842,924,1627,1,-1539,236,-196,-190,191,195,354,01,7,3,1650
D,198293841,999,1628,1,-1540,223,-196,-190,191,195,353,01,7,3,1650
D,198294902,1061,1629,1,-1541,280,-196,-195,191,195,352,01,7,3,1650
D,198295839,937,1630,1,-1542,224,-196,-197,191,195,352,01,7,3,1650
D,198296836,997,1631,1,-1543,224,-196,-197,191,195,351,01,7,3,1650
D,198297833,997,1631,0,-1543,222,-196,-197,191,195,351,01,7,3,1650
D,198298887,1054,1632,1,-1544,267,-196,-195,191,195,350,01,7,3,1650
D,198299839,952,1633,1,-1545,222,-196,-197,191,195,349,01,7,3,1650
D,198300951,1112,1634,1,-1546,326,-196,-195,191,195,348,01,7,3,1650
D,198302009,1058,1635,1,-1547,371,-196,-195,191,193,347,01,7,3,1650
D,198302926,917,1636,1,-1548,313,-196,-203,191,190,346,01,7,3,1650
D,198303881,955,1637,1,-1549,263,-196,-203,191,190,345,01,7,3,1650
D,198304874,993,1638,1,-1550,254,-197,-205,191,191,345,01,7,3,1650
D,198305893,1019,1639,1,-1551,276,-197,-203,186,191,344,01,7,3,1650
D,198306929,1036,1639,0,-1551,317,-197,-195,186,191,344,01,7,3,1650
D,198307853,924,1640,1,-1552,240,-197,-195,186,191,343,01,7,3,1650
D,198308873,1020,1641,1,-1553,262,-197,-197,186,191,342,01,7,3,1650
D,198309855,982,1641,0,-1553,234,-196,-187,186,191,342,01,7,3,1650
D,198310914,1059,1642,1,-1554,297,-196,-189,186,191,341,01,7,3,1650
D,198311925,1011,1643,1,-1555,306,-196,-189,186,191,340,01,7,3,1650
D,198312841,916,1643,0,-1555,231,-196,-190,186,191,340,01,7,3,1650
D,198313840,999,1644,1,-1556,225,-195,-190,186,191,339,01,7,3,1650
D,198314896,1056,1644,0,-1556,278,-195,-179,186,191,339,01,7,3,1650
D,198315833,937,1645,1,-1557,220,-194,-181,186,191,338,01,7,3,1650
D,198316835,1002,1646,1,-1558,223,-194,-189,186,191,338,01,7,3,1650
D,198317836,1001,1647,1,-1559,223,-194,-189,186,191,337,01,7,3,1650
D,198318879,1043,1647,0,-1559,268,-193,-181,186,191,337,01,7,3,1650
D,198319838,959,1647,0,-1559,220,-193,-179,186,191,337,01,7,3,1650
D,198320938,1100,1648,1,-1560,327,-192,-179,186,191,336,01,7,3,1650
D,198321998,1060,1649,1,-1561,386,-192,-187,186,191,335,01,7,3,1650
D,198322906,908,1650,1,-1562,298,-192,-187,186,191,334,01,7,3,1650
D,198323883,977,1651,1,-1563,268,-192,-187,186,191,333,01,7,3,1650
D,198324878,995,1652,1,-1564,255,-191,-189,186,190,332,01,7,3,1650
D,198325857,979,1653,1,-1565,248,-191,-187,186,188,331,01,7,3,1650
D,198326911,1054,1654,1,-1566,295,-191,-187,186,188,330,01,7,3,1650
D,198327856,945,1654,0,-1566,247,-191,-187,186,185,330,01,7,3,1650
D,198328875,1019,1655,1,-1567,267,-191,-189,186,185,330,01,7,3,1650
D,198329852,977,1656,1,-1568,240,-191,-187,186,186,329,01,7,3,1650
D,198330914,1062,1657,1,-1569,304,-191,-189,182,186,328,01,7,3,1650
D,198331939,1025,1658,1,-1570,320,-191,-189,182,186,327,01,7,3,1650
D,198332836,897,1659,1,-1571,229,-191,-190,182,186,326,01,7,3,1650
D,198333837,1001,1659,0,-1571,222,-190,-182,182,186,326,01,7,3,1650
D,198334894,1057,1660,1,-1572,281,-190,-179,182,186,325,01,7,3,1650
D,198335846,952,1661,1,-1573,225,-189,-181,182,186,324,01,7,3,1650
D,198336831,985,1661,0,-1573,222,-189,-174,182,186,324,01,7,3,1650
D,198337832,1001,1662,1,-1574,224,-189,-182,182,186,323,01,7,3,1650
D,198338897,1065,1662,0,-1574,278,-188,-171,182,186,323,01,7,3,1650
D,198339834,937,1663,1,-1575,223,-187,-173,182,186,323,01,7,3,1650
D,198340961,1127,1664,1,-1576,336,-187,-179,182,186,322,01,7,3,1650
D,198342011,1050,1664,0,-1576,375,-186,-170,182,186,322,01,7,3,1650
D,198342926,915,1665,1,-1577,316,-186,-179,182,186,321,01,7,3,1650
D,198343888,962,1666,1,-1578,270,-186,-179,182,186,320,01,7,3,1650
D,198344880,992,1666,0,-1578,257,-185,-173,182,186,320,01,7,3,1650
D,198345879,999,1667,1,-1579,264,-185,-179,182,186,319,01,7,3,1650
D,198346903,1024,1668,1,-1580,281,-185,-179,182,186,318,01,7,3,1650
D,198347849,946,1669,1,-1581,242,-184,-179,182,186,317,01,7,3,1650
D,198348877,1028,1669,0,-1581,267,-184,-173,182,186,317,01,7,3,1650
D,198349856,979,1670,1,-1582,237,-184,-187,182,186,316,01,7,3,1650
D,198350912,1056,1671,1,-1583,297,-184,-189,182,185,316,01,7,3,1650
D,198351930,1018,1672,1,-1584,311,-184,-189,182,185,315,01,7,3,1650
D,198352848,918,1673,1,-1585,229,-185,-190,182,183,314,01,7,3,1650
D,198353829,981,1673,0,-1585,223,-185,-182,182,183,314,01,7,3,1650
D,198354896,1067,1674,1,-1586,277,-184,-179,182,180,313,01,7,3,1650
D,198355866,970,1675,1,-1587,256,-184,-179,177,180,312,01,7,3,1650
D,198356850,984,1676,1,-1588,231,-184,-181,177,182,311,01,7,3,1650
D,198357830,980,1677,1,-1589,221,-184,-182,177,182,310,01,7,3,1650
D,198358897,1067,1678,1,-1590,278,-184,-187,177,182,309,01,7,3,1650
D,198359831,934,1678,0,-1590,224,-184,-181,177,182,309,01,7,3,1650
D,198360952,1121,1679,1,-1591,333,-184,-179,177,182,308,01,7,3,1650
D,198362007,1055,1680,1,-1592,391,-184,-179,177,182,308,01,7,3,1650
D,198362939,932,1680,0,-1592,327,-183,-170,177,182,308,01,7,3,1650
D,198363878,939,1681,1,-1593,269,-183,-179,177,182,307,01,7,3,1650
D,198364873,995,1682,1,-1594,257,-183,-181,177,182,306,01,7,3,1650
D,198365876,1003,1682,0,-1594,260,-182,-171,177,182,306,01,7,3,1650
D,198366896,1020,1683,1,-1595,279,-182,-179,177,182,305,01,7,3,1650
D,198367863,967,1683,0,-1595,244,-182,-171,177,182,305,01,7,3,1650
D,198368879,1016,1684,1,-1596,266,-181,-173,177,182,304,01,7,3,1650
D,198369844,965,1684,0,-1596,236,-181,-171,177,182,304,01,7,3,1650
D,198370896,1052,1685,1,-1597,281,-181,-173,177,182,303,01,7,3,1650
D,198371928,1032,1686,1,-1598,310,-180,-173,177,182,302,01,7,3,1650
D,198372853,925,1687,1,-1599,235,-180,-182,177,182,301,01,7,3,1650
D,198373842,989,1687,0,-1599,222,-180,-174,177,182,301,01,7,3,1650
D,198374894,1052,1688,1,-1600,274,-180,-179,177,180,301,01,7,3,1650
D,198375829,935,1689,1,-1601,220,-180,-181,177,180,300,01,7,3,1650
D,198376848,1019,1689,0,-1601,229,-180,-173,177,178,300,01,7,3,1650
D,198377844,996,1690,1,-1602,223,-180,-174,177,178,299,01,7,3,1650
D,198378885,1041,1691,1,-1603,270,-180,-179,177,175,298,01,7,3,1650
D,198379832,947,1692,1,-1604,220,-180,-181,177,175,297,01,7,3,1650
D,198380953,1121,1693,1,-1605,338,-180,-179,173,177,296,01,7,3,1650
D,198382027,1074,1694,1,-1606,396,-180,-178,173,177,295,01,7,3,1650
D,198382940,913,1694,0,-1606,331,-179,-170,173,177,295,01,7,3,1650
D,198383903,963,1695,1,-1607,282,-179,-179,173,177,294,01,7,3,1650
D,198384881,978,1696,1,-1608,261,-179,-181,173,177,294,01,7,3,1650
D,198385881,1000,1697,1,-1609,260,-179,-179,173,177,293,01,7,3,1650
D,198386904,1023,1698,1,-1610,283,-179,-179,173,177,292,01,7,3,1650
D,198387858,954,1698,0,-1610,249,-179,-171,173,177,292,01,7,3,1650
D,198388883,1025,1699,1,-1611,266,-179,-173,173,177,291,01,7,3,1650
D,198389841,958,1700,1,-1612,227,-179,-179,173,177,290,01,7,3,1650
D,198390911,1070,1701,1,-1613,296,-179,-181,173,177,289,01,7,3,1650
D,198391922,1011,1701,0,-1613,312,-179,-173,173,177,289,01,7,3,1650
D,198392846,924,1702,1,-1614,233,-178,-174,173,177,288,01,7,3,1650
D,198393845,999,1702,0,-1614,225,-178,-174,173,177,288,01,7,3,1650
D,198394893,1048,1703,1,-1615,272,-178,-171,173,177,287,01,7,3,1650
D,198395840,947,1703,0,-1615,222,-177,-166,173,177,287,01,7,3,1650
D,198396844,1004,1704,1,-1616,224,-177,-173,173,177,287,01,7,3,1650
D,198397840,996,1705,1,-1617,223,-177,-174,173,177,286,01,7,3,1650
D,198398877,1037,1705,0,-1617,269,-177,-173,173,177,286,01,7,3,1650
D,198399831,954,1706,1,-1618,220,-177,-174,173,175,285,01,7,3,1650
D,198400947,1116,1707,1,-1619,327,-177,-179,173,175,284,01,7,3,1650
D,198402002,1055,1708,1,-1620,372,-177,-179,173,173,283,01,7,3,1650
D,198402926,924,1708,0,-1620,315,-177,-170,173,173,283,01,7,3,1650
D,198403884,958,1709,1,-1621,271,-177,-179,173,173,282,01,7,3,1650
D,198404870,986,1709,0,-1621,256,-177,-173,173,173,282,01,7,3,1650
D,198405895,1025,1710,1,-1622,279,-176,-171,168,173,281,01,7,3,1650
D,198406928,1033,1711,1,-1623,320,-177,-179,168,173,280,01,7,3,1650
D,198407857,929,1712,1,-1624,240,-177,-179,168,173,279,01,7,3,1650
D,198408891,1034,1713,1,-1625,269,-177,-179,168,173,279,01,7,3,1650
D,198409846,955,1714,1,-1626,232,-177,-179,168,173,278,01,7,3,1650
D,198410911,1065,1714,0,-1626,301,-177,-173,168,173,278,01,7,3,1650
D,198411913,1002,1715,1,-1627,307,-177,-173,168,173,277,01,7,3,1650
D,198412843,930,1716,1,-1628,226,-176,-174,168,173,276,01,7,3,1650
D,198413843,1000,1717,1,-1629,226,-177,-182,168,173,275,01,7,3,1650
D,198414897,1054,1718,1,-1630,281,-177,-179,168,173,274,01,7,3,1650
D,198415840,943,1718,0,-1630,222,-177,-173,168,173,274,01,7,3,1650
D,198416839,999,1719,1,-1631,223,-177,-173,168,173,273,01,7,3,1650
D,198417843,1004,1719,0,-1631,224,-176,-166,168,173,273,01,7,3,1650
D,198418885,1042,1720,1,-1632,268,-176,-171,168,173,272,01,7,3,1650
D,198419834,949,1721,1,-1633,220,-176,-174,168,173,272,01,7,3,1650
D,198420939,1105,1721,0,-1633,321,-175,-163,168,173,272,01,7,3,1650
D,198422006,1067,1722,1,-1634,378,-175,-170,168,173,271,01,7,3,1650
D,198422921,915,1723,1,-1635,309,-175,-170,168,173,270,01,7,3,1650
D,198423875,954,1723,0,-1635,263,-175,-171,168,173,270,01,7,3,1650
D,198424878,1003,1724,1,-1636,261,-175,-173,168,170,269,01,7,3,1650
D,198425863,985,1724,0,-1636,249,-174,-171,168,170,269,01,7,3,1650
D,198426911,1048,1725,1,-1637,293,-174,-171,168,167,268,01,7,3,1650
D,198427869,958,1725,0,-1637,251,-174,-163,168,167,268,01,7,3,1650
D,198428887,1018,1726,1,-1638,266,-174,-171,168,168,267,01,7,3,1650
D,198429857,970,1726,0,-1638,241,-173,-163,168,168,267,01,7,3,1650
D,198430924,1067,1727,1,-1639,303,-173,-165,164,168,266,01,7,3,1650
D,198431939,1015,1728,1,-1640,317,-173,-165,164,168,265,01,7,3,1650
D,198432851,912,1728,0,-1640,232,-172,-158,164,168,265,01,7,3,1650
D,198433833,982,1729,1,-1641,222,-172,-166,164,168,265,01,7,3,1650
D,198434894,1061,1730,1,-1642,279,-172,-171,164,168,264,01,7,3,1650
D,198435848,954,1731,1,-1643,228,-172,-173,164,168,263,01,7,3,1650
D,198436837,989,1731,0,-1643,223,-172,-166,164,168,263,01,7,3,1650
D,198437835,998,1732,1,-1644,224,-171,-166,164,168,262,01,7,3,1650
D,198438899,1064,1733,1,-1645,277,-171,-163,164,168,261,01,7,3,1650
D,198439838,939,1733,0,-1645,222,-171,-158,164,168,261,01,7,3,1650
D,198440952,1114,1734,1,-1646,335,-170,-163,164,168,260,01,7,3,1650
D,198441984,1032,1735,1,-1647,371,-170,-162,164,168,259,01,7,3,1650
D,198442934,950,1736,1,-1648,315,-170,-162,164,168,258,01,7,3,1650
D,198443888,954,1737,1,-1649,272,-169,-163,164,168,258,01,7,3,1650
D,198444876,988,1737,0,-1649,257,-169,-157,164,168,258,01,7,3,1650
D,198445874,998,1738,1,-1650,262,-169,-163,164,168,257,01,7,3,1650
D,198446896,1022,1739,1,-1651,285,-168,-162,164,168,256,01,7,3,1650
D,198447849,953,1739,0,-1651,240,-168,-163,164,168,256,01,7,3,1650
D,198448884,1035,1740,1,-1652,267,-168,-165,164,168,255,01,7,3,1650
D,198449843,959,1741,1,-1653,235,-168,-163,164,168,254,01,7,3,1650
D,198450909,1066,1741,0,-1653,297,-167,-157,164,167,254,01,7,3,1650
D,198451913,1004,1742,1,-1654,302,-167,-166,164,167,253,01,7,3,1650
D,198452856,943,1742,0,-1654,235,-167,-158,164,165,253,01,7,3,1650
D,198453840,984,1743,1,-1655,225,-167,-158,164,165,252,01,7,3,1650
D,198454894,1054,1744,1,-1656,274,-167,-163,164,162,251,01,7,3,1650
D,198455868,974,1744,0,-1656,256,-166,-163,159,162,251,01,7,3,1650
D,198456849,981,1745,1,-1657,233,-166,-165,159,164,250,01,7,3,1650
D,198457832,983,1745,0,-1657,222,-166,-158,159,164,250,01,7,3,1650
D,198458887,1055,1746,1,-1658,279,-166,-163,159,164,250,01,7,3,1650
D,198459835,948,1746,0,-1658,225,-166,-158,159,164,250,01,7,3,1650
D,198460951,1116,1747,1,-1659,331,-165,-163,159,164,249,01,7,3,1650
D,198462018,1067,1747,0,-1659,383,-165,-154,159,164,249,01,7,3,1650
D,198462950,932,1748,1,-1660,327,-165,-162,159,164,248,01,7,3,1650
D,198463892,942,1749,1,-1661,269,-165,-162,159,164,247,01,7,3,1650
D,198464872,980,1750,1,-1662,259,-165,-165,159,164,246,01,7,3,1650
D,198465893,1021,1750,0,-1662,270,-164,-154,159,164,246,01,7,3,1650
D,198466898,1005,1751,1,-1663,289,-164,-162,159,164,245,01,7,3,1650
D,198467850,952,1752,1,-1664,238,-164,-163,159,164,244,01,7,3,1650
D,198468884,1034,1752,0,-1664,268,-164,-157,159,164,244,01,7,3,1650
D,198469837,953,1753,1,-1665,229,-164,-158,159,164,243,01,7,3,1650
D,198470911,1074,1754,1,-1666,291,-164,-165,159,164,243,01,7,3,1650
D,198471933,1022,1755,1,-1667,308,-164,-165,159,164,242,01,7,3,1650
D,198472840,907,1755,0,-1667,234,-164,-158,159,164,242,01,7,3,1650
D,198473846,1006,1756,1,-1668,225,-163,-158,159,164,241,01,7,3,1650
D,198474887,1041,1757,1,-1669,277,-163,-163,159,164,240,01,7,3,1650
D,198475827,940,1758,1,-1670,220,-163,-166,159,162,239,01,7,3,1650
D,198476841,1014,1758,0,-1670,223,-163,-158,159,162,239,01,7,3,1650
D,198477843,1002,1759,1,-1671,224,-163,-158,159,159,238,01,7,3,1650
D,198478882,1039,1760,1,-1672,270,-163,-165,159,159,237,01,7,3,1650
D,198479834,952,1760,0,-1672,220,-163,-158,159,156,237,01,7,3,1650
D,198480950,1116,1760,0,-1672,341,-163,-154,154,156,237,01,7,3,1650
D,198482027,1077,1761,1,-1673,386,-162,-154,154,159,236,01,7,3,1650
D,198482950,923,1761,0,-1673,328,-162,-154,154,159,236,01,7,3,1650
D,198483876,926,1762,1,-1674,268,-162,-154,154,159,236,01,7,3,1650
D,198484882,1006,1763,1,-1675,259,-161,-157,154,159,235,01,7,3,1650
D,198485886,1004,1763,0,-1675,265,-161,-155,154,159,235,01,7,3,1650
D,198486894,1008,1764,1,-1676,281,-161,-154,154,159,234,01,7,3,1650
D,198487869,975,1765,1,-1677,249,-161,-163,154,159,233,01,7,3,1650
D,198488882,1013,1765,0,-1677,267,-161,-157,154,159,233,01,7,3,1650
D,198489849,967,1766,1,-1678,229,-161,-163,154,159,232,01,7,3,1650
D,198490910,1061,1766,0,-1678,289,-161,-157,154,159,232,01,7,3,1650
D,198491924,1014,1767,1,-1679,309,-161,-158,154,159,231,01,7,3,1650
D,198492847,923,1767,0,-1679,233,-161,-158,154,159,231,01,7,3,1650
D,198493833,986,1768,1,-1680,223,-160,-158,154,159,230,01,7,3,1650
D,198494891,1058,1768,0,-1680,278,-160,-146,154,159,230,01,7,3,1650
D,198495837,946,1769,1,-1681,222,-159,-150,154,159,229,01,7,3,1650
D,198496834,997,1770,1,-1682,223,-159,-158,154,159,229,01,7,3,1650
D,198497835,1001,1771,1,-1683,224,-159,-158,154,159,228,01,7,3,1650
D,198498887,1052,1771,0,-1683,270,-159,-155,154,159,228,01,7,3,1650
D,198499834,947,1772,1,-1684,220,-159,-158,154,159,227,01,7,3,1650
D,198500956,1122,1773,1,-1685,334,-159,-154,154,156,226,01,7,3,1650
D,198502006,1050,1774,1,-1686,382,-159,-154,154,156,225,01,7,3,1650
D,198502929,923,1774,0,-1686,316,-159,-154,154,153,225,01,7,3,1650
D,198503883,954,1775,1,-1687,268,-158,-154,154,153,224,01,7,3,1650
D,198504868,985,1775,0,-1687,256,-158,-150,154,153,224,01,7,3,1650
D,198505895,1027,1776,1,-1688,282,-158,-146,150,154,223,01,7,3,1650
D,198506924,1029,1777,1,-1689,308,-157,-154,150,154,222,01,7,3,1650
D,198507854,930,1778,1,-1690,243,-157,-155,150,154,221,01,7,3,1650
D,198508878,1024,1779,1,-1691,266,-157,-157,150,154,221,01,7,3,1650
D,198509839,961,1779,0,-1691,232,-157,-155,150,154,221,01,7,3,1650
D,198510902,1063,1780,1,-1692,291,-157,-157,150,154,220,01,7,3,1650
D,198511924,1022,1780,0,-1692,313,-157,-158,150,154,220,01,7,3,1650
D,198512835,911,1781,1,-1693,225,-157,-158,150,154,219,01,7,3,1650
D,198513840,1005,1781,0,-1693,225,-157,-158,150,154,219,01,7,3,1650
D,198514900,1060,1782,1,-1694,278,-157,-155,150,154,218,01,7,3,1650
D,198515841,941,1782,0,-1694,220,-157,-150,150,154,218,01,7,3,1650
D,198516840,999,1783,1,-1695,224,-157,-158,150,154,217,01,7,3,1650
D,198517842,1002,1783,0,-1695,223,-157,-150,150,154,217,01,7,3,1650
D,198518887,1045,1784,1,-1696,268,-157,-155,150,154,216,01,7,3,1650
D,198519833,946,1784,0,-1696,220,-156,-150,150,154,216,01,7,3,1650
D,198520943,1110,1785,1,-1697,321,-156,-154,150,154,215,01,7,3,1650
D,198522012,1069,1786,1,-1698,376,-156,-154,150,154,214,01,7,3,1650
D,198522929,917,1786,0,-1698,309,-156,-154,150,154,214,01,7,3,1650
D,198523881,952,1787,1,-1699,267,-156,-154,150,153,214,01,7,3,1650
D,198524875,994,1787,0,-1699,257,-156,-149,150,153,214,01,7,3,1650
D,198525871,996,1788,1,-1700,252,-156,-154,150,150,213,01,7,3,1650
D,198526900,1029,1788,0,-1700,280,-155,-146,150,150,213,01,7,3,1650
D,198527865,965,1789,1,-1701,253,-155,-146,150,147,212,01,7,3,1650
D,198528884,1019,1790,1,-1702,267,-155,-149,150,147,211,01,7,3,1650
D,198529856,972,1791,1,-1703,240,-155,-155,150,150,210,01,7,3,1650
D,198530917,1061,1792,1,-1704,300,-155,-157,145,150,209,01,7,3,1650
D,198531936,1019,1792,0,-1704,327,-155,-150,145,150,209,01,7,3,1650
D,198532837,901,1793,1,-1705,228,-155,-150,145,150,208,01,7,3,1650
D,198533833,996,1793,0,-1705,223,-154,-150,145,150,208,01,7,3,1650
D,198534896,1063,1794,1,-1706,278,-154,-154,145,150,207,01,7,3,1650
D,198535831,935,1795,1,-1707,224,-154,-158,145,150,207,01,7,3,1650
D,198536843,1012,1796,1,-1708,224,-155,-158,145,150,206,01,7,3,1650
D,198537845,1002,1796,0,-1708,227,-154,-150,145,150,206,01,7,3,1650
D,198538891,1046,1797,1,-1709,276,-154,-146,145,150,205,01,7,3,1650
D,198539838,947,1797,0,-1709,220,-154,-142,145,150,205,01,7,3,1650
D,198540947,1109,1798,1,-1710,332,-153,-146,145,150,204,01,7,3,1650
D,198542007,1060,1798,0,-1710,381,-153,-146,145,150,204,01,7,3,1650
D,198542937,930,1799,1,-1711,323,-153,-146,145,150,203,01,7,3,1650
D,198543898,961,1799,0,-1711,276,-153,-146,145,150,203,01,7,3,1650
D,198544875,977,1800,1,-1712,260,-152,-149,145,150,202,01,7,3,1650
D,198545879,1004,1801,1,-1713,261,-152,-154,145,150,201,01,7,3,1650
D,198546895,1016,1801,0,-1713,287,-152,-146,145,150,201,01,7,3,1650
D,198547849,954,1801,0,-1713,239,-152,-146,145,150,201,01,7,3,1650
D,198548876,1027,1802,1,-1714,267,-152,-149,145,150,200,01,7,3,1650
D,198549856,980,1802,0,-1714,238,-152,-146,145,150,200,01,7,3,1650
D,198550892,1036,1803,1,-1715,284,-152,-149,145,150,200,01,7,3,1650
D,198551910,1018,1804,1,-1716,301,-152,-150,145,150,199,01,7,3,1650
D,198552857,947,1804,0,-1716,238,-151,-142,145,147,199,01,7,3,1650
D,198553835,978,1805,1,-1717,224,-151,-150,145,147,198,01,7,3,1650
D,198554894,1059,1805,0,-1717,277,-151,-146,145,144,198,01,7,3,1650
D,198555865,971,1806,1,-1718,257,-151,-150,141,144,197,01,7,3,1650
D,198556850,985,1806,0,-1718,229,-151,-142,141,145,197,01,7,3,1650
D,198557834,984,1807,1,-1719,224,-151,-150,141,145,196,01,7,3,1650
D,198558909,1075,1807,0,-1719,283,-150,-138,141,145,196,01,7,3,1650
D,198559838,929,1808,1,-1720,222,-150,-142,141,145,195,01,7,3,1650
D,198560954,1116,1808,0,-1720,336,-149,-130,141,145,195,01,7,3,1650
D,198562009,1055,1809,1,-1721,390,-148,-138,141,145,194,01,7,3,1650
D,198562941,932,1810,1,-1722,326,-148,-138,141,145,193,01,7,3,1650
D,198563888,947,1810,0,-1722,272,-148,-138,141,145,193,01,7,3,1650
D,198564876,988,1811,1,-1723,259,-147,-142,141,145,192,01,7,3,1650
D,198565885,1009,1812,1,-1724,262,-147,-138,141,145,192,01,7,3,1650
D,198566897,1012,1812,0,-1724,285,-146,-130,141,145,192,01,7,3,1650
D,198567852,955,1813,1,-1725,238,-146,-138,141,145,191,01,7,3,1650
D,198568880,1028,1814,1,-1726,264,-146,-142,141,145,190,01,7,3,1650
D,198569843,963,1814,0,-1726,233,-146,-138,141,145,190,01,7,3,1650
D,198570894,1051,1815,1,-1727,285,-145,-142,141,145,189,01,7,3,1650
D,198571924,1030,1816,1,-1728,308,-145,-142,141,145,188,01,7,3,1650
D,198572854,930,1816,0,-1728,234,-145,-142,141,145,188,01,7,3,1650
D,198573842,988,1817,1,-1729,230,-145,-142,141,145,187,01,7,3,1650
D,198574888,1046,1817,0,-1729,277,-145,-138,141,145,187,01,7,3,1650
D,198575840,952,1818,1,-1730,222,-145,-142,141,144,186,01,7,3,1650
D,198576837,997,1818,0,-1730,222,-144,-134,141,144,186,01,7,3,1650
D,198577834,997,1819,1,-1731,224,-144,-142,141,144,185,01,7,3,1650
D,198578886,1052,1819,0,-1731,270,-144,-138,141,141,185,01,7,3,1650
D,198579832,946,1820,1,-1732,220,-144,-142,141,141,185,01,7,3,1650
D,198580961,1129,1821,1,-1733,340,-144,-146,136,141,184,01,7,3,1650
D,198582020,1059,1821,0,-1733,386,-144,-138,136,141,184,01,7,3,1650
D,198582950,930,1822,1,-1734,327,-144,-146,136,141,183,01,7,3,1650
D,198583892,942,1822,0,-1734,274,-144,-138,136,141,183,01,7,3,1650
D,198584872,980,1822,0,-1734,258,-143,-134,136,141,183,01,7,3,1650
D,198585889,1017,1823,1,-1735,266,-143,-138,136,141,182,01,7,3,1650
D,198586894,1005,1824,1,-1736,285,-143,-146,136,141,181,01,7,3,1650
D,198587857,963,1824,0,-1736,249,-143,-138,136,141,181,01,7,3,1650
D,198588880,1023,1824,0,-1736,266,-143,-134,136,141,181,01,7,3,1650
D,198589838,958,1825,1,-1737,230,-142,-138,136,141,180,01,7,3,1650
D,198590909,1071,1825,0,-1737,288,-142,-134,136,141,180,01,7,3,1650
D,198591917,1008,1826,1,-1738,310,-142,-142,136,141,179,01,7,3,1650
D,198592854,937,1826,0,-1738,233,-142,-135,136,141,179,01,7,3,1650
D,198593838,984,1827,1,-1739,222,-141,-134,136,141,178,01,7,3,1650
D,198594893,1055,1828,1,-1740,279,-141,-138,136,141,178,01,7,3,1650
D,198595845,952,1828,0,-1740,226,-141,-134,136,141,178,01,7,3,1650
D,198596840,995,1829,1,-1741,223,-141,-134,136,141,177,01,7,3,1650
D,198597837,997,1829,0,-1741,224,-141,-134,136,141,177,01,7,3,1650
D,198598878,1041,1830,1,-1742,270,-140,-134,136,141,176,01,7,3,1650
D,198599837,959,1830,0,-1742,220,-140,-126,136,141,176,01,7,3,1650
D,198600940,1103,1831,1,-1743,328,-139,-130,136,138,175,01,7,3,1650
D,198602010,1070,1832,1,-1744,372,-139,-130,136,138,174,01,7,3,1650
D,198602929,919,1833,1,-1745,316,-139,-138,136,134,173,01,7,3,1650
D,198603879,950,1833,0,-1745,271,-139,-130,136,134,173,01,7,3,1650
D,198604867,988,1834,1,-1746,254,-138,-134,136,136,172,01,7,3,1650
D,198605910,1043,1834,0,-1746,294,-138,-130,132,136,172,01,7,3,1650
D,198606931,1021,1835,1,-1747,316,-138,-138,132,136,171,01,7,3,1650
D,198607857,926,1836,1,-1748,244,-138,-138,132,136,171,01,7,3,1650
D,198608888,1031,1836,0,-1748,270,-138,-138,132,136,171,01,7,3,1650
D,198609840,952,1837,1,-1749,230,-138,-138,132,136,170,01,7,3,1650
D,198610899,1059,1837,0,-1749,289,-138,-134,132,136,170,01,7,3,1650
D,198611936,1037,1838,1,-1750,315,-138,-134,132,136,169,01,7,3,1650
D,198612834,898,1838,0,-1750,226,-138,-135,132,136,169,01,7,3,1650
D,198613840,1006,1839,1,-1751,226,-137,-134,132,136,168,01,7,3,1650
D,198614882,1042,1839,0,-1751,273,-138,-138,132,136,168,01,7,3,1650
D,198615832,950,1839,0,-1751,220,-137,-134,132,136,168,01,7,3,1650
D,198616832,1000,1840,1,-1752,224,-137,-134,132,136,167,01,7,3,1650
D,198617842,1010,1841,1,-1753,222,-137,-134,132,136,166,01,7,3,1650
D,198618887,1045,1841,0,-1753,268,-137,-138,132,136,166,01,7,3,1650
D,198619840,953,1842,1,-1754,220,-137,-138,132,136,165,01,7,3,1650
D,198620949,1109,1842,0,-1754,326,-137,-138,132,136,165,01,7,3,1650
D,198621999,1050,1843,1,-1755,387,-137,-138,132,136,164,01,7,3,1650
D,198622910,911,1843,0,-1755,302,-137,-138,132,134,164,01,7,3,1650
D,198623877,967,1843,0,-1755,263,-137,-130,132,134,164,01,7,3,1650
D,198624880,1003,1844,1,-1756,261,-137,-134,132,134,163,01,7,3,1650
D,198625870,990,1844,0,-1756,249,-137,-130,132,131,163,01,7,3,1650
D,198626906,1036,1845,1,-1757,288,-136,-130,132,131,163,01,7,3,1650
D,198627854,948,1845,0,-1757,248,-136,-130,132,132,163,01,7,3,1650
D,198628888,1034,1846,1,-1758,267,-136,-130,132,132,162,01,7,3,1650
D,198629848,960,1846,0,-1758,242,-136,-130,132,132,162,01,7,3,1650
D,198630916,1068,1847,1,-1759,306,-136,-134,128,132,161,01,7,3,1650
D,198631930,1014,1847,0,-1759,321,-135,-126,128,132,161,01,7,3,1650
D,198632841,911,1848,1,-1760,229,-135,-127,128,132,160,01,7,3,1650
D,198633839,998,1848,0,-1760,223,-134,-118,128,132,160,01,7,3,1650
D,198634897,1058,1849,1,-1761,287,-134,-122,128,132,159,01,7,3,1650
D,198635833,936,1849,0,-1761,226,-133,-118,128,132,159,01,7,3,1650
D,198636832,999,1850,1,-1762,224,-133,-126,128,132,158,01,7,3,1650
D,198637831,999,1851,1,-1763,223,-133,-126,128,132,157,01,7,3,1650
D,198638892,1061,1851,0,-1763,276,-132,-122,128,132,157,01,7,3,1650
D,198639831,939,1852,1,-1764,223,-132,-126,128,132,156,01,7,3,1650
D,198640951,1120,1852,0,-1764,333,-132,-122,128,132,156,01,7,3,1650
D,198642010,1059,1853,1,-1765,373,-131,-122,128,132,156,01,7,3,1650
D,198642935,925,1853,0,-1765,313,-131,-122,128,132,156,01,7,3,1650
D,198643887,952,1854,1,-1766,274,-130,-122,128,132,155,01,7,3,1650
D,198644872,985,1855,1,-1767,256,-130,-126,128,132,154,01,7,3,1650
D,198645871,999,1855,0,-1767,258,-130,-130,128,132,154,01,7,3,1650
D,198646900,1029,1856,1,-1768,284,-130,-130,128,132,153,01,7,3,1650
D,198647852,952,1857,1,-1769,245,-130,-130,128,132,152,01,7,3,1650
D,198648880,1028,1857,0,-1769,269,-130,-126,128,132,152,01,7,3,1650
D,198649858,978,1858,1,-1770,246,-130,-130,128,132,151,01,7,3,1650
D,198650909,1051,1858,0,-1770,288,-130,-126,128,132,151,01,7,3,1650
D,198651931,1022,1859,1,-1771,316,-130,-134,128,131,150,01,7,3,1650
D,198652845,914,1859,0,-1771,228,-130,-127,128,131,150,01,7,3,1650
D,198653841,996,1860,1,-1772,223,-130,-134,128,128,149,01,7,3,1650
D,198654880,1039,1860,0,-1772,273,-130,-130,128,128,149,01,7,3,1650
D,198655860,980,1861,1,-1773,252,-130,-134,123,128,149,01,7,3,1650
D,198656842,982,1861,0,-1773,232,-130,-134,123,124,149,01,7,3,1650
D,198657841,999,1861,0,-1773,223,-130,-126,123,124,149,01,7,3,1650
D,198658888,1047,1862,1,-1774,279,-130,-130,123,127,148,01,7,3,1650
D,198659833,945,1862,0,-1774,225,-130,-126,123,127,148,01,7,3,1650
D,198660958,1125,1863,1,-1775,337,-130,-130,123,127,147,01,7,3,1650
D,198662000,1042,1864,1,-1776,388,-130,-138,123,127,146,01,7,3,1650
D,198662934,934,1864,0,-1776,320,-130,-130,123,127,146,01,7,3,1650
D,198663893,959,1864,0,-1776,271,-130,-130,123,127,146,01,7,3,1650
D,198664868,975,1865,1,-1777,255,-131,-134,123,127,145,01,7,3,1650
D,198665882,1014,1865,0,-1777,263,-130,-130,123,127,145,01,7,3,1650
D,198666904,1022,1865,0,-1777,285,-130,-122,123,127,145,01,7,3,1650
D,198667860,956,1866,1,-1778,247,-130,-122,123,127,144,01,7,3,1650
D,198668871,1011,1867,1,-1779,264,-130,-126,123,127,143,01,7,3,1650
D,198669858,987,1867,0,-1779,241,-129,-122,123,127,143,01,7,3,1650
D,198670897,1039,1868,1,-1780,284,-129,-126,123,127,142,01,7,3,1650
D,198671937,1040,1868,0,-1780,315,-129,-126,123,127,142,01,7,3,1650
D,198672841,904,1869,1,-1781,227,-129,-127,123,127,142,01,7,3,1650
D,198673843,1002,1869,0,-1781,222,-129,-126,123,127,142,01,7,3,1650
D,198674897,1054,1870,1,-1782,279,-129,-122,123,127,141,01,7,3,1650
D,198675827,930,1871,1,-1783,220,-129,-126,123,127,140,01,7,3,1650
D,198676839,1012,1871,0,-1783,222,-128,-126,123,127,140,01,7,3,1650
D,198677838,999,1872,1,-1784,224,-128,-126,123,127,139,01,7,3,1650
D,198678877,1039,1872,0,-1784,267,-128,-118,123,124,139,01,7,3,1650
D,198679834,957,1873,1,-1785,220,-128,-126,123,124,138,01,7,3,1650
D,198680959,1125,1873,0,-1785,338,-128,-122,118,120,138,01,7,3,1650
D,198682013,1054,1874,1,-1786,386,-127,-122,118,120,137,01,7,3,1650
D,198682942,929,1874,0,-1786,331,-127,-122,118,120,137,01,7,3,1650
D,198683881,939,1875,1,-1787,265,-127,-122,118,123,136,01,7,3,1650
D,198684877,996,1876,1,-1788,261,-127,-126,118,123,135,01,7,3,1650
D,198685878,1001,1876,0,-1788,260,-127,-122,118,123,135,01,7,3,1650
D,198686909,1031,1877,1,-1789,290,-127,-130,118,123,134,01,7,3,1650
D,198687848,939,1877,0,-1789,238,-127,-130,118,123,134,01,7,3,1650
D,198688879,1031,1878,1,-1790,267,-127,-134,118,123,134,01,7,3,1650
D,198689843,964,1878,0,-1790,226,-127,-130,118,123,134,01,7,3,1650
D,198690914,1071,1879,1,-1791,294,-128,-134,118,123,133,01,7,3,1650
D,198691922,1008,1879,0,-1791,307,-128,-126,118,123,133,01,7,3,1650
D,198692851,929,1880,1,-1792,236,-128,-127,118,123,132,01,7,3,1650
D,198693837,986,1880,0,-1792,225,-127,-126,118,123,132,01,7,3,1650
D,198694888,1051,1880,0,-1792,276,-127,-122,118,123,132,01,7,3,1650
D,198695833,945,1880,0,-1792,224,-127,-118,118,123,132,01,7,3,1650
D,198696833,1000,1881,1,-1793,224,-127,-126,118,123,131,01,7,3,1650
D,198697828,995,1881,0,-1793,223,-127,-126,118,123,131,01,7,3,1650
D,198698885,1057,1882,1,-1794,268,-127,-122,118,120,130,01,7,3,1650
D,198699829,944,1882,0,-1794,222,-126,-118,118,120,130,01,7,3,1650
D,198700936,1107,1882,0,-1794,327,-126,-114,118,120,130,01,7,3,1650
D,198701989,1053,1883,1,-1795,372,-126,-122,118,117,129,01,7,3,1650
D,198702917,928,1884,1,-1796,307,-126,-122,118,117,128,01,7,3,1650
D,198703881,964,1884,0,-1796,272,-125,-122,118,118,128,01,7,3,1650
D,198704878,997,1884,0,-1796,260,-125,-118,118,118,128,01,7,3,1650
D,198705884,1006,1885,1,-1797,274,-125,-114,114,118,127,01,7,3,1650
D,198706926,1042,1885,0,-1797,311,-124,-114,114,118,127,01,7,3,1650
D,198707856,930,1886,1,-1798,247,-124,-114,114,118,127,01,7,3,1650
D,198708879,1023,1886,0,-1798,268,-123,-114,114,118,127,01,7,3,1650
D,198709842,963,1887,1,-1799,235,-123,-114,114,118,126,01,7,3,1650
D,198710914,1072,1887,0,-1799,292,-123,-110,114,118,126,01,7,3,1650
D,198711927,1013,1887,0,-1799,315,-122,-110,114,118,126,01,7,3,1650
D,198712847,920,1888,1,-1800,227,-122,-111,114,118,125,01,7,3,1650
D,198713833,986,1888,0,-1800,226,-121,-111,114,118,125,01,7,3,1650
D,198714893,1060,1889,1,-1801,275,-121,-106,114,118,124,01,7,3,1650
D,198715837,944,1889,0,-1801,222,-120,-103,114,118,124,01,7,3,1650
D,198716838,1001,1890,1,-1802,224,-120,-110,114,118,123,01,7,3,1650
D,198717837,999,1891,1,-1803,223,-119,-111,114,118,122,01,7,3,1650
D,198718888,1051,1891,0,-1803,268,-119,-106,114,118,122,01,7,3,1650
D,198719838,950,1892,1,-1804,225,-118,-110,114,118,121,01,7,3,1650
D,198720943,1105,1892,0,-1804,321,-118,-106,114,118,121,01,7,3,1650
D,198722002,1059,1893,1,-1805,371,-118,-114,114,118,120,01,7,3,1650
D,198722927,925,1893,0,-1805,311,-117,-106,114,118,120,01,7,3,1650
D,198723879,952,1894,1,-1806,267,-117,-114,114,118,120,01,7,3,1650
D,198724876,997,1895,1,-1807,260,-117,-118,114,118,119,01,7,3,1650
D,198725868,992,1895,0,-1807,250,-117,-122,114,117,119,01,7,3,1650
D,198726911,1043,1895,0,-1807,288,-117,-114,114,117,119,01,7,3,1650
D,198727869,958,1896,1,-1808,251,-117,-122,114,112,118,01,7,3,1650
D,198728875,1006,1896,0,-1808,267,-117,-118,114,112,118,01,7,3,1650
D,198729859,984,1897,1,-1809,241,-117,-122,114,112,117,01,7,3,1650
D,198730923,1064,1897,0,-1809,304,-118,-118,108,113,117,01,7,3,1650
D,198731934,1011,1898,1,-1810,313,-118,-126,108,113,116,01,7,3,1650
D,198732851,917,1898,0,-1810,230,-118,-119,108,113,116,01,7,3,1650
D,198733835,984,1899,1,-1811,223,-118,-118,108,113,115,01,7,3,1650
D,198734891,1056,1899,0,-1811,276,-118,-122,108,113,115,01,7,3,1650
D,198735845,954,1900,1,-1812,229,-118,-126,108,113,114,01,7,3,1650
D,198736829,984,1900,0,-1812,222,-118,-118,108,113,114,01,7,3,1650
D,198737845,1016,1900,0,-1812,224,-118,-118,108,113,114,01,7,3,1650
D,198738891,1046,1901,1,-1813,274,-119,-122,108,113,113,01,7,3,1650
D,198739838,947,1901,0,-1813,224,-119,-118,108,113,113,01,7,3,1650
D,198740948,1110,1901,0,-1813,331,-118,-114,108,113,113,01,7,3,1650
D,198741994,1046,1902,1,-1814,382,-118,-122,108,113,113,01,7,3,1650
D,198742938,944,1902,0,-1814,319,-118,-114,108,113,113,01,7,3,1650
D,198743888,950,1902,0,-1814,270,-118,-114,108,113,113,01,7,3,1650
D,198744867,979,1903,1,-1815,256,-118,-118,108,113,112,01,7,3,1650
D,198745879,1012,1903,0,-1815,259,-118,-114,108,113,112,01,7,3,1650
D,198746906,1027,1904,1,-1816,287,-118,-114,108,113,111,01,7,3,1650
D,198747856,950,1904,0,-1816,250,-117,-106,108,113,111,01,7,3,1650
D,198748877,1021,1904,0,-1816,264,-117,-102,108,113,111,01,7,3,1650
D,198749853,976,1905,1,-1817,245,-116,-106,108,113,110,01,7,3,1650
D,198750892,1039,1906,1,-1818,284,-116,-110,108,113,109,01,7,3,1650
D,198751920,1028,1906,0,-1818,310,-116,-110,108,113,109,01,7,3,1650
D,198752852,932,1906,0,-1818,232,-115,-103,108,112,109,01,7,3,1650
D,198753836,984,1907,1,-1819,225,-115,-111,108,112,108,01,7,3,1650
D,198754889,1053,1907,0,-1819,276,-114,-98,108,112,108,01,7,3,1650
D,198755869,980,1908,1,-1820,256,-114,-106,104,109,107,01,7,3,1650
D,198756838,969,1908,0,-1820,228,-114,-102,104,109,107,01,7,3,1650
D,198757835,997,1909,1,-1821,221,-114,-111,104,109,106,01,7,3,1650
D,198758885,1050,1909,0,-1821,278,-113,-106,104,104,106,01,7,3,1650
D,198759844,959,1910,1,-1822,225,-113,-110,104,104,105,01,7,3,1650
D,198760950,1106,1910,0,-1822,335,-113,-106,104,108,105,01,7,3,1650
D,198762012,1062,1911,1,-1823,388,-112,-106,104,108,105,01,7,3,1650
D,198762942,930,1911,0,-1823,325,-112,-105,104,108,105,01,7,3,1650
D,198763879,937,1912,1,-1824,269,-112,-106,104,108,104,01,7,3,1650
D,198764868,989,1912,0,-1824,259,-112,-102,104,108,104,01,7,3,1650
D,198765884,1016,1913,1,-1825,266,-111,-106,104,108,103,01,7,3,1650
D,198766912,1028,1913,0,-1825,292,-111,-106,104,108,103,01,7,3,1650
D,198767854,942,1913,0,-1825,239,-111,-106,104,108,103,01,7,3,1650
D,198768877,1023,1914,1,-1826,266,-111,-110,104,108,102,01,7,3,1650
D,198769842,965,1914,0,-1826,236,-111,-106,104,108,102,01,7,3,1650
D,198770893,1051,1915,1,-1827,285,-111,-110,104,108,101,01,7,3,1650
D,198771919,1026,1915,0,-1827,303,-111,-110,104,108,101,01,7,3,1650
D,198772852,933,1916,1,-1828,237,-111,-111,104,108,100,01,7,3,1650
D,198773837,985,1916,0,-1828,225,-111,-111,104,108,100,01,7,3,1650
D,198774889,1052,1917,1,-1829,274,-111,-114,104,108,99,01,7,3,1650
D,198775836,947,1917,0,-1829,219,-111,-110,104,104,99,01,7,3,1650
D,198776833,997,1917,0,-1829,222,-111,-110,104,104,99,01,7,3,1650
D,198777829,996,1918,1,-1830,223,-111,-111,104,104,98,01,7,3,1650
D,198778882,1053,1918,0,-1830,269,-111,-114,104,100,98,01,7,3,1650
D,198779829,947,1919,1,-1831,219,-111,-118,104,100,98,01,7,3,1650
D,198780949,1120,1919,0,-1831,341,-111,-106,99,100,98,01,7,3,1650
D,198782007,1058,1919,0,-1831,395,-111,-105,99,104,98,01,7,3,1650
D,198782943,936,1920,1,-1832,330,-111,-114,99,104,97,01,7,3,1650
D,198783889,946,1920,0,-1832,266,-111,-106,99,104,97,01,7,3,1650
D,198784869,980,1921,1,-1833,259,-111,-110,99,104,96,01,7,3,1650
D,198785886,1017,1921,0,-1833,266,-110,-106,99,104,96,01,7,3,1650
D,198786895,1009,1922,1,-1834,284,-111,-114,99,104,95,01,7,3,1650
D,198787865,970,1922,0,-1834,249,-110,-106,99,104,95,01,7,3,1650
D,198788882,1017,1922,0,-1834,267,-110,-102,99,104,95,01,7,3,1650
D,198789853,971,1922,0,-1834,233,-110,-98,99,104,95,01,7,3,1650
D,198790908,1055,1923,1,-1835,293,-109,-102,99,104,94,01,7,3,1650
D,198791918,1010,1923,0,-1835,307,-109,-102,99,104,94,01,7,3,1650
D,198792844,926,1923,0,-1835,233,-108,-95,99,104,94,01,7,3,1650
D,198793844,1000,1924,1,-1836,223,-108,-103,99,104,93,01,7,3,1650
D,198794891,1047,1924,0,-1836,278,-108,-98,99,104,93,01,7,3,1650
D,198795839,948,1924,0,-1836,222,-107,-95,99,104,93,01,7,3,1650
D,198796841,1002,1925,1,-1837,222,-107,-95,99,104,92,01,7,3,1650
D,198797840,999,1925,0,-1837,224,-106,-95,99,104,92,01,7,3,1650
D,198798876,1036,1926,1,-1838,266,-106,-102,99,104,91,01,7,3,1650
D,198799837,961,1926,0,-1838,220,-106,-95,99,100,91,01,7,3,1650
D,198800947,1110,1926,0,-1838,332,-105,-89,99,100,91,01,7,3,1650
D,198801985,1038,1927,1,-1839,372,-105,-97,99,100,91,01,7,3,1650
D,198802923,938,1927,0,-1839,311,-104,-89,99,95,91,01,7,3,1650
D,198803887,964,1928,1,-1840,275,-104,-97,99,95,90,01,7,3,1650
D,198804867,980,1928,0,-1840,254,-104,-94,99,95,90,01,7,3,1650
D,198805889,1022,1929,1,-1841,281,-103,-97,95,99,89,01,7,3,1650
D,198806922,1033,1929,0,-1841,314,-103,-97,95,99,89,01,7,3,1650
D,198807867,945,1930,1,-1842,245,-103,-98,95,99,88,01,7,3,1650
D,198808880,1013,1930,0,-1842,270,-103,-94,95,99,88,01,7,3,1650
D,198809839,959,1930,0,-1842,232,-102,-89,95,99,88,01,7,3,1650
D,198810906,1067,1931,1,-1843,297,-102,-94,95,99,87,01,7,3,1650
D,198811930,1024,1931,0,-1843,311,-101,-95,95,99,87,01,7,3,1650
D,198812839,909,1932,1,-1844,226,-101,-103,95,99,86,01,7,3,1650
D,198813836,997,1932,0,-1844,225,-101,-95,95,99,86,01,7,3,1650
D,198814892,1056,1933,1,-1845,275,-101,-98,95,99,85,01,7,3,1650
D,198815833,941,1933,0,-1845,220,-101,-95,95,99,85,01,7,3,1650
D,198816841,1008,1934,1,-1846,223,-101,-103,95,99,84,01,7,3,1650
D,198817840,999,1934,0,-1846,223,-101,-95,95,99,84,01,7,3,1650
D,198818883,1043,1934,0,-1846,268,-101,-98,95,99,84,01,7,3,1650
D,198819834,951,1935,1,-1847,220,-101,-103,95,99,83,01,7,3,1650
D,198820935,1101,1935,0,-1847,322,-100,-98,95,99,83,01,7,3,1650
D,198822015,1080,1936,1,-1848,381,-101,-105,95,99,83,01,7,3,1650
D,198822923,908,1936,0,-1848,306,-101,-106,95,99,83,01,7,3,1650
D,198823881,958,1936,0,-1848,260,-101,-98,95,99,83,01,7,3,1650
D,198824877,996,1937,1,-1849,261,-101,-102,95,95,82,01,7,3,1650
D,198825858,981,1937,0,-1849,249,-101,-106,95,95,82,01,7,3,1650
D,198826891,1033,1938,1,-1850,283,-101,-106,95,95,81,01,7,3,1650
D,198827873,982,1938,0,-1850,257,-101,-106,95,90,81,01,7,3,1650
D,198828878,1005,1939,1,-1851,266,-102,-106,95,90,80,01,7,3,1650
D,198829868,990,1939,0,-1851,252,-102,-106,95,90,80,01,7,3,1650
D,198830921,1053,1939,0,-1851,307,-102,-102,90,90,80,01,7,3,1650
D,198831938,1017,1940,1,-1852,321,-102,-110,90,95,79,01,7,3,1650
D,198832832,894,1940,0,-1852,225,-102,-103,90,95,79,01,7,3,1650
D,198833840,1008,1941,1,-1853,222,-102,-111,90,95,78,01,7,3,1650
D,198834897,1057,1941,0,-1853,285,-103,-106,90,95,78,01,7,3,1650
D,198835844,947,1941,0,-1853,223,-103,-102,90,95,78,01,7,3,1650
D,198836837,993,1942,1,-1854,223,-103,-103,90,95,77,01,7,3,1650
D,198837834,997,1942,0,-1854,224,-103,-103,90,95,77,01,7,3,1650
D,198838888,1054,1942,0,-1854,276,-102,-98,90,95,77,01,7,3,1650
D,198839834,946,1942,0,-1854,221,-102,-95,90,95,77,01,7,3,1650
D,198840943,1109,1942,0,-1854,329,-102,-89,90,95,77,01,7,3,1650
D,198842015,1072,1943,1,-1855,379,-101,-97,90,95,76,01,7,3,1650
D,198842939,924,1943,0,-1855,331,-101,-89,90,95,76,01,7,3,1650
D,198843882,943,1944,1,-1856,270,-101,-98,90,95,76,01,7,3,1650
D,198844880,998,1944,0,-1856,257,-101,-94,90,95,76,01,7,3,1650
D,198845875,995,1944,0,-1856,265,-100,-89,90,95,76,01,7,3,1650
D,198846895,1020,1945,1,-1857,287,-100,-89,90,95,75,01,7,3,1650
D,198847850,955,1945,0,-1857,242,-99,-89,90,95,75,01,7,3,1650
D,198848883,1033,1945,0,-1857,267,-99,-90,90,95,75,01,7,3,1650
D,198849843,960,1946,1,-1858,231,-99,-89,90,95,74,01,7,3,1650
D,198850911,1068,1946,0,-1858,291,-98,-86,90,95,74,01,7,3,1650
D,198851927,1016,1947,1,-1859,304,-98,-95,90,95,73,01,7,3,1650
D,198852852,925,1947,0,-1859,234,-97,-87,90,95,73,01,7,3,1650
D,198853846,994,1948,1,-1860,225,-97,-95,90,95,72,01,7,3,1650
D,198854892,1046,1948,0,-1860,277,-97,-89,90,90,72,01,7,3,1650
D,198855872,980,1948,0,-1860,254,-97,-89,85,90,72,01,7,3,1650
D,198856841,969,1949,1,-1861,234,-97,-95,85,90,71,01,7,3,1650
D,198857842,1001,1949,0,-1861,224,-96,-87,85,85,71,01,7,3,1650
D,198858897,1055,1949,0,-1861,279,-96,-81,85,85,71,01,7,3,1650
D,198859845,948,1950,1,-1862,224,-95,-87,85,85,70,01,7,3,1650
D,198860958,1113,1950,0,-1862,336,-95,-89,85,85,70,01,7,3,1650
D,198862019,1061,1951,1,-1863,384,-95,-89,85,90,69,01,7,3,1650
D,198862942,923,1951,0,-1863,328,-95,-89,85,90,69,01,7,3,1650
D,198863887,945,1952,1,-1864,274,-94,-89,85,90,69,01,7,3,1650
D,198864873,986,1952,0,-1864,255,-94,-87,85,90,69,01,7,3,1650
D,198865884,1011,1952,0,-1864,263,-94,-89,85,90,69,01,7,3,1650
D,198866906,1022,1953,1,-1865,286,-94,-89,85,90,68,01,7,3,1650
D,198867854,948,1953,0,-1865,242,-94,-89,85,90,68,01,7,3,1650
D,198868880,1026,1954,1,-1866,267,-94,-94,85,90,67,01,7,3,1650
D,198869840,960,1954,0,-1866,234,-94,-98,85,90,67,01,7,3,1650
D,198870911,1071,1954,0,-1866,292,-94,-94,85,90,67,01,7,3,1650
D,198871922,1011,1954,0,-1866,310,-94,-95,85,90,67,01,7,3,1650
D,198872845,923,1955,1,-1867,234,-94,-95,85,90,66,01,7,3,1650
D,198873841,996,1956,1,-1868,225,-94,-103,85,90,65,01,7,3,1650
D,198874893,1052,1956,0,-1868,274,-94,-98,85,90,65,01,7,3,1650
D,198875830,937,1956,0,-1868,220,-94,-95,85,85,65,01,7,3,1650
D,198876839,1009,1957,1,-1869,224,-95,-103,85,85,64,01,7,3,1650
D,198877838,999,1957,0,-1869,224,-95,-95,85,85,64,01,7,3,1650
D,198878890,1052,1957,0,-1869,270,-95,-98,85,80,64,01,7,3,1650
D,198879837,947,1958,1,-1870,220,-95,-103,85,80,63,01,7,3,1650
D,198880966,1129,1958,0,-1870,343,-95,-97,80,80,63,01,7,3,1650
D,198882005,1039,1958,0,-1870,393,-95,-89,80,80,63,01,7,3,1650
D,198882940,935,1959,1,-1871,330,-95,-97,80,85,62,01,7,3,1650
D,198883885,945,1959,0,-1871,271,-95,-89,80,85,62,01,7,3,1650
D,198884872,987,1959,0,-1871,256,-95,-87,80,85,62,01,7,3,1650
D,198885889,1017,1959,0,-1871,266,-94,-89,80,85,62,01,7,3,1650
D,198886891,1002,1960,1,-1872,280,-94,-89,80,85,62,01,7,3,1650
D,198887868,977,1960,0,-1872,254,-94,-89,80,85,62,01,7,3,1650
D,198888883,1015,1960,0,-1872,267,-94,-87,80,85,62,01,7,3,1650
D,198889836,953,1960,0,-1872,230,-93,-87,80,85,62,01,7,3,1650
D,198890911,1075,1961,1,-1873,289,-93,-86,80,85,61,01,7,3,1650
D,198891924,1013,1961,0,-1873,305,-93,-87,80,85,61,01,7,3,1650
D,198892850,926,1961,0,-1873,233,-92,-79,80,85,61,01,7,3,1650
D,198893843,993,1962,1,-1874,225,-92,-87,80,85,60,01,7,3,1650
D,198894896,1053,1962,0,-1874,278,-92,-81,80,85,60,01,7,3,1650
D,198895833,937,1962,0,-1874,222,-91,-79,80,85,60,01,7,3,1650
D,198896840,1007,1963,1,-1875,223,-91,-87,80,85,59,01,7,3,1650
D,198897842,1002,1963,0,-1875,224,-91,-79,80,85,59,01,7,3,1650
D,198898883,1041,1963,0,-1875,270,-90,-73,80,85,59,01,7,3,1650
D,198899828,945,1964,1,-1876,220,-89,-79,80,85,58,01,7,3,1650
D,198900957,1129,1964,0,-1876,332,-89,-81,80,85,58,01,7,3,1650
D,198902006,1049,1964,0,-1876,370,-89,-81,80,80,58,01,7,3,1650
D,198902926,920,1964,0,-1876,317,-88,-73,80,80,58,01,7,3,1650
D,198903879,953,1965,1,-1877,269,-88,-73,80,80,57,01,7,3,1650
D,198904878,999,1965,0,-1877,257,-87,-71,80,80,57,01,7,3,1650
D,198905892,1014,1965,0,-1877,283,-86,-73,76,80,57,01,7,3,1650
D,198906918,1026,1966,1,-1878,308,-86,-73,76,80,56,01,7,3,1650
D,198907863,945,1966,0,-1878,246,-85,-73,76,80,56,01,7,3,1650
D,198908878,1015,1966,0,-1878,270,-85,-71,76,80,56,01,7,3,1650
D,198909848,970,1967,1,-1879,237,-84,-73,76,80,55,01,7,3,1650
D,198910906,1058,1967,0,-1879,291,-84,-71,76,80,55,01,7,3,1650
D,198911926,1020,1967,0,-1879,311,-83,-71,76,80,55,01,7,3,1650
D,198912832,906,1968,1,-1880,226,-83,-79,76,80,54,01,7,3,1650
D,198913842,1010,1968,0,-1880,226,-83,-71,76,80,54,01,7,3,1650
D,198914888,1046,1968,0,-1880,276,-82,-73,76,80,54,01,7,3,1650
D,198915837,949,1969,1,-1881,220,-82,-79,76,80,54,01,7,3,1650
D,198916832,995,1969,0,-1881,223,-82,-79,76,80,54,01,7,3,1650
D,198917844,1012,1970,1,-1882,224,-82,-79,76,80,53,01,7,3,1650
D,198918876,1032,1970,0,-1882,259,-82,-79,76,80,53,01,7,3,1650
D,198919835,959,1970,0,-1882,221,-82,-79,76,80,53,01,7,3,1650
D,198920939,1104,1970,0,-1882,327,-81,-73,76,80,53,01,7,3,1650
D,198922010,1071,1971,1,-1883,384,-81,-81,76,80,52,01,7,3,1650
D,198922921,911,1972,1,-1884,309,-82,-89,76,80,51,01,7,3,1650
D,198923871,950,1972,0,-1884,262,-82,-81,76,80,51,01,7,3,1650
D,198924876,1005,1972,0,-1884,263,-81,-79,76,80,51,01,7,3,1650
D,198925866,990,1972,0,-1884,250,-81,-81,76,80,51,01,7,3,1650
D,198926899,1033,1973,1,-1885,286,-81,-81,76,80,50,01,7,3,1650
D,198927865,966,1973,0,-1885,248,-81,-81,76,80,50,01,7,3,1650
D,198928874,1009,1973,0,-1885,264,-81,-79,76,80,50,01,7,3,1650
D,198929857,983,1974,1,-1886,249,-81,-81,76,80,49,01,7,3,1650
D,198930925,1068,1974,0,-1886,305,-81,-79,70,80,49,01,7,3,1650
D,198931936,1011,1975,1,-1887,320,-81,-87,70,80,48,01,7,3,1650
D,198932842,906,1975,0,-1887,226,-82,-87,70,76,48,01,7,3,1650
D,198933841,999,1975,0,-1887,223,-82,-87,70,76,48,01,7,3,1650
D,198934895,1054,1975,0,-1887,284,-82,-81,70,74,48,01,7,3,1650
D,198935836,941,1976,1,-1888,225,-82,-87,70,74,47,01,7,3,1650
D,198936835,999,1976,0,-1888,223,-82,-87,70,74,47,01,7,3,1650
D,198937830,995,1976,0,-1888,222,-82,-79,70,74,47,01,7,3,1650
D,198938880,1050,1977,1,-1889,260,-82,-90,70,74,47,01,7,3,1650
D,198939828,948,1977,0,-1889,220,-83,-87,70,74,47,01,7,3,1650
D,198940940,1112,1977,0,-1889,330,-82,-81,70,74,47,01,7,3,1650
D,198942001,1061,1978,1,-1890,381,-83,-89,70,67,46,01,7,3,1650
D,198942951,950,1978,0,-1890,331,-83,-81,70,67,46,01,7,3,1650
D,198943890,939,1978,0,-1890,271,-83,-81,70,67,46,01,7,3,1650
D,198944874,984,1979,1,-1891,256,-83,-87,70,67,45,01,7,3,1650
D,198945888,1014,1979,0,-1891,265,-83,-81,70,67,45,01,7,3,1650
D,198946902,1014,1979,0,-1891,289,-83,-81,70,70,45,01,7,3,1650
D,198947858,956,1979,0,-1891,242,-82,-73,70,70,45,01,7,3,1650
D,198948886,1028,1979,0,-1891,271,-82,-73,70,70,45,01,7,3,1650
D,198949836,950,1980,1,-1892,227,-82,-81,70,70,44,01,7,3,1650
D,198950908,1072,1980,0,-1892,297,-82,-79,70,70,44,01,7,3,1650
D,198951918,1010,1980,0,-1892,306,-82,-79,70,70,44,01,7,3,1650
D,198952854,936,1981,1,-1893,234,-82,-79,70,70,43,01,7,3,1650
D,198953832,978,1981,0,-1893,224,-81,-71,70,70,43,01,7,3,1650
D,198954893,1061,1981,0,-1893,279,-81,-73,70,70,43,01,7,3,1650
D,198955855,962,1981,0,-1893,248,-80,-71,66,70,43,01,7,3,1650
D,198956855,1000,1981,0,-1893,234,-80,-71,66,70,43,01,7,3,1650
D,198957832,977,1982,1,-1894,223,-80,-71,66,70,42,01,7,3,1650
D,198958905,1073,1982,0,-1894,283,-79,-73,66,67,42,01,7,3,1650
D,198959835,930,1982,0,-1894,225,-79,-71,66,67,42,01,7,3,1650
D,198960946,1111,1983,1,-1895,336,-79,-73,66,67,41,01,7,3,1650
D,198962015,1069,1983,0,-1895,384,-78,-65,66,60,41,01,7,3,1650
D,198962944,929,1983,0,-1895,326,-78,-65,66,60,41,01,7,3,1650
D,198963891,947,1983,0,-1895,273,-77,-65,66,60,41,01,7,3,1650
D,198964868,977,1984,1,-1896,256,-77,-71,66,60,40,01,7,3,1650
D,198965884,1016,1984,0,-1896,267,-77,-65,66,60,40,01,7,3,1650
D,198966895,1011,1984,0,-1896,285,-76,-65,66,66,40,01,7,3,1650
D,198967863,968,1985,1,-1897,244,-76,-73,66,66,40,01,7,3,1650
D,198968878,1015,1985,0,-1897,269,-76,-71,66,66,40,01,7,3,1650
D,198969840,962,1985,0,-1897,231,-75,-65,66,66,40,01,7,3,1650
D,198970896,1056,1985,0,-1897,283,-75,-63,66,66,40,01,7,3,1650
D,198971920,1024,1985,0,-1897,310,-74,-63,66,66,40,01,7,3,1650
D,198972840,920,1986,1,-1898,227,-74,-63,66,66,39,01,7,3,1650
D,198973843,1003,1986,0,-1898,228,-74,-63,66,66,39,01,7,3,1650
D,198974902,1059,1986,0,-1898,280,-73,-57,66,66,39,01,7,3,1650
D,198975832,930,1986,0,-1898,220,-72,-55,66,66,39,01,7,3,1650
D,198976843,1011,1987,1,-1899,223,-72,-63,66,66,38,01,7,3,1650
D,198977831,988,1987,0,-1899,223,-72,-63,66,66,38,01,7,3,1650
D,198978886,1055,1987,0,-1899,269,-71,-65,66,66,38,01,7,3,1650
D,198979838,952,1987,0,-1899,220,-71,-57,66,66,38,01,7,3,1650
D,198980949,1111,1988,1,-1900,334,-71,-65,62,66,37,01,7,3,1650
D,198982009,1060,1988,0,-1900,377,-70,-65,62,60,37,01,7,3,1650
D,198982946,937,1988,0,-1900,332,-70,-57,62,60,37,01,7,3,1650
D,198983892,946,1989,1,-1901,270,-70,-65,62,60,36,01,7,3,1650
D,198984865,973,1989,0,-1901,257,-69,-63,62,60,36,01,7,3,1650
D,198985873,1008,1989,0,-1901,265,-69,-65,62,60,36,01,7,3,1650
D,198986891,1018,1990,1,-1902,281,-69,-73,62,62,35,01,7,3,1650
D,198987871,980,1990,0,-1902,250,-69,-65,62,62,35,01,7,3,1650
D,198988875,1004,1990,0,-1902,264,-69,-63,62,62,35,01,7,3,1650
D,198989854,979,1991,1,-1903,234,-69,-73,62,62,34,01,7,3,1650
D,198990889,1035,1991,0,-1903,281,-69,-71,62,62,34,01,7,3,1650
D,198991911,1022,1991,0,-1903,303,-69,-63,62,62,34,01,7,3,1650
D,198992847,936,1991,0,-1903,234,-69,-63,62,62,34,01,7,3,1650
D,198993845,998,1992,1,-1904,224,-69,-71,62,62,33,01,7,3,1650
D,198994884,1039,1992,0,-1904,268,-69,-65,62,62,33,01,7,3,1650
D,198995836,952,1992,0,-1904,222,-68,-63,62,62,33,01,7,3,1650
D,198996835,999,1992,0,-1904,223,-68,-63,62,62,33,01,7,3,1650
D,198997834,999,1993,1,-1905,222,-68,-71,62,62,33,01,7,3,1650
D,198998892,1058,1993,0,-1905,271,-68,-65,62,62,33,01,7,3,1650
D,198999840,948,1993,0,-1905,220,-68,-65,62,62,33,01,7,3,1650
D,199000942,1102,1993,0,-1905,328,-68,-65,62,62,33,01,7,3,1650
D,199001999,1057,1994,1,-1906,372,-68,-73,62,62,32,01,7,3,1650
D,199002925,926,1994,0,-1906,314,-68,-65,62,62,32,01,7,3,1650
D,199003882,957,1994,0,-1906,274,-68,-65,62,62,32,01,7,3,1650
D,199004867,985,1995,1,-1907,255,-68,-71,62,62,31,01,7,3,1650
D,199005894,1027,1995,0,-1907,282,-68,-73,56,62,31,01,7,3,1650
D,199006939,1045,1995,0,-1907,317,-68,-65,56,60,31,01,7,3,1650
D,199007845,906,1995,0,-1907,238,-68,-65,56,60,31,01,7,3,1650
D,199008884,1039,1996,1,-1908,266,-68,-71,56,60,30,01,7,3,1650
D,199009844,960,1996,0,-1908,230,-68,-73,56,60,30,01,7,3,1650
D,199010911,1067,1996,0,-1908,296,-68,-71,56,60,30,01,7,3,1650
D,199011916,1005,1997,1,-1909,306,-69,-71,56,60,29,01,7,3,1650
D,199012835,919,1997,0,-1909,226,-69,-71,56,60,29,01,7,3,1650
D,199013840,1005,1997,0,-1909,226,-69,-71,56,60,29,01,7,3,1650
D,199014896,1056,1997,0,-1909,282,-69,-65,56,52,29,01,7,3,1650
D,199015840,944,1998,1,-1910,224,-69,-71,56,52,28,01,7,3,1650
D,199016837,997,1998,0,-1910,222,-69,-71,56,52,28,01,7,3,1650
D,199017835,998,1998,0,-1910,223,-69,-63,56,52,28,01,7,3,1650
D,199018882,1047,1998,0,-1910,270,-68,-65,56,55,28,01,7,3,1650
D,199019827,945,1999,1,-1911,220,-68,-71,56,55,27,01,7,3,1650
D,199020935,1108,1999,0,-1911,324,-68,-65,56,55,27,01,7,3,1650
D,199021991,1056,1999,0,-1911,380,-68,-65,56,55,27,01,7,3,1650
D,199022933,942,1999,0,-1911,312,-68,-65,56,55,27,01,7,3,1650
D,199023883,950,1999,0,-1911,276,-68,-57,56,55,27,01,7,3,1650
D,199024864,981,2000,1,-1912,253,-67,-63,56,55,26,01,7,3,1650
D,199025874,1010,2000,0,-1912,264,-67,-65,56,55,26,01,7,3,1650
D,199026896,1022,2000,0,-1912,281,-67,-65,56,55,26,01,7,3,1650
D,199027847,951,2000,0,-1912,235,-67,-57,56,55,26,01,7,3,1650
D,199028872,1025,2000,0,-1912,264,-66,-55,56,55,26,01,7,3,1650
D,199029850,978,2001,1,-1913,235,-66,-65,56,55,25,01,7,3,1650
D,199030918,1068,2001,0,-1913,304,-66,-63,51,55,25,01,7,3,1650
D,199031929,1011,2001,0,-1913,318,-66,-63,51,55,25,01,7,3,1650
D,199032839,910,2001,0,-1913,229,-66,-55,51,55,25,01,7,3,1650
D,199033832,993,2001,0,-1913,222,-65,-55,51,55,25,01,7,3,1650
D,199034895,1063,2002,1,-1914,279,-65,-57,51,52,25,01,7,3,1650
D,199035834,939,2002,0,-1914,225,-65,-55,51,52,25,01,7,3,1650
D,199036841,1007,2002,0,-1914,224,-64,-55,51,52,25,01,7,3,1650
D,199037846,1005,2002,0,-1914,225,-64,-57,51,52,25,01,7,3,1650
D,199038880,1034,2002,0,-1914,260,-64,-55,51,52,25,01,7,3,1650
D,199039841,961,2003,1,-1915,220,-63,-55,51,52,24,01,7,3,1650
D,199040948,1107,2003,0,-1915,332,-63,-57,51,52,24,01,7,3,1650
D,199042005,1057,2003,0,-1915,377,-62,-49,51,43,24,01,7,3,1650
D,199042930,925,2003,0,-1915,317,-62,-49,51,43,24,01,7,3,1650
D,199043891,961,2003,0,-1915,269,-61,-49,51,43,24,01,7,3,1650
D,199044877,986,2003,0,-1915,254,-61,-47,51,43,24,01,7,3,1650
D,199045882,1005,2004,1,-1916,263,-60,-49,51,43,23,01,7,3,1650
D,199046893,1011,2004,0,-1916,282,-60,-49,51,51,23,01,7,3,1650
D,199047851,958,2004,0,-1916,245,-59,-49,51,51,23,01,7,3,1650
D,199048880,1029,2004,0,-1916,268,-59,-47,51,51,23,01,7,3,1650
D,199049853,973,2004,0,-1916,232,-58,-41,51,51,23,01,7,3,1650
D,199050898,1045,2005,1,-1917,282,-58,-47,51,51,22,01,7,3,1650
D,199051922,1024,2005,0,-1917,303,-57,-47,51,51,22,01,7,3,1650
D,199052845,923,2005,0,-1917,235,-57,-47,51,51,22,01,7,3,1650
D,199053840,995,2006,1,-1918,225,-57,-55,51,51,21,01,7,3,1650
D,199054893,1053,2006,0,-1918,274,-57,-49,51,51,21,01,7,3,1650
D,199055882,989,2006,0,-1918,262,-56,-49,51,51,21,01,7,4,1100
D,199056846,964,2006,0,-1918,227,-56,-47,51,51,21,01,7,4,1100
D,199057832,986,2008,2,-1920,221,-56,-63,51,51,19,01,7,4,1100
D,199058888,1056,2009,1,-1921,277,-57,-73,51,43,18,01,7,4,1100
D,199059838,950,2009,0,-1921,224,-58,-71,51,43,18,01,7,4,1100
D,199060947,1109,2010,1,-1922,330,-58,-73,51,43,18,01,7,4,1100
D,199062014,1067,2011,1,-1923,377,-59,-81,51,43,17,01,7,4,1100
D,199062922,908,2011,0,-1923,314,-60,-81,51,43,17,01,7,4,1100
D,199063881,959,2011,0,-1923,269,-61,-81,51,43,17,01,7,4,1100
D,199064872,991,2011,0,-1923,257,-61,-79,51,43,17,01,7,4,1100
D,199065878,1006,2011,0,-1923,264,-62,-73,51,43,17,01,7,4,1100
D,199066904,1026,2011,0,-1923,296,-62,-73,51,30,17,01,7,4,1100
D,199067862,958,2011,0,-1923,241,-63,-73,51,30,17,01,7,4,1100
D,199068885,1023,2012,1,-1924,273,-63,-81,51,30,16,01,7,4,1100
D,199069843,958,2013,1,-1925,233,-64,-81,51,30,15,01,7,4,1100
D,199070900,1057,2013,0,-1925,281,-65,-79,51,30,15,01,7,4,1100
D,199071931,1031,2013,0,-1925,309,-65,-79,51,30,15,01,7,4,1100
D,199072845,914,2013,0,-1925,228,-66,-79,51,30,15,01,7,4,1100
D,199073840,995,2013,0,-1925,227,-66,-79,51,30,15,01,7,4,1100
D,199074880,1040,2013,0,-1925,265,-67,-81,51,30,15,01,7,4,1100
D,199075832,952,2013,0,-1925,225,-67,-79,51,30,15,01,7,4,1100
D,199076843,1011,2013,0,-1925,226,-68,-71,51,30,15,01,7,4,1100
D,199077830,987,2014,1,-1926,223,-68,-79,51,30,14,01,7,4,1100
D,199078882,1052,2014,0,-1926,266,-69,-81,51,30,14,01,7,4,1100
D,199079830,948,2015,1,-1927,224,-69,-87,51,30,13,01,7,4,1100
D,199080955,1125,2015,0,-1927,330,-70,-81,51,30,13,01,7,4,1100
D,199081996,1041,2016,1,-1928,366,-71,-89,51,30,12,01,7,4,1100
D,199082928,932,2016,0,-1928,312,-71,-89,51,30,12,01,7,4,1100
D,199083869,941,2016,0,-1928,262,-72,-81,51,30,12,01,7,4,1100
D,199084876,1007,2016,0,-1928,259,-72,-79,51,30,12,01,7,4,1100
D,199085868,992,2016,0,-1928,254,-72,-79,51,30,12,01,7,4,1100
D,199086888,1020,2016,0,-1928,279,-73,-81,51,30,12,01,7,4,1100
D,199087874,986,2016,0,-1928,257,-72,-65,51,30,12,01,7,4,1100
D,199088864,990,2017,1,-1929,257,-72,-71,51,30,11,01,7,4,1100
D,199089873,1009,2018,1,-1930,260,-72,-73,51,30,11,01,7,4,1100
D,199090899,1026,2018,0,-1930,277,-72,-71,51,0,11,01,7,4,1100
D,199091923,1024,2018,0,-1930,303,-72,-63,51,0,11,01,7,4,1100
D,199092844,921,2018,0,-1930,230,-71,-55,51,0,11,01,7,4,1100
D,199093842,998,2018,0,-1930,225,-71,-55,51,0,11,01,7,4,1100
D,199094854,1012,2018,0,-1930,241,-70,-55,51,0,11,01,7,4,1100
D,199095838,984,2018,0,-1930,222,-69,-55,51,0,11,01,7,4,1100
D,199096829,991,2018,0,-1930,222,-69,-55,51,0,11,01,7,4,1100
D,199097836,1007,2019,1,-1931,225,-69,-63,51,0,10,01,7,4,1100
D,199098842,1006,2019,0,-1931,231,-68,-63,51,0,10,01,7,4,1100
D,199099843,1001,2019,0,-1931,224,-68,-49,51,0,10,01,7,4,1100
D,199100925,1082,2019,0,-1931,315,-67,-49,51,0,10,01,7,4,1100
D,199101984,1059,2019,0,-1931,370,-66,-49,51,0,10,01,7,4,1100
D,199102882,898,2019,0,-1931,272,-65,-49,51,0,10,01,7,4,1100
D,199103882,1000,2019,0,-1931,268,-65,-49,51,0,10,01,7,4,1100
D,199104867,985,2019,0,-1931,244,-64,-47,51,0,10,01,7,4,1100
D,199105873,1006,2019,0,-1931,262,-64,-49,51,0,10,01,7,4,1100
D,199106875,1002,2020,1,-1932,266,-63,-57,51,0,9,01,7,4,1100
D,199107884,1009,2020,0,-1932,262,-63,-49,51,0,0,01,8,4,1100
D,199108871,987,2020,0,-1932,257,-62,-47,51,0,0,01,8,4,1100
D,199109855,984,2020,0,-1932,248,-61,-41,51,0,0,01,8,4,1100
D,199110879,1024,2020,0,-1932,257,-60,-39,51,0,0,01,8,4,1100
D,199111921,1042,2020,0,-1932,307,-60,-39,51,0,0,01,8,4,1100
D,199112841,920,2020,0,-1932,224,-59,-32,51,0,0,01,8,4,1100
D,199113847,1006,2020,0,-1932,225,-57,-32,51,0,0,01,8,4,1100
D,199114847,1000,2020,0,-1932,225,-56,-32,51,0,0,01,8,4,1100
D,199115847,1000,2020,0,-1932,225,-55,-32,51,0,0,01,8,4,1100
D,199116836,989,2020,0,-1932,219,-55,-32,51,0,0,01,8,4,1100
D,199117847,1011,2020,0,-1932,226,-54,-32,51,0,0,01,8,4,1100
D,199118847,1000,2020,0,-1932,225,-53,-32,51,0,0,01,8,4,1100
D,199119841,994,2020,0,-1932,225,-52,-24,51,0,0,01,8,4,1100
D,199120936,1095,2020,0,-1932,314,-50,-16,51,0,0,01,8,4,1100
D,199121996,1060,2020,0,-1932,382,-49,-16,51,0,0,01,8,4,1100
D,199122874,878,2020,0,-1932,268,-48,-16,51,0,0,01,8,4,1100
D,199123874,1000,2020,0,-1932,253,-46,-16,51,0,0,01,8,4,1100
D,199124857,983,2020,0,-1932,242,-45,-16,51,0,0,01,8,4,1100
D,199125852,995,2020,0,-1932,242,-44,-16,51,0,0,01,8,4,1100
D,199126864,1012,2020,0,-1932,249,-43,-16,51,0,0,01,8,4,1100
D,199127853,989,2020,0,-1932,247,-42,-8,51,0,0,01,8,4,1100
D,199128880,1027,2020,0,-1932,258,-40,-8,51,0,0,01,8,4,1100
D,199129866,986,2020,0,-1932,250,-39,-8,51,0,0,01,8,4,1100
D,199130873,1007,2020,0,-1932,256,-38,-8,51,0,0,01,8,4,1100
D,199131910,1037,2020,0,-1932,293,-37,-8,51,0,0,01,8,4,1100
D,199132854,944,2020,0,-1932,236,-36,-8,51,0,0,01,8,4,1100
D,199133835,981,2020,0,-1932,228,-34,-8,51,0,0,01,8,4,1100
D,199134847,1012,2020,0,-1932,234,-33,-8,51,0,0,01,8,4,1100
D,199135836,989,2020,0,-1932,226,-32,-8,51,0,0,01,8,4,1100
D,199136832,996,2020,0,-1932,225,-31,-8,51,0,0,01,8,4,1100
D,199137845,1013,2020,0,-1932,226,-30,0,51,0,0,01,8,4,1100
D,199138854,1009,2020,0,-1932,232,-29,0,51,0,0,01,8,4,1100
D,199139837,983,2020,0,-1932,226,-28,0,51,0,0,01,8,4,1100
D,199140935,1098,2020,0,-1932,314,-27,0,51,0,0,01,8,4,1100
D,199142018,1083,2020,0,-1932,395,-26,0,51,0,0,01,8,4,1100
D,199142872,854,2020,0,-1932,264,-25,0,51,0,0,01,8,4,1100
D,199143868,996,2020,0,-1932,256,-24,0,51,0,0,01,8,4,1100
D,199144865,997,2020,0,-1932,246,-23,0,51,0,0,01,8,4,1100
D,199145851,986,2020,0,-1932,245,-22,0,51,0,0,01,8,4,1100
D,199146867,1016,2020,0,-1932,253,-21,0,51,0,0,01,8,4,1100
D,199147865,998,2020,0,-1932,244,-20,0,51,0,0,01,8,4,1100
D,199148882,1017,2020,0,-1932,263,-19,0,51,0,0,01,8,4,1100
D,199149862,980,2020,0,-1932,246,-19,0,51,0,0,01,8,4,1100
D,199150865,1003,2020,0,-1932,258,-18,0,51,0,0,01,8,4,1100
D,199151918,1053,2020,0,-1932,299,-17,0,51,0,0,01,8,4,1100
D,199152847,929,2020,0,-1932,232,-17,0,51,0,0,01,8,4,1100
D,199153833,986,2020,0,-1932,226,-16,0,51,0,0,01,8,4,1100
D,199154853,1020,2020,0,-1932,234,-15,0,51,0,0,01,8,4,1100
D,199155845,992,2020,0,-1932,226,-15,0,51,0,0,01,8,4,1100
D,199156847,1002,2020,0,-1932,226,-14,0,51,0,0,01,8,4,1100
D,199157832,985,2020,0,-1932,226,-14,0,51,0,0,01,8,4,1100
D,199158842,1010,2020,0,-1932,231,-13,0,51,0,0,01,8,4,1100
D,199159847,1005,2020,0,-1932,226,-13,0,51,0,0,01,8,4,1100
D,199160930,1083,2020,0,-1932,323,-12,0,51,0,0,01,8,4,1100
D,199161985,1055,2020,0,-1932,374,-11,0,51,0,0,01,8,4,1100
D,199162891,906,2020,0,-1932,276,-11,0,51,0,0,01,8,4,1100
D,199163866,975,2020,0,-1932,251,-11,0,51,0,0,01,8,4,1100
D,199164857,991,2020,0,-1932,250,-10,0,51,0,0,01,8,4,1100
D,199165854,997,2020,0,-1932,245,-10,0,51,0,0,01,8,4,1100
D,199166872,1018,2020,0,-1932,261,-9,0,51,0,0,01,8,4,1100
D,199167864,992,2020,0,-1932,244,-9,0,51,0,0,01,8,4,1100
D,199168886,1022,2020,0,-1932,265,-9,0,51,0,0,01,8,4,1100
D,199169857,971,2020,0,-1932,243,-8,0,51,0,0,01,8,4,1100
D,199170872,1015,2020,0,-1932,259,-8,0,51,0,0,01,8,4,1100
D,199171910,1038,2020,0,-1932,302,-8,0,51,0,0,01,8,4,1100
D,199172850,940,2020,0,-1932,232,-7,0,51,0,0,01,8,4,1100
D,199173836,986,2020,0,-1932,227,-7,0,51,0,0,01,8,4,1100
D,199174854,1018,2020,0,-1932,235,-7,0,51,0,0,01,8,4,1100
D,199175836,982,2020,0,-1932,228,-7,0,51,0,0,01,8,4,1100
D,199176838,1002,2020,0,-1932,226,-6,0,51,0,0,01,8,4,1100
D,199177841,1003,2020,0,-1932,226,-6,0,51,0,0,01,8,4,1100
D,199178840,999,2020,0,-1932,232,-6,0,51,0,0,01,8,4,1100
D,199179845,1005,2020,0,-1932,226,-6,0,51,0,0,01,8,4,1100
D,199180923,1078,2020,0,-1932,311,-5,0,51,0,0,01,8,4,1100
D,199181997,1074,2020,0,-1932,388,-5,0,51,0,0,01,8,4,1100
D,199182875,878,2020,0,-1932,267,-5,0,51,0,0,01,8,4,1100
D,199183871,996,2020,0,-1932,254,-5,0,51,0,0,01,8,4,1100
D,199184856,985,2020,0,-1932,248,-5,0,51,0,0,01,8,4,1100
D,199185871,1015,2020,0,-1932,249,-4,0,51,0,0,01,8,4,1100
D,199186867,996,2020,0,-1932,259,-4,0,51,0,0,01,8,4,1100
D,199187864,997,2020,0,-1932,251,-4,0,51,0,0,01,8,4,1100
D,199188878,1014,2020,0,-1932,259,-4,0,51,0,0,01,8,4,1100
D,199189857,979,2020,0,-1932,251,-4,0,51,0,0,01,8,4,1100
D,199190881,1024,2020,0,-1932,261,-4,0,51,0,0,01,8,4,1100
D,199191920,1039,2020,0,-1932,298,-3,0,51,0,0,01,8,4,1100
D,199192847,927,2020,0,-1932,234,-3,0,51,0,0,01,8,4,1100
D,199193847,1000,2020,0,-1932,225,-3,0,51,0,0,01,8,4,1100
D,199194846,999,2020,0,-1932,235,-3,0,51,0,0,01,8,4,1100
D,199195844,998,2020,0,-1932,228,-3,0,51,0,0,01,8,4,1100
D,199196847,1003,2020,0,-1932,226,-3,0,51,0,0,01,8,4,1100
D,199197832,985,2020,0,-1932,226,-3,0,51,0,0,01,8,4,1100
D,199198843,1011,2020,0,-1932,232,-3,0,51,0,0,01,8,4,1100
D,199199847,1004,2020,0,-1932,226,-3,0,51,0,0,01,8,4,1100
D,199200932,1085,2020,0,-1932,317,-2,0,51,0,0,01,8,4,1100
D,199201977,1045,2020,0,-1932,368,-2,0,51,0,0,01,8,4,1100
D,199202899,922,2020,0,-1932,277,-2,0,51,0,0,01,8,4,1100
D,199203864,965,2020,0,-1932,249,-2,0,51,0,0,01,8,4,1100
D,199204854,990,2020,0,-1932,248,-2,0,51,0,0,01,8,4,1100
D,199205859,1005,2020,0,-1932,242,-2,0,51,0,0,01,8,4,1100
D,199206878,1019,2020,0,-1932,258,-2,0,51,0,0,01,8,4,1100
D,199207852,974,2020,0,-1932,242,-2,0,51,0,0,01,8,4,1100
D,199208869,1017,2020,0,-1932,262,-2,0,51,0,0,01,8,4,1100
D,199209851,982,2020,0,-1932,245,-2,0,51,0,0,01,8,4,1100
D,199210878,1027,2020,0,-1932,260,-2,0,51,0,0,01,8,4,1100
D,199211916,1038,2020,0,-1932,300,-2,0,51,0,0,01,8,4,1100
D,199212846,930,2020,0,-1932,234,-2,0,51,0,0,01,8,4,1100
D,199213847,1001,2020,0,-1932,226,-1,0,51,0,0,01,8,4,1100
D,199214842,995,2020,0,-1932,233,-1,0,51,0,0,01,8,4,1100
D,199215840,998,2020,0,-1932,228,-1,0,51,0,0,01,8,4,1100
D,199216845,1005,2020,0,-1932,226,-1,0,51,0,0,01,8,4,1100
D,199217847,1002,2020,0,-1932,225,-1,0,51,0,0,01,8,4,1100
D,199218843,996,2020,0,-1932,232,-1,0,51,0,0,01,8,4,1100
D,199219847,1004,2020,0,-1932,226,-1,0,51,0,0,01,8,4,1100
D,199220920,1073,2020,0,-1932,313,-1,0,51,0,0,01,8,4,1100
D,199222012,1092,2020,0,-1932,388,-1,0,51,0,0,01,8,4,1100
D,199222880,868,2020,0,-1932,265,-1,0,51,0,0,01,8,4,1100
D,199223860,980,2020,0,-1932,252,-1,0,51,0,0,01,8,4,1100
D,199224856,996,2020,0,-1932,247,-1,0,51,0,0,01,8,4,1100
D,199225865,1009,2020,0,-1932,245,-1,0,51,0,0,01,8,4,1100
D,199226870,1005,2020,0,-1932,257,-1,0,51,0,0,01,8,4,1100
D,199227863,993,2020,0,-1932,244,-1,0,51,0,0,01,8,4,1100
D,199228874,1011,2020,0,-1932,261,-1,0,51,0,0,01,8,4,1100
D,199229864,990,2020,0,-1932,246,-1,0,51,0,0,01,8,4,1100
D,199230872,1008,2020,0,-1932,256,-1,0,51,0,0,01,8,4,1100
D,199231910,1038,2020,0,-1932,303,-1,0,51,0,0,01,8,4,1100
D,199232844,934,2020,0,-1932,229,-1,0,51,0,0,01,8,4,1100
D,199233841,997,2020,0,-1932,225,-1,0,51,0,0,01,8,4,1100
D,199234846,1005,2020,0,-1932,235,-1,0,51,0,0,01,8,4,1100
D,199235845,999,2020,0,-1932,228,-1,0,51,0,0,01,8,4,1100
D,199236847,1002,2020,0,-1932,226,-1,0,51,0,0,01,8,4,1100
D,199237832,985,2020,0,-1932,226,-1,0,51,0,0,01,8,4,1100
D,199238843,1011,2020,0,-1932,232,-1,0,51,0,0,01,8,4,1100
D,199239847,1004,2020,0,-1932,226,-1,0,51,0,0,01,8,4,1100
D,199240941,1094,2020,0,-1932,319,0,0,51,0,0,01,8,4,1100
D,199241986,1045,2020,0,-1932,378,0,0,51,0,0,01,8,4,1100
D,199242893,907,2020,0,-1932,276,0,0,51,0,0,01,8,4,1100
D,199243858,965,2020,0,-1932,252,0,0,51,0,0,01,8,4,1100
D,199244867,1009,2020,0,-1932,249,0,0,51,0,0,01,8,4,1100
D,199245863,996,2020,0,-1932,245,0,0,51,0,0,01,8,4,1100
D,199246880,1017,2020,0,-1932,259,0,0,51,0,0,01,8,4,1100
D,199247862,982,2020,0,-1932,245,0,0,51,0,0,01,8,4,1100
D,199248879,1017,2020,0,-1932,263,0,0,51,0,0,01,8,4,1100
D,199249854,975,2020,0,-1932,248,0,0,51,0,0,01,8,4,1100
D,199250875,1021,2020,0,-1932,262,0,0,51,0,0,01,8,4,1100
D,199251917,1042,2020,0,-1932,302,0,0,51,0,0,01,8,4,1100
D,199252839,922,2020,0,-1932,232,0,0,51,0,0,01,8,4,1100
D,199253839,1000,2020,0,-1932,226,0,0,51,0,0,01,8,4,1100
D,199254852,1013,2020,0,-1932,233,0,0,51,0,0,01,8,4,1100
D,199255834,982,2020,0,-1932,228,0,0,51,0,0,01,8,4,1100
D,199256836,1002,2020,0,-1932,226,0,0,51,0,0,01,8,4,1100
D,199257838,1002,2020,0,-1932,226,0,0,51,0,0,01,8,4,1100
D,199258848,1010,2020,0,-1932,232,0,0,51,0,0,01,8,4,1100
D,199259837,989,2020,0,-1932,226,0,0,51,0,0,01,8,4,1100
D,199260930,1093,2020,0,-1932,309,0,0,51,0,0,01,8,4,1100
D,199262005,1075,2020,0,-1932,385,0,0,51,0,0,01,8,4,1100
D,199262886,881,2020,0,-1932,267,0,0,51,0,0,01,8,4,1100
D,199263862,976,2020,0,-1932,251,0,0,51,0,0,01,8,4,1100
D,199264866,1004,2020,0,-1932,247,0,0,51,0,0,01,8,4,1100
D,199265857,991,2020,0,-1932,247,0,0,51,0,0,01,8,4,1100
D,199266874,1017,2020,0,-1932,254,0,0,51,0,0,01,8,4,1100
D,199267855,981,2020,0,-1932,248,0,0,51,0,0,01,8,4,1100
D,199268870,1015,2020,0,-1932,263,0,0,51,0,0,01,8,4,1100
D,199269859,989,2020,0,-1932,251,0,0,51,0,0,01,8,4,1100
D,199270880,1021,2020,0,-1932,260,0,0,51,0,0,01,8,4,1100
D,199271914,1034,2020,0,-1932,304,0,0,51,0,0,01,8,4,1100
D,199272852,938,2020,0,-1932,230,0,0,51,0,0,01,8,4,1100
D,199273837,985,2020,0,-1932,226,0,0,51,0,0,01,8,4,1100
D,199274852,1015,2020,0,-1932,233,0,0,51,0,0,01,8,4,1100
D,199275834,982,2020,0,-1932,228,0,0,51,0,0,01,8,4,1100
D,199276836,1002,2020,0,-1932,226,0,0,51,0,0,01,8,4,1100
D,199277838,1002,2020,0,-1932,226,0,0,51,0,0,01,8,4,1100
D,199278848,1010,2020,0,-1932,232,0,0,51,0,0,01,8,4,1100
D,199279837,989,2020,0,-1932,226,0,0,51,0,0,01,8,4,1100
D,199280933,1096,2020,0,-1932,318,0,0,51,0,0,01,8,4,1100
D,199281982,1049,2020,0,-1932,373,0,0,51,0,0,01,8,4,1100
D,199282897,915,2020,0,-1932,275,0,0,51,0,0,01,8,4,1100
D,199283870,973,2020,0,-1932,250,0,0,51,0,0,01,8,4,1100
D,199284868,998,2020,0,-1932,249,0,0,51,0,0,01,8,4,1100
D,199285851,983,2020,0,-1932,243,0,0,51,0,0,01,8,4,1100
D,199286878,1027,2020,0,-1932,259,0,0,51,0,0,01,8,4,1100
D,199287866,988,2020,0,-1932,246,0,0,51,0,0,01,8,4,1100
D,199288876,1010,2020,0,-1932,267,0,0,51,0,0,01,8,4,1100
D,199289864,988,2020,0,-1932,246,0,0,51,0,0,01,8,4,1100
D,199290877,1013,2020,0,-1932,260,0,0,51,0,0,01,8,4,1100
D,199291917,1040,2020,0,-1932,300,0,0,51,0,0,01,8,4,1100
D,199292840,923,2020,0,-1932,233,0,0,51,0,0,01,8,4,1100
D,199293840,1000,2020,0,-1932,226,0,0,51,0,0,01,8,4,1100
D,199294855,1015,2020,0,-1932,235,0,0,51,0,0,01,8,4,1100
D,199295837,982,2020,0,-1932,228,0,0,51,0,0,01,8,4,1100
D,199296839,1002,2020,0,-1932,226,0,0,51,0,0,01,8,4,1100
D,199297841,1002,2020,0,-1932,226,0,0,51,0,0,01,8,4,1100
D,199298840,999,2020,0,-1932,232,0,0,51,0,0,01,8,4,1100
D,199299845,1005,2020,0,-1932,226,0,0,51,0,0,01,8,4,1100
D,199300921,1076,2020,0,-1932,311,0,0,51,0,0,01,8,4,1100
D,199301994,1073,2020,0,-1932,384,0,0,51,0,0,01,8,4,1100
D,199302881,887,2020,0,-1932,269,0,0,51,0,0,01,8,4,1100
D,199303869,988,2020,0,-1932,254,0,0,51,0,0,01,8,4,1100
D,199304858,989,2020,0,-1932,249,0,0,51,0,0,01,8,4,1100
D,199305868,1010,2020,0,-1932,249,0,0,51,0,0,01,8,4,1100
D,199306868,1000,2020,0,-1932,259,0,0,51,0,0,01,8,4,1100
D,199307861,993,2020,0,-1932,251,0,0,51,0,0,01,8,4,1100
D,199308869,1008,2020,0,-1932,262,0,0,51,0,0,01,8,4,1100
D,199309866,997,2020,0,-1932,251,0,0,51,0,0,01,8,4,1100
D,199310865,999,2020,0,-1932,259,0,0,51,0,0,01,8,4,1100
D,199311920,1055,2020,0,-1932,301,0,0,51,0,0,01,8,4,1100
D,199312847,927,2020,0,-1932,232,0,0,51,0,0,01,8,4,1100
D,199313847,1000,2020,0,-1932,226,0,0,51,0,0,01,8,4,1100
D,199314847,1000,2020,0,-1932,235,0,0,51,0,0,01,8,4,1100
D,199315847,1000,2020,0,-1932,228,0,0,51,0,0,01,8,4,1100
D,199316832,985,2020,0,-1932,225,0,0,51,0,0,01,8,4,1100
D,199317834,1002,2020,0,-1932,225,0,0,51,0,0,01,8,4,1100
D,199318843,1009,2020,0,-1932,232,0,0,51,0,0,01,8,4,1100
D,199319847,1004,2020,0,-1932,226,0,0,51,0,0,01,8,4,1100
D,199320927,1080,2020,0,-1932,318,0,0,51,0,0,01,8,4,1100
D,199321994,1067,2020,0,-1932,379,0,0,51,0,0,01,8,4,1100
D,199322883,889,2020,0,-1932,274,0,0,51,0,0,01,8,4,1100
D,199323861,978,2020,0,-1932,251,0,0,51,0,0,01,8,4,1100
D,199324865,1004,2020,0,-1932,248,0,0,51,0,0,01,8,4,1100
D,199325859,994,2020,0,-1932,243,0,0,51,0,0,01,8,4,1100
D,199326870,1011,2020,0,-1932,257,0,0,51,0,0,01,8,4,1100
D,199327866,996,2020,0,-1932,245,0,0,51,0,0,01,8,4,1100
D,199328878,1012,2020,0,-1932,258,0,0,51,0,0,01,8,4,1100
D,199329863,985,2020,0,-1932,247,0,0,51,0,0,01,8,4,1100
D,199330873,1010,2020,0,-1932,257,0,0,51,0,0,01,8,4,1100
D,199331916,1043,2020,0,-1932,303,0,0,51,0,0,01,8,4,1100
D,199332852,936,2020,0,-1932,232,0,0,51,0,0,01,8,4,1100
D,199333836,984,2020,0,-1932,225,0,0,51,0,0,01,8,4,1100
D,199334853,1017,2020,0,-1932,234,0,0,51,0,0,01,8,4,1100
D,199335835,982,2020,0,-1932,228,0,0,51,0,0,01,8,4,1100
D,199336837,1002,2020,0,-1932,226,0,0,51,0,0,01,8,4,1100
D,199337839,1002,2020,0,-1932,226,0,0,51,0,0,01,8,4,1100
D,199338849,1010,2020,0,-1932,232,0,0,51,0,0,01,8,4,1100
D,199339837,988,2020,0,-1932,226,0,0,51,0,0,01,8,4,1100
D,199340927,1090,2020,0,-1932,309,0,0,51,0,0,01,8,4,1100
D,199342002,1075,2020,0,-1932,387,0,0,51,0,0,01,8,4,1100
D,199342884,882,2020,0,-1932,266,0,0,51,0,0,01,8,4,1100
D,199343865,981,2020,0,-1932,254,0,0,51,0,0,01,8,4,1100
D,199344854,989,2020,0,-1932,247,0,0,51,0,0,01,8,4,1100
D,199345856,1002,2020,0,-1932,246,0,0,51,0,0,01,8,4,1100
D,199346879,1023,2020,0,-1932,258,0,0,51,0,0,01,8,4,1100
D,199347856,977,2020,0,-1932,248,0,0,51,0,0,01,8,4,1100
D,199348868,1012,2020,0,-1932,259,0,0,51,0,0,01,8,4,1100
D,199349872,1004,2020,0,-1932,254,0,0,51,0,0,01,8,4,1100
D,199350867,995,2020,0,-1932,255,0,0,51,0,0,01,8,4,1100
D,199351916,1049,2020,0,-1932,302,0,0,51,0,0,01,8,4,1100
D,199352840,924,2020,0,-1932,231,0,0,51,0,0,01,8,4,1100
D,199353840,1000,2020,0,-1932,226,0,0,51,0,0,01,8,4,1100
D,199354856,1016,2020,0,-1932,235,0,0,51,0,0,01,8,4,1100
D,199355839,983,2020,0,-1932,228,0,0,51,0,0,01,8,4,1100
D,199356841,1002,2020,0,-1932,226,0,0,51,0,0,01,8,4,1100
D,199357845,1004,2020,0,-1932,226,0,0,51,0,0,01,8,4,1100
D,199358843,998,2020,0,-1932,232,0,0,51,0,0,01,8,4,1100
D,199359847,1004,2020,0,-1932,226,0,0,51,0,0,01,8,4,1100
D,199360943,1096,2020,0,-1932,320,0,0,51,0,0,01,8,4,1100
D,199362006,1063,2020,0,-1932,382,0,0,51,0,0,01,8,4,1100
D,199362886,880,2020,0,-1932,272,0,0,51,0,0,01,8,4,1100
D,199363867,981,2020,0,-1932,255,0,0,51,0,0,01,8,4,1100
D,199364869,1002,2020,0,-1932,248,0,0,51,0,0,01,8,4,1100
D,199365866,997,2020,0,-1932,248,0,0,51,0,0,01,8,4,1100
D,199366878,1012,2020,0,-1932,259,0,0,51,0,0,01,8,4,1100
D,199367857,979,2020,0,-1932,245,0,0,51,0,0,01,8,4,1100
D,199368885,1028,2020,0,-1932,264,0,0,51,0,0,01,8,4,1100
D,199369868,983,2020,0,-1932,246,0,0,51,0,0,01,8,4,1100
D,199370870,1002,2020,0,-1932,261,0,0,51,0,0,01,8,4,1100
D,199371909,1039,2020,0,-1932,300,0,0,51,0,0,01,8,4,1100
D,199372847,938,2020,0,-1932,232,0,0,51,0,0,01,8,4,1100
D,199373833,986,2020,0,-1932,226,0,0,51,0,0,01,8,4,1100
D,199374849,1016,2020,0,-1932,233,0,0,51,0,0,01,8,4,1100
D,199375848,999,2020,0,-1932,228,0,0,51,0,0,01,8,4,1100
D,199376833,985,2020,0,-1932,226,0,0,51,0,0,01,8,4,1100
D,199377835,1002,2020,0,-1932,226,0,0,51,0,0,01,8,4,1100
D,199378844,1009,2020,0,-1932,232,0,0,51,0,0,01,8,4,1100
D,199379847,1003,2020,0,-1932,226,0,0,51,0,0,01,8,4,1100
D,199380927,1080,2020,0,-1932,312,0,0,51,0,0,01,8,4,1100
D,199382009,1082,2020,0,-1932,389,0,0,51,0,0,01,8,4,1100
D,199382874,865,2020,0,-1932,266,0,0,51,0,0,01,8,4,1100
D,199383860,986,2020,0,-1932,251,0,0,51,0,0,01,8,4,1100
D,199384867,1007,2020,0,-1932,247,0,0,51,0,0,01,8,4,1100
D,199385866,999,2020,0,-1932,246,0,0,51,0,0,01,8,4,1100
D,199386865,999,2020,0,-1932,257,0,0,51,0,0,01,8,4,1100
D,199387867,1002,2020,0,-1932,249,0,0,51,0,0,01,8,4,1100
D,199388868,1001,2020,0,-1932,261,0,0,51,0,0,01,8,4,1100
D,199389860,992,2020,0,-1932,248,0,0,51,0,0,01,8,4,1100
D,199390869,1009,2020,0,-1932,259,0,0,51,0,0,01,8,4,1100
D,199391923,1054,2020,0,-1932,301,0,0,51,0,0,01,8,4,1100
D,199392846,923,2020,0,-1932,232,0,0,51,0,0,01,8,4,1100
D,199393846,1000,2020,0,-1932,225,0,0,51,0,0,01,8,4,1100
D,199394843,997,2020,0,-1932,233,0,0,51,0,0,01,8,4,1100
D,199395843,1000,2020,0,-1932,228,0,0,51,0,0,01,8,4,1100
D,199396847,1004,2020,0,-1932,226,0,0,51,0,0,01,8,4,1100
D,199397832,985,2020,0,-1932,226,0,0,51,0,0,01,8,4,1100
D,199398843,1011,2020,0,-1932,232,0,0,51,0,0,01,8,4,1100
D,199399847,1004,2020,0,-1932,226,0,0,51,0,0,01,8,4,1100
D,199400926,1079,2020,0,-1932,317,0,0,51,0,0,01,8,4,1100
D,199401996,1070,2020,0,-1932,381,0,0,51,0,0,01,8,4,1100
D,199402883,887,2020,0,-1932,270,0,0,51,0,0,01,8,4,1100
D,199403862,979,2020,0,-1932,253,0,0,51,0,0,01,8,4,1100
D,199404866,1004,2020,0,-1932,247,0,0,51,0,0,01,8,4,1100
D,199405865,999,2020,0,-1932,246,0,0,51,0,0,01,8,4,1100
D,199406865,1000,2020,0,-1932,258,0,0,51,0,0,01,8,4,1100
D,199407866,1001,2020,0,-1932,248,0,0,51,0,0,01,8,4,1100
D,199408867,1001,2020,0,-1932,260,0,0,51,0,0,01,8,4,1100
D,199409859,992,2020,0,-1932,250,0,0,51,0,0,01,8,4,1100
D,199410881,1022,2020,0,-1932,259,0,0,51,0,0,01,8,4,1100
D,199411912,1031,2020,0,-1932,300,0,0,51,0,0,01,8,4,1100
D,199412851,939,2020,0,-1932,232,0,0,51,0,0,01,8,4,1100
D,199413837,986,2020,0,-1932,228,0,0,51,0,0,01,8,4,1100
D,199414852,1015,2020,0,-1932,233,0,0,51,0,0,01,8,4,1100
D,199415834,982,2020,0,-1932,228,0,0,51,0,0,01,8,4,1100
D,199416836,1002,2020,0,-1932,225,0,0,51,0,0,01,8,4,1100
D,199417838,1002,2020,0,-1932,225,0,0,51,0,0,01,8,4,1100
D,199418849,1011,2020,0,-1932,232,0,0,51,0,0,01,8,4,1100
D,199419837,988,2020,0,-1932,226,0,0,51,0,0,01,8,4,1100
D,199420929,1092,2020,0,-1932,312,0,0,51,0,0,01,8,4,1100
D,199421999,1070,2020,0,-1932,387,0,0,51,0,0,01,8,4,1100
D,199422875,876,2020,0,-1932,266,0,0,51,0,0,01,8,4,1100
D,199423865,990,2020,0,-1932,252,0,0,51,0,0,01,8,4,1100
D,199424865,1000,2020,0,-1932,247,0,0,51,0,0,01,8,4,1100
D,199425853,988,2020,0,-1932,246,0,0,51,0,0,01,8,4,1100
D,199426870,1017,2020,0,-1932,257,0,0,51,0,0,01,8,4,1100
D,199427862,992,2020,0,-1932,248,0,0,51,0,0,01,8,4,1100
D,199428877,1015,2020,0,-1932,260,0,0,51,0,0,01,8,4,1100
D,199429864,987,2020,0,-1932,250,0,0,51,0,0,01,8,4,1100
D,199430868,1004,2020,0,-1932,257,0,0,51,0,0,01,8,4,1100
D,199431914,1046,2020,0,-1932,302,0,0,51,0,0,01,8,4,1100
D,199432854,940,2020,0,-1932,232,0,0,51,0,0,01,8,4,1100
D,199433840,986,2020,0,-1932,226,0,0,51,0,0,01,8,4,1100
D,199434856,1016,2020,0,-1932,236,0,0,51,0,0,01,8,4,1100
D,199435839,983,2020,0,-1932,228,0,0,51,0,0,01,8,4,1100
D,199436841,1002,2020,0,-1932,226,0,0,51,0,0,01,8,4,1100
D,199437845,1004,2020,0,-1932,226,0,0,51,0,0,01,8,4,1100
D,199438843,998,2020,0,-1932,232,0,0,51,0,0,01,8,4,1100
D,199439847,1004,2020,0,-1932,226,0,0,51,0,0,01,8,4,1100
D,199440921,1074,2020,0,-1932,314,0,0,51,0,0,01,8,4,1100
D,199441990,1069,2020,0,-1932,377,0,0,51,0,0,01,8,4,1100
D,199442888,898,2020,0,-1932,274,0,0,51,0,0,01,8,4,1100
D,199443862,974,2020,0,-1932,251,0,0,51,0,0,01,8,4,1100
D,199444863,1001,2020,0,-1932,247,0,0,51,0,0,01,8,4,1100
D,199445865,1002,2020,0,-1932,244,0,0,51,0,0,01,8,4,1100
D,199446863,998,2020,0,-1932,257,0,0,51,0,0,01,8,4,1100
D,199447859,996,2020,0,-1932,248,0,0,51,0,0,01,8,4,1100
D,199448873,1014,2020,0,-1932,258,0,0,51,0,0,01,8,4,1100
D,199449867,994,2020,0,-1932,246,0,0,51,0,0,01,8,4,1100
D,199450865,998,2020,0,-1932,256,0,0,51,0,0,01,8,4,1100
D,199451917,1052,2020,0,-1932,304,0,0,51,0,0,01,8,4,1100
D,199452853,936,2020,0,-1932,233,0,0,51,0,0,01,8,4,1100
D,199453838,985,2020,0,-1932,225,0,0,51,0,0,01,8,4,1100
D,199454853,1015,2020,0,-1932,233,0,0,51,0,0,01,8,4,1100
D,199455835,982,2020,0,-1932,228,0,0,51,0,0,01,8,4,1100
D,199456837,1002,2020,0,-1932,226,0,0,51,0,0,01,8,4,1100
D,199457838,1001,2020,0,-1932,225,0,0,51,0,0,01,8,4,1100
D,199458849,1011,2020,0,-1932,232,0,0,51,0,0,01,8,4,1100
D,199459837,988,2020,0,-1932,226,0,0,51,0,0,01,8,4,1100
D,199460935,1098,2020,0,-1932,312,0,0,51,0,0,01,8,4,1100
D,199461991,1056,2020,0,-1932,382,0,0,51,0,0,01,8,4,1100
D,199462876,885,2020,0,-1932,269,0,0,51,0,0,01,8,4,1100
D,199463860,984,2020,0,-1932,250,0,0,51,0,0,01,8,4,1100
D,199464864,1004,2020,0,-1932,248,0,0,51,0,0,01,8,4,1100
D,199465860,996,2020,0,-1932,244,0,0,51,0,0,01,8,4,1100
D,199466871,1011,2020,0,-1932,257,0,0,51,0,0,01,8,4,1100
D,199467852,981,2020,0,-1932,246,0,0,51,0,0,01,8,4,1100
D,199468870,1018,2020,0,-1932,261,0,0,51,0,0,01,8,4,1100
D,199469853,983,2020,0,-1932,246,0,0,51,0,0,01,8,4,1100
D,199470876,1023,2020,0,-1932,259,0,0,51,0,0,01,8,4,1100
D,199471913,1037,2020,0,-1932,303,0,0,51,0,0,01,8,4,1100
D,199472838,925,2020,0,-1932,231,0,0,51,0,0,01,8,4,1100
D,199473836,998,2020,0,-1932,226,0,0,51,0,0,01,8,4,1100
D,199474852,1016,2020,0,-1932,233,0,0,51,0,0,01,8,4,1100
D,199475850,998,2020,0,-1932,228,0,0,51,0,0,01,8,4,1100
D,199476835,985,2020,0,-1932,226,0,0,51,0,0,01,8,4,1100
D,199477836,1001,2020,0,-1932,225,0,0,51,0,0,01,8,4,1100
D,199478845,1009,2020,0,-1932,232,0,0,51,0,0,01,8,4,1100
D,199479832,987,2020,0,-1932,226,0,0,51,0,0,01,8,4,1100
D,199480927,1095,2020,0,-1932,317,0,0,51,0,0,01,8,4,1100
D,199482001,1074,2020,0,-1932,382,0,0,51,0,0,01,8,4,1100
D,199482885,884,2020,0,-1932,272,0,0,51,0,0,01,8,4,1100
D,199483860,975,2020,0,-1932,254,0,0,51,0,0,01,8,4,1100
D,199484862,1002,2020,0,-1932,249,0,0,51,0,0,01,8,4,1100
D,199485871,1009,2020,0,-1932,250,0,0,51,0,0,01,8,4,1100
D,199486868,997,2020,0,-1932,256,0,0,51,0,0,01,8,4,1100
D,199487864,996,2020,0,-1932,251,0,0,51,0,0,01,8,4,1100
D,199488880,1016,2020,0,-1932,259,0,0,51,0,0,01,8,4,1100
D,199489863,983,2020,0,-1932,253,0,0,51,0,0,01,8,4,1100
D,199490876,1013,2020,0,-1932,261,0,0,51,0,0,01,8,4,1100
D,199491920,1044,2020,0,-1932,303,0,0,51,0,0,01,8,4,1100
D,199492839,919,2020,0,-1932,232,0,0,51,0,0,01,8,4,1100
D,199493842,1003,2020,0,-1932,226,0,0,51,0,0,01,8,4,1100
D,199494855,1013,2020,0,-1932,233,0,0,51,0,0,01,8,4,1100
D,199495837,982,2020,0,-1932,228,0,0,51,0,0,01,8,4,1100
D,199496839,1002,2020,0,-1932,226,0,0,51,0,0,01,8,4,1100
D,199497841,1002,2020,0,-1932,226,0,0,51,0,0,01,8,4,1100
D,199498840,999,2020,0,-1932,232,0,0,51,0,0,01,8,4,1100
D,199499845,1005,2020,0,-1932,226,0,0,51,0,0,01,8,4,1100
D,199500934,1089,2020,0,-1932,312,0,0,51,0,0,01,8,4,1100
D,199502003,1069,2020,0,-1932,390,0,0,51,0,0,01,8,4,1100
D,199502882,879,2020,0,-1932,266,0,0,51,0,0,01,8,4,1100
D,199503871,989,2020,0,-1932,253,0,0,51,0,0,01,8,4,1100
D,199504852,981,2020,0,-1932,244,0,0,51,0,0,01,8,4,1100
D,199505852,1000,2020,0,-1932,246,0,0,51,0,0,01,8,4,1100
D,199506869,1017,2020,0,-1932,258,0,0,51,0,0,01,8,4,1100
D,199507865,996,2020,0,-1932,248,0,0,51,0,0,01,8,4,1100
D,199508880,1015,2020,0,-1932,260,0,0,51,0,0,01,8,4,1100
D,199509862,982,2020,0,-1932,253,0,0,51,0,0,01,8,4,1100
D,199510875,1013,2020,0,-1932,259,0,0,51,0,0,01,8,4,1100
D,199511922,1047,2020,0,-1932,300,0,0,51,0,0,01,8,4,1100
D,199512845,923,2020,0,-1932,232,0,0,51,0,0,01,8,4,1100
D,199513845,1000,2020,0,-1932,226,0,0,51,0,0,01,8,4,1100
D,199514845,1000,2020,0,-1932,235,0,0,51,0,0,01,8,4,1100
D,199515844,999,2020,0,-1932,228,0,0,51,0,0,01,8,4,1100
D,199516847,1003,2020,0,-1932,226,0,0,51,0,0,01,8,4,1100
D,199517832,985,2020,0,-1932,226,0,0,51,0,0,01,8,4,1100
D,199518843,1011,2020,0,-1932,232,0,0,51,0,0,01,8,4,1100
D,199519847,1004,2020,0,-1932,226,0,0,51,0,0,01,8,4,1100
D,199520924,1077,2020,0,-1932,317,0,0,51,0,0,01,8,4,1100
D,199521991,1067,2020,0,-1932,375,0,0,51,0,0,01,8,4,1100
D,199522881,890,2020,0,-1932,273,0,0,51,0,0,01,8,4,1100
D,199523864,983,2020,0,-1932,250,0,0,51,0,0,01,8,4,1100
D,199524867,1003,2020,0,-1932,247,0,0,51,0,0,01,8,4,1100
D,199525861,994,2020,0,-1932,244,0,0,51,0,0,01,8,4,1100
D,199526877,1016,2020,0,-1932,257,0,0,51,0,0,01,8,4,1100
D,199527849,972,2020,0,-1932,243,0,0,51,0,0,01,8,4,1100
D,199528867,1018,2020,0,-1932,260,0,0,51,0,0,01,8,4,1100
D,199529866,999,2020,0,-1932,247,0,0,51,0,0,01,8,4,1100
D,199530860,994,2020,0,-1932,254,0,0,51,0,0,01,8,4,1100
D,199531921,1061,2020,0,-1932,303,0,0,51,0,0,01,8,4,1100
D,199532851,930,2020,0,-1932,233,0,0,51,0,0,01,8,4,1100
D,199533835,984,2020,0,-1932,226,0,0,51,0,0,01,8,4,1100
D,199534854,1019,2020,0,-1932,236,0,0,51,0,0,01,8,4,1100
D,199535847,993,2020,0,-1932,228,0,0,51,0,0,01,8,4,1100
D,199536833,986,2020,0,-1932,226,0,0,51,0,0,01,8,4,1100
D,199537834,1001,2020,0,-1932,225,0,0,51,0,0,01,8,4,1100
D,199538843,1009,2020,0,-1932,232,0,0,51,0,0,01,8,4,1100
D,199539847,1004,2020,0,-1932,226,0,0,51,0,0,01,8,4,1100
D,199540931,1084,2020,0,-1932,311,0,0,51,0,0,01,8,4,1100
D,199541986,1055,2020,0,-1932,377,0,0,51,0,0,01,8,4,1100
D,199542890,904,2020,0,-1932,271,0,0,51,0,0,01,8,4,1100
D,199543863,973,2020,0,-1932,250,0,0,51,0,0,01,8,4,1100
D,199544864,1001,2020,0,-1932,248,0,0,51,0,0,01,8,4,1100
D,199545863,999,2020,0,-1932,243,0,0,51,0,0,01,8,4,1100
D,199546876,1013,2020,0,-1932,258,0,0,51,0,0,01,8,4,1100
D,199547854,978,2020,0,-1932,243,0,0,51,0,0,01,8,4,1100
D,199548867,1013,2020,0,-1932,258,0,0,51,0,0,01,8,4,1100
D,199549860,993,2020,0,-1932,248,0,0,51,0,0,01,8,4,1100
D,199550876,1016,2020,0,-1932,260,0,0,51,0,0,01,8,4,1100
D,199551910,1034,2020,0,-1932,300,0,0,51,0,0,01,8,4,1100
D,199552851,941,2020,0,-1932,232,0,0,51,0,0,01,8,4,1100
D,199553836,985,2020,0,-1932,227,0,0,51,0,0,01,8,4,1100
D,199554852,1016,2020,0,-1932,233,0,0,51,0,0,01,8,4,1100
D,199555834,982,2020,0,-1932,228,0,0,51,0,0,01,8,4,1100
D,199556836,1002,2020,0,-1932,226,0,0,51,0,0,01,8,4,1100
D,199557838,1002,2020,0,-1932,226,0,0,51,0,0,01,8,4,1100
D,199558848,1010,2020,0,-1932,232,0,0,51,0,0,01,8,4,1100
D,199559835,987,2020,0,-1932,226,0,0,51,0,0,01,8,4,1100
D,199560931,1096,2020,0,-1932,316,0,0,51,0,0,01,8,4,1100
D,199562002,1071,2020,0,-1932,381,0,0,51,0,0,01,8,4,1100
D,199562886,884,2020,0,-1932,271,0,0,51,0,0,01,8,4,1100
D,199563863,977,2020,0,-1932,252,0,0,51,0,0,01,8,4,1100
D,199564861,998,2020,0,-1932,247,0,0,51,0,0,01,8,4,1100
D,199565867,1006,2020,0,-1932,247,0,0,51,0,0,01,8,4,1100
D,199566875,1008,2020,0,-1932,257,0,0,51,0,0,01,8,4,1100
D,199567850,975,2020,0,-1932,244,0,0,51,0,0,01,8,4,1100
D,199568871,1021,2020,0,-1932,264,0,0,51,0,0,01,8,4,1100
D,199569865,994,2020,0,-1932,246,0,0,51,0,0,01,8,4,1100
D,199570883,1018,2020,0,-1932,262,0,0,51,0,0,01,8,4,1100
D,199571916,1033,2020,0,-1932,303,0,0,51,0,0,01,8,4,1100
D,199572854,938,2020,0,-1932,232,0,0,51,0,0,01,8,4,1100
D,199573839,985,2020,0,-1932,226,0,0,51,0,0,01,8,4,1100
D,199574852,1013,2020,0,-1932,233,0,0,51,0,0,01,8,4,1100
D,199575834,982,2020,0,-1932,228,0,0,51,0,0,01,8,4,1100
D,199576836,1002,2020,0,-1932,226,0,0,51,0,0,01,8,4,1100
D,199577838,1002,2020,0,-1932,226,0,0,51,0,0,01,8,4,1100
D,199578848,1010,2020,0,-1932,232,0,0,51,0,0,01,8,4,1100
D,199579835,987,2020,0,-1932,226,0,0,51,0,0,01,8,4,1100
D,199580932,1097,2020,0,-1932,312,0,0,51,0,0,01,8,4,1100
D,199582011,1079,2020,0,-1932,391,0,0,51,0,0,01,8,4,1100
D,199582888,877,2020,0,-1932,266,0,0,51,0,0,01,8,4,1100
D,199583859,971,2020,0,-1932,253,0,0,51,0,0,01,8,4,1100
D,199584860,1001,2020,0,-1932,247,0,0,51,0,0,01,8,4,1100
D,199585862,1002,2020,0,-1932,243,0,0,51,0,0,01,8,4,1100
D,199586873,1011,2020,0,-1932,260,0,0,51,0,0,01,8,4,1100
D,199587852,979,2020,0,-1932,246,0,0,51,0,0,01,8,4,1100
D,199588882,1030,2020,0,-1932,262,0,0,51,0,0,01,8,4,1100
D,199589865,983,2020,0,-1932,249,0,0,51,0,0,01,8,4,1100
D,199590878,1013,2020,0,-1932,259,0,0,51,0,0,01,8,4,1100
D,199591916,1038,2020,0,-1932,304,0,0,51,0,0,01,8,4,1100
D,199592852,936,2020,0,-1932,230,0,0,51,0,0,01,8,4,1100
D,199593833,981,2020,0,-1932,226,0,0,51,0,0,01,8,4,1100
D,199594854,1021,2020,0,-1932,235,0,0,51,0,0,01,8,4,1100
D,199595838,984,2020,0,-1932,228,0,0,51,0,0,01,8,4,1100
D,199596839,1001,2020,0,-1932,226,0,0,51,0,0,01,8,4,1100
D,199597841,1002,2020,0,-1932,226,0,0,51,0,0,01,8,4,1100
D,199598840,999,2020,0,-1932,232,0,0,51,0,0,01,8,4,1100
D,199599845,1005,2020,0,-1932,226,0,0,51,0,0,01,8,4,1100
D,199600929,1084,2020,0,-1932,318,0,0,51,0,0,01,8,4,1100
D,199601992,1063,2020,0,-1932,375,0,0,51,0,0,01,8,4,1100
D,199602882,890,2020,0,-1932,274,0,0,51,0,0,01,8,4,1100
D,199603869,987,2020,0,-1932,253,0,0,51,0,0,01,8,4,1100
D,199604858,989,2020,0,-1932,249,0,0,51,0,0,01,8,4,1100
D,199605856,998,2020,0,-1932,246,0,0,51,0,0,01,8,4,1100
D,199606872,1016,2020,0,-1932,258,0,0,51,0,0,01,8,4,1100
D,199607856,984,2020,0,-1932,249,0,0,51,0,0,01,8,4,1100
D,199608880,1024,2020,0,-1932,262,0,0,51,0,0,01,8,4,1100
D,199609858,978,2020,0,-1932,249,0,0,51,0,0,01,8,4,1100
D,199610865,1007,2020,0,-1932,259,0,0,51,0,0,01,8,4,1100
D,199611920,1055,2020,0,-1932,301,0,0,51,0,0,01,8,4,1100
D,199612841,921,2020,0,-1932,232,0,0,51,0,0,01,8,4,1100
D,199613842,1001,2020,0,-1932,228,0,0,51,0,0,01,8,4,1100
D,199614842,1000,2020,0,-1932,235,0,0,51,0,0,01,8,4,1100
D,199615842,1000,2020,0,-1932,228,0,0,51,0,0,01,8,4,1100
D,199616845,1003,2020,0,-1932,226,0,0,51,0,0,01,8,4,1100
D,199617847,1002,2020,0,-1932,226,0,0,51,0,0,01,8,4,1100
D,199618843,996,2020,0,-1932,232,0,0,51,0,0,01,8,4,1100
D,199619847,1004,2020,0,-1932,226,0,0,51,0,0,01,8,4,1100
D,199620922,1075,2020,0,-1932,309,0,0,51,0,0,01,8,4,1100
D,199621992,1070,2020,0,-1932,384,0,0,51,0,0,01,8,4,1100
D,199622890,898,2020,0,-1932,270,0,0,51,0,0,01,8,4,1100
D,199623871,981,2020,0,-1932,250,0,0,51,0,0,01,8,4,1100
D,199624862,991,2020,0,-1932,248,0,0,51,0,0,01,8,4,1100
D,199625860,998,2020,0,-1932,243,0,0,51,0,0,01,8,4,1100
D,199626878,1018,2020,0,-1932,258,0,0,51,0,0,01,8,4,1100
D,199627859,981,2020,0,-1932,242,0,0,51,0,0,01,8,4,1100
D,199628879,1020,2020,0,-1932,261,0,0,51,0,0,01,8,4,1100
D,199629864,985,2020,0,-1932,245,0,0,51,0,0,01,8,4,1100
D,199630879,1015,2020,0,-1932,260,0,0,51,0,0,01,8,4,1100
D,199631910,1031,2020,0,-1932,301,0,0,51,0,0,01,8,4,1100
D,199632853,943,2020,0,-1932,232,0,0,51,0,0,01,8,4,1100
D,199633833,980,2020,0,-1932,226,0,0,51,0,0,01,8,4,1100
D,199634849,1016,2020,0,-1932,233,0,0,51,0,0,01,8,4,1100
D,199635847,998,2020,0,-1932,228,0,0,51,0,0,01,8,4,1100
D,199636833,986,2020,0,-1932,226,0,0,51,0,0,01,8,4,1100
D,199637835,1002,2020,0,-1932,226,0,0,51,0,0,01,8,4,1100
D,199638844,1009,2020,0,-1932,232,0,0,51,0,0,01,8,4,1100
D,199639847,1003,2020,0,-1932,226,0,0,51,0,0,01,8,4,1100
D,199640920,1073,2020,0,-1932,314,0,0,51,0,0,01,8,4,1100
D,199641982,1062,2020,0,-1932,371,0,0,51,0,0,01,8,4,1100
D,199642890,908,2020,0,-1932,274,0,0,51,0,0,01,8,4,1100
D,199643861,971,2020,0,-1932,249,0,0,51,0,0,01,8,4,1100
D,199644864,1003,2020,0,-1932,249,0,0,51,0,0,01,8,4,1100
D,199645863,999,2020,0,-1932,243,0,0,51,0,0,01,8,4,1100
D,199646873,1010,2020,0,-1932,258,0,0,51,0,0,01,8,4,1100
D,199647856,983,2020,0,-1932,246,0,0,51,0,0,01,8,4,1100
D,199671945,24089,2020,0,-1932,350,0,0,51,0,0,48,9,5,550
D,199672809,864,2020,0,-1932,213,0,0,51,0,0,01,9,5,550
D,199673811,1002,2020,0,-1932,213,0,0,51,0,0,01,9,5,550
D,199674816,1005,2020,0,-1932,223,0,0,51,0,0,01,9,5,550
D,199675816,1000,2020,0,-1932,213,0,0,51,0,0,01,9,5,550
D,199676815,999,2020,0,-1932,213,0,0,51,0,0,01,9,5,550
D,199677812,997,2020,0,-1932,213,0,0,51,0,0,01,9,5,550
D,199678826,1014,2020,0,-1932,223,0,0,51,0,0,01,9,5,550
D,199679810,984,2020,0,-1932,213,0,0,51,0,0,01,9,5,550
D,199680909,1099,2020,0,-1932,306,0,0,51,0,0,01,9,5,550
D,199681997,1088,2020,0,-1932,383,0,0,51,0,0,01,9,5,550
D,199682861,864,2020,0,-1932,270,0,0,51,0,0,01,9,5,550
D,199683842,981,2020,0,-1932,241,0,0,51,0,0,01,9,5,550
D,199684840,998,2020,0,-1932,248,0,0,51,0,0,01,9,5,550
D,199685826,986,2020,0,-1932,232,0,0,51,0,0,01,9,5,550
D,199686845,1019,2020,0,-1932,251,0,0,51,0,0,01,9,5,550
D,199687846,1001,2020,0,-1932,246,0,0,51,0,0,01,9,5,550
D,199688841,995,2020,0,-1932,241,0,0,51,0,0,01,9,5,550
D,199689833,992,2020,0,-1932,241,0,0,51,0,0,01,9,5,550
D,199690846,1013,2020,0,-1932,245,0,0,51,0,0,01,9,5,550
D,199691904,1058,2020,0,-1932,301,0,0,51,0,0,01,9,5,550
D,199692817,913,2020,0,-1932,224,0,0,51,0,0,01,9,5,550
D,199693816,999,2020,0,-1932,217,0,0,51,0,0,01,9,5,550
D,199694836,1020,2020,0,-1932,239,0,0,51,0,0,01,9,5,550
D,199695817,981,2020,0,-1932,216,0,0,51,0,0,01,9,5,550
D,199696827,1010,2020,0,-1932,226,0,0,51,0,0,01,9,5,550
D,199697815,988,2020,0,-1932,217,0,0,51,0,0,01,9,5,550
D,199698838,1023,2020,0,-1932,233,0,0,51,0,0,01,9,5,550
D,199699816,978,2020,0,-1932,217,0,0,51,0,0,01,9,5,550
D,199700907,1091,2020,0,-1932,313,0,0,51,0,0,01,9,5,550
D,199701992,1085,2020,0,-1932,378,0,0,51,0,0,01,9,5,550
D,199702879,887,2020,0,-1932,273,0,0,51,0,0,01,9,5,550
D,199703863,984,2020,0,-1932,260,0,0,51,0,0,01,9,5,550
D,199704844,981,2020,0,-1932,248,0,0,51,0,0,01,9,5,550
D,199705846,1002,2020,0,-1932,255,0,0,51,0,0,01,9,5,550
D,199706846,1000,2020,0,-1932,250,0,0,51,0,0,01,9,5,550
D,199707856,1010,2020,0,-1932,262,0,0,51,0,0,01,9,5,550
D,199708842,986,2020,0,-1932,246,0,0,51,0,0,01,9,5,550
D,199709856,1014,2020,0,-1932,257,0,0,51,0,0,01,9,5,550
D,199710843,987,2020,0,-1932,252,0,0,51,0,0,01,9,5,550
D,199711903,1060,2020,0,-1932,305,0,0,51,0,0,01,9,5,550
D,199712824,921,2020,0,-1932,232,0,0,51,0,0,01,9,5,550
D,199713818,994,2020,0,-1932,226,0,0,51,0,0,01,9,5,550
D,199714834,1016,2020,0,-1932,236,0,0,51,0,0,01,9,5,550
D,199715831,997,2020,0,-1932,226,0,0,51,0,0,01,9,5,550
D,199716815,984,2020,0,-1932,226,0,0,51,0,0,01,9,5,550
D,199717816,1001,2020,0,-1932,226,0,0,51,0,0,01,9,5,550
D,199718826,1010,2020,0,-1932,233,0,0,51,0,0,01,9,5,550
D,199719817,991,2020,0,-1932,225,0,0,51,0,0,01,9,5,550
D,199720908,1091,2020,0,-1932,313,0,0,51,0,0,01,9,5,550
D,199721981,1073,2020,0,-1932,369,0,0,51,0,0,01,9,5,550
D,199722882,901,2020,0,-1932,278,0,0,51,0,0,01,9,5,550
D,199723857,975,2020,0,-1932,256,0,0,51,0,0,01,9,5,550
D,199724853,996,2020,0,-1932,248,0,0,51,0,0,01,9,5,550
D,199725845,992,2020,0,-1932,253,0,0,51,0,0,01,9,5,550
D,199726858,1013,2020,0,-1932,254,0,0,51,0,0,01,9,5,550
D,199727859,1001,2020,0,-1932,264,0,0,51,0,0,01,9,5,550
D,199728830,971,2020,0,-1932,239,0,0,51,0,0,01,9,5,550
D,199729859,1029,2020,0,-1932,260,0,0,51,0,0,01,9,5,550
D,199730853,994,2020,0,-1932,249,0,0,51,0,0,01,9,5,550
D,199731907,1054,2020,0,-1932,305,0,0,51,0,0,01,9,5,550
D,199732830,923,2020,0,-1932,230,0,0,51,0,0,01,9,5,550
D,199733824,994,2020,0,-1932,226,0,0,51,0,0,01,9,5,550
D,199734830,1006,2020,0,-1932,235,0,0,51,0,0,01,9,5,550
D,199735825,995,2020,0,-1932,227,0,0,51,0,0,01,9,5,550
D,199736826,1001,2020,0,-1932,226,0,0,51,0,0,01,9,5,550
D,199737827,1001,2020,0,-1932,226,0,0,51,0,0,01,9,5,550
D,199738838,1011,2020,0,-1932,233,0,0,51,0,0,01,9,5,550
D,199739830,992,2020,0,-1932,226,0,0,51,0,0,01,9,5,550
D,199740922,1092,2020,0,-1932,317,0,0,51,0,0,01,9,5,550
D,199741966,1044,2020,0,-1932,362,0,0,51,0,0,01,9,5,550
D,199742871,905,2020,0,-1932,276,0,0,51,0,0,01,9,5,550
D,199743858,987,2020,0,-1932,265,0,0,51,0,0,01,9,5,550
D,199744844,986,2020,0,-1932,241,0,0,51,0,0,01,9,5,550
D,199745853,1009,2020,0,-1932,257,0,0,51,0,0,01,9,5,550
D,199746836,983,2020,0,-1932,245,0,0,51,0,0,01,9,5,550
D,199747867,1031,2020,0,-1932,265,0,0,51,0,0,01,9,5,550
D,199748839,972,2020,0,-1932,235,0,0,51,0,0,01,9,5,550
D,199749855,1016,2020,0,-1932,259,0,0,51,0,0,01,9,5,550
D,199750846,991,2020,0,-1932,247,0,0,51,0,0,01,9,5,550
D,199751902,1056,2020,0,-1932,308,0,0,51,0,0,01,9,5,550
D,199752826,924,2020,0,-1932,228,0,0,51,0,0,01,9,5,550
D,199753819,993,2020,0,-1932,226,0,0,51,0,0,01,9,5,550
D,199754830,1011,2020,0,-1932,235,0,0,51,0,0,01,9,5,550
D,199755828,998,2020,0,-1932,228,0,0,51,0,0,01,9,5,550
D,199756829,1001,2020,0,-1932,226,0,0,51,0,0,01,9,5,550
D,199757829,1000,2020,0,-1932,225,0,0,51,0,0,01,9,5,550
D,199758838,1009,2020,0,-1932,233,0,0,51,0,0,01,9,5,550
D,199759830,992,2020,0,-1932,226,0,0,51,0,0,01,9,5,550
D,199760916,1086,2020,0,-1932,312,0,0,51,0,0,01,9,5,550
D,199761978,1062,2020,0,-1932,367,0,0,51,0,0,01,9,5,550
D,199762879,901,2020,0,-1932,275,0,0,51,0,0,01,9,5,550
D,199763854,975,2020,0,-1932,256,0,0,51,0,0,01,9,5,550
D,199764852,998,2020,0,-1932,247,0,0,51,0,0,01,9,5,550
D,199765863,1011,2020,0,-1932,257,0,0,51,0,0,01,9,5,550
D,199766847,984,2020,0,-1932,252,0,0,51,0,0,01,9,5,550
D,199767857,1010,2020,0,-1932,266,0,0,51,0,0,01,9,5,550
D,199768850,993,2020,0,-1932,248,0,0,51,0,0,01,9,5,550
D,199769854,1004,2020,0,-1932,258,0,0,51,0,0,01,9,5,550
D,199770851,997,2020,0,-1932,256,0,0,51,0,0,01,9,5,550
D,199771902,1051,2020,0,-1932,311,0,0,51,0,0,01,9,5,550
D,199772821,919,2020,0,-1932,227,0,0,51,0,0,01,9,5,550
D,199773829,1008,2020,0,-1932,226,0,0,51,0,0,01,9,5,550
D,199774830,1001,2020,0,-1932,234,0,0,51,0,0,01,9,5,550
D,199775828,998,2020,0,-1932,228,0,0,51,0,0,01,9,5,550
D,199776828,1000,2020,0,-1932,225,0,0,51,0,0,01,9,5,550
D,199777829,1001,2020,0,-1932,226,0,0,51,0,0,01,9,5,550
D,199778838,1009,2020,0,-1932,233,0,0,51,0,0,01,9,5,550
D,199779830,992,2020,0,-1932,226,0,0,51,0,0,01,9,5,550
D,199780917,1087,2020,0,-1932,317,0,0,51,0,0,01,9,5,550
D,199781963,1046,2020,0,-1932,364,0,0,51,0,0,01,9,5,550
D,199782883,920,2020,0,-1932,277,0,0,51,0,0,01,9,5,550
D,199783865,982,2020,0,-1932,263,0,0,51,0,0,01,9,5,550
D,199784829,964,2020,0,-1932,239,0,0,51,0,0,01,9,5,550
D,199785860,1031,2020,0,-1932,256,0,0,51,0,0,01,9,5,550
D,199786848,988,2020,0,-1932,246,0,0,51,0,0,01,9,5,550
D,199787858,1010,2020,0,-1932,264,0,0,51,0,0,01,9,5,550
D,199788839,981,2020,0,-1932,237,0,0,51,0,0,01,9,5,550
D,199789858,1019,2020,0,-1932,257,0,0,51,0,0,01,9,5,550
D,199790842,984,2020,0,-1932,249,0,0,51,0,0,01,9,5,550
D,199791908,1066,2020,0,-1932,309,0,0,51,0,0,01,9,5,550
D,199792833,925,2020,0,-1932,229,0,0,51,0,0,01,9,5,550
D,199793831,998,2020,0,-1932,226,0,0,51,0,0,01,9,5,550
D,199794829,998,2020,0,-1932,234,0,0,51,0,0,01,9,5,550
D,199795827,998,2020,0,-1932,228,0,0,51,0,0,01,9,5,550
D,199796827,1000,2020,0,-1932,226,0,0,51,0,0,01,9,5,550
D,199797828,1001,2020,0,-1932,226,0,0,51,0,0,01,9,5,550
D,199798838,1010,2020,0,-1932,233,0,0,51,0,0,01,9,5,550
D,199799830,992,2020,0,-1932,226,0,0,51,0,0,01,9,5,550
D,199800917,1087,2020,0,-1932,310,0,0,51,0,0,01,9,5,550
D,199801974,1057,2020,0,-1932,364,0,0,51,0,0,01,9,5,550
D,199802879,905,2020,0,-1932,276,0,0,51,0,0,01,9,5,550
D,199803854,975,2020,0,-1932,257,0,0,51,0,0,01,9,5,550
D,199804853,999,2020,0,-1932,248,0,0,51,0,0,01,9,5,550
D,199805858,1005,2020,0,-1932,254,0,0,51,0,0,01,9,5,550
D,199806852,994,2020,0,-1932,253,0,0,51,0,0,01,9,5,550
D,199807857,1005,2020,0,-1932,262,0,0,51,0,0,01,9,5,550
D,199808841,984,2020,0,-1932,250,0,0,51,0,0,01,9,5,550
D,199809853,1012,2020,0,-1932,257,0,0,51,0,0,01,9,5,550
D,199810846,993,2020,0,-1932,253,0,0,51,0,0,01,9,5,550
D,199811910,1064,2020,0,-1932,305,0,0,51,0,0,01,9,5,550
D,199812831,921,2020,0,-1932,229,0,0,51,0,0,01,9,5,550
D,199813826,995,2020,0,-1932,226,0,0,51,0,0,01,9,5,550
D,199814837,1011,2020,0,-1932,234,0,0,51,0,0,01,9,5,550
D,199815819,982,2020,0,-1932,228,0,0,51,0,0,01,9,5,550
D,199816822,1003,2020,0,-1932,226,0,0,51,0,0,01,9,5,550
D,199817825,1003,2020,0,-1932,227,0,0,51,0,0,01,9,5,550
D,199818838,1013,2020,0,-1932,233,0,0,51,0,0,01,9,5,550
D,199819830,992,2020,0,-1932,226,0,0,51,0,0,01,9,5,550
D,199820923,1093,2020,0,-1932,321,0,0,51,0,0,01,9,5,550
D,199821966,1043,2020,0,-1932,361,0,0,51,0,0,01,9,5,550
D,199822872,906,2020,0,-1932,279,0,0,51,0,0,01,9,5,550
D,199823851,979,2020,0,-1932,256,0,0,51,0,0,01,9,5,550
D,199824842,991,2020,0,-1932,250,0,0,51,0,0,01,9,5,550
D,199825859,1017,2020,0,-1932,257,0,0,51,0,0,01,9,5,550
D,199826845,986,2020,0,-1932,247,0,0,51,0,0,01,9,5,550
D,199827865,1020,2020,0,-1932,264,0,0,51,0,0,01,9,5,550
D,199828828,963,2020,0,-1932,236,0,0,51,0,0,01,9,5,550
D,199829856,1028,2020,0,-1932,260,0,0,51,0,0,01,9,5,550
D,199830840,984,2020,0,-1932,247,0,0,51,0,0,01,9,5,550
D,199831908,1068,2020,0,-1932,311,0,0,51,0,0,01,9,5,550
D,199832831,923,2020,0,-1932,229,0,0,51,0,0,01,9,5,550
D,199833826,995,2021,1,-1933,226,0,-8,51,0,0,01,9,5,550
D,199834837,1011,2021,0,-1933,234,-1,-8,51,0,0,01,9,5,550
D,199835820,983,2020,-1,-1932,228,-1,0,51,0,0,01,9,5,550
D,199836821,1001,2020,0,-1932,226,-1,0,51,0,0,01,9,5,550
D,199837824,1003,2020,0,-1932,226,-1,0,51,0,0,01,9,5,550
D,199838838,1014,2021,1,-1933,233,-1,-8,51,0,0,01,9,5,550
D,199839830,992,2021,0,-1933,226,-1,-8,51,0,0,01,9,5,550
D,199840905,1075,2021,0,-1933,311,-1,-8,51,0,0,01,9,5,550
D,199841972,1067,2021,0,-1933,373,-2,-8,51,0,0,01,9,5,550
D,199842870,898,2021,0,-1933,277,-2,-8,51,0,0,01,9,5,550
D,199843859,989,2021,0,-1933,255,-2,-8,51,0,0,01,9,5,550
D,199844843,984,2020,-1,-1932,250,-2,0,51,0,0,01,9,5,550
D,199845845,1002,2021,1,-1933,254,-2,-8,51,0,0,01,9,5,550
D,199846843,998,2021,0,-1933,252,-3,-8,51,0,0,01,9,5,550
D,199847860,1017,2021,0,-1933,263,-3,-8,51,0,0,01,9,5,550
D,199848831,971,2021,0,-1933,239,-3,-8,51,0,0,01,9,5,550
D,199849847,1016,2021,0,-1933,256,-3,-8,51,0,0,01,9,5,550
D,199850846,999,2021,0,-1933,253,-3,-8,51,0,0,01,9,5,550
D,199851907,1061,2021,0,-1933,302,-4,-8,51,0,0,01,9,5,550
D,199852834,927,2021,0,-1933,231,-4,-8,51,0,0,01,9,5,550
D,199853831,997,2021,0,-1933,226,-4,-8,51,0,0,01,9,5,550
D,199854832,1001,2021,0,-1933,235,-4,-8,51,0,0,01,9,5,550
D,199855830,998,2021,0,-1933,228,-4,-8,51,0,0,01,9,5,550
D,199856831,1001,2021,0,-1933,226,-4,-8,51,0,0,01,9,5,550
D,199857815,984,2021,0,-1933,225,-4,-8,51,0,0,01,9,5,550
D,199858826,1011,2021,0,-1933,233,-5,-8,51,0,0,01,9,5,550
D,199859817,991,2021,0,-1933,225,-5,-8,51,0,0,01,9,5,550
D,199860925,1108,2021,0,-1933,317,-5,-8,51,0,0,01,9,5,550
D,199861971,1046,2021,0,-1933,361,-5,-8,51,0,0,01,9,5,550
D,199862867,896,2021,0,-1933,274,-5,-8,51,0,0,01,9,5,550
D,199863866,999,2021,0,-1933,260,-5,0,51,0,0,01,9,5,550
D,199864840,974,2021,0,-1933,246,-5,0,51,0,0,01,9,5,550
D,199865860,1020,2021,0,-1933,256,-5,-8,51,0,0,01,9,5,550
D,199866848,988,2021,0,-1933,246,-5,-8,51,0,0,01,9,5,550
D,199867861,1013,2021,0,-1933,267,-5,-8,51,0,0,01,9,5,550
D,199868826,965,2021,0,-1933,236,-5,-8,51,0,0,01,9,5,550
D,199869846,1020,2021,0,-1933,255,-5,0,51,0,0,01,9,5,550
D,199870858,1012,2021,0,-1933,254,-5,0,51,0,0,01,9,5,550
D,199871912,1054,2021,0,-1933,310,-5,0,51,0,0,01,9,5,550
D,199872821,909,2021,0,-1933,230,-4,0,51,0,0,01,9,5,550
D,199873829,1008,2021,0,-1933,226,-4,0,51,0,0,01,9,5,550
D,199874827,998,2021,0,-1933,234,-4,0,51,0,0,01,9,5,550
D,199875827,1000,2021,0,-1933,229,-4,-8,51,0,0,01,9,5,550
D,199876828,1001,2021,0,-1933,226,-4,0,51,0,0,01,9,5,550
D,199877828,1000,2021,0,-1933,226,-4,0,51,0,0,01,9,5,550
D,199878838,1010,2021,0,-1933,233,-4,0,51,0,0,01,9,5,550
D,199879829,991,2021,0,-1933,226,-4,0,51,0,0,01,9,5,550
D,199880923,1094,2021,0,-1933,315,-3,0,51,0,0,01,9,5,550
D,199881962,1039,2021,0,-1933,366,-3,0,51,0,0,01,9,5,550
D,199882873,911,2021,0,-1933,279,-3,0,51,0,0,01,9,5,550
D,199883857,984,2021,0,-1933,258,-3,0,51,0,0,01,9,5,550
D,199884837,980,2021,0,-1933,246,-3,0,51,0,0,01,9,5,550
D,199885861,1024,2021,0,-1933,256,-3,0,51,0,0,01,9,5,550
D,199886842,981,2021,0,-1933,249,-3,0,51,0,0,01,9,5,550
D,199887857,1015,2021,0,-1933,263,-3,0,51,0,0,01,9,5,550
D,199888831,974,2021,0,-1933,240,-3,0,51,0,0,01,9,5,550
D,199889859,1028,2021,0,-1933,259,-2,0,51,0,0,01,9,5,550
D,199890855,996,2021,0,-1933,250,-2,0,51,0,0,01,9,5,550
D,199891897,1042,2021,0,-1933,304,-2,0,51,0,0,01,9,5,550
D,199892820,923,2021,0,-1933,229,-2,0,51,0,0,01,9,5,550
D,199893828,1008,2021,0,-1933,226,-2,0,51,0,0,01,9,5,550
D,199894829,1001,2021,0,-1933,236,-2,0,51,0,0,01,9,5,550
D,199895827,998,2021,0,-1933,229,-2,0,51,0,0,01,9,5,550
D,199896827,1000,2021,0,-1933,226,-2,0,51,0,0,01,9,5,550
D,199897827,1000,2021,0,-1933,226,-2,0,51,0,0,01,9,5,550
D,199898838,1011,2021,0,-1933,233,-2,0,51,0,0,01,9,5,550
D,199899829,991,2021,0,-1933,226,-2,0,51,0,0,01,9,5,550
D,199900917,1088,2021,0,-1933,315,-2,0,51,0,0,01,9,5,550
D,199901964,1047,2021,0,-1933,366,-1,0,51,0,0,01,9,5,550
D,199902870,906,2021,0,-1933,276,-1,0,51,0,0,01,9,5,550
D,199903855,985,2021,0,-1933,263,-1,0,51,0,0,01,9,5,550
D,199904844,989,2021,0,-1933,240,-1,0,51,0,0,01,9,5,550
D,199905858,1014,2021,0,-1933,255,-1,0,51,0,0,01,9,5,550
D,199906848,990,2021,0,-1933,248,-1,0,51,0,0,01,9,5,550
D,199907855,1007,2021,0,-1933,264,-1,0,51,0,0,01,9,5,550
D,199908844,989,2021,0,-1933,242,-1,0,51,0,0,01,9,5,550
D,199909848,1004,2021,0,-1933,254,-1,0,51,0,0,01,9,5,550
D,199910848,1000,2021,0,-1933,253,-1,0,51,0,0,01,9,5,550
D,199911906,1058,2021,0,-1933,306,-1,0,51,0,0,01,9,5,550
D,199912832,926,2021,0,-1933,230,-1,0,51,0,0,01,9,5,550
D,199913831,999,2021,0,-1933,226,-1,0,51,0,0,01,9,5,550
D,199914830,999,2021,0,-1933,235,-1,0,51,0,0,01,9,5,550
D,199915828,998,2021,0,-1933,228,-1,0,51,0,0,01,9,5,550
D,199916829,1001,2021,0,-1933,226,-1,0,51,0,0,01,9,5,550
D,199917829,1000,2021,0,-1933,226,-1,0,51,0,0,01,9,5,550
D,199918838,1009,2021,0,-1933,233,-1,0,51,0,0,01,9,5,550
D,199919830,992,2021,0,-1933,226,-1,0,51,0,0,01,9,5,550
D,199920922,1092,2021,0,-1933,315,-1,0,51,0,0,01,9,5,550
D,199921964,1042,2021,0,-1933,357,-1,0,51,0,0,01,9,5,550
D,199922876,912,2021,0,-1933,278,-1,0,51,0,0,01,9,5,550
D,199923856,980,2021,0,-1933,256,-1,0,51,0,0,01,9,5,550
D,199924841,985,2021,0,-1933,251,-1,0,51,0,0,01,9,5,550
D,199925847,1006,2021,0,-1933,253,-1,0,51,0,0,01,9,5,550
D,199926863,1016,2021,0,-1933,259,-1,0,51,0,0,01,9,5,550
D,199927856,993,2021,0,-1933,262,-1,0,51,0,0,01,9,5,550
D,199928856,1000,2021,0,-1933,253,-1,0,51,0,0,01,9,5,550
D,199929857,1001,2021,0,-1933,257,0,0,51,0,0,01,9,5,550
D,199930851,994,2021,0,-1933,258,0,0,51,0,0,01,9,5,550
D,199931914,1063,2021,0,-1933,310,0,0,51,0,0,01,9,5,550
D,199932820,906,2021,0,-1933,228,0,0,51,0,0,01,9,5,550
D,199933828,1008,2021,0,-1933,225,0,0,51,0,0,01,9,5,550
D,199934829,1001,2021,0,-1933,234,0,0,51,0,0,01,9,5,550
D,199935827,998,2021,0,-1933,228,0,0,51,0,0,01,9,5,550
D,199936827,1000,2021,0,-1933,226,0,0,51,0,0,01,9,5,550
D,199937828,1001,2021,0,-1933,226,0,0,51,0,0,01,9,5,550
D,199938838,1010,2021,0,-1933,233,0,0,51,0,0,01,9,5,550
D,199939830,992,2021,0,-1933,226,0,0,51,0,0,01,9,5,550
D,199940921,1091,2021,0,-1933,313,0,0,51,0,0,01,9,5,550
D,199941974,1053,2021,0,-1933,361,0,0,51,0,0,01,9,5,550
D,199942865,891,2021,0,-1933,275,0,0,51,0,0,01,9,5,550
D,199943858,993,2021,0,-1933,256,0,0,51,0,0,01,9,5,550
D,199944847,989,2021,0,-1933,246,0,0,51,0,0,01,9,5,550
D,199945842,995,2021,0,-1933,249,0,0,51,0,0,01,9,5,550
D,199946848,1006,2021,0,-1933,257,0,0,51,0,0,01,9,5,550
D,199947855,1007,2021,0,-1933,262,0,0,51,0,0,01,9,5,550
D,199948843,988,2021,0,-1933,251,0,0,51,0,0,01,9,5,550
D,199949853,1010,2021,0,-1933,255,0,0,51,0,0,01,9,5,550
D,199950854,1001,2021,0,-1933,257,0,0,51,0,0,01,9,5,550
D,199951909,1055,2021,0,-1933,312,0,0,51,0,0,01,9,5,550
D,199952819,910,2021,0,-1933,229,0,0,51,0,0,01,9,5,550
D,199953827,1008,2021,0,-1933,226,0,0,51,0,0,01,9,5,550
D,199954827,1000,2021,0,-1933,235,0,0,51,0,0,01,9,5,550
D,199955826,999,2021,0,-1933,228,0,0,51,0,0,01,9,5,550
D,199956827,1001,2021,0,-1933,226,0,0,51,0,0,01,9,5,550
D,199957827,1000,2021,0,-1933,226,0,0,51,0,0,01,9,5,550
D,199958838,1011,2021,0,-1933,233,0,0,51,0,0,01,9,5,550
D,199959830,992,2021,0,-1933,226,0,0,51,0,0,01,9,5,550
D,199960918,1088,2021,0,-1933,316,0,0,51,0,0,01,9,5,550
D,199961976,1058,2021,0,-1933,370,0,0,51,0,0,01,9,5,550
D,199962872,896,2021,0,-1933,279,0,0,51,0,0,01,9,5,550
D,199963848,976,2021,0,-1933,255,0,0,51,0,0,01,9,5,550
D,199964845,997,2021,0,-1933,252,0,0,51,0,0,01,9,5,550
D,199965852,1007,2021,0,-1933,253,0,0,51,0,0,01,9,5,550
D,199966844,992,2021,0,-1933,250,0,0,51,0,0,01,9,5,550
D,199967867,1023,2021,0,-1933,263,0,0,51,0,0,01,9,5,550
D,199968827,960,2021,0,-1933,234,0,0,51,0,0,01,9,5,550
D,199969859,1032,2021,0,-1933,259,0,0,51,0,0,01,9,5,550
D,199970840,981,2021,0,-1933,247,0,0,51,0,0,01,9,5,550
D,199971904,1064,2021,0,-1933,305,0,0,51,0,0,01,9,5,550
D,199972830,926,2021,0,-1933,231,0,0,51,0,0,01,9,5,550
D,199973827,997,2021,0,-1933,225,0,0,51,0,0,01,9,5,550
D,199974827,1000,2021,0,-1933,234,0,0,51,0,0,01,9,5,550
D,199975827,1000,2021,0,-1933,229,0,0,51,0,0,01,9,5,550
D,199976828,1001,2021,0,-1933,226,0,0,51,0,0,01,9,5,550
D,199977828,1000,2021,0,-1933,226,0,0,51,0,0,01,9,5,550
D,199978838,1010,2021,0,-1933,233,0,0,51,0,0,01,9,5,550
D,199979830,992,2021,0,-1933,226,0,0,51,0,0,01,9,5,550
D,199980919,1089,2021,0,-1933,315,0,0,51,0,0,01,9,5,550
D,199981966,1047,2021,0,-1933,366,0,0,51,0,0,01,9,5,550
D,199982871,905,2021,0,-1933,275,0,0,51,0,0,01,9,5,550
D,199983849,978,2021,0,-1933,256,0,0,51,0,0,01,9,5,550
D,199984840,991,2021,0,-1933,250,0,0,51,0,0,01,9,5,550
D,199985855,1015,2021,0,-1933,254,0,0,51,0,0,01,9,5,550
D,199986852,997,2021,0,-1933,255,0,0,51,0,0,01,9,5,550
D,199987854,1002,2021,0,-1933,261,0,0,51,0,0,01,9,5,550
D,199988853,999,2021,0,-1933,252,0,0,51,0,0,01,9,5,550
D,199989854,1001,2021,0,-1933,258,0,0,51,0,0,01,9,5,550
D,199990848,994,2021,0,-1933,255,0,0,51,0,0,01,9,5,550
D,199991914,1066,2021,0,-1933,312,0,0,51,0,0,01,9,5,550
D,199992825,911,2021,0,-1933,229,0,0,51,0,0,01,9,5,550
D,199993817,992,2021,0,-1933,226,0,0,51,0,0,01,9,5,550
D,199994830,1013,2021,0,-1933,235,0,0,51,0,0,01,9,5,550
D,199995828,998,2021,0,-1933,229,0,0,51,0,0,01,9,5,550
D,199996828,1000,2021,0,-1933,226,0,0,51,0,0,01,9,5,550
D,199997828,1000,2021,0,-1933,226,0,0,51,0,0,01,9,5,550
D,199998838,1010,2021,0,-1933,233,0,0,51,0,0,01,9,5,550
D,199999829,991,2021,0,-1933,226,0,0,51,0,0,01,9,5,550
D,200000918,1089,2021,0,-1933,314,0,0,51,0,0,01,9,5,550
D,200001970,1052,2021,0,-1933,363,0,0,51,0,0,01,9,5,550
D,200002881,911,2021,0,-1933,279,0,0,51,0,0,01,9,5,550
D,200003850,969,2021,0,-1933,255,0,0,51,0,0,01,9,5,550
D,200004842,992,2021,0,-1933,251,0,0,51,0,0,01,9,5,550
D,200005855,1013,2021,0,-1933,257,0,0,51,0,0,01,9,5,550
D,200006845,990,2021,0,-1933,253,0,0,51,0,0,01,9,5,550
D,200007864,1019,2021,0,-1933,262,0,0,51,0,0,01,9,5,550
D,200008838,974,2021,0,-1933,245,0,0,51,0,0,01,9,5,550
D,200009858,1020,2021,0,-1933,257,0,0,51,0,0,01,9,5,550
D,200010851,993,2021,0,-1933,253,0,0,51,0,0,01,9,5,550
D,200011903,1052,2021,0,-1933,310,0,0,51,0,0,01,9,5,550
D,200012828,925,2021,0,-1933,229,0,0,51,0,0,01,9,5,550
D,200013820,992,2021,0,-1933,226,0,0,51,0,0,01,9,5,550
D,200014835,1015,2021,0,-1933,234,0,0,51,0,0,01,9,5,550
D,200015833,998,2021,0,-1933,228,0,0,51,0,0,01,9,5,550
D,200016817,984,2021,0,-1933,226,0,0,51,0,0,01,9,5,550
D,200017817,1000,2021,0,-1933,225,0,0,51,0,0,01,9,5,550
D,200018826,1009,2021,0,-1933,233,0,0,51,0,0,01,9,5,550
D,200019818,992,2021,0,-1933,226,0,0,51,0,0,01,9,5,550
D,200020920,1102,2021,0,-1933,314,0,0,51,0,0,01,9,5,550
D,200021967,1047,2021,0,-1933,366,0,0,51,0,0,01,9,5,550
D,200022873,906,2021,0,-1933,276,0,0,51,0,0,01,9,5,550
D,200023860,987,2021,0,-1933,263,0,0,51,0,0,01,9,5,550
D,200024836,976,2021,0,-1933,242,0,0,51,0,0,01,9,5,550
D,200025848,1012,2021,0,-1933,253,0,0,51,0,0,01,9,5,550
D,200026843,995,2021,0,-1933,252,0,0,51,0,0,01,9,5,550
D,200027867,1024,2021,0,-1933,263,0,0,51,0,0,01,9,5,550
D,200028830,963,2021,0,-1933,237,0,0,51,0,0,01,9,5,550
D,200029857,1027,2021,0,-1933,259,0,0,51,0,0,01,9,5,550
D,200030851,994,2021,0,-1933,249,0,0,51,0,0,01,9,5,550
D,200031911,1060,2021,0,-1933,306,0,0,51,0,0,01,9,5,550
D,200032821,910,2021,0,-1933,229,0,0,51,0,0,01,9,5,550
D,200033831,1010,2021,0,-1933,226,0,0,51,0,0,01,9,5,550
D,200034829,998,2021,0,-1933,235,0,0,51,0,0,01,9,5,550
D,200035827,998,2021,0,-1933,228,0,0,51,0,0,01,9,5,550
D,200036827,1000,2021,0,-1933,225,0,0,51,0,0,01,9,5,550
D,200037827,1000,2021,0,-1933,225,0,0,51,0,0,01,9,5,550
D,200038838,1011,2021,0,-1933,233,0,0,51,0,0,01,9,5,550
D,200039830,992,2021,0,-1933,226,0,0,51,0,0,01,9,5,550
D,200040919,1089,2021,0,-1933,314,0,0,51,0,0,01,9,5,550
D,200041968,1049,2021,0,-1933,359,0,0,51,0,0,01,9,5,550
D,200042878,910,2021,0,-1933,278,0,0,51,0,0,01,9,5,550
D,200043853,975,2021,0,-1933,254,0,0,51,0,0,01,9,5,550
D,200044851,998,2021,0,-1933,253,0,0,51,0,0,01,9,5,550
D,200045844,993,2021,0,-1933,254,0,0,51,0,0,01,9,5,550
D,200046856,1012,2021,0,-1933,258,0,0,51,0,0,01,9,5,550
D,200047858,1002,2021,0,-1933,262,0,0,51,0,0,01,9,5,550
D,200048853,995,2021,0,-1933,254,0,0,51,0,0,01,9,5,550
D,200049851,998,2021,0,-1933,257,0,0,51,0,0,01,9,5,550
D,200050852,1001,2021,0,-1933,258,0,0,51,0,0,01,9,5,550
D,200051902,1050,2021,0,-1933,306,0,0,51,0,0,01,9,5,550
D,200052824,922,2021,0,-1933,228,0,0,51,0,0,01,9,5,550
D,200053819,995,2021,0,-1933,228,0,0,51,0,0,01,9,5,550
D,200054834,1015,2021,0,-1933,234,0,0,51,0,0,01,9,5,550
D,200055833,999,2021,0,-1933,228,0,0,51,0,0,01,9,5,550
D,200056817,984,2021,0,-1933,226,0,0,51,0,0,01,9,5,550
D,200057818,1001,2021,0,-1933,226,0,0,51,0,0,01,9,5,550
D,200058827,1009,2021,0,-1933,233,0,0,51,0,0,01,9,5,550
D,200059821,994,2021,0,-1933,226,0,0,51,0,0,01,9,5,550
D,200060910,1089,2021,0,-1933,314,0,0,51,0,0,01,9,5,550
D,200061976,1066,2021,0,-1933,362,0,0,51,0,0,01,9,5,550
D,200062873,897,2021,0,-1933,276,0,0,51,0,0,01,9,5,550
D,200063861,988,2021,0,-1933,258,0,0,51,0,0,01,9,5,550
D,200064838,977,2021,0,-1933,246,0,0,51,0,0,01,9,5,550
D,200065860,1022,2021,0,-1933,257,0,0,51,0,0,01,9,5,550
D,200066847,987,2021,0,-1933,246,0,0,51,0,0,01,9,5,550
D,200067872,1025,2021,0,-1933,267,0,0,51,0,0,01,9,5,550
D,200068830,958,2021,0,-1933,237,0,0,51,0,0,01,9,5,550
D,200069847,1017,2021,0,-1933,255,0,0,51,0,0,01,9,5,550
D,200070853,1006,2021,0,-1933,253,0,0,51,0,0,01,9,5,550
D,200071898,1045,2021,0,-1933,307,0,0,51,0,0,01,9,5,550
D,200072823,925,2021,0,-1933,230,0,0,51,0,0,01,9,5,550
D,200073831,1008,2021,0,-1933,226,0,0,51,0,0,01,9,5,550
D,200074831,1000,2021,0,-1933,235,0,0,51,0,0,01,9,5,550
D,200075826,995,2021,0,-1933,228,0,0,51,0,0,01,9,5,550
D,200076826,1000,2021,0,-1933,226,0,0,51,0,0,01,9,5,550
D,200077826,1000,2021,0,-1933,227,0,0,51,0,0,01,9,5,550
D,200078837,1011,2021,0,-1933,233,0,0,51,0,0,01,9,5,550
D,200079828,991,2021,0,-1933,226,0,0,51,0,0,01,9,5,550
D,200080914,1086,2021,0,-1933,309,0,0,51,0,0,01,9,5,550
D,200081985,1071,2021,0,-1933,365,0,0,51,0,0,01,9,5,550
D,200082836,851,2021,0,-1933,243,0,0,51,0,0,01,9,5,550
D,200083869,1033,2021,0,-1933,270,0,0,51,0,0,01,9,5,550
D,200084841,972,2021,0,-1933,240,0,0,51,0,0,01,9,5,550
D,200085848,1007,2021,0,-1933,257,0,0,51,0,0,01,9,5,550
D,200086861,1013,2021,0,-1933,259,0,0,51,0,0,01,9,5,550
D,200087834,973,2021,0,-1933,236,0,0,51,0,0,01,9,5,550
D,200088863,1029,2021,0,-1933,261,0,0,51,0,0,01,9,5,550
D,200089840,977,2021,0,-1933,241,0,0,51,0,0,01,9,5,550
D,200090852,1012,2021,0,-1933,261,0,0,51,0,0,01,9,5,550
D,200091902,1050,2021,0,-1933,304,0,0,51,0,0,01,9,5,550
D,200092816,914,2021,0,-1933,226,0,0,51,0,0,01,9,5,550
D,200093826,1010,2021,0,-1933,226,0,0,51,0,0,01,9,5,550
D,200094840,1014,2021,0,-1933,236,0,0,51,0,0,01,9,5,550
D,200095821,981,2021,0,-1933,226,0,0,51,0,0,01,9,5,550
D,200096824,1003,2021,0,-1933,226,0,0,51,0,0,01,9,5,550
D,200097824,1000,2021,0,-1933,226,0,0,51,0,0,01,9,5,550
D,200098837,1013,2021,0,-1933,233,0,0,51,0,0,01,9,5,550
D,200099827,990,2021,0,-1933,226,0,0,51,0,0,01,9,5,550
D,200100929,1102,2021,0,-1933,321,0,0,51,0,0,01,9,5,550
D,200101987,1058,2021,0,-1933,374,0,0,51,0,0,01,9,5,550
D,200102850,863,2021,0,-1933,250,0,0,51,0,0,01,9,5,550
D,200103864,1014,2021,0,-1933,269,0,0,51,0,0,01,9,5,550
D,200104838,974,2021,0,-1933,241,0,0,51,0,0,01,9,5,550
D,200105858,1020,2021,0,-1933,255,0,0,51,0,0,01,9,5,550
D,200106853,995,2021,0,-1933,252,0,0,51,0,0,01,9,5,550
D,200107849,996,2021,0,-1933,252,0,0,51,0,0,01,9,5,550
D,200108852,1003,2021,0,-1933,256,0,0,51,0,0,01,9,5,550
D,200109838,986,2021,0,-1933,247,0,0,51,0,0,01,9,5,550
D,200110854,1016,2021,0,-1933,257,0,0,51,0,0,01,9,5,550
D,200111884,1030,2021,0,-1933,292,0,0,51,0,0,01,9,5,550
D,200112821,937,2021,0,-1933,228,0,0,51,0,0,01,9,5,550
D,200113827,1006,2021,0,-1933,226,0,0,51,0,0,01,9,5,550
D,200114827,1000,2021,0,-1933,235,0,0,51,0,0,01,9,5,550
D,200115821,994,2021,0,-1933,226,0,0,51,0,0,01,9,5,550
D,200116824,1003,2021,0,-1933,226,0,0,51,0,0,01,9,5,550
D,200117824,1000,2021,0,-1933,226,0,0,51,0,0,01,9,5,550
D,200118837,1013,2021,0,-1933,233,0,0,51,0,0,01,9,5,550
D,200119829,992,2021,0,-1933,227,0,0,51,0,0,01,9,5,550
D,200120908,1079,2021,0,-1933,313,0,0,51,0,0,01,9,5,550
D,200121973,1065,2021,0,-1933,366,0,0,51,0,0,01,9,5,550
D,200122845,872,2021,0,-1933,247,0,0,51,0,0,01,9,5,550
D,200123868,1023,2021,0,-1933,267,0,0,51,0,0,01,9,5,550
D,200124837,969,2021,0,-1933,239,0,0,51,0,0,01,9,5,550
D,200125854,1017,2021,0,-1933,255,0,0,51,0,0,01,9,5,550
D,200126844,990,2021,0,-1933,252,0,0,51,0,0,01,9,5,550
D,200127861,1017,2021,0,-1933,255,0,0,51,0,0,01,9,5,550
D,200128856,995,2021,0,-1933,253,0,0,51,0,0,01,9,5,550
D,200129851,995,2021,0,-1933,246,0,0,51,0,0,01,9,5,550
D,200130860,1009,2021,0,-1933,258,0,0,51,0,0,01,9,5,550
D,200131904,1044,2021,0,-1933,299,0,0,51,0,0,01,9,5,550
D,200132819,915,2021,0,-1933,228,0,0,51,0,0,01,9,5,550
D,200133824,1005,2021,0,-1933,226,0,0,51,0,0,01,9,5,550
D,200134838,1014,2021,0,-1933,235,0,0,51,0,0,01,9,5,550
D,200135817,979,2021,0,-1933,226,0,0,51,0,0,01,9,5,550
D,200136817,1000,2021,0,-1933,226,0,0,51,0,0,01,9,5,550
D,200137817,1000,2021,0,-1933,226,0,0,51,0,0,01,9,5,550
D,200138826,1009,2021,0,-1933,233,0,0,51,0,0,01,9,5,550
D,200139817,991,2021,0,-1933,226,0,0,51,0,0,01,9,5,550
D,200140934,1117,2021,0,-1933,328,0,0,51,0,0,01,9,5,550
D,200141979,1045,2021,0,-1933,356,0,0,51,0,0,01,9,5,550
D,200142845,866,2021,0,-1933,247,0,0,51,0,0,01,9,5,550
D,200143879,1034,2021,0,-1933,273,0,0,51,0,0,01,9,5,550
D,200144844,965,2021,0,-1933,239,0,0,51,0,0,01,9,5,550
D,200145852,1008,2021,0,-1933,254,0,0,51,0,0,01,9,5,550
D,200146845,993,2021,0,-1933,252,0,0,51,0,0,01,9,5,550
D,200147866,1021,2021,0,-1933,261,0,0,51,0,0,01,9,5,550
D,200148850,984,2021,0,-1933,251,0,0,51,0,0,01,9,5,550
D,200149855,1005,2021,0,-1933,254,0,0,51,0,0,01,9,5,550
D,200150858,1003,2021,0,-1933,255,0,0,51,0,0,01,9,5,550
D,200151905,1047,2021,0,-1933,300,0,0,51,0,0,01,9,5,550
D,200152817,912,2021,0,-1933,224,0,0,51,0,0,01,9,5,550
D,200153824,1007,2021,0,-1933,226,0,0,51,0,0,01,9,5,550
D,200154841,1017,2021,0,-1933,236,0,0,51,0,0,01,9,5,550
D,200155820,979,2021,0,-1933,226,0,0,51,0,0,01,9,5,550
D,200156821,1001,2021,0,-1933,226,0,0,51,0,0,01,9,5,550
D,200157822,1001,2021,0,-1933,227,0,0,51,0,0,01,9,5,550
D,200158835,1013,2021,0,-1933,233,0,0,51,0,0,01,9,5,550
D,200159826,991,2021,0,-1933,227,0,0,51,0,0,01,9,5,550
D,200160919,1093,2021,0,-1933,321,0,0,51,0,0,01,9,5,550
D,200161978,1059,2021,0,-1933,362,0,0,51,0,0,01,9,5,550
D,200162834,856,2021,0,-1933,244,0,0,51,0,0,01,9,5,550
D,200163875,1041,2021,0,-1933,270,0,0,51,0,0,01,9,5,550
D,200164832,957,2021,0,-1933,239,0,0,51,0,0,01,9,5,550
D,200165864,1032,2021,0,-1933,258,0,0,51,0,0,01,9,5,550
D,200166843,979,2021,0,-1933,250,0,0,51,0,0,01,9,5,550
D,200167847,1004,2021,0,-1933,256,0,0,51,0,0,01,9,5,550
D,200168849,1002,2021,0,-1933,257,0,0,51,0,0,01,9,5,550
D,200169850,1001,2021,0,-1933,250,0,0,51,0,0,01,9,5,550
D,200170847,997,2021,0,-1933,257,0,0,51,0,0,01,9,5,550
D,200171893,1046,2021,0,-1933,292,0,0,51,0,0,01,9,5,550
D,200172832,939,2021,0,-1933,227,0,0,51,0,0,01,9,5,550
D,200173826,994,2021,0,-1933,226,0,0,51,0,0,01,9,5,550
D,200174837,1011,2021,0,-1933,235,0,0,51,0,0,01,9,5,550
D,200175817,980,2021,0,-1933,226,0,0,51,0,0,01,9,5,550
D,200176817,1000,2021,0,-1933,226,0,0,51,0,0,01,9,5,550
D,200177817,1000,2021,0,-1933,226,0,0,51,0,0,01,9,5,550
D,200178826,1009,2021,0,-1933,233,0,0,51,0,0,01,9,5,550
D,200179817,991,2021,0,-1933,226,0,0,51,0,0,01,9,5,550
D,200180925,1108,2021,0,-1933,322,0,0,51,0,0,01,9,5,550
D,200181974,1049,2021,0,-1933,358,0,0,51,0,0,01,9,5,550
D,200182852,878,2021,0,-1933,252,0,0,51,0,0,01,9,5,550
D,200183857,1005,2021,0,-1933,265,0,0,51,0,0,01,9,5,550
D,200184850,993,2021,0,-1933,245,0,0,51,0,0,01,9,5,550
D,200185847,997,2021,0,-1933,251,0,0,51,0,0,01,9,5,550
D,200186858,1011,2021,0,-1933,256,0,0,51,0,0,01,9,5,550
D,200187842,984,2021,0,-1933,242,0,0,51,0,0,01,9,5,550
D,200188861,1019,2021,0,-1933,257,0,0,51,0,0,01,9,5,550
D,200189841,980,2021,0,-1933,250,0,0,51,0,0,01,9,5,550
D,200190856,1015,2021,0,-1933,256,0,0,51,0,0,01,9,5,550
D,200191892,1036,2021,0,-1933,294,0,0,51,0,0,01,9,5,550
D,200192827,935,2021,0,-1933,226,0,0,51,0,0,01,9,5,550
D,200193817,990,2021,0,-1933,226,0,0,51,0,0,01,9,5,550
D,200194831,1014,2021,0,-1933,235,0,0,51,0,0,01,9,5,550
D,200195825,994,2021,0,-1933,227,0,0,51,0,0,01,9,5,550
D,200196824,999,2021,0,-1933,226,0,0,51,0,0,01,9,5,550
D,200197824,1000,2021,0,-1933,226,0,0,51,0,0,01,9,5,550
D,200198837,1013,2021,0,-1933,233,0,0,51,0,0,01,9,5,550
D,200199829,992,2021,0,-1933,227,0,0,51,0,0,01,9,5,550
D,200200914,1085,2021,0,-1933,317,0,0,51,0,0,01,9,5,550
D,200201969,1055,2021,0,-1933,370,0,0,51,0,0,01,9,5,550
D,200202852,883,2021,0,-1933,247,0,0,51,0,0,01,9,5,550
D,200203869,1017,2021,0,-1933,264,0,0,51,0,0,01,9,5,550
D,200204839,970,2021,0,-1933,241,0,0,51,0,0,01,9,5,550
D,200205852,1013,2021,0,-1933,254,0,0,51,0,0,01,9,5,550
D,200206846,994,2021,0,-1933,255,0,0,51,0,0,01,9,5,550
D,200207846,1000,2021,0,-1933,256,0,0,51,0,0,01,9,5,550
D,200208852,1006,2021,0,-1933,256,0,0,51,0,0,01,9,5,550
D,200209852,1000,2021,0,-1933,251,0,0,51,0,0,01,9,5,550
D,200210866,1014,2021,0,-1933,261,0,0,51,0,0,01,9,5,550
D,200211885,1019,2021,0,-1933,291,0,0,51,0,0,01,9,5,550
D,200212826,941,2021,0,-1933,229,0,0,51,0,0,01,9,5,550
D,200213817,991,2021,0,-1933,226,0,0,51,0,0,01,9,5,550
D,200214829,1012,2021,0,-1933,235,0,0,51,0,0,01,9,5,550
D,200215824,995,2021,0,-1933,226,0,0,51,0,0,01,9,5,550
D,200216824,1000,2021,0,-1933,226,0,0,51,0,0,01,9,5,550
D,200217824,1000,2021,0,-1933,226,0,0,51,0,0,01,9,5,550
D,200218837,1013,2021,0,-1933,233,0,0,51,0,0,01,9,5,550
D,200219829,992,2021,0,-1933,227,0,0,51,0,0,01,9,5,550
D,200220919,1090,2021,0,-1933,321,0,0,51,0,0,01,9,5,550
D,200221969,1050,2021,0,-1933,356,0,0,51,0,0,01,9,5,550
D,200222852,883,2021,0,-1933,253,0,0,51,0,0,01,9,5,550
D,200223862,1010,2021,0,-1933,266,0,0,51,0,0,01,9,5,550
D,200224850,988,2021,0,-1933,245,0,0,51,0,0,01,9,5,550
D,200225847,997,2021,0,-1933,250,0,0,51,0,0,01,9,5,550
D,200226861,1014,2021,0,-1933,256,0,0,51,0,0,01,9,5,550
D,200227833,972,2021,0,-1933,238,0,0,51,0,0,01,9,5,550
D,200228848,1015,2021,0,-1933,256,0,0,51,0,0,01,9,5,550
D,200229843,995,2021,0,-1933,249,0,0,51,0,0,01,9,5,550
D,200230858,1015,2021,0,-1933,256,0,0,51,0,0,01,9,5,550
D,200231887,1029,2021,0,-1933,294,0,0,51,0,0,01,9,5,550
D,200232825,938,2021,0,-1933,225,0,0,51,0,0,01,9,5,550
D,200233831,1006,2021,0,-1933,226,0,0,51,0,0,01,9,5,550
D,200234828,997,2021,0,-1933,235,0,0,51,0,0,01,9,5,550
D,200235824,996,2021,0,-1933,226,0,0,51,0,0,01,9,5,550
D,200236824,1000,2021,0,-1933,226,0,0,51,0,0,01,9,5,550
D,200237824,1000,2021,0,-1933,226,0,0,51,0,0,01,9,5,550
D,200238837,1013,2021,0,-1933,233,0,0,51,0,0,01,9,5,550
D,200239828,991,2021,0,-1933,226,0,0,51,0,0,01,9,5,550
D,200240909,1081,2021,0,-1933,315,0,0,51,0,0,01,9,5,550
D,200241976,1067,2021,0,-1933,361,0,0,51,0,0,01,9,5,550
D,200242844,868,2021,0,-1933,242,0,0,51,0,0,01,9,5,550
D,200243863,1019,2021,0,-1933,266,0,0,51,0,0,01,9,5,550
D,200244830,967,2021,0,-1933,236,0,0,51,0,0,01,9,5,550
D,200245849,1019,2021,0,-1933,251,0,0,51,0,0,01,9,5,550
D,200246856,1007,2021,0,-1933,255,0,0,51,0,0,01,9,5,550
D,200247842,986,2021,0,-1933,249,0,0,51,0,0,01,9,5,550
D,200248856,1014,2021,0,-1933,254,0,0,51,0,0,01,9,5,550
D,200249851,995,2021,0,-1933,250,0,0,51,0,0,01,9,5,550
D,200250845,994,2021,0,-1933,254,0,0,51,0,0,01,9,5,550
D,200251892,1047,2021,0,-1933,299,0,0,51,0,0,01,9,5,550
D,200252828,936,2021,0,-1933,225,0,0,51,0,0,01,9,5,550
D,200253820,992,2021,0,-1933,227,0,0,51,0,0,01,9,5,550
D,200254836,1016,2021,0,-1933,236,0,0,51,0,0,01,9,5,550
D,200255817,981,2021,0,-1933,226,0,0,51,0,0,01,9,5,550
D,200256817,1000,2021,0,-1933,226,0,0,51,0,0,01,9,5,550
D,200257817,1000,2021,0,-1933,226,0,0,51,0,0,01,9,5,550
D,200258826,1009,2021,0,-1933,233,0,0,51,0,0,01,9,5,550
D,200259817,991,2021,0,-1933,226,0,0,51,0,0,01,9,5,550
D,200260931,1114,2021,0,-1933,330,0,0,51,0,0,01,9,5,550
D,200261975,1044,2021,0,-1933,364,0,0,51,0,0,01,9,5,550
D,200262851,876,2021,0,-1933,250,0,0,51,0,0,01,9,5,550
D,200263858,1007,2021,0,-1933,265,0,0,51,0,0,01,9,5,550
D,200264850,992,2021,0,-1933,245,0,0,51,0,0,01,9,5,550
D,200265841,991,2021,0,-1933,249,0,0,51,0,0,01,9,5,550
D,200266847,1006,2021,0,-1933,254,0,0,51,0,0,01,9,5,550
D,200267854,1007,2021,0,-1933,250,0,0,51,0,0,01,9,5,550
D,200268852,998,2021,0,-1933,257,0,0,51,0,0,01,9,5,550
D,200269840,988,2021,0,-1933,247,0,0,51,0,0,01,9,5,550
D,200270852,1012,2021,0,-1933,254,0,0,51,0,0,01,9,5,550
D,200271891,1039,2021,0,-1933,295,0,0,51,0,0,01,9,5,550
D,200272825,934,2021,0,-1933,225,0,0,51,0,0,01,9,5,550
D,200273831,1006,2021,0,-1933,226,0,0,51,0,0,01,9,5,550
D,200274832,1001,2021,0,-1933,235,0,0,51,0,0,01,9,5,550
D,200275825,993,2021,0,-1933,227,0,0,51,0,0,01,9,5,550
D,200276824,999,2021,0,-1933,226,0,0,51,0,0,01,9,5,550
D,200277824,1000,2021,0,-1933,226,0,0,51,0,0,01,9,5,550
D,200278837,1013,2021,0,-1933,233,0,0,51,0,0,01,9,5,550
D,200279829,992,2021,0,-1933,227,0,0,51,0,0,01,9,5,550
D,200280911,1082,2021,0,-1933,314,0,0,51,0,0,01,9,5,550
D,200281978,1067,2021,0,-1933,360,0,0,51,0,0,01,9,5,550
D,200282836,858,2021,0,-1933,242,0,0,51,0,0,01,9,5,550
D,200283877,1041,2021,0,-1933,273,0,0,51,0,0,01,9,5,550
D,200284828,951,2021,0,-1933,238,0,0,51,0,0,01,9,5,550
D,200285848,1020,2021,0,-1933,257,0,0,51,0,0,01,9,5,550
D,200286855,1007,2021,0,-1933,251,0,0,51,0,0,01,9,5,550
D,200287846,991,2021,0,-1933,251,0,0,51,0,0,01,9,5,550
D,200288845,999,2021,0,-1933,255,0,0,51,0,0,01,9,5,550
D,200289853,1008,2021,0,-1933,250,0,0,51,0,0,01,9,5,550
D,200290847,994,2021,0,-1933,255,0,0,51,0,0,01,9,5,550
D,200291906,1059,2021,0,-1933,299,0,0,51,0,0,01,9,5,550
D,200292824,918,2021,0,-1933,225,0,0,51,0,0,01,9,5,550
D,200293816,992,2021,0,-1933,226,0,0,51,0,0,01,9,5,550
D,200294832,1016,2021,0,-1933,236,0,0,51,0,0,01,9,5,550
D,200295827,995,2021,0,-1933,226,0,0,51,0,0,01,9,5,550
D,200296827,1000,2021,0,-1933,226,0,0,51,0,0,01,9,5,550
D,200297827,1000,2021,0,-1933,226,0,0,51,0,0,01,9,5,550
D,200298838,1011,2021,0,-1933,234,0,0,51,0,0,01,9,5,550
D,200299828,990,2021,0,-1933,226,0,0,51,0,0,01,9,5,550
D,200300918,1090,2021,0,-1933,326,0,0,51,0,0,01,9,5,550
D,200301967,1049,2021,0,-1933,369,0,0,51,0,0,01,9,5,550
D,200302857,890,2021,0,-1933,253,0,0,51,0,0,01,9,5,550
D,200303868,1011,2021,0,-1933,263,0,0,51,0,0,01,9,5,550
D,200304837,969,2021,0,-1933,241,0,0,51,0,0,01,9,5,550
D,200305848,1011,2021,0,-1933,253,0,0,51,0,0,01,9,5,550
D,200306851,1003,2021,0,-1933,253,0,0,51,0,0,01,9,5,550
D,200307855,1004,2021,0,-1933,251,0,0,51,0,0,01,9,5,550
D,200308858,1003,2021,0,-1933,256,0,0,51,0,0,01,9,5,550
D,200309844,986,2021,0,-1933,246,0,0,51,0,0,01,9,5,550
D,200310867,1023,2021,0,-1933,264,0,0,51,0,0,01,9,5,550
D,200311895,1028,2021,0,-1933,298,0,0,51,0,0,01,9,5,550
D,200312831,936,2021,0,-1933,226,0,0,51,0,0,01,9,5,550
D,200313822,991,2021,0,-1933,227,0,0,51,0,0,01,9,5,550
D,200314835,1013,2021,0,-1933,235,0,0,51,0,0,01,9,5,550
D,200315827,992,2021,0,-1933,226,0,0,51,0,0,01,9,5,550
D,200316827,1000,2021,0,-1933,227,0,0,51,0,0,01,9,5,550
D,200317827,1000,2021,0,-1933,227,0,0,51,0,0,01,9,5,550
D,200318838,1011,2021,0,-1933,233,0,0,51,0,0,01,9,5,550
D,200319828,990,2021,0,-1933,226,0,0,51,0,0,01,9,5,550
D,200320912,1084,2021,0,-1933,315,0,0,51,0,0,01,9,5,550
D,200321972,1060,2021,0,-1933,363,0,0,51,0,0,01,9,5,550
D,200322841,869,2021,0,-1933,240,0,0,51,0,0,01,9,5,550
D,200323872,1031,2021,0,-1933,267,0,0,51,0,0,01,9,5,550
D,200324834,962,2021,0,-1933,235,0,0,51,0,0,01,9,5,550
D,200325857,1023,2021,0,-1933,253,0,0,51,0,0,01,9,5,550
D,200326848,991,2021,0,-1933,251,0,0,51,0,0,01,9,5,550
D,200327853,1005,2021,0,-1933,249,0,0,51,0,0,01,9,5,550
D,200328854,1001,2021,0,-1933,255,0,0,51,0,0,01,9,5,550
D,200329842,988,2021,0,-1933,248,0,0,51,0,0,01,9,5,550
D,200330858,1016,2021,0,-1933,255,0,0,51,0,0,01,9,5,550
D,200331893,1035,2021,0,-1933,297,0,0,51,0,0,01,9,5,550
D,200332828,935,2021,0,-1933,225,0,0,51,0,0,01,9,5,550
D,200333819,991,2021,0,-1933,226,0,0,51,0,0,01,9,5,550
D,200334839,1020,2021,0,-1933,237,0,0,51,0,0,01,9,5,550
D,200335831,992,2021,0,-1933,226,0,0,51,0,0,01,9,5,550
D,200336831,1000,2021,0,-1933,226,0,0,51,0,0,01,9,5,550
D,200337831,1000,2021,0,-1933,226,0,0,51,0,0,01,9,5,550
D,200338825,994,2021,0,-1933,233,0,0,51,0,0,01,9,5,550
D,200339830,1005,2021,0,-1933,227,0,0,51,0,0,01,9,5,550
D,200340921,1091,2021,0,-1933,324,0,0,51,0,0,01,9,5,550
D,200341976,1055,2021,0,-1933,360,0,0,51,0,0,01,9,5,550
D,200342855,879,2021,0,-1933,253,0,0,51,0,0,01,9,5,550
D,200343869,1014,2021,0,-1933,268,0,0,51,0,0,01,9,5,550
D,200344836,967,2021,0,-1933,239,0,0,51,0,0,01,9,5,550
D,200345853,1017,2021,0,-1933,253,0,0,51,0,0,01,9,5,550
D,200346856,1003,2021,0,-1933,253,0,0,51,0,0,01,9,5,550
D,200347849,993,2021,0,-1933,252,0,0,51,0,0,01,9,5,550
D,200348850,1001,2021,0,-1933,255,0,0,51,0,0,01,9,5,550
D,200349843,993,2021,0,-1933,249,0,0,51,0,0,01,9,5,550
D,200350853,1010,2021,0,-1933,253,0,0,51,0,0,01,9,5,550
D,200351891,1038,2021,0,-1933,294,0,0,51,0,0,01,9,5,550
D,200352832,941,2021,0,-1933,228,0,0,51,0,0,01,9,5,550
D,200353824,992,2021,0,-1933,226,0,0,51,0,0,01,9,5,550
D,200354837,1013,2021,0,-1933,235,0,0,51,0,0,01,9,5,550
D,200355830,993,2021,0,-1933,227,0,0,51,0,0,01,9,5,550
D,200356830,1000,2021,0,-1933,227,0,0,51,0,0,01,9,5,550
D,200357830,1000,2021,0,-1933,226,0,0,51,0,0,01,9,5,550
D,200358838,1008,2021,0,-1933,234,0,0,51,0,0,01,9,5,550
D,200359829,991,2021,0,-1933,227,0,0,51,0,0,01,9,5,550
D,200360906,1077,2021,0,-1933,313,0,0,51,0,0,01,9,5,550
D,200361972,1066,2021,0,-1933,364,0,0,51,0,0,01,9,5,550
D,200362850,878,2021,0,-1933,247,0,0,51,0,0,01,9,5,550
D,200363871,1021,2021,0,-1933,267,0,0,51,0,0,01,9,5,550
D,200364840,969,2021,0,-1933,239,0,0,51,0,0,01,9,5,550
D,200365844,1004,2021,0,-1933,253,0,0,51,0,0,01,9,5,550
D,200366851,1007,2021,0,-1933,255,0,0,51,0,0,01,9,5,550
D,200367843,992,2021,0,-1933,251,0,0,51,0,0,01,9,5,550
D,200368853,1010,2021,0,-1933,253,0,0,51,0,0,01,9,5,550
D,200369844,991,2021,0,-1933,247,0,0,51,0,0,01,9,5,550
D,200370859,1015,2021,0,-1933,258,0,0,51,0,0,01,9,5,550
# DIAG n=2304 wrapped=1 frozen=0
MANUAL-ADJUST travel=+125.4deg durMs=5104 wedge=10 (no spin, no motor)
MANUAL-ADJUST travel=-45.7deg durMs=3274 wedge=8 (no spin, no motor)

[HOST 2026-09-18T13:38:26.923] TX s
# state=IDLE_STOPPED fault=NONE angle=273.16 wedge=9 omega=-0.0000 natStop=0.0 pos=FRESH vel=VALID age_us=85 dirCal=1(sign -1) tmc=1 takeover=1 rawZero=88 stage=0 cmd=0.000

[HOST 2026-09-18T13:38:58.901] TX d
# DIAG armed: RAM-only 1 kHz capture; dumps after true stop or fault.
SPIN#2 START dir=-1 omega=-0.251 wedge=8
SPIN#2 RELEASE speed=0.744 peak=0.809 angle=44.7
SPIN#2 RESERVE targetW=0 targetAngle=12.8 runway=390.9 natStop=445.3 speed=0.720 q=0 urgent=0
SPIN#2 CAPTURE fasDir=+1 wheel=0.703 cmd0=0.668 hz=2136 aPlan=0.2031(650 sps2) aFas=5200 remain=370.6
SPIN#2 SUMMARY dir=-1 peak=0.809 releaseMs=2115 relAngle=44.7 relSpeed=0.744 targetW=0 targetAngle=12.8 runway=390.9 natStop=445.3 fricC=0.5500 fricB=0.2800 tkSpeed=0.703 cmdMax=0.668 cmdMin=0.058 rise=0.088 maxDecel=2.787 final=14.1 finalW=0 err=-1.3 quality=0 result=CONTROLLED_SAFE fault=NONE fitRej=0 fitsCW=0 fitsCCW=0
# DIAG columns: done_us,dt_good_us,raw,delta,counts,i2c_us,omega_mrev,window_mrev,cmd_mrev,fas_mrev,remain_ddeg,flags_hex,state,stage,current_ma
D,683641049,1082,3338,1,-15538,319,-286,-276,267,272,615,01,7,3,1650
D,683642109,1060,3339,1,-15539,387,-285,-268,267,272,614,01,7,3,1650
D,683643014,905,3340,1,-15540,292,-284,-268,267,272,613,01,7,3,1650
D,683643982,968,3341,1,-15541,263,-284,-268,267,272,613,01,7,3,1650
D,683644990,1008,3343,2,-15543,262,-283,-275,267,270,611,01,7,3,1650
D,683645987,997,3344,1,-15544,262,-283,-276,267,268,610,01,7,3,1650
D,683647011,1024,3345,1,-15545,283,-282,-268,267,267,609,01,7,3,1650
D,683647973,962,3346,1,-15546,252,-282,-268,267,267,608,01,7,3,1650
D,683649009,1036,3348,2,-15548,288,-282,-276,262,267,606,01,7,3,1650
D,683649991,982,3349,1,-15549,272,-281,-276,262,267,606,01,7,3,1650
D,683651024,1033,3350,1,-15550,306,-281,-275,262,267,605,01,7,3,1650
D,683652034,1010,3352,2,-15552,311,-281,-284,262,267,603,01,7,3,1650
D,683652949,915,3353,1,-15553,227,-281,-285,262,267,602,01,7,3,1650
D,683653960,1011,3354,1,-15554,237,-282,-284,262,267,601,01,7,3,1650
D,683655006,1046,3355,1,-15555,279,-282,-285,262,267,600,01,7,3,1650
D,683655945,939,3356,1,-15556,223,-282,-284,262,267,599,01,7,3,1650
D,683656941,996,3357,1,-15557,223,-282,-284,262,267,599,01,7,3,1650
D,683657946,1005,3358,1,-15558,226,-282,-284,262,267,598,01,7,3,1650
D,683658984,1038,3359,1,-15559,261,-282,-276,262,267,597,01,7,3,1650
D,683659944,960,3360,1,-15560,226,-281,-276,262,267,596,01,7,3,1650
D,683661065,1121,3361,1,-15561,334,-281,-268,262,267,595,01,7,3,1650
D,683662102,1037,3362,1,-15562,380,-280,-268,262,267,594,01,7,3,1650
D,683663029,927,3364,2,-15564,298,-280,-276,262,267,592,01,7,3,1650
D,683663987,958,3365,1,-15565,265,-280,-276,262,267,592,01,7,3,1650
D,683664994,1007,3366,1,-15566,261,-280,-275,262,267,591,01,7,3,1650
D,683665985,991,3367,1,-15567,259,-280,-276,262,267,590,01,7,3,1650
D,683667013,1028,3368,1,-15568,280,-280,-276,262,267,589,01,7,3,1650
D,683667985,972,3369,1,-15569,247,-279,-276,262,267,588,01,7,3,1650
D,683668998,1013,3370,1,-15570,265,-279,-268,262,265,587,01,7,3,1650
D,683669967,969,3372,2,-15572,247,-279,-285,262,265,585,01,7,3,1650
D,683671010,1043,3373,1,-15573,281,-279,-283,262,263,584,01,7,3,1650
D,683672040,1030,3374,1,-15574,308,-280,-284,262,261,584,01,7,3,1650
D,683672948,908,3375,1,-15575,230,-280,-285,262,262,583,01,7,3,1650
D,683673989,1041,3376,1,-15576,260,-280,-285,256,262,582,01,7,3,1650
D,683675018,1029,3377,1,-15577,292,-280,-276,256,262,581,01,7,3,1650
D,683675951,933,3378,1,-15578,230,-280,-276,256,262,580,01,7,3,1650
D,683676952,1001,3379,1,-15579,223,-280,-276,256,262,579,01,7,3,1650
D,683677958,1006,3380,1,-15580,227,-279,-276,256,262,578,01,7,3,1650
D,683678977,1019,3381,1,-15581,259,-279,-276,256,262,577,01,7,3,1650
D,683679960,983,3382,1,-15582,229,-279,-268,256,262,577,01,7,3,1650
D,683681052,1092,3383,1,-15583,327,-278,-268,256,262,576,01,7,3,1650
D,683682098,1046,3384,1,-15584,370,-278,-260,256,262,575,01,7,3,1650
D,683683024,926,3385,1,-15585,299,-277,-260,256,262,574,01,7,3,1650
D,683683989,965,3386,1,-15586,269,-276,-260,256,262,573,01,7,3,1650
D,683684994,1005,3388,2,-15588,264,-276,-267,256,262,571,01,7,3,1650
D,683685984,990,3389,1,-15589,259,-276,-268,256,262,570,01,7,3,1650
D,683687011,1027,3391,2,-15591,285,-276,-276,256,262,569,01,7,3,1650
D,683687988,977,3392,1,-15592,259,-276,-276,256,262,568,01,7,3,1650
D,683688983,995,3393,1,-15593,263,-276,-275,256,262,567,01,7,3,1650
D,683689988,1005,3395,2,-15595,265,-276,-284,256,262,565,01,7,3,1650
D,683691004,1016,3396,1,-15596,280,-276,-283,256,261,564,01,7,3,1650
D,683692026,1022,3397,1,-15597,301,-277,-284,256,259,563,01,7,3,1650
D,683692964,938,3397,0,-15597,240,-277,-277,256,257,563,01,7,3,1650
D,683693961,997,3398,1,-15598,240,-276,-268,256,255,563,01,7,3,1650
D,683694990,1029,3399,1,-15599,272,-276,-268,256,255,562,01,7,3,1650
D,683695956,966,3400,1,-15600,223,-276,-268,256,256,561,01,7,3,1650
D,683696951,995,3401,1,-15601,222,-275,-268,256,256,560,01,7,3,1650
D,683697957,1006,3402,1,-15602,227,-275,-268,256,256,559,01,7,3,1650
D,683699004,1047,3403,1,-15603,284,-275,-269,251,256,558,01,7,3,1650
D,683699966,962,3404,1,-15604,235,-275,-268,251,256,557,01,7,3,1650
D,683701047,1081,3405,1,-15605,321,-274,-260,251,256,556,01,7,3,1650
D,683702137,1090,3406,1,-15606,407,-273,-260,251,256,555,01,7,3,1650
D,683703023,886,3407,1,-15607,300,-273,-260,251,256,555,01,7,3,1650
D,683703988,965,3408,1,-15608,268,-272,-260,251,256,554,01,7,3,1650
D,683704985,997,3409,1,-15609,259,-272,-260,251,256,553,01,7,3,1650
D,683705982,997,3410,1,-15610,257,-271,-260,251,256,552,01,7,3,1650
D,683707014,1032,3411,1,-15611,284,-271,-260,251,256,551,01,7,3,1650
D,683707991,977,3413,2,-15613,263,-271,-268,251,256,549,01,7,3,1650
D,683708999,1008,3414,1,-15614,266,-271,-268,251,256,548,01,7,3,1650
D,683709988,989,3415,1,-15615,267,-271,-268,251,256,548,01,7,3,1650
D,683711007,1019,3416,1,-15616,286,-271,-267,251,256,547,01,7,3,1650
D,683712023,1016,3417,1,-15617,295,-270,-268,251,256,546,01,7,3,1650
D,683712971,948,3418,1,-15618,239,-270,-269,251,256,545,01,7,3,1650
D,683713962,991,3419,1,-15619,241,-270,-268,251,256,544,01,7,3,1650
D,683714999,1037,3419,0,-15619,267,-270,-252,251,256,544,01,7,3,1650
D,683715958,959,3420,1,-15620,225,-269,-252,251,256,543,01,7,3,1650
D,683716950,992,3421,1,-15621,223,-268,-252,251,256,542,01,7,3,1650
D,683717956,1006,3422,1,-15622,229,-267,-245,251,256,541,01,7,3,1650
D,683718991,1035,3423,1,-15623,259,-266,-244,251,256,541,01,7,3,1650
D,683719960,969,3424,1,-15624,227,-266,-244,251,255,540,01,7,3,1650
D,683721059,1099,3426,2,-15626,328,-265,-244,251,253,538,01,7,3,1650
D,683722097,1038,3427,1,-15627,378,-264,-244,251,251,537,01,7,3,1650
D,683723021,924,3428,1,-15628,298,-263,-252,251,251,536,01,7,3,1650
D,683724009,988,3429,1,-15629,286,-263,-252,246,251,535,01,7,3,1650
D,683725002,993,3430,1,-15630,280,-262,-252,246,251,534,01,7,3,1650
D,683725992,990,3431,1,-15631,273,-262,-252,246,251,533,01,7,3,1650
D,683727039,1047,3433,2,-15633,309,-262,-260,246,251,532,01,7,3,1650
D,683727992,953,3434,1,-15634,263,-262,-260,246,251,531,01,7,3,1650
D,683728990,998,3435,1,-15635,265,-262,-260,246,251,530,01,7,3,1650
D,683729991,1001,3436,1,-15636,267,-262,-260,246,251,529,01,7,3,1650
D,683731007,1016,3437,1,-15637,286,-262,-260,246,251,528,01,7,3,1650
D,683732048,1041,3438,1,-15638,315,-262,-260,246,251,527,01,7,3,1650
D,683732948,900,3439,1,-15639,229,-262,-261,246,251,526,01,7,3,1650
D,683733954,1006,3440,1,-15640,232,-262,-260,246,251,526,01,7,3,1650
D,683734987,1033,3441,1,-15641,267,-261,-260,246,251,525,01,7,3,1650
D,683735958,971,3442,1,-15642,227,-261,-260,246,251,524,01,7,3,1650
D,683736944,986,3443,1,-15643,226,-261,-260,246,251,523,01,7,3,1650
D,683737945,1001,3444,1,-15644,225,-261,-260,246,251,522,01,7,3,1650
D,683738989,1044,3445,1,-15645,260,-261,-252,246,251,521,01,7,3,1650
D,683739953,964,3446,1,-15646,225,-261,-252,246,251,520,01,7,3,1650
D,683741050,1097,3447,1,-15647,319,-260,-252,246,251,519,01,7,3,1650
D,683742106,1056,3448,1,-15648,385,-260,-252,246,251,519,01,7,3,1650
D,683743029,923,3449,1,-15649,294,-260,-252,246,251,518,01,7,3,1650
D,683743986,957,3450,1,-15650,265,-259,-252,246,251,517,01,7,3,1650
D,683744983,997,3452,2,-15652,263,-259,-260,246,249,515,01,7,3,1650
D,683745993,1010,3453,1,-15653,260,-260,-268,246,247,514,01,7,3,1650
D,683747007,1014,3454,1,-15654,280,-260,-268,246,245,513,01,7,3,1650
D,683747988,981,3455,1,-15655,259,-260,-268,246,245,512,01,7,3,1650
D,683749002,1014,3456,1,-15656,278,-261,-268,240,246,512,01,7,3,1650
D,683750006,1004,3457,1,-15657,280,-261,-268,240,246,511,01,7,3,1650
D,683751042,1036,3458,1,-15658,307,-261,-267,240,246,510,01,7,3,1650
D,683752045,1003,3459,1,-15659,313,-261,-260,240,246,509,01,7,3,1650
D,683752948,903,3460,1,-15660,227,-261,-261,240,246,508,01,7,3,1650
D,683753954,1006,3461,1,-15661,232,-261,-260,240,246,507,01,7,3,1650
D,683755004,1050,3461,0,-15661,277,-261,-252,240,246,507,01,7,3,1650
D,683755941,937,3462,1,-15662,222,-260,-253,240,246,506,01,7,3,1650
D,683756950,1009,3463,1,-15663,222,-260,-252,240,246,505,01,7,3,1650
D,683757954,1004,3464,1,-15664,224,-260,-245,240,246,504,01,7,3,1650
D,683758991,1037,3465,1,-15665,259,-259,-244,240,246,504,01,7,3,1650
D,683759944,953,3466,1,-15666,226,-258,-245,240,246,503,01,7,3,1650
D,683761055,1111,3467,1,-15667,331,-258,-244,240,246,502,01,7,3,1650
D,683762111,1056,3468,1,-15668,375,-257,-244,240,246,501,01,7,3,1650
D,683763014,903,3469,1,-15669,294,-257,-244,240,246,500,01,7,3,1650
D,683763989,975,3470,1,-15670,264,-256,-244,240,246,499,01,7,3,1650
D,683764997,1008,3471,1,-15671,264,-256,-244,240,246,498,01,7,3,1650
D,683765981,984,3472,1,-15672,261,-255,-244,240,246,497,01,7,3,1650
D,683767008,1027,3474,2,-15674,286,-255,-252,240,246,496,01,7,3,1650
D,683767984,976,3475,1,-15675,258,-255,-252,240,245,495,01,7,3,1650
D,683768987,1003,3476,1,-15676,264,-255,-252,240,243,494,01,7,3,1650
D,683770003,1016,3477,1,-15677,272,-255,-252,240,240,493,01,7,3,1650
D,683771014,1011,3478,1,-15678,281,-255,-252,240,240,492,01,7,3,1650
D,683772029,1015,3479,1,-15679,302,-255,-252,240,240,491,01,7,3,1650
D,683772955,926,3480,1,-15680,231,-254,-253,240,240,490,01,7,3,1650
D,683773992,1037,3481,1,-15681,271,-254,-252,235,240,490,01,7,3,1650
D,683775014,1022,3482,1,-15682,284,-254,-244,235,240,489,01,7,3,1650
D,683775961,947,3482,0,-15682,228,-253,-236,235,240,489,01,7,3,1650
D,683776941,980,3483,1,-15683,222,-253,-237,235,240,488,01,7,3,1650
D,683777952,1011,3484,1,-15684,231,-252,-237,235,240,487,01,7,3,1650
D,683778990,1038,3485,1,-15685,260,-251,-236,235,240,486,01,7,3,1650
D,683779951,961,3486,1,-15686,229,-251,-237,235,240,485,01,7,3,1650
D,683781051,1100,3487,1,-15687,329,-250,-236,235,240,484,01,7,3,1650
D,683782094,1043,3488,1,-15688,364,-250,-236,235,240,483,01,7,3,1650
D,683783037,943,3489,1,-15689,309,-249,-235,235,240,483,01,7,3,1650
D,683783997,960,3490,1,-15690,268,-249,-236,235,240,482,01,7,3,1650
D,683784989,992,3491,1,-15691,262,-248,-236,235,240,481,01,7,3,1650
D,683785988,999,3492,1,-15692,268,-248,-244,235,240,480,01,7,3,1650
D,683787005,1017,3493,1,-15693,283,-248,-244,235,240,479,01,7,3,1650
D,683787975,970,3495,2,-15695,247,-248,-252,235,240,477,01,7,3,1650
D,683788986,1011,3496,1,-15696,262,-248,-252,235,240,476,01,7,3,1650
D,683789972,986,3497,1,-15697,245,-248,-252,235,240,475,01,7,3,1650
D,683791011,1039,3498,1,-15698,281,-248,-251,235,240,475,01,7,3,1650
D,683792025,1014,3499,1,-15699,304,-249,-252,235,239,474,01,7,3,1650
D,683792947,922,3500,1,-15700,227,-249,-253,235,239,473,01,7,3,1650
D,683793956,1009,3501,1,-15701,236,-249,-252,235,236,472,01,7,3,1650
D,683795005,1049,3501,0,-15701,272,-249,-244,235,234,472,01,7,3,1650
D,683795952,947,3502,1,-15702,225,-248,-244,235,235,471,01,7,3,1650
D,683796946,994,3503,1,-15703,223,-248,-244,235,235,470,01,7,3,1650
D,683797949,1003,3504,1,-15704,224,-248,-237,235,235,469,01,7,3,1650
D,683799000,1051,3505,1,-15705,279,-247,-236,230,235,468,01,7,3,1650
D,683799954,954,3505,0,-15705,231,-247,-229,230,235,468,01,7,3,1650
D,683801052,1098,3506,1,-15706,327,-246,-228,230,235,468,01,7,3,1650
D,683802125,1073,3507,1,-15707,390,-245,-227,230,235,467,01,7,3,1650
D,683803038,913,3508,1,-15708,306,-244,-227,230,235,466,01,7,3,1650
D,683803995,957,3509,1,-15709,268,-244,-228,230,235,465,01,7,3,1650
D,683804997,1002,3510,1,-15710,263,-243,-228,230,235,464,01,7,3,1650
D,683805992,995,3511,1,-15711,262,-243,-236,230,235,463,01,7,3,1650
D,683807016,1024,3512,1,-15712,288,-243,-235,230,235,462,01,7,3,1650
D,683807985,969,3514,2,-15714,252,-243,-244,230,235,461,01,7,3,1650
D,683808997,1012,3515,1,-15715,263,-243,-244,230,235,460,01,7,3,1650
D,683809978,981,3516,1,-15716,249,-243,-244,230,235,459,01,7,3,1650
D,683811007,1029,3517,1,-15717,284,-243,-244,230,235,458,01,7,3,1650
D,683812031,1024,3518,1,-15718,300,-243,-244,230,235,457,01,7,3,1650
D,683812957,926,3519,1,-15719,234,-243,-245,230,235,456,01,7,3,1650
D,683813968,1011,3520,1,-15720,237,-243,-245,230,235,455,01,7,3,1650
D,683814997,1029,3521,1,-15721,265,-243,-244,230,235,454,01,7,3,1650
D,683815958,961,3522,1,-15722,231,-243,-244,230,235,454,01,7,3,1650
D,683816953,995,3523,1,-15723,222,-243,-244,230,235,453,01,7,3,1650
D,683817957,1004,3524,1,-15724,226,-243,-245,230,235,452,01,7,3,1650
D,683818981,1024,3524,0,-15724,260,-243,-228,230,235,452,01,7,3,1650
D,683819959,978,3525,1,-15725,232,-242,-229,230,234,451,01,7,3,1650
D,683821060,1101,3526,1,-15726,330,-241,-227,230,232,450,01,7,3,1650
D,683822085,1025,3527,1,-15727,365,-241,-227,230,232,449,01,7,3,1650
D,683823034,949,3528,1,-15728,306,-240,-227,230,230,448,01,7,3,1650
D,683824014,980,3529,1,-15729,292,-240,-227,225,230,447,01,7,3,1650
D,683825002,988,3530,1,-15730,279,-239,-228,225,230,446,01,7,3,1650
D,683826007,1005,3531,1,-15731,277,-239,-236,225,230,446,01,7,3,1650
D,683827030,1023,3532,1,-15732,302,-239,-235,225,230,445,01,7,3,1650
D,683827983,953,3533,1,-15733,256,-239,-236,225,230,444,01,7,3,1650
D,683828994,1011,3534,1,-15734,265,-239,-236,225,230,443,01,7,3,1650
D,683829987,993,3535,1,-15735,262,-239,-244,225,230,442,01,7,3,1650
D,683831017,1030,3537,2,-15737,288,-240,-252,225,230,440,01,7,3,1650
D,683832044,1027,3538,1,-15738,316,-240,-252,225,230,439,01,7,3,1650
D,683832954,910,3539,1,-15739,228,-241,-253,225,230,439,01,7,3,1650
D,683833968,1014,3539,0,-15739,236,-241,-245,225,230,439,01,7,3,1650
D,683834994,1026,3540,1,-15740,264,-241,-244,225,230,438,01,7,3,1650
D,683835948,954,3541,1,-15741,227,-241,-245,225,230,437,01,7,3,1650
D,683836949,1001,3542,1,-15742,222,-241,-244,225,230,436,01,7,3,1650
D,683837955,1006,3542,0,-15742,226,-241,-237,225,230,436,01,7,3,1650
D,683838982,1027,3543,1,-15743,258,-240,-228,225,230,435,01,7,3,1650
D,683839949,967,3544,1,-15744,229,-240,-229,225,230,434,01,7,3,1650
D,683841050,1101,3545,1,-15745,318,-239,-228,225,230,433,01,7,3,1650
D,683842120,1070,3546,1,-15746,387,-239,-227,225,230,432,01,7,3,1650
D,683843030,910,3547,1,-15747,297,-239,-227,225,230,432,01,7,3,1650
D,683843996,966,3547,0,-15747,263,-238,-220,225,230,432,01,7,3,1650
D,683844990,994,3548,1,-15748,263,-237,-220,225,227,431,01,7,3,1650
D,683845983,993,3549,1,-15749,261,-236,-220,225,225,430,01,7,3,1650
D,683847009,1026,3550,1,-15750,284,-236,-219,225,223,429,01,7,3,1650
D,683847981,972,3551,1,-15751,258,-235,-220,225,223,428,01,7,3,1650
D,683849012,1031,3552,1,-15752,280,-235,-228,220,225,427,01,7,3,1650
D,683849997,985,3553,1,-15753,272,-235,-228,220,225,426,01,7,3,1650
D,683851040,1043,3554,1,-15754,308,-234,-228,220,225,425,01,7,3,1650
D,683852038,998,3556,2,-15756,313,-234,-236,220,225,424,01,7,3,1650
D,683852953,915,3556,0,-15756,227,-234,-229,220,225,424,01,7,3,1650
D,683853955,1002,3557,1,-15757,231,-234,-229,220,225,423,01,7,3,1650
D,683855001,1046,3559,2,-15759,275,-234,-236,220,225,421,01,7,3,1650
D,683855943,942,3559,0,-15759,222,-234,-229,220,225,421,01,7,3,1650
D,683856955,1012,3560,1,-15760,222,-234,-229,220,225,420,01,7,3,1650
D,683857960,1005,3561,1,-15761,229,-233,-229,220,225,419,01,7,3,1650
D,683858983,1023,3562,1,-15762,262,-233,-228,220,225,418,01,7,3,1650
D,683859956,973,3563,1,-15763,225,-233,-229,220,225,417,01,7,3,1650
D,683861073,1117,3564,1,-15764,341,-233,-219,220,225,417,01,7,3,1650
D,683862088,1015,3564,0,-15764,366,-232,-211,220,225,417,01,7,3,1650
D,683863039,951,3565,1,-15765,304,-231,-211,220,225,416,01,7,3,1650
D,683863994,955,3566,1,-15766,268,-230,-220,220,225,415,01,7,3,1650
D,683865007,1013,3567,1,-15767,273,-230,-220,220,225,414,01,7,3,1650
D,683866003,996,3568,1,-15768,270,-230,-219,220,225,413,01,7,3,1650
D,683867007,1004,3568,0,-15768,285,-229,-211,220,225,413,01,7,3,1650
D,683867986,979,3569,1,-15769,260,-229,-219,220,223,412,01,7,3,1650
D,683868992,1006,3570,1,-15770,263,-228,-220,220,223,411,01,7,3,1650
D,683869974,982,3571,1,-15771,254,-228,-220,220,221,410,01,7,3,1650
D,683871005,1031,3572,1,-15772,282,-228,-220,220,218,410,01,7,3,1650
D,683872035,1030,3574,2,-15774,308,-228,-229,220,220,408,01,7,3,1650
D,683872957,922,3574,0,-15774,231,-227,-222,220,220,408,01,7,3,1650
D,683873989,1032,3575,1,-15775,264,-227,-221,215,220,407,01,7,3,1650
D,683875013,1024,3576,1,-15776,291,-227,-228,215,220,406,01,7,3,1650
D,683875958,945,3577,1,-15777,229,-227,-229,215,220,405,01,7,3,1650
D,683876957,999,3578,1,-15778,224,-227,-229,215,220,404,01,7,3,1650
D,683877954,997,3579,1,-15779,231,-227,-229,215,220,403,01,7,3,1650
D,683878986,1032,3580,1,-15780,259,-227,-228,215,220,403,01,7,3,1650
D,683879950,964,3581,1,-15781,226,-227,-229,215,220,402,01,7,3,1650
D,683881048,1098,3582,1,-15782,321,-227,-228,215,220,401,01,7,3,1650
D,683882104,1056,3583,1,-15783,375,-227,-219,215,220,400,01,7,3,1650
D,683883030,926,3583,0,-15783,297,-227,-219,215,220,400,01,7,3,1650
D,683883988,958,3584,1,-15784,265,-227,-219,215,220,399,01,7,3,1650
D,683884986,998,3585,1,-15785,262,-226,-220,215,220,398,01,7,3,1650
D,683885983,997,3585,0,-15785,254,-226,-211,215,220,398,01,7,3,1650
D,683887011,1028,3586,1,-15786,283,-225,-211,215,220,397,01,7,3,1650
D,683887976,965,3587,1,-15787,252,-225,-211,215,220,396,01,7,3,1650
D,683888980,1004,3588,1,-15788,259,-224,-213,215,220,396,01,7,3,1650
D,683889983,1003,3588,0,-15788,255,-223,-203,215,220,396,01,7,3,1650
D,683891004,1021,3590,2,-15790,279,-223,-212,215,220,394,01,7,3,1650
D,683892030,1026,3591,1,-15791,302,-222,-213,215,218,393,01,7,3,1650
D,683892959,929,3592,1,-15792,233,-222,-221,215,218,392,01,7,3,1650
D,683893972,1013,3593,1,-15793,240,-222,-221,215,216,391,01,7,3,1650
D,683894993,1021,3594,1,-15794,273,-222,-221,215,214,390,01,7,3,1650
D,683895951,958,3595,1,-15795,224,-222,-221,215,214,389,01,7,3,1650
D,683896948,997,3596,1,-15796,223,-222,-221,215,214,388,01,7,3,1650
D,683897954,1006,3597,1,-15797,229,-222,-229,215,214,388,01,7,3,1650
D,683899005,1051,3598,1,-15798,279,-223,-228,209,214,387,01,7,3,1650
D,683899963,958,3599,1,-15799,234,-223,-229,209,214,386,01,7,3,1650
D,683901046,1083,3600,1,-15800,325,-223,-228,209,214,385,01,7,3,1650
D,683902123,1077,3601,1,-15801,394,-223,-219,209,214,384,01,7,3,1650
D,683903029,906,3601,0,-15801,304,-223,-219,209,214,384,01,7,3,1650
D,683903997,968,3602,1,-15802,267,-223,-220,209,214,383,01,7,3,1650
D,683904979,982,3603,1,-15803,259,-223,-221,209,214,382,01,7,3,1650
D,683905988,1009,3604,1,-15804,262,-222,-220,209,214,381,01,7,3,1650
D,683907019,1031,3605,1,-15805,290,-222,-219,209,214,381,01,7,3,1650
D,683907989,970,3605,0,-15805,262,-222,-211,209,214,381,01,7,3,1650
D,683908988,999,3606,1,-15806,266,-222,-212,209,214,380,01,7,3,1650
D,683910001,1013,3607,1,-15807,269,-221,-211,209,214,379,01,7,3,1650
D,683911019,1018,3608,1,-15808,289,-221,-212,209,214,378,01,7,3,1650
D,683912032,1013,3608,0,-15808,304,-220,-205,209,214,378,01,7,3,1650
D,683912965,933,3609,1,-15809,236,-220,-206,209,214,377,01,7,3,1650
D,683913968,1003,3610,1,-15810,241,-219,-213,209,214,376,01,7,3,1650
D,683914996,1028,3611,1,-15811,270,-219,-212,209,214,375,01,7,3,1650
D,683915941,945,3612,1,-15812,221,-219,-213,209,214,374,01,7,3,1650
D,683916954,1013,3613,1,-15813,223,-219,-221,209,214,374,01,7,3,1650
D,683917954,1000,3614,1,-15814,227,-219,-221,209,214,373,01,7,3,1650
D,683918986,1032,3615,1,-15815,259,-219,-220,209,214,372,01,7,3,1650
D,683919955,969,3616,1,-15816,227,-219,-221,209,214,371,01,7,3,1650
D,683921053,1098,3617,1,-15817,328,-219,-219,209,211,370,01,7,3,1650
D,683922110,1057,3618,1,-15818,378,-219,-219,209,211,369,01,7,3,1650
D,683923034,924,3619,1,-15819,300,-219,-219,209,209,368,01,7,3,1650
D,683924016,982,3620,1,-15820,289,-219,-219,204,209,367,01,7,3,1650
D,683925004,988,3620,0,-15820,279,-219,-212,204,209,367,01,7,3,1650
D,683926001,997,3621,1,-15821,271,-218,-211,204,209,367,01,7,3,1650
D,683927029,1028,3622,1,-15822,304,-218,-211,204,209,366,01,7,3,1650
D,683927989,960,3623,1,-15823,261,-218,-211,204,209,365,01,7,3,1650
D,683928993,1004,3624,1,-15824,266,-218,-212,204,209,364,01,7,3,1650
D,683929990,997,3624,0,-15824,259,-217,-203,204,209,364,01,7,3,1650
D,683931011,1021,3625,1,-15825,288,-217,-204,204,209,363,01,7,3,1650
D,683932054,1043,3625,0,-15825,320,-216,-197,204,209,363,01,7,3,1650
D,683932946,892,3626,1,-15826,224,-215,-198,204,209,362,01,7,3,1650
D,683933955,1009,3627,1,-15827,237,-215,-205,204,209,361,01,7,3,1650
D,683934991,1036,3628,1,-15828,266,-214,-203,204,209,360,01,7,3,1650
D,683935958,967,3629,1,-15829,227,-214,-205,204,209,359,01,7,3,1650
D,683936952,994,3630,1,-15830,223,-214,-205,204,209,359,01,7,3,1650
D,683937957,1005,3631,1,-15831,227,-213,-205,204,209,358,01,7,3,1650
D,683938984,1027,3631,0,-15831,259,-213,-205,204,209,358,01,7,3,1650
D,683939948,964,3632,1,-15832,228,-213,-205,204,209,357,01,7,3,1650
D,683941038,1090,3633,1,-15833,319,-212,-203,204,209,356,01,7,3,1650
D,683942123,1085,3634,1,-15834,390,-212,-211,204,209,355,01,7,3,1650
D,683943029,906,3635,1,-15835,296,-212,-211,204,209,354,01,7,3,1650
D,683943985,956,3636,1,-15836,263,-212,-211,204,209,353,01,7,3,1650
D,683944996,1011,3637,1,-15837,265,-212,-212,204,206,352,01,7,3,1650
D,683945994,998,3638,1,-15838,262,-212,-211,204,206,352,01,7,3,1650
D,683947008,1014,3639,1,-15839,281,-212,-211,204,204,351,01,7,3,1650
D,683947990,982,3640,1,-15840,259,-212,-211,204,204,350,01,7,3,1650
D,683949005,1015,3640,0,-15840,282,-212,-203,199,204,350,01,7,3,1650
D,683950006,1001,3641,1,-15841,276,-211,-203,199,204,349,01,7,3,1650
D,683951029,1023,3642,1,-15842,305,-211,-204,199,204,348,01,7,3,1650
D,683952040,1011,3643,1,-15843,317,-211,-205,199,204,347,01,7,3,1650
D,683952953,913,3643,0,-15843,229,-210,-198,199,204,347,01,7,3,1650
D,683953955,1002,3644,1,-15844,232,-210,-197,199,204,346,01,7,3,1650
D,683954999,1044,3645,1,-15845,273,-209,-197,199,204,345,01,7,3,1650
D,683955956,957,3645,0,-15845,225,-209,-197,199,204,345,01,7,3,1650
D,683956948,992,3646,1,-15846,223,-208,-197,199,204,345,01,7,3,1650
D,683957952,1004,3647,1,-15847,225,-208,-197,199,204,344,01,7,3,1650
D,683958993,1041,3648,1,-15848,261,-207,-195,199,204,343,01,7,3,1650
D,683959956,963,3649,1,-15849,226,-207,-197,199,204,342,01,7,3,1650
D,683961061,1105,3650,1,-15850,329,-207,-203,199,204,341,01,7,3,1650
D,683962081,1020,3650,0,-15850,360,-207,-203,199,204,341,01,7,3,1650
D,683963027,946,3651,1,-15851,305,-207,-203,199,204,340,01,7,3,1650
D,683963992,965,3652,1,-15852,269,-206,-203,199,204,339,01,7,3,1650
D,683965005,1013,3653,1,-15853,268,-206,-203,199,204,338,01,7,3,1650
D,683966005,1000,3654,1,-15854,272,-206,-203,199,204,338,01,7,3,1650
D,683966999,994,3655,1,-15855,280,-206,-203,199,204,337,01,7,3,1650
D,683967987,988,3656,1,-15856,261,-206,-203,199,201,336,01,7,3,1650
D,683968979,992,3657,1,-15857,259,-206,-205,199,201,335,01,7,3,1650
D,683969975,996,3658,1,-15858,257,-206,-211,199,199,334,01,7,3,1650
D,683971005,1030,3658,0,-15858,279,-206,-204,199,196,334,01,7,3,1650
D,683972039,1034,3659,1,-15859,307,-206,-205,199,196,333,01,7,3,1650
D,683972946,907,3660,1,-15860,228,-206,-206,199,198,332,01,7,3,1650
D,683973993,1047,3661,1,-15861,271,-206,-203,194,198,331,01,7,3,1650
D,683975012,1019,3661,0,-15861,285,-205,-195,194,198,331,01,7,3,1650
D,683975950,938,3662,1,-15862,231,-205,-197,194,198,330,01,7,3,1650
D,683976946,996,3663,1,-15863,224,-205,-197,194,198,330,01,7,3,1650
D,683977958,1012,3664,1,-15864,232,-205,-197,194,198,329,01,7,3,1650
D,683978982,1024,3664,0,-15864,262,-204,-189,194,198,329,01,7,3,1650
D,683979958,976,3665,1,-15865,229,-204,-197,194,198,328,01,7,3,1650
D,683981061,1103,3666,1,-15866,325,-203,-195,194,198,327,01,7,3,1650
D,683982102,1041,3666,0,-15866,379,-203,-187,194,198,327,01,7,3,1650
D,683983016,914,3667,1,-15867,296,-202,-195,194,198,326,01,7,3,1650
D,683983986,970,3667,0,-15867,264,-202,-187,194,198,326,01,7,3,1650
D,683984988,1002,3668,1,-15868,262,-201,-189,194,198,325,01,7,3,1650
D,683985981,993,3669,1,-15869,261,-201,-195,194,198,324,01,7,3,1650
D,683987016,1035,3670,1,-15870,282,-201,-195,194,198,323,01,7,3,1650
D,683987983,967,3671,1,-15871,256,-201,-195,194,198,323,01,7,3,1650
D,683988989,1006,3672,1,-15872,261,-200,-197,194,198,322,01,7,3,1650
D,683989983,994,3672,0,-15872,263,-200,-187,194,198,322,01,7,3,1650
D,683991003,1020,3673,1,-15873,282,-199,-189,194,198,321,01,7,3,1650
D,683992021,1018,3674,1,-15874,301,-199,-189,194,196,320,01,7,3,1650
D,683992960,939,3675,1,-15875,233,-199,-198,194,194,319,01,7,3,1650
D,683993963,1003,3676,1,-15876,242,-199,-197,194,194,318,01,7,3,1650
D,683994993,1030,3677,1,-15877,270,-199,-197,194,191,317,01,7,3,1650
D,683995950,957,3678,1,-15878,223,-199,-197,194,191,316,01,7,3,1650
D,683996947,997,3679,1,-15879,222,-199,-197,194,193,316,01,7,3,1650
D,683997954,1007,3680,1,-15880,233,-199,-197,194,193,315,01,7,3,1650
D,683999007,1053,3680,0,-15880,281,-198,-187,188,193,315,01,7,3,1650
D,683999956,949,3681,1,-15881,234,-198,-189,188,193,314,01,7,3,1650
D,684001047,1091,3682,1,-15882,323,-198,-195,188,193,313,01,7,3,1650
D,684002121,1074,3683,1,-15883,396,-198,-195,188,193,312,01,7,3,1650
D,684003025,904,3683,0,-15883,301,-197,-187,188,193,312,01,7,3,1650
D,684003999,974,3684,1,-15884,266,-197,-187,188,193,311,01,7,3,1650
D,684004990,991,3685,1,-15885,262,-197,-189,188,193,310,01,7,3,1650
D,684005987,997,3685,0,-15885,268,-196,-187,188,193,310,01,7,3,1650
D,684007022,1035,3686,1,-15886,290,-196,-187,188,193,309,01,7,3,1650
D,684007986,964,3686,0,-15886,253,-195,-179,188,193,309,01,7,3,1650
D,684009001,1015,3687,1,-15887,268,-195,-187,188,193,308,01,7,3,1650
D,684009980,979,3688,1,-15888,255,-195,-187,188,193,308,01,7,3,1650
D,684011011,1031,3689,1,-15889,286,-194,-189,188,193,307,01,7,3,1650
D,684012036,1025,3690,1,-15890,303,-194,-189,188,193,306,01,7,3,1650
D,684012957,921,3690,0,-15890,235,-194,-190,188,193,306,01,7,3,1650
D,684013967,1010,3691,1,-15891,241,-194,-189,188,193,305,01,7,3,1650
D,684014984,1017,3692,1,-15892,264,-194,-197,188,193,304,01,7,3,1650
D,684015949,965,3693,1,-15893,227,-194,-197,188,193,303,01,7,3,1650
D,684016944,995,3694,1,-15894,223,-194,-197,188,193,302,01,7,3,1650
D,684017950,1006,3695,1,-15895,228,-194,-197,188,193,301,01,7,3,1650
D,684018987,1037,3696,1,-15896,263,-194,-197,188,193,301,01,7,3,1650
D,684019948,961,3696,0,-15896,227,-194,-189,188,193,301,01,7,3,1650
D,684021052,1104,3697,1,-15897,329,-194,-195,188,191,300,01,7,3,1650
D,684022105,1053,3698,1,-15898,377,-194,-195,188,188,299,01,7,3,1650
D,684023029,924,3699,1,-15899,301,-194,-195,188,188,298,01,7,3,1650
D,684024011,982,3700,1,-15900,287,-194,-195,183,186,297,01,7,3,1650
D,684025003,992,3700,0,-15900,282,-194,-187,183,186,297,01,7,3,1650
D,684026002,999,3701,1,-15901,271,-194,-187,183,188,296,01,7,3,1650
D,684027029,1027,3702,1,-15902,304,-193,-187,183,188,295,01,7,3,1650
D,684027986,957,3702,0,-15902,258,-193,-179,183,188,295,01,7,3,1650
D,684028990,1004,3703,1,-15903,266,-192,-181,183,188,294,01,7,3,1650
D,684029988,998,3703,0,-15903,264,-192,-179,183,188,294,01,7,3,1650
D,684031012,1024,3704,1,-15904,288,-191,-181,183,188,294,01,7,3,1650
D,684032033,1021,3705,1,-15905,314,-191,-181,183,188,293,01,7,3,1650
D,684032956,923,3706,1,-15906,226,-191,-182,183,188,292,01,7,3,1650
D,684033970,1014,3706,0,-15906,237,-190,-181,183,188,292,01,7,3,1650
D,684034994,1024,3707,1,-15907,264,-190,-179,183,188,291,01,7,3,1650
D,684035960,966,3707,0,-15907,227,-189,-173,183,188,291,01,7,3,1650
D,684036957,997,3708,1,-15908,225,-189,-181,183,188,290,01,7,3,1650
D,684037960,1003,3709,1,-15909,229,-189,-181,183,188,289,01,7,3,1650
D,684038979,1019,3710,1,-15910,260,-189,-189,183,188,288,01,7,3,1650
D,684039954,975,3711,1,-15911,226,-189,-189,183,188,287,01,7,3,1650
D,684041043,1089,3711,0,-15911,321,-188,-179,183,188,287,01,7,3,1650
D,684042095,1052,3712,1,-15912,375,-188,-179,183,188,287,01,7,3,1650
D,684043031,936,3713,1,-15913,299,-188,-187,183,188,286,01,7,3,1650
D,684043982,951,3714,1,-15914,264,-188,-187,183,186,285,01,7,3,1650
D,684044993,1011,3715,1,-15915,266,-188,-187,183,186,284,01,7,3,1650
D,684045977,984,3715,0,-15915,257,-187,-179,183,183,284,01,7,3,1650
D,684047008,1031,3716,1,-15916,280,-187,-179,183,183,283,01,7,3,1650
D,684047981,973,3717,1,-15917,257,-187,-179,183,183,282,01,7,3,1650
D,684049010,1029,3718,1,-15918,279,-186,-179,178,183,281,01,7,3,1650
D,684049991,981,3719,1,-15919,271,-186,-187,178,183,280,01,7,3,1650
D,684051031,1040,3719,0,-15919,307,-186,-181,178,183,280,01,7,3,1650
D,684052042,1011,3720,1,-15920,312,-186,-181,178,183,279,01,7,3,1650
D,684052958,916,3721,1,-15921,228,-186,-182,178,183,279,01,7,3,1650
D,684053976,1018,3722,1,-15922,244,-186,-181,178,183,278,01,7,3,1650
D,684055002,1026,3722,0,-15922,281,-185,-173,178,183,278,01,7,3,1650
D,684055952,950,3722,0,-15922,222,-185,-174,178,183,278,01,7,3,1650
D,684056943,991,3723,1,-15923,222,-184,-174,178,183,277,01,7,3,1650
D,684057948,1005,3724,1,-15924,226,-184,-174,178,183,276,01,7,3,1650
D,684058980,1032,3725,1,-15925,257,-184,-181,178,183,275,01,7,3,1650
D,684059951,971,3725,0,-15925,230,-183,-173,178,183,275,01,7,3,1650
D,684061056,1105,3726,1,-15926,333,-183,-179,178,183,274,01,7,3,1650
D,684062093,1037,3727,1,-15927,365,-183,-179,178,183,273,01,7,3,1650
D,684063023,930,3727,0,-15927,302,-183,-171,178,183,273,01,7,3,1650
D,684063991,968,3728,1,-15928,268,-182,-179,178,183,272,01,7,3,1650
D,684065000,1009,3729,1,-15929,267,-182,-179,178,183,272,01,7,3,1650
D,684065981,981,3729,0,-15929,260,-182,-179,178,183,272,01,7,3,1650
D,684067013,1032,3730,1,-15930,285,-182,-179,178,183,271,01,7,3,1650
D,684067991,978,3731,1,-15931,259,-182,-179,178,183,270,01,7,3,1650
D,684068984,993,3732,1,-15932,265,-182,-179,178,183,269,01,7,3,1650
D,684069982,998,3733,1,-15933,262,-182,-179,178,180,268,01,7,3,1650
D,684071019,1037,3733,0,-15933,288,-181,-173,178,177,268,01,7,3,1650
D,684072026,1007,3734,1,-15934,303,-181,-181,178,177,267,01,7,3,1650
D,684072963,937,3735,1,-15935,233,-181,-182,178,178,266,01,7,3,1650
D,684073995,1032,3736,1,-15936,267,-181,-179,173,178,265,01,7,3,1650
D,684075017,1022,3736,0,-15936,285,-181,-171,173,178,265,01,7,3,1650
D,684075958,941,3737,1,-15937,228,-181,-173,173,178,265,01,7,3,1650
D,684076942,984,3738,1,-15938,224,-181,-181,173,178,264,01,7,3,1650
D,684077967,1025,3739,1,-15939,234,-181,-181,173,178,263,01,7,3,1650
D,684078991,1024,3739,0,-15939,258,-180,-173,173,178,263,01,7,3,1650
D,684079947,956,3740,1,-15940,227,-180,-174,173,178,262,01,7,3,1650
D,684081047,1100,3741,1,-15941,321,-180,-179,173,178,261,01,7,3,1650
D,684082097,1050,3742,1,-15942,367,-180,-179,173,178,260,01,7,3,1650
D,684083023,926,3742,0,-15942,304,-180,-171,173,178,260,01,7,3,1650
D,684083993,970,3743,1,-15943,271,-179,-171,173,178,259,01,7,3,1650
D,684084998,1005,3743,0,-15943,265,-179,-165,173,178,259,01,7,3,1650
D,684086005,1007,3744,1,-15944,272,-179,-179,173,178,258,01,7,3,1650
D,684087003,998,3744,0,-15944,284,-178,-171,173,178,258,01,7,3,1650
D,684087971,968,3745,1,-15945,252,-178,-171,173,178,258,01,7,3,1650
D,684088989,1018,3746,1,-15946,264,-178,-171,173,178,257,01,7,3,1650
D,684089975,986,3746,0,-15946,254,-178,-171,173,178,257,01,7,3,1650
D,684091014,1039,3747,1,-15947,283,-177,-173,173,178,256,01,7,3,1650
D,684092039,1025,3748,1,-15948,306,-177,-173,173,177,255,01,7,3,1650
D,684092952,913,3748,0,-15948,232,-177,-166,173,177,255,01,7,3,1650
D,684093962,1010,3749,1,-15949,237,-177,-174,173,174,254,01,7,3,1650
D,684094996,1034,3750,1,-15950,268,-177,-173,173,174,253,01,7,3,1650
D,684095945,949,3751,1,-15951,226,-176,-174,173,172,252,01,7,3,1650
D,684096955,1010,3751,0,-15951,222,-176,-173,173,172,252,01,7,3,1650
D,684097945,990,3752,1,-15952,227,-176,-174,173,173,251,01,7,3,1650
D,684099018,1073,3753,1,-15953,288,-176,-171,168,173,250,01,7,3,1650
D,684099953,935,3754,1,-15954,235,-176,-173,168,173,250,01,7,3,1650
D,684101059,1106,3755,1,-15955,325,-176,-179,168,173,249,01,7,3,1650
D,684102127,1068,3756,1,-15956,398,-176,-178,168,173,248,01,7,3,1650
D,684103018,891,3756,0,-15956,298,-176,-171,168,173,248,01,7,3,1650
D,684103991,973,3757,1,-15957,266,-176,-173,168,173,247,01,7,3,1650
D,684104978,987,3757,0,-15957,260,-175,-165,168,173,247,01,7,3,1650
D,684105993,1015,3758,1,-15958,267,-175,-171,168,173,246,01,7,3,1650
D,684107018,1025,3759,1,-15959,287,-175,-170,168,173,245,01,7,3,1650
D,684107991,973,3760,1,-15960,257,-175,-171,168,173,244,01,7,3,1650
D,684108996,1005,3761,1,-15961,265,-175,-179,168,173,243,01,7,3,1650
D,684109982,986,3761,0,-15961,259,-175,-171,168,173,243,01,7,3,1650
D,684111009,1027,3762,1,-15962,289,-175,-173,168,173,243,01,7,3,1650
D,684112044,1035,3762,0,-15962,312,-174,-165,168,173,243,01,7,3,1650
D,684112945,901,3763,1,-15963,227,-174,-166,168,173,242,01,7,3,1650
D,684113953,1008,3764,1,-15964,234,-174,-174,168,173,241,01,7,3,1650
D,684114997,1044,3764,0,-15964,266,-174,-165,168,173,241,01,7,3,1650
D,684115946,949,3765,1,-15965,226,-174,-174,168,173,240,01,7,3,1650
D,684116940,994,3765,0,-15965,222,-173,-166,168,173,240,01,7,3,1650
D,684117944,1004,3766,1,-15966,224,-173,-174,168,173,239,01,7,3,1650
D,684118980,1036,3767,1,-15967,261,-173,-173,168,173,238,01,7,3,1650
D,684119958,978,3768,1,-15968,226,-173,-173,168,173,237,01,7,3,1650
D,684121059,1101,3768,0,-15968,328,-173,-171,168,172,237,01,7,3,1650
D,684122105,1046,3769,1,-15969,380,-173,-171,168,172,236,01,7,3,1650
D,684123031,926,3770,1,-15970,298,-173,-179,168,169,236,01,7,3,1650
D,684124019,988,3770,0,-15970,286,-173,-171,163,169,236,01,7,3,1650
D,684125003,984,3771,1,-15971,280,-173,-171,163,166,235,01,7,3,1650
D,684125996,993,3772,1,-15972,264,-173,-171,163,166,234,01,7,3,1650
D,684127020,1024,3773,1,-15973,301,-173,-179,163,168,233,01,7,3,1650
D,684127983,963,3773,0,-15973,262,-173,-171,163,168,233,01,7,3,1650
D,684128990,1007,3774,1,-15974,266,-173,-173,163,168,232,01,7,3,1650
D,684129991,1001,3775,1,-15975,264,-173,-171,163,168,231,01,7,3,1650
D,684131015,1024,3776,1,-15976,288,-173,-173,163,168,230,01,7,3,1650
D,684132045,1030,3776,0,-15976,319,-173,-165,163,168,230,01,7,3,1650
D,684132952,907,3777,1,-15977,225,-173,-166,163,168,229,01,7,3,1650
D,684133963,1011,3778,1,-15978,234,-173,-174,163,168,229,01,7,3,1650
D,684134987,1024,3778,0,-15978,266,-173,-171,163,168,229,01,7,3,1650
D,684135956,969,3779,1,-15979,228,-173,-173,163,168,228,01,7,3,1650
D,684136951,995,3779,0,-15979,222,-172,-166,163,168,228,01,7,3,1650
D,684137958,1007,3780,1,-15980,228,-172,-166,163,168,227,01,7,3,1650
D,684138993,1035,3781,1,-15981,261,-172,-165,163,168,226,01,7,3,1650
D,684139957,964,3781,0,-15981,228,-171,-158,163,168,226,01,7,3,1650
D,684141047,1090,3782,1,-15982,322,-171,-163,163,168,225,01,7,3,1650
D,684142137,1090,3783,1,-15983,402,-171,-170,163,168,224,01,7,3,1650
D,684143016,879,3783,0,-15983,293,-171,-162,163,166,224,01,7,3,1650
D,684143983,967,3784,1,-15984,262,-170,-163,163,166,223,01,7,3,1650
D,684144996,1013,3784,0,-15984,266,-170,-157,163,162,223,01,7,3,1650
D,684145979,983,3785,1,-15985,258,-169,-163,163,162,222,01,7,3,1650
D,684147004,1025,3786,1,-15986,283,-169,-171,163,163,221,01,7,3,1650
D,684147984,980,3786,0,-15986,252,-169,-163,163,163,221,01,7,3,1650
D,684149013,1029,3787,1,-15987,281,-169,-163,158,163,221,01,7,3,1650
D,684149992,979,3787,0,-15987,268,-168,-154,158,163,221,01,7,3,1650
D,684151029,1037,3788,1,-15988,304,-168,-157,158,163,220,01,7,3,1650
D,684152049,1020,3788,0,-15988,316,-168,-158,158,163,220,01,7,3,1650
D,684152956,907,3789,1,-15989,227,-167,-158,158,163,219,01,7,3,1650
D,684153956,1000,3790,1,-15990,230,-167,-158,158,163,218,01,7,3,1650
D,684155010,1054,3791,1,-15991,279,-167,-163,158,163,217,01,7,3,1650
D,684155950,940,3791,0,-15991,223,-166,-158,158,163,217,01,7,3,1650
D,684156946,996,3792,1,-15992,222,-166,-158,158,163,216,01,7,3,1650
D,684157948,1002,3793,1,-15993,226,-166,-158,158,163,215,01,7,3,1650
D,684158986,1038,3794,1,-15994,260,-166,-165,158,163,214,01,7,3,1650
D,684159955,969,3794,0,-15994,223,-165,-158,158,163,214,01,7,3,1650
D,684161054,1099,3795,1,-15995,332,-165,-154,158,163,214,01,7,3,1650
D,684162103,1049,3795,0,-15995,373,-164,-154,158,163,214,01,7,3,1650
D,684163025,922,3796,1,-15996,301,-164,-154,158,163,213,01,7,3,1650
D,684163989,964,3797,1,-15997,264,-164,-154,158,163,212,01,7,3,1650
D,684164993,1004,3798,1,-15998,266,-164,-163,158,163,211,01,7,3,1650
D,684165977,984,3799,1,-15999,257,-164,-163,158,163,210,01,7,3,1650
D,684167017,1040,3799,0,-15999,284,-164,-162,158,163,210,01,7,3,1650
D,684167991,974,3800,1,-16000,258,-164,-163,158,162,209,01,7,3,1650
D,684168991,1000,3800,0,-16000,265,-163,-157,158,162,209,01,7,3,1650
D,684169984,993,3801,1,-16001,255,-163,-163,158,159,208,01,7,3,1650
D,684171005,1021,3801,0,-16001,285,-163,-157,158,159,208,01,7,3,1650
D,684172029,1024,3802,1,-16002,304,-163,-158,158,156,207,01,7,3,1650
D,684172954,925,3802,0,-16002,233,-162,-151,158,156,207,01,7,3,1650
D,684173974,1020,3803,1,-16003,256,-162,-158,153,158,207,01,7,3,1650
D,684175021,1047,3804,1,-16004,297,-162,-163,153,158,206,01,7,3,1650
D,684175953,932,3804,0,-16004,223,-162,-158,153,158,206,01,7,3,1650
D,684176947,994,3805,1,-16005,222,-162,-158,153,158,205,01,7,3,1650
D,684177955,1008,3805,0,-16005,229,-161,-150,153,158,205,01,7,3,1650
D,684178987,1032,3806,1,-16006,254,-161,-157,153,158,204,01,7,3,1650
D,684179950,963,3806,0,-16006,226,-161,-150,153,158,204,01,7,3,1650
D,684181054,1104,3807,1,-16007,329,-161,-154,153,158,203,01,7,3,1650
D,684182100,1046,3808,1,-16008,369,-161,-162,153,158,202,01,7,3,1650
D,684183015,915,3808,0,-16008,295,-160,-154,153,158,202,01,7,3,1650
D,684183991,976,3809,1,-16009,269,-160,-154,153,158,201,01,7,3,1650
D,684184987,996,3810,1,-16010,256,-160,-157,153,158,200,01,7,3,1650
D,684185995,1008,3810,0,-16010,266,-160,-154,153,158,200,01,7,3,1650
D,684187014,1019,3811,1,-16011,282,-160,-154,153,158,200,01,7,3,1650
D,684187986,972,3812,1,-16012,263,-159,-154,153,158,199,01,7,3,1650
D,684188985,999,3812,0,-16012,263,-159,-149,153,158,199,01,7,3,1650
D,684190002,1017,3813,1,-16013,273,-159,-154,153,158,198,01,7,3,1650
D,684191006,1004,3814,1,-16014,280,-159,-157,153,158,197,01,7,3,1650
D,684192041,1035,3815,1,-16015,309,-159,-158,153,158,196,01,7,3,1650
D,684192948,907,3815,0,-16015,228,-159,-158,153,158,196,01,7,3,1650
D,684193962,1014,3816,1,-16016,238,-159,-158,153,156,195,01,7,3,1650
D,684195001,1039,3817,1,-16017,269,-159,-155,153,156,194,01,7,3,1650
D,684195952,951,3817,0,-16017,223,-158,-150,153,153,194,01,7,3,1650
D,684196946,994,3818,1,-16018,223,-158,-150,153,153,193,01,7,3,1650
D,684197951,1005,3818,0,-16018,226,-158,-150,153,153,193,01,7,3,1650
D,684199002,1051,3819,1,-16019,283,-157,-155,148,153,192,01,7,3,1650
D,684199963,961,3820,1,-16020,233,-157,-158,148,153,192,01,7,3,1650
D,684201066,1103,3820,0,-16020,329,-157,-154,148,153,192,01,7,3,1650
D,684202101,1035,3821,1,-16021,379,-157,-154,148,153,191,01,7,3,1650
D,684203036,935,3821,0,-16021,307,-157,-154,148,153,191,01,7,3,1650
D,684203996,960,3822,1,-16022,263,-157,-155,148,153,190,01,7,3,1650
D,684204996,1000,3822,0,-16022,265,-157,-150,148,153,190,01,7,3,1650
D,684205998,1002,3823,1,-16023,274,-157,-154,148,153,189,01,7,3,1650
D,684207012,1014,3823,0,-16023,291,-156,-146,148,153,189,01,7,3,1650
D,684207972,960,3824,1,-16024,243,-156,-155,148,153,188,01,7,3,1650
D,684208984,1012,3824,0,-16024,265,-156,-149,148,153,188,01,7,3,1650
D,684209979,995,3825,1,-16025,245,-156,-154,148,153,187,01,7,3,1650
D,684211011,1032,3825,0,-16025,287,-156,-149,148,153,187,01,7,3,1650
D,684212023,1012,3826,1,-16026,304,-155,-150,148,153,186,01,7,3,1650
D,684212959,936,3827,1,-16027,236,-155,-150,148,153,185,01,7,3,1650
D,684213969,1010,3827,0,-16027,241,-155,-150,148,153,185,01,7,3,1650
D,684214988,1019,3828,1,-16028,264,-155,-146,148,153,185,01,7,3,1650
D,684215951,963,3828,0,-16028,230,-154,-142,148,153,185,01,7,3,1650
D,684216946,995,3829,1,-16029,222,-154,-150,148,153,184,01,7,3,1650
D,684217947,1001,3829,0,-16029,227,-153,-142,148,153,184,01,7,3,1650
D,684218979,1032,3830,1,-16030,261,-153,-142,148,153,183,01,7,3,1650
D,684219954,975,3831,1,-16031,227,-153,-150,148,149,182,01,7,3,1650
D,684221048,1094,3832,1,-16032,328,-153,-146,148,149,181,01,7,3,1650
D,684222122,1074,3832,0,-16032,393,-152,-138,148,146,181,01,7,3,1650
D,684223017,895,3833,1,-16033,293,-152,-146,148,146,180,01,7,3,1650
D,684224023,1006,3834,1,-16034,289,-152,-146,143,148,179,01,7,3,1650
D,684225006,983,3835,1,-16035,276,-151,-146,143,148,178,01,7,3,1650
D,684225996,990,3835,0,-16035,270,-151,-146,143,148,178,01,7,3,1650
D,684227034,1038,3836,1,-16036,306,-151,-146,143,148,178,01,7,3,1650
D,684227986,952,3836,0,-16036,264,-151,-146,143,148,178,01,7,3,1650
D,684228992,1006,3837,1,-16037,265,-151,-149,143,148,177,01,7,3,1650
D,684229998,1006,3837,0,-16037,268,-150,-138,143,148,177,01,7,3,1650
D,684231013,1015,3838,1,-16038,289,-150,-142,143,148,176,01,7,3,1650
D,684232045,1032,3839,1,-16039,315,-150,-150,143,148,175,01,7,3,1650
D,684232955,910,3840,1,-16040,229,-150,-150,143,148,174,01,7,3,1650
D,684233963,1008,3840,0,-16040,238,-150,-150,143,148,174,01,7,3,1650
D,684234993,1030,3841,1,-16041,264,-150,-150,143,148,173,01,7,3,1650
D,684235955,962,3841,0,-16041,228,-150,-150,143,148,173,01,7,3,1650
D,684236953,998,3841,0,-16041,227,-150,-142,143,148,173,01,7,3,1650
D,684237952,999,3842,1,-16042,227,-150,-150,143,148,172,01,7,3,1650
D,684238981,1029,3842,0,-16042,259,-149,-142,143,148,172,01,7,3,1650
D,684239956,975,3843,1,-16043,227,-149,-150,143,148,171,01,7,3,1650
D,684241040,1084,3843,0,-16043,322,-149,-146,143,148,171,01,7,3,1650
D,684242109,1069,3844,1,-16044,382,-149,-146,143,148,171,01,7,3,1650
D,684243019,910,3844,0,-16044,297,-149,-138,143,148,171,01,7,3,1650
D,684243986,967,3845,1,-16045,264,-149,-146,143,146,170,01,7,3,1650
D,684244995,1009,3846,1,-16046,270,-148,-146,143,146,169,01,7,3,1650
D,684245984,989,3846,0,-16046,259,-148,-146,143,142,169,01,7,3,1650
D,684247004,1020,3847,1,-16047,283,-148,-146,143,142,168,01,7,3,1650
D,684247975,971,3847,0,-16047,248,-148,-146,143,142,168,01,7,3,1650
D,684249002,1027,3848,1,-16048,282,-148,-146,138,142,167,01,7,3,1650
D,684249993,991,3849,1,-16049,268,-148,-146,138,142,166,01,7,3,1650
D,684251034,1041,3849,0,-16049,308,-148,-141,138,142,166,01,7,3,1650
D,684252047,1013,3850,1,-16050,314,-148,-142,138,142,165,01,7,3,1650
D,684252956,909,3850,0,-16050,227,-147,-143,138,142,165,01,7,3,1650
D,684253964,1008,3851,1,-16051,239,-147,-142,138,142,164,01,7,3,1650
D,684255003,1039,3852,1,-16052,273,-147,-142,138,142,163,01,7,3,1650
D,684255942,939,3852,0,-16052,223,-146,-134,138,142,163,01,7,3,1650
D,684256954,1012,3853,1,-16053,223,-146,-142,138,142,163,01,7,3,1650
D,684257954,1000,3854,1,-16054,225,-146,-142,138,142,162,01,7,3,1650
D,684258999,1045,3855,1,-16055,267,-146,-146,138,142,161,01,7,3,1650
D,684259957,958,3855,0,-16055,225,-146,-142,138,142,161,01,7,3,1650
D,684261069,1112,3856,1,-16056,334,-146,-146,138,142,160,01,7,3,1650
D,684262098,1029,3856,0,-16056,368,-146,-138,138,142,160,01,7,3,1650
D,684263029,931,3857,1,-16057,304,-145,-138,138,142,159,01,7,3,1650
D,684263998,969,3857,0,-16057,267,-145,-138,138,142,159,01,7,3,1650
D,684264984,986,3858,1,-16058,260,-145,-142,138,142,158,01,7,3,1650
D,684265984,1000,3858,0,-16058,258,-145,-138,138,142,158,01,7,3,1650
D,684267006,1022,3859,1,-16059,287,-145,-146,138,142,157,01,7,3,1650
D,684267978,972,3859,0,-16059,256,-145,-138,138,142,157,01,7,3,1650
D,684268992,1014,3860,1,-16060,267,-145,-146,138,142,156,01,7,3,1650
D,684269982,990,3861,1,-16061,257,-145,-146,138,142,156,01,7,3,1650
D,684271012,1030,3861,0,-16061,284,-145,-142,138,142,156,01,7,3,1650
D,684272041,1029,3862,1,-16062,308,-145,-150,138,139,155,01,7,3,1650
D,684272957,916,3862,0,-16062,229,-145,-142,138,139,155,01,7,3,1650
D,684273977,1020,3862,0,-16062,258,-145,-142,132,135,155,01,7,3,1650
D,684275026,1049,3863,1,-16063,297,-144,-138,132,135,154,01,7,3,1650
D,684275949,923,3863,0,-16063,229,-144,-134,132,137,154,01,7,3,1650
D,684276942,993,3864,1,-16064,223,-144,-142,132,137,153,01,7,3,1650
D,684277961,1019,3864,0,-16064,230,-143,-134,132,137,153,01,7,3,1650
D,684278978,1017,3865,1,-16065,253,-143,-142,132,137,152,01,7,3,1650
D,684279953,975,3865,0,-16065,227,-143,-134,132,137,152,01,7,3,1650
D,684281055,1102,3866,1,-16066,328,-143,-138,132,137,151,01,7,3,1650
D,684282101,1046,3866,0,-16066,375,-142,-130,132,137,151,01,7,3,1650
D,684283015,914,3867,1,-16067,297,-142,-138,132,137,150,01,7,3,1650
D,684283984,969,3867,0,-16067,266,-142,-130,132,137,150,01,7,3,1650
D,684284982,998,3868,1,-16068,258,-141,-134,132,137,149,01,7,3,1650
D,684285981,999,3869,1,-16069,263,-141,-138,132,137,149,01,7,3,1650
D,684287005,1024,3869,0,-16069,286,-141,-130,132,137,149,01,7,3,1650
D,684287980,975,3870,1,-16070,259,-140,-130,132,137,148,01,7,3,1650
D,684288986,1006,3870,0,-16070,263,-140,-126,132,137,148,01,7,3,1650
D,684289979,993,3871,1,-16071,261,-139,-130,132,137,147,01,7,3,1650
D,684291007,1028,3871,0,-16071,280,-139,-126,132,137,147,01,7,3,1650
D,684292030,1023,3872,1,-16072,305,-138,-126,132,135,146,01,7,3,1650
D,684292959,929,3873,1,-16073,229,-138,-134,132,135,145,01,7,3,1650
D,684293963,1004,3873,0,-16073,237,-138,-126,132,135,145,01,7,3,1650
D,684295000,1037,3874,1,-16074,268,-137,-130,132,131,144,01,7,3,1650
D,684295956,956,3875,1,-16075,225,-137,-134,132,131,143,01,7,3,1650
D,684296954,998,3875,0,-16075,224,-137,-134,132,132,143,01,7,3,1650
D,684297953,999,3876,1,-16076,226,-137,-134,132,132,142,01,7,3,1650
D,684299001,1048,3876,0,-16076,278,-137,-130,127,132,142,01,7,3,1650
D,684299954,953,3877,1,-16077,235,-137,-134,127,132,142,01,7,3,1650
D,684301054,1100,3877,0,-16077,324,-136,-130,127,132,142,01,7,3,1650
D,684302118,1064,3878,1,-16078,387,-136,-130,127,132,141,01,7,3,1650
D,684303032,914,3878,0,-16078,303,-136,-130,127,132,141,01,7,3,1650
D,684303984,952,3879,1,-16079,261,-136,-138,127,132,140,01,7,3,1650
D,684304984,1000,3879,0,-16079,264,-136,-134,127,132,140,01,7,3,1650
D,684305989,1005,3880,1,-16080,263,-136,-138,127,132,139,01,7,3,1650
D,684307017,1028,3880,0,-16080,290,-136,-130,127,132,139,01,7,3,1650
D,684307994,977,3881,1,-16081,262,-136,-138,127,132,138,01,7,3,1650
D,684308987,993,3881,0,-16081,267,-136,-130,127,132,138,01,7,3,1650
D,684309984,997,3882,1,-16082,265,-136,-138,127,132,137,01,7,3,1650
D,684311018,1034,3882,0,-16082,289,-136,-134,127,132,137,01,7,3,1650
D,684312039,1021,3883,1,-16083,306,-136,-134,127,132,136,01,7,3,1650
D,684312962,923,3883,0,-16083,230,-136,-134,127,132,136,01,7,3,1650
D,684313953,991,3883,0,-16083,234,-135,-126,127,132,136,01,7,3,1650
D,684314995,1042,3884,1,-16084,271,-135,-130,127,132,135,01,7,3,1650
D,684315957,962,3885,1,-16085,225,-135,-134,127,132,134,01,7,3,1650
D,684316949,992,3885,0,-16085,222,-135,-126,127,132,134,01,7,3,1650
D,684317950,1001,3885,0,-16085,226,-134,-126,127,132,134,01,7,3,1650
D,684318982,1032,3886,1,-16086,261,-134,-126,127,132,134,01,7,3,1650
D,684319959,977,3886,0,-16086,226,-134,-126,127,132,134,01,7,3,1650
D,684321053,1094,3887,1,-16087,322,-133,-130,127,131,133,01,7,3,1650
D,684322116,1063,3887,0,-16087,385,-133,-122,127,131,133,01,7,3,1650
D,684323025,909,3888,1,-16088,291,-133,-122,127,127,132,01,7,3,1650
D,684324021,996,3888,0,-16088,287,-132,-122,122,127,132,01,7,3,1650
D,684325006,985,3889,1,-16089,275,-132,-122,122,123,131,01,7,3,1650
D,684325992,986,3890,1,-16090,266,-131,-122,122,123,130,01,7,3,1650
D,684327037,1045,3890,0,-16090,302,-131,-122,122,123,130,01,7,3,1650
D,684327992,955,3891,1,-16091,265,-131,-122,122,127,129,01,7,3,1650
D,684328997,1005,3891,0,-16091,267,-130,-118,122,127,129,01,7,3,1650
D,684329989,992,3892,1,-16092,267,-130,-122,122,127,128,01,7,3,1650
D,684331018,1029,3893,1,-16093,286,-130,-126,122,127,127,01,7,3,1650
D,684332053,1035,3893,0,-16093,323,-130,-126,122,127,127,01,7,3,1650
D,684332946,893,3893,0,-16093,224,-129,-119,122,127,127,01,7,3,1650
D,684333970,1024,3894,1,-16094,237,-129,-126,122,127,127,01,7,3,1650
D,684334987,1017,3895,1,-16095,262,-129,-130,122,127,126,01,7,3,1650
D,684335947,960,3895,0,-16095,228,-129,-126,122,127,126,01,7,3,1650
D,684336940,993,3896,1,-16096,222,-129,-126,122,127,125,01,7,3,1650
D,684337959,1019,3896,0,-16096,226,-129,-126,122,127,125,01,7,3,1650
D,684338988,1029,3897,1,-16097,260,-129,-130,122,127,124,01,7,3,1650
D,684339952,964,3897,0,-16097,232,-129,-126,122,127,124,01,7,3,1650
D,684341059,1107,3898,1,-16098,323,-129,-130,122,127,123,01,7,3,1650
D,684342110,1051,3898,0,-16098,383,-128,-122,122,127,123,01,7,3,1650
D,684343018,908,3899,1,-16099,294,-129,-130,122,127,122,01,7,3,1650
D,684343994,976,3899,0,-16099,262,-129,-130,122,127,122,01,7,3,1650
D,684344987,993,3899,0,-16099,264,-128,-126,122,123,122,01,7,3,1650
D,684345977,990,3900,1,-16100,258,-128,-122,122,123,121,01,7,3,1650
D,684347014,1037,3900,0,-16100,285,-128,-122,122,123,121,01,7,3,1650
D,684347981,967,3901,1,-16101,259,-128,-130,122,119,120,01,7,3,1650
D,684349013,1032,3901,0,-16101,282,-128,-122,117,119,120,01,7,3,1650
D,684350010,997,3902,1,-16102,278,-128,-130,117,122,120,01,7,3,1650
D,684351028,1018,3902,0,-16102,302,-128,-126,117,122,120,01,7,3,1650
D,684352047,1019,3902,0,-16102,315,-127,-118,117,122,120,01,7,3,1650
D,684352963,916,3903,1,-16103,230,-127,-127,117,122,119,01,7,3,1650
D,684353968,1005,3903,0,-16103,236,-127,-118,117,122,119,01,7,3,1650
D,684354988,1020,3904,1,-16104,267,-127,-126,117,122,118,01,7,3,1650
D,684355957,969,3904,0,-16104,228,-127,-118,117,122,118,01,7,3,1650
D,684356950,993,3905,1,-16105,223,-126,-118,117,122,117,01,7,3,1650
D,684357951,1001,3905,0,-16105,224,-126,-118,117,122,117,01,7,3,1650
D,684358995,1044,3906,1,-16106,262,-126,-118,117,122,116,01,7,3,1650
D,684359954,959,3906,0,-16106,226,-125,-118,117,122,116,01,7,3,1650
D,684361059,1105,3906,0,-16106,322,-125,-106,117,122,116,01,7,3,1650
D,684362106,1047,3907,1,-16107,373,-124,-114,117,122,115,01,7,3,1650
D,684363033,927,3907,0,-16107,299,-124,-114,117,122,115,01,7,3,1650
D,684363994,961,3908,1,-16108,265,-123,-114,117,122,114,01,7,3,1650
D,684364997,1003,3908,0,-16108,263,-123,-106,117,122,114,01,7,3,1650
D,684365980,983,3909,1,-16109,257,-122,-114,117,122,113,01,7,3,1650
D,684367014,1034,3910,1,-16110,280,-122,-114,117,122,113,01,7,3,1650
D,684367987,973,3910,0,-16110,259,-122,-114,117,119,113,01,7,3,1650
D,684368984,997,3911,1,-16111,263,-122,-118,117,119,112,01,7,3,1650
D,684369994,1010,3911,0,-16111,264,-121,-114,117,119,112,01,7,3,1650
D,684371004,1010,3912,1,-16112,280,-121,-118,117,115,111,01,7,3,1650
D,684372036,1032,3912,0,-16112,304,-121,-110,117,115,111,01,7,3,1650
D,684372958,922,3913,1,-16113,231,-121,-119,117,117,110,01,7,3,1650
D,684373996,1038,3913,0,-16113,265,-120,-114,111,117,110,01,7,3,1650
D,684375017,1021,3914,1,-16114,290,-120,-122,111,117,109,01,7,3,1650
D,684375962,945,3914,0,-16114,228,-120,-118,111,117,109,01,7,3,1650
D,684376954,992,3915,1,-16115,223,-120,-118,111,117,108,01,7,3,1650
D,684377962,1008,3915,0,-16115,233,-120,-118,111,117,108,01,7,3,1650
D,684378982,1020,3916,1,-16116,255,-120,-118,111,117,107,01,7,3,1650
D,684379952,970,3916,0,-16116,228,-120,-118,111,117,107,01,7,3,1650
D,684381054,1102,3917,1,-16117,324,-120,-122,111,117,106,01,7,3,1650
D,684382095,1041,3917,0,-16117,370,-120,-122,111,117,106,01,7,3,1650
D,684383024,929,3918,1,-16118,300,-120,-122,111,117,105,01,7,3,1650
D,684383999,975,3918,0,-16118,268,-120,-122,111,117,105,01,7,3,1650
D,684384983,984,3919,1,-16119,260,-121,-126,111,117,105,01,7,3,1650
D,684386002,1019,3919,0,-16119,268,-121,-122,111,117,105,01,7,3,1650
D,684387014,1012,3919,0,-16119,282,-120,-114,111,117,105,01,7,3,1650
D,684387995,981,3920,1,-16120,263,-120,-122,111,117,104,01,7,3,1650
D,684388991,996,3920,0,-16120,263,-120,-118,111,117,104,01,7,3,1650
D,684390000,1009,3921,1,-16121,270,-120,-122,111,117,103,01,7,3,1650
D,684391002,1002,3921,0,-16121,279,-120,-118,111,117,103,01,7,3,1650
D,684392038,1036,3921,0,-16121,311,-120,-118,111,115,103,01,7,3,1650
D,684392948,910,3922,1,-16122,230,-120,-119,111,115,102,01,7,3,1650
D,684393969,1021,3922,0,-16122,237,-120,-118,111,115,102,01,7,3,1650
D,684394992,1023,3923,1,-16123,267,-120,-118,111,110,101,01,7,3,1650
D,684395948,956,3923,0,-16123,226,-120,-118,111,110,101,01,7,3,1650
D,684396942,994,3924,1,-16124,223,-120,-118,111,110,100,01,7,3,1650
D,684397946,1004,3924,0,-16124,228,-119,-110,111,111,100,01,7,3,1650
D,684399016,1070,3925,1,-16125,283,-119,-114,106,111,99,01,7,3,1650
D,684399955,939,3925,0,-16125,233,-119,-110,106,111,99,01,7,3,1650
D,684401048,1093,3926,1,-16126,328,-119,-114,106,111,98,01,7,3,1650
D,684402128,1080,3926,0,-16126,394,-118,-114,106,111,98,01,7,3,1650
D,684403033,905,3926,0,-16126,302,-118,-106,106,111,98,01,7,3,1650
D,684403996,963,3927,1,-16127,266,-118,-114,106,111,98,01,7,3,1650
D,684404997,1001,3927,0,-16127,265,-118,-110,106,111,98,01,7,3,1650
D,684405990,993,3927,0,-16127,260,-117,-106,106,111,98,01,7,3,1650
D,684407024,1034,3928,1,-16128,291,-117,-106,106,111,97,01,7,3,1650
D,684407985,961,3928,0,-16128,256,-116,-106,106,111,97,01,7,3,1650
D,684408998,1013,3929,1,-16129,265,-116,-106,106,111,96,01,7,3,1650
D,684409997,999,3930,1,-16130,266,-116,-114,106,111,95,01,7,3,1650
D,684411018,1021,3930,0,-16130,287,-115,-110,106,111,95,01,7,3,1650
D,684412034,1016,3931,1,-16131,305,-115,-110,106,111,94,01,7,3,1650
D,684412953,919,3931,0,-16131,231,-115,-111,106,111,94,01,7,3,1650
D,684413954,1001,3932,1,-16132,232,-115,-111,106,111,93,01,7,3,1650
D,684414973,1019,3932,0,-16132,248,-115,-110,106,111,93,01,7,3,1650
D,684415943,970,3932,0,-16132,223,-114,-103,106,111,93,01,7,3,1650
D,684416954,1011,3933,1,-16133,222,-114,-110,106,111,92,01,7,3,1650
D,684417961,1007,3934,1,-16134,234,-114,-118,106,111,91,01,7,3,1650
D,684418988,1027,3934,0,-16134,261,-114,-110,106,111,91,01,7,3,1650
D,684419954,966,3935,1,-16135,229,-114,-118,106,111,91,01,7,3,1650
D,684421052,1098,3935,0,-16135,327,-114,-114,106,111,91,01,7,3,1650
D,684422115,1063,3936,1,-16136,385,-115,-122,106,111,90,01,7,3,1650
D,684423022,907,3936,0,-16136,293,-115,-114,106,110,90,01,7,3,1650
D,684424008,986,3936,0,-16136,288,-115,-114,101,110,90,01,7,3,1650
D,684425012,1004,3937,1,-16137,279,-114,-114,101,110,89,01,7,3,1650
D,684426006,994,3937,0,-16137,275,-114,-114,101,106,89,01,7,3,1650
D,684427027,1021,3938,1,-16138,304,-114,-114,101,106,88,01,7,3,1650
D,684427979,952,3938,0,-16138,256,-114,-114,101,106,88,01,7,3,1650
D,684428989,1010,3938,0,-16138,270,-114,-110,101,106,88,01,7,3,1650
D,684429984,995,3939,1,-16139,260,-114,-114,101,106,87,01,7,3,1650
D,684431019,1035,3939,0,-16139,288,-114,-110,101,106,87,01,7,3,1650
D,684432038,1019,3940,1,-16140,313,-114,-110,101,106,86,01,7,3,1650
D,684432945,907,3940,0,-16140,227,-114,-111,101,106,86,01,7,3,1650
D,684433974,1029,3940,0,-16140,243,-114,-110,101,106,86,01,7,3,1650
D,684434995,1021,3941,1,-16141,265,-114,-110,101,106,85,01,7,3,1650
D,684435957,962,3941,0,-16141,228,-113,-110,101,106,85,01,7,3,1650
D,684436948,991,3941,0,-16141,222,-113,-110,101,106,85,01,7,3,1650
D,684437947,999,3942,1,-16142,227,-113,-111,101,106,84,01,7,3,1650
D,684438980,1033,3942,0,-16142,261,-113,-110,101,106,84,01,7,3,1650
D,684439957,977,3942,0,-16142,228,-113,-103,101,106,84,01,7,3,1650
D,684441049,1092,3943,1,-16143,325,-112,-106,101,106,83,01,7,3,1650
D,684442095,1046,3943,0,-16143,370,-112,-97,101,106,83,01,7,3,1650
D,684443033,938,3943,0,-16143,302,-111,-97,101,106,83,01,7,3,1650
D,684443996,963,3944,1,-16144,265,-111,-98,101,106,83,01,7,3,1650
D,684444979,983,3944,0,-16144,255,-110,-98,101,106,83,01,7,3,1650
D,684445994,1015,3945,1,-16145,266,-110,-106,101,101,82,01,7,3,1650
D,684447010,1016,3945,0,-16145,279,-110,-97,101,101,82,01,7,3,1650
D,684447999,989,3945,0,-16145,269,-109,-89,101,101,82,01,7,3,1650
D,684449004,1005,3946,1,-16146,279,-108,-98,96,96,81,01,7,3,1650
D,684450008,1004,3946,0,-16146,286,-108,-89,96,96,81,01,7,3,1650
D,684451034,1026,3947,1,-16147,313,-107,-94,96,96,80,01,7,3,1650
D,684452040,1006,3947,0,-16147,311,-107,-95,96,100,80,01,7,3,1650
D,684452957,917,3948,1,-16148,229,-106,-95,96,100,79,01,7,3,1650
D,684453960,1003,3948,0,-16148,233,-106,-95,96,100,79,01,7,3,1650
D,684455001,1041,3948,0,-16148,270,-105,-95,96,100,79,01,7,3,1650
D,684455957,956,3949,1,-16149,229,-105,-95,96,100,78,01,7,3,1650
D,684456950,993,3949,0,-16149,222,-104,-95,96,100,78,01,7,3,1650
D,684457950,1000,3950,1,-16150,225,-104,-95,96,100,77,01,7,3,1650
D,684458980,1030,3950,0,-16150,261,-104,-95,96,100,77,01,7,3,1650
D,684459958,978,3950,0,-16150,226,-103,-95,96,100,77,01,7,3,1650
D,684461058,1100,3951,1,-16151,326,-103,-98,96,100,76,01,7,3,1650
D,684462091,1033,3951,0,-16151,367,-103,-89,96,100,76,01,7,3,1650
D,684463021,930,3952,1,-16152,301,-102,-97,96,100,76,01,7,3,1650
D,684463992,971,3952,0,-16152,266,-102,-98,96,100,76,01,7,3,1650
D,684464982,990,3953,1,-16153,263,-102,-102,96,100,75,01,7,3,1650
D,684465996,1014,3953,0,-16153,265,-102,-98,96,100,75,01,7,3,1650
D,684467009,1013,3953,0,-16153,278,-102,-97,96,100,75,01,7,3,1650
D,684467988,979,3954,1,-16154,264,-102,-98,96,100,74,01,7,3,1650
D,684468995,1007,3954,0,-16154,264,-101,-98,96,100,74,01,7,3,1650
D,684469996,1001,3955,1,-16155,270,-102,-106,96,100,73,01,7,3,1650
D,684471001,1005,3956,1,-16156,276,-102,-110,96,96,72,01,7,3,1650
D,684472031,1030,3956,0,-16156,312,-102,-102,96,96,72,01,7,3,1650
D,684472946,915,3956,0,-16156,226,-102,-103,96,96,72,01,7,3,1650
D,684473989,1043,3956,0,-16156,271,-102,-103,90,96,72,01,7,3,1650
D,684475022,1033,3957,1,-16157,291,-102,-106,90,96,71,01,7,3,1650
D,684475954,932,3957,0,-16157,227,-102,-102,90,96,71,01,7,3,1650
D,684476945,991,3958,1,-16158,224,-102,-103,90,96,70,01,7,3,1650
D,684477955,1010,3958,0,-16158,230,-102,-103,90,96,70,01,7,3,1650
D,684478991,1036,3958,0,-16158,262,-102,-102,90,96,70,01,7,3,1650
D,684479947,956,3958,0,-16158,226,-102,-95,90,96,70,01,7,3,1650
D,684481054,1107,3959,1,-16159,326,-102,-98,90,96,69,01,7,3,1650
D,684482077,1023,3959,0,-16159,357,-102,-98,90,96,69,01,7,3,1650
D,684483005,928,3960,1,-16160,280,-101,-98,90,96,69,01,7,3,1650
D,684483998,993,3960,0,-16160,275,-101,-98,90,96,69,01,7,3,1650
D,684484986,988,3960,0,-16160,257,-101,-94,90,96,69,01,7,3,1650
D,684485998,1012,3960,0,-16160,272,-101,-89,90,96,69,01,7,3,1650
D,684487017,1019,3961,1,-16161,293,-100,-97,90,96,68,01,7,3,1650
D,684487981,964,3961,0,-16161,261,-100,-89,90,96,68,01,7,3,1650
D,684489001,1020,3962,1,-16162,267,-100,-98,90,96,67,01,7,3,1650
D,684489992,991,3962,0,-16162,269,-100,-98,90,96,67,01,7,3,1650
D,684491011,1019,3962,0,-16162,284,-100,-94,90,96,67,01,7,3,1650
D,684492039,1028,3962,0,-16162,311,-99,-87,90,96,67,01,7,3,1650
D,684492955,916,3963,1,-16163,232,-99,-95,90,96,66,01,7,3,1650
D,684493960,1005,3963,0,-16163,233,-98,-87,90,96,66,01,7,3,1650
D,684495004,1044,3964,1,-16164,275,-98,-89,90,96,65,01,7,3,1650
D,684495943,939,3964,0,-16164,220,-98,-87,90,96,65,01,7,3,1650
D,684496953,1010,3964,0,-16164,223,-97,-87,90,90,65,01,7,3,1650
D,684497952,999,3965,1,-16165,226,-97,-95,90,90,64,01,7,3,1650
D,684499008,1056,3965,0,-16165,289,-97,-89,85,90,64,01,7,3,1650
D,684499947,939,3965,0,-16165,227,-96,-87,85,84,64,01,7,3,1650
D,684501061,1114,3966,1,-16166,340,-96,-81,85,84,63,01,7,3,1650
D,684502107,1046,3966,0,-16166,377,-95,-81,85,84,63,01,7,3,1650
D,684503045,938,3967,1,-16167,311,-95,-89,85,84,62,01,7,3,1650
D,684503990,945,3967,0,-16167,255,-95,-90,85,90,62,01,7,3,1650
D,684504985,995,3967,0,-16167,262,-94,-87,85,90,62,01,7,3,1650
D,684505991,1006,3968,1,-16168,261,-94,-89,85,90,62,01,7,3,1650
D,684507016,1025,3968,0,-16168,290,-94,-81,85,90,62,01,7,3,1650
D,684507988,972,3969,1,-16169,260,-94,-89,85,90,61,01,7,3,1650
D,684508993,1005,3969,0,-16169,266,-93,-90,85,90,61,01,7,3,1650
D,684510005,1012,3969,0,-16169,271,-93,-89,85,90,61,01,7,3,1650
D,684511015,1010,3969,0,-16169,285,-93,-86,85,90,61,01,7,3,1650
D,684512032,1017,3970,1,-16170,307,-93,-87,85,90,60,01,7,3,1650
D,684512965,933,3970,0,-16170,233,-93,-87,85,90,60,01,7,3,1650
D,684513971,1006,3971,1,-16171,238,-92,-87,85,90,59,01,7,3,1650
D,684514996,1025,3971,0,-16171,266,-92,-89,85,90,59,01,7,3,1650
D,684515949,953,3971,0,-16171,225,-92,-87,85,90,59,01,7,3,1650
D,684516943,994,3972,1,-16172,222,-92,-95,85,90,58,01,7,3,1650
D,684517947,1004,3972,0,-16172,226,-92,-87,85,90,58,01,7,3,1650
D,684518980,1033,3972,0,-16172,260,-92,-87,85,90,58,01,7,3,1650
D,684519953,973,3973,1,-16173,226,-91,-87,85,90,57,01,7,3,1650
D,684521051,1098,3973,0,-16173,329,-91,-89,85,84,57,01,7,3,1650
D,684522099,1048,3974,1,-16174,370,-92,-97,85,84,56,01,7,3,1650
D,684523023,924,3974,0,-16174,301,-92,-89,85,84,56,01,7,3,1650
D,684524012,989,3975,1,-16175,283,-92,-97,80,84,55,01,7,3,1650
D,684525002,990,3975,0,-16175,278,-92,-94,80,85,55,01,7,3,1650
D,684525991,989,3975,0,-16175,265,-92,-89,80,85,55,01,7,3,1650
D,684527024,1033,3976,1,-16176,303,-92,-97,80,85,54,01,7,3,1650
D,684527994,970,3976,0,-16176,265,-92,-89,80,85,54,01,7,3,1650
D,684528998,1004,3977,1,-16177,266,-92,-94,80,85,54,01,7,3,1650
D,684529988,990,3977,0,-16177,268,-92,-98,80,85,54,01,7,3,1650
D,684531011,1023,3977,0,-16177,286,-92,-94,80,85,54,01,7,3,1650
D,684532042,1031,3977,0,-16177,322,-92,-87,80,85,54,01,7,3,1650
D,684532945,903,3977,0,-16177,226,-92,-87,80,85,54,01,7,3,1650
D,684533970,1025,3978,1,-16178,238,-92,-87,80,85,53,01,7,3,1650
D,684534992,1022,3978,0,-16178,266,-92,-89,80,85,53,01,7,3,1650
D,684535959,967,3978,0,-16178,228,-91,-87,80,85,53,01,7,3,1650
D,684536950,991,3979,1,-16179,223,-91,-87,80,85,52,01,7,3,1650
D,684537948,998,3979,0,-16179,225,-91,-87,80,85,52,01,7,3,1650
D,684538993,1045,3979,0,-16179,262,-91,-81,80,85,52,01,7,3,1650
D,684539957,964,3979,0,-16179,228,-90,-79,80,85,52,01,7,3,1650
D,684541056,1099,3980,1,-16180,326,-90,-89,80,85,51,01,7,3,1650
D,684542106,1050,3980,0,-16180,373,-90,-81,80,85,51,01,7,3,1650
D,684543032,926,3981,1,-16181,301,-90,-89,80,85,50,01,7,3,1650
D,684543985,953,3981,0,-16181,265,-89,-81,80,85,50,01,7,3,1650
D,684544985,1000,3981,0,-16181,259,-89,-79,80,85,50,01,7,3,1650
D,684545985,1000,3981,0,-16181,257,-89,-81,80,85,50,01,7,3,1650
D,684547003,1018,3982,1,-16182,282,-88,-81,80,84,49,01,7,3,1650
D,684547984,981,3982,0,-16182,259,-88,-81,80,84,49,01,7,3,1650
D,684549012,1028,3982,0,-16182,278,-88,-81,75,84,49,01,7,3,1650
D,684550015,1003,3982,0,-16182,285,-87,-73,75,84,49,01,7,3,1650
D,684551033,1018,3983,1,-16183,308,-87,-79,75,78,48,01,7,3,1650
D,684552028,995,3983,0,-16183,308,-87,-79,75,78,48,01,7,3,1650
D,684552955,927,3983,0,-16183,228,-86,-71,75,78,48,01,7,3,1650
D,684553960,1005,3983,0,-16183,235,-85,-71,75,79,48,01,7,3,1650
D,684554998,1038,3984,1,-16184,275,-85,-71,75,79,47,01,7,3,1650
D,684555944,946,3984,0,-16184,223,-84,-71,75,79,47,01,7,3,1650
D,684556951,1007,3984,0,-16184,222,-84,-71,75,79,47,01,7,3,1650
D,684557952,1001,3985,1,-16185,226,-83,-71,75,79,47,01,7,3,1650
D,684558998,1046,3985,0,-16185,264,-83,-65,75,79,47,01,7,3,1650
D,684559946,948,3985,0,-16185,226,-82,-63,75,79,47,01,7,3,1650
D,684561058,1112,3986,1,-16186,331,-81,-73,75,79,46,01,7,3,1650
D,684562100,1042,3986,0,-16186,371,-81,-73,75,79,46,01,7,3,1650
D,684563035,935,3986,0,-16186,300,-81,-73,75,79,46,01,7,3,1650
D,684563995,960,3987,1,-16187,264,-81,-73,75,79,45,01,7,3,1650
D,684564980,985,3987,0,-16187,258,-80,-71,75,79,45,01,7,3,1650
D,684565996,1016,3988,1,-16188,271,-80,-81,75,79,44,01,7,3,1650
D,684567002,1006,3988,0,-16188,281,-80,-73,75,79,44,01,7,3,1650
D,684567987,985,3988,0,-16188,253,-80,-73,75,79,44,01,7,3,1650
D,684568988,1001,3988,0,-16188,264,-79,-71,75,79,44,01,7,3,1650
D,684569980,992,3989,1,-16189,255,-79,-81,75,78,43,01,7,3,1650
D,684571004,1024,3989,0,-16189,280,-79,-79,75,78,43,01,7,3,1650
D,684572034,1030,3990,1,-16190,307,-79,-79,75,78,42,01,7,3,1650
D,684572953,919,3990,0,-16190,228,-79,-79,75,78,42,01,7,3,1650
D,684573989,1036,3990,0,-16190,261,-79,-73,69,71,42,01,7,3,1650
D,684575018,1029,3990,0,-16190,288,-79,-73,69,71,42,01,7,3,1650
D,684575952,934,3991,1,-16191,227,-79,-79,69,71,41,01,7,3,1650
D,684576949,997,3991,0,-16191,223,-79,-79,69,71,41,01,7,3,1650
D,684577958,1009,3992,1,-16192,225,-79,-79,69,71,40,01,7,3,1650
D,684578984,1026,3992,0,-16192,253,-79,-79,69,71,40,01,7,3,1650
D,684579946,962,3992,0,-16192,223,-79,-79,69,71,40,01,7,3,1650
D,684581065,1119,3993,1,-16193,329,-79,-81,69,71,40,01,7,3,1650
D,684582088,1023,3993,0,-16193,364,-79,-81,69,64,40,01,7,3,1650
D,684583027,939,3993,0,-16193,304,-79,-81,69,64,40,01,7,3,1650
D,684583996,969,3994,1,-16194,263,-80,-89,69,64,39,01,7,3,1650
D,684584997,1001,3994,0,-16194,265,-80,-87,69,64,39,01,7,3,1650
D,684585994,997,3994,0,-16194,263,-80,-81,69,69,39,01,7,3,1650
D,684587019,1025,3995,1,-16195,287,-80,-89,69,69,38,01,7,3,1650
D,684587980,961,3995,0,-16195,255,-80,-81,69,69,38,01,7,3,1650
D,684588997,1017,3995,0,-16195,265,-80,-79,69,69,38,01,7,3,1650
D,684589979,982,3996,1,-16196,255,-81,-89,69,69,37,01,7,3,1650
D,684591012,1033,3996,0,-16196,282,-81,-86,69,69,37,01,7,3,1650
D,684592030,1018,3996,0,-16196,300,-81,-79,69,69,37,01,7,3,1650
D,684592966,936,3996,0,-16196,237,-81,-79,69,69,37,01,7,3,1650
D,684593968,1002,3997,1,-16197,242,-81,-87,69,69,36,01,7,3,1650
D,684594986,1018,3997,0,-16197,267,-81,-81,69,69,36,01,7,3,1650
D,684595956,970,3997,0,-16197,224,-81,-79,69,69,36,01,7,3,1650
D,684596953,997,3998,1,-16198,223,-81,-79,69,69,35,01,7,3,1650
D,684597959,1006,3998,0,-16198,230,-81,-79,69,69,35,01,7,3,1650
D,684599007,1048,3998,0,-16198,286,-81,-81,63,69,35,01,7,3,1650
D,684599963,956,3998,0,-16198,234,-81,-79,63,69,35,01,7,3,1650
D,684601047,1084,3998,0,-16198,321,-80,-73,63,69,35,01,7,3,1650
D,684602130,1083,3999,1,-16199,397,-80,-73,63,64,34,01,7,3,1650
D,684603024,894,3999,0,-16199,301,-80,-73,63,64,34,01,7,3,1650
D,684603985,961,3999,0,-16199,261,-79,-71,63,64,34,01,7,3,1650
D,684604985,1000,3999,0,-16199,264,-79,-71,63,64,34,01,7,3,1650
D,684605986,1001,4000,1,-16200,266,-79,-73,63,55,33,01,7,3,1650
D,684607021,1035,4000,0,-16200,288,-79,-73,63,55,33,01,7,3,1650
D,684607977,956,4000,0,-16200,258,-78,-65,63,55,33,01,7,3,1650
D,684608996,1019,4001,1,-16201,263,-78,-73,63,55,33,01,7,3,1650
D,684609981,985,4001,0,-16201,261,-78,-73,63,63,33,01,7,3,1650
D,684611017,1036,4001,0,-16201,288,-77,-71,63,63,33,01,7,3,1650
D,684612043,1026,4001,0,-16201,308,-77,-63,63,63,33,01,7,3,1650
D,684612953,910,4001,0,-16201,228,-76,-63,63,63,33,01,7,3,1650
D,684613958,1005,4002,1,-16202,236,-76,-71,63,63,32,01,7,3,1650
D,684614993,1035,4002,0,-16202,265,-76,-63,63,63,32,01,7,3,1650
D,684615948,955,4002,0,-16202,223,-75,-63,63,63,32,01,7,3,1650
D,684616944,996,4002,0,-16202,222,-75,-63,63,63,32,01,7,3,1650
D,684617950,1006,4003,1,-16203,227,-74,-63,63,63,31,01,7,3,1650
D,684618982,1032,4003,0,-16203,257,-74,-63,63,63,31,01,7,3,1650
D,684619951,969,4003,0,-16203,230,-73,-63,63,63,31,01,7,3,1650
D,684621060,1109,4003,0,-16203,323,-73,-57,63,63,31,01,7,3,1650
D,684622092,1032,4004,1,-16204,372,-72,-65,63,63,30,01,7,3,1650
D,684623029,937,4004,0,-16204,300,-72,-65,63,63,30,01,7,3,1650
D,684624023,994,4004,0,-16204,288,-71,-57,58,63,30,01,7,3,1650
D,684624999,976,4005,1,-16205,275,-71,-65,58,63,29,01,7,3,1650
D,684626002,1003,4005,0,-16205,269,-71,-65,58,55,29,01,7,3,1650
D,684627040,1038,4005,0,-16205,307,-70,-57,58,55,29,01,7,3,1650
D,684627993,953,4005,0,-16205,259,-70,-57,58,55,29,01,7,3,1650
D,684628993,1000,4006,1,-16206,266,-70,-63,58,55,28,01,7,3,1650
D,684629993,1000,4006,0,-16206,259,-69,-65,58,58,28,01,7,3,1650
D,684631011,1018,4006,0,-16206,286,-69,-63,58,58,28,01,7,3,1650
D,684632044,1033,4006,0,-16206,320,-69,-63,58,58,28,01,7,3,1650
D,684632944,900,4007,1,-16207,226,-69,-63,58,58,27,01,7,3,1650
D,684633971,1027,4007,0,-16207,240,-69,-63,58,58,27,01,7,3,1650
D,684634992,1021,4007,0,-16207,258,-68,-65,58,58,27,01,7,3,1650
D,684635949,957,4007,0,-16207,226,-68,-63,58,58,27,01,7,3,1650
D,684636943,994,4007,0,-16207,223,-68,-55,58,58,27,01,7,3,1650
D,684637948,1005,4008,1,-16208,229,-68,-63,58,58,26,01,7,3,1650
D,684638989,1041,4008,0,-16208,260,-67,-63,58,58,26,01,7,3,1650
D,684639954,965,4008,0,-16208,232,-67,-55,58,58,26,01,7,3,1650
D,684641046,1092,4009,1,-16209,324,-67,-65,58,58,25,01,7,3,1650
D,684642093,1047,4009,0,-16209,372,-67,-65,58,58,25,01,7,3,1650
D,684643019,926,4009,0,-16209,297,-67,-65,58,58,25,01,7,3,1650
D,684643996,977,4009,0,-16209,266,-66,-57,58,58,25,01,7,3,1650
D,684644986,990,4010,1,-16210,266,-66,-63,58,58,25,01,7,3,1650
D,684645978,992,4010,0,-16210,260,-66,-65,58,58,25,01,7,3,1650
D,684647005,1027,4011,1,-16211,283,-66,-73,58,58,24,01,7,3,1650
D,684647993,988,4011,0,-16211,263,-66,-65,58,58,24,01,7,3,1650
D,684648997,1004,4011,0,-16211,276,-66,-65,58,58,24,01,7,4,1100
D,684650008,1011,4012,1,-16212,287,-67,-73,58,58,23,01,7,4,1100
D,684651005,997,4013,1,-16213,285,-67,-79,58,58,22,01,7,4,1100
D,684652034,1029,4015,2,-16215,309,-68,-95,58,58,20,01,7,4,1100
D,684652956,922,4016,1,-16216,234,-69,-95,58,58,19,01,7,4,1100
D,684653965,1009,4017,1,-16217,235,-70,-103,58,58,18,01,7,4,1100
D,684654999,1034,4017,0,-16217,278,-72,-98,58,55,18,01,7,4,1100
D,684655947,948,4017,0,-16217,225,-72,-95,58,55,18,01,7,4,1100
D,684656954,1007,4017,0,-16217,225,-73,-95,58,55,18,01,7,4,1100
D,684657956,1002,4017,0,-16217,230,-74,-95,58,45,18,01,7,4,1100
D,684658986,1030,4017,0,-16217,265,-75,-95,58,45,18,01,7,4,1100
D,684659954,968,4017,0,-16217,223,-75,-87,58,45,18,01,7,4,1100
D,684661055,1101,4018,1,-16218,329,-76,-98,58,45,18,01,7,4,1100
D,684662092,1037,4018,0,-16218,360,-77,-98,58,45,18,01,7,4,1100
D,684663018,926,4019,1,-16219,293,-78,-97,58,45,17,01,7,4,1100
D,684663992,974,4019,0,-16219,266,-79,-98,58,45,17,01,7,4,1100
D,684664987,995,4018,-1,-16218,257,-79,-87,58,45,18,01,7,4,1100
D,684666007,1020,4018,0,-16218,276,-79,-89,58,32,18,01,7,4,1100
D,684667022,1015,4019,1,-16219,299,-80,-97,58,32,17,01,7,4,1100
D,684667973,951,4019,0,-16219,251,-80,-89,58,32,17,01,7,4,1100
D,684669004,1031,4019,0,-16219,269,-81,-89,58,32,17,01,7,4,1100
D,684669991,987,4020,1,-16220,258,-81,-98,58,32,16,01,7,4,1100
D,684671008,1017,4020,0,-16220,283,-82,-94,58,32,16,01,7,4,1100
D,684672051,1043,4020,0,-16220,320,-82,-87,58,32,16,01,7,4,1100
D,684672959,908,4020,0,-16220,230,-82,-87,58,32,16,01,7,4,1100
D,684673956,997,4020,0,-16220,237,-83,-87,58,32,16,01,7,4,1100
D,684674995,1039,4020,0,-16220,276,-82,-81,58,32,16,01,7,4,1100
D,684675946,951,4020,0,-16220,223,-82,-79,58,32,16,01,7,4,1100
D,684676944,998,4021,1,-16221,223,-83,-87,58,32,15,01,7,4,1100
D,684677959,1015,4021,0,-16221,226,-82,-79,58,32,15,01,7,4,1100
D,684678980,1021,4021,0,-16221,257,-82,-79,58,32,15,01,7,4,1100
D,684679944,964,4021,0,-16221,223,-82,-79,58,32,15,01,7,4,1100
D,684681052,1108,4021,0,-16221,329,-81,-65,58,32,15,01,7,4,1100
D,684682093,1041,4022,1,-16222,370,-80,-57,58,0,14,01,7,4,1100
D,684683021,928,4022,0,-16222,299,-79,-49,58,0,14,01,7,4,1100
D,684683993,972,4022,0,-16222,268,-78,-41,58,0,14,01,7,4,1100
D,684684986,993,4022,0,-16222,261,-76,-39,58,0,14,01,7,4,1100
D,684685979,993,4022,0,-16222,255,-75,-41,58,0,14,01,7,4,1100
D,684686998,1019,4023,1,-16223,266,-74,-49,58,0,13,01,7,4,1100
D,684687989,991,4023,0,-16223,268,-73,-49,58,0,13,01,7,4,1100
D,684688994,1005,4023,0,-16223,267,-72,-49,58,0,13,01,7,4,1100
D,684689989,995,4023,0,-16223,267,-71,-49,58,0,13,01,7,4,1100
D,684690996,1007,4023,0,-16223,268,-70,-47,58,0,13,01,7,4,1100
D,684692033,1037,4023,0,-16223,312,-69,-39,58,0,13,01,7,4,1100
D,684692953,920,4023,0,-16223,230,-68,-40,58,0,13,01,7,4,1100
D,684693945,992,4023,0,-16223,222,-66,-32,58,0,13,01,7,4,1100
D,684694958,1013,4024,1,-16224,234,-65,-39,58,0,12,01,7,4,1100
D,684695956,998,4024,0,-16224,224,-65,-47,58,0,12,01,7,4,1100
D,684696952,996,4024,0,-16224,227,-64,-47,58,0,12,01,7,4,1100
D,684697949,997,4024,0,-16224,222,-63,-39,58,0,12,01,7,4,1100
D,684698958,1009,4024,0,-16224,234,-62,-39,58,0,12,01,7,4,1100
D,684699957,999,4024,0,-16224,230,-61,-39,58,0,12,01,7,4,1100
D,684701044,1087,4024,0,-16224,317,-60,-33,58,0,12,01,7,4,1100
D,684702149,1105,4024,0,-16224,415,-59,-32,58,0,12,01,7,4,1100
D,684702984,835,4024,0,-16224,259,-58,-33,58,0,12,01,7,4,1100
D,684703982,998,4024,0,-16224,262,-57,-33,58,0,12,01,7,4,1100
D,684704980,998,4024,0,-16224,258,-56,-31,58,0,0,01,8,4,1100
D,684705979,999,4024,0,-16224,254,-55,-33,58,0,0,01,8,4,1100
D,684706978,999,4024,0,-16224,253,-54,-24,58,0,0,01,8,4,1100
D,684707981,1003,4025,1,-16225,254,-53,-33,58,0,0,01,8,4,1100
D,684708974,993,4025,0,-16225,251,-52,-31,58,0,0,01,8,4,1100
D,684709980,1006,4025,0,-16225,255,-51,-33,58,0,0,01,8,4,1100
D,684710982,1002,4025,0,-16225,250,-51,-31,58,0,0,01,8,4,1100
D,684712031,1049,4025,0,-16225,309,-50,-32,58,0,0,01,8,4,1100
D,684712953,922,4025,0,-16225,226,-49,-24,58,0,0,01,8,4,1100
D,684713947,994,4025,0,-16225,229,-48,-24,58,0,0,01,8,4,1100
D,684714951,1004,4025,0,-16225,230,-47,-24,58,0,0,01,8,4,1100
D,684715952,1001,4025,0,-16225,229,-46,-24,58,0,0,01,8,4,1100
D,684716950,998,4025,0,-16225,226,-45,-24,58,0,0,01,8,4,1100
D,684717946,996,4025,0,-16225,226,-44,-16,58,0,0,01,8,4,1100
D,684718946,1000,4025,0,-16225,228,-43,-16,58,0,0,01,8,4,1100
D,684719950,1004,4025,0,-16225,232,-42,-16,58,0,0,01,8,4,1100
D,684721042,1092,4025,0,-16225,312,-41,-16,58,0,0,01,8,4,1100
D,684722128,1086,4025,0,-16225,408,-40,-16,58,0,0,01,8,4,1100
D,684722975,847,4025,0,-16225,253,-39,-16,58,0,0,01,8,4,1100
D,684723980,1005,4025,0,-16225,257,-38,-16,58,0,0,01,8,4,1100
D,684724961,981,4025,0,-16225,238,-37,-8,58,0,0,01,8,4,1100
D,684725985,1024,4025,0,-16225,254,-36,-8,58,0,0,01,8,4,1100
D,684726978,993,4025,0,-16225,246,-35,-8,58,0,0,01,8,4,1100
D,684727987,1009,4025,0,-16225,256,-34,-8,58,0,0,01,8,4,1100
D,684728975,988,4025,0,-16225,242,-33,-8,58,0,0,01,8,4,1100
D,684729984,1009,4025,0,-16225,258,-32,-8,58,0,0,01,8,4,1100
D,684730973,989,4025,0,-16225,243,-31,-8,58,0,0,01,8,4,1100
D,684732034,1061,4025,0,-16225,308,-30,-8,58,0,0,01,8,4,1100
D,684732947,913,4025,0,-16225,227,-29,-8,58,0,0,01,8,4,1100
D,684733956,1009,4025,0,-16225,227,-28,-8,58,0,0,01,8,4,1100
D,684734961,1005,4025,0,-16225,232,-27,-8,58,0,0,01,8,4,1100
D,684735944,983,4025,0,-16225,226,-27,-8,58,0,0,01,8,4,1100
D,684736957,1013,4025,0,-16225,225,-26,-8,58,0,0,01,8,4,1100
D,684737956,999,4025,0,-16225,227,-25,-8,58,0,0,01,8,4,1100
D,684738960,1004,4025,0,-16225,231,-24,0,58,0,0,01,8,4,1100
D,684739960,1000,4025,0,-16225,229,-23,0,58,0,0,01,8,4,1100
D,684741029,1069,4025,0,-16225,307,-22,0,58,0,0,01,8,4,1100
D,684742108,1079,4025,0,-16225,385,-21,0,58,0,0,01,8,4,1100
D,684742972,864,4025,0,-16225,250,-21,0,58,0,0,01,8,4,1100
D,684743978,1006,4025,0,-16225,255,-20,0,58,0,0,01,8,4,1100
D,684744977,999,4025,0,-16225,246,-19,0,58,0,0,01,8,4,1100
D,684745984,1007,4025,0,-16225,260,-18,0,58,0,0,01,8,4,1100
D,684746976,992,4025,0,-16225,251,-18,0,58,0,0,01,8,4,1100
D,684747983,1007,4025,0,-16225,259,-17,0,58,0,0,01,8,4,1100
D,684748975,992,4025,0,-16225,252,-16,0,58,0,0,01,8,4,1100
D,684749983,1008,4025,0,-16225,263,-16,0,58,0,0,01,8,4,1100
D,684750982,999,4025,0,-16225,249,-15,0,58,0,0,01,8,4,1100
D,684752042,1060,4025,0,-16225,309,-14,0,58,0,0,01,8,4,1100
D,684752954,912,4025,0,-16225,224,-14,0,58,0,0,01,8,4,1100
D,684753952,998,4025,0,-16225,227,-13,0,58,0,0,01,8,4,1100
D,684754964,1012,4025,0,-16225,232,-13,0,58,0,0,01,8,4,1100
D,684755952,988,4025,0,-16225,225,-12,0,58,0,0,01,8,4,1100
D,684756954,1002,4025,0,-16225,225,-12,0,58,0,0,01,8,4,1100
D,684757958,1004,4025,0,-16225,227,-11,0,58,0,0,01,8,4,1100
D,684758951,993,4025,0,-16225,230,-11,0,58,0,0,01,8,4,1100
D,684759956,1005,4025,0,-16225,228,-10,0,58,0,0,01,8,4,1100
D,684761035,1079,4025,0,-16225,317,-10,0,58,0,0,01,8,4,1100
D,684762125,1090,4025,0,-16225,404,-10,0,58,0,0,01,8,4,1100
D,684762985,860,4025,0,-16225,255,-9,0,58,0,0,01,8,4,1100
D,684763990,1005,4025,0,-16225,261,-9,0,58,0,0,01,8,4,1100
D,684764964,974,4025,0,-16225,240,-9,0,58,0,0,01,8,4,1100
D,684765983,1019,4025,0,-16225,257,-8,0,58,0,0,01,8,4,1100
D,684766963,980,4025,0,-16225,243,-8,0,58,0,0,01,8,4,1100
D,684767996,1033,4025,0,-16225,264,-8,0,58,0,0,01,8,4,1100
D,684768965,969,4025,0,-16225,240,-7,0,58,0,0,01,8,4,1100
D,684769988,1023,4025,0,-16225,270,-7,0,58,0,0,01,8,4,1100
D,684770972,984,4025,0,-16225,243,-7,0,58,0,0,01,8,4,1100
D,684772026,1054,4025,0,-16225,307,-6,0,58,0,0,01,8,4,1100
D,684772948,922,4025,0,-16225,225,-6,0,58,0,0,01,8,4,1100
D,684773947,999,4025,0,-16225,228,-6,0,58,0,0,01,8,4,1100
D,684774958,1011,4025,0,-16225,232,-6,0,58,0,0,01,8,4,1100
D,684775946,988,4025,0,-16225,226,-5,0,58,0,0,01,8,4,1100
D,684776949,1003,4025,0,-16225,226,-5,0,58,0,0,01,8,4,1100
D,684777952,1003,4025,0,-16225,227,-5,0,58,0,0,01,8,4,1100
D,684778962,1010,4025,0,-16225,231,-5,0,58,0,0,01,8,4,1100
D,684779951,989,4025,0,-16225,229,-5,0,58,0,0,01,8,4,1100
D,684781038,1087,4025,0,-16225,315,-4,0,58,0,0,01,8,4,1100
D,684782123,1085,4025,0,-16225,385,-4,0,58,0,0,01,8,4,1100
D,684782982,859,4025,0,-16225,253,-4,0,58,0,0,01,8,4,1100
D,684783983,1001,4025,0,-16225,258,-4,0,58,0,0,01,8,4,1100
D,684784961,978,4025,0,-16225,242,-4,0,58,0,0,01,8,4,1100
D,684785989,1028,4025,0,-16225,260,-4,0,58,0,0,01,8,4,1100
D,684786966,977,4025,0,-16225,243,-4,0,58,0,0,01,8,4,1100
D,684787991,1025,4025,0,-16225,265,-3,0,58,0,0,01,8,4,1100
D,684788974,983,4025,0,-16225,241,-3,0,58,0,0,01,8,4,1100
D,684789990,1016,4025,0,-16225,272,-3,0,58,0,0,01,8,4,1100
D,684790972,982,4025,0,-16225,243,-3,0,58,0,0,01,8,4,1100
D,684792040,1068,4025,0,-16225,313,-3,0,58,0,0,01,8,4,1100
D,684792956,916,4025,0,-16225,223,-3,0,58,0,0,01,8,4,1100
D,684793955,999,4025,0,-16225,227,-3,0,58,0,0,01,8,4,1100
D,684794966,1011,4025,0,-16225,232,-3,0,58,0,0,01,8,4,1100
D,684795954,988,4025,0,-16225,226,-2,0,58,0,0,01,8,4,1100
D,684796956,1002,4025,0,-16225,226,-2,0,58,0,0,01,8,4,1100
D,684797960,1004,4025,0,-16225,227,-2,0,58,0,0,01,8,4,1100
D,684798953,993,4025,0,-16225,231,-2,0,58,0,0,01,8,4,1100
D,684799959,1006,4025,0,-16225,229,-2,0,58,0,0,01,8,4,1100
D,684801048,1089,4025,0,-16225,314,-2,0,58,0,0,01,8,4,1100
D,684802132,1084,4025,0,-16225,409,-2,0,58,0,0,01,8,4,1100
D,684802968,836,4025,0,-16225,248,-2,0,58,0,0,01,8,4,1100
D,684803993,1025,4025,0,-16225,260,-2,0,58,0,0,01,8,4,1100
D,684804969,976,4025,0,-16225,239,-2,0,58,0,0,01,8,4,1100
D,684805990,1021,4025,0,-16225,258,-2,0,58,0,0,01,8,4,1100
D,684806969,979,4025,0,-16225,243,-2,0,58,0,0,01,8,4,1100
D,684807992,1023,4025,0,-16225,263,-2,0,58,0,0,01,8,4,1100
D,684808971,979,4025,0,-16225,240,-1,0,58,0,0,01,8,4,1100
D,684809993,1022,4025,0,-16225,265,-1,0,58,0,0,01,8,4,1100
D,684810975,982,4025,0,-16225,243,-1,0,58,0,0,01,8,4,1100
D,684812042,1067,4025,0,-16225,310,-1,0,58,0,0,01,8,4,1100
D,684812952,910,4025,0,-16225,227,-1,0,58,0,0,01,8,4,1100
D,684813950,998,4025,0,-16225,227,-1,0,58,0,0,01,8,4,1100
D,684814961,1011,4025,0,-16225,232,-1,0,58,0,0,01,8,4,1100
D,684815949,988,4025,0,-16225,226,-1,0,58,0,0,01,8,4,1100
D,684816951,1002,4025,0,-16225,226,-1,0,58,0,0,01,8,4,1100
D,684817955,1004,4024,-1,-16224,227,-1,8,58,0,0,01,8,4,1100
D,684818948,993,4024,0,-16224,231,0,8,58,0,0,01,8,4,1100
D,684819954,1006,4024,0,-16224,229,0,8,58,0,0,01,8,4,1100
D,684821042,1088,4025,1,-16225,312,0,0,58,0,0,01,8,4,1100
D,684822121,1079,4025,0,-16225,393,0,0,58,0,0,01,8,4,1100
D,684822978,857,4025,0,-16225,254,0,0,58,0,0,01,8,4,1100
D,684823987,1009,4025,0,-16225,258,0,0,58,0,0,01,8,4,1100
D,684824962,975,4025,0,-16225,242,0,0,58,0,0,01,8,4,1100
D,684825994,1032,4025,0,-16225,262,0,0,58,0,0,01,8,4,1100
D,684826972,978,4025,0,-16225,243,0,0,58,0,0,01,8,4,1100
D,684827986,1014,4024,-1,-16224,267,0,8,58,0,0,01,8,4,1100
D,684828966,980,4024,0,-16224,242,1,8,58,0,0,01,8,4,1100
D,684829996,1030,4024,0,-16224,267,1,8,58,0,0,01,8,4,1100
D,684830975,979,4024,0,-16224,245,1,8,58,0,0,01,8,4,1100
D,684832036,1061,4024,0,-16224,310,1,8,58,0,0,01,8,4,1100
D,684832950,914,4024,0,-16224,223,2,8,58,0,0,01,8,4,1100
D,684833948,998,4024,0,-16224,227,2,8,58,0,0,01,8,4,1100
D,684834959,1011,4024,0,-16224,232,2,8,58,0,0,01,8,4,1100
D,684835947,988,4024,0,-16224,226,2,8,58,0,0,01,8,4,1100
D,684836949,1002,4024,0,-16224,226,3,8,58,0,0,01,8,4,1100
D,684837952,1003,4024,0,-16224,227,3,8,58,0,0,01,8,4,1100
D,684838962,1010,4024,0,-16224,231,3,8,58,0,0,01,8,4,1100
D,684839951,989,4024,0,-16224,229,3,8,58,0,0,01,8,4,1100
D,684841047,1096,4024,0,-16224,320,3,8,58,0,0,01,8,4,1100
D,684842125,1078,4024,0,-16224,395,4,8,58,0,0,01,8,4,1100
D,684842990,865,4024,0,-16224,257,4,8,58,0,0,01,8,4,1100
D,684843993,1003,4024,0,-16224,259,4,8,58,0,0,01,8,4,1100
D,684844971,978,4024,0,-16224,243,4,8,58,0,0,01,8,4,1100
D,684845978,1007,4024,0,-16224,257,4,8,58,0,0,01,8,4,1100
D,684846972,994,4024,0,-16224,242,4,8,58,0,0,01,8,4,1100
D,684847996,1024,4024,0,-16224,264,4,0,58,0,0,01,8,4,1100
D,684848960,964,4024,0,-16224,240,4,0,58,0,0,01,8,4,1100
D,684849985,1025,4024,0,-16224,265,4,0,58,0,0,01,8,4,1100
D,684850962,977,4024,0,-16224,242,4,0,58,0,0,01,8,4,1100
D,684852035,1073,4024,0,-16224,310,4,8,58,0,0,01,8,4,1100
D,684852959,924,4024,0,-16224,228,4,8,58,0,0,01,8,4,1100
D,684853947,988,4024,0,-16224,227,4,8,58,0,0,01,8,4,1100
D,684854957,1010,4024,0,-16224,232,4,8,58,0,0,01,8,4,1100
D,684855945,988,4024,0,-16224,225,4,8,58,0,0,01,8,4,1100
D,684856948,1003,4024,0,-16224,226,5,8,58,0,0,01,8,4,1100
D,684857951,1003,4024,0,-16224,227,5,8,58,0,0,01,8,4,1100
D,684858961,1010,4024,0,-16224,231,5,0,58,0,0,01,8,4,1100
D,684859951,990,4024,0,-16224,230,4,0,58,0,0,01,8,4,1100
D,684861036,1085,4024,0,-16224,314,4,0,58,0,0,01,8,4,1100
D,684862126,1090,4024,0,-16224,396,4,0,58,0,0,01,8,4,1100
D,684862982,856,4024,0,-16224,252,4,0,58,0,0,01,8,4,1100
D,684863989,1007,4024,0,-16224,259,4,0,58,0,0,01,8,4,1100
D,684864969,980,4024,0,-16224,244,4,0,58,0,0,01,8,4,1100
D,684865982,1013,4024,0,-16224,262,3,0,58,0,0,01,8,4,1100
D,684866965,983,4024,0,-16224,245,3,0,58,0,0,01,8,4,1100
D,684867995,1030,4024,0,-16224,267,3,0,58,0,0,01,8,4,1100
D,684868963,968,4024,0,-16224,242,3,0,58,0,0,01,8,4,1100
D,684869990,1027,4024,0,-16224,267,3,0,58,0,0,01,8,4,1100
D,684870972,982,4024,0,-16224,245,3,0,58,0,0,01,8,4,1100
D,684872037,1065,4024,0,-16224,311,3,0,58,0,0,01,8,4,1100
D,684872954,917,4024,0,-16224,223,3,0,58,0,0,01,8,4,1100
D,684873952,998,4024,0,-16224,227,3,0,58,0,0,01,8,4,1100
D,684874963,1011,4024,0,-16224,231,2,0,58,0,0,01,8,4,1100
D,684875951,988,4024,0,-16224,225,2,0,58,0,0,01,8,4,1100
D,684876953,1002,4024,0,-16224,225,2,0,58,0,0,01,8,4,1100
D,684877957,1004,4024,0,-16224,227,2,0,58,0,0,01,8,4,1100
D,684878950,993,4024,0,-16224,230,2,0,58,0,0,01,8,4,1100
D,684879955,1005,4024,0,-16224,228,2,0,58,0,0,01,8,4,1100
D,684881051,1096,4024,0,-16224,318,2,0,58,0,0,01,8,4,1100
D,684882134,1083,4024,0,-16224,407,2,0,58,0,0,01,8,4,1100
D,684882984,850,4024,0,-16224,254,2,0,58,0,0,01,8,4,1100
D,684883991,1007,4024,0,-16224,260,2,0,58,0,0,01,8,4,1100
D,684884967,976,4024,0,-16224,238,2,0,58,0,0,01,8,4,1100
D,684885988,1021,4024,0,-16224,258,2,0,58,0,0,01,8,4,1100
D,684886966,978,4024,0,-16224,243,1,0,58,0,0,01,8,4,1100
D,684887989,1023,4024,0,-16224,263,1,0,58,0,0,01,8,4,1100
D,684888969,980,4024,0,-16224,240,1,0,58,0,0,01,8,4,1100
D,684889987,1018,4024,0,-16224,262,1,0,58,0,0,01,8,4,1100
D,684890968,981,4024,0,-16224,243,1,0,58,0,0,01,8,4,1100
D,684892029,1061,4024,0,-16224,310,1,0,58,0,0,01,8,4,1100
D,684892951,922,4024,0,-16224,225,1,0,58,0,0,01,8,4,1100
D,684893951,1000,4024,0,-16224,229,1,0,58,0,0,01,8,4,1100
D,684894961,1010,4024,0,-16224,231,1,0,58,0,0,01,8,4,1100
D,684895950,989,4024,0,-16224,226,1,0,58,0,0,01,8,4,1100
D,684896952,1002,4024,0,-16224,225,1,0,58,0,0,01,8,4,1100
D,684897956,1004,4024,0,-16224,227,1,0,58,0,0,01,8,4,1100
D,684898949,993,4024,0,-16224,231,1,0,58,0,0,01,8,4,1100
D,684899955,1006,4024,0,-16224,230,1,0,58,0,0,01,8,4,1100
D,684901039,1084,4024,0,-16224,312,1,0,58,0,0,01,8,4,1100
D,684902130,1091,4024,0,-16224,405,1,0,58,0,0,01,8,4,1100
D,684902971,841,4024,0,-16224,250,1,0,58,0,0,01,8,4,1100
D,684903990,1019,4024,0,-16224,259,1,0,58,0,0,01,8,4,1100
D,684904968,978,4024,0,-16224,241,1,0,58,0,0,01,8,4,1100
D,684905981,1013,4024,0,-16224,262,1,0,58,0,0,01,8,4,1100
D,684906980,999,4024,0,-16224,248,1,0,58,0,0,01,8,4,1100
D,684907995,1015,4024,0,-16224,265,1,0,58,0,0,01,8,4,1100
D,684908977,982,4024,0,-16224,244,1,0,58,0,0,01,8,4,1100
D,684909990,1013,4024,0,-16224,270,1,0,58,0,0,01,8,4,1100
D,684910971,981,4024,0,-16224,243,1,0,58,0,0,01,8,4,1100
D,684912032,1061,4024,0,-16224,313,1,0,58,0,0,01,8,4,1100
D,684912947,915,4024,0,-16224,223,1,0,58,0,0,01,8,4,1100
D,684913945,998,4024,0,-16224,227,1,0,58,0,0,01,8,4,1100
D,684914956,1011,4024,0,-16224,232,0,0,58,0,0,01,8,4,1100
D,684915944,988,4024,0,-16224,225,0,0,58,0,0,01,8,4,1100
D,684916946,1002,4024,0,-16224,225,0,0,58,0,0,01,8,4,1100
D,684917950,1004,4024,0,-16224,227,0,0,58,0,0,01,8,4,1100
D,684918959,1009,4024,0,-16224,230,0,0,58,0,0,01,8,4,1100
D,684919948,989,4024,0,-16224,228,0,0,58,0,0,01,8,4,1100
D,684921049,1101,4024,0,-16224,317,0,0,58,0,0,01,8,4,1100
D,684922130,1081,4024,0,-16224,391,0,0,58,0,0,01,8,4,1100
D,684922960,830,4024,0,-16224,240,0,0,58,0,0,01,8,4,1100
D,684923986,1026,4024,0,-16224,256,0,0,58,0,0,01,8,4,1100
D,684924958,972,4024,0,-16224,235,0,0,58,0,0,01,8,4,1100
D,684925989,1031,4024,0,-16224,255,0,0,58,0,0,01,8,4,1100
D,684926964,975,4024,0,-16224,239,0,0,58,0,0,01,8,4,1100
D,684927985,1021,4024,0,-16224,262,0,0,58,0,0,01,8,4,1100
D,684928962,977,4024,0,-16224,238,0,0,58,0,0,01,8,4,1100
D,684929993,1031,4024,0,-16224,262,0,0,58,0,0,01,8,4,1100
D,684930971,978,4024,0,-16224,239,0,0,58,0,0,01,8,4,1100
D,684932035,1064,4024,0,-16224,308,0,0,58,0,0,01,8,4,1100
D,684932939,904,4024,0,-16224,221,0,0,58,0,0,01,8,4,1100
D,684933947,1008,4024,0,-16224,224,0,0,58,0,0,01,8,4,1100
D,684934954,1007,4024,0,-16224,227,0,0,58,0,0,01,8,4,1100
D,684935953,999,4024,0,-16224,223,0,0,58,0,0,01,8,4,1100
D,684936951,998,4024,0,-16224,222,0,0,58,0,0,01,8,4,1100
D,684937949,998,4024,0,-16224,225,0,0,58,0,0,01,8,4,1100
D,684938954,1005,4024,0,-16224,226,0,0,58,0,0,01,8,4,1100
D,684939956,1002,4024,0,-16224,228,0,0,58,0,0,01,8,4,1100
D,684941040,1084,4024,0,-16224,313,0,0,58,0,0,01,8,4,1100
D,684942125,1085,4024,0,-16224,401,0,0,58,0,0,01,8,4,1100
D,684942986,861,4024,0,-16224,255,0,0,58,0,0,01,8,4,1100
D,684943978,992,4024,0,-16224,259,0,0,58,0,0,01,8,4,1100
D,684944973,995,4024,0,-16224,244,0,0,58,0,0,01,8,4,1100
D,684945985,1012,4024,0,-16224,259,0,0,58,0,0,01,8,4,1100
D,684946965,980,4024,0,-16224,245,0,0,58,0,0,01,8,4,1100
D,684947993,1028,4024,0,-16224,266,0,0,58,0,0,01,8,4,1100
D,684948975,982,4024,0,-16224,243,0,0,58,0,0,01,8,4,1100
D,684949990,1015,4024,0,-16224,269,0,0,58,0,0,01,8,4,1100
D,684950973,983,4024,0,-16224,248,0,0,58,0,0,01,8,4,1100
D,684952039,1066,4024,0,-16224,312,0,0,58,0,0,01,8,4,1100
D,684952952,913,4024,0,-16224,223,0,0,58,0,0,01,8,4,1100
D,684953951,999,4024,0,-16224,228,0,0,58,0,0,01,8,4,1100
D,684954962,1011,4024,0,-16224,232,0,0,58,0,0,01,8,4,1100
D,684955950,988,4024,0,-16224,226,0,0,58,0,0,01,8,4,1100
D,684956952,1002,4024,0,-16224,225,0,0,58,0,0,01,8,4,1100
D,684957956,1004,4024,0,-16224,227,0,0,58,0,0,01,8,4,1100
D,684958949,993,4024,0,-16224,231,0,0,58,0,0,01,8,4,1100
D,684959953,1004,4024,0,-16224,227,0,0,58,0,0,01,8,4,1100
D,684961051,1098,4024,0,-16224,318,0,0,58,0,0,01,8,4,1100
D,684962129,1078,4024,0,-16224,396,0,0,58,0,0,01,8,4,1100
D,684962970,841,4024,0,-16224,250,0,0,58,0,0,01,8,4,1100
D,684963991,1021,4024,0,-16224,260,0,0,58,0,0,01,8,4,1100
D,684964970,979,4024,0,-16224,242,0,0,58,0,0,01,8,4,1100
D,684965990,1020,4024,0,-16224,257,0,0,58,0,0,01,8,4,1100
D,684966968,978,4024,0,-16224,243,0,0,58,0,0,01,8,4,1100
D,684967992,1024,4024,0,-16224,264,0,0,58,0,0,01,8,4,1100
D,684968970,978,4024,0,-16224,239,0,0,58,0,0,01,8,4,1100
D,684969989,1019,4024,0,-16224,263,0,0,58,0,0,01,8,4,1100
D,684970971,982,4024,0,-16224,244,0,0,58,0,0,01,8,4,1100
D,684972041,1070,4024,0,-16224,312,0,0,58,0,0,01,8,4,1100
D,684972950,909,4024,0,-16224,226,0,0,58,0,0,01,8,4,1100
D,684973947,997,4024,0,-16224,227,0,0,58,0,0,01,8,4,1100
D,684974958,1011,4024,0,-16224,231,0,0,58,0,0,01,8,4,1100
D,684975946,988,4024,0,-16224,225,0,0,58,0,0,01,8,4,1100
D,684976949,1003,4024,0,-16224,226,0,0,58,0,0,01,8,4,1100
D,684977952,1003,4024,0,-16224,227,0,0,58,0,0,01,8,4,1100
D,684978962,1010,4024,0,-16224,231,0,0,58,0,0,01,8,4,1100
D,684979953,991,4024,0,-16224,231,0,0,58,0,0,01,8,4,1100
D,684981038,1085,4024,0,-16224,311,0,0,58,0,0,01,8,4,1100
D,684982127,1089,4024,0,-16224,397,0,0,58,0,0,01,8,4,1100
D,684982971,844,4024,0,-16224,251,0,0,58,0,0,01,8,4,1100
D,684983990,1019,4024,0,-16224,259,0,0,58,0,0,01,8,4,1100
D,684984971,981,4024,0,-16224,243,0,0,58,0,0,01,8,4,1100
D,684985983,1012,4024,0,-16224,262,0,0,58,0,0,01,8,4,1100
D,684986965,982,4024,0,-16224,243,0,0,58,0,0,01,8,4,1100
D,684987992,1027,4024,0,-16224,268,0,0,58,0,0,01,8,4,1100
D,684988959,967,4024,0,-16224,241,0,0,58,0,0,01,8,4,1100
D,684989990,1031,4024,0,-16224,270,0,0,58,0,0,01,8,4,1100
D,684990972,982,4024,0,-16224,244,0,0,58,0,0,01,8,4,1100
D,684992037,1065,4024,0,-16224,312,0,0,58,0,0,01,8,4,1100
D,684992953,916,4024,0,-16224,223,0,0,58,0,0,01,8,4,1100
D,684993951,998,4024,0,-16224,227,0,0,58,0,0,01,8,4,1100
D,684994962,1011,4024,0,-16224,232,0,0,58,0,0,01,8,4,1100
D,684995950,988,4024,0,-16224,226,0,0,58,0,0,01,8,4,1100
D,684996953,1003,4024,0,-16224,226,0,0,58,0,0,01,8,4,1100
D,684997956,1003,4024,0,-16224,227,0,0,58,0,0,01,8,4,1100
D,684998949,993,4024,0,-16224,231,0,0,58,0,0,01,8,4,1100
D,684999954,1005,4024,0,-16224,229,0,0,58,0,0,01,8,4,1100
D,685001048,1094,4024,0,-16224,317,0,0,58,0,0,01,8,4,1100
D,685002124,1076,4024,0,-16224,395,0,0,58,0,0,01,8,4,1100
D,685002986,862,4024,0,-16224,253,0,0,58,0,0,01,8,4,1100
D,685003988,1002,4024,0,-16224,259,0,0,58,0,0,01,8,4,1100
D,685004962,974,4024,0,-16224,240,0,0,58,0,0,01,8,4,1100
D,685005986,1024,4024,0,-16224,257,0,0,58,0,0,01,8,4,1100
D,685006964,978,4024,0,-16224,242,0,0,58,0,0,01,8,4,1100
D,685007985,1021,4024,0,-16224,265,0,0,58,0,0,01,8,4,1100
D,685008967,982,4024,0,-16224,239,0,0,58,0,0,01,8,4,1100
D,685009984,1017,4024,0,-16224,261,0,0,58,0,0,01,8,4,1100
D,685010962,978,4024,0,-16224,242,0,0,58,0,0,01,8,4,1100
D,685012030,1068,4024,0,-16224,307,0,0,58,0,0,01,8,4,1100
D,685012957,927,4024,0,-16224,230,0,0,58,0,0,01,8,4,1100
D,685013961,1004,4024,0,-16224,227,0,0,58,0,0,01,8,4,1100
D,685014955,994,4024,0,-16224,232,0,0,58,0,0,01,8,4,1100
D,685015960,1005,4024,0,-16224,226,0,0,58,0,0,01,8,4,1100
D,685016945,985,4024,0,-16224,225,0,0,58,0,0,01,8,4,1100
D,685017949,1004,4024,0,-16224,227,0,0,58,0,0,01,8,4,1100
D,685018958,1009,4024,0,-16224,230,0,0,58,0,0,01,8,4,1100
D,685019950,992,4024,0,-16224,231,0,0,58,0,0,01,8,4,1100
D,685021035,1085,4024,0,-16224,315,0,0,58,0,0,01,8,4,1100
D,685022127,1092,4024,0,-16224,385,0,0,58,0,0,01,8,4,1100
D,685022983,856,4024,0,-16224,253,0,0,58,0,0,01,8,4,1100
D,685023987,1004,4024,0,-16224,259,0,0,58,0,0,01,8,4,1100
D,685024964,977,4024,0,-16224,241,0,0,58,0,0,01,8,4,1100
D,685025991,1027,4024,0,-16224,260,0,0,58,0,0,01,8,4,1100
D,685026973,982,4024,0,-16224,248,0,0,58,0,0,01,8,4,1100
D,685027988,1015,4024,0,-16224,265,0,0,58,0,0,01,8,4,1100
D,685028969,981,4024,0,-16224,243,0,0,58,0,0,01,8,4,1100
D,685029996,1027,4024,0,-16224,267,0,0,58,0,0,01,8,4,1100
D,685030972,976,4024,0,-16224,242,0,0,58,0,0,01,8,4,1100
D,685032041,1069,4024,0,-16224,311,0,0,58,0,0,01,8,4,1100
D,685032952,911,4024,0,-16224,223,0,0,58,0,0,01,8,4,1100
D,685033950,998,4024,0,-16224,227,0,0,58,0,0,01,8,4,1100
D,685034961,1011,4024,0,-16224,232,0,0,58,0,0,01,8,4,1100
D,685035949,988,4024,0,-16224,226,0,0,58,0,0,01,8,4,1100
D,685036951,1002,4024,0,-16224,226,0,0,58,0,0,01,8,4,1100
D,685037955,1004,4024,0,-16224,227,0,0,58,0,0,01,8,4,1100
D,685038965,1010,4024,0,-16224,231,0,0,58,0,0,01,8,4,1100
D,685039953,988,4024,0,-16224,228,0,0,58,0,0,01,8,4,1100
D,685041035,1082,4024,0,-16224,317,0,0,58,0,0,01,8,4,1100
D,685042119,1084,4024,0,-16224,383,0,0,58,0,0,01,8,4,1100
D,685042974,855,4024,0,-16224,249,0,0,58,0,0,01,8,4,1100
D,685043987,1013,4024,0,-16224,264,0,0,58,0,0,01,8,4,1100
D,685044960,973,4024,0,-16224,237,0,0,58,0,0,01,8,4,1100
D,685045983,1023,4024,0,-16224,259,0,0,58,0,0,01,8,4,1100
D,685046963,980,4024,0,-16224,244,0,0,58,0,0,01,8,4,1100
D,685047986,1023,4024,0,-16224,266,0,0,58,0,0,01,8,4,1100
D,685048966,980,4024,0,-16224,239,0,0,58,0,0,01,8,4,1100
D,685049989,1023,4024,0,-16224,266,0,0,58,0,0,01,8,4,1100
D,685050966,977,4024,0,-16224,241,0,0,58,0,0,01,8,4,1100
D,685052037,1071,4024,0,-16224,309,0,0,58,0,0,01,8,4,1100
D,685052948,911,4024,0,-16224,228,0,0,58,0,0,01,8,4,1100
D,685053951,1003,4024,0,-16224,227,0,0,58,0,0,01,8,4,1100
D,685054962,1011,4024,0,-16224,232,0,0,58,0,0,01,8,4,1100
D,685055950,988,4024,0,-16224,226,0,0,58,0,0,01,8,4,1100
D,685056952,1002,4024,0,-16224,225,0,0,58,0,0,01,8,4,1100
D,685057956,1004,4024,0,-16224,227,0,0,58,0,0,01,8,4,1100
D,685058949,993,4024,0,-16224,231,0,0,58,0,0,01,8,4,1100
D,685059957,1008,4024,0,-16224,232,0,0,58,0,0,01,8,4,1100
D,685061044,1087,4024,0,-16224,315,0,0,58,0,0,01,8,4,1100
D,685062134,1090,4024,0,-16224,409,0,0,58,0,0,01,8,4,1100
D,685062986,852,4024,0,-16224,254,0,0,58,0,0,01,8,4,1100
D,685063990,1004,4024,0,-16224,260,0,0,58,0,0,01,8,4,1100
D,685064964,974,4024,0,-16224,241,0,0,58,0,0,01,8,4,1100
D,685065981,1017,4024,0,-16224,263,0,0,58,0,0,01,8,4,1100
D,685066980,999,4024,0,-16224,248,0,0,58,0,0,01,8,4,1100
D,685067995,1015,4024,0,-16224,265,0,0,58,0,0,01,8,4,1100
D,685068975,980,4024,0,-16224,242,0,0,58,0,0,01,8,4,1100
D,685069988,1013,4024,0,-16224,266,0,0,58,0,0,01,8,4,1100
D,685070968,980,4024,0,-16224,246,0,0,58,0,0,01,8,4,1100
D,685072032,1064,4024,0,-16224,312,0,0,58,0,0,01,8,4,1100
D,685072944,912,4024,0,-16224,224,0,0,58,0,0,01,8,4,1100
D,685073959,1015,4024,0,-16224,228,0,0,58,0,0,01,8,4,1100
D,685074954,995,4024,0,-16224,232,0,0,58,0,0,01,8,4,1100
D,685075958,1004,4024,0,-16224,225,0,0,58,0,0,01,8,4,1100
D,685076944,986,4024,0,-16224,225,0,0,58,0,0,01,8,4,1100
D,685077948,1004,4024,0,-16224,227,0,0,58,0,0,01,8,4,1100
D,685078957,1009,4024,0,-16224,230,0,0,58,0,0,01,8,4,1100
D,685079945,988,4024,0,-16224,227,0,0,58,0,0,01,8,4,1100
D,685081045,1100,4024,0,-16224,318,0,0,58,0,0,01,8,4,1100
D,685082130,1085,4024,0,-16224,412,0,0,58,0,0,01,8,4,1100
D,685082970,840,4024,0,-16224,249,0,0,58,0,0,01,8,4,1100
D,685083977,1007,4024,0,-16224,260,0,0,58,0,0,01,8,4,1100
D,685084970,993,4024,0,-16224,239,0,0,58,0,0,01,8,4,1100
D,685085990,1020,4024,0,-16224,258,0,0,58,0,0,01,8,4,1100
D,685086972,982,4024,0,-16224,246,0,0,58,0,0,01,8,4,1100
D,685087996,1024,4024,0,-16224,263,0,0,58,0,0,01,8,4,1100
D,685088963,967,4024,0,-16224,244,0,0,58,0,0,01,8,4,1100
D,685089987,1024,4024,0,-16224,268,0,0,58,0,0,01,8,4,1100
D,685090971,984,4024,0,-16224,245,0,0,58,0,0,01,8,4,1100
D,685092041,1070,4024,0,-16224,312,0,0,58,0,0,01,8,4,1100
D,685092946,905,4024,0,-16224,226,0,0,58,0,0,01,8,4,1100
D,685093960,1014,4024,0,-16224,227,0,0,58,0,0,01,8,4,1100
D,685094956,996,4024,0,-16224,232,0,0,58,0,0,01,8,4,1100
D,685095944,988,4024,0,-16224,226,0,0,58,0,0,01,8,4,1100
D,685096946,1002,4024,0,-16224,226,0,0,58,0,0,01,8,4,1100
D,685097950,1004,4024,0,-16224,227,0,0,58,0,0,01,8,4,1100
D,685098959,1009,4024,0,-16224,230,0,0,58,0,0,01,8,4,1100
D,685099950,991,4024,0,-16224,230,0,0,58,0,0,01,8,4,1100
D,685101038,1088,4024,0,-16224,312,0,0,58,0,0,01,8,4,1100
D,685102123,1085,4024,0,-16224,401,0,0,58,0,0,01,8,4,1100
D,685102982,859,4024,0,-16224,256,0,0,58,0,0,01,8,4,1100
D,685103991,1009,4024,0,-16224,261,0,0,58,0,0,01,8,4,1100
D,685104966,975,4024,0,-16224,241,0,0,58,0,0,01,8,4,1100
D,685105981,1015,4024,0,-16224,262,0,0,58,0,0,01,8,4,1100
D,685106976,995,4024,0,-16224,243,0,0,58,0,0,01,8,4,1100
D,685107988,1012,4024,0,-16224,266,0,0,58,0,0,01,8,4,1100
D,685108970,982,4024,0,-16224,242,0,0,58,0,0,01,8,4,1100
D,685109998,1028,4024,0,-16224,265,0,0,58,0,0,01,8,4,1100
D,685110975,977,4024,0,-16224,242,0,0,58,0,0,01,8,4,1100
D,685112029,1054,4024,0,-16224,310,0,0,58,0,0,01,8,4,1100
D,685112948,919,4024,0,-16224,223,0,0,58,0,0,01,8,4,1100
D,685113947,999,4024,0,-16224,228,0,0,58,0,0,01,8,4,1100
D,685114957,1010,4024,0,-16224,231,0,0,58,0,0,01,8,4,1100
D,685115946,989,4024,0,-16224,226,0,0,58,0,0,01,8,4,1100
D,685116948,1002,4024,0,-16224,226,0,0,58,0,0,01,8,4,1100
D,685117951,1003,4024,0,-16224,227,0,0,58,0,0,01,8,4,1100
D,685118961,1010,4024,0,-16224,231,0,0,58,0,0,01,8,4,1100
D,685119949,988,4024,0,-16224,229,0,0,58,0,0,01,8,4,1100
D,685121051,1102,4024,0,-16224,318,0,0,58,0,0,01,8,4,1100
D,685122130,1079,4024,0,-16224,406,0,0,58,0,0,01,8,4,1100
D,685122972,842,4024,0,-16224,250,0,0,58,0,0,01,8,4,1100
D,685123980,1008,4024,0,-16224,259,0,0,58,0,0,01,8,4,1100
D,685124959,979,4024,0,-16224,241,0,0,58,0,0,01,8,4,1100
D,685125978,1019,4024,0,-16224,256,0,0,58,0,0,01,8,4,1100
D,685126975,997,4024,0,-16224,245,0,0,58,0,0,01,8,4,1100
D,685127984,1009,4024,0,-16224,263,0,0,58,0,0,01,8,4,1100
D,685128964,980,4024,0,-16224,241,0,0,58,0,0,01,8,4,1100
D,685129986,1022,4024,0,-16224,266,0,0,58,0,0,01,8,4,1100
D,685130967,981,4024,0,-16224,243,0,0,58,0,0,01,8,4,1100
D,685132034,1067,4024,0,-16224,311,0,0,58,0,0,01,8,4,1100
D,685132956,922,4024,0,-16224,225,0,0,58,0,0,01,8,4,1100
D,685133954,998,4024,0,-16224,227,0,0,58,0,0,01,8,4,1100
D,685134966,1012,4024,0,-16224,232,0,0,58,0,0,01,8,4,1100
D,685135954,988,4024,0,-16224,226,0,0,58,0,0,01,8,4,1100
D,685136956,1002,4024,0,-16224,226,0,0,58,0,0,01,8,4,1100
D,685137959,1003,4024,0,-16224,227,0,0,58,0,0,01,8,4,1100
D,685138953,994,4024,0,-16224,231,0,0,58,0,0,01,8,4,1100
D,685139959,1006,4024,0,-16224,230,0,0,58,0,0,01,8,4,1100
D,685141042,1083,4024,0,-16224,313,0,0,58,0,0,01,8,4,1100
D,685142120,1078,4024,0,-16224,395,0,0,58,0,0,01,8,4,1100
D,685142976,856,4024,0,-16224,251,0,0,58,0,0,01,8,4,1100
D,685143989,1013,4024,0,-16224,259,0,0,58,0,0,01,8,4,1100
D,685144970,981,4024,0,-16224,240,0,0,58,0,0,01,8,4,1100
D,685145995,1025,4024,0,-16224,262,0,0,58,0,0,01,8,4,1100
D,685146964,969,4024,0,-16224,243,0,0,58,0,0,01,8,4,1100
D,685147987,1023,4024,0,-16224,267,0,0,58,0,0,01,8,4,1100
D,685148963,976,4024,0,-16224,245,0,0,58,0,0,01,8,4,1100
D,685149991,1028,4024,0,-16224,272,0,0,58,0,0,01,8,4,1100
D,685150977,986,4024,0,-16224,243,0,0,58,0,0,01,8,4,1100
D,685152043,1066,4024,0,-16224,312,0,0,58,0,0,01,8,4,1100
D,685152943,900,4024,0,-16224,223,0,0,58,0,0,01,8,4,1100
D,685153957,1014,4024,0,-16224,227,0,0,58,0,0,01,8,4,1100
D,685154951,994,4024,0,-16224,231,0,0,58,0,0,01,8,4,1100
D,685155956,1005,4024,0,-16224,226,0,0,58,0,0,01,8,4,1100
D,685156958,1002,4024,0,-16224,226,0,0,58,0,0,01,8,4,1100
D,685157945,987,4024,0,-16224,227,0,0,58,0,0,01,8,4,1100
D,685158955,1010,4024,0,-16224,231,0,0,58,0,0,01,8,4,1100
D,685159960,1005,4024,0,-16224,228,0,0,58,0,0,01,8,4,1100
D,685161036,1076,4024,0,-16224,316,0,0,58,0,0,01,8,4,1100
D,685162119,1083,4024,0,-16224,390,0,0,58,0,0,01,8,4,1100
D,685162974,855,4024,0,-16224,250,0,0,58,0,0,01,8,4,1100
D,685163984,1010,4024,0,-16224,261,0,0,58,0,0,01,8,4,1100
D,685164959,975,4024,0,-16224,240,0,0,58,0,0,01,8,4,1100
D,685165985,1026,4024,0,-16224,259,0,0,58,0,0,01,8,4,1100
D,685166961,976,4024,0,-16224,241,0,0,58,0,0,01,8,4,1100
D,685167984,1023,4024,0,-16224,265,0,0,58,0,0,01,8,4,1100
D,685168965,981,4024,0,-16224,240,0,0,58,0,0,01,8,4,1100
D,685169987,1022,4024,0,-16224,264,0,0,58,0,0,01,8,4,1100
D,685170967,980,4024,0,-16224,243,0,0,58,0,0,01,8,4,1100
D,685172037,1070,4024,0,-16224,308,0,0,58,0,0,01,8,4,1100
D,685172947,910,4024,0,-16224,229,0,0,58,0,0,01,8,4,1100
D,685173950,1003,4024,0,-16224,227,0,0,58,0,0,01,8,4,1100
D,685174960,1010,4024,0,-16224,231,0,0,58,0,0,01,8,4,1100
D,685175949,989,4024,0,-16224,226,0,0,58,0,0,01,8,4,1100
D,685176951,1002,4024,0,-16224,226,0,0,58,0,0,01,8,4,1100
D,685177955,1004,4024,0,-16224,227,0,0,58,0,0,01,8,4,1100
D,685178965,1010,4024,0,-16224,231,0,0,58,0,0,01,8,4,1100
D,685179957,992,4024,0,-16224,232,0,0,58,0,0,01,8,4,1100
D,685181043,1086,4024,0,-16224,313,0,0,58,0,0,01,8,4,1100
D,685182136,1093,4024,0,-16224,413,0,0,58,0,0,01,8,4,1100
D,685182972,836,4024,0,-16224,252,0,0,58,0,0,01,8,4,1100
D,685183979,1007,4024,0,-16224,260,0,0,58,0,0,01,8,4,1100
D,685184972,993,4024,0,-16224,239,0,0,58,0,0,01,8,4,1100
D,685185982,1010,4024,0,-16224,261,0,0,58,0,0,01,8,4,1100
D,685186965,983,4024,0,-16224,247,0,0,58,0,0,01,8,4,1100
D,685187996,1031,4024,0,-16224,266,0,0,58,0,0,01,8,4,1100
D,685188962,966,4024,0,-16224,244,0,0,58,0,0,01,8,4,1100
D,685189990,1028,4024,0,-16224,270,0,0,58,0,0,01,8,4,1100
D,685190972,982,4024,0,-16224,243,0,0,58,0,0,01,8,4,1100
D,685192041,1069,4024,0,-16224,310,0,0,58,0,0,01,8,4,1100
D,685192957,916,4024,0,-16224,224,0,0,58,0,0,01,8,4,1100
D,685193956,999,4024,0,-16224,228,0,0,58,0,0,01,8,4,1100
D,685194950,994,4024,0,-16224,232,0,0,58,0,0,01,8,4,1100
D,685195954,1004,4024,0,-16224,225,0,0,58,0,0,01,8,4,1100
D,685196957,1003,4024,0,-16224,226,0,0,58,0,0,01,8,4,1100
D,685197960,1003,4024,0,-16224,227,0,0,58,0,0,01,8,4,1100
D,685198954,994,4024,0,-16224,231,0,0,58,0,0,01,8,4,1100
D,685199958,1004,4024,0,-16224,228,0,0,58,0,0,01,8,4,1100
D,685201038,1080,4024,0,-16224,320,0,0,58,0,0,01,8,4,1100
D,685202121,1083,4024,0,-16224,395,0,0,58,0,0,01,8,4,1100
D,685202978,857,4024,0,-16224,251,0,0,58,0,0,01,8,4,1100
D,685203978,1000,4024,0,-16224,259,0,0,58,0,0,01,8,4,1100
D,685204970,992,4024,0,-16224,242,0,0,58,0,0,01,8,4,1100
D,685205978,1008,4024,0,-16224,258,0,0,58,0,0,01,8,4,1100
D,685206971,993,4024,0,-16224,242,0,0,58,0,0,01,8,4,1100
D,685207996,1025,4024,0,-16224,265,0,0,58,0,0,01,8,4,1100
D,685208958,962,4024,0,-16224,240,0,0,58,0,0,01,8,4,1100
D,685209983,1025,4024,0,-16224,263,0,0,58,0,0,01,8,4,1100
D,685210961,978,4024,0,-16224,243,0,0,58,0,0,01,8,4,1100
D,685212044,1083,4024,0,-16224,312,0,0,58,0,0,01,8,4,1100
D,685212954,910,4024,0,-16224,228,0,0,58,0,0,01,8,4,1100
D,685213957,1003,4024,0,-16224,227,0,0,58,0,0,01,8,4,1100
D,685214952,995,4024,0,-16224,232,0,0,58,0,0,01,8,4,1100
D,685215956,1004,4024,0,-16224,226,0,0,58,0,0,01,8,4,1100
D,685216958,1002,4024,0,-16224,225,0,0,58,0,0,01,8,4,1100
D,685217946,988,4024,0,-16224,227,0,0,58,0,0,01,8,4,1100
D,685218955,1009,4024,0,-16224,231,0,0,58,0,0,01,8,4,1100
D,685219962,1007,4024,0,-16224,230,0,0,58,0,0,01,8,4,1100
D,685221044,1082,4024,0,-16224,312,0,0,58,0,0,01,8,4,1100
D,685222136,1092,4024,0,-16224,413,0,0,58,0,0,01,8,4,1100
D,685222979,843,4024,0,-16224,252,0,0,58,0,0,01,8,4,1100
D,685223982,1003,4024,0,-16224,260,0,0,58,0,0,01,8,4,1100
D,685224961,979,4024,0,-16224,240,0,0,58,0,0,01,8,4,1100
D,685225986,1025,4024,0,-16224,259,0,0,58,0,0,01,8,4,1100
D,685226967,981,4024,0,-16224,245,0,0,58,0,0,01,8,4,1100
D,685227995,1028,4024,0,-16224,266,0,0,58,0,0,01,8,4,1100
D,685228975,980,4024,0,-16224,241,0,0,58,0,0,01,8,4,1100
D,685229989,1014,4024,0,-16224,271,0,0,58,0,0,01,8,4,1100
D,685230972,983,4024,0,-16224,244,0,0,58,0,0,01,8,4,1100
D,685232032,1060,4024,0,-16224,312,0,0,58,0,0,01,8,4,1100
D,685232948,916,4024,0,-16224,223,0,0,58,0,0,01,8,4,1100
D,685233947,999,4024,0,-16224,228,0,0,58,0,0,01,8,4,1100
D,685234958,1011,4024,0,-16224,232,0,0,58,0,0,01,8,4,1100
D,685235946,988,4024,0,-16224,226,0,0,58,0,0,01,8,4,1100
D,685236948,1002,4024,0,-16224,225,0,0,58,0,0,01,8,4,1100
D,685237952,1004,4024,0,-16224,227,0,0,58,0,0,01,8,4,1100
D,685238962,1010,4024,0,-16224,231,0,0,58,0,0,01,8,4,1100
D,685239950,988,4024,0,-16224,228,0,0,58,0,0,01,8,4,1100
D,685241053,1103,4024,0,-16224,319,0,0,58,0,0,01,8,4,1100
D,685242137,1084,4024,0,-16224,401,0,0,58,0,0,01,8,4,1100
D,685242985,848,4024,0,-16224,255,0,0,58,0,0,01,8,4,1100
D,685243994,1009,4024,0,-16224,264,0,0,58,0,0,01,8,4,1100
D,685268035,24041,4024,0,-16224,353,0,0,58,0,0,48,9,5,550
D,685268924,889,4024,0,-16224,243,0,0,58,0,0,01,9,5,550
D,685269943,1019,4024,0,-16224,259,0,0,58,0,0,01,9,5,550
D,685270947,1004,4024,0,-16224,266,0,0,58,0,0,01,9,5,550
D,685271974,1027,4024,0,-16224,286,0,0,58,0,0,01,9,5,550
D,685272902,928,4024,0,-16224,221,0,0,58,0,0,01,9,5,550
D,685273908,1006,4024,0,-16224,220,0,0,58,0,0,01,9,5,550
D,685274905,997,4024,0,-16224,227,0,0,58,0,0,01,9,5,550
D,685275906,1001,4024,0,-16224,215,0,0,58,0,0,01,9,5,550
D,685276903,997,4024,0,-16224,213,0,0,58,0,0,01,9,5,550
D,685277904,1001,4024,0,-16224,216,0,0,58,0,0,01,9,5,550
D,685278904,1000,4024,0,-16224,222,0,0,58,0,0,01,9,5,550
D,685279909,1005,4024,0,-16224,218,0,0,58,0,0,01,9,5,550
D,685280995,1086,4024,0,-16224,301,0,0,58,0,0,01,9,5,550
D,685282052,1057,4024,0,-16224,361,0,0,58,0,0,01,9,5,550
D,685282952,900,4024,0,-16224,267,0,0,58,0,0,01,9,5,550
D,685283939,987,4024,0,-16224,247,0,0,58,0,0,01,9,5,550
D,685284931,992,4024,0,-16224,241,0,0,58,0,0,01,9,5,550
D,685285932,1001,4024,0,-16224,246,0,0,58,0,0,01,9,5,550
D,685286931,999,4024,0,-16224,249,0,0,58,0,0,01,9,5,550
D,685287938,1007,4024,0,-16224,250,0,0,58,0,0,01,9,5,550
D,685288933,995,4024,0,-16224,247,0,0,58,0,0,01,9,5,550
D,685289942,1009,4024,0,-16224,263,0,0,58,0,0,01,9,5,550
D,685290938,996,4024,0,-16224,253,0,0,58,0,0,01,9,5,550
D,685291988,1050,4024,0,-16224,298,0,0,58,0,0,01,9,5,550
D,685292923,935,4024,0,-16224,231,0,0,58,0,0,01,9,5,550
D,685293922,999,4024,0,-16224,229,0,0,58,0,0,01,9,5,550
D,685294930,1008,4024,0,-16224,238,0,0,58,0,0,01,9,5,550
D,685295917,987,4024,0,-16224,228,0,0,58,0,0,01,9,5,550
D,685296917,1000,4024,0,-16224,226,0,0,58,0,0,01,9,5,550
D,685297916,999,4024,0,-16224,229,0,0,58,0,0,01,9,5,550
D,685298913,997,4024,0,-16224,233,0,0,58,0,0,01,9,5,550
D,685299908,995,4024,0,-16224,226,0,0,58,0,0,01,9,5,550
D,685300985,1077,4024,0,-16224,303,0,0,58,0,0,01,9,5,550
D,685302068,1083,4024,0,-16224,378,0,0,58,0,0,01,9,5,550
D,685302954,886,4024,0,-16224,269,0,0,58,0,0,01,9,5,550
D,685303947,993,4024,0,-16224,267,0,0,58,0,0,01,9,5,550
D,685304932,985,4024,0,-16224,245,0,0,58,0,0,01,9,5,550
D,685305933,1001,4024,0,-16224,253,0,0,58,0,0,01,9,5,550
D,685306927,994,4024,0,-16224,250,0,0,58,0,0,01,9,5,550
D,685307942,1015,4024,0,-16224,258,0,0,58,0,0,01,9,5,550
D,685308938,996,4024,0,-16224,247,0,0,58,0,0,01,9,5,550
D,685309945,1007,4024,0,-16224,264,0,0,58,0,0,01,9,5,550
D,685310928,983,4024,0,-16224,251,0,0,58,0,0,01,9,5,550
D,685311981,1053,4024,0,-16224,296,0,0,58,0,0,01,9,5,550
D,685312920,939,4024,0,-16224,235,0,0,58,0,0,01,9,5,550
D,685313918,998,4024,0,-16224,230,0,0,58,0,0,01,9,5,550
D,685314925,1007,4024,0,-16224,237,0,0,58,0,0,01,9,5,550
D,685315907,982,4024,0,-16224,224,0,0,58,0,0,01,9,5,550
D,685316917,1010,4024,0,-16224,224,0,0,58,0,0,01,9,5,550
D,685317916,999,4024,0,-16224,229,0,0,58,0,0,01,9,5,550
D,685318910,994,4024,0,-16224,231,0,0,58,0,0,01,9,5,550
D,685319907,997,4024,0,-16224,227,0,0,58,0,0,01,9,5,550
D,685320983,1076,4024,0,-16224,306,0,0,58,0,0,01,9,5,550
D,685322037,1054,4024,0,-16224,358,0,0,58,0,0,01,9,5,550
D,685322964,927,4024,0,-16224,278,0,0,58,0,0,01,9,5,550
D,685323951,987,4024,0,-16224,259,0,0,58,0,0,01,9,5,550
D,685324934,983,4024,0,-16224,243,0,0,58,0,0,01,9,5,550
D,685325937,1003,4024,0,-16224,254,0,0,58,0,0,01,9,5,550
D,685326933,996,4024,0,-16224,250,0,0,58,0,0,01,9,5,550
D,685327943,1010,4024,0,-16224,254,0,0,58,0,0,01,9,5,550
D,685328936,993,4024,0,-16224,245,0,0,58,0,0,01,9,5,550
D,685329952,1016,4025,1,-16225,262,0,-8,58,0,0,01,9,5,550
D,685330937,985,4025,0,-16225,252,-1,-8,58,0,0,01,9,5,550
D,685331991,1054,4024,-1,-16224,301,-1,0,58,0,0,01,9,5,550
D,685332911,920,4025,1,-16225,233,-1,-8,58,0,0,01,9,5,550
D,685333908,997,4025,0,-16225,231,-1,-8,58,0,0,01,9,5,550
D,685334915,1007,4025,0,-16225,235,-1,-8,58,0,0,01,9,5,550
D,685335921,1006,4024,-1,-16224,230,-1,0,58,0,0,01,9,5,550
D,685336917,996,4024,0,-16224,226,-1,0,58,0,0,01,9,5,550
D,685337931,1014,4024,0,-16224,245,-1,0,58,0,0,01,9,5,550
D,685338918,987,4024,0,-16224,230,-1,0,58,0,0,01,9,5,550
D,685339922,1004,4024,0,-16224,231,-1,0,58,0,0,01,9,5,550
D,685340998,1076,4024,0,-16224,312,-1,0,58,0,0,01,9,5,550
D,685342067,1069,4025,1,-16225,381,-1,-8,58,0,0,01,9,5,550
D,685342955,888,4024,-1,-16224,269,-1,0,58,0,0,01,9,5,550
D,685343951,996,4025,1,-16225,268,-2,-8,58,0,0,01,9,5,550
D,685344929,978,4025,0,-16225,242,-2,-8,58,0,0,01,9,5,550
D,685345950,1021,4025,0,-16225,260,-2,-8,58,0,0,01,9,5,550
D,685346931,981,4025,0,-16225,248,-2,-8,58,0,0,01,9,5,550
D,685347942,1011,4025,0,-16225,255,-3,-8,58,0,0,01,9,5,550
D,685348932,990,4025,0,-16225,245,-3,-8,58,0,0,01,9,5,550
D,685349943,1011,4024,-1,-16224,263,-3,0,58,0,0,01,9,5,550
D,685350945,1002,4025,1,-16225,256,-3,-8,58,0,0,01,9,5,550
D,685351971,1026,4025,0,-16225,291,-3,-8,58,0,0,01,9,5,550
D,685352931,960,4024,-1,-16224,239,-3,0,58,0,0,01,9,5,550
D,685353941,1010,4025,1,-16225,258,-3,-8,58,0,0,01,9,5,550
D,685354913,972,4025,0,-16225,236,-3,-8,58,0,0,01,9,5,550
D,685355913,1000,4024,-1,-16224,226,-3,0,58,0,0,01,9,5,550
D,685356913,1000,4024,0,-16224,226,-3,0,58,0,0,01,9,5,550
D,685357931,1018,4024,0,-16224,248,-3,0,58,0,0,01,9,5,550
D,685358905,974,4024,0,-16224,229,-3,0,58,0,0,01,9,5,550
D,685359922,1017,4024,0,-16224,232,-3,0,58,0,0,01,9,5,550
D,685360993,1071,4024,0,-16224,311,-2,8,58,0,0,01,9,5,550
D,685362038,1045,4025,1,-16225,356,-3,-8,58,0,0,01,9,5,550
D,685362976,938,4024,-1,-16224,284,-2,8,58,0,0,01,9,5,550
D,685363942,966,4024,0,-16224,265,-2,8,58,0,0,01,9,5,550
D,685364936,994,4024,0,-16224,252,-1,8,58,0,0,01,9,5,550
D,685365942,1006,4024,0,-16224,252,-1,0,58,0,0,01,9,5,550
D,685366948,1006,4024,0,-16224,260,-1,0,58,0,0,01,9,5,550
D,685367949,1001,4024,0,-16224,262,-1,0,58,0,0,01,9,5,550
D,685368933,984,4024,0,-16224,249,-1,0,58,0,0,01,9,5,550
D,685369945,1012,4024,0,-16224,268,-1,0,58,0,0,01,9,5,550
D,685370940,995,4024,0,-16224,249,-1,0,58,0,0,01,9,5,550
D,685371986,1046,4024,0,-16224,302,-1,0,58,0,0,01,9,5,550
D,685372925,939,4024,0,-16224,232,-1,8,58,0,0,01,9,5,550
D,685373906,981,4024,0,-16224,229,-1,0,58,0,0,01,9,5,550
D,685374915,1009,4024,0,-16224,235,0,8,58,0,0,01,9,5,550
D,685375921,1006,4024,0,-16224,230,0,8,58,0,0,01,9,5,550
D,685376917,996,4024,0,-16224,226,0,8,58,0,0,01,9,5,550
D,685377931,1014,4024,0,-16224,245,1,8,58,0,0,01,9,5,550
D,685378918,987,4024,0,-16224,230,1,8,58,0,0,01,9,5,550
D,685379923,1005,4024,0,-16224,232,1,8,58,0,0,01,9,5,550
D,685380997,1074,4024,0,-16224,312,1,8,58,0,0,01,9,5,550
D,685382066,1069,4025,1,-16225,374,1,0,58,0,0,01,9,5,550
D,685382960,894,4024,-1,-16224,271,1,0,58,0,0,01,9,5,550
D,685383953,993,4024,0,-16224,271,2,8,58,0,0,01,9,5,550
D,685384936,983,4024,0,-16224,247,2,8,58,0,0,01,9,5,550
D,685385943,1007,4024,0,-16224,255,2,0,58,0,0,01,9,5,550
D,685386934,991,4024,0,-16224,251,2,0,58,0,0,01,9,5,550
D,685387941,1007,4024,0,-16224,261,2,0,58,0,0,01,9,5,550
D,685388937,996,4024,0,-16224,248,2,0,58,0,0,01,9,5,550
D,685389953,1016,4024,0,-16224,269,2,0,58,0,0,01,9,5,550
D,685390935,982,4024,0,-16224,248,1,0,58,0,0,01,9,5,550
D,685391976,1041,4024,0,-16224,296,1,0,58,0,0,01,9,5,550
D,685392912,936,4024,0,-16224,234,2,8,58,0,0,01,9,5,550
D,685393941,1029,4024,0,-16224,260,2,0,58,0,0,01,9,5,550
D,685394928,987,4024,0,-16224,236,2,0,58,0,0,01,9,5,550
D,685395913,985,4024,0,-16224,227,1,0,58,0,0,01,9,5,550
D,685396913,1000,4024,0,-16224,226,1,0,58,0,0,01,9,5,550
D,685397931,1018,4024,0,-16224,248,1,0,58,0,0,01,9,5,550
D,685398906,975,4024,0,-16224,229,1,0,58,0,0,01,9,5,550
D,685399925,1019,4024,0,-16224,235,1,0,58,0,0,01,9,5,550
D,685400993,1068,4024,0,-16224,310,1,0,58,0,0,01,9,5,550
D,685402058,1065,4024,0,-16224,370,1,0,58,0,0,01,9,5,550
D,685402957,899,4024,0,-16224,270,1,0,58,0,0,01,9,5,550
D,685403951,994,4024,0,-16224,261,1,0,58,0,0,01,9,5,550
D,685404930,979,4024,0,-16224,242,1,0,58,0,0,01,9,5,550
D,685405937,1007,4024,0,-16224,257,1,0,58,0,0,01,9,5,550
D,685406932,995,4024,0,-16224,249,1,0,58,0,0,01,9,5,550
D,685407953,1021,4024,0,-16224,261,1,0,58,0,0,01,9,5,550
D,685408927,974,4024,0,-16224,242,1,0,58,0,0,01,9,5,550
D,685409947,1020,4025,1,-16225,256,1,-8,58,0,0,01,9,5,550
D,685410933,986,4025,0,-16225,253,0,-8,58,0,0,01,9,5,550
D,685411971,1038,4025,0,-16225,293,0,-8,58,0,0,01,9,5,550
D,685412914,943,4025,0,-16225,234,0,0,58,0,0,01,9,5,550
D,685413941,1027,4024,-1,-16224,259,0,0,58,0,0,01,9,5,550
D,685414914,973,4024,0,-16224,237,0,0,58,0,0,01,9,5,550
D,685415913,999,4024,0,-16224,226,0,0,58,0,0,01,9,5,550
D,685416913,1000,4024,0,-16224,226,0,0,58,0,0,01,9,5,550
D,685417931,1018,4024,0,-16224,248,0,0,58,0,0,01,9,5,550
D,685418923,992,4024,0,-16224,230,0,0,58,0,0,01,9,5,550
D,685419908,985,4024,0,-16224,228,0,0,58,0,0,01,9,5,550
D,685420983,1075,4025,1,-16225,300,0,-8,58,0,0,01,9,5,550
D,685422058,1075,4025,0,-16225,373,-1,-8,58,0,0,01,9,5,550
D,685422955,897,4025,0,-16225,274,-1,-8,58,0,0,01,9,5,550
D,685423956,1001,4025,0,-16225,267,-1,-8,58,0,0,01,9,5,550
D,685424936,980,4024,-1,-16224,245,-1,0,58,0,0,01,9,5,550
D,685425950,1014,4024,0,-16224,261,-1,0,58,0,0,01,9,5,550
D,685426926,976,4025,1,-16225,249,-1,-8,58,0,0,01,9,5,550
D,685427942,1016,4024,-1,-16224,262,-1,0,58,0,0,01,9,5,550
D,685428939,997,4024,0,-16224,248,-1,0,58,0,0,01,9,5,550
D,685429954,1015,4025,1,-16225,264,-2,-8,58,0,0,01,9,5,550
D,685430928,974,4025,0,-16225,252,-2,-8,58,0,0,01,9,5,550
D,685431974,1046,4024,-1,-16224,296,-2,0,58,0,0,01,9,5,550
D,685432915,941,4024,0,-16224,234,-2,0,58,0,0,01,9,5,550
D,685433941,1026,4024,0,-16224,259,-2,0,58,0,0,01,9,5,550
D,685434930,989,4024,0,-16224,238,-2,0,58,0,0,01,9,5,550
D,685435913,983,4024,0,-16224,225,-2,0,58,0,0,01,9,5,550
D,685436913,1000,4024,0,-16224,225,-1,0,58,0,0,01,9,5,550
D,685437931,1018,4024,0,-16224,247,-1,0,58,0,0,01,9,5,550
D,685438922,991,4024,0,-16224,231,-1,0,58,0,0,01,9,5,550
D,685439908,986,4024,0,-16224,228,-1,0,58,0,0,01,9,5,550
D,685440990,1082,4024,0,-16224,311,-1,8,58,0,0,01,9,5,550
D,685442068,1078,4024,0,-16224,376,-1,8,58,0,0,01,9,5,550
D,685442961,893,4024,0,-16224,273,0,8,58,0,0,01,9,5,550
D,685443950,989,4024,0,-16224,260,0,0,58,0,0,01,9,5,550
D,685444929,979,4024,0,-16224,242,0,0,58,0,0,01,9,5,550
D,685445935,1006,4024,0,-16224,257,0,0,58,0,0,01,9,5,550
D,685446932,997,4024,0,-16224,250,0,0,58,0,0,01,9,5,550
D,685447943,1011,4024,0,-16224,255,0,0,58,0,0,01,9,5,550
D,685448938,995,4024,0,-16224,247,0,0,58,0,0,01,9,5,550
D,685449942,1004,4024,0,-16224,264,0,0,58,0,0,01,9,5,550
D,685450952,1010,4024,0,-16224,262,0,0,58,0,0,01,9,5,550
D,685451983,1031,4024,0,-16224,291,0,8,58,0,0,01,9,5,550
D,685452928,945,4024,0,-16224,236,0,8,58,0,0,01,9,5,550
D,685453941,1013,4024,0,-16224,261,1,8,58,0,0,01,9,5,550
D,685454929,988,4024,0,-16224,236,1,8,58,0,0,01,9,5,550
D,685455913,984,4024,0,-16224,226,1,0,58,0,0,01,9,5,550
D,685456913,1000,4024,0,-16224,226,1,0,58,0,0,01,9,5,550
D,685457931,1018,4024,0,-16224,248,1,8,58,0,0,01,9,5,550
D,685458906,975,4024,0,-16224,229,1,0,58,0,0,01,9,5,550
D,685459925,1019,4024,0,-16224,235,1,0,58,0,0,01,9,5,550
D,685460998,1073,4024,0,-16224,304,1,8,58,0,0,01,9,5,550
D,685462072,1074,4024,0,-16224,379,1,0,58,0,0,01,9,5,550
D,685462956,884,4024,0,-16224,271,1,0,58,0,0,01,9,5,550
D,685463950,994,4024,0,-16224,262,1,0,58,0,0,01,9,5,550
D,685464933,983,4024,0,-16224,244,1,0,58,0,0,01,9,5,550
D,685465938,1005,4024,0,-16224,254,1,0,58,0,0,01,9,5,550
D,685466926,988,4024,0,-16224,245,1,0,58,0,0,01,9,5,550
D,685467935,1009,4024,0,-16224,257,1,0,58,0,0,01,9,5,550
D,685468935,1000,4024,0,-16224,247,1,0,58,0,0,01,9,5,550
D,685469952,1017,4024,0,-16224,260,1,0,58,0,0,01,9,5,550
D,685470937,985,4024,0,-16224,254,1,0,58,0,0,01,9,5,550
D,685471978,1041,4024,0,-16224,290,1,0,58,0,0,01,9,5,550
D,685472925,947,4024,0,-16224,238,1,0,58,0,0,01,9,5,550
D,685473923,998,4024,0,-16224,233,1,0,58,0,0,01,9,5,550
D,685474929,1006,4024,0,-16224,237,1,0,58,0,0,01,9,5,550
D,685475913,984,4024,0,-16224,227,1,0,58,0,0,01,9,5,550
D,685476913,1000,4024,0,-16224,225,1,0,58,0,0,01,9,5,550
D,685477931,1018,4024,0,-16224,248,1,0,58,0,0,01,9,5,550
D,685478906,975,4024,0,-16224,229,1,0,58,0,0,01,9,5,550
D,685479925,1019,4024,0,-16224,235,1,0,58,0,0,01,9,5,550
D,685481000,1075,4024,0,-16224,308,1,0,58,0,0,01,9,5,550
D,685482073,1073,4024,0,-16224,379,1,0,58,0,0,01,9,5,550
D,685482965,892,4024,0,-16224,273,1,0,58,0,0,01,9,5,550
D,685483948,983,4024,0,-16224,264,1,0,58,0,0,01,9,5,550
D,685484934,986,4024,0,-16224,244,1,0,58,0,0,01,9,5,550
D,685485936,1002,4024,0,-16224,258,1,0,58,0,0,01,9,5,550
D,685486931,995,4024,0,-16224,250,1,0,58,0,0,01,9,5,550
D,685487937,1006,4025,1,-16225,256,0,-8,58,0,0,01,9,5,550
D,685488938,1001,4024,-1,-16224,246,0,0,58,0,0,01,9,5,550
D,685489952,1014,4024,0,-16224,260,0,0,58,0,0,01,9,5,550
D,685490939,987,4024,0,-16224,253,0,0,58,0,0,01,9,5,550
D,685491984,1045,4024,0,-16224,296,0,0,58,0,0,01,9,5,550
D,685492912,928,4024,0,-16224,235,0,0,58,0,0,01,9,5,550
D,685493909,997,4024,0,-16224,229,0,0,58,0,0,01,9,5,550
D,685494915,1006,4024,0,-16224,234,0,0,58,0,0,01,9,5,550
D,685495920,1005,4025,1,-16225,229,0,-8,58,0,0,01,9,5,550
D,685496914,994,4024,-1,-16224,224,0,0,58,0,0,01,9,5,550
D,685497907,993,4024,0,-16224,224,0,0,58,0,0,01,9,5,550
D,685498913,1006,4024,0,-16224,231,0,0,58,0,0,01,9,5,550
D,685499914,1001,4024,0,-16224,228,0,0,58,0,0,01,9,5,550
D,685500985,1071,4024,0,-16224,306,0,0,58,0,0,01,9,5,550
D,685502063,1078,4024,0,-16224,381,0,0,58,0,0,01,9,5,550
D,685502953,890,4025,1,-16225,274,0,-8,58,0,0,01,9,5,550
D,685503942,989,4024,-1,-16224,263,0,0,58,0,0,01,9,5,550
D,685504926,984,4024,0,-16224,242,0,0,58,0,0,01,9,5,550
D,685505950,1024,4025,1,-16225,258,-1,-8,58,0,0,01,9,5,550
D,685506933,983,4025,0,-16225,246,-1,-8,58,0,0,01,9,5,550
D,685507948,1015,4024,-1,-16224,257,-1,0,58,0,0,01,9,5,550
D,685508926,978,4024,0,-16224,244,-1,0,58,0,0,01,9,5,550
D,685509945,1019,4024,0,-16224,258,-1,0,58,0,0,01,9,5,550
D,685510926,981,4024,0,-16224,247,-1,0,58,0,0,01,9,5,550
D,685511986,1060,4024,0,-16224,295,-1,0,58,0,0,01,9,5,550
D,685512918,932,4024,0,-16224,238,-1,0,58,0,0,01,9,5,550
D,685513941,1023,4024,0,-16224,258,-1,0,58,0,0,01,9,5,550
D,685514928,987,4024,0,-16224,236,-1,0,58,0,0,01,9,5,550
D,685515913,985,4024,0,-16224,227,-1,0,58,0,0,01,9,5,550
D,685516913,1000,4024,0,-16224,226,-1,0,58,0,0,01,9,5,550
D,685517931,1018,4024,0,-16224,248,-1,0,58,0,0,01,9,5,550
D,685518922,991,4024,0,-16224,231,0,8,58,0,0,01,9,5,550
D,685519908,986,4024,0,-16224,228,0,0,58,0,0,01,9,5,550
D,685520987,1079,4024,0,-16224,306,0,0,58,0,0,01,9,5,550
D,685522044,1057,4024,0,-16224,365,0,0,58,0,0,01,9,5,550
D,685522960,916,4024,0,-16224,274,0,0,58,0,0,01,9,5,550
D,685523937,977,4024,0,-16224,259,0,0,58,0,0,01,9,5,550
D,685524934,997,4024,0,-16224,243,0,0,58,0,0,01,9,5,550
D,685525937,1003,4025,1,-16225,255,0,0,58,0,0,01,9,5,550
D,685526932,995,4025,0,-16225,252,-1,-8,58,0,0,01,9,5,550
D,685527940,1008,4024,-1,-16224,253,-1,0,58,0,0,01,9,5,550
D,685528934,994,4024,0,-16224,247,0,0,58,0,0,01,9,5,550
D,685529939,1005,4024,0,-16224,261,0,0,58,0,0,01,9,5,550
D,685530951,1012,4024,0,-16224,262,0,0,58,0,0,01,9,5,550
D,685531973,1022,4024,0,-16224,295,0,0,58,0,0,01,9,5,550
D,685532916,943,4024,0,-16224,237,0,0,58,0,0,01,9,5,550
D,685533941,1025,4024,0,-16224,258,0,8,58,0,0,01,9,5,550
D,685534930,989,4025,1,-16225,238,0,-8,58,0,0,01,9,5,550
D,685535913,983,4024,-1,-16224,226,0,0,58,0,0,01,9,5,550
D,685536913,1000,4024,0,-16224,226,0,8,58,0,0,01,9,5,550
D,685537931,1018,4025,1,-16225,248,0,0,58,0,0,01,9,5,550
D,685538923,992,4024,-1,-16224,230,0,0,58,0,0,01,9,5,550
D,685539908,985,4024,0,-16224,228,0,0,58,0,0,01,9,5,550
D,685540998,1090,4024,0,-16224,308,0,0,58,0,0,01,9,5,550
D,685542067,1069,4024,0,-16224,369,0,0,58,0,0,01,9,5,550
D,685542955,888,4024,0,-16224,276,0,0,58,0,0,01,9,5,550
D,685543952,997,4024,0,-16224,270,0,0,58,0,0,01,9,5,550
D,685544932,980,4024,0,-16224,249,0,0,58,0,0,01,9,5,550
D,685545941,1009,4025,1,-16225,255,0,-8,58,0,0,01,9,5,550
D,685546927,986,4025,0,-16225,246,-1,-8,58,0,0,01,9,5,550
D,685547952,1025,4024,-1,-16224,264,-1,0,58,0,0,01,9,5,550
D,685548927,975,4024,0,-16224,247,-1,0,58,0,0,01,9,5,550
D,685549943,1016,4024,0,-16224,261,-1,0,58,0,0,01,9,5,550
D,685550935,992,4024,0,-16224,243,-1,0,58,0,0,01,9,5,550
D,685551992,1057,4024,0,-16224,300,-1,0,58,0,0,01,9,5,550
D,685552914,922,4024,0,-16224,234,-1,0,58,0,0,01,9,5,550
D,685553939,1025,4024,0,-16224,257,-1,0,58,0,0,01,9,5,550
D,685554922,983,4024,0,-16224,232,0,0,58,0,0,01,9,5,550
D,685555904,982,4024,0,-16224,225,0,0,58,0,0,01,9,5,550
D,685556913,1009,4024,0,-16224,224,0,8,58,0,0,01,9,5,550
D,685557931,1018,4024,0,-16224,248,0,8,58,0,0,01,9,5,550
D,685558906,975,4024,0,-16224,229,0,0,58,0,0,01,9,5,550
D,685559925,1019,4025,1,-16225,235,0,-8,58,0,0,01,9,5,550
D,685561008,1083,4025,0,-16225,316,0,-8,58,0,0,01,9,5,550
D,685562060,1052,4024,-1,-16224,371,0,0,58,0,0,01,9,5,550
D,685562955,895,4024,0,-16224,273,0,0,58,0,0,01,9,5,550
D,685563960,1005,4024,0,-16224,268,0,0,58,0,0,01,9,5,550
D,685564923,963,4024,0,-16224,244,0,0,58,0,0,01,9,5,550
D,685565942,1019,4024,0,-16224,255,0,0,58,0,0,01,9,5,550
D,685566932,990,4024,0,-16224,249,0,0,58,0,0,01,9,5,550
D,685567941,1009,4024,0,-16224,263,0,8,58,0,0,01,9,5,550
D,685568935,994,4024,0,-16224,246,0,0,58,0,0,01,9,5,550
D,685569945,1010,4024,0,-16224,266,0,0,58,0,0,01,9,5,550
D,685570939,994,4024,0,-16224,251,0,0,58,0,0,01,9,5,550
D,685571984,1045,4024,0,-16224,299,0,0,58,0,0,01,9,5,550
D,685572916,932,4024,0,-16224,228,0,0,58,0,0,01,9,5,550
D,685573923,1007,4024,0,-16224,236,0,0,58,0,0,01,9,5,550
D,685574914,991,4024,0,-16224,237,0,0,58,0,0,01,9,5,550
D,685575913,999,4024,0,-16224,225,0,0,58,0,0,01,9,5,550
D,685576913,1000,4024,0,-16224,225,0,8,58,0,0,01,9,5,550
D,685577931,1018,4024,0,-16224,248,1,8,58,0,0,01,9,5,550
D,685578906,975,4024,0,-16224,229,1,0,58,0,0,01,9,5,550
D,685579925,1019,4024,0,-16224,235,1,0,58,0,0,01,9,5,550
D,685580988,1063,4024,0,-16224,307,1,0,58,0,0,01,9,5,550
D,685582074,1086,4024,0,-16224,378,0,0,58,0,0,01,9,5,550
D,685582954,880,4025,1,-16225,268,0,-8,58,0,0,01,9,5,550
D,685583946,992,4025,0,-16225,265,0,-8,58,0,0,01,9,5,550
D,685584928,982,4025,0,-16225,244,0,-8,58,0,0,01,9,5,550
D,685585935,1007,4025,0,-16225,254,-1,-8,58,0,0,01,9,5,550
D,685586924,989,4024,-1,-16224,246,-1,0,58,0,0,01,9,5,550
D,685587942,1018,4024,0,-16224,260,-1,0,58,0,0,01,9,5,550
D,685588931,989,4025,1,-16225,241,-1,-8,58,0,0,01,9,5,550
D,685589947,1016,4024,-1,-16224,259,-1,8,58,0,0,01,9,5,550
D,685590927,980,4024,0,-16224,249,0,8,58,0,0,01,9,5,550
D,685591980,1053,4024,0,-16224,297,0,8,58,0,0,01,9,5,550
D,685592923,943,4025,1,-16225,235,0,-8,58,0,0,01,9,5,550
D,685593919,996,4025,0,-16225,231,-1,-8,58,0,0,01,9,5,550
D,685594924,1005,4024,-1,-16224,236,-1,0,58,0,0,01,9,5,550
D,685595907,983,4025,1,-16225,224,-1,-8,58,0,0,01,9,5,550
D,685596917,1010,4025,0,-16225,224,-1,-8,58,0,0,01,9,5,550
D,685597916,999,4024,-1,-16224,229,-1,0,58,0,0,01,9,5,550
D,685598908,992,4024,0,-16224,230,-1,0,58,0,0,01,9,5,550
D,685599915,1007,4025,1,-16225,232,-1,-8,58,0,0,01,9,5,550
D,685600992,1077,4024,-1,-16224,306,-1,0,58,0,0,01,9,5,550
D,685602039,1047,4024,0,-16224,356,-1,0,58,0,0,01,9,5,550
D,685602958,919,4024,0,-16224,273,-1,0,58,0,0,01,9,5,550
D,685603944,986,4024,0,-16224,263,-1,0,58,0,0,01,9,5,550
D,685604927,983,4024,0,-16224,246,-1,0,58,0,0,01,9,5,550
D,685605934,1007,4025,1,-16225,255,-1,-8,58,0,0,01,9,5,550
D,685606932,998,4025,0,-16225,252,-2,-8,58,0,0,01,9,5,550
D,685607943,1011,4025,0,-16225,255,-2,-8,58,0,0,01,9,5,550
D,685608924,981,4025,0,-16225,247,-2,-8,58,0,0,01,9,5,550
D,685609953,1029,4024,-1,-16224,263,-2,0,58,0,0,01,9,5,550
D,685610934,981,4024,0,-16224,251,-2,0,58,0,0,01,9,5,550
D,685611979,1045,4025,1,-16225,298,-2,-8,58,0,0,01,9,5,550
D,685612919,940,4025,0,-16225,229,-2,-8,58,0,0,01,9,5,550
D,685613919,1000,4025,0,-16225,233,-2,0,58,0,0,01,9,5,550
D,685614926,1007,4025,0,-16225,237,-2,0,58,0,0,01,9,5,550
D,685615912,986,4025,0,-16225,229,-2,0,58,0,0,01,9,5,550
D,685616913,1001,4025,0,-16225,226,-2,0,58,0,0,01,9,5,550
D,685617931,1018,4025,0,-16225,248,-2,-8,58,0,0,01,9,5,550
D,685618923,992,4025,0,-16225,230,-2,-8,58,0,0,01,9,5,550
D,685619908,985,4025,0,-16225,228,-2,0,58,0,0,01,9,5,550
D,685620997,1089,4025,0,-16225,307,-3,-8,58,0,0,01,9,5,550
D,685622053,1056,4025,0,-16225,372,-3,-8,58,0,0,01,9,5,550
D,685622955,902,4025,0,-16225,274,-3,0,58,0,0,01,9,5,550
D,685623942,987,4025,0,-16225,260,-3,0,58,0,0,01,9,5,550
D,685624926,984,4025,0,-16225,243,-3,-8,58,0,0,01,9,5,550
D,685625935,1009,4025,0,-16225,251,-3,0,58,0,0,01,9,5,550
D,685626926,991,4025,0,-16225,246,-3,0,58,0,0,01,9,5,550
D,685627936,1010,4025,0,-16225,259,-3,-8,58,0,0,01,9,5,550
D,685628933,997,4025,0,-16225,248,-3,-8,58,0,0,01,9,5,550
D,685629946,1013,4025,0,-16225,259,-3,0,58,0,0,01,9,5,550
D,685630936,990,4025,0,-16225,254,-3,0,58,0,0,01,9,5,550
D,685631977,1041,4025,0,-16225,290,-3,-8,58,0,0,01,9,5,550
D,685632927,950,4025,0,-16225,239,-3,-8,58,0,0,01,9,5,550
D,685633907,980,4025,0,-16225,230,-3,-8,58,0,0,01,9,5,550
D,685634915,1008,4024,-1,-16224,234,-3,0,58,0,0,01,9,5,550
D,685635915,1000,4025,1,-16225,226,-3,-8,58,0,0,01,9,5,550
D,685636910,995,4025,0,-16225,224,-3,0,58,0,0,01,9,5,550
D,685637904,994,4025,0,-16225,225,-3,0,58,0,0,01,9,5,550
D,685638913,1009,4025,0,-16225,233,-3,0,58,0,0,01,9,5,550
D,685639914,1001,4025,0,-16225,229,-3,0,58,0,0,01,9,5,550
D,685640994,1080,4025,0,-16225,311,-3,-8,58,0,0,01,9,5,550
D,685642061,1067,4025,0,-16225,374,-3,0,58,0,0,01,9,5,550
D,685642954,893,4025,0,-16225,273,-3,0,58,0,0,01,9,5,550
D,685643946,992,4025,0,-16225,261,-3,0,58,0,0,01,9,5,550
D,685644927,981,4025,0,-16225,242,-3,0,58,0,0,01,9,5,550
D,685645939,1012,4024,-1,-16224,257,-2,8,58,0,0,01,9,5,550
D,685646933,994,4025,1,-16225,251,-2,0,58,0,0,01,9,5,550
D,685647933,1000,4025,0,-16225,256,-2,0,58,0,0,01,9,5,550
D,685648936,1003,4025,0,-16225,249,-2,0,58,0,0,01,9,5,550
D,685649947,1011,4025,0,-16225,256,-2,0,58,0,0,01,9,5,550
D,685650942,995,4025,0,-16225,251,-2,0,58,0,0,01,9,5,550
D,685651984,1042,4025,0,-16225,297,-2,0,58,0,0,01,9,5,550
D,685652926,942,4025,0,-16225,233,-2,0,58,0,0,01,9,5,550
D,685653923,997,4025,0,-16225,231,-2,0,58,0,0,01,9,5,550
D,685654914,991,4025,0,-16225,237,-2,0,58,0,0,01,9,5,550
D,685655913,999,4025,0,-16225,225,-2,0,58,0,0,01,9,5,550
D,685656913,1000,4025,0,-16225,225,-1,0,58,0,0,01,9,5,550
D,685657931,1018,4025,0,-16225,248,-1,0,58,0,0,01,9,5,550
D,685658905,974,4024,-1,-16224,229,-1,8,58,0,0,01,9,5,550
D,685659925,1020,4025,1,-16225,235,-1,0,58,0,0,01,9,5,550
D,685660983,1058,4025,0,-16225,303,-1,0,58,0,0,01,9,5,550
D,685662062,1079,4025,0,-16225,381,-1,0,58,0,0,01,9,5,550
D,685662961,899,4025,0,-16225,269,-1,0,58,0,0,01,9,5,550
D,685663941,980,4025,0,-16225,264,-1,0,58,0,0,01,9,5,550
D,685664924,983,4025,0,-16225,242,-1,-8,58,0,0,01,9,5,550
D,685665940,1016,4025,0,-16225,254,-1,0,58,0,0,01,9,5,550
D,685666932,992,4025,0,-16225,246,-1,0,58,0,0,01,9,5,550
D,685667946,1014,4025,0,-16225,257,-1,0,58,0,0,01,9,5,550
D,685668925,979,4025,0,-16225,246,-1,0,58,0,0,01,9,5,550
D,685669945,1020,4025,0,-16225,257,-1,0,58,0,0,01,9,5,550
D,685670926,981,4025,0,-16225,248,-1,0,58,0,0,01,9,5,550
D,685671987,1061,4025,0,-16225,295,-1,0,58,0,0,01,9,5,550
D,685672918,931,4025,0,-16225,237,-1,0,58,0,0,01,9,5,550
D,685673941,1023,4025,0,-16225,259,-1,0,58,0,0,01,9,5,550
D,685674928,987,4025,0,-16225,237,-1,0,58,0,0,01,9,5,550
D,685675912,984,4025,0,-16225,227,-1,0,58,0,0,01,9,5,550
D,685676913,1001,4025,0,-16225,227,-1,-8,58,0,0,01,9,5,550
D,685677931,1018,4025,0,-16225,249,-1,0,58,0,0,01,9,5,550
D,685678921,990,4025,0,-16225,230,-1,0,58,0,0,01,9,5,550
D,685679907,986,4025,0,-16225,228,-1,0,58,0,0,01,9,5,550
D,685680995,1088,4025,0,-16225,317,-1,0,58,0,0,01,9,5,550
D,685682016,1021,4025,0,-16225,336,-1,0,58,0,0,01,9,5,550
D,685682943,927,4025,0,-16225,250,-1,0,58,0,0,01,9,5,550
D,685683962,1019,4025,0,-16225,271,-1,0,58,0,0,01,9,5,550
D,685684927,965,4025,0,-16225,243,-1,0,58,0,0,01,9,5,550
D,685685948,1021,4025,0,-16225,261,-1,0,58,0,0,01,9,5,550
D,685686925,977,4025,0,-16225,243,-1,0,58,0,0,01,9,5,550
D,685687935,1010,4025,0,-16225,258,-1,0,58,0,0,01,9,5,550
D,685688924,989,4025,0,-16225,247,-1,-8,58,0,0,01,9,5,550
D,685689946,1022,4025,0,-16225,258,-1,0,58,0,0,01,9,5,550
D,685690944,998,4025,0,-16225,267,-1,0,58,0,0,01,9,5,550
D,685691980,1036,4025,0,-16225,300,-1,0,58,0,0,01,9,5,550
D,685692908,928,4025,0,-16225,223,-1,0,58,0,0,01,9,5,550
D,685693922,1014,4025,0,-16225,232,-1,0,58,0,0,01,9,5,550
D,685694908,986,4025,0,-16225,231,-1,0,58,0,0,01,9,5,550
D,685695902,994,4025,0,-16225,225,-1,0,58,0,0,01,9,5,550
D,685696918,1016,4025,0,-16225,226,-1,0,58,0,0,01,9,5,550
D,685697916,998,4025,0,-16225,229,-1,0,58,0,0,01,9,5,550
D,685698909,993,4025,0,-16225,231,-1,0,58,0,0,01,9,5,550
D,685699915,1006,4025,0,-16225,233,-1,0,58,0,0,01,9,5,550
D,685700995,1080,4025,0,-16225,314,-1,0,58,0,0,01,9,5,550
D,685702022,1027,4025,0,-16225,342,-1,0,58,0,0,01,9,5,550
D,685702933,911,4025,0,-16225,242,-1,0,58,0,0,01,9,5,550
D,685703956,1023,4025,0,-16225,274,-1,0,58,0,0,01,9,5,550
D,685704934,978,4025,0,-16225,245,0,0,58,0,0,01,9,5,550
D,685705946,1012,4025,0,-16225,267,0,0,58,0,0,01,9,5,550
D,685706923,977,4025,0,-16225,245,0,0,58,0,0,01,9,5,550
D,685707948,1025,4025,0,-16225,261,0,0,58,0,0,01,9,5,550
D,685708933,985,4025,0,-16225,248,0,0,58,0,0,01,9,5,550
D,685709941,1008,4025,0,-16225,260,0,0,58,0,0,01,9,5,550
D,685710954,1013,4025,0,-16225,267,0,0,58,0,0,01,9,5,550
D,685711993,1039,4025,0,-16225,303,0,0,58,0,0,01,9,5,550
D,685712913,920,4025,0,-16225,222,0,0,58,0,0,01,9,5,550
D,685713910,997,4025,0,-16225,231,0,0,58,0,0,01,9,5,550
D,685714913,1003,4025,0,-16225,233,0,0,58,0,0,01,9,5,550
D,685715915,1002,4025,0,-16225,227,0,0,58,0,0,01,9,5,550
D,685716905,990,4025,0,-16225,223,0,0,58,0,0,01,9,5,550
D,685717924,1019,4025,0,-16225,232,0,0,58,0,0,01,9,5,550
D,685718912,988,4025,0,-16225,233,0,0,58,0,0,01,9,5,550
D,685719914,1002,4025,0,-16225,229,0,0,58,0,0,01,9,5,550
D,685721008,1094,4025,0,-16225,322,0,0,58,0,0,01,9,5,550
D,685722021,1013,4025,0,-16225,340,0,0,58,0,0,01,9,5,550
D,685722934,913,4025,0,-16225,248,0,0,58,0,0,01,9,5,550
D,685723960,1026,4025,0,-16225,269,0,0,58,0,0,01,9,5,550
D,685724934,974,4025,0,-16225,242,0,0,58,0,0,01,9,5,550
D,685725950,1016,4025,0,-16225,264,0,0,58,0,0,01,9,5,550
D,685726928,978,4025,0,-16225,245,0,0,58,0,0,01,9,5,550
D,685727944,1016,4025,0,-16225,258,0,0,58,0,0,01,9,5,550
D,685728936,992,4025,0,-16225,246,0,0,58,0,0,01,9,5,550
D,685729946,1010,4025,0,-16225,262,0,0,58,0,0,01,9,5,550
D,685730949,1003,4025,0,-16225,269,0,0,58,0,0,01,9,5,550
D,685731986,1037,4025,0,-16225,299,0,0,58,0,0,01,9,5,550
D,685732912,926,4025,0,-16225,223,0,0,58,0,0,01,9,5,550
D,685733912,1000,4025,0,-16225,233,0,0,58,0,0,01,9,5,550
D,685734918,1006,4025,0,-16225,234,0,0,58,0,0,01,9,5,550
D,685735903,985,4025,0,-16225,226,0,0,58,0,0,01,9,5,550
D,685736910,1007,4025,0,-16225,223,0,0,58,0,0,01,9,5,550
D,685737906,996,4025,0,-16225,227,0,0,58,0,0,01,9,5,550
D,685738913,1007,4025,0,-16225,232,0,0,58,0,0,01,9,5,550
D,685739914,1001,4025,0,-16225,230,0,0,58,0,0,01,9,5,550
D,685741011,1097,4025,0,-16225,320,0,0,58,0,0,01,9,5,550
D,685742034,1023,4025,0,-16225,340,0,0,58,0,0,01,9,5,550
D,685742929,895,4025,0,-16225,245,0,0,58,0,0,01,9,5,550
D,685743954,1025,4025,0,-16225,273,0,0,58,0,0,01,9,5,550
D,685744934,980,4025,0,-16225,245,0,0,58,0,0,01,9,5,550
D,685745952,1018,4025,0,-16225,260,0,0,58,0,0,01,9,5,550
D,685746921,969,4025,0,-16225,243,0,0,58,0,0,01,9,5,550
D,685747953,1032,4025,0,-16225,262,0,0,58,0,0,01,9,5,550
D,685748924,971,4025,0,-16225,247,0,0,58,0,0,01,9,5,550
D,685749946,1022,4025,0,-16225,256,0,0,58,0,0,01,9,5,550
D,685750955,1009,4025,0,-16225,264,0,0,58,0,0,01,9,5,550
D,685751981,1026,4025,0,-16225,304,0,0,58,0,0,01,9,5,550
D,685752906,925,4025,0,-16225,222,0,0,58,0,0,01,9,5,550
D,685753918,1012,4025,0,-16225,231,0,0,58,0,0,01,9,5,550
D,685754914,996,4025,0,-16225,227,0,0,58,0,0,01,9,5,550
D,685755917,1003,4025,0,-16225,233,0,0,58,0,0,01,9,5,550
D,685756902,985,4025,0,-16225,225,0,0,58,0,0,01,9,5,550
D,685757930,1028,4025,0,-16225,248,0,0,58,0,0,01,9,5,550
D,685758920,990,4025,0,-16225,228,0,0,58,0,0,01,9,5,550
D,685759921,1001,4025,0,-16225,232,0,0,58,0,0,01,9,5,550
D,685761005,1084,4025,0,-16225,321,0,0,58,0,0,01,9,5,550
D,685762032,1027,4025,0,-16225,340,0,0,58,0,0,01,9,5,550
D,685762926,894,4025,0,-16225,246,0,0,58,0,0,01,9,5,550
D,685763955,1029,4025,0,-16225,270,0,0,58,0,0,01,9,5,550
D,685764935,980,4025,0,-16225,243,0,0,58,0,0,01,9,5,550
D,685765948,1013,4025,0,-16225,265,0,0,58,0,0,01,9,5,550
D,685766936,988,4025,0,-16225,249,0,0,58,0,0,01,9,5,550
D,685767947,1011,4025,0,-16225,258,0,0,58,0,0,01,9,5,550
D,685768936,989,4025,0,-16225,245,0,0,58,0,0,01,9,5,550
D,685769947,1011,4025,0,-16225,262,0,0,58,0,0,01,9,5,550
D,685770949,1002,4025,0,-16225,271,0,0,58,0,0,01,9,5,550
D,685771980,1031,4025,0,-16225,298,0,0,58,0,0,01,9,5,550
D,685772914,934,4025,0,-16225,227,0,0,58,0,0,01,9,5,550
D,685773909,995,4025,0,-16225,230,0,0,58,0,0,01,9,5,550
D,685774914,1005,4025,0,-16225,233,0,0,58,0,0,01,9,5,550
D,685775912,998,4025,0,-16225,227,0,0,58,0,0,01,9,5,550
D,685776909,997,4025,0,-16225,225,0,0,58,0,0,01,9,5,550
D,685777904,995,4025,0,-16225,227,0,0,58,0,0,01,9,5,550
D,685778906,1002,4025,0,-16225,227,0,0,58,0,0,01,9,5,550
D,685779921,1015,4025,0,-16225,230,0,0,58,0,0,01,9,5,550
D,685781008,1087,4025,0,-16225,320,0,0,58,0,0,01,9,5,550
D,685782026,1018,4025,0,-16225,338,0,0,58,0,0,01,9,5,550
D,685782940,914,4025,0,-16225,249,0,0,58,0,0,01,9,5,550
D,685783962,1022,4025,0,-16225,271,0,0,58,0,0,01,9,5,550
D,685784925,963,4025,0,-16225,243,0,0,58,0,0,01,9,5,550
D,685785951,1026,4025,0,-16225,262,0,0,58,0,0,01,9,5,550
D,685786925,974,4025,0,-16225,241,0,0,58,0,0,01,9,5,550
D,685787938,1013,4025,0,-16225,261,0,0,58,0,0,01,9,5,550
D,685788921,983,4025,0,-16225,244,0,0,58,0,0,01,9,5,550
D,685789947,1026,4025,0,-16225,259,0,0,58,0,0,01,9,5,550
D,685790954,1007,4025,0,-16225,270,0,0,58,0,0,01,9,5,550
D,685791981,1027,4025,0,-16225,300,0,0,58,0,0,01,9,5,550
D,685792904,923,4025,0,-16225,224,0,0,58,0,0,01,9,5,550
D,685793922,1018,4025,0,-16225,235,0,0,58,0,0,01,9,5,550
D,685794921,999,4025,0,-16225,230,0,0,58,0,0,01,9,5,550
D,685795904,983,4025,0,-16225,226,0,0,58,0,0,01,9,5,550
D,685796913,1009,4025,0,-16225,224,0,0,58,0,0,01,9,5,550
D,685797931,1018,4025,0,-16225,249,0,0,58,0,0,01,9,5,550
D,685798923,992,4025,0,-16225,230,0,0,58,0,0,01,9,5,550
D,685799907,984,4025,0,-16225,228,0,0,58,0,0,01,9,5,550
D,685801003,1096,4025,0,-16225,321,0,0,58,0,0,01,9,5,550
D,685802020,1017,4025,0,-16225,339,0,0,58,0,0,01,9,5,550
D,685802937,917,4025,0,-16225,247,0,0,58,0,0,01,9,5,550
D,685803961,1024,4025,0,-16225,273,0,0,58,0,0,01,9,5,550
D,685804922,961,4025,0,-16225,240,0,0,58,0,0,01,9,5,550
D,685805954,1032,4025,0,-16225,268,0,0,58,0,0,01,9,5,550
D,685806923,969,4025,0,-16225,240,0,0,58,0,0,01,9,5,550
D,685807942,1019,4025,0,-16225,258,0,0,58,0,0,01,9,5,550
D,685808935,993,4025,0,-16225,248,0,0,58,0,0,01,9,5,550
D,685809941,1006,4025,0,-16225,260,0,0,58,0,0,01,9,5,550
D,685810955,1014,4025,0,-16225,274,0,0,58,0,0,01,9,5,550
D,685811990,1035,4025,0,-16225,302,0,0,58,0,0,01,9,5,550
D,685812904,914,4025,0,-16225,225,0,0,58,0,0,01,9,5,550
D,685813918,1014,4025,0,-16225,231,0,0,58,0,0,01,9,5,550
D,685814919,1001,4025,0,-16225,233,0,0,58,0,0,01,9,5,550
D,685815918,999,4025,0,-16225,227,0,0,58,0,0,01,9,5,550
D,685816917,999,4025,0,-16225,225,0,0,58,0,0,01,9,5,550
D,685817917,1000,4025,0,-16225,231,0,0,58,0,0,01,9,5,550
D,685818913,996,4025,0,-16225,232,0,0,58,0,0,01,9,5,550
D,685819906,993,4025,0,-16225,226,0,0,58,0,0,01,9,5,550
D,685821003,1097,4025,0,-16225,318,0,0,58,0,0,01,9,5,550
D,685822025,1022,4025,0,-16225,341,0,0,58,0,0,01,9,5,550
D,685822932,907,4025,0,-16225,246,0,0,58,0,0,01,9,5,550
D,685823961,1029,4025,0,-16225,274,0,0,58,0,0,01,9,5,550
D,685824924,963,4025,0,-16225,243,0,0,58,0,0,01,9,5,550
D,685825947,1023,4025,0,-16225,262,0,0,58,0,0,01,9,5,550
D,685826927,980,4025,0,-16225,242,0,0,58,0,0,01,9,5,550
D,685827939,1012,4025,0,-16225,253,0,0,58,0,0,01,9,5,550
D,685828936,997,4025,0,-16225,249,0,0,58,0,0,01,9,5,550
D,685829944,1008,4025,0,-16225,257,0,0,58,0,0,01,9,5,550
D,685830946,1002,4025,0,-16225,256,0,0,58,0,0,01,9,5,550
D,685831993,1047,4025,0,-16225,301,0,0,58,0,0,01,9,5,550
D,685832904,911,4025,0,-16225,227,0,0,58,0,0,01,9,5,550
D,685833918,1014,4025,0,-16225,234,0,0,58,0,0,01,9,5,550
D,685834918,1000,4025,0,-16225,230,0,0,58,0,0,01,9,5,550
D,685835918,1000,4025,0,-16225,227,0,0,58,0,0,01,9,5,550
D,685836917,999,4025,0,-16225,224,0,0,58,0,0,01,9,5,550
D,685837917,1000,4025,0,-16225,230,0,0,58,0,0,01,9,5,550
D,685838913,996,4025,0,-16225,233,0,0,58,0,0,01,9,5,550
D,685839907,994,4025,0,-16225,227,0,0,58,0,0,01,9,5,550
D,685841008,1101,4025,0,-16225,316,0,0,58,0,0,01,9,5,550
D,685842026,1018,4025,0,-16225,337,0,0,58,0,0,01,9,5,550
D,685842923,897,4025,0,-16225,244,0,0,58,0,0,01,9,5,550
D,685843957,1034,4025,0,-16225,270,0,0,58,0,0,01,9,5,550
D,685844933,976,4025,0,-16225,243,0,0,58,0,0,01,9,5,550
D,685845946,1013,4025,0,-16225,261,0,0,58,0,0,01,9,5,550
D,685846925,979,4025,0,-16225,247,0,0,58,0,0,01,9,5,550
D,685847935,1010,4025,0,-16225,255,0,0,58,0,0,01,9,5,550
D,685848934,999,4025,0,-16225,256,0,0,58,0,0,01,9,5,550
D,685849944,1010,4025,0,-16225,258,0,0,58,0,0,01,9,5,550
D,685850941,997,4025,0,-16225,254,0,0,58,0,0,01,9,5,550
D,685851985,1044,4025,0,-16225,302,0,0,58,0,0,01,9,5,550
D,685852904,919,4025,0,-16225,226,0,0,58,0,0,01,9,5,550
D,685853918,1014,4025,0,-16225,232,0,0,58,0,0,01,9,5,550
D,685854917,999,4025,0,-16225,232,0,0,58,0,0,01,9,5,550
D,685855918,1001,4025,0,-16225,227,0,0,58,0,0,01,9,5,550
D,685856917,999,4025,0,-16225,224,0,0,58,0,0,01,9,5,550
D,685857917,1000,4025,0,-16225,231,0,0,58,0,0,01,9,5,550
D,685858913,996,4025,0,-16225,234,0,0,58,0,0,01,9,5,550
D,685859907,994,4025,0,-16225,226,0,0,58,0,0,01,9,5,550
D,685861006,1099,4025,0,-16225,317,0,0,58,0,0,01,9,5,550
D,685862036,1030,4025,0,-16225,341,0,0,58,0,0,01,9,5,550
D,685862930,894,4025,0,-16225,246,0,0,58,0,0,01,9,5,550
D,685863961,1031,4025,0,-16225,274,0,0,58,0,0,01,9,5,550
D,685864922,961,4025,0,-16225,243,0,0,58,0,0,01,9,5,550
D,685865946,1024,4024,-1,-16224,261,0,8,58,0,0,01,9,5,550
D,685866936,990,4025,1,-16225,244,0,0,58,0,0,01,9,5,550
D,685867946,1010,4025,0,-16225,260,0,0,58,0,0,01,9,5,550
D,685868933,987,4025,0,-16225,248,0,0,58,0,0,01,9,5,550
D,685869947,1014,4025,0,-16225,261,0,0,58,0,0,01,9,5,550
D,685870942,995,4025,0,-16225,261,0,0,58,0,0,01,9,5,550
D,685871984,1042,4025,0,-16225,297,0,0,58,0,0,01,9,5,550
D,685872914,930,4024,-1,-16224,227,1,8,58,0,0,01,9,5,550
D,685873906,992,4024,0,-16224,229,1,8,58,0,0,01,9,5,550
D,685874916,1010,4025,1,-16225,234,1,0,58,0,0,01,9,5,550
D,685875915,999,4024,-1,-16224,225,1,8,58,0,0,01,9,5,550
D,685876909,994,4024,0,-16224,224,1,8,58,0,0,01,9,5,550
D,685877904,995,4024,0,-16224,227,2,8,58,0,0,01,9,5,550
D,685878913,1009,4025,1,-16225,233,2,0,58,0,0,01,9,5,550
D,685879914,1001,4025,0,-16225,230,1,0,58,0,0,01,9,5,550
D,685881012,1098,4024,-1,-16224,323,2,8,58,0,0,01,9,5,550
D,685882030,1018,4024,0,-16224,340,2,8,58,0,0,01,9,5,550
D,685882930,900,4024,0,-16224,248,2,8,58,0,0,01,9,5,550
D,685883952,1022,4024,0,-16224,271,2,8,58,0,0,01,9,5,550
D,685884936,984,4024,0,-16224,246,3,8,58,0,0,01,9,5,550
D,685885948,1012,4024,0,-16224,265,3,8,58,0,0,01,9,5,550
D,685886936,988,4024,0,-16224,250,3,8,58,0,0,01,9,5,550
D,685887945,1009,4024,0,-16224,258,3,8,58,0,0,01,9,5,550
D,685888934,989,4025,1,-16225,246,3,0,58,0,0,01,9,5,550
D,685889947,1013,4024,-1,-16224,263,3,8,58,0,0,01,9,5,550
D,685890933,986,4024,0,-16224,254,4,8,58,0,0,01,9,5,550
D,685891995,1062,4025,1,-16225,302,3,0,58,0,0,01,9,5,550
D,685892912,917,4025,0,-16225,223,3,0,58,0,0,01,9,5,550
D,685893910,998,4025,0,-16225,229,3,0,58,0,0,01,9,5,550
D,685894915,1005,4024,-1,-16224,236,3,8,58,0,0,01,9,5,550
D,685895915,1000,4024,0,-16224,226,4,8,58,0,0,01,9,5,550
D,685896909,994,4024,0,-16224,224,3,0,58,0,0,01,9,5,550
D,685897904,995,4024,0,-16224,227,4,8,58,0,0,01,9,5,550
D,685898909,1005,4024,0,-16224,231,4,8,58,0,0,01,9,5,550
D,685899907,998,4024,0,-16224,226,4,8,58,0,0,01,9,5,550
D,685901014,1107,4025,1,-16225,327,4,0,58,0,0,01,9,5,550
D,685902021,1007,4024,-1,-16224,338,4,8,58,0,0,01,9,5,550
D,685902925,904,4024,0,-16224,245,4,0,58,0,0,01,9,5,550
D,685903962,1037,4024,0,-16224,273,4,0,58,0,0,01,9,5,550
D,685904921,959,4024,0,-16224,244,4,8,58,0,0,01,9,5,550
D,685905954,1033,4024,0,-16224,264,4,0,58,0,0,01,9,5,550
D,685906924,970,4024,0,-16224,239,3,0,58,0,0,01,9,5,550
D,685907949,1025,4024,0,-16224,262,3,0,58,0,0,01,9,5,550
D,685908937,988,4024,0,-16224,246,4,8,58,0,0,01,9,5,550
D,685909945,1008,4024,0,-16224,262,4,8,58,0,0,01,9,5,550
D,685910945,1000,4024,0,-16224,268,4,8,58,0,0,01,9,5,550
D,685911983,1038,4024,0,-16224,302,4,0,58,0,0,01,9,5,550
D,685912908,925,4024,0,-16224,226,4,0,58,0,0,01,9,5,550
D,685913918,1010,4024,0,-16224,230,3,0,58,0,0,01,9,5,550
D,685914917,999,4024,0,-16224,230,3,0,58,0,0,01,9,5,550
D,685915917,1000,4024,0,-16224,227,3,0,58,0,0,01,9,5,550
D,685916917,1000,4024,0,-16224,226,3,0,58,0,0,01,9,5,550
D,685917917,1000,4024,0,-16224,231,3,0,58,0,0,01,9,5,550
D,685918913,996,4024,0,-16224,233,3,0,58,0,0,01,9,5,550
D,685919907,994,4024,0,-16224,227,3,8,58,0,0,01,9,5,550
D,685921016,1109,4024,0,-16224,322,3,0,58,0,0,01,9,5,550
D,685922032,1016,4024,0,-16224,336,3,8,58,0,0,01,9,5,550
D,685922935,903,4024,0,-16224,251,3,8,58,0,0,01,9,5,550
D,685923960,1025,4024,0,-16224,275,3,8,58,0,0,01,9,5,550
D,685924921,961,4024,0,-16224,240,3,0,58,0,0,01,9,5,550
D,685925954,1033,4024,0,-16224,267,3,0,58,0,0,01,9,5,550
D,685926935,981,4024,0,-16224,242,3,0,58,0,0,01,9,5,550
D,685927938,1003,4025,1,-16225,256,3,-8,58,0,0,01,9,5,550
D,685928935,997,4025,0,-16225,248,2,-8,58,0,0,01,9,5,550
D,685929945,1010,4025,0,-16225,257,2,-8,58,0,0,01,9,5,550
D,685930936,991,4025,0,-16225,253,1,-8,58,0,0,01,9,5,550
D,685931985,1049,4025,0,-16225,304,1,0,58,0,0,01,9,5,550
D,685932905,920,4025,0,-16225,225,1,-8,58,0,0,01,9,5,550
D,685933919,1014,4024,-1,-16224,231,1,0,58,0,0,01,9,5,550
D,685934918,999,4024,0,-16224,230,1,0,58,0,0,01,9,5,550
D,685935918,1000,4024,0,-16224,225,1,0,58,0,0,01,9,5,550
D,685936917,999,4025,1,-16225,225,1,-8,58,0,0,01,9,5,550
D,685937917,1000,4025,0,-16225,231,0,-8,58,0,0,01,9,5,550
D,685938913,996,4024,-1,-16224,234,0,0,58,0,0,01,9,5,550
D,685939908,995,4024,0,-16224,226,0,0,58,0,0,01,9,5,550
D,685941006,1098,4024,0,-16224,326,0,0,58,0,0,01,9,5,550
D,685942037,1031,4025,1,-16225,340,0,-8,58,0,0,01,9,5,550
D,685942927,890,4025,0,-16225,245,0,-8,58,0,0,01,9,5,550
D,685943958,1031,4025,0,-16225,273,-1,-8,58,0,0,01,9,5,550
D,685944935,977,4024,-1,-16224,243,-1,0,58,0,0,01,9,5,550
D,685945946,1011,4024,0,-16224,261,-1,0,58,0,0,01,9,5,550
D,685946923,977,4024,0,-16224,243,-1,0,58,0,0,01,9,5,550
D,685947948,1025,4024,0,-16224,257,-1,0,58,0,0,01,9,5,550
D,685948922,974,4024,0,-16224,243,-1,0,58,0,0,01,9,5,550
D,685949948,1026,4024,0,-16224,261,-1,0,58,0,0,01,9,5,550
D,685950927,979,4024,0,-16224,250,-1,0,58,0,0,01,9,5,550
D,685951992,1065,4025,1,-16225,301,-1,-8,58,0,0,01,9,5,550
D,685952911,919,4025,0,-16225,230,-1,-8,58,0,0,01,9,5,550
D,685953918,1007,4025,0,-16225,234,-1,-8,58,0,0,01,9,5,550
D,685954909,991,4024,-1,-16224,230,-1,0,58,0,0,01,9,5,550
D,685955916,1007,4024,0,-16224,227,-1,0,58,0,0,01,9,5,550
D,685956911,995,4024,0,-16224,227,-1,0,58,0,0,01,9,5,550
D,685957916,1005,4024,0,-16224,230,-1,0,58,0,0,01,9,5,550
D,685958913,997,4024,0,-16224,233,-1,8,58,0,0,01,9,5,550
D,685959913,1000,4024,0,-16224,225,0,8,58,0,0,01,9,5,550
D,685961022,1109,4024,0,-16224,331,0,8,58,0,0,01,9,5,550
D,685962028,1006,4024,0,-16224,343,0,8,58,0,0,01,9,5,550
D,685962927,899,4024,0,-16224,247,1,8,58,0,0,01,9,5,550
D,685963963,1036,4024,0,-16224,278,0,0,58,0,0,01,9,5,550
D,685964924,961,4024,0,-16224,238,0,0,58,0,0,01,9,5,550
D,685965951,1027,4024,0,-16224,265,0,0,58,0,0,01,9,5,550
D,685966933,982,4024,0,-16224,245,1,8,58,0,0,01,9,5,550
# DIAG n=2304 wrapped=1 frozen=0
MANUAL-ADJUST travel=+59.0deg durMs=3841 wedge=2 (no spin, no motor)

[HOST 2026-09-18T13:46:41.255] TX s

[HOST 2026-09-18T13:46:41.255] TX d
# state=IDLE_STOPPED fault=NONE angle=72.86 wedge=2 omega=-0.0000 natStop=0.0 pos=FRESH vel=VALID age_us=261 dirCal=1(sign -1) tmc=1 takeover=1 rawZero=88 stage=0 cmd=0.000
# DIAG armed: RAM-only 1 kHz capture; dumps after true stop or fault.
SPIN#3 START dir=+1 omega=0.205 wedge=2
SPIN#3 RELEASE speed=0.750 peak=0.815 angle=212.9
SPIN#3 RESERVE targetW=7 targetAngle=226.4 runway=359.3 natStop=445.4 speed=0.720 q=0 urgent=0
SPIN#3 CAPTURE fasDir=-1 wheel=0.721 cmd0=0.680 hz=2176 aPlan=0.2031(650 sps2) aFas=5200 remain=338.9
SPIN#3 SUMMARY dir=+1 peak=0.815 releaseMs=1835 relAngle=212.9 relSpeed=0.750 targetW=7 targetAngle=226.4 runway=359.3 natStop=445.4 fricC=0.5500 fricB=0.2800 tkSpeed=0.721 cmdMax=0.680 cmdMin=0.055 rise=0.000 maxDecel=2.598 final=225.7 finalW=7 err=-0.7 quality=0 result=CONTROLLED_SAFE fault=NONE fitRej=0 fitsCW=0 fitsCCW=0
# DIAG columns: done_us,dt_good_us,raw,delta,counts,i2c_us,omega_mrev,window_mrev,cmd_mrev,fas_mrev,remain_ddeg,flags_hex,state,stage,current_ma
D,761804535,976,2297,-1,-2209,264,278,260,263,268,606,01,7,3,1650
D,761805553,1018,2296,-1,-2208,274,277,260,263,268,605,01,7,3,1650
D,761806572,1019,2294,-2,-2206,297,277,268,263,268,603,01,7,3,1650
D,761807550,978,2293,-1,-2205,271,277,268,263,268,602,01,7,3,1650
D,761808551,1001,2292,-1,-2204,266,276,267,263,268,601,01,7,3,1650
D,761809538,987,2291,-1,-2203,265,276,276,263,268,600,01,7,3,1650
D,761810569,1031,2289,-2,-2201,296,276,283,263,268,599,01,7,3,1650
D,761811661,1092,2288,-1,-2200,379,277,283,263,268,598,01,7,3,1650
D,761812532,871,2287,-1,-2199,249,277,285,263,268,597,01,7,3,1650
D,761813499,967,2286,-1,-2198,223,277,285,263,268,596,01,7,3,1650
D,761814566,1067,2285,-1,-2197,280,277,277,263,268,595,01,7,3,1650
D,761815508,942,2285,0,-2197,228,277,268,263,268,595,01,7,3,1650
D,761816505,997,2284,-1,-2196,222,277,268,263,267,594,01,7,3,1650
D,761817500,995,2283,-1,-2195,223,276,268,263,265,593,01,7,3,1650
D,761818546,1046,2282,-1,-2194,267,276,268,263,265,592,01,7,3,1650
D,761819509,963,2281,-1,-2193,228,275,260,263,263,592,01,7,3,1650
D,761820587,1078,2280,-1,-2192,316,274,252,258,263,591,01,7,3,1650
D,761821728,1141,2279,-1,-2191,443,273,252,258,263,590,01,7,3,1650
D,761822621,893,2278,-1,-2190,345,273,251,258,263,589,01,7,3,1650
D,761823570,949,2277,-1,-2189,284,272,252,258,263,588,01,7,3,1650
D,761824554,984,2276,-1,-2188,271,271,252,258,263,587,01,7,3,1650
D,761825551,997,2275,-1,-2187,275,270,252,258,263,586,01,7,3,1650
D,761826578,1027,2273,-2,-2185,305,270,260,258,263,584,01,7,3,1650
D,761827553,975,2272,-1,-2184,273,270,268,258,263,584,01,7,3,1650
D,761828539,986,2270,-2,-2182,263,270,275,258,263,582,01,7,3,1650
D,761829550,1011,2269,-1,-2181,274,270,276,258,263,581,01,7,3,1650
D,761830571,1021,2268,-1,-2180,300,270,275,258,263,580,01,7,3,1650
D,761831665,1094,2267,-1,-2179,384,271,275,258,263,579,01,7,3,1650
D,761832520,855,2266,-1,-2178,248,271,270,258,263,578,01,7,3,1650
D,761833494,974,2265,-1,-2177,222,271,277,258,263,577,01,7,3,1650
D,761834558,1064,2264,-1,-2176,278,271,268,258,263,577,01,7,3,1650
D,761835508,950,2263,-1,-2175,228,271,268,258,263,576,01,7,3,1650
D,761836503,995,2262,-1,-2174,223,271,268,258,263,575,01,7,3,1650
D,761837497,994,2261,-1,-2173,222,270,261,258,263,574,01,7,3,1650
D,761838535,1038,2260,-1,-2172,263,270,260,258,263,573,01,7,3,1650
D,761839506,971,2259,-1,-2171,227,269,260,258,263,572,01,7,3,1650
D,761840576,1070,2258,-1,-2170,302,269,252,258,261,571,01,7,3,1650
D,761841739,1163,2257,-1,-2169,457,268,252,258,259,570,01,7,3,1650
D,761842621,882,2256,-1,-2168,343,267,252,258,257,570,01,7,3,1650
D,761843556,935,2255,-1,-2167,274,267,252,258,258,569,01,7,3,1650
D,761844550,994,2253,-2,-2165,268,266,259,258,258,567,01,7,3,1650
D,761845564,1014,2252,-1,-2164,290,267,268,253,258,566,01,7,3,1650
D,761846594,1030,2251,-1,-2163,311,267,268,253,258,565,01,7,3,1650
D,761847536,942,2249,-2,-2161,263,267,276,253,258,563,01,7,3,1650
D,761848538,1002,2248,-1,-2160,263,267,275,253,258,563,01,7,3,1650
D,761849537,999,2247,-1,-2159,259,268,276,253,258,562,01,7,3,1650
D,761850593,1056,2246,-1,-2158,308,268,277,253,258,561,01,7,3,1650
D,761851659,1066,2245,-1,-2157,377,268,275,253,258,560,01,7,3,1650
D,761852518,859,2244,-1,-2156,241,269,278,253,258,559,01,7,3,1650
D,761853506,988,2244,0,-2156,223,269,269,253,258,559,01,7,3,1650
D,761854558,1052,2243,-1,-2155,281,269,269,253,258,558,01,7,3,1650
D,761855494,936,2242,-1,-2154,223,269,268,253,258,557,01,7,3,1650
D,761856501,1007,2241,-1,-2153,224,269,268,253,258,556,01,7,3,1650
D,761857502,1001,2240,-1,-2152,223,268,261,253,258,555,01,7,3,1650
D,761858544,1042,2239,-1,-2151,270,268,252,253,258,555,01,7,3,1650
D,761859507,963,2238,-1,-2150,228,267,252,253,258,554,01,7,3,1650
D,761860593,1086,2237,-1,-2149,316,266,252,253,258,553,01,7,3,1650
D,761861727,1134,2236,-1,-2148,441,266,252,253,258,552,01,7,3,1650
D,761862636,909,2234,-2,-2146,351,266,259,253,258,550,01,7,3,1650
D,761863550,914,2233,-1,-2145,278,265,260,253,257,549,01,7,3,1650
D,761864535,985,2232,-1,-2144,260,265,260,253,255,548,01,7,3,1650
D,761865545,1010,2231,-1,-2143,274,265,260,253,253,548,01,7,3,1650
D,761866570,1025,2230,-1,-2142,295,265,260,253,253,547,01,7,3,1650
D,761867557,987,2228,-2,-2140,272,265,268,253,253,545,01,7,3,1650
D,761868550,993,2227,-1,-2139,267,265,268,253,253,544,01,7,3,1650
D,761869536,986,2226,-1,-2138,260,265,268,253,253,543,01,7,3,1650
D,761870590,1054,2225,-1,-2137,315,265,268,248,253,542,01,7,3,1650
D,761871675,1085,2225,0,-2137,383,265,259,248,253,542,01,7,3,1650
D,761872506,831,2224,-1,-2136,235,265,262,248,253,541,01,7,3,1650
D,761873504,998,2223,-1,-2135,223,265,261,248,253,541,01,7,3,1650
D,761874567,1063,2222,-1,-2134,289,264,252,248,253,540,01,7,3,1650
D,761875494,927,2221,-1,-2133,224,264,252,248,253,539,01,7,3,1650
D,761876500,1006,2220,-1,-2132,227,263,253,248,253,538,01,7,3,1650
D,761877494,994,2219,-1,-2131,223,263,253,248,253,537,01,7,3,1650
D,761878553,1059,2218,-1,-2130,276,262,244,248,253,536,01,7,3,1650
D,761879497,944,2217,-1,-2129,224,261,244,248,253,535,01,7,3,1650
D,761880601,1104,2216,-1,-2128,331,261,244,248,253,534,01,7,3,1650
D,761881713,1112,2215,-1,-2127,433,260,244,248,253,533,01,7,3,1650
D,761882621,908,2214,-1,-2126,349,259,243,248,253,533,01,7,3,1650
D,761883554,933,2213,-1,-2125,279,259,252,248,253,532,01,7,3,1650
D,761884542,988,2211,-2,-2123,266,259,260,248,253,530,01,7,3,1650
D,761885561,1019,2210,-1,-2122,276,259,260,248,253,529,01,7,3,1650
D,761886573,1012,2209,-1,-2121,295,259,260,248,253,528,01,7,3,1650
D,761887547,974,2208,-1,-2120,270,259,260,248,253,527,01,7,3,1650
D,761888547,1000,2207,-1,-2119,265,259,260,248,253,526,01,7,3,1650
D,761889537,990,2206,-1,-2118,264,259,260,248,253,526,01,7,3,1650
D,761890568,1031,2205,-1,-2117,296,259,259,248,253,525,01,7,3,1650
D,761891677,1109,2204,-1,-2116,386,259,259,248,251,524,01,7,3,1650
D,761892517,840,2204,0,-2116,239,259,254,248,251,524,01,7,3,1650
D,761893504,987,2203,-1,-2115,223,259,245,248,249,523,01,7,3,1650
D,761894563,1059,2202,-1,-2114,283,258,244,248,247,522,01,7,3,1650
D,761895543,980,2201,-1,-2113,264,257,244,243,248,521,01,7,3,1650
D,761896513,970,2200,-1,-2112,231,257,244,243,248,520,01,7,3,1650
D,761897494,981,2199,-1,-2111,223,256,245,243,248,519,01,7,3,1650
D,761898559,1065,2198,-1,-2110,275,256,236,243,248,519,01,7,3,1650
D,761899501,942,2197,-1,-2109,230,255,237,243,248,518,01,7,3,1650
D,761900614,1113,2196,-1,-2108,330,254,236,243,248,517,01,7,3,1650
D,761901732,1118,2195,-1,-2107,445,254,244,243,248,516,01,7,3,1650
D,761902625,893,2194,-1,-2106,348,253,243,243,248,515,01,7,3,1650
D,761903562,937,2193,-1,-2105,287,253,244,243,248,514,01,7,3,1650
D,761904547,985,2191,-2,-2103,267,253,252,243,248,512,01,7,3,1650
D,761905539,992,2190,-1,-2102,268,253,252,243,248,512,01,7,3,1650
D,761906575,1036,2189,-1,-2101,295,253,252,243,248,511,01,7,3,1650
D,761907554,979,2188,-1,-2100,279,253,252,243,248,510,01,7,3,1650
D,761908545,991,2187,-1,-2099,268,253,252,243,248,509,01,7,3,1650
D,761909555,1010,2186,-1,-2098,275,253,252,243,248,508,01,7,3,1650
D,761910579,1024,2185,-1,-2097,294,253,251,243,248,507,01,7,3,1650
D,761911583,1004,2184,-1,-2096,301,253,252,243,248,506,01,7,3,1650
D,761912574,991,2184,0,-2096,297,252,245,243,248,506,01,7,3,1650
D,761913510,936,2183,-1,-2095,226,252,245,243,248,505,01,7,3,1650
D,761914551,1041,2182,-1,-2094,273,251,236,243,248,504,01,7,3,1650
D,761915521,970,2181,-1,-2093,238,251,236,243,247,504,01,7,3,1650
D,761916505,984,2180,-1,-2092,225,250,237,243,247,503,01,7,3,1650
D,761917502,997,2179,-1,-2091,223,250,237,243,245,502,01,7,3,1650
D,761918525,1023,2178,-1,-2090,252,249,236,243,243,501,01,7,3,1650
D,761919522,997,2177,-1,-2089,238,249,236,243,242,500,01,7,3,1650
D,761920600,1078,2176,-1,-2088,329,248,236,238,242,499,01,7,3,1650
D,761921737,1137,2175,-1,-2087,442,248,236,238,242,498,01,7,3,1650
D,761922624,887,2173,-2,-2085,337,248,251,238,242,497,01,7,3,1650
D,761923563,939,2172,-1,-2084,278,248,252,238,242,496,01,7,3,1650
D,761924545,982,2171,-1,-2083,263,248,252,238,242,495,01,7,3,1650
D,761925548,1003,2170,-1,-2082,273,248,252,238,242,494,01,7,3,1650
D,761926588,1040,2169,-1,-2081,309,248,252,238,242,493,01,7,3,1650
D,761927555,967,2168,-1,-2080,273,248,252,238,242,492,01,7,3,1650
D,761928544,989,2167,-1,-2079,268,249,252,238,242,491,01,7,3,1650
D,761929560,1016,2165,-2,-2077,275,249,260,238,242,490,01,7,3,1650
D,761930585,1025,2164,-1,-2076,302,249,259,238,242,489,01,7,3,1650
D,761931561,976,2164,0,-2076,286,250,252,238,242,489,01,7,3,1650
D,761932577,1016,2163,-1,-2075,298,250,253,238,242,488,01,7,3,1650
D,761933507,930,2162,-1,-2074,226,250,253,238,242,487,01,7,3,1650
D,761934560,1053,2162,0,-2074,282,249,236,238,242,487,01,7,3,1650
D,761935513,953,2161,-1,-2073,235,249,237,238,242,486,01,7,3,1650
D,761936504,991,2160,-1,-2072,223,248,237,238,242,485,01,7,3,1650
D,761937504,1000,2159,-1,-2071,223,248,237,238,242,484,01,7,3,1650
D,761938537,1033,2158,-1,-2070,256,247,236,238,242,483,01,7,3,1650
D,761939504,967,2157,-1,-2069,235,247,237,238,242,483,01,7,3,1650
D,761940583,1079,2156,-1,-2068,303,247,236,238,240,482,01,7,3,1650
D,761941730,1147,2155,-1,-2067,442,246,235,238,239,481,01,7,3,1650
D,761942634,904,2154,-1,-2066,351,246,244,238,236,480,01,7,3,1650
D,761943555,921,2153,-1,-2065,275,246,244,238,236,479,01,7,3,1650
D,761944548,993,2152,-1,-2064,271,246,244,238,237,478,01,7,3,1650
D,761945564,1016,2151,-1,-2063,287,246,244,232,237,477,01,7,3,1650
D,761946608,1044,2149,-2,-2061,320,246,251,232,237,475,01,7,3,1650
D,761947537,929,2148,-1,-2060,266,246,252,232,237,475,01,7,3,1650
D,761948539,1002,2147,-1,-2059,265,246,252,232,237,474,01,7,3,1650
D,761949533,994,2146,-1,-2058,257,247,252,232,237,473,01,7,3,1650
D,761950586,1053,2145,-1,-2057,309,247,251,232,237,472,01,7,3,1650
D,761951649,1063,2144,-1,-2056,375,247,252,232,237,471,01,7,3,1650
D,761952524,875,2144,0,-2056,243,247,246,232,237,471,01,7,3,1650
D,761953501,977,2143,-1,-2055,223,247,237,232,237,470,01,7,3,1650
D,761954559,1058,2142,-1,-2054,279,246,236,232,237,469,01,7,3,1650
D,761955506,947,2141,-1,-2053,227,246,237,232,237,468,01,7,3,1650
D,761956500,994,2141,0,-2053,223,245,229,232,237,468,01,7,3,1650
D,761957500,1000,2140,-1,-2052,223,244,229,232,237,468,01,7,3,1650
D,761958536,1036,2139,-1,-2051,264,244,229,232,237,467,01,7,3,1650
D,761959506,970,2138,-1,-2050,226,243,229,232,237,466,01,7,3,1650
D,761960591,1085,2137,-1,-2049,308,242,220,232,237,465,01,7,3,1650
D,761961731,1140,2136,-1,-2048,441,242,227,232,237,464,01,7,3,1650
D,761962630,899,2135,-1,-2047,350,241,227,232,237,463,01,7,3,1650
D,761963570,940,2134,-1,-2046,285,241,227,232,236,462,01,7,3,1650
D,761964537,967,2133,-1,-2045,261,240,228,232,236,461,01,7,3,1650
D,761965555,1018,2132,-1,-2044,272,240,236,232,234,461,01,7,3,1650
D,761966570,1015,2130,-2,-2042,292,240,244,232,232,459,01,7,3,1650
D,761967556,986,2129,-1,-2041,278,240,244,232,232,458,01,7,3,1650
D,761968549,993,2128,-1,-2040,268,240,244,232,232,457,01,7,3,1650
D,761969532,983,2127,-1,-2039,260,240,244,232,232,456,01,7,3,1650
D,761970580,1048,2126,-1,-2038,308,241,244,227,232,455,01,7,3,1650
D,761971661,1081,2125,-1,-2037,373,241,244,227,232,454,01,7,3,1650
D,761972505,844,2125,0,-2037,234,241,238,227,232,454,01,7,3,1650
D,761973501,996,2124,-1,-2036,223,241,237,227,232,454,01,7,3,1650
D,761974567,1066,2123,-1,-2035,289,240,236,227,232,453,01,7,3,1650
D,761975506,939,2122,-1,-2034,224,240,237,227,232,452,01,7,3,1650
D,761976507,1001,2121,-1,-2033,225,240,237,227,232,451,01,7,3,1650
D,761977503,996,2121,0,-2033,222,239,221,227,232,451,01,7,3,1650
D,761978557,1054,2120,-1,-2032,282,238,220,227,232,450,01,7,3,1650
D,761979501,944,2119,-1,-2031,224,238,221,227,232,449,01,7,3,1650
D,761980626,1125,2119,0,-2031,340,237,211,227,232,449,01,7,3,1650
D,761981723,1097,2118,-1,-2030,438,236,211,227,232,448,01,7,3,1650
D,761982627,904,2117,-1,-2029,339,235,219,227,232,447,01,7,3,1650
D,761983559,932,2116,-1,-2028,283,234,219,227,232,446,01,7,3,1650
D,761984543,984,2115,-1,-2027,265,234,220,227,232,446,01,7,3,1650
D,761985557,1014,2114,-1,-2026,273,233,219,227,232,445,01,7,3,1650
D,761986578,1021,2113,-1,-2025,295,233,227,227,232,444,01,7,3,1650
D,761987551,973,2112,-1,-2024,270,233,227,227,232,443,01,7,3,1650
D,761988539,988,2111,-1,-2023,263,233,228,227,232,442,01,7,3,1650
D,761989540,1001,2109,-2,-2021,263,233,236,227,232,440,01,7,3,1650
D,761990579,1039,2108,-1,-2020,297,233,236,227,232,439,01,7,3,1650
D,761991681,1102,2107,-1,-2019,389,233,236,227,230,439,01,7,3,1650
D,761992517,836,2106,-1,-2018,240,233,238,227,230,438,01,7,3,1650
D,761993493,976,2105,-1,-2017,223,233,237,227,227,437,01,7,3,1650
D,761994561,1068,2104,-1,-2016,279,233,236,227,225,436,01,7,3,1650
D,761995534,973,2103,-1,-2015,258,234,236,222,225,435,01,7,3,1650
D,761996506,972,2102,-1,-2014,228,234,237,222,227,434,01,7,3,1650
D,761997506,1000,2102,0,-2014,222,233,221,222,227,434,01,7,3,1650
D,761998562,1056,2101,-1,-2013,280,233,220,222,227,433,01,7,3,1650
D,761999505,943,2100,-1,-2012,229,232,221,222,227,432,01,7,3,1650
D,762000610,1105,2100,0,-2012,328,231,211,222,227,432,01,7,3,1650
D,762001729,1119,2099,-1,-2011,449,230,211,222,227,432,01,7,3,1650
D,762002636,907,2098,-1,-2010,357,230,219,222,227,431,01,7,3,1650
D,762003570,934,2097,-1,-2009,290,230,219,222,227,430,01,7,3,1650
D,762004552,982,2096,-1,-2008,266,229,220,222,227,429,01,7,3,1650
D,762005548,996,2095,-1,-2007,276,229,219,222,227,428,01,7,3,1650
D,762006569,1021,2094,-1,-2006,294,228,219,222,227,427,01,7,3,1650
D,762007556,987,2092,-2,-2004,281,229,236,222,227,425,01,7,3,1650
D,762008538,982,2091,-1,-2003,259,229,236,222,227,425,01,7,3,1650
D,762009553,1015,2091,0,-2003,276,229,227,222,227,425,01,7,3,1650
D,762010571,1018,2090,-1,-2002,293,229,228,222,227,424,01,7,3,1650
D,762011584,1013,2088,-2,-2000,303,230,244,222,227,422,01,7,3,1650
D,762012560,976,2087,-1,-1999,288,230,245,222,227,421,01,7,3,1650
D,762013502,942,2086,-1,-1998,224,231,245,222,227,420,01,7,3,1650
D,762014547,1045,2085,-1,-1997,277,231,244,222,227,419,01,7,3,1650
D,762015520,973,2085,0,-1997,237,231,236,222,225,419,01,7,3,1650
D,762016508,988,2084,-1,-1996,229,232,237,222,223,418,01,7,3,1650
D,762017501,993,2083,-1,-1995,222,232,237,222,223,417,01,7,3,1650
D,762018529,1028,2082,-1,-1994,253,232,236,222,221,417,01,7,3,1650
D,762019508,979,2081,-1,-1993,236,232,237,222,222,416,01,7,3,1650
D,762020597,1089,2081,0,-1993,308,232,220,217,222,416,01,7,3,1650
D,762021707,1110,2080,-1,-1992,434,231,220,217,222,415,01,7,3,1650
D,762022616,909,2079,-1,-1991,342,231,219,217,222,414,01,7,3,1650
D,762023562,946,2078,-1,-1990,283,230,219,217,222,413,01,7,3,1650
D,762024544,982,2078,0,-1990,265,230,212,217,222,413,01,7,3,1650
D,762025544,1000,2077,-1,-1989,262,229,212,217,222,412,01,7,3,1650
D,762026576,1032,2076,-1,-1988,305,228,211,217,222,411,01,7,3,1650
D,762027544,968,2075,-1,-1987,273,228,219,217,222,410,01,7,3,1650
D,762028538,994,2074,-1,-1986,262,228,220,217,222,410,01,7,3,1650
D,762029556,1018,2073,-1,-1985,272,227,219,217,222,409,01,7,3,1650
D,762030584,1028,2072,-1,-1984,304,227,220,217,222,408,01,7,3,1650
D,762031569,985,2071,-1,-1983,293,227,229,217,222,407,01,7,3,1650
D,762032575,1006,2070,-1,-1982,299,227,230,217,222,406,01,7,3,1650
D,762033498,923,2069,-1,-1981,226,227,229,217,222,405,01,7,3,1650
D,762034550,1052,2068,-1,-1980,274,227,229,217,222,404,01,7,3,1650
D,762035513,963,2067,-1,-1979,235,227,229,217,222,403,01,7,3,1650
D,762036504,991,2066,-1,-1978,223,227,229,217,222,403,01,7,3,1650
D,762037498,994,2065,-1,-1977,223,227,229,217,222,402,01,7,3,1650
D,762038525,1027,2064,-1,-1976,256,227,221,217,222,401,01,7,3,1650
D,762039514,989,2064,0,-1976,235,227,213,217,222,401,01,7,3,1650
D,762040602,1088,2063,-1,-1975,315,226,219,217,221,400,01,7,3,1650
D,762041718,1116,2062,-1,-1974,443,226,211,217,218,399,01,7,3,1650
D,762042627,909,2061,-1,-1973,342,225,211,217,218,398,01,7,3,1650
D,762043560,933,2060,-1,-1972,282,225,211,217,216,397,01,7,3,1650
D,762044552,992,2060,0,-1972,269,224,203,217,217,397,01,7,3,1650
D,762045565,1013,2059,-1,-1971,285,223,211,212,217,396,01,7,3,1650
D,762046608,1043,2058,-1,-1970,325,223,211,212,217,396,01,7,3,1650
D,762047550,942,2057,-1,-1969,266,222,211,212,217,395,01,7,3,1650
D,762048539,989,2056,-1,-1968,264,222,212,212,217,394,01,7,3,1650
D,762049535,996,2055,-1,-1967,264,221,211,212,217,393,01,7,3,1650
D,762050600,1065,2054,-1,-1966,311,221,220,212,217,392,01,7,3,1650
D,762051666,1066,2053,-1,-1965,372,221,220,212,217,391,01,7,3,1650
D,762052519,853,2053,0,-1965,240,221,214,212,217,391,01,7,3,1650
D,762053506,987,2051,-2,-1963,223,221,221,212,217,389,01,7,3,1650
D,762054554,1048,2050,-1,-1962,282,221,228,212,217,388,01,7,3,1650
D,762055505,951,2050,0,-1962,227,221,221,212,217,388,01,7,3,1650
D,762056504,999,2049,-1,-1961,223,221,221,212,217,388,01,7,3,1650
D,762057502,998,2048,-1,-1960,225,221,221,212,217,387,01,7,3,1650
D,762058533,1031,2047,-1,-1959,264,221,221,212,217,386,01,7,3,1650
D,762059509,976,2046,-1,-1958,226,221,221,212,217,385,01,7,3,1650
D,762060578,1069,2045,-1,-1957,308,221,220,212,217,384,01,7,3,1650
D,762061717,1139,2044,-1,-1956,437,221,219,212,217,383,01,7,3,1650
D,762062639,922,2043,-1,-1955,357,221,219,212,217,382,01,7,3,1650
D,762063559,920,2043,0,-1955,277,221,211,212,216,382,01,7,3,1650
D,762064540,981,2042,-1,-1954,262,220,212,212,216,381,01,7,3,1650
D,762065552,1012,2041,-1,-1953,271,220,211,212,214,381,01,7,3,1650
D,762066575,1023,2041,0,-1953,294,219,203,212,211,381,01,7,3,1650
D,762067541,966,2040,-1,-1952,270,219,203,212,211,380,01,7,3,1650
D,762068551,1010,2039,-1,-1951,267,218,203,212,212,379,01,7,3,1650
D,762069536,985,2039,0,-1951,260,218,203,212,212,379,01,7,3,1650
D,762070589,1053,2038,-1,-1950,312,217,204,207,212,378,01,7,3,1650
D,762071661,1072,2036,-2,-1948,370,217,212,207,212,376,01,7,3,1650
D,762072511,850,2036,0,-1948,236,216,206,207,212,376,01,7,3,1650
D,762073493,982,2035,-1,-1947,223,216,206,207,212,375,01,7,3,1650
D,762074566,1073,2034,-1,-1946,287,216,211,207,212,374,01,7,3,1650
D,762075493,927,2033,-1,-1945,224,216,213,207,212,374,01,7,3,1650
D,762076499,1006,2032,-1,-1944,229,216,213,207,212,373,01,7,3,1650
D,762077492,993,2031,-1,-1943,223,216,213,207,212,372,01,7,3,1650
D,762078554,1062,2030,-1,-1942,276,215,211,207,212,371,01,7,3,1650
D,762079507,953,2029,-1,-1941,224,215,213,207,212,370,01,7,3,1650
D,762080609,1102,2028,-1,-1940,332,215,212,207,212,369,01,7,3,1650
D,762081716,1107,2028,0,-1940,430,215,203,207,212,369,01,7,3,1650
D,762082628,912,2027,-1,-1939,352,214,211,207,212,368,01,7,3,1650
D,762083557,929,2026,-1,-1938,280,214,203,207,212,367,01,7,3,1650
D,762084543,986,2025,-1,-1937,264,214,205,207,212,367,01,7,3,1650
D,762085564,1021,2024,-1,-1936,278,214,211,207,212,366,01,7,3,1650
D,762086564,1000,2023,-1,-1935,293,213,211,207,212,365,01,7,3,1650
D,762087565,1001,2022,-1,-1934,279,213,211,207,212,364,01,7,3,1650
D,762088553,988,2022,0,-1934,270,213,203,207,212,364,01,7,3,1650
D,762089547,994,2021,-1,-1933,273,213,203,207,212,363,01,7,3,1650
D,762090578,1031,2020,-1,-1932,296,212,203,207,212,362,01,7,3,1650
D,762091666,1088,2020,0,-1932,384,212,196,207,211,362,01,7,3,1650
D,762092523,857,2019,-1,-1931,253,211,198,207,211,361,01,7,3,1650
D,762093502,979,2018,-1,-1930,223,211,198,207,209,360,01,7,3,1650
D,762094562,1060,2017,-1,-1929,277,210,203,207,206,359,01,7,3,1650
D,762095528,966,2016,-1,-1928,254,210,205,201,206,359,01,7,3,1650
D,762096512,984,2015,-1,-1927,233,210,205,201,207,358,01,7,3,1650
D,762097501,989,2014,-1,-1926,222,210,213,201,207,357,01,7,3,1650
D,762098546,1045,2013,-1,-1925,272,210,213,201,207,356,01,7,3,1650
D,762099508,962,2013,0,-1925,232,210,205,201,207,356,01,7,3,1650
D,762100596,1088,2012,-1,-1924,319,210,212,201,207,355,01,7,3,1650
D,762101717,1121,2011,-1,-1923,442,210,203,201,207,354,01,7,3,1650
D,762102631,914,2010,-1,-1922,354,210,211,201,207,353,01,7,3,1650
D,762103564,933,2008,-2,-1920,283,210,219,201,207,352,01,7,3,1650
D,762104538,974,2008,0,-1920,263,210,212,201,207,352,01,7,3,1650
D,762105541,1003,2007,-1,-1919,265,210,211,201,207,351,01,7,3,1650
D,762106585,1044,2006,-1,-1918,305,210,211,201,207,350,01,7,3,1650
D,762107537,952,2005,-1,-1917,266,210,211,201,207,349,01,7,3,1650
D,762108535,998,2004,-1,-1916,264,210,212,201,207,348,01,7,3,1650
D,762109554,1019,2004,0,-1916,276,210,203,201,207,348,01,7,3,1650
D,762110578,1024,2003,-1,-1915,299,210,204,201,207,347,01,7,3,1650
D,762111574,996,2002,-1,-1914,297,210,205,201,207,346,01,7,3,1650
D,762112575,1001,2001,-1,-1913,305,210,214,201,207,345,01,7,3,1650
D,762113506,931,2001,0,-1913,224,210,206,201,207,345,01,7,3,1650
D,762114537,1031,2000,-1,-1912,265,209,205,201,207,345,01,7,3,1650
D,762115519,982,2000,0,-1912,238,209,197,201,206,345,01,7,3,1650
D,762116503,984,1999,-1,-1911,225,209,197,201,206,344,01,7,3,1650
D,762117501,998,1998,-1,-1910,223,208,197,201,204,343,01,7,3,1650
D,762118532,1031,1997,-1,-1909,252,208,197,201,201,342,01,7,3,1650
D,762119514,982,1996,-1,-1908,238,208,205,201,201,341,01,7,3,1650
D,762120607,1093,1996,0,-1908,325,207,195,196,201,341,01,7,3,1650
D,762121700,1093,1995,-1,-1907,420,207,203,196,201,340,01,7,3,1650
D,762122642,942,1994,-1,-1906,358,207,203,196,201,339,01,7,3,1650
D,762123548,906,1993,-1,-1905,273,207,203,196,201,338,01,7,3,1650
D,762124547,999,1992,-1,-1904,266,206,204,196,201,338,01,7,3,1650
D,762125549,1002,1991,-1,-1903,264,206,203,196,201,337,01,7,3,1650
D,762126584,1035,1990,-1,-1902,304,206,203,196,201,336,01,7,3,1650
D,762127549,965,1989,-1,-1901,275,206,203,196,201,335,01,7,3,1650
D,762128533,984,1988,-1,-1900,261,206,205,196,201,334,01,7,3,1650
D,762129555,1022,1987,-1,-1899,274,206,211,196,201,333,01,7,3,1650
D,762130571,1016,1986,-1,-1898,298,206,212,196,201,332,01,7,3,1650
D,762131575,1004,1985,-1,-1897,299,207,213,196,201,331,01,7,3,1650
D,762132576,1001,1985,0,-1897,300,207,206,196,201,331,01,7,3,1650
D,762133500,924,1984,-1,-1896,224,207,206,196,201,330,01,7,3,1650
D,762134545,1045,1983,-1,-1895,271,207,203,196,201,330,01,7,3,1650
D,762135513,968,1982,-1,-1894,237,206,205,196,201,329,01,7,3,1650
D,762136502,989,1982,0,-1894,225,206,197,196,201,329,01,7,3,1650
D,762137502,1000,1981,-1,-1893,223,206,197,196,201,328,01,7,3,1650
D,762138523,1021,1980,-1,-1892,253,205,197,196,201,327,01,7,3,1650
D,762139515,992,1980,0,-1892,236,205,189,196,199,327,01,7,3,1650
D,762140586,1071,1979,-1,-1891,307,204,195,196,196,326,01,7,3,1650
D,762141716,1130,1978,-1,-1890,442,204,194,196,194,325,01,7,3,1650
D,762142637,921,1978,0,-1890,353,203,187,196,194,325,01,7,3,1650
D,762143556,919,1977,-1,-1889,284,203,195,196,196,324,01,7,3,1650
D,762144553,997,1976,-1,-1888,268,203,195,196,196,323,01,7,3,1650
D,762145556,1003,1976,0,-1888,282,202,195,191,196,323,01,7,3,1650
D,762146604,1048,1975,-1,-1887,316,202,195,191,196,323,01,7,3,1650
D,762147537,933,1974,-1,-1886,266,202,195,191,196,322,01,7,3,1650
D,762148547,1010,1973,-1,-1885,267,202,195,191,196,321,01,7,3,1650
D,762149536,989,1972,-1,-1884,262,201,195,191,196,320,01,7,3,1650
D,762150586,1050,1971,-1,-1883,308,201,196,191,196,319,01,7,3,1650
D,762151664,1078,1970,-1,-1882,375,201,204,191,196,318,01,7,3,1650
D,762152516,852,1970,0,-1882,235,201,198,191,196,318,01,7,3,1650
D,762153502,986,1969,-1,-1881,223,201,198,191,196,317,01,7,3,1650
D,762154556,1054,1968,-1,-1880,284,201,195,191,196,316,01,7,3,1650
D,762155500,944,1967,-1,-1879,223,201,197,191,196,316,01,7,3,1650
D,762156506,1006,1966,-1,-1878,225,201,197,191,196,315,01,7,3,1650
D,762157500,994,1965,-1,-1877,223,200,197,191,196,314,01,7,3,1650
D,762158546,1046,1964,-1,-1876,271,200,195,191,196,313,01,7,3,1650
D,762159495,949,1964,0,-1876,222,200,189,191,196,313,01,7,3,1650
D,762160599,1104,1963,-1,-1875,319,199,187,191,196,312,01,7,3,1650
D,762161721,1122,1962,-1,-1874,437,199,186,191,196,311,01,7,3,1650
D,762162643,922,1962,0,-1874,357,198,187,191,196,311,01,7,3,1650
D,762163560,917,1961,-1,-1873,277,198,187,191,196,310,01,7,3,1650
D,762164539,979,1960,-1,-1872,261,197,189,191,194,309,01,7,3,1650
D,762165554,1015,1960,0,-1872,275,197,179,191,194,309,01,7,3,1650
D,762166570,1016,1959,-1,-1871,291,196,187,191,191,308,01,7,3,1650
D,762167544,974,1959,0,-1871,270,196,179,191,191,308,01,7,3,1650
D,762168550,1006,1958,-1,-1870,266,195,179,191,191,308,01,7,3,1650
D,762169537,987,1957,-1,-1869,262,195,187,191,191,307,01,7,3,1650
D,762170588,1051,1957,0,-1869,309,194,179,186,191,307,01,7,3,1650
D,762171671,1083,1956,-1,-1868,382,193,181,186,191,306,01,7,3,1650
D,762172520,849,1955,-1,-1867,236,193,182,186,191,305,01,7,3,1650
D,762173502,982,1954,-1,-1866,223,193,190,186,191,304,01,7,3,1650
D,762174580,1078,1953,-1,-1865,295,193,187,186,191,303,01,7,3,1650
D,762175505,925,1952,-1,-1864,224,193,189,186,191,302,01,7,3,1650
D,762176505,1000,1951,-1,-1863,225,193,197,186,191,301,01,7,3,1650
D,762177504,999,1950,-1,-1862,223,193,198,186,191,301,01,7,3,1650
D,762178555,1051,1949,-1,-1861,273,193,195,186,191,300,01,7,3,1650
D,762179507,952,1949,0,-1861,223,193,189,186,191,300,01,7,3,1650
D,762180615,1108,1948,-1,-1860,336,193,187,186,191,299,01,7,3,1650
D,762181724,1109,1947,-1,-1859,439,192,187,186,191,298,01,7,3,1650
D,762182624,900,1946,-1,-1858,346,192,195,186,191,297,01,7,3,1650
D,762183556,932,1945,-1,-1857,282,193,195,186,191,296,01,7,3,1650
D,762184534,978,1945,0,-1857,262,192,189,186,191,296,01,7,3,1650
D,762185547,1013,1944,-1,-1856,270,192,187,186,191,295,01,7,3,1650
D,762186570,1023,1943,-1,-1855,296,192,187,186,191,294,01,7,3,1650
D,762187537,967,1942,-1,-1854,265,192,187,186,191,294,01,7,3,1650
D,762188550,1013,1942,0,-1854,267,191,179,186,191,294,01,7,3,1650
D,762189551,1001,1941,-1,-1853,268,191,187,186,191,293,01,7,3,1650
D,762190574,1023,1941,0,-1853,295,191,181,186,191,293,01,7,3,1650
D,762191680,1106,1940,-1,-1852,389,190,181,186,191,292,01,7,3,1650
D,762192517,837,1939,-1,-1851,237,190,182,186,188,291,01,7,3,1650
D,762193503,986,1938,-1,-1850,223,190,190,186,186,290,01,7,3,1650
D,762194552,1049,1938,0,-1850,281,190,179,186,186,290,01,7,3,1650
D,762195528,976,1937,-1,-1849,259,189,181,181,186,289,01,7,3,1650
D,762196507,979,1936,-1,-1848,226,189,189,181,186,288,01,7,3,1650
D,762197492,985,1935,-1,-1847,223,189,189,181,186,287,01,7,3,1650
D,762198555,1063,1935,0,-1847,275,189,187,181,186,287,01,7,3,1650
D,762199507,952,1934,-1,-1846,229,189,189,181,186,287,01,7,3,1650
D,762200596,1089,1933,-1,-1845,324,189,195,181,186,286,01,7,3,1650
D,762201736,1140,1932,-1,-1844,456,190,195,181,186,285,01,7,3,1650
D,762202626,890,1931,-1,-1843,349,190,195,181,186,284,01,7,3,1650
D,762203563,937,1930,-1,-1842,279,190,195,181,186,283,01,7,3,1650
D,762204554,991,1929,-1,-1841,269,190,197,181,186,282,01,7,3,1650
D,762205561,1007,1929,0,-1841,280,190,187,181,186,282,01,7,3,1650
D,762206571,1010,1928,-1,-1840,297,190,187,181,186,281,01,7,3,1650
D,762207549,978,1927,-1,-1839,272,190,187,181,186,280,01,7,3,1650
D,762208537,988,1926,-1,-1838,260,190,189,181,186,279,01,7,3,1650
D,762209548,1011,1925,-1,-1837,266,190,195,181,186,279,01,7,3,1650
D,762210574,1026,1925,0,-1837,296,190,189,181,186,279,01,7,3,1650
D,762211667,1093,1924,-1,-1836,385,190,189,181,186,278,01,7,3,1650
D,762212522,855,1923,-1,-1835,250,190,190,181,186,277,01,7,3,1650
D,762213501,979,1922,-1,-1834,223,190,190,181,186,276,01,7,3,1650
D,762214551,1050,1922,0,-1834,277,190,187,181,186,276,01,7,3,1650
D,762215500,949,1922,0,-1834,227,190,181,181,186,276,01,7,3,1650
D,762216494,994,1921,-1,-1833,223,189,181,181,186,275,01,7,3,1650
D,762217507,1013,1920,-1,-1832,223,189,182,181,183,274,01,7,3,1650
D,762218538,1031,1920,0,-1832,263,188,173,181,183,274,01,7,3,1650
D,762219499,961,1919,-1,-1831,228,188,181,181,180,273,01,7,3,1650
D,762220618,1119,1918,-1,-1830,332,188,187,176,181,272,01,7,3,1650
D,762221722,1104,1918,0,-1830,443,188,179,176,181,272,01,7,3,1650
D,762222617,895,1917,-1,-1829,346,187,178,176,181,272,01,7,3,1650
D,762223556,939,1916,-1,-1828,280,187,179,176,181,271,01,7,3,1650
D,762224538,982,1915,-1,-1827,262,187,181,176,181,270,01,7,3,1650
D,762225537,999,1915,0,-1827,263,186,179,176,181,270,01,7,3,1650
D,762226581,1044,1914,-1,-1826,303,186,179,176,181,269,01,7,3,1650
D,762227552,971,1913,-1,-1825,278,186,179,176,181,268,01,7,3,1650
D,762228531,979,1912,-1,-1824,260,186,181,176,181,267,01,7,3,1650
D,762229552,1021,1911,-1,-1823,273,186,187,176,181,266,01,7,3,1650
D,762230576,1024,1910,-1,-1822,298,186,189,176,181,265,01,7,3,1650
D,762231577,1001,1909,-1,-1821,299,186,189,176,181,265,01,7,3,1650
D,762232576,999,1908,-1,-1820,291,186,190,176,181,264,01,7,3,1650
D,762233504,928,1908,0,-1820,227,186,182,176,181,264,01,7,3,1650
D,762234555,1051,1907,-1,-1819,276,186,179,176,181,263,01,7,3,1650
D,762235520,965,1907,0,-1819,236,185,173,176,181,263,01,7,3,1650
D,762236495,975,1906,-1,-1818,225,185,182,176,181,262,01,7,3,1650
D,762237504,1009,1905,-1,-1817,223,185,182,176,181,261,01,7,3,1650
D,762238532,1028,1904,-1,-1816,253,185,181,176,181,260,01,7,3,1650
D,762239519,987,1903,-1,-1815,237,185,181,176,180,259,01,7,3,1650
D,762240583,1064,1903,0,-1815,301,184,179,176,180,259,01,7,3,1650
D,762241717,1134,1902,-1,-1814,439,184,179,176,177,258,01,7,3,1650
D,762242615,898,1902,0,-1814,340,184,170,176,177,258,01,7,3,1650
D,762243554,939,1901,-1,-1813,280,183,171,176,174,258,01,7,3,1650
D,762244549,995,1901,0,-1813,266,182,165,176,174,258,01,7,3,1650
D,762245558,1009,1900,-1,-1812,282,182,179,170,176,257,01,7,3,1650
D,762246596,1038,1899,-1,-1811,321,182,178,170,176,256,01,7,3,1650
D,762247539,943,1899,0,-1811,267,182,171,170,176,256,01,7,3,1650
D,762248537,998,1898,-1,-1810,263,181,173,170,176,255,01,7,3,1650
D,762249544,1007,1898,0,-1810,266,181,171,170,176,255,01,7,3,1650
D,762250585,1041,1897,-1,-1809,308,181,173,170,176,254,01,7,3,1650
D,762251674,1089,1896,-1,-1808,370,180,173,170,176,253,01,7,3,1650
D,762252517,843,1895,-1,-1807,234,180,182,170,176,252,01,7,3,1650
D,762253500,983,1895,0,-1807,223,180,174,170,176,252,01,7,3,1650
D,762254562,1062,1894,-1,-1806,279,180,171,170,176,251,01,7,3,1650
D,762255506,944,1893,-1,-1805,226,179,173,170,176,250,01,7,3,1650
D,762256506,1000,1892,-1,-1804,224,180,181,170,176,250,01,7,3,1650
D,762257505,999,1892,0,-1804,223,179,174,170,176,250,01,7,3,1650
D,762258546,1041,1891,-1,-1803,271,179,171,170,176,249,01,7,3,1650
D,762259500,954,1890,-1,-1802,223,179,173,170,176,248,01,7,3,1650
D,762260604,1104,1889,-1,-1801,319,178,171,170,176,247,01,7,3,1650
D,762261718,1114,1888,-1,-1800,427,178,170,170,176,246,01,7,3,1650
D,762262640,922,1887,-1,-1799,357,178,171,170,176,245,01,7,3,1650
D,762263556,916,1887,0,-1799,276,178,171,170,176,245,01,7,3,1650
D,762264539,983,1886,-1,-1798,262,177,173,170,174,244,01,7,3,1650
D,762265554,1015,1885,-1,-1797,275,177,179,170,174,243,01,7,3,1650
D,762266562,1008,1885,0,-1797,291,177,171,170,172,243,01,7,3,1650
D,762267556,994,1884,-1,-1796,274,177,171,170,172,243,01,7,3,1650
D,762268549,993,1883,-1,-1795,266,177,171,170,169,242,01,7,3,1650
D,762269534,985,1883,0,-1795,262,176,163,170,169,242,01,7,3,1650
D,762270579,1045,1882,-1,-1794,308,176,165,165,170,241,01,7,3,1650
D,762271661,1082,1882,0,-1794,387,175,165,165,170,241,01,7,3,1650
D,762272517,856,1881,-1,-1793,238,175,166,165,170,240,01,7,3,1650
D,762273506,989,1881,0,-1793,223,175,166,165,170,240,01,7,3,1650
D,762274575,1069,1880,-1,-1792,292,174,171,165,170,239,01,7,3,1650
D,762275512,937,1880,0,-1792,228,174,166,165,170,239,01,7,3,1650
D,762276505,993,1879,-1,-1791,223,174,166,165,170,238,01,7,3,1650
D,762277504,999,1878,-1,-1790,223,173,166,165,170,237,01,7,3,1650
D,762278548,1044,1878,0,-1790,279,173,163,165,170,237,01,7,3,1650
D,762279507,959,1877,-1,-1789,228,173,166,165,170,236,01,7,3,1650
D,762280596,1089,1877,0,-1789,326,172,163,165,170,236,01,7,3,1650
D,762281708,1112,1876,-1,-1788,432,172,163,165,170,236,01,7,3,1650
D,762282642,934,1875,-1,-1787,356,172,162,165,170,235,01,7,3,1650
D,762283557,915,1874,-1,-1786,278,171,171,165,170,234,01,7,3,1650
D,762284551,994,1874,0,-1786,270,171,165,165,170,234,01,7,3,1650
D,762285549,998,1873,-1,-1785,271,171,163,165,170,233,01,7,3,1650
D,762286573,1024,1872,-1,-1784,296,171,162,165,170,232,01,7,3,1650
D,762287554,981,1872,0,-1784,269,170,162,165,170,232,01,7,3,1650
D,762288553,999,1871,-1,-1783,267,170,163,165,170,231,01,7,3,1650
D,762289533,980,1870,-1,-1782,262,170,163,165,170,230,01,7,3,1650
D,762290580,1047,1869,-1,-1781,300,169,165,165,170,229,01,7,3,1650
D,762291669,1089,1868,-1,-1780,386,169,165,165,169,229,01,7,3,1650
D,762292508,839,1868,0,-1780,238,169,159,165,169,229,01,7,3,1650
D,762293501,993,1867,-1,-1779,223,169,158,165,166,228,01,7,3,1650
D,762294554,1053,1866,-1,-1778,278,168,163,165,166,227,01,7,3,1650
D,762295538,984,1865,-1,-1777,265,168,165,160,162,226,01,7,3,1650
D,762296503,965,1865,0,-1777,226,168,158,160,162,226,01,7,3,1650
D,762297504,1001,1864,-1,-1776,223,168,166,160,165,225,01,7,3,1650
D,762298558,1054,1863,-1,-1775,274,167,163,160,165,224,01,7,3,1650
D,762299499,941,1863,0,-1775,229,167,158,160,165,224,01,7,3,1650
D,762300619,1120,1862,-1,-1774,333,167,163,160,165,223,01,7,3,1650
D,762301705,1086,1862,0,-1774,433,167,163,160,165,223,01,7,3,1650
D,762302634,929,1861,-1,-1773,362,167,162,160,165,222,01,7,3,1650
D,762303565,931,1861,0,-1773,279,166,162,160,165,222,01,7,3,1650
D,762304536,971,1860,-1,-1772,260,166,165,160,165,221,01,7,3,1650
D,762305549,1013,1859,-1,-1771,266,167,171,160,165,221,01,7,3,1650
D,762306577,1028,1859,0,-1771,292,166,162,160,165,221,01,7,3,1650
D,762307558,981,1858,-1,-1770,280,166,162,160,165,220,01,7,3,1650
D,762308551,993,1858,0,-1770,266,166,163,160,165,220,01,7,3,1650
D,762309550,999,1857,-1,-1769,273,166,163,160,165,219,01,7,3,1650
D,762310566,1016,1856,-1,-1768,293,166,165,160,165,218,01,7,3,1650
D,762311579,1013,1856,0,-1768,305,166,165,160,165,218,01,7,3,1650
D,762312572,993,1855,-1,-1767,292,166,166,160,165,217,01,7,3,1650
D,762313504,932,1854,-1,-1766,224,166,166,160,165,216,01,7,3,1650
D,762314549,1045,1853,-1,-1765,279,166,165,160,165,215,01,7,3,1650
D,762315515,966,1853,0,-1765,236,166,166,160,165,215,01,7,3,1650
D,762316506,991,1852,-1,-1764,225,166,166,160,162,214,01,7,3,1650
D,762317500,994,1851,-1,-1763,223,166,166,160,162,214,01,7,3,1650
D,762318523,1023,1850,-1,-1762,253,166,173,160,159,213,01,7,3,1650
D,762319515,992,1850,0,-1762,236,166,166,160,159,213,01,7,3,1650
D,762320593,1078,1849,-1,-1761,322,166,163,155,160,212,01,7,3,1650
D,762321713,1120,1848,-1,-1760,439,166,163,155,160,211,01,7,3,1650
D,762322618,905,1847,-1,-1759,347,166,170,155,160,210,01,7,3,1650
D,762323557,939,1847,0,-1759,277,166,162,155,160,210,01,7,3,1650
D,762324536,979,1846,-1,-1758,259,166,165,155,160,209,01,7,3,1650
D,762325532,996,1845,-1,-1757,258,166,166,155,160,208,01,7,3,1650
D,762326589,1057,1845,0,-1757,307,166,162,155,160,208,01,7,3,1650
D,762327547,958,1844,-1,-1756,270,166,163,155,160,207,01,7,3,1650
D,762328545,998,1844,0,-1756,267,165,157,155,160,207,01,7,3,1650
D,762329557,1012,1843,-1,-1755,271,165,162,155,160,207,01,7,3,1650
D,762330584,1027,1843,0,-1755,300,165,157,155,160,207,01,7,3,1650
D,762331577,993,1842,-1,-1754,295,165,158,155,160,206,01,7,3,1650
D,762332577,1000,1841,-1,-1753,299,165,166,155,160,205,01,7,3,1650
D,762333502,925,1841,0,-1753,225,164,158,155,160,205,01,7,3,1650
D,762334553,1051,1840,-1,-1752,271,164,163,155,160,204,01,7,3,1650
D,762335519,966,1840,0,-1752,238,164,158,155,160,204,01,7,3,1650
D,762336494,975,1839,-1,-1751,225,164,158,155,160,203,01,7,3,1650
D,762337503,1009,1839,0,-1751,222,164,158,155,160,203,01,7,3,1650
D,762338529,1026,1838,-1,-1750,252,163,158,155,160,202,01,7,3,1650
D,762339517,988,1838,0,-1750,237,163,158,155,160,202,01,7,3,1650
D,762340594,1077,1837,-1,-1749,310,163,154,155,159,201,01,7,3,1650
D,762341728,1134,1836,-1,-1748,437,163,162,155,156,200,01,7,3,1650
D,762342618,890,1836,0,-1748,345,162,154,155,156,200,01,7,3,1650
D,762343559,941,1835,-1,-1747,281,162,154,155,153,200,01,7,3,1650
D,762344554,995,1834,-1,-1746,268,162,155,155,153,199,01,7,3,1650
D,762345554,1000,1834,0,-1746,283,162,154,150,155,199,01,7,3,1650
D,762346595,1041,1833,-1,-1745,318,161,154,150,155,198,01,7,3,1650
D,762347540,945,1832,-1,-1744,267,161,154,150,155,197,01,7,3,1650
D,762348553,1013,1831,-1,-1743,268,161,154,150,155,196,01,7,3,1650
D,762349548,995,1831,0,-1743,270,160,154,150,155,196,01,7,3,1650
D,762350594,1046,1830,-1,-1742,309,160,155,150,155,195,01,7,3,1650
D,762351661,1067,1829,-1,-1741,373,160,157,150,155,194,01,7,3,1650
D,762352516,855,1829,0,-1741,235,160,151,150,155,194,01,7,3,1650
D,762353501,985,1828,-1,-1740,223,159,150,150,155,193,01,7,3,1650
D,762354562,1061,1827,-1,-1739,282,159,154,150,155,192,01,7,3,1650
D,762355501,939,1826,-1,-1738,223,159,158,150,155,192,01,7,3,1650
D,762356505,1004,1826,0,-1738,224,159,150,150,155,192,01,7,3,1650
D,762357500,995,1825,-1,-1737,223,159,158,150,155,191,01,7,3,1650
D,762358547,1047,1824,-1,-1736,270,159,163,150,155,190,01,7,3,1650
D,762359508,961,1824,0,-1736,224,159,158,150,155,190,01,7,3,1650
D,762360594,1086,1824,0,-1736,318,159,155,150,155,190,01,7,3,1650
D,762361720,1126,1823,-1,-1735,441,158,154,150,155,189,01,7,3,1650
D,762362639,919,1823,0,-1735,353,158,146,150,155,189,01,7,3,1650
D,762363555,916,1822,-1,-1734,277,158,154,150,155,188,01,7,3,1650
D,762364550,995,1822,0,-1734,269,158,149,150,153,188,01,7,3,1650
D,762365555,1005,1821,-1,-1733,270,157,154,150,153,187,01,7,3,1650
D,762366564,1009,1820,-1,-1732,293,157,154,150,149,186,01,7,3,1650
D,762367549,985,1820,0,-1732,273,157,154,150,149,186,01,7,3,1650
D,762368537,988,1819,-1,-1731,262,157,155,150,150,185,01,7,3,1650
D,762369535,998,1819,0,-1731,261,157,155,150,150,185,01,7,3,1650
D,762370586,1051,1818,-1,-1730,309,157,157,145,150,185,01,7,3,1650
D,762371662,1076,1818,0,-1730,371,157,149,145,150,185,01,7,3,1650
D,762372511,849,1817,-1,-1729,237,156,151,145,150,184,01,7,3,1650
D,762373506,995,1817,0,-1729,223,156,150,145,150,184,01,7,3,1650
D,762374569,1063,1816,-1,-1728,286,156,146,145,150,183,01,7,3,1650
D,762375505,936,1816,0,-1728,223,155,142,145,150,183,01,7,3,1650
D,762376493,988,1815,-1,-1727,224,155,150,145,150,182,01,7,3,1650
D,762377501,1008,1814,-1,-1726,223,155,150,145,150,181,01,7,3,1650
D,762378560,1059,1814,0,-1726,276,154,138,145,150,181,01,7,3,1650
D,762379500,940,1813,-1,-1725,224,154,142,145,150,180,01,7,3,1650
D,762380605,1105,1812,-1,-1724,330,153,146,145,150,179,01,7,3,1650
D,762381717,1112,1811,-1,-1723,439,153,146,145,150,178,01,7,3,1650
D,762382636,919,1811,0,-1723,355,153,146,145,150,178,01,7,3,1650
D,762383555,919,1810,-1,-1722,281,153,146,145,150,178,01,7,3,1650
D,762384537,982,1809,-1,-1721,264,153,149,145,150,177,01,7,3,1650
D,762385551,1014,1809,0,-1721,274,152,138,145,150,177,01,7,3,1650
D,762386572,1021,1808,-1,-1720,293,152,146,145,150,176,01,7,3,1650
D,762387554,982,1807,-1,-1719,271,152,146,145,150,175,01,7,3,1650
D,762388547,993,1807,0,-1719,264,151,138,145,150,175,01,7,3,1650
D,762389552,1005,1806,-1,-1718,267,151,146,145,150,174,01,7,3,1650
D,762390571,1019,1806,0,-1718,295,150,141,145,150,174,01,7,3,1650
D,762391650,1079,1805,-1,-1717,374,150,149,145,150,173,01,7,3,1650
D,762392524,874,1804,-1,-1716,253,150,151,145,150,172,01,7,3,1650
D,762393504,980,1804,0,-1716,223,150,150,145,149,172,01,7,3,1650
D,762394559,1055,1803,-1,-1715,282,151,155,145,149,171,01,7,3,1650
D,762395532,973,1803,0,-1715,254,151,150,139,146,171,01,7,3,1650
D,762396513,981,1802,-1,-1714,230,151,150,139,146,171,01,7,3,1650
D,762397501,988,1802,0,-1714,223,150,142,139,142,171,01,7,3,1650
D,762398548,1047,1802,0,-1714,277,150,138,139,142,171,01,7,3,1650
D,762399506,958,1801,-1,-1713,232,149,142,139,144,170,01,7,3,1650
D,762400591,1085,1801,0,-1713,321,149,138,139,144,170,01,7,3,1650
D,762401744,1153,1800,-1,-1712,457,149,146,139,144,169,01,7,3,1650
D,762402620,876,1800,0,-1712,345,148,138,139,144,169,01,7,3,1650
D,762403563,943,1799,-1,-1711,278,148,146,139,144,168,01,7,3,1650
D,762404556,993,1799,0,-1711,271,148,142,139,144,168,01,7,3,1650
D,762405554,998,1798,-1,-1710,274,148,146,139,144,167,01,7,3,1650
D,762406570,1016,1798,0,-1710,295,148,138,139,144,167,01,7,3,1650
D,762407552,982,1797,-1,-1709,270,147,138,139,144,166,01,7,3,1650
D,762408544,992,1796,-1,-1708,264,147,142,139,144,165,01,7,3,1650
D,762409555,1011,1796,0,-1708,270,147,138,139,144,165,01,7,3,1650
D,762410566,1011,1796,0,-1708,295,146,134,139,144,165,01,7,3,1650
D,762411658,1092,1795,-1,-1707,386,146,134,139,144,164,01,7,3,1650
D,762412531,873,1794,-1,-1706,250,145,135,139,144,163,01,7,3,1650
D,762413493,962,1794,0,-1706,223,145,135,139,144,163,01,7,3,1650
D,762414564,1071,1793,-1,-1705,282,144,130,139,144,163,01,7,3,1650
D,762415507,943,1792,-1,-1704,228,144,134,139,144,162,01,7,3,1650
D,762416499,992,1791,-1,-1703,223,144,142,139,142,161,01,7,3,1650
D,762417507,1008,1791,0,-1703,223,143,134,139,142,161,01,7,3,1650
D,762418538,1031,1790,-1,-1702,263,143,134,139,142,160,01,7,3,1650
D,762419498,960,1789,-1,-1701,228,143,142,139,139,159,01,7,3,1650
D,762420595,1097,1789,0,-1701,318,143,138,134,139,159,01,7,3,1650
D,762421709,1114,1788,-1,-1700,439,143,138,134,139,158,01,7,3,1650
D,762422644,935,1787,-1,-1699,363,142,138,134,139,157,01,7,3,1650
D,762423558,914,1787,0,-1699,284,142,138,134,139,157,01,7,3,1650
D,762424537,979,1786,-1,-1698,263,142,142,134,139,156,01,7,3,1650
D,762425545,1008,1786,0,-1698,273,142,138,134,139,156,01,7,3,1650
D,762426585,1040,1785,-1,-1697,306,142,138,134,139,156,01,7,3,1650
D,762427545,960,1785,0,-1697,273,142,138,134,139,156,01,7,3,1650
D,762428550,1005,1784,-1,-1696,266,142,146,134,139,155,01,7,3,1650
D,762429548,998,1783,-1,-1695,275,142,146,134,139,154,01,7,3,1650
D,762430580,1032,1783,0,-1695,300,142,141,134,139,154,01,7,3,1650
D,762431572,992,1783,0,-1695,298,142,142,134,139,154,01,7,3,1650
D,762432576,1004,1782,-1,-1694,295,142,143,134,139,153,01,7,3,1650
D,762433494,918,1782,0,-1694,223,142,142,134,139,153,01,7,3,1650
D,762434558,1064,1781,-1,-1693,277,142,146,134,139,152,01,7,3,1650
D,762435517,959,1781,0,-1693,236,142,142,134,139,152,01,7,3,1650
D,762436503,986,1780,-1,-1692,225,142,142,134,139,151,01,7,3,1650
D,762437499,996,1780,0,-1692,222,142,142,134,139,151,01,7,3,1650
D,762438537,1038,1779,-1,-1691,253,142,142,134,139,150,01,7,3,1650
D,762439514,977,1779,0,-1691,236,142,134,134,139,150,01,7,3,1650
D,762440571,1057,1778,-1,-1690,297,142,146,134,139,149,01,7,3,1650
D,762441729,1158,1778,0,-1690,440,142,138,134,135,149,01,7,3,1650
D,762442616,887,1777,-1,-1689,343,142,138,134,135,149,01,7,3,1650
D,762443562,946,1777,0,-1689,279,142,138,134,131,149,01,7,3,1650
D,762444535,973,1776,-1,-1688,259,142,142,134,131,148,01,7,3,1650
D,762445575,1040,1775,-1,-1687,291,141,138,129,131,147,01,7,3,1650
D,762446591,1016,1775,0,-1687,312,141,130,129,134,147,01,7,3,1650
D,762447547,956,1774,-1,-1686,269,141,138,129,134,146,01,7,3,1650
D,762448546,999,1774,0,-1686,266,140,130,129,134,146,01,7,3,1650
D,762449538,992,1773,-1,-1685,264,140,130,129,134,145,01,7,3,1650
D,762450593,1055,1773,0,-1685,314,139,126,129,134,145,01,7,3,1650
D,762451669,1076,1772,-1,-1684,370,139,134,129,134,144,01,7,3,1650
D,762452519,850,1771,-1,-1683,237,139,135,129,134,143,01,7,3,1650
D,762453505,986,1771,0,-1683,223,139,127,129,134,143,01,7,3,1650
D,762454557,1052,1770,-1,-1682,279,138,130,129,134,142,01,7,3,1650
D,762455493,936,1769,-1,-1681,223,138,134,129,134,142,01,7,3,1650
D,762456509,1016,1769,0,-1681,225,138,134,129,134,142,01,7,3,1650
D,762457505,996,1768,-1,-1680,227,138,134,129,134,141,01,7,3,1650
D,762458547,1042,1768,0,-1680,271,138,134,129,134,141,01,7,3,1650
D,762459506,959,1767,-1,-1679,223,138,134,129,134,140,01,7,3,1650
D,762460600,1094,1766,-1,-1678,317,138,138,129,134,139,01,7,3,1650
D,762461712,1112,1766,0,-1678,438,138,138,129,134,139,01,7,3,1650
D,762462628,916,1765,-1,-1677,355,138,138,129,134,138,01,7,3,1650
D,762463551,923,1765,0,-1677,278,138,138,129,134,138,01,7,3,1650
D,762464555,1004,1765,0,-1677,270,137,134,129,131,138,01,7,3,1650
D,762465555,1000,1764,-1,-1676,270,137,138,129,131,137,01,7,3,1650
D,762466579,1024,1763,-1,-1675,295,137,138,129,131,136,01,7,3,1650
D,762467537,958,1763,0,-1675,265,138,138,129,127,136,01,7,3,1650
D,762468545,1008,1762,-1,-1674,264,138,138,129,127,135,01,7,3,1650
D,762469532,987,1762,0,-1674,262,138,138,129,129,135,01,7,3,1650
D,762470589,1057,1762,0,-1674,306,137,130,124,129,135,01,7,3,1650
D,762471663,1074,1761,-1,-1673,366,137,133,124,129,134,01,7,3,1650
D,762472508,845,1761,0,-1673,237,137,135,124,129,134,01,7,3,1650
D,762473500,992,1761,0,-1673,223,137,126,124,129,134,01,7,3,1650
D,762474575,1075,1760,-1,-1672,290,136,130,124,129,134,01,7,3,1650
D,762475496,921,1760,0,-1672,223,136,126,124,129,134,01,7,3,1650
D,762476498,1002,1759,-1,-1671,224,136,126,124,129,133,01,7,3,1650
D,762477506,1008,1759,0,-1671,223,135,126,124,129,133,01,7,3,1650
D,762478555,1049,1758,-1,-1670,283,135,130,124,129,132,01,7,3,1650
D,762479503,948,1757,-1,-1669,223,135,134,124,129,131,01,7,3,1650
D,762480601,1098,1757,0,-1669,331,135,130,124,129,131,01,7,3,1650
D,762481707,1106,1757,0,-1669,426,134,122,124,129,131,01,7,3,1650
D,762482625,918,1756,-1,-1668,353,134,122,124,129,130,01,7,3,1650
D,762483556,931,1756,0,-1668,282,133,122,124,129,130,01,7,3,1650
D,762484539,983,1755,-1,-1667,264,133,126,124,129,129,01,7,3,1650
D,762485551,1012,1754,-1,-1666,272,133,122,124,129,128,01,7,3,1650
D,762486572,1021,1754,0,-1666,294,132,122,124,129,128,01,7,3,1650
D,762487550,978,1753,-1,-1665,269,132,122,124,129,127,01,7,3,1650
D,762488535,985,1753,0,-1665,261,131,118,124,129,127,01,7,3,1650
D,762489550,1015,1752,-1,-1664,267,131,122,124,129,127,01,7,3,1650
D,762490569,1019,1751,-1,-1663,299,131,126,124,129,126,01,7,3,1650
D,762491672,1103,1750,-1,-1662,381,130,126,124,129,125,01,7,3,1650
D,762492508,836,1750,0,-1662,236,130,127,124,129,125,01,7,3,1650
D,762493502,994,1750,0,-1662,227,130,119,124,127,125,01,7,3,1650
D,762494557,1055,1749,-1,-1661,283,130,130,124,127,124,01,7,3,1650
D,762495544,987,1748,-1,-1660,262,130,134,118,127,123,01,7,3,1650
D,762496511,967,1748,0,-1660,228,130,126,118,123,123,01,7,3,1650
D,762497506,995,1747,-1,-1659,222,130,126,118,123,122,01,7,3,1650
D,762498548,1042,1747,0,-1659,274,129,122,118,123,122,01,7,3,1650
D,762499506,958,1746,-1,-1658,227,129,126,118,123,121,01,7,3,1650
D,762500617,1111,1745,-1,-1657,332,130,138,118,123,120,01,7,3,1650
D,762501734,1117,1745,0,-1657,449,130,130,118,123,120,01,7,3,1650
D,762502619,885,1745,0,-1657,342,130,130,118,123,120,01,7,3,1650
D,762503555,936,1745,0,-1657,283,130,130,118,123,120,01,7,3,1650
D,762504532,977,1744,-1,-1656,261,130,134,118,123,120,01,7,3,1650
D,762505540,1008,1744,0,-1656,269,130,130,118,123,120,01,7,3,1650
D,762506579,1039,1743,-1,-1655,302,130,130,118,123,119,01,7,3,1650
D,762507563,984,1743,0,-1655,278,130,130,118,123,119,01,7,3,1650
D,762508559,996,1742,-1,-1654,274,130,130,118,123,118,01,7,3,1650
D,762509554,995,1742,0,-1654,275,130,122,118,123,118,01,7,3,1650
D,762510574,1020,1741,-1,-1653,297,129,126,118,123,117,01,7,3,1650
D,762511676,1102,1741,0,-1653,385,129,126,118,123,117,01,7,3,1650
D,762512530,854,1741,0,-1653,247,129,127,118,123,117,01,7,3,1650
D,762513505,975,1740,-1,-1652,223,129,126,118,123,116,01,7,3,1650
D,762514562,1057,1740,0,-1652,279,129,122,118,123,116,01,7,3,1650
D,762515511,949,1739,-1,-1651,228,129,126,118,123,115,01,7,3,1650
D,762516492,981,1739,0,-1651,222,128,118,118,123,115,01,7,3,1650
D,762517500,1008,1738,-1,-1650,223,128,126,118,123,114,01,7,3,1650
D,762518552,1052,1738,0,-1650,268,128,122,118,119,114,01,7,3,1650
D,762519509,957,1738,0,-1650,228,128,118,118,119,114,01,7,3,1650
D,762520610,1101,1737,-1,-1649,325,127,114,114,119,113,01,7,3,1650
D,762521721,1111,1737,0,-1649,447,126,106,114,115,113,01,7,3,1650
D,762522616,895,1736,-1,-1648,344,126,114,114,115,113,01,7,3,1650
D,762523550,934,1735,-1,-1647,279,125,122,114,115,112,01,7,3,1650
D,762524547,997,1735,0,-1647,269,125,118,114,118,112,01,7,3,1650
D,762525537,990,1734,-1,-1646,260,125,118,114,118,111,01,7,3,1650
D,762526579,1042,1734,0,-1646,306,124,114,114,118,111,01,7,3,1650
D,762527561,982,1733,-1,-1645,277,124,114,114,118,110,01,7,3,1650
D,762528535,974,1733,0,-1645,256,124,110,114,118,110,01,7,3,1650
D,762529552,1017,1732,-1,-1644,271,123,114,114,118,109,01,7,3,1650
D,762530570,1018,1732,0,-1644,297,123,110,114,118,109,01,7,3,1650
D,762531568,998,1731,-1,-1643,295,122,110,114,118,108,01,7,3,1650
D,762532562,994,1731,0,-1643,292,122,111,114,118,108,01,7,3,1650
D,762533504,942,1730,-1,-1642,227,122,119,114,118,107,01,7,3,1650
D,762534557,1053,1730,0,-1642,278,121,114,114,118,107,01,7,3,1650
D,762535519,962,1729,-1,-1641,235,121,118,114,118,106,01,7,3,1650
D,762536502,983,1729,0,-1641,222,121,118,114,118,106,01,7,3,1650
D,762537501,999,1728,-1,-1640,222,121,118,114,118,105,01,7,3,1650
D,762538536,1035,1728,0,-1640,257,121,118,114,118,105,01,7,3,1650
D,762539519,983,1727,-1,-1639,236,121,118,114,118,105,01,7,3,1650
D,762540582,1063,1727,0,-1639,305,120,114,114,115,105,01,7,3,1650
D,762541716,1134,1726,-1,-1638,442,121,122,114,115,104,01,7,3,1650
D,762542619,903,1726,0,-1638,348,121,122,114,110,104,01,7,3,1650
D,762543561,942,1725,-1,-1637,276,121,122,114,110,103,01,7,3,1650
D,762544547,986,1725,0,-1637,267,120,118,114,110,103,01,7,3,1650
D,762545559,1012,1725,0,-1637,284,120,114,108,113,103,01,7,3,1650
D,762546589,1030,1724,-1,-1636,315,120,122,108,113,102,01,7,3,1650
D,762547560,971,1724,0,-1636,274,120,114,108,113,102,01,7,3,1650
D,762548535,975,1723,-1,-1635,264,120,118,108,113,101,01,7,3,1650
D,762549531,996,1723,0,-1635,260,120,122,108,113,101,01,7,3,1650
D,762550586,1055,1723,0,-1635,310,120,118,108,113,101,01,7,3,1650
D,762551672,1086,1722,-1,-1634,368,120,118,108,113,100,01,7,3,1650
D,762552513,841,1722,0,-1634,231,120,119,108,113,100,01,7,3,1650
D,762553497,984,1722,0,-1634,223,119,111,108,113,100,01,7,3,1650
D,762554556,1059,1721,-1,-1633,282,119,114,108,113,99,01,7,3,1650
D,762555505,949,1721,0,-1633,222,119,110,108,113,99,01,7,3,1650
D,762556493,988,1721,0,-1633,224,118,103,108,113,99,01,7,3,1650
D,762557501,1008,1720,-1,-1632,223,118,111,108,113,98,01,7,3,1650
D,762558525,1024,1720,0,-1632,248,117,103,108,113,98,01,7,3,1650
D,762559505,980,1719,-1,-1631,223,117,110,108,113,98,01,7,3,1650
D,762560589,1084,1719,0,-1631,318,117,106,108,113,98,01,7,3,1650
D,762561723,1134,1719,0,-1631,435,116,97,108,113,98,01,7,3,1650
D,762562635,912,1718,-1,-1630,351,115,106,108,113,97,01,7,3,1650
D,762563557,922,1718,0,-1630,280,115,97,108,113,97,01,7,3,1650
D,762564550,993,1718,0,-1630,268,114,94,108,110,97,01,7,3,1650
D,762565555,1005,1717,-1,-1629,271,113,98,108,110,96,01,7,3,1650
D,762566576,1021,1716,-1,-1628,290,113,106,108,110,95,01,7,3,1650
D,762567562,986,1716,0,-1628,278,112,97,108,106,95,01,7,3,1650
D,762568533,971,1715,-1,-1627,262,112,102,108,106,94,01,7,3,1650
D,762569543,1010,1715,0,-1627,263,111,98,108,106,94,01,7,3,1650
D,762570583,1040,1715,0,-1627,309,111,98,103,107,94,01,7,3,1650
D,762571670,1087,1714,-1,-1626,380,110,102,103,107,93,01,7,3,1650
D,762572517,847,1713,-1,-1625,237,110,103,103,107,92,01,7,3,1650
D,762573499,982,1713,0,-1625,222,110,103,103,107,92,01,7,3,1650
D,762574571,1072,1712,-1,-1624,288,110,106,103,107,91,01,7,3,1650
D,762575494,923,1712,0,-1624,224,110,103,103,107,91,01,7,3,1650
D,762576501,1007,1712,0,-1624,224,109,103,103,107,91,01,7,3,1650
D,762577493,992,1711,-1,-1623,223,109,103,103,107,91,01,7,3,1650
D,762578551,1058,1710,-1,-1622,277,109,106,103,107,90,01,7,3,1650
D,762579495,944,1710,0,-1622,223,109,103,103,107,90,01,7,3,1650
D,762580613,1118,1709,-1,-1621,333,109,114,103,107,89,01,7,3,1650
D,762581692,1079,1709,0,-1621,422,109,106,103,107,89,01,7,3,1650
D,762582643,951,1708,-1,-1620,365,109,113,103,107,88,01,7,3,1650
D,762583563,920,1708,0,-1620,285,109,114,103,107,88,01,7,3,1650
D,762584531,968,1708,0,-1620,257,109,110,103,107,88,01,7,3,1650
D,762585544,1013,1707,-1,-1619,270,109,114,103,107,87,01,7,3,1650
D,762586567,1023,1707,0,-1619,295,109,114,103,107,87,01,7,3,1650
D,762587558,991,1706,-1,-1618,282,110,114,103,107,86,01,7,3,1650
D,762588544,986,1706,0,-1618,266,110,114,103,107,86,01,7,3,1650
D,762589555,1011,1705,-1,-1617,271,110,114,103,107,85,01,7,3,1650
D,762590572,1017,1705,0,-1617,294,110,110,103,107,85,01,7,3,1650
D,762591588,1016,1705,0,-1617,302,110,110,103,107,85,01,7,3,1650
D,762592568,980,1704,-1,-1616,297,110,119,103,107,84,01,7,3,1650
D,762593504,936,1704,0,-1616,224,110,111,103,106,84,01,7,3,1650
D,762594553,1049,1703,-1,-1615,275,111,122,103,106,83,01,7,3,1650
D,762595541,988,1703,0,-1615,266,111,118,97,106,83,01,7,3,1650
D,762596513,972,1703,0,-1615,231,111,110,97,101,83,01,7,3,1650
D,762597493,980,1703,0,-1615,223,111,103,97,101,83,01,7,3,1650
D,762598546,1053,1702,-1,-1614,276,111,106,97,101,83,01,7,3,1650
D,762599508,962,1702,0,-1614,236,110,102,97,103,83,01,7,3,1650
D,762600591,1083,1701,-1,-1613,320,110,114,97,103,82,01,7,3,1650
D,762601731,1140,1701,0,-1613,451,110,106,97,103,82,01,7,3,1650
D,762602619,888,1701,0,-1613,341,110,97,97,103,82,01,7,3,1650
D,762603553,934,1700,-1,-1612,282,110,106,97,103,81,01,7,3,1650
D,762604537,984,1700,0,-1612,266,109,102,97,103,81,01,7,3,1650
D,762605540,1003,1699,-1,-1611,265,109,106,97,103,80,01,7,3,1650
D,762606591,1051,1699,0,-1611,315,109,105,97,103,80,01,7,3,1650
D,762607559,968,1699,0,-1611,275,109,97,97,103,80,01,7,3,1650
D,762608549,990,1698,-1,-1610,267,108,102,97,103,79,01,7,3,1650
D,762609546,997,1698,0,-1610,271,108,97,97,103,79,01,7,3,1650
D,762610576,1030,1697,-1,-1609,300,108,102,97,103,78,01,7,3,1650
D,762611567,991,1697,0,-1609,288,107,95,97,103,78,01,7,3,1650
D,762612576,1009,1697,0,-1609,299,107,95,97,103,78,01,7,3,1650
D,762613506,930,1696,-1,-1608,227,106,95,97,103,77,01,7,3,1650
D,762614548,1042,1696,0,-1608,277,106,98,97,103,77,01,7,3,1650
D,762615514,966,1695,-1,-1607,236,106,102,97,103,76,01,7,3,1650
D,762616499,985,1695,0,-1607,223,105,95,97,103,76,01,7,3,1650
D,762617511,1012,1694,-1,-1606,227,105,103,97,101,76,01,7,3,1650
D,762618532,1021,1694,0,-1606,256,105,95,97,101,76,01,7,3,1650
D,762619518,986,1694,0,-1606,235,104,95,97,101,76,01,7,3,1650
D,762620607,1089,1693,-1,-1605,325,104,98,92,96,75,01,7,3,1650
D,762621709,1102,1692,-1,-1604,433,104,105,92,96,74,01,7,3,1650
D,762622639,930,1692,0,-1604,353,104,97,92,96,74,01,7,3,1650
D,762623557,918,1691,-1,-1603,280,104,106,92,97,73,01,7,3,1650
D,762624533,976,1691,0,-1603,257,104,102,92,97,73,01,7,3,1650
D,762625548,1015,1691,0,-1603,264,104,98,92,97,73,01,7,3,1650
D,762626576,1028,1690,-1,-1602,304,104,106,92,97,72,01,7,3,1650
D,762627537,961,1690,0,-1602,266,104,106,92,97,72,01,7,3,1650
D,762628531,994,1689,-1,-1601,257,104,110,92,97,71,01,7,3,1650
D,762629555,1024,1689,0,-1601,269,104,106,92,97,71,01,7,3,1650
D,762630581,1026,1689,0,-1601,304,104,102,92,97,71,01,7,3,1650
D,762631578,997,1688,-1,-1600,293,104,102,92,97,70,01,7,3,1650
D,762632569,991,1688,0,-1600,298,104,103,92,97,70,01,7,3,1650
D,762633500,931,1687,-1,-1599,220,104,111,92,97,69,01,7,3,1650
D,762634559,1059,1687,0,-1599,274,104,106,92,97,69,01,7,3,1650
D,762635507,948,1687,0,-1599,236,104,102,92,97,69,01,7,3,1650
D,762636495,988,1686,-1,-1598,225,104,103,92,97,69,01,7,3,1650
D,762637503,1008,1686,0,-1598,223,104,103,92,97,69,01,7,3,1650
D,762638525,1022,1686,0,-1598,245,104,102,92,97,69,01,7,3,1650
D,762639504,979,1685,-1,-1597,225,104,103,92,97,68,01,7,3,1650
D,762640590,1086,1685,0,-1597,305,104,98,92,97,68,01,7,3,1650
D,762641722,1132,1684,-1,-1596,449,104,105,92,97,67,01,7,3,1650
D,762642625,903,1684,0,-1596,344,104,106,92,97,67,01,7,3,1650
D,762643555,930,1684,0,-1596,277,104,97,92,96,67,01,7,3,1650
D,762644546,991,1683,-1,-1595,266,104,102,92,96,66,01,7,3,1650
D,762645566,1020,1683,0,-1595,284,103,97,86,96,66,01,7,3,1650
D,762646603,1037,1683,0,-1595,319,103,97,86,90,66,01,7,3,1650
D,762647545,942,1682,-1,-1594,267,103,98,86,90,65,01,7,3,1650
D,762648550,1005,1682,0,-1594,268,103,98,86,90,65,01,7,3,1650
D,762649534,984,1682,0,-1594,263,102,98,86,92,65,01,7,3,1650
D,762650582,1048,1682,0,-1594,306,102,94,86,92,65,01,7,3,1650
D,762651669,1087,1681,-1,-1593,373,102,94,86,92,64,01,7,3,1650
D,762652516,847,1681,0,-1593,236,101,87,86,92,64,01,7,3,1650
D,762653501,985,1681,0,-1593,223,101,87,86,92,64,01,7,3,1650
D,762654567,1066,1680,-1,-1592,281,100,89,86,92,63,01,7,3,1650
D,762655501,934,1680,0,-1592,223,100,87,86,92,63,01,7,3,1650
D,762656501,1000,1680,0,-1592,223,99,87,86,92,63,01,7,3,1650
D,762657501,1000,1680,0,-1592,224,98,79,86,92,63,01,7,3,1650
D,762658551,1050,1679,-1,-1591,271,98,81,86,92,62,01,7,3,1650
D,762659499,948,1679,0,-1591,223,97,79,86,92,62,01,7,3,1650
D,762660591,1092,1678,-1,-1590,317,97,89,86,92,62,01,7,3,1650
D,762661723,1132,1678,0,-1590,441,96,81,86,92,62,01,7,3,1650
D,762662626,903,1677,-1,-1589,342,96,89,86,92,61,01,7,3,1650
D,762663551,925,1677,0,-1589,274,95,81,86,90,61,01,7,3,1650
D,762664539,988,1677,0,-1589,266,95,79,86,90,61,01,7,3,1650
D,762665536,997,1676,-1,-1588,263,94,89,86,90,60,01,7,3,1650
D,762666575,1039,1676,0,-1588,302,94,81,86,84,60,01,7,3,1650
D,762667548,973,1676,0,-1588,269,93,81,86,84,60,01,7,3,1650
D,762668554,1006,1675,-1,-1587,269,93,89,86,84,59,01,7,3,1650
D,762669532,978,1675,0,-1587,258,93,81,86,84,59,01,7,3,1650
D,762670586,1054,1675,0,-1587,313,92,79,82,86,59,01,7,3,1650
D,762671657,1071,1674,-1,-1586,366,92,86,82,86,58,01,7,3,1650
D,762672518,861,1674,0,-1586,234,92,79,82,86,58,01,7,3,1650
D,762673501,983,1673,-1,-1585,223,91,87,82,86,57,01,7,3,1650
D,762674568,1067,1673,0,-1585,287,91,81,82,86,57,01,7,3,1650
D,762675496,928,1672,-1,-1584,226,91,87,82,86,56,01,7,3,1650
D,762676495,999,1672,0,-1584,223,91,87,82,86,56,01,7,3,1650
D,762677506,1011,1672,0,-1584,222,90,87,82,86,56,01,7,3,1650
D,762678546,1040,1672,0,-1584,273,90,79,82,86,56,01,7,3,1650
D,762679505,959,1671,-1,-1583,226,90,87,82,86,55,01,7,3,1650
D,762680619,1114,1670,-1,-1582,335,90,98,82,86,54,01,7,3,1650
D,762681719,1100,1670,0,-1582,439,90,89,82,86,54,01,7,3,1650
D,762682625,906,1670,0,-1582,346,90,89,82,86,54,01,7,3,1650
D,762683556,931,1669,-1,-1581,280,90,97,82,86,54,01,7,3,1650
D,762684538,982,1669,0,-1581,263,91,94,82,86,54,01,7,3,1650
D,762685554,1016,1669,0,-1581,277,91,89,82,86,54,01,7,3,1650
D,762686576,1022,1668,-1,-1580,296,91,97,82,86,53,01,7,3,1650
D,762687552,976,1668,0,-1580,272,91,97,82,86,53,01,7,3,1650
D,762688545,993,1667,-1,-1579,266,91,102,82,86,52,01,7,3,1650
D,762689551,1006,1667,0,-1579,268,92,97,82,86,52,01,7,3,1650
D,762690577,1026,1667,0,-1579,299,92,94,82,86,52,01,7,3,1650
D,762691684,1107,1667,0,-1579,372,92,86,82,86,52,01,7,3,1650
D,762692522,838,1667,0,-1579,242,91,87,82,86,52,01,7,3,1650
D,762693500,978,1666,-1,-1578,222,91,87,82,86,51,01,7,3,1650
D,762694556,1056,1666,0,-1578,280,91,89,82,86,51,01,7,3,1650
D,762695528,972,1666,0,-1578,258,91,87,76,84,51,01,7,3,1650
D,762696504,976,1665,-1,-1577,226,91,87,76,84,50,01,7,3,1650
D,762697500,996,1665,0,-1577,223,91,87,76,84,50,01,7,3,1650
D,762698555,1055,1665,0,-1577,277,90,81,76,84,50,01,7,3,1650
D,762699510,955,1664,-1,-1576,228,90,87,76,78,49,01,7,3,1650
D,762700597,1087,1664,0,-1576,328,90,89,76,78,49,01,7,3,1650
D,762701730,1133,1664,0,-1576,450,90,81,76,78,49,01,7,3,1650
D,762702624,894,1663,-1,-1575,347,90,89,76,78,48,01,7,3,1650
D,762703558,934,1663,0,-1575,281,89,81,76,81,48,01,7,3,1650
D,762704536,978,1663,0,-1575,264,89,79,76,81,48,01,7,3,1650
D,762705548,1012,1663,0,-1575,273,88,73,76,81,48,01,7,3,1650
D,762706586,1038,1662,-1,-1574,302,88,81,76,81,47,01,7,3,1650
D,762707555,969,1662,0,-1574,274,88,81,76,81,47,01,7,3,1650
D,762708538,983,1662,0,-1574,261,87,79,76,81,47,01,7,3,1650
D,762709540,1002,1661,-1,-1573,265,87,81,76,81,47,01,7,3,1650
D,762710573,1033,1661,0,-1573,294,87,79,76,81,47,01,7,3,1650
D,762711671,1098,1661,0,-1573,383,86,71,76,81,47,01,7,3,1650
D,762712531,860,1661,0,-1573,250,86,71,76,81,47,01,7,3,1650
D,762713503,972,1661,0,-1573,223,85,71,76,81,47,01,7,3,1650
D,762714549,1046,1660,-1,-1572,274,85,73,76,81,46,01,7,3,1650
D,762715506,957,1660,0,-1572,228,84,71,76,81,46,01,7,3,1650
D,762716502,996,1660,0,-1572,222,84,71,76,81,46,01,7,3,1650
D,762717497,995,1659,-1,-1571,223,83,71,76,81,45,01,7,3,1650
D,762718544,1047,1659,0,-1571,269,83,71,76,78,45,01,7,3,1650
D,762719511,967,1659,0,-1571,228,82,63,76,78,45,01,7,3,1650
D,762720600,1089,1658,-1,-1570,323,82,73,71,78,44,01,7,3,1650
D,762721727,1127,1658,0,-1570,447,81,73,71,78,44,01,7,3,1650
D,762722629,902,1658,0,-1570,345,81,73,71,71,44,01,7,3,1650
D,762723560,931,1657,-1,-1569,280,81,73,71,71,43,01,7,3,1650
D,762724545,985,1657,0,-1569,266,80,71,71,71,43,01,7,3,1650
D,762725538,993,1657,0,-1569,259,80,73,71,71,43,01,7,3,1650
D,762726584,1046,1656,-1,-1568,301,80,73,71,64,42,01,7,3,1650
D,762727559,975,1656,0,-1568,275,79,73,71,64,42,01,7,3,1650
D,762728533,974,1656,0,-1568,260,79,71,71,64,42,01,7,3,1650
D,762729552,1019,1655,-1,-1567,271,79,73,71,64,41,01,7,3,1650
D,762730577,1025,1655,0,-1567,302,78,71,71,71,41,01,7,3,1650
D,762731584,1007,1654,-1,-1566,303,79,79,71,71,40,01,7,3,1650
D,762732574,990,1654,0,-1566,292,79,79,71,71,40,01,7,3,1650
D,762733509,935,1654,0,-1566,227,78,71,71,71,40,01,7,3,1650
D,762734544,1035,1654,0,-1566,273,78,73,71,71,40,01,7,3,1650
D,762735515,971,1653,-1,-1565,236,78,79,71,71,40,01,7,3,1650
D,762736502,987,1653,0,-1565,225,78,79,71,71,40,01,7,3,1650
D,762737502,1000,1653,0,-1565,223,78,71,71,71,40,01,7,3,1650
D,762738524,1022,1652,-1,-1564,248,78,79,71,71,39,01,7,3,1650
D,762739517,993,1652,0,-1564,234,78,79,71,71,39,01,7,3,1650
D,762740571,1054,1652,0,-1564,298,78,71,71,71,39,01,7,3,1650
D,762741707,1136,1651,-1,-1563,433,78,81,71,71,38,01,7,3,1650
D,762742614,907,1651,0,-1563,342,78,81,71,71,38,01,7,3,1650
D,762743560,946,1651,0,-1563,283,78,81,71,71,38,01,7,3,1650
D,762744546,986,1650,-1,-1562,266,78,87,71,71,37,01,7,3,1650
D,762745559,1013,1650,0,-1562,283,78,81,65,71,37,01,7,3,1650
D,762746593,1034,1650,0,-1562,320,79,81,65,64,37,01,7,3,1650
D,762747550,957,1649,-1,-1561,277,79,81,65,64,36,01,7,3,1650
D,762748548,998,1649,0,-1561,272,79,81,65,64,36,01,7,3,1650
D,762749537,989,1649,0,-1561,259,79,81,65,64,36,01,7,3,1650
D,762750590,1053,1649,0,-1561,309,79,79,65,64,36,01,7,3,1650
D,762751650,1060,1648,-1,-1560,377,79,79,65,64,35,01,7,3,1650
D,762752519,869,1648,0,-1560,242,79,79,65,64,35,01,7,3,1650
D,762753494,975,1647,-1,-1559,222,79,87,65,64,34,01,7,3,1650
D,762754558,1064,1647,0,-1559,277,79,81,65,64,34,01,7,3,1650
D,762755508,950,1647,0,-1559,227,79,79,65,64,34,01,7,3,1650
D,762756504,996,1647,0,-1559,222,79,79,65,64,34,01,7,3,1650
D,762757501,997,1647,0,-1559,222,79,71,65,64,34,01,7,3,1650
D,762758553,1052,1647,0,-1559,269,79,73,65,64,34,01,7,3,1650
D,762759495,942,1646,-1,-1558,226,79,79,65,64,33,01,7,3,1650
D,762760589,1094,1646,0,-1558,318,78,73,65,64,33,01,7,3,1650
D,762761729,1140,1646,0,-1558,438,78,65,65,64,33,01,7,3,1650
D,762762628,899,1646,0,-1558,351,77,65,65,64,33,01,7,3,1650
D,762763545,917,1645,-1,-1557,271,77,73,65,64,33,01,7,3,1650
D,762764550,1005,1645,0,-1557,267,77,73,65,64,33,01,7,3,1650
D,762765540,990,1645,0,-1557,266,77,65,65,64,33,01,7,3,1650
D,762766583,1043,1644,-1,-1556,299,76,73,65,64,32,01,7,3,1650
D,762767539,956,1644,0,-1556,265,76,73,65,64,32,01,7,3,1650
D,762768544,1005,1644,0,-1556,268,76,65,65,64,32,01,7,3,1650
D,762769537,993,1644,0,-1556,258,75,65,65,64,32,01,7,3,1650
D,762770589,1052,1644,0,-1556,309,75,65,60,64,32,01,7,3,1650
D,762771668,1079,1643,-1,-1555,373,75,71,60,64,31,01,7,3,1650
D,762772505,837,1643,0,-1555,235,74,63,60,64,31,01,7,3,1650
D,762773492,987,1643,0,-1555,223,74,63,60,64,31,01,7,3,1650
D,762774570,1078,1643,0,-1555,287,73,57,60,64,31,01,7,3,1650
D,762775498,928,1642,-1,-1554,227,73,63,60,64,30,01,7,3,1650
D,762776500,1002,1642,0,-1554,223,73,63,60,64,30,01,7,3,1650
D,762777493,993,1642,0,-1554,222,72,63,60,64,30,01,7,3,1650
D,762778557,1064,1642,0,-1554,276,72,57,60,55,30,01,7,3,1650
D,762779511,954,1641,-1,-1553,227,71,63,60,55,29,01,7,3,1650
D,762780602,1091,1641,0,-1553,332,71,65,60,55,29,01,7,3,1650
D,762781702,1100,1641,0,-1553,425,70,57,60,55,29,01,7,3,1650
D,762782633,931,1641,0,-1553,362,70,57,60,55,29,01,7,3,1650
D,762783559,926,1641,0,-1553,281,69,49,60,55,29,01,7,3,1650
D,762784551,992,1641,0,-1553,270,68,47,60,55,29,01,7,3,1650
D,762785558,1007,1640,-1,-1552,273,68,57,60,55,28,01,7,3,1650
D,762786575,1017,1640,0,-1552,304,67,57,60,60,28,01,7,3,1650
D,762787562,987,1640,0,-1552,281,67,57,60,60,28,01,7,3,1650
D,762788540,978,1640,0,-1552,262,67,55,60,60,28,01,7,3,1650
D,762789536,996,1640,0,-1552,262,66,49,60,60,28,01,7,3,1650
D,762790571,1035,1639,-1,-1551,291,65,55,60,60,27,01,7,3,1650
D,762791672,1101,1639,0,-1551,378,65,55,60,60,27,01,7,3,1650
D,762792538,866,1639,0,-1551,254,65,55,60,60,27,01,7,3,1650
D,762793507,969,1639,0,-1551,224,64,55,60,60,27,01,7,3,1650
D,762794549,1042,1638,-1,-1550,276,64,55,60,60,26,01,7,3,1650
D,762795549,1000,1638,0,-1550,265,64,57,55,60,26,01,7,3,1650
D,762796505,956,1638,0,-1550,230,63,55,55,60,26,01,7,3,1650
D,762797507,1002,1637,-1,-1549,224,63,55,55,60,25,01,7,3,1650
D,762798538,1031,1637,0,-1549,267,63,55,55,55,25,01,7,3,1650
D,762799519,981,1637,0,-1549,237,62,55,55,55,25,01,7,3,1650
D,762800596,1077,1637,0,-1549,321,62,57,55,55,25,01,7,3,1650
D,762801741,1145,1636,-1,-1548,464,62,57,55,55,25,01,7,3,1650
D,762802620,879,1636,0,-1548,347,62,57,55,55,25,01,7,3,1650
D,762803568,948,1636,0,-1548,283,62,57,55,55,25,01,7,3,1650
D,762804540,972,1636,0,-1548,261,61,55,55,55,25,01,7,3,1650
D,762805548,1008,1635,-1,-1547,268,61,57,55,55,24,01,7,3,1650
D,762806593,1045,1635,0,-1547,307,61,57,55,45,24,01,7,3,1650
D,762807539,946,1635,0,-1547,266,61,57,55,45,24,01,7,3,1650
D,762808534,995,1635,0,-1547,262,61,55,55,45,24,01,7,3,1650
D,762809539,1005,1634,-1,-1546,260,60,57,55,45,23,01,7,3,1650
D,762810553,1014,1634,0,-1546,279,60,55,55,45,23,01,7,3,1650
D,762811652,1099,1634,0,-1546,373,60,55,55,45,23,01,7,3,1650
D,762812533,881,1634,0,-1546,255,60,55,55,45,23,01,7,3,1650
D,762813509,976,1633,-1,-1545,225,60,63,55,45,22,01,7,3,1650
D,762814556,1047,1633,0,-1545,281,60,65,55,54,22,01,7,3,1650
D,762815507,951,1633,0,-1545,230,60,63,55,54,22,01,7,3,1650
D,762816507,1000,1633,0,-1545,225,60,55,55,54,22,01,7,3,1650
D,762817499,992,1632,-1,-1544,223,60,63,55,54,21,01,7,3,1650
D,762818530,1031,1632,0,-1544,261,60,63,55,54,21,01,7,3,1650
D,762819500,970,1632,0,-1544,228,60,63,55,54,21,01,7,3,1650
D,762820868,1368,1631,-1,-1543,406,61,64,55,54,20,01,7,4,1100
D,762821579,711,1631,0,-1543,296,61,63,55,54,20,01,7,4,1100
D,762822627,1048,1629,-2,-1541,351,62,81,55,45,18,01,7,4,1100
D,762823565,938,1628,-1,-1540,289,63,89,55,45,18,01,7,4,1100
D,762824555,990,1626,-2,-1538,269,64,98,55,45,16,01,7,4,1100
D,762825553,998,1625,-1,-1537,268,66,106,55,45,15,01,7,4,1100
D,762826576,1023,1624,-1,-1536,296,67,114,55,45,14,01,7,4,1100
D,762827561,985,1624,0,-1536,275,69,106,55,45,14,01,7,4,1100
D,762828555,994,1624,0,-1536,270,70,106,55,45,14,01,7,4,1100
D,762829560,1005,1624,0,-1536,274,72,106,55,45,14,01,7,4,1100
D,762830583,1023,1624,0,-1536,303,73,102,55,32,14,01,7,4,1100
D,762831569,986,1624,0,-1536,289,74,102,55,32,14,01,7,4,1100
D,762832571,1002,1624,0,-1536,293,75,95,55,32,14,01,7,4,1100
D,762833504,933,1624,0,-1536,230,76,95,55,32,14,01,7,4,1100
D,762834555,1051,1623,-1,-1535,271,77,106,55,32,13,01,7,4,1100
D,762835507,952,1623,0,-1535,228,78,102,55,32,13,01,7,4,1100
D,762836492,985,1623,0,-1535,223,79,95,55,32,13,01,7,4,1100
D,762837503,1011,1623,0,-1535,225,79,95,55,32,13,01,7,4,1100
D,762838543,1040,1623,0,-1535,271,80,98,55,32,13,01,7,4,1100
D,762839501,958,1623,0,-1535,227,80,95,55,32,13,01,7,4,1100
D,762840585,1084,1623,0,-1535,311,81,89,55,32,13,01,7,4,1100
D,762841726,1141,1622,-1,-1534,443,82,97,55,32,12,01,7,4,1100
D,762842633,907,1622,0,-1534,357,82,97,55,32,12,01,7,4,1100
D,762843556,923,1621,-1,-1533,279,83,98,55,32,11,01,7,4,1100
D,762844552,996,1621,0,-1533,268,83,94,55,32,11,01,7,4,1100
D,762845549,997,1621,0,-1533,275,84,98,55,32,11,01,7,4,1100
D,762846575,1026,1621,0,-1533,293,84,97,55,0,11,01,7,4,1100
D,762847557,982,1621,0,-1533,272,84,89,55,0,11,01,7,4,1100
D,762848544,987,1621,0,-1533,267,85,89,55,0,11,01,7,4,1100
D,762849547,1003,1621,0,-1533,265,85,89,55,0,11,01,7,4,1100
D,762850554,1007,1620,-1,-1532,280,85,94,55,0,11,01,7,4,1100
D,762851657,1103,1620,0,-1532,377,85,89,55,0,11,01,7,4,1100
D,762852540,883,1620,0,-1532,256,85,87,55,0,11,01,7,4,1100
D,762853505,965,1620,0,-1532,224,85,71,55,0,11,01,7,4,1100
D,762854515,1010,1619,-1,-1531,230,84,71,55,0,10,01,7,4,1100
D,762855502,987,1619,0,-1531,223,83,55,55,0,10,01,7,4,1100
D,762856501,999,1619,0,-1531,223,82,47,55,0,10,01,7,4,1100
D,762857496,995,1619,0,-1531,222,80,39,55,0,10,01,7,4,1100
D,762858515,1019,1619,0,-1531,230,79,39,55,0,10,01,7,4,1100
D,762859496,981,1619,0,-1531,224,77,39,55,0,10,01,7,4,1100
D,762860589,1093,1619,0,-1531,307,75,41,55,0,10,01,7,4,1100
D,762861713,1124,1619,0,-1531,443,74,40,55,0,10,01,7,4,1100
D,762862605,892,1619,0,-1531,327,73,41,55,0,10,01,7,4,1100
D,762863544,939,1619,0,-1531,272,72,41,55,0,10,01,7,4,1100
D,762864543,999,1619,0,-1531,272,70,39,55,0,10,01,7,4,1100
D,762865544,1001,1619,0,-1531,261,69,33,55,0,10,01,7,4,1100
D,762866567,1023,1619,0,-1531,283,67,32,55,0,10,01,7,4,1100
D,762867535,968,1618,-1,-1530,258,66,41,55,0,9,01,7,4,1100
D,762868546,1011,1618,0,-1530,268,65,41,55,0,9,01,7,4,1100
D,762869552,1006,1618,0,-1530,272,64,41,55,0,0,01,8,4,1100
D,762870538,986,1618,0,-1530,267,63,39,55,0,0,01,8,4,1100
D,762871602,1064,1618,0,-1530,320,62,39,55,0,0,01,8,4,1100
D,762872524,922,1618,0,-1530,245,61,32,55,0,0,01,8,4,1100
D,762873502,978,1618,0,-1530,225,60,32,55,0,0,01,8,4,1100
D,762874510,1008,1618,0,-1530,235,59,24,55,0,0,01,8,4,1100
D,762875508,998,1618,0,-1530,226,57,24,55,0,0,01,8,4,1100
D,762876500,992,1618,0,-1530,225,56,24,55,0,0,01,8,4,1100
D,762877494,994,1618,0,-1530,225,55,24,55,0,0,01,8,4,1100
D,762878512,1018,1618,0,-1530,232,54,24,55,0,0,01,8,4,1100
D,762879508,996,1618,0,-1530,226,52,24,55,0,0,01,8,4,1100
D,762880570,1062,1618,0,-1530,294,51,16,55,0,0,01,8,4,1100
D,762881737,1167,1618,0,-1530,467,49,16,55,0,0,01,8,4,1100
D,762882595,858,1618,0,-1530,310,48,16,55,0,0,01,8,4,1100
D,762883546,951,1618,0,-1530,265,47,16,55,0,0,01,8,4,1100
D,762884550,1004,1618,0,-1530,267,45,8,55,0,0,01,8,4,1100
D,762885519,969,1618,0,-1530,248,44,8,55,0,0,01,8,4,1100
D,762886538,1019,1618,0,-1530,265,43,8,55,0,0,01,8,4,1100
D,762887531,993,1618,0,-1530,253,41,8,55,0,0,01,8,4,1100
D,762888537,1006,1618,0,-1530,257,40,8,55,0,0,01,8,4,1100
D,762889525,988,1618,0,-1530,250,39,8,55,0,0,01,8,4,1100
D,762890545,1020,1618,0,-1530,268,37,8,55,0,0,01,8,4,1100
D,762891599,1054,1618,0,-1530,312,36,8,55,0,0,01,8,4,1100
D,762892518,919,1618,0,-1530,245,35,8,55,0,0,01,8,4,1100
D,762893494,976,1618,0,-1530,226,34,8,55,0,0,01,8,4,1100
D,762894505,1011,1618,0,-1530,236,33,8,55,0,0,01,8,4,1100
D,762895500,995,1618,0,-1530,225,32,8,55,0,0,01,8,4,1100
D,762896494,994,1618,0,-1530,226,31,8,55,0,0,01,8,4,1100
D,762897504,1010,1618,0,-1530,226,30,8,55,0,0,01,8,4,1100
D,762898506,1002,1618,0,-1530,232,29,0,55,0,0,01,8,4,1100
D,762899500,994,1618,0,-1530,225,28,0,55,0,0,01,8,4,1100
D,762900575,1075,1618,0,-1530,302,27,0,55,0,0,01,8,4,1100
D,762901727,1152,1618,0,-1530,451,26,0,55,0,0,01,8,4,1100
D,762902589,862,1618,0,-1530,315,25,0,55,0,0,01,8,4,1100
D,762903534,945,1618,0,-1530,261,24,0,55,0,0,01,8,4,1100
D,762904534,1000,1618,0,-1530,263,23,0,55,0,0,01,8,4,1100
D,762905522,988,1618,0,-1530,251,22,0,55,0,0,01,8,4,1100
D,762906551,1029,1618,0,-1530,269,21,0,55,0,0,01,8,4,1100
D,762907529,978,1618,0,-1530,253,20,0,55,0,0,01,8,4,1100
D,762908532,1003,1618,0,-1530,257,19,0,55,0,0,01,8,4,1100
D,762909536,1004,1618,0,-1530,254,19,0,55,0,0,01,8,4,1100
D,762910534,998,1618,0,-1530,265,18,0,55,0,0,01,8,4,1100
D,762911598,1064,1618,0,-1530,324,17,0,55,0,0,01,8,4,1100
D,762912517,919,1618,0,-1530,241,17,0,55,0,0,01,8,4,1100
D,762913498,981,1618,0,-1530,225,16,0,55,0,0,01,8,4,1100
D,762914512,1014,1618,0,-1530,235,15,0,55,0,0,01,8,4,1100
D,762915497,985,1618,0,-1530,225,15,0,55,0,0,01,8,4,1100
D,762916497,1000,1618,0,-1530,226,14,0,55,0,0,01,8,4,1100
D,762917497,1000,1618,0,-1530,226,14,0,55,0,0,01,8,4,1100
D,762918509,1012,1618,0,-1530,232,13,0,55,0,0,01,8,4,1100
D,762919494,985,1618,0,-1530,225,13,0,55,0,0,01,8,4,1100
D,762920588,1094,1618,0,-1530,310,12,0,55,0,0,01,8,4,1100
D,762921731,1143,1618,0,-1530,453,11,0,55,0,0,01,8,4,1100
D,762922590,859,1618,0,-1530,317,11,0,55,0,0,01,8,4,1100
D,762923537,947,1618,0,-1530,262,11,0,55,0,0,01,8,4,1100
D,762924546,1009,1618,0,-1530,274,10,0,55,0,0,01,8,4,1100
D,762925532,986,1618,0,-1530,255,10,0,55,0,0,01,8,4,1100
D,762926557,1025,1618,0,-1530,274,9,0,55,0,0,01,8,4,1100
D,762927535,978,1618,0,-1530,256,9,0,55,0,0,01,8,4,1100
D,762928536,1001,1618,0,-1530,263,9,0,55,0,0,01,8,4,1100
D,762929529,993,1618,0,-1530,255,8,0,55,0,0,01,8,4,1100
D,762930544,1015,1618,0,-1530,274,8,0,55,0,0,01,8,4,1100
D,762931604,1060,1618,0,-1530,333,8,0,55,0,0,01,8,4,1100
D,762932523,919,1618,0,-1530,243,7,0,55,0,0,01,8,4,1100
D,762933507,984,1618,0,-1530,226,7,0,55,0,0,01,8,4,1100
D,762934507,1000,1618,0,-1530,235,7,0,55,0,0,01,8,4,1100
D,762935497,990,1617,-1,-1529,228,7,8,55,0,0,01,8,4,1100
D,762936497,1000,1617,0,-1529,226,7,8,55,0,0,01,8,4,1100
D,762937497,1000,1617,0,-1529,226,7,8,55,0,0,01,8,4,1100
D,762938509,1012,1617,0,-1529,232,7,8,55,0,0,01,8,4,1100
D,762939494,985,1618,1,-1530,225,7,0,55,0,0,01,8,4,1100
D,762940585,1091,1618,0,-1530,307,6,0,55,0,0,01,8,4,1100
D,762941718,1133,1618,0,-1530,444,6,0,55,0,0,01,8,4,1100
D,762942610,892,1618,0,-1530,325,6,0,55,0,0,01,8,4,1100
D,762943547,937,1618,0,-1530,269,6,0,55,0,0,01,8,4,1100
D,762944547,1000,1618,0,-1530,272,6,0,55,0,0,01,8,4,1100
D,762945528,981,1617,-1,-1529,254,6,8,55,0,0,01,8,4,1100
D,762946555,1027,1618,1,-1530,275,5,0,55,0,0,01,8,4,1100
D,762947543,988,1618,0,-1530,259,5,0,55,0,0,01,8,4,1100
D,762948534,991,1618,0,-1530,264,5,0,55,0,0,01,8,4,1100
D,762949525,991,1618,0,-1530,254,5,0,55,0,0,01,8,4,1100
D,762950553,1028,1618,0,-1530,275,5,0,55,0,0,01,8,4,1100
D,762951596,1043,1618,0,-1530,323,4,0,55,0,0,01,8,4,1100
D,762952521,925,1618,0,-1530,242,4,0,55,0,0,01,8,4,1100
D,762953502,981,1618,0,-1530,225,4,0,55,0,0,01,8,4,1100
D,762954514,1012,1617,-1,-1529,235,4,8,55,0,0,01,8,4,1100
D,762955499,985,1617,0,-1529,225,4,8,55,0,0,01,8,4,1100
D,762956497,998,1618,1,-1530,225,4,0,55,0,0,01,8,4,1100
D,762957497,1000,1618,0,-1530,225,4,0,55,0,0,01,8,4,1100
D,762958509,1012,1618,0,-1530,232,4,0,55,0,0,01,8,4,1100
D,762959494,985,1618,0,-1530,225,4,0,55,0,0,01,8,4,1100
D,762960584,1090,1618,0,-1530,312,4,0,55,0,0,01,8,4,1100
D,762961746,1162,1617,-1,-1529,456,4,8,55,0,0,01,8,4,1100
D,762962606,860,1618,1,-1530,319,4,0,55,0,0,01,8,4,1100
D,762963547,941,1618,0,-1530,263,4,0,55,0,0,01,8,4,1100
D,762964545,998,1618,0,-1530,272,3,0,55,0,0,01,8,4,1100
D,762965528,983,1618,0,-1530,250,3,-8,55,0,0,01,8,4,1100
D,762966549,1021,1618,0,-1530,277,2,-8,55,0,0,01,8,4,1100
D,762967526,977,1617,-1,-1529,253,2,0,55,0,0,01,8,4,1100
D,762968547,1021,1617,0,-1529,270,2,0,55,0,0,01,8,4,1100
D,762969533,986,1617,0,-1529,252,3,8,55,0,0,01,8,4,1100
D,762970544,1011,1617,0,-1529,271,3,8,55,0,0,01,8,4,1100
D,762971611,1067,1617,0,-1529,330,3,8,55,0,0,01,8,4,1100
D,762972521,910,1617,0,-1529,244,3,8,55,0,0,01,8,4,1100
D,762973502,981,1617,0,-1529,225,3,8,55,0,0,01,8,4,1100
D,762974519,1017,1617,0,-1529,235,3,8,55,0,0,01,8,4,1100
D,762975505,986,1617,0,-1529,226,4,8,55,0,0,01,8,4,1100
D,762976503,998,1617,0,-1529,226,4,0,55,0,0,01,8,4,1100
D,762977501,998,1617,0,-1529,226,4,8,55,0,0,01,8,4,1100
D,762978509,1008,1617,0,-1529,232,4,8,55,0,0,01,8,4,1100
D,762979494,985,1617,0,-1529,225,4,8,55,0,0,01,8,4,1100
D,762980569,1075,1617,0,-1529,296,4,8,55,0,0,01,8,4,1100
D,762981746,1177,1617,0,-1529,469,4,8,55,0,0,01,8,4,1100
D,762982598,852,1617,0,-1529,313,4,8,55,0,0,01,8,4,1100
D,762983538,940,1617,0,-1529,259,5,8,55,0,0,01,8,4,1100
D,762984545,1007,1617,0,-1529,275,4,0,55,0,0,01,8,4,1100
D,762985527,982,1618,1,-1530,251,4,-8,55,0,0,01,8,4,1100
D,762986544,1017,1618,0,-1530,274,4,0,55,0,0,01,8,4,1100
D,762987529,985,1618,0,-1530,252,4,0,55,0,0,01,8,4,1100
D,762988536,1007,1617,-1,-1529,264,4,8,55,0,0,01,8,4,1100
D,762989537,1001,1617,0,-1529,252,4,8,55,0,0,01,8,4,1100
D,762990556,1019,1618,1,-1530,274,4,0,55,0,0,01,8,4,1100
D,762991603,1047,1618,0,-1530,326,4,0,55,0,0,01,8,4,1100
D,762992513,910,1618,0,-1530,244,3,-8,55,0,0,01,8,4,1100
D,762993497,984,1618,0,-1530,226,3,0,55,0,0,01,8,4,1100
D,762994514,1017,1618,0,-1530,235,3,0,55,0,0,01,8,4,1100
D,762995500,986,1618,0,-1530,226,3,0,55,0,0,01,8,4,1100
D,762996498,998,1618,0,-1530,226,3,0,55,0,0,01,8,4,1100
D,762997497,999,1618,0,-1530,225,3,0,55,0,0,01,8,4,1100
D,762998509,1012,1618,0,-1530,232,2,-8,55,0,0,01,8,4,1100
D,762999494,985,1618,0,-1530,225,2,-8,55,0,0,01,8,4,1100
D,763000584,1090,1618,0,-1530,304,1,-8,55,0,0,01,8,4,1100
D,763001749,1165,1618,0,-1530,455,1,-8,55,0,0,01,8,4,1100
D,763002593,844,1618,0,-1530,315,1,-8,55,0,0,01,8,4,1100
D,763003535,942,1618,0,-1530,262,0,-8,55,0,0,01,8,4,1100
D,763004554,1019,1618,0,-1530,272,0,-8,55,0,0,01,8,4,1100
D,763005533,979,1618,0,-1530,252,0,-8,55,0,0,01,8,4,1100
D,763006556,1023,1618,0,-1530,272,-1,-8,55,0,0,01,8,4,1100
D,763007524,968,1618,0,-1530,251,-1,-8,55,0,0,01,8,4,1100
D,763008545,1021,1618,0,-1530,269,-1,-8,55,0,0,01,8,4,1100
D,763009529,984,1618,0,-1530,252,-1,-8,55,0,0,01,8,4,1100
D,763010547,1018,1618,0,-1530,273,-2,-8,55,0,0,01,8,4,1100
D,763011605,1058,1618,0,-1530,327,-2,-8,55,0,0,01,8,4,1100
D,763012519,914,1618,0,-1530,244,-2,-8,55,0,0,01,8,4,1100
D,763013501,982,1618,0,-1530,226,-2,-8,55,0,0,01,8,4,1100
D,763014514,1013,1618,0,-1530,235,-3,-8,55,0,0,01,8,4,1100
D,763015499,985,1617,-1,-1529,226,-3,0,55,0,0,01,8,4,1100
D,763016497,998,1618,1,-1530,226,-2,0,55,0,0,01,8,4,1100
D,763017497,1000,1618,0,-1530,225,-2,0,55,0,0,01,8,4,1100
D,763018509,1012,1617,-1,-1529,232,-2,8,55,0,0,01,8,4,1100
D,763019494,985,1617,0,-1529,225,-2,0,55,0,0,01,8,4,1100
D,763020580,1086,1617,0,-1529,305,-1,8,55,0,0,01,8,4,1100
D,763021720,1140,1618,1,-1530,446,-1,0,55,0,0,01,8,4,1100
D,763022595,875,1618,0,-1530,318,-1,0,55,0,0,01,8,4,1100
D,763023545,950,1617,-1,-1529,269,-1,8,55,0,0,01,8,4,1100
D,763024546,1001,1617,0,-1529,271,-1,8,55,0,0,01,8,4,1100
D,763025536,990,1617,0,-1529,255,0,8,55,0,0,01,8,4,1100
D,763026554,1018,1617,0,-1529,274,0,8,55,0,0,01,8,4,1100
D,763027530,976,1617,0,-1529,255,0,8,55,0,0,01,8,4,1100
D,763028534,1004,1617,0,-1529,265,1,8,55,0,0,01,8,4,1100
D,763029530,996,1617,0,-1529,254,1,8,55,0,0,01,8,4,1100
D,763030544,1014,1617,0,-1529,271,1,8,55,0,0,01,8,4,1100
D,763031595,1051,1617,0,-1529,311,2,8,55,0,0,01,8,4,1100
D,763032520,925,1617,0,-1529,242,2,8,55,0,0,01,8,4,1100
D,763033502,982,1617,0,-1529,225,2,8,55,0,0,01,8,4,1100
D,763034514,1012,1617,0,-1529,235,2,8,55,0,0,01,8,4,1100
D,763035499,985,1617,0,-1529,226,2,8,55,0,0,01,8,4,1100
D,763036497,998,1618,1,-1530,226,2,0,55,0,0,01,8,4,1100
D,763037497,1000,1617,-1,-1529,225,3,8,55,0,0,01,8,4,1100
D,763038509,1012,1617,0,-1529,232,3,8,55,0,0,01,8,4,1100
D,763039494,985,1617,0,-1529,225,3,8,55,0,0,01,8,4,1100
D,763040591,1097,1617,0,-1529,313,3,8,55,0,0,01,8,4,1100
D,763041728,1137,1617,0,-1529,450,3,8,55,0,0,01,8,4,1100
D,763042594,866,1617,0,-1529,319,4,8,55,0,0,01,8,4,1100
D,763043552,958,1617,0,-1529,269,4,8,55,0,0,01,8,4,1100
D,763044554,1002,1617,0,-1529,275,4,8,55,0,0,01,8,4,1100
D,763045532,978,1617,0,-1529,255,4,0,55,0,0,01,8,4,1100
D,763046555,1023,1617,0,-1529,271,4,8,55,0,0,01,8,4,1100
D,763047534,979,1617,0,-1529,255,4,8,55,0,0,01,8,4,1100
D,763048534,1000,1617,0,-1529,264,4,0,55,0,0,01,8,4,1100
D,763049524,990,1617,0,-1529,252,4,0,55,0,0,01,8,4,1100
D,763050543,1019,1617,0,-1529,274,4,0,55,0,0,01,8,4,1100
D,763051604,1061,1617,0,-1529,332,3,0,55,0,0,01,8,4,1100
D,763052520,916,1617,0,-1529,242,4,8,55,0,0,01,8,4,1100
D,763053504,984,1617,0,-1529,225,4,8,55,0,0,01,8,4,1100
D,763054519,1015,1617,0,-1529,235,4,0,55,0,0,01,8,4,1100
D,763055505,986,1617,0,-1529,226,4,0,55,0,0,01,8,4,1100
D,763056502,997,1617,0,-1529,225,3,0,55,0,0,01,8,4,1100
D,763057500,998,1617,0,-1529,225,3,0,55,0,0,01,8,4,1100
D,763058509,1009,1617,0,-1529,232,3,0,55,0,0,01,8,4,1100
D,763059494,985,1617,0,-1529,225,3,0,55,0,0,01,8,4,1100
D,763060591,1097,1617,0,-1529,307,3,0,55,0,0,01,8,4,1100
D,763061710,1119,1617,0,-1529,440,3,0,55,0,0,01,8,4,1100
D,763062596,886,1617,0,-1529,322,3,0,55,0,0,01,8,4,1100
D,763063539,943,1617,0,-1529,270,3,0,55,0,0,01,8,4,1100
D,763064546,1007,1617,0,-1529,273,2,0,55,0,0,01,8,4,1100
D,763065535,989,1617,0,-1529,259,2,0,55,0,0,01,8,4,1100
D,763066558,1023,1617,0,-1529,274,3,8,55,0,0,01,8,4,1100
D,763067529,971,1617,0,-1529,259,2,0,55,0,0,01,8,4,1100
D,763068538,1009,1617,0,-1529,265,2,0,55,0,0,01,8,4,1100
D,763069544,1006,1617,0,-1529,262,2,0,55,0,0,01,8,4,1100
D,763070550,1006,1617,0,-1529,276,2,0,55,0,0,01,8,4,1100
D,763071600,1050,1617,0,-1529,316,2,0,55,0,0,01,8,4,1100
D,763072524,924,1617,0,-1529,244,2,0,55,0,0,01,8,4,1100
D,763073505,981,1617,0,-1529,225,2,0,55,0,0,01,8,4,1100
D,763074506,1001,1617,0,-1529,236,2,0,55,0,0,01,8,4,1100
D,763075508,1002,1618,1,-1530,226,1,-8,55,0,0,01,8,4,1100
D,763076506,998,1618,0,-1530,226,1,-8,55,0,0,01,8,4,1100
D,763077504,998,1618,0,-1530,226,1,-8,55,0,0,01,8,4,1100
D,763078509,1005,1618,0,-1530,232,0,-8,55,0,0,01,8,4,1100
D,763079494,985,1617,-1,-1529,225,0,0,55,0,0,01,8,4,1100
D,763080585,1091,1617,0,-1529,311,0,0,55,0,0,01,8,4,1100
D,763081728,1143,1618,1,-1530,447,0,-8,55,0,0,01,8,4,1100
D,763082611,883,1618,0,-1530,324,0,-8,55,0,0,01,8,4,1100
D,763083538,927,1618,0,-1530,260,-1,-8,55,0,0,01,8,4,1100
D,763084556,1018,1618,0,-1530,273,-1,-8,55,0,0,01,8,4,1100
D,763085534,978,1618,0,-1530,258,-1,-8,55,0,0,01,8,4,1100
D,763086554,1020,1618,0,-1530,271,-1,-8,55,0,0,01,8,4,1100
D,763087526,972,1618,0,-1530,254,-2,-8,55,0,0,01,8,4,1100
D,763088554,1028,1618,0,-1530,273,-2,-8,55,0,0,01,8,4,1100
D,763089526,972,1618,0,-1530,252,-2,-8,55,0,0,01,8,4,1100
D,763090560,1034,1618,0,-1530,276,-2,-8,55,0,0,01,8,4,1100
D,763091604,1044,1618,0,-1530,331,-3,-8,55,0,0,01,8,4,1100
D,763092521,917,1618,0,-1530,243,-3,-8,55,0,0,01,8,4,1100
D,763093504,983,1618,0,-1530,225,-3,-8,55,0,0,01,8,4,1100
D,763094505,1001,1618,0,-1530,235,-3,-8,55,0,0,01,8,4,1100
D,763095507,1002,1618,0,-1530,226,-3,-8,55,0,0,01,8,4,1100
D,763096505,998,1618,0,-1530,225,-4,-8,55,0,0,01,8,4,1100
D,763097503,998,1618,0,-1530,225,-4,-8,55,0,0,01,8,4,1100
D,763098509,1006,1618,0,-1530,232,-4,-8,55,0,0,01,8,4,1100
D,763099494,985,1618,0,-1530,225,-4,-8,55,0,0,01,8,4,1100
D,763100591,1097,1618,0,-1530,307,-4,-8,55,0,0,01,8,4,1100
D,763101713,1122,1618,0,-1530,439,-4,-8,55,0,0,01,8,4,1100
D,763102596,883,1618,0,-1530,322,-5,-8,55,0,0,01,8,4,1100
D,763103538,942,1618,0,-1530,269,-5,-8,55,0,0,01,8,4,1100
D,763104546,1008,1618,0,-1530,273,-5,-8,55,0,0,01,8,4,1100
D,763105535,989,1618,0,-1530,259,-5,0,55,0,0,01,8,4,1100
D,763106543,1008,1618,0,-1530,273,-4,0,55,0,0,01,8,4,1100
D,763107532,989,1618,0,-1530,263,-4,0,55,0,0,01,8,4,1100
D,763108545,1013,1618,0,-1530,269,-4,0,55,0,0,01,8,4,1100
D,763109529,984,1618,0,-1530,259,-4,-8,55,0,0,01,8,4,1100
D,763110550,1021,1618,0,-1530,276,-4,-8,55,0,0,01,8,4,1100
D,763111600,1050,1618,0,-1530,312,-5,-8,55,0,0,01,8,4,1100
D,763112521,921,1618,0,-1530,241,-4,0,55,0,0,01,8,4,1100
D,763113502,981,1618,0,-1530,225,-4,0,55,0,0,01,8,4,1100
D,763114516,1014,1618,0,-1530,237,-4,0,55,0,0,01,8,4,1100
D,763115501,985,1618,0,-1530,226,-4,0,55,0,0,01,8,4,1100
D,763116498,997,1618,0,-1530,225,-4,0,55,0,0,01,8,4,1100
D,763117497,999,1618,0,-1530,225,-4,0,55,0,0,01,8,4,1100
D,763118509,1012,1618,0,-1530,232,-3,0,55,0,0,01,8,4,1100
D,763119494,985,1618,0,-1530,225,-3,0,55,0,0,01,8,4,1100
D,763120583,1089,1618,0,-1530,309,-3,0,55,0,0,01,8,4,1100
D,763121752,1169,1618,0,-1530,463,-3,0,55,0,0,01,8,4,1100
D,763122594,842,1618,0,-1530,320,-3,0,55,0,0,01,8,4,1100
D,763123537,943,1618,0,-1530,263,-3,0,55,0,0,01,8,4,1100
D,763124554,1017,1618,0,-1530,274,-3,0,55,0,0,01,8,4,1100
D,763125521,967,1618,0,-1530,251,-3,0,55,0,0,01,8,4,1100
D,763126559,1038,1618,0,-1530,275,-2,0,55,0,0,01,8,4,1100
D,763127531,972,1617,-1,-1529,253,-2,8,55,0,0,01,8,4,1100
D,763128544,1013,1618,1,-1530,269,-2,0,55,0,0,01,8,4,1100
D,763129527,983,1618,0,-1530,252,-2,0,55,0,0,01,8,4,1100
D,763130555,1028,1618,0,-1530,274,-2,0,55,0,0,01,8,4,1100
D,763131612,1057,1618,0,-1530,340,-2,0,55,0,0,01,8,4,1100
D,763132519,907,1618,0,-1530,243,-2,0,55,0,0,01,8,4,1100
D,763133503,984,1618,0,-1530,226,-2,0,55,0,0,01,8,4,1100
D,763134506,1003,1618,0,-1530,235,-2,0,55,0,0,01,8,4,1100
D,763135507,1001,1618,0,-1530,225,-2,0,55,0,0,01,8,4,1100
D,763136505,998,1617,-1,-1529,225,-1,8,55,0,0,01,8,4,1100
D,763137503,998,1617,0,-1529,225,-1,8,55,0,0,01,8,4,1100
D,763138509,1006,1617,0,-1529,232,0,8,55,0,0,01,8,4,1100
D,763139494,985,1618,1,-1530,225,0,0,55,0,0,01,8,4,1100
D,763140582,1088,1618,0,-1530,303,0,0,55,0,0,01,8,4,1100
D,763141730,1148,1618,0,-1530,452,0,0,55,0,0,01,8,4,1100
D,763142605,875,1618,0,-1530,320,0,0,55,0,0,01,8,4,1100
D,763143552,947,1617,-1,-1529,267,0,8,55,0,0,01,8,4,1100
D,763144555,1003,1617,0,-1529,272,0,8,55,0,0,01,8,4,1100
D,763145531,976,1618,1,-1530,256,0,0,55,0,0,01,8,4,1100
D,763146560,1029,1617,-1,-1529,277,1,8,55,0,0,01,8,4,1100
D,763147536,976,1617,0,-1529,255,1,8,55,0,0,01,8,4,1100
D,763148553,1017,1617,0,-1529,269,1,8,55,0,0,01,8,4,1100
D,763149528,975,1617,0,-1529,254,1,8,55,0,0,01,8,4,1100
D,763150536,1008,1617,0,-1529,267,2,8,55,0,0,01,8,4,1100
D,763151606,1070,1617,0,-1529,322,2,8,55,0,0,01,8,4,1100
D,763152524,918,1617,0,-1529,242,2,8,55,0,0,01,8,4,1100
D,763153506,982,1617,0,-1529,226,2,8,55,0,0,01,8,4,1100
D,763154505,999,1617,0,-1529,236,3,8,55,0,0,01,8,4,1100
D,763155507,1002,1617,0,-1529,226,3,8,55,0,0,01,8,4,1100
D,763156505,998,1617,0,-1529,226,3,8,55,0,0,01,8,4,1100
D,763157503,998,1617,0,-1529,226,3,8,55,0,0,01,8,4,1100
D,763158508,1005,1617,0,-1529,232,3,0,55,0,0,01,8,4,1100
D,763159494,986,1617,0,-1529,225,3,8,55,0,0,01,8,4,1100
D,763160588,1094,1617,0,-1529,307,3,8,55,0,0,01,8,4,1100
D,763161729,1141,1617,0,-1529,452,4,8,55,0,0,01,8,4,1100
D,763162598,869,1617,0,-1529,323,4,8,55,0,0,01,8,4,1100
D,763163545,947,1617,0,-1529,268,4,8,55,0,0,01,8,4,1100
D,763164552,1007,1617,0,-1529,276,4,8,55,0,0,01,8,4,1100
D,763165533,981,1617,0,-1529,256,4,8,55,0,0,01,8,4,1100
D,763166544,1011,1617,0,-1529,274,4,0,55,0,0,01,8,4,1100
D,763167536,992,1617,0,-1529,253,4,0,55,0,0,01,8,4,1100
D,763168543,1007,1617,0,-1529,269,4,0,55,0,0,01,8,4,1100
D,763169536,993,1617,0,-1529,255,4,8,55,0,0,01,8,4,1100
D,763170537,1001,1617,0,-1529,268,4,8,55,0,0,01,8,4,1100
D,763171610,1073,1617,0,-1529,323,4,8,55,0,0,01,8,4,1100
D,763172517,907,1617,0,-1529,239,4,8,55,0,0,01,8,4,1100
D,763173499,982,1617,0,-1529,226,5,8,55,0,0,01,8,4,1100
D,763174513,1014,1617,0,-1529,235,4,0,55,0,0,01,8,4,1100
D,763175498,985,1617,0,-1529,226,4,0,55,0,0,01,8,4,1100
D,763176497,999,1617,0,-1529,226,4,8,55,0,0,01,8,4,1100
D,763177497,1000,1617,0,-1529,225,4,0,55,0,0,01,8,4,1100
D,763178509,1012,1617,0,-1529,232,4,0,55,0,0,01,8,4,1100
D,763179494,985,1617,0,-1529,225,4,0,55,0,0,01,8,4,1100
D,763180578,1084,1617,0,-1529,304,4,0,55,0,0,01,8,4,1100
D,763181731,1153,1617,0,-1529,454,4,0,55,0,0,01,8,4,1100
D,763182591,860,1617,0,-1529,318,3,0,55,0,0,01,8,4,1100
D,763183537,946,1617,0,-1529,266,3,0,55,0,0,01,8,4,1100
D,763184536,999,1617,0,-1529,267,3,0,55,0,0,01,8,4,1100
D,763185529,993,1617,0,-1529,256,3,0,55,0,0,01,8,4,1100
D,763186555,1026,1617,0,-1529,274,3,0,55,0,0,01,8,4,1100
D,763187534,979,1617,0,-1529,257,3,0,55,0,0,01,8,4,1100
D,763188543,1009,1617,0,-1529,267,3,0,55,0,0,01,8,4,1100
D,763189534,991,1617,0,-1529,255,3,0,55,0,0,01,8,4,1100
D,763190551,1017,1617,0,-1529,275,2,0,55,0,0,01,8,4,1100
D,763191601,1050,1617,0,-1529,324,2,0,55,0,0,01,8,4,1100
D,763192524,923,1617,0,-1529,244,2,0,55,0,0,01,8,4,1100
D,763193505,981,1617,0,-1529,225,2,0,55,0,0,01,8,4,1100
D,763194506,1001,1617,0,-1529,236,2,0,55,0,0,01,8,4,1100
D,763195507,1001,1617,0,-1529,225,2,0,55,0,0,01,8,4,1100
D,763196505,998,1617,0,-1529,225,2,0,55,0,0,01,8,4,1100
D,763197503,998,1617,0,-1529,225,2,0,55,0,0,01,8,4,1100
D,763198508,1005,1617,0,-1529,231,2,0,55,0,0,01,8,4,1100
D,763199494,986,1617,0,-1529,225,2,0,55,0,0,01,8,4,1100
D,763200591,1097,1617,0,-1529,310,2,0,55,0,0,01,8,4,1100
D,763201722,1131,1617,0,-1529,445,2,0,55,0,0,01,8,4,1100
D,763202612,890,1617,0,-1529,325,2,0,55,0,0,01,8,4,1100
D,763203538,926,1617,0,-1529,264,1,0,55,0,0,01,8,4,1100
D,763204557,1019,1617,0,-1529,274,1,0,55,0,0,01,8,4,1100
D,763205534,977,1617,0,-1529,254,1,0,55,0,0,01,8,4,1100
D,763206556,1022,1617,0,-1529,275,1,0,55,0,0,01,8,4,1100
D,763207526,970,1617,0,-1529,255,1,0,55,0,0,01,8,4,1100
D,763208537,1011,1617,0,-1529,264,1,0,55,0,0,01,8,4,1100
D,763209533,996,1617,0,-1529,255,1,0,55,0,0,01,8,4,1100
D,763210543,1010,1617,0,-1529,272,1,0,55,0,0,01,8,4,1100
D,763211601,1058,1617,0,-1529,327,1,0,55,0,0,01,8,4,1100
D,763212517,916,1617,0,-1529,242,1,0,55,0,0,01,8,4,1100
D,763213498,981,1617,0,-1529,226,1,0,55,0,0,01,8,4,1100
D,763214510,1012,1617,0,-1529,235,1,0,55,0,0,01,8,4,1100
D,763215497,987,1617,0,-1529,226,1,0,55,0,0,01,8,4,1100
D,763216497,1000,1617,0,-1529,226,1,0,55,0,0,01,8,4,1100
D,763217497,1000,1617,0,-1529,225,1,0,55,0,0,01,8,4,1100
D,763218508,1011,1617,0,-1529,231,1,0,55,0,0,01,8,4,1100
D,763219494,986,1617,0,-1529,225,1,0,55,0,0,01,8,4,1100
D,763220575,1081,1617,0,-1529,304,1,0,55,0,0,01,8,4,1100
D,763221721,1146,1617,0,-1529,448,1,0,55,0,0,01,8,4,1100
D,763222589,868,1617,0,-1529,318,1,0,55,0,0,01,8,4,1100
D,763223536,947,1617,0,-1529,265,1,0,55,0,0,01,8,4,1100
D,763224552,1016,1617,0,-1529,272,1,0,55,0,0,01,8,4,1100
D,763225527,975,1617,0,-1529,255,1,0,55,0,0,01,8,4,1100
D,763226550,1023,1617,0,-1529,272,1,0,55,0,0,01,8,4,1100
D,763227528,978,1617,0,-1529,254,1,0,55,0,0,01,8,4,1100
D,763228537,1009,1617,0,-1529,266,1,0,55,0,0,01,8,4,1100
D,763229529,992,1617,0,-1529,255,1,0,55,0,0,01,8,4,1100
D,763230559,1030,1617,0,-1529,275,0,0,55,0,0,01,8,4,1100
D,763231592,1033,1617,0,-1529,317,0,0,55,0,0,01,8,4,1100
D,763232521,929,1617,0,-1529,244,0,0,55,0,0,01,8,4,1100
D,763233502,981,1617,0,-1529,225,0,0,55,0,0,01,8,4,1100
D,763234515,1013,1617,0,-1529,236,0,0,55,0,0,01,8,4,1100
D,763235500,985,1617,0,-1529,226,0,0,55,0,0,01,8,4,1100
D,763236498,998,1617,0,-1529,226,0,0,55,0,0,01,8,4,1100
D,763237497,999,1617,0,-1529,225,0,0,55,0,0,01,8,4,1100
D,763238509,1012,1617,0,-1529,232,0,0,55,0,0,01,8,4,1100
D,763239494,985,1617,0,-1529,225,0,0,55,0,0,01,8,4,1100
D,763240585,1091,1617,0,-1529,309,0,0,55,0,0,01,8,4,1100
D,763241746,1161,1617,0,-1529,455,0,0,55,0,0,01,8,4,1100
D,763242594,848,1617,0,-1529,319,0,0,55,0,0,01,8,4,1100
D,763243545,951,1617,0,-1529,268,0,0,55,0,0,01,8,4,1100
D,763244545,1000,1617,0,-1529,269,0,0,55,0,0,01,8,4,1100
D,763245527,982,1617,0,-1529,252,0,0,55,0,0,01,8,4,1100
D,763246556,1029,1617,0,-1529,272,0,0,55,0,0,01,8,4,1100
D,763247525,969,1617,0,-1529,253,0,0,55,0,0,01,8,4,1100
D,763248533,1008,1617,0,-1529,264,0,0,55,0,0,01,8,4,1100
D,763249534,1001,1617,0,-1529,254,0,0,55,0,0,01,8,4,1100
D,763250550,1016,1617,0,-1529,275,0,0,55,0,0,01,8,4,1100
D,763251612,1062,1617,0,-1529,326,0,0,55,0,0,01,8,4,1100
D,763252521,909,1617,0,-1529,243,0,0,55,0,0,01,8,4,1100
D,763253502,981,1617,0,-1529,225,0,0,55,0,0,01,8,4,1100
D,763254505,1003,1617,0,-1529,235,0,0,55,0,0,01,8,4,1100
D,763255507,1002,1617,0,-1529,226,0,0,55,0,0,01,8,4,1100
D,763256505,998,1617,0,-1529,226,0,0,55,0,0,01,8,4,1100
D,763257502,997,1617,0,-1529,225,0,0,55,0,0,01,8,4,1100
D,763258509,1007,1617,0,-1529,232,0,0,55,0,0,01,8,4,1100
D,763259494,985,1617,0,-1529,225,0,0,55,0,0,01,8,4,1100
D,763260580,1086,1617,0,-1529,302,0,0,55,0,0,01,8,4,1100
D,763261747,1167,1617,0,-1529,459,0,0,55,0,0,01,8,4,1100
D,763262594,847,1617,0,-1529,313,0,0,55,0,0,01,8,4,1100
D,763263549,955,1617,0,-1529,267,0,0,55,0,0,01,8,4,1100
D,763264553,1004,1617,0,-1529,273,0,0,55,0,0,01,8,4,1100
D,763265519,966,1617,0,-1529,250,0,0,55,0,0,01,8,4,1100
D,763266559,1040,1617,0,-1529,274,0,0,55,0,0,01,8,4,1100
D,763267529,970,1617,0,-1529,251,0,0,55,0,0,01,8,4,1100
D,763268534,1005,1617,0,-1529,265,0,0,55,0,0,01,8,4,1100
D,763269536,1002,1617,0,-1529,252,0,0,55,0,0,01,8,4,1100
D,763270553,1017,1617,0,-1529,275,0,0,55,0,0,01,8,4,1100
D,763271600,1047,1617,0,-1529,328,0,0,55,0,0,01,8,4,1100
D,763272520,920,1617,0,-1529,246,0,0,55,0,0,01,8,4,1100
D,763273502,982,1617,0,-1529,226,0,0,55,0,0,01,8,4,1100
D,763274515,1013,1617,0,-1529,235,0,0,55,0,0,01,8,4,1100
D,763275500,985,1617,0,-1529,225,0,0,55,0,0,01,8,4,1100
D,763276498,998,1617,0,-1529,225,0,0,55,0,0,01,8,4,1100
D,763277497,999,1617,0,-1529,226,0,0,55,0,0,01,8,4,1100
D,763278508,1011,1617,0,-1529,231,0,0,55,0,0,01,8,4,1100
D,763279494,986,1617,0,-1529,225,0,0,55,0,0,01,8,4,1100
D,763280579,1085,1617,0,-1529,302,0,0,55,0,0,01,8,4,1100
D,763281728,1149,1617,0,-1529,450,0,0,55,0,0,01,8,4,1100
D,763282592,864,1617,0,-1529,318,0,0,55,0,0,01,8,4,1100
D,763283549,957,1617,0,-1529,271,0,0,55,0,0,01,8,4,1100
D,763284555,1006,1617,0,-1529,273,0,0,55,0,0,01,8,4,1100
D,763285531,976,1617,0,-1529,254,0,0,55,0,0,01,8,4,1100
D,763286552,1021,1617,0,-1529,274,0,0,55,0,0,01,8,4,1100
D,763287528,976,1617,0,-1529,254,0,0,55,0,0,01,8,4,1100
D,763288542,1014,1617,0,-1529,270,0,0,55,0,0,01,8,4,1100
D,763289534,992,1617,0,-1529,253,0,0,55,0,0,01,8,4,1100
D,763290552,1018,1617,0,-1529,276,0,0,55,0,0,01,8,4,1100
D,763291604,1052,1617,0,-1529,325,0,0,55,0,0,01,8,4,1100
D,763292523,919,1617,0,-1529,241,0,0,55,0,0,01,8,4,1100
D,763293505,982,1617,0,-1529,226,0,0,55,0,0,01,8,4,1100
D,763294520,1015,1617,0,-1529,236,0,0,55,0,0,01,8,4,1100
D,763295505,985,1617,0,-1529,226,0,0,55,0,0,01,8,4,1100
D,763296502,997,1617,0,-1529,225,0,0,55,0,0,01,8,4,1100
D,763297500,998,1617,0,-1529,225,0,0,55,0,0,01,8,4,1100
D,763298509,1009,1617,0,-1529,232,0,0,55,0,0,01,8,4,1100
D,763299494,985,1617,0,-1529,225,0,0,55,0,0,01,8,4,1100
D,763300592,1098,1617,0,-1529,309,0,0,55,0,0,01,8,4,1100
D,763301719,1127,1617,0,-1529,449,0,0,55,0,0,01,8,4,1100
D,763302603,884,1617,0,-1529,324,0,0,55,0,0,01,8,4,1100
D,763303553,950,1617,0,-1529,274,0,0,55,0,0,01,8,4,1100
D,763304545,992,1617,0,-1529,272,0,0,55,0,0,01,8,4,1100
D,763305535,990,1617,0,-1529,259,0,0,55,0,0,01,8,4,1100
D,763306538,1003,1617,0,-1529,268,0,0,55,0,0,01,8,4,1100
D,763307543,1005,1617,0,-1529,261,0,0,55,0,0,01,8,4,1100
D,763308551,1008,1617,0,-1529,273,0,0,55,0,0,01,8,4,1100
D,763309544,993,1617,0,-1529,262,0,0,55,0,0,01,8,4,1100
D,763310550,1006,1617,0,-1529,273,0,0,55,0,0,01,8,4,1100
D,763311607,1057,1617,0,-1529,320,0,0,55,0,0,01,8,4,1100
D,763312521,914,1617,0,-1529,244,0,0,55,0,0,01,8,4,1100
D,763313502,981,1617,0,-1529,225,0,0,55,0,0,01,8,4,1100
D,763314514,1012,1617,0,-1529,236,0,0,55,0,0,01,8,4,1100
D,763315499,985,1617,0,-1529,225,0,0,55,0,0,01,8,4,1100
D,763316497,998,1617,0,-1529,225,0,0,55,0,0,01,8,4,1100
D,763317497,1000,1617,0,-1529,226,0,0,55,0,0,01,8,4,1100
D,763318508,1011,1617,0,-1529,231,0,0,55,0,0,01,8,4,1100
D,763319494,986,1617,0,-1529,225,0,0,55,0,0,01,8,4,1100
D,763320580,1086,1617,0,-1529,308,0,0,55,0,0,01,8,4,1100
D,763321753,1173,1617,0,-1529,462,0,0,55,0,0,01,8,4,1100
D,763322584,831,1617,0,-1529,312,0,0,55,0,0,01,8,4,1100
D,763323552,968,1617,0,-1529,270,0,0,55,0,0,01,8,4,1100
D,763324551,999,1617,0,-1529,269,0,0,55,0,0,01,8,4,1100
D,763325536,985,1617,0,-1529,253,0,0,55,0,0,01,8,4,1100
D,763326544,1008,1617,0,-1529,272,0,0,55,0,0,01,8,4,1100
D,763327530,986,1617,0,-1529,254,0,0,55,0,0,01,8,4,1100
D,763328533,1003,1617,0,-1529,261,0,0,55,0,0,01,8,4,1100
D,763329532,999,1617,0,-1529,254,0,0,55,0,0,01,8,4,1100
D,763330544,1012,1617,0,-1529,270,0,0,55,0,0,01,8,4,1100
D,763331599,1055,1617,0,-1529,325,0,0,55,0,0,01,8,4,1100
D,763332526,927,1617,0,-1529,248,0,0,55,0,0,01,8,4,1100
D,763333494,968,1617,0,-1529,225,0,0,55,0,0,01,8,4,1100
D,763334508,1014,1617,0,-1529,235,0,0,55,0,0,01,8,4,1100
D,763335494,986,1617,0,-1529,225,0,0,55,0,0,01,8,4,1100
D,763336494,1000,1617,0,-1529,225,0,0,55,0,0,01,8,4,1100
D,763337495,1001,1617,0,-1529,226,0,0,55,0,0,01,8,4,1100
D,763338506,1011,1617,0,-1529,232,0,0,55,0,0,01,8,4,1100
D,763339507,1001,1617,0,-1529,226,0,0,55,0,0,01,8,4,1100
D,763340591,1084,1617,0,-1529,305,0,0,55,0,0,01,8,4,1100
D,763341734,1143,1617,0,-1529,451,0,0,55,0,0,01,8,4,1100
D,763342594,860,1617,0,-1529,319,0,0,55,0,0,01,8,4,1100
D,763343536,942,1617,0,-1529,262,0,0,55,0,0,01,8,4,1100
D,763344555,1019,1617,0,-1529,273,0,0,55,0,0,01,8,4,1100
D,763345532,977,1617,0,-1529,255,0,0,55,0,0,01,8,4,1100
D,763346555,1023,1617,0,-1529,274,0,0,55,0,0,01,8,4,1100
D,763347533,978,1617,0,-1529,256,0,0,55,0,0,01,8,4,1100
D,763348544,1011,1616,-1,-1528,269,0,8,55,0,0,01,8,4,1100
D,763349534,990,1617,1,-1529,254,0,0,55,0,0,01,8,4,1100
D,763350548,1014,1617,0,-1529,275,0,0,55,0,0,01,8,4,1100
D,763351607,1059,1616,-1,-1528,323,1,8,55,0,0,01,8,4,1100
D,763352520,913,1616,0,-1528,243,1,8,55,0,0,01,8,4,1100
D,763353502,982,1616,0,-1528,226,1,8,55,0,0,01,8,4,1100
D,763354505,1003,1616,0,-1528,235,1,8,55,0,0,01,8,4,1100
D,763355507,1002,1616,0,-1528,226,2,8,55,0,0,01,8,4,1100
D,763356505,998,1616,0,-1528,226,2,8,55,0,0,01,8,4,1100
D,763357503,998,1616,0,-1528,226,2,8,55,0,0,01,8,4,1100
D,763358508,1005,1616,0,-1528,232,2,8,55,0,0,01,8,4,1100
D,763359495,987,1616,0,-1528,226,3,8,55,0,0,01,8,4,1100
D,763360589,1094,1616,0,-1528,314,3,8,55,0,0,01,8,4,1100
D,763361729,1140,1616,0,-1528,444,3,8,55,0,0,01,8,4,1100
D,763362608,879,1616,0,-1528,325,3,8,55,0,0,01,8,4,1100
D,763363535,927,1616,0,-1528,264,3,8,55,0,0,01,8,4,1100
D,763364551,1016,1616,0,-1528,268,4,8,55,0,0,01,8,4,1100
D,763365533,982,1616,0,-1528,254,4,8,55,0,0,01,8,4,1100
D,763366554,1021,1616,0,-1528,275,4,8,55,0,0,01,8,4,1100
D,763367527,973,1616,0,-1528,255,4,8,55,0,0,01,8,4,1100
D,763368554,1027,1616,0,-1528,269,4,8,55,0,0,01,8,4,1100
D,763369526,972,1616,0,-1528,253,4,8,55,0,0,01,8,4,1100
D,763370559,1033,1616,0,-1528,275,5,8,55,0,0,01,8,4,1100
D,763371611,1052,1616,0,-1528,323,5,8,55,0,0,01,8,4,1100
D,763372508,897,1616,0,-1528,239,5,8,55,0,0,01,8,4,1100
D,763373507,999,1616,0,-1528,226,5,8,55,0,0,01,8,4,1100
D,763374506,999,1616,0,-1528,235,5,8,55,0,0,01,8,4,1100
D,763375508,1002,1616,0,-1528,226,5,8,55,0,0,01,8,4,1100
D,763376506,998,1616,0,-1528,226,5,8,55,0,0,01,8,4,1100
D,763377504,998,1616,0,-1528,226,5,8,55,0,0,01,8,4,1100
D,763378510,1006,1616,0,-1528,232,5,8,55,0,0,01,8,4,1100
D,763379494,984,1616,0,-1528,225,5,0,55,0,0,01,8,4,1100
D,763380594,1100,1616,0,-1528,312,5,8,55,0,0,01,8,4,1100
D,763381720,1126,1616,0,-1528,446,5,0,55,0,0,01,8,4,1100
D,763382615,895,1616,0,-1528,330,5,0,55,0,0,01,8,4,1100
D,763383552,937,1616,0,-1528,268,5,0,55,0,0,01,8,4,1100
D,763384545,993,1616,0,-1528,272,5,0,55,0,0,01,8,4,1100
D,763385533,988,1616,0,-1528,256,4,0,55,0,0,01,8,4,1100
D,763386552,1019,1616,0,-1528,279,4,0,55,0,0,01,8,4,1100
D,763387526,974,1616,0,-1528,257,4,0,55,0,0,01,8,4,1100
D,763388549,1023,1616,0,-1528,271,4,0,55,0,0,01,8,4,1100
D,763389531,982,1616,0,-1528,256,4,0,55,0,0,01,8,4,1100
D,763390560,1029,1616,0,-1528,276,4,0,55,0,0,01,8,4,1100
D,763391592,1032,1616,0,-1528,321,3,0,55,0,0,01,8,4,1100
D,763392525,933,1616,0,-1528,244,3,0,55,0,0,01,8,4,1100
D,763393507,982,1616,0,-1528,226,3,0,55,0,0,01,8,4,1100
D,763394506,999,1616,0,-1528,237,3,0,55,0,0,01,8,4,1100
D,763395507,1001,1616,0,-1528,225,3,0,55,0,0,01,8,4,1100
D,763396505,998,1616,0,-1528,225,3,0,55,0,0,01,8,4,1100
D,763397503,998,1616,0,-1528,225,3,0,55,0,0,01,8,4,1100
D,763398508,1005,1616,0,-1528,231,3,0,55,0,0,01,8,4,1100
D,763399494,986,1616,0,-1528,225,3,0,55,0,0,01,8,4,1100
D,763400608,1114,1616,0,-1528,323,2,0,55,0,0,01,8,4,1100
D,763401709,1101,1616,0,-1528,438,2,0,55,0,0,01,8,4,1100
D,763402599,890,1616,0,-1528,321,2,0,55,0,0,01,8,4,1100
D,763403545,946,1616,0,-1528,274,2,0,55,0,0,01,8,4,1100
D,763404555,1010,1616,0,-1528,272,2,0,55,0,0,01,8,4,1100
D,763405544,989,1616,0,-1528,264,2,0,55,0,0,01,8,4,1100
D,763406538,994,1616,0,-1528,267,2,0,55,0,0,01,8,4,1100
D,763407554,1016,1616,0,-1528,270,2,0,55,0,0,01,8,4,1100
D,763431951,24397,1616,0,-1528,349,0,0,55,0,0,48,9,5,550
D,763432815,864,1616,0,-1528,213,0,0,55,0,0,01,9,5,550
D,763433820,1005,1616,0,-1528,213,0,0,55,0,0,01,9,5,550
D,763434835,1015,1616,0,-1528,223,0,0,55,0,0,01,9,5,550
D,763435823,988,1616,0,-1528,213,0,0,55,0,0,01,9,5,550
D,763436825,1002,1616,0,-1528,213,0,0,55,0,0,01,9,5,550
D,763437826,1001,1616,0,-1528,214,0,0,55,0,0,01,9,5,550
D,763438827,1001,1616,0,-1528,223,0,0,55,0,0,01,9,5,550
D,763439812,985,1616,0,-1528,213,0,0,55,0,0,01,9,5,550
D,763440909,1097,1616,0,-1528,306,0,0,55,0,0,01,9,5,550
D,763441994,1085,1616,0,-1528,386,0,0,55,0,0,01,9,5,550
D,763442875,881,1616,0,-1528,270,0,0,55,0,0,01,9,5,550
D,763443847,972,1616,0,-1528,242,0,0,55,0,0,01,9,5,550
D,763444850,1003,1616,0,-1528,245,0,0,55,0,0,01,9,5,550
D,763445831,981,1616,0,-1528,232,0,0,55,0,0,01,9,5,550
D,763446854,1023,1616,0,-1528,252,0,0,55,0,0,01,9,5,550
D,763447844,990,1616,0,-1528,246,0,0,55,0,0,01,9,5,550
D,763448840,996,1616,0,-1528,241,0,0,55,0,0,01,9,5,550
D,763449850,1010,1616,0,-1528,241,0,0,55,0,0,01,9,5,550
D,763450852,1002,1616,0,-1528,245,0,0,55,0,0,01,9,5,550
D,763451903,1051,1616,0,-1528,302,0,0,55,0,0,01,9,5,550
D,763452836,933,1616,0,-1528,224,0,0,55,0,0,01,9,5,550
D,763453817,981,1616,0,-1528,217,0,0,55,0,0,01,9,5,550
D,763454840,1023,1616,0,-1528,239,0,0,55,0,0,01,9,5,550
D,763455820,980,1616,0,-1528,213,0,0,55,0,0,01,9,5,550
D,763456826,1006,1616,0,-1528,226,0,0,55,0,0,01,9,5,550
D,763457816,990,1616,0,-1528,217,0,0,55,0,0,01,9,5,550
D,763458840,1024,1616,0,-1528,234,0,0,55,0,0,01,9,5,550
D,763459815,975,1616,0,-1528,213,0,0,55,0,0,01,9,5,550
D,763460926,1111,1616,0,-1528,315,0,0,55,0,0,01,9,5,550
D,763461995,1069,1616,0,-1528,375,0,0,55,0,0,01,9,5,550
D,763462875,880,1616,0,-1528,274,0,0,55,0,0,01,9,5,550
D,763463857,982,1616,0,-1528,258,0,0,55,0,0,01,9,5,550
D,763464849,992,1616,0,-1528,252,0,0,55,0,0,01,9,5,550
D,763465856,1007,1616,0,-1528,255,0,0,55,0,0,01,9,5,550
D,763466859,1003,1616,0,-1528,247,0,0,55,0,0,01,9,5,550
D,763467857,998,1616,0,-1528,260,0,0,55,0,0,01,9,5,550
D,763468850,993,1616,0,-1528,245,0,0,55,0,0,01,9,5,550
D,763469860,1010,1616,0,-1528,257,0,0,55,0,0,01,9,5,550
D,763470853,993,1616,0,-1528,248,0,0,55,0,0,01,9,5,550
D,763471916,1063,1616,0,-1528,305,0,0,55,0,0,01,9,5,550
D,763472835,919,1616,0,-1528,233,0,0,55,0,0,01,9,5,550
D,763473830,995,1616,0,-1528,226,0,0,55,0,0,01,9,5,550
D,763474835,1005,1616,0,-1528,236,0,0,55,0,0,01,9,5,550
D,763475831,996,1616,0,-1528,226,0,0,55,0,0,01,9,5,550
D,763476833,1002,1616,0,-1528,226,0,0,55,0,0,01,9,5,550
D,763477835,1002,1616,0,-1528,226,0,0,55,0,0,01,9,5,550
D,763478836,1001,1616,0,-1528,233,0,0,55,0,0,01,9,5,550
D,763479827,991,1616,0,-1528,226,0,0,55,0,0,01,9,5,550
D,763480919,1092,1616,0,-1528,310,0,0,55,0,0,01,9,5,550
D,763481974,1055,1616,0,-1528,370,0,0,55,0,0,01,9,5,550
D,763482891,917,1616,0,-1528,279,0,0,55,0,0,01,9,5,550
D,763483857,966,1616,0,-1528,255,0,0,55,0,0,01,9,5,550
D,763484861,1004,1616,0,-1528,251,0,0,55,0,0,01,9,5,550
D,763485861,1000,1616,0,-1528,255,0,0,55,0,0,01,9,5,550
D,763486859,998,1616,0,-1528,249,0,0,55,0,0,01,9,5,550
D,763487869,1010,1616,0,-1528,263,0,0,55,0,0,01,9,5,550
D,763488840,971,1616,0,-1528,239,0,0,55,0,0,01,9,5,550
D,763489870,1030,1616,0,-1528,259,0,0,55,0,0,01,9,5,550
D,763490857,987,1616,0,-1528,249,0,0,55,0,0,01,9,5,550
D,763491904,1047,1616,0,-1528,303,0,0,55,0,0,01,9,5,550
D,763492844,940,1616,0,-1528,231,0,0,55,0,0,01,9,5,550
D,763493837,993,1616,0,-1528,226,0,0,55,0,0,01,9,5,550
D,763494837,1000,1616,0,-1528,236,0,0,55,0,0,01,9,5,550
D,763495837,1000,1616,0,-1528,228,0,0,55,0,0,01,9,5,550
D,763496823,986,1616,0,-1528,226,0,0,55,0,0,01,9,5,550
D,763497826,1003,1616,0,-1528,227,0,0,55,0,0,01,9,5,550
D,763498839,1013,1616,0,-1528,234,0,0,55,0,0,01,9,5,550
D,763499831,992,1616,0,-1528,226,0,0,55,0,0,01,9,5,550
D,763500932,1101,1616,0,-1528,317,0,0,55,0,0,01,9,5,550
D,763501971,1039,1616,0,-1528,361,0,0,55,0,0,01,9,5,550
D,763502881,910,1616,0,-1528,277,0,0,55,0,0,01,9,5,550
D,763503875,994,1616,0,-1528,263,0,0,55,0,0,01,9,5,550
D,763504839,964,1616,0,-1528,239,0,0,55,0,0,01,9,5,550
D,763505860,1021,1616,0,-1528,256,0,0,55,0,0,01,9,5,550
D,763506854,994,1616,0,-1528,246,0,0,55,0,0,01,9,5,550
D,763507873,1019,1616,0,-1528,262,0,0,55,0,0,01,9,5,550
D,763508838,965,1616,0,-1528,237,0,0,55,0,0,01,9,5,550
D,763509859,1021,1616,0,-1528,260,0,0,55,0,0,01,9,5,550
D,763510849,990,1616,0,-1528,246,0,0,55,0,0,01,9,5,550
D,763511919,1070,1616,0,-1528,308,0,0,55,0,0,01,9,5,550
D,763512841,922,1617,1,-1529,229,0,-8,55,0,0,01,9,5,550
D,763513838,997,1616,-1,-1528,226,0,0,55,0,0,01,9,5,550
D,763514836,998,1616,0,-1528,235,0,0,55,0,0,01,9,5,550
D,763515836,1000,1616,0,-1528,228,0,0,55,0,0,01,9,5,550
D,763516823,987,1616,0,-1528,226,0,0,55,0,0,01,9,5,550
D,763517826,1003,1616,0,-1528,227,0,0,55,0,0,01,9,5,550
D,763518839,1013,1616,0,-1528,234,0,0,55,0,0,01,9,5,550
D,763519831,992,1616,0,-1528,226,0,0,55,0,0,01,9,5,550
D,763520917,1086,1616,0,-1528,318,0,0,55,0,0,01,9,5,550
D,763521985,1068,1616,0,-1528,366,0,0,55,0,0,01,9,5,550
D,763522885,900,1616,0,-1528,276,0,0,55,0,0,01,9,5,550
D,763523862,977,1616,0,-1528,261,0,0,55,0,0,01,9,5,550
D,763524856,994,1616,0,-1528,245,0,0,55,0,0,01,9,5,550
D,763525867,1011,1616,0,-1528,256,0,0,55,0,0,01,9,5,550
D,763526865,998,1616,0,-1528,253,0,0,55,0,0,01,9,5,550
D,763527870,1005,1616,0,-1528,262,0,0,55,0,0,01,9,5,550
D,763528844,974,1616,0,-1528,246,0,0,55,0,0,01,9,5,550
D,763529871,1027,1616,0,-1528,260,0,0,55,0,0,01,9,5,550
D,763530859,988,1616,0,-1528,253,0,0,55,0,0,01,9,5,550
D,763531915,1056,1616,0,-1528,310,0,0,55,0,0,01,9,5,550
D,763532839,924,1616,0,-1528,228,0,0,55,0,0,01,9,5,550
D,763533831,992,1616,0,-1528,226,0,0,55,0,0,01,9,5,550
D,763534831,1000,1616,0,-1528,234,0,0,55,0,0,01,9,5,550
D,763535830,999,1616,0,-1528,228,0,0,55,0,0,01,9,5,550
D,763536832,1002,1616,0,-1528,226,0,0,55,0,0,01,9,5,550
D,763537834,1002,1616,0,-1528,225,0,0,55,0,0,01,9,5,550
D,763538844,1010,1616,0,-1528,233,0,0,55,0,0,01,9,5,550
D,763539837,993,1616,0,-1528,226,0,0,55,0,0,01,9,5,550
D,763540931,1094,1616,0,-1528,316,0,0,55,0,0,01,9,5,550
D,763541968,1037,1616,0,-1528,362,0,0,55,0,0,01,9,5,550
D,763542878,910,1616,0,-1528,280,0,8,55,0,0,01,9,5,550
D,763543863,985,1616,0,-1528,262,0,0,55,0,0,01,9,5,550
D,763544849,986,1616,0,-1528,243,0,0,55,0,0,01,9,5,550
D,763545853,1004,1616,0,-1528,253,0,0,55,0,0,01,9,5,550
D,763546863,1010,1616,0,-1528,252,0,0,55,0,0,01,9,5,550
D,763547871,1008,1616,0,-1528,261,0,0,55,0,0,01,9,5,550
D,763548852,981,1616,0,-1528,241,0,0,55,0,0,01,9,5,550
D,763549860,1008,1616,0,-1528,256,0,0,55,0,0,01,9,5,550
D,763550857,997,1616,0,-1528,250,0,0,55,0,0,01,9,5,550
D,763551919,1062,1616,0,-1528,308,0,0,55,0,0,01,9,5,550
D,763552844,925,1616,0,-1528,232,0,0,55,0,0,01,9,5,550
D,763553837,993,1616,0,-1528,226,0,0,55,0,0,01,9,5,550
D,763554837,1000,1616,0,-1528,234,0,0,55,0,0,01,9,5,550
D,763555835,998,1616,0,-1528,228,0,0,55,0,0,01,9,5,550
D,763556823,988,1616,0,-1528,226,0,0,55,0,0,01,9,5,550
D,763557826,1003,1616,0,-1528,227,0,0,55,0,0,01,9,5,550
D,763558839,1013,1616,0,-1528,234,0,0,55,0,0,01,9,5,550
D,763559829,990,1616,0,-1528,226,0,0,55,0,0,01,9,5,550
D,763560928,1099,1616,0,-1528,314,0,0,55,0,0,01,9,5,550
D,763561976,1048,1616,0,-1528,372,0,0,55,0,0,01,9,5,550
D,763562882,906,1616,0,-1528,277,0,0,55,0,0,01,9,5,550
D,763563854,972,1616,0,-1528,256,0,0,55,0,0,01,9,5,550
D,763564860,1006,1616,0,-1528,252,0,0,55,0,0,01,9,5,550
D,763565849,989,1616,0,-1528,250,0,0,55,0,0,01,9,5,550
D,763566857,1008,1616,0,-1528,252,0,0,55,0,0,01,9,5,550
D,763567867,1010,1616,0,-1528,263,0,0,55,0,0,01,9,5,550
D,763568846,979,1616,0,-1528,237,0,0,55,0,0,01,9,5,550
D,763569866,1020,1616,0,-1528,256,0,0,55,0,0,01,9,5,550
D,763570858,992,1616,0,-1528,254,0,0,55,0,0,01,9,5,550
D,763571905,1047,1616,0,-1528,303,0,0,55,0,0,01,9,5,550
D,763572832,927,1616,0,-1528,231,0,0,55,0,0,01,9,5,550
D,763573829,997,1616,0,-1528,226,0,0,55,0,0,01,9,5,550
D,763574844,1015,1616,0,-1528,234,0,0,55,0,0,01,9,5,550
D,763575829,985,1616,0,-1528,229,0,0,55,0,0,01,9,5,550
D,763576832,1003,1616,0,-1528,228,0,0,55,0,0,01,9,5,550
D,763577833,1001,1616,0,-1528,226,0,0,55,0,0,01,9,5,550
D,763578844,1011,1616,0,-1528,233,0,0,55,0,0,01,9,5,550
D,763579837,993,1616,0,-1528,226,0,0,55,0,0,01,9,5,550
D,763580929,1092,1616,0,-1528,315,0,0,55,0,0,01,9,5,550
D,763581964,1035,1616,0,-1528,357,0,0,55,0,0,01,9,5,550
D,763582886,922,1616,0,-1528,277,0,0,55,0,0,01,9,5,550
D,763583857,971,1616,0,-1528,254,0,0,55,0,0,01,9,5,550
D,763584853,996,1616,0,-1528,248,0,0,55,0,0,01,9,5,550
D,763585861,1008,1616,0,-1528,254,0,0,55,0,0,01,9,5,550
D,763586860,999,1616,0,-1528,253,0,0,55,0,0,01,9,5,550
D,763587865,1005,1616,0,-1528,261,0,0,55,0,0,01,9,5,550
D,763588852,987,1616,0,-1528,254,0,0,55,0,0,01,9,5,550
D,763589862,1010,1616,0,-1528,254,0,0,55,0,0,01,9,5,550
D,763590860,998,1616,0,-1528,255,0,0,55,0,0,01,9,5,550
D,763591907,1047,1616,0,-1528,310,0,0,55,0,0,01,9,5,550
D,763592833,926,1616,0,-1528,229,0,0,55,0,0,01,9,5,550
D,763593829,996,1616,0,-1528,226,0,0,55,0,0,01,9,5,550
D,763594832,1003,1616,0,-1528,235,0,0,55,0,0,01,9,5,550
D,763595829,997,1616,0,-1528,228,0,0,55,0,0,01,9,5,550
D,763596831,1002,1616,0,-1528,227,0,0,55,0,0,01,9,5,550
D,763597833,1002,1616,0,-1528,227,0,0,55,0,0,01,9,5,550
D,763598845,1012,1616,0,-1528,233,0,0,55,0,0,01,9,5,550
D,763599838,993,1616,0,-1528,226,0,0,55,0,0,01,9,5,550
D,763600913,1075,1616,0,-1528,312,0,0,55,0,0,01,9,5,550
D,763601975,1062,1616,0,-1528,371,0,0,55,0,0,01,9,5,550
D,763602883,908,1616,0,-1528,279,0,0,55,0,0,01,9,5,550
D,763603855,972,1616,0,-1528,255,0,0,55,0,0,01,9,5,550
D,763604852,997,1616,0,-1528,249,0,0,55,0,0,01,9,5,550
D,763605865,1013,1616,0,-1528,252,0,0,55,0,0,01,9,5,550
D,763606848,983,1616,0,-1528,250,0,0,55,0,0,01,9,5,550
D,763607864,1016,1616,0,-1528,262,0,0,55,0,0,01,9,5,550
D,763608845,981,1616,0,-1528,237,0,0,55,0,0,01,9,5,550
D,763609856,1011,1616,0,-1528,259,0,0,55,0,0,01,9,5,550
D,763610850,994,1616,0,-1528,250,0,0,55,0,0,01,9,5,550
D,763611905,1055,1616,0,-1528,307,0,0,55,0,0,01,9,5,550
D,763612833,928,1616,0,-1528,231,0,0,55,0,0,01,9,5,550
D,763613827,994,1616,0,-1528,226,0,0,55,0,0,01,9,5,550
D,763614844,1017,1616,0,-1528,234,0,0,55,0,0,01,9,5,550
D,763615828,984,1616,0,-1528,229,0,0,55,0,0,01,9,5,550
D,763616829,1001,1616,0,-1528,226,0,0,55,0,0,01,9,5,550
D,763617831,1002,1616,0,-1528,227,0,0,55,0,0,01,9,5,550
D,763618840,1009,1616,0,-1528,233,0,0,55,0,0,01,9,5,550
D,763619834,994,1616,0,-1528,227,0,0,55,0,0,01,9,5,550
D,763620925,1091,1616,0,-1528,319,0,0,55,0,0,01,9,5,550
D,763621969,1044,1616,0,-1528,365,0,0,55,0,0,01,9,5,550
D,763622877,908,1616,0,-1528,275,0,0,55,0,0,01,9,5,550
D,763623869,992,1616,0,-1528,256,0,0,55,0,0,01,9,5,550
D,763624844,975,1616,0,-1528,246,0,0,55,0,0,01,9,5,550
D,763625862,1018,1616,0,-1528,256,0,0,55,0,0,01,9,5,550
D,763626856,994,1616,0,-1528,246,0,0,55,0,0,01,9,5,550
D,763627874,1018,1616,0,-1528,262,0,0,55,0,0,01,9,5,550
D,763628838,964,1616,0,-1528,236,0,0,55,0,0,01,9,5,550
D,763629859,1021,1616,0,-1528,260,0,0,55,0,0,01,9,5,550
D,763630855,996,1616,0,-1528,246,0,0,55,0,0,01,9,5,550
D,763631914,1059,1616,0,-1528,311,0,0,55,0,0,01,9,5,550
D,763632841,927,1616,0,-1528,229,0,0,55,0,0,01,9,5,550
D,763633836,995,1616,0,-1528,227,0,0,55,0,0,01,9,5,550
D,763634848,1012,1616,0,-1528,236,0,0,55,0,0,01,9,5,550
D,763635827,979,1616,0,-1528,225,0,0,55,0,0,01,9,5,550
D,763636826,999,1616,0,-1528,227,0,0,55,0,0,01,9,5,550
D,763637827,1001,1616,0,-1528,226,0,0,55,0,0,01,9,5,550
D,763638839,1012,1616,0,-1528,233,0,0,55,0,0,01,9,5,550
D,763639833,994,1616,0,-1528,227,0,0,55,0,0,01,9,5,550
D,763640927,1094,1616,0,-1528,314,0,0,55,0,0,01,9,5,550
D,763641964,1037,1616,0,-1528,364,0,0,55,0,0,01,9,5,550
D,763642892,928,1616,0,-1528,279,0,0,55,0,0,01,9,5,550
D,763643875,983,1616,0,-1528,264,0,0,55,0,0,01,9,5,550
D,763644840,965,1616,0,-1528,240,0,0,55,0,0,01,9,5,550
D,763645863,1023,1616,0,-1528,255,0,0,55,0,0,01,9,5,550
D,763646859,996,1616,0,-1528,248,0,0,55,0,0,01,9,5,550
D,763647866,1007,1616,0,-1528,263,0,0,55,0,0,01,9,5,550
D,763648843,977,1616,0,-1528,244,0,0,55,0,0,01,9,5,550
D,763649869,1026,1616,0,-1528,261,0,0,55,0,0,01,9,5,550
D,763650851,982,1616,0,-1528,247,0,0,55,0,0,01,9,5,550
D,763651918,1067,1616,0,-1528,306,0,0,55,0,0,01,9,5,550
D,763652826,908,1616,0,-1528,228,0,0,55,0,0,01,9,5,550
D,763653837,1011,1616,0,-1528,226,0,0,55,0,0,01,9,5,550
D,763654836,999,1616,0,-1528,235,0,0,55,0,0,01,9,5,550
D,763655837,1001,1616,0,-1528,228,0,0,55,0,0,01,9,5,550
D,763656825,988,1616,0,-1528,226,0,0,55,0,0,01,9,5,550
D,763657827,1002,1616,0,-1528,226,0,0,55,0,0,01,9,5,550
D,763658838,1011,1616,0,-1528,233,0,0,55,0,0,01,9,5,550
D,763659831,993,1616,0,-1528,226,0,0,55,0,0,01,9,5,550
D,763660929,1098,1616,0,-1528,317,0,0,55,0,0,01,9,5,550
D,763661978,1049,1616,0,-1528,366,0,0,55,0,0,01,9,5,550
D,763662878,900,1616,0,-1528,275,0,0,55,0,0,01,9,5,550
D,763663866,988,1616,0,-1528,263,0,0,55,0,0,01,9,5,550
D,763664857,991,1616,0,-1528,246,0,0,55,0,0,01,9,5,550
D,763665864,1007,1616,0,-1528,255,0,0,55,0,0,01,9,5,550
D,763666865,1001,1616,0,-1528,253,0,0,55,0,0,01,9,5,550
D,763667870,1005,1616,0,-1528,262,0,0,55,0,0,01,9,5,550
D,763668848,978,1616,0,-1528,247,0,0,55,0,0,01,9,5,550
D,763669861,1013,1616,0,-1528,260,0,0,55,0,0,01,9,5,550
D,763670862,1001,1616,0,-1528,253,0,0,55,0,0,01,9,5,550
D,763671910,1048,1616,0,-1528,311,0,0,55,0,0,01,9,5,550
D,763672836,926,1616,0,-1528,228,0,0,55,0,0,01,9,5,550
D,763673829,993,1616,0,-1528,226,0,0,55,0,0,01,9,5,550
D,763674848,1019,1616,0,-1528,236,0,0,55,0,0,01,9,5,550
D,763675827,979,1616,0,-1528,225,0,0,55,0,0,01,9,5,550
D,763676825,998,1616,0,-1528,226,0,0,55,0,0,01,9,5,550
D,763677827,1002,1616,0,-1528,226,0,0,55,0,0,01,9,5,550
D,763678839,1012,1616,0,-1528,234,0,0,55,0,0,01,9,5,550
D,763679829,990,1616,0,-1528,226,0,0,55,0,0,01,9,5,550
D,763680918,1089,1616,0,-1528,316,0,0,55,0,0,01,9,5,550
D,763681968,1050,1616,0,-1528,362,0,0,55,0,0,01,9,5,550
D,763682883,915,1616,0,-1528,278,0,0,55,0,0,01,9,5,550
D,763683866,983,1616,0,-1528,255,0,0,55,0,0,01,9,5,550
D,763684853,987,1616,0,-1528,245,0,0,55,0,0,01,9,5,550
D,763685858,1005,1616,0,-1528,255,0,0,55,0,0,01,9,5,550
D,763686855,997,1616,0,-1528,253,0,0,55,0,0,01,9,5,550
D,763687873,1018,1616,0,-1528,262,0,0,55,0,0,01,9,5,550
D,763688849,976,1616,0,-1528,246,0,0,55,0,0,01,9,5,550
D,763689856,1007,1616,0,-1528,257,0,0,55,0,0,01,9,5,550
D,763690853,997,1616,0,-1528,254,0,0,55,0,0,01,9,5,550
D,763691911,1058,1616,0,-1528,306,0,0,55,0,0,01,9,5,550
D,763692837,926,1616,0,-1528,229,0,0,55,0,0,01,9,5,550
D,763693830,993,1616,0,-1528,226,0,0,55,0,0,01,9,5,550
D,763694831,1001,1616,0,-1528,234,0,0,55,0,0,01,9,5,550
D,763695829,998,1616,0,-1528,228,0,0,55,0,0,01,9,5,550
D,763696831,1002,1616,0,-1528,226,0,0,55,0,0,01,9,5,550
D,763697833,1002,1616,0,-1528,226,0,0,55,0,0,01,9,5,550
D,763698844,1011,1616,0,-1528,233,0,0,55,0,0,01,9,5,550
D,763699837,993,1616,0,-1528,226,0,0,55,0,0,01,9,5,550
D,763700928,1091,1616,0,-1528,313,0,0,55,0,0,01,9,5,550
D,763701970,1042,1616,0,-1528,361,0,0,55,0,0,01,9,5,550
D,763702885,915,1616,0,-1528,276,0,0,55,0,0,01,9,5,550
D,763703862,977,1616,0,-1528,255,0,0,55,0,0,01,9,5,550
D,763704850,988,1616,0,-1528,245,0,0,55,0,0,01,9,5,550
D,763705855,1005,1616,0,-1528,253,0,0,55,0,0,01,9,5,550
D,763706863,1008,1616,0,-1528,254,0,0,55,0,0,01,9,5,550
D,763707864,1001,1616,0,-1528,262,0,0,55,0,0,01,9,5,550
D,763708857,993,1616,0,-1528,252,0,0,55,0,0,01,9,5,550
D,763709858,1001,1616,0,-1528,257,0,0,55,0,0,01,9,5,550
D,763710850,992,1616,0,-1528,253,0,0,55,0,0,01,9,5,550
D,763711914,1064,1616,0,-1528,312,0,0,55,0,0,01,9,5,550
D,763712840,926,1616,0,-1528,228,0,0,55,0,0,01,9,5,550
D,763713833,993,1616,0,-1528,226,0,0,55,0,0,01,9,5,550
D,763714846,1013,1616,0,-1528,234,0,0,55,0,0,01,9,5,550
D,763715826,980,1616,0,-1528,224,0,0,55,0,0,01,9,5,550
D,763716825,999,1616,0,-1528,226,0,0,55,0,0,01,9,5,550
D,763717827,1002,1616,0,-1528,226,0,0,55,0,0,01,9,5,550
D,763718838,1011,1616,0,-1528,233,0,0,55,0,0,01,9,5,550
D,763719831,993,1616,0,-1528,226,0,0,55,0,0,01,9,5,550
D,763720919,1088,1616,0,-1528,313,0,0,55,0,0,01,9,5,550
D,763721977,1058,1616,0,-1528,362,0,0,55,0,0,01,9,5,550
D,763722885,908,1616,0,-1528,278,0,0,55,0,0,01,9,5,550
D,763723860,975,1616,0,-1528,258,0,0,55,0,0,01,9,5,550
D,763724848,988,1616,0,-1528,245,0,0,55,0,0,01,9,5,550
D,763725854,1006,1616,0,-1528,254,0,0,55,0,0,01,9,5,550
D,763726853,999,1616,0,-1528,256,0,0,55,0,0,01,9,5,550
D,763727874,1021,1616,0,-1528,262,0,0,55,0,0,01,9,5,550
D,763728855,981,1616,0,-1528,250,0,0,55,0,0,01,9,5,550
D,763729865,1010,1616,0,-1528,254,0,0,55,0,0,01,9,5,550
D,763730851,986,1616,0,-1528,253,0,0,55,0,0,01,9,5,550
D,763731916,1065,1616,0,-1528,307,0,0,55,0,0,01,9,5,550
D,763732841,925,1616,0,-1528,229,0,0,55,0,0,01,9,5,550
D,763733834,993,1616,0,-1528,226,0,0,55,0,0,01,9,5,550
D,763734832,998,1616,0,-1528,234,0,0,55,0,0,01,9,5,550
D,763735831,999,1616,0,-1528,228,0,0,55,0,0,01,9,5,550
D,763736833,1002,1616,0,-1528,227,0,0,55,0,0,01,9,5,550
D,763737835,1002,1616,0,-1528,226,0,0,55,0,0,01,9,5,550
D,763738845,1010,1616,0,-1528,234,0,0,55,0,0,01,9,5,550
D,763739837,992,1616,0,-1528,226,0,0,55,0,0,01,9,5,550
D,763740927,1090,1616,0,-1528,318,0,0,55,0,0,01,9,5,550
D,763741983,1056,1616,0,-1528,360,0,0,55,0,0,01,9,5,550
D,763742889,906,1616,0,-1528,278,0,0,55,0,0,01,9,5,550
D,763743854,965,1616,0,-1528,252,0,0,55,0,0,01,9,5,550
D,763744854,1000,1616,0,-1528,248,0,0,55,0,0,01,9,5,550
D,763745860,1006,1616,0,-1528,254,0,0,55,0,0,01,9,5,550
D,763746859,999,1616,0,-1528,253,0,0,55,0,0,01,9,5,550
D,763747867,1008,1616,0,-1528,259,0,0,55,0,0,01,9,5,550
D,763748852,985,1616,0,-1528,252,0,0,55,0,0,01,9,5,550
D,763749861,1009,1616,0,-1528,254,0,0,55,0,0,01,9,5,550
D,763750860,999,1616,0,-1528,253,0,0,55,0,0,01,9,5,550
D,763751921,1061,1616,0,-1528,310,0,0,55,0,0,01,9,5,550
D,763752830,909,1616,0,-1528,229,0,0,55,0,0,01,9,5,550
D,763753826,996,1616,0,-1528,226,0,0,55,0,0,01,9,5,550
D,763754845,1019,1616,0,-1528,234,0,0,55,0,0,01,9,5,550
D,763755828,983,1616,0,-1528,229,0,0,55,0,0,01,9,5,550
D,763756829,1001,1616,0,-1528,226,0,0,55,0,0,01,9,5,550
D,763757831,1002,1616,0,-1528,226,0,0,55,0,0,01,9,5,550
D,763758841,1010,1616,0,-1528,233,0,0,55,0,0,01,9,5,550
D,763759833,992,1616,0,-1528,226,0,0,55,0,0,01,9,5,550
D,763760927,1094,1616,0,-1528,314,0,0,55,0,0,01,9,5,550
D,763761969,1042,1616,0,-1528,367,0,0,55,0,0,01,9,5,550
D,763762879,910,1616,0,-1528,282,0,0,55,0,0,01,9,5,550
D,763763854,975,1616,0,-1528,256,0,0,55,0,0,01,9,5,550
D,763764849,995,1616,0,-1528,252,0,0,55,0,0,01,9,5,550
D,763765854,1005,1616,0,-1528,255,0,0,55,0,0,01,9,5,550
D,763766860,1006,1616,0,-1528,249,0,0,55,0,0,01,9,5,550
D,763767865,1005,1616,0,-1528,261,0,0,55,0,0,01,9,5,550
D,763768854,989,1616,0,-1528,242,0,0,55,0,0,01,9,5,550
D,763769869,1015,1616,0,-1528,257,0,0,55,0,0,01,9,5,550
D,763770858,989,1616,0,-1528,249,0,0,55,0,0,01,9,5,550
D,763771902,1044,1616,0,-1528,302,0,0,55,0,0,01,9,5,550
D,763772828,926,1616,0,-1528,230,0,0,55,0,0,01,9,5,550
D,763773827,999,1616,0,-1528,228,0,0,55,0,0,01,9,5,550
D,763774832,1005,1616,0,-1528,235,0,0,55,0,0,01,9,5,550
D,763775830,998,1616,0,-1528,228,0,0,55,0,0,01,9,5,550
D,763776832,1002,1616,0,-1528,226,0,0,55,0,0,01,9,5,550
D,763777834,1002,1616,0,-1528,225,0,0,55,0,0,01,9,5,550
D,763778845,1011,1616,0,-1528,233,0,0,55,0,0,01,9,5,550
D,763779837,992,1616,0,-1528,226,0,0,55,0,0,01,9,5,550
D,763780927,1090,1616,0,-1528,312,0,0,55,0,0,01,9,5,550
D,763781973,1046,1616,0,-1528,361,0,0,55,0,0,01,9,5,550
D,763782889,916,1616,0,-1528,277,0,0,55,0,0,01,9,5,550
D,763783856,967,1616,0,-1528,253,0,0,55,0,0,01,9,5,550
D,763784849,993,1616,0,-1528,247,0,0,55,0,0,01,9,5,550
D,763785848,999,1616,0,-1528,251,0,0,55,0,0,01,9,5,550
D,763786851,1003,1616,0,-1528,254,0,0,55,0,0,01,9,5,550
D,763787873,1022,1616,0,-1528,262,0,0,55,0,0,01,9,5,550
D,763788844,971,1616,0,-1528,247,0,0,55,0,0,01,9,5,550
D,763789862,1018,1616,0,-1528,255,0,0,55,0,0,01,9,5,550
D,763790866,1004,1616,0,-1528,256,0,0,55,0,0,01,9,5,550
D,763791915,1049,1616,0,-1528,312,0,0,55,0,0,01,9,5,550
D,763792826,911,1616,0,-1528,229,0,0,55,0,0,01,9,5,550
D,763793836,1010,1616,0,-1528,226,0,0,55,0,0,01,9,5,550
D,763794836,1000,1616,0,-1528,236,0,0,55,0,0,01,9,5,550
D,763795835,999,1616,0,-1528,228,0,0,55,0,0,01,9,5,550
D,763796823,988,1616,0,-1528,226,0,0,55,0,0,01,9,5,550
D,763797826,1003,1616,0,-1528,227,0,0,55,0,0,01,9,5,550
D,763798839,1013,1616,0,-1528,234,0,0,55,0,0,01,9,5,550
D,763799829,990,1616,0,-1528,226,0,0,55,0,0,01,9,5,550
D,763800917,1088,1616,0,-1528,317,0,0,55,0,0,01,9,5,550
D,763801971,1054,1616,0,-1528,361,0,0,55,0,0,01,9,5,550
D,763802882,911,1616,0,-1528,278,0,0,55,0,0,01,9,5,550
D,763803864,982,1616,0,-1528,253,0,0,55,0,0,01,9,5,550
D,763804853,989,1616,0,-1528,245,0,0,55,0,0,01,9,5,550
D,763805856,1003,1616,0,-1528,254,0,0,55,0,0,01,9,5,550
D,763806859,1003,1616,0,-1528,256,0,0,55,0,0,01,9,5,550
D,763807864,1005,1616,0,-1528,262,0,0,55,0,0,01,9,5,550
D,763808862,998,1616,0,-1528,250,0,0,55,0,0,01,9,5,550
D,763809860,998,1616,0,-1528,255,0,0,55,0,0,01,9,5,550
D,763810866,1006,1616,0,-1528,256,0,0,55,0,0,01,9,5,550
D,763811916,1050,1616,0,-1528,308,0,0,55,0,0,01,9,5,550
D,763812827,911,1616,0,-1528,229,0,0,55,0,0,01,9,5,550
D,763813836,1009,1616,0,-1528,226,0,0,55,0,0,01,9,5,550
D,763814834,998,1616,0,-1528,234,0,0,55,0,0,01,9,5,550
D,763815833,999,1616,0,-1528,229,0,0,55,0,0,01,9,5,550
D,763816835,1002,1616,0,-1528,226,0,0,55,0,0,01,9,5,550
D,763817823,988,1616,0,-1528,226,0,0,55,0,0,01,9,5,550
D,763818839,1016,1616,0,-1528,234,0,0,55,0,0,01,9,5,550
D,763819829,990,1616,0,-1528,226,0,0,55,0,0,01,9,5,550
D,763820917,1088,1616,0,-1528,317,0,0,55,0,0,01,9,5,550
D,763821975,1058,1616,0,-1528,362,0,0,55,0,0,01,9,5,550
D,763822881,906,1616,0,-1528,275,0,0,55,0,0,01,9,5,550
D,763823854,973,1616,0,-1528,255,0,0,55,0,0,01,9,5,550
D,763824849,995,1616,0,-1528,248,0,0,55,0,0,01,9,5,550
D,763825864,1015,1616,0,-1528,256,0,0,55,0,0,01,9,5,550
D,763826850,986,1616,0,-1528,253,0,0,55,0,0,01,9,5,550
D,763827872,1022,1616,0,-1528,262,0,0,55,0,0,01,9,5,550
D,763828850,978,1616,0,-1528,249,0,0,55,0,0,01,9,5,550
D,763829862,1012,1616,0,-1528,257,0,0,55,0,0,01,9,5,550
D,763830859,997,1616,0,-1528,254,0,0,55,0,0,01,9,5,550
D,763831920,1061,1616,0,-1528,310,0,0,55,0,0,01,9,5,550
D,763832829,909,1616,0,-1528,229,0,0,55,0,0,01,9,5,550
D,763833825,996,1616,0,-1528,226,0,0,55,0,0,01,9,5,550
D,763834839,1014,1616,0,-1528,235,0,0,55,0,0,01,9,5,550
D,763835837,998,1616,0,-1528,229,0,0,55,0,0,01,9,5,550
D,763836839,1002,1616,0,-1528,227,0,0,55,0,0,01,9,5,550
D,763837825,986,1616,0,-1528,226,0,0,55,0,0,01,9,5,550
D,763838838,1013,1616,0,-1528,233,0,0,55,0,0,01,9,5,550
D,763839829,991,1616,0,-1528,226,0,0,55,0,0,01,9,5,550
D,763840914,1085,1616,0,-1528,310,0,0,55,0,0,01,9,5,550
D,763841986,1072,1616,0,-1528,368,0,0,55,0,0,01,9,5,550
D,763842851,865,1616,0,-1528,249,0,0,55,0,0,01,9,5,550
D,763843880,1029,1616,0,-1528,268,0,0,55,0,0,01,9,5,550
D,763844847,967,1616,0,-1528,241,0,0,55,0,0,01,9,5,550
D,763845852,1005,1616,0,-1528,253,0,0,55,0,0,01,9,5,550
D,763846860,1008,1616,0,-1528,252,0,0,55,0,0,01,9,5,550
D,763847846,986,1616,0,-1528,249,0,0,55,0,0,01,9,5,550
D,763848857,1011,1616,0,-1528,256,0,0,55,0,0,01,9,5,550
D,763849858,1001,1616,0,-1528,249,0,0,55,0,0,01,9,5,550
D,763850847,989,1616,0,-1528,249,0,0,55,0,0,01,9,5,550
D,763851894,1047,1616,0,-1528,291,0,0,55,0,0,01,9,5,550
D,763852829,935,1616,0,-1528,227,0,0,55,0,0,01,9,5,550
D,763853825,996,1616,0,-1528,226,0,0,55,0,0,01,9,5,550
D,763854847,1022,1616,0,-1528,235,0,0,55,0,0,01,9,5,550
D,763855824,977,1616,0,-1528,226,0,0,55,0,0,01,9,5,550
D,763856825,1001,1616,0,-1528,226,0,0,55,0,0,01,9,5,550
D,763857827,1002,1616,0,-1528,227,0,0,55,0,0,01,9,5,550
D,763858841,1014,1616,0,-1528,233,0,0,55,0,0,01,9,5,550
D,763859831,990,1616,0,-1528,226,0,0,55,0,0,01,9,5,550
D,763860922,1091,1616,0,-1528,318,0,0,55,0,0,01,9,5,550
D,763861986,1064,1616,0,-1528,359,0,0,55,0,0,01,9,5,550
D,763862840,854,1616,0,-1528,241,0,0,55,0,0,01,9,5,550
D,763863878,1038,1616,0,-1528,275,0,0,55,0,0,01,9,5,550
D,763864838,960,1616,0,-1528,238,0,0,55,0,0,01,9,5,550
D,763865860,1022,1616,0,-1528,258,0,0,55,0,0,01,9,5,550
D,763866860,1000,1616,0,-1528,256,0,0,55,0,0,01,9,5,550
D,763867848,988,1616,0,-1528,245,0,0,55,0,0,01,9,5,550
D,763868868,1020,1616,0,-1528,262,0,0,55,0,0,01,9,5,550
D,763869849,981,1616,0,-1528,238,0,0,55,0,0,01,9,5,550
D,763870860,1011,1616,0,-1528,262,0,0,55,0,0,01,9,5,550
D,763871908,1048,1616,0,-1528,303,0,0,55,0,0,01,9,5,550
D,763872823,915,1616,0,-1528,223,0,0,55,0,0,01,9,5,550
D,763873830,1007,1616,0,-1528,226,0,0,55,0,0,01,9,5,550
D,763874833,1003,1616,0,-1528,236,0,0,55,0,0,01,9,5,550
D,763875828,995,1616,0,-1528,227,0,0,55,0,0,01,9,5,550
D,763876829,1001,1616,0,-1528,227,0,0,55,0,0,01,9,5,550
D,763877829,1000,1616,0,-1528,226,0,0,55,0,0,01,9,5,550
D,763878838,1009,1616,0,-1528,233,0,0,55,0,0,01,9,5,550
D,763879830,992,1616,0,-1528,226,0,0,55,0,0,01,9,5,550
D,763880944,1114,1616,0,-1528,329,0,0,55,0,0,01,9,5,550
D,763881987,1043,1616,0,-1528,365,0,0,55,0,0,01,9,5,550
D,763882856,869,1616,0,-1528,248,0,0,55,0,0,01,9,5,550
D,763883867,1011,1616,0,-1528,270,0,0,55,0,0,01,9,5,550
D,763884842,975,1616,0,-1528,243,0,0,55,0,0,01,9,5,550
D,763885858,1016,1616,0,-1528,253,0,0,55,0,0,01,9,5,550
D,763886857,999,1616,0,-1528,255,0,0,55,0,0,01,9,5,550
D,763887853,996,1616,0,-1528,255,0,0,55,0,0,01,9,5,550
D,763888852,999,1616,0,-1528,252,0,0,55,0,0,01,9,5,550
D,763889861,1009,1616,0,-1528,252,0,0,55,0,0,01,9,5,550
D,763890852,991,1616,0,-1528,251,0,0,55,0,0,01,9,5,550
D,763891906,1054,1616,0,-1528,302,0,0,55,0,0,01,9,5,550
D,763892822,916,1616,0,-1528,224,0,0,55,0,0,01,9,5,550
D,763893829,1007,1616,0,-1528,227,0,0,55,0,0,01,9,5,550
D,763894833,1004,1616,0,-1528,235,0,0,55,0,0,01,9,5,550
D,763895826,993,1616,0,-1528,226,0,0,55,0,0,01,9,5,550
D,763896827,1001,1616,0,-1528,226,0,0,55,0,0,01,9,5,550
D,763897828,1001,1616,0,-1528,226,0,0,55,0,0,01,9,5,550
D,763898840,1012,1616,0,-1528,234,0,0,55,0,0,01,9,5,550
D,763899830,990,1616,0,-1528,226,0,0,55,0,0,01,9,5,550
D,763900916,1086,1616,0,-1528,317,0,0,55,0,0,01,9,5,550
D,763901965,1049,1616,0,-1528,362,0,0,55,0,0,01,9,5,550
D,763902846,881,1616,0,-1528,249,0,0,55,0,0,01,9,5,550
D,763903870,1024,1616,0,-1528,266,0,0,55,0,0,01,9,5,550
D,763904837,967,1616,0,-1528,240,0,0,55,0,0,01,9,5,550
D,763905853,1016,1616,0,-1528,255,0,0,55,0,0,01,9,5,550
D,763906858,1005,1616,0,-1528,254,0,0,55,0,0,01,9,5,550
D,763907851,993,1616,0,-1528,242,0,0,55,0,0,01,9,5,550
D,763908863,1012,1616,0,-1528,258,0,0,55,0,0,01,9,5,550
D,763909851,988,1616,0,-1528,247,0,0,55,0,0,01,9,5,550
D,763910874,1023,1616,0,-1528,265,0,0,55,0,0,01,9,5,550
D,763911906,1032,1616,0,-1528,295,0,0,55,0,0,01,9,5,550
D,763912836,930,1616,0,-1528,226,0,0,55,0,0,01,9,5,550
D,763913832,996,1616,0,-1528,226,0,0,55,0,0,01,9,5,550
D,763914847,1015,1616,0,-1528,235,0,0,55,0,0,01,9,5,550
D,763915825,978,1616,0,-1528,226,0,0,55,0,0,01,9,5,550
D,763916826,1001,1616,0,-1528,226,0,0,55,0,0,01,9,5,550
D,763917827,1001,1616,0,-1528,226,0,0,55,0,0,01,9,5,550
D,763918839,1012,1616,0,-1528,233,0,0,55,0,0,01,9,5,550
D,763919832,993,1616,0,-1528,226,0,0,55,0,0,01,9,5,550
D,763920914,1082,1616,0,-1528,316,0,0,55,0,0,01,9,5,550
D,763921976,1062,1616,0,-1528,366,0,0,55,0,0,01,9,5,550
D,763922855,879,1616,0,-1528,251,0,0,55,0,0,01,9,5,550
D,763923865,1010,1616,0,-1528,263,0,0,55,0,0,01,9,5,550
D,763924852,987,1616,0,-1528,241,0,0,55,0,0,01,9,5,550
D,763925861,1009,1616,0,-1528,250,0,0,55,0,0,01,9,5,550
D,763926863,1002,1616,0,-1528,258,0,0,55,0,0,01,9,5,550
D,763927841,978,1616,0,-1528,241,0,0,55,0,0,01,9,5,550
D,763928866,1025,1616,0,-1528,258,0,0,55,0,0,01,9,5,550
D,763929848,982,1616,0,-1528,242,0,0,55,0,0,01,9,5,550
D,763930856,1008,1616,0,-1528,257,0,0,55,0,0,01,9,5,550
D,763931892,1036,1616,0,-1528,291,0,0,55,0,0,01,9,5,550
D,763932835,943,1616,0,-1528,228,0,0,55,0,0,01,9,5,550
D,763933826,991,1616,0,-1528,226,0,0,55,0,0,01,9,5,550
D,763934839,1013,1616,0,-1528,235,0,0,55,0,0,01,9,5,550
D,763935834,995,1616,0,-1528,226,0,0,55,0,0,01,9,5,550
D,763936836,1002,1616,0,-1528,227,0,0,55,0,0,01,9,5,550
D,763937838,1002,1616,0,-1528,226,0,0,55,0,0,01,9,5,550
D,763938838,1000,1616,0,-1528,233,0,0,55,0,0,01,9,5,550
D,763939830,992,1616,0,-1528,226,0,0,55,0,0,01,9,5,550
D,763940920,1090,1616,0,-1528,318,0,0,55,0,0,01,9,5,550
D,763941986,1066,1616,0,-1528,374,0,0,55,0,0,01,9,5,550
D,763942854,868,1616,0,-1528,247,0,0,55,0,0,01,9,5,550
D,763943879,1025,1616,0,-1528,269,0,0,55,0,0,01,9,5,550
D,763944837,958,1616,0,-1528,241,0,0,55,0,0,01,9,5,550
D,763945865,1028,1616,0,-1528,256,0,0,55,0,0,01,9,5,550
D,763946862,997,1616,0,-1528,253,0,0,55,0,0,01,9,5,550
D,763947854,992,1616,0,-1528,249,0,0,55,0,0,01,9,5,550
D,763948856,1002,1616,0,-1528,257,0,0,55,0,0,01,9,5,550
D,763949860,1004,1616,0,-1528,250,0,0,55,0,0,01,9,5,550
D,763950859,999,1616,0,-1528,256,0,0,55,0,0,01,9,5,550
D,763951910,1051,1616,0,-1528,296,0,0,55,0,0,01,9,5,550
D,763952827,917,1616,0,-1528,227,0,0,55,0,0,01,9,5,550
D,763953835,1008,1616,0,-1528,227,0,0,55,0,0,01,9,5,550
D,763954839,1004,1616,0,-1528,235,0,0,55,0,0,01,9,5,550
D,763955835,996,1616,0,-1528,226,0,0,55,0,0,01,9,5,550
D,763956838,1003,1616,0,-1528,226,0,0,55,0,0,01,9,5,550
D,763957825,987,1616,0,-1528,226,0,0,55,0,0,01,9,5,550
D,763958838,1013,1616,0,-1528,233,0,0,55,0,0,01,9,5,550
D,763959830,992,1616,0,-1528,226,0,0,55,0,0,01,9,5,550
D,763960915,1085,1616,0,-1528,316,0,0,55,0,0,01,9,5,550
D,763961967,1052,1616,0,-1528,366,0,0,55,0,0,01,9,5,550
D,763962849,882,1616,0,-1528,248,0,0,55,0,0,01,9,5,550
D,763963873,1024,1616,0,-1528,265,0,0,55,0,0,01,9,5,550
D,763964840,967,1616,0,-1528,241,0,0,55,0,0,01,9,5,550
D,763965850,1010,1616,0,-1528,252,0,0,55,0,0,01,9,5,550
D,763966864,1014,1616,0,-1528,254,0,0,55,0,0,01,9,5,550
D,763967843,979,1616,0,-1528,243,0,0,55,0,0,01,9,5,550
D,763968870,1027,1616,0,-1528,257,0,0,55,0,0,01,9,5,550
D,763969846,976,1616,0,-1528,239,0,0,55,0,0,01,9,5,550
D,763970877,1031,1616,0,-1528,265,0,0,55,0,0,01,9,5,550
D,763971898,1021,1616,0,-1528,297,0,0,55,0,0,01,9,5,550
D,763972837,939,1616,0,-1528,225,0,0,55,0,0,01,9,5,550
D,763973827,990,1616,0,-1528,226,0,0,55,0,0,01,9,5,550
D,763974844,1017,1616,0,-1528,235,0,0,55,0,0,01,9,5,550
D,763975824,980,1616,0,-1528,227,0,0,55,0,0,01,9,5,550
D,763976825,1001,1616,0,-1528,226,0,0,55,0,0,01,9,5,550
D,763977826,1001,1616,0,-1528,226,0,0,55,0,0,01,9,5,550
D,763978838,1012,1616,0,-1528,233,0,0,55,0,0,01,9,5,550
D,763979831,993,1616,0,-1528,227,0,0,55,0,0,01,9,5,550
D,763980920,1089,1616,0,-1528,317,0,0,55,0,0,01,9,5,550
D,763981975,1055,1616,0,-1528,357,0,0,55,0,0,01,9,5,550
D,763982854,879,1616,0,-1528,250,0,0,55,0,0,01,9,5,550
D,763983880,1026,1616,0,-1528,267,0,0,55,0,0,01,9,5,550
D,763984850,970,1616,0,-1528,239,0,0,55,0,0,01,9,5,550
D,763985857,1007,1616,0,-1528,251,0,0,55,0,0,01,9,5,550
D,763986862,1005,1616,0,-1528,255,0,0,55,0,0,01,9,5,550
D,763987853,991,1616,0,-1528,246,0,0,55,0,0,01,9,5,550
D,763988868,1015,1616,0,-1528,258,0,0,55,0,0,01,9,5,550
D,763989851,983,1616,0,-1528,242,0,0,55,0,0,01,9,5,550
D,763990873,1022,1616,0,-1528,261,0,0,55,0,0,01,9,5,550
D,763991904,1031,1616,0,-1528,297,0,0,55,0,0,01,9,5,550
D,763992825,921,1616,0,-1528,227,0,0,55,0,0,01,9,5,550
D,763993834,1009,1616,0,-1528,226,0,0,55,0,0,01,9,5,550
D,763994845,1011,1616,0,-1528,233,0,0,55,0,0,01,9,5,550
D,763995826,981,1616,0,-1528,228,0,0,55,0,0,01,9,5,550
D,763996828,1002,1616,0,-1528,226,0,0,55,0,0,01,9,5,550
D,763997829,1001,1616,0,-1528,226,0,0,55,0,0,01,9,5,550
D,763998838,1009,1616,0,-1528,233,0,0,55,0,0,01,9,5,550
D,763999831,993,1616,0,-1528,227,0,0,55,0,0,01,9,5,550
D,764000935,1104,1616,0,-1528,322,0,0,55,0,0,01,9,5,550
D,764001980,1045,1616,0,-1528,369,0,0,55,0,0,01,9,5,550
D,764002855,875,1616,0,-1528,250,0,0,55,0,0,01,9,5,550
D,764003876,1021,1616,0,-1528,269,0,0,55,0,0,01,9,5,550
D,764004845,969,1616,0,-1528,241,0,0,55,0,0,01,9,5,550
D,764005855,1010,1616,0,-1528,253,0,0,55,0,0,01,9,5,550
D,764006855,1000,1616,0,-1528,256,0,0,55,0,0,01,9,5,550
D,764007862,1007,1616,0,-1528,252,0,0,55,0,0,01,9,5,550
D,764008865,1003,1616,0,-1528,254,0,0,55,0,0,01,9,5,550
D,764009853,988,1616,0,-1528,248,0,0,55,0,0,01,9,5,550
D,764010864,1011,1616,0,-1528,256,0,0,55,0,0,01,9,5,550
D,764011899,1035,1616,0,-1528,299,0,0,55,0,0,01,9,5,550
D,764012834,935,1616,0,-1528,225,0,0,55,0,0,01,9,5,550
D,764013825,991,1616,0,-1528,226,0,0,55,0,0,01,9,5,550
D,764014846,1021,1616,0,-1528,235,0,0,55,0,0,01,9,5,550
D,764015825,979,1616,0,-1528,226,0,0,55,0,0,01,9,5,550
D,764016827,1002,1616,0,-1528,227,0,0,55,0,0,01,9,5,550
D,764017827,1000,1616,0,-1528,226,0,0,55,0,0,01,9,5,550
D,764018839,1012,1616,0,-1528,234,0,0,55,0,0,01,9,5,550
D,764019831,992,1616,0,-1528,227,0,0,55,0,0,01,9,5,550
D,764020936,1105,1616,0,-1528,325,0,0,55,0,0,01,9,5,550
D,764021985,1049,1616,0,-1528,371,0,0,55,0,0,01,9,5,550
D,764022852,867,1616,0,-1528,247,0,0,55,0,0,01,9,5,550
D,764023871,1019,1616,0,-1528,267,0,0,55,0,0,01,9,5,550
D,764024843,972,1616,0,-1528,240,0,0,55,0,0,01,9,5,550
D,764025852,1009,1616,0,-1528,253,0,0,55,0,0,01,9,5,550
D,764026867,1015,1616,0,-1528,257,0,0,55,0,0,01,9,5,550
D,764027848,981,1616,0,-1528,244,0,0,55,0,0,01,9,5,550
D,764028856,1008,1616,0,-1528,256,0,0,55,0,0,01,9,5,550
D,764029847,991,1616,0,-1528,250,0,0,55,0,0,01,9,5,550
D,764030863,1016,1616,0,-1528,254,0,0,55,0,0,01,9,5,550
D,764031898,1035,1616,0,-1528,298,0,0,55,0,0,01,9,5,550
D,764032831,933,1616,0,-1528,226,0,0,55,0,0,01,9,5,550
D,764033827,996,1616,0,-1528,226,0,0,55,0,0,01,9,5,550
D,764034845,1018,1616,0,-1528,235,0,0,55,0,0,01,9,5,550
D,764035824,979,1616,0,-1528,226,0,0,55,0,0,01,9,5,550
D,764036825,1001,1616,0,-1528,226,0,0,55,0,0,01,9,5,550
D,764037826,1001,1616,0,-1528,226,0,0,55,0,0,01,9,5,550
D,764038838,1012,1616,0,-1528,233,0,0,55,0,0,01,9,5,550
D,764039830,992,1616,0,-1528,226,0,0,55,0,0,01,9,5,550
D,764040918,1088,1616,0,-1528,314,0,0,55,0,0,01,9,5,550
D,764041971,1053,1616,0,-1528,360,0,0,55,0,0,01,9,5,550
D,764042858,887,1616,0,-1528,249,0,0,55,0,0,01,9,5,550
D,764043871,1013,1616,0,-1528,265,0,0,55,0,0,01,9,5,550
D,764044839,968,1616,0,-1528,240,0,0,55,0,0,01,9,5,550
D,764045854,1015,1616,0,-1528,253,0,0,55,0,0,01,9,5,550
D,764046866,1012,1616,0,-1528,254,0,0,55,0,0,01,9,5,550
D,764047852,986,1616,0,-1528,245,0,0,55,0,0,01,9,5,550
D,764048862,1010,1616,0,-1528,258,0,0,55,0,0,01,9,5,550
D,764049854,992,1616,0,-1528,246,0,0,55,0,0,01,9,5,550
D,764050874,1020,1616,0,-1528,265,0,0,55,0,0,01,9,5,550
D,764051899,1025,1616,0,-1528,293,0,0,55,0,0,01,9,5,550
D,764052841,942,1616,0,-1528,229,0,0,55,0,0,01,9,5,550
D,764053831,990,1616,0,-1528,226,0,0,55,0,0,01,9,5,550
D,764054847,1016,1616,0,-1528,236,0,0,55,0,0,01,9,5,550
D,764055824,977,1616,0,-1528,226,0,0,55,0,0,01,9,5,550
D,764056825,1001,1616,0,-1528,226,0,0,55,0,0,01,9,5,550
D,764057827,1002,1616,0,-1528,227,0,0,55,0,0,01,9,5,550
D,764058839,1012,1616,0,-1528,233,0,0,55,0,0,01,9,5,550
D,764059831,992,1616,0,-1528,226,0,0,55,0,0,01,9,5,550
D,764060937,1106,1616,0,-1528,323,0,0,55,0,0,01,9,5,550
D,764061984,1047,1616,0,-1528,370,0,0,55,0,0,01,9,5,550
D,764062851,867,1616,0,-1528,249,0,0,55,0,0,01,9,5,550
D,764063876,1025,1616,0,-1528,269,0,0,55,0,0,01,9,5,550
D,764064846,970,1616,0,-1528,240,0,0,55,0,0,01,9,5,550
D,764065853,1007,1616,0,-1528,253,0,0,55,0,0,01,9,5,550
D,764066857,1004,1616,0,-1528,254,0,0,55,0,0,01,9,5,550
D,764067853,996,1616,0,-1528,253,0,0,55,0,0,01,9,5,550
D,764068853,1000,1616,0,-1528,256,0,0,55,0,0,01,9,5,550
D,764069848,995,1616,0,-1528,251,0,0,55,0,0,01,9,5,550
D,764070862,1014,1616,0,-1528,254,0,0,55,0,0,01,9,5,550
D,764071898,1036,1616,0,-1528,297,0,0,55,0,0,01,9,5,550
D,764072833,935,1616,0,-1528,227,0,0,55,0,0,01,9,5,550
D,764073827,994,1616,0,-1528,226,0,0,55,0,0,01,9,5,550
D,764074845,1018,1616,0,-1528,235,0,0,55,0,0,01,9,5,550
D,764075824,979,1616,0,-1528,226,0,0,55,0,0,01,9,5,550
D,764076825,1001,1616,0,-1528,226,0,0,55,0,0,01,9,5,550
D,764077826,1001,1616,0,-1528,226,0,0,55,0,0,01,9,5,550
D,764078839,1013,1616,0,-1528,234,0,0,55,0,0,01,9,5,550
D,764079830,991,1616,0,-1528,226,0,0,55,0,0,01,9,5,550
D,764080934,1104,1616,0,-1528,323,0,0,55,0,0,01,9,5,550
D,764081970,1036,1616,0,-1528,368,0,0,55,0,0,01,9,5,550
D,764082852,882,1616,0,-1528,249,0,0,55,0,0,01,9,5,550
D,764083864,1012,1616,0,-1528,265,0,0,55,0,0,01,9,5,550
D,764084854,990,1616,0,-1528,245,0,0,55,0,0,01,9,5,550
D,764085857,1003,1616,0,-1528,250,0,0,55,0,0,01,9,5,550
D,764086865,1008,1616,0,-1528,258,0,0,55,0,0,01,9,5,550
D,764087851,986,1616,0,-1528,245,0,0,55,0,0,01,9,5,550
D,764088858,1007,1616,0,-1528,256,0,0,55,0,0,01,9,5,550
D,764089852,994,1616,0,-1528,251,0,0,55,0,0,01,9,5,550
D,764090870,1018,1616,0,-1528,259,0,0,55,0,0,01,9,5,550
D,764091906,1036,1616,0,-1528,300,0,0,55,0,0,01,9,5,550
D,764092822,916,1616,0,-1528,224,0,0,55,0,0,01,9,5,550
D,764093831,1009,1616,0,-1528,227,0,0,55,0,0,01,9,5,550
D,764094847,1016,1616,0,-1528,235,0,0,55,0,0,01,9,5,550
D,764095825,978,1616,0,-1528,226,0,0,55,0,0,01,9,5,550
D,764096826,1001,1616,0,-1528,226,0,0,55,0,0,01,9,5,550
D,764097827,1001,1616,0,-1528,226,0,0,55,0,0,01,9,5,550
D,764098839,1012,1616,0,-1528,233,0,0,55,0,0,01,9,5,550
D,764099832,993,1616,0,-1528,226,0,0,55,0,0,01,9,5,550
D,764100920,1088,1616,0,-1528,318,0,0,55,0,0,01,9,5,550
D,764101986,1066,1616,0,-1528,362,0,0,55,0,0,01,9,5,550
D,764102855,869,1616,0,-1528,244,0,0,55,0,0,01,9,5,550
D,764103877,1022,1616,0,-1528,273,0,0,55,0,0,01,9,5,550
D,764104846,969,1616,0,-1528,239,0,0,55,0,0,01,9,5,550
D,764105861,1015,1616,0,-1528,256,0,0,55,0,0,01,9,5,550
D,764106860,999,1616,0,-1528,256,0,0,55,0,0,01,9,5,550
D,764107852,992,1616,0,-1528,251,0,0,55,0,0,01,9,5,550
D,764108854,1002,1616,0,-1528,256,0,0,55,0,0,01,9,5,550
D,764109860,1006,1616,0,-1528,248,0,0,55,0,0,01,9,5,550
D,764110867,1007,1616,0,-1528,256,0,0,55,0,0,01,9,5,550
D,764111911,1044,1616,0,-1528,302,0,0,55,0,0,01,9,5,550
D,764112830,919,1616,0,-1528,225,0,0,55,0,0,01,9,5,550
D,764113839,1009,1616,0,-1528,227,0,0,55,0,0,01,9,5,550
D,764114840,1001,1616,0,-1528,236,0,0,55,0,0,01,9,5,550
D,764115836,996,1616,0,-1528,226,0,0,55,0,0,01,9,5,550
D,764116838,1002,1616,0,-1528,226,0,0,55,0,0,01,9,5,550
D,764117825,987,1616,0,-1528,226,0,0,55,0,0,01,9,5,550
D,764118840,1015,1616,0,-1528,233,0,0,55,0,0,01,9,5,550
D,764119831,991,1616,0,-1528,226,0,0,55,0,0,01,9,5,550
D,764120923,1092,1616,0,-1528,322,0,0,55,0,0,01,9,5,550
D,764121993,1070,1616,0,-1528,370,0,0,55,0,0,01,9,5,550
D,764122863,870,1616,0,-1528,251,0,0,55,0,0,01,9,5,550
D,764123872,1009,1616,0,-1528,270,0,0,55,0,0,01,9,5,550
D,764124843,971,1616,0,-1528,241,0,0,55,0,0,01,9,5,550
D,764125853,1010,1616,0,-1528,253,0,0,55,0,0,01,9,5,550
D,764126869,1016,1616,0,-1528,257,0,0,55,0,0,01,9,5,550
D,764127853,984,1616,0,-1528,246,0,0,55,0,0,01,9,5,550
D,764128859,1006,1616,0,-1528,256,0,0,55,0,0,01,9,5,550
D,764129852,993,1616,0,-1528,251,0,0,55,0,0,01,9,5,550
D,764130854,1002,1616,0,-1528,256,0,0,55,0,0,01,9,5,550
# DIAG n=2304 wrapped=1 frozen=0

[HOST 2026-09-18T13:48:00.638] TX s

[HOST 2026-09-18T13:48:00.638] TX d
# state=IDLE_STOPPED fault=NONE angle=224.38 wedge=7 omega=0.0000 natStop=0.0 pos=FRESH vel=VALID age_us=382 dirCal=1(sign -1) tmc=1 takeover=1 rawZero=88 stage=0 cmd=0.000
# DIAG armed: RAM-only 1 kHz capture; dumps after true stop or fault.
MANUAL-ADJUST travel=+0.6deg durMs=91 wedge=7 (no spin, no motor)
# DIAG columns: done_us,dt_good_us,raw,delta,counts,i2c_us,omega_mrev,window_mrev,cmd_mrev,fas_mrev,remain_ddeg,flags_hex,state,stage,current_ma
D,969168448,1002,1632,0,-1544,247,0,0,0,0,0,01,0,0,0
D,969169437,989,1632,0,-1544,240,0,0,0,0,0,01,0,0,0
D,969170449,1012,1632,0,-1544,254,0,0,0,0,0,01,0,0,0
D,969171461,1012,1632,0,-1544,262,0,0,0,0,0,01,0,0,0
D,969172472,1011,1632,0,-1544,277,0,0,0,0,0,01,0,0,0
D,969173429,957,1632,0,-1544,230,0,0,0,0,0,01,0,0,0
D,969174422,993,1632,0,-1544,226,0,0,0,0,0,01,0,0,0
D,969175420,998,1632,0,-1544,221,0,0,0,0,0,01,0,0,0
D,969176414,994,1632,0,-1544,221,0,0,0,0,0,01,0,0,0
D,969177421,1007,1632,0,-1544,222,0,0,0,0,0,01,0,0,0
D,969178419,998,1632,0,-1544,222,0,0,0,0,0,01,0,0,0
D,969179414,995,1632,0,-1544,221,0,0,0,0,0,01,0,0,0
D,969180471,1057,1632,0,-1544,271,0,0,0,0,0,01,0,0,0
D,969181552,1081,1632,0,-1544,352,0,0,0,0,0,01,0,0,0
D,969182539,987,1632,0,-1544,344,0,0,0,0,0,01,0,0,0
D,969183445,906,1632,0,-1544,256,0,0,0,0,0,01,0,0,0
D,969184444,999,1632,0,-1544,244,0,0,0,0,0,01,0,0,0
D,969185440,996,1632,0,-1544,248,0,0,0,0,0,01,0,0,0
D,969186445,1005,1632,0,-1544,254,0,0,0,0,0,01,0,0,0
D,969187441,996,1632,0,-1544,244,0,0,0,0,0,01,0,0,0
D,969188447,1006,1632,0,-1544,246,0,0,0,0,0,01,0,0,0
D,969189441,994,1632,0,-1544,243,0,0,0,0,0,01,0,0,0
D,969190450,1009,1632,0,-1544,251,0,0,0,0,0,01,0,0,0
D,969191463,1013,1632,0,-1544,262,0,0,0,0,0,01,0,0,0
D,969192467,1004,1632,0,-1544,277,0,0,0,0,0,01,0,0,0
D,969193422,955,1632,0,-1544,227,0,0,0,0,0,01,0,0,0
D,969194426,1004,1632,0,-1544,227,0,0,0,0,0,01,0,0,0
D,969195414,988,1632,0,-1544,221,0,0,0,0,0,01,0,0,0
D,969196421,1007,1632,0,-1544,222,0,0,0,0,0,01,0,0,0
D,969197414,993,1632,0,-1544,221,0,0,0,0,0,01,0,0,0
D,969198422,1008,1632,0,-1544,221,0,0,0,0,0,01,0,0,0
D,969199419,997,1632,0,-1544,225,0,0,0,0,0,01,0,0,0
D,969200469,1050,1632,0,-1544,274,0,0,0,0,0,01,0,0,0
D,969201535,1066,1632,0,-1544,339,0,0,0,0,0,01,0,0,0
D,969202536,1001,1632,0,-1544,346,0,0,0,0,0,01,0,0,0
D,969203447,911,1632,0,-1544,255,0,0,0,0,0,01,0,0,0
D,969204448,1001,1632,0,-1544,247,0,0,0,0,0,01,0,0,0
D,969205432,984,1632,0,-1544,244,0,0,0,0,0,01,0,0,0
D,969206456,1024,1632,0,-1544,255,0,0,0,0,0,01,0,0,0
D,969207436,980,1632,0,-1544,242,0,0,0,0,0,01,0,0,0
D,969208440,1004,1632,0,-1544,249,0,0,0,0,0,01,0,0,0
D,969209441,1001,1632,0,-1544,240,0,0,0,0,0,01,0,0,0
D,969210453,1012,1632,0,-1544,253,0,0,0,0,0,01,0,0,0
D,969211445,992,1632,0,-1544,255,0,0,0,0,0,01,0,0,0
D,969212470,1025,1632,0,-1544,281,0,0,0,0,0,01,0,0,0
D,969213421,951,1632,0,-1544,229,0,0,0,0,0,01,0,0,0
D,969214425,1004,1632,0,-1544,227,0,0,0,0,0,01,0,0,0
D,969215420,995,1632,0,-1544,221,0,0,0,0,0,01,0,0,0
D,969216414,994,1632,0,-1544,221,0,0,0,0,0,01,0,0,0
D,969217421,1007,1632,0,-1544,222,0,0,0,0,0,01,0,0,0
D,969218419,998,1632,0,-1544,221,0,0,0,0,0,01,0,0,0
D,969219414,995,1632,0,-1544,221,0,0,0,0,0,01,0,0,0
D,969220481,1067,1632,0,-1544,280,0,0,0,0,0,01,0,0,0
D,969221515,1034,1632,0,-1544,326,0,0,0,0,0,01,0,0,0
D,969222545,1030,1632,0,-1544,351,0,0,0,0,0,01,0,0,0
D,969223449,904,1632,0,-1544,261,0,0,0,0,0,01,0,0,0
D,969224433,984,1632,0,-1544,244,0,0,0,0,0,01,0,0,0
D,969225441,1008,1632,0,-1544,248,0,0,0,0,0,01,0,0,0
D,969226445,1004,1632,0,-1544,254,0,0,0,0,0,01,0,0,0
D,969227452,1007,1632,0,-1544,253,0,0,0,0,0,01,0,0,0
D,969228439,987,1632,0,-1544,244,0,0,0,0,0,01,0,0,0
D,969229440,1001,1632,0,-1544,250,0,0,0,0,0,01,0,0,0
D,969230448,1008,1632,0,-1544,251,0,0,0,0,0,01,0,0,0
D,969231476,1028,1632,0,-1544,276,0,0,0,0,0,01,0,0,0
D,969232466,990,1632,0,-1544,274,0,0,0,0,0,01,0,0,0
D,969233420,954,1632,0,-1544,221,0,0,0,0,0,01,0,0,0
D,969234421,1001,1632,0,-1544,227,0,0,0,0,0,01,0,0,0
D,969235418,997,1632,0,-1544,219,0,0,0,0,0,01,0,0,0
D,969236413,995,1632,0,-1544,225,0,0,0,0,0,01,0,0,0
D,969237418,1005,1632,0,-1544,222,0,0,0,0,0,01,0,0,0
D,969238414,996,1632,0,-1544,220,0,0,0,0,0,01,0,0,0
D,969239418,1004,1632,0,-1544,221,0,0,0,0,0,01,0,0,0
D,969240462,1044,1632,0,-1544,271,0,0,0,0,0,01,0,0,0
D,969241541,1079,1632,0,-1544,338,0,0,0,0,0,01,0,0,0
D,969242546,1005,1632,0,-1544,352,0,0,0,0,0,01,0,0,0
D,969243461,915,1632,0,-1544,262,0,0,0,0,0,01,0,0,0
D,969244451,990,1632,0,-1544,251,0,0,0,0,0,01,0,0,0
D,969245438,987,1632,0,-1544,241,0,0,0,0,0,01,0,0,0
D,969246445,1007,1632,0,-1544,256,0,0,0,0,0,01,0,0,0
D,969247444,999,1632,0,-1544,250,0,0,0,0,0,01,0,0,0
D,969248446,1002,1632,0,-1544,249,0,0,0,0,0,01,0,0,0
D,969249440,994,1632,0,-1544,248,0,0,0,0,0,01,0,0,0
D,969250452,1012,1632,0,-1544,253,0,0,0,0,0,01,0,0,0
D,969251454,1002,1632,0,-1544,266,0,0,0,0,0,01,0,0,0
D,969252468,1014,1632,0,-1544,269,0,0,0,0,0,01,0,0,0
D,969253428,960,1632,0,-1544,231,0,0,0,0,0,01,0,0,0
D,969254419,991,1632,0,-1544,226,0,0,0,0,0,01,0,0,0
D,969255419,1000,1632,0,-1544,224,0,0,0,0,0,01,0,0,0
D,969256414,995,1632,0,-1544,221,0,0,0,0,0,01,0,0,0
D,969257421,1007,1632,0,-1544,222,0,0,0,0,0,01,0,0,0
D,969258419,998,1632,0,-1544,221,0,0,0,0,0,01,0,0,0
D,969259414,995,1632,0,-1544,221,0,0,0,0,0,01,0,0,0
D,969260457,1043,1632,0,-1544,268,0,0,0,0,0,01,0,0,0
D,969261518,1061,1632,0,-1544,326,0,0,0,0,0,01,0,0,0
D,969262548,1030,1632,0,-1544,348,0,0,0,0,0,01,0,0,0
D,969263457,909,1632,0,-1544,261,0,0,0,0,0,01,0,0,0
D,969264446,989,1632,0,-1544,245,0,0,0,0,0,01,0,0,0
D,969265437,991,1632,0,-1544,248,0,0,0,0,0,01,0,0,0
D,969266447,1010,1632,0,-1544,257,0,0,0,0,0,01,0,0,0
D,969267443,996,1632,0,-1544,254,0,0,0,0,0,01,0,0,0
D,969268434,991,1632,0,-1544,244,0,0,0,0,0,01,0,0,0
D,969269450,1016,1632,0,-1544,250,0,0,0,0,0,01,0,0,0
D,969270442,992,1632,0,-1544,251,0,0,0,0,0,01,0,0,0
D,969271476,1034,1632,0,-1544,276,0,0,0,0,0,01,0,0,0
D,969272465,989,1632,0,-1544,273,0,0,0,0,0,01,0,0,0
D,969273420,955,1632,0,-1544,226,0,0,0,0,0,01,0,0,0
D,969274426,1006,1632,0,-1544,228,0,0,0,0,0,01,0,0,0
D,969275414,988,1632,0,-1544,223,0,0,0,0,0,01,0,0,0
D,969276421,1007,1632,0,-1544,221,0,0,0,0,0,01,0,0,0
D,969277414,993,1632,0,-1544,220,0,0,0,0,0,01,0,0,0
D,969278423,1009,1632,0,-1544,221,0,0,0,0,0,01,0,0,0
D,969279419,996,1632,0,-1544,225,0,0,0,0,0,01,0,0,0
D,969280467,1048,1632,0,-1544,270,0,0,0,0,0,01,0,0,0
D,969281532,1065,1632,0,-1544,331,0,0,0,0,0,01,0,0,0
D,969282539,1007,1632,0,-1544,347,0,0,0,0,0,01,0,0,0
D,969283457,918,1632,0,-1544,264,0,0,0,0,0,01,0,0,0
D,969284440,983,1632,0,-1544,245,0,0,0,0,0,01,0,0,0
D,969285448,1008,1632,0,-1544,248,0,0,0,0,0,01,0,0,0
D,969286454,1006,1632,0,-1544,255,0,0,0,0,0,01,0,0,0
D,969287452,998,1632,0,-1544,255,0,0,0,0,0,01,0,0,0
D,969288434,982,1632,0,-1544,244,0,0,0,0,0,01,0,0,0
D,969289451,1017,1632,0,-1544,250,0,0,0,0,0,01,0,0,0
D,969290449,998,1632,0,-1544,252,0,0,0,0,0,01,0,0,0
D,969291454,1005,1632,0,-1544,266,0,0,0,0,0,01,0,0,0
D,969292467,1013,1632,0,-1544,272,0,0,0,0,0,01,0,0,0
D,969293423,956,1632,0,-1544,229,0,0,0,0,0,01,0,0,0
D,969294425,1002,1632,0,-1544,226,0,0,0,0,0,01,0,0,0
D,969295414,989,1632,0,-1544,224,0,0,0,0,0,01,0,0,0
D,969296421,1007,1632,0,-1544,221,0,0,0,0,0,01,0,0,0
D,969297414,993,1632,0,-1544,221,0,0,0,0,0,01,0,0,0
D,969298422,1008,1632,0,-1544,221,0,0,0,0,0,01,0,0,0
D,969299419,997,1632,0,-1544,225,0,0,0,0,0,01,0,0,0
D,969300464,1045,1632,0,-1544,268,0,0,0,0,0,01,0,0,0
D,969301525,1061,1632,0,-1544,328,0,0,0,0,0,01,0,0,0
D,969302540,1015,1632,0,-1544,349,0,0,0,0,0,01,0,0,0
D,969303455,915,1632,0,-1544,262,0,0,0,0,0,01,0,0,0
D,969304442,987,1632,0,-1544,245,0,0,0,0,0,01,0,0,0
D,969305448,1006,1632,0,-1544,247,0,0,0,0,0,01,0,0,0
D,969306455,1007,1632,0,-1544,256,0,0,0,0,0,01,0,0,0
D,969307450,995,1632,0,-1544,254,0,0,0,0,0,01,0,0,0
D,969308436,986,1632,0,-1544,244,0,0,0,0,0,01,0,0,0
D,969309451,1015,1632,0,-1544,250,0,0,0,0,0,01,0,0,0
D,969310445,994,1632,0,-1544,253,0,0,0,0,0,01,0,0,0
D,969311474,1029,1632,0,-1544,274,0,0,0,0,0,01,0,0,0
D,969312463,989,1632,0,-1544,271,0,0,0,0,0,01,0,0,0
D,969313420,957,1632,0,-1544,227,0,0,0,0,0,01,0,0,0
D,969314427,1007,1632,0,-1544,227,0,0,0,0,0,01,0,0,0
D,969315419,992,1632,0,-1544,225,0,0,0,0,0,01,0,0,0
D,969316414,995,1632,0,-1544,221,0,0,0,0,0,01,0,0,0
D,969317421,1007,1632,0,-1544,221,0,0,0,0,0,01,0,0,0
D,969318419,998,1632,0,-1544,221,0,0,0,0,0,01,0,0,0
D,969319414,995,1632,0,-1544,221,0,0,0,0,0,01,0,0,0
D,969320457,1043,1632,0,-1544,268,0,0,0,0,0,01,0,0,0
D,969321544,1087,1632,0,-1544,344,0,0,0,0,0,01,0,0,0
D,969322541,997,1632,0,-1544,348,0,0,0,0,0,01,0,0,0
D,969323461,920,1632,0,-1544,265,0,0,0,0,0,01,0,0,0
D,969324446,985,1632,0,-1544,245,0,0,0,0,0,01,0,0,0
D,969325438,992,1632,0,-1544,245,0,0,0,0,0,01,0,0,0
D,969326445,1007,1632,0,-1544,256,0,0,0,0,0,01,0,0,0
D,969327452,1007,1632,0,-1544,252,0,0,0,0,0,01,0,0,0
D,969328443,991,1632,0,-1544,247,0,0,0,0,0,01,0,0,0
D,969329437,994,1632,0,-1544,248,0,0,0,0,0,01,0,0,0
D,969330449,1012,1632,0,-1544,252,0,0,0,0,0,01,0,0,0
D,969331462,1013,1632,0,-1544,261,0,0,0,0,0,01,0,0,0
D,969332467,1005,1632,0,-1544,272,0,0,0,0,0,01,0,0,0
D,969333424,957,1632,0,-1544,230,0,0,0,0,0,01,0,0,0
D,969334428,1004,1632,0,-1544,227,0,0,0,0,0,01,0,0,0
D,969335414,986,1632,0,-1544,221,0,0,0,0,0,01,0,0,0
D,969336421,1007,1632,0,-1544,222,0,0,0,0,0,01,0,0,0
D,969337414,993,1632,0,-1544,221,0,0,0,0,0,01,0,0,0
D,969338422,1008,1632,0,-1544,221,0,0,0,0,0,01,0,0,0
D,969339419,997,1632,0,-1544,225,0,0,0,0,0,01,0,0,0
D,969340468,1049,1632,0,-1544,271,0,0,0,0,0,01,0,0,0
D,969341520,1052,1632,0,-1544,322,0,0,0,0,0,01,0,0,0
D,969342546,1026,1632,0,-1544,349,0,0,0,0,0,01,0,0,0
D,969343459,913,1632,0,-1544,265,0,0,0,0,0,01,0,0,0
D,969344440,981,1632,0,-1544,243,0,0,0,0,0,01,0,0,0
D,969345448,1008,1632,0,-1544,247,0,0,0,0,0,01,0,0,0
D,969346442,994,1632,0,-1544,255,0,0,0,0,0,01,0,0,0
D,969347455,1013,1632,0,-1544,254,0,0,0,0,0,01,0,0,0
D,969348444,989,1632,0,-1544,244,0,0,0,0,0,01,0,0,0
D,969349438,994,1632,0,-1544,250,0,0,0,0,0,01,0,0,0
D,969350451,1013,1632,0,-1544,253,0,0,0,0,0,01,0,0,0
D,969351461,1010,1632,0,-1544,270,0,0,0,0,0,01,0,0,0
D,969352473,1012,1632,0,-1544,274,0,0,0,0,0,01,0,0,0
D,969353422,949,1632,0,-1544,225,0,0,0,0,0,01,0,0,0
D,969354428,1006,1632,0,-1544,228,0,0,0,0,0,01,0,0,0
D,969355414,986,1632,0,-1544,221,0,0,0,0,0,01,0,0,0
D,969356421,1007,1632,0,-1544,221,0,0,0,0,0,01,0,0,0
D,969357414,993,1632,0,-1544,220,0,0,0,0,0,01,0,0,0
D,969358423,1009,1632,0,-1544,221,0,0,0,0,0,01,0,0,0
D,969359419,996,1632,0,-1544,225,0,0,0,0,0,01,0,0,0
D,969360476,1057,1632,0,-1544,278,0,0,0,0,0,01,0,0,0
D,969361545,1069,1632,0,-1544,343,0,0,0,0,0,01,0,0,0
D,969362537,992,1632,0,-1544,346,0,0,0,0,0,01,0,0,0
D,969363460,923,1632,0,-1544,267,0,0,0,0,0,01,0,0,0
D,969364433,973,1632,0,-1544,244,0,0,0,0,0,01,0,0,0
D,969365440,1007,1632,0,-1544,247,0,0,0,0,0,01,0,0,0
D,969366449,1009,1632,0,-1544,254,0,0,0,0,0,01,0,0,0
D,969367446,997,1632,0,-1544,255,0,0,0,0,0,01,0,0,0
D,969368443,997,1632,0,-1544,244,0,0,0,0,0,01,0,0,0
D,969369448,1005,1632,0,-1544,250,0,0,0,0,0,01,0,0,0
D,969370443,995,1632,0,-1544,251,0,0,0,0,0,01,0,0,0
D,969371477,1034,1632,0,-1544,276,0,0,0,0,0,01,0,0,0
D,969372468,991,1632,0,-1544,269,0,0,0,0,0,01,0,0,0
D,969373423,955,1632,0,-1544,229,0,0,0,0,0,01,0,0,0
D,969374424,1001,1632,0,-1544,227,0,0,0,0,0,01,0,0,0
D,969375420,996,1632,0,-1544,221,0,0,0,0,0,01,0,0,0
D,969376414,994,1632,0,-1544,221,0,0,0,0,0,01,0,0,0
D,969377421,1007,1632,0,-1544,221,0,0,0,0,0,01,0,0,0
D,969378419,998,1632,0,-1544,221,0,0,0,0,0,01,0,0,0
D,969379414,995,1632,0,-1544,221,0,0,0,0,0,01,0,0,0
D,969380479,1065,1632,0,-1544,277,0,0,0,0,0,01,0,0,0
D,969381519,1040,1632,0,-1544,330,0,0,0,0,0,01,0,0,0
D,969382540,1021,1632,0,-1544,342,0,0,0,0,0,01,0,0,0
D,969383453,913,1632,0,-1544,256,0,0,0,0,0,01,0,0,0
D,969384438,985,1632,0,-1544,246,0,0,0,0,0,01,0,0,0
D,969385442,1004,1632,0,-1544,244,0,0,0,0,0,01,0,0,0
D,969386449,1007,1632,0,-1544,256,0,0,0,0,0,01,0,0,0
D,969387435,986,1632,0,-1544,246,0,0,0,0,0,01,0,0,0
D,969388435,1000,1632,0,-1544,244,0,0,0,0,0,01,0,0,0
D,969389442,1007,1632,0,-1544,243,0,0,0,0,0,01,0,0,0
D,969390450,1008,1632,0,-1544,251,0,0,0,0,0,01,0,0,0
D,969391448,998,1632,0,-1544,259,0,0,0,0,0,01,0,0,0
D,969392479,1031,1632,0,-1544,287,0,0,0,0,0,01,0,0,0
D,969393420,941,1632,0,-1544,225,0,0,0,0,0,01,0,0,0
D,969394425,1005,1632,0,-1544,228,0,0,0,0,0,01,0,0,0
D,969395414,989,1632,0,-1544,221,0,0,0,0,0,01,0,0,0
D,969396421,1007,1632,0,-1544,222,0,0,0,0,0,01,0,0,0
D,969397414,993,1632,0,-1544,221,0,0,0,0,0,01,0,0,0
D,969398422,1008,1632,0,-1544,221,0,0,0,0,0,01,0,0,0
D,969399419,997,1632,0,-1544,225,0,0,0,0,0,01,0,0,0
D,969400465,1046,1632,0,-1544,269,0,0,0,0,0,01,0,0,0
D,969401521,1056,1631,-1,-1543,330,0,8,0,0,0,01,0,0,0
D,969402549,1028,1632,1,-1544,355,0,0,0,0,0,01,0,0,0
D,969403448,899,1632,0,-1544,256,0,0,0,0,0,01,0,0,0
D,969404446,998,1632,0,-1544,246,0,0,0,0,0,01,0,0,0
D,969405438,992,1632,0,-1544,247,0,0,0,0,0,01,0,0,0
D,969406442,1004,1632,0,-1544,252,0,0,0,0,0,01,0,0,0
D,969407445,1003,1632,0,-1544,245,0,0,0,0,0,01,0,0,0
D,969408446,1001,1632,0,-1544,246,0,0,0,0,0,01,0,0,0
D,969409431,985,1632,0,-1544,240,0,0,0,0,0,01,0,0,0
D,969410447,1016,1632,0,-1544,252,0,0,0,0,0,01,0,0,0
D,969411442,995,1632,0,-1544,254,0,0,0,0,0,01,0,0,0
D,969412473,1031,1632,0,-1544,280,0,0,0,0,0,01,0,0,0
D,969413429,956,1632,0,-1544,228,0,0,0,0,0,01,0,0,0
D,969414422,993,1632,0,-1544,226,0,0,0,0,0,01,0,0,0
D,969415420,998,1632,0,-1544,221,0,0,0,0,0,01,0,0,0
D,969416414,994,1632,0,-1544,221,0,0,0,0,0,01,0,0,0
D,969417421,1007,1632,0,-1544,222,0,0,0,0,0,01,0,0,0
D,969418419,998,1632,0,-1544,222,0,0,0,0,0,01,0,0,0
D,969419414,995,1632,0,-1544,221,0,0,0,0,0,01,0,0,0
D,969420482,1068,1632,0,-1544,281,0,0,0,0,0,01,0,0,0
D,969421514,1032,1632,0,-1544,324,0,0,0,0,0,01,0,0,0
D,969422546,1032,1632,0,-1544,347,0,0,0,0,0,01,0,0,0
D,969423452,906,1632,0,-1544,262,0,0,0,0,0,01,0,0,0
D,969424440,988,1632,0,-1544,247,0,0,0,0,0,01,0,0,0
D,969425446,1006,1632,0,-1544,245,0,0,0,0,0,01,0,0,0
D,969426447,1001,1632,0,-1544,254,0,0,0,0,0,01,0,0,0
D,969427449,1002,1632,0,-1544,253,0,0,0,0,0,01,0,0,0
D,969428439,990,1632,0,-1544,245,0,0,0,0,0,01,0,0,0
D,969429450,1011,1632,0,-1544,250,0,0,0,0,0,01,0,0,0
D,969430450,1000,1632,0,-1544,253,0,0,0,0,0,01,0,0,0
D,969431479,1029,1632,0,-1544,279,0,0,0,0,0,01,0,0,0
D,969432463,984,1632,0,-1544,274,0,-8,0,0,0,01,0,0,0
D,969433421,958,1632,0,-1544,222,0,0,0,0,0,01,0,0,0
D,969434427,1006,1632,0,-1544,229,0,0,0,0,0,01,0,0,0
D,969435411,984,1632,0,-1544,222,0,0,0,0,0,01,0,0,0
D,969436419,1008,1632,0,-1544,225,0,0,0,0,0,01,0,0,0
D,969437411,992,1632,0,-1544,221,0,0,0,0,0,01,0,0,0
D,969438419,1008,1632,0,-1544,223,0,0,0,0,0,01,0,0,0
D,969439411,992,1632,0,-1544,221,0,0,0,0,0,01,0,0,0
D,969440470,1059,1632,0,-1544,273,0,0,0,0,0,01,0,0,0
D,969441535,1065,1632,0,-1544,338,0,0,0,0,0,01,0,0,0
D,969442541,1006,1632,0,-1544,351,0,0,0,0,0,01,0,0,0
D,969443454,913,1632,0,-1544,261,0,0,0,0,0,01,0,0,0
D,969444441,987,1632,0,-1544,244,0,0,0,0,0,01,0,0,0
D,969445448,1007,1632,0,-1544,248,0,0,0,0,0,01,0,0,0
D,969446455,1007,1632,0,-1544,256,0,0,0,0,0,01,0,0,0
D,969447450,995,1632,0,-1544,254,0,0,0,0,0,01,0,0,0
D,969448436,986,1632,0,-1544,244,0,0,0,0,0,01,0,0,0
D,969449451,1015,1632,0,-1544,250,0,0,0,0,0,01,0,0,0
D,969450449,998,1632,0,-1544,253,0,0,0,0,0,01,0,0,0
D,969451470,1021,1632,0,-1544,271,0,0,0,0,0,01,0,0,0
D,969452466,996,1632,0,-1544,272,0,0,0,0,0,01,0,0,0
D,969453419,953,1632,0,-1544,227,0,0,0,0,0,01,0,0,0
D,969454427,1008,1632,0,-1544,227,0,0,0,0,0,01,0,0,0
D,969455414,987,1632,0,-1544,221,0,0,0,0,0,01,0,0,0
D,969456421,1007,1632,0,-1544,221,0,0,0,0,0,01,0,0,0
D,969457414,993,1632,0,-1544,220,0,0,0,0,0,01,0,0,0
D,969458423,1009,1632,0,-1544,221,0,0,0,0,0,01,0,0,0
D,969459419,996,1632,0,-1544,225,0,0,0,0,0,01,0,0,0
D,969460461,1042,1632,0,-1544,267,0,0,0,0,0,01,0,0,0
D,969461537,1076,1632,0,-1544,336,0,0,0,0,0,01,0,0,0
D,969462546,1009,1632,0,-1544,352,0,0,0,0,0,01,0,0,0
D,969463459,913,1632,0,-1544,264,0,0,0,0,0,01,0,0,0
D,969464445,986,1632,0,-1544,248,0,0,0,0,0,01,0,0,0
D,969465440,995,1632,0,-1544,247,0,0,0,0,0,01,0,0,0
D,969466452,1012,1632,0,-1544,254,0,0,0,0,0,01,0,0,0
D,969467448,996,1632,0,-1544,255,0,0,0,0,0,01,0,0,0
D,969468446,998,1632,0,-1544,244,0,0,0,0,0,01,0,0,0
D,969469446,1000,1632,0,-1544,250,0,0,0,0,0,01,0,0,0
D,969470443,997,1632,0,-1544,250,0,0,0,0,0,01,0,0,0
D,969471471,1028,1632,0,-1544,270,0,0,0,0,0,01,0,0,0
D,969472462,991,1632,0,-1544,270,0,0,0,0,0,01,0,0,0
D,969473430,968,1632,0,-1544,229,0,0,0,0,0,01,0,0,0
D,969474421,991,1632,0,-1544,225,0,0,0,0,0,01,0,0,0
D,969475420,999,1632,0,-1544,223,0,0,0,0,0,01,0,0,0
D,969476414,994,1632,0,-1544,221,0,0,0,0,0,01,0,0,0
D,969477421,1007,1632,0,-1544,221,0,0,0,0,0,01,0,0,0
D,969478419,998,1632,0,-1544,221,0,0,0,0,0,01,0,0,0
D,969479414,995,1632,0,-1544,221,0,0,0,0,0,01,0,0,0
D,969480451,1037,1632,0,-1544,263,0,0,0,0,0,01,0,0,0
D,969481549,1098,1632,0,-1544,347,0,0,0,0,0,01,0,0,0
D,969482540,991,1632,0,-1544,346,0,0,0,0,0,01,0,0,0
D,969483458,918,1632,0,-1544,263,0,0,0,0,0,01,0,0,0
D,969484446,988,1632,0,-1544,245,0,0,0,0,0,01,0,0,0
D,969485438,992,1632,0,-1544,244,0,0,0,0,0,01,0,0,0
D,969486448,1010,1632,0,-1544,257,0,0,0,0,0,01,0,0,0
D,969487440,992,1632,0,-1544,251,0,0,0,0,0,01,0,0,0
D,969488447,1007,1632,0,-1544,247,0,0,0,0,0,01,0,0,0
D,969489442,995,1632,0,-1544,247,0,0,0,0,0,01,0,0,0
D,969490456,1014,1632,0,-1544,256,0,0,0,0,0,01,0,0,0
D,969491463,1007,1632,0,-1544,271,0,0,0,0,0,01,0,0,0
D,969492463,1000,1632,0,-1544,273,0,0,0,0,0,01,0,0,0
D,969493419,956,1632,0,-1544,227,0,0,0,0,0,01,0,0,0
D,969494426,1007,1632,0,-1544,228,0,0,0,0,0,01,0,0,0
D,969495414,988,1632,0,-1544,221,0,0,0,0,0,01,0,0,0
D,969496421,1007,1632,0,-1544,222,0,0,0,0,0,01,0,0,0
D,969497414,993,1632,0,-1544,221,0,0,0,0,0,01,0,0,0
D,969498422,1008,1632,0,-1544,221,0,0,0,0,0,01,0,0,0
D,969499419,997,1632,0,-1544,225,0,0,0,0,0,01,0,0,0
D,969500463,1044,1632,0,-1544,269,0,0,0,0,0,01,0,0,0
D,969501554,1091,1632,0,-1544,353,0,0,0,0,0,01,0,0,0
D,969502525,971,1632,0,-1544,335,0,0,0,0,0,01,0,0,0
D,969503465,940,1632,0,-1544,265,0,0,0,0,0,01,0,0,0
D,969504436,971,1632,0,-1544,245,0,0,0,0,0,01,0,0,0
D,969505444,1008,1632,0,-1544,248,0,0,0,0,0,01,0,0,0
D,969506451,1007,1632,0,-1544,253,0,0,0,0,0,01,0,0,0
D,969507450,999,1632,0,-1544,255,0,0,0,0,0,01,0,0,0
D,969508435,985,1632,0,-1544,244,0,0,0,0,0,01,0,0,0
D,969509452,1017,1632,0,-1544,251,0,0,0,0,0,01,0,0,0
D,969510444,992,1632,0,-1544,251,0,0,0,0,0,01,0,0,0
D,969511471,1027,1632,0,-1544,269,0,0,0,0,0,01,0,0,0
D,969512464,993,1632,0,-1544,273,0,0,0,0,0,01,0,0,0
D,969513425,961,1632,0,-1544,229,0,0,0,0,0,01,0,0,0
D,969514427,1002,1632,0,-1544,227,0,0,0,0,0,01,0,0,0
D,969515414,987,1632,0,-1544,224,0,0,0,0,0,01,0,0,0
D,969516421,1007,1632,0,-1544,222,0,0,0,0,0,01,0,0,0
D,969517414,993,1632,0,-1544,221,0,0,0,0,0,01,0,0,0
D,969518422,1008,1632,0,-1544,221,0,0,0,0,0,01,0,0,0
D,969519419,997,1632,0,-1544,225,0,0,0,0,0,01,0,0,0
D,969520464,1045,1632,0,-1544,270,0,0,0,0,0,01,0,0,0
D,969521538,1074,1632,0,-1544,340,0,0,0,0,0,01,0,0,0
D,969522550,1012,1632,0,-1544,353,0,0,0,0,0,01,0,0,0
D,969523456,906,1632,0,-1544,263,0,0,0,0,0,01,0,0,0
D,969524443,987,1632,0,-1544,248,0,0,0,0,0,01,0,0,0
D,969525441,998,1632,0,-1544,248,0,0,0,0,0,01,0,0,0
D,969526446,1005,1632,0,-1544,255,0,0,0,0,0,01,0,0,0
D,969527447,1001,1632,0,-1544,254,0,0,0,0,0,01,0,0,0
D,969528435,988,1632,0,-1544,244,0,0,0,0,0,01,0,0,0
D,969529439,1004,1632,0,-1544,251,0,0,0,0,0,01,0,0,0
D,969530448,1009,1632,0,-1544,251,0,0,0,0,0,01,0,0,0
D,969531467,1019,1632,0,-1544,273,0,0,0,0,0,01,0,0,0
D,969532468,1001,1632,0,-1544,271,0,0,0,0,0,01,0,0,0
D,969533419,951,1632,0,-1544,228,0,0,0,0,0,01,0,0,0
D,969534426,1007,1632,0,-1544,228,0,0,0,0,0,01,0,0,0
D,969535414,988,1632,0,-1544,221,0,0,0,0,0,01,0,0,0
D,969536421,1007,1632,0,-1544,221,0,0,0,0,0,01,0,0,0
D,969537414,993,1632,0,-1544,220,0,0,0,0,0,01,0,0,0
D,969538423,1009,1632,0,-1544,221,0,0,0,0,0,01,0,0,0
D,969539419,996,1632,0,-1544,225,0,0,0,0,0,01,0,0,0
D,969540461,1042,1632,0,-1544,267,0,0,0,0,0,01,0,0,0
D,969541546,1085,1632,0,-1544,346,0,0,0,0,0,01,0,0,0
D,969542529,983,1632,0,-1544,337,0,0,0,0,0,01,0,0,0
D,969543462,933,1632,0,-1544,265,0,0,0,0,0,01,0,0,0
D,969544435,973,1632,0,-1544,247,0,0,0,0,0,01,0,0,0
D,969545444,1009,1632,0,-1544,245,0,0,0,0,0,01,0,0,0
D,969546447,1003,1632,0,-1544,253,0,0,0,0,0,01,0,0,0
D,969547448,1001,1632,0,-1544,249,0,0,0,0,0,01,0,0,0
D,969548446,998,1632,0,-1544,249,0,0,0,0,0,01,0,0,0
D,969549442,996,1632,0,-1544,247,0,0,0,0,0,01,0,0,0
D,969550451,1009,1632,0,-1544,254,0,0,0,0,0,01,0,0,0
D,969551462,1011,1632,0,-1544,269,0,0,0,0,0,01,0,0,0
D,969552463,1001,1631,-1,-1543,272,0,8,0,0,0,01,0,0,0
D,969553424,961,1632,1,-1544,229,0,0,0,0,0,01,0,0,0
D,969554427,1003,1632,0,-1544,227,0,0,0,0,0,01,0,0,0
D,969555414,987,1632,0,-1544,221,0,0,0,0,0,01,0,0,0
D,969556421,1007,1632,0,-1544,222,0,0,0,0,0,01,0,0,0
D,969557414,993,1632,0,-1544,221,0,0,0,0,0,01,0,0,0
D,969558422,1008,1632,0,-1544,221,0,0,0,0,0,01,0,0,0
D,969559419,997,1632,0,-1544,225,0,0,0,0,0,01,0,0,0
D,969560463,1044,1632,0,-1544,270,0,0,0,0,0,01,0,0,0
D,969561565,1102,1632,0,-1544,363,0,0,0,0,0,01,0,0,0
D,969562548,983,1632,0,-1544,349,0,0,0,0,0,01,0,0,0
D,969563461,913,1632,0,-1544,260,0,0,0,0,0,01,0,0,0
D,969564438,977,1632,0,-1544,247,0,0,0,0,0,01,0,0,0
D,969565441,1003,1632,0,-1544,244,0,0,0,0,0,01,0,0,0
D,969566444,1003,1632,0,-1544,254,0,0,0,0,0,01,0,0,0
D,969567441,997,1632,0,-1544,252,0,0,0,0,0,01,0,0,0
D,969568438,997,1632,0,-1544,244,0,0,0,0,0,01,0,0,0
D,969569438,1000,1632,0,-1544,248,0,0,0,0,0,01,0,0,0
D,969570445,1007,1632,0,-1544,252,0,0,0,0,0,01,0,0,0
D,969571462,1017,1632,0,-1544,273,0,0,0,0,0,01,0,0,0
D,969572465,1003,1632,0,-1544,273,0,0,0,0,0,01,0,0,0
D,969573421,956,1632,0,-1544,227,0,0,0,0,0,01,0,0,0
D,969574426,1005,1631,-1,-1543,227,0,8,0,0,0,01,0,0,0
D,969575415,989,1631,0,-1543,225,1,8,0,0,0,01,0,0,0
D,969576419,1004,1632,1,-1544,226,1,0,0,0,0,01,0,0,0
D,969577414,995,1632,0,-1544,221,1,0,0,0,0,01,0,0,0
D,969578413,999,1632,0,-1544,225,1,0,0,0,0,01,0,0,0
D,969579419,1006,1632,0,-1544,221,1,0,0,0,0,01,0,0,0
D,969580462,1043,1632,0,-1544,265,1,0,0,0,0,01,0,0,0
D,969581517,1055,1632,0,-1544,327,1,0,0,0,0,01,0,0,0
D,969582546,1029,1632,0,-1544,348,0,-8,0,0,0,01,0,0,0
D,969583460,914,1632,0,-1544,263,0,0,0,0,0,01,0,0,0
D,969584446,986,1631,-1,-1543,246,1,8,0,0,0,01,0,0,0
D,969585442,996,1631,0,-1543,248,1,8,0,0,0,01,0,0,0
D,969586448,1006,1631,0,-1543,259,1,8,0,0,0,01,0,0,0
D,969587440,992,1631,0,-1543,252,1,8,0,0,0,01,0,0,0
D,969588448,1008,1632,1,-1544,248,1,0,0,0,0,01,0,0,0
D,969589440,992,1632,0,-1544,250,1,0,0,0,0,01,0,0,0
D,969590455,1015,1632,0,-1544,254,1,0,0,0,0,01,0,0,0
D,969591470,1015,1631,-1,-1543,273,1,8,0,0,0,01,0,0,0
D,969592473,1003,1631,0,-1543,276,2,8,0,0,0,01,0,0,0
D,969593424,951,1631,0,-1543,224,2,8,0,0,0,01,0,0,0
D,969594426,1002,1631,0,-1543,227,2,8,0,0,0,01,0,0,0
D,969595415,989,1631,0,-1543,224,2,8,0,0,0,01,0,0,0
D,969596414,999,1631,0,-1543,221,3,8,0,0,0,01,0,0,0
D,969597421,1007,1631,0,-1543,221,3,8,0,0,0,01,0,0,0
D,969598420,999,1631,0,-1543,221,3,8,0,0,0,01,0,0,0
D,969599420,1000,1632,1,-1544,226,3,0,0,0,0,01,0,0,0
D,969600473,1053,1632,0,-1544,273,3,0,0,0,0,01,0,0,0
D,969601546,1073,1632,0,-1544,346,3,0,0,0,0,01,0,0,0
D,969602546,1000,1631,-1,-1543,352,3,8,0,0,0,01,0,0,0
D,969603458,912,1631,0,-1543,264,3,8,0,0,0,01,0,0,0
D,969604447,989,1631,0,-1543,246,3,0,0,0,0,01,0,0,0
D,969605450,1003,1631,0,-1543,251,3,0,0,0,0,01,0,0,0
D,969606454,1004,1631,0,-1543,253,3,8,0,0,0,01,0,0,0
D,969607454,1000,1631,0,-1543,255,3,8,0,0,0,01,0,0,0
D,969608441,987,1631,0,-1543,245,3,8,0,0,0,01,0,0,0
D,969609449,1008,1631,0,-1543,253,4,8,0,0,0,01,0,0,0
D,969610444,995,1631,0,-1543,250,4,8,0,0,0,01,0,0,0
D,969611460,1016,1631,0,-1543,270,4,8,0,0,0,01,0,0,0
D,969612463,1003,1631,0,-1543,271,4,8,0,0,0,01,0,0,0
D,969613423,960,1631,0,-1543,229,4,8,0,0,0,01,0,0,0
D,969614428,1005,1631,0,-1543,228,4,8,0,0,0,01,0,0,0
D,969615419,991,1631,0,-1543,226,4,0,0,0,0,01,0,0,0
D,969616414,995,1631,0,-1543,221,4,0,0,0,0,01,0,0,0
D,969617421,1007,1631,0,-1543,222,4,0,0,0,0,01,0,0,0
D,969618421,1000,1631,0,-1543,222,4,0,0,0,0,01,0,0,0
D,969619420,999,1631,0,-1543,223,4,8,0,0,0,01,0,0,0
D,969620463,1043,1631,0,-1543,269,4,8,0,0,0,01,0,0,0
D,969621529,1066,1631,0,-1543,332,4,0,0,0,0,01,0,0,0
D,969622549,1020,1631,0,-1543,350,4,0,0,0,0,01,0,0,0
D,969623461,912,1631,0,-1543,264,4,0,0,0,0,01,0,0,0
D,969624439,978,1631,0,-1543,246,3,0,0,0,0,01,0,0,0
D,969625442,1003,1631,0,-1543,250,3,0,0,0,0,01,0,0,0
D,969626445,1003,1631,0,-1543,253,3,0,0,0,0,01,0,0,0
D,969627444,999,1631,0,-1543,255,3,0,0,0,0,01,0,0,0
D,969628442,998,1631,0,-1543,245,3,0,0,0,0,01,0,0,0
D,969629454,1012,1631,0,-1543,252,3,8,0,0,0,01,0,0,0
D,969630449,995,1631,0,-1543,249,3,8,0,0,0,01,0,0,0
D,969631461,1012,1631,0,-1543,269,4,8,0,0,0,01,0,0,0
D,969632462,1001,1631,0,-1543,273,4,8,0,0,0,01,0,0,0
D,969633423,961,1631,0,-1543,227,4,0,0,0,0,01,0,0,0
D,969634431,1008,1631,0,-1543,230,3,0,0,0,0,01,0,0,0
D,969635419,988,1631,0,-1543,222,3,0,0,0,0,01,0,0,0
D,969636414,995,1631,0,-1543,221,3,0,0,0,0,01,0,0,0
D,969637421,1007,1631,0,-1543,221,3,0,0,0,0,01,0,0,0
D,969638424,1003,1631,0,-1543,225,3,0,0,0,0,01,0,0,0
D,969639421,997,1631,0,-1543,221,3,0,0,0,0,01,0,0,0
D,969640467,1046,1631,0,-1543,270,3,0,0,0,0,01,0,0,0
D,969641529,1062,1631,0,-1543,328,3,0,0,0,0,01,0,0,0
D,969642538,1009,1631,0,-1543,348,2,0,0,0,0,01,0,0,0
D,969643459,921,1631,0,-1543,265,2,0,0,0,0,01,0,0,0
D,969644443,984,1631,0,-1543,246,2,0,0,0,0,01,0,0,0
D,969645443,1000,1631,0,-1543,251,2,0,0,0,0,01,0,0,0
D,969646452,1009,1631,0,-1543,254,2,0,0,0,0,01,0,0,0
D,969647448,996,1631,0,-1543,255,2,0,0,0,0,01,0,0,0
D,969648436,988,1631,0,-1543,245,2,0,0,0,0,01,0,0,0
D,969649440,1004,1631,0,-1543,252,2,0,0,0,0,01,0,0,0
D,969650451,1011,1631,0,-1543,252,2,0,0,0,0,01,0,0,0
D,969651457,1006,1631,0,-1543,266,2,0,0,0,0,01,0,0,0
D,969652464,1007,1631,0,-1543,272,2,0,0,0,0,01,0,0,0
D,969653423,959,1631,0,-1543,229,2,0,0,0,0,01,0,0,0
D,969654429,1006,1631,0,-1543,228,2,0,0,0,0,01,0,0,0
D,969655419,990,1631,0,-1543,225,1,0,0,0,0,01,0,0,0
D,969656414,995,1631,0,-1543,221,1,0,0,0,0,01,0,0,0
D,969657421,1007,1631,0,-1543,221,1,0,0,0,0,01,0,0,0
D,969658421,1000,1631,0,-1543,222,1,0,0,0,0,01,0,0,0
D,969659420,999,1631,0,-1543,223,1,0,0,0,0,01,0,0,0
D,969660463,1043,1631,0,-1543,269,1,0,0,0,0,01,0,0,0
D,969661526,1063,1631,0,-1543,327,1,0,0,0,0,01,0,0,0
D,969662545,1019,1631,0,-1543,348,1,0,0,0,0,01,0,0,0
D,969663462,917,1631,0,-1543,265,1,0,0,0,0,01,0,0,0
D,969664434,972,1631,0,-1543,245,1,0,0,0,0,01,0,0,0
D,969665448,1014,1631,0,-1543,250,1,0,0,0,0,01,0,0,0
D,969666452,1004,1631,0,-1543,253,1,0,0,0,0,01,0,0,0
D,969667447,995,1631,0,-1543,255,1,0,0,0,0,01,0,0,0
D,969668444,997,1631,0,-1543,244,1,0,0,0,0,01,0,0,0
D,969669448,1004,1631,0,-1543,251,1,0,0,0,0,01,0,0,0
D,969670441,993,1631,0,-1543,249,1,0,0,0,0,01,0,0,0
D,969671474,1033,1631,0,-1543,276,1,0,0,0,0,01,0,0,0
D,969672461,987,1631,0,-1543,269,1,0,0,0,0,01,0,0,0
D,969673420,959,1631,0,-1543,229,1,0,0,0,0,01,0,0,0
D,969674427,1007,1631,0,-1543,227,1,0,0,0,0,01,0,0,0
D,969675414,987,1631,0,-1543,223,1,0,0,0,0,01,0,0,0
D,969676421,1007,1631,0,-1543,221,1,0,0,0,0,01,0,0,0
D,969677414,993,1631,0,-1543,220,1,0,0,0,0,01,0,0,0
D,969678423,1009,1630,-1,-1542,221,1,8,0,0,0,01,0,0,0
D,969679420,997,1630,0,-1542,225,1,8,0,0,0,01,0,0,0
D,969680481,1061,1631,1,-1543,280,1,0,0,0,0,01,0,0,0
D,969681543,1062,1631,0,-1543,340,1,0,0,0,0,01,0,0,0
D,969682541,998,1630,-1,-1542,346,1,8,0,0,0,01,0,0,0
D,969683458,917,1630,0,-1542,257,2,8,0,0,0,01,0,0,0
D,969684442,984,1630,0,-1542,245,2,8,0,0,0,01,0,0,0
D,969685439,997,1630,0,-1542,249,2,8,0,0,0,01,0,0,0
D,969686441,1002,1630,0,-1542,252,2,8,0,0,0,01,0,0,0
D,969687449,1008,1630,0,-1542,248,3,8,0,0,0,01,0,0,0
D,969688444,995,1630,0,-1542,245,3,8,0,0,0,01,0,0,0
D,969689442,998,1630,0,-1542,243,3,8,0,0,0,01,0,0,0
D,969690452,1010,1630,0,-1542,254,3,8,0,0,0,01,0,0,0
D,969691445,993,1630,0,-1542,254,3,8,0,0,0,01,0,0,0
D,969692480,1035,1630,0,-1542,281,4,8,0,0,0,01,0,0,0
D,969693428,948,1630,0,-1542,230,4,8,0,0,0,01,0,0,0
D,969694420,992,1630,0,-1542,227,4,8,0,0,0,01,0,0,0
D,969695422,1002,1630,0,-1542,223,4,8,0,0,0,01,0,0,0
D,969696419,997,1630,0,-1542,224,4,8,0,0,0,01,0,0,0
D,969697414,995,1630,0,-1542,221,4,8,0,0,0,01,0,0,0
D,969698413,999,1630,0,-1542,225,4,8,0,0,0,01,0,0,0
D,969699414,1001,1630,0,-1542,224,5,8,0,0,0,01,0,0,0
D,969700482,1068,1630,0,-1542,280,5,8,0,0,0,01,0,0,0
D,969701519,1037,1630,0,-1542,328,5,8,0,0,0,01,0,0,0
D,969702536,1017,1630,0,-1542,343,5,8,0,0,0,01,0,0,0
D,969703458,922,1630,0,-1542,264,5,8,0,0,0,01,0,0,0
D,969704441,983,1630,0,-1542,249,5,8,0,0,0,01,0,0,0
D,969705440,999,1630,0,-1542,250,5,8,0,0,0,01,0,0,0
D,969706443,1003,1630,0,-1542,255,5,8,0,0,0,01,0,0,0
D,969707444,1001,1630,0,-1542,255,6,8,0,0,0,01,0,0,0
D,969708443,999,1630,0,-1542,245,5,0,0,0,0,01,0,0,0
D,969709453,1010,1630,0,-1542,253,5,0,0,0,0,01,0,0,0
D,969710449,996,1630,0,-1542,251,5,0,0,0,0,01,0,0,0
D,969711469,1020,1630,0,-1542,277,5,8,0,0,0,01,0,0,0
D,969712467,998,1630,0,-1542,278,5,8,0,0,0,01,0,0,0
D,969713422,955,1630,0,-1542,223,5,0,0,0,0,01,0,0,0
D,969714425,1003,1630,0,-1542,227,5,0,0,0,0,01,0,0,0
D,969715415,990,1630,0,-1542,224,5,0,0,0,0,01,0,0,0
D,969716414,999,1630,0,-1542,221,4,0,0,0,0,01,0,0,0
D,969717421,1007,1630,0,-1542,221,4,0,0,0,0,01,0,0,0
D,969718420,999,1630,0,-1542,221,4,0,0,0,0,01,0,0,0
D,969719420,1000,1630,0,-1542,226,4,0,0,0,0,01,0,0,0
D,969720471,1051,1630,0,-1542,272,4,0,0,0,0,01,0,0,0
D,969721553,1082,1630,0,-1542,353,4,0,0,0,0,01,0,0,0
D,969722547,994,1630,0,-1542,352,3,0,0,0,0,01,0,0,0
D,969723460,913,1630,0,-1542,267,3,0,0,0,0,01,0,0,0
D,969724449,989,1630,0,-1542,249,3,0,0,0,0,01,0,0,0
D,969725436,987,1630,0,-1542,247,3,0,0,0,0,01,0,0,0
D,969726448,1012,1630,0,-1542,253,3,0,0,0,0,01,0,0,0
D,969727450,1002,1630,0,-1542,255,3,0,0,0,0,01,0,0,0
D,969728439,989,1630,0,-1542,245,3,0,0,0,0,01,0,0,0
D,969729445,1006,1630,0,-1542,252,3,0,0,0,0,01,0,0,0
D,969730444,999,1630,0,-1542,252,3,0,0,0,0,01,0,0,0
D,969731459,1015,1630,0,-1542,267,2,0,0,0,0,01,0,0,0
D,969732467,1008,1630,0,-1542,268,2,0,0,0,0,01,0,0,0
D,969733426,959,1630,0,-1542,230,2,0,0,0,0,01,0,0,0
D,969734429,1003,1630,0,-1542,227,2,0,0,0,0,01,0,0,0
D,969735419,990,1630,0,-1542,224,2,0,0,0,0,01,0,0,0
D,969736414,995,1630,0,-1542,221,2,0,0,0,0,01,0,0,0
D,969737421,1007,1630,0,-1542,221,2,0,0,0,0,01,0,0,0
D,969738421,1000,1630,0,-1542,222,2,0,0,0,0,01,0,0,0
D,969739420,999,1630,0,-1542,223,2,0,0,0,0,01,0,0,0
D,969740466,1046,1630,0,-1542,273,2,0,0,0,0,01,0,0,0
D,969741538,1072,1630,0,-1542,339,2,0,0,0,0,01,0,0,0
D,969742539,1001,1630,0,-1542,347,2,0,0,0,0,01,0,0,0
D,969743459,920,1630,0,-1542,264,1,0,0,0,0,01,0,0,0
D,969744439,980,1630,0,-1542,245,1,0,0,0,0,01,0,0,0
D,969745441,1002,1630,0,-1542,250,1,0,0,0,0,01,0,0,0
D,969746446,1005,1630,0,-1542,253,1,0,0,0,0,01,0,0,0
D,969747450,1004,1630,0,-1542,255,1,0,0,0,0,01,0,0,0
D,969748438,988,1630,0,-1542,245,1,0,0,0,0,01,0,0,0
D,969749445,1007,1630,0,-1542,250,1,0,0,0,0,01,0,0,0
D,969750442,997,1630,0,-1542,253,1,0,0,0,0,01,0,0,0
D,969751467,1025,1630,0,-1542,271,1,0,0,0,0,01,0,0,0
D,969752474,1007,1630,0,-1542,275,1,0,0,0,0,01,0,0,0
D,969753421,947,1630,0,-1542,227,1,0,0,0,0,01,0,0,0
D,969754432,1011,1630,0,-1542,230,1,0,0,0,0,01,0,0,0
D,969755419,987,1630,0,-1542,224,1,0,0,0,0,01,0,0,0
D,969756414,995,1630,0,-1542,221,1,0,0,0,0,01,0,0,0
D,969757421,1007,1630,0,-1542,221,1,0,0,0,0,01,0,0,0
D,969758419,998,1630,0,-1542,221,1,0,0,0,0,01,0,0,0
D,969759414,995,1630,0,-1542,221,1,0,0,0,0,01,0,0,0
D,969760462,1048,1630,0,-1542,272,1,0,0,0,0,01,0,0,0
D,969761528,1066,1630,0,-1542,330,1,0,0,0,0,01,0,0,0
D,969762541,1013,1630,0,-1542,348,1,0,0,0,0,01,0,0,0
D,969763455,914,1630,0,-1542,261,1,0,0,0,0,01,0,0,0
D,969764441,986,1630,0,-1542,245,1,0,0,0,0,01,0,0,0
D,969765448,1007,1630,0,-1542,248,1,0,0,0,0,01,0,0,0
D,969766451,1003,1630,0,-1542,255,1,0,0,0,0,01,0,0,0
D,969767455,1004,1630,0,-1542,254,1,0,0,0,0,01,0,0,0
D,969768441,986,1630,0,-1542,244,1,0,0,0,0,01,0,0,0
D,969769439,998,1630,0,-1542,251,1,0,0,0,0,01,0,0,0
D,969770449,1010,1630,0,-1542,252,1,0,0,0,0,01,0,0,0
D,969771474,1025,1630,0,-1542,273,0,0,0,0,0,01,0,0,0
D,969772467,993,1630,0,-1542,275,0,0,0,0,0,01,0,0,0
D,969773414,947,1630,0,-1542,223,0,0,0,0,0,01,0,0,0
D,969774423,1009,1630,0,-1542,228,0,0,0,0,0,01,0,0,0
D,969775414,991,1630,0,-1542,223,0,0,0,0,0,01,0,0,0
D,969776421,1007,1630,0,-1542,221,0,0,0,0,0,01,0,0,0
D,969777414,993,1630,0,-1542,220,0,0,0,0,0,01,0,0,0
D,969778423,1009,1630,0,-1542,221,0,0,0,0,0,01,0,0,0
D,969779419,996,1630,0,-1542,225,0,0,0,0,0,01,0,0,0
D,969780458,1039,1630,0,-1542,263,0,0,0,0,0,01,0,0,0
D,969781526,1068,1630,0,-1542,329,0,0,0,0,0,01,0,0,0
D,969782540,1014,1630,0,-1542,342,0,0,0,0,0,01,0,0,0
D,969783461,921,1630,0,-1542,266,0,0,0,0,0,01,0,0,0
D,969784440,979,1630,0,-1542,244,0,0,0,0,0,01,0,0,0
D,969785448,1008,1630,0,-1542,248,0,0,0,0,0,01,0,0,0
D,969786453,1005,1630,0,-1542,256,0,0,0,0,0,01,0,0,0
D,969787453,1000,1630,0,-1542,255,0,0,0,0,0,01,0,0,0
D,969788438,985,1630,0,-1542,244,0,0,0,0,0,01,0,0,0
D,969789451,1013,1630,0,-1542,250,0,0,0,0,0,01,0,0,0
D,969790444,993,1630,0,-1542,251,0,0,0,0,0,01,0,0,0
D,969791476,1032,1630,0,-1542,276,0,0,0,0,0,01,0,0,0
D,969792464,988,1630,0,-1542,272,0,0,0,0,0,01,0,0,0
D,969793424,960,1630,0,-1542,229,0,0,0,0,0,01,0,0,0
D,969794427,1003,1630,0,-1542,227,0,0,0,0,0,01,0,0,0
D,969795414,987,1630,0,-1542,221,0,0,0,0,0,01,0,0,0
D,969796421,1007,1630,0,-1542,221,0,0,0,0,0,01,0,0,0
D,969797414,993,1630,0,-1542,220,0,0,0,0,0,01,0,0,0
D,969798423,1009,1630,0,-1542,221,0,0,0,0,0,01,0,0,0
D,969799419,996,1630,0,-1542,225,0,0,0,0,0,01,0,0,0
D,969800469,1050,1630,0,-1542,271,0,0,0,0,0,01,0,0,0
D,969801536,1067,1630,0,-1542,335,0,0,0,0,0,01,0,0,0
D,969802552,1016,1630,0,-1542,354,0,0,0,0,0,01,0,0,0
D,969803453,901,1630,0,-1542,264,0,0,0,0,0,01,0,0,0
D,969804439,986,1630,0,-1542,246,0,0,0,0,0,01,0,0,0
D,969805446,1007,1630,0,-1542,245,0,0,0,0,0,01,0,0,0
D,969806451,1005,1630,0,-1542,257,0,0,0,0,0,01,0,0,0
D,969807454,1003,1630,0,-1542,253,0,0,0,0,0,01,0,0,0
D,969808442,988,1630,0,-1542,244,0,0,0,0,0,01,0,0,0
D,969809440,998,1630,0,-1542,250,0,0,0,0,0,01,0,0,0
D,969810451,1011,1630,0,-1542,253,0,0,0,0,0,01,0,0,0
D,969811451,1000,1630,0,-1542,263,0,0,0,0,0,01,0,0,0
D,969812472,1021,1630,0,-1542,273,0,0,0,0,0,01,0,0,0
D,969813424,952,1630,0,-1542,227,0,0,0,0,0,01,0,0,0
D,969814427,1003,1630,0,-1542,228,0,0,0,0,0,01,0,0,0
D,969815414,987,1630,0,-1542,221,0,0,0,0,0,01,0,0,0
D,969816421,1007,1630,0,-1542,222,0,0,0,0,0,01,0,0,0
D,969817414,993,1630,0,-1542,221,0,0,0,0,0,01,0,0,0
D,969818422,1008,1630,0,-1542,221,0,0,0,0,0,01,0,0,0
D,969819419,997,1630,0,-1542,225,0,0,0,0,0,01,0,0,0
D,969820467,1048,1630,0,-1542,273,0,0,0,0,0,01,0,0,0
D,969821529,1062,1630,0,-1542,328,0,0,0,0,0,01,0,0,0
D,969822539,1010,1630,0,-1542,345,0,0,0,0,0,01,0,0,0
D,969823457,918,1630,0,-1542,265,0,0,0,0,0,01,0,0,0
D,969824446,989,1630,0,-1542,248,0,0,0,0,0,01,0,0,0
D,969825446,1000,1630,0,-1542,248,0,0,0,0,0,01,0,0,0
D,969826453,1007,1630,0,-1542,253,0,0,0,0,0,01,0,0,0
D,969827453,1000,1630,0,-1542,255,0,0,0,0,0,01,0,0,0
D,969828438,985,1630,0,-1542,244,0,0,0,0,0,01,0,0,0
D,969829440,1002,1630,0,-1542,251,0,0,0,0,0,01,0,0,0
D,969830448,1008,1630,0,-1542,252,0,0,0,0,0,01,0,0,0
D,969831457,1009,1630,0,-1542,269,0,0,0,0,0,01,0,0,0
D,969832459,1002,1630,0,-1542,270,0,0,0,0,0,01,0,0,0
D,969833420,961,1630,0,-1542,229,0,0,0,0,0,01,0,0,0
D,969834426,1006,1630,0,-1542,227,0,0,0,0,0,01,0,0,0
D,969835414,988,1630,0,-1542,224,0,0,0,0,0,01,0,0,0
D,969836421,1007,1630,0,-1542,221,0,0,0,0,0,01,0,0,0
D,969837414,993,1631,1,-1543,221,0,-8,0,0,0,01,0,0,0
D,969838414,1000,1631,0,-1543,225,-1,-8,0,0,0,01,0,0,0
D,969839414,1000,1631,0,-1543,224,-1,-8,0,0,0,01,0,0,0
D,969840455,1041,1631,0,-1543,267,-1,-8,0,0,0,01,0,0,0
D,969841509,1054,1631,0,-1543,321,-1,-8,0,0,0,01,0,0,0
D,969842546,1037,1630,-1,-1542,346,-1,0,0,0,0,01,0,0,0
D,969843459,913,1630,0,-1542,265,-1,0,0,0,0,01,0,0,0
D,969844442,983,1631,1,-1543,245,-2,-8,0,0,0,01,0,0,0
D,969845443,1001,1631,0,-1543,250,-2,-8,0,0,0,01,0,0,0
D,969846449,1006,1631,0,-1543,253,-2,-8,0,0,0,01,0,0,0
D,969847450,1001,1631,0,-1543,255,-2,-8,0,0,0,01,0,0,0
D,969848435,985,1631,0,-1543,245,-3,-8,0,0,0,01,0,0,0
D,969849454,1019,1631,0,-1543,253,-3,-8,0,0,0,01,0,0,0
D,969850447,993,1631,0,-1543,251,-3,-8,0,0,0,01,0,0,0
D,969851458,1011,1631,0,-1543,270,-3,-8,0,0,0,01,0,0,0
D,969852470,1012,1631,0,-1543,278,-3,-8,0,0,0,01,0,0,0
D,969853421,951,1631,0,-1543,227,-4,-8,0,0,0,01,0,0,0
D,969854426,1005,1631,0,-1543,227,-4,-8,0,0,0,01,0,0,0
D,969855419,993,1631,0,-1543,226,-4,-8,0,0,0,01,0,0,0
D,969856414,995,1631,0,-1543,221,-4,-8,0,0,0,01,0,0,0
D,969857421,1007,1631,0,-1543,221,-4,-8,0,0,0,01,0,0,0
D,969858421,1000,1631,0,-1543,222,-4,-8,0,0,0,01,0,0,0
D,969859420,999,1631,0,-1543,223,-4,-8,0,0,0,01,0,0,0
D,969860467,1047,1631,0,-1543,270,-5,-8,0,0,0,01,0,0,0
D,969861530,1063,1631,0,-1543,330,-5,-8,0,0,0,01,0,0,0
D,969862549,1019,1631,0,-1543,351,-5,-8,0,0,0,01,0,0,0
D,969863466,917,1631,0,-1543,264,-5,-8,0,0,0,01,0,0,0
D,969864443,977,1631,0,-1543,249,-5,-8,0,0,0,01,0,0,0
D,969865445,1002,1631,0,-1543,251,-5,-8,0,0,0,01,0,0,0
D,969866451,1006,1631,0,-1543,256,-5,-8,0,0,0,01,0,0,0
D,969867451,1000,1631,0,-1543,252,-5,0,0,0,0,01,0,0,0
D,969868443,992,1631,0,-1543,248,-5,0,0,0,0,01,0,0,0
D,969869448,1005,1631,0,-1543,250,-5,0,0,0,0,01,0,0,0
D,969870448,1000,1631,0,-1543,255,-5,0,0,0,0,01,0,0,0
D,969871458,1010,1631,0,-1543,268,-4,0,0,0,0,01,0,0,0
D,969872470,1012,1631,0,-1543,271,-4,0,0,0,0,01,0,0,0
D,969873426,956,1631,0,-1543,227,-4,-8,0,0,0,01,0,0,0
D,969874420,994,1631,0,-1543,231,-4,-8,0,0,0,01,0,0,0
D,969875421,1001,1631,0,-1543,221,-4,0,0,0,0,01,0,0,0
D,969876414,993,1631,0,-1543,221,-4,0,0,0,0,01,0,0,0
D,969877421,1007,1631,0,-1543,221,-4,0,0,0,0,01,0,0,0
D,969878424,1003,1631,0,-1543,225,-4,0,0,0,0,01,0,0,0
D,969879421,997,1631,0,-1543,221,-4,0,0,0,0,01,0,0,0
D,969880469,1048,1631,0,-1543,271,-4,0,0,0,0,01,0,0,0
D,969881529,1060,1631,0,-1543,328,-3,0,0,0,0,01,0,0,0
D,969882539,1010,1631,0,-1543,348,-3,0,0,0,0,01,0,0,0
D,969883458,919,1631,0,-1543,264,-3,0,0,0,0,01,0,0,0
D,969884446,988,1631,0,-1543,244,-3,0,0,0,0,01,0,0,0
D,969885447,1001,1631,0,-1543,250,-3,0,0,0,0,01,0,0,0
D,969886453,1006,1632,1,-1544,254,-3,-8,0,0,0,01,0,0,0
D,969887450,997,1632,0,-1544,255,-3,-8,0,0,0,01,0,0,0
D,969888437,987,1632,0,-1544,245,-3,-8,0,0,0,01,0,0,0
D,969889454,1017,1632,0,-1544,252,-4,-8,0,0,0,01,0,0,0
D,969890449,995,1632,0,-1544,249,-4,-8,0,0,0,01,0,0,0
D,969891456,1007,1632,0,-1544,267,-4,-8,0,0,0,01,0,0,0
D,969892467,1011,1632,0,-1544,271,-4,-8,0,0,0,01,0,0,0
D,969893426,959,1632,0,-1544,229,-4,-8,0,0,0,01,0,0,0
D,969894420,994,1632,0,-1544,228,-4,-8,0,0,0,01,0,0,0
D,969895423,1003,1632,0,-1544,223,-5,-8,0,0,0,01,0,0,0
D,969896419,996,1632,0,-1544,222,-5,-8,0,0,0,01,0,0,0
D,969897414,995,1632,0,-1544,221,-5,-8,0,0,0,01,0,0,0
D,969898414,1000,1632,0,-1544,226,-5,-8,0,0,0,01,0,0,0
D,969899419,1005,1632,0,-1544,226,-5,-8,0,0,0,01,0,0,0
D,969900467,1048,1632,0,-1544,273,-5,-8,0,0,0,01,0,0,0
D,969901534,1067,1632,0,-1544,337,-5,-8,0,0,0,01,0,0,0
D,969902547,1013,1632,0,-1544,351,-5,-8,0,0,0,01,0,0,0
D,969903455,908,1632,0,-1544,264,-6,-8,0,0,0,01,0,0,0
D,969904443,988,1632,0,-1544,246,-6,-8,0,0,0,01,0,0,0
D,969905444,1001,1632,0,-1544,251,-6,-8,0,0,0,01,0,0,0
D,969906452,1008,1632,0,-1544,254,-6,-8,0,0,0,01,0,0,0
D,969907450,998,1632,0,-1544,255,-6,-8,0,0,0,01,0,0,0
D,969908436,986,1632,0,-1544,245,-6,-8,0,0,0,01,0,0,0
D,969909442,1006,1632,0,-1544,253,-6,-8,0,0,0,01,0,0,0
D,969910451,1009,1632,0,-1544,252,-6,-8,0,0,0,01,0,0,0
D,969911469,1018,1632,0,-1544,275,-6,-8,0,0,0,01,0,0,0
D,969912464,995,1632,0,-1544,271,-6,-8,0,0,0,01,0,0,0
D,969913421,957,1632,0,-1544,227,-6,-8,0,0,0,01,0,0,0
D,969914432,1011,1632,0,-1544,230,-6,-8,0,0,0,01,0,0,0
D,969915419,987,1632,0,-1544,221,-6,-8,0,0,0,01,0,0,0
D,969916414,995,1633,1,-1545,221,-7,-16,0,0,0,01,0,0,0
D,969917421,1007,1633,0,-1545,221,-7,-8,0,0,0,01,0,0,0
D,969918424,1003,1633,0,-1545,225,-7,-8,0,0,0,01,0,0,0
D,969919421,997,1633,0,-1545,221,-7,-8,0,0,0,01,0,0,0
D,969920466,1045,1633,0,-1545,269,-7,-8,0,0,0,01,0,0,0
D,969921524,1058,1633,0,-1545,327,-7,-8,0,0,0,01,0,0,0
D,969922548,1024,1633,0,-1545,352,-7,-8,0,0,0,01,0,0,0
D,969923459,911,1633,0,-1545,264,-7,-8,0,0,0,01,0,0,0
D,969924435,976,1633,0,-1545,246,-7,-8,0,0,0,01,0,0,0
D,969925452,1017,1633,0,-1545,251,-7,-8,0,0,0,01,0,0,0
D,969926441,989,1633,0,-1545,253,-7,-8,0,0,0,01,0,0,0
D,969927453,1012,1633,0,-1545,252,-7,-8,0,0,0,01,0,0,0
D,969928439,986,1633,0,-1545,245,-7,-8,0,0,0,01,0,0,0
D,969929454,1015,1633,0,-1545,253,-7,-8,0,0,0,01,0,0,0
D,969930451,997,1633,0,-1545,251,-7,-8,0,0,0,01,0,0,0
D,969931458,1007,1633,0,-1545,265,-7,-8,0,0,0,01,0,0,0
D,969932464,1006,1633,0,-1545,273,-7,-8,0,0,0,01,0,0,0
D,969933423,959,1634,1,-1546,229,-8,-16,0,0,0,01,0,0,0
D,969934428,1005,1634,0,-1546,228,-8,-16,0,0,0,01,0,0,0
D,969935419,991,1634,0,-1546,226,-8,-16,0,0,0,01,0,0,0
D,969936414,995,1634,0,-1546,221,-9,-16,0,0,0,01,0,0,0
D,969937421,1007,1634,0,-1546,222,-9,-16,0,0,0,01,0,0,0
D,969938421,1000,1634,0,-1546,222,-9,-16,0,0,0,01,0,0,0
D,969939420,999,1634,0,-1546,223,-9,-16,0,0,0,01,0,0,0
D,969940468,1048,1634,0,-1546,273,-10,-16,0,0,0,01,0,0,0
D,969941529,1061,1634,0,-1546,327,-10,-16,0,0,0,01,0,0,0
D,969942547,1018,1634,0,-1546,352,-10,-16,0,0,0,01,0,0,0
D,969943460,913,1634,0,-1546,267,-10,-16,0,0,0,01,0,0,0
D,969944440,980,1634,0,-1546,249,-11,-16,0,0,0,01,0,0,0
D,969945441,1001,1634,0,-1546,251,-11,-16,0,0,0,01,0,0,0
D,969946443,1002,1634,0,-1546,253,-11,-8,0,0,0,01,0,0,0
D,969947443,1000,1634,0,-1546,255,-11,-8,0,0,0,01,0,0,0
D,969948439,996,1635,1,-1547,245,-11,-16,0,0,0,01,0,0,0
D,969949448,1009,1634,-1,-1546,253,-11,-8,0,0,0,01,0,0,0
D,969950442,994,1635,1,-1547,250,-11,-16,0,0,0,01,0,0,0
D,969951457,1015,1635,0,-1547,269,-11,-16,0,0,0,01,0,0,0
D,969952464,1007,1635,0,-1547,273,-11,-16,0,0,0,01,0,0,0
D,969953422,958,1635,0,-1547,227,-12,-16,0,0,0,01,0,0,0
D,969954430,1008,1635,0,-1547,230,-12,-16,0,0,0,01,0,0,0
D,969955419,989,1635,0,-1547,223,-12,-16,0,0,0,01,0,0,0
D,969956414,995,1636,1,-1548,221,-12,-24,0,0,0,01,0,0,0
D,969957421,1007,1636,0,-1548,221,-13,-24,0,0,0,01,0,0,0
D,969958424,1003,1636,0,-1548,225,-13,-24,0,0,0,01,0,0,0
D,969959421,997,1636,0,-1548,221,-14,-24,0,0,0,01,0,0,0
D,969960471,1050,1636,0,-1548,273,-14,-24,0,0,0,01,0,0,0
D,969961535,1064,1637,1,-1549,335,-15,-32,0,0,0,01,0,0,0
D,969962540,1005,1637,0,-1549,347,-15,-32,0,0,0,01,0,0,0
D,969963458,918,1637,0,-1549,262,-16,-24,0,0,0,01,0,0,0
D,969964444,986,1637,0,-1549,245,-16,-24,0,0,0,01,0,0,0
D,969965441,997,1637,0,-1549,247,-16,-24,0,0,0,01,0,0,0
D,969966451,1010,1638,1,-1550,256,-17,-33,0,0,0,01,0,0,0
D,969967446,995,1638,0,-1550,252,-18,-33,0,0,0,01,0,0,0
D,969968435,989,1638,0,-1550,248,-18,-33,0,0,0,01,0,0,0
D,969969450,1015,1638,0,-1550,250,-19,-33,0,0,0,01,0,0,0
D,969970450,1000,1639,1,-1551,253,-20,-39,0,0,0,01,0,0,0
D,969971474,1024,1639,0,-1551,274,-20,-39,0,0,0,01,0,0,0
D,969972464,990,1640,1,-1552,273,-21,-47,0,0,0,01,0,0,0
D,969973419,955,1640,0,-1552,227,-22,-47,0,0,0,01,0,0,0
D,969974424,1005,1640,0,-1552,228,-23,-47,0,0,0,01,0,0,0
D,969975414,990,1641,1,-1553,224,-25,-55,0,0,0,01,0,0,0
D,969976421,1007,1641,0,-1553,221,-26,-55,0,0,0,01,0,0,0
D,969977414,993,1641,0,-1553,221,-27,-55,0,0,0,01,0,0,0
D,969978424,1010,1641,0,-1553,222,-28,-55,0,0,0,01,0,0,0
D,969979421,997,1642,1,-1554,223,-29,-55,0,0,0,01,0,0,0
D,969980463,1042,1642,0,-1554,268,-30,-57,0,0,0,01,0,0,0
D,969981527,1064,1643,1,-1555,335,-32,-65,0,0,0,01,1,0,0
D,969982549,1022,1644,1,-1556,352,-33,-73,0,0,0,01,1,0,0
D,969983467,918,1644,0,-1556,274,-35,-73,0,0,0,01,1,0,0
D,969984439,972,1645,1,-1557,251,-37,-81,0,0,0,01,1,0,0
D,969985452,1013,1645,0,-1557,256,-38,-81,0,0,0,01,1,0,0
D,969986462,1010,1646,1,-1558,263,-40,-81,0,0,0,01,1,0,0
D,969987464,1002,1647,1,-1559,264,-42,-89,0,0,0,01,1,0,0
D,969988447,983,1647,0,-1559,248,-44,-89,0,0,0,01,1,0,0
D,969989458,1011,1648,1,-1560,261,-46,-98,0,0,0,01,1,0,0
D,969990449,991,1648,0,-1560,257,-48,-94,0,0,0,01,1,0,0
D,969991471,1022,1649,1,-1561,282,-50,-102,0,0,0,01,1,0,0
D,969992473,1002,1650,1,-1562,273,-52,-103,0,0,0,01,1,0,0
D,969993419,946,1651,1,-1563,228,-54,-111,0,0,0,01,1,0,0
D,969994419,1000,1651,0,-1563,229,-56,-110,0,0,0,01,1,0,0
D,969995428,1009,1652,1,-1564,225,-59,-118,0,0,0,01,1,0,0
D,969996419,991,1653,1,-1565,225,-62,-126,0,0,0,01,1,0,0
D,969997421,1002,1654,1,-1566,221,-64,-126,0,0,0,01,1,0,0
D,969998414,993,1655,1,-1567,224,-67,-134,0,0,0,01,1,0,0
D,969999420,1006,1656,1,-1568,226,-70,-142,0,0,0,01,1,0,0
D,970000499,1079,1657,1,-1569,307,-73,-146,0,0,0,01,1,0,0
D,970001627,1128,1658,1,-1570,435,-77,-154,0,0,0,01,1,0,0
D,970002537,910,1659,1,-1571,344,-79,-154,0,0,0,01,1,0,0
D,970003454,917,1660,1,-1572,262,-82,-163,0,0,0,01,1,0,0
D,970004441,987,1660,0,-1572,252,-85,-163,0,0,0,01,1,0,0
D,970005445,1004,1661,1,-1573,246,-88,-163,0,0,0,01,1,0,0
D,970006453,1008,1662,1,-1574,264,-92,-171,0,0,0,01,1,0,0
D,970007443,990,1663,1,-1575,254,-95,-179,0,0,0,01,1,0,0
D,970008455,1012,1664,1,-1576,253,-99,-187,0,0,0,01,1,0,0
D,970009448,993,1664,0,-1576,251,-102,-179,0,0,0,01,1,0,0
D,970010444,996,1665,1,-1577,254,-105,-181,0,0,0,01,1,0,0
D,970011506,1062,1666,1,-1578,317,-108,-189,0,0,0,01,1,0,0
D,970012459,953,1667,1,-1579,264,-111,-189,0,0,0,01,1,0,0
D,970013415,956,1668,1,-1580,224,-114,-190,0,0,0,01,1,0,0
D,970014429,1014,1669,1,-1581,227,-118,-197,0,0,0,01,1,0,0
D,970015426,997,1670,1,-1582,224,-121,-197,0,0,0,01,1,0,0
D,970016423,997,1670,0,-1582,223,-124,-197,0,0,0,01,1,0,0
D,970017419,996,1671,1,-1583,224,-127,-197,0,0,0,01,1,0,0
D,970018415,996,1671,0,-1583,224,-129,-189,0,0,0,01,1,0,0
D,970019414,999,1672,1,-1584,226,-132,-197,0,0,0,01,1,0,0
D,970020501,1087,1672,0,-1584,299,-134,-195,0,0,0,01,1,0,0
D,970021659,1158,1673,1,-1585,452,-137,-194,0,0,0,01,1,0,0
D,970022539,880,1673,0,-1585,339,-139,-187,0,0,0,01,1,0,0
D,970023470,931,1674,1,-1586,270,-141,-187,0,0,0,01,1,0,0
D,970024457,987,1675,1,-1587,256,-143,-195,0,0,0,01,1,0,0
D,970025458,1001,1675,0,-1587,255,-144,-187,0,0,0,01,1,0,0
D,970026459,1001,1675,0,-1587,266,-146,-179,0,0,0,01,1,0,0
D,970027448,989,1675,0,-1587,255,-147,-171,0,0,0,01,1,0,0
D,970028449,1001,1675,0,-1587,256,-147,-163,0,0,0,01,1,0,0
D,970029457,1008,1675,0,-1587,253,-148,-154,0,0,0,01,1,0,0
D,970030464,1007,1675,0,-1587,267,-148,-149,0,0,0,01,1,0,0
D,970031533,1069,1675,0,-1587,330,-147,-142,0,0,0,01,1,0,0
D,970032440,907,1675,0,-1587,252,-147,-135,0,0,0,01,1,0,0
D,970033420,980,1675,0,-1587,226,-146,-126,0,0,0,01,1,0,0
D,970034420,1000,1675,0,-1587,225,-145,-118,0,0,0,01,1,0,0
D,970035424,1004,1675,0,-1587,223,-144,-118,0,0,0,01,1,0,0
D,970036414,990,1674,-1,-1586,222,-142,-102,0,0,0,01,1,0,0
D,970037421,1007,1674,0,-1586,221,-141,-95,0,0,0,01,1,0,0
D,970038415,994,1674,0,-1586,224,-138,-87,0,0,0,01,1,0,0
D,970039414,999,1674,0,-1586,226,-136,-79,0,0,0,01,1,0,0
D,970040501,1087,1674,0,-1586,293,-133,-73,0,0,0,01,1,0,0
D,970041657,1156,1673,-1,-1585,457,-130,-57,0,0,0,01,1,0,0
D,970042538,881,1673,0,-1585,339,-127,-49,0,0,0,01,1,0,0
D,970043465,927,1672,-1,-1584,271,-124,-32,0,0,0,01,1,0,0
D,970044457,992,1673,1,-1585,254,-120,-33,0,0,0,01,1,0,0
D,970045448,991,1673,0,-1585,255,-116,-24,0,0,0,01,1,0,0
D,970046466,1018,1673,0,-1585,265,-113,-24,0,0,0,01,1,0,0
D,970047455,989,1673,0,-1585,255,-109,-16,0,0,0,01,1,0,0
D,970048457,1002,1673,0,-1585,254,-105,-16,0,0,0,01,1,0,0
D,970049441,984,1674,1,-1586,252,-102,-16,0,0,0,01,1,0,0
D,970050467,1026,1673,-1,-1585,267,-98,-8,0,0,0,01,1,0,0
D,970051527,1060,1673,0,-1585,331,-94,-8,0,0,0,01,1,0,0
D,970052440,913,1674,1,-1586,251,-91,-8,0,0,0,01,1,0,0
D,970053425,985,1674,0,-1586,223,-88,-8,0,0,0,01,1,0,0
D,970054432,1007,1674,0,-1586,230,-85,0,0,0,0,01,1,0,0
D,970055419,987,1674,0,-1586,223,-81,8,0,0,0,01,1,0,0
D,970056412,993,1674,0,-1586,224,-78,8,0,0,0,01,1,0,0
D,970057421,1009,1674,0,-1586,221,-74,8,0,0,0,01,1,0,0
D,970058415,994,1674,0,-1586,224,-71,8,0,0,0,01,1,0,0
D,970059414,999,1675,1,-1587,226,-68,0,0,0,0,01,1,0,0
D,970060504,1090,1675,0,-1587,298,-65,0,0,0,0,01,1,0,0
D,970061645,1141,1675,0,-1587,450,-62,0,0,0,0,01,1,0,0
D,970062538,893,1675,0,-1587,338,-60,0,0,0,0,01,1,0,0
D,970063472,934,1675,0,-1587,268,-58,0,0,0,0,01,1,0,0
D,970064449,977,1675,0,-1587,257,-56,0,0,0,0,01,1,0,0
D,970065454,1005,1675,0,-1587,254,-54,0,0,0,0,01,1,0,0
D,970066467,1013,1675,0,-1587,267,-52,-8,0,0,0,01,1,0,0
D,970067443,976,1675,0,-1587,255,-50,-8,0,0,0,01,1,0,0
D,970068458,1015,1675,0,-1587,255,-48,-8,0,0,0,01,1,0,0
D,970069451,993,1675,0,-1587,254,-47,-8,0,0,0,01,1,0,0
D,970070461,1010,1674,-1,-1586,267,-45,0,0,0,0,01,1,0,0
D,970071535,1074,1674,0,-1586,328,-43,0,0,0,0,01,1,0,0
D,970072439,904,1674,0,-1586,250,-42,-8,0,0,0,01,1,0,0
D,970073421,982,1674,0,-1586,220,-41,-8,0,0,0,01,1,0,0
D,970074420,999,1674,0,-1586,226,-40,-16,0,0,0,01,1,0,0
D,970075423,1003,1674,0,-1586,222,-38,-8,0,0,0,01,1,0,0
D,970076414,991,1674,0,-1586,222,-37,-8,0,0,0,01,1,0,0
D,970077423,1009,1673,-1,-1585,220,-36,0,0,0,0,01,1,0,0
D,970078415,992,1673,0,-1585,222,-34,0,0,0,0,01,1,0,0
D,970079414,999,1673,0,-1585,225,-33,0,0,0,0,01,1,0,0
D,970080466,1052,1672,-1,-1584,268,-31,16,0,0,0,01,1,0,0
D,970081561,1095,1672,0,-1584,361,-29,8,0,0,0,01,1,0,0
D,970082541,980,1672,0,-1584,343,-28,16,0,0,0,01,1,0,0
D,970083465,924,1672,0,-1584,267,-26,16,0,0,0,01,1,0,0
D,970084454,989,1672,0,-1584,252,-24,16,0,0,0,01,1,0,0
D,970085462,1008,1671,-1,-1583,258,-22,24,0,0,0,01,1,0,0
D,970086450,988,1671,0,-1583,258,-21,24,0,0,0,01,1,0,0
D,970087459,1009,1671,0,-1583,262,-19,24,0,0,0,01,1,0,0
D,970088453,994,1671,0,-1583,251,-17,24,0,0,0,01,1,0,0
D,970089446,993,1670,-1,-1582,258,-15,41,0,0,0,01,1,0,0
D,970090452,1006,1670,0,-1582,259,-13,39,0,0,0,01,1,0,0
D,970091477,1025,1670,0,-1582,287,-11,39,0,0,0,01,1,0,0
D,970092467,990,1669,-1,-1581,276,-8,48,0,0,0,01,1,0,0
D,970093413,946,1669,0,-1581,222,-6,47,0,0,0,01,1,0,0
D,970094420,1007,1669,0,-1581,230,-4,47,0,0,0,01,1,0,0
D,970095418,998,1669,0,-1581,222,-2,47,0,0,0,01,1,0,0
D,970096412,994,1668,-1,-1580,224,0,55,0,0,0,01,1,0,0
D,970097418,1006,1668,0,-1580,221,2,55,0,0,0,01,1,0,0
D,970098415,997,1668,0,-1580,224,4,55,0,0,0,01,1,0,0
D,970099411,996,1667,-1,-1579,223,7,63,0,0,0,01,1,0,0
D,970100474,1063,1667,0,-1579,269,9,57,0,0,0,01,1,0,0
D,970101540,1066,1667,0,-1579,336,11,57,0,0,0,01,1,0,0
D,970102537,997,1667,0,-1579,335,13,57,0,0,0,01,1,0,0
D,970103461,924,1666,-1,-1578,272,14,65,0,0,0,01,1,0,0
D,970104458,997,1666,0,-1578,256,16,65,0,0,0,01,1,0,0
D,970105455,997,1666,0,-1578,252,18,65,0,0,0,01,1,0,0
D,970106453,998,1666,0,-1578,264,20,65,0,0,0,01,1,0,0
D,970107452,999,1665,-1,-1577,262,22,65,0,0,0,01,1,0,0
D,970108443,991,1665,0,-1577,254,24,65,0,0,0,01,1,0,0
D,970109448,1005,1665,0,-1577,258,25,65,0,0,0,01,1,0,0
D,970110451,1003,1665,0,-1577,260,27,63,0,0,0,01,1,0,0
D,970111470,1019,1664,-1,-1576,277,28,63,0,0,0,01,1,0,0
D,970112481,1011,1664,0,-1576,277,30,63,0,0,0,01,1,0,0
D,970113414,933,1664,0,-1576,226,31,63,0,0,0,01,1,0,0
D,970114420,1006,1664,0,-1576,229,32,63,0,0,0,01,1,0,0
D,970115422,1002,1663,-1,-1575,221,34,71,0,0,0,01,1,0,0
D,970116414,992,1663,0,-1575,223,35,63,0,0,0,01,1,0,0
D,970117422,1008,1663,0,-1575,221,36,63,0,0,0,01,1,0,0
D,970118420,998,1663,0,-1575,228,37,63,0,0,0,01,1,0,0
D,970119414,994,1663,0,-1575,221,38,63,0,0,0,01,1,0,0
D,970120473,1059,1663,0,-1575,272,39,57,0,0,0,01,1,0,0
D,970121545,1072,1663,0,-1575,346,39,57,0,0,0,01,1,0,0
D,970122556,1011,1663,0,-1575,351,40,49,0,0,0,01,1,0,0
D,970123465,909,1663,0,-1575,277,40,49,0,0,0,01,1,0,0
D,970124456,991,1663,0,-1575,252,40,49,0,0,0,01,1,0,0
D,970125444,988,1662,-1,-1574,255,41,57,0,0,0,01,1,0,0
D,970126467,1023,1662,0,-1574,265,41,49,0,0,0,01,1,0,0
D,970127460,993,1663,1,-1575,263,41,41,0,0,0,01,1,0,0
D,970128445,985,1662,-1,-1574,253,42,49,0,0,0,01,1,0,0
D,970129450,1005,1661,-1,-1573,259,42,49,0,0,0,01,1,0,0
D,970130460,1010,1660,-1,-1572,260,42,55,0,0,0,01,1,0,0
D,970131470,1010,1660,0,-1572,278,43,55,0,0,0,01,1,0,0
D,970132462,992,1659,-1,-1571,273,44,63,0,0,0,01,1,0,0
D,970133420,958,1659,0,-1571,226,45,63,0,0,0,01,1,0,0
D,970134426,1006,1659,0,-1571,227,45,55,0,0,0,01,1,0,0
D,970135414,988,1659,0,-1571,226,45,55,0,0,0,01,1,0,0
D,970136423,1009,1658,-1,-1570,221,46,63,0,0,0,01,1,0,0
D,970137414,991,1658,0,-1570,222,47,63,0,0,0,01,1,0,0
D,970138415,1001,1657,-1,-1569,223,47,63,0,0,0,01,1,0,0
D,970139414,999,1657,0,-1569,226,48,63,0,0,0,01,1,0,0
D,970140485,1071,1657,0,-1569,280,49,65,0,0,0,01,1,0,0
D,970141532,1047,1656,-1,-1568,338,49,65,0,0,0,01,1,0,0
D,970142522,990,1656,0,-1568,331,50,65,0,0,0,01,1,0,0
D,970143467,945,1656,0,-1568,270,50,65,0,0,0,01,1,0,0
D,970144445,978,1655,-1,-1567,252,51,73,0,0,0,01,1,0,0
D,970145448,1003,1655,0,-1567,253,52,65,0,0,0,01,1,0,0
D,970146464,1016,1655,0,-1567,265,52,65,0,0,0,01,1,0,0
D,970147453,989,1654,-1,-1566,255,53,73,0,0,0,01,1,0,0
D,970148449,996,1654,0,-1566,246,54,73,0,0,0,01,1,0,0
D,970149444,995,1654,0,-1566,250,55,73,0,0,0,01,1,0,0
D,970150455,1011,1654,0,-1566,257,55,71,0,0,0,01,1,0,0
D,970151474,1019,1654,0,-1566,273,56,71,0,0,0,01,1,0,0
D,970152478,1004,1654,0,-1566,284,57,71,0,0,0,01,1,0,0
D,970153419,941,1653,-1,-1565,228,57,79,0,0,0,01,1,0,0
D,970154420,1001,1653,0,-1565,226,58,79,0,0,0,01,1,0,0
D,970155421,1001,1653,0,-1565,225,59,79,0,0,0,01,1,0,0
D,970156414,993,1652,-1,-1564,222,60,79,0,0,0,01,1,0,0
D,970157423,1009,1652,0,-1564,221,61,79,0,0,0,01,1,0,0
D,970158414,991,1652,0,-1564,222,62,87,0,0,0,01,1,0,0
D,970159427,1013,1651,-1,-1563,224,63,87,0,0,0,01,1,0,0
D,970160510,1083,1651,0,-1563,309,63,73,0,0,0,01,1,0,0
D,970161609,1099,1651,0,-1563,414,63,73,0,0,0,01,1,0,0
D,970162556,947,1651,0,-1563,358,64,65,0,0,0,01,1,0,0
D,970163450,894,1651,0,-1563,252,64,65,0,0,0,01,1,0,0
D,970164447,997,1650,-1,-1562,251,64,73,0,0,0,01,1,0,0
D,970165443,996,1650,0,-1562,249,64,73,0,0,0,01,1,0,0
D,970166454,1011,1650,0,-1562,264,64,65,0,0,0,01,1,0,0
D,970167448,994,1650,0,-1562,252,64,65,0,0,0,01,1,0,0
D,970168455,1007,1650,0,-1562,254,64,57,0,0,0,01,1,0,0
D,970169447,992,1650,0,-1562,251,64,57,0,0,0,01,1,0,0
D,970170453,1006,1650,0,-1562,259,63,55,0,0,0,01,1,0,0
D,970171522,1069,1650,0,-1562,326,63,55,0,0,0,01,1,0,0
D,970172453,931,1650,0,-1562,265,63,47,0,0,0,01,1,0,0
D,970173420,967,1650,0,-1562,224,62,47,0,0,0,01,1,0,0
D,970174420,1000,1650,0,-1562,227,61,47,0,0,0,01,1,0,0
D,970175419,999,1650,0,-1562,223,61,39,0,0,0,01,1,0,0
D,970176412,993,1650,0,-1562,224,60,39,0,0,0,01,1,0,0
D,970177421,1009,1650,0,-1562,221,59,39,0,0,0,01,1,0,0
D,970178415,994,1650,0,-1562,224,58,32,0,0,0,01,1,0,0
D,970179414,999,1649,-1,-1561,226,57,39,0,0,0,01,1,0,0
D,970180498,1084,1649,0,-1561,297,56,41,0,0,0,01,1,0,0
D,970181647,1149,1649,0,-1561,449,56,40,0,0,0,01,1,0,0
D,970182541,894,1649,0,-1561,344,55,41,0,0,0,01,1,0,0
D,970183454,913,1649,0,-1561,263,54,33,0,0,0,01,1,0,0
D,970184445,991,1649,0,-1561,255,54,33,0,0,0,01,1,0,0
D,970185445,1000,1649,0,-1561,255,53,33,0,0,0,01,1,0,0
D,970186457,1012,1649,0,-1561,263,52,24,0,0,0,01,1,0,0
D,970187444,987,1649,0,-1561,256,51,24,0,0,0,01,1,0,0
D,970188441,997,1648,-1,-1560,254,50,33,0,0,0,01,1,0,0
D,970189460,1019,1648,0,-1560,257,49,24,0,0,0,01,1,0,0
D,970190465,1005,1648,0,-1560,265,48,24,0,0,0,01,1,0,0
D,970191533,1068,1648,0,-1560,327,47,24,0,0,0,01,1,0,0
D,970192438,905,1647,-1,-1559,250,46,32,0,0,0,01,1,0,0
D,970193415,977,1647,0,-1559,224,46,32,0,0,0,01,1,0,0
D,970194419,1004,1647,0,-1559,226,45,32,0,0,0,01,1,0,0
D,970195414,995,1647,0,-1559,222,44,24,0,0,0,01,1,0,0
D,970196420,1006,1647,0,-1559,217,43,24,0,0,0,01,1,0,0
D,970197422,1002,1647,0,-1559,219,43,24,0,0,0,01,1,0,0
D,970198412,990,1646,-1,-1558,221,42,32,0,0,0,01,1,0,0
D,970199420,1008,1646,0,-1558,221,42,32,0,0,0,01,1,0,0
D,970200477,1057,1646,0,-1558,275,41,33,0,0,0,01,1,0,0
D,970201520,1043,1646,0,-1558,331,41,31,0,0,0,01,1,0,0
D,970202540,1020,1646,0,-1558,347,41,32,0,0,0,01,1,0,0
D,970203462,922,1646,0,-1558,267,40,33,0,0,0,01,1,0,0
D,970204453,991,1646,0,-1558,254,40,33,0,0,0,01,1,0,0
D,970205451,998,1646,0,-1558,252,40,33,0,0,0,01,1,0,0
D,970206460,1009,1645,-1,-1557,262,40,41,0,0,0,01,1,0,0
D,970207459,999,1645,0,-1557,260,40,41,0,0,0,01,1,0,0
D,970208444,985,1645,0,-1557,249,40,41,0,0,0,01,1,0,0
D,970209457,1013,1645,0,-1557,256,40,33,0,0,0,01,1,0,0
D,970210449,992,1645,0,-1557,258,39,31,0,0,0,01,1,0,0
D,970211463,1014,1645,0,-1557,274,39,32,0,0,0,01,1,0,0
D,970212467,1004,1645,0,-1557,278,39,32,0,0,0,01,1,0,0
D,970213414,947,1645,0,-1557,226,38,32,0,0,0,01,1,0,0
D,970214424,1010,1645,0,-1557,226,38,32,0,0,0,01,1,0,0
D,970215427,1003,1644,-1,-1556,225,38,39,0,0,0,01,1,0,0
D,970216419,992,1644,0,-1556,225,38,39,0,0,0,01,1,0,0
D,970217424,1005,1644,0,-1556,221,38,39,0,0,0,01,1,0,0
D,970218415,991,1644,0,-1556,224,38,39,0,0,0,01,1,0,0
D,970219427,1012,1644,0,-1556,224,38,32,0,0,0,01,1,0,0
D,970220465,1038,1644,0,-1556,270,38,33,0,0,0,01,1,0,0
D,970221533,1068,1644,0,-1556,335,38,33,0,0,0,01,1,0,0
D,970222548,1015,1644,0,-1556,350,37,24,0,0,0,01,1,0,0
D,970223473,925,1644,0,-1556,276,37,24,0,0,0,01,1,0,0
D,970224445,972,1643,-1,-1555,250,36,33,0,0,0,01,1,0,0
D,970225446,1001,1643,0,-1555,256,36,33,0,0,0,01,1,0,0
D,970226457,1011,1643,0,-1555,262,36,33,0,0,0,01,1,0,0
D,970227463,1006,1643,0,-1555,265,36,33,0,0,0,01,1,0,0
D,970228450,987,1643,0,-1555,248,36,24,0,0,0,01,1,0,0
D,970229448,998,1643,0,-1555,260,35,24,0,0,0,01,1,0,0
D,970230454,1006,1643,0,-1555,256,35,24,0,0,0,01,1,0,0
D,970231477,1023,1643,0,-1555,281,34,24,0,0,0,01,1,0,0
D,970232474,997,1643,0,-1555,273,34,24,0,0,0,01,1,0,0
D,970233421,947,1643,0,-1555,227,33,24,0,0,0,01,1,0,0
D,970234419,998,1643,0,-1555,226,33,24,0,0,0,01,1,0,0
D,970235420,1001,1643,0,-1555,228,33,24,0,0,0,01,1,0,0
D,970236413,993,1642,-1,-1554,225,33,32,0,0,0,01,1,0,0
D,970237419,1006,1642,0,-1554,224,32,24,0,0,0,01,1,0,0
D,970238414,995,1642,0,-1554,223,32,24,0,0,0,01,1,0,0
D,970239425,1011,1642,0,-1554,224,32,24,0,0,0,01,1,0,0
D,970240460,1035,1642,0,-1554,266,31,24,0,0,0,01,1,0,0
D,970241525,1065,1642,0,-1554,335,31,24,0,0,0,01,1,0,0
D,970242547,1022,1642,0,-1554,347,31,24,0,0,0,01,1,0,0
D,970243473,926,1642,0,-1554,279,31,24,0,0,0,01,1,0,0
D,970244442,969,1642,0,-1554,250,30,24,0,0,0,01,1,0,0
D,970245456,1014,1642,0,-1554,256,30,16,0,0,0,01,1,0,0
D,970246450,994,1642,0,-1554,262,29,16,0,0,0,01,1,0,0
D,970247457,1007,1642,0,-1554,261,29,16,0,0,0,01,1,0,0
D,970248439,982,1642,0,-1554,250,28,16,0,0,0,01,1,0,0
D,970249454,1015,1642,0,-1554,261,28,16,0,0,0,01,1,0,0
D,970250449,995,1642,0,-1554,260,27,16,0,0,0,01,1,0,0
D,970251464,1015,1641,-1,-1553,271,27,24,0,0,0,01,1,0,0
D,970252475,1011,1641,0,-1553,272,27,24,0,0,0,01,1,0,0
D,970253419,944,1641,0,-1553,231,27,24,0,0,0,01,1,0,0
D,970254420,1001,1641,0,-1553,227,27,24,0,0,0,01,1,0,0
D,970255419,999,1641,0,-1553,226,26,16,0,0,0,01,1,0,0
D,970256424,1005,1641,0,-1553,221,26,16,0,0,0,01,1,0,0
D,970257414,990,1641,0,-1553,224,26,16,0,0,0,01,1,0,0
D,970258420,1006,1641,0,-1553,222,25,16,0,0,0,01,1,0,0
D,970259414,994,1641,0,-1553,225,25,16,0,0,0,01,1,0,0
D,970260462,1048,1641,0,-1553,266,24,16,0,0,0,01,1,0,0
D,970261528,1066,1641,0,-1553,331,24,16,0,0,0,01,1,0,0
D,970262548,1020,1641,0,-1553,352,24,16,0,0,0,01,1,0,0
D,970263473,925,1641,0,-1553,274,23,16,0,0,0,01,1,0,0
D,970264452,979,1641,0,-1553,250,23,16,0,0,0,01,1,0,0
D,970265452,1000,1641,0,-1553,256,23,16,0,0,0,01,1,0,0
D,970266462,1010,1641,0,-1553,260,22,8,0,0,0,01,1,0,0
D,970267454,992,1641,0,-1553,265,22,8,0,0,0,01,1,0,0
D,970268442,988,1641,0,-1553,249,21,8,0,0,0,01,1,0,0
D,970269459,1017,1641,0,-1553,261,21,8,0,0,0,01,1,0,0
D,970270453,994,1641,0,-1553,255,20,8,0,0,0,01,1,0,0
D,970271482,1029,1641,0,-1553,286,20,8,0,0,0,01,1,0,0
D,970272462,980,1641,0,-1553,270,19,8,0,0,0,01,1,0,0
D,970273419,957,1641,0,-1553,224,19,8,0,0,0,01,1,0,0
D,970274419,1000,1641,0,-1553,230,18,8,0,0,0,01,1,0,0
D,970275414,995,1641,0,-1553,223,18,8,0,0,0,01,1,0,0
D,970276423,1009,1641,0,-1553,221,18,8,0,0,0,01,1,0,0
D,970277409,986,1641,0,-1553,221,17,8,0,0,0,01,1,0,0
D,970278414,1005,1641,0,-1553,222,17,8,0,0,0,01,1,0,0
D,970279421,1007,1640,-1,-1552,221,17,16,0,0,0,01,1,0,0
D,970280480,1059,1640,0,-1552,275,17,16,0,0,0,01,1,0,0
D,970281532,1052,1641,1,-1553,341,16,0,0,0,0,01,1,0,0
D,970282553,1021,1641,0,-1553,348,15,0,0,0,0,01,1,0,0
D,970283453,900,1640,-1,-1552,265,15,8,0,0,0,01,1,0,0
D,970284439,986,1640,0,-1552,250,15,8,0,0,0,01,1,0,0
D,970285444,1005,1640,0,-1552,255,15,8,0,0,0,01,1,0,0
D,970286454,1010,1640,0,-1552,259,14,8,0,0,0,01,1,0,0
D,970287446,992,1640,0,-1552,257,14,8,0,0,0,01,1,0,0
D,970288448,1002,1640,0,-1552,247,14,8,0,0,0,01,1,0,0
D,970289455,1007,1640,0,-1552,252,14,8,0,0,0,01,1,0,0
D,970290459,1004,1640,0,-1552,260,13,8,0,0,0,01,1,0,0
D,970291463,1004,1640,0,-1552,266,13,8,0,0,0,01,1,0,0
D,970292478,1015,1640,0,-1552,284,13,8,0,0,0,01,1,0,0
D,970293414,936,1640,0,-1552,226,13,8,0,0,0,01,1,0,0
D,970294420,1006,1640,0,-1552,230,13,8,0,0,0,01,1,0,0
D,970295419,999,1640,0,-1552,223,12,8,0,0,0,01,1,0,0
D,970296413,994,1640,0,-1552,224,12,8,0,0,0,01,1,0,0
D,970297419,1006,1640,0,-1552,222,12,8,0,0,0,01,1,0,0
D,970298415,996,1640,0,-1552,224,12,8,0,0,0,01,1,0,0
D,970299414,999,1640,0,-1552,226,12,8,0,0,0,01,1,0,0
D,970300482,1068,1640,0,-1552,279,12,8,0,0,0,01,1,0,0
D,970301531,1049,1640,0,-1552,340,11,8,0,0,0,01,1,0,0
D,970302554,1023,1640,0,-1552,350,11,8,0,0,0,01,1,0,0
D,970303467,913,1640,0,-1552,274,11,8,0,0,0,01,1,0,0
D,970304450,983,1640,0,-1552,255,11,8,0,0,0,01,1,0,0
D,970305454,1004,1640,0,-1552,253,11,8,0,0,0,01,1,0,0
D,970306450,996,1640,0,-1552,261,11,8,0,0,0,01,1,0,0
D,970307460,1010,1639,-1,-1551,264,11,16,0,0,0,01,1,0,0
D,970308444,984,1639,0,-1551,245,11,16,0,0,0,01,1,0,0
D,970309456,1012,1640,1,-1552,261,11,0,0,0,0,01,1,0,0
D,970310453,997,1640,0,-1552,257,10,0,0,0,0,01,1,0,0
D,970311471,1018,1639,-1,-1551,278,10,8,0,0,0,01,1,0,0
D,970312474,1003,1639,0,-1551,275,11,16,0,0,0,01,1,0,0
D,970313414,940,1639,0,-1551,226,11,16,0,0,0,01,1,0,0
D,970314429,1015,1639,0,-1551,227,11,8,0,0,0,01,1,0,0
D,970315419,990,1639,0,-1551,227,11,8,0,0,0,01,1,0,0
D,970316412,993,1639,0,-1551,224,10,8,0,0,0,01,1,0,0
D,970317419,1007,1639,0,-1551,223,10,8,0,0,0,01,1,0,0
D,970318420,1001,1639,0,-1551,229,10,8,0,0,0,01,1,0,0
D,970319414,994,1639,0,-1551,222,10,8,0,0,0,01,1,0,0
D,970320465,1051,1639,0,-1551,266,10,8,0,0,0,01,1,0,0
D,970321533,1068,1639,0,-1551,336,10,8,0,0,0,01,1,0,0
D,970322556,1023,1639,0,-1551,351,10,8,0,0,0,01,1,0,0
D,970323469,913,1639,0,-1551,273,10,8,0,0,0,01,1,0,0
D,970324444,975,1639,0,-1551,253,10,8,0,0,0,01,1,0,0
D,970325443,999,1639,0,-1551,253,10,8,0,0,0,01,1,0,0
D,970326458,1015,1639,0,-1551,265,10,8,0,0,0,01,1,0,0
D,970327460,1002,1639,0,-1551,261,10,8,0,0,0,01,1,0,0
D,970328452,992,1639,0,-1551,251,10,8,0,0,0,01,1,0,0
D,970329461,1009,1639,0,-1551,258,9,8,0,0,0,01,1,0,0
D,970330449,988,1639,0,-1551,261,9,8,0,0,0,01,1,0,0
D,970331464,1015,1639,0,-1551,276,9,8,0,0,0,01,1,0,0
D,970332462,998,1639,0,-1551,272,9,8,0,0,0,01,1,0,0
D,970333419,957,1639,0,-1551,231,9,8,0,0,0,01,1,0,0
D,970334420,1001,1639,0,-1551,229,9,8,0,0,0,01,1,0,0
D,970335420,1000,1639,0,-1551,223,9,8,0,0,0,01,1,0,0
D,970336413,993,1639,0,-1551,224,9,8,0,0,0,01,1,0,0
D,970337423,1010,1639,0,-1551,221,9,8,0,0,0,01,1,0,0
D,970338415,992,1639,0,-1551,223,9,0,0,0,0,01,1,0,0
D,970339414,999,1639,0,-1551,226,8,0,0,0,0,01,1,0,0
D,970340467,1053,1639,0,-1551,266,8,8,0,0,0,01,1,0,0
D,970341536,1069,1639,0,-1551,337,8,0,0,0,0,01,1,0,0
D,970342547,1011,1639,0,-1551,351,8,0,0,0,0,01,1,0,0
D,970343471,924,1639,0,-1551,277,7,0,0,0,0,01,1,0,0
D,970344451,980,1639,0,-1551,251,7,0,0,0,0,01,1,0,0
D,970345455,1004,1639,0,-1551,256,7,0,0,0,0,01,1,0,0
D,970346466,1011,1639,0,-1551,262,7,0,0,0,0,01,1,0,0
D,970347457,991,1639,0,-1551,263,6,0,0,0,0,01,1,0,0
D,970348449,992,1639,0,-1551,250,6,0,0,0,0,01,1,0,0
D,970349452,1003,1639,0,-1551,261,6,0,0,0,0,01,1,0,0
D,970350444,992,1638,-1,-1550,256,6,8,0,0,0,01,1,0,0
D,970351474,1030,1639,1,-1551,284,6,0,0,0,0,01,1,0,0
D,970352476,1002,1638,-1,-1550,273,6,8,0,0,0,01,1,0,0
D,970353414,938,1638,0,-1550,226,6,8,0,0,0,01,1,0,0
D,970354433,1019,1638,0,-1550,230,6,8,0,0,0,01,1,0,0
D,970355414,981,1638,0,-1550,221,6,8,0,0,0,01,1,0,0
D,970356423,1009,1638,0,-1550,221,6,8,0,0,0,01,1,0,0
D,970357414,991,1638,0,-1550,223,6,8,0,0,0,01,1,0,0
D,970358424,1010,1638,0,-1550,225,6,8,0,0,0,01,1,0,0
D,970359419,995,1638,0,-1550,223,6,8,0,0,0,01,1,0,0
D,970360477,1058,1638,0,-1550,273,6,8,0,0,0,01,1,0,0
D,970361531,1054,1638,0,-1550,341,6,8,0,0,0,01,1,0,0
D,970362547,1016,1638,0,-1550,348,6,8,0,0,0,01,1,0,0
D,970363467,920,1638,0,-1550,267,7,8,0,0,0,01,1,0,0
D,970364441,974,1638,0,-1550,252,7,8,0,0,0,01,1,0,0
D,970365458,1017,1638,0,-1550,255,7,8,0,0,0,01,1,0,0
D,970366453,995,1638,0,-1550,259,7,8,0,0,0,01,1,0,0
D,970367455,1002,1638,0,-1550,258,7,8,0,0,0,01,1,0,0
D,970368441,986,1638,0,-1550,247,7,8,0,0,0,01,1,0,0
D,970369451,1010,1638,0,-1550,254,7,8,0,0,0,01,1,0,0
D,970370444,993,1638,0,-1550,255,7,8,0,0,0,01,1,0,0
D,970371478,1034,1638,0,-1550,275,7,8,0,0,0,01,1,0,0
D,970372467,989,1638,0,-1550,279,7,8,0,0,0,01,1,0,0
D,970373426,959,1638,0,-1550,226,7,8,0,0,0,01,1,0,0
D,970374425,999,1638,0,-1550,225,7,8,0,0,0,01,1,0,0
D,970375422,997,1638,0,-1550,222,7,8,0,0,0,01,1,0,0
D,970376414,992,1638,0,-1550,225,7,8,0,0,0,01,1,0,0
D,970377413,999,1638,0,-1550,218,7,8,0,0,0,01,1,0,0
D,970378420,1007,1638,0,-1550,222,7,8,0,0,0,01,1,0,0
D,970379412,992,1638,0,-1550,223,7,8,0,0,0,01,1,0,0
D,970380466,1054,1638,0,-1550,268,7,0,0,0,0,01,1,0,0
D,970381529,1063,1638,0,-1550,333,7,8,0,0,0,01,1,0,0
D,970382552,1023,1638,0,-1550,351,7,0,0,0,0,01,1,0,0
D,970383467,915,1638,0,-1550,266,6,0,0,0,0,01,1,0,0
D,970384447,980,1638,0,-1550,254,6,0,0,0,0,01,1,0,0
D,970385453,1006,1638,0,-1550,253,6,0,0,0,0,01,1,0,0
D,970386460,1007,1638,0,-1550,262,6,0,0,0,0,01,1,0,0
D,970387456,996,1638,0,-1550,256,5,0,0,0,0,01,1,0,0
D,970388443,987,1638,0,-1550,250,5,0,0,0,0,01,1,0,0
D,970389455,1012,1638,0,-1550,254,5,0,0,0,0,01,1,0,0
D,970390448,993,1638,0,-1550,256,5,0,0,0,0,01,1,0,0
D,970391467,1019,1638,0,-1550,274,5,0,0,0,0,01,1,0,0
D,970392475,1008,1638,0,-1550,280,4,0,0,0,0,01,1,0,0
D,970393419,944,1638,0,-1550,231,4,0,0,0,0,01,1,0,0
D,970394423,1004,1638,0,-1550,224,4,0,0,0,0,01,1,0,0
D,970395429,1006,1638,0,-1550,226,4,0,0,0,0,01,1,0,0
D,970396412,983,1638,0,-1550,224,4,0,0,0,0,01,1,0,0
D,970397419,1007,1638,0,-1550,223,4,0,0,0,0,01,1,0,0
D,970398414,995,1638,0,-1550,223,4,0,0,0,0,01,1,0,0
D,970399427,1013,1638,0,-1550,225,3,0,0,0,0,01,1,0,0
D,970400465,1038,1638,0,-1550,267,3,0,0,0,0,01,1,0,0
D,970401544,1079,1638,0,-1550,345,3,0,0,0,0,01,1,0,0
D,970402540,996,1638,0,-1550,346,3,0,0,0,0,01,1,0,0
D,970403463,923,1637,-1,-1549,269,3,8,0,0,0,01,1,0,0
D,970404439,976,1638,1,-1550,251,3,0,0,0,0,01,1,0,0
D,970405455,1016,1637,-1,-1549,256,3,8,0,0,0,01,1,0,0
D,970406449,994,1637,0,-1549,260,3,8,0,0,0,01,1,0,0
D,970407452,1003,1637,0,-1549,258,4,8,0,0,0,01,1,0,0
D,970408441,989,1637,0,-1549,248,4,8,0,0,0,01,1,0,0
D,970409453,1012,1637,0,-1549,254,4,8,0,0,0,01,1,0,0
D,970410446,993,1637,0,-1549,256,4,8,0,0,0,01,1,0,0
D,970411459,1013,1637,0,-1549,270,4,8,0,0,0,01,1,0,0
D,970412476,1017,1637,0,-1549,279,4,8,0,0,0,01,1,0,0
D,970413433,957,1637,0,-1549,229,5,8,0,0,0,01,1,0,0
D,970414423,990,1637,0,-1549,225,5,8,0,0,0,01,1,0,0
D,970415429,1006,1637,0,-1549,225,5,8,0,0,0,01,1,0,0
D,970416422,993,1637,0,-1549,221,5,8,0,0,0,01,1,0,0
D,970417414,992,1637,0,-1549,224,5,8,0,0,0,01,1,0,0
D,970418415,1001,1637,0,-1549,226,5,8,0,0,0,01,1,0,0
D,970419427,1012,1637,0,-1549,223,5,8,0,0,0,01,1,0,0
D,970420466,1039,1637,0,-1549,269,5,8,0,0,0,01,1,0,0
D,970421525,1059,1637,0,-1549,332,5,8,0,0,0,01,1,0,0
D,970422537,1012,1637,0,-1549,347,6,8,0,0,0,01,1,0,0
D,970423466,929,1637,0,-1549,269,6,8,0,0,0,01,1,0,0
D,970424444,978,1637,0,-1549,250,6,8,0,0,0,01,1,0,0
D,970425444,1000,1637,0,-1549,255,6,8,0,0,0,01,1,0,0
D,970426453,1009,1637,0,-1549,262,6,8,0,0,0,01,1,0,0
D,970427451,998,1637,0,-1549,257,6,8,0,0,0,01,1,0,0
D,970428436,985,1637,0,-1549,248,6,8,0,0,0,01,1,0,0
D,970429447,1011,1637,0,-1549,253,6,8,0,0,0,01,1,0,0
D,970430459,1012,1637,0,-1549,257,6,8,0,0,0,01,1,0,0
D,970431473,1014,1637,0,-1549,274,6,8,0,0,0,01,1,0,0
D,970432478,1005,1637,0,-1549,286,6,8,0,0,0,01,1,0,0
D,970433414,936,1637,0,-1549,224,6,8,0,0,0,01,1,0,0
D,970434427,1013,1637,0,-1549,224,6,0,0,0,0,01,1,0,0
D,970435415,988,1637,0,-1549,226,6,8,0,0,0,01,1,0,0
D,970436412,997,1637,0,-1549,224,6,0,0,0,0,01,1,0,0
D,970437419,1007,1637,0,-1549,223,6,0,0,0,0,01,1,0,0
D,970438414,995,1637,0,-1549,223,6,0,0,0,0,01,1,0,0
D,970439427,1013,1637,0,-1549,225,5,0,0,0,0,01,1,0,0
D,970440466,1039,1637,0,-1549,267,5,0,0,0,0,01,1,0,0
D,970441545,1079,1637,0,-1549,346,5,0,0,0,0,01,1,0,0
D,970442536,991,1637,0,-1549,344,5,0,0,0,0,01,1,0,0
D,970443460,924,1637,0,-1549,265,5,0,0,0,0,01,1,0,0
D,970444455,995,1637,0,-1549,257,4,0,0,0,0,01,1,0,0
D,970445455,1000,1637,0,-1549,252,4,0,0,0,0,01,1,0,0
D,970446459,1004,1637,0,-1549,265,4,0,0,0,0,01,1,0,0
D,970447451,992,1637,0,-1549,255,4,0,0,0,0,01,1,0,0
D,970448445,994,1637,0,-1549,251,4,0,0,0,0,01,1,0,0
D,970449446,1001,1637,0,-1549,251,4,0,0,0,0,01,1,0,0
D,970450459,1013,1637,0,-1549,259,3,0,0,0,0,01,1,0,0
D,970451464,1005,1637,0,-1549,269,3,0,0,0,0,01,1,0,0
D,970452481,1017,1637,0,-1549,278,3,0,0,0,0,01,1,0,0
D,970453419,938,1637,0,-1549,231,3,0,0,0,0,01,1,0,0
D,970454420,1001,1637,0,-1549,226,3,0,0,0,0,01,1,0,0
D,970455422,1002,1637,0,-1549,226,3,0,0,0,0,01,1,0,0
D,970456414,992,1637,0,-1549,223,3,0,0,0,0,01,1,0,0
D,970457423,1009,1637,0,-1549,221,3,0,0,0,0,01,1,0,0
D,970458415,992,1637,0,-1549,223,2,0,0,0,0,01,1,0,0
D,970459414,999,1637,0,-1549,226,2,0,0,0,0,01,1,0,0
D,970460479,1065,1637,0,-1549,275,2,0,0,0,0,01,1,0,0
D,970461568,1089,1637,0,-1549,364,2,0,0,0,0,01,1,0,0
D,970462541,973,1637,0,-1549,348,2,0,0,0,0,01,1,0,0
D,970463466,925,1637,0,-1549,272,2,0,0,0,0,01,1,0,0
D,970464455,989,1637,0,-1549,255,2,0,0,0,0,01,1,0,0
D,970465455,1000,1637,0,-1549,253,2,0,0,0,0,01,1,0,0
D,970466460,1005,1637,0,-1549,267,2,0,0,0,0,01,1,0,0
D,970467463,1003,1637,0,-1549,261,2,0,0,0,0,01,1,0,0
D,970468441,978,1637,0,-1549,251,2,0,0,0,0,01,1,0,0
D,970469454,1013,1637,0,-1549,257,2,0,0,0,0,01,1,0,0
D,970470455,1001,1637,0,-1549,259,2,0,0,0,0,01,1,0,0
D,970471471,1016,1637,0,-1549,275,1,0,0,0,0,01,1,0,0
D,970472476,1005,1637,0,-1549,277,1,0,0,0,0,01,1,0,0
D,970473428,952,1637,0,-1549,226,1,0,0,0,0,01,1,0,0
D,970474426,998,1637,0,-1549,224,1,0,0,0,0,01,1,0,0
D,970475415,989,1637,0,-1549,227,1,0,0,0,0,01,1,0,0
D,970476412,997,1637,0,-1549,224,1,0,0,0,0,01,1,0,0
D,970477419,1007,1637,0,-1549,223,1,0,0,0,0,01,1,0,0
D,970478414,995,1637,0,-1549,223,1,0,0,0,0,01,1,0,0
D,970479427,1013,1637,0,-1549,225,1,0,0,0,0,01,1,0,0
D,970480471,1044,1637,0,-1549,269,1,0,0,0,0,01,1,0,0
D,970481537,1066,1637,0,-1549,335,1,0,0,0,0,01,1,0,0
D,970482539,1002,1637,0,-1549,348,1,0,0,0,0,01,1,0,0
D,970483466,927,1637,0,-1549,271,1,0,0,0,0,01,1,0,0
D,970484443,977,1637,0,-1549,252,1,0,0,0,0,01,1,0,0
D,970485453,1010,1637,0,-1549,251,1,0,0,0,0,01,1,0,0
D,970486464,1011,1637,0,-1549,266,1,0,0,0,0,01,1,0,0
D,970487452,988,1637,0,-1549,263,1,0,0,0,0,01,1,0,0
D,970488444,992,1636,-1,-1548,247,1,8,0,0,0,01,1,0,0
D,970489462,1018,1636,0,-1548,261,1,8,0,0,0,01,1,0,0
D,970490448,986,1637,1,-1549,258,1,0,0,0,0,01,1,0,0
D,970491464,1016,1636,-1,-1548,274,2,8,0,0,0,01,1,0,0
D,970492474,1010,1636,0,-1548,273,2,8,0,0,0,01,1,0,0
D,970493430,956,1636,0,-1548,227,2,8,0,0,0,01,1,0,0
D,970494420,990,1636,0,-1548,230,2,8,0,0,0,01,1,0,0
D,970495420,1000,1636,0,-1548,223,2,8,0,0,0,01,1,0,0
D,970496413,993,1637,1,-1549,224,2,0,0,0,0,01,1,0,0
D,970497423,1010,1636,-1,-1548,221,3,8,0,0,0,01,1,0,0
D,970498415,992,1637,1,-1549,223,3,0,0,0,0,01,1,0,0
D,970499414,999,1637,0,-1549,226,2,0,0,0,0,01,1,0,0
D,970500473,1059,1636,-1,-1548,271,3,8,0,0,0,01,1,0,0
D,970501549,1076,1636,0,-1548,346,3,8,0,0,0,01,1,0,0
D,970502529,980,1636,0,-1548,338,3,8,0,0,0,01,1,0,0
D,970503471,942,1636,0,-1548,276,3,8,0,0,0,01,1,0,0
D,970504454,983,1636,0,-1548,255,3,8,0,0,0,01,1,0,0
D,970505444,990,1636,0,-1548,256,4,8,0,0,0,01,1,0,0
D,970506455,1011,1636,0,-1548,260,4,8,0,0,0,01,1,0,0
D,970507450,995,1636,0,-1548,262,4,8,0,0,0,01,1,0,0
D,970508449,999,1636,0,-1548,248,4,8,0,0,0,01,1,0,0
D,970509447,998,1636,0,-1548,257,4,8,0,0,0,01,1,0,0
D,970510452,1005,1636,0,-1548,256,4,8,0,0,0,01,1,0,0
D,970511475,1023,1636,0,-1548,282,5,8,0,0,0,01,1,0,0
D,970512477,1002,1636,0,-1548,274,5,8,0,0,0,01,1,0,0
D,970513414,937,1636,0,-1548,226,5,8,0,0,0,01,1,0,0
D,970514432,1018,1636,0,-1548,229,5,8,0,0,0,01,1,0,0
D,970515414,982,1636,0,-1548,221,5,8,0,0,0,01,1,0,0
D,970516423,1009,1636,0,-1548,221,5,8,0,0,0,01,1,0,0
D,970517414,991,1636,0,-1548,223,5,8,0,0,0,01,1,0,0
D,970518424,1010,1636,0,-1548,225,5,8,0,0,0,01,1,0,0
D,970519419,995,1636,0,-1548,223,5,0,0,0,0,01,1,0,0
D,970520451,1032,1636,0,-1548,261,5,8,0,0,0,01,1,0,0
D,970521524,1073,1636,0,-1548,334,5,0,0,0,0,01,1,0,0
D,970522550,1026,1636,0,-1548,352,5,0,0,0,0,01,1,0,0
D,970523465,915,1636,0,-1548,273,5,0,0,0,0,01,1,0,0
D,970524459,994,1636,0,-1548,257,5,0,0,0,0,01,1,0,0
D,970525442,983,1636,0,-1548,252,4,0,0,0,0,01,1,0,0
D,970526460,1018,1636,0,-1548,263,4,8,0,0,0,01,1,0,0
D,970527464,1004,1636,0,-1548,263,4,0,0,0,0,01,1,0,0
D,970528437,973,1636,0,-1548,248,4,8,0,0,0,01,1,0,0
D,970529455,1018,1636,0,-1548,259,5,8,0,0,0,01,1,0,0
D,970530452,997,1636,0,-1548,259,5,8,0,0,0,01,1,0,0
D,970531465,1013,1636,0,-1548,275,5,0,0,0,0,01,1,0,0
D,970532473,1008,1636,0,-1548,273,4,0,0,0,0,01,1,0,0
D,970533421,948,1636,0,-1548,228,4,0,0,0,0,01,1,0,0
D,970534421,1000,1636,0,-1548,227,4,0,0,0,0,01,1,0,0
D,970535420,999,1636,0,-1548,224,4,0,0,0,0,01,1,0,0
D,970536413,993,1636,0,-1548,225,4,0,0,0,0,01,1,0,0
D,970537419,1006,1636,0,-1548,222,4,0,0,0,0,01,1,0,0
D,970538415,996,1636,0,-1548,223,3,0,0,0,0,01,1,0,0
D,970539414,999,1636,0,-1548,226,3,0,0,0,0,01,1,0,0
D,970540468,1054,1636,0,-1548,267,3,0,0,0,0,01,1,0,0
D,970541539,1071,1636,0,-1548,337,3,0,0,0,0,01,1,0,0
D,970542548,1009,1636,0,-1548,350,3,0,0,0,0,01,1,0,0
D,970543472,924,1636,0,-1548,277,3,0,0,0,0,01,1,0,0
D,970544447,975,1636,0,-1548,251,3,0,0,0,0,01,1,0,0
D,970545453,1006,1636,0,-1548,256,3,0,0,0,0,01,1,0,0
D,970546462,1009,1636,0,-1548,260,2,0,0,0,0,01,1,0,0
D,970547468,1006,1636,0,-1548,265,2,0,0,0,0,01,1,0,0
D,970548441,973,1636,0,-1548,248,2,0,0,0,0,01,1,0,0
D,970549458,1017,1636,0,-1548,260,2,0,0,0,0,01,1,0,0
D,970550455,997,1636,0,-1548,255,2,0,0,0,0,01,1,0,0
D,970551479,1024,1636,0,-1548,282,2,0,0,0,0,01,1,0,0
D,970552464,985,1636,0,-1548,275,2,0,0,0,0,01,1,0,0
D,970553414,950,1636,0,-1548,226,2,0,0,0,0,01,1,0,0
D,970554427,1013,1636,0,-1548,224,2,0,0,0,0,01,1,0,0
D,970555415,988,1636,0,-1548,227,2,0,0,0,0,01,1,0,0
D,970556412,997,1636,0,-1548,224,2,0,0,0,0,01,1,0,0
D,970557419,1007,1636,0,-1548,223,2,0,0,0,0,01,1,0,0
D,970558414,995,1636,0,-1548,223,2,0,0,0,0,01,1,0,0
D,970559427,1013,1636,0,-1548,225,1,0,0,0,0,01,1,0,0
D,970560461,1034,1636,0,-1548,262,1,0,0,0,0,01,1,0,0
D,970561547,1086,1636,0,-1548,349,1,0,0,0,0,01,1,0,0
D,970562537,990,1636,0,-1548,347,1,0,0,0,0,01,1,0,0
D,970563471,934,1636,0,-1548,275,1,0,0,0,0,01,1,0,0
D,970564444,973,1636,0,-1548,251,1,0,0,0,0,01,1,0,0
D,970565444,1000,1636,0,-1548,256,1,0,0,0,0,01,1,0,0
D,970566460,1016,1636,0,-1548,262,1,0,0,0,0,01,1,0,0
D,970567469,1009,1636,0,-1548,265,1,0,0,0,0,01,1,0,0
D,970568441,972,1636,0,-1548,248,1,0,0,0,0,01,1,0,0
D,970569459,1018,1636,0,-1548,261,1,0,0,0,0,01,1,0,0
D,970570454,995,1636,0,-1548,255,1,0,0,0,0,01,1,0,0
D,970571480,1026,1636,0,-1548,286,1,0,0,0,0,01,1,0,0
D,970572461,981,1636,0,-1548,268,1,0,0,0,0,01,1,0,0
D,970573426,965,1636,0,-1548,229,1,0,0,0,0,01,1,0,0
D,970574426,1000,1636,0,-1548,225,1,0,0,0,0,01,1,0,0
D,970575425,999,1636,0,-1548,223,1,0,0,0,0,01,1,0,0
D,970576414,989,1636,0,-1548,221,1,0,0,0,0,01,1,0,0
D,970577423,1009,1636,0,-1548,221,1,0,0,0,0,01,1,0,0
D,970578414,991,1636,0,-1548,223,1,0,0,0,0,01,1,0,0
D,970579423,1009,1636,0,-1548,221,1,0,0,0,0,01,1,0,0
D,970580447,1024,1636,0,-1548,259,1,0,0,0,0,01,1,0,0
D,970581532,1085,1636,0,-1548,336,1,0,0,0,0,01,1,0,0
D,970582547,1015,1636,0,-1548,352,1,0,0,0,0,01,1,0,0
D,970583470,923,1636,0,-1548,273,1,0,0,0,0,01,1,0,0
D,970584447,977,1636,0,-1548,251,1,0,0,0,0,01,1,0,0
D,970585448,1001,1636,0,-1548,250,1,0,0,0,0,01,1,0,0
D,970586465,1017,1636,0,-1548,263,1,0,0,0,0,01,1,0,0
D,970587460,995,1636,0,-1548,261,0,0,0,0,0,01,1,0,0
D,970588450,990,1636,0,-1548,247,0,0,0,0,0,01,1,0,0
D,970589459,1009,1636,0,-1548,256,0,0,0,0,0,01,1,0,0
D,970590464,1005,1636,0,-1548,262,0,0,0,0,0,01,1,0,0
D,970591473,1009,1636,0,-1548,270,0,0,0,0,0,01,1,0,0
D,970592480,1007,1636,0,-1548,277,0,0,0,0,0,01,1,0,0
D,970593419,939,1636,0,-1548,225,0,0,0,0,0,01,1,0,0
D,970594421,1002,1636,0,-1548,227,0,0,0,0,0,01,1,0,0
D,970595419,998,1636,0,-1548,224,0,0,0,0,0,01,1,0,0
D,970596412,993,1636,0,-1548,224,0,0,0,0,0,01,1,0,0
D,970597419,1007,1636,0,-1548,223,0,0,0,0,0,01,1,0,0
D,970598414,995,1636,0,-1548,224,0,0,0,0,0,01,1,0,0
D,970599423,1009,1636,0,-1548,221,0,0,0,0,0,01,1,0,0
D,970600453,1030,1636,0,-1548,262,0,0,0,0,0,01,1,0,0
D,970601516,1063,1636,0,-1548,325,0,0,0,0,0,01,1,0,0
D,970602546,1030,1636,0,-1548,349,0,0,0,0,0,01,1,0,0
D,970603476,930,1636,0,-1548,275,0,0,0,0,0,01,1,0,0
D,970604450,974,1636,0,-1548,247,0,0,0,0,0,01,1,0,0
D,970605454,1004,1635,-1,-1547,256,1,8,0,0,0,01,1,0,0
D,970606461,1007,1635,0,-1547,258,1,8,0,0,0,01,1,0,0
D,970607465,1004,1636,1,-1548,263,1,0,0,0,0,01,1,0,0
D,970608439,974,1635,-1,-1547,250,1,8,0,0,0,01,1,0,0
D,970609451,1012,1635,0,-1547,259,1,8,0,0,0,01,1,0,0
D,970610452,1001,1636,1,-1548,259,1,0,0,0,0,01,1,0,0
D,970611477,1025,1635,-1,-1547,282,2,8,0,0,0,01,1,0,0
D,970612478,1001,1636,1,-1548,275,2,0,0,0,0,01,1,0,0
D,970613420,942,1636,0,-1548,229,1,0,0,0,0,01,1,0,0
D,970614428,1008,1636,0,-1548,228,1,0,0,0,0,01,1,0,0
D,970615413,985,1635,-1,-1547,225,2,8,0,0,0,01,1,0,0
D,970616422,1009,1635,0,-1547,221,2,8,0,0,0,01,1,0,0
D,970617414,992,1635,0,-1547,223,2,8,0,0,0,01,1,0,0
D,970618423,1009,1636,1,-1548,224,2,0,0,0,0,01,1,0,0
D,970619415,992,1636,0,-1548,222,2,0,0,0,0,01,1,0,0
D,970620448,1033,1636,0,-1548,259,2,0,0,0,0,01,1,0,0
D,970621538,1090,1635,-1,-1547,340,2,8,0,0,0,01,1,0,0
D,970622538,1000,1635,0,-1547,344,2,8,0,0,0,01,1,0,0
D,970623466,928,1636,1,-1548,275,2,0,0,0,0,01,1,0,0
D,970624447,981,1636,0,-1548,251,2,0,0,0,0,01,1,0,0
D,970625445,998,1635,-1,-1547,256,2,8,0,0,0,01,1,0,0
D,970626458,1013,1636,1,-1548,263,2,0,0,0,0,01,1,0,0
D,970627462,1004,1636,0,-1548,264,2,0,0,0,0,01,1,0,0
D,970628451,989,1635,-1,-1547,248,2,8,0,0,0,01,1,0,0
D,970629452,1001,1635,0,-1547,261,3,8,0,0,0,01,1,0,0
D,970630447,995,1635,0,-1547,258,3,8,0,0,0,01,1,0,0
D,970631467,1020,1635,0,-1547,279,3,8,0,0,0,01,1,0,0
D,970632463,996,1636,1,-1548,273,3,0,0,0,0,01,1,0,0
D,970633419,956,1635,-1,-1547,231,3,8,0,0,0,01,1,0,0
D,970634425,1006,1635,0,-1547,225,3,8,0,0,0,01,1,0,0
D,970635414,989,1635,0,-1547,225,4,8,0,0,0,01,1,0,0
D,970636422,1008,1635,0,-1547,221,3,0,0,0,0,01,1,0,0
D,970637414,992,1635,0,-1547,223,3,0,0,0,0,01,1,0,0
D,970638422,1008,1635,0,-1547,222,3,8,0,0,0,01,1,0,0
D,970639419,997,1635,0,-1547,226,3,0,0,0,0,01,1,0,0
D,970640453,1034,1635,0,-1547,262,4,8,0,0,0,01,1,0,0
D,970641522,1069,1635,0,-1547,329,3,0,0,0,0,01,1,0,0
D,970642529,1007,1635,0,-1547,337,4,8,0,0,0,01,1,0,0
D,970643472,943,1635,0,-1547,276,4,8,0,0,0,01,1,0,0
D,970644451,979,1635,0,-1547,255,4,8,0,0,0,01,1,0,0
D,970645444,993,1635,0,-1547,249,4,0,0,0,0,01,1,0,0
D,970646462,1018,1635,0,-1547,266,4,0,0,0,0,01,1,0,0
D,970647465,1003,1635,0,-1547,262,3,0,0,0,0,01,1,0,0
D,970648451,986,1635,0,-1547,249,4,8,0,0,0,01,1,0,0
D,970649452,1001,1635,0,-1547,258,4,8,0,0,0,01,1,0,0
D,970650454,1002,1635,0,-1547,261,4,8,0,0,0,01,1,0,0
D,970651469,1015,1635,0,-1547,272,4,8,0,0,0,01,1,0,0
D,970652477,1008,1635,0,-1547,273,4,0,0,0,0,01,1,0,0
D,970653430,953,1635,0,-1547,228,4,0,0,0,0,01,1,0,0
D,970654420,990,1635,0,-1547,231,4,8,0,0,0,01,1,0,0
D,970655420,1000,1635,0,-1547,224,4,8,0,0,0,01,1,0,0
D,970656413,993,1635,0,-1547,225,4,0,0,0,0,01,1,0,0
D,970657419,1006,1635,0,-1547,222,4,8,0,0,0,01,1,0,0
D,970658415,996,1635,0,-1547,224,4,8,0,0,0,01,1,0,0
D,970659414,999,1635,0,-1547,226,4,0,0,0,0,01,1,0,0
D,970660465,1051,1635,0,-1547,265,4,0,0,0,0,01,1,0,0
D,970661529,1064,1635,0,-1547,331,4,0,0,0,0,01,1,0,0
D,970662548,1019,1635,0,-1547,351,4,8,0,0,0,01,1,0,0
D,970663478,930,1635,0,-1547,277,4,0,0,0,0,01,1,0,0
D,970664442,964,1635,0,-1547,250,4,0,0,0,0,01,1,0,0
D,970665445,1003,1635,0,-1547,257,4,0,0,0,0,01,1,0,0
D,970666455,1010,1635,0,-1547,261,3,0,0,0,0,01,1,0,0
D,970667462,1007,1635,0,-1547,264,3,0,0,0,0,01,1,0,0
D,970668447,985,1635,0,-1547,248,3,0,0,0,0,01,1,0,0
D,970669448,1001,1635,0,-1547,260,3,0,0,0,0,01,1,0,0
D,970670460,1012,1635,0,-1547,257,3,0,0,0,0,01,1,0,0
D,970671485,1025,1635,0,-1547,283,3,0,0,0,0,01,1,0,0
D,970672465,980,1635,0,-1547,275,3,0,0,0,0,01,1,0,0
D,970673414,949,1635,0,-1547,226,3,0,0,0,0,01,1,0,0
D,970674414,1000,1635,0,-1547,225,2,0,0,0,0,01,1,0,0
D,970675415,1001,1635,0,-1547,226,2,0,0,0,0,01,1,0,0
D,970676412,997,1635,0,-1547,224,2,0,0,0,0,01,1,0,0
D,970677419,1007,1635,0,-1547,223,2,0,0,0,0,01,1,0,0
D,970678414,995,1635,0,-1547,223,2,0,0,0,0,01,1,0,0
D,970679427,1013,1635,0,-1547,225,2,0,0,0,0,01,1,0,0
D,970680459,1032,1635,0,-1547,263,2,0,0,0,0,01,2,0,0
D,970681533,1074,1635,0,-1547,339,2,0,0,0,0,01,2,0,0
D,970682536,1003,1635,0,-1547,347,2,0,0,0,0,01,2,0,0
D,970683470,934,1635,0,-1547,275,2,0,0,0,0,01,2,0,0
D,970684442,972,1635,0,-1547,249,2,0,0,0,0,01,2,0,0
D,970685445,1003,1635,0,-1547,251,2,0,0,0,0,01,2,0,0
D,970686456,1011,1635,0,-1547,259,2,0,0,0,0,01,2,0,0
D,970687445,989,1635,0,-1547,256,1,0,0,0,0,01,2,0,0
D,970688443,998,1635,0,-1547,247,1,0,0,0,0,01,2,0,0
D,970689451,1008,1635,0,-1547,259,1,0,0,0,0,01,2,0,0
D,970690446,995,1635,0,-1547,255,1,0,0,0,0,01,2,0,0
D,970691474,1028,1635,0,-1547,280,1,0,0,0,0,01,2,0,0
D,970692457,983,1635,0,-1547,267,1,0,0,0,0,01,2,0,0
D,970693413,956,1635,0,-1547,225,1,0,0,0,0,01,2,0,0
D,970694426,1013,1635,0,-1547,222,1,0,0,0,0,01,2,0,0
D,970695421,995,1635,0,-1547,218,1,0,0,0,0,01,2,0,0
D,970696410,989,1635,0,-1547,219,1,0,0,0,0,01,2,0,0
D,970697418,1008,1635,0,-1547,220,1,0,0,0,0,01,2,0,0
D,970698409,991,1635,0,-1547,220,1,0,0,0,0,01,2,0,0
D,970699413,1004,1635,0,-1547,215,1,0,0,0,0,01,2,0,0
D,970700461,1048,1635,0,-1547,264,1,0,0,0,0,01,2,0,0
D,970701579,1118,1635,0,-1547,377,1,0,0,0,0,01,2,0,0
D,970702558,979,1635,0,-1547,356,1,0,0,0,0,01,2,0,0
D,970703458,900,1635,0,-1547,268,1,0,0,0,0,01,2,0,0
D,970704444,986,1635,0,-1547,248,1,0,0,0,0,01,2,0,0
D,970705436,992,1635,0,-1547,248,1,0,0,0,0,01,2,0,0
D,970706457,1021,1635,0,-1547,256,1,0,0,0,0,01,2,0,0
D,970707446,989,1635,0,-1547,253,1,0,0,0,0,01,2,0,0
D,970708442,996,1635,0,-1547,244,1,0,0,0,0,01,2,0,0
D,970709447,1005,1635,0,-1547,252,1,0,0,0,0,01,2,0,0
D,970710447,1000,1635,0,-1547,251,1,0,0,0,0,01,2,0,0
D,970711459,1012,1635,0,-1547,265,1,0,0,0,0,01,2,0,0
D,970712476,1017,1635,0,-1547,274,1,0,0,0,0,01,2,0,0
D,970713425,949,1635,0,-1547,221,1,0,0,0,0,01,2,0,0
D,970714420,995,1635,0,-1547,221,0,0,0,0,0,01,2,0,0
D,970715413,993,1635,0,-1547,219,0,0,0,0,0,01,2,0,0
D,970716418,1005,1635,0,-1547,217,0,0,0,0,0,01,2,0,0
D,970717419,1001,1635,0,-1547,216,0,0,0,0,0,01,2,0,0
D,970718407,988,1635,0,-1547,219,0,0,0,0,0,01,2,0,0
D,970719412,1005,1635,0,-1547,219,0,0,0,0,0,01,2,0,0
D,970720472,1060,1635,0,-1547,272,0,0,0,0,0,01,2,0,0
D,970721536,1064,1635,0,-1547,347,0,0,0,0,0,01,2,0,0
D,970722548,1012,1635,0,-1547,353,0,0,0,0,0,01,2,0,0
D,970723458,910,1635,0,-1547,265,0,0,0,0,0,01,2,0,0
D,970724454,996,1635,0,-1547,251,0,0,0,0,0,01,2,0,0
D,970725435,981,1635,0,-1547,245,0,0,0,0,0,01,2,0,0
D,970726464,1029,1635,0,-1547,263,0,0,0,0,0,01,2,0,0
D,970727444,980,1635,0,-1547,253,0,0,0,0,0,01,2,0,0
D,970728446,1002,1635,0,-1547,244,0,0,0,0,0,01,2,0,0
D,970729440,994,1635,0,-1547,252,0,0,0,0,0,01,2,0,0
D,970730451,1011,1635,0,-1547,254,0,0,0,0,0,01,2,0,0
D,970731461,1010,1635,0,-1547,269,0,0,0,0,0,01,2,0,0
D,970732464,1003,1635,0,-1547,273,0,0,0,0,0,01,2,0,0
D,970733418,954,1635,0,-1547,223,0,0,0,0,0,01,2,0,0
D,970734414,996,1635,0,-1547,222,0,0,0,0,0,01,2,0,0
D,970735410,996,1635,0,-1547,219,0,0,0,0,0,01,2,0,0
D,970736413,1003,1635,0,-1547,215,0,0,0,0,0,01,2,0,0
D,970737418,1005,1635,0,-1547,217,0,0,0,0,0,01,2,0,0
D,970738407,989,1635,0,-1547,219,0,0,0,0,0,01,2,0,0
D,970739411,1004,1635,0,-1547,219,0,0,0,0,0,01,2,0,0
D,970740466,1055,1635,0,-1547,269,0,0,0,0,0,01,2,0,0
D,970741526,1060,1635,0,-1547,336,0,0,0,0,0,01,2,0,0
D,970742555,1029,1635,0,-1547,353,0,0,0,0,0,01,2,0,0
D,970743470,915,1635,0,-1547,275,0,0,0,0,0,01,2,0,0
D,970744435,965,1635,0,-1547,246,0,0,0,0,0,01,2,0,0
D,970745447,1012,1635,0,-1547,249,0,0,0,0,0,01,2,0,0
D,970746450,1003,1635,0,-1547,261,0,0,0,0,0,01,2,0,0
D,970747455,1005,1635,0,-1547,260,0,0,0,0,0,01,2,0,0
D,970748443,988,1635,0,-1547,247,0,0,0,0,0,01,2,0,0
D,970749450,1007,1635,0,-1547,253,0,0,0,0,0,01,2,0,0
D,970750448,998,1635,0,-1547,256,0,0,0,0,0,01,2,0,0
D,970751473,1025,1635,0,-1547,282,0,0,0,0,0,01,2,0,0
D,970752475,1002,1635,0,-1547,274,0,0,0,0,0,01,2,0,0
D,970753423,948,1635,0,-1547,220,0,0,0,0,0,01,2,0,0
D,970754421,998,1635,0,-1547,221,0,0,0,0,0,01,2,0,0
D,970755412,991,1635,0,-1547,219,0,0,0,0,0,01,2,0,0
D,970756413,1001,1635,0,-1547,215,0,0,0,0,0,01,2,0,0
D,970757418,1005,1635,0,-1547,217,0,0,0,0,0,01,2,0,0
D,970758407,989,1635,0,-1547,219,0,0,0,0,0,01,2,0,0
D,970759411,1004,1635,0,-1547,219,0,0,0,0,0,01,2,0,0
D,970760461,1050,1635,0,-1547,261,0,0,0,0,0,01,2,0,0
D,970761529,1068,1635,0,-1547,340,0,0,0,0,0,01,2,0,0
D,970762549,1020,1635,0,-1547,349,0,0,0,0,0,01,2,0,0
D,970763467,918,1635,0,-1547,273,0,0,0,0,0,01,2,0,0
D,970764436,969,1635,0,-1547,245,0,0,0,0,0,01,2,0,0
D,970765449,1013,1635,0,-1547,252,0,0,0,0,0,01,2,0,0
D,970766448,999,1635,0,-1547,259,0,0,0,0,0,01,2,0,0
D,970767454,1006,1635,0,-1547,261,0,0,0,0,0,01,2,0,0
D,970768441,987,1635,0,-1547,244,0,0,0,0,0,01,2,0,0
D,970769451,1010,1635,0,-1547,256,0,0,0,0,0,01,2,0,0
D,970770449,998,1635,0,-1547,255,0,0,0,0,0,01,2,0,0
D,970771959,1510,1635,0,-1547,415,0,0,0,0,0,01,0,0,0
D,970772431,472,1635,0,-1547,227,0,0,0,0,0,01,0,0,0
D,970773428,997,1635,0,-1547,226,0,0,0,0,0,01,0,0,0
D,970774430,1002,1635,0,-1547,231,0,0,0,0,0,01,0,0,0
D,970775414,984,1635,0,-1547,224,0,0,0,0,0,01,0,0,0
D,970776414,1000,1635,0,-1547,225,0,0,0,0,0,01,0,0,0
D,970777414,1000,1635,0,-1547,225,0,0,0,0,0,01,0,0,0
D,970778421,1007,1635,0,-1547,228,0,0,0,0,0,01,0,0,0
D,970779423,1002,1635,0,-1547,225,0,0,0,0,0,01,0,0,0
D,970780483,1060,1635,0,-1547,279,0,0,0,0,0,01,0,0,0
D,970781509,1026,1635,0,-1547,307,0,0,0,0,0,01,0,0,0
D,970782568,1059,1635,0,-1547,362,0,0,0,0,0,01,0,0,0
D,970783453,885,1635,0,-1547,265,0,0,0,0,0,01,0,0,0
D,970784454,1001,1635,0,-1547,252,0,0,0,0,0,01,0,0,0
D,970785446,992,1635,0,-1547,248,0,0,0,0,0,01,0,0,0
D,970786452,1006,1635,0,-1547,262,0,0,0,0,0,01,0,0,0
D,970787440,988,1635,0,-1547,248,0,0,0,0,0,01,0,0,0
D,970788436,996,1635,0,-1547,248,0,0,0,0,0,01,0,0,0
D,970789447,1011,1635,0,-1547,251,0,0,0,0,0,01,0,0,0
D,970790447,1000,1635,0,-1547,257,0,0,0,0,0,01,0,0,0
D,970791464,1017,1635,0,-1547,269,0,0,0,0,0,01,0,0,0
D,970792467,1003,1635,0,-1547,275,0,0,0,0,0,01,0,0,0
D,970793419,952,1635,0,-1547,228,0,0,0,0,0,01,0,0,0
D,970794430,1011,1635,0,-1547,232,0,0,0,0,0,01,0,0,0
D,970795419,989,1635,0,-1547,227,0,0,0,0,0,01,0,0,0
D,970796415,996,1635,0,-1547,225,0,0,0,0,0,01,0,0,0
D,970797414,999,1635,0,-1547,225,0,0,0,0,0,01,0,0,0
D,970798420,1006,1635,0,-1547,230,0,0,0,0,0,01,0,0,0
D,970799419,999,1635,0,-1547,225,0,0,0,0,0,01,0,0,0
D,970800496,1077,1635,0,-1547,291,0,0,0,0,0,01,0,0,0
D,970801547,1051,1635,0,-1547,346,0,0,0,0,0,01,0,0,0
D,970802547,1000,1635,0,-1547,342,0,0,0,0,0,01,0,0,0
D,970803445,898,1635,0,-1547,255,0,0,0,0,0,01,0,0,0
D,970804441,996,1635,0,-1547,251,0,0,0,0,0,01,0,0,0
D,970805445,1004,1635,0,-1547,248,0,0,0,0,0,01,0,0,0
D,970806453,1008,1635,0,-1547,257,0,0,0,0,0,01,0,0,0
D,970807438,985,1635,0,-1547,248,0,0,0,0,0,01,0,0,0
D,970808440,1002,1635,0,-1547,249,0,0,0,0,0,01,0,0,0
D,970809434,994,1635,0,-1547,243,0,0,0,0,0,01,0,0,0
D,970810452,1018,1635,0,-1547,258,0,0,0,0,0,01,0,0,0
D,970811446,994,1635,0,-1547,258,0,0,0,0,0,01,0,0,0
D,970812486,1040,1635,0,-1547,289,0,0,0,0,0,01,0,0,0
D,970813423,937,1635,0,-1547,231,0,0,0,0,0,01,0,0,0
D,970814423,1000,1635,0,-1547,234,0,0,0,0,0,01,0,0,0
D,970815416,993,1635,0,-1547,227,0,0,0,0,0,01,0,0,0
D,970816416,1000,1635,0,-1547,227,0,0,0,0,0,01,0,0,0
D,970817416,1000,1635,0,-1547,226,0,0,0,0,0,01,0,0,0
D,970818422,1006,1635,0,-1547,229,0,0,0,0,0,01,0,0,0
D,970819427,1005,1635,0,-1547,225,0,0,0,0,0,01,0,0,0
D,970820483,1056,1635,0,-1547,284,0,0,0,0,0,01,0,0,0
D,970821529,1046,1635,0,-1547,327,0,0,0,0,0,01,0,0,0
D,970822554,1025,1635,0,-1547,351,0,0,0,0,0,01,0,0,0
D,970823464,910,1635,0,-1547,270,0,0,0,0,0,01,0,0,0
D,970824448,984,1635,0,-1547,249,0,0,0,0,0,01,0,0,0
D,970825445,997,1635,0,-1547,251,0,0,0,0,0,01,0,0,0
D,970826451,1006,1635,0,-1547,259,0,0,0,0,0,01,0,0,0
D,970827447,996,1635,0,-1547,256,0,0,0,0,0,01,0,0,0
D,970828445,998,1635,0,-1547,248,0,0,0,0,0,01,0,0,0
D,970829454,1009,1635,0,-1547,255,0,0,0,0,0,01,0,0,0
D,970830444,990,1635,0,-1547,255,0,0,0,0,0,01,0,0,0
D,970831470,1026,1635,0,-1547,272,0,0,0,0,0,01,0,0,0
D,970832464,994,1635,0,-1547,275,0,0,0,0,0,01,0,0,0
D,970833415,951,1635,0,-1547,226,0,0,0,0,0,01,0,0,0
D,970834428,1013,1635,0,-1547,234,0,0,0,0,0,01,0,0,0
D,970835415,987,1635,0,-1547,223,0,0,0,0,0,01,0,0,0
D,970836416,1001,1635,0,-1547,229,0,0,0,0,0,01,0,0,0
D,970837414,998,1635,0,-1547,225,0,0,0,0,0,01,0,0,0
D,970838421,1007,1635,0,-1547,229,0,0,0,0,0,01,0,0,0
D,970839420,999,1635,0,-1547,224,0,0,0,0,0,01,0,0,0
D,970840466,1046,1634,-1,-1546,276,0,8,0,0,0,01,0,0,0
D,970841538,1072,1635,1,-1547,342,0,0,0,0,0,01,0,0,0
D,970842534,996,1635,0,-1547,333,0,0,0,0,0,01,0,0,0
D,970843466,932,1635,0,-1547,269,0,0,0,0,0,01,0,0,0
D,970844437,971,1635,0,-1547,248,0,0,0,0,0,01,0,0,0
D,970845449,1012,1634,-1,-1546,251,1,8,0,0,0,01,0,0,0
D,970846456,1007,1635,1,-1547,260,1,0,0,0,0,01,0,0,0
D,970847460,1004,1635,0,-1547,256,1,0,0,0,0,01,0,0,0
D,970848435,975,1634,-1,-1546,246,1,8,0,0,0,01,0,0,0
D,970849449,1014,1634,0,-1546,259,1,8,0,0,0,01,0,0,0
D,970850443,994,1635,1,-1547,252,1,0,0,0,0,01,0,0,0
D,970851464,1021,1635,0,-1547,276,1,0,0,0,0,01,0,0,0
D,970852479,1015,1635,0,-1547,277,1,0,0,0,0,01,0,0,0
D,970853430,951,1634,-1,-1546,231,1,8,0,0,0,01,0,0,0
D,970854435,1005,1635,1,-1547,234,1,0,0,0,0,01,0,0,0
D,970855421,986,1635,0,-1547,231,1,0,0,0,0,01,0,0,0
D,970856421,1000,1635,0,-1547,226,1,0,0,0,0,01,0,0,0
D,970857421,1000,1635,0,-1547,226,1,0,0,0,0,01,0,0,0
D,970858429,1008,1634,-1,-1546,233,1,8,0,0,0,01,0,0,0
D,970859421,992,1634,0,-1546,226,2,8,0,0,0,01,0,0,0
D,970860466,1045,1634,0,-1546,274,2,8,0,0,0,01,0,0,0
D,970861531,1065,1634,0,-1546,328,2,8,0,0,0,01,0,0,0
D,970862541,1010,1635,1,-1547,341,2,0,0,0,0,01,0,0,0
D,970863463,922,1635,0,-1547,274,2,0,0,0,0,01,0,0,0
D,970864449,986,1634,-1,-1546,250,2,8,0,0,0,01,0,0,0
D,970865439,990,1635,1,-1547,249,2,0,0,0,0,01,0,0,0
D,970866452,1013,1635,0,-1547,263,2,0,0,0,0,01,0,0,0
D,970867441,989,1634,-1,-1546,252,2,8,0,0,0,01,0,0,0
D,970868441,1000,1634,0,-1546,252,3,8,0,0,0,01,0,0,0
D,970869458,1017,1634,0,-1546,259,3,8,0,0,0,01,0,0,0
D,970870455,997,1634,0,-1546,254,3,8,0,0,0,01,0,0,0
D,970871468,1013,1634,0,-1546,272,3,0,0,0,0,01,0,0,0
D,970872462,994,1635,1,-1547,273,3,0,0,0,0,01,0,0,0
D,970873430,968,1635,0,-1547,231,3,0,0,0,0,01,0,0,0
D,970874432,1002,1635,0,-1547,236,2,0,0,0,0,01,0,0,0
D,970875415,983,1634,-1,-1546,225,3,8,0,0,0,01,0,0,0
D,970876415,1000,1634,0,-1546,225,3,0,0,0,0,01,0,0,0
D,970877415,1000,1634,0,-1546,225,3,8,0,0,0,01,0,0,0
D,970878429,1014,1634,0,-1546,233,3,8,0,0,0,01,0,0,0
D,970879420,991,1634,0,-1546,225,3,0,0,0,0,01,0,0,0
D,970880467,1047,1634,0,-1546,274,3,8,0,0,0,01,0,0,0
D,970881534,1067,1634,0,-1546,338,3,8,0,0,0,01,0,0,0
D,970882537,1003,1635,1,-1547,333,3,0,0,0,0,01,0,0,0
D,970883468,931,1634,-1,-1546,272,3,0,0,0,0,01,0,0,0
D,970884448,980,1634,0,-1546,253,3,8,0,0,0,01,0,0,0
D,970885444,996,1634,0,-1546,252,3,8,0,0,0,01,0,0,0
D,970886458,1014,1634,0,-1546,260,4,8,0,0,0,01,0,0,0
D,970887458,1000,1634,0,-1546,255,4,8,0,0,0,01,0,0,0
D,970888450,992,1634,0,-1546,251,4,0,0,0,0,01,0,0,0
D,970889456,1006,1634,0,-1546,259,4,0,0,0,0,01,0,0,0
D,970890445,989,1635,1,-1547,252,3,-8,0,0,0,01,0,0,0
D,970891463,1018,1634,-1,-1546,272,3,0,0,0,0,01,0,0,0
D,970892468,1005,1634,0,-1546,273,3,0,0,0,0,01,0,0,0
D,970893421,953,1635,1,-1547,231,3,0,0,0,0,01,0,0,0
D,970894425,1004,1634,-1,-1546,236,3,8,0,0,0,01,0,0,0
D,970895423,998,1634,0,-1546,225,3,0,0,0,0,01,0,0,0
D,970896422,999,1634,0,-1546,225,3,8,0,0,0,01,0,0,0
D,970897421,999,1634,0,-1546,226,3,8,0,0,0,01,0,0,0
D,970898428,1007,1634,0,-1546,232,3,0,0,0,0,01,0,0,0
D,970899421,993,1634,0,-1546,228,3,0,0,0,0,01,0,0,0
D,970900468,1047,1634,0,-1546,277,3,0,0,0,0,01,0,0,0
D,970901533,1065,1634,0,-1546,333,3,0,0,0,0,01,0,0,0
D,970902558,1025,1634,0,-1546,353,3,8,0,0,0,01,0,0,0
D,970903464,906,1634,0,-1546,274,3,8,0,0,0,01,0,0,0
D,970904453,989,1634,0,-1546,254,3,8,0,0,0,01,0,0,0
D,970905448,995,1634,0,-1546,249,3,0,0,0,0,01,0,0,0
D,970906460,1012,1634,0,-1546,260,3,0,0,0,0,01,0,0,0
D,970907455,995,1634,0,-1546,259,3,0,0,0,0,01,0,0,0
D,970908435,980,1634,0,-1546,246,3,0,0,0,0,01,0,0,0
D,970909456,1021,1634,0,-1546,259,3,0,0,0,0,01,0,0,0
D,970910443,987,1634,0,-1546,252,3,0,0,0,0,01,0,0,0
D,970911461,1018,1634,0,-1546,273,3,0,0,0,0,01,0,0,0
D,970912460,999,1634,0,-1546,272,2,0,0,0,0,01,0,0,0
D,970913426,966,1634,0,-1546,230,3,8,0,0,0,01,0,0,0
D,970914431,1005,1634,0,-1546,237,3,0,0,0,0,01,0,0,0
D,970915429,998,1634,0,-1546,226,2,0,0,0,0,01,0,0,0
D,970916415,986,1634,0,-1546,225,2,0,0,0,0,01,0,0,0
D,970917415,1000,1634,0,-1546,225,2,0,0,0,0,01,0,0,0
D,970918427,1012,1634,0,-1546,233,2,0,0,0,0,01,0,0,0
D,970919420,993,1634,0,-1546,228,2,0,0,0,0,01,0,0,0
D,970920464,1044,1634,0,-1546,272,2,8,0,0,0,01,0,0,0
D,970921527,1063,1634,0,-1546,332,2,0,0,0,0,01,0,0,0
D,970922534,1007,1634,0,-1546,334,2,0,0,0,0,01,0,0,0
D,970923471,937,1634,0,-1546,272,2,8,0,0,0,01,0,0,0
D,970924445,974,1634,0,-1546,254,2,0,0,0,0,01,0,0,0
D,970925443,998,1634,0,-1546,249,2,0,0,0,0,01,0,0,0
D,970926456,1013,1634,0,-1546,260,2,0,0,0,0,01,0,0,0
D,970927454,998,1634,0,-1546,254,2,0,0,0,0,01,0,0,0
D,970928450,996,1634,0,-1546,251,2,0,0,0,0,01,0,0,0
D,970929455,1005,1634,0,-1546,260,2,0,0,0,0,01,0,0,0
D,970930437,982,1634,0,-1546,249,2,0,0,0,0,01,0,0,0
D,970931470,1033,1634,0,-1546,273,2,0,0,0,0,01,0,0,0
D,970932470,1000,1634,0,-1546,278,2,0,0,0,0,01,0,0,0
D,970933421,951,1634,0,-1546,228,2,0,0,0,0,01,0,0,0
D,970934439,1018,1634,0,-1546,236,2,0,0,0,0,01,0,0,0
D,970935421,982,1634,0,-1546,228,1,0,0,0,0,01,0,0,0
D,970936421,1000,1634,0,-1546,226,1,0,0,0,0,01,0,0,0
D,970937421,1000,1634,0,-1546,226,1,0,0,0,0,01,0,0,0
D,970938428,1007,1634,0,-1546,233,1,0,0,0,0,01,0,0,0
D,970939421,993,1634,0,-1546,228,1,0,0,0,0,01,0,0,0
D,970940470,1049,1634,0,-1546,278,1,0,0,0,0,01,0,0,0
D,970941523,1053,1634,0,-1546,323,1,0,0,0,0,01,0,0,0
D,970942557,1034,1634,0,-1546,353,1,0,0,0,0,01,0,0,0
D,970943472,915,1634,0,-1546,278,1,0,0,0,0,01,0,0,0
D,970944450,978,1634,0,-1546,249,1,0,0,0,0,01,0,0,0
D,970945454,1004,1634,0,-1546,254,1,0,0,0,0,01,0,0,0
D,970946464,1010,1634,0,-1546,260,1,0,0,0,0,01,0,0,0
D,970947449,985,1634,0,-1546,258,1,0,0,0,0,01,0,0,0
D,970948443,994,1634,0,-1546,247,1,0,0,0,0,01,0,0,0
D,970949458,1015,1634,0,-1546,256,1,0,0,0,0,01,0,0,0
D,970950449,991,1634,0,-1546,253,1,0,0,0,0,01,0,0,0
D,970951460,1011,1634,0,-1546,267,1,0,0,0,0,01,0,0,0
D,970952457,997,1634,0,-1546,269,1,0,0,0,0,01,0,0,0
D,970953423,966,1634,0,-1546,233,1,0,0,0,0,01,0,0,0
D,970954437,1014,1634,0,-1546,233,1,0,0,0,0,01,0,0,0
D,970955415,978,1634,0,-1546,226,1,0,0,0,0,01,0,0,0
D,970956415,1000,1634,0,-1546,226,1,0,0,0,0,01,0,0,0
D,970957415,1000,1634,0,-1546,226,1,0,0,0,0,01,0,0,0
D,970958422,1007,1634,0,-1546,229,1,0,0,0,0,01,0,0,0
D,970959428,1006,1634,0,-1546,225,1,0,0,0,0,01,0,0,0
D,970960494,1066,1634,0,-1546,291,1,0,0,0,0,01,0,0,0
D,970961531,1037,1634,0,-1546,336,1,0,0,0,0,01,0,0,0
D,970962540,1009,1634,0,-1546,337,0,0,0,0,0,01,0,0,0
D,970963468,928,1634,0,-1546,267,0,0,0,0,0,01,0,0,0
D,970964449,981,1634,0,-1546,248,0,0,0,0,0,01,0,0,0
D,970965441,992,1634,0,-1546,251,0,0,0,0,0,01,0,0,0
D,970966465,1024,1634,0,-1546,262,0,0,0,0,0,01,0,0,0
D,970967438,973,1634,0,-1546,250,0,0,0,0,0,01,0,0,0
D,970968446,1008,1634,0,-1546,245,0,0,0,0,0,01,0,0,0
D,970969451,1005,1634,0,-1546,249,0,0,0,0,0,01,0,0,0
D,970970445,994,1634,0,-1546,254,0,0,0,0,0,01,0,0,0
D,970971467,1022,1634,0,-1546,265,0,0,0,0,0,01,0,0,0
D,970972473,1006,1634,0,-1546,281,0,0,0,0,0,01,0,0,0
D,970973427,954,1634,0,-1546,231,0,0,0,0,0,01,0,0,0
D,970974428,1001,1634,0,-1546,234,0,0,0,0,0,01,0,0,0
D,970975422,994,1634,0,-1546,225,0,0,0,0,0,01,0,0,0
D,970976421,999,1634,0,-1546,225,0,0,0,0,0,01,0,0,0
D,970977421,1000,1634,0,-1546,226,0,0,0,0,0,01,0,0,0
D,970978424,1003,1634,0,-1546,229,0,0,0,0,0,01,0,0,0
D,970979428,1004,1634,0,-1546,225,0,0,0,0,0,01,0,0,0
D,970980480,1052,1634,0,-1546,279,0,0,0,0,0,01,0,0,0
D,970981522,1042,1634,0,-1546,321,0,0,0,0,0,01,0,0,0
D,970982525,1003,1634,0,-1546,334,0,0,0,0,0,01,0,0,0
D,970983466,941,1634,0,-1546,267,0,0,0,0,0,01,0,0,0
D,970984438,972,1634,0,-1546,247,0,0,0,0,0,01,0,0,0
D,970985447,1009,1634,0,-1546,251,0,0,0,0,0,01,0,0,0
D,970986451,1004,1634,0,-1546,257,0,0,0,0,0,01,0,0,0
D,970987447,996,1634,0,-1546,253,0,0,0,0,0,01,0,0,0
D,970988443,996,1634,0,-1546,243,0,0,0,0,0,01,0,0,0
D,970989449,1006,1634,0,-1546,251,0,0,0,0,0,01,0,0,0
D,970990441,992,1634,0,-1546,251,0,0,0,0,0,01,0,0,0
D,970991468,1027,1634,0,-1546,268,0,0,0,0,0,01,0,0,0
D,970992464,996,1634,0,-1546,276,0,0,0,0,0,01,0,0,0
D,970993430,966,1634,0,-1546,234,0,0,0,0,0,01,0,0,0
D,970994430,1000,1634,0,-1546,233,0,0,0,0,0,01,0,0,0
D,970995421,991,1634,0,-1546,226,0,0,0,0,0,01,0,0,0
D,970996421,1000,1634,0,-1546,226,0,0,0,0,0,01,0,0,0
D,970997421,1000,1634,0,-1546,226,0,0,0,0,0,01,0,0,0
D,970998424,1003,1634,0,-1546,229,0,0,0,0,0,01,0,0,0
D,970999428,1004,1634,0,-1546,225,0,0,0,0,0,01,0,0,0
D,971000486,1058,1634,0,-1546,281,0,0,0,0,0,01,0,0,0
D,971001541,1055,1634,0,-1546,342,0,0,0,0,0,01,0,0,0
D,971002527,986,1634,0,-1546,332,0,0,0,0,0,01,0,0,0
D,971003468,941,1634,0,-1546,269,0,0,0,0,0,01,0,0,0
D,971004450,982,1634,0,-1546,254,0,0,0,0,0,01,0,0,0
D,971005443,993,1634,0,-1546,249,0,0,0,0,0,01,0,0,0
D,971006448,1005,1634,0,-1546,259,0,0,0,0,0,01,0,0,0
D,971007452,1004,1634,0,-1546,252,0,0,0,0,0,01,0,0,0
D,971008451,999,1634,0,-1546,251,0,0,0,0,0,01,0,0,0
D,971009446,995,1634,0,-1546,256,0,0,0,0,0,01,0,0,0
D,971010458,1012,1634,0,-1546,255,0,0,0,0,0,01,0,0,0
D,971011471,1013,1634,0,-1546,273,0,0,0,0,0,01,0,0,0
D,971012462,991,1634,0,-1546,273,0,0,0,0,0,01,0,0,0
D,971013424,962,1634,0,-1546,230,0,0,0,0,0,01,0,0,0
D,971014438,1014,1634,0,-1546,235,0,0,0,0,0,01,0,0,0
D,971015416,978,1634,0,-1546,226,0,0,0,0,0,01,0,0,0
D,971016416,1000,1634,0,-1546,226,0,0,0,0,0,01,0,0,0
D,971017416,1000,1634,0,-1546,226,0,0,0,0,0,01,0,0,0
D,971018422,1006,1634,0,-1546,229,0,0,0,0,0,01,0,0,0
D,971019424,1002,1634,0,-1546,225,0,0,0,0,0,01,0,0,0
D,971020476,1052,1634,0,-1546,278,0,0,0,0,0,01,0,0,0
D,971021517,1041,1634,0,-1546,325,0,0,0,0,0,01,0,0,0
D,971022524,1007,1634,0,-1546,335,0,0,0,0,0,01,0,0,0
D,971023468,944,1634,0,-1546,273,0,0,0,0,0,01,0,0,0
D,971024442,974,1634,0,-1546,245,0,0,0,0,0,01,0,0,0
D,971025455,1013,1634,0,-1546,254,0,0,0,0,0,01,0,0,0
D,971026458,1003,1634,0,-1546,255,0,0,0,0,0,01,0,0,0
D,971027458,1000,1634,0,-1546,260,0,0,0,0,0,01,0,0,0
D,971028432,974,1634,0,-1546,244,0,0,0,0,0,01,0,0,0
D,971029455,1023,1634,0,-1546,256,0,0,0,0,0,01,0,0,0
D,971030442,987,1634,0,-1546,253,0,0,0,0,0,01,0,0,0
D,971031478,1036,1634,0,-1546,274,0,0,0,0,0,01,0,0,0
D,971032457,979,1634,0,-1546,269,0,0,0,0,0,01,0,0,0
D,971033425,968,1634,0,-1546,229,0,0,0,0,0,01,0,0,0
D,971034435,1010,1634,0,-1546,233,0,0,0,0,0,01,0,0,0
D,971035420,985,1634,0,-1546,222,0,0,0,0,0,01,0,0,0
D,971036416,996,1634,0,-1546,225,0,0,0,0,0,01,0,0,0
D,971037414,998,1634,0,-1546,225,0,0,0,0,0,01,0,0,0
D,971038421,1007,1634,0,-1546,230,0,0,0,0,0,01,0,0,0
D,971039420,999,1634,0,-1546,224,0,0,0,0,0,01,0,0,0
D,971040459,1039,1634,0,-1546,271,0,0,0,0,0,01,0,0,0
D,971041540,1081,1634,0,-1546,336,0,0,0,0,0,01,0,0,0
D,971042525,985,1634,0,-1546,335,0,0,0,0,0,01,0,0,0
D,971043465,940,1634,0,-1546,266,0,0,0,0,0,01,0,0,0
D,971044449,984,1634,0,-1546,247,0,0,0,0,0,01,0,0,0
D,971045443,994,1634,0,-1546,254,0,0,0,0,0,01,0,0,0
D,971046448,1005,1634,0,-1546,257,0,0,0,0,0,01,0,0,0
D,971047454,1006,1634,0,-1546,255,0,0,0,0,0,01,0,0,0
D,971048451,997,1634,0,-1546,249,0,0,0,0,0,01,0,0,0
D,971049461,1010,1634,0,-1546,258,0,0,0,0,0,01,0,0,0
D,971050441,980,1634,0,-1546,253,0,0,0,0,0,01,0,0,0
D,971051469,1028,1634,0,-1546,271,0,0,0,0,0,01,0,0,0
D,971052473,1004,1634,0,-1546,276,0,0,0,0,0,01,0,0,0
D,971053423,950,1634,0,-1546,231,0,0,0,0,0,01,0,0,0
D,971054421,998,1634,0,-1546,233,0,0,0,0,0,01,0,0,0
D,971055415,994,1634,0,-1546,225,0,0,0,0,0,01,0,0,0
D,971056415,1000,1634,0,-1546,225,0,0,0,0,0,01,0,0,0
D,971057415,1000,1634,0,-1546,225,0,0,0,0,0,01,0,0,0
D,971058422,1007,1634,0,-1546,229,0,0,0,0,0,01,0,0,0
D,971059429,1007,1634,0,-1546,226,0,0,0,0,0,01,0,0,0
D,971060478,1049,1634,0,-1546,277,0,0,0,0,0,01,0,0,0
D,971061536,1058,1634,0,-1546,334,0,0,0,0,0,01,0,0,0
D,971062545,1009,1634,0,-1546,344,0,0,0,0,0,01,0,0,0
D,971063468,923,1634,0,-1546,273,0,0,0,0,0,01,0,0,0
D,971064450,982,1634,0,-1546,248,0,0,0,0,0,01,0,0,0
D,971065443,993,1634,0,-1546,251,0,0,0,0,0,01,0,0,0
D,971066465,1022,1634,0,-1546,262,0,0,0,0,0,01,0,0,0
D,971067446,981,1634,0,-1546,257,0,0,0,0,0,01,0,0,0
D,971068444,998,1634,0,-1546,247,0,0,0,0,0,01,0,0,0
D,971069455,1011,1634,0,-1546,256,0,0,0,0,0,01,0,0,0
D,971070444,989,1634,0,-1546,255,0,0,0,0,0,01,0,0,0
D,971071471,1027,1634,0,-1546,271,0,0,0,0,0,01,0,0,0
D,971072462,991,1634,0,-1546,271,0,0,0,0,0,01,0,0,0
D,971073422,960,1634,0,-1546,231,0,0,0,0,0,01,0,0,0
D,971074438,1016,1634,0,-1546,235,0,0,0,0,0,01,0,0,0
D,971075416,978,1634,0,-1546,226,0,0,0,0,0,01,0,0,0
D,971076416,1000,1634,0,-1546,226,0,0,0,0,0,01,0,0,0
D,971077416,1000,1634,0,-1546,226,0,0,0,0,0,01,0,0,0
D,971078422,1006,1634,0,-1546,229,0,0,0,0,0,01,0,0,0
D,971079424,1002,1634,0,-1546,225,0,0,0,0,0,01,0,0,0
D,971080480,1056,1634,0,-1546,280,0,0,0,0,0,01,0,0,0
D,971081538,1058,1634,0,-1546,333,0,0,0,0,0,01,0,0,0
D,971082530,992,1634,0,-1546,332,0,0,0,0,0,01,0,0,0
D,971083459,929,1634,0,-1546,268,0,0,0,0,0,01,0,0,0
D,971084442,983,1634,0,-1546,251,0,0,0,0,0,01,0,0,0
D,971085454,1012,1634,0,-1546,251,0,0,0,0,0,01,0,0,0
D,971086461,1007,1634,0,-1546,258,0,0,0,0,0,01,0,0,0
D,971087455,994,1634,0,-1546,259,0,0,0,0,0,01,0,0,0
D,971088435,980,1634,0,-1546,246,0,0,0,0,0,01,0,0,0
D,971089451,1016,1634,0,-1546,256,0,0,0,0,0,01,0,0,0
D,971090440,989,1634,0,-1546,250,0,0,0,0,0,01,0,0,0
D,971091473,1033,1634,0,-1546,272,0,0,0,0,0,01,0,0,0
D,971092476,1003,1634,0,-1546,273,0,0,0,0,0,01,0,0,0
D,971093424,948,1634,0,-1546,232,0,0,0,0,0,01,0,0,0
D,971094422,998,1634,0,-1546,233,0,0,0,0,0,01,0,0,0
D,971095416,994,1634,0,-1546,226,0,0,0,0,0,01,0,0,0
D,971096416,1000,1634,0,-1546,226,0,0,0,0,0,01,0,0,0
D,971097416,1000,1634,0,-1546,226,0,0,0,0,0,01,0,0,0
D,971098422,1006,1634,0,-1546,229,0,0,0,0,0,01,0,0,0
D,971099424,1002,1634,0,-1546,225,0,0,0,0,0,01,0,0,0
D,971100477,1053,1634,0,-1546,280,0,0,0,0,0,01,0,0,0
D,971101519,1042,1634,0,-1546,327,0,0,0,0,0,01,0,0,0
D,971102525,1006,1634,0,-1546,335,0,0,0,0,0,01,0,0,0
D,971103472,947,1634,0,-1546,274,0,0,0,0,0,01,0,0,0
D,971104448,976,1634,0,-1546,248,0,0,0,0,0,01,0,0,0
D,971105442,994,1634,0,-1546,252,0,0,0,0,0,01,0,0,0
D,971106453,1011,1634,0,-1546,260,0,0,0,0,0,01,0,0,0
D,971107453,1000,1634,0,-1546,257,0,0,0,0,0,01,0,0,0
D,971108446,993,1634,0,-1546,246,0,0,0,0,0,01,0,0,0
D,971109455,1009,1634,0,-1546,256,0,0,0,0,0,01,0,0,0
D,971110446,991,1634,0,-1546,253,0,0,0,0,0,01,0,0,0
D,971111459,1013,1634,0,-1546,271,0,0,0,0,0,01,0,0,0
D,971112460,1001,1634,0,-1546,272,0,0,0,0,0,01,0,0,0
D,971113429,969,1634,0,-1546,230,0,0,0,0,0,01,0,0,0
D,971114429,1000,1634,0,-1546,234,0,0,0,0,0,01,0,0,0
D,971115421,992,1634,0,-1546,225,0,0,0,0,0,01,0,0,0
D,971116421,1000,1634,0,-1546,226,0,0,0,0,0,01,0,0,0
D,971117421,1000,1634,0,-1546,227,0,0,0,0,0,01,0,0,0
D,971118424,1003,1634,0,-1546,229,0,0,0,0,0,01,0,0,0
D,971119428,1004,1634,0,-1546,225,0,0,0,0,0,01,0,0,0
D,971120491,1063,1634,0,-1546,287,0,0,0,0,0,01,0,0,0
D,971121535,1044,1634,0,-1546,337,0,0,0,0,0,01,0,0,0
D,971122530,995,1634,0,-1546,331,0,0,0,0,0,01,0,0,0
D,971123458,928,1634,0,-1546,263,0,0,0,0,0,01,0,0,0
D,971124441,983,1634,0,-1546,248,0,0,0,0,0,01,0,0,0
D,971125451,1010,1634,0,-1546,251,0,0,0,0,0,01,0,0,0
D,971126453,1002,1634,0,-1546,257,0,0,0,0,0,01,0,0,0
D,971127453,1000,1634,0,-1546,251,0,0,0,0,0,01,0,0,0
D,971128434,981,1634,0,-1546,246,0,0,0,0,0,01,0,0,0
D,971129439,1005,1634,0,-1546,249,0,0,0,0,0,01,0,0,0
D,971130443,1004,1634,0,-1546,253,0,0,0,0,0,01,0,0,0
D,971131467,1024,1634,0,-1546,265,0,0,0,0,0,01,0,0,0
D,971132469,1002,1634,0,-1546,280,0,0,0,0,0,01,0,0,0
D,971133425,956,1634,0,-1546,234,0,0,0,0,0,01,0,0,0
D,971134437,1012,1634,0,-1546,233,0,0,0,0,0,01,0,0,0
D,971135416,979,1634,0,-1546,226,0,0,0,0,0,01,0,0,0
D,971136416,1000,1634,0,-1546,226,0,0,0,0,0,01,0,0,0
D,971137416,1000,1634,0,-1546,226,0,0,0,0,0,01,0,0,0
D,971138422,1006,1634,0,-1546,229,0,0,0,0,0,01,0,0,0
D,971139424,1002,1634,0,-1546,225,0,0,0,0,0,01,0,0,0
D,971140475,1051,1634,0,-1546,278,0,0,0,0,0,01,0,0,0
D,971141532,1057,1634,0,-1546,328,0,0,0,0,0,01,0,0,0
D,971142531,999,1634,0,-1546,339,0,0,0,0,0,01,0,0,0
D,971143462,931,1634,0,-1546,265,0,0,0,0,0,01,0,0,0
D,971144436,974,1634,0,-1546,247,0,0,0,0,0,01,0,0,0
D,971145442,1006,1634,0,-1546,250,0,0,0,0,0,01,0,0,0
D,971146465,1023,1634,0,-1546,262,0,0,0,0,0,01,0,0,0
D,971147443,978,1634,0,-1546,250,0,0,0,0,0,01,0,0,0
D,971148437,994,1634,0,-1546,246,0,0,0,0,0,01,0,0,0
D,971149442,1005,1634,0,-1546,249,0,0,0,0,0,01,0,0,0
D,971150446,1004,1634,0,-1546,253,0,0,0,0,0,01,0,0,0
D,971151448,1002,1634,0,-1546,260,0,0,0,0,0,01,0,0,0
D,971152468,1020,1634,0,-1546,280,0,0,0,0,0,01,0,0,0
D,971153421,953,1634,0,-1546,232,0,0,0,0,0,01,0,0,0
D,971154422,1001,1634,0,-1546,234,0,0,0,0,0,01,0,0,0
D,971155416,994,1634,0,-1546,226,0,0,0,0,0,01,0,0,0
D,971156416,1000,1634,0,-1546,226,0,0,0,0,0,01,0,0,0
D,971157416,1000,1634,0,-1546,226,0,0,0,0,0,01,0,0,0
D,971158422,1006,1634,0,-1546,229,0,0,0,0,0,01,0,0,0
D,971159428,1006,1634,0,-1546,225,0,0,0,0,0,01,0,0,0
D,971160485,1057,1634,0,-1546,282,0,0,0,0,0,01,0,0,0
D,971161554,1069,1634,0,-1546,351,0,0,0,0,0,01,0,0,0
D,971162528,974,1634,0,-1546,333,0,0,0,0,0,01,0,0,0
D,971163462,934,1634,0,-1546,270,0,0,0,0,0,01,0,0,0
D,971164440,978,1634,0,-1546,251,0,0,0,0,0,01,0,0,0
D,971165444,1004,1634,0,-1546,251,0,0,0,0,0,01,0,0,0
D,971166450,1006,1634,0,-1546,258,0,0,0,0,0,01,0,0,0
D,971167455,1005,1634,0,-1546,254,0,0,0,0,0,01,0,0,0
D,971168451,996,1634,0,-1546,251,0,0,0,0,0,01,0,0,0
D,971169446,995,1634,0,-1546,256,0,0,0,0,0,01,0,0,0
D,971170449,1003,1634,0,-1546,254,0,0,0,0,0,01,0,0,0
D,971171466,1017,1634,0,-1546,274,0,0,0,0,0,01,0,0,0
D,971172461,995,1634,0,-1546,272,0,0,0,0,0,01,0,0,0
D,971173421,960,1634,0,-1546,232,0,0,0,0,0,01,0,0,0
D,971174421,1000,1634,0,-1546,233,0,0,0,0,0,01,0,0,0
D,971175429,1008,1634,0,-1546,226,0,0,0,0,0,01,0,0,0
D,971176446,1017,1634,0,-1546,237,0,0,0,0,0,01,0,0,0
D,971177422,976,1634,0,-1546,232,0,0,0,0,0,01,0,0,0
D,971178426,1004,1634,0,-1546,234,0,0,0,0,0,01,0,0,0
D,971179416,990,1634,0,-1546,227,0,0,0,0,0,01,0,0,0
D,971180491,1075,1634,0,-1546,287,0,0,0,0,0,01,0,0,0
D,971181530,1039,1634,0,-1546,333,0,0,0,0,0,01,0,0,0
D,971182534,1004,1634,0,-1546,337,0,0,0,0,0,01,0,0,0
D,971183463,929,1634,0,-1546,268,0,0,0,0,0,01,0,0,0
D,971184453,990,1634,0,-1546,254,0,0,0,0,0,01,0,0,0
D,971185442,989,1634,0,-1546,246,0,0,0,0,0,01,0,0,0
D,971186448,1006,1634,0,-1546,260,0,0,0,0,0,01,0,0,0
D,971187448,1000,1634,0,-1546,248,0,0,0,0,0,01,0,0,0
D,971188445,997,1634,0,-1546,254,0,0,0,0,0,01,0,0,0
D,971189454,1009,1634,0,-1546,253,0,0,0,0,0,01,0,0,0
D,971190454,1000,1634,0,-1546,252,0,0,0,0,0,01,0,0,0
D,971191466,1012,1634,0,-1546,269,0,0,0,0,0,01,0,0,0
D,971192477,1011,1634,0,-1546,276,0,0,0,0,0,01,0,0,0
D,971193422,945,1634,0,-1546,232,0,0,0,0,0,01,0,0,0
D,971194422,1000,1634,0,-1546,234,0,0,0,0,0,01,0,0,0
D,971195427,1005,1634,0,-1546,225,0,0,0,0,0,01,0,0,0
D,971196428,1001,1634,0,-1546,225,0,0,0,0,0,01,0,0,0
D,971197416,988,1634,0,-1546,227,0,0,0,0,0,01,0,0,0
D,971198422,1006,1634,0,-1546,229,0,0,0,0,0,01,0,0,0
D,971199427,1005,1634,0,-1546,225,0,0,0,0,0,01,0,0,0
D,971200485,1058,1634,0,-1546,284,0,0,0,0,0,01,0,0,0
D,971201548,1063,1634,0,-1546,344,0,0,0,0,0,01,0,0,0
D,971202533,985,1634,0,-1546,334,0,0,0,0,0,01,0,0,0
D,971203451,918,1634,0,-1546,257,0,0,0,0,0,01,0,0,0
D,971204439,988,1634,0,-1546,250,0,0,0,0,0,01,0,0,0
D,971205436,997,1634,0,-1546,248,0,0,0,0,0,01,0,0,0
D,971206459,1023,1634,0,-1546,258,0,0,0,0,0,01,0,0,0
D,971207436,977,1634,0,-1546,247,0,0,0,0,0,01,0,0,0
D,971208434,998,1634,0,-1546,245,0,0,0,0,0,01,0,0,0
D,971209441,1007,1634,0,-1546,245,0,0,0,0,0,01,0,0,0
D,971210447,1006,1634,0,-1546,256,0,0,0,0,0,01,0,0,0
D,971211454,1007,1634,0,-1546,258,0,0,0,0,0,01,0,0,0
D,971212487,1033,1634,0,-1546,285,0,0,0,0,0,01,0,0,0
D,971213429,942,1634,0,-1546,230,0,0,0,0,0,01,0,0,0
D,971214423,994,1634,0,-1546,233,0,0,0,0,0,01,0,0,0
D,971215416,993,1634,0,-1546,227,0,0,0,0,0,01,0,0,0
D,971216416,1000,1634,0,-1546,226,0,0,0,0,0,01,0,0,0
D,971217416,1000,1634,0,-1546,226,0,0,0,0,0,01,0,0,0
D,971218422,1006,1634,0,-1546,229,0,0,0,0,0,01,0,0,0
D,971219428,1006,1634,0,-1546,225,0,0,0,0,0,01,0,0,0
D,971220489,1061,1634,0,-1546,287,0,0,0,0,0,01,0,0,0
D,971221527,1038,1634,0,-1546,331,0,0,0,0,0,01,0,0,0
D,971222547,1020,1634,0,-1546,349,0,0,0,0,0,01,0,0,0
D,971223474,927,1634,0,-1546,271,0,0,0,0,0,01,0,0,0
D,971224436,962,1634,0,-1546,245,0,0,0,0,0,01,0,0,0
D,971225446,1010,1634,0,-1546,253,0,0,0,0,0,01,0,0,0
D,971226452,1006,1634,0,-1546,257,0,0,0,0,0,01,0,0,0
D,971227455,1003,1634,0,-1546,259,0,0,0,0,0,01,0,0,0
D,971228435,980,1634,0,-1546,244,0,0,0,0,0,01,0,0,0
D,971229447,1012,1634,0,-1546,258,0,0,0,0,0,01,0,0,0
D,971230441,994,1634,0,-1546,253,0,0,0,0,0,01,0,0,0
D,971231464,1023,1634,0,-1546,268,0,0,0,0,0,01,0,0,0
D,971232470,1006,1634,0,-1546,273,0,0,0,0,0,01,0,0,0
D,971233429,959,1634,0,-1546,230,0,0,0,0,0,01,0,0,0
D,971234429,1000,1634,0,-1546,234,0,0,0,0,0,01,0,0,0
D,971235423,994,1634,0,-1546,225,0,0,0,0,0,01,0,0,0
D,971236422,999,1634,0,-1546,225,0,0,0,0,0,01,0,0,0
D,971237421,999,1634,0,-1546,225,0,0,0,0,0,01,0,0,0
D,971238424,1003,1634,0,-1546,229,0,0,0,0,0,01,0,0,0
D,971239428,1004,1634,0,-1546,225,0,0,0,0,0,01,0,0,0
D,971240478,1050,1634,0,-1546,275,0,0,0,0,0,01,0,0,0
D,971241539,1061,1634,0,-1546,339,0,0,0,0,0,01,0,0,0
D,971242533,994,1634,0,-1546,331,0,0,0,0,0,01,0,0,0
D,971243461,928,1634,0,-1546,270,0,0,0,0,0,01,0,0,0
D,971244446,985,1634,0,-1546,251,0,0,0,0,0,01,0,0,0
D,971245442,996,1634,0,-1546,251,0,0,0,0,0,01,0,0,0
D,971246460,1018,1634,0,-1546,258,0,0,0,0,0,01,0,0,0
D,971247454,994,1634,0,-1546,258,0,0,0,0,0,01,0,0,0
D,971248434,980,1634,0,-1546,246,0,0,0,0,0,01,0,0,0
D,971249450,1016,1634,0,-1546,256,0,0,0,0,0,01,0,0,0
D,971250442,992,1634,0,-1546,253,0,0,0,0,0,01,0,0,0
D,971251478,1036,1634,0,-1546,278,0,0,0,0,0,01,0,0,0
D,971252459,981,1634,0,-1546,271,0,0,0,0,0,01,0,0,0
D,971253425,966,1634,0,-1546,233,0,0,0,0,0,01,0,0,0
D,971254422,997,1634,0,-1546,233,0,0,0,0,0,01,0,0,0
D,971255416,994,1634,0,-1546,226,0,0,0,0,0,01,0,0,0
D,971256416,1000,1634,0,-1546,226,0,0,0,0,0,01,0,0,0
D,971257416,1000,1634,0,-1546,226,0,0,0,0,0,01,0,0,0
D,971258422,1006,1634,0,-1546,229,0,0,0,0,0,01,0,0,0
D,971259424,1002,1634,0,-1546,225,0,0,0,0,0,01,0,0,0
D,971260477,1053,1634,0,-1546,280,0,0,0,0,0,01,0,0,0
D,971261522,1045,1634,0,-1546,328,0,0,0,0,0,01,0,0,0
D,971262547,1025,1634,0,-1546,349,0,0,0,0,0,01,0,0,0
D,971263472,925,1634,0,-1546,268,0,0,0,0,0,01,0,0,0
D,971264440,968,1634,0,-1546,251,0,0,0,0,0,01,0,0,0
D,971265443,1003,1634,0,-1546,249,0,0,0,0,0,01,0,0,0
D,971266453,1010,1634,0,-1546,259,0,0,0,0,0,01,0,0,0
D,971267453,1000,1634,0,-1546,257,0,0,0,0,0,01,0,0,0
D,971268448,995,1634,0,-1546,246,0,0,0,0,0,01,0,0,0
D,971269456,1008,1634,0,-1546,253,0,0,0,0,0,01,0,0,0
D,971270450,994,1634,0,-1546,258,0,0,0,0,0,01,0,0,0
D,971271452,1002,1634,0,-1546,264,0,0,0,0,0,01,0,0,0
D,971272468,1016,1634,0,-1546,271,0,0,0,0,0,01,0,0,0
D,971273421,953,1634,0,-1546,230,0,0,0,0,0,01,0,0,0
D,971274425,1004,1634,0,-1546,234,0,0,0,0,0,01,0,0,0
D,971275421,996,1634,0,-1546,228,0,0,0,0,0,01,0,0,0
D,971276421,1000,1634,0,-1546,226,0,0,0,0,0,01,0,0,0
D,971277421,1000,1634,0,-1546,227,0,0,0,0,0,01,0,0,0
D,971278424,1003,1634,0,-1546,229,0,0,0,0,0,01,0,0,0
D,971279428,1004,1634,0,-1546,225,0,0,0,0,0,01,0,0,0
D,971280491,1063,1634,0,-1546,288,0,0,0,0,0,01,0,0,0
D,971281543,1052,1634,0,-1546,338,0,0,0,0,0,01,0,0,0
D,971282529,986,1634,0,-1546,330,0,0,0,0,0,01,0,0,0
D,971283452,923,1634,0,-1546,262,0,0,0,0,0,01,0,0,0
D,971284452,1000,1634,0,-1546,251,0,0,0,0,0,01,0,0,0
D,971285449,997,1634,0,-1546,248,0,0,0,0,0,01,0,0,0
D,971286452,1003,1634,0,-1546,257,0,0,0,0,0,01,0,0,0
D,971287436,984,1634,0,-1546,247,0,0,0,0,0,01,0,0,0
D,971288441,1005,1634,0,-1546,251,0,0,0,0,0,01,0,0,0
D,971289449,1008,1634,0,-1546,249,0,0,0,0,0,01,0,0,0
D,971290441,992,1634,0,-1546,253,0,0,0,0,0,01,0,0,0
D,971291462,1021,1634,0,-1546,261,0,0,0,0,0,01,0,0,0
D,971292468,1006,1634,0,-1546,279,0,0,0,0,0,01,0,0,0
D,971293429,961,1634,0,-1546,234,0,0,0,0,0,01,0,0,0
D,971294428,999,1634,0,-1546,233,0,0,0,0,0,01,0,0,0
D,971295421,993,1634,0,-1546,229,0,0,0,0,0,01,0,0,0
D,971296421,1000,1634,0,-1546,227,0,0,0,0,0,01,0,0,0
D,971297421,1000,1634,0,-1546,227,0,0,0,0,0,01,0,0,0
D,971298424,1003,1634,0,-1546,229,0,0,0,0,0,01,0,0,0
D,971299428,1004,1634,0,-1546,225,0,0,0,0,0,01,0,0,0
D,971300479,1051,1634,0,-1546,277,0,0,0,0,0,01,0,0,0
D,971301521,1042,1634,0,-1546,329,0,0,0,0,0,01,0,0,0
D,971302549,1028,1634,0,-1546,348,0,0,0,0,0,01,0,0,0
D,971303455,906,1634,0,-1546,266,0,0,0,0,0,01,0,0,0
D,971304448,993,1634,0,-1546,247,0,0,0,0,0,01,0,0,0
D,971305444,996,1634,0,-1546,251,0,0,0,0,0,01,0,0,0
D,971306450,1006,1634,0,-1546,259,0,0,0,0,0,01,0,0,0
D,971307443,993,1634,0,-1546,250,0,0,0,0,0,01,0,0,0
D,971308438,995,1634,0,-1546,245,0,0,0,0,0,01,0,0,0
D,971309440,1002,1634,0,-1546,248,0,0,0,0,0,01,0,0,0
D,971310445,1005,1634,0,-1546,253,0,0,0,0,0,01,0,0,0
D,971311466,1021,1634,0,-1546,264,0,0,0,0,0,01,0,0,0
D,971312467,1001,1634,0,-1546,276,0,0,0,0,0,01,0,0,0
D,971313428,961,1634,0,-1546,232,0,0,0,0,0,01,0,0,0
D,971314429,1001,1634,0,-1546,234,0,0,0,0,0,01,0,0,0
D,971315424,995,1634,0,-1546,225,0,0,0,0,0,01,0,0,0
D,971316423,999,1634,0,-1546,225,0,0,0,0,0,01,0,0,0
D,971317422,999,1634,0,-1546,225,0,0,0,0,0,01,0,0,0
D,971318426,1004,1634,0,-1546,229,0,0,0,0,0,01,0,0,0
D,971319416,990,1634,0,-1546,226,0,0,0,0,0,01,0,0,0
D,971320457,1041,1634,0,-1546,269,0,0,0,0,0,01,0,0,0
D,971321540,1083,1634,0,-1546,340,0,0,0,0,0,01,0,0,0
D,971322537,997,1634,0,-1546,335,0,0,0,0,0,01,0,0,0
D,971323459,922,1634,0,-1546,263,0,0,0,0,0,01,0,0,0
D,971324444,985,1634,0,-1546,249,0,0,0,0,0,01,0,0,0
D,971325448,1004,1634,0,-1546,247,0,0,0,0,0,01,0,0,0
D,971326458,1010,1634,0,-1546,258,0,0,0,0,0,01,0,0,0
D,971327453,995,1634,0,-1546,250,0,0,0,0,0,01,0,0,0
D,971328443,990,1634,0,-1546,246,0,0,0,0,0,01,0,0,0
D,971329449,1006,1634,0,-1546,247,0,0,0,0,0,01,0,0,0
D,971330456,1007,1634,0,-1546,255,0,0,0,0,0,01,0,0,0
D,971331456,1000,1634,0,-1546,257,0,0,0,0,0,01,0,0,0
D,971332475,1019,1634,0,-1546,283,0,0,0,0,0,01,0,0,0
D,971333428,953,1634,0,-1546,234,0,0,0,0,0,01,0,0,0
D,971334435,1007,1634,0,-1546,234,0,0,0,0,0,01,0,0,0
D,971335428,993,1634,0,-1546,225,0,0,0,0,0,01,0,0,0
D,971336415,987,1634,0,-1546,226,0,0,0,0,0,01,0,0,0
D,971337415,1000,1634,0,-1546,226,0,0,0,0,0,01,0,0,0
D,971338422,1007,1634,0,-1546,229,0,0,0,0,0,01,0,0,0
D,971339428,1006,1634,0,-1546,225,0,0,0,0,0,01,0,0,0
D,971340498,1070,1634,0,-1546,293,0,0,0,0,0,01,0,0,0
D,971341532,1034,1634,0,-1546,331,0,0,0,0,0,01,0,0,0
D,971342548,1016,1634,0,-1546,343,0,0,0,0,0,01,0,0,0
D,971343465,917,1634,0,-1546,277,0,0,0,0,0,01,0,0,0
D,971344451,986,1634,0,-1546,251,0,0,0,0,0,01,0,0,0
D,971345446,995,1634,0,-1546,249,0,0,0,0,0,01,0,0,0
D,971346447,1001,1634,0,-1546,259,0,0,0,0,0,01,0,0,0
D,971347453,1006,1634,0,-1546,253,0,0,0,0,0,01,0,0,0
D,971348451,998,1634,0,-1546,251,0,0,0,0,0,01,0,0,0
D,971349442,991,1634,0,-1546,253,0,0,0,0,0,01,0,0,0
D,971350448,1006,1634,0,-1546,255,0,0,0,0,0,01,0,0,0
D,971351475,1027,1634,0,-1546,273,0,0,0,0,0,01,0,0,0
D,971352464,989,1634,0,-1546,270,0,0,0,0,0,01,0,0,0
D,971353429,965,1634,0,-1546,231,0,0,0,0,0,01,0,0,0
D,971354430,1001,1634,0,-1546,234,0,0,0,0,0,01,0,0,0
D,971355423,993,1634,0,-1546,225,0,0,0,0,0,01,0,0,0
D,971356429,1006,1634,0,-1546,226,0,0,0,0,0,01,0,0,0
D,971357416,987,1634,0,-1546,226,0,0,0,0,0,01,0,0,0
D,971358422,1006,1634,0,-1546,229,0,0,0,0,0,01,0,0,0
D,971359424,1002,1634,0,-1546,225,0,0,0,0,0,01,0,0,0
D,971360479,1055,1634,0,-1546,281,0,0,0,0,0,01,0,0,0
D,971361530,1051,1634,0,-1546,335,0,0,0,0,0,01,0,0,0
D,971362548,1018,1634,0,-1546,341,0,0,0,0,0,01,0,0,0
D,971363472,924,1634,0,-1546,269,0,0,0,0,0,01,0,0,0
D,971364447,975,1634,0,-1546,253,0,0,0,0,0,01,0,0,0
D,971365439,992,1634,0,-1546,248,0,0,0,0,0,01,0,0,0
D,971366459,1020,1634,0,-1546,260,0,0,0,0,0,01,0,0,0
D,971367446,987,1634,0,-1546,258,0,0,0,0,0,01,0,0,0
D,971368438,992,1634,0,-1546,247,0,0,0,0,0,01,0,0,0
D,971369447,1009,1634,0,-1546,256,0,0,0,0,0,01,0,0,0
D,971370450,1003,1634,0,-1546,252,0,0,0,0,0,01,0,0,0
D,971371469,1019,1634,0,-1546,273,0,0,0,0,0,01,0,0,0
D,971372460,991,1634,0,-1546,272,0,0,0,0,0,01,0,0,0
D,971373428,968,1634,0,-1546,233,0,0,0,0,0,01,0,0,0
D,971374428,1000,1634,0,-1546,234,0,0,0,0,0,01,0,0,0
D,971375421,993,1634,0,-1546,227,0,0,0,0,0,01,0,0,0
D,971376421,1000,1634,0,-1546,226,0,0,0,0,0,01,0,0,0
D,971377421,1000,1634,0,-1546,226,0,0,0,0,0,01,0,0,0
D,971378424,1003,1634,0,-1546,229,0,0,0,0,0,01,0,0,0
D,971379428,1004,1634,0,-1546,225,0,0,0,0,0,01,0,0,0
D,971380481,1053,1634,0,-1546,281,0,0,0,0,0,01,0,0,0
D,971381522,1041,1634,0,-1546,330,0,0,0,0,0,01,0,0,0
D,971382551,1029,1634,0,-1546,345,0,0,0,0,0,01,0,0,0
D,971383464,913,1634,0,-1546,273,0,0,0,0,0,01,0,0,0
D,971384437,973,1634,0,-1546,245,0,0,0,0,0,01,0,0,0
D,971385447,1010,1634,0,-1546,254,0,0,0,0,0,01,0,0,0
D,971386456,1009,1634,0,-1546,260,0,0,0,0,0,01,0,0,0
D,971387457,1001,1634,0,-1546,259,0,0,0,0,0,01,0,0,0
D,971388439,982,1634,0,-1546,244,0,0,0,0,0,01,0,0,0
D,971389449,1010,1634,0,-1546,258,0,0,0,0,0,01,0,0,0
D,971390453,1004,1634,0,-1546,253,0,0,0,0,0,01,0,0,0
D,971391464,1011,1634,0,-1546,272,0,0,0,0,0,01,0,0,0
D,971392462,998,1634,0,-1546,274,0,0,0,0,0,01,0,0,0
D,971393428,966,1634,0,-1546,231,0,0,0,0,0,01,0,0,0
D,971394428,1000,1634,0,-1546,235,0,0,0,0,0,01,0,0,0
D,971395424,996,1634,0,-1546,225,0,0,0,0,0,01,0,0,0
D,971396423,999,1634,0,-1546,225,0,0,0,0,0,01,0,0,0
D,971397422,999,1634,0,-1546,225,0,0,0,0,0,01,0,0,0
D,971398426,1004,1634,0,-1546,229,0,0,0,0,0,01,0,0,0
D,971399416,990,1634,0,-1546,226,0,0,0,0,0,01,0,0,0
D,971400481,1065,1634,0,-1546,277,0,0,0,0,0,01,0,0,0
D,971401543,1062,1634,0,-1546,347,0,0,0,0,0,01,0,0,0
D,971402539,996,1634,0,-1546,339,0,0,0,0,0,01,0,0,0
D,971403460,921,1634,0,-1546,264,0,0,0,0,0,01,0,0,0
D,971404447,987,1634,0,-1546,250,0,0,0,0,0,01,0,0,0
D,971405444,997,1634,0,-1546,251,0,0,0,0,0,01,0,0,0
D,971406453,1009,1634,0,-1546,258,0,0,0,0,0,01,0,0,0
D,971407451,998,1634,0,-1546,252,0,0,0,0,0,01,0,0,0
D,971408440,989,1634,0,-1546,246,0,0,0,0,0,01,0,0,0
D,971409446,1006,1634,0,-1546,249,0,0,0,0,0,01,0,0,0
D,971410447,1001,1634,0,-1546,252,0,0,0,0,0,01,0,0,0
D,971411461,1014,1634,0,-1546,269,0,0,0,0,0,01,0,0,0
D,971412474,1013,1634,0,-1546,277,0,0,0,0,0,01,0,0,0
D,971413433,959,1634,0,-1546,233,0,0,0,0,0,01,0,0,0
D,971414428,995,1634,0,-1546,233,0,0,0,0,0,01,0,0,0
D,971415421,993,1634,0,-1546,228,0,0,0,0,0,01,0,0,0
D,971416421,1000,1634,0,-1546,226,0,0,0,0,0,01,0,0,0
D,971417421,1000,1634,0,-1546,227,0,0,0,0,0,01,0,0,0
D,971418425,1004,1634,0,-1546,229,0,0,0,0,0,01,0,0,0
D,971419416,991,1634,0,-1546,227,0,0,0,0,0,01,0,0,0
D,971420485,1069,1634,0,-1546,282,0,0,0,0,0,01,0,0,0
D,971421527,1042,1634,0,-1546,332,0,0,0,0,0,01,0,0,0
D,971422529,1002,1634,0,-1546,338,0,0,0,0,0,01,0,0,0
D,971423465,936,1634,0,-1546,269,0,0,0,0,0,01,0,0,0
D,971424450,985,1634,0,-1546,254,0,0,0,0,0,01,0,0,0
D,971425439,989,1634,0,-1546,246,0,0,0,0,0,01,0,0,0
D,971426449,1010,1634,0,-1546,262,0,0,0,0,0,01,0,0,0
D,971427446,997,1634,0,-1546,249,0,0,0,0,0,01,0,0,0
D,971428452,1006,1634,0,-1546,254,0,0,0,0,0,01,0,0,0
D,971429441,989,1634,0,-1546,253,0,0,0,0,0,01,0,0,0
D,971430454,1013,1634,0,-1546,256,0,0,0,0,0,01,0,0,0
D,971431463,1009,1634,0,-1546,269,0,0,0,0,0,01,0,0,0
D,971432458,995,1634,0,-1546,270,0,0,0,0,0,01,0,0,0
D,971433423,965,1634,0,-1546,231,0,0,0,0,0,01,0,0,0
D,971434422,999,1634,0,-1546,233,0,0,0,0,0,01,0,0,0
D,971435416,994,1634,0,-1546,227,0,0,0,0,0,01,0,0,0
D,971436416,1000,1634,0,-1546,226,0,0,0,0,0,01,0,0,0
D,971437416,1000,1634,0,-1546,226,0,0,0,0,0,01,0,0,0
D,971438422,1006,1634,0,-1546,229,0,0,0,0,0,01,0,0,0
D,971439428,1006,1634,0,-1546,225,0,0,0,0,0,01,0,0,0
D,971440482,1054,1634,0,-1546,280,0,0,0,0,0,01,0,0,0
D,971441533,1051,1634,0,-1546,336,0,0,0,0,0,01,0,0,0
D,971442525,992,1634,0,-1546,331,0,0,0,0,0,01,0,0,0
D,971443469,944,1634,0,-1546,266,0,0,0,0,0,01,0,0,0
D,971444452,983,1634,0,-1546,251,0,0,0,0,0,01,0,0,0
D,971445449,997,1634,0,-1546,248,0,0,0,0,0,01,0,0,0
D,971446450,1001,1634,0,-1546,257,0,0,0,0,0,01,0,0,0
D,971447446,996,1634,0,-1546,246,0,0,0,0,0,01,0,0,0
D,971448452,1006,1634,0,-1546,250,0,0,0,0,0,01,0,0,0
D,971449441,989,1634,0,-1546,249,0,0,0,0,0,01,0,0,0
D,971450449,1008,1634,0,-1546,253,0,0,0,0,0,01,0,0,0
D,971451462,1013,1634,0,-1546,266,0,0,0,0,0,01,0,0,0
D,971452482,1020,1634,0,-1546,280,0,0,0,0,0,01,0,0,0
D,971453426,944,1634,0,-1546,234,0,0,0,0,0,01,0,0,0
D,971454423,997,1634,0,-1546,233,0,0,0,0,0,01,0,0,0
D,971455416,993,1634,0,-1546,227,0,0,0,0,0,01,0,0,0
D,971456416,1000,1634,0,-1546,226,0,0,0,0,0,01,0,0,0
D,971457416,1000,1634,0,-1546,226,0,0,0,0,0,01,0,0,0
D,971458422,1006,1634,0,-1546,229,0,0,0,0,0,01,0,0,0
D,971459428,1006,1634,0,-1546,225,0,0,0,0,0,01,0,0,0
D,971460487,1059,1634,0,-1546,287,0,0,0,0,0,01,0,0,0
D,971461531,1044,1634,0,-1546,332,0,0,0,0,0,01,0,0,0
D,971462547,1016,1634,0,-1546,341,0,0,0,0,0,01,0,0,0
D,971463475,928,1634,0,-1546,277,0,0,0,0,0,01,0,0,0
D,971464439,964,1634,0,-1546,248,0,0,0,0,0,01,0,0,0
D,971465452,1013,1634,0,-1546,251,0,0,0,0,0,01,0,0,0
D,971466459,1007,1634,0,-1546,260,0,0,0,0,0,01,0,0,0
D,971467458,999,1634,0,-1546,256,0,0,0,0,0,01,0,0,0
D,971468445,987,1634,0,-1546,247,0,0,0,0,0,01,0,0,0
D,971469454,1009,1634,0,-1546,256,0,0,0,0,0,01,0,0,0
D,971470444,990,1634,0,-1546,256,0,0,0,0,0,01,0,0,0
D,971471470,1026,1634,0,-1546,272,0,0,0,0,0,01,0,0,0
# DIAG n=2304 wrapped=1 frozen=0

[HOST 2026-09-18T13:54:05.056] TX s

[HOST 2026-09-18T13:54:05.056] TX d
# state=IDLE_STOPPED fault=NONE angle=223.77 wedge=7 omega=-0.0003 natStop=0.0 pos=FRESH vel=VALID age_us=636 dirCal=1(sign -1) tmc=1 takeover=1 rawZero=88 stage=0 cmd=0.000
# DIAG armed: RAM-only 1 kHz capture; dumps after true stop or fault.
SPIN#4 START dir=-1 omega=-0.264 wedge=7
SPIN#4 RELEASE speed=1.480 peak=1.609 angle=9.5
S
[HOST 2026-09-18T13:55:32.185] TX s
PIN#4 RESERVE targetW=0 targetAngle=12.4 runway=386.7 natStop=445.4 speed=0.720 q=0 urgent=0
# DIAG active: status suppressed
SPIN#4 CAPTURE fasDir=+1 wheel=0.703 cmd0=0.668 hz=2136 aPlan=0.2031(650 sps2) aFas=5200 remain=366.6
SPIN#4 SUMMARY dir=-1 peak=1.609 releaseMs=1734 relAngle=9.5 relSpeed=1.480 targetW=0 targetAngle=12.4 runway=386.7 natStop=445.4 fricC=0.5500 fricB=0.2800 tkSpeed=0.703 cmdMax=0.668 cmdMin=0.056 rise=0.000 maxDecel=3.177 final=13.3 finalW=0 err=-0.9 quality=0 result=CONTROLLED_SAFE fault=NONE fitRej=0 fitsCW=0 fitsCCW=0
# DIAG columns: done_us,dt_good_us,raw,delta,counts,i2c_us,omega_mrev,window_mrev,cmd_mrev,fas_mrev,remain_ddeg,flags_hex,state,stage,current_ma
D,1262559188,970,3357,1,-203973,241,-284,-284,265,270,603,01,7,3,1650
D,1262560201,1013,3358,1,-203974,246,-284,-284,265,268,602,01,7,3,1650
D,1262561284,1083,3359,1,-203975,331,-284,-284,265,267,601,01,7,3,1650
D,1262562407,1123,3360,1,-203976,456,-283,-275,265,265,600,01,7,3,1650
D,1262563247,840,3361,1,-203977,280,-283,-276,265,265,599,01,7,3,1650
D,1262564261,1014,3362,1,-203978,304,-283,-277,260,265,599,01,7,3,1650
D,1262565228,967,3363,1,-203979,272,-282,-268,260,265,598,01,7,3,1650
D,1262566286,1058,3364,1,-203980,326,-282,-268,260,265,597,01,7,3,1650
D,1262567242,956,3366,2,-203982,284,-282,-276,260,265,595,01,7,3,1650
D,1262568193,951,3367,1,-203983,247,-281,-276,260,265,594,01,7,3,1650
D,1262569218,1025,3368,1,-203984,266,-281,-276,260,265,593,01,7,3,1650
D,1262570263,1045,3370,2,-203986,305,-281,-284,260,265,592,01,7,3,1650
D,1262571224,961,3371,1,-203987,273,-281,-284,260,265,591,01,7,3,1650
D,1262572242,1018,3372,1,-203988,287,-281,-284,260,265,590,01,7,3,1650
D,1262573200,958,3373,1,-203989,243,-282,-285,260,265,589,01,7,3,1650
D,1262574243,1043,3374,1,-203990,278,-282,-285,260,265,588,01,7,3,1650
D,1262575209,966,3375,1,-203991,248,-282,-284,260,265,587,01,7,3,1650
D,1262576180,971,3376,1,-203992,224,-282,-284,260,265,586,01,7,3,1650
D,1262577182,1002,3377,1,-203993,221,-282,-284,260,265,585,01,7,3,1650
D,1262578208,1026,3378,1,-203994,257,-282,-285,260,265,584,01,7,3,1650
D,1262579187,979,3379,1,-203995,239,-282,-284,260,265,584,01,7,3,1650
D,1262580198,1011,3380,1,-203996,249,-282,-284,260,265,583,01,7,3,1650
D,1262581271,1073,3381,1,-203997,320,-282,-276,260,265,582,01,7,3,1650
D,1262582416,1145,3382,1,-203998,449,-282,-275,260,265,581,01,7,3,1650
D,1262583238,822,3383,1,-203999,287,-281,-268,260,265,580,01,7,3,1650
D,1262584218,980,3384,1,-204000,254,-281,-268,260,263,579,01,7,3,1650
D,1262585212,994,3385,1,-204001,259,-280,-268,260,261,578,01,7,3,1650
D,1262586294,1082,3386,1,-204002,338,-279,-259,260,259,577,01,7,3,1650
D,1262587220,926,3387,1,-204003,261,-279,-260,260,260,577,01,7,3,1650
D,1262588199,979,3389,2,-204005,244,-278,-268,260,260,575,01,7,3,1650
D,1262589249,1050,3390,1,-204006,290,-278,-268,255,260,574,01,7,3,1650
D,1262590261,1012,3391,1,-204007,308,-277,-268,255,260,573,01,7,3,1650
D,1262591255,994,3392,1,-204008,295,-277,-267,255,260,572,01,7,3,1650
D,1262592243,988,3394,2,-204010,297,-277,-276,255,260,570,01,7,3,1650
D,1262593202,959,3395,1,-204011,241,-277,-277,255,260,570,01,7,3,1650
D,1262594231,1029,3396,1,-204012,284,-277,-276,255,260,569,01,7,3,1650
D,1262595209,978,3397,1,-204013,262,-277,-276,255,260,568,01,7,3,1650
D,1262596174,965,3397,0,-204013,223,-277,-268,255,260,568,01,7,3,1650
D,1262597176,1002,3398,1,-204014,221,-276,-269,255,260,567,01,7,3,1650
D,1262598224,1048,3400,2,-204016,260,-276,-268,255,260,565,01,7,3,1650
D,1262599192,968,3401,1,-204017,237,-276,-268,255,260,564,01,7,3,1650
D,1262600202,1010,3401,0,-204017,250,-275,-260,255,260,564,01,7,3,1650
D,1262601295,1093,3403,2,-204019,331,-274,-260,255,260,563,01,7,3,1650
D,1262602411,1116,3404,1,-204020,443,-274,-259,255,260,562,01,7,3,1650
D,1262603249,838,3405,1,-204021,280,-273,-260,255,260,561,01,7,3,1650
D,1262604215,966,3406,1,-204022,266,-273,-260,255,260,560,01,7,3,1650
D,1262605215,1000,3407,1,-204023,261,-272,-260,255,260,559,01,7,3,1650
D,1262606276,1061,3408,1,-204024,326,-272,-260,255,260,558,01,7,3,1650
D,1262607218,942,3409,1,-204025,265,-271,-260,255,259,557,01,7,3,1650
D,1262608206,988,3410,1,-204026,244,-271,-260,255,257,556,01,7,3,1650
D,1262609213,1007,3412,2,-204028,261,-271,-268,255,255,555,01,7,3,1650
D,1262610261,1048,3413,1,-204029,304,-271,-268,255,253,554,01,7,3,1650
D,1262611233,972,3414,1,-204030,273,-270,-267,255,253,553,01,7,3,1650
D,1262612246,1013,3415,1,-204031,289,-270,-268,255,254,552,01,7,3,1650
D,1262613199,953,3416,1,-204032,246,-270,-270,255,254,551,01,7,3,1650
D,1262614320,1121,3417,1,-204033,338,-270,-268,249,254,550,01,7,3,1650
D,1262615208,888,3418,1,-204034,260,-270,-268,249,254,549,01,7,3,1650
D,1262616170,962,3419,1,-204035,222,-270,-268,249,254,548,01,7,3,1650
D,1262617171,1001,3420,1,-204036,222,-270,-269,249,254,548,01,7,3,1650
D,1262618221,1050,3420,0,-204036,257,-269,-252,249,254,548,01,7,3,1650
D,1262619185,964,3421,1,-204037,235,-269,-252,249,254,547,01,7,3,1650
D,1262620212,1027,3422,1,-204038,255,-268,-252,249,254,546,01,7,3,1650
D,1262621283,1071,3423,1,-204039,333,-267,-252,249,254,545,01,7,3,1650
D,1262622376,1093,3424,1,-204040,426,-266,-243,249,254,544,01,7,3,1650
D,1262623245,869,3425,1,-204041,290,-266,-244,249,254,543,01,7,3,1650
D,1262624203,958,3426,1,-204042,252,-265,-244,249,254,542,01,7,3,1650
D,1262625229,1026,3428,2,-204044,266,-264,-252,249,254,541,01,7,3,1650
D,1262626267,1038,3429,1,-204045,312,-264,-260,249,254,540,01,7,3,1650
D,1262627233,966,3430,1,-204046,285,-264,-260,249,254,539,01,7,3,1650
D,1262628210,977,3431,1,-204047,256,-264,-260,249,254,538,01,7,3,1650
D,1262629219,1009,3432,1,-204048,268,-263,-252,249,254,537,01,7,3,1650
D,1262630249,1030,3434,2,-204050,294,-263,-268,249,254,535,01,7,3,1650
D,1262631234,985,3435,1,-204051,282,-264,-267,249,253,534,01,7,3,1650
D,1262632237,1003,3436,1,-204052,283,-263,-260,249,251,533,01,7,3,1650
D,1262633194,957,3437,1,-204053,248,-263,-262,249,251,533,01,7,3,1650
D,1262634234,1040,3438,1,-204054,279,-263,-260,249,249,532,01,7,3,1650
D,1262635207,973,3439,1,-204055,255,-263,-260,249,249,531,01,7,3,1650
D,1262636187,980,3440,1,-204056,222,-263,-260,249,249,530,01,7,3,1650
D,1262637182,995,3441,1,-204057,221,-263,-261,249,249,529,01,7,3,1650
D,1262638208,1026,3442,1,-204058,255,-263,-260,249,249,528,01,7,3,1650
D,1262639213,1005,3443,1,-204059,267,-262,-252,244,249,527,01,7,3,1650
D,1262640220,1007,3444,1,-204060,255,-262,-252,244,249,526,01,7,3,1650
D,1262641306,1086,3445,1,-204061,345,-262,-252,244,249,526,01,7,3,1650
D,1262642418,1112,3446,1,-204062,454,-261,-251,244,249,525,01,7,3,1650
D,1262643247,829,3447,1,-204063,288,-261,-252,244,249,524,01,7,3,1650
D,1262644202,955,3448,1,-204064,252,-260,-252,244,249,523,01,7,3,1650
D,1262645213,1011,3449,1,-204065,266,-260,-252,244,249,522,01,7,3,1650
D,1262646249,1036,3450,1,-204066,289,-260,-252,244,249,521,01,7,3,1650
D,1262647248,999,3451,1,-204067,298,-259,-252,244,249,520,01,7,3,1650
D,1262648203,955,3453,2,-204069,244,-259,-260,244,249,519,01,7,3,1650
D,1262649216,1013,3454,1,-204070,265,-260,-268,244,249,518,01,7,3,1650
D,1262650241,1025,3455,1,-204071,287,-260,-268,244,249,517,01,7,3,1650
D,1262651236,995,3456,1,-204072,279,-260,-268,244,249,516,01,7,3,1650
D,1262652230,994,3457,1,-204073,271,-261,-268,244,249,515,01,7,3,1650
D,1262653213,983,3458,1,-204074,253,-261,-269,244,249,514,01,7,3,1650
D,1262654248,1035,3459,1,-204075,290,-261,-268,244,249,513,01,7,3,1650
D,1262655199,951,3460,1,-204076,250,-262,-268,244,249,512,01,7,3,1650
D,1262656173,974,3461,1,-204077,223,-262,-260,244,249,512,01,7,3,1650
D,1262657169,996,3462,1,-204078,221,-262,-261,244,249,511,01,7,3,1650
D,1262658209,1040,3462,0,-204078,253,-261,-252,244,249,511,01,7,3,1650
D,1262659197,988,3463,1,-204079,237,-261,-252,244,249,510,01,7,3,1650
D,1262660198,1001,3464,1,-204080,245,-260,-252,244,247,509,01,7,3,1650
D,1262661284,1086,3465,1,-204081,335,-260,-244,244,245,508,01,7,3,1650
D,1262662403,1119,3466,1,-204082,436,-259,-243,244,243,507,01,7,3,1650
D,1262663243,840,3467,1,-204083,283,-259,-244,244,243,506,01,7,3,1650
D,1262664265,1022,3468,1,-204084,315,-258,-244,239,244,505,01,7,3,1650
D,1262665220,955,3469,1,-204085,266,-257,-244,239,244,504,01,7,3,1650
D,1262666266,1046,3470,1,-204086,317,-257,-243,239,244,504,01,7,3,1650
D,1262667248,982,3471,1,-204087,294,-256,-244,239,244,503,01,7,3,1650
D,1262668209,961,3472,1,-204088,248,-256,-244,239,244,502,01,7,3,1650
D,1262669223,1014,3474,2,-204090,264,-256,-252,239,244,500,01,7,3,1650
D,1262670268,1045,3475,1,-204091,306,-256,-252,239,244,499,01,7,3,1650
D,1262671225,957,3476,1,-204092,275,-255,-252,239,244,498,01,7,3,1650
D,1262672233,1008,3477,1,-204093,283,-255,-253,239,244,497,01,7,3,1650
D,1262673205,972,3478,1,-204094,247,-255,-254,239,244,497,01,7,3,1650
D,1262674229,1024,3479,1,-204095,278,-255,-252,239,244,496,01,7,3,1650
D,1262675213,984,3480,1,-204096,254,-255,-252,239,244,495,01,7,3,1650
D,1262676170,957,3481,1,-204097,222,-255,-252,239,244,494,01,7,3,1650
D,1262677171,1001,3482,1,-204098,222,-255,-253,239,244,493,01,7,3,1650
D,1262678213,1042,3483,1,-204099,257,-254,-244,239,244,492,01,7,3,1650
D,1262679196,983,3483,0,-204099,239,-254,-236,239,244,492,01,7,3,1650
D,1262680195,999,3484,1,-204100,245,-253,-236,239,244,491,01,7,3,1650
D,1262681280,1085,3485,1,-204101,316,-252,-236,239,244,490,01,7,3,1650
D,1262682404,1124,3487,2,-204103,446,-252,-243,239,244,489,01,7,3,1650
D,1262683245,841,3487,0,-204103,276,-251,-236,239,243,489,01,7,3,1650
D,1262684217,972,3488,1,-204104,254,-251,-236,239,240,488,01,7,3,1650
D,1262685207,990,3489,1,-204105,256,-250,-236,239,240,487,01,7,3,1650
D,1262686297,1090,3490,1,-204106,340,-250,-235,239,239,486,01,7,3,1650
D,1262687220,923,3491,1,-204107,265,-249,-236,239,239,485,01,7,3,1650
D,1262688210,990,3493,2,-204109,255,-249,-252,239,239,483,01,7,3,1650
D,1262689248,1038,3494,1,-204110,289,-249,-252,234,239,483,01,7,3,1650
D,1262690260,1012,3495,1,-204111,304,-249,-252,234,239,482,01,7,3,1650
D,1262691252,992,3496,1,-204112,301,-249,-252,234,239,481,01,7,3,1650
D,1262692239,987,3497,1,-204113,289,-250,-252,234,239,480,01,7,3,1650
D,1262693188,949,3498,1,-204114,242,-250,-254,234,239,479,01,7,3,1650
D,1262694249,1061,3499,1,-204115,295,-250,-252,234,239,478,01,7,3,1650
D,1262695226,977,3500,1,-204116,264,-250,-252,234,239,477,01,7,3,1650
D,1262696170,944,3501,1,-204117,223,-250,-252,234,239,476,01,7,3,1650
D,1262697183,1013,3501,0,-204117,223,-250,-245,234,239,476,01,7,3,1650
D,1262698212,1029,3502,1,-204118,262,-250,-244,234,239,475,01,7,3,1650
D,1262699189,977,3503,1,-204119,240,-249,-244,234,239,475,01,7,3,1650
D,1262700199,1010,3504,1,-204120,247,-249,-236,234,239,474,01,7,3,1650
D,1262701290,1091,3505,1,-204121,329,-248,-235,234,239,473,01,7,3,1650
D,1262702413,1123,3506,1,-204122,447,-248,-235,234,239,472,01,7,3,1650
D,1262703242,829,3507,1,-204123,293,-247,-236,234,239,471,01,7,3,1650
D,1262704228,986,3507,0,-204123,267,-247,-228,234,239,471,01,7,3,1650
D,1262705221,993,3509,2,-204125,271,-246,-236,234,239,469,01,7,3,1650
D,1262706274,1053,3510,1,-204126,313,-246,-235,234,239,468,01,7,3,1650
D,1262707230,956,3511,1,-204127,267,-245,-236,234,239,468,01,7,3,1650
D,1262708206,976,3512,1,-204128,247,-245,-236,234,239,467,01,7,3,1650
D,1262709223,1017,3513,1,-204129,260,-245,-244,234,236,466,01,7,3,1650
D,1262710252,1029,3514,1,-204130,302,-245,-244,234,234,465,01,7,3,1650
D,1262711228,976,3515,1,-204131,271,-245,-244,234,234,464,01,7,3,1650
D,1262712244,1016,3516,1,-204132,287,-245,-244,234,232,463,01,7,3,1650
D,1262713208,964,3517,1,-204133,250,-245,-238,234,233,462,01,7,3,1650
D,1262714283,1075,3518,1,-204134,336,-244,-244,228,233,461,01,7,3,1650
D,1262715223,940,3520,2,-204136,262,-245,-252,228,233,460,01,7,3,1650
D,1262716180,957,3520,0,-204136,222,-245,-244,228,233,460,01,7,3,1650
D,1262717182,1002,3521,1,-204137,221,-245,-245,228,233,459,01,7,3,1650
D,1262718206,1024,3522,1,-204138,257,-245,-244,228,233,458,01,7,3,1650
D,1262719202,996,3523,1,-204139,242,-244,-236,228,233,457,01,7,3,1650
D,1262720211,1009,3524,1,-204140,253,-244,-237,228,233,456,01,7,3,1650
D,1262721287,1076,3525,1,-204141,329,-244,-236,228,233,455,01,7,3,1650
D,1262722399,1112,3526,1,-204142,430,-243,-235,228,233,454,01,7,3,1650
D,1262723249,850,3527,1,-204143,286,-243,-236,228,233,454,01,7,3,1650
D,1262724215,966,3527,0,-204143,259,-243,-228,228,233,454,01,7,3,1650
D,1262725217,1002,3528,1,-204144,268,-242,-229,228,233,453,01,7,3,1650
D,1262726279,1062,3529,1,-204145,316,-241,-227,228,233,452,01,7,3,1650
D,1262727236,957,3530,1,-204146,275,-241,-236,228,233,451,01,7,3,1650
D,1262728208,972,3532,2,-204148,250,-241,-244,228,233,449,01,7,3,1650
D,1262729234,1026,3532,0,-204148,271,-241,-236,228,233,449,01,7,3,1650
D,1262730258,1024,3534,2,-204150,296,-241,-244,228,232,447,01,7,3,1650
D,1262731221,963,3535,1,-204151,270,-241,-244,228,232,446,01,7,3,1650
D,1262732248,1027,3536,1,-204152,289,-241,-244,228,230,446,01,7,3,1650
D,1262733192,944,3537,1,-204153,245,-242,-246,228,227,445,01,7,3,1650
D,1262734239,1047,3538,1,-204154,284,-242,-252,228,227,444,01,7,3,1650
D,1262735207,968,3539,1,-204155,247,-242,-252,228,228,443,01,7,3,1650
D,1262736175,968,3540,1,-204156,222,-242,-245,228,228,442,01,7,3,1650
D,1262737171,996,3540,0,-204156,221,-242,-237,228,228,442,01,7,3,1650
D,1262738222,1051,3541,1,-204157,265,-242,-236,228,228,441,01,7,3,1650
D,1262739227,1005,3542,1,-204158,267,-242,-236,223,228,440,01,7,3,1650
D,1262740214,987,3543,1,-204159,266,-242,-236,223,228,439,01,7,3,1650
D,1262741305,1091,3544,1,-204160,344,-241,-235,223,228,439,01,7,3,1650
D,1262742415,1110,3545,1,-204161,459,-241,-235,223,228,438,01,7,3,1650
D,1262743247,832,3545,0,-204161,290,-241,-228,223,228,438,01,7,3,1650
D,1262744217,970,3546,1,-204162,250,-240,-228,223,228,437,01,7,3,1650
D,1262745216,999,3547,1,-204163,267,-240,-229,223,228,436,01,7,3,1650
D,1262746226,1010,3548,1,-204164,272,-239,-228,223,228,435,01,7,3,1650
D,1262747249,1023,3549,1,-204165,291,-239,-227,223,228,434,01,7,3,1650
D,1262748203,954,3550,1,-204166,255,-238,-228,223,228,433,01,7,3,1650
D,1262749222,1019,3551,1,-204167,262,-238,-228,223,228,432,01,7,3,1650
D,1262750246,1024,3552,1,-204168,286,-237,-228,223,228,432,01,7,3,1650
D,1262751232,986,3553,1,-204169,280,-237,-228,223,228,431,01,7,3,1650
D,1262752237,1005,3554,1,-204170,276,-237,-229,223,228,430,01,7,3,1650
D,1262753209,972,3555,1,-204171,256,-237,-230,223,228,429,01,7,3,1650
D,1262754235,1026,3556,1,-204172,275,-236,-236,223,228,428,01,7,3,1650
D,1262755219,984,3557,1,-204173,256,-236,-236,223,228,427,01,7,3,1650
D,1262756175,956,3558,1,-204174,221,-236,-237,223,228,426,01,7,3,1650
D,1262757177,1002,3559,1,-204175,221,-236,-237,223,228,425,01,7,3,1650
D,1262758195,1018,3560,1,-204176,246,-236,-237,223,228,425,01,7,3,1650
D,1262759209,1014,3561,1,-204177,250,-236,-228,223,227,424,01,7,3,1650
D,1262760203,994,3561,0,-204177,244,-236,-229,223,227,424,01,7,3,1650
D,1262761294,1091,3562,1,-204178,339,-235,-219,223,225,423,01,7,3,1650
D,1262762409,1115,3563,1,-204179,452,-234,-219,223,223,422,01,7,3,1650
D,1262763248,839,3564,1,-204180,283,-234,-219,223,223,421,01,7,3,1650
D,1262764263,1015,3565,1,-204181,312,-233,-220,218,223,420,01,7,3,1650
D,1262765220,957,3566,1,-204182,264,-233,-220,218,223,419,01,7,3,1650
D,1262766286,1066,3567,1,-204183,332,-232,-219,218,223,418,01,7,3,1650
D,1262767238,952,3567,0,-204183,286,-232,-219,218,223,418,01,7,3,1650
D,1262768196,958,3568,1,-204184,250,-231,-220,218,223,417,01,7,3,1650
D,1262769212,1016,3569,1,-204185,264,-231,-221,218,223,417,01,7,3,1650
D,1262770257,1045,3570,1,-204186,296,-230,-219,218,223,416,01,7,3,1650
D,1262771226,969,3571,1,-204187,271,-230,-220,218,223,415,01,7,3,1650
D,1262772237,1011,3572,1,-204188,286,-230,-221,218,223,414,01,7,3,1650
D,1262773207,970,3573,1,-204189,242,-229,-222,218,223,413,01,7,3,1650
D,1262774233,1026,3574,1,-204190,283,-229,-228,218,223,412,01,7,3,1650
D,1262775209,976,3575,1,-204191,253,-229,-228,218,223,411,01,7,3,1650
D,1262776175,966,3576,1,-204192,221,-229,-229,218,223,410,01,7,3,1650
D,1262777175,1000,3576,0,-204192,225,-229,-221,218,223,410,01,7,3,1650
D,1262778213,1038,3578,2,-204194,258,-229,-228,218,223,409,01,7,3,1650
D,1262779180,967,3579,1,-204195,234,-229,-229,218,223,408,01,7,3,1650
D,1262780203,1023,3580,1,-204196,252,-229,-229,218,223,407,01,7,3,1650
D,1262781282,1079,3581,1,-204197,317,-229,-227,218,223,406,01,7,3,1650
D,1262782403,1121,3581,0,-204197,452,-228,-219,218,223,406,01,7,3,1650
D,1262783236,833,3582,1,-204198,274,-228,-220,218,223,405,01,7,3,1650
D,1262784202,966,3583,1,-204199,250,-228,-221,218,223,404,01,7,3,1650
D,1262785216,1014,3584,1,-204200,263,-228,-221,218,223,403,01,7,3,1650
D,1262786279,1063,3584,0,-204200,328,-227,-211,218,221,403,01,7,3,1650
D,1262787258,979,3585,1,-204201,289,-226,-211,218,218,403,01,7,3,1650
D,1262788191,933,3586,1,-204202,245,-226,-213,218,218,402,01,7,3,1650
D,1262789248,1057,3587,1,-204203,289,-225,-211,213,216,401,01,7,3,1650
D,1262790289,1041,3588,1,-204204,333,-225,-219,213,218,400,01,7,3,1650
D,1262791247,958,3589,1,-204205,299,-225,-220,213,218,399,01,7,3,1650
D,1262792254,1007,3589,0,-204205,297,-224,-213,213,218,399,01,7,3,1650
D,1262793192,938,3590,1,-204206,235,-224,-214,213,218,398,01,7,3,1650
D,1262794245,1053,3591,1,-204207,297,-223,-213,213,218,397,01,7,3,1650
D,1262795217,972,3592,1,-204208,256,-223,-213,213,218,396,01,7,3,1650
D,1262796167,950,3593,1,-204209,221,-223,-213,213,218,396,01,7,3,1650
D,1262797183,1016,3594,1,-204210,226,-222,-213,213,218,395,01,7,3,1650
D,1262798213,1030,3595,1,-204211,262,-222,-220,213,218,394,01,7,3,1650
D,1262799192,979,3596,1,-204212,234,-222,-221,213,218,393,01,7,3,1650
D,1262800201,1009,3597,1,-204213,251,-222,-221,213,218,392,01,7,3,1650
D,1262801291,1090,3599,2,-204215,327,-222,-227,213,218,390,01,7,3,1650
D,1262802411,1120,3600,1,-204216,461,-222,-227,213,218,389,01,7,3,1650
D,1262803245,834,3600,0,-204216,274,-222,-219,213,218,389,01,7,3,1650
D,1262804197,952,3601,1,-204217,251,-222,-221,213,218,388,01,7,3,1650
D,1262805217,1020,3602,1,-204218,261,-222,-220,213,218,388,01,7,3,1650
D,1262806276,1059,3603,1,-204219,310,-222,-219,213,218,387,01,7,3,1650
D,1262807235,959,3604,1,-204220,273,-222,-227,213,216,386,01,7,3,1650
D,1262808200,965,3604,0,-204220,250,-222,-220,213,216,386,01,7,3,1650
D,1262809219,1019,3605,1,-204221,262,-222,-211,213,214,385,01,7,3,1650
D,1262810262,1043,3606,1,-204222,309,-221,-211,213,211,384,01,7,3,1650
D,1262811228,966,3607,1,-204223,269,-221,-212,213,211,383,01,7,3,1650
D,1262812246,1018,3608,1,-204224,296,-221,-213,213,213,382,01,7,3,1650
D,1262813189,943,3608,0,-204224,241,-220,-214,213,213,382,01,7,3,1650
D,1262814320,1131,3609,1,-204225,354,-220,-211,208,213,381,01,7,3,1650
D,1262815210,890,3610,1,-204226,249,-220,-213,208,213,381,01,7,3,1650
D,1262816179,969,3611,1,-204227,222,-219,-213,208,213,380,01,7,3,1650
D,1262817178,999,3612,1,-204228,222,-220,-221,208,213,379,01,7,3,1650
D,1262818218,1040,3613,1,-204229,262,-220,-220,208,213,378,01,7,3,1650
D,1262819186,968,3614,1,-204230,229,-220,-221,208,213,377,01,7,3,1650
D,1262820226,1040,3615,1,-204231,262,-220,-221,208,213,376,01,7,3,1650
D,1262821284,1058,3616,1,-204232,336,-220,-219,208,213,375,01,7,3,1650
D,1262822403,1119,3617,1,-204233,428,-220,-227,208,213,374,01,7,3,1650
D,1262823252,849,3618,1,-204234,285,-220,-227,208,213,374,01,7,3,1650
D,1262824217,965,3619,1,-204235,260,-220,-228,208,213,373,01,7,3,1650
D,1262825227,1010,3620,1,-204236,262,-221,-228,208,213,372,01,7,3,1650
D,1262826263,1036,3620,0,-204236,308,-221,-219,208,213,372,01,7,3,1650
D,1262827231,968,3621,1,-204237,274,-221,-219,208,213,371,01,7,3,1650
D,1262828211,980,3622,1,-204238,247,-221,-220,208,213,370,01,7,3,1650
D,1262829225,1014,3623,1,-204239,273,-221,-219,208,213,369,01,7,3,1650
D,1262830283,1058,3624,1,-204240,308,-221,-219,208,213,368,01,7,3,1650
D,1262831221,938,3624,0,-204240,271,-220,-213,208,211,368,01,7,3,1650
D,1262832246,1025,3625,1,-204241,284,-220,-205,208,209,367,01,7,3,1650
D,1262833186,940,3626,1,-204242,240,-219,-206,208,209,367,01,7,3,1650
D,1262834256,1070,3626,0,-204242,295,-218,-203,208,206,367,01,7,3,1650
D,1262835196,940,3627,1,-204243,243,-218,-205,208,208,366,01,7,3,1650
D,1262836178,982,3628,1,-204244,222,-217,-205,208,208,365,01,7,3,1650
D,1262837178,1000,3629,1,-204245,221,-217,-205,208,208,364,01,7,3,1650
D,1262838216,1038,3630,1,-204246,265,-217,-211,208,208,363,01,7,3,1650
D,1262839219,1003,3630,0,-204246,258,-216,-203,202,208,363,01,7,3,1650
D,1262840222,1003,3631,1,-204247,260,-216,-205,202,208,362,01,7,3,1650
D,1262841319,1097,3632,1,-204248,351,-215,-203,202,208,361,01,7,3,1650
D,1262842414,1095,3633,1,-204249,444,-215,-202,202,208,360,01,7,3,1650
D,1262843241,827,3634,1,-204250,293,-215,-211,202,208,359,01,7,3,1650
D,1262844208,967,3635,1,-204251,255,-214,-213,202,208,359,01,7,3,1650
D,1262845213,1005,3636,1,-204252,266,-214,-212,202,208,358,01,7,3,1650
D,1262846209,996,3637,1,-204253,262,-214,-211,202,208,357,01,7,3,1650
D,1262847253,1044,3638,1,-204254,303,-214,-211,202,208,356,01,7,3,1650
D,1262848204,951,3638,0,-204254,245,-214,-205,202,208,356,01,7,3,1650
D,1262849227,1023,3640,2,-204256,265,-214,-211,202,208,354,01,7,3,1650
D,1262850258,1031,3641,1,-204257,299,-214,-211,202,208,353,01,7,3,1650
D,1262851221,963,3641,0,-204257,273,-213,-205,202,208,353,01,7,3,1650
D,1262852226,1005,3642,1,-204258,276,-213,-205,202,208,352,01,7,3,1650
D,1262853202,976,3643,1,-204259,255,-213,-206,202,208,352,01,7,3,1650
D,1262854235,1033,3644,1,-204260,287,-212,-203,202,208,351,01,7,3,1650
D,1262855199,964,3644,0,-204260,251,-212,-197,202,208,351,01,7,3,1650
D,1262856174,975,3645,1,-204261,227,-211,-197,202,208,350,01,7,3,1650
D,1262857170,996,3646,1,-204262,221,-211,-205,202,208,349,01,7,3,1650
D,1262858196,1026,3646,0,-204262,250,-210,-197,202,208,349,01,7,3,1650
D,1262859203,1007,3647,1,-204263,245,-210,-197,202,206,348,01,7,3,1650
D,1262860197,994,3648,1,-204264,244,-209,-197,202,206,347,01,7,3,1650
D,1262861291,1094,3649,1,-204265,342,-209,-203,202,204,346,01,7,3,1650
D,1262862393,1102,3650,1,-204266,443,-209,-202,202,201,345,01,7,3,1650
D,1262863247,854,3651,1,-204267,283,-209,-203,202,201,345,01,7,3,1650
D,1262864251,1004,3651,0,-204267,301,-208,-196,197,202,345,01,7,3,1650
D,1262865221,970,3652,1,-204268,267,-208,-203,197,202,344,01,7,3,1650
D,1262866273,1052,3653,1,-204269,305,-208,-203,197,202,343,01,7,3,1650
D,1262867249,976,3654,1,-204270,294,-208,-203,197,202,342,01,7,3,1650
D,1262868192,943,3655,1,-204271,246,-207,-205,197,202,341,01,7,3,1650
D,1262869214,1022,3656,1,-204272,264,-207,-205,197,202,340,01,7,3,1650
D,1262870264,1050,3657,1,-204273,309,-207,-211,197,202,339,01,7,3,1650
D,1262871223,959,3658,1,-204274,274,-208,-213,197,202,338,01,7,3,1650
D,1262872242,1019,3658,0,-204274,283,-208,-205,197,202,338,01,7,3,1650
D,1262873202,960,3659,1,-204275,242,-208,-206,197,202,338,01,7,3,1650
D,1262874244,1042,3660,1,-204276,285,-207,-203,197,202,337,01,7,3,1650
D,1262875199,955,3661,1,-204277,250,-207,-205,197,202,336,01,7,3,1650
D,1262876182,983,3661,0,-204277,221,-207,-197,197,202,336,01,7,3,1650
D,1262877178,996,3662,1,-204278,221,-206,-197,197,202,335,01,7,3,1650
D,1262878210,1032,3663,1,-204279,262,-206,-203,197,202,334,01,7,3,1650
D,1262879195,985,3664,1,-204280,238,-206,-205,197,202,333,01,7,3,1650
D,1262880196,1001,3664,0,-204280,247,-206,-189,197,202,333,01,7,3,1650
D,1262881281,1085,3665,1,-204281,320,-205,-195,197,202,332,01,7,3,1650
D,1262882403,1122,3666,1,-204282,447,-205,-194,197,201,331,01,7,3,1650
D,1262883242,839,3666,0,-204282,280,-204,-187,197,201,331,01,7,3,1650
D,1262884217,975,3667,1,-204283,250,-204,-189,197,199,330,01,7,3,1650
D,1262885225,1008,3668,1,-204284,260,-203,-195,197,196,330,01,7,3,1650
D,1262886277,1052,3669,1,-204285,316,-203,-195,197,196,329,01,7,3,1650
D,1262887219,942,3669,0,-204285,264,-202,-187,197,197,329,01,7,3,1650
D,1262888208,989,3670,1,-204286,247,-202,-195,197,197,328,01,7,3,1650
D,1262889244,1036,3671,1,-204287,292,-202,-195,192,197,327,01,7,3,1650
D,1262890287,1043,3672,1,-204288,325,-201,-195,192,197,326,01,7,3,1650
D,1262891257,970,3673,1,-204289,295,-201,-197,192,197,325,01,7,3,1650
D,1262892241,984,3674,1,-204290,293,-201,-197,192,197,324,01,7,3,1650
D,1262893202,961,3674,0,-204290,242,-201,-190,192,197,324,01,7,3,1650
D,1262894236,1034,3675,1,-204291,289,-200,-189,192,197,323,01,7,3,1650
D,1262895225,989,3676,1,-204292,265,-200,-195,192,197,323,01,7,3,1650
D,1262896183,958,3677,1,-204293,222,-200,-197,192,197,322,01,7,3,1650
D,1262897170,987,3678,1,-204294,223,-200,-198,192,197,321,01,7,3,1650
D,1262898217,1047,3679,1,-204295,255,-200,-195,192,197,320,01,7,3,1650
D,1262899197,980,3680,1,-204296,239,-200,-197,192,197,319,01,7,3,1650
D,1262900191,994,3681,1,-204297,245,-199,-197,192,197,318,01,7,3,1650
D,1262901277,1086,3681,0,-204297,329,-199,-187,192,197,318,01,7,3,1650
D,1262902411,1134,3682,1,-204298,447,-199,-194,192,197,317,01,7,3,1650
D,1262903246,835,3683,1,-204299,279,-199,-195,192,197,316,01,7,3,1650
D,1262904204,958,3684,1,-204300,257,-198,-197,192,197,316,01,7,3,1650
D,1262905215,1011,3684,0,-204300,260,-198,-187,192,197,316,01,7,3,1650
D,1262906288,1073,3685,1,-204301,320,-198,-195,192,197,315,01,7,3,1650
D,1262907230,942,3686,1,-204302,263,-198,-195,192,197,314,01,7,3,1650
D,1262908204,974,3687,1,-204303,251,-198,-197,192,196,313,01,7,3,1650
D,1262909225,1021,3687,0,-204303,262,-197,-187,192,194,313,01,7,3,1650
D,1262910259,1034,3688,1,-204304,305,-197,-195,192,194,312,01,7,3,1650
D,1262911220,961,3689,1,-204305,269,-197,-197,192,191,311,01,7,3,1650
D,1262912245,1025,3689,0,-204305,299,-197,-189,192,192,311,01,7,3,1650
D,1262913189,944,3690,1,-204306,243,-197,-190,192,192,310,01,7,3,1650
D,1262914292,1103,3691,1,-204307,339,-197,-195,187,192,309,01,7,3,1650
D,1262915205,913,3692,1,-204308,255,-197,-197,187,192,308,01,7,3,1650
D,1262916181,976,3693,1,-204309,222,-197,-197,187,192,308,01,7,3,1650
D,1262917178,997,3694,1,-204310,222,-197,-198,187,192,307,01,7,3,1650
D,1262918205,1027,3695,1,-204311,259,-197,-205,187,192,306,01,7,3,1650
D,1262919193,988,3695,0,-204311,236,-197,-197,187,192,306,01,7,3,1650
D,1262920215,1022,3696,1,-204312,262,-197,-197,187,192,305,01,7,3,1650
D,1262921290,1075,3697,1,-204313,337,-197,-195,187,192,304,01,7,3,1650
D,1262922409,1119,3698,1,-204314,434,-197,-194,187,192,303,01,7,3,1650
D,1262923253,844,3699,1,-204315,288,-197,-203,187,192,302,01,7,3,1650
D,1262924195,942,3699,0,-204315,249,-197,-197,187,192,302,01,7,3,1650
D,1262925213,1018,3700,1,-204316,265,-197,-197,187,192,301,01,7,3,1650
D,1262926279,1066,3701,1,-204317,321,-197,-195,187,192,301,01,7,3,1650
D,1262927241,962,3702,1,-204318,279,-197,-195,187,192,300,01,7,3,1650
D,1262928218,977,3702,0,-204318,253,-196,-187,187,192,300,01,7,3,1650
D,1262929223,1005,3703,1,-204319,270,-196,-187,187,192,299,01,7,3,1650
D,1262930272,1049,3704,1,-204320,306,-196,-187,187,192,298,01,7,3,1650
D,1262931223,951,3704,0,-204320,267,-195,-181,187,192,298,01,7,3,1650
D,1262932242,1019,3705,1,-204321,288,-195,-189,187,191,297,01,7,3,1650
D,1262933191,949,3706,1,-204322,242,-195,-190,187,191,296,01,7,3,1650
D,1262934242,1051,3706,0,-204322,285,-194,-179,187,188,296,01,7,3,1650
D,1262935208,966,3707,1,-204323,253,-194,-181,187,186,295,01,7,3,1650
D,1262936169,961,3708,1,-204324,221,-193,-189,187,186,294,01,7,3,1650
D,1262937170,1001,3708,0,-204324,221,-193,-182,187,187,294,01,7,3,1650
D,1262938218,1048,3709,1,-204325,261,-192,-179,187,187,294,01,7,3,1650
D,1262939215,997,3710,1,-204326,267,-192,-181,182,187,293,01,7,3,1650
D,1262940214,999,3710,0,-204326,266,-192,-181,182,187,293,01,7,3,1650
D,1262941311,1097,3711,1,-204327,350,-191,-178,182,187,292,01,7,3,1650
D,1262942416,1105,3712,1,-204328,441,-191,-186,182,187,291,01,7,3,1650
D,1262943252,836,3713,1,-204329,289,-191,-187,182,187,290,01,7,3,1650
D,1262944207,955,3714,1,-204330,254,-191,-189,182,187,289,01,7,3,1650
D,1262945232,1025,3715,1,-204331,269,-190,-187,182,187,288,01,7,3,1650
D,1262946222,990,3715,0,-204331,272,-190,-179,182,187,288,01,7,3,1650
D,1262947255,1033,3716,1,-204332,299,-190,-179,182,187,287,01,7,3,1650
D,1262948197,942,3717,1,-204333,249,-189,-181,182,187,287,01,7,3,1650
D,1262949218,1021,3718,1,-204334,264,-189,-187,182,187,286,01,7,3,1650
D,1262950246,1028,3719,1,-204335,295,-189,-187,182,187,285,01,7,3,1650
D,1262951232,986,3720,1,-204336,276,-189,-189,182,187,284,01,7,3,1650
D,1262952231,999,3720,0,-204336,274,-189,-181,182,187,284,01,7,3,1650
D,1262953218,987,3721,1,-204337,257,-188,-182,182,187,283,01,7,3,1650
D,1262954240,1022,3722,1,-204338,285,-188,-187,182,187,282,01,7,3,1650
D,1262955212,972,3722,0,-204338,251,-188,-181,182,187,282,01,7,3,1650
D,1262956182,970,3723,1,-204339,222,-188,-181,182,187,281,01,7,3,1650
D,1262957182,1000,3723,0,-204339,221,-187,-174,182,187,281,01,7,3,1650
D,1262958199,1017,3724,1,-204340,248,-187,-173,182,187,280,01,7,3,1650
D,1262959197,998,3725,1,-204341,241,-187,-181,182,186,279,01,7,3,1650
D,1262960196,999,3725,0,-204341,246,-186,-173,182,183,279,01,7,3,1650
D,1262961300,1104,3727,2,-204343,336,-186,-187,182,183,278,01,7,3,1650
D,1262962404,1104,3727,0,-204343,445,-186,-178,182,180,278,01,7,3,1650
D,1262963239,835,3728,1,-204344,281,-185,-179,182,180,277,01,7,3,1650
D,1262964261,1022,3728,0,-204344,303,-185,-179,177,182,277,01,7,3,1650
D,1262965230,969,3729,1,-204345,270,-185,-179,177,182,276,01,7,3,1650
D,1262966278,1048,3730,1,-204346,316,-185,-178,177,182,275,01,7,3,1650
D,1262967250,972,3730,0,-204346,290,-184,-179,177,182,275,01,7,3,1650
D,1262968213,963,3731,1,-204347,251,-184,-181,177,182,274,01,7,3,1650
D,1262969225,1012,3732,1,-204348,264,-184,-179,177,182,273,01,7,3,1650
D,1262970263,1038,3733,1,-204349,295,-184,-187,177,182,272,01,7,3,1650
D,1262971240,977,3734,1,-204350,272,-184,-189,177,182,272,01,7,3,1650
D,1262972238,998,3735,1,-204351,281,-185,-189,177,182,271,01,7,3,1650
D,1262973191,953,3735,0,-204351,242,-185,-182,177,182,271,01,7,3,1650
D,1262974246,1055,3736,1,-204352,280,-184,-179,177,182,270,01,7,3,1650
D,1262975209,963,3737,1,-204353,249,-184,-181,177,182,269,01,7,3,1650
D,1262976177,968,3737,0,-204353,221,-184,-174,177,182,269,01,7,3,1650
D,1262977174,997,3738,1,-204354,221,-184,-181,177,182,268,01,7,3,1650
D,1262978214,1040,3739,1,-204355,255,-183,-179,177,182,267,01,7,3,1650
D,1262979194,980,3740,1,-204356,236,-183,-181,177,182,266,01,7,3,1650
D,1262980214,1020,3741,1,-204357,249,-183,-181,177,182,265,01,7,3,1650
D,1262981289,1075,3741,0,-204357,324,-183,-171,177,182,265,01,7,3,1650
D,1262982400,1111,3742,1,-204358,447,-183,-178,177,182,265,01,7,3,1650
D,1262983240,840,3743,1,-204359,287,-182,-179,177,182,264,01,7,3,1650
D,1262984194,954,3743,0,-204359,248,-182,-173,177,180,264,01,7,3,1650
D,1262985216,1022,3744,1,-204360,261,-182,-179,177,180,263,01,7,3,1650
D,1262986260,1044,3744,0,-204360,314,-182,-170,177,177,263,01,7,3,1650
D,1262987223,963,3745,1,-204361,272,-181,-179,177,177,262,01,7,3,1650
D,1262988211,988,3745,0,-204361,247,-181,-171,177,174,262,01,7,3,1650
D,1262989246,1035,3746,1,-204362,296,-181,-171,172,174,261,01,7,3,1650
D,1262990279,1033,3747,1,-204363,322,-180,-179,172,177,260,01,7,3,1650
D,1262991249,970,3748,1,-204364,291,-181,-181,172,177,259,01,7,3,1650
D,1262992247,998,3748,0,-204364,290,-180,-166,172,177,259,01,7,3,1650
D,1262993197,950,3749,1,-204365,244,-180,-174,172,177,258,01,7,3,1650
D,1262994248,1051,3750,1,-204366,294,-179,-173,172,177,258,01,7,3,1650
D,1262995217,969,3750,0,-204366,256,-179,-174,172,177,258,01,7,3,1650
D,1262996181,964,3751,1,-204367,223,-179,-174,172,177,257,01,7,3,1650
D,1262997182,1001,3752,1,-204368,222,-179,-174,172,177,256,01,7,3,1650
D,1262998217,1035,3753,1,-204369,263,-179,-179,172,177,255,01,7,3,1650
D,1262999193,976,3753,0,-204369,235,-179,-173,172,177,255,01,7,3,1650
D,1263000204,1011,3754,1,-204370,252,-178,-173,172,177,254,01,7,3,1650
D,1263001295,1091,3755,1,-204371,337,-178,-171,172,177,253,01,7,3,1650
D,1263002410,1115,3756,1,-204372,448,-178,-170,172,177,252,01,7,3,1650
D,1263003245,835,3757,1,-204373,287,-178,-179,172,177,251,01,7,3,1650
D,1263004206,961,3757,0,-204373,260,-178,-173,172,177,251,01,7,3,1650
D,1263005219,1013,3758,1,-204374,262,-177,-171,172,177,250,01,7,3,1650
D,1263006278,1059,3759,1,-204375,307,-177,-178,172,177,250,01,7,3,1650
D,1263007236,958,3760,1,-204376,276,-177,-179,172,177,249,01,7,3,1650
D,1263008205,969,3760,0,-204376,251,-177,-173,172,177,249,01,7,3,1650
D,1263009226,1021,3761,1,-204377,263,-177,-171,172,174,248,01,7,3,1650
D,1263010260,1034,3762,1,-204378,304,-177,-171,172,174,247,01,7,3,1650
D,1263011234,974,3762,0,-204378,273,-176,-165,172,172,247,01,7,3,1650
D,1263012251,1017,3763,1,-204379,297,-176,-173,172,172,246,01,7,3,1650
D,1263013197,946,3764,1,-204380,242,-176,-174,172,172,245,01,7,3,1650
D,1263014321,1124,3764,0,-204380,339,-176,-170,166,172,245,01,7,3,1650
D,1263015215,894,3765,1,-204381,253,-176,-173,166,172,244,01,7,3,1650
D,1263016179,964,3765,0,-204381,222,-175,-166,166,172,244,01,7,3,1650
D,1263017178,999,3766,1,-204382,222,-175,-174,166,172,243,01,7,3,1650
D,1263018214,1036,3767,1,-204383,263,-175,-179,166,172,243,01,7,3,1650
D,1263019184,970,3767,0,-204383,235,-175,-173,166,172,243,01,7,3,1650
D,1263020205,1021,3768,1,-204384,250,-175,-173,166,172,242,01,7,3,1650
D,1263021301,1096,3769,1,-204385,340,-175,-171,166,172,241,01,7,3,1650
D,1263022399,1098,3770,1,-204386,439,-175,-178,166,172,240,01,7,3,1650
D,1263023243,844,3770,0,-204386,280,-175,-171,166,172,240,01,7,3,1650
D,1263024199,956,3771,1,-204387,253,-175,-173,166,172,239,01,7,3,1650
D,1263025212,1013,3772,1,-204388,261,-175,-173,166,172,238,01,7,3,1650
D,1263026262,1050,3773,1,-204389,313,-175,-179,166,172,237,01,7,3,1650
D,1263027240,978,3773,0,-204389,276,-175,-171,166,172,237,01,7,3,1650
D,1263028192,952,3774,1,-204390,242,-175,-173,166,172,236,01,7,3,1650
D,1263029221,1029,3775,1,-204391,264,-175,-179,166,172,236,01,7,3,1650
D,1263030244,1023,3775,0,-204391,285,-175,-171,166,172,236,01,7,3,1650
D,1263031224,980,3776,1,-204392,271,-175,-173,166,172,235,01,7,3,1650
D,1263032237,1013,3777,1,-204393,283,-175,-174,166,172,234,01,7,3,1650
D,1263033196,959,3778,1,-204394,247,-175,-174,166,169,233,01,7,3,1650
D,1263034239,1043,3779,1,-204395,285,-175,-179,166,166,232,01,7,3,1650
D,1263035210,971,3779,0,-204395,250,-175,-173,166,166,232,01,7,3,1650
D,1263036171,961,3780,1,-204396,222,-175,-174,166,166,231,01,7,3,1650
D,1263037167,996,3780,0,-204396,222,-174,-166,166,166,231,01,7,3,1650
D,1263038208,1041,3781,1,-204397,259,-174,-171,166,166,230,01,7,3,1650
D,1263039227,1019,3782,1,-204398,267,-174,-171,161,166,229,01,7,3,1650
D,1263040217,990,3782,0,-204398,258,-174,-165,161,166,229,01,7,3,1650
D,1263041300,1083,3783,1,-204399,345,-174,-171,161,166,229,01,7,3,1650
D,1263042407,1107,3783,0,-204399,453,-173,-162,161,166,229,01,7,3,1650
D,1263043260,853,3784,1,-204400,295,-173,-162,161,166,228,01,7,3,1650
D,1263044203,943,3785,1,-204401,252,-173,-165,161,166,227,01,7,3,1650
D,1263045229,1026,3785,0,-204401,268,-172,-163,161,166,227,01,7,3,1650
D,1263046248,1019,3786,1,-204402,286,-172,-171,161,166,226,01,7,3,1650
D,1263047249,1001,3786,0,-204402,294,-172,-162,161,166,226,01,7,3,1650
D,1263048194,945,3787,1,-204403,243,-171,-165,161,166,225,01,7,3,1650
D,1263049211,1017,3787,0,-204403,263,-171,-163,161,166,225,01,7,3,1650
D,1263050227,1016,3788,1,-204404,279,-171,-163,161,166,224,01,7,3,1650
D,1263051240,1013,3789,1,-204405,286,-171,-165,161,166,223,01,7,3,1650
D,1263052222,982,3789,0,-204405,276,-170,-158,161,166,223,01,7,3,1650
D,1263053217,995,3790,1,-204406,258,-170,-158,161,166,222,01,7,3,1650
D,1263054243,1026,3791,1,-204407,285,-169,-163,161,166,221,01,7,3,1650
D,1263055215,972,3791,0,-204407,254,-169,-155,161,166,221,01,7,3,1650
D,1263056171,956,3792,1,-204408,221,-168,-158,161,166,221,01,7,3,1650
D,1263057171,1000,3793,1,-204409,221,-168,-158,161,166,220,01,7,3,1650
D,1263058199,1028,3794,1,-204410,250,-168,-163,161,166,219,01,7,3,1650
D,1263059198,999,3794,0,-204410,242,-167,-157,161,166,219,01,7,3,1650
D,1263060196,998,3795,1,-204411,245,-167,-158,161,166,218,01,7,3,1650
D,1263061294,1098,3796,1,-204412,340,-167,-162,161,162,217,01,7,3,1650
D,1263062416,1122,3797,1,-204413,451,-167,-162,161,159,216,01,7,3,1650
D,1263063240,824,3797,0,-204413,281,-166,-154,161,159,216,01,7,3,1650
D,1263064268,1028,3798,1,-204414,311,-166,-154,156,159,215,01,7,3,1650
D,1263065217,949,3799,1,-204415,263,-166,-163,156,161,214,01,7,3,1650
D,1263066284,1067,3799,0,-204415,325,-165,-154,156,161,214,01,7,3,1650
D,1263067242,958,3800,1,-204416,289,-165,-162,156,161,214,01,7,3,1650
D,1263068194,952,3801,1,-204417,248,-165,-165,156,161,213,01,7,3,1650
D,1263069225,1031,3801,0,-204417,264,-165,-157,156,161,213,01,7,3,1650
D,1263070256,1031,3801,0,-204417,301,-164,-154,156,161,213,01,7,3,1650
D,1263071230,974,3802,1,-204418,268,-164,-157,156,161,212,01,7,3,1650
D,1263072248,1018,3803,1,-204419,289,-164,-158,156,161,211,01,7,3,1650
D,1263073200,952,3803,0,-204419,240,-164,-159,156,161,211,01,7,3,1650
D,1263074235,1035,3804,1,-204420,288,-163,-154,156,161,210,01,7,3,1650
D,1263075212,977,3805,1,-204421,251,-163,-157,156,161,209,01,7,3,1650
D,1263076181,969,3805,0,-204421,228,-163,-158,156,161,209,01,7,3,1650
D,1263077180,999,3806,1,-204422,221,-163,-158,156,161,208,01,7,3,1650
D,1263078209,1029,3806,0,-204422,260,-162,-155,156,161,208,01,7,3,1650
D,1263079178,969,3807,1,-204423,231,-162,-158,156,161,207,01,7,3,1650
D,1263080202,1024,3807,0,-204423,251,-162,-158,156,161,207,01,7,3,1650
D,1263081284,1082,3808,1,-204424,323,-162,-154,156,161,207,01,7,3,1650
D,1263082411,1127,3809,1,-204425,443,-162,-162,156,161,206,01,7,3,1650
D,1263083229,818,3809,0,-204425,275,-161,-155,156,161,206,01,7,3,1650
D,1263084206,977,3810,1,-204426,254,-161,-158,156,159,205,01,7,3,1650
D,1263085223,1017,3811,1,-204427,261,-161,-163,156,159,204,01,7,3,1650
D,1263086297,1074,3811,0,-204427,339,-161,-154,156,156,204,01,7,3,1650
D,1263087248,951,3812,1,-204428,291,-161,-154,156,156,203,01,7,3,1650
D,1263088203,955,3813,1,-204429,248,-160,-155,156,153,202,01,7,3,1650
D,1263089258,1055,3814,1,-204430,294,-161,-162,151,153,201,01,7,3,1650
D,1263090285,1027,3814,0,-204430,319,-160,-154,151,156,201,01,7,3,1650
D,1263091248,963,3815,1,-204431,299,-160,-157,151,156,200,01,7,3,1650
D,1263092254,1006,3815,0,-204431,300,-160,-150,151,156,200,01,7,3,1650
D,1263093194,940,3816,1,-204432,234,-159,-151,151,156,200,01,7,3,1650
D,1263094244,1050,3817,1,-204433,286,-159,-157,151,156,199,01,7,3,1650
D,1263095218,974,3817,0,-204433,257,-159,-146,151,156,199,01,7,3,1650
D,1263096168,950,3818,1,-204434,221,-159,-150,151,156,198,01,7,3,1650
D,1263097180,1012,3819,1,-204435,221,-159,-158,151,156,197,01,7,3,1650
D,1263098210,1030,3819,0,-204435,258,-158,-146,151,156,197,01,7,3,1650
D,1263099194,984,3820,1,-204436,236,-158,-150,151,156,196,01,7,3,1650
D,1263100198,1004,3821,1,-204437,248,-158,-158,151,156,195,01,7,3,1650
D,1263101277,1079,3821,0,-204437,329,-158,-154,151,156,195,01,7,3,1650
D,1263102416,1139,3822,1,-204438,457,-157,-154,151,156,194,01,7,3,1650
D,1263103248,832,3822,0,-204438,279,-157,-154,151,156,194,01,7,3,1650
D,1263104194,946,3823,1,-204439,248,-157,-158,151,156,193,01,7,3,1650
D,1263105212,1018,3823,0,-204439,261,-157,-146,151,156,193,01,7,3,1650
D,1263106282,1070,3824,1,-204440,322,-157,-154,151,156,192,01,7,3,1650
D,1263107226,944,3824,0,-204440,268,-156,-146,151,156,192,01,7,3,1650
D,1263108202,976,3825,1,-204441,251,-156,-150,151,153,192,01,7,3,1650
D,1263109212,1010,3825,0,-204441,261,-156,-146,151,153,192,01,7,3,1650
D,1263110267,1055,3826,1,-204442,313,-156,-154,151,149,191,01,7,3,1650
D,1263111232,965,3827,1,-204443,266,-156,-157,151,149,190,01,7,3,1650
D,1263112256,1024,3827,0,-204443,299,-155,-150,151,151,190,01,7,3,1650
D,1263113192,936,3828,1,-204444,240,-155,-151,151,151,189,01,7,3,1650
D,1263114314,1122,3828,0,-204444,340,-155,-146,146,151,189,01,7,3,1650
D,1263115205,891,3829,1,-204445,254,-155,-150,146,151,188,01,7,3,1650
D,1263116180,975,3829,0,-204445,226,-154,-142,146,151,188,01,7,3,1650
D,1263117178,998,3830,1,-204446,222,-154,-150,146,151,187,01,7,3,1650
D,1263118219,1041,3831,1,-204447,260,-154,-146,146,151,186,01,7,3,1650
D,1263119190,971,3831,0,-204447,231,-153,-142,146,151,186,01,7,3,1650
D,1263120217,1027,3832,1,-204448,259,-153,-142,146,151,185,01,7,3,1650
D,1263121301,1084,3833,1,-204449,337,-153,-146,146,151,185,01,7,3,1650
D,1263122396,1095,3834,1,-204450,436,-153,-154,146,151,184,01,7,3,1650
D,1263123247,851,3834,0,-204450,282,-152,-146,146,151,184,01,7,3,1650
D,1263124218,971,3835,1,-204451,259,-152,-150,146,151,183,01,7,3,1650
D,1263125228,1010,3835,0,-204451,264,-152,-146,146,151,183,01,7,3,1650
D,1263126277,1049,3836,1,-204452,322,-152,-146,146,151,182,01,7,3,1650
D,1263127240,963,3837,1,-204453,277,-152,-146,146,151,181,01,7,3,1650
D,1263128206,966,3837,0,-204453,249,-151,-142,146,151,181,01,7,3,1650
D,1263129216,1010,3838,1,-204454,268,-151,-146,146,151,180,01,7,3,1650
D,1263130247,1031,3839,1,-204455,297,-151,-146,146,151,179,01,7,3,1650
D,1263131228,981,3839,0,-204455,268,-150,-142,146,151,179,01,7,3,1650
D,1263132229,1001,3840,1,-204456,282,-150,-150,146,151,178,01,7,3,1650
D,1263133209,980,3841,1,-204457,248,-150,-151,146,149,178,01,7,3,1650
D,1263134238,1029,3841,0,-204457,287,-150,-146,146,149,178,01,7,3,1650
D,1263135196,958,3842,1,-204458,250,-150,-150,146,146,177,01,7,3,1650
D,1263136171,975,3842,0,-204458,221,-150,-150,146,146,177,01,7,3,1650
D,1263137170,999,3842,0,-204458,221,-150,-142,146,146,177,01,7,3,1650
D,1263138208,1038,3843,1,-204459,258,-150,-146,146,146,176,01,7,3,1650
D,1263139223,1015,3844,1,-204460,273,-150,-155,141,146,175,01,7,3,1650
D,1263140213,990,3844,0,-204460,255,-150,-150,141,146,175,01,7,3,1650
D,1263141302,1089,3845,1,-204461,354,-150,-146,141,146,174,01,7,3,1650
D,1263142420,1118,3845,0,-204461,454,-150,-146,141,146,174,01,7,3,1650
D,1263143248,828,3846,1,-204462,291,-150,-146,141,146,173,01,7,3,1650
D,1263144214,966,3846,0,-204462,252,-149,-142,141,146,173,01,7,3,1650
D,1263145216,1002,3847,1,-204463,268,-149,-146,141,146,172,01,7,3,1650
D,1263146207,991,3847,0,-204463,258,-149,-146,141,146,172,01,7,3,1650
D,1263147246,1039,3848,1,-204464,295,-149,-146,141,146,171,01,7,3,1650
D,1263148199,953,3848,0,-204464,247,-149,-142,141,146,171,01,7,3,1650
D,1263149223,1024,3849,1,-204465,265,-149,-146,141,146,171,01,7,3,1650
D,1263150256,1033,3850,1,-204466,296,-148,-146,141,146,170,01,7,3,1650
D,1263151223,967,3850,0,-204466,275,-148,-142,141,146,170,01,7,3,1650
D,1263152227,1004,3851,1,-204467,273,-148,-142,141,146,169,01,7,3,1650
D,1263153206,979,3852,1,-204468,254,-148,-143,141,146,168,01,7,3,1650
D,1263154234,1028,3852,0,-204468,280,-147,-138,141,146,168,01,7,3,1650
D,1263155213,979,3853,1,-204469,253,-147,-142,141,146,167,01,7,3,1650
D,1263156188,975,3854,1,-204470,222,-147,-150,141,146,166,01,7,3,1650
D,1263157167,979,3854,0,-204470,221,-147,-142,141,146,166,01,7,3,1650
D,1263158203,1036,3855,1,-204471,248,-147,-142,141,146,165,01,7,3,1650
D,1263159195,992,3856,1,-204472,237,-147,-150,141,146,164,01,7,3,1650
D,1263160210,1015,3856,0,-204472,246,-147,-142,141,146,164,01,7,3,1650
D,1263161282,1072,3857,1,-204473,331,-147,-146,141,146,163,01,7,3,1650
D,1263162413,1131,3857,0,-204473,455,-146,-138,141,142,163,01,7,3,1650
D,1263163244,831,3858,1,-204474,281,-146,-138,141,142,163,01,7,3,1650
D,1263164254,1010,3859,1,-204475,308,-146,-146,135,142,162,01,7,3,1650
D,1263165225,971,3859,0,-204475,266,-146,-138,135,139,162,01,7,3,1650
D,1263166285,1060,3860,1,-204476,317,-146,-146,135,139,161,01,7,3,1650
D,1263167242,957,3860,0,-204476,289,-146,-146,135,141,161,01,7,3,1650
D,1263168211,969,3861,1,-204477,249,-146,-146,135,141,160,01,7,3,1650
D,1263169217,1006,3861,0,-204477,266,-146,-142,135,141,160,01,7,3,1650
D,1263170279,1062,3862,1,-204478,316,-146,-146,135,141,159,01,7,3,1650
D,1263171244,965,3862,0,-204478,277,-146,-142,135,141,159,01,7,3,1650
D,1263172228,984,3863,1,-204479,282,-145,-142,135,141,158,01,7,3,1650
D,1263173210,982,3863,0,-204479,251,-145,-143,135,141,158,01,7,3,1650
D,1263174242,1032,3864,1,-204480,278,-145,-146,135,141,157,01,7,3,1650
D,1263175210,968,3864,0,-204480,249,-145,-142,135,141,157,01,7,3,1650
D,1263176171,961,3864,0,-204480,222,-145,-134,135,141,157,01,7,3,1650
D,1263177182,1011,3865,1,-204481,221,-145,-142,135,141,156,01,7,3,1650
D,1263178212,1030,3865,0,-204481,260,-144,-138,135,141,156,01,7,3,1650
D,1263179182,970,3866,1,-204482,236,-144,-142,135,141,156,01,7,3,1650
D,1263180208,1026,3866,0,-204482,245,-144,-134,135,141,156,01,7,3,1650
D,1263181281,1073,3867,1,-204483,324,-144,-138,135,141,155,01,7,3,1650
D,1263182412,1131,3868,1,-204484,455,-143,-137,135,139,154,01,7,3,1650
D,1263183244,832,3868,0,-204484,274,-143,-130,135,139,154,01,7,3,1650
D,1263184203,959,3869,1,-204485,249,-143,-134,135,139,153,01,7,3,1650
D,1263185227,1024,3869,0,-204485,263,-142,-130,135,135,153,01,7,3,1650
D,1263186287,1060,3870,1,-204486,336,-142,-130,135,135,152,01,7,3,1650
D,1263187249,962,3870,0,-204486,301,-141,-130,135,135,152,01,7,3,1650
D,1263188201,952,3871,1,-204487,251,-141,-134,135,135,151,01,7,3,1650
D,1263189238,1037,3872,1,-204488,290,-140,-130,131,135,150,01,7,3,1650
D,1263190278,1040,3872,0,-204488,324,-140,-130,131,135,150,01,7,3,1650
D,1263191262,984,3873,1,-204489,314,-140,-134,131,135,149,01,7,3,1650
D,1263192247,985,3873,0,-204489,292,-139,-126,131,135,149,01,7,3,1650
D,1263193184,937,3874,1,-204490,233,-139,-135,131,135,149,01,7,3,1650
D,1263194250,1066,3875,1,-204491,304,-139,-134,131,135,148,01,7,3,1650
D,1263195203,953,3875,0,-204491,254,-138,-126,131,135,148,01,7,3,1650
D,1263196186,983,3876,1,-204492,226,-138,-134,131,135,147,01,7,3,1650
D,1263197181,995,3876,0,-204492,221,-138,-126,131,135,147,01,7,3,1650
D,1263198220,1039,3877,1,-204493,259,-137,-130,131,135,146,01,7,3,1650
D,1263199198,978,3878,1,-204494,238,-137,-134,131,135,145,01,7,3,1650
D,1263200198,1000,3878,0,-204494,247,-137,-134,131,135,145,01,7,3,1650
D,1263201266,1068,3878,0,-204494,318,-137,-130,131,135,145,01,7,3,1650
D,1263202416,1150,3879,1,-204495,450,-137,-129,131,135,144,01,7,3,1650
D,1263203245,829,3880,1,-204496,273,-137,-138,131,135,143,01,7,3,1650
D,1263204209,964,3880,0,-204496,260,-136,-134,131,135,143,01,7,3,1650
D,1263205214,1005,3881,1,-204497,260,-137,-138,131,135,142,01,7,3,1650
D,1263206293,1079,3881,0,-204497,335,-137,-138,131,135,142,01,7,3,1650
D,1263207221,928,3882,1,-204498,263,-137,-138,131,135,142,01,7,3,1650
D,1263208204,983,3882,0,-204498,245,-137,-134,131,135,142,01,7,3,1650
D,1263209218,1014,3883,1,-204499,256,-137,-138,131,135,141,01,7,3,1650
D,1263210276,1058,3883,0,-204499,319,-137,-138,131,131,141,01,7,3,1650
D,1263211222,946,3884,1,-204500,262,-137,-142,131,131,140,01,7,3,1650
D,1263212257,1035,3884,0,-204500,298,-137,-134,131,127,140,01,7,3,1650
D,1263213184,927,3884,0,-204500,237,-136,-127,131,127,140,01,7,3,1650
D,1263214305,1121,3885,1,-204501,345,-136,-130,126,127,139,01,7,3,1650
D,1263215208,903,3885,0,-204501,251,-136,-126,126,130,139,01,7,3,1650
D,1263216178,970,3886,1,-204502,221,-136,-134,126,130,138,01,7,3,1650
D,1263217179,1001,3886,0,-204502,226,-135,-126,126,130,138,01,7,3,1650
D,1263218229,1050,3887,1,-204503,266,-135,-130,126,130,137,01,7,3,1650
D,1263219187,958,3887,0,-204503,228,-135,-126,126,130,137,01,7,3,1650
D,1263220208,1021,3888,1,-204504,259,-134,-126,126,130,136,01,7,3,1650
D,1263221294,1086,3888,0,-204504,330,-134,-122,126,130,136,01,7,3,1650
D,1263222376,1082,3889,1,-204505,424,-134,-130,126,130,135,01,7,3,1650
D,1263223251,875,3889,0,-204505,289,-133,-122,126,130,135,01,7,3,1650
D,1263224210,959,3890,1,-204506,256,-133,-126,126,130,134,01,7,3,1650
D,1263225230,1020,3891,1,-204507,266,-133,-130,126,130,134,01,7,3,1650
D,1263226267,1037,3891,0,-204507,313,-132,-122,126,130,134,01,7,3,1650
D,1263227242,975,3891,0,-204507,280,-132,-122,126,130,134,01,7,3,1650
D,1263228228,986,3892,1,-204508,264,-132,-122,126,130,133,01,7,3,1650
D,1263229218,990,3893,1,-204509,269,-131,-122,126,130,132,01,7,3,1650
D,1263230257,1039,3893,0,-204509,298,-131,-122,126,130,132,01,7,3,1650
D,1263231224,967,3894,1,-204510,271,-131,-126,126,130,131,01,7,3,1650
D,1263232228,1004,3894,0,-204510,281,-131,-126,126,130,131,01,7,3,1650
D,1263233191,963,3895,1,-204511,244,-130,-127,126,130,130,01,7,3,1650
D,1263234247,1056,3896,1,-204512,288,-130,-130,126,127,129,01,7,3,1650
D,1263235209,962,3896,0,-204512,247,-130,-126,126,127,129,01,7,3,1650
D,1263236181,972,3897,1,-204513,221,-130,-126,126,127,128,01,7,3,1650
D,1263237181,1000,3897,0,-204513,221,-130,-126,126,123,128,01,7,3,1650
D,1263238207,1026,3898,1,-204514,258,-130,-130,126,123,127,01,7,3,1650
D,1263239213,1006,3898,0,-204514,266,-130,-126,120,125,127,01,7,3,1650
D,1263240209,996,3899,1,-204515,252,-130,-126,120,125,127,01,7,3,1650
D,1263241310,1101,3899,0,-204515,349,-129,-122,120,125,127,01,7,3,1650
D,1263242406,1096,3900,1,-204516,445,-129,-130,120,125,126,01,7,3,1650
D,1263243250,844,3900,0,-204516,303,-129,-130,120,125,126,01,7,3,1650
D,1263244203,953,3900,0,-204516,252,-129,-126,120,125,126,01,7,3,1650
D,1263245223,1020,3901,1,-204517,267,-129,-130,120,125,125,01,7,3,1650
D,1263246219,996,3901,0,-204517,258,-129,-122,120,125,125,01,7,3,1650
D,1263247229,1010,3902,1,-204518,269,-129,-130,120,125,124,01,7,3,1650
D,1263248203,974,3902,0,-204518,248,-129,-126,120,125,124,01,7,3,1650
D,1263249217,1014,3903,1,-204519,263,-129,-130,120,125,123,01,7,3,1650
D,1263250289,1072,3903,0,-204519,324,-129,-122,120,125,123,01,7,3,1650
D,1263251234,945,3904,1,-204520,285,-129,-126,120,125,122,01,7,3,1650
D,1263252225,991,3904,0,-204520,275,-128,-126,120,125,122,01,7,3,1650
D,1263253216,991,3905,1,-204521,255,-128,-127,120,125,121,01,7,3,1650
D,1263254233,1017,3905,0,-204521,276,-128,-122,120,125,121,01,7,3,1650
D,1263255212,979,3905,0,-204521,253,-128,-118,120,125,121,01,7,3,1650
D,1263256182,970,3906,1,-204522,223,-127,-118,120,125,120,01,7,3,1650
D,1263257178,996,3906,0,-204522,222,-127,-118,120,125,120,01,7,3,1650
D,1263258213,1035,3906,0,-204522,252,-127,-118,120,125,120,01,7,3,1650
D,1263259182,969,3907,1,-204523,236,-126,-118,120,125,120,01,7,3,1650
D,1263260205,1023,3907,0,-204523,244,-126,-110,120,125,120,01,7,3,1650
D,1263261282,1077,3908,1,-204524,332,-125,-114,120,123,119,01,7,3,1650
D,1263262394,1112,3909,1,-204525,438,-125,-121,120,123,118,01,7,3,1650
D,1263263246,852,3909,0,-204525,287,-125,-114,120,123,118,01,7,3,1650
D,1263264270,1024,3910,1,-204526,310,-124,-114,115,119,117,01,7,3,1650
D,1263265214,944,3910,0,-204526,263,-124,-114,115,119,117,01,7,3,1650
D,1263266283,1069,3911,1,-204527,324,-123,-114,115,120,116,01,7,3,1650
D,1263267248,965,3912,1,-204528,296,-123,-122,115,120,115,01,7,3,1650
D,1263268210,962,3912,0,-204528,246,-123,-114,115,120,115,01,7,3,1650
D,1263269226,1016,3913,1,-204529,266,-123,-122,115,120,114,01,7,3,1650
D,1263270249,1023,3913,0,-204529,303,-123,-114,115,120,114,01,7,3,1650
D,1263271227,978,3913,0,-204529,280,-122,-110,115,120,114,01,7,3,1650
D,1263272236,1009,3914,1,-204530,282,-122,-118,115,120,113,01,7,3,1650
D,1263273187,951,3914,0,-204530,241,-122,-111,115,120,113,01,7,3,1650
D,1263274244,1057,3915,1,-204531,293,-122,-122,115,120,113,01,7,3,1650
D,1263275211,967,3916,1,-204532,252,-122,-126,115,120,112,01,7,3,1650
D,1263276168,957,3916,0,-204532,221,-122,-118,115,120,112,01,7,3,1650
D,1263277167,999,3917,1,-204533,221,-122,-126,115,120,111,01,7,3,1650
D,1263278210,1043,3917,0,-204533,261,-122,-122,115,120,111,01,7,3,1650
D,1263279191,981,3918,1,-204534,233,-122,-126,115,120,110,01,7,3,1650
D,1263280202,1011,3918,0,-204534,245,-122,-118,115,120,110,01,7,3,1650
D,1263281279,1077,3919,1,-204535,328,-122,-122,115,120,109,01,7,3,1650
D,1263282409,1130,3919,0,-204535,447,-122,-121,115,120,109,01,7,3,1650
D,1263283243,834,3920,1,-204536,274,-122,-122,115,120,108,01,7,3,1650
D,1263284211,968,3920,0,-204536,252,-122,-118,115,120,108,01,7,3,1650
D,1263285212,1001,3920,0,-204536,262,-122,-122,115,119,108,01,7,3,1650
D,1263286290,1078,3921,1,-204537,334,-122,-122,115,119,107,01,7,3,1650
D,1263287247,957,3921,0,-204537,298,-122,-122,115,115,107,01,7,3,1650
D,1263288200,953,3922,1,-204538,248,-122,-126,115,115,106,01,7,3,1650
D,1263289258,1058,3922,0,-204538,294,-122,-122,110,115,106,01,7,3,1650
D,1263290274,1016,3922,0,-204538,314,-122,-122,110,115,106,01,7,3,1650
D,1263291261,987,3923,1,-204539,311,-122,-126,110,115,105,01,7,3,1650
D,1263292244,983,3923,0,-204539,290,-122,-118,110,115,105,01,7,3,1650
D,1263293182,938,3924,1,-204540,233,-122,-119,110,115,105,01,7,3,1650
D,1263294269,1087,3924,0,-204540,301,-122,-118,110,115,105,01,7,3,1650
D,1263295199,930,3925,1,-204541,251,-121,-118,110,115,104,01,7,3,1650
D,1263296180,981,3925,0,-204541,224,-121,-118,110,115,104,01,7,3,1650
D,1263297177,997,3926,1,-204542,221,-121,-119,110,115,103,01,7,3,1650
D,1263298208,1031,3926,0,-204542,257,-121,-110,110,115,103,01,7,3,1650
D,1263299200,992,3926,0,-204542,241,-120,-110,110,115,103,01,7,3,1650
D,1263300192,992,3927,1,-204543,243,-120,-110,110,115,102,01,7,3,1650
D,1263301285,1093,3927,0,-204543,320,-120,-114,110,115,102,01,7,3,1650
D,1263302410,1125,3928,1,-204544,447,-119,-113,110,115,101,01,7,3,1650
D,1263303236,826,3928,0,-204544,278,-119,-114,110,115,101,01,7,3,1650
D,1263304219,983,3929,1,-204545,258,-119,-118,110,115,100,01,7,3,1650
D,1263305212,993,3929,0,-204545,260,-119,-106,110,115,100,01,7,3,1650
D,1263306292,1080,3930,1,-204546,334,-118,-113,110,115,99,01,7,3,1650
D,1263307228,936,3930,0,-204546,265,-118,-106,110,115,99,01,7,3,1650
D,1263308192,964,3931,1,-204547,244,-118,-110,110,115,98,01,7,3,1650
D,1263309216,1024,3931,0,-204547,259,-117,-106,110,115,98,01,7,3,1650
D,1263310267,1051,3932,1,-204548,317,-117,-114,110,115,98,01,7,3,1650
D,1263311225,958,3932,0,-204548,265,-117,-110,110,115,98,01,7,3,1650
D,1263312244,1019,3933,1,-204549,296,-117,-110,110,110,97,01,7,3,1650
D,1263313192,948,3933,0,-204549,240,-116,-111,110,110,97,01,7,3,1650
D,1263314303,1111,3934,1,-204550,338,-116,-114,104,106,96,01,7,3,1650
D,1263315209,906,3935,1,-204551,251,-116,-118,104,106,95,01,7,3,1650
D,1263316182,973,3935,0,-204551,221,-116,-118,104,106,95,01,7,3,1650
D,1263317182,1000,3936,1,-204552,226,-116,-119,104,109,94,01,7,3,1650
D,1263318220,1038,3936,0,-204552,271,-116,-114,104,109,94,01,7,3,1650
D,1263319185,965,3936,0,-204552,230,-116,-110,104,109,94,01,7,3,1650
D,1263320211,1026,3937,1,-204553,256,-116,-118,104,109,93,01,7,3,1650
D,1263321297,1086,3937,0,-204553,334,-116,-114,104,109,93,01,7,3,1650
D,1263322396,1099,3938,1,-204554,436,-116,-121,104,109,92,01,7,3,1650
D,1263323246,850,3938,0,-204554,284,-116,-114,104,109,92,01,7,3,1650
D,1263324218,972,3938,0,-204554,260,-116,-110,104,109,92,01,7,3,1650
D,1263325214,996,3939,1,-204555,260,-116,-114,104,109,91,01,7,3,1650
D,1263326281,1067,3939,0,-204555,324,-116,-114,104,109,91,01,7,3,1650
D,1263327232,951,3940,1,-204556,274,-116,-114,104,109,91,01,7,3,1650
D,1263328188,956,3940,0,-204556,240,-116,-110,104,109,91,01,7,3,1650
D,1263329222,1034,3940,0,-204556,264,-115,-114,104,109,91,01,7,3,1650
D,1263330249,1027,3941,1,-204557,289,-115,-114,104,109,90,01,7,3,1650
D,1263331220,971,3941,0,-204557,270,-115,-110,104,109,90,01,7,3,1650
D,1263332244,1024,3942,1,-204558,283,-115,-118,104,106,89,01,7,3,1650
D,1263333205,961,3942,0,-204558,245,-115,-111,104,106,89,01,7,3,1650
D,1263334247,1042,3942,0,-204558,284,-115,-106,104,101,89,01,7,3,1650
D,1263335197,950,3942,0,-204558,246,-114,-102,104,101,89,01,7,3,1650
D,1263336169,972,3943,1,-204559,222,-114,-110,104,101,88,01,7,3,1650
D,1263337179,1010,3943,0,-204559,221,-114,-103,104,104,88,01,7,3,1650
D,1263338203,1024,3944,1,-204560,256,-113,-106,104,104,87,01,7,3,1650
D,1263339226,1023,3944,0,-204560,276,-113,-106,99,104,87,01,7,3,1650
D,1263340218,992,3944,0,-204560,258,-113,-102,99,104,87,01,7,3,1650
D,1263341299,1081,3945,1,-204561,347,-112,-106,99,104,86,01,7,3,1650
D,1263342424,1125,3945,0,-204561,455,-112,-97,99,104,86,01,7,3,1650
D,1263343245,821,3945,0,-204561,292,-111,-97,99,104,86,01,7,3,1650
D,1263344206,961,3946,1,-204562,249,-111,-102,99,104,85,01,7,3,1650
D,1263345223,1017,3946,0,-204562,265,-110,-89,99,104,85,01,7,3,1650
D,1263346217,994,3947,1,-204563,268,-110,-98,99,104,84,01,7,3,1650
D,1263347260,1043,3947,0,-204563,297,-109,-89,99,104,84,01,7,3,1650
D,1263348206,946,3948,1,-204564,248,-108,-94,99,104,83,01,7,3,1650
D,1263349217,1011,3948,0,-204564,269,-108,-98,99,104,83,01,7,3,1650
D,1263350281,1064,3948,0,-204564,319,-107,-89,99,104,83,01,7,3,1650
D,1263351239,958,3949,1,-204565,281,-107,-94,99,104,83,01,7,3,1650
D,1263352230,991,3949,0,-204565,273,-106,-95,99,104,83,01,7,3,1650
D,1263353201,971,3949,0,-204565,253,-105,-87,99,104,83,01,7,3,1650
D,1263354243,1042,3950,1,-204566,284,-105,-98,99,104,82,01,7,3,1650
D,1263355217,974,3950,0,-204566,255,-104,-90,99,104,82,01,7,3,1650
D,1263356176,959,3951,1,-204567,222,-104,-95,99,104,81,01,7,3,1650
D,1263357171,995,3951,0,-204567,221,-104,-95,99,104,81,01,7,3,1650
D,1263358210,1039,3952,1,-204568,251,-103,-98,99,104,80,01,7,3,1650
D,1263359195,985,3952,0,-204568,237,-103,-94,99,104,80,01,7,3,1650
D,1263360205,1010,3953,1,-204569,244,-103,-102,99,104,79,01,7,3,1650
D,1263361281,1076,3953,0,-204569,333,-103,-97,99,101,79,01,7,3,1650
D,1263362410,1129,3954,1,-204570,453,-103,-97,99,101,78,01,7,3,1650
D,1263363248,838,3954,0,-204570,283,-102,-98,99,101,78,01,7,3,1650
D,1263364260,1012,3954,0,-204570,308,-102,-98,94,96,78,01,7,3,1650
D,1263365214,954,3955,1,-204571,262,-102,-106,94,96,77,01,7,3,1650
D,1263366282,1068,3956,1,-204572,331,-103,-105,94,96,76,01,7,3,1650
D,1263367241,959,3956,0,-204572,289,-103,-106,94,96,76,01,7,3,1650
D,1263368201,960,3956,0,-204572,247,-103,-102,94,99,76,01,7,3,1650
D,1263369224,1023,3957,1,-204573,262,-103,-102,94,99,76,01,7,3,1650
D,1263370252,1028,3957,0,-204573,292,-103,-106,94,99,76,01,7,3,1650
D,1263371225,973,3957,0,-204573,277,-103,-102,94,99,76,01,7,3,1650
D,1263372232,1007,3958,1,-204574,284,-103,-103,94,99,75,01,7,3,1650
D,1263373193,961,3958,0,-204574,242,-103,-103,94,99,75,01,7,3,1650
D,1263374247,1054,3959,1,-204575,291,-103,-106,94,99,74,01,7,3,1650
D,1263375217,970,3959,0,-204575,256,-103,-102,94,99,74,01,7,3,1650
D,1263376178,961,3959,0,-204575,225,-103,-103,94,99,74,01,7,3,1650
D,1263377178,1000,3960,1,-204576,221,-103,-103,94,99,73,01,7,3,1650
D,1263378206,1028,3960,0,-204576,249,-103,-98,94,99,73,01,7,3,1650
D,1263379199,993,3961,1,-204577,238,-103,-102,94,99,72,01,7,3,1650
D,1263380202,1003,3961,0,-204577,252,-103,-102,94,99,72,01,7,3,1650
D,1263381273,1071,3961,0,-204577,319,-102,-98,94,99,72,01,7,3,1650
D,1263382414,1141,3962,1,-204578,447,-102,-105,94,99,71,01,7,3,1650
D,1263383240,826,3962,0,-204578,284,-103,-106,94,99,71,01,7,3,1650
D,1263384214,974,3962,0,-204578,250,-103,-102,94,99,71,01,7,3,1650
D,1263385215,1001,3962,0,-204578,260,-102,-95,94,99,71,01,7,3,1650
D,1263386235,1020,3963,1,-204579,281,-102,-97,94,99,70,01,7,3,1650
D,1263387212,977,3963,0,-204579,260,-102,-98,94,96,70,01,7,3,1650
D,1263388207,995,3963,0,-204579,246,-102,-94,94,96,70,01,7,3,1650
D,1263389254,1047,3964,1,-204580,304,-101,-97,89,96,69,01,7,3,1650
D,1263390308,1054,3964,0,-204580,349,-101,-89,89,90,69,01,7,3,1650
D,1263391243,935,3964,0,-204580,290,-100,-87,89,90,69,01,7,3,1650
D,1263392247,1004,3965,1,-204581,289,-100,-95,89,90,69,01,7,3,1650
D,1263393204,957,3965,0,-204581,247,-100,-87,89,94,69,01,7,3,1650
D,1263394260,1056,3966,1,-204582,293,-100,-98,89,94,68,01,7,3,1650
D,1263395201,941,3966,0,-204582,241,-99,-95,89,94,68,01,7,3,1650
D,1263396171,970,3966,0,-204582,224,-99,-87,89,94,68,01,7,3,1650
D,1263397174,1003,3967,1,-204583,221,-98,-87,89,94,67,01,7,3,1650
D,1263398215,1041,3967,0,-204583,262,-98,-89,89,94,67,01,7,3,1650
D,1263399177,962,3967,0,-204583,230,-98,-87,89,94,67,01,7,3,1650
D,1263400207,1030,3968,1,-204584,256,-97,-87,89,94,66,01,7,3,1650
D,1263401292,1085,3968,0,-204584,328,-97,-89,89,94,66,01,7,3,1650
D,1263402420,1128,3969,1,-204585,446,-97,-89,89,94,65,01,7,3,1650
D,1263403244,824,3969,0,-204585,288,-96,-89,89,94,65,01,7,3,1650
D,1263404220,976,3969,0,-204585,255,-96,-87,89,94,65,01,7,3,1650
D,1263405211,991,3970,1,-204586,262,-96,-87,89,94,64,01,7,3,1650
D,1263406302,1091,3970,0,-204586,346,-95,-89,89,90,64,01,7,3,1650
D,1263407221,919,3971,1,-204587,264,-95,-89,89,90,63,01,7,3,1650
D,1263408192,971,3971,0,-204587,244,-95,-87,89,90,63,01,7,3,1650
D,1263409216,1024,3971,0,-204587,259,-94,-81,89,90,63,01,7,3,1650
D,1263410272,1056,3972,1,-204588,309,-94,-89,89,84,62,01,7,3,1650
D,1263411216,944,3972,0,-204588,265,-94,-87,89,84,62,01,7,3,1650
D,1263412251,1035,3973,1,-204589,294,-94,-95,89,84,62,01,7,3,1650
D,1263413190,939,3973,0,-204589,239,-94,-87,89,89,62,01,7,3,1650
D,1263414300,1110,3973,0,-204589,350,-93,-89,83,89,62,01,7,3,1650
D,1263415202,902,3974,1,-204590,251,-93,-95,83,89,61,01,7,3,1650
D,1263416180,978,3975,1,-204591,222,-94,-102,83,89,60,01,7,3,1650
D,1263417180,1000,3975,0,-204591,222,-94,-95,83,89,60,01,7,3,1650
D,1263418213,1033,3975,0,-204591,265,-94,-98,83,89,60,01,7,3,1650
D,1263419186,973,3975,0,-204591,228,-94,-95,83,89,60,01,7,3,1650
D,1263420203,1017,3976,1,-204592,253,-94,-95,83,89,59,01,7,3,1650
D,1263421281,1078,3976,0,-204592,330,-94,-98,83,89,59,01,7,3,1650
D,1263422409,1128,3977,1,-204593,444,-94,-97,83,89,58,01,7,3,1650
D,1263423260,851,3977,0,-204593,292,-94,-97,83,89,58,01,7,3,1650
D,1263424194,934,3977,0,-204593,244,-94,-95,83,89,58,01,7,3,1650
D,1263425215,1021,3977,0,-204593,265,-94,-89,83,89,58,01,7,3,1650
D,1263426229,1014,3977,0,-204593,283,-94,-89,83,89,58,01,7,3,1650
D,1263427238,1009,3978,1,-204594,286,-94,-89,83,89,57,01,7,3,1650
D,1263428209,971,3978,0,-204594,253,-94,-87,83,89,57,01,7,3,1650
D,1263429217,1008,3979,1,-204595,267,-94,-98,83,89,56,01,7,3,1650
D,1263430257,1040,3979,0,-204595,296,-94,-89,83,89,56,01,7,3,1650
D,1263431222,965,3979,0,-204595,271,-93,-87,83,89,56,01,7,3,1650
D,1263432225,1003,3980,1,-204596,279,-93,-95,83,89,55,01,7,3,1650
D,1263433204,979,3980,0,-204596,244,-93,-87,83,89,55,01,7,3,1650
D,1263434247,1043,3980,0,-204596,289,-93,-89,83,89,55,01,7,3,1650
D,1263435201,954,3981,1,-204597,248,-93,-95,83,84,54,01,7,3,1650
D,1263436176,975,3981,0,-204597,222,-93,-87,83,84,54,01,7,3,1650
D,1263437171,995,3981,0,-204597,221,-93,-87,83,84,54,01,7,3,1650
D,1263438213,1042,3981,0,-204597,254,-92,-81,83,78,54,01,7,3,1650
D,1263439211,998,3982,1,-204598,264,-92,-87,78,78,54,01,7,3,1650
D,1263440218,1007,3982,0,-204598,260,-92,-87,78,78,54,01,7,3,1650
D,1263441298,1080,3982,0,-204598,336,-91,-81,78,78,54,01,7,3,1650
D,1263442425,1127,3983,1,-204599,461,-91,-81,78,83,53,01,7,3,1650
D,1263443253,828,3983,0,-204599,286,-90,-81,78,83,53,01,7,3,1650
D,1263444196,943,3983,0,-204599,246,-90,-79,78,83,53,01,7,3,1650
D,1263445216,1020,3983,0,-204599,267,-89,-73,78,83,53,01,7,3,1650
D,1263446212,996,3984,1,-204600,266,-89,-73,78,83,52,01,7,3,1650
D,1263447246,1034,3984,0,-204600,297,-88,-73,78,83,52,01,7,3,1650
D,1263448210,964,3984,0,-204600,249,-87,-71,78,83,52,01,7,3,1650
D,1263449223,1013,3984,0,-204600,266,-87,-73,78,83,52,01,7,3,1650
D,1263450258,1035,3985,1,-204601,312,-86,-73,78,83,51,01,7,3,1650
D,1263451227,969,3985,0,-204601,278,-86,-71,78,83,51,01,7,3,1650
D,1263452226,999,3985,0,-204601,276,-85,-71,78,83,51,01,7,3,1650
D,1263453211,985,3986,1,-204602,251,-85,-71,78,83,50,01,7,3,1650
D,1263454248,1037,3986,0,-204602,293,-84,-73,78,83,50,01,7,3,1650
D,1263455203,955,3986,0,-204602,250,-84,-71,78,83,50,01,7,3,1650
D,1263456175,972,3987,1,-204603,222,-83,-79,78,83,49,01,7,3,1650
D,1263457177,1002,3987,0,-204603,221,-83,-79,78,83,49,01,7,3,1650
D,1263458214,1037,3987,0,-204603,255,-83,-73,78,83,49,01,7,3,1650
D,1263459194,980,3988,1,-204604,234,-83,-79,78,83,48,01,7,3,1650
D,1263460202,1008,3988,0,-204604,244,-82,-71,78,83,48,01,7,3,1650
D,1263461298,1096,3989,1,-204605,337,-82,-81,78,83,47,01,7,3,1650
D,1263462339,1041,3989,0,-204605,385,-82,-73,78,83,47,01,7,3,1650
D,1263463245,906,3989,0,-204605,285,-82,-73,78,83,47,01,7,3,1650
D,1263464233,988,3990,1,-204606,281,-81,-79,73,83,47,01,7,3,1650
D,1263465214,981,3990,0,-204606,261,-81,-73,73,78,47,01,7,3,1650
D,1263466287,1073,3990,0,-204606,325,-81,-73,73,78,47,01,7,3,1650
D,1263467254,967,3991,1,-204607,298,-81,-81,73,78,46,01,7,3,1650
D,1263468211,957,3991,0,-204607,249,-81,-79,73,78,46,01,7,3,1650
D,1263469228,1017,3991,0,-204607,274,-80,-73,73,78,46,01,7,3,1650
D,1263470283,1055,3992,1,-204608,316,-80,-81,73,78,45,01,7,3,1650
D,1263471237,954,3992,0,-204608,280,-80,-79,73,78,45,01,7,3,1650
D,1263472253,1016,3992,0,-204608,296,-80,-79,73,78,45,01,7,3,1650
D,1263473193,940,3993,1,-204609,244,-80,-79,73,78,44,01,7,3,1650
D,1263474253,1060,3993,0,-204609,288,-80,-81,73,78,44,01,7,3,1650
D,1263475210,957,3994,1,-204610,254,-81,-87,73,78,43,01,7,3,1650
D,1263476169,959,3994,0,-204610,221,-81,-87,73,78,43,01,7,3,1650
D,1263477181,1012,3994,0,-204610,221,-81,-79,73,78,43,01,7,3,1650
D,1263478220,1039,3995,1,-204611,265,-81,-89,73,78,42,01,7,3,1650
D,1263479191,971,3995,0,-204611,231,-81,-87,73,78,42,01,7,3,1650
D,1263480216,1025,3995,0,-204611,255,-81,-87,73,78,42,01,7,3,1650
D,1263481267,1051,3996,1,-204612,318,-82,-89,73,78,41,01,7,3,1650
D,1263482413,1146,3996,0,-204612,445,-82,-89,73,78,41,01,7,3,1650
D,1263483237,824,3996,0,-204612,289,-82,-81,73,78,41,01,7,3,1650
D,1263484228,991,3997,1,-204613,267,-82,-87,73,78,40,01,7,3,1650
D,1263485208,980,3997,0,-204613,260,-83,-90,73,78,40,01,7,3,1650
D,1263486291,1083,3997,0,-204613,333,-82,-81,73,78,40,01,7,3,1650
D,1263487227,936,3998,1,-204614,262,-83,-89,73,78,40,01,7,3,1650
D,1263488204,977,3998,0,-204614,252,-83,-87,73,73,40,01,7,3,1650
D,1263489245,1041,3998,0,-204614,293,-83,-81,67,73,40,01,7,3,1650
D,1263490290,1045,3998,0,-204614,324,-83,-81,67,71,40,01,7,3,1650
D,1263491253,963,3998,0,-204614,299,-83,-79,67,71,40,01,7,3,1650
D,1263492241,988,3999,1,-204615,290,-82,-79,67,71,39,01,7,3,1650
D,1263493194,953,3999,0,-204615,241,-82,-79,67,71,39,01,7,3,1650
D,1263494227,1033,3999,0,-204615,272,-82,-79,67,71,39,01,7,3,1650
D,1263495204,977,4000,1,-204616,244,-82,-79,67,71,38,01,7,3,1650
D,1263496171,967,4000,0,-204616,222,-82,-79,67,71,38,01,7,3,1650
D,1263497177,1006,4000,0,-204616,222,-82,-79,67,71,38,01,7,3,1650
D,1263498209,1032,4001,1,-204617,258,-82,-79,67,64,37,01,7,3,1650
D,1263499197,988,4001,0,-204617,250,-82,-79,67,64,37,01,7,3,1650
D,1263500198,1001,4001,0,-204617,247,-81,-79,67,64,37,01,7,3,1650
D,1263501291,1093,4001,0,-204617,331,-81,-73,67,64,37,01,7,3,1650
D,1263502414,1123,4002,1,-204618,458,-81,-81,67,67,36,01,7,3,1650
D,1263503246,832,4002,0,-204618,281,-81,-73,67,67,36,01,7,3,1650
D,1263504219,973,4002,0,-204618,259,-80,-71,67,67,36,01,7,3,1650
D,1263505217,998,4002,0,-204618,268,-80,-65,67,67,36,01,7,3,1650
D,1263506262,1045,4002,0,-204618,308,-79,-65,67,67,36,01,7,3,1650
D,1263507235,973,4003,1,-204619,283,-79,-73,67,67,35,01,7,3,1650
D,1263508214,979,4003,0,-204619,245,-79,-71,67,67,35,01,7,3,1650
D,1263509222,1008,4003,0,-204619,264,-78,-65,67,67,35,01,7,3,1650
D,1263510248,1026,4004,1,-204620,291,-78,-73,67,67,34,01,7,3,1650
D,1263511225,977,4004,0,-204620,272,-78,-71,67,67,34,01,7,3,1650
D,1263512227,1002,4004,0,-204620,281,-77,-63,67,67,34,01,7,3,1650
D,1263513202,975,4004,0,-204620,248,-77,-63,67,67,34,01,7,3,1650
D,1263514300,1098,4005,1,-204621,350,-76,-65,62,64,33,01,7,3,1650
D,1263515222,922,4005,0,-204621,260,-76,-65,62,64,33,01,7,3,1650
D,1263516175,953,4005,0,-204621,221,-75,-63,62,64,33,01,7,3,1650
D,1263517178,1003,4005,0,-204621,221,-75,-63,62,64,33,01,7,3,1650
D,1263518193,1015,4006,1,-204622,247,-74,-63,62,64,33,01,7,3,1650
D,1263519185,992,4006,0,-204622,236,-74,-63,62,64,33,01,7,3,1650
D,1263520204,1019,4006,0,-204622,252,-73,-63,62,64,33,01,7,3,1650
D,1263521286,1082,4007,1,-204623,328,-73,-73,62,64,32,01,7,3,1650
D,1263522391,1105,4007,0,-204623,442,-73,-65,62,55,32,01,7,3,1650
D,1263523255,864,4007,0,-204623,297,-73,-65,62,55,32,01,7,3,1650
D,1263524210,955,4008,1,-204624,256,-73,-71,62,55,31,01,7,3,1650
D,1263525219,1009,4008,0,-204624,264,-72,-65,62,55,31,01,7,3,1650
D,1263526219,1000,4008,0,-204624,263,-72,-65,62,62,31,01,7,3,1650
D,1263527245,1026,4008,0,-204624,296,-72,-65,62,62,31,01,7,3,1650
D,1263528213,968,4009,1,-204625,250,-72,-65,62,62,30,01,7,3,1650
D,1263529219,1006,4009,0,-204625,266,-71,-65,62,62,30,01,7,3,1650
D,1263530266,1047,4009,0,-204625,302,-71,-65,62,62,30,01,7,3,1650
D,1263531235,969,4010,1,-204626,276,-71,-71,62,62,29,01,7,3,1650
D,1263532247,1012,4010,0,-204626,288,-71,-71,62,62,29,01,7,3,1650
D,1263533191,944,4010,0,-204626,245,-71,-63,62,62,29,01,7,3,1650
D,1263534244,1053,4010,0,-204626,285,-71,-65,62,62,29,01,7,3,1650
D,1263535201,957,4011,1,-204627,249,-71,-71,62,62,28,01,7,3,1650
D,1263536167,966,4011,0,-204627,221,-71,-71,62,62,28,01,7,3,1650
D,1263537171,1004,4011,0,-204627,225,-71,-71,62,62,28,01,7,3,1650
D,1263538206,1035,4011,0,-204627,256,-70,-63,62,62,28,01,7,3,1650
D,1263539221,1015,4012,1,-204628,260,-70,-71,56,62,27,01,7,3,1650
D,1263540210,989,4012,0,-204628,260,-70,-71,56,62,27,01,7,3,1650
D,1263541299,1089,4012,0,-204628,344,-70,-65,56,62,27,01,7,3,1650
D,1263542419,1120,4013,1,-204629,455,-70,-73,56,55,26,01,7,3,1650
D,1263543246,827,4013,0,-204629,287,-70,-73,56,55,26,01,7,3,1650
D,1263544199,953,4013,0,-204629,246,-70,-71,56,55,26,01,7,3,1650
D,1263545219,1020,4013,0,-204629,266,-70,-63,56,55,26,01,7,3,1650
D,1263546213,994,4014,1,-204630,265,-70,-73,56,56,25,01,7,3,1650
D,1263547255,1042,4014,0,-204630,294,-70,-73,56,56,25,01,7,3,1650
D,1263548215,960,4014,0,-204630,250,-70,-65,56,56,25,01,7,3,1650
D,1263549224,1009,4014,0,-204630,267,-70,-65,56,56,25,01,7,3,1650
D,1263550244,1020,4014,0,-204630,288,-70,-65,56,56,25,01,7,3,1650
D,1263551220,976,4015,1,-204631,271,-70,-71,56,56,25,01,7,3,1650
D,1263552233,1013,4015,0,-204631,284,-69,-63,56,56,25,01,7,3,1650
D,1263553213,980,4015,0,-204631,253,-69,-63,56,56,25,01,7,3,1650
D,1263554238,1025,4016,1,-204632,284,-69,-65,56,56,24,01,7,3,1650
D,1263555195,957,4016,0,-204632,246,-69,-63,56,56,24,01,7,3,1650
D,1263556169,974,4016,0,-204632,223,-69,-63,56,56,24,01,7,3,1650
D,1263557182,1013,4016,0,-204632,221,-68,-63,56,56,24,01,7,3,1650
D,1263558208,1026,4017,1,-204633,255,-68,-71,56,56,23,01,7,3,1650
D,1263559184,976,4017,0,-204633,236,-68,-63,56,56,23,01,7,3,1650
D,1263560193,1009,4017,0,-204633,246,-68,-63,56,56,23,01,7,3,1650
D,1263561302,1109,4017,0,-204633,340,-68,-57,56,56,23,01,7,3,1650
D,1263562407,1105,4017,0,-204633,452,-67,-57,56,56,23,01,7,3,1650
D,1263563249,842,4018,1,-204634,281,-67,-65,56,56,22,01,7,3,1650
D,1263564265,1016,4018,0,-204634,305,-67,-65,56,56,22,01,7,4,1100
D,1263565232,967,4019,1,-204635,271,-67,-65,56,56,21,01,7,4,1100
D,1263566272,1040,4020,1,-204636,321,-67,-73,56,55,20,01,7,4,1100
D,1263567257,985,4021,1,-204637,290,-68,-81,56,55,19,01,7,4,1100
D,1263568198,941,4023,2,-204639,238,-69,-94,56,55,18,01,7,4,1100
D,1263569216,1018,4023,0,-204639,264,-70,-94,56,55,18,01,7,4,1100
D,1263570242,1026,4023,0,-204639,280,-70,-89,56,55,18,01,7,4,1100
D,1263571228,986,4022,-1,-204638,276,-71,-79,56,55,18,01,7,4,1100
D,1263572234,1006,4022,0,-204638,286,-71,-79,56,55,18,01,7,4,1100
D,1263573189,955,4022,0,-204638,243,-71,-71,56,55,18,01,7,4,1100
D,1263574265,1076,4023,1,-204639,299,-72,-81,56,45,18,01,7,4,1100
D,1263575210,945,4024,1,-204640,248,-72,-87,56,45,17,01,7,4,1100
D,1263576168,958,4024,0,-204640,222,-73,-87,56,45,17,01,7,4,1100
D,1263577181,1013,4024,0,-204640,223,-73,-79,56,45,17,01,7,4,1100
D,1263578200,1019,4024,0,-204640,249,-73,-79,56,45,17,01,7,4,1100
D,1263579192,992,4024,0,-204640,234,-73,-79,56,45,17,01,7,4,1100
D,1263580200,1008,4024,0,-204640,246,-74,-79,56,45,17,01,7,4,1100
D,1263581292,1092,4024,0,-204640,332,-74,-73,56,45,17,01,7,4,1100
D,1263582428,1136,4025,1,-204641,459,-74,-81,56,32,16,01,7,4,1100
D,1263583242,814,4025,0,-204641,286,-74,-81,56,32,16,01,7,4,1100
D,1263584207,965,4025,0,-204641,256,-74,-79,56,32,16,01,7,4,1100
D,1263585223,1016,4025,0,-204641,263,-74,-73,56,32,16,01,7,4,1100
D,1263586264,1041,4025,0,-204641,304,-74,-73,56,32,16,01,7,4,1100
D,1263587223,959,4025,0,-204641,267,-74,-73,56,32,16,01,7,4,1100
D,1263588212,989,4025,0,-204641,241,-74,-65,56,32,16,01,7,4,1100
D,1263589225,1013,4026,1,-204642,272,-74,-73,56,32,15,01,7,4,1100
D,1263590261,1036,4026,0,-204642,301,-74,-73,56,32,15,01,7,4,1100
D,1263591233,972,4026,0,-204642,272,-74,-71,56,32,15,01,7,4,1100
D,1263592229,996,4027,1,-204643,281,-74,-79,56,32,14,01,7,4,1100
D,1263593198,969,4027,0,-204643,247,-74,-79,56,32,14,01,7,4,1100
D,1263594233,1035,4027,0,-204643,275,-74,-71,56,32,14,01,7,4,1100
D,1263595185,952,4027,0,-204643,236,-74,-71,56,32,14,01,7,4,1100
D,1263596182,997,4027,0,-204643,228,-73,-63,56,32,14,01,7,4,1100
D,1263597172,990,4028,1,-204644,222,-73,-63,56,32,13,01,7,4,1100
D,1263598203,1031,4028,0,-204644,254,-72,-41,56,0,13,01,7,4,1100
D,1263599176,973,4028,0,-204644,228,-70,-39,56,0,13,01,7,4,1100
D,1263600207,1031,4028,0,-204644,254,-69,-39,56,0,13,01,7,4,1100
D,1263601301,1094,4029,1,-204645,337,-69,-57,56,0,12,01,7,4,1100
D,1263602341,1040,4029,0,-204645,390,-68,-57,56,0,12,01,7,4,1100
D,1263603240,899,4029,0,-204645,287,-68,-57,56,0,12,01,7,4,1100
D,1263604200,960,4029,0,-204645,249,-67,-55,56,0,12,01,7,4,1100
D,1263605202,1002,4030,1,-204646,254,-67,-55,56,0,11,01,7,4,1100
D,1263606236,1034,4030,0,-204646,277,-66,-49,56,0,11,01,7,4,1100
D,1263607211,975,4030,0,-204646,260,-65,-49,56,0,11,01,7,4,1100
D,1263608214,1003,4030,0,-204646,252,-65,-49,56,0,11,01,7,4,1100
D,1263609226,1012,4030,0,-204646,278,-64,-49,56,0,11,01,7,4,1100
D,1263610230,1004,4030,0,-204646,281,-64,-49,56,0,11,01,7,4,1100
D,1263611220,990,4030,0,-204646,257,-63,-47,56,0,11,01,7,4,1100
D,1263612258,1038,4030,0,-204646,296,-62,-47,56,0,11,01,7,4,1100
D,1263613178,920,4030,0,-204646,231,-61,-40,56,0,11,01,7,4,1100
D,1263614192,1014,4030,0,-204646,237,-61,-39,56,0,11,01,7,4,1100
D,1263615173,981,4030,0,-204646,223,-60,-39,56,0,11,01,7,4,1100
D,1263616171,998,4030,0,-204646,223,-59,-39,56,0,11,01,7,4,1100
D,1263617173,1002,4031,1,-204647,227,-59,-47,56,0,11,01,7,4,1100
D,1263618182,1009,4031,0,-204647,230,-58,-47,56,0,11,01,7,4,1100
D,1263619172,990,4031,0,-204647,222,-58,-47,56,0,11,01,7,4,1100
D,1263620225,1053,4031,0,-204647,266,-57,-39,56,0,0,01,8,4,1100
D,1263621297,1072,4032,1,-204648,333,-57,-49,56,0,0,01,8,4,1100
D,1263622301,1004,4032,0,-204648,350,-56,-41,56,0,0,01,8,4,1100
D,1263623240,939,4032,0,-204648,285,-55,-41,56,0,0,01,8,4,1100
D,1263624205,965,4032,0,-204648,257,-55,-39,56,0,0,01,8,4,1100
D,1263625206,1001,4032,0,-204648,260,-54,-41,56,0,0,01,8,4,1100
D,1263626231,1025,4032,0,-204648,267,-54,-41,56,0,0,01,8,4,1100
D,1263627221,990,4032,0,-204648,260,-53,-32,56,0,0,01,8,4,1100
D,1263628211,990,4032,0,-204648,259,-52,-33,56,0,0,01,8,4,1100
D,1263629216,1005,4032,0,-204648,257,-51,-33,56,0,0,01,8,4,1100
D,1263630234,1018,4032,0,-204648,266,-51,-33,56,0,0,01,8,4,1100
D,1263631221,987,4032,0,-204648,268,-50,-31,56,0,0,01,8,4,1100
D,1263632248,1027,4032,0,-204648,292,-49,-24,56,0,0,01,8,4,1100
D,1263633188,940,4032,0,-204648,228,-48,-24,56,0,0,01,8,4,1100
D,1263634185,997,4032,0,-204648,233,-47,-24,56,0,0,01,8,4,1100
D,1263635186,1001,4032,0,-204648,226,-46,-24,56,0,0,01,8,4,1100
D,1263636183,997,4032,0,-204648,226,-45,-16,56,0,0,01,8,4,1100
D,1263637183,1000,4032,0,-204648,225,-44,-16,56,0,0,01,8,4,1100
D,1263638178,995,4032,0,-204648,232,-43,-16,56,0,0,01,8,4,1100
D,1263639181,1003,4032,0,-204648,226,-42,-16,56,0,0,01,8,4,1100
D,1263640230,1049,4032,0,-204648,266,-40,-16,56,0,0,01,8,4,1100
D,1263641294,1064,4032,0,-204648,330,-39,-16,56,0,0,01,8,4,1100
D,1263642301,1007,4032,0,-204648,345,-39,-16,56,0,0,01,8,4,1100
D,1263643240,939,4032,0,-204648,278,-38,-16,56,0,0,01,8,4,1100
D,1263644203,963,4032,0,-204648,257,-37,-16,56,0,0,01,8,4,1100
D,1263645196,993,4032,0,-204648,246,-36,-16,56,0,0,01,8,4,1100
D,1263646224,1028,4032,0,-204648,265,-35,-16,56,0,0,01,8,4,1100
D,1263647211,987,4032,0,-204648,253,-34,-8,56,0,0,01,8,4,1100
D,1263648220,1009,4032,0,-204648,258,-33,-8,56,0,0,01,8,4,1100
D,1263649208,988,4032,0,-204648,254,-32,-8,56,0,0,01,8,4,1100
D,1263650226,1018,4032,0,-204648,278,-31,-8,56,0,0,01,8,4,1100
D,1263651220,994,4032,0,-204648,263,-30,-8,56,0,0,01,8,4,1100
D,1263652242,1022,4032,0,-204648,286,-29,0,56,0,0,01,8,4,1100
D,1263653186,944,4032,0,-204648,228,-28,0,56,0,0,01,8,4,1100
D,1263654183,997,4032,0,-204648,236,-27,0,56,0,0,01,8,4,1100
D,1263655185,1002,4032,0,-204648,226,-26,0,56,0,0,01,8,4,1100
D,1263656183,998,4032,0,-204648,226,-25,0,56,0,0,01,8,4,1100
D,1263657183,1000,4032,0,-204648,225,-24,0,56,0,0,01,8,4,1100
D,1263658192,1009,4032,0,-204648,232,-23,0,56,0,0,01,8,4,1100
D,1263659176,984,4032,0,-204648,225,-22,0,56,0,0,01,8,4,1100
D,1263660220,1044,4032,0,-204648,261,-21,0,56,0,0,01,8,4,1100
D,1263661272,1052,4032,0,-204648,321,-20,0,56,0,0,01,8,4,1100
D,1263662299,1027,4032,0,-204648,347,-20,0,56,0,0,01,8,4,1100
D,1263663250,951,4032,0,-204648,278,-19,0,56,0,0,01,8,4,1100
D,1263664213,963,4032,0,-204648,263,-18,0,56,0,0,01,8,4,1100
D,1263665226,1013,4032,0,-204648,265,-17,0,56,0,0,01,8,4,1100
D,1263666236,1010,4032,0,-204648,272,-17,0,56,0,0,01,8,4,1100
D,1263667215,979,4032,0,-204648,262,-16,0,56,0,0,01,8,4,1100
D,1263668225,1010,4032,0,-204648,263,-15,0,56,0,0,01,8,4,1100
D,1263669212,987,4032,0,-204648,261,-15,0,56,0,0,01,8,4,1100
D,1263670236,1024,4032,0,-204648,277,-14,0,56,0,0,01,8,4,1100
D,1263671228,992,4032,0,-204648,270,-14,0,56,0,0,01,8,4,1100
D,1263672248,1020,4032,0,-204648,289,-13,0,56,0,0,01,8,4,1100
D,1263673192,944,4032,0,-204648,230,-13,0,56,0,0,01,8,4,1100
D,1263674194,1002,4032,0,-204648,233,-12,0,56,0,0,01,8,4,1100
D,1263675184,990,4032,0,-204648,226,-12,0,56,0,0,01,8,4,1100
D,1263676187,1003,4032,0,-204648,226,-11,0,56,0,0,01,8,4,1100
D,1263677174,987,4032,0,-204648,226,-11,0,56,0,0,01,8,4,1100
D,1263678185,1011,4032,0,-204648,232,-10,0,56,0,0,01,8,4,1100
D,1263679174,989,4032,0,-204648,226,-10,0,56,0,0,01,8,4,1100
D,1263680222,1048,4032,0,-204648,259,-10,0,56,0,0,01,8,4,1100
D,1263681287,1065,4032,0,-204648,325,-9,0,56,0,0,01,8,4,1100
D,1263682296,1009,4032,0,-204648,343,-9,0,56,0,0,01,8,4,1100
D,1263683243,947,4032,0,-204648,282,-8,0,56,0,0,01,8,4,1100
D,1263684215,972,4032,0,-204648,265,-8,0,56,0,0,01,8,4,1100
D,1263685213,998,4032,0,-204648,259,-8,0,56,0,0,01,8,4,1100
D,1263686231,1018,4032,0,-204648,266,-7,0,56,0,0,01,8,4,1100
D,1263687213,982,4032,0,-204648,265,-7,0,56,0,0,01,8,4,1100
D,1263688212,999,4032,0,-204648,264,-7,0,56,0,0,01,8,4,1100
D,1263689224,1012,4032,0,-204648,262,-7,0,56,0,0,01,8,4,1100
D,1263690225,1001,4032,0,-204648,280,-6,0,56,0,0,01,8,4,1100
D,1263691219,994,4033,1,-204649,266,-6,-8,56,0,0,01,8,4,1100
D,1263692254,1035,4033,0,-204649,293,-6,-8,56,0,0,01,8,4,1100
D,1263693189,935,4032,-1,-204648,229,-6,0,56,0,0,01,8,4,1100
D,1263694190,1001,4032,0,-204648,236,-6,0,56,0,0,01,8,4,1100
D,1263695183,993,4033,1,-204649,227,-6,-8,56,0,0,01,8,4,1100
D,1263696186,1003,4033,0,-204649,226,-6,-8,56,0,0,01,8,4,1100
D,1263697173,987,4032,-1,-204648,226,-6,0,56,0,0,01,8,4,1100
D,1263698183,1010,4032,0,-204648,231,-6,0,56,0,0,01,8,4,1100
D,1263699173,990,4032,0,-204648,226,-5,0,56,0,0,01,8,4,1100
D,1263700232,1059,4033,1,-204649,263,-6,-8,56,0,0,01,8,4,1100
D,1263701286,1054,4033,0,-204649,321,-6,-8,56,0,0,01,8,4,1100
D,1263702297,1011,4032,-1,-204648,347,-5,0,56,0,0,01,8,4,1100
D,1263703239,942,4033,1,-204649,286,-6,-8,56,0,0,01,8,4,1100
D,1263704213,974,4033,0,-204649,262,-6,-8,56,0,0,01,8,4,1100
D,1263705199,986,4033,0,-204649,252,-6,-8,56,0,0,01,8,4,1100
D,1263706218,1019,4033,0,-204649,271,-6,-8,56,0,0,01,8,4,1100
D,1263707215,997,4032,-1,-204648,265,-6,0,56,0,0,01,8,4,1100
D,1263708224,1009,4032,0,-204648,262,-5,0,56,0,0,01,8,4,1100
D,1263709217,993,4033,1,-204649,262,-5,-8,56,0,0,01,8,4,1100
D,1263710226,1009,4033,0,-204649,270,-6,-8,56,0,0,01,8,4,1100
D,1263711217,991,4033,0,-204649,268,-6,-8,56,0,0,01,8,4,1100
D,1263712235,1018,4033,0,-204649,285,-6,-8,56,0,0,01,8,4,1100
D,1263713182,947,4033,0,-204649,230,-6,-8,56,0,0,01,8,4,1100
D,1263714182,1000,4033,0,-204649,236,-6,-8,56,0,0,01,8,4,1100
D,1263715174,992,4032,-1,-204648,226,-6,0,56,0,0,01,8,4,1100
D,1263716177,1003,4032,0,-204648,226,-5,0,56,0,0,01,8,4,1100
D,1263717181,1004,4033,1,-204649,226,-6,-8,56,0,0,01,8,4,1100
D,1263718179,998,4033,0,-204649,232,-6,-8,56,0,0,01,8,4,1100
D,1263719184,1005,4033,0,-204649,226,-6,-8,56,0,0,01,8,4,1100
D,1263720215,1031,4033,0,-204649,263,-6,-8,56,0,0,01,8,4,1100
D,1263721285,1070,4032,-1,-204648,323,-5,8,56,0,0,01,8,4,1100
D,1263722293,1008,4032,0,-204648,342,-5,8,56,0,0,01,8,4,1100
D,1263723247,954,4033,1,-204649,285,-5,-8,56,0,0,01,8,4,1100
D,1263724221,974,4033,0,-204649,260,-5,-8,56,0,0,01,8,4,1100
D,1263725206,985,4033,0,-204649,256,-5,0,56,0,0,01,8,4,1100
D,1263726234,1028,4033,0,-204649,269,-5,0,56,0,0,01,8,4,1100
D,1263727223,989,4033,0,-204649,261,-5,-8,56,0,0,01,8,4,1100
D,1263728211,988,4033,0,-204649,262,-5,-8,56,0,0,01,8,4,1100
D,1263729218,1007,4033,0,-204649,262,-5,-8,56,0,0,01,8,4,1100
D,1263730231,1013,4033,0,-204649,276,-5,-8,56,0,0,01,8,4,1100
D,1263731227,996,4032,-1,-204648,272,-5,8,56,0,0,01,8,4,1100
D,1263732246,1019,4033,1,-204649,286,-4,0,56,0,0,01,8,4,1100
D,1263733180,934,4033,0,-204649,228,-5,-8,56,0,0,01,8,4,1100
D,1263734198,1018,4033,0,-204649,236,-4,0,56,0,0,01,8,4,1100
D,1263735174,976,4033,0,-204649,226,-4,0,56,0,0,01,8,4,1100
D,1263736177,1003,4033,0,-204649,226,-4,0,56,0,0,01,8,4,1100
D,1263737181,1004,4033,0,-204649,226,-4,0,56,0,0,01,8,4,1100
D,1263738179,998,4033,0,-204649,232,-4,-8,56,0,0,01,8,4,1100
D,1263739184,1005,4033,0,-204649,226,-4,-8,56,0,0,01,8,4,1100
D,1263740220,1036,4033,0,-204649,264,-4,0,56,0,0,01,8,4,1100
D,1263741277,1057,4033,0,-204649,324,-4,0,56,0,0,01,8,4,1100
D,1263742296,1019,4033,0,-204649,347,-4,0,56,0,0,01,8,4,1100
D,1263743242,946,4033,0,-204649,272,-4,0,56,0,0,01,8,4,1100
D,1263744216,974,4033,0,-204649,264,-3,0,56,0,0,01,8,4,1100
D,1263745217,1001,4033,0,-204649,264,-4,-8,56,0,0,01,8,4,1100
D,1263746217,1000,4033,0,-204649,270,-4,-8,56,0,0,01,8,4,1100
D,1263747214,997,4033,0,-204649,265,-4,0,56,0,0,01,8,4,1100
D,1263748217,1003,4033,0,-204649,259,-3,0,56,0,0,01,8,4,1100
D,1263749213,996,4033,0,-204649,264,-3,0,56,0,0,01,8,4,1100
D,1263750229,1016,4033,0,-204649,278,-3,0,56,0,0,01,8,4,1100
D,1263751211,982,4033,0,-204649,258,-3,0,56,0,0,01,8,4,1100
D,1263752247,1036,4033,0,-204649,291,-3,-8,56,0,0,01,8,4,1100
D,1263753179,932,4033,0,-204649,229,-3,-8,56,0,0,01,8,4,1100
D,1263754199,1020,4033,0,-204649,237,-3,0,56,0,0,01,8,4,1100
D,1263755175,976,4033,0,-204649,227,-3,0,56,0,0,01,8,4,1100
D,1263756181,1006,4033,0,-204649,226,-3,0,56,0,0,01,8,4,1100
D,1263757184,1003,4033,0,-204649,226,-3,0,56,0,0,01,8,4,1100
D,1263758177,993,4033,0,-204649,230,-3,0,56,0,0,01,8,4,1100
D,1263759185,1008,4033,0,-204649,227,-3,0,56,0,0,01,8,4,1100
D,1263760217,1032,4033,0,-204649,264,-3,0,56,0,0,01,8,4,1100
D,1263761280,1063,4033,0,-204649,329,-3,-8,56,0,0,01,8,4,1100
D,1263762294,1014,4033,0,-204649,341,-3,0,56,0,0,01,8,4,1100
D,1263763241,947,4033,0,-204649,286,-3,0,56,0,0,01,8,4,1100
D,1263764217,976,4033,0,-204649,257,-3,0,56,0,0,01,8,4,1100
D,1263765205,988,4033,0,-204649,259,-2,0,56,0,0,01,8,4,1100
D,1263766222,1017,4033,0,-204649,263,-2,0,56,0,0,01,8,4,1100
D,1263767222,1000,4033,0,-204649,271,-2,0,56,0,0,01,8,4,1100
D,1263768209,987,4033,0,-204649,262,-2,0,56,0,0,01,8,4,1100
D,1263769223,1014,4033,0,-204649,263,-2,0,56,0,0,01,8,4,1100
D,1263770223,1000,4033,0,-204649,277,-2,0,56,0,0,01,8,4,1100
D,1263771217,994,4033,0,-204649,268,-2,0,56,0,0,01,8,4,1100
D,1263772256,1039,4033,0,-204649,297,-2,0,56,0,0,01,8,4,1100
D,1263773180,924,4033,0,-204649,229,-2,0,56,0,0,01,8,4,1100
D,1263774183,1003,4033,0,-204649,235,-2,0,56,0,0,01,8,4,1100
D,1263775175,992,4033,0,-204649,227,-2,0,56,0,0,01,8,4,1100
D,1263776181,1006,4033,0,-204649,226,-2,0,56,0,0,01,8,4,1100
D,1263777184,1003,4033,0,-204649,226,-2,0,56,0,0,01,8,4,1100
D,1263778177,993,4033,0,-204649,230,-1,0,56,0,0,01,8,4,1100
D,1263779185,1008,4033,0,-204649,227,-1,0,56,0,0,01,8,4,1100
D,1263780221,1036,4033,0,-204649,263,-1,0,56,0,0,01,8,4,1100
D,1263781269,1048,4033,0,-204649,316,-1,0,56,0,0,01,8,4,1100
D,1263782301,1032,4033,0,-204649,348,-1,0,56,0,0,01,8,4,1100
D,1263783229,928,4033,0,-204649,283,-1,0,56,0,0,01,8,4,1100
D,1263784221,992,4033,0,-204649,266,-1,0,56,0,0,01,8,4,1100
D,1263785187,966,4033,0,-204649,239,-1,0,56,0,0,01,8,4,1100
D,1263786219,1032,4033,0,-204649,270,-1,0,56,0,0,01,8,4,1100
D,1263787210,991,4033,0,-204649,262,-1,0,56,0,0,01,8,4,1100
D,1263788227,1017,4033,0,-204649,265,-1,0,56,0,0,01,8,4,1100
D,1263789215,988,4033,0,-204649,261,-1,0,56,0,0,01,8,4,1100
D,1263790233,1018,4033,0,-204649,277,-1,0,56,0,0,01,8,4,1100
D,1263791220,987,4033,0,-204649,267,-1,0,56,0,0,01,8,4,1100
D,1263792249,1029,4033,0,-204649,290,-1,0,56,0,0,01,8,4,1100
D,1263793176,927,4033,0,-204649,228,-1,0,56,0,0,01,8,4,1100
D,1263794192,1016,4033,0,-204649,233,-1,0,56,0,0,01,8,4,1100
D,1263795184,992,4033,0,-204649,226,-1,0,56,0,0,01,8,4,1100
D,1263796187,1003,4033,0,-204649,226,-1,0,56,0,0,01,8,4,1100
D,1263797173,986,4033,0,-204649,225,-1,0,56,0,0,01,8,4,1100
D,1263798185,1012,4033,0,-204649,231,-1,0,56,0,0,01,8,4,1100
D,1263799175,990,4033,0,-204649,226,-1,0,56,0,0,01,8,4,1100
D,1263800227,1052,4033,0,-204649,264,-1,0,56,0,0,01,8,4,1100
D,1263801279,1052,4033,0,-204649,323,-1,0,56,0,0,01,8,4,1100
D,1263802291,1012,4033,0,-204649,341,-1,0,56,0,0,01,8,4,1100
D,1263803243,952,4033,0,-204649,281,-1,0,56,0,0,01,8,4,1100
D,1263804212,969,4033,0,-204649,263,-1,0,56,0,0,01,8,4,1100
D,1263805204,992,4033,0,-204649,253,0,0,56,0,0,01,8,4,1100
D,1263806219,1015,4033,0,-204649,265,0,0,56,0,0,01,8,4,1100
D,1263807221,1002,4033,0,-204649,266,0,0,56,0,0,01,8,4,1100
D,1263808224,1003,4033,0,-204649,262,0,0,56,0,0,01,8,4,1100
D,1263809217,993,4033,0,-204649,262,0,0,56,0,0,01,8,4,1100
D,1263810228,1011,4033,0,-204649,272,0,0,56,0,0,01,8,4,1100
D,1263811225,997,4033,0,-204649,273,0,0,56,0,0,01,8,4,1100
D,1263812237,1012,4033,0,-204649,286,0,0,56,0,0,01,8,4,1100
D,1263813187,950,4033,0,-204649,228,0,0,56,0,0,01,8,4,1100
D,1263814190,1003,4033,0,-204649,237,0,0,56,0,0,01,8,4,1100
D,1263815184,994,4033,0,-204649,226,0,0,56,0,0,01,8,4,1100
D,1263816186,1002,4033,0,-204649,225,0,0,56,0,0,01,8,4,1100
D,1263817173,987,4033,0,-204649,226,0,0,56,0,0,01,8,4,1100
D,1263818184,1011,4033,0,-204649,232,0,0,56,0,0,01,8,4,1100
D,1263819173,989,4033,0,-204649,225,0,0,56,0,0,01,8,4,1100
D,1263820219,1046,4033,0,-204649,272,0,0,56,0,0,01,8,4,1100
D,1263821264,1045,4033,0,-204649,314,0,0,56,0,0,01,8,4,1100
D,1263822295,1031,4033,0,-204649,346,0,0,56,0,0,01,8,4,1100
D,1263823243,948,4033,0,-204649,275,0,0,56,0,0,01,8,4,1100
D,1263824208,965,4033,0,-204649,259,0,0,56,0,0,01,8,4,1100
D,1263825233,1025,4033,0,-204649,272,0,0,56,0,0,01,8,4,1100
D,1263826217,984,4032,-1,-204648,270,0,8,56,0,0,01,8,4,1100
D,1263827216,999,4033,1,-204649,264,0,0,56,0,0,01,8,4,1100
D,1263828218,1002,4032,-1,-204648,259,0,8,56,0,0,01,8,4,1100
D,1263829216,998,4032,0,-204648,265,1,8,56,0,0,01,8,4,1100
D,1263830228,1012,4033,1,-204649,277,1,0,56,0,0,01,8,4,1100
D,1263831226,998,4032,-1,-204648,265,1,8,56,0,0,01,8,4,1100
D,1263832245,1019,4032,0,-204648,293,1,8,56,0,0,01,8,4,1100
D,1263833191,946,4032,0,-204648,231,1,8,56,0,0,01,8,4,1100
D,1263834188,997,4032,0,-204648,232,2,8,56,0,0,01,8,4,1100
D,1263835180,992,4032,0,-204648,227,2,8,56,0,0,01,8,4,1100
D,1263836184,1004,4032,0,-204648,226,2,8,56,0,0,01,8,4,1100
D,1263837187,1003,4032,0,-204648,226,2,8,56,0,0,01,8,4,1100
D,1263838179,992,4032,0,-204648,231,3,8,56,0,0,01,8,4,1100
D,1263839185,1006,4032,0,-204648,226,3,8,56,0,0,01,8,4,1100
D,1263840216,1031,4032,0,-204648,262,3,8,56,0,0,01,8,4,1100
D,1263841272,1056,4032,0,-204648,318,3,8,56,0,0,01,8,4,1100
D,1263842291,1019,4032,0,-204648,344,3,8,56,0,0,01,8,4,1100
D,1263843247,956,4032,0,-204648,287,4,8,56,0,0,01,8,4,1100
D,1263844224,977,4032,0,-204648,260,4,8,56,0,0,01,8,4,1100
D,1263845223,999,4032,0,-204648,262,4,8,56,0,0,01,8,4,1100
D,1263846223,1000,4032,0,-204648,266,4,8,56,0,0,01,8,4,1100
D,1263847219,996,4032,0,-204648,264,4,8,56,0,0,01,8,4,1100
D,1263848207,988,4032,0,-204648,261,4,8,56,0,0,01,8,4,1100
D,1263849221,1014,4032,0,-204648,264,5,8,56,0,0,01,8,4,1100
D,1263850227,1006,4032,0,-204648,268,5,8,56,0,0,01,8,4,1100
D,1263851227,1000,4032,0,-204648,276,5,8,56,0,0,01,8,4,1100
D,1263852234,1007,4032,0,-204648,288,5,8,56,0,0,01,8,4,1100
D,1263853184,950,4032,0,-204648,228,5,8,56,0,0,01,8,4,1100
D,1263854189,1005,4032,0,-204648,236,5,8,56,0,0,01,8,4,1100
D,1263855184,995,4032,0,-204648,226,5,8,56,0,0,01,8,4,1100
D,1263856187,1003,4032,0,-204648,226,5,8,56,0,0,01,8,4,1100
D,1263857174,987,4032,0,-204648,226,5,0,56,0,0,01,8,4,1100
D,1263858185,1011,4032,0,-204648,232,5,8,56,0,0,01,8,4,1100
D,1263859174,989,4032,0,-204648,225,5,0,56,0,0,01,8,4,1100
D,1263860214,1040,4032,0,-204648,267,5,0,56,0,0,01,8,4,1100
D,1263861273,1059,4032,0,-204648,323,5,0,56,0,0,01,8,4,1100
D,1263862306,1033,4032,0,-204648,347,4,0,56,0,0,01,8,4,1100
D,1263863244,938,4032,0,-204648,286,4,0,56,0,0,01,8,4,1100
D,1263864222,978,4032,0,-204648,263,4,0,56,0,0,01,8,4,1100
D,1263865215,993,4032,0,-204648,262,4,0,56,0,0,01,8,4,1100
D,1263866221,1006,4032,0,-204648,273,4,0,56,0,0,01,8,4,1100
D,1263867217,996,4032,0,-204648,265,4,0,56,0,0,01,8,4,1100
D,1263868208,991,4032,0,-204648,261,4,0,56,0,0,01,8,4,1100
D,1263869220,1012,4032,0,-204648,264,3,0,56,0,0,01,8,4,1100
D,1263870229,1009,4032,0,-204648,270,3,0,56,0,0,01,8,4,1100
D,1263871226,997,4032,0,-204648,269,3,0,56,0,0,01,8,4,1100
D,1263872237,1011,4032,0,-204648,287,3,0,56,0,0,01,8,4,1100
D,1263873186,949,4032,0,-204648,230,3,0,56,0,0,01,8,4,1100
D,1263874188,1002,4032,0,-204648,233,3,0,56,0,0,01,8,4,1100
D,1263875178,990,4032,0,-204648,226,3,0,56,0,0,01,8,4,1100
D,1263876181,1003,4032,0,-204648,226,3,0,56,0,0,01,8,4,1100
D,1263877184,1003,4032,0,-204648,226,2,0,56,0,0,01,8,4,1100
D,1263878178,994,4032,0,-204648,231,2,0,56,0,0,01,8,4,1100
D,1263879184,1006,4032,0,-204648,226,2,0,56,0,0,01,8,4,1100
D,1263880219,1035,4032,0,-204648,265,2,0,56,0,0,01,8,4,1100
D,1263881265,1046,4032,0,-204648,316,2,0,56,0,0,01,8,4,1100
D,1263882315,1050,4032,0,-204648,348,2,0,56,0,0,01,8,4,1100
D,1263883250,935,4032,0,-204648,276,2,0,56,0,0,01,8,4,1100
D,1263884222,972,4032,0,-204648,262,2,0,56,0,0,01,8,4,1100
D,1263885225,1003,4032,0,-204648,264,2,0,56,0,0,01,8,4,1100
D,1263886220,995,4032,0,-204648,263,2,0,56,0,0,01,8,4,1100
D,1263887218,998,4032,0,-204648,264,2,0,56,0,0,01,8,4,1100
D,1263888210,992,4032,0,-204648,263,2,0,56,0,0,01,8,4,1100
D,1263889224,1014,4032,0,-204648,262,2,0,56,0,0,01,8,4,1100
D,1263890234,1010,4032,0,-204648,267,1,0,56,0,0,01,8,4,1100
D,1263891222,988,4032,0,-204648,271,1,0,56,0,0,01,8,4,1100
D,1263892249,1027,4032,0,-204648,290,1,0,56,0,0,01,8,4,1100
D,1263893188,939,4032,0,-204648,230,1,0,56,0,0,01,8,4,1100
D,1263894190,1002,4032,0,-204648,233,1,0,56,0,0,01,8,4,1100
D,1263895181,991,4032,0,-204648,226,1,0,56,0,0,01,8,4,1100
D,1263896184,1003,4032,0,-204648,226,1,0,56,0,0,01,8,4,1100
D,1263897187,1003,4032,0,-204648,226,1,0,56,0,0,01,8,4,1100
D,1263898180,993,4032,0,-204648,232,1,0,56,0,0,01,8,4,1100
D,1263899185,1005,4032,0,-204648,226,1,0,56,0,0,01,8,4,1100
D,1263900222,1037,4032,0,-204648,264,1,0,56,0,0,01,8,4,1100
D,1263901275,1053,4032,0,-204648,325,1,0,56,0,0,01,8,4,1100
D,1263902297,1022,4032,0,-204648,342,1,0,56,0,0,01,8,4,1100
D,1263903242,945,4032,0,-204648,286,1,0,56,0,0,01,8,4,1100
D,1263904221,979,4032,0,-204648,263,1,0,56,0,0,01,8,4,1100
D,1263905208,987,4032,0,-204648,255,1,0,56,0,0,01,8,4,1100
D,1263906226,1018,4032,0,-204648,266,1,0,56,0,0,01,8,4,1100
D,1263907216,990,4032,0,-204648,258,1,0,56,0,0,01,8,4,1100
D,1263908217,1001,4032,0,-204648,261,1,0,56,0,0,01,8,4,1100
D,1263909215,998,4032,0,-204648,266,1,0,56,0,0,01,8,4,1100
D,1263910228,1013,4032,0,-204648,277,1,0,56,0,0,01,8,4,1100
D,1263911217,989,4032,0,-204648,264,1,0,56,0,0,01,8,4,1100
D,1263912248,1031,4032,0,-204648,296,1,0,56,0,0,01,8,4,1100
D,1263913181,933,4032,0,-204648,229,1,0,56,0,0,01,8,4,1100
D,1263914182,1001,4032,0,-204648,234,1,0,56,0,0,01,8,4,1100
D,1263915188,1006,4032,0,-204648,227,1,0,56,0,0,01,8,4,1100
D,1263916174,986,4032,0,-204648,225,1,0,56,0,0,01,8,4,1100
D,1263917177,1003,4032,0,-204648,226,1,0,56,0,0,01,8,4,1100
D,1263918191,1014,4032,0,-204648,230,0,0,56,0,0,01,8,4,1100
D,1263919182,991,4032,0,-204648,227,0,0,56,0,0,01,8,4,1100
D,1263920214,1032,4032,0,-204648,263,0,0,56,0,0,01,8,4,1100
D,1263921268,1054,4032,0,-204648,320,0,0,56,0,0,01,8,4,1100
D,1263922293,1025,4032,0,-204648,342,0,0,56,0,0,01,8,4,1100
D,1263923251,958,4032,0,-204648,278,0,0,56,0,0,01,8,4,1100
D,1263924209,958,4032,0,-204648,262,0,0,56,0,0,01,8,4,1100
D,1263925228,1019,4032,0,-204648,266,0,0,56,0,0,01,8,4,1100
D,1263926233,1005,4032,0,-204648,268,0,0,56,0,0,01,8,4,1100
D,1263927215,982,4032,0,-204648,268,0,0,56,0,0,01,8,4,1100
D,1263928215,1000,4032,0,-204648,264,0,0,56,0,0,01,8,4,1100
D,1263929214,999,4032,0,-204648,265,0,0,56,0,0,01,8,4,1100
D,1263930228,1014,4032,0,-204648,280,0,0,56,0,0,01,8,4,1100
D,1263931218,990,4032,0,-204648,265,0,0,56,0,0,01,8,4,1100
D,1263932244,1026,4032,0,-204648,295,0,0,56,0,0,01,8,4,1100
D,1263933185,941,4032,0,-204648,229,0,0,56,0,0,01,8,4,1100
D,1263934185,1000,4032,0,-204648,232,0,0,56,0,0,01,8,4,1100
D,1263935175,990,4032,0,-204648,227,0,0,56,0,0,01,8,4,1100
D,1263936181,1006,4032,0,-204648,226,0,0,56,0,0,01,8,4,1100
D,1263937184,1003,4033,1,-204649,226,0,-8,56,0,0,01,8,4,1100
D,1263938177,993,4033,0,-204649,230,0,-8,56,0,0,01,8,4,1100
D,1263939185,1008,4033,0,-204649,227,-1,-8,56,0,0,01,8,4,1100
D,1263940221,1036,4033,0,-204649,265,-1,-8,56,0,0,01,8,4,1100
D,1263941273,1052,4033,0,-204649,323,-1,-8,56,0,0,01,8,4,1100
D,1263942306,1033,4033,0,-204649,350,-2,-8,56,0,0,01,8,4,1100
D,1263943229,923,4033,0,-204649,279,-2,-8,56,0,0,01,8,4,1100
D,1263944222,993,4033,0,-204649,264,-2,-8,56,0,0,01,8,4,1100
D,1263945199,977,4033,0,-204649,250,-2,-8,56,0,0,01,8,4,1100
D,1263946221,1022,4033,0,-204649,274,-3,-8,56,0,0,01,8,4,1100
D,1263947212,991,4033,0,-204649,262,-3,-8,56,0,0,01,8,4,1100
D,1263948227,1015,4033,0,-204649,265,-3,-8,56,0,0,01,8,4,1100
D,1263949213,986,4032,-1,-204648,258,-3,0,56,0,0,01,8,4,1100
D,1263950232,1019,4033,1,-204649,277,-3,-8,56,0,0,01,8,4,1100
D,1263951214,982,4033,0,-204649,265,-3,-8,56,0,0,01,8,4,1100
D,1263952241,1027,4033,0,-204649,289,-3,-8,56,0,0,01,8,4,1100
D,1263953190,949,4033,0,-204649,230,-4,-8,56,0,0,01,8,4,1100
D,1263954188,998,4032,-1,-204648,233,-3,0,56,0,0,01,8,4,1100
D,1263955178,990,4032,0,-204648,226,-3,0,56,0,0,01,8,4,1100
D,1263956181,1003,4032,0,-204648,226,-3,0,56,0,0,01,8,4,1100
D,1263957184,1003,4033,1,-204649,226,-3,-8,56,0,0,01,8,4,1100
D,1263958179,995,4033,0,-204649,232,-4,-8,56,0,0,01,8,4,1100
D,1263959184,1005,4033,0,-204649,226,-4,-8,56,0,0,01,8,4,1100
D,1263960219,1035,4033,0,-204649,266,-4,-8,56,0,0,01,8,4,1100
D,1263961271,1052,4033,0,-204649,321,-4,-8,56,0,0,01,8,4,1100
D,1263962306,1035,4033,0,-204649,341,-4,-8,56,0,0,01,8,4,1100
D,1263963245,939,4033,0,-204649,279,-4,-8,56,0,0,01,8,4,1100
D,1263964216,971,4033,0,-204649,260,-5,-8,56,0,0,01,8,4,1100
D,1263965207,991,4033,0,-204649,257,-5,-8,56,0,0,01,8,4,1100
D,1263966219,1012,4033,0,-204649,266,-5,-8,56,0,0,01,8,4,1100
D,1263967210,991,4033,0,-204649,261,-5,0,56,0,0,01,8,4,1100
D,1263968213,1003,4033,0,-204649,262,-4,0,56,0,0,01,8,4,1100
D,1263969221,1008,4033,0,-204649,261,-4,0,56,0,0,01,8,4,1100
D,1263970232,1011,4033,0,-204649,274,-4,0,56,0,0,01,8,4,1100
D,1263971230,998,4033,0,-204649,270,-4,0,56,0,0,01,8,4,1100
D,1263972245,1015,4033,0,-204649,289,-4,0,56,0,0,01,8,4,1100
D,1263973175,930,4033,0,-204649,227,-4,0,56,0,0,01,8,4,1100
D,1263974194,1019,4033,0,-204649,237,-3,0,56,0,0,01,8,4,1100
D,1263975185,991,4033,0,-204649,226,-3,0,56,0,0,01,8,4,1100
D,1263976172,987,4033,0,-204649,226,-3,0,56,0,0,01,8,4,1100
D,1263977175,1003,4033,0,-204649,226,-3,0,56,0,0,01,8,4,1100
D,1263978186,1011,4033,0,-204649,232,-3,0,56,0,0,01,8,4,1100
D,1263979174,988,4033,0,-204649,225,-3,0,56,0,0,01,8,4,1100
D,1263980231,1057,4033,0,-204649,263,-3,-8,56,0,0,01,8,4,1100
D,1263981288,1057,4033,0,-204649,323,-3,0,56,0,0,01,8,4,1100
D,1263982311,1023,4033,0,-204649,347,-3,0,56,0,0,01,8,4,1100
D,1263983242,931,4033,0,-204649,285,-3,0,56,0,0,01,8,4,1100
D,1263984212,970,4033,0,-204649,262,-3,-8,56,0,0,01,8,4,1100
D,1263985206,994,4033,0,-204649,257,-3,-8,56,0,0,01,8,4,1100
D,1263986218,1012,4033,0,-204649,265,-3,-8,56,0,0,01,8,4,1100
D,1263987217,999,4033,0,-204649,266,-3,0,56,0,0,01,8,4,1100
D,1263988209,992,4033,0,-204649,261,-3,0,56,0,0,01,8,4,1100
D,1263989222,1013,4033,0,-204649,264,-3,0,56,0,0,01,8,4,1100
D,1263990231,1009,4033,0,-204649,272,-3,0,56,0,0,01,8,4,1100
D,1263991224,993,4033,0,-204649,266,-3,0,56,0,0,01,8,4,1100
D,1263992243,1019,4033,0,-204649,287,-3,0,56,0,0,01,8,4,1100
D,1263993189,946,4033,0,-204649,230,-3,0,56,0,0,01,8,4,1100
D,1263994190,1001,4033,0,-204649,235,-2,0,56,0,0,01,8,4,1100
D,1263995181,991,4033,0,-204649,226,-2,0,56,0,0,01,8,4,1100
D,1263996184,1003,4033,0,-204649,226,-2,0,56,0,0,01,8,4,1100
D,1263997187,1003,4033,0,-204649,226,-2,0,56,0,0,01,8,4,1100
D,1263998180,993,4033,0,-204649,232,-2,0,56,0,0,01,8,4,1100
D,1263999185,1005,4033,0,-204649,226,-2,0,56,0,0,01,8,4,1100
D,1264000218,1033,4033,0,-204649,264,-2,0,56,0,0,01,8,4,1100
D,1264001288,1070,4033,0,-204649,323,-2,0,56,0,0,01,8,4,1100
D,1264002302,1014,4033,0,-204649,344,-2,0,56,0,0,01,8,4,1100
D,1264003248,946,4033,0,-204649,279,-2,0,56,0,0,01,8,4,1100
D,1264004222,974,4033,0,-204649,260,-2,0,56,0,0,01,8,4,1100
D,1264005205,983,4033,0,-204649,256,-2,0,56,0,0,01,8,4,1100
D,1264006219,1014,4033,0,-204649,269,-1,0,56,0,0,01,8,4,1100
D,1264007212,993,4033,0,-204649,261,-1,0,56,0,0,01,8,4,1100
D,1264008222,1010,4033,0,-204649,263,-1,0,56,0,0,01,8,4,1100
D,1264009212,990,4033,0,-204649,263,-1,0,56,0,0,01,8,4,1100
D,1264010231,1019,4033,0,-204649,283,-1,0,56,0,0,01,8,4,1100
D,1264011213,982,4033,0,-204649,267,-1,0,56,0,0,01,8,4,1100
D,1264012252,1039,4033,0,-204649,293,-1,0,56,0,0,01,8,4,1100
D,1264013176,924,4033,0,-204649,229,-1,0,56,0,0,01,8,4,1100
D,1264014195,1019,4033,0,-204649,236,-1,0,56,0,0,01,8,4,1100
D,1264015187,992,4033,0,-204649,227,-1,0,56,0,0,01,8,4,1100
D,1264016174,987,4033,0,-204649,226,-1,0,56,0,0,01,8,4,1100
D,1264017177,1003,4033,0,-204649,226,-1,0,56,0,0,01,8,4,1100
D,1264018191,1014,4033,0,-204649,230,-1,0,56,0,0,01,8,4,1100
D,1264019182,991,4033,0,-204649,227,-1,0,56,0,0,01,8,4,1100
D,1264020219,1037,4033,0,-204649,265,-1,0,56,0,0,01,8,4,1100
D,1264021282,1063,4033,0,-204649,317,-1,0,56,0,0,01,8,4,1100
D,1264022301,1019,4033,0,-204649,344,-1,0,56,0,0,01,8,4,1100
D,1264023246,945,4033,0,-204649,285,-1,0,56,0,0,01,8,4,1100
D,1264024225,979,4033,0,-204649,261,-1,0,56,0,0,01,8,4,1100
D,1264025205,980,4033,0,-204649,252,-1,0,56,0,0,01,8,4,1100
D,1264026217,1012,4033,0,-204649,265,-1,0,56,0,0,01,8,4,1100
D,1264027208,991,4033,0,-204649,262,-1,0,56,0,0,01,8,4,1100
D,1264028215,1007,4033,0,-204649,260,-1,0,56,0,0,01,8,4,1100
D,1264029225,1010,4033,0,-204649,264,-1,0,56,0,0,01,8,4,1100
D,1264030235,1010,4033,0,-204649,271,-1,0,56,0,0,01,8,4,1100
D,1264031236,1001,4033,0,-204649,274,-1,0,56,0,0,01,8,4,1100
D,1264032238,1002,4033,0,-204649,290,-1,0,56,0,0,01,8,4,1100
D,1264033178,940,4033,0,-204649,228,-1,0,56,0,0,01,8,4,1100
D,1264034198,1020,4033,0,-204649,238,0,0,56,0,0,01,8,4,1100
D,1264035173,975,4033,0,-204649,226,0,0,56,0,0,01,8,4,1100
D,1264036177,1004,4033,0,-204649,225,0,0,56,0,0,01,8,4,1100
D,1264037181,1004,4033,0,-204649,226,0,0,56,0,0,01,8,4,1100
D,1264038179,998,4033,0,-204649,232,0,0,56,0,0,01,8,4,1100
D,1264039184,1005,4033,0,-204649,226,0,0,56,0,0,01,8,4,1100
D,1264040215,1031,4033,0,-204649,263,0,0,56,0,0,01,8,4,1100
D,1264041281,1066,4033,0,-204649,319,0,0,56,0,0,01,8,4,1100
D,1264042289,1008,4033,0,-204649,339,0,0,56,0,0,01,8,4,1100
D,1264043237,948,4033,0,-204649,281,0,0,56,0,0,01,8,4,1100
D,1264044207,970,4033,0,-204649,260,0,0,56,0,0,01,8,4,1100
D,1264045224,1017,4033,0,-204649,262,0,0,56,0,0,01,8,4,1100
D,1264046227,1003,4033,0,-204649,270,0,0,56,0,0,01,8,4,1100
D,1264047225,998,4033,0,-204649,263,0,0,56,0,0,01,8,4,1100
D,1264048213,988,4033,0,-204649,263,0,0,56,0,0,01,8,4,1100
D,1264049213,1000,4033,0,-204649,265,0,0,56,0,0,01,8,4,1100
D,1264050229,1016,4033,0,-204649,276,0,0,56,0,0,01,8,4,1100
D,1264051224,995,4033,0,-204649,270,0,0,56,0,0,01,8,4,1100
D,1264052235,1011,4033,0,-204649,288,0,0,56,0,0,01,8,4,1100
D,1264053187,952,4033,0,-204649,228,0,0,56,0,0,01,8,4,1100
D,1264054193,1006,4033,0,-204649,236,0,0,56,0,0,01,8,4,1100
D,1264055184,991,4033,0,-204649,226,0,0,56,0,0,01,8,4,1100
D,1264056187,1003,4033,0,-204649,226,0,0,56,0,0,01,8,4,1100
D,1264057173,986,4033,0,-204649,225,0,0,56,0,0,01,8,4,1100
D,1264058184,1011,4033,0,-204649,232,0,0,56,0,0,01,8,4,1100
D,1264059173,989,4033,0,-204649,226,0,0,56,0,0,01,8,4,1100
D,1264060237,1064,4033,0,-204649,268,0,0,56,0,0,01,8,4,1100
D,1264061282,1045,4033,0,-204649,320,0,0,56,0,0,01,8,4,1100
D,1264062299,1017,4033,0,-204649,346,0,0,56,0,0,01,8,4,1100
D,1264063242,943,4033,0,-204649,286,0,0,56,0,0,01,8,4,1100
D,1264064216,974,4033,0,-204649,262,0,0,56,0,0,01,8,4,1100
D,1264065188,972,4033,0,-204649,239,0,0,56,0,0,01,8,4,1100
D,1264066230,1042,4033,0,-204649,269,0,0,56,0,0,01,8,4,1100
D,1264067215,985,4033,0,-204649,256,0,0,56,0,0,01,8,4,1100
D,1264068227,1012,4033,0,-204649,265,0,0,56,0,0,01,8,4,1100
D,1264069216,989,4033,0,-204649,259,0,0,56,0,0,01,8,4,1100
D,1264070230,1014,4033,0,-204649,274,0,0,56,0,0,01,8,4,1100
D,1264071213,983,4033,0,-204649,263,0,0,56,0,0,01,8,4,1100
D,1264072237,1024,4033,0,-204649,289,0,0,56,0,0,01,8,4,1100
D,1264073183,946,4033,0,-204649,230,0,0,56,0,0,01,8,4,1100
D,1264074188,1005,4033,0,-204649,233,0,0,56,0,0,01,8,4,1100
D,1264075177,989,4033,0,-204649,226,0,0,56,0,0,01,8,4,1100
D,1264076181,1004,4033,0,-204649,226,0,0,56,0,0,01,8,4,1100
D,1264077184,1003,4033,0,-204649,226,0,0,56,0,0,01,8,4,1100
D,1264078179,995,4033,0,-204649,232,0,0,56,0,0,01,8,4,1100
D,1264079184,1005,4033,0,-204649,226,0,0,56,0,0,01,8,4,1100
D,1264080218,1034,4033,0,-204649,266,0,0,56,0,0,01,8,4,1100
D,1264081264,1046,4033,0,-204649,314,0,0,56,0,0,01,8,4,1100
D,1264082295,1031,4033,0,-204649,344,0,0,56,0,0,01,8,4,1100
D,1264083251,956,4033,0,-204649,293,0,0,56,0,0,01,8,4,1100
D,1264084215,964,4033,0,-204649,264,0,0,56,0,0,01,8,4,1100
D,1264085201,986,4033,0,-204649,253,0,0,56,0,0,01,8,4,1100
D,1264086219,1018,4033,0,-204649,272,0,0,56,0,0,01,8,4,1100
D,1264087217,998,4033,0,-204649,266,0,0,56,0,0,01,8,4,1100
D,1264088210,993,4033,0,-204649,263,0,0,56,0,0,01,8,4,1100
D,1264089224,1014,4033,0,-204649,265,0,0,56,0,0,01,8,4,1100
D,1264090226,1002,4033,0,-204649,280,0,0,56,0,0,01,8,4,1100
D,1264091216,990,4033,0,-204649,267,0,0,56,0,0,01,8,4,1100
D,1264092242,1026,4033,0,-204649,293,0,0,56,0,0,01,8,4,1100
D,1264093183,941,4033,0,-204649,231,0,0,56,0,0,01,8,4,1100
D,1264094185,1002,4033,0,-204649,232,0,0,56,0,0,01,8,4,1100
D,1264095175,990,4033,0,-204649,227,0,0,56,0,0,01,8,4,1100
D,1264096177,1002,4033,0,-204649,225,0,0,56,0,0,01,8,4,1100
D,1264097181,1004,4033,0,-204649,226,0,0,56,0,0,01,8,4,1100
D,1264098177,996,4033,0,-204649,230,0,0,56,0,0,01,8,4,1100
D,1264099185,1008,4033,0,-204649,227,0,0,56,0,0,01,8,4,1100
D,1264100221,1036,4033,0,-204649,265,0,0,56,0,0,01,8,4,1100
D,1264101274,1053,4033,0,-204649,322,0,0,56,0,0,01,8,4,1100
D,1264102294,1020,4033,0,-204649,346,0,0,56,0,0,01,8,4,1100
D,1264103239,945,4033,0,-204649,282,0,0,56,0,0,01,8,4,1100
D,1264104212,973,4033,0,-204649,263,0,0,56,0,0,01,8,4,1100
D,1264105225,1013,4033,0,-204649,264,0,0,56,0,0,01,8,4,1100
D,1264106225,1000,4033,0,-204649,263,0,0,56,0,0,01,8,4,1100
D,1264107217,992,4033,0,-204649,260,0,0,56,0,0,01,8,4,1100
D,1264108220,1003,4033,0,-204649,262,0,0,56,0,0,01,8,4,1100
D,1264109214,994,4033,0,-204649,263,0,0,56,0,0,01,8,4,1100
D,1264110224,1010,4033,0,-204649,277,0,0,56,0,0,01,8,4,1100
D,1264111211,987,4033,0,-204649,262,0,0,56,0,0,01,8,4,1100
D,1264112250,1039,4033,0,-204649,291,0,0,56,0,0,01,8,4,1100
D,1264113181,931,4033,0,-204649,229,0,0,56,0,0,01,8,4,1100
D,1264114182,1001,4033,0,-204649,235,0,0,56,0,0,01,8,4,1100
D,1264115175,993,4033,0,-204649,227,0,0,56,0,0,01,8,4,1100
D,1264116181,1006,4033,0,-204649,226,0,0,56,0,0,01,8,4,1100
D,1264117184,1003,4033,0,-204649,226,0,0,56,0,0,01,8,4,1100
D,1264118177,993,4033,0,-204649,230,0,0,56,0,0,01,8,4,1100
D,1264119185,1008,4033,0,-204649,227,0,0,56,0,0,01,8,4,1100
D,1264120218,1033,4033,0,-204649,265,0,0,56,0,0,01,8,4,1100
D,1264121289,1071,4033,0,-204649,325,0,0,56,0,0,01,8,4,1100
D,1264122289,1000,4033,0,-204649,339,0,0,56,0,0,01,8,4,1100
D,1264123232,943,4033,0,-204649,282,0,0,56,0,0,01,8,4,1100
D,1264124215,983,4033,0,-204649,262,0,0,56,0,0,01,8,4,1100
D,1264125208,993,4033,0,-204649,256,0,0,56,0,0,01,8,4,1100
D,1264126223,1015,4033,0,-204649,270,0,0,56,0,0,01,8,4,1100
D,1264127222,999,4033,0,-204649,268,0,0,56,0,0,01,8,4,1100
D,1264128221,999,4033,0,-204649,262,0,0,56,0,0,01,8,4,1100
D,1264129217,996,4033,0,-204649,264,0,0,56,0,0,01,8,4,1100
D,1264130228,1011,4033,0,-204649,275,0,0,56,0,0,01,8,4,1100
D,1264131226,998,4033,0,-204649,273,0,0,56,0,0,01,8,4,1100
D,1264132236,1010,4033,0,-204649,289,0,0,56,0,0,01,8,4,1100
D,1264133188,952,4033,0,-204649,228,0,0,56,0,0,01,8,4,1100
D,1264134192,1004,4033,0,-204649,236,0,0,56,0,0,01,8,4,1100
D,1264135184,992,4033,0,-204649,226,0,0,56,0,0,01,8,4,1100
D,1264136187,1003,4033,0,-204649,226,0,0,56,0,0,01,8,4,1100
D,1264137173,986,4033,0,-204649,226,0,0,56,0,0,01,8,4,1100
D,1264138185,1012,4033,0,-204649,232,0,0,56,0,0,01,8,4,1100
D,1264139174,989,4033,0,-204649,225,0,0,56,0,0,01,8,4,1100
D,1264140218,1044,4033,0,-204649,271,0,0,56,0,0,01,8,4,1100
D,1264141267,1049,4033,0,-204649,314,0,0,56,0,0,01,8,4,1100
D,1264142302,1035,4033,0,-204649,348,0,0,56,0,0,01,8,4,1100
D,1264143228,926,4033,0,-204649,281,0,0,56,0,0,01,8,4,1100
D,1264144223,995,4033,0,-204649,266,0,0,56,0,0,01,8,4,1100
D,1264145190,967,4033,0,-204649,241,0,0,56,0,0,01,8,4,1100
D,1264146218,1028,4033,0,-204649,269,0,0,56,0,0,01,8,4,1100
D,1264147205,987,4033,0,-204649,258,0,0,56,0,0,01,8,4,1100
D,1264148215,1010,4033,0,-204649,265,0,0,56,0,0,01,8,4,1100
D,1264149221,1006,4033,0,-204649,261,0,0,56,0,0,01,8,4,1100
D,1264150232,1011,4033,0,-204649,286,0,0,56,0,0,01,8,4,1100
D,1264151223,991,4033,0,-204649,264,0,0,56,0,0,01,8,4,1100
D,1264152255,1032,4033,0,-204649,296,0,0,56,0,0,01,8,4,1100
D,1264153186,931,4033,0,-204649,230,0,0,56,0,0,01,8,4,1100
D,1264154185,999,4033,0,-204649,231,0,0,56,0,0,01,8,4,1100
D,1264155177,992,4033,0,-204649,228,0,0,56,0,0,01,8,4,1100
D,1264156181,1004,4033,0,-204649,226,0,0,56,0,0,01,8,4,1100
D,1264157184,1003,4033,0,-204649,226,0,0,56,0,0,01,8,4,1100
D,1264158176,992,4033,0,-204649,229,0,0,56,0,0,01,8,4,1100
D,1264159186,1010,4033,0,-204649,228,0,0,56,0,0,01,8,4,1100
D,1264160217,1031,4033,0,-204649,261,0,0,56,0,0,01,8,4,1100
D,1264161274,1057,4033,0,-204649,320,0,0,56,0,0,01,8,4,1100
D,1264162311,1037,4033,0,-204649,345,0,0,56,0,0,01,8,4,1100
D,1264186406,24095,4033,0,-204649,350,0,0,56,0,0,48,9,5,550
D,1264187301,895,4033,0,-204649,249,0,0,56,0,0,01,9,5,550
D,1264188310,1009,4033,0,-204649,250,0,0,56,0,0,01,9,5,550
D,1264189295,985,4033,0,-204649,243,0,0,56,0,0,01,9,5,550
D,1264190328,1033,4033,0,-204649,263,0,0,56,0,0,01,9,5,550
D,1264191346,1018,4033,0,-204649,292,0,0,56,0,0,01,9,5,550
D,1264192272,926,4033,0,-204649,221,0,0,56,0,0,01,9,5,550
D,1264193278,1006,4033,0,-204649,213,0,0,56,0,0,01,9,5,550
D,1264194281,1003,4033,0,-204649,229,0,0,56,0,0,01,9,5,550
D,1264195272,991,4033,0,-204649,213,0,0,56,0,0,01,9,5,550
D,1264196271,999,4033,0,-204649,213,0,0,56,0,0,01,9,5,550
D,1264197269,998,4033,0,-204649,213,0,0,56,0,0,01,9,5,550
D,1264198284,1015,4033,0,-204649,223,0,0,56,0,0,01,9,5,550
D,1264199276,992,4033,0,-204649,213,0,0,56,0,0,01,9,5,550
D,1264200302,1026,4033,0,-204649,236,0,0,56,0,0,01,9,5,550
D,1264201368,1066,4033,0,-204649,312,0,0,56,0,0,01,9,5,550
D,1264202407,1039,4033,0,-204649,354,0,0,56,0,0,01,9,5,550
D,1264203314,907,4033,0,-204649,255,0,0,56,0,0,01,9,5,550
D,1264204294,980,4033,0,-204649,244,0,0,56,0,0,01,9,5,550
D,1264205302,1008,4033,0,-204649,250,0,0,56,0,0,01,9,5,550
D,1264206304,1002,4033,0,-204649,251,0,0,56,0,0,01,9,5,550
D,1264207308,1004,4033,0,-204649,248,0,0,56,0,0,01,9,5,550
D,1264208306,998,4033,0,-204649,247,0,0,56,0,0,01,9,5,550
D,1264209325,1019,4033,0,-204649,261,0,0,56,0,0,01,9,5,550
D,1264210308,983,4033,0,-204649,254,0,0,56,0,0,01,9,5,550
D,1264211325,1017,4033,0,-204649,275,0,0,56,0,0,01,9,5,550
D,1264212332,1007,4033,0,-204649,281,0,0,56,0,0,01,9,5,550
D,1264213289,957,4033,0,-204649,224,0,0,56,0,0,01,9,5,550
D,1264214293,1004,4033,0,-204649,240,0,0,56,0,0,01,9,5,550
D,1264215292,999,4033,0,-204649,230,0,0,56,0,0,01,9,5,550
D,1264216285,993,4033,0,-204649,223,0,0,56,0,0,01,9,5,550
D,1264217287,1002,4033,0,-204649,227,0,0,56,0,0,01,9,5,550
D,1264218289,1002,4033,0,-204649,227,0,0,56,0,0,01,9,5,550
D,1264219284,995,4033,0,-204649,229,0,0,56,0,0,01,9,5,550
D,1264220297,1013,4033,0,-204649,239,0,0,56,0,0,01,9,5,550
D,1264221389,1092,4033,0,-204649,331,0,0,56,0,0,01,9,5,550
D,1264222398,1009,4033,0,-204649,338,0,0,56,0,0,01,9,5,550
D,1264223328,930,4033,0,-204649,276,0,0,56,0,0,01,9,5,550
D,1264224320,992,4033,0,-204649,262,0,0,56,0,0,01,9,5,550
D,1264225308,988,4033,0,-204649,253,0,0,56,0,0,01,9,5,550
D,1264226321,1013,4033,0,-204649,267,0,0,56,0,0,01,9,5,550
D,1264227298,977,4033,0,-204649,248,0,0,56,0,0,01,9,5,550
D,1264228309,1011,4033,0,-204649,259,0,0,56,0,0,01,9,5,550
D,1264229314,1005,4033,0,-204649,256,0,0,56,0,0,01,9,5,550
D,1264230325,1011,4033,0,-204649,265,0,0,56,0,0,01,9,5,550
D,1264231320,995,4033,0,-204649,264,0,0,56,0,0,01,9,5,550
D,1264232354,1034,4033,0,-204649,294,0,0,56,0,0,01,9,5,550
D,1264233290,936,4033,0,-204649,230,0,0,56,0,0,01,9,5,550
D,1264234286,996,4033,0,-204649,232,0,0,56,0,0,01,9,5,550
D,1264235282,996,4033,0,-204649,229,0,0,56,0,0,01,9,5,550
D,1264236284,1002,4033,0,-204649,226,0,0,56,0,0,01,9,5,550
D,1264237285,1001,4033,0,-204649,226,0,0,56,0,0,01,9,5,550
D,1264238292,1007,4033,0,-204649,230,0,0,56,0,0,01,9,5,550
D,1264239287,995,4033,0,-204649,229,0,0,56,0,0,01,9,5,550
D,1264240307,1020,4033,0,-204649,240,0,0,56,0,0,01,9,5,550
D,1264241405,1098,4033,0,-204649,339,0,0,56,0,0,01,9,5,550
D,1264242403,998,4033,0,-204649,340,0,0,56,0,0,01,9,5,550
D,1264243320,917,4033,0,-204649,265,0,0,56,0,0,01,9,5,550
D,1264244327,1007,4033,0,-204649,262,0,0,56,0,0,01,9,5,550
D,1264245318,991,4033,0,-204649,253,0,0,56,0,0,01,9,5,550
D,1264246318,1000,4033,0,-204649,266,0,0,56,0,0,01,9,5,550
D,1264247310,992,4033,0,-204649,249,0,0,56,0,0,01,9,5,550
D,1264248323,1013,4033,0,-204649,259,0,0,56,0,0,01,9,5,550
D,1264249312,989,4033,0,-204649,256,0,0,56,0,0,01,9,5,550
D,1264250322,1010,4033,0,-204649,266,0,0,56,0,0,01,9,5,550
D,1264251334,1012,4033,0,-204649,269,0,0,56,0,0,01,9,5,550
D,1264252342,1008,4033,0,-204649,285,0,0,56,0,0,01,9,5,550
D,1264253292,950,4033,0,-204649,230,0,0,56,0,0,01,9,5,550
D,1264254289,997,4033,0,-204649,234,0,0,56,0,0,01,9,5,550
D,1264255285,996,4033,0,-204649,229,0,0,56,0,0,01,9,5,550
D,1264256286,1001,4033,0,-204649,226,0,0,56,0,0,01,9,5,550
D,1264257288,1002,4033,0,-204649,227,0,0,56,0,0,01,9,5,550
D,1264258295,1007,4033,0,-204649,231,0,0,56,0,0,01,9,5,550
D,1264259290,995,4033,0,-204649,230,0,0,56,0,0,01,9,5,550
D,1264260308,1018,4033,0,-204649,242,0,0,56,0,0,01,9,5,550
D,1264261380,1072,4033,0,-204649,329,0,0,56,0,0,01,9,5,550
D,1264262414,1034,4033,0,-204649,345,0,0,56,0,0,01,9,5,550
D,1264263334,920,4033,0,-204649,268,0,0,56,0,0,01,9,5,550
D,1264264313,979,4033,0,-204649,262,0,0,56,0,0,01,9,5,550
D,1264265317,1004,4033,0,-204649,253,0,0,56,0,0,01,9,5,550
D,1264266321,1004,4033,0,-204649,271,0,0,56,0,0,01,9,5,550
D,1264267310,989,4033,0,-204649,259,0,0,56,0,0,01,9,5,550
D,1264268309,999,4033,0,-204649,254,0,0,56,0,0,01,9,5,550
D,1264269315,1006,4033,0,-204649,258,0,0,56,0,0,01,9,5,550
D,1264270333,1018,4033,0,-204649,269,0,0,56,0,0,01,9,5,550
D,1264271330,997,4033,0,-204649,264,0,0,56,0,0,01,9,5,550
D,1264272346,1016,4033,0,-204649,291,0,0,56,0,0,01,9,5,550
D,1264273289,943,4033,0,-204649,229,0,0,56,0,0,01,9,5,550
D,1264274285,996,4033,0,-204649,232,0,0,56,0,0,01,9,5,550
D,1264275282,997,4033,0,-204649,229,0,0,56,0,0,01,9,5,550
D,1264276284,1002,4033,0,-204649,226,0,0,56,0,0,01,9,5,550
D,1264277285,1001,4033,0,-204649,226,0,0,56,0,0,01,9,5,550
D,1264278292,1007,4033,0,-204649,230,0,0,56,0,0,01,9,5,550
D,1264279287,995,4033,0,-204649,229,0,0,56,0,0,01,9,5,550
D,1264280306,1019,4033,0,-204649,239,0,0,56,0,0,01,9,5,550
D,1264281378,1072,4033,0,-204649,327,0,0,56,0,0,01,9,5,550
D,1264282399,1021,4033,0,-204649,339,0,0,56,0,0,01,9,5,550
D,1264283326,927,4033,0,-204649,271,0,0,56,0,0,01,9,5,550
D,1264284316,990,4033,0,-204649,260,0,0,56,0,0,01,9,5,550
D,1264285306,990,4033,0,-204649,256,0,0,56,0,0,01,9,5,550
D,1264286321,1015,4033,0,-204649,263,0,0,56,0,0,01,9,5,550
D,1264287315,994,4033,0,-204649,252,0,0,56,0,0,01,9,5,550
D,1264288313,998,4033,0,-204649,257,0,0,56,0,0,01,9,5,550
D,1264289316,1003,4033,0,-204649,255,0,0,56,0,0,01,9,5,550
D,1264290329,1013,4033,0,-204649,267,0,0,56,0,0,01,9,5,550
D,1264291331,1002,4033,0,-204649,269,0,0,56,0,0,01,9,5,550
D,1264292344,1013,4033,0,-204649,291,0,0,56,0,0,01,9,5,550
D,1264293279,935,4033,0,-204649,229,0,0,56,0,0,01,9,5,550
D,1264294294,1015,4033,0,-204649,234,0,0,56,0,0,01,9,5,550
D,1264295290,996,4033,0,-204649,230,0,0,56,0,0,01,9,5,550
D,1264296291,1001,4033,0,-204649,226,0,0,56,0,0,01,9,5,550
D,1264297279,988,4033,0,-204649,226,0,0,56,0,0,01,9,5,550
D,1264298290,1011,4033,0,-204649,230,0,0,56,0,0,01,9,5,550
D,1264299286,996,4033,0,-204649,230,0,0,56,0,0,01,9,5,550
D,1264300304,1018,4033,0,-204649,244,0,0,56,0,0,01,9,5,550
D,1264301378,1074,4033,0,-204649,327,0,0,56,0,0,01,9,5,550
D,1264302404,1026,4033,0,-204649,341,0,0,56,0,0,01,9,5,550
D,1264303332,928,4033,0,-204649,268,0,0,56,0,0,01,9,5,550
D,1264304326,994,4033,0,-204649,262,0,0,56,0,0,01,9,5,550
D,1264305297,971,4033,0,-204649,247,0,0,56,0,0,01,9,5,550
D,1264306327,1030,4033,0,-204649,269,0,0,56,0,0,01,9,5,550
D,1264307319,992,4033,0,-204649,259,0,0,56,0,0,01,9,5,550
D,1264308316,997,4033,0,-204649,255,0,0,56,0,0,01,9,5,550
D,1264309324,1008,4033,0,-204649,258,0,0,56,0,0,01,9,5,550
D,1264310325,1001,4034,1,-204650,268,0,-8,56,0,0,01,9,5,550
D,1264311326,1001,4034,0,-204650,267,-1,-8,56,0,0,01,9,5,550
D,1264312343,1017,4034,0,-204650,284,-1,-8,56,0,0,01,9,5,550
D,1264313287,944,4034,0,-204650,229,-1,-8,56,0,0,01,9,5,550
D,1264314288,1001,4033,-1,-204649,236,-1,0,56,0,0,01,9,5,550
D,1264315285,997,4033,0,-204649,229,-1,0,56,0,0,01,9,5,550
D,1264316287,1002,4033,0,-204649,226,-1,0,56,0,0,01,9,5,550
D,1264317289,1002,4034,1,-204650,226,-1,-8,56,0,0,01,9,5,550
D,1264318282,993,4033,-1,-204649,231,-1,0,56,0,0,01,9,5,550
D,1264319294,1012,4033,0,-204649,229,-1,0,56,0,0,01,9,5,550
D,1264320299,1005,4033,0,-204649,240,-1,0,56,0,0,01,9,5,550
D,1264321393,1094,4033,0,-204649,332,-1,0,56,0,0,01,9,5,550
D,1264322411,1018,4033,0,-204649,345,-1,0,56,0,0,01,9,5,550
D,1264323318,907,4033,0,-204649,264,-1,0,56,0,0,01,9,5,550
D,1264324326,1008,4033,0,-204649,262,-1,0,56,0,0,01,9,5,550
D,1264325316,990,4033,0,-204649,253,-1,0,56,0,0,01,9,5,550
D,1264326325,1009,4033,0,-204649,266,-1,0,56,0,0,01,9,5,550
D,1264327300,975,4033,0,-204649,250,-1,0,56,0,0,01,9,5,550
D,1264328312,1012,4033,0,-204649,259,-1,0,56,0,0,01,9,5,550
D,1264329314,1002,4033,0,-204649,256,-1,0,56,0,0,01,9,5,550
D,1264330320,1006,4033,0,-204649,265,-1,0,56,0,0,01,9,5,550
D,1264331330,1010,4033,0,-204649,265,-1,0,56,0,0,01,9,5,550
D,1264332351,1021,4033,0,-204649,289,-1,0,56,0,0,01,9,5,550
D,1264333287,936,4033,0,-204649,230,-1,0,56,0,0,01,9,5,550
D,1264334286,999,4033,0,-204649,232,-1,0,56,0,0,01,9,5,550
D,1264335284,998,4033,0,-204649,231,-1,0,56,0,0,01,9,5,550
D,1264336285,1001,4033,0,-204649,226,-1,0,56,0,0,01,9,5,550
D,1264337287,1002,4033,0,-204649,226,-1,0,56,0,0,01,9,5,550
D,1264338293,1006,4033,0,-204649,230,-1,0,56,0,0,01,9,5,550
D,1264339288,995,4033,0,-204649,229,-1,0,56,0,0,01,9,5,550
D,1264340304,1016,4033,0,-204649,240,-1,0,56,0,0,01,9,5,550
D,1264341401,1097,4033,0,-204649,335,0,8,56,0,0,01,9,5,550
D,1264342397,996,4033,0,-204649,345,0,8,56,0,0,01,9,5,550
D,1264343319,922,4033,0,-204649,267,0,8,56,0,0,01,9,5,550
D,1264344313,994,4033,0,-204649,262,0,0,56,0,0,01,9,5,550
D,1264345303,990,4033,0,-204649,253,0,0,56,0,0,01,9,5,550
D,1264346321,1018,4033,0,-204649,270,0,0,56,0,0,01,9,5,550
D,1264347311,990,4033,0,-204649,261,1,8,56,0,0,01,9,5,550
D,1264348312,1001,4033,0,-204649,252,1,0,56,0,0,01,9,5,550
D,1264349315,1003,4033,0,-204649,260,1,0,56,0,0,01,9,5,550
D,1264350315,1000,4033,0,-204649,265,1,0,56,0,0,01,9,5,550
D,1264351326,1011,4033,0,-204649,265,1,0,56,0,0,01,9,5,550
D,1264352341,1015,4033,0,-204649,290,1,0,56,0,0,01,9,5,550
D,1264353285,944,4033,0,-204649,230,1,0,56,0,0,01,9,5,550
D,1264354283,998,4033,0,-204649,232,1,0,56,0,0,01,9,5,550
D,1264355280,997,4033,0,-204649,229,1,0,56,0,0,01,9,5,550
D,1264356283,1003,4033,0,-204649,227,0,0,56,0,0,01,9,5,550
D,1264357284,1001,4033,0,-204649,226,0,0,56,0,0,01,9,5,550
D,1264358293,1009,4033,0,-204649,231,0,0,56,0,0,01,9,5,550
D,1264359288,995,4033,0,-204649,229,0,0,56,0,0,01,9,5,550
D,1264360295,1007,4033,0,-204649,244,0,0,56,0,0,01,9,5,550
D,1264361396,1101,4033,0,-204649,330,0,0,56,0,0,01,9,5,550
D,1264362399,1003,4033,0,-204649,338,0,0,56,0,0,01,9,5,550
D,1264363321,922,4033,0,-204649,270,0,0,56,0,0,01,9,5,550
D,1264364318,997,4033,0,-204649,262,0,0,56,0,0,01,9,5,550
D,1264365309,991,4033,0,-204649,255,0,0,56,0,0,01,9,5,550
D,1264366321,1012,4033,0,-204649,265,0,0,56,0,0,01,9,5,550
D,1264367310,989,4033,0,-204649,250,0,0,56,0,0,01,9,5,550
D,1264368322,1012,4033,0,-204649,259,0,0,56,0,0,01,9,5,550
D,1264369309,987,4033,0,-204649,256,0,0,56,0,0,01,9,5,550
D,1264370318,1009,4033,0,-204649,264,0,0,56,0,0,01,9,5,550
D,1264371332,1014,4033,0,-204649,270,0,0,56,0,0,01,9,5,550
D,1264372355,1023,4033,0,-204649,290,0,0,56,0,0,01,9,5,550
D,1264373291,936,4033,0,-204649,230,0,0,56,0,0,01,9,5,550
D,1264374291,1000,4033,0,-204649,234,0,0,56,0,0,01,9,5,550
D,1264375286,995,4033,0,-204649,229,0,0,56,0,0,01,9,5,550
D,1264376287,1001,4033,0,-204649,226,0,0,56,0,0,01,9,5,550
D,1264377289,1002,4033,0,-204649,226,0,0,56,0,0,01,9,5,550
D,1264378281,992,4033,0,-204649,231,0,0,56,0,0,01,9,5,550
D,1264379293,1012,4033,0,-204649,229,0,0,56,0,0,01,9,5,550
D,1264380301,1008,4033,0,-204649,248,0,0,56,0,0,01,9,5,550
D,1264381400,1099,4033,0,-204649,334,0,0,56,0,0,01,9,5,550
D,1264382397,997,4033,0,-204649,343,0,0,56,0,0,01,9,5,550
D,1264383316,919,4033,0,-204649,264,0,0,56,0,0,01,9,5,550
D,1264384322,1006,4033,0,-204649,261,0,0,56,0,0,01,9,5,550
D,1264385308,986,4033,0,-204649,255,0,0,56,0,0,01,9,5,550
D,1264386325,1017,4033,0,-204649,265,0,0,56,0,0,01,9,5,550
D,1264387314,989,4033,0,-204649,249,0,0,56,0,0,01,9,5,550
D,1264388309,995,4033,0,-204649,258,0,0,56,0,0,01,9,5,550
D,1264389317,1008,4033,0,-204649,256,0,0,56,0,0,01,9,5,550
D,1264390329,1012,4033,0,-204649,266,0,0,56,0,0,01,9,5,550
D,1264391326,997,4033,0,-204649,263,0,0,56,0,0,01,9,5,550
D,1264392346,1020,4033,0,-204649,293,0,0,56,0,0,01,9,5,550
D,1264393279,933,4033,0,-204649,229,0,0,56,0,0,01,9,5,550
D,1264394290,1011,4033,0,-204649,232,0,0,56,0,0,01,9,5,550
D,1264395285,995,4033,0,-204649,229,0,0,56,0,0,01,9,5,550
D,1264396287,1002,4033,0,-204649,226,0,0,56,0,0,01,9,5,550
D,1264397289,1002,4033,0,-204649,227,0,0,56,0,0,01,9,5,550
D,1264398281,992,4033,0,-204649,230,0,0,56,0,0,01,9,5,550
D,1264399293,1012,4033,0,-204649,230,0,0,56,0,0,01,9,5,550
D,1264400301,1008,4033,0,-204649,243,0,0,56,0,0,01,9,5,550
D,1264401396,1095,4033,0,-204649,337,0,0,56,0,0,01,9,5,550
D,1264402401,1005,4033,0,-204649,339,0,0,56,0,0,01,9,5,550
D,1264403336,935,4033,0,-204649,275,0,0,56,0,0,01,9,5,550
D,1264404325,989,4033,0,-204649,260,0,0,56,0,0,01,9,5,550
D,1264405320,995,4033,0,-204649,256,0,0,56,0,0,01,9,5,550
D,1264406328,1008,4033,0,-204649,265,0,0,56,0,0,01,9,5,550
D,1264407304,976,4033,0,-204649,250,0,0,56,0,0,01,9,5,550
D,1264408319,1015,4033,0,-204649,259,0,0,56,0,0,01,9,5,550
D,1264409324,1005,4033,0,-204649,259,0,0,56,0,0,01,9,5,550
D,1264410316,992,4033,0,-204649,261,0,0,56,0,0,01,9,5,550
D,1264411322,1006,4033,0,-204649,271,0,0,56,0,0,01,9,5,550
D,1264412348,1026,4033,0,-204649,292,0,0,56,0,0,01,9,5,550
D,1264413284,936,4033,0,-204649,230,0,0,56,0,0,01,9,5,550
D,1264414285,1001,4033,0,-204649,232,0,0,56,0,0,01,9,5,550
D,1264415284,999,4033,0,-204649,231,0,0,56,0,0,01,9,5,550
D,1264416286,1002,4033,0,-204649,227,0,0,56,0,0,01,9,5,550
D,1264417287,1001,4033,0,-204649,226,0,0,56,0,0,01,9,5,550
D,1264418294,1007,4033,0,-204649,230,0,0,56,0,0,01,9,5,550
D,1264419290,996,4033,0,-204649,230,0,0,56,0,0,01,9,5,550
D,1264420308,1018,4033,0,-204649,242,0,0,56,0,0,01,9,5,550
D,1264421404,1096,4033,0,-204649,338,0,0,56,0,0,01,9,5,550
D,1264422390,986,4033,0,-204649,339,0,0,56,0,0,01,9,5,550
D,1264423335,945,4033,0,-204649,271,0,0,56,0,0,01,9,5,550
D,1264424312,977,4033,0,-204649,262,0,0,56,0,0,01,9,5,550
D,1264425315,1003,4033,0,-204649,253,0,0,56,0,0,01,9,5,550
D,1264426327,1012,4033,0,-204649,268,0,0,56,0,0,01,9,5,550
D,1264427297,970,4033,0,-204649,248,0,0,56,0,0,01,9,5,550
D,1264428310,1013,4033,0,-204649,259,0,0,56,0,0,01,9,5,550
D,1264429315,1005,4033,0,-204649,256,0,0,56,0,0,01,9,5,550
D,1264430323,1008,4033,0,-204649,264,0,0,56,0,0,01,9,5,550
D,1264431322,999,4033,0,-204649,270,0,0,56,0,0,01,9,5,550
D,1264432347,1025,4033,0,-204649,292,0,0,56,0,0,01,9,5,550
D,1264433279,932,4033,0,-204649,229,0,0,56,0,0,01,9,5,550
D,1264434294,1015,4033,0,-204649,232,0,0,56,0,0,01,9,5,550
D,1264435289,995,4033,0,-204649,229,0,0,56,0,0,01,9,5,550
D,1264436291,1002,4033,0,-204649,226,0,0,56,0,0,01,9,5,550
D,1264437279,988,4033,0,-204649,226,0,0,56,0,0,01,9,5,550
D,1264438290,1011,4033,0,-204649,230,0,0,56,0,0,01,9,5,550
D,1264439286,996,4033,0,-204649,230,0,0,56,0,0,01,9,5,550
D,1264440305,1019,4033,0,-204649,240,0,0,56,0,0,01,9,5,550
D,1264441398,1093,4033,0,-204649,336,0,0,56,0,0,01,9,5,550
D,1264442403,1005,4033,0,-204649,338,0,0,56,0,0,01,9,5,550
D,1264443334,931,4033,0,-204649,274,0,0,56,0,0,01,9,5,550
D,1264444327,993,4033,0,-204649,262,0,0,56,0,0,01,9,5,550
D,1264445316,989,4033,0,-204649,253,0,0,56,0,0,01,9,5,550
D,1264446325,1009,4033,0,-204649,266,0,0,56,0,0,01,9,5,550
D,1264447315,990,4033,0,-204649,250,0,0,56,0,0,01,9,5,550
D,1264448310,995,4033,0,-204649,258,0,0,56,0,0,01,9,5,550
D,1264449312,1002,4033,0,-204649,258,0,0,56,0,0,01,9,5,550
D,1264450319,1007,4033,0,-204649,262,0,0,56,0,0,01,9,5,550
D,1264451334,1015,4033,0,-204649,270,0,0,56,0,0,01,9,5,550
D,1264452347,1013,4033,0,-204649,290,0,0,56,0,0,01,9,5,550
D,1264453283,936,4033,0,-204649,229,0,0,56,0,0,01,9,5,550
D,1264454287,1004,4033,0,-204649,233,0,0,56,0,0,01,9,5,550
D,1264455286,999,4033,0,-204649,231,0,0,56,0,0,01,9,5,550
D,1264456288,1002,4033,0,-204649,227,0,0,56,0,0,01,9,5,550
D,1264457289,1001,4033,0,-204649,226,0,0,56,0,0,01,9,5,550
D,1264458281,992,4033,0,-204649,230,0,0,56,0,0,01,9,5,550
D,1264459293,1012,4033,0,-204649,230,0,0,56,0,0,01,9,5,550
D,1264460300,1007,4033,0,-204649,245,0,0,56,0,0,01,9,5,550
D,1264461394,1094,4033,0,-204649,332,0,0,56,0,0,01,9,5,550
D,1264462397,1003,4033,0,-204649,342,0,0,56,0,0,01,9,5,550
D,1264463316,919,4033,0,-204649,265,0,0,56,0,0,01,9,5,550
D,1264464324,1008,4033,0,-204649,262,0,0,56,0,0,01,9,5,550
D,1264465310,986,4033,0,-204649,253,0,0,56,0,0,01,9,5,550
D,1264466325,1015,4033,0,-204649,268,0,0,56,0,0,01,9,5,550
D,1264467298,973,4033,0,-204649,248,0,0,56,0,0,01,9,5,550
D,1264468310,1012,4033,0,-204649,259,0,0,56,0,0,01,9,5,550
D,1264469314,1004,4033,0,-204649,256,0,0,56,0,0,01,9,5,550
D,1264470325,1011,4033,0,-204649,266,0,0,56,0,0,01,9,5,550
D,1264471317,992,4033,0,-204649,265,0,0,56,0,0,01,9,5,550
D,1264472352,1035,4033,0,-204649,292,0,0,56,0,0,01,9,5,550
D,1264473287,935,4033,0,-204649,230,0,0,56,0,0,01,9,5,550
D,1264474286,999,4033,0,-204649,232,0,0,56,0,0,01,9,5,550
D,1264475285,999,4033,0,-204649,230,0,0,56,0,0,01,9,5,550
D,1264476287,1002,4033,0,-204649,227,0,0,56,0,0,01,9,5,550
D,1264477289,1002,4033,0,-204649,227,0,0,56,0,0,01,9,5,550
D,1264478281,992,4033,0,-204649,230,0,0,56,0,0,01,9,5,550
D,1264479293,1012,4033,0,-204649,230,0,0,56,0,0,01,9,5,550
D,1264480300,1007,4033,0,-204649,242,0,0,56,0,0,01,9,5,550
D,1264481393,1093,4033,0,-204649,342,0,0,56,0,0,01,9,5,550
D,1264482401,1008,4033,0,-204649,335,0,0,56,0,0,01,9,5,550
D,1264483333,932,4033,0,-204649,272,0,0,56,0,0,01,9,5,550
D,1264484312,979,4033,0,-204649,263,0,0,56,0,0,01,9,5,550
D,1264485304,992,4033,0,-204649,254,0,0,56,0,0,01,9,5,550
D,1264486329,1025,4033,0,-204649,265,0,0,56,0,0,01,9,5,550
D,1264487302,973,4033,0,-204649,250,0,0,56,0,0,01,9,5,550
D,1264488315,1013,4033,0,-204649,260,0,0,56,0,0,01,9,5,550
D,1264489316,1001,4033,0,-204649,256,0,0,56,0,0,01,9,5,550
D,1264490327,1011,4033,0,-204649,264,0,0,56,0,0,01,9,5,550
D,1264491326,999,4033,0,-204649,269,0,0,56,0,0,01,9,5,550
D,1264492349,1023,4033,0,-204649,293,0,0,56,0,0,01,9,5,550
D,1264493286,937,4033,0,-204649,229,0,0,56,0,0,01,9,5,550
D,1264494289,1003,4033,0,-204649,234,0,0,56,0,0,01,9,5,550
D,1264495285,996,4033,0,-204649,229,0,0,56,0,0,01,9,5,550
D,1264496287,1002,4033,0,-204649,227,0,0,56,0,0,01,9,5,550
D,1264497289,1002,4033,0,-204649,227,0,0,56,0,0,01,9,5,550
D,1264498295,1006,4033,0,-204649,230,0,0,56,0,0,01,9,5,550
D,1264499290,995,4033,0,-204649,229,0,0,56,0,0,01,9,5,550
D,1264500300,1010,4033,0,-204649,249,0,0,56,0,0,01,9,5,550
D,1264501393,1093,4033,0,-204649,328,0,0,56,0,0,01,9,5,550
D,1264502400,1007,4033,0,-204649,341,0,0,56,0,0,01,9,5,550
D,1264503320,920,4033,0,-204649,266,0,0,56,0,0,01,9,5,550
D,1264504327,1007,4033,0,-204649,262,0,0,56,0,0,01,9,5,550
D,1264505317,990,4033,0,-204649,254,0,0,56,0,0,01,9,5,550
D,1264506333,1016,4033,0,-204649,268,0,0,56,0,0,01,9,5,550
D,1264507306,973,4033,0,-204649,248,0,0,56,0,0,01,9,5,550
D,1264508320,1014,4033,0,-204649,259,0,0,56,0,0,01,9,5,550
D,1264509307,987,4033,0,-204649,256,0,0,56,0,0,01,9,5,550
D,1264510320,1013,4033,0,-204649,266,0,0,56,0,0,01,9,5,550
D,1264511314,994,4033,0,-204649,261,0,0,56,0,0,01,9,5,550
D,1264512352,1038,4033,0,-204649,293,0,0,56,0,0,01,9,5,550
D,1264513285,933,4033,0,-204649,229,0,0,56,0,0,01,9,5,550
D,1264514284,999,4033,0,-204649,232,0,0,56,0,0,01,9,5,550
D,1264515282,998,4033,0,-204649,229,0,0,56,0,0,01,9,5,550
D,1264516284,1002,4033,0,-204649,226,0,0,56,0,0,01,9,5,550
D,1264517285,1001,4033,0,-204649,226,0,0,56,0,0,01,9,5,550
D,1264518292,1007,4033,0,-204649,230,0,0,56,0,0,01,9,5,550
D,1264519287,995,4033,0,-204649,229,0,0,56,0,0,01,9,5,550
D,1264520307,1020,4033,0,-204649,240,0,0,56,0,0,01,9,5,550
D,1264521410,1103,4033,0,-204649,345,0,0,56,0,0,01,9,5,550
D,1264522403,993,4033,0,-204649,337,0,0,56,0,0,01,9,5,550
D,1264523333,930,4033,0,-204649,275,0,0,56,0,0,01,9,5,550
D,1264524313,980,4033,0,-204649,259,0,0,56,0,0,01,9,5,550
D,1264525321,1008,4033,0,-204649,256,0,0,56,0,0,01,9,5,550
D,1264526318,997,4033,0,-204649,266,0,0,56,0,0,01,9,5,550
D,1264527309,991,4033,0,-204649,250,0,0,56,0,0,01,9,5,550
D,1264528320,1011,4033,0,-204649,259,0,0,56,0,0,01,9,5,550
D,1264529310,990,4033,0,-204649,259,0,0,56,0,0,01,9,5,550
D,1264530315,1005,4033,0,-204649,261,0,0,56,0,0,01,9,5,550
D,1264531333,1018,4033,0,-204649,268,0,0,56,0,0,01,9,5,550
D,1264532342,1009,4033,0,-204649,289,0,0,56,0,0,01,9,5,550
D,1264533293,951,4033,0,-204649,229,0,0,56,0,0,01,9,5,550
D,1264534292,999,4033,0,-204649,234,0,0,56,0,0,01,9,5,550
D,1264535288,996,4033,0,-204649,229,0,0,56,0,0,01,9,5,550
D,1264536290,1002,4033,0,-204649,227,0,0,56,0,0,01,9,5,550
D,1264537291,1001,4033,0,-204649,226,0,0,56,0,0,01,9,5,550
D,1264538282,991,4033,0,-204649,230,0,0,56,0,0,01,9,5,550
D,1264539294,1012,4033,0,-204649,229,0,0,56,0,0,01,9,5,550
D,1264540302,1008,4033,0,-204649,248,0,0,56,0,0,01,9,5,550
D,1264541399,1097,4033,0,-204649,337,0,0,56,0,0,01,9,5,550
D,1264542403,1004,4033,0,-204649,344,0,0,56,0,0,01,9,5,550
D,1264543329,926,4033,0,-204649,272,0,0,56,0,0,01,9,5,550
D,1264544321,992,4033,0,-204649,257,0,0,56,0,0,01,9,5,550
D,1264545313,992,4033,0,-204649,250,0,0,56,0,0,01,9,5,550
D,1264546328,1015,4033,0,-204649,268,0,0,56,0,0,01,9,5,550
D,1264547321,993,4033,0,-204649,259,0,0,56,0,0,01,9,5,550
D,1264548315,994,4033,0,-204649,254,0,0,56,0,0,01,9,5,550
D,1264549324,1009,4033,0,-204649,262,0,0,56,0,0,01,9,5,550
D,1264550321,997,4033,0,-204649,262,0,0,56,0,0,01,9,5,550
D,1264551323,1002,4033,0,-204649,269,0,0,56,0,0,01,9,5,550
D,1264552347,1024,4033,0,-204649,289,0,0,56,0,0,01,9,5,550
D,1264553284,937,4033,0,-204649,229,0,0,56,0,0,01,9,5,550
D,1264554286,1002,4033,0,-204649,232,0,0,56,0,0,01,9,5,550
D,1264555283,997,4033,0,-204649,229,0,0,56,0,0,01,9,5,550
D,1264556285,1002,4033,0,-204649,226,0,0,56,0,0,01,9,5,550
D,1264557287,1002,4033,0,-204649,227,0,0,56,0,0,01,9,5,550
D,1264558293,1006,4033,0,-204649,230,0,0,56,0,0,01,9,5,550
D,1264559288,995,4033,0,-204649,229,0,0,56,0,0,01,9,5,550
D,1264560295,1007,4033,0,-204649,244,0,0,56,0,0,01,9,5,550
D,1264561400,1105,4033,0,-204649,339,0,0,56,0,0,01,9,5,550
D,1264562389,989,4033,0,-204649,336,0,0,56,0,0,01,9,5,550
D,1264563322,933,4033,0,-204649,270,0,0,56,0,0,01,9,5,550
D,1264564316,994,4033,0,-204649,260,0,0,56,0,0,01,9,5,550
D,1264565310,994,4033,0,-204649,257,0,0,56,0,0,01,9,5,550
D,1264566322,1012,4033,0,-204649,263,0,0,56,0,0,01,9,5,550
D,1264567313,991,4033,0,-204649,252,0,0,56,0,0,01,9,5,550
D,1264568312,999,4033,0,-204649,259,0,0,56,0,0,01,9,5,550
D,1264569317,1005,4032,-1,-204648,259,0,8,56,0,0,01,9,5,550
D,1264570311,994,4032,0,-204648,261,1,8,56,0,0,01,9,5,550
D,1264571321,1010,4033,1,-204649,265,1,0,56,0,0,01,9,5,550
D,1264572355,1034,4033,0,-204649,292,1,0,56,0,0,01,9,5,550
D,1264573295,940,4032,-1,-204648,229,1,8,56,0,0,01,9,5,550
D,1264574302,1007,4032,0,-204648,237,1,8,56,0,0,01,9,5,550
D,1264575292,990,4032,0,-204648,226,1,8,56,0,0,01,9,5,550
D,1264576279,987,4032,0,-204648,226,2,8,56,0,0,01,9,5,550
D,1264577282,1003,4032,0,-204648,227,2,8,56,0,0,01,9,5,550
D,1264578296,1014,4032,0,-204648,233,2,8,56,0,0,01,9,5,550
D,1264579285,989,4032,0,-204648,226,2,8,56,0,0,01,9,5,550
D,1264580300,1015,4032,0,-204648,240,3,8,56,0,0,01,9,5,550
D,1264581380,1080,4032,0,-204648,325,3,8,56,0,0,01,9,5,550
D,1264582399,1019,4032,0,-204648,344,3,8,56,0,0,01,9,5,550
D,1264583323,924,4032,0,-204648,269,3,8,56,0,0,01,9,5,550
D,1264584315,992,4032,0,-204648,260,3,8,56,0,0,01,9,5,550
D,1264585309,994,4032,0,-204648,255,4,8,56,0,0,01,9,5,550
D,1264586328,1019,4032,0,-204648,266,4,8,56,0,0,01,9,5,550
D,1264587317,989,4032,0,-204648,260,4,8,56,0,0,01,9,5,550
D,1264588305,988,4032,0,-204648,253,4,8,56,0,0,01,9,5,550
D,1264589322,1017,4032,0,-204648,260,4,8,56,0,0,01,9,5,550
D,1264590325,1003,4032,0,-204648,266,4,8,56,0,0,01,9,5,550
D,1264591313,988,4032,0,-204648,262,5,8,56,0,0,01,9,5,550
D,1264592346,1033,4032,0,-204648,291,5,8,56,0,0,01,9,5,550
D,1264593288,942,4032,0,-204648,229,5,8,56,0,0,01,9,5,550
D,1264594283,995,4032,0,-204648,230,5,8,56,0,0,01,9,5,550
D,1264595296,1013,4032,0,-204648,231,5,8,56,0,0,01,9,5,550
D,1264596282,986,4032,0,-204648,227,5,8,56,0,0,01,9,5,550
D,1264597283,1001,4032,0,-204648,226,5,8,56,0,0,01,9,5,550
D,1264598292,1009,4032,0,-204648,230,5,8,56,0,0,01,9,5,550
D,1264599287,995,4032,0,-204648,229,5,8,56,0,0,01,9,5,550
D,1264600340,1053,4032,0,-204648,283,5,0,56,0,0,01,9,5,550
D,1264601523,1183,4032,0,-204648,471,5,8,56,0,0,01,9,5,550
D,1264602375,852,4032,0,-204648,311,5,8,56,0,0,01,9,5,550
D,1264603316,941,4032,0,-204648,265,5,0,56,0,0,01,9,5,550
D,1264604318,1002,4032,0,-204648,262,5,0,56,0,0,01,9,5,550
D,1264605318,1000,4032,0,-204648,256,5,0,56,0,0,01,9,5,550
D,1264606314,996,4032,0,-204648,264,5,0,56,0,0,01,9,5,550
D,1264607319,1005,4032,0,-204648,262,4,0,56,0,0,01,9,5,550
D,1264608323,1004,4032,0,-204648,258,4,0,56,0,0,01,9,5,550
D,1264609312,989,4032,0,-204648,256,4,0,56,0,0,01,9,5,550
D,1264610324,1012,4032,0,-204648,267,4,0,56,0,0,01,9,5,550
D,1264611379,1055,4032,0,-204648,329,4,0,56,0,0,01,9,5,550
D,1264612307,928,4032,0,-204648,254,4,0,56,0,0,01,9,5,550
D,1264613282,975,4032,0,-204648,227,4,0,56,0,0,01,9,5,550
D,1264614304,1022,4032,0,-204648,245,3,0,56,0,0,01,9,5,550
D,1264615282,978,4032,0,-204648,227,3,0,56,0,0,01,9,5,550
D,1264616287,1005,4032,0,-204648,226,3,0,56,0,0,01,9,5,550
D,1264617288,1001,4032,0,-204648,226,3,0,56,0,0,01,9,5,550
D,1264618296,1008,4032,0,-204648,232,3,0,56,0,0,01,9,5,550
D,1264619284,988,4032,0,-204648,226,3,0,56,0,0,01,9,5,550
D,1264620350,1066,4032,0,-204648,285,3,0,56,0,0,01,9,5,550
D,1264621487,1137,4032,0,-204648,435,3,0,56,0,0,01,9,5,550
D,1264622375,888,4032,0,-204648,319,2,0,56,0,0,01,9,5,550
D,1264623332,957,4032,0,-204648,272,2,0,56,0,0,01,9,5,550
D,1264624315,983,4032,0,-204648,264,2,0,56,0,0,01,9,5,550
D,1264625314,999,4032,0,-204648,259,2,0,56,0,0,01,9,5,550
D,1264626331,1017,4032,0,-204648,269,2,0,56,0,0,01,9,5,550
D,1264627319,988,4032,0,-204648,257,2,0,56,0,0,01,9,5,550
D,1264628326,1007,4032,0,-204648,261,2,0,56,0,0,01,9,5,550
D,1264629323,997,4032,0,-204648,260,2,0,56,0,0,01,9,5,550
D,1264630326,1003,4032,0,-204648,268,2,0,56,0,0,01,9,5,550
D,1264631382,1056,4032,0,-204648,325,2,0,56,0,0,01,9,5,550
D,1264632301,919,4032,0,-204648,243,2,0,56,0,0,01,9,5,550
D,1264633288,987,4032,0,-204648,226,2,0,56,0,0,01,9,5,550
D,1264634299,1011,4032,0,-204648,245,2,0,56,0,0,01,9,5,550
D,1264635279,980,4032,0,-204648,227,1,0,56,0,0,01,9,5,550
D,1264636284,1005,4032,0,-204648,226,1,0,56,0,0,01,9,5,550
D,1264637285,1001,4031,-1,-204647,226,2,8,56,0,0,01,9,5,550
D,1264638294,1009,4032,1,-204648,232,2,0,56,0,0,01,9,5,550
D,1264639282,988,4032,0,-204648,226,2,0,56,0,0,01,9,5,550
D,1264640342,1060,4032,0,-204648,287,1,0,56,0,0,01,9,5,550
D,1264641511,1169,4032,0,-204648,448,1,0,56,0,0,01,9,5,550
D,1264642369,858,4032,0,-204648,309,1,0,56,0,0,01,9,5,550
D,1264643324,955,4032,0,-204648,265,1,0,56,0,0,01,9,5,550
D,1264644314,990,4032,0,-204648,259,1,0,56,0,0,01,9,5,550
D,1264645319,1005,4032,0,-204648,254,1,0,56,0,0,01,9,5,550
D,1264646315,996,4032,0,-204648,265,1,0,56,0,0,01,9,5,550
D,1264647311,996,4032,0,-204648,254,1,0,56,0,0,01,9,5,550
D,1264648313,1002,4032,0,-204648,261,1,0,56,0,0,01,9,5,550
D,1264649314,1001,4032,0,-204648,254,1,0,56,0,0,01,9,5,550
D,1264650323,1009,4032,0,-204648,262,1,0,56,0,0,01,9,5,550
D,1264651404,1081,4032,0,-204648,326,1,0,56,0,0,01,9,5,550
D,1264652307,903,4032,0,-204648,242,1,0,56,0,0,01,9,5,550
D,1264653281,974,4032,0,-204648,226,1,0,56,0,0,01,9,5,550
D,1264654302,1021,4032,0,-204648,244,1,0,56,0,0,01,9,5,550
D,1264655282,980,4032,0,-204648,227,1,0,56,0,0,01,9,5,550
D,1264656286,1004,4032,0,-204648,226,1,0,56,0,0,01,9,5,550
D,1264657287,1001,4032,0,-204648,226,1,0,56,0,0,01,9,5,550
D,1264658295,1008,4032,0,-204648,232,1,0,56,0,0,01,9,5,550
D,1264659284,989,4032,0,-204648,227,1,0,56,0,0,01,9,5,550
D,1264660338,1054,4032,0,-204648,287,1,0,56,0,0,01,9,5,550
D,1264661491,1153,4032,0,-204648,437,1,0,56,0,0,01,9,5,550
D,1264662367,876,4032,0,-204648,316,1,0,56,0,0,01,9,5,550
D,1264663322,955,4032,0,-204648,265,1,0,56,0,0,01,9,5,550
D,1264664323,1001,4032,0,-204648,268,1,0,56,0,0,01,9,5,550
D,1264665309,986,4032,0,-204648,259,1,0,56,0,0,01,9,5,550
D,1264666322,1013,4032,0,-204648,266,1,0,56,0,0,01,9,5,550
D,1264667323,1001,4032,0,-204648,259,0,-8,56,0,0,01,9,5,550
D,1264668312,989,4032,0,-204648,259,0,0,56,0,0,01,9,5,550
D,1264669323,1011,4032,0,-204648,259,0,0,56,0,0,01,9,5,550
D,1264670325,1002,4032,0,-204648,267,0,0,56,0,0,01,9,5,550
D,1264671392,1067,4032,0,-204648,330,0,0,56,0,0,01,9,5,550
D,1264672301,909,4032,0,-204648,243,0,0,56,0,0,01,9,5,550
D,1264673289,988,4031,-1,-204647,226,0,8,56,0,0,01,9,5,550
D,1264674298,1009,4032,1,-204648,246,0,0,56,0,0,01,9,5,550
D,1264675279,981,4032,0,-204648,227,0,0,56,0,0,01,9,5,550
D,1264676284,1005,4032,0,-204648,226,0,0,56,0,0,01,9,5,550
D,1264677285,1001,4032,0,-204648,226,0,0,56,0,0,01,9,5,550
D,1264678294,1009,4032,0,-204648,232,0,0,56,0,0,01,9,5,550
D,1264679282,988,4032,0,-204648,227,0,0,56,0,0,01,9,5,550
D,1264680339,1057,4032,0,-204648,283,0,0,56,0,0,01,9,5,550
D,1264681493,1154,4032,0,-204648,441,0,0,56,0,0,01,9,5,550
D,1264682366,873,4032,0,-204648,315,0,0,56,0,0,01,9,5,550
D,1264683318,952,4031,-1,-204647,268,1,8,56,0,0,01,9,5,550
D,1264684316,998,4031,0,-204647,261,1,8,56,0,0,01,9,5,550
D,1264685317,1001,4032,1,-204648,259,1,0,56,0,0,01,9,5,550
D,1264686318,1001,4032,0,-204648,266,1,0,56,0,0,01,9,5,550
D,1264687323,1005,4032,0,-204648,258,1,0,56,0,0,01,9,5,550
D,1264688314,991,4032,0,-204648,263,1,0,56,0,0,01,9,5,550
D,1264689313,999,4032,0,-204648,256,1,0,56,0,0,01,9,5,550
D,1264690330,1017,4031,-1,-204647,268,1,8,56,0,0,01,9,5,550
D,1264691378,1048,4032,1,-204648,327,1,0,56,0,0,01,9,5,550
D,1264692304,926,4032,0,-204648,250,1,0,56,0,0,01,9,5,550
D,1264693279,975,4032,0,-204648,227,1,0,56,0,0,01,9,5,550
D,1264694300,1021,4032,0,-204648,242,1,0,56,0,0,01,9,5,550
D,1264695280,980,4032,0,-204648,227,1,0,56,0,0,01,9,5,550
D,1264696284,1004,4032,0,-204648,226,1,0,56,0,0,01,9,5,550
D,1264697285,1001,4032,0,-204648,226,1,0,56,0,0,01,9,5,550
D,1264698294,1009,4032,0,-204648,232,1,0,56,0,0,01,9,5,550
D,1264699282,988,4032,0,-204648,226,1,0,56,0,0,01,9,5,550
D,1264700339,1057,4032,0,-204648,281,1,0,56,0,0,01,9,5,550
D,1264701488,1149,4032,0,-204648,437,1,0,56,0,0,01,9,5,550
D,1264702374,886,4032,0,-204648,318,1,0,56,0,0,01,9,5,550
D,1264703332,958,4032,0,-204648,268,0,-8,56,0,0,01,9,5,550
D,1264704316,984,4032,0,-204648,264,0,0,56,0,0,01,9,5,550
D,1264705318,1002,4032,0,-204648,259,0,0,56,0,0,01,9,5,550
D,1264706320,1002,4032,0,-204648,263,0,0,56,0,0,01,9,5,550
D,1264707321,1001,4032,0,-204648,261,0,0,56,0,0,01,9,5,550
D,1264708316,995,4032,0,-204648,256,0,0,56,0,0,01,9,5,550
D,1264709309,993,4032,0,-204648,258,0,0,56,0,0,01,9,5,550
D,1264710329,1020,4032,0,-204648,265,0,0,56,0,0,01,9,5,550
D,1264711392,1063,4032,0,-204648,326,0,0,56,0,0,01,9,5,550
D,1264712300,908,4032,0,-204648,242,0,0,56,0,0,01,9,5,550
D,1264713288,988,4032,0,-204648,226,0,0,56,0,0,01,9,5,550
D,1264714298,1010,4032,0,-204648,245,0,-8,56,0,0,01,9,5,550
D,1264715292,994,4032,0,-204648,227,0,-8,56,0,0,01,9,5,550
D,1264716281,989,4032,0,-204648,226,0,0,56,0,0,01,9,5,550
D,1264717282,1001,4032,0,-204648,226,0,0,56,0,0,01,9,5,550
D,1264718294,1012,4032,0,-204648,232,0,0,56,0,0,01,9,5,550
D,1264719282,988,4032,0,-204648,226,0,0,56,0,0,01,9,5,550
D,1264720344,1062,4032,0,-204648,291,-1,-8,56,0,0,01,9,5,550
D,1264721519,1175,4032,0,-204648,453,-1,0,56,0,0,01,9,5,550
D,1264722369,850,4032,0,-204648,310,-1,0,56,0,0,01,9,5,550
D,1264723326,957,4032,0,-204648,266,-1,0,56,0,0,01,9,5,550
D,1264724322,996,4032,0,-204648,264,-1,0,56,0,0,01,9,5,550
D,1264725311,989,4032,0,-204648,252,-1,0,56,0,0,01,9,5,550
D,1264726326,1015,4032,0,-204648,268,-1,0,56,0,0,01,9,5,550
D,1264727314,988,4032,0,-204648,258,-1,0,56,0,0,01,9,5,550
D,1264728323,1009,4032,0,-204648,263,0,0,56,0,0,01,9,5,550
D,1264729309,986,4032,0,-204648,252,0,0,56,0,0,01,9,5,550
D,1264730323,1014,4032,0,-204648,267,0,0,56,0,0,01,9,5,550
D,1264731405,1082,4032,0,-204648,333,0,0,56,0,0,01,9,5,550
D,1264732297,892,4032,0,-204648,243,0,0,56,0,0,01,9,5,550
D,1264733285,988,4032,0,-204648,226,0,0,56,0,0,01,9,5,550
D,1264734306,1021,4032,0,-204648,243,0,0,56,0,0,01,9,5,550
D,1264735283,977,4032,0,-204648,227,0,0,56,0,0,01,9,5,550
D,1264736288,1005,4032,0,-204648,226,0,0,56,0,0,01,9,5,550
D,1264737289,1001,4032,0,-204648,226,0,0,56,0,0,01,9,5,550
D,1264738283,994,4032,0,-204648,233,0,0,56,0,0,01,9,5,550
D,1264739287,1004,4032,0,-204648,227,0,0,56,0,0,01,9,5,550
D,1264740337,1050,4032,0,-204648,285,0,0,56,0,0,01,9,5,550
D,1264741492,1155,4032,0,-204648,437,0,0,56,0,0,01,9,5,550
D,1264742367,875,4032,0,-204648,316,0,0,56,0,0,01,9,5,550
D,1264743333,966,4032,0,-204648,270,0,0,56,0,0,01,9,5,550
D,1264744321,988,4032,0,-204648,267,0,0,56,0,0,01,9,5,550
D,1264745320,999,4032,0,-204648,259,0,0,56,0,0,01,9,5,550
D,1264746330,1010,4032,0,-204648,269,0,0,56,0,0,01,9,5,550
D,1264747316,986,4032,0,-204648,257,0,0,56,0,0,01,9,5,550
D,1264748319,1003,4032,0,-204648,259,0,0,56,0,0,01,9,5,550
D,1264749319,1000,4032,0,-204648,261,0,0,56,0,0,01,9,5,550
D,1264750323,1004,4032,0,-204648,268,0,0,56,0,0,01,9,5,550
D,1264751384,1061,4032,0,-204648,322,0,0,56,0,0,01,9,5,550
D,1264752303,919,4032,0,-204648,245,0,0,56,0,0,01,9,5,550
D,1264753291,988,4032,0,-204648,226,0,0,56,0,0,01,9,5,550
D,1264754299,1008,4032,0,-204648,246,0,0,56,0,0,01,9,5,550
D,1264755279,980,4032,0,-204648,227,0,0,56,0,0,01,9,5,550
D,1264756284,1005,4032,0,-204648,226,0,0,56,0,0,01,9,5,550
D,1264757285,1001,4032,0,-204648,226,0,0,56,0,0,01,9,5,550
D,1264758294,1009,4032,0,-204648,232,0,0,56,0,0,01,9,5,550
D,1264759282,988,4032,0,-204648,227,0,0,56,0,0,01,9,5,550
D,1264760340,1058,4032,0,-204648,287,0,0,56,0,0,01,9,5,550
D,1264761511,1171,4032,0,-204648,449,0,0,56,0,0,01,9,5,550
D,1264762369,858,4032,0,-204648,312,0,0,56,0,0,01,9,5,550
D,1264763326,957,4032,0,-204648,262,0,0,56,0,0,01,9,5,550
D,1264764321,995,4032,0,-204648,265,0,0,56,0,0,01,9,5,550
D,1264765315,994,4032,0,-204648,254,0,0,56,0,0,01,9,5,550
D,1264766324,1009,4032,0,-204648,265,0,0,56,0,0,01,9,5,550
D,1264767319,995,4032,0,-204648,255,0,0,56,0,0,01,9,5,550
D,1264768319,1000,4032,0,-204648,262,0,0,56,0,0,01,9,5,550
D,1264769305,986,4032,0,-204648,251,0,0,56,0,0,01,9,5,550
D,1264770326,1021,4032,0,-204648,265,0,0,56,0,0,01,9,5,550
D,1264771382,1056,4032,0,-204648,325,0,0,56,0,0,01,9,5,550
D,1264772298,916,4032,0,-204648,248,0,0,56,0,0,01,9,5,550
D,1264773288,990,4032,0,-204648,226,0,0,56,0,0,01,9,5,550
D,1264774297,1009,4032,0,-204648,244,0,0,56,0,0,01,9,5,550
D,1264775290,993,4032,0,-204648,227,0,0,56,0,0,01,9,5,550
D,1264776281,991,4032,0,-204648,226,0,0,56,0,0,01,9,5,550
D,1264777282,1001,4032,0,-204648,226,0,0,56,0,0,01,9,5,550
D,1264778294,1012,4032,0,-204648,232,0,0,56,0,0,01,9,5,550
D,1264779282,988,4032,0,-204648,226,0,0,56,0,0,01,9,5,550
D,1264780348,1066,4032,0,-204648,283,0,0,56,0,0,01,9,5,550
D,1264781500,1152,4032,0,-204648,439,0,0,56,0,0,01,9,5,550
D,1264782369,869,4032,0,-204648,315,0,0,56,0,0,01,9,5,550
D,1264783326,957,4032,0,-204648,268,0,0,56,0,0,01,9,5,550
D,1264784325,999,4032,0,-204648,265,0,0,56,0,0,01,9,5,550
D,1264785323,998,4032,0,-204648,259,0,0,56,0,0,01,9,5,550
D,1264786332,1009,4032,0,-204648,269,0,0,56,0,0,01,9,5,550
D,1264787314,982,4032,0,-204648,256,0,0,56,0,0,01,9,5,550
D,1264788321,1007,4032,0,-204648,260,0,0,56,0,0,01,9,5,550
D,1264789314,993,4032,0,-204648,256,0,0,56,0,0,01,9,5,550
D,1264790323,1009,4032,0,-204648,265,0,0,56,0,0,01,9,5,550
D,1264791383,1060,4032,0,-204648,325,0,0,56,0,0,01,9,5,550
D,1264792305,922,4032,0,-204648,247,0,0,56,0,0,01,9,5,550
D,1264793279,974,4032,0,-204648,227,0,0,56,0,0,01,9,5,550
D,1264794305,1026,4032,0,-204648,246,0,0,56,0,0,01,9,5,550
D,1264795283,978,4032,0,-204648,227,0,0,56,0,0,01,9,5,550
D,1264796288,1005,4032,0,-204648,226,0,0,56,0,0,01,9,5,550
D,1264797289,1001,4032,0,-204648,226,0,0,56,0,0,01,9,5,550
D,1264798297,1008,4032,0,-204648,232,0,0,56,0,0,01,9,5,550
D,1264799285,988,4032,0,-204648,227,0,0,56,0,0,01,9,5,550
D,1264800349,1064,4032,0,-204648,289,0,0,56,0,0,01,9,5,550
D,1264801498,1149,4032,0,-204648,448,0,0,56,0,0,01,9,5,550
D,1264802370,872,4032,0,-204648,312,0,0,56,0,0,01,9,5,550
D,1264803318,948,4032,0,-204648,266,0,0,56,0,0,01,9,5,550
D,1264804327,1009,4032,0,-204648,263,0,0,56,0,0,01,9,5,550
D,1264805303,976,4032,0,-204648,253,0,0,56,0,0,01,9,5,550
D,1264806320,1017,4032,0,-204648,266,0,0,56,0,0,01,9,5,550
D,1264807321,1001,4032,0,-204648,258,0,0,56,0,0,01,9,5,550
D,1264808314,993,4032,0,-204648,260,0,0,56,0,0,01,9,5,550
D,1264809308,994,4032,0,-204648,253,0,0,56,0,0,01,9,5,550
D,1264810316,1008,4032,0,-204648,266,0,0,56,0,0,01,9,5,550
D,1264811379,1063,4032,0,-204648,329,0,0,56,0,0,01,9,5,550
D,1264812308,929,4032,0,-204648,247,0,0,56,0,0,01,9,5,550
D,1264813282,974,4032,0,-204648,227,0,0,56,0,0,01,9,5,550
D,1264814303,1021,4032,0,-204648,243,0,0,56,0,0,01,9,5,550
D,1264815282,979,4032,0,-204648,227,0,0,56,0,0,01,9,5,550
D,1264816286,1004,4032,0,-204648,226,0,0,56,0,0,01,9,5,550
D,1264817287,1001,4032,0,-204648,226,0,0,56,0,0,01,9,5,550
D,1264818295,1008,4032,0,-204648,232,0,0,56,0,0,01,9,5,550
D,1264819283,988,4032,0,-204648,226,0,0,56,0,0,01,9,5,550
D,1264820350,1067,4032,0,-204648,286,0,0,56,0,0,01,9,5,550
D,1264821492,1142,4032,0,-204648,438,0,0,56,0,0,01,9,5,550
D,1264822376,884,4032,0,-204648,314,0,0,56,0,0,01,9,5,550
D,1264823318,942,4032,0,-204648,268,0,0,56,0,0,01,9,5,550
D,1264824311,993,4032,0,-204648,260,0,0,56,0,0,01,9,5,550
D,1264825327,1016,4032,0,-204648,261,0,0,56,0,0,01,9,5,550
D,1264826325,998,4032,0,-204648,263,0,0,56,0,0,01,9,5,550
D,1264827326,1001,4032,0,-204648,261,0,0,56,0,0,01,9,5,550
D,1264828316,990,4032,0,-204648,256,0,0,56,0,0,01,9,5,550
D,1264829308,992,4032,0,-204648,258,0,0,56,0,0,01,9,5,550
D,1264830333,1025,4032,0,-204648,268,0,0,56,0,0,01,9,5,550
D,1264831383,1050,4032,0,-204648,327,0,0,56,0,0,01,9,5,550
D,1264832306,923,4032,0,-204648,248,0,0,56,0,0,01,9,5,550
D,1264833279,973,4032,0,-204648,226,0,0,56,0,0,01,9,5,550
D,1264834305,1026,4032,0,-204648,246,0,0,56,0,0,01,9,5,550
D,1264835282,977,4032,0,-204648,227,0,0,56,0,0,01,9,5,550
D,1264836287,1005,4032,0,-204648,226,0,0,56,0,0,01,9,5,550
D,1264837288,1001,4032,0,-204648,226,0,0,56,0,0,01,9,5,550
D,1264838296,1008,4032,0,-204648,233,0,0,56,0,0,01,9,5,550
D,1264839284,988,4032,0,-204648,226,0,0,56,0,0,01,9,5,550
D,1264840334,1050,4032,0,-204648,277,0,0,56,0,0,01,9,5,550
D,1264841518,1184,4032,0,-204648,450,0,0,56,0,0,01,9,5,550
D,1264842373,855,4032,0,-204648,313,0,0,56,0,0,01,9,5,550
D,1264843324,951,4032,0,-204648,263,0,0,56,0,0,01,9,5,550
D,1264844319,995,4032,0,-204648,264,0,0,56,0,0,01,9,5,550
D,1264845309,990,4032,0,-204648,252,0,0,56,0,0,01,9,5,550
D,1264846329,1020,4032,0,-204648,265,0,0,56,0,0,01,9,5,550
D,1264847307,978,4032,0,-204648,257,0,0,56,0,0,01,9,5,550
D,1264848312,1005,4032,0,-204648,260,0,0,56,0,0,01,9,5,550
D,1264849315,1003,4032,0,-204648,254,0,0,56,0,0,01,9,5,550
D,1264850329,1014,4032,0,-204648,265,0,0,56,0,0,01,9,5,550
D,1264851364,1035,4032,0,-204648,314,0,0,56,0,0,01,9,5,550
D,1264852315,951,4032,0,-204648,261,0,0,56,0,0,01,9,5,550
D,1264853291,976,4032,0,-204648,226,0,0,56,0,0,01,9,5,550
D,1264854297,1006,4032,0,-204648,244,0,0,56,0,0,01,9,5,550
D,1264855279,982,4032,0,-204648,226,0,0,56,0,0,01,9,5,550
D,1264856281,1002,4032,0,-204648,226,0,0,56,0,0,01,9,5,550
D,1264857282,1001,4032,0,-204648,226,0,0,56,0,0,01,9,5,550
D,1264858295,1013,4032,0,-204648,233,0,0,56,0,0,01,9,5,550
D,1264859286,991,4032,0,-204648,226,0,0,56,0,0,01,9,5,550
D,1264860340,1054,4032,0,-204648,280,0,0,56,0,0,01,9,5,550
D,1264861498,1158,4032,0,-204648,438,0,0,56,0,0,01,9,5,550
D,1264862367,869,4032,0,-204648,314,0,0,56,0,0,01,9,5,550
D,1264863325,958,4032,0,-204648,263,0,0,56,0,0,01,9,5,550
D,1264864331,1006,4032,0,-204648,268,0,0,56,0,0,01,9,5,550
D,1264865317,986,4032,0,-204648,256,0,0,56,0,0,01,9,5,550
D,1264866332,1015,4032,0,-204648,266,0,0,56,0,0,01,9,5,550
D,1264867321,989,4032,0,-204648,261,0,0,56,0,0,01,9,5,550
D,1264868310,989,4032,0,-204648,259,0,0,56,0,0,01,9,5,550
D,1264869322,1012,4032,0,-204648,258,0,0,56,0,0,01,9,5,550
D,1264870317,995,4032,0,-204648,265,0,0,56,0,0,01,9,5,550
D,1264871399,1082,4032,0,-204648,331,0,0,56,0,0,01,9,5,550
D,1264872308,909,4032,0,-204648,244,0,0,56,0,0,01,9,5,550
D,1264873281,973,4032,0,-204648,226,0,0,56,0,0,01,9,5,550
D,1264874305,1024,4032,0,-204648,246,0,0,56,0,0,01,9,5,550
D,1264875282,977,4032,0,-204648,227,0,0,56,0,0,01,9,5,550
D,1264876286,1004,4032,0,-204648,226,0,0,56,0,0,01,9,5,550
D,1264877287,1001,4032,0,-204648,226,0,0,56,0,0,01,9,5,550
D,1264878295,1008,4032,0,-204648,232,0,0,56,0,0,01,9,5,550
D,1264879283,988,4032,0,-204648,226,0,0,56,0,0,01,9,5,550
D,1264880333,1050,4032,0,-204648,278,0,0,56,0,0,01,9,5,550
D,1264881503,1170,4032,0,-204648,447,0,0,56,0,0,01,9,5,550
D,1264882363,860,4032,0,-204648,311,0,0,56,0,0,01,9,5,550
D,1264883334,971,4032,0,-204648,270,0,0,56,0,0,01,9,5,550
D,1264884322,988,4032,0,-204648,262,0,0,56,0,0,01,9,5,550
D,1264885322,1000,4032,0,-204648,259,0,0,56,0,0,01,9,5,550
# DIAG n=2304 wrapped=1 frozen=0
MANUAL-ADJUST travel=+145.4deg durMs=5044 wedge=5 (no spin, no motor)
MANUAL-ADJUST travel=-16.7deg durMs=1183 wedge=4 (no spin, no motor)
MANUAL-ADJUST travel=-32.0deg durMs=2306 wedge=3 (no spin, no motor)

[HOST 2026-09-18T13:56:07.572] TX s

[HOST 2026-09-18T13:56:07.572] TX d
# state=IDLE_STOPPED fault=NONE angle=116.28 wedge=3 omega=0.0209 natStop=0.9 pos=FRESH vel=VALID age_us=831 dirCal=1(sign -1) tmc=1 takeover=1 rawZero=88 stage=0 cmd=0.000
# DIAG armed: RAM-only 1 kHz capture; dumps after true stop or fault.
SPIN#5 START dir=-1 omega=-0.256 wedge=3
SPIN#5 RELEASE speed=1.598 peak=1.737 angle=3.7
SPIN#5 RESERVE targetW=11 targetAngle=352.3 runway=395.7 natStop=445.3 speed=0.720 q=0 urgent=0
SPIN#5 CAPTURE fasDir=+1 wheel=0.704 cmd0=0.669 hz=2140 aPlan=0.2031(650 sps2) aFas=5200 remain=375.3
SPIN#5 SUMMARY dir=-1 peak=1.737 releaseMs=1480 relAngle=3.7 relSpeed=1.598 targetW=11 targetAngle=352.3 runway=395.7 natStop=445.3 fricC=0.5500 fricB=0.2800 tkSpeed=0.704 cmdMax=0.669 cmdMin=0.056 rise=0.192 maxDecel=4.037 final=353.2 finalW=11 err=-0.9 quality=0 result=CONTROLLED_SAFE fault=NONE fitRej=0 fitsCW=0 fitsCCW=0
# DIAG columns: done_us,dt_good_us,raw,delta,counts,i2c_us,omega_mrev,window_mrev,cmd_mrev,fas_mrev,remain_ddeg,flags_hex,state,stage,current_ma
D,2111267852,949,3588,1,-445868,247,-275,-268,264,268,600,01,7,3,1650
D,2111268872,1020,3589,1,-445869,264,-275,-267,264,268,599,01,7,3,1650
D,2111269859,987,3590,1,-445870,249,-274,-260,264,267,599,01,7,3,1650
D,2111270891,1032,3591,1,-445871,283,-274,-259,264,265,598,01,7,3,1650
D,2111271929,1038,3592,1,-445872,313,-273,-260,264,264,597,01,7,3,1650
D,2111272838,909,3593,1,-445873,231,-273,-261,264,264,596,01,7,3,1650
D,2111273880,1042,3595,2,-445875,263,-273,-269,259,264,594,01,7,3,1650
D,2111274916,1036,3596,1,-445876,296,-272,-268,259,264,593,01,7,3,1650
D,2111275837,921,3597,1,-445877,223,-272,-268,259,264,592,01,7,3,1650
D,2111276830,993,3598,1,-445878,224,-272,-268,259,264,592,01,7,3,1650
D,2111277831,1001,3600,2,-445880,223,-272,-276,259,264,590,01,7,3,1650
D,2111278886,1055,3601,1,-445881,269,-272,-275,259,264,589,01,7,3,1650
D,2111279837,951,3602,1,-445882,224,-273,-276,259,264,588,01,7,3,1650
D,2111280949,1112,3603,1,-445883,329,-273,-276,259,264,587,01,7,3,1650
D,2111282001,1052,3604,1,-445884,387,-273,-276,259,264,586,01,7,3,1650
D,2111282938,937,3605,1,-445885,321,-273,-276,259,264,585,01,7,3,1650
D,2111283885,947,3606,1,-445886,273,-273,-268,259,264,584,01,7,3,1650
D,2111284872,987,3606,0,-445886,258,-272,-260,259,264,584,01,7,3,1650
D,2111285873,1001,3607,1,-445887,264,-272,-260,259,264,584,01,7,3,1650
D,2111286896,1023,3609,2,-445889,289,-272,-268,259,264,582,01,7,3,1650
D,2111287847,951,3610,1,-445890,239,-272,-268,259,264,581,01,7,3,1650
D,2111288877,1030,3611,1,-445891,267,-271,-267,259,264,580,01,7,3,1650
D,2111289839,962,3612,1,-445892,232,-271,-260,259,264,579,01,7,3,1650
D,2111290903,1064,3613,1,-445893,289,-270,-259,259,263,578,01,7,3,1650
D,2111291911,1008,3614,1,-445894,306,-270,-260,259,261,577,01,7,3,1650
D,2111292853,942,3616,2,-445896,238,-270,-269,259,259,576,01,7,3,1650
D,2111293845,992,3617,1,-445897,229,-270,-269,259,259,575,01,7,3,1650
D,2111294881,1036,3618,1,-445898,274,-270,-268,259,259,574,01,7,3,1650
D,2111295829,948,3619,1,-445899,222,-270,-268,259,259,573,01,7,3,1650
D,2111296832,1003,3620,1,-445900,223,-270,-268,259,259,572,01,7,3,1650
D,2111297835,1003,3621,1,-445901,224,-270,-268,259,259,571,01,7,3,1650
D,2111298915,1080,3622,1,-445902,295,-270,-268,254,259,570,01,7,3,1650
D,2111299841,926,3623,1,-445903,225,-270,-268,254,259,570,01,7,3,1650
D,2111300954,1113,3624,1,-445904,333,-270,-268,254,259,569,01,7,3,1650
D,2111302010,1056,3625,1,-445905,383,-269,-268,254,259,568,01,7,3,1650
D,2111302948,938,3626,1,-445906,335,-269,-268,254,259,567,01,7,3,1650
D,2111303875,927,3627,1,-445907,267,-269,-267,254,259,566,01,7,3,1650
D,2111304872,997,3627,0,-445907,263,-269,-252,254,259,566,01,7,3,1650
D,2111305874,1002,3628,1,-445908,266,-268,-252,254,259,565,01,7,3,1650
D,2111306897,1023,3629,1,-445909,284,-267,-252,254,259,564,01,7,3,1650
D,2111307856,959,3630,1,-445910,250,-266,-244,254,259,563,01,7,3,1650
D,2111308880,1024,3631,1,-445911,265,-266,-244,254,259,563,01,7,3,1650
D,2111309842,962,3632,1,-445912,232,-265,-244,254,259,562,01,7,3,1650
D,2111310896,1054,3634,2,-445914,288,-264,-252,254,259,560,01,7,3,1650
D,2111311920,1024,3635,1,-445915,305,-264,-252,254,259,559,01,7,3,1650
D,2111312850,930,3636,1,-445916,231,-263,-253,254,259,558,01,7,3,1650
D,2111313839,989,3637,1,-445917,225,-263,-253,254,259,557,01,7,3,1650
D,2111314885,1046,3638,1,-445918,277,-263,-260,254,259,556,01,7,3,1650
D,2111315834,949,3639,1,-445919,222,-263,-260,254,259,555,01,7,3,1650
D,2111316833,999,3641,2,-445921,224,-263,-268,254,259,554,01,7,3,1650
D,2111317831,998,3642,1,-445922,223,-263,-260,254,259,553,01,7,3,1650
D,2111318878,1047,3643,1,-445923,270,-263,-260,254,259,552,01,7,3,1650
D,2111319828,950,3644,1,-445924,220,-263,-260,254,259,551,01,7,3,1650
D,2111320936,1108,3644,0,-445924,330,-262,-252,254,257,551,01,7,3,1650
D,2111321994,1058,3645,1,-445925,377,-262,-252,254,255,550,01,7,3,1650
D,2111322922,928,3646,1,-445926,305,-261,-244,254,253,549,01,7,3,1650
D,2111323891,969,3647,1,-445927,283,-260,-244,249,253,548,01,7,3,1650
D,2111324882,991,3648,1,-445928,274,-260,-244,249,254,548,01,7,3,1650
D,2111325866,984,3649,1,-445929,251,-259,-244,249,254,547,01,7,3,1650
D,2111326921,1055,3650,1,-445930,310,-259,-243,249,254,546,01,7,3,1650
D,2111327860,939,3651,1,-445931,250,-258,-244,249,254,545,01,7,3,1650
D,2111328887,1027,3652,1,-445932,267,-257,-244,249,254,544,01,7,3,1650
D,2111329839,952,3653,1,-445933,234,-257,-245,249,254,543,01,7,3,1650
D,2111330892,1053,3654,1,-445934,285,-256,-244,249,254,542,01,7,3,1650
D,2111331939,1047,3656,2,-445936,322,-256,-252,249,254,541,01,7,3,1650
D,2111332844,905,3657,1,-445937,229,-256,-253,249,254,540,01,7,3,1650
D,2111333832,988,3658,1,-445938,222,-256,-253,249,254,539,01,7,3,1650
D,2111334884,1052,3659,1,-445939,270,-256,-260,249,254,538,01,7,3,1650
D,2111335827,943,3660,1,-445940,221,-256,-260,249,254,537,01,7,3,1650
D,2111336832,1005,3661,1,-445941,223,-256,-260,249,254,536,01,7,3,1650
D,2111337835,1003,3662,1,-445942,222,-257,-260,249,254,535,01,7,3,1650
D,2111338876,1041,3663,1,-445943,269,-257,-260,249,254,534,01,7,3,1650
D,2111339838,962,3664,1,-445944,220,-257,-260,249,254,533,01,7,3,1650
D,2111340941,1103,3665,1,-445945,328,-257,-252,249,254,533,01,7,3,1650
D,2111341993,1052,3666,1,-445946,368,-256,-252,249,254,532,01,7,3,1650
D,2111342922,929,3666,0,-445946,315,-256,-244,249,254,532,01,7,3,1650
D,2111343883,961,3667,1,-445947,267,-256,-244,249,253,531,01,7,3,1650
D,2111344867,984,3668,1,-445948,254,-255,-244,249,253,530,01,7,3,1650
D,2111345876,1009,3669,1,-445949,257,-255,-244,249,251,529,01,7,3,1650
D,2111346892,1016,3670,1,-445950,281,-254,-236,249,249,528,01,7,3,1650
D,2111347857,965,3671,1,-445951,244,-253,-236,249,249,527,01,7,3,1650
D,2111348918,1061,3672,1,-445952,304,-252,-236,244,249,526,01,7,3,1650
D,2111349853,935,3673,1,-445953,244,-252,-236,244,249,526,01,7,3,1650
D,2111350931,1078,3674,1,-445954,313,-251,-235,244,249,525,01,7,3,1650
D,2111351934,1003,3676,2,-445956,317,-251,-252,244,249,523,01,7,3,1650
D,2111352835,901,3677,1,-445957,224,-251,-253,244,249,522,01,7,3,1650
D,2111353832,997,3678,1,-445958,223,-251,-253,244,249,521,01,7,3,1650
D,2111354900,1068,3679,1,-445959,289,-251,-252,244,249,520,01,7,3,1650
D,2111355838,938,3680,1,-445960,221,-251,-252,244,249,519,01,7,3,1650
D,2111356841,1003,3681,1,-445961,223,-251,-252,244,249,519,01,7,3,1650
D,2111357830,989,3682,1,-445962,223,-251,-253,244,249,518,01,7,3,1650
D,2111358889,1059,3683,1,-445963,269,-252,-252,244,249,517,01,7,3,1650
D,2111359835,946,3684,1,-445964,220,-252,-252,244,249,516,01,7,3,1650
D,2111360944,1109,3685,1,-445965,335,-252,-252,244,249,515,01,7,3,1650
D,2111361980,1036,3686,1,-445966,358,-251,-244,244,249,514,01,7,3,1650
D,2111362940,960,3687,1,-445967,320,-251,-243,244,249,513,01,7,3,1650
D,2111363882,942,3688,1,-445968,266,-251,-244,244,249,512,01,7,3,1650
D,2111364870,988,3689,1,-445969,259,-250,-244,244,249,512,01,7,3,1650
D,2111365863,993,3689,0,-445969,255,-250,-236,244,249,512,01,7,3,1650
D,2111366906,1043,3690,1,-445970,288,-249,-235,244,249,511,01,7,3,1650
D,2111367856,950,3692,2,-445972,251,-249,-244,244,247,509,01,7,3,1650
D,2111368877,1021,3693,1,-445973,265,-249,-244,244,245,508,01,7,3,1650
D,2111369845,968,3694,1,-445974,239,-249,-244,244,245,507,01,7,3,1650
D,2111370912,1067,3695,1,-445975,294,-248,-244,244,243,506,01,7,3,1650
D,2111371920,1008,3696,1,-445976,312,-248,-244,244,244,505,01,7,3,1650
D,2111372835,915,3697,1,-445977,230,-248,-245,244,244,504,01,7,3,1650
D,2111373865,1030,3698,1,-445978,255,-248,-252,239,244,504,01,7,3,1650
D,2111374920,1055,3699,1,-445979,305,-249,-252,239,244,503,01,7,3,1650
D,2111375838,918,3700,1,-445980,224,-249,-252,239,244,502,01,7,3,1650
D,2111376843,1005,3701,1,-445981,224,-249,-252,239,244,501,01,7,3,1650
D,2111377829,986,3702,1,-445982,223,-249,-253,239,244,500,01,7,3,1650
D,2111378877,1048,3703,1,-445983,271,-249,-252,239,244,499,01,7,3,1650
D,2111379841,964,3704,1,-445984,222,-249,-253,239,244,498,01,7,3,1650
D,2111380940,1099,3704,0,-445984,324,-249,-244,239,244,498,01,7,3,1650
D,2111381997,1057,3705,1,-445985,373,-248,-236,239,244,497,01,7,3,1650
D,2111382922,925,3706,1,-445986,311,-248,-235,239,244,497,01,7,3,1650
D,2111383874,952,3707,1,-445987,264,-247,-236,239,244,496,01,7,3,1650
D,2111384879,1005,3708,1,-445988,262,-247,-236,239,244,495,01,7,3,1650
D,2111385858,979,3709,1,-445989,249,-247,-236,239,244,494,01,7,3,1650
D,2111386907,1049,3710,1,-445990,295,-246,-235,239,244,493,01,7,3,1650
D,2111387851,944,3711,1,-445991,246,-246,-236,239,244,492,01,7,3,1650
D,2111388875,1024,3712,1,-445992,267,-245,-236,239,244,491,01,7,3,1650
D,2111389857,982,3713,1,-445993,247,-245,-236,239,244,490,01,7,3,1650
D,2111390910,1053,3714,1,-445994,290,-245,-236,239,243,490,01,7,3,1650
D,2111391917,1007,3715,1,-445995,312,-244,-236,239,240,489,01,7,3,1650
D,2111392843,926,3716,1,-445996,231,-244,-237,239,240,488,01,7,3,1650
D,2111393845,1002,3717,1,-445997,225,-244,-237,239,239,487,01,7,3,1650
D,2111394893,1048,3718,1,-445998,276,-243,-236,239,238,486,01,7,3,1650
D,2111395834,941,3719,1,-445999,221,-243,-237,239,238,485,01,7,3,1650
D,2111396843,1009,3720,1,-446000,223,-243,-244,239,238,484,01,7,3,1650
D,2111397831,988,3721,1,-446001,224,-243,-245,239,238,483,01,7,3,1650
D,2111398908,1077,3722,1,-446002,290,-243,-236,234,238,483,01,7,3,1650
D,2111399836,928,3723,1,-446003,229,-243,-237,234,238,482,01,7,3,1650
D,2111400941,1105,3724,1,-446004,330,-242,-236,234,238,481,01,7,3,1650
D,2111402009,1068,3725,1,-446005,388,-242,-235,234,238,480,01,7,3,1650
D,2111402934,925,3725,0,-446005,323,-242,-227,234,238,480,01,7,3,1650
D,2111403892,958,3726,1,-446006,273,-241,-228,234,238,479,01,7,3,1650
D,2111404875,983,3727,1,-446007,257,-241,-228,234,238,478,01,7,3,1650
D,2111405882,1007,3728,1,-446008,266,-240,-228,234,238,477,01,7,3,1650
D,2111406894,1012,3729,1,-446009,286,-240,-227,234,238,476,01,7,3,1650
D,2111407858,964,3730,1,-446010,250,-239,-228,234,238,475,01,7,3,1650
D,2111408885,1027,3731,1,-446011,268,-239,-228,234,238,475,01,7,3,1650
D,2111409851,966,3731,0,-446011,236,-238,-220,234,238,475,01,7,3,1650
D,2111410904,1053,3733,2,-446013,290,-238,-228,234,238,473,01,7,3,1650
D,2111411916,1012,3734,1,-446014,301,-237,-236,234,238,472,01,7,3,1650
D,2111412852,936,3735,1,-446015,235,-237,-237,234,238,471,01,7,3,1650
D,2111413840,988,3736,1,-446016,225,-237,-237,234,238,470,01,7,3,1650
D,2111414902,1062,3737,1,-446017,281,-237,-236,234,238,469,01,7,3,1650
D,2111415841,939,3738,1,-446018,222,-237,-237,234,238,468,01,7,3,1650
D,2111416841,1000,3739,1,-446019,223,-237,-236,234,238,468,01,7,3,1650
D,2111417842,1001,3740,1,-446020,223,-237,-237,234,238,467,01,7,3,1650
D,2111418887,1045,3741,1,-446021,269,-237,-236,234,238,466,01,7,3,1650
D,2111419825,938,3742,1,-446022,220,-237,-237,234,236,465,01,7,3,1650
D,2111420945,1120,3743,1,-446023,334,-237,-236,234,234,464,01,7,3,1650
D,2111421994,1049,3743,0,-446023,386,-237,-227,234,232,464,01,7,3,1650
D,2111422923,929,3744,1,-446024,310,-236,-227,234,232,463,01,7,3,1650
D,2111423914,991,3745,1,-446025,293,-236,-227,229,233,462,01,7,3,1650
D,2111424904,990,3746,1,-446026,283,-236,-228,229,233,461,01,7,3,1650
D,2111425875,971,3747,1,-446027,261,-235,-228,229,233,461,01,7,3,1650
D,2111426928,1053,3748,1,-446028,315,-235,-227,229,233,460,01,7,3,1650
D,2111427852,924,3748,0,-446028,242,-235,-220,229,233,460,01,7,3,1650
D,2111428894,1042,3749,1,-446029,274,-234,-220,229,233,459,01,7,3,1650
D,2111429833,939,3750,1,-446030,227,-233,-221,229,233,458,01,7,3,1650
D,2111430897,1064,3751,1,-446031,290,-233,-220,229,233,457,01,7,3,1650
D,2111431937,1040,3752,1,-446032,320,-232,-221,229,233,456,01,7,3,1650
D,2111432836,899,3753,1,-446033,223,-232,-222,229,233,455,01,7,3,1650
D,2111433833,997,3754,1,-446034,222,-232,-229,229,233,454,01,7,3,1650
D,2111434886,1053,3756,2,-446036,275,-232,-236,229,233,453,01,7,3,1650
D,2111435833,947,3756,0,-446036,222,-232,-229,229,233,453,01,7,3,1650
D,2111436831,998,3757,1,-446037,224,-232,-229,229,233,452,01,7,3,1650
D,2111437829,998,3759,2,-446039,223,-232,-237,229,233,450,01,7,3,1650
D,2111438877,1048,3760,1,-446040,269,-232,-236,229,233,449,01,7,3,1650
D,2111439827,950,3761,1,-446041,220,-232,-237,229,233,448,01,7,3,1650
D,2111440945,1118,3762,1,-446042,328,-232,-236,229,233,447,01,7,3,1650
D,2111441996,1051,3762,0,-446042,363,-232,-227,229,232,447,01,7,3,1650
D,2111442922,926,3763,1,-446043,305,-232,-227,229,232,446,01,7,3,1650
D,2111443876,954,3764,1,-446044,265,-232,-228,229,230,446,01,7,3,1650
D,2111444876,1000,3765,1,-446045,261,-232,-228,229,227,445,01,7,3,1650
D,2111445862,986,3765,0,-446045,248,-231,-220,229,227,445,01,7,3,1650
D,2111446914,1052,3766,1,-446046,292,-231,-219,229,228,444,01,7,3,1650
D,2111447863,949,3767,1,-446047,247,-230,-220,229,228,443,01,7,3,1650
D,2111448898,1035,3768,1,-446048,291,-230,-220,224,228,442,01,7,3,1650
D,2111449857,959,3769,1,-446049,250,-230,-219,224,228,441,01,7,3,1650
D,2111450930,1073,3770,1,-446050,318,-229,-220,224,228,440,01,7,3,1650
D,2111451925,995,3771,1,-446051,310,-229,-221,224,228,439,01,7,3,1650
D,2111452838,913,3772,1,-446052,228,-229,-230,224,228,439,01,7,3,1650
D,2111453840,1002,3773,1,-446053,223,-229,-229,224,228,438,01,7,3,1650
D,2111454893,1053,3774,1,-446054,285,-229,-229,224,228,437,01,7,3,1650
D,2111455841,948,3775,1,-446055,221,-229,-229,224,228,436,01,7,3,1650
D,2111456842,1001,3776,1,-446056,223,-229,-229,224,228,435,01,7,3,1650
D,2111457830,988,3777,1,-446057,223,-229,-229,224,228,434,01,7,3,1650
D,2111458876,1046,3778,1,-446058,268,-229,-236,224,228,433,01,7,3,1650
D,2111459839,963,3779,1,-446059,222,-229,-236,224,228,432,01,7,3,1650
D,2111460947,1108,3780,1,-446060,329,-230,-236,224,228,432,01,7,3,1650
D,2111461994,1047,3781,1,-446061,378,-230,-236,224,228,431,01,7,3,1650
D,2111462927,933,3782,1,-446062,312,-230,-235,224,228,430,01,7,3,1650
D,2111463875,948,3783,1,-446063,265,-230,-236,224,228,429,01,7,3,1650
D,2111464868,993,3783,0,-446063,257,-230,-228,224,228,429,01,7,3,1650
D,2111465874,1006,3784,1,-446064,253,-230,-228,224,228,428,01,7,3,1650
D,2111466899,1025,3785,1,-446065,285,-230,-227,224,227,427,01,7,3,1650
D,2111467855,956,3786,1,-446066,247,-230,-220,224,227,426,01,7,3,1650
D,2111468882,1027,3786,0,-446066,267,-229,-212,224,225,426,01,7,3,1650
D,2111469857,975,3787,1,-446067,241,-228,-211,224,223,425,01,7,3,1650
D,2111470907,1050,3788,1,-446068,293,-228,-212,224,223,425,01,7,3,1650
D,2111471933,1026,3789,1,-446069,312,-227,-213,224,223,424,01,7,3,1650
D,2111472835,902,3790,1,-446070,227,-227,-222,224,223,423,01,7,3,1650
D,2111473873,1038,3791,1,-446071,254,-227,-221,218,223,422,01,7,3,1650
D,2111474909,1036,3792,1,-446072,300,-226,-219,218,223,421,01,7,3,1650
D,2111475829,920,3793,1,-446073,224,-226,-221,218,223,420,01,7,3,1650
D,2111476835,1006,3794,1,-446074,224,-226,-229,218,223,419,01,7,3,1650
D,2111477833,998,3794,0,-446074,223,-226,-221,218,223,419,01,7,3,1650
D,2111478889,1056,3796,2,-446076,271,-226,-228,218,223,417,01,7,3,1650
D,2111479831,942,3797,1,-446077,223,-226,-229,218,223,417,01,7,3,1650
D,2111480937,1106,3798,1,-446078,327,-226,-228,218,223,416,01,7,3,1650
D,2111482010,1073,3799,1,-446079,380,-226,-227,218,223,415,01,7,3,1650
D,2111482918,908,3800,1,-446080,312,-226,-227,218,223,414,01,7,3,1650
D,2111483886,968,3800,0,-446080,271,-226,-219,218,223,414,01,7,3,1650
D,2111484864,978,3801,1,-446081,256,-226,-220,218,223,413,01,7,3,1650
D,2111485875,1011,3802,1,-446082,257,-226,-219,218,223,412,01,7,3,1650
D,2111486909,1034,3803,1,-446083,288,-225,-219,218,223,411,01,7,3,1650
D,2111487852,943,3804,1,-446084,240,-225,-220,218,223,410,01,7,3,1650
D,2111488875,1023,3804,0,-446084,267,-225,-212,218,223,410,01,7,3,1650
D,2111489858,983,3805,1,-446085,240,-224,-211,218,223,410,01,7,3,1650
D,2111490894,1036,3806,1,-446086,283,-224,-212,218,223,409,01,7,3,1650
D,2111491931,1037,3807,1,-446087,311,-223,-213,218,223,408,01,7,3,1650
D,2111492837,906,3807,0,-446087,230,-223,-206,218,223,408,01,7,3,1650
D,2111493837,1000,3808,1,-446088,225,-222,-205,218,221,407,01,7,3,1650
D,2111494895,1058,3809,1,-446089,276,-221,-211,218,218,406,01,7,3,1650
D,2111495835,940,3810,1,-446090,223,-221,-213,218,218,405,01,7,3,1650
D,2111496835,1000,3811,1,-446091,223,-221,-213,218,218,404,01,7,3,1650
D,2111497838,1003,3812,1,-446092,224,-220,-213,218,218,403,01,7,3,1650
D,2111498914,1076,3813,1,-446093,293,-220,-219,213,218,403,01,7,3,1650
D,2111499831,917,3814,1,-446094,225,-220,-221,213,218,402,01,7,3,1650
D,2111500939,1108,3815,1,-446095,325,-220,-219,213,218,401,01,7,3,1650
D,2111502012,1073,3816,1,-446096,399,-220,-219,213,218,400,01,7,3,1650
D,2111502939,927,3817,1,-446097,327,-220,-219,213,218,399,01,7,3,1650
D,2111503879,940,3817,0,-446097,271,-220,-212,213,218,399,01,7,3,1650
D,2111504864,985,3818,1,-446098,256,-220,-213,213,218,398,01,7,3,1650
D,2111505879,1015,3820,2,-446100,265,-220,-219,213,218,396,01,7,3,1650
D,2111506902,1023,3820,0,-446100,288,-219,-211,213,218,396,01,7,3,1650
D,2111507855,953,3821,1,-446101,247,-219,-220,213,218,396,01,7,3,1650
D,2111508879,1024,3822,1,-446102,268,-219,-220,213,218,395,01,7,3,1650
D,2111509841,962,3823,1,-446103,233,-219,-212,213,218,394,01,7,3,1650
D,2111510908,1067,3823,0,-446103,292,-218,-204,213,218,394,01,7,3,1650
D,2111511910,1002,3824,1,-446104,304,-218,-205,213,218,393,01,7,3,1650
D,2111512849,939,3825,1,-446105,236,-217,-206,213,218,392,01,7,3,1650
D,2111513839,990,3826,1,-446106,224,-217,-205,213,218,391,01,7,3,1650
D,2111514890,1051,3826,0,-446106,281,-216,-203,213,218,391,01,7,3,1650
D,2111515838,948,3827,1,-446107,220,-216,-205,213,218,390,01,7,3,1650
D,2111516841,1003,3828,1,-446108,224,-216,-205,213,218,389,01,7,3,1650
D,2111517828,987,3829,1,-446109,223,-215,-205,213,218,388,01,7,3,1650
D,2111518888,1060,3830,1,-446110,269,-215,-211,213,216,388,01,7,3,1650
D,2111519838,950,3831,1,-446111,220,-215,-213,213,216,387,01,7,3,1650
D,2111520936,1098,3832,1,-446112,328,-215,-211,213,214,386,01,7,3,1650
D,2111522007,1071,3833,1,-446113,385,-215,-211,213,211,385,01,7,3,1650
D,2111522929,922,3834,1,-446114,315,-215,-219,213,211,384,01,7,3,1650
D,2111523910,981,3835,1,-446115,290,-215,-219,208,213,383,01,7,3,1650
D,2111524885,975,3835,0,-446115,275,-215,-212,208,213,383,01,7,3,1650
D,2111525872,987,3836,1,-446116,255,-215,-211,208,213,382,01,7,3,1650
D,2111526924,1052,3837,1,-446117,313,-215,-211,208,213,381,01,7,3,1650
D,2111527874,950,3838,1,-446118,259,-214,-211,208,213,381,01,7,3,1650
D,2111528881,1007,3839,1,-446119,265,-214,-212,208,213,380,01,7,3,1650
D,2111529852,971,3840,1,-446120,236,-214,-211,208,213,379,01,7,3,1650
D,2111530901,1049,3841,1,-446121,293,-214,-212,208,213,378,01,7,3,1650
D,2111531937,1036,3842,1,-446122,320,-214,-213,208,213,377,01,7,3,1650
D,2111532840,903,3842,0,-446122,223,-214,-206,208,213,377,01,7,3,1650
D,2111533827,987,3843,1,-446123,223,-214,-206,208,213,376,01,7,3,1650
D,2111534892,1065,3844,1,-446124,274,-213,-211,208,213,375,01,7,3,1650
D,2111535830,938,3845,1,-446125,224,-213,-213,208,213,374,01,7,3,1650
D,2111536834,1004,3846,1,-446126,224,-213,-205,208,213,374,01,7,3,1650
D,2111537832,998,3846,0,-446126,223,-213,-205,208,213,374,01,7,3,1650
D,2111538889,1057,3847,1,-446127,268,-212,-203,208,213,373,01,7,3,1650
D,2111539836,947,3848,1,-446128,221,-212,-205,208,213,372,01,7,3,1650
D,2111540935,1099,3848,0,-446128,324,-212,-203,208,213,372,01,7,3,1650
D,2111541996,1061,3850,2,-446130,377,-212,-211,208,213,370,01,7,3,1650
D,2111542922,926,3850,0,-446130,307,-211,-203,208,213,370,01,7,3,1650
D,2111543872,950,3851,1,-446131,263,-211,-203,208,211,369,01,7,3,1650
D,2111544875,1003,3852,1,-446132,262,-211,-205,208,211,368,01,7,3,1650
D,2111545869,994,3853,1,-446133,249,-211,-211,208,209,367,01,7,3,1650
D,2111546918,1049,3854,1,-446134,296,-211,-211,208,206,367,01,7,3,1650
D,2111547860,942,3855,1,-446135,250,-211,-211,208,206,366,01,7,3,1650
D,2111548906,1046,3856,1,-446136,296,-211,-211,203,208,365,01,7,3,1650
D,2111549865,959,3857,1,-446137,253,-211,-211,203,208,364,01,7,3,1650
D,2111550932,1067,3858,1,-446138,319,-211,-212,203,208,363,01,7,3,1650
D,2111551925,993,3859,1,-446139,313,-211,-213,203,208,362,01,7,3,1650
D,2111552844,919,3860,1,-446140,226,-211,-214,203,208,361,01,7,3,1650
D,2111553842,998,3860,0,-446140,223,-211,-205,203,208,361,01,7,3,1650
D,2111554903,1061,3861,1,-446141,288,-211,-211,203,208,360,01,7,3,1650
D,2111555825,922,3862,1,-446142,220,-211,-213,203,208,359,01,7,3,1650
D,2111556841,1016,3863,1,-446143,224,-211,-213,203,208,359,01,7,3,1650
D,2111557827,986,3863,0,-446143,222,-211,-205,203,208,359,01,7,3,1650
D,2111558882,1055,3864,1,-446144,269,-211,-203,203,208,358,01,7,3,1650
D,2111559835,953,3864,0,-446144,221,-210,-197,203,208,358,01,7,3,1650
D,2111560945,1110,3865,1,-446145,332,-209,-195,203,208,357,01,7,3,1650
D,2111561998,1053,3866,1,-446146,382,-209,-195,203,208,356,01,7,3,1650
D,2111562934,936,3867,1,-446147,317,-209,-203,203,208,355,01,7,3,1650
D,2111563878,944,3868,1,-446148,270,-208,-203,203,208,354,01,7,3,1650
D,2111564861,983,3868,0,-446148,256,-208,-197,203,208,354,01,7,3,1650
D,2111565881,1020,3869,1,-446149,263,-207,-195,203,208,353,01,7,3,1650
D,2111566891,1010,3870,1,-446150,282,-207,-195,203,208,352,01,7,3,1650
D,2111567856,965,3871,1,-446151,248,-207,-203,203,206,352,01,7,3,1650
D,2111568885,1029,3872,1,-446152,266,-207,-204,203,206,351,01,7,3,1650
D,2111569859,974,3873,1,-446153,240,-207,-203,203,204,350,01,7,3,1650
D,2111570892,1033,3874,1,-446154,280,-206,-204,203,201,349,01,7,3,1650
D,2111571930,1038,3875,1,-446155,313,-207,-213,203,201,348,01,7,3,1650
D,2111572837,907,3875,0,-446155,228,-206,-198,203,203,348,01,7,3,1650
D,2111573870,1033,3876,1,-446156,251,-206,-205,198,203,347,01,7,3,1650
D,2111574921,1051,3877,1,-446157,301,-206,-203,198,203,346,01,7,3,1650
D,2111575835,914,3878,1,-446158,223,-206,-205,198,203,345,01,7,3,1650
D,2111576838,1003,3879,1,-446159,223,-206,-205,198,203,345,01,7,3,1650
D,2111577843,1005,3879,0,-446159,223,-206,-197,198,203,345,01,7,3,1650
D,2111578878,1035,3880,1,-446160,270,-205,-197,198,203,344,01,7,3,1650
D,2111579828,950,3881,1,-446161,221,-205,-197,198,203,343,01,7,3,1650
D,2111580948,1120,3882,1,-446162,326,-205,-195,198,203,342,01,7,3,1650
D,2111581998,1050,3883,1,-446163,389,-204,-195,198,203,341,01,7,3,1650
D,2111582917,919,3883,0,-446163,307,-204,-187,198,203,341,01,7,3,1650
D,2111583888,971,3884,1,-446164,271,-203,-195,198,203,340,01,7,3,1650
D,2111584871,983,3885,1,-446165,262,-203,-197,198,203,339,01,7,3,1650
D,2111585870,999,3885,0,-446165,255,-202,-187,198,203,339,01,7,3,1650
D,2111586902,1032,3886,1,-446166,282,-202,-187,198,203,338,01,7,3,1650
D,2111587852,950,3887,1,-446167,243,-202,-195,198,203,338,01,7,3,1650
D,2111588876,1024,3888,1,-446168,267,-201,-197,198,203,337,01,7,3,1650
D,2111589841,965,3888,0,-446168,236,-201,-195,198,203,337,01,7,3,1650
D,2111590900,1059,3889,1,-446169,284,-201,-196,198,201,336,01,7,3,1650
D,2111591916,1016,3890,1,-446170,310,-201,-197,198,201,335,01,7,3,1650
D,2111592841,925,3891,1,-446171,234,-201,-198,198,199,334,01,7,3,1650
D,2111593841,1000,3892,1,-446172,225,-201,-197,198,199,333,01,7,3,1650
D,2111594883,1042,3893,1,-446173,274,-201,-203,198,196,332,01,7,3,1650
D,2111595838,955,3893,0,-446173,220,-201,-197,198,198,332,01,7,3,1650
D,2111596831,993,3894,1,-446174,224,-200,-197,198,198,331,01,7,3,1650
D,2111597833,1002,3895,1,-446175,223,-200,-197,198,198,330,01,7,3,1650
D,2111598919,1086,3896,1,-446176,295,-200,-195,193,198,330,01,7,3,1650
D,2111599833,914,3897,1,-446177,225,-200,-197,193,198,329,01,7,3,1650
D,2111600946,1113,3898,1,-446178,331,-200,-195,193,198,328,01,7,3,1650
D,2111602013,1067,3899,1,-446179,383,-200,-195,193,198,327,01,7,3,1650
D,2111602943,930,3899,0,-446179,326,-199,-195,193,198,327,01,7,3,1650
D,2111603872,929,3900,1,-446180,264,-199,-195,193,198,326,01,7,3,1650
D,2111604872,1000,3901,1,-446181,259,-199,-197,193,198,325,01,7,3,1650
D,2111605869,997,3902,1,-446182,259,-199,-195,193,198,324,01,7,3,1650
D,2111606904,1035,3902,0,-446182,285,-198,-187,193,198,324,01,7,3,1650
D,2111607855,951,3903,1,-446183,250,-198,-195,193,198,323,01,7,3,1650
D,2111608879,1024,3904,1,-446184,268,-198,-195,193,198,323,01,7,3,1650
D,2111609852,973,3904,0,-446184,244,-198,-187,193,198,323,01,7,3,1650
D,2111610893,1041,3905,1,-446185,285,-197,-189,193,198,322,01,7,3,1650
D,2111611917,1024,3906,1,-446186,312,-197,-189,193,198,321,01,7,3,1650
D,2111612841,924,3906,0,-446186,231,-197,-182,193,198,321,01,7,3,1650
D,2111613842,1001,3907,1,-446187,223,-196,-189,193,198,320,01,7,3,1650
D,2111614886,1044,3908,1,-446188,275,-196,-187,193,198,319,01,7,3,1650
D,2111615840,954,3909,1,-446189,222,-196,-189,193,198,318,01,7,3,1650
D,2111616833,993,3910,1,-446190,226,-196,-197,193,198,317,01,7,3,1650
D,2111617834,1001,3910,0,-446190,222,-195,-189,193,198,317,01,7,3,1650
D,2111618887,1053,3911,1,-446191,270,-195,-187,193,198,316,01,7,3,1650
D,2111619840,953,3912,1,-446192,220,-195,-189,193,196,316,01,7,3,1650
D,2111620947,1107,3913,1,-446193,332,-195,-195,193,194,315,01,7,3,1650
D,2111621984,1037,3914,1,-446194,377,-195,-195,193,194,314,01,7,3,1650
D,2111622930,946,3915,1,-446195,310,-195,-195,193,191,313,01,7,3,1650
D,2111623903,973,3916,1,-446196,294,-195,-195,188,193,312,01,7,3,1650
D,2111624894,991,3917,1,-446197,273,-195,-195,188,193,311,01,7,3,1650
D,2111625869,975,3917,0,-446197,253,-195,-195,188,193,311,01,7,3,1650
D,2111626919,1050,3918,1,-446198,311,-195,-195,188,193,310,01,7,3,1650
D,2111627870,951,3919,1,-446199,251,-195,-195,188,193,309,01,7,3,1650
D,2111628890,1020,3920,1,-446200,268,-195,-197,188,193,308,01,7,3,1650
D,2111629856,966,3920,0,-446200,236,-195,-187,188,193,308,01,7,3,1650
D,2111630916,1060,3921,1,-446201,296,-194,-189,188,193,308,01,7,3,1650
D,2111631930,1014,3922,1,-446202,319,-194,-189,188,193,307,01,7,3,1650
D,2111632835,905,3922,0,-446202,225,-194,-182,188,193,307,01,7,3,1650
D,2111633843,1008,3923,1,-446203,227,-194,-190,188,193,306,01,7,3,1650
D,2111634892,1049,3924,1,-446204,274,-193,-187,188,193,305,01,7,3,1650
D,2111635831,939,3925,1,-446205,222,-193,-189,188,193,304,01,7,3,1650
D,2111636828,997,3925,0,-446205,224,-193,-181,188,193,304,01,7,3,1650
D,2111637830,1002,3926,1,-446206,223,-193,-189,188,193,303,01,7,3,1650
D,2111638888,1058,3927,1,-446207,269,-192,-187,188,193,302,01,7,3,1650
D,2111639839,951,3927,0,-446207,220,-192,-181,188,193,302,01,7,3,1650
D,2111640948,1109,3928,1,-446208,325,-192,-187,188,193,301,01,7,3,1650
D,2111641996,1048,3929,1,-446209,377,-192,-187,188,193,301,01,7,3,1650
D,2111642935,939,3930,1,-446210,314,-192,-195,188,193,300,01,7,3,1650
D,2111643875,940,3931,1,-446211,266,-192,-195,188,191,299,01,7,3,1650
D,2111644863,988,3931,0,-446211,257,-192,-189,188,191,299,01,7,3,1650
D,2111645872,1009,3932,1,-446212,254,-191,-187,188,188,298,01,7,3,1650
D,2111646905,1033,3933,1,-446213,292,-191,-187,188,186,297,01,7,3,1650
D,2111647865,960,3934,1,-446214,250,-191,-195,188,186,296,01,7,3,1650
D,2111648896,1031,3935,1,-446215,290,-192,-195,183,188,295,01,7,3,1650
D,2111649872,976,3936,1,-446216,253,-192,-195,183,188,294,01,7,3,1650
D,2111650926,1054,3937,1,-446217,317,-192,-196,183,188,294,01,7,3,1650
D,2111651924,998,3937,0,-446217,314,-192,-189,183,188,294,01,7,3,1650
D,2111652841,917,3938,1,-446218,226,-192,-190,183,188,293,01,7,3,1650
D,2111653830,989,3939,1,-446219,225,-192,-190,183,188,292,01,7,3,1650
D,2111654898,1068,3940,1,-446220,279,-191,-187,183,188,291,01,7,3,1650
D,2111655839,941,3940,0,-446220,223,-191,-181,183,188,291,01,7,3,1650
D,2111656847,1008,3941,1,-446221,224,-191,-189,183,188,290,01,7,3,1650
D,2111657828,981,3942,1,-446222,222,-191,-190,183,188,289,01,7,3,1650
D,2111658875,1047,3942,0,-446222,269,-191,-181,183,188,289,01,7,3,1650
D,2111659826,951,3943,1,-446223,221,-190,-182,183,188,288,01,7,3,1650
D,2111660936,1110,3943,0,-446223,329,-190,-179,183,188,288,01,7,3,1650
D,2111661996,1060,3944,1,-446224,379,-189,-179,183,188,287,01,7,3,1650
D,2111662924,928,3944,0,-446224,312,-189,-179,183,188,287,01,7,3,1650
D,2111663869,945,3945,1,-446225,257,-189,-179,183,188,287,01,7,3,1650
D,2111664874,1005,3946,1,-446226,264,-188,-181,183,188,286,01,7,3,1650
D,2111665857,983,3946,0,-446226,250,-188,-171,183,188,286,01,7,3,1650
D,2111666904,1047,3947,1,-446227,287,-187,-179,183,188,285,01,7,3,1650
D,2111667865,961,3948,1,-446228,245,-187,-179,183,188,284,01,7,3,1650
D,2111668878,1013,3949,1,-446229,267,-187,-181,183,186,283,01,7,3,1650
D,2111669849,971,3949,0,-446229,243,-186,-179,183,186,283,01,7,3,1650
D,2111670895,1046,3950,1,-446230,287,-186,-181,183,183,282,01,7,3,1650
D,2111671931,1036,3951,1,-446231,311,-186,-181,183,183,281,01,7,3,1650
D,2111672846,915,3952,1,-446232,228,-186,-182,183,183,280,01,7,3,1650
D,2111673870,1024,3953,1,-446233,258,-186,-182,178,183,279,01,7,3,1650
D,2111674910,1040,3954,1,-446234,296,-186,-187,178,183,279,01,7,3,1650
D,2111675842,932,3954,0,-446234,223,-185,-181,178,183,279,01,7,3,1650
D,2111676840,998,3955,1,-446235,223,-185,-181,178,183,278,01,7,3,1650
D,2111677839,999,3956,1,-446236,223,-185,-182,178,183,277,01,7,3,1650
D,2111678886,1047,3957,1,-446237,269,-185,-181,178,183,276,01,7,3,1650
D,2111679836,950,3957,0,-446237,221,-185,-174,178,183,276,01,7,3,1650
D,2111680937,1101,3958,1,-446238,330,-184,-171,178,183,275,01,7,3,1650
D,2111681996,1059,3959,1,-446239,384,-184,-179,178,183,274,01,7,3,1650
D,2111682939,943,3960,1,-446240,322,-184,-178,178,183,273,01,7,3,1650
D,2111683890,951,3960,0,-446240,271,-183,-171,178,183,273,01,7,3,1650
D,2111684874,984,3961,1,-446241,261,-183,-173,178,183,272,01,7,3,1650
D,2111685872,998,3962,1,-446242,261,-183,-179,178,183,272,01,7,3,1650
D,2111686901,1029,3962,0,-446242,282,-182,-171,178,183,272,01,7,3,1650
D,2111687857,956,3962,0,-446242,241,-181,-163,178,183,272,01,7,3,1650
D,2111688876,1019,3963,1,-446243,271,-181,-171,178,183,271,01,7,3,1650
D,2111689836,960,3964,1,-446244,231,-181,-171,178,183,270,01,7,3,1650
D,2111690903,1067,3964,0,-446244,286,-180,-165,178,180,270,01,7,3,1650
D,2111691911,1008,3965,1,-446245,304,-180,-173,178,180,269,01,7,3,1650
D,2111692850,939,3966,1,-446246,233,-179,-174,178,177,268,01,7,3,1650
D,2111693835,985,3967,1,-446247,225,-180,-182,178,178,267,01,7,3,1650
D,2111694894,1059,3968,1,-446248,275,-179,-179,178,178,266,01,7,3,1650
D,2111695845,951,3968,0,-446248,222,-179,-173,178,178,266,01,7,3,1650
D,2111696829,984,3969,1,-446249,224,-179,-181,178,178,265,01,7,3,1650
D,2111697831,1002,3969,0,-446249,223,-179,-174,178,178,265,01,7,3,1650
D,2111698906,1075,3970,1,-446250,290,-179,-171,173,178,265,01,7,3,1650
D,2111699836,930,3971,1,-446251,224,-179,-173,173,178,264,01,7,3,1650
D,2111700945,1109,3972,1,-446252,334,-179,-179,173,178,263,01,7,3,1650
D,2111702016,1071,3973,1,-446253,389,-179,-179,173,178,262,01,7,3,1650
D,2111702949,933,3973,0,-446253,329,-178,-170,173,178,262,01,7,3,1650
D,2111703885,936,3974,1,-446254,269,-178,-171,173,178,261,01,7,3,1650
D,2111704865,980,3975,1,-446255,259,-178,-173,173,178,260,01,7,3,1650
D,2111705877,1012,3976,1,-446256,263,-178,-179,173,178,259,01,7,3,1650
D,2111706892,1015,3977,1,-446257,286,-178,-179,173,178,258,01,7,3,1650
D,2111707860,968,3977,0,-446257,249,-178,-171,173,178,258,01,7,3,1650
D,2111708885,1025,3978,1,-446258,268,-177,-173,173,178,258,01,7,3,1650
D,2111709845,960,3978,0,-446258,235,-177,-171,173,178,258,01,7,3,1650
D,2111710894,1049,3979,1,-446259,282,-177,-173,173,178,257,01,7,3,1650
D,2111711923,1029,3980,1,-446260,304,-177,-173,173,178,256,01,7,3,1650
D,2111712847,924,3980,0,-446260,232,-176,-166,173,178,256,01,7,3,1650
D,2111713837,990,3981,1,-446261,224,-176,-166,173,178,255,01,7,3,1650
D,2111714892,1055,3982,1,-446262,278,-176,-171,173,178,254,01,7,3,1650
D,2111715831,939,3982,0,-446262,220,-175,-166,173,178,254,01,7,3,1650
D,2111716829,998,3983,1,-446263,224,-175,-166,173,178,253,01,7,3,1650
D,2111717843,1014,3983,0,-446263,223,-175,-166,173,178,253,01,7,3,1650
D,2111718887,1044,3984,1,-446264,270,-175,-171,173,178,252,01,7,3,1650
D,2111719838,951,3984,0,-446264,220,-174,-163,173,178,252,01,7,3,1650
D,2111720955,1117,3985,1,-446265,335,-174,-171,173,177,251,01,7,3,1650
D,2111721994,1039,3986,1,-446266,380,-174,-170,173,174,250,01,7,3,1650
D,2111722927,933,3987,1,-446267,315,-174,-170,173,174,250,01,7,3,1650
D,2111723910,983,3987,0,-446267,297,-173,-162,168,172,250,01,7,3,1650
D,2111724883,973,3988,1,-446268,270,-173,-165,168,172,249,01,7,3,1650
D,2111725877,994,3989,1,-446269,262,-173,-171,168,173,248,01,7,3,1650
D,2111726916,1039,3990,1,-446270,300,-173,-170,168,173,247,01,7,3,1650
D,2111727870,954,3990,0,-446270,254,-173,-171,168,173,247,01,7,3,1650
D,2111728886,1016,3991,1,-446271,267,-173,-173,168,173,246,01,7,3,1650
D,2111729838,952,3992,1,-446272,232,-173,-171,168,173,245,01,7,3,1650
D,2111730900,1062,3993,1,-446273,283,-173,-173,168,173,244,01,7,3,1650
D,2111731936,1036,3993,0,-446273,325,-172,-165,168,173,244,01,7,3,1650
D,2111732837,901,3994,1,-446274,220,-172,-166,168,173,243,01,7,3,1650
D,2111733835,998,3995,1,-446275,223,-172,-174,168,173,243,01,7,3,1650
D,2111734877,1042,3996,1,-446276,271,-172,-171,168,173,242,01,7,3,1650
D,2111735845,968,3997,1,-446277,225,-172,-173,168,173,241,01,7,3,1650
D,2111736834,989,3997,0,-446277,224,-172,-166,168,173,241,01,7,3,1650
D,2111737831,997,3998,1,-446278,223,-172,-166,168,173,240,01,7,3,1650
D,2111738890,1059,3998,0,-446278,269,-171,-163,168,173,240,01,7,3,1650
D,2111739836,946,3999,1,-446279,220,-171,-166,168,173,239,01,7,3,1650
D,2111740944,1108,4000,1,-446280,325,-171,-171,168,173,238,01,7,3,1650
D,2111741997,1053,4001,1,-446281,379,-171,-170,168,173,237,01,7,3,1650
D,2111742914,917,4001,0,-446281,304,-171,-171,168,173,237,01,7,3,1650
D,2111743888,974,4002,1,-446282,269,-171,-171,168,172,236,01,7,3,1650
D,2111744874,986,4002,0,-446282,259,-171,-165,168,172,236,01,7,3,1650
D,2111745858,984,4003,1,-446283,251,-171,-171,168,169,236,01,7,3,1650
D,2111746914,1056,4004,1,-446284,295,-171,-170,168,169,235,01,7,3,1650
D,2111747865,951,4004,0,-446284,245,-171,-171,168,166,235,01,7,3,1650
D,2111748905,1040,4005,1,-446285,293,-171,-171,163,166,234,01,7,3,1650
D,2111749867,962,4005,0,-446285,248,-171,-171,163,168,234,01,7,3,1650
D,2111750928,1061,4006,1,-446286,321,-171,-173,163,168,233,01,7,3,1650
D,2111751931,1003,4007,1,-446287,315,-171,-173,163,168,232,01,7,3,1650
D,2111752845,914,4007,0,-446287,226,-171,-166,163,168,232,01,7,3,1650
D,2111753830,985,4008,1,-446288,223,-171,-166,163,168,231,01,7,3,1650
D,2111754909,1079,4009,1,-446289,289,-171,-171,163,168,230,01,7,3,1650
D,2111755838,929,4010,1,-446290,221,-171,-174,163,168,229,01,7,3,1650
D,2111756843,1005,4010,0,-446290,224,-171,-166,163,168,229,01,7,3,1650
D,2111757842,999,4011,1,-446291,223,-170,-166,163,168,229,01,7,3,1650
D,2111758874,1032,4012,1,-446292,269,-170,-173,163,168,228,01,7,3,1650
D,2111759835,961,4012,0,-446292,220,-170,-166,163,168,228,01,7,3,1650
D,2111760946,1111,4013,1,-446293,332,-170,-163,163,168,227,01,7,3,1650
D,2111761985,1039,4014,1,-446294,375,-170,-171,163,168,226,01,7,3,1650
D,2111762933,948,4015,1,-446295,321,-170,-170,163,168,225,01,7,3,1650
D,2111763872,939,4015,0,-446295,263,-170,-163,163,168,225,01,7,3,1650
D,2111764875,1003,4016,1,-446296,259,-170,-165,163,168,224,01,7,3,1650
D,2111765872,997,4017,1,-446297,255,-169,-163,163,168,223,01,7,3,1650
D,2111766888,1016,4018,1,-446298,282,-169,-171,163,168,222,01,7,3,1650
D,2111767872,984,4018,0,-446298,255,-169,-163,163,166,222,01,7,3,1650
D,2111768884,1012,4019,1,-446299,263,-169,-165,163,166,221,01,7,3,1650
D,2111769857,973,4019,0,-446299,250,-169,-163,163,162,221,01,7,3,1650
D,2111770910,1053,4020,1,-446300,289,-168,-165,163,162,221,01,7,3,1650
D,2111771921,1011,4020,0,-446300,308,-168,-158,163,163,221,01,7,3,1650
D,2111772840,919,4021,1,-446301,229,-168,-158,163,163,220,01,7,3,1650
D,2111773866,1026,4021,0,-446301,255,-167,-158,157,163,220,01,7,3,1650
D,2111774920,1054,4022,1,-446302,305,-167,-163,157,163,219,01,7,3,1650
D,2111775837,917,4023,1,-446303,225,-167,-166,157,163,218,01,7,3,1650
D,2111776841,1004,4023,0,-446303,224,-167,-158,157,163,218,01,7,3,1650
D,2111777843,1002,4024,1,-446304,223,-166,-158,157,163,217,01,7,3,1650
D,2111778879,1036,4024,0,-446304,274,-166,-157,157,163,217,01,7,3,1650
D,2111779838,959,4025,1,-446305,223,-166,-158,157,163,216,01,7,3,1650
D,2111780937,1099,4026,1,-446306,327,-166,-163,157,163,215,01,7,3,1650
D,2111782002,1065,4026,0,-446306,390,-165,-154,157,163,215,01,7,3,1650
D,2111782935,933,4026,0,-446306,320,-165,-154,157,163,215,01,7,3,1650
D,2111783896,961,4027,1,-446307,278,-164,-154,157,163,214,01,7,3,1650
D,2111784873,977,4028,1,-446308,262,-164,-157,157,163,214,01,7,3,1650
D,2111785880,1007,4029,1,-446309,260,-164,-154,157,163,213,01,7,3,1650
D,2111786895,1015,4030,1,-446310,284,-164,-162,157,163,212,01,7,3,1650
D,2111787853,958,4030,0,-446310,239,-163,-155,157,163,212,01,7,3,1650
D,2111788886,1033,4031,1,-446311,268,-163,-155,157,163,211,01,7,3,1650
D,2111789845,959,4032,1,-446312,230,-163,-163,157,163,210,01,7,3,1650
D,2111790896,1051,4033,1,-446313,284,-163,-165,157,163,209,01,7,3,1650
D,2111791918,1022,4033,0,-446313,307,-163,-158,157,163,209,01,7,3,1650
D,2111792846,928,4034,1,-446314,238,-163,-158,157,162,208,01,7,3,1650
D,2111793844,998,4035,1,-446315,225,-162,-158,157,162,207,01,7,3,1650
D,2111794884,1040,4035,0,-446315,277,-162,-155,157,159,207,01,7,3,1650
D,2111795837,953,4036,1,-446316,220,-162,-158,157,159,207,01,7,3,1650
D,2111796838,1001,4036,0,-446316,224,-161,-150,157,156,207,01,7,3,1650
D,2111797842,1004,4037,1,-446317,223,-161,-150,157,156,206,01,7,3,1650
D,2111798913,1071,4038,1,-446318,294,-161,-154,152,157,205,01,7,3,1650
D,2111799844,931,4038,0,-446318,225,-160,-150,152,157,205,01,7,3,1650
D,2111800949,1105,4039,1,-446319,331,-160,-154,152,157,204,01,7,3,1650
D,2111802006,1057,4039,0,-446319,383,-160,-154,152,157,204,01,7,3,1650
D,2111802944,938,4040,1,-446320,324,-160,-154,152,157,203,01,7,3,1650
D,2111803877,933,4040,0,-446320,260,-159,-155,152,157,203,01,7,3,1650
D,2111804876,999,4041,1,-446321,258,-159,-157,152,157,202,01,7,3,1650
D,2111805862,986,4042,1,-446322,255,-159,-154,152,157,201,01,7,3,1650
D,2111806893,1031,4042,0,-446322,284,-159,-154,152,157,201,01,7,3,1650
D,2111807871,978,4043,1,-446323,254,-159,-154,152,157,200,01,7,3,1650
D,2111808877,1006,4043,0,-446323,257,-158,-149,152,157,200,01,7,3,1650
D,2111809860,983,4044,1,-446324,246,-158,-155,152,157,200,01,7,3,1650
D,2111810892,1032,4044,0,-446324,284,-158,-149,152,157,200,01,7,3,1650
D,2111811928,1036,4045,1,-446325,318,-158,-150,152,157,199,01,7,3,1650
D,2111812841,913,4046,1,-446326,226,-158,-158,152,157,198,01,7,3,1650
D,2111813837,996,4046,0,-446326,225,-158,-158,152,157,198,01,7,3,1650
D,2111814888,1051,4047,1,-446327,273,-158,-155,152,157,197,01,7,3,1650
D,2111815830,942,4047,0,-446327,223,-157,-150,152,157,197,01,7,3,1650
D,2111816829,999,4048,1,-446328,224,-157,-150,152,157,196,01,7,3,1650
D,2111817843,1014,4049,1,-446329,223,-157,-150,152,157,195,01,7,3,1650
D,2111818888,1045,4050,1,-446330,269,-157,-155,152,157,194,01,7,3,1650
D,2111819828,940,4051,1,-446331,220,-157,-158,152,157,193,01,7,3,1650
D,2111820950,1122,4051,0,-446331,327,-156,-146,152,156,193,01,7,3,1650
D,2111821992,1042,4052,1,-446332,383,-156,-154,152,156,192,01,7,3,1650
D,2111822931,939,4053,1,-446333,312,-156,-154,152,153,192,01,7,3,1650
D,2111823914,983,4053,0,-446333,299,-156,-146,147,153,192,01,7,3,1650
D,2111824886,972,4054,1,-446334,268,-156,-155,147,149,191,01,7,3,1650
D,2111825875,989,4054,0,-446334,264,-155,-146,147,149,191,01,7,3,1650
D,2111826915,1040,4055,1,-446335,306,-155,-154,147,152,190,01,7,3,1650
D,2111827862,947,4056,1,-446336,250,-155,-155,147,152,189,01,7,3,1650
D,2111828882,1020,4056,0,-446336,269,-155,-149,147,152,189,01,7,3,1650
D,2111829835,953,4057,1,-446337,230,-155,-150,147,152,188,01,7,3,1650
D,2111830890,1055,4057,0,-446337,277,-155,-149,147,152,188,01,7,3,1650
D,2111831939,1049,4058,1,-446338,325,-154,-150,147,152,187,01,7,3,1650
D,2111832833,894,4059,1,-446339,221,-154,-158,147,152,186,01,7,3,1650
D,2111833829,996,4059,0,-446339,222,-154,-150,147,152,186,01,7,3,1650
D,2111834890,1061,4060,1,-446340,274,-154,-155,147,152,185,01,7,3,1650
D,2111835835,945,4060,0,-446340,220,-154,-150,147,152,185,01,7,3,1650
D,2111836835,1000,4061,1,-446341,223,-154,-150,147,152,185,01,7,3,1650
D,2111837833,998,4061,0,-446341,222,-154,-150,147,152,185,01,7,3,1650
D,2111838884,1051,4061,0,-446341,269,-154,-146,147,152,185,01,7,3,1650
D,2111839832,948,4062,1,-446342,220,-153,-150,147,152,184,01,7,3,1650
D,2111840935,1103,4062,0,-446342,328,-153,-146,147,152,184,01,7,3,1650
D,2111841988,1053,4063,1,-446343,380,-153,-146,147,152,183,01,7,3,1650
D,2111842914,926,4064,1,-446344,307,-153,-146,147,149,182,01,7,3,1650
D,2111843876,962,4064,0,-446344,265,-152,-146,147,149,182,01,7,3,1650
D,2111844878,1002,4065,1,-446345,259,-152,-149,147,146,181,01,7,3,1650
D,2111845870,992,4065,0,-446345,251,-152,-146,147,146,181,01,7,3,1650
D,2111846908,1038,4066,1,-446346,286,-152,-146,147,146,180,01,7,3,1650
D,2111847856,948,4067,1,-446347,247,-152,-146,147,147,179,01,7,3,1650
D,2111848916,1060,4068,1,-446348,299,-151,-146,142,147,178,01,7,3,1650
D,2111849852,936,4068,0,-446348,244,-151,-138,142,147,178,01,7,3,1650
D,2111850931,1079,4069,1,-446349,318,-150,-141,142,147,178,01,7,3,1650
D,2111851923,992,4069,0,-446349,314,-150,-142,142,147,178,01,7,3,1650
D,2111852839,916,4070,1,-446350,227,-150,-142,142,147,177,01,7,3,1650
D,2111853837,998,4070,0,-446350,222,-149,-134,142,147,177,01,7,3,1650
D,2111854894,1057,4071,1,-446351,281,-149,-138,142,147,176,01,7,3,1650
D,2111855834,940,4072,1,-446352,223,-149,-142,142,147,175,01,7,3,1650
D,2111856829,995,4073,1,-446353,224,-149,-150,142,147,174,01,7,3,1650
D,2111857846,1017,4073,0,-446353,227,-148,-142,142,147,174,01,7,3,1650
D,2111858887,1041,4074,1,-446354,270,-148,-146,142,147,173,01,7,3,1650
D,2111859841,954,4074,0,-446354,222,-148,-138,142,147,173,01,7,3,1650
D,2111860958,1117,4075,1,-446355,337,-148,-146,142,147,172,01,7,3,1650
D,2111861995,1037,4076,1,-446356,374,-148,-146,142,147,171,01,7,3,1650
D,2111862943,948,4076,0,-446356,322,-147,-138,142,147,171,01,7,3,1650
D,2111863881,938,4077,1,-446357,270,-147,-146,142,147,171,01,7,3,1650
D,2111864863,982,4077,0,-446357,254,-147,-142,142,147,171,01,7,3,1650
D,2111865877,1014,4078,1,-446358,262,-147,-146,142,147,170,01,7,3,1650
D,2111866902,1025,4079,1,-446359,283,-147,-146,142,147,169,01,7,3,1650
D,2111867860,958,4079,0,-446359,243,-147,-146,142,147,169,01,7,3,1650
D,2111868886,1026,4080,1,-446360,266,-147,-155,142,146,168,01,7,3,1650
D,2111869841,955,4080,0,-446360,236,-147,-146,142,146,168,01,7,3,1650
D,2111870893,1052,4081,1,-446361,282,-147,-149,142,142,167,01,7,3,1650
D,2111871920,1027,4081,0,-446361,305,-147,-150,142,142,167,01,7,3,1650
D,2111872854,934,4082,1,-446362,238,-148,-150,142,139,166,01,7,3,1650
D,2111873853,999,4082,0,-446362,239,-147,-142,137,139,166,01,7,3,1650
D,2111874908,1055,4083,1,-446363,300,-147,-146,137,142,165,01,7,3,1650
D,2111875834,926,4083,0,-446363,224,-147,-142,137,142,165,01,7,3,1650
D,2111876836,1002,4084,1,-446364,224,-147,-150,137,142,164,01,7,3,1650
D,2111877837,1001,4084,0,-446364,223,-147,-142,137,142,164,01,7,3,1650
D,2111878873,1036,4085,1,-446365,265,-147,-142,137,142,163,01,7,3,1650
D,2111879840,967,4086,1,-446366,222,-147,-142,137,142,163,01,7,3,1650
D,2111880939,1099,4086,0,-446366,327,-146,-138,137,142,163,01,7,3,1650
D,2111881998,1059,4087,1,-446367,379,-146,-146,137,142,162,01,7,3,1650
D,2111882932,934,4088,1,-446368,317,-146,-146,137,142,161,01,7,3,1650
D,2111883889,957,4088,0,-446368,272,-146,-146,137,142,161,01,7,3,1650
D,2111884863,974,4089,1,-446369,258,-146,-150,137,142,160,01,7,3,1650
D,2111885870,1007,4089,0,-446369,261,-146,-138,137,142,160,01,7,3,1650
D,2111886892,1022,4090,1,-446370,281,-146,-138,137,142,159,01,7,3,1650
D,2111887854,962,4090,0,-446370,242,-145,-138,137,142,159,01,7,3,1650
D,2111888886,1032,4091,1,-446371,268,-145,-142,137,142,158,01,7,3,1650
D,2111889838,952,4092,1,-446372,233,-145,-142,137,142,157,01,7,3,1650
D,2111890910,1072,4093,1,-446373,290,-145,-149,137,142,156,01,7,3,1650
D,2111891920,1010,4093,0,-446373,304,-145,-142,137,142,156,01,7,3,1650
D,2111892851,931,4094,1,-446374,237,-145,-142,137,139,156,01,7,3,1650
D,2111893834,983,4094,0,-446374,223,-145,-142,137,139,156,01,7,3,1650
D,2111894882,1048,4095,1,-446375,271,-145,-146,137,135,155,01,7,3,1650
D,2111895837,955,4095,0,-446375,224,-145,-142,137,135,155,01,7,3,1650
D,2111896832,995,0,1,-446376,223,-145,-142,137,137,154,01,7,3,1650
D,2111897834,1002,1,1,-446377,223,-145,-142,137,137,153,01,7,3,1650
D,2111898906,1072,1,0,-446377,293,-144,-138,131,137,153,01,7,3,1650
D,2111899834,928,2,1,-446378,227,-144,-142,131,137,152,01,7,3,1650
D,2111900947,1113,2,0,-446378,328,-144,-138,131,137,152,01,7,3,1650
D,2111902015,1068,3,1,-446379,384,-144,-146,131,137,151,01,7,3,1650
D,2111902934,919,3,0,-446379,328,-144,-138,131,137,151,01,7,3,1650
D,2111903900,966,3,0,-446379,280,-144,-138,131,137,151,01,7,3,1650
D,2111904871,971,4,1,-446380,258,-144,-142,131,137,150,01,7,3,1650
D,2111905869,998,4,0,-446380,263,-143,-138,131,137,150,01,7,3,1650
D,2111906904,1035,5,1,-446381,286,-143,-138,131,137,149,01,7,3,1650
D,2111907856,952,5,0,-446381,246,-143,-138,131,137,149,01,7,3,1650
D,2111908874,1018,6,1,-446382,263,-143,-138,131,137,149,01,7,3,1650
D,2111909841,967,6,0,-446382,234,-142,-130,131,137,149,01,7,3,1650
D,2111910911,1070,7,1,-446383,291,-142,-134,131,137,148,01,7,3,1650
D,2111911924,1013,7,0,-446383,310,-142,-134,131,137,148,01,7,3,1650
D,2111912850,926,8,1,-446384,234,-141,-135,131,137,147,01,7,3,1650
D,2111913835,985,8,0,-446384,223,-141,-126,131,137,147,01,7,3,1650
D,2111914889,1054,9,1,-446385,274,-140,-130,131,137,146,01,7,3,1650
D,2111915839,950,9,0,-446385,220,-140,-126,131,137,146,01,7,3,1650
D,2111916832,993,10,1,-446386,223,-140,-134,131,137,145,01,7,3,1650
D,2111917834,1002,10,0,-446386,224,-139,-126,131,137,145,01,7,3,1650
D,2111918886,1052,11,1,-446387,269,-139,-130,131,137,144,01,7,3,1650
D,2111919834,948,11,0,-446387,220,-138,-126,131,135,144,01,7,3,1650
D,2111920936,1102,12,1,-446388,330,-138,-122,131,135,143,01,7,3,1650
D,2111921998,1062,13,1,-446389,373,-137,-130,131,131,142,01,7,3,1650
D,2111922932,934,13,0,-446389,311,-137,-122,131,131,142,01,7,3,1650
D,2111923892,960,14,1,-446390,284,-136,-130,127,131,142,01,7,3,1650
D,2111924885,993,15,1,-446391,269,-136,-130,127,131,141,01,7,3,1650
D,2111925864,979,15,0,-446391,258,-136,-130,127,131,141,01,7,3,1650
D,2111926916,1052,16,1,-446392,305,-136,-130,127,131,140,01,7,3,1650
D,2111927870,954,16,0,-446392,255,-135,-122,127,131,140,01,7,3,1650
D,2111928876,1006,17,1,-446393,265,-135,-126,127,131,139,01,7,3,1650
D,2111929844,968,17,0,-446393,238,-134,-122,127,131,139,01,7,3,1650
D,2111930923,1079,18,1,-446394,301,-134,-126,127,131,138,01,7,3,1650
D,2111931930,1007,18,0,-446394,319,-134,-126,127,131,138,01,7,3,1650
D,2111932845,915,19,1,-446395,226,-133,-127,127,131,137,01,7,3,1650
D,2111933845,1000,20,1,-446396,226,-133,-134,127,131,136,01,7,3,1650
D,2111934883,1038,20,0,-446396,274,-133,-130,127,131,136,01,7,3,1650
D,2111935834,951,21,1,-446397,224,-133,-134,127,131,135,01,7,3,1650
D,2111936830,996,21,0,-446397,223,-133,-134,127,131,135,01,7,3,1650
D,2111937843,1013,22,1,-446398,223,-133,-134,127,131,134,01,7,3,1650
D,2111938888,1045,22,0,-446398,269,-133,-130,127,131,134,01,7,3,1650
D,2111939833,945,22,0,-446398,220,-133,-126,127,131,134,01,7,3,1650
D,2111940933,1100,23,1,-446399,319,-133,-130,127,131,134,01,7,3,1650
D,2111941995,1062,23,0,-446399,366,-133,-130,127,131,134,01,7,3,1650
D,2111942926,931,24,1,-446400,317,-133,-130,127,131,133,01,7,3,1650
D,2111943879,953,24,0,-446400,263,-133,-130,127,127,133,01,7,3,1650
D,2111944867,988,24,0,-446400,258,-132,-126,127,127,133,01,7,3,1650
D,2111945870,1003,25,1,-446401,254,-132,-130,127,123,132,01,7,3,1650
D,2111946887,1017,25,0,-446401,280,-132,-122,127,123,132,01,7,3,1650
D,2111947849,962,26,1,-446402,244,-132,-130,127,123,131,01,7,3,1650
D,2111948920,1071,26,0,-446402,300,-131,-122,122,127,131,01,7,3,1650
D,2111949860,940,27,1,-446403,245,-131,-130,122,127,130,01,7,3,1650
D,2111950932,1072,27,0,-446403,314,-131,-126,122,127,130,01,7,3,1650
D,2111951934,1002,28,1,-446404,318,-131,-126,122,127,129,01,7,3,1650
D,2111952839,905,28,0,-446404,224,-130,-119,122,127,129,01,7,3,1650
D,2111953835,996,29,1,-446405,223,-130,-126,122,127,128,01,7,3,1650
D,2111954895,1060,30,1,-446406,286,-130,-122,122,127,127,01,7,3,1650
D,2111955833,938,30,0,-446406,225,-129,-118,122,127,127,01,7,3,1650
D,2111956844,1011,31,1,-446407,224,-129,-126,122,127,127,01,7,3,1650
D,2111957841,997,31,0,-446407,223,-129,-118,122,127,127,01,7,3,1650
D,2111958858,1017,32,1,-446408,249,-129,-126,122,127,126,01,7,3,1650
D,2111959837,979,32,0,-446408,223,-128,-118,122,127,126,01,7,3,1650
D,2111960948,1111,33,1,-446409,334,-128,-122,122,127,125,01,7,3,1650
D,2111961989,1041,33,0,-446409,364,-128,-122,122,127,125,01,7,3,1650
D,2111962919,930,34,1,-446410,313,-128,-122,122,127,124,01,7,3,1650
D,2111963878,959,34,0,-446410,262,-127,-114,122,127,124,01,7,3,1650
D,2111964880,1002,35,1,-446411,262,-127,-118,122,127,123,01,7,3,1650
D,2111965858,978,36,1,-446412,247,-127,-122,122,127,122,01,7,3,1650
D,2111966906,1048,36,0,-446412,295,-126,-122,122,127,122,01,7,3,1650
D,2111967853,947,37,1,-446413,244,-126,-122,122,127,121,01,7,3,1650
D,2111968881,1028,37,0,-446413,269,-126,-118,122,127,121,01,7,3,1650
D,2111969851,970,38,1,-446414,238,-126,-130,122,127,120,01,7,3,1650
D,2111970896,1045,38,0,-446414,284,-126,-126,122,123,120,01,7,3,1650
D,2111971921,1025,39,1,-446415,312,-126,-126,122,123,120,01,7,3,1650
D,2111972843,922,39,0,-446415,229,-126,-127,122,123,120,01,7,3,1650
D,2111973861,1018,40,1,-446416,251,-126,-126,116,119,119,01,7,3,1650
D,2111974915,1054,40,0,-446416,305,-126,-130,116,119,119,01,7,3,1650
D,2111975833,918,41,1,-446417,223,-127,-134,116,122,118,01,7,3,1650
D,2111976831,998,41,0,-446417,223,-126,-126,116,122,118,01,7,3,1650
D,2111977828,997,42,1,-446418,222,-127,-134,116,122,117,01,7,3,1650
D,2111978879,1051,42,0,-446418,266,-127,-126,116,122,117,01,7,3,1650
D,2111979837,958,43,1,-446419,221,-127,-134,116,122,116,01,7,3,1650
D,2111980946,1109,43,0,-446419,329,-127,-130,116,122,116,01,7,3,1650
D,2111982000,1054,44,1,-446420,389,-127,-130,116,122,115,01,7,3,1650
D,2111982916,916,44,0,-446420,309,-127,-130,116,122,115,01,7,3,1650
D,2111983891,975,45,1,-446421,272,-127,-130,116,122,114,01,7,3,1650
D,2111984874,983,45,0,-446421,256,-127,-126,116,122,114,01,7,3,1650
D,2111985871,997,45,0,-446421,258,-127,-122,116,122,114,01,7,3,1650
D,2111986899,1028,46,1,-446422,287,-127,-122,116,122,113,01,7,3,1650
D,2111987855,956,46,0,-446422,238,-127,-122,116,122,113,01,7,3,1650
D,2111988881,1026,46,0,-446422,266,-126,-114,116,122,113,01,7,3,1650
D,2111989843,962,46,0,-446422,235,-126,-114,116,122,113,01,7,3,1650
D,2111990900,1057,47,1,-446423,291,-125,-118,116,119,113,01,7,3,1650
D,2111991920,1020,47,0,-446423,309,-125,-110,116,119,113,01,7,3,1650
D,2111992846,926,48,1,-446424,236,-125,-119,116,119,112,01,7,3,1650
D,2111993828,982,48,0,-446424,222,-124,-111,116,115,112,01,7,3,1650
D,2111994886,1058,49,1,-446425,276,-124,-114,116,115,111,01,7,3,1650
D,2111995838,952,49,0,-446425,220,-123,-110,116,115,111,01,7,3,1650
D,2111996836,998,50,1,-446426,223,-123,-110,116,116,110,01,7,3,1650
D,2111997834,998,51,1,-446427,222,-123,-118,116,116,109,01,7,3,1650
D,2111998911,1077,51,0,-446427,296,-122,-114,111,116,109,01,7,3,1650
D,2111999827,916,52,1,-446428,222,-122,-118,111,116,108,01,7,3,1650
D,2112000950,1123,52,0,-446428,339,-122,-114,111,116,108,01,7,3,1650
D,2112001992,1042,52,0,-446428,378,-121,-106,111,116,108,01,7,3,1650
D,2112002936,944,53,1,-446429,324,-121,-114,111,116,107,01,7,3,1650
D,2112003876,940,53,0,-446429,267,-120,-106,111,116,107,01,7,3,1650
D,2112004863,987,54,1,-446430,257,-120,-110,111,116,106,01,7,3,1650
D,2112005883,1020,55,1,-446431,265,-120,-114,111,116,105,01,7,3,1650
D,2112006908,1025,55,0,-446431,287,-119,-114,111,116,105,01,7,3,1650
D,2112007853,945,56,1,-446432,248,-119,-114,111,116,105,01,7,3,1650
D,2112008877,1024,56,0,-446432,266,-119,-110,111,116,105,01,7,3,1650
D,2112009847,970,56,0,-446432,242,-118,-106,111,116,105,01,7,3,1650
D,2112010896,1049,57,1,-446433,287,-118,-110,111,116,104,01,7,3,1650
D,2112011926,1030,58,1,-446434,308,-118,-118,111,116,103,01,7,3,1650
D,2112012842,916,58,0,-446434,232,-118,-111,111,116,103,01,7,3,1650
D,2112013840,998,59,1,-446435,223,-118,-118,111,116,102,01,7,3,1650
D,2112014888,1048,59,0,-446435,278,-118,-114,111,116,102,01,7,3,1650
D,2112015837,949,59,0,-446435,222,-117,-110,111,116,102,01,7,3,1650
D,2112016835,998,60,1,-446436,224,-117,-118,111,116,101,01,7,3,1650
D,2112017833,998,60,0,-446436,223,-117,-110,111,116,101,01,7,3,1650
D,2112018885,1052,61,1,-446437,270,-117,-122,111,116,100,01,7,3,1650
D,2112019831,946,61,0,-446437,220,-117,-118,111,116,100,01,7,3,1650
D,2112020939,1108,62,1,-446438,329,-117,-122,111,115,99,01,7,3,1650
D,2112021999,1060,62,0,-446438,381,-118,-122,111,115,99,01,7,3,1650
D,2112022921,922,63,1,-446439,312,-118,-122,111,115,98,01,7,3,1650
D,2112023900,979,63,0,-446439,280,-118,-122,105,110,98,01,7,3,1650
D,2112024886,986,64,1,-446440,267,-118,-122,105,110,98,01,7,3,1650
D,2112025874,988,64,0,-446440,254,-118,-122,105,111,98,01,7,3,1650
D,2112026901,1027,64,0,-446440,294,-118,-114,105,111,98,01,7,3,1650
D,2112027868,967,65,1,-446441,261,-118,-114,105,111,97,01,7,3,1650
D,2112028883,1015,65,0,-446441,262,-118,-110,105,111,97,01,7,3,1650
D,2112029853,970,65,0,-446441,240,-117,-106,105,111,97,01,7,3,1650
D,2112030912,1059,66,1,-446442,291,-117,-110,105,111,96,01,7,3,1650
D,2112031931,1019,66,0,-446442,325,-117,-110,105,111,96,01,7,3,1650
D,2112032838,907,67,1,-446443,221,-117,-119,105,111,95,01,7,3,1650
D,2112033840,1002,67,0,-446443,223,-116,-111,105,111,95,01,7,3,1650
D,2112034858,1018,68,1,-446444,248,-117,-118,105,111,94,01,7,3,1650
D,2112035831,973,68,0,-446444,221,-116,-110,105,111,94,01,7,3,1650
D,2112036840,1009,69,1,-446445,223,-116,-110,105,111,93,01,7,3,1650
D,2112037842,1002,69,0,-446445,222,-116,-110,105,111,93,01,7,3,1650
D,2112038886,1044,69,0,-446445,278,-115,-106,105,111,93,01,7,3,1650
D,2112039838,952,70,1,-446446,225,-115,-110,105,111,92,01,7,3,1650
D,2112040942,1104,70,0,-446446,327,-115,-106,105,111,92,01,7,3,1650
D,2112041990,1048,71,1,-446447,370,-114,-106,105,111,91,01,7,3,1650
D,2112042929,939,72,1,-446448,307,-114,-114,105,111,91,01,7,3,1650
D,2112043896,967,72,0,-446448,276,-114,-106,105,111,91,01,7,3,1650
D,2112044873,977,72,0,-446448,257,-114,-102,105,111,91,01,7,3,1650
D,2112045871,998,73,1,-446449,257,-114,-114,105,110,90,01,7,3,1650
D,2112046894,1023,73,0,-446449,285,-113,-106,105,110,90,01,7,3,1650
D,2112047867,973,74,1,-446450,249,-113,-114,105,110,89,01,7,3,1650
D,2112048922,1055,74,0,-446450,302,-113,-106,100,106,89,01,7,3,1650
D,2112049861,939,75,1,-446451,251,-113,-114,100,106,88,01,7,3,1650
D,2112050928,1067,75,0,-446451,309,-113,-110,100,106,88,01,7,3,1650
D,2112051928,1000,76,1,-446452,314,-113,-110,100,101,87,01,7,3,1650
D,2112052838,910,76,0,-446452,224,-113,-111,100,101,87,01,7,3,1650
D,2112053829,991,77,1,-446453,222,-113,-111,100,101,86,01,7,3,1650
D,2112054890,1061,77,0,-446453,283,-112,-106,100,105,86,01,7,3,1650
D,2112055838,948,78,1,-446454,221,-112,-110,100,105,85,01,7,3,1650
D,2112056832,994,78,0,-446454,224,-112,-110,100,105,85,01,7,3,1650
D,2112057838,1006,78,0,-446454,223,-112,-110,100,105,85,01,7,3,1650
D,2112058892,1054,79,1,-446455,281,-112,-114,100,105,84,01,7,3,1650
D,2112059832,940,79,0,-446455,221,-112,-110,100,105,84,01,7,3,1650
D,2112060938,1106,80,1,-446456,327,-112,-114,100,105,83,01,7,3,1650
D,2112062000,1062,80,0,-446456,372,-112,-114,100,105,83,01,7,3,1650
D,2112062930,930,80,0,-446456,315,-112,-105,100,105,83,01,7,3,1650
D,2112063880,950,81,1,-446457,268,-112,-114,100,105,83,01,7,3,1650
D,2112064870,990,81,0,-446457,259,-112,-106,100,105,83,01,7,3,1650
D,2112065877,1007,82,1,-446458,255,-112,-114,100,105,82,01,7,3,1650
D,2112066912,1035,82,0,-446458,292,-112,-106,100,105,82,01,7,3,1650
D,2112067861,949,82,0,-446458,249,-111,-106,100,105,82,01,7,3,1650
D,2112068884,1023,83,1,-446459,267,-111,-110,100,105,81,01,7,3,1650
D,2112069860,976,83,0,-446459,244,-111,-106,100,101,81,01,7,3,1650
D,2112070891,1031,83,0,-446459,284,-111,-102,100,101,81,01,7,3,1650
D,2112071923,1032,84,1,-446460,310,-111,-110,100,101,80,01,7,3,1650
D,2112072842,919,84,0,-446460,230,-111,-103,100,96,80,01,7,3,1650
D,2112073870,1028,84,0,-446460,254,-110,-95,95,96,80,01,7,3,1650
D,2112074908,1038,85,1,-446461,302,-110,-106,95,96,79,01,7,3,1650
D,2112075840,932,85,0,-446461,223,-109,-102,95,100,79,01,7,3,1650
D,2112076833,993,86,1,-446462,223,-109,-103,95,100,78,01,7,3,1650
D,2112077830,997,86,0,-446462,223,-109,-103,95,100,78,01,7,3,1650
D,2112078889,1059,86,0,-446462,273,-108,-94,95,100,78,01,7,3,1650
D,2112079827,938,87,1,-446463,221,-108,-103,95,100,77,01,7,3,1650
D,2112080942,1115,87,0,-446463,329,-108,-98,95,100,77,01,7,3,1650
D,2112082013,1071,87,0,-446463,395,-107,-89,95,100,77,01,7,3,1650
D,2112082944,931,87,0,-446463,327,-106,-89,95,100,77,01,7,3,1650
D,2112083891,947,88,1,-446464,275,-106,-89,95,100,76,01,7,3,1650
D,2112084864,973,88,0,-446464,255,-105,-87,95,100,76,01,7,3,1650
D,2112085869,1005,89,1,-446465,263,-104,-89,95,100,76,01,7,3,1650
D,2112086899,1030,89,0,-446465,281,-104,-89,95,100,76,01,7,3,1650
D,2112087859,960,89,0,-446465,241,-103,-89,95,100,76,01,7,3,1650
D,2112088886,1027,90,1,-446466,265,-103,-94,95,100,75,01,7,3,1650
D,2112089848,962,90,0,-446466,232,-102,-89,95,100,75,01,7,3,1650
D,2112090908,1060,91,1,-446467,288,-102,-94,95,100,74,01,7,3,1650
D,2112091923,1015,91,0,-446467,304,-101,-87,95,100,74,01,7,3,1650
D,2112092854,931,92,1,-446468,239,-101,-95,95,100,73,01,7,3,1650
D,2112093836,982,92,0,-446468,222,-101,-95,95,100,73,01,7,3,1650
D,2112094890,1054,93,1,-446469,271,-101,-98,95,96,72,01,7,3,1650
D,2112095832,942,93,0,-446469,223,-100,-95,95,96,72,01,7,3,1650
D,2112096846,1014,94,1,-446470,226,-100,-95,95,96,71,01,7,3,1650
D,2112097830,984,94,0,-446470,223,-100,-95,95,90,71,01,7,3,1650
D,2112098906,1076,94,0,-446470,292,-100,-89,90,90,71,01,7,3,1650
D,2112099836,930,95,1,-446471,225,-99,-95,90,90,70,01,7,3,1650
D,2112100949,1113,95,0,-446471,330,-99,-97,90,95,70,01,7,3,1650
D,2112102001,1052,96,1,-446472,392,-99,-97,90,95,69,01,7,3,1650
D,2112102939,938,96,0,-446472,326,-99,-97,90,95,69,01,7,3,1650
D,2112103889,950,96,0,-446472,276,-99,-98,90,95,69,01,7,3,1650
D,2112104875,986,97,1,-446473,256,-99,-102,90,95,69,01,7,3,1650
D,2112105882,1007,97,0,-446473,266,-99,-98,90,95,69,01,7,3,1650
D,2112106894,1012,98,1,-446474,284,-99,-97,90,95,68,01,7,3,1650
D,2112107865,971,98,0,-446474,248,-99,-98,90,95,68,01,7,3,1650
D,2112108883,1018,98,0,-446474,263,-99,-94,90,95,68,01,7,3,1650
D,2112109848,965,99,1,-446475,234,-99,-98,90,95,67,01,7,3,1650
D,2112110904,1056,99,0,-446475,283,-99,-94,90,95,67,01,7,3,1650
D,2112111912,1008,100,1,-446476,298,-99,-102,90,95,66,01,7,3,1650
D,2112112850,938,100,0,-446476,242,-99,-103,90,95,66,01,7,3,1650
D,2112113829,979,100,0,-446476,224,-99,-103,90,95,66,01,7,3,1650
D,2112114897,1068,100,0,-446476,279,-99,-98,90,95,66,01,7,3,1650
D,2112115831,934,101,1,-446477,223,-99,-102,90,95,65,01,7,3,1650
D,2112116844,1013,101,0,-446477,224,-99,-95,90,95,65,01,7,3,1650
D,2112117829,985,101,0,-446477,222,-99,-95,90,95,65,01,7,3,1650
D,2112118886,1057,102,1,-446478,266,-99,-98,90,95,64,01,7,3,1650
D,2112119837,951,102,0,-446478,223,-99,-95,90,95,64,01,7,3,1650
D,2112120955,1118,103,1,-446479,333,-99,-98,90,95,63,01,7,3,1650
D,2112121999,1044,103,0,-446479,381,-99,-97,90,95,63,01,7,3,1650
D,2112122942,943,103,0,-446479,321,-98,-89,90,95,63,01,7,3,1650
D,2112123891,949,104,1,-446480,284,-98,-97,85,90,62,01,7,3,1650
D,2112124889,998,104,0,-446480,274,-98,-94,85,90,62,01,7,3,1650
D,2112125871,982,104,0,-446480,262,-98,-89,85,90,62,01,7,3,1650
D,2112126910,1039,105,1,-446481,296,-97,-89,85,90,62,01,7,3,1650
D,2112127867,957,105,0,-446481,251,-97,-89,85,84,62,01,7,3,1650
D,2112128873,1006,105,0,-446481,265,-97,-87,85,84,62,01,7,3,1650
D,2112129844,971,106,1,-446482,235,-96,-89,85,84,61,01,7,3,1650
D,2112130912,1068,106,0,-446482,293,-96,-86,85,89,61,01,7,3,1650
D,2112131931,1019,106,0,-446482,323,-96,-87,85,89,61,01,7,3,1650
D,2112132841,910,107,1,-446483,221,-95,-87,85,89,60,01,7,3,1650
D,2112133833,992,107,0,-446483,223,-95,-87,85,89,60,01,7,3,1650
D,2112134883,1050,107,0,-446483,272,-94,-81,85,89,60,01,7,3,1650
D,2112135834,951,108,1,-446484,225,-94,-87,85,89,59,01,7,3,1650
D,2112136842,1008,108,0,-446484,224,-94,-87,85,89,59,01,7,3,1650
D,2112137841,999,108,0,-446484,223,-93,-79,85,89,59,01,7,3,1650
D,2112138889,1048,109,1,-446485,269,-93,-90,85,89,58,01,7,3,1650
D,2112139835,946,109,0,-446485,221,-93,-87,85,89,58,01,7,3,1650
D,2112140938,1103,109,0,-446485,327,-92,-81,85,89,58,01,7,3,1650
D,2112142004,1066,110,1,-446486,375,-92,-81,85,89,57,01,7,3,1650
D,2112142931,927,110,0,-446486,312,-91,-81,85,89,57,01,7,3,1650
D,2112143877,946,111,1,-446487,265,-91,-89,85,89,56,01,7,3,1650
D,2112144879,1002,111,0,-446487,257,-91,-86,85,84,56,01,7,3,1650
D,2112145869,990,112,1,-446488,254,-91,-89,85,84,55,01,7,3,1650
D,2112146898,1029,112,0,-446488,277,-91,-89,85,84,55,01,7,3,1650
D,2112147858,960,112,0,-446488,253,-91,-89,85,84,55,01,7,3,1650
D,2112148905,1047,113,1,-446489,295,-91,-89,79,84,54,01,7,3,1650
D,2112149868,963,113,0,-446489,248,-91,-89,79,84,54,01,7,3,1650
D,2112150931,1063,114,1,-446490,312,-91,-94,79,84,54,01,7,3,1650
D,2112151923,992,114,0,-446490,316,-91,-87,79,84,54,01,7,3,1650
D,2112152837,914,114,0,-446490,225,-91,-87,79,84,54,01,7,3,1650
D,2112153828,991,115,1,-446491,223,-91,-95,79,84,53,01,7,3,1650
D,2112154896,1068,115,0,-446491,280,-91,-89,79,84,53,01,7,3,1650
D,2112155839,943,115,0,-446491,225,-91,-87,79,84,53,01,7,3,1650
D,2112156833,994,116,1,-446492,224,-91,-95,79,84,52,01,7,3,1650
D,2112157830,997,116,0,-446492,223,-91,-87,79,84,52,01,7,3,1650
D,2112158889,1059,117,1,-446493,273,-91,-98,79,84,51,01,7,3,1650
D,2112159832,943,117,0,-446493,220,-91,-95,79,84,51,01,7,3,1650
D,2112160946,1114,117,0,-446493,335,-91,-89,79,84,51,01,7,3,1650
D,2112161996,1050,118,1,-446494,379,-91,-97,79,84,50,01,7,3,1650
D,2112162927,931,118,0,-446494,311,-91,-89,79,84,50,01,7,3,1650
D,2112163884,957,118,0,-446494,266,-91,-89,79,84,50,01,7,3,1650
D,2112164869,985,119,1,-446495,257,-91,-94,79,84,49,01,7,3,1650
D,2112165863,994,119,0,-446495,256,-91,-89,79,84,49,01,7,3,1650
D,2112166894,1031,119,0,-446495,283,-91,-89,79,84,49,01,7,3,1650
D,2112167857,963,120,1,-446496,248,-91,-98,79,84,48,01,7,3,1650
D,2112168879,1022,120,0,-446496,267,-91,-94,79,84,48,01,7,3,1650
D,2112169852,973,120,0,-446496,243,-91,-89,79,84,48,01,7,3,1650
D,2112170892,1040,121,1,-446497,283,-92,-94,79,84,47,01,7,3,1650
D,2112171929,1037,121,0,-446497,309,-92,-95,79,84,47,01,7,3,1650
D,2112172840,911,121,0,-446497,234,-91,-87,79,84,47,01,7,3,1650
D,2112173863,1023,121,0,-446497,248,-91,-87,73,84,47,01,7,3,1650
D,2112174911,1048,122,1,-446498,296,-91,-89,73,78,47,01,7,3,1650
D,2112175839,928,122,0,-446498,224,-91,-87,73,78,47,01,7,3,1650
D,2112176834,995,123,1,-446499,224,-91,-87,73,78,46,01,7,3,1650
D,2112177830,996,123,0,-446499,222,-91,-87,73,78,46,01,7,3,1650
D,2112178886,1056,123,0,-446499,275,-91,-87,73,79,46,01,7,3,1650
D,2112179832,946,123,0,-446499,222,-90,-79,73,79,46,01,7,3,1650
D,2112180946,1114,123,0,-446499,328,-89,-73,73,79,46,01,7,3,1650
D,2112182007,1061,124,1,-446500,376,-89,-81,73,79,45,01,7,3,1650
D,2112182941,934,124,0,-446500,325,-89,-81,73,79,45,01,7,3,1650
D,2112183891,950,124,0,-446500,269,-88,-73,73,79,45,01,7,3,1650
D,2112184863,972,125,1,-446501,255,-88,-79,73,79,44,01,7,3,1650
D,2112185879,1016,125,0,-446501,262,-88,-81,73,79,44,01,7,3,1650
D,2112186898,1019,125,0,-446501,286,-87,-73,73,79,44,01,7,3,1650
D,2112187866,968,125,0,-446501,247,-86,-73,73,79,44,01,7,3,1650
D,2112188878,1012,126,1,-446502,265,-86,-79,73,79,43,01,7,3,1650
D,2112189851,973,126,0,-446502,238,-86,-73,73,79,43,01,7,3,1650
D,2112190886,1035,126,0,-446502,280,-85,-71,73,79,43,01,7,3,1650
D,2112191917,1031,126,0,-446502,301,-84,-71,73,79,43,01,7,3,1650
D,2112192856,939,127,1,-446503,243,-84,-71,73,79,42,01,7,3,1650
D,2112193836,980,127,0,-446503,223,-83,-71,73,78,42,01,7,3,1650
D,2112194885,1049,128,1,-446504,274,-83,-73,73,78,41,01,7,3,1650
D,2112195837,952,128,0,-446504,223,-83,-71,73,78,41,01,7,3,1650
D,2112196831,994,128,0,-446504,224,-82,-71,73,78,41,01,7,3,1650
D,2112197829,998,129,1,-446505,224,-82,-79,73,73,40,01,7,3,1650
D,2112198906,1077,129,0,-446505,291,-82,-73,68,73,40,01,7,3,1650
D,2112199841,935,129,0,-446505,222,-81,-71,68,73,40,01,7,3,1650
D,2112200949,1108,129,0,-446505,331,-81,-65,68,73,40,01,7,3,1650
D,2112202012,1063,129,0,-446505,389,-80,-65,68,73,40,01,7,3,1650
D,2112202924,912,130,1,-446506,310,-80,-73,68,73,40,01,7,3,1650
D,2112203881,957,130,0,-446506,267,-79,-73,68,73,40,01,7,3,1650
D,2112204868,987,131,1,-446507,251,-79,-79,68,73,39,01,7,3,1650
D,2112205870,1002,131,0,-446507,257,-79,-73,68,73,39,01,7,3,1650
D,2112206906,1036,132,1,-446508,295,-79,-73,68,71,38,01,7,3,1650
D,2112207869,963,132,0,-446508,249,-79,-73,68,71,38,01,7,3,1650
D,2112208875,1006,132,0,-446508,261,-78,-71,68,71,38,01,7,3,1650
D,2112209853,978,132,0,-446508,244,-78,-73,68,71,38,01,7,3,1650
D,2112210912,1059,132,0,-446508,291,-78,-71,68,64,38,01,7,3,1650
D,2112211920,1008,133,1,-446509,308,-78,-79,68,64,37,01,7,3,1650
D,2112212844,924,134,1,-446510,232,-78,-79,68,64,36,01,7,3,1650
D,2112213829,985,134,0,-446510,223,-78,-79,68,64,36,01,7,3,1650
D,2112214907,1078,134,0,-446510,285,-78,-73,68,68,36,01,7,3,1650
D,2112215838,931,134,0,-446510,220,-78,-71,68,68,36,01,7,3,1650
D,2112216835,997,135,1,-446511,228,-78,-79,68,68,35,01,7,3,1650
D,2112217838,1003,135,0,-446511,223,-78,-79,68,68,35,01,7,3,1650
D,2112218865,1027,136,1,-446512,260,-78,-87,68,68,34,01,7,3,1650
D,2112219836,971,136,0,-446512,220,-78,-79,68,68,34,01,7,3,1650
D,2112220954,1118,136,0,-446512,331,-78,-81,68,68,34,01,7,3,1650
D,2112222006,1052,136,0,-446512,385,-78,-81,68,68,34,01,7,3,1650
D,2112222931,925,137,1,-446513,312,-78,-81,68,68,33,01,7,3,1650
D,2112223914,983,137,0,-446513,295,-79,-81,61,68,33,01,7,3,1650
D,2112224890,976,137,0,-446513,277,-78,-73,61,68,33,01,7,3,1650
D,2112225871,981,138,1,-446514,258,-78,-81,61,68,33,01,7,3,1650
D,2112226929,1058,138,0,-446514,311,-79,-81,61,64,33,01,7,3,1650
D,2112227862,933,138,0,-446514,254,-78,-73,61,64,33,01,7,3,1650
D,2112228877,1015,139,1,-446515,265,-78,-79,61,64,32,01,7,3,1650
D,2112229847,970,139,0,-446515,238,-78,-81,61,64,32,01,7,3,1650
D,2112230912,1065,139,0,-446515,293,-78,-79,61,55,32,01,7,3,1650
D,2112231931,1019,140,1,-446516,314,-79,-87,61,55,31,01,7,3,1650
D,2112232838,907,140,0,-446516,228,-79,-87,61,55,31,01,7,3,1650
D,2112233829,991,140,0,-446516,223,-79,-79,61,55,31,01,7,3,1650
D,2112234896,1067,141,1,-446517,280,-79,-81,61,61,30,01,7,3,1650
D,2112235828,932,141,0,-446517,223,-79,-79,61,61,30,01,7,3,1650
D,2112236829,1001,141,0,-446517,225,-79,-79,61,61,30,01,7,3,1650
D,2112237842,1013,141,0,-446517,223,-79,-71,61,61,30,01,7,3,1650
D,2112238867,1025,142,1,-446518,257,-79,-79,61,61,29,01,7,3,1650
D,2112239840,973,142,0,-446518,223,-79,-79,61,61,29,01,7,3,1650
D,2112240935,1095,142,0,-446518,327,-79,-81,61,61,29,01,7,3,1650
D,2112242005,1070,142,0,-446518,386,-79,-73,61,61,29,01,7,3,1650
D,2112242921,916,142,0,-446518,306,-78,-65,61,61,29,01,7,3,1650
D,2112243874,953,143,1,-446519,256,-78,-73,61,61,28,01,7,3,1650
D,2112244878,1004,143,0,-446519,261,-78,-71,61,61,28,01,7,3,1650
D,2112245870,992,143,0,-446519,248,-78,-73,61,61,28,01,7,3,1650
D,2112246912,1042,143,0,-446519,291,-77,-65,61,61,28,01,7,3,1650
D,2112247859,947,143,0,-446519,248,-77,-65,61,61,28,01,7,3,1650
D,2112248918,1059,144,1,-446520,297,-76,-65,56,61,27,01,7,3,1650
D,2112249861,943,144,0,-446520,247,-76,-65,56,61,27,01,7,3,1650
D,2112250937,1076,144,0,-446520,317,-75,-63,56,55,27,01,7,3,1650
D,2112251929,992,145,1,-446521,316,-75,-71,56,55,26,01,7,3,1650
D,2112252845,916,145,0,-446521,226,-75,-71,56,55,26,01,7,3,1650
D,2112253839,994,145,0,-446521,222,-74,-63,56,55,26,01,7,3,1650
D,2112254894,1055,145,0,-446521,285,-74,-65,56,56,26,01,7,3,1650
D,2112255832,938,146,1,-446522,220,-74,-71,56,56,25,01,7,3,1650
D,2112256848,1016,146,0,-446522,228,-73,-63,56,56,25,01,7,3,1650
D,2112257827,979,146,0,-446522,222,-73,-63,56,56,25,01,7,3,1650
D,2112258868,1041,146,0,-446522,259,-73,-63,56,56,25,01,7,3,1650
D,2112259838,970,146,0,-446522,221,-72,-55,56,56,25,01,7,3,1650
D,2112260944,1106,147,1,-446523,332,-72,-65,56,56,25,01,7,3,1650
D,2112262010,1066,147,0,-446523,381,-71,-57,56,56,25,01,7,3,1650
D,2112262923,913,147,0,-446523,311,-71,-57,56,56,25,01,7,3,1650
D,2112263880,957,147,0,-446523,260,-70,-57,56,56,25,01,7,3,1650
D,2112264876,996,148,1,-446524,260,-70,-63,56,56,24,01,7,3,1650
D,2112265877,1001,148,0,-446524,257,-69,-57,56,56,24,01,7,3,1650
D,2112266897,1020,148,0,-446524,288,-69,-57,56,56,24,01,7,3,1650
D,2112267848,951,148,0,-446524,240,-68,-57,56,56,24,01,7,3,1650
D,2112268874,1026,149,1,-446525,268,-68,-57,56,56,23,01,7,3,1650
D,2112269857,983,149,0,-446525,240,-67,-57,56,56,23,01,7,3,1650
D,2112270907,1050,149,0,-446525,293,-67,-55,56,56,23,01,7,3,1650
D,2112271920,1013,149,0,-446525,313,-66,-55,56,56,23,01,7,3,1650
D,2112272839,919,150,1,-446526,229,-66,-63,56,56,22,01,7,3,1650
D,2112273869,1030,150,0,-446526,253,-66,-63,56,56,22,01,7,4,1100
D,2112274882,1013,151,1,-446527,270,-66,-65,56,56,21,01,7,4,1100
D,2112275841,959,152,1,-446528,222,-66,-71,56,56,20,01,7,4,1100
D,2112276834,993,154,2,-446530,225,-67,-87,56,56,18,01,7,4,1100
D,2112277838,1004,156,2,-446532,225,-69,-103,56,56,17,01,7,4,1100
D,2112278894,1056,157,1,-446533,276,-70,-110,56,55,16,01,7,4,1100
D,2112279826,932,158,1,-446534,220,-72,-111,56,55,15,01,7,4,1100
D,2112280931,1105,159,1,-446535,321,-74,-118,56,55,14,01,7,4,1100
D,2112282008,1077,159,0,-446535,390,-75,-114,56,45,14,01,7,4,1100
D,2112282937,929,159,0,-446535,326,-77,-114,56,45,14,01,7,4,1100
D,2112283874,937,159,0,-446535,269,-78,-114,56,45,14,01,7,4,1100
D,2112284873,999,159,0,-446535,254,-79,-110,56,45,14,01,7,4,1100
D,2112285866,993,159,0,-446535,260,-80,-106,56,45,14,01,7,4,1100
D,2112286880,1014,159,0,-446535,272,-81,-106,56,45,14,01,7,4,1100
D,2112287865,985,159,0,-446535,254,-82,-106,56,45,14,01,7,4,1100
D,2112288875,1010,159,0,-446535,264,-83,-106,56,45,14,01,7,4,1100
D,2112289869,994,160,1,-446536,253,-85,-114,56,45,13,01,7,4,1100
D,2112290896,1027,161,1,-446537,284,-86,-118,56,32,12,01,7,4,1100
D,2112291930,1034,161,0,-446537,316,-87,-110,56,32,12,01,7,4,1100
D,2112292843,913,162,1,-446538,228,-88,-119,56,32,11,01,7,4,1100
D,2112293835,992,162,0,-446538,225,-89,-118,56,32,11,01,7,4,1100
D,2112294885,1050,162,0,-446538,267,-90,-114,56,32,11,01,7,4,1100
D,2112295830,945,162,0,-446538,220,-91,-110,56,32,11,01,7,4,1100
D,2112296827,997,162,0,-446538,222,-92,-110,56,32,11,01,7,4,1100
D,2112297840,1013,162,0,-446538,225,-92,-110,56,32,11,01,7,4,1100
D,2112298891,1051,162,0,-446538,275,-93,-106,56,32,11,01,7,4,1100
D,2112299841,950,162,0,-446538,222,-93,-102,56,32,11,01,7,4,1100
D,2112300949,1108,162,0,-446538,329,-94,-106,56,32,11,01,7,4,1100
D,2112301967,1018,163,1,-446539,354,-95,-114,56,32,11,01,7,4,1100
D,2112302905,938,163,0,-446539,289,-95,-106,56,32,11,01,7,4,1100
D,2112303872,967,163,0,-446539,266,-95,-106,56,32,11,01,7,4,1100
D,2112304861,989,163,0,-446539,251,-96,-102,56,32,11,01,7,4,1100
D,2112305880,1019,164,1,-446540,260,-96,-98,56,32,10,01,7,4,1100
D,2112306913,1033,164,0,-446540,297,-95,-81,56,0,10,01,7,4,1100
D,2112307849,936,164,0,-446540,234,-94,-65,56,0,10,01,7,4,1100
D,2112308895,1046,164,0,-446540,274,-93,-57,56,0,10,01,7,4,1100
D,2112309851,956,164,0,-446540,232,-91,-49,56,0,10,01,7,4,1100
D,2112310906,1055,165,1,-446541,286,-89,-55,56,0,9,01,7,4,1100
D,2112311918,1012,165,0,-446541,310,-88,-47,56,0,9,01,7,4,1100
D,2112312837,919,165,0,-446541,232,-86,-48,56,0,9,01,7,4,1100
D,2112313831,994,165,0,-446541,222,-85,-47,56,0,9,01,7,4,1100
D,2112314851,1020,165,0,-446541,235,-83,-47,56,0,9,01,7,4,1100
D,2112315839,988,165,0,-446541,224,-82,-47,56,0,9,01,7,4,1100
D,2112316827,988,165,0,-446541,222,-81,-47,56,0,9,01,7,4,1100
D,2112317842,1015,165,0,-446541,223,-79,-47,56,0,9,01,7,4,1100
D,2112318837,995,165,0,-446541,229,-78,-47,56,0,9,01,7,4,1100
D,2112319842,1005,166,1,-446542,225,-77,-55,56,0,8,01,7,4,1100
D,2112320935,1093,166,0,-446542,316,-76,-41,56,0,8,01,7,4,1100
D,2112321992,1057,166,0,-446542,359,-74,-41,56,0,8,01,7,4,1100
D,2112322883,891,166,0,-446542,275,-73,-33,56,0,8,01,7,4,1100
D,2112323882,999,166,0,-446542,266,-71,-33,56,0,8,01,7,4,1100
D,2112324859,977,166,0,-446542,248,-70,-31,56,0,8,01,7,4,1100
D,2112325873,1014,166,0,-446542,258,-68,-33,56,0,8,01,7,4,1100
D,2112326868,995,166,0,-446542,258,-67,-33,56,0,8,01,7,4,1100
D,2112327875,1007,166,0,-446542,267,-65,-33,56,0,8,01,7,4,1100
D,2112328872,997,166,0,-446542,253,-64,-31,56,0,8,01,7,4,1100
D,2112329880,1008,166,0,-446542,267,-63,-33,56,0,0,01,8,4,1100
D,2112330865,985,166,0,-446542,256,-62,-31,56,0,0,01,8,4,1100
D,2112331915,1050,166,0,-446542,305,-60,-32,56,0,0,01,8,4,1100
D,2112332843,928,166,0,-446542,229,-59,-24,56,0,0,01,8,4,1100
D,2112333838,995,166,0,-446542,226,-58,-24,56,0,0,01,8,4,1100
D,2112334838,1000,166,0,-446542,220,-56,-24,56,0,0,01,8,4,1100
D,2112335847,1009,166,0,-446542,230,-55,-24,56,0,0,01,8,4,1100
D,2112336839,992,166,0,-446542,219,-53,-16,56,0,0,01,8,4,1100
D,2112337833,994,166,0,-446542,225,-52,-16,56,0,0,01,8,4,1100
D,2112338826,993,167,1,-446543,220,-51,-24,56,0,0,01,8,4,1100
D,2112339845,1019,167,0,-446543,231,-50,-24,56,0,0,01,8,4,1100
D,2112340925,1080,167,0,-446543,312,-48,-16,56,0,0,01,8,4,1100
D,2112342008,1083,167,0,-446543,388,-47,-16,56,0,0,01,8,4,1100
D,2112342870,862,167,0,-446543,263,-46,-16,56,0,0,01,8,4,1100
D,2112343876,1006,167,0,-446543,256,-45,-16,56,0,0,01,8,4,1100
D,2112344852,976,167,0,-446543,242,-44,-16,56,0,0,01,8,4,1100
D,2112345861,1009,167,0,-446543,243,-43,-16,56,0,0,01,8,4,1100
D,2112346863,1002,167,0,-446543,252,-42,-16,56,0,0,01,8,4,1100
D,2112347856,993,167,0,-446543,248,-41,-16,56,0,0,01,8,4,1100
D,2112348869,1013,167,0,-446543,260,-40,-16,56,0,0,01,8,4,1100
D,2112349863,994,167,0,-446543,247,-38,-8,56,0,0,01,8,4,1100
D,2112350863,1000,167,0,-446543,255,-37,-8,56,0,0,01,8,4,1100
D,2112351917,1054,167,0,-446543,297,-36,-8,56,0,0,01,8,4,1100
D,2112352844,927,167,0,-446543,233,-35,-8,56,0,0,01,8,4,1100
D,2112353840,996,167,0,-446543,226,-34,-8,56,0,0,01,8,4,1100
D,2112354850,1010,167,0,-446543,234,-33,-8,56,0,0,01,8,4,1100
D,2112355839,989,167,0,-446543,226,-32,-8,56,0,0,01,8,4,1100
D,2112356836,997,167,0,-446543,225,-31,-8,56,0,0,01,8,4,1100
D,2112357834,998,167,0,-446543,226,-30,-8,56,0,0,01,8,4,1100
D,2112358839,1005,167,0,-446543,232,-29,-8,56,0,0,01,8,4,1100
D,2112359840,1001,167,0,-446543,225,-28,-8,56,0,0,01,8,4,1100
D,2112360931,1091,167,0,-446543,316,-28,-8,56,0,0,01,8,4,1100
D,2112361997,1066,167,0,-446543,381,-27,-8,56,0,0,01,8,4,1100
D,2112362878,881,167,0,-446543,270,-26,-8,56,0,0,01,8,4,1100
D,2112363857,979,167,0,-446543,251,-25,-8,56,0,0,01,8,4,1100
D,2112364864,1007,167,0,-446543,247,-25,-8,56,0,0,01,8,4,1100
D,2112365859,995,167,0,-446543,240,-24,-8,56,0,0,01,8,4,1100
D,2112366860,1001,167,0,-446543,251,-23,-8,56,0,0,01,8,4,1100
D,2112367865,1005,167,0,-446543,249,-23,-8,56,0,0,01,8,4,1100
D,2112368859,994,167,0,-446543,251,-22,0,56,0,0,01,8,4,1100
D,2112369859,1000,167,0,-446543,244,-21,0,56,0,0,01,8,4,1100
D,2112370870,1011,167,0,-446543,254,-20,0,56,0,0,01,8,4,1100
D,2112371910,1040,167,0,-446543,297,-19,0,56,0,0,01,8,4,1100
D,2112372843,933,167,0,-446543,236,-19,0,56,0,0,01,8,4,1100
D,2112373845,1002,167,0,-446543,226,-18,0,56,0,0,01,8,4,1100
D,2112374847,1002,167,0,-446543,234,-17,0,56,0,0,01,8,4,1100
D,2112375842,995,167,0,-446543,225,-17,0,56,0,0,01,8,4,1100
D,2112376846,1004,167,0,-446543,226,-16,0,56,0,0,01,8,4,1100
D,2112377833,987,167,0,-446543,226,-15,0,56,0,0,01,8,4,1100
D,2112378843,1010,167,0,-446543,232,-15,0,56,0,0,01,8,4,1100
D,2112379832,989,167,0,-446543,226,-14,0,56,0,0,01,8,4,1100
D,2112380921,1089,167,0,-446543,310,-14,0,56,0,0,01,8,4,1100
D,2112382003,1082,167,0,-446543,386,-13,0,56,0,0,01,8,4,1100
D,2112382884,881,167,0,-446543,266,-13,0,56,0,0,01,8,4,1100
D,2112383863,979,167,0,-446543,253,-12,0,56,0,0,01,8,4,1100
D,2112384865,1002,167,0,-446543,247,-12,0,56,0,0,01,8,4,1100
D,2112385857,992,167,0,-446543,246,-11,0,56,0,0,01,8,4,1100
D,2112386875,1018,167,0,-446543,257,-11,0,56,0,0,01,8,4,1100
D,2112387852,977,167,0,-446543,246,-10,0,56,0,0,01,8,4,1100
D,2112388869,1017,167,0,-446543,264,-10,0,56,0,0,01,8,4,1100
D,2112389869,1000,167,0,-446543,249,-9,0,56,0,0,01,8,4,1100
D,2112390877,1008,167,0,-446543,263,-9,0,56,0,0,01,8,4,1100
D,2112391909,1032,166,-1,-446542,299,-8,8,56,0,0,01,8,4,1100
D,2112392852,943,167,1,-446543,233,-8,0,56,0,0,01,8,4,1100
D,2112393842,990,167,0,-446543,228,-8,0,56,0,0,01,8,4,1100
D,2112394840,998,166,-1,-446542,233,-7,8,56,0,0,01,8,4,1100
D,2112395838,998,166,0,-446542,228,-7,8,56,0,0,01,8,4,1100
D,2112396842,1004,166,0,-446542,226,-6,8,56,0,0,01,8,4,1100
D,2112397845,1003,167,1,-446543,225,-6,0,56,0,0,01,8,4,1100
D,2112398843,998,167,0,-446543,232,-6,0,56,0,0,01,8,4,1100
D,2112399832,989,166,-1,-446542,226,-5,8,56,0,0,01,8,4,1100
D,2112400931,1099,166,0,-446542,313,-4,8,56,0,0,01,8,4,1100
D,2112401996,1065,166,0,-446542,380,-4,8,56,0,0,01,8,4,1100
D,2112402886,890,167,1,-446543,273,-4,0,56,0,0,01,8,4,1100
D,2112403864,978,166,-1,-446542,250,-3,8,56,0,0,01,8,4,1100
D,2112404866,1002,166,0,-446542,247,-3,8,56,0,0,01,8,4,1100
D,2112405862,996,167,1,-446543,243,-3,0,56,0,0,01,8,4,1100
D,2112406875,1013,166,-1,-446542,256,-2,8,56,0,0,01,8,4,1100
D,2112407853,978,167,1,-446543,243,-2,0,56,0,0,01,8,4,1100
D,2112408867,1014,167,0,-446543,261,-2,0,56,0,0,01,8,4,1100
D,2112409865,998,167,0,-446543,245,-2,0,56,0,0,01,8,4,1100
D,2112410863,998,166,-1,-446542,259,-2,8,56,0,0,01,8,4,1100
D,2112411910,1047,166,0,-446542,301,-1,8,56,0,0,01,8,4,1100
D,2112412845,935,166,0,-446542,232,-1,8,56,0,0,01,8,4,1100
D,2112413832,987,166,0,-446542,225,-1,8,56,0,0,01,8,4,1100
D,2112414845,1013,167,1,-446543,233,-1,0,56,0,0,01,8,4,1100
D,2112415845,1000,166,-1,-446542,228,0,8,56,0,0,01,8,4,1100
D,2112416832,987,166,0,-446542,226,0,8,56,0,0,01,8,4,1100
D,2112417835,1003,166,0,-446542,226,0,8,56,0,0,01,8,4,1100
D,2112418845,1010,166,0,-446542,232,1,8,56,0,0,01,8,4,1100
D,2112419833,988,167,1,-446543,226,1,0,56,0,0,01,8,4,1100
D,2112420932,1099,167,0,-446543,311,1,0,56,0,0,01,8,4,1100
D,2112421992,1060,167,0,-446543,377,0,-8,56,0,0,01,8,4,1100
D,2112422877,885,167,0,-446543,269,0,0,56,0,0,01,8,4,1100
D,2112423867,990,167,0,-446543,250,0,0,56,0,0,01,8,4,1100
D,2112424853,986,167,0,-446543,247,0,-8,56,0,0,01,8,4,1100
D,2112425851,998,167,0,-446543,244,0,-8,56,0,0,01,8,4,1100
D,2112426874,1023,167,0,-446543,257,-1,-8,56,0,0,01,8,4,1100
D,2112427854,980,167,0,-446543,244,-1,0,56,0,0,01,8,4,1100
D,2112428872,1018,167,0,-446543,261,-1,0,56,0,0,01,8,4,1100
D,2112429865,993,167,0,-446543,247,-1,-8,56,0,0,01,8,4,1100
D,2112430879,1014,167,0,-446543,259,-1,-8,56,0,0,01,8,4,1100
D,2112431916,1037,167,0,-446543,303,-1,-8,56,0,0,01,8,4,1100
D,2112432846,930,167,0,-446543,232,-2,-8,56,0,0,01,8,4,1100
D,2112433835,989,167,0,-446543,226,-2,0,56,0,0,01,8,4,1100
D,2112434853,1018,167,0,-446543,233,-2,-8,56,0,0,01,8,4,1100
D,2112435835,982,167,0,-446543,228,-2,-8,56,0,0,01,8,4,1100
D,2112436839,1004,167,0,-446543,226,-2,0,56,0,0,01,8,4,1100
D,2112437842,1003,167,0,-446543,226,-2,-8,56,0,0,01,8,4,1100
D,2112438841,999,167,0,-446543,232,-2,0,56,0,0,01,8,4,1100
D,2112439832,991,167,0,-446543,226,-2,0,56,0,0,01,8,4,1100
D,2112440927,1095,167,0,-446543,312,-2,-8,56,0,0,01,8,4,1100
D,2112441988,1061,167,0,-446543,379,-3,-8,56,0,0,01,8,4,1100
D,2112442877,889,167,0,-446543,270,-3,-8,56,0,0,01,8,4,1100
D,2112443862,985,167,0,-446543,251,-3,-8,56,0,0,01,8,4,1100
D,2112444863,1001,167,0,-446543,247,-3,0,56,0,0,01,8,4,1100
D,2112445849,986,167,0,-446543,243,-3,-8,56,0,0,01,8,4,1100
D,2112446871,1022,167,0,-446543,257,-3,-8,56,0,0,01,8,4,1100
D,2112447856,985,167,0,-446543,246,-3,-8,56,0,0,01,8,4,1100
D,2112448870,1014,167,0,-446543,261,-4,-8,56,0,0,01,8,4,1100
D,2112449861,991,167,0,-446543,247,-4,0,56,0,0,01,8,4,1100
D,2112450867,1006,167,0,-446543,257,-3,0,56,0,0,01,8,4,1100
D,2112451909,1042,166,-1,-446542,300,-3,8,56,0,0,01,8,4,1100
D,2112452846,937,166,0,-446542,233,-3,8,56,0,0,01,8,4,1100
D,2112453837,991,167,1,-446543,226,-2,0,56,0,0,01,8,4,1100
D,2112454840,1003,167,0,-446543,235,-2,0,56,0,0,01,8,4,1100
D,2112455840,1000,167,0,-446543,228,-2,0,56,0,0,01,8,4,1100
D,2112456846,1006,167,0,-446543,226,-2,0,56,0,0,01,8,4,1100
D,2112457832,986,167,0,-446543,226,-2,0,56,0,0,01,8,4,1100
D,2112458843,1011,167,0,-446543,232,-2,0,56,0,0,01,8,4,1100
D,2112459832,989,167,0,-446543,226,-2,0,56,0,0,01,8,4,1100
D,2112460930,1098,167,0,-446543,313,-2,0,56,0,0,01,8,4,1100
D,2112461982,1052,167,0,-446543,373,-2,0,56,0,0,01,8,4,1100
D,2112462880,898,167,0,-446543,271,-2,0,56,0,0,01,8,4,1100
D,2112463855,975,167,0,-446543,250,-2,0,56,0,0,01,8,4,1100
D,2112464862,1007,167,0,-446543,248,-2,0,56,0,0,01,8,4,1100
D,2112465854,992,167,0,-446543,246,-2,0,56,0,0,01,8,4,1100
D,2112466866,1012,167,0,-446543,260,-1,0,56,0,0,01,8,4,1100
D,2112467854,988,167,0,-446543,246,-1,0,56,0,0,01,8,4,1100
D,2112468882,1028,167,0,-446543,265,-1,0,56,0,0,01,8,4,1100
D,2112469854,972,167,0,-446543,249,-1,0,56,0,0,01,8,4,1100
D,2112470876,1022,167,0,-446543,260,-1,0,56,0,0,01,8,4,1100
D,2112471912,1036,167,0,-446543,302,-1,0,56,0,0,01,8,4,1100
D,2112472837,925,167,0,-446543,232,-1,0,56,0,0,01,8,4,1100
D,2112473840,1003,167,0,-446543,225,-1,0,56,0,0,01,8,4,1100
D,2112474840,1000,167,0,-446543,235,-1,0,56,0,0,01,8,4,1100
D,2112475840,1000,166,-1,-446542,228,-1,8,56,0,0,01,8,4,1100
D,2112476846,1006,167,1,-446543,226,-1,0,56,0,0,01,8,4,1100
D,2112477832,986,167,0,-446543,226,-1,0,56,0,0,01,8,4,1100
D,2112478843,1011,166,-1,-446542,232,0,8,56,0,0,01,8,4,1100
D,2112479832,989,166,0,-446542,226,0,8,56,0,0,01,8,4,1100
D,2112480920,1088,166,0,-446542,310,0,8,56,0,0,01,8,4,1100
D,2112481988,1068,166,0,-446542,381,0,0,56,0,0,01,8,4,1100
D,2112482878,890,166,0,-446542,273,0,0,56,0,0,01,8,4,1100
D,2112483859,981,166,0,-446542,249,1,8,56,0,0,01,8,4,1100
D,2112484860,1001,166,0,-446542,247,1,8,56,0,0,01,8,4,1100
D,2112485864,1004,166,0,-446542,244,1,8,56,0,0,01,8,4,1100
D,2112486872,1008,166,0,-446542,257,1,8,56,0,0,01,8,4,1100
D,2112487856,984,166,0,-446542,245,2,8,56,0,0,01,8,4,1100
D,2112488874,1018,166,0,-446542,260,2,8,56,0,0,01,8,4,1100
D,2112489851,977,166,0,-446542,246,2,8,56,0,0,01,8,4,1100
D,2112490870,1019,166,0,-446542,256,2,8,56,0,0,01,8,4,1100
D,2112491917,1047,166,0,-446542,300,3,8,56,0,0,01,8,4,1100
D,2112492842,925,166,0,-446542,232,3,8,56,0,0,01,8,4,1100
D,2112493845,1003,166,0,-446542,226,3,8,56,0,0,01,8,4,1100
D,2112494848,1003,166,0,-446542,236,3,8,56,0,0,01,8,4,1100
D,2112495848,1000,166,0,-446542,228,3,8,56,0,0,01,8,4,1100
D,2112496835,987,166,0,-446542,226,4,8,56,0,0,01,8,4,1100
D,2112497838,1003,166,0,-446542,226,4,8,56,0,0,01,8,4,1100
D,2112498850,1012,166,0,-446542,232,4,8,56,0,0,01,8,4,1100
D,2112499839,989,166,0,-446542,226,4,8,56,0,0,01,8,4,1100
D,2112500919,1080,166,0,-446542,312,4,8,56,0,0,01,8,4,1100
D,2112501993,1074,166,0,-446542,378,4,8,56,0,0,01,8,4,1100
D,2112502877,884,166,0,-446542,271,5,8,56,0,0,01,8,4,1100
D,2112503868,991,166,0,-446542,250,5,8,56,0,0,01,8,4,1100
D,2112504866,998,166,0,-446542,247,5,8,56,0,0,01,8,4,1100
D,2112505851,985,166,0,-446542,244,5,0,56,0,0,01,8,4,1100
D,2112506870,1019,166,0,-446542,257,5,8,56,0,0,01,8,4,1100
D,2112507857,987,166,0,-446542,247,5,8,56,0,0,01,8,4,1100
D,2112508871,1014,166,0,-446542,260,5,0,56,0,0,01,8,4,1100
D,2112509852,981,166,0,-446542,247,5,0,56,0,0,01,8,4,1100
D,2112510864,1012,166,0,-446542,256,4,0,56,0,0,01,8,4,1100
D,2112511921,1057,166,0,-446542,300,4,0,56,0,0,01,8,4,1100
D,2112512848,927,166,0,-446542,233,4,0,56,0,0,01,8,4,1100
D,2112513836,988,166,0,-446542,226,4,0,56,0,0,01,8,4,1100
D,2112514855,1019,166,0,-446542,235,4,0,56,0,0,01,8,4,1100
D,2112515839,984,166,0,-446542,228,4,0,56,0,0,01,8,4,1100
D,2112516842,1003,166,0,-446542,225,3,0,56,0,0,01,8,4,1100
D,2112517846,1004,166,0,-446542,226,3,0,56,0,0,01,8,4,1100
D,2112518843,997,166,0,-446542,232,3,0,56,0,0,01,8,4,1100
D,2112519832,989,166,0,-446542,226,3,0,56,0,0,01,8,4,1100
D,2112520925,1093,166,0,-446542,311,3,0,56,0,0,01,8,4,1100
D,2112521987,1062,166,0,-446542,377,3,0,56,0,0,01,8,4,1100
D,2112522881,894,166,0,-446542,272,3,0,56,0,0,01,8,4,1100
D,2112523860,979,166,0,-446542,249,3,0,56,0,0,01,8,4,1100
D,2112524868,1008,166,0,-446542,248,2,0,56,0,0,01,8,4,1100
D,2112525862,994,166,0,-446542,243,2,0,56,0,0,01,8,4,1100
D,2112526864,1002,166,0,-446542,258,2,0,56,0,0,01,8,4,1100
D,2112527857,993,166,0,-446542,248,2,0,56,0,0,01,8,4,1100
D,2112528880,1023,166,0,-446542,260,2,0,56,0,0,01,8,4,1100
D,2112529852,972,166,0,-446542,246,2,0,56,0,0,01,8,4,1100
D,2112530878,1026,166,0,-446542,260,2,0,56,0,0,01,8,4,1100
D,2112531916,1038,166,0,-446542,302,2,0,56,0,0,01,8,4,1100
D,2112532844,928,166,0,-446542,233,2,0,56,0,0,01,8,4,1100
D,2112533842,998,166,0,-446542,225,2,0,56,0,0,01,8,4,1100
D,2112534840,998,166,0,-446542,233,2,0,56,0,0,01,8,4,1100
D,2112535840,1000,166,0,-446542,228,2,0,56,0,0,01,8,4,1100
D,2112536845,1005,166,0,-446542,225,2,0,56,0,0,01,8,4,1100
D,2112537832,987,166,0,-446542,226,1,0,56,0,0,01,8,4,1100
D,2112538843,1011,166,0,-446542,232,1,0,56,0,0,01,8,4,1100
D,2112539832,989,166,0,-446542,226,1,0,56,0,0,01,8,4,1100
D,2112540928,1096,166,0,-446542,314,1,0,56,0,0,01,8,4,1100
D,2112541989,1061,166,0,-446542,379,1,0,56,0,0,01,8,4,1100
D,2112542881,892,166,0,-446542,271,1,0,56,0,0,01,8,4,1100
D,2112543863,982,166,0,-446542,252,1,0,56,0,0,01,8,4,1100
D,2112544857,994,166,0,-446542,249,1,0,56,0,0,01,8,4,1100
D,2112545859,1002,166,0,-446542,246,1,0,56,0,0,01,8,4,1100
D,2112546871,1012,166,0,-446542,259,1,0,56,0,0,01,8,4,1100
D,2112547856,985,166,0,-446542,248,1,0,56,0,0,01,8,4,1100
D,2112548876,1020,166,0,-446542,262,1,0,56,0,0,01,8,4,1100
D,2112549853,977,166,0,-446542,248,1,0,56,0,0,01,8,4,1100
D,2112550878,1025,166,0,-446542,261,1,0,56,0,0,01,8,4,1100
D,2112551907,1029,166,0,-446542,301,1,0,56,0,0,01,8,4,1100
D,2112552849,942,166,0,-446542,232,1,0,56,0,0,01,8,4,1100
D,2112553835,986,166,0,-446542,226,1,0,56,0,0,01,8,4,1100
D,2112554853,1018,166,0,-446542,233,1,0,56,0,0,01,8,4,1100
D,2112555835,982,166,0,-446542,228,1,0,56,0,0,01,8,4,1100
D,2112556838,1003,166,0,-446542,226,1,0,56,0,0,01,8,4,1100
D,2112557842,1004,166,0,-446542,226,1,0,56,0,0,01,8,4,1100
D,2112558841,999,166,0,-446542,232,1,0,56,0,0,01,8,4,1100
D,2112559832,991,166,0,-446542,226,1,0,56,0,0,01,8,4,1100
D,2112560927,1095,166,0,-446542,313,1,0,56,0,0,01,8,4,1100
D,2112561992,1065,166,0,-446542,382,1,0,56,0,0,01,8,4,1100
D,2112562884,892,166,0,-446542,271,1,0,56,0,0,01,8,4,1100
D,2112563866,982,166,0,-446542,251,1,0,56,0,0,01,8,4,1100
D,2112564867,1001,166,0,-446542,248,1,0,56,0,0,01,8,4,1100
D,2112565858,991,166,0,-446542,245,0,0,56,0,0,01,8,4,1100
D,2112566863,1005,166,0,-446542,255,0,0,56,0,0,01,8,4,1100
D,2112567853,990,166,0,-446542,248,0,0,56,0,0,01,8,4,1100
D,2112568867,1014,166,0,-446542,261,0,0,56,0,0,01,8,4,1100
D,2112569865,998,166,0,-446542,249,0,0,56,0,0,01,8,4,1100
D,2112570875,1010,166,0,-446542,258,0,0,56,0,0,01,8,4,1100
D,2112571916,1041,166,0,-446542,302,0,0,56,0,0,01,8,4,1100
D,2112572839,923,166,0,-446542,232,0,0,56,0,0,01,8,4,1100
D,2112573840,1001,166,0,-446542,225,0,0,56,0,0,01,8,4,1100
D,2112574854,1014,166,0,-446542,233,0,0,56,0,0,01,8,4,1100
D,2112575837,983,166,0,-446542,228,0,0,56,0,0,01,8,4,1100
D,2112576840,1003,166,0,-446542,226,0,0,56,0,0,01,8,4,1100
D,2112577846,1006,166,0,-446542,226,0,0,56,0,0,01,8,4,1100
D,2112578843,997,165,-1,-446541,232,1,8,56,0,0,01,8,4,1100
D,2112579832,989,165,0,-446541,226,1,8,56,0,0,01,8,4,1100
D,2112580923,1091,165,0,-446541,312,1,8,56,0,0,01,8,4,1100
D,2112582005,1082,165,0,-446541,384,1,8,56,0,0,01,8,4,1100
D,2112582872,867,165,0,-446541,267,2,8,56,0,0,01,8,4,1100
D,2112583864,992,165,0,-446541,252,2,8,56,0,0,01,8,4,1100
D,2112584852,988,165,0,-446541,247,2,8,56,0,0,01,8,4,1100
D,2112585860,1008,165,0,-446541,247,2,8,56,0,0,01,8,4,1100
D,2112586868,1008,165,0,-446541,257,3,8,56,0,0,01,8,4,1100
D,2112587849,981,165,0,-446541,243,3,8,56,0,0,01,8,4,1100
D,2112588884,1035,165,0,-446541,263,3,8,56,0,0,01,8,4,1100
D,2112589861,977,165,0,-446541,243,3,8,56,0,0,01,8,4,1100
D,2112590875,1014,165,0,-446541,261,3,8,56,0,0,01,8,4,1100
D,2112591912,1037,165,0,-446541,302,4,8,56,0,0,01,8,4,1100
D,2112592839,927,165,0,-446541,233,4,8,56,0,0,01,8,4,1100
D,2112593840,1001,165,0,-446541,226,4,8,56,0,0,01,8,4,1100
D,2112594853,1013,165,0,-446541,233,4,8,56,0,0,01,8,4,1100
D,2112595837,984,165,0,-446541,228,4,8,56,0,0,01,8,4,1100
D,2112596839,1002,165,0,-446541,225,4,8,56,0,0,01,8,4,1100
D,2112597843,1004,165,0,-446541,226,5,8,56,0,0,01,8,4,1100
D,2112598841,998,165,0,-446541,232,5,8,56,0,0,01,8,4,1100
D,2112599832,991,165,0,-446541,226,5,8,56,0,0,01,8,4,1100
D,2112600929,1097,165,0,-446541,314,5,8,56,0,0,01,8,4,1100
D,2112601994,1065,165,0,-446541,382,5,8,56,0,0,01,8,4,1100
D,2112602891,897,165,0,-446541,272,5,8,56,0,0,01,8,4,1100
D,2112603866,975,165,0,-446541,250,5,8,56,0,0,01,8,4,1100
D,2112604852,986,165,0,-446541,247,5,8,56,0,0,01,8,4,1100
D,2112605863,1011,164,-1,-446540,244,6,16,56,0,0,01,8,4,1100
D,2112606877,1014,164,0,-446540,256,6,16,56,0,0,01,8,4,1100
D,2112607849,972,165,1,-446541,243,6,8,56,0,0,01,8,4,1100
D,2112608880,1031,165,0,-446541,261,6,0,56,0,0,01,8,4,1100
D,2112609852,972,164,-1,-446540,246,6,8,56,0,0,01,8,4,1100
D,2112610877,1025,164,0,-446540,259,6,8,56,0,0,01,8,4,1100
D,2112611916,1039,165,1,-446541,303,6,0,56,0,0,01,8,4,1100
D,2112612842,926,165,0,-446541,232,6,0,56,0,0,01,8,4,1100
D,2112613840,998,165,0,-446541,226,6,0,56,0,0,01,8,4,1100
D,2112614853,1013,164,-1,-446540,233,6,8,56,0,0,01,8,4,1100
D,2112615837,984,164,0,-446540,228,6,8,56,0,0,01,8,4,1100
D,2112616839,1002,164,0,-446540,225,6,8,56,0,0,01,8,4,1100
D,2112617843,1004,164,0,-446540,226,6,8,56,0,0,01,8,4,1100
D,2112618841,998,164,0,-446540,232,6,8,56,0,0,01,8,4,1100
D,2112619832,991,164,0,-446540,226,6,8,56,0,0,01,8,4,1100
D,2112620920,1088,164,0,-446540,314,6,8,56,0,0,01,8,4,1100
D,2112621996,1076,164,0,-446540,388,6,8,56,0,0,01,8,4,1100
D,2112622882,886,164,0,-446540,268,6,8,56,0,0,01,8,4,1100
D,2112623876,994,164,0,-446540,256,6,8,56,0,0,01,8,4,1100
D,2112624852,976,164,0,-446540,246,6,8,56,0,0,01,8,4,1100
D,2112625868,1016,164,0,-446540,249,6,8,56,0,0,01,8,4,1100
D,2112626869,1001,164,0,-446540,258,7,8,56,0,0,01,8,4,1100
D,2112627860,991,164,0,-446540,248,7,8,56,0,0,01,8,4,1100
D,2112628874,1014,164,0,-446540,262,7,8,56,0,0,01,8,4,1100
D,2112629855,981,164,0,-446540,249,7,8,56,0,0,01,8,4,1100
D,2112630875,1020,164,0,-446540,258,7,8,56,0,0,01,8,4,1100
D,2112631920,1045,164,0,-446540,303,7,8,56,0,0,01,8,4,1100
D,2112632844,924,164,0,-446540,231,7,8,56,0,0,01,8,4,1100
D,2112633832,988,164,0,-446540,226,7,8,56,0,0,01,8,4,1100
D,2112634848,1016,164,0,-446540,235,7,8,56,0,0,01,8,4,1100
D,2112635849,1001,164,0,-446540,228,7,8,56,0,0,01,8,4,1100
D,2112636835,986,164,0,-446540,225,7,0,56,0,0,01,8,4,1100
D,2112637838,1003,164,0,-446540,226,6,0,56,0,0,01,8,4,1100
D,2112638850,1012,164,0,-446540,232,6,8,56,0,0,01,8,4,1100
D,2112639838,988,164,0,-446540,226,7,8,56,0,0,01,8,4,1100
D,2112640930,1092,164,0,-446540,313,6,0,56,0,0,01,8,4,1100
D,2112642005,1075,164,0,-446540,386,6,8,56,0,0,01,8,4,1100
D,2112642871,866,164,0,-446540,266,6,8,56,0,0,01,8,4,1100
D,2112643862,991,164,0,-446540,252,6,8,56,0,0,01,8,4,1100
D,2112644860,998,164,0,-446540,247,6,0,56,0,0,01,8,4,1100
D,2112645852,992,164,0,-446540,247,6,0,56,0,0,01,8,4,1100
D,2112646865,1013,164,0,-446540,256,6,0,56,0,0,01,8,4,1100
D,2112647860,995,164,0,-446540,248,6,0,56,0,0,01,8,4,1100
D,2112648877,1017,164,0,-446540,261,5,0,56,0,0,01,8,4,1100
D,2112649864,987,164,0,-446540,245,5,0,56,0,0,01,8,4,1100
D,2112650876,1012,164,0,-446540,259,5,0,56,0,0,01,8,4,1100
D,2112651917,1041,164,0,-446540,304,5,0,56,0,0,01,8,4,1100
D,2112652843,926,164,0,-446540,233,5,0,56,0,0,01,8,4,1100
D,2112653842,999,164,0,-446540,225,4,0,56,0,0,01,8,4,1100
D,2112654840,998,164,0,-446540,233,4,0,56,0,0,01,8,4,1100
D,2112655840,1000,164,0,-446540,228,4,0,56,0,0,01,8,4,1100
D,2112656845,1005,164,0,-446540,225,4,0,56,0,0,01,8,4,1100
D,2112657832,987,164,0,-446540,226,4,0,56,0,0,01,8,4,1100
D,2112658843,1011,164,0,-446540,232,4,0,56,0,0,01,8,4,1100
D,2112659832,989,164,0,-446540,226,3,0,56,0,0,01,8,4,1100
D,2112660934,1102,164,0,-446540,313,3,0,56,0,0,01,8,4,1100
D,2112661997,1063,164,0,-446540,378,3,0,56,0,0,01,8,4,1100
D,2112662886,889,164,0,-446540,272,3,0,56,0,0,01,8,4,1100
D,2112663867,981,164,0,-446540,250,3,0,56,0,0,01,8,4,1100
D,2112664856,989,164,0,-446540,248,3,0,56,0,0,01,8,4,1100
D,2112665855,999,164,0,-446540,247,3,0,56,0,0,01,8,4,1100
D,2112666866,1011,164,0,-446540,257,3,0,56,0,0,01,8,4,1100
D,2112667853,987,164,0,-446540,248,2,0,56,0,0,01,8,4,1100
D,2112668867,1014,165,1,-446541,258,2,-8,56,0,0,01,8,4,1100
D,2112669859,992,165,0,-446541,248,2,-8,56,0,0,01,8,4,1100
D,2112670863,1004,165,0,-446541,256,1,-8,56,0,0,01,8,4,1100
D,2112671917,1054,166,1,-446542,300,1,-16,56,0,0,01,8,4,1100
D,2112672847,930,166,0,-446542,233,0,-16,56,0,0,01,8,4,1100
D,2112673833,986,166,0,-446542,226,-1,-16,56,0,0,01,8,4,1100
D,2112674850,1017,167,1,-446543,235,-2,-24,56,0,0,01,8,4,1100
D,2112675833,983,167,0,-446543,228,-2,-24,56,0,0,01,8,4,1100
D,2112676836,1003,168,1,-446544,226,-4,-32,56,0,0,01,8,4,1100
D,2112677839,1003,168,0,-446544,226,-5,-32,56,0,0,01,8,4,1100
D,2112678850,1011,168,0,-446544,232,-6,-32,56,0,0,01,8,4,1100
D,2112679838,988,167,-1,-446543,226,-6,-24,56,0,0,01,8,4,1100
D,2112680919,1081,166,-1,-446542,311,-7,-16,56,0,0,01,8,4,1100
D,2112681985,1066,166,0,-446542,379,-7,-16,56,0,0,01,8,4,1100
D,2112682886,901,165,-1,-446541,269,-7,-8,56,0,0,01,8,4,1100
D,2112683871,985,164,-1,-446540,250,-7,0,56,0,0,01,8,4,1100
D,2112684859,988,164,0,-446540,247,-7,0,56,0,0,01,8,4,1100
D,2112685864,1005,165,1,-446541,244,-7,-8,56,0,0,01,8,4,1100
D,2112686870,1006,165,0,-446541,254,-7,-8,56,0,0,01,8,4,1100
D,2112687852,982,165,0,-446541,246,-7,-8,56,0,0,01,8,4,1100
D,2112688869,1017,165,0,-446541,260,-7,-8,56,0,0,01,8,4,1100
D,2112689860,991,165,0,-446541,247,-7,-8,56,0,0,01,8,4,1100
D,2112690871,1011,164,-1,-446540,259,-7,0,56,0,0,01,8,4,1100
D,2112691918,1047,164,0,-446540,299,-6,0,56,0,0,01,8,4,1100
D,2112692840,922,165,1,-446541,233,-6,-8,56,0,0,01,8,4,1100
D,2112693842,1002,165,0,-446541,226,-7,-8,56,0,0,01,8,4,1100
D,2112694841,999,165,0,-446541,233,-7,-8,56,0,0,01,8,4,1100
D,2112695841,1000,165,0,-446541,228,-7,-8,56,0,0,01,8,4,1100
D,2112696845,1004,165,0,-446541,225,-7,-8,56,0,0,01,8,4,1100
D,2112697832,987,164,-1,-446540,226,-6,0,56,0,0,01,8,4,1100
D,2112698843,1011,165,1,-446541,232,-6,-8,56,0,0,01,8,4,1100
D,2112699832,989,165,0,-446541,226,-6,0,56,0,0,01,8,4,1100
D,2112700933,1101,165,0,-446541,314,-6,0,56,0,0,01,8,4,1100
D,2112701998,1065,165,0,-446541,378,-5,8,56,0,0,01,8,4,1100
D,2112702874,876,165,0,-446541,269,-5,8,56,0,0,01,8,4,1100
D,2112703872,998,165,0,-446541,252,-4,8,56,0,0,01,8,4,1100
D,2112704856,984,164,-1,-446540,245,-3,24,56,0,0,01,8,4,1100
D,2112705858,1002,164,0,-446540,246,-2,24,56,0,0,01,8,4,1100
D,2112706873,1015,165,1,-446541,257,-1,24,56,0,0,01,8,4,1100
D,2112707866,993,165,0,-446541,246,0,24,56,0,0,01,8,4,1100
D,2112708867,1001,165,0,-446541,257,1,24,56,0,0,01,8,4,1100
D,2112709863,996,165,0,-446541,252,1,16,56,0,0,01,8,4,1100
D,2112710876,1013,164,-1,-446540,257,2,24,56,0,0,01,8,4,1100
D,2112711916,1040,164,0,-446540,304,3,16,56,0,0,01,8,4,1100
D,2112712844,928,164,0,-446540,232,3,16,56,0,0,01,8,4,1100
D,2112713833,989,165,1,-446541,226,3,0,56,0,0,01,8,4,1100
D,2112714850,1017,165,0,-446541,233,3,-8,56,0,0,01,8,4,1100
D,2112715833,983,165,0,-446541,228,2,-8,56,0,0,01,8,4,1100
D,2112716835,1002,165,0,-446541,225,2,0,56,0,0,01,8,4,1100
D,2112717838,1003,165,0,-446541,226,2,0,56,0,0,01,8,4,1100
D,2112718850,1012,165,0,-446541,232,2,0,56,0,0,01,8,4,1100
D,2112719839,989,165,0,-446541,226,2,0,56,0,0,01,8,4,1100
D,2112720917,1078,165,0,-446541,312,2,-8,56,0,0,01,8,4,1100
D,2112721994,1077,165,0,-446541,384,1,-8,56,0,0,01,8,4,1100
D,2112722875,881,165,0,-446541,269,1,0,56,0,0,01,8,4,1100
D,2112723863,988,165,0,-446541,251,1,0,56,0,0,01,8,4,1100
D,2112724864,1001,165,0,-446541,247,1,0,56,0,0,01,8,4,1100
D,2112725863,999,165,0,-446541,243,1,0,56,0,0,01,8,4,1100
D,2112726871,1008,165,0,-446541,257,1,0,56,0,0,01,8,4,1100
D,2112727859,988,165,0,-446541,246,1,-8,56,0,0,01,8,4,1100
D,2112728873,1014,165,0,-446541,260,1,0,56,0,0,01,8,4,1100
D,2112729867,994,165,0,-446541,246,1,0,56,0,0,01,8,4,1100
D,2112730874,1007,165,0,-446541,254,1,0,56,0,0,01,8,4,1100
D,2112731921,1047,165,0,-446541,302,1,0,56,0,0,01,8,4,1100
D,2112732843,922,165,0,-446541,233,0,0,56,0,0,01,8,4,1100
D,2112733844,1001,165,0,-446541,225,0,0,56,0,0,01,8,4,1100
D,2112734841,997,165,0,-446541,233,0,0,56,0,0,01,8,4,1100
D,2112735841,1000,165,0,-446541,228,0,-8,56,0,0,01,8,4,1100
D,2112736846,1005,165,0,-446541,226,0,-8,56,0,0,01,8,4,1100
D,2112737833,987,165,0,-446541,226,0,0,56,0,0,01,8,4,1100
D,2112738843,1010,165,0,-446541,232,0,0,56,0,0,01,8,4,1100
D,2112739832,989,165,0,-446541,226,0,0,56,0,0,01,8,4,1100
D,2112740932,1100,165,0,-446541,314,-1,-8,56,0,0,01,8,4,1100
D,2112741980,1048,165,0,-446541,372,-1,-8,56,0,0,01,8,4,1100
D,2112742888,908,165,0,-446541,271,-1,-8,56,0,0,01,8,4,1100
D,2112743856,968,165,0,-446541,250,-1,0,56,0,0,01,8,4,1100
D,2112744861,1005,165,0,-446541,247,-1,0,56,0,0,01,8,4,1100
D,2112745863,1002,165,0,-446541,244,-1,0,56,0,0,01,8,4,1100
D,2112746874,1011,165,0,-446541,256,-1,0,56,0,0,01,8,4,1100
D,2112747857,983,165,0,-446541,244,-1,0,56,0,0,01,8,4,1100
D,2112748868,1011,165,0,-446541,261,-1,0,56,0,0,01,8,4,1100
D,2112749860,992,165,0,-446541,247,-1,0,56,0,0,01,8,4,1100
D,2112750872,1012,165,0,-446541,256,-1,0,56,0,0,01,8,4,1100
D,2112751916,1044,165,0,-446541,304,-1,0,56,0,0,01,8,4,1100
D,2112752840,924,165,0,-446541,232,-1,0,56,0,0,01,8,4,1100
D,2112753843,1003,165,0,-446541,226,-1,0,56,0,0,01,8,4,1100
D,2112754844,1001,165,0,-446541,235,-1,0,56,0,0,01,8,4,1100
D,2112755845,1001,165,0,-446541,228,-1,0,56,0,0,01,8,4,1100
D,2112756832,987,165,0,-446541,226,-1,0,56,0,0,01,8,4,1100
D,2112757835,1003,165,0,-446541,226,-1,0,56,0,0,01,8,4,1100
D,2112758845,1010,165,0,-446541,232,-1,0,56,0,0,01,8,4,1100
D,2112759833,988,165,0,-446541,226,-1,0,56,0,0,01,8,4,1100
D,2112760918,1085,165,0,-446541,307,-1,0,56,0,0,01,8,4,1100
D,2112761995,1077,165,0,-446541,385,-1,0,56,0,0,01,8,4,1100
D,2112762876,881,165,0,-446541,271,0,0,56,0,0,01,8,4,1100
D,2112763866,990,165,0,-446541,252,0,0,56,0,0,01,8,4,1100
D,2112764855,989,165,0,-446541,249,0,0,56,0,0,01,8,4,1100
D,2112765863,1008,165,0,-446541,249,0,0,56,0,0,01,8,4,1100
D,2112766876,1013,165,0,-446541,256,0,0,56,0,0,01,8,4,1100
D,2112767857,981,165,0,-446541,248,0,0,56,0,0,01,8,4,1100
D,2112768868,1011,165,0,-446541,259,0,0,56,0,0,01,8,4,1100
D,2112769868,1000,165,0,-446541,251,0,0,56,0,0,01,8,4,1100
D,2112770866,998,165,0,-446541,259,0,0,56,0,0,01,8,4,1100
D,2112771917,1051,165,0,-446541,303,0,0,56,0,0,01,8,4,1100
D,2112772851,934,165,0,-446541,232,0,0,56,0,0,01,8,4,1100
D,2112773837,986,165,0,-446541,226,0,0,56,0,0,01,8,4,1100
D,2112774854,1017,165,0,-446541,233,0,0,56,0,0,01,8,4,1100
D,2112775838,984,165,0,-446541,228,0,0,56,0,0,01,8,4,1100
D,2112776840,1002,165,0,-446541,225,0,0,56,0,0,01,8,4,1100
D,2112777846,1006,165,0,-446541,226,0,0,56,0,0,01,8,4,1100
D,2112778844,998,165,0,-446541,232,0,0,56,0,0,01,8,4,1100
D,2112779832,988,165,0,-446541,225,0,0,56,0,0,01,8,4,1100
D,2112780934,1102,165,0,-446541,313,0,0,56,0,0,01,8,4,1100
D,2112782002,1068,165,0,-446541,380,0,0,56,0,0,01,8,4,1100
D,2112782876,874,165,0,-446541,270,0,0,56,0,0,01,8,4,1100
D,2112783861,985,165,0,-446541,252,0,0,56,0,0,01,8,4,1100
D,2112784867,1006,165,0,-446541,247,0,0,56,0,0,01,8,4,1100
D,2112785867,1000,165,0,-446541,246,0,0,56,0,0,01,8,4,1100
D,2112786866,999,165,0,-446541,256,0,0,56,0,0,01,8,4,1100
D,2112787853,987,165,0,-446541,248,0,0,56,0,0,01,8,4,1100
D,2112788866,1013,165,0,-446541,258,0,0,56,0,0,01,8,4,1100
D,2112789860,994,165,0,-446541,251,0,0,56,0,0,01,8,4,1100
D,2112790867,1007,165,0,-446541,257,0,0,56,0,0,01,8,4,1100
D,2112791905,1038,165,0,-446541,298,0,0,56,0,0,01,8,4,1100
D,2112792849,944,165,0,-446541,233,0,0,56,0,0,01,8,4,1100
D,2112793838,989,165,0,-446541,228,0,0,56,0,0,01,8,4,1100
D,2112794840,1002,165,0,-446541,235,0,0,56,0,0,01,8,4,1100
D,2112795840,1000,165,0,-446541,228,0,0,56,0,0,01,8,4,1100
D,2112796845,1005,165,0,-446541,225,0,0,56,0,0,01,8,4,1100
D,2112797832,987,165,0,-446541,226,0,0,56,0,0,01,8,4,1100
D,2112798843,1011,165,0,-446541,232,0,0,56,0,0,01,8,4,1100
D,2112799832,989,165,0,-446541,226,0,0,56,0,0,01,8,4,1100
D,2112800921,1089,165,0,-446541,310,0,0,56,0,0,01,8,4,1100
D,2112802005,1084,165,0,-446541,390,0,0,56,0,0,01,8,4,1100
D,2112802882,877,165,0,-446541,265,0,0,56,0,0,01,8,4,1100
D,2112803871,989,165,0,-446541,253,0,0,56,0,0,01,8,4,1100
D,2112804854,983,165,0,-446541,245,0,0,56,0,0,01,8,4,1100
D,2112805858,1004,165,0,-446541,246,0,0,56,0,0,01,8,4,1100
D,2112806876,1018,165,0,-446541,255,0,0,56,0,0,01,8,4,1100
D,2112807863,987,165,0,-446541,246,0,0,56,0,0,01,8,4,1100
D,2112808876,1013,165,0,-446541,262,0,0,56,0,0,01,8,4,1100
D,2112809868,992,165,0,-446541,249,0,0,56,0,0,01,8,4,1100
D,2112810868,1000,165,0,-446541,264,0,0,56,0,0,01,8,4,1100
D,2112811909,1041,165,0,-446541,301,0,0,56,0,0,01,8,4,1100
D,2112812853,944,165,0,-446541,234,0,0,56,0,0,01,8,4,1100
D,2112813835,982,165,0,-446541,225,0,0,56,0,0,01,8,4,1100
D,2112814853,1018,165,0,-446541,233,0,0,56,0,0,01,8,4,1100
D,2112815836,983,165,0,-446541,228,0,0,56,0,0,01,8,4,1100
D,2112816839,1003,165,0,-446541,226,0,0,56,0,0,01,8,4,1100
D,2112817842,1003,165,0,-446541,226,0,0,56,0,0,01,8,4,1100
D,2112818841,999,165,0,-446541,232,0,0,56,0,0,01,8,4,1100
D,2112819832,991,165,0,-446541,226,0,0,56,0,0,01,8,4,1100
D,2112820921,1089,165,0,-446541,316,0,0,56,0,0,01,8,4,1100
D,2112822002,1081,165,0,-446541,382,0,0,56,0,0,01,8,4,1100
D,2112822877,875,165,0,-446541,268,0,0,56,0,0,01,8,4,1100
D,2112823865,988,165,0,-446541,252,0,0,56,0,0,01,8,4,1100
D,2112824866,1001,165,0,-446541,247,0,0,56,0,0,01,8,4,1100
D,2112825856,990,165,0,-446541,244,0,0,56,0,0,01,8,4,1100
D,2112826870,1014,165,0,-446541,257,0,0,56,0,0,01,8,4,1100
D,2112827854,984,165,0,-446541,243,0,0,56,0,0,01,8,4,1100
D,2112828862,1008,165,0,-446541,257,0,0,56,0,0,01,8,4,1100
D,2112829872,1010,165,0,-446541,252,0,0,56,0,0,01,8,4,1100
D,2112830875,1003,165,0,-446541,259,0,0,56,0,0,01,8,4,1100
D,2112831920,1045,165,0,-446541,305,0,0,56,0,0,01,8,4,1100
D,2112832843,923,165,0,-446541,231,0,0,56,0,0,01,8,4,1100
D,2112833844,1001,165,0,-446541,226,0,0,56,0,0,01,8,4,1100
D,2112834844,1000,165,0,-446541,233,0,0,56,0,0,01,8,4,1100
D,2112835845,1001,165,0,-446541,228,0,0,56,0,0,01,8,4,1100
D,2112836832,987,165,0,-446541,226,0,0,56,0,0,01,8,4,1100
D,2112837835,1003,165,0,-446541,226,0,0,56,0,0,01,8,4,1100
D,2112838845,1010,165,0,-446541,232,0,0,56,0,0,01,8,4,1100
D,2112839833,988,165,0,-446541,226,0,0,56,0,0,01,8,4,1100
D,2112840922,1089,165,0,-446541,312,0,0,56,0,0,01,8,4,1100
D,2112841995,1073,165,0,-446541,383,0,0,56,0,0,01,8,4,1100
D,2112842882,887,165,0,-446541,271,0,0,56,0,0,01,8,4,1100
D,2112843865,983,165,0,-446541,250,0,0,56,0,0,01,8,4,1100
D,2112844867,1002,165,0,-446541,247,0,0,56,0,0,01,8,4,1100
D,2112845852,985,165,0,-446541,244,0,0,56,0,0,01,8,4,1100
D,2112846871,1019,165,0,-446541,257,0,0,56,0,0,01,8,4,1100
D,2112847858,987,165,0,-446541,246,0,0,56,0,0,01,8,4,1100
D,2112848874,1016,165,0,-446541,261,0,0,56,0,0,01,8,4,1100
D,2112849851,977,165,0,-446541,246,0,0,56,0,0,01,8,4,1100
D,2112850863,1012,165,0,-446541,256,0,0,56,0,0,01,8,4,1100
D,2112851907,1044,165,0,-446541,300,0,0,56,0,0,01,8,4,1100
D,2112852843,936,165,0,-446541,233,0,0,56,0,0,01,8,4,1100
D,2112853832,989,165,0,-446541,226,0,0,56,0,0,01,8,4,1100
D,2112854849,1017,165,0,-446541,236,0,0,56,0,0,01,8,4,1100
D,2112855849,1000,165,0,-446541,228,0,0,56,0,0,01,8,4,1100
D,2112856835,986,165,0,-446541,225,0,0,56,0,0,01,8,4,1100
D,2112857838,1003,165,0,-446541,226,0,0,56,0,0,01,8,4,1100
D,2112858850,1012,165,0,-446541,232,0,0,56,0,0,01,8,4,1100
D,2112859839,989,165,0,-446541,226,0,0,56,0,0,01,8,4,1100
D,2112860919,1080,165,0,-446541,313,0,0,56,0,0,01,8,4,1100
D,2112861984,1065,165,0,-446541,375,0,0,56,0,0,01,8,4,1100
D,2112862895,911,165,0,-446541,275,0,0,56,0,0,01,8,4,1100
D,2112863868,973,165,0,-446541,252,0,0,56,0,0,01,8,4,1100
D,2112864858,990,165,0,-446541,249,0,0,56,0,0,01,8,4,1100
D,2112865851,993,165,0,-446541,245,0,0,56,0,0,01,8,4,1100
D,2112866866,1015,165,0,-446541,260,0,0,56,0,0,01,8,4,1100
D,2112867859,993,165,0,-446541,251,0,0,56,0,0,01,8,4,1100
D,2112868868,1009,165,0,-446541,263,0,0,56,0,0,01,8,4,1100
D,2112869870,1002,165,0,-446541,250,0,0,56,0,0,01,8,4,1100
D,2112870868,998,165,0,-446541,257,0,0,56,0,0,01,8,4,1100
D,2112895077,24209,165,0,-446541,353,0,0,56,0,0,48,9,5,550
D,2112895944,867,165,0,-446541,213,0,0,56,0,0,01,9,5,550
D,2112896931,987,165,0,-446541,213,0,0,56,0,0,01,9,5,550
D,2112897944,1013,165,0,-446541,213,0,0,56,0,0,01,9,5,550
D,2112898955,1011,165,0,-446541,223,0,0,56,0,0,01,9,5,550
D,2112899940,985,165,0,-446541,214,0,0,56,0,0,01,9,5,550
D,2112901035,1095,165,0,-446541,306,0,0,56,0,0,01,9,5,550
D,2112902091,1056,165,0,-446541,370,0,0,56,0,0,01,9,5,550
D,2112902992,901,165,0,-446541,264,0,0,56,0,0,01,9,5,550
D,2112903977,985,165,0,-446541,253,0,0,56,0,0,01,9,5,550
D,2112904976,999,165,0,-446541,243,0,0,56,0,0,01,9,5,550
D,2112905960,984,165,0,-446541,238,0,0,56,0,0,01,9,5,550
D,2112906979,1019,165,0,-446541,249,0,0,56,0,0,01,9,5,550
D,2112907973,994,165,0,-446541,247,0,0,56,0,0,01,9,5,550
D,2112908969,996,165,0,-446541,244,0,0,56,0,0,01,9,5,550
D,2112909975,1006,165,0,-446541,246,0,0,56,0,0,01,9,5,550
D,2112910976,1001,165,0,-446541,245,0,0,56,0,0,01,9,5,550
D,2112912037,1061,165,0,-446541,304,0,0,56,0,0,01,9,5,550
D,2112912941,904,165,0,-446541,218,0,0,56,0,0,01,9,5,550
D,2112913943,1002,165,0,-446541,216,0,0,56,0,0,01,9,5,550
D,2112914947,1004,165,0,-446541,228,0,0,56,0,0,01,9,5,550
D,2112915938,991,165,0,-446541,213,0,0,56,0,0,01,9,5,550
D,2112916932,994,165,0,-446541,214,0,0,56,0,0,01,9,5,550
D,2112917960,1028,166,1,-446542,227,0,-11,56,0,0,01,9,5,550
D,2112918956,996,166,0,-446542,223,-1,-10,56,0,0,01,9,5,550
D,2112919951,995,165,-1,-446541,225,-1,0,56,0,0,01,9,5,550
D,2112921039,1088,165,0,-446541,312,-1,0,56,0,0,01,9,5,550
D,2112922104,1065,165,0,-446541,385,-1,0,56,0,0,01,9,5,550
D,2112922983,879,165,0,-446541,264,-1,0,56,0,0,01,9,5,550
D,2112923996,1013,165,0,-446541,263,-1,0,56,0,0,01,9,5,550
D,2112924977,981,165,0,-446541,252,-1,0,56,0,0,01,9,5,550
D,2112925982,1005,166,1,-446542,252,-1,-8,56,0,0,01,9,5,550
D,2112926985,1003,165,-1,-446541,253,-1,0,56,0,0,01,9,5,550
D,2112927985,1000,165,0,-446541,262,-1,0,56,0,0,01,9,5,550
D,2112928983,998,166,1,-446542,253,-1,-8,56,0,0,01,9,5,550
D,2112929991,1008,166,0,-446542,259,-1,-8,56,0,0,01,9,5,550
D,2112930975,984,165,-1,-446541,244,-1,0,56,0,0,01,9,5,550
D,2112932032,1057,165,0,-446541,311,-1,0,56,0,0,01,9,5,550
D,2112932946,914,165,0,-446541,224,-1,0,56,0,0,01,9,5,550
D,2112933957,1011,165,0,-446541,225,-1,0,56,0,0,01,9,5,550
D,2112934955,998,165,0,-446541,233,-1,0,56,0,0,01,9,5,550
D,2112935954,999,165,0,-446541,225,-1,0,56,0,0,01,9,5,550
D,2112936952,998,165,0,-446541,223,-1,0,56,0,0,01,9,5,550
D,2112937947,995,165,0,-446541,225,-1,0,56,0,0,01,9,5,550
D,2112938955,1008,165,0,-446541,230,-1,0,56,0,0,01,9,5,550
D,2112939956,1001,166,1,-446542,227,-1,-8,56,0,0,01,9,5,550
D,2112941031,1075,166,0,-446542,308,-2,-8,56,0,0,01,9,5,550
D,2112942116,1085,165,-1,-446541,396,-1,0,56,0,0,01,9,5,550
D,2112942985,869,165,0,-446541,262,-1,0,56,0,0,01,9,5,550
D,2112943969,984,165,0,-446541,246,-1,0,56,0,0,01,9,5,550
D,2112944979,1010,165,0,-446541,249,-1,0,56,0,0,01,9,5,550
D,2112945968,989,165,0,-446541,241,-1,0,56,0,0,01,9,5,550
D,2112946979,1011,166,1,-446542,251,-2,-8,56,0,0,01,9,5,550
D,2112947980,1001,165,-1,-446541,251,-1,8,56,0,0,01,9,5,550
D,2112948978,998,165,0,-446541,245,-1,8,56,0,0,01,9,5,550
D,2112949980,1002,165,0,-446541,254,-1,0,56,0,0,01,9,5,550
D,2112950978,998,165,0,-446541,251,-1,0,56,0,0,01,9,5,550
D,2112952036,1058,165,0,-446541,305,-1,0,56,0,0,01,9,5,550
D,2112952964,928,165,0,-446541,231,-1,0,56,0,0,01,9,5,550
D,2112953945,981,165,0,-446541,227,-1,0,56,0,0,01,9,5,550
D,2112954960,1015,165,0,-446541,230,-1,0,56,0,0,01,9,5,550
D,2112955958,998,165,0,-446541,225,-1,0,56,0,0,01,9,5,550
D,2112956956,998,165,0,-446541,223,0,8,56,0,0,01,9,5,550
D,2112957951,995,165,0,-446541,225,0,0,56,0,0,01,9,5,550
D,2112958959,1008,165,0,-446541,230,0,0,56,0,0,01,9,5,550
D,2112959959,1000,165,0,-446541,226,0,8,56,0,0,01,9,5,550
D,2112961031,1072,165,0,-446541,306,0,0,56,0,0,01,9,5,550
D,2112962126,1095,166,1,-446542,405,0,-8,56,0,0,01,9,5,550
D,2112962978,852,165,-1,-446541,251,0,0,56,0,0,01,9,5,550
D,2112963979,1001,165,0,-446541,248,0,0,56,0,0,01,9,5,550
D,2112964970,991,165,0,-446541,243,0,0,56,0,0,01,9,5,550
D,2112965976,1006,165,0,-446541,244,0,0,56,0,0,01,9,5,550
D,2112966970,994,165,0,-446541,249,0,0,56,0,0,01,9,5,550
D,2112967989,1019,165,0,-446541,256,0,0,56,0,0,01,9,5,550
D,2112968979,990,165,0,-446541,245,0,0,56,0,0,01,9,5,550
D,2112969981,1002,165,0,-446541,257,0,8,56,0,0,01,9,5,550
D,2112970973,992,165,0,-446541,250,0,8,56,0,0,01,9,5,550
D,2112972036,1063,165,0,-446541,309,1,8,56,0,0,01,9,5,550
D,2112972961,925,165,0,-446541,229,1,0,56,0,0,01,9,5,550
D,2112973951,990,165,0,-446541,225,1,0,56,0,0,01,9,5,550
D,2112974959,1008,165,0,-446541,230,1,0,56,0,0,01,9,5,550
D,2112975958,999,165,0,-446541,225,1,0,56,0,0,01,9,5,550
D,2112976956,998,165,0,-446541,223,1,0,56,0,0,01,9,5,550
D,2112977950,994,165,0,-446541,225,1,8,56,0,0,01,9,5,550
D,2112978958,1008,165,0,-446541,230,1,0,56,0,0,01,9,5,550
D,2112979961,1003,165,0,-446541,229,1,0,56,0,0,01,9,5,550
D,2112981029,1068,165,0,-446541,300,1,0,56,0,0,01,9,5,550
D,2112982141,1112,165,0,-446541,413,1,0,56,0,0,01,9,5,550
D,2112982974,833,165,0,-446541,251,1,0,56,0,0,01,9,5,550
D,2112983974,1000,165,0,-446541,254,1,0,56,0,0,01,9,5,550
D,2112984967,993,165,0,-446541,248,1,0,56,0,0,01,9,5,550
D,2112985967,1000,165,0,-446541,248,1,0,56,0,0,01,9,5,550
D,2112986974,1007,165,0,-446541,242,1,0,56,0,0,01,9,5,550
D,2112987978,1004,165,0,-446541,260,1,0,56,0,0,01,9,5,550
D,2112988957,979,165,0,-446541,238,1,0,56,0,0,01,9,5,550
D,2112989978,1021,165,0,-446541,258,1,0,56,0,0,01,9,5,550
D,2112990976,998,165,0,-446541,243,1,0,56,0,0,01,9,5,550
D,2112992025,1049,165,0,-446541,301,0,0,56,0,0,01,9,5,550
D,2112992951,926,165,0,-446541,230,1,8,56,0,0,01,9,5,550
D,2112993958,1007,165,0,-446541,224,1,0,56,0,0,01,9,5,550
D,2112994950,992,165,0,-446541,230,1,0,56,0,0,01,9,5,550
D,2112995949,999,165,0,-446541,225,1,0,56,0,0,01,9,5,550
D,2112996947,998,165,0,-446541,223,1,0,56,0,0,01,9,5,550
D,2112997958,1011,165,0,-446541,225,1,0,56,0,0,01,9,5,550
D,2112998950,992,165,0,-446541,231,1,0,56,0,0,01,9,5,550
D,2112999950,1000,165,0,-446541,227,1,0,56,0,0,01,9,5,550
D,2113001039,1089,165,0,-446541,306,1,0,56,0,0,01,9,5,550
D,2113002132,1093,165,0,-446541,404,1,0,56,0,0,01,9,5,550
D,2113002975,843,165,0,-446541,250,1,0,56,0,0,01,9,5,550
D,2113003979,1004,165,0,-446541,253,0,0,56,0,0,01,9,5,550
D,2113004969,990,165,0,-446541,242,0,0,56,0,0,01,9,5,550
D,2113005967,998,165,0,-446541,248,0,0,56,0,0,01,9,5,550
D,2113006974,1007,165,0,-446541,242,0,0,56,0,0,01,9,5,550
D,2113007993,1019,165,0,-446541,260,0,0,56,0,0,01,9,5,550
D,2113008957,964,165,0,-446541,238,0,0,56,0,0,01,9,5,550
D,2113009980,1023,165,0,-446541,262,0,0,56,0,0,01,9,5,550
D,2113010964,984,165,0,-446541,243,0,0,56,0,0,01,9,5,550
D,2113012029,1065,165,0,-446541,302,0,0,56,0,0,01,9,5,550
D,2113012954,925,165,0,-446541,228,0,0,56,0,0,01,9,5,550
D,2113013946,992,165,0,-446541,226,0,0,56,0,0,01,9,5,550
D,2113014957,1011,166,1,-446542,230,0,-8,56,0,0,01,9,5,550
D,2113015955,998,166,0,-446542,224,0,-8,56,0,0,01,9,5,550
D,2113016954,999,166,0,-446542,224,-1,-8,56,0,0,01,9,5,550
D,2113017949,995,165,-1,-446541,225,-1,0,56,0,0,01,9,5,550
D,2113018957,1008,165,0,-446541,231,-1,0,56,0,0,01,9,5,550
D,2113019959,1002,165,0,-446541,229,-1,0,56,0,0,01,9,5,550
D,2113021034,1075,166,1,-446542,303,-1,-8,56,0,0,01,9,5,550
D,2113022139,1105,166,0,-446542,415,-1,-8,56,0,0,01,9,5,550
D,2113022981,842,166,0,-446542,251,-1,-8,56,0,0,01,9,5,550
D,2113023974,993,166,0,-446542,252,-2,-8,56,0,0,01,9,5,550
D,2113024963,989,165,-1,-446541,240,-2,0,56,0,0,01,9,5,550
D,2113025974,1011,165,0,-446541,250,-2,0,56,0,0,01,9,5,550
D,2113026980,1006,165,0,-446541,247,-1,0,56,0,0,01,9,5,550
D,2113027983,1003,166,1,-446542,256,-2,-8,56,0,0,01,9,5,550
D,2113028969,986,166,0,-446542,242,-2,-8,56,0,0,01,9,5,550
D,2113029980,1011,166,0,-446542,253,-2,-8,56,0,0,01,9,5,550
D,2113030968,988,165,-1,-446541,246,-2,0,56,0,0,01,9,5,550
D,2113032035,1067,165,0,-446541,306,-2,0,56,0,0,01,9,5,550
D,2113032957,922,165,0,-446541,227,-2,0,56,0,0,01,9,5,550
D,2113033948,991,165,0,-446541,225,-2,0,56,0,0,01,9,5,550
D,2113034959,1011,166,1,-446542,230,-2,-8,56,0,0,01,9,5,550
D,2113035958,999,166,0,-446542,225,-2,-8,56,0,0,01,9,5,550
D,2113036956,998,166,0,-446542,223,-3,-8,56,0,0,01,9,5,550
D,2113037951,995,165,-1,-446541,225,-2,0,56,0,0,01,9,5,550
D,2113038959,1008,165,0,-446541,230,-2,0,56,0,0,01,9,5,550
D,2113039959,1000,165,0,-446541,226,-2,0,56,0,0,01,9,5,550
D,2113041036,1077,166,1,-446542,304,-3,-8,56,0,0,01,9,5,550
D,2113042133,1097,166,0,-446542,405,-3,-8,56,0,0,01,9,5,550
D,2113042971,838,165,-1,-446541,253,-3,0,56,0,0,01,9,5,550
D,2113043976,1005,166,1,-446542,254,-3,-8,56,0,0,01,9,5,550
D,2113044971,995,166,0,-446542,249,-3,0,56,0,0,01,9,5,550
D,2113045973,1002,165,-1,-446541,252,-2,8,56,0,0,01,9,5,550
D,2113046961,988,166,1,-446542,242,-2,0,56,0,0,01,9,5,550
D,2113047980,1019,166,0,-446542,260,-2,-8,56,0,0,01,9,5,550
D,2113048962,982,166,0,-446542,240,-3,-8,56,0,0,01,9,5,550
D,2113049978,1016,166,0,-446542,256,-3,-8,56,0,0,01,9,5,550
D,2113050963,985,165,-1,-446541,245,-3,0,56,0,0,01,9,5,550
D,2113052036,1073,165,0,-446541,304,-2,8,56,0,0,01,9,5,550
D,2113052961,925,165,0,-446541,229,-2,8,56,0,0,01,9,5,550
D,2113053953,992,166,1,-446542,227,-2,0,56,0,0,01,9,5,550
D,2113054964,1011,165,-1,-446541,231,-2,0,56,0,0,01,9,5,550
D,2113055946,982,165,0,-446541,225,-2,0,56,0,0,01,9,5,550
D,2113056944,998,165,0,-446541,223,-2,0,56,0,0,01,9,5,550
D,2113057955,1011,165,0,-446541,225,-2,0,56,0,0,01,9,5,550
D,2113058963,1008,165,0,-446541,230,-1,8,56,0,0,01,9,5,550
D,2113059950,987,166,1,-446542,229,-1,0,56,0,0,01,9,5,550
D,2113061025,1075,165,-1,-446541,303,-1,0,56,0,0,01,9,5,550
D,2113062145,1120,165,0,-446541,412,-1,0,56,0,0,01,9,5,550
D,2113062972,827,166,1,-446542,249,-1,-8,56,0,0,01,9,5,550
D,2113063980,1008,166,0,-446542,253,-2,-8,56,0,0,01,9,5,550
D,2113064964,984,165,-1,-446541,242,-1,8,56,0,0,01,9,5,550
D,2113065971,1007,165,0,-446541,253,-1,8,56,0,0,01,9,5,550
D,2113066969,998,166,1,-446542,244,-1,0,56,0,0,01,9,5,550
D,2113067989,1020,166,0,-446542,259,-1,-8,56,0,0,01,9,5,550
D,2113068964,975,166,0,-446542,244,-1,-8,56,0,0,01,9,5,550
D,2113069979,1015,165,-1,-446541,259,-1,0,56,0,0,01,9,5,550
D,2113070973,994,165,0,-446541,242,-1,0,56,0,0,01,9,5,550
D,2113072032,1059,166,1,-446542,306,-1,0,56,0,0,01,9,5,550
D,2113072950,918,166,0,-446542,226,-1,0,56,0,0,01,9,5,550
D,2113073958,1008,166,0,-446542,225,-1,-8,56,0,0,01,9,5,550
D,2113074950,992,166,0,-446542,230,-1,0,56,0,0,01,9,5,550
D,2113075949,999,165,-1,-446541,225,-1,8,56,0,0,01,9,5,550
D,2113076947,998,165,0,-446541,223,-1,0,56,0,0,01,9,5,550
D,2113077958,1011,165,0,-446541,225,-1,8,56,0,0,01,9,5,550
D,2113078950,992,165,0,-446541,230,0,8,56,0,0,01,9,5,550
D,2113079950,1000,165,0,-446541,226,0,8,56,0,0,01,9,5,550
D,2113081030,1080,165,0,-446541,308,0,0,56,0,0,01,9,5,550
D,2113082132,1102,165,0,-446541,403,0,0,56,0,0,01,9,5,550
D,2113082985,853,165,0,-446541,252,0,0,56,0,0,01,9,5,550
D,2113083978,993,165,0,-446541,251,0,8,56,0,0,01,9,5,550
D,2113084964,986,165,0,-446541,243,0,0,56,0,0,01,9,5,550
D,2113085978,1014,165,0,-446541,248,0,0,56,0,0,01,9,5,550
D,2113086973,995,165,0,-446541,247,0,0,56,0,0,01,9,5,550
D,2113087986,1013,165,0,-446541,256,0,0,56,0,0,01,9,5,550
D,2113088973,987,165,0,-446541,242,0,0,56,0,0,01,9,5,550
D,2113089983,1010,165,0,-446541,253,1,8,56,0,0,01,9,5,550
D,2113090975,992,165,0,-446541,249,1,8,56,0,0,01,9,5,550
D,2113092029,1054,165,0,-446541,305,1,0,56,0,0,01,9,5,550
D,2113092960,931,165,0,-446541,230,1,0,56,0,0,01,9,5,550
D,2113093950,990,165,0,-446541,225,1,8,56,0,0,01,9,5,550
D,2113094959,1009,165,0,-446541,231,1,8,56,0,0,01,9,5,550
D,2113095957,998,165,0,-446541,224,1,0,56,0,0,01,9,5,550
D,2113096956,999,165,0,-446541,224,1,0,56,0,0,01,9,5,550
D,2113097950,994,165,0,-446541,225,2,8,56,0,0,01,9,5,550
D,2113098958,1008,165,0,-446541,230,2,8,56,0,0,01,9,5,550
D,2113099961,1003,165,0,-446541,229,2,8,56,0,0,01,9,5,550
D,2113101033,1072,165,0,-446541,302,2,0,56,0,0,01,9,5,550
D,2113102140,1107,166,1,-446542,410,2,0,56,0,0,01,9,5,550
D,2113102971,831,165,-1,-446541,251,2,8,56,0,0,01,9,5,550
D,2113103981,1010,165,0,-446541,251,2,8,56,0,0,01,9,5,550
D,2113104970,989,165,0,-446541,240,3,8,56,0,0,01,9,5,550
D,2113105980,1010,165,0,-446541,248,2,0,56,0,0,01,9,5,550
D,2113106972,992,165,0,-446541,248,2,0,56,0,0,01,9,5,550
D,2113107990,1018,165,0,-446541,257,2,0,56,0,0,01,9,5,550
D,2113108962,972,165,0,-446541,242,2,0,56,0,0,01,9,5,550
D,2113109973,1011,165,0,-446541,255,2,0,56,0,0,01,9,5,550
D,2113110966,993,165,0,-446541,244,2,0,56,0,0,01,9,5,550
D,2113112038,1072,165,0,-446541,305,2,0,56,0,0,01,9,5,550
D,2113112962,924,165,0,-446541,229,2,0,56,0,0,01,9,5,550
D,2113113956,994,165,0,-446541,225,2,0,56,0,0,01,9,5,550
D,2113114964,1008,166,1,-446542,231,1,-8,56,0,0,01,9,5,550
D,2113115946,982,165,-1,-446541,225,1,0,56,0,0,01,9,5,550
D,2113116944,998,165,0,-446541,223,1,0,56,0,0,01,9,5,550
D,2113117955,1011,165,0,-446541,224,1,0,56,0,0,01,9,5,550
D,2113118964,1009,165,0,-446541,231,1,0,56,0,0,01,9,5,550
D,2113119948,984,165,0,-446541,227,1,0,56,0,0,01,9,5,550
D,2113121035,1087,165,0,-446541,304,1,0,56,0,0,01,9,5,550
D,2113122128,1093,166,1,-446542,404,1,-8,56,0,0,01,9,5,550
D,2113122970,842,165,-1,-446541,251,1,0,56,0,0,01,9,5,550
D,2113123975,1005,165,0,-446541,251,1,0,56,0,0,01,9,5,550
D,2113124964,989,165,0,-446541,242,1,0,56,0,0,01,9,5,550
D,2113125976,1012,165,0,-446541,246,1,0,56,0,0,01,9,5,550
D,2113126963,987,165,0,-446541,241,1,0,56,0,0,01,9,5,550
D,2113127982,1019,165,0,-446541,260,1,0,56,0,0,01,9,5,550
D,2113128963,981,165,0,-446541,239,1,0,56,0,0,01,9,5,550
D,2113129979,1016,165,0,-446541,256,0,0,56,0,0,01,9,5,550
D,2113130963,984,165,0,-446541,245,0,0,56,0,0,01,9,5,550
D,2113132038,1075,165,0,-446541,305,0,0,56,0,0,01,9,5,550
D,2113132949,911,166,1,-446542,229,0,0,56,0,0,01,9,5,550
D,2113133955,1006,166,0,-446542,225,0,-8,56,0,0,01,9,5,550
D,2113134963,1008,165,-1,-446541,230,0,0,56,0,0,01,9,5,550
D,2113135945,982,165,0,-446541,225,0,0,56,0,0,01,9,5,550
D,2113136943,998,165,0,-446541,223,0,0,56,0,0,01,9,5,550
D,2113137954,1011,166,1,-446542,225,0,-8,56,0,0,01,9,5,550
D,2113138962,1008,166,0,-446542,230,-1,-8,56,0,0,01,9,5,550
D,2113139948,986,166,0,-446542,229,-1,-8,56,0,0,01,9,5,550
D,2113141024,1076,165,-1,-446541,301,-1,0,56,0,0,01,9,5,550
D,2113142138,1114,165,0,-446541,418,-1,0,56,0,0,01,9,5,550
D,2113142983,845,166,1,-446542,253,-1,-8,56,0,0,01,9,5,550
D,2113143978,995,165,-1,-446541,252,-1,0,56,0,0,01,9,5,550
D,2113144959,981,165,0,-446541,238,-1,0,56,0,0,01,9,5,550
D,2113145972,1013,165,0,-446541,247,-1,0,56,0,0,01,9,5,550
D,2113146967,995,165,0,-446541,247,-1,0,56,0,0,01,9,5,550
D,2113147983,1016,165,0,-446541,257,-1,0,56,0,0,01,9,5,550
D,2113148968,985,165,0,-446541,241,-1,0,56,0,0,01,9,5,550
D,2113149979,1011,165,0,-446541,253,-1,0,56,0,0,01,9,5,550
D,2113150966,987,165,0,-446541,246,-1,0,56,0,0,01,9,5,550
D,2113152027,1061,165,0,-446541,305,-1,0,56,0,0,01,9,5,550
D,2113152954,927,165,0,-446541,228,0,8,56,0,0,01,9,5,550
D,2113153945,991,165,0,-446541,225,0,0,56,0,0,01,9,5,550
D,2113154953,1008,165,0,-446541,231,0,0,56,0,0,01,9,5,550
D,2113155951,998,165,0,-446541,225,0,0,56,0,0,01,9,5,550
D,2113156949,998,165,0,-446541,223,0,0,56,0,0,01,9,5,550
D,2113157944,995,165,0,-446541,225,0,0,56,0,0,01,9,5,550
D,2113158952,1008,165,0,-446541,230,0,0,56,0,0,01,9,5,550
D,2113159952,1000,165,0,-446541,227,0,0,56,0,0,01,9,5,550
D,2113161024,1072,165,0,-446541,304,0,0,56,0,0,01,9,5,550
D,2113162130,1106,165,0,-446541,407,0,0,56,0,0,01,9,5,550
D,2113162974,844,165,0,-446541,250,0,8,56,0,0,01,9,5,550
D,2113163979,1005,165,0,-446541,252,0,8,56,0,0,01,9,5,550
D,2113164966,987,165,0,-446541,241,0,0,56,0,0,01,9,5,550
D,2113165976,1010,165,0,-446541,244,0,0,56,0,0,01,9,5,550
D,2113166966,990,165,0,-446541,245,0,0,56,0,0,01,9,5,550
D,2113167988,1022,165,0,-446541,260,1,8,56,0,0,01,9,5,550
D,2113168969,981,165,0,-446541,239,1,8,56,0,0,01,9,5,550
D,2113169987,1018,165,0,-446541,257,1,8,56,0,0,01,9,5,550
D,2113170971,984,165,0,-446541,244,1,8,56,0,0,01,9,5,550
D,2113172022,1051,165,0,-446541,302,1,0,56,0,0,01,9,5,550
D,2113172950,928,165,0,-446541,230,1,0,56,0,0,01,9,5,550
D,2113173958,1008,165,0,-446541,226,2,8,56,0,0,01,9,5,550
D,2113174953,995,165,0,-446541,230,2,0,56,0,0,01,9,5,550
D,2113175951,998,165,0,-446541,225,1,0,56,0,0,01,9,5,550
D,2113176949,998,165,0,-446541,223,1,0,56,0,0,01,9,5,550
D,2113177944,995,165,0,-446541,224,1,0,56,0,0,01,9,5,550
D,2113178953,1009,165,0,-446541,230,1,0,56,0,0,01,9,5,550
D,2113179955,1002,165,0,-446541,229,1,0,56,0,0,01,9,5,550
D,2113181036,1081,165,0,-446541,304,1,0,56,0,0,01,9,5,550
D,2113182138,1102,165,0,-446541,411,1,0,56,0,0,01,9,5,550
D,2113182972,834,165,0,-446541,253,1,0,56,0,0,01,9,5,550
D,2113183984,1012,165,0,-446541,252,1,0,56,0,0,01,9,5,550
D,2113184969,985,165,0,-446541,239,1,0,56,0,0,01,9,5,550
D,2113185981,1012,166,1,-446542,249,1,-8,56,0,0,01,9,5,550
D,2113186973,992,166,0,-446542,245,0,-8,56,0,0,01,9,5,550
D,2113187989,1016,165,-1,-446541,257,0,0,56,0,0,01,9,5,550
D,2113188973,984,165,0,-446541,240,0,0,56,0,0,01,9,5,550
D,2113189988,1015,165,0,-446541,256,0,0,56,0,0,01,9,5,550
D,2113190975,987,165,0,-446541,246,0,0,56,0,0,01,9,5,550
D,2113192028,1053,165,0,-446541,302,0,0,56,0,0,01,9,5,550
D,2113192954,926,165,0,-446541,230,0,0,56,0,0,01,9,5,550
D,2113193947,993,165,0,-446541,224,0,0,56,0,0,01,9,5,550
D,2113194956,1009,165,0,-446541,230,0,0,56,0,0,01,9,5,550
D,2113195955,999,165,0,-446541,225,0,0,56,0,0,01,9,5,550
D,2113196952,997,165,0,-446541,223,0,0,56,0,0,01,9,5,550
D,2113197947,995,165,0,-446541,225,0,0,56,0,0,01,9,5,550
D,2113198955,1008,165,0,-446541,230,0,0,56,0,0,01,9,5,550
D,2113199956,1001,165,0,-446541,227,0,0,56,0,0,01,9,5,550
D,2113201025,1069,165,0,-446541,304,0,0,56,0,0,01,9,5,550
D,2113202131,1106,165,0,-446541,402,0,0,56,0,0,01,9,5,550
D,2113202985,854,165,0,-446541,253,0,0,56,0,0,01,9,5,550
D,2113203979,994,165,0,-446541,251,0,0,56,0,0,01,9,5,550
D,2113204965,986,165,0,-446541,241,0,0,56,0,0,01,9,5,550
D,2113205980,1015,166,1,-446542,248,0,-8,56,0,0,01,9,5,550
D,2113206973,993,165,-1,-446541,244,0,0,56,0,0,01,9,5,550
D,2113207987,1014,165,0,-446541,257,0,0,56,0,0,01,9,5,550
D,2113208973,986,165,0,-446541,241,0,0,56,0,0,01,9,5,550
D,2113209982,1009,166,1,-446542,252,0,-8,56,0,0,01,9,5,550
D,2113210975,993,165,-1,-446541,249,0,0,56,0,0,01,9,5,550
D,2113212034,1059,165,0,-446541,305,0,0,56,0,0,01,9,5,550
D,2113212960,926,166,1,-446542,229,-1,-8,56,0,0,01,9,5,550
D,2113213950,990,166,0,-446542,225,-1,-8,56,0,0,01,9,5,550
D,2113214963,1013,165,-1,-446541,232,-1,0,56,0,0,01,9,5,550
D,2113215944,981,166,1,-446542,224,-1,-8,56,0,0,01,9,5,550
D,2113216943,999,165,-1,-446541,223,-1,8,56,0,0,01,9,5,550
D,2113217954,1011,165,0,-446541,225,-1,8,56,0,0,01,9,5,550
D,2113218962,1008,165,0,-446541,230,0,0,56,0,0,01,9,5,550
D,2113219948,986,166,1,-446542,229,-1,-8,56,0,0,01,9,5,550
D,2113221025,1077,166,0,-446542,300,-1,-8,56,0,0,01,9,5,550
D,2113222145,1120,165,-1,-446541,414,-1,0,56,0,0,01,9,5,550
D,2113222974,829,165,0,-446541,248,-1,0,56,0,0,01,9,5,550
D,2113223971,997,166,1,-446542,253,-1,-8,56,0,0,01,9,5,550
D,2113224963,992,166,0,-446542,238,-2,-8,56,0,0,01,9,5,550
D,2113225972,1009,166,0,-446542,253,-2,-8,56,0,0,01,9,5,550
D,2113226971,999,165,-1,-446541,245,-2,0,56,0,0,01,9,5,550
D,2113227988,1017,166,1,-446542,258,-2,-8,56,0,0,01,9,5,550
D,2113228964,976,166,0,-446542,243,-2,-8,56,0,0,01,9,5,550
D,2113229978,1014,166,0,-446542,260,-2,-8,56,0,0,01,9,5,550
D,2113230964,986,166,0,-446542,244,-3,-8,56,0,0,01,9,5,550
D,2113232026,1062,165,-1,-446541,305,-3,0,56,0,0,01,9,5,550
D,2113232949,923,166,1,-446542,227,-3,-8,56,0,0,01,9,5,550
D,2113233957,1008,166,0,-446542,225,-3,-8,56,0,0,01,9,5,550
D,2113234949,992,166,0,-446542,230,-3,-8,56,0,0,01,9,5,550
D,2113235948,999,166,0,-446542,225,-3,-8,56,0,0,01,9,5,550
D,2113236946,998,165,-1,-446541,223,-3,8,56,0,0,01,9,5,550
D,2113237957,1011,165,0,-446541,225,-3,0,56,0,0,01,9,5,550
D,2113238949,992,165,0,-446541,230,-3,0,56,0,0,01,9,5,550
D,2113239950,1001,166,1,-446542,227,-3,-8,56,0,0,01,9,5,550
D,2113241038,1088,166,0,-446542,305,-3,-8,56,0,0,01,9,5,550
D,2113242129,1091,166,0,-446542,405,-3,-8,56,0,0,01,9,5,550
D,2113242983,854,165,-1,-446541,251,-3,8,56,0,0,01,9,5,550
D,2113243973,990,165,0,-446541,251,-3,8,56,0,0,01,9,5,550
D,2113244971,998,166,1,-446542,239,-3,-8,56,0,0,01,9,5,550
D,2113245974,1003,166,0,-446542,252,-3,0,56,0,0,01,9,5,550
D,2113246967,993,166,0,-446542,247,-3,-8,56,0,0,01,9,5,550
D,2113247984,1017,166,0,-446542,257,-3,-8,56,0,0,01,9,5,550
D,2113248969,985,166,0,-446542,242,-3,-8,56,0,0,01,9,5,550
D,2113249980,1011,165,-1,-446541,253,-3,8,56,0,0,01,9,5,550
D,2113250969,989,165,0,-446541,247,-2,8,56,0,0,01,9,5,550
D,2113252040,1071,166,1,-446542,305,-2,0,56,0,0,01,9,5,550
D,2113252957,917,166,0,-446542,229,-2,-8,56,0,0,01,9,5,550
D,2113253948,991,166,0,-446542,226,-3,-8,56,0,0,01,9,5,550
D,2113254956,1008,166,0,-446542,230,-3,0,56,0,0,01,9,5,550
D,2113255955,999,165,-1,-446541,225,-2,8,56,0,0,01,9,5,550
D,2113256953,998,165,0,-446541,223,-2,8,56,0,0,01,9,5,550
D,2113257948,995,165,0,-446541,225,-2,0,56,0,0,01,9,5,550
D,2113258956,1008,166,1,-446542,230,-2,0,56,0,0,01,9,5,550
D,2113259959,1003,166,0,-446542,229,-2,0,56,0,0,01,9,5,550
D,2113261023,1064,166,0,-446542,302,-2,0,56,0,0,01,9,5,550
D,2113262130,1107,165,-1,-446541,408,-1,0,56,0,0,01,9,5,550
D,2113262986,856,165,0,-446541,253,-1,8,56,0,0,01,9,5,550
D,2113263978,992,165,0,-446541,251,-1,8,56,0,0,01,9,5,550
D,2113264969,991,166,1,-446542,242,-1,0,56,0,0,01,9,5,550
D,2113265975,1006,166,0,-446542,245,-1,0,56,0,0,01,9,5,550
D,2113266979,1004,166,0,-446542,246,-1,-8,56,0,0,01,9,5,550
D,2113267988,1009,166,0,-446542,260,-1,-8,56,0,0,01,9,5,550
D,2113268969,981,166,0,-446542,240,-2,-8,56,0,0,01,9,5,550
D,2113269987,1018,166,0,-446542,258,-1,0,56,0,0,01,9,5,550
D,2113270970,983,166,0,-446542,243,-1,0,56,0,0,01,9,5,550
D,2113272027,1057,166,0,-446542,299,-1,0,56,0,0,01,9,5,550
D,2113272950,923,166,0,-446542,230,-1,0,56,0,0,01,9,5,550
D,2113273944,994,166,0,-446542,225,-2,-8,56,0,0,01,9,5,550
D,2113274957,1013,165,-1,-446541,231,-2,0,56,0,0,01,9,5,550
D,2113275956,999,165,0,-446541,225,-1,8,56,0,0,01,9,5,550
D,2113276954,998,165,0,-446541,223,-1,8,56,0,0,01,9,5,550
D,2113277949,995,166,1,-446542,225,-1,0,56,0,0,01,9,5,550
D,2113278957,1008,166,0,-446542,230,-1,0,56,0,0,01,9,5,550
D,2113279957,1000,166,0,-446542,226,-1,0,56,0,0,01,9,5,550
D,2113281026,1069,166,0,-446542,308,-1,-8,56,0,0,01,9,5,550
D,2113282142,1116,165,-1,-446541,412,-1,8,56,0,0,01,9,5,550
D,2113282980,838,165,0,-446541,250,0,8,56,0,0,01,9,5,550
D,2113283975,995,165,0,-446541,252,0,8,56,0,0,01,9,5,550
D,2113284958,983,165,0,-446541,238,0,8,56,0,0,01,9,5,550
D,2113285971,1013,165,0,-446541,250,0,0,56,0,0,01,9,5,550
D,2113286974,1003,166,1,-446542,241,0,-8,56,0,0,01,9,5,550
D,2113287987,1013,166,0,-446542,256,0,-8,56,0,0,01,9,5,550
D,2113288971,984,166,0,-446542,240,0,0,56,0,0,01,9,5,550
D,2113289981,1010,165,-1,-446541,254,0,8,56,0,0,01,9,5,550
D,2113290961,980,166,1,-446542,241,0,0,56,0,0,01,9,5,550
D,2113292035,1074,166,0,-446542,308,0,0,56,0,0,01,9,5,550
D,2113292947,912,166,0,-446542,228,0,-8,56,0,0,01,9,5,550
D,2113293954,1007,166,0,-446542,225,-1,-8,56,0,0,01,9,5,550
D,2113294964,1010,166,0,-446542,231,-1,-8,56,0,0,01,9,5,550
D,2113295947,983,166,0,-446542,225,-1,0,56,0,0,01,9,5,550
D,2113296945,998,166,0,-446542,223,-1,0,56,0,0,01,9,5,550
D,2113297955,1010,165,-1,-446541,224,0,8,56,0,0,01,9,5,550
D,2113298963,1008,166,1,-446542,230,0,0,56,0,0,01,9,5,550
D,2113299950,987,166,0,-446542,231,0,0,56,0,0,01,9,5,550
D,2113301046,1096,166,0,-446542,317,0,0,56,0,0,01,9,5,550
D,2113302062,1016,166,0,-446542,337,0,0,56,0,0,01,9,5,550
D,2113302975,913,166,0,-446542,248,0,0,56,0,0,01,9,5,550
D,2113303987,1012,166,0,-446542,267,0,0,56,0,0,01,9,5,550
D,2113304967,980,166,0,-446542,243,-1,-8,56,0,0,01,9,5,550
D,2113305986,1019,166,0,-446542,264,-1,-8,56,0,0,01,9,5,550
D,2113306971,985,166,0,-446542,240,-1,-8,56,0,0,01,9,5,550
D,2113307992,1021,166,0,-446542,267,-1,0,56,0,0,01,9,5,550
D,2113308966,974,166,0,-446542,239,-1,0,56,0,0,01,9,5,550
D,2113309986,1020,166,0,-446542,255,-1,0,56,0,0,01,9,5,550
D,2113310987,1001,166,0,-446542,255,-1,0,56,0,0,01,9,5,550
D,2113312033,1046,166,0,-446542,303,-1,0,56,0,0,01,9,5,550
D,2113312944,911,166,0,-446542,225,-1,-8,56,0,0,01,9,5,550
D,2113313952,1008,166,0,-446542,226,-2,-8,56,0,0,01,9,5,550
D,2113314953,1001,166,0,-446542,227,-2,-8,56,0,0,01,9,5,550
D,2113315954,1001,166,0,-446542,230,-2,-8,56,0,0,01,9,5,550
D,2113316952,998,166,0,-446542,223,-2,-8,56,0,0,01,9,5,550
D,2113317947,995,166,0,-446542,225,-2,0,56,0,0,01,9,5,550
D,2113318954,1007,166,0,-446542,227,-2,0,56,0,0,01,9,5,550
D,2113319955,1001,166,0,-446542,231,-2,0,56,0,0,01,9,5,550
D,2113321057,1102,166,0,-446542,321,-2,0,56,0,0,01,9,5,550
D,2113322061,1004,166,0,-446542,337,-2,0,56,0,0,01,9,5,550
D,2113322966,905,166,0,-446542,246,-2,0,56,0,0,01,9,5,550
D,2113323985,1019,166,0,-446542,267,-2,0,56,0,0,01,9,5,550
D,2113324963,978,166,0,-446542,244,-2,0,56,0,0,01,9,5,550
D,2113325983,1020,166,0,-446542,263,-2,0,56,0,0,01,9,5,550
D,2113326968,985,166,0,-446542,241,-1,0,56,0,0,01,9,5,550
D,2113327990,1022,166,0,-446542,266,-2,-8,56,0,0,01,9,5,550
D,2113328960,970,166,0,-446542,240,-2,-8,56,0,0,01,9,5,550
D,2113329986,1026,166,0,-446542,256,-2,0,56,0,0,01,9,5,550
D,2113330980,994,166,0,-446542,250,-2,0,56,0,0,01,9,5,550
D,2113332032,1052,166,0,-446542,303,-2,0,56,0,0,01,9,5,550
D,2113332946,914,166,0,-446542,225,-2,0,56,0,0,01,9,5,550
D,2113333952,1006,166,0,-446542,226,-2,0,56,0,0,01,9,5,550
D,2113334946,994,166,0,-446542,228,-2,0,56,0,0,01,9,5,550
D,2113335959,1013,165,-1,-446541,228,-1,8,56,0,0,01,9,5,550
D,2113336944,985,166,1,-446542,224,-1,0,56,0,0,01,9,5,550
D,2113337954,1010,166,0,-446542,225,-1,0,56,0,0,01,9,5,550
D,2113338960,1006,166,0,-446542,227,-1,0,56,0,0,01,9,5,550
D,2113339963,1003,166,0,-446542,234,-1,0,56,0,0,01,9,5,550
D,2113341060,1097,166,0,-446542,326,-1,0,56,0,0,01,9,5,550
D,2113342070,1010,166,0,-446542,348,-1,0,56,0,0,01,9,5,550
D,2113342959,889,166,0,-446542,239,-1,0,56,0,0,01,9,5,550
D,2113343991,1032,166,0,-446542,265,-1,0,56,0,0,01,9,5,550
D,2113344964,973,166,0,-446542,240,-1,0,56,0,0,01,9,5,550
D,2113345983,1019,166,0,-446542,265,-1,0,56,0,0,01,9,5,550
D,2113346967,984,166,0,-446542,239,-1,0,56,0,0,01,9,5,550
D,2113347988,1021,166,0,-446542,269,-1,0,56,0,0,01,9,5,550
D,2113348959,971,166,0,-446542,239,-1,0,56,0,0,01,9,5,550
D,2113349985,1026,166,0,-446542,254,-1,0,56,0,0,01,9,5,550
D,2113350978,993,166,0,-446542,251,-1,0,56,0,0,01,9,5,550
D,2113352033,1055,166,0,-446542,307,-1,0,56,0,0,01,9,5,550
D,2113352952,919,166,0,-446542,226,-1,0,56,0,0,01,9,5,550
D,2113353947,995,166,0,-446542,228,-1,0,56,0,0,01,9,5,550
D,2113354957,1010,166,0,-446542,227,-1,0,56,0,0,01,9,5,550
D,2113355954,997,166,0,-446542,228,-1,0,56,0,0,01,9,5,550
D,2113356954,1000,166,0,-446542,223,-1,0,56,0,0,01,9,5,550
D,2113357949,995,166,0,-446542,225,0,0,56,0,0,01,9,5,550
D,2113358954,1005,166,0,-446542,227,0,0,56,0,0,01,9,5,550
D,2113359955,1001,166,0,-446542,231,0,0,56,0,0,01,9,5,550
D,2113361047,1092,166,0,-446542,323,0,0,56,0,0,01,9,5,550
D,2113362061,1014,166,0,-446542,339,0,0,56,0,0,01,9,5,550
D,2113362966,905,166,0,-446542,247,0,0,56,0,0,01,9,5,550
D,2113363998,1032,166,0,-446542,267,0,0,56,0,0,01,9,5,550
D,2113364974,976,166,0,-446542,242,0,0,56,0,0,01,9,5,550
D,2113365990,1016,166,0,-446542,259,-1,-8,56,0,0,01,9,5,550
D,2113366960,970,166,0,-446542,242,-1,0,56,0,0,01,9,5,550
D,2113367993,1033,166,0,-446542,262,-1,0,56,0,0,01,9,5,550
D,2113368973,980,166,0,-446542,241,-1,0,56,0,0,01,9,5,550
D,2113369984,1011,166,0,-446542,259,-1,0,56,0,0,01,9,5,550
D,2113370984,1000,166,0,-446542,255,-1,0,56,0,0,01,9,5,550
D,2113372032,1048,166,0,-446542,301,-1,0,56,0,0,01,9,5,550
D,2113372954,922,166,0,-446542,225,-1,0,56,0,0,01,9,5,550
D,2113373946,992,166,0,-446542,229,0,0,56,0,0,01,9,5,550
D,2113374951,1005,166,0,-446542,230,0,0,56,0,0,01,9,5,550
D,2113375948,997,166,0,-446542,226,0,0,56,0,0,01,9,5,550
D,2113376946,998,166,0,-446542,223,0,0,56,0,0,01,9,5,550
D,2113377956,1010,166,0,-446542,224,0,0,56,0,0,01,9,5,550
D,2113378951,995,166,0,-446542,230,0,0,56,0,0,01,9,5,550
D,2113379950,999,166,0,-446542,229,0,0,56,0,0,01,9,5,550
D,2113381040,1090,166,0,-446542,319,0,0,56,0,0,01,9,5,550
D,2113382085,1045,166,0,-446542,349,0,0,56,0,0,01,9,5,550
D,2113382968,883,166,0,-446542,246,0,0,56,0,0,01,9,5,550
D,2113383984,1016,166,0,-446542,264,0,0,56,0,0,01,9,5,550
D,2113384966,982,166,0,-446542,245,0,0,56,0,0,01,9,5,550
D,2113385981,1015,166,0,-446542,262,0,0,56,0,0,01,9,5,550
D,2113386972,991,166,0,-446542,242,0,0,56,0,0,01,9,5,550
D,2113387992,1020,166,0,-446542,266,0,0,56,0,0,01,9,5,550
D,2113388971,979,166,0,-446542,245,0,0,56,0,0,01,9,5,550
D,2113389982,1011,166,0,-446542,257,0,0,56,0,0,01,9,5,550
D,2113390976,994,166,0,-446542,252,0,0,56,0,0,01,9,5,550
D,2113392030,1054,166,0,-446542,305,0,0,56,0,0,01,9,5,550
D,2113392950,920,166,0,-446542,227,0,0,56,0,0,01,9,5,550
D,2113393956,1006,166,0,-446542,225,0,0,56,0,0,01,9,5,550
D,2113394950,994,166,0,-446542,229,0,0,56,0,0,01,9,5,550
D,2113395950,1000,166,0,-446542,228,0,0,56,0,0,01,9,5,550
D,2113396951,1001,166,0,-446542,224,0,0,56,0,0,01,9,5,550
D,2113397945,994,166,0,-446542,225,0,0,56,0,0,01,9,5,550
D,2113398950,1005,166,0,-446542,227,0,0,56,0,0,01,9,5,550
D,2113399951,1001,166,0,-446542,232,0,0,56,0,0,01,9,5,550
D,2113401045,1094,166,0,-446542,322,0,0,56,0,0,01,9,5,550
D,2113402071,1026,166,0,-446542,339,0,0,56,0,0,01,9,5,550
D,2113402976,905,166,0,-446542,247,0,0,56,0,0,01,9,5,550
D,2113403991,1015,166,0,-446542,269,0,0,56,0,0,01,9,5,550
D,2113404962,971,166,0,-446542,237,0,0,56,0,0,01,9,5,550
D,2113405996,1034,166,0,-446542,264,0,0,56,0,0,01,9,5,550
D,2113406957,961,166,0,-446542,236,0,0,56,0,0,01,9,5,550
D,2113408001,1044,166,0,-446542,271,0,0,56,0,0,01,9,5,550
D,2113408964,963,166,0,-446542,239,0,0,56,0,0,01,9,5,550
D,2113409985,1021,166,0,-446542,257,0,0,56,0,0,01,9,5,550
D,2113410981,996,166,0,-446542,248,0,0,56,0,0,01,9,5,550
D,2113412032,1051,166,0,-446542,303,0,0,56,0,0,01,9,5,550
D,2113412944,912,166,0,-446542,225,0,0,56,0,0,01,9,5,550
D,2113413950,1006,166,0,-446542,226,0,0,56,0,0,01,9,5,550
D,2113414960,1010,165,-1,-446541,227,0,8,56,0,0,01,9,5,550
D,2113415957,997,166,1,-446542,227,0,0,56,0,0,01,9,5,550
D,2113416942,985,166,0,-446542,224,0,0,56,0,0,01,9,5,550
D,2113417952,1010,166,0,-446542,225,0,0,56,0,0,01,9,5,550
D,2113418958,1006,166,0,-446542,227,0,0,56,0,0,01,9,5,550
D,2113419959,1001,166,0,-446542,232,0,0,56,0,0,01,9,5,550
D,2113421052,1093,166,0,-446542,320,0,0,56,0,0,01,9,5,550
D,2113422092,1040,165,-1,-446541,356,0,8,56,0,0,01,9,5,550
D,2113422974,882,166,1,-446542,244,0,0,56,0,0,01,9,5,550
D,2113423988,1014,166,0,-446542,267,0,0,56,0,0,01,9,5,550
D,2113424960,972,166,0,-446542,239,0,0,56,0,0,01,9,5,550
D,2113425994,1034,166,0,-446542,263,0,0,56,0,0,01,9,5,550
D,2113426972,978,166,0,-446542,240,0,0,56,0,0,01,9,5,550
D,2113427991,1019,166,0,-446542,264,0,0,56,0,0,01,9,5,550
D,2113428963,972,166,0,-446542,238,0,0,56,0,0,01,9,5,550
D,2113429983,1020,166,0,-446542,255,0,0,56,0,0,01,9,5,550
D,2113430979,996,166,0,-446542,252,0,0,56,0,0,01,9,5,550
D,2113432033,1054,166,0,-446542,303,0,0,56,0,0,01,9,5,550
D,2113432943,910,166,0,-446542,224,0,0,56,0,0,01,9,5,550
D,2113433950,1007,166,0,-446542,225,0,0,56,0,0,01,9,5,550
D,2113434960,1010,166,0,-446542,229,0,0,56,0,0,01,9,5,550
D,2113435960,1000,166,0,-446542,227,0,0,56,0,0,01,9,5,550
D,2113436944,984,166,0,-446542,223,0,0,56,0,0,01,9,5,550
D,2113437954,1010,166,0,-446542,224,0,0,56,0,0,01,9,5,550
D,2113438960,1006,166,0,-446542,227,0,0,56,0,0,01,9,5,550
D,2113439964,1004,166,0,-446542,234,0,0,56,0,0,01,9,5,550
D,2113441062,1098,166,0,-446542,331,0,0,56,0,0,01,9,5,550
D,2113442069,1007,166,0,-446542,338,0,0,56,0,0,01,9,5,550
D,2113442973,904,166,0,-446542,248,0,0,56,0,0,01,9,5,550
D,2113443987,1014,166,0,-446542,268,0,0,56,0,0,01,9,5,550
D,2113444961,974,166,0,-446542,242,0,-8,56,0,0,01,9,5,550
D,2113445994,1033,166,0,-446542,264,0,0,56,0,0,01,9,5,550
D,2113446956,962,166,0,-446542,235,0,0,56,0,0,01,9,5,550
D,2113447994,1038,166,0,-446542,265,0,0,56,0,0,01,9,5,550
D,2113448960,966,166,0,-446542,240,0,0,56,0,0,01,9,5,550
D,2113449984,1024,166,0,-446542,254,0,0,56,0,0,01,9,5,550
D,2113450979,995,166,0,-446542,253,0,0,56,0,0,01,9,5,550
D,2113452029,1050,166,0,-446542,305,0,0,56,0,0,01,9,5,550
D,2113452945,916,166,0,-446542,226,0,-8,56,0,0,01,9,5,550
D,2113453952,1007,166,0,-446542,226,0,0,56,0,0,01,9,5,550
D,2113454946,994,166,0,-446542,227,0,0,56,0,0,01,9,5,550
D,2113455959,1013,166,0,-446542,228,0,0,56,0,0,01,9,5,550
D,2113456943,984,166,0,-446542,223,0,0,56,0,0,01,9,5,550
D,2113457954,1011,166,0,-446542,225,0,0,56,0,0,01,9,5,550
D,2113458960,1006,166,0,-446542,228,0,0,56,0,0,01,9,5,550
D,2113459962,1002,166,0,-446542,233,0,0,56,0,0,01,9,5,550
D,2113461056,1094,166,0,-446542,320,0,0,56,0,0,01,9,5,550
D,2113462078,1022,166,0,-446542,347,0,0,56,0,0,01,9,5,550
D,2113462970,892,166,0,-446542,248,0,0,56,0,0,01,9,5,550
D,2113463983,1013,166,0,-446542,265,0,0,56,0,0,01,9,5,550
D,2113464964,981,166,0,-446542,244,0,0,56,0,0,01,9,5,550
D,2113465984,1020,166,0,-446542,264,0,0,56,0,0,01,9,5,550
D,2113466970,986,166,0,-446542,242,0,0,56,0,0,01,9,5,550
D,2113467991,1021,166,0,-446542,266,0,0,56,0,0,01,9,5,550
D,2113468962,971,166,0,-446542,241,0,0,56,0,0,01,9,5,550
D,2113469981,1019,166,0,-446542,255,0,0,56,0,0,01,9,5,550
D,2113470975,994,166,0,-446542,246,0,0,56,0,0,01,9,5,550
D,2113472031,1056,166,0,-446542,306,0,0,56,0,0,01,9,5,550
D,2113472942,911,166,0,-446542,223,0,0,56,0,0,01,9,5,550
D,2113473951,1009,166,0,-446542,226,0,0,56,0,0,01,9,5,550
D,2113474964,1013,166,0,-446542,231,0,0,56,0,0,01,9,5,550
D,2113475945,981,166,0,-446542,225,0,0,56,0,0,01,9,5,550
D,2113476943,998,166,0,-446542,223,0,0,56,0,0,01,9,5,550
D,2113477953,1010,166,0,-446542,224,0,0,56,0,0,01,9,5,550
D,2113478961,1008,166,0,-446542,230,0,0,56,0,0,01,9,5,550
D,2113479964,1003,166,0,-446542,230,0,0,56,0,0,01,9,5,550
D,2113481056,1092,166,0,-446542,329,0,0,56,0,0,01,9,5,550
D,2113482075,1019,166,0,-446542,341,0,0,56,0,0,01,9,5,550
D,2113482974,899,166,0,-446542,249,0,0,56,0,0,01,9,5,550
D,2113483990,1016,166,0,-446542,267,0,0,56,0,0,01,9,5,550
D,2113484966,976,166,0,-446542,243,0,0,56,0,0,01,9,5,550
D,2113485980,1014,166,0,-446542,259,0,0,56,0,0,01,9,5,550
D,2113486970,990,166,0,-446542,239,0,0,56,0,0,01,9,5,550
D,2113487980,1010,166,0,-446542,260,0,0,56,0,0,01,9,5,550
D,2113488974,994,166,0,-446542,246,0,0,56,0,0,01,9,5,550
D,2113489985,1011,166,0,-446542,256,0,0,56,0,0,01,9,5,550
D,2113490986,1001,166,0,-446542,256,0,0,56,0,0,01,9,5,550
D,2113492018,1032,166,0,-446542,293,0,0,56,0,0,01,9,5,550
D,2113492957,939,166,0,-446542,225,0,0,56,0,0,01,9,5,550
D,2113493946,989,166,0,-446542,226,0,0,56,0,0,01,9,5,550
D,2113494954,1008,166,0,-446542,230,0,0,56,0,0,01,9,5,550
D,2113495952,998,166,0,-446542,227,0,0,56,0,0,01,9,5,550
D,2113496949,997,166,0,-446542,223,0,0,56,0,0,01,9,5,550
D,2113497943,994,166,0,-446542,225,0,0,56,0,0,01,9,5,550
D,2113498954,1011,166,0,-446542,230,0,0,56,0,0,01,9,5,550
D,2113499952,998,166,0,-446542,228,0,0,56,0,0,01,9,5,550
D,2113501058,1106,166,0,-446542,324,0,0,56,0,0,01,9,5,550
D,2113502070,1012,166,0,-446542,348,0,0,56,0,0,01,9,5,550
D,2113502978,908,166,0,-446542,245,0,0,56,0,0,01,9,5,550
D,2113503990,1012,166,0,-446542,268,0,0,56,0,0,01,9,5,550
D,2113504965,975,166,0,-446542,241,0,0,56,0,0,01,9,5,550
D,2113505981,1016,166,0,-446542,260,0,0,56,0,0,01,9,5,550
D,2113506966,985,166,0,-446542,243,0,0,56,0,0,01,9,5,550
D,2113507988,1022,166,0,-446542,267,0,0,56,0,0,01,9,5,550
D,2113508961,973,166,0,-446542,240,0,0,56,0,0,01,9,5,550
D,2113509984,1023,166,0,-446542,255,0,0,56,0,0,01,9,5,550
D,2113510977,993,166,0,-446542,250,0,0,56,0,0,01,9,5,550
D,2113512028,1051,166,0,-446542,306,0,0,56,0,0,01,9,5,550
D,2113512958,930,166,0,-446542,224,0,0,56,0,0,01,9,5,550
D,2113513950,992,166,0,-446542,226,0,0,56,0,0,01,9,5,550
D,2113514960,1010,166,0,-446542,227,0,0,56,0,0,01,9,5,550
D,2113515957,997,166,0,-446542,228,0,0,56,0,0,01,9,5,550
D,2113516941,984,166,0,-446542,223,0,0,56,0,0,01,9,5,550
D,2113517951,1010,166,0,-446542,225,0,0,56,0,0,01,9,5,550
D,2113518957,1006,166,0,-446542,227,0,0,56,0,0,01,9,5,550
D,2113519958,1001,166,0,-446542,232,0,0,56,0,0,01,9,5,550
D,2113521049,1091,166,0,-446542,327,0,0,56,0,0,01,9,5,550
D,2113522061,1012,166,0,-446542,338,0,0,56,0,0,01,9,5,550
D,2113522975,914,166,0,-446542,246,0,0,56,0,0,01,9,5,550
D,2113523989,1014,166,0,-446542,269,0,0,56,0,0,01,9,5,550
D,2113524962,973,166,0,-446542,240,0,0,56,0,0,01,9,5,550
D,2113525983,1021,166,0,-446542,264,0,0,56,0,0,01,9,5,550
D,2113526965,982,166,0,-446542,241,0,0,56,0,0,01,9,5,550
D,2113527987,1022,166,0,-446542,268,0,0,56,0,0,01,9,5,550
D,2113528959,972,166,0,-446542,239,0,0,56,0,0,01,9,5,550
D,2113529984,1025,166,0,-446542,257,0,0,56,0,0,01,9,5,550
D,2113530978,994,166,0,-446542,252,0,0,56,0,0,01,9,5,550
D,2113532039,1061,166,0,-446542,308,0,0,56,0,0,01,9,5,550
D,2113532955,916,166,0,-446542,224,0,0,56,0,0,01,9,5,550
D,2113533947,992,166,0,-446542,226,0,0,56,0,0,01,9,5,550
D,2113534957,1010,166,0,-446542,227,0,0,56,0,0,01,9,5,550
D,2113535954,997,166,0,-446542,228,0,0,56,0,0,01,9,5,550
D,2113536955,1001,166,0,-446542,224,0,0,56,0,0,01,9,5,550
D,2113537949,994,166,0,-446542,225,0,0,56,0,0,01,9,5,550
D,2113538954,1005,166,0,-446542,227,0,0,56,0,0,01,9,5,550
D,2113539957,1003,166,0,-446542,233,0,0,56,0,0,01,9,5,550
D,2113541045,1088,166,0,-446542,320,0,0,56,0,0,01,9,5,550
D,2113542076,1031,166,0,-446542,351,0,0,56,0,0,01,9,5,550
D,2113542959,883,166,0,-446542,241,0,0,56,0,0,01,9,5,550
D,2113543993,1034,166,0,-446542,266,0,0,56,0,0,01,9,5,550
D,2113544965,972,166,0,-446542,239,0,0,56,0,0,01,9,5,550
D,2113545981,1016,166,0,-446542,263,0,0,56,0,0,01,9,5,550
D,2113546966,985,166,0,-446542,240,0,0,56,0,0,01,9,5,550
D,2113547988,1022,166,0,-446542,268,0,0,56,0,0,01,9,5,550
D,2113548970,982,166,0,-446542,238,0,0,56,0,0,01,9,5,550
D,2113549982,1012,166,0,-446542,258,0,0,56,0,0,01,9,5,550
D,2113550974,992,166,0,-446542,249,0,0,56,0,0,01,9,5,550
D,2113552024,1050,166,0,-446542,301,0,0,56,0,0,01,9,5,550
D,2113552957,933,166,0,-446542,227,0,0,56,0,0,01,9,5,550
D,2113553948,991,166,0,-446542,226,0,0,56,0,0,01,9,5,550
D,2113554961,1013,166,0,-446542,230,0,0,56,0,0,01,9,5,550
D,2113555942,981,166,0,-446542,225,0,0,56,0,0,01,9,5,550
D,2113556956,1014,166,0,-446542,223,0,0,56,0,0,01,9,5,550
D,2113557950,994,166,0,-446542,225,0,0,56,0,0,01,9,5,550
D,2113558958,1008,166,0,-446542,230,0,0,56,0,0,01,9,5,550
D,2113559958,1000,166,0,-446542,227,0,0,56,0,0,01,9,5,550
D,2113561051,1093,166,0,-446542,321,0,0,56,0,0,01,9,5,550
D,2113562068,1017,166,0,-446542,341,0,0,56,0,0,01,9,5,550
D,2113562963,895,166,0,-446542,244,0,0,56,0,0,01,9,5,550
D,2113563998,1035,166,0,-446542,268,0,0,56,0,0,01,9,5,550
D,2113564974,976,166,0,-446542,243,0,0,56,0,0,01,9,5,550
D,2113565991,1017,166,0,-446542,260,0,0,56,0,0,01,9,5,550
D,2113566968,977,166,0,-446542,241,0,0,56,0,0,01,9,5,550
D,2113567994,1026,166,0,-446542,268,0,0,56,0,0,01,9,5,550
D,2113568960,966,166,0,-446542,242,0,0,56,0,0,01,9,5,550
D,2113569984,1024,166,0,-446542,255,0,0,56,0,0,01,9,5,550
D,2113570976,992,166,0,-446542,247,0,0,56,0,0,01,9,5,550
D,2113572036,1060,166,0,-446542,309,0,0,56,0,0,01,9,5,550
D,2113572951,915,166,0,-446542,225,0,0,56,0,0,01,9,5,550
D,2113573958,1007,166,0,-446542,226,0,0,56,0,0,01,9,5,550
D,2113574952,994,166,0,-446542,227,0,0,56,0,0,01,9,5,550
D,2113575950,998,166,0,-446542,228,0,0,56,0,0,01,9,5,550
D,2113576950,1000,166,0,-446542,224,0,0,56,0,0,01,9,5,550
D,2113577944,994,166,0,-446542,225,0,0,56,0,0,01,9,5,550
D,2113578949,1005,166,0,-446542,227,0,0,56,0,0,01,9,5,550
D,2113579948,999,166,0,-446542,230,0,0,56,0,0,01,9,5,550
D,2113581038,1090,166,0,-446542,318,0,0,56,0,0,01,9,5,550
D,2113582079,1041,166,0,-446542,348,0,0,56,0,0,01,9,5,550
D,2113582968,889,166,0,-446542,244,0,0,56,0,0,01,9,5,550
D,2113583986,1018,166,0,-446542,268,0,0,56,0,0,01,9,5,550
D,2113584959,973,166,0,-446542,240,0,0,56,0,0,01,9,5,550
D,2113585993,1034,166,0,-446542,264,0,0,56,0,0,01,9,5,550
D,2113586956,963,166,0,-446542,236,0,0,56,0,0,01,9,5,550
D,2113587994,1038,166,0,-446542,266,0,0,56,0,0,01,9,5,550
D,2113588960,966,166,0,-446542,240,0,0,56,0,0,01,9,5,550
D,2113589983,1023,166,0,-446542,252,0,0,56,0,0,01,9,5,550
D,2113590977,994,166,0,-446542,251,0,0,56,0,0,01,9,5,550
D,2113592025,1048,166,0,-446542,302,0,0,56,0,0,01,9,5,550
D,2113592955,930,166,0,-446542,226,0,0,56,0,0,01,9,5,550
D,2113593949,994,166,0,-446542,226,0,0,56,0,0,01,9,5,550
# DIAG n=2304 wrapped=1 frozen=0
SPIN#6 START dir=+1 omega=0.498 wedge=3
SPIN#6 RELEASE speed=0.463 peak=0.503 angle=317.1
SPIN#6 RESERVE targetW=2 targetAngle=76.6 runway=119.4 natStop=230.0 speed=0.463 q=1 urgent=0
SPIN#6 CAPTURE fasDir=-1 wheel=0.444 cmd0=0.422 hz=1348 aPlan=0.3007(962 sps2) aFas=6400 remain=106.3
# TK remain=102.2 cmd=0.413 wheel=0.462 fas=0.421 trail=0.444 profile=0.413 stage=1
# TK remain=69.2 cmd=0.340 wheel=0.369 fas=0.344 trail=0.369 profile=0.340 stage=2
# TK remain=44.2 cmd=0.272 wheel=0.285 fas=0.278 trail=0.285 profile=0.272 stage=3
# TK remain=24.4 cmd=0.202 wheel=0.222 fas=0.209 trail=0.222 profile=0.202 stage=3
# TK remain=10.0 cmd=0.129 wheel=0.156 fas=0.137 trail=0.156 profile=0.129 stage=3
SPIN#6 SETTLE-DRAG: guest moved the wheel during settle
SPIN#6 SUMMARY dir=+1 peak=0.503 releaseMs=1223 relAngle=317.1 relSpeed=0.463 targetW=2 targetAngle=76.6 runway=119.4 natStop=230.0 fricC=0.5500 fricB=0.2800 tkSpeed=0.444 cmdMax=0.422 cmdMin=0.069 rise=0.214 maxDecel=0.871 final=126.0 finalW=4 err=49.5 quality=1 result=GUEST_STOPPED fault=NONE fitRej=0 fitsCW=0 fitsCCW=0
SPIN#7 START dir=+1 omega=0.318 wedge=4
SPIN#7 RELEASE speed=0.292 peak=0.318 angle=189.5
SPIN#7 RESERVE targetW=9 targetAngle=298.0 runway=108.5 natStop=110.5 speed=0.292 q=3 urgent=0
SPIN#7 CAPTURE fasDir=-1 wheel=0.341 cmd0=0.324 hz=1035 aPlan=0.1892(605 sps2) aFas=4840 remain=99.6
# TK remain=97.2 cmd=0.296 wheel=0.296 fas=0.323 trail=0.296 profile=0.320 stage=1
# TK remain=74.3 cmd=0.279 wheel=0.279 fas=0.280 trail=0.279 profile=0.279 stage=2
# TK remain=52.6 cmd=0.235 wheel=0.254 fas=0.240 trail=0.254 profile=0.235 stage=3
# TK remain=33.9 cmd=0.189 wheel=0.215 fas=0.194 trail=0.215 profile=0.189 stage=3
# TK remain=19.6 cmd=0.144 wheel=0.164 fas=0.148 trail=0.164 profile=0.144 stage=3
# TK remain=8.9 cmd=0.097 wheel=0.116 fas=0.102 trail=0.116 profile=0.097 stage=3
SPIN#7 SUMMARY dir=+1 peak=0.318 releaseMs=472 relAngle=189.5 relSpeed=0.292 targetW=9 targetAngle=298.0 runway=108.5 natStop=110.5 fricC=0.5500 fricB=0.2800 tkSpeed=0.341 cmdMax=0.324 cmdMin=0.052 rise=0.000 maxDecel=1.787 final=303.2 finalW=10 err=5.2 quality=3 result=EDGE_SAFE fault=NONE fitRej=0 fitsCW=0 fitsCCW=0
SPIN#8 START dir=+1 omega=0.199 wedge=10
SPIN#8 RELEASE speed=0.549 peak=0.597 angle=209.9
SPIN#8 RESERVE targetW=3 targetAngle=106.8 runway=256.9 natStop=298.5 speed=0.549 q=0 urgent=0
SPIN#8 CAPTURE fasDir=-1 wheel=0.552 cmd0=0.525 hz=1679 aPlan=0.2031(650 sps2) aFas=5200 remain=241.9
# TK remain=236.6 cmd=0.510 wheel=0.510 fas=0.525 trail=0.510 profile=0.517 stage=1
# TK remain=192.8 cmd=0.444 wheel=0.470 fas=0.444 trail=0.470 profile=0.466 stage=2
# TK remain=155.3 cmd=0.419 wheel=0.442 fas=0.424 trail=0.435 profile=0.419 stage=3
# TK remain=117.6 cmd=0.364 wheel=0.490 fas=0.373 trail=0.410 profile=0.364 stage=3
# TK remain=83.5 cmd=0.307 wheel=0.507 fas=0.320 trail=0.347 profile=0.307 stage=3
# TK remain=53.3 cmd=0.238 wheel=0.338 fas=0.252 trail=0.319 profile=0.245 stage=3
# TK remain=21.0 cmd=0.154 wheel=0.338 fas=0.161 trail=0.304 profile=0.154 stage=3
SPIN#8 SETTLE-DRAG: guest moved the wheel during settle
SPIN#8 SUMMARY dir=+1 peak=0.597 releaseMs=1318 relAngle=209.9 relSpeed=0.549 targetW=3 targetAngle=106.8 runway=256.9 natStop=298.5 fricC=0.5500 fricB=0.2800 tkSpeed=0.552 cmdMax=0.525 cmdMin=0.081 rise=0.264 maxDecel=6.804 final=160.0 finalW=5 err=53.2 quality=0 result=GUEST_STOPPED fault=NONE fitRej=0 fitsCW=0 fitsCCW=0
SPIN#8 LANDED-DARE wedge=5 THIS IS A FAILURE result=GUEST_STOPPED fault=NONE
SPIN#9 START dir=+1 omega=0.352 wedge=5
SPIN#9 RELEASE speed=0.324 peak=0.352 angle=225.0
SPIN#9 RESERVE targetW=11 targetAngle=353.7 runway=128.7 natStop=130.7 speed=0.324 q=3 urgent=0
SPIN#9 CAPTURE fasDir=-1 wheel=0.229 cmd0=0.217 hz=694 aPlan=0.0703(225 sps2) aFas=1800 remain=120.8
# TK remain=117.4 cmd=0.214 wheel=0.307 fas=0.217 trail=0.229 profile=0.214 stage=1
# TK remain=99.1 cmd=0.168 wheel=0.170 fas=0.179 trail=0.168 profile=0.197 stage=2
# TK remain=84.9 cmd=0.145 wheel=0.158 fas=0.166 trail=0.145 profile=0.182 stage=3
# TK remain=72.5 cmd=0.145 wheel=0.154 fas=0.145 trail=0.150 profile=0.168 stage=3
# TK remain=60.2 cmd=0.145 wheel=0.148 fas=0.145 trail=0.148 profile=0.153 stage=3
# TK remain=49.2 cmd=0.139 wheel=0.134 fas=0.140 trail=0.132 profile=0.139 stage=3
# TK remain=38.9 cmd=0.123 wheel=0.128 fas=0.126 trail=0.126 profile=0.123 stage=3
# TK remain=28.6 cmd=0.106 wheel=0.126 fas=0.108 trail=0.126 profile=0.106 stage=3
# TK remain=19.4 cmd=0.087 wheel=0.108 fas=0.088 trail=0.108 profile=0.087 stage=3
# TK remain=12.9 cmd=0.071 wheel=0.072 fas=0.073 trail=0.072 profile=0.071 stage=3
# TK remain=8.0 cmd=0.056 wheel=0.051 fas=0.057 trail=0.051 profile=0.056 stage=3
# TK remain=4.7 cmd=0.043 wheel=0.039 fas=0.044 trail=0.038 profile=0.043 stage=3
SPIN#9 SUMMARY dir=+1 peak=0.352 releaseMs=413 relAngle=225.0 relSpeed=0.324 targetW=11 targetAngle=353.7 runway=128.7 natStop=130.7 fricC=0.5500 fricB=0.2800 tkSpeed=0.229 cmdMax=0.217 cmdMin=0.031 rise=0.095 maxDecel=2.525 final=352.0 finalW=11 err=-1.7 quality=3 result=CONTROLLED_SAFE fault=NONE fitRej=0 fitsCW=0 fitsCCW=0
SPIN#10 START dir=+1 omega=0.228 wedge=0
SPIN#10 RELEASE speed=0.572 peak=0.622 angle=203.6
SPIN#10 RESERVE targetW=3 targetAngle=95.3 runway=251.7 natStop=317.3 speed=0.572 q=0 urgent=0
SPIN#10 CAPTURE fasDir=-1 wheel=0.561 cmd0=0.533 hz=1706 aPlan=0.2031(650 sps2) aFas=5200 remain=234.7
# TK remain=230.0 cmd=0.509 wheel=0.586 fas=0.533 trail=0.561 profile=0.509 stage=1
# TK remain=188.7 cmd=0.461 wheel=0.485 fas=0.468 trail=0.485 profile=0.461 stage=2
# TK remain=152.2 cmd=0.414 wheel=0.412 fas=0.419 trail=0.412 profile=0.414 stage=3
# TK remain=119.8 cmd=0.368 wheel=0.383 fas=0.371 trail=0.383 profile=0.368 stage=3
# TK remain=91.8 cmd=0.322 wheel=0.320 fas=0.327 trail=0.320 profile=0.322 stage=3
# TK remain=67.1 cmd=0.275 wheel=0.298 fas=0.279 trail=0.295 profile=0.275 stage=3
# TK remain=46.8 cmd=0.230 wheel=0.238 fas=0.235 trail=0.238 profile=0.230 stage=3
# TK remain=29.7 cmd=0.183 wheel=0.197 fas=0.188 trail=0.197 profile=0.183 stage=3
# TK remain=15.9 cmd=0.134 wheel=0.149 fas=0.139 trail=0.149 profile=0.134 stage=3
# TK remain=6.1 cmd=0.083 wheel=0.108 fas=0.094 trail=0.108 profile=0.083 stage=3
SPIN#10 SETTLE-DRAG: guest moved the wheel during settle
SPIN#10 SUMMARY dir=+1 peak=0.622 releaseMs=978 relAngle=203.6 relSpeed=0.572 targetW=3 targetAngle=95.3 runway=251.7 natStop=317.3 fricC=0.5500 fricB=0.2800 tkSpeed=0.561 cmdMax=0.533 cmdMin=0.053 rise=0.056 maxDecel=1.577 final=141.5 finalW=4 err=46.2 quality=0 result=GUEST_STOPPED fault=NONE fitRej=0 fitsCW=0 fitsCCW=0
SPIN#11 START dir=+1 omega=0.231 wedge=5
SPIN#11 RELEASE speed=0.212 peak=0.231 angle=189.1
SPIN#11 RESERVE targetW=8 targetAngle=251.6 runway=62.5 natStop=64.5 speed=0.212 q=3 urgent=0
SPIN#11 CAPTURE fasDir=-1 wheel=0.299 cmd0=0.285 hz=910 aPlan=0.2607(834 sps2) aFas=6400 remain=55.9
# TK remain=54.1 cmd=0.168 wheel=0.168 fas=0.284 trail=0.168 profile=0.280 stage=1
# TK remain=38.6 cmd=0.168 wheel=0.174 fas=0.168 trail=0.173 profile=0.236 stage=2
# TK remain=24.8 cmd=0.168 wheel=0.168 fas=0.168 trail=0.160 profile=0.189 stage=3
# TK remain=11.9 cmd=0.131 wheel=0.155 fas=0.137 trail=0.155 profile=0.131 stage=3
# TK remain=3.1 cmd=0.067 wheel=0.086 fas=0.079 trail=0.086 profile=0.067 stage=3
SPIN#11 SUMMARY dir=+1 peak=0.231 releaseMs=480 relAngle=189.1 relSpeed=0.212 targetW=8 targetAngle=251.6 runway=62.5 natStop=64.5 fricC=0.5500 fricB=0.2800 tkSpeed=0.299 cmdMax=0.285 cmdMin=0.067 rise=0.000 maxDecel=5.253 final=294.2 finalW=9 err=42.6 quality=3 result=OFF_TARGET_SAFE fault=NONE fitRej=0 fitsCW=0 fitsCCW=0
MANUAL-ADJUST travel=+45.8deg durMs=3426 wedge=11 (no spin, no motor)

[HOST 2026-09-18T14:12:20.044] TX s
# state=IDLE_STOPPED fault=NONE angle=349.54 wedge=11 omega=0.0000 natStop=0.0 pos=FRESH vel=VALID age_us=697 dirCal=1(sign -1) tmc=1 takeover=1 rawZero=88 stage=0 cmd=0.000

[HOST 2026-09-18T14:12:53.545] Serial capture ended
