us,dt_us,raw,delta,counts,i2c_us,omega,window,cmd,fas,remaining,flags,state,stage,current_ma
198044882,997,1411,1,-1323,262,-244,-228,236,241,544,1,7,3,1650
198045879,997,1412,1,-1324,268,-243,-228,236,241,543,1,7,3,1650
198046898,1019,1414,2,-1326,284,-243,-244,236,241,541,1,7,3,1650
198047842,944,1415,1,-1327,236,-244,-244,236,241,541,1,7,3,1650
198048887,1045,1416,1,-1328,267,-244,-244,236,241,540,1,7,3,1650
198049850,963,1417,1,-1329,231,-244,-244,236,241,539,1,7,3,1650
198050909,1059,1418,1,-1330,288,-244,-244,236,241,538,1,7,3,1650
198051920,1011,1419,1,-1331,304,-244,-244,236,240,537,1,7,3,1650
198052857,937,1420,1,-1332,236,-244,-245,236,239,536,1,7,3,1650
198053842,985,1421,1,-1333,224,-244,-245,236,237,535,1,7,3,1650
198054891,1049,1422,1,-1334,273,-244,-244,236,237,534,1,7,3,1650
198055875,984,1422,0,-1334,257,-243,-228,232,235,534,1,7,3,1650
198056851,976,1423,1,-1335,230,-243,-229,232,236,533,1,7,3,1650
198057835,984,1424,1,-1336,225,-242,-229,232,236,533,1,7,3,1650
198058896,1061,1425,1,-1337,284,-241,-228,232,236,532,1,7,3,1650
198059835,939,1426,1,-1338,222,-241,-229,232,236,531,1,7,3,1650
198060957,1122,1427,1,-1339,333,-240,-228,232,236,530,1,7,3,1650
198062005,1048,1428,1,-1340,391,-240,-227,232,236,529,1,7,3,1650
198062950,945,1429,1,-1341,328,-239,-227,232,236,528,1,7,3,1650
198063883,933,1429,0,-1341,268,-239,-228,232,236,528,1,7,3,1650
198064880,997,1430,1,-1342,258,-238,-228,232,236,527,1,7,3,1650
198065873,993,1432,2,-1344,260,-238,-236,232,236,526,1,7,3,1650
198066893,1020,1433,1,-1345,280,-238,-236,232,236,525,1,7,3,1650
198067855,962,1434,1,-1346,242,-238,-236,232,236,524,1,7,3,1650
198068877,1022,1435,1,-1347,265,-238,-236,232,236,523,1,7,3,1650
198069842,965,1436,1,-1348,233,-238,-236,232,236,522,1,7,3,1650
198070896,1054,1437,1,-1349,281,-238,-236,232,236,521,1,7,3,1650
198071922,1026,1438,1,-1350,307,-238,-244,232,236,520,1,7,3,1650
198072851,929,1439,1,-1351,235,-238,-245,232,236,519,1,7,3,1650
198073840,989,1440,1,-1352,224,-239,-245,232,236,519,1,7,3,1650
198074890,1050,1441,1,-1353,279,-239,-244,232,236,518,1,7,3,1650
198075831,941,1442,1,-1354,220,-239,-245,232,236,517,1,7,3,1650
198076832,1001,1442,0,-1354,224,-239,-237,232,235,517,1,7,3,1650
198077832,1000,1443,1,-1355,223,-239,-229,232,233,516,1,7,3,1650
198078889,1057,1444,1,-1356,269,-238,-228,232,231,515,1,7,3,1650
198079834,945,1445,1,-1357,220,-238,-229,232,231,514,1,7,3,1650
198080961,1127,1446,1,-1358,339,-237,-227,227,232,513,1,7,3,1650
198082011,1050,1447,1,-1359,381,-237,-227,227,232,512,1,7,3,1650
198082942,931,1447,0,-1359,331,-236,-219,227,232,512,1,7,3,1650
198083885,943,1448,1,-1360,266,-236,-219,227,232,512,1,7,3,1650
198084870,985,1449,1,-1361,262,-235,-220,227,232,511,1,7,3,1650
198085872,1002,1450,1,-1362,264,-235,-221,227,232,510,1,7,3,1650
198086900,1028,1451,1,-1363,285,-234,-227,227,232,509,1,7,3,1650
198087856,956,1452,1,-1364,241,-234,-228,227,232,508,1,7,3,1650
198088881,1025,1453,1,-1365,268,-234,-228,227,232,507,1,7,3,1650
198089844,963,1454,1,-1366,228,-234,-228,227,232,506,1,7,3,1650
198090911,1067,1455,1,-1367,290,-233,-228,227,232,505,1,7,3,1650
198091920,1009,1456,1,-1368,303,-233,-229,227,232,504,1,7,3,1650
198092858,938,1458,2,-1370,239,-233,-237,227,232,503,1,7,3,1650
198093846,988,1458,0,-1370,229,-233,-229,227,232,503,1,7,3,1650
198094896,1050,1460,2,-1372,276,-234,-244,227,232,501,1,7,3,1650
198095841,945,1461,1,-1373,224,-234,-244,227,232,500,1,7,3,1650
198096840,999,1462,1,-1374,223,-234,-237,227,232,499,1,7,3,1650
198097840,1000,1462,0,-1374,224,-234,-229,227,232,499,1,7,3,1650
198098877,1037,1463,1,-1375,267,-234,-228,227,232,498,1,7,3,1650
198099842,965,1464,1,-1376,222,-233,-228,227,231,497,1,7,3,1650
198100954,1112,1465,1,-1377,329,-233,-227,227,229,497,1,7,3,1650
198102005,1051,1466,1,-1378,383,-233,-227,227,227,496,1,7,3,1650
198102929,924,1467,1,-1379,312,-233,-227,227,227,495,1,7,3,1650
198103881,952,1467,0,-1379,273,-232,-219,227,227,495,1,7,3,1650
198104870,989,1468,1,-1380,255,-232,-220,227,227,494,1,7,3,1650
198105911,1041,1469,1,-1381,300,-231,-219,223,227,493,1,7,3,1650
198106939,1028,1470,1,-1382,319,-231,-227,223,227,492,1,7,3,1650
198107860,921,1471,1,-1383,244,-231,-228,223,227,491,1,7,3,1650
198108888,1028,1472,1,-1384,268,-231,-228,223,227,490,1,7,3,1650
198109844,956,1473,1,-1385,236,-231,-228,223,227,490,1,7,3,1650
198110912,1068,1474,1,-1386,298,-231,-228,223,227,489,1,7,3,1650
198111917,1005,1475,1,-1387,305,-230,-229,223,227,488,1,7,3,1650
198112835,918,1476,1,-1388,228,-230,-230,223,227,487,1,7,3,1650
198113836,1001,1478,2,-1390,225,-231,-245,223,227,485,1,7,3,1650
198114893,1057,1478,0,-1390,281,-231,-236,223,227,485,1,7,3,1650
198115839,946,1479,1,-1391,220,-231,-237,223,227,484,1,7,3,1650
198116838,999,1480,1,-1392,223,-232,-237,223,227,483,1,7,3,1650
198117842,1004,1481,1,-1393,223,-232,-237,223,227,483,1,7,3,1650
198118875,1033,1482,1,-1394,268,-232,-236,223,227,482,1,7,3,1650
198119842,967,1482,0,-1394,225,-232,-229,223,227,482,1,7,3,1650
198120945,1103,1483,1,-1395,320,-232,-228,223,227,481,1,7,3,1650
198122011,1066,1484,1,-1396,380,-232,-227,223,227,480,1,7,3,1650
198122920,909,1485,1,-1397,307,-231,-219,223,227,479,1,7,3,1650
198123877,957,1486,1,-1398,263,-231,-228,223,227,478,1,7,3,1650
198124883,1006,1486,0,-1398,263,-231,-220,223,227,478,1,7,3,1650
198125865,982,1487,1,-1399,246,-230,-211,223,225,477,1,7,3,1650
198126914,1049,1488,1,-1400,291,-229,-211,223,223,476,1,7,3,1650
198127862,948,1489,1,-1401,254,-229,-220,223,223,475,1,7,3,1650
198128877,1015,1490,1,-1402,265,-228,-220,223,223,475,1,7,3,1650
198129862,985,1491,1,-1403,247,-228,-220,223,223,474,1,7,3,1650
198130915,1053,1492,1,-1404,306,-228,-220,218,223,473,1,7,3,1650
198131935,1020,1492,0,-1404,317,-227,-213,218,223,473,1,7,3,1650
198132839,904,1493,1,-1405,230,-227,-214,218,223,472,1,7,3,1650
198133842,1003,1494,1,-1406,223,-226,-213,218,223,471,1,7,3,1650
198134903,1061,1496,2,-1408,282,-226,-228,218,223,469,1,7,3,1650
198135840,937,1497,1,-1409,226,-226,-229,218,223,468,1,7,3,1650
198136830,990,1498,1,-1410,222,-226,-229,218,223,468,1,7,3,1650
198137843,1013,1499,1,-1411,224,-226,-229,218,223,467,1,7,3,1650
198138894,1051,1499,0,-1411,276,-226,-220,218,223,467,1,7,3,1650
198139825,931,1500,1,-1412,220,-226,-221,218,223,466,1,7,3,1650
198140944,1119,1501,1,-1413,335,-226,-219,218,223,465,1,7,3,1650
198142007,1063,1502,1,-1414,376,-225,-219,218,223,464,1,7,3,1650
198142932,925,1503,1,-1415,322,-225,-219,218,223,463,1,7,3,1650
198143893,961,1504,1,-1416,273,-225,-211,218,223,462,1,7,3,1650
198144875,982,1504,0,-1416,257,-224,-205,218,223,462,1,7,3,1650
198145882,1007,1505,1,-1417,264,-223,-211,218,223,461,1,7,3,1650
198146906,1024,1506,1,-1418,283,-223,-211,218,223,461,1,7,3,1650
198147852,946,1506,0,-1418,237,-222,-203,218,223,461,1,7,3,1650
198148886,1034,1507,1,-1419,267,-221,-203,218,223,460,1,7,3,1650
198149844,958,1508,1,-1420,233,-221,-212,218,223,459,1,7,3,1650
198150891,1047,1509,1,-1421,281,-221,-212,218,223,458,1,7,3,1650
198151912,1021,1510,1,-1422,303,-220,-213,218,221,457,1,7,3,1650
198152851,939,1511,1,-1423,236,-220,-214,218,221,456,1,7,3,1650
198153839,988,1512,1,-1424,223,-220,-213,218,219,455,1,7,3,1650
198154893,1054,1513,1,-1425,277,-220,-220,218,217,454,1,7,3,1650
198155867,974,1514,1,-1426,257,-220,-220,214,217,454,1,7,3,1650
198156847,980,1515,1,-1427,230,-220,-221,214,218,453,1,7,3,1650
198157829,982,1516,1,-1428,220,-220,-221,214,218,452,1,7,3,1650
198158909,1080,1517,1,-1429,288,-220,-219,214,218,451,1,7,3,1650
198159837,928,1518,1,-1430,221,-220,-221,214,218,450,1,7,3,1650
198160945,1108,1519,1,-1431,331,-220,-220,214,218,449,1,7,3,1650
198162012,1067,1520,1,-1432,390,-220,-227,214,218,448,1,7,3,1650
198162933,921,1520,0,-1432,325,-220,-219,214,218,448,1,7,3,1650
198163890,957,1521,1,-1433,277,-220,-219,214,218,447,1,7,3,1650
198164881,991,1522,1,-1434,256,-220,-220,214,218,446,1,7,3,1650
198165866,985,1523,1,-1435,259,-220,-211,214,218,446,1,7,3,1650
198166900,1034,1524,1,-1436,278,-219,-211,214,218,445,1,7,3,1650
198167864,964,1525,1,-1437,250,-219,-211,214,218,444,1,7,3,1650
198168877,1013,1525,0,-1437,264,-219,-205,214,218,444,1,7,3,1650
198169857,980,1526,1,-1438,242,-218,-211,214,218,443,1,7,3,1650
198170904,1047,1526,0,-1438,286,-218,-204,214,218,443,1,7,3,1650
198171922,1018,1527,1,-1439,314,-217,-205,214,218,442,1,7,3,1650
198172846,924,1528,1,-1440,228,-217,-206,214,218,441,1,7,3,1650
198173830,984,1529,1,-1441,222,-216,-205,214,218,440,1,7,3,1650
198174895,1065,1530,1,-1442,280,-216,-211,214,217,439,1,7,3,1650
198175841,946,1531,1,-1443,220,-216,-213,214,217,439,1,7,3,1650
198176846,1005,1532,1,-1444,225,-216,-213,214,215,438,1,7,3,1650
198177831,985,1533,1,-1445,224,-216,-213,214,213,437,1,7,3,1650
198178886,1055,1534,1,-1446,269,-216,-220,214,213,436,1,7,3,1650
198179836,950,1535,1,-1447,220,-216,-221,214,214,435,1,7,3,1650
198180962,1126,1536,1,-1448,340,-216,-219,209,214,434,1,7,3,1650
198182013,1051,1537,1,-1449,398,-216,-219,209,214,433,1,7,3,1650
198182944,931,1538,1,-1450,327,-216,-219,209,214,432,1,7,3,1650
198183886,942,1539,1,-1451,268,-217,-219,209,214,432,1,7,3,1650
198184877,991,1540,1,-1452,258,-217,-220,209,214,431,1,7,3,1650
198185875,998,1541,1,-1453,262,-217,-220,209,214,430,1,7,3,1650
198186897,1022,1542,1,-1454,285,-217,-219,209,214,429,1,7,3,1650
198187857,960,1542,0,-1454,243,-217,-211,209,214,429,1,7,3,1650
198188887,1030,1543,1,-1455,268,-217,-212,209,214,428,1,7,3,1650
198189840,953,1544,1,-1456,228,-216,-212,209,214,427,1,7,3,1650
198190900,1060,1545,1,-1457,293,-216,-212,209,214,426,1,7,3,1650
198191922,1022,1546,1,-1458,310,-216,-213,209,214,425,1,7,3,1650
198192850,928,1546,0,-1458,233,-216,-206,209,214,425,1,7,3,1650
198193834,984,1547,1,-1459,222,-216,-213,209,214,425,1,7,3,1650
198194894,1060,1548,1,-1460,278,-215,-211,209,214,424,1,7,3,1650
198195843,949,1549,1,-1461,222,-215,-213,209,214,423,1,7,3,1650
198196845,1002,1550,1,-1462,224,-215,-213,209,214,422,1,7,3,1650
198197841,996,1550,0,-1462,223,-215,-205,209,214,422,1,7,3,1650
198198887,1046,1551,1,-1463,269,-215,-212,209,214,421,1,7,3,1650
198199836,949,1552,1,-1464,220,-215,-213,209,213,420,1,7,3,1650
198200944,1108,1553,1,-1465,330,-215,-219,209,211,419,1,7,3,1650
198201997,1053,1554,1,-1466,379,-215,-219,209,211,418,1,7,3,1650
198202923,926,1555,1,-1467,309,-215,-219,209,208,417,1,7,3,1650
198203879,956,1556,1,-1468,268,-215,-219,209,209,417,1,7,3,1650
198204876,997,1557,1,-1469,261,-216,-220,209,209,416,1,7,3,1650
198205891,1015,1558,1,-1470,274,-216,-219,204,209,415,1,7,3,1650
198206923,1032,1559,1,-1471,313,-216,-219,204,209,414,1,7,3,1650
198207856,933,1560,1,-1472,245,-216,-220,204,209,413,1,7,3,1650
198208873,1017,1560,0,-1472,266,-216,-212,204,209,413,1,7,3,1650
198209859,986,1561,1,-1473,242,-216,-211,204,209,412,1,7,3,1650
198210911,1052,1562,1,-1474,295,-215,-212,204,209,411,1,7,3,1650
198211923,1012,1563,1,-1475,309,-215,-213,204,209,410,1,7,3,1650
198212852,929,1563,0,-1475,231,-215,-206,204,209,410,1,7,3,1650
198213839,987,1564,1,-1476,226,-215,-205,204,209,410,1,7,3,1650
198214890,1051,1565,1,-1477,275,-214,-203,204,209,409,1,7,3,1650
198215843,953,1565,0,-1477,223,-214,-197,204,209,409,1,7,3,1650
198216843,1000,1566,1,-1478,223,-213,-197,204,209,408,1,7,3,1650
198217828,985,1567,1,-1479,223,-212,-197,204,209,407,1,7,3,1650
198218889,1061,1568,1,-1480,269,-212,-203,204,209,406,1,7,3,1650
198219827,938,1569,1,-1481,220,-212,-205,204,209,405,1,7,3,1650
198220933,1106,1569,0,-1481,317,-211,-195,204,209,405,1,7,3,1650
198222007,1074,1570,1,-1482,381,-210,-195,204,209,404,1,7,3,1650
198222927,920,1571,1,-1483,306,-210,-203,204,209,403,1,7,3,1650
198223884,957,1572,1,-1484,269,-210,-203,204,208,403,1,7,3,1650
198224878,994,1573,1,-1485,259,-210,-204,204,206,402,1,7,3,1650
198225873,995,1574,1,-1486,252,-209,-203,204,206,401,1,7,3,1650
198226886,1013,1575,1,-1487,278,-209,-203,204,204,400,1,7,3,1650
198227873,987,1576,1,-1488,252,-209,-211,204,204,399,1,7,3,1650
198228873,1000,1577,1,-1489,266,-209,-212,204,204,398,1,7,3,1650
198229857,984,1578,1,-1490,249,-209,-211,204,204,397,1,7,3,1650
198230907,1050,1579,1,-1491,296,-209,-212,200,204,396,1,7,3,1650
198231931,1024,1580,1,-1492,319,-210,-213,200,204,396,1,7,3,1650
198232836,905,1580,0,-1492,229,-209,-206,200,204,396,1,7,3,1650
198233829,993,1581,1,-1493,222,-209,-205,200,204,395,1,7,3,1650
198234897,1068,1582,1,-1494,276,-209,-203,200,204,394,1,7,3,1650
198235839,942,1582,0,-1494,227,-209,-197,200,204,394,1,7,3,1650
198236834,995,1583,1,-1495,223,-208,-197,200,204,393,1,7,3,1650
198237839,1005,1584,1,-1496,224,-208,-197,200,204,392,1,7,3,1650
198238898,1059,1584,0,-1496,275,-207,-195,200,204,392,1,7,3,1650
198239831,933,1585,1,-1497,223,-207,-197,200,204,391,1,7,3,1650
198240942,1111,1586,1,-1498,332,-206,-195,200,204,390,1,7,3,1650
198242003,1061,1587,1,-1499,375,-206,-195,200,204,389,1,7,3,1650
198242934,931,1587,0,-1499,312,-205,-195,200,204,389,1,7,3,1650
198243875,941,1588,1,-1500,267,-205,-195,200,204,388,1,7,3,1650
198244869,994,1589,1,-1501,261,-205,-197,200,204,388,1,7,3,1650
198245868,999,1590,1,-1502,254,-205,-203,200,204,387,1,7,3,1650
198246890,1022,1591,1,-1503,282,-205,-203,200,204,386,1,7,3,1650
198247867,977,1591,0,-1503,252,-204,-195,200,204,386,1,7,3,1650
198248882,1015,1592,1,-1504,264,-204,-197,200,204,385,1,7,3,1650
198249863,981,1593,1,-1505,243,-204,-195,200,204,384,1,7,3,1650
198250907,1044,1594,1,-1506,292,-203,-196,200,204,383,1,7,3,1650
198251922,1015,1595,1,-1507,307,-203,-205,200,204,382,1,7,3,1650
198252851,929,1596,1,-1508,230,-203,-206,200,204,381,1,7,3,1650
198253845,994,1597,1,-1509,225,-204,-205,200,202,381,1,7,3,1650
198254889,1044,1598,1,-1510,276,-204,-203,200,202,380,1,7,3,1650
198255861,972,1599,1,-1511,250,-204,-205,195,200,379,1,7,3,1650
198256852,991,1599,0,-1511,239,-203,-197,195,200,379,1,7,3,1650
198257841,989,1600,1,-1512,222,-203,-197,195,200,378,1,7,3,1650
198258887,1046,1601,1,-1513,277,-203,-195,195,200,377,1,7,3,1650
198259840,953,1602,1,-1514,224,-203,-197,195,200,376,1,7,3,1650
198260947,1107,1603,1,-1515,333,-202,-195,195,200,375,1,7,3,1650
198262007,1060,1603,0,-1515,386,-202,-187,195,200,375,1,7,3,1650
198262937,930,1604,1,-1516,320,-201,-195,195,200,374,1,7,3,1650
198263879,942,1604,0,-1516,267,-201,-187,195,200,374,1,7,3,1650
198264882,1003,1605,1,-1517,263,-200,-189,195,200,374,1,7,3,1650
198265873,991,1606,1,-1518,261,-200,-195,195,200,373,1,7,3,1650
198266903,1030,1606,0,-1518,282,-200,-187,195,200,373,1,7,3,1650
198267861,958,1607,1,-1519,243,-199,-187,195,200,372,1,7,3,1650
198268880,1019,1608,1,-1520,264,-199,-189,195,200,371,1,7,3,1650
198269845,965,1609,1,-1521,231,-199,-195,195,200,370,1,7,3,1650
198270903,1058,1610,1,-1522,291,-198,-196,195,200,369,1,7,3,1650
198271929,1026,1611,1,-1523,307,-198,-197,195,200,368,1,7,3,1650
198272852,923,1611,0,-1523,235,-198,-190,195,200,368,1,7,3,1650
198273837,985,1612,1,-1524,224,-198,-198,195,200,367,1,7,3,1650
198274890,1053,1613,1,-1525,276,-198,-195,195,200,367,1,7,3,1650
198275841,951,1614,1,-1526,224,-198,-197,195,200,366,1,7,3,1650
198276839,998,1615,1,-1527,222,-198,-197,195,200,365,1,7,3,1650
198277843,1004,1616,1,-1528,224,-198,-197,195,197,364,1,7,3,1650
198278883,1040,1617,1,-1529,268,-198,-203,195,195,363,1,7,3,1650
198279831,948,1618,1,-1530,220,-198,-205,195,195,362,1,7,3,1650
198280945,1114,1619,1,-1531,335,-199,-203,191,195,361,1,7,3,1650
198282028,1083,1619,0,-1531,393,-198,-195,191,195,361,1,7,3,1650
198282936,908,1620,1,-1532,327,-198,-195,191,195,360,1,7,3,1650
198283892,956,1621,1,-1533,274,-198,-195,191,195,359,1,7,3,1650
198284879,987,1622,1,-1534,260,-198,-197,191,195,359,1,7,3,1650
198285877,998,1622,0,-1534,264,-198,-187,191,195,359,1,7,3,1650
198286897,1020,1623,1,-1535,287,-198,-195,191,195,358,1,7,3,1650
198287862,965,1624,1,-1536,244,-197,-195,191,195,357,1,7,3,1650
198288890,1028,1625,1,-1537,268,-197,-195,191,195,356,1,7,3,1650
198289833,943,1625,0,-1537,225,-197,-189,191,195,356,1,7,3,1650
198290912,1079,1626,1,-1538,293,-197,-189,191,195,355,1,7,3,1650
198291918,1006,1626,0,-1538,304,-196,-181,191,195,355,1,7,3,1650
198292842,924,1627,1,-1539,236,-196,-190,191,195,354,1,7,3,1650
198293841,999,1628,1,-1540,223,-196,-190,191,195,353,1,7,3,1650
198294902,1061,1629,1,-1541,280,-196,-195,191,195,352,1,7,3,1650
198295839,937,1630,1,-1542,224,-196,-197,191,195,352,1,7,3,1650
198296836,997,1631,1,-1543,224,-196,-197,191,195,351,1,7,3,1650
198297833,997,1631,0,-1543,222,-196,-197,191,195,351,1,7,3,1650
198298887,1054,1632,1,-1544,267,-196,-195,191,195,350,1,7,3,1650
198299839,952,1633,1,-1545,222,-196,-197,191,195,349,1,7,3,1650
198300951,1112,1634,1,-1546,326,-196,-195,191,195,348,1,7,3,1650
198302009,1058,1635,1,-1547,371,-196,-195,191,193,347,1,7,3,1650
198302926,917,1636,1,-1548,313,-196,-203,191,190,346,1,7,3,1650
198303881,955,1637,1,-1549,263,-196,-203,191,190,345,1,7,3,1650
198304874,993,1638,1,-1550,254,-197,-205,191,191,345,1,7,3,1650
198305893,1019,1639,1,-1551,276,-197,-203,186,191,344,1,7,3,1650
198306929,1036,1639,0,-1551,317,-197,-195,186,191,344,1,7,3,1650
198307853,924,1640,1,-1552,240,-197,-195,186,191,343,1,7,3,1650
198308873,1020,1641,1,-1553,262,-197,-197,186,191,342,1,7,3,1650
198309855,982,1641,0,-1553,234,-196,-187,186,191,342,1,7,3,1650
198310914,1059,1642,1,-1554,297,-196,-189,186,191,341,1,7,3,1650
198311925,1011,1643,1,-1555,306,-196,-189,186,191,340,1,7,3,1650
198312841,916,1643,0,-1555,231,-196,-190,186,191,340,1,7,3,1650
198313840,999,1644,1,-1556,225,-195,-190,186,191,339,1,7,3,1650
198314896,1056,1644,0,-1556,278,-195,-179,186,191,339,1,7,3,1650
198315833,937,1645,1,-1557,220,-194,-181,186,191,338,1,7,3,1650
198316835,1002,1646,1,-1558,223,-194,-189,186,191,338,1,7,3,1650
198317836,1001,1647,1,-1559,223,-194,-189,186,191,337,1,7,3,1650
198318879,1043,1647,0,-1559,268,-193,-181,186,191,337,1,7,3,1650
198319838,959,1647,0,-1559,220,-193,-179,186,191,337,1,7,3,1650
198320938,1100,1648,1,-1560,327,-192,-179,186,191,336,1,7,3,1650
198321998,1060,1649,1,-1561,386,-192,-187,186,191,335,1,7,3,1650
198322906,908,1650,1,-1562,298,-192,-187,186,191,334,1,7,3,1650
198323883,977,1651,1,-1563,268,-192,-187,186,191,333,1,7,3,1650
198324878,995,1652,1,-1564,255,-191,-189,186,190,332,1,7,3,1650
198325857,979,1653,1,-1565,248,-191,-187,186,188,331,1,7,3,1650
198326911,1054,1654,1,-1566,295,-191,-187,186,188,330,1,7,3,1650
198327856,945,1654,0,-1566,247,-191,-187,186,185,330,1,7,3,1650
198328875,1019,1655,1,-1567,267,-191,-189,186,185,330,1,7,3,1650
198329852,977,1656,1,-1568,240,-191,-187,186,186,329,1,7,3,1650
198330914,1062,1657,1,-1569,304,-191,-189,182,186,328,1,7,3,1650
198331939,1025,1658,1,-1570,320,-191,-189,182,186,327,1,7,3,1650
198332836,897,1659,1,-1571,229,-191,-190,182,186,326,1,7,3,1650
198333837,1001,1659,0,-1571,222,-190,-182,182,186,326,1,7,3,1650
198334894,1057,1660,1,-1572,281,-190,-179,182,186,325,1,7,3,1650
198335846,952,1661,1,-1573,225,-189,-181,182,186,324,1,7,3,1650
198336831,985,1661,0,-1573,222,-189,-174,182,186,324,1,7,3,1650
198337832,1001,1662,1,-1574,224,-189,-182,182,186,323,1,7,3,1650
198338897,1065,1662,0,-1574,278,-188,-171,182,186,323,1,7,3,1650
198339834,937,1663,1,-1575,223,-187,-173,182,186,323,1,7,3,1650
198340961,1127,1664,1,-1576,336,-187,-179,182,186,322,1,7,3,1650
198342011,1050,1664,0,-1576,375,-186,-170,182,186,322,1,7,3,1650
198342926,915,1665,1,-1577,316,-186,-179,182,186,321,1,7,3,1650
198343888,962,1666,1,-1578,270,-186,-179,182,186,320,1,7,3,1650
198344880,992,1666,0,-1578,257,-185,-173,182,186,320,1,7,3,1650
198345879,999,1667,1,-1579,264,-185,-179,182,186,319,1,7,3,1650
198346903,1024,1668,1,-1580,281,-185,-179,182,186,318,1,7,3,1650
198347849,946,1669,1,-1581,242,-184,-179,182,186,317,1,7,3,1650
198348877,1028,1669,0,-1581,267,-184,-173,182,186,317,1,7,3,1650
198349856,979,1670,1,-1582,237,-184,-187,182,186,316,1,7,3,1650
198350912,1056,1671,1,-1583,297,-184,-189,182,185,316,1,7,3,1650
198351930,1018,1672,1,-1584,311,-184,-189,182,185,315,1,7,3,1650
198352848,918,1673,1,-1585,229,-185,-190,182,183,314,1,7,3,1650
198353829,981,1673,0,-1585,223,-185,-182,182,183,314,1,7,3,1650
198354896,1067,1674,1,-1586,277,-184,-179,182,180,313,1,7,3,1650
198355866,970,1675,1,-1587,256,-184,-179,177,180,312,1,7,3,1650
198356850,984,1676,1,-1588,231,-184,-181,177,182,311,1,7,3,1650
198357830,980,1677,1,-1589,221,-184,-182,177,182,310,1,7,3,1650
198358897,1067,1678,1,-1590,278,-184,-187,177,182,309,1,7,3,1650
198359831,934,1678,0,-1590,224,-184,-181,177,182,309,1,7,3,1650
198360952,1121,1679,1,-1591,333,-184,-179,177,182,308,1,7,3,1650
198362007,1055,1680,1,-1592,391,-184,-179,177,182,308,1,7,3,1650
198362939,932,1680,0,-1592,327,-183,-170,177,182,308,1,7,3,1650
198363878,939,1681,1,-1593,269,-183,-179,177,182,307,1,7,3,1650
198364873,995,1682,1,-1594,257,-183,-181,177,182,306,1,7,3,1650
198365876,1003,1682,0,-1594,260,-182,-171,177,182,306,1,7,3,1650
198366896,1020,1683,1,-1595,279,-182,-179,177,182,305,1,7,3,1650
198367863,967,1683,0,-1595,244,-182,-171,177,182,305,1,7,3,1650
198368879,1016,1684,1,-1596,266,-181,-173,177,182,304,1,7,3,1650
198369844,965,1684,0,-1596,236,-181,-171,177,182,304,1,7,3,1650
198370896,1052,1685,1,-1597,281,-181,-173,177,182,303,1,7,3,1650
198371928,1032,1686,1,-1598,310,-180,-173,177,182,302,1,7,3,1650
198372853,925,1687,1,-1599,235,-180,-182,177,182,301,1,7,3,1650
198373842,989,1687,0,-1599,222,-180,-174,177,182,301,1,7,3,1650
198374894,1052,1688,1,-1600,274,-180,-179,177,180,301,1,7,3,1650
198375829,935,1689,1,-1601,220,-180,-181,177,180,300,1,7,3,1650
198376848,1019,1689,0,-1601,229,-180,-173,177,178,300,1,7,3,1650
198377844,996,1690,1,-1602,223,-180,-174,177,178,299,1,7,3,1650
198378885,1041,1691,1,-1603,270,-180,-179,177,175,298,1,7,3,1650
198379832,947,1692,1,-1604,220,-180,-181,177,175,297,1,7,3,1650
198380953,1121,1693,1,-1605,338,-180,-179,173,177,296,1,7,3,1650
198382027,1074,1694,1,-1606,396,-180,-178,173,177,295,1,7,3,1650
198382940,913,1694,0,-1606,331,-179,-170,173,177,295,1,7,3,1650
198383903,963,1695,1,-1607,282,-179,-179,173,177,294,1,7,3,1650
198384881,978,1696,1,-1608,261,-179,-181,173,177,294,1,7,3,1650
198385881,1000,1697,1,-1609,260,-179,-179,173,177,293,1,7,3,1650
198386904,1023,1698,1,-1610,283,-179,-179,173,177,292,1,7,3,1650
198387858,954,1698,0,-1610,249,-179,-171,173,177,292,1,7,3,1650
198388883,1025,1699,1,-1611,266,-179,-173,173,177,291,1,7,3,1650
198389841,958,1700,1,-1612,227,-179,-179,173,177,290,1,7,3,1650
198390911,1070,1701,1,-1613,296,-179,-181,173,177,289,1,7,3,1650
198391922,1011,1701,0,-1613,312,-179,-173,173,177,289,1,7,3,1650
198392846,924,1702,1,-1614,233,-178,-174,173,177,288,1,7,3,1650
198393845,999,1702,0,-1614,225,-178,-174,173,177,288,1,7,3,1650
198394893,1048,1703,1,-1615,272,-178,-171,173,177,287,1,7,3,1650
198395840,947,1703,0,-1615,222,-177,-166,173,177,287,1,7,3,1650
198396844,1004,1704,1,-1616,224,-177,-173,173,177,287,1,7,3,1650
198397840,996,1705,1,-1617,223,-177,-174,173,177,286,1,7,3,1650
198398877,1037,1705,0,-1617,269,-177,-173,173,177,286,1,7,3,1650
198399831,954,1706,1,-1618,220,-177,-174,173,175,285,1,7,3,1650
198400947,1116,1707,1,-1619,327,-177,-179,173,175,284,1,7,3,1650
198402002,1055,1708,1,-1620,372,-177,-179,173,173,283,1,7,3,1650
198402926,924,1708,0,-1620,315,-177,-170,173,173,283,1,7,3,1650
198403884,958,1709,1,-1621,271,-177,-179,173,173,282,1,7,3,1650
198404870,986,1709,0,-1621,256,-177,-173,173,173,282,1,7,3,1650
198405895,1025,1710,1,-1622,279,-176,-171,168,173,281,1,7,3,1650
198406928,1033,1711,1,-1623,320,-177,-179,168,173,280,1,7,3,1650
198407857,929,1712,1,-1624,240,-177,-179,168,173,279,1,7,3,1650
198408891,1034,1713,1,-1625,269,-177,-179,168,173,279,1,7,3,1650
198409846,955,1714,1,-1626,232,-177,-179,168,173,278,1,7,3,1650
198410911,1065,1714,0,-1626,301,-177,-173,168,173,278,1,7,3,1650
198411913,1002,1715,1,-1627,307,-177,-173,168,173,277,1,7,3,1650
198412843,930,1716,1,-1628,226,-176,-174,168,173,276,1,7,3,1650
198413843,1000,1717,1,-1629,226,-177,-182,168,173,275,1,7,3,1650
198414897,1054,1718,1,-1630,281,-177,-179,168,173,274,1,7,3,1650
198415840,943,1718,0,-1630,222,-177,-173,168,173,274,1,7,3,1650
198416839,999,1719,1,-1631,223,-177,-173,168,173,273,1,7,3,1650
198417843,1004,1719,0,-1631,224,-176,-166,168,173,273,1,7,3,1650
198418885,1042,1720,1,-1632,268,-176,-171,168,173,272,1,7,3,1650
198419834,949,1721,1,-1633,220,-176,-174,168,173,272,1,7,3,1650
198420939,1105,1721,0,-1633,321,-175,-163,168,173,272,1,7,3,1650
198422006,1067,1722,1,-1634,378,-175,-170,168,173,271,1,7,3,1650
198422921,915,1723,1,-1635,309,-175,-170,168,173,270,1,7,3,1650
198423875,954,1723,0,-1635,263,-175,-171,168,173,270,1,7,3,1650
198424878,1003,1724,1,-1636,261,-175,-173,168,170,269,1,7,3,1650
198425863,985,1724,0,-1636,249,-174,-171,168,170,269,1,7,3,1650
198426911,1048,1725,1,-1637,293,-174,-171,168,167,268,1,7,3,1650
198427869,958,1725,0,-1637,251,-174,-163,168,167,268,1,7,3,1650
198428887,1018,1726,1,-1638,266,-174,-171,168,168,267,1,7,3,1650
198429857,970,1726,0,-1638,241,-173,-163,168,168,267,1,7,3,1650
198430924,1067,1727,1,-1639,303,-173,-165,164,168,266,1,7,3,1650
198431939,1015,1728,1,-1640,317,-173,-165,164,168,265,1,7,3,1650
198432851,912,1728,0,-1640,232,-172,-158,164,168,265,1,7,3,1650
198433833,982,1729,1,-1641,222,-172,-166,164,168,265,1,7,3,1650
198434894,1061,1730,1,-1642,279,-172,-171,164,168,264,1,7,3,1650
198435848,954,1731,1,-1643,228,-172,-173,164,168,263,1,7,3,1650
198436837,989,1731,0,-1643,223,-172,-166,164,168,263,1,7,3,1650
198437835,998,1732,1,-1644,224,-171,-166,164,168,262,1,7,3,1650
198438899,1064,1733,1,-1645,277,-171,-163,164,168,261,1,7,3,1650
198439838,939,1733,0,-1645,222,-171,-158,164,168,261,1,7,3,1650
198440952,1114,1734,1,-1646,335,-170,-163,164,168,260,1,7,3,1650
198441984,1032,1735,1,-1647,371,-170,-162,164,168,259,1,7,3,1650
198442934,950,1736,1,-1648,315,-170,-162,164,168,258,1,7,3,1650
198443888,954,1737,1,-1649,272,-169,-163,164,168,258,1,7,3,1650
198444876,988,1737,0,-1649,257,-169,-157,164,168,258,1,7,3,1650
198445874,998,1738,1,-1650,262,-169,-163,164,168,257,1,7,3,1650
198446896,1022,1739,1,-1651,285,-168,-162,164,168,256,1,7,3,1650
198447849,953,1739,0,-1651,240,-168,-163,164,168,256,1,7,3,1650
198448884,1035,1740,1,-1652,267,-168,-165,164,168,255,1,7,3,1650
198449843,959,1741,1,-1653,235,-168,-163,164,168,254,1,7,3,1650
198450909,1066,1741,0,-1653,297,-167,-157,164,167,254,1,7,3,1650
198451913,1004,1742,1,-1654,302,-167,-166,164,167,253,1,7,3,1650
198452856,943,1742,0,-1654,235,-167,-158,164,165,253,1,7,3,1650
198453840,984,1743,1,-1655,225,-167,-158,164,165,252,1,7,3,1650
198454894,1054,1744,1,-1656,274,-167,-163,164,162,251,1,7,3,1650
198455868,974,1744,0,-1656,256,-166,-163,159,162,251,1,7,3,1650
198456849,981,1745,1,-1657,233,-166,-165,159,164,250,1,7,3,1650
198457832,983,1745,0,-1657,222,-166,-158,159,164,250,1,7,3,1650
198458887,1055,1746,1,-1658,279,-166,-163,159,164,250,1,7,3,1650
198459835,948,1746,0,-1658,225,-166,-158,159,164,250,1,7,3,1650
198460951,1116,1747,1,-1659,331,-165,-163,159,164,249,1,7,3,1650
198462018,1067,1747,0,-1659,383,-165,-154,159,164,249,1,7,3,1650
198462950,932,1748,1,-1660,327,-165,-162,159,164,248,1,7,3,1650
198463892,942,1749,1,-1661,269,-165,-162,159,164,247,1,7,3,1650
198464872,980,1750,1,-1662,259,-165,-165,159,164,246,1,7,3,1650
198465893,1021,1750,0,-1662,270,-164,-154,159,164,246,1,7,3,1650
198466898,1005,1751,1,-1663,289,-164,-162,159,164,245,1,7,3,1650
198467850,952,1752,1,-1664,238,-164,-163,159,164,244,1,7,3,1650
198468884,1034,1752,0,-1664,268,-164,-157,159,164,244,1,7,3,1650
198469837,953,1753,1,-1665,229,-164,-158,159,164,243,1,7,3,1650
198470911,1074,1754,1,-1666,291,-164,-165,159,164,243,1,7,3,1650
198471933,1022,1755,1,-1667,308,-164,-165,159,164,242,1,7,3,1650
198472840,907,1755,0,-1667,234,-164,-158,159,164,242,1,7,3,1650
198473846,1006,1756,1,-1668,225,-163,-158,159,164,241,1,7,3,1650
198474887,1041,1757,1,-1669,277,-163,-163,159,164,240,1,7,3,1650
198475827,940,1758,1,-1670,220,-163,-166,159,162,239,1,7,3,1650
198476841,1014,1758,0,-1670,223,-163,-158,159,162,239,1,7,3,1650
198477843,1002,1759,1,-1671,224,-163,-158,159,159,238,1,7,3,1650
198478882,1039,1760,1,-1672,270,-163,-165,159,159,237,1,7,3,1650
198479834,952,1760,0,-1672,220,-163,-158,159,156,237,1,7,3,1650
198480950,1116,1760,0,-1672,341,-163,-154,154,156,237,1,7,3,1650
198482027,1077,1761,1,-1673,386,-162,-154,154,159,236,1,7,3,1650
198482950,923,1761,0,-1673,328,-162,-154,154,159,236,1,7,3,1650
198483876,926,1762,1,-1674,268,-162,-154,154,159,236,1,7,3,1650
198484882,1006,1763,1,-1675,259,-161,-157,154,159,235,1,7,3,1650
198485886,1004,1763,0,-1675,265,-161,-155,154,159,235,1,7,3,1650
198486894,1008,1764,1,-1676,281,-161,-154,154,159,234,1,7,3,1650
198487869,975,1765,1,-1677,249,-161,-163,154,159,233,1,7,3,1650
198488882,1013,1765,0,-1677,267,-161,-157,154,159,233,1,7,3,1650
198489849,967,1766,1,-1678,229,-161,-163,154,159,232,1,7,3,1650
198490910,1061,1766,0,-1678,289,-161,-157,154,159,232,1,7,3,1650
198491924,1014,1767,1,-1679,309,-161,-158,154,159,231,1,7,3,1650
198492847,923,1767,0,-1679,233,-161,-158,154,159,231,1,7,3,1650
198493833,986,1768,1,-1680,223,-160,-158,154,159,230,1,7,3,1650
198494891,1058,1768,0,-1680,278,-160,-146,154,159,230,1,7,3,1650
198495837,946,1769,1,-1681,222,-159,-150,154,159,229,1,7,3,1650
198496834,997,1770,1,-1682,223,-159,-158,154,159,229,1,7,3,1650
198497835,1001,1771,1,-1683,224,-159,-158,154,159,228,1,7,3,1650
198498887,1052,1771,0,-1683,270,-159,-155,154,159,228,1,7,3,1650
198499834,947,1772,1,-1684,220,-159,-158,154,159,227,1,7,3,1650
198500956,1122,1773,1,-1685,334,-159,-154,154,156,226,1,7,3,1650
198502006,1050,1774,1,-1686,382,-159,-154,154,156,225,1,7,3,1650
198502929,923,1774,0,-1686,316,-159,-154,154,153,225,1,7,3,1650
198503883,954,1775,1,-1687,268,-158,-154,154,153,224,1,7,3,1650
198504868,985,1775,0,-1687,256,-158,-150,154,153,224,1,7,3,1650
198505895,1027,1776,1,-1688,282,-158,-146,150,154,223,1,7,3,1650
198506924,1029,1777,1,-1689,308,-157,-154,150,154,222,1,7,3,1650
198507854,930,1778,1,-1690,243,-157,-155,150,154,221,1,7,3,1650
198508878,1024,1779,1,-1691,266,-157,-157,150,154,221,1,7,3,1650
198509839,961,1779,0,-1691,232,-157,-155,150,154,221,1,7,3,1650
198510902,1063,1780,1,-1692,291,-157,-157,150,154,220,1,7,3,1650
198511924,1022,1780,0,-1692,313,-157,-158,150,154,220,1,7,3,1650
198512835,911,1781,1,-1693,225,-157,-158,150,154,219,1,7,3,1650
198513840,1005,1781,0,-1693,225,-157,-158,150,154,219,1,7,3,1650
198514900,1060,1782,1,-1694,278,-157,-155,150,154,218,1,7,3,1650
198515841,941,1782,0,-1694,220,-157,-150,150,154,218,1,7,3,1650
198516840,999,1783,1,-1695,224,-157,-158,150,154,217,1,7,3,1650
198517842,1002,1783,0,-1695,223,-157,-150,150,154,217,1,7,3,1650
198518887,1045,1784,1,-1696,268,-157,-155,150,154,216,1,7,3,1650
198519833,946,1784,0,-1696,220,-156,-150,150,154,216,1,7,3,1650
198520943,1110,1785,1,-1697,321,-156,-154,150,154,215,1,7,3,1650
198522012,1069,1786,1,-1698,376,-156,-154,150,154,214,1,7,3,1650
198522929,917,1786,0,-1698,309,-156,-154,150,154,214,1,7,3,1650
198523881,952,1787,1,-1699,267,-156,-154,150,153,214,1,7,3,1650
198524875,994,1787,0,-1699,257,-156,-149,150,153,214,1,7,3,1650
198525871,996,1788,1,-1700,252,-156,-154,150,150,213,1,7,3,1650
198526900,1029,1788,0,-1700,280,-155,-146,150,150,213,1,7,3,1650
198527865,965,1789,1,-1701,253,-155,-146,150,147,212,1,7,3,1650
198528884,1019,1790,1,-1702,267,-155,-149,150,147,211,1,7,3,1650
198529856,972,1791,1,-1703,240,-155,-155,150,150,210,1,7,3,1650
198530917,1061,1792,1,-1704,300,-155,-157,145,150,209,1,7,3,1650
198531936,1019,1792,0,-1704,327,-155,-150,145,150,209,1,7,3,1650
198532837,901,1793,1,-1705,228,-155,-150,145,150,208,1,7,3,1650
198533833,996,1793,0,-1705,223,-154,-150,145,150,208,1,7,3,1650
198534896,1063,1794,1,-1706,278,-154,-154,145,150,207,1,7,3,1650
198535831,935,1795,1,-1707,224,-154,-158,145,150,207,1,7,3,1650
198536843,1012,1796,1,-1708,224,-155,-158,145,150,206,1,7,3,1650
198537845,1002,1796,0,-1708,227,-154,-150,145,150,206,1,7,3,1650
198538891,1046,1797,1,-1709,276,-154,-146,145,150,205,1,7,3,1650
198539838,947,1797,0,-1709,220,-154,-142,145,150,205,1,7,3,1650
198540947,1109,1798,1,-1710,332,-153,-146,145,150,204,1,7,3,1650
198542007,1060,1798,0,-1710,381,-153,-146,145,150,204,1,7,3,1650
198542937,930,1799,1,-1711,323,-153,-146,145,150,203,1,7,3,1650
198543898,961,1799,0,-1711,276,-153,-146,145,150,203,1,7,3,1650
198544875,977,1800,1,-1712,260,-152,-149,145,150,202,1,7,3,1650
198545879,1004,1801,1,-1713,261,-152,-154,145,150,201,1,7,3,1650
198546895,1016,1801,0,-1713,287,-152,-146,145,150,201,1,7,3,1650
198547849,954,1801,0,-1713,239,-152,-146,145,150,201,1,7,3,1650
198548876,1027,1802,1,-1714,267,-152,-149,145,150,200,1,7,3,1650
198549856,980,1802,0,-1714,238,-152,-146,145,150,200,1,7,3,1650
198550892,1036,1803,1,-1715,284,-152,-149,145,150,200,1,7,3,1650
198551910,1018,1804,1,-1716,301,-152,-150,145,150,199,1,7,3,1650
198552857,947,1804,0,-1716,238,-151,-142,145,147,199,1,7,3,1650
198553835,978,1805,1,-1717,224,-151,-150,145,147,198,1,7,3,1650
198554894,1059,1805,0,-1717,277,-151,-146,145,144,198,1,7,3,1650
198555865,971,1806,1,-1718,257,-151,-150,141,144,197,1,7,3,1650
198556850,985,1806,0,-1718,229,-151,-142,141,145,197,1,7,3,1650
198557834,984,1807,1,-1719,224,-151,-150,141,145,196,1,7,3,1650
198558909,1075,1807,0,-1719,283,-150,-138,141,145,196,1,7,3,1650
198559838,929,1808,1,-1720,222,-150,-142,141,145,195,1,7,3,1650
198560954,1116,1808,0,-1720,336,-149,-130,141,145,195,1,7,3,1650
198562009,1055,1809,1,-1721,390,-148,-138,141,145,194,1,7,3,1650
198562941,932,1810,1,-1722,326,-148,-138,141,145,193,1,7,3,1650
198563888,947,1810,0,-1722,272,-148,-138,141,145,193,1,7,3,1650
198564876,988,1811,1,-1723,259,-147,-142,141,145,192,1,7,3,1650
198565885,1009,1812,1,-1724,262,-147,-138,141,145,192,1,7,3,1650
198566897,1012,1812,0,-1724,285,-146,-130,141,145,192,1,7,3,1650
198567852,955,1813,1,-1725,238,-146,-138,141,145,191,1,7,3,1650
198568880,1028,1814,1,-1726,264,-146,-142,141,145,190,1,7,3,1650
198569843,963,1814,0,-1726,233,-146,-138,141,145,190,1,7,3,1650
198570894,1051,1815,1,-1727,285,-145,-142,141,145,189,1,7,3,1650
198571924,1030,1816,1,-1728,308,-145,-142,141,145,188,1,7,3,1650
198572854,930,1816,0,-1728,234,-145,-142,141,145,188,1,7,3,1650
198573842,988,1817,1,-1729,230,-145,-142,141,145,187,1,7,3,1650
198574888,1046,1817,0,-1729,277,-145,-138,141,145,187,1,7,3,1650
198575840,952,1818,1,-1730,222,-145,-142,141,144,186,1,7,3,1650
198576837,997,1818,0,-1730,222,-144,-134,141,144,186,1,7,3,1650
198577834,997,1819,1,-1731,224,-144,-142,141,144,185,1,7,3,1650
198578886,1052,1819,0,-1731,270,-144,-138,141,141,185,1,7,3,1650
198579832,946,1820,1,-1732,220,-144,-142,141,141,185,1,7,3,1650
198580961,1129,1821,1,-1733,340,-144,-146,136,141,184,1,7,3,1650
198582020,1059,1821,0,-1733,386,-144,-138,136,141,184,1,7,3,1650
198582950,930,1822,1,-1734,327,-144,-146,136,141,183,1,7,3,1650
198583892,942,1822,0,-1734,274,-144,-138,136,141,183,1,7,3,1650
198584872,980,1822,0,-1734,258,-143,-134,136,141,183,1,7,3,1650
198585889,1017,1823,1,-1735,266,-143,-138,136,141,182,1,7,3,1650
198586894,1005,1824,1,-1736,285,-143,-146,136,141,181,1,7,3,1650
198587857,963,1824,0,-1736,249,-143,-138,136,141,181,1,7,3,1650
198588880,1023,1824,0,-1736,266,-143,-134,136,141,181,1,7,3,1650
198589838,958,1825,1,-1737,230,-142,-138,136,141,180,1,7,3,1650
198590909,1071,1825,0,-1737,288,-142,-134,136,141,180,1,7,3,1650
198591917,1008,1826,1,-1738,310,-142,-142,136,141,179,1,7,3,1650
198592854,937,1826,0,-1738,233,-142,-135,136,141,179,1,7,3,1650
198593838,984,1827,1,-1739,222,-141,-134,136,141,178,1,7,3,1650
198594893,1055,1828,1,-1740,279,-141,-138,136,141,178,1,7,3,1650
198595845,952,1828,0,-1740,226,-141,-134,136,141,178,1,7,3,1650
198596840,995,1829,1,-1741,223,-141,-134,136,141,177,1,7,3,1650
198597837,997,1829,0,-1741,224,-141,-134,136,141,177,1,7,3,1650
198598878,1041,1830,1,-1742,270,-140,-134,136,141,176,1,7,3,1650
198599837,959,1830,0,-1742,220,-140,-126,136,141,176,1,7,3,1650
198600940,1103,1831,1,-1743,328,-139,-130,136,138,175,1,7,3,1650
198602010,1070,1832,1,-1744,372,-139,-130,136,138,174,1,7,3,1650
198602929,919,1833,1,-1745,316,-139,-138,136,134,173,1,7,3,1650
198603879,950,1833,0,-1745,271,-139,-130,136,134,173,1,7,3,1650
198604867,988,1834,1,-1746,254,-138,-134,136,136,172,1,7,3,1650
198605910,1043,1834,0,-1746,294,-138,-130,132,136,172,1,7,3,1650
198606931,1021,1835,1,-1747,316,-138,-138,132,136,171,1,7,3,1650
198607857,926,1836,1,-1748,244,-138,-138,132,136,171,1,7,3,1650
198608888,1031,1836,0,-1748,270,-138,-138,132,136,171,1,7,3,1650
198609840,952,1837,1,-1749,230,-138,-138,132,136,170,1,7,3,1650
198610899,1059,1837,0,-1749,289,-138,-134,132,136,170,1,7,3,1650
198611936,1037,1838,1,-1750,315,-138,-134,132,136,169,1,7,3,1650
198612834,898,1838,0,-1750,226,-138,-135,132,136,169,1,7,3,1650
198613840,1006,1839,1,-1751,226,-137,-134,132,136,168,1,7,3,1650
198614882,1042,1839,0,-1751,273,-138,-138,132,136,168,1,7,3,1650
198615832,950,1839,0,-1751,220,-137,-134,132,136,168,1,7,3,1650
198616832,1000,1840,1,-1752,224,-137,-134,132,136,167,1,7,3,1650
198617842,1010,1841,1,-1753,222,-137,-134,132,136,166,1,7,3,1650
198618887,1045,1841,0,-1753,268,-137,-138,132,136,166,1,7,3,1650
198619840,953,1842,1,-1754,220,-137,-138,132,136,165,1,7,3,1650
198620949,1109,1842,0,-1754,326,-137,-138,132,136,165,1,7,3,1650
198621999,1050,1843,1,-1755,387,-137,-138,132,136,164,1,7,3,1650
198622910,911,1843,0,-1755,302,-137,-138,132,134,164,1,7,3,1650
198623877,967,1843,0,-1755,263,-137,-130,132,134,164,1,7,3,1650
198624880,1003,1844,1,-1756,261,-137,-134,132,134,163,1,7,3,1650
198625870,990,1844,0,-1756,249,-137,-130,132,131,163,1,7,3,1650
198626906,1036,1845,1,-1757,288,-136,-130,132,131,163,1,7,3,1650
198627854,948,1845,0,-1757,248,-136,-130,132,132,163,1,7,3,1650
198628888,1034,1846,1,-1758,267,-136,-130,132,132,162,1,7,3,1650
198629848,960,1846,0,-1758,242,-136,-130,132,132,162,1,7,3,1650
198630916,1068,1847,1,-1759,306,-136,-134,128,132,161,1,7,3,1650
198631930,1014,1847,0,-1759,321,-135,-126,128,132,161,1,7,3,1650
198632841,911,1848,1,-1760,229,-135,-127,128,132,160,1,7,3,1650
198633839,998,1848,0,-1760,223,-134,-118,128,132,160,1,7,3,1650
198634897,1058,1849,1,-1761,287,-134,-122,128,132,159,1,7,3,1650
198635833,936,1849,0,-1761,226,-133,-118,128,132,159,1,7,3,1650
198636832,999,1850,1,-1762,224,-133,-126,128,132,158,1,7,3,1650
198637831,999,1851,1,-1763,223,-133,-126,128,132,157,1,7,3,1650
198638892,1061,1851,0,-1763,276,-132,-122,128,132,157,1,7,3,1650
198639831,939,1852,1,-1764,223,-132,-126,128,132,156,1,7,3,1650
198640951,1120,1852,0,-1764,333,-132,-122,128,132,156,1,7,3,1650
198642010,1059,1853,1,-1765,373,-131,-122,128,132,156,1,7,3,1650
198642935,925,1853,0,-1765,313,-131,-122,128,132,156,1,7,3,1650
198643887,952,1854,1,-1766,274,-130,-122,128,132,155,1,7,3,1650
198644872,985,1855,1,-1767,256,-130,-126,128,132,154,1,7,3,1650
198645871,999,1855,0,-1767,258,-130,-130,128,132,154,1,7,3,1650
198646900,1029,1856,1,-1768,284,-130,-130,128,132,153,1,7,3,1650
198647852,952,1857,1,-1769,245,-130,-130,128,132,152,1,7,3,1650
198648880,1028,1857,0,-1769,269,-130,-126,128,132,152,1,7,3,1650
198649858,978,1858,1,-1770,246,-130,-130,128,132,151,1,7,3,1650
198650909,1051,1858,0,-1770,288,-130,-126,128,132,151,1,7,3,1650
198651931,1022,1859,1,-1771,316,-130,-134,128,131,150,1,7,3,1650
198652845,914,1859,0,-1771,228,-130,-127,128,131,150,1,7,3,1650
198653841,996,1860,1,-1772,223,-130,-134,128,128,149,1,7,3,1650
198654880,1039,1860,0,-1772,273,-130,-130,128,128,149,1,7,3,1650
198655860,980,1861,1,-1773,252,-130,-134,123,128,149,1,7,3,1650
198656842,982,1861,0,-1773,232,-130,-134,123,124,149,1,7,3,1650
198657841,999,1861,0,-1773,223,-130,-126,123,124,149,1,7,3,1650
198658888,1047,1862,1,-1774,279,-130,-130,123,127,148,1,7,3,1650
198659833,945,1862,0,-1774,225,-130,-126,123,127,148,1,7,3,1650
198660958,1125,1863,1,-1775,337,-130,-130,123,127,147,1,7,3,1650
198662000,1042,1864,1,-1776,388,-130,-138,123,127,146,1,7,3,1650
198662934,934,1864,0,-1776,320,-130,-130,123,127,146,1,7,3,1650
198663893,959,1864,0,-1776,271,-130,-130,123,127,146,1,7,3,1650
198664868,975,1865,1,-1777,255,-131,-134,123,127,145,1,7,3,1650
198665882,1014,1865,0,-1777,263,-130,-130,123,127,145,1,7,3,1650
198666904,1022,1865,0,-1777,285,-130,-122,123,127,145,1,7,3,1650
198667860,956,1866,1,-1778,247,-130,-122,123,127,144,1,7,3,1650
198668871,1011,1867,1,-1779,264,-130,-126,123,127,143,1,7,3,1650
198669858,987,1867,0,-1779,241,-129,-122,123,127,143,1,7,3,1650
198670897,1039,1868,1,-1780,284,-129,-126,123,127,142,1,7,3,1650
198671937,1040,1868,0,-1780,315,-129,-126,123,127,142,1,7,3,1650
198672841,904,1869,1,-1781,227,-129,-127,123,127,142,1,7,3,1650
198673843,1002,1869,0,-1781,222,-129,-126,123,127,142,1,7,3,1650
198674897,1054,1870,1,-1782,279,-129,-122,123,127,141,1,7,3,1650
198675827,930,1871,1,-1783,220,-129,-126,123,127,140,1,7,3,1650
198676839,1012,1871,0,-1783,222,-128,-126,123,127,140,1,7,3,1650
198677838,999,1872,1,-1784,224,-128,-126,123,127,139,1,7,3,1650
198678877,1039,1872,0,-1784,267,-128,-118,123,124,139,1,7,3,1650
198679834,957,1873,1,-1785,220,-128,-126,123,124,138,1,7,3,1650
198680959,1125,1873,0,-1785,338,-128,-122,118,120,138,1,7,3,1650
198682013,1054,1874,1,-1786,386,-127,-122,118,120,137,1,7,3,1650
198682942,929,1874,0,-1786,331,-127,-122,118,120,137,1,7,3,1650
198683881,939,1875,1,-1787,265,-127,-122,118,123,136,1,7,3,1650
198684877,996,1876,1,-1788,261,-127,-126,118,123,135,1,7,3,1650
198685878,1001,1876,0,-1788,260,-127,-122,118,123,135,1,7,3,1650
198686909,1031,1877,1,-1789,290,-127,-130,118,123,134,1,7,3,1650
198687848,939,1877,0,-1789,238,-127,-130,118,123,134,1,7,3,1650
198688879,1031,1878,1,-1790,267,-127,-134,118,123,134,1,7,3,1650
198689843,964,1878,0,-1790,226,-127,-130,118,123,134,1,7,3,1650
198690914,1071,1879,1,-1791,294,-128,-134,118,123,133,1,7,3,1650
198691922,1008,1879,0,-1791,307,-128,-126,118,123,133,1,7,3,1650
198692851,929,1880,1,-1792,236,-128,-127,118,123,132,1,7,3,1650
198693837,986,1880,0,-1792,225,-127,-126,118,123,132,1,7,3,1650
198694888,1051,1880,0,-1792,276,-127,-122,118,123,132,1,7,3,1650
198695833,945,1880,0,-1792,224,-127,-118,118,123,132,1,7,3,1650
198696833,1000,1881,1,-1793,224,-127,-126,118,123,131,1,7,3,1650
198697828,995,1881,0,-1793,223,-127,-126,118,123,131,1,7,3,1650
198698885,1057,1882,1,-1794,268,-127,-122,118,120,130,1,7,3,1650
198699829,944,1882,0,-1794,222,-126,-118,118,120,130,1,7,3,1650
198700936,1107,1882,0,-1794,327,-126,-114,118,120,130,1,7,3,1650
198701989,1053,1883,1,-1795,372,-126,-122,118,117,129,1,7,3,1650
198702917,928,1884,1,-1796,307,-126,-122,118,117,128,1,7,3,1650
198703881,964,1884,0,-1796,272,-125,-122,118,118,128,1,7,3,1650
198704878,997,1884,0,-1796,260,-125,-118,118,118,128,1,7,3,1650
198705884,1006,1885,1,-1797,274,-125,-114,114,118,127,1,7,3,1650
198706926,1042,1885,0,-1797,311,-124,-114,114,118,127,1,7,3,1650
198707856,930,1886,1,-1798,247,-124,-114,114,118,127,1,7,3,1650
198708879,1023,1886,0,-1798,268,-123,-114,114,118,127,1,7,3,1650
198709842,963,1887,1,-1799,235,-123,-114,114,118,126,1,7,3,1650
198710914,1072,1887,0,-1799,292,-123,-110,114,118,126,1,7,3,1650
198711927,1013,1887,0,-1799,315,-122,-110,114,118,126,1,7,3,1650
198712847,920,1888,1,-1800,227,-122,-111,114,118,125,1,7,3,1650
198713833,986,1888,0,-1800,226,-121,-111,114,118,125,1,7,3,1650
198714893,1060,1889,1,-1801,275,-121,-106,114,118,124,1,7,3,1650
198715837,944,1889,0,-1801,222,-120,-103,114,118,124,1,7,3,1650
198716838,1001,1890,1,-1802,224,-120,-110,114,118,123,1,7,3,1650
198717837,999,1891,1,-1803,223,-119,-111,114,118,122,1,7,3,1650
198718888,1051,1891,0,-1803,268,-119,-106,114,118,122,1,7,3,1650
198719838,950,1892,1,-1804,225,-118,-110,114,118,121,1,7,3,1650
198720943,1105,1892,0,-1804,321,-118,-106,114,118,121,1,7,3,1650
198722002,1059,1893,1,-1805,371,-118,-114,114,118,120,1,7,3,1650
198722927,925,1893,0,-1805,311,-117,-106,114,118,120,1,7,3,1650
198723879,952,1894,1,-1806,267,-117,-114,114,118,120,1,7,3,1650
198724876,997,1895,1,-1807,260,-117,-118,114,118,119,1,7,3,1650
198725868,992,1895,0,-1807,250,-117,-122,114,117,119,1,7,3,1650
198726911,1043,1895,0,-1807,288,-117,-114,114,117,119,1,7,3,1650
198727869,958,1896,1,-1808,251,-117,-122,114,112,118,1,7,3,1650
198728875,1006,1896,0,-1808,267,-117,-118,114,112,118,1,7,3,1650
198729859,984,1897,1,-1809,241,-117,-122,114,112,117,1,7,3,1650
198730923,1064,1897,0,-1809,304,-118,-118,108,113,117,1,7,3,1650
198731934,1011,1898,1,-1810,313,-118,-126,108,113,116,1,7,3,1650
198732851,917,1898,0,-1810,230,-118,-119,108,113,116,1,7,3,1650
198733835,984,1899,1,-1811,223,-118,-118,108,113,115,1,7,3,1650
198734891,1056,1899,0,-1811,276,-118,-122,108,113,115,1,7,3,1650
198735845,954,1900,1,-1812,229,-118,-126,108,113,114,1,7,3,1650
198736829,984,1900,0,-1812,222,-118,-118,108,113,114,1,7,3,1650
198737845,1016,1900,0,-1812,224,-118,-118,108,113,114,1,7,3,1650
198738891,1046,1901,1,-1813,274,-119,-122,108,113,113,1,7,3,1650
198739838,947,1901,0,-1813,224,-119,-118,108,113,113,1,7,3,1650
198740948,1110,1901,0,-1813,331,-118,-114,108,113,113,1,7,3,1650
198741994,1046,1902,1,-1814,382,-118,-122,108,113,113,1,7,3,1650
198742938,944,1902,0,-1814,319,-118,-114,108,113,113,1,7,3,1650
198743888,950,1902,0,-1814,270,-118,-114,108,113,113,1,7,3,1650
198744867,979,1903,1,-1815,256,-118,-118,108,113,112,1,7,3,1650
198745879,1012,1903,0,-1815,259,-118,-114,108,113,112,1,7,3,1650
198746906,1027,1904,1,-1816,287,-118,-114,108,113,111,1,7,3,1650
198747856,950,1904,0,-1816,250,-117,-106,108,113,111,1,7,3,1650
198748877,1021,1904,0,-1816,264,-117,-102,108,113,111,1,7,3,1650
198749853,976,1905,1,-1817,245,-116,-106,108,113,110,1,7,3,1650
198750892,1039,1906,1,-1818,284,-116,-110,108,113,109,1,7,3,1650
198751920,1028,1906,0,-1818,310,-116,-110,108,113,109,1,7,3,1650
198752852,932,1906,0,-1818,232,-115,-103,108,112,109,1,7,3,1650
198753836,984,1907,1,-1819,225,-115,-111,108,112,108,1,7,3,1650
198754889,1053,1907,0,-1819,276,-114,-98,108,112,108,1,7,3,1650
198755869,980,1908,1,-1820,256,-114,-106,104,109,107,1,7,3,1650
198756838,969,1908,0,-1820,228,-114,-102,104,109,107,1,7,3,1650
198757835,997,1909,1,-1821,221,-114,-111,104,109,106,1,7,3,1650
198758885,1050,1909,0,-1821,278,-113,-106,104,104,106,1,7,3,1650
198759844,959,1910,1,-1822,225,-113,-110,104,104,105,1,7,3,1650
198760950,1106,1910,0,-1822,335,-113,-106,104,108,105,1,7,3,1650
198762012,1062,1911,1,-1823,388,-112,-106,104,108,105,1,7,3,1650
198762942,930,1911,0,-1823,325,-112,-105,104,108,105,1,7,3,1650
198763879,937,1912,1,-1824,269,-112,-106,104,108,104,1,7,3,1650
198764868,989,1912,0,-1824,259,-112,-102,104,108,104,1,7,3,1650
198765884,1016,1913,1,-1825,266,-111,-106,104,108,103,1,7,3,1650
198766912,1028,1913,0,-1825,292,-111,-106,104,108,103,1,7,3,1650
198767854,942,1913,0,-1825,239,-111,-106,104,108,103,1,7,3,1650
198768877,1023,1914,1,-1826,266,-111,-110,104,108,102,1,7,3,1650
198769842,965,1914,0,-1826,236,-111,-106,104,108,102,1,7,3,1650
198770893,1051,1915,1,-1827,285,-111,-110,104,108,101,1,7,3,1650
198771919,1026,1915,0,-1827,303,-111,-110,104,108,101,1,7,3,1650
198772852,933,1916,1,-1828,237,-111,-111,104,108,100,1,7,3,1650
198773837,985,1916,0,-1828,225,-111,-111,104,108,100,1,7,3,1650
198774889,1052,1917,1,-1829,274,-111,-114,104,108,99,1,7,3,1650
198775836,947,1917,0,-1829,219,-111,-110,104,104,99,1,7,3,1650
198776833,997,1917,0,-1829,222,-111,-110,104,104,99,1,7,3,1650
198777829,996,1918,1,-1830,223,-111,-111,104,104,98,1,7,3,1650
198778882,1053,1918,0,-1830,269,-111,-114,104,100,98,1,7,3,1650
198779829,947,1919,1,-1831,219,-111,-118,104,100,98,1,7,3,1650
198780949,1120,1919,0,-1831,341,-111,-106,99,100,98,1,7,3,1650
198782007,1058,1919,0,-1831,395,-111,-105,99,104,98,1,7,3,1650
198782943,936,1920,1,-1832,330,-111,-114,99,104,97,1,7,3,1650
198783889,946,1920,0,-1832,266,-111,-106,99,104,97,1,7,3,1650
198784869,980,1921,1,-1833,259,-111,-110,99,104,96,1,7,3,1650
198785886,1017,1921,0,-1833,266,-110,-106,99,104,96,1,7,3,1650
198786895,1009,1922,1,-1834,284,-111,-114,99,104,95,1,7,3,1650
198787865,970,1922,0,-1834,249,-110,-106,99,104,95,1,7,3,1650
198788882,1017,1922,0,-1834,267,-110,-102,99,104,95,1,7,3,1650
198789853,971,1922,0,-1834,233,-110,-98,99,104,95,1,7,3,1650
198790908,1055,1923,1,-1835,293,-109,-102,99,104,94,1,7,3,1650
198791918,1010,1923,0,-1835,307,-109,-102,99,104,94,1,7,3,1650
198792844,926,1923,0,-1835,233,-108,-95,99,104,94,1,7,3,1650
198793844,1000,1924,1,-1836,223,-108,-103,99,104,93,1,7,3,1650
198794891,1047,1924,0,-1836,278,-108,-98,99,104,93,1,7,3,1650
198795839,948,1924,0,-1836,222,-107,-95,99,104,93,1,7,3,1650
198796841,1002,1925,1,-1837,222,-107,-95,99,104,92,1,7,3,1650
198797840,999,1925,0,-1837,224,-106,-95,99,104,92,1,7,3,1650
198798876,1036,1926,1,-1838,266,-106,-102,99,104,91,1,7,3,1650
198799837,961,1926,0,-1838,220,-106,-95,99,100,91,1,7,3,1650
198800947,1110,1926,0,-1838,332,-105,-89,99,100,91,1,7,3,1650
198801985,1038,1927,1,-1839,372,-105,-97,99,100,91,1,7,3,1650
198802923,938,1927,0,-1839,311,-104,-89,99,95,91,1,7,3,1650
198803887,964,1928,1,-1840,275,-104,-97,99,95,90,1,7,3,1650
198804867,980,1928,0,-1840,254,-104,-94,99,95,90,1,7,3,1650
198805889,1022,1929,1,-1841,281,-103,-97,95,99,89,1,7,3,1650
198806922,1033,1929,0,-1841,314,-103,-97,95,99,89,1,7,3,1650
198807867,945,1930,1,-1842,245,-103,-98,95,99,88,1,7,3,1650
198808880,1013,1930,0,-1842,270,-103,-94,95,99,88,1,7,3,1650
198809839,959,1930,0,-1842,232,-102,-89,95,99,88,1,7,3,1650
198810906,1067,1931,1,-1843,297,-102,-94,95,99,87,1,7,3,1650
198811930,1024,1931,0,-1843,311,-101,-95,95,99,87,1,7,3,1650
198812839,909,1932,1,-1844,226,-101,-103,95,99,86,1,7,3,1650
198813836,997,1932,0,-1844,225,-101,-95,95,99,86,1,7,3,1650
198814892,1056,1933,1,-1845,275,-101,-98,95,99,85,1,7,3,1650
198815833,941,1933,0,-1845,220,-101,-95,95,99,85,1,7,3,1650
198816841,1008,1934,1,-1846,223,-101,-103,95,99,84,1,7,3,1650
198817840,999,1934,0,-1846,223,-101,-95,95,99,84,1,7,3,1650
198818883,1043,1934,0,-1846,268,-101,-98,95,99,84,1,7,3,1650
198819834,951,1935,1,-1847,220,-101,-103,95,99,83,1,7,3,1650
198820935,1101,1935,0,-1847,322,-100,-98,95,99,83,1,7,3,1650
198822015,1080,1936,1,-1848,381,-101,-105,95,99,83,1,7,3,1650
198822923,908,1936,0,-1848,306,-101,-106,95,99,83,1,7,3,1650
198823881,958,1936,0,-1848,260,-101,-98,95,99,83,1,7,3,1650
198824877,996,1937,1,-1849,261,-101,-102,95,95,82,1,7,3,1650
198825858,981,1937,0,-1849,249,-101,-106,95,95,82,1,7,3,1650
198826891,1033,1938,1,-1850,283,-101,-106,95,95,81,1,7,3,1650
198827873,982,1938,0,-1850,257,-101,-106,95,90,81,1,7,3,1650
198828878,1005,1939,1,-1851,266,-102,-106,95,90,80,1,7,3,1650
198829868,990,1939,0,-1851,252,-102,-106,95,90,80,1,7,3,1650
198830921,1053,1939,0,-1851,307,-102,-102,90,90,80,1,7,3,1650
198831938,1017,1940,1,-1852,321,-102,-110,90,95,79,1,7,3,1650
198832832,894,1940,0,-1852,225,-102,-103,90,95,79,1,7,3,1650
198833840,1008,1941,1,-1853,222,-102,-111,90,95,78,1,7,3,1650
198834897,1057,1941,0,-1853,285,-103,-106,90,95,78,1,7,3,1650
198835844,947,1941,0,-1853,223,-103,-102,90,95,78,1,7,3,1650
198836837,993,1942,1,-1854,223,-103,-103,90,95,77,1,7,3,1650
198837834,997,1942,0,-1854,224,-103,-103,90,95,77,1,7,3,1650
198838888,1054,1942,0,-1854,276,-102,-98,90,95,77,1,7,3,1650
198839834,946,1942,0,-1854,221,-102,-95,90,95,77,1,7,3,1650
198840943,1109,1942,0,-1854,329,-102,-89,90,95,77,1,7,3,1650
198842015,1072,1943,1,-1855,379,-101,-97,90,95,76,1,7,3,1650
198842939,924,1943,0,-1855,331,-101,-89,90,95,76,1,7,3,1650
198843882,943,1944,1,-1856,270,-101,-98,90,95,76,1,7,3,1650
198844880,998,1944,0,-1856,257,-101,-94,90,95,76,1,7,3,1650
198845875,995,1944,0,-1856,265,-100,-89,90,95,76,1,7,3,1650
198846895,1020,1945,1,-1857,287,-100,-89,90,95,75,1,7,3,1650
198847850,955,1945,0,-1857,242,-99,-89,90,95,75,1,7,3,1650
198848883,1033,1945,0,-1857,267,-99,-90,90,95,75,1,7,3,1650
198849843,960,1946,1,-1858,231,-99,-89,90,95,74,1,7,3,1650
198850911,1068,1946,0,-1858,291,-98,-86,90,95,74,1,7,3,1650
198851927,1016,1947,1,-1859,304,-98,-95,90,95,73,1,7,3,1650
198852852,925,1947,0,-1859,234,-97,-87,90,95,73,1,7,3,1650
198853846,994,1948,1,-1860,225,-97,-95,90,95,72,1,7,3,1650
198854892,1046,1948,0,-1860,277,-97,-89,90,90,72,1,7,3,1650
198855872,980,1948,0,-1860,254,-97,-89,85,90,72,1,7,3,1650
198856841,969,1949,1,-1861,234,-97,-95,85,90,71,1,7,3,1650
198857842,1001,1949,0,-1861,224,-96,-87,85,85,71,1,7,3,1650
198858897,1055,1949,0,-1861,279,-96,-81,85,85,71,1,7,3,1650
198859845,948,1950,1,-1862,224,-95,-87,85,85,70,1,7,3,1650
198860958,1113,1950,0,-1862,336,-95,-89,85,85,70,1,7,3,1650
198862019,1061,1951,1,-1863,384,-95,-89,85,90,69,1,7,3,1650
198862942,923,1951,0,-1863,328,-95,-89,85,90,69,1,7,3,1650
198863887,945,1952,1,-1864,274,-94,-89,85,90,69,1,7,3,1650
198864873,986,1952,0,-1864,255,-94,-87,85,90,69,1,7,3,1650
198865884,1011,1952,0,-1864,263,-94,-89,85,90,69,1,7,3,1650
198866906,1022,1953,1,-1865,286,-94,-89,85,90,68,1,7,3,1650
198867854,948,1953,0,-1865,242,-94,-89,85,90,68,1,7,3,1650
198868880,1026,1954,1,-1866,267,-94,-94,85,90,67,1,7,3,1650
198869840,960,1954,0,-1866,234,-94,-98,85,90,67,1,7,3,1650
198870911,1071,1954,0,-1866,292,-94,-94,85,90,67,1,7,3,1650
198871922,1011,1954,0,-1866,310,-94,-95,85,90,67,1,7,3,1650
198872845,923,1955,1,-1867,234,-94,-95,85,90,66,1,7,3,1650
198873841,996,1956,1,-1868,225,-94,-103,85,90,65,1,7,3,1650
198874893,1052,1956,0,-1868,274,-94,-98,85,90,65,1,7,3,1650
198875830,937,1956,0,-1868,220,-94,-95,85,85,65,1,7,3,1650
198876839,1009,1957,1,-1869,224,-95,-103,85,85,64,1,7,3,1650
198877838,999,1957,0,-1869,224,-95,-95,85,85,64,1,7,3,1650
198878890,1052,1957,0,-1869,270,-95,-98,85,80,64,1,7,3,1650
198879837,947,1958,1,-1870,220,-95,-103,85,80,63,1,7,3,1650
198880966,1129,1958,0,-1870,343,-95,-97,80,80,63,1,7,3,1650
198882005,1039,1958,0,-1870,393,-95,-89,80,80,63,1,7,3,1650
198882940,935,1959,1,-1871,330,-95,-97,80,85,62,1,7,3,1650
198883885,945,1959,0,-1871,271,-95,-89,80,85,62,1,7,3,1650
198884872,987,1959,0,-1871,256,-95,-87,80,85,62,1,7,3,1650
198885889,1017,1959,0,-1871,266,-94,-89,80,85,62,1,7,3,1650
198886891,1002,1960,1,-1872,280,-94,-89,80,85,62,1,7,3,1650
198887868,977,1960,0,-1872,254,-94,-89,80,85,62,1,7,3,1650
198888883,1015,1960,0,-1872,267,-94,-87,80,85,62,1,7,3,1650
198889836,953,1960,0,-1872,230,-93,-87,80,85,62,1,7,3,1650
198890911,1075,1961,1,-1873,289,-93,-86,80,85,61,1,7,3,1650
198891924,1013,1961,0,-1873,305,-93,-87,80,85,61,1,7,3,1650
198892850,926,1961,0,-1873,233,-92,-79,80,85,61,1,7,3,1650
198893843,993,1962,1,-1874,225,-92,-87,80,85,60,1,7,3,1650
198894896,1053,1962,0,-1874,278,-92,-81,80,85,60,1,7,3,1650
198895833,937,1962,0,-1874,222,-91,-79,80,85,60,1,7,3,1650
198896840,1007,1963,1,-1875,223,-91,-87,80,85,59,1,7,3,1650
198897842,1002,1963,0,-1875,224,-91,-79,80,85,59,1,7,3,1650
198898883,1041,1963,0,-1875,270,-90,-73,80,85,59,1,7,3,1650
198899828,945,1964,1,-1876,220,-89,-79,80,85,58,1,7,3,1650
198900957,1129,1964,0,-1876,332,-89,-81,80,85,58,1,7,3,1650
198902006,1049,1964,0,-1876,370,-89,-81,80,80,58,1,7,3,1650
198902926,920,1964,0,-1876,317,-88,-73,80,80,58,1,7,3,1650
198903879,953,1965,1,-1877,269,-88,-73,80,80,57,1,7,3,1650
198904878,999,1965,0,-1877,257,-87,-71,80,80,57,1,7,3,1650
198905892,1014,1965,0,-1877,283,-86,-73,76,80,57,1,7,3,1650
198906918,1026,1966,1,-1878,308,-86,-73,76,80,56,1,7,3,1650
198907863,945,1966,0,-1878,246,-85,-73,76,80,56,1,7,3,1650
198908878,1015,1966,0,-1878,270,-85,-71,76,80,56,1,7,3,1650
198909848,970,1967,1,-1879,237,-84,-73,76,80,55,1,7,3,1650
198910906,1058,1967,0,-1879,291,-84,-71,76,80,55,1,7,3,1650
198911926,1020,1967,0,-1879,311,-83,-71,76,80,55,1,7,3,1650
198912832,906,1968,1,-1880,226,-83,-79,76,80,54,1,7,3,1650
198913842,1010,1968,0,-1880,226,-83,-71,76,80,54,1,7,3,1650
198914888,1046,1968,0,-1880,276,-82,-73,76,80,54,1,7,3,1650
198915837,949,1969,1,-1881,220,-82,-79,76,80,54,1,7,3,1650
198916832,995,1969,0,-1881,223,-82,-79,76,80,54,1,7,3,1650
198917844,1012,1970,1,-1882,224,-82,-79,76,80,53,1,7,3,1650
198918876,1032,1970,0,-1882,259,-82,-79,76,80,53,1,7,3,1650
198919835,959,1970,0,-1882,221,-82,-79,76,80,53,1,7,3,1650
198920939,1104,1970,0,-1882,327,-81,-73,76,80,53,1,7,3,1650
198922010,1071,1971,1,-1883,384,-81,-81,76,80,52,1,7,3,1650
198922921,911,1972,1,-1884,309,-82,-89,76,80,51,1,7,3,1650
198923871,950,1972,0,-1884,262,-82,-81,76,80,51,1,7,3,1650
198924876,1005,1972,0,-1884,263,-81,-79,76,80,51,1,7,3,1650
198925866,990,1972,0,-1884,250,-81,-81,76,80,51,1,7,3,1650
198926899,1033,1973,1,-1885,286,-81,-81,76,80,50,1,7,3,1650
198927865,966,1973,0,-1885,248,-81,-81,76,80,50,1,7,3,1650
198928874,1009,1973,0,-1885,264,-81,-79,76,80,50,1,7,3,1650
198929857,983,1974,1,-1886,249,-81,-81,76,80,49,1,7,3,1650
198930925,1068,1974,0,-1886,305,-81,-79,70,80,49,1,7,3,1650
198931936,1011,1975,1,-1887,320,-81,-87,70,80,48,1,7,3,1650
198932842,906,1975,0,-1887,226,-82,-87,70,76,48,1,7,3,1650
198933841,999,1975,0,-1887,223,-82,-87,70,76,48,1,7,3,1650
198934895,1054,1975,0,-1887,284,-82,-81,70,74,48,1,7,3,1650
198935836,941,1976,1,-1888,225,-82,-87,70,74,47,1,7,3,1650
198936835,999,1976,0,-1888,223,-82,-87,70,74,47,1,7,3,1650
198937830,995,1976,0,-1888,222,-82,-79,70,74,47,1,7,3,1650
198938880,1050,1977,1,-1889,260,-82,-90,70,74,47,1,7,3,1650
198939828,948,1977,0,-1889,220,-83,-87,70,74,47,1,7,3,1650
198940940,1112,1977,0,-1889,330,-82,-81,70,74,47,1,7,3,1650
198942001,1061,1978,1,-1890,381,-83,-89,70,67,46,1,7,3,1650
198942951,950,1978,0,-1890,331,-83,-81,70,67,46,1,7,3,1650
198943890,939,1978,0,-1890,271,-83,-81,70,67,46,1,7,3,1650
198944874,984,1979,1,-1891,256,-83,-87,70,67,45,1,7,3,1650
198945888,1014,1979,0,-1891,265,-83,-81,70,67,45,1,7,3,1650
198946902,1014,1979,0,-1891,289,-83,-81,70,70,45,1,7,3,1650
198947858,956,1979,0,-1891,242,-82,-73,70,70,45,1,7,3,1650
198948886,1028,1979,0,-1891,271,-82,-73,70,70,45,1,7,3,1650
198949836,950,1980,1,-1892,227,-82,-81,70,70,44,1,7,3,1650
198950908,1072,1980,0,-1892,297,-82,-79,70,70,44,1,7,3,1650
198951918,1010,1980,0,-1892,306,-82,-79,70,70,44,1,7,3,1650
198952854,936,1981,1,-1893,234,-82,-79,70,70,43,1,7,3,1650
198953832,978,1981,0,-1893,224,-81,-71,70,70,43,1,7,3,1650
198954893,1061,1981,0,-1893,279,-81,-73,70,70,43,1,7,3,1650
198955855,962,1981,0,-1893,248,-80,-71,66,70,43,1,7,3,1650
198956855,1000,1981,0,-1893,234,-80,-71,66,70,43,1,7,3,1650
198957832,977,1982,1,-1894,223,-80,-71,66,70,42,1,7,3,1650
198958905,1073,1982,0,-1894,283,-79,-73,66,67,42,1,7,3,1650
198959835,930,1982,0,-1894,225,-79,-71,66,67,42,1,7,3,1650
198960946,1111,1983,1,-1895,336,-79,-73,66,67,41,1,7,3,1650
198962015,1069,1983,0,-1895,384,-78,-65,66,60,41,1,7,3,1650
198962944,929,1983,0,-1895,326,-78,-65,66,60,41,1,7,3,1650
198963891,947,1983,0,-1895,273,-77,-65,66,60,41,1,7,3,1650
198964868,977,1984,1,-1896,256,-77,-71,66,60,40,1,7,3,1650
198965884,1016,1984,0,-1896,267,-77,-65,66,60,40,1,7,3,1650
198966895,1011,1984,0,-1896,285,-76,-65,66,66,40,1,7,3,1650
198967863,968,1985,1,-1897,244,-76,-73,66,66,40,1,7,3,1650
198968878,1015,1985,0,-1897,269,-76,-71,66,66,40,1,7,3,1650
198969840,962,1985,0,-1897,231,-75,-65,66,66,40,1,7,3,1650
198970896,1056,1985,0,-1897,283,-75,-63,66,66,40,1,7,3,1650
198971920,1024,1985,0,-1897,310,-74,-63,66,66,40,1,7,3,1650
198972840,920,1986,1,-1898,227,-74,-63,66,66,39,1,7,3,1650
198973843,1003,1986,0,-1898,228,-74,-63,66,66,39,1,7,3,1650
198974902,1059,1986,0,-1898,280,-73,-57,66,66,39,1,7,3,1650
198975832,930,1986,0,-1898,220,-72,-55,66,66,39,1,7,3,1650
198976843,1011,1987,1,-1899,223,-72,-63,66,66,38,1,7,3,1650
198977831,988,1987,0,-1899,223,-72,-63,66,66,38,1,7,3,1650
198978886,1055,1987,0,-1899,269,-71,-65,66,66,38,1,7,3,1650
198979838,952,1987,0,-1899,220,-71,-57,66,66,38,1,7,3,1650
198980949,1111,1988,1,-1900,334,-71,-65,62,66,37,1,7,3,1650
198982009,1060,1988,0,-1900,377,-70,-65,62,60,37,1,7,3,1650
198982946,937,1988,0,-1900,332,-70,-57,62,60,37,1,7,3,1650
198983892,946,1989,1,-1901,270,-70,-65,62,60,36,1,7,3,1650
198984865,973,1989,0,-1901,257,-69,-63,62,60,36,1,7,3,1650
198985873,1008,1989,0,-1901,265,-69,-65,62,60,36,1,7,3,1650
198986891,1018,1990,1,-1902,281,-69,-73,62,62,35,1,7,3,1650
198987871,980,1990,0,-1902,250,-69,-65,62,62,35,1,7,3,1650
198988875,1004,1990,0,-1902,264,-69,-63,62,62,35,1,7,3,1650
198989854,979,1991,1,-1903,234,-69,-73,62,62,34,1,7,3,1650
198990889,1035,1991,0,-1903,281,-69,-71,62,62,34,1,7,3,1650
198991911,1022,1991,0,-1903,303,-69,-63,62,62,34,1,7,3,1650
198992847,936,1991,0,-1903,234,-69,-63,62,62,34,1,7,3,1650
198993845,998,1992,1,-1904,224,-69,-71,62,62,33,1,7,3,1650
198994884,1039,1992,0,-1904,268,-69,-65,62,62,33,1,7,3,1650
198995836,952,1992,0,-1904,222,-68,-63,62,62,33,1,7,3,1650
198996835,999,1992,0,-1904,223,-68,-63,62,62,33,1,7,3,1650
198997834,999,1993,1,-1905,222,-68,-71,62,62,33,1,7,3,1650
198998892,1058,1993,0,-1905,271,-68,-65,62,62,33,1,7,3,1650
198999840,948,1993,0,-1905,220,-68,-65,62,62,33,1,7,3,1650
199000942,1102,1993,0,-1905,328,-68,-65,62,62,33,1,7,3,1650
199001999,1057,1994,1,-1906,372,-68,-73,62,62,32,1,7,3,1650
199002925,926,1994,0,-1906,314,-68,-65,62,62,32,1,7,3,1650
199003882,957,1994,0,-1906,274,-68,-65,62,62,32,1,7,3,1650
199004867,985,1995,1,-1907,255,-68,-71,62,62,31,1,7,3,1650
199005894,1027,1995,0,-1907,282,-68,-73,56,62,31,1,7,3,1650
199006939,1045,1995,0,-1907,317,-68,-65,56,60,31,1,7,3,1650
199007845,906,1995,0,-1907,238,-68,-65,56,60,31,1,7,3,1650
199008884,1039,1996,1,-1908,266,-68,-71,56,60,30,1,7,3,1650
199009844,960,1996,0,-1908,230,-68,-73,56,60,30,1,7,3,1650
199010911,1067,1996,0,-1908,296,-68,-71,56,60,30,1,7,3,1650
199011916,1005,1997,1,-1909,306,-69,-71,56,60,29,1,7,3,1650
199012835,919,1997,0,-1909,226,-69,-71,56,60,29,1,7,3,1650
199013840,1005,1997,0,-1909,226,-69,-71,56,60,29,1,7,3,1650
199014896,1056,1997,0,-1909,282,-69,-65,56,52,29,1,7,3,1650
199015840,944,1998,1,-1910,224,-69,-71,56,52,28,1,7,3,1650
199016837,997,1998,0,-1910,222,-69,-71,56,52,28,1,7,3,1650
199017835,998,1998,0,-1910,223,-69,-63,56,52,28,1,7,3,1650
199018882,1047,1998,0,-1910,270,-68,-65,56,55,28,1,7,3,1650
199019827,945,1999,1,-1911,220,-68,-71,56,55,27,1,7,3,1650
199020935,1108,1999,0,-1911,324,-68,-65,56,55,27,1,7,3,1650
199021991,1056,1999,0,-1911,380,-68,-65,56,55,27,1,7,3,1650
199022933,942,1999,0,-1911,312,-68,-65,56,55,27,1,7,3,1650
199023883,950,1999,0,-1911,276,-68,-57,56,55,27,1,7,3,1650
199024864,981,2000,1,-1912,253,-67,-63,56,55,26,1,7,3,1650
199025874,1010,2000,0,-1912,264,-67,-65,56,55,26,1,7,3,1650
199026896,1022,2000,0,-1912,281,-67,-65,56,55,26,1,7,3,1650
199027847,951,2000,0,-1912,235,-67,-57,56,55,26,1,7,3,1650
199028872,1025,2000,0,-1912,264,-66,-55,56,55,26,1,7,3,1650
199029850,978,2001,1,-1913,235,-66,-65,56,55,25,1,7,3,1650
199030918,1068,2001,0,-1913,304,-66,-63,51,55,25,1,7,3,1650
199031929,1011,2001,0,-1913,318,-66,-63,51,55,25,1,7,3,1650
199032839,910,2001,0,-1913,229,-66,-55,51,55,25,1,7,3,1650
199033832,993,2001,0,-1913,222,-65,-55,51,55,25,1,7,3,1650
199034895,1063,2002,1,-1914,279,-65,-57,51,52,25,1,7,3,1650
199035834,939,2002,0,-1914,225,-65,-55,51,52,25,1,7,3,1650
199036841,1007,2002,0,-1914,224,-64,-55,51,52,25,1,7,3,1650
199037846,1005,2002,0,-1914,225,-64,-57,51,52,25,1,7,3,1650
199038880,1034,2002,0,-1914,260,-64,-55,51,52,25,1,7,3,1650
199039841,961,2003,1,-1915,220,-63,-55,51,52,24,1,7,3,1650
199040948,1107,2003,0,-1915,332,-63,-57,51,52,24,1,7,3,1650
199042005,1057,2003,0,-1915,377,-62,-49,51,43,24,1,7,3,1650
199042930,925,2003,0,-1915,317,-62,-49,51,43,24,1,7,3,1650
199043891,961,2003,0,-1915,269,-61,-49,51,43,24,1,7,3,1650
199044877,986,2003,0,-1915,254,-61,-47,51,43,24,1,7,3,1650
199045882,1005,2004,1,-1916,263,-60,-49,51,43,23,1,7,3,1650
199046893,1011,2004,0,-1916,282,-60,-49,51,51,23,1,7,3,1650
199047851,958,2004,0,-1916,245,-59,-49,51,51,23,1,7,3,1650
199048880,1029,2004,0,-1916,268,-59,-47,51,51,23,1,7,3,1650
199049853,973,2004,0,-1916,232,-58,-41,51,51,23,1,7,3,1650
199050898,1045,2005,1,-1917,282,-58,-47,51,51,22,1,7,3,1650
199051922,1024,2005,0,-1917,303,-57,-47,51,51,22,1,7,3,1650
199052845,923,2005,0,-1917,235,-57,-47,51,51,22,1,7,3,1650
199053840,995,2006,1,-1918,225,-57,-55,51,51,21,1,7,3,1650
199054893,1053,2006,0,-1918,274,-57,-49,51,51,21,1,7,3,1650
199055882,989,2006,0,-1918,262,-56,-49,51,51,21,1,7,4,1100
199056846,964,2006,0,-1918,227,-56,-47,51,51,21,1,7,4,1100
199057832,986,2008,2,-1920,221,-56,-63,51,51,19,1,7,4,1100
199058888,1056,2009,1,-1921,277,-57,-73,51,43,18,1,7,4,1100
199059838,950,2009,0,-1921,224,-58,-71,51,43,18,1,7,4,1100
199060947,1109,2010,1,-1922,330,-58,-73,51,43,18,1,7,4,1100
199062014,1067,2011,1,-1923,377,-59,-81,51,43,17,1,7,4,1100
199062922,908,2011,0,-1923,314,-60,-81,51,43,17,1,7,4,1100
199063881,959,2011,0,-1923,269,-61,-81,51,43,17,1,7,4,1100
199064872,991,2011,0,-1923,257,-61,-79,51,43,17,1,7,4,1100
199065878,1006,2011,0,-1923,264,-62,-73,51,43,17,1,7,4,1100
199066904,1026,2011,0,-1923,296,-62,-73,51,30,17,1,7,4,1100
199067862,958,2011,0,-1923,241,-63,-73,51,30,17,1,7,4,1100
199068885,1023,2012,1,-1924,273,-63,-81,51,30,16,1,7,4,1100
199069843,958,2013,1,-1925,233,-64,-81,51,30,15,1,7,4,1100
199070900,1057,2013,0,-1925,281,-65,-79,51,30,15,1,7,4,1100
199071931,1031,2013,0,-1925,309,-65,-79,51,30,15,1,7,4,1100
199072845,914,2013,0,-1925,228,-66,-79,51,30,15,1,7,4,1100
199073840,995,2013,0,-1925,227,-66,-79,51,30,15,1,7,4,1100
199074880,1040,2013,0,-1925,265,-67,-81,51,30,15,1,7,4,1100
199075832,952,2013,0,-1925,225,-67,-79,51,30,15,1,7,4,1100
199076843,1011,2013,0,-1925,226,-68,-71,51,30,15,1,7,4,1100
199077830,987,2014,1,-1926,223,-68,-79,51,30,14,1,7,4,1100
199078882,1052,2014,0,-1926,266,-69,-81,51,30,14,1,7,4,1100
199079830,948,2015,1,-1927,224,-69,-87,51,30,13,1,7,4,1100
199080955,1125,2015,0,-1927,330,-70,-81,51,30,13,1,7,4,1100
199081996,1041,2016,1,-1928,366,-71,-89,51,30,12,1,7,4,1100
199082928,932,2016,0,-1928,312,-71,-89,51,30,12,1,7,4,1100
199083869,941,2016,0,-1928,262,-72,-81,51,30,12,1,7,4,1100
199084876,1007,2016,0,-1928,259,-72,-79,51,30,12,1,7,4,1100
199085868,992,2016,0,-1928,254,-72,-79,51,30,12,1,7,4,1100
199086888,1020,2016,0,-1928,279,-73,-81,51,30,12,1,7,4,1100
199087874,986,2016,0,-1928,257,-72,-65,51,30,12,1,7,4,1100
199088864,990,2017,1,-1929,257,-72,-71,51,30,11,1,7,4,1100
199089873,1009,2018,1,-1930,260,-72,-73,51,30,11,1,7,4,1100
199090899,1026,2018,0,-1930,277,-72,-71,51,0,11,1,7,4,1100
199091923,1024,2018,0,-1930,303,-72,-63,51,0,11,1,7,4,1100
199092844,921,2018,0,-1930,230,-71,-55,51,0,11,1,7,4,1100
199093842,998,2018,0,-1930,225,-71,-55,51,0,11,1,7,4,1100
199094854,1012,2018,0,-1930,241,-70,-55,51,0,11,1,7,4,1100
199095838,984,2018,0,-1930,222,-69,-55,51,0,11,1,7,4,1100
199096829,991,2018,0,-1930,222,-69,-55,51,0,11,1,7,4,1100
199097836,1007,2019,1,-1931,225,-69,-63,51,0,10,1,7,4,1100
199098842,1006,2019,0,-1931,231,-68,-63,51,0,10,1,7,4,1100
199099843,1001,2019,0,-1931,224,-68,-49,51,0,10,1,7,4,1100
199100925,1082,2019,0,-1931,315,-67,-49,51,0,10,1,7,4,1100
199101984,1059,2019,0,-1931,370,-66,-49,51,0,10,1,7,4,1100
199102882,898,2019,0,-1931,272,-65,-49,51,0,10,1,7,4,1100
199103882,1000,2019,0,-1931,268,-65,-49,51,0,10,1,7,4,1100
199104867,985,2019,0,-1931,244,-64,-47,51,0,10,1,7,4,1100
199105873,1006,2019,0,-1931,262,-64,-49,51,0,10,1,7,4,1100
199106875,1002,2020,1,-1932,266,-63,-57,51,0,9,1,7,4,1100
199107884,1009,2020,0,-1932,262,-63,-49,51,0,0,1,8,4,1100
199108871,987,2020,0,-1932,257,-62,-47,51,0,0,1,8,4,1100
199109855,984,2020,0,-1932,248,-61,-41,51,0,0,1,8,4,1100
199110879,1024,2020,0,-1932,257,-60,-39,51,0,0,1,8,4,1100
199111921,1042,2020,0,-1932,307,-60,-39,51,0,0,1,8,4,1100
199112841,920,2020,0,-1932,224,-59,-32,51,0,0,1,8,4,1100
199113847,1006,2020,0,-1932,225,-57,-32,51,0,0,1,8,4,1100
199114847,1000,2020,0,-1932,225,-56,-32,51,0,0,1,8,4,1100
199115847,1000,2020,0,-1932,225,-55,-32,51,0,0,1,8,4,1100
199116836,989,2020,0,-1932,219,-55,-32,51,0,0,1,8,4,1100
199117847,1011,2020,0,-1932,226,-54,-32,51,0,0,1,8,4,1100
199118847,1000,2020,0,-1932,225,-53,-32,51,0,0,1,8,4,1100
199119841,994,2020,0,-1932,225,-52,-24,51,0,0,1,8,4,1100
199120936,1095,2020,0,-1932,314,-50,-16,51,0,0,1,8,4,1100
199121996,1060,2020,0,-1932,382,-49,-16,51,0,0,1,8,4,1100
199122874,878,2020,0,-1932,268,-48,-16,51,0,0,1,8,4,1100
199123874,1000,2020,0,-1932,253,-46,-16,51,0,0,1,8,4,1100
199124857,983,2020,0,-1932,242,-45,-16,51,0,0,1,8,4,1100
199125852,995,2020,0,-1932,242,-44,-16,51,0,0,1,8,4,1100
199126864,1012,2020,0,-1932,249,-43,-16,51,0,0,1,8,4,1100
199127853,989,2020,0,-1932,247,-42,-8,51,0,0,1,8,4,1100
199128880,1027,2020,0,-1932,258,-40,-8,51,0,0,1,8,4,1100
199129866,986,2020,0,-1932,250,-39,-8,51,0,0,1,8,4,1100
199130873,1007,2020,0,-1932,256,-38,-8,51,0,0,1,8,4,1100
199131910,1037,2020,0,-1932,293,-37,-8,51,0,0,1,8,4,1100
199132854,944,2020,0,-1932,236,-36,-8,51,0,0,1,8,4,1100
199133835,981,2020,0,-1932,228,-34,-8,51,0,0,1,8,4,1100
199134847,1012,2020,0,-1932,234,-33,-8,51,0,0,1,8,4,1100
199135836,989,2020,0,-1932,226,-32,-8,51,0,0,1,8,4,1100
199136832,996,2020,0,-1932,225,-31,-8,51,0,0,1,8,4,1100
199137845,1013,2020,0,-1932,226,-30,0,51,0,0,1,8,4,1100
199138854,1009,2020,0,-1932,232,-29,0,51,0,0,1,8,4,1100
199139837,983,2020,0,-1932,226,-28,0,51,0,0,1,8,4,1100
199140935,1098,2020,0,-1932,314,-27,0,51,0,0,1,8,4,1100
199142018,1083,2020,0,-1932,395,-26,0,51,0,0,1,8,4,1100
199142872,854,2020,0,-1932,264,-25,0,51,0,0,1,8,4,1100
199143868,996,2020,0,-1932,256,-24,0,51,0,0,1,8,4,1100
199144865,997,2020,0,-1932,246,-23,0,51,0,0,1,8,4,1100
199145851,986,2020,0,-1932,245,-22,0,51,0,0,1,8,4,1100
199146867,1016,2020,0,-1932,253,-21,0,51,0,0,1,8,4,1100
199147865,998,2020,0,-1932,244,-20,0,51,0,0,1,8,4,1100
199148882,1017,2020,0,-1932,263,-19,0,51,0,0,1,8,4,1100
199149862,980,2020,0,-1932,246,-19,0,51,0,0,1,8,4,1100
199150865,1003,2020,0,-1932,258,-18,0,51,0,0,1,8,4,1100
199151918,1053,2020,0,-1932,299,-17,0,51,0,0,1,8,4,1100
199152847,929,2020,0,-1932,232,-17,0,51,0,0,1,8,4,1100
199153833,986,2020,0,-1932,226,-16,0,51,0,0,1,8,4,1100
199154853,1020,2020,0,-1932,234,-15,0,51,0,0,1,8,4,1100
199155845,992,2020,0,-1932,226,-15,0,51,0,0,1,8,4,1100
199156847,1002,2020,0,-1932,226,-14,0,51,0,0,1,8,4,1100
199157832,985,2020,0,-1932,226,-14,0,51,0,0,1,8,4,1100
199158842,1010,2020,0,-1932,231,-13,0,51,0,0,1,8,4,1100
199159847,1005,2020,0,-1932,226,-13,0,51,0,0,1,8,4,1100
199160930,1083,2020,0,-1932,323,-12,0,51,0,0,1,8,4,1100
199161985,1055,2020,0,-1932,374,-11,0,51,0,0,1,8,4,1100
199162891,906,2020,0,-1932,276,-11,0,51,0,0,1,8,4,1100
199163866,975,2020,0,-1932,251,-11,0,51,0,0,1,8,4,1100
199164857,991,2020,0,-1932,250,-10,0,51,0,0,1,8,4,1100
199165854,997,2020,0,-1932,245,-10,0,51,0,0,1,8,4,1100
199166872,1018,2020,0,-1932,261,-9,0,51,0,0,1,8,4,1100
199167864,992,2020,0,-1932,244,-9,0,51,0,0,1,8,4,1100
199168886,1022,2020,0,-1932,265,-9,0,51,0,0,1,8,4,1100
199169857,971,2020,0,-1932,243,-8,0,51,0,0,1,8,4,1100
199170872,1015,2020,0,-1932,259,-8,0,51,0,0,1,8,4,1100
199171910,1038,2020,0,-1932,302,-8,0,51,0,0,1,8,4,1100
199172850,940,2020,0,-1932,232,-7,0,51,0,0,1,8,4,1100
199173836,986,2020,0,-1932,227,-7,0,51,0,0,1,8,4,1100
199174854,1018,2020,0,-1932,235,-7,0,51,0,0,1,8,4,1100
199175836,982,2020,0,-1932,228,-7,0,51,0,0,1,8,4,1100
199176838,1002,2020,0,-1932,226,-6,0,51,0,0,1,8,4,1100
199177841,1003,2020,0,-1932,226,-6,0,51,0,0,1,8,4,1100
199178840,999,2020,0,-1932,232,-6,0,51,0,0,1,8,4,1100
199179845,1005,2020,0,-1932,226,-6,0,51,0,0,1,8,4,1100
199180923,1078,2020,0,-1932,311,-5,0,51,0,0,1,8,4,1100
199181997,1074,2020,0,-1932,388,-5,0,51,0,0,1,8,4,1100
199182875,878,2020,0,-1932,267,-5,0,51,0,0,1,8,4,1100
199183871,996,2020,0,-1932,254,-5,0,51,0,0,1,8,4,1100
199184856,985,2020,0,-1932,248,-5,0,51,0,0,1,8,4,1100
199185871,1015,2020,0,-1932,249,-4,0,51,0,0,1,8,4,1100
199186867,996,2020,0,-1932,259,-4,0,51,0,0,1,8,4,1100
199187864,997,2020,0,-1932,251,-4,0,51,0,0,1,8,4,1100
199188878,1014,2020,0,-1932,259,-4,0,51,0,0,1,8,4,1100
199189857,979,2020,0,-1932,251,-4,0,51,0,0,1,8,4,1100
199190881,1024,2020,0,-1932,261,-4,0,51,0,0,1,8,4,1100
199191920,1039,2020,0,-1932,298,-3,0,51,0,0,1,8,4,1100
199192847,927,2020,0,-1932,234,-3,0,51,0,0,1,8,4,1100
199193847,1000,2020,0,-1932,225,-3,0,51,0,0,1,8,4,1100
199194846,999,2020,0,-1932,235,-3,0,51,0,0,1,8,4,1100
199195844,998,2020,0,-1932,228,-3,0,51,0,0,1,8,4,1100
199196847,1003,2020,0,-1932,226,-3,0,51,0,0,1,8,4,1100
199197832,985,2020,0,-1932,226,-3,0,51,0,0,1,8,4,1100
199198843,1011,2020,0,-1932,232,-3,0,51,0,0,1,8,4,1100
199199847,1004,2020,0,-1932,226,-3,0,51,0,0,1,8,4,1100
199200932,1085,2020,0,-1932,317,-2,0,51,0,0,1,8,4,1100
199201977,1045,2020,0,-1932,368,-2,0,51,0,0,1,8,4,1100
199202899,922,2020,0,-1932,277,-2,0,51,0,0,1,8,4,1100
199203864,965,2020,0,-1932,249,-2,0,51,0,0,1,8,4,1100
199204854,990,2020,0,-1932,248,-2,0,51,0,0,1,8,4,1100
199205859,1005,2020,0,-1932,242,-2,0,51,0,0,1,8,4,1100
199206878,1019,2020,0,-1932,258,-2,0,51,0,0,1,8,4,1100
199207852,974,2020,0,-1932,242,-2,0,51,0,0,1,8,4,1100
199208869,1017,2020,0,-1932,262,-2,0,51,0,0,1,8,4,1100
199209851,982,2020,0,-1932,245,-2,0,51,0,0,1,8,4,1100
199210878,1027,2020,0,-1932,260,-2,0,51,0,0,1,8,4,1100
199211916,1038,2020,0,-1932,300,-2,0,51,0,0,1,8,4,1100
199212846,930,2020,0,-1932,234,-2,0,51,0,0,1,8,4,1100
199213847,1001,2020,0,-1932,226,-1,0,51,0,0,1,8,4,1100
199214842,995,2020,0,-1932,233,-1,0,51,0,0,1,8,4,1100
199215840,998,2020,0,-1932,228,-1,0,51,0,0,1,8,4,1100
199216845,1005,2020,0,-1932,226,-1,0,51,0,0,1,8,4,1100
199217847,1002,2020,0,-1932,225,-1,0,51,0,0,1,8,4,1100
199218843,996,2020,0,-1932,232,-1,0,51,0,0,1,8,4,1100
199219847,1004,2020,0,-1932,226,-1,0,51,0,0,1,8,4,1100
199220920,1073,2020,0,-1932,313,-1,0,51,0,0,1,8,4,1100
199222012,1092,2020,0,-1932,388,-1,0,51,0,0,1,8,4,1100
199222880,868,2020,0,-1932,265,-1,0,51,0,0,1,8,4,1100
199223860,980,2020,0,-1932,252,-1,0,51,0,0,1,8,4,1100
199224856,996,2020,0,-1932,247,-1,0,51,0,0,1,8,4,1100
199225865,1009,2020,0,-1932,245,-1,0,51,0,0,1,8,4,1100
199226870,1005,2020,0,-1932,257,-1,0,51,0,0,1,8,4,1100
199227863,993,2020,0,-1932,244,-1,0,51,0,0,1,8,4,1100
199228874,1011,2020,0,-1932,261,-1,0,51,0,0,1,8,4,1100
199229864,990,2020,0,-1932,246,-1,0,51,0,0,1,8,4,1100
199230872,1008,2020,0,-1932,256,-1,0,51,0,0,1,8,4,1100
199231910,1038,2020,0,-1932,303,-1,0,51,0,0,1,8,4,1100
199232844,934,2020,0,-1932,229,-1,0,51,0,0,1,8,4,1100
199233841,997,2020,0,-1932,225,-1,0,51,0,0,1,8,4,1100
199234846,1005,2020,0,-1932,235,-1,0,51,0,0,1,8,4,1100
199235845,999,2020,0,-1932,228,-1,0,51,0,0,1,8,4,1100
199236847,1002,2020,0,-1932,226,-1,0,51,0,0,1,8,4,1100
199237832,985,2020,0,-1932,226,-1,0,51,0,0,1,8,4,1100
199238843,1011,2020,0,-1932,232,-1,0,51,0,0,1,8,4,1100
199239847,1004,2020,0,-1932,226,-1,0,51,0,0,1,8,4,1100
199240941,1094,2020,0,-1932,319,0,0,51,0,0,1,8,4,1100
199241986,1045,2020,0,-1932,378,0,0,51,0,0,1,8,4,1100
199242893,907,2020,0,-1932,276,0,0,51,0,0,1,8,4,1100
199243858,965,2020,0,-1932,252,0,0,51,0,0,1,8,4,1100
199244867,1009,2020,0,-1932,249,0,0,51,0,0,1,8,4,1100
199245863,996,2020,0,-1932,245,0,0,51,0,0,1,8,4,1100
199246880,1017,2020,0,-1932,259,0,0,51,0,0,1,8,4,1100
199247862,982,2020,0,-1932,245,0,0,51,0,0,1,8,4,1100
199248879,1017,2020,0,-1932,263,0,0,51,0,0,1,8,4,1100
199249854,975,2020,0,-1932,248,0,0,51,0,0,1,8,4,1100
199250875,1021,2020,0,-1932,262,0,0,51,0,0,1,8,4,1100
199251917,1042,2020,0,-1932,302,0,0,51,0,0,1,8,4,1100
199252839,922,2020,0,-1932,232,0,0,51,0,0,1,8,4,1100
199253839,1000,2020,0,-1932,226,0,0,51,0,0,1,8,4,1100
199254852,1013,2020,0,-1932,233,0,0,51,0,0,1,8,4,1100
199255834,982,2020,0,-1932,228,0,0,51,0,0,1,8,4,1100
199256836,1002,2020,0,-1932,226,0,0,51,0,0,1,8,4,1100
199257838,1002,2020,0,-1932,226,0,0,51,0,0,1,8,4,1100
199258848,1010,2020,0,-1932,232,0,0,51,0,0,1,8,4,1100
199259837,989,2020,0,-1932,226,0,0,51,0,0,1,8,4,1100
199260930,1093,2020,0,-1932,309,0,0,51,0,0,1,8,4,1100
199262005,1075,2020,0,-1932,385,0,0,51,0,0,1,8,4,1100
199262886,881,2020,0,-1932,267,0,0,51,0,0,1,8,4,1100
199263862,976,2020,0,-1932,251,0,0,51,0,0,1,8,4,1100
199264866,1004,2020,0,-1932,247,0,0,51,0,0,1,8,4,1100
199265857,991,2020,0,-1932,247,0,0,51,0,0,1,8,4,1100
199266874,1017,2020,0,-1932,254,0,0,51,0,0,1,8,4,1100
199267855,981,2020,0,-1932,248,0,0,51,0,0,1,8,4,1100
199268870,1015,2020,0,-1932,263,0,0,51,0,0,1,8,4,1100
199269859,989,2020,0,-1932,251,0,0,51,0,0,1,8,4,1100
199270880,1021,2020,0,-1932,260,0,0,51,0,0,1,8,4,1100
199271914,1034,2020,0,-1932,304,0,0,51,0,0,1,8,4,1100
199272852,938,2020,0,-1932,230,0,0,51,0,0,1,8,4,1100
199273837,985,2020,0,-1932,226,0,0,51,0,0,1,8,4,1100
199274852,1015,2020,0,-1932,233,0,0,51,0,0,1,8,4,1100
199275834,982,2020,0,-1932,228,0,0,51,0,0,1,8,4,1100
199276836,1002,2020,0,-1932,226,0,0,51,0,0,1,8,4,1100
199277838,1002,2020,0,-1932,226,0,0,51,0,0,1,8,4,1100
199278848,1010,2020,0,-1932,232,0,0,51,0,0,1,8,4,1100
199279837,989,2020,0,-1932,226,0,0,51,0,0,1,8,4,1100
199280933,1096,2020,0,-1932,318,0,0,51,0,0,1,8,4,1100
199281982,1049,2020,0,-1932,373,0,0,51,0,0,1,8,4,1100
199282897,915,2020,0,-1932,275,0,0,51,0,0,1,8,4,1100
199283870,973,2020,0,-1932,250,0,0,51,0,0,1,8,4,1100
199284868,998,2020,0,-1932,249,0,0,51,0,0,1,8,4,1100
199285851,983,2020,0,-1932,243,0,0,51,0,0,1,8,4,1100
199286878,1027,2020,0,-1932,259,0,0,51,0,0,1,8,4,1100
199287866,988,2020,0,-1932,246,0,0,51,0,0,1,8,4,1100
199288876,1010,2020,0,-1932,267,0,0,51,0,0,1,8,4,1100
199289864,988,2020,0,-1932,246,0,0,51,0,0,1,8,4,1100
199290877,1013,2020,0,-1932,260,0,0,51,0,0,1,8,4,1100
199291917,1040,2020,0,-1932,300,0,0,51,0,0,1,8,4,1100
199292840,923,2020,0,-1932,233,0,0,51,0,0,1,8,4,1100
199293840,1000,2020,0,-1932,226,0,0,51,0,0,1,8,4,1100
199294855,1015,2020,0,-1932,235,0,0,51,0,0,1,8,4,1100
199295837,982,2020,0,-1932,228,0,0,51,0,0,1,8,4,1100
199296839,1002,2020,0,-1932,226,0,0,51,0,0,1,8,4,1100
199297841,1002,2020,0,-1932,226,0,0,51,0,0,1,8,4,1100
199298840,999,2020,0,-1932,232,0,0,51,0,0,1,8,4,1100
199299845,1005,2020,0,-1932,226,0,0,51,0,0,1,8,4,1100
199300921,1076,2020,0,-1932,311,0,0,51,0,0,1,8,4,1100
199301994,1073,2020,0,-1932,384,0,0,51,0,0,1,8,4,1100
199302881,887,2020,0,-1932,269,0,0,51,0,0,1,8,4,1100
199303869,988,2020,0,-1932,254,0,0,51,0,0,1,8,4,1100
199304858,989,2020,0,-1932,249,0,0,51,0,0,1,8,4,1100
199305868,1010,2020,0,-1932,249,0,0,51,0,0,1,8,4,1100
199306868,1000,2020,0,-1932,259,0,0,51,0,0,1,8,4,1100
199307861,993,2020,0,-1932,251,0,0,51,0,0,1,8,4,1100
199308869,1008,2020,0,-1932,262,0,0,51,0,0,1,8,4,1100
199309866,997,2020,0,-1932,251,0,0,51,0,0,1,8,4,1100
199310865,999,2020,0,-1932,259,0,0,51,0,0,1,8,4,1100
199311920,1055,2020,0,-1932,301,0,0,51,0,0,1,8,4,1100
199312847,927,2020,0,-1932,232,0,0,51,0,0,1,8,4,1100
199313847,1000,2020,0,-1932,226,0,0,51,0,0,1,8,4,1100
199314847,1000,2020,0,-1932,235,0,0,51,0,0,1,8,4,1100
199315847,1000,2020,0,-1932,228,0,0,51,0,0,1,8,4,1100
199316832,985,2020,0,-1932,225,0,0,51,0,0,1,8,4,1100
199317834,1002,2020,0,-1932,225,0,0,51,0,0,1,8,4,1100
199318843,1009,2020,0,-1932,232,0,0,51,0,0,1,8,4,1100
199319847,1004,2020,0,-1932,226,0,0,51,0,0,1,8,4,1100
199320927,1080,2020,0,-1932,318,0,0,51,0,0,1,8,4,1100
199321994,1067,2020,0,-1932,379,0,0,51,0,0,1,8,4,1100
199322883,889,2020,0,-1932,274,0,0,51,0,0,1,8,4,1100
199323861,978,2020,0,-1932,251,0,0,51,0,0,1,8,4,1100
199324865,1004,2020,0,-1932,248,0,0,51,0,0,1,8,4,1100
199325859,994,2020,0,-1932,243,0,0,51,0,0,1,8,4,1100
199326870,1011,2020,0,-1932,257,0,0,51,0,0,1,8,4,1100
199327866,996,2020,0,-1932,245,0,0,51,0,0,1,8,4,1100
199328878,1012,2020,0,-1932,258,0,0,51,0,0,1,8,4,1100
199329863,985,2020,0,-1932,247,0,0,51,0,0,1,8,4,1100
199330873,1010,2020,0,-1932,257,0,0,51,0,0,1,8,4,1100
199331916,1043,2020,0,-1932,303,0,0,51,0,0,1,8,4,1100
199332852,936,2020,0,-1932,232,0,0,51,0,0,1,8,4,1100
199333836,984,2020,0,-1932,225,0,0,51,0,0,1,8,4,1100
199334853,1017,2020,0,-1932,234,0,0,51,0,0,1,8,4,1100
199335835,982,2020,0,-1932,228,0,0,51,0,0,1,8,4,1100
199336837,1002,2020,0,-1932,226,0,0,51,0,0,1,8,4,1100
199337839,1002,2020,0,-1932,226,0,0,51,0,0,1,8,4,1100
199338849,1010,2020,0,-1932,232,0,0,51,0,0,1,8,4,1100
199339837,988,2020,0,-1932,226,0,0,51,0,0,1,8,4,1100
199340927,1090,2020,0,-1932,309,0,0,51,0,0,1,8,4,1100
199342002,1075,2020,0,-1932,387,0,0,51,0,0,1,8,4,1100
199342884,882,2020,0,-1932,266,0,0,51,0,0,1,8,4,1100
199343865,981,2020,0,-1932,254,0,0,51,0,0,1,8,4,1100
199344854,989,2020,0,-1932,247,0,0,51,0,0,1,8,4,1100
199345856,1002,2020,0,-1932,246,0,0,51,0,0,1,8,4,1100
199346879,1023,2020,0,-1932,258,0,0,51,0,0,1,8,4,1100
199347856,977,2020,0,-1932,248,0,0,51,0,0,1,8,4,1100
199348868,1012,2020,0,-1932,259,0,0,51,0,0,1,8,4,1100
199349872,1004,2020,0,-1932,254,0,0,51,0,0,1,8,4,1100
199350867,995,2020,0,-1932,255,0,0,51,0,0,1,8,4,1100
199351916,1049,2020,0,-1932,302,0,0,51,0,0,1,8,4,1100
199352840,924,2020,0,-1932,231,0,0,51,0,0,1,8,4,1100
199353840,1000,2020,0,-1932,226,0,0,51,0,0,1,8,4,1100
199354856,1016,2020,0,-1932,235,0,0,51,0,0,1,8,4,1100
199355839,983,2020,0,-1932,228,0,0,51,0,0,1,8,4,1100
199356841,1002,2020,0,-1932,226,0,0,51,0,0,1,8,4,1100
199357845,1004,2020,0,-1932,226,0,0,51,0,0,1,8,4,1100
199358843,998,2020,0,-1932,232,0,0,51,0,0,1,8,4,1100
199359847,1004,2020,0,-1932,226,0,0,51,0,0,1,8,4,1100
199360943,1096,2020,0,-1932,320,0,0,51,0,0,1,8,4,1100
199362006,1063,2020,0,-1932,382,0,0,51,0,0,1,8,4,1100
199362886,880,2020,0,-1932,272,0,0,51,0,0,1,8,4,1100
199363867,981,2020,0,-1932,255,0,0,51,0,0,1,8,4,1100
199364869,1002,2020,0,-1932,248,0,0,51,0,0,1,8,4,1100
199365866,997,2020,0,-1932,248,0,0,51,0,0,1,8,4,1100
199366878,1012,2020,0,-1932,259,0,0,51,0,0,1,8,4,1100
199367857,979,2020,0,-1932,245,0,0,51,0,0,1,8,4,1100
199368885,1028,2020,0,-1932,264,0,0,51,0,0,1,8,4,1100
199369868,983,2020,0,-1932,246,0,0,51,0,0,1,8,4,1100
199370870,1002,2020,0,-1932,261,0,0,51,0,0,1,8,4,1100
199371909,1039,2020,0,-1932,300,0,0,51,0,0,1,8,4,1100
199372847,938,2020,0,-1932,232,0,0,51,0,0,1,8,4,1100
199373833,986,2020,0,-1932,226,0,0,51,0,0,1,8,4,1100
199374849,1016,2020,0,-1932,233,0,0,51,0,0,1,8,4,1100
199375848,999,2020,0,-1932,228,0,0,51,0,0,1,8,4,1100
199376833,985,2020,0,-1932,226,0,0,51,0,0,1,8,4,1100
199377835,1002,2020,0,-1932,226,0,0,51,0,0,1,8,4,1100
199378844,1009,2020,0,-1932,232,0,0,51,0,0,1,8,4,1100
199379847,1003,2020,0,-1932,226,0,0,51,0,0,1,8,4,1100
199380927,1080,2020,0,-1932,312,0,0,51,0,0,1,8,4,1100
199382009,1082,2020,0,-1932,389,0,0,51,0,0,1,8,4,1100
199382874,865,2020,0,-1932,266,0,0,51,0,0,1,8,4,1100
199383860,986,2020,0,-1932,251,0,0,51,0,0,1,8,4,1100
199384867,1007,2020,0,-1932,247,0,0,51,0,0,1,8,4,1100
199385866,999,2020,0,-1932,246,0,0,51,0,0,1,8,4,1100
199386865,999,2020,0,-1932,257,0,0,51,0,0,1,8,4,1100
199387867,1002,2020,0,-1932,249,0,0,51,0,0,1,8,4,1100
199388868,1001,2020,0,-1932,261,0,0,51,0,0,1,8,4,1100
199389860,992,2020,0,-1932,248,0,0,51,0,0,1,8,4,1100
199390869,1009,2020,0,-1932,259,0,0,51,0,0,1,8,4,1100
199391923,1054,2020,0,-1932,301,0,0,51,0,0,1,8,4,1100
199392846,923,2020,0,-1932,232,0,0,51,0,0,1,8,4,1100
199393846,1000,2020,0,-1932,225,0,0,51,0,0,1,8,4,1100
199394843,997,2020,0,-1932,233,0,0,51,0,0,1,8,4,1100
199395843,1000,2020,0,-1932,228,0,0,51,0,0,1,8,4,1100
199396847,1004,2020,0,-1932,226,0,0,51,0,0,1,8,4,1100
199397832,985,2020,0,-1932,226,0,0,51,0,0,1,8,4,1100
199398843,1011,2020,0,-1932,232,0,0,51,0,0,1,8,4,1100
199399847,1004,2020,0,-1932,226,0,0,51,0,0,1,8,4,1100
199400926,1079,2020,0,-1932,317,0,0,51,0,0,1,8,4,1100
199401996,1070,2020,0,-1932,381,0,0,51,0,0,1,8,4,1100
199402883,887,2020,0,-1932,270,0,0,51,0,0,1,8,4,1100
199403862,979,2020,0,-1932,253,0,0,51,0,0,1,8,4,1100
199404866,1004,2020,0,-1932,247,0,0,51,0,0,1,8,4,1100
199405865,999,2020,0,-1932,246,0,0,51,0,0,1,8,4,1100
199406865,1000,2020,0,-1932,258,0,0,51,0,0,1,8,4,1100
199407866,1001,2020,0,-1932,248,0,0,51,0,0,1,8,4,1100
199408867,1001,2020,0,-1932,260,0,0,51,0,0,1,8,4,1100
199409859,992,2020,0,-1932,250,0,0,51,0,0,1,8,4,1100
199410881,1022,2020,0,-1932,259,0,0,51,0,0,1,8,4,1100
199411912,1031,2020,0,-1932,300,0,0,51,0,0,1,8,4,1100
199412851,939,2020,0,-1932,232,0,0,51,0,0,1,8,4,1100
199413837,986,2020,0,-1932,228,0,0,51,0,0,1,8,4,1100
199414852,1015,2020,0,-1932,233,0,0,51,0,0,1,8,4,1100
199415834,982,2020,0,-1932,228,0,0,51,0,0,1,8,4,1100
199416836,1002,2020,0,-1932,225,0,0,51,0,0,1,8,4,1100
199417838,1002,2020,0,-1932,225,0,0,51,0,0,1,8,4,1100
199418849,1011,2020,0,-1932,232,0,0,51,0,0,1,8,4,1100
199419837,988,2020,0,-1932,226,0,0,51,0,0,1,8,4,1100
199420929,1092,2020,0,-1932,312,0,0,51,0,0,1,8,4,1100
199421999,1070,2020,0,-1932,387,0,0,51,0,0,1,8,4,1100
199422875,876,2020,0,-1932,266,0,0,51,0,0,1,8,4,1100
199423865,990,2020,0,-1932,252,0,0,51,0,0,1,8,4,1100
199424865,1000,2020,0,-1932,247,0,0,51,0,0,1,8,4,1100
199425853,988,2020,0,-1932,246,0,0,51,0,0,1,8,4,1100
199426870,1017,2020,0,-1932,257,0,0,51,0,0,1,8,4,1100
199427862,992,2020,0,-1932,248,0,0,51,0,0,1,8,4,1100
199428877,1015,2020,0,-1932,260,0,0,51,0,0,1,8,4,1100
199429864,987,2020,0,-1932,250,0,0,51,0,0,1,8,4,1100
199430868,1004,2020,0,-1932,257,0,0,51,0,0,1,8,4,1100
199431914,1046,2020,0,-1932,302,0,0,51,0,0,1,8,4,1100
199432854,940,2020,0,-1932,232,0,0,51,0,0,1,8,4,1100
199433840,986,2020,0,-1932,226,0,0,51,0,0,1,8,4,1100
199434856,1016,2020,0,-1932,236,0,0,51,0,0,1,8,4,1100
199435839,983,2020,0,-1932,228,0,0,51,0,0,1,8,4,1100
199436841,1002,2020,0,-1932,226,0,0,51,0,0,1,8,4,1100
199437845,1004,2020,0,-1932,226,0,0,51,0,0,1,8,4,1100
199438843,998,2020,0,-1932,232,0,0,51,0,0,1,8,4,1100
199439847,1004,2020,0,-1932,226,0,0,51,0,0,1,8,4,1100
199440921,1074,2020,0,-1932,314,0,0,51,0,0,1,8,4,1100
199441990,1069,2020,0,-1932,377,0,0,51,0,0,1,8,4,1100
199442888,898,2020,0,-1932,274,0,0,51,0,0,1,8,4,1100
199443862,974,2020,0,-1932,251,0,0,51,0,0,1,8,4,1100
199444863,1001,2020,0,-1932,247,0,0,51,0,0,1,8,4,1100
199445865,1002,2020,0,-1932,244,0,0,51,0,0,1,8,4,1100
199446863,998,2020,0,-1932,257,0,0,51,0,0,1,8,4,1100
199447859,996,2020,0,-1932,248,0,0,51,0,0,1,8,4,1100
199448873,1014,2020,0,-1932,258,0,0,51,0,0,1,8,4,1100
199449867,994,2020,0,-1932,246,0,0,51,0,0,1,8,4,1100
199450865,998,2020,0,-1932,256,0,0,51,0,0,1,8,4,1100
199451917,1052,2020,0,-1932,304,0,0,51,0,0,1,8,4,1100
199452853,936,2020,0,-1932,233,0,0,51,0,0,1,8,4,1100
199453838,985,2020,0,-1932,225,0,0,51,0,0,1,8,4,1100
199454853,1015,2020,0,-1932,233,0,0,51,0,0,1,8,4,1100
199455835,982,2020,0,-1932,228,0,0,51,0,0,1,8,4,1100
199456837,1002,2020,0,-1932,226,0,0,51,0,0,1,8,4,1100
199457838,1001,2020,0,-1932,225,0,0,51,0,0,1,8,4,1100
199458849,1011,2020,0,-1932,232,0,0,51,0,0,1,8,4,1100
199459837,988,2020,0,-1932,226,0,0,51,0,0,1,8,4,1100
199460935,1098,2020,0,-1932,312,0,0,51,0,0,1,8,4,1100
199461991,1056,2020,0,-1932,382,0,0,51,0,0,1,8,4,1100
199462876,885,2020,0,-1932,269,0,0,51,0,0,1,8,4,1100
199463860,984,2020,0,-1932,250,0,0,51,0,0,1,8,4,1100
199464864,1004,2020,0,-1932,248,0,0,51,0,0,1,8,4,1100
199465860,996,2020,0,-1932,244,0,0,51,0,0,1,8,4,1100
199466871,1011,2020,0,-1932,257,0,0,51,0,0,1,8,4,1100
199467852,981,2020,0,-1932,246,0,0,51,0,0,1,8,4,1100
199468870,1018,2020,0,-1932,261,0,0,51,0,0,1,8,4,1100
199469853,983,2020,0,-1932,246,0,0,51,0,0,1,8,4,1100
199470876,1023,2020,0,-1932,259,0,0,51,0,0,1,8,4,1100
199471913,1037,2020,0,-1932,303,0,0,51,0,0,1,8,4,1100
199472838,925,2020,0,-1932,231,0,0,51,0,0,1,8,4,1100
199473836,998,2020,0,-1932,226,0,0,51,0,0,1,8,4,1100
199474852,1016,2020,0,-1932,233,0,0,51,0,0,1,8,4,1100
199475850,998,2020,0,-1932,228,0,0,51,0,0,1,8,4,1100
199476835,985,2020,0,-1932,226,0,0,51,0,0,1,8,4,1100
199477836,1001,2020,0,-1932,225,0,0,51,0,0,1,8,4,1100
199478845,1009,2020,0,-1932,232,0,0,51,0,0,1,8,4,1100
199479832,987,2020,0,-1932,226,0,0,51,0,0,1,8,4,1100
199480927,1095,2020,0,-1932,317,0,0,51,0,0,1,8,4,1100
199482001,1074,2020,0,-1932,382,0,0,51,0,0,1,8,4,1100
199482885,884,2020,0,-1932,272,0,0,51,0,0,1,8,4,1100
199483860,975,2020,0,-1932,254,0,0,51,0,0,1,8,4,1100
199484862,1002,2020,0,-1932,249,0,0,51,0,0,1,8,4,1100
199485871,1009,2020,0,-1932,250,0,0,51,0,0,1,8,4,1100
199486868,997,2020,0,-1932,256,0,0,51,0,0,1,8,4,1100
199487864,996,2020,0,-1932,251,0,0,51,0,0,1,8,4,1100
199488880,1016,2020,0,-1932,259,0,0,51,0,0,1,8,4,1100
199489863,983,2020,0,-1932,253,0,0,51,0,0,1,8,4,1100
199490876,1013,2020,0,-1932,261,0,0,51,0,0,1,8,4,1100
199491920,1044,2020,0,-1932,303,0,0,51,0,0,1,8,4,1100
199492839,919,2020,0,-1932,232,0,0,51,0,0,1,8,4,1100
199493842,1003,2020,0,-1932,226,0,0,51,0,0,1,8,4,1100
199494855,1013,2020,0,-1932,233,0,0,51,0,0,1,8,4,1100
199495837,982,2020,0,-1932,228,0,0,51,0,0,1,8,4,1100
199496839,1002,2020,0,-1932,226,0,0,51,0,0,1,8,4,1100
199497841,1002,2020,0,-1932,226,0,0,51,0,0,1,8,4,1100
199498840,999,2020,0,-1932,232,0,0,51,0,0,1,8,4,1100
199499845,1005,2020,0,-1932,226,0,0,51,0,0,1,8,4,1100
199500934,1089,2020,0,-1932,312,0,0,51,0,0,1,8,4,1100
199502003,1069,2020,0,-1932,390,0,0,51,0,0,1,8,4,1100
199502882,879,2020,0,-1932,266,0,0,51,0,0,1,8,4,1100
199503871,989,2020,0,-1932,253,0,0,51,0,0,1,8,4,1100
199504852,981,2020,0,-1932,244,0,0,51,0,0,1,8,4,1100
199505852,1000,2020,0,-1932,246,0,0,51,0,0,1,8,4,1100
199506869,1017,2020,0,-1932,258,0,0,51,0,0,1,8,4,1100
199507865,996,2020,0,-1932,248,0,0,51,0,0,1,8,4,1100
199508880,1015,2020,0,-1932,260,0,0,51,0,0,1,8,4,1100
199509862,982,2020,0,-1932,253,0,0,51,0,0,1,8,4,1100
199510875,1013,2020,0,-1932,259,0,0,51,0,0,1,8,4,1100
199511922,1047,2020,0,-1932,300,0,0,51,0,0,1,8,4,1100
199512845,923,2020,0,-1932,232,0,0,51,0,0,1,8,4,1100
199513845,1000,2020,0,-1932,226,0,0,51,0,0,1,8,4,1100
199514845,1000,2020,0,-1932,235,0,0,51,0,0,1,8,4,1100
199515844,999,2020,0,-1932,228,0,0,51,0,0,1,8,4,1100
199516847,1003,2020,0,-1932,226,0,0,51,0,0,1,8,4,1100
199517832,985,2020,0,-1932,226,0,0,51,0,0,1,8,4,1100
199518843,1011,2020,0,-1932,232,0,0,51,0,0,1,8,4,1100
199519847,1004,2020,0,-1932,226,0,0,51,0,0,1,8,4,1100
199520924,1077,2020,0,-1932,317,0,0,51,0,0,1,8,4,1100
199521991,1067,2020,0,-1932,375,0,0,51,0,0,1,8,4,1100
199522881,890,2020,0,-1932,273,0,0,51,0,0,1,8,4,1100
199523864,983,2020,0,-1932,250,0,0,51,0,0,1,8,4,1100
199524867,1003,2020,0,-1932,247,0,0,51,0,0,1,8,4,1100
199525861,994,2020,0,-1932,244,0,0,51,0,0,1,8,4,1100
199526877,1016,2020,0,-1932,257,0,0,51,0,0,1,8,4,1100
199527849,972,2020,0,-1932,243,0,0,51,0,0,1,8,4,1100
199528867,1018,2020,0,-1932,260,0,0,51,0,0,1,8,4,1100
199529866,999,2020,0,-1932,247,0,0,51,0,0,1,8,4,1100
199530860,994,2020,0,-1932,254,0,0,51,0,0,1,8,4,1100
199531921,1061,2020,0,-1932,303,0,0,51,0,0,1,8,4,1100
199532851,930,2020,0,-1932,233,0,0,51,0,0,1,8,4,1100
199533835,984,2020,0,-1932,226,0,0,51,0,0,1,8,4,1100
199534854,1019,2020,0,-1932,236,0,0,51,0,0,1,8,4,1100
199535847,993,2020,0,-1932,228,0,0,51,0,0,1,8,4,1100
199536833,986,2020,0,-1932,226,0,0,51,0,0,1,8,4,1100
199537834,1001,2020,0,-1932,225,0,0,51,0,0,1,8,4,1100
199538843,1009,2020,0,-1932,232,0,0,51,0,0,1,8,4,1100
199539847,1004,2020,0,-1932,226,0,0,51,0,0,1,8,4,1100
199540931,1084,2020,0,-1932,311,0,0,51,0,0,1,8,4,1100
199541986,1055,2020,0,-1932,377,0,0,51,0,0,1,8,4,1100
199542890,904,2020,0,-1932,271,0,0,51,0,0,1,8,4,1100
199543863,973,2020,0,-1932,250,0,0,51,0,0,1,8,4,1100
199544864,1001,2020,0,-1932,248,0,0,51,0,0,1,8,4,1100
199545863,999,2020,0,-1932,243,0,0,51,0,0,1,8,4,1100
199546876,1013,2020,0,-1932,258,0,0,51,0,0,1,8,4,1100
199547854,978,2020,0,-1932,243,0,0,51,0,0,1,8,4,1100
199548867,1013,2020,0,-1932,258,0,0,51,0,0,1,8,4,1100
199549860,993,2020,0,-1932,248,0,0,51,0,0,1,8,4,1100
199550876,1016,2020,0,-1932,260,0,0,51,0,0,1,8,4,1100
199551910,1034,2020,0,-1932,300,0,0,51,0,0,1,8,4,1100
199552851,941,2020,0,-1932,232,0,0,51,0,0,1,8,4,1100
199553836,985,2020,0,-1932,227,0,0,51,0,0,1,8,4,1100
199554852,1016,2020,0,-1932,233,0,0,51,0,0,1,8,4,1100
199555834,982,2020,0,-1932,228,0,0,51,0,0,1,8,4,1100
199556836,1002,2020,0,-1932,226,0,0,51,0,0,1,8,4,1100
199557838,1002,2020,0,-1932,226,0,0,51,0,0,1,8,4,1100
199558848,1010,2020,0,-1932,232,0,0,51,0,0,1,8,4,1100
199559835,987,2020,0,-1932,226,0,0,51,0,0,1,8,4,1100
199560931,1096,2020,0,-1932,316,0,0,51,0,0,1,8,4,1100
199562002,1071,2020,0,-1932,381,0,0,51,0,0,1,8,4,1100
199562886,884,2020,0,-1932,271,0,0,51,0,0,1,8,4,1100
199563863,977,2020,0,-1932,252,0,0,51,0,0,1,8,4,1100
199564861,998,2020,0,-1932,247,0,0,51,0,0,1,8,4,1100
199565867,1006,2020,0,-1932,247,0,0,51,0,0,1,8,4,1100
199566875,1008,2020,0,-1932,257,0,0,51,0,0,1,8,4,1100
199567850,975,2020,0,-1932,244,0,0,51,0,0,1,8,4,1100
199568871,1021,2020,0,-1932,264,0,0,51,0,0,1,8,4,1100
199569865,994,2020,0,-1932,246,0,0,51,0,0,1,8,4,1100
199570883,1018,2020,0,-1932,262,0,0,51,0,0,1,8,4,1100
199571916,1033,2020,0,-1932,303,0,0,51,0,0,1,8,4,1100
199572854,938,2020,0,-1932,232,0,0,51,0,0,1,8,4,1100
199573839,985,2020,0,-1932,226,0,0,51,0,0,1,8,4,1100
199574852,1013,2020,0,-1932,233,0,0,51,0,0,1,8,4,1100
199575834,982,2020,0,-1932,228,0,0,51,0,0,1,8,4,1100
199576836,1002,2020,0,-1932,226,0,0,51,0,0,1,8,4,1100
199577838,1002,2020,0,-1932,226,0,0,51,0,0,1,8,4,1100
199578848,1010,2020,0,-1932,232,0,0,51,0,0,1,8,4,1100
199579835,987,2020,0,-1932,226,0,0,51,0,0,1,8,4,1100
199580932,1097,2020,0,-1932,312,0,0,51,0,0,1,8,4,1100
199582011,1079,2020,0,-1932,391,0,0,51,0,0,1,8,4,1100
199582888,877,2020,0,-1932,266,0,0,51,0,0,1,8,4,1100
199583859,971,2020,0,-1932,253,0,0,51,0,0,1,8,4,1100
199584860,1001,2020,0,-1932,247,0,0,51,0,0,1,8,4,1100
199585862,1002,2020,0,-1932,243,0,0,51,0,0,1,8,4,1100
199586873,1011,2020,0,-1932,260,0,0,51,0,0,1,8,4,1100
199587852,979,2020,0,-1932,246,0,0,51,0,0,1,8,4,1100
199588882,1030,2020,0,-1932,262,0,0,51,0,0,1,8,4,1100
199589865,983,2020,0,-1932,249,0,0,51,0,0,1,8,4,1100
199590878,1013,2020,0,-1932,259,0,0,51,0,0,1,8,4,1100
199591916,1038,2020,0,-1932,304,0,0,51,0,0,1,8,4,1100
199592852,936,2020,0,-1932,230,0,0,51,0,0,1,8,4,1100
199593833,981,2020,0,-1932,226,0,0,51,0,0,1,8,4,1100
199594854,1021,2020,0,-1932,235,0,0,51,0,0,1,8,4,1100
199595838,984,2020,0,-1932,228,0,0,51,0,0,1,8,4,1100
199596839,1001,2020,0,-1932,226,0,0,51,0,0,1,8,4,1100
199597841,1002,2020,0,-1932,226,0,0,51,0,0,1,8,4,1100
199598840,999,2020,0,-1932,232,0,0,51,0,0,1,8,4,1100
199599845,1005,2020,0,-1932,226,0,0,51,0,0,1,8,4,1100
199600929,1084,2020,0,-1932,318,0,0,51,0,0,1,8,4,1100
199601992,1063,2020,0,-1932,375,0,0,51,0,0,1,8,4,1100
199602882,890,2020,0,-1932,274,0,0,51,0,0,1,8,4,1100
199603869,987,2020,0,-1932,253,0,0,51,0,0,1,8,4,1100
199604858,989,2020,0,-1932,249,0,0,51,0,0,1,8,4,1100
199605856,998,2020,0,-1932,246,0,0,51,0,0,1,8,4,1100
199606872,1016,2020,0,-1932,258,0,0,51,0,0,1,8,4,1100
199607856,984,2020,0,-1932,249,0,0,51,0,0,1,8,4,1100
199608880,1024,2020,0,-1932,262,0,0,51,0,0,1,8,4,1100
199609858,978,2020,0,-1932,249,0,0,51,0,0,1,8,4,1100
199610865,1007,2020,0,-1932,259,0,0,51,0,0,1,8,4,1100
199611920,1055,2020,0,-1932,301,0,0,51,0,0,1,8,4,1100
199612841,921,2020,0,-1932,232,0,0,51,0,0,1,8,4,1100
199613842,1001,2020,0,-1932,228,0,0,51,0,0,1,8,4,1100
199614842,1000,2020,0,-1932,235,0,0,51,0,0,1,8,4,1100
199615842,1000,2020,0,-1932,228,0,0,51,0,0,1,8,4,1100
199616845,1003,2020,0,-1932,226,0,0,51,0,0,1,8,4,1100
199617847,1002,2020,0,-1932,226,0,0,51,0,0,1,8,4,1100
199618843,996,2020,0,-1932,232,0,0,51,0,0,1,8,4,1100
199619847,1004,2020,0,-1932,226,0,0,51,0,0,1,8,4,1100
199620922,1075,2020,0,-1932,309,0,0,51,0,0,1,8,4,1100
199621992,1070,2020,0,-1932,384,0,0,51,0,0,1,8,4,1100
199622890,898,2020,0,-1932,270,0,0,51,0,0,1,8,4,1100
199623871,981,2020,0,-1932,250,0,0,51,0,0,1,8,4,1100
199624862,991,2020,0,-1932,248,0,0,51,0,0,1,8,4,1100
199625860,998,2020,0,-1932,243,0,0,51,0,0,1,8,4,1100
199626878,1018,2020,0,-1932,258,0,0,51,0,0,1,8,4,1100
199627859,981,2020,0,-1932,242,0,0,51,0,0,1,8,4,1100
199628879,1020,2020,0,-1932,261,0,0,51,0,0,1,8,4,1100
199629864,985,2020,0,-1932,245,0,0,51,0,0,1,8,4,1100
199630879,1015,2020,0,-1932,260,0,0,51,0,0,1,8,4,1100
199631910,1031,2020,0,-1932,301,0,0,51,0,0,1,8,4,1100
199632853,943,2020,0,-1932,232,0,0,51,0,0,1,8,4,1100
199633833,980,2020,0,-1932,226,0,0,51,0,0,1,8,4,1100
199634849,1016,2020,0,-1932,233,0,0,51,0,0,1,8,4,1100
199635847,998,2020,0,-1932,228,0,0,51,0,0,1,8,4,1100
199636833,986,2020,0,-1932,226,0,0,51,0,0,1,8,4,1100
199637835,1002,2020,0,-1932,226,0,0,51,0,0,1,8,4,1100
199638844,1009,2020,0,-1932,232,0,0,51,0,0,1,8,4,1100
199639847,1003,2020,0,-1932,226,0,0,51,0,0,1,8,4,1100
199640920,1073,2020,0,-1932,314,0,0,51,0,0,1,8,4,1100
199641982,1062,2020,0,-1932,371,0,0,51,0,0,1,8,4,1100
199642890,908,2020,0,-1932,274,0,0,51,0,0,1,8,4,1100
199643861,971,2020,0,-1932,249,0,0,51,0,0,1,8,4,1100
199644864,1003,2020,0,-1932,249,0,0,51,0,0,1,8,4,1100
199645863,999,2020,0,-1932,243,0,0,51,0,0,1,8,4,1100
199646873,1010,2020,0,-1932,258,0,0,51,0,0,1,8,4,1100
199647856,983,2020,0,-1932,246,0,0,51,0,0,1,8,4,1100
199671945,24089,2020,0,-1932,350,0,0,51,0,0,72,9,5,550
199672809,864,2020,0,-1932,213,0,0,51,0,0,1,9,5,550
199673811,1002,2020,0,-1932,213,0,0,51,0,0,1,9,5,550
199674816,1005,2020,0,-1932,223,0,0,51,0,0,1,9,5,550
199675816,1000,2020,0,-1932,213,0,0,51,0,0,1,9,5,550
199676815,999,2020,0,-1932,213,0,0,51,0,0,1,9,5,550
199677812,997,2020,0,-1932,213,0,0,51,0,0,1,9,5,550
199678826,1014,2020,0,-1932,223,0,0,51,0,0,1,9,5,550
199679810,984,2020,0,-1932,213,0,0,51,0,0,1,9,5,550
199680909,1099,2020,0,-1932,306,0,0,51,0,0,1,9,5,550
199681997,1088,2020,0,-1932,383,0,0,51,0,0,1,9,5,550
199682861,864,2020,0,-1932,270,0,0,51,0,0,1,9,5,550
199683842,981,2020,0,-1932,241,0,0,51,0,0,1,9,5,550
199684840,998,2020,0,-1932,248,0,0,51,0,0,1,9,5,550
199685826,986,2020,0,-1932,232,0,0,51,0,0,1,9,5,550
199686845,1019,2020,0,-1932,251,0,0,51,0,0,1,9,5,550
199687846,1001,2020,0,-1932,246,0,0,51,0,0,1,9,5,550
199688841,995,2020,0,-1932,241,0,0,51,0,0,1,9,5,550
199689833,992,2020,0,-1932,241,0,0,51,0,0,1,9,5,550
199690846,1013,2020,0,-1932,245,0,0,51,0,0,1,9,5,550
199691904,1058,2020,0,-1932,301,0,0,51,0,0,1,9,5,550
199692817,913,2020,0,-1932,224,0,0,51,0,0,1,9,5,550
199693816,999,2020,0,-1932,217,0,0,51,0,0,1,9,5,550
199694836,1020,2020,0,-1932,239,0,0,51,0,0,1,9,5,550
199695817,981,2020,0,-1932,216,0,0,51,0,0,1,9,5,550
199696827,1010,2020,0,-1932,226,0,0,51,0,0,1,9,5,550
199697815,988,2020,0,-1932,217,0,0,51,0,0,1,9,5,550
199698838,1023,2020,0,-1932,233,0,0,51,0,0,1,9,5,550
199699816,978,2020,0,-1932,217,0,0,51,0,0,1,9,5,550
199700907,1091,2020,0,-1932,313,0,0,51,0,0,1,9,5,550
199701992,1085,2020,0,-1932,378,0,0,51,0,0,1,9,5,550
199702879,887,2020,0,-1932,273,0,0,51,0,0,1,9,5,550
199703863,984,2020,0,-1932,260,0,0,51,0,0,1,9,5,550
199704844,981,2020,0,-1932,248,0,0,51,0,0,1,9,5,550
199705846,1002,2020,0,-1932,255,0,0,51,0,0,1,9,5,550
199706846,1000,2020,0,-1932,250,0,0,51,0,0,1,9,5,550
199707856,1010,2020,0,-1932,262,0,0,51,0,0,1,9,5,550
199708842,986,2020,0,-1932,246,0,0,51,0,0,1,9,5,550
199709856,1014,2020,0,-1932,257,0,0,51,0,0,1,9,5,550
199710843,987,2020,0,-1932,252,0,0,51,0,0,1,9,5,550
199711903,1060,2020,0,-1932,305,0,0,51,0,0,1,9,5,550
199712824,921,2020,0,-1932,232,0,0,51,0,0,1,9,5,550
199713818,994,2020,0,-1932,226,0,0,51,0,0,1,9,5,550
199714834,1016,2020,0,-1932,236,0,0,51,0,0,1,9,5,550
199715831,997,2020,0,-1932,226,0,0,51,0,0,1,9,5,550
199716815,984,2020,0,-1932,226,0,0,51,0,0,1,9,5,550
199717816,1001,2020,0,-1932,226,0,0,51,0,0,1,9,5,550
199718826,1010,2020,0,-1932,233,0,0,51,0,0,1,9,5,550
199719817,991,2020,0,-1932,225,0,0,51,0,0,1,9,5,550
199720908,1091,2020,0,-1932,313,0,0,51,0,0,1,9,5,550
199721981,1073,2020,0,-1932,369,0,0,51,0,0,1,9,5,550
199722882,901,2020,0,-1932,278,0,0,51,0,0,1,9,5,550
199723857,975,2020,0,-1932,256,0,0,51,0,0,1,9,5,550
199724853,996,2020,0,-1932,248,0,0,51,0,0,1,9,5,550
199725845,992,2020,0,-1932,253,0,0,51,0,0,1,9,5,550
199726858,1013,2020,0,-1932,254,0,0,51,0,0,1,9,5,550
199727859,1001,2020,0,-1932,264,0,0,51,0,0,1,9,5,550
199728830,971,2020,0,-1932,239,0,0,51,0,0,1,9,5,550
199729859,1029,2020,0,-1932,260,0,0,51,0,0,1,9,5,550
199730853,994,2020,0,-1932,249,0,0,51,0,0,1,9,5,550
199731907,1054,2020,0,-1932,305,0,0,51,0,0,1,9,5,550
199732830,923,2020,0,-1932,230,0,0,51,0,0,1,9,5,550
199733824,994,2020,0,-1932,226,0,0,51,0,0,1,9,5,550
199734830,1006,2020,0,-1932,235,0,0,51,0,0,1,9,5,550
199735825,995,2020,0,-1932,227,0,0,51,0,0,1,9,5,550
199736826,1001,2020,0,-1932,226,0,0,51,0,0,1,9,5,550
199737827,1001,2020,0,-1932,226,0,0,51,0,0,1,9,5,550
199738838,1011,2020,0,-1932,233,0,0,51,0,0,1,9,5,550
199739830,992,2020,0,-1932,226,0,0,51,0,0,1,9,5,550
199740922,1092,2020,0,-1932,317,0,0,51,0,0,1,9,5,550
199741966,1044,2020,0,-1932,362,0,0,51,0,0,1,9,5,550
199742871,905,2020,0,-1932,276,0,0,51,0,0,1,9,5,550
199743858,987,2020,0,-1932,265,0,0,51,0,0,1,9,5,550
199744844,986,2020,0,-1932,241,0,0,51,0,0,1,9,5,550
199745853,1009,2020,0,-1932,257,0,0,51,0,0,1,9,5,550
199746836,983,2020,0,-1932,245,0,0,51,0,0,1,9,5,550
199747867,1031,2020,0,-1932,265,0,0,51,0,0,1,9,5,550
199748839,972,2020,0,-1932,235,0,0,51,0,0,1,9,5,550
199749855,1016,2020,0,-1932,259,0,0,51,0,0,1,9,5,550
199750846,991,2020,0,-1932,247,0,0,51,0,0,1,9,5,550
199751902,1056,2020,0,-1932,308,0,0,51,0,0,1,9,5,550
199752826,924,2020,0,-1932,228,0,0,51,0,0,1,9,5,550
199753819,993,2020,0,-1932,226,0,0,51,0,0,1,9,5,550
199754830,1011,2020,0,-1932,235,0,0,51,0,0,1,9,5,550
199755828,998,2020,0,-1932,228,0,0,51,0,0,1,9,5,550
199756829,1001,2020,0,-1932,226,0,0,51,0,0,1,9,5,550
199757829,1000,2020,0,-1932,225,0,0,51,0,0,1,9,5,550
199758838,1009,2020,0,-1932,233,0,0,51,0,0,1,9,5,550
199759830,992,2020,0,-1932,226,0,0,51,0,0,1,9,5,550
199760916,1086,2020,0,-1932,312,0,0,51,0,0,1,9,5,550
199761978,1062,2020,0,-1932,367,0,0,51,0,0,1,9,5,550
199762879,901,2020,0,-1932,275,0,0,51,0,0,1,9,5,550
199763854,975,2020,0,-1932,256,0,0,51,0,0,1,9,5,550
199764852,998,2020,0,-1932,247,0,0,51,0,0,1,9,5,550
199765863,1011,2020,0,-1932,257,0,0,51,0,0,1,9,5,550
199766847,984,2020,0,-1932,252,0,0,51,0,0,1,9,5,550
199767857,1010,2020,0,-1932,266,0,0,51,0,0,1,9,5,550
199768850,993,2020,0,-1932,248,0,0,51,0,0,1,9,5,550
199769854,1004,2020,0,-1932,258,0,0,51,0,0,1,9,5,550
199770851,997,2020,0,-1932,256,0,0,51,0,0,1,9,5,550
199771902,1051,2020,0,-1932,311,0,0,51,0,0,1,9,5,550
199772821,919,2020,0,-1932,227,0,0,51,0,0,1,9,5,550
199773829,1008,2020,0,-1932,226,0,0,51,0,0,1,9,5,550
199774830,1001,2020,0,-1932,234,0,0,51,0,0,1,9,5,550
199775828,998,2020,0,-1932,228,0,0,51,0,0,1,9,5,550
199776828,1000,2020,0,-1932,225,0,0,51,0,0,1,9,5,550
199777829,1001,2020,0,-1932,226,0,0,51,0,0,1,9,5,550
199778838,1009,2020,0,-1932,233,0,0,51,0,0,1,9,5,550
199779830,992,2020,0,-1932,226,0,0,51,0,0,1,9,5,550
199780917,1087,2020,0,-1932,317,0,0,51,0,0,1,9,5,550
199781963,1046,2020,0,-1932,364,0,0,51,0,0,1,9,5,550
199782883,920,2020,0,-1932,277,0,0,51,0,0,1,9,5,550
199783865,982,2020,0,-1932,263,0,0,51,0,0,1,9,5,550
199784829,964,2020,0,-1932,239,0,0,51,0,0,1,9,5,550
199785860,1031,2020,0,-1932,256,0,0,51,0,0,1,9,5,550
199786848,988,2020,0,-1932,246,0,0,51,0,0,1,9,5,550
199787858,1010,2020,0,-1932,264,0,0,51,0,0,1,9,5,550
199788839,981,2020,0,-1932,237,0,0,51,0,0,1,9,5,550
199789858,1019,2020,0,-1932,257,0,0,51,0,0,1,9,5,550
199790842,984,2020,0,-1932,249,0,0,51,0,0,1,9,5,550
199791908,1066,2020,0,-1932,309,0,0,51,0,0,1,9,5,550
199792833,925,2020,0,-1932,229,0,0,51,0,0,1,9,5,550
199793831,998,2020,0,-1932,226,0,0,51,0,0,1,9,5,550
199794829,998,2020,0,-1932,234,0,0,51,0,0,1,9,5,550
199795827,998,2020,0,-1932,228,0,0,51,0,0,1,9,5,550
199796827,1000,2020,0,-1932,226,0,0,51,0,0,1,9,5,550
199797828,1001,2020,0,-1932,226,0,0,51,0,0,1,9,5,550
199798838,1010,2020,0,-1932,233,0,0,51,0,0,1,9,5,550
199799830,992,2020,0,-1932,226,0,0,51,0,0,1,9,5,550
199800917,1087,2020,0,-1932,310,0,0,51,0,0,1,9,5,550
199801974,1057,2020,0,-1932,364,0,0,51,0,0,1,9,5,550
199802879,905,2020,0,-1932,276,0,0,51,0,0,1,9,5,550
199803854,975,2020,0,-1932,257,0,0,51,0,0,1,9,5,550
199804853,999,2020,0,-1932,248,0,0,51,0,0,1,9,5,550
199805858,1005,2020,0,-1932,254,0,0,51,0,0,1,9,5,550
199806852,994,2020,0,-1932,253,0,0,51,0,0,1,9,5,550
199807857,1005,2020,0,-1932,262,0,0,51,0,0,1,9,5,550
199808841,984,2020,0,-1932,250,0,0,51,0,0,1,9,5,550
199809853,1012,2020,0,-1932,257,0,0,51,0,0,1,9,5,550
199810846,993,2020,0,-1932,253,0,0,51,0,0,1,9,5,550
199811910,1064,2020,0,-1932,305,0,0,51,0,0,1,9,5,550
199812831,921,2020,0,-1932,229,0,0,51,0,0,1,9,5,550
199813826,995,2020,0,-1932,226,0,0,51,0,0,1,9,5,550
199814837,1011,2020,0,-1932,234,0,0,51,0,0,1,9,5,550
199815819,982,2020,0,-1932,228,0,0,51,0,0,1,9,5,550
199816822,1003,2020,0,-1932,226,0,0,51,0,0,1,9,5,550
199817825,1003,2020,0,-1932,227,0,0,51,0,0,1,9,5,550
199818838,1013,2020,0,-1932,233,0,0,51,0,0,1,9,5,550
199819830,992,2020,0,-1932,226,0,0,51,0,0,1,9,5,550
199820923,1093,2020,0,-1932,321,0,0,51,0,0,1,9,5,550
199821966,1043,2020,0,-1932,361,0,0,51,0,0,1,9,5,550
199822872,906,2020,0,-1932,279,0,0,51,0,0,1,9,5,550
199823851,979,2020,0,-1932,256,0,0,51,0,0,1,9,5,550
199824842,991,2020,0,-1932,250,0,0,51,0,0,1,9,5,550
199825859,1017,2020,0,-1932,257,0,0,51,0,0,1,9,5,550
199826845,986,2020,0,-1932,247,0,0,51,0,0,1,9,5,550
199827865,1020,2020,0,-1932,264,0,0,51,0,0,1,9,5,550
199828828,963,2020,0,-1932,236,0,0,51,0,0,1,9,5,550
199829856,1028,2020,0,-1932,260,0,0,51,0,0,1,9,5,550
199830840,984,2020,0,-1932,247,0,0,51,0,0,1,9,5,550
199831908,1068,2020,0,-1932,311,0,0,51,0,0,1,9,5,550
199832831,923,2020,0,-1932,229,0,0,51,0,0,1,9,5,550
199833826,995,2021,1,-1933,226,0,-8,51,0,0,1,9,5,550
199834837,1011,2021,0,-1933,234,-1,-8,51,0,0,1,9,5,550
199835820,983,2020,-1,-1932,228,-1,0,51,0,0,1,9,5,550
199836821,1001,2020,0,-1932,226,-1,0,51,0,0,1,9,5,550
199837824,1003,2020,0,-1932,226,-1,0,51,0,0,1,9,5,550
199838838,1014,2021,1,-1933,233,-1,-8,51,0,0,1,9,5,550
199839830,992,2021,0,-1933,226,-1,-8,51,0,0,1,9,5,550
199840905,1075,2021,0,-1933,311,-1,-8,51,0,0,1,9,5,550
199841972,1067,2021,0,-1933,373,-2,-8,51,0,0,1,9,5,550
199842870,898,2021,0,-1933,277,-2,-8,51,0,0,1,9,5,550
199843859,989,2021,0,-1933,255,-2,-8,51,0,0,1,9,5,550
199844843,984,2020,-1,-1932,250,-2,0,51,0,0,1,9,5,550
199845845,1002,2021,1,-1933,254,-2,-8,51,0,0,1,9,5,550
199846843,998,2021,0,-1933,252,-3,-8,51,0,0,1,9,5,550
199847860,1017,2021,0,-1933,263,-3,-8,51,0,0,1,9,5,550
199848831,971,2021,0,-1933,239,-3,-8,51,0,0,1,9,5,550
199849847,1016,2021,0,-1933,256,-3,-8,51,0,0,1,9,5,550
199850846,999,2021,0,-1933,253,-3,-8,51,0,0,1,9,5,550
199851907,1061,2021,0,-1933,302,-4,-8,51,0,0,1,9,5,550
199852834,927,2021,0,-1933,231,-4,-8,51,0,0,1,9,5,550
199853831,997,2021,0,-1933,226,-4,-8,51,0,0,1,9,5,550
199854832,1001,2021,0,-1933,235,-4,-8,51,0,0,1,9,5,550
199855830,998,2021,0,-1933,228,-4,-8,51,0,0,1,9,5,550
199856831,1001,2021,0,-1933,226,-4,-8,51,0,0,1,9,5,550
199857815,984,2021,0,-1933,225,-4,-8,51,0,0,1,9,5,550
199858826,1011,2021,0,-1933,233,-5,-8,51,0,0,1,9,5,550
199859817,991,2021,0,-1933,225,-5,-8,51,0,0,1,9,5,550
199860925,1108,2021,0,-1933,317,-5,-8,51,0,0,1,9,5,550
199861971,1046,2021,0,-1933,361,-5,-8,51,0,0,1,9,5,550
199862867,896,2021,0,-1933,274,-5,-8,51,0,0,1,9,5,550
199863866,999,2021,0,-1933,260,-5,0,51,0,0,1,9,5,550
199864840,974,2021,0,-1933,246,-5,0,51,0,0,1,9,5,550
199865860,1020,2021,0,-1933,256,-5,-8,51,0,0,1,9,5,550
199866848,988,2021,0,-1933,246,-5,-8,51,0,0,1,9,5,550
199867861,1013,2021,0,-1933,267,-5,-8,51,0,0,1,9,5,550
199868826,965,2021,0,-1933,236,-5,-8,51,0,0,1,9,5,550
199869846,1020,2021,0,-1933,255,-5,0,51,0,0,1,9,5,550
199870858,1012,2021,0,-1933,254,-5,0,51,0,0,1,9,5,550
199871912,1054,2021,0,-1933,310,-5,0,51,0,0,1,9,5,550
199872821,909,2021,0,-1933,230,-4,0,51,0,0,1,9,5,550
199873829,1008,2021,0,-1933,226,-4,0,51,0,0,1,9,5,550
199874827,998,2021,0,-1933,234,-4,0,51,0,0,1,9,5,550
199875827,1000,2021,0,-1933,229,-4,-8,51,0,0,1,9,5,550
199876828,1001,2021,0,-1933,226,-4,0,51,0,0,1,9,5,550
199877828,1000,2021,0,-1933,226,-4,0,51,0,0,1,9,5,550
199878838,1010,2021,0,-1933,233,-4,0,51,0,0,1,9,5,550
199879829,991,2021,0,-1933,226,-4,0,51,0,0,1,9,5,550
199880923,1094,2021,0,-1933,315,-3,0,51,0,0,1,9,5,550
199881962,1039,2021,0,-1933,366,-3,0,51,0,0,1,9,5,550
199882873,911,2021,0,-1933,279,-3,0,51,0,0,1,9,5,550
199883857,984,2021,0,-1933,258,-3,0,51,0,0,1,9,5,550
199884837,980,2021,0,-1933,246,-3,0,51,0,0,1,9,5,550
199885861,1024,2021,0,-1933,256,-3,0,51,0,0,1,9,5,550
199886842,981,2021,0,-1933,249,-3,0,51,0,0,1,9,5,550
199887857,1015,2021,0,-1933,263,-3,0,51,0,0,1,9,5,550
199888831,974,2021,0,-1933,240,-3,0,51,0,0,1,9,5,550
199889859,1028,2021,0,-1933,259,-2,0,51,0,0,1,9,5,550
199890855,996,2021,0,-1933,250,-2,0,51,0,0,1,9,5,550
199891897,1042,2021,0,-1933,304,-2,0,51,0,0,1,9,5,550
199892820,923,2021,0,-1933,229,-2,0,51,0,0,1,9,5,550
199893828,1008,2021,0,-1933,226,-2,0,51,0,0,1,9,5,550
199894829,1001,2021,0,-1933,236,-2,0,51,0,0,1,9,5,550
199895827,998,2021,0,-1933,229,-2,0,51,0,0,1,9,5,550
199896827,1000,2021,0,-1933,226,-2,0,51,0,0,1,9,5,550
199897827,1000,2021,0,-1933,226,-2,0,51,0,0,1,9,5,550
199898838,1011,2021,0,-1933,233,-2,0,51,0,0,1,9,5,550
199899829,991,2021,0,-1933,226,-2,0,51,0,0,1,9,5,550
199900917,1088,2021,0,-1933,315,-2,0,51,0,0,1,9,5,550
199901964,1047,2021,0,-1933,366,-1,0,51,0,0,1,9,5,550
199902870,906,2021,0,-1933,276,-1,0,51,0,0,1,9,5,550
199903855,985,2021,0,-1933,263,-1,0,51,0,0,1,9,5,550
199904844,989,2021,0,-1933,240,-1,0,51,0,0,1,9,5,550
199905858,1014,2021,0,-1933,255,-1,0,51,0,0,1,9,5,550
199906848,990,2021,0,-1933,248,-1,0,51,0,0,1,9,5,550
199907855,1007,2021,0,-1933,264,-1,0,51,0,0,1,9,5,550
199908844,989,2021,0,-1933,242,-1,0,51,0,0,1,9,5,550
199909848,1004,2021,0,-1933,254,-1,0,51,0,0,1,9,5,550
199910848,1000,2021,0,-1933,253,-1,0,51,0,0,1,9,5,550
199911906,1058,2021,0,-1933,306,-1,0,51,0,0,1,9,5,550
199912832,926,2021,0,-1933,230,-1,0,51,0,0,1,9,5,550
199913831,999,2021,0,-1933,226,-1,0,51,0,0,1,9,5,550
199914830,999,2021,0,-1933,235,-1,0,51,0,0,1,9,5,550
199915828,998,2021,0,-1933,228,-1,0,51,0,0,1,9,5,550
199916829,1001,2021,0,-1933,226,-1,0,51,0,0,1,9,5,550
199917829,1000,2021,0,-1933,226,-1,0,51,0,0,1,9,5,550
199918838,1009,2021,0,-1933,233,-1,0,51,0,0,1,9,5,550
199919830,992,2021,0,-1933,226,-1,0,51,0,0,1,9,5,550
199920922,1092,2021,0,-1933,315,-1,0,51,0,0,1,9,5,550
199921964,1042,2021,0,-1933,357,-1,0,51,0,0,1,9,5,550
199922876,912,2021,0,-1933,278,-1,0,51,0,0,1,9,5,550
199923856,980,2021,0,-1933,256,-1,0,51,0,0,1,9,5,550
199924841,985,2021,0,-1933,251,-1,0,51,0,0,1,9,5,550
199925847,1006,2021,0,-1933,253,-1,0,51,0,0,1,9,5,550
199926863,1016,2021,0,-1933,259,-1,0,51,0,0,1,9,5,550
199927856,993,2021,0,-1933,262,-1,0,51,0,0,1,9,5,550
199928856,1000,2021,0,-1933,253,-1,0,51,0,0,1,9,5,550
199929857,1001,2021,0,-1933,257,0,0,51,0,0,1,9,5,550
199930851,994,2021,0,-1933,258,0,0,51,0,0,1,9,5,550
199931914,1063,2021,0,-1933,310,0,0,51,0,0,1,9,5,550
199932820,906,2021,0,-1933,228,0,0,51,0,0,1,9,5,550
199933828,1008,2021,0,-1933,225,0,0,51,0,0,1,9,5,550
199934829,1001,2021,0,-1933,234,0,0,51,0,0,1,9,5,550
199935827,998,2021,0,-1933,228,0,0,51,0,0,1,9,5,550
199936827,1000,2021,0,-1933,226,0,0,51,0,0,1,9,5,550
199937828,1001,2021,0,-1933,226,0,0,51,0,0,1,9,5,550
199938838,1010,2021,0,-1933,233,0,0,51,0,0,1,9,5,550
199939830,992,2021,0,-1933,226,0,0,51,0,0,1,9,5,550
199940921,1091,2021,0,-1933,313,0,0,51,0,0,1,9,5,550
199941974,1053,2021,0,-1933,361,0,0,51,0,0,1,9,5,550
199942865,891,2021,0,-1933,275,0,0,51,0,0,1,9,5,550
199943858,993,2021,0,-1933,256,0,0,51,0,0,1,9,5,550
199944847,989,2021,0,-1933,246,0,0,51,0,0,1,9,5,550
199945842,995,2021,0,-1933,249,0,0,51,0,0,1,9,5,550
199946848,1006,2021,0,-1933,257,0,0,51,0,0,1,9,5,550
199947855,1007,2021,0,-1933,262,0,0,51,0,0,1,9,5,550
199948843,988,2021,0,-1933,251,0,0,51,0,0,1,9,5,550
199949853,1010,2021,0,-1933,255,0,0,51,0,0,1,9,5,550
199950854,1001,2021,0,-1933,257,0,0,51,0,0,1,9,5,550
199951909,1055,2021,0,-1933,312,0,0,51,0,0,1,9,5,550
199952819,910,2021,0,-1933,229,0,0,51,0,0,1,9,5,550
199953827,1008,2021,0,-1933,226,0,0,51,0,0,1,9,5,550
199954827,1000,2021,0,-1933,235,0,0,51,0,0,1,9,5,550
199955826,999,2021,0,-1933,228,0,0,51,0,0,1,9,5,550
199956827,1001,2021,0,-1933,226,0,0,51,0,0,1,9,5,550
199957827,1000,2021,0,-1933,226,0,0,51,0,0,1,9,5,550
199958838,1011,2021,0,-1933,233,0,0,51,0,0,1,9,5,550
199959830,992,2021,0,-1933,226,0,0,51,0,0,1,9,5,550
199960918,1088,2021,0,-1933,316,0,0,51,0,0,1,9,5,550
199961976,1058,2021,0,-1933,370,0,0,51,0,0,1,9,5,550
199962872,896,2021,0,-1933,279,0,0,51,0,0,1,9,5,550
199963848,976,2021,0,-1933,255,0,0,51,0,0,1,9,5,550
199964845,997,2021,0,-1933,252,0,0,51,0,0,1,9,5,550
199965852,1007,2021,0,-1933,253,0,0,51,0,0,1,9,5,550
199966844,992,2021,0,-1933,250,0,0,51,0,0,1,9,5,550
199967867,1023,2021,0,-1933,263,0,0,51,0,0,1,9,5,550
199968827,960,2021,0,-1933,234,0,0,51,0,0,1,9,5,550
199969859,1032,2021,0,-1933,259,0,0,51,0,0,1,9,5,550
199970840,981,2021,0,-1933,247,0,0,51,0,0,1,9,5,550
199971904,1064,2021,0,-1933,305,0,0,51,0,0,1,9,5,550
199972830,926,2021,0,-1933,231,0,0,51,0,0,1,9,5,550
199973827,997,2021,0,-1933,225,0,0,51,0,0,1,9,5,550
199974827,1000,2021,0,-1933,234,0,0,51,0,0,1,9,5,550
199975827,1000,2021,0,-1933,229,0,0,51,0,0,1,9,5,550
199976828,1001,2021,0,-1933,226,0,0,51,0,0,1,9,5,550
199977828,1000,2021,0,-1933,226,0,0,51,0,0,1,9,5,550
199978838,1010,2021,0,-1933,233,0,0,51,0,0,1,9,5,550
199979830,992,2021,0,-1933,226,0,0,51,0,0,1,9,5,550
199980919,1089,2021,0,-1933,315,0,0,51,0,0,1,9,5,550
199981966,1047,2021,0,-1933,366,0,0,51,0,0,1,9,5,550
199982871,905,2021,0,-1933,275,0,0,51,0,0,1,9,5,550
199983849,978,2021,0,-1933,256,0,0,51,0,0,1,9,5,550
199984840,991,2021,0,-1933,250,0,0,51,0,0,1,9,5,550
199985855,1015,2021,0,-1933,254,0,0,51,0,0,1,9,5,550
199986852,997,2021,0,-1933,255,0,0,51,0,0,1,9,5,550
199987854,1002,2021,0,-1933,261,0,0,51,0,0,1,9,5,550
199988853,999,2021,0,-1933,252,0,0,51,0,0,1,9,5,550
199989854,1001,2021,0,-1933,258,0,0,51,0,0,1,9,5,550
199990848,994,2021,0,-1933,255,0,0,51,0,0,1,9,5,550
199991914,1066,2021,0,-1933,312,0,0,51,0,0,1,9,5,550
199992825,911,2021,0,-1933,229,0,0,51,0,0,1,9,5,550
199993817,992,2021,0,-1933,226,0,0,51,0,0,1,9,5,550
199994830,1013,2021,0,-1933,235,0,0,51,0,0,1,9,5,550
199995828,998,2021,0,-1933,229,0,0,51,0,0,1,9,5,550
199996828,1000,2021,0,-1933,226,0,0,51,0,0,1,9,5,550
199997828,1000,2021,0,-1933,226,0,0,51,0,0,1,9,5,550
199998838,1010,2021,0,-1933,233,0,0,51,0,0,1,9,5,550
199999829,991,2021,0,-1933,226,0,0,51,0,0,1,9,5,550
200000918,1089,2021,0,-1933,314,0,0,51,0,0,1,9,5,550
200001970,1052,2021,0,-1933,363,0,0,51,0,0,1,9,5,550
200002881,911,2021,0,-1933,279,0,0,51,0,0,1,9,5,550
200003850,969,2021,0,-1933,255,0,0,51,0,0,1,9,5,550
200004842,992,2021,0,-1933,251,0,0,51,0,0,1,9,5,550
200005855,1013,2021,0,-1933,257,0,0,51,0,0,1,9,5,550
200006845,990,2021,0,-1933,253,0,0,51,0,0,1,9,5,550
200007864,1019,2021,0,-1933,262,0,0,51,0,0,1,9,5,550
200008838,974,2021,0,-1933,245,0,0,51,0,0,1,9,5,550
200009858,1020,2021,0,-1933,257,0,0,51,0,0,1,9,5,550
200010851,993,2021,0,-1933,253,0,0,51,0,0,1,9,5,550
200011903,1052,2021,0,-1933,310,0,0,51,0,0,1,9,5,550
200012828,925,2021,0,-1933,229,0,0,51,0,0,1,9,5,550
200013820,992,2021,0,-1933,226,0,0,51,0,0,1,9,5,550
200014835,1015,2021,0,-1933,234,0,0,51,0,0,1,9,5,550
200015833,998,2021,0,-1933,228,0,0,51,0,0,1,9,5,550
200016817,984,2021,0,-1933,226,0,0,51,0,0,1,9,5,550
200017817,1000,2021,0,-1933,225,0,0,51,0,0,1,9,5,550
200018826,1009,2021,0,-1933,233,0,0,51,0,0,1,9,5,550
200019818,992,2021,0,-1933,226,0,0,51,0,0,1,9,5,550
200020920,1102,2021,0,-1933,314,0,0,51,0,0,1,9,5,550
200021967,1047,2021,0,-1933,366,0,0,51,0,0,1,9,5,550
200022873,906,2021,0,-1933,276,0,0,51,0,0,1,9,5,550
200023860,987,2021,0,-1933,263,0,0,51,0,0,1,9,5,550
200024836,976,2021,0,-1933,242,0,0,51,0,0,1,9,5,550
200025848,1012,2021,0,-1933,253,0,0,51,0,0,1,9,5,550
200026843,995,2021,0,-1933,252,0,0,51,0,0,1,9,5,550
200027867,1024,2021,0,-1933,263,0,0,51,0,0,1,9,5,550
200028830,963,2021,0,-1933,237,0,0,51,0,0,1,9,5,550
200029857,1027,2021,0,-1933,259,0,0,51,0,0,1,9,5,550
200030851,994,2021,0,-1933,249,0,0,51,0,0,1,9,5,550
200031911,1060,2021,0,-1933,306,0,0,51,0,0,1,9,5,550
200032821,910,2021,0,-1933,229,0,0,51,0,0,1,9,5,550
200033831,1010,2021,0,-1933,226,0,0,51,0,0,1,9,5,550
200034829,998,2021,0,-1933,235,0,0,51,0,0,1,9,5,550
200035827,998,2021,0,-1933,228,0,0,51,0,0,1,9,5,550
200036827,1000,2021,0,-1933,225,0,0,51,0,0,1,9,5,550
200037827,1000,2021,0,-1933,225,0,0,51,0,0,1,9,5,550
200038838,1011,2021,0,-1933,233,0,0,51,0,0,1,9,5,550
200039830,992,2021,0,-1933,226,0,0,51,0,0,1,9,5,550
200040919,1089,2021,0,-1933,314,0,0,51,0,0,1,9,5,550
200041968,1049,2021,0,-1933,359,0,0,51,0,0,1,9,5,550
200042878,910,2021,0,-1933,278,0,0,51,0,0,1,9,5,550
200043853,975,2021,0,-1933,254,0,0,51,0,0,1,9,5,550
200044851,998,2021,0,-1933,253,0,0,51,0,0,1,9,5,550
200045844,993,2021,0,-1933,254,0,0,51,0,0,1,9,5,550
200046856,1012,2021,0,-1933,258,0,0,51,0,0,1,9,5,550
200047858,1002,2021,0,-1933,262,0,0,51,0,0,1,9,5,550
200048853,995,2021,0,-1933,254,0,0,51,0,0,1,9,5,550
200049851,998,2021,0,-1933,257,0,0,51,0,0,1,9,5,550
200050852,1001,2021,0,-1933,258,0,0,51,0,0,1,9,5,550
200051902,1050,2021,0,-1933,306,0,0,51,0,0,1,9,5,550
200052824,922,2021,0,-1933,228,0,0,51,0,0,1,9,5,550
200053819,995,2021,0,-1933,228,0,0,51,0,0,1,9,5,550
200054834,1015,2021,0,-1933,234,0,0,51,0,0,1,9,5,550
200055833,999,2021,0,-1933,228,0,0,51,0,0,1,9,5,550
200056817,984,2021,0,-1933,226,0,0,51,0,0,1,9,5,550
200057818,1001,2021,0,-1933,226,0,0,51,0,0,1,9,5,550
200058827,1009,2021,0,-1933,233,0,0,51,0,0,1,9,5,550
200059821,994,2021,0,-1933,226,0,0,51,0,0,1,9,5,550
200060910,1089,2021,0,-1933,314,0,0,51,0,0,1,9,5,550
200061976,1066,2021,0,-1933,362,0,0,51,0,0,1,9,5,550
200062873,897,2021,0,-1933,276,0,0,51,0,0,1,9,5,550
200063861,988,2021,0,-1933,258,0,0,51,0,0,1,9,5,550
200064838,977,2021,0,-1933,246,0,0,51,0,0,1,9,5,550
200065860,1022,2021,0,-1933,257,0,0,51,0,0,1,9,5,550
200066847,987,2021,0,-1933,246,0,0,51,0,0,1,9,5,550
200067872,1025,2021,0,-1933,267,0,0,51,0,0,1,9,5,550
200068830,958,2021,0,-1933,237,0,0,51,0,0,1,9,5,550
200069847,1017,2021,0,-1933,255,0,0,51,0,0,1,9,5,550
200070853,1006,2021,0,-1933,253,0,0,51,0,0,1,9,5,550
200071898,1045,2021,0,-1933,307,0,0,51,0,0,1,9,5,550
200072823,925,2021,0,-1933,230,0,0,51,0,0,1,9,5,550
200073831,1008,2021,0,-1933,226,0,0,51,0,0,1,9,5,550
200074831,1000,2021,0,-1933,235,0,0,51,0,0,1,9,5,550
200075826,995,2021,0,-1933,228,0,0,51,0,0,1,9,5,550
200076826,1000,2021,0,-1933,226,0,0,51,0,0,1,9,5,550
200077826,1000,2021,0,-1933,227,0,0,51,0,0,1,9,5,550
200078837,1011,2021,0,-1933,233,0,0,51,0,0,1,9,5,550
200079828,991,2021,0,-1933,226,0,0,51,0,0,1,9,5,550
200080914,1086,2021,0,-1933,309,0,0,51,0,0,1,9,5,550
200081985,1071,2021,0,-1933,365,0,0,51,0,0,1,9,5,550
200082836,851,2021,0,-1933,243,0,0,51,0,0,1,9,5,550
200083869,1033,2021,0,-1933,270,0,0,51,0,0,1,9,5,550
200084841,972,2021,0,-1933,240,0,0,51,0,0,1,9,5,550
200085848,1007,2021,0,-1933,257,0,0,51,0,0,1,9,5,550
200086861,1013,2021,0,-1933,259,0,0,51,0,0,1,9,5,550
200087834,973,2021,0,-1933,236,0,0,51,0,0,1,9,5,550
200088863,1029,2021,0,-1933,261,0,0,51,0,0,1,9,5,550
200089840,977,2021,0,-1933,241,0,0,51,0,0,1,9,5,550
200090852,1012,2021,0,-1933,261,0,0,51,0,0,1,9,5,550
200091902,1050,2021,0,-1933,304,0,0,51,0,0,1,9,5,550
200092816,914,2021,0,-1933,226,0,0,51,0,0,1,9,5,550
200093826,1010,2021,0,-1933,226,0,0,51,0,0,1,9,5,550
200094840,1014,2021,0,-1933,236,0,0,51,0,0,1,9,5,550
200095821,981,2021,0,-1933,226,0,0,51,0,0,1,9,5,550
200096824,1003,2021,0,-1933,226,0,0,51,0,0,1,9,5,550
200097824,1000,2021,0,-1933,226,0,0,51,0,0,1,9,5,550
200098837,1013,2021,0,-1933,233,0,0,51,0,0,1,9,5,550
200099827,990,2021,0,-1933,226,0,0,51,0,0,1,9,5,550
200100929,1102,2021,0,-1933,321,0,0,51,0,0,1,9,5,550
200101987,1058,2021,0,-1933,374,0,0,51,0,0,1,9,5,550
200102850,863,2021,0,-1933,250,0,0,51,0,0,1,9,5,550
200103864,1014,2021,0,-1933,269,0,0,51,0,0,1,9,5,550
200104838,974,2021,0,-1933,241,0,0,51,0,0,1,9,5,550
200105858,1020,2021,0,-1933,255,0,0,51,0,0,1,9,5,550
200106853,995,2021,0,-1933,252,0,0,51,0,0,1,9,5,550
200107849,996,2021,0,-1933,252,0,0,51,0,0,1,9,5,550
200108852,1003,2021,0,-1933,256,0,0,51,0,0,1,9,5,550
200109838,986,2021,0,-1933,247,0,0,51,0,0,1,9,5,550
200110854,1016,2021,0,-1933,257,0,0,51,0,0,1,9,5,550
200111884,1030,2021,0,-1933,292,0,0,51,0,0,1,9,5,550
200112821,937,2021,0,-1933,228,0,0,51,0,0,1,9,5,550
200113827,1006,2021,0,-1933,226,0,0,51,0,0,1,9,5,550
200114827,1000,2021,0,-1933,235,0,0,51,0,0,1,9,5,550
200115821,994,2021,0,-1933,226,0,0,51,0,0,1,9,5,550
200116824,1003,2021,0,-1933,226,0,0,51,0,0,1,9,5,550
200117824,1000,2021,0,-1933,226,0,0,51,0,0,1,9,5,550
200118837,1013,2021,0,-1933,233,0,0,51,0,0,1,9,5,550
200119829,992,2021,0,-1933,227,0,0,51,0,0,1,9,5,550
200120908,1079,2021,0,-1933,313,0,0,51,0,0,1,9,5,550
200121973,1065,2021,0,-1933,366,0,0,51,0,0,1,9,5,550
200122845,872,2021,0,-1933,247,0,0,51,0,0,1,9,5,550
200123868,1023,2021,0,-1933,267,0,0,51,0,0,1,9,5,550
200124837,969,2021,0,-1933,239,0,0,51,0,0,1,9,5,550
200125854,1017,2021,0,-1933,255,0,0,51,0,0,1,9,5,550
200126844,990,2021,0,-1933,252,0,0,51,0,0,1,9,5,550
200127861,1017,2021,0,-1933,255,0,0,51,0,0,1,9,5,550
200128856,995,2021,0,-1933,253,0,0,51,0,0,1,9,5,550
200129851,995,2021,0,-1933,246,0,0,51,0,0,1,9,5,550
200130860,1009,2021,0,-1933,258,0,0,51,0,0,1,9,5,550
200131904,1044,2021,0,-1933,299,0,0,51,0,0,1,9,5,550
200132819,915,2021,0,-1933,228,0,0,51,0,0,1,9,5,550
200133824,1005,2021,0,-1933,226,0,0,51,0,0,1,9,5,550
200134838,1014,2021,0,-1933,235,0,0,51,0,0,1,9,5,550
200135817,979,2021,0,-1933,226,0,0,51,0,0,1,9,5,550
200136817,1000,2021,0,-1933,226,0,0,51,0,0,1,9,5,550
200137817,1000,2021,0,-1933,226,0,0,51,0,0,1,9,5,550
200138826,1009,2021,0,-1933,233,0,0,51,0,0,1,9,5,550
200139817,991,2021,0,-1933,226,0,0,51,0,0,1,9,5,550
200140934,1117,2021,0,-1933,328,0,0,51,0,0,1,9,5,550
200141979,1045,2021,0,-1933,356,0,0,51,0,0,1,9,5,550
200142845,866,2021,0,-1933,247,0,0,51,0,0,1,9,5,550
200143879,1034,2021,0,-1933,273,0,0,51,0,0,1,9,5,550
200144844,965,2021,0,-1933,239,0,0,51,0,0,1,9,5,550
200145852,1008,2021,0,-1933,254,0,0,51,0,0,1,9,5,550
200146845,993,2021,0,-1933,252,0,0,51,0,0,1,9,5,550
200147866,1021,2021,0,-1933,261,0,0,51,0,0,1,9,5,550
200148850,984,2021,0,-1933,251,0,0,51,0,0,1,9,5,550
200149855,1005,2021,0,-1933,254,0,0,51,0,0,1,9,5,550
200150858,1003,2021,0,-1933,255,0,0,51,0,0,1,9,5,550
200151905,1047,2021,0,-1933,300,0,0,51,0,0,1,9,5,550
200152817,912,2021,0,-1933,224,0,0,51,0,0,1,9,5,550
200153824,1007,2021,0,-1933,226,0,0,51,0,0,1,9,5,550
200154841,1017,2021,0,-1933,236,0,0,51,0,0,1,9,5,550
200155820,979,2021,0,-1933,226,0,0,51,0,0,1,9,5,550
200156821,1001,2021,0,-1933,226,0,0,51,0,0,1,9,5,550
200157822,1001,2021,0,-1933,227,0,0,51,0,0,1,9,5,550
200158835,1013,2021,0,-1933,233,0,0,51,0,0,1,9,5,550
200159826,991,2021,0,-1933,227,0,0,51,0,0,1,9,5,550
200160919,1093,2021,0,-1933,321,0,0,51,0,0,1,9,5,550
200161978,1059,2021,0,-1933,362,0,0,51,0,0,1,9,5,550
200162834,856,2021,0,-1933,244,0,0,51,0,0,1,9,5,550
200163875,1041,2021,0,-1933,270,0,0,51,0,0,1,9,5,550
200164832,957,2021,0,-1933,239,0,0,51,0,0,1,9,5,550
200165864,1032,2021,0,-1933,258,0,0,51,0,0,1,9,5,550
200166843,979,2021,0,-1933,250,0,0,51,0,0,1,9,5,550
200167847,1004,2021,0,-1933,256,0,0,51,0,0,1,9,5,550
200168849,1002,2021,0,-1933,257,0,0,51,0,0,1,9,5,550
200169850,1001,2021,0,-1933,250,0,0,51,0,0,1,9,5,550
200170847,997,2021,0,-1933,257,0,0,51,0,0,1,9,5,550
200171893,1046,2021,0,-1933,292,0,0,51,0,0,1,9,5,550
200172832,939,2021,0,-1933,227,0,0,51,0,0,1,9,5,550
200173826,994,2021,0,-1933,226,0,0,51,0,0,1,9,5,550
200174837,1011,2021,0,-1933,235,0,0,51,0,0,1,9,5,550
200175817,980,2021,0,-1933,226,0,0,51,0,0,1,9,5,550
200176817,1000,2021,0,-1933,226,0,0,51,0,0,1,9,5,550
200177817,1000,2021,0,-1933,226,0,0,51,0,0,1,9,5,550
200178826,1009,2021,0,-1933,233,0,0,51,0,0,1,9,5,550
200179817,991,2021,0,-1933,226,0,0,51,0,0,1,9,5,550
200180925,1108,2021,0,-1933,322,0,0,51,0,0,1,9,5,550
200181974,1049,2021,0,-1933,358,0,0,51,0,0,1,9,5,550
200182852,878,2021,0,-1933,252,0,0,51,0,0,1,9,5,550
200183857,1005,2021,0,-1933,265,0,0,51,0,0,1,9,5,550
200184850,993,2021,0,-1933,245,0,0,51,0,0,1,9,5,550
200185847,997,2021,0,-1933,251,0,0,51,0,0,1,9,5,550
200186858,1011,2021,0,-1933,256,0,0,51,0,0,1,9,5,550
200187842,984,2021,0,-1933,242,0,0,51,0,0,1,9,5,550
200188861,1019,2021,0,-1933,257,0,0,51,0,0,1,9,5,550
200189841,980,2021,0,-1933,250,0,0,51,0,0,1,9,5,550
200190856,1015,2021,0,-1933,256,0,0,51,0,0,1,9,5,550
200191892,1036,2021,0,-1933,294,0,0,51,0,0,1,9,5,550
200192827,935,2021,0,-1933,226,0,0,51,0,0,1,9,5,550
200193817,990,2021,0,-1933,226,0,0,51,0,0,1,9,5,550
200194831,1014,2021,0,-1933,235,0,0,51,0,0,1,9,5,550
200195825,994,2021,0,-1933,227,0,0,51,0,0,1,9,5,550
200196824,999,2021,0,-1933,226,0,0,51,0,0,1,9,5,550
200197824,1000,2021,0,-1933,226,0,0,51,0,0,1,9,5,550
200198837,1013,2021,0,-1933,233,0,0,51,0,0,1,9,5,550
200199829,992,2021,0,-1933,227,0,0,51,0,0,1,9,5,550
200200914,1085,2021,0,-1933,317,0,0,51,0,0,1,9,5,550
200201969,1055,2021,0,-1933,370,0,0,51,0,0,1,9,5,550
200202852,883,2021,0,-1933,247,0,0,51,0,0,1,9,5,550
200203869,1017,2021,0,-1933,264,0,0,51,0,0,1,9,5,550
200204839,970,2021,0,-1933,241,0,0,51,0,0,1,9,5,550
200205852,1013,2021,0,-1933,254,0,0,51,0,0,1,9,5,550
200206846,994,2021,0,-1933,255,0,0,51,0,0,1,9,5,550
200207846,1000,2021,0,-1933,256,0,0,51,0,0,1,9,5,550
200208852,1006,2021,0,-1933,256,0,0,51,0,0,1,9,5,550
200209852,1000,2021,0,-1933,251,0,0,51,0,0,1,9,5,550
200210866,1014,2021,0,-1933,261,0,0,51,0,0,1,9,5,550
200211885,1019,2021,0,-1933,291,0,0,51,0,0,1,9,5,550
200212826,941,2021,0,-1933,229,0,0,51,0,0,1,9,5,550
200213817,991,2021,0,-1933,226,0,0,51,0,0,1,9,5,550
200214829,1012,2021,0,-1933,235,0,0,51,0,0,1,9,5,550
200215824,995,2021,0,-1933,226,0,0,51,0,0,1,9,5,550
200216824,1000,2021,0,-1933,226,0,0,51,0,0,1,9,5,550
200217824,1000,2021,0,-1933,226,0,0,51,0,0,1,9,5,550
200218837,1013,2021,0,-1933,233,0,0,51,0,0,1,9,5,550
200219829,992,2021,0,-1933,227,0,0,51,0,0,1,9,5,550
200220919,1090,2021,0,-1933,321,0,0,51,0,0,1,9,5,550
200221969,1050,2021,0,-1933,356,0,0,51,0,0,1,9,5,550
200222852,883,2021,0,-1933,253,0,0,51,0,0,1,9,5,550
200223862,1010,2021,0,-1933,266,0,0,51,0,0,1,9,5,550
200224850,988,2021,0,-1933,245,0,0,51,0,0,1,9,5,550
200225847,997,2021,0,-1933,250,0,0,51,0,0,1,9,5,550
200226861,1014,2021,0,-1933,256,0,0,51,0,0,1,9,5,550
200227833,972,2021,0,-1933,238,0,0,51,0,0,1,9,5,550
200228848,1015,2021,0,-1933,256,0,0,51,0,0,1,9,5,550
200229843,995,2021,0,-1933,249,0,0,51,0,0,1,9,5,550
200230858,1015,2021,0,-1933,256,0,0,51,0,0,1,9,5,550
200231887,1029,2021,0,-1933,294,0,0,51,0,0,1,9,5,550
200232825,938,2021,0,-1933,225,0,0,51,0,0,1,9,5,550
200233831,1006,2021,0,-1933,226,0,0,51,0,0,1,9,5,550
200234828,997,2021,0,-1933,235,0,0,51,0,0,1,9,5,550
200235824,996,2021,0,-1933,226,0,0,51,0,0,1,9,5,550
200236824,1000,2021,0,-1933,226,0,0,51,0,0,1,9,5,550
200237824,1000,2021,0,-1933,226,0,0,51,0,0,1,9,5,550
200238837,1013,2021,0,-1933,233,0,0,51,0,0,1,9,5,550
200239828,991,2021,0,-1933,226,0,0,51,0,0,1,9,5,550
200240909,1081,2021,0,-1933,315,0,0,51,0,0,1,9,5,550
200241976,1067,2021,0,-1933,361,0,0,51,0,0,1,9,5,550
200242844,868,2021,0,-1933,242,0,0,51,0,0,1,9,5,550
200243863,1019,2021,0,-1933,266,0,0,51,0,0,1,9,5,550
200244830,967,2021,0,-1933,236,0,0,51,0,0,1,9,5,550
200245849,1019,2021,0,-1933,251,0,0,51,0,0,1,9,5,550
200246856,1007,2021,0,-1933,255,0,0,51,0,0,1,9,5,550
200247842,986,2021,0,-1933,249,0,0,51,0,0,1,9,5,550
200248856,1014,2021,0,-1933,254,0,0,51,0,0,1,9,5,550
200249851,995,2021,0,-1933,250,0,0,51,0,0,1,9,5,550
200250845,994,2021,0,-1933,254,0,0,51,0,0,1,9,5,550
200251892,1047,2021,0,-1933,299,0,0,51,0,0,1,9,5,550
200252828,936,2021,0,-1933,225,0,0,51,0,0,1,9,5,550
200253820,992,2021,0,-1933,227,0,0,51,0,0,1,9,5,550
200254836,1016,2021,0,-1933,236,0,0,51,0,0,1,9,5,550
200255817,981,2021,0,-1933,226,0,0,51,0,0,1,9,5,550
200256817,1000,2021,0,-1933,226,0,0,51,0,0,1,9,5,550
200257817,1000,2021,0,-1933,226,0,0,51,0,0,1,9,5,550
200258826,1009,2021,0,-1933,233,0,0,51,0,0,1,9,5,550
200259817,991,2021,0,-1933,226,0,0,51,0,0,1,9,5,550
200260931,1114,2021,0,-1933,330,0,0,51,0,0,1,9,5,550
200261975,1044,2021,0,-1933,364,0,0,51,0,0,1,9,5,550
200262851,876,2021,0,-1933,250,0,0,51,0,0,1,9,5,550
200263858,1007,2021,0,-1933,265,0,0,51,0,0,1,9,5,550
200264850,992,2021,0,-1933,245,0,0,51,0,0,1,9,5,550
200265841,991,2021,0,-1933,249,0,0,51,0,0,1,9,5,550
200266847,1006,2021,0,-1933,254,0,0,51,0,0,1,9,5,550
200267854,1007,2021,0,-1933,250,0,0,51,0,0,1,9,5,550
200268852,998,2021,0,-1933,257,0,0,51,0,0,1,9,5,550
200269840,988,2021,0,-1933,247,0,0,51,0,0,1,9,5,550
200270852,1012,2021,0,-1933,254,0,0,51,0,0,1,9,5,550
200271891,1039,2021,0,-1933,295,0,0,51,0,0,1,9,5,550
200272825,934,2021,0,-1933,225,0,0,51,0,0,1,9,5,550
200273831,1006,2021,0,-1933,226,0,0,51,0,0,1,9,5,550
200274832,1001,2021,0,-1933,235,0,0,51,0,0,1,9,5,550
200275825,993,2021,0,-1933,227,0,0,51,0,0,1,9,5,550
200276824,999,2021,0,-1933,226,0,0,51,0,0,1,9,5,550
200277824,1000,2021,0,-1933,226,0,0,51,0,0,1,9,5,550
200278837,1013,2021,0,-1933,233,0,0,51,0,0,1,9,5,550
200279829,992,2021,0,-1933,227,0,0,51,0,0,1,9,5,550
200280911,1082,2021,0,-1933,314,0,0,51,0,0,1,9,5,550
200281978,1067,2021,0,-1933,360,0,0,51,0,0,1,9,5,550
200282836,858,2021,0,-1933,242,0,0,51,0,0,1,9,5,550
200283877,1041,2021,0,-1933,273,0,0,51,0,0,1,9,5,550
200284828,951,2021,0,-1933,238,0,0,51,0,0,1,9,5,550
200285848,1020,2021,0,-1933,257,0,0,51,0,0,1,9,5,550
200286855,1007,2021,0,-1933,251,0,0,51,0,0,1,9,5,550
200287846,991,2021,0,-1933,251,0,0,51,0,0,1,9,5,550
200288845,999,2021,0,-1933,255,0,0,51,0,0,1,9,5,550
200289853,1008,2021,0,-1933,250,0,0,51,0,0,1,9,5,550
200290847,994,2021,0,-1933,255,0,0,51,0,0,1,9,5,550
200291906,1059,2021,0,-1933,299,0,0,51,0,0,1,9,5,550
200292824,918,2021,0,-1933,225,0,0,51,0,0,1,9,5,550
200293816,992,2021,0,-1933,226,0,0,51,0,0,1,9,5,550
200294832,1016,2021,0,-1933,236,0,0,51,0,0,1,9,5,550
200295827,995,2021,0,-1933,226,0,0,51,0,0,1,9,5,550
200296827,1000,2021,0,-1933,226,0,0,51,0,0,1,9,5,550
200297827,1000,2021,0,-1933,226,0,0,51,0,0,1,9,5,550
200298838,1011,2021,0,-1933,234,0,0,51,0,0,1,9,5,550
200299828,990,2021,0,-1933,226,0,0,51,0,0,1,9,5,550
200300918,1090,2021,0,-1933,326,0,0,51,0,0,1,9,5,550
200301967,1049,2021,0,-1933,369,0,0,51,0,0,1,9,5,550
200302857,890,2021,0,-1933,253,0,0,51,0,0,1,9,5,550
200303868,1011,2021,0,-1933,263,0,0,51,0,0,1,9,5,550
200304837,969,2021,0,-1933,241,0,0,51,0,0,1,9,5,550
200305848,1011,2021,0,-1933,253,0,0,51,0,0,1,9,5,550
200306851,1003,2021,0,-1933,253,0,0,51,0,0,1,9,5,550
200307855,1004,2021,0,-1933,251,0,0,51,0,0,1,9,5,550
200308858,1003,2021,0,-1933,256,0,0,51,0,0,1,9,5,550
200309844,986,2021,0,-1933,246,0,0,51,0,0,1,9,5,550
200310867,1023,2021,0,-1933,264,0,0,51,0,0,1,9,5,550
200311895,1028,2021,0,-1933,298,0,0,51,0,0,1,9,5,550
200312831,936,2021,0,-1933,226,0,0,51,0,0,1,9,5,550
200313822,991,2021,0,-1933,227,0,0,51,0,0,1,9,5,550
200314835,1013,2021,0,-1933,235,0,0,51,0,0,1,9,5,550
200315827,992,2021,0,-1933,226,0,0,51,0,0,1,9,5,550
200316827,1000,2021,0,-1933,227,0,0,51,0,0,1,9,5,550
200317827,1000,2021,0,-1933,227,0,0,51,0,0,1,9,5,550
200318838,1011,2021,0,-1933,233,0,0,51,0,0,1,9,5,550
200319828,990,2021,0,-1933,226,0,0,51,0,0,1,9,5,550
200320912,1084,2021,0,-1933,315,0,0,51,0,0,1,9,5,550
200321972,1060,2021,0,-1933,363,0,0,51,0,0,1,9,5,550
200322841,869,2021,0,-1933,240,0,0,51,0,0,1,9,5,550
200323872,1031,2021,0,-1933,267,0,0,51,0,0,1,9,5,550
200324834,962,2021,0,-1933,235,0,0,51,0,0,1,9,5,550
200325857,1023,2021,0,-1933,253,0,0,51,0,0,1,9,5,550
200326848,991,2021,0,-1933,251,0,0,51,0,0,1,9,5,550
200327853,1005,2021,0,-1933,249,0,0,51,0,0,1,9,5,550
200328854,1001,2021,0,-1933,255,0,0,51,0,0,1,9,5,550
200329842,988,2021,0,-1933,248,0,0,51,0,0,1,9,5,550
200330858,1016,2021,0,-1933,255,0,0,51,0,0,1,9,5,550
200331893,1035,2021,0,-1933,297,0,0,51,0,0,1,9,5,550
200332828,935,2021,0,-1933,225,0,0,51,0,0,1,9,5,550
200333819,991,2021,0,-1933,226,0,0,51,0,0,1,9,5,550
200334839,1020,2021,0,-1933,237,0,0,51,0,0,1,9,5,550
200335831,992,2021,0,-1933,226,0,0,51,0,0,1,9,5,550
200336831,1000,2021,0,-1933,226,0,0,51,0,0,1,9,5,550
200337831,1000,2021,0,-1933,226,0,0,51,0,0,1,9,5,550
200338825,994,2021,0,-1933,233,0,0,51,0,0,1,9,5,550
200339830,1005,2021,0,-1933,227,0,0,51,0,0,1,9,5,550
200340921,1091,2021,0,-1933,324,0,0,51,0,0,1,9,5,550
200341976,1055,2021,0,-1933,360,0,0,51,0,0,1,9,5,550
200342855,879,2021,0,-1933,253,0,0,51,0,0,1,9,5,550
200343869,1014,2021,0,-1933,268,0,0,51,0,0,1,9,5,550
200344836,967,2021,0,-1933,239,0,0,51,0,0,1,9,5,550
200345853,1017,2021,0,-1933,253,0,0,51,0,0,1,9,5,550
200346856,1003,2021,0,-1933,253,0,0,51,0,0,1,9,5,550
200347849,993,2021,0,-1933,252,0,0,51,0,0,1,9,5,550
200348850,1001,2021,0,-1933,255,0,0,51,0,0,1,9,5,550
200349843,993,2021,0,-1933,249,0,0,51,0,0,1,9,5,550
200350853,1010,2021,0,-1933,253,0,0,51,0,0,1,9,5,550
200351891,1038,2021,0,-1933,294,0,0,51,0,0,1,9,5,550
200352832,941,2021,0,-1933,228,0,0,51,0,0,1,9,5,550
200353824,992,2021,0,-1933,226,0,0,51,0,0,1,9,5,550
200354837,1013,2021,0,-1933,235,0,0,51,0,0,1,9,5,550
200355830,993,2021,0,-1933,227,0,0,51,0,0,1,9,5,550
200356830,1000,2021,0,-1933,227,0,0,51,0,0,1,9,5,550
200357830,1000,2021,0,-1933,226,0,0,51,0,0,1,9,5,550
200358838,1008,2021,0,-1933,234,0,0,51,0,0,1,9,5,550
200359829,991,2021,0,-1933,227,0,0,51,0,0,1,9,5,550
200360906,1077,2021,0,-1933,313,0,0,51,0,0,1,9,5,550
200361972,1066,2021,0,-1933,364,0,0,51,0,0,1,9,5,550
200362850,878,2021,0,-1933,247,0,0,51,0,0,1,9,5,550
200363871,1021,2021,0,-1933,267,0,0,51,0,0,1,9,5,550
200364840,969,2021,0,-1933,239,0,0,51,0,0,1,9,5,550
200365844,1004,2021,0,-1933,253,0,0,51,0,0,1,9,5,550
200366851,1007,2021,0,-1933,255,0,0,51,0,0,1,9,5,550
200367843,992,2021,0,-1933,251,0,0,51,0,0,1,9,5,550
200368853,1010,2021,0,-1933,253,0,0,51,0,0,1,9,5,550
200369844,991,2021,0,-1933,247,0,0,51,0,0,1,9,5,550
200370859,1015,2021,0,-1933,258,0,0,51,0,0,1,9,5,550
