us,dt_us,raw,delta,counts,i2c_us,omega,window,cmd,fas,remaining,flags,state,stage,current_ma
1262559188,970,3357,1,-203973,241,-284,-284,265,270,603,1,7,3,1650
1262560201,1013,3358,1,-203974,246,-284,-284,265,268,602,1,7,3,1650
1262561284,1083,3359,1,-203975,331,-284,-284,265,267,601,1,7,3,1650
1262562407,1123,3360,1,-203976,456,-283,-275,265,265,600,1,7,3,1650
1262563247,840,3361,1,-203977,280,-283,-276,265,265,599,1,7,3,1650
1262564261,1014,3362,1,-203978,304,-283,-277,260,265,599,1,7,3,1650
1262565228,967,3363,1,-203979,272,-282,-268,260,265,598,1,7,3,1650
1262566286,1058,3364,1,-203980,326,-282,-268,260,265,597,1,7,3,1650
1262567242,956,3366,2,-203982,284,-282,-276,260,265,595,1,7,3,1650
1262568193,951,3367,1,-203983,247,-281,-276,260,265,594,1,7,3,1650
1262569218,1025,3368,1,-203984,266,-281,-276,260,265,593,1,7,3,1650
1262570263,1045,3370,2,-203986,305,-281,-284,260,265,592,1,7,3,1650
1262571224,961,3371,1,-203987,273,-281,-284,260,265,591,1,7,3,1650
1262572242,1018,3372,1,-203988,287,-281,-284,260,265,590,1,7,3,1650
1262573200,958,3373,1,-203989,243,-282,-285,260,265,589,1,7,3,1650
1262574243,1043,3374,1,-203990,278,-282,-285,260,265,588,1,7,3,1650
1262575209,966,3375,1,-203991,248,-282,-284,260,265,587,1,7,3,1650
1262576180,971,3376,1,-203992,224,-282,-284,260,265,586,1,7,3,1650
1262577182,1002,3377,1,-203993,221,-282,-284,260,265,585,1,7,3,1650
1262578208,1026,3378,1,-203994,257,-282,-285,260,265,584,1,7,3,1650
1262579187,979,3379,1,-203995,239,-282,-284,260,265,584,1,7,3,1650
1262580198,1011,3380,1,-203996,249,-282,-284,260,265,583,1,7,3,1650
1262581271,1073,3381,1,-203997,320,-282,-276,260,265,582,1,7,3,1650
1262582416,1145,3382,1,-203998,449,-282,-275,260,265,581,1,7,3,1650
1262583238,822,3383,1,-203999,287,-281,-268,260,265,580,1,7,3,1650
1262584218,980,3384,1,-204000,254,-281,-268,260,263,579,1,7,3,1650
1262585212,994,3385,1,-204001,259,-280,-268,260,261,578,1,7,3,1650
1262586294,1082,3386,1,-204002,338,-279,-259,260,259,577,1,7,3,1650
1262587220,926,3387,1,-204003,261,-279,-260,260,260,577,1,7,3,1650
1262588199,979,3389,2,-204005,244,-278,-268,260,260,575,1,7,3,1650
1262589249,1050,3390,1,-204006,290,-278,-268,255,260,574,1,7,3,1650
1262590261,1012,3391,1,-204007,308,-277,-268,255,260,573,1,7,3,1650
1262591255,994,3392,1,-204008,295,-277,-267,255,260,572,1,7,3,1650
1262592243,988,3394,2,-204010,297,-277,-276,255,260,570,1,7,3,1650
1262593202,959,3395,1,-204011,241,-277,-277,255,260,570,1,7,3,1650
1262594231,1029,3396,1,-204012,284,-277,-276,255,260,569,1,7,3,1650
1262595209,978,3397,1,-204013,262,-277,-276,255,260,568,1,7,3,1650
1262596174,965,3397,0,-204013,223,-277,-268,255,260,568,1,7,3,1650
1262597176,1002,3398,1,-204014,221,-276,-269,255,260,567,1,7,3,1650
1262598224,1048,3400,2,-204016,260,-276,-268,255,260,565,1,7,3,1650
1262599192,968,3401,1,-204017,237,-276,-268,255,260,564,1,7,3,1650
1262600202,1010,3401,0,-204017,250,-275,-260,255,260,564,1,7,3,1650
1262601295,1093,3403,2,-204019,331,-274,-260,255,260,563,1,7,3,1650
1262602411,1116,3404,1,-204020,443,-274,-259,255,260,562,1,7,3,1650
1262603249,838,3405,1,-204021,280,-273,-260,255,260,561,1,7,3,1650
1262604215,966,3406,1,-204022,266,-273,-260,255,260,560,1,7,3,1650
1262605215,1000,3407,1,-204023,261,-272,-260,255,260,559,1,7,3,1650
1262606276,1061,3408,1,-204024,326,-272,-260,255,260,558,1,7,3,1650
1262607218,942,3409,1,-204025,265,-271,-260,255,259,557,1,7,3,1650
1262608206,988,3410,1,-204026,244,-271,-260,255,257,556,1,7,3,1650
1262609213,1007,3412,2,-204028,261,-271,-268,255,255,555,1,7,3,1650
1262610261,1048,3413,1,-204029,304,-271,-268,255,253,554,1,7,3,1650
1262611233,972,3414,1,-204030,273,-270,-267,255,253,553,1,7,3,1650
1262612246,1013,3415,1,-204031,289,-270,-268,255,254,552,1,7,3,1650
1262613199,953,3416,1,-204032,246,-270,-270,255,254,551,1,7,3,1650
1262614320,1121,3417,1,-204033,338,-270,-268,249,254,550,1,7,3,1650
1262615208,888,3418,1,-204034,260,-270,-268,249,254,549,1,7,3,1650
1262616170,962,3419,1,-204035,222,-270,-268,249,254,548,1,7,3,1650
1262617171,1001,3420,1,-204036,222,-270,-269,249,254,548,1,7,3,1650
1262618221,1050,3420,0,-204036,257,-269,-252,249,254,548,1,7,3,1650
1262619185,964,3421,1,-204037,235,-269,-252,249,254,547,1,7,3,1650
1262620212,1027,3422,1,-204038,255,-268,-252,249,254,546,1,7,3,1650
1262621283,1071,3423,1,-204039,333,-267,-252,249,254,545,1,7,3,1650
1262622376,1093,3424,1,-204040,426,-266,-243,249,254,544,1,7,3,1650
1262623245,869,3425,1,-204041,290,-266,-244,249,254,543,1,7,3,1650
1262624203,958,3426,1,-204042,252,-265,-244,249,254,542,1,7,3,1650
1262625229,1026,3428,2,-204044,266,-264,-252,249,254,541,1,7,3,1650
1262626267,1038,3429,1,-204045,312,-264,-260,249,254,540,1,7,3,1650
1262627233,966,3430,1,-204046,285,-264,-260,249,254,539,1,7,3,1650
1262628210,977,3431,1,-204047,256,-264,-260,249,254,538,1,7,3,1650
1262629219,1009,3432,1,-204048,268,-263,-252,249,254,537,1,7,3,1650
1262630249,1030,3434,2,-204050,294,-263,-268,249,254,535,1,7,3,1650
1262631234,985,3435,1,-204051,282,-264,-267,249,253,534,1,7,3,1650
1262632237,1003,3436,1,-204052,283,-263,-260,249,251,533,1,7,3,1650
1262633194,957,3437,1,-204053,248,-263,-262,249,251,533,1,7,3,1650
1262634234,1040,3438,1,-204054,279,-263,-260,249,249,532,1,7,3,1650
1262635207,973,3439,1,-204055,255,-263,-260,249,249,531,1,7,3,1650
1262636187,980,3440,1,-204056,222,-263,-260,249,249,530,1,7,3,1650
1262637182,995,3441,1,-204057,221,-263,-261,249,249,529,1,7,3,1650
1262638208,1026,3442,1,-204058,255,-263,-260,249,249,528,1,7,3,1650
1262639213,1005,3443,1,-204059,267,-262,-252,244,249,527,1,7,3,1650
1262640220,1007,3444,1,-204060,255,-262,-252,244,249,526,1,7,3,1650
1262641306,1086,3445,1,-204061,345,-262,-252,244,249,526,1,7,3,1650
1262642418,1112,3446,1,-204062,454,-261,-251,244,249,525,1,7,3,1650
1262643247,829,3447,1,-204063,288,-261,-252,244,249,524,1,7,3,1650
1262644202,955,3448,1,-204064,252,-260,-252,244,249,523,1,7,3,1650
1262645213,1011,3449,1,-204065,266,-260,-252,244,249,522,1,7,3,1650
1262646249,1036,3450,1,-204066,289,-260,-252,244,249,521,1,7,3,1650
1262647248,999,3451,1,-204067,298,-259,-252,244,249,520,1,7,3,1650
1262648203,955,3453,2,-204069,244,-259,-260,244,249,519,1,7,3,1650
1262649216,1013,3454,1,-204070,265,-260,-268,244,249,518,1,7,3,1650
1262650241,1025,3455,1,-204071,287,-260,-268,244,249,517,1,7,3,1650
1262651236,995,3456,1,-204072,279,-260,-268,244,249,516,1,7,3,1650
1262652230,994,3457,1,-204073,271,-261,-268,244,249,515,1,7,3,1650
1262653213,983,3458,1,-204074,253,-261,-269,244,249,514,1,7,3,1650
1262654248,1035,3459,1,-204075,290,-261,-268,244,249,513,1,7,3,1650
1262655199,951,3460,1,-204076,250,-262,-268,244,249,512,1,7,3,1650
1262656173,974,3461,1,-204077,223,-262,-260,244,249,512,1,7,3,1650
1262657169,996,3462,1,-204078,221,-262,-261,244,249,511,1,7,3,1650
1262658209,1040,3462,0,-204078,253,-261,-252,244,249,511,1,7,3,1650
1262659197,988,3463,1,-204079,237,-261,-252,244,249,510,1,7,3,1650
1262660198,1001,3464,1,-204080,245,-260,-252,244,247,509,1,7,3,1650
1262661284,1086,3465,1,-204081,335,-260,-244,244,245,508,1,7,3,1650
1262662403,1119,3466,1,-204082,436,-259,-243,244,243,507,1,7,3,1650
1262663243,840,3467,1,-204083,283,-259,-244,244,243,506,1,7,3,1650
1262664265,1022,3468,1,-204084,315,-258,-244,239,244,505,1,7,3,1650
1262665220,955,3469,1,-204085,266,-257,-244,239,244,504,1,7,3,1650
1262666266,1046,3470,1,-204086,317,-257,-243,239,244,504,1,7,3,1650
1262667248,982,3471,1,-204087,294,-256,-244,239,244,503,1,7,3,1650
1262668209,961,3472,1,-204088,248,-256,-244,239,244,502,1,7,3,1650
1262669223,1014,3474,2,-204090,264,-256,-252,239,244,500,1,7,3,1650
1262670268,1045,3475,1,-204091,306,-256,-252,239,244,499,1,7,3,1650
1262671225,957,3476,1,-204092,275,-255,-252,239,244,498,1,7,3,1650
1262672233,1008,3477,1,-204093,283,-255,-253,239,244,497,1,7,3,1650
1262673205,972,3478,1,-204094,247,-255,-254,239,244,497,1,7,3,1650
1262674229,1024,3479,1,-204095,278,-255,-252,239,244,496,1,7,3,1650
1262675213,984,3480,1,-204096,254,-255,-252,239,244,495,1,7,3,1650
1262676170,957,3481,1,-204097,222,-255,-252,239,244,494,1,7,3,1650
1262677171,1001,3482,1,-204098,222,-255,-253,239,244,493,1,7,3,1650
1262678213,1042,3483,1,-204099,257,-254,-244,239,244,492,1,7,3,1650
1262679196,983,3483,0,-204099,239,-254,-236,239,244,492,1,7,3,1650
1262680195,999,3484,1,-204100,245,-253,-236,239,244,491,1,7,3,1650
1262681280,1085,3485,1,-204101,316,-252,-236,239,244,490,1,7,3,1650
1262682404,1124,3487,2,-204103,446,-252,-243,239,244,489,1,7,3,1650
1262683245,841,3487,0,-204103,276,-251,-236,239,243,489,1,7,3,1650
1262684217,972,3488,1,-204104,254,-251,-236,239,240,488,1,7,3,1650
1262685207,990,3489,1,-204105,256,-250,-236,239,240,487,1,7,3,1650
1262686297,1090,3490,1,-204106,340,-250,-235,239,239,486,1,7,3,1650
1262687220,923,3491,1,-204107,265,-249,-236,239,239,485,1,7,3,1650
1262688210,990,3493,2,-204109,255,-249,-252,239,239,483,1,7,3,1650
1262689248,1038,3494,1,-204110,289,-249,-252,234,239,483,1,7,3,1650
1262690260,1012,3495,1,-204111,304,-249,-252,234,239,482,1,7,3,1650
1262691252,992,3496,1,-204112,301,-249,-252,234,239,481,1,7,3,1650
1262692239,987,3497,1,-204113,289,-250,-252,234,239,480,1,7,3,1650
1262693188,949,3498,1,-204114,242,-250,-254,234,239,479,1,7,3,1650
1262694249,1061,3499,1,-204115,295,-250,-252,234,239,478,1,7,3,1650
1262695226,977,3500,1,-204116,264,-250,-252,234,239,477,1,7,3,1650
1262696170,944,3501,1,-204117,223,-250,-252,234,239,476,1,7,3,1650
1262697183,1013,3501,0,-204117,223,-250,-245,234,239,476,1,7,3,1650
1262698212,1029,3502,1,-204118,262,-250,-244,234,239,475,1,7,3,1650
1262699189,977,3503,1,-204119,240,-249,-244,234,239,475,1,7,3,1650
1262700199,1010,3504,1,-204120,247,-249,-236,234,239,474,1,7,3,1650
1262701290,1091,3505,1,-204121,329,-248,-235,234,239,473,1,7,3,1650
1262702413,1123,3506,1,-204122,447,-248,-235,234,239,472,1,7,3,1650
1262703242,829,3507,1,-204123,293,-247,-236,234,239,471,1,7,3,1650
1262704228,986,3507,0,-204123,267,-247,-228,234,239,471,1,7,3,1650
1262705221,993,3509,2,-204125,271,-246,-236,234,239,469,1,7,3,1650
1262706274,1053,3510,1,-204126,313,-246,-235,234,239,468,1,7,3,1650
1262707230,956,3511,1,-204127,267,-245,-236,234,239,468,1,7,3,1650
1262708206,976,3512,1,-204128,247,-245,-236,234,239,467,1,7,3,1650
1262709223,1017,3513,1,-204129,260,-245,-244,234,236,466,1,7,3,1650
1262710252,1029,3514,1,-204130,302,-245,-244,234,234,465,1,7,3,1650
1262711228,976,3515,1,-204131,271,-245,-244,234,234,464,1,7,3,1650
1262712244,1016,3516,1,-204132,287,-245,-244,234,232,463,1,7,3,1650
1262713208,964,3517,1,-204133,250,-245,-238,234,233,462,1,7,3,1650
1262714283,1075,3518,1,-204134,336,-244,-244,228,233,461,1,7,3,1650
1262715223,940,3520,2,-204136,262,-245,-252,228,233,460,1,7,3,1650
1262716180,957,3520,0,-204136,222,-245,-244,228,233,460,1,7,3,1650
1262717182,1002,3521,1,-204137,221,-245,-245,228,233,459,1,7,3,1650
1262718206,1024,3522,1,-204138,257,-245,-244,228,233,458,1,7,3,1650
1262719202,996,3523,1,-204139,242,-244,-236,228,233,457,1,7,3,1650
1262720211,1009,3524,1,-204140,253,-244,-237,228,233,456,1,7,3,1650
1262721287,1076,3525,1,-204141,329,-244,-236,228,233,455,1,7,3,1650
1262722399,1112,3526,1,-204142,430,-243,-235,228,233,454,1,7,3,1650
1262723249,850,3527,1,-204143,286,-243,-236,228,233,454,1,7,3,1650
1262724215,966,3527,0,-204143,259,-243,-228,228,233,454,1,7,3,1650
1262725217,1002,3528,1,-204144,268,-242,-229,228,233,453,1,7,3,1650
1262726279,1062,3529,1,-204145,316,-241,-227,228,233,452,1,7,3,1650
1262727236,957,3530,1,-204146,275,-241,-236,228,233,451,1,7,3,1650
1262728208,972,3532,2,-204148,250,-241,-244,228,233,449,1,7,3,1650
1262729234,1026,3532,0,-204148,271,-241,-236,228,233,449,1,7,3,1650
1262730258,1024,3534,2,-204150,296,-241,-244,228,232,447,1,7,3,1650
1262731221,963,3535,1,-204151,270,-241,-244,228,232,446,1,7,3,1650
1262732248,1027,3536,1,-204152,289,-241,-244,228,230,446,1,7,3,1650
1262733192,944,3537,1,-204153,245,-242,-246,228,227,445,1,7,3,1650
1262734239,1047,3538,1,-204154,284,-242,-252,228,227,444,1,7,3,1650
1262735207,968,3539,1,-204155,247,-242,-252,228,228,443,1,7,3,1650
1262736175,968,3540,1,-204156,222,-242,-245,228,228,442,1,7,3,1650
1262737171,996,3540,0,-204156,221,-242,-237,228,228,442,1,7,3,1650
1262738222,1051,3541,1,-204157,265,-242,-236,228,228,441,1,7,3,1650
1262739227,1005,3542,1,-204158,267,-242,-236,223,228,440,1,7,3,1650
1262740214,987,3543,1,-204159,266,-242,-236,223,228,439,1,7,3,1650
1262741305,1091,3544,1,-204160,344,-241,-235,223,228,439,1,7,3,1650
1262742415,1110,3545,1,-204161,459,-241,-235,223,228,438,1,7,3,1650
1262743247,832,3545,0,-204161,290,-241,-228,223,228,438,1,7,3,1650
1262744217,970,3546,1,-204162,250,-240,-228,223,228,437,1,7,3,1650
1262745216,999,3547,1,-204163,267,-240,-229,223,228,436,1,7,3,1650
1262746226,1010,3548,1,-204164,272,-239,-228,223,228,435,1,7,3,1650
1262747249,1023,3549,1,-204165,291,-239,-227,223,228,434,1,7,3,1650
1262748203,954,3550,1,-204166,255,-238,-228,223,228,433,1,7,3,1650
1262749222,1019,3551,1,-204167,262,-238,-228,223,228,432,1,7,3,1650
1262750246,1024,3552,1,-204168,286,-237,-228,223,228,432,1,7,3,1650
1262751232,986,3553,1,-204169,280,-237,-228,223,228,431,1,7,3,1650
1262752237,1005,3554,1,-204170,276,-237,-229,223,228,430,1,7,3,1650
1262753209,972,3555,1,-204171,256,-237,-230,223,228,429,1,7,3,1650
1262754235,1026,3556,1,-204172,275,-236,-236,223,228,428,1,7,3,1650
1262755219,984,3557,1,-204173,256,-236,-236,223,228,427,1,7,3,1650
1262756175,956,3558,1,-204174,221,-236,-237,223,228,426,1,7,3,1650
1262757177,1002,3559,1,-204175,221,-236,-237,223,228,425,1,7,3,1650
1262758195,1018,3560,1,-204176,246,-236,-237,223,228,425,1,7,3,1650
1262759209,1014,3561,1,-204177,250,-236,-228,223,227,424,1,7,3,1650
1262760203,994,3561,0,-204177,244,-236,-229,223,227,424,1,7,3,1650
1262761294,1091,3562,1,-204178,339,-235,-219,223,225,423,1,7,3,1650
1262762409,1115,3563,1,-204179,452,-234,-219,223,223,422,1,7,3,1650
1262763248,839,3564,1,-204180,283,-234,-219,223,223,421,1,7,3,1650
1262764263,1015,3565,1,-204181,312,-233,-220,218,223,420,1,7,3,1650
1262765220,957,3566,1,-204182,264,-233,-220,218,223,419,1,7,3,1650
1262766286,1066,3567,1,-204183,332,-232,-219,218,223,418,1,7,3,1650
1262767238,952,3567,0,-204183,286,-232,-219,218,223,418,1,7,3,1650
1262768196,958,3568,1,-204184,250,-231,-220,218,223,417,1,7,3,1650
1262769212,1016,3569,1,-204185,264,-231,-221,218,223,417,1,7,3,1650
1262770257,1045,3570,1,-204186,296,-230,-219,218,223,416,1,7,3,1650
1262771226,969,3571,1,-204187,271,-230,-220,218,223,415,1,7,3,1650
1262772237,1011,3572,1,-204188,286,-230,-221,218,223,414,1,7,3,1650
1262773207,970,3573,1,-204189,242,-229,-222,218,223,413,1,7,3,1650
1262774233,1026,3574,1,-204190,283,-229,-228,218,223,412,1,7,3,1650
1262775209,976,3575,1,-204191,253,-229,-228,218,223,411,1,7,3,1650
1262776175,966,3576,1,-204192,221,-229,-229,218,223,410,1,7,3,1650
1262777175,1000,3576,0,-204192,225,-229,-221,218,223,410,1,7,3,1650
1262778213,1038,3578,2,-204194,258,-229,-228,218,223,409,1,7,3,1650
1262779180,967,3579,1,-204195,234,-229,-229,218,223,408,1,7,3,1650
1262780203,1023,3580,1,-204196,252,-229,-229,218,223,407,1,7,3,1650
1262781282,1079,3581,1,-204197,317,-229,-227,218,223,406,1,7,3,1650
1262782403,1121,3581,0,-204197,452,-228,-219,218,223,406,1,7,3,1650
1262783236,833,3582,1,-204198,274,-228,-220,218,223,405,1,7,3,1650
1262784202,966,3583,1,-204199,250,-228,-221,218,223,404,1,7,3,1650
1262785216,1014,3584,1,-204200,263,-228,-221,218,223,403,1,7,3,1650
1262786279,1063,3584,0,-204200,328,-227,-211,218,221,403,1,7,3,1650
1262787258,979,3585,1,-204201,289,-226,-211,218,218,403,1,7,3,1650
1262788191,933,3586,1,-204202,245,-226,-213,218,218,402,1,7,3,1650
1262789248,1057,3587,1,-204203,289,-225,-211,213,216,401,1,7,3,1650
1262790289,1041,3588,1,-204204,333,-225,-219,213,218,400,1,7,3,1650
1262791247,958,3589,1,-204205,299,-225,-220,213,218,399,1,7,3,1650
1262792254,1007,3589,0,-204205,297,-224,-213,213,218,399,1,7,3,1650
1262793192,938,3590,1,-204206,235,-224,-214,213,218,398,1,7,3,1650
1262794245,1053,3591,1,-204207,297,-223,-213,213,218,397,1,7,3,1650
1262795217,972,3592,1,-204208,256,-223,-213,213,218,396,1,7,3,1650
1262796167,950,3593,1,-204209,221,-223,-213,213,218,396,1,7,3,1650
1262797183,1016,3594,1,-204210,226,-222,-213,213,218,395,1,7,3,1650
1262798213,1030,3595,1,-204211,262,-222,-220,213,218,394,1,7,3,1650
1262799192,979,3596,1,-204212,234,-222,-221,213,218,393,1,7,3,1650
1262800201,1009,3597,1,-204213,251,-222,-221,213,218,392,1,7,3,1650
1262801291,1090,3599,2,-204215,327,-222,-227,213,218,390,1,7,3,1650
1262802411,1120,3600,1,-204216,461,-222,-227,213,218,389,1,7,3,1650
1262803245,834,3600,0,-204216,274,-222,-219,213,218,389,1,7,3,1650
1262804197,952,3601,1,-204217,251,-222,-221,213,218,388,1,7,3,1650
1262805217,1020,3602,1,-204218,261,-222,-220,213,218,388,1,7,3,1650
1262806276,1059,3603,1,-204219,310,-222,-219,213,218,387,1,7,3,1650
1262807235,959,3604,1,-204220,273,-222,-227,213,216,386,1,7,3,1650
1262808200,965,3604,0,-204220,250,-222,-220,213,216,386,1,7,3,1650
1262809219,1019,3605,1,-204221,262,-222,-211,213,214,385,1,7,3,1650
1262810262,1043,3606,1,-204222,309,-221,-211,213,211,384,1,7,3,1650
1262811228,966,3607,1,-204223,269,-221,-212,213,211,383,1,7,3,1650
1262812246,1018,3608,1,-204224,296,-221,-213,213,213,382,1,7,3,1650
1262813189,943,3608,0,-204224,241,-220,-214,213,213,382,1,7,3,1650
1262814320,1131,3609,1,-204225,354,-220,-211,208,213,381,1,7,3,1650
1262815210,890,3610,1,-204226,249,-220,-213,208,213,381,1,7,3,1650
1262816179,969,3611,1,-204227,222,-219,-213,208,213,380,1,7,3,1650
1262817178,999,3612,1,-204228,222,-220,-221,208,213,379,1,7,3,1650
1262818218,1040,3613,1,-204229,262,-220,-220,208,213,378,1,7,3,1650
1262819186,968,3614,1,-204230,229,-220,-221,208,213,377,1,7,3,1650
1262820226,1040,3615,1,-204231,262,-220,-221,208,213,376,1,7,3,1650
1262821284,1058,3616,1,-204232,336,-220,-219,208,213,375,1,7,3,1650
1262822403,1119,3617,1,-204233,428,-220,-227,208,213,374,1,7,3,1650
1262823252,849,3618,1,-204234,285,-220,-227,208,213,374,1,7,3,1650
1262824217,965,3619,1,-204235,260,-220,-228,208,213,373,1,7,3,1650
1262825227,1010,3620,1,-204236,262,-221,-228,208,213,372,1,7,3,1650
1262826263,1036,3620,0,-204236,308,-221,-219,208,213,372,1,7,3,1650
1262827231,968,3621,1,-204237,274,-221,-219,208,213,371,1,7,3,1650
1262828211,980,3622,1,-204238,247,-221,-220,208,213,370,1,7,3,1650
1262829225,1014,3623,1,-204239,273,-221,-219,208,213,369,1,7,3,1650
1262830283,1058,3624,1,-204240,308,-221,-219,208,213,368,1,7,3,1650
1262831221,938,3624,0,-204240,271,-220,-213,208,211,368,1,7,3,1650
1262832246,1025,3625,1,-204241,284,-220,-205,208,209,367,1,7,3,1650
1262833186,940,3626,1,-204242,240,-219,-206,208,209,367,1,7,3,1650
1262834256,1070,3626,0,-204242,295,-218,-203,208,206,367,1,7,3,1650
1262835196,940,3627,1,-204243,243,-218,-205,208,208,366,1,7,3,1650
1262836178,982,3628,1,-204244,222,-217,-205,208,208,365,1,7,3,1650
1262837178,1000,3629,1,-204245,221,-217,-205,208,208,364,1,7,3,1650
1262838216,1038,3630,1,-204246,265,-217,-211,208,208,363,1,7,3,1650
1262839219,1003,3630,0,-204246,258,-216,-203,202,208,363,1,7,3,1650
1262840222,1003,3631,1,-204247,260,-216,-205,202,208,362,1,7,3,1650
1262841319,1097,3632,1,-204248,351,-215,-203,202,208,361,1,7,3,1650
1262842414,1095,3633,1,-204249,444,-215,-202,202,208,360,1,7,3,1650
1262843241,827,3634,1,-204250,293,-215,-211,202,208,359,1,7,3,1650
1262844208,967,3635,1,-204251,255,-214,-213,202,208,359,1,7,3,1650
1262845213,1005,3636,1,-204252,266,-214,-212,202,208,358,1,7,3,1650
1262846209,996,3637,1,-204253,262,-214,-211,202,208,357,1,7,3,1650
1262847253,1044,3638,1,-204254,303,-214,-211,202,208,356,1,7,3,1650
1262848204,951,3638,0,-204254,245,-214,-205,202,208,356,1,7,3,1650
1262849227,1023,3640,2,-204256,265,-214,-211,202,208,354,1,7,3,1650
1262850258,1031,3641,1,-204257,299,-214,-211,202,208,353,1,7,3,1650
1262851221,963,3641,0,-204257,273,-213,-205,202,208,353,1,7,3,1650
1262852226,1005,3642,1,-204258,276,-213,-205,202,208,352,1,7,3,1650
1262853202,976,3643,1,-204259,255,-213,-206,202,208,352,1,7,3,1650
1262854235,1033,3644,1,-204260,287,-212,-203,202,208,351,1,7,3,1650
1262855199,964,3644,0,-204260,251,-212,-197,202,208,351,1,7,3,1650
1262856174,975,3645,1,-204261,227,-211,-197,202,208,350,1,7,3,1650
1262857170,996,3646,1,-204262,221,-211,-205,202,208,349,1,7,3,1650
1262858196,1026,3646,0,-204262,250,-210,-197,202,208,349,1,7,3,1650
1262859203,1007,3647,1,-204263,245,-210,-197,202,206,348,1,7,3,1650
1262860197,994,3648,1,-204264,244,-209,-197,202,206,347,1,7,3,1650
1262861291,1094,3649,1,-204265,342,-209,-203,202,204,346,1,7,3,1650
1262862393,1102,3650,1,-204266,443,-209,-202,202,201,345,1,7,3,1650
1262863247,854,3651,1,-204267,283,-209,-203,202,201,345,1,7,3,1650
1262864251,1004,3651,0,-204267,301,-208,-196,197,202,345,1,7,3,1650
1262865221,970,3652,1,-204268,267,-208,-203,197,202,344,1,7,3,1650
1262866273,1052,3653,1,-204269,305,-208,-203,197,202,343,1,7,3,1650
1262867249,976,3654,1,-204270,294,-208,-203,197,202,342,1,7,3,1650
1262868192,943,3655,1,-204271,246,-207,-205,197,202,341,1,7,3,1650
1262869214,1022,3656,1,-204272,264,-207,-205,197,202,340,1,7,3,1650
1262870264,1050,3657,1,-204273,309,-207,-211,197,202,339,1,7,3,1650
1262871223,959,3658,1,-204274,274,-208,-213,197,202,338,1,7,3,1650
1262872242,1019,3658,0,-204274,283,-208,-205,197,202,338,1,7,3,1650
1262873202,960,3659,1,-204275,242,-208,-206,197,202,338,1,7,3,1650
1262874244,1042,3660,1,-204276,285,-207,-203,197,202,337,1,7,3,1650
1262875199,955,3661,1,-204277,250,-207,-205,197,202,336,1,7,3,1650
1262876182,983,3661,0,-204277,221,-207,-197,197,202,336,1,7,3,1650
1262877178,996,3662,1,-204278,221,-206,-197,197,202,335,1,7,3,1650
1262878210,1032,3663,1,-204279,262,-206,-203,197,202,334,1,7,3,1650
1262879195,985,3664,1,-204280,238,-206,-205,197,202,333,1,7,3,1650
1262880196,1001,3664,0,-204280,247,-206,-189,197,202,333,1,7,3,1650
1262881281,1085,3665,1,-204281,320,-205,-195,197,202,332,1,7,3,1650
1262882403,1122,3666,1,-204282,447,-205,-194,197,201,331,1,7,3,1650
1262883242,839,3666,0,-204282,280,-204,-187,197,201,331,1,7,3,1650
1262884217,975,3667,1,-204283,250,-204,-189,197,199,330,1,7,3,1650
1262885225,1008,3668,1,-204284,260,-203,-195,197,196,330,1,7,3,1650
1262886277,1052,3669,1,-204285,316,-203,-195,197,196,329,1,7,3,1650
1262887219,942,3669,0,-204285,264,-202,-187,197,197,329,1,7,3,1650
1262888208,989,3670,1,-204286,247,-202,-195,197,197,328,1,7,3,1650
1262889244,1036,3671,1,-204287,292,-202,-195,192,197,327,1,7,3,1650
1262890287,1043,3672,1,-204288,325,-201,-195,192,197,326,1,7,3,1650
1262891257,970,3673,1,-204289,295,-201,-197,192,197,325,1,7,3,1650
1262892241,984,3674,1,-204290,293,-201,-197,192,197,324,1,7,3,1650
1262893202,961,3674,0,-204290,242,-201,-190,192,197,324,1,7,3,1650
1262894236,1034,3675,1,-204291,289,-200,-189,192,197,323,1,7,3,1650
1262895225,989,3676,1,-204292,265,-200,-195,192,197,323,1,7,3,1650
1262896183,958,3677,1,-204293,222,-200,-197,192,197,322,1,7,3,1650
1262897170,987,3678,1,-204294,223,-200,-198,192,197,321,1,7,3,1650
1262898217,1047,3679,1,-204295,255,-200,-195,192,197,320,1,7,3,1650
1262899197,980,3680,1,-204296,239,-200,-197,192,197,319,1,7,3,1650
1262900191,994,3681,1,-204297,245,-199,-197,192,197,318,1,7,3,1650
1262901277,1086,3681,0,-204297,329,-199,-187,192,197,318,1,7,3,1650
1262902411,1134,3682,1,-204298,447,-199,-194,192,197,317,1,7,3,1650
1262903246,835,3683,1,-204299,279,-199,-195,192,197,316,1,7,3,1650
1262904204,958,3684,1,-204300,257,-198,-197,192,197,316,1,7,3,1650
1262905215,1011,3684,0,-204300,260,-198,-187,192,197,316,1,7,3,1650
1262906288,1073,3685,1,-204301,320,-198,-195,192,197,315,1,7,3,1650
1262907230,942,3686,1,-204302,263,-198,-195,192,197,314,1,7,3,1650
1262908204,974,3687,1,-204303,251,-198,-197,192,196,313,1,7,3,1650
1262909225,1021,3687,0,-204303,262,-197,-187,192,194,313,1,7,3,1650
1262910259,1034,3688,1,-204304,305,-197,-195,192,194,312,1,7,3,1650
1262911220,961,3689,1,-204305,269,-197,-197,192,191,311,1,7,3,1650
1262912245,1025,3689,0,-204305,299,-197,-189,192,192,311,1,7,3,1650
1262913189,944,3690,1,-204306,243,-197,-190,192,192,310,1,7,3,1650
1262914292,1103,3691,1,-204307,339,-197,-195,187,192,309,1,7,3,1650
1262915205,913,3692,1,-204308,255,-197,-197,187,192,308,1,7,3,1650
1262916181,976,3693,1,-204309,222,-197,-197,187,192,308,1,7,3,1650
1262917178,997,3694,1,-204310,222,-197,-198,187,192,307,1,7,3,1650
1262918205,1027,3695,1,-204311,259,-197,-205,187,192,306,1,7,3,1650
1262919193,988,3695,0,-204311,236,-197,-197,187,192,306,1,7,3,1650
1262920215,1022,3696,1,-204312,262,-197,-197,187,192,305,1,7,3,1650
1262921290,1075,3697,1,-204313,337,-197,-195,187,192,304,1,7,3,1650
1262922409,1119,3698,1,-204314,434,-197,-194,187,192,303,1,7,3,1650
1262923253,844,3699,1,-204315,288,-197,-203,187,192,302,1,7,3,1650
1262924195,942,3699,0,-204315,249,-197,-197,187,192,302,1,7,3,1650
1262925213,1018,3700,1,-204316,265,-197,-197,187,192,301,1,7,3,1650
1262926279,1066,3701,1,-204317,321,-197,-195,187,192,301,1,7,3,1650
1262927241,962,3702,1,-204318,279,-197,-195,187,192,300,1,7,3,1650
1262928218,977,3702,0,-204318,253,-196,-187,187,192,300,1,7,3,1650
1262929223,1005,3703,1,-204319,270,-196,-187,187,192,299,1,7,3,1650
1262930272,1049,3704,1,-204320,306,-196,-187,187,192,298,1,7,3,1650
1262931223,951,3704,0,-204320,267,-195,-181,187,192,298,1,7,3,1650
1262932242,1019,3705,1,-204321,288,-195,-189,187,191,297,1,7,3,1650
1262933191,949,3706,1,-204322,242,-195,-190,187,191,296,1,7,3,1650
1262934242,1051,3706,0,-204322,285,-194,-179,187,188,296,1,7,3,1650
1262935208,966,3707,1,-204323,253,-194,-181,187,186,295,1,7,3,1650
1262936169,961,3708,1,-204324,221,-193,-189,187,186,294,1,7,3,1650
1262937170,1001,3708,0,-204324,221,-193,-182,187,187,294,1,7,3,1650
1262938218,1048,3709,1,-204325,261,-192,-179,187,187,294,1,7,3,1650
1262939215,997,3710,1,-204326,267,-192,-181,182,187,293,1,7,3,1650
1262940214,999,3710,0,-204326,266,-192,-181,182,187,293,1,7,3,1650
1262941311,1097,3711,1,-204327,350,-191,-178,182,187,292,1,7,3,1650
1262942416,1105,3712,1,-204328,441,-191,-186,182,187,291,1,7,3,1650
1262943252,836,3713,1,-204329,289,-191,-187,182,187,290,1,7,3,1650
1262944207,955,3714,1,-204330,254,-191,-189,182,187,289,1,7,3,1650
1262945232,1025,3715,1,-204331,269,-190,-187,182,187,288,1,7,3,1650
1262946222,990,3715,0,-204331,272,-190,-179,182,187,288,1,7,3,1650
1262947255,1033,3716,1,-204332,299,-190,-179,182,187,287,1,7,3,1650
1262948197,942,3717,1,-204333,249,-189,-181,182,187,287,1,7,3,1650
1262949218,1021,3718,1,-204334,264,-189,-187,182,187,286,1,7,3,1650
1262950246,1028,3719,1,-204335,295,-189,-187,182,187,285,1,7,3,1650
1262951232,986,3720,1,-204336,276,-189,-189,182,187,284,1,7,3,1650
1262952231,999,3720,0,-204336,274,-189,-181,182,187,284,1,7,3,1650
1262953218,987,3721,1,-204337,257,-188,-182,182,187,283,1,7,3,1650
1262954240,1022,3722,1,-204338,285,-188,-187,182,187,282,1,7,3,1650
1262955212,972,3722,0,-204338,251,-188,-181,182,187,282,1,7,3,1650
1262956182,970,3723,1,-204339,222,-188,-181,182,187,281,1,7,3,1650
1262957182,1000,3723,0,-204339,221,-187,-174,182,187,281,1,7,3,1650
1262958199,1017,3724,1,-204340,248,-187,-173,182,187,280,1,7,3,1650
1262959197,998,3725,1,-204341,241,-187,-181,182,186,279,1,7,3,1650
1262960196,999,3725,0,-204341,246,-186,-173,182,183,279,1,7,3,1650
1262961300,1104,3727,2,-204343,336,-186,-187,182,183,278,1,7,3,1650
1262962404,1104,3727,0,-204343,445,-186,-178,182,180,278,1,7,3,1650
1262963239,835,3728,1,-204344,281,-185,-179,182,180,277,1,7,3,1650
1262964261,1022,3728,0,-204344,303,-185,-179,177,182,277,1,7,3,1650
1262965230,969,3729,1,-204345,270,-185,-179,177,182,276,1,7,3,1650
1262966278,1048,3730,1,-204346,316,-185,-178,177,182,275,1,7,3,1650
1262967250,972,3730,0,-204346,290,-184,-179,177,182,275,1,7,3,1650
1262968213,963,3731,1,-204347,251,-184,-181,177,182,274,1,7,3,1650
1262969225,1012,3732,1,-204348,264,-184,-179,177,182,273,1,7,3,1650
1262970263,1038,3733,1,-204349,295,-184,-187,177,182,272,1,7,3,1650
1262971240,977,3734,1,-204350,272,-184,-189,177,182,272,1,7,3,1650
1262972238,998,3735,1,-204351,281,-185,-189,177,182,271,1,7,3,1650
1262973191,953,3735,0,-204351,242,-185,-182,177,182,271,1,7,3,1650
1262974246,1055,3736,1,-204352,280,-184,-179,177,182,270,1,7,3,1650
1262975209,963,3737,1,-204353,249,-184,-181,177,182,269,1,7,3,1650
1262976177,968,3737,0,-204353,221,-184,-174,177,182,269,1,7,3,1650
1262977174,997,3738,1,-204354,221,-184,-181,177,182,268,1,7,3,1650
1262978214,1040,3739,1,-204355,255,-183,-179,177,182,267,1,7,3,1650
1262979194,980,3740,1,-204356,236,-183,-181,177,182,266,1,7,3,1650
1262980214,1020,3741,1,-204357,249,-183,-181,177,182,265,1,7,3,1650
1262981289,1075,3741,0,-204357,324,-183,-171,177,182,265,1,7,3,1650
1262982400,1111,3742,1,-204358,447,-183,-178,177,182,265,1,7,3,1650
1262983240,840,3743,1,-204359,287,-182,-179,177,182,264,1,7,3,1650
1262984194,954,3743,0,-204359,248,-182,-173,177,180,264,1,7,3,1650
1262985216,1022,3744,1,-204360,261,-182,-179,177,180,263,1,7,3,1650
1262986260,1044,3744,0,-204360,314,-182,-170,177,177,263,1,7,3,1650
1262987223,963,3745,1,-204361,272,-181,-179,177,177,262,1,7,3,1650
1262988211,988,3745,0,-204361,247,-181,-171,177,174,262,1,7,3,1650
1262989246,1035,3746,1,-204362,296,-181,-171,172,174,261,1,7,3,1650
1262990279,1033,3747,1,-204363,322,-180,-179,172,177,260,1,7,3,1650
1262991249,970,3748,1,-204364,291,-181,-181,172,177,259,1,7,3,1650
1262992247,998,3748,0,-204364,290,-180,-166,172,177,259,1,7,3,1650
1262993197,950,3749,1,-204365,244,-180,-174,172,177,258,1,7,3,1650
1262994248,1051,3750,1,-204366,294,-179,-173,172,177,258,1,7,3,1650
1262995217,969,3750,0,-204366,256,-179,-174,172,177,258,1,7,3,1650
1262996181,964,3751,1,-204367,223,-179,-174,172,177,257,1,7,3,1650
1262997182,1001,3752,1,-204368,222,-179,-174,172,177,256,1,7,3,1650
1262998217,1035,3753,1,-204369,263,-179,-179,172,177,255,1,7,3,1650
1262999193,976,3753,0,-204369,235,-179,-173,172,177,255,1,7,3,1650
1263000204,1011,3754,1,-204370,252,-178,-173,172,177,254,1,7,3,1650
1263001295,1091,3755,1,-204371,337,-178,-171,172,177,253,1,7,3,1650
1263002410,1115,3756,1,-204372,448,-178,-170,172,177,252,1,7,3,1650
1263003245,835,3757,1,-204373,287,-178,-179,172,177,251,1,7,3,1650
1263004206,961,3757,0,-204373,260,-178,-173,172,177,251,1,7,3,1650
1263005219,1013,3758,1,-204374,262,-177,-171,172,177,250,1,7,3,1650
1263006278,1059,3759,1,-204375,307,-177,-178,172,177,250,1,7,3,1650
1263007236,958,3760,1,-204376,276,-177,-179,172,177,249,1,7,3,1650
1263008205,969,3760,0,-204376,251,-177,-173,172,177,249,1,7,3,1650
1263009226,1021,3761,1,-204377,263,-177,-171,172,174,248,1,7,3,1650
1263010260,1034,3762,1,-204378,304,-177,-171,172,174,247,1,7,3,1650
1263011234,974,3762,0,-204378,273,-176,-165,172,172,247,1,7,3,1650
1263012251,1017,3763,1,-204379,297,-176,-173,172,172,246,1,7,3,1650
1263013197,946,3764,1,-204380,242,-176,-174,172,172,245,1,7,3,1650
1263014321,1124,3764,0,-204380,339,-176,-170,166,172,245,1,7,3,1650
1263015215,894,3765,1,-204381,253,-176,-173,166,172,244,1,7,3,1650
1263016179,964,3765,0,-204381,222,-175,-166,166,172,244,1,7,3,1650
1263017178,999,3766,1,-204382,222,-175,-174,166,172,243,1,7,3,1650
1263018214,1036,3767,1,-204383,263,-175,-179,166,172,243,1,7,3,1650
1263019184,970,3767,0,-204383,235,-175,-173,166,172,243,1,7,3,1650
1263020205,1021,3768,1,-204384,250,-175,-173,166,172,242,1,7,3,1650
1263021301,1096,3769,1,-204385,340,-175,-171,166,172,241,1,7,3,1650
1263022399,1098,3770,1,-204386,439,-175,-178,166,172,240,1,7,3,1650
1263023243,844,3770,0,-204386,280,-175,-171,166,172,240,1,7,3,1650
1263024199,956,3771,1,-204387,253,-175,-173,166,172,239,1,7,3,1650
1263025212,1013,3772,1,-204388,261,-175,-173,166,172,238,1,7,3,1650
1263026262,1050,3773,1,-204389,313,-175,-179,166,172,237,1,7,3,1650
1263027240,978,3773,0,-204389,276,-175,-171,166,172,237,1,7,3,1650
1263028192,952,3774,1,-204390,242,-175,-173,166,172,236,1,7,3,1650
1263029221,1029,3775,1,-204391,264,-175,-179,166,172,236,1,7,3,1650
1263030244,1023,3775,0,-204391,285,-175,-171,166,172,236,1,7,3,1650
1263031224,980,3776,1,-204392,271,-175,-173,166,172,235,1,7,3,1650
1263032237,1013,3777,1,-204393,283,-175,-174,166,172,234,1,7,3,1650
1263033196,959,3778,1,-204394,247,-175,-174,166,169,233,1,7,3,1650
1263034239,1043,3779,1,-204395,285,-175,-179,166,166,232,1,7,3,1650
1263035210,971,3779,0,-204395,250,-175,-173,166,166,232,1,7,3,1650
1263036171,961,3780,1,-204396,222,-175,-174,166,166,231,1,7,3,1650
1263037167,996,3780,0,-204396,222,-174,-166,166,166,231,1,7,3,1650
1263038208,1041,3781,1,-204397,259,-174,-171,166,166,230,1,7,3,1650
1263039227,1019,3782,1,-204398,267,-174,-171,161,166,229,1,7,3,1650
1263040217,990,3782,0,-204398,258,-174,-165,161,166,229,1,7,3,1650
1263041300,1083,3783,1,-204399,345,-174,-171,161,166,229,1,7,3,1650
1263042407,1107,3783,0,-204399,453,-173,-162,161,166,229,1,7,3,1650
1263043260,853,3784,1,-204400,295,-173,-162,161,166,228,1,7,3,1650
1263044203,943,3785,1,-204401,252,-173,-165,161,166,227,1,7,3,1650
1263045229,1026,3785,0,-204401,268,-172,-163,161,166,227,1,7,3,1650
1263046248,1019,3786,1,-204402,286,-172,-171,161,166,226,1,7,3,1650
1263047249,1001,3786,0,-204402,294,-172,-162,161,166,226,1,7,3,1650
1263048194,945,3787,1,-204403,243,-171,-165,161,166,225,1,7,3,1650
1263049211,1017,3787,0,-204403,263,-171,-163,161,166,225,1,7,3,1650
1263050227,1016,3788,1,-204404,279,-171,-163,161,166,224,1,7,3,1650
1263051240,1013,3789,1,-204405,286,-171,-165,161,166,223,1,7,3,1650
1263052222,982,3789,0,-204405,276,-170,-158,161,166,223,1,7,3,1650
1263053217,995,3790,1,-204406,258,-170,-158,161,166,222,1,7,3,1650
1263054243,1026,3791,1,-204407,285,-169,-163,161,166,221,1,7,3,1650
1263055215,972,3791,0,-204407,254,-169,-155,161,166,221,1,7,3,1650
1263056171,956,3792,1,-204408,221,-168,-158,161,166,221,1,7,3,1650
1263057171,1000,3793,1,-204409,221,-168,-158,161,166,220,1,7,3,1650
1263058199,1028,3794,1,-204410,250,-168,-163,161,166,219,1,7,3,1650
1263059198,999,3794,0,-204410,242,-167,-157,161,166,219,1,7,3,1650
1263060196,998,3795,1,-204411,245,-167,-158,161,166,218,1,7,3,1650
1263061294,1098,3796,1,-204412,340,-167,-162,161,162,217,1,7,3,1650
1263062416,1122,3797,1,-204413,451,-167,-162,161,159,216,1,7,3,1650
1263063240,824,3797,0,-204413,281,-166,-154,161,159,216,1,7,3,1650
1263064268,1028,3798,1,-204414,311,-166,-154,156,159,215,1,7,3,1650
1263065217,949,3799,1,-204415,263,-166,-163,156,161,214,1,7,3,1650
1263066284,1067,3799,0,-204415,325,-165,-154,156,161,214,1,7,3,1650
1263067242,958,3800,1,-204416,289,-165,-162,156,161,214,1,7,3,1650
1263068194,952,3801,1,-204417,248,-165,-165,156,161,213,1,7,3,1650
1263069225,1031,3801,0,-204417,264,-165,-157,156,161,213,1,7,3,1650
1263070256,1031,3801,0,-204417,301,-164,-154,156,161,213,1,7,3,1650
1263071230,974,3802,1,-204418,268,-164,-157,156,161,212,1,7,3,1650
1263072248,1018,3803,1,-204419,289,-164,-158,156,161,211,1,7,3,1650
1263073200,952,3803,0,-204419,240,-164,-159,156,161,211,1,7,3,1650
1263074235,1035,3804,1,-204420,288,-163,-154,156,161,210,1,7,3,1650
1263075212,977,3805,1,-204421,251,-163,-157,156,161,209,1,7,3,1650
1263076181,969,3805,0,-204421,228,-163,-158,156,161,209,1,7,3,1650
1263077180,999,3806,1,-204422,221,-163,-158,156,161,208,1,7,3,1650
1263078209,1029,3806,0,-204422,260,-162,-155,156,161,208,1,7,3,1650
1263079178,969,3807,1,-204423,231,-162,-158,156,161,207,1,7,3,1650
1263080202,1024,3807,0,-204423,251,-162,-158,156,161,207,1,7,3,1650
1263081284,1082,3808,1,-204424,323,-162,-154,156,161,207,1,7,3,1650
1263082411,1127,3809,1,-204425,443,-162,-162,156,161,206,1,7,3,1650
1263083229,818,3809,0,-204425,275,-161,-155,156,161,206,1,7,3,1650
1263084206,977,3810,1,-204426,254,-161,-158,156,159,205,1,7,3,1650
1263085223,1017,3811,1,-204427,261,-161,-163,156,159,204,1,7,3,1650
1263086297,1074,3811,0,-204427,339,-161,-154,156,156,204,1,7,3,1650
1263087248,951,3812,1,-204428,291,-161,-154,156,156,203,1,7,3,1650
1263088203,955,3813,1,-204429,248,-160,-155,156,153,202,1,7,3,1650
1263089258,1055,3814,1,-204430,294,-161,-162,151,153,201,1,7,3,1650
1263090285,1027,3814,0,-204430,319,-160,-154,151,156,201,1,7,3,1650
1263091248,963,3815,1,-204431,299,-160,-157,151,156,200,1,7,3,1650
1263092254,1006,3815,0,-204431,300,-160,-150,151,156,200,1,7,3,1650
1263093194,940,3816,1,-204432,234,-159,-151,151,156,200,1,7,3,1650
1263094244,1050,3817,1,-204433,286,-159,-157,151,156,199,1,7,3,1650
1263095218,974,3817,0,-204433,257,-159,-146,151,156,199,1,7,3,1650
1263096168,950,3818,1,-204434,221,-159,-150,151,156,198,1,7,3,1650
1263097180,1012,3819,1,-204435,221,-159,-158,151,156,197,1,7,3,1650
1263098210,1030,3819,0,-204435,258,-158,-146,151,156,197,1,7,3,1650
1263099194,984,3820,1,-204436,236,-158,-150,151,156,196,1,7,3,1650
1263100198,1004,3821,1,-204437,248,-158,-158,151,156,195,1,7,3,1650
1263101277,1079,3821,0,-204437,329,-158,-154,151,156,195,1,7,3,1650
1263102416,1139,3822,1,-204438,457,-157,-154,151,156,194,1,7,3,1650
1263103248,832,3822,0,-204438,279,-157,-154,151,156,194,1,7,3,1650
1263104194,946,3823,1,-204439,248,-157,-158,151,156,193,1,7,3,1650
1263105212,1018,3823,0,-204439,261,-157,-146,151,156,193,1,7,3,1650
1263106282,1070,3824,1,-204440,322,-157,-154,151,156,192,1,7,3,1650
1263107226,944,3824,0,-204440,268,-156,-146,151,156,192,1,7,3,1650
1263108202,976,3825,1,-204441,251,-156,-150,151,153,192,1,7,3,1650
1263109212,1010,3825,0,-204441,261,-156,-146,151,153,192,1,7,3,1650
1263110267,1055,3826,1,-204442,313,-156,-154,151,149,191,1,7,3,1650
1263111232,965,3827,1,-204443,266,-156,-157,151,149,190,1,7,3,1650
1263112256,1024,3827,0,-204443,299,-155,-150,151,151,190,1,7,3,1650
1263113192,936,3828,1,-204444,240,-155,-151,151,151,189,1,7,3,1650
1263114314,1122,3828,0,-204444,340,-155,-146,146,151,189,1,7,3,1650
1263115205,891,3829,1,-204445,254,-155,-150,146,151,188,1,7,3,1650
1263116180,975,3829,0,-204445,226,-154,-142,146,151,188,1,7,3,1650
1263117178,998,3830,1,-204446,222,-154,-150,146,151,187,1,7,3,1650
1263118219,1041,3831,1,-204447,260,-154,-146,146,151,186,1,7,3,1650
1263119190,971,3831,0,-204447,231,-153,-142,146,151,186,1,7,3,1650
1263120217,1027,3832,1,-204448,259,-153,-142,146,151,185,1,7,3,1650
1263121301,1084,3833,1,-204449,337,-153,-146,146,151,185,1,7,3,1650
1263122396,1095,3834,1,-204450,436,-153,-154,146,151,184,1,7,3,1650
1263123247,851,3834,0,-204450,282,-152,-146,146,151,184,1,7,3,1650
1263124218,971,3835,1,-204451,259,-152,-150,146,151,183,1,7,3,1650
1263125228,1010,3835,0,-204451,264,-152,-146,146,151,183,1,7,3,1650
1263126277,1049,3836,1,-204452,322,-152,-146,146,151,182,1,7,3,1650
1263127240,963,3837,1,-204453,277,-152,-146,146,151,181,1,7,3,1650
1263128206,966,3837,0,-204453,249,-151,-142,146,151,181,1,7,3,1650
1263129216,1010,3838,1,-204454,268,-151,-146,146,151,180,1,7,3,1650
1263130247,1031,3839,1,-204455,297,-151,-146,146,151,179,1,7,3,1650
1263131228,981,3839,0,-204455,268,-150,-142,146,151,179,1,7,3,1650
1263132229,1001,3840,1,-204456,282,-150,-150,146,151,178,1,7,3,1650
1263133209,980,3841,1,-204457,248,-150,-151,146,149,178,1,7,3,1650
1263134238,1029,3841,0,-204457,287,-150,-146,146,149,178,1,7,3,1650
1263135196,958,3842,1,-204458,250,-150,-150,146,146,177,1,7,3,1650
1263136171,975,3842,0,-204458,221,-150,-150,146,146,177,1,7,3,1650
1263137170,999,3842,0,-204458,221,-150,-142,146,146,177,1,7,3,1650
1263138208,1038,3843,1,-204459,258,-150,-146,146,146,176,1,7,3,1650
1263139223,1015,3844,1,-204460,273,-150,-155,141,146,175,1,7,3,1650
1263140213,990,3844,0,-204460,255,-150,-150,141,146,175,1,7,3,1650
1263141302,1089,3845,1,-204461,354,-150,-146,141,146,174,1,7,3,1650
1263142420,1118,3845,0,-204461,454,-150,-146,141,146,174,1,7,3,1650
1263143248,828,3846,1,-204462,291,-150,-146,141,146,173,1,7,3,1650
1263144214,966,3846,0,-204462,252,-149,-142,141,146,173,1,7,3,1650
1263145216,1002,3847,1,-204463,268,-149,-146,141,146,172,1,7,3,1650
1263146207,991,3847,0,-204463,258,-149,-146,141,146,172,1,7,3,1650
1263147246,1039,3848,1,-204464,295,-149,-146,141,146,171,1,7,3,1650
1263148199,953,3848,0,-204464,247,-149,-142,141,146,171,1,7,3,1650
1263149223,1024,3849,1,-204465,265,-149,-146,141,146,171,1,7,3,1650
1263150256,1033,3850,1,-204466,296,-148,-146,141,146,170,1,7,3,1650
1263151223,967,3850,0,-204466,275,-148,-142,141,146,170,1,7,3,1650
1263152227,1004,3851,1,-204467,273,-148,-142,141,146,169,1,7,3,1650
1263153206,979,3852,1,-204468,254,-148,-143,141,146,168,1,7,3,1650
1263154234,1028,3852,0,-204468,280,-147,-138,141,146,168,1,7,3,1650
1263155213,979,3853,1,-204469,253,-147,-142,141,146,167,1,7,3,1650
1263156188,975,3854,1,-204470,222,-147,-150,141,146,166,1,7,3,1650
1263157167,979,3854,0,-204470,221,-147,-142,141,146,166,1,7,3,1650
1263158203,1036,3855,1,-204471,248,-147,-142,141,146,165,1,7,3,1650
1263159195,992,3856,1,-204472,237,-147,-150,141,146,164,1,7,3,1650
1263160210,1015,3856,0,-204472,246,-147,-142,141,146,164,1,7,3,1650
1263161282,1072,3857,1,-204473,331,-147,-146,141,146,163,1,7,3,1650
1263162413,1131,3857,0,-204473,455,-146,-138,141,142,163,1,7,3,1650
1263163244,831,3858,1,-204474,281,-146,-138,141,142,163,1,7,3,1650
1263164254,1010,3859,1,-204475,308,-146,-146,135,142,162,1,7,3,1650
1263165225,971,3859,0,-204475,266,-146,-138,135,139,162,1,7,3,1650
1263166285,1060,3860,1,-204476,317,-146,-146,135,139,161,1,7,3,1650
1263167242,957,3860,0,-204476,289,-146,-146,135,141,161,1,7,3,1650
1263168211,969,3861,1,-204477,249,-146,-146,135,141,160,1,7,3,1650
1263169217,1006,3861,0,-204477,266,-146,-142,135,141,160,1,7,3,1650
1263170279,1062,3862,1,-204478,316,-146,-146,135,141,159,1,7,3,1650
1263171244,965,3862,0,-204478,277,-146,-142,135,141,159,1,7,3,1650
1263172228,984,3863,1,-204479,282,-145,-142,135,141,158,1,7,3,1650
1263173210,982,3863,0,-204479,251,-145,-143,135,141,158,1,7,3,1650
1263174242,1032,3864,1,-204480,278,-145,-146,135,141,157,1,7,3,1650
1263175210,968,3864,0,-204480,249,-145,-142,135,141,157,1,7,3,1650
1263176171,961,3864,0,-204480,222,-145,-134,135,141,157,1,7,3,1650
1263177182,1011,3865,1,-204481,221,-145,-142,135,141,156,1,7,3,1650
1263178212,1030,3865,0,-204481,260,-144,-138,135,141,156,1,7,3,1650
1263179182,970,3866,1,-204482,236,-144,-142,135,141,156,1,7,3,1650
1263180208,1026,3866,0,-204482,245,-144,-134,135,141,156,1,7,3,1650
1263181281,1073,3867,1,-204483,324,-144,-138,135,141,155,1,7,3,1650
1263182412,1131,3868,1,-204484,455,-143,-137,135,139,154,1,7,3,1650
1263183244,832,3868,0,-204484,274,-143,-130,135,139,154,1,7,3,1650
1263184203,959,3869,1,-204485,249,-143,-134,135,139,153,1,7,3,1650
1263185227,1024,3869,0,-204485,263,-142,-130,135,135,153,1,7,3,1650
1263186287,1060,3870,1,-204486,336,-142,-130,135,135,152,1,7,3,1650
1263187249,962,3870,0,-204486,301,-141,-130,135,135,152,1,7,3,1650
1263188201,952,3871,1,-204487,251,-141,-134,135,135,151,1,7,3,1650
1263189238,1037,3872,1,-204488,290,-140,-130,131,135,150,1,7,3,1650
1263190278,1040,3872,0,-204488,324,-140,-130,131,135,150,1,7,3,1650
1263191262,984,3873,1,-204489,314,-140,-134,131,135,149,1,7,3,1650
1263192247,985,3873,0,-204489,292,-139,-126,131,135,149,1,7,3,1650
1263193184,937,3874,1,-204490,233,-139,-135,131,135,149,1,7,3,1650
1263194250,1066,3875,1,-204491,304,-139,-134,131,135,148,1,7,3,1650
1263195203,953,3875,0,-204491,254,-138,-126,131,135,148,1,7,3,1650
1263196186,983,3876,1,-204492,226,-138,-134,131,135,147,1,7,3,1650
1263197181,995,3876,0,-204492,221,-138,-126,131,135,147,1,7,3,1650
1263198220,1039,3877,1,-204493,259,-137,-130,131,135,146,1,7,3,1650
1263199198,978,3878,1,-204494,238,-137,-134,131,135,145,1,7,3,1650
1263200198,1000,3878,0,-204494,247,-137,-134,131,135,145,1,7,3,1650
1263201266,1068,3878,0,-204494,318,-137,-130,131,135,145,1,7,3,1650
1263202416,1150,3879,1,-204495,450,-137,-129,131,135,144,1,7,3,1650
1263203245,829,3880,1,-204496,273,-137,-138,131,135,143,1,7,3,1650
1263204209,964,3880,0,-204496,260,-136,-134,131,135,143,1,7,3,1650
1263205214,1005,3881,1,-204497,260,-137,-138,131,135,142,1,7,3,1650
1263206293,1079,3881,0,-204497,335,-137,-138,131,135,142,1,7,3,1650
1263207221,928,3882,1,-204498,263,-137,-138,131,135,142,1,7,3,1650
1263208204,983,3882,0,-204498,245,-137,-134,131,135,142,1,7,3,1650
1263209218,1014,3883,1,-204499,256,-137,-138,131,135,141,1,7,3,1650
1263210276,1058,3883,0,-204499,319,-137,-138,131,131,141,1,7,3,1650
1263211222,946,3884,1,-204500,262,-137,-142,131,131,140,1,7,3,1650
1263212257,1035,3884,0,-204500,298,-137,-134,131,127,140,1,7,3,1650
1263213184,927,3884,0,-204500,237,-136,-127,131,127,140,1,7,3,1650
1263214305,1121,3885,1,-204501,345,-136,-130,126,127,139,1,7,3,1650
1263215208,903,3885,0,-204501,251,-136,-126,126,130,139,1,7,3,1650
1263216178,970,3886,1,-204502,221,-136,-134,126,130,138,1,7,3,1650
1263217179,1001,3886,0,-204502,226,-135,-126,126,130,138,1,7,3,1650
1263218229,1050,3887,1,-204503,266,-135,-130,126,130,137,1,7,3,1650
1263219187,958,3887,0,-204503,228,-135,-126,126,130,137,1,7,3,1650
1263220208,1021,3888,1,-204504,259,-134,-126,126,130,136,1,7,3,1650
1263221294,1086,3888,0,-204504,330,-134,-122,126,130,136,1,7,3,1650
1263222376,1082,3889,1,-204505,424,-134,-130,126,130,135,1,7,3,1650
1263223251,875,3889,0,-204505,289,-133,-122,126,130,135,1,7,3,1650
1263224210,959,3890,1,-204506,256,-133,-126,126,130,134,1,7,3,1650
1263225230,1020,3891,1,-204507,266,-133,-130,126,130,134,1,7,3,1650
1263226267,1037,3891,0,-204507,313,-132,-122,126,130,134,1,7,3,1650
1263227242,975,3891,0,-204507,280,-132,-122,126,130,134,1,7,3,1650
1263228228,986,3892,1,-204508,264,-132,-122,126,130,133,1,7,3,1650
1263229218,990,3893,1,-204509,269,-131,-122,126,130,132,1,7,3,1650
1263230257,1039,3893,0,-204509,298,-131,-122,126,130,132,1,7,3,1650
1263231224,967,3894,1,-204510,271,-131,-126,126,130,131,1,7,3,1650
1263232228,1004,3894,0,-204510,281,-131,-126,126,130,131,1,7,3,1650
1263233191,963,3895,1,-204511,244,-130,-127,126,130,130,1,7,3,1650
1263234247,1056,3896,1,-204512,288,-130,-130,126,127,129,1,7,3,1650
1263235209,962,3896,0,-204512,247,-130,-126,126,127,129,1,7,3,1650
1263236181,972,3897,1,-204513,221,-130,-126,126,127,128,1,7,3,1650
1263237181,1000,3897,0,-204513,221,-130,-126,126,123,128,1,7,3,1650
1263238207,1026,3898,1,-204514,258,-130,-130,126,123,127,1,7,3,1650
1263239213,1006,3898,0,-204514,266,-130,-126,120,125,127,1,7,3,1650
1263240209,996,3899,1,-204515,252,-130,-126,120,125,127,1,7,3,1650
1263241310,1101,3899,0,-204515,349,-129,-122,120,125,127,1,7,3,1650
1263242406,1096,3900,1,-204516,445,-129,-130,120,125,126,1,7,3,1650
1263243250,844,3900,0,-204516,303,-129,-130,120,125,126,1,7,3,1650
1263244203,953,3900,0,-204516,252,-129,-126,120,125,126,1,7,3,1650
1263245223,1020,3901,1,-204517,267,-129,-130,120,125,125,1,7,3,1650
1263246219,996,3901,0,-204517,258,-129,-122,120,125,125,1,7,3,1650
1263247229,1010,3902,1,-204518,269,-129,-130,120,125,124,1,7,3,1650
1263248203,974,3902,0,-204518,248,-129,-126,120,125,124,1,7,3,1650
1263249217,1014,3903,1,-204519,263,-129,-130,120,125,123,1,7,3,1650
1263250289,1072,3903,0,-204519,324,-129,-122,120,125,123,1,7,3,1650
1263251234,945,3904,1,-204520,285,-129,-126,120,125,122,1,7,3,1650
1263252225,991,3904,0,-204520,275,-128,-126,120,125,122,1,7,3,1650
1263253216,991,3905,1,-204521,255,-128,-127,120,125,121,1,7,3,1650
1263254233,1017,3905,0,-204521,276,-128,-122,120,125,121,1,7,3,1650
1263255212,979,3905,0,-204521,253,-128,-118,120,125,121,1,7,3,1650
1263256182,970,3906,1,-204522,223,-127,-118,120,125,120,1,7,3,1650
1263257178,996,3906,0,-204522,222,-127,-118,120,125,120,1,7,3,1650
1263258213,1035,3906,0,-204522,252,-127,-118,120,125,120,1,7,3,1650
1263259182,969,3907,1,-204523,236,-126,-118,120,125,120,1,7,3,1650
1263260205,1023,3907,0,-204523,244,-126,-110,120,125,120,1,7,3,1650
1263261282,1077,3908,1,-204524,332,-125,-114,120,123,119,1,7,3,1650
1263262394,1112,3909,1,-204525,438,-125,-121,120,123,118,1,7,3,1650
1263263246,852,3909,0,-204525,287,-125,-114,120,123,118,1,7,3,1650
1263264270,1024,3910,1,-204526,310,-124,-114,115,119,117,1,7,3,1650
1263265214,944,3910,0,-204526,263,-124,-114,115,119,117,1,7,3,1650
1263266283,1069,3911,1,-204527,324,-123,-114,115,120,116,1,7,3,1650
1263267248,965,3912,1,-204528,296,-123,-122,115,120,115,1,7,3,1650
1263268210,962,3912,0,-204528,246,-123,-114,115,120,115,1,7,3,1650
1263269226,1016,3913,1,-204529,266,-123,-122,115,120,114,1,7,3,1650
1263270249,1023,3913,0,-204529,303,-123,-114,115,120,114,1,7,3,1650
1263271227,978,3913,0,-204529,280,-122,-110,115,120,114,1,7,3,1650
1263272236,1009,3914,1,-204530,282,-122,-118,115,120,113,1,7,3,1650
1263273187,951,3914,0,-204530,241,-122,-111,115,120,113,1,7,3,1650
1263274244,1057,3915,1,-204531,293,-122,-122,115,120,113,1,7,3,1650
1263275211,967,3916,1,-204532,252,-122,-126,115,120,112,1,7,3,1650
1263276168,957,3916,0,-204532,221,-122,-118,115,120,112,1,7,3,1650
1263277167,999,3917,1,-204533,221,-122,-126,115,120,111,1,7,3,1650
1263278210,1043,3917,0,-204533,261,-122,-122,115,120,111,1,7,3,1650
1263279191,981,3918,1,-204534,233,-122,-126,115,120,110,1,7,3,1650
1263280202,1011,3918,0,-204534,245,-122,-118,115,120,110,1,7,3,1650
1263281279,1077,3919,1,-204535,328,-122,-122,115,120,109,1,7,3,1650
1263282409,1130,3919,0,-204535,447,-122,-121,115,120,109,1,7,3,1650
1263283243,834,3920,1,-204536,274,-122,-122,115,120,108,1,7,3,1650
1263284211,968,3920,0,-204536,252,-122,-118,115,120,108,1,7,3,1650
1263285212,1001,3920,0,-204536,262,-122,-122,115,119,108,1,7,3,1650
1263286290,1078,3921,1,-204537,334,-122,-122,115,119,107,1,7,3,1650
1263287247,957,3921,0,-204537,298,-122,-122,115,115,107,1,7,3,1650
1263288200,953,3922,1,-204538,248,-122,-126,115,115,106,1,7,3,1650
1263289258,1058,3922,0,-204538,294,-122,-122,110,115,106,1,7,3,1650
1263290274,1016,3922,0,-204538,314,-122,-122,110,115,106,1,7,3,1650
1263291261,987,3923,1,-204539,311,-122,-126,110,115,105,1,7,3,1650
1263292244,983,3923,0,-204539,290,-122,-118,110,115,105,1,7,3,1650
1263293182,938,3924,1,-204540,233,-122,-119,110,115,105,1,7,3,1650
1263294269,1087,3924,0,-204540,301,-122,-118,110,115,105,1,7,3,1650
1263295199,930,3925,1,-204541,251,-121,-118,110,115,104,1,7,3,1650
1263296180,981,3925,0,-204541,224,-121,-118,110,115,104,1,7,3,1650
1263297177,997,3926,1,-204542,221,-121,-119,110,115,103,1,7,3,1650
1263298208,1031,3926,0,-204542,257,-121,-110,110,115,103,1,7,3,1650
1263299200,992,3926,0,-204542,241,-120,-110,110,115,103,1,7,3,1650
1263300192,992,3927,1,-204543,243,-120,-110,110,115,102,1,7,3,1650
1263301285,1093,3927,0,-204543,320,-120,-114,110,115,102,1,7,3,1650
1263302410,1125,3928,1,-204544,447,-119,-113,110,115,101,1,7,3,1650
1263303236,826,3928,0,-204544,278,-119,-114,110,115,101,1,7,3,1650
1263304219,983,3929,1,-204545,258,-119,-118,110,115,100,1,7,3,1650
1263305212,993,3929,0,-204545,260,-119,-106,110,115,100,1,7,3,1650
1263306292,1080,3930,1,-204546,334,-118,-113,110,115,99,1,7,3,1650
1263307228,936,3930,0,-204546,265,-118,-106,110,115,99,1,7,3,1650
1263308192,964,3931,1,-204547,244,-118,-110,110,115,98,1,7,3,1650
1263309216,1024,3931,0,-204547,259,-117,-106,110,115,98,1,7,3,1650
1263310267,1051,3932,1,-204548,317,-117,-114,110,115,98,1,7,3,1650
1263311225,958,3932,0,-204548,265,-117,-110,110,115,98,1,7,3,1650
1263312244,1019,3933,1,-204549,296,-117,-110,110,110,97,1,7,3,1650
1263313192,948,3933,0,-204549,240,-116,-111,110,110,97,1,7,3,1650
1263314303,1111,3934,1,-204550,338,-116,-114,104,106,96,1,7,3,1650
1263315209,906,3935,1,-204551,251,-116,-118,104,106,95,1,7,3,1650
1263316182,973,3935,0,-204551,221,-116,-118,104,106,95,1,7,3,1650
1263317182,1000,3936,1,-204552,226,-116,-119,104,109,94,1,7,3,1650
1263318220,1038,3936,0,-204552,271,-116,-114,104,109,94,1,7,3,1650
1263319185,965,3936,0,-204552,230,-116,-110,104,109,94,1,7,3,1650
1263320211,1026,3937,1,-204553,256,-116,-118,104,109,93,1,7,3,1650
1263321297,1086,3937,0,-204553,334,-116,-114,104,109,93,1,7,3,1650
1263322396,1099,3938,1,-204554,436,-116,-121,104,109,92,1,7,3,1650
1263323246,850,3938,0,-204554,284,-116,-114,104,109,92,1,7,3,1650
1263324218,972,3938,0,-204554,260,-116,-110,104,109,92,1,7,3,1650
1263325214,996,3939,1,-204555,260,-116,-114,104,109,91,1,7,3,1650
1263326281,1067,3939,0,-204555,324,-116,-114,104,109,91,1,7,3,1650
1263327232,951,3940,1,-204556,274,-116,-114,104,109,91,1,7,3,1650
1263328188,956,3940,0,-204556,240,-116,-110,104,109,91,1,7,3,1650
1263329222,1034,3940,0,-204556,264,-115,-114,104,109,91,1,7,3,1650
1263330249,1027,3941,1,-204557,289,-115,-114,104,109,90,1,7,3,1650
1263331220,971,3941,0,-204557,270,-115,-110,104,109,90,1,7,3,1650
1263332244,1024,3942,1,-204558,283,-115,-118,104,106,89,1,7,3,1650
1263333205,961,3942,0,-204558,245,-115,-111,104,106,89,1,7,3,1650
1263334247,1042,3942,0,-204558,284,-115,-106,104,101,89,1,7,3,1650
1263335197,950,3942,0,-204558,246,-114,-102,104,101,89,1,7,3,1650
1263336169,972,3943,1,-204559,222,-114,-110,104,101,88,1,7,3,1650
1263337179,1010,3943,0,-204559,221,-114,-103,104,104,88,1,7,3,1650
1263338203,1024,3944,1,-204560,256,-113,-106,104,104,87,1,7,3,1650
1263339226,1023,3944,0,-204560,276,-113,-106,99,104,87,1,7,3,1650
1263340218,992,3944,0,-204560,258,-113,-102,99,104,87,1,7,3,1650
1263341299,1081,3945,1,-204561,347,-112,-106,99,104,86,1,7,3,1650
1263342424,1125,3945,0,-204561,455,-112,-97,99,104,86,1,7,3,1650
1263343245,821,3945,0,-204561,292,-111,-97,99,104,86,1,7,3,1650
1263344206,961,3946,1,-204562,249,-111,-102,99,104,85,1,7,3,1650
1263345223,1017,3946,0,-204562,265,-110,-89,99,104,85,1,7,3,1650
1263346217,994,3947,1,-204563,268,-110,-98,99,104,84,1,7,3,1650
1263347260,1043,3947,0,-204563,297,-109,-89,99,104,84,1,7,3,1650
1263348206,946,3948,1,-204564,248,-108,-94,99,104,83,1,7,3,1650
1263349217,1011,3948,0,-204564,269,-108,-98,99,104,83,1,7,3,1650
1263350281,1064,3948,0,-204564,319,-107,-89,99,104,83,1,7,3,1650
1263351239,958,3949,1,-204565,281,-107,-94,99,104,83,1,7,3,1650
1263352230,991,3949,0,-204565,273,-106,-95,99,104,83,1,7,3,1650
1263353201,971,3949,0,-204565,253,-105,-87,99,104,83,1,7,3,1650
1263354243,1042,3950,1,-204566,284,-105,-98,99,104,82,1,7,3,1650
1263355217,974,3950,0,-204566,255,-104,-90,99,104,82,1,7,3,1650
1263356176,959,3951,1,-204567,222,-104,-95,99,104,81,1,7,3,1650
1263357171,995,3951,0,-204567,221,-104,-95,99,104,81,1,7,3,1650
1263358210,1039,3952,1,-204568,251,-103,-98,99,104,80,1,7,3,1650
1263359195,985,3952,0,-204568,237,-103,-94,99,104,80,1,7,3,1650
1263360205,1010,3953,1,-204569,244,-103,-102,99,104,79,1,7,3,1650
1263361281,1076,3953,0,-204569,333,-103,-97,99,101,79,1,7,3,1650
1263362410,1129,3954,1,-204570,453,-103,-97,99,101,78,1,7,3,1650
1263363248,838,3954,0,-204570,283,-102,-98,99,101,78,1,7,3,1650
1263364260,1012,3954,0,-204570,308,-102,-98,94,96,78,1,7,3,1650
1263365214,954,3955,1,-204571,262,-102,-106,94,96,77,1,7,3,1650
1263366282,1068,3956,1,-204572,331,-103,-105,94,96,76,1,7,3,1650
1263367241,959,3956,0,-204572,289,-103,-106,94,96,76,1,7,3,1650
1263368201,960,3956,0,-204572,247,-103,-102,94,99,76,1,7,3,1650
1263369224,1023,3957,1,-204573,262,-103,-102,94,99,76,1,7,3,1650
1263370252,1028,3957,0,-204573,292,-103,-106,94,99,76,1,7,3,1650
1263371225,973,3957,0,-204573,277,-103,-102,94,99,76,1,7,3,1650
1263372232,1007,3958,1,-204574,284,-103,-103,94,99,75,1,7,3,1650
1263373193,961,3958,0,-204574,242,-103,-103,94,99,75,1,7,3,1650
1263374247,1054,3959,1,-204575,291,-103,-106,94,99,74,1,7,3,1650
1263375217,970,3959,0,-204575,256,-103,-102,94,99,74,1,7,3,1650
1263376178,961,3959,0,-204575,225,-103,-103,94,99,74,1,7,3,1650
1263377178,1000,3960,1,-204576,221,-103,-103,94,99,73,1,7,3,1650
1263378206,1028,3960,0,-204576,249,-103,-98,94,99,73,1,7,3,1650
1263379199,993,3961,1,-204577,238,-103,-102,94,99,72,1,7,3,1650
1263380202,1003,3961,0,-204577,252,-103,-102,94,99,72,1,7,3,1650
1263381273,1071,3961,0,-204577,319,-102,-98,94,99,72,1,7,3,1650
1263382414,1141,3962,1,-204578,447,-102,-105,94,99,71,1,7,3,1650
1263383240,826,3962,0,-204578,284,-103,-106,94,99,71,1,7,3,1650
1263384214,974,3962,0,-204578,250,-103,-102,94,99,71,1,7,3,1650
1263385215,1001,3962,0,-204578,260,-102,-95,94,99,71,1,7,3,1650
1263386235,1020,3963,1,-204579,281,-102,-97,94,99,70,1,7,3,1650
1263387212,977,3963,0,-204579,260,-102,-98,94,96,70,1,7,3,1650
1263388207,995,3963,0,-204579,246,-102,-94,94,96,70,1,7,3,1650
1263389254,1047,3964,1,-204580,304,-101,-97,89,96,69,1,7,3,1650
1263390308,1054,3964,0,-204580,349,-101,-89,89,90,69,1,7,3,1650
1263391243,935,3964,0,-204580,290,-100,-87,89,90,69,1,7,3,1650
1263392247,1004,3965,1,-204581,289,-100,-95,89,90,69,1,7,3,1650
1263393204,957,3965,0,-204581,247,-100,-87,89,94,69,1,7,3,1650
1263394260,1056,3966,1,-204582,293,-100,-98,89,94,68,1,7,3,1650
1263395201,941,3966,0,-204582,241,-99,-95,89,94,68,1,7,3,1650
1263396171,970,3966,0,-204582,224,-99,-87,89,94,68,1,7,3,1650
1263397174,1003,3967,1,-204583,221,-98,-87,89,94,67,1,7,3,1650
1263398215,1041,3967,0,-204583,262,-98,-89,89,94,67,1,7,3,1650
1263399177,962,3967,0,-204583,230,-98,-87,89,94,67,1,7,3,1650
1263400207,1030,3968,1,-204584,256,-97,-87,89,94,66,1,7,3,1650
1263401292,1085,3968,0,-204584,328,-97,-89,89,94,66,1,7,3,1650
1263402420,1128,3969,1,-204585,446,-97,-89,89,94,65,1,7,3,1650
1263403244,824,3969,0,-204585,288,-96,-89,89,94,65,1,7,3,1650
1263404220,976,3969,0,-204585,255,-96,-87,89,94,65,1,7,3,1650
1263405211,991,3970,1,-204586,262,-96,-87,89,94,64,1,7,3,1650
1263406302,1091,3970,0,-204586,346,-95,-89,89,90,64,1,7,3,1650
1263407221,919,3971,1,-204587,264,-95,-89,89,90,63,1,7,3,1650
1263408192,971,3971,0,-204587,244,-95,-87,89,90,63,1,7,3,1650
1263409216,1024,3971,0,-204587,259,-94,-81,89,90,63,1,7,3,1650
1263410272,1056,3972,1,-204588,309,-94,-89,89,84,62,1,7,3,1650
1263411216,944,3972,0,-204588,265,-94,-87,89,84,62,1,7,3,1650
1263412251,1035,3973,1,-204589,294,-94,-95,89,84,62,1,7,3,1650
1263413190,939,3973,0,-204589,239,-94,-87,89,89,62,1,7,3,1650
1263414300,1110,3973,0,-204589,350,-93,-89,83,89,62,1,7,3,1650
1263415202,902,3974,1,-204590,251,-93,-95,83,89,61,1,7,3,1650
1263416180,978,3975,1,-204591,222,-94,-102,83,89,60,1,7,3,1650
1263417180,1000,3975,0,-204591,222,-94,-95,83,89,60,1,7,3,1650
1263418213,1033,3975,0,-204591,265,-94,-98,83,89,60,1,7,3,1650
1263419186,973,3975,0,-204591,228,-94,-95,83,89,60,1,7,3,1650
1263420203,1017,3976,1,-204592,253,-94,-95,83,89,59,1,7,3,1650
1263421281,1078,3976,0,-204592,330,-94,-98,83,89,59,1,7,3,1650
1263422409,1128,3977,1,-204593,444,-94,-97,83,89,58,1,7,3,1650
1263423260,851,3977,0,-204593,292,-94,-97,83,89,58,1,7,3,1650
1263424194,934,3977,0,-204593,244,-94,-95,83,89,58,1,7,3,1650
1263425215,1021,3977,0,-204593,265,-94,-89,83,89,58,1,7,3,1650
1263426229,1014,3977,0,-204593,283,-94,-89,83,89,58,1,7,3,1650
1263427238,1009,3978,1,-204594,286,-94,-89,83,89,57,1,7,3,1650
1263428209,971,3978,0,-204594,253,-94,-87,83,89,57,1,7,3,1650
1263429217,1008,3979,1,-204595,267,-94,-98,83,89,56,1,7,3,1650
1263430257,1040,3979,0,-204595,296,-94,-89,83,89,56,1,7,3,1650
1263431222,965,3979,0,-204595,271,-93,-87,83,89,56,1,7,3,1650
1263432225,1003,3980,1,-204596,279,-93,-95,83,89,55,1,7,3,1650
1263433204,979,3980,0,-204596,244,-93,-87,83,89,55,1,7,3,1650
1263434247,1043,3980,0,-204596,289,-93,-89,83,89,55,1,7,3,1650
1263435201,954,3981,1,-204597,248,-93,-95,83,84,54,1,7,3,1650
1263436176,975,3981,0,-204597,222,-93,-87,83,84,54,1,7,3,1650
1263437171,995,3981,0,-204597,221,-93,-87,83,84,54,1,7,3,1650
1263438213,1042,3981,0,-204597,254,-92,-81,83,78,54,1,7,3,1650
1263439211,998,3982,1,-204598,264,-92,-87,78,78,54,1,7,3,1650
1263440218,1007,3982,0,-204598,260,-92,-87,78,78,54,1,7,3,1650
1263441298,1080,3982,0,-204598,336,-91,-81,78,78,54,1,7,3,1650
1263442425,1127,3983,1,-204599,461,-91,-81,78,83,53,1,7,3,1650
1263443253,828,3983,0,-204599,286,-90,-81,78,83,53,1,7,3,1650
1263444196,943,3983,0,-204599,246,-90,-79,78,83,53,1,7,3,1650
1263445216,1020,3983,0,-204599,267,-89,-73,78,83,53,1,7,3,1650
1263446212,996,3984,1,-204600,266,-89,-73,78,83,52,1,7,3,1650
1263447246,1034,3984,0,-204600,297,-88,-73,78,83,52,1,7,3,1650
1263448210,964,3984,0,-204600,249,-87,-71,78,83,52,1,7,3,1650
1263449223,1013,3984,0,-204600,266,-87,-73,78,83,52,1,7,3,1650
1263450258,1035,3985,1,-204601,312,-86,-73,78,83,51,1,7,3,1650
1263451227,969,3985,0,-204601,278,-86,-71,78,83,51,1,7,3,1650
1263452226,999,3985,0,-204601,276,-85,-71,78,83,51,1,7,3,1650
1263453211,985,3986,1,-204602,251,-85,-71,78,83,50,1,7,3,1650
1263454248,1037,3986,0,-204602,293,-84,-73,78,83,50,1,7,3,1650
1263455203,955,3986,0,-204602,250,-84,-71,78,83,50,1,7,3,1650
1263456175,972,3987,1,-204603,222,-83,-79,78,83,49,1,7,3,1650
1263457177,1002,3987,0,-204603,221,-83,-79,78,83,49,1,7,3,1650
1263458214,1037,3987,0,-204603,255,-83,-73,78,83,49,1,7,3,1650
1263459194,980,3988,1,-204604,234,-83,-79,78,83,48,1,7,3,1650
1263460202,1008,3988,0,-204604,244,-82,-71,78,83,48,1,7,3,1650
1263461298,1096,3989,1,-204605,337,-82,-81,78,83,47,1,7,3,1650
1263462339,1041,3989,0,-204605,385,-82,-73,78,83,47,1,7,3,1650
1263463245,906,3989,0,-204605,285,-82,-73,78,83,47,1,7,3,1650
1263464233,988,3990,1,-204606,281,-81,-79,73,83,47,1,7,3,1650
1263465214,981,3990,0,-204606,261,-81,-73,73,78,47,1,7,3,1650
1263466287,1073,3990,0,-204606,325,-81,-73,73,78,47,1,7,3,1650
1263467254,967,3991,1,-204607,298,-81,-81,73,78,46,1,7,3,1650
1263468211,957,3991,0,-204607,249,-81,-79,73,78,46,1,7,3,1650
1263469228,1017,3991,0,-204607,274,-80,-73,73,78,46,1,7,3,1650
1263470283,1055,3992,1,-204608,316,-80,-81,73,78,45,1,7,3,1650
1263471237,954,3992,0,-204608,280,-80,-79,73,78,45,1,7,3,1650
1263472253,1016,3992,0,-204608,296,-80,-79,73,78,45,1,7,3,1650
1263473193,940,3993,1,-204609,244,-80,-79,73,78,44,1,7,3,1650
1263474253,1060,3993,0,-204609,288,-80,-81,73,78,44,1,7,3,1650
1263475210,957,3994,1,-204610,254,-81,-87,73,78,43,1,7,3,1650
1263476169,959,3994,0,-204610,221,-81,-87,73,78,43,1,7,3,1650
1263477181,1012,3994,0,-204610,221,-81,-79,73,78,43,1,7,3,1650
1263478220,1039,3995,1,-204611,265,-81,-89,73,78,42,1,7,3,1650
1263479191,971,3995,0,-204611,231,-81,-87,73,78,42,1,7,3,1650
1263480216,1025,3995,0,-204611,255,-81,-87,73,78,42,1,7,3,1650
1263481267,1051,3996,1,-204612,318,-82,-89,73,78,41,1,7,3,1650
1263482413,1146,3996,0,-204612,445,-82,-89,73,78,41,1,7,3,1650
1263483237,824,3996,0,-204612,289,-82,-81,73,78,41,1,7,3,1650
1263484228,991,3997,1,-204613,267,-82,-87,73,78,40,1,7,3,1650
1263485208,980,3997,0,-204613,260,-83,-90,73,78,40,1,7,3,1650
1263486291,1083,3997,0,-204613,333,-82,-81,73,78,40,1,7,3,1650
1263487227,936,3998,1,-204614,262,-83,-89,73,78,40,1,7,3,1650
1263488204,977,3998,0,-204614,252,-83,-87,73,73,40,1,7,3,1650
1263489245,1041,3998,0,-204614,293,-83,-81,67,73,40,1,7,3,1650
1263490290,1045,3998,0,-204614,324,-83,-81,67,71,40,1,7,3,1650
1263491253,963,3998,0,-204614,299,-83,-79,67,71,40,1,7,3,1650
1263492241,988,3999,1,-204615,290,-82,-79,67,71,39,1,7,3,1650
1263493194,953,3999,0,-204615,241,-82,-79,67,71,39,1,7,3,1650
1263494227,1033,3999,0,-204615,272,-82,-79,67,71,39,1,7,3,1650
1263495204,977,4000,1,-204616,244,-82,-79,67,71,38,1,7,3,1650
1263496171,967,4000,0,-204616,222,-82,-79,67,71,38,1,7,3,1650
1263497177,1006,4000,0,-204616,222,-82,-79,67,71,38,1,7,3,1650
1263498209,1032,4001,1,-204617,258,-82,-79,67,64,37,1,7,3,1650
1263499197,988,4001,0,-204617,250,-82,-79,67,64,37,1,7,3,1650
1263500198,1001,4001,0,-204617,247,-81,-79,67,64,37,1,7,3,1650
1263501291,1093,4001,0,-204617,331,-81,-73,67,64,37,1,7,3,1650
1263502414,1123,4002,1,-204618,458,-81,-81,67,67,36,1,7,3,1650
1263503246,832,4002,0,-204618,281,-81,-73,67,67,36,1,7,3,1650
1263504219,973,4002,0,-204618,259,-80,-71,67,67,36,1,7,3,1650
1263505217,998,4002,0,-204618,268,-80,-65,67,67,36,1,7,3,1650
1263506262,1045,4002,0,-204618,308,-79,-65,67,67,36,1,7,3,1650
1263507235,973,4003,1,-204619,283,-79,-73,67,67,35,1,7,3,1650
1263508214,979,4003,0,-204619,245,-79,-71,67,67,35,1,7,3,1650
1263509222,1008,4003,0,-204619,264,-78,-65,67,67,35,1,7,3,1650
1263510248,1026,4004,1,-204620,291,-78,-73,67,67,34,1,7,3,1650
1263511225,977,4004,0,-204620,272,-78,-71,67,67,34,1,7,3,1650
1263512227,1002,4004,0,-204620,281,-77,-63,67,67,34,1,7,3,1650
1263513202,975,4004,0,-204620,248,-77,-63,67,67,34,1,7,3,1650
1263514300,1098,4005,1,-204621,350,-76,-65,62,64,33,1,7,3,1650
1263515222,922,4005,0,-204621,260,-76,-65,62,64,33,1,7,3,1650
1263516175,953,4005,0,-204621,221,-75,-63,62,64,33,1,7,3,1650
1263517178,1003,4005,0,-204621,221,-75,-63,62,64,33,1,7,3,1650
1263518193,1015,4006,1,-204622,247,-74,-63,62,64,33,1,7,3,1650
1263519185,992,4006,0,-204622,236,-74,-63,62,64,33,1,7,3,1650
1263520204,1019,4006,0,-204622,252,-73,-63,62,64,33,1,7,3,1650
1263521286,1082,4007,1,-204623,328,-73,-73,62,64,32,1,7,3,1650
1263522391,1105,4007,0,-204623,442,-73,-65,62,55,32,1,7,3,1650
1263523255,864,4007,0,-204623,297,-73,-65,62,55,32,1,7,3,1650
1263524210,955,4008,1,-204624,256,-73,-71,62,55,31,1,7,3,1650
1263525219,1009,4008,0,-204624,264,-72,-65,62,55,31,1,7,3,1650
1263526219,1000,4008,0,-204624,263,-72,-65,62,62,31,1,7,3,1650
1263527245,1026,4008,0,-204624,296,-72,-65,62,62,31,1,7,3,1650
1263528213,968,4009,1,-204625,250,-72,-65,62,62,30,1,7,3,1650
1263529219,1006,4009,0,-204625,266,-71,-65,62,62,30,1,7,3,1650
1263530266,1047,4009,0,-204625,302,-71,-65,62,62,30,1,7,3,1650
1263531235,969,4010,1,-204626,276,-71,-71,62,62,29,1,7,3,1650
1263532247,1012,4010,0,-204626,288,-71,-71,62,62,29,1,7,3,1650
1263533191,944,4010,0,-204626,245,-71,-63,62,62,29,1,7,3,1650
1263534244,1053,4010,0,-204626,285,-71,-65,62,62,29,1,7,3,1650
1263535201,957,4011,1,-204627,249,-71,-71,62,62,28,1,7,3,1650
1263536167,966,4011,0,-204627,221,-71,-71,62,62,28,1,7,3,1650
1263537171,1004,4011,0,-204627,225,-71,-71,62,62,28,1,7,3,1650
1263538206,1035,4011,0,-204627,256,-70,-63,62,62,28,1,7,3,1650
1263539221,1015,4012,1,-204628,260,-70,-71,56,62,27,1,7,3,1650
1263540210,989,4012,0,-204628,260,-70,-71,56,62,27,1,7,3,1650
1263541299,1089,4012,0,-204628,344,-70,-65,56,62,27,1,7,3,1650
1263542419,1120,4013,1,-204629,455,-70,-73,56,55,26,1,7,3,1650
1263543246,827,4013,0,-204629,287,-70,-73,56,55,26,1,7,3,1650
1263544199,953,4013,0,-204629,246,-70,-71,56,55,26,1,7,3,1650
1263545219,1020,4013,0,-204629,266,-70,-63,56,55,26,1,7,3,1650
1263546213,994,4014,1,-204630,265,-70,-73,56,56,25,1,7,3,1650
1263547255,1042,4014,0,-204630,294,-70,-73,56,56,25,1,7,3,1650
1263548215,960,4014,0,-204630,250,-70,-65,56,56,25,1,7,3,1650
1263549224,1009,4014,0,-204630,267,-70,-65,56,56,25,1,7,3,1650
1263550244,1020,4014,0,-204630,288,-70,-65,56,56,25,1,7,3,1650
1263551220,976,4015,1,-204631,271,-70,-71,56,56,25,1,7,3,1650
1263552233,1013,4015,0,-204631,284,-69,-63,56,56,25,1,7,3,1650
1263553213,980,4015,0,-204631,253,-69,-63,56,56,25,1,7,3,1650
1263554238,1025,4016,1,-204632,284,-69,-65,56,56,24,1,7,3,1650
1263555195,957,4016,0,-204632,246,-69,-63,56,56,24,1,7,3,1650
1263556169,974,4016,0,-204632,223,-69,-63,56,56,24,1,7,3,1650
1263557182,1013,4016,0,-204632,221,-68,-63,56,56,24,1,7,3,1650
1263558208,1026,4017,1,-204633,255,-68,-71,56,56,23,1,7,3,1650
1263559184,976,4017,0,-204633,236,-68,-63,56,56,23,1,7,3,1650
1263560193,1009,4017,0,-204633,246,-68,-63,56,56,23,1,7,3,1650
1263561302,1109,4017,0,-204633,340,-68,-57,56,56,23,1,7,3,1650
1263562407,1105,4017,0,-204633,452,-67,-57,56,56,23,1,7,3,1650
1263563249,842,4018,1,-204634,281,-67,-65,56,56,22,1,7,3,1650
1263564265,1016,4018,0,-204634,305,-67,-65,56,56,22,1,7,4,1100
1263565232,967,4019,1,-204635,271,-67,-65,56,56,21,1,7,4,1100
1263566272,1040,4020,1,-204636,321,-67,-73,56,55,20,1,7,4,1100
1263567257,985,4021,1,-204637,290,-68,-81,56,55,19,1,7,4,1100
1263568198,941,4023,2,-204639,238,-69,-94,56,55,18,1,7,4,1100
1263569216,1018,4023,0,-204639,264,-70,-94,56,55,18,1,7,4,1100
1263570242,1026,4023,0,-204639,280,-70,-89,56,55,18,1,7,4,1100
1263571228,986,4022,-1,-204638,276,-71,-79,56,55,18,1,7,4,1100
1263572234,1006,4022,0,-204638,286,-71,-79,56,55,18,1,7,4,1100
1263573189,955,4022,0,-204638,243,-71,-71,56,55,18,1,7,4,1100
1263574265,1076,4023,1,-204639,299,-72,-81,56,45,18,1,7,4,1100
1263575210,945,4024,1,-204640,248,-72,-87,56,45,17,1,7,4,1100
1263576168,958,4024,0,-204640,222,-73,-87,56,45,17,1,7,4,1100
1263577181,1013,4024,0,-204640,223,-73,-79,56,45,17,1,7,4,1100
1263578200,1019,4024,0,-204640,249,-73,-79,56,45,17,1,7,4,1100
1263579192,992,4024,0,-204640,234,-73,-79,56,45,17,1,7,4,1100
1263580200,1008,4024,0,-204640,246,-74,-79,56,45,17,1,7,4,1100
1263581292,1092,4024,0,-204640,332,-74,-73,56,45,17,1,7,4,1100
1263582428,1136,4025,1,-204641,459,-74,-81,56,32,16,1,7,4,1100
1263583242,814,4025,0,-204641,286,-74,-81,56,32,16,1,7,4,1100
1263584207,965,4025,0,-204641,256,-74,-79,56,32,16,1,7,4,1100
1263585223,1016,4025,0,-204641,263,-74,-73,56,32,16,1,7,4,1100
1263586264,1041,4025,0,-204641,304,-74,-73,56,32,16,1,7,4,1100
1263587223,959,4025,0,-204641,267,-74,-73,56,32,16,1,7,4,1100
1263588212,989,4025,0,-204641,241,-74,-65,56,32,16,1,7,4,1100
1263589225,1013,4026,1,-204642,272,-74,-73,56,32,15,1,7,4,1100
1263590261,1036,4026,0,-204642,301,-74,-73,56,32,15,1,7,4,1100
1263591233,972,4026,0,-204642,272,-74,-71,56,32,15,1,7,4,1100
1263592229,996,4027,1,-204643,281,-74,-79,56,32,14,1,7,4,1100
1263593198,969,4027,0,-204643,247,-74,-79,56,32,14,1,7,4,1100
1263594233,1035,4027,0,-204643,275,-74,-71,56,32,14,1,7,4,1100
1263595185,952,4027,0,-204643,236,-74,-71,56,32,14,1,7,4,1100
1263596182,997,4027,0,-204643,228,-73,-63,56,32,14,1,7,4,1100
1263597172,990,4028,1,-204644,222,-73,-63,56,32,13,1,7,4,1100
1263598203,1031,4028,0,-204644,254,-72,-41,56,0,13,1,7,4,1100
1263599176,973,4028,0,-204644,228,-70,-39,56,0,13,1,7,4,1100
1263600207,1031,4028,0,-204644,254,-69,-39,56,0,13,1,7,4,1100
1263601301,1094,4029,1,-204645,337,-69,-57,56,0,12,1,7,4,1100
1263602341,1040,4029,0,-204645,390,-68,-57,56,0,12,1,7,4,1100
1263603240,899,4029,0,-204645,287,-68,-57,56,0,12,1,7,4,1100
1263604200,960,4029,0,-204645,249,-67,-55,56,0,12,1,7,4,1100
1263605202,1002,4030,1,-204646,254,-67,-55,56,0,11,1,7,4,1100
1263606236,1034,4030,0,-204646,277,-66,-49,56,0,11,1,7,4,1100
1263607211,975,4030,0,-204646,260,-65,-49,56,0,11,1,7,4,1100
1263608214,1003,4030,0,-204646,252,-65,-49,56,0,11,1,7,4,1100
1263609226,1012,4030,0,-204646,278,-64,-49,56,0,11,1,7,4,1100
1263610230,1004,4030,0,-204646,281,-64,-49,56,0,11,1,7,4,1100
1263611220,990,4030,0,-204646,257,-63,-47,56,0,11,1,7,4,1100
1263612258,1038,4030,0,-204646,296,-62,-47,56,0,11,1,7,4,1100
1263613178,920,4030,0,-204646,231,-61,-40,56,0,11,1,7,4,1100
1263614192,1014,4030,0,-204646,237,-61,-39,56,0,11,1,7,4,1100
1263615173,981,4030,0,-204646,223,-60,-39,56,0,11,1,7,4,1100
1263616171,998,4030,0,-204646,223,-59,-39,56,0,11,1,7,4,1100
1263617173,1002,4031,1,-204647,227,-59,-47,56,0,11,1,7,4,1100
1263618182,1009,4031,0,-204647,230,-58,-47,56,0,11,1,7,4,1100
1263619172,990,4031,0,-204647,222,-58,-47,56,0,11,1,7,4,1100
1263620225,1053,4031,0,-204647,266,-57,-39,56,0,0,1,8,4,1100
1263621297,1072,4032,1,-204648,333,-57,-49,56,0,0,1,8,4,1100
1263622301,1004,4032,0,-204648,350,-56,-41,56,0,0,1,8,4,1100
1263623240,939,4032,0,-204648,285,-55,-41,56,0,0,1,8,4,1100
1263624205,965,4032,0,-204648,257,-55,-39,56,0,0,1,8,4,1100
1263625206,1001,4032,0,-204648,260,-54,-41,56,0,0,1,8,4,1100
1263626231,1025,4032,0,-204648,267,-54,-41,56,0,0,1,8,4,1100
1263627221,990,4032,0,-204648,260,-53,-32,56,0,0,1,8,4,1100
1263628211,990,4032,0,-204648,259,-52,-33,56,0,0,1,8,4,1100
1263629216,1005,4032,0,-204648,257,-51,-33,56,0,0,1,8,4,1100
1263630234,1018,4032,0,-204648,266,-51,-33,56,0,0,1,8,4,1100
1263631221,987,4032,0,-204648,268,-50,-31,56,0,0,1,8,4,1100
1263632248,1027,4032,0,-204648,292,-49,-24,56,0,0,1,8,4,1100
1263633188,940,4032,0,-204648,228,-48,-24,56,0,0,1,8,4,1100
1263634185,997,4032,0,-204648,233,-47,-24,56,0,0,1,8,4,1100
1263635186,1001,4032,0,-204648,226,-46,-24,56,0,0,1,8,4,1100
1263636183,997,4032,0,-204648,226,-45,-16,56,0,0,1,8,4,1100
1263637183,1000,4032,0,-204648,225,-44,-16,56,0,0,1,8,4,1100
1263638178,995,4032,0,-204648,232,-43,-16,56,0,0,1,8,4,1100
1263639181,1003,4032,0,-204648,226,-42,-16,56,0,0,1,8,4,1100
1263640230,1049,4032,0,-204648,266,-40,-16,56,0,0,1,8,4,1100
1263641294,1064,4032,0,-204648,330,-39,-16,56,0,0,1,8,4,1100
1263642301,1007,4032,0,-204648,345,-39,-16,56,0,0,1,8,4,1100
1263643240,939,4032,0,-204648,278,-38,-16,56,0,0,1,8,4,1100
1263644203,963,4032,0,-204648,257,-37,-16,56,0,0,1,8,4,1100
1263645196,993,4032,0,-204648,246,-36,-16,56,0,0,1,8,4,1100
1263646224,1028,4032,0,-204648,265,-35,-16,56,0,0,1,8,4,1100
1263647211,987,4032,0,-204648,253,-34,-8,56,0,0,1,8,4,1100
1263648220,1009,4032,0,-204648,258,-33,-8,56,0,0,1,8,4,1100
1263649208,988,4032,0,-204648,254,-32,-8,56,0,0,1,8,4,1100
1263650226,1018,4032,0,-204648,278,-31,-8,56,0,0,1,8,4,1100
1263651220,994,4032,0,-204648,263,-30,-8,56,0,0,1,8,4,1100
1263652242,1022,4032,0,-204648,286,-29,0,56,0,0,1,8,4,1100
1263653186,944,4032,0,-204648,228,-28,0,56,0,0,1,8,4,1100
1263654183,997,4032,0,-204648,236,-27,0,56,0,0,1,8,4,1100
1263655185,1002,4032,0,-204648,226,-26,0,56,0,0,1,8,4,1100
1263656183,998,4032,0,-204648,226,-25,0,56,0,0,1,8,4,1100
1263657183,1000,4032,0,-204648,225,-24,0,56,0,0,1,8,4,1100
1263658192,1009,4032,0,-204648,232,-23,0,56,0,0,1,8,4,1100
1263659176,984,4032,0,-204648,225,-22,0,56,0,0,1,8,4,1100
1263660220,1044,4032,0,-204648,261,-21,0,56,0,0,1,8,4,1100
1263661272,1052,4032,0,-204648,321,-20,0,56,0,0,1,8,4,1100
1263662299,1027,4032,0,-204648,347,-20,0,56,0,0,1,8,4,1100
1263663250,951,4032,0,-204648,278,-19,0,56,0,0,1,8,4,1100
1263664213,963,4032,0,-204648,263,-18,0,56,0,0,1,8,4,1100
1263665226,1013,4032,0,-204648,265,-17,0,56,0,0,1,8,4,1100
1263666236,1010,4032,0,-204648,272,-17,0,56,0,0,1,8,4,1100
1263667215,979,4032,0,-204648,262,-16,0,56,0,0,1,8,4,1100
1263668225,1010,4032,0,-204648,263,-15,0,56,0,0,1,8,4,1100
1263669212,987,4032,0,-204648,261,-15,0,56,0,0,1,8,4,1100
1263670236,1024,4032,0,-204648,277,-14,0,56,0,0,1,8,4,1100
1263671228,992,4032,0,-204648,270,-14,0,56,0,0,1,8,4,1100
1263672248,1020,4032,0,-204648,289,-13,0,56,0,0,1,8,4,1100
1263673192,944,4032,0,-204648,230,-13,0,56,0,0,1,8,4,1100
1263674194,1002,4032,0,-204648,233,-12,0,56,0,0,1,8,4,1100
1263675184,990,4032,0,-204648,226,-12,0,56,0,0,1,8,4,1100
1263676187,1003,4032,0,-204648,226,-11,0,56,0,0,1,8,4,1100
1263677174,987,4032,0,-204648,226,-11,0,56,0,0,1,8,4,1100
1263678185,1011,4032,0,-204648,232,-10,0,56,0,0,1,8,4,1100
1263679174,989,4032,0,-204648,226,-10,0,56,0,0,1,8,4,1100
1263680222,1048,4032,0,-204648,259,-10,0,56,0,0,1,8,4,1100
1263681287,1065,4032,0,-204648,325,-9,0,56,0,0,1,8,4,1100
1263682296,1009,4032,0,-204648,343,-9,0,56,0,0,1,8,4,1100
1263683243,947,4032,0,-204648,282,-8,0,56,0,0,1,8,4,1100
1263684215,972,4032,0,-204648,265,-8,0,56,0,0,1,8,4,1100
1263685213,998,4032,0,-204648,259,-8,0,56,0,0,1,8,4,1100
1263686231,1018,4032,0,-204648,266,-7,0,56,0,0,1,8,4,1100
1263687213,982,4032,0,-204648,265,-7,0,56,0,0,1,8,4,1100
1263688212,999,4032,0,-204648,264,-7,0,56,0,0,1,8,4,1100
1263689224,1012,4032,0,-204648,262,-7,0,56,0,0,1,8,4,1100
1263690225,1001,4032,0,-204648,280,-6,0,56,0,0,1,8,4,1100
1263691219,994,4033,1,-204649,266,-6,-8,56,0,0,1,8,4,1100
1263692254,1035,4033,0,-204649,293,-6,-8,56,0,0,1,8,4,1100
1263693189,935,4032,-1,-204648,229,-6,0,56,0,0,1,8,4,1100
1263694190,1001,4032,0,-204648,236,-6,0,56,0,0,1,8,4,1100
1263695183,993,4033,1,-204649,227,-6,-8,56,0,0,1,8,4,1100
1263696186,1003,4033,0,-204649,226,-6,-8,56,0,0,1,8,4,1100
1263697173,987,4032,-1,-204648,226,-6,0,56,0,0,1,8,4,1100
1263698183,1010,4032,0,-204648,231,-6,0,56,0,0,1,8,4,1100
1263699173,990,4032,0,-204648,226,-5,0,56,0,0,1,8,4,1100
1263700232,1059,4033,1,-204649,263,-6,-8,56,0,0,1,8,4,1100
1263701286,1054,4033,0,-204649,321,-6,-8,56,0,0,1,8,4,1100
1263702297,1011,4032,-1,-204648,347,-5,0,56,0,0,1,8,4,1100
1263703239,942,4033,1,-204649,286,-6,-8,56,0,0,1,8,4,1100
1263704213,974,4033,0,-204649,262,-6,-8,56,0,0,1,8,4,1100
1263705199,986,4033,0,-204649,252,-6,-8,56,0,0,1,8,4,1100
1263706218,1019,4033,0,-204649,271,-6,-8,56,0,0,1,8,4,1100
1263707215,997,4032,-1,-204648,265,-6,0,56,0,0,1,8,4,1100
1263708224,1009,4032,0,-204648,262,-5,0,56,0,0,1,8,4,1100
1263709217,993,4033,1,-204649,262,-5,-8,56,0,0,1,8,4,1100
1263710226,1009,4033,0,-204649,270,-6,-8,56,0,0,1,8,4,1100
1263711217,991,4033,0,-204649,268,-6,-8,56,0,0,1,8,4,1100
1263712235,1018,4033,0,-204649,285,-6,-8,56,0,0,1,8,4,1100
1263713182,947,4033,0,-204649,230,-6,-8,56,0,0,1,8,4,1100
1263714182,1000,4033,0,-204649,236,-6,-8,56,0,0,1,8,4,1100
1263715174,992,4032,-1,-204648,226,-6,0,56,0,0,1,8,4,1100
1263716177,1003,4032,0,-204648,226,-5,0,56,0,0,1,8,4,1100
1263717181,1004,4033,1,-204649,226,-6,-8,56,0,0,1,8,4,1100
1263718179,998,4033,0,-204649,232,-6,-8,56,0,0,1,8,4,1100
1263719184,1005,4033,0,-204649,226,-6,-8,56,0,0,1,8,4,1100
1263720215,1031,4033,0,-204649,263,-6,-8,56,0,0,1,8,4,1100
1263721285,1070,4032,-1,-204648,323,-5,8,56,0,0,1,8,4,1100
1263722293,1008,4032,0,-204648,342,-5,8,56,0,0,1,8,4,1100
1263723247,954,4033,1,-204649,285,-5,-8,56,0,0,1,8,4,1100
1263724221,974,4033,0,-204649,260,-5,-8,56,0,0,1,8,4,1100
1263725206,985,4033,0,-204649,256,-5,0,56,0,0,1,8,4,1100
1263726234,1028,4033,0,-204649,269,-5,0,56,0,0,1,8,4,1100
1263727223,989,4033,0,-204649,261,-5,-8,56,0,0,1,8,4,1100
1263728211,988,4033,0,-204649,262,-5,-8,56,0,0,1,8,4,1100
1263729218,1007,4033,0,-204649,262,-5,-8,56,0,0,1,8,4,1100
1263730231,1013,4033,0,-204649,276,-5,-8,56,0,0,1,8,4,1100
1263731227,996,4032,-1,-204648,272,-5,8,56,0,0,1,8,4,1100
1263732246,1019,4033,1,-204649,286,-4,0,56,0,0,1,8,4,1100
1263733180,934,4033,0,-204649,228,-5,-8,56,0,0,1,8,4,1100
1263734198,1018,4033,0,-204649,236,-4,0,56,0,0,1,8,4,1100
1263735174,976,4033,0,-204649,226,-4,0,56,0,0,1,8,4,1100
1263736177,1003,4033,0,-204649,226,-4,0,56,0,0,1,8,4,1100
1263737181,1004,4033,0,-204649,226,-4,0,56,0,0,1,8,4,1100
1263738179,998,4033,0,-204649,232,-4,-8,56,0,0,1,8,4,1100
1263739184,1005,4033,0,-204649,226,-4,-8,56,0,0,1,8,4,1100
1263740220,1036,4033,0,-204649,264,-4,0,56,0,0,1,8,4,1100
1263741277,1057,4033,0,-204649,324,-4,0,56,0,0,1,8,4,1100
1263742296,1019,4033,0,-204649,347,-4,0,56,0,0,1,8,4,1100
1263743242,946,4033,0,-204649,272,-4,0,56,0,0,1,8,4,1100
1263744216,974,4033,0,-204649,264,-3,0,56,0,0,1,8,4,1100
1263745217,1001,4033,0,-204649,264,-4,-8,56,0,0,1,8,4,1100
1263746217,1000,4033,0,-204649,270,-4,-8,56,0,0,1,8,4,1100
1263747214,997,4033,0,-204649,265,-4,0,56,0,0,1,8,4,1100
1263748217,1003,4033,0,-204649,259,-3,0,56,0,0,1,8,4,1100
1263749213,996,4033,0,-204649,264,-3,0,56,0,0,1,8,4,1100
1263750229,1016,4033,0,-204649,278,-3,0,56,0,0,1,8,4,1100
1263751211,982,4033,0,-204649,258,-3,0,56,0,0,1,8,4,1100
1263752247,1036,4033,0,-204649,291,-3,-8,56,0,0,1,8,4,1100
1263753179,932,4033,0,-204649,229,-3,-8,56,0,0,1,8,4,1100
1263754199,1020,4033,0,-204649,237,-3,0,56,0,0,1,8,4,1100
1263755175,976,4033,0,-204649,227,-3,0,56,0,0,1,8,4,1100
1263756181,1006,4033,0,-204649,226,-3,0,56,0,0,1,8,4,1100
1263757184,1003,4033,0,-204649,226,-3,0,56,0,0,1,8,4,1100
1263758177,993,4033,0,-204649,230,-3,0,56,0,0,1,8,4,1100
1263759185,1008,4033,0,-204649,227,-3,0,56,0,0,1,8,4,1100
1263760217,1032,4033,0,-204649,264,-3,0,56,0,0,1,8,4,1100
1263761280,1063,4033,0,-204649,329,-3,-8,56,0,0,1,8,4,1100
1263762294,1014,4033,0,-204649,341,-3,0,56,0,0,1,8,4,1100
1263763241,947,4033,0,-204649,286,-3,0,56,0,0,1,8,4,1100
1263764217,976,4033,0,-204649,257,-3,0,56,0,0,1,8,4,1100
1263765205,988,4033,0,-204649,259,-2,0,56,0,0,1,8,4,1100
1263766222,1017,4033,0,-204649,263,-2,0,56,0,0,1,8,4,1100
1263767222,1000,4033,0,-204649,271,-2,0,56,0,0,1,8,4,1100
1263768209,987,4033,0,-204649,262,-2,0,56,0,0,1,8,4,1100
1263769223,1014,4033,0,-204649,263,-2,0,56,0,0,1,8,4,1100
1263770223,1000,4033,0,-204649,277,-2,0,56,0,0,1,8,4,1100
1263771217,994,4033,0,-204649,268,-2,0,56,0,0,1,8,4,1100
1263772256,1039,4033,0,-204649,297,-2,0,56,0,0,1,8,4,1100
1263773180,924,4033,0,-204649,229,-2,0,56,0,0,1,8,4,1100
1263774183,1003,4033,0,-204649,235,-2,0,56,0,0,1,8,4,1100
1263775175,992,4033,0,-204649,227,-2,0,56,0,0,1,8,4,1100
1263776181,1006,4033,0,-204649,226,-2,0,56,0,0,1,8,4,1100
1263777184,1003,4033,0,-204649,226,-2,0,56,0,0,1,8,4,1100
1263778177,993,4033,0,-204649,230,-1,0,56,0,0,1,8,4,1100
1263779185,1008,4033,0,-204649,227,-1,0,56,0,0,1,8,4,1100
1263780221,1036,4033,0,-204649,263,-1,0,56,0,0,1,8,4,1100
1263781269,1048,4033,0,-204649,316,-1,0,56,0,0,1,8,4,1100
1263782301,1032,4033,0,-204649,348,-1,0,56,0,0,1,8,4,1100
1263783229,928,4033,0,-204649,283,-1,0,56,0,0,1,8,4,1100
1263784221,992,4033,0,-204649,266,-1,0,56,0,0,1,8,4,1100
1263785187,966,4033,0,-204649,239,-1,0,56,0,0,1,8,4,1100
1263786219,1032,4033,0,-204649,270,-1,0,56,0,0,1,8,4,1100
1263787210,991,4033,0,-204649,262,-1,0,56,0,0,1,8,4,1100
1263788227,1017,4033,0,-204649,265,-1,0,56,0,0,1,8,4,1100
1263789215,988,4033,0,-204649,261,-1,0,56,0,0,1,8,4,1100
1263790233,1018,4033,0,-204649,277,-1,0,56,0,0,1,8,4,1100
1263791220,987,4033,0,-204649,267,-1,0,56,0,0,1,8,4,1100
1263792249,1029,4033,0,-204649,290,-1,0,56,0,0,1,8,4,1100
1263793176,927,4033,0,-204649,228,-1,0,56,0,0,1,8,4,1100
1263794192,1016,4033,0,-204649,233,-1,0,56,0,0,1,8,4,1100
1263795184,992,4033,0,-204649,226,-1,0,56,0,0,1,8,4,1100
1263796187,1003,4033,0,-204649,226,-1,0,56,0,0,1,8,4,1100
1263797173,986,4033,0,-204649,225,-1,0,56,0,0,1,8,4,1100
1263798185,1012,4033,0,-204649,231,-1,0,56,0,0,1,8,4,1100
1263799175,990,4033,0,-204649,226,-1,0,56,0,0,1,8,4,1100
1263800227,1052,4033,0,-204649,264,-1,0,56,0,0,1,8,4,1100
1263801279,1052,4033,0,-204649,323,-1,0,56,0,0,1,8,4,1100
1263802291,1012,4033,0,-204649,341,-1,0,56,0,0,1,8,4,1100
1263803243,952,4033,0,-204649,281,-1,0,56,0,0,1,8,4,1100
1263804212,969,4033,0,-204649,263,-1,0,56,0,0,1,8,4,1100
1263805204,992,4033,0,-204649,253,0,0,56,0,0,1,8,4,1100
1263806219,1015,4033,0,-204649,265,0,0,56,0,0,1,8,4,1100
1263807221,1002,4033,0,-204649,266,0,0,56,0,0,1,8,4,1100
1263808224,1003,4033,0,-204649,262,0,0,56,0,0,1,8,4,1100
1263809217,993,4033,0,-204649,262,0,0,56,0,0,1,8,4,1100
1263810228,1011,4033,0,-204649,272,0,0,56,0,0,1,8,4,1100
1263811225,997,4033,0,-204649,273,0,0,56,0,0,1,8,4,1100
1263812237,1012,4033,0,-204649,286,0,0,56,0,0,1,8,4,1100
1263813187,950,4033,0,-204649,228,0,0,56,0,0,1,8,4,1100
1263814190,1003,4033,0,-204649,237,0,0,56,0,0,1,8,4,1100
1263815184,994,4033,0,-204649,226,0,0,56,0,0,1,8,4,1100
1263816186,1002,4033,0,-204649,225,0,0,56,0,0,1,8,4,1100
1263817173,987,4033,0,-204649,226,0,0,56,0,0,1,8,4,1100
1263818184,1011,4033,0,-204649,232,0,0,56,0,0,1,8,4,1100
1263819173,989,4033,0,-204649,225,0,0,56,0,0,1,8,4,1100
1263820219,1046,4033,0,-204649,272,0,0,56,0,0,1,8,4,1100
1263821264,1045,4033,0,-204649,314,0,0,56,0,0,1,8,4,1100
1263822295,1031,4033,0,-204649,346,0,0,56,0,0,1,8,4,1100
1263823243,948,4033,0,-204649,275,0,0,56,0,0,1,8,4,1100
1263824208,965,4033,0,-204649,259,0,0,56,0,0,1,8,4,1100
1263825233,1025,4033,0,-204649,272,0,0,56,0,0,1,8,4,1100
1263826217,984,4032,-1,-204648,270,0,8,56,0,0,1,8,4,1100
1263827216,999,4033,1,-204649,264,0,0,56,0,0,1,8,4,1100
1263828218,1002,4032,-1,-204648,259,0,8,56,0,0,1,8,4,1100
1263829216,998,4032,0,-204648,265,1,8,56,0,0,1,8,4,1100
1263830228,1012,4033,1,-204649,277,1,0,56,0,0,1,8,4,1100
1263831226,998,4032,-1,-204648,265,1,8,56,0,0,1,8,4,1100
1263832245,1019,4032,0,-204648,293,1,8,56,0,0,1,8,4,1100
1263833191,946,4032,0,-204648,231,1,8,56,0,0,1,8,4,1100
1263834188,997,4032,0,-204648,232,2,8,56,0,0,1,8,4,1100
1263835180,992,4032,0,-204648,227,2,8,56,0,0,1,8,4,1100
1263836184,1004,4032,0,-204648,226,2,8,56,0,0,1,8,4,1100
1263837187,1003,4032,0,-204648,226,2,8,56,0,0,1,8,4,1100
1263838179,992,4032,0,-204648,231,3,8,56,0,0,1,8,4,1100
1263839185,1006,4032,0,-204648,226,3,8,56,0,0,1,8,4,1100
1263840216,1031,4032,0,-204648,262,3,8,56,0,0,1,8,4,1100
1263841272,1056,4032,0,-204648,318,3,8,56,0,0,1,8,4,1100
1263842291,1019,4032,0,-204648,344,3,8,56,0,0,1,8,4,1100
1263843247,956,4032,0,-204648,287,4,8,56,0,0,1,8,4,1100
1263844224,977,4032,0,-204648,260,4,8,56,0,0,1,8,4,1100
1263845223,999,4032,0,-204648,262,4,8,56,0,0,1,8,4,1100
1263846223,1000,4032,0,-204648,266,4,8,56,0,0,1,8,4,1100
1263847219,996,4032,0,-204648,264,4,8,56,0,0,1,8,4,1100
1263848207,988,4032,0,-204648,261,4,8,56,0,0,1,8,4,1100
1263849221,1014,4032,0,-204648,264,5,8,56,0,0,1,8,4,1100
1263850227,1006,4032,0,-204648,268,5,8,56,0,0,1,8,4,1100
1263851227,1000,4032,0,-204648,276,5,8,56,0,0,1,8,4,1100
1263852234,1007,4032,0,-204648,288,5,8,56,0,0,1,8,4,1100
1263853184,950,4032,0,-204648,228,5,8,56,0,0,1,8,4,1100
1263854189,1005,4032,0,-204648,236,5,8,56,0,0,1,8,4,1100
1263855184,995,4032,0,-204648,226,5,8,56,0,0,1,8,4,1100
1263856187,1003,4032,0,-204648,226,5,8,56,0,0,1,8,4,1100
1263857174,987,4032,0,-204648,226,5,0,56,0,0,1,8,4,1100
1263858185,1011,4032,0,-204648,232,5,8,56,0,0,1,8,4,1100
1263859174,989,4032,0,-204648,225,5,0,56,0,0,1,8,4,1100
1263860214,1040,4032,0,-204648,267,5,0,56,0,0,1,8,4,1100
1263861273,1059,4032,0,-204648,323,5,0,56,0,0,1,8,4,1100
1263862306,1033,4032,0,-204648,347,4,0,56,0,0,1,8,4,1100
1263863244,938,4032,0,-204648,286,4,0,56,0,0,1,8,4,1100
1263864222,978,4032,0,-204648,263,4,0,56,0,0,1,8,4,1100
1263865215,993,4032,0,-204648,262,4,0,56,0,0,1,8,4,1100
1263866221,1006,4032,0,-204648,273,4,0,56,0,0,1,8,4,1100
1263867217,996,4032,0,-204648,265,4,0,56,0,0,1,8,4,1100
1263868208,991,4032,0,-204648,261,4,0,56,0,0,1,8,4,1100
1263869220,1012,4032,0,-204648,264,3,0,56,0,0,1,8,4,1100
1263870229,1009,4032,0,-204648,270,3,0,56,0,0,1,8,4,1100
1263871226,997,4032,0,-204648,269,3,0,56,0,0,1,8,4,1100
1263872237,1011,4032,0,-204648,287,3,0,56,0,0,1,8,4,1100
1263873186,949,4032,0,-204648,230,3,0,56,0,0,1,8,4,1100
1263874188,1002,4032,0,-204648,233,3,0,56,0,0,1,8,4,1100
1263875178,990,4032,0,-204648,226,3,0,56,0,0,1,8,4,1100
1263876181,1003,4032,0,-204648,226,3,0,56,0,0,1,8,4,1100
1263877184,1003,4032,0,-204648,226,2,0,56,0,0,1,8,4,1100
1263878178,994,4032,0,-204648,231,2,0,56,0,0,1,8,4,1100
1263879184,1006,4032,0,-204648,226,2,0,56,0,0,1,8,4,1100
1263880219,1035,4032,0,-204648,265,2,0,56,0,0,1,8,4,1100
1263881265,1046,4032,0,-204648,316,2,0,56,0,0,1,8,4,1100
1263882315,1050,4032,0,-204648,348,2,0,56,0,0,1,8,4,1100
1263883250,935,4032,0,-204648,276,2,0,56,0,0,1,8,4,1100
1263884222,972,4032,0,-204648,262,2,0,56,0,0,1,8,4,1100
1263885225,1003,4032,0,-204648,264,2,0,56,0,0,1,8,4,1100
1263886220,995,4032,0,-204648,263,2,0,56,0,0,1,8,4,1100
1263887218,998,4032,0,-204648,264,2,0,56,0,0,1,8,4,1100
1263888210,992,4032,0,-204648,263,2,0,56,0,0,1,8,4,1100
1263889224,1014,4032,0,-204648,262,2,0,56,0,0,1,8,4,1100
1263890234,1010,4032,0,-204648,267,1,0,56,0,0,1,8,4,1100
1263891222,988,4032,0,-204648,271,1,0,56,0,0,1,8,4,1100
1263892249,1027,4032,0,-204648,290,1,0,56,0,0,1,8,4,1100
1263893188,939,4032,0,-204648,230,1,0,56,0,0,1,8,4,1100
1263894190,1002,4032,0,-204648,233,1,0,56,0,0,1,8,4,1100
1263895181,991,4032,0,-204648,226,1,0,56,0,0,1,8,4,1100
1263896184,1003,4032,0,-204648,226,1,0,56,0,0,1,8,4,1100
1263897187,1003,4032,0,-204648,226,1,0,56,0,0,1,8,4,1100
1263898180,993,4032,0,-204648,232,1,0,56,0,0,1,8,4,1100
1263899185,1005,4032,0,-204648,226,1,0,56,0,0,1,8,4,1100
1263900222,1037,4032,0,-204648,264,1,0,56,0,0,1,8,4,1100
1263901275,1053,4032,0,-204648,325,1,0,56,0,0,1,8,4,1100
1263902297,1022,4032,0,-204648,342,1,0,56,0,0,1,8,4,1100
1263903242,945,4032,0,-204648,286,1,0,56,0,0,1,8,4,1100
1263904221,979,4032,0,-204648,263,1,0,56,0,0,1,8,4,1100
1263905208,987,4032,0,-204648,255,1,0,56,0,0,1,8,4,1100
1263906226,1018,4032,0,-204648,266,1,0,56,0,0,1,8,4,1100
1263907216,990,4032,0,-204648,258,1,0,56,0,0,1,8,4,1100
1263908217,1001,4032,0,-204648,261,1,0,56,0,0,1,8,4,1100
1263909215,998,4032,0,-204648,266,1,0,56,0,0,1,8,4,1100
1263910228,1013,4032,0,-204648,277,1,0,56,0,0,1,8,4,1100
1263911217,989,4032,0,-204648,264,1,0,56,0,0,1,8,4,1100
1263912248,1031,4032,0,-204648,296,1,0,56,0,0,1,8,4,1100
1263913181,933,4032,0,-204648,229,1,0,56,0,0,1,8,4,1100
1263914182,1001,4032,0,-204648,234,1,0,56,0,0,1,8,4,1100
1263915188,1006,4032,0,-204648,227,1,0,56,0,0,1,8,4,1100
1263916174,986,4032,0,-204648,225,1,0,56,0,0,1,8,4,1100
1263917177,1003,4032,0,-204648,226,1,0,56,0,0,1,8,4,1100
1263918191,1014,4032,0,-204648,230,0,0,56,0,0,1,8,4,1100
1263919182,991,4032,0,-204648,227,0,0,56,0,0,1,8,4,1100
1263920214,1032,4032,0,-204648,263,0,0,56,0,0,1,8,4,1100
1263921268,1054,4032,0,-204648,320,0,0,56,0,0,1,8,4,1100
1263922293,1025,4032,0,-204648,342,0,0,56,0,0,1,8,4,1100
1263923251,958,4032,0,-204648,278,0,0,56,0,0,1,8,4,1100
1263924209,958,4032,0,-204648,262,0,0,56,0,0,1,8,4,1100
1263925228,1019,4032,0,-204648,266,0,0,56,0,0,1,8,4,1100
1263926233,1005,4032,0,-204648,268,0,0,56,0,0,1,8,4,1100
1263927215,982,4032,0,-204648,268,0,0,56,0,0,1,8,4,1100
1263928215,1000,4032,0,-204648,264,0,0,56,0,0,1,8,4,1100
1263929214,999,4032,0,-204648,265,0,0,56,0,0,1,8,4,1100
1263930228,1014,4032,0,-204648,280,0,0,56,0,0,1,8,4,1100
1263931218,990,4032,0,-204648,265,0,0,56,0,0,1,8,4,1100
1263932244,1026,4032,0,-204648,295,0,0,56,0,0,1,8,4,1100
1263933185,941,4032,0,-204648,229,0,0,56,0,0,1,8,4,1100
1263934185,1000,4032,0,-204648,232,0,0,56,0,0,1,8,4,1100
1263935175,990,4032,0,-204648,227,0,0,56,0,0,1,8,4,1100
1263936181,1006,4032,0,-204648,226,0,0,56,0,0,1,8,4,1100
1263937184,1003,4033,1,-204649,226,0,-8,56,0,0,1,8,4,1100
1263938177,993,4033,0,-204649,230,0,-8,56,0,0,1,8,4,1100
1263939185,1008,4033,0,-204649,227,-1,-8,56,0,0,1,8,4,1100
1263940221,1036,4033,0,-204649,265,-1,-8,56,0,0,1,8,4,1100
1263941273,1052,4033,0,-204649,323,-1,-8,56,0,0,1,8,4,1100
1263942306,1033,4033,0,-204649,350,-2,-8,56,0,0,1,8,4,1100
1263943229,923,4033,0,-204649,279,-2,-8,56,0,0,1,8,4,1100
1263944222,993,4033,0,-204649,264,-2,-8,56,0,0,1,8,4,1100
1263945199,977,4033,0,-204649,250,-2,-8,56,0,0,1,8,4,1100
1263946221,1022,4033,0,-204649,274,-3,-8,56,0,0,1,8,4,1100
1263947212,991,4033,0,-204649,262,-3,-8,56,0,0,1,8,4,1100
1263948227,1015,4033,0,-204649,265,-3,-8,56,0,0,1,8,4,1100
1263949213,986,4032,-1,-204648,258,-3,0,56,0,0,1,8,4,1100
1263950232,1019,4033,1,-204649,277,-3,-8,56,0,0,1,8,4,1100
1263951214,982,4033,0,-204649,265,-3,-8,56,0,0,1,8,4,1100
1263952241,1027,4033,0,-204649,289,-3,-8,56,0,0,1,8,4,1100
1263953190,949,4033,0,-204649,230,-4,-8,56,0,0,1,8,4,1100
1263954188,998,4032,-1,-204648,233,-3,0,56,0,0,1,8,4,1100
1263955178,990,4032,0,-204648,226,-3,0,56,0,0,1,8,4,1100
1263956181,1003,4032,0,-204648,226,-3,0,56,0,0,1,8,4,1100
1263957184,1003,4033,1,-204649,226,-3,-8,56,0,0,1,8,4,1100
1263958179,995,4033,0,-204649,232,-4,-8,56,0,0,1,8,4,1100
1263959184,1005,4033,0,-204649,226,-4,-8,56,0,0,1,8,4,1100
1263960219,1035,4033,0,-204649,266,-4,-8,56,0,0,1,8,4,1100
1263961271,1052,4033,0,-204649,321,-4,-8,56,0,0,1,8,4,1100
1263962306,1035,4033,0,-204649,341,-4,-8,56,0,0,1,8,4,1100
1263963245,939,4033,0,-204649,279,-4,-8,56,0,0,1,8,4,1100
1263964216,971,4033,0,-204649,260,-5,-8,56,0,0,1,8,4,1100
1263965207,991,4033,0,-204649,257,-5,-8,56,0,0,1,8,4,1100
1263966219,1012,4033,0,-204649,266,-5,-8,56,0,0,1,8,4,1100
1263967210,991,4033,0,-204649,261,-5,0,56,0,0,1,8,4,1100
1263968213,1003,4033,0,-204649,262,-4,0,56,0,0,1,8,4,1100
1263969221,1008,4033,0,-204649,261,-4,0,56,0,0,1,8,4,1100
1263970232,1011,4033,0,-204649,274,-4,0,56,0,0,1,8,4,1100
1263971230,998,4033,0,-204649,270,-4,0,56,0,0,1,8,4,1100
1263972245,1015,4033,0,-204649,289,-4,0,56,0,0,1,8,4,1100
1263973175,930,4033,0,-204649,227,-4,0,56,0,0,1,8,4,1100
1263974194,1019,4033,0,-204649,237,-3,0,56,0,0,1,8,4,1100
1263975185,991,4033,0,-204649,226,-3,0,56,0,0,1,8,4,1100
1263976172,987,4033,0,-204649,226,-3,0,56,0,0,1,8,4,1100
1263977175,1003,4033,0,-204649,226,-3,0,56,0,0,1,8,4,1100
1263978186,1011,4033,0,-204649,232,-3,0,56,0,0,1,8,4,1100
1263979174,988,4033,0,-204649,225,-3,0,56,0,0,1,8,4,1100
1263980231,1057,4033,0,-204649,263,-3,-8,56,0,0,1,8,4,1100
1263981288,1057,4033,0,-204649,323,-3,0,56,0,0,1,8,4,1100
1263982311,1023,4033,0,-204649,347,-3,0,56,0,0,1,8,4,1100
1263983242,931,4033,0,-204649,285,-3,0,56,0,0,1,8,4,1100
1263984212,970,4033,0,-204649,262,-3,-8,56,0,0,1,8,4,1100
1263985206,994,4033,0,-204649,257,-3,-8,56,0,0,1,8,4,1100
1263986218,1012,4033,0,-204649,265,-3,-8,56,0,0,1,8,4,1100
1263987217,999,4033,0,-204649,266,-3,0,56,0,0,1,8,4,1100
1263988209,992,4033,0,-204649,261,-3,0,56,0,0,1,8,4,1100
1263989222,1013,4033,0,-204649,264,-3,0,56,0,0,1,8,4,1100
1263990231,1009,4033,0,-204649,272,-3,0,56,0,0,1,8,4,1100
1263991224,993,4033,0,-204649,266,-3,0,56,0,0,1,8,4,1100
1263992243,1019,4033,0,-204649,287,-3,0,56,0,0,1,8,4,1100
1263993189,946,4033,0,-204649,230,-3,0,56,0,0,1,8,4,1100
1263994190,1001,4033,0,-204649,235,-2,0,56,0,0,1,8,4,1100
1263995181,991,4033,0,-204649,226,-2,0,56,0,0,1,8,4,1100
1263996184,1003,4033,0,-204649,226,-2,0,56,0,0,1,8,4,1100
1263997187,1003,4033,0,-204649,226,-2,0,56,0,0,1,8,4,1100
1263998180,993,4033,0,-204649,232,-2,0,56,0,0,1,8,4,1100
1263999185,1005,4033,0,-204649,226,-2,0,56,0,0,1,8,4,1100
1264000218,1033,4033,0,-204649,264,-2,0,56,0,0,1,8,4,1100
1264001288,1070,4033,0,-204649,323,-2,0,56,0,0,1,8,4,1100
1264002302,1014,4033,0,-204649,344,-2,0,56,0,0,1,8,4,1100
1264003248,946,4033,0,-204649,279,-2,0,56,0,0,1,8,4,1100
1264004222,974,4033,0,-204649,260,-2,0,56,0,0,1,8,4,1100
1264005205,983,4033,0,-204649,256,-2,0,56,0,0,1,8,4,1100
1264006219,1014,4033,0,-204649,269,-1,0,56,0,0,1,8,4,1100
1264007212,993,4033,0,-204649,261,-1,0,56,0,0,1,8,4,1100
1264008222,1010,4033,0,-204649,263,-1,0,56,0,0,1,8,4,1100
1264009212,990,4033,0,-204649,263,-1,0,56,0,0,1,8,4,1100
1264010231,1019,4033,0,-204649,283,-1,0,56,0,0,1,8,4,1100
1264011213,982,4033,0,-204649,267,-1,0,56,0,0,1,8,4,1100
1264012252,1039,4033,0,-204649,293,-1,0,56,0,0,1,8,4,1100
1264013176,924,4033,0,-204649,229,-1,0,56,0,0,1,8,4,1100
1264014195,1019,4033,0,-204649,236,-1,0,56,0,0,1,8,4,1100
1264015187,992,4033,0,-204649,227,-1,0,56,0,0,1,8,4,1100
1264016174,987,4033,0,-204649,226,-1,0,56,0,0,1,8,4,1100
1264017177,1003,4033,0,-204649,226,-1,0,56,0,0,1,8,4,1100
1264018191,1014,4033,0,-204649,230,-1,0,56,0,0,1,8,4,1100
1264019182,991,4033,0,-204649,227,-1,0,56,0,0,1,8,4,1100
1264020219,1037,4033,0,-204649,265,-1,0,56,0,0,1,8,4,1100
1264021282,1063,4033,0,-204649,317,-1,0,56,0,0,1,8,4,1100
1264022301,1019,4033,0,-204649,344,-1,0,56,0,0,1,8,4,1100
1264023246,945,4033,0,-204649,285,-1,0,56,0,0,1,8,4,1100
1264024225,979,4033,0,-204649,261,-1,0,56,0,0,1,8,4,1100
1264025205,980,4033,0,-204649,252,-1,0,56,0,0,1,8,4,1100
1264026217,1012,4033,0,-204649,265,-1,0,56,0,0,1,8,4,1100
1264027208,991,4033,0,-204649,262,-1,0,56,0,0,1,8,4,1100
1264028215,1007,4033,0,-204649,260,-1,0,56,0,0,1,8,4,1100
1264029225,1010,4033,0,-204649,264,-1,0,56,0,0,1,8,4,1100
1264030235,1010,4033,0,-204649,271,-1,0,56,0,0,1,8,4,1100
1264031236,1001,4033,0,-204649,274,-1,0,56,0,0,1,8,4,1100
1264032238,1002,4033,0,-204649,290,-1,0,56,0,0,1,8,4,1100
1264033178,940,4033,0,-204649,228,-1,0,56,0,0,1,8,4,1100
1264034198,1020,4033,0,-204649,238,0,0,56,0,0,1,8,4,1100
1264035173,975,4033,0,-204649,226,0,0,56,0,0,1,8,4,1100
1264036177,1004,4033,0,-204649,225,0,0,56,0,0,1,8,4,1100
1264037181,1004,4033,0,-204649,226,0,0,56,0,0,1,8,4,1100
1264038179,998,4033,0,-204649,232,0,0,56,0,0,1,8,4,1100
1264039184,1005,4033,0,-204649,226,0,0,56,0,0,1,8,4,1100
1264040215,1031,4033,0,-204649,263,0,0,56,0,0,1,8,4,1100
1264041281,1066,4033,0,-204649,319,0,0,56,0,0,1,8,4,1100
1264042289,1008,4033,0,-204649,339,0,0,56,0,0,1,8,4,1100
1264043237,948,4033,0,-204649,281,0,0,56,0,0,1,8,4,1100
1264044207,970,4033,0,-204649,260,0,0,56,0,0,1,8,4,1100
1264045224,1017,4033,0,-204649,262,0,0,56,0,0,1,8,4,1100
1264046227,1003,4033,0,-204649,270,0,0,56,0,0,1,8,4,1100
1264047225,998,4033,0,-204649,263,0,0,56,0,0,1,8,4,1100
1264048213,988,4033,0,-204649,263,0,0,56,0,0,1,8,4,1100
1264049213,1000,4033,0,-204649,265,0,0,56,0,0,1,8,4,1100
1264050229,1016,4033,0,-204649,276,0,0,56,0,0,1,8,4,1100
1264051224,995,4033,0,-204649,270,0,0,56,0,0,1,8,4,1100
1264052235,1011,4033,0,-204649,288,0,0,56,0,0,1,8,4,1100
1264053187,952,4033,0,-204649,228,0,0,56,0,0,1,8,4,1100
1264054193,1006,4033,0,-204649,236,0,0,56,0,0,1,8,4,1100
1264055184,991,4033,0,-204649,226,0,0,56,0,0,1,8,4,1100
1264056187,1003,4033,0,-204649,226,0,0,56,0,0,1,8,4,1100
1264057173,986,4033,0,-204649,225,0,0,56,0,0,1,8,4,1100
1264058184,1011,4033,0,-204649,232,0,0,56,0,0,1,8,4,1100
1264059173,989,4033,0,-204649,226,0,0,56,0,0,1,8,4,1100
1264060237,1064,4033,0,-204649,268,0,0,56,0,0,1,8,4,1100
1264061282,1045,4033,0,-204649,320,0,0,56,0,0,1,8,4,1100
1264062299,1017,4033,0,-204649,346,0,0,56,0,0,1,8,4,1100
1264063242,943,4033,0,-204649,286,0,0,56,0,0,1,8,4,1100
1264064216,974,4033,0,-204649,262,0,0,56,0,0,1,8,4,1100
1264065188,972,4033,0,-204649,239,0,0,56,0,0,1,8,4,1100
1264066230,1042,4033,0,-204649,269,0,0,56,0,0,1,8,4,1100
1264067215,985,4033,0,-204649,256,0,0,56,0,0,1,8,4,1100
1264068227,1012,4033,0,-204649,265,0,0,56,0,0,1,8,4,1100
1264069216,989,4033,0,-204649,259,0,0,56,0,0,1,8,4,1100
1264070230,1014,4033,0,-204649,274,0,0,56,0,0,1,8,4,1100
1264071213,983,4033,0,-204649,263,0,0,56,0,0,1,8,4,1100
1264072237,1024,4033,0,-204649,289,0,0,56,0,0,1,8,4,1100
1264073183,946,4033,0,-204649,230,0,0,56,0,0,1,8,4,1100
1264074188,1005,4033,0,-204649,233,0,0,56,0,0,1,8,4,1100
1264075177,989,4033,0,-204649,226,0,0,56,0,0,1,8,4,1100
1264076181,1004,4033,0,-204649,226,0,0,56,0,0,1,8,4,1100
1264077184,1003,4033,0,-204649,226,0,0,56,0,0,1,8,4,1100
1264078179,995,4033,0,-204649,232,0,0,56,0,0,1,8,4,1100
1264079184,1005,4033,0,-204649,226,0,0,56,0,0,1,8,4,1100
1264080218,1034,4033,0,-204649,266,0,0,56,0,0,1,8,4,1100
1264081264,1046,4033,0,-204649,314,0,0,56,0,0,1,8,4,1100
1264082295,1031,4033,0,-204649,344,0,0,56,0,0,1,8,4,1100
1264083251,956,4033,0,-204649,293,0,0,56,0,0,1,8,4,1100
1264084215,964,4033,0,-204649,264,0,0,56,0,0,1,8,4,1100
1264085201,986,4033,0,-204649,253,0,0,56,0,0,1,8,4,1100
1264086219,1018,4033,0,-204649,272,0,0,56,0,0,1,8,4,1100
1264087217,998,4033,0,-204649,266,0,0,56,0,0,1,8,4,1100
1264088210,993,4033,0,-204649,263,0,0,56,0,0,1,8,4,1100
1264089224,1014,4033,0,-204649,265,0,0,56,0,0,1,8,4,1100
1264090226,1002,4033,0,-204649,280,0,0,56,0,0,1,8,4,1100
1264091216,990,4033,0,-204649,267,0,0,56,0,0,1,8,4,1100
1264092242,1026,4033,0,-204649,293,0,0,56,0,0,1,8,4,1100
1264093183,941,4033,0,-204649,231,0,0,56,0,0,1,8,4,1100
1264094185,1002,4033,0,-204649,232,0,0,56,0,0,1,8,4,1100
1264095175,990,4033,0,-204649,227,0,0,56,0,0,1,8,4,1100
1264096177,1002,4033,0,-204649,225,0,0,56,0,0,1,8,4,1100
1264097181,1004,4033,0,-204649,226,0,0,56,0,0,1,8,4,1100
1264098177,996,4033,0,-204649,230,0,0,56,0,0,1,8,4,1100
1264099185,1008,4033,0,-204649,227,0,0,56,0,0,1,8,4,1100
1264100221,1036,4033,0,-204649,265,0,0,56,0,0,1,8,4,1100
1264101274,1053,4033,0,-204649,322,0,0,56,0,0,1,8,4,1100
1264102294,1020,4033,0,-204649,346,0,0,56,0,0,1,8,4,1100
1264103239,945,4033,0,-204649,282,0,0,56,0,0,1,8,4,1100
1264104212,973,4033,0,-204649,263,0,0,56,0,0,1,8,4,1100
1264105225,1013,4033,0,-204649,264,0,0,56,0,0,1,8,4,1100
1264106225,1000,4033,0,-204649,263,0,0,56,0,0,1,8,4,1100
1264107217,992,4033,0,-204649,260,0,0,56,0,0,1,8,4,1100
1264108220,1003,4033,0,-204649,262,0,0,56,0,0,1,8,4,1100
1264109214,994,4033,0,-204649,263,0,0,56,0,0,1,8,4,1100
1264110224,1010,4033,0,-204649,277,0,0,56,0,0,1,8,4,1100
1264111211,987,4033,0,-204649,262,0,0,56,0,0,1,8,4,1100
1264112250,1039,4033,0,-204649,291,0,0,56,0,0,1,8,4,1100
1264113181,931,4033,0,-204649,229,0,0,56,0,0,1,8,4,1100
1264114182,1001,4033,0,-204649,235,0,0,56,0,0,1,8,4,1100
1264115175,993,4033,0,-204649,227,0,0,56,0,0,1,8,4,1100
1264116181,1006,4033,0,-204649,226,0,0,56,0,0,1,8,4,1100
1264117184,1003,4033,0,-204649,226,0,0,56,0,0,1,8,4,1100
1264118177,993,4033,0,-204649,230,0,0,56,0,0,1,8,4,1100
1264119185,1008,4033,0,-204649,227,0,0,56,0,0,1,8,4,1100
1264120218,1033,4033,0,-204649,265,0,0,56,0,0,1,8,4,1100
1264121289,1071,4033,0,-204649,325,0,0,56,0,0,1,8,4,1100
1264122289,1000,4033,0,-204649,339,0,0,56,0,0,1,8,4,1100
1264123232,943,4033,0,-204649,282,0,0,56,0,0,1,8,4,1100
1264124215,983,4033,0,-204649,262,0,0,56,0,0,1,8,4,1100
1264125208,993,4033,0,-204649,256,0,0,56,0,0,1,8,4,1100
1264126223,1015,4033,0,-204649,270,0,0,56,0,0,1,8,4,1100
1264127222,999,4033,0,-204649,268,0,0,56,0,0,1,8,4,1100
1264128221,999,4033,0,-204649,262,0,0,56,0,0,1,8,4,1100
1264129217,996,4033,0,-204649,264,0,0,56,0,0,1,8,4,1100
1264130228,1011,4033,0,-204649,275,0,0,56,0,0,1,8,4,1100
1264131226,998,4033,0,-204649,273,0,0,56,0,0,1,8,4,1100
1264132236,1010,4033,0,-204649,289,0,0,56,0,0,1,8,4,1100
1264133188,952,4033,0,-204649,228,0,0,56,0,0,1,8,4,1100
1264134192,1004,4033,0,-204649,236,0,0,56,0,0,1,8,4,1100
1264135184,992,4033,0,-204649,226,0,0,56,0,0,1,8,4,1100
1264136187,1003,4033,0,-204649,226,0,0,56,0,0,1,8,4,1100
1264137173,986,4033,0,-204649,226,0,0,56,0,0,1,8,4,1100
1264138185,1012,4033,0,-204649,232,0,0,56,0,0,1,8,4,1100
1264139174,989,4033,0,-204649,225,0,0,56,0,0,1,8,4,1100
1264140218,1044,4033,0,-204649,271,0,0,56,0,0,1,8,4,1100
1264141267,1049,4033,0,-204649,314,0,0,56,0,0,1,8,4,1100
1264142302,1035,4033,0,-204649,348,0,0,56,0,0,1,8,4,1100
1264143228,926,4033,0,-204649,281,0,0,56,0,0,1,8,4,1100
1264144223,995,4033,0,-204649,266,0,0,56,0,0,1,8,4,1100
1264145190,967,4033,0,-204649,241,0,0,56,0,0,1,8,4,1100
1264146218,1028,4033,0,-204649,269,0,0,56,0,0,1,8,4,1100
1264147205,987,4033,0,-204649,258,0,0,56,0,0,1,8,4,1100
1264148215,1010,4033,0,-204649,265,0,0,56,0,0,1,8,4,1100
1264149221,1006,4033,0,-204649,261,0,0,56,0,0,1,8,4,1100
1264150232,1011,4033,0,-204649,286,0,0,56,0,0,1,8,4,1100
1264151223,991,4033,0,-204649,264,0,0,56,0,0,1,8,4,1100
1264152255,1032,4033,0,-204649,296,0,0,56,0,0,1,8,4,1100
1264153186,931,4033,0,-204649,230,0,0,56,0,0,1,8,4,1100
1264154185,999,4033,0,-204649,231,0,0,56,0,0,1,8,4,1100
1264155177,992,4033,0,-204649,228,0,0,56,0,0,1,8,4,1100
1264156181,1004,4033,0,-204649,226,0,0,56,0,0,1,8,4,1100
1264157184,1003,4033,0,-204649,226,0,0,56,0,0,1,8,4,1100
1264158176,992,4033,0,-204649,229,0,0,56,0,0,1,8,4,1100
1264159186,1010,4033,0,-204649,228,0,0,56,0,0,1,8,4,1100
1264160217,1031,4033,0,-204649,261,0,0,56,0,0,1,8,4,1100
1264161274,1057,4033,0,-204649,320,0,0,56,0,0,1,8,4,1100
1264162311,1037,4033,0,-204649,345,0,0,56,0,0,1,8,4,1100
1264186406,24095,4033,0,-204649,350,0,0,56,0,0,72,9,5,550
1264187301,895,4033,0,-204649,249,0,0,56,0,0,1,9,5,550
1264188310,1009,4033,0,-204649,250,0,0,56,0,0,1,9,5,550
1264189295,985,4033,0,-204649,243,0,0,56,0,0,1,9,5,550
1264190328,1033,4033,0,-204649,263,0,0,56,0,0,1,9,5,550
1264191346,1018,4033,0,-204649,292,0,0,56,0,0,1,9,5,550
1264192272,926,4033,0,-204649,221,0,0,56,0,0,1,9,5,550
1264193278,1006,4033,0,-204649,213,0,0,56,0,0,1,9,5,550
1264194281,1003,4033,0,-204649,229,0,0,56,0,0,1,9,5,550
1264195272,991,4033,0,-204649,213,0,0,56,0,0,1,9,5,550
1264196271,999,4033,0,-204649,213,0,0,56,0,0,1,9,5,550
1264197269,998,4033,0,-204649,213,0,0,56,0,0,1,9,5,550
1264198284,1015,4033,0,-204649,223,0,0,56,0,0,1,9,5,550
1264199276,992,4033,0,-204649,213,0,0,56,0,0,1,9,5,550
1264200302,1026,4033,0,-204649,236,0,0,56,0,0,1,9,5,550
1264201368,1066,4033,0,-204649,312,0,0,56,0,0,1,9,5,550
1264202407,1039,4033,0,-204649,354,0,0,56,0,0,1,9,5,550
1264203314,907,4033,0,-204649,255,0,0,56,0,0,1,9,5,550
1264204294,980,4033,0,-204649,244,0,0,56,0,0,1,9,5,550
1264205302,1008,4033,0,-204649,250,0,0,56,0,0,1,9,5,550
1264206304,1002,4033,0,-204649,251,0,0,56,0,0,1,9,5,550
1264207308,1004,4033,0,-204649,248,0,0,56,0,0,1,9,5,550
1264208306,998,4033,0,-204649,247,0,0,56,0,0,1,9,5,550
1264209325,1019,4033,0,-204649,261,0,0,56,0,0,1,9,5,550
1264210308,983,4033,0,-204649,254,0,0,56,0,0,1,9,5,550
1264211325,1017,4033,0,-204649,275,0,0,56,0,0,1,9,5,550
1264212332,1007,4033,0,-204649,281,0,0,56,0,0,1,9,5,550
1264213289,957,4033,0,-204649,224,0,0,56,0,0,1,9,5,550
1264214293,1004,4033,0,-204649,240,0,0,56,0,0,1,9,5,550
1264215292,999,4033,0,-204649,230,0,0,56,0,0,1,9,5,550
1264216285,993,4033,0,-204649,223,0,0,56,0,0,1,9,5,550
1264217287,1002,4033,0,-204649,227,0,0,56,0,0,1,9,5,550
1264218289,1002,4033,0,-204649,227,0,0,56,0,0,1,9,5,550
1264219284,995,4033,0,-204649,229,0,0,56,0,0,1,9,5,550
1264220297,1013,4033,0,-204649,239,0,0,56,0,0,1,9,5,550
1264221389,1092,4033,0,-204649,331,0,0,56,0,0,1,9,5,550
1264222398,1009,4033,0,-204649,338,0,0,56,0,0,1,9,5,550
1264223328,930,4033,0,-204649,276,0,0,56,0,0,1,9,5,550
1264224320,992,4033,0,-204649,262,0,0,56,0,0,1,9,5,550
1264225308,988,4033,0,-204649,253,0,0,56,0,0,1,9,5,550
1264226321,1013,4033,0,-204649,267,0,0,56,0,0,1,9,5,550
1264227298,977,4033,0,-204649,248,0,0,56,0,0,1,9,5,550
1264228309,1011,4033,0,-204649,259,0,0,56,0,0,1,9,5,550
1264229314,1005,4033,0,-204649,256,0,0,56,0,0,1,9,5,550
1264230325,1011,4033,0,-204649,265,0,0,56,0,0,1,9,5,550
1264231320,995,4033,0,-204649,264,0,0,56,0,0,1,9,5,550
1264232354,1034,4033,0,-204649,294,0,0,56,0,0,1,9,5,550
1264233290,936,4033,0,-204649,230,0,0,56,0,0,1,9,5,550
1264234286,996,4033,0,-204649,232,0,0,56,0,0,1,9,5,550
1264235282,996,4033,0,-204649,229,0,0,56,0,0,1,9,5,550
1264236284,1002,4033,0,-204649,226,0,0,56,0,0,1,9,5,550
1264237285,1001,4033,0,-204649,226,0,0,56,0,0,1,9,5,550
1264238292,1007,4033,0,-204649,230,0,0,56,0,0,1,9,5,550
1264239287,995,4033,0,-204649,229,0,0,56,0,0,1,9,5,550
1264240307,1020,4033,0,-204649,240,0,0,56,0,0,1,9,5,550
1264241405,1098,4033,0,-204649,339,0,0,56,0,0,1,9,5,550
1264242403,998,4033,0,-204649,340,0,0,56,0,0,1,9,5,550
1264243320,917,4033,0,-204649,265,0,0,56,0,0,1,9,5,550
1264244327,1007,4033,0,-204649,262,0,0,56,0,0,1,9,5,550
1264245318,991,4033,0,-204649,253,0,0,56,0,0,1,9,5,550
1264246318,1000,4033,0,-204649,266,0,0,56,0,0,1,9,5,550
1264247310,992,4033,0,-204649,249,0,0,56,0,0,1,9,5,550
1264248323,1013,4033,0,-204649,259,0,0,56,0,0,1,9,5,550
1264249312,989,4033,0,-204649,256,0,0,56,0,0,1,9,5,550
1264250322,1010,4033,0,-204649,266,0,0,56,0,0,1,9,5,550
1264251334,1012,4033,0,-204649,269,0,0,56,0,0,1,9,5,550
1264252342,1008,4033,0,-204649,285,0,0,56,0,0,1,9,5,550
1264253292,950,4033,0,-204649,230,0,0,56,0,0,1,9,5,550
1264254289,997,4033,0,-204649,234,0,0,56,0,0,1,9,5,550
1264255285,996,4033,0,-204649,229,0,0,56,0,0,1,9,5,550
1264256286,1001,4033,0,-204649,226,0,0,56,0,0,1,9,5,550
1264257288,1002,4033,0,-204649,227,0,0,56,0,0,1,9,5,550
1264258295,1007,4033,0,-204649,231,0,0,56,0,0,1,9,5,550
1264259290,995,4033,0,-204649,230,0,0,56,0,0,1,9,5,550
1264260308,1018,4033,0,-204649,242,0,0,56,0,0,1,9,5,550
1264261380,1072,4033,0,-204649,329,0,0,56,0,0,1,9,5,550
1264262414,1034,4033,0,-204649,345,0,0,56,0,0,1,9,5,550
1264263334,920,4033,0,-204649,268,0,0,56,0,0,1,9,5,550
1264264313,979,4033,0,-204649,262,0,0,56,0,0,1,9,5,550
1264265317,1004,4033,0,-204649,253,0,0,56,0,0,1,9,5,550
1264266321,1004,4033,0,-204649,271,0,0,56,0,0,1,9,5,550
1264267310,989,4033,0,-204649,259,0,0,56,0,0,1,9,5,550
1264268309,999,4033,0,-204649,254,0,0,56,0,0,1,9,5,550
1264269315,1006,4033,0,-204649,258,0,0,56,0,0,1,9,5,550
1264270333,1018,4033,0,-204649,269,0,0,56,0,0,1,9,5,550
1264271330,997,4033,0,-204649,264,0,0,56,0,0,1,9,5,550
1264272346,1016,4033,0,-204649,291,0,0,56,0,0,1,9,5,550
1264273289,943,4033,0,-204649,229,0,0,56,0,0,1,9,5,550
1264274285,996,4033,0,-204649,232,0,0,56,0,0,1,9,5,550
1264275282,997,4033,0,-204649,229,0,0,56,0,0,1,9,5,550
1264276284,1002,4033,0,-204649,226,0,0,56,0,0,1,9,5,550
1264277285,1001,4033,0,-204649,226,0,0,56,0,0,1,9,5,550
1264278292,1007,4033,0,-204649,230,0,0,56,0,0,1,9,5,550
1264279287,995,4033,0,-204649,229,0,0,56,0,0,1,9,5,550
1264280306,1019,4033,0,-204649,239,0,0,56,0,0,1,9,5,550
1264281378,1072,4033,0,-204649,327,0,0,56,0,0,1,9,5,550
1264282399,1021,4033,0,-204649,339,0,0,56,0,0,1,9,5,550
1264283326,927,4033,0,-204649,271,0,0,56,0,0,1,9,5,550
1264284316,990,4033,0,-204649,260,0,0,56,0,0,1,9,5,550
1264285306,990,4033,0,-204649,256,0,0,56,0,0,1,9,5,550
1264286321,1015,4033,0,-204649,263,0,0,56,0,0,1,9,5,550
1264287315,994,4033,0,-204649,252,0,0,56,0,0,1,9,5,550
1264288313,998,4033,0,-204649,257,0,0,56,0,0,1,9,5,550
1264289316,1003,4033,0,-204649,255,0,0,56,0,0,1,9,5,550
1264290329,1013,4033,0,-204649,267,0,0,56,0,0,1,9,5,550
1264291331,1002,4033,0,-204649,269,0,0,56,0,0,1,9,5,550
1264292344,1013,4033,0,-204649,291,0,0,56,0,0,1,9,5,550
1264293279,935,4033,0,-204649,229,0,0,56,0,0,1,9,5,550
1264294294,1015,4033,0,-204649,234,0,0,56,0,0,1,9,5,550
1264295290,996,4033,0,-204649,230,0,0,56,0,0,1,9,5,550
1264296291,1001,4033,0,-204649,226,0,0,56,0,0,1,9,5,550
1264297279,988,4033,0,-204649,226,0,0,56,0,0,1,9,5,550
1264298290,1011,4033,0,-204649,230,0,0,56,0,0,1,9,5,550
1264299286,996,4033,0,-204649,230,0,0,56,0,0,1,9,5,550
1264300304,1018,4033,0,-204649,244,0,0,56,0,0,1,9,5,550
1264301378,1074,4033,0,-204649,327,0,0,56,0,0,1,9,5,550
1264302404,1026,4033,0,-204649,341,0,0,56,0,0,1,9,5,550
1264303332,928,4033,0,-204649,268,0,0,56,0,0,1,9,5,550
1264304326,994,4033,0,-204649,262,0,0,56,0,0,1,9,5,550
1264305297,971,4033,0,-204649,247,0,0,56,0,0,1,9,5,550
1264306327,1030,4033,0,-204649,269,0,0,56,0,0,1,9,5,550
1264307319,992,4033,0,-204649,259,0,0,56,0,0,1,9,5,550
1264308316,997,4033,0,-204649,255,0,0,56,0,0,1,9,5,550
1264309324,1008,4033,0,-204649,258,0,0,56,0,0,1,9,5,550
1264310325,1001,4034,1,-204650,268,0,-8,56,0,0,1,9,5,550
1264311326,1001,4034,0,-204650,267,-1,-8,56,0,0,1,9,5,550
1264312343,1017,4034,0,-204650,284,-1,-8,56,0,0,1,9,5,550
1264313287,944,4034,0,-204650,229,-1,-8,56,0,0,1,9,5,550
1264314288,1001,4033,-1,-204649,236,-1,0,56,0,0,1,9,5,550
1264315285,997,4033,0,-204649,229,-1,0,56,0,0,1,9,5,550
1264316287,1002,4033,0,-204649,226,-1,0,56,0,0,1,9,5,550
1264317289,1002,4034,1,-204650,226,-1,-8,56,0,0,1,9,5,550
1264318282,993,4033,-1,-204649,231,-1,0,56,0,0,1,9,5,550
1264319294,1012,4033,0,-204649,229,-1,0,56,0,0,1,9,5,550
1264320299,1005,4033,0,-204649,240,-1,0,56,0,0,1,9,5,550
1264321393,1094,4033,0,-204649,332,-1,0,56,0,0,1,9,5,550
1264322411,1018,4033,0,-204649,345,-1,0,56,0,0,1,9,5,550
1264323318,907,4033,0,-204649,264,-1,0,56,0,0,1,9,5,550
1264324326,1008,4033,0,-204649,262,-1,0,56,0,0,1,9,5,550
1264325316,990,4033,0,-204649,253,-1,0,56,0,0,1,9,5,550
1264326325,1009,4033,0,-204649,266,-1,0,56,0,0,1,9,5,550
1264327300,975,4033,0,-204649,250,-1,0,56,0,0,1,9,5,550
1264328312,1012,4033,0,-204649,259,-1,0,56,0,0,1,9,5,550
1264329314,1002,4033,0,-204649,256,-1,0,56,0,0,1,9,5,550
1264330320,1006,4033,0,-204649,265,-1,0,56,0,0,1,9,5,550
1264331330,1010,4033,0,-204649,265,-1,0,56,0,0,1,9,5,550
1264332351,1021,4033,0,-204649,289,-1,0,56,0,0,1,9,5,550
1264333287,936,4033,0,-204649,230,-1,0,56,0,0,1,9,5,550
1264334286,999,4033,0,-204649,232,-1,0,56,0,0,1,9,5,550
1264335284,998,4033,0,-204649,231,-1,0,56,0,0,1,9,5,550
1264336285,1001,4033,0,-204649,226,-1,0,56,0,0,1,9,5,550
1264337287,1002,4033,0,-204649,226,-1,0,56,0,0,1,9,5,550
1264338293,1006,4033,0,-204649,230,-1,0,56,0,0,1,9,5,550
1264339288,995,4033,0,-204649,229,-1,0,56,0,0,1,9,5,550
1264340304,1016,4033,0,-204649,240,-1,0,56,0,0,1,9,5,550
1264341401,1097,4033,0,-204649,335,0,8,56,0,0,1,9,5,550
1264342397,996,4033,0,-204649,345,0,8,56,0,0,1,9,5,550
1264343319,922,4033,0,-204649,267,0,8,56,0,0,1,9,5,550
1264344313,994,4033,0,-204649,262,0,0,56,0,0,1,9,5,550
1264345303,990,4033,0,-204649,253,0,0,56,0,0,1,9,5,550
1264346321,1018,4033,0,-204649,270,0,0,56,0,0,1,9,5,550
1264347311,990,4033,0,-204649,261,1,8,56,0,0,1,9,5,550
1264348312,1001,4033,0,-204649,252,1,0,56,0,0,1,9,5,550
1264349315,1003,4033,0,-204649,260,1,0,56,0,0,1,9,5,550
1264350315,1000,4033,0,-204649,265,1,0,56,0,0,1,9,5,550
1264351326,1011,4033,0,-204649,265,1,0,56,0,0,1,9,5,550
1264352341,1015,4033,0,-204649,290,1,0,56,0,0,1,9,5,550
1264353285,944,4033,0,-204649,230,1,0,56,0,0,1,9,5,550
1264354283,998,4033,0,-204649,232,1,0,56,0,0,1,9,5,550
1264355280,997,4033,0,-204649,229,1,0,56,0,0,1,9,5,550
1264356283,1003,4033,0,-204649,227,0,0,56,0,0,1,9,5,550
1264357284,1001,4033,0,-204649,226,0,0,56,0,0,1,9,5,550
1264358293,1009,4033,0,-204649,231,0,0,56,0,0,1,9,5,550
1264359288,995,4033,0,-204649,229,0,0,56,0,0,1,9,5,550
1264360295,1007,4033,0,-204649,244,0,0,56,0,0,1,9,5,550
1264361396,1101,4033,0,-204649,330,0,0,56,0,0,1,9,5,550
1264362399,1003,4033,0,-204649,338,0,0,56,0,0,1,9,5,550
1264363321,922,4033,0,-204649,270,0,0,56,0,0,1,9,5,550
1264364318,997,4033,0,-204649,262,0,0,56,0,0,1,9,5,550
1264365309,991,4033,0,-204649,255,0,0,56,0,0,1,9,5,550
1264366321,1012,4033,0,-204649,265,0,0,56,0,0,1,9,5,550
1264367310,989,4033,0,-204649,250,0,0,56,0,0,1,9,5,550
1264368322,1012,4033,0,-204649,259,0,0,56,0,0,1,9,5,550
1264369309,987,4033,0,-204649,256,0,0,56,0,0,1,9,5,550
1264370318,1009,4033,0,-204649,264,0,0,56,0,0,1,9,5,550
1264371332,1014,4033,0,-204649,270,0,0,56,0,0,1,9,5,550
1264372355,1023,4033,0,-204649,290,0,0,56,0,0,1,9,5,550
1264373291,936,4033,0,-204649,230,0,0,56,0,0,1,9,5,550
1264374291,1000,4033,0,-204649,234,0,0,56,0,0,1,9,5,550
1264375286,995,4033,0,-204649,229,0,0,56,0,0,1,9,5,550
1264376287,1001,4033,0,-204649,226,0,0,56,0,0,1,9,5,550
1264377289,1002,4033,0,-204649,226,0,0,56,0,0,1,9,5,550
1264378281,992,4033,0,-204649,231,0,0,56,0,0,1,9,5,550
1264379293,1012,4033,0,-204649,229,0,0,56,0,0,1,9,5,550
1264380301,1008,4033,0,-204649,248,0,0,56,0,0,1,9,5,550
1264381400,1099,4033,0,-204649,334,0,0,56,0,0,1,9,5,550
1264382397,997,4033,0,-204649,343,0,0,56,0,0,1,9,5,550
1264383316,919,4033,0,-204649,264,0,0,56,0,0,1,9,5,550
1264384322,1006,4033,0,-204649,261,0,0,56,0,0,1,9,5,550
1264385308,986,4033,0,-204649,255,0,0,56,0,0,1,9,5,550
1264386325,1017,4033,0,-204649,265,0,0,56,0,0,1,9,5,550
1264387314,989,4033,0,-204649,249,0,0,56,0,0,1,9,5,550
1264388309,995,4033,0,-204649,258,0,0,56,0,0,1,9,5,550
1264389317,1008,4033,0,-204649,256,0,0,56,0,0,1,9,5,550
1264390329,1012,4033,0,-204649,266,0,0,56,0,0,1,9,5,550
1264391326,997,4033,0,-204649,263,0,0,56,0,0,1,9,5,550
1264392346,1020,4033,0,-204649,293,0,0,56,0,0,1,9,5,550
1264393279,933,4033,0,-204649,229,0,0,56,0,0,1,9,5,550
1264394290,1011,4033,0,-204649,232,0,0,56,0,0,1,9,5,550
1264395285,995,4033,0,-204649,229,0,0,56,0,0,1,9,5,550
1264396287,1002,4033,0,-204649,226,0,0,56,0,0,1,9,5,550
1264397289,1002,4033,0,-204649,227,0,0,56,0,0,1,9,5,550
1264398281,992,4033,0,-204649,230,0,0,56,0,0,1,9,5,550
1264399293,1012,4033,0,-204649,230,0,0,56,0,0,1,9,5,550
1264400301,1008,4033,0,-204649,243,0,0,56,0,0,1,9,5,550
1264401396,1095,4033,0,-204649,337,0,0,56,0,0,1,9,5,550
1264402401,1005,4033,0,-204649,339,0,0,56,0,0,1,9,5,550
1264403336,935,4033,0,-204649,275,0,0,56,0,0,1,9,5,550
1264404325,989,4033,0,-204649,260,0,0,56,0,0,1,9,5,550
1264405320,995,4033,0,-204649,256,0,0,56,0,0,1,9,5,550
1264406328,1008,4033,0,-204649,265,0,0,56,0,0,1,9,5,550
1264407304,976,4033,0,-204649,250,0,0,56,0,0,1,9,5,550
1264408319,1015,4033,0,-204649,259,0,0,56,0,0,1,9,5,550
1264409324,1005,4033,0,-204649,259,0,0,56,0,0,1,9,5,550
1264410316,992,4033,0,-204649,261,0,0,56,0,0,1,9,5,550
1264411322,1006,4033,0,-204649,271,0,0,56,0,0,1,9,5,550
1264412348,1026,4033,0,-204649,292,0,0,56,0,0,1,9,5,550
1264413284,936,4033,0,-204649,230,0,0,56,0,0,1,9,5,550
1264414285,1001,4033,0,-204649,232,0,0,56,0,0,1,9,5,550
1264415284,999,4033,0,-204649,231,0,0,56,0,0,1,9,5,550
1264416286,1002,4033,0,-204649,227,0,0,56,0,0,1,9,5,550
1264417287,1001,4033,0,-204649,226,0,0,56,0,0,1,9,5,550
1264418294,1007,4033,0,-204649,230,0,0,56,0,0,1,9,5,550
1264419290,996,4033,0,-204649,230,0,0,56,0,0,1,9,5,550
1264420308,1018,4033,0,-204649,242,0,0,56,0,0,1,9,5,550
1264421404,1096,4033,0,-204649,338,0,0,56,0,0,1,9,5,550
1264422390,986,4033,0,-204649,339,0,0,56,0,0,1,9,5,550
1264423335,945,4033,0,-204649,271,0,0,56,0,0,1,9,5,550
1264424312,977,4033,0,-204649,262,0,0,56,0,0,1,9,5,550
1264425315,1003,4033,0,-204649,253,0,0,56,0,0,1,9,5,550
1264426327,1012,4033,0,-204649,268,0,0,56,0,0,1,9,5,550
1264427297,970,4033,0,-204649,248,0,0,56,0,0,1,9,5,550
1264428310,1013,4033,0,-204649,259,0,0,56,0,0,1,9,5,550
1264429315,1005,4033,0,-204649,256,0,0,56,0,0,1,9,5,550
1264430323,1008,4033,0,-204649,264,0,0,56,0,0,1,9,5,550
1264431322,999,4033,0,-204649,270,0,0,56,0,0,1,9,5,550
1264432347,1025,4033,0,-204649,292,0,0,56,0,0,1,9,5,550
1264433279,932,4033,0,-204649,229,0,0,56,0,0,1,9,5,550
1264434294,1015,4033,0,-204649,232,0,0,56,0,0,1,9,5,550
1264435289,995,4033,0,-204649,229,0,0,56,0,0,1,9,5,550
1264436291,1002,4033,0,-204649,226,0,0,56,0,0,1,9,5,550
1264437279,988,4033,0,-204649,226,0,0,56,0,0,1,9,5,550
1264438290,1011,4033,0,-204649,230,0,0,56,0,0,1,9,5,550
1264439286,996,4033,0,-204649,230,0,0,56,0,0,1,9,5,550
1264440305,1019,4033,0,-204649,240,0,0,56,0,0,1,9,5,550
1264441398,1093,4033,0,-204649,336,0,0,56,0,0,1,9,5,550
1264442403,1005,4033,0,-204649,338,0,0,56,0,0,1,9,5,550
1264443334,931,4033,0,-204649,274,0,0,56,0,0,1,9,5,550
1264444327,993,4033,0,-204649,262,0,0,56,0,0,1,9,5,550
1264445316,989,4033,0,-204649,253,0,0,56,0,0,1,9,5,550
1264446325,1009,4033,0,-204649,266,0,0,56,0,0,1,9,5,550
1264447315,990,4033,0,-204649,250,0,0,56,0,0,1,9,5,550
1264448310,995,4033,0,-204649,258,0,0,56,0,0,1,9,5,550
1264449312,1002,4033,0,-204649,258,0,0,56,0,0,1,9,5,550
1264450319,1007,4033,0,-204649,262,0,0,56,0,0,1,9,5,550
1264451334,1015,4033,0,-204649,270,0,0,56,0,0,1,9,5,550
1264452347,1013,4033,0,-204649,290,0,0,56,0,0,1,9,5,550
1264453283,936,4033,0,-204649,229,0,0,56,0,0,1,9,5,550
1264454287,1004,4033,0,-204649,233,0,0,56,0,0,1,9,5,550
1264455286,999,4033,0,-204649,231,0,0,56,0,0,1,9,5,550
1264456288,1002,4033,0,-204649,227,0,0,56,0,0,1,9,5,550
1264457289,1001,4033,0,-204649,226,0,0,56,0,0,1,9,5,550
1264458281,992,4033,0,-204649,230,0,0,56,0,0,1,9,5,550
1264459293,1012,4033,0,-204649,230,0,0,56,0,0,1,9,5,550
1264460300,1007,4033,0,-204649,245,0,0,56,0,0,1,9,5,550
1264461394,1094,4033,0,-204649,332,0,0,56,0,0,1,9,5,550
1264462397,1003,4033,0,-204649,342,0,0,56,0,0,1,9,5,550
1264463316,919,4033,0,-204649,265,0,0,56,0,0,1,9,5,550
1264464324,1008,4033,0,-204649,262,0,0,56,0,0,1,9,5,550
1264465310,986,4033,0,-204649,253,0,0,56,0,0,1,9,5,550
1264466325,1015,4033,0,-204649,268,0,0,56,0,0,1,9,5,550
1264467298,973,4033,0,-204649,248,0,0,56,0,0,1,9,5,550
1264468310,1012,4033,0,-204649,259,0,0,56,0,0,1,9,5,550
1264469314,1004,4033,0,-204649,256,0,0,56,0,0,1,9,5,550
1264470325,1011,4033,0,-204649,266,0,0,56,0,0,1,9,5,550
1264471317,992,4033,0,-204649,265,0,0,56,0,0,1,9,5,550
1264472352,1035,4033,0,-204649,292,0,0,56,0,0,1,9,5,550
1264473287,935,4033,0,-204649,230,0,0,56,0,0,1,9,5,550
1264474286,999,4033,0,-204649,232,0,0,56,0,0,1,9,5,550
1264475285,999,4033,0,-204649,230,0,0,56,0,0,1,9,5,550
1264476287,1002,4033,0,-204649,227,0,0,56,0,0,1,9,5,550
1264477289,1002,4033,0,-204649,227,0,0,56,0,0,1,9,5,550
1264478281,992,4033,0,-204649,230,0,0,56,0,0,1,9,5,550
1264479293,1012,4033,0,-204649,230,0,0,56,0,0,1,9,5,550
1264480300,1007,4033,0,-204649,242,0,0,56,0,0,1,9,5,550
1264481393,1093,4033,0,-204649,342,0,0,56,0,0,1,9,5,550
1264482401,1008,4033,0,-204649,335,0,0,56,0,0,1,9,5,550
1264483333,932,4033,0,-204649,272,0,0,56,0,0,1,9,5,550
1264484312,979,4033,0,-204649,263,0,0,56,0,0,1,9,5,550
1264485304,992,4033,0,-204649,254,0,0,56,0,0,1,9,5,550
1264486329,1025,4033,0,-204649,265,0,0,56,0,0,1,9,5,550
1264487302,973,4033,0,-204649,250,0,0,56,0,0,1,9,5,550
1264488315,1013,4033,0,-204649,260,0,0,56,0,0,1,9,5,550
1264489316,1001,4033,0,-204649,256,0,0,56,0,0,1,9,5,550
1264490327,1011,4033,0,-204649,264,0,0,56,0,0,1,9,5,550
1264491326,999,4033,0,-204649,269,0,0,56,0,0,1,9,5,550
1264492349,1023,4033,0,-204649,293,0,0,56,0,0,1,9,5,550
1264493286,937,4033,0,-204649,229,0,0,56,0,0,1,9,5,550
1264494289,1003,4033,0,-204649,234,0,0,56,0,0,1,9,5,550
1264495285,996,4033,0,-204649,229,0,0,56,0,0,1,9,5,550
1264496287,1002,4033,0,-204649,227,0,0,56,0,0,1,9,5,550
1264497289,1002,4033,0,-204649,227,0,0,56,0,0,1,9,5,550
1264498295,1006,4033,0,-204649,230,0,0,56,0,0,1,9,5,550
1264499290,995,4033,0,-204649,229,0,0,56,0,0,1,9,5,550
1264500300,1010,4033,0,-204649,249,0,0,56,0,0,1,9,5,550
1264501393,1093,4033,0,-204649,328,0,0,56,0,0,1,9,5,550
1264502400,1007,4033,0,-204649,341,0,0,56,0,0,1,9,5,550
1264503320,920,4033,0,-204649,266,0,0,56,0,0,1,9,5,550
1264504327,1007,4033,0,-204649,262,0,0,56,0,0,1,9,5,550
1264505317,990,4033,0,-204649,254,0,0,56,0,0,1,9,5,550
1264506333,1016,4033,0,-204649,268,0,0,56,0,0,1,9,5,550
1264507306,973,4033,0,-204649,248,0,0,56,0,0,1,9,5,550
1264508320,1014,4033,0,-204649,259,0,0,56,0,0,1,9,5,550
1264509307,987,4033,0,-204649,256,0,0,56,0,0,1,9,5,550
1264510320,1013,4033,0,-204649,266,0,0,56,0,0,1,9,5,550
1264511314,994,4033,0,-204649,261,0,0,56,0,0,1,9,5,550
1264512352,1038,4033,0,-204649,293,0,0,56,0,0,1,9,5,550
1264513285,933,4033,0,-204649,229,0,0,56,0,0,1,9,5,550
1264514284,999,4033,0,-204649,232,0,0,56,0,0,1,9,5,550
1264515282,998,4033,0,-204649,229,0,0,56,0,0,1,9,5,550
1264516284,1002,4033,0,-204649,226,0,0,56,0,0,1,9,5,550
1264517285,1001,4033,0,-204649,226,0,0,56,0,0,1,9,5,550
1264518292,1007,4033,0,-204649,230,0,0,56,0,0,1,9,5,550
1264519287,995,4033,0,-204649,229,0,0,56,0,0,1,9,5,550
1264520307,1020,4033,0,-204649,240,0,0,56,0,0,1,9,5,550
1264521410,1103,4033,0,-204649,345,0,0,56,0,0,1,9,5,550
1264522403,993,4033,0,-204649,337,0,0,56,0,0,1,9,5,550
1264523333,930,4033,0,-204649,275,0,0,56,0,0,1,9,5,550
1264524313,980,4033,0,-204649,259,0,0,56,0,0,1,9,5,550
1264525321,1008,4033,0,-204649,256,0,0,56,0,0,1,9,5,550
1264526318,997,4033,0,-204649,266,0,0,56,0,0,1,9,5,550
1264527309,991,4033,0,-204649,250,0,0,56,0,0,1,9,5,550
1264528320,1011,4033,0,-204649,259,0,0,56,0,0,1,9,5,550
1264529310,990,4033,0,-204649,259,0,0,56,0,0,1,9,5,550
1264530315,1005,4033,0,-204649,261,0,0,56,0,0,1,9,5,550
1264531333,1018,4033,0,-204649,268,0,0,56,0,0,1,9,5,550
1264532342,1009,4033,0,-204649,289,0,0,56,0,0,1,9,5,550
1264533293,951,4033,0,-204649,229,0,0,56,0,0,1,9,5,550
1264534292,999,4033,0,-204649,234,0,0,56,0,0,1,9,5,550
1264535288,996,4033,0,-204649,229,0,0,56,0,0,1,9,5,550
1264536290,1002,4033,0,-204649,227,0,0,56,0,0,1,9,5,550
1264537291,1001,4033,0,-204649,226,0,0,56,0,0,1,9,5,550
1264538282,991,4033,0,-204649,230,0,0,56,0,0,1,9,5,550
1264539294,1012,4033,0,-204649,229,0,0,56,0,0,1,9,5,550
1264540302,1008,4033,0,-204649,248,0,0,56,0,0,1,9,5,550
1264541399,1097,4033,0,-204649,337,0,0,56,0,0,1,9,5,550
1264542403,1004,4033,0,-204649,344,0,0,56,0,0,1,9,5,550
1264543329,926,4033,0,-204649,272,0,0,56,0,0,1,9,5,550
1264544321,992,4033,0,-204649,257,0,0,56,0,0,1,9,5,550
1264545313,992,4033,0,-204649,250,0,0,56,0,0,1,9,5,550
1264546328,1015,4033,0,-204649,268,0,0,56,0,0,1,9,5,550
1264547321,993,4033,0,-204649,259,0,0,56,0,0,1,9,5,550
1264548315,994,4033,0,-204649,254,0,0,56,0,0,1,9,5,550
1264549324,1009,4033,0,-204649,262,0,0,56,0,0,1,9,5,550
1264550321,997,4033,0,-204649,262,0,0,56,0,0,1,9,5,550
1264551323,1002,4033,0,-204649,269,0,0,56,0,0,1,9,5,550
1264552347,1024,4033,0,-204649,289,0,0,56,0,0,1,9,5,550
1264553284,937,4033,0,-204649,229,0,0,56,0,0,1,9,5,550
1264554286,1002,4033,0,-204649,232,0,0,56,0,0,1,9,5,550
1264555283,997,4033,0,-204649,229,0,0,56,0,0,1,9,5,550
1264556285,1002,4033,0,-204649,226,0,0,56,0,0,1,9,5,550
1264557287,1002,4033,0,-204649,227,0,0,56,0,0,1,9,5,550
1264558293,1006,4033,0,-204649,230,0,0,56,0,0,1,9,5,550
1264559288,995,4033,0,-204649,229,0,0,56,0,0,1,9,5,550
1264560295,1007,4033,0,-204649,244,0,0,56,0,0,1,9,5,550
1264561400,1105,4033,0,-204649,339,0,0,56,0,0,1,9,5,550
1264562389,989,4033,0,-204649,336,0,0,56,0,0,1,9,5,550
1264563322,933,4033,0,-204649,270,0,0,56,0,0,1,9,5,550
1264564316,994,4033,0,-204649,260,0,0,56,0,0,1,9,5,550
1264565310,994,4033,0,-204649,257,0,0,56,0,0,1,9,5,550
1264566322,1012,4033,0,-204649,263,0,0,56,0,0,1,9,5,550
1264567313,991,4033,0,-204649,252,0,0,56,0,0,1,9,5,550
1264568312,999,4033,0,-204649,259,0,0,56,0,0,1,9,5,550
1264569317,1005,4032,-1,-204648,259,0,8,56,0,0,1,9,5,550
1264570311,994,4032,0,-204648,261,1,8,56,0,0,1,9,5,550
1264571321,1010,4033,1,-204649,265,1,0,56,0,0,1,9,5,550
1264572355,1034,4033,0,-204649,292,1,0,56,0,0,1,9,5,550
1264573295,940,4032,-1,-204648,229,1,8,56,0,0,1,9,5,550
1264574302,1007,4032,0,-204648,237,1,8,56,0,0,1,9,5,550
1264575292,990,4032,0,-204648,226,1,8,56,0,0,1,9,5,550
1264576279,987,4032,0,-204648,226,2,8,56,0,0,1,9,5,550
1264577282,1003,4032,0,-204648,227,2,8,56,0,0,1,9,5,550
1264578296,1014,4032,0,-204648,233,2,8,56,0,0,1,9,5,550
1264579285,989,4032,0,-204648,226,2,8,56,0,0,1,9,5,550
1264580300,1015,4032,0,-204648,240,3,8,56,0,0,1,9,5,550
1264581380,1080,4032,0,-204648,325,3,8,56,0,0,1,9,5,550
1264582399,1019,4032,0,-204648,344,3,8,56,0,0,1,9,5,550
1264583323,924,4032,0,-204648,269,3,8,56,0,0,1,9,5,550
1264584315,992,4032,0,-204648,260,3,8,56,0,0,1,9,5,550
1264585309,994,4032,0,-204648,255,4,8,56,0,0,1,9,5,550
1264586328,1019,4032,0,-204648,266,4,8,56,0,0,1,9,5,550
1264587317,989,4032,0,-204648,260,4,8,56,0,0,1,9,5,550
1264588305,988,4032,0,-204648,253,4,8,56,0,0,1,9,5,550
1264589322,1017,4032,0,-204648,260,4,8,56,0,0,1,9,5,550
1264590325,1003,4032,0,-204648,266,4,8,56,0,0,1,9,5,550
1264591313,988,4032,0,-204648,262,5,8,56,0,0,1,9,5,550
1264592346,1033,4032,0,-204648,291,5,8,56,0,0,1,9,5,550
1264593288,942,4032,0,-204648,229,5,8,56,0,0,1,9,5,550
1264594283,995,4032,0,-204648,230,5,8,56,0,0,1,9,5,550
1264595296,1013,4032,0,-204648,231,5,8,56,0,0,1,9,5,550
1264596282,986,4032,0,-204648,227,5,8,56,0,0,1,9,5,550
1264597283,1001,4032,0,-204648,226,5,8,56,0,0,1,9,5,550
1264598292,1009,4032,0,-204648,230,5,8,56,0,0,1,9,5,550
1264599287,995,4032,0,-204648,229,5,8,56,0,0,1,9,5,550
1264600340,1053,4032,0,-204648,283,5,0,56,0,0,1,9,5,550
1264601523,1183,4032,0,-204648,471,5,8,56,0,0,1,9,5,550
1264602375,852,4032,0,-204648,311,5,8,56,0,0,1,9,5,550
1264603316,941,4032,0,-204648,265,5,0,56,0,0,1,9,5,550
1264604318,1002,4032,0,-204648,262,5,0,56,0,0,1,9,5,550
1264605318,1000,4032,0,-204648,256,5,0,56,0,0,1,9,5,550
1264606314,996,4032,0,-204648,264,5,0,56,0,0,1,9,5,550
1264607319,1005,4032,0,-204648,262,4,0,56,0,0,1,9,5,550
1264608323,1004,4032,0,-204648,258,4,0,56,0,0,1,9,5,550
1264609312,989,4032,0,-204648,256,4,0,56,0,0,1,9,5,550
1264610324,1012,4032,0,-204648,267,4,0,56,0,0,1,9,5,550
1264611379,1055,4032,0,-204648,329,4,0,56,0,0,1,9,5,550
1264612307,928,4032,0,-204648,254,4,0,56,0,0,1,9,5,550
1264613282,975,4032,0,-204648,227,4,0,56,0,0,1,9,5,550
1264614304,1022,4032,0,-204648,245,3,0,56,0,0,1,9,5,550
1264615282,978,4032,0,-204648,227,3,0,56,0,0,1,9,5,550
1264616287,1005,4032,0,-204648,226,3,0,56,0,0,1,9,5,550
1264617288,1001,4032,0,-204648,226,3,0,56,0,0,1,9,5,550
1264618296,1008,4032,0,-204648,232,3,0,56,0,0,1,9,5,550
1264619284,988,4032,0,-204648,226,3,0,56,0,0,1,9,5,550
1264620350,1066,4032,0,-204648,285,3,0,56,0,0,1,9,5,550
1264621487,1137,4032,0,-204648,435,3,0,56,0,0,1,9,5,550
1264622375,888,4032,0,-204648,319,2,0,56,0,0,1,9,5,550
1264623332,957,4032,0,-204648,272,2,0,56,0,0,1,9,5,550
1264624315,983,4032,0,-204648,264,2,0,56,0,0,1,9,5,550
1264625314,999,4032,0,-204648,259,2,0,56,0,0,1,9,5,550
1264626331,1017,4032,0,-204648,269,2,0,56,0,0,1,9,5,550
1264627319,988,4032,0,-204648,257,2,0,56,0,0,1,9,5,550
1264628326,1007,4032,0,-204648,261,2,0,56,0,0,1,9,5,550
1264629323,997,4032,0,-204648,260,2,0,56,0,0,1,9,5,550
1264630326,1003,4032,0,-204648,268,2,0,56,0,0,1,9,5,550
1264631382,1056,4032,0,-204648,325,2,0,56,0,0,1,9,5,550
1264632301,919,4032,0,-204648,243,2,0,56,0,0,1,9,5,550
1264633288,987,4032,0,-204648,226,2,0,56,0,0,1,9,5,550
1264634299,1011,4032,0,-204648,245,2,0,56,0,0,1,9,5,550
1264635279,980,4032,0,-204648,227,1,0,56,0,0,1,9,5,550
1264636284,1005,4032,0,-204648,226,1,0,56,0,0,1,9,5,550
1264637285,1001,4031,-1,-204647,226,2,8,56,0,0,1,9,5,550
1264638294,1009,4032,1,-204648,232,2,0,56,0,0,1,9,5,550
1264639282,988,4032,0,-204648,226,2,0,56,0,0,1,9,5,550
1264640342,1060,4032,0,-204648,287,1,0,56,0,0,1,9,5,550
1264641511,1169,4032,0,-204648,448,1,0,56,0,0,1,9,5,550
1264642369,858,4032,0,-204648,309,1,0,56,0,0,1,9,5,550
1264643324,955,4032,0,-204648,265,1,0,56,0,0,1,9,5,550
1264644314,990,4032,0,-204648,259,1,0,56,0,0,1,9,5,550
1264645319,1005,4032,0,-204648,254,1,0,56,0,0,1,9,5,550
1264646315,996,4032,0,-204648,265,1,0,56,0,0,1,9,5,550
1264647311,996,4032,0,-204648,254,1,0,56,0,0,1,9,5,550
1264648313,1002,4032,0,-204648,261,1,0,56,0,0,1,9,5,550
1264649314,1001,4032,0,-204648,254,1,0,56,0,0,1,9,5,550
1264650323,1009,4032,0,-204648,262,1,0,56,0,0,1,9,5,550
1264651404,1081,4032,0,-204648,326,1,0,56,0,0,1,9,5,550
1264652307,903,4032,0,-204648,242,1,0,56,0,0,1,9,5,550
1264653281,974,4032,0,-204648,226,1,0,56,0,0,1,9,5,550
1264654302,1021,4032,0,-204648,244,1,0,56,0,0,1,9,5,550
1264655282,980,4032,0,-204648,227,1,0,56,0,0,1,9,5,550
1264656286,1004,4032,0,-204648,226,1,0,56,0,0,1,9,5,550
1264657287,1001,4032,0,-204648,226,1,0,56,0,0,1,9,5,550
1264658295,1008,4032,0,-204648,232,1,0,56,0,0,1,9,5,550
1264659284,989,4032,0,-204648,227,1,0,56,0,0,1,9,5,550
1264660338,1054,4032,0,-204648,287,1,0,56,0,0,1,9,5,550
1264661491,1153,4032,0,-204648,437,1,0,56,0,0,1,9,5,550
1264662367,876,4032,0,-204648,316,1,0,56,0,0,1,9,5,550
1264663322,955,4032,0,-204648,265,1,0,56,0,0,1,9,5,550
1264664323,1001,4032,0,-204648,268,1,0,56,0,0,1,9,5,550
1264665309,986,4032,0,-204648,259,1,0,56,0,0,1,9,5,550
1264666322,1013,4032,0,-204648,266,1,0,56,0,0,1,9,5,550
1264667323,1001,4032,0,-204648,259,0,-8,56,0,0,1,9,5,550
1264668312,989,4032,0,-204648,259,0,0,56,0,0,1,9,5,550
1264669323,1011,4032,0,-204648,259,0,0,56,0,0,1,9,5,550
1264670325,1002,4032,0,-204648,267,0,0,56,0,0,1,9,5,550
1264671392,1067,4032,0,-204648,330,0,0,56,0,0,1,9,5,550
1264672301,909,4032,0,-204648,243,0,0,56,0,0,1,9,5,550
1264673289,988,4031,-1,-204647,226,0,8,56,0,0,1,9,5,550
1264674298,1009,4032,1,-204648,246,0,0,56,0,0,1,9,5,550
1264675279,981,4032,0,-204648,227,0,0,56,0,0,1,9,5,550
1264676284,1005,4032,0,-204648,226,0,0,56,0,0,1,9,5,550
1264677285,1001,4032,0,-204648,226,0,0,56,0,0,1,9,5,550
1264678294,1009,4032,0,-204648,232,0,0,56,0,0,1,9,5,550
1264679282,988,4032,0,-204648,227,0,0,56,0,0,1,9,5,550
1264680339,1057,4032,0,-204648,283,0,0,56,0,0,1,9,5,550
1264681493,1154,4032,0,-204648,441,0,0,56,0,0,1,9,5,550
1264682366,873,4032,0,-204648,315,0,0,56,0,0,1,9,5,550
1264683318,952,4031,-1,-204647,268,1,8,56,0,0,1,9,5,550
1264684316,998,4031,0,-204647,261,1,8,56,0,0,1,9,5,550
1264685317,1001,4032,1,-204648,259,1,0,56,0,0,1,9,5,550
1264686318,1001,4032,0,-204648,266,1,0,56,0,0,1,9,5,550
1264687323,1005,4032,0,-204648,258,1,0,56,0,0,1,9,5,550
1264688314,991,4032,0,-204648,263,1,0,56,0,0,1,9,5,550
1264689313,999,4032,0,-204648,256,1,0,56,0,0,1,9,5,550
1264690330,1017,4031,-1,-204647,268,1,8,56,0,0,1,9,5,550
1264691378,1048,4032,1,-204648,327,1,0,56,0,0,1,9,5,550
1264692304,926,4032,0,-204648,250,1,0,56,0,0,1,9,5,550
1264693279,975,4032,0,-204648,227,1,0,56,0,0,1,9,5,550
1264694300,1021,4032,0,-204648,242,1,0,56,0,0,1,9,5,550
1264695280,980,4032,0,-204648,227,1,0,56,0,0,1,9,5,550
1264696284,1004,4032,0,-204648,226,1,0,56,0,0,1,9,5,550
1264697285,1001,4032,0,-204648,226,1,0,56,0,0,1,9,5,550
1264698294,1009,4032,0,-204648,232,1,0,56,0,0,1,9,5,550
1264699282,988,4032,0,-204648,226,1,0,56,0,0,1,9,5,550
1264700339,1057,4032,0,-204648,281,1,0,56,0,0,1,9,5,550
1264701488,1149,4032,0,-204648,437,1,0,56,0,0,1,9,5,550
1264702374,886,4032,0,-204648,318,1,0,56,0,0,1,9,5,550
1264703332,958,4032,0,-204648,268,0,-8,56,0,0,1,9,5,550
1264704316,984,4032,0,-204648,264,0,0,56,0,0,1,9,5,550
1264705318,1002,4032,0,-204648,259,0,0,56,0,0,1,9,5,550
1264706320,1002,4032,0,-204648,263,0,0,56,0,0,1,9,5,550
1264707321,1001,4032,0,-204648,261,0,0,56,0,0,1,9,5,550
1264708316,995,4032,0,-204648,256,0,0,56,0,0,1,9,5,550
1264709309,993,4032,0,-204648,258,0,0,56,0,0,1,9,5,550
1264710329,1020,4032,0,-204648,265,0,0,56,0,0,1,9,5,550
1264711392,1063,4032,0,-204648,326,0,0,56,0,0,1,9,5,550
1264712300,908,4032,0,-204648,242,0,0,56,0,0,1,9,5,550
1264713288,988,4032,0,-204648,226,0,0,56,0,0,1,9,5,550
1264714298,1010,4032,0,-204648,245,0,-8,56,0,0,1,9,5,550
1264715292,994,4032,0,-204648,227,0,-8,56,0,0,1,9,5,550
1264716281,989,4032,0,-204648,226,0,0,56,0,0,1,9,5,550
1264717282,1001,4032,0,-204648,226,0,0,56,0,0,1,9,5,550
1264718294,1012,4032,0,-204648,232,0,0,56,0,0,1,9,5,550
1264719282,988,4032,0,-204648,226,0,0,56,0,0,1,9,5,550
1264720344,1062,4032,0,-204648,291,-1,-8,56,0,0,1,9,5,550
1264721519,1175,4032,0,-204648,453,-1,0,56,0,0,1,9,5,550
1264722369,850,4032,0,-204648,310,-1,0,56,0,0,1,9,5,550
1264723326,957,4032,0,-204648,266,-1,0,56,0,0,1,9,5,550
1264724322,996,4032,0,-204648,264,-1,0,56,0,0,1,9,5,550
1264725311,989,4032,0,-204648,252,-1,0,56,0,0,1,9,5,550
1264726326,1015,4032,0,-204648,268,-1,0,56,0,0,1,9,5,550
1264727314,988,4032,0,-204648,258,-1,0,56,0,0,1,9,5,550
1264728323,1009,4032,0,-204648,263,0,0,56,0,0,1,9,5,550
1264729309,986,4032,0,-204648,252,0,0,56,0,0,1,9,5,550
1264730323,1014,4032,0,-204648,267,0,0,56,0,0,1,9,5,550
1264731405,1082,4032,0,-204648,333,0,0,56,0,0,1,9,5,550
1264732297,892,4032,0,-204648,243,0,0,56,0,0,1,9,5,550
1264733285,988,4032,0,-204648,226,0,0,56,0,0,1,9,5,550
1264734306,1021,4032,0,-204648,243,0,0,56,0,0,1,9,5,550
1264735283,977,4032,0,-204648,227,0,0,56,0,0,1,9,5,550
1264736288,1005,4032,0,-204648,226,0,0,56,0,0,1,9,5,550
1264737289,1001,4032,0,-204648,226,0,0,56,0,0,1,9,5,550
1264738283,994,4032,0,-204648,233,0,0,56,0,0,1,9,5,550
1264739287,1004,4032,0,-204648,227,0,0,56,0,0,1,9,5,550
1264740337,1050,4032,0,-204648,285,0,0,56,0,0,1,9,5,550
1264741492,1155,4032,0,-204648,437,0,0,56,0,0,1,9,5,550
1264742367,875,4032,0,-204648,316,0,0,56,0,0,1,9,5,550
1264743333,966,4032,0,-204648,270,0,0,56,0,0,1,9,5,550
1264744321,988,4032,0,-204648,267,0,0,56,0,0,1,9,5,550
1264745320,999,4032,0,-204648,259,0,0,56,0,0,1,9,5,550
1264746330,1010,4032,0,-204648,269,0,0,56,0,0,1,9,5,550
1264747316,986,4032,0,-204648,257,0,0,56,0,0,1,9,5,550
1264748319,1003,4032,0,-204648,259,0,0,56,0,0,1,9,5,550
1264749319,1000,4032,0,-204648,261,0,0,56,0,0,1,9,5,550
1264750323,1004,4032,0,-204648,268,0,0,56,0,0,1,9,5,550
1264751384,1061,4032,0,-204648,322,0,0,56,0,0,1,9,5,550
1264752303,919,4032,0,-204648,245,0,0,56,0,0,1,9,5,550
1264753291,988,4032,0,-204648,226,0,0,56,0,0,1,9,5,550
1264754299,1008,4032,0,-204648,246,0,0,56,0,0,1,9,5,550
1264755279,980,4032,0,-204648,227,0,0,56,0,0,1,9,5,550
1264756284,1005,4032,0,-204648,226,0,0,56,0,0,1,9,5,550
1264757285,1001,4032,0,-204648,226,0,0,56,0,0,1,9,5,550
1264758294,1009,4032,0,-204648,232,0,0,56,0,0,1,9,5,550
1264759282,988,4032,0,-204648,227,0,0,56,0,0,1,9,5,550
1264760340,1058,4032,0,-204648,287,0,0,56,0,0,1,9,5,550
1264761511,1171,4032,0,-204648,449,0,0,56,0,0,1,9,5,550
1264762369,858,4032,0,-204648,312,0,0,56,0,0,1,9,5,550
1264763326,957,4032,0,-204648,262,0,0,56,0,0,1,9,5,550
1264764321,995,4032,0,-204648,265,0,0,56,0,0,1,9,5,550
1264765315,994,4032,0,-204648,254,0,0,56,0,0,1,9,5,550
1264766324,1009,4032,0,-204648,265,0,0,56,0,0,1,9,5,550
1264767319,995,4032,0,-204648,255,0,0,56,0,0,1,9,5,550
1264768319,1000,4032,0,-204648,262,0,0,56,0,0,1,9,5,550
1264769305,986,4032,0,-204648,251,0,0,56,0,0,1,9,5,550
1264770326,1021,4032,0,-204648,265,0,0,56,0,0,1,9,5,550
1264771382,1056,4032,0,-204648,325,0,0,56,0,0,1,9,5,550
1264772298,916,4032,0,-204648,248,0,0,56,0,0,1,9,5,550
1264773288,990,4032,0,-204648,226,0,0,56,0,0,1,9,5,550
1264774297,1009,4032,0,-204648,244,0,0,56,0,0,1,9,5,550
1264775290,993,4032,0,-204648,227,0,0,56,0,0,1,9,5,550
1264776281,991,4032,0,-204648,226,0,0,56,0,0,1,9,5,550
1264777282,1001,4032,0,-204648,226,0,0,56,0,0,1,9,5,550
1264778294,1012,4032,0,-204648,232,0,0,56,0,0,1,9,5,550
1264779282,988,4032,0,-204648,226,0,0,56,0,0,1,9,5,550
1264780348,1066,4032,0,-204648,283,0,0,56,0,0,1,9,5,550
1264781500,1152,4032,0,-204648,439,0,0,56,0,0,1,9,5,550
1264782369,869,4032,0,-204648,315,0,0,56,0,0,1,9,5,550
1264783326,957,4032,0,-204648,268,0,0,56,0,0,1,9,5,550
1264784325,999,4032,0,-204648,265,0,0,56,0,0,1,9,5,550
1264785323,998,4032,0,-204648,259,0,0,56,0,0,1,9,5,550
1264786332,1009,4032,0,-204648,269,0,0,56,0,0,1,9,5,550
1264787314,982,4032,0,-204648,256,0,0,56,0,0,1,9,5,550
1264788321,1007,4032,0,-204648,260,0,0,56,0,0,1,9,5,550
1264789314,993,4032,0,-204648,256,0,0,56,0,0,1,9,5,550
1264790323,1009,4032,0,-204648,265,0,0,56,0,0,1,9,5,550
1264791383,1060,4032,0,-204648,325,0,0,56,0,0,1,9,5,550
1264792305,922,4032,0,-204648,247,0,0,56,0,0,1,9,5,550
1264793279,974,4032,0,-204648,227,0,0,56,0,0,1,9,5,550
1264794305,1026,4032,0,-204648,246,0,0,56,0,0,1,9,5,550
1264795283,978,4032,0,-204648,227,0,0,56,0,0,1,9,5,550
1264796288,1005,4032,0,-204648,226,0,0,56,0,0,1,9,5,550
1264797289,1001,4032,0,-204648,226,0,0,56,0,0,1,9,5,550
1264798297,1008,4032,0,-204648,232,0,0,56,0,0,1,9,5,550
1264799285,988,4032,0,-204648,227,0,0,56,0,0,1,9,5,550
1264800349,1064,4032,0,-204648,289,0,0,56,0,0,1,9,5,550
1264801498,1149,4032,0,-204648,448,0,0,56,0,0,1,9,5,550
1264802370,872,4032,0,-204648,312,0,0,56,0,0,1,9,5,550
1264803318,948,4032,0,-204648,266,0,0,56,0,0,1,9,5,550
1264804327,1009,4032,0,-204648,263,0,0,56,0,0,1,9,5,550
1264805303,976,4032,0,-204648,253,0,0,56,0,0,1,9,5,550
1264806320,1017,4032,0,-204648,266,0,0,56,0,0,1,9,5,550
1264807321,1001,4032,0,-204648,258,0,0,56,0,0,1,9,5,550
1264808314,993,4032,0,-204648,260,0,0,56,0,0,1,9,5,550
1264809308,994,4032,0,-204648,253,0,0,56,0,0,1,9,5,550
1264810316,1008,4032,0,-204648,266,0,0,56,0,0,1,9,5,550
1264811379,1063,4032,0,-204648,329,0,0,56,0,0,1,9,5,550
1264812308,929,4032,0,-204648,247,0,0,56,0,0,1,9,5,550
1264813282,974,4032,0,-204648,227,0,0,56,0,0,1,9,5,550
1264814303,1021,4032,0,-204648,243,0,0,56,0,0,1,9,5,550
1264815282,979,4032,0,-204648,227,0,0,56,0,0,1,9,5,550
1264816286,1004,4032,0,-204648,226,0,0,56,0,0,1,9,5,550
1264817287,1001,4032,0,-204648,226,0,0,56,0,0,1,9,5,550
1264818295,1008,4032,0,-204648,232,0,0,56,0,0,1,9,5,550
1264819283,988,4032,0,-204648,226,0,0,56,0,0,1,9,5,550
1264820350,1067,4032,0,-204648,286,0,0,56,0,0,1,9,5,550
1264821492,1142,4032,0,-204648,438,0,0,56,0,0,1,9,5,550
1264822376,884,4032,0,-204648,314,0,0,56,0,0,1,9,5,550
1264823318,942,4032,0,-204648,268,0,0,56,0,0,1,9,5,550
1264824311,993,4032,0,-204648,260,0,0,56,0,0,1,9,5,550
1264825327,1016,4032,0,-204648,261,0,0,56,0,0,1,9,5,550
1264826325,998,4032,0,-204648,263,0,0,56,0,0,1,9,5,550
1264827326,1001,4032,0,-204648,261,0,0,56,0,0,1,9,5,550
1264828316,990,4032,0,-204648,256,0,0,56,0,0,1,9,5,550
1264829308,992,4032,0,-204648,258,0,0,56,0,0,1,9,5,550
1264830333,1025,4032,0,-204648,268,0,0,56,0,0,1,9,5,550
1264831383,1050,4032,0,-204648,327,0,0,56,0,0,1,9,5,550
1264832306,923,4032,0,-204648,248,0,0,56,0,0,1,9,5,550
1264833279,973,4032,0,-204648,226,0,0,56,0,0,1,9,5,550
1264834305,1026,4032,0,-204648,246,0,0,56,0,0,1,9,5,550
1264835282,977,4032,0,-204648,227,0,0,56,0,0,1,9,5,550
1264836287,1005,4032,0,-204648,226,0,0,56,0,0,1,9,5,550
1264837288,1001,4032,0,-204648,226,0,0,56,0,0,1,9,5,550
1264838296,1008,4032,0,-204648,233,0,0,56,0,0,1,9,5,550
1264839284,988,4032,0,-204648,226,0,0,56,0,0,1,9,5,550
1264840334,1050,4032,0,-204648,277,0,0,56,0,0,1,9,5,550
1264841518,1184,4032,0,-204648,450,0,0,56,0,0,1,9,5,550
1264842373,855,4032,0,-204648,313,0,0,56,0,0,1,9,5,550
1264843324,951,4032,0,-204648,263,0,0,56,0,0,1,9,5,550
1264844319,995,4032,0,-204648,264,0,0,56,0,0,1,9,5,550
1264845309,990,4032,0,-204648,252,0,0,56,0,0,1,9,5,550
1264846329,1020,4032,0,-204648,265,0,0,56,0,0,1,9,5,550
1264847307,978,4032,0,-204648,257,0,0,56,0,0,1,9,5,550
1264848312,1005,4032,0,-204648,260,0,0,56,0,0,1,9,5,550
1264849315,1003,4032,0,-204648,254,0,0,56,0,0,1,9,5,550
1264850329,1014,4032,0,-204648,265,0,0,56,0,0,1,9,5,550
1264851364,1035,4032,0,-204648,314,0,0,56,0,0,1,9,5,550
1264852315,951,4032,0,-204648,261,0,0,56,0,0,1,9,5,550
1264853291,976,4032,0,-204648,226,0,0,56,0,0,1,9,5,550
1264854297,1006,4032,0,-204648,244,0,0,56,0,0,1,9,5,550
1264855279,982,4032,0,-204648,226,0,0,56,0,0,1,9,5,550
1264856281,1002,4032,0,-204648,226,0,0,56,0,0,1,9,5,550
1264857282,1001,4032,0,-204648,226,0,0,56,0,0,1,9,5,550
1264858295,1013,4032,0,-204648,233,0,0,56,0,0,1,9,5,550
1264859286,991,4032,0,-204648,226,0,0,56,0,0,1,9,5,550
1264860340,1054,4032,0,-204648,280,0,0,56,0,0,1,9,5,550
1264861498,1158,4032,0,-204648,438,0,0,56,0,0,1,9,5,550
1264862367,869,4032,0,-204648,314,0,0,56,0,0,1,9,5,550
1264863325,958,4032,0,-204648,263,0,0,56,0,0,1,9,5,550
1264864331,1006,4032,0,-204648,268,0,0,56,0,0,1,9,5,550
1264865317,986,4032,0,-204648,256,0,0,56,0,0,1,9,5,550
1264866332,1015,4032,0,-204648,266,0,0,56,0,0,1,9,5,550
1264867321,989,4032,0,-204648,261,0,0,56,0,0,1,9,5,550
1264868310,989,4032,0,-204648,259,0,0,56,0,0,1,9,5,550
1264869322,1012,4032,0,-204648,258,0,0,56,0,0,1,9,5,550
1264870317,995,4032,0,-204648,265,0,0,56,0,0,1,9,5,550
1264871399,1082,4032,0,-204648,331,0,0,56,0,0,1,9,5,550
1264872308,909,4032,0,-204648,244,0,0,56,0,0,1,9,5,550
1264873281,973,4032,0,-204648,226,0,0,56,0,0,1,9,5,550
1264874305,1024,4032,0,-204648,246,0,0,56,0,0,1,9,5,550
1264875282,977,4032,0,-204648,227,0,0,56,0,0,1,9,5,550
1264876286,1004,4032,0,-204648,226,0,0,56,0,0,1,9,5,550
1264877287,1001,4032,0,-204648,226,0,0,56,0,0,1,9,5,550
1264878295,1008,4032,0,-204648,232,0,0,56,0,0,1,9,5,550
1264879283,988,4032,0,-204648,226,0,0,56,0,0,1,9,5,550
1264880333,1050,4032,0,-204648,278,0,0,56,0,0,1,9,5,550
1264881503,1170,4032,0,-204648,447,0,0,56,0,0,1,9,5,550
1264882363,860,4032,0,-204648,311,0,0,56,0,0,1,9,5,550
1264883334,971,4032,0,-204648,270,0,0,56,0,0,1,9,5,550
1264884322,988,4032,0,-204648,262,0,0,56,0,0,1,9,5,550
1264885322,1000,4032,0,-204648,259,0,0,56,0,0,1,9,5,550
