us,dt_us,raw,delta,counts,i2c_us,omega,window,cmd,fas,remaining,flags,state,stage,current_ma
683641049,1082,3338,1,-15538,319,-286,-276,267,272,615,1,7,3,1650
683642109,1060,3339,1,-15539,387,-285,-268,267,272,614,1,7,3,1650
683643014,905,3340,1,-15540,292,-284,-268,267,272,613,1,7,3,1650
683643982,968,3341,1,-15541,263,-284,-268,267,272,613,1,7,3,1650
683644990,1008,3343,2,-15543,262,-283,-275,267,270,611,1,7,3,1650
683645987,997,3344,1,-15544,262,-283,-276,267,268,610,1,7,3,1650
683647011,1024,3345,1,-15545,283,-282,-268,267,267,609,1,7,3,1650
683647973,962,3346,1,-15546,252,-282,-268,267,267,608,1,7,3,1650
683649009,1036,3348,2,-15548,288,-282,-276,262,267,606,1,7,3,1650
683649991,982,3349,1,-15549,272,-281,-276,262,267,606,1,7,3,1650
683651024,1033,3350,1,-15550,306,-281,-275,262,267,605,1,7,3,1650
683652034,1010,3352,2,-15552,311,-281,-284,262,267,603,1,7,3,1650
683652949,915,3353,1,-15553,227,-281,-285,262,267,602,1,7,3,1650
683653960,1011,3354,1,-15554,237,-282,-284,262,267,601,1,7,3,1650
683655006,1046,3355,1,-15555,279,-282,-285,262,267,600,1,7,3,1650
683655945,939,3356,1,-15556,223,-282,-284,262,267,599,1,7,3,1650
683656941,996,3357,1,-15557,223,-282,-284,262,267,599,1,7,3,1650
683657946,1005,3358,1,-15558,226,-282,-284,262,267,598,1,7,3,1650
683658984,1038,3359,1,-15559,261,-282,-276,262,267,597,1,7,3,1650
683659944,960,3360,1,-15560,226,-281,-276,262,267,596,1,7,3,1650
683661065,1121,3361,1,-15561,334,-281,-268,262,267,595,1,7,3,1650
683662102,1037,3362,1,-15562,380,-280,-268,262,267,594,1,7,3,1650
683663029,927,3364,2,-15564,298,-280,-276,262,267,592,1,7,3,1650
683663987,958,3365,1,-15565,265,-280,-276,262,267,592,1,7,3,1650
683664994,1007,3366,1,-15566,261,-280,-275,262,267,591,1,7,3,1650
683665985,991,3367,1,-15567,259,-280,-276,262,267,590,1,7,3,1650
683667013,1028,3368,1,-15568,280,-280,-276,262,267,589,1,7,3,1650
683667985,972,3369,1,-15569,247,-279,-276,262,267,588,1,7,3,1650
683668998,1013,3370,1,-15570,265,-279,-268,262,265,587,1,7,3,1650
683669967,969,3372,2,-15572,247,-279,-285,262,265,585,1,7,3,1650
683671010,1043,3373,1,-15573,281,-279,-283,262,263,584,1,7,3,1650
683672040,1030,3374,1,-15574,308,-280,-284,262,261,584,1,7,3,1650
683672948,908,3375,1,-15575,230,-280,-285,262,262,583,1,7,3,1650
683673989,1041,3376,1,-15576,260,-280,-285,256,262,582,1,7,3,1650
683675018,1029,3377,1,-15577,292,-280,-276,256,262,581,1,7,3,1650
683675951,933,3378,1,-15578,230,-280,-276,256,262,580,1,7,3,1650
683676952,1001,3379,1,-15579,223,-280,-276,256,262,579,1,7,3,1650
683677958,1006,3380,1,-15580,227,-279,-276,256,262,578,1,7,3,1650
683678977,1019,3381,1,-15581,259,-279,-276,256,262,577,1,7,3,1650
683679960,983,3382,1,-15582,229,-279,-268,256,262,577,1,7,3,1650
683681052,1092,3383,1,-15583,327,-278,-268,256,262,576,1,7,3,1650
683682098,1046,3384,1,-15584,370,-278,-260,256,262,575,1,7,3,1650
683683024,926,3385,1,-15585,299,-277,-260,256,262,574,1,7,3,1650
683683989,965,3386,1,-15586,269,-276,-260,256,262,573,1,7,3,1650
683684994,1005,3388,2,-15588,264,-276,-267,256,262,571,1,7,3,1650
683685984,990,3389,1,-15589,259,-276,-268,256,262,570,1,7,3,1650
683687011,1027,3391,2,-15591,285,-276,-276,256,262,569,1,7,3,1650
683687988,977,3392,1,-15592,259,-276,-276,256,262,568,1,7,3,1650
683688983,995,3393,1,-15593,263,-276,-275,256,262,567,1,7,3,1650
683689988,1005,3395,2,-15595,265,-276,-284,256,262,565,1,7,3,1650
683691004,1016,3396,1,-15596,280,-276,-283,256,261,564,1,7,3,1650
683692026,1022,3397,1,-15597,301,-277,-284,256,259,563,1,7,3,1650
683692964,938,3397,0,-15597,240,-277,-277,256,257,563,1,7,3,1650
683693961,997,3398,1,-15598,240,-276,-268,256,255,563,1,7,3,1650
683694990,1029,3399,1,-15599,272,-276,-268,256,255,562,1,7,3,1650
683695956,966,3400,1,-15600,223,-276,-268,256,256,561,1,7,3,1650
683696951,995,3401,1,-15601,222,-275,-268,256,256,560,1,7,3,1650
683697957,1006,3402,1,-15602,227,-275,-268,256,256,559,1,7,3,1650
683699004,1047,3403,1,-15603,284,-275,-269,251,256,558,1,7,3,1650
683699966,962,3404,1,-15604,235,-275,-268,251,256,557,1,7,3,1650
683701047,1081,3405,1,-15605,321,-274,-260,251,256,556,1,7,3,1650
683702137,1090,3406,1,-15606,407,-273,-260,251,256,555,1,7,3,1650
683703023,886,3407,1,-15607,300,-273,-260,251,256,555,1,7,3,1650
683703988,965,3408,1,-15608,268,-272,-260,251,256,554,1,7,3,1650
683704985,997,3409,1,-15609,259,-272,-260,251,256,553,1,7,3,1650
683705982,997,3410,1,-15610,257,-271,-260,251,256,552,1,7,3,1650
683707014,1032,3411,1,-15611,284,-271,-260,251,256,551,1,7,3,1650
683707991,977,3413,2,-15613,263,-271,-268,251,256,549,1,7,3,1650
683708999,1008,3414,1,-15614,266,-271,-268,251,256,548,1,7,3,1650
683709988,989,3415,1,-15615,267,-271,-268,251,256,548,1,7,3,1650
683711007,1019,3416,1,-15616,286,-271,-267,251,256,547,1,7,3,1650
683712023,1016,3417,1,-15617,295,-270,-268,251,256,546,1,7,3,1650
683712971,948,3418,1,-15618,239,-270,-269,251,256,545,1,7,3,1650
683713962,991,3419,1,-15619,241,-270,-268,251,256,544,1,7,3,1650
683714999,1037,3419,0,-15619,267,-270,-252,251,256,544,1,7,3,1650
683715958,959,3420,1,-15620,225,-269,-252,251,256,543,1,7,3,1650
683716950,992,3421,1,-15621,223,-268,-252,251,256,542,1,7,3,1650
683717956,1006,3422,1,-15622,229,-267,-245,251,256,541,1,7,3,1650
683718991,1035,3423,1,-15623,259,-266,-244,251,256,541,1,7,3,1650
683719960,969,3424,1,-15624,227,-266,-244,251,255,540,1,7,3,1650
683721059,1099,3426,2,-15626,328,-265,-244,251,253,538,1,7,3,1650
683722097,1038,3427,1,-15627,378,-264,-244,251,251,537,1,7,3,1650
683723021,924,3428,1,-15628,298,-263,-252,251,251,536,1,7,3,1650
683724009,988,3429,1,-15629,286,-263,-252,246,251,535,1,7,3,1650
683725002,993,3430,1,-15630,280,-262,-252,246,251,534,1,7,3,1650
683725992,990,3431,1,-15631,273,-262,-252,246,251,533,1,7,3,1650
683727039,1047,3433,2,-15633,309,-262,-260,246,251,532,1,7,3,1650
683727992,953,3434,1,-15634,263,-262,-260,246,251,531,1,7,3,1650
683728990,998,3435,1,-15635,265,-262,-260,246,251,530,1,7,3,1650
683729991,1001,3436,1,-15636,267,-262,-260,246,251,529,1,7,3,1650
683731007,1016,3437,1,-15637,286,-262,-260,246,251,528,1,7,3,1650
683732048,1041,3438,1,-15638,315,-262,-260,246,251,527,1,7,3,1650
683732948,900,3439,1,-15639,229,-262,-261,246,251,526,1,7,3,1650
683733954,1006,3440,1,-15640,232,-262,-260,246,251,526,1,7,3,1650
683734987,1033,3441,1,-15641,267,-261,-260,246,251,525,1,7,3,1650
683735958,971,3442,1,-15642,227,-261,-260,246,251,524,1,7,3,1650
683736944,986,3443,1,-15643,226,-261,-260,246,251,523,1,7,3,1650
683737945,1001,3444,1,-15644,225,-261,-260,246,251,522,1,7,3,1650
683738989,1044,3445,1,-15645,260,-261,-252,246,251,521,1,7,3,1650
683739953,964,3446,1,-15646,225,-261,-252,246,251,520,1,7,3,1650
683741050,1097,3447,1,-15647,319,-260,-252,246,251,519,1,7,3,1650
683742106,1056,3448,1,-15648,385,-260,-252,246,251,519,1,7,3,1650
683743029,923,3449,1,-15649,294,-260,-252,246,251,518,1,7,3,1650
683743986,957,3450,1,-15650,265,-259,-252,246,251,517,1,7,3,1650
683744983,997,3452,2,-15652,263,-259,-260,246,249,515,1,7,3,1650
683745993,1010,3453,1,-15653,260,-260,-268,246,247,514,1,7,3,1650
683747007,1014,3454,1,-15654,280,-260,-268,246,245,513,1,7,3,1650
683747988,981,3455,1,-15655,259,-260,-268,246,245,512,1,7,3,1650
683749002,1014,3456,1,-15656,278,-261,-268,240,246,512,1,7,3,1650
683750006,1004,3457,1,-15657,280,-261,-268,240,246,511,1,7,3,1650
683751042,1036,3458,1,-15658,307,-261,-267,240,246,510,1,7,3,1650
683752045,1003,3459,1,-15659,313,-261,-260,240,246,509,1,7,3,1650
683752948,903,3460,1,-15660,227,-261,-261,240,246,508,1,7,3,1650
683753954,1006,3461,1,-15661,232,-261,-260,240,246,507,1,7,3,1650
683755004,1050,3461,0,-15661,277,-261,-252,240,246,507,1,7,3,1650
683755941,937,3462,1,-15662,222,-260,-253,240,246,506,1,7,3,1650
683756950,1009,3463,1,-15663,222,-260,-252,240,246,505,1,7,3,1650
683757954,1004,3464,1,-15664,224,-260,-245,240,246,504,1,7,3,1650
683758991,1037,3465,1,-15665,259,-259,-244,240,246,504,1,7,3,1650
683759944,953,3466,1,-15666,226,-258,-245,240,246,503,1,7,3,1650
683761055,1111,3467,1,-15667,331,-258,-244,240,246,502,1,7,3,1650
683762111,1056,3468,1,-15668,375,-257,-244,240,246,501,1,7,3,1650
683763014,903,3469,1,-15669,294,-257,-244,240,246,500,1,7,3,1650
683763989,975,3470,1,-15670,264,-256,-244,240,246,499,1,7,3,1650
683764997,1008,3471,1,-15671,264,-256,-244,240,246,498,1,7,3,1650
683765981,984,3472,1,-15672,261,-255,-244,240,246,497,1,7,3,1650
683767008,1027,3474,2,-15674,286,-255,-252,240,246,496,1,7,3,1650
683767984,976,3475,1,-15675,258,-255,-252,240,245,495,1,7,3,1650
683768987,1003,3476,1,-15676,264,-255,-252,240,243,494,1,7,3,1650
683770003,1016,3477,1,-15677,272,-255,-252,240,240,493,1,7,3,1650
683771014,1011,3478,1,-15678,281,-255,-252,240,240,492,1,7,3,1650
683772029,1015,3479,1,-15679,302,-255,-252,240,240,491,1,7,3,1650
683772955,926,3480,1,-15680,231,-254,-253,240,240,490,1,7,3,1650
683773992,1037,3481,1,-15681,271,-254,-252,235,240,490,1,7,3,1650
683775014,1022,3482,1,-15682,284,-254,-244,235,240,489,1,7,3,1650
683775961,947,3482,0,-15682,228,-253,-236,235,240,489,1,7,3,1650
683776941,980,3483,1,-15683,222,-253,-237,235,240,488,1,7,3,1650
683777952,1011,3484,1,-15684,231,-252,-237,235,240,487,1,7,3,1650
683778990,1038,3485,1,-15685,260,-251,-236,235,240,486,1,7,3,1650
683779951,961,3486,1,-15686,229,-251,-237,235,240,485,1,7,3,1650
683781051,1100,3487,1,-15687,329,-250,-236,235,240,484,1,7,3,1650
683782094,1043,3488,1,-15688,364,-250,-236,235,240,483,1,7,3,1650
683783037,943,3489,1,-15689,309,-249,-235,235,240,483,1,7,3,1650
683783997,960,3490,1,-15690,268,-249,-236,235,240,482,1,7,3,1650
683784989,992,3491,1,-15691,262,-248,-236,235,240,481,1,7,3,1650
683785988,999,3492,1,-15692,268,-248,-244,235,240,480,1,7,3,1650
683787005,1017,3493,1,-15693,283,-248,-244,235,240,479,1,7,3,1650
683787975,970,3495,2,-15695,247,-248,-252,235,240,477,1,7,3,1650
683788986,1011,3496,1,-15696,262,-248,-252,235,240,476,1,7,3,1650
683789972,986,3497,1,-15697,245,-248,-252,235,240,475,1,7,3,1650
683791011,1039,3498,1,-15698,281,-248,-251,235,240,475,1,7,3,1650
683792025,1014,3499,1,-15699,304,-249,-252,235,239,474,1,7,3,1650
683792947,922,3500,1,-15700,227,-249,-253,235,239,473,1,7,3,1650
683793956,1009,3501,1,-15701,236,-249,-252,235,236,472,1,7,3,1650
683795005,1049,3501,0,-15701,272,-249,-244,235,234,472,1,7,3,1650
683795952,947,3502,1,-15702,225,-248,-244,235,235,471,1,7,3,1650
683796946,994,3503,1,-15703,223,-248,-244,235,235,470,1,7,3,1650
683797949,1003,3504,1,-15704,224,-248,-237,235,235,469,1,7,3,1650
683799000,1051,3505,1,-15705,279,-247,-236,230,235,468,1,7,3,1650
683799954,954,3505,0,-15705,231,-247,-229,230,235,468,1,7,3,1650
683801052,1098,3506,1,-15706,327,-246,-228,230,235,468,1,7,3,1650
683802125,1073,3507,1,-15707,390,-245,-227,230,235,467,1,7,3,1650
683803038,913,3508,1,-15708,306,-244,-227,230,235,466,1,7,3,1650
683803995,957,3509,1,-15709,268,-244,-228,230,235,465,1,7,3,1650
683804997,1002,3510,1,-15710,263,-243,-228,230,235,464,1,7,3,1650
683805992,995,3511,1,-15711,262,-243,-236,230,235,463,1,7,3,1650
683807016,1024,3512,1,-15712,288,-243,-235,230,235,462,1,7,3,1650
683807985,969,3514,2,-15714,252,-243,-244,230,235,461,1,7,3,1650
683808997,1012,3515,1,-15715,263,-243,-244,230,235,460,1,7,3,1650
683809978,981,3516,1,-15716,249,-243,-244,230,235,459,1,7,3,1650
683811007,1029,3517,1,-15717,284,-243,-244,230,235,458,1,7,3,1650
683812031,1024,3518,1,-15718,300,-243,-244,230,235,457,1,7,3,1650
683812957,926,3519,1,-15719,234,-243,-245,230,235,456,1,7,3,1650
683813968,1011,3520,1,-15720,237,-243,-245,230,235,455,1,7,3,1650
683814997,1029,3521,1,-15721,265,-243,-244,230,235,454,1,7,3,1650
683815958,961,3522,1,-15722,231,-243,-244,230,235,454,1,7,3,1650
683816953,995,3523,1,-15723,222,-243,-244,230,235,453,1,7,3,1650
683817957,1004,3524,1,-15724,226,-243,-245,230,235,452,1,7,3,1650
683818981,1024,3524,0,-15724,260,-243,-228,230,235,452,1,7,3,1650
683819959,978,3525,1,-15725,232,-242,-229,230,234,451,1,7,3,1650
683821060,1101,3526,1,-15726,330,-241,-227,230,232,450,1,7,3,1650
683822085,1025,3527,1,-15727,365,-241,-227,230,232,449,1,7,3,1650
683823034,949,3528,1,-15728,306,-240,-227,230,230,448,1,7,3,1650
683824014,980,3529,1,-15729,292,-240,-227,225,230,447,1,7,3,1650
683825002,988,3530,1,-15730,279,-239,-228,225,230,446,1,7,3,1650
683826007,1005,3531,1,-15731,277,-239,-236,225,230,446,1,7,3,1650
683827030,1023,3532,1,-15732,302,-239,-235,225,230,445,1,7,3,1650
683827983,953,3533,1,-15733,256,-239,-236,225,230,444,1,7,3,1650
683828994,1011,3534,1,-15734,265,-239,-236,225,230,443,1,7,3,1650
683829987,993,3535,1,-15735,262,-239,-244,225,230,442,1,7,3,1650
683831017,1030,3537,2,-15737,288,-240,-252,225,230,440,1,7,3,1650
683832044,1027,3538,1,-15738,316,-240,-252,225,230,439,1,7,3,1650
683832954,910,3539,1,-15739,228,-241,-253,225,230,439,1,7,3,1650
683833968,1014,3539,0,-15739,236,-241,-245,225,230,439,1,7,3,1650
683834994,1026,3540,1,-15740,264,-241,-244,225,230,438,1,7,3,1650
683835948,954,3541,1,-15741,227,-241,-245,225,230,437,1,7,3,1650
683836949,1001,3542,1,-15742,222,-241,-244,225,230,436,1,7,3,1650
683837955,1006,3542,0,-15742,226,-241,-237,225,230,436,1,7,3,1650
683838982,1027,3543,1,-15743,258,-240,-228,225,230,435,1,7,3,1650
683839949,967,3544,1,-15744,229,-240,-229,225,230,434,1,7,3,1650
683841050,1101,3545,1,-15745,318,-239,-228,225,230,433,1,7,3,1650
683842120,1070,3546,1,-15746,387,-239,-227,225,230,432,1,7,3,1650
683843030,910,3547,1,-15747,297,-239,-227,225,230,432,1,7,3,1650
683843996,966,3547,0,-15747,263,-238,-220,225,230,432,1,7,3,1650
683844990,994,3548,1,-15748,263,-237,-220,225,227,431,1,7,3,1650
683845983,993,3549,1,-15749,261,-236,-220,225,225,430,1,7,3,1650
683847009,1026,3550,1,-15750,284,-236,-219,225,223,429,1,7,3,1650
683847981,972,3551,1,-15751,258,-235,-220,225,223,428,1,7,3,1650
683849012,1031,3552,1,-15752,280,-235,-228,220,225,427,1,7,3,1650
683849997,985,3553,1,-15753,272,-235,-228,220,225,426,1,7,3,1650
683851040,1043,3554,1,-15754,308,-234,-228,220,225,425,1,7,3,1650
683852038,998,3556,2,-15756,313,-234,-236,220,225,424,1,7,3,1650
683852953,915,3556,0,-15756,227,-234,-229,220,225,424,1,7,3,1650
683853955,1002,3557,1,-15757,231,-234,-229,220,225,423,1,7,3,1650
683855001,1046,3559,2,-15759,275,-234,-236,220,225,421,1,7,3,1650
683855943,942,3559,0,-15759,222,-234,-229,220,225,421,1,7,3,1650
683856955,1012,3560,1,-15760,222,-234,-229,220,225,420,1,7,3,1650
683857960,1005,3561,1,-15761,229,-233,-229,220,225,419,1,7,3,1650
683858983,1023,3562,1,-15762,262,-233,-228,220,225,418,1,7,3,1650
683859956,973,3563,1,-15763,225,-233,-229,220,225,417,1,7,3,1650
683861073,1117,3564,1,-15764,341,-233,-219,220,225,417,1,7,3,1650
683862088,1015,3564,0,-15764,366,-232,-211,220,225,417,1,7,3,1650
683863039,951,3565,1,-15765,304,-231,-211,220,225,416,1,7,3,1650
683863994,955,3566,1,-15766,268,-230,-220,220,225,415,1,7,3,1650
683865007,1013,3567,1,-15767,273,-230,-220,220,225,414,1,7,3,1650
683866003,996,3568,1,-15768,270,-230,-219,220,225,413,1,7,3,1650
683867007,1004,3568,0,-15768,285,-229,-211,220,225,413,1,7,3,1650
683867986,979,3569,1,-15769,260,-229,-219,220,223,412,1,7,3,1650
683868992,1006,3570,1,-15770,263,-228,-220,220,223,411,1,7,3,1650
683869974,982,3571,1,-15771,254,-228,-220,220,221,410,1,7,3,1650
683871005,1031,3572,1,-15772,282,-228,-220,220,218,410,1,7,3,1650
683872035,1030,3574,2,-15774,308,-228,-229,220,220,408,1,7,3,1650
683872957,922,3574,0,-15774,231,-227,-222,220,220,408,1,7,3,1650
683873989,1032,3575,1,-15775,264,-227,-221,215,220,407,1,7,3,1650
683875013,1024,3576,1,-15776,291,-227,-228,215,220,406,1,7,3,1650
683875958,945,3577,1,-15777,229,-227,-229,215,220,405,1,7,3,1650
683876957,999,3578,1,-15778,224,-227,-229,215,220,404,1,7,3,1650
683877954,997,3579,1,-15779,231,-227,-229,215,220,403,1,7,3,1650
683878986,1032,3580,1,-15780,259,-227,-228,215,220,403,1,7,3,1650
683879950,964,3581,1,-15781,226,-227,-229,215,220,402,1,7,3,1650
683881048,1098,3582,1,-15782,321,-227,-228,215,220,401,1,7,3,1650
683882104,1056,3583,1,-15783,375,-227,-219,215,220,400,1,7,3,1650
683883030,926,3583,0,-15783,297,-227,-219,215,220,400,1,7,3,1650
683883988,958,3584,1,-15784,265,-227,-219,215,220,399,1,7,3,1650
683884986,998,3585,1,-15785,262,-226,-220,215,220,398,1,7,3,1650
683885983,997,3585,0,-15785,254,-226,-211,215,220,398,1,7,3,1650
683887011,1028,3586,1,-15786,283,-225,-211,215,220,397,1,7,3,1650
683887976,965,3587,1,-15787,252,-225,-211,215,220,396,1,7,3,1650
683888980,1004,3588,1,-15788,259,-224,-213,215,220,396,1,7,3,1650
683889983,1003,3588,0,-15788,255,-223,-203,215,220,396,1,7,3,1650
683891004,1021,3590,2,-15790,279,-223,-212,215,220,394,1,7,3,1650
683892030,1026,3591,1,-15791,302,-222,-213,215,218,393,1,7,3,1650
683892959,929,3592,1,-15792,233,-222,-221,215,218,392,1,7,3,1650
683893972,1013,3593,1,-15793,240,-222,-221,215,216,391,1,7,3,1650
683894993,1021,3594,1,-15794,273,-222,-221,215,214,390,1,7,3,1650
683895951,958,3595,1,-15795,224,-222,-221,215,214,389,1,7,3,1650
683896948,997,3596,1,-15796,223,-222,-221,215,214,388,1,7,3,1650
683897954,1006,3597,1,-15797,229,-222,-229,215,214,388,1,7,3,1650
683899005,1051,3598,1,-15798,279,-223,-228,209,214,387,1,7,3,1650
683899963,958,3599,1,-15799,234,-223,-229,209,214,386,1,7,3,1650
683901046,1083,3600,1,-15800,325,-223,-228,209,214,385,1,7,3,1650
683902123,1077,3601,1,-15801,394,-223,-219,209,214,384,1,7,3,1650
683903029,906,3601,0,-15801,304,-223,-219,209,214,384,1,7,3,1650
683903997,968,3602,1,-15802,267,-223,-220,209,214,383,1,7,3,1650
683904979,982,3603,1,-15803,259,-223,-221,209,214,382,1,7,3,1650
683905988,1009,3604,1,-15804,262,-222,-220,209,214,381,1,7,3,1650
683907019,1031,3605,1,-15805,290,-222,-219,209,214,381,1,7,3,1650
683907989,970,3605,0,-15805,262,-222,-211,209,214,381,1,7,3,1650
683908988,999,3606,1,-15806,266,-222,-212,209,214,380,1,7,3,1650
683910001,1013,3607,1,-15807,269,-221,-211,209,214,379,1,7,3,1650
683911019,1018,3608,1,-15808,289,-221,-212,209,214,378,1,7,3,1650
683912032,1013,3608,0,-15808,304,-220,-205,209,214,378,1,7,3,1650
683912965,933,3609,1,-15809,236,-220,-206,209,214,377,1,7,3,1650
683913968,1003,3610,1,-15810,241,-219,-213,209,214,376,1,7,3,1650
683914996,1028,3611,1,-15811,270,-219,-212,209,214,375,1,7,3,1650
683915941,945,3612,1,-15812,221,-219,-213,209,214,374,1,7,3,1650
683916954,1013,3613,1,-15813,223,-219,-221,209,214,374,1,7,3,1650
683917954,1000,3614,1,-15814,227,-219,-221,209,214,373,1,7,3,1650
683918986,1032,3615,1,-15815,259,-219,-220,209,214,372,1,7,3,1650
683919955,969,3616,1,-15816,227,-219,-221,209,214,371,1,7,3,1650
683921053,1098,3617,1,-15817,328,-219,-219,209,211,370,1,7,3,1650
683922110,1057,3618,1,-15818,378,-219,-219,209,211,369,1,7,3,1650
683923034,924,3619,1,-15819,300,-219,-219,209,209,368,1,7,3,1650
683924016,982,3620,1,-15820,289,-219,-219,204,209,367,1,7,3,1650
683925004,988,3620,0,-15820,279,-219,-212,204,209,367,1,7,3,1650
683926001,997,3621,1,-15821,271,-218,-211,204,209,367,1,7,3,1650
683927029,1028,3622,1,-15822,304,-218,-211,204,209,366,1,7,3,1650
683927989,960,3623,1,-15823,261,-218,-211,204,209,365,1,7,3,1650
683928993,1004,3624,1,-15824,266,-218,-212,204,209,364,1,7,3,1650
683929990,997,3624,0,-15824,259,-217,-203,204,209,364,1,7,3,1650
683931011,1021,3625,1,-15825,288,-217,-204,204,209,363,1,7,3,1650
683932054,1043,3625,0,-15825,320,-216,-197,204,209,363,1,7,3,1650
683932946,892,3626,1,-15826,224,-215,-198,204,209,362,1,7,3,1650
683933955,1009,3627,1,-15827,237,-215,-205,204,209,361,1,7,3,1650
683934991,1036,3628,1,-15828,266,-214,-203,204,209,360,1,7,3,1650
683935958,967,3629,1,-15829,227,-214,-205,204,209,359,1,7,3,1650
683936952,994,3630,1,-15830,223,-214,-205,204,209,359,1,7,3,1650
683937957,1005,3631,1,-15831,227,-213,-205,204,209,358,1,7,3,1650
683938984,1027,3631,0,-15831,259,-213,-205,204,209,358,1,7,3,1650
683939948,964,3632,1,-15832,228,-213,-205,204,209,357,1,7,3,1650
683941038,1090,3633,1,-15833,319,-212,-203,204,209,356,1,7,3,1650
683942123,1085,3634,1,-15834,390,-212,-211,204,209,355,1,7,3,1650
683943029,906,3635,1,-15835,296,-212,-211,204,209,354,1,7,3,1650
683943985,956,3636,1,-15836,263,-212,-211,204,209,353,1,7,3,1650
683944996,1011,3637,1,-15837,265,-212,-212,204,206,352,1,7,3,1650
683945994,998,3638,1,-15838,262,-212,-211,204,206,352,1,7,3,1650
683947008,1014,3639,1,-15839,281,-212,-211,204,204,351,1,7,3,1650
683947990,982,3640,1,-15840,259,-212,-211,204,204,350,1,7,3,1650
683949005,1015,3640,0,-15840,282,-212,-203,199,204,350,1,7,3,1650
683950006,1001,3641,1,-15841,276,-211,-203,199,204,349,1,7,3,1650
683951029,1023,3642,1,-15842,305,-211,-204,199,204,348,1,7,3,1650
683952040,1011,3643,1,-15843,317,-211,-205,199,204,347,1,7,3,1650
683952953,913,3643,0,-15843,229,-210,-198,199,204,347,1,7,3,1650
683953955,1002,3644,1,-15844,232,-210,-197,199,204,346,1,7,3,1650
683954999,1044,3645,1,-15845,273,-209,-197,199,204,345,1,7,3,1650
683955956,957,3645,0,-15845,225,-209,-197,199,204,345,1,7,3,1650
683956948,992,3646,1,-15846,223,-208,-197,199,204,345,1,7,3,1650
683957952,1004,3647,1,-15847,225,-208,-197,199,204,344,1,7,3,1650
683958993,1041,3648,1,-15848,261,-207,-195,199,204,343,1,7,3,1650
683959956,963,3649,1,-15849,226,-207,-197,199,204,342,1,7,3,1650
683961061,1105,3650,1,-15850,329,-207,-203,199,204,341,1,7,3,1650
683962081,1020,3650,0,-15850,360,-207,-203,199,204,341,1,7,3,1650
683963027,946,3651,1,-15851,305,-207,-203,199,204,340,1,7,3,1650
683963992,965,3652,1,-15852,269,-206,-203,199,204,339,1,7,3,1650
683965005,1013,3653,1,-15853,268,-206,-203,199,204,338,1,7,3,1650
683966005,1000,3654,1,-15854,272,-206,-203,199,204,338,1,7,3,1650
683966999,994,3655,1,-15855,280,-206,-203,199,204,337,1,7,3,1650
683967987,988,3656,1,-15856,261,-206,-203,199,201,336,1,7,3,1650
683968979,992,3657,1,-15857,259,-206,-205,199,201,335,1,7,3,1650
683969975,996,3658,1,-15858,257,-206,-211,199,199,334,1,7,3,1650
683971005,1030,3658,0,-15858,279,-206,-204,199,196,334,1,7,3,1650
683972039,1034,3659,1,-15859,307,-206,-205,199,196,333,1,7,3,1650
683972946,907,3660,1,-15860,228,-206,-206,199,198,332,1,7,3,1650
683973993,1047,3661,1,-15861,271,-206,-203,194,198,331,1,7,3,1650
683975012,1019,3661,0,-15861,285,-205,-195,194,198,331,1,7,3,1650
683975950,938,3662,1,-15862,231,-205,-197,194,198,330,1,7,3,1650
683976946,996,3663,1,-15863,224,-205,-197,194,198,330,1,7,3,1650
683977958,1012,3664,1,-15864,232,-205,-197,194,198,329,1,7,3,1650
683978982,1024,3664,0,-15864,262,-204,-189,194,198,329,1,7,3,1650
683979958,976,3665,1,-15865,229,-204,-197,194,198,328,1,7,3,1650
683981061,1103,3666,1,-15866,325,-203,-195,194,198,327,1,7,3,1650
683982102,1041,3666,0,-15866,379,-203,-187,194,198,327,1,7,3,1650
683983016,914,3667,1,-15867,296,-202,-195,194,198,326,1,7,3,1650
683983986,970,3667,0,-15867,264,-202,-187,194,198,326,1,7,3,1650
683984988,1002,3668,1,-15868,262,-201,-189,194,198,325,1,7,3,1650
683985981,993,3669,1,-15869,261,-201,-195,194,198,324,1,7,3,1650
683987016,1035,3670,1,-15870,282,-201,-195,194,198,323,1,7,3,1650
683987983,967,3671,1,-15871,256,-201,-195,194,198,323,1,7,3,1650
683988989,1006,3672,1,-15872,261,-200,-197,194,198,322,1,7,3,1650
683989983,994,3672,0,-15872,263,-200,-187,194,198,322,1,7,3,1650
683991003,1020,3673,1,-15873,282,-199,-189,194,198,321,1,7,3,1650
683992021,1018,3674,1,-15874,301,-199,-189,194,196,320,1,7,3,1650
683992960,939,3675,1,-15875,233,-199,-198,194,194,319,1,7,3,1650
683993963,1003,3676,1,-15876,242,-199,-197,194,194,318,1,7,3,1650
683994993,1030,3677,1,-15877,270,-199,-197,194,191,317,1,7,3,1650
683995950,957,3678,1,-15878,223,-199,-197,194,191,316,1,7,3,1650
683996947,997,3679,1,-15879,222,-199,-197,194,193,316,1,7,3,1650
683997954,1007,3680,1,-15880,233,-199,-197,194,193,315,1,7,3,1650
683999007,1053,3680,0,-15880,281,-198,-187,188,193,315,1,7,3,1650
683999956,949,3681,1,-15881,234,-198,-189,188,193,314,1,7,3,1650
684001047,1091,3682,1,-15882,323,-198,-195,188,193,313,1,7,3,1650
684002121,1074,3683,1,-15883,396,-198,-195,188,193,312,1,7,3,1650
684003025,904,3683,0,-15883,301,-197,-187,188,193,312,1,7,3,1650
684003999,974,3684,1,-15884,266,-197,-187,188,193,311,1,7,3,1650
684004990,991,3685,1,-15885,262,-197,-189,188,193,310,1,7,3,1650
684005987,997,3685,0,-15885,268,-196,-187,188,193,310,1,7,3,1650
684007022,1035,3686,1,-15886,290,-196,-187,188,193,309,1,7,3,1650
684007986,964,3686,0,-15886,253,-195,-179,188,193,309,1,7,3,1650
684009001,1015,3687,1,-15887,268,-195,-187,188,193,308,1,7,3,1650
684009980,979,3688,1,-15888,255,-195,-187,188,193,308,1,7,3,1650
684011011,1031,3689,1,-15889,286,-194,-189,188,193,307,1,7,3,1650
684012036,1025,3690,1,-15890,303,-194,-189,188,193,306,1,7,3,1650
684012957,921,3690,0,-15890,235,-194,-190,188,193,306,1,7,3,1650
684013967,1010,3691,1,-15891,241,-194,-189,188,193,305,1,7,3,1650
684014984,1017,3692,1,-15892,264,-194,-197,188,193,304,1,7,3,1650
684015949,965,3693,1,-15893,227,-194,-197,188,193,303,1,7,3,1650
684016944,995,3694,1,-15894,223,-194,-197,188,193,302,1,7,3,1650
684017950,1006,3695,1,-15895,228,-194,-197,188,193,301,1,7,3,1650
684018987,1037,3696,1,-15896,263,-194,-197,188,193,301,1,7,3,1650
684019948,961,3696,0,-15896,227,-194,-189,188,193,301,1,7,3,1650
684021052,1104,3697,1,-15897,329,-194,-195,188,191,300,1,7,3,1650
684022105,1053,3698,1,-15898,377,-194,-195,188,188,299,1,7,3,1650
684023029,924,3699,1,-15899,301,-194,-195,188,188,298,1,7,3,1650
684024011,982,3700,1,-15900,287,-194,-195,183,186,297,1,7,3,1650
684025003,992,3700,0,-15900,282,-194,-187,183,186,297,1,7,3,1650
684026002,999,3701,1,-15901,271,-194,-187,183,188,296,1,7,3,1650
684027029,1027,3702,1,-15902,304,-193,-187,183,188,295,1,7,3,1650
684027986,957,3702,0,-15902,258,-193,-179,183,188,295,1,7,3,1650
684028990,1004,3703,1,-15903,266,-192,-181,183,188,294,1,7,3,1650
684029988,998,3703,0,-15903,264,-192,-179,183,188,294,1,7,3,1650
684031012,1024,3704,1,-15904,288,-191,-181,183,188,294,1,7,3,1650
684032033,1021,3705,1,-15905,314,-191,-181,183,188,293,1,7,3,1650
684032956,923,3706,1,-15906,226,-191,-182,183,188,292,1,7,3,1650
684033970,1014,3706,0,-15906,237,-190,-181,183,188,292,1,7,3,1650
684034994,1024,3707,1,-15907,264,-190,-179,183,188,291,1,7,3,1650
684035960,966,3707,0,-15907,227,-189,-173,183,188,291,1,7,3,1650
684036957,997,3708,1,-15908,225,-189,-181,183,188,290,1,7,3,1650
684037960,1003,3709,1,-15909,229,-189,-181,183,188,289,1,7,3,1650
684038979,1019,3710,1,-15910,260,-189,-189,183,188,288,1,7,3,1650
684039954,975,3711,1,-15911,226,-189,-189,183,188,287,1,7,3,1650
684041043,1089,3711,0,-15911,321,-188,-179,183,188,287,1,7,3,1650
684042095,1052,3712,1,-15912,375,-188,-179,183,188,287,1,7,3,1650
684043031,936,3713,1,-15913,299,-188,-187,183,188,286,1,7,3,1650
684043982,951,3714,1,-15914,264,-188,-187,183,186,285,1,7,3,1650
684044993,1011,3715,1,-15915,266,-188,-187,183,186,284,1,7,3,1650
684045977,984,3715,0,-15915,257,-187,-179,183,183,284,1,7,3,1650
684047008,1031,3716,1,-15916,280,-187,-179,183,183,283,1,7,3,1650
684047981,973,3717,1,-15917,257,-187,-179,183,183,282,1,7,3,1650
684049010,1029,3718,1,-15918,279,-186,-179,178,183,281,1,7,3,1650
684049991,981,3719,1,-15919,271,-186,-187,178,183,280,1,7,3,1650
684051031,1040,3719,0,-15919,307,-186,-181,178,183,280,1,7,3,1650
684052042,1011,3720,1,-15920,312,-186,-181,178,183,279,1,7,3,1650
684052958,916,3721,1,-15921,228,-186,-182,178,183,279,1,7,3,1650
684053976,1018,3722,1,-15922,244,-186,-181,178,183,278,1,7,3,1650
684055002,1026,3722,0,-15922,281,-185,-173,178,183,278,1,7,3,1650
684055952,950,3722,0,-15922,222,-185,-174,178,183,278,1,7,3,1650
684056943,991,3723,1,-15923,222,-184,-174,178,183,277,1,7,3,1650
684057948,1005,3724,1,-15924,226,-184,-174,178,183,276,1,7,3,1650
684058980,1032,3725,1,-15925,257,-184,-181,178,183,275,1,7,3,1650
684059951,971,3725,0,-15925,230,-183,-173,178,183,275,1,7,3,1650
684061056,1105,3726,1,-15926,333,-183,-179,178,183,274,1,7,3,1650
684062093,1037,3727,1,-15927,365,-183,-179,178,183,273,1,7,3,1650
684063023,930,3727,0,-15927,302,-183,-171,178,183,273,1,7,3,1650
684063991,968,3728,1,-15928,268,-182,-179,178,183,272,1,7,3,1650
684065000,1009,3729,1,-15929,267,-182,-179,178,183,272,1,7,3,1650
684065981,981,3729,0,-15929,260,-182,-179,178,183,272,1,7,3,1650
684067013,1032,3730,1,-15930,285,-182,-179,178,183,271,1,7,3,1650
684067991,978,3731,1,-15931,259,-182,-179,178,183,270,1,7,3,1650
684068984,993,3732,1,-15932,265,-182,-179,178,183,269,1,7,3,1650
684069982,998,3733,1,-15933,262,-182,-179,178,180,268,1,7,3,1650
684071019,1037,3733,0,-15933,288,-181,-173,178,177,268,1,7,3,1650
684072026,1007,3734,1,-15934,303,-181,-181,178,177,267,1,7,3,1650
684072963,937,3735,1,-15935,233,-181,-182,178,178,266,1,7,3,1650
684073995,1032,3736,1,-15936,267,-181,-179,173,178,265,1,7,3,1650
684075017,1022,3736,0,-15936,285,-181,-171,173,178,265,1,7,3,1650
684075958,941,3737,1,-15937,228,-181,-173,173,178,265,1,7,3,1650
684076942,984,3738,1,-15938,224,-181,-181,173,178,264,1,7,3,1650
684077967,1025,3739,1,-15939,234,-181,-181,173,178,263,1,7,3,1650
684078991,1024,3739,0,-15939,258,-180,-173,173,178,263,1,7,3,1650
684079947,956,3740,1,-15940,227,-180,-174,173,178,262,1,7,3,1650
684081047,1100,3741,1,-15941,321,-180,-179,173,178,261,1,7,3,1650
684082097,1050,3742,1,-15942,367,-180,-179,173,178,260,1,7,3,1650
684083023,926,3742,0,-15942,304,-180,-171,173,178,260,1,7,3,1650
684083993,970,3743,1,-15943,271,-179,-171,173,178,259,1,7,3,1650
684084998,1005,3743,0,-15943,265,-179,-165,173,178,259,1,7,3,1650
684086005,1007,3744,1,-15944,272,-179,-179,173,178,258,1,7,3,1650
684087003,998,3744,0,-15944,284,-178,-171,173,178,258,1,7,3,1650
684087971,968,3745,1,-15945,252,-178,-171,173,178,258,1,7,3,1650
684088989,1018,3746,1,-15946,264,-178,-171,173,178,257,1,7,3,1650
684089975,986,3746,0,-15946,254,-178,-171,173,178,257,1,7,3,1650
684091014,1039,3747,1,-15947,283,-177,-173,173,178,256,1,7,3,1650
684092039,1025,3748,1,-15948,306,-177,-173,173,177,255,1,7,3,1650
684092952,913,3748,0,-15948,232,-177,-166,173,177,255,1,7,3,1650
684093962,1010,3749,1,-15949,237,-177,-174,173,174,254,1,7,3,1650
684094996,1034,3750,1,-15950,268,-177,-173,173,174,253,1,7,3,1650
684095945,949,3751,1,-15951,226,-176,-174,173,172,252,1,7,3,1650
684096955,1010,3751,0,-15951,222,-176,-173,173,172,252,1,7,3,1650
684097945,990,3752,1,-15952,227,-176,-174,173,173,251,1,7,3,1650
684099018,1073,3753,1,-15953,288,-176,-171,168,173,250,1,7,3,1650
684099953,935,3754,1,-15954,235,-176,-173,168,173,250,1,7,3,1650
684101059,1106,3755,1,-15955,325,-176,-179,168,173,249,1,7,3,1650
684102127,1068,3756,1,-15956,398,-176,-178,168,173,248,1,7,3,1650
684103018,891,3756,0,-15956,298,-176,-171,168,173,248,1,7,3,1650
684103991,973,3757,1,-15957,266,-176,-173,168,173,247,1,7,3,1650
684104978,987,3757,0,-15957,260,-175,-165,168,173,247,1,7,3,1650
684105993,1015,3758,1,-15958,267,-175,-171,168,173,246,1,7,3,1650
684107018,1025,3759,1,-15959,287,-175,-170,168,173,245,1,7,3,1650
684107991,973,3760,1,-15960,257,-175,-171,168,173,244,1,7,3,1650
684108996,1005,3761,1,-15961,265,-175,-179,168,173,243,1,7,3,1650
684109982,986,3761,0,-15961,259,-175,-171,168,173,243,1,7,3,1650
684111009,1027,3762,1,-15962,289,-175,-173,168,173,243,1,7,3,1650
684112044,1035,3762,0,-15962,312,-174,-165,168,173,243,1,7,3,1650
684112945,901,3763,1,-15963,227,-174,-166,168,173,242,1,7,3,1650
684113953,1008,3764,1,-15964,234,-174,-174,168,173,241,1,7,3,1650
684114997,1044,3764,0,-15964,266,-174,-165,168,173,241,1,7,3,1650
684115946,949,3765,1,-15965,226,-174,-174,168,173,240,1,7,3,1650
684116940,994,3765,0,-15965,222,-173,-166,168,173,240,1,7,3,1650
684117944,1004,3766,1,-15966,224,-173,-174,168,173,239,1,7,3,1650
684118980,1036,3767,1,-15967,261,-173,-173,168,173,238,1,7,3,1650
684119958,978,3768,1,-15968,226,-173,-173,168,173,237,1,7,3,1650
684121059,1101,3768,0,-15968,328,-173,-171,168,172,237,1,7,3,1650
684122105,1046,3769,1,-15969,380,-173,-171,168,172,236,1,7,3,1650
684123031,926,3770,1,-15970,298,-173,-179,168,169,236,1,7,3,1650
684124019,988,3770,0,-15970,286,-173,-171,163,169,236,1,7,3,1650
684125003,984,3771,1,-15971,280,-173,-171,163,166,235,1,7,3,1650
684125996,993,3772,1,-15972,264,-173,-171,163,166,234,1,7,3,1650
684127020,1024,3773,1,-15973,301,-173,-179,163,168,233,1,7,3,1650
684127983,963,3773,0,-15973,262,-173,-171,163,168,233,1,7,3,1650
684128990,1007,3774,1,-15974,266,-173,-173,163,168,232,1,7,3,1650
684129991,1001,3775,1,-15975,264,-173,-171,163,168,231,1,7,3,1650
684131015,1024,3776,1,-15976,288,-173,-173,163,168,230,1,7,3,1650
684132045,1030,3776,0,-15976,319,-173,-165,163,168,230,1,7,3,1650
684132952,907,3777,1,-15977,225,-173,-166,163,168,229,1,7,3,1650
684133963,1011,3778,1,-15978,234,-173,-174,163,168,229,1,7,3,1650
684134987,1024,3778,0,-15978,266,-173,-171,163,168,229,1,7,3,1650
684135956,969,3779,1,-15979,228,-173,-173,163,168,228,1,7,3,1650
684136951,995,3779,0,-15979,222,-172,-166,163,168,228,1,7,3,1650
684137958,1007,3780,1,-15980,228,-172,-166,163,168,227,1,7,3,1650
684138993,1035,3781,1,-15981,261,-172,-165,163,168,226,1,7,3,1650
684139957,964,3781,0,-15981,228,-171,-158,163,168,226,1,7,3,1650
684141047,1090,3782,1,-15982,322,-171,-163,163,168,225,1,7,3,1650
684142137,1090,3783,1,-15983,402,-171,-170,163,168,224,1,7,3,1650
684143016,879,3783,0,-15983,293,-171,-162,163,166,224,1,7,3,1650
684143983,967,3784,1,-15984,262,-170,-163,163,166,223,1,7,3,1650
684144996,1013,3784,0,-15984,266,-170,-157,163,162,223,1,7,3,1650
684145979,983,3785,1,-15985,258,-169,-163,163,162,222,1,7,3,1650
684147004,1025,3786,1,-15986,283,-169,-171,163,163,221,1,7,3,1650
684147984,980,3786,0,-15986,252,-169,-163,163,163,221,1,7,3,1650
684149013,1029,3787,1,-15987,281,-169,-163,158,163,221,1,7,3,1650
684149992,979,3787,0,-15987,268,-168,-154,158,163,221,1,7,3,1650
684151029,1037,3788,1,-15988,304,-168,-157,158,163,220,1,7,3,1650
684152049,1020,3788,0,-15988,316,-168,-158,158,163,220,1,7,3,1650
684152956,907,3789,1,-15989,227,-167,-158,158,163,219,1,7,3,1650
684153956,1000,3790,1,-15990,230,-167,-158,158,163,218,1,7,3,1650
684155010,1054,3791,1,-15991,279,-167,-163,158,163,217,1,7,3,1650
684155950,940,3791,0,-15991,223,-166,-158,158,163,217,1,7,3,1650
684156946,996,3792,1,-15992,222,-166,-158,158,163,216,1,7,3,1650
684157948,1002,3793,1,-15993,226,-166,-158,158,163,215,1,7,3,1650
684158986,1038,3794,1,-15994,260,-166,-165,158,163,214,1,7,3,1650
684159955,969,3794,0,-15994,223,-165,-158,158,163,214,1,7,3,1650
684161054,1099,3795,1,-15995,332,-165,-154,158,163,214,1,7,3,1650
684162103,1049,3795,0,-15995,373,-164,-154,158,163,214,1,7,3,1650
684163025,922,3796,1,-15996,301,-164,-154,158,163,213,1,7,3,1650
684163989,964,3797,1,-15997,264,-164,-154,158,163,212,1,7,3,1650
684164993,1004,3798,1,-15998,266,-164,-163,158,163,211,1,7,3,1650
684165977,984,3799,1,-15999,257,-164,-163,158,163,210,1,7,3,1650
684167017,1040,3799,0,-15999,284,-164,-162,158,163,210,1,7,3,1650
684167991,974,3800,1,-16000,258,-164,-163,158,162,209,1,7,3,1650
684168991,1000,3800,0,-16000,265,-163,-157,158,162,209,1,7,3,1650
684169984,993,3801,1,-16001,255,-163,-163,158,159,208,1,7,3,1650
684171005,1021,3801,0,-16001,285,-163,-157,158,159,208,1,7,3,1650
684172029,1024,3802,1,-16002,304,-163,-158,158,156,207,1,7,3,1650
684172954,925,3802,0,-16002,233,-162,-151,158,156,207,1,7,3,1650
684173974,1020,3803,1,-16003,256,-162,-158,153,158,207,1,7,3,1650
684175021,1047,3804,1,-16004,297,-162,-163,153,158,206,1,7,3,1650
684175953,932,3804,0,-16004,223,-162,-158,153,158,206,1,7,3,1650
684176947,994,3805,1,-16005,222,-162,-158,153,158,205,1,7,3,1650
684177955,1008,3805,0,-16005,229,-161,-150,153,158,205,1,7,3,1650
684178987,1032,3806,1,-16006,254,-161,-157,153,158,204,1,7,3,1650
684179950,963,3806,0,-16006,226,-161,-150,153,158,204,1,7,3,1650
684181054,1104,3807,1,-16007,329,-161,-154,153,158,203,1,7,3,1650
684182100,1046,3808,1,-16008,369,-161,-162,153,158,202,1,7,3,1650
684183015,915,3808,0,-16008,295,-160,-154,153,158,202,1,7,3,1650
684183991,976,3809,1,-16009,269,-160,-154,153,158,201,1,7,3,1650
684184987,996,3810,1,-16010,256,-160,-157,153,158,200,1,7,3,1650
684185995,1008,3810,0,-16010,266,-160,-154,153,158,200,1,7,3,1650
684187014,1019,3811,1,-16011,282,-160,-154,153,158,200,1,7,3,1650
684187986,972,3812,1,-16012,263,-159,-154,153,158,199,1,7,3,1650
684188985,999,3812,0,-16012,263,-159,-149,153,158,199,1,7,3,1650
684190002,1017,3813,1,-16013,273,-159,-154,153,158,198,1,7,3,1650
684191006,1004,3814,1,-16014,280,-159,-157,153,158,197,1,7,3,1650
684192041,1035,3815,1,-16015,309,-159,-158,153,158,196,1,7,3,1650
684192948,907,3815,0,-16015,228,-159,-158,153,158,196,1,7,3,1650
684193962,1014,3816,1,-16016,238,-159,-158,153,156,195,1,7,3,1650
684195001,1039,3817,1,-16017,269,-159,-155,153,156,194,1,7,3,1650
684195952,951,3817,0,-16017,223,-158,-150,153,153,194,1,7,3,1650
684196946,994,3818,1,-16018,223,-158,-150,153,153,193,1,7,3,1650
684197951,1005,3818,0,-16018,226,-158,-150,153,153,193,1,7,3,1650
684199002,1051,3819,1,-16019,283,-157,-155,148,153,192,1,7,3,1650
684199963,961,3820,1,-16020,233,-157,-158,148,153,192,1,7,3,1650
684201066,1103,3820,0,-16020,329,-157,-154,148,153,192,1,7,3,1650
684202101,1035,3821,1,-16021,379,-157,-154,148,153,191,1,7,3,1650
684203036,935,3821,0,-16021,307,-157,-154,148,153,191,1,7,3,1650
684203996,960,3822,1,-16022,263,-157,-155,148,153,190,1,7,3,1650
684204996,1000,3822,0,-16022,265,-157,-150,148,153,190,1,7,3,1650
684205998,1002,3823,1,-16023,274,-157,-154,148,153,189,1,7,3,1650
684207012,1014,3823,0,-16023,291,-156,-146,148,153,189,1,7,3,1650
684207972,960,3824,1,-16024,243,-156,-155,148,153,188,1,7,3,1650
684208984,1012,3824,0,-16024,265,-156,-149,148,153,188,1,7,3,1650
684209979,995,3825,1,-16025,245,-156,-154,148,153,187,1,7,3,1650
684211011,1032,3825,0,-16025,287,-156,-149,148,153,187,1,7,3,1650
684212023,1012,3826,1,-16026,304,-155,-150,148,153,186,1,7,3,1650
684212959,936,3827,1,-16027,236,-155,-150,148,153,185,1,7,3,1650
684213969,1010,3827,0,-16027,241,-155,-150,148,153,185,1,7,3,1650
684214988,1019,3828,1,-16028,264,-155,-146,148,153,185,1,7,3,1650
684215951,963,3828,0,-16028,230,-154,-142,148,153,185,1,7,3,1650
684216946,995,3829,1,-16029,222,-154,-150,148,153,184,1,7,3,1650
684217947,1001,3829,0,-16029,227,-153,-142,148,153,184,1,7,3,1650
684218979,1032,3830,1,-16030,261,-153,-142,148,153,183,1,7,3,1650
684219954,975,3831,1,-16031,227,-153,-150,148,149,182,1,7,3,1650
684221048,1094,3832,1,-16032,328,-153,-146,148,149,181,1,7,3,1650
684222122,1074,3832,0,-16032,393,-152,-138,148,146,181,1,7,3,1650
684223017,895,3833,1,-16033,293,-152,-146,148,146,180,1,7,3,1650
684224023,1006,3834,1,-16034,289,-152,-146,143,148,179,1,7,3,1650
684225006,983,3835,1,-16035,276,-151,-146,143,148,178,1,7,3,1650
684225996,990,3835,0,-16035,270,-151,-146,143,148,178,1,7,3,1650
684227034,1038,3836,1,-16036,306,-151,-146,143,148,178,1,7,3,1650
684227986,952,3836,0,-16036,264,-151,-146,143,148,178,1,7,3,1650
684228992,1006,3837,1,-16037,265,-151,-149,143,148,177,1,7,3,1650
684229998,1006,3837,0,-16037,268,-150,-138,143,148,177,1,7,3,1650
684231013,1015,3838,1,-16038,289,-150,-142,143,148,176,1,7,3,1650
684232045,1032,3839,1,-16039,315,-150,-150,143,148,175,1,7,3,1650
684232955,910,3840,1,-16040,229,-150,-150,143,148,174,1,7,3,1650
684233963,1008,3840,0,-16040,238,-150,-150,143,148,174,1,7,3,1650
684234993,1030,3841,1,-16041,264,-150,-150,143,148,173,1,7,3,1650
684235955,962,3841,0,-16041,228,-150,-150,143,148,173,1,7,3,1650
684236953,998,3841,0,-16041,227,-150,-142,143,148,173,1,7,3,1650
684237952,999,3842,1,-16042,227,-150,-150,143,148,172,1,7,3,1650
684238981,1029,3842,0,-16042,259,-149,-142,143,148,172,1,7,3,1650
684239956,975,3843,1,-16043,227,-149,-150,143,148,171,1,7,3,1650
684241040,1084,3843,0,-16043,322,-149,-146,143,148,171,1,7,3,1650
684242109,1069,3844,1,-16044,382,-149,-146,143,148,171,1,7,3,1650
684243019,910,3844,0,-16044,297,-149,-138,143,148,171,1,7,3,1650
684243986,967,3845,1,-16045,264,-149,-146,143,146,170,1,7,3,1650
684244995,1009,3846,1,-16046,270,-148,-146,143,146,169,1,7,3,1650
684245984,989,3846,0,-16046,259,-148,-146,143,142,169,1,7,3,1650
684247004,1020,3847,1,-16047,283,-148,-146,143,142,168,1,7,3,1650
684247975,971,3847,0,-16047,248,-148,-146,143,142,168,1,7,3,1650
684249002,1027,3848,1,-16048,282,-148,-146,138,142,167,1,7,3,1650
684249993,991,3849,1,-16049,268,-148,-146,138,142,166,1,7,3,1650
684251034,1041,3849,0,-16049,308,-148,-141,138,142,166,1,7,3,1650
684252047,1013,3850,1,-16050,314,-148,-142,138,142,165,1,7,3,1650
684252956,909,3850,0,-16050,227,-147,-143,138,142,165,1,7,3,1650
684253964,1008,3851,1,-16051,239,-147,-142,138,142,164,1,7,3,1650
684255003,1039,3852,1,-16052,273,-147,-142,138,142,163,1,7,3,1650
684255942,939,3852,0,-16052,223,-146,-134,138,142,163,1,7,3,1650
684256954,1012,3853,1,-16053,223,-146,-142,138,142,163,1,7,3,1650
684257954,1000,3854,1,-16054,225,-146,-142,138,142,162,1,7,3,1650
684258999,1045,3855,1,-16055,267,-146,-146,138,142,161,1,7,3,1650
684259957,958,3855,0,-16055,225,-146,-142,138,142,161,1,7,3,1650
684261069,1112,3856,1,-16056,334,-146,-146,138,142,160,1,7,3,1650
684262098,1029,3856,0,-16056,368,-146,-138,138,142,160,1,7,3,1650
684263029,931,3857,1,-16057,304,-145,-138,138,142,159,1,7,3,1650
684263998,969,3857,0,-16057,267,-145,-138,138,142,159,1,7,3,1650
684264984,986,3858,1,-16058,260,-145,-142,138,142,158,1,7,3,1650
684265984,1000,3858,0,-16058,258,-145,-138,138,142,158,1,7,3,1650
684267006,1022,3859,1,-16059,287,-145,-146,138,142,157,1,7,3,1650
684267978,972,3859,0,-16059,256,-145,-138,138,142,157,1,7,3,1650
684268992,1014,3860,1,-16060,267,-145,-146,138,142,156,1,7,3,1650
684269982,990,3861,1,-16061,257,-145,-146,138,142,156,1,7,3,1650
684271012,1030,3861,0,-16061,284,-145,-142,138,142,156,1,7,3,1650
684272041,1029,3862,1,-16062,308,-145,-150,138,139,155,1,7,3,1650
684272957,916,3862,0,-16062,229,-145,-142,138,139,155,1,7,3,1650
684273977,1020,3862,0,-16062,258,-145,-142,132,135,155,1,7,3,1650
684275026,1049,3863,1,-16063,297,-144,-138,132,135,154,1,7,3,1650
684275949,923,3863,0,-16063,229,-144,-134,132,137,154,1,7,3,1650
684276942,993,3864,1,-16064,223,-144,-142,132,137,153,1,7,3,1650
684277961,1019,3864,0,-16064,230,-143,-134,132,137,153,1,7,3,1650
684278978,1017,3865,1,-16065,253,-143,-142,132,137,152,1,7,3,1650
684279953,975,3865,0,-16065,227,-143,-134,132,137,152,1,7,3,1650
684281055,1102,3866,1,-16066,328,-143,-138,132,137,151,1,7,3,1650
684282101,1046,3866,0,-16066,375,-142,-130,132,137,151,1,7,3,1650
684283015,914,3867,1,-16067,297,-142,-138,132,137,150,1,7,3,1650
684283984,969,3867,0,-16067,266,-142,-130,132,137,150,1,7,3,1650
684284982,998,3868,1,-16068,258,-141,-134,132,137,149,1,7,3,1650
684285981,999,3869,1,-16069,263,-141,-138,132,137,149,1,7,3,1650
684287005,1024,3869,0,-16069,286,-141,-130,132,137,149,1,7,3,1650
684287980,975,3870,1,-16070,259,-140,-130,132,137,148,1,7,3,1650
684288986,1006,3870,0,-16070,263,-140,-126,132,137,148,1,7,3,1650
684289979,993,3871,1,-16071,261,-139,-130,132,137,147,1,7,3,1650
684291007,1028,3871,0,-16071,280,-139,-126,132,137,147,1,7,3,1650
684292030,1023,3872,1,-16072,305,-138,-126,132,135,146,1,7,3,1650
684292959,929,3873,1,-16073,229,-138,-134,132,135,145,1,7,3,1650
684293963,1004,3873,0,-16073,237,-138,-126,132,135,145,1,7,3,1650
684295000,1037,3874,1,-16074,268,-137,-130,132,131,144,1,7,3,1650
684295956,956,3875,1,-16075,225,-137,-134,132,131,143,1,7,3,1650
684296954,998,3875,0,-16075,224,-137,-134,132,132,143,1,7,3,1650
684297953,999,3876,1,-16076,226,-137,-134,132,132,142,1,7,3,1650
684299001,1048,3876,0,-16076,278,-137,-130,127,132,142,1,7,3,1650
684299954,953,3877,1,-16077,235,-137,-134,127,132,142,1,7,3,1650
684301054,1100,3877,0,-16077,324,-136,-130,127,132,142,1,7,3,1650
684302118,1064,3878,1,-16078,387,-136,-130,127,132,141,1,7,3,1650
684303032,914,3878,0,-16078,303,-136,-130,127,132,141,1,7,3,1650
684303984,952,3879,1,-16079,261,-136,-138,127,132,140,1,7,3,1650
684304984,1000,3879,0,-16079,264,-136,-134,127,132,140,1,7,3,1650
684305989,1005,3880,1,-16080,263,-136,-138,127,132,139,1,7,3,1650
684307017,1028,3880,0,-16080,290,-136,-130,127,132,139,1,7,3,1650
684307994,977,3881,1,-16081,262,-136,-138,127,132,138,1,7,3,1650
684308987,993,3881,0,-16081,267,-136,-130,127,132,138,1,7,3,1650
684309984,997,3882,1,-16082,265,-136,-138,127,132,137,1,7,3,1650
684311018,1034,3882,0,-16082,289,-136,-134,127,132,137,1,7,3,1650
684312039,1021,3883,1,-16083,306,-136,-134,127,132,136,1,7,3,1650
684312962,923,3883,0,-16083,230,-136,-134,127,132,136,1,7,3,1650
684313953,991,3883,0,-16083,234,-135,-126,127,132,136,1,7,3,1650
684314995,1042,3884,1,-16084,271,-135,-130,127,132,135,1,7,3,1650
684315957,962,3885,1,-16085,225,-135,-134,127,132,134,1,7,3,1650
684316949,992,3885,0,-16085,222,-135,-126,127,132,134,1,7,3,1650
684317950,1001,3885,0,-16085,226,-134,-126,127,132,134,1,7,3,1650
684318982,1032,3886,1,-16086,261,-134,-126,127,132,134,1,7,3,1650
684319959,977,3886,0,-16086,226,-134,-126,127,132,134,1,7,3,1650
684321053,1094,3887,1,-16087,322,-133,-130,127,131,133,1,7,3,1650
684322116,1063,3887,0,-16087,385,-133,-122,127,131,133,1,7,3,1650
684323025,909,3888,1,-16088,291,-133,-122,127,127,132,1,7,3,1650
684324021,996,3888,0,-16088,287,-132,-122,122,127,132,1,7,3,1650
684325006,985,3889,1,-16089,275,-132,-122,122,123,131,1,7,3,1650
684325992,986,3890,1,-16090,266,-131,-122,122,123,130,1,7,3,1650
684327037,1045,3890,0,-16090,302,-131,-122,122,123,130,1,7,3,1650
684327992,955,3891,1,-16091,265,-131,-122,122,127,129,1,7,3,1650
684328997,1005,3891,0,-16091,267,-130,-118,122,127,129,1,7,3,1650
684329989,992,3892,1,-16092,267,-130,-122,122,127,128,1,7,3,1650
684331018,1029,3893,1,-16093,286,-130,-126,122,127,127,1,7,3,1650
684332053,1035,3893,0,-16093,323,-130,-126,122,127,127,1,7,3,1650
684332946,893,3893,0,-16093,224,-129,-119,122,127,127,1,7,3,1650
684333970,1024,3894,1,-16094,237,-129,-126,122,127,127,1,7,3,1650
684334987,1017,3895,1,-16095,262,-129,-130,122,127,126,1,7,3,1650
684335947,960,3895,0,-16095,228,-129,-126,122,127,126,1,7,3,1650
684336940,993,3896,1,-16096,222,-129,-126,122,127,125,1,7,3,1650
684337959,1019,3896,0,-16096,226,-129,-126,122,127,125,1,7,3,1650
684338988,1029,3897,1,-16097,260,-129,-130,122,127,124,1,7,3,1650
684339952,964,3897,0,-16097,232,-129,-126,122,127,124,1,7,3,1650
684341059,1107,3898,1,-16098,323,-129,-130,122,127,123,1,7,3,1650
684342110,1051,3898,0,-16098,383,-128,-122,122,127,123,1,7,3,1650
684343018,908,3899,1,-16099,294,-129,-130,122,127,122,1,7,3,1650
684343994,976,3899,0,-16099,262,-129,-130,122,127,122,1,7,3,1650
684344987,993,3899,0,-16099,264,-128,-126,122,123,122,1,7,3,1650
684345977,990,3900,1,-16100,258,-128,-122,122,123,121,1,7,3,1650
684347014,1037,3900,0,-16100,285,-128,-122,122,123,121,1,7,3,1650
684347981,967,3901,1,-16101,259,-128,-130,122,119,120,1,7,3,1650
684349013,1032,3901,0,-16101,282,-128,-122,117,119,120,1,7,3,1650
684350010,997,3902,1,-16102,278,-128,-130,117,122,120,1,7,3,1650
684351028,1018,3902,0,-16102,302,-128,-126,117,122,120,1,7,3,1650
684352047,1019,3902,0,-16102,315,-127,-118,117,122,120,1,7,3,1650
684352963,916,3903,1,-16103,230,-127,-127,117,122,119,1,7,3,1650
684353968,1005,3903,0,-16103,236,-127,-118,117,122,119,1,7,3,1650
684354988,1020,3904,1,-16104,267,-127,-126,117,122,118,1,7,3,1650
684355957,969,3904,0,-16104,228,-127,-118,117,122,118,1,7,3,1650
684356950,993,3905,1,-16105,223,-126,-118,117,122,117,1,7,3,1650
684357951,1001,3905,0,-16105,224,-126,-118,117,122,117,1,7,3,1650
684358995,1044,3906,1,-16106,262,-126,-118,117,122,116,1,7,3,1650
684359954,959,3906,0,-16106,226,-125,-118,117,122,116,1,7,3,1650
684361059,1105,3906,0,-16106,322,-125,-106,117,122,116,1,7,3,1650
684362106,1047,3907,1,-16107,373,-124,-114,117,122,115,1,7,3,1650
684363033,927,3907,0,-16107,299,-124,-114,117,122,115,1,7,3,1650
684363994,961,3908,1,-16108,265,-123,-114,117,122,114,1,7,3,1650
684364997,1003,3908,0,-16108,263,-123,-106,117,122,114,1,7,3,1650
684365980,983,3909,1,-16109,257,-122,-114,117,122,113,1,7,3,1650
684367014,1034,3910,1,-16110,280,-122,-114,117,122,113,1,7,3,1650
684367987,973,3910,0,-16110,259,-122,-114,117,119,113,1,7,3,1650
684368984,997,3911,1,-16111,263,-122,-118,117,119,112,1,7,3,1650
684369994,1010,3911,0,-16111,264,-121,-114,117,119,112,1,7,3,1650
684371004,1010,3912,1,-16112,280,-121,-118,117,115,111,1,7,3,1650
684372036,1032,3912,0,-16112,304,-121,-110,117,115,111,1,7,3,1650
684372958,922,3913,1,-16113,231,-121,-119,117,117,110,1,7,3,1650
684373996,1038,3913,0,-16113,265,-120,-114,111,117,110,1,7,3,1650
684375017,1021,3914,1,-16114,290,-120,-122,111,117,109,1,7,3,1650
684375962,945,3914,0,-16114,228,-120,-118,111,117,109,1,7,3,1650
684376954,992,3915,1,-16115,223,-120,-118,111,117,108,1,7,3,1650
684377962,1008,3915,0,-16115,233,-120,-118,111,117,108,1,7,3,1650
684378982,1020,3916,1,-16116,255,-120,-118,111,117,107,1,7,3,1650
684379952,970,3916,0,-16116,228,-120,-118,111,117,107,1,7,3,1650
684381054,1102,3917,1,-16117,324,-120,-122,111,117,106,1,7,3,1650
684382095,1041,3917,0,-16117,370,-120,-122,111,117,106,1,7,3,1650
684383024,929,3918,1,-16118,300,-120,-122,111,117,105,1,7,3,1650
684383999,975,3918,0,-16118,268,-120,-122,111,117,105,1,7,3,1650
684384983,984,3919,1,-16119,260,-121,-126,111,117,105,1,7,3,1650
684386002,1019,3919,0,-16119,268,-121,-122,111,117,105,1,7,3,1650
684387014,1012,3919,0,-16119,282,-120,-114,111,117,105,1,7,3,1650
684387995,981,3920,1,-16120,263,-120,-122,111,117,104,1,7,3,1650
684388991,996,3920,0,-16120,263,-120,-118,111,117,104,1,7,3,1650
684390000,1009,3921,1,-16121,270,-120,-122,111,117,103,1,7,3,1650
684391002,1002,3921,0,-16121,279,-120,-118,111,117,103,1,7,3,1650
684392038,1036,3921,0,-16121,311,-120,-118,111,115,103,1,7,3,1650
684392948,910,3922,1,-16122,230,-120,-119,111,115,102,1,7,3,1650
684393969,1021,3922,0,-16122,237,-120,-118,111,115,102,1,7,3,1650
684394992,1023,3923,1,-16123,267,-120,-118,111,110,101,1,7,3,1650
684395948,956,3923,0,-16123,226,-120,-118,111,110,101,1,7,3,1650
684396942,994,3924,1,-16124,223,-120,-118,111,110,100,1,7,3,1650
684397946,1004,3924,0,-16124,228,-119,-110,111,111,100,1,7,3,1650
684399016,1070,3925,1,-16125,283,-119,-114,106,111,99,1,7,3,1650
684399955,939,3925,0,-16125,233,-119,-110,106,111,99,1,7,3,1650
684401048,1093,3926,1,-16126,328,-119,-114,106,111,98,1,7,3,1650
684402128,1080,3926,0,-16126,394,-118,-114,106,111,98,1,7,3,1650
684403033,905,3926,0,-16126,302,-118,-106,106,111,98,1,7,3,1650
684403996,963,3927,1,-16127,266,-118,-114,106,111,98,1,7,3,1650
684404997,1001,3927,0,-16127,265,-118,-110,106,111,98,1,7,3,1650
684405990,993,3927,0,-16127,260,-117,-106,106,111,98,1,7,3,1650
684407024,1034,3928,1,-16128,291,-117,-106,106,111,97,1,7,3,1650
684407985,961,3928,0,-16128,256,-116,-106,106,111,97,1,7,3,1650
684408998,1013,3929,1,-16129,265,-116,-106,106,111,96,1,7,3,1650
684409997,999,3930,1,-16130,266,-116,-114,106,111,95,1,7,3,1650
684411018,1021,3930,0,-16130,287,-115,-110,106,111,95,1,7,3,1650
684412034,1016,3931,1,-16131,305,-115,-110,106,111,94,1,7,3,1650
684412953,919,3931,0,-16131,231,-115,-111,106,111,94,1,7,3,1650
684413954,1001,3932,1,-16132,232,-115,-111,106,111,93,1,7,3,1650
684414973,1019,3932,0,-16132,248,-115,-110,106,111,93,1,7,3,1650
684415943,970,3932,0,-16132,223,-114,-103,106,111,93,1,7,3,1650
684416954,1011,3933,1,-16133,222,-114,-110,106,111,92,1,7,3,1650
684417961,1007,3934,1,-16134,234,-114,-118,106,111,91,1,7,3,1650
684418988,1027,3934,0,-16134,261,-114,-110,106,111,91,1,7,3,1650
684419954,966,3935,1,-16135,229,-114,-118,106,111,91,1,7,3,1650
684421052,1098,3935,0,-16135,327,-114,-114,106,111,91,1,7,3,1650
684422115,1063,3936,1,-16136,385,-115,-122,106,111,90,1,7,3,1650
684423022,907,3936,0,-16136,293,-115,-114,106,110,90,1,7,3,1650
684424008,986,3936,0,-16136,288,-115,-114,101,110,90,1,7,3,1650
684425012,1004,3937,1,-16137,279,-114,-114,101,110,89,1,7,3,1650
684426006,994,3937,0,-16137,275,-114,-114,101,106,89,1,7,3,1650
684427027,1021,3938,1,-16138,304,-114,-114,101,106,88,1,7,3,1650
684427979,952,3938,0,-16138,256,-114,-114,101,106,88,1,7,3,1650
684428989,1010,3938,0,-16138,270,-114,-110,101,106,88,1,7,3,1650
684429984,995,3939,1,-16139,260,-114,-114,101,106,87,1,7,3,1650
684431019,1035,3939,0,-16139,288,-114,-110,101,106,87,1,7,3,1650
684432038,1019,3940,1,-16140,313,-114,-110,101,106,86,1,7,3,1650
684432945,907,3940,0,-16140,227,-114,-111,101,106,86,1,7,3,1650
684433974,1029,3940,0,-16140,243,-114,-110,101,106,86,1,7,3,1650
684434995,1021,3941,1,-16141,265,-114,-110,101,106,85,1,7,3,1650
684435957,962,3941,0,-16141,228,-113,-110,101,106,85,1,7,3,1650
684436948,991,3941,0,-16141,222,-113,-110,101,106,85,1,7,3,1650
684437947,999,3942,1,-16142,227,-113,-111,101,106,84,1,7,3,1650
684438980,1033,3942,0,-16142,261,-113,-110,101,106,84,1,7,3,1650
684439957,977,3942,0,-16142,228,-113,-103,101,106,84,1,7,3,1650
684441049,1092,3943,1,-16143,325,-112,-106,101,106,83,1,7,3,1650
684442095,1046,3943,0,-16143,370,-112,-97,101,106,83,1,7,3,1650
684443033,938,3943,0,-16143,302,-111,-97,101,106,83,1,7,3,1650
684443996,963,3944,1,-16144,265,-111,-98,101,106,83,1,7,3,1650
684444979,983,3944,0,-16144,255,-110,-98,101,106,83,1,7,3,1650
684445994,1015,3945,1,-16145,266,-110,-106,101,101,82,1,7,3,1650
684447010,1016,3945,0,-16145,279,-110,-97,101,101,82,1,7,3,1650
684447999,989,3945,0,-16145,269,-109,-89,101,101,82,1,7,3,1650
684449004,1005,3946,1,-16146,279,-108,-98,96,96,81,1,7,3,1650
684450008,1004,3946,0,-16146,286,-108,-89,96,96,81,1,7,3,1650
684451034,1026,3947,1,-16147,313,-107,-94,96,96,80,1,7,3,1650
684452040,1006,3947,0,-16147,311,-107,-95,96,100,80,1,7,3,1650
684452957,917,3948,1,-16148,229,-106,-95,96,100,79,1,7,3,1650
684453960,1003,3948,0,-16148,233,-106,-95,96,100,79,1,7,3,1650
684455001,1041,3948,0,-16148,270,-105,-95,96,100,79,1,7,3,1650
684455957,956,3949,1,-16149,229,-105,-95,96,100,78,1,7,3,1650
684456950,993,3949,0,-16149,222,-104,-95,96,100,78,1,7,3,1650
684457950,1000,3950,1,-16150,225,-104,-95,96,100,77,1,7,3,1650
684458980,1030,3950,0,-16150,261,-104,-95,96,100,77,1,7,3,1650
684459958,978,3950,0,-16150,226,-103,-95,96,100,77,1,7,3,1650
684461058,1100,3951,1,-16151,326,-103,-98,96,100,76,1,7,3,1650
684462091,1033,3951,0,-16151,367,-103,-89,96,100,76,1,7,3,1650
684463021,930,3952,1,-16152,301,-102,-97,96,100,76,1,7,3,1650
684463992,971,3952,0,-16152,266,-102,-98,96,100,76,1,7,3,1650
684464982,990,3953,1,-16153,263,-102,-102,96,100,75,1,7,3,1650
684465996,1014,3953,0,-16153,265,-102,-98,96,100,75,1,7,3,1650
684467009,1013,3953,0,-16153,278,-102,-97,96,100,75,1,7,3,1650
684467988,979,3954,1,-16154,264,-102,-98,96,100,74,1,7,3,1650
684468995,1007,3954,0,-16154,264,-101,-98,96,100,74,1,7,3,1650
684469996,1001,3955,1,-16155,270,-102,-106,96,100,73,1,7,3,1650
684471001,1005,3956,1,-16156,276,-102,-110,96,96,72,1,7,3,1650
684472031,1030,3956,0,-16156,312,-102,-102,96,96,72,1,7,3,1650
684472946,915,3956,0,-16156,226,-102,-103,96,96,72,1,7,3,1650
684473989,1043,3956,0,-16156,271,-102,-103,90,96,72,1,7,3,1650
684475022,1033,3957,1,-16157,291,-102,-106,90,96,71,1,7,3,1650
684475954,932,3957,0,-16157,227,-102,-102,90,96,71,1,7,3,1650
684476945,991,3958,1,-16158,224,-102,-103,90,96,70,1,7,3,1650
684477955,1010,3958,0,-16158,230,-102,-103,90,96,70,1,7,3,1650
684478991,1036,3958,0,-16158,262,-102,-102,90,96,70,1,7,3,1650
684479947,956,3958,0,-16158,226,-102,-95,90,96,70,1,7,3,1650
684481054,1107,3959,1,-16159,326,-102,-98,90,96,69,1,7,3,1650
684482077,1023,3959,0,-16159,357,-102,-98,90,96,69,1,7,3,1650
684483005,928,3960,1,-16160,280,-101,-98,90,96,69,1,7,3,1650
684483998,993,3960,0,-16160,275,-101,-98,90,96,69,1,7,3,1650
684484986,988,3960,0,-16160,257,-101,-94,90,96,69,1,7,3,1650
684485998,1012,3960,0,-16160,272,-101,-89,90,96,69,1,7,3,1650
684487017,1019,3961,1,-16161,293,-100,-97,90,96,68,1,7,3,1650
684487981,964,3961,0,-16161,261,-100,-89,90,96,68,1,7,3,1650
684489001,1020,3962,1,-16162,267,-100,-98,90,96,67,1,7,3,1650
684489992,991,3962,0,-16162,269,-100,-98,90,96,67,1,7,3,1650
684491011,1019,3962,0,-16162,284,-100,-94,90,96,67,1,7,3,1650
684492039,1028,3962,0,-16162,311,-99,-87,90,96,67,1,7,3,1650
684492955,916,3963,1,-16163,232,-99,-95,90,96,66,1,7,3,1650
684493960,1005,3963,0,-16163,233,-98,-87,90,96,66,1,7,3,1650
684495004,1044,3964,1,-16164,275,-98,-89,90,96,65,1,7,3,1650
684495943,939,3964,0,-16164,220,-98,-87,90,96,65,1,7,3,1650
684496953,1010,3964,0,-16164,223,-97,-87,90,90,65,1,7,3,1650
684497952,999,3965,1,-16165,226,-97,-95,90,90,64,1,7,3,1650
684499008,1056,3965,0,-16165,289,-97,-89,85,90,64,1,7,3,1650
684499947,939,3965,0,-16165,227,-96,-87,85,84,64,1,7,3,1650
684501061,1114,3966,1,-16166,340,-96,-81,85,84,63,1,7,3,1650
684502107,1046,3966,0,-16166,377,-95,-81,85,84,63,1,7,3,1650
684503045,938,3967,1,-16167,311,-95,-89,85,84,62,1,7,3,1650
684503990,945,3967,0,-16167,255,-95,-90,85,90,62,1,7,3,1650
684504985,995,3967,0,-16167,262,-94,-87,85,90,62,1,7,3,1650
684505991,1006,3968,1,-16168,261,-94,-89,85,90,62,1,7,3,1650
684507016,1025,3968,0,-16168,290,-94,-81,85,90,62,1,7,3,1650
684507988,972,3969,1,-16169,260,-94,-89,85,90,61,1,7,3,1650
684508993,1005,3969,0,-16169,266,-93,-90,85,90,61,1,7,3,1650
684510005,1012,3969,0,-16169,271,-93,-89,85,90,61,1,7,3,1650
684511015,1010,3969,0,-16169,285,-93,-86,85,90,61,1,7,3,1650
684512032,1017,3970,1,-16170,307,-93,-87,85,90,60,1,7,3,1650
684512965,933,3970,0,-16170,233,-93,-87,85,90,60,1,7,3,1650
684513971,1006,3971,1,-16171,238,-92,-87,85,90,59,1,7,3,1650
684514996,1025,3971,0,-16171,266,-92,-89,85,90,59,1,7,3,1650
684515949,953,3971,0,-16171,225,-92,-87,85,90,59,1,7,3,1650
684516943,994,3972,1,-16172,222,-92,-95,85,90,58,1,7,3,1650
684517947,1004,3972,0,-16172,226,-92,-87,85,90,58,1,7,3,1650
684518980,1033,3972,0,-16172,260,-92,-87,85,90,58,1,7,3,1650
684519953,973,3973,1,-16173,226,-91,-87,85,90,57,1,7,3,1650
684521051,1098,3973,0,-16173,329,-91,-89,85,84,57,1,7,3,1650
684522099,1048,3974,1,-16174,370,-92,-97,85,84,56,1,7,3,1650
684523023,924,3974,0,-16174,301,-92,-89,85,84,56,1,7,3,1650
684524012,989,3975,1,-16175,283,-92,-97,80,84,55,1,7,3,1650
684525002,990,3975,0,-16175,278,-92,-94,80,85,55,1,7,3,1650
684525991,989,3975,0,-16175,265,-92,-89,80,85,55,1,7,3,1650
684527024,1033,3976,1,-16176,303,-92,-97,80,85,54,1,7,3,1650
684527994,970,3976,0,-16176,265,-92,-89,80,85,54,1,7,3,1650
684528998,1004,3977,1,-16177,266,-92,-94,80,85,54,1,7,3,1650
684529988,990,3977,0,-16177,268,-92,-98,80,85,54,1,7,3,1650
684531011,1023,3977,0,-16177,286,-92,-94,80,85,54,1,7,3,1650
684532042,1031,3977,0,-16177,322,-92,-87,80,85,54,1,7,3,1650
684532945,903,3977,0,-16177,226,-92,-87,80,85,54,1,7,3,1650
684533970,1025,3978,1,-16178,238,-92,-87,80,85,53,1,7,3,1650
684534992,1022,3978,0,-16178,266,-92,-89,80,85,53,1,7,3,1650
684535959,967,3978,0,-16178,228,-91,-87,80,85,53,1,7,3,1650
684536950,991,3979,1,-16179,223,-91,-87,80,85,52,1,7,3,1650
684537948,998,3979,0,-16179,225,-91,-87,80,85,52,1,7,3,1650
684538993,1045,3979,0,-16179,262,-91,-81,80,85,52,1,7,3,1650
684539957,964,3979,0,-16179,228,-90,-79,80,85,52,1,7,3,1650
684541056,1099,3980,1,-16180,326,-90,-89,80,85,51,1,7,3,1650
684542106,1050,3980,0,-16180,373,-90,-81,80,85,51,1,7,3,1650
684543032,926,3981,1,-16181,301,-90,-89,80,85,50,1,7,3,1650
684543985,953,3981,0,-16181,265,-89,-81,80,85,50,1,7,3,1650
684544985,1000,3981,0,-16181,259,-89,-79,80,85,50,1,7,3,1650
684545985,1000,3981,0,-16181,257,-89,-81,80,85,50,1,7,3,1650
684547003,1018,3982,1,-16182,282,-88,-81,80,84,49,1,7,3,1650
684547984,981,3982,0,-16182,259,-88,-81,80,84,49,1,7,3,1650
684549012,1028,3982,0,-16182,278,-88,-81,75,84,49,1,7,3,1650
684550015,1003,3982,0,-16182,285,-87,-73,75,84,49,1,7,3,1650
684551033,1018,3983,1,-16183,308,-87,-79,75,78,48,1,7,3,1650
684552028,995,3983,0,-16183,308,-87,-79,75,78,48,1,7,3,1650
684552955,927,3983,0,-16183,228,-86,-71,75,78,48,1,7,3,1650
684553960,1005,3983,0,-16183,235,-85,-71,75,79,48,1,7,3,1650
684554998,1038,3984,1,-16184,275,-85,-71,75,79,47,1,7,3,1650
684555944,946,3984,0,-16184,223,-84,-71,75,79,47,1,7,3,1650
684556951,1007,3984,0,-16184,222,-84,-71,75,79,47,1,7,3,1650
684557952,1001,3985,1,-16185,226,-83,-71,75,79,47,1,7,3,1650
684558998,1046,3985,0,-16185,264,-83,-65,75,79,47,1,7,3,1650
684559946,948,3985,0,-16185,226,-82,-63,75,79,47,1,7,3,1650
684561058,1112,3986,1,-16186,331,-81,-73,75,79,46,1,7,3,1650
684562100,1042,3986,0,-16186,371,-81,-73,75,79,46,1,7,3,1650
684563035,935,3986,0,-16186,300,-81,-73,75,79,46,1,7,3,1650
684563995,960,3987,1,-16187,264,-81,-73,75,79,45,1,7,3,1650
684564980,985,3987,0,-16187,258,-80,-71,75,79,45,1,7,3,1650
684565996,1016,3988,1,-16188,271,-80,-81,75,79,44,1,7,3,1650
684567002,1006,3988,0,-16188,281,-80,-73,75,79,44,1,7,3,1650
684567987,985,3988,0,-16188,253,-80,-73,75,79,44,1,7,3,1650
684568988,1001,3988,0,-16188,264,-79,-71,75,79,44,1,7,3,1650
684569980,992,3989,1,-16189,255,-79,-81,75,78,43,1,7,3,1650
684571004,1024,3989,0,-16189,280,-79,-79,75,78,43,1,7,3,1650
684572034,1030,3990,1,-16190,307,-79,-79,75,78,42,1,7,3,1650
684572953,919,3990,0,-16190,228,-79,-79,75,78,42,1,7,3,1650
684573989,1036,3990,0,-16190,261,-79,-73,69,71,42,1,7,3,1650
684575018,1029,3990,0,-16190,288,-79,-73,69,71,42,1,7,3,1650
684575952,934,3991,1,-16191,227,-79,-79,69,71,41,1,7,3,1650
684576949,997,3991,0,-16191,223,-79,-79,69,71,41,1,7,3,1650
684577958,1009,3992,1,-16192,225,-79,-79,69,71,40,1,7,3,1650
684578984,1026,3992,0,-16192,253,-79,-79,69,71,40,1,7,3,1650
684579946,962,3992,0,-16192,223,-79,-79,69,71,40,1,7,3,1650
684581065,1119,3993,1,-16193,329,-79,-81,69,71,40,1,7,3,1650
684582088,1023,3993,0,-16193,364,-79,-81,69,64,40,1,7,3,1650
684583027,939,3993,0,-16193,304,-79,-81,69,64,40,1,7,3,1650
684583996,969,3994,1,-16194,263,-80,-89,69,64,39,1,7,3,1650
684584997,1001,3994,0,-16194,265,-80,-87,69,64,39,1,7,3,1650
684585994,997,3994,0,-16194,263,-80,-81,69,69,39,1,7,3,1650
684587019,1025,3995,1,-16195,287,-80,-89,69,69,38,1,7,3,1650
684587980,961,3995,0,-16195,255,-80,-81,69,69,38,1,7,3,1650
684588997,1017,3995,0,-16195,265,-80,-79,69,69,38,1,7,3,1650
684589979,982,3996,1,-16196,255,-81,-89,69,69,37,1,7,3,1650
684591012,1033,3996,0,-16196,282,-81,-86,69,69,37,1,7,3,1650
684592030,1018,3996,0,-16196,300,-81,-79,69,69,37,1,7,3,1650
684592966,936,3996,0,-16196,237,-81,-79,69,69,37,1,7,3,1650
684593968,1002,3997,1,-16197,242,-81,-87,69,69,36,1,7,3,1650
684594986,1018,3997,0,-16197,267,-81,-81,69,69,36,1,7,3,1650
684595956,970,3997,0,-16197,224,-81,-79,69,69,36,1,7,3,1650
684596953,997,3998,1,-16198,223,-81,-79,69,69,35,1,7,3,1650
684597959,1006,3998,0,-16198,230,-81,-79,69,69,35,1,7,3,1650
684599007,1048,3998,0,-16198,286,-81,-81,63,69,35,1,7,3,1650
684599963,956,3998,0,-16198,234,-81,-79,63,69,35,1,7,3,1650
684601047,1084,3998,0,-16198,321,-80,-73,63,69,35,1,7,3,1650
684602130,1083,3999,1,-16199,397,-80,-73,63,64,34,1,7,3,1650
684603024,894,3999,0,-16199,301,-80,-73,63,64,34,1,7,3,1650
684603985,961,3999,0,-16199,261,-79,-71,63,64,34,1,7,3,1650
684604985,1000,3999,0,-16199,264,-79,-71,63,64,34,1,7,3,1650
684605986,1001,4000,1,-16200,266,-79,-73,63,55,33,1,7,3,1650
684607021,1035,4000,0,-16200,288,-79,-73,63,55,33,1,7,3,1650
684607977,956,4000,0,-16200,258,-78,-65,63,55,33,1,7,3,1650
684608996,1019,4001,1,-16201,263,-78,-73,63,55,33,1,7,3,1650
684609981,985,4001,0,-16201,261,-78,-73,63,63,33,1,7,3,1650
684611017,1036,4001,0,-16201,288,-77,-71,63,63,33,1,7,3,1650
684612043,1026,4001,0,-16201,308,-77,-63,63,63,33,1,7,3,1650
684612953,910,4001,0,-16201,228,-76,-63,63,63,33,1,7,3,1650
684613958,1005,4002,1,-16202,236,-76,-71,63,63,32,1,7,3,1650
684614993,1035,4002,0,-16202,265,-76,-63,63,63,32,1,7,3,1650
684615948,955,4002,0,-16202,223,-75,-63,63,63,32,1,7,3,1650
684616944,996,4002,0,-16202,222,-75,-63,63,63,32,1,7,3,1650
684617950,1006,4003,1,-16203,227,-74,-63,63,63,31,1,7,3,1650
684618982,1032,4003,0,-16203,257,-74,-63,63,63,31,1,7,3,1650
684619951,969,4003,0,-16203,230,-73,-63,63,63,31,1,7,3,1650
684621060,1109,4003,0,-16203,323,-73,-57,63,63,31,1,7,3,1650
684622092,1032,4004,1,-16204,372,-72,-65,63,63,30,1,7,3,1650
684623029,937,4004,0,-16204,300,-72,-65,63,63,30,1,7,3,1650
684624023,994,4004,0,-16204,288,-71,-57,58,63,30,1,7,3,1650
684624999,976,4005,1,-16205,275,-71,-65,58,63,29,1,7,3,1650
684626002,1003,4005,0,-16205,269,-71,-65,58,55,29,1,7,3,1650
684627040,1038,4005,0,-16205,307,-70,-57,58,55,29,1,7,3,1650
684627993,953,4005,0,-16205,259,-70,-57,58,55,29,1,7,3,1650
684628993,1000,4006,1,-16206,266,-70,-63,58,55,28,1,7,3,1650
684629993,1000,4006,0,-16206,259,-69,-65,58,58,28,1,7,3,1650
684631011,1018,4006,0,-16206,286,-69,-63,58,58,28,1,7,3,1650
684632044,1033,4006,0,-16206,320,-69,-63,58,58,28,1,7,3,1650
684632944,900,4007,1,-16207,226,-69,-63,58,58,27,1,7,3,1650
684633971,1027,4007,0,-16207,240,-69,-63,58,58,27,1,7,3,1650
684634992,1021,4007,0,-16207,258,-68,-65,58,58,27,1,7,3,1650
684635949,957,4007,0,-16207,226,-68,-63,58,58,27,1,7,3,1650
684636943,994,4007,0,-16207,223,-68,-55,58,58,27,1,7,3,1650
684637948,1005,4008,1,-16208,229,-68,-63,58,58,26,1,7,3,1650
684638989,1041,4008,0,-16208,260,-67,-63,58,58,26,1,7,3,1650
684639954,965,4008,0,-16208,232,-67,-55,58,58,26,1,7,3,1650
684641046,1092,4009,1,-16209,324,-67,-65,58,58,25,1,7,3,1650
684642093,1047,4009,0,-16209,372,-67,-65,58,58,25,1,7,3,1650
684643019,926,4009,0,-16209,297,-67,-65,58,58,25,1,7,3,1650
684643996,977,4009,0,-16209,266,-66,-57,58,58,25,1,7,3,1650
684644986,990,4010,1,-16210,266,-66,-63,58,58,25,1,7,3,1650
684645978,992,4010,0,-16210,260,-66,-65,58,58,25,1,7,3,1650
684647005,1027,4011,1,-16211,283,-66,-73,58,58,24,1,7,3,1650
684647993,988,4011,0,-16211,263,-66,-65,58,58,24,1,7,3,1650
684648997,1004,4011,0,-16211,276,-66,-65,58,58,24,1,7,4,1100
684650008,1011,4012,1,-16212,287,-67,-73,58,58,23,1,7,4,1100
684651005,997,4013,1,-16213,285,-67,-79,58,58,22,1,7,4,1100
684652034,1029,4015,2,-16215,309,-68,-95,58,58,20,1,7,4,1100
684652956,922,4016,1,-16216,234,-69,-95,58,58,19,1,7,4,1100
684653965,1009,4017,1,-16217,235,-70,-103,58,58,18,1,7,4,1100
684654999,1034,4017,0,-16217,278,-72,-98,58,55,18,1,7,4,1100
684655947,948,4017,0,-16217,225,-72,-95,58,55,18,1,7,4,1100
684656954,1007,4017,0,-16217,225,-73,-95,58,55,18,1,7,4,1100
684657956,1002,4017,0,-16217,230,-74,-95,58,45,18,1,7,4,1100
684658986,1030,4017,0,-16217,265,-75,-95,58,45,18,1,7,4,1100
684659954,968,4017,0,-16217,223,-75,-87,58,45,18,1,7,4,1100
684661055,1101,4018,1,-16218,329,-76,-98,58,45,18,1,7,4,1100
684662092,1037,4018,0,-16218,360,-77,-98,58,45,18,1,7,4,1100
684663018,926,4019,1,-16219,293,-78,-97,58,45,17,1,7,4,1100
684663992,974,4019,0,-16219,266,-79,-98,58,45,17,1,7,4,1100
684664987,995,4018,-1,-16218,257,-79,-87,58,45,18,1,7,4,1100
684666007,1020,4018,0,-16218,276,-79,-89,58,32,18,1,7,4,1100
684667022,1015,4019,1,-16219,299,-80,-97,58,32,17,1,7,4,1100
684667973,951,4019,0,-16219,251,-80,-89,58,32,17,1,7,4,1100
684669004,1031,4019,0,-16219,269,-81,-89,58,32,17,1,7,4,1100
684669991,987,4020,1,-16220,258,-81,-98,58,32,16,1,7,4,1100
684671008,1017,4020,0,-16220,283,-82,-94,58,32,16,1,7,4,1100
684672051,1043,4020,0,-16220,320,-82,-87,58,32,16,1,7,4,1100
684672959,908,4020,0,-16220,230,-82,-87,58,32,16,1,7,4,1100
684673956,997,4020,0,-16220,237,-83,-87,58,32,16,1,7,4,1100
684674995,1039,4020,0,-16220,276,-82,-81,58,32,16,1,7,4,1100
684675946,951,4020,0,-16220,223,-82,-79,58,32,16,1,7,4,1100
684676944,998,4021,1,-16221,223,-83,-87,58,32,15,1,7,4,1100
684677959,1015,4021,0,-16221,226,-82,-79,58,32,15,1,7,4,1100
684678980,1021,4021,0,-16221,257,-82,-79,58,32,15,1,7,4,1100
684679944,964,4021,0,-16221,223,-82,-79,58,32,15,1,7,4,1100
684681052,1108,4021,0,-16221,329,-81,-65,58,32,15,1,7,4,1100
684682093,1041,4022,1,-16222,370,-80,-57,58,0,14,1,7,4,1100
684683021,928,4022,0,-16222,299,-79,-49,58,0,14,1,7,4,1100
684683993,972,4022,0,-16222,268,-78,-41,58,0,14,1,7,4,1100
684684986,993,4022,0,-16222,261,-76,-39,58,0,14,1,7,4,1100
684685979,993,4022,0,-16222,255,-75,-41,58,0,14,1,7,4,1100
684686998,1019,4023,1,-16223,266,-74,-49,58,0,13,1,7,4,1100
684687989,991,4023,0,-16223,268,-73,-49,58,0,13,1,7,4,1100
684688994,1005,4023,0,-16223,267,-72,-49,58,0,13,1,7,4,1100
684689989,995,4023,0,-16223,267,-71,-49,58,0,13,1,7,4,1100
684690996,1007,4023,0,-16223,268,-70,-47,58,0,13,1,7,4,1100
684692033,1037,4023,0,-16223,312,-69,-39,58,0,13,1,7,4,1100
684692953,920,4023,0,-16223,230,-68,-40,58,0,13,1,7,4,1100
684693945,992,4023,0,-16223,222,-66,-32,58,0,13,1,7,4,1100
684694958,1013,4024,1,-16224,234,-65,-39,58,0,12,1,7,4,1100
684695956,998,4024,0,-16224,224,-65,-47,58,0,12,1,7,4,1100
684696952,996,4024,0,-16224,227,-64,-47,58,0,12,1,7,4,1100
684697949,997,4024,0,-16224,222,-63,-39,58,0,12,1,7,4,1100
684698958,1009,4024,0,-16224,234,-62,-39,58,0,12,1,7,4,1100
684699957,999,4024,0,-16224,230,-61,-39,58,0,12,1,7,4,1100
684701044,1087,4024,0,-16224,317,-60,-33,58,0,12,1,7,4,1100
684702149,1105,4024,0,-16224,415,-59,-32,58,0,12,1,7,4,1100
684702984,835,4024,0,-16224,259,-58,-33,58,0,12,1,7,4,1100
684703982,998,4024,0,-16224,262,-57,-33,58,0,12,1,7,4,1100
684704980,998,4024,0,-16224,258,-56,-31,58,0,0,1,8,4,1100
684705979,999,4024,0,-16224,254,-55,-33,58,0,0,1,8,4,1100
684706978,999,4024,0,-16224,253,-54,-24,58,0,0,1,8,4,1100
684707981,1003,4025,1,-16225,254,-53,-33,58,0,0,1,8,4,1100
684708974,993,4025,0,-16225,251,-52,-31,58,0,0,1,8,4,1100
684709980,1006,4025,0,-16225,255,-51,-33,58,0,0,1,8,4,1100
684710982,1002,4025,0,-16225,250,-51,-31,58,0,0,1,8,4,1100
684712031,1049,4025,0,-16225,309,-50,-32,58,0,0,1,8,4,1100
684712953,922,4025,0,-16225,226,-49,-24,58,0,0,1,8,4,1100
684713947,994,4025,0,-16225,229,-48,-24,58,0,0,1,8,4,1100
684714951,1004,4025,0,-16225,230,-47,-24,58,0,0,1,8,4,1100
684715952,1001,4025,0,-16225,229,-46,-24,58,0,0,1,8,4,1100
684716950,998,4025,0,-16225,226,-45,-24,58,0,0,1,8,4,1100
684717946,996,4025,0,-16225,226,-44,-16,58,0,0,1,8,4,1100
684718946,1000,4025,0,-16225,228,-43,-16,58,0,0,1,8,4,1100
684719950,1004,4025,0,-16225,232,-42,-16,58,0,0,1,8,4,1100
684721042,1092,4025,0,-16225,312,-41,-16,58,0,0,1,8,4,1100
684722128,1086,4025,0,-16225,408,-40,-16,58,0,0,1,8,4,1100
684722975,847,4025,0,-16225,253,-39,-16,58,0,0,1,8,4,1100
684723980,1005,4025,0,-16225,257,-38,-16,58,0,0,1,8,4,1100
684724961,981,4025,0,-16225,238,-37,-8,58,0,0,1,8,4,1100
684725985,1024,4025,0,-16225,254,-36,-8,58,0,0,1,8,4,1100
684726978,993,4025,0,-16225,246,-35,-8,58,0,0,1,8,4,1100
684727987,1009,4025,0,-16225,256,-34,-8,58,0,0,1,8,4,1100
684728975,988,4025,0,-16225,242,-33,-8,58,0,0,1,8,4,1100
684729984,1009,4025,0,-16225,258,-32,-8,58,0,0,1,8,4,1100
684730973,989,4025,0,-16225,243,-31,-8,58,0,0,1,8,4,1100
684732034,1061,4025,0,-16225,308,-30,-8,58,0,0,1,8,4,1100
684732947,913,4025,0,-16225,227,-29,-8,58,0,0,1,8,4,1100
684733956,1009,4025,0,-16225,227,-28,-8,58,0,0,1,8,4,1100
684734961,1005,4025,0,-16225,232,-27,-8,58,0,0,1,8,4,1100
684735944,983,4025,0,-16225,226,-27,-8,58,0,0,1,8,4,1100
684736957,1013,4025,0,-16225,225,-26,-8,58,0,0,1,8,4,1100
684737956,999,4025,0,-16225,227,-25,-8,58,0,0,1,8,4,1100
684738960,1004,4025,0,-16225,231,-24,0,58,0,0,1,8,4,1100
684739960,1000,4025,0,-16225,229,-23,0,58,0,0,1,8,4,1100
684741029,1069,4025,0,-16225,307,-22,0,58,0,0,1,8,4,1100
684742108,1079,4025,0,-16225,385,-21,0,58,0,0,1,8,4,1100
684742972,864,4025,0,-16225,250,-21,0,58,0,0,1,8,4,1100
684743978,1006,4025,0,-16225,255,-20,0,58,0,0,1,8,4,1100
684744977,999,4025,0,-16225,246,-19,0,58,0,0,1,8,4,1100
684745984,1007,4025,0,-16225,260,-18,0,58,0,0,1,8,4,1100
684746976,992,4025,0,-16225,251,-18,0,58,0,0,1,8,4,1100
684747983,1007,4025,0,-16225,259,-17,0,58,0,0,1,8,4,1100
684748975,992,4025,0,-16225,252,-16,0,58,0,0,1,8,4,1100
684749983,1008,4025,0,-16225,263,-16,0,58,0,0,1,8,4,1100
684750982,999,4025,0,-16225,249,-15,0,58,0,0,1,8,4,1100
684752042,1060,4025,0,-16225,309,-14,0,58,0,0,1,8,4,1100
684752954,912,4025,0,-16225,224,-14,0,58,0,0,1,8,4,1100
684753952,998,4025,0,-16225,227,-13,0,58,0,0,1,8,4,1100
684754964,1012,4025,0,-16225,232,-13,0,58,0,0,1,8,4,1100
684755952,988,4025,0,-16225,225,-12,0,58,0,0,1,8,4,1100
684756954,1002,4025,0,-16225,225,-12,0,58,0,0,1,8,4,1100
684757958,1004,4025,0,-16225,227,-11,0,58,0,0,1,8,4,1100
684758951,993,4025,0,-16225,230,-11,0,58,0,0,1,8,4,1100
684759956,1005,4025,0,-16225,228,-10,0,58,0,0,1,8,4,1100
684761035,1079,4025,0,-16225,317,-10,0,58,0,0,1,8,4,1100
684762125,1090,4025,0,-16225,404,-10,0,58,0,0,1,8,4,1100
684762985,860,4025,0,-16225,255,-9,0,58,0,0,1,8,4,1100
684763990,1005,4025,0,-16225,261,-9,0,58,0,0,1,8,4,1100
684764964,974,4025,0,-16225,240,-9,0,58,0,0,1,8,4,1100
684765983,1019,4025,0,-16225,257,-8,0,58,0,0,1,8,4,1100
684766963,980,4025,0,-16225,243,-8,0,58,0,0,1,8,4,1100
684767996,1033,4025,0,-16225,264,-8,0,58,0,0,1,8,4,1100
684768965,969,4025,0,-16225,240,-7,0,58,0,0,1,8,4,1100
684769988,1023,4025,0,-16225,270,-7,0,58,0,0,1,8,4,1100
684770972,984,4025,0,-16225,243,-7,0,58,0,0,1,8,4,1100
684772026,1054,4025,0,-16225,307,-6,0,58,0,0,1,8,4,1100
684772948,922,4025,0,-16225,225,-6,0,58,0,0,1,8,4,1100
684773947,999,4025,0,-16225,228,-6,0,58,0,0,1,8,4,1100
684774958,1011,4025,0,-16225,232,-6,0,58,0,0,1,8,4,1100
684775946,988,4025,0,-16225,226,-5,0,58,0,0,1,8,4,1100
684776949,1003,4025,0,-16225,226,-5,0,58,0,0,1,8,4,1100
684777952,1003,4025,0,-16225,227,-5,0,58,0,0,1,8,4,1100
684778962,1010,4025,0,-16225,231,-5,0,58,0,0,1,8,4,1100
684779951,989,4025,0,-16225,229,-5,0,58,0,0,1,8,4,1100
684781038,1087,4025,0,-16225,315,-4,0,58,0,0,1,8,4,1100
684782123,1085,4025,0,-16225,385,-4,0,58,0,0,1,8,4,1100
684782982,859,4025,0,-16225,253,-4,0,58,0,0,1,8,4,1100
684783983,1001,4025,0,-16225,258,-4,0,58,0,0,1,8,4,1100
684784961,978,4025,0,-16225,242,-4,0,58,0,0,1,8,4,1100
684785989,1028,4025,0,-16225,260,-4,0,58,0,0,1,8,4,1100
684786966,977,4025,0,-16225,243,-4,0,58,0,0,1,8,4,1100
684787991,1025,4025,0,-16225,265,-3,0,58,0,0,1,8,4,1100
684788974,983,4025,0,-16225,241,-3,0,58,0,0,1,8,4,1100
684789990,1016,4025,0,-16225,272,-3,0,58,0,0,1,8,4,1100
684790972,982,4025,0,-16225,243,-3,0,58,0,0,1,8,4,1100
684792040,1068,4025,0,-16225,313,-3,0,58,0,0,1,8,4,1100
684792956,916,4025,0,-16225,223,-3,0,58,0,0,1,8,4,1100
684793955,999,4025,0,-16225,227,-3,0,58,0,0,1,8,4,1100
684794966,1011,4025,0,-16225,232,-3,0,58,0,0,1,8,4,1100
684795954,988,4025,0,-16225,226,-2,0,58,0,0,1,8,4,1100
684796956,1002,4025,0,-16225,226,-2,0,58,0,0,1,8,4,1100
684797960,1004,4025,0,-16225,227,-2,0,58,0,0,1,8,4,1100
684798953,993,4025,0,-16225,231,-2,0,58,0,0,1,8,4,1100
684799959,1006,4025,0,-16225,229,-2,0,58,0,0,1,8,4,1100
684801048,1089,4025,0,-16225,314,-2,0,58,0,0,1,8,4,1100
684802132,1084,4025,0,-16225,409,-2,0,58,0,0,1,8,4,1100
684802968,836,4025,0,-16225,248,-2,0,58,0,0,1,8,4,1100
684803993,1025,4025,0,-16225,260,-2,0,58,0,0,1,8,4,1100
684804969,976,4025,0,-16225,239,-2,0,58,0,0,1,8,4,1100
684805990,1021,4025,0,-16225,258,-2,0,58,0,0,1,8,4,1100
684806969,979,4025,0,-16225,243,-2,0,58,0,0,1,8,4,1100
684807992,1023,4025,0,-16225,263,-2,0,58,0,0,1,8,4,1100
684808971,979,4025,0,-16225,240,-1,0,58,0,0,1,8,4,1100
684809993,1022,4025,0,-16225,265,-1,0,58,0,0,1,8,4,1100
684810975,982,4025,0,-16225,243,-1,0,58,0,0,1,8,4,1100
684812042,1067,4025,0,-16225,310,-1,0,58,0,0,1,8,4,1100
684812952,910,4025,0,-16225,227,-1,0,58,0,0,1,8,4,1100
684813950,998,4025,0,-16225,227,-1,0,58,0,0,1,8,4,1100
684814961,1011,4025,0,-16225,232,-1,0,58,0,0,1,8,4,1100
684815949,988,4025,0,-16225,226,-1,0,58,0,0,1,8,4,1100
684816951,1002,4025,0,-16225,226,-1,0,58,0,0,1,8,4,1100
684817955,1004,4024,-1,-16224,227,-1,8,58,0,0,1,8,4,1100
684818948,993,4024,0,-16224,231,0,8,58,0,0,1,8,4,1100
684819954,1006,4024,0,-16224,229,0,8,58,0,0,1,8,4,1100
684821042,1088,4025,1,-16225,312,0,0,58,0,0,1,8,4,1100
684822121,1079,4025,0,-16225,393,0,0,58,0,0,1,8,4,1100
684822978,857,4025,0,-16225,254,0,0,58,0,0,1,8,4,1100
684823987,1009,4025,0,-16225,258,0,0,58,0,0,1,8,4,1100
684824962,975,4025,0,-16225,242,0,0,58,0,0,1,8,4,1100
684825994,1032,4025,0,-16225,262,0,0,58,0,0,1,8,4,1100
684826972,978,4025,0,-16225,243,0,0,58,0,0,1,8,4,1100
684827986,1014,4024,-1,-16224,267,0,8,58,0,0,1,8,4,1100
684828966,980,4024,0,-16224,242,1,8,58,0,0,1,8,4,1100
684829996,1030,4024,0,-16224,267,1,8,58,0,0,1,8,4,1100
684830975,979,4024,0,-16224,245,1,8,58,0,0,1,8,4,1100
684832036,1061,4024,0,-16224,310,1,8,58,0,0,1,8,4,1100
684832950,914,4024,0,-16224,223,2,8,58,0,0,1,8,4,1100
684833948,998,4024,0,-16224,227,2,8,58,0,0,1,8,4,1100
684834959,1011,4024,0,-16224,232,2,8,58,0,0,1,8,4,1100
684835947,988,4024,0,-16224,226,2,8,58,0,0,1,8,4,1100
684836949,1002,4024,0,-16224,226,3,8,58,0,0,1,8,4,1100
684837952,1003,4024,0,-16224,227,3,8,58,0,0,1,8,4,1100
684838962,1010,4024,0,-16224,231,3,8,58,0,0,1,8,4,1100
684839951,989,4024,0,-16224,229,3,8,58,0,0,1,8,4,1100
684841047,1096,4024,0,-16224,320,3,8,58,0,0,1,8,4,1100
684842125,1078,4024,0,-16224,395,4,8,58,0,0,1,8,4,1100
684842990,865,4024,0,-16224,257,4,8,58,0,0,1,8,4,1100
684843993,1003,4024,0,-16224,259,4,8,58,0,0,1,8,4,1100
684844971,978,4024,0,-16224,243,4,8,58,0,0,1,8,4,1100
684845978,1007,4024,0,-16224,257,4,8,58,0,0,1,8,4,1100
684846972,994,4024,0,-16224,242,4,8,58,0,0,1,8,4,1100
684847996,1024,4024,0,-16224,264,4,0,58,0,0,1,8,4,1100
684848960,964,4024,0,-16224,240,4,0,58,0,0,1,8,4,1100
684849985,1025,4024,0,-16224,265,4,0,58,0,0,1,8,4,1100
684850962,977,4024,0,-16224,242,4,0,58,0,0,1,8,4,1100
684852035,1073,4024,0,-16224,310,4,8,58,0,0,1,8,4,1100
684852959,924,4024,0,-16224,228,4,8,58,0,0,1,8,4,1100
684853947,988,4024,0,-16224,227,4,8,58,0,0,1,8,4,1100
684854957,1010,4024,0,-16224,232,4,8,58,0,0,1,8,4,1100
684855945,988,4024,0,-16224,225,4,8,58,0,0,1,8,4,1100
684856948,1003,4024,0,-16224,226,5,8,58,0,0,1,8,4,1100
684857951,1003,4024,0,-16224,227,5,8,58,0,0,1,8,4,1100
684858961,1010,4024,0,-16224,231,5,0,58,0,0,1,8,4,1100
684859951,990,4024,0,-16224,230,4,0,58,0,0,1,8,4,1100
684861036,1085,4024,0,-16224,314,4,0,58,0,0,1,8,4,1100
684862126,1090,4024,0,-16224,396,4,0,58,0,0,1,8,4,1100
684862982,856,4024,0,-16224,252,4,0,58,0,0,1,8,4,1100
684863989,1007,4024,0,-16224,259,4,0,58,0,0,1,8,4,1100
684864969,980,4024,0,-16224,244,4,0,58,0,0,1,8,4,1100
684865982,1013,4024,0,-16224,262,3,0,58,0,0,1,8,4,1100
684866965,983,4024,0,-16224,245,3,0,58,0,0,1,8,4,1100
684867995,1030,4024,0,-16224,267,3,0,58,0,0,1,8,4,1100
684868963,968,4024,0,-16224,242,3,0,58,0,0,1,8,4,1100
684869990,1027,4024,0,-16224,267,3,0,58,0,0,1,8,4,1100
684870972,982,4024,0,-16224,245,3,0,58,0,0,1,8,4,1100
684872037,1065,4024,0,-16224,311,3,0,58,0,0,1,8,4,1100
684872954,917,4024,0,-16224,223,3,0,58,0,0,1,8,4,1100
684873952,998,4024,0,-16224,227,3,0,58,0,0,1,8,4,1100
684874963,1011,4024,0,-16224,231,2,0,58,0,0,1,8,4,1100
684875951,988,4024,0,-16224,225,2,0,58,0,0,1,8,4,1100
684876953,1002,4024,0,-16224,225,2,0,58,0,0,1,8,4,1100
684877957,1004,4024,0,-16224,227,2,0,58,0,0,1,8,4,1100
684878950,993,4024,0,-16224,230,2,0,58,0,0,1,8,4,1100
684879955,1005,4024,0,-16224,228,2,0,58,0,0,1,8,4,1100
684881051,1096,4024,0,-16224,318,2,0,58,0,0,1,8,4,1100
684882134,1083,4024,0,-16224,407,2,0,58,0,0,1,8,4,1100
684882984,850,4024,0,-16224,254,2,0,58,0,0,1,8,4,1100
684883991,1007,4024,0,-16224,260,2,0,58,0,0,1,8,4,1100
684884967,976,4024,0,-16224,238,2,0,58,0,0,1,8,4,1100
684885988,1021,4024,0,-16224,258,2,0,58,0,0,1,8,4,1100
684886966,978,4024,0,-16224,243,1,0,58,0,0,1,8,4,1100
684887989,1023,4024,0,-16224,263,1,0,58,0,0,1,8,4,1100
684888969,980,4024,0,-16224,240,1,0,58,0,0,1,8,4,1100
684889987,1018,4024,0,-16224,262,1,0,58,0,0,1,8,4,1100
684890968,981,4024,0,-16224,243,1,0,58,0,0,1,8,4,1100
684892029,1061,4024,0,-16224,310,1,0,58,0,0,1,8,4,1100
684892951,922,4024,0,-16224,225,1,0,58,0,0,1,8,4,1100
684893951,1000,4024,0,-16224,229,1,0,58,0,0,1,8,4,1100
684894961,1010,4024,0,-16224,231,1,0,58,0,0,1,8,4,1100
684895950,989,4024,0,-16224,226,1,0,58,0,0,1,8,4,1100
684896952,1002,4024,0,-16224,225,1,0,58,0,0,1,8,4,1100
684897956,1004,4024,0,-16224,227,1,0,58,0,0,1,8,4,1100
684898949,993,4024,0,-16224,231,1,0,58,0,0,1,8,4,1100
684899955,1006,4024,0,-16224,230,1,0,58,0,0,1,8,4,1100
684901039,1084,4024,0,-16224,312,1,0,58,0,0,1,8,4,1100
684902130,1091,4024,0,-16224,405,1,0,58,0,0,1,8,4,1100
684902971,841,4024,0,-16224,250,1,0,58,0,0,1,8,4,1100
684903990,1019,4024,0,-16224,259,1,0,58,0,0,1,8,4,1100
684904968,978,4024,0,-16224,241,1,0,58,0,0,1,8,4,1100
684905981,1013,4024,0,-16224,262,1,0,58,0,0,1,8,4,1100
684906980,999,4024,0,-16224,248,1,0,58,0,0,1,8,4,1100
684907995,1015,4024,0,-16224,265,1,0,58,0,0,1,8,4,1100
684908977,982,4024,0,-16224,244,1,0,58,0,0,1,8,4,1100
684909990,1013,4024,0,-16224,270,1,0,58,0,0,1,8,4,1100
684910971,981,4024,0,-16224,243,1,0,58,0,0,1,8,4,1100
684912032,1061,4024,0,-16224,313,1,0,58,0,0,1,8,4,1100
684912947,915,4024,0,-16224,223,1,0,58,0,0,1,8,4,1100
684913945,998,4024,0,-16224,227,1,0,58,0,0,1,8,4,1100
684914956,1011,4024,0,-16224,232,0,0,58,0,0,1,8,4,1100
684915944,988,4024,0,-16224,225,0,0,58,0,0,1,8,4,1100
684916946,1002,4024,0,-16224,225,0,0,58,0,0,1,8,4,1100
684917950,1004,4024,0,-16224,227,0,0,58,0,0,1,8,4,1100
684918959,1009,4024,0,-16224,230,0,0,58,0,0,1,8,4,1100
684919948,989,4024,0,-16224,228,0,0,58,0,0,1,8,4,1100
684921049,1101,4024,0,-16224,317,0,0,58,0,0,1,8,4,1100
684922130,1081,4024,0,-16224,391,0,0,58,0,0,1,8,4,1100
684922960,830,4024,0,-16224,240,0,0,58,0,0,1,8,4,1100
684923986,1026,4024,0,-16224,256,0,0,58,0,0,1,8,4,1100
684924958,972,4024,0,-16224,235,0,0,58,0,0,1,8,4,1100
684925989,1031,4024,0,-16224,255,0,0,58,0,0,1,8,4,1100
684926964,975,4024,0,-16224,239,0,0,58,0,0,1,8,4,1100
684927985,1021,4024,0,-16224,262,0,0,58,0,0,1,8,4,1100
684928962,977,4024,0,-16224,238,0,0,58,0,0,1,8,4,1100
684929993,1031,4024,0,-16224,262,0,0,58,0,0,1,8,4,1100
684930971,978,4024,0,-16224,239,0,0,58,0,0,1,8,4,1100
684932035,1064,4024,0,-16224,308,0,0,58,0,0,1,8,4,1100
684932939,904,4024,0,-16224,221,0,0,58,0,0,1,8,4,1100
684933947,1008,4024,0,-16224,224,0,0,58,0,0,1,8,4,1100
684934954,1007,4024,0,-16224,227,0,0,58,0,0,1,8,4,1100
684935953,999,4024,0,-16224,223,0,0,58,0,0,1,8,4,1100
684936951,998,4024,0,-16224,222,0,0,58,0,0,1,8,4,1100
684937949,998,4024,0,-16224,225,0,0,58,0,0,1,8,4,1100
684938954,1005,4024,0,-16224,226,0,0,58,0,0,1,8,4,1100
684939956,1002,4024,0,-16224,228,0,0,58,0,0,1,8,4,1100
684941040,1084,4024,0,-16224,313,0,0,58,0,0,1,8,4,1100
684942125,1085,4024,0,-16224,401,0,0,58,0,0,1,8,4,1100
684942986,861,4024,0,-16224,255,0,0,58,0,0,1,8,4,1100
684943978,992,4024,0,-16224,259,0,0,58,0,0,1,8,4,1100
684944973,995,4024,0,-16224,244,0,0,58,0,0,1,8,4,1100
684945985,1012,4024,0,-16224,259,0,0,58,0,0,1,8,4,1100
684946965,980,4024,0,-16224,245,0,0,58,0,0,1,8,4,1100
684947993,1028,4024,0,-16224,266,0,0,58,0,0,1,8,4,1100
684948975,982,4024,0,-16224,243,0,0,58,0,0,1,8,4,1100
684949990,1015,4024,0,-16224,269,0,0,58,0,0,1,8,4,1100
684950973,983,4024,0,-16224,248,0,0,58,0,0,1,8,4,1100
684952039,1066,4024,0,-16224,312,0,0,58,0,0,1,8,4,1100
684952952,913,4024,0,-16224,223,0,0,58,0,0,1,8,4,1100
684953951,999,4024,0,-16224,228,0,0,58,0,0,1,8,4,1100
684954962,1011,4024,0,-16224,232,0,0,58,0,0,1,8,4,1100
684955950,988,4024,0,-16224,226,0,0,58,0,0,1,8,4,1100
684956952,1002,4024,0,-16224,225,0,0,58,0,0,1,8,4,1100
684957956,1004,4024,0,-16224,227,0,0,58,0,0,1,8,4,1100
684958949,993,4024,0,-16224,231,0,0,58,0,0,1,8,4,1100
684959953,1004,4024,0,-16224,227,0,0,58,0,0,1,8,4,1100
684961051,1098,4024,0,-16224,318,0,0,58,0,0,1,8,4,1100
684962129,1078,4024,0,-16224,396,0,0,58,0,0,1,8,4,1100
684962970,841,4024,0,-16224,250,0,0,58,0,0,1,8,4,1100
684963991,1021,4024,0,-16224,260,0,0,58,0,0,1,8,4,1100
684964970,979,4024,0,-16224,242,0,0,58,0,0,1,8,4,1100
684965990,1020,4024,0,-16224,257,0,0,58,0,0,1,8,4,1100
684966968,978,4024,0,-16224,243,0,0,58,0,0,1,8,4,1100
684967992,1024,4024,0,-16224,264,0,0,58,0,0,1,8,4,1100
684968970,978,4024,0,-16224,239,0,0,58,0,0,1,8,4,1100
684969989,1019,4024,0,-16224,263,0,0,58,0,0,1,8,4,1100
684970971,982,4024,0,-16224,244,0,0,58,0,0,1,8,4,1100
684972041,1070,4024,0,-16224,312,0,0,58,0,0,1,8,4,1100
684972950,909,4024,0,-16224,226,0,0,58,0,0,1,8,4,1100
684973947,997,4024,0,-16224,227,0,0,58,0,0,1,8,4,1100
684974958,1011,4024,0,-16224,231,0,0,58,0,0,1,8,4,1100
684975946,988,4024,0,-16224,225,0,0,58,0,0,1,8,4,1100
684976949,1003,4024,0,-16224,226,0,0,58,0,0,1,8,4,1100
684977952,1003,4024,0,-16224,227,0,0,58,0,0,1,8,4,1100
684978962,1010,4024,0,-16224,231,0,0,58,0,0,1,8,4,1100
684979953,991,4024,0,-16224,231,0,0,58,0,0,1,8,4,1100
684981038,1085,4024,0,-16224,311,0,0,58,0,0,1,8,4,1100
684982127,1089,4024,0,-16224,397,0,0,58,0,0,1,8,4,1100
684982971,844,4024,0,-16224,251,0,0,58,0,0,1,8,4,1100
684983990,1019,4024,0,-16224,259,0,0,58,0,0,1,8,4,1100
684984971,981,4024,0,-16224,243,0,0,58,0,0,1,8,4,1100
684985983,1012,4024,0,-16224,262,0,0,58,0,0,1,8,4,1100
684986965,982,4024,0,-16224,243,0,0,58,0,0,1,8,4,1100
684987992,1027,4024,0,-16224,268,0,0,58,0,0,1,8,4,1100
684988959,967,4024,0,-16224,241,0,0,58,0,0,1,8,4,1100
684989990,1031,4024,0,-16224,270,0,0,58,0,0,1,8,4,1100
684990972,982,4024,0,-16224,244,0,0,58,0,0,1,8,4,1100
684992037,1065,4024,0,-16224,312,0,0,58,0,0,1,8,4,1100
684992953,916,4024,0,-16224,223,0,0,58,0,0,1,8,4,1100
684993951,998,4024,0,-16224,227,0,0,58,0,0,1,8,4,1100
684994962,1011,4024,0,-16224,232,0,0,58,0,0,1,8,4,1100
684995950,988,4024,0,-16224,226,0,0,58,0,0,1,8,4,1100
684996953,1003,4024,0,-16224,226,0,0,58,0,0,1,8,4,1100
684997956,1003,4024,0,-16224,227,0,0,58,0,0,1,8,4,1100
684998949,993,4024,0,-16224,231,0,0,58,0,0,1,8,4,1100
684999954,1005,4024,0,-16224,229,0,0,58,0,0,1,8,4,1100
685001048,1094,4024,0,-16224,317,0,0,58,0,0,1,8,4,1100
685002124,1076,4024,0,-16224,395,0,0,58,0,0,1,8,4,1100
685002986,862,4024,0,-16224,253,0,0,58,0,0,1,8,4,1100
685003988,1002,4024,0,-16224,259,0,0,58,0,0,1,8,4,1100
685004962,974,4024,0,-16224,240,0,0,58,0,0,1,8,4,1100
685005986,1024,4024,0,-16224,257,0,0,58,0,0,1,8,4,1100
685006964,978,4024,0,-16224,242,0,0,58,0,0,1,8,4,1100
685007985,1021,4024,0,-16224,265,0,0,58,0,0,1,8,4,1100
685008967,982,4024,0,-16224,239,0,0,58,0,0,1,8,4,1100
685009984,1017,4024,0,-16224,261,0,0,58,0,0,1,8,4,1100
685010962,978,4024,0,-16224,242,0,0,58,0,0,1,8,4,1100
685012030,1068,4024,0,-16224,307,0,0,58,0,0,1,8,4,1100
685012957,927,4024,0,-16224,230,0,0,58,0,0,1,8,4,1100
685013961,1004,4024,0,-16224,227,0,0,58,0,0,1,8,4,1100
685014955,994,4024,0,-16224,232,0,0,58,0,0,1,8,4,1100
685015960,1005,4024,0,-16224,226,0,0,58,0,0,1,8,4,1100
685016945,985,4024,0,-16224,225,0,0,58,0,0,1,8,4,1100
685017949,1004,4024,0,-16224,227,0,0,58,0,0,1,8,4,1100
685018958,1009,4024,0,-16224,230,0,0,58,0,0,1,8,4,1100
685019950,992,4024,0,-16224,231,0,0,58,0,0,1,8,4,1100
685021035,1085,4024,0,-16224,315,0,0,58,0,0,1,8,4,1100
685022127,1092,4024,0,-16224,385,0,0,58,0,0,1,8,4,1100
685022983,856,4024,0,-16224,253,0,0,58,0,0,1,8,4,1100
685023987,1004,4024,0,-16224,259,0,0,58,0,0,1,8,4,1100
685024964,977,4024,0,-16224,241,0,0,58,0,0,1,8,4,1100
685025991,1027,4024,0,-16224,260,0,0,58,0,0,1,8,4,1100
685026973,982,4024,0,-16224,248,0,0,58,0,0,1,8,4,1100
685027988,1015,4024,0,-16224,265,0,0,58,0,0,1,8,4,1100
685028969,981,4024,0,-16224,243,0,0,58,0,0,1,8,4,1100
685029996,1027,4024,0,-16224,267,0,0,58,0,0,1,8,4,1100
685030972,976,4024,0,-16224,242,0,0,58,0,0,1,8,4,1100
685032041,1069,4024,0,-16224,311,0,0,58,0,0,1,8,4,1100
685032952,911,4024,0,-16224,223,0,0,58,0,0,1,8,4,1100
685033950,998,4024,0,-16224,227,0,0,58,0,0,1,8,4,1100
685034961,1011,4024,0,-16224,232,0,0,58,0,0,1,8,4,1100
685035949,988,4024,0,-16224,226,0,0,58,0,0,1,8,4,1100
685036951,1002,4024,0,-16224,226,0,0,58,0,0,1,8,4,1100
685037955,1004,4024,0,-16224,227,0,0,58,0,0,1,8,4,1100
685038965,1010,4024,0,-16224,231,0,0,58,0,0,1,8,4,1100
685039953,988,4024,0,-16224,228,0,0,58,0,0,1,8,4,1100
685041035,1082,4024,0,-16224,317,0,0,58,0,0,1,8,4,1100
685042119,1084,4024,0,-16224,383,0,0,58,0,0,1,8,4,1100
685042974,855,4024,0,-16224,249,0,0,58,0,0,1,8,4,1100
685043987,1013,4024,0,-16224,264,0,0,58,0,0,1,8,4,1100
685044960,973,4024,0,-16224,237,0,0,58,0,0,1,8,4,1100
685045983,1023,4024,0,-16224,259,0,0,58,0,0,1,8,4,1100
685046963,980,4024,0,-16224,244,0,0,58,0,0,1,8,4,1100
685047986,1023,4024,0,-16224,266,0,0,58,0,0,1,8,4,1100
685048966,980,4024,0,-16224,239,0,0,58,0,0,1,8,4,1100
685049989,1023,4024,0,-16224,266,0,0,58,0,0,1,8,4,1100
685050966,977,4024,0,-16224,241,0,0,58,0,0,1,8,4,1100
685052037,1071,4024,0,-16224,309,0,0,58,0,0,1,8,4,1100
685052948,911,4024,0,-16224,228,0,0,58,0,0,1,8,4,1100
685053951,1003,4024,0,-16224,227,0,0,58,0,0,1,8,4,1100
685054962,1011,4024,0,-16224,232,0,0,58,0,0,1,8,4,1100
685055950,988,4024,0,-16224,226,0,0,58,0,0,1,8,4,1100
685056952,1002,4024,0,-16224,225,0,0,58,0,0,1,8,4,1100
685057956,1004,4024,0,-16224,227,0,0,58,0,0,1,8,4,1100
685058949,993,4024,0,-16224,231,0,0,58,0,0,1,8,4,1100
685059957,1008,4024,0,-16224,232,0,0,58,0,0,1,8,4,1100
685061044,1087,4024,0,-16224,315,0,0,58,0,0,1,8,4,1100
685062134,1090,4024,0,-16224,409,0,0,58,0,0,1,8,4,1100
685062986,852,4024,0,-16224,254,0,0,58,0,0,1,8,4,1100
685063990,1004,4024,0,-16224,260,0,0,58,0,0,1,8,4,1100
685064964,974,4024,0,-16224,241,0,0,58,0,0,1,8,4,1100
685065981,1017,4024,0,-16224,263,0,0,58,0,0,1,8,4,1100
685066980,999,4024,0,-16224,248,0,0,58,0,0,1,8,4,1100
685067995,1015,4024,0,-16224,265,0,0,58,0,0,1,8,4,1100
685068975,980,4024,0,-16224,242,0,0,58,0,0,1,8,4,1100
685069988,1013,4024,0,-16224,266,0,0,58,0,0,1,8,4,1100
685070968,980,4024,0,-16224,246,0,0,58,0,0,1,8,4,1100
685072032,1064,4024,0,-16224,312,0,0,58,0,0,1,8,4,1100
685072944,912,4024,0,-16224,224,0,0,58,0,0,1,8,4,1100
685073959,1015,4024,0,-16224,228,0,0,58,0,0,1,8,4,1100
685074954,995,4024,0,-16224,232,0,0,58,0,0,1,8,4,1100
685075958,1004,4024,0,-16224,225,0,0,58,0,0,1,8,4,1100
685076944,986,4024,0,-16224,225,0,0,58,0,0,1,8,4,1100
685077948,1004,4024,0,-16224,227,0,0,58,0,0,1,8,4,1100
685078957,1009,4024,0,-16224,230,0,0,58,0,0,1,8,4,1100
685079945,988,4024,0,-16224,227,0,0,58,0,0,1,8,4,1100
685081045,1100,4024,0,-16224,318,0,0,58,0,0,1,8,4,1100
685082130,1085,4024,0,-16224,412,0,0,58,0,0,1,8,4,1100
685082970,840,4024,0,-16224,249,0,0,58,0,0,1,8,4,1100
685083977,1007,4024,0,-16224,260,0,0,58,0,0,1,8,4,1100
685084970,993,4024,0,-16224,239,0,0,58,0,0,1,8,4,1100
685085990,1020,4024,0,-16224,258,0,0,58,0,0,1,8,4,1100
685086972,982,4024,0,-16224,246,0,0,58,0,0,1,8,4,1100
685087996,1024,4024,0,-16224,263,0,0,58,0,0,1,8,4,1100
685088963,967,4024,0,-16224,244,0,0,58,0,0,1,8,4,1100
685089987,1024,4024,0,-16224,268,0,0,58,0,0,1,8,4,1100
685090971,984,4024,0,-16224,245,0,0,58,0,0,1,8,4,1100
685092041,1070,4024,0,-16224,312,0,0,58,0,0,1,8,4,1100
685092946,905,4024,0,-16224,226,0,0,58,0,0,1,8,4,1100
685093960,1014,4024,0,-16224,227,0,0,58,0,0,1,8,4,1100
685094956,996,4024,0,-16224,232,0,0,58,0,0,1,8,4,1100
685095944,988,4024,0,-16224,226,0,0,58,0,0,1,8,4,1100
685096946,1002,4024,0,-16224,226,0,0,58,0,0,1,8,4,1100
685097950,1004,4024,0,-16224,227,0,0,58,0,0,1,8,4,1100
685098959,1009,4024,0,-16224,230,0,0,58,0,0,1,8,4,1100
685099950,991,4024,0,-16224,230,0,0,58,0,0,1,8,4,1100
685101038,1088,4024,0,-16224,312,0,0,58,0,0,1,8,4,1100
685102123,1085,4024,0,-16224,401,0,0,58,0,0,1,8,4,1100
685102982,859,4024,0,-16224,256,0,0,58,0,0,1,8,4,1100
685103991,1009,4024,0,-16224,261,0,0,58,0,0,1,8,4,1100
685104966,975,4024,0,-16224,241,0,0,58,0,0,1,8,4,1100
685105981,1015,4024,0,-16224,262,0,0,58,0,0,1,8,4,1100
685106976,995,4024,0,-16224,243,0,0,58,0,0,1,8,4,1100
685107988,1012,4024,0,-16224,266,0,0,58,0,0,1,8,4,1100
685108970,982,4024,0,-16224,242,0,0,58,0,0,1,8,4,1100
685109998,1028,4024,0,-16224,265,0,0,58,0,0,1,8,4,1100
685110975,977,4024,0,-16224,242,0,0,58,0,0,1,8,4,1100
685112029,1054,4024,0,-16224,310,0,0,58,0,0,1,8,4,1100
685112948,919,4024,0,-16224,223,0,0,58,0,0,1,8,4,1100
685113947,999,4024,0,-16224,228,0,0,58,0,0,1,8,4,1100
685114957,1010,4024,0,-16224,231,0,0,58,0,0,1,8,4,1100
685115946,989,4024,0,-16224,226,0,0,58,0,0,1,8,4,1100
685116948,1002,4024,0,-16224,226,0,0,58,0,0,1,8,4,1100
685117951,1003,4024,0,-16224,227,0,0,58,0,0,1,8,4,1100
685118961,1010,4024,0,-16224,231,0,0,58,0,0,1,8,4,1100
685119949,988,4024,0,-16224,229,0,0,58,0,0,1,8,4,1100
685121051,1102,4024,0,-16224,318,0,0,58,0,0,1,8,4,1100
685122130,1079,4024,0,-16224,406,0,0,58,0,0,1,8,4,1100
685122972,842,4024,0,-16224,250,0,0,58,0,0,1,8,4,1100
685123980,1008,4024,0,-16224,259,0,0,58,0,0,1,8,4,1100
685124959,979,4024,0,-16224,241,0,0,58,0,0,1,8,4,1100
685125978,1019,4024,0,-16224,256,0,0,58,0,0,1,8,4,1100
685126975,997,4024,0,-16224,245,0,0,58,0,0,1,8,4,1100
685127984,1009,4024,0,-16224,263,0,0,58,0,0,1,8,4,1100
685128964,980,4024,0,-16224,241,0,0,58,0,0,1,8,4,1100
685129986,1022,4024,0,-16224,266,0,0,58,0,0,1,8,4,1100
685130967,981,4024,0,-16224,243,0,0,58,0,0,1,8,4,1100
685132034,1067,4024,0,-16224,311,0,0,58,0,0,1,8,4,1100
685132956,922,4024,0,-16224,225,0,0,58,0,0,1,8,4,1100
685133954,998,4024,0,-16224,227,0,0,58,0,0,1,8,4,1100
685134966,1012,4024,0,-16224,232,0,0,58,0,0,1,8,4,1100
685135954,988,4024,0,-16224,226,0,0,58,0,0,1,8,4,1100
685136956,1002,4024,0,-16224,226,0,0,58,0,0,1,8,4,1100
685137959,1003,4024,0,-16224,227,0,0,58,0,0,1,8,4,1100
685138953,994,4024,0,-16224,231,0,0,58,0,0,1,8,4,1100
685139959,1006,4024,0,-16224,230,0,0,58,0,0,1,8,4,1100
685141042,1083,4024,0,-16224,313,0,0,58,0,0,1,8,4,1100
685142120,1078,4024,0,-16224,395,0,0,58,0,0,1,8,4,1100
685142976,856,4024,0,-16224,251,0,0,58,0,0,1,8,4,1100
685143989,1013,4024,0,-16224,259,0,0,58,0,0,1,8,4,1100
685144970,981,4024,0,-16224,240,0,0,58,0,0,1,8,4,1100
685145995,1025,4024,0,-16224,262,0,0,58,0,0,1,8,4,1100
685146964,969,4024,0,-16224,243,0,0,58,0,0,1,8,4,1100
685147987,1023,4024,0,-16224,267,0,0,58,0,0,1,8,4,1100
685148963,976,4024,0,-16224,245,0,0,58,0,0,1,8,4,1100
685149991,1028,4024,0,-16224,272,0,0,58,0,0,1,8,4,1100
685150977,986,4024,0,-16224,243,0,0,58,0,0,1,8,4,1100
685152043,1066,4024,0,-16224,312,0,0,58,0,0,1,8,4,1100
685152943,900,4024,0,-16224,223,0,0,58,0,0,1,8,4,1100
685153957,1014,4024,0,-16224,227,0,0,58,0,0,1,8,4,1100
685154951,994,4024,0,-16224,231,0,0,58,0,0,1,8,4,1100
685155956,1005,4024,0,-16224,226,0,0,58,0,0,1,8,4,1100
685156958,1002,4024,0,-16224,226,0,0,58,0,0,1,8,4,1100
685157945,987,4024,0,-16224,227,0,0,58,0,0,1,8,4,1100
685158955,1010,4024,0,-16224,231,0,0,58,0,0,1,8,4,1100
685159960,1005,4024,0,-16224,228,0,0,58,0,0,1,8,4,1100
685161036,1076,4024,0,-16224,316,0,0,58,0,0,1,8,4,1100
685162119,1083,4024,0,-16224,390,0,0,58,0,0,1,8,4,1100
685162974,855,4024,0,-16224,250,0,0,58,0,0,1,8,4,1100
685163984,1010,4024,0,-16224,261,0,0,58,0,0,1,8,4,1100
685164959,975,4024,0,-16224,240,0,0,58,0,0,1,8,4,1100
685165985,1026,4024,0,-16224,259,0,0,58,0,0,1,8,4,1100
685166961,976,4024,0,-16224,241,0,0,58,0,0,1,8,4,1100
685167984,1023,4024,0,-16224,265,0,0,58,0,0,1,8,4,1100
685168965,981,4024,0,-16224,240,0,0,58,0,0,1,8,4,1100
685169987,1022,4024,0,-16224,264,0,0,58,0,0,1,8,4,1100
685170967,980,4024,0,-16224,243,0,0,58,0,0,1,8,4,1100
685172037,1070,4024,0,-16224,308,0,0,58,0,0,1,8,4,1100
685172947,910,4024,0,-16224,229,0,0,58,0,0,1,8,4,1100
685173950,1003,4024,0,-16224,227,0,0,58,0,0,1,8,4,1100
685174960,1010,4024,0,-16224,231,0,0,58,0,0,1,8,4,1100
685175949,989,4024,0,-16224,226,0,0,58,0,0,1,8,4,1100
685176951,1002,4024,0,-16224,226,0,0,58,0,0,1,8,4,1100
685177955,1004,4024,0,-16224,227,0,0,58,0,0,1,8,4,1100
685178965,1010,4024,0,-16224,231,0,0,58,0,0,1,8,4,1100
685179957,992,4024,0,-16224,232,0,0,58,0,0,1,8,4,1100
685181043,1086,4024,0,-16224,313,0,0,58,0,0,1,8,4,1100
685182136,1093,4024,0,-16224,413,0,0,58,0,0,1,8,4,1100
685182972,836,4024,0,-16224,252,0,0,58,0,0,1,8,4,1100
685183979,1007,4024,0,-16224,260,0,0,58,0,0,1,8,4,1100
685184972,993,4024,0,-16224,239,0,0,58,0,0,1,8,4,1100
685185982,1010,4024,0,-16224,261,0,0,58,0,0,1,8,4,1100
685186965,983,4024,0,-16224,247,0,0,58,0,0,1,8,4,1100
685187996,1031,4024,0,-16224,266,0,0,58,0,0,1,8,4,1100
685188962,966,4024,0,-16224,244,0,0,58,0,0,1,8,4,1100
685189990,1028,4024,0,-16224,270,0,0,58,0,0,1,8,4,1100
685190972,982,4024,0,-16224,243,0,0,58,0,0,1,8,4,1100
685192041,1069,4024,0,-16224,310,0,0,58,0,0,1,8,4,1100
685192957,916,4024,0,-16224,224,0,0,58,0,0,1,8,4,1100
685193956,999,4024,0,-16224,228,0,0,58,0,0,1,8,4,1100
685194950,994,4024,0,-16224,232,0,0,58,0,0,1,8,4,1100
685195954,1004,4024,0,-16224,225,0,0,58,0,0,1,8,4,1100
685196957,1003,4024,0,-16224,226,0,0,58,0,0,1,8,4,1100
685197960,1003,4024,0,-16224,227,0,0,58,0,0,1,8,4,1100
685198954,994,4024,0,-16224,231,0,0,58,0,0,1,8,4,1100
685199958,1004,4024,0,-16224,228,0,0,58,0,0,1,8,4,1100
685201038,1080,4024,0,-16224,320,0,0,58,0,0,1,8,4,1100
685202121,1083,4024,0,-16224,395,0,0,58,0,0,1,8,4,1100
685202978,857,4024,0,-16224,251,0,0,58,0,0,1,8,4,1100
685203978,1000,4024,0,-16224,259,0,0,58,0,0,1,8,4,1100
685204970,992,4024,0,-16224,242,0,0,58,0,0,1,8,4,1100
685205978,1008,4024,0,-16224,258,0,0,58,0,0,1,8,4,1100
685206971,993,4024,0,-16224,242,0,0,58,0,0,1,8,4,1100
685207996,1025,4024,0,-16224,265,0,0,58,0,0,1,8,4,1100
685208958,962,4024,0,-16224,240,0,0,58,0,0,1,8,4,1100
685209983,1025,4024,0,-16224,263,0,0,58,0,0,1,8,4,1100
685210961,978,4024,0,-16224,243,0,0,58,0,0,1,8,4,1100
685212044,1083,4024,0,-16224,312,0,0,58,0,0,1,8,4,1100
685212954,910,4024,0,-16224,228,0,0,58,0,0,1,8,4,1100
685213957,1003,4024,0,-16224,227,0,0,58,0,0,1,8,4,1100
685214952,995,4024,0,-16224,232,0,0,58,0,0,1,8,4,1100
685215956,1004,4024,0,-16224,226,0,0,58,0,0,1,8,4,1100
685216958,1002,4024,0,-16224,225,0,0,58,0,0,1,8,4,1100
685217946,988,4024,0,-16224,227,0,0,58,0,0,1,8,4,1100
685218955,1009,4024,0,-16224,231,0,0,58,0,0,1,8,4,1100
685219962,1007,4024,0,-16224,230,0,0,58,0,0,1,8,4,1100
685221044,1082,4024,0,-16224,312,0,0,58,0,0,1,8,4,1100
685222136,1092,4024,0,-16224,413,0,0,58,0,0,1,8,4,1100
685222979,843,4024,0,-16224,252,0,0,58,0,0,1,8,4,1100
685223982,1003,4024,0,-16224,260,0,0,58,0,0,1,8,4,1100
685224961,979,4024,0,-16224,240,0,0,58,0,0,1,8,4,1100
685225986,1025,4024,0,-16224,259,0,0,58,0,0,1,8,4,1100
685226967,981,4024,0,-16224,245,0,0,58,0,0,1,8,4,1100
685227995,1028,4024,0,-16224,266,0,0,58,0,0,1,8,4,1100
685228975,980,4024,0,-16224,241,0,0,58,0,0,1,8,4,1100
685229989,1014,4024,0,-16224,271,0,0,58,0,0,1,8,4,1100
685230972,983,4024,0,-16224,244,0,0,58,0,0,1,8,4,1100
685232032,1060,4024,0,-16224,312,0,0,58,0,0,1,8,4,1100
685232948,916,4024,0,-16224,223,0,0,58,0,0,1,8,4,1100
685233947,999,4024,0,-16224,228,0,0,58,0,0,1,8,4,1100
685234958,1011,4024,0,-16224,232,0,0,58,0,0,1,8,4,1100
685235946,988,4024,0,-16224,226,0,0,58,0,0,1,8,4,1100
685236948,1002,4024,0,-16224,225,0,0,58,0,0,1,8,4,1100
685237952,1004,4024,0,-16224,227,0,0,58,0,0,1,8,4,1100
685238962,1010,4024,0,-16224,231,0,0,58,0,0,1,8,4,1100
685239950,988,4024,0,-16224,228,0,0,58,0,0,1,8,4,1100
685241053,1103,4024,0,-16224,319,0,0,58,0,0,1,8,4,1100
685242137,1084,4024,0,-16224,401,0,0,58,0,0,1,8,4,1100
685242985,848,4024,0,-16224,255,0,0,58,0,0,1,8,4,1100
685243994,1009,4024,0,-16224,264,0,0,58,0,0,1,8,4,1100
685268035,24041,4024,0,-16224,353,0,0,58,0,0,72,9,5,550
685268924,889,4024,0,-16224,243,0,0,58,0,0,1,9,5,550
685269943,1019,4024,0,-16224,259,0,0,58,0,0,1,9,5,550
685270947,1004,4024,0,-16224,266,0,0,58,0,0,1,9,5,550
685271974,1027,4024,0,-16224,286,0,0,58,0,0,1,9,5,550
685272902,928,4024,0,-16224,221,0,0,58,0,0,1,9,5,550
685273908,1006,4024,0,-16224,220,0,0,58,0,0,1,9,5,550
685274905,997,4024,0,-16224,227,0,0,58,0,0,1,9,5,550
685275906,1001,4024,0,-16224,215,0,0,58,0,0,1,9,5,550
685276903,997,4024,0,-16224,213,0,0,58,0,0,1,9,5,550
685277904,1001,4024,0,-16224,216,0,0,58,0,0,1,9,5,550
685278904,1000,4024,0,-16224,222,0,0,58,0,0,1,9,5,550
685279909,1005,4024,0,-16224,218,0,0,58,0,0,1,9,5,550
685280995,1086,4024,0,-16224,301,0,0,58,0,0,1,9,5,550
685282052,1057,4024,0,-16224,361,0,0,58,0,0,1,9,5,550
685282952,900,4024,0,-16224,267,0,0,58,0,0,1,9,5,550
685283939,987,4024,0,-16224,247,0,0,58,0,0,1,9,5,550
685284931,992,4024,0,-16224,241,0,0,58,0,0,1,9,5,550
685285932,1001,4024,0,-16224,246,0,0,58,0,0,1,9,5,550
685286931,999,4024,0,-16224,249,0,0,58,0,0,1,9,5,550
685287938,1007,4024,0,-16224,250,0,0,58,0,0,1,9,5,550
685288933,995,4024,0,-16224,247,0,0,58,0,0,1,9,5,550
685289942,1009,4024,0,-16224,263,0,0,58,0,0,1,9,5,550
685290938,996,4024,0,-16224,253,0,0,58,0,0,1,9,5,550
685291988,1050,4024,0,-16224,298,0,0,58,0,0,1,9,5,550
685292923,935,4024,0,-16224,231,0,0,58,0,0,1,9,5,550
685293922,999,4024,0,-16224,229,0,0,58,0,0,1,9,5,550
685294930,1008,4024,0,-16224,238,0,0,58,0,0,1,9,5,550
685295917,987,4024,0,-16224,228,0,0,58,0,0,1,9,5,550
685296917,1000,4024,0,-16224,226,0,0,58,0,0,1,9,5,550
685297916,999,4024,0,-16224,229,0,0,58,0,0,1,9,5,550
685298913,997,4024,0,-16224,233,0,0,58,0,0,1,9,5,550
685299908,995,4024,0,-16224,226,0,0,58,0,0,1,9,5,550
685300985,1077,4024,0,-16224,303,0,0,58,0,0,1,9,5,550
685302068,1083,4024,0,-16224,378,0,0,58,0,0,1,9,5,550
685302954,886,4024,0,-16224,269,0,0,58,0,0,1,9,5,550
685303947,993,4024,0,-16224,267,0,0,58,0,0,1,9,5,550
685304932,985,4024,0,-16224,245,0,0,58,0,0,1,9,5,550
685305933,1001,4024,0,-16224,253,0,0,58,0,0,1,9,5,550
685306927,994,4024,0,-16224,250,0,0,58,0,0,1,9,5,550
685307942,1015,4024,0,-16224,258,0,0,58,0,0,1,9,5,550
685308938,996,4024,0,-16224,247,0,0,58,0,0,1,9,5,550
685309945,1007,4024,0,-16224,264,0,0,58,0,0,1,9,5,550
685310928,983,4024,0,-16224,251,0,0,58,0,0,1,9,5,550
685311981,1053,4024,0,-16224,296,0,0,58,0,0,1,9,5,550
685312920,939,4024,0,-16224,235,0,0,58,0,0,1,9,5,550
685313918,998,4024,0,-16224,230,0,0,58,0,0,1,9,5,550
685314925,1007,4024,0,-16224,237,0,0,58,0,0,1,9,5,550
685315907,982,4024,0,-16224,224,0,0,58,0,0,1,9,5,550
685316917,1010,4024,0,-16224,224,0,0,58,0,0,1,9,5,550
685317916,999,4024,0,-16224,229,0,0,58,0,0,1,9,5,550
685318910,994,4024,0,-16224,231,0,0,58,0,0,1,9,5,550
685319907,997,4024,0,-16224,227,0,0,58,0,0,1,9,5,550
685320983,1076,4024,0,-16224,306,0,0,58,0,0,1,9,5,550
685322037,1054,4024,0,-16224,358,0,0,58,0,0,1,9,5,550
685322964,927,4024,0,-16224,278,0,0,58,0,0,1,9,5,550
685323951,987,4024,0,-16224,259,0,0,58,0,0,1,9,5,550
685324934,983,4024,0,-16224,243,0,0,58,0,0,1,9,5,550
685325937,1003,4024,0,-16224,254,0,0,58,0,0,1,9,5,550
685326933,996,4024,0,-16224,250,0,0,58,0,0,1,9,5,550
685327943,1010,4024,0,-16224,254,0,0,58,0,0,1,9,5,550
685328936,993,4024,0,-16224,245,0,0,58,0,0,1,9,5,550
685329952,1016,4025,1,-16225,262,0,-8,58,0,0,1,9,5,550
685330937,985,4025,0,-16225,252,-1,-8,58,0,0,1,9,5,550
685331991,1054,4024,-1,-16224,301,-1,0,58,0,0,1,9,5,550
685332911,920,4025,1,-16225,233,-1,-8,58,0,0,1,9,5,550
685333908,997,4025,0,-16225,231,-1,-8,58,0,0,1,9,5,550
685334915,1007,4025,0,-16225,235,-1,-8,58,0,0,1,9,5,550
685335921,1006,4024,-1,-16224,230,-1,0,58,0,0,1,9,5,550
685336917,996,4024,0,-16224,226,-1,0,58,0,0,1,9,5,550
685337931,1014,4024,0,-16224,245,-1,0,58,0,0,1,9,5,550
685338918,987,4024,0,-16224,230,-1,0,58,0,0,1,9,5,550
685339922,1004,4024,0,-16224,231,-1,0,58,0,0,1,9,5,550
685340998,1076,4024,0,-16224,312,-1,0,58,0,0,1,9,5,550
685342067,1069,4025,1,-16225,381,-1,-8,58,0,0,1,9,5,550
685342955,888,4024,-1,-16224,269,-1,0,58,0,0,1,9,5,550
685343951,996,4025,1,-16225,268,-2,-8,58,0,0,1,9,5,550
685344929,978,4025,0,-16225,242,-2,-8,58,0,0,1,9,5,550
685345950,1021,4025,0,-16225,260,-2,-8,58,0,0,1,9,5,550
685346931,981,4025,0,-16225,248,-2,-8,58,0,0,1,9,5,550
685347942,1011,4025,0,-16225,255,-3,-8,58,0,0,1,9,5,550
685348932,990,4025,0,-16225,245,-3,-8,58,0,0,1,9,5,550
685349943,1011,4024,-1,-16224,263,-3,0,58,0,0,1,9,5,550
685350945,1002,4025,1,-16225,256,-3,-8,58,0,0,1,9,5,550
685351971,1026,4025,0,-16225,291,-3,-8,58,0,0,1,9,5,550
685352931,960,4024,-1,-16224,239,-3,0,58,0,0,1,9,5,550
685353941,1010,4025,1,-16225,258,-3,-8,58,0,0,1,9,5,550
685354913,972,4025,0,-16225,236,-3,-8,58,0,0,1,9,5,550
685355913,1000,4024,-1,-16224,226,-3,0,58,0,0,1,9,5,550
685356913,1000,4024,0,-16224,226,-3,0,58,0,0,1,9,5,550
685357931,1018,4024,0,-16224,248,-3,0,58,0,0,1,9,5,550
685358905,974,4024,0,-16224,229,-3,0,58,0,0,1,9,5,550
685359922,1017,4024,0,-16224,232,-3,0,58,0,0,1,9,5,550
685360993,1071,4024,0,-16224,311,-2,8,58,0,0,1,9,5,550
685362038,1045,4025,1,-16225,356,-3,-8,58,0,0,1,9,5,550
685362976,938,4024,-1,-16224,284,-2,8,58,0,0,1,9,5,550
685363942,966,4024,0,-16224,265,-2,8,58,0,0,1,9,5,550
685364936,994,4024,0,-16224,252,-1,8,58,0,0,1,9,5,550
685365942,1006,4024,0,-16224,252,-1,0,58,0,0,1,9,5,550
685366948,1006,4024,0,-16224,260,-1,0,58,0,0,1,9,5,550
685367949,1001,4024,0,-16224,262,-1,0,58,0,0,1,9,5,550
685368933,984,4024,0,-16224,249,-1,0,58,0,0,1,9,5,550
685369945,1012,4024,0,-16224,268,-1,0,58,0,0,1,9,5,550
685370940,995,4024,0,-16224,249,-1,0,58,0,0,1,9,5,550
685371986,1046,4024,0,-16224,302,-1,0,58,0,0,1,9,5,550
685372925,939,4024,0,-16224,232,-1,8,58,0,0,1,9,5,550
685373906,981,4024,0,-16224,229,-1,0,58,0,0,1,9,5,550
685374915,1009,4024,0,-16224,235,0,8,58,0,0,1,9,5,550
685375921,1006,4024,0,-16224,230,0,8,58,0,0,1,9,5,550
685376917,996,4024,0,-16224,226,0,8,58,0,0,1,9,5,550
685377931,1014,4024,0,-16224,245,1,8,58,0,0,1,9,5,550
685378918,987,4024,0,-16224,230,1,8,58,0,0,1,9,5,550
685379923,1005,4024,0,-16224,232,1,8,58,0,0,1,9,5,550
685380997,1074,4024,0,-16224,312,1,8,58,0,0,1,9,5,550
685382066,1069,4025,1,-16225,374,1,0,58,0,0,1,9,5,550
685382960,894,4024,-1,-16224,271,1,0,58,0,0,1,9,5,550
685383953,993,4024,0,-16224,271,2,8,58,0,0,1,9,5,550
685384936,983,4024,0,-16224,247,2,8,58,0,0,1,9,5,550
685385943,1007,4024,0,-16224,255,2,0,58,0,0,1,9,5,550
685386934,991,4024,0,-16224,251,2,0,58,0,0,1,9,5,550
685387941,1007,4024,0,-16224,261,2,0,58,0,0,1,9,5,550
685388937,996,4024,0,-16224,248,2,0,58,0,0,1,9,5,550
685389953,1016,4024,0,-16224,269,2,0,58,0,0,1,9,5,550
685390935,982,4024,0,-16224,248,1,0,58,0,0,1,9,5,550
685391976,1041,4024,0,-16224,296,1,0,58,0,0,1,9,5,550
685392912,936,4024,0,-16224,234,2,8,58,0,0,1,9,5,550
685393941,1029,4024,0,-16224,260,2,0,58,0,0,1,9,5,550
685394928,987,4024,0,-16224,236,2,0,58,0,0,1,9,5,550
685395913,985,4024,0,-16224,227,1,0,58,0,0,1,9,5,550
685396913,1000,4024,0,-16224,226,1,0,58,0,0,1,9,5,550
685397931,1018,4024,0,-16224,248,1,0,58,0,0,1,9,5,550
685398906,975,4024,0,-16224,229,1,0,58,0,0,1,9,5,550
685399925,1019,4024,0,-16224,235,1,0,58,0,0,1,9,5,550
685400993,1068,4024,0,-16224,310,1,0,58,0,0,1,9,5,550
685402058,1065,4024,0,-16224,370,1,0,58,0,0,1,9,5,550
685402957,899,4024,0,-16224,270,1,0,58,0,0,1,9,5,550
685403951,994,4024,0,-16224,261,1,0,58,0,0,1,9,5,550
685404930,979,4024,0,-16224,242,1,0,58,0,0,1,9,5,550
685405937,1007,4024,0,-16224,257,1,0,58,0,0,1,9,5,550
685406932,995,4024,0,-16224,249,1,0,58,0,0,1,9,5,550
685407953,1021,4024,0,-16224,261,1,0,58,0,0,1,9,5,550
685408927,974,4024,0,-16224,242,1,0,58,0,0,1,9,5,550
685409947,1020,4025,1,-16225,256,1,-8,58,0,0,1,9,5,550
685410933,986,4025,0,-16225,253,0,-8,58,0,0,1,9,5,550
685411971,1038,4025,0,-16225,293,0,-8,58,0,0,1,9,5,550
685412914,943,4025,0,-16225,234,0,0,58,0,0,1,9,5,550
685413941,1027,4024,-1,-16224,259,0,0,58,0,0,1,9,5,550
685414914,973,4024,0,-16224,237,0,0,58,0,0,1,9,5,550
685415913,999,4024,0,-16224,226,0,0,58,0,0,1,9,5,550
685416913,1000,4024,0,-16224,226,0,0,58,0,0,1,9,5,550
685417931,1018,4024,0,-16224,248,0,0,58,0,0,1,9,5,550
685418923,992,4024,0,-16224,230,0,0,58,0,0,1,9,5,550
685419908,985,4024,0,-16224,228,0,0,58,0,0,1,9,5,550
685420983,1075,4025,1,-16225,300,0,-8,58,0,0,1,9,5,550
685422058,1075,4025,0,-16225,373,-1,-8,58,0,0,1,9,5,550
685422955,897,4025,0,-16225,274,-1,-8,58,0,0,1,9,5,550
685423956,1001,4025,0,-16225,267,-1,-8,58,0,0,1,9,5,550
685424936,980,4024,-1,-16224,245,-1,0,58,0,0,1,9,5,550
685425950,1014,4024,0,-16224,261,-1,0,58,0,0,1,9,5,550
685426926,976,4025,1,-16225,249,-1,-8,58,0,0,1,9,5,550
685427942,1016,4024,-1,-16224,262,-1,0,58,0,0,1,9,5,550
685428939,997,4024,0,-16224,248,-1,0,58,0,0,1,9,5,550
685429954,1015,4025,1,-16225,264,-2,-8,58,0,0,1,9,5,550
685430928,974,4025,0,-16225,252,-2,-8,58,0,0,1,9,5,550
685431974,1046,4024,-1,-16224,296,-2,0,58,0,0,1,9,5,550
685432915,941,4024,0,-16224,234,-2,0,58,0,0,1,9,5,550
685433941,1026,4024,0,-16224,259,-2,0,58,0,0,1,9,5,550
685434930,989,4024,0,-16224,238,-2,0,58,0,0,1,9,5,550
685435913,983,4024,0,-16224,225,-2,0,58,0,0,1,9,5,550
685436913,1000,4024,0,-16224,225,-1,0,58,0,0,1,9,5,550
685437931,1018,4024,0,-16224,247,-1,0,58,0,0,1,9,5,550
685438922,991,4024,0,-16224,231,-1,0,58,0,0,1,9,5,550
685439908,986,4024,0,-16224,228,-1,0,58,0,0,1,9,5,550
685440990,1082,4024,0,-16224,311,-1,8,58,0,0,1,9,5,550
685442068,1078,4024,0,-16224,376,-1,8,58,0,0,1,9,5,550
685442961,893,4024,0,-16224,273,0,8,58,0,0,1,9,5,550
685443950,989,4024,0,-16224,260,0,0,58,0,0,1,9,5,550
685444929,979,4024,0,-16224,242,0,0,58,0,0,1,9,5,550
685445935,1006,4024,0,-16224,257,0,0,58,0,0,1,9,5,550
685446932,997,4024,0,-16224,250,0,0,58,0,0,1,9,5,550
685447943,1011,4024,0,-16224,255,0,0,58,0,0,1,9,5,550
685448938,995,4024,0,-16224,247,0,0,58,0,0,1,9,5,550
685449942,1004,4024,0,-16224,264,0,0,58,0,0,1,9,5,550
685450952,1010,4024,0,-16224,262,0,0,58,0,0,1,9,5,550
685451983,1031,4024,0,-16224,291,0,8,58,0,0,1,9,5,550
685452928,945,4024,0,-16224,236,0,8,58,0,0,1,9,5,550
685453941,1013,4024,0,-16224,261,1,8,58,0,0,1,9,5,550
685454929,988,4024,0,-16224,236,1,8,58,0,0,1,9,5,550
685455913,984,4024,0,-16224,226,1,0,58,0,0,1,9,5,550
685456913,1000,4024,0,-16224,226,1,0,58,0,0,1,9,5,550
685457931,1018,4024,0,-16224,248,1,8,58,0,0,1,9,5,550
685458906,975,4024,0,-16224,229,1,0,58,0,0,1,9,5,550
685459925,1019,4024,0,-16224,235,1,0,58,0,0,1,9,5,550
685460998,1073,4024,0,-16224,304,1,8,58,0,0,1,9,5,550
685462072,1074,4024,0,-16224,379,1,0,58,0,0,1,9,5,550
685462956,884,4024,0,-16224,271,1,0,58,0,0,1,9,5,550
685463950,994,4024,0,-16224,262,1,0,58,0,0,1,9,5,550
685464933,983,4024,0,-16224,244,1,0,58,0,0,1,9,5,550
685465938,1005,4024,0,-16224,254,1,0,58,0,0,1,9,5,550
685466926,988,4024,0,-16224,245,1,0,58,0,0,1,9,5,550
685467935,1009,4024,0,-16224,257,1,0,58,0,0,1,9,5,550
685468935,1000,4024,0,-16224,247,1,0,58,0,0,1,9,5,550
685469952,1017,4024,0,-16224,260,1,0,58,0,0,1,9,5,550
685470937,985,4024,0,-16224,254,1,0,58,0,0,1,9,5,550
685471978,1041,4024,0,-16224,290,1,0,58,0,0,1,9,5,550
685472925,947,4024,0,-16224,238,1,0,58,0,0,1,9,5,550
685473923,998,4024,0,-16224,233,1,0,58,0,0,1,9,5,550
685474929,1006,4024,0,-16224,237,1,0,58,0,0,1,9,5,550
685475913,984,4024,0,-16224,227,1,0,58,0,0,1,9,5,550
685476913,1000,4024,0,-16224,225,1,0,58,0,0,1,9,5,550
685477931,1018,4024,0,-16224,248,1,0,58,0,0,1,9,5,550
685478906,975,4024,0,-16224,229,1,0,58,0,0,1,9,5,550
685479925,1019,4024,0,-16224,235,1,0,58,0,0,1,9,5,550
685481000,1075,4024,0,-16224,308,1,0,58,0,0,1,9,5,550
685482073,1073,4024,0,-16224,379,1,0,58,0,0,1,9,5,550
685482965,892,4024,0,-16224,273,1,0,58,0,0,1,9,5,550
685483948,983,4024,0,-16224,264,1,0,58,0,0,1,9,5,550
685484934,986,4024,0,-16224,244,1,0,58,0,0,1,9,5,550
685485936,1002,4024,0,-16224,258,1,0,58,0,0,1,9,5,550
685486931,995,4024,0,-16224,250,1,0,58,0,0,1,9,5,550
685487937,1006,4025,1,-16225,256,0,-8,58,0,0,1,9,5,550
685488938,1001,4024,-1,-16224,246,0,0,58,0,0,1,9,5,550
685489952,1014,4024,0,-16224,260,0,0,58,0,0,1,9,5,550
685490939,987,4024,0,-16224,253,0,0,58,0,0,1,9,5,550
685491984,1045,4024,0,-16224,296,0,0,58,0,0,1,9,5,550
685492912,928,4024,0,-16224,235,0,0,58,0,0,1,9,5,550
685493909,997,4024,0,-16224,229,0,0,58,0,0,1,9,5,550
685494915,1006,4024,0,-16224,234,0,0,58,0,0,1,9,5,550
685495920,1005,4025,1,-16225,229,0,-8,58,0,0,1,9,5,550
685496914,994,4024,-1,-16224,224,0,0,58,0,0,1,9,5,550
685497907,993,4024,0,-16224,224,0,0,58,0,0,1,9,5,550
685498913,1006,4024,0,-16224,231,0,0,58,0,0,1,9,5,550
685499914,1001,4024,0,-16224,228,0,0,58,0,0,1,9,5,550
685500985,1071,4024,0,-16224,306,0,0,58,0,0,1,9,5,550
685502063,1078,4024,0,-16224,381,0,0,58,0,0,1,9,5,550
685502953,890,4025,1,-16225,274,0,-8,58,0,0,1,9,5,550
685503942,989,4024,-1,-16224,263,0,0,58,0,0,1,9,5,550
685504926,984,4024,0,-16224,242,0,0,58,0,0,1,9,5,550
685505950,1024,4025,1,-16225,258,-1,-8,58,0,0,1,9,5,550
685506933,983,4025,0,-16225,246,-1,-8,58,0,0,1,9,5,550
685507948,1015,4024,-1,-16224,257,-1,0,58,0,0,1,9,5,550
685508926,978,4024,0,-16224,244,-1,0,58,0,0,1,9,5,550
685509945,1019,4024,0,-16224,258,-1,0,58,0,0,1,9,5,550
685510926,981,4024,0,-16224,247,-1,0,58,0,0,1,9,5,550
685511986,1060,4024,0,-16224,295,-1,0,58,0,0,1,9,5,550
685512918,932,4024,0,-16224,238,-1,0,58,0,0,1,9,5,550
685513941,1023,4024,0,-16224,258,-1,0,58,0,0,1,9,5,550
685514928,987,4024,0,-16224,236,-1,0,58,0,0,1,9,5,550
685515913,985,4024,0,-16224,227,-1,0,58,0,0,1,9,5,550
685516913,1000,4024,0,-16224,226,-1,0,58,0,0,1,9,5,550
685517931,1018,4024,0,-16224,248,-1,0,58,0,0,1,9,5,550
685518922,991,4024,0,-16224,231,0,8,58,0,0,1,9,5,550
685519908,986,4024,0,-16224,228,0,0,58,0,0,1,9,5,550
685520987,1079,4024,0,-16224,306,0,0,58,0,0,1,9,5,550
685522044,1057,4024,0,-16224,365,0,0,58,0,0,1,9,5,550
685522960,916,4024,0,-16224,274,0,0,58,0,0,1,9,5,550
685523937,977,4024,0,-16224,259,0,0,58,0,0,1,9,5,550
685524934,997,4024,0,-16224,243,0,0,58,0,0,1,9,5,550
685525937,1003,4025,1,-16225,255,0,0,58,0,0,1,9,5,550
685526932,995,4025,0,-16225,252,-1,-8,58,0,0,1,9,5,550
685527940,1008,4024,-1,-16224,253,-1,0,58,0,0,1,9,5,550
685528934,994,4024,0,-16224,247,0,0,58,0,0,1,9,5,550
685529939,1005,4024,0,-16224,261,0,0,58,0,0,1,9,5,550
685530951,1012,4024,0,-16224,262,0,0,58,0,0,1,9,5,550
685531973,1022,4024,0,-16224,295,0,0,58,0,0,1,9,5,550
685532916,943,4024,0,-16224,237,0,0,58,0,0,1,9,5,550
685533941,1025,4024,0,-16224,258,0,8,58,0,0,1,9,5,550
685534930,989,4025,1,-16225,238,0,-8,58,0,0,1,9,5,550
685535913,983,4024,-1,-16224,226,0,0,58,0,0,1,9,5,550
685536913,1000,4024,0,-16224,226,0,8,58,0,0,1,9,5,550
685537931,1018,4025,1,-16225,248,0,0,58,0,0,1,9,5,550
685538923,992,4024,-1,-16224,230,0,0,58,0,0,1,9,5,550
685539908,985,4024,0,-16224,228,0,0,58,0,0,1,9,5,550
685540998,1090,4024,0,-16224,308,0,0,58,0,0,1,9,5,550
685542067,1069,4024,0,-16224,369,0,0,58,0,0,1,9,5,550
685542955,888,4024,0,-16224,276,0,0,58,0,0,1,9,5,550
685543952,997,4024,0,-16224,270,0,0,58,0,0,1,9,5,550
685544932,980,4024,0,-16224,249,0,0,58,0,0,1,9,5,550
685545941,1009,4025,1,-16225,255,0,-8,58,0,0,1,9,5,550
685546927,986,4025,0,-16225,246,-1,-8,58,0,0,1,9,5,550
685547952,1025,4024,-1,-16224,264,-1,0,58,0,0,1,9,5,550
685548927,975,4024,0,-16224,247,-1,0,58,0,0,1,9,5,550
685549943,1016,4024,0,-16224,261,-1,0,58,0,0,1,9,5,550
685550935,992,4024,0,-16224,243,-1,0,58,0,0,1,9,5,550
685551992,1057,4024,0,-16224,300,-1,0,58,0,0,1,9,5,550
685552914,922,4024,0,-16224,234,-1,0,58,0,0,1,9,5,550
685553939,1025,4024,0,-16224,257,-1,0,58,0,0,1,9,5,550
685554922,983,4024,0,-16224,232,0,0,58,0,0,1,9,5,550
685555904,982,4024,0,-16224,225,0,0,58,0,0,1,9,5,550
685556913,1009,4024,0,-16224,224,0,8,58,0,0,1,9,5,550
685557931,1018,4024,0,-16224,248,0,8,58,0,0,1,9,5,550
685558906,975,4024,0,-16224,229,0,0,58,0,0,1,9,5,550
685559925,1019,4025,1,-16225,235,0,-8,58,0,0,1,9,5,550
685561008,1083,4025,0,-16225,316,0,-8,58,0,0,1,9,5,550
685562060,1052,4024,-1,-16224,371,0,0,58,0,0,1,9,5,550
685562955,895,4024,0,-16224,273,0,0,58,0,0,1,9,5,550
685563960,1005,4024,0,-16224,268,0,0,58,0,0,1,9,5,550
685564923,963,4024,0,-16224,244,0,0,58,0,0,1,9,5,550
685565942,1019,4024,0,-16224,255,0,0,58,0,0,1,9,5,550
685566932,990,4024,0,-16224,249,0,0,58,0,0,1,9,5,550
685567941,1009,4024,0,-16224,263,0,8,58,0,0,1,9,5,550
685568935,994,4024,0,-16224,246,0,0,58,0,0,1,9,5,550
685569945,1010,4024,0,-16224,266,0,0,58,0,0,1,9,5,550
685570939,994,4024,0,-16224,251,0,0,58,0,0,1,9,5,550
685571984,1045,4024,0,-16224,299,0,0,58,0,0,1,9,5,550
685572916,932,4024,0,-16224,228,0,0,58,0,0,1,9,5,550
685573923,1007,4024,0,-16224,236,0,0,58,0,0,1,9,5,550
685574914,991,4024,0,-16224,237,0,0,58,0,0,1,9,5,550
685575913,999,4024,0,-16224,225,0,0,58,0,0,1,9,5,550
685576913,1000,4024,0,-16224,225,0,8,58,0,0,1,9,5,550
685577931,1018,4024,0,-16224,248,1,8,58,0,0,1,9,5,550
685578906,975,4024,0,-16224,229,1,0,58,0,0,1,9,5,550
685579925,1019,4024,0,-16224,235,1,0,58,0,0,1,9,5,550
685580988,1063,4024,0,-16224,307,1,0,58,0,0,1,9,5,550
685582074,1086,4024,0,-16224,378,0,0,58,0,0,1,9,5,550
685582954,880,4025,1,-16225,268,0,-8,58,0,0,1,9,5,550
685583946,992,4025,0,-16225,265,0,-8,58,0,0,1,9,5,550
685584928,982,4025,0,-16225,244,0,-8,58,0,0,1,9,5,550
685585935,1007,4025,0,-16225,254,-1,-8,58,0,0,1,9,5,550
685586924,989,4024,-1,-16224,246,-1,0,58,0,0,1,9,5,550
685587942,1018,4024,0,-16224,260,-1,0,58,0,0,1,9,5,550
685588931,989,4025,1,-16225,241,-1,-8,58,0,0,1,9,5,550
685589947,1016,4024,-1,-16224,259,-1,8,58,0,0,1,9,5,550
685590927,980,4024,0,-16224,249,0,8,58,0,0,1,9,5,550
685591980,1053,4024,0,-16224,297,0,8,58,0,0,1,9,5,550
685592923,943,4025,1,-16225,235,0,-8,58,0,0,1,9,5,550
685593919,996,4025,0,-16225,231,-1,-8,58,0,0,1,9,5,550
685594924,1005,4024,-1,-16224,236,-1,0,58,0,0,1,9,5,550
685595907,983,4025,1,-16225,224,-1,-8,58,0,0,1,9,5,550
685596917,1010,4025,0,-16225,224,-1,-8,58,0,0,1,9,5,550
685597916,999,4024,-1,-16224,229,-1,0,58,0,0,1,9,5,550
685598908,992,4024,0,-16224,230,-1,0,58,0,0,1,9,5,550
685599915,1007,4025,1,-16225,232,-1,-8,58,0,0,1,9,5,550
685600992,1077,4024,-1,-16224,306,-1,0,58,0,0,1,9,5,550
685602039,1047,4024,0,-16224,356,-1,0,58,0,0,1,9,5,550
685602958,919,4024,0,-16224,273,-1,0,58,0,0,1,9,5,550
685603944,986,4024,0,-16224,263,-1,0,58,0,0,1,9,5,550
685604927,983,4024,0,-16224,246,-1,0,58,0,0,1,9,5,550
685605934,1007,4025,1,-16225,255,-1,-8,58,0,0,1,9,5,550
685606932,998,4025,0,-16225,252,-2,-8,58,0,0,1,9,5,550
685607943,1011,4025,0,-16225,255,-2,-8,58,0,0,1,9,5,550
685608924,981,4025,0,-16225,247,-2,-8,58,0,0,1,9,5,550
685609953,1029,4024,-1,-16224,263,-2,0,58,0,0,1,9,5,550
685610934,981,4024,0,-16224,251,-2,0,58,0,0,1,9,5,550
685611979,1045,4025,1,-16225,298,-2,-8,58,0,0,1,9,5,550
685612919,940,4025,0,-16225,229,-2,-8,58,0,0,1,9,5,550
685613919,1000,4025,0,-16225,233,-2,0,58,0,0,1,9,5,550
685614926,1007,4025,0,-16225,237,-2,0,58,0,0,1,9,5,550
685615912,986,4025,0,-16225,229,-2,0,58,0,0,1,9,5,550
685616913,1001,4025,0,-16225,226,-2,0,58,0,0,1,9,5,550
685617931,1018,4025,0,-16225,248,-2,-8,58,0,0,1,9,5,550
685618923,992,4025,0,-16225,230,-2,-8,58,0,0,1,9,5,550
685619908,985,4025,0,-16225,228,-2,0,58,0,0,1,9,5,550
685620997,1089,4025,0,-16225,307,-3,-8,58,0,0,1,9,5,550
685622053,1056,4025,0,-16225,372,-3,-8,58,0,0,1,9,5,550
685622955,902,4025,0,-16225,274,-3,0,58,0,0,1,9,5,550
685623942,987,4025,0,-16225,260,-3,0,58,0,0,1,9,5,550
685624926,984,4025,0,-16225,243,-3,-8,58,0,0,1,9,5,550
685625935,1009,4025,0,-16225,251,-3,0,58,0,0,1,9,5,550
685626926,991,4025,0,-16225,246,-3,0,58,0,0,1,9,5,550
685627936,1010,4025,0,-16225,259,-3,-8,58,0,0,1,9,5,550
685628933,997,4025,0,-16225,248,-3,-8,58,0,0,1,9,5,550
685629946,1013,4025,0,-16225,259,-3,0,58,0,0,1,9,5,550
685630936,990,4025,0,-16225,254,-3,0,58,0,0,1,9,5,550
685631977,1041,4025,0,-16225,290,-3,-8,58,0,0,1,9,5,550
685632927,950,4025,0,-16225,239,-3,-8,58,0,0,1,9,5,550
685633907,980,4025,0,-16225,230,-3,-8,58,0,0,1,9,5,550
685634915,1008,4024,-1,-16224,234,-3,0,58,0,0,1,9,5,550
685635915,1000,4025,1,-16225,226,-3,-8,58,0,0,1,9,5,550
685636910,995,4025,0,-16225,224,-3,0,58,0,0,1,9,5,550
685637904,994,4025,0,-16225,225,-3,0,58,0,0,1,9,5,550
685638913,1009,4025,0,-16225,233,-3,0,58,0,0,1,9,5,550
685639914,1001,4025,0,-16225,229,-3,0,58,0,0,1,9,5,550
685640994,1080,4025,0,-16225,311,-3,-8,58,0,0,1,9,5,550
685642061,1067,4025,0,-16225,374,-3,0,58,0,0,1,9,5,550
685642954,893,4025,0,-16225,273,-3,0,58,0,0,1,9,5,550
685643946,992,4025,0,-16225,261,-3,0,58,0,0,1,9,5,550
685644927,981,4025,0,-16225,242,-3,0,58,0,0,1,9,5,550
685645939,1012,4024,-1,-16224,257,-2,8,58,0,0,1,9,5,550
685646933,994,4025,1,-16225,251,-2,0,58,0,0,1,9,5,550
685647933,1000,4025,0,-16225,256,-2,0,58,0,0,1,9,5,550
685648936,1003,4025,0,-16225,249,-2,0,58,0,0,1,9,5,550
685649947,1011,4025,0,-16225,256,-2,0,58,0,0,1,9,5,550
685650942,995,4025,0,-16225,251,-2,0,58,0,0,1,9,5,550
685651984,1042,4025,0,-16225,297,-2,0,58,0,0,1,9,5,550
685652926,942,4025,0,-16225,233,-2,0,58,0,0,1,9,5,550
685653923,997,4025,0,-16225,231,-2,0,58,0,0,1,9,5,550
685654914,991,4025,0,-16225,237,-2,0,58,0,0,1,9,5,550
685655913,999,4025,0,-16225,225,-2,0,58,0,0,1,9,5,550
685656913,1000,4025,0,-16225,225,-1,0,58,0,0,1,9,5,550
685657931,1018,4025,0,-16225,248,-1,0,58,0,0,1,9,5,550
685658905,974,4024,-1,-16224,229,-1,8,58,0,0,1,9,5,550
685659925,1020,4025,1,-16225,235,-1,0,58,0,0,1,9,5,550
685660983,1058,4025,0,-16225,303,-1,0,58,0,0,1,9,5,550
685662062,1079,4025,0,-16225,381,-1,0,58,0,0,1,9,5,550
685662961,899,4025,0,-16225,269,-1,0,58,0,0,1,9,5,550
685663941,980,4025,0,-16225,264,-1,0,58,0,0,1,9,5,550
685664924,983,4025,0,-16225,242,-1,-8,58,0,0,1,9,5,550
685665940,1016,4025,0,-16225,254,-1,0,58,0,0,1,9,5,550
685666932,992,4025,0,-16225,246,-1,0,58,0,0,1,9,5,550
685667946,1014,4025,0,-16225,257,-1,0,58,0,0,1,9,5,550
685668925,979,4025,0,-16225,246,-1,0,58,0,0,1,9,5,550
685669945,1020,4025,0,-16225,257,-1,0,58,0,0,1,9,5,550
685670926,981,4025,0,-16225,248,-1,0,58,0,0,1,9,5,550
685671987,1061,4025,0,-16225,295,-1,0,58,0,0,1,9,5,550
685672918,931,4025,0,-16225,237,-1,0,58,0,0,1,9,5,550
685673941,1023,4025,0,-16225,259,-1,0,58,0,0,1,9,5,550
685674928,987,4025,0,-16225,237,-1,0,58,0,0,1,9,5,550
685675912,984,4025,0,-16225,227,-1,0,58,0,0,1,9,5,550
685676913,1001,4025,0,-16225,227,-1,-8,58,0,0,1,9,5,550
685677931,1018,4025,0,-16225,249,-1,0,58,0,0,1,9,5,550
685678921,990,4025,0,-16225,230,-1,0,58,0,0,1,9,5,550
685679907,986,4025,0,-16225,228,-1,0,58,0,0,1,9,5,550
685680995,1088,4025,0,-16225,317,-1,0,58,0,0,1,9,5,550
685682016,1021,4025,0,-16225,336,-1,0,58,0,0,1,9,5,550
685682943,927,4025,0,-16225,250,-1,0,58,0,0,1,9,5,550
685683962,1019,4025,0,-16225,271,-1,0,58,0,0,1,9,5,550
685684927,965,4025,0,-16225,243,-1,0,58,0,0,1,9,5,550
685685948,1021,4025,0,-16225,261,-1,0,58,0,0,1,9,5,550
685686925,977,4025,0,-16225,243,-1,0,58,0,0,1,9,5,550
685687935,1010,4025,0,-16225,258,-1,0,58,0,0,1,9,5,550
685688924,989,4025,0,-16225,247,-1,-8,58,0,0,1,9,5,550
685689946,1022,4025,0,-16225,258,-1,0,58,0,0,1,9,5,550
685690944,998,4025,0,-16225,267,-1,0,58,0,0,1,9,5,550
685691980,1036,4025,0,-16225,300,-1,0,58,0,0,1,9,5,550
685692908,928,4025,0,-16225,223,-1,0,58,0,0,1,9,5,550
685693922,1014,4025,0,-16225,232,-1,0,58,0,0,1,9,5,550
685694908,986,4025,0,-16225,231,-1,0,58,0,0,1,9,5,550
685695902,994,4025,0,-16225,225,-1,0,58,0,0,1,9,5,550
685696918,1016,4025,0,-16225,226,-1,0,58,0,0,1,9,5,550
685697916,998,4025,0,-16225,229,-1,0,58,0,0,1,9,5,550
685698909,993,4025,0,-16225,231,-1,0,58,0,0,1,9,5,550
685699915,1006,4025,0,-16225,233,-1,0,58,0,0,1,9,5,550
685700995,1080,4025,0,-16225,314,-1,0,58,0,0,1,9,5,550
685702022,1027,4025,0,-16225,342,-1,0,58,0,0,1,9,5,550
685702933,911,4025,0,-16225,242,-1,0,58,0,0,1,9,5,550
685703956,1023,4025,0,-16225,274,-1,0,58,0,0,1,9,5,550
685704934,978,4025,0,-16225,245,0,0,58,0,0,1,9,5,550
685705946,1012,4025,0,-16225,267,0,0,58,0,0,1,9,5,550
685706923,977,4025,0,-16225,245,0,0,58,0,0,1,9,5,550
685707948,1025,4025,0,-16225,261,0,0,58,0,0,1,9,5,550
685708933,985,4025,0,-16225,248,0,0,58,0,0,1,9,5,550
685709941,1008,4025,0,-16225,260,0,0,58,0,0,1,9,5,550
685710954,1013,4025,0,-16225,267,0,0,58,0,0,1,9,5,550
685711993,1039,4025,0,-16225,303,0,0,58,0,0,1,9,5,550
685712913,920,4025,0,-16225,222,0,0,58,0,0,1,9,5,550
685713910,997,4025,0,-16225,231,0,0,58,0,0,1,9,5,550
685714913,1003,4025,0,-16225,233,0,0,58,0,0,1,9,5,550
685715915,1002,4025,0,-16225,227,0,0,58,0,0,1,9,5,550
685716905,990,4025,0,-16225,223,0,0,58,0,0,1,9,5,550
685717924,1019,4025,0,-16225,232,0,0,58,0,0,1,9,5,550
685718912,988,4025,0,-16225,233,0,0,58,0,0,1,9,5,550
685719914,1002,4025,0,-16225,229,0,0,58,0,0,1,9,5,550
685721008,1094,4025,0,-16225,322,0,0,58,0,0,1,9,5,550
685722021,1013,4025,0,-16225,340,0,0,58,0,0,1,9,5,550
685722934,913,4025,0,-16225,248,0,0,58,0,0,1,9,5,550
685723960,1026,4025,0,-16225,269,0,0,58,0,0,1,9,5,550
685724934,974,4025,0,-16225,242,0,0,58,0,0,1,9,5,550
685725950,1016,4025,0,-16225,264,0,0,58,0,0,1,9,5,550
685726928,978,4025,0,-16225,245,0,0,58,0,0,1,9,5,550
685727944,1016,4025,0,-16225,258,0,0,58,0,0,1,9,5,550
685728936,992,4025,0,-16225,246,0,0,58,0,0,1,9,5,550
685729946,1010,4025,0,-16225,262,0,0,58,0,0,1,9,5,550
685730949,1003,4025,0,-16225,269,0,0,58,0,0,1,9,5,550
685731986,1037,4025,0,-16225,299,0,0,58,0,0,1,9,5,550
685732912,926,4025,0,-16225,223,0,0,58,0,0,1,9,5,550
685733912,1000,4025,0,-16225,233,0,0,58,0,0,1,9,5,550
685734918,1006,4025,0,-16225,234,0,0,58,0,0,1,9,5,550
685735903,985,4025,0,-16225,226,0,0,58,0,0,1,9,5,550
685736910,1007,4025,0,-16225,223,0,0,58,0,0,1,9,5,550
685737906,996,4025,0,-16225,227,0,0,58,0,0,1,9,5,550
685738913,1007,4025,0,-16225,232,0,0,58,0,0,1,9,5,550
685739914,1001,4025,0,-16225,230,0,0,58,0,0,1,9,5,550
685741011,1097,4025,0,-16225,320,0,0,58,0,0,1,9,5,550
685742034,1023,4025,0,-16225,340,0,0,58,0,0,1,9,5,550
685742929,895,4025,0,-16225,245,0,0,58,0,0,1,9,5,550
685743954,1025,4025,0,-16225,273,0,0,58,0,0,1,9,5,550
685744934,980,4025,0,-16225,245,0,0,58,0,0,1,9,5,550
685745952,1018,4025,0,-16225,260,0,0,58,0,0,1,9,5,550
685746921,969,4025,0,-16225,243,0,0,58,0,0,1,9,5,550
685747953,1032,4025,0,-16225,262,0,0,58,0,0,1,9,5,550
685748924,971,4025,0,-16225,247,0,0,58,0,0,1,9,5,550
685749946,1022,4025,0,-16225,256,0,0,58,0,0,1,9,5,550
685750955,1009,4025,0,-16225,264,0,0,58,0,0,1,9,5,550
685751981,1026,4025,0,-16225,304,0,0,58,0,0,1,9,5,550
685752906,925,4025,0,-16225,222,0,0,58,0,0,1,9,5,550
685753918,1012,4025,0,-16225,231,0,0,58,0,0,1,9,5,550
685754914,996,4025,0,-16225,227,0,0,58,0,0,1,9,5,550
685755917,1003,4025,0,-16225,233,0,0,58,0,0,1,9,5,550
685756902,985,4025,0,-16225,225,0,0,58,0,0,1,9,5,550
685757930,1028,4025,0,-16225,248,0,0,58,0,0,1,9,5,550
685758920,990,4025,0,-16225,228,0,0,58,0,0,1,9,5,550
685759921,1001,4025,0,-16225,232,0,0,58,0,0,1,9,5,550
685761005,1084,4025,0,-16225,321,0,0,58,0,0,1,9,5,550
685762032,1027,4025,0,-16225,340,0,0,58,0,0,1,9,5,550
685762926,894,4025,0,-16225,246,0,0,58,0,0,1,9,5,550
685763955,1029,4025,0,-16225,270,0,0,58,0,0,1,9,5,550
685764935,980,4025,0,-16225,243,0,0,58,0,0,1,9,5,550
685765948,1013,4025,0,-16225,265,0,0,58,0,0,1,9,5,550
685766936,988,4025,0,-16225,249,0,0,58,0,0,1,9,5,550
685767947,1011,4025,0,-16225,258,0,0,58,0,0,1,9,5,550
685768936,989,4025,0,-16225,245,0,0,58,0,0,1,9,5,550
685769947,1011,4025,0,-16225,262,0,0,58,0,0,1,9,5,550
685770949,1002,4025,0,-16225,271,0,0,58,0,0,1,9,5,550
685771980,1031,4025,0,-16225,298,0,0,58,0,0,1,9,5,550
685772914,934,4025,0,-16225,227,0,0,58,0,0,1,9,5,550
685773909,995,4025,0,-16225,230,0,0,58,0,0,1,9,5,550
685774914,1005,4025,0,-16225,233,0,0,58,0,0,1,9,5,550
685775912,998,4025,0,-16225,227,0,0,58,0,0,1,9,5,550
685776909,997,4025,0,-16225,225,0,0,58,0,0,1,9,5,550
685777904,995,4025,0,-16225,227,0,0,58,0,0,1,9,5,550
685778906,1002,4025,0,-16225,227,0,0,58,0,0,1,9,5,550
685779921,1015,4025,0,-16225,230,0,0,58,0,0,1,9,5,550
685781008,1087,4025,0,-16225,320,0,0,58,0,0,1,9,5,550
685782026,1018,4025,0,-16225,338,0,0,58,0,0,1,9,5,550
685782940,914,4025,0,-16225,249,0,0,58,0,0,1,9,5,550
685783962,1022,4025,0,-16225,271,0,0,58,0,0,1,9,5,550
685784925,963,4025,0,-16225,243,0,0,58,0,0,1,9,5,550
685785951,1026,4025,0,-16225,262,0,0,58,0,0,1,9,5,550
685786925,974,4025,0,-16225,241,0,0,58,0,0,1,9,5,550
685787938,1013,4025,0,-16225,261,0,0,58,0,0,1,9,5,550
685788921,983,4025,0,-16225,244,0,0,58,0,0,1,9,5,550
685789947,1026,4025,0,-16225,259,0,0,58,0,0,1,9,5,550
685790954,1007,4025,0,-16225,270,0,0,58,0,0,1,9,5,550
685791981,1027,4025,0,-16225,300,0,0,58,0,0,1,9,5,550
685792904,923,4025,0,-16225,224,0,0,58,0,0,1,9,5,550
685793922,1018,4025,0,-16225,235,0,0,58,0,0,1,9,5,550
685794921,999,4025,0,-16225,230,0,0,58,0,0,1,9,5,550
685795904,983,4025,0,-16225,226,0,0,58,0,0,1,9,5,550
685796913,1009,4025,0,-16225,224,0,0,58,0,0,1,9,5,550
685797931,1018,4025,0,-16225,249,0,0,58,0,0,1,9,5,550
685798923,992,4025,0,-16225,230,0,0,58,0,0,1,9,5,550
685799907,984,4025,0,-16225,228,0,0,58,0,0,1,9,5,550
685801003,1096,4025,0,-16225,321,0,0,58,0,0,1,9,5,550
685802020,1017,4025,0,-16225,339,0,0,58,0,0,1,9,5,550
685802937,917,4025,0,-16225,247,0,0,58,0,0,1,9,5,550
685803961,1024,4025,0,-16225,273,0,0,58,0,0,1,9,5,550
685804922,961,4025,0,-16225,240,0,0,58,0,0,1,9,5,550
685805954,1032,4025,0,-16225,268,0,0,58,0,0,1,9,5,550
685806923,969,4025,0,-16225,240,0,0,58,0,0,1,9,5,550
685807942,1019,4025,0,-16225,258,0,0,58,0,0,1,9,5,550
685808935,993,4025,0,-16225,248,0,0,58,0,0,1,9,5,550
685809941,1006,4025,0,-16225,260,0,0,58,0,0,1,9,5,550
685810955,1014,4025,0,-16225,274,0,0,58,0,0,1,9,5,550
685811990,1035,4025,0,-16225,302,0,0,58,0,0,1,9,5,550
685812904,914,4025,0,-16225,225,0,0,58,0,0,1,9,5,550
685813918,1014,4025,0,-16225,231,0,0,58,0,0,1,9,5,550
685814919,1001,4025,0,-16225,233,0,0,58,0,0,1,9,5,550
685815918,999,4025,0,-16225,227,0,0,58,0,0,1,9,5,550
685816917,999,4025,0,-16225,225,0,0,58,0,0,1,9,5,550
685817917,1000,4025,0,-16225,231,0,0,58,0,0,1,9,5,550
685818913,996,4025,0,-16225,232,0,0,58,0,0,1,9,5,550
685819906,993,4025,0,-16225,226,0,0,58,0,0,1,9,5,550
685821003,1097,4025,0,-16225,318,0,0,58,0,0,1,9,5,550
685822025,1022,4025,0,-16225,341,0,0,58,0,0,1,9,5,550
685822932,907,4025,0,-16225,246,0,0,58,0,0,1,9,5,550
685823961,1029,4025,0,-16225,274,0,0,58,0,0,1,9,5,550
685824924,963,4025,0,-16225,243,0,0,58,0,0,1,9,5,550
685825947,1023,4025,0,-16225,262,0,0,58,0,0,1,9,5,550
685826927,980,4025,0,-16225,242,0,0,58,0,0,1,9,5,550
685827939,1012,4025,0,-16225,253,0,0,58,0,0,1,9,5,550
685828936,997,4025,0,-16225,249,0,0,58,0,0,1,9,5,550
685829944,1008,4025,0,-16225,257,0,0,58,0,0,1,9,5,550
685830946,1002,4025,0,-16225,256,0,0,58,0,0,1,9,5,550
685831993,1047,4025,0,-16225,301,0,0,58,0,0,1,9,5,550
685832904,911,4025,0,-16225,227,0,0,58,0,0,1,9,5,550
685833918,1014,4025,0,-16225,234,0,0,58,0,0,1,9,5,550
685834918,1000,4025,0,-16225,230,0,0,58,0,0,1,9,5,550
685835918,1000,4025,0,-16225,227,0,0,58,0,0,1,9,5,550
685836917,999,4025,0,-16225,224,0,0,58,0,0,1,9,5,550
685837917,1000,4025,0,-16225,230,0,0,58,0,0,1,9,5,550
685838913,996,4025,0,-16225,233,0,0,58,0,0,1,9,5,550
685839907,994,4025,0,-16225,227,0,0,58,0,0,1,9,5,550
685841008,1101,4025,0,-16225,316,0,0,58,0,0,1,9,5,550
685842026,1018,4025,0,-16225,337,0,0,58,0,0,1,9,5,550
685842923,897,4025,0,-16225,244,0,0,58,0,0,1,9,5,550
685843957,1034,4025,0,-16225,270,0,0,58,0,0,1,9,5,550
685844933,976,4025,0,-16225,243,0,0,58,0,0,1,9,5,550
685845946,1013,4025,0,-16225,261,0,0,58,0,0,1,9,5,550
685846925,979,4025,0,-16225,247,0,0,58,0,0,1,9,5,550
685847935,1010,4025,0,-16225,255,0,0,58,0,0,1,9,5,550
685848934,999,4025,0,-16225,256,0,0,58,0,0,1,9,5,550
685849944,1010,4025,0,-16225,258,0,0,58,0,0,1,9,5,550
685850941,997,4025,0,-16225,254,0,0,58,0,0,1,9,5,550
685851985,1044,4025,0,-16225,302,0,0,58,0,0,1,9,5,550
685852904,919,4025,0,-16225,226,0,0,58,0,0,1,9,5,550
685853918,1014,4025,0,-16225,232,0,0,58,0,0,1,9,5,550
685854917,999,4025,0,-16225,232,0,0,58,0,0,1,9,5,550
685855918,1001,4025,0,-16225,227,0,0,58,0,0,1,9,5,550
685856917,999,4025,0,-16225,224,0,0,58,0,0,1,9,5,550
685857917,1000,4025,0,-16225,231,0,0,58,0,0,1,9,5,550
685858913,996,4025,0,-16225,234,0,0,58,0,0,1,9,5,550
685859907,994,4025,0,-16225,226,0,0,58,0,0,1,9,5,550
685861006,1099,4025,0,-16225,317,0,0,58,0,0,1,9,5,550
685862036,1030,4025,0,-16225,341,0,0,58,0,0,1,9,5,550
685862930,894,4025,0,-16225,246,0,0,58,0,0,1,9,5,550
685863961,1031,4025,0,-16225,274,0,0,58,0,0,1,9,5,550
685864922,961,4025,0,-16225,243,0,0,58,0,0,1,9,5,550
685865946,1024,4024,-1,-16224,261,0,8,58,0,0,1,9,5,550
685866936,990,4025,1,-16225,244,0,0,58,0,0,1,9,5,550
685867946,1010,4025,0,-16225,260,0,0,58,0,0,1,9,5,550
685868933,987,4025,0,-16225,248,0,0,58,0,0,1,9,5,550
685869947,1014,4025,0,-16225,261,0,0,58,0,0,1,9,5,550
685870942,995,4025,0,-16225,261,0,0,58,0,0,1,9,5,550
685871984,1042,4025,0,-16225,297,0,0,58,0,0,1,9,5,550
685872914,930,4024,-1,-16224,227,1,8,58,0,0,1,9,5,550
685873906,992,4024,0,-16224,229,1,8,58,0,0,1,9,5,550
685874916,1010,4025,1,-16225,234,1,0,58,0,0,1,9,5,550
685875915,999,4024,-1,-16224,225,1,8,58,0,0,1,9,5,550
685876909,994,4024,0,-16224,224,1,8,58,0,0,1,9,5,550
685877904,995,4024,0,-16224,227,2,8,58,0,0,1,9,5,550
685878913,1009,4025,1,-16225,233,2,0,58,0,0,1,9,5,550
685879914,1001,4025,0,-16225,230,1,0,58,0,0,1,9,5,550
685881012,1098,4024,-1,-16224,323,2,8,58,0,0,1,9,5,550
685882030,1018,4024,0,-16224,340,2,8,58,0,0,1,9,5,550
685882930,900,4024,0,-16224,248,2,8,58,0,0,1,9,5,550
685883952,1022,4024,0,-16224,271,2,8,58,0,0,1,9,5,550
685884936,984,4024,0,-16224,246,3,8,58,0,0,1,9,5,550
685885948,1012,4024,0,-16224,265,3,8,58,0,0,1,9,5,550
685886936,988,4024,0,-16224,250,3,8,58,0,0,1,9,5,550
685887945,1009,4024,0,-16224,258,3,8,58,0,0,1,9,5,550
685888934,989,4025,1,-16225,246,3,0,58,0,0,1,9,5,550
685889947,1013,4024,-1,-16224,263,3,8,58,0,0,1,9,5,550
685890933,986,4024,0,-16224,254,4,8,58,0,0,1,9,5,550
685891995,1062,4025,1,-16225,302,3,0,58,0,0,1,9,5,550
685892912,917,4025,0,-16225,223,3,0,58,0,0,1,9,5,550
685893910,998,4025,0,-16225,229,3,0,58,0,0,1,9,5,550
685894915,1005,4024,-1,-16224,236,3,8,58,0,0,1,9,5,550
685895915,1000,4024,0,-16224,226,4,8,58,0,0,1,9,5,550
685896909,994,4024,0,-16224,224,3,0,58,0,0,1,9,5,550
685897904,995,4024,0,-16224,227,4,8,58,0,0,1,9,5,550
685898909,1005,4024,0,-16224,231,4,8,58,0,0,1,9,5,550
685899907,998,4024,0,-16224,226,4,8,58,0,0,1,9,5,550
685901014,1107,4025,1,-16225,327,4,0,58,0,0,1,9,5,550
685902021,1007,4024,-1,-16224,338,4,8,58,0,0,1,9,5,550
685902925,904,4024,0,-16224,245,4,0,58,0,0,1,9,5,550
685903962,1037,4024,0,-16224,273,4,0,58,0,0,1,9,5,550
685904921,959,4024,0,-16224,244,4,8,58,0,0,1,9,5,550
685905954,1033,4024,0,-16224,264,4,0,58,0,0,1,9,5,550
685906924,970,4024,0,-16224,239,3,0,58,0,0,1,9,5,550
685907949,1025,4024,0,-16224,262,3,0,58,0,0,1,9,5,550
685908937,988,4024,0,-16224,246,4,8,58,0,0,1,9,5,550
685909945,1008,4024,0,-16224,262,4,8,58,0,0,1,9,5,550
685910945,1000,4024,0,-16224,268,4,8,58,0,0,1,9,5,550
685911983,1038,4024,0,-16224,302,4,0,58,0,0,1,9,5,550
685912908,925,4024,0,-16224,226,4,0,58,0,0,1,9,5,550
685913918,1010,4024,0,-16224,230,3,0,58,0,0,1,9,5,550
685914917,999,4024,0,-16224,230,3,0,58,0,0,1,9,5,550
685915917,1000,4024,0,-16224,227,3,0,58,0,0,1,9,5,550
685916917,1000,4024,0,-16224,226,3,0,58,0,0,1,9,5,550
685917917,1000,4024,0,-16224,231,3,0,58,0,0,1,9,5,550
685918913,996,4024,0,-16224,233,3,0,58,0,0,1,9,5,550
685919907,994,4024,0,-16224,227,3,8,58,0,0,1,9,5,550
685921016,1109,4024,0,-16224,322,3,0,58,0,0,1,9,5,550
685922032,1016,4024,0,-16224,336,3,8,58,0,0,1,9,5,550
685922935,903,4024,0,-16224,251,3,8,58,0,0,1,9,5,550
685923960,1025,4024,0,-16224,275,3,8,58,0,0,1,9,5,550
685924921,961,4024,0,-16224,240,3,0,58,0,0,1,9,5,550
685925954,1033,4024,0,-16224,267,3,0,58,0,0,1,9,5,550
685926935,981,4024,0,-16224,242,3,0,58,0,0,1,9,5,550
685927938,1003,4025,1,-16225,256,3,-8,58,0,0,1,9,5,550
685928935,997,4025,0,-16225,248,2,-8,58,0,0,1,9,5,550
685929945,1010,4025,0,-16225,257,2,-8,58,0,0,1,9,5,550
685930936,991,4025,0,-16225,253,1,-8,58,0,0,1,9,5,550
685931985,1049,4025,0,-16225,304,1,0,58,0,0,1,9,5,550
685932905,920,4025,0,-16225,225,1,-8,58,0,0,1,9,5,550
685933919,1014,4024,-1,-16224,231,1,0,58,0,0,1,9,5,550
685934918,999,4024,0,-16224,230,1,0,58,0,0,1,9,5,550
685935918,1000,4024,0,-16224,225,1,0,58,0,0,1,9,5,550
685936917,999,4025,1,-16225,225,1,-8,58,0,0,1,9,5,550
685937917,1000,4025,0,-16225,231,0,-8,58,0,0,1,9,5,550
685938913,996,4024,-1,-16224,234,0,0,58,0,0,1,9,5,550
685939908,995,4024,0,-16224,226,0,0,58,0,0,1,9,5,550
685941006,1098,4024,0,-16224,326,0,0,58,0,0,1,9,5,550
685942037,1031,4025,1,-16225,340,0,-8,58,0,0,1,9,5,550
685942927,890,4025,0,-16225,245,0,-8,58,0,0,1,9,5,550
685943958,1031,4025,0,-16225,273,-1,-8,58,0,0,1,9,5,550
685944935,977,4024,-1,-16224,243,-1,0,58,0,0,1,9,5,550
685945946,1011,4024,0,-16224,261,-1,0,58,0,0,1,9,5,550
685946923,977,4024,0,-16224,243,-1,0,58,0,0,1,9,5,550
685947948,1025,4024,0,-16224,257,-1,0,58,0,0,1,9,5,550
685948922,974,4024,0,-16224,243,-1,0,58,0,0,1,9,5,550
685949948,1026,4024,0,-16224,261,-1,0,58,0,0,1,9,5,550
685950927,979,4024,0,-16224,250,-1,0,58,0,0,1,9,5,550
685951992,1065,4025,1,-16225,301,-1,-8,58,0,0,1,9,5,550
685952911,919,4025,0,-16225,230,-1,-8,58,0,0,1,9,5,550
685953918,1007,4025,0,-16225,234,-1,-8,58,0,0,1,9,5,550
685954909,991,4024,-1,-16224,230,-1,0,58,0,0,1,9,5,550
685955916,1007,4024,0,-16224,227,-1,0,58,0,0,1,9,5,550
685956911,995,4024,0,-16224,227,-1,0,58,0,0,1,9,5,550
685957916,1005,4024,0,-16224,230,-1,0,58,0,0,1,9,5,550
685958913,997,4024,0,-16224,233,-1,8,58,0,0,1,9,5,550
685959913,1000,4024,0,-16224,225,0,8,58,0,0,1,9,5,550
685961022,1109,4024,0,-16224,331,0,8,58,0,0,1,9,5,550
685962028,1006,4024,0,-16224,343,0,8,58,0,0,1,9,5,550
685962927,899,4024,0,-16224,247,1,8,58,0,0,1,9,5,550
685963963,1036,4024,0,-16224,278,0,0,58,0,0,1,9,5,550
685964924,961,4024,0,-16224,238,0,0,58,0,0,1,9,5,550
685965951,1027,4024,0,-16224,265,0,0,58,0,0,1,9,5,550
685966933,982,4024,0,-16224,245,1,8,58,0,0,1,9,5,550
