us,dt_us,raw,delta,counts,i2c_us,omega,window,cmd,fas,remaining,flags,state,stage,current_ma
761804535,976,2297,-1,-2209,264,278,260,263,268,606,1,7,3,1650
761805553,1018,2296,-1,-2208,274,277,260,263,268,605,1,7,3,1650
761806572,1019,2294,-2,-2206,297,277,268,263,268,603,1,7,3,1650
761807550,978,2293,-1,-2205,271,277,268,263,268,602,1,7,3,1650
761808551,1001,2292,-1,-2204,266,276,267,263,268,601,1,7,3,1650
761809538,987,2291,-1,-2203,265,276,276,263,268,600,1,7,3,1650
761810569,1031,2289,-2,-2201,296,276,283,263,268,599,1,7,3,1650
761811661,1092,2288,-1,-2200,379,277,283,263,268,598,1,7,3,1650
761812532,871,2287,-1,-2199,249,277,285,263,268,597,1,7,3,1650
761813499,967,2286,-1,-2198,223,277,285,263,268,596,1,7,3,1650
761814566,1067,2285,-1,-2197,280,277,277,263,268,595,1,7,3,1650
761815508,942,2285,0,-2197,228,277,268,263,268,595,1,7,3,1650
761816505,997,2284,-1,-2196,222,277,268,263,267,594,1,7,3,1650
761817500,995,2283,-1,-2195,223,276,268,263,265,593,1,7,3,1650
761818546,1046,2282,-1,-2194,267,276,268,263,265,592,1,7,3,1650
761819509,963,2281,-1,-2193,228,275,260,263,263,592,1,7,3,1650
761820587,1078,2280,-1,-2192,316,274,252,258,263,591,1,7,3,1650
761821728,1141,2279,-1,-2191,443,273,252,258,263,590,1,7,3,1650
761822621,893,2278,-1,-2190,345,273,251,258,263,589,1,7,3,1650
761823570,949,2277,-1,-2189,284,272,252,258,263,588,1,7,3,1650
761824554,984,2276,-1,-2188,271,271,252,258,263,587,1,7,3,1650
761825551,997,2275,-1,-2187,275,270,252,258,263,586,1,7,3,1650
761826578,1027,2273,-2,-2185,305,270,260,258,263,584,1,7,3,1650
761827553,975,2272,-1,-2184,273,270,268,258,263,584,1,7,3,1650
761828539,986,2270,-2,-2182,263,270,275,258,263,582,1,7,3,1650
761829550,1011,2269,-1,-2181,274,270,276,258,263,581,1,7,3,1650
761830571,1021,2268,-1,-2180,300,270,275,258,263,580,1,7,3,1650
761831665,1094,2267,-1,-2179,384,271,275,258,263,579,1,7,3,1650
761832520,855,2266,-1,-2178,248,271,270,258,263,578,1,7,3,1650
761833494,974,2265,-1,-2177,222,271,277,258,263,577,1,7,3,1650
761834558,1064,2264,-1,-2176,278,271,268,258,263,577,1,7,3,1650
761835508,950,2263,-1,-2175,228,271,268,258,263,576,1,7,3,1650
761836503,995,2262,-1,-2174,223,271,268,258,263,575,1,7,3,1650
761837497,994,2261,-1,-2173,222,270,261,258,263,574,1,7,3,1650
761838535,1038,2260,-1,-2172,263,270,260,258,263,573,1,7,3,1650
761839506,971,2259,-1,-2171,227,269,260,258,263,572,1,7,3,1650
761840576,1070,2258,-1,-2170,302,269,252,258,261,571,1,7,3,1650
761841739,1163,2257,-1,-2169,457,268,252,258,259,570,1,7,3,1650
761842621,882,2256,-1,-2168,343,267,252,258,257,570,1,7,3,1650
761843556,935,2255,-1,-2167,274,267,252,258,258,569,1,7,3,1650
761844550,994,2253,-2,-2165,268,266,259,258,258,567,1,7,3,1650
761845564,1014,2252,-1,-2164,290,267,268,253,258,566,1,7,3,1650
761846594,1030,2251,-1,-2163,311,267,268,253,258,565,1,7,3,1650
761847536,942,2249,-2,-2161,263,267,276,253,258,563,1,7,3,1650
761848538,1002,2248,-1,-2160,263,267,275,253,258,563,1,7,3,1650
761849537,999,2247,-1,-2159,259,268,276,253,258,562,1,7,3,1650
761850593,1056,2246,-1,-2158,308,268,277,253,258,561,1,7,3,1650
761851659,1066,2245,-1,-2157,377,268,275,253,258,560,1,7,3,1650
761852518,859,2244,-1,-2156,241,269,278,253,258,559,1,7,3,1650
761853506,988,2244,0,-2156,223,269,269,253,258,559,1,7,3,1650
761854558,1052,2243,-1,-2155,281,269,269,253,258,558,1,7,3,1650
761855494,936,2242,-1,-2154,223,269,268,253,258,557,1,7,3,1650
761856501,1007,2241,-1,-2153,224,269,268,253,258,556,1,7,3,1650
761857502,1001,2240,-1,-2152,223,268,261,253,258,555,1,7,3,1650
761858544,1042,2239,-1,-2151,270,268,252,253,258,555,1,7,3,1650
761859507,963,2238,-1,-2150,228,267,252,253,258,554,1,7,3,1650
761860593,1086,2237,-1,-2149,316,266,252,253,258,553,1,7,3,1650
761861727,1134,2236,-1,-2148,441,266,252,253,258,552,1,7,3,1650
761862636,909,2234,-2,-2146,351,266,259,253,258,550,1,7,3,1650
761863550,914,2233,-1,-2145,278,265,260,253,257,549,1,7,3,1650
761864535,985,2232,-1,-2144,260,265,260,253,255,548,1,7,3,1650
761865545,1010,2231,-1,-2143,274,265,260,253,253,548,1,7,3,1650
761866570,1025,2230,-1,-2142,295,265,260,253,253,547,1,7,3,1650
761867557,987,2228,-2,-2140,272,265,268,253,253,545,1,7,3,1650
761868550,993,2227,-1,-2139,267,265,268,253,253,544,1,7,3,1650
761869536,986,2226,-1,-2138,260,265,268,253,253,543,1,7,3,1650
761870590,1054,2225,-1,-2137,315,265,268,248,253,542,1,7,3,1650
761871675,1085,2225,0,-2137,383,265,259,248,253,542,1,7,3,1650
761872506,831,2224,-1,-2136,235,265,262,248,253,541,1,7,3,1650
761873504,998,2223,-1,-2135,223,265,261,248,253,541,1,7,3,1650
761874567,1063,2222,-1,-2134,289,264,252,248,253,540,1,7,3,1650
761875494,927,2221,-1,-2133,224,264,252,248,253,539,1,7,3,1650
761876500,1006,2220,-1,-2132,227,263,253,248,253,538,1,7,3,1650
761877494,994,2219,-1,-2131,223,263,253,248,253,537,1,7,3,1650
761878553,1059,2218,-1,-2130,276,262,244,248,253,536,1,7,3,1650
761879497,944,2217,-1,-2129,224,261,244,248,253,535,1,7,3,1650
761880601,1104,2216,-1,-2128,331,261,244,248,253,534,1,7,3,1650
761881713,1112,2215,-1,-2127,433,260,244,248,253,533,1,7,3,1650
761882621,908,2214,-1,-2126,349,259,243,248,253,533,1,7,3,1650
761883554,933,2213,-1,-2125,279,259,252,248,253,532,1,7,3,1650
761884542,988,2211,-2,-2123,266,259,260,248,253,530,1,7,3,1650
761885561,1019,2210,-1,-2122,276,259,260,248,253,529,1,7,3,1650
761886573,1012,2209,-1,-2121,295,259,260,248,253,528,1,7,3,1650
761887547,974,2208,-1,-2120,270,259,260,248,253,527,1,7,3,1650
761888547,1000,2207,-1,-2119,265,259,260,248,253,526,1,7,3,1650
761889537,990,2206,-1,-2118,264,259,260,248,253,526,1,7,3,1650
761890568,1031,2205,-1,-2117,296,259,259,248,253,525,1,7,3,1650
761891677,1109,2204,-1,-2116,386,259,259,248,251,524,1,7,3,1650
761892517,840,2204,0,-2116,239,259,254,248,251,524,1,7,3,1650
761893504,987,2203,-1,-2115,223,259,245,248,249,523,1,7,3,1650
761894563,1059,2202,-1,-2114,283,258,244,248,247,522,1,7,3,1650
761895543,980,2201,-1,-2113,264,257,244,243,248,521,1,7,3,1650
761896513,970,2200,-1,-2112,231,257,244,243,248,520,1,7,3,1650
761897494,981,2199,-1,-2111,223,256,245,243,248,519,1,7,3,1650
761898559,1065,2198,-1,-2110,275,256,236,243,248,519,1,7,3,1650
761899501,942,2197,-1,-2109,230,255,237,243,248,518,1,7,3,1650
761900614,1113,2196,-1,-2108,330,254,236,243,248,517,1,7,3,1650
761901732,1118,2195,-1,-2107,445,254,244,243,248,516,1,7,3,1650
761902625,893,2194,-1,-2106,348,253,243,243,248,515,1,7,3,1650
761903562,937,2193,-1,-2105,287,253,244,243,248,514,1,7,3,1650
761904547,985,2191,-2,-2103,267,253,252,243,248,512,1,7,3,1650
761905539,992,2190,-1,-2102,268,253,252,243,248,512,1,7,3,1650
761906575,1036,2189,-1,-2101,295,253,252,243,248,511,1,7,3,1650
761907554,979,2188,-1,-2100,279,253,252,243,248,510,1,7,3,1650
761908545,991,2187,-1,-2099,268,253,252,243,248,509,1,7,3,1650
761909555,1010,2186,-1,-2098,275,253,252,243,248,508,1,7,3,1650
761910579,1024,2185,-1,-2097,294,253,251,243,248,507,1,7,3,1650
761911583,1004,2184,-1,-2096,301,253,252,243,248,506,1,7,3,1650
761912574,991,2184,0,-2096,297,252,245,243,248,506,1,7,3,1650
761913510,936,2183,-1,-2095,226,252,245,243,248,505,1,7,3,1650
761914551,1041,2182,-1,-2094,273,251,236,243,248,504,1,7,3,1650
761915521,970,2181,-1,-2093,238,251,236,243,247,504,1,7,3,1650
761916505,984,2180,-1,-2092,225,250,237,243,247,503,1,7,3,1650
761917502,997,2179,-1,-2091,223,250,237,243,245,502,1,7,3,1650
761918525,1023,2178,-1,-2090,252,249,236,243,243,501,1,7,3,1650
761919522,997,2177,-1,-2089,238,249,236,243,242,500,1,7,3,1650
761920600,1078,2176,-1,-2088,329,248,236,238,242,499,1,7,3,1650
761921737,1137,2175,-1,-2087,442,248,236,238,242,498,1,7,3,1650
761922624,887,2173,-2,-2085,337,248,251,238,242,497,1,7,3,1650
761923563,939,2172,-1,-2084,278,248,252,238,242,496,1,7,3,1650
761924545,982,2171,-1,-2083,263,248,252,238,242,495,1,7,3,1650
761925548,1003,2170,-1,-2082,273,248,252,238,242,494,1,7,3,1650
761926588,1040,2169,-1,-2081,309,248,252,238,242,493,1,7,3,1650
761927555,967,2168,-1,-2080,273,248,252,238,242,492,1,7,3,1650
761928544,989,2167,-1,-2079,268,249,252,238,242,491,1,7,3,1650
761929560,1016,2165,-2,-2077,275,249,260,238,242,490,1,7,3,1650
761930585,1025,2164,-1,-2076,302,249,259,238,242,489,1,7,3,1650
761931561,976,2164,0,-2076,286,250,252,238,242,489,1,7,3,1650
761932577,1016,2163,-1,-2075,298,250,253,238,242,488,1,7,3,1650
761933507,930,2162,-1,-2074,226,250,253,238,242,487,1,7,3,1650
761934560,1053,2162,0,-2074,282,249,236,238,242,487,1,7,3,1650
761935513,953,2161,-1,-2073,235,249,237,238,242,486,1,7,3,1650
761936504,991,2160,-1,-2072,223,248,237,238,242,485,1,7,3,1650
761937504,1000,2159,-1,-2071,223,248,237,238,242,484,1,7,3,1650
761938537,1033,2158,-1,-2070,256,247,236,238,242,483,1,7,3,1650
761939504,967,2157,-1,-2069,235,247,237,238,242,483,1,7,3,1650
761940583,1079,2156,-1,-2068,303,247,236,238,240,482,1,7,3,1650
761941730,1147,2155,-1,-2067,442,246,235,238,239,481,1,7,3,1650
761942634,904,2154,-1,-2066,351,246,244,238,236,480,1,7,3,1650
761943555,921,2153,-1,-2065,275,246,244,238,236,479,1,7,3,1650
761944548,993,2152,-1,-2064,271,246,244,238,237,478,1,7,3,1650
761945564,1016,2151,-1,-2063,287,246,244,232,237,477,1,7,3,1650
761946608,1044,2149,-2,-2061,320,246,251,232,237,475,1,7,3,1650
761947537,929,2148,-1,-2060,266,246,252,232,237,475,1,7,3,1650
761948539,1002,2147,-1,-2059,265,246,252,232,237,474,1,7,3,1650
761949533,994,2146,-1,-2058,257,247,252,232,237,473,1,7,3,1650
761950586,1053,2145,-1,-2057,309,247,251,232,237,472,1,7,3,1650
761951649,1063,2144,-1,-2056,375,247,252,232,237,471,1,7,3,1650
761952524,875,2144,0,-2056,243,247,246,232,237,471,1,7,3,1650
761953501,977,2143,-1,-2055,223,247,237,232,237,470,1,7,3,1650
761954559,1058,2142,-1,-2054,279,246,236,232,237,469,1,7,3,1650
761955506,947,2141,-1,-2053,227,246,237,232,237,468,1,7,3,1650
761956500,994,2141,0,-2053,223,245,229,232,237,468,1,7,3,1650
761957500,1000,2140,-1,-2052,223,244,229,232,237,468,1,7,3,1650
761958536,1036,2139,-1,-2051,264,244,229,232,237,467,1,7,3,1650
761959506,970,2138,-1,-2050,226,243,229,232,237,466,1,7,3,1650
761960591,1085,2137,-1,-2049,308,242,220,232,237,465,1,7,3,1650
761961731,1140,2136,-1,-2048,441,242,227,232,237,464,1,7,3,1650
761962630,899,2135,-1,-2047,350,241,227,232,237,463,1,7,3,1650
761963570,940,2134,-1,-2046,285,241,227,232,236,462,1,7,3,1650
761964537,967,2133,-1,-2045,261,240,228,232,236,461,1,7,3,1650
761965555,1018,2132,-1,-2044,272,240,236,232,234,461,1,7,3,1650
761966570,1015,2130,-2,-2042,292,240,244,232,232,459,1,7,3,1650
761967556,986,2129,-1,-2041,278,240,244,232,232,458,1,7,3,1650
761968549,993,2128,-1,-2040,268,240,244,232,232,457,1,7,3,1650
761969532,983,2127,-1,-2039,260,240,244,232,232,456,1,7,3,1650
761970580,1048,2126,-1,-2038,308,241,244,227,232,455,1,7,3,1650
761971661,1081,2125,-1,-2037,373,241,244,227,232,454,1,7,3,1650
761972505,844,2125,0,-2037,234,241,238,227,232,454,1,7,3,1650
761973501,996,2124,-1,-2036,223,241,237,227,232,454,1,7,3,1650
761974567,1066,2123,-1,-2035,289,240,236,227,232,453,1,7,3,1650
761975506,939,2122,-1,-2034,224,240,237,227,232,452,1,7,3,1650
761976507,1001,2121,-1,-2033,225,240,237,227,232,451,1,7,3,1650
761977503,996,2121,0,-2033,222,239,221,227,232,451,1,7,3,1650
761978557,1054,2120,-1,-2032,282,238,220,227,232,450,1,7,3,1650
761979501,944,2119,-1,-2031,224,238,221,227,232,449,1,7,3,1650
761980626,1125,2119,0,-2031,340,237,211,227,232,449,1,7,3,1650
761981723,1097,2118,-1,-2030,438,236,211,227,232,448,1,7,3,1650
761982627,904,2117,-1,-2029,339,235,219,227,232,447,1,7,3,1650
761983559,932,2116,-1,-2028,283,234,219,227,232,446,1,7,3,1650
761984543,984,2115,-1,-2027,265,234,220,227,232,446,1,7,3,1650
761985557,1014,2114,-1,-2026,273,233,219,227,232,445,1,7,3,1650
761986578,1021,2113,-1,-2025,295,233,227,227,232,444,1,7,3,1650
761987551,973,2112,-1,-2024,270,233,227,227,232,443,1,7,3,1650
761988539,988,2111,-1,-2023,263,233,228,227,232,442,1,7,3,1650
761989540,1001,2109,-2,-2021,263,233,236,227,232,440,1,7,3,1650
761990579,1039,2108,-1,-2020,297,233,236,227,232,439,1,7,3,1650
761991681,1102,2107,-1,-2019,389,233,236,227,230,439,1,7,3,1650
761992517,836,2106,-1,-2018,240,233,238,227,230,438,1,7,3,1650
761993493,976,2105,-1,-2017,223,233,237,227,227,437,1,7,3,1650
761994561,1068,2104,-1,-2016,279,233,236,227,225,436,1,7,3,1650
761995534,973,2103,-1,-2015,258,234,236,222,225,435,1,7,3,1650
761996506,972,2102,-1,-2014,228,234,237,222,227,434,1,7,3,1650
761997506,1000,2102,0,-2014,222,233,221,222,227,434,1,7,3,1650
761998562,1056,2101,-1,-2013,280,233,220,222,227,433,1,7,3,1650
761999505,943,2100,-1,-2012,229,232,221,222,227,432,1,7,3,1650
762000610,1105,2100,0,-2012,328,231,211,222,227,432,1,7,3,1650
762001729,1119,2099,-1,-2011,449,230,211,222,227,432,1,7,3,1650
762002636,907,2098,-1,-2010,357,230,219,222,227,431,1,7,3,1650
762003570,934,2097,-1,-2009,290,230,219,222,227,430,1,7,3,1650
762004552,982,2096,-1,-2008,266,229,220,222,227,429,1,7,3,1650
762005548,996,2095,-1,-2007,276,229,219,222,227,428,1,7,3,1650
762006569,1021,2094,-1,-2006,294,228,219,222,227,427,1,7,3,1650
762007556,987,2092,-2,-2004,281,229,236,222,227,425,1,7,3,1650
762008538,982,2091,-1,-2003,259,229,236,222,227,425,1,7,3,1650
762009553,1015,2091,0,-2003,276,229,227,222,227,425,1,7,3,1650
762010571,1018,2090,-1,-2002,293,229,228,222,227,424,1,7,3,1650
762011584,1013,2088,-2,-2000,303,230,244,222,227,422,1,7,3,1650
762012560,976,2087,-1,-1999,288,230,245,222,227,421,1,7,3,1650
762013502,942,2086,-1,-1998,224,231,245,222,227,420,1,7,3,1650
762014547,1045,2085,-1,-1997,277,231,244,222,227,419,1,7,3,1650
762015520,973,2085,0,-1997,237,231,236,222,225,419,1,7,3,1650
762016508,988,2084,-1,-1996,229,232,237,222,223,418,1,7,3,1650
762017501,993,2083,-1,-1995,222,232,237,222,223,417,1,7,3,1650
762018529,1028,2082,-1,-1994,253,232,236,222,221,417,1,7,3,1650
762019508,979,2081,-1,-1993,236,232,237,222,222,416,1,7,3,1650
762020597,1089,2081,0,-1993,308,232,220,217,222,416,1,7,3,1650
762021707,1110,2080,-1,-1992,434,231,220,217,222,415,1,7,3,1650
762022616,909,2079,-1,-1991,342,231,219,217,222,414,1,7,3,1650
762023562,946,2078,-1,-1990,283,230,219,217,222,413,1,7,3,1650
762024544,982,2078,0,-1990,265,230,212,217,222,413,1,7,3,1650
762025544,1000,2077,-1,-1989,262,229,212,217,222,412,1,7,3,1650
762026576,1032,2076,-1,-1988,305,228,211,217,222,411,1,7,3,1650
762027544,968,2075,-1,-1987,273,228,219,217,222,410,1,7,3,1650
762028538,994,2074,-1,-1986,262,228,220,217,222,410,1,7,3,1650
762029556,1018,2073,-1,-1985,272,227,219,217,222,409,1,7,3,1650
762030584,1028,2072,-1,-1984,304,227,220,217,222,408,1,7,3,1650
762031569,985,2071,-1,-1983,293,227,229,217,222,407,1,7,3,1650
762032575,1006,2070,-1,-1982,299,227,230,217,222,406,1,7,3,1650
762033498,923,2069,-1,-1981,226,227,229,217,222,405,1,7,3,1650
762034550,1052,2068,-1,-1980,274,227,229,217,222,404,1,7,3,1650
762035513,963,2067,-1,-1979,235,227,229,217,222,403,1,7,3,1650
762036504,991,2066,-1,-1978,223,227,229,217,222,403,1,7,3,1650
762037498,994,2065,-1,-1977,223,227,229,217,222,402,1,7,3,1650
762038525,1027,2064,-1,-1976,256,227,221,217,222,401,1,7,3,1650
762039514,989,2064,0,-1976,235,227,213,217,222,401,1,7,3,1650
762040602,1088,2063,-1,-1975,315,226,219,217,221,400,1,7,3,1650
762041718,1116,2062,-1,-1974,443,226,211,217,218,399,1,7,3,1650
762042627,909,2061,-1,-1973,342,225,211,217,218,398,1,7,3,1650
762043560,933,2060,-1,-1972,282,225,211,217,216,397,1,7,3,1650
762044552,992,2060,0,-1972,269,224,203,217,217,397,1,7,3,1650
762045565,1013,2059,-1,-1971,285,223,211,212,217,396,1,7,3,1650
762046608,1043,2058,-1,-1970,325,223,211,212,217,396,1,7,3,1650
762047550,942,2057,-1,-1969,266,222,211,212,217,395,1,7,3,1650
762048539,989,2056,-1,-1968,264,222,212,212,217,394,1,7,3,1650
762049535,996,2055,-1,-1967,264,221,211,212,217,393,1,7,3,1650
762050600,1065,2054,-1,-1966,311,221,220,212,217,392,1,7,3,1650
762051666,1066,2053,-1,-1965,372,221,220,212,217,391,1,7,3,1650
762052519,853,2053,0,-1965,240,221,214,212,217,391,1,7,3,1650
762053506,987,2051,-2,-1963,223,221,221,212,217,389,1,7,3,1650
762054554,1048,2050,-1,-1962,282,221,228,212,217,388,1,7,3,1650
762055505,951,2050,0,-1962,227,221,221,212,217,388,1,7,3,1650
762056504,999,2049,-1,-1961,223,221,221,212,217,388,1,7,3,1650
762057502,998,2048,-1,-1960,225,221,221,212,217,387,1,7,3,1650
762058533,1031,2047,-1,-1959,264,221,221,212,217,386,1,7,3,1650
762059509,976,2046,-1,-1958,226,221,221,212,217,385,1,7,3,1650
762060578,1069,2045,-1,-1957,308,221,220,212,217,384,1,7,3,1650
762061717,1139,2044,-1,-1956,437,221,219,212,217,383,1,7,3,1650
762062639,922,2043,-1,-1955,357,221,219,212,217,382,1,7,3,1650
762063559,920,2043,0,-1955,277,221,211,212,216,382,1,7,3,1650
762064540,981,2042,-1,-1954,262,220,212,212,216,381,1,7,3,1650
762065552,1012,2041,-1,-1953,271,220,211,212,214,381,1,7,3,1650
762066575,1023,2041,0,-1953,294,219,203,212,211,381,1,7,3,1650
762067541,966,2040,-1,-1952,270,219,203,212,211,380,1,7,3,1650
762068551,1010,2039,-1,-1951,267,218,203,212,212,379,1,7,3,1650
762069536,985,2039,0,-1951,260,218,203,212,212,379,1,7,3,1650
762070589,1053,2038,-1,-1950,312,217,204,207,212,378,1,7,3,1650
762071661,1072,2036,-2,-1948,370,217,212,207,212,376,1,7,3,1650
762072511,850,2036,0,-1948,236,216,206,207,212,376,1,7,3,1650
762073493,982,2035,-1,-1947,223,216,206,207,212,375,1,7,3,1650
762074566,1073,2034,-1,-1946,287,216,211,207,212,374,1,7,3,1650
762075493,927,2033,-1,-1945,224,216,213,207,212,374,1,7,3,1650
762076499,1006,2032,-1,-1944,229,216,213,207,212,373,1,7,3,1650
762077492,993,2031,-1,-1943,223,216,213,207,212,372,1,7,3,1650
762078554,1062,2030,-1,-1942,276,215,211,207,212,371,1,7,3,1650
762079507,953,2029,-1,-1941,224,215,213,207,212,370,1,7,3,1650
762080609,1102,2028,-1,-1940,332,215,212,207,212,369,1,7,3,1650
762081716,1107,2028,0,-1940,430,215,203,207,212,369,1,7,3,1650
762082628,912,2027,-1,-1939,352,214,211,207,212,368,1,7,3,1650
762083557,929,2026,-1,-1938,280,214,203,207,212,367,1,7,3,1650
762084543,986,2025,-1,-1937,264,214,205,207,212,367,1,7,3,1650
762085564,1021,2024,-1,-1936,278,214,211,207,212,366,1,7,3,1650
762086564,1000,2023,-1,-1935,293,213,211,207,212,365,1,7,3,1650
762087565,1001,2022,-1,-1934,279,213,211,207,212,364,1,7,3,1650
762088553,988,2022,0,-1934,270,213,203,207,212,364,1,7,3,1650
762089547,994,2021,-1,-1933,273,213,203,207,212,363,1,7,3,1650
762090578,1031,2020,-1,-1932,296,212,203,207,212,362,1,7,3,1650
762091666,1088,2020,0,-1932,384,212,196,207,211,362,1,7,3,1650
762092523,857,2019,-1,-1931,253,211,198,207,211,361,1,7,3,1650
762093502,979,2018,-1,-1930,223,211,198,207,209,360,1,7,3,1650
762094562,1060,2017,-1,-1929,277,210,203,207,206,359,1,7,3,1650
762095528,966,2016,-1,-1928,254,210,205,201,206,359,1,7,3,1650
762096512,984,2015,-1,-1927,233,210,205,201,207,358,1,7,3,1650
762097501,989,2014,-1,-1926,222,210,213,201,207,357,1,7,3,1650
762098546,1045,2013,-1,-1925,272,210,213,201,207,356,1,7,3,1650
762099508,962,2013,0,-1925,232,210,205,201,207,356,1,7,3,1650
762100596,1088,2012,-1,-1924,319,210,212,201,207,355,1,7,3,1650
762101717,1121,2011,-1,-1923,442,210,203,201,207,354,1,7,3,1650
762102631,914,2010,-1,-1922,354,210,211,201,207,353,1,7,3,1650
762103564,933,2008,-2,-1920,283,210,219,201,207,352,1,7,3,1650
762104538,974,2008,0,-1920,263,210,212,201,207,352,1,7,3,1650
762105541,1003,2007,-1,-1919,265,210,211,201,207,351,1,7,3,1650
762106585,1044,2006,-1,-1918,305,210,211,201,207,350,1,7,3,1650
762107537,952,2005,-1,-1917,266,210,211,201,207,349,1,7,3,1650
762108535,998,2004,-1,-1916,264,210,212,201,207,348,1,7,3,1650
762109554,1019,2004,0,-1916,276,210,203,201,207,348,1,7,3,1650
762110578,1024,2003,-1,-1915,299,210,204,201,207,347,1,7,3,1650
762111574,996,2002,-1,-1914,297,210,205,201,207,346,1,7,3,1650
762112575,1001,2001,-1,-1913,305,210,214,201,207,345,1,7,3,1650
762113506,931,2001,0,-1913,224,210,206,201,207,345,1,7,3,1650
762114537,1031,2000,-1,-1912,265,209,205,201,207,345,1,7,3,1650
762115519,982,2000,0,-1912,238,209,197,201,206,345,1,7,3,1650
762116503,984,1999,-1,-1911,225,209,197,201,206,344,1,7,3,1650
762117501,998,1998,-1,-1910,223,208,197,201,204,343,1,7,3,1650
762118532,1031,1997,-1,-1909,252,208,197,201,201,342,1,7,3,1650
762119514,982,1996,-1,-1908,238,208,205,201,201,341,1,7,3,1650
762120607,1093,1996,0,-1908,325,207,195,196,201,341,1,7,3,1650
762121700,1093,1995,-1,-1907,420,207,203,196,201,340,1,7,3,1650
762122642,942,1994,-1,-1906,358,207,203,196,201,339,1,7,3,1650
762123548,906,1993,-1,-1905,273,207,203,196,201,338,1,7,3,1650
762124547,999,1992,-1,-1904,266,206,204,196,201,338,1,7,3,1650
762125549,1002,1991,-1,-1903,264,206,203,196,201,337,1,7,3,1650
762126584,1035,1990,-1,-1902,304,206,203,196,201,336,1,7,3,1650
762127549,965,1989,-1,-1901,275,206,203,196,201,335,1,7,3,1650
762128533,984,1988,-1,-1900,261,206,205,196,201,334,1,7,3,1650
762129555,1022,1987,-1,-1899,274,206,211,196,201,333,1,7,3,1650
762130571,1016,1986,-1,-1898,298,206,212,196,201,332,1,7,3,1650
762131575,1004,1985,-1,-1897,299,207,213,196,201,331,1,7,3,1650
762132576,1001,1985,0,-1897,300,207,206,196,201,331,1,7,3,1650
762133500,924,1984,-1,-1896,224,207,206,196,201,330,1,7,3,1650
762134545,1045,1983,-1,-1895,271,207,203,196,201,330,1,7,3,1650
762135513,968,1982,-1,-1894,237,206,205,196,201,329,1,7,3,1650
762136502,989,1982,0,-1894,225,206,197,196,201,329,1,7,3,1650
762137502,1000,1981,-1,-1893,223,206,197,196,201,328,1,7,3,1650
762138523,1021,1980,-1,-1892,253,205,197,196,201,327,1,7,3,1650
762139515,992,1980,0,-1892,236,205,189,196,199,327,1,7,3,1650
762140586,1071,1979,-1,-1891,307,204,195,196,196,326,1,7,3,1650
762141716,1130,1978,-1,-1890,442,204,194,196,194,325,1,7,3,1650
762142637,921,1978,0,-1890,353,203,187,196,194,325,1,7,3,1650
762143556,919,1977,-1,-1889,284,203,195,196,196,324,1,7,3,1650
762144553,997,1976,-1,-1888,268,203,195,196,196,323,1,7,3,1650
762145556,1003,1976,0,-1888,282,202,195,191,196,323,1,7,3,1650
762146604,1048,1975,-1,-1887,316,202,195,191,196,323,1,7,3,1650
762147537,933,1974,-1,-1886,266,202,195,191,196,322,1,7,3,1650
762148547,1010,1973,-1,-1885,267,202,195,191,196,321,1,7,3,1650
762149536,989,1972,-1,-1884,262,201,195,191,196,320,1,7,3,1650
762150586,1050,1971,-1,-1883,308,201,196,191,196,319,1,7,3,1650
762151664,1078,1970,-1,-1882,375,201,204,191,196,318,1,7,3,1650
762152516,852,1970,0,-1882,235,201,198,191,196,318,1,7,3,1650
762153502,986,1969,-1,-1881,223,201,198,191,196,317,1,7,3,1650
762154556,1054,1968,-1,-1880,284,201,195,191,196,316,1,7,3,1650
762155500,944,1967,-1,-1879,223,201,197,191,196,316,1,7,3,1650
762156506,1006,1966,-1,-1878,225,201,197,191,196,315,1,7,3,1650
762157500,994,1965,-1,-1877,223,200,197,191,196,314,1,7,3,1650
762158546,1046,1964,-1,-1876,271,200,195,191,196,313,1,7,3,1650
762159495,949,1964,0,-1876,222,200,189,191,196,313,1,7,3,1650
762160599,1104,1963,-1,-1875,319,199,187,191,196,312,1,7,3,1650
762161721,1122,1962,-1,-1874,437,199,186,191,196,311,1,7,3,1650
762162643,922,1962,0,-1874,357,198,187,191,196,311,1,7,3,1650
762163560,917,1961,-1,-1873,277,198,187,191,196,310,1,7,3,1650
762164539,979,1960,-1,-1872,261,197,189,191,194,309,1,7,3,1650
762165554,1015,1960,0,-1872,275,197,179,191,194,309,1,7,3,1650
762166570,1016,1959,-1,-1871,291,196,187,191,191,308,1,7,3,1650
762167544,974,1959,0,-1871,270,196,179,191,191,308,1,7,3,1650
762168550,1006,1958,-1,-1870,266,195,179,191,191,308,1,7,3,1650
762169537,987,1957,-1,-1869,262,195,187,191,191,307,1,7,3,1650
762170588,1051,1957,0,-1869,309,194,179,186,191,307,1,7,3,1650
762171671,1083,1956,-1,-1868,382,193,181,186,191,306,1,7,3,1650
762172520,849,1955,-1,-1867,236,193,182,186,191,305,1,7,3,1650
762173502,982,1954,-1,-1866,223,193,190,186,191,304,1,7,3,1650
762174580,1078,1953,-1,-1865,295,193,187,186,191,303,1,7,3,1650
762175505,925,1952,-1,-1864,224,193,189,186,191,302,1,7,3,1650
762176505,1000,1951,-1,-1863,225,193,197,186,191,301,1,7,3,1650
762177504,999,1950,-1,-1862,223,193,198,186,191,301,1,7,3,1650
762178555,1051,1949,-1,-1861,273,193,195,186,191,300,1,7,3,1650
762179507,952,1949,0,-1861,223,193,189,186,191,300,1,7,3,1650
762180615,1108,1948,-1,-1860,336,193,187,186,191,299,1,7,3,1650
762181724,1109,1947,-1,-1859,439,192,187,186,191,298,1,7,3,1650
762182624,900,1946,-1,-1858,346,192,195,186,191,297,1,7,3,1650
762183556,932,1945,-1,-1857,282,193,195,186,191,296,1,7,3,1650
762184534,978,1945,0,-1857,262,192,189,186,191,296,1,7,3,1650
762185547,1013,1944,-1,-1856,270,192,187,186,191,295,1,7,3,1650
762186570,1023,1943,-1,-1855,296,192,187,186,191,294,1,7,3,1650
762187537,967,1942,-1,-1854,265,192,187,186,191,294,1,7,3,1650
762188550,1013,1942,0,-1854,267,191,179,186,191,294,1,7,3,1650
762189551,1001,1941,-1,-1853,268,191,187,186,191,293,1,7,3,1650
762190574,1023,1941,0,-1853,295,191,181,186,191,293,1,7,3,1650
762191680,1106,1940,-1,-1852,389,190,181,186,191,292,1,7,3,1650
762192517,837,1939,-1,-1851,237,190,182,186,188,291,1,7,3,1650
762193503,986,1938,-1,-1850,223,190,190,186,186,290,1,7,3,1650
762194552,1049,1938,0,-1850,281,190,179,186,186,290,1,7,3,1650
762195528,976,1937,-1,-1849,259,189,181,181,186,289,1,7,3,1650
762196507,979,1936,-1,-1848,226,189,189,181,186,288,1,7,3,1650
762197492,985,1935,-1,-1847,223,189,189,181,186,287,1,7,3,1650
762198555,1063,1935,0,-1847,275,189,187,181,186,287,1,7,3,1650
762199507,952,1934,-1,-1846,229,189,189,181,186,287,1,7,3,1650
762200596,1089,1933,-1,-1845,324,189,195,181,186,286,1,7,3,1650
762201736,1140,1932,-1,-1844,456,190,195,181,186,285,1,7,3,1650
762202626,890,1931,-1,-1843,349,190,195,181,186,284,1,7,3,1650
762203563,937,1930,-1,-1842,279,190,195,181,186,283,1,7,3,1650
762204554,991,1929,-1,-1841,269,190,197,181,186,282,1,7,3,1650
762205561,1007,1929,0,-1841,280,190,187,181,186,282,1,7,3,1650
762206571,1010,1928,-1,-1840,297,190,187,181,186,281,1,7,3,1650
762207549,978,1927,-1,-1839,272,190,187,181,186,280,1,7,3,1650
762208537,988,1926,-1,-1838,260,190,189,181,186,279,1,7,3,1650
762209548,1011,1925,-1,-1837,266,190,195,181,186,279,1,7,3,1650
762210574,1026,1925,0,-1837,296,190,189,181,186,279,1,7,3,1650
762211667,1093,1924,-1,-1836,385,190,189,181,186,278,1,7,3,1650
762212522,855,1923,-1,-1835,250,190,190,181,186,277,1,7,3,1650
762213501,979,1922,-1,-1834,223,190,190,181,186,276,1,7,3,1650
762214551,1050,1922,0,-1834,277,190,187,181,186,276,1,7,3,1650
762215500,949,1922,0,-1834,227,190,181,181,186,276,1,7,3,1650
762216494,994,1921,-1,-1833,223,189,181,181,186,275,1,7,3,1650
762217507,1013,1920,-1,-1832,223,189,182,181,183,274,1,7,3,1650
762218538,1031,1920,0,-1832,263,188,173,181,183,274,1,7,3,1650
762219499,961,1919,-1,-1831,228,188,181,181,180,273,1,7,3,1650
762220618,1119,1918,-1,-1830,332,188,187,176,181,272,1,7,3,1650
762221722,1104,1918,0,-1830,443,188,179,176,181,272,1,7,3,1650
762222617,895,1917,-1,-1829,346,187,178,176,181,272,1,7,3,1650
762223556,939,1916,-1,-1828,280,187,179,176,181,271,1,7,3,1650
762224538,982,1915,-1,-1827,262,187,181,176,181,270,1,7,3,1650
762225537,999,1915,0,-1827,263,186,179,176,181,270,1,7,3,1650
762226581,1044,1914,-1,-1826,303,186,179,176,181,269,1,7,3,1650
762227552,971,1913,-1,-1825,278,186,179,176,181,268,1,7,3,1650
762228531,979,1912,-1,-1824,260,186,181,176,181,267,1,7,3,1650
762229552,1021,1911,-1,-1823,273,186,187,176,181,266,1,7,3,1650
762230576,1024,1910,-1,-1822,298,186,189,176,181,265,1,7,3,1650
762231577,1001,1909,-1,-1821,299,186,189,176,181,265,1,7,3,1650
762232576,999,1908,-1,-1820,291,186,190,176,181,264,1,7,3,1650
762233504,928,1908,0,-1820,227,186,182,176,181,264,1,7,3,1650
762234555,1051,1907,-1,-1819,276,186,179,176,181,263,1,7,3,1650
762235520,965,1907,0,-1819,236,185,173,176,181,263,1,7,3,1650
762236495,975,1906,-1,-1818,225,185,182,176,181,262,1,7,3,1650
762237504,1009,1905,-1,-1817,223,185,182,176,181,261,1,7,3,1650
762238532,1028,1904,-1,-1816,253,185,181,176,181,260,1,7,3,1650
762239519,987,1903,-1,-1815,237,185,181,176,180,259,1,7,3,1650
762240583,1064,1903,0,-1815,301,184,179,176,180,259,1,7,3,1650
762241717,1134,1902,-1,-1814,439,184,179,176,177,258,1,7,3,1650
762242615,898,1902,0,-1814,340,184,170,176,177,258,1,7,3,1650
762243554,939,1901,-1,-1813,280,183,171,176,174,258,1,7,3,1650
762244549,995,1901,0,-1813,266,182,165,176,174,258,1,7,3,1650
762245558,1009,1900,-1,-1812,282,182,179,170,176,257,1,7,3,1650
762246596,1038,1899,-1,-1811,321,182,178,170,176,256,1,7,3,1650
762247539,943,1899,0,-1811,267,182,171,170,176,256,1,7,3,1650
762248537,998,1898,-1,-1810,263,181,173,170,176,255,1,7,3,1650
762249544,1007,1898,0,-1810,266,181,171,170,176,255,1,7,3,1650
762250585,1041,1897,-1,-1809,308,181,173,170,176,254,1,7,3,1650
762251674,1089,1896,-1,-1808,370,180,173,170,176,253,1,7,3,1650
762252517,843,1895,-1,-1807,234,180,182,170,176,252,1,7,3,1650
762253500,983,1895,0,-1807,223,180,174,170,176,252,1,7,3,1650
762254562,1062,1894,-1,-1806,279,180,171,170,176,251,1,7,3,1650
762255506,944,1893,-1,-1805,226,179,173,170,176,250,1,7,3,1650
762256506,1000,1892,-1,-1804,224,180,181,170,176,250,1,7,3,1650
762257505,999,1892,0,-1804,223,179,174,170,176,250,1,7,3,1650
762258546,1041,1891,-1,-1803,271,179,171,170,176,249,1,7,3,1650
762259500,954,1890,-1,-1802,223,179,173,170,176,248,1,7,3,1650
762260604,1104,1889,-1,-1801,319,178,171,170,176,247,1,7,3,1650
762261718,1114,1888,-1,-1800,427,178,170,170,176,246,1,7,3,1650
762262640,922,1887,-1,-1799,357,178,171,170,176,245,1,7,3,1650
762263556,916,1887,0,-1799,276,178,171,170,176,245,1,7,3,1650
762264539,983,1886,-1,-1798,262,177,173,170,174,244,1,7,3,1650
762265554,1015,1885,-1,-1797,275,177,179,170,174,243,1,7,3,1650
762266562,1008,1885,0,-1797,291,177,171,170,172,243,1,7,3,1650
762267556,994,1884,-1,-1796,274,177,171,170,172,243,1,7,3,1650
762268549,993,1883,-1,-1795,266,177,171,170,169,242,1,7,3,1650
762269534,985,1883,0,-1795,262,176,163,170,169,242,1,7,3,1650
762270579,1045,1882,-1,-1794,308,176,165,165,170,241,1,7,3,1650
762271661,1082,1882,0,-1794,387,175,165,165,170,241,1,7,3,1650
762272517,856,1881,-1,-1793,238,175,166,165,170,240,1,7,3,1650
762273506,989,1881,0,-1793,223,175,166,165,170,240,1,7,3,1650
762274575,1069,1880,-1,-1792,292,174,171,165,170,239,1,7,3,1650
762275512,937,1880,0,-1792,228,174,166,165,170,239,1,7,3,1650
762276505,993,1879,-1,-1791,223,174,166,165,170,238,1,7,3,1650
762277504,999,1878,-1,-1790,223,173,166,165,170,237,1,7,3,1650
762278548,1044,1878,0,-1790,279,173,163,165,170,237,1,7,3,1650
762279507,959,1877,-1,-1789,228,173,166,165,170,236,1,7,3,1650
762280596,1089,1877,0,-1789,326,172,163,165,170,236,1,7,3,1650
762281708,1112,1876,-1,-1788,432,172,163,165,170,236,1,7,3,1650
762282642,934,1875,-1,-1787,356,172,162,165,170,235,1,7,3,1650
762283557,915,1874,-1,-1786,278,171,171,165,170,234,1,7,3,1650
762284551,994,1874,0,-1786,270,171,165,165,170,234,1,7,3,1650
762285549,998,1873,-1,-1785,271,171,163,165,170,233,1,7,3,1650
762286573,1024,1872,-1,-1784,296,171,162,165,170,232,1,7,3,1650
762287554,981,1872,0,-1784,269,170,162,165,170,232,1,7,3,1650
762288553,999,1871,-1,-1783,267,170,163,165,170,231,1,7,3,1650
762289533,980,1870,-1,-1782,262,170,163,165,170,230,1,7,3,1650
762290580,1047,1869,-1,-1781,300,169,165,165,170,229,1,7,3,1650
762291669,1089,1868,-1,-1780,386,169,165,165,169,229,1,7,3,1650
762292508,839,1868,0,-1780,238,169,159,165,169,229,1,7,3,1650
762293501,993,1867,-1,-1779,223,169,158,165,166,228,1,7,3,1650
762294554,1053,1866,-1,-1778,278,168,163,165,166,227,1,7,3,1650
762295538,984,1865,-1,-1777,265,168,165,160,162,226,1,7,3,1650
762296503,965,1865,0,-1777,226,168,158,160,162,226,1,7,3,1650
762297504,1001,1864,-1,-1776,223,168,166,160,165,225,1,7,3,1650
762298558,1054,1863,-1,-1775,274,167,163,160,165,224,1,7,3,1650
762299499,941,1863,0,-1775,229,167,158,160,165,224,1,7,3,1650
762300619,1120,1862,-1,-1774,333,167,163,160,165,223,1,7,3,1650
762301705,1086,1862,0,-1774,433,167,163,160,165,223,1,7,3,1650
762302634,929,1861,-1,-1773,362,167,162,160,165,222,1,7,3,1650
762303565,931,1861,0,-1773,279,166,162,160,165,222,1,7,3,1650
762304536,971,1860,-1,-1772,260,166,165,160,165,221,1,7,3,1650
762305549,1013,1859,-1,-1771,266,167,171,160,165,221,1,7,3,1650
762306577,1028,1859,0,-1771,292,166,162,160,165,221,1,7,3,1650
762307558,981,1858,-1,-1770,280,166,162,160,165,220,1,7,3,1650
762308551,993,1858,0,-1770,266,166,163,160,165,220,1,7,3,1650
762309550,999,1857,-1,-1769,273,166,163,160,165,219,1,7,3,1650
762310566,1016,1856,-1,-1768,293,166,165,160,165,218,1,7,3,1650
762311579,1013,1856,0,-1768,305,166,165,160,165,218,1,7,3,1650
762312572,993,1855,-1,-1767,292,166,166,160,165,217,1,7,3,1650
762313504,932,1854,-1,-1766,224,166,166,160,165,216,1,7,3,1650
762314549,1045,1853,-1,-1765,279,166,165,160,165,215,1,7,3,1650
762315515,966,1853,0,-1765,236,166,166,160,165,215,1,7,3,1650
762316506,991,1852,-1,-1764,225,166,166,160,162,214,1,7,3,1650
762317500,994,1851,-1,-1763,223,166,166,160,162,214,1,7,3,1650
762318523,1023,1850,-1,-1762,253,166,173,160,159,213,1,7,3,1650
762319515,992,1850,0,-1762,236,166,166,160,159,213,1,7,3,1650
762320593,1078,1849,-1,-1761,322,166,163,155,160,212,1,7,3,1650
762321713,1120,1848,-1,-1760,439,166,163,155,160,211,1,7,3,1650
762322618,905,1847,-1,-1759,347,166,170,155,160,210,1,7,3,1650
762323557,939,1847,0,-1759,277,166,162,155,160,210,1,7,3,1650
762324536,979,1846,-1,-1758,259,166,165,155,160,209,1,7,3,1650
762325532,996,1845,-1,-1757,258,166,166,155,160,208,1,7,3,1650
762326589,1057,1845,0,-1757,307,166,162,155,160,208,1,7,3,1650
762327547,958,1844,-1,-1756,270,166,163,155,160,207,1,7,3,1650
762328545,998,1844,0,-1756,267,165,157,155,160,207,1,7,3,1650
762329557,1012,1843,-1,-1755,271,165,162,155,160,207,1,7,3,1650
762330584,1027,1843,0,-1755,300,165,157,155,160,207,1,7,3,1650
762331577,993,1842,-1,-1754,295,165,158,155,160,206,1,7,3,1650
762332577,1000,1841,-1,-1753,299,165,166,155,160,205,1,7,3,1650
762333502,925,1841,0,-1753,225,164,158,155,160,205,1,7,3,1650
762334553,1051,1840,-1,-1752,271,164,163,155,160,204,1,7,3,1650
762335519,966,1840,0,-1752,238,164,158,155,160,204,1,7,3,1650
762336494,975,1839,-1,-1751,225,164,158,155,160,203,1,7,3,1650
762337503,1009,1839,0,-1751,222,164,158,155,160,203,1,7,3,1650
762338529,1026,1838,-1,-1750,252,163,158,155,160,202,1,7,3,1650
762339517,988,1838,0,-1750,237,163,158,155,160,202,1,7,3,1650
762340594,1077,1837,-1,-1749,310,163,154,155,159,201,1,7,3,1650
762341728,1134,1836,-1,-1748,437,163,162,155,156,200,1,7,3,1650
762342618,890,1836,0,-1748,345,162,154,155,156,200,1,7,3,1650
762343559,941,1835,-1,-1747,281,162,154,155,153,200,1,7,3,1650
762344554,995,1834,-1,-1746,268,162,155,155,153,199,1,7,3,1650
762345554,1000,1834,0,-1746,283,162,154,150,155,199,1,7,3,1650
762346595,1041,1833,-1,-1745,318,161,154,150,155,198,1,7,3,1650
762347540,945,1832,-1,-1744,267,161,154,150,155,197,1,7,3,1650
762348553,1013,1831,-1,-1743,268,161,154,150,155,196,1,7,3,1650
762349548,995,1831,0,-1743,270,160,154,150,155,196,1,7,3,1650
762350594,1046,1830,-1,-1742,309,160,155,150,155,195,1,7,3,1650
762351661,1067,1829,-1,-1741,373,160,157,150,155,194,1,7,3,1650
762352516,855,1829,0,-1741,235,160,151,150,155,194,1,7,3,1650
762353501,985,1828,-1,-1740,223,159,150,150,155,193,1,7,3,1650
762354562,1061,1827,-1,-1739,282,159,154,150,155,192,1,7,3,1650
762355501,939,1826,-1,-1738,223,159,158,150,155,192,1,7,3,1650
762356505,1004,1826,0,-1738,224,159,150,150,155,192,1,7,3,1650
762357500,995,1825,-1,-1737,223,159,158,150,155,191,1,7,3,1650
762358547,1047,1824,-1,-1736,270,159,163,150,155,190,1,7,3,1650
762359508,961,1824,0,-1736,224,159,158,150,155,190,1,7,3,1650
762360594,1086,1824,0,-1736,318,159,155,150,155,190,1,7,3,1650
762361720,1126,1823,-1,-1735,441,158,154,150,155,189,1,7,3,1650
762362639,919,1823,0,-1735,353,158,146,150,155,189,1,7,3,1650
762363555,916,1822,-1,-1734,277,158,154,150,155,188,1,7,3,1650
762364550,995,1822,0,-1734,269,158,149,150,153,188,1,7,3,1650
762365555,1005,1821,-1,-1733,270,157,154,150,153,187,1,7,3,1650
762366564,1009,1820,-1,-1732,293,157,154,150,149,186,1,7,3,1650
762367549,985,1820,0,-1732,273,157,154,150,149,186,1,7,3,1650
762368537,988,1819,-1,-1731,262,157,155,150,150,185,1,7,3,1650
762369535,998,1819,0,-1731,261,157,155,150,150,185,1,7,3,1650
762370586,1051,1818,-1,-1730,309,157,157,145,150,185,1,7,3,1650
762371662,1076,1818,0,-1730,371,157,149,145,150,185,1,7,3,1650
762372511,849,1817,-1,-1729,237,156,151,145,150,184,1,7,3,1650
762373506,995,1817,0,-1729,223,156,150,145,150,184,1,7,3,1650
762374569,1063,1816,-1,-1728,286,156,146,145,150,183,1,7,3,1650
762375505,936,1816,0,-1728,223,155,142,145,150,183,1,7,3,1650
762376493,988,1815,-1,-1727,224,155,150,145,150,182,1,7,3,1650
762377501,1008,1814,-1,-1726,223,155,150,145,150,181,1,7,3,1650
762378560,1059,1814,0,-1726,276,154,138,145,150,181,1,7,3,1650
762379500,940,1813,-1,-1725,224,154,142,145,150,180,1,7,3,1650
762380605,1105,1812,-1,-1724,330,153,146,145,150,179,1,7,3,1650
762381717,1112,1811,-1,-1723,439,153,146,145,150,178,1,7,3,1650
762382636,919,1811,0,-1723,355,153,146,145,150,178,1,7,3,1650
762383555,919,1810,-1,-1722,281,153,146,145,150,178,1,7,3,1650
762384537,982,1809,-1,-1721,264,153,149,145,150,177,1,7,3,1650
762385551,1014,1809,0,-1721,274,152,138,145,150,177,1,7,3,1650
762386572,1021,1808,-1,-1720,293,152,146,145,150,176,1,7,3,1650
762387554,982,1807,-1,-1719,271,152,146,145,150,175,1,7,3,1650
762388547,993,1807,0,-1719,264,151,138,145,150,175,1,7,3,1650
762389552,1005,1806,-1,-1718,267,151,146,145,150,174,1,7,3,1650
762390571,1019,1806,0,-1718,295,150,141,145,150,174,1,7,3,1650
762391650,1079,1805,-1,-1717,374,150,149,145,150,173,1,7,3,1650
762392524,874,1804,-1,-1716,253,150,151,145,150,172,1,7,3,1650
762393504,980,1804,0,-1716,223,150,150,145,149,172,1,7,3,1650
762394559,1055,1803,-1,-1715,282,151,155,145,149,171,1,7,3,1650
762395532,973,1803,0,-1715,254,151,150,139,146,171,1,7,3,1650
762396513,981,1802,-1,-1714,230,151,150,139,146,171,1,7,3,1650
762397501,988,1802,0,-1714,223,150,142,139,142,171,1,7,3,1650
762398548,1047,1802,0,-1714,277,150,138,139,142,171,1,7,3,1650
762399506,958,1801,-1,-1713,232,149,142,139,144,170,1,7,3,1650
762400591,1085,1801,0,-1713,321,149,138,139,144,170,1,7,3,1650
762401744,1153,1800,-1,-1712,457,149,146,139,144,169,1,7,3,1650
762402620,876,1800,0,-1712,345,148,138,139,144,169,1,7,3,1650
762403563,943,1799,-1,-1711,278,148,146,139,144,168,1,7,3,1650
762404556,993,1799,0,-1711,271,148,142,139,144,168,1,7,3,1650
762405554,998,1798,-1,-1710,274,148,146,139,144,167,1,7,3,1650
762406570,1016,1798,0,-1710,295,148,138,139,144,167,1,7,3,1650
762407552,982,1797,-1,-1709,270,147,138,139,144,166,1,7,3,1650
762408544,992,1796,-1,-1708,264,147,142,139,144,165,1,7,3,1650
762409555,1011,1796,0,-1708,270,147,138,139,144,165,1,7,3,1650
762410566,1011,1796,0,-1708,295,146,134,139,144,165,1,7,3,1650
762411658,1092,1795,-1,-1707,386,146,134,139,144,164,1,7,3,1650
762412531,873,1794,-1,-1706,250,145,135,139,144,163,1,7,3,1650
762413493,962,1794,0,-1706,223,145,135,139,144,163,1,7,3,1650
762414564,1071,1793,-1,-1705,282,144,130,139,144,163,1,7,3,1650
762415507,943,1792,-1,-1704,228,144,134,139,144,162,1,7,3,1650
762416499,992,1791,-1,-1703,223,144,142,139,142,161,1,7,3,1650
762417507,1008,1791,0,-1703,223,143,134,139,142,161,1,7,3,1650
762418538,1031,1790,-1,-1702,263,143,134,139,142,160,1,7,3,1650
762419498,960,1789,-1,-1701,228,143,142,139,139,159,1,7,3,1650
762420595,1097,1789,0,-1701,318,143,138,134,139,159,1,7,3,1650
762421709,1114,1788,-1,-1700,439,143,138,134,139,158,1,7,3,1650
762422644,935,1787,-1,-1699,363,142,138,134,139,157,1,7,3,1650
762423558,914,1787,0,-1699,284,142,138,134,139,157,1,7,3,1650
762424537,979,1786,-1,-1698,263,142,142,134,139,156,1,7,3,1650
762425545,1008,1786,0,-1698,273,142,138,134,139,156,1,7,3,1650
762426585,1040,1785,-1,-1697,306,142,138,134,139,156,1,7,3,1650
762427545,960,1785,0,-1697,273,142,138,134,139,156,1,7,3,1650
762428550,1005,1784,-1,-1696,266,142,146,134,139,155,1,7,3,1650
762429548,998,1783,-1,-1695,275,142,146,134,139,154,1,7,3,1650
762430580,1032,1783,0,-1695,300,142,141,134,139,154,1,7,3,1650
762431572,992,1783,0,-1695,298,142,142,134,139,154,1,7,3,1650
762432576,1004,1782,-1,-1694,295,142,143,134,139,153,1,7,3,1650
762433494,918,1782,0,-1694,223,142,142,134,139,153,1,7,3,1650
762434558,1064,1781,-1,-1693,277,142,146,134,139,152,1,7,3,1650
762435517,959,1781,0,-1693,236,142,142,134,139,152,1,7,3,1650
762436503,986,1780,-1,-1692,225,142,142,134,139,151,1,7,3,1650
762437499,996,1780,0,-1692,222,142,142,134,139,151,1,7,3,1650
762438537,1038,1779,-1,-1691,253,142,142,134,139,150,1,7,3,1650
762439514,977,1779,0,-1691,236,142,134,134,139,150,1,7,3,1650
762440571,1057,1778,-1,-1690,297,142,146,134,139,149,1,7,3,1650
762441729,1158,1778,0,-1690,440,142,138,134,135,149,1,7,3,1650
762442616,887,1777,-1,-1689,343,142,138,134,135,149,1,7,3,1650
762443562,946,1777,0,-1689,279,142,138,134,131,149,1,7,3,1650
762444535,973,1776,-1,-1688,259,142,142,134,131,148,1,7,3,1650
762445575,1040,1775,-1,-1687,291,141,138,129,131,147,1,7,3,1650
762446591,1016,1775,0,-1687,312,141,130,129,134,147,1,7,3,1650
762447547,956,1774,-1,-1686,269,141,138,129,134,146,1,7,3,1650
762448546,999,1774,0,-1686,266,140,130,129,134,146,1,7,3,1650
762449538,992,1773,-1,-1685,264,140,130,129,134,145,1,7,3,1650
762450593,1055,1773,0,-1685,314,139,126,129,134,145,1,7,3,1650
762451669,1076,1772,-1,-1684,370,139,134,129,134,144,1,7,3,1650
762452519,850,1771,-1,-1683,237,139,135,129,134,143,1,7,3,1650
762453505,986,1771,0,-1683,223,139,127,129,134,143,1,7,3,1650
762454557,1052,1770,-1,-1682,279,138,130,129,134,142,1,7,3,1650
762455493,936,1769,-1,-1681,223,138,134,129,134,142,1,7,3,1650
762456509,1016,1769,0,-1681,225,138,134,129,134,142,1,7,3,1650
762457505,996,1768,-1,-1680,227,138,134,129,134,141,1,7,3,1650
762458547,1042,1768,0,-1680,271,138,134,129,134,141,1,7,3,1650
762459506,959,1767,-1,-1679,223,138,134,129,134,140,1,7,3,1650
762460600,1094,1766,-1,-1678,317,138,138,129,134,139,1,7,3,1650
762461712,1112,1766,0,-1678,438,138,138,129,134,139,1,7,3,1650
762462628,916,1765,-1,-1677,355,138,138,129,134,138,1,7,3,1650
762463551,923,1765,0,-1677,278,138,138,129,134,138,1,7,3,1650
762464555,1004,1765,0,-1677,270,137,134,129,131,138,1,7,3,1650
762465555,1000,1764,-1,-1676,270,137,138,129,131,137,1,7,3,1650
762466579,1024,1763,-1,-1675,295,137,138,129,131,136,1,7,3,1650
762467537,958,1763,0,-1675,265,138,138,129,127,136,1,7,3,1650
762468545,1008,1762,-1,-1674,264,138,138,129,127,135,1,7,3,1650
762469532,987,1762,0,-1674,262,138,138,129,129,135,1,7,3,1650
762470589,1057,1762,0,-1674,306,137,130,124,129,135,1,7,3,1650
762471663,1074,1761,-1,-1673,366,137,133,124,129,134,1,7,3,1650
762472508,845,1761,0,-1673,237,137,135,124,129,134,1,7,3,1650
762473500,992,1761,0,-1673,223,137,126,124,129,134,1,7,3,1650
762474575,1075,1760,-1,-1672,290,136,130,124,129,134,1,7,3,1650
762475496,921,1760,0,-1672,223,136,126,124,129,134,1,7,3,1650
762476498,1002,1759,-1,-1671,224,136,126,124,129,133,1,7,3,1650
762477506,1008,1759,0,-1671,223,135,126,124,129,133,1,7,3,1650
762478555,1049,1758,-1,-1670,283,135,130,124,129,132,1,7,3,1650
762479503,948,1757,-1,-1669,223,135,134,124,129,131,1,7,3,1650
762480601,1098,1757,0,-1669,331,135,130,124,129,131,1,7,3,1650
762481707,1106,1757,0,-1669,426,134,122,124,129,131,1,7,3,1650
762482625,918,1756,-1,-1668,353,134,122,124,129,130,1,7,3,1650
762483556,931,1756,0,-1668,282,133,122,124,129,130,1,7,3,1650
762484539,983,1755,-1,-1667,264,133,126,124,129,129,1,7,3,1650
762485551,1012,1754,-1,-1666,272,133,122,124,129,128,1,7,3,1650
762486572,1021,1754,0,-1666,294,132,122,124,129,128,1,7,3,1650
762487550,978,1753,-1,-1665,269,132,122,124,129,127,1,7,3,1650
762488535,985,1753,0,-1665,261,131,118,124,129,127,1,7,3,1650
762489550,1015,1752,-1,-1664,267,131,122,124,129,127,1,7,3,1650
762490569,1019,1751,-1,-1663,299,131,126,124,129,126,1,7,3,1650
762491672,1103,1750,-1,-1662,381,130,126,124,129,125,1,7,3,1650
762492508,836,1750,0,-1662,236,130,127,124,129,125,1,7,3,1650
762493502,994,1750,0,-1662,227,130,119,124,127,125,1,7,3,1650
762494557,1055,1749,-1,-1661,283,130,130,124,127,124,1,7,3,1650
762495544,987,1748,-1,-1660,262,130,134,118,127,123,1,7,3,1650
762496511,967,1748,0,-1660,228,130,126,118,123,123,1,7,3,1650
762497506,995,1747,-1,-1659,222,130,126,118,123,122,1,7,3,1650
762498548,1042,1747,0,-1659,274,129,122,118,123,122,1,7,3,1650
762499506,958,1746,-1,-1658,227,129,126,118,123,121,1,7,3,1650
762500617,1111,1745,-1,-1657,332,130,138,118,123,120,1,7,3,1650
762501734,1117,1745,0,-1657,449,130,130,118,123,120,1,7,3,1650
762502619,885,1745,0,-1657,342,130,130,118,123,120,1,7,3,1650
762503555,936,1745,0,-1657,283,130,130,118,123,120,1,7,3,1650
762504532,977,1744,-1,-1656,261,130,134,118,123,120,1,7,3,1650
762505540,1008,1744,0,-1656,269,130,130,118,123,120,1,7,3,1650
762506579,1039,1743,-1,-1655,302,130,130,118,123,119,1,7,3,1650
762507563,984,1743,0,-1655,278,130,130,118,123,119,1,7,3,1650
762508559,996,1742,-1,-1654,274,130,130,118,123,118,1,7,3,1650
762509554,995,1742,0,-1654,275,130,122,118,123,118,1,7,3,1650
762510574,1020,1741,-1,-1653,297,129,126,118,123,117,1,7,3,1650
762511676,1102,1741,0,-1653,385,129,126,118,123,117,1,7,3,1650
762512530,854,1741,0,-1653,247,129,127,118,123,117,1,7,3,1650
762513505,975,1740,-1,-1652,223,129,126,118,123,116,1,7,3,1650
762514562,1057,1740,0,-1652,279,129,122,118,123,116,1,7,3,1650
762515511,949,1739,-1,-1651,228,129,126,118,123,115,1,7,3,1650
762516492,981,1739,0,-1651,222,128,118,118,123,115,1,7,3,1650
762517500,1008,1738,-1,-1650,223,128,126,118,123,114,1,7,3,1650
762518552,1052,1738,0,-1650,268,128,122,118,119,114,1,7,3,1650
762519509,957,1738,0,-1650,228,128,118,118,119,114,1,7,3,1650
762520610,1101,1737,-1,-1649,325,127,114,114,119,113,1,7,3,1650
762521721,1111,1737,0,-1649,447,126,106,114,115,113,1,7,3,1650
762522616,895,1736,-1,-1648,344,126,114,114,115,113,1,7,3,1650
762523550,934,1735,-1,-1647,279,125,122,114,115,112,1,7,3,1650
762524547,997,1735,0,-1647,269,125,118,114,118,112,1,7,3,1650
762525537,990,1734,-1,-1646,260,125,118,114,118,111,1,7,3,1650
762526579,1042,1734,0,-1646,306,124,114,114,118,111,1,7,3,1650
762527561,982,1733,-1,-1645,277,124,114,114,118,110,1,7,3,1650
762528535,974,1733,0,-1645,256,124,110,114,118,110,1,7,3,1650
762529552,1017,1732,-1,-1644,271,123,114,114,118,109,1,7,3,1650
762530570,1018,1732,0,-1644,297,123,110,114,118,109,1,7,3,1650
762531568,998,1731,-1,-1643,295,122,110,114,118,108,1,7,3,1650
762532562,994,1731,0,-1643,292,122,111,114,118,108,1,7,3,1650
762533504,942,1730,-1,-1642,227,122,119,114,118,107,1,7,3,1650
762534557,1053,1730,0,-1642,278,121,114,114,118,107,1,7,3,1650
762535519,962,1729,-1,-1641,235,121,118,114,118,106,1,7,3,1650
762536502,983,1729,0,-1641,222,121,118,114,118,106,1,7,3,1650
762537501,999,1728,-1,-1640,222,121,118,114,118,105,1,7,3,1650
762538536,1035,1728,0,-1640,257,121,118,114,118,105,1,7,3,1650
762539519,983,1727,-1,-1639,236,121,118,114,118,105,1,7,3,1650
762540582,1063,1727,0,-1639,305,120,114,114,115,105,1,7,3,1650
762541716,1134,1726,-1,-1638,442,121,122,114,115,104,1,7,3,1650
762542619,903,1726,0,-1638,348,121,122,114,110,104,1,7,3,1650
762543561,942,1725,-1,-1637,276,121,122,114,110,103,1,7,3,1650
762544547,986,1725,0,-1637,267,120,118,114,110,103,1,7,3,1650
762545559,1012,1725,0,-1637,284,120,114,108,113,103,1,7,3,1650
762546589,1030,1724,-1,-1636,315,120,122,108,113,102,1,7,3,1650
762547560,971,1724,0,-1636,274,120,114,108,113,102,1,7,3,1650
762548535,975,1723,-1,-1635,264,120,118,108,113,101,1,7,3,1650
762549531,996,1723,0,-1635,260,120,122,108,113,101,1,7,3,1650
762550586,1055,1723,0,-1635,310,120,118,108,113,101,1,7,3,1650
762551672,1086,1722,-1,-1634,368,120,118,108,113,100,1,7,3,1650
762552513,841,1722,0,-1634,231,120,119,108,113,100,1,7,3,1650
762553497,984,1722,0,-1634,223,119,111,108,113,100,1,7,3,1650
762554556,1059,1721,-1,-1633,282,119,114,108,113,99,1,7,3,1650
762555505,949,1721,0,-1633,222,119,110,108,113,99,1,7,3,1650
762556493,988,1721,0,-1633,224,118,103,108,113,99,1,7,3,1650
762557501,1008,1720,-1,-1632,223,118,111,108,113,98,1,7,3,1650
762558525,1024,1720,0,-1632,248,117,103,108,113,98,1,7,3,1650
762559505,980,1719,-1,-1631,223,117,110,108,113,98,1,7,3,1650
762560589,1084,1719,0,-1631,318,117,106,108,113,98,1,7,3,1650
762561723,1134,1719,0,-1631,435,116,97,108,113,98,1,7,3,1650
762562635,912,1718,-1,-1630,351,115,106,108,113,97,1,7,3,1650
762563557,922,1718,0,-1630,280,115,97,108,113,97,1,7,3,1650
762564550,993,1718,0,-1630,268,114,94,108,110,97,1,7,3,1650
762565555,1005,1717,-1,-1629,271,113,98,108,110,96,1,7,3,1650
762566576,1021,1716,-1,-1628,290,113,106,108,110,95,1,7,3,1650
762567562,986,1716,0,-1628,278,112,97,108,106,95,1,7,3,1650
762568533,971,1715,-1,-1627,262,112,102,108,106,94,1,7,3,1650
762569543,1010,1715,0,-1627,263,111,98,108,106,94,1,7,3,1650
762570583,1040,1715,0,-1627,309,111,98,103,107,94,1,7,3,1650
762571670,1087,1714,-1,-1626,380,110,102,103,107,93,1,7,3,1650
762572517,847,1713,-1,-1625,237,110,103,103,107,92,1,7,3,1650
762573499,982,1713,0,-1625,222,110,103,103,107,92,1,7,3,1650
762574571,1072,1712,-1,-1624,288,110,106,103,107,91,1,7,3,1650
762575494,923,1712,0,-1624,224,110,103,103,107,91,1,7,3,1650
762576501,1007,1712,0,-1624,224,109,103,103,107,91,1,7,3,1650
762577493,992,1711,-1,-1623,223,109,103,103,107,91,1,7,3,1650
762578551,1058,1710,-1,-1622,277,109,106,103,107,90,1,7,3,1650
762579495,944,1710,0,-1622,223,109,103,103,107,90,1,7,3,1650
762580613,1118,1709,-1,-1621,333,109,114,103,107,89,1,7,3,1650
762581692,1079,1709,0,-1621,422,109,106,103,107,89,1,7,3,1650
762582643,951,1708,-1,-1620,365,109,113,103,107,88,1,7,3,1650
762583563,920,1708,0,-1620,285,109,114,103,107,88,1,7,3,1650
762584531,968,1708,0,-1620,257,109,110,103,107,88,1,7,3,1650
762585544,1013,1707,-1,-1619,270,109,114,103,107,87,1,7,3,1650
762586567,1023,1707,0,-1619,295,109,114,103,107,87,1,7,3,1650
762587558,991,1706,-1,-1618,282,110,114,103,107,86,1,7,3,1650
762588544,986,1706,0,-1618,266,110,114,103,107,86,1,7,3,1650
762589555,1011,1705,-1,-1617,271,110,114,103,107,85,1,7,3,1650
762590572,1017,1705,0,-1617,294,110,110,103,107,85,1,7,3,1650
762591588,1016,1705,0,-1617,302,110,110,103,107,85,1,7,3,1650
762592568,980,1704,-1,-1616,297,110,119,103,107,84,1,7,3,1650
762593504,936,1704,0,-1616,224,110,111,103,106,84,1,7,3,1650
762594553,1049,1703,-1,-1615,275,111,122,103,106,83,1,7,3,1650
762595541,988,1703,0,-1615,266,111,118,97,106,83,1,7,3,1650
762596513,972,1703,0,-1615,231,111,110,97,101,83,1,7,3,1650
762597493,980,1703,0,-1615,223,111,103,97,101,83,1,7,3,1650
762598546,1053,1702,-1,-1614,276,111,106,97,101,83,1,7,3,1650
762599508,962,1702,0,-1614,236,110,102,97,103,83,1,7,3,1650
762600591,1083,1701,-1,-1613,320,110,114,97,103,82,1,7,3,1650
762601731,1140,1701,0,-1613,451,110,106,97,103,82,1,7,3,1650
762602619,888,1701,0,-1613,341,110,97,97,103,82,1,7,3,1650
762603553,934,1700,-1,-1612,282,110,106,97,103,81,1,7,3,1650
762604537,984,1700,0,-1612,266,109,102,97,103,81,1,7,3,1650
762605540,1003,1699,-1,-1611,265,109,106,97,103,80,1,7,3,1650
762606591,1051,1699,0,-1611,315,109,105,97,103,80,1,7,3,1650
762607559,968,1699,0,-1611,275,109,97,97,103,80,1,7,3,1650
762608549,990,1698,-1,-1610,267,108,102,97,103,79,1,7,3,1650
762609546,997,1698,0,-1610,271,108,97,97,103,79,1,7,3,1650
762610576,1030,1697,-1,-1609,300,108,102,97,103,78,1,7,3,1650
762611567,991,1697,0,-1609,288,107,95,97,103,78,1,7,3,1650
762612576,1009,1697,0,-1609,299,107,95,97,103,78,1,7,3,1650
762613506,930,1696,-1,-1608,227,106,95,97,103,77,1,7,3,1650
762614548,1042,1696,0,-1608,277,106,98,97,103,77,1,7,3,1650
762615514,966,1695,-1,-1607,236,106,102,97,103,76,1,7,3,1650
762616499,985,1695,0,-1607,223,105,95,97,103,76,1,7,3,1650
762617511,1012,1694,-1,-1606,227,105,103,97,101,76,1,7,3,1650
762618532,1021,1694,0,-1606,256,105,95,97,101,76,1,7,3,1650
762619518,986,1694,0,-1606,235,104,95,97,101,76,1,7,3,1650
762620607,1089,1693,-1,-1605,325,104,98,92,96,75,1,7,3,1650
762621709,1102,1692,-1,-1604,433,104,105,92,96,74,1,7,3,1650
762622639,930,1692,0,-1604,353,104,97,92,96,74,1,7,3,1650
762623557,918,1691,-1,-1603,280,104,106,92,97,73,1,7,3,1650
762624533,976,1691,0,-1603,257,104,102,92,97,73,1,7,3,1650
762625548,1015,1691,0,-1603,264,104,98,92,97,73,1,7,3,1650
762626576,1028,1690,-1,-1602,304,104,106,92,97,72,1,7,3,1650
762627537,961,1690,0,-1602,266,104,106,92,97,72,1,7,3,1650
762628531,994,1689,-1,-1601,257,104,110,92,97,71,1,7,3,1650
762629555,1024,1689,0,-1601,269,104,106,92,97,71,1,7,3,1650
762630581,1026,1689,0,-1601,304,104,102,92,97,71,1,7,3,1650
762631578,997,1688,-1,-1600,293,104,102,92,97,70,1,7,3,1650
762632569,991,1688,0,-1600,298,104,103,92,97,70,1,7,3,1650
762633500,931,1687,-1,-1599,220,104,111,92,97,69,1,7,3,1650
762634559,1059,1687,0,-1599,274,104,106,92,97,69,1,7,3,1650
762635507,948,1687,0,-1599,236,104,102,92,97,69,1,7,3,1650
762636495,988,1686,-1,-1598,225,104,103,92,97,69,1,7,3,1650
762637503,1008,1686,0,-1598,223,104,103,92,97,69,1,7,3,1650
762638525,1022,1686,0,-1598,245,104,102,92,97,69,1,7,3,1650
762639504,979,1685,-1,-1597,225,104,103,92,97,68,1,7,3,1650
762640590,1086,1685,0,-1597,305,104,98,92,97,68,1,7,3,1650
762641722,1132,1684,-1,-1596,449,104,105,92,97,67,1,7,3,1650
762642625,903,1684,0,-1596,344,104,106,92,97,67,1,7,3,1650
762643555,930,1684,0,-1596,277,104,97,92,96,67,1,7,3,1650
762644546,991,1683,-1,-1595,266,104,102,92,96,66,1,7,3,1650
762645566,1020,1683,0,-1595,284,103,97,86,96,66,1,7,3,1650
762646603,1037,1683,0,-1595,319,103,97,86,90,66,1,7,3,1650
762647545,942,1682,-1,-1594,267,103,98,86,90,65,1,7,3,1650
762648550,1005,1682,0,-1594,268,103,98,86,90,65,1,7,3,1650
762649534,984,1682,0,-1594,263,102,98,86,92,65,1,7,3,1650
762650582,1048,1682,0,-1594,306,102,94,86,92,65,1,7,3,1650
762651669,1087,1681,-1,-1593,373,102,94,86,92,64,1,7,3,1650
762652516,847,1681,0,-1593,236,101,87,86,92,64,1,7,3,1650
762653501,985,1681,0,-1593,223,101,87,86,92,64,1,7,3,1650
762654567,1066,1680,-1,-1592,281,100,89,86,92,63,1,7,3,1650
762655501,934,1680,0,-1592,223,100,87,86,92,63,1,7,3,1650
762656501,1000,1680,0,-1592,223,99,87,86,92,63,1,7,3,1650
762657501,1000,1680,0,-1592,224,98,79,86,92,63,1,7,3,1650
762658551,1050,1679,-1,-1591,271,98,81,86,92,62,1,7,3,1650
762659499,948,1679,0,-1591,223,97,79,86,92,62,1,7,3,1650
762660591,1092,1678,-1,-1590,317,97,89,86,92,62,1,7,3,1650
762661723,1132,1678,0,-1590,441,96,81,86,92,62,1,7,3,1650
762662626,903,1677,-1,-1589,342,96,89,86,92,61,1,7,3,1650
762663551,925,1677,0,-1589,274,95,81,86,90,61,1,7,3,1650
762664539,988,1677,0,-1589,266,95,79,86,90,61,1,7,3,1650
762665536,997,1676,-1,-1588,263,94,89,86,90,60,1,7,3,1650
762666575,1039,1676,0,-1588,302,94,81,86,84,60,1,7,3,1650
762667548,973,1676,0,-1588,269,93,81,86,84,60,1,7,3,1650
762668554,1006,1675,-1,-1587,269,93,89,86,84,59,1,7,3,1650
762669532,978,1675,0,-1587,258,93,81,86,84,59,1,7,3,1650
762670586,1054,1675,0,-1587,313,92,79,82,86,59,1,7,3,1650
762671657,1071,1674,-1,-1586,366,92,86,82,86,58,1,7,3,1650
762672518,861,1674,0,-1586,234,92,79,82,86,58,1,7,3,1650
762673501,983,1673,-1,-1585,223,91,87,82,86,57,1,7,3,1650
762674568,1067,1673,0,-1585,287,91,81,82,86,57,1,7,3,1650
762675496,928,1672,-1,-1584,226,91,87,82,86,56,1,7,3,1650
762676495,999,1672,0,-1584,223,91,87,82,86,56,1,7,3,1650
762677506,1011,1672,0,-1584,222,90,87,82,86,56,1,7,3,1650
762678546,1040,1672,0,-1584,273,90,79,82,86,56,1,7,3,1650
762679505,959,1671,-1,-1583,226,90,87,82,86,55,1,7,3,1650
762680619,1114,1670,-1,-1582,335,90,98,82,86,54,1,7,3,1650
762681719,1100,1670,0,-1582,439,90,89,82,86,54,1,7,3,1650
762682625,906,1670,0,-1582,346,90,89,82,86,54,1,7,3,1650
762683556,931,1669,-1,-1581,280,90,97,82,86,54,1,7,3,1650
762684538,982,1669,0,-1581,263,91,94,82,86,54,1,7,3,1650
762685554,1016,1669,0,-1581,277,91,89,82,86,54,1,7,3,1650
762686576,1022,1668,-1,-1580,296,91,97,82,86,53,1,7,3,1650
762687552,976,1668,0,-1580,272,91,97,82,86,53,1,7,3,1650
762688545,993,1667,-1,-1579,266,91,102,82,86,52,1,7,3,1650
762689551,1006,1667,0,-1579,268,92,97,82,86,52,1,7,3,1650
762690577,1026,1667,0,-1579,299,92,94,82,86,52,1,7,3,1650
762691684,1107,1667,0,-1579,372,92,86,82,86,52,1,7,3,1650
762692522,838,1667,0,-1579,242,91,87,82,86,52,1,7,3,1650
762693500,978,1666,-1,-1578,222,91,87,82,86,51,1,7,3,1650
762694556,1056,1666,0,-1578,280,91,89,82,86,51,1,7,3,1650
762695528,972,1666,0,-1578,258,91,87,76,84,51,1,7,3,1650
762696504,976,1665,-1,-1577,226,91,87,76,84,50,1,7,3,1650
762697500,996,1665,0,-1577,223,91,87,76,84,50,1,7,3,1650
762698555,1055,1665,0,-1577,277,90,81,76,84,50,1,7,3,1650
762699510,955,1664,-1,-1576,228,90,87,76,78,49,1,7,3,1650
762700597,1087,1664,0,-1576,328,90,89,76,78,49,1,7,3,1650
762701730,1133,1664,0,-1576,450,90,81,76,78,49,1,7,3,1650
762702624,894,1663,-1,-1575,347,90,89,76,78,48,1,7,3,1650
762703558,934,1663,0,-1575,281,89,81,76,81,48,1,7,3,1650
762704536,978,1663,0,-1575,264,89,79,76,81,48,1,7,3,1650
762705548,1012,1663,0,-1575,273,88,73,76,81,48,1,7,3,1650
762706586,1038,1662,-1,-1574,302,88,81,76,81,47,1,7,3,1650
762707555,969,1662,0,-1574,274,88,81,76,81,47,1,7,3,1650
762708538,983,1662,0,-1574,261,87,79,76,81,47,1,7,3,1650
762709540,1002,1661,-1,-1573,265,87,81,76,81,47,1,7,3,1650
762710573,1033,1661,0,-1573,294,87,79,76,81,47,1,7,3,1650
762711671,1098,1661,0,-1573,383,86,71,76,81,47,1,7,3,1650
762712531,860,1661,0,-1573,250,86,71,76,81,47,1,7,3,1650
762713503,972,1661,0,-1573,223,85,71,76,81,47,1,7,3,1650
762714549,1046,1660,-1,-1572,274,85,73,76,81,46,1,7,3,1650
762715506,957,1660,0,-1572,228,84,71,76,81,46,1,7,3,1650
762716502,996,1660,0,-1572,222,84,71,76,81,46,1,7,3,1650
762717497,995,1659,-1,-1571,223,83,71,76,81,45,1,7,3,1650
762718544,1047,1659,0,-1571,269,83,71,76,78,45,1,7,3,1650
762719511,967,1659,0,-1571,228,82,63,76,78,45,1,7,3,1650
762720600,1089,1658,-1,-1570,323,82,73,71,78,44,1,7,3,1650
762721727,1127,1658,0,-1570,447,81,73,71,78,44,1,7,3,1650
762722629,902,1658,0,-1570,345,81,73,71,71,44,1,7,3,1650
762723560,931,1657,-1,-1569,280,81,73,71,71,43,1,7,3,1650
762724545,985,1657,0,-1569,266,80,71,71,71,43,1,7,3,1650
762725538,993,1657,0,-1569,259,80,73,71,71,43,1,7,3,1650
762726584,1046,1656,-1,-1568,301,80,73,71,64,42,1,7,3,1650
762727559,975,1656,0,-1568,275,79,73,71,64,42,1,7,3,1650
762728533,974,1656,0,-1568,260,79,71,71,64,42,1,7,3,1650
762729552,1019,1655,-1,-1567,271,79,73,71,64,41,1,7,3,1650
762730577,1025,1655,0,-1567,302,78,71,71,71,41,1,7,3,1650
762731584,1007,1654,-1,-1566,303,79,79,71,71,40,1,7,3,1650
762732574,990,1654,0,-1566,292,79,79,71,71,40,1,7,3,1650
762733509,935,1654,0,-1566,227,78,71,71,71,40,1,7,3,1650
762734544,1035,1654,0,-1566,273,78,73,71,71,40,1,7,3,1650
762735515,971,1653,-1,-1565,236,78,79,71,71,40,1,7,3,1650
762736502,987,1653,0,-1565,225,78,79,71,71,40,1,7,3,1650
762737502,1000,1653,0,-1565,223,78,71,71,71,40,1,7,3,1650
762738524,1022,1652,-1,-1564,248,78,79,71,71,39,1,7,3,1650
762739517,993,1652,0,-1564,234,78,79,71,71,39,1,7,3,1650
762740571,1054,1652,0,-1564,298,78,71,71,71,39,1,7,3,1650
762741707,1136,1651,-1,-1563,433,78,81,71,71,38,1,7,3,1650
762742614,907,1651,0,-1563,342,78,81,71,71,38,1,7,3,1650
762743560,946,1651,0,-1563,283,78,81,71,71,38,1,7,3,1650
762744546,986,1650,-1,-1562,266,78,87,71,71,37,1,7,3,1650
762745559,1013,1650,0,-1562,283,78,81,65,71,37,1,7,3,1650
762746593,1034,1650,0,-1562,320,79,81,65,64,37,1,7,3,1650
762747550,957,1649,-1,-1561,277,79,81,65,64,36,1,7,3,1650
762748548,998,1649,0,-1561,272,79,81,65,64,36,1,7,3,1650
762749537,989,1649,0,-1561,259,79,81,65,64,36,1,7,3,1650
762750590,1053,1649,0,-1561,309,79,79,65,64,36,1,7,3,1650
762751650,1060,1648,-1,-1560,377,79,79,65,64,35,1,7,3,1650
762752519,869,1648,0,-1560,242,79,79,65,64,35,1,7,3,1650
762753494,975,1647,-1,-1559,222,79,87,65,64,34,1,7,3,1650
762754558,1064,1647,0,-1559,277,79,81,65,64,34,1,7,3,1650
762755508,950,1647,0,-1559,227,79,79,65,64,34,1,7,3,1650
762756504,996,1647,0,-1559,222,79,79,65,64,34,1,7,3,1650
762757501,997,1647,0,-1559,222,79,71,65,64,34,1,7,3,1650
762758553,1052,1647,0,-1559,269,79,73,65,64,34,1,7,3,1650
762759495,942,1646,-1,-1558,226,79,79,65,64,33,1,7,3,1650
762760589,1094,1646,0,-1558,318,78,73,65,64,33,1,7,3,1650
762761729,1140,1646,0,-1558,438,78,65,65,64,33,1,7,3,1650
762762628,899,1646,0,-1558,351,77,65,65,64,33,1,7,3,1650
762763545,917,1645,-1,-1557,271,77,73,65,64,33,1,7,3,1650
762764550,1005,1645,0,-1557,267,77,73,65,64,33,1,7,3,1650
762765540,990,1645,0,-1557,266,77,65,65,64,33,1,7,3,1650
762766583,1043,1644,-1,-1556,299,76,73,65,64,32,1,7,3,1650
762767539,956,1644,0,-1556,265,76,73,65,64,32,1,7,3,1650
762768544,1005,1644,0,-1556,268,76,65,65,64,32,1,7,3,1650
762769537,993,1644,0,-1556,258,75,65,65,64,32,1,7,3,1650
762770589,1052,1644,0,-1556,309,75,65,60,64,32,1,7,3,1650
762771668,1079,1643,-1,-1555,373,75,71,60,64,31,1,7,3,1650
762772505,837,1643,0,-1555,235,74,63,60,64,31,1,7,3,1650
762773492,987,1643,0,-1555,223,74,63,60,64,31,1,7,3,1650
762774570,1078,1643,0,-1555,287,73,57,60,64,31,1,7,3,1650
762775498,928,1642,-1,-1554,227,73,63,60,64,30,1,7,3,1650
762776500,1002,1642,0,-1554,223,73,63,60,64,30,1,7,3,1650
762777493,993,1642,0,-1554,222,72,63,60,64,30,1,7,3,1650
762778557,1064,1642,0,-1554,276,72,57,60,55,30,1,7,3,1650
762779511,954,1641,-1,-1553,227,71,63,60,55,29,1,7,3,1650
762780602,1091,1641,0,-1553,332,71,65,60,55,29,1,7,3,1650
762781702,1100,1641,0,-1553,425,70,57,60,55,29,1,7,3,1650
762782633,931,1641,0,-1553,362,70,57,60,55,29,1,7,3,1650
762783559,926,1641,0,-1553,281,69,49,60,55,29,1,7,3,1650
762784551,992,1641,0,-1553,270,68,47,60,55,29,1,7,3,1650
762785558,1007,1640,-1,-1552,273,68,57,60,55,28,1,7,3,1650
762786575,1017,1640,0,-1552,304,67,57,60,60,28,1,7,3,1650
762787562,987,1640,0,-1552,281,67,57,60,60,28,1,7,3,1650
762788540,978,1640,0,-1552,262,67,55,60,60,28,1,7,3,1650
762789536,996,1640,0,-1552,262,66,49,60,60,28,1,7,3,1650
762790571,1035,1639,-1,-1551,291,65,55,60,60,27,1,7,3,1650
762791672,1101,1639,0,-1551,378,65,55,60,60,27,1,7,3,1650
762792538,866,1639,0,-1551,254,65,55,60,60,27,1,7,3,1650
762793507,969,1639,0,-1551,224,64,55,60,60,27,1,7,3,1650
762794549,1042,1638,-1,-1550,276,64,55,60,60,26,1,7,3,1650
762795549,1000,1638,0,-1550,265,64,57,55,60,26,1,7,3,1650
762796505,956,1638,0,-1550,230,63,55,55,60,26,1,7,3,1650
762797507,1002,1637,-1,-1549,224,63,55,55,60,25,1,7,3,1650
762798538,1031,1637,0,-1549,267,63,55,55,55,25,1,7,3,1650
762799519,981,1637,0,-1549,237,62,55,55,55,25,1,7,3,1650
762800596,1077,1637,0,-1549,321,62,57,55,55,25,1,7,3,1650
762801741,1145,1636,-1,-1548,464,62,57,55,55,25,1,7,3,1650
762802620,879,1636,0,-1548,347,62,57,55,55,25,1,7,3,1650
762803568,948,1636,0,-1548,283,62,57,55,55,25,1,7,3,1650
762804540,972,1636,0,-1548,261,61,55,55,55,25,1,7,3,1650
762805548,1008,1635,-1,-1547,268,61,57,55,55,24,1,7,3,1650
762806593,1045,1635,0,-1547,307,61,57,55,45,24,1,7,3,1650
762807539,946,1635,0,-1547,266,61,57,55,45,24,1,7,3,1650
762808534,995,1635,0,-1547,262,61,55,55,45,24,1,7,3,1650
762809539,1005,1634,-1,-1546,260,60,57,55,45,23,1,7,3,1650
762810553,1014,1634,0,-1546,279,60,55,55,45,23,1,7,3,1650
762811652,1099,1634,0,-1546,373,60,55,55,45,23,1,7,3,1650
762812533,881,1634,0,-1546,255,60,55,55,45,23,1,7,3,1650
762813509,976,1633,-1,-1545,225,60,63,55,45,22,1,7,3,1650
762814556,1047,1633,0,-1545,281,60,65,55,54,22,1,7,3,1650
762815507,951,1633,0,-1545,230,60,63,55,54,22,1,7,3,1650
762816507,1000,1633,0,-1545,225,60,55,55,54,22,1,7,3,1650
762817499,992,1632,-1,-1544,223,60,63,55,54,21,1,7,3,1650
762818530,1031,1632,0,-1544,261,60,63,55,54,21,1,7,3,1650
762819500,970,1632,0,-1544,228,60,63,55,54,21,1,7,3,1650
762820868,1368,1631,-1,-1543,406,61,64,55,54,20,1,7,4,1100
762821579,711,1631,0,-1543,296,61,63,55,54,20,1,7,4,1100
762822627,1048,1629,-2,-1541,351,62,81,55,45,18,1,7,4,1100
762823565,938,1628,-1,-1540,289,63,89,55,45,18,1,7,4,1100
762824555,990,1626,-2,-1538,269,64,98,55,45,16,1,7,4,1100
762825553,998,1625,-1,-1537,268,66,106,55,45,15,1,7,4,1100
762826576,1023,1624,-1,-1536,296,67,114,55,45,14,1,7,4,1100
762827561,985,1624,0,-1536,275,69,106,55,45,14,1,7,4,1100
762828555,994,1624,0,-1536,270,70,106,55,45,14,1,7,4,1100
762829560,1005,1624,0,-1536,274,72,106,55,45,14,1,7,4,1100
762830583,1023,1624,0,-1536,303,73,102,55,32,14,1,7,4,1100
762831569,986,1624,0,-1536,289,74,102,55,32,14,1,7,4,1100
762832571,1002,1624,0,-1536,293,75,95,55,32,14,1,7,4,1100
762833504,933,1624,0,-1536,230,76,95,55,32,14,1,7,4,1100
762834555,1051,1623,-1,-1535,271,77,106,55,32,13,1,7,4,1100
762835507,952,1623,0,-1535,228,78,102,55,32,13,1,7,4,1100
762836492,985,1623,0,-1535,223,79,95,55,32,13,1,7,4,1100
762837503,1011,1623,0,-1535,225,79,95,55,32,13,1,7,4,1100
762838543,1040,1623,0,-1535,271,80,98,55,32,13,1,7,4,1100
762839501,958,1623,0,-1535,227,80,95,55,32,13,1,7,4,1100
762840585,1084,1623,0,-1535,311,81,89,55,32,13,1,7,4,1100
762841726,1141,1622,-1,-1534,443,82,97,55,32,12,1,7,4,1100
762842633,907,1622,0,-1534,357,82,97,55,32,12,1,7,4,1100
762843556,923,1621,-1,-1533,279,83,98,55,32,11,1,7,4,1100
762844552,996,1621,0,-1533,268,83,94,55,32,11,1,7,4,1100
762845549,997,1621,0,-1533,275,84,98,55,32,11,1,7,4,1100
762846575,1026,1621,0,-1533,293,84,97,55,0,11,1,7,4,1100
762847557,982,1621,0,-1533,272,84,89,55,0,11,1,7,4,1100
762848544,987,1621,0,-1533,267,85,89,55,0,11,1,7,4,1100
762849547,1003,1621,0,-1533,265,85,89,55,0,11,1,7,4,1100
762850554,1007,1620,-1,-1532,280,85,94,55,0,11,1,7,4,1100
762851657,1103,1620,0,-1532,377,85,89,55,0,11,1,7,4,1100
762852540,883,1620,0,-1532,256,85,87,55,0,11,1,7,4,1100
762853505,965,1620,0,-1532,224,85,71,55,0,11,1,7,4,1100
762854515,1010,1619,-1,-1531,230,84,71,55,0,10,1,7,4,1100
762855502,987,1619,0,-1531,223,83,55,55,0,10,1,7,4,1100
762856501,999,1619,0,-1531,223,82,47,55,0,10,1,7,4,1100
762857496,995,1619,0,-1531,222,80,39,55,0,10,1,7,4,1100
762858515,1019,1619,0,-1531,230,79,39,55,0,10,1,7,4,1100
762859496,981,1619,0,-1531,224,77,39,55,0,10,1,7,4,1100
762860589,1093,1619,0,-1531,307,75,41,55,0,10,1,7,4,1100
762861713,1124,1619,0,-1531,443,74,40,55,0,10,1,7,4,1100
762862605,892,1619,0,-1531,327,73,41,55,0,10,1,7,4,1100
762863544,939,1619,0,-1531,272,72,41,55,0,10,1,7,4,1100
762864543,999,1619,0,-1531,272,70,39,55,0,10,1,7,4,1100
762865544,1001,1619,0,-1531,261,69,33,55,0,10,1,7,4,1100
762866567,1023,1619,0,-1531,283,67,32,55,0,10,1,7,4,1100
762867535,968,1618,-1,-1530,258,66,41,55,0,9,1,7,4,1100
762868546,1011,1618,0,-1530,268,65,41,55,0,9,1,7,4,1100
762869552,1006,1618,0,-1530,272,64,41,55,0,0,1,8,4,1100
762870538,986,1618,0,-1530,267,63,39,55,0,0,1,8,4,1100
762871602,1064,1618,0,-1530,320,62,39,55,0,0,1,8,4,1100
762872524,922,1618,0,-1530,245,61,32,55,0,0,1,8,4,1100
762873502,978,1618,0,-1530,225,60,32,55,0,0,1,8,4,1100
762874510,1008,1618,0,-1530,235,59,24,55,0,0,1,8,4,1100
762875508,998,1618,0,-1530,226,57,24,55,0,0,1,8,4,1100
762876500,992,1618,0,-1530,225,56,24,55,0,0,1,8,4,1100
762877494,994,1618,0,-1530,225,55,24,55,0,0,1,8,4,1100
762878512,1018,1618,0,-1530,232,54,24,55,0,0,1,8,4,1100
762879508,996,1618,0,-1530,226,52,24,55,0,0,1,8,4,1100
762880570,1062,1618,0,-1530,294,51,16,55,0,0,1,8,4,1100
762881737,1167,1618,0,-1530,467,49,16,55,0,0,1,8,4,1100
762882595,858,1618,0,-1530,310,48,16,55,0,0,1,8,4,1100
762883546,951,1618,0,-1530,265,47,16,55,0,0,1,8,4,1100
762884550,1004,1618,0,-1530,267,45,8,55,0,0,1,8,4,1100
762885519,969,1618,0,-1530,248,44,8,55,0,0,1,8,4,1100
762886538,1019,1618,0,-1530,265,43,8,55,0,0,1,8,4,1100
762887531,993,1618,0,-1530,253,41,8,55,0,0,1,8,4,1100
762888537,1006,1618,0,-1530,257,40,8,55,0,0,1,8,4,1100
762889525,988,1618,0,-1530,250,39,8,55,0,0,1,8,4,1100
762890545,1020,1618,0,-1530,268,37,8,55,0,0,1,8,4,1100
762891599,1054,1618,0,-1530,312,36,8,55,0,0,1,8,4,1100
762892518,919,1618,0,-1530,245,35,8,55,0,0,1,8,4,1100
762893494,976,1618,0,-1530,226,34,8,55,0,0,1,8,4,1100
762894505,1011,1618,0,-1530,236,33,8,55,0,0,1,8,4,1100
762895500,995,1618,0,-1530,225,32,8,55,0,0,1,8,4,1100
762896494,994,1618,0,-1530,226,31,8,55,0,0,1,8,4,1100
762897504,1010,1618,0,-1530,226,30,8,55,0,0,1,8,4,1100
762898506,1002,1618,0,-1530,232,29,0,55,0,0,1,8,4,1100
762899500,994,1618,0,-1530,225,28,0,55,0,0,1,8,4,1100
762900575,1075,1618,0,-1530,302,27,0,55,0,0,1,8,4,1100
762901727,1152,1618,0,-1530,451,26,0,55,0,0,1,8,4,1100
762902589,862,1618,0,-1530,315,25,0,55,0,0,1,8,4,1100
762903534,945,1618,0,-1530,261,24,0,55,0,0,1,8,4,1100
762904534,1000,1618,0,-1530,263,23,0,55,0,0,1,8,4,1100
762905522,988,1618,0,-1530,251,22,0,55,0,0,1,8,4,1100
762906551,1029,1618,0,-1530,269,21,0,55,0,0,1,8,4,1100
762907529,978,1618,0,-1530,253,20,0,55,0,0,1,8,4,1100
762908532,1003,1618,0,-1530,257,19,0,55,0,0,1,8,4,1100
762909536,1004,1618,0,-1530,254,19,0,55,0,0,1,8,4,1100
762910534,998,1618,0,-1530,265,18,0,55,0,0,1,8,4,1100
762911598,1064,1618,0,-1530,324,17,0,55,0,0,1,8,4,1100
762912517,919,1618,0,-1530,241,17,0,55,0,0,1,8,4,1100
762913498,981,1618,0,-1530,225,16,0,55,0,0,1,8,4,1100
762914512,1014,1618,0,-1530,235,15,0,55,0,0,1,8,4,1100
762915497,985,1618,0,-1530,225,15,0,55,0,0,1,8,4,1100
762916497,1000,1618,0,-1530,226,14,0,55,0,0,1,8,4,1100
762917497,1000,1618,0,-1530,226,14,0,55,0,0,1,8,4,1100
762918509,1012,1618,0,-1530,232,13,0,55,0,0,1,8,4,1100
762919494,985,1618,0,-1530,225,13,0,55,0,0,1,8,4,1100
762920588,1094,1618,0,-1530,310,12,0,55,0,0,1,8,4,1100
762921731,1143,1618,0,-1530,453,11,0,55,0,0,1,8,4,1100
762922590,859,1618,0,-1530,317,11,0,55,0,0,1,8,4,1100
762923537,947,1618,0,-1530,262,11,0,55,0,0,1,8,4,1100
762924546,1009,1618,0,-1530,274,10,0,55,0,0,1,8,4,1100
762925532,986,1618,0,-1530,255,10,0,55,0,0,1,8,4,1100
762926557,1025,1618,0,-1530,274,9,0,55,0,0,1,8,4,1100
762927535,978,1618,0,-1530,256,9,0,55,0,0,1,8,4,1100
762928536,1001,1618,0,-1530,263,9,0,55,0,0,1,8,4,1100
762929529,993,1618,0,-1530,255,8,0,55,0,0,1,8,4,1100
762930544,1015,1618,0,-1530,274,8,0,55,0,0,1,8,4,1100
762931604,1060,1618,0,-1530,333,8,0,55,0,0,1,8,4,1100
762932523,919,1618,0,-1530,243,7,0,55,0,0,1,8,4,1100
762933507,984,1618,0,-1530,226,7,0,55,0,0,1,8,4,1100
762934507,1000,1618,0,-1530,235,7,0,55,0,0,1,8,4,1100
762935497,990,1617,-1,-1529,228,7,8,55,0,0,1,8,4,1100
762936497,1000,1617,0,-1529,226,7,8,55,0,0,1,8,4,1100
762937497,1000,1617,0,-1529,226,7,8,55,0,0,1,8,4,1100
762938509,1012,1617,0,-1529,232,7,8,55,0,0,1,8,4,1100
762939494,985,1618,1,-1530,225,7,0,55,0,0,1,8,4,1100
762940585,1091,1618,0,-1530,307,6,0,55,0,0,1,8,4,1100
762941718,1133,1618,0,-1530,444,6,0,55,0,0,1,8,4,1100
762942610,892,1618,0,-1530,325,6,0,55,0,0,1,8,4,1100
762943547,937,1618,0,-1530,269,6,0,55,0,0,1,8,4,1100
762944547,1000,1618,0,-1530,272,6,0,55,0,0,1,8,4,1100
762945528,981,1617,-1,-1529,254,6,8,55,0,0,1,8,4,1100
762946555,1027,1618,1,-1530,275,5,0,55,0,0,1,8,4,1100
762947543,988,1618,0,-1530,259,5,0,55,0,0,1,8,4,1100
762948534,991,1618,0,-1530,264,5,0,55,0,0,1,8,4,1100
762949525,991,1618,0,-1530,254,5,0,55,0,0,1,8,4,1100
762950553,1028,1618,0,-1530,275,5,0,55,0,0,1,8,4,1100
762951596,1043,1618,0,-1530,323,4,0,55,0,0,1,8,4,1100
762952521,925,1618,0,-1530,242,4,0,55,0,0,1,8,4,1100
762953502,981,1618,0,-1530,225,4,0,55,0,0,1,8,4,1100
762954514,1012,1617,-1,-1529,235,4,8,55,0,0,1,8,4,1100
762955499,985,1617,0,-1529,225,4,8,55,0,0,1,8,4,1100
762956497,998,1618,1,-1530,225,4,0,55,0,0,1,8,4,1100
762957497,1000,1618,0,-1530,225,4,0,55,0,0,1,8,4,1100
762958509,1012,1618,0,-1530,232,4,0,55,0,0,1,8,4,1100
762959494,985,1618,0,-1530,225,4,0,55,0,0,1,8,4,1100
762960584,1090,1618,0,-1530,312,4,0,55,0,0,1,8,4,1100
762961746,1162,1617,-1,-1529,456,4,8,55,0,0,1,8,4,1100
762962606,860,1618,1,-1530,319,4,0,55,0,0,1,8,4,1100
762963547,941,1618,0,-1530,263,4,0,55,0,0,1,8,4,1100
762964545,998,1618,0,-1530,272,3,0,55,0,0,1,8,4,1100
762965528,983,1618,0,-1530,250,3,-8,55,0,0,1,8,4,1100
762966549,1021,1618,0,-1530,277,2,-8,55,0,0,1,8,4,1100
762967526,977,1617,-1,-1529,253,2,0,55,0,0,1,8,4,1100
762968547,1021,1617,0,-1529,270,2,0,55,0,0,1,8,4,1100
762969533,986,1617,0,-1529,252,3,8,55,0,0,1,8,4,1100
762970544,1011,1617,0,-1529,271,3,8,55,0,0,1,8,4,1100
762971611,1067,1617,0,-1529,330,3,8,55,0,0,1,8,4,1100
762972521,910,1617,0,-1529,244,3,8,55,0,0,1,8,4,1100
762973502,981,1617,0,-1529,225,3,8,55,0,0,1,8,4,1100
762974519,1017,1617,0,-1529,235,3,8,55,0,0,1,8,4,1100
762975505,986,1617,0,-1529,226,4,8,55,0,0,1,8,4,1100
762976503,998,1617,0,-1529,226,4,0,55,0,0,1,8,4,1100
762977501,998,1617,0,-1529,226,4,8,55,0,0,1,8,4,1100
762978509,1008,1617,0,-1529,232,4,8,55,0,0,1,8,4,1100
762979494,985,1617,0,-1529,225,4,8,55,0,0,1,8,4,1100
762980569,1075,1617,0,-1529,296,4,8,55,0,0,1,8,4,1100
762981746,1177,1617,0,-1529,469,4,8,55,0,0,1,8,4,1100
762982598,852,1617,0,-1529,313,4,8,55,0,0,1,8,4,1100
762983538,940,1617,0,-1529,259,5,8,55,0,0,1,8,4,1100
762984545,1007,1617,0,-1529,275,4,0,55,0,0,1,8,4,1100
762985527,982,1618,1,-1530,251,4,-8,55,0,0,1,8,4,1100
762986544,1017,1618,0,-1530,274,4,0,55,0,0,1,8,4,1100
762987529,985,1618,0,-1530,252,4,0,55,0,0,1,8,4,1100
762988536,1007,1617,-1,-1529,264,4,8,55,0,0,1,8,4,1100
762989537,1001,1617,0,-1529,252,4,8,55,0,0,1,8,4,1100
762990556,1019,1618,1,-1530,274,4,0,55,0,0,1,8,4,1100
762991603,1047,1618,0,-1530,326,4,0,55,0,0,1,8,4,1100
762992513,910,1618,0,-1530,244,3,-8,55,0,0,1,8,4,1100
762993497,984,1618,0,-1530,226,3,0,55,0,0,1,8,4,1100
762994514,1017,1618,0,-1530,235,3,0,55,0,0,1,8,4,1100
762995500,986,1618,0,-1530,226,3,0,55,0,0,1,8,4,1100
762996498,998,1618,0,-1530,226,3,0,55,0,0,1,8,4,1100
762997497,999,1618,0,-1530,225,3,0,55,0,0,1,8,4,1100
762998509,1012,1618,0,-1530,232,2,-8,55,0,0,1,8,4,1100
762999494,985,1618,0,-1530,225,2,-8,55,0,0,1,8,4,1100
763000584,1090,1618,0,-1530,304,1,-8,55,0,0,1,8,4,1100
763001749,1165,1618,0,-1530,455,1,-8,55,0,0,1,8,4,1100
763002593,844,1618,0,-1530,315,1,-8,55,0,0,1,8,4,1100
763003535,942,1618,0,-1530,262,0,-8,55,0,0,1,8,4,1100
763004554,1019,1618,0,-1530,272,0,-8,55,0,0,1,8,4,1100
763005533,979,1618,0,-1530,252,0,-8,55,0,0,1,8,4,1100
763006556,1023,1618,0,-1530,272,-1,-8,55,0,0,1,8,4,1100
763007524,968,1618,0,-1530,251,-1,-8,55,0,0,1,8,4,1100
763008545,1021,1618,0,-1530,269,-1,-8,55,0,0,1,8,4,1100
763009529,984,1618,0,-1530,252,-1,-8,55,0,0,1,8,4,1100
763010547,1018,1618,0,-1530,273,-2,-8,55,0,0,1,8,4,1100
763011605,1058,1618,0,-1530,327,-2,-8,55,0,0,1,8,4,1100
763012519,914,1618,0,-1530,244,-2,-8,55,0,0,1,8,4,1100
763013501,982,1618,0,-1530,226,-2,-8,55,0,0,1,8,4,1100
763014514,1013,1618,0,-1530,235,-3,-8,55,0,0,1,8,4,1100
763015499,985,1617,-1,-1529,226,-3,0,55,0,0,1,8,4,1100
763016497,998,1618,1,-1530,226,-2,0,55,0,0,1,8,4,1100
763017497,1000,1618,0,-1530,225,-2,0,55,0,0,1,8,4,1100
763018509,1012,1617,-1,-1529,232,-2,8,55,0,0,1,8,4,1100
763019494,985,1617,0,-1529,225,-2,0,55,0,0,1,8,4,1100
763020580,1086,1617,0,-1529,305,-1,8,55,0,0,1,8,4,1100
763021720,1140,1618,1,-1530,446,-1,0,55,0,0,1,8,4,1100
763022595,875,1618,0,-1530,318,-1,0,55,0,0,1,8,4,1100
763023545,950,1617,-1,-1529,269,-1,8,55,0,0,1,8,4,1100
763024546,1001,1617,0,-1529,271,-1,8,55,0,0,1,8,4,1100
763025536,990,1617,0,-1529,255,0,8,55,0,0,1,8,4,1100
763026554,1018,1617,0,-1529,274,0,8,55,0,0,1,8,4,1100
763027530,976,1617,0,-1529,255,0,8,55,0,0,1,8,4,1100
763028534,1004,1617,0,-1529,265,1,8,55,0,0,1,8,4,1100
763029530,996,1617,0,-1529,254,1,8,55,0,0,1,8,4,1100
763030544,1014,1617,0,-1529,271,1,8,55,0,0,1,8,4,1100
763031595,1051,1617,0,-1529,311,2,8,55,0,0,1,8,4,1100
763032520,925,1617,0,-1529,242,2,8,55,0,0,1,8,4,1100
763033502,982,1617,0,-1529,225,2,8,55,0,0,1,8,4,1100
763034514,1012,1617,0,-1529,235,2,8,55,0,0,1,8,4,1100
763035499,985,1617,0,-1529,226,2,8,55,0,0,1,8,4,1100
763036497,998,1618,1,-1530,226,2,0,55,0,0,1,8,4,1100
763037497,1000,1617,-1,-1529,225,3,8,55,0,0,1,8,4,1100
763038509,1012,1617,0,-1529,232,3,8,55,0,0,1,8,4,1100
763039494,985,1617,0,-1529,225,3,8,55,0,0,1,8,4,1100
763040591,1097,1617,0,-1529,313,3,8,55,0,0,1,8,4,1100
763041728,1137,1617,0,-1529,450,3,8,55,0,0,1,8,4,1100
763042594,866,1617,0,-1529,319,4,8,55,0,0,1,8,4,1100
763043552,958,1617,0,-1529,269,4,8,55,0,0,1,8,4,1100
763044554,1002,1617,0,-1529,275,4,8,55,0,0,1,8,4,1100
763045532,978,1617,0,-1529,255,4,0,55,0,0,1,8,4,1100
763046555,1023,1617,0,-1529,271,4,8,55,0,0,1,8,4,1100
763047534,979,1617,0,-1529,255,4,8,55,0,0,1,8,4,1100
763048534,1000,1617,0,-1529,264,4,0,55,0,0,1,8,4,1100
763049524,990,1617,0,-1529,252,4,0,55,0,0,1,8,4,1100
763050543,1019,1617,0,-1529,274,4,0,55,0,0,1,8,4,1100
763051604,1061,1617,0,-1529,332,3,0,55,0,0,1,8,4,1100
763052520,916,1617,0,-1529,242,4,8,55,0,0,1,8,4,1100
763053504,984,1617,0,-1529,225,4,8,55,0,0,1,8,4,1100
763054519,1015,1617,0,-1529,235,4,0,55,0,0,1,8,4,1100
763055505,986,1617,0,-1529,226,4,0,55,0,0,1,8,4,1100
763056502,997,1617,0,-1529,225,3,0,55,0,0,1,8,4,1100
763057500,998,1617,0,-1529,225,3,0,55,0,0,1,8,4,1100
763058509,1009,1617,0,-1529,232,3,0,55,0,0,1,8,4,1100
763059494,985,1617,0,-1529,225,3,0,55,0,0,1,8,4,1100
763060591,1097,1617,0,-1529,307,3,0,55,0,0,1,8,4,1100
763061710,1119,1617,0,-1529,440,3,0,55,0,0,1,8,4,1100
763062596,886,1617,0,-1529,322,3,0,55,0,0,1,8,4,1100
763063539,943,1617,0,-1529,270,3,0,55,0,0,1,8,4,1100
763064546,1007,1617,0,-1529,273,2,0,55,0,0,1,8,4,1100
763065535,989,1617,0,-1529,259,2,0,55,0,0,1,8,4,1100
763066558,1023,1617,0,-1529,274,3,8,55,0,0,1,8,4,1100
763067529,971,1617,0,-1529,259,2,0,55,0,0,1,8,4,1100
763068538,1009,1617,0,-1529,265,2,0,55,0,0,1,8,4,1100
763069544,1006,1617,0,-1529,262,2,0,55,0,0,1,8,4,1100
763070550,1006,1617,0,-1529,276,2,0,55,0,0,1,8,4,1100
763071600,1050,1617,0,-1529,316,2,0,55,0,0,1,8,4,1100
763072524,924,1617,0,-1529,244,2,0,55,0,0,1,8,4,1100
763073505,981,1617,0,-1529,225,2,0,55,0,0,1,8,4,1100
763074506,1001,1617,0,-1529,236,2,0,55,0,0,1,8,4,1100
763075508,1002,1618,1,-1530,226,1,-8,55,0,0,1,8,4,1100
763076506,998,1618,0,-1530,226,1,-8,55,0,0,1,8,4,1100
763077504,998,1618,0,-1530,226,1,-8,55,0,0,1,8,4,1100
763078509,1005,1618,0,-1530,232,0,-8,55,0,0,1,8,4,1100
763079494,985,1617,-1,-1529,225,0,0,55,0,0,1,8,4,1100
763080585,1091,1617,0,-1529,311,0,0,55,0,0,1,8,4,1100
763081728,1143,1618,1,-1530,447,0,-8,55,0,0,1,8,4,1100
763082611,883,1618,0,-1530,324,0,-8,55,0,0,1,8,4,1100
763083538,927,1618,0,-1530,260,-1,-8,55,0,0,1,8,4,1100
763084556,1018,1618,0,-1530,273,-1,-8,55,0,0,1,8,4,1100
763085534,978,1618,0,-1530,258,-1,-8,55,0,0,1,8,4,1100
763086554,1020,1618,0,-1530,271,-1,-8,55,0,0,1,8,4,1100
763087526,972,1618,0,-1530,254,-2,-8,55,0,0,1,8,4,1100
763088554,1028,1618,0,-1530,273,-2,-8,55,0,0,1,8,4,1100
763089526,972,1618,0,-1530,252,-2,-8,55,0,0,1,8,4,1100
763090560,1034,1618,0,-1530,276,-2,-8,55,0,0,1,8,4,1100
763091604,1044,1618,0,-1530,331,-3,-8,55,0,0,1,8,4,1100
763092521,917,1618,0,-1530,243,-3,-8,55,0,0,1,8,4,1100
763093504,983,1618,0,-1530,225,-3,-8,55,0,0,1,8,4,1100
763094505,1001,1618,0,-1530,235,-3,-8,55,0,0,1,8,4,1100
763095507,1002,1618,0,-1530,226,-3,-8,55,0,0,1,8,4,1100
763096505,998,1618,0,-1530,225,-4,-8,55,0,0,1,8,4,1100
763097503,998,1618,0,-1530,225,-4,-8,55,0,0,1,8,4,1100
763098509,1006,1618,0,-1530,232,-4,-8,55,0,0,1,8,4,1100
763099494,985,1618,0,-1530,225,-4,-8,55,0,0,1,8,4,1100
763100591,1097,1618,0,-1530,307,-4,-8,55,0,0,1,8,4,1100
763101713,1122,1618,0,-1530,439,-4,-8,55,0,0,1,8,4,1100
763102596,883,1618,0,-1530,322,-5,-8,55,0,0,1,8,4,1100
763103538,942,1618,0,-1530,269,-5,-8,55,0,0,1,8,4,1100
763104546,1008,1618,0,-1530,273,-5,-8,55,0,0,1,8,4,1100
763105535,989,1618,0,-1530,259,-5,0,55,0,0,1,8,4,1100
763106543,1008,1618,0,-1530,273,-4,0,55,0,0,1,8,4,1100
763107532,989,1618,0,-1530,263,-4,0,55,0,0,1,8,4,1100
763108545,1013,1618,0,-1530,269,-4,0,55,0,0,1,8,4,1100
763109529,984,1618,0,-1530,259,-4,-8,55,0,0,1,8,4,1100
763110550,1021,1618,0,-1530,276,-4,-8,55,0,0,1,8,4,1100
763111600,1050,1618,0,-1530,312,-5,-8,55,0,0,1,8,4,1100
763112521,921,1618,0,-1530,241,-4,0,55,0,0,1,8,4,1100
763113502,981,1618,0,-1530,225,-4,0,55,0,0,1,8,4,1100
763114516,1014,1618,0,-1530,237,-4,0,55,0,0,1,8,4,1100
763115501,985,1618,0,-1530,226,-4,0,55,0,0,1,8,4,1100
763116498,997,1618,0,-1530,225,-4,0,55,0,0,1,8,4,1100
763117497,999,1618,0,-1530,225,-4,0,55,0,0,1,8,4,1100
763118509,1012,1618,0,-1530,232,-3,0,55,0,0,1,8,4,1100
763119494,985,1618,0,-1530,225,-3,0,55,0,0,1,8,4,1100
763120583,1089,1618,0,-1530,309,-3,0,55,0,0,1,8,4,1100
763121752,1169,1618,0,-1530,463,-3,0,55,0,0,1,8,4,1100
763122594,842,1618,0,-1530,320,-3,0,55,0,0,1,8,4,1100
763123537,943,1618,0,-1530,263,-3,0,55,0,0,1,8,4,1100
763124554,1017,1618,0,-1530,274,-3,0,55,0,0,1,8,4,1100
763125521,967,1618,0,-1530,251,-3,0,55,0,0,1,8,4,1100
763126559,1038,1618,0,-1530,275,-2,0,55,0,0,1,8,4,1100
763127531,972,1617,-1,-1529,253,-2,8,55,0,0,1,8,4,1100
763128544,1013,1618,1,-1530,269,-2,0,55,0,0,1,8,4,1100
763129527,983,1618,0,-1530,252,-2,0,55,0,0,1,8,4,1100
763130555,1028,1618,0,-1530,274,-2,0,55,0,0,1,8,4,1100
763131612,1057,1618,0,-1530,340,-2,0,55,0,0,1,8,4,1100
763132519,907,1618,0,-1530,243,-2,0,55,0,0,1,8,4,1100
763133503,984,1618,0,-1530,226,-2,0,55,0,0,1,8,4,1100
763134506,1003,1618,0,-1530,235,-2,0,55,0,0,1,8,4,1100
763135507,1001,1618,0,-1530,225,-2,0,55,0,0,1,8,4,1100
763136505,998,1617,-1,-1529,225,-1,8,55,0,0,1,8,4,1100
763137503,998,1617,0,-1529,225,-1,8,55,0,0,1,8,4,1100
763138509,1006,1617,0,-1529,232,0,8,55,0,0,1,8,4,1100
763139494,985,1618,1,-1530,225,0,0,55,0,0,1,8,4,1100
763140582,1088,1618,0,-1530,303,0,0,55,0,0,1,8,4,1100
763141730,1148,1618,0,-1530,452,0,0,55,0,0,1,8,4,1100
763142605,875,1618,0,-1530,320,0,0,55,0,0,1,8,4,1100
763143552,947,1617,-1,-1529,267,0,8,55,0,0,1,8,4,1100
763144555,1003,1617,0,-1529,272,0,8,55,0,0,1,8,4,1100
763145531,976,1618,1,-1530,256,0,0,55,0,0,1,8,4,1100
763146560,1029,1617,-1,-1529,277,1,8,55,0,0,1,8,4,1100
763147536,976,1617,0,-1529,255,1,8,55,0,0,1,8,4,1100
763148553,1017,1617,0,-1529,269,1,8,55,0,0,1,8,4,1100
763149528,975,1617,0,-1529,254,1,8,55,0,0,1,8,4,1100
763150536,1008,1617,0,-1529,267,2,8,55,0,0,1,8,4,1100
763151606,1070,1617,0,-1529,322,2,8,55,0,0,1,8,4,1100
763152524,918,1617,0,-1529,242,2,8,55,0,0,1,8,4,1100
763153506,982,1617,0,-1529,226,2,8,55,0,0,1,8,4,1100
763154505,999,1617,0,-1529,236,3,8,55,0,0,1,8,4,1100
763155507,1002,1617,0,-1529,226,3,8,55,0,0,1,8,4,1100
763156505,998,1617,0,-1529,226,3,8,55,0,0,1,8,4,1100
763157503,998,1617,0,-1529,226,3,8,55,0,0,1,8,4,1100
763158508,1005,1617,0,-1529,232,3,0,55,0,0,1,8,4,1100
763159494,986,1617,0,-1529,225,3,8,55,0,0,1,8,4,1100
763160588,1094,1617,0,-1529,307,3,8,55,0,0,1,8,4,1100
763161729,1141,1617,0,-1529,452,4,8,55,0,0,1,8,4,1100
763162598,869,1617,0,-1529,323,4,8,55,0,0,1,8,4,1100
763163545,947,1617,0,-1529,268,4,8,55,0,0,1,8,4,1100
763164552,1007,1617,0,-1529,276,4,8,55,0,0,1,8,4,1100
763165533,981,1617,0,-1529,256,4,8,55,0,0,1,8,4,1100
763166544,1011,1617,0,-1529,274,4,0,55,0,0,1,8,4,1100
763167536,992,1617,0,-1529,253,4,0,55,0,0,1,8,4,1100
763168543,1007,1617,0,-1529,269,4,0,55,0,0,1,8,4,1100
763169536,993,1617,0,-1529,255,4,8,55,0,0,1,8,4,1100
763170537,1001,1617,0,-1529,268,4,8,55,0,0,1,8,4,1100
763171610,1073,1617,0,-1529,323,4,8,55,0,0,1,8,4,1100
763172517,907,1617,0,-1529,239,4,8,55,0,0,1,8,4,1100
763173499,982,1617,0,-1529,226,5,8,55,0,0,1,8,4,1100
763174513,1014,1617,0,-1529,235,4,0,55,0,0,1,8,4,1100
763175498,985,1617,0,-1529,226,4,0,55,0,0,1,8,4,1100
763176497,999,1617,0,-1529,226,4,8,55,0,0,1,8,4,1100
763177497,1000,1617,0,-1529,225,4,0,55,0,0,1,8,4,1100
763178509,1012,1617,0,-1529,232,4,0,55,0,0,1,8,4,1100
763179494,985,1617,0,-1529,225,4,0,55,0,0,1,8,4,1100
763180578,1084,1617,0,-1529,304,4,0,55,0,0,1,8,4,1100
763181731,1153,1617,0,-1529,454,4,0,55,0,0,1,8,4,1100
763182591,860,1617,0,-1529,318,3,0,55,0,0,1,8,4,1100
763183537,946,1617,0,-1529,266,3,0,55,0,0,1,8,4,1100
763184536,999,1617,0,-1529,267,3,0,55,0,0,1,8,4,1100
763185529,993,1617,0,-1529,256,3,0,55,0,0,1,8,4,1100
763186555,1026,1617,0,-1529,274,3,0,55,0,0,1,8,4,1100
763187534,979,1617,0,-1529,257,3,0,55,0,0,1,8,4,1100
763188543,1009,1617,0,-1529,267,3,0,55,0,0,1,8,4,1100
763189534,991,1617,0,-1529,255,3,0,55,0,0,1,8,4,1100
763190551,1017,1617,0,-1529,275,2,0,55,0,0,1,8,4,1100
763191601,1050,1617,0,-1529,324,2,0,55,0,0,1,8,4,1100
763192524,923,1617,0,-1529,244,2,0,55,0,0,1,8,4,1100
763193505,981,1617,0,-1529,225,2,0,55,0,0,1,8,4,1100
763194506,1001,1617,0,-1529,236,2,0,55,0,0,1,8,4,1100
763195507,1001,1617,0,-1529,225,2,0,55,0,0,1,8,4,1100
763196505,998,1617,0,-1529,225,2,0,55,0,0,1,8,4,1100
763197503,998,1617,0,-1529,225,2,0,55,0,0,1,8,4,1100
763198508,1005,1617,0,-1529,231,2,0,55,0,0,1,8,4,1100
763199494,986,1617,0,-1529,225,2,0,55,0,0,1,8,4,1100
763200591,1097,1617,0,-1529,310,2,0,55,0,0,1,8,4,1100
763201722,1131,1617,0,-1529,445,2,0,55,0,0,1,8,4,1100
763202612,890,1617,0,-1529,325,2,0,55,0,0,1,8,4,1100
763203538,926,1617,0,-1529,264,1,0,55,0,0,1,8,4,1100
763204557,1019,1617,0,-1529,274,1,0,55,0,0,1,8,4,1100
763205534,977,1617,0,-1529,254,1,0,55,0,0,1,8,4,1100
763206556,1022,1617,0,-1529,275,1,0,55,0,0,1,8,4,1100
763207526,970,1617,0,-1529,255,1,0,55,0,0,1,8,4,1100
763208537,1011,1617,0,-1529,264,1,0,55,0,0,1,8,4,1100
763209533,996,1617,0,-1529,255,1,0,55,0,0,1,8,4,1100
763210543,1010,1617,0,-1529,272,1,0,55,0,0,1,8,4,1100
763211601,1058,1617,0,-1529,327,1,0,55,0,0,1,8,4,1100
763212517,916,1617,0,-1529,242,1,0,55,0,0,1,8,4,1100
763213498,981,1617,0,-1529,226,1,0,55,0,0,1,8,4,1100
763214510,1012,1617,0,-1529,235,1,0,55,0,0,1,8,4,1100
763215497,987,1617,0,-1529,226,1,0,55,0,0,1,8,4,1100
763216497,1000,1617,0,-1529,226,1,0,55,0,0,1,8,4,1100
763217497,1000,1617,0,-1529,225,1,0,55,0,0,1,8,4,1100
763218508,1011,1617,0,-1529,231,1,0,55,0,0,1,8,4,1100
763219494,986,1617,0,-1529,225,1,0,55,0,0,1,8,4,1100
763220575,1081,1617,0,-1529,304,1,0,55,0,0,1,8,4,1100
763221721,1146,1617,0,-1529,448,1,0,55,0,0,1,8,4,1100
763222589,868,1617,0,-1529,318,1,0,55,0,0,1,8,4,1100
763223536,947,1617,0,-1529,265,1,0,55,0,0,1,8,4,1100
763224552,1016,1617,0,-1529,272,1,0,55,0,0,1,8,4,1100
763225527,975,1617,0,-1529,255,1,0,55,0,0,1,8,4,1100
763226550,1023,1617,0,-1529,272,1,0,55,0,0,1,8,4,1100
763227528,978,1617,0,-1529,254,1,0,55,0,0,1,8,4,1100
763228537,1009,1617,0,-1529,266,1,0,55,0,0,1,8,4,1100
763229529,992,1617,0,-1529,255,1,0,55,0,0,1,8,4,1100
763230559,1030,1617,0,-1529,275,0,0,55,0,0,1,8,4,1100
763231592,1033,1617,0,-1529,317,0,0,55,0,0,1,8,4,1100
763232521,929,1617,0,-1529,244,0,0,55,0,0,1,8,4,1100
763233502,981,1617,0,-1529,225,0,0,55,0,0,1,8,4,1100
763234515,1013,1617,0,-1529,236,0,0,55,0,0,1,8,4,1100
763235500,985,1617,0,-1529,226,0,0,55,0,0,1,8,4,1100
763236498,998,1617,0,-1529,226,0,0,55,0,0,1,8,4,1100
763237497,999,1617,0,-1529,225,0,0,55,0,0,1,8,4,1100
763238509,1012,1617,0,-1529,232,0,0,55,0,0,1,8,4,1100
763239494,985,1617,0,-1529,225,0,0,55,0,0,1,8,4,1100
763240585,1091,1617,0,-1529,309,0,0,55,0,0,1,8,4,1100
763241746,1161,1617,0,-1529,455,0,0,55,0,0,1,8,4,1100
763242594,848,1617,0,-1529,319,0,0,55,0,0,1,8,4,1100
763243545,951,1617,0,-1529,268,0,0,55,0,0,1,8,4,1100
763244545,1000,1617,0,-1529,269,0,0,55,0,0,1,8,4,1100
763245527,982,1617,0,-1529,252,0,0,55,0,0,1,8,4,1100
763246556,1029,1617,0,-1529,272,0,0,55,0,0,1,8,4,1100
763247525,969,1617,0,-1529,253,0,0,55,0,0,1,8,4,1100
763248533,1008,1617,0,-1529,264,0,0,55,0,0,1,8,4,1100
763249534,1001,1617,0,-1529,254,0,0,55,0,0,1,8,4,1100
763250550,1016,1617,0,-1529,275,0,0,55,0,0,1,8,4,1100
763251612,1062,1617,0,-1529,326,0,0,55,0,0,1,8,4,1100
763252521,909,1617,0,-1529,243,0,0,55,0,0,1,8,4,1100
763253502,981,1617,0,-1529,225,0,0,55,0,0,1,8,4,1100
763254505,1003,1617,0,-1529,235,0,0,55,0,0,1,8,4,1100
763255507,1002,1617,0,-1529,226,0,0,55,0,0,1,8,4,1100
763256505,998,1617,0,-1529,226,0,0,55,0,0,1,8,4,1100
763257502,997,1617,0,-1529,225,0,0,55,0,0,1,8,4,1100
763258509,1007,1617,0,-1529,232,0,0,55,0,0,1,8,4,1100
763259494,985,1617,0,-1529,225,0,0,55,0,0,1,8,4,1100
763260580,1086,1617,0,-1529,302,0,0,55,0,0,1,8,4,1100
763261747,1167,1617,0,-1529,459,0,0,55,0,0,1,8,4,1100
763262594,847,1617,0,-1529,313,0,0,55,0,0,1,8,4,1100
763263549,955,1617,0,-1529,267,0,0,55,0,0,1,8,4,1100
763264553,1004,1617,0,-1529,273,0,0,55,0,0,1,8,4,1100
763265519,966,1617,0,-1529,250,0,0,55,0,0,1,8,4,1100
763266559,1040,1617,0,-1529,274,0,0,55,0,0,1,8,4,1100
763267529,970,1617,0,-1529,251,0,0,55,0,0,1,8,4,1100
763268534,1005,1617,0,-1529,265,0,0,55,0,0,1,8,4,1100
763269536,1002,1617,0,-1529,252,0,0,55,0,0,1,8,4,1100
763270553,1017,1617,0,-1529,275,0,0,55,0,0,1,8,4,1100
763271600,1047,1617,0,-1529,328,0,0,55,0,0,1,8,4,1100
763272520,920,1617,0,-1529,246,0,0,55,0,0,1,8,4,1100
763273502,982,1617,0,-1529,226,0,0,55,0,0,1,8,4,1100
763274515,1013,1617,0,-1529,235,0,0,55,0,0,1,8,4,1100
763275500,985,1617,0,-1529,225,0,0,55,0,0,1,8,4,1100
763276498,998,1617,0,-1529,225,0,0,55,0,0,1,8,4,1100
763277497,999,1617,0,-1529,226,0,0,55,0,0,1,8,4,1100
763278508,1011,1617,0,-1529,231,0,0,55,0,0,1,8,4,1100
763279494,986,1617,0,-1529,225,0,0,55,0,0,1,8,4,1100
763280579,1085,1617,0,-1529,302,0,0,55,0,0,1,8,4,1100
763281728,1149,1617,0,-1529,450,0,0,55,0,0,1,8,4,1100
763282592,864,1617,0,-1529,318,0,0,55,0,0,1,8,4,1100
763283549,957,1617,0,-1529,271,0,0,55,0,0,1,8,4,1100
763284555,1006,1617,0,-1529,273,0,0,55,0,0,1,8,4,1100
763285531,976,1617,0,-1529,254,0,0,55,0,0,1,8,4,1100
763286552,1021,1617,0,-1529,274,0,0,55,0,0,1,8,4,1100
763287528,976,1617,0,-1529,254,0,0,55,0,0,1,8,4,1100
763288542,1014,1617,0,-1529,270,0,0,55,0,0,1,8,4,1100
763289534,992,1617,0,-1529,253,0,0,55,0,0,1,8,4,1100
763290552,1018,1617,0,-1529,276,0,0,55,0,0,1,8,4,1100
763291604,1052,1617,0,-1529,325,0,0,55,0,0,1,8,4,1100
763292523,919,1617,0,-1529,241,0,0,55,0,0,1,8,4,1100
763293505,982,1617,0,-1529,226,0,0,55,0,0,1,8,4,1100
763294520,1015,1617,0,-1529,236,0,0,55,0,0,1,8,4,1100
763295505,985,1617,0,-1529,226,0,0,55,0,0,1,8,4,1100
763296502,997,1617,0,-1529,225,0,0,55,0,0,1,8,4,1100
763297500,998,1617,0,-1529,225,0,0,55,0,0,1,8,4,1100
763298509,1009,1617,0,-1529,232,0,0,55,0,0,1,8,4,1100
763299494,985,1617,0,-1529,225,0,0,55,0,0,1,8,4,1100
763300592,1098,1617,0,-1529,309,0,0,55,0,0,1,8,4,1100
763301719,1127,1617,0,-1529,449,0,0,55,0,0,1,8,4,1100
763302603,884,1617,0,-1529,324,0,0,55,0,0,1,8,4,1100
763303553,950,1617,0,-1529,274,0,0,55,0,0,1,8,4,1100
763304545,992,1617,0,-1529,272,0,0,55,0,0,1,8,4,1100
763305535,990,1617,0,-1529,259,0,0,55,0,0,1,8,4,1100
763306538,1003,1617,0,-1529,268,0,0,55,0,0,1,8,4,1100
763307543,1005,1617,0,-1529,261,0,0,55,0,0,1,8,4,1100
763308551,1008,1617,0,-1529,273,0,0,55,0,0,1,8,4,1100
763309544,993,1617,0,-1529,262,0,0,55,0,0,1,8,4,1100
763310550,1006,1617,0,-1529,273,0,0,55,0,0,1,8,4,1100
763311607,1057,1617,0,-1529,320,0,0,55,0,0,1,8,4,1100
763312521,914,1617,0,-1529,244,0,0,55,0,0,1,8,4,1100
763313502,981,1617,0,-1529,225,0,0,55,0,0,1,8,4,1100
763314514,1012,1617,0,-1529,236,0,0,55,0,0,1,8,4,1100
763315499,985,1617,0,-1529,225,0,0,55,0,0,1,8,4,1100
763316497,998,1617,0,-1529,225,0,0,55,0,0,1,8,4,1100
763317497,1000,1617,0,-1529,226,0,0,55,0,0,1,8,4,1100
763318508,1011,1617,0,-1529,231,0,0,55,0,0,1,8,4,1100
763319494,986,1617,0,-1529,225,0,0,55,0,0,1,8,4,1100
763320580,1086,1617,0,-1529,308,0,0,55,0,0,1,8,4,1100
763321753,1173,1617,0,-1529,462,0,0,55,0,0,1,8,4,1100
763322584,831,1617,0,-1529,312,0,0,55,0,0,1,8,4,1100
763323552,968,1617,0,-1529,270,0,0,55,0,0,1,8,4,1100
763324551,999,1617,0,-1529,269,0,0,55,0,0,1,8,4,1100
763325536,985,1617,0,-1529,253,0,0,55,0,0,1,8,4,1100
763326544,1008,1617,0,-1529,272,0,0,55,0,0,1,8,4,1100
763327530,986,1617,0,-1529,254,0,0,55,0,0,1,8,4,1100
763328533,1003,1617,0,-1529,261,0,0,55,0,0,1,8,4,1100
763329532,999,1617,0,-1529,254,0,0,55,0,0,1,8,4,1100
763330544,1012,1617,0,-1529,270,0,0,55,0,0,1,8,4,1100
763331599,1055,1617,0,-1529,325,0,0,55,0,0,1,8,4,1100
763332526,927,1617,0,-1529,248,0,0,55,0,0,1,8,4,1100
763333494,968,1617,0,-1529,225,0,0,55,0,0,1,8,4,1100
763334508,1014,1617,0,-1529,235,0,0,55,0,0,1,8,4,1100
763335494,986,1617,0,-1529,225,0,0,55,0,0,1,8,4,1100
763336494,1000,1617,0,-1529,225,0,0,55,0,0,1,8,4,1100
763337495,1001,1617,0,-1529,226,0,0,55,0,0,1,8,4,1100
763338506,1011,1617,0,-1529,232,0,0,55,0,0,1,8,4,1100
763339507,1001,1617,0,-1529,226,0,0,55,0,0,1,8,4,1100
763340591,1084,1617,0,-1529,305,0,0,55,0,0,1,8,4,1100
763341734,1143,1617,0,-1529,451,0,0,55,0,0,1,8,4,1100
763342594,860,1617,0,-1529,319,0,0,55,0,0,1,8,4,1100
763343536,942,1617,0,-1529,262,0,0,55,0,0,1,8,4,1100
763344555,1019,1617,0,-1529,273,0,0,55,0,0,1,8,4,1100
763345532,977,1617,0,-1529,255,0,0,55,0,0,1,8,4,1100
763346555,1023,1617,0,-1529,274,0,0,55,0,0,1,8,4,1100
763347533,978,1617,0,-1529,256,0,0,55,0,0,1,8,4,1100
763348544,1011,1616,-1,-1528,269,0,8,55,0,0,1,8,4,1100
763349534,990,1617,1,-1529,254,0,0,55,0,0,1,8,4,1100
763350548,1014,1617,0,-1529,275,0,0,55,0,0,1,8,4,1100
763351607,1059,1616,-1,-1528,323,1,8,55,0,0,1,8,4,1100
763352520,913,1616,0,-1528,243,1,8,55,0,0,1,8,4,1100
763353502,982,1616,0,-1528,226,1,8,55,0,0,1,8,4,1100
763354505,1003,1616,0,-1528,235,1,8,55,0,0,1,8,4,1100
763355507,1002,1616,0,-1528,226,2,8,55,0,0,1,8,4,1100
763356505,998,1616,0,-1528,226,2,8,55,0,0,1,8,4,1100
763357503,998,1616,0,-1528,226,2,8,55,0,0,1,8,4,1100
763358508,1005,1616,0,-1528,232,2,8,55,0,0,1,8,4,1100
763359495,987,1616,0,-1528,226,3,8,55,0,0,1,8,4,1100
763360589,1094,1616,0,-1528,314,3,8,55,0,0,1,8,4,1100
763361729,1140,1616,0,-1528,444,3,8,55,0,0,1,8,4,1100
763362608,879,1616,0,-1528,325,3,8,55,0,0,1,8,4,1100
763363535,927,1616,0,-1528,264,3,8,55,0,0,1,8,4,1100
763364551,1016,1616,0,-1528,268,4,8,55,0,0,1,8,4,1100
763365533,982,1616,0,-1528,254,4,8,55,0,0,1,8,4,1100
763366554,1021,1616,0,-1528,275,4,8,55,0,0,1,8,4,1100
763367527,973,1616,0,-1528,255,4,8,55,0,0,1,8,4,1100
763368554,1027,1616,0,-1528,269,4,8,55,0,0,1,8,4,1100
763369526,972,1616,0,-1528,253,4,8,55,0,0,1,8,4,1100
763370559,1033,1616,0,-1528,275,5,8,55,0,0,1,8,4,1100
763371611,1052,1616,0,-1528,323,5,8,55,0,0,1,8,4,1100
763372508,897,1616,0,-1528,239,5,8,55,0,0,1,8,4,1100
763373507,999,1616,0,-1528,226,5,8,55,0,0,1,8,4,1100
763374506,999,1616,0,-1528,235,5,8,55,0,0,1,8,4,1100
763375508,1002,1616,0,-1528,226,5,8,55,0,0,1,8,4,1100
763376506,998,1616,0,-1528,226,5,8,55,0,0,1,8,4,1100
763377504,998,1616,0,-1528,226,5,8,55,0,0,1,8,4,1100
763378510,1006,1616,0,-1528,232,5,8,55,0,0,1,8,4,1100
763379494,984,1616,0,-1528,225,5,0,55,0,0,1,8,4,1100
763380594,1100,1616,0,-1528,312,5,8,55,0,0,1,8,4,1100
763381720,1126,1616,0,-1528,446,5,0,55,0,0,1,8,4,1100
763382615,895,1616,0,-1528,330,5,0,55,0,0,1,8,4,1100
763383552,937,1616,0,-1528,268,5,0,55,0,0,1,8,4,1100
763384545,993,1616,0,-1528,272,5,0,55,0,0,1,8,4,1100
763385533,988,1616,0,-1528,256,4,0,55,0,0,1,8,4,1100
763386552,1019,1616,0,-1528,279,4,0,55,0,0,1,8,4,1100
763387526,974,1616,0,-1528,257,4,0,55,0,0,1,8,4,1100
763388549,1023,1616,0,-1528,271,4,0,55,0,0,1,8,4,1100
763389531,982,1616,0,-1528,256,4,0,55,0,0,1,8,4,1100
763390560,1029,1616,0,-1528,276,4,0,55,0,0,1,8,4,1100
763391592,1032,1616,0,-1528,321,3,0,55,0,0,1,8,4,1100
763392525,933,1616,0,-1528,244,3,0,55,0,0,1,8,4,1100
763393507,982,1616,0,-1528,226,3,0,55,0,0,1,8,4,1100
763394506,999,1616,0,-1528,237,3,0,55,0,0,1,8,4,1100
763395507,1001,1616,0,-1528,225,3,0,55,0,0,1,8,4,1100
763396505,998,1616,0,-1528,225,3,0,55,0,0,1,8,4,1100
763397503,998,1616,0,-1528,225,3,0,55,0,0,1,8,4,1100
763398508,1005,1616,0,-1528,231,3,0,55,0,0,1,8,4,1100
763399494,986,1616,0,-1528,225,3,0,55,0,0,1,8,4,1100
763400608,1114,1616,0,-1528,323,2,0,55,0,0,1,8,4,1100
763401709,1101,1616,0,-1528,438,2,0,55,0,0,1,8,4,1100
763402599,890,1616,0,-1528,321,2,0,55,0,0,1,8,4,1100
763403545,946,1616,0,-1528,274,2,0,55,0,0,1,8,4,1100
763404555,1010,1616,0,-1528,272,2,0,55,0,0,1,8,4,1100
763405544,989,1616,0,-1528,264,2,0,55,0,0,1,8,4,1100
763406538,994,1616,0,-1528,267,2,0,55,0,0,1,8,4,1100
763407554,1016,1616,0,-1528,270,2,0,55,0,0,1,8,4,1100
763431951,24397,1616,0,-1528,349,0,0,55,0,0,72,9,5,550
763432815,864,1616,0,-1528,213,0,0,55,0,0,1,9,5,550
763433820,1005,1616,0,-1528,213,0,0,55,0,0,1,9,5,550
763434835,1015,1616,0,-1528,223,0,0,55,0,0,1,9,5,550
763435823,988,1616,0,-1528,213,0,0,55,0,0,1,9,5,550
763436825,1002,1616,0,-1528,213,0,0,55,0,0,1,9,5,550
763437826,1001,1616,0,-1528,214,0,0,55,0,0,1,9,5,550
763438827,1001,1616,0,-1528,223,0,0,55,0,0,1,9,5,550
763439812,985,1616,0,-1528,213,0,0,55,0,0,1,9,5,550
763440909,1097,1616,0,-1528,306,0,0,55,0,0,1,9,5,550
763441994,1085,1616,0,-1528,386,0,0,55,0,0,1,9,5,550
763442875,881,1616,0,-1528,270,0,0,55,0,0,1,9,5,550
763443847,972,1616,0,-1528,242,0,0,55,0,0,1,9,5,550
763444850,1003,1616,0,-1528,245,0,0,55,0,0,1,9,5,550
763445831,981,1616,0,-1528,232,0,0,55,0,0,1,9,5,550
763446854,1023,1616,0,-1528,252,0,0,55,0,0,1,9,5,550
763447844,990,1616,0,-1528,246,0,0,55,0,0,1,9,5,550
763448840,996,1616,0,-1528,241,0,0,55,0,0,1,9,5,550
763449850,1010,1616,0,-1528,241,0,0,55,0,0,1,9,5,550
763450852,1002,1616,0,-1528,245,0,0,55,0,0,1,9,5,550
763451903,1051,1616,0,-1528,302,0,0,55,0,0,1,9,5,550
763452836,933,1616,0,-1528,224,0,0,55,0,0,1,9,5,550
763453817,981,1616,0,-1528,217,0,0,55,0,0,1,9,5,550
763454840,1023,1616,0,-1528,239,0,0,55,0,0,1,9,5,550
763455820,980,1616,0,-1528,213,0,0,55,0,0,1,9,5,550
763456826,1006,1616,0,-1528,226,0,0,55,0,0,1,9,5,550
763457816,990,1616,0,-1528,217,0,0,55,0,0,1,9,5,550
763458840,1024,1616,0,-1528,234,0,0,55,0,0,1,9,5,550
763459815,975,1616,0,-1528,213,0,0,55,0,0,1,9,5,550
763460926,1111,1616,0,-1528,315,0,0,55,0,0,1,9,5,550
763461995,1069,1616,0,-1528,375,0,0,55,0,0,1,9,5,550
763462875,880,1616,0,-1528,274,0,0,55,0,0,1,9,5,550
763463857,982,1616,0,-1528,258,0,0,55,0,0,1,9,5,550
763464849,992,1616,0,-1528,252,0,0,55,0,0,1,9,5,550
763465856,1007,1616,0,-1528,255,0,0,55,0,0,1,9,5,550
763466859,1003,1616,0,-1528,247,0,0,55,0,0,1,9,5,550
763467857,998,1616,0,-1528,260,0,0,55,0,0,1,9,5,550
763468850,993,1616,0,-1528,245,0,0,55,0,0,1,9,5,550
763469860,1010,1616,0,-1528,257,0,0,55,0,0,1,9,5,550
763470853,993,1616,0,-1528,248,0,0,55,0,0,1,9,5,550
763471916,1063,1616,0,-1528,305,0,0,55,0,0,1,9,5,550
763472835,919,1616,0,-1528,233,0,0,55,0,0,1,9,5,550
763473830,995,1616,0,-1528,226,0,0,55,0,0,1,9,5,550
763474835,1005,1616,0,-1528,236,0,0,55,0,0,1,9,5,550
763475831,996,1616,0,-1528,226,0,0,55,0,0,1,9,5,550
763476833,1002,1616,0,-1528,226,0,0,55,0,0,1,9,5,550
763477835,1002,1616,0,-1528,226,0,0,55,0,0,1,9,5,550
763478836,1001,1616,0,-1528,233,0,0,55,0,0,1,9,5,550
763479827,991,1616,0,-1528,226,0,0,55,0,0,1,9,5,550
763480919,1092,1616,0,-1528,310,0,0,55,0,0,1,9,5,550
763481974,1055,1616,0,-1528,370,0,0,55,0,0,1,9,5,550
763482891,917,1616,0,-1528,279,0,0,55,0,0,1,9,5,550
763483857,966,1616,0,-1528,255,0,0,55,0,0,1,9,5,550
763484861,1004,1616,0,-1528,251,0,0,55,0,0,1,9,5,550
763485861,1000,1616,0,-1528,255,0,0,55,0,0,1,9,5,550
763486859,998,1616,0,-1528,249,0,0,55,0,0,1,9,5,550
763487869,1010,1616,0,-1528,263,0,0,55,0,0,1,9,5,550
763488840,971,1616,0,-1528,239,0,0,55,0,0,1,9,5,550
763489870,1030,1616,0,-1528,259,0,0,55,0,0,1,9,5,550
763490857,987,1616,0,-1528,249,0,0,55,0,0,1,9,5,550
763491904,1047,1616,0,-1528,303,0,0,55,0,0,1,9,5,550
763492844,940,1616,0,-1528,231,0,0,55,0,0,1,9,5,550
763493837,993,1616,0,-1528,226,0,0,55,0,0,1,9,5,550
763494837,1000,1616,0,-1528,236,0,0,55,0,0,1,9,5,550
763495837,1000,1616,0,-1528,228,0,0,55,0,0,1,9,5,550
763496823,986,1616,0,-1528,226,0,0,55,0,0,1,9,5,550
763497826,1003,1616,0,-1528,227,0,0,55,0,0,1,9,5,550
763498839,1013,1616,0,-1528,234,0,0,55,0,0,1,9,5,550
763499831,992,1616,0,-1528,226,0,0,55,0,0,1,9,5,550
763500932,1101,1616,0,-1528,317,0,0,55,0,0,1,9,5,550
763501971,1039,1616,0,-1528,361,0,0,55,0,0,1,9,5,550
763502881,910,1616,0,-1528,277,0,0,55,0,0,1,9,5,550
763503875,994,1616,0,-1528,263,0,0,55,0,0,1,9,5,550
763504839,964,1616,0,-1528,239,0,0,55,0,0,1,9,5,550
763505860,1021,1616,0,-1528,256,0,0,55,0,0,1,9,5,550
763506854,994,1616,0,-1528,246,0,0,55,0,0,1,9,5,550
763507873,1019,1616,0,-1528,262,0,0,55,0,0,1,9,5,550
763508838,965,1616,0,-1528,237,0,0,55,0,0,1,9,5,550
763509859,1021,1616,0,-1528,260,0,0,55,0,0,1,9,5,550
763510849,990,1616,0,-1528,246,0,0,55,0,0,1,9,5,550
763511919,1070,1616,0,-1528,308,0,0,55,0,0,1,9,5,550
763512841,922,1617,1,-1529,229,0,-8,55,0,0,1,9,5,550
763513838,997,1616,-1,-1528,226,0,0,55,0,0,1,9,5,550
763514836,998,1616,0,-1528,235,0,0,55,0,0,1,9,5,550
763515836,1000,1616,0,-1528,228,0,0,55,0,0,1,9,5,550
763516823,987,1616,0,-1528,226,0,0,55,0,0,1,9,5,550
763517826,1003,1616,0,-1528,227,0,0,55,0,0,1,9,5,550
763518839,1013,1616,0,-1528,234,0,0,55,0,0,1,9,5,550
763519831,992,1616,0,-1528,226,0,0,55,0,0,1,9,5,550
763520917,1086,1616,0,-1528,318,0,0,55,0,0,1,9,5,550
763521985,1068,1616,0,-1528,366,0,0,55,0,0,1,9,5,550
763522885,900,1616,0,-1528,276,0,0,55,0,0,1,9,5,550
763523862,977,1616,0,-1528,261,0,0,55,0,0,1,9,5,550
763524856,994,1616,0,-1528,245,0,0,55,0,0,1,9,5,550
763525867,1011,1616,0,-1528,256,0,0,55,0,0,1,9,5,550
763526865,998,1616,0,-1528,253,0,0,55,0,0,1,9,5,550
763527870,1005,1616,0,-1528,262,0,0,55,0,0,1,9,5,550
763528844,974,1616,0,-1528,246,0,0,55,0,0,1,9,5,550
763529871,1027,1616,0,-1528,260,0,0,55,0,0,1,9,5,550
763530859,988,1616,0,-1528,253,0,0,55,0,0,1,9,5,550
763531915,1056,1616,0,-1528,310,0,0,55,0,0,1,9,5,550
763532839,924,1616,0,-1528,228,0,0,55,0,0,1,9,5,550
763533831,992,1616,0,-1528,226,0,0,55,0,0,1,9,5,550
763534831,1000,1616,0,-1528,234,0,0,55,0,0,1,9,5,550
763535830,999,1616,0,-1528,228,0,0,55,0,0,1,9,5,550
763536832,1002,1616,0,-1528,226,0,0,55,0,0,1,9,5,550
763537834,1002,1616,0,-1528,225,0,0,55,0,0,1,9,5,550
763538844,1010,1616,0,-1528,233,0,0,55,0,0,1,9,5,550
763539837,993,1616,0,-1528,226,0,0,55,0,0,1,9,5,550
763540931,1094,1616,0,-1528,316,0,0,55,0,0,1,9,5,550
763541968,1037,1616,0,-1528,362,0,0,55,0,0,1,9,5,550
763542878,910,1616,0,-1528,280,0,8,55,0,0,1,9,5,550
763543863,985,1616,0,-1528,262,0,0,55,0,0,1,9,5,550
763544849,986,1616,0,-1528,243,0,0,55,0,0,1,9,5,550
763545853,1004,1616,0,-1528,253,0,0,55,0,0,1,9,5,550
763546863,1010,1616,0,-1528,252,0,0,55,0,0,1,9,5,550
763547871,1008,1616,0,-1528,261,0,0,55,0,0,1,9,5,550
763548852,981,1616,0,-1528,241,0,0,55,0,0,1,9,5,550
763549860,1008,1616,0,-1528,256,0,0,55,0,0,1,9,5,550
763550857,997,1616,0,-1528,250,0,0,55,0,0,1,9,5,550
763551919,1062,1616,0,-1528,308,0,0,55,0,0,1,9,5,550
763552844,925,1616,0,-1528,232,0,0,55,0,0,1,9,5,550
763553837,993,1616,0,-1528,226,0,0,55,0,0,1,9,5,550
763554837,1000,1616,0,-1528,234,0,0,55,0,0,1,9,5,550
763555835,998,1616,0,-1528,228,0,0,55,0,0,1,9,5,550
763556823,988,1616,0,-1528,226,0,0,55,0,0,1,9,5,550
763557826,1003,1616,0,-1528,227,0,0,55,0,0,1,9,5,550
763558839,1013,1616,0,-1528,234,0,0,55,0,0,1,9,5,550
763559829,990,1616,0,-1528,226,0,0,55,0,0,1,9,5,550
763560928,1099,1616,0,-1528,314,0,0,55,0,0,1,9,5,550
763561976,1048,1616,0,-1528,372,0,0,55,0,0,1,9,5,550
763562882,906,1616,0,-1528,277,0,0,55,0,0,1,9,5,550
763563854,972,1616,0,-1528,256,0,0,55,0,0,1,9,5,550
763564860,1006,1616,0,-1528,252,0,0,55,0,0,1,9,5,550
763565849,989,1616,0,-1528,250,0,0,55,0,0,1,9,5,550
763566857,1008,1616,0,-1528,252,0,0,55,0,0,1,9,5,550
763567867,1010,1616,0,-1528,263,0,0,55,0,0,1,9,5,550
763568846,979,1616,0,-1528,237,0,0,55,0,0,1,9,5,550
763569866,1020,1616,0,-1528,256,0,0,55,0,0,1,9,5,550
763570858,992,1616,0,-1528,254,0,0,55,0,0,1,9,5,550
763571905,1047,1616,0,-1528,303,0,0,55,0,0,1,9,5,550
763572832,927,1616,0,-1528,231,0,0,55,0,0,1,9,5,550
763573829,997,1616,0,-1528,226,0,0,55,0,0,1,9,5,550
763574844,1015,1616,0,-1528,234,0,0,55,0,0,1,9,5,550
763575829,985,1616,0,-1528,229,0,0,55,0,0,1,9,5,550
763576832,1003,1616,0,-1528,228,0,0,55,0,0,1,9,5,550
763577833,1001,1616,0,-1528,226,0,0,55,0,0,1,9,5,550
763578844,1011,1616,0,-1528,233,0,0,55,0,0,1,9,5,550
763579837,993,1616,0,-1528,226,0,0,55,0,0,1,9,5,550
763580929,1092,1616,0,-1528,315,0,0,55,0,0,1,9,5,550
763581964,1035,1616,0,-1528,357,0,0,55,0,0,1,9,5,550
763582886,922,1616,0,-1528,277,0,0,55,0,0,1,9,5,550
763583857,971,1616,0,-1528,254,0,0,55,0,0,1,9,5,550
763584853,996,1616,0,-1528,248,0,0,55,0,0,1,9,5,550
763585861,1008,1616,0,-1528,254,0,0,55,0,0,1,9,5,550
763586860,999,1616,0,-1528,253,0,0,55,0,0,1,9,5,550
763587865,1005,1616,0,-1528,261,0,0,55,0,0,1,9,5,550
763588852,987,1616,0,-1528,254,0,0,55,0,0,1,9,5,550
763589862,1010,1616,0,-1528,254,0,0,55,0,0,1,9,5,550
763590860,998,1616,0,-1528,255,0,0,55,0,0,1,9,5,550
763591907,1047,1616,0,-1528,310,0,0,55,0,0,1,9,5,550
763592833,926,1616,0,-1528,229,0,0,55,0,0,1,9,5,550
763593829,996,1616,0,-1528,226,0,0,55,0,0,1,9,5,550
763594832,1003,1616,0,-1528,235,0,0,55,0,0,1,9,5,550
763595829,997,1616,0,-1528,228,0,0,55,0,0,1,9,5,550
763596831,1002,1616,0,-1528,227,0,0,55,0,0,1,9,5,550
763597833,1002,1616,0,-1528,227,0,0,55,0,0,1,9,5,550
763598845,1012,1616,0,-1528,233,0,0,55,0,0,1,9,5,550
763599838,993,1616,0,-1528,226,0,0,55,0,0,1,9,5,550
763600913,1075,1616,0,-1528,312,0,0,55,0,0,1,9,5,550
763601975,1062,1616,0,-1528,371,0,0,55,0,0,1,9,5,550
763602883,908,1616,0,-1528,279,0,0,55,0,0,1,9,5,550
763603855,972,1616,0,-1528,255,0,0,55,0,0,1,9,5,550
763604852,997,1616,0,-1528,249,0,0,55,0,0,1,9,5,550
763605865,1013,1616,0,-1528,252,0,0,55,0,0,1,9,5,550
763606848,983,1616,0,-1528,250,0,0,55,0,0,1,9,5,550
763607864,1016,1616,0,-1528,262,0,0,55,0,0,1,9,5,550
763608845,981,1616,0,-1528,237,0,0,55,0,0,1,9,5,550
763609856,1011,1616,0,-1528,259,0,0,55,0,0,1,9,5,550
763610850,994,1616,0,-1528,250,0,0,55,0,0,1,9,5,550
763611905,1055,1616,0,-1528,307,0,0,55,0,0,1,9,5,550
763612833,928,1616,0,-1528,231,0,0,55,0,0,1,9,5,550
763613827,994,1616,0,-1528,226,0,0,55,0,0,1,9,5,550
763614844,1017,1616,0,-1528,234,0,0,55,0,0,1,9,5,550
763615828,984,1616,0,-1528,229,0,0,55,0,0,1,9,5,550
763616829,1001,1616,0,-1528,226,0,0,55,0,0,1,9,5,550
763617831,1002,1616,0,-1528,227,0,0,55,0,0,1,9,5,550
763618840,1009,1616,0,-1528,233,0,0,55,0,0,1,9,5,550
763619834,994,1616,0,-1528,227,0,0,55,0,0,1,9,5,550
763620925,1091,1616,0,-1528,319,0,0,55,0,0,1,9,5,550
763621969,1044,1616,0,-1528,365,0,0,55,0,0,1,9,5,550
763622877,908,1616,0,-1528,275,0,0,55,0,0,1,9,5,550
763623869,992,1616,0,-1528,256,0,0,55,0,0,1,9,5,550
763624844,975,1616,0,-1528,246,0,0,55,0,0,1,9,5,550
763625862,1018,1616,0,-1528,256,0,0,55,0,0,1,9,5,550
763626856,994,1616,0,-1528,246,0,0,55,0,0,1,9,5,550
763627874,1018,1616,0,-1528,262,0,0,55,0,0,1,9,5,550
763628838,964,1616,0,-1528,236,0,0,55,0,0,1,9,5,550
763629859,1021,1616,0,-1528,260,0,0,55,0,0,1,9,5,550
763630855,996,1616,0,-1528,246,0,0,55,0,0,1,9,5,550
763631914,1059,1616,0,-1528,311,0,0,55,0,0,1,9,5,550
763632841,927,1616,0,-1528,229,0,0,55,0,0,1,9,5,550
763633836,995,1616,0,-1528,227,0,0,55,0,0,1,9,5,550
763634848,1012,1616,0,-1528,236,0,0,55,0,0,1,9,5,550
763635827,979,1616,0,-1528,225,0,0,55,0,0,1,9,5,550
763636826,999,1616,0,-1528,227,0,0,55,0,0,1,9,5,550
763637827,1001,1616,0,-1528,226,0,0,55,0,0,1,9,5,550
763638839,1012,1616,0,-1528,233,0,0,55,0,0,1,9,5,550
763639833,994,1616,0,-1528,227,0,0,55,0,0,1,9,5,550
763640927,1094,1616,0,-1528,314,0,0,55,0,0,1,9,5,550
763641964,1037,1616,0,-1528,364,0,0,55,0,0,1,9,5,550
763642892,928,1616,0,-1528,279,0,0,55,0,0,1,9,5,550
763643875,983,1616,0,-1528,264,0,0,55,0,0,1,9,5,550
763644840,965,1616,0,-1528,240,0,0,55,0,0,1,9,5,550
763645863,1023,1616,0,-1528,255,0,0,55,0,0,1,9,5,550
763646859,996,1616,0,-1528,248,0,0,55,0,0,1,9,5,550
763647866,1007,1616,0,-1528,263,0,0,55,0,0,1,9,5,550
763648843,977,1616,0,-1528,244,0,0,55,0,0,1,9,5,550
763649869,1026,1616,0,-1528,261,0,0,55,0,0,1,9,5,550
763650851,982,1616,0,-1528,247,0,0,55,0,0,1,9,5,550
763651918,1067,1616,0,-1528,306,0,0,55,0,0,1,9,5,550
763652826,908,1616,0,-1528,228,0,0,55,0,0,1,9,5,550
763653837,1011,1616,0,-1528,226,0,0,55,0,0,1,9,5,550
763654836,999,1616,0,-1528,235,0,0,55,0,0,1,9,5,550
763655837,1001,1616,0,-1528,228,0,0,55,0,0,1,9,5,550
763656825,988,1616,0,-1528,226,0,0,55,0,0,1,9,5,550
763657827,1002,1616,0,-1528,226,0,0,55,0,0,1,9,5,550
763658838,1011,1616,0,-1528,233,0,0,55,0,0,1,9,5,550
763659831,993,1616,0,-1528,226,0,0,55,0,0,1,9,5,550
763660929,1098,1616,0,-1528,317,0,0,55,0,0,1,9,5,550
763661978,1049,1616,0,-1528,366,0,0,55,0,0,1,9,5,550
763662878,900,1616,0,-1528,275,0,0,55,0,0,1,9,5,550
763663866,988,1616,0,-1528,263,0,0,55,0,0,1,9,5,550
763664857,991,1616,0,-1528,246,0,0,55,0,0,1,9,5,550
763665864,1007,1616,0,-1528,255,0,0,55,0,0,1,9,5,550
763666865,1001,1616,0,-1528,253,0,0,55,0,0,1,9,5,550
763667870,1005,1616,0,-1528,262,0,0,55,0,0,1,9,5,550
763668848,978,1616,0,-1528,247,0,0,55,0,0,1,9,5,550
763669861,1013,1616,0,-1528,260,0,0,55,0,0,1,9,5,550
763670862,1001,1616,0,-1528,253,0,0,55,0,0,1,9,5,550
763671910,1048,1616,0,-1528,311,0,0,55,0,0,1,9,5,550
763672836,926,1616,0,-1528,228,0,0,55,0,0,1,9,5,550
763673829,993,1616,0,-1528,226,0,0,55,0,0,1,9,5,550
763674848,1019,1616,0,-1528,236,0,0,55,0,0,1,9,5,550
763675827,979,1616,0,-1528,225,0,0,55,0,0,1,9,5,550
763676825,998,1616,0,-1528,226,0,0,55,0,0,1,9,5,550
763677827,1002,1616,0,-1528,226,0,0,55,0,0,1,9,5,550
763678839,1012,1616,0,-1528,234,0,0,55,0,0,1,9,5,550
763679829,990,1616,0,-1528,226,0,0,55,0,0,1,9,5,550
763680918,1089,1616,0,-1528,316,0,0,55,0,0,1,9,5,550
763681968,1050,1616,0,-1528,362,0,0,55,0,0,1,9,5,550
763682883,915,1616,0,-1528,278,0,0,55,0,0,1,9,5,550
763683866,983,1616,0,-1528,255,0,0,55,0,0,1,9,5,550
763684853,987,1616,0,-1528,245,0,0,55,0,0,1,9,5,550
763685858,1005,1616,0,-1528,255,0,0,55,0,0,1,9,5,550
763686855,997,1616,0,-1528,253,0,0,55,0,0,1,9,5,550
763687873,1018,1616,0,-1528,262,0,0,55,0,0,1,9,5,550
763688849,976,1616,0,-1528,246,0,0,55,0,0,1,9,5,550
763689856,1007,1616,0,-1528,257,0,0,55,0,0,1,9,5,550
763690853,997,1616,0,-1528,254,0,0,55,0,0,1,9,5,550
763691911,1058,1616,0,-1528,306,0,0,55,0,0,1,9,5,550
763692837,926,1616,0,-1528,229,0,0,55,0,0,1,9,5,550
763693830,993,1616,0,-1528,226,0,0,55,0,0,1,9,5,550
763694831,1001,1616,0,-1528,234,0,0,55,0,0,1,9,5,550
763695829,998,1616,0,-1528,228,0,0,55,0,0,1,9,5,550
763696831,1002,1616,0,-1528,226,0,0,55,0,0,1,9,5,550
763697833,1002,1616,0,-1528,226,0,0,55,0,0,1,9,5,550
763698844,1011,1616,0,-1528,233,0,0,55,0,0,1,9,5,550
763699837,993,1616,0,-1528,226,0,0,55,0,0,1,9,5,550
763700928,1091,1616,0,-1528,313,0,0,55,0,0,1,9,5,550
763701970,1042,1616,0,-1528,361,0,0,55,0,0,1,9,5,550
763702885,915,1616,0,-1528,276,0,0,55,0,0,1,9,5,550
763703862,977,1616,0,-1528,255,0,0,55,0,0,1,9,5,550
763704850,988,1616,0,-1528,245,0,0,55,0,0,1,9,5,550
763705855,1005,1616,0,-1528,253,0,0,55,0,0,1,9,5,550
763706863,1008,1616,0,-1528,254,0,0,55,0,0,1,9,5,550
763707864,1001,1616,0,-1528,262,0,0,55,0,0,1,9,5,550
763708857,993,1616,0,-1528,252,0,0,55,0,0,1,9,5,550
763709858,1001,1616,0,-1528,257,0,0,55,0,0,1,9,5,550
763710850,992,1616,0,-1528,253,0,0,55,0,0,1,9,5,550
763711914,1064,1616,0,-1528,312,0,0,55,0,0,1,9,5,550
763712840,926,1616,0,-1528,228,0,0,55,0,0,1,9,5,550
763713833,993,1616,0,-1528,226,0,0,55,0,0,1,9,5,550
763714846,1013,1616,0,-1528,234,0,0,55,0,0,1,9,5,550
763715826,980,1616,0,-1528,224,0,0,55,0,0,1,9,5,550
763716825,999,1616,0,-1528,226,0,0,55,0,0,1,9,5,550
763717827,1002,1616,0,-1528,226,0,0,55,0,0,1,9,5,550
763718838,1011,1616,0,-1528,233,0,0,55,0,0,1,9,5,550
763719831,993,1616,0,-1528,226,0,0,55,0,0,1,9,5,550
763720919,1088,1616,0,-1528,313,0,0,55,0,0,1,9,5,550
763721977,1058,1616,0,-1528,362,0,0,55,0,0,1,9,5,550
763722885,908,1616,0,-1528,278,0,0,55,0,0,1,9,5,550
763723860,975,1616,0,-1528,258,0,0,55,0,0,1,9,5,550
763724848,988,1616,0,-1528,245,0,0,55,0,0,1,9,5,550
763725854,1006,1616,0,-1528,254,0,0,55,0,0,1,9,5,550
763726853,999,1616,0,-1528,256,0,0,55,0,0,1,9,5,550
763727874,1021,1616,0,-1528,262,0,0,55,0,0,1,9,5,550
763728855,981,1616,0,-1528,250,0,0,55,0,0,1,9,5,550
763729865,1010,1616,0,-1528,254,0,0,55,0,0,1,9,5,550
763730851,986,1616,0,-1528,253,0,0,55,0,0,1,9,5,550
763731916,1065,1616,0,-1528,307,0,0,55,0,0,1,9,5,550
763732841,925,1616,0,-1528,229,0,0,55,0,0,1,9,5,550
763733834,993,1616,0,-1528,226,0,0,55,0,0,1,9,5,550
763734832,998,1616,0,-1528,234,0,0,55,0,0,1,9,5,550
763735831,999,1616,0,-1528,228,0,0,55,0,0,1,9,5,550
763736833,1002,1616,0,-1528,227,0,0,55,0,0,1,9,5,550
763737835,1002,1616,0,-1528,226,0,0,55,0,0,1,9,5,550
763738845,1010,1616,0,-1528,234,0,0,55,0,0,1,9,5,550
763739837,992,1616,0,-1528,226,0,0,55,0,0,1,9,5,550
763740927,1090,1616,0,-1528,318,0,0,55,0,0,1,9,5,550
763741983,1056,1616,0,-1528,360,0,0,55,0,0,1,9,5,550
763742889,906,1616,0,-1528,278,0,0,55,0,0,1,9,5,550
763743854,965,1616,0,-1528,252,0,0,55,0,0,1,9,5,550
763744854,1000,1616,0,-1528,248,0,0,55,0,0,1,9,5,550
763745860,1006,1616,0,-1528,254,0,0,55,0,0,1,9,5,550
763746859,999,1616,0,-1528,253,0,0,55,0,0,1,9,5,550
763747867,1008,1616,0,-1528,259,0,0,55,0,0,1,9,5,550
763748852,985,1616,0,-1528,252,0,0,55,0,0,1,9,5,550
763749861,1009,1616,0,-1528,254,0,0,55,0,0,1,9,5,550
763750860,999,1616,0,-1528,253,0,0,55,0,0,1,9,5,550
763751921,1061,1616,0,-1528,310,0,0,55,0,0,1,9,5,550
763752830,909,1616,0,-1528,229,0,0,55,0,0,1,9,5,550
763753826,996,1616,0,-1528,226,0,0,55,0,0,1,9,5,550
763754845,1019,1616,0,-1528,234,0,0,55,0,0,1,9,5,550
763755828,983,1616,0,-1528,229,0,0,55,0,0,1,9,5,550
763756829,1001,1616,0,-1528,226,0,0,55,0,0,1,9,5,550
763757831,1002,1616,0,-1528,226,0,0,55,0,0,1,9,5,550
763758841,1010,1616,0,-1528,233,0,0,55,0,0,1,9,5,550
763759833,992,1616,0,-1528,226,0,0,55,0,0,1,9,5,550
763760927,1094,1616,0,-1528,314,0,0,55,0,0,1,9,5,550
763761969,1042,1616,0,-1528,367,0,0,55,0,0,1,9,5,550
763762879,910,1616,0,-1528,282,0,0,55,0,0,1,9,5,550
763763854,975,1616,0,-1528,256,0,0,55,0,0,1,9,5,550
763764849,995,1616,0,-1528,252,0,0,55,0,0,1,9,5,550
763765854,1005,1616,0,-1528,255,0,0,55,0,0,1,9,5,550
763766860,1006,1616,0,-1528,249,0,0,55,0,0,1,9,5,550
763767865,1005,1616,0,-1528,261,0,0,55,0,0,1,9,5,550
763768854,989,1616,0,-1528,242,0,0,55,0,0,1,9,5,550
763769869,1015,1616,0,-1528,257,0,0,55,0,0,1,9,5,550
763770858,989,1616,0,-1528,249,0,0,55,0,0,1,9,5,550
763771902,1044,1616,0,-1528,302,0,0,55,0,0,1,9,5,550
763772828,926,1616,0,-1528,230,0,0,55,0,0,1,9,5,550
763773827,999,1616,0,-1528,228,0,0,55,0,0,1,9,5,550
763774832,1005,1616,0,-1528,235,0,0,55,0,0,1,9,5,550
763775830,998,1616,0,-1528,228,0,0,55,0,0,1,9,5,550
763776832,1002,1616,0,-1528,226,0,0,55,0,0,1,9,5,550
763777834,1002,1616,0,-1528,225,0,0,55,0,0,1,9,5,550
763778845,1011,1616,0,-1528,233,0,0,55,0,0,1,9,5,550
763779837,992,1616,0,-1528,226,0,0,55,0,0,1,9,5,550
763780927,1090,1616,0,-1528,312,0,0,55,0,0,1,9,5,550
763781973,1046,1616,0,-1528,361,0,0,55,0,0,1,9,5,550
763782889,916,1616,0,-1528,277,0,0,55,0,0,1,9,5,550
763783856,967,1616,0,-1528,253,0,0,55,0,0,1,9,5,550
763784849,993,1616,0,-1528,247,0,0,55,0,0,1,9,5,550
763785848,999,1616,0,-1528,251,0,0,55,0,0,1,9,5,550
763786851,1003,1616,0,-1528,254,0,0,55,0,0,1,9,5,550
763787873,1022,1616,0,-1528,262,0,0,55,0,0,1,9,5,550
763788844,971,1616,0,-1528,247,0,0,55,0,0,1,9,5,550
763789862,1018,1616,0,-1528,255,0,0,55,0,0,1,9,5,550
763790866,1004,1616,0,-1528,256,0,0,55,0,0,1,9,5,550
763791915,1049,1616,0,-1528,312,0,0,55,0,0,1,9,5,550
763792826,911,1616,0,-1528,229,0,0,55,0,0,1,9,5,550
763793836,1010,1616,0,-1528,226,0,0,55,0,0,1,9,5,550
763794836,1000,1616,0,-1528,236,0,0,55,0,0,1,9,5,550
763795835,999,1616,0,-1528,228,0,0,55,0,0,1,9,5,550
763796823,988,1616,0,-1528,226,0,0,55,0,0,1,9,5,550
763797826,1003,1616,0,-1528,227,0,0,55,0,0,1,9,5,550
763798839,1013,1616,0,-1528,234,0,0,55,0,0,1,9,5,550
763799829,990,1616,0,-1528,226,0,0,55,0,0,1,9,5,550
763800917,1088,1616,0,-1528,317,0,0,55,0,0,1,9,5,550
763801971,1054,1616,0,-1528,361,0,0,55,0,0,1,9,5,550
763802882,911,1616,0,-1528,278,0,0,55,0,0,1,9,5,550
763803864,982,1616,0,-1528,253,0,0,55,0,0,1,9,5,550
763804853,989,1616,0,-1528,245,0,0,55,0,0,1,9,5,550
763805856,1003,1616,0,-1528,254,0,0,55,0,0,1,9,5,550
763806859,1003,1616,0,-1528,256,0,0,55,0,0,1,9,5,550
763807864,1005,1616,0,-1528,262,0,0,55,0,0,1,9,5,550
763808862,998,1616,0,-1528,250,0,0,55,0,0,1,9,5,550
763809860,998,1616,0,-1528,255,0,0,55,0,0,1,9,5,550
763810866,1006,1616,0,-1528,256,0,0,55,0,0,1,9,5,550
763811916,1050,1616,0,-1528,308,0,0,55,0,0,1,9,5,550
763812827,911,1616,0,-1528,229,0,0,55,0,0,1,9,5,550
763813836,1009,1616,0,-1528,226,0,0,55,0,0,1,9,5,550
763814834,998,1616,0,-1528,234,0,0,55,0,0,1,9,5,550
763815833,999,1616,0,-1528,229,0,0,55,0,0,1,9,5,550
763816835,1002,1616,0,-1528,226,0,0,55,0,0,1,9,5,550
763817823,988,1616,0,-1528,226,0,0,55,0,0,1,9,5,550
763818839,1016,1616,0,-1528,234,0,0,55,0,0,1,9,5,550
763819829,990,1616,0,-1528,226,0,0,55,0,0,1,9,5,550
763820917,1088,1616,0,-1528,317,0,0,55,0,0,1,9,5,550
763821975,1058,1616,0,-1528,362,0,0,55,0,0,1,9,5,550
763822881,906,1616,0,-1528,275,0,0,55,0,0,1,9,5,550
763823854,973,1616,0,-1528,255,0,0,55,0,0,1,9,5,550
763824849,995,1616,0,-1528,248,0,0,55,0,0,1,9,5,550
763825864,1015,1616,0,-1528,256,0,0,55,0,0,1,9,5,550
763826850,986,1616,0,-1528,253,0,0,55,0,0,1,9,5,550
763827872,1022,1616,0,-1528,262,0,0,55,0,0,1,9,5,550
763828850,978,1616,0,-1528,249,0,0,55,0,0,1,9,5,550
763829862,1012,1616,0,-1528,257,0,0,55,0,0,1,9,5,550
763830859,997,1616,0,-1528,254,0,0,55,0,0,1,9,5,550
763831920,1061,1616,0,-1528,310,0,0,55,0,0,1,9,5,550
763832829,909,1616,0,-1528,229,0,0,55,0,0,1,9,5,550
763833825,996,1616,0,-1528,226,0,0,55,0,0,1,9,5,550
763834839,1014,1616,0,-1528,235,0,0,55,0,0,1,9,5,550
763835837,998,1616,0,-1528,229,0,0,55,0,0,1,9,5,550
763836839,1002,1616,0,-1528,227,0,0,55,0,0,1,9,5,550
763837825,986,1616,0,-1528,226,0,0,55,0,0,1,9,5,550
763838838,1013,1616,0,-1528,233,0,0,55,0,0,1,9,5,550
763839829,991,1616,0,-1528,226,0,0,55,0,0,1,9,5,550
763840914,1085,1616,0,-1528,310,0,0,55,0,0,1,9,5,550
763841986,1072,1616,0,-1528,368,0,0,55,0,0,1,9,5,550
763842851,865,1616,0,-1528,249,0,0,55,0,0,1,9,5,550
763843880,1029,1616,0,-1528,268,0,0,55,0,0,1,9,5,550
763844847,967,1616,0,-1528,241,0,0,55,0,0,1,9,5,550
763845852,1005,1616,0,-1528,253,0,0,55,0,0,1,9,5,550
763846860,1008,1616,0,-1528,252,0,0,55,0,0,1,9,5,550
763847846,986,1616,0,-1528,249,0,0,55,0,0,1,9,5,550
763848857,1011,1616,0,-1528,256,0,0,55,0,0,1,9,5,550
763849858,1001,1616,0,-1528,249,0,0,55,0,0,1,9,5,550
763850847,989,1616,0,-1528,249,0,0,55,0,0,1,9,5,550
763851894,1047,1616,0,-1528,291,0,0,55,0,0,1,9,5,550
763852829,935,1616,0,-1528,227,0,0,55,0,0,1,9,5,550
763853825,996,1616,0,-1528,226,0,0,55,0,0,1,9,5,550
763854847,1022,1616,0,-1528,235,0,0,55,0,0,1,9,5,550
763855824,977,1616,0,-1528,226,0,0,55,0,0,1,9,5,550
763856825,1001,1616,0,-1528,226,0,0,55,0,0,1,9,5,550
763857827,1002,1616,0,-1528,227,0,0,55,0,0,1,9,5,550
763858841,1014,1616,0,-1528,233,0,0,55,0,0,1,9,5,550
763859831,990,1616,0,-1528,226,0,0,55,0,0,1,9,5,550
763860922,1091,1616,0,-1528,318,0,0,55,0,0,1,9,5,550
763861986,1064,1616,0,-1528,359,0,0,55,0,0,1,9,5,550
763862840,854,1616,0,-1528,241,0,0,55,0,0,1,9,5,550
763863878,1038,1616,0,-1528,275,0,0,55,0,0,1,9,5,550
763864838,960,1616,0,-1528,238,0,0,55,0,0,1,9,5,550
763865860,1022,1616,0,-1528,258,0,0,55,0,0,1,9,5,550
763866860,1000,1616,0,-1528,256,0,0,55,0,0,1,9,5,550
763867848,988,1616,0,-1528,245,0,0,55,0,0,1,9,5,550
763868868,1020,1616,0,-1528,262,0,0,55,0,0,1,9,5,550
763869849,981,1616,0,-1528,238,0,0,55,0,0,1,9,5,550
763870860,1011,1616,0,-1528,262,0,0,55,0,0,1,9,5,550
763871908,1048,1616,0,-1528,303,0,0,55,0,0,1,9,5,550
763872823,915,1616,0,-1528,223,0,0,55,0,0,1,9,5,550
763873830,1007,1616,0,-1528,226,0,0,55,0,0,1,9,5,550
763874833,1003,1616,0,-1528,236,0,0,55,0,0,1,9,5,550
763875828,995,1616,0,-1528,227,0,0,55,0,0,1,9,5,550
763876829,1001,1616,0,-1528,227,0,0,55,0,0,1,9,5,550
763877829,1000,1616,0,-1528,226,0,0,55,0,0,1,9,5,550
763878838,1009,1616,0,-1528,233,0,0,55,0,0,1,9,5,550
763879830,992,1616,0,-1528,226,0,0,55,0,0,1,9,5,550
763880944,1114,1616,0,-1528,329,0,0,55,0,0,1,9,5,550
763881987,1043,1616,0,-1528,365,0,0,55,0,0,1,9,5,550
763882856,869,1616,0,-1528,248,0,0,55,0,0,1,9,5,550
763883867,1011,1616,0,-1528,270,0,0,55,0,0,1,9,5,550
763884842,975,1616,0,-1528,243,0,0,55,0,0,1,9,5,550
763885858,1016,1616,0,-1528,253,0,0,55,0,0,1,9,5,550
763886857,999,1616,0,-1528,255,0,0,55,0,0,1,9,5,550
763887853,996,1616,0,-1528,255,0,0,55,0,0,1,9,5,550
763888852,999,1616,0,-1528,252,0,0,55,0,0,1,9,5,550
763889861,1009,1616,0,-1528,252,0,0,55,0,0,1,9,5,550
763890852,991,1616,0,-1528,251,0,0,55,0,0,1,9,5,550
763891906,1054,1616,0,-1528,302,0,0,55,0,0,1,9,5,550
763892822,916,1616,0,-1528,224,0,0,55,0,0,1,9,5,550
763893829,1007,1616,0,-1528,227,0,0,55,0,0,1,9,5,550
763894833,1004,1616,0,-1528,235,0,0,55,0,0,1,9,5,550
763895826,993,1616,0,-1528,226,0,0,55,0,0,1,9,5,550
763896827,1001,1616,0,-1528,226,0,0,55,0,0,1,9,5,550
763897828,1001,1616,0,-1528,226,0,0,55,0,0,1,9,5,550
763898840,1012,1616,0,-1528,234,0,0,55,0,0,1,9,5,550
763899830,990,1616,0,-1528,226,0,0,55,0,0,1,9,5,550
763900916,1086,1616,0,-1528,317,0,0,55,0,0,1,9,5,550
763901965,1049,1616,0,-1528,362,0,0,55,0,0,1,9,5,550
763902846,881,1616,0,-1528,249,0,0,55,0,0,1,9,5,550
763903870,1024,1616,0,-1528,266,0,0,55,0,0,1,9,5,550
763904837,967,1616,0,-1528,240,0,0,55,0,0,1,9,5,550
763905853,1016,1616,0,-1528,255,0,0,55,0,0,1,9,5,550
763906858,1005,1616,0,-1528,254,0,0,55,0,0,1,9,5,550
763907851,993,1616,0,-1528,242,0,0,55,0,0,1,9,5,550
763908863,1012,1616,0,-1528,258,0,0,55,0,0,1,9,5,550
763909851,988,1616,0,-1528,247,0,0,55,0,0,1,9,5,550
763910874,1023,1616,0,-1528,265,0,0,55,0,0,1,9,5,550
763911906,1032,1616,0,-1528,295,0,0,55,0,0,1,9,5,550
763912836,930,1616,0,-1528,226,0,0,55,0,0,1,9,5,550
763913832,996,1616,0,-1528,226,0,0,55,0,0,1,9,5,550
763914847,1015,1616,0,-1528,235,0,0,55,0,0,1,9,5,550
763915825,978,1616,0,-1528,226,0,0,55,0,0,1,9,5,550
763916826,1001,1616,0,-1528,226,0,0,55,0,0,1,9,5,550
763917827,1001,1616,0,-1528,226,0,0,55,0,0,1,9,5,550
763918839,1012,1616,0,-1528,233,0,0,55,0,0,1,9,5,550
763919832,993,1616,0,-1528,226,0,0,55,0,0,1,9,5,550
763920914,1082,1616,0,-1528,316,0,0,55,0,0,1,9,5,550
763921976,1062,1616,0,-1528,366,0,0,55,0,0,1,9,5,550
763922855,879,1616,0,-1528,251,0,0,55,0,0,1,9,5,550
763923865,1010,1616,0,-1528,263,0,0,55,0,0,1,9,5,550
763924852,987,1616,0,-1528,241,0,0,55,0,0,1,9,5,550
763925861,1009,1616,0,-1528,250,0,0,55,0,0,1,9,5,550
763926863,1002,1616,0,-1528,258,0,0,55,0,0,1,9,5,550
763927841,978,1616,0,-1528,241,0,0,55,0,0,1,9,5,550
763928866,1025,1616,0,-1528,258,0,0,55,0,0,1,9,5,550
763929848,982,1616,0,-1528,242,0,0,55,0,0,1,9,5,550
763930856,1008,1616,0,-1528,257,0,0,55,0,0,1,9,5,550
763931892,1036,1616,0,-1528,291,0,0,55,0,0,1,9,5,550
763932835,943,1616,0,-1528,228,0,0,55,0,0,1,9,5,550
763933826,991,1616,0,-1528,226,0,0,55,0,0,1,9,5,550
763934839,1013,1616,0,-1528,235,0,0,55,0,0,1,9,5,550
763935834,995,1616,0,-1528,226,0,0,55,0,0,1,9,5,550
763936836,1002,1616,0,-1528,227,0,0,55,0,0,1,9,5,550
763937838,1002,1616,0,-1528,226,0,0,55,0,0,1,9,5,550
763938838,1000,1616,0,-1528,233,0,0,55,0,0,1,9,5,550
763939830,992,1616,0,-1528,226,0,0,55,0,0,1,9,5,550
763940920,1090,1616,0,-1528,318,0,0,55,0,0,1,9,5,550
763941986,1066,1616,0,-1528,374,0,0,55,0,0,1,9,5,550
763942854,868,1616,0,-1528,247,0,0,55,0,0,1,9,5,550
763943879,1025,1616,0,-1528,269,0,0,55,0,0,1,9,5,550
763944837,958,1616,0,-1528,241,0,0,55,0,0,1,9,5,550
763945865,1028,1616,0,-1528,256,0,0,55,0,0,1,9,5,550
763946862,997,1616,0,-1528,253,0,0,55,0,0,1,9,5,550
763947854,992,1616,0,-1528,249,0,0,55,0,0,1,9,5,550
763948856,1002,1616,0,-1528,257,0,0,55,0,0,1,9,5,550
763949860,1004,1616,0,-1528,250,0,0,55,0,0,1,9,5,550
763950859,999,1616,0,-1528,256,0,0,55,0,0,1,9,5,550
763951910,1051,1616,0,-1528,296,0,0,55,0,0,1,9,5,550
763952827,917,1616,0,-1528,227,0,0,55,0,0,1,9,5,550
763953835,1008,1616,0,-1528,227,0,0,55,0,0,1,9,5,550
763954839,1004,1616,0,-1528,235,0,0,55,0,0,1,9,5,550
763955835,996,1616,0,-1528,226,0,0,55,0,0,1,9,5,550
763956838,1003,1616,0,-1528,226,0,0,55,0,0,1,9,5,550
763957825,987,1616,0,-1528,226,0,0,55,0,0,1,9,5,550
763958838,1013,1616,0,-1528,233,0,0,55,0,0,1,9,5,550
763959830,992,1616,0,-1528,226,0,0,55,0,0,1,9,5,550
763960915,1085,1616,0,-1528,316,0,0,55,0,0,1,9,5,550
763961967,1052,1616,0,-1528,366,0,0,55,0,0,1,9,5,550
763962849,882,1616,0,-1528,248,0,0,55,0,0,1,9,5,550
763963873,1024,1616,0,-1528,265,0,0,55,0,0,1,9,5,550
763964840,967,1616,0,-1528,241,0,0,55,0,0,1,9,5,550
763965850,1010,1616,0,-1528,252,0,0,55,0,0,1,9,5,550
763966864,1014,1616,0,-1528,254,0,0,55,0,0,1,9,5,550
763967843,979,1616,0,-1528,243,0,0,55,0,0,1,9,5,550
763968870,1027,1616,0,-1528,257,0,0,55,0,0,1,9,5,550
763969846,976,1616,0,-1528,239,0,0,55,0,0,1,9,5,550
763970877,1031,1616,0,-1528,265,0,0,55,0,0,1,9,5,550
763971898,1021,1616,0,-1528,297,0,0,55,0,0,1,9,5,550
763972837,939,1616,0,-1528,225,0,0,55,0,0,1,9,5,550
763973827,990,1616,0,-1528,226,0,0,55,0,0,1,9,5,550
763974844,1017,1616,0,-1528,235,0,0,55,0,0,1,9,5,550
763975824,980,1616,0,-1528,227,0,0,55,0,0,1,9,5,550
763976825,1001,1616,0,-1528,226,0,0,55,0,0,1,9,5,550
763977826,1001,1616,0,-1528,226,0,0,55,0,0,1,9,5,550
763978838,1012,1616,0,-1528,233,0,0,55,0,0,1,9,5,550
763979831,993,1616,0,-1528,227,0,0,55,0,0,1,9,5,550
763980920,1089,1616,0,-1528,317,0,0,55,0,0,1,9,5,550
763981975,1055,1616,0,-1528,357,0,0,55,0,0,1,9,5,550
763982854,879,1616,0,-1528,250,0,0,55,0,0,1,9,5,550
763983880,1026,1616,0,-1528,267,0,0,55,0,0,1,9,5,550
763984850,970,1616,0,-1528,239,0,0,55,0,0,1,9,5,550
763985857,1007,1616,0,-1528,251,0,0,55,0,0,1,9,5,550
763986862,1005,1616,0,-1528,255,0,0,55,0,0,1,9,5,550
763987853,991,1616,0,-1528,246,0,0,55,0,0,1,9,5,550
763988868,1015,1616,0,-1528,258,0,0,55,0,0,1,9,5,550
763989851,983,1616,0,-1528,242,0,0,55,0,0,1,9,5,550
763990873,1022,1616,0,-1528,261,0,0,55,0,0,1,9,5,550
763991904,1031,1616,0,-1528,297,0,0,55,0,0,1,9,5,550
763992825,921,1616,0,-1528,227,0,0,55,0,0,1,9,5,550
763993834,1009,1616,0,-1528,226,0,0,55,0,0,1,9,5,550
763994845,1011,1616,0,-1528,233,0,0,55,0,0,1,9,5,550
763995826,981,1616,0,-1528,228,0,0,55,0,0,1,9,5,550
763996828,1002,1616,0,-1528,226,0,0,55,0,0,1,9,5,550
763997829,1001,1616,0,-1528,226,0,0,55,0,0,1,9,5,550
763998838,1009,1616,0,-1528,233,0,0,55,0,0,1,9,5,550
763999831,993,1616,0,-1528,227,0,0,55,0,0,1,9,5,550
764000935,1104,1616,0,-1528,322,0,0,55,0,0,1,9,5,550
764001980,1045,1616,0,-1528,369,0,0,55,0,0,1,9,5,550
764002855,875,1616,0,-1528,250,0,0,55,0,0,1,9,5,550
764003876,1021,1616,0,-1528,269,0,0,55,0,0,1,9,5,550
764004845,969,1616,0,-1528,241,0,0,55,0,0,1,9,5,550
764005855,1010,1616,0,-1528,253,0,0,55,0,0,1,9,5,550
764006855,1000,1616,0,-1528,256,0,0,55,0,0,1,9,5,550
764007862,1007,1616,0,-1528,252,0,0,55,0,0,1,9,5,550
764008865,1003,1616,0,-1528,254,0,0,55,0,0,1,9,5,550
764009853,988,1616,0,-1528,248,0,0,55,0,0,1,9,5,550
764010864,1011,1616,0,-1528,256,0,0,55,0,0,1,9,5,550
764011899,1035,1616,0,-1528,299,0,0,55,0,0,1,9,5,550
764012834,935,1616,0,-1528,225,0,0,55,0,0,1,9,5,550
764013825,991,1616,0,-1528,226,0,0,55,0,0,1,9,5,550
764014846,1021,1616,0,-1528,235,0,0,55,0,0,1,9,5,550
764015825,979,1616,0,-1528,226,0,0,55,0,0,1,9,5,550
764016827,1002,1616,0,-1528,227,0,0,55,0,0,1,9,5,550
764017827,1000,1616,0,-1528,226,0,0,55,0,0,1,9,5,550
764018839,1012,1616,0,-1528,234,0,0,55,0,0,1,9,5,550
764019831,992,1616,0,-1528,227,0,0,55,0,0,1,9,5,550
764020936,1105,1616,0,-1528,325,0,0,55,0,0,1,9,5,550
764021985,1049,1616,0,-1528,371,0,0,55,0,0,1,9,5,550
764022852,867,1616,0,-1528,247,0,0,55,0,0,1,9,5,550
764023871,1019,1616,0,-1528,267,0,0,55,0,0,1,9,5,550
764024843,972,1616,0,-1528,240,0,0,55,0,0,1,9,5,550
764025852,1009,1616,0,-1528,253,0,0,55,0,0,1,9,5,550
764026867,1015,1616,0,-1528,257,0,0,55,0,0,1,9,5,550
764027848,981,1616,0,-1528,244,0,0,55,0,0,1,9,5,550
764028856,1008,1616,0,-1528,256,0,0,55,0,0,1,9,5,550
764029847,991,1616,0,-1528,250,0,0,55,0,0,1,9,5,550
764030863,1016,1616,0,-1528,254,0,0,55,0,0,1,9,5,550
764031898,1035,1616,0,-1528,298,0,0,55,0,0,1,9,5,550
764032831,933,1616,0,-1528,226,0,0,55,0,0,1,9,5,550
764033827,996,1616,0,-1528,226,0,0,55,0,0,1,9,5,550
764034845,1018,1616,0,-1528,235,0,0,55,0,0,1,9,5,550
764035824,979,1616,0,-1528,226,0,0,55,0,0,1,9,5,550
764036825,1001,1616,0,-1528,226,0,0,55,0,0,1,9,5,550
764037826,1001,1616,0,-1528,226,0,0,55,0,0,1,9,5,550
764038838,1012,1616,0,-1528,233,0,0,55,0,0,1,9,5,550
764039830,992,1616,0,-1528,226,0,0,55,0,0,1,9,5,550
764040918,1088,1616,0,-1528,314,0,0,55,0,0,1,9,5,550
764041971,1053,1616,0,-1528,360,0,0,55,0,0,1,9,5,550
764042858,887,1616,0,-1528,249,0,0,55,0,0,1,9,5,550
764043871,1013,1616,0,-1528,265,0,0,55,0,0,1,9,5,550
764044839,968,1616,0,-1528,240,0,0,55,0,0,1,9,5,550
764045854,1015,1616,0,-1528,253,0,0,55,0,0,1,9,5,550
764046866,1012,1616,0,-1528,254,0,0,55,0,0,1,9,5,550
764047852,986,1616,0,-1528,245,0,0,55,0,0,1,9,5,550
764048862,1010,1616,0,-1528,258,0,0,55,0,0,1,9,5,550
764049854,992,1616,0,-1528,246,0,0,55,0,0,1,9,5,550
764050874,1020,1616,0,-1528,265,0,0,55,0,0,1,9,5,550
764051899,1025,1616,0,-1528,293,0,0,55,0,0,1,9,5,550
764052841,942,1616,0,-1528,229,0,0,55,0,0,1,9,5,550
764053831,990,1616,0,-1528,226,0,0,55,0,0,1,9,5,550
764054847,1016,1616,0,-1528,236,0,0,55,0,0,1,9,5,550
764055824,977,1616,0,-1528,226,0,0,55,0,0,1,9,5,550
764056825,1001,1616,0,-1528,226,0,0,55,0,0,1,9,5,550
764057827,1002,1616,0,-1528,227,0,0,55,0,0,1,9,5,550
764058839,1012,1616,0,-1528,233,0,0,55,0,0,1,9,5,550
764059831,992,1616,0,-1528,226,0,0,55,0,0,1,9,5,550
764060937,1106,1616,0,-1528,323,0,0,55,0,0,1,9,5,550
764061984,1047,1616,0,-1528,370,0,0,55,0,0,1,9,5,550
764062851,867,1616,0,-1528,249,0,0,55,0,0,1,9,5,550
764063876,1025,1616,0,-1528,269,0,0,55,0,0,1,9,5,550
764064846,970,1616,0,-1528,240,0,0,55,0,0,1,9,5,550
764065853,1007,1616,0,-1528,253,0,0,55,0,0,1,9,5,550
764066857,1004,1616,0,-1528,254,0,0,55,0,0,1,9,5,550
764067853,996,1616,0,-1528,253,0,0,55,0,0,1,9,5,550
764068853,1000,1616,0,-1528,256,0,0,55,0,0,1,9,5,550
764069848,995,1616,0,-1528,251,0,0,55,0,0,1,9,5,550
764070862,1014,1616,0,-1528,254,0,0,55,0,0,1,9,5,550
764071898,1036,1616,0,-1528,297,0,0,55,0,0,1,9,5,550
764072833,935,1616,0,-1528,227,0,0,55,0,0,1,9,5,550
764073827,994,1616,0,-1528,226,0,0,55,0,0,1,9,5,550
764074845,1018,1616,0,-1528,235,0,0,55,0,0,1,9,5,550
764075824,979,1616,0,-1528,226,0,0,55,0,0,1,9,5,550
764076825,1001,1616,0,-1528,226,0,0,55,0,0,1,9,5,550
764077826,1001,1616,0,-1528,226,0,0,55,0,0,1,9,5,550
764078839,1013,1616,0,-1528,234,0,0,55,0,0,1,9,5,550
764079830,991,1616,0,-1528,226,0,0,55,0,0,1,9,5,550
764080934,1104,1616,0,-1528,323,0,0,55,0,0,1,9,5,550
764081970,1036,1616,0,-1528,368,0,0,55,0,0,1,9,5,550
764082852,882,1616,0,-1528,249,0,0,55,0,0,1,9,5,550
764083864,1012,1616,0,-1528,265,0,0,55,0,0,1,9,5,550
764084854,990,1616,0,-1528,245,0,0,55,0,0,1,9,5,550
764085857,1003,1616,0,-1528,250,0,0,55,0,0,1,9,5,550
764086865,1008,1616,0,-1528,258,0,0,55,0,0,1,9,5,550
764087851,986,1616,0,-1528,245,0,0,55,0,0,1,9,5,550
764088858,1007,1616,0,-1528,256,0,0,55,0,0,1,9,5,550
764089852,994,1616,0,-1528,251,0,0,55,0,0,1,9,5,550
764090870,1018,1616,0,-1528,259,0,0,55,0,0,1,9,5,550
764091906,1036,1616,0,-1528,300,0,0,55,0,0,1,9,5,550
764092822,916,1616,0,-1528,224,0,0,55,0,0,1,9,5,550
764093831,1009,1616,0,-1528,227,0,0,55,0,0,1,9,5,550
764094847,1016,1616,0,-1528,235,0,0,55,0,0,1,9,5,550
764095825,978,1616,0,-1528,226,0,0,55,0,0,1,9,5,550
764096826,1001,1616,0,-1528,226,0,0,55,0,0,1,9,5,550
764097827,1001,1616,0,-1528,226,0,0,55,0,0,1,9,5,550
764098839,1012,1616,0,-1528,233,0,0,55,0,0,1,9,5,550
764099832,993,1616,0,-1528,226,0,0,55,0,0,1,9,5,550
764100920,1088,1616,0,-1528,318,0,0,55,0,0,1,9,5,550
764101986,1066,1616,0,-1528,362,0,0,55,0,0,1,9,5,550
764102855,869,1616,0,-1528,244,0,0,55,0,0,1,9,5,550
764103877,1022,1616,0,-1528,273,0,0,55,0,0,1,9,5,550
764104846,969,1616,0,-1528,239,0,0,55,0,0,1,9,5,550
764105861,1015,1616,0,-1528,256,0,0,55,0,0,1,9,5,550
764106860,999,1616,0,-1528,256,0,0,55,0,0,1,9,5,550
764107852,992,1616,0,-1528,251,0,0,55,0,0,1,9,5,550
764108854,1002,1616,0,-1528,256,0,0,55,0,0,1,9,5,550
764109860,1006,1616,0,-1528,248,0,0,55,0,0,1,9,5,550
764110867,1007,1616,0,-1528,256,0,0,55,0,0,1,9,5,550
764111911,1044,1616,0,-1528,302,0,0,55,0,0,1,9,5,550
764112830,919,1616,0,-1528,225,0,0,55,0,0,1,9,5,550
764113839,1009,1616,0,-1528,227,0,0,55,0,0,1,9,5,550
764114840,1001,1616,0,-1528,236,0,0,55,0,0,1,9,5,550
764115836,996,1616,0,-1528,226,0,0,55,0,0,1,9,5,550
764116838,1002,1616,0,-1528,226,0,0,55,0,0,1,9,5,550
764117825,987,1616,0,-1528,226,0,0,55,0,0,1,9,5,550
764118840,1015,1616,0,-1528,233,0,0,55,0,0,1,9,5,550
764119831,991,1616,0,-1528,226,0,0,55,0,0,1,9,5,550
764120923,1092,1616,0,-1528,322,0,0,55,0,0,1,9,5,550
764121993,1070,1616,0,-1528,370,0,0,55,0,0,1,9,5,550
764122863,870,1616,0,-1528,251,0,0,55,0,0,1,9,5,550
764123872,1009,1616,0,-1528,270,0,0,55,0,0,1,9,5,550
764124843,971,1616,0,-1528,241,0,0,55,0,0,1,9,5,550
764125853,1010,1616,0,-1528,253,0,0,55,0,0,1,9,5,550
764126869,1016,1616,0,-1528,257,0,0,55,0,0,1,9,5,550
764127853,984,1616,0,-1528,246,0,0,55,0,0,1,9,5,550
764128859,1006,1616,0,-1528,256,0,0,55,0,0,1,9,5,550
764129852,993,1616,0,-1528,251,0,0,55,0,0,1,9,5,550
764130854,1002,1616,0,-1528,256,0,0,55,0,0,1,9,5,550
