done_us,dt_good_us,raw,delta,counts,i2c_us,omega_mrev,window_mrev,cmd_mrev,fas_mrev,remain_ddeg,flags_hex,state,stage,current_ma,step_count,step_us,drv_status_hex,tstep,driver_age_us,gstat_hex,pins_hex
971669874,987,136,0,-110640,248,1,0,22,0,0,1,9,5,1650,3261,971669919,2166292536,1048575,11480,0,2
971670890,1016,136,0,-110640,264,1,0,22,0,0,1,9,5,1650,3261,971670957,2166292536,1048575,12528,0,2
971671878,988,136,0,-110640,248,1,0,22,0,0,1,9,5,1650,3261,971671923,2166292536,1048575,13485,0,2
971672872,994,136,0,-110640,244,1,0,22,0,0,1,9,5,1650,3261,971672937,2166292536,1048575,14511,0,2
971673870,998,136,0,-110640,249,1,0,22,0,0,1,9,5,1650,3261,971673902,2166292536,1048575,15461,0,2
971674879,1009,136,0,-110640,254,1,0,22,0,0,1,9,5,1650,3261,971674944,2166292536,1048575,16513,0,2
971675877,998,136,0,-110640,246,1,0,22,0,0,1,9,5,1650,3261,971675923,2166292536,1048575,17489,0,2
971676923,1046,136,0,-110640,298,1,0,22,0,0,1,9,5,1650,3261,971677002,2166292536,1048575,18578,0,2
971677862,939,136,0,-110640,237,1,0,22,0,0,1,9,5,1650,3261,971677891,2166292536,1048575,19453,0,2
971678867,1005,136,0,-110640,235,1,0,22,0,0,1,9,5,1650,3261,971678899,2166292536,1048575,20459,0,2
971679845,978,136,0,-110640,227,1,0,22,0,0,1,9,5,1650,3261,971679870,2166292536,1048575,21429,0,2
971680856,1011,136,0,-110640,225,1,0,22,0,0,1,9,5,1650,3261,971680883,2166292536,1048575,22442,0,2
971681852,996,136,0,-110640,222,1,0,22,0,0,1,9,5,1650,3261,971681874,2166292536,1048575,23433,0,2
971682853,1001,136,0,-110640,233,1,0,22,0,0,1,9,5,1650,3261,971682885,2166292536,1048575,24444,0,2
971683846,993,136,0,-110640,228,1,0,22,0,0,1,9,5,1650,3261,971683870,2166292536,1048575,25429,0,2
971684856,1010,136,0,-110640,225,1,0,22,0,0,1,9,5,1650,3261,971684883,2166292536,1048575,26446,0,2
971685935,1079,136,0,-110640,310,1,0,22,0,0,1,9,5,1650,3261,971686027,2166292536,1048575,27601,0,2
971687008,1073,136,0,-110640,377,1,0,22,0,0,1,9,5,1650,3261,971687115,2166292536,1048575,28701,0,2
971687889,881,136,0,-110640,268,1,0,22,0,0,1,9,5,1650,3261,971687950,2166292536,1048575,29518,0,2
971688891,1002,136,0,-110640,263,1,0,22,0,0,1,9,5,1650,3261,971688951,2166292536,1048575,30521,0,2
971689874,983,136,0,-110640,249,1,0,22,0,0,1,9,5,1650,3261,971689917,2166292536,1048575,31478,0,2
971690888,1014,136,0,-110640,261,0,0,22,0,0,1,9,5,1650,3261,971690948,2166292536,1048575,32518,0,2
971691875,987,136,0,-110640,252,0,0,22,0,0,1,9,5,1650,3261,971691906,2166292536,1048575,33465,0,2
971692865,990,136,0,-110640,241,0,0,22,0,0,1,9,5,1650,3261,971692926,2166292536,1048575,34498,0,2
971693876,1011,136,0,-110640,249,0,0,22,0,0,1,9,5,1650,3261,971693915,2166292536,1048575,35478,0,2
971694879,1003,136,0,-110640,254,0,0,22,0,0,1,9,5,1650,3261,971694949,2166292536,1048575,36519,0,2
971695874,995,136,0,-110640,248,0,0,22,0,0,1,9,5,1650,3261,971695922,2166292536,1048575,37485,0,2
971696917,1043,136,0,-110640,299,0,0,22,0,0,1,9,5,1650,3261,971696990,2166292536,1048575,38566,0,2
971697859,942,136,0,-110640,237,0,0,22,0,0,1,9,5,1650,3261,971697882,2166292536,1048575,39444,0,2
971698855,996,136,0,-110640,236,0,0,22,0,0,1,9,5,1650,3261,971698888,2166292536,1048575,40447,0,2
971699852,997,136,0,-110640,228,0,0,22,0,0,1,9,5,1650,3261,971699877,2166292536,1048575,41437,0,2
971700850,998,136,0,-110640,227,0,0,22,0,0,1,9,5,1650,3261,971700876,2166292536,1048575,42437,0,2
971701848,998,136,0,-110640,226,0,0,22,0,0,1,9,5,1650,3261,971701875,2166292536,1048575,43435,0,2
971702857,1009,136,0,-110640,235,0,0,22,0,0,1,9,5,1650,3261,971702889,2166292536,1048575,44448,0,2
971703851,994,136,0,-110640,229,0,0,22,0,0,1,9,5,1650,3261,971703875,2166292536,1048575,45434,0,2
971704845,994,136,0,-110640,225,0,0,22,0,0,1,9,5,1650,3261,971704872,2166292536,1048575,46431,0,2
971705934,1089,136,0,-110640,316,0,0,22,0,0,1,9,5,1650,3261,971706030,2166292536,1048575,47604,0,2
971707014,1080,136,0,-110640,386,0,0,22,0,0,1,9,5,1650,3261,971707117,2166292536,1048575,48701,0,2
971707881,867,136,0,-110640,261,0,0,22,0,0,1,9,5,1650,3261,971707943,2166292536,1048575,49511,0,2
971708876,995,136,0,-110640,255,0,0,22,0,0,1,9,5,1650,3261,971708941,2166292536,1048575,1,0,2
971709956,1080,136,0,-110640,328,0,0,22,0,0,1,9,5,1650,3261,971710010,2166292536,1048575,540,0,2
971710913,957,136,0,-110640,285,0,0,22,0,0,1,9,5,1650,3261,971710988,2166292536,1048575,1518,0,2
971711888,975,136,0,-110640,255,0,0,22,0,0,1,9,5,1650,3261,971711923,2166292536,1048575,2441,0,2
971712875,987,136,0,-110640,244,0,0,22,0,0,1,9,5,1650,3261,971712936,2166292536,1048575,3463,0,2
971713866,991,136,0,-110640,246,0,0,22,0,0,1,9,5,1650,3261,971713907,2166292536,1048575,4423,0,2
971714882,1016,136,0,-110640,255,0,0,22,0,0,1,9,5,1650,3261,971714945,2166292536,1048575,5471,0,2
971715880,998,136,0,-110640,248,0,0,22,0,0,1,9,5,1650,3261,971715938,2166292536,1048575,6466,0,2
971716922,1042,136,0,-110640,303,0,0,22,0,0,1,9,5,1650,3261,971716998,2166292536,1048575,7531,0,2
971717859,937,136,0,-110640,232,0,0,22,0,0,1,9,5,1650,3261,971717881,2166292536,1048575,8400,0,2
971718857,998,136,0,-110640,235,0,0,22,0,0,1,9,5,1650,3261,971718888,2166292536,1048575,9405,0,2
971719850,993,136,0,-110640,229,0,0,22,0,0,1,9,5,1650,3261,971719874,2166292536,1048575,10391,0,2
971720845,995,136,0,-110640,225,0,0,22,0,0,1,9,5,1650,3261,971720871,2166292536,1048575,11388,0,2
971721858,1013,136,0,-110640,225,0,0,22,0,0,1,9,5,1650,3261,971721887,2166292536,1048575,12405,0,2
971722858,1000,136,0,-110640,231,0,0,22,0,0,1,9,5,1650,3261,971722887,2166292536,1048575,13404,0,2
971723852,994,136,0,-110640,232,0,0,22,0,0,1,9,5,1650,3261,971723880,2166292536,1048575,14398,0,2
971724852,1000,136,0,-110640,225,0,0,22,0,0,1,9,5,1650,3261,971724878,2166292536,1048575,15398,0,2
971725945,1093,136,0,-110640,316,0,0,22,0,0,1,9,5,1650,3261,971726039,2166292536,1048575,16572,0,2
971727012,1067,136,0,-110640,368,0,0,22,0,0,1,9,5,1650,3261,971727109,2166292536,1048575,17650,0,2
971727894,882,136,0,-110640,271,0,0,22,0,0,1,9,5,1650,3261,971727963,2166292536,1048575,18485,0,2
971728893,999,136,0,-110640,264,0,0,22,0,0,1,9,5,1650,3261,971728956,2166292536,1048575,19482,0,2
971729881,988,136,0,-110640,252,0,0,22,0,0,1,9,5,1650,3261,971729928,2166292536,1048575,20455,0,2
971730879,998,136,0,-110640,259,0,0,22,0,0,1,9,5,1650,3261,971730942,2166292536,1048575,21470,0,2
971731879,1000,136,0,-110640,248,0,0,22,0,0,1,9,5,1650,3261,971731910,2166292536,1048575,22428,0,2
971732872,993,136,0,-110640,245,0,0,22,0,0,1,9,5,1650,3261,971732933,2166292536,1048575,23460,0,2
971733867,995,136,0,-110640,247,0,0,22,0,0,1,9,5,1650,3261,971733906,2166292536,1048575,24424,0,2
971734882,1015,136,0,-110640,256,0,0,22,0,0,1,9,5,1650,3261,971734950,2166292536,1048575,25478,0,2
971735876,994,136,0,-110640,249,0,0,22,0,0,1,9,5,1650,3261,971735925,2166292536,1048575,26447,0,2
971736920,1044,136,0,-110640,297,0,0,22,0,0,1,9,5,1650,3261,971736999,2166292536,1048575,27532,0,2
971737870,950,136,0,-110640,240,0,0,22,0,0,1,9,5,1650,3261,971737903,2166292536,1048575,28420,0,2
971738865,995,136,0,-110640,238,0,0,22,0,0,1,9,5,1650,3261,971738900,2166292536,1048575,29417,0,2
971739844,979,136,0,-110640,225,0,0,22,0,0,1,9,5,1650,3261,971739866,2166292536,1048575,30381,0,2
971740853,1009,136,0,-110640,225,0,0,22,0,0,1,9,5,1650,3261,971740880,2166292536,1048575,31397,0,2
971741851,998,136,0,-110640,225,0,0,22,0,0,1,9,5,1650,3261,971741878,2166292536,1048575,32396,0,2
971742863,1012,136,0,-110640,236,0,0,22,0,0,1,9,5,1650,3261,971742897,2166292536,1048575,33415,0,2
971743857,994,136,0,-110640,225,0,0,22,0,0,1,9,5,1650,3261,971743879,2166292536,1048575,34395,0,2
971744849,992,136,0,-110640,225,0,0,22,0,0,1,9,5,1650,3261,971744875,2166292536,1048575,35393,0,2
971745939,1090,136,0,-110640,310,0,0,22,0,0,1,9,5,1650,3261,971746029,2166292536,1048575,36561,0,2
971747012,1073,136,0,-110640,383,0,0,22,0,0,1,9,5,1650,3261,971747117,2166292536,1048575,37658,0,2
971747902,890,136,0,-110640,270,0,0,22,0,0,1,9,5,1650,3261,971747969,2166292536,1048575,38497,0,2
971748878,976,136,0,-110640,257,0,0,22,0,0,1,9,5,1650,3261,971748950,2166292536,1048575,39480,0,2
971749877,999,136,0,-110640,254,0,0,22,0,0,1,9,5,1650,3261,971749926,2166292536,1048575,40451,0,2
971750879,1002,136,0,-110640,257,0,0,22,0,0,1,9,5,1650,3261,971750948,2166292536,1048575,41475,0,2
971751868,989,136,0,-110640,249,0,0,22,0,0,1,9,5,1650,3261,971751897,2166292536,1048575,42413,0,2
971752870,1002,136,0,-110640,245,0,0,22,0,0,1,9,5,1650,3261,971752931,2166292536,1048575,43463,0,2
971753868,998,136,0,-110640,250,0,0,22,0,0,1,9,5,1650,3261,971753907,2166292536,1048575,44424,0,2
971754879,1011,136,0,-110640,252,0,0,22,0,0,1,9,5,1650,3261,971754949,2166292536,1048575,45476,0,2
971755877,998,136,0,-110640,252,0,0,22,0,0,1,9,5,1650,3261,971755926,2166292536,1048575,46452,0,2
971756919,1042,136,0,-110640,294,0,0,22,0,0,1,9,5,1650,3261,971756992,2166292536,1048575,47525,0,2
971757861,942,136,0,-110640,238,0,0,22,0,0,1,9,5,1650,3261,971757889,2166292536,1048575,48408,0,2
971758866,1005,136,0,-110640,239,0,0,22,0,0,1,9,5,1650,3261,971758900,2166292536,1048575,49418,0,2
971759845,979,136,0,-110640,225,0,0,22,0,0,1,9,5,1650,3261,971759867,2166292537,1048575,0,0,2
971760870,1025,136,0,-110640,240,0,0,22,0,0,1,9,5,1650,3261,971760904,2166292537,1048575,505,0,2
971761854,984,136,0,-110640,223,0,0,22,0,0,1,9,5,1650,3261,971761878,2166292537,1048575,1479,0,2
971762861,1007,136,0,-110640,236,0,0,22,0,0,1,9,5,1650,3261,971762895,2166292537,1048575,2496,0,2
971763854,993,136,0,-110640,225,0,0,22,0,0,1,9,5,1650,3261,971763876,2166292537,1048575,3476,0,2
971764846,992,136,0,-110640,225,0,0,22,0,0,1,9,5,1650,3261,971764873,2166292537,1048575,4473,0,2
971765946,1100,136,0,-110640,321,0,0,22,0,0,1,9,5,1650,3261,971766041,2166292537,1048575,5656,0,2
971767024,1078,136,0,-110640,385,0,0,22,0,0,1,9,5,1650,3261,971767124,2166292537,1048575,6751,0,2
971767890,866,136,0,-110640,268,0,0,22,0,0,1,9,5,1650,3261,971767952,2166292537,1048575,7560,0,2
971768893,1003,136,0,-110640,262,0,0,22,0,0,1,9,5,1650,3261,971768951,2166292537,1048575,8562,0,2
971769874,981,136,0,-110640,249,0,0,22,0,0,1,9,5,1650,3261,971769916,2166292537,1048575,9518,0,2
971770877,1003,136,0,-110640,257,0,0,22,0,0,1,9,5,1650,3261,971770942,2166292537,1048575,10553,0,2
971771879,1002,136,0,-110640,247,0,0,22,0,0,1,9,5,1650,3261,971771920,2166292537,1048575,11522,0,2
971772864,985,136,0,-110640,243,0,0,22,0,0,1,9,5,1650,3261,971772922,2166292537,1048575,12537,0,2
971773875,1011,136,0,-110640,250,0,0,22,0,0,1,9,5,1650,3261,971773913,2166292537,1048575,13517,0,2
971774876,1001,136,0,-110640,253,0,0,22,0,0,1,9,5,1650,3261,971774939,2166292537,1048575,14549,0,2
971775876,1000,136,0,-110640,248,0,0,22,0,0,1,9,5,1650,3261,971775926,2166292537,1048575,15531,0,2
971776916,1040,136,0,-110640,297,0,0,22,0,0,1,9,5,1650,3261,971776997,2166292537,1048575,16615,0,2
971777867,951,136,0,-110640,237,0,0,22,0,0,1,9,5,1650,3261,971777897,2166292537,1048575,17500,0,2
971778861,994,136,0,-110640,236,0,0,22,0,0,1,9,5,1650,3261,971778893,2166292537,1048575,18493,0,2
971779854,993,136,0,-110640,227,0,0,22,0,0,1,9,5,1650,3261,971779879,2166292537,1048575,19480,0,2
971780850,996,136,0,-110640,225,0,0,22,0,0,1,9,5,1650,3261,971780876,2166292537,1048575,20477,0,2
971781848,998,136,0,-110640,225,0,0,22,0,0,1,9,5,1650,3261,971781874,2166292537,1048575,21475,0,2
971782857,1009,136,0,-110640,233,0,0,22,0,0,1,9,5,1650,3261,971782888,2166292537,1048575,22489,0,2
971783850,993,136,0,-110640,228,0,0,22,0,0,1,9,5,1650,3261,971783874,2166292537,1048575,23474,0,2
971784845,995,136,0,-110640,226,0,0,22,0,0,1,9,5,1650,3261,971784871,2166292537,1048575,24472,0,2
971785931,1086,136,0,-110640,309,0,0,22,0,0,1,9,5,1650,3261,971786025,2166292537,1048575,25642,0,2
971787013,1082,136,0,-110640,386,0,0,22,0,0,1,9,5,1650,3261,971787118,2166292537,1048575,26744,0,2
971787892,879,136,0,-110640,263,0,0,22,0,0,1,9,5,1650,3261,971787954,2166292537,1048575,27563,0,2
971788877,985,136,0,-110640,258,0,0,22,0,0,1,9,5,1650,3261,971788945,2166292537,1048575,28555,0,2
971789871,994,136,0,-110640,249,0,0,22,0,0,1,9,5,1650,3261,971789915,2166292537,1048575,29517,0,2
971790876,1005,136,0,-110640,254,0,0,22,0,0,1,9,5,1650,3261,971790940,2166292537,1048575,30555,0,2
971791885,1009,136,0,-110640,255,0,0,22,0,0,1,9,5,1650,3261,971791918,2166292537,1048575,31520,0,2
971792856,971,136,0,-110640,238,0,0,22,0,0,1,9,5,1650,3261,971792914,2166292537,1048575,32532,0,2
971793879,1023,136,0,-110640,254,0,0,22,0,0,1,9,5,1650,3261,971793919,2166292537,1048575,33526,0,2
971794882,1003,136,0,-110640,253,0,0,22,0,0,1,9,5,1650,3261,971794948,2166292537,1048575,34558,0,2
971795867,985,136,0,-110640,247,0,0,22,0,0,1,9,5,1650,3261,971795912,2166292537,1048575,35519,0,2
971796924,1057,136,0,-110640,296,0,0,22,0,0,1,9,5,1650,3261,971796999,2166292537,1048575,36617,0,2
971797865,941,136,0,-110640,237,0,0,22,0,0,1,9,5,1650,3261,971797895,2166292537,1048575,37497,0,2
971798856,991,136,0,-110640,236,0,0,22,0,0,1,9,5,1650,3261,971798888,2166292537,1048575,38489,0,2
971799851,995,136,0,-110640,229,0,0,22,0,0,1,9,5,1650,3261,971799875,2166292537,1048575,39475,0,2
971800845,994,136,0,-110640,225,0,0,22,0,0,1,9,5,1650,3261,971800872,2166292537,1048575,40472,0,2
971801843,998,136,0,-110640,225,0,0,22,0,0,1,9,5,1650,3261,971801869,2166292537,1048575,41470,0,2
971802854,1011,136,0,-110640,233,0,0,22,0,0,1,9,5,1650,3261,971802886,2166292537,1048575,42486,0,2
971803847,993,136,0,-110640,228,0,0,22,0,0,1,9,5,1650,3261,971803871,2166292537,1048575,43472,0,2
971804857,1010,136,0,-110640,225,0,0,22,0,0,1,9,5,1650,3261,971804886,2166292537,1048575,44489,0,2
971805948,1091,136,0,-110640,314,0,0,22,0,0,1,9,5,1650,3261,971806042,2166292537,1048575,45659,0,2
971807011,1063,136,0,-110640,369,0,0,22,0,0,1,9,5,1650,3261,971807115,2166292537,1048575,46742,0,2
971807901,890,136,0,-110640,273,0,0,22,0,0,1,9,5,1650,3261,971807964,2166292537,1048575,47574,0,2
971808880,979,136,0,-110640,258,0,0,22,0,0,1,9,5,1650,3261,971808949,2166292537,1048575,48565,0,2
971809875,995,136,0,-110640,253,0,0,22,0,0,1,9,5,1650,3261,971809922,2166292537,1048575,49522,0,2
971810872,997,136,0,-110640,254,0,0,22,0,0,1,9,5,1650,3261,971810934,2166292536,1048575,1,0,2
971811891,1019,136,0,-110640,272,0,0,22,0,0,1,9,5,1650,3261,971811935,2166292536,1048575,461,0,2
971812873,982,136,0,-110640,246,0,0,22,0,0,1,9,5,1650,3261,971812941,2166292536,1048575,1477,0,2
971813876,1003,136,0,-110640,252,0,0,22,0,0,1,9,5,1650,3261,971813916,2166292536,1048575,2442,0,2
971814892,1016,136,0,-110640,261,0,0,22,0,0,1,9,5,1650,3261,971814955,2166292536,1048575,3485,0,2
971815870,978,136,0,-110640,248,0,0,22,0,0,1,9,5,1650,3261,971815915,2166292536,1048575,4441,0,2
971816925,1055,136,0,-110640,296,0,0,22,0,0,1,9,5,1650,3261,971816999,2166292536,1048575,5537,0,2
971817865,940,136,0,-110640,236,0,0,22,0,0,1,9,5,1650,3261,971817896,2166292536,1048575,6420,0,2
971818860,995,136,0,-110640,238,0,0,22,0,0,1,9,5,1650,3261,971818892,2166292536,1048575,7413,0,2
971819852,992,136,0,-110640,227,0,0,22,0,0,1,9,5,1650,3261,971819877,2166292536,1048575,8399,0,2
971820849,997,136,0,-110640,225,0,0,22,0,0,1,9,5,1650,3261,971820875,2166292536,1048575,9396,0,2
971821845,996,136,0,-110640,225,0,0,22,0,0,1,9,5,1650,3261,971821872,2166292536,1048575,10393,0,2
971822853,1008,136,0,-110640,233,0,0,22,0,0,1,9,5,1650,3261,971822885,2166292536,1048575,11406,0,2
971823846,993,136,0,-110640,228,0,0,22,0,0,1,9,5,1650,3261,971823870,2166292536,1048575,12391,0,2
971824856,1010,136,0,-110640,225,0,0,22,0,0,1,9,5,1650,3261,971824884,2166292536,1048575,13411,0,2
971825947,1091,136,0,-110640,315,0,0,22,0,0,1,9,5,1650,3261,971826043,2166292536,1048575,14581,0,2
971827022,1075,136,0,-110640,384,0,0,22,0,0,1,9,5,1650,3261,971827125,2166292536,1048575,15670,0,2
971827897,875,136,0,-110640,266,0,0,22,0,0,1,9,5,1650,3261,971827960,2166292536,1048575,16490,0,2
971828877,980,136,0,-110640,255,0,0,22,0,0,1,9,5,1650,3261,971828946,2166292536,1048575,17481,0,2
971829875,998,136,0,-110640,253,0,0,22,0,0,1,9,5,1650,3261,971829921,2166292536,1048575,18442,0,2
971830875,1000,136,0,-110640,255,0,0,22,0,0,1,9,5,1650,3261,971830941,2166292536,1048575,19473,0,2
971831876,1001,136,0,-110640,249,0,0,22,0,0,1,9,5,1650,3261,971831911,2166292536,1048575,20433,0,2
971832873,997,136,0,-110640,242,0,0,22,0,0,1,9,5,1650,3261,971832932,2166292536,1048575,21469,0,2
971833871,998,135,-1,-110639,253,0,8,22,0,0,1,9,5,1650,3261,971833911,2166292536,1048575,22434,0,2
971834870,999,136,1,-110640,249,0,0,22,0,0,1,9,5,1650,3261,971834936,2166292536,1048575,23472,0,2
971835887,1017,136,0,-110640,260,0,0,22,0,0,1,9,5,1650,3261,971835939,2166292536,1048575,24471,0,2
971836929,1042,136,0,-110640,297,0,0,22,0,0,1,9,5,1650,3261,971837004,2166292536,1048575,25542,0,2
971837857,928,136,0,-110640,238,0,0,22,0,0,1,9,5,1650,3261,971837879,2166292536,1048575,26404,0,2
971838853,996,136,0,-110640,235,0,0,22,0,0,1,9,5,1650,3261,971838886,2166292536,1048575,27410,0,2
971839849,996,136,0,-110640,224,0,0,22,0,0,1,9,5,1650,3261,971839871,2166292536,1048575,28392,0,2
971840860,1011,136,0,-110640,229,0,0,22,0,0,1,9,5,1650,3261,971840889,2166292536,1048575,29411,0,2
971841844,984,136,0,-110640,222,0,0,22,0,0,1,9,5,1650,3261,971841866,2166292536,1048575,30387,0,2
971842854,1010,135,-1,-110639,232,1,8,22,0,0,1,9,5,1650,3261,971842885,2166292536,1048575,31408,0,2
971843845,991,135,0,-110639,225,1,8,22,0,0,1,9,5,1650,3261,971843867,2166292536,1048575,32387,0,2
971844857,1012,136,1,-110640,229,1,0,22,0,0,1,9,5,1650,3261,971844890,2166292536,1048575,33414,0,2
971845946,1089,136,0,-110640,313,1,0,22,0,0,1,9,5,1650,3261,971846038,2166292536,1048575,34577,0,2
971847004,1058,136,0,-110640,381,1,0,22,0,0,1,9,5,1650,3261,971847106,2166292536,1048575,35655,0,2
971847905,901,136,0,-110640,272,1,0,22,0,0,1,9,5,1650,3261,971847964,2166292536,1048575,36496,0,2
971848890,985,136,0,-110640,264,1,0,22,0,0,1,9,5,1650,3261,971848961,2166292536,1048575,37492,0,2
971849871,981,136,0,-110640,253,1,0,22,0,0,1,9,5,1650,3261,971849921,2166292536,1048575,38444,0,2
971850894,1023,136,0,-110640,269,1,0,22,0,0,1,9,5,1650,3261,971850957,2166292536,1048575,39489,0,2
971851876,982,136,0,-110640,247,1,0,22,0,0,1,9,5,1650,3261,971851909,2166292536,1048575,40430,0,2
971852868,992,136,0,-110640,242,1,0,22,0,0,1,9,5,1650,3261,971852928,2166292536,1048575,41463,0,2
971853871,1003,136,0,-110640,245,1,0,22,0,0,1,9,5,1650,3261,971853908,2166292536,1048575,42431,0,2
971854877,1006,136,0,-110640,259,1,0,22,0,0,1,9,5,1650,3261,971854948,2166292536,1048575,43480,0,2
971855869,992,136,0,-110640,246,1,0,22,0,0,1,9,5,1650,3261,971855913,2166292536,1048575,44439,0,2
971856922,1053,136,0,-110640,295,0,0,22,0,0,1,9,5,1650,3261,971856997,2166292536,1048575,45535,0,2
971857867,945,136,0,-110640,238,0,0,22,0,0,1,9,5,1650,3261,971857897,2166292536,1048575,46421,0,2
971858862,995,136,0,-110640,240,0,0,22,0,0,1,9,5,1650,3261,971858896,2166292536,1048575,47419,0,2
971859856,994,135,-1,-110639,225,1,8,22,0,0,1,9,5,1650,3261,971859878,2166292536,1048575,48399,0,2
971860849,993,135,0,-110639,225,1,8,22,0,0,1,9,5,1650,3261,971860875,2166292536,1048575,49396,0,2
971861846,997,136,1,-110640,226,1,0,22,0,0,1,9,5,1650,3261,971861872,2166292535,1048575,1,0,2
971862872,1026,135,-1,-110639,248,1,8,22,0,0,1,9,5,1650,3261,971862910,2166292535,1048575,501,0,2
971863849,977,135,0,-110639,225,2,8,22,0,0,1,9,5,1650,3261,971863871,2166292535,1048575,1460,0,2
971864856,1007,135,0,-110639,225,1,0,22,0,0,1,9,5,1650,3261,971864884,2166292535,1048575,2480,0,2
971865941,1085,135,0,-110639,318,2,8,22,0,0,1,9,5,1650,3261,971866037,2166292535,1048575,3646,0,2
971867033,1092,136,1,-110640,394,2,0,22,0,0,1,9,5,1650,3261,971867135,2166292535,1048575,4751,0,2
971867877,844,136,0,-110640,257,2,0,22,0,0,1,9,5,1650,3261,971867933,2166292535,1048575,5529,0,2
971868892,1015,136,0,-110640,262,2,0,22,0,0,1,9,5,1650,3261,971868949,2166292535,1048575,6548,0,2
971869872,980,136,0,-110640,247,1,0,22,0,0,1,9,5,1650,3261,971869915,2166292535,1048575,7508,0,2
971870894,1022,135,-1,-110639,262,2,8,22,0,0,1,9,5,1650,3261,971870954,2166292535,1048575,8554,0,2
971871871,977,136,1,-110640,250,2,0,22,0,0,1,9,5,1650,3261,971871917,2166292535,1048575,9509,0,2
971872870,999,136,0,-110640,243,1,-8,22,0,0,1,9,5,1650,3261,971872929,2166292535,1048575,10535,0,2
971873879,1009,135,-1,-110639,250,1,0,22,0,0,1,9,5,1650,3261,971873917,2166292535,1048575,11512,0,2
971874888,1009,136,1,-110640,260,1,0,22,0,0,1,9,5,1650,3261,971874947,2166292535,1048575,12546,0,2
971875878,990,135,-1,-110639,247,1,8,22,0,0,1,9,5,1650,3261,971875926,2166292535,1048575,13523,0,2
971876923,1045,135,0,-110639,298,2,8,22,0,0,1,9,5,1650,3261,971877003,2166292535,1048575,14610,0,2
971877870,947,135,0,-110639,238,2,8,22,0,0,1,9,5,1650,3261,971877900,2166292535,1048575,15491,0,2
971878861,991,135,0,-110639,235,2,8,22,0,0,1,9,5,1650,3261,971878894,2166292535,1048575,16484,0,2
971879855,994,135,0,-110639,228,2,8,22,0,0,1,9,5,1650,3261,971879879,2166292535,1048575,17470,0,2
971880851,996,135,0,-110639,226,3,8,22,0,0,1,9,5,1650,3261,971880877,2166292535,1048575,18470,0,2
971881851,1000,135,0,-110639,225,3,8,22,0,0,1,9,5,1650,3261,971881877,2166292535,1048575,19470,0,2
971882860,1009,135,0,-110639,233,3,8,22,0,0,1,9,5,1650,3261,971882892,2166292535,1048575,20482,0,2
971883853,993,135,0,-110639,228,3,8,22,0,0,1,9,5,1650,3261,971883877,2166292535,1048575,21469,0,2
971884849,996,135,0,-110639,226,3,8,22,0,0,1,9,5,1650,3261,971884875,2166292535,1048575,22466,0,2
971885934,1085,135,0,-110639,314,4,8,22,0,0,1,9,5,1650,3261,971886023,2166292535,1048575,23627,0,2
971887006,1072,136,1,-110640,372,3,0,22,0,0,1,9,5,1650,3261,971887110,2166292535,1048575,24727,0,2
971887904,898,136,0,-110640,277,3,0,22,0,0,1,9,5,1650,3261,971887969,2166292535,1048575,25571,0,2
971888886,982,135,-1,-110639,262,4,8,22,0,0,1,9,5,1650,3261,971888958,2166292535,1048575,26559,0,2
971889889,1003,135,0,-110639,257,3,0,22,0,0,1,9,5,1650,3261,971889932,2166292535,1048575,27531,0,2
971890882,993,135,0,-110639,258,3,0,22,0,0,1,9,5,1650,3261,971890950,2166292535,1048575,28551,0,2
971891870,988,135,0,-110639,249,3,8,22,0,0,1,9,5,1650,3261,971891901,2166292535,1048575,29492,0,2
971892863,993,135,0,-110639,245,4,8,22,0,0,1,9,5,1650,3261,971892925,2166292535,1048575,30528,0,2
971893875,1012,135,0,-110639,249,3,0,22,0,0,1,9,5,1650,3261,971893914,2166292535,1048575,31508,0,2
971894871,996,135,0,-110639,250,3,0,22,0,0,1,9,5,1650,3261,971894934,2166292535,1048575,32537,0,2
971895879,1008,135,0,-110639,253,3,0,22,0,0,1,9,5,1650,3261,971895928,2166292535,1048575,33526,0,2
971896926,1047,136,1,-110640,297,3,-8,22,0,0,1,9,5,1650,3261,971897000,2166292535,1048575,34607,0,2
971897864,938,135,-1,-110639,238,3,8,22,0,0,1,9,5,1650,3261,971897895,2166292535,1048575,35487,0,2
971898861,997,135,0,-110639,238,3,8,22,0,0,1,9,5,1650,3261,971898895,2166292535,1048575,36487,0,2
971899855,994,135,0,-110639,225,3,8,22,0,0,1,9,5,1650,3261,971899877,2166292535,1048575,37468,0,2
971900848,993,135,0,-110639,226,3,8,22,0,0,1,9,5,1650,3261,971900874,2166292535,1048575,38464,0,2
971901844,996,135,0,-110639,225,3,0,22,0,0,1,9,5,1650,3261,971901871,2166292535,1048575,39462,0,2
971902858,1014,135,0,-110639,235,4,8,22,0,0,1,9,5,1650,3261,971902893,2166292535,1048575,40484,0,2
971903852,994,135,0,-110639,225,4,8,22,0,0,1,9,5,1650,3261,971903874,2166292535,1048575,41463,0,2
971904843,991,135,0,-110639,225,4,0,22,0,0,1,9,5,1650,3261,971904870,2166292535,1048575,42460,0,2
971905938,1095,135,0,-110639,312,3,0,22,0,0,1,9,5,1650,3261,971906033,2166292535,1048575,43639,0,2
971907022,1084,135,0,-110639,385,3,0,22,0,0,1,9,5,1650,3261,971907122,2166292535,1048575,44737,0,2
971907887,865,135,0,-110639,264,3,0,22,0,0,1,9,5,1650,3261,971907949,2166292535,1048575,45548,0,2
971908892,1005,135,0,-110639,263,3,0,22,0,0,1,9,5,1650,3261,971908952,2166292535,1048575,46552,0,2
971909878,986,135,0,-110639,249,3,0,22,0,0,1,9,5,1650,3261,971909925,2166292535,1048575,47522,0,2
971910880,1002,135,0,-110639,255,3,0,22,0,0,1,9,5,1650,3261,971910947,2166292535,1048575,48548,0,2
971911867,987,135,0,-110639,249,3,0,22,0,0,1,9,5,1650,3261,971911901,2166292535,1048575,49491,0,2
971912874,1007,135,0,-110639,242,3,0,22,0,0,1,9,5,1650,3261,971912930,2166292535,1048575,1,0,2
971913894,1020,135,0,-110639,264,2,0,22,0,0,1,9,5,1650,3261,971913955,2166292535,1048575,481,0,2
971914883,989,135,0,-110639,263,2,0,22,0,0,1,9,5,1650,3261,971914956,2166292535,1048575,1489,0,2
971915880,997,135,0,-110639,250,2,0,22,0,0,1,9,5,1650,3261,971915931,2166292535,1048575,2463,0,2
971916922,1042,135,0,-110639,298,2,0,22,0,0,1,9,5,1650,3261,971916997,2166292535,1048575,3539,0,2
971917857,935,135,0,-110639,237,2,8,22,0,0,1,9,5,1650,3261,971917879,2166292535,1048575,4406,0,2
971918858,1001,135,0,-110639,239,3,8,22,0,0,1,9,5,1650,3261,971918892,2166292535,1048575,5418,0,2
971919853,995,135,0,-110639,225,3,0,22,0,0,1,9,5,1650,3261,971919875,2166292535,1048575,6397,0,2
971920844,991,135,0,-110639,225,2,0,22,0,0,1,9,5,1650,3261,971920870,2166292535,1048575,7395,0,2
971921858,1014,135,0,-110639,226,2,0,22,0,0,1,9,5,1650,3261,971921885,2166292535,1048575,8410,0,2
971922862,1004,135,0,-110639,236,2,0,22,0,0,1,9,5,1650,3261,971922896,2166292535,1048575,9421,0,2
971923855,993,135,0,-110639,224,2,0,22,0,0,1,9,5,1650,3261,971923877,2166292535,1048575,10401,0,2
971924848,993,135,0,-110639,225,2,0,22,0,0,1,9,5,1650,3261,971924874,2166292535,1048575,11398,0,2
971925932,1084,135,0,-110639,314,2,0,22,0,0,1,9,5,1650,3261,971926026,2166292535,1048575,12565,0,2
971927011,1079,135,0,-110639,372,2,8,22,0,0,1,9,5,1650,3261,971927113,2166292535,1048575,13663,0,2
971927889,878,135,0,-110639,265,2,0,22,0,0,1,9,5,1650,3261,971927950,2166292535,1048575,14482,0,2
971928891,1002,135,0,-110639,261,2,0,22,0,0,1,9,5,1650,3261,971928950,2166292535,1048575,15484,0,2
971929870,979,135,0,-110639,247,2,0,22,0,0,1,9,5,1650,3261,971929912,2166292535,1048575,16438,0,2
971930890,1020,135,0,-110639,263,2,0,22,0,0,1,9,5,1650,3261,971930947,2166292535,1048575,17480,0,2
971931879,989,135,0,-110639,251,2,0,22,0,0,1,9,5,1650,3261,971931911,2166292535,1048575,18435,0,2
971932859,980,135,0,-110639,239,2,0,22,0,0,1,9,5,1650,3261,971932917,2166292535,1048575,19457,0,2
971933869,1010,135,0,-110639,248,2,0,22,0,0,1,9,5,1650,3261,971933909,2166292535,1048575,20436,0,2
971934875,1006,135,0,-110639,255,2,0,22,0,0,1,9,5,1650,3261,971934942,2166292535,1048575,21478,0,2
971935877,1002,135,0,-110639,246,2,0,22,0,0,1,9,5,1650,3261,971935926,2166292535,1048575,22453,0,2
971936930,1053,135,0,-110639,300,2,0,22,0,0,1,9,5,1650,3261,971937006,2166292535,1048575,23546,0,2
971937859,929,135,0,-110639,239,1,0,22,0,0,1,9,5,1650,3261,971937884,2166292535,1048575,24409,0,2
971938860,1001,135,0,-110639,235,1,0,22,0,0,1,9,5,1650,3261,971938892,2166292535,1048575,25416,0,2
971939854,994,135,0,-110639,228,1,0,22,0,0,1,9,5,1650,3261,971939878,2166292535,1048575,26403,0,2
971940850,996,135,0,-110639,225,1,0,22,0,0,1,9,5,1650,3261,971940876,2166292535,1048575,27401,0,2
971941848,998,135,0,-110639,225,1,0,22,0,0,1,9,5,1650,3261,971941874,2166292535,1048575,28398,0,2
971942855,1007,135,0,-110639,233,1,0,22,0,0,1,9,5,1650,3261,971942887,2166292535,1048575,29411,0,2
971943848,993,135,0,-110639,227,1,0,22,0,0,1,9,5,1650,3261,971943873,2166292535,1048575,30396,0,2
971944843,995,135,0,-110639,225,1,0,22,0,0,1,9,5,1650,3261,971944870,2166292535,1048575,31393,0,2
971945938,1095,135,0,-110639,310,1,0,22,0,0,1,9,5,1650,3261,971946032,2166292535,1048575,32571,0,2
971947007,1069,135,0,-110639,375,1,0,22,0,0,1,9,5,1650,3261,971947111,2166292535,1048575,33658,0,2
971947888,881,135,0,-110639,268,1,0,22,0,0,1,9,5,1650,3261,971947957,2166292535,1048575,34486,0,2
971948885,997,135,0,-110639,259,1,0,22,0,0,1,9,5,1650,3261,971948951,2166292535,1048575,35484,0,2
971949873,988,135,0,-110639,251,1,0,22,0,0,1,9,5,1650,3261,971949919,2166292535,1048575,36444,0,2
971950888,1015,135,0,-110639,262,1,0,22,0,0,1,9,5,1650,3261,971950954,2166292535,1048575,37487,0,2
971951874,986,135,0,-110639,250,1,0,22,0,0,1,9,5,1650,3261,971951906,2166292535,1048575,38430,0,2
971952867,993,135,0,-110639,242,1,0,22,0,0,1,9,5,1650,3261,971952930,2166292535,1048575,39470,0,2
971953889,1022,135,0,-110639,257,1,0,22,0,0,1,9,5,1650,3261,971953928,2166292535,1048575,40455,0,2
971954876,987,135,0,-110639,250,1,0,22,0,0,1,9,5,1650,3261,971954941,2166292535,1048575,41479,0,2
971955885,1009,135,0,-110639,253,1,0,22,0,0,1,9,5,1650,3261,971955930,2166292535,1048575,42460,0,2
971956920,1035,135,0,-110639,300,1,0,22,0,0,1,9,5,1650,3261,971956990,2166292535,1048575,43531,0,2
971957860,940,135,0,-110639,237,1,0,22,0,0,1,9,5,1650,3261,971957884,2166292535,1048575,44409,0,2
971958856,996,135,0,-110639,235,1,0,22,0,0,1,9,5,1650,3261,971958888,2166292535,1048575,45413,0,2
971959854,998,135,0,-110639,228,1,0,22,0,0,1,9,5,1650,3261,971959879,2166292535,1048575,46403,0,2
971960851,997,135,0,-110639,225,1,0,22,0,0,1,9,5,1650,3261,971960877,2166292535,1048575,47404,0,2
971961851,1000,135,0,-110639,225,1,0,22,0,0,1,9,5,1650,3261,971961877,2166292535,1048575,48403,0,2
971962860,1009,135,0,-110639,233,1,0,22,0,0,1,9,5,1650,3261,971962890,2166292535,1048575,49414,0,2
971963852,992,135,0,-110639,227,1,0,22,0,0,1,9,5,1650,3261,971963877,2166292534,1048575,1,0,2
971964859,1007,135,0,-110639,233,0,0,22,0,0,1,9,5,1650,3261,971964890,2166292534,1048575,484,0,2
971965942,1083,135,0,-110639,320,0,0,22,0,0,1,9,5,1650,3261,971966039,2166292534,1048575,1645,0,2
971967028,1086,135,0,-110639,393,0,0,22,0,0,1,9,5,1650,3261,971967131,2166292534,1048575,2747,0,2
971967887,859,135,0,-110639,263,0,0,22,0,0,1,9,5,1650,3261,971967949,2166292534,1048575,3548,0,2
971968892,1005,135,0,-110639,263,0,0,22,0,0,1,9,5,1650,3261,971968951,2166292534,1048575,4551,0,2
971969875,983,135,0,-110639,249,0,0,22,0,0,1,9,5,1650,3261,971969922,2166292534,1048575,5517,0,2
971970878,1003,135,0,-110639,256,0,0,22,0,0,1,9,5,1650,3261,971970945,2166292534,1048575,6546,0,2
971971879,1001,135,0,-110639,249,0,0,22,0,0,1,9,5,1650,3261,971971926,2166292534,1048575,7518,0,2
971972873,994,135,0,-110639,242,0,0,22,0,0,1,9,5,1650,3261,971972934,2166292534,1048575,8538,0,2
971973869,996,135,0,-110639,250,0,0,22,0,0,1,9,5,1650,3261,971973901,2166292534,1048575,9492,0,2
971974891,1022,135,0,-110639,264,0,0,22,0,0,1,9,5,1650,3261,971974948,2166292534,1048575,10548,0,2
971975866,975,135,0,-110639,248,0,0,22,0,0,1,9,5,1650,3261,971975906,2166292534,1048575,11500,0,2
971976923,1057,135,0,-110639,295,0,0,22,0,0,1,9,5,1650,3261,971977003,2166292534,1048575,12610,0,2
971977860,937,135,0,-110639,237,0,0,22,0,0,1,9,5,1650,3261,971977884,2166292534,1048575,13477,0,2
971978858,998,135,0,-110639,236,0,0,22,0,0,1,9,5,1650,3261,971978889,2166292534,1048575,14480,0,2
971979851,993,135,0,-110639,228,0,0,22,0,0,1,9,5,1650,3261,971979875,2166292534,1048575,15466,0,2
971980847,996,135,0,-110639,225,0,0,22,0,0,1,9,5,1650,3261,971980873,2166292534,1048575,16463,0,2
971981843,996,135,0,-110639,225,0,0,22,0,0,1,9,5,1650,3261,971981870,2166292534,1048575,17460,0,2
971982854,1011,135,0,-110639,233,0,0,22,0,0,1,9,5,1650,3261,971982886,2166292534,1048575,18477,0,2
971983847,993,135,0,-110639,227,0,0,22,0,0,1,9,5,1650,3261,971983872,2166292534,1048575,19462,0,2
971984857,1010,135,0,-110639,225,0,0,22,0,0,1,9,5,1650,3261,971984886,2166292534,1048575,20482,0,2
971985939,1082,135,0,-110639,311,0,0,22,0,0,1,9,5,1650,3261,971986030,2166292534,1048575,21638,0,2
971987021,1082,135,0,-110639,385,0,0,22,0,0,1,9,5,1650,3261,971987128,2166292534,1048575,22742,0,2
971987891,870,135,0,-110639,264,0,0,22,0,0,1,9,5,1650,3261,971987952,2166292534,1048575,23550,0,2
971988890,999,135,0,-110639,265,0,0,22,0,0,1,9,5,1650,3261,971988953,2166292534,1048575,24552,0,2
971989872,982,135,0,-110639,248,0,0,22,0,0,1,9,5,1650,3261,971989914,2166292534,1048575,25507,0,2
971990879,1007,135,0,-110639,253,0,0,22,0,0,1,9,5,1650,3261,971990948,2166292534,1048575,26549,0,2
971991870,991,135,0,-110639,251,0,0,22,0,0,1,9,5,1650,3261,971991904,2166292534,1048575,27494,0,2
971992858,988,135,0,-110639,239,0,0,22,0,0,1,9,5,1650,3261,971992916,2166292534,1048575,28524,0,2
971993874,1016,135,0,-110639,253,0,0,22,0,0,1,9,5,1650,3261,971993914,2166292534,1048575,29510,0,2
971994882,1008,135,0,-110639,255,0,0,22,0,0,1,9,5,1650,3261,971994951,2166292534,1048575,30551,0,2
971995868,986,135,0,-110639,246,0,0,22,0,0,1,9,5,1650,3261,971995913,2166292534,1048575,31508,0,2
971996918,1050,135,0,-110639,295,0,0,22,0,0,1,9,5,1650,3261,971996994,2166292534,1048575,32601,0,2
971997856,938,135,0,-110639,237,0,0,22,0,0,1,9,5,1650,3261,971997878,2166292534,1048575,33474,0,2
971998868,1012,135,0,-110639,237,0,0,22,0,0,1,9,5,1650,3261,971998901,2166292534,1048575,34491,0,2
971999849,981,135,0,-110639,227,0,0,22,0,0,1,9,5,1650,3261,971999874,2166292534,1048575,35464,0,2
972000844,995,135,0,-110639,225,0,0,22,0,0,1,9,5,1650,3261,972000871,2166292534,1048575,36461,0,2
972001858,1014,135,0,-110639,226,0,0,22,0,0,1,9,5,1650,3261,972001886,2166292534,1048575,37478,0,2
972002858,1000,135,0,-110639,233,0,0,22,0,0,1,9,5,1650,3261,972002889,2166292534,1048575,38479,0,2
972003850,992,135,0,-110639,228,0,0,22,0,0,1,9,5,1650,3261,972003874,2166292534,1048575,39465,0,2
972004845,995,135,0,-110639,225,0,0,22,0,0,1,9,5,1650,3261,972004871,2166292534,1048575,40461,0,2
972005931,1086,135,0,-110639,313,0,0,22,0,0,1,9,5,1650,3261,972006024,2166292534,1048575,41632,0,2
972007009,1078,135,0,-110639,380,0,0,22,0,0,1,9,5,1650,3261,972007108,2166292534,1048575,42725,0,2
972007899,890,135,0,-110639,271,0,0,22,0,0,1,9,5,1650,3261,972007964,2166292534,1048575,43566,0,2
972008887,988,135,0,-110639,258,0,0,22,0,0,1,9,5,1650,3261,972008957,2166292534,1048575,44559,0,2
972009889,1002,135,0,-110639,260,0,0,22,0,0,1,9,5,1650,3261,972009937,2166292534,1048575,45533,0,2
972010894,1005,135,0,-110639,265,0,0,22,0,0,1,9,5,1650,3261,972010956,2166292534,1048575,46558,0,2
972011878,984,135,0,-110639,251,0,0,22,0,0,1,9,5,1650,3261,972011916,2166292534,1048575,47507,0,2
972012861,983,135,0,-110639,243,0,0,22,0,0,1,9,5,1650,3261,972012919,2166292534,1048575,48524,0,2
972013868,1007,135,0,-110639,244,0,0,22,0,0,1,9,5,1650,3261,972013906,2166292534,1048575,49499,0,2
972014892,1024,135,0,-110639,261,0,0,22,0,0,1,9,5,1650,3261,972014955,2166292537,1048575,1,0,2
972015898,1006,135,0,-110639,269,0,0,22,0,0,1,9,5,1650,3261,972015974,2166292537,1048575,484,0,2
972016933,1035,135,0,-110639,303,0,0,22,0,0,1,9,5,1650,3261,972017005,2166292537,1048575,1520,0,2
972017851,918,135,0,-110639,231,0,0,22,0,0,1,9,5,1650,3261,972017873,2166292537,1048575,2374,0,2
972018872,1021,135,0,-110639,240,0,0,22,0,0,1,9,5,1650,3261,972018907,2166292537,1048575,3408,0,2
972019853,981,135,0,-110639,224,0,0,22,0,0,1,9,5,1650,3261,972019875,2166292537,1048575,4373,0,2
972020845,992,135,0,-110639,226,0,0,22,0,0,1,9,5,1650,3261,972020870,2166292537,1048575,5370,0,2
972021858,1013,135,0,-110639,226,0,0,22,0,0,1,9,5,1650,3261,972021884,2166292537,1048575,6388,0,2
972022860,1002,135,0,-110639,234,0,0,22,0,0,1,9,5,1650,3261,972022890,2166292537,1048575,7391,0,2
972023852,992,135,0,-110639,227,0,0,22,0,0,1,9,5,1650,3261,972023877,2166292537,1048575,8377,0,2
972024848,996,135,0,-110639,226,0,0,22,0,0,1,9,5,1650,3261,972024873,2166292537,1048575,9375,0,2
972025933,1085,135,0,-110639,311,0,0,22,0,0,1,9,5,1650,3261,972026027,2166292537,1048575,10543,0,2
972027014,1081,135,0,-110639,386,0,0,22,0,0,1,9,5,1650,3261,972027116,2166292537,1048575,11641,0,2
972027887,873,135,0,-110639,264,0,0,22,0,0,1,9,5,1650,3261,972027947,2166292537,1048575,12455,0,2
972028887,1000,135,0,-110639,262,0,0,22,0,0,1,9,5,1650,3261,972028953,2166292537,1048575,13461,0,2
972029875,988,135,0,-110639,248,0,0,22,0,0,1,9,5,1650,3261,972029920,2166292537,1048575,14422,0,2
972030898,1023,135,0,-110639,267,0,0,22,0,0,1,9,5,1650,3261,972030959,2166292537,1048575,15468,0,2
972031879,981,135,0,-110639,249,0,0,22,0,0,1,9,5,1650,3261,972031910,2166292537,1048575,16409,0,2
972032871,992,135,0,-110639,245,0,0,22,0,0,1,9,5,1650,3261,972032931,2166292537,1048575,17441,0,2
972033877,1006,135,0,-110639,245,0,0,22,0,0,1,9,5,1650,3261,972033914,2166292537,1048575,18417,0,2
972034872,995,135,0,-110639,253,0,0,22,0,0,1,9,5,1650,3261,972034936,2166292537,1048575,19447,0,2
972035872,1000,135,0,-110639,247,0,0,22,0,0,1,9,5,1650,3261,972035920,2166292537,1048575,20424,0,2
972036915,1043,135,0,-110639,295,0,0,22,0,0,1,9,5,1650,3261,972036991,2166292537,1048575,21507,0,2
972037864,949,135,0,-110639,242,0,0,22,0,0,1,9,5,1650,3261,972037894,2166292537,1048575,22395,0,2
972038857,993,135,0,-110639,239,0,0,22,0,0,1,9,5,1650,3261,972038892,2166292537,1048575,23393,0,2
972039852,995,135,0,-110639,225,0,0,22,0,0,1,9,5,1650,3261,972039875,2166292537,1048575,24372,0,2
972040843,991,135,0,-110639,225,0,0,22,0,0,1,9,5,1650,3261,972040870,2166292537,1048575,25369,0,2
972041857,1014,135,0,-110639,225,0,0,22,0,0,1,9,5,1650,3261,972041885,2166292537,1048575,26387,0,2
972042860,1003,135,0,-110639,236,0,0,22,0,0,1,9,5,1650,3261,972042894,2166292537,1048575,27395,0,2
972043854,994,135,0,-110639,225,0,0,22,0,0,1,9,5,1650,3261,972043876,2166292537,1048575,28374,0,2
972044845,991,135,0,-110639,225,0,0,22,0,0,1,9,5,1650,3261,972044871,2166292537,1048575,29370,0,2
972045942,1097,135,0,-110639,311,0,0,22,0,0,1,9,5,1650,3261,972046033,2166292537,1048575,30548,0,2
972047007,1065,135,0,-110639,369,0,0,22,0,0,1,9,5,1650,3261,972047111,2166292537,1048575,31638,0,2
972047894,887,135,0,-110639,270,0,0,22,0,0,1,9,5,1650,3261,972047960,2166292537,1048575,32464,0,2
972048886,992,135,0,-110639,259,0,0,22,0,0,1,9,5,1650,3261,972048956,2166292537,1048575,33466,0,2
972049887,1001,135,0,-110639,257,0,0,22,0,0,1,9,5,1650,3261,972049931,2166292537,1048575,34437,0,2
972050881,994,135,0,-110639,259,0,0,22,0,0,1,9,5,1650,3261,972050952,2166292537,1048575,35462,0,2
972051871,990,135,0,-110639,247,0,0,22,0,0,1,9,5,1650,3261,972051901,2166292537,1048575,36401,0,2
972052865,994,135,0,-110639,245,0,0,22,0,0,1,9,5,1650,3261,972052930,2166292537,1048575,37443,0,2
972053880,1015,135,0,-110639,250,0,0,22,0,0,1,9,5,1650,3261,972053916,2166292537,1048575,38421,0,2
972054874,994,135,0,-110639,251,0,0,22,0,0,1,9,5,1650,3261,972054941,2166292537,1048575,39452,0,2
972055887,1013,135,0,-110639,255,0,0,22,0,0,1,9,5,1650,3261,972055932,2166292537,1048575,40437,0,2
972056925,1038,135,0,-110639,302,0,0,22,0,0,1,9,5,1650,3261,972056996,2166292537,1048575,41513,0,2
972057865,940,135,0,-110639,238,0,0,22,0,0,1,9,5,1650,3261,972057896,2166292537,1048575,42396,0,2
972058858,993,135,0,-110639,238,0,0,22,0,0,1,9,5,1650,3261,972058891,2166292537,1048575,43392,0,2
972059851,993,135,0,-110639,224,0,0,22,0,0,1,9,5,1650,3261,972059873,2166292537,1048575,44372,0,2
972060843,992,135,0,-110639,225,0,0,22,0,0,1,9,5,1650,3261,972060869,2166292537,1048575,45369,0,2
972061857,1014,135,0,-110639,225,0,0,22,0,0,1,9,5,1650,3261,972061884,2166292537,1048575,46386,0,2
972062856,999,135,0,-110639,236,0,0,22,0,0,1,9,5,1650,3261,972062889,2166292537,1048575,47390,0,2
972063849,993,135,0,-110639,224,0,0,22,0,0,1,9,5,1650,3261,972063871,2166292537,1048575,48369,0,2
972064856,1007,135,0,-110639,225,0,0,22,0,0,1,9,5,1650,3261,972064882,2166292537,1048575,49387,0,2
972065935,1079,135,0,-110639,315,0,0,22,0,0,1,9,5,1650,3261,972066030,2166292536,1048575,1,0,2
972067280,1345,135,0,-110639,375,0,0,22,0,0,1,9,5,1650,3261,972067389,2166292536,1048575,652,0,2
972067861,581,135,0,-110639,236,0,0,22,0,0,1,9,5,1650,3261,972067884,2166292536,1048575,1131,0,2
972068880,1019,135,0,-110639,253,0,0,22,0,0,1,9,5,1650,3261,972068944,2166292536,1048575,2198,0,2
972069859,979,135,0,-110639,239,0,0,22,0,0,1,9,5,1650,3261,972069882,2166292536,1048575,3135,0,2
972070876,1017,135,0,-110639,258,0,0,22,0,0,1,9,5,1650,3261,972070942,2166292536,1048575,4196,0,2
972071859,983,136,1,-110640,239,0,-8,22,0,0,1,9,5,1650,3261,972071882,2166292536,1048575,5126,0,2
972072878,1019,135,-1,-110639,249,0,0,22,0,0,1,9,5,1650,3261,972072942,2166292536,1048575,6196,0,2
972073857,979,135,0,-110639,237,0,0,22,0,0,1,9,5,1650,3261,972073891,2166292536,1048575,7139,0,2
972074879,1022,135,0,-110639,259,0,0,22,0,0,1,9,5,1650,3261,972074943,2166292536,1048575,8196,0,2
972075868,989,135,0,-110639,236,0,0,22,0,0,1,9,5,1650,3261,972075903,2166292536,1048575,9152,0,2
972076923,1055,135,0,-110639,305,0,0,22,0,0,1,9,5,1650,3261,972077003,2166292536,1048575,10264,0,2
972077852,929,135,0,-110639,232,0,0,22,0,0,1,9,5,1650,3261,972077875,2166292536,1048575,11120,0,2
972078861,1009,135,0,-110639,231,0,0,22,0,0,1,9,5,1650,3261,972078894,2166292536,1048575,12139,0,2
972079858,997,135,0,-110639,230,0,0,22,0,0,1,9,5,1650,3261,972079884,2166292536,1048575,13128,0,2
972080852,994,135,0,-110639,223,0,0,22,0,0,1,9,5,1650,3261,972080878,2166292536,1048575,14124,0,2
972081850,998,135,0,-110639,225,0,0,22,0,0,1,9,5,1650,3261,972081873,2166292536,1048575,15116,0,2
972082851,1001,135,0,-110639,231,0,0,22,0,0,1,9,5,1650,3261,972082881,2166292536,1048575,16126,0,2
972083861,1010,135,0,-110639,231,0,0,22,0,0,1,9,5,1650,3261,972083887,2166292536,1048575,17131,0,2
972084855,994,135,0,-110639,223,0,0,22,0,0,1,9,5,1650,3261,972084883,2166292536,1048575,18130,0,2
972085962,1107,135,0,-110639,332,0,0,22,0,0,1,9,5,1650,3261,972086054,2166292536,1048575,19315,0,2
972087030,1068,135,0,-110639,401,0,0,22,0,0,1,9,5,1650,3261,972087130,2166292536,1048575,20402,0,2
972087897,867,135,0,-110639,271,0,0,22,0,0,1,9,5,1650,3261,972087961,2166292536,1048575,21211,0,2
972088887,990,135,0,-110639,261,0,0,22,0,0,1,9,5,1650,3261,972088955,2166292536,1048575,22210,0,2
972089874,987,135,0,-110639,249,0,0,22,0,0,1,9,5,1650,3261,972089918,2166292536,1048575,23163,0,2
972090877,1003,135,0,-110639,259,0,0,22,0,0,1,9,5,1650,3261,972090943,2166292536,1048575,24197,0,2
972091878,1001,135,0,-110639,250,0,0,22,0,0,1,9,5,1650,3261,972091928,2166292536,1048575,25179,0,2
972092862,984,135,0,-110639,242,0,0,22,0,0,1,9,5,1650,3261,972092928,2166292536,1048575,26185,0,2
972093879,1017,135,0,-110639,250,0,0,22,0,0,1,9,5,1650,3261,972093910,2166292536,1048575,27154,0,2
972094891,1012,135,0,-110639,262,0,0,22,0,0,1,9,5,1650,3261,972094952,2166292536,1048575,28206,0,2
972095874,983,135,0,-110639,249,0,0,22,0,0,1,9,5,1650,3261,972095919,2166292536,1048575,29166,0,2
972096921,1047,135,0,-110639,302,0,0,22,0,0,1,9,5,1650,3261,972096999,2166292536,1048575,30259,0,2
972097861,940,135,0,-110639,235,0,0,22,0,0,1,9,5,1650,3261,972097891,2166292536,1048575,31138,0,2
972098869,1008,135,0,-110639,237,0,0,22,0,0,1,9,5,1650,3261,972098900,2166292536,1048575,32144,0,2
972099845,976,135,0,-110639,227,0,0,22,0,0,1,9,5,1650,3261,972099870,2166292536,1048575,33114,0,2
972100856,1011,135,0,-110639,225,0,0,22,0,0,1,9,5,1650,3261,972100882,2166292536,1048575,34126,0,2
972101851,995,135,0,-110639,223,0,0,22,0,0,1,9,5,1650,3261,972101873,2166292536,1048575,35116,0,2
972102853,1002,135,0,-110639,233,0,8,22,0,0,1,9,5,1650,3261,972102885,2166292536,1048575,36130,0,2
972103846,993,136,1,-110640,227,0,-8,22,0,0,1,9,5,1650,3261,972103871,2166292536,1048575,37115,0,2
972104857,1011,135,-1,-110639,225,0,0,22,0,0,1,9,5,1650,3261,972104886,2166292536,1048575,38136,0,2
972105939,1082,135,0,-110639,309,0,0,22,0,0,1,9,5,1650,3261,972106030,2166292536,1048575,39290,0,2
972107017,1078,135,0,-110639,387,0,0,22,0,0,1,9,5,1650,3261,972107122,2166292536,1048575,40391,0,2
972107907,890,135,0,-110639,274,0,0,22,0,0,1,9,5,1650,3261,972107968,2166292536,1048575,41226,0,2
972108890,983,135,0,-110639,262,0,0,22,0,0,1,9,5,1650,3261,972108963,2166292536,1048575,42217,0,2
972109874,984,135,0,-110639,254,0,0,22,0,0,1,9,5,1650,3261,972109923,2166292536,1048575,43175,0,2
972110878,1004,136,1,-110640,258,0,-8,22,0,0,1,9,5,1650,3261,972110951,2166292536,1048575,44206,0,2
972111871,993,135,-1,-110639,250,0,0,22,0,0,1,9,5,1650,3261,972111915,2166292536,1048575,45160,0,2
972112864,993,135,0,-110639,242,0,0,22,0,0,1,9,5,1650,3261,972112926,2166292536,1048575,46187,0,2
972113882,1018,135,0,-110639,253,0,0,22,0,0,1,9,5,1650,3261,972113921,2166292536,1048575,47169,0,2
972114873,991,135,0,-110639,254,0,0,22,0,0,1,9,5,1650,3261,972114943,2166292536,1048575,48199,0,2
972115891,1018,135,0,-110639,259,0,0,22,0,0,1,9,5,1650,3261,972115941,2166292536,1048575,49197,0,2
972116924,1033,135,0,-110639,295,0,0,22,0,0,1,9,5,1650,3261,972116999,2166292536,1048575,1,0,2
972117867,943,135,0,-110639,244,0,0,22,0,0,1,9,5,1650,3261,972117905,2166292536,1048575,362,0,2
972118856,989,135,0,-110639,238,0,0,22,0,0,1,9,5,1650,3261,972118889,2166292536,1048575,1347,0,2
972119854,998,135,0,-110639,227,0,0,22,0,0,1,9,5,1650,3261,972119879,2166292536,1048575,2334,0,2
972120849,995,135,0,-110639,225,0,0,22,0,0,1,9,5,1650,3261,972120875,2166292536,1048575,3333,0,2
972121848,999,135,0,-110639,225,0,0,22,0,0,1,9,5,1650,3261,972121874,2166292536,1048575,4331,0,2
972122855,1007,135,0,-110639,231,0,0,22,0,0,1,9,5,1650,3261,972122886,2166292536,1048575,5344,0,2
972123846,991,135,0,-110639,224,0,0,22,0,0,1,9,5,1650,3261,972123868,2166292536,1048575,6323,0,2
972124860,1014,136,1,-110640,230,-1,-8,22,0,0,1,9,5,1650,3261,972124894,2166292536,1048575,7353,0,2
972125937,1077,136,0,-110640,316,-1,-8,22,0,0,1,9,5,1650,3261,972126033,2166292536,1048575,8503,0,2
972127024,1087,135,-1,-110639,401,-1,0,22,0,0,1,9,5,1650,3261,972127126,2166292536,1048575,9607,0,2
972127894,870,136,1,-110640,268,-1,-8,22,0,0,1,9,5,1650,3261,972127963,2166292536,1048575,10426,0,2
972128892,998,136,0,-110640,260,-1,-8,22,0,0,1,9,5,1650,3261,972128957,2166292536,1048575,11422,0,2
972129871,979,136,0,-110640,253,-2,-8,22,0,0,1,9,5,1650,3261,972129918,2166292536,1048575,12373,0,2
972130888,1017,136,0,-110640,263,-2,-8,22,0,0,1,9,5,1650,3261,972130949,2166292536,1048575,13415,0,2
972131867,979,136,0,-110640,248,-2,-8,22,0,0,1,9,5,1650,3261,972131913,2166292536,1048575,14374,0,2
972132868,1001,136,0,-110640,243,-2,-8,22,0,0,1,9,5,1650,3261,972132929,2166292536,1048575,15398,0,2
972133878,1010,136,0,-110640,249,-2,0,22,0,0,1,9,5,1650,3261,972133910,2166292536,1048575,16368,0,2
972134894,1016,136,0,-110640,262,-2,-8,22,0,0,1,9,5,1650,3261,972134954,2166292536,1048575,17421,0,2
972135878,984,136,0,-110640,249,-3,-8,22,0,0,1,9,5,1650,3261,972135926,2166292536,1048575,18387,0,2
972136926,1048,135,-1,-110639,296,-3,0,22,0,0,1,9,5,1650,3261,972137005,2166292536,1048575,19477,0,2
972137856,930,135,0,-110639,237,-2,0,22,0,0,1,9,5,1650,3261,972137878,2166292536,1048575,20338,0,2
972138857,1001,135,0,-110639,237,-2,0,22,0,0,1,9,5,1650,3261,972138890,2166292536,1048575,21345,0,2
972139854,997,135,0,-110639,228,-2,0,22,0,0,1,9,5,1650,3261,972139878,2166292536,1048575,22335,0,2
972140850,996,135,0,-110639,225,-2,0,22,0,0,1,9,5,1650,3261,972140876,2166292536,1048575,23333,0,2
972141848,998,135,0,-110639,225,-2,8,22,0,0,1,9,5,1650,3261,972141874,2166292536,1048575,24330,0,2
972142855,1007,135,0,-110639,233,-2,0,22,0,0,1,9,5,1650,3261,972142888,2166292536,1048575,25343,0,2
972143848,993,136,1,-110640,227,-2,-8,22,0,0,1,9,5,1650,3261,972143873,2166292536,1048575,26328,0,2
972144843,995,136,0,-110640,225,-2,-8,22,0,0,1,9,5,1650,3261,972144870,2166292536,1048575,27326,0,2
972145933,1090,135,-1,-110639,312,-2,0,22,0,0,1,9,5,1650,3261,972146024,2166292536,1048575,28495,0,2
972147006,1073,136,1,-110640,365,-2,-8,22,0,0,1,9,5,1650,3261,972147113,2166292536,1048575,29590,0,2
972147904,898,136,0,-110640,276,-3,-8,22,0,0,1,9,5,1650,3261,972147969,2166292536,1048575,30438,0,2
972148888,984,136,0,-110640,261,-3,-8,22,0,0,1,9,5,1650,3261,972148960,2166292536,1048575,31424,0,2
972149889,1001,136,0,-110640,259,-3,-8,22,0,0,1,9,5,1650,3261,972149937,2166292536,1048575,32403,0,2
972150888,999,136,0,-110640,263,-3,-8,22,0,0,1,9,5,1650,3261,972150951,2166292536,1048575,33416,0,2
972151872,984,136,0,-110640,250,-3,-8,22,0,0,1,9,5,1650,3261,972151902,2166292536,1048575,34358,0,2
972152861,989,136,0,-110640,243,-4,-8,22,0,0,1,9,5,1650,3261,972152926,2166292536,1048575,35399,0,2
972153886,1025,135,-1,-110639,254,-3,0,22,0,0,1,9,5,1650,3261,972153925,2166292536,1048575,36385,0,2
972154881,995,136,1,-110640,252,-3,0,22,0,0,1,9,5,1650,3261,972154945,2166292536,1048575,37411,0,2
972155873,992,136,0,-110640,253,-3,0,22,0,0,1,9,5,1650,3261,972155924,2166292536,1048575,38387,0,2
972156927,1054,136,0,-110640,296,-3,0,22,0,0,1,9,5,1650,3261,972157003,2166292536,1048575,39475,0,2
972157867,940,136,0,-110640,236,-3,-8,22,0,0,1,9,5,1650,3261,972157897,2166292536,1048575,40355,0,2
972158861,994,136,0,-110640,238,-3,0,22,0,0,1,9,5,1650,3261,972158896,2166292536,1048575,41352,0,2
972159855,994,136,0,-110640,224,-3,0,22,0,0,1,9,5,1650,3261,972159877,2166292536,1048575,42333,0,2
972160847,992,136,0,-110640,225,-3,0,22,0,0,1,9,5,1650,3261,972160874,2166292536,1048575,43330,0,2
972161845,998,135,-1,-110639,225,-2,8,22,0,0,1,9,5,1650,3261,972161872,2166292536,1048575,44327,0,2
972162859,1014,136,1,-110640,237,-2,0,22,0,0,1,9,5,1650,3261,972162893,2166292536,1048575,45350,0,2
972163853,994,136,0,-110640,225,-2,0,22,0,0,1,9,5,1650,3261,972163875,2166292536,1048575,46329,0,2
972164845,992,136,0,-110640,226,-2,0,22,0,0,1,9,5,1650,3261,972164871,2166292536,1048575,47326,0,2
972165939,1094,136,0,-110640,313,-2,0,22,0,0,1,9,5,1650,3261,972166034,2166292536,1048575,48504,0,2
972167018,1079,136,0,-110640,376,-2,-8,22,0,0,1,9,5,1650,3261,972167121,2166292536,1048575,49603,0,2
972167897,879,136,0,-110640,265,-3,-8,22,0,0,1,9,5,1650,3261,972167963,2166292535,1048575,1,0,2
972168906,1009,136,0,-110640,276,-3,-8,22,0,0,1,9,5,1650,3261,972168972,2166292535,1048575,458,0,2
972169875,969,136,0,-110640,253,-3,-8,22,0,0,1,9,5,1650,3261,972169919,2166292535,1048575,1395,0,2
972170880,1005,136,0,-110640,251,-3,-8,22,0,0,1,9,5,1650,3261,972170950,2166292535,1048575,2437,0,2
972171879,999,136,0,-110640,256,-3,-8,22,0,0,1,9,5,1650,3261,972171910,2166292535,1048575,3387,0,2
972172856,977,136,0,-110640,233,-4,-8,22,0,0,1,9,5,1650,3261,972172916,2166292535,1048575,4408,0,2
972173886,1030,136,0,-110640,261,-3,0,22,0,0,1,9,5,1650,3261,972173925,2166292535,1048575,5407,0,2
972174867,981,136,0,-110640,249,-3,0,22,0,0,1,9,5,1650,3261,972174937,2166292535,1048575,6429,0,2
972175883,1016,136,0,-110640,256,-3,0,22,0,0,1,9,5,1650,3261,972175929,2166292535,1048575,7413,0,2
972176928,1045,136,0,-110640,300,-3,-8,22,0,0,1,9,5,1650,3261,972177003,2166292535,1048575,8497,0,2
972177854,926,136,0,-110640,234,-3,0,22,0,0,1,9,5,1650,3261,972177876,2166292535,1048575,9354,0,2
972178866,1012,136,0,-110640,237,-3,0,22,0,0,1,9,5,1650,3261,972178898,2166292535,1048575,10375,0,2
972179847,981,136,0,-110640,227,-3,0,22,0,0,1,9,5,1650,3261,972179872,2166292535,1048575,11349,0,2
972180843,996,136,0,-110640,225,-3,0,22,0,0,1,9,5,1650,3261,972180869,2166292535,1048575,12346,0,2
972181857,1014,136,0,-110640,225,-3,0,22,0,0,1,9,5,1650,3261,972181884,2166292535,1048575,13363,0,2
972182853,996,136,0,-110640,233,-3,0,22,0,0,1,9,5,1650,3261,972182885,2166292535,1048575,14362,0,2
972183847,994,136,0,-110640,228,-3,0,22,0,0,1,9,5,1650,3261,972183871,2166292535,1048575,15348,0,2
972184843,996,136,0,-110640,225,-3,-8,22,0,0,1,9,5,1650,3261,972184868,2166292535,1048575,16346,0,2
972185936,1093,136,0,-110640,312,-3,0,22,0,0,1,9,5,1650,3261,972186028,2166292535,1048575,17522,0,2
972187008,1072,136,0,-110640,382,-3,0,22,0,0,1,9,5,1650,3261,972187108,2166292535,1048575,18607,0,2
972187889,881,136,0,-110640,265,-2,0,22,0,0,1,9,5,1650,3261,972187950,2166292535,1048575,19435,0,2
972188891,1002,136,0,-110640,264,-2,0,22,0,0,1,9,5,1650,3261,972188951,2166292535,1048575,20437,0,2
972189874,983,136,0,-110640,250,-2,0,22,0,0,1,9,5,1650,3261,972189919,2166292535,1048575,21399,0,2
972190894,1020,136,0,-110640,264,-2,0,22,0,0,1,9,5,1650,3261,972190952,2166292535,1048575,22439,0,2
972191881,987,136,0,-110640,254,-2,-8,22,0,0,1,9,5,1650,3261,972191912,2166292535,1048575,23388,0,2
972192867,986,136,0,-110640,242,-2,0,22,0,0,1,9,5,1650,3261,972192927,2166292535,1048575,24418,0,2
972193887,1020,136,0,-110640,258,-2,0,22,0,0,1,9,5,1650,3261,972193926,2166292535,1048575,25407,0,2
972194890,1003,136,0,-110640,260,-2,0,22,0,0,1,9,5,1650,3261,972194953,2166292535,1048575,26438,0,2
972195874,984,136,0,-110640,248,-2,0,22,0,0,1,9,5,1650,3261,972195923,2166292535,1048575,27406,0,2
972196918,1044,136,0,-110640,294,-2,0,22,0,0,1,9,5,1650,3261,972196999,2166292535,1048575,28493,0,2
972197870,952,136,0,-110640,240,-2,0,22,0,0,1,9,5,1650,3261,972197901,2166292535,1048575,29379,0,2
972198867,997,136,0,-110640,236,-2,0,22,0,0,1,9,5,1650,3261,972198899,2166292535,1048575,30375,0,2
972199860,993,136,0,-110640,228,-2,0,22,0,0,1,9,5,1650,3261,972199886,2166292535,1048575,31361,0,2
972200856,996,136,0,-110640,225,-2,0,22,0,0,1,9,5,1650,3261,972200882,2166292535,1048575,32359,0,2
972201852,996,136,0,-110640,223,-2,0,22,0,0,1,9,5,1650,3261,972201874,2166292535,1048575,33349,0,2
972202855,1003,136,0,-110640,233,-2,0,22,0,0,1,9,5,1650,3261,972202887,2166292535,1048575,34364,0,2
972203848,993,136,0,-110640,227,-1,0,22,0,0,1,9,5,1650,3261,972203873,2166292535,1048575,35349,0,2
972204843,995,136,0,-110640,225,-1,0,22,0,0,1,9,5,1650,3261,972204870,2166292535,1048575,36346,0,2
972205937,1094,136,0,-110640,311,-1,0,22,0,0,1,9,5,1650,3261,972206028,2166292535,1048575,37521,0,2
972207016,1079,136,0,-110640,372,-1,0,22,0,0,1,9,5,1650,3261,972207123,2166292535,1048575,38626,0,2
972207889,873,136,0,-110640,264,-1,0,22,0,0,1,9,5,1650,3261,972207953,2166292535,1048575,39436,0,2
972208876,987,136,0,-110640,257,-1,0,22,0,0,1,9,5,1650,3261,972208944,2166292535,1048575,40432,0,2
972209870,994,136,0,-110640,251,-1,0,22,0,0,1,9,5,1650,3261,972209913,2166292535,1048575,41390,0,2
972210874,1004,136,0,-110640,254,-1,0,22,0,0,1,9,5,1650,3261,972210939,2166292535,1048575,42430,0,2
972211876,1002,136,0,-110640,250,-1,0,22,0,0,1,9,5,1650,3261,972211907,2166292535,1048575,43384,0,2
972212866,990,136,0,-110640,242,-1,0,22,0,0,1,9,5,1650,3261,972212931,2166292535,1048575,44423,0,2
972213891,1025,136,0,-110640,271,-1,0,22,0,0,1,9,5,1650,3261,972213954,2166292535,1048575,45438,0,2
972214894,1003,136,0,-110640,266,-1,0,22,0,0,1,9,5,1650,3261,972214966,2166292535,1048575,46452,0,2
972215885,991,136,0,-110640,257,-1,0,22,0,0,1,9,5,1650,3261,972215929,2166292535,1048575,47411,0,2
972216933,1048,136,0,-110640,301,-1,0,22,0,0,1,9,5,1650,3261,972217005,2166292535,1048575,48499,0,2
972217857,924,136,0,-110640,237,-1,0,22,0,0,1,9,5,1650,3261,972217880,2166292535,1048575,49359,0,2
972218857,1000,136,0,-110640,237,-1,0,22,0,0,1,9,5,1650,3261,972218889,2166292536,1048575,1,0,2
972219862,1005,136,0,-110640,237,-1,0,22,0,0,1,9,5,1650,3261,972219891,2166292536,1048575,472,0,2
972220859,997,136,0,-110640,232,-1,0,22,0,0,1,9,5,1650,3261,972220890,2166292536,1048575,1471,0,2
972221846,987,136,0,-110640,223,-1,0,22,0,0,1,9,5,1650,3261,972221868,2166292536,1048575,2448,0,2
972222852,1006,136,0,-110640,233,-1,0,22,0,0,1,9,5,1650,3261,972222883,2166292536,1048575,3463,0,2
972223858,1006,136,0,-110640,227,-1,0,22,0,0,1,9,5,1650,3261,972223884,2166292536,1048575,4464,0,2
972224854,996,136,0,-110640,225,-1,0,22,0,0,1,9,5,1650,3261,972224880,2166292536,1048575,5466,0,2
972225953,1099,136,0,-110640,320,-1,0,22,0,0,1,9,5,1650,3261,972226054,2166292536,1048575,6651,0,2
972227027,1074,136,0,-110640,398,-1,0,22,0,0,1,9,5,1650,3261,972227128,2166292536,1048575,7733,0,2
972227905,878,136,0,-110640,275,-1,0,22,0,0,1,9,5,1650,3261,972227966,2166292536,1048575,8561,0,2
972228879,974,136,0,-110640,260,-1,0,22,0,0,1,9,5,1650,3261,972228954,2166292536,1048575,9548,0,2
972229887,1008,136,0,-110640,257,-1,0,22,0,0,1,9,5,1650,3261,972229934,2166292536,1048575,10522,0,2
972230878,991,136,0,-110640,259,0,0,22,0,0,1,9,5,1650,3261,972230946,2166292536,1048575,11537,0,2
972231864,986,136,0,-110640,246,0,0,22,0,0,1,9,5,1650,3261,972231903,2166292536,1048575,12487,0,2
972232869,1005,136,0,-110640,243,0,0,22,0,0,1,9,5,1650,3261,972232931,2166292536,1048575,13527,0,2
972233884,1015,136,0,-110640,252,0,0,22,0,0,1,9,5,1650,3261,972233916,2166292536,1048575,14500,0,2
972234875,991,136,0,-110640,254,0,0,22,0,0,1,9,5,1650,3261,972234942,2166292536,1048575,15533,0,2
972235884,1009,136,0,-110640,253,0,0,22,0,0,1,9,5,1650,3261,972235931,2166292536,1048575,16518,0,2
972236928,1044,136,0,-110640,296,0,0,22,0,0,1,9,5,1650,3261,972237007,2166292536,1048575,17606,0,2
972237856,928,136,0,-110640,236,0,0,22,0,0,1,9,5,1650,3261,972237879,2166292536,1048575,18460,0,2
972238868,1012,136,0,-110640,235,0,0,22,0,0,1,9,5,1650,3261,972238899,2166292536,1048575,19481,0,2
972239850,982,136,0,-110640,228,0,0,22,0,0,1,9,5,1650,3261,972239874,2166292536,1048575,20456,0,2
972240846,996,136,0,-110640,226,0,0,22,0,0,1,9,5,1650,3261,972240871,2166292536,1048575,21453,0,2
972241844,998,136,0,-110640,226,0,0,22,0,0,1,9,5,1650,3261,972241869,2166292536,1048575,22450,0,2
972242854,1010,136,0,-110640,233,0,0,22,0,0,1,9,5,1650,3261,972242885,2166292536,1048575,23466,0,2
972243847,993,136,0,-110640,228,0,0,22,0,0,1,9,5,1650,3261,972243871,2166292536,1048575,24453,0,2
972244843,996,136,0,-110640,225,0,0,22,0,0,1,9,5,1650,3261,972244868,2166292536,1048575,25449,0,2
972245935,1092,136,0,-110640,314,0,0,22,0,0,1,9,5,1650,3261,972246026,2166292536,1048575,26622,0,2
972247008,1073,136,0,-110640,381,0,0,22,0,0,1,9,5,1650,3261,972247115,2166292536,1048575,27721,0,2
972247898,890,136,0,-110640,267,0,0,22,0,0,1,9,5,1650,3261,972247961,2166292536,1048575,28548,0,2
972248881,983,136,0,-110640,256,0,0,22,0,0,1,9,5,1650,3261,972248950,2166292536,1048575,29542,0,2
972249877,996,136,0,-110640,253,0,0,22,0,0,1,9,5,1650,3261,972249924,2166292536,1048575,30509,0,2
972250878,1001,136,0,-110640,256,0,0,22,0,0,1,9,5,1650,3261,972250949,2166292536,1048575,31540,0,2
972251866,988,136,0,-110640,248,0,0,22,0,0,1,9,5,1650,3261,972251897,2166292536,1048575,32478,0,2
972252870,1004,136,0,-110640,242,0,0,22,0,0,1,9,5,1650,3261,972252931,2166292536,1048575,33525,0,2
972253878,1008,136,0,-110640,249,0,0,22,0,0,1,9,5,1650,3261,972253916,2166292536,1048575,34501,0,2
972254874,996,136,0,-110640,251,0,0,22,0,0,1,9,5,1650,3261,972254941,2166292536,1048575,35533,0,2
972255883,1009,136,0,-110640,254,0,0,22,0,0,1,9,5,1650,3261,972255928,2166292536,1048575,36514,0,2
972256927,1044,136,0,-110640,297,0,0,22,0,0,1,9,5,1650,3261,972257000,2166292536,1048575,37598,0,2
972257865,938,136,0,-110640,238,0,0,22,0,0,1,9,5,1650,3261,972257895,2166292536,1048575,38478,0,2
972258860,995,136,0,-110640,238,0,0,22,0,0,1,9,5,1650,3261,972258894,2166292536,1048575,39476,0,2
972259854,994,136,0,-110640,224,0,0,22,0,0,1,9,5,1650,3261,972259877,2166292536,1048575,40457,0,2
972260847,993,136,0,-110640,225,0,0,22,0,0,1,9,5,1650,3261,972260873,2166292536,1048575,41454,0,2
972261844,997,136,0,-110640,225,0,0,22,0,0,1,9,5,1650,3261,972261870,2166292536,1048575,42452,0,2
972262858,1014,136,0,-110640,236,0,0,22,0,0,1,9,5,1650,3261,972262892,2166292536,1048575,43474,0,2
972263852,994,136,0,-110640,225,0,0,22,0,0,1,9,5,1650,3261,972263874,2166292536,1048575,44453,0,2
972264843,991,136,0,-110640,225,0,0,22,0,0,1,9,5,1650,3261,972264869,2166292536,1048575,45451,0,2
972265943,1100,136,0,-110640,311,0,0,22,0,0,1,9,5,1650,3261,972266036,2166292536,1048575,46632,0,2
972267015,1072,136,0,-110640,383,0,0,22,0,0,1,9,5,1650,3261,972267116,2166292536,1048575,47721,0,2
972267887,872,136,0,-110640,268,0,0,22,0,0,1,9,5,1650,3261,972267949,2166292536,1048575,48538,0,2
972268881,994,136,0,-110640,259,0,0,22,0,0,1,9,5,1650,3261,972268947,2166292536,1048575,49537,0,2
972269870,989,136,0,-110640,248,0,0,22,0,0,1,9,5,1650,3261,972269913,2166292535,1048575,1,0,2
972270907,1037,136,0,-110640,281,0,0,22,0,0,1,9,5,1650,3261,972270975,2166292535,1048575,512,0,2
972271883,976,136,0,-110640,256,0,0,22,0,0,1,9,5,1650,3261,972271914,2166292535,1048575,1442,0,2
972272863,980,136,0,-110640,238,0,0,22,0,0,1,9,5,1650,3261,972272926,2166292535,1048575,2467,0,2
972273881,1018,136,0,-110640,253,0,0,22,0,0,1,9,5,1650,3261,972273919,2166292535,1048575,3454,0,2
972274888,1007,136,0,-110640,259,0,0,22,0,0,1,9,5,1650,3261,972274951,2166292535,1048575,4488,0,2
972275871,983,136,0,-110640,248,0,0,22,0,0,1,9,5,1650,3261,972275917,2166292535,1048575,5447,0,2
972276915,1044,136,0,-110640,293,0,0,22,0,0,1,9,5,1650,3261,972276991,2166292535,1048575,6534,0,2
972277854,939,136,0,-110640,236,0,0,22,0,0,1,9,5,1650,3261,972277876,2166292535,1048575,7404,0,2
972278854,1000,136,0,-110640,236,0,0,22,0,0,1,9,5,1650,3261,972278886,2166292535,1048575,8413,0,2
972279848,994,136,0,-110640,228,0,0,22,0,0,1,9,5,1650,3261,972279872,2166292535,1048575,9398,0,2
972280843,995,136,0,-110640,225,0,0,22,0,0,1,9,5,1650,3261,972280869,2166292535,1048575,10396,0,2
972281857,1014,136,0,-110640,225,0,0,22,0,0,1,9,5,1650,3261,972281886,2166292535,1048575,11414,0,2
972282858,1001,136,0,-110640,233,0,0,22,0,0,1,9,5,1650,3261,972282889,2166292535,1048575,12415,0,2
972283850,992,136,0,-110640,228,0,0,22,0,0,1,9,5,1650,3261,972283874,2166292535,1048575,13401,0,2
972284845,995,136,0,-110640,225,0,0,22,0,0,1,9,5,1650,3261,972284871,2166292535,1048575,14397,0,2
972285933,1088,136,0,-110640,314,0,0,22,0,0,1,9,5,1650,3261,972286025,2166292535,1048575,15567,0,2
972287012,1079,136,0,-110640,378,0,0,22,0,0,1,9,5,1650,3261,972287113,2166292535,1048575,16668,0,2
972287898,886,136,0,-110640,266,0,0,22,0,0,1,9,5,1650,3261,972287967,2166292535,1048575,17502,0,2
972288894,996,136,0,-110640,262,0,0,22,0,0,1,9,5,1650,3261,972288963,2166292535,1048575,18499,0,2
972289877,983,136,0,-110640,253,0,0,22,0,0,1,9,5,1650,3261,972289926,2166292535,1048575,19456,0,2
972290888,1011,136,0,-110640,264,0,0,22,0,0,1,9,5,1650,3261,972290951,2166292535,1048575,20488,0,2
972291870,982,136,0,-110640,248,0,0,22,0,0,1,9,5,1650,3261,972291901,2166292535,1048575,21428,0,2
972292864,994,136,0,-110640,243,0,0,22,0,0,1,9,5,1650,3261,972292921,2166292535,1048575,22462,0,2
972293868,1004,136,0,-110640,246,0,0,22,0,0,1,9,5,1650,3261,972293907,2166292535,1048575,23434,0,2
972294879,1011,136,0,-110640,253,0,0,22,0,0,1,9,5,1650,3261,972294948,2166292535,1048575,24485,0,2
972295870,991,136,0,-110640,247,0,0,22,0,0,1,9,5,1650,3261,972295920,2166292535,1048575,25449,0,2
972296928,1058,136,0,-110640,297,0,0,22,0,0,1,9,5,1650,3261,972297004,2166292535,1048575,26547,0,2
972297860,932,136,0,-110640,240,0,0,22,0,0,1,9,5,1650,3261,972297884,2166292535,1048575,27413,0,2
972298857,997,136,0,-110640,239,0,0,22,0,0,1,9,5,1650,3261,972298893,2166292535,1048575,28421,0,2
972299856,999,136,0,-110640,226,0,0,22,0,0,1,9,5,1650,3261,972299878,2166292535,1048575,29404,0,2
972300849,993,136,0,-110640,225,0,0,22,0,0,1,9,5,1650,3261,972300875,2166292535,1048575,30401,0,2
972301845,996,136,0,-110640,225,0,0,22,0,0,1,9,5,1650,3261,972301872,2166292535,1048575,31398,0,2
972302858,1013,136,0,-110640,235,0,0,22,0,0,1,9,5,1650,3261,972302893,2166292535,1048575,32420,0,2
972303852,994,136,0,-110640,225,0,0,22,0,0,1,9,5,1650,3261,972303874,2166292535,1048575,33399,0,2
972304843,991,136,0,-110640,225,0,0,22,0,0,1,9,5,1650,3261,972304870,2166292535,1048575,34396,0,2
972305933,1090,136,0,-110640,314,0,0,22,0,0,1,9,5,1650,3261,972306024,2166292535,1048575,35566,0,2
972307007,1074,136,0,-110640,371,0,0,22,0,0,1,9,5,1650,3261,972307110,2166292535,1048575,36662,0,2
972307893,886,136,0,-110640,271,0,0,22,0,0,1,9,5,1650,3261,972307959,2166292535,1048575,37490,0,2
972308891,998,136,0,-110640,264,0,0,22,0,0,1,9,5,1650,3261,972308956,2166292535,1048575,38492,0,2
972309880,989,136,0,-110640,251,0,0,22,0,0,1,9,5,1650,3261,972309925,2166292535,1048575,39457,0,2
972310892,1012,136,0,-110640,262,0,0,22,0,0,1,9,5,1650,3261,972310956,2166292535,1048575,40493,0,2
972311878,986,136,0,-110640,251,0,0,22,0,0,1,9,5,1650,3261,972311908,2166292535,1048575,41434,0,2
972312865,987,136,0,-110640,242,0,0,22,0,0,1,9,5,1650,3261,972312929,2166292535,1048575,42470,0,2
972313878,1013,136,0,-110640,248,0,0,22,0,0,1,9,5,1650,3261,972313916,2166292535,1048575,43446,0,2
972314873,995,136,0,-110640,251,0,0,22,0,0,1,9,5,1650,3261,972314935,2166292535,1048575,44475,0,2
972315874,1001,136,0,-110640,250,0,0,22,0,0,1,9,5,1650,3261,972315921,2166292535,1048575,45452,0,2
972316926,1052,136,0,-110640,295,0,0,22,0,0,1,9,5,1650,3261,972317002,2166292535,1048575,46546,0,2
972317857,931,136,0,-110640,238,0,0,22,0,0,1,9,5,1650,3261,972317879,2166292535,1048575,47408,0,2
972318858,1001,136,0,-110640,240,0,0,22,0,0,1,9,5,1650,3261,972318894,2166292535,1048575,48421,0,2
972319856,998,136,0,-110640,225,0,0,22,0,0,1,9,5,1650,3261,972319878,2166292535,1048575,49404,0,2
972320848,992,136,0,-110640,225,0,0,22,0,0,1,9,5,1650,3261,972320875,2166292536,1048575,1,0,2
972321858,1010,136,0,-110640,232,0,0,22,0,0,1,9,5,1650,3261,972321890,2166292536,1048575,485,0,2
972322862,1004,136,0,-110640,240,0,0,22,0,0,1,9,5,1650,3261,972322900,2166292536,1048575,1493,0,2
972323846,984,136,0,-110640,225,0,0,22,0,0,1,9,5,1650,3261,972323868,2166292536,1048575,2459,0,2
972324853,1007,136,0,-110640,225,0,0,22,0,0,1,9,5,1650,3261,972324879,2166292536,1048575,3474,0,2
972325952,1099,136,0,-110640,318,0,0,22,0,0,1,9,5,1650,3261,972326049,2166292536,1048575,4658,0,2
972327030,1078,136,0,-110640,399,0,0,22,0,0,1,9,5,1650,3261,972327132,2166292536,1048575,5748,0,2
972327886,856,136,0,-110640,262,0,0,22,0,0,1,9,5,1650,3261,972327953,2166292536,1048575,6553,0,2
972328875,989,136,0,-110640,256,0,0,22,0,0,1,9,5,1650,3261,972328942,2166292536,1048575,7547,0,2
972329880,1005,136,0,-110640,249,0,0,22,0,0,1,9,5,1650,3261,972329927,2166292536,1048575,8527,0,2
972330879,999,136,0,-110640,259,0,0,22,0,0,1,9,5,1650,3261,972330944,2166292536,1048575,9547,0,2
972331876,997,136,0,-110640,247,0,0,22,0,0,1,9,5,1650,3261,972331922,2166292536,1048575,10516,0,2
972332873,997,136,0,-110640,245,0,0,22,0,0,1,9,5,1650,3261,972332936,2166292536,1048575,11541,0,2
972333865,992,136,0,-110640,246,0,0,22,0,0,1,9,5,1650,3261,972333895,2166292536,1048575,12488,0,2
972334884,1019,136,0,-110640,260,0,0,22,0,0,1,9,5,1650,3261,972334950,2166292536,1048575,13552,0,2
972335869,985,136,0,-110640,246,0,0,22,0,0,1,9,5,1650,3261,972335913,2166292536,1048575,14510,0,2
972336919,1050,136,0,-110640,299,0,0,22,0,0,1,9,5,1650,3261,972336997,2166292536,1048575,15606,0,2
972337867,948,136,0,-110640,238,0,0,22,0,0,1,9,5,1650,3261,972337900,2166292536,1048575,16493,0,2
972338865,998,136,0,-110640,238,0,0,22,0,0,1,9,5,1650,3261,972338900,2166292536,1048575,17493,0,2
972339844,979,136,0,-110640,225,0,0,22,0,0,1,9,5,1650,3261,972339866,2166292536,1048575,18457,0,2
972340853,1009,136,0,-110640,225,0,0,22,0,0,1,9,5,1650,3261,972340880,2166292536,1048575,19473,0,2
972341851,998,136,0,-110640,225,0,0,22,0,0,1,9,5,1650,3261,972341878,2166292536,1048575,20472,0,2
972342863,1012,136,0,-110640,236,0,0,22,0,0,1,9,5,1650,3261,972342897,2166292536,1048575,21491,0,2
972343857,994,136,0,-110640,225,0,0,22,0,0,1,9,5,1650,3261,972343879,2166292536,1048575,22471,0,2
972344849,992,136,0,-110640,225,0,0,22,0,0,1,9,5,1650,3261,972344875,2166292536,1048575,23469,0,2
972345941,1092,136,0,-110640,312,0,0,22,0,0,1,9,5,1650,3261,972346033,2166292536,1048575,24642,0,2
972347013,1072,136,0,-110640,377,0,0,22,0,0,1,9,5,1650,3261,972347116,2166292536,1048575,25733,0,2
972347896,883,136,0,-110640,270,0,0,22,0,0,1,9,5,1650,3261,972347962,2166292536,1048575,26562,0,2
972348891,995,136,0,-110640,262,0,0,22,0,0,1,9,5,1650,3261,972348962,2166292536,1048575,27564,0,2
972349874,983,136,0,-110640,254,0,0,22,0,0,1,9,5,1650,3261,972349918,2166292536,1048575,28512,0,2
972350878,1004,136,0,-110640,255,0,0,22,0,0,1,9,5,1650,3261,972350945,2166292536,1048575,29548,0,2
972351871,993,136,0,-110640,253,0,0,22,0,0,1,9,5,1650,3261,972351901,2166292536,1048575,30493,0,2
972352858,987,136,0,-110640,238,0,0,22,0,0,1,9,5,1650,3261,972352916,2166292536,1048575,31526,0,2
972353886,1028,136,0,-110640,260,0,0,22,0,0,1,9,5,1650,3261,972353927,2166292536,1048575,32526,0,2
972354879,993,136,0,-110640,253,0,0,22,0,0,1,9,5,1650,3261,972354949,2166292536,1048575,33554,0,2
972355879,1000,136,0,-110640,252,0,0,22,0,0,1,9,5,1650,3261,972355930,2166292536,1048575,34534,0,2
972356926,1047,136,0,-110640,296,0,0,22,0,0,1,9,5,1650,3261,972357000,2166292536,1048575,35610,0,2
972357855,929,136,0,-110640,237,0,0,22,0,0,1,9,5,1650,3261,972357877,2166292536,1048575,36472,0,2
972358866,1011,136,0,-110640,235,0,0,22,0,0,1,9,5,1650,3261,972358899,2166292536,1048575,37491,0,2
972359847,981,136,0,-110640,227,0,0,22,0,0,1,9,5,1650,3261,972359872,2166292536,1048575,38464,0,2
972360857,1010,136,0,-110640,225,0,0,22,0,0,1,9,5,1650,3261,972360884,2166292536,1048575,39476,0,2
972361853,996,136,0,-110640,222,0,0,22,0,0,1,9,5,1650,3261,972361875,2166292536,1048575,40467,0,2
972362854,1001,136,0,-110640,233,0,0,22,0,0,1,9,5,1650,3261,972362886,2166292536,1048575,41478,0,2
972363847,993,136,0,-110640,228,0,0,22,0,0,1,9,5,1650,3261,972363871,2166292536,1048575,42464,0,2
972364857,1010,136,0,-110640,225,0,0,22,0,0,1,9,5,1650,3261,972364886,2166292536,1048575,43481,0,2
972365937,1080,136,0,-110640,313,0,0,22,0,0,1,9,5,1650,3261,972366029,2166292536,1048575,44636,0,2
972367016,1079,136,0,-110640,387,0,0,22,0,0,1,9,5,1650,3261,972367119,2166292536,1048575,45739,0,2
972367884,868,136,0,-110640,262,0,0,22,0,0,1,9,5,1650,3261,972367945,2166292536,1048575,46546,0,2
972368885,1001,136,0,-110640,260,0,0,22,0,0,1,9,5,1650,3261,972368947,2166292536,1048575,47549,0,2
972369869,984,136,0,-110640,248,0,0,22,0,0,1,9,5,1650,3261,972369911,2166292536,1048575,48506,0,2
972370871,1002,136,0,-110640,252,0,0,22,0,0,1,9,5,1650,3261,972370930,2166292536,1048575,49537,0,2
972371889,1018,136,0,-110640,256,0,0,22,0,0,1,9,5,1650,3261,972371919,2166292536,1048575,1,0,2
972372890,1001,136,0,-110640,258,0,0,22,0,0,1,9,5,1650,3261,972372965,2166292536,1048575,505,0,2
972373871,981,136,0,-110640,252,0,0,22,0,0,1,9,5,1650,3261,972373913,2166292536,1048575,1444,0,2
972374878,1007,136,0,-110640,254,0,0,22,0,0,1,9,5,1650,3261,972374944,2166292536,1048575,2483,0,2
972375884,1006,136,0,-110640,254,0,0,22,0,0,1,9,5,1650,3261,972375930,2166292536,1048575,3466,0,2
972376930,1046,136,0,-110640,300,0,0,22,0,0,1,9,5,1650,3261,972377005,2166292536,1048575,4551,0,2
972377862,932,136,0,-110640,235,0,0,22,0,0,1,9,5,1650,3261,972377889,2166292536,1048575,5419,0,2
972378864,1002,136,0,-110640,236,0,0,22,0,0,1,9,5,1650,3261,972378895,2166292536,1048575,6424,0,2
972379857,993,136,0,-110640,227,0,0,22,0,0,1,9,5,1650,3261,972379882,2166292536,1048575,7410,0,2
972380852,995,136,0,-110640,225,0,0,22,0,0,1,9,5,1650,3261,972380877,2166292536,1048575,8409,0,2
972381851,999,136,0,-110640,225,0,0,22,0,0,1,9,5,1650,3261,972381876,2166292536,1048575,9407,0,2
972382860,1009,136,0,-110640,233,0,0,22,0,0,1,9,5,1650,3261,972382891,2166292536,1048575,10420,0,2
972383853,993,136,0,-110640,227,0,0,22,0,0,1,9,5,1650,3261,972383878,2166292536,1048575,11408,0,2
972384850,997,136,0,-110640,225,0,0,22,0,0,1,9,5,1650,3261,972384875,2166292536,1048575,12408,0,2
972385944,1094,136,0,-110640,311,0,0,22,0,0,1,9,5,1650,3261,972386036,2166292536,1048575,13579,0,2
972387004,1060,136,0,-110640,376,0,0,22,0,0,1,9,5,1650,3261,972387105,2166292536,1048575,14657,0,2
972387902,898,136,0,-110640,273,0,0,22,0,0,1,9,5,1650,3261,972387966,2166292536,1048575,15506,0,2
972388892,990,136,0,-110640,261,0,0,22,0,0,1,9,5,1650,3261,972388961,2166292536,1048575,16499,0,2
972389873,981,136,0,-110640,252,0,0,22,0,0,1,9,5,1650,3261,972389920,2166292536,1048575,17450,0,2
972390888,1015,136,0,-110640,259,0,0,22,0,0,1,9,5,1650,3261,972390946,2166292536,1048575,18486,0,2
972391873,985,136,0,-110640,252,0,0,22,0,0,1,9,5,1650,3261,972391903,2166292536,1048575,19432,0,2
972392861,988,136,0,-110640,241,0,0,22,0,0,1,9,5,1650,3261,972392922,2166292536,1048575,20465,0,2
972393876,1015,136,0,-110640,249,0,0,22,0,0,1,9,5,1650,3261,972393916,2166292536,1048575,21448,0,2
972394875,999,136,0,-110640,254,0,0,22,0,0,1,9,5,1650,3261,972394940,2166292536,1048575,22481,0,2
972395879,1004,136,0,-110640,248,0,0,22,0,0,1,9,5,1650,3261,972395927,2166292536,1048575,23465,0,2
972396924,1045,136,0,-110640,296,0,0,22,0,0,1,9,5,1650,3261,972397001,2166292536,1048575,24546,0,2
972397868,944,136,0,-110640,238,0,0,22,0,0,1,9,5,1650,3261,972397898,2166292536,1048575,25428,0,2
972398858,990,136,0,-110640,236,0,0,22,0,0,1,9,5,1650,3261,972398889,2166292536,1048575,26418,0,2
972399850,992,136,0,-110640,227,0,0,22,0,0,1,9,5,1650,3261,972399875,2166292536,1048575,27403,0,2
972400845,995,136,0,-110640,225,0,0,22,0,0,1,9,5,1650,3261,972400872,2166292536,1048575,28400,0,2
972401843,998,136,0,-110640,225,0,0,22,0,0,1,9,5,1650,3261,972401869,2166292536,1048575,29398,0,2
972402856,1013,136,0,-110640,233,0,0,22,0,0,1,9,5,1650,3261,972402888,2166292536,1048575,30416,0,2
972403849,993,136,0,-110640,228,0,0,22,0,0,1,9,5,1650,3261,972403873,2166292536,1048575,31402,0,2
972404844,995,136,0,-110640,225,0,0,22,0,0,1,9,5,1650,3261,972404870,2166292536,1048575,32398,0,2
972405944,1100,136,0,-110640,318,0,0,22,0,0,1,9,5,1650,3261,972406039,2166292536,1048575,33584,0,2
972407021,1077,136,0,-110640,382,0,0,22,0,0,1,9,5,1650,3261,972407128,2166292536,1048575,34683,0,2
972407901,880,136,0,-110640,269,0,0,22,0,0,1,9,5,1650,3261,972407965,2166292536,1048575,35506,0,2
972408878,977,136,0,-110640,258,0,0,22,0,0,1,9,5,1650,3261,972408951,2166292536,1048575,36495,0,2
972409887,1009,136,0,-110640,258,0,0,22,0,0,1,9,5,1650,3261,972409929,2166292536,1048575,37468,0,2
972410892,1005,136,0,-110640,262,0,0,22,0,0,1,9,5,1650,3261,972410952,2166292536,1048575,38491,0,2
972411872,980,136,0,-110640,248,0,0,22,0,0,1,9,5,1650,3261,972411907,2166292536,1048575,39436,0,2
972412868,996,136,0,-110640,241,0,0,22,0,0,1,9,5,1650,3261,972412926,2166292536,1048575,40468,0,2
972413872,1004,136,0,-110640,246,0,0,22,0,0,1,9,5,1650,3261,972413911,2166292536,1048575,41439,0,2
972414872,1000,136,0,-110640,253,0,0,22,0,0,1,9,5,1650,3261,972414937,2166292536,1048575,42478,0,2
972415875,1003,136,0,-110640,248,0,0,22,0,0,1,9,5,1650,3261,972415923,2166292536,1048575,43458,0,2
972416929,1054,136,0,-110640,298,0,0,22,0,0,1,9,5,1650,3261,972417003,2166292536,1048575,44548,0,2
972417857,928,136,0,-110640,238,0,0,22,0,0,1,9,5,1650,3261,972417880,2166292536,1048575,45410,0,2
972418856,999,136,0,-110640,238,0,0,22,0,0,1,9,5,1650,3261,972418891,2166292536,1048575,46420,0,2
972419853,997,136,0,-110640,225,0,0,22,0,0,1,9,5,1650,3261,972419875,2166292536,1048575,47402,0,2
972420844,991,136,0,-110640,225,0,0,22,0,0,1,9,5,1650,3261,972420871,2166292536,1048575,48399,0,2
972421857,1013,136,0,-110640,225,0,0,22,0,0,1,9,5,1650,3261,972421885,2166292536,1048575,49417,0,2
972422860,1003,136,0,-110640,236,0,0,22,0,0,1,9,5,1650,3261,972422894,2166292534,1048575,1,0,2
972423864,1004,136,0,-110640,232,0,0,22,0,0,1,9,5,1650,3261,972423891,2166292534,1048575,462,0,2
972424858,994,136,0,-110640,233,0,0,22,0,0,1,9,5,1650,3261,972424898,2166292534,1048575,1477,0,2
972425940,1082,136,0,-110640,317,0,0,22,0,0,1,9,5,1650,3261,972426037,2166292534,1048575,2626,0,2
972427030,1090,136,0,-110640,398,0,0,22,0,0,1,9,5,1650,3261,972427129,2166292534,1048575,3726,0,2
972427901,871,136,0,-110640,270,0,0,22,0,0,1,9,5,1650,3261,972427963,2166292534,1048575,4546,0,2
972428878,977,136,0,-110640,257,0,0,22,0,0,1,9,5,1650,3261,972428950,2166292534,1048575,5536,0,2
972429876,998,136,0,-110640,251,0,0,22,0,0,1,9,5,1650,3261,972429921,2166292534,1048575,6496,0,2
972430878,1002,136,0,-110640,259,0,0,22,0,0,1,9,5,1650,3261,972430947,2166292534,1048575,7531,0,2
972431864,986,136,0,-110640,246,0,0,22,0,0,1,9,5,1650,3261,972431903,2166292534,1048575,8480,0,2
972432866,1002,136,0,-110640,243,0,0,22,0,0,1,9,5,1650,3261,972432925,2166292534,1048575,9511,0,2
972433873,1007,136,0,-110640,252,0,0,22,0,0,1,9,5,1650,3261,972433908,2166292534,1048575,10488,0,2
972434872,999,136,0,-110640,251,0,0,22,0,0,1,9,5,1650,3261,972434937,2166292534,1048575,11525,0,2
972435884,1012,136,0,-110640,258,0,0,22,0,0,1,9,5,1650,3261,972435932,2166292534,1048575,12516,0,2
972436918,1034,136,0,-110640,296,0,0,22,0,0,1,9,5,1650,3261,972436997,2166292534,1048575,13588,0,2
972437862,944,136,0,-110640,238,0,0,22,0,0,1,9,5,1650,3261,972437889,2166292534,1048575,14464,0,2
972438867,1005,136,0,-110640,235,0,0,22,0,0,1,9,5,1650,3261,972438898,2166292534,1048575,15473,0,2
972439845,978,136,0,-110640,227,0,0,22,0,0,1,9,5,1650,3261,972439870,2166292534,1048575,16444,0,2
972440856,1011,136,0,-110640,225,0,0,22,0,0,1,9,5,1650,3261,972440882,2166292534,1048575,17456,0,2
972441852,996,136,0,-110640,223,0,0,22,0,0,1,9,5,1650,3261,972441874,2166292534,1048575,18446,0,2
972442855,1003,136,0,-110640,233,0,0,22,0,0,1,9,5,1650,3261,972442886,2166292534,1048575,19460,0,2
972443848,993,136,0,-110640,228,0,0,22,0,0,1,9,5,1650,3261,972443872,2166292534,1048575,20446,0,2
972444844,996,136,0,-110640,226,0,0,22,0,0,1,9,5,1650,3261,972444869,2166292534,1048575,21443,0,2
972445943,1099,136,0,-110640,313,0,0,22,0,0,1,9,5,1650,3261,972446034,2166292534,1048575,22622,0,2
972447020,1077,136,0,-110640,382,0,0,22,0,0,1,9,5,1650,3261,972447128,2166292534,1048575,23727,0,2
972447896,876,136,0,-110640,266,0,0,22,0,0,1,9,5,1650,3261,972447964,2166292534,1048575,24547,0,2
972448886,990,136,0,-110640,262,0,0,22,0,0,1,9,5,1650,3261,972448954,2166292534,1048575,25537,0,2
972449886,1000,136,0,-110640,256,0,0,22,0,0,1,9,5,1650,3261,972449929,2166292534,1048575,26511,0,2
972450877,991,136,0,-110640,254,0,0,22,0,0,1,9,5,1650,3261,972450945,2166292534,1048575,27530,0,2
972451869,992,136,0,-110640,250,0,0,22,0,0,1,9,5,1650,3261,972451899,2166292534,1048575,28473,0,2
972452871,1002,136,0,-110640,240,0,0,22,0,0,1,9,5,1650,3261,972452928,2166292534,1048575,29515,0,2
972453876,1005,136,0,-110640,248,0,0,22,0,0,1,9,5,1650,3261,972453914,2166292534,1048575,30489,0,2
972454875,999,136,0,-110640,251,0,0,22,0,0,1,9,5,1650,3261,972454941,2166292534,1048575,31527,0,2
972455883,1008,136,0,-110640,253,0,0,22,0,0,1,9,5,1650,3261,972455928,2166292534,1048575,32507,0,2
972456918,1035,136,0,-110640,298,0,0,22,0,0,1,9,5,1650,3261,972456992,2166292534,1048575,33583,0,2
972457856,938,136,0,-110640,238,0,0,22,0,0,1,9,5,1650,3261,972457878,2166292534,1048575,34453,0,2
972458870,1014,136,0,-110640,238,0,0,22,0,0,1,9,5,1650,3261,972458904,2166292534,1048575,35480,0,2
972459853,983,136,0,-110640,226,0,0,22,0,0,1,9,5,1650,3261,972459875,2166292534,1048575,36448,0,2
972460845,992,136,0,-110640,225,0,0,22,0,0,1,9,5,1650,3261,972460870,2166292534,1048575,37444,0,2
972461858,1013,136,0,-110640,226,0,0,22,0,0,1,9,5,1650,3261,972461885,2166292534,1048575,38460,0,2
972462856,998,136,0,-110640,236,0,0,22,0,0,1,9,5,1650,3261,972462889,2166292534,1048575,39464,0,2
972463849,993,136,0,-110640,224,0,0,22,0,0,1,9,5,1650,3261,972463871,2166292534,1048575,40444,0,2
972464856,1007,136,0,-110640,225,0,0,22,0,0,1,9,5,1650,3261,972464882,2166292534,1048575,41461,0,2
972465935,1079,136,0,-110640,313,0,0,22,0,0,1,9,5,1650,3261,972466031,2166292534,1048575,42620,0,2
972467013,1078,136,0,-110640,390,0,0,22,0,0,1,9,5,1650,3261,972467113,2166292534,1048575,43709,0,2
972467901,888,136,0,-110640,273,0,0,22,0,0,1,9,5,1650,3261,972467963,2166292534,1048575,44546,0,2
972468882,981,136,0,-110640,259,0,0,22,0,0,1,9,5,1650,3261,972468955,2166292534,1048575,45539,0,2
972469887,1005,136,0,-110640,261,0,0,22,0,0,1,9,5,1650,3261,972469931,2166292534,1048575,46515,0,2
972470892,1005,136,0,-110640,261,0,0,22,0,0,1,9,5,1650,3261,972470953,2166292534,1048575,47537,0,2
972471873,981,136,0,-110640,248,0,0,22,0,0,1,9,5,1650,3261,972471910,2166292534,1048575,48484,0,2
972472871,998,136,0,-110640,244,0,0,22,0,0,1,9,5,1650,3261,972472930,2166292534,1048575,49519,0,2
972473878,1007,136,0,-110640,246,0,0,22,0,0,1,9,5,1650,3261,972473915,2166292535,1048575,1,0,2
972474904,1026,136,0,-110640,274,0,0,22,0,0,1,9,5,1650,3261,972474979,2166292535,1048575,518,0,2
972475877,973,136,0,-110640,252,0,0,22,0,0,1,9,5,1650,3261,972475927,2166292535,1048575,1462,0,2
972476925,1048,136,0,-110640,300,0,0,22,0,0,1,9,5,1650,3261,972476998,2166292535,1048575,2543,0,2
972477862,937,136,0,-110640,234,0,0,22,0,0,1,9,5,1650,3261,972477887,2166292535,1048575,3417,0,2
972478860,998,136,0,-110640,239,0,0,22,0,0,1,9,5,1650,3261,972478893,2166292535,1048575,4421,0,2
972479854,994,136,0,-110640,225,0,0,22,0,0,1,9,5,1650,3261,972479879,2166292535,1048575,5406,0,2
972480850,996,136,0,-110640,225,0,0,22,0,0,1,9,5,1650,3261,972480877,2166292535,1048575,6407,0,2
972481850,1000,136,0,-110640,225,0,0,22,0,0,1,9,5,1650,3261,972481876,2166292535,1048575,7405,0,2
972482861,1011,136,0,-110640,236,0,0,22,0,0,1,9,5,1650,3261,972482892,2166292535,1048575,8420,0,2
972483850,989,136,0,-110640,225,0,0,22,0,0,1,9,5,1650,3261,972483876,2166292535,1048575,9402,0,2
972484846,996,136,0,-110640,225,0,0,22,0,0,1,9,5,1650,3261,972484873,2166292535,1048575,10400,0,2
972485942,1096,136,0,-110640,312,0,0,22,0,0,1,9,5,1650,3261,972486038,2166292535,1048575,11580,0,2
972487013,1071,136,0,-110640,385,0,0,22,0,0,1,9,5,1650,3261,972487116,2166292535,1048575,12669,0,2
972487901,888,136,0,-110640,269,0,0,22,0,0,1,9,5,1650,3261,972487964,2166292535,1048575,13503,0,2
972488890,989,136,0,-110640,262,0,0,22,0,0,1,9,5,1650,3261,972488960,2166292535,1048575,14497,0,2
972489889,999,136,0,-110640,257,0,0,22,0,0,1,9,5,1650,3261,972489932,2166292535,1048575,15469,0,2
972490877,988,136,0,-110640,256,0,0,22,0,0,1,9,5,1650,3261,972490945,2166292535,1048575,16484,0,2
972491879,1002,136,0,-110640,248,0,0,22,0,0,1,9,5,1650,3261,972491914,2166292535,1048575,17442,0,2
972492873,994,136,0,-110640,243,0,0,22,0,0,1,9,5,1650,3261,972492932,2166292535,1048575,18474,0,2
972493880,1007,136,0,-110640,250,0,0,22,0,0,1,9,5,1650,3261,972493917,2166292535,1048575,19450,0,2
972494878,998,136,0,-110640,251,0,0,22,0,0,1,9,5,1650,3261,972494946,2166292535,1048575,20485,0,2
972495870,992,136,0,-110640,251,0,0,22,0,0,1,9,5,1650,3261,972495916,2166292535,1048575,21447,0,2
972496923,1053,136,0,-110640,295,0,0,22,0,0,1,9,5,1650,3261,972497002,2166292535,1048575,22546,0,2
972497858,935,136,0,-110640,240,0,0,22,0,0,1,9,5,1650,3261,972497880,2166292535,1048575,23412,0,2
972498858,1000,136,0,-110640,240,0,0,22,0,0,1,9,5,1650,3261,972498893,2166292535,1048575,24422,0,2
972499856,998,136,0,-110640,225,0,0,22,0,0,1,9,5,1650,3261,972499878,2166292535,1048575,25405,0,2
972500849,993,136,0,-110640,226,0,0,22,0,0,1,9,5,1650,3261,972500875,2166292535,1048575,26402,0,2
972501845,996,136,0,-110640,225,0,0,22,0,0,1,9,5,1650,3261,972501871,2166292535,1048575,27399,0,2
972502858,1013,136,0,-110640,235,0,0,22,0,0,1,9,5,1650,3261,972502893,2166292535,1048575,28421,0,2
972503852,994,136,0,-110640,225,0,0,22,0,0,1,9,5,1650,3261,972503874,2166292535,1048575,29400,0,2
972504843,991,136,0,-110640,225,0,0,22,0,0,1,9,5,1650,3261,972504870,2166292535,1048575,30397,0,2
972505935,1092,136,0,-110640,311,0,0,22,0,0,1,9,5,1650,3261,972506025,2166292535,1048575,31569,0,2
972506996,1061,136,0,-110640,375,0,0,22,0,0,1,9,5,1650,3261,972507100,2166292535,1048575,32652,0,2
972507905,909,136,0,-110640,273,0,0,22,0,0,1,9,5,1650,3261,972507969,2166292535,1048575,33510,0,2
972508890,985,136,0,-110640,266,0,0,22,0,0,1,9,5,1650,3261,972508965,2166292535,1048575,34502,0,2
972509882,992,136,0,-110640,256,0,0,22,0,0,1,9,5,1650,3261,972509929,2166292535,1048575,35465,0,2
972510875,993,136,0,-110640,257,0,0,22,0,0,1,9,5,1650,3261,972510937,2166292535,1048575,36479,0,2
972511873,998,136,0,-110640,247,0,0,22,0,0,1,9,5,1650,3261,972511903,2166292535,1048575,37430,0,2
972512864,991,136,0,-110640,245,0,0,22,0,0,1,9,5,1650,3261,972512929,2166292535,1048575,38473,0,2
972513869,1005,136,0,-110640,250,0,0,22,0,0,1,9,5,1650,3261,972513908,2166292535,1048575,39436,0,2
972514880,1011,136,0,-110640,253,0,0,22,0,0,1,9,5,1650,3261,972514950,2166292535,1048575,40487,0,2
972515879,999,136,0,-110640,253,0,0,22,0,0,1,9,5,1650,3261,972515927,2166292535,1048575,41464,0,2
972516915,1036,136,0,-110640,295,0,0,22,0,0,1,9,5,1650,3261,972516989,2166292535,1048575,42533,0,2
972517858,943,136,0,-110640,238,0,0,22,0,0,1,9,5,1650,3261,972517880,2166292535,1048575,43411,0,2
972518872,1014,136,0,-110640,240,0,0,22,0,0,1,9,5,1650,3261,972518907,2166292535,1048575,44437,0,2
972519855,983,136,0,-110640,225,0,0,22,0,0,1,9,5,1650,3261,972519877,2166292535,1048575,45403,0,2
972520847,992,136,0,-110640,226,0,0,22,0,0,1,9,5,1650,3261,972520873,2166292535,1048575,46401,0,2
972521844,997,136,0,-110640,225,0,0,22,0,0,1,9,5,1650,3261,972521871,2166292535,1048575,47398,0,2
972522857,1013,136,0,-110640,236,0,0,22,0,0,1,9,5,1650,3261,972522892,2166292535,1048575,48420,0,2
972523851,994,136,0,-110640,225,0,0,22,0,0,1,9,5,1650,3261,972523873,2166292535,1048575,49399,0,2
972524858,1007,136,0,-110640,226,0,0,22,0,0,1,9,5,1650,3261,972524887,2166292536,1048575,1,0,2
972526034,1176,136,0,-110640,320,0,0,22,0,0,1,9,5,1650,3261,972526131,2166292536,1048575,499,0,2
972527064,1030,136,0,-110640,443,0,0,22,0,0,1,9,5,1650,3261,972527201,2166292536,1048575,1580,0,2
972527915,851,136,0,-110640,287,0,0,22,0,0,1,9,5,1650,3261,972528001,2166292536,1048575,2368,0,2
972528895,980,136,0,-110640,265,0,0,22,0,0,1,9,5,1650,3261,972528974,2166292536,1048575,3341,0,2
972529888,993,136,0,-110640,261,0,0,22,0,0,1,9,5,1650,3261,972529955,2166292536,1048575,4319,0,2
972530892,1004,136,0,-110640,265,0,0,22,0,0,1,9,5,1650,3261,972530964,2166292536,1048575,5329,0,2
972531862,970,136,0,-110640,243,0,0,22,0,0,1,9,5,1650,3261,972531904,2166292536,1048575,6261,0,2
972532884,1022,136,0,-110640,255,0,0,22,0,0,1,9,5,1650,3261,972532953,2166292536,1048575,7320,0,2
972533870,986,136,0,-110640,239,0,0,22,0,0,1,9,5,1650,3261,972533908,2166292536,1048575,8262,0,2
972534894,1024,136,0,-110640,272,0,0,22,0,0,1,9,5,1650,3261,972534963,2166292536,1048575,9326,0,2
972535861,967,136,0,-110640,242,0,0,22,0,0,1,9,5,1650,3261,972535899,2166292536,1048575,10256,0,2
972536934,1073,136,0,-110640,309,0,0,22,0,0,1,9,5,1650,3261,972537009,2166292536,1048575,11379,0,2
972537847,913,136,0,-110640,229,0,0,22,0,0,1,9,5,1650,3261,972537872,2166292536,1048575,12224,0,2
972538863,1016,136,0,-110640,241,0,0,22,0,0,1,9,5,1650,3261,972538899,2166292536,1048575,13253,0,2
972539844,981,136,0,-110640,224,0,0,22,0,0,1,9,5,1650,3261,972539866,2166292536,1048575,14218,0,2
972540853,1009,136,0,-110640,225,0,0,22,0,0,1,9,5,1650,3261,972540879,2166292536,1048575,15234,0,2
972541851,998,136,0,-110640,225,0,0,22,0,0,1,9,5,1650,3261,972541878,2166292536,1048575,16234,0,2
972542866,1015,136,0,-110640,237,0,0,22,0,0,1,9,5,1650,3261,972542899,2166292536,1048575,17254,0,2
972543841,975,136,0,-110640,223,0,0,22,0,0,1,9,5,1650,3261,972543864,2166292536,1048575,18215,0,2
972544848,1007,136,0,-110640,226,0,0,22,0,0,1,9,5,1650,3261,972544874,2166292536,1048575,19229,0,2
972545929,1081,136,0,-110640,307,0,0,22,0,0,1,9,5,1650,3261,972546022,2166292536,1048575,20391,0,2
972547028,1099,136,0,-110640,379,0,0,22,0,0,1,9,5,1650,3261,972547133,2166292536,1048575,21509,0,2
972547894,866,136,0,-110640,264,0,0,22,0,0,1,9,5,1650,3261,972547960,2166292536,1048575,22322,0,2
972548890,996,136,0,-110640,261,0,0,22,0,0,1,9,5,1650,3261,972548956,2166292536,1048575,23319,0,2
972549874,984,136,0,-110640,251,0,0,22,0,0,1,9,5,1650,3261,972549919,2166292536,1048575,24274,0,2
972550870,996,136,0,-110640,252,0,0,22,0,0,1,9,5,1650,3261,972550934,2166292536,1048575,25303,0,2
972551871,1001,136,0,-110640,252,0,0,22,0,0,1,9,5,1650,3261,972551901,2166292536,1048575,26255,0,2
972552867,996,136,0,-110640,241,0,0,22,0,0,1,9,5,1650,3261,972552930,2166292536,1048575,27297,0,2
972553887,1020,136,0,-110640,260,0,0,22,0,0,1,9,5,1650,3261,972553926,2166292536,1048575,28284,0,2
972554876,989,136,0,-110640,249,0,0,22,0,0,1,9,5,1650,3261,972554945,2166292536,1048575,29314,0,2
972555889,1013,136,0,-110640,258,0,0,22,0,0,1,9,5,1650,3261,972555934,2166292536,1048575,30294,0,2
972556924,1035,136,0,-110640,300,0,0,22,0,0,1,9,5,1650,3261,972556994,2166292536,1048575,31364,0,2
972557861,937,136,0,-110640,236,0,0,22,0,0,1,9,5,1650,3261,972557891,2166292536,1048575,32247,0,2
972558854,993,136,0,-110640,236,0,0,22,0,0,1,9,5,1650,3261,972558885,2166292536,1048575,33240,0,2
972559848,994,136,0,-110640,228,0,0,22,0,0,1,9,5,1650,3261,972559873,2166292536,1048575,34227,0,2
972560844,996,136,0,-110640,225,0,0,22,0,0,1,9,5,1650,3261,972560870,2166292536,1048575,35225,0,2
972561858,1014,136,0,-110640,226,0,0,22,0,0,1,9,5,1650,3261,972561885,2166292536,1048575,36241,0,2
972562854,996,136,0,-110640,233,0,0,22,0,0,1,9,5,1650,3261,972562886,2166292536,1048575,37239,0,2
972563847,993,136,0,-110640,227,0,0,22,0,0,1,9,5,1650,3261,972563872,2166292536,1048575,38226,0,2
972564843,996,136,0,-110640,225,0,0,22,0,0,1,9,5,1650,3261,972564869,2166292536,1048575,39223,0,2
972565934,1091,136,0,-110640,315,0,0,22,0,0,1,9,5,1650,3261,972566031,2166292536,1048575,40399,0,2
972567016,1082,136,0,-110640,376,0,0,22,0,0,1,9,5,1650,3261,972567118,2166292536,1048575,41497,0,2
972567896,880,136,0,-110640,272,0,0,22,0,0,1,9,5,1650,3261,972567962,2166292536,1048575,42322,0,2
972568890,994,136,0,-110640,260,0,0,22,0,0,1,9,5,1650,3261,972568959,2166292536,1048575,43321,0,2
972569887,997,136,0,-110640,258,0,0,22,0,0,1,9,5,1650,3261,972569930,2166292536,1048575,44293,0,2
972570878,991,136,0,-110640,256,0,0,22,0,0,1,9,5,1650,3261,972570946,2166292536,1048575,45310,0,2
972571866,988,136,0,-110640,248,0,0,22,0,0,1,9,5,1650,3261,972571897,2166292536,1048575,46251,0,2
972572874,1008,136,0,-110640,245,0,0,22,0,0,1,9,5,1650,3261,972572934,2166292536,1048575,47296,0,2
972573880,1006,136,0,-110640,249,0,0,22,0,0,1,9,5,1650,3261,972573917,2166292536,1048575,48275,0,2
972574872,992,136,0,-110640,250,0,0,22,0,0,1,9,5,1650,3261,972574935,2166292536,1048575,49305,0,2
972575885,1013,136,0,-110640,257,0,0,22,0,0,1,9,5,1650,3261,972575931,2166292537,1048575,2,0,2
972576941,1056,136,0,-110640,310,0,0,22,0,0,1,9,5,1650,3261,972577020,2166292537,1048575,491,0,2
972577855,914,136,0,-110640,235,0,0,22,0,0,1,9,5,1650,3261,972577877,2166292537,1048575,1336,0,2
972578869,1014,136,0,-110640,238,0,0,22,0,0,1,9,5,1650,3261,972578903,2166292537,1048575,2363,0,2
972579851,982,136,0,-110640,224,0,0,22,0,0,1,9,5,1650,3261,972579874,2166292537,1048575,3330,0,2
972580843,992,136,0,-110640,225,0,0,22,0,0,1,9,5,1650,3261,972580868,2166292537,1048575,4326,0,2
972581857,1014,136,0,-110640,225,0,0,22,0,0,1,9,5,1650,3261,972581884,2166292537,1048575,5344,0,2
972582856,999,136,0,-110640,236,0,0,22,0,0,1,9,5,1650,3261,972582889,2166292537,1048575,6348,0,2
972583849,993,136,0,-110640,224,0,0,22,0,0,1,9,5,1650,3261,972583871,2166292537,1048575,7328,0,2
972584856,1007,136,0,-110640,225,0,0,22,0,0,1,9,5,1650,3261,972584882,2166292537,1048575,8345,0,2
972585936,1080,136,0,-110640,309,0,0,22,0,0,1,9,5,1650,3261,972586019,2166292537,1048575,9493,0,2
972587027,1091,136,0,-110640,391,0,0,22,0,0,1,9,5,1650,3261,972587132,2166292537,1048575,10613,0,2
972587879,852,136,0,-110640,260,0,0,22,0,0,1,9,5,1650,3261,972587947,2166292537,1048575,11414,0,2
972588879,1000,136,0,-110640,257,0,0,22,0,0,1,9,5,1650,3261,972588943,2166292537,1048575,12411,0,2
972589876,997,136,0,-110640,248,0,0,22,0,0,1,9,5,1650,3261,972589925,2166292537,1048575,13389,0,2
972590875,999,136,0,-110640,256,0,0,22,0,0,1,9,5,1650,3261,972590945,2166292537,1048575,14414,0,2
972591876,1001,136,0,-110640,247,0,0,22,0,0,1,9,5,1650,3261,972591913,2166292537,1048575,15370,0,2
972592874,998,136,0,-110640,243,0,0,22,0,0,1,9,5,1650,3261,972592933,2166292537,1048575,16405,0,2
972593867,993,136,0,-110640,249,0,0,22,0,0,1,9,5,1650,3261,972593903,2166292537,1048575,17364,0,2
972594882,1015,136,0,-110640,255,0,0,22,0,0,1,9,5,1650,3261,972594947,2166292537,1048575,18413,0,2
972595876,994,136,0,-110640,247,0,0,22,0,0,1,9,5,1650,3261,972595924,2166292537,1048575,19386,0,2
972596926,1050,136,0,-110640,297,0,0,22,0,0,1,9,5,1650,3261,972597005,2166292537,1048575,20480,0,2
972597858,932,136,0,-110640,236,0,0,22,0,0,1,9,5,1650,3261,972597882,2166292537,1048575,21343,0,2
972598854,996,136,0,-110640,235,0,0,22,0,0,1,9,5,1650,3261,972598886,2166292537,1048575,22344,0,2
972599847,993,136,0,-110640,227,0,0,22,0,0,1,9,5,1650,3261,972599872,2166292537,1048575,23329,0,2
972600857,1010,136,0,-110640,225,0,0,22,0,0,1,9,5,1650,3261,972600884,2166292537,1048575,24342,0,2
972601853,996,136,0,-110640,223,0,0,22,0,0,1,9,5,1650,3261,972601875,2166292537,1048575,25332,0,2
972602855,1002,136,0,-110640,233,0,0,22,0,0,1,9,5,1650,3261,972602887,2166292537,1048575,26345,0,2
972603849,994,136,0,-110640,228,0,0,22,0,0,1,9,5,1650,3261,972603873,2166292537,1048575,27331,0,2
972604844,995,136,0,-110640,225,0,0,22,0,0,1,9,5,1650,3261,972604870,2166292537,1048575,28327,0,2
972605942,1098,136,0,-110640,314,0,0,22,0,0,1,9,5,1650,3261,972606037,2166292537,1048575,29510,0,2
972607017,1075,136,0,-110640,376,0,0,22,0,0,1,9,5,1650,3261,972607120,2166292537,1048575,30604,0,2
972607890,873,136,0,-110640,268,0,0,22,0,0,1,9,5,1650,3261,972607952,2166292537,1048575,31417,0,2
972608887,997,136,0,-110640,264,0,0,22,0,0,1,9,5,1650,3261,972608950,2166292537,1048575,32418,0,2
972609873,986,136,0,-110640,248,0,0,22,0,0,1,9,5,1650,3261,972609916,2166292537,1048575,33375,0,2
972610874,1001,136,0,-110640,254,0,0,22,0,0,1,9,5,1650,3261,972610934,2166292537,1048575,34407,0,2
972611877,1003,136,0,-110640,251,0,0,22,0,0,1,9,5,1650,3261,972611914,2166292537,1048575,35372,0,2
972612867,990,136,0,-110640,238,0,0,22,0,0,1,9,5,1650,3261,972612925,2166292537,1048575,36395,0,2
972613874,1007,136,0,-110640,249,0,0,22,0,0,1,9,5,1650,3261,972613914,2166292537,1048575,37377,0,2
972614880,1006,136,0,-110640,255,0,0,22,0,0,1,9,5,1650,3261,972614948,2166292537,1048575,38415,0,2
972615867,987,136,0,-110640,247,0,0,22,0,0,1,9,5,1650,3261,972615912,2166292537,1048575,39377,0,2
972616918,1051,136,0,-110640,297,0,0,22,0,0,1,9,5,1650,3261,972616993,2166292537,1048575,40467,0,2
972617859,941,136,0,-110640,238,0,0,22,0,0,1,9,5,1650,3261,972617884,2166292537,1048575,41344,0,2
972618855,996,136,0,-110640,235,0,0,22,0,0,1,9,5,1650,3261,972618888,2166292537,1048575,42346,0,2
972619853,998,136,0,-110640,228,0,0,22,0,0,1,9,5,1650,3261,972619878,2166292537,1048575,43336,0,2
972620849,996,136,0,-110640,225,0,0,22,0,0,1,9,5,1650,3261,972620875,2166292537,1048575,44333,0,2
972621846,997,136,0,-110640,225,0,0,22,0,0,1,9,5,1650,3261,972621873,2166292537,1048575,45330,0,2
972622855,1009,136,0,-110640,233,0,0,22,0,0,1,9,5,1650,3261,972622887,2166292537,1048575,46345,0,2
972623848,993,136,0,-110640,228,0,0,22,0,0,1,9,5,1650,3261,972623872,2166292537,1048575,47329,0,2
972624843,995,136,0,-110640,225,0,0,22,0,0,1,9,5,1650,3261,972624869,2166292537,1048575,48327,0,2
972625944,1101,136,0,-110640,313,0,0,22,0,0,1,9,5,1650,3261,972626038,2166292537,1048575,49511,0,2
972627014,1070,136,0,-110640,380,0,0,22,0,0,1,9,5,1650,3261,972627120,2166292534,1048575,1,0,2
972628088,1074,136,0,-110640,300,0,0,22,0,0,1,9,5,1650,3261,972628146,2166292534,1048575,461,0,2
972628892,804,136,0,-110640,269,0,0,22,0,0,1,9,5,1650,3261,972628943,2166292534,1048575,1264,0,2
972629872,980,136,0,-110640,242,0,0,22,0,0,1,9,5,1650,3261,972629924,2166292534,1048575,2242,0,2
972630881,1009,136,0,-110640,261,0,0,22,0,0,1,9,5,1650,3261,972630950,2166292534,1048575,3270,0,2
972631869,988,136,0,-110640,249,0,0,22,0,0,1,9,5,1650,3261,972631906,2166292534,1048575,4214,0,2
972632873,1004,136,0,-110640,245,0,0,22,0,0,1,9,5,1650,3261,972632932,2166292534,1048575,5251,0,2
972633888,1015,136,0,-110640,256,0,0,22,0,0,1,9,5,1650,3261,972633946,2166292534,1048575,6259,0,2
972634893,1005,136,0,-110640,261,0,0,22,0,0,1,9,5,1650,3261,972634962,2166292534,1048575,7280,0,2
972635877,984,136,0,-110640,249,0,0,22,0,0,1,9,5,1650,3261,972635937,2166292534,1048575,8258,0,2
972636934,1057,136,0,-110640,305,0,0,22,0,0,1,9,5,1650,3261,972637006,2166292534,1048575,9329,0,2
972637853,919,136,0,-110640,225,0,0,22,0,0,1,9,5,1650,3261,972637875,2166292534,1048575,10180,0,2
972638864,1011,136,0,-110640,234,0,0,22,0,0,1,9,5,1650,3261,972638897,2166292534,1048575,11203,0,2
972639846,982,136,0,-110640,228,0,0,22,0,0,1,9,5,1650,3261,972639870,2166292534,1048575,12176,0,2
972640856,1010,136,0,-110640,225,0,0,22,0,0,1,9,5,1650,3261,972640883,2166292534,1048575,13190,0,2
972641852,996,136,0,-110640,222,0,0,22,0,0,1,9,5,1650,3261,972641875,2166292534,1048575,14180,0,2
972642853,1001,136,0,-110640,233,0,0,22,0,0,1,9,5,1650,3261,972642885,2166292534,1048575,15191,0,2
972643846,993,136,0,-110640,228,0,0,22,0,0,1,9,5,1650,3261,972643870,2166292534,1048575,16176,0,2
972644856,1010,136,0,-110640,225,0,0,22,0,0,1,9,5,1650,3261,972644885,2166292534,1048575,17195,0,2
972645937,1081,136,0,-110640,314,0,0,22,0,0,1,9,5,1650,3261,972646028,2166292534,1048575,18350,0,2
972647024,1087,136,0,-110640,383,0,0,22,0,0,1,9,5,1650,3261,972647128,2166292534,1048575,19461,0,2
972647901,877,136,0,-110640,268,0,0,22,0,0,1,9,5,1650,3261,972647962,2166292534,1048575,20276,0,2
972648886,985,136,0,-110640,259,0,0,22,0,0,1,9,5,1650,3261,972648960,2166292534,1048575,21276,0,2
972649880,994,136,0,-110640,251,0,0,22,0,0,1,9,5,1650,3261,972649926,2166292534,1048575,22238,0,2
972650878,998,136,0,-110640,256,0,0,22,0,0,1,9,5,1650,3261,972650951,2166292534,1048575,23267,0,2
972651868,990,136,0,-110640,248,0,0,22,0,0,1,9,5,1650,3261,972651905,2166292534,1048575,24212,0,2
972652862,994,136,0,-110640,243,0,0,22,0,0,1,9,5,1650,3261,972652924,2166292534,1048575,25246,0,2
972653878,1016,136,0,-110640,253,0,0,22,0,0,1,9,5,1650,3261,972653916,2166292534,1048575,26225,0,2
972654877,999,136,0,-110640,251,0,0,22,0,0,1,9,5,1650,3261,972654949,2166292534,1048575,27267,0,2
972655873,996,136,0,-110640,251,0,0,22,0,0,1,9,5,1650,3261,972655919,2166292534,1048575,28228,0,2
972656928,1055,136,0,-110640,298,0,0,22,0,0,1,9,5,1650,3261,972657003,2166292534,1048575,29326,0,2
972657870,942,136,0,-110640,239,0,0,22,0,0,1,9,5,1650,3261,972657905,2166292534,1048575,30211,0,2
972658866,996,136,0,-110640,236,0,0,22,0,0,1,9,5,1650,3261,972658898,2166292534,1048575,31203,0,2
972659858,992,136,0,-110640,227,0,0,22,0,0,1,9,5,1650,3261,972659883,2166292534,1048575,32189,0,2
972660853,995,136,0,-110640,225,0,0,22,0,0,1,9,5,1650,3261,972660879,2166292534,1048575,33187,0,2
972661852,999,136,0,-110640,226,0,0,22,0,0,1,9,5,1650,3261,972661878,2166292534,1048575,34185,0,2
972662860,1008,136,0,-110640,233,0,0,22,0,0,1,9,5,1650,3261,972662892,2166292534,1048575,35198,0,2
972663854,994,136,0,-110640,228,0,0,22,0,0,1,9,5,1650,3261,972663878,2166292534,1048575,36185,0,2
972664851,997,136,0,-110640,226,0,0,22,0,0,1,9,5,1650,3261,972664878,2166292534,1048575,37188,0,2
972665941,1090,136,0,-110640,312,0,0,22,0,0,1,9,5,1650,3261,972666033,2166292534,1048575,38355,0,2
972667015,1074,136,0,-110640,383,0,0,22,0,0,1,9,5,1650,3261,972667121,2166292534,1048575,39451,0,2
972667901,886,136,0,-110640,273,0,0,22,0,0,1,9,5,1650,3261,972667964,2166292534,1048575,40279,0,2
972668881,980,136,0,-110640,257,0,0,22,0,0,1,9,5,1650,3261,972668954,2166292534,1048575,41269,0,2
972669872,991,136,0,-110640,251,0,0,22,0,0,1,9,5,1650,3261,972669917,2166292534,1048575,42225,0,2
972670881,1009,136,0,-110640,256,0,0,22,0,0,1,9,5,1650,3261,972670946,2166292534,1048575,43263,0,2
972671884,1003,136,0,-110640,252,0,0,22,0,0,1,9,5,1650,3261,972671917,2166292534,1048575,44224,0,2
972672873,989,136,0,-110640,242,0,0,22,0,0,1,9,5,1650,3261,972672933,2166292534,1048575,45254,0,2
972673880,1007,136,0,-110640,249,0,0,22,0,0,1,9,5,1650,3261,972673921,2166292534,1048575,46232,0,2
972674888,1008,136,0,-110640,259,0,0,22,0,0,1,9,5,1650,3261,972674953,2166292534,1048575,47270,0,2
972675872,984,136,0,-110640,249,0,0,22,0,0,1,9,5,1650,3261,972675919,2166292534,1048575,48228,0,2
972676924,1052,136,0,-110640,299,0,0,22,0,0,1,9,5,1650,3261,972676997,2166292534,1048575,49320,0,2
972677861,937,136,0,-110640,237,0,0,22,0,0,1,9,5,1650,3261,972677884,2166292534,1048575,1,0,2
972678872,1011,136,0,-110640,245,0,0,22,0,0,1,9,5,1650,3261,972678909,2166292534,1048575,482,0,2
972679850,978,136,0,-110640,229,0,0,22,0,0,1,9,5,1650,3261,972679875,2166292534,1048575,1448,0,2
972680849,999,136,0,-110640,226,0,0,22,0,0,1,9,5,1650,3261,972680875,2166292534,1048575,2449,0,2
972681847,998,136,0,-110640,226,0,0,22,0,0,1,9,5,1650,3261,972681873,2166292534,1048575,3446,0,2
972682855,1008,136,0,-110640,233,0,0,22,0,0,1,9,5,1650,3261,972682887,2166292534,1048575,4460,0,2
972683847,992,136,0,-110640,227,0,0,22,0,0,1,9,5,1650,3261,972683872,2166292534,1048575,5445,0,2
972684858,1011,136,0,-110640,225,0,0,22,0,0,1,9,5,1650,3261,972684888,2166292534,1048575,6464,0,2
972685940,1082,136,0,-110640,318,0,0,22,0,0,1,9,5,1650,3261,972686037,2166292534,1048575,7627,0,2
972687043,1103,136,0,-110640,403,0,0,22,0,0,1,9,5,1650,3261,972687144,2166292534,1048575,8743,0,2
972687887,844,136,0,-110640,260,0,0,22,0,0,1,9,5,1650,3261,972687949,2166292534,1048575,9531,0,2
972688891,1004,136,0,-110640,263,0,0,22,0,0,1,9,5,1650,3261,972688951,2166292534,1048575,10534,0,2
972689872,981,136,0,-110640,249,0,0,22,0,0,1,9,5,1650,3261,972689914,2166292534,1048575,11491,0,2
972690879,1007,136,0,-110640,257,0,0,22,0,0,1,9,5,1650,3261,972690942,2166292534,1048575,12526,0,2
972691875,996,136,0,-110640,247,0,0,22,0,0,1,9,5,1650,3261,972691923,2166292534,1048575,13500,0,2
972692871,996,136,0,-110640,242,0,0,22,0,0,1,9,5,1650,3261,972692934,2166292534,1048575,14521,0,2
972693879,1008,136,0,-110640,248,0,0,22,0,0,1,9,5,1650,3261,972693912,2166292534,1048575,15486,0,2
972694878,999,136,0,-110640,256,0,0,22,0,0,1,9,5,1650,3261,972694943,2166292534,1048575,16526,0,2
972695873,995,136,0,-110640,247,0,0,22,0,0,1,9,5,1650,3261,972695920,2166292534,1048575,17496,0,2
972696933,1060,136,0,-110640,301,0,0,22,0,0,1,9,5,1650,3261,972697016,2166292534,1048575,18607,0,2
972697859,926,136,0,-110640,238,0,0,22,0,0,1,9,5,1650,3261,972697881,2166292534,1048575,19457,0,2
972698853,994,136,0,-110640,235,0,0,22,0,0,1,9,5,1650,3261,972698885,2166292534,1048575,20458,0,2
972699846,993,136,0,-110640,228,0,0,22,0,0,1,9,5,1650,3261,972699870,2166292534,1048575,21444,0,2
972700856,1010,136,0,-110640,225,0,0,22,0,0,1,9,5,1650,3261,972700883,2166292534,1048575,22455,0,2
972701851,995,136,0,-110640,222,0,0,22,0,0,1,9,5,1650,3261,972701873,2166292534,1048575,23445,0,2
972702853,1002,136,0,-110640,233,0,0,22,0,0,1,9,5,1650,3261,972702885,2166292534,1048575,24459,0,2
972703847,994,136,0,-110640,228,0,0,22,0,0,1,9,5,1650,3261,972703871,2166292534,1048575,25444,0,2
972704857,1010,136,0,-110640,225,0,0,22,0,0,1,9,5,1650,3261,972704886,2166292534,1048575,26465,0,2
972705944,1087,136,0,-110640,311,0,0,22,0,0,1,9,5,1650,3261,972706034,2166292534,1048575,27624,0,2
972707016,1072,136,0,-110640,381,0,0,22,0,0,1,9,5,1650,3261,972707122,2166292534,1048575,28720,0,2
972707896,880,136,0,-110640,270,0,0,22,0,0,1,9,5,1650,3261,972707962,2166292534,1048575,29544,0,2
972708892,996,136,0,-110640,260,0,0,22,0,0,1,9,5,1650,3261,972708952,2166292534,1048575,30535,0,2
972709872,980,136,0,-110640,249,0,0,22,0,0,1,9,5,1650,3261,972709916,2166292534,1048575,31491,0,2
972710880,1008,136,0,-110640,255,0,0,22,0,0,1,9,5,1650,3261,972710946,2166292534,1048575,32530,0,2
972711885,1005,136,0,-110640,254,0,0,22,0,0,1,9,5,1650,3261,972711914,2166292534,1048575,33489,0,2
972712872,987,136,0,-110640,243,0,0,22,0,0,1,9,5,1650,3261,972712933,2166292534,1048575,34520,0,2
972713886,1014,136,0,-110640,255,0,0,22,0,0,1,9,5,1650,3261,972713925,2166292534,1048575,35502,0,2
972714879,993,136,0,-110640,254,0,0,22,0,0,1,9,5,1650,3261,972714948,2166292534,1048575,36536,0,2
972715866,987,136,0,-110640,246,0,0,22,0,0,1,9,5,1650,3261,972715907,2166292534,1048575,37484,0,2
972716927,1061,136,0,-110640,298,0,0,22,0,0,1,9,5,1650,3261,972717002,2166292534,1048575,38592,0,2
972717866,939,136,0,-110640,238,0,0,22,0,0,1,9,5,1650,3261,972717895,2166292534,1048575,39470,0,2
972718855,989,136,0,-110640,235,0,0,22,0,0,1,9,5,1650,3261,972718887,2166292534,1048575,40461,0,2
972719850,995,136,0,-110640,229,0,0,22,0,0,1,9,5,1650,3261,972719874,2166292534,1048575,41447,0,2
972720844,994,136,0,-110640,225,0,0,22,0,0,1,9,5,1650,3261,972720871,2166292534,1048575,42445,0,2
972721858,1014,136,0,-110640,226,0,0,22,0,0,1,9,5,1650,3261,972721887,2166292534,1048575,43462,0,2
972722860,1002,136,0,-110640,233,0,0,22,0,0,1,9,5,1650,3261,972722892,2166292534,1048575,44465,0,2
972723852,992,136,0,-110640,227,0,0,22,0,0,1,9,5,1650,3261,972723877,2166292534,1048575,45451,0,2
972724849,997,136,0,-110640,226,0,0,22,0,0,1,9,5,1650,3261,972724875,2166292534,1048575,46448,0,2
972725942,1093,136,0,-110640,311,0,0,22,0,0,1,9,5,1650,3261,972726037,2166292534,1048575,47625,0,2
972727019,1077,136,0,-110640,384,0,0,22,0,0,1,9,5,1650,3261,972727118,2166292534,1048575,48719,0,2
972727887,868,136,0,-110640,264,0,0,22,0,0,1,9,5,1650,3261,972727949,2166292534,1048575,49531,0,2
972728891,1004,136,0,-110640,264,0,0,22,0,0,1,9,5,1650,3261,972728951,2166292534,1048575,0,0,2
972729889,998,136,0,-110640,264,0,0,22,0,0,1,9,5,1650,3261,972729949,2166292534,1048575,462,0,2
972730890,1001,136,0,-110640,271,0,0,22,0,0,1,9,5,1650,3261,972730963,2166292534,1048575,1477,0,2
972731879,989,136,0,-110640,249,0,0,22,0,0,1,9,5,1650,3261,972731914,2166292534,1048575,2420,0,2
972732872,993,136,0,-110640,241,0,0,22,0,0,1,9,5,1650,3261,972732932,2166292534,1048575,3447,0,2
972733878,1006,136,0,-110640,247,0,0,22,0,0,1,9,5,1650,3261,972733914,2166292534,1048575,4420,0,2
972734879,1001,136,0,-110640,253,0,0,22,0,0,1,9,5,1650,3261,972734946,2166292534,1048575,5461,0,2
972735886,1007,136,0,-110640,254,0,0,22,0,0,1,9,5,1650,3261,972735937,2166292534,1048575,6449,0,2
972736930,1044,136,0,-110640,299,0,0,22,0,0,1,9,5,1650,3261,972737003,2166292534,1048575,7525,0,2
972737856,926,136,0,-110640,237,0,0,22,0,0,1,9,5,1650,3261,972737878,2166292534,1048575,8384,0,2
972738858,1002,136,0,-110640,239,0,0,22,0,0,1,9,5,1650,3261,972738892,2166292534,1048575,9399,0,2
972739853,995,136,0,-110640,225,0,0,22,0,0,1,9,5,1650,3261,972739875,2166292534,1048575,10378,0,2
972740844,991,136,0,-110640,225,0,0,22,0,0,1,9,5,1650,3261,972740870,2166292534,1048575,11375,0,2
972741858,1014,136,0,-110640,226,0,0,22,0,0,1,9,5,1650,3261,972741884,2166292534,1048575,12393,0,2
972742861,1003,136,0,-110640,236,0,0,22,0,0,1,9,5,1650,3261,972742894,2166292534,1048575,13400,0,2
972743854,993,136,0,-110640,225,0,0,22,0,0,1,9,5,1650,3261,972743876,2166292534,1048575,14380,0,2
972744846,992,136,0,-110640,225,0,0,22,0,0,1,9,5,1650,3261,972744872,2166292534,1048575,15378,0,2
972745934,1088,136,0,-110640,313,0,0,22,0,0,1,9,5,1650,3261,972746027,2166292534,1048575,16549,0,2
972747002,1068,136,0,-110640,381,0,0,22,0,0,1,9,5,1650,3261,972747105,2166292534,1048575,17633,0,2
972747905,903,136,0,-110640,272,0,0,22,0,0,1,9,5,1650,3261,972747966,2166292534,1048575,18483,0,2
972748890,985,136,0,-110640,265,0,0,22,0,0,1,9,5,1650,3261,972748961,2166292534,1048575,19474,0,2
972749887,997,136,0,-110640,256,0,0,22,0,0,1,9,5,1650,3261,972749932,2166292534,1048575,20447,0,2
972750894,1007,136,0,-110640,267,0,0,22,0,0,1,9,5,1650,3261,972750954,2166292534,1048575,21467,0,2
972751868,974,136,0,-110640,247,0,0,22,0,0,1,9,5,1650,3261,972751898,2166292534,1048575,22404,0,2
972752863,995,136,0,-110640,243,0,0,22,0,0,1,9,5,1650,3261,972752924,2166292534,1048575,23445,0,2
972753871,1008,136,0,-110640,246,0,0,22,0,0,1,9,5,1650,3261,972753909,2166292534,1048575,24415,0,2
972754876,1005,136,0,-110640,254,0,0,22,0,0,1,9,5,1650,3261,972754941,2166292534,1048575,25456,0,2
972755874,998,136,0,-110640,247,0,0,22,0,0,1,9,5,1650,3261,972755920,2166292534,1048575,26431,0,2
972756929,1055,136,0,-110640,296,0,0,22,0,0,1,9,5,1650,3261,972757007,2166292534,1048575,27529,0,2
972757863,934,136,0,-110640,240,0,0,22,0,0,1,9,5,1650,3261,972757895,2166292534,1048575,28401,0,2
972758858,995,136,0,-110640,238,0,0,22,0,0,1,9,5,1650,3261,972758893,2166292534,1048575,29399,0,2
972759853,995,136,0,-110640,225,0,0,22,0,0,1,9,5,1650,3261,972759875,2166292534,1048575,30378,0,2
972760844,991,136,0,-110640,225,0,0,22,0,0,1,9,5,1650,3261,972760870,2166292534,1048575,31375,0,2
972761858,1014,136,0,-110640,226,0,0,22,0,0,1,9,5,1650,3261,972761886,2166292534,1048575,32392,0,2
972762861,1003,136,0,-110640,236,0,0,22,0,0,1,9,5,1650,3261,972762895,2166292534,1048575,33400,0,2
972763854,993,136,0,-110640,225,0,0,22,0,0,1,9,5,1650,3261,972763876,2166292534,1048575,34380,0,2
972764846,992,136,0,-110640,225,0,0,22,0,0,1,9,5,1650,3261,972764873,2166292534,1048575,35377,0,2
972765935,1089,136,0,-110640,313,0,0,22,0,0,1,9,5,1650,3261,972766025,2166292534,1048575,36545,0,2
972767007,1072,136,0,-110640,380,0,0,22,0,0,1,9,5,1650,3261,972767109,2166292534,1048575,37641,0,2
972767891,884,136,0,-110640,265,0,0,22,0,0,1,9,5,1650,3261,972767955,2166292534,1048575,38465,0,2
972768889,998,136,0,-110640,266,0,0,22,0,0,1,9,5,1650,3261,972768952,2166292534,1048575,39467,0,2
972769876,987,136,0,-110640,249,0,0,22,0,0,1,9,5,1650,3261,972769923,2166292534,1048575,40434,0,2
972770893,1017,136,0,-110640,263,0,0,22,0,0,1,9,5,1650,3261,972770956,2166292534,1048575,41470,0,2
972771880,987,136,0,-110640,250,0,0,22,0,0,1,9,5,1650,3261,972771912,2166292534,1048575,42416,0,2
972772870,990,136,0,-110640,245,0,0,22,0,0,1,9,5,1650,3261,972772929,2166292534,1048575,43444,0,2
972773875,1005,136,0,-110640,246,0,0,22,0,0,1,9,5,1650,3261,972773912,2166292534,1048575,44420,0,2
972774875,1000,136,0,-110640,255,0,0,22,0,0,1,9,5,1650,3261,972774942,2166292534,1048575,45458,0,2
972775866,991,136,0,-110640,248,0,0,22,0,0,1,9,5,1650,3261,972775905,2166292534,1048575,46413,0,2
972776915,1049,136,0,-110640,297,0,0,22,0,0,1,9,5,1650,3261,972776989,2166292534,1048575,47510,0,2
972777866,951,136,0,-110640,239,0,0,22,0,0,1,9,5,1650,3261,972777897,2166292534,1048575,48403,0,2
972778861,995,136,0,-110640,239,0,0,22,0,0,1,9,5,1650,3261,972778895,2166292534,1048575,49401,0,2
972779855,994,136,0,-110640,225,0,0,22,0,0,1,9,5,1650,3261,972779877,2166292537,1048575,1,0,2
972780855,1000,136,0,-110640,233,0,0,22,0,0,1,9,5,1650,3261,972780883,2166292537,1048575,476,0,2
972781851,996,136,0,-110640,230,0,0,22,0,0,1,9,5,1650,3261,972781880,2166292537,1048575,1473,0,2
972782866,1015,136,0,-110640,235,0,0,22,0,0,1,9,5,1650,3261,972782900,2166292537,1048575,2494,0,2
972783843,977,136,0,-110640,225,0,0,22,0,0,1,9,5,1650,3261,972783865,2166292537,1048575,3456,0,2
972784851,1008,136,0,-110640,225,0,0,22,0,0,1,9,5,1650,3261,972784877,2166292537,1048575,4474,0,2
972785935,1084,136,0,-110640,316,0,0,22,0,0,1,9,5,1650,3261,972786030,2166292537,1048575,5638,0,2
972787033,1098,136,0,-110640,394,0,0,22,0,0,1,9,5,1650,3261,972787134,2166292537,1048575,6750,0,2
972787886,853,136,0,-110640,266,0,0,22,0,0,1,9,5,1650,3261,972787947,2166292537,1048575,7548,0,2
972788889,1003,136,0,-110640,259,0,0,22,0,0,1,9,5,1650,3261,972788951,2166292537,1048575,8553,0,2
972789871,982,136,0,-110640,250,0,0,22,0,0,1,9,5,1650,3261,972789917,2166292537,1048575,9511,0,2
972790881,1010,136,0,-110640,259,0,0,22,0,0,1,9,5,1650,3261,972790949,2166292537,1048575,10551,0,2
972791865,984,136,0,-110640,247,0,0,22,0,0,1,9,5,1650,3261,972791908,2166292537,1048575,11506,0,2
972792872,1007,136,0,-110640,243,0,0,22,0,0,1,9,5,1650,3261,972792933,2166292537,1048575,12540,0,2
972793881,1009,136,0,-110640,249,0,0,22,0,0,1,9,5,1650,3261,972793913,2166292537,1048575,13509,0,2
972794894,1013,136,0,-110640,264,0,0,22,0,0,1,9,5,1650,3261,972794951,2166292537,1048575,14552,0,2
972795868,974,136,0,-110640,247,0,0,22,0,0,1,9,5,1650,3261,972795913,2166292537,1048575,15511,0,2
972796915,1047,136,0,-110640,295,0,0,22,0,0,1,9,5,1650,3261,972796990,2166292537,1048575,16599,0,2
972797858,943,136,0,-110640,237,0,0,22,0,0,1,9,5,1650,3261,972797880,2166292537,1048575,17478,0,2
972798855,997,136,0,-110640,237,0,0,22,0,0,1,9,5,1650,3261,972798888,2166292537,1048575,18481,0,2
972799853,998,136,0,-110640,228,0,0,22,0,0,1,9,5,1650,3261,972799878,2166292537,1048575,19471,0,2
972800849,996,136,0,-110640,225,0,0,22,0,0,1,9,5,1650,3261,972800875,2166292537,1048575,20469,0,2
972801847,998,136,0,-110640,225,0,0,22,0,0,1,9,5,1650,3261,972801874,2166292537,1048575,21467,0,2
972802856,1009,136,0,-110640,233,0,0,22,0,0,1,9,5,1650,3261,972802888,2166292537,1048575,22480,0,2
972803848,992,136,0,-110640,228,0,0,22,0,0,1,9,5,1650,3261,972803872,2166292537,1048575,23465,0,2
972804843,995,136,0,-110640,225,0,0,22,0,0,1,9,5,1650,3261,972804869,2166292537,1048575,24461,0,2
972805934,1091,136,0,-110640,312,0,0,22,0,0,1,9,5,1650,3261,972806027,2166292537,1048575,25637,0,2
972807009,1075,136,0,-110640,376,0,0,22,0,0,1,9,5,1650,3261,972807114,2166292537,1048575,26732,0,2
972807887,878,136,0,-110640,265,0,0,22,0,0,1,9,5,1650,3261,972807952,2166292537,1048575,27553,0,2
972808889,1002,136,0,-110640,266,0,0,22,0,0,1,9,5,1650,3261,972808952,2166292537,1048575,28555,0,2
972809876,987,136,0,-110640,249,0,0,22,0,0,1,9,5,1650,3261,972809923,2166292537,1048575,29519,0,2
972810895,1019,136,0,-110640,264,0,0,22,0,0,1,9,5,1650,3261,972810955,2166292537,1048575,30558,0,2
972811875,980,136,0,-110640,250,0,0,22,0,0,1,9,5,1650,3261,972811907,2166292537,1048575,31499,0,2
972812873,998,136,0,-110640,246,0,0,22,0,0,1,9,5,1650,3261,972812934,2166292537,1048575,32537,0,2
972813862,989,136,0,-110640,244,0,0,22,0,0,1,9,5,1650,3261,972813899,2166292537,1048575,33493,0,2
972814875,1013,136,0,-110640,254,0,0,22,0,0,1,9,5,1650,3261,972814938,2166292537,1048575,34544,0,2
972815871,996,136,0,-110640,246,0,0,22,0,0,1,9,5,1650,3261,972815917,2166292537,1048575,35514,0,2
972816927,1056,136,0,-110640,296,0,0,22,0,0,1,9,5,1650,3261,972817006,2166292537,1048575,36615,0,2
972817860,933,136,0,-110640,237,0,0,22,0,0,1,9,5,1650,3261,972817884,2166292537,1048575,37479,0,2
972818860,1000,136,0,-110640,240,0,0,22,0,0,1,9,5,1650,3261,972818893,2166292537,1048575,38487,0,2
972819853,993,136,0,-110640,225,0,0,22,0,0,1,9,5,1650,3261,972819875,2166292537,1048575,39467,0,2
972820846,993,136,0,-110640,226,0,0,22,0,0,1,9,5,1650,3261,972820872,2166292537,1048575,40464,0,2
972821843,997,136,0,-110640,225,0,0,22,0,0,1,9,5,1650,3261,972821869,2166292537,1048575,41462,0,2
972822857,1014,136,0,-110640,236,0,0,22,0,0,1,9,5,1650,3261,972822892,2166292537,1048575,42485,0,2
972823853,996,136,0,-110640,226,0,0,22,0,0,1,9,5,1650,3261,972823875,2166292537,1048575,43466,0,2
972824844,991,136,0,-110640,225,0,0,22,0,0,1,9,5,1650,3261,972824870,2166292537,1048575,44463,0,2
972825937,1093,136,0,-110640,311,0,0,22,0,0,1,9,5,1650,3261,972826030,2166292537,1048575,45638,0,2
972827017,1080,136,0,-110640,362,0,0,22,0,0,1,9,5,1650,3261,972827116,2166292537,1048575,46732,0,2
972827892,875,136,0,-110640,270,0,0,22,0,0,1,9,5,1650,3261,972827961,2166292537,1048575,47560,0,2
972828891,999,136,0,-110640,264,0,0,22,0,0,1,9,5,1650,3261,972828958,2166292537,1048575,48560,0,2
972829886,995,136,0,-110640,255,0,0,22,0,0,1,9,5,1650,3261,972829931,2166292537,1048575,49530,0,2
972830878,992,136,0,-110640,258,0,0,22,0,0,1,9,5,1650,3261,972830946,2166292534,1048575,1,0,2
972831896,1018,136,0,-110640,266,0,0,22,0,0,1,9,5,1650,3261,972831944,2166292534,1048575,462,0,2
972832870,974,136,0,-110640,252,0,0,22,0,0,1,9,5,1650,3261,972832942,2166292534,1048575,1468,0,2
972833870,1000,136,0,-110640,251,0,0,22,0,0,1,9,5,1650,3261,972833910,2166292534,1048575,2420,0,2
972834878,1008,136,0,-110640,251,0,0,22,0,0,1,9,5,1650,3261,972834947,2166292534,1048575,3466,0,2
972835870,992,136,0,-110640,252,0,0,22,0,0,1,9,5,1650,3261,972835919,2166292534,1048575,4433,0,2
972836919,1049,136,0,-110640,301,0,0,22,0,0,1,9,5,1650,3261,972836992,2166292534,1048575,5518,0,2
972837860,941,136,0,-110640,237,0,0,22,0,0,1,9,5,1650,3261,972837884,2166292534,1048575,6397,0,2
972838858,998,136,0,-110640,239,0,0,22,0,0,1,9,5,1650,3261,972838894,2166292534,1048575,7405,0,2
972839857,999,136,0,-110640,225,0,0,22,0,0,1,9,5,1650,3261,972839879,2166292534,1048575,8388,0,2
972840849,992,136,0,-110640,225,0,0,22,0,0,1,9,5,1650,3261,972840875,2166292534,1048575,9386,0,2
972841848,999,136,0,-110640,225,0,0,22,0,0,1,9,5,1650,3261,972841874,2166292534,1048575,10384,0,2
972842858,1010,136,0,-110640,235,0,0,22,0,0,1,9,5,1650,3261,972842893,2166292534,1048575,11403,0,2
972843851,993,136,0,-110640,224,0,0,22,0,0,1,9,5,1650,3261,972843874,2166292534,1048575,12382,0,2
972844843,992,136,0,-110640,225,0,0,22,0,0,1,9,5,1650,3261,972844869,2166292534,1048575,13378,0,2
972845933,1090,136,0,-110640,315,0,0,22,0,0,1,9,5,1650,3261,972846027,2166292534,1048575,14553,0,2
972847022,1089,136,0,-110640,380,0,0,22,0,0,1,9,5,1650,3261,972847126,2166292534,1048575,15661,0,2
972847887,865,136,0,-110640,263,0,0,22,0,0,1,9,5,1650,3261,972847949,2166292534,1048575,16467,0,2
972848878,991,136,0,-110640,260,0,0,22,0,0,1,9,5,1650,3261,972848945,2166292534,1048575,17464,0,2
972849868,990,136,0,-110640,249,0,0,22,0,0,1,9,5,1650,3261,972849911,2166292534,1048575,18424,0,2
972850888,1020,136,0,-110640,257,0,0,22,0,0,1,9,5,1650,3261,972850947,2166292534,1048575,19466,0,2
972851887,999,136,0,-110640,256,0,0,22,0,0,1,9,5,1650,3261,972851918,2166292534,1048575,20429,0,2
972852862,975,136,0,-110640,237,0,0,22,0,0,1,9,5,1650,3261,972852923,2166292534,1048575,21448,0,2
972853877,1015,136,0,-110640,251,0,0,22,0,0,1,9,5,1650,3261,972853917,2166292534,1048575,22431,0,2
972854871,994,136,0,-110640,250,0,0,22,0,0,1,9,5,1650,3261,972854933,2166292534,1048575,23457,0,2
972855873,1002,136,0,-110640,253,0,0,22,0,0,1,9,5,1650,3261,972855924,2166292534,1048575,24439,0,2
972856923,1050,136,0,-110640,300,0,0,22,0,0,1,9,5,1650,3261,972857000,2166292534,1048575,25527,0,2
972857869,946,136,0,-110640,239,0,0,22,0,0,1,9,5,1650,3261,972857898,2166292534,1048575,26409,0,2
972858860,991,136,0,-110640,235,0,0,22,0,0,1,9,5,1650,3261,972858892,2166292534,1048575,27401,0,2
972859853,993,136,0,-110640,227,0,0,22,0,0,1,9,5,1650,3261,972859878,2166292534,1048575,28388,0,2
972860850,997,136,0,-110640,226,0,0,22,0,0,1,9,5,1650,3261,972860876,2166292534,1048575,29386,0,2
972861848,998,136,0,-110640,225,0,0,22,0,0,1,9,5,1650,3261,972861874,2166292534,1048575,30384,0,2
972862857,1009,136,0,-110640,234,0,0,22,0,0,1,9,5,1650,3261,972862888,2166292534,1048575,31398,0,2
972863850,993,136,0,-110640,228,0,0,22,0,0,1,9,5,1650,3261,972863874,2166292534,1048575,32383,0,2
972864845,995,136,0,-110640,226,0,0,22,0,0,1,9,5,1650,3261,972864871,2166292534,1048575,33381,0,2
972865944,1099,136,0,-110640,311,0,0,22,0,0,1,9,5,1650,3261,972866038,2166292534,1048575,34563,0,2
972867014,1070,136,0,-110640,375,0,0,22,0,0,1,9,5,1650,3261,972867119,2166292534,1048575,35652,0,2
972867899,885,136,0,-110640,272,0,0,22,0,0,1,9,5,1650,3261,972867964,2166292534,1048575,36485,0,2
972868880,981,136,0,-110640,257,0,0,22,0,0,1,9,5,1650,3261,972868952,2166292534,1048575,37474,0,2
972869887,1007,136,0,-110640,259,0,0,22,0,0,1,9,5,1650,3261,972869933,2166292534,1048575,38452,0,2
972870881,994,136,0,-110640,262,0,0,22,0,0,1,9,5,1650,3261,972870953,2166292534,1048575,39473,0,2
972871873,992,136,0,-110640,246,0,0,22,0,0,1,9,5,1650,3261,972871903,2166292534,1048575,40412,0,2
972872871,998,136,0,-110640,245,0,0,22,0,0,1,9,5,1650,3261,972872932,2166292534,1048575,41452,0,2
972873886,1015,136,0,-110640,254,0,0,22,0,0,1,9,5,1650,3261,972873924,2166292534,1048575,42437,0,2
972874881,995,136,0,-110640,251,0,0,22,0,0,1,9,5,1650,3261,972874951,2166292534,1048575,43471,0,2
972875874,993,136,0,-110640,250,0,0,22,0,0,1,9,5,1650,3261,972875923,2166292534,1048575,44439,0,2
972876927,1053,136,0,-110640,300,0,0,22,0,0,1,9,5,1650,3261,972877003,2166292534,1048575,45530,0,2
972877855,928,136,0,-110640,237,0,0,22,0,0,1,9,5,1650,3261,972877877,2166292534,1048575,46386,0,2
972878869,1014,136,0,-110640,239,0,0,22,0,0,1,9,5,1650,3261,972878904,2166292534,1048575,47415,0,2
972879850,981,136,0,-110640,224,0,0,22,0,0,1,9,5,1650,3261,972879872,2166292534,1048575,48380,0,2
972880856,1006,136,0,-110640,225,0,0,22,0,0,1,9,5,1650,3261,972880883,2166292534,1048575,49392,0,2
972881852,996,136,0,-110640,223,0,0,22,0,0,1,9,5,1650,3261,972881874,2166292535,1048575,1,0,2
972882875,1023,136,0,-110640,249,0,0,22,0,0,1,9,5,1650,3261,972882912,2166292535,1048575,502,0,2
972883850,975,136,0,-110640,224,0,0,22,0,0,1,9,5,1650,3261,972883872,2166292535,1048575,1460,0,2
972884856,1006,136,0,-110640,225,0,0,22,0,0,1,9,5,1650,3261,972884885,2166292535,1048575,2478,0,2
972885951,1095,136,0,-110640,318,0,0,22,0,0,1,9,5,1650,3261,972886046,2166292535,1048575,3650,0,2
972887029,1078,136,0,-110640,398,0,0,22,0,0,1,9,5,1650,3261,972887126,2166292535,1048575,4742,0,2
972887886,857,136,0,-110640,264,0,0,22,0,0,1,9,5,1650,3261,972887948,2166292535,1048575,5545,0,2
972888885,999,136,0,-110640,261,0,0,22,0,0,1,9,5,1650,3261,972888947,2166292535,1048575,6548,0,2
972889875,990,136,0,-110640,249,0,0,22,0,0,1,9,5,1650,3261,972889920,2166292535,1048575,7511,0,2
972890892,1017,136,0,-110640,260,0,0,22,0,0,1,9,5,1650,3261,972890952,2166292535,1048575,8552,0,2
972891873,981,136,0,-110640,248,0,0,22,0,0,1,9,5,1650,3261,972891922,2166292535,1048575,9513,0,2
972892872,999,136,0,-110640,244,0,0,22,0,0,1,9,5,1650,3261,972892936,2166292535,1048575,10539,0,2
972893871,999,136,0,-110640,250,0,0,22,0,0,1,9,5,1650,3261,972893903,2166292535,1048575,11494,0,2
972894881,1010,136,0,-110640,257,0,0,22,0,0,1,9,5,1650,3261,972894946,2166292535,1048575,12545,0,2
972895867,986,136,0,-110640,248,0,0,22,0,0,1,9,5,1650,3261,972895911,2166292535,1048575,13506,0,2
972896929,1062,136,0,-110640,297,0,0,22,0,0,1,9,5,1650,3261,972897009,2166292535,1048575,14615,0,2
972897855,926,136,0,-110640,237,0,0,22,0,0,1,9,5,1650,3261,972897878,2166292535,1048575,15469,0,2
972898867,1012,136,0,-110640,236,0,0,22,0,0,1,9,5,1650,3261,972898899,2166292535,1048575,16488,0,2
972899847,980,136,0,-110640,227,0,0,22,0,0,1,9,5,1650,3261,972899872,2166292535,1048575,17461,0,2
972900858,1011,136,0,-110640,225,0,0,22,0,0,1,9,5,1650,3261,972900884,2166292535,1048575,18473,0,2
972901853,995,136,0,-110640,223,0,0,22,0,0,1,9,5,1650,3261,972901875,2166292535,1048575,19463,0,2
972902853,1000,136,0,-110640,233,0,0,22,0,0,1,9,5,1650,3261,972902885,2166292535,1048575,20474,0,2
972903846,993,136,0,-110640,228,0,0,22,0,0,1,9,5,1650,3261,972903870,2166292535,1048575,21459,0,2
972904856,1010,136,0,-110640,225,0,0,22,0,0,1,9,5,1650,3261,972904884,2166292535,1048575,22479,0,2
972905937,1081,136,0,-110640,311,0,0,22,0,0,1,9,5,1650,3261,972906027,2166292535,1048575,23632,0,2
972907018,1081,136,0,-110640,378,0,0,22,0,0,1,9,5,1650,3261,972907126,2166292535,1048575,24739,0,2
972907905,887,136,0,-110640,273,0,0,22,0,0,1,9,5,1650,3261,972907966,2166292535,1048575,25567,0,2
972908898,993,136,0,-110640,267,0,0,22,0,0,1,9,5,1650,3261,972908957,2166292535,1048575,26556,0,2
972909875,977,136,0,-110640,247,0,0,22,0,0,1,9,5,1650,3261,972909922,2166292535,1048575,27515,0,2
972910878,1003,136,0,-110640,258,0,0,22,0,0,1,9,5,1650,3261,972910953,2166292535,1048575,28551,0,2
972911874,996,136,0,-110640,251,0,0,22,0,0,1,9,5,1650,3261,972911909,2166292535,1048575,29499,0,2
972912863,989,136,0,-110640,238,0,0,22,0,0,1,9,5,1650,3261,972912923,2166292535,1048575,30527,0,2
972913873,1010,136,0,-110640,249,0,0,22,0,0,1,9,5,1650,3261,972913911,2166292535,1048575,31500,0,2
972914889,1016,136,0,-110640,257,0,0,22,0,0,1,9,5,1650,3261,972914954,2166292535,1048575,32553,0,2
972915873,984,136,0,-110640,251,0,0,22,0,0,1,9,5,1650,3261,972915919,2166292535,1048575,33515,0,2
972916926,1053,136,0,-110640,296,0,0,22,0,0,1,9,5,1650,3261,972916998,2166292535,1048575,34604,0,2
972917860,934,136,0,-110640,238,0,0,22,0,0,1,9,5,1650,3261,972917884,2166292535,1048575,35476,0,2
972918862,1002,136,0,-110640,238,0,0,22,0,0,1,9,5,1650,3261,972918898,2166292535,1048575,36489,0,2
972919845,983,136,0,-110640,225,0,0,22,0,0,1,9,5,1650,3261,972919867,2166292535,1048575,37455,0,2
972920853,1008,136,0,-110640,225,0,0,22,0,0,1,9,5,1650,3261,972920880,2166292535,1048575,38470,0,2
972921849,996,136,0,-110640,222,0,0,22,0,0,1,9,5,1650,3261,972921872,2166292535,1048575,39460,0,2
972922855,1006,136,0,-110640,236,0,0,22,0,0,1,9,5,1650,3261,972922889,2166292535,1048575,40479,0,2
972923848,993,136,0,-110640,224,0,0,22,0,0,1,9,5,1650,3261,972923871,2166292535,1048575,41459,0,2
972924856,1008,136,0,-110640,226,0,0,22,0,0,1,9,5,1650,3261,972924883,2166292535,1048575,42476,0,2
972925939,1083,136,0,-110640,312,0,0,22,0,0,1,9,5,1650,3261,972926035,2166292535,1048575,43638,0,2
972927018,1079,136,0,-110640,380,0,0,22,0,0,1,9,5,1650,3261,972927119,2166292535,1048575,44735,0,2
972927887,869,136,0,-110640,266,0,0,22,0,0,1,9,5,1650,3261,972927949,2166292535,1048575,45547,0,2
972928876,989,136,0,-110640,258,0,0,22,0,0,1,9,5,1650,3261,972928943,2166292535,1048575,46543,0,2
972929869,993,136,0,-110640,249,0,0,22,0,0,1,9,5,1650,3261,972929911,2166292535,1048575,47503,0,2
972930871,1002,136,0,-110640,253,0,0,22,0,0,1,9,5,1650,3261,972930932,2166292535,1048575,48536,0,2
972931871,1000,136,0,-110640,252,0,0,22,0,0,1,9,5,1650,3261,972931906,2166292535,1048575,49496,0,2
972932863,992,136,0,-110640,237,0,0,22,0,0,1,9,5,1650,3261,972932924,2166292536,1048575,1,0,2
972933898,1035,136,0,-110640,272,0,0,22,0,0,1,9,5,1650,3261,972933963,2166292536,1048575,495,0,2
972934890,992,136,0,-110640,267,0,0,22,0,0,1,9,5,1650,3261,972934963,2166292536,1048575,1499,0,2
972935872,982,136,0,-110640,253,0,0,22,0,0,1,9,5,1650,3261,972935917,2166292536,1048575,2448,0,2
972936918,1046,136,0,-110640,299,0,0,22,0,0,1,9,5,1650,3261,972936994,2166292536,1048575,3536,0,2
972937862,944,136,0,-110640,236,0,0,22,0,0,1,9,5,1650,3261,972937889,2166292536,1048575,4415,0,2
972938860,998,136,0,-110640,236,0,0,22,0,0,1,9,5,1650,3261,972938892,2166292536,1048575,5418,0,2
972939854,994,136,0,-110640,228,0,0,22,0,0,1,9,5,1650,3261,972939878,2166292536,1048575,6405,0,2
972940850,996,136,0,-110640,225,0,0,22,0,0,1,9,5,1650,3261,972940876,2166292536,1048575,7402,0,2
972941848,998,136,0,-110640,226,0,0,22,0,0,1,9,5,1650,3261,972941874,2166292536,1048575,8400,0,2
972942855,1007,136,0,-110640,233,0,0,22,0,0,1,9,5,1650,3261,972942887,2166292536,1048575,9413,0,2
972943848,993,136,0,-110640,228,0,0,22,0,0,1,9,5,1650,3261,972943872,2166292536,1048575,10397,0,2
972944843,995,136,0,-110640,225,0,0,22,0,0,1,9,5,1650,3261,972944869,2166292536,1048575,11395,0,2
972945933,1090,136,0,-110640,314,0,0,22,0,0,1,9,5,1650,3261,972946029,2166292536,1048575,12570,0,2
972947009,1076,136,0,-110640,370,0,0,22,0,0,1,9,5,1650,3261,972947109,2166292536,1048575,13659,0,2
972947887,878,136,0,-110640,269,0,0,22,0,0,1,9,5,1650,3261,972947949,2166292536,1048575,14483,0,2
972948891,1004,136,0,-110640,262,0,0,22,0,0,1,9,5,1650,3261,972948951,2166292536,1048575,15486,0,2
972949872,981,136,0,-110640,248,0,0,22,0,0,1,9,5,1650,3261,972949916,2166292536,1048575,16443,0,2
972950888,1016,136,0,-110640,261,0,0,22,0,0,1,9,5,1650,3261,972950949,2166292536,1048575,17485,0,2
972951883,995,136,0,-110640,252,0,0,22,0,0,1,9,5,1650,3261,972951913,2166292536,1048575,18439,0,2
972952864,981,136,0,-110640,239,0,0,22,0,0,1,9,5,1650,3261,972952919,2166292536,1048575,19462,0,2
972953872,1008,136,0,-110640,249,0,0,22,0,0,1,9,5,1650,3261,972953909,2166292536,1048575,20440,0,2
972954876,1004,136,0,-110640,255,0,0,22,0,0,1,9,5,1650,3261,972954943,2166292536,1048575,21481,0,2
972955876,1000,136,0,-110640,248,0,0,22,0,0,1,9,5,1650,3261,972955923,2166292536,1048575,22452,0,2
972956930,1054,136,0,-110640,299,0,0,22,0,0,1,9,5,1650,3261,972957007,2166292536,1048575,23549,0,2
972957859,929,136,0,-110640,239,0,0,22,0,0,1,9,5,1650,3261,972957882,2166292536,1048575,24410,0,2
972958859,1000,136,0,-110640,235,0,0,22,0,0,1,9,5,1650,3261,972958891,2166292536,1048575,25417,0,2
972959853,994,136,0,-110640,227,0,0,22,0,0,1,9,5,1650,3261,972959878,2166292536,1048575,26404,0,2
972960850,997,136,0,-110640,226,0,0,22,0,0,1,9,5,1650,3261,972960876,2166292536,1048575,27403,0,2
972961850,1000,136,0,-110640,226,0,0,22,0,0,1,9,5,1650,3261,972961877,2166292536,1048575,28404,0,2
972962861,1011,136,0,-110640,235,0,0,22,0,0,1,9,5,1650,3261,972962893,2166292536,1048575,29418,0,2
972963854,993,136,0,-110640,228,0,0,22,0,0,1,9,5,1650,3261,972963879,2166292536,1048575,30405,0,2
972964850,996,136,0,-110640,225,0,0,22,0,0,1,9,5,1650,3261,972964876,2166292536,1048575,31403,0,2
972965934,1084,136,0,-110640,314,0,0,22,0,0,1,9,5,1650,3261,972966026,2166292536,1048575,32567,0,2
972967009,1075,136,0,-110640,380,0,0,22,0,0,1,9,5,1650,3261,972967113,2166292536,1048575,33665,0,2
972967887,878,136,0,-110640,264,0,0,22,0,0,1,9,5,1650,3261,972967952,2166292536,1048575,34485,0,2
972968889,1002,136,0,-110640,265,0,0,22,0,0,1,9,5,1650,3261,972968951,2166292536,1048575,35486,0,2
972969870,981,136,0,-110640,248,0,0,22,0,0,1,9,5,1650,3261,972969912,2166292536,1048575,36439,0,2
972970873,1003,136,0,-110640,252,0,0,22,0,0,1,9,5,1650,3261,972970932,2166292536,1048575,37472,0,2
972971872,999,136,0,-110640,252,0,0,22,0,0,1,9,5,1650,3261,972971906,2166292536,1048575,38432,0,2
972972863,991,136,0,-110640,238,0,0,22,0,0,1,9,5,1650,3261,972972923,2166292536,1048575,39463,0,2
972973875,1012,136,0,-110640,250,0,0,22,0,0,1,9,5,1650,3261,972973913,2166292536,1048575,40440,0,2
972974878,1003,136,0,-110640,256,0,0,22,0,0,1,9,5,1650,3261,972974945,2166292536,1048575,41479,0,2
972975875,997,136,0,-110640,247,0,0,22,0,0,1,9,5,1650,3261,972975921,2166292536,1048575,42452,0,2
972976929,1054,136,0,-110640,299,0,0,22,0,0,1,9,5,1650,3261,972977003,2166292536,1048575,43546,0,2
972977858,929,136,0,-110640,237,0,0,22,0,0,1,9,5,1650,3261,972977880,2166292536,1048575,44408,0,2
972978867,1009,136,0,-110640,235,0,0,22,0,0,1,9,5,1650,3261,972978900,2166292536,1048575,45425,0,2
972979848,981,136,0,-110640,228,0,0,22,0,0,1,9,5,1650,3261,972979872,2166292536,1048575,46398,0,2
972980844,996,136,0,-110640,226,0,0,22,0,0,1,9,5,1650,3261,972980870,2166292536,1048575,47395,0,2
972981857,1013,136,0,-110640,225,0,0,22,0,0,1,9,5,1650,3261,972981886,2166292536,1048575,48416,0,2
972982860,1003,136,0,-110640,233,0,0,22,0,0,1,9,5,1650,3261,972982892,2166292536,1048575,49418,0,2
972983855,995,136,0,-110640,229,0,0,22,0,0,1,9,5,1650,3261,972983879,2166292534,1048575,1,0,2
972984858,1003,136,0,-110640,233,0,0,22,0,0,1,9,5,1650,3261,972984891,2166292534,1048575,487,0,2
972985944,1086,136,0,-110640,320,0,0,22,0,0,1,9,5,1650,3261,972986041,2166292534,1048575,1647,0,2
972987025,1081,136,0,-110640,391,0,0,22,0,0,1,9,5,1650,3261,972987128,2166292534,1048575,2742,0,2
972987901,876,136,0,-110640,268,0,0,22,0,0,1,9,5,1650,3261,972987965,2166292534,1048575,3568,0,2
972988877,976,136,0,-110640,259,0,0,22,0,0,1,9,5,1650,3261,972988947,2166292534,1048575,4550,0,2
972989871,994,136,0,-110640,254,0,0,22,0,0,1,9,5,1650,3261,972989916,2166292534,1048575,5510,0,2
972990888,1017,136,0,-110640,261,0,0,22,0,0,1,9,5,1650,3261,972990950,2166292534,1048575,6551,0,2
972991866,978,136,0,-110640,247,0,0,22,0,0,1,9,5,1650,3261,972991906,2166292534,1048575,7498,0,2
972992868,1002,136,0,-110640,243,0,0,22,0,0,1,9,5,1650,3261,972992928,2166292534,1048575,8533,0,2
972993875,1007,136,0,-110640,248,0,0,22,0,0,1,9,5,1650,3261,972993913,2166292534,1048575,9508,0,2
972994882,1007,136,0,-110640,257,0,0,22,0,0,1,9,5,1650,3261,972994950,2166292534,1048575,10549,0,2
972995866,984,136,0,-110640,246,0,0,22,0,0,1,9,5,1650,3261,972995910,2166292534,1048575,11506,0,2
972996926,1060,136,0,-110640,295,0,0,22,0,0,1,9,5,1650,3261,972997007,2166292534,1048575,12614,0,2
972997856,930,136,0,-110640,237,0,0,22,0,0,1,9,5,1650,3261,972997878,2166292534,1048575,13472,0,2
972998868,1012,136,0,-110640,236,0,0,22,0,0,1,9,5,1650,3261,972998901,2166292534,1048575,14491,0,2
972999849,981,136,0,-110640,228,0,0,22,0,0,1,9,5,1650,3261,972999874,2166292534,1048575,15463,0,2
973000844,995,136,0,-110640,225,0,0,22,0,0,1,9,5,1650,3261,973000870,2166292534,1048575,16461,0,2
973001858,1014,136,0,-110640,226,0,0,22,0,0,1,9,5,1650,3261,973001887,2166292534,1048575,17479,0,2
973002860,1002,136,0,-110640,233,0,0,22,0,0,1,9,5,1650,3261,973002892,2166292534,1048575,18482,0,2
973003852,992,136,0,-110640,227,0,0,22,0,0,1,9,5,1650,3261,973003877,2166292534,1048575,19468,0,2
973004849,997,136,0,-110640,225,0,0,22,0,0,1,9,5,1650,3261,973004875,2166292534,1048575,20465,0,2
973005946,1097,136,0,-110640,313,0,0,22,0,0,1,9,5,1650,3261,973006037,2166292534,1048575,21643,0,2
973007016,1070,136,0,-110640,378,0,0,22,0,0,1,9,5,1650,3261,973007120,2166292534,1048575,22735,0,2
973007887,871,136,0,-110640,264,0,0,22,0,0,1,9,5,1650,3261,973007951,2166292534,1048575,23552,0,2
973008887,1000,136,0,-110640,262,0,0,22,0,0,1,9,5,1650,3261,973008950,2166292534,1048575,24551,0,2
973009872,985,136,0,-110640,248,0,0,22,0,0,1,9,5,1650,3261,973009916,2166292534,1048575,25508,0,2
973010874,1002,136,0,-110640,254,0,0,22,0,0,1,9,5,1650,3261,973010937,2166292534,1048575,26542,0,2
973011882,1008,136,0,-110640,253,0,0,22,0,0,1,9,5,1650,3261,973011912,2166292534,1048575,27503,0,2
973012866,984,136,0,-110640,241,0,0,22,0,0,1,9,5,1650,3261,973012927,2166292534,1048575,28531,0,2
973013878,1012,136,0,-110640,250,0,0,22,0,0,1,9,5,1650,3261,973013917,2166292534,1048575,29512,0,2
973014878,1000,136,0,-110640,253,0,0,22,0,0,1,9,5,1650,3261,973014941,2166292534,1048575,30543,0,2
973015879,1001,136,0,-110640,249,0,0,22,0,0,1,9,5,1650,3261,973015927,2166292534,1048575,31525,0,2
973016926,1047,136,0,-110640,296,0,0,22,0,0,1,9,5,1650,3261,973017000,2166292534,1048575,32607,0,2
973017864,938,136,0,-110640,237,0,0,22,0,0,1,9,5,1650,3261,973017894,2166292534,1048575,33487,0,2
973018856,992,136,0,-110640,237,0,0,22,0,0,1,9,5,1650,3261,973018888,2166292534,1048575,34478,0,2
973019849,993,136,0,-110640,228,0,0,22,0,0,1,9,5,1650,3261,973019874,2166292534,1048575,35464,0,2
973020844,995,136,0,-110640,225,0,0,22,0,0,1,9,5,1650,3261,973020870,2166292534,1048575,36460,0,2
973021857,1013,136,0,-110640,225,0,0,22,0,0,1,9,5,1650,3261,973021885,2166292534,1048575,37479,0,2
973022857,1000,136,0,-110640,233,0,0,22,0,0,1,9,5,1650,3261,973022888,2166292534,1048575,38479,0,2
973023850,993,136,0,-110640,228,0,0,22,0,0,1,9,5,1650,3261,973023874,2166292534,1048575,39464,0,2
973024844,994,136,0,-110640,225,0,0,22,0,0,1,9,5,1650,3261,973024871,2166292534,1048575,40462,0,2
973025947,1103,136,0,-110640,313,0,0,22,0,0,1,9,5,1650,3261,973026041,2166292534,1048575,41649,0,2
973027008,1061,136,0,-110640,384,0,0,22,0,0,1,9,5,1650,3261,973027109,2166292534,1048575,42725,0,2
973027889,881,136,0,-110640,269,0,0,22,0,0,1,9,5,1650,3261,973027950,2166292534,1048575,43549,0,2
973028895,1006,136,0,-110640,262,0,0,22,0,0,1,9,5,1650,3261,973028953,2166292534,1048575,44553,0,2
973029874,979,136,0,-110640,249,0,0,22,0,0,1,9,5,1650,3261,973029916,2166292534,1048575,45508,0,2
973030876,1002,136,0,-110640,253,0,0,22,0,0,1,9,5,1650,3261,973030939,2166292534,1048575,46542,0,2
973031879,1003,136,0,-110640,252,0,0,22,0,0,1,9,5,1650,3261,973031914,2166292534,1048575,47505,0,2
973032868,989,136,0,-110640,239,0,0,22,0,0,1,9,5,1650,3261,973032927,2166292534,1048575,48531,0,2
973033874,1006,136,0,-110640,248,0,0,22,0,0,1,9,5,1650,3261,973033912,2166292534,1048575,49503,0,2
973034876,1002,136,0,-110640,254,0,0,22,0,0,1,9,5,1650,3261,973034944,2166292533,1048575,1,0,2
973035900,1024,136,0,-110640,269,0,0,22,0,0,1,9,5,1650,3261,973035973,2166292533,1048575,491,0,2
973036926,1026,136,0,-110640,299,0,0,22,0,0,1,9,5,1650,3261,973036996,2166292533,1048575,1521,0,2
973037856,930,136,0,-110640,231,0,0,22,0,0,1,9,5,1650,3261,973037878,2166292533,1048575,2392,0,2
973038857,1001,136,0,-110640,237,0,0,22,0,0,1,9,5,1650,3261,973038889,2166292533,1048575,3400,0,2
973039853,996,136,0,-110640,227,0,0,22,0,0,1,9,5,1650,3261,973039877,2166292533,1048575,4388,0,2
973040850,997,136,0,-110640,226,0,0,22,0,0,1,9,5,1650,3261,973040875,2166292533,1048575,5388,0,2
973041850,1000,136,0,-110640,225,0,0,22,0,0,1,9,5,1650,3261,973041875,2166292533,1048575,6387,0,2
973042860,1010,136,0,-110640,234,0,0,22,0,0,1,9,5,1650,3261,973042890,2166292533,1048575,7400,0,2
973043850,990,136,0,-110640,226,0,0,22,0,0,1,9,5,1650,3261,973043874,2166292533,1048575,8385,0,2
973044847,997,136,0,-110640,225,0,0,22,0,0,1,9,5,1650,3261,973044872,2166292533,1048575,9382,0,2
973045939,1092,136,0,-110640,313,0,0,22,0,0,1,9,5,1650,3261,973046036,2166292533,1048575,10564,0,2
973047013,1074,136,0,-110640,379,0,0,22,0,0,1,9,5,1650,3261,973047117,2166292533,1048575,11653,0,2
973047889,876,136,0,-110640,263,0,0,22,0,0,1,9,5,1650,3261,973047948,2166292533,1048575,12468,0,2
973048895,1006,136,0,-110640,262,0,0,22,0,0,1,9,5,1650,3261,973048955,2166292533,1048575,13474,0,2
973049874,979,136,0,-110640,247,0,0,22,0,0,1,9,5,1650,3261,973049914,2166292533,1048575,14424,0,2
973050880,1006,136,0,-110640,254,0,0,22,0,0,1,9,5,1650,3261,973050942,2166292533,1048575,15460,0,2
973051879,999,136,0,-110640,252,0,0,22,0,0,1,9,5,1650,3261,973051909,2166292533,1048575,16419,0,2
973052862,983,136,0,-110640,238,0,0,22,0,0,1,9,5,1650,3261,973052926,2166292533,1048575,17452,0,2
973053880,1018,136,0,-110640,250,0,0,22,0,0,1,9,5,1650,3261,973053916,2166292533,1048575,18431,0,2
973054876,996,136,0,-110640,253,0,0,22,0,0,1,9,5,1650,3261,973054942,2166292533,1048575,19461,0,2
973055871,995,136,0,-110640,247,0,0,22,0,0,1,9,5,1650,3261,973055915,2166292533,1048575,20429,0,2
973056921,1050,136,0,-110640,296,0,0,22,0,0,1,9,5,1650,3261,973057000,2166292533,1048575,21526,0,2
973057869,948,136,0,-110640,240,0,0,22,0,0,1,9,5,1650,3261,973057902,2166292533,1048575,22411,0,2
973058861,992,136,0,-110640,236,0,0,22,0,0,1,9,5,1650,3261,973058893,2166292533,1048575,23403,0,2
973059854,993,136,0,-110640,227,0,0,22,0,0,1,9,5,1650,3261,973059879,2166292533,1048575,24389,0,2
973060850,996,136,0,-110640,225,0,0,22,0,0,1,9,5,1650,3261,973060876,2166292533,1048575,25386,0,2
973061848,998,136,0,-110640,225,0,0,22,0,0,1,9,5,1650,3261,973061874,2166292533,1048575,26384,0,2
973062855,1007,136,0,-110640,233,0,0,22,0,0,1,9,5,1650,3261,973062887,2166292533,1048575,27397,0,2
973063848,993,136,0,-110640,227,0,0,22,0,0,1,9,5,1650,3261,973063873,2166292533,1048575,28382,0,2
973064843,995,136,0,-110640,225,0,0,22,0,0,1,9,5,1650,3261,973064869,2166292533,1048575,29379,0,2
973065939,1096,136,0,-110640,310,0,0,22,0,0,1,9,5,1650,3261,973066031,2166292533,1048575,30556,0,2
973067009,1070,136,0,-110640,374,0,0,22,0,0,1,9,5,1650,3261,973067113,2166292533,1048575,31646,0,2
973067890,881,136,0,-110640,270,0,0,22,0,0,1,9,5,1650,3261,973067954,2166292533,1048575,32471,0,2
973068883,993,136,0,-110640,258,0,0,22,0,0,1,9,5,1650,3261,973068949,2166292533,1048575,33467,0,2
973069867,984,136,0,-110640,247,0,0,22,0,0,1,9,5,1650,3261,973069911,2166292533,1048575,34423,0,2
973070886,1019,136,0,-110640,259,0,0,22,0,0,1,9,5,1650,3261,973070945,2166292533,1048575,35464,0,2
973071885,999,136,0,-110640,255,0,0,22,0,0,1,9,5,1650,3261,973071916,2166292533,1048575,36425,0,2
973072863,978,136,0,-110640,237,0,0,22,0,0,1,9,5,1650,3261,973072924,2166292533,1048575,37450,0,2
973073875,1012,136,0,-110640,249,0,0,22,0,0,1,9,5,1650,3261,973073914,2166292533,1048575,38426,0,2
973074879,1004,136,0,-110640,256,0,0,22,0,0,1,9,5,1650,3261,973074944,2166292533,1048575,39462,0,2
973075872,993,136,0,-110640,245,0,0,22,0,0,1,9,5,1650,3261,973075919,2166292533,1048575,40435,0,2
973076929,1057,136,0,-110640,300,0,0,22,0,0,1,9,5,1650,3261,973077005,2166292533,1048575,41532,0,2
973077858,929,136,0,-110640,236,0,0,22,0,0,1,9,5,1650,3261,973077880,2166292533,1048575,42392,0,2
973078866,1008,136,0,-110640,236,0,0,22,0,0,1,9,5,1650,3261,973078899,2166292533,1048575,43408,0,2
973079846,980,136,0,-110640,226,0,0,22,0,0,1,9,5,1650,3261,973079871,2166292533,1048575,44380,0,2
973080857,1011,136,0,-110640,226,0,0,22,0,0,1,9,5,1650,3261,973080883,2166292533,1048575,45393,0,2
973081853,996,136,0,-110640,223,0,0,22,0,0,1,9,5,1650,3261,973081875,2166292533,1048575,46383,0,2
973082857,1004,136,0,-110640,235,0,0,22,0,0,1,9,5,1650,3261,973082889,2166292533,1048575,47399,0,2
973083849,992,136,0,-110640,226,0,0,22,0,0,1,9,5,1650,3261,973083874,2166292533,1048575,48383,0,2
973084844,995,136,0,-110640,225,0,0,22,0,0,1,9,5,1650,3261,973084871,2166292533,1048575,49379,0,2
973085940,1096,136,0,-110640,314,0,0,22,0,0,1,9,5,1650,3261,973086034,2166292535,1048575,1,0,2
973087275,1335,136,0,-110640,353,0,0,22,0,0,1,9,5,1650,3261,973087378,2166292535,1048575,648,0,2
973087868,593,136,0,-110640,237,0,0,22,0,0,1,9,5,1650,3261,973087903,2166292535,1048575,1153,0,2
973088879,1011,136,0,-110640,256,0,0,22,0,0,1,9,5,1650,3261,973088946,2166292535,1048575,2203,0,2
973089856,977,136,0,-110640,236,0,0,22,0,0,1,9,5,1650,3261,973089879,2166292535,1048575,3132,0,2
973090896,1040,136,0,-110640,264,0,0,22,0,0,1,9,5,1650,3261,973090956,2166292535,1048575,4213,0,2
973091857,961,136,0,-110640,239,0,0,22,0,0,1,9,5,1650,3261,973091880,2166292535,1048575,5127,0,2
973092863,1006,136,0,-110640,245,0,0,22,0,0,1,9,5,1650,3261,973092924,2166292535,1048575,6194,0,2
973093879,1016,136,0,-110640,251,0,0,22,0,0,1,9,5,1650,3261,973093934,2166292535,1048575,7192,0,2
973094887,1008,136,0,-110640,267,0,0,22,0,0,1,9,5,1650,3261,973094950,2166292535,1048575,8210,0,2
973095856,969,136,0,-110640,231,0,0,22,0,0,1,9,5,1650,3261,973095888,2166292535,1048575,9139,0,2
973096925,1069,136,0,-110640,307,0,0,22,0,0,1,9,5,1650,3261,973097004,2166292535,1048575,10268,0,2
973097851,926,136,0,-110640,231,0,0,22,0,0,1,9,5,1650,3261,973097873,2166292535,1048575,11120,0,2
973098864,1013,136,0,-110640,232,0,0,22,0,0,1,9,5,1650,3261,973098893,2166292535,1048575,12140,0,2
973099857,993,136,0,-110640,230,0,0,22,0,0,1,9,5,1650,3261,973099887,2166292535,1048575,13134,0,2
973100841,984,136,0,-110640,223,0,0,22,0,0,1,9,5,1650,3261,973100867,2166292535,1048575,14114,0,2
973101855,1014,136,0,-110640,226,0,0,22,0,0,1,9,5,1650,3261,973101877,2166292535,1048575,15124,0,2
973102853,998,136,0,-110640,230,0,0,22,0,0,1,9,5,1650,3261,973102880,2166292535,1048575,16130,0,2
973103860,1007,136,0,-110640,231,0,0,22,0,0,1,9,5,1650,3261,973103889,2166292535,1048575,17136,0,2
973104843,983,136,0,-110640,223,0,0,22,0,0,1,9,5,1650,3261,973104869,2166292535,1048575,18117,0,2
973105958,1115,136,0,-110640,332,0,0,22,0,0,1,9,5,1650,3261,973106050,2166292535,1048575,19314,0,2
973107037,1079,136,0,-110640,411,0,0,22,0,0,1,9,5,1650,3261,973107139,2166292535,1048575,20413,0,2
973107884,847,136,0,-110640,264,0,0,22,0,0,1,9,5,1650,3261,973107943,2166292535,1048575,21199,0,2
973108885,1001,136,0,-110640,255,0,0,22,0,0,1,9,5,1650,3261,973108951,2166292535,1048575,22208,0,2
973109866,981,136,0,-110640,247,0,0,22,0,0,1,9,5,1650,3261,973109903,2166292535,1048575,23154,0,2
973110889,1023,136,0,-110640,263,0,0,22,0,0,1,9,5,1650,3261,973110950,2166292535,1048575,24207,0,2
973111886,997,136,0,-110640,254,0,0,22,0,0,1,9,5,1650,3261,973111928,2166292535,1048575,25181,0,2
973112866,980,136,0,-110640,244,0,0,22,0,0,1,9,5,1650,3261,973112929,2166292535,1048575,26193,0,2
973113882,1016,136,0,-110640,250,0,0,22,0,0,1,9,5,1650,3261,973113912,2166292535,1048575,27162,0,2
973114876,994,136,0,-110640,257,0,0,22,0,0,1,9,5,1650,3261,973114950,2166292535,1048575,28208,0,2
973115869,993,136,0,-110640,248,0,0,22,0,0,1,9,5,1650,3261,973115912,2166292535,1048575,29166,0,2
973116921,1052,136,0,-110640,299,0,0,22,0,0,1,9,5,1650,3261,973116999,2166292535,1048575,30263,0,2
973117866,945,136,0,-110640,235,0,0,22,0,0,1,9,5,1650,3261,973117896,2166292535,1048575,31145,0,2
973118857,991,136,0,-110640,237,0,0,22,0,0,1,9,5,1650,3261,973118888,2166292535,1048575,32136,0,2
973119850,993,136,0,-110640,228,0,0,22,0,0,1,9,5,1650,3261,973119874,2166292535,1048575,33121,0,2
973120844,994,136,0,-110640,225,0,0,22,0,0,1,9,5,1650,3261,973120871,2166292535,1048575,34118,0,2
973121858,1014,136,0,-110640,226,0,0,22,0,0,1,9,5,1650,3261,973121886,2166292535,1048575,35135,0,2
973122858,1000,136,0,-110640,233,0,0,22,0,0,1,9,5,1650,3261,973122889,2166292535,1048575,36136,0,2
973123850,992,136,0,-110640,228,0,0,22,0,0,1,9,5,1650,3261,973123874,2166292535,1048575,37122,0,2
973124845,995,136,0,-110640,225,0,0,22,0,0,1,9,5,1650,3261,973124871,2166292535,1048575,38118,0,2
973125933,1088,136,0,-110640,312,0,0,22,0,0,1,9,5,1650,3261,973126026,2166292535,1048575,39289,0,2
973127008,1075,136,0,-110640,382,0,0,22,0,0,1,9,5,1650,3261,973127113,2166292535,1048575,40387,0,2
973127908,900,136,0,-110640,276,0,0,22,0,0,1,9,5,1650,3261,973127969,2166292535,1048575,41232,0,2
973128879,971,136,0,-110640,261,0,0,22,0,0,1,9,5,1650,3261,973128957,2166292535,1048575,42216,0,2
973129870,991,136,0,-110640,251,0,0,22,0,0,1,9,5,1650,3261,973129916,2166292535,1048575,43167,0,2
973130878,1008,136,0,-110640,256,0,0,22,0,0,1,9,5,1650,3261,973130948,2166292535,1048575,44205,0,2
973131867,989,136,0,-110640,250,0,0,22,0,0,1,9,5,1650,3261,973131904,2166292535,1048575,45151,0,2
973132862,995,136,0,-110640,241,0,0,22,0,0,1,9,5,1650,3261,973132927,2166292535,1048575,46191,0,2
973133887,1025,136,0,-110640,256,0,0,22,0,0,1,9,5,1650,3261,973133931,2166292535,1048575,47187,0,2
973134881,994,136,0,-110640,251,0,0,22,0,0,1,9,5,1650,3261,973134950,2166292535,1048575,48208,0,2
973135874,993,136,0,-110640,252,0,0,22,0,0,1,9,5,1650,3261,973135921,2166292535,1048575,49171,0,2
973136924,1050,136,0,-110640,297,0,0,22,0,0,1,9,5,1650,3261,973137002,2166292534,1048575,1,0,2
973137874,950,136,0,-110640,245,0,0,22,0,0,1,9,5,1650,3261,973137912,2166292534,1048575,361,0,2
973138860,986,136,0,-110640,240,0,0,22,0,0,1,9,5,1650,3261,973138894,2166292534,1048575,1344,0,2
973139854,994,136,0,-110640,227,0,0,22,0,0,1,9,5,1650,3261,973139879,2166292534,1048575,2330,0,2
973140850,996,136,0,-110640,225,0,0,22,0,0,1,9,5,1650,3261,973140876,2166292534,1048575,3327,0,2
973141848,998,136,0,-110640,226,0,0,22,0,0,1,9,5,1650,3261,973141874,2166292534,1048575,4325,0,2
973142857,1009,136,0,-110640,233,0,0,22,0,0,1,9,5,1650,3261,973142888,2166292534,1048575,5339,0,2
973143850,993,136,0,-110640,228,0,0,22,0,0,1,9,5,1650,3261,973143874,2166292534,1048575,6324,0,2
973144845,995,136,0,-110640,226,0,0,22,0,0,1,9,5,1650,3261,973144871,2166292534,1048575,7322,0,2
973145934,1089,136,0,-110640,314,0,0,22,0,0,1,9,5,1650,3261,973146029,2166292534,1048575,8495,0,2
973147022,1088,136,0,-110640,396,0,0,22,0,0,1,9,5,1650,3261,973147120,2166292534,1048575,9594,0,2
973147892,870,136,0,-110640,266,0,0,22,0,0,1,9,5,1650,3261,973147959,2166292534,1048575,10417,0,2
973148889,997,136,0,-110640,264,0,0,22,0,0,1,9,5,1650,3261,973148952,2166292534,1048575,11412,0,2
973149874,985,136,0,-110640,247,0,0,22,0,0,1,9,5,1650,3261,973149921,2166292534,1048575,12373,0,2
973150893,1019,136,0,-110640,263,0,0,22,0,0,1,9,5,1650,3261,973150958,2166292534,1048575,13419,0,2
973151878,985,136,0,-110640,249,0,0,22,0,0,1,9,5,1650,3261,973151924,2166292534,1048575,14375,0,2
973152872,994,136,0,-110640,245,0,0,22,0,0,1,9,5,1650,3261,973152935,2166292534,1048575,15400,0,2
973153868,996,136,0,-110640,249,0,0,22,0,0,1,9,5,1650,3261,973153901,2166292534,1048575,16354,0,2
973154873,1005,136,0,-110640,254,0,0,22,0,0,1,9,5,1650,3261,973154935,2166292534,1048575,17400,0,2
973155876,1003,136,0,-110640,252,0,0,22,0,0,1,9,5,1650,3261,973155927,2166292534,1048575,18386,0,2
973156917,1041,136,0,-110640,296,0,0,22,0,0,1,9,5,1650,3261,973156996,2166292534,1048575,19463,0,2
973157868,951,136,0,-110640,238,0,0,22,0,0,1,9,5,1650,3261,973157899,2166292534,1048575,20352,0,2
973158860,992,136,0,-110640,235,0,0,22,0,0,1,9,5,1650,3261,973158892,2166292534,1048575,21343,0,2
973159854,994,136,0,-110640,228,0,0,22,0,0,1,9,5,1650,3261,973159878,2166292534,1048575,22329,0,2
973160850,996,136,0,-110640,225,0,0,22,0,0,1,9,5,1650,3261,973160876,2166292534,1048575,23328,0,2
973161849,999,136,0,-110640,225,0,0,22,0,0,1,9,5,1650,3261,973161875,2166292534,1048575,24326,0,2
973162857,1008,136,0,-110640,233,0,0,22,0,0,1,9,5,1650,3261,973162889,2166292534,1048575,25339,0,2
973163850,993,136,0,-110640,228,0,0,22,0,0,1,9,5,1650,3261,973163874,2166292534,1048575,26325,0,2
973164845,995,136,0,-110640,225,0,0,22,0,0,1,9,5,1650,3261,973164871,2166292534,1048575,27321,0,2
973165945,1100,136,0,-110640,317,0,0,22,0,0,1,9,5,1650,3261,973166036,2166292534,1048575,28504,0,2
973167002,1057,136,0,-110640,365,0,0,22,0,0,1,9,5,1650,3261,973167108,2166292534,1048575,29583,0,2
973167904,902,136,0,-110640,276,0,0,22,0,0,1,9,5,1650,3261,973167967,2166292534,1048575,30427,0,2
973168878,974,136,0,-110640,256,0,0,22,0,0,1,9,5,1650,3261,973168949,2166292534,1048575,31413,0,2
973169875,997,136,0,-110640,255,0,0,22,0,0,1,9,5,1650,3261,973169925,2166292534,1048575,32380,0,2
973170892,1017,136,0,-110640,259,0,0,22,0,0,1,9,5,1650,3261,973170957,2166292534,1048575,33416,0,2
973171882,990,136,0,-110640,256,0,0,22,0,0,1,9,5,1650,3261,973171917,2166292534,1048575,34368,0,2
973172863,981,136,0,-110640,237,0,0,22,0,0,1,9,5,1650,3261,973172923,2166292534,1048575,35387,0,2
973173876,1013,136,0,-110640,252,0,0,22,0,0,1,9,5,1650,3261,973173916,2166292534,1048575,36371,0,2
973174873,997,136,0,-110640,251,0,0,22,0,0,1,9,5,1650,3261,973174937,2166292534,1048575,37402,0,2
973175886,1013,136,0,-110640,259,0,0,22,0,0,1,9,5,1650,3261,973175939,2166292534,1048575,38400,0,2
973176920,1034,136,0,-110640,292,0,0,22,0,0,1,9,5,1650,3261,973176995,2166292534,1048575,39462,0,2
973177860,940,136,0,-110640,235,0,0,22,0,0,1,9,5,1650,3261,973177884,2166292534,1048575,40338,0,2
973178854,994,136,0,-110640,235,0,0,22,0,0,1,9,5,1650,3261,973178887,2166292534,1048575,41339,0,2
973179851,997,136,0,-110640,225,0,0,22,0,0,1,9,5,1650,3261,973179873,2166292534,1048575,42323,0,2
973180847,996,136,0,-110640,229,0,0,22,0,0,1,9,5,1650,3261,973180875,2166292534,1048575,43327,0,2
973181848,1001,136,0,-110640,226,0,0,22,0,0,1,9,5,1650,3261,973181873,2166292534,1048575,44325,0,2
973182854,1006,136,0,-110640,231,0,0,22,0,0,1,9,5,1650,3261,973182886,2166292534,1048575,45338,0,2
973183846,992,136,0,-110640,225,0,0,22,0,0,1,9,5,1650,3261,973183868,2166292534,1048575,46317,0,2
973184857,1011,136,0,-110640,229,0,0,22,0,0,1,9,5,1650,3261,973184889,2166292534,1048575,47345,0,2
973185945,1088,136,0,-110640,312,0,0,22,0,0,1,9,5,1650,3261,973186043,2166292534,1048575,48510,0,2
973187010,1065,136,0,-110640,381,0,0,22,0,0,1,9,5,1650,3261,973187111,2166292534,1048575,49586,0,2
973187903,893,136,0,-110640,272,0,0,22,0,0,1,9,5,1650,3261,973187966,2166292537,1048575,1,0,2
973188909,1006,136,0,-110640,277,0,0,22,0,0,1,9,5,1650,3261,973188974,2166292537,1048575,457,0,2
973189877,968,136,0,-110640,254,0,0,22,0,0,1,9,5,1650,3261,973189923,2166292537,1048575,1400,0,2
973190882,1005,136,0,-110640,258,0,0,22,0,0,1,9,5,1650,3261,973190959,2166292537,1048575,2443,0,2
973191890,1008,136,0,-110640,259,0,0,22,0,0,1,9,5,1650,3261,973191920,2166292537,1048575,3394,0,2
973192857,967,136,0,-110640,235,0,0,22,0,0,1,9,5,1650,3261,973192914,2166292537,1048575,4404,0,2
973193881,1024,136,0,-110640,251,0,0,22,0,0,1,9,5,1650,3261,973193919,2166292537,1048575,5399,0,2
973194879,998,136,0,-110640,248,0,0,22,0,0,1,9,5,1650,3261,973194944,2166292537,1048575,6428,0,2
973195886,1007,136,0,-110640,256,0,0,22,0,0,1,9,5,1650,3261,973195934,2166292537,1048575,7414,0,2
973196918,1032,136,0,-110640,300,0,0,22,0,0,1,9,5,1650,3261,973196993,2166292537,1048575,8485,0,2
973197859,941,136,0,-110640,234,0,0,22,0,0,1,9,5,1650,3261,973197881,2166292537,1048575,9357,0,2
973198871,1012,136,0,-110640,239,0,0,22,0,0,1,9,5,1650,3261,973198906,2166292537,1048575,10382,0,2
973199854,983,136,0,-110640,224,0,0,22,0,0,1,9,5,1650,3261,973199877,2166292537,1048575,11349,0,2
973200847,993,136,0,-110640,226,0,0,22,0,0,1,9,5,1650,3261,973200872,2166292537,1048575,12347,0,2
973201844,997,136,0,-110640,225,0,0,22,0,0,1,9,5,1650,3261,973201870,2166292537,1048575,13344,0,2
973202857,1013,136,0,-110640,236,0,0,22,0,0,1,9,5,1650,3261,973202890,2166292537,1048575,14365,0,2
973203850,993,136,0,-110640,225,0,0,22,0,0,1,9,5,1650,3261,973203872,2166292537,1048575,15345,0,2
973204857,1007,136,0,-110640,225,0,0,22,0,0,1,9,5,1650,3261,973204885,2166292537,1048575,16362,0,2
973205938,1081,136,0,-110640,314,0,0,22,0,0,1,9,5,1650,3261,973206033,2166292537,1048575,17522,0,2
973207016,1078,136,0,-110640,389,0,0,22,0,0,1,9,5,1650,3261,973207116,2166292537,1048575,18613,0,2
973207904,888,136,0,-110640,271,0,0,22,0,0,1,9,5,1650,3261,973207968,2166292537,1048575,19454,0,2
973208874,970,136,0,-110640,255,0,0,22,0,0,1,9,5,1650,3261,973208945,2166292537,1048575,20432,0,2
973209889,1015,136,0,-110640,257,0,0,22,0,0,1,9,5,1650,3261,973209933,2166292537,1048575,21415,0,2
973210881,992,136,0,-110640,259,0,0,22,0,0,1,9,5,1650,3261,973210948,2166292537,1048575,22432,0,2
973211866,985,136,0,-110640,248,0,0,22,0,0,1,9,5,1650,3261,973211907,2166292537,1048575,23381,0,2
973212866,1000,136,0,-110640,241,0,0,22,0,0,1,9,5,1650,3261,973212928,2166292537,1048575,24417,0,2
973213901,1035,136,0,-110640,268,0,0,22,0,0,1,9,5,1650,3261,973213958,2166292537,1048575,25440,0,2
973214894,993,136,0,-110640,263,0,0,22,0,0,1,9,5,1650,3261,973214967,2166292537,1048575,26450,0,2
973215881,987,136,0,-110640,253,0,0,22,0,0,1,9,5,1650,3261,973215930,2166292537,1048575,27409,0,2
973216927,1046,136,0,-110640,301,0,0,22,0,0,1,9,5,1650,3261,973217000,2166292537,1048575,28490,0,2
973217866,939,136,0,-110640,236,0,0,22,0,0,1,9,5,1650,3261,973217897,2166292537,1048575,29372,0,2
973218864,998,136,0,-110640,240,0,0,22,0,0,1,9,5,1650,3261,973218898,2166292537,1048575,30372,0,2
973219842,978,136,0,-110640,224,0,0,22,0,0,1,9,5,1650,3261,973219864,2166292537,1048575,31336,0,2
973220849,1007,136,0,-110640,225,0,0,22,0,0,1,9,5,1650,3261,973220875,2166292537,1048575,32349,0,2
973221846,997,136,0,-110640,225,0,0,22,0,0,1,9,5,1650,3261,973221872,2166292537,1048575,33346,0,2
973222857,1011,136,0,-110640,236,0,0,22,0,0,1,9,5,1650,3261,973222892,2166292537,1048575,34366,0,2
973223850,993,136,0,-110640,224,0,0,22,0,0,1,9,5,1650,3261,973223873,2166292537,1048575,35344,0,2
973224857,1007,136,0,-110640,225,0,0,22,0,0,1,9,5,1650,3261,973224886,2166292537,1048575,36365,0,2
973225938,1081,136,0,-110640,313,0,0,22,0,0,1,9,5,1650,3261,973226034,2166292537,1048575,37523,0,2
973227023,1085,136,0,-110640,381,0,0,22,0,0,1,9,5,1650,3261,973227124,2166292537,1048575,38620,0,2
973227903,880,136,0,-110640,272,0,0,22,0,0,1,9,5,1650,3261,973227968,2166292537,1048575,39453,0,2
973228892,989,136,0,-110640,260,0,0,22,0,0,1,9,5,1650,3261,973228961,2166292537,1048575,40443,0,2
973229872,980,136,0,-110640,252,0,0,22,0,0,1,9,5,1650,3261,973229917,2166292537,1048575,41393,0,2
973230879,1007,136,0,-110640,253,0,0,22,0,0,1,9,5,1650,3261,973230941,2166292537,1048575,42424,0,2
973231881,1002,136,0,-110640,255,0,0,22,0,0,1,9,5,1650,3261,973231921,2166292537,1048575,43395,0,2
973232856,975,136,0,-110640,236,0,0,22,0,0,1,9,5,1650,3261,973232915,2166292537,1048575,44408,0,2
973233878,1022,136,0,-110640,253,0,0,22,0,0,1,9,5,1650,3261,973233917,2166292537,1048575,45392,0,2
973234889,1011,136,0,-110640,258,0,0,22,0,0,1,9,5,1650,3261,973234952,2166292537,1048575,46435,0,2
973235874,985,136,0,-110640,250,0,0,22,0,0,1,9,5,1650,3261,973235926,2166292537,1048575,47408,0,2
973236920,1046,136,0,-110640,297,0,0,22,0,0,1,9,5,1650,3261,973236996,2166292537,1048575,48486,0,2
973237860,940,136,0,-110640,237,0,0,22,0,0,1,9,5,1650,3261,973237884,2166292537,1048575,49360,0,2
973238855,995,136,0,-110640,235,0,0,22,0,0,1,9,5,1650,3261,973238888,2166292536,1048575,1,0,2
973239858,1003,136,0,-110640,236,0,0,22,0,0,1,9,5,1650,3261,973239886,2166292536,1048575,466,0,2
973240856,998,136,0,-110640,232,0,0,22,0,0,1,9,5,1650,3261,973240889,2166292536,1048575,1469,0,2
973241845,989,136,0,-110640,223,0,0,22,0,0,1,9,5,1650,3261,973241867,2166292536,1048575,2446,0,2
973242856,1011,136,0,-110640,233,0,0,22,0,0,1,9,5,1650,3261,973242888,2166292536,1048575,3468,0,2
973243847,991,136,0,-110640,227,0,0,22,0,0,1,9,5,1650,3261,973243872,2166292536,1048575,4452,0,2
973244858,1011,136,0,-110640,225,0,0,22,0,0,1,9,5,1650,3261,973244888,2166292536,1048575,5471,0,2
973245948,1090,136,0,-110640,320,0,0,22,0,0,1,9,5,1650,3261,973246041,2166292536,1048575,6637,0,2
973247019,1071,136,0,-110640,395,0,0,22,0,0,1,9,5,1650,3261,973247124,2166292536,1048575,7732,0,2
973247899,880,136,0,-110640,276,0,0,22,0,0,1,9,5,1650,3261,973247964,2166292536,1048575,8554,0,2
973248881,982,136,0,-110640,255,0,0,22,0,0,1,9,5,1650,3261,973248953,2166292536,1048575,9544,0,2
973249887,1006,136,0,-110640,256,0,0,22,0,0,1,9,5,1650,3261,973249930,2166292536,1048575,10518,0,2
973250882,995,136,0,-110640,257,0,0,22,0,0,1,9,5,1650,3261,973250951,2166292536,1048575,11542,0,2
973251871,989,136,0,-110640,250,0,0,22,0,0,1,9,5,1650,3261,973251918,2166292536,1048575,12502,0,2
973252869,998,136,0,-110640,242,0,0,22,0,0,1,9,5,1650,3261,973252929,2166292536,1048575,13523,0,2
973253882,1013,136,0,-110640,253,0,0,22,0,0,1,9,5,1650,3261,973253916,2166292536,1048575,14501,0,2
973254876,994,136,0,-110640,253,0,0,22,0,0,1,9,5,1650,3261,973254945,2166292536,1048575,15536,0,2
973255872,996,136,0,-110640,253,0,0,22,0,0,1,9,5,1650,3261,973255921,2166292536,1048575,16503,0,2
973256922,1050,136,0,-110640,298,0,0,22,0,0,1,9,5,1650,3261,973256999,2166292536,1048575,17596,0,2
973257865,943,136,0,-110640,237,0,0,22,0,0,1,9,5,1650,3261,973257896,2166292536,1048575,18478,0,2
973258856,991,136,0,-110640,236,0,0,22,0,0,1,9,5,1650,3261,973258888,2166292536,1048575,19468,0,2
973259849,993,136,0,-110640,227,0,0,22,0,0,1,9,5,1650,3261,973259874,2166292536,1048575,20454,0,2
973260844,995,136,0,-110640,225,0,0,22,0,0,1,9,5,1650,3261,973260871,2166292536,1048575,21451,0,2
973261857,1013,136,0,-110640,225,0,0,22,0,0,1,9,5,1650,3261,973261885,2166292536,1048575,22469,0,2
973262857,1000,136,0,-110640,233,0,0,22,0,0,1,9,5,1650,3261,973262889,2166292536,1048575,23469,0,2
973263850,993,136,0,-110640,228,0,0,22,0,0,1,9,5,1650,3261,973263874,2166292536,1048575,24454,0,2
973264844,994,136,0,-110640,225,0,0,22,0,0,1,9,5,1650,3261,973264871,2166292536,1048575,25451,0,2
973265930,1086,136,0,-110640,312,0,0,22,0,0,1,9,5,1650,3261,973266022,2166292536,1048575,26617,0,2
973267011,1081,136,0,-110640,374,0,0,22,0,0,1,9,5,1650,3261,973267113,2166292536,1048575,27717,0,2
973267890,879,136,0,-110640,270,0,0,22,0,0,1,9,5,1650,3261,973267954,2166292536,1048575,28542,0,2
973268892,1002,136,0,-110640,261,0,0,22,0,0,1,9,5,1650,3261,973268951,2166292536,1048575,29540,0,2
973269872,980,136,0,-110640,249,0,0,22,0,0,1,9,5,1650,3261,973269916,2166292536,1048575,30498,0,2
973270876,1004,136,0,-110640,253,0,0,22,0,0,1,9,5,1650,3261,973270939,2166292536,1048575,31530,0,2
973271883,1007,136,0,-110640,255,0,0,22,0,0,1,9,5,1650,3261,973271914,2166292536,1048575,32494,0,2
973272867,984,136,0,-110640,239,0,0,22,0,0,1,9,5,1650,3261,973272928,2166292536,1048575,33522,0,2
973273880,1013,136,0,-110640,250,0,0,22,0,0,1,9,5,1650,3261,973273918,2166292536,1048575,34501,0,2
973274879,999,136,0,-110640,254,0,0,22,0,0,1,9,5,1650,3261,973274945,2166292536,1048575,35535,0,2
973275867,988,136,0,-110640,249,0,0,22,0,0,1,9,5,1650,3261,973275913,2166292536,1048575,36500,0,2
973276917,1050,136,0,-110640,295,0,0,22,0,0,1,9,5,1650,3261,973276993,2166292536,1048575,37590,0,2
973277856,939,136,0,-110640,237,0,0,22,0,0,1,9,5,1650,3261,973277878,2166292536,1048575,38462,0,2
973278867,1011,136,0,-110640,235,0,0,22,0,0,1,9,5,1650,3261,973278901,2166292536,1048575,39481,0,2
973279849,982,136,0,-110640,228,0,0,22,0,0,1,9,5,1650,3261,973279874,2166292536,1048575,40453,0,2
973280844,995,136,0,-110640,225,0,0,22,0,0,1,9,5,1650,3261,973280870,2166292536,1048575,41451,0,2
973281858,1014,136,0,-110640,226,0,0,22,0,0,1,9,5,1650,3261,973281886,2166292536,1048575,42468,0,2
973282858,1000,136,0,-110640,233,0,0,22,0,0,1,9,5,1650,3261,973282889,2166292536,1048575,43469,0,2
973283850,992,136,0,-110640,228,0,0,22,0,0,1,9,5,1650,3261,973283874,2166292536,1048575,44455,0,2
973284845,995,136,0,-110640,225,0,0,22,0,0,1,9,5,1650,3261,973284871,2166292536,1048575,45451,0,2
973285947,1102,136,0,-110640,316,0,0,22,0,0,1,9,5,1650,3261,973286039,2166292536,1048575,46636,0,2
973287007,1060,136,0,-110640,373,0,0,22,0,0,1,9,5,1650,3261,973287111,2166292536,1048575,47718,0,2
973287900,893,136,0,-110640,274,0,0,22,0,0,1,9,5,1650,3261,973287963,2166292536,1048575,48553,0,2
973288876,976,136,0,-110640,252,0,0,22,0,0,1,9,5,1650,3261,973288945,2166292536,1048575,49539,0,2
973289871,995,136,0,-110640,251,0,0,22,0,0,1,9,5,1650,3261,973289917,2166292536,1048575,0,0,2
973290901,1030,136,0,-110640,279,0,0,22,0,0,1,9,5,1650,3261,973290969,2166292536,1048575,501,0,2
973291892,991,136,0,-110640,267,0,0,22,0,0,1,9,5,1650,3261,973291925,2166292536,1048575,1446,0,2
973292855,963,136,0,-110640,234,0,0,22,0,0,1,9,5,1650,3261,973292910,2166292536,1048575,2443,0,2
973293890,1035,136,0,-110640,260,0,0,22,0,0,1,9,5,1650,3261,973293930,2166292536,1048575,3461,0,2
973294881,991,136,0,-110640,251,0,0,22,0,0,1,9,5,1650,3261,973294951,2166292536,1048575,4484,0,2
973295875,994,136,0,-110640,253,0,0,22,0,0,1,9,5,1650,3261,973295923,2166292536,1048575,5449,0,2
973296920,1045,136,0,-110640,298,0,0,22,0,0,1,9,5,1650,3261,973296991,2166292536,1048575,6528,0,2
973297854,934,136,0,-110640,236,0,0,22,0,0,1,9,5,1650,3261,973297876,2166292536,1048575,7396,0,2
973298866,1012,136,0,-110640,235,0,0,22,0,0,1,9,5,1650,3261,973298896,2166292536,1048575,8416,0,2
973299864,998,136,0,-110640,232,0,0,22,0,0,1,9,5,1650,3261,973299892,2166292536,1048575,9412,0,2
973300847,983,136,0,-110640,225,0,0,22,0,0,1,9,5,1650,3261,973300873,2166292536,1048575,10393,0,2
973301843,996,136,0,-110640,225,0,0,22,0,0,1,9,5,1650,3261,973301870,2166292536,1048575,11391,0,2
973302851,1008,136,0,-110640,230,0,0,22,0,0,1,9,5,1650,3261,973302879,2166292536,1048575,12403,0,2
973303864,1013,136,0,-110640,234,0,0,22,0,0,1,9,5,1650,3261,973303894,2166292536,1048575,13415,0,2
973304849,985,136,0,-110640,222,0,0,22,0,0,1,9,5,1650,3261,973304871,2166292536,1048575,14391,0,2
973305936,1087,136,0,-110640,316,0,0,22,0,0,1,9,5,1650,3261,973306032,2166292536,1048575,15570,0,2
973307006,1070,136,0,-110640,378,0,0,22,0,0,1,9,5,1650,3261,973307107,2166292536,1048575,16653,0,2
973307894,888,136,0,-110640,268,0,0,22,0,0,1,9,5,1650,3261,973307962,2166292536,1048575,17490,0,2
973308891,997,136,0,-110640,261,0,0,22,0,0,1,9,5,1650,3261,973308959,2166292536,1048575,18487,0,2
973309872,981,136,0,-110640,253,0,0,22,0,0,1,9,5,1650,3261,973309918,2166292536,1048575,19438,0,2
973310889,1017,136,0,-110640,257,0,0,22,0,0,1,9,5,1650,3261,973310948,2166292536,1048575,20479,0,2
973311872,983,136,0,-110640,254,0,0,22,0,0,1,9,5,1650,3261,973311910,2166292536,1048575,21431,0,2
973312866,994,136,0,-110640,237,0,0,22,0,0,1,9,5,1650,3261,973312924,2166292536,1048575,22460,0,2
973313873,1007,136,0,-110640,248,0,0,22,0,0,1,9,5,1650,3261,973313912,2166292536,1048575,23433,0,2
973314881,1008,136,0,-110640,255,0,0,22,0,0,1,9,5,1650,3261,973314951,2166292536,1048575,24482,0,2
973315872,991,136,0,-110640,249,0,0,22,0,0,1,9,5,1650,3261,973315921,2166292536,1048575,25446,0,2
973316922,1050,136,0,-110640,294,0,0,22,0,0,1,9,5,1650,3261,973317001,2166292536,1048575,26539,0,2
973317855,933,136,0,-110640,237,0,0,22,0,0,1,9,5,1650,3261,973317877,2166292536,1048575,27397,0,2
973318866,1011,136,0,-110640,237,0,0,22,0,0,1,9,5,1650,3261,973318899,2166292536,1048575,28419,0,2
973319847,981,136,0,-110640,227,0,0,22,0,0,1,9,5,1650,3261,973319872,2166292536,1048575,29392,0,2
973320857,1010,136,0,-110640,225,0,0,22,0,0,1,9,5,1650,3261,973320884,2166292536,1048575,30404,0,2
973321853,996,136,0,-110640,222,0,0,22,0,0,1,9,5,1650,3261,973321875,2166292536,1048575,31395,0,2
973322854,1001,136,0,-110640,233,0,0,22,0,0,1,9,5,1650,3261,973322886,2166292536,1048575,32406,0,2
973323847,993,136,0,-110640,228,0,0,22,0,0,1,9,5,1650,3261,973323871,2166292536,1048575,33392,0,2
973324857,1010,136,0,-110640,225,0,0,22,0,0,1,9,5,1650,3261,973324886,2166292536,1048575,34409,0,2
973325933,1076,136,0,-110640,313,0,0,22,0,0,1,9,5,1650,3261,973326023,2166292536,1048575,35559,0,2
973327011,1078,136,0,-110640,372,0,0,22,0,0,1,9,5,1650,3261,973327115,2166292536,1048575,36661,0,2
973327896,885,136,0,-110640,269,0,0,22,0,0,1,9,5,1650,3261,973327966,2166292536,1048575,37496,0,2
973328878,982,136,0,-110640,258,0,0,22,0,0,1,9,5,1650,3261,973328951,2166292536,1048575,38485,0,2
973329887,1009,136,0,-110640,259,0,0,22,0,0,1,9,5,1650,3261,973329932,2166292536,1048575,39459,0,2
973330890,1003,136,0,-110640,264,0,0,22,0,0,1,9,5,1650,3261,973330952,2166292536,1048575,40483,0,2
973331874,984,136,0,-110640,248,0,0,22,0,0,1,9,5,1650,3261,973331909,2166292536,1048575,41430,0,2
973332867,993,136,0,-110640,240,0,0,22,0,0,1,9,5,1650,3261,973332925,2166292536,1048575,42459,0,2
973333872,1005,136,0,-110640,245,0,0,22,0,0,1,9,5,1650,3261,973333910,2166292536,1048575,43431,0,2
973334890,1018,136,0,-110640,261,0,0,22,0,0,1,9,5,1650,3261,973334954,2166292536,1048575,44485,0,2
973335880,990,136,0,-110640,249,0,0,22,0,0,1,9,5,1650,3261,973335927,2166292536,1048575,45455,0,2
973336928,1048,136,0,-110640,296,0,0,22,0,0,1,9,5,1650,3261,973337002,2166292536,1048575,46539,0,2
973337865,937,136,0,-110640,238,0,0,22,0,0,1,9,5,1650,3261,973337896,2166292536,1048575,47418,0,2
973338860,995,136,0,-110640,240,0,0,22,0,0,1,9,5,1650,3261,973338894,2166292536,1048575,48416,0,2
973339854,994,136,0,-110640,225,0,0,22,0,0,1,9,5,1650,3261,973339876,2166292536,1048575,49395,0,2
973340845,991,136,0,-110640,225,0,0,22,0,0,1,9,5,1650,3261,973340871,2166292536,1048575,1,0,2
973341858,1013,136,0,-110640,235,0,0,22,0,0,1,9,5,1650,3261,973341891,2166292536,1048575,487,0,2
973342859,1001,136,0,-110640,237,0,0,22,0,0,1,9,5,1650,3261,973342895,2166292536,1048575,1489,0,2
973343854,995,136,0,-110640,224,0,0,22,0,0,1,9,5,1650,3261,973343876,2166292536,1048575,2468,0,2
973344846,992,136,0,-110640,226,0,0,22,0,0,1,9,5,1650,3261,973344872,2166292536,1048575,3466,0,2
973345945,1099,136,0,-110640,315,0,0,22,0,0,1,9,5,1650,3261,973346038,2166292536,1048575,4648,0,2
973347025,1080,136,0,-110640,391,0,0,22,0,0,1,9,5,1650,3261,973347129,2166292536,1048575,5744,0,2
973347887,862,136,0,-110640,260,0,0,22,0,0,1,9,5,1650,3261,973347949,2166292536,1048575,6551,0,2
973348891,1004,136,0,-110640,263,0,0,22,0,0,1,9,5,1650,3261,973348951,2166292536,1048575,7554,0,2
973349874,983,136,0,-110640,249,0,0,22,0,0,1,9,5,1650,3261,973349917,2166292536,1048575,8513,0,2
973350885,1011,136,0,-110640,263,0,0,22,0,0,1,9,5,1650,3261,973350949,2166292536,1048575,9552,0,2
973351867,982,136,0,-110640,248,0,0,22,0,0,1,9,5,1650,3261,973351909,2166292536,1048575,10503,0,2
973352865,998,136,0,-110640,240,0,0,22,0,0,1,9,5,1650,3261,973352924,2166292536,1048575,11532,0,2
973353874,1009,136,0,-110640,250,0,0,22,0,0,1,9,5,1650,3261,973353913,2166292536,1048575,12510,0,2
973354877,1003,136,0,-110640,254,0,0,22,0,0,1,9,5,1650,3261,973354940,2166292536,1048575,13543,0,2
973355873,996,136,0,-110640,248,0,0,22,0,0,1,9,5,1650,3261,973355919,2166292536,1048575,14517,0,2
973356928,1055,136,0,-110640,297,0,0,22,0,0,1,9,5,1650,3261,973357006,2166292536,1048575,15616,0,2
973357858,930,136,0,-110640,239,0,0,22,0,0,1,9,5,1650,3261,973357880,2166292536,1048575,16477,0,2
973358853,995,136,0,-110640,235,0,0,22,0,0,1,9,5,1650,3261,973358886,2166292536,1048575,17479,0,2
973359847,994,136,0,-110640,228,0,0,22,0,0,1,9,5,1650,3261,973359871,2166292536,1048575,18464,0,2
973360857,1010,136,0,-110640,226,0,0,22,0,0,1,9,5,1650,3261,973360883,2166292536,1048575,19477,0,2
973361853,996,136,0,-110640,223,0,0,22,0,0,1,9,5,1650,3261,973361875,2166292536,1048575,20467,0,2
973362854,1001,136,0,-110640,233,0,0,22,0,0,1,9,5,1650,3261,973362886,2166292536,1048575,21479,0,2
973363847,993,136,0,-110640,228,0,0,22,0,0,1,9,5,1650,3261,973363871,2166292536,1048575,22465,0,2
973364857,1010,136,0,-110640,225,0,0,22,0,0,1,9,5,1650,3261,973364886,2166292536,1048575,23482,0,2
973365944,1087,136,0,-110640,313,0,0,22,0,0,1,9,5,1650,3261,973366037,2166292536,1048575,24646,0,2
973367014,1070,136,0,-110640,381,0,0,22,0,0,1,9,5,1650,3261,973367119,2166292536,1048575,25739,0,2
973367890,876,136,0,-110640,269,0,0,22,0,0,1,9,5,1650,3261,973367954,2166292536,1048575,26554,0,2
973368879,989,136,0,-110640,260,0,0,22,0,0,1,9,5,1650,3261,973368945,2166292536,1048575,27549,0,2
973369867,988,136,0,-110640,248,0,0,22,0,0,1,9,5,1650,3261,973369908,2166292536,1048575,28506,0,2
973370874,1007,136,0,-110640,256,0,0,22,0,0,1,9,5,1650,3261,973370940,2166292536,1048575,29548,0,2
973371878,1004,136,0,-110640,251,0,0,22,0,0,1,9,5,1650,3261,973371916,2166292536,1048575,30510,0,2
973372860,982,136,0,-110640,242,0,0,22,0,0,1,9,5,1650,3261,973372922,2166292536,1048575,31531,0,2
973373876,1016,136,0,-110640,249,0,0,22,0,0,1,9,5,1650,3261,973373915,2166292536,1048575,32515,0,2
973374888,1012,136,0,-110640,260,0,0,22,0,0,1,9,5,1650,3261,973374954,2166292536,1048575,33558,0,2
973375874,986,137,1,-110641,247,0,-8,22,0,0,1,9,5,1650,3261,973375919,2166292536,1048575,34515,0,2
973376914,1040,136,-1,-110640,295,0,0,22,0,0,1,9,5,1650,3261,973376992,2166292536,1048575,35602,0,2
973377863,949,137,1,-110641,237,-1,-8,22,0,0,1,9,5,1650,3261,973377894,2166292536,1048575,36492,0,2
973378858,995,137,0,-110641,237,-1,-8,22,0,0,1,9,5,1650,3261,973378889,2166292536,1048575,37483,0,2
973379851,993,137,0,-110641,228,-1,-8,22,0,0,1,9,5,1650,3261,973379876,2166292536,1048575,38470,0,2
973380847,996,136,-1,-110640,225,-1,0,22,0,0,1,9,5,1650,3261,973380873,2166292536,1048575,39466,0,2
973381843,996,136,0,-110640,225,-1,0,22,0,0,1,9,5,1650,3261,973381870,2166292536,1048575,40464,0,2
973382854,1011,136,0,-110640,233,-1,0,22,0,0,1,9,5,1650,3261,973382887,2166292536,1048575,41480,0,2
973383847,993,137,1,-110641,227,-1,-8,22,0,0,1,9,5,1650,3261,973383872,2166292536,1048575,42465,0,2
973384843,996,137,0,-110641,225,-2,-8,22,0,0,1,9,5,1650,3261,973384869,2166292536,1048575,43463,0,2
973385941,1098,137,0,-110641,312,-2,-8,22,0,0,1,9,5,1650,3261,973386035,2166292536,1048575,44645,0,2
973387016,1075,137,0,-110641,375,-2,-8,22,0,0,1,9,5,1650,3261,973387120,2166292536,1048575,45737,0,2
973387897,881,137,0,-110641,268,-2,-8,22,0,0,1,9,5,1650,3261,973387961,2166292536,1048575,46562,0,2
973388877,980,137,0,-110641,255,-3,-8,22,0,0,1,9,5,1650,3261,973388947,2166292536,1048575,47553,0,2
973389872,995,137,0,-110641,254,-3,-8,22,0,0,1,9,5,1650,3261,973389922,2166292536,1048575,48515,0,2
973390888,1016,137,0,-110641,259,-3,-8,22,0,0,1,9,5,1650,3261,973390945,2166292536,1048575,49549,0,2
973391884,996,137,0,-110641,252,-3,-8,22,0,0,1,9,5,1650,3261,973391914,2166292535,1048575,1,0,2
973392877,993,137,0,-110641,253,-3,-8,22,0,0,1,9,5,1650,3261,973392954,2166292535,1048575,503,0,2
973393877,1000,137,0,-110641,255,-4,-8,22,0,0,1,9,5,1650,3261,973393919,2166292535,1048575,1456,0,2
973394888,1011,137,0,-110641,255,-4,-8,22,0,0,1,9,5,1650,3261,973394950,2166292535,1048575,2496,0,2
973395884,996,137,0,-110641,258,-4,-8,22,0,0,1,9,5,1650,3261,973395926,2166292535,1048575,3468,0,2
973396915,1031,137,0,-110641,294,-4,-8,22,0,0,1,9,5,1650,3261,973396989,2166292535,1048575,4542,0,2
973397855,940,137,0,-110641,237,-4,-8,22,0,0,1,9,5,1650,3261,973397877,2166292535,1048575,5417,0,2
973398857,1002,137,0,-110641,237,-4,-8,22,0,0,1,9,5,1650,3261,973398890,2166292535,1048575,6426,0,2
973399854,997,137,0,-110641,227,-4,-8,22,0,0,1,9,5,1650,3261,973399879,2166292535,1048575,7416,0,2
973400851,997,137,0,-110641,225,-5,-8,22,0,0,1,9,5,1650,3261,973400877,2166292535,1048575,8416,0,2
973401851,1000,137,0,-110641,225,-5,-8,22,0,0,1,9,5,1650,3261,973401877,2166292535,1048575,9415,0,2
973402860,1009,137,0,-110641,233,-5,-8,22,0,0,1,9,5,1650,3261,973402890,2166292535,1048575,10426,0,2
973403852,992,137,0,-110641,227,-5,-8,22,0,0,1,9,5,1650,3261,973403877,2166292535,1048575,11414,0,2
973404850,998,137,0,-110641,226,-5,-8,22,0,0,1,9,5,1650,3261,973404875,2166292535,1048575,12412,0,2
973405934,1084,137,0,-110641,314,-5,0,22,0,0,1,9,5,1650,3261,973406025,2166292535,1048575,13575,0,2
973407002,1068,137,0,-110641,376,-5,-8,22,0,0,1,9,5,1650,3261,973407105,2166292535,1048575,14667,0,2
973407898,896,137,0,-110641,269,-5,0,22,0,0,1,9,5,1650,3261,973407967,2166292535,1048575,15511,0,2
973408890,992,137,0,-110641,262,-5,0,22,0,0,1,9,5,1650,3261,973408962,2166292535,1048575,16507,0,2
973409874,984,137,0,-110641,253,-4,0,22,0,0,1,9,5,1650,3261,973409921,2166292535,1048575,17457,0,2
973410882,1008,137,0,-110641,255,-5,-8,22,0,0,1,9,5,1650,3261,973410947,2166292535,1048575,18492,0,2
973411869,987,137,0,-110641,251,-5,-8,22,0,0,1,9,5,1650,3261,973411902,2166292535,1048575,19438,0,2
973412862,993,137,0,-110641,238,-5,-8,22,0,0,1,9,5,1650,3261,973412920,2166292535,1048575,20469,0,2
973413876,1014,137,0,-110641,254,-5,0,22,0,0,1,9,5,1650,3261,973413916,2166292535,1048575,21455,0,2
973414874,998,137,0,-110641,251,-5,0,22,0,0,1,9,5,1650,3261,973414938,2166292535,1048575,22489,0,2
973415885,1011,137,0,-110641,255,-4,0,22,0,0,1,9,5,1650,3261,973415931,2166292535,1048575,23474,0,2
973416925,1040,137,0,-110641,297,-4,0,22,0,0,1,9,5,1650,3261,973416999,2166292535,1048575,24552,0,2
973417869,944,137,0,-110641,238,-4,0,22,0,0,1,9,5,1650,3261,973417902,2166292535,1048575,25437,0,2
973418861,992,137,0,-110641,236,-4,0,22,0,0,1,9,5,1650,3261,973418892,2166292535,1048575,26429,0,2
973419854,993,137,0,-110641,227,-4,0,22,0,0,1,9,5,1650,3261,973419879,2166292535,1048575,27416,0,2
973420851,997,137,0,-110641,225,-4,0,22,0,0,1,9,5,1650,3261,973420877,2166292535,1048575,28415,0,2
973421850,999,137,0,-110641,225,-3,0,22,0,0,1,9,5,1650,3261,973421876,2166292535,1048575,29415,0,2
973422860,1010,137,0,-110641,233,-3,0,22,0,0,1,9,5,1650,3261,973422891,2166292535,1048575,30428,0,2
973423854,994,137,0,-110641,228,-3,0,22,0,0,1,9,5,1650,3261,973423878,2166292535,1048575,31414,0,2
973424850,996,137,0,-110641,225,-3,0,22,0,0,1,9,5,1650,3261,973424875,2166292535,1048575,32415,0,2
973425935,1085,137,0,-110641,312,-3,0,22,0,0,1,9,5,1650,3261,973426029,2166292535,1048575,33581,0,2
973427009,1074,137,0,-110641,384,-3,0,22,0,0,1,9,5,1650,3261,973427115,2166292535,1048575,34672,0,2
973427886,877,137,0,-110641,266,-3,0,22,0,0,1,9,5,1650,3261,973427948,2166292535,1048575,35492,0,2
973428879,993,137,0,-110641,257,-3,0,22,0,0,1,9,5,1650,3261,973428945,2166292535,1048575,36490,0,2
973429867,988,137,0,-110641,248,-2,0,22,0,0,1,9,5,1650,3261,973429908,2166292535,1048575,37449,0,2
973430873,1006,137,0,-110641,256,-2,0,22,0,0,1,9,5,1650,3261,973430935,2166292535,1048575,38486,0,2
973431876,1003,137,0,-110641,251,-2,0,22,0,0,1,9,5,1650,3261,973431906,2166292535,1048575,39442,0,2
973432865,989,137,0,-110641,240,-2,0,22,0,0,1,9,5,1650,3261,973432927,2166292535,1048575,40479,0,2
973433887,1022,137,0,-110641,256,-2,0,22,0,0,1,9,5,1650,3261,973433926,2166292535,1048575,41466,0,2
973434891,1004,137,0,-110641,259,-2,0,22,0,0,1,9,5,1650,3261,973434953,2166292535,1048575,42497,0,2
973435872,981,137,0,-110641,247,-2,0,22,0,0,1,9,5,1650,3261,973435922,2166292535,1048575,43463,0,2
973436928,1056,137,0,-110641,296,-2,0,22,0,0,1,9,5,1650,3261,973437008,2166292535,1048575,44562,0,2
973437865,937,137,0,-110641,238,-2,0,22,0,0,1,9,5,1650,3261,973437896,2166292535,1048575,45433,0,2
973438854,989,137,0,-110641,235,-2,0,22,0,0,1,9,5,1650,3261,973438886,2166292535,1048575,46422,0,2
973439847,993,137,0,-110641,227,-2,0,22,0,0,1,9,5,1650,3261,973439872,2166292535,1048575,47407,0,2
973440858,1011,137,0,-110641,226,-2,0,22,0,0,1,9,5,1650,3261,973440884,2166292535,1048575,48420,0,2
973441854,996,137,0,-110641,223,-2,0,22,0,0,1,9,5,1650,3261,973441876,2166292535,1048575,49411,0,2
973442856,1002,137,0,-110641,234,-1,0,22,0,0,1,9,5,1650,3261,973442888,2166292536,1048575,1,0,2
973443858,1002,137,0,-110641,235,-1,0,22,0,0,1,9,5,1650,3261,973443887,2166292536,1048575,467,0,2
973444855,997,137,0,-110641,232,-1,0,22,0,0,1,9,5,1650,3261,973444893,2166292536,1048575,1476,0,2
973445937,1082,137,0,-110641,317,-1,0,22,0,0,1,9,5,1650,3261,973446033,2166292536,1048575,2628,0,2
973447026,1089,137,0,-110641,404,-1,0,22,0,0,1,9,5,1650,3261,973447125,2166292536,1048575,3731,0,2
973447887,861,137,0,-110641,266,-1,0,22,0,0,1,9,5,1650,3261,973447949,2166292536,1048575,4540,0,2
973448878,991,137,0,-110641,259,-1,0,22,0,0,1,9,5,1650,3261,973448945,2166292536,1048575,5535,0,2
973449870,992,137,0,-110641,249,-1,0,22,0,0,1,9,5,1650,3261,973449914,2166292536,1048575,6495,0,2
973450892,1022,137,0,-110641,263,-1,0,22,0,0,1,9,5,1650,3261,973450947,2166292536,1048575,7537,0,2
973451879,987,137,0,-110641,248,-1,0,22,0,0,1,9,5,1650,3261,973451925,2166292536,1048575,8507,0,2
973452874,995,137,0,-110641,243,-1,0,22,0,0,1,9,5,1650,3261,973452940,2166292536,1048575,9534,0,2
973453872,998,137,0,-110641,247,-1,0,22,0,0,1,9,5,1650,3261,973453902,2166292536,1048575,10482,0,2
973454890,1018,137,0,-110641,263,-1,0,22,0,0,1,9,5,1650,3261,973454948,2166292536,1048575,11538,0,2
973455867,977,137,0,-110641,248,-1,0,22,0,0,1,9,5,1650,3261,973455908,2166292536,1048575,12492,0,2
973456918,1051,137,0,-110641,298,-1,0,22,0,0,1,9,5,1650,3261,973456997,2166292536,1048575,13594,0,2
973457858,940,137,0,-110641,240,-1,0,22,0,0,1,9,5,1650,3261,973457880,2166292536,1048575,14463,0,2
973458858,1000,137,0,-110641,238,-1,0,22,0,0,1,9,5,1650,3261,973458893,2166292536,1048575,15474,0,2
973459852,994,137,0,-110641,225,-1,0,22,0,0,1,9,5,1650,3261,973459874,2166292536,1048575,16453,0,2
973460844,992,137,0,-110641,226,-1,0,22,0,0,1,9,5,1650,3261,973460870,2166292536,1048575,17450,0,2
973461857,1013,137,0,-110641,225,-1,0,22,0,0,1,9,5,1650,3261,973461885,2166292536,1048575,18469,0,2
973462860,1003,137,0,-110641,236,-1,0,22,0,0,1,9,5,1650,3261,973462894,2166292536,1048575,19475,0,2
973463853,993,137,0,-110641,225,-1,0,22,0,0,1,9,5,1650,3261,973463875,2166292536,1048575,20454,0,2
973464844,991,137,0,-110641,225,-1,0,22,0,0,1,9,5,1650,3261,973464871,2166292536,1048575,21451,0,2
973465934,1090,137,0,-110641,307,-1,0,22,0,0,1,9,5,1650,3261,973466027,2166292536,1048575,22624,0,2
973467012,1078,137,0,-110641,382,-1,0,22,0,0,1,9,5,1650,3261,973467121,2166292536,1048575,23724,0,2
973467887,875,137,0,-110641,267,-1,0,22,0,0,1,9,5,1650,3261,973467951,2166292536,1048575,24541,0,2
973468892,1005,137,0,-110641,263,-1,0,22,0,0,1,9,5,1650,3261,973468952,2166292536,1048575,25542,0,2
973469874,982,137,0,-110641,248,0,0,22,0,0,1,9,5,1650,3261,973469917,2166292536,1048575,26500,0,2
973470890,1016,137,0,-110641,265,0,0,22,0,0,1,9,5,1650,3261,973470951,2166292536,1048575,27543,0,2
973471872,982,137,0,-110641,252,0,0,22,0,0,1,9,5,1650,3261,973471902,2166292536,1048575,28482,0,2
973472861,989,137,0,-110641,242,0,0,22,0,0,1,9,5,1650,3261,973472921,2166292536,1048575,29515,0,2
973473870,1009,137,0,-110641,249,0,0,22,0,0,1,9,5,1650,3261,973473906,2166292536,1048575,30487,0,2
973474872,1002,137,0,-110641,254,0,0,22,0,0,1,9,5,1650,3261,973474939,2166292536,1048575,31534,0,2
973475877,1005,137,0,-110641,252,0,0,22,0,0,1,9,5,1650,3261,973475927,2166292536,1048575,32516,0,2
973476923,1046,137,0,-110641,293,0,0,22,0,0,1,9,5,1650,3261,973476997,2166292536,1048575,33595,0,2
973477861,938,137,0,-110641,237,0,0,22,0,0,1,9,5,1650,3261,973477886,2166292536,1048575,34470,0,2
973478862,1001,137,0,-110641,236,0,0,22,0,0,1,9,5,1650,3261,973478894,2166292536,1048575,35475,0,2
973479855,993,137,0,-110641,227,0,0,22,0,0,1,9,5,1650,3261,973479880,2166292536,1048575,36460,0,2
973480851,996,137,0,-110641,225,0,0,22,0,0,1,9,5,1650,3261,973480877,2166292536,1048575,37460,0,2
973481851,1000,137,0,-110641,225,0,0,22,0,0,1,9,5,1650,3261,973481877,2166292536,1048575,38460,0,2
973482860,1009,137,0,-110641,233,0,0,22,0,0,1,9,5,1650,3261,973482892,2166292536,1048575,39472,0,2
973483852,992,137,0,-110641,227,0,0,22,0,0,1,9,5,1650,3261,973483877,2166292536,1048575,40458,0,2
973484849,997,137,0,-110641,226,0,0,22,0,0,1,9,5,1650,3261,973484875,2166292536,1048575,41455,0,2
973485934,1085,137,0,-110641,312,0,0,22,0,0,1,9,5,1650,3261,973486030,2166292536,1048575,42628,0,2
973487016,1082,137,0,-110641,377,0,0,22,0,0,1,9,5,1650,3261,973487118,2166292536,1048575,43726,0,2
973487890,874,137,0,-110641,267,0,0,22,0,0,1,9,5,1650,3261,973487952,2166292536,1048575,44539,0,2
973488891,1001,137,0,-110641,264,0,0,22,0,0,1,9,5,1650,3261,973488953,2166292536,1048575,45543,0,2
973489873,982,137,0,-110641,249,0,0,22,0,0,1,9,5,1650,3261,973489916,2166292536,1048575,46497,0,2
973490874,1001,137,0,-110641,254,0,0,22,0,0,1,9,5,1650,3261,973490935,2166292536,1048575,47531,0,2
973491879,1005,137,0,-110641,252,0,0,22,0,0,1,9,5,1650,3261,973491915,2166292536,1048575,48496,0,2
973492867,988,137,0,-110641,238,0,0,22,0,0,1,9,5,1650,3261,973492926,2166292536,1048575,49519,0,2
973493873,1006,137,0,-110641,249,0,0,22,0,0,1,9,5,1650,3261,973493911,2166292535,1048575,1,0,2
973494904,1031,137,0,-110641,275,0,0,22,0,0,1,9,5,1650,3261,973494978,2166292535,1048575,515,0,2
973495869,965,137,0,-110641,249,0,0,22,0,0,1,9,5,1650,3261,973495916,2166292535,1048575,1448,0,2
973496929,1060,137,0,-110641,302,0,0,22,0,0,1,9,5,1650,3261,973497004,2166292535,1048575,2547,0,2
973497852,923,137,0,-110641,233,0,0,22,0,0,1,9,5,1650,3261,973497874,2166292535,1048575,3399,0,2
973498859,1007,137,0,-110641,237,0,0,22,0,0,1,9,5,1650,3261,973498890,2166292535,1048575,4416,0,2
973499852,993,137,0,-110641,227,0,0,22,0,0,1,9,5,1650,3261,973499881,2166292535,1048575,5408,0,2
973500853,1001,137,0,-110641,225,0,0,22,0,0,1,9,5,1650,3261,973500879,2166292535,1048575,6407,0,2
973501851,998,137,0,-110641,225,0,0,22,0,0,1,9,5,1650,3261,973501878,2166292535,1048575,7405,0,2
973502860,1009,137,0,-110641,233,0,0,22,0,0,1,9,5,1650,3261,973502889,2166292535,1048575,8415,0,2
973503849,989,137,0,-110641,228,0,0,22,0,0,1,9,5,1650,3261,973503877,2166292535,1048575,9404,0,2
973504849,1000,137,0,-110641,225,0,0,22,0,0,1,9,5,1650,3261,973504876,2166292535,1048575,10404,0,2
973505944,1095,137,0,-110641,312,0,0,22,0,0,1,9,5,1650,3261,973506038,2166292535,1048575,11581,0,2
973507013,1069,137,0,-110641,377,0,0,22,0,0,1,9,5,1650,3261,973507112,2166292535,1048575,12660,0,2
973507901,888,137,0,-110641,268,0,0,22,0,0,1,9,5,1650,3261,973507964,2166292535,1048575,13504,0,2
973508892,991,137,0,-110641,262,0,0,22,0,0,1,9,5,1650,3261,973508959,2166292535,1048575,14495,0,2
973509887,995,137,0,-110641,256,0,0,22,0,0,1,9,5,1650,3261,973509931,2166292535,1048575,15468,0,2
973510900,1013,137,0,-110641,268,0,0,22,0,0,1,9,5,1650,3261,973510957,2166292535,1048575,16495,0,2
973511879,979,137,0,-110641,251,0,0,22,0,0,1,9,5,1650,3261,973511910,2166292535,1048575,17437,0,2
973512875,996,137,0,-110641,247,0,0,22,0,0,1,9,5,1650,3261,973512935,2166292535,1048575,18471,0,2
973513863,988,137,0,-110641,245,0,0,22,0,0,1,9,5,1650,3261,973513899,2166292535,1048575,19427,0,2
973514881,1018,137,0,-110641,255,0,0,22,0,0,1,9,5,1650,3261,973514951,2166292535,1048575,20488,0,2
973515872,991,138,1,-110642,246,0,-8,22,0,0,1,9,5,1650,3261,973515919,2166292535,1048575,21450,0,2
973516915,1043,137,-1,-110641,297,0,0,22,0,0,1,9,5,1650,3261,973516994,2166292535,1048575,22537,0,2
973517865,950,137,0,-110641,240,0,0,22,0,0,1,9,5,1650,3261,973517896,2166292535,1048575,23424,0,2
973518860,995,137,0,-110641,239,0,0,22,0,0,1,9,5,1650,3261,973518894,2166292535,1048575,24421,0,2
973519853,993,137,0,-110641,225,0,0,22,0,0,1,9,5,1650,3261,973519875,2166292535,1048575,25400,0,2
973520844,991,137,0,-110641,225,0,0,22,0,0,1,9,5,1650,3261,973520871,2166292535,1048575,26397,0,2
973521858,1014,137,0,-110641,226,0,0,22,0,0,1,9,5,1650,3261,973521886,2166292535,1048575,27415,0,2
973522861,1003,137,0,-110641,236,0,0,22,0,0,1,9,5,1650,3261,973522895,2166292535,1048575,28422,0,2
973523854,993,137,0,-110641,225,0,0,22,0,0,1,9,5,1650,3261,973523876,2166292535,1048575,29402,0,2
973524846,992,137,0,-110641,225,0,0,22,0,0,1,9,5,1650,3261,973524873,2166292535,1048575,30399,0,2
973525936,1090,137,0,-110641,309,0,0,22,0,0,1,9,5,1650,3261,973526025,2166292535,1048575,31567,0,2
973527001,1065,137,0,-110641,377,0,0,22,0,0,1,9,5,1650,3261,973527107,2166292535,1048575,32658,0,2
973527890,889,137,0,-110641,268,0,0,22,0,0,1,9,5,1650,3261,973527954,2166292535,1048575,33488,0,2
973528880,990,137,0,-110641,260,0,0,22,0,0,1,9,5,1650,3261,973528946,2166292535,1048575,34483,0,2
973529869,989,137,0,-110641,248,0,0,22,0,0,1,9,5,1650,3261,973529913,2166292535,1048575,35441,0,2
973530877,1008,137,0,-110641,253,0,0,22,0,0,1,9,5,1650,3261,973530939,2166292535,1048575,36476,0,2
973531876,999,137,0,-110641,251,0,0,22,0,0,1,9,5,1650,3261,973531908,2166292535,1048575,37435,0,2
973532866,990,137,0,-110641,241,0,0,22,0,0,1,9,5,1650,3261,973532926,2166292535,1048575,38468,0,2
973533880,1014,137,0,-110641,251,0,0,22,0,0,1,9,5,1650,3261,973533918,2166292535,1048575,39450,0,2
973534881,1001,137,0,-110641,254,0,0,22,0,0,1,9,5,1650,3261,973534949,2166292535,1048575,40484,0,2
973535869,988,137,0,-110641,248,0,0,22,0,0,1,9,5,1650,3261,973535915,2166292535,1048575,41446,0,2
973536920,1051,138,1,-110642,298,0,-8,22,0,0,1,9,5,1650,3261,973536994,2166292535,1048575,42537,0,2
973537859,939,138,0,-110642,237,-1,-8,22,0,0,1,9,5,1650,3261,973537884,2166292535,1048575,43412,0,2
973538854,995,138,0,-110642,236,-1,-8,22,0,0,1,9,5,1650,3261,973538887,2166292535,1048575,44413,0,2
973539851,997,137,-1,-110641,227,-1,0,22,0,0,1,9,5,1650,3261,973539876,2166292535,1048575,45403,0,2
973540847,996,137,0,-110641,225,-1,0,22,0,0,1,9,5,1650,3261,973540873,2166292535,1048575,46399,0,2
973541844,997,138,1,-110642,225,-1,-8,22,0,0,1,9,5,1650,3261,973541870,2166292535,1048575,47397,0,2
973542854,1010,138,0,-110642,233,-1,-8,22,0,0,1,9,5,1650,3261,973542887,2166292535,1048575,48413,0,2
973543847,993,137,-1,-110641,227,-1,0,22,0,0,1,9,5,1650,3261,973543872,2166292535,1048575,49398,0,2
973544858,1011,138,1,-110642,225,-2,-8,22,0,0,1,9,5,1650,3261,973544887,2166292536,1048575,1,0,2
973546039,1181,138,0,-110642,322,-2,0,22,0,0,1,9,5,1650,3261,973546138,2166292536,1048575,502,0,2
973547089,1050,137,-1,-110641,449,-2,0,22,0,0,1,9,5,1650,3261,973547215,2166292536,1048575,1587,0,2
973547914,825,137,0,-110641,281,-1,0,22,0,0,1,9,5,1650,3261,973547982,2166292536,1048575,2346,0,2
973548891,977,137,0,-110641,261,-1,0,22,0,0,1,9,5,1650,3261,973548958,2166292536,1048575,3326,0,2
973549886,995,138,1,-110642,262,-2,-8,22,0,0,1,9,5,1650,3261,973549938,2166292536,1048575,4302,0,2
973550881,995,138,0,-110642,254,-2,-8,22,0,0,1,9,5,1650,3261,973550954,2166292536,1048575,5314,0,2
973551869,988,138,0,-110642,248,-2,-8,22,0,0,1,9,5,1650,3261,973551914,2166292536,1048575,6269,0,2
973552875,1006,137,-1,-110641,243,-2,0,22,0,0,1,9,5,1650,3261,973552944,2166292536,1048575,7310,0,2
973553880,1005,137,0,-110641,255,-2,0,22,0,0,1,9,5,1650,3261,973553923,2166292536,1048575,8278,0,2
973554892,1012,137,0,-110641,260,-2,0,22,0,0,1,9,5,1650,3261,973554955,2166292536,1048575,9314,0,2
973555870,978,137,0,-110641,245,-2,0,22,0,0,1,9,5,1650,3261,973555916,2166292536,1048575,10268,0,2
973556924,1054,138,1,-110642,304,-2,-8,22,0,0,1,9,5,1650,3261,973557003,2166292536,1048575,11369,0,2
973557861,937,138,0,-110642,231,-2,-8,22,0,0,1,9,5,1650,3261,973557896,2166292536,1048575,12247,0,2
973558861,1000,137,-1,-110641,239,-2,0,22,0,0,1,9,5,1650,3261,973558894,2166292536,1048575,13245,0,2
973559853,992,137,0,-110641,225,-2,0,22,0,0,1,9,5,1650,3261,973559877,2166292536,1048575,14226,0,2
973560848,995,138,1,-110642,225,-2,-8,22,0,0,1,9,5,1650,3261,973560874,2166292536,1048575,15224,0,2
973561845,997,137,-1,-110641,225,-2,0,22,0,0,1,9,5,1650,3261,973561872,2166292536,1048575,16221,0,2
973562857,1012,137,0,-110641,235,-2,0,22,0,0,1,9,5,1650,3261,973562890,2166292536,1048575,17240,0,2
973563848,991,137,0,-110641,226,-2,0,22,0,0,1,9,5,1650,3261,973563870,2166292536,1048575,18218,0,2
973564856,1008,137,0,-110641,225,-2,0,22,0,0,1,9,5,1650,3261,973564885,2166292536,1048575,19237,0,2
973565936,1080,137,0,-110641,312,-2,0,22,0,0,1,9,5,1650,3261,973566027,2166292536,1048575,20392,0,2
973567025,1089,138,1,-110642,387,-2,0,22,0,0,1,9,5,1650,3261,973567129,2166292536,1048575,21504,0,2
973567896,871,138,0,-110642,266,-2,0,22,0,0,1,9,5,1650,3261,973567964,2166292536,1048575,22322,0,2
973568890,994,138,0,-110642,261,-2,0,22,0,0,1,9,5,1650,3261,973568959,2166292536,1048575,23318,0,2
973569880,990,137,-1,-110641,253,-2,0,22,0,0,1,9,5,1650,3261,973569927,2166292536,1048575,24282,0,2
973570892,1012,137,0,-110641,267,-2,0,22,0,0,1,9,5,1650,3261,973570952,2166292536,1048575,25312,0,2
973571868,976,137,0,-110641,247,-1,8,22,0,0,1,9,5,1650,3261,973571910,2166292536,1048575,26259,0,2
973572869,1001,138,1,-110642,241,-1,0,22,0,0,1,9,5,1650,3261,973572929,2166292536,1048575,27293,0,2
973573876,1007,137,-1,-110641,249,-1,0,22,0,0,1,9,5,1650,3261,973573916,2166292536,1048575,28268,0,2
973574882,1006,137,0,-110641,258,-1,8,22,0,0,1,9,5,1650,3261,973574952,2166292536,1048575,29312,0,2
973575869,987,137,0,-110641,246,0,8,22,0,0,1,9,5,1650,3261,973575916,2166292536,1048575,30268,0,2
973576928,1059,137,0,-110641,296,0,8,22,0,0,1,9,5,1650,3261,973577002,2166292536,1048575,31368,0,2
973577869,941,137,0,-110641,238,0,0,22,0,0,1,9,5,1650,3261,973577900,2166292536,1048575,32250,0,2
973578862,993,138,1,-110642,235,0,-8,22,0,0,1,9,5,1650,3261,973578894,2166292536,1048575,33244,0,2
973579855,993,138,0,-110642,227,-1,-8,22,0,0,1,9,5,1650,3261,973579880,2166292536,1048575,34230,0,2
973580851,996,137,-1,-110641,225,0,8,22,0,0,1,9,5,1650,3261,973580877,2166292536,1048575,35229,0,2
973581850,999,137,0,-110641,225,0,8,22,0,0,1,9,5,1650,3261,973581876,2166292536,1048575,36229,0,2
973582860,1010,137,0,-110641,233,0,8,22,0,0,1,9,5,1650,3261,973582892,2166292536,1048575,37241,0,2
973583853,993,137,0,-110641,227,0,0,22,0,0,1,9,5,1650,3261,973583878,2166292536,1048575,38228,0,2
973584849,996,137,0,-110641,225,0,0,22,0,0,1,9,5,1650,3261,973584875,2166292536,1048575,39226,0,2
973585944,1095,137,0,-110641,313,0,0,22,0,0,1,9,5,1650,3261,973586038,2166292536,1048575,40403,0,2
973587010,1066,137,0,-110641,368,1,8,22,0,0,1,9,5,1650,3261,973587112,2166292536,1048575,41484,0,2
973587887,877,137,0,-110641,266,1,8,22,0,0,1,9,5,1650,3261,973587949,2166292536,1048575,42307,0,2
973588879,992,137,0,-110641,256,1,0,22,0,0,1,9,5,1650,3261,973588946,2166292536,1048575,43304,0,2
973589868,989,137,0,-110641,249,1,0,22,0,0,1,9,5,1650,3261,973589912,2166292536,1048575,44265,0,2
973590880,1012,137,0,-110641,256,1,8,22,0,0,1,9,5,1650,3261,973590944,2166292536,1048575,45303,0,2
973591883,1003,138,1,-110642,253,1,-8,22,0,0,1,9,5,1650,3261,973591913,2166292536,1048575,46263,0,2
973592867,984,137,-1,-110641,238,1,0,22,0,0,1,9,5,1650,3261,973592929,2166292536,1048575,47292,0,2
973593886,1019,137,0,-110641,256,1,0,22,0,0,1,9,5,1650,3261,973593929,2166292536,1048575,48285,0,2
973594876,990,137,0,-110641,255,1,0,22,0,0,1,9,5,1650,3261,973594940,2166292536,1048575,49304,0,2
973595876,1000,137,0,-110641,248,1,0,22,0,0,1,9,5,1650,3261,973595925,2166292533,1048575,1,0,2
973596937,1061,138,1,-110642,314,0,-8,22,0,0,1,9,5,1650,3261,973597014,2166292533,1048575,493,0,2
973597851,914,138,0,-110642,233,0,0,22,0,0,1,9,5,1650,3261,973597873,2166292533,1048575,1337,0,2
973598856,1005,137,-1,-110641,236,1,8,22,0,0,1,9,5,1650,3261,973598888,2166292533,1048575,2353,0,2
973599850,994,137,0,-110641,228,1,8,22,0,0,1,9,5,1650,3261,973599875,2166292533,1048575,3339,0,2
973600845,995,137,0,-110641,225,1,0,22,0,0,1,9,5,1650,3261,973600871,2166292533,1048575,4336,0,2
973601843,998,138,1,-110642,225,0,-8,22,0,0,1,9,5,1650,3261,973601869,2166292533,1048575,5334,0,2
973602854,1011,138,0,-110642,233,0,-8,22,0,0,1,9,5,1650,3261,973602886,2166292533,1048575,6350,0,2
973603847,993,137,-1,-110641,228,0,8,22,0,0,1,9,5,1650,3261,973603871,2166292533,1048575,7335,0,2
973604857,1010,137,0,-110641,225,0,0,22,0,0,1,9,5,1650,3261,973604886,2166292533,1048575,8353,0,2
973605943,1086,137,0,-110641,312,0,0,22,0,0,1,9,5,1650,3261,973606033,2166292533,1048575,9512,0,2
973607039,1096,137,0,-110641,394,0,0,22,0,0,1,9,5,1650,3261,973607147,2166292533,1048575,10638,0,2
973607897,858,137,0,-110641,266,0,0,22,0,0,1,9,5,1650,3261,973607962,2166292533,1048575,11434,0,2
973608886,989,137,0,-110641,259,1,8,22,0,0,1,9,5,1650,3261,973608952,2166292533,1048575,12428,0,2
973609880,994,137,0,-110641,254,1,8,22,0,0,1,9,5,1650,3261,973609925,2166292533,1048575,13396,0,2
973610881,1001,138,1,-110642,259,1,-8,22,0,0,1,9,5,1650,3261,973610951,2166292533,1048575,14425,0,2
973611866,985,137,-1,-110641,247,1,0,22,0,0,1,9,5,1650,3261,973611910,2166292533,1048575,15380,0,2
973612868,1002,137,0,-110641,243,1,0,22,0,0,1,9,5,1650,3261,973612928,2166292533,1048575,16407,0,2
973613886,1018,137,0,-110641,254,1,0,22,0,0,1,9,5,1650,3261,973613923,2166292533,1048575,17391,0,2
973614889,1003,137,0,-110641,257,1,0,22,0,0,1,9,5,1650,3261,973614951,2166292533,1048575,18424,0,2
973615868,979,137,0,-110641,250,0,0,22,0,0,1,9,5,1650,3261,973615913,2166292533,1048575,19382,0,2
973616918,1050,137,0,-110641,299,0,0,22,0,0,1,9,5,1650,3261,973616992,2166292533,1048575,20473,0,2
973617857,939,137,0,-110641,237,0,0,22,0,0,1,9,5,1650,3261,973617879,2166292533,1048575,21347,0,2
973618854,997,137,0,-110641,235,0,0,22,0,0,1,9,5,1650,3261,973618887,2166292533,1048575,22351,0,2
973619851,997,137,0,-110641,228,0,0,22,0,0,1,9,5,1650,3261,973619875,2166292533,1048575,23341,0,2
973620847,996,137,0,-110641,225,0,0,22,0,0,1,9,5,1650,3261,973620873,2166292533,1048575,24337,0,2
973621844,997,137,0,-110641,226,0,0,22,0,0,1,9,5,1650,3261,973621870,2166292533,1048575,25335,0,2
973622855,1011,137,0,-110641,233,1,8,22,0,0,1,9,5,1650,3261,973622887,2166292533,1048575,26351,0,2
973623847,992,137,0,-110641,227,1,0,22,0,0,1,9,5,1650,3261,973623872,2166292533,1048575,27336,0,2
973624858,1011,137,0,-110641,226,1,0,22,0,0,1,9,5,1650,3261,973624887,2166292533,1048575,28356,0,2
973625934,1076,137,0,-110641,313,1,0,22,0,0,1,9,5,1650,3261,973626031,2166292533,1048575,29512,0,2
973627018,1084,137,0,-110641,389,1,8,22,0,0,1,9,5,1650,3261,973627120,2166292533,1048575,30606,0,2
973627905,887,137,0,-110641,273,1,8,22,0,0,1,9,5,1650,3261,973627967,2166292533,1048575,31445,0,2
973628893,988,137,0,-110641,264,1,0,22,0,0,1,9,5,1650,3261,973628961,2166292533,1048575,32435,0,2
973629869,976,137,0,-110641,251,1,0,22,0,0,1,9,5,1650,3261,973629915,2166292533,1048575,33383,0,2
973630883,1014,137,0,-110641,259,1,0,22,0,0,1,9,5,1650,3261,973630954,2166292533,1048575,34429,0,2
973631872,989,137,0,-110641,247,1,8,22,0,0,1,9,5,1650,3261,973631908,2166292533,1048575,35372,0,2
973632866,994,137,0,-110641,243,2,8,22,0,0,1,9,5,1650,3261,973632923,2166292533,1048575,36401,0,2
973633874,1008,137,0,-110641,253,2,0,22,0,0,1,9,5,1650,3261,973633915,2166292533,1048575,37383,0,2
973634888,1014,137,0,-110641,256,1,0,22,0,0,1,9,5,1650,3261,973634956,2166292533,1048575,38431,0,2
973635877,989,137,0,-110641,251,1,0,22,0,0,1,9,5,1650,3261,973635924,2166292533,1048575,39395,0,2
973636923,1046,137,0,-110641,295,1,0,22,0,0,1,9,5,1650,3261,973637000,2166292533,1048575,40481,0,2
973637869,946,137,0,-110641,238,1,0,22,0,0,1,9,5,1650,3261,973637901,2166292533,1048575,41367,0,2
973638862,993,137,0,-110641,236,1,0,22,0,0,1,9,5,1650,3261,973638894,2166292533,1048575,42359,0,2
973639855,993,137,0,-110641,227,1,0,22,0,0,1,9,5,1650,3261,973639880,2166292533,1048575,43344,0,2
973640851,996,137,0,-110641,225,1,0,22,0,0,1,9,5,1650,3261,973640877,2166292533,1048575,44344,0,2
973641851,1000,137,0,-110641,225,1,8,22,0,0,1,9,5,1650,3261,973641878,2166292533,1048575,45344,0,2
973642860,1009,137,0,-110641,233,1,0,22,0,0,1,9,5,1650,3261,973642892,2166292533,1048575,46356,0,2
973643853,993,137,0,-110641,227,1,0,22,0,0,1,9,5,1650,3261,973643878,2166292533,1048575,47343,0,2
973644850,997,137,0,-110641,225,1,0,22,0,0,1,9,5,1650,3261,973644876,2166292533,1048575,48341,0,2
973645943,1093,137,0,-110641,314,1,0,22,0,0,1,9,5,1650,3261,973646034,2166292533,1048575,49514,0,2
973647009,1066,137,0,-110641,385,1,0,22,0,0,1,9,5,1650,3261,973647112,2166292534,1048575,2,0,2
973648076,1067,137,0,-110641,294,1,0,22,0,0,1,9,5,1650,3261,973648134,2166292534,1048575,453,0,2
973648905,829,137,0,-110641,278,1,0,22,0,0,1,9,5,1650,3261,973648971,2166292534,1048575,1292,0,2
973649869,964,137,0,-110641,248,1,0,22,0,0,1,9,5,1650,3261,973649921,2166292534,1048575,2232,0,2
973650876,1007,137,0,-110641,258,1,0,22,0,0,1,9,5,1650,3261,973650942,2166292534,1048575,3269,0,2
973651891,1015,137,0,-110641,260,1,0,22,0,0,1,9,5,1650,3261,973651932,2166292534,1048575,4244,0,2
973652864,973,137,0,-110641,242,1,0,22,0,0,1,9,5,1650,3261,973652918,2166292534,1048575,5247,0,2
973653886,1022,137,0,-110641,257,1,0,22,0,0,1,9,5,1650,3261,973653942,2166292534,1048575,6261,0,2
973654888,1002,137,0,-110641,261,1,0,22,0,0,1,9,5,1650,3261,973654958,2166292534,1048575,7281,0,2
973655877,989,137,0,-110641,245,1,0,22,0,0,1,9,5,1650,3261,973655928,2166292534,1048575,8244,0,2
973656932,1055,137,0,-110641,305,1,0,22,0,0,1,9,5,1650,3261,973657003,2166292534,1048575,9329,0,2
973657844,912,137,0,-110641,225,1,0,22,0,0,1,9,5,1650,3261,973657866,2166292534,1048575,10175,0,2
973658855,1011,137,0,-110641,235,1,0,22,0,0,1,9,5,1650,3261,973658888,2166292534,1048575,11198,0,2
973659851,996,137,0,-110641,227,1,0,22,0,0,1,9,5,1650,3261,973659876,2166292534,1048575,12187,0,2
973660847,996,137,0,-110641,225,1,0,22,0,0,1,9,5,1650,3261,973660873,2166292534,1048575,13183,0,2
973661843,996,137,0,-110641,225,1,0,22,0,0,1,9,5,1650,3261,973661870,2166292534,1048575,14180,0,2
973662854,1011,137,0,-110641,233,1,0,22,0,0,1,9,5,1650,3261,973662886,2166292534,1048575,15197,0,2
973663847,993,137,0,-110641,227,1,0,22,0,0,1,9,5,1650,3261,973663872,2166292534,1048575,16182,0,2
973664857,1010,137,0,-110641,225,1,0,22,0,0,1,9,5,1650,3261,973664886,2166292534,1048575,17202,0,2
973665939,1082,137,0,-110641,318,1,0,22,0,0,1,9,5,1650,3261,973666034,2166292534,1048575,18364,0,2
973667036,1097,137,0,-110641,398,1,0,22,0,0,1,9,5,1650,3261,973667143,2166292534,1048575,19475,0,2
973667891,855,137,0,-110641,264,0,0,22,0,0,1,9,5,1650,3261,973667953,2166292534,1048575,20273,0,2
973668878,987,137,0,-110641,256,0,0,22,0,0,1,9,5,1650,3261,973668944,2166292534,1048575,21263,0,2
973669875,997,137,0,-110641,247,0,0,22,0,0,1,9,5,1650,3261,973669921,2166292534,1048575,22236,0,2
973670892,1017,137,0,-110641,265,0,0,22,0,0,1,9,5,1650,3261,973670959,2166292534,1048575,23278,0,2
973671874,982,137,0,-110641,247,0,0,22,0,0,1,9,5,1650,3261,973671920,2166292534,1048575,24234,0,2
973672872,998,137,0,-110641,244,0,0,22,0,0,1,9,5,1650,3261,973672937,2166292534,1048575,25261,0,2
973673868,996,137,0,-110641,249,0,0,22,0,0,1,9,5,1650,3261,973673900,2166292534,1048575,26211,0,2
973674891,1023,137,0,-110641,265,0,0,22,0,0,1,9,5,1650,3261,973674954,2166292534,1048575,27273,0,2
973675868,977,137,0,-110641,247,0,0,22,0,0,1,9,5,1650,3261,973675914,2166292534,1048575,28228,0,2
973676930,1062,137,0,-110641,299,0,0,22,0,0,1,9,5,1650,3261,973677005,2166292534,1048575,29333,0,2
973677863,933,137,0,-110641,238,0,0,22,0,0,1,9,5,1650,3261,973677892,2166292534,1048575,30205,0,2
973678867,1004,137,0,-110641,235,0,0,22,0,0,1,9,5,1650,3261,973678899,2166292534,1048575,31210,0,2
973679846,979,137,0,-110641,228,0,0,22,0,0,1,9,5,1650,3261,973679871,2166292534,1048575,32181,0,2
973680856,1010,137,0,-110641,225,0,0,22,0,0,1,9,5,1650,3261,973680883,2166292534,1048575,33193,0,2
973681852,996,137,0,-110641,222,0,0,22,0,0,1,9,5,1650,3261,973681875,2166292534,1048575,34184,0,2
973682853,1001,137,0,-110641,233,0,0,22,0,0,1,9,5,1650,3261,973682885,2166292534,1048575,35195,0,2
973683846,993,137,0,-110641,228,0,0,22,0,0,1,9,5,1650,3261,973683870,2166292534,1048575,36180,0,2
973684856,1010,137,0,-110641,226,0,0,22,0,0,1,9,5,1650,3261,973684883,2166292534,1048575,37197,0,2
973685946,1090,137,0,-110641,312,0,0,22,0,0,1,9,5,1650,3261,973686041,2166292534,1048575,38367,0,2
973687023,1077,137,0,-110641,377,0,0,22,0,0,1,9,5,1650,3261,973687127,2166292534,1048575,39462,0,2
973687892,869,137,0,-110641,269,0,0,22,0,0,1,9,5,1650,3261,973687959,2166292534,1048575,40275,0,2
973688883,991,137,0,-110641,263,0,0,22,0,0,1,9,5,1650,3261,973688950,2166292534,1048575,41271,0,2
973689874,991,137,0,-110641,249,0,0,22,0,0,1,9,5,1650,3261,973689916,2166292534,1048575,42228,0,2
973690875,1001,137,0,-110641,255,0,0,22,0,0,1,9,5,1650,3261,973690941,2166292534,1048575,43262,0,2
973691879,1004,137,0,-110641,249,0,0,22,0,0,1,9,5,1650,3261,973691918,2166292534,1048575,44231,0,2
973692863,984,137,0,-110641,242,0,0,22,0,0,1,9,5,1650,3261,973692922,2166292534,1048575,45247,0,2
973693875,1012,137,0,-110641,250,0,0,22,0,0,1,9,5,1650,3261,973693914,2166292534,1048575,46228,0,2
973694874,999,137,0,-110641,253,0,0,22,0,0,1,9,5,1650,3261,973694942,2166292534,1048575,47263,0,2
973695879,1005,137,0,-110641,248,0,0,22,0,0,1,9,5,1650,3261,973695927,2166292534,1048575,48245,0,2
973696926,1047,137,0,-110641,298,0,0,22,0,0,1,9,5,1650,3261,973697001,2166292534,1048575,49328,0,2
973697869,943,137,0,-110641,237,0,0,22,0,0,1,9,5,1650,3261,973697900,2166292537,1048575,0,0,2
973698872,1003,137,0,-110641,247,0,0,22,0,0,1,9,5,1650,3261,973698907,2166292537,1048575,467,0,2
973699847,975,137,0,-110641,229,0,0,22,0,0,1,9,5,1650,3261,973699871,2166292537,1048575,1432,0,2
973700857,1010,137,0,-110641,225,0,0,22,0,0,1,9,5,1650,3261,973700884,2166292537,1048575,2443,0,2
973701852,995,137,0,-110641,222,0,0,22,0,0,1,9,5,1650,3261,973701874,2166292537,1048575,3433,0,2
973702855,1003,137,0,-110641,233,0,0,22,0,0,1,9,5,1650,3261,973702887,2166292537,1048575,4447,0,2
973703848,993,137,0,-110641,228,0,0,22,0,0,1,9,5,1650,3261,973703872,2166292537,1048575,5432,0,2
973704843,995,137,0,-110641,225,0,0,22,0,0,1,9,5,1650,3261,973704869,2166292537,1048575,6430,0,2
973705943,1100,137,0,-110641,320,0,0,22,0,0,1,9,5,1650,3261,973706041,2166292537,1048575,7618,0,2
973707024,1081,137,0,-110641,398,0,0,22,0,0,1,9,5,1650,3261,973707126,2166292537,1048575,8708,0,2
973707901,877,137,0,-110641,268,0,0,22,0,0,1,9,5,1650,3261,973707964,2166292537,1048575,9533,0,2
973708882,981,137,0,-110641,258,0,0,22,0,0,1,9,5,1650,3261,973708953,2166292537,1048575,10522,0,2
973709887,1005,137,0,-110641,261,0,0,22,0,0,1,9,5,1650,3261,973709932,2166292537,1048575,11503,0,2
973710876,989,137,0,-110641,257,0,0,22,0,0,1,9,5,1650,3261,973710944,2166292537,1048575,12516,0,2
973711877,1001,137,0,-110641,248,0,0,22,0,0,1,9,5,1650,3261,973711922,2166292537,1048575,13484,0,2
973712870,993,137,0,-110641,243,0,0,22,0,0,1,9,5,1650,3261,973712936,2166292537,1048575,14511,0,2
973713872,1002,137,0,-110641,252,0,0,22,0,0,1,9,5,1650,3261,973713904,2166292537,1048575,15469,0,2
973714879,1007,137,0,-110641,254,0,0,22,0,0,1,9,5,1650,3261,973714949,2166292537,1048575,16520,0,2
973715872,993,137,0,-110641,251,0,0,22,0,0,1,9,5,1650,3261,973715922,2166292537,1048575,17486,0,2
973716911,1039,137,0,-110641,293,0,0,22,0,0,1,9,5,1650,3261,973716991,2166292537,1048575,18568,0,2
973717860,949,137,0,-110641,238,0,0,22,0,0,1,9,5,1650,3261,973717882,2166292537,1048575,19448,0,2
973718855,995,137,0,-110641,236,0,0,22,0,0,1,9,5,1650,3261,973718889,2166292537,1048575,20449,0,2
973719852,997,137,0,-110641,227,0,0,22,0,0,1,9,5,1650,3261,973719877,2166292537,1048575,21438,0,2
973720848,996,137,0,-110641,225,0,0,22,0,0,1,9,5,1650,3261,973720874,2166292537,1048575,22435,0,2
973721846,998,137,0,-110641,226,0,0,22,0,0,1,9,5,1650,3261,973721872,2166292537,1048575,23432,0,2
973722853,1007,137,0,-110641,233,0,0,22,0,0,1,9,5,1650,3261,973722885,2166292537,1048575,24445,0,2
973723846,993,137,0,-110641,228,0,0,22,0,0,1,9,5,1650,3261,973723870,2166292537,1048575,25431,0,2
973724856,1010,137,0,-110641,225,0,0,22,0,0,1,9,5,1650,3261,973724885,2166292537,1048575,26449,0,2
973725943,1087,137,0,-110641,311,0,0,22,0,0,1,9,5,1650,3261,973726034,2166292537,1048575,27611,0,2
973727018,1075,137,0,-110641,376,0,0,22,0,0,1,9,5,1650,3261,973727125,2166292537,1048575,28713,0,2
973727891,873,137,0,-110641,266,0,0,22,0,0,1,9,5,1650,3261,973727953,2166292537,1048575,29521,0,2
973728891,1000,137,0,-110641,264,0,0,22,0,0,1,9,5,1650,3261,973728951,2166292537,1048575,30522,0,2
973729874,983,137,0,-110641,249,0,0,22,0,0,1,9,5,1650,3261,973729916,2166292537,1048575,31477,0,2
973730878,1004,137,0,-110641,254,0,0,22,0,0,1,9,5,1650,3261,973730943,2166292537,1048575,32514,0,2
973731887,1009,137,0,-110641,255,0,0,22,0,0,1,9,5,1650,3261,973731921,2166292537,1048575,33482,0,2
973732857,970,137,0,-110641,237,0,0,22,0,0,1,9,5,1650,3261,973732913,2166292537,1048575,34492,0,2
973733871,1014,137,0,-110641,250,0,0,22,0,0,1,9,5,1650,3261,973733909,2166292537,1048575,35470,0,2
973734888,1017,137,0,-110641,259,0,0,22,0,0,1,9,5,1650,3261,973734952,2166292537,1048575,36523,0,2
973735872,984,137,0,-110641,247,0,0,22,0,0,1,9,5,1650,3261,973735917,2166292537,1048575,37481,0,2
973736916,1044,137,0,-110641,296,0,0,22,0,0,1,9,5,1650,3261,973736991,2166292537,1048575,38568,0,2
973737857,941,137,0,-110641,237,0,0,22,0,0,1,9,5,1650,3261,973737880,2166292537,1048575,39442,0,2
973738854,997,137,0,-110641,236,0,0,22,0,0,1,9,5,1650,3261,973738888,2166292537,1048575,40448,0,2
973739852,998,137,0,-110641,228,0,0,22,0,0,1,9,5,1650,3261,973739876,2166292537,1048575,41438,0,2
973740848,996,137,0,-110641,226,0,0,22,0,0,1,9,5,1650,3261,973740874,2166292537,1048575,42434,0,2
973741844,996,137,0,-110641,225,0,0,22,0,0,1,9,5,1650,3261,973741871,2166292537,1048575,43431,0,2
973742854,1010,137,0,-110641,233,0,0,22,0,0,1,9,5,1650,3261,973742886,2166292537,1048575,44447,0,2
973743847,993,137,0,-110641,227,0,0,22,0,0,1,9,5,1650,3261,973743872,2166292537,1048575,45432,0,2
973744857,1010,137,0,-110641,225,0,0,22,0,0,1,9,5,1650,3261,973744887,2166292537,1048575,46452,0,2
973745944,1087,137,0,-110641,313,0,0,22,0,0,1,9,5,1650,3261,973746040,2166292537,1048575,47616,0,2
973747013,1069,137,0,-110641,387,0,0,22,0,0,1,9,5,1650,3261,973747116,2166292537,1048575,48701,0,2
973747897,884,137,0,-110641,267,0,0,22,0,0,1,9,5,1650,3261,973747961,2166292537,1048575,49533,0,2
973748884,987,137,0,-110641,259,0,0,22,0,0,1,9,5,1650,3261,973748953,2166292534,1048575,1,0,2
973749892,1008,137,0,-110641,269,0,0,22,0,0,1,9,5,1650,3261,973749956,2166292534,1048575,468,0,2
973750898,1006,137,0,-110641,272,0,0,22,0,0,1,9,5,1650,3261,973750971,2166292534,1048575,1485,0,2
973751878,980,137,0,-110641,252,0,0,22,0,0,1,9,5,1650,3261,973751911,2166292534,1048575,2415,0,2
973752870,992,137,0,-110641,241,0,0,22,0,0,1,9,5,1650,3261,973752926,2166292534,1048575,3443,0,2
973753872,1002,137,0,-110641,249,0,0,22,0,0,1,9,5,1650,3261,973753909,2166292534,1048575,4412,0,2
973754872,1000,137,0,-110641,251,0,0,22,0,0,1,9,5,1650,3261,973754936,2166292534,1048575,5450,0,2
973755873,1001,137,0,-110641,251,0,0,22,0,0,1,9,5,1650,3261,973755920,2166292534,1048575,6426,0,2
973756916,1043,137,0,-110641,296,0,0,22,0,0,1,9,5,1650,3261,973756990,2166292534,1048575,7511,0,2
973757858,942,137,0,-110641,238,0,0,22,0,0,1,9,5,1650,3261,973757880,2166292534,1048575,8387,0,2
973758858,1000,137,0,-110641,239,0,0,22,0,0,1,9,5,1650,3261,973758894,2166292534,1048575,9398,0,2
973759856,998,137,0,-110641,225,0,0,22,0,0,1,9,5,1650,3261,973759878,2166292534,1048575,10381,0,2
973760848,992,137,0,-110641,225,0,0,22,0,0,1,9,5,1650,3261,973760875,2166292534,1048575,11379,0,2
973761846,998,137,0,-110641,225,0,0,22,0,0,1,9,5,1650,3261,973761873,2166292534,1048575,12376,0,2
973762857,1011,137,0,-110641,236,0,0,22,0,0,1,9,5,1650,3261,973762892,2166292534,1048575,13396,0,2
973763851,994,137,0,-110641,225,0,0,22,0,0,1,9,5,1650,3261,973763873,2166292534,1048575,14375,0,2
973764843,992,137,0,-110641,225,0,0,22,0,0,1,9,5,1650,3261,973764869,2166292534,1048575,15372,0,2
973765934,1091,137,0,-110641,309,0,0,22,0,0,1,9,5,1650,3261,973766028,2166292534,1048575,16547,0,2
973767008,1074,137,0,-110641,382,0,0,22,0,0,1,9,5,1650,3261,973767104,2166292534,1048575,17634,0,2
973767893,885,137,0,-110641,268,0,0,22,0,0,1,9,5,1650,3261,973767963,2166292534,1048575,18474,0,2
973768881,988,137,0,-110641,257,0,0,22,0,0,1,9,5,1650,3261,973768951,2166292534,1048575,19468,0,2
973769880,999,137,0,-110641,254,0,0,22,0,0,1,9,5,1650,3261,973769927,2166292534,1048575,20436,0,2
973770892,1012,137,0,-110641,264,0,0,22,0,0,1,9,5,1650,3261,973770954,2166292534,1048575,21466,0,2
973771870,978,137,0,-110641,248,0,0,22,0,0,1,9,5,1650,3261,973771902,2166292534,1048575,22407,0,2
973772869,999,137,0,-110641,243,0,0,22,0,0,1,9,5,1650,3261,973772927,2166292534,1048575,23444,0,2
973773869,1000,137,0,-110641,245,0,0,22,0,0,1,9,5,1650,3261,973773907,2166292534,1048575,24412,0,2
973774888,1019,137,0,-110641,258,0,0,22,0,0,1,9,5,1650,3261,973774954,2166292534,1048575,25467,0,2
973775872,984,137,0,-110641,247,0,0,22,0,0,1,9,5,1650,3261,973775915,2166292534,1048575,26422,0,2
973776928,1056,137,0,-110641,297,0,0,22,0,0,1,9,5,1650,3261,973777007,2166292534,1048575,27527,0,2
973777863,935,137,0,-110641,241,0,0,22,0,0,1,9,5,1650,3261,973777894,2166292534,1048575,28398,0,2
973778856,993,137,0,-110641,238,0,0,22,0,0,1,9,5,1650,3261,973778890,2166292534,1048575,29395,0,2
973779849,993,137,0,-110641,224,0,0,22,0,0,1,9,5,1650,3261,973779871,2166292534,1048575,30374,0,2
973780856,1007,137,0,-110641,225,0,0,22,0,0,1,9,5,1650,3261,973780883,2166292534,1048575,31385,0,2
973781851,995,137,0,-110641,223,0,0,22,0,0,1,9,5,1650,3261,973781873,2166292534,1048575,32375,0,2
973782856,1005,137,0,-110641,236,0,0,22,0,0,1,9,5,1650,3261,973782890,2166292534,1048575,33394,0,2
973783849,993,137,0,-110641,225,0,0,22,0,0,1,9,5,1650,3261,973783871,2166292534,1048575,34373,0,2
973784856,1007,136,-1,-110640,225,0,8,22,0,0,1,9,5,1650,3261,973784884,2166292534,1048575,35393,0,2
973785938,1082,137,1,-110641,310,0,0,22,0,0,1,9,5,1650,3261,973786030,2166292534,1048575,36550,0,2
973787008,1070,137,0,-110641,379,0,0,22,0,0,1,9,5,1650,3261,973787112,2166292534,1048575,37637,0,2
973787893,885,137,0,-110641,267,0,0,22,0,0,1,9,5,1650,3261,973787960,2166292534,1048575,38468,0,2
973788889,996,137,0,-110641,265,0,0,22,0,0,1,9,5,1650,3261,973788952,2166292534,1048575,39465,0,2
973789875,986,137,0,-110641,250,0,0,22,0,0,1,9,5,1650,3261,973789921,2166292534,1048575,40430,0,2
973790893,1018,137,0,-110641,263,0,0,22,0,0,1,9,5,1650,3261,973790956,2166292534,1048575,41470,0,2
973791881,988,137,0,-110641,253,0,0,22,0,0,1,9,5,1650,3261,973791912,2166292534,1048575,42415,0,2
973792868,987,137,0,-110641,241,0,0,22,0,0,1,9,5,1650,3261,973792927,2166292534,1048575,43445,0,2
973793872,1004,136,-1,-110640,245,1,8,22,0,0,1,9,5,1650,3261,973793910,2166292534,1048575,44414,0,2
973794874,1002,137,1,-110641,253,1,0,22,0,0,1,9,5,1650,3261,973794938,2166292534,1048575,45454,0,2
973795877,1003,137,0,-110641,249,0,0,22,0,0,1,9,5,1650,3261,973795924,2166292534,1048575,46434,0,2
973796918,1041,136,-1,-110640,296,1,8,22,0,0,1,9,5,1650,3261,973796992,2166292534,1048575,47513,0,2
973797861,943,136,0,-110640,237,1,8,22,0,0,1,9,5,1650,3261,973797889,2166292534,1048575,48393,0,2
973798863,1002,136,0,-110640,238,1,8,22,0,0,1,9,5,1650,3261,973798897,2166292534,1048575,49402,0,2
973799842,979,136,0,-110640,224,2,8,22,0,0,1,9,5,1650,3261,973799865,2166292537,1048575,1,0,2
973800872,1030,136,0,-110640,240,2,8,22,0,0,1,9,5,1650,3261,973800907,2166292537,1048575,508,0,2
973801854,982,137,1,-110641,224,2,0,22,0,0,1,9,5,1650,3261,973801876,2166292537,1048575,1476,0,2
973802858,1004,137,0,-110641,235,2,0,22,0,0,1,9,5,1650,3261,973802893,2166292537,1048575,2494,0,2
973803851,993,136,-1,-110640,224,2,8,22,0,0,1,9,5,1650,3261,973803874,2166292537,1048575,3473,0,2
973804843,992,136,0,-110640,225,2,8,22,0,0,1,9,5,1650,3261,973804870,2166292537,1048575,4470,0,2
973805945,1102,136,0,-110640,316,2,8,22,0,0,1,9,5,1650,3261,973806042,2166292537,1048575,5658,0,2
973807032,1087,136,0,-110640,393,3,8,22,0,0,1,9,5,1650,3261,973807133,2166292537,1048575,6759,0,2
973807886,854,136,0,-110640,267,3,8,22,0,0,1,9,5,1650,3261,973807950,2166292537,1048575,7558,0,2
973808874,988,136,0,-110640,255,3,8,22,0,0,1,9,5,1650,3261,973808942,2166292537,1048575,8555,0,2
973809880,1006,136,0,-110640,249,3,8,22,0,0,1,9,5,1650,3261,973809925,2166292537,1048575,9532,0,2
973810878,998,136,0,-110640,258,3,8,22,0,0,1,9,5,1650,3261,973810947,2166292537,1048575,10559,0,2
973811866,988,136,0,-110640,246,4,8,22,0,0,1,9,5,1650,3261,973811907,2166292537,1048575,11511,0,2
973812871,1005,136,0,-110640,243,4,8,22,0,0,1,9,5,1650,3261,973812934,2166292537,1048575,12547,0,2
973813880,1009,136,0,-110640,249,4,8,22,0,0,1,9,5,1650,3261,973813912,2166292537,1048575,13517,0,2
973814895,1015,136,0,-110640,263,4,0,22,0,0,1,9,5,1650,3261,973814952,2166292537,1048575,14562,0,2
973815870,975,136,0,-110640,246,4,0,22,0,0,1,9,5,1650,3261,973815915,2166292537,1048575,15518,0,2
973816919,1049,136,0,-110640,299,4,8,22,0,0,1,9,5,1650,3261,973816996,2166292537,1048575,16613,0,2
973817864,945,136,0,-110640,236,4,8,22,0,0,1,9,5,1650,3261,973817895,2166292537,1048575,17497,0,2
973818856,992,136,0,-110640,235,4,8,22,0,0,1,9,5,1650,3261,973818888,2166292537,1048575,18489,0,2
973819849,993,136,0,-110640,227,4,8,22,0,0,1,9,5,1650,3261,973819874,2166292537,1048575,19474,0,2
973820845,996,136,0,-110640,225,4,8,22,0,0,1,9,5,1650,3261,973820871,2166292537,1048575,20471,0,2
973821858,1013,136,0,-110640,225,5,8,22,0,0,1,9,5,1650,3261,973821886,2166292537,1048575,21489,0,2
973822858,1000,136,0,-110640,233,5,8,22,0,0,1,9,5,1650,3261,973822889,2166292537,1048575,22489,0,2
973823850,992,136,0,-110640,227,5,8,22,0,0,1,9,5,1650,3261,973823875,2166292537,1048575,23475,0,2
973824845,995,136,0,-110640,225,5,0,22,0,0,1,9,5,1650,3261,973824872,2166292537,1048575,24472,0,2
973825932,1087,136,0,-110640,314,5,8,22,0,0,1,9,5,1650,3261,973826025,2166292537,1048575,25642,0,2
973827018,1086,136,0,-110640,380,5,0,22,0,0,1,9,5,1650,3261,973827122,2166292537,1048575,26745,0,2
973827892,874,136,0,-110640,265,4,0,22,0,0,1,9,5,1650,3261,973827956,2166292537,1048575,27562,0,2
973828879,987,136,0,-110640,259,4,0,22,0,0,1,9,5,1650,3261,973828945,2166292537,1048575,28554,0,2
973829866,987,136,0,-110640,248,4,0,22,0,0,1,9,5,1650,3261,973829910,2166292537,1048575,29516,0,2
973830871,1005,136,0,-110640,253,4,0,22,0,0,1,9,5,1650,3261,973830931,2166292537,1048575,30547,0,2
973831873,1002,136,0,-110640,254,4,8,22,0,0,1,9,5,1650,3261,973831904,2166292537,1048575,31505,0,2
973832862,989,136,0,-110640,239,4,8,22,0,0,1,9,5,1650,3261,973832927,2166292537,1048575,32543,0,2
973833886,1024,136,0,-110640,256,4,0,22,0,0,1,9,5,1650,3261,973833925,2166292537,1048575,33529,0,2
973834873,987,136,0,-110640,253,4,0,22,0,0,1,9,5,1650,3261,973834941,2166292537,1048575,34554,0,2
973835876,1003,136,0,-110640,249,4,0,22,0,0,1,9,5,1650,3261,973835919,2166292537,1048575,35528,0,2
973836914,1038,136,0,-110640,296,4,0,22,0,0,1,9,5,1650,3261,973836990,2166292537,1048575,36607,0,2
973837861,947,136,0,-110640,237,3,0,22,0,0,1,9,5,1650,3261,973837889,2166292537,1048575,37492,0,2
973838865,1004,136,0,-110640,235,3,0,22,0,0,1,9,5,1650,3261,973838897,2166292537,1048575,38498,0,2
973839859,994,136,0,-110640,228,3,0,22,0,0,1,9,5,1650,3261,973839885,2166292537,1048575,39485,0,2
973840855,996,136,0,-110640,225,3,0,22,0,0,1,9,5,1650,3261,973840882,2166292537,1048575,40482,0,2
973841851,996,136,0,-110640,223,3,0,22,0,0,1,9,5,1650,3261,973841873,2166292537,1048575,41472,0,2
973842853,1002,136,0,-110640,233,3,0,22,0,0,1,9,5,1650,3261,973842885,2166292537,1048575,42485,0,2
973843846,993,136,0,-110640,228,3,0,22,0,0,1,9,5,1650,3261,973843870,2166292537,1048575,43470,0,2
973844856,1010,136,0,-110640,225,3,0,22,0,0,1,9,5,1650,3261,973844885,2166292537,1048575,44488,0,2
973845939,1083,136,0,-110640,314,3,0,22,0,0,1,9,5,1650,3261,973846032,2166292537,1048575,45647,0,2
973847018,1079,136,0,-110640,383,2,0,22,0,0,1,9,5,1650,3261,973847125,2166292537,1048575,46751,0,2
973847897,879,136,0,-110640,268,2,0,22,0,0,1,9,5,1650,3261,973847961,2166292537,1048575,47565,0,2
973848886,989,136,0,-110640,261,2,0,22,0,0,1,9,5,1650,3261,973848956,2166292537,1048575,48566,0,2
973849880,994,136,0,-110640,253,2,0,22,0,0,1,9,5,1650,3261,973849925,2166292537,1048575,49532,0,2
973850875,995,136,0,-110640,255,2,0,22,0,0,1,9,5,1650,3261,973850939,2166292535,1048575,1,0,2
973851900,1025,136,0,-110640,270,2,0,22,0,0,1,9,5,1650,3261,973851943,2166292535,1048575,456,0,2
973852881,981,136,0,-110640,253,2,0,22,0,0,1,9,5,1650,3261,973852950,2166292535,1048575,1470,0,2
973853880,999,136,0,-110640,250,2,0,22,0,0,1,9,5,1650,3261,973853920,2166292535,1048575,2436,0,2
973854873,993,136,0,-110640,254,2,0,22,0,0,1,9,5,1650,3261,973854935,2166292535,1048575,3462,0,2
973855873,1000,136,0,-110640,248,2,0,22,0,0,1,9,5,1650,3261,973855920,2166292535,1048575,4434,0,2
973856932,1059,136,0,-110640,300,2,0,22,0,0,1,9,5,1650,3261,973857007,2166292535,1048575,5535,0,2
973857857,925,136,0,-110640,237,2,0,22,0,0,1,9,5,1650,3261,973857879,2166292535,1048575,6393,0,2
973858857,1000,136,0,-110640,239,2,0,22,0,0,1,9,5,1650,3261,973858893,2166292535,1048575,7405,0,2
973859855,998,136,0,-110640,225,1,0,22,0,0,1,9,5,1650,3261,973859877,2166292535,1048575,8388,0,2
973860847,992,136,0,-110640,225,1,0,22,0,0,1,9,5,1650,3261,973860874,2166292535,1048575,9385,0,2
973861844,997,136,0,-110640,225,1,0,22,0,0,1,9,5,1650,3261,973861871,2166292535,1048575,10383,0,2
973862857,1013,136,0,-110640,236,1,0,22,0,0,1,9,5,1650,3261,973862892,2166292535,1048575,11404,0,2
973863851,994,136,0,-110640,224,1,0,22,0,0,1,9,5,1650,3261,973863874,2166292535,1048575,12383,0,2
973864843,992,136,0,-110640,225,1,0,22,0,0,1,9,5,1650,3261,973864869,2166292535,1048575,13381,0,2
973865933,1090,136,0,-110640,315,1,0,22,0,0,1,9,5,1650,3261,973866028,2166292535,1048575,14555,0,2
973867009,1076,136,0,-110640,375,1,0,22,0,0,1,9,5,1650,3261,973867112,2166292535,1048575,15646,0,2
973867886,877,136,0,-110640,267,1,0,22,0,0,1,9,5,1650,3261,973867950,2166292535,1048575,16473,0,2
973868889,1003,136,0,-110640,261,1,0,22,0,0,1,9,5,1650,3261,973868952,2166292535,1048575,17472,0,2
973869870,981,136,0,-110640,250,1,0,22,0,0,1,9,5,1650,3261,973869917,2166292535,1048575,18431,0,2
973870872,1002,136,0,-110640,253,1,0,22,0,0,1,9,5,1650,3261,973870932,2166292535,1048575,19459,0,2
973871873,1001,136,0,-110640,252,1,0,22,0,0,1,9,5,1650,3261,973871904,2166292535,1048575,20415,0,2
973872861,988,136,0,-110640,237,1,0,22,0,0,1,9,5,1650,3261,973872917,2166292535,1048575,21444,0,2
973873872,1011,136,0,-110640,250,1,0,22,0,0,1,9,5,1650,3261,973873910,2166292535,1048575,22424,0,2
973874874,1002,136,0,-110640,254,1,0,22,0,0,1,9,5,1650,3261,973874938,2166292535,1048575,23460,0,2
973875868,994,136,0,-110640,247,1,0,22,0,0,1,9,5,1650,3261,973875914,2166292535,1048575,24434,0,2
973876919,1051,136,0,-110640,297,1,0,22,0,0,1,9,5,1650,3261,973876996,2166292535,1048575,25524,0,2
973877858,939,136,0,-110640,238,1,0,22,0,0,1,9,5,1650,3261,973877882,2166292535,1048575,26396,0,2
973878857,999,136,0,-110640,236,1,0,22,0,0,1,9,5,1650,3261,973878889,2166292535,1048575,27400,0,2
973879850,993,136,0,-110640,228,1,0,22,0,0,1,9,5,1650,3261,973879874,2166292535,1048575,28385,0,2
973880845,995,136,0,-110640,226,1,0,22,0,0,1,9,5,1650,3261,973880871,2166292535,1048575,29383,0,2
973881858,1013,136,0,-110640,226,1,0,22,0,0,1,9,5,1650,3261,973881886,2166292535,1048575,30399,0,2
973882858,1000,136,0,-110640,233,1,0,22,0,0,1,9,5,1650,3261,973882889,2166292535,1048575,31400,0,2
973883850,992,136,0,-110640,228,1,0,22,0,0,1,9,5,1650,3261,973883874,2166292535,1048575,32386,0,2
973884845,995,136,0,-110640,225,1,0,22,0,0,1,9,5,1650,3261,973884871,2166292535,1048575,33382,0,2
973885940,1095,136,0,-110640,310,1,0,22,0,0,1,9,5,1650,3261,973886032,2166292535,1048575,34559,0,2
973887008,1068,136,0,-110640,375,0,0,22,0,0,1,9,5,1650,3261,973887110,2166292535,1048575,35646,0,2
973887893,885,136,0,-110640,269,0,0,22,0,0,1,9,5,1650,3261,973887959,2166292535,1048575,36478,0,2
973888895,1002,136,0,-110640,263,0,0,22,0,0,1,9,5,1650,3261,973888959,2166292535,1048575,37481,0,2
973889876,981,136,0,-110640,254,0,0,22,0,0,1,9,5,1650,3261,973889922,2166292535,1048575,38440,0,2
973890892,1016,136,0,-110640,260,0,0,22,0,0,1,9,5,1650,3261,973890954,2166292535,1048575,39476,0,2
973891879,987,136,0,-110640,252,0,0,22,0,0,1,9,5,1650,3261,973891912,2166292535,1048575,40424,0,2
973892864,985,136,0,-110640,238,0,0,22,0,0,1,9,5,1650,3261,973892922,2166292535,1048575,41447,0,2
973893871,1007,136,0,-110640,249,0,0,22,0,0,1,9,5,1650,3261,973893909,2166292535,1048575,42421,0,2
973894890,1019,136,0,-110640,260,0,0,22,0,0,1,9,5,1650,3261,973894956,2166292535,1048575,43478,0,2
973895883,993,136,0,-110640,253,0,0,22,0,0,1,9,5,1650,3261,973895930,2166292535,1048575,44449,0,2
973896930,1047,136,0,-110640,298,0,0,22,0,0,1,9,5,1650,3261,973897005,2166292535,1048575,45533,0,2
973897856,926,136,0,-110640,238,0,0,22,0,0,1,9,5,1650,3261,973897879,2166292535,1048575,46393,0,2
973898856,1000,136,0,-110640,238,0,0,22,0,0,1,9,5,1650,3261,973898891,2166292535,1048575,47404,0,2
973899854,998,136,0,-110640,225,0,0,22,0,0,1,9,5,1650,3261,973899876,2166292535,1048575,48387,0,2
973900847,993,136,0,-110640,225,0,0,22,0,0,1,9,5,1650,3261,973900872,2166292535,1048575,49384,0,2
973901843,996,136,0,-110640,225,0,0,22,0,0,1,9,5,1650,3261,973901869,2166292533,1048575,1,0,2
973902871,1028,136,0,-110640,247,0,0,22,0,0,1,9,5,1650,3261,973902907,2166292533,1048575,500,0,2
973903848,977,136,0,-110640,226,0,0,22,0,0,1,9,5,1650,3261,973903870,2166292533,1048575,1460,0,2
973904856,1008,136,0,-110640,225,0,0,22,0,0,1,9,5,1650,3261,973904882,2166292533,1048575,2478,0,2
973905941,1085,136,0,-110640,318,0,0,22,0,0,1,9,5,1650,3261,973906036,2166292533,1048575,3643,0,2
973907025,1084,136,0,-110640,386,0,0,22,0,0,1,9,5,1650,3261,973907127,2166292533,1048575,4741,0,2
973907891,866,136,0,-110640,263,0,0,22,0,0,1,9,5,1650,3261,973907957,2166292533,1048575,5558,0,2
973908881,990,136,0,-110640,260,0,0,22,0,0,1,9,5,1650,3261,973908948,2166292533,1048575,6549,0,2
973909874,993,136,0,-110640,249,0,0,22,0,0,1,9,5,1650,3261,973909916,2166292533,1048575,7510,0,2
973910893,1019,136,0,-110640,262,0,0,22,0,0,1,9,5,1650,3261,973910956,2166292533,1048575,8556,0,2
973911878,985,136,0,-110640,251,0,0,22,0,0,1,9,5,1650,3261,973911917,2166292533,1048575,9508,0,2
973912873,995,136,0,-110640,242,0,0,22,0,0,1,9,5,1650,3261,973912931,2166292533,1048575,10538,0,2
973913882,1009,136,0,-110640,250,0,0,22,0,0,1,9,5,1650,3261,973913924,2166292533,1048575,11521,0,2
973914892,1010,136,0,-110640,260,0,0,22,0,0,1,9,5,1650,3261,973914955,2166292533,1048575,12556,0,2
973915874,982,136,0,-110640,248,0,0,22,0,0,1,9,5,1650,3261,973915923,2166292533,1048575,13523,0,2
973916918,1044,136,0,-110640,294,0,0,22,0,0,1,9,5,1650,3261,973916995,2166292533,1048575,14604,0,2
973917862,944,136,0,-110640,238,0,0,22,0,0,1,9,5,1650,3261,973917890,2166292533,1048575,15482,0,2
973918863,1001,136,0,-110640,237,0,0,22,0,0,1,9,5,1650,3261,973918895,2166292533,1048575,16487,0,2
973919857,994,136,0,-110640,228,0,0,22,0,0,1,9,5,1650,3261,973919883,2166292533,1048575,17474,0,2
973920853,996,136,0,-110640,225,0,0,22,0,0,1,9,5,1650,3261,973920880,2166292533,1048575,18472,0,2
973921849,996,136,0,-110640,222,0,0,22,0,0,1,9,5,1650,3261,973921872,2166292533,1048575,19462,0,2
973922852,1003,136,0,-110640,233,0,0,22,0,0,1,9,5,1650,3261,973922884,2166292533,1048575,20475,0,2
973923860,1008,136,0,-110640,228,0,0,22,0,0,1,9,5,1650,3261,973923886,2166292533,1048575,21477,0,2
973924856,996,136,0,-110640,225,0,0,22,0,0,1,9,5,1650,3261,973924885,2166292533,1048575,22479,0,2
973925934,1078,136,0,-110640,313,0,0,22,0,0,1,9,5,1650,3261,973926025,2166292533,1048575,23631,0,2
973927018,1084,136,0,-110640,376,0,0,22,0,0,1,9,5,1650,3261,973927123,2166292533,1048575,24740,0,2
973927890,872,136,0,-110640,269,0,0,22,0,0,1,9,5,1650,3261,973927952,2166292533,1048575,25552,0,2
973928889,999,136,0,-110640,265,0,0,22,0,0,1,9,5,1650,3261,973928952,2166292533,1048575,26554,0,2
973929876,987,136,0,-110640,249,0,0,22,0,0,1,9,5,1650,3261,973929922,2166292533,1048575,27517,0,2
973930892,1016,136,0,-110640,260,0,0,22,0,0,1,9,5,1650,3261,973930954,2166292533,1048575,28555,0,2
973931876,984,136,0,-110640,248,0,0,22,0,0,1,9,5,1650,3261,973931910,2166292533,1048575,29501,0,2
973932868,992,136,0,-110640,241,0,0,22,0,0,1,9,5,1650,3261,973932926,2166292533,1048575,30531,0,2
973933873,1005,136,0,-110640,246,0,0,22,0,0,1,9,5,1650,3261,973933911,2166292533,1048575,31504,0,2
973934872,999,136,0,-110640,253,0,0,22,0,0,1,9,5,1650,3261,973934937,2166292533,1048575,32541,0,2
973935875,1003,136,0,-110640,248,0,0,22,0,0,1,9,5,1650,3261,973935923,2166292533,1048575,33520,0,2
973936918,1043,136,0,-110640,298,0,0,22,0,0,1,9,5,1650,3261,973936992,2166292533,1048575,34599,0,2
973937870,952,136,0,-110640,238,0,0,22,0,0,1,9,5,1650,3261,973937901,2166292533,1048575,35493,0,2
973938863,993,136,0,-110640,238,0,0,22,0,0,1,9,5,1650,3261,973938897,2166292533,1048575,36490,0,2
973939857,994,136,0,-110640,225,0,0,22,0,0,1,9,5,1650,3261,973939879,2166292533,1048575,37471,0,2
973940850,993,136,0,-110640,225,0,0,22,0,0,1,9,5,1650,3261,973940876,2166292533,1048575,38468,0,2
973941847,997,136,0,-110640,225,0,0,22,0,0,1,9,5,1650,3261,973941874,2166292533,1048575,39466,0,2
973942858,1011,136,0,-110640,236,0,0,22,0,0,1,9,5,1650,3261,973942893,2166292533,1048575,40485,0,2
973943852,994,136,0,-110640,225,0,0,22,0,0,1,9,5,1650,3261,973943874,2166292533,1048575,41464,0,2
973944843,991,136,0,-110640,225,0,0,22,0,0,1,9,5,1650,3261,973944869,2166292533,1048575,42461,0,2
973945941,1098,136,0,-110640,314,0,0,22,0,0,1,9,5,1650,3261,973946036,2166292533,1048575,43644,0,2
973947010,1069,136,0,-110640,386,0,0,22,0,0,1,9,5,1650,3261,973947111,2166292533,1048575,44726,0,2
973947896,886,136,0,-110640,267,0,0,22,0,0,1,9,5,1650,3261,973947962,2166292533,1048575,45560,0,2
973948892,996,136,0,-110640,262,0,0,22,0,0,1,9,5,1650,3261,973948955,2166292533,1048575,46556,0,2
973949888,996,136,0,-110640,256,0,0,22,0,0,1,9,5,1650,3261,973949930,2166292533,1048575,47531,0,2
973950883,995,136,0,-110640,257,0,0,22,0,0,1,9,5,1650,3261,973950952,2166292533,1048575,48555,0,2
973951879,996,136,0,-110640,253,0,0,22,0,0,1,9,5,1650,3261,973951912,2166292533,1048575,49504,0,2
973952866,987,136,0,-110640,238,0,0,22,0,0,1,9,5,1650,3261,973952924,2166292535,1048575,1,0,2
973953888,1022,136,0,-110640,266,0,0,22,0,0,1,9,5,1650,3261,973953951,2166292535,1048575,484,0,2
973954898,1010,136,0,-110640,269,0,0,22,0,0,1,9,5,1650,3261,973954975,2166292535,1048575,1515,0,2
973955871,973,136,0,-110640,253,0,0,22,0,0,1,9,5,1650,3261,973955926,2166292535,1048575,2463,0,2
973956928,1057,136,0,-110640,296,0,0,22,0,0,1,9,5,1650,3261,973957002,2166292535,1048575,3549,0,2
973957859,931,136,0,-110640,237,0,0,22,0,0,1,9,5,1650,3261,973957881,2166292535,1048575,4414,0,2
973958861,1002,136,0,-110640,240,0,0,22,0,0,1,9,5,1650,3261,973958896,2166292535,1048575,5426,0,2
973959843,982,136,0,-110640,225,0,0,22,0,0,1,9,5,1650,3261,973959865,2166292535,1048575,6393,0,2
973960850,1007,136,0,-110640,226,0,0,22,0,0,1,9,5,1650,3261,973960876,2166292535,1048575,7407,0,2
973961849,999,136,0,-110640,226,0,0,22,0,0,1,9,5,1650,3261,973961875,2166292535,1048575,8405,0,2
973962860,1011,136,0,-110640,236,0,0,22,0,0,1,9,5,1650,3261,973962894,2166292535,1048575,9424,0,2
973963853,993,136,0,-110640,225,0,0,22,0,0,1,9,5,1650,3261,973963875,2166292535,1048575,10403,0,2
973964844,991,136,0,-110640,225,0,0,22,0,0,1,9,5,1650,3261,973964871,2166292535,1048575,11400,0,2
973965947,1103,136,0,-110640,314,0,0,22,0,0,1,9,5,1650,3261,973966040,2166292535,1048575,12585,0,2
973967010,1063,136,0,-110640,369,0,0,22,0,0,1,9,5,1650,3261,973967112,2166292535,1048575,13667,0,2
973967887,877,136,0,-110640,269,0,0,22,0,0,1,9,5,1650,3261,973967949,2166292535,1048575,14487,0,2
973968893,1006,136,0,-110640,260,0,0,22,0,0,1,9,5,1650,3261,973968951,2166292535,1048575,15490,0,2
973969874,981,136,0,-110640,248,0,0,22,0,0,1,9,5,1650,3261,973969916,2166292535,1048575,16447,0,2
973970888,1014,136,0,-110640,260,0,0,22,0,0,1,9,5,1650,3261,973970947,2166292535,1048575,17487,0,2
973971869,981,136,0,-110640,251,0,0,22,0,0,1,9,5,1650,3261,973971900,2166292535,1048575,18429,0,2
973972863,994,136,0,-110640,242,0,0,22,0,0,1,9,5,1650,3261,973972922,2166292535,1048575,19464,0,2
973973870,1007,136,0,-110640,248,0,0,22,0,0,1,9,5,1650,3261,973973909,2166292535,1048575,20443,0,2
973974875,1005,136,0,-110640,254,0,0,22,0,0,1,9,5,1650,3261,973974942,2166292535,1048575,21483,0,2
973975876,1001,136,0,-110640,248,0,0,22,0,0,1,9,5,1650,3261,973975923,2166292535,1048575,22454,0,2
973976918,1042,136,0,-110640,300,0,0,22,0,0,1,9,5,1650,3261,973976996,2166292535,1048575,23542,0,2
973977866,948,136,0,-110640,238,0,0,22,0,0,1,9,5,1650,3261,973977895,2166292535,1048575,24428,0,2
973978857,991,136,0,-110640,237,0,0,22,0,0,1,9,5,1650,3261,973978889,2166292535,1048575,25418,0,2
973979850,993,136,0,-110640,228,0,0,22,0,0,1,9,5,1650,3261,973979874,2166292535,1048575,26404,0,2
973980845,995,136,0,-110640,225,0,0,22,0,0,1,9,5,1650,3261,973980871,2166292535,1048575,27400,0,2
973981858,1013,136,0,-110640,225,0,0,22,0,0,1,9,5,1650,3261,973981886,2166292535,1048575,28418,0,2
973982858,1000,136,0,-110640,233,0,0,22,0,0,1,9,5,1650,3261,973982889,2166292535,1048575,29418,0,2
973983850,992,136,0,-110640,228,0,0,22,0,0,1,9,5,1650,3261,973983874,2166292535,1048575,30403,0,2
973984844,994,136,0,-110640,225,0,0,22,0,0,1,9,5,1650,3261,973984871,2166292535,1048575,31400,0,2
973985941,1097,136,0,-110640,310,0,0,22,0,0,1,9,5,1650,3261,973986035,2166292535,1048575,32581,0,2
973987010,1069,136,0,-110640,370,0,0,22,0,0,1,9,5,1650,3261,973987113,2166292535,1048575,33667,0,2
973987903,893,136,0,-110640,270,0,0,22,0,0,1,9,5,1650,3261,973987967,2166292535,1048575,34508,0,2
973988877,974,136,0,-110640,257,0,0,22,0,0,1,9,5,1650,3261,973988949,2166292535,1048575,35492,0,2
973989876,999,136,0,-110640,251,0,0,22,0,0,1,9,5,1650,3261,973989921,2166292535,1048575,36452,0,2
973990890,1014,136,0,-110640,264,0,0,22,0,0,1,9,5,1650,3261,973990952,2166292535,1048575,37492,0,2
973991875,985,136,0,-110640,251,0,0,22,0,0,1,9,5,1650,3261,973991905,2166292535,1048575,38434,0,2
973992863,988,136,0,-110640,241,0,0,22,0,0,1,9,5,1650,3261,973992924,2166292535,1048575,39469,0,2
973993876,1013,136,0,-110640,249,0,0,22,0,0,1,9,5,1650,3261,973993915,2166292535,1048575,40448,0,2
973994878,1002,136,0,-110640,254,0,0,22,0,0,1,9,5,1650,3261,973994948,2166292535,1048575,41488,0,2
973995869,991,136,0,-110640,247,0,0,22,0,0,1,9,5,1650,3261,973995914,2166292535,1048575,42448,0,2
973996919,1050,137,1,-110641,299,0,-8,22,0,0,1,9,5,1650,3261,973996991,2166292535,1048575,43537,0,2
973997859,940,137,0,-110641,237,-1,-8,22,0,0,1,9,5,1650,3261,973997882,2166292535,1048575,44414,0,2
973998856,997,137,0,-110641,237,-1,-8,22,0,0,1,9,5,1650,3261,973998889,2166292535,1048575,45419,0,2
973999853,997,137,0,-110641,227,-1,-8,22,0,0,1,9,5,1650,3261,973999878,2166292535,1048575,46408,0,2
974000850,997,137,0,-110641,225,-1,-8,22,0,0,1,9,5,1650,3261,974000876,2166292535,1048575,47408,0,2
974001850,1000,137,0,-110641,225,-2,-8,22,0,0,1,9,5,1650,3261,974001876,2166292535,1048575,48407,0,2
974002858,1008,137,0,-110641,233,-2,-8,22,0,0,1,9,5,1650,3261,974002889,2166292535,1048575,49418,0,2
974003850,992,137,0,-110641,228,-2,-8,22,0,0,1,9,5,1650,3261,974003875,2166292535,1048575,1,0,2
974004854,1004,137,0,-110641,233,-2,-8,22,0,0,1,9,5,1650,3261,974004885,2166292535,1048575,482,0,2
974005941,1087,137,0,-110641,318,-3,-8,22,0,0,1,9,5,1650,3261,974006038,2166292535,1048575,1647,0,2
974007036,1095,137,0,-110641,401,-3,-8,22,0,0,1,9,5,1650,3261,974007140,2166292535,1048575,2759,0,2
974007887,851,137,0,-110641,265,-3,-8,22,0,0,1,9,5,1650,3261,974007949,2166292535,1048575,3551,0,2
974008877,990,137,0,-110641,259,-3,-8,22,0,0,1,9,5,1650,3261,974008944,2166292535,1048575,4548,0,2
974009865,988,137,0,-110641,247,-3,-8,22,0,0,1,9,5,1650,3261,974009906,2166292535,1048575,5503,0,2
974010876,1011,137,0,-110641,258,-4,-8,22,0,0,1,9,5,1650,3261,974010939,2166292535,1048575,6543,0,2
974011869,993,137,0,-110641,247,-4,-8,22,0,0,1,9,5,1650,3261,974011915,2166292535,1048575,7513,0,2
974012872,1003,137,0,-110641,245,-4,-8,22,0,0,1,9,5,1650,3261,974012939,2166292535,1048575,8546,0,2
974013870,998,137,0,-110641,248,-4,-8,22,0,0,1,9,5,1650,3261,974013903,2166292535,1048575,9497,0,2
974014880,1010,137,0,-110641,259,-4,-8,22,0,0,1,9,5,1650,3261,974014950,2166292535,1048575,10555,0,2
974015870,990,137,0,-110641,246,-4,-8,22,0,0,1,9,5,1650,3261,974015915,2166292535,1048575,11513,0,2
974016917,1047,137,0,-110641,298,-5,-8,22,0,0,1,9,5,1650,3261,974016996,2166292535,1048575,12606,0,2
974017861,944,137,0,-110641,237,-5,-8,22,0,0,1,9,5,1650,3261,974017885,2166292535,1048575,13480,0,2
974018856,995,137,0,-110641,235,-5,-8,22,0,0,1,9,5,1650,3261,974018889,2166292535,1048575,14482,0,2
974019850,994,137,0,-110641,227,-5,-8,22,0,0,1,9,5,1650,3261,974019875,2166292535,1048575,15469,0,2
974020846,996,137,0,-110641,225,-5,-8,22,0,0,1,9,5,1650,3261,974020873,2166292535,1048575,16466,0,2
974021843,997,137,0,-110641,225,-5,-8,22,0,0,1,9,5,1650,3261,974021870,2166292535,1048575,17464,0,2
974022855,1012,137,0,-110641,233,-5,-8,22,0,0,1,9,5,1650,3261,974022887,2166292535,1048575,18480,0,2
974023848,993,137,0,-110641,228,-5,-8,22,0,0,1,9,5,1650,3261,974023872,2166292535,1048575,19465,0,2
974024843,995,137,0,-110641,225,-5,-8,22,0,0,1,9,5,1650,3261,974024869,2166292535,1048575,20463,0,2
974025941,1098,137,0,-110641,313,-6,-8,22,0,0,1,9,5,1650,3261,974026036,2166292535,1048575,21647,0,2
974027015,1074,137,0,-110641,374,-5,0,22,0,0,1,9,5,1650,3261,974027122,2166292535,1048575,22738,0,2
974027898,883,137,0,-110641,269,-5,0,22,0,0,1,9,5,1650,3261,974027962,2166292535,1048575,23565,0,2
974028887,989,137,0,-110641,256,-5,0,22,0,0,1,9,5,1650,3261,974028957,2166292535,1048575,24559,0,2
974029882,995,137,0,-110641,255,-5,0,22,0,0,1,9,5,1650,3261,974029932,2166292535,1048575,25535,0,2
974030892,1010,137,0,-110641,265,-5,0,22,0,0,1,9,5,1650,3261,974030949,2166292535,1048575,26552,0,2
974031866,974,137,0,-110641,246,-4,0,22,0,0,1,9,5,1650,3261,974031896,2166292535,1048575,27489,0,2
974032869,1003,137,0,-110641,244,-4,0,22,0,0,1,9,5,1650,3261,974032932,2166292535,1048575,28540,0,2
974033876,1007,137,0,-110641,244,-4,0,22,0,0,1,9,5,1650,3261,974033914,2166292535,1048575,29510,0,2
974034874,998,137,0,-110641,256,-4,0,22,0,0,1,9,5,1650,3261,974034935,2166292535,1048575,30543,0,2
974035873,999,137,0,-110641,246,-4,0,22,0,0,1,9,5,1650,3261,974035921,2166292535,1048575,31519,0,2
974036923,1050,137,0,-110641,299,-4,0,22,0,0,1,9,5,1650,3261,974037002,2166292535,1048575,32613,0,2
974037863,940,137,0,-110641,237,-3,0,22,0,0,1,9,5,1650,3261,974037892,2166292535,1048575,33488,0,2
974038858,995,137,0,-110641,240,-3,0,22,0,0,1,9,5,1650,3261,974038892,2166292535,1048575,34487,0,2
974039851,993,137,0,-110641,224,-3,0,22,0,0,1,9,5,1650,3261,974039873,2166292535,1048575,35465,0,2
974040858,1007,137,0,-110641,226,-3,0,22,0,0,1,9,5,1650,3261,974040884,2166292535,1048575,36478,0,2
974041854,996,137,0,-110641,223,-3,0,22,0,0,1,9,5,1650,3261,974041876,2166292535,1048575,37469,0,2
974042860,1006,137,0,-110641,238,-3,0,22,0,0,1,9,5,1650,3261,974042894,2166292535,1048575,38489,0,2
974043853,993,137,0,-110641,224,-3,0,22,0,0,1,9,5,1650,3261,974043875,2166292535,1048575,39467,0,2
974044845,992,137,0,-110641,225,-3,0,22,0,0,1,9,5,1650,3261,974044871,2166292535,1048575,40464,0,2
974045945,1100,137,0,-110641,314,-3,0,22,0,0,1,9,5,1650,3261,974046037,2166292535,1048575,41645,0,2
974047015,1070,137,0,-110641,371,-2,0,22,0,0,1,9,5,1650,3261,974047114,2166292535,1048575,42735,0,2
974047890,875,137,0,-110641,267,-2,0,22,0,0,1,9,5,1650,3261,974047952,2166292535,1048575,43553,0,2
974048877,987,137,0,-110641,257,-2,0,22,0,0,1,9,5,1650,3261,974048945,2166292535,1048575,44550,0,2
974049872,995,137,0,-110641,252,-2,0,22,0,0,1,9,5,1650,3261,974049919,2166292535,1048575,45514,0,2
974050879,1007,137,0,-110641,257,-2,0,22,0,0,1,9,5,1650,3261,974050949,2166292535,1048575,46553,0,2
974051875,996,137,0,-110641,251,-2,0,22,0,0,1,9,5,1650,3261,974051906,2166292535,1048575,47499,0,2
974052864,989,137,0,-110641,240,-2,0,22,0,0,1,9,5,1650,3261,974052928,2166292535,1048575,48534,0,2
974053887,1023,137,0,-110641,258,-2,0,22,0,0,1,9,5,1650,3261,974053927,2166292535,1048575,49526,0,2
974054886,999,137,0,-110641,254,-2,0,22,0,0,1,9,5,1650,3261,974054952,2166292534,1048575,1,0,2
974055893,1007,137,0,-110641,269,-2,0,22,0,0,1,9,5,1650,3261,974055964,2166292534,1048575,479,0,2
974056922,1029,137,0,-110641,301,-2,0,22,0,0,1,9,5,1650,3261,974056995,2166292534,1048575,1516,0,2
974057858,936,137,0,-110641,232,-2,0,22,0,0,1,9,5,1650,3261,974057881,2166292534,1048575,2391,0,2
974058859,1001,137,0,-110641,238,-1,0,22,0,0,1,9,5,1650,3261,974058891,2166292534,1048575,3397,0,2
974059854,995,137,0,-110641,227,-1,0,22,0,0,1,9,5,1650,3261,974059878,2166292534,1048575,4385,0,2
974060850,996,137,0,-110641,225,-1,0,22,0,0,1,9,5,1650,3261,974060875,2166292534,1048575,5383,0,2
974061848,998,138,1,-110642,225,-2,-8,22,0,0,1,9,5,1650,3261,974061873,2166292534,1048575,6381,0,2
974062858,1010,137,-1,-110641,234,-2,0,22,0,0,1,9,5,1650,3261,974062889,2166292534,1048575,7395,0,2
974063848,990,137,0,-110641,226,-2,0,22,0,0,1,9,5,1650,3261,974063873,2166292534,1048575,8379,0,2
974064844,996,137,0,-110641,225,-1,0,22,0,0,1,9,5,1650,3261,974064870,2166292534,1048575,9377,0,2
974065935,1091,137,0,-110641,315,-1,0,22,0,0,1,9,5,1650,3261,974066025,2166292534,1048575,10547,0,2
974067009,1074,137,0,-110641,373,-1,0,22,0,0,1,9,5,1650,3261,974067114,2166292534,1048575,11642,0,2
974067892,883,137,0,-110641,264,-1,0,22,0,0,1,9,5,1650,3261,974067951,2166292534,1048575,12467,0,2
974068893,1001,137,0,-110641,260,-1,0,22,0,0,1,9,5,1650,3261,974068953,2166292534,1048575,13468,0,2
974069874,981,137,0,-110641,248,-1,0,22,0,0,1,9,5,1650,3261,974069915,2166292534,1048575,14424,0,2
974070882,1008,137,0,-110641,258,-1,0,22,0,0,1,9,5,1650,3261,974070952,2166292534,1048575,15468,0,2
974071879,997,137,0,-110641,253,-1,0,22,0,0,1,9,5,1650,3261,974071908,2166292534,1048575,16414,0,2
974072866,987,138,1,-110642,238,-1,-8,22,0,0,1,9,5,1650,3261,974072928,2166292534,1048575,17448,0,2
974073878,1012,138,0,-110642,250,-2,-8,22,0,0,1,9,5,1650,3261,974073917,2166292534,1048575,18426,0,2
974074875,997,138,0,-110642,253,-2,-8,22,0,0,1,9,5,1650,3261,974074942,2166292534,1048575,19458,0,2
974075883,1008,137,-1,-110641,253,-2,0,22,0,0,1,9,5,1650,3261,974075932,2166292534,1048575,20449,0,2
974076931,1048,137,0,-110641,301,-2,0,22,0,0,1,9,5,1650,3261,974077003,2166292534,1048575,21526,0,2
974077872,941,137,0,-110641,239,-2,0,22,0,0,1,9,5,1650,3261,974077907,2166292534,1048575,22412,0,2
974078853,981,137,0,-110641,235,-2,0,22,0,0,1,9,5,1650,3261,974078882,2166292534,1048575,23389,0,2
974079846,993,137,0,-110641,228,-2,0,22,0,0,1,9,5,1650,3261,974079871,2166292534,1048575,24377,0,2
974080857,1011,137,0,-110641,225,-1,0,22,0,0,1,9,5,1650,3261,974080883,2166292534,1048575,25390,0,2
974081854,997,138,1,-110642,223,-2,-8,22,0,0,1,9,5,1650,3261,974081876,2166292534,1048575,26382,0,2
974082857,1003,138,0,-110642,235,-2,-8,22,0,0,1,9,5,1650,3261,974082887,2166292534,1048575,27393,0,2
974083850,993,138,0,-110642,228,-2,-8,22,0,0,1,9,5,1650,3261,974083875,2166292534,1048575,28382,0,2
974084848,998,138,0,-110642,226,-2,-8,22,0,0,1,9,5,1650,3261,974084873,2166292534,1048575,29379,0,2
974085940,1092,138,0,-110642,311,-3,-8,22,0,0,1,9,5,1650,3261,974086034,2166292534,1048575,30554,0,2
974087002,1062,138,0,-110642,372,-3,-8,22,0,0,1,9,5,1650,3261,974087107,2166292534,1048575,31638,0,2
974087894,892,138,0,-110642,269,-3,-8,22,0,0,1,9,5,1650,3261,974087960,2166292534,1048575,32471,0,2
974088893,999,138,0,-110642,264,-3,-8,22,0,0,1,9,5,1650,3261,974088956,2166292534,1048575,33471,0,2
974089886,993,138,0,-110642,254,-3,-8,22,0,0,1,9,5,1650,3261,974089928,2166292534,1048575,34443,0,2
974090894,1008,138,0,-110642,262,-4,-8,22,0,0,1,9,5,1650,3261,974090954,2166292534,1048575,35469,0,2
974091879,985,138,0,-110642,252,-4,0,22,0,0,1,9,5,1650,3261,974091911,2166292534,1048575,36417,0,2
974092874,995,138,0,-110642,242,-4,-8,22,0,0,1,9,5,1650,3261,974092936,2166292534,1048575,37452,0,2
974093868,994,138,0,-110642,245,-4,-8,22,0,0,1,9,5,1650,3261,974093905,2166292534,1048575,38412,0,2
974094880,1012,138,0,-110642,255,-4,-8,22,0,0,1,9,5,1650,3261,974094947,2166292534,1048575,39463,0,2
974095870,990,138,0,-110642,248,-4,-8,22,0,0,1,9,5,1650,3261,974095915,2166292534,1048575,40425,0,2
974096921,1051,138,0,-110642,298,-4,-8,22,0,0,1,9,5,1650,3261,974096997,2166292534,1048575,41519,0,2
974097860,939,138,0,-110642,238,-4,-8,22,0,0,1,9,5,1650,3261,974097884,2166292534,1048575,42392,0,2
974098858,998,138,0,-110642,238,-5,-8,22,0,0,1,9,5,1650,3261,974098894,2166292534,1048575,43401,0,2
974099857,999,138,0,-110642,225,-5,-8,22,0,0,1,9,5,1650,3261,974099879,2166292534,1048575,44384,0,2
974100849,992,138,0,-110642,225,-5,-8,22,0,0,1,9,5,1650,3261,974100876,2166292534,1048575,45381,0,2
974101846,997,138,0,-110642,225,-5,-8,22,0,0,1,9,5,1650,3261,974101873,2166292534,1048575,46379,0,2
974102858,1012,138,0,-110642,236,-5,-8,22,0,0,1,9,5,1650,3261,974102892,2166292534,1048575,47399,0,2
974103852,994,138,0,-110642,225,-5,0,22,0,0,1,9,5,1650,3261,974103874,2166292534,1048575,48378,0,2
974104843,991,138,0,-110642,225,-5,0,22,0,0,1,9,5,1650,3261,974104870,2166292534,1048575,49375,0,2
974105945,1102,138,0,-110642,313,-5,-8,22,0,0,1,9,5,1650,3261,974106039,2166292536,1048575,1,0,2
974107280,1335,138,0,-110642,360,-5,-8,22,0,0,1,9,5,1650,3261,974107386,2166292536,1048575,646,0,2
974107861,581,138,0,-110642,238,-5,-8,22,0,0,1,9,5,1650,3261,974107888,2166292536,1048575,1133,0,2
974108885,1024,138,0,-110642,253,-5,-8,22,0,0,1,9,5,1650,3261,974108945,2166292536,1048575,2196,0,2
974109859,974,138,0,-110642,238,-5,-8,22,0,0,1,9,5,1650,3261,974109885,2166292536,1048575,3132,0,2
974110888,1029,138,0,-110642,267,-5,-8,22,0,0,1,9,5,1650,3261,974110954,2166292536,1048575,4205,0,2
974111868,980,138,0,-110642,237,-5,0,22,0,0,1,9,5,1650,3261,974111892,2166292536,1048575,5133,0,2
974112875,1007,138,0,-110642,248,-5,0,22,0,0,1,9,5,1650,3261,974112938,2166292536,1048575,6189,0,2
974113865,990,138,0,-110642,234,-5,0,22,0,0,1,9,5,1650,3261,974113902,2166292536,1048575,7144,0,2
974114887,1022,138,0,-110642,268,-5,0,22,0,0,1,9,5,1650,3261,974114952,2166292536,1048575,8202,0,2
974115860,973,137,-1,-110641,233,-4,8,22,0,0,1,9,5,1650,3261,974115893,2166292536,1048575,9138,0,2
974116940,1080,138,1,-110642,307,-4,0,22,0,0,1,9,5,1650,3261,974117016,2166292536,1048575,10274,0,2
974117848,908,138,0,-110642,230,-4,0,22,0,0,1,9,5,1650,3261,974117871,2166292536,1048575,11113,0,2
974118863,1015,138,0,-110642,233,-4,0,22,0,0,1,9,5,1650,3261,974118896,2166292536,1048575,12137,0,2
974119860,997,138,0,-110642,230,-4,0,22,0,0,1,9,5,1650,3261,974119886,2166292536,1048575,13127,0,2
974120853,993,138,0,-110642,223,-3,0,22,0,0,1,9,5,1650,3261,974120880,2166292536,1048575,14122,0,2
974121852,999,138,0,-110642,225,-3,0,22,0,0,1,9,5,1650,3261,974121875,2166292536,1048575,15115,0,2
974122852,1000,138,0,-110642,231,-3,0,22,0,0,1,9,5,1650,3261,974122884,2166292536,1048575,16125,0,2
974123862,1010,137,-1,-110641,229,-3,8,22,0,0,1,9,5,1650,3261,974123888,2166292536,1048575,17129,0,2
974124841,979,137,0,-110641,223,-2,8,22,0,0,1,9,5,1650,3261,974124867,2166292536,1048575,18108,0,2
974125953,1112,137,0,-110641,332,-2,8,22,0,0,1,9,5,1650,3261,974126047,2166292536,1048575,19305,0,2
974127029,1076,138,1,-110642,407,-2,0,22,0,0,1,9,5,1650,3261,974127129,2166292536,1048575,20399,0,2
974127892,863,137,-1,-110641,270,-1,8,22,0,0,1,9,5,1650,3261,974127951,2166292536,1048575,21203,0,2
974128877,985,137,0,-110641,257,-1,8,22,0,0,1,9,5,1650,3261,974128947,2166292536,1048575,22199,0,2
974129867,990,137,0,-110641,248,-1,8,22,0,0,1,9,5,1650,3261,974129904,2166292536,1048575,23149,0,2
974130888,1021,138,1,-110642,262,-1,0,22,0,0,1,9,5,1650,3261,974130952,2166292536,1048575,24202,0,2
974131872,984,137,-1,-110641,250,0,8,22,0,0,1,9,5,1650,3261,974131918,2166292536,1048575,25164,0,2
974132869,997,137,0,-110641,243,0,8,22,0,0,1,9,5,1650,3261,974132942,2166292536,1048575,26198,0,2
974133878,1009,137,0,-110641,250,0,8,22,0,0,1,9,5,1650,3261,974133908,2166292536,1048575,27149,0,2
974134884,1006,137,0,-110641,259,1,8,22,0,0,1,9,5,1650,3261,974134953,2166292536,1048575,28204,0,2
974135874,990,137,0,-110641,249,1,8,22,0,0,1,9,5,1650,3261,974135921,2166292536,1048575,29167,0,2
974136930,1056,137,0,-110641,301,1,8,22,0,0,1,9,5,1650,3261,974137012,2166292536,1048575,30270,0,2
974137863,933,137,0,-110641,236,1,8,22,0,0,1,9,5,1650,3261,974137892,2166292536,1048575,31135,0,2
974138854,991,137,0,-110641,236,2,8,22,0,0,1,9,5,1650,3261,974138886,2166292536,1048575,32127,0,2
974139847,993,137,0,-110641,228,2,8,22,0,0,1,9,5,1650,3261,974139871,2166292536,1048575,33113,0,2
974140857,1010,137,0,-110641,225,2,8,22,0,0,1,9,5,1650,3261,974140884,2166292536,1048575,34125,0,2
974141853,996,137,0,-110641,223,2,8,22,0,0,1,9,5,1650,3261,974141875,2166292536,1048575,35115,0,2
974142855,1002,137,0,-110641,233,3,8,22,0,0,1,9,5,1650,3261,974142888,2166292536,1048575,36130,0,2
974143849,994,137,0,-110641,227,3,8,22,0,0,1,9,5,1650,3261,974143874,2166292536,1048575,37115,0,2
974144844,995,137,0,-110641,225,3,8,22,0,0,1,9,5,1650,3261,974144871,2166292536,1048575,38113,0,2
974145942,1098,137,0,-110641,308,3,0,22,0,0,1,9,5,1650,3261,974146033,2166292536,1048575,39292,0,2
974147018,1076,137,0,-110641,382,3,8,22,0,0,1,9,5,1650,3261,974147126,2166292536,1048575,40391,0,2
974147905,887,137,0,-110641,272,3,8,22,0,0,1,9,5,1650,3261,974147965,2166292536,1048575,41224,0,2
974148894,989,137,0,-110641,264,3,8,22,0,0,1,9,5,1650,3261,974148968,2166292536,1048575,42219,0,2
974149887,993,137,0,-110641,258,4,8,22,0,0,1,9,5,1650,3261,974149930,2166292536,1048575,43181,0,2
974150888,1001,137,0,-110641,261,4,8,22,0,0,1,9,5,1650,3261,974150954,2166292536,1048575,44206,0,2
974151875,987,137,0,-110641,249,4,8,22,0,0,1,9,5,1650,3261,974151910,2166292536,1048575,45152,0,2
974152866,991,137,0,-110641,242,4,8,22,0,0,1,9,5,1650,3261,974152929,2166292536,1048575,46186,0,2
974153883,1017,137,0,-110641,252,4,0,22,0,0,1,9,5,1650,3261,974153919,2166292536,1048575,47165,0,2
974154875,992,137,0,-110641,250,4,0,22,0,0,1,9,5,1650,3261,974154942,2166292536,1048575,48192,0,2
974155883,1008,137,0,-110641,254,4,0,22,0,0,1,9,5,1650,3261,974155928,2166292536,1048575,49179,0,2
974156923,1040,137,0,-110641,294,4,0,22,0,0,1,9,5,1650,3261,974156996,2166292535,1048575,2,0,2
974157866,943,137,0,-110641,247,4,8,22,0,0,1,9,5,1650,3261,974157904,2166292535,1048575,361,0,2
974158860,994,137,0,-110641,242,4,0,22,0,0,1,9,5,1650,3261,974158896,2166292535,1048575,1357,0,2
974159843,983,137,0,-110641,225,3,0,22,0,0,1,9,5,1650,3261,974159865,2166292535,1048575,2321,0,2
974160851,1008,137,0,-110641,225,3,0,22,0,0,1,9,5,1650,3261,974160877,2166292535,1048575,3338,0,2
974161851,1000,137,0,-110641,225,3,8,22,0,0,1,9,5,1650,3261,974161877,2166292535,1048575,4337,0,2
974162863,1012,137,0,-110641,236,3,0,22,0,0,1,9,5,1650,3261,974162897,2166292535,1048575,5356,0,2
974163857,994,137,0,-110641,225,3,0,22,0,0,1,9,5,1650,3261,974163879,2166292535,1048575,6336,0,2
974164850,993,137,0,-110641,226,3,0,22,0,0,1,9,5,1650,3261,974164875,2166292535,1048575,7334,0,2
974165938,1088,137,0,-110641,313,3,0,22,0,0,1,9,5,1650,3261,974166034,2166292535,1048575,8505,0,2
974167018,1080,137,0,-110641,387,3,0,22,0,0,1,9,5,1650,3261,974167119,2166292535,1048575,9601,0,2
974167899,881,137,0,-110641,268,3,0,22,0,0,1,9,5,1650,3261,974167963,2166292535,1048575,10429,0,2
974168887,988,137,0,-110641,258,3,0,22,0,0,1,9,5,1650,3261,974168957,2166292535,1048575,11425,0,2
974169890,1003,137,0,-110641,260,3,0,22,0,0,1,9,5,1650,3261,974169936,2166292535,1048575,12402,0,2
974170893,1003,137,0,-110641,263,2,0,22,0,0,1,9,5,1650,3261,974170958,2166292535,1048575,13426,0,2
974171878,985,137,0,-110641,251,2,0,22,0,0,1,9,5,1650,3261,974171916,2166292535,1048575,14374,0,2
974172864,986,137,0,-110641,243,2,0,22,0,0,1,9,5,1650,3261,974172919,2166292535,1048575,15392,0,2
974173867,1003,137,0,-110641,245,2,0,22,0,0,1,9,5,1650,3261,974173906,2166292535,1048575,16367,0,2
974174874,1007,137,0,-110641,256,2,0,22,0,0,1,9,5,1650,3261,974174943,2166292535,1048575,17412,0,2
974175876,1002,136,-1,-110640,246,2,8,22,0,0,1,9,5,1650,3261,974175924,2166292535,1048575,18386,0,2
974176915,1039,136,0,-110640,294,3,8,22,0,0,1,9,5,1650,3261,974176995,2166292535,1048575,19469,0,2
974177864,949,136,0,-110640,240,3,8,22,0,0,1,9,5,1650,3261,974177896,2166292535,1048575,20355,0,2
974178862,998,136,0,-110640,239,3,8,22,0,0,1,9,5,1650,3261,974178897,2166292535,1048575,21355,0,2
974179856,994,136,0,-110640,225,3,8,22,0,0,1,9,5,1650,3261,974179878,2166292535,1048575,22335,0,2
974180849,993,136,0,-110640,225,3,8,22,0,0,1,9,5,1650,3261,974180875,2166292535,1048575,23332,0,2
974181845,996,136,0,-110640,225,3,8,22,0,0,1,9,5,1650,3261,974181872,2166292535,1048575,24330,0,2
974182856,1011,136,0,-110640,236,4,8,22,0,0,1,9,5,1650,3261,974182891,2166292535,1048575,25349,0,2
974183851,995,136,0,-110640,225,4,8,22,0,0,1,9,5,1650,3261,974183873,2166292535,1048575,26329,0,2
974184857,1006,136,0,-110640,225,4,8,22,0,0,1,9,5,1650,3261,974184886,2166292535,1048575,27349,0,2
974185931,1074,136,0,-110640,310,4,8,22,0,0,1,9,5,1650,3261,974186021,2166292535,1048575,28495,0,2
974187013,1082,136,0,-110640,374,4,8,22,0,0,1,9,5,1650,3261,974187121,2166292535,1048575,29600,0,2
974187901,888,136,0,-110640,273,4,8,22,0,0,1,9,5,1650,3261,974187964,2166292535,1048575,30432,0,2
974188876,975,136,0,-110640,258,5,8,22,0,0,1,9,5,1650,3261,974188946,2166292535,1048575,31416,0,2
974189873,997,136,0,-110640,256,5,8,22,0,0,1,9,5,1650,3261,974189923,2166292535,1048575,32383,0,2
974190878,1005,136,0,-110640,255,5,8,22,0,0,1,9,5,1650,3261,974190949,2166292535,1048575,33417,0,2
974191874,996,136,0,-110640,252,5,8,22,0,0,1,9,5,1650,3261,974191908,2166292535,1048575,34366,0,2
974192864,990,136,0,-110640,238,5,8,22,0,0,1,9,5,1650,3261,974192923,2166292535,1048575,35393,0,2
974193877,1013,136,0,-110640,254,5,8,22,0,0,1,9,5,1650,3261,974193917,2166292535,1048575,36378,0,2
974194873,996,136,0,-110640,250,5,8,22,0,0,1,9,5,1650,3261,974194937,2166292535,1048575,37407,0,2
974195879,1006,136,0,-110640,252,5,8,22,0,0,1,9,5,1650,3261,974195926,2166292535,1048575,38390,0,2
974196915,1036,136,0,-110640,295,6,8,22,0,0,1,9,5,1650,3261,974196990,2166292535,1048575,39464,0,2
974197868,953,135,-1,-110639,236,6,16,22,0,0,1,9,5,1650,3261,974197898,2166292535,1048575,40358,0,2
974198858,990,135,0,-110639,235,6,16,22,0,0,1,9,5,1650,3261,974198891,2166292535,1048575,41349,0,2
974199854,996,135,0,-110639,228,7,16,22,0,0,1,9,5,1650,3261,974199879,2166292535,1048575,42337,0,2
974200850,996,135,0,-110639,225,7,16,22,0,0,1,9,5,1650,3261,974200877,2166292535,1048575,43337,0,2
974201850,1000,135,0,-110639,225,7,16,22,0,0,1,9,5,1650,3261,974201877,2166292535,1048575,44336,0,2
974202860,1010,135,0,-110639,233,8,16,22,0,0,1,9,5,1650,3261,974202892,2166292535,1048575,45349,0,2
974203852,992,135,0,-110639,227,8,16,22,0,0,1,9,5,1650,3261,974203877,2166292535,1048575,46335,0,2
974204849,997,135,0,-110639,226,8,16,22,0,0,1,9,5,1650,3261,974204875,2166292535,1048575,47333,0,2
974205943,1094,135,0,-110639,311,8,8,22,0,0,1,9,5,1650,3261,974206038,2166292535,1048575,48510,0,2
974207011,1068,135,0,-110639,371,8,8,22,0,0,1,9,5,1650,3261,974207116,2166292535,1048575,49600,0,2
974207893,882,135,0,-110639,265,8,8,22,0,0,1,9,5,1650,3261,974207954,2166292534,1048575,1,0,2
974208892,999,135,0,-110639,271,8,8,22,0,0,1,9,5,1650,3261,974208964,2166292534,1048575,461,0,2
974209888,996,135,0,-110639,256,8,8,22,0,0,1,9,5,1650,3261,974209929,2166292534,1048575,1421,0,2
974210874,986,134,-1,-110638,254,9,16,22,0,0,1,9,5,1650,3261,974210942,2166292534,1048575,2442,0,2
974211884,1010,134,0,-110638,252,9,16,22,0,0,1,9,5,1650,3261,974211914,2166292534,1048575,3402,0,2
974212857,973,134,0,-110638,236,9,16,22,0,0,1,9,5,1650,3261,974212920,2166292534,1048575,4420,0,2
974213935,1078,134,0,-110638,312,9,16,22,0,0,1,9,5,1650,3261,974214006,2166292534,1048575,5502,0,2
974214893,958,134,0,-110638,271,10,16,22,0,0,1,9,5,1650,3261,974214956,2166292534,1048575,6456,0,2
974215867,974,134,0,-110638,241,10,16,22,0,0,1,9,5,1650,3261,974215927,2166292534,1048575,7434,0,2
974216945,1078,134,0,-110638,315,10,16,22,0,0,1,9,5,1650,3261,974217012,2166292534,1048575,8514,0,2
974217855,910,134,0,-110638,228,10,16,22,0,0,1,9,5,1650,3261,974217877,2166292534,1048575,9365,0,2
974218864,1009,134,0,-110638,232,11,16,22,0,0,1,9,5,1650,3261,974218897,2166292534,1048575,10385,0,2
974219849,985,134,0,-110638,230,11,16,22,0,0,1,9,5,1650,3261,974219873,2166292534,1048575,11359,0,2
974220844,995,134,0,-110638,226,11,16,22,0,0,1,9,5,1650,3261,974220869,2166292534,1048575,12356,0,2
974221858,1014,134,0,-110638,226,11,16,22,0,0,1,9,5,1650,3261,974221885,2166292534,1048575,13374,0,2
974222857,999,134,0,-110638,232,11,16,22,0,0,1,9,5,1650,3261,974222889,2166292534,1048575,14377,0,2
974223854,997,133,-1,-110637,231,12,24,22,0,0,1,9,5,1650,3261,974223878,2166292534,1048575,15364,0,2
974224849,995,133,0,-110637,226,12,24,22,0,0,1,9,5,1650,3261,974224874,2166292534,1048575,16364,0,2
974225939,1090,133,0,-110637,316,13,24,22,0,0,1,9,5,1650,3261,974226034,2166292534,1048575,17537,0,2
974227010,1071,133,0,-110637,377,13,24,22,0,0,1,9,5,1650,3261,974227113,2166292534,1048575,18623,0,2
974227890,880,133,0,-110637,268,13,16,22,0,0,1,9,5,1650,3261,974227954,2166292534,1048575,19448,0,2
974228883,993,133,0,-110637,262,14,16,22,0,0,1,9,5,1650,3261,974228950,2166292534,1048575,20446,0,2
974229868,985,133,0,-110637,248,14,16,22,0,0,1,9,5,1650,3261,974229909,2166292534,1048575,21401,0,2
974230870,1002,133,0,-110637,252,14,16,22,0,0,1,9,5,1650,3261,974230931,2166292534,1048575,22430,0,2
974231885,1015,133,0,-110637,257,14,16,22,0,0,1,9,5,1650,3261,974231915,2166292534,1048575,23403,0,2
974232863,978,132,-1,-110636,241,14,24,22,0,0,1,9,5,1650,3261,974232930,2166292534,1048575,24430,0,2
974233880,1017,132,0,-110636,252,15,24,22,0,0,1,9,5,1650,3261,974233918,2166292534,1048575,25410,0,2
974234880,1000,132,0,-110636,253,15,24,22,0,0,1,9,5,1650,3261,974234947,2166292534,1048575,26442,0,2
974235877,997,132,0,-110636,249,15,24,22,0,0,1,9,5,1650,3261,974235922,2166292534,1048575,27416,0,2
974236918,1041,132,0,-110636,296,16,24,22,0,0,1,9,5,1650,3261,974236996,2166292534,1048575,28499,0,2
974237864,946,132,0,-110636,240,16,24,22,0,0,1,9,5,1650,3261,974237895,2166292534,1048575,29383,0,2
974238856,992,132,0,-110636,236,16,24,22,0,0,1,9,5,1650,3261,974238888,2166292534,1048575,30375,0,2
974239850,994,132,0,-110636,228,17,24,22,0,0,1,9,5,1650,3261,974239874,2166292534,1048575,31361,0,2
974240845,995,132,0,-110636,225,17,24,22,0,0,1,9,5,1650,3261,974240872,2166292534,1048575,32359,0,2
974241843,998,132,0,-110636,225,17,16,22,0,0,1,9,5,1650,3261,974241870,2166292534,1048575,33356,0,2
974242854,1011,131,-1,-110635,233,17,24,22,0,0,1,9,5,1650,3261,974242887,2166292534,1048575,34372,0,2
974243848,994,131,0,-110635,228,17,24,22,0,0,1,9,5,1650,3261,974243872,2166292534,1048575,35359,0,2
974244844,996,131,0,-110635,226,18,24,22,0,0,1,9,5,1650,3261,974244870,2166292534,1048575,36356,0,2
974245936,1092,131,0,-110635,311,18,24,22,0,0,1,9,5,1650,3261,974246025,2166292534,1048575,37526,0,2
974247008,1072,131,0,-110635,376,18,24,22,0,0,1,9,5,1650,3261,974247113,2166292534,1048575,38626,0,2
974247894,886,131,0,-110635,266,18,24,22,0,0,1,9,5,1650,3261,974247960,2166292534,1048575,39450,0,2
974248883,989,131,0,-110635,259,19,24,22,0,0,1,9,5,1650,3261,974248951,2166292534,1048575,40448,0,2
974249877,994,131,0,-110635,252,19,24,22,0,0,1,9,5,1650,3261,974249923,2166292534,1048575,41416,0,2
974250888,1011,131,0,-110635,260,19,24,22,0,0,1,9,5,1650,3261,974250954,2166292534,1048575,42450,0,2
974251876,988,130,-1,-110634,251,20,33,22,0,0,1,9,5,1650,3261,974251908,2166292534,1048575,43395,0,2
974252868,992,130,0,-110634,237,20,33,22,0,0,1,9,5,1650,3261,974252926,2166292534,1048575,44426,0,2
974253874,1006,130,0,-110634,249,20,24,22,0,0,1,9,5,1650,3261,974253912,2166292534,1048575,45402,0,2
974254874,1000,130,0,-110634,251,20,24,22,0,0,1,9,5,1650,3261,974254937,2166292534,1048575,46438,0,2
974255883,1009,130,0,-110634,253,21,24,22,0,0,1,9,5,1650,3261,974255931,2166292534,1048575,47425,0,2
974256930,1047,130,0,-110634,298,21,24,22,0,0,1,9,5,1650,3261,974257002,2166292534,1048575,48506,0,2
974257866,936,130,0,-110634,238,21,24,22,0,0,1,9,5,1650,3261,974257896,2166292534,1048575,49386,0,2
974258864,998,130,0,-110634,240,21,24,22,0,0,1,9,5,1650,3261,974258897,2166292533,1048575,1,0,2
974259854,990,130,0,-110634,233,21,24,22,0,0,1,9,5,1650,3261,974259877,2166292533,1048575,448,0,2
974260863,1009,130,0,-110634,232,21,24,22,0,0,1,9,5,1650,3261,974260894,2166292533,1048575,1463,0,2
974261852,989,130,0,-110634,224,21,24,22,0,0,1,9,5,1650,3261,974261875,2166292533,1048575,2445,0,2
974262860,1008,130,0,-110634,236,21,24,22,0,0,1,9,5,1650,3261,974262893,2166292533,1048575,3464,0,2
974263852,992,130,0,-110634,224,21,16,22,0,0,1,9,5,1650,3261,974263875,2166292533,1048575,4442,0,2
974264844,992,130,0,-110634,225,21,16,22,0,0,1,9,5,1650,3261,974264870,2166292533,1048575,5440,0,2
974265951,1107,130,0,-110634,317,21,16,22,0,0,1,9,5,1650,3261,974266049,2166292533,1048575,6634,0,2
974267031,1080,130,0,-110634,398,20,16,22,0,0,1,9,5,1650,3261,974267135,2166292533,1048575,7727,0,2
974267889,858,130,0,-110634,267,20,16,22,0,0,1,9,5,1650,3261,974267950,2166292533,1048575,8527,0,2
974268889,1000,130,0,-110634,265,20,16,22,0,0,1,9,5,1650,3261,974268951,2166292533,1048575,9529,0,2
974269870,981,130,0,-110634,248,20,16,22,0,0,1,9,5,1650,3261,974269913,2166292533,1048575,10485,0,2
974270882,1012,130,0,-110634,259,20,16,22,0,0,1,9,5,1650,3261,974270951,2166292533,1048575,11530,0,2
974271869,987,130,0,-110634,248,20,16,22,0,0,1,9,5,1650,3261,974271913,2166292533,1048575,12485,0,2
974272868,999,130,0,-110634,245,19,8,22,0,0,1,9,5,1650,3261,974272927,2166292533,1048575,13510,0,2
974273875,1007,130,0,-110634,248,19,8,22,0,0,1,9,5,1650,3261,974273909,2166292533,1048575,14478,0,2
974274879,1004,130,0,-110634,257,18,8,22,0,0,1,9,5,1650,3261,974274948,2166292533,1048575,15526,0,2
974275864,985,130,0,-110634,246,18,8,22,0,0,1,9,5,1650,3261,974275907,2166292533,1048575,16482,0,2
974276931,1067,130,0,-110634,298,18,8,22,0,0,1,9,5,1650,3261,974277011,2166292533,1048575,17596,0,2
974277862,931,130,0,-110634,237,17,8,22,0,0,1,9,5,1650,3261,974277889,2166292533,1048575,18460,0,2
974278866,1004,130,0,-110634,236,17,8,22,0,0,1,9,5,1650,3261,974278898,2166292533,1048575,19467,0,2
974279860,994,130,0,-110634,228,17,8,22,0,0,1,9,5,1650,3261,974279886,2166292533,1048575,20454,0,2
974280856,996,130,0,-110634,225,16,8,22,0,0,1,9,5,1650,3261,974280883,2166292533,1048575,21451,0,2
974281852,996,131,1,-110635,222,16,0,22,0,0,1,9,5,1650,3261,974281874,2166292533,1048575,22442,0,2
974282853,1001,131,0,-110635,233,15,-8,22,0,0,1,9,5,1650,3261,974282886,2166292533,1048575,23453,0,2
974283846,993,131,0,-110635,228,14,-8,22,0,0,1,9,5,1650,3261,974283871,2166292533,1048575,24439,0,2
974284857,1011,131,0,-110635,225,13,-8,22,0,0,1,9,5,1650,3261,974284886,2166292533,1048575,25457,0,2
974285937,1080,131,0,-110635,315,12,-8,22,0,0,1,9,5,1650,3261,974286030,2166292533,1048575,26614,0,2
974287014,1077,131,0,-110635,386,11,-8,22,0,0,1,9,5,1650,3261,974287119,2166292533,1048575,27715,0,2
974287887,873,131,0,-110635,266,10,-8,22,0,0,1,9,5,1650,3261,974287951,2166292533,1048575,28529,0,2
974288889,1002,131,0,-110635,264,10,-8,22,0,0,1,9,5,1650,3261,974288952,2166292533,1048575,29529,0,2
974289876,987,131,0,-110635,249,9,-8,22,0,0,1,9,5,1650,3261,974289922,2166292533,1048575,30497,0,2
974290874,998,131,0,-110635,256,8,-8,22,0,0,1,9,5,1650,3261,974290938,2166292533,1048575,31519,0,2
974291871,997,131,0,-110635,247,8,-8,22,0,0,1,9,5,1650,3261,974291908,2166292533,1048575,32476,0,2
974292868,997,131,0,-110635,242,7,-8,22,0,0,1,9,5,1650,3261,974292927,2166292533,1048575,33508,0,2
974293870,1002,131,0,-110635,245,7,-8,22,0,0,1,9,5,1650,3261,974293908,2166292533,1048575,34477,0,2
974294892,1022,131,0,-110635,261,6,-8,22,0,0,1,9,5,1650,3261,974294951,2166292533,1048575,35530,0,2
974295869,977,131,0,-110635,247,5,-8,22,0,0,1,9,5,1650,3261,974295913,2166292533,1048575,36487,0,2
974296921,1052,131,0,-110635,294,5,-8,22,0,0,1,9,5,1650,3261,974296999,2166292533,1048575,37584,0,2
974297868,947,131,0,-110635,238,4,-8,22,0,0,1,9,5,1650,3261,974297897,2166292533,1048575,38468,0,2
974298864,996,131,0,-110635,239,4,-8,22,0,0,1,9,5,1650,3261,974298898,2166292533,1048575,39468,0,2
974299843,979,131,0,-110635,225,3,-8,22,0,0,1,9,5,1650,3261,974299865,2166292533,1048575,40432,0,2
974300851,1008,131,0,-110635,225,3,-8,22,0,0,1,9,5,1650,3261,974300877,2166292533,1048575,41448,0,2
974301850,999,131,0,-110635,225,3,-8,22,0,0,1,9,5,1650,3261,974301876,2166292533,1048575,42447,0,2
974302862,1012,131,0,-110635,236,2,-8,22,0,0,1,9,5,1650,3261,974302896,2166292533,1048575,43466,0,2
974303856,994,131,0,-110635,225,2,-8,22,0,0,1,9,5,1650,3261,974303878,2166292533,1048575,44446,0,2
974304848,992,131,0,-110635,225,1,-8,22,0,0,1,9,5,1650,3261,974304875,2166292533,1048575,45445,0,2
974305944,1096,131,0,-110635,311,1,-8,22,0,0,1,9,5,1650,3261,974306038,2166292533,1048575,46624,0,2
974307010,1066,131,0,-110635,389,1,-8,22,0,0,1,9,5,1650,3261,974307115,2166292533,1048575,47708,0,2
974307901,891,131,0,-110635,270,0,-8,22,0,0,1,9,5,1650,3261,974307966,2166292533,1048575,48546,0,2
974308878,977,131,0,-110635,260,0,-8,22,0,0,1,9,5,1650,3261,974308950,2166292533,1048575,49532,0,2
974309880,1002,131,0,-110635,254,0,-8,22,0,0,1,9,5,1650,3261,974309927,2166292535,1048575,1,0,2
974310902,1022,131,0,-110635,283,-1,-8,22,0,0,1,9,5,1650,3261,974310976,2166292535,1048575,493,0,2
974311876,974,131,0,-110635,254,-1,0,22,0,0,1,9,5,1650,3261,974311912,2166292535,1048575,1417,0,2
974312856,980,131,0,-110635,238,-1,0,22,0,0,1,9,5,1650,3261,974312912,2166292535,1048575,2438,0,2
974313873,1017,131,0,-110635,252,-1,0,22,0,0,1,9,5,1650,3261,974313911,2166292535,1048575,3416,0,2
974314868,995,131,0,-110635,249,-1,0,22,0,0,1,9,5,1650,3261,974314930,2166292535,1048575,4451,0,2
974315876,1008,131,0,-110635,253,-1,0,22,0,0,1,9,5,1650,3261,974315924,2166292535,1048575,5436,0,2
974316915,1039,131,0,-110635,297,-1,0,22,0,0,1,9,5,1650,3261,974316989,2166292535,1048575,6510,0,2
974317856,941,131,0,-110635,237,0,0,22,0,0,1,9,5,1650,3261,974317878,2166292535,1048575,7384,0,2
974318871,1015,131,0,-110635,239,0,0,22,0,0,1,9,5,1650,3261,974318907,2166292535,1048575,8413,0,2
974319854,983,131,0,-110635,225,0,0,22,0,0,1,9,5,1650,3261,974319876,2166292535,1048575,9379,0,2
974320845,991,131,0,-110635,225,0,0,22,0,0,1,9,5,1650,3261,974320872,2166292535,1048575,10376,0,2
974321858,1013,131,0,-110635,225,0,0,22,0,0,1,9,5,1650,3261,974321886,2166292535,1048575,11393,0,2
974322861,1003,131,0,-110635,236,0,0,22,0,0,1,9,5,1650,3261,974322895,2166292535,1048575,12400,0,2
974323854,993,131,0,-110635,224,0,0,22,0,0,1,9,5,1650,3261,974323877,2166292535,1048575,13381,0,2
974324847,993,131,0,-110635,226,0,0,22,0,0,1,9,5,1650,3261,974324873,2166292535,1048575,14377,0,2
974325942,1095,131,0,-110635,312,0,0,22,0,0,1,9,5,1650,3261,974326037,2166292535,1048575,15555,0,2
974327018,1076,131,0,-110635,383,0,0,22,0,0,1,9,5,1650,3261,974327121,2166292535,1048575,16651,0,2
974327884,866,131,0,-110635,264,0,0,22,0,0,1,9,5,1650,3261,974327945,2166292535,1048575,17458,0,2
974328889,1005,131,0,-110635,259,0,0,22,0,0,1,9,5,1650,3261,974328951,2166292535,1048575,18466,0,2
974329876,987,131,0,-110635,252,0,0,22,0,0,1,9,5,1650,3261,974329923,2166292535,1048575,19435,0,2
974330879,1003,131,0,-110635,257,0,0,22,0,0,1,9,5,1650,3261,974330946,2166292535,1048575,20460,0,2
974331880,1001,131,0,-110635,248,0,0,22,0,0,1,9,5,1650,3261,974331915,2166292535,1048575,21420,0,2
974332874,994,131,0,-110635,242,0,0,22,0,0,1,9,5,1650,3261,974332930,2166292535,1048575,22445,0,2
974333876,1002,132,1,-110636,246,-1,-8,22,0,0,1,9,5,1650,3261,974333914,2166292535,1048575,23422,0,2
974334878,1002,132,0,-110636,254,-1,-8,22,0,0,1,9,5,1650,3261,974334945,2166292535,1048575,24459,0,2
974335866,988,132,0,-110636,248,-1,-8,22,0,0,1,9,5,1650,3261,974335909,2166292535,1048575,25418,0,2
974336928,1062,132,0,-110636,296,-1,-8,22,0,0,1,9,5,1650,3261,974337008,2166292535,1048575,26529,0,2
974337869,941,132,0,-110636,240,-2,-8,22,0,0,1,9,5,1650,3261,974337899,2166292535,1048575,27404,0,2
974338861,992,132,0,-110636,238,-2,-8,22,0,0,1,9,5,1650,3261,974338896,2166292535,1048575,28401,0,2
974339856,995,132,0,-110636,225,-2,-8,22,0,0,1,9,5,1650,3261,974339878,2166292535,1048575,29383,0,2
974340849,993,132,0,-110636,225,-2,-8,22,0,0,1,9,5,1650,3261,974340875,2166292535,1048575,30380,0,2
974341846,997,131,-1,-110635,225,-2,0,22,0,0,1,9,5,1650,3261,974341872,2166292535,1048575,31377,0,2
974342857,1011,132,1,-110636,236,-3,-8,22,0,0,1,9,5,1650,3261,974342892,2166292535,1048575,32397,0,2
974343851,994,132,0,-110636,224,-3,-8,22,0,0,1,9,5,1650,3261,974343874,2166292535,1048575,33376,0,2
974344843,992,132,0,-110636,225,-3,-8,22,0,0,1,9,5,1650,3261,974344869,2166292535,1048575,34374,0,2
974345935,1092,132,0,-110636,311,-3,-8,22,0,0,1,9,5,1650,3261,974346027,2166292535,1048575,35547,0,2
974347011,1076,132,0,-110636,389,-3,-8,22,0,0,1,9,5,1650,3261,974347116,2166292535,1048575,36646,0,2
974347901,890,132,0,-110636,272,-4,-8,22,0,0,1,9,5,1650,3261,974347966,2166292535,1048575,37480,0,2
974348892,991,132,0,-110636,261,-4,-8,22,0,0,1,9,5,1650,3261,974348956,2166292535,1048575,38470,0,2
974349886,994,132,0,-110636,257,-4,-8,22,0,0,1,9,5,1650,3261,974349931,2166292535,1048575,39446,0,2
974350888,1002,132,0,-110636,262,-4,-8,22,0,0,1,9,5,1650,3261,974350955,2166292535,1048575,40469,0,2
974351869,981,132,0,-110636,247,-4,-8,22,0,0,1,9,5,1650,3261,974351906,2166292535,1048575,41412,0,2
974352872,1003,132,0,-110636,243,-4,-8,22,0,0,1,9,5,1650,3261,974352930,2166292535,1048575,42449,0,2
974353877,1005,132,0,-110636,249,-4,-8,22,0,0,1,9,5,1650,3261,974353916,2166292535,1048575,43424,0,2
974354881,1004,132,0,-110636,252,-5,-8,22,0,0,1,9,5,1650,3261,974354951,2166292535,1048575,44465,0,2
974355873,992,132,0,-110636,251,-5,-8,22,0,0,1,9,5,1650,3261,974355921,2166292535,1048575,45431,0,2
974356927,1054,132,0,-110636,297,-5,-8,22,0,0,1,9,5,1650,3261,974357002,2166292535,1048575,46523,0,2
974357869,942,132,0,-110636,238,-5,-8,22,0,0,1,9,5,1650,3261,974357902,2166292535,1048575,47408,0,2
974358866,997,132,0,-110636,238,-5,-8,22,0,0,1,9,5,1650,3261,974358900,2166292535,1048575,48406,0,2
974359844,978,132,0,-110636,224,-5,-8,22,0,0,1,9,5,1650,3261,974359867,2166292535,1048575,49369,0,2
974360853,1009,132,0,-110636,225,-5,-8,22,0,0,1,9,5,1650,3261,974360880,2166292538,1048575,1,0,2
974361859,1006,132,0,-110636,230,-5,-8,22,0,0,1,9,5,1650,3261,974361884,2166292538,1048575,475,0,2
974362866,1007,132,0,-110636,239,-6,-8,22,0,0,1,9,5,1650,3261,974362902,2166292538,1048575,1492,0,2
974363847,981,132,0,-110636,225,-6,-8,22,0,0,1,9,5,1650,3261,974363869,2166292538,1048575,2457,0,2
974364856,1009,132,0,-110636,226,-5,0,22,0,0,1,9,5,1650,3261,974364883,2166292538,1048575,3476,0,2
974365935,1079,132,0,-110636,316,-5,0,22,0,0,1,9,5,1650,3261,974366032,2166292538,1048575,4637,0,2
974367030,1095,132,0,-110636,403,-5,0,22,0,0,1,9,5,1650,3261,974367133,2166292538,1048575,5749,0,2
974367884,854,132,0,-110636,262,-5,0,22,0,0,1,9,5,1650,3261,974367948,2166292538,1048575,6546,0,2
974368874,990,132,0,-110636,255,-5,0,22,0,0,1,9,5,1650,3261,974368938,2166292538,1048575,7538,0,2
974369878,1004,132,0,-110636,248,-4,0,22,0,0,1,9,5,1650,3261,974369923,2166292538,1048575,8519,0,2
974370876,998,132,0,-110636,257,-4,0,22,0,0,1,9,5,1650,3261,974370944,2166292538,1048575,9544,0,2
974371876,1000,132,0,-110636,248,-4,-8,22,0,0,1,9,5,1650,3261,974371923,2166292538,1048575,10514,0,2
974372874,998,132,0,-110636,244,-4,0,22,0,0,1,9,5,1650,3261,974372938,2166292538,1048575,11540,0,2
974373868,994,132,0,-110636,248,-4,0,22,0,0,1,9,5,1650,3261,974373901,2166292538,1048575,12491,0,2
974374878,1010,132,0,-110636,255,-4,0,22,0,0,1,9,5,1650,3261,974374942,2166292538,1048575,13541,0,2
974375872,994,132,0,-110636,246,-4,0,22,0,0,1,9,5,1650,3261,974375919,2166292538,1048575,14510,0,2
974376918,1046,132,0,-110636,298,-4,0,22,0,0,1,9,5,1650,3261,974377000,2166292538,1048575,15607,0,2
974377856,938,132,0,-110636,238,-3,0,22,0,0,1,9,5,1650,3261,974377878,2166292538,1048575,16469,0,2
974378869,1013,132,0,-110636,236,-3,0,22,0,0,1,9,5,1650,3261,974378900,2166292538,1048575,17489,0,2
974379846,977,132,0,-110636,228,-3,0,22,0,0,1,9,5,1650,3261,974379870,2166292538,1048575,18460,0,2
974380856,1010,132,0,-110636,225,-3,0,22,0,0,1,9,5,1650,3261,974380883,2166292538,1048575,19472,0,2
974381851,995,132,0,-110636,222,-3,0,22,0,0,1,9,5,1650,3261,974381874,2166292538,1048575,20462,0,2
974382854,1003,132,0,-110636,233,-3,0,22,0,0,1,9,5,1650,3261,974382886,2166292538,1048575,21476,0,2
974383848,994,132,0,-110636,228,-3,0,22,0,0,1,9,5,1650,3261,974383872,2166292538,1048575,22461,0,2
974384843,995,132,0,-110636,225,-3,0,22,0,0,1,9,5,1650,3261,974384869,2166292538,1048575,23459,0,2
974385941,1098,132,0,-110636,311,-3,0,22,0,0,1,9,5,1650,3261,974386032,2166292538,1048575,24638,0,2
974387007,1066,132,0,-110636,376,-2,0,22,0,0,1,9,5,1650,3261,974387117,2166292538,1048575,25730,0,2
974387887,880,132,0,-110636,267,-2,0,22,0,0,1,9,5,1650,3261,974387949,2166292538,1048575,26547,0,2
974388878,991,132,0,-110636,259,-2,0,22,0,0,1,9,5,1650,3261,974388946,2166292538,1048575,27545,0,2
974389868,990,132,0,-110636,248,-2,0,22,0,0,1,9,5,1650,3261,974389910,2166292538,1048575,28503,0,2
974390892,1024,132,0,-110636,260,-2,0,22,0,0,1,9,5,1650,3261,974390945,2166292538,1048575,29544,0,2
974391886,994,132,0,-110636,255,-2,0,22,0,0,1,9,5,1650,3261,974391916,2166292538,1048575,30505,0,2
974392873,987,132,0,-110636,242,-2,0,22,0,0,1,9,5,1650,3261,974392934,2166292538,1048575,31536,0,2
974393873,1000,132,0,-110636,250,-2,0,22,0,0,1,9,5,1650,3261,974393911,2166292538,1048575,32501,0,2
974394874,1001,133,1,-110637,255,-2,-8,22,0,0,1,9,5,1650,3261,974394938,2166292538,1048575,33540,0,2
974395878,1004,133,0,-110637,248,-2,-8,22,0,0,1,9,5,1650,3261,974395928,2166292538,1048575,34524,0,2
974396925,1047,133,0,-110637,295,-3,-8,22,0,0,1,9,5,1650,3261,974397004,2166292538,1048575,35610,0,2
974397869,944,133,0,-110637,237,-3,-8,22,0,0,1,9,5,1650,3261,974397898,2166292538,1048575,36491,0,2
974398860,991,133,0,-110637,236,-3,-8,22,0,0,1,9,5,1650,3261,974398893,2166292538,1048575,37483,0,2
974399854,994,132,-1,-110636,227,-3,0,22,0,0,1,9,5,1650,3261,974399879,2166292538,1048575,38469,0,2
974400850,996,132,0,-110636,225,-3,0,22,0,0,1,9,5,1650,3261,974400876,2166292538,1048575,39468,0,2
974401850,1000,133,1,-110637,225,-3,-8,22,0,0,1,9,5,1650,3261,974401877,2166292538,1048575,40467,0,2
974402858,1008,133,0,-110637,233,-3,-8,22,0,0,1,9,5,1650,3261,974402889,2166292538,1048575,41478,0,2
974403850,992,132,-1,-110636,228,-3,0,22,0,0,1,9,5,1650,3261,974403874,2166292538,1048575,42464,0,2
974404845,995,133,1,-110637,225,-3,-8,22,0,0,1,9,5,1650,3261,974404871,2166292538,1048575,43460,0,2
974405935,1090,133,0,-110637,312,-3,-8,22,0,0,1,9,5,1650,3261,974406029,2166292538,1048575,44635,0,2
974407014,1079,133,0,-110637,375,-4,-8,22,0,0,1,9,5,1650,3261,974407115,2166292538,1048575,45732,0,2
974407887,873,132,-1,-110636,263,-3,0,22,0,0,1,9,5,1650,3261,974407949,2166292538,1048575,46547,0,2
974408890,1003,132,0,-110636,261,-3,0,22,0,0,1,9,5,1650,3261,974408952,2166292538,1048575,47551,0,2
974409871,981,132,0,-110636,247,-3,0,22,0,0,1,9,5,1650,3261,974409918,2166292538,1048575,48507,0,2
974410878,1007,133,1,-110637,252,-3,-8,22,0,0,1,9,5,1650,3261,974410945,2166292538,1048575,49544,0,2
974411879,1001,133,0,-110637,254,-4,-8,22,0,0,1,9,5,1650,3261,974411913,2166292535,1048575,1,0,2
974412887,1008,132,-1,-110636,258,-3,0,22,0,0,1,9,5,1650,3261,974412967,2166292535,1048575,509,0,2
974413870,983,132,0,-110636,250,-3,0,22,0,0,1,9,5,1650,3261,974413912,2166292535,1048575,1446,0,2
974414894,1024,132,0,-110636,262,-3,0,22,0,0,1,9,5,1650,3261,974414960,2166292535,1048575,2502,0,2
974415881,987,132,0,-110636,253,-3,0,22,0,0,1,9,5,1650,3261,974415935,2166292535,1048575,3475,0,2
974416919,1038,132,0,-110636,300,-3,0,22,0,0,1,9,5,1650,3261,974416991,2166292535,1048575,4540,0,2
974417861,942,132,0,-110636,235,-3,0,22,0,0,1,9,5,1650,3261,974417887,2166292535,1048575,5421,0,2
974418864,1003,132,0,-110636,239,-3,0,22,0,0,1,9,5,1650,3261,974418896,2166292535,1048575,6428,0,2
974419857,993,132,0,-110636,227,-3,0,22,0,0,1,9,5,1650,3261,974419882,2166292535,1048575,7414,0,2
974420852,995,132,0,-110636,225,-2,0,22,0,0,1,9,5,1650,3261,974420878,2166292535,1048575,8412,0,2
974421851,999,132,0,-110636,225,-2,0,22,0,0,1,9,5,1650,3261,974421877,2166292535,1048575,9411,0,2
974422861,1010,132,0,-110636,234,-2,0,22,0,0,1,9,5,1650,3261,974422893,2166292535,1048575,10425,0,2
974423853,992,132,0,-110636,226,-2,0,22,0,0,1,9,5,1650,3261,974423878,2166292535,1048575,11411,0,2
974424849,996,132,0,-110636,226,-2,0,22,0,0,1,9,5,1650,3261,974424875,2166292535,1048575,12409,0,2
974425937,1088,132,0,-110636,313,-2,8,22,0,0,1,9,5,1650,3261,974426034,2166292535,1048575,13583,0,2
974427001,1064,132,0,-110636,376,-1,8,22,0,0,1,9,5,1650,3261,974427105,2166292535,1048575,14662,0,2
974427896,895,132,0,-110636,269,-1,8,22,0,0,1,9,5,1650,3261,974427960,2166292535,1048575,15499,0,2
974428881,985,132,0,-110636,257,-1,8,22,0,0,1,9,5,1650,3261,974428949,2166292535,1048575,16489,0,2
974429873,992,132,0,-110636,251,-1,0,22,0,0,1,9,5,1650,3261,974429916,2166292535,1048575,17449,0,2
974430875,1002,132,0,-110636,251,-1,0,22,0,0,1,9,5,1650,3261,974430936,2166292535,1048575,18485,0,2
974431887,1012,132,0,-110636,257,0,8,22,0,0,1,9,5,1650,3261,974431917,2166292535,1048575,19451,0,2
974432857,970,132,0,-110636,234,0,8,22,0,0,1,9,5,1650,3261,974432915,2166292535,1048575,20467,0,2
974433876,1019,132,0,-110636,253,0,0,22,0,0,1,9,5,1650,3261,974433915,2166292535,1048575,21450,0,2
974434872,996,132,0,-110636,249,0,8,22,0,0,1,9,5,1650,3261,974434937,2166292535,1048575,22483,0,2
974435878,1006,132,0,-110636,252,1,8,22,0,0,1,9,5,1650,3261,974435926,2166292535,1048575,23467,0,2
974436925,1047,132,0,-110636,296,1,8,22,0,0,1,9,5,1650,3261,974437001,2166292535,1048575,24550,0,2
974437870,945,132,0,-110636,239,1,8,22,0,0,1,9,5,1650,3261,974437901,2166292535,1048575,25436,0,2
974438861,991,132,0,-110636,236,1,0,22,0,0,1,9,5,1650,3261,974438893,2166292535,1048575,26425,0,2
974439854,993,132,0,-110636,227,1,0,22,0,0,1,9,5,1650,3261,974439879,2166292535,1048575,27412,0,2
974440850,996,132,0,-110636,225,1,0,22,0,0,1,9,5,1650,3261,974440876,2166292535,1048575,28411,0,2
974441850,1000,132,0,-110636,225,1,8,22,0,0,1,9,5,1650,3261,974441877,2166292535,1048575,29410,0,2
974442858,1008,132,0,-110636,233,2,8,22,0,0,1,9,5,1650,3261,974442889,2166292535,1048575,30421,0,2
974443850,992,132,0,-110636,228,2,0,22,0,0,1,9,5,1650,3261,974443874,2166292535,1048575,31407,0,2
974444845,995,132,0,-110636,225,2,0,22,0,0,1,9,5,1650,3261,974444871,2166292535,1048575,32403,0,2
974445942,1097,132,0,-110636,311,1,0,22,0,0,1,9,5,1650,3261,974446033,2166292535,1048575,33580,0,2
974447014,1072,131,-1,-110635,380,2,8,22,0,0,1,9,5,1650,3261,974447121,2166292535,1048575,34680,0,2
974447897,883,131,0,-110635,267,2,8,22,0,0,1,9,5,1650,3261,974447963,2166292535,1048575,35502,0,2
974448890,993,131,0,-110635,263,2,8,22,0,0,1,9,5,1650,3261,974448959,2166292535,1048575,36501,0,2
974449889,999,131,0,-110635,257,2,8,22,0,0,1,9,5,1650,3261,974449931,2166292535,1048575,37471,0,2
974450888,999,131,0,-110635,261,3,8,22,0,0,1,9,5,1650,3261,974450952,2166292535,1048575,38495,0,2
974451871,983,131,0,-110635,249,3,8,22,0,0,1,9,5,1650,3261,974451901,2166292535,1048575,39434,0,2
974452877,1006,131,0,-110635,245,3,8,22,0,0,1,9,5,1650,3261,974452939,2166292535,1048575,40481,0,2
974453869,992,131,0,-110635,246,3,8,22,0,0,1,9,5,1650,3261,974453907,2166292535,1048575,41440,0,2
974454872,1003,131,0,-110635,254,3,8,22,0,0,1,9,5,1650,3261,974454936,2166292535,1048575,42485,0,2
974455878,1006,131,0,-110635,249,4,8,22,0,0,1,9,5,1650,3261,974455924,2166292535,1048575,43463,0,2
974456922,1044,130,-1,-110634,296,4,16,22,0,0,1,9,5,1650,3261,974456998,2166292535,1048575,44547,0,2
974457865,943,130,0,-110634,238,5,16,22,0,0,1,9,5,1650,3261,974457896,2166292535,1048575,45430,0,2
974458861,996,130,0,-110634,239,5,16,22,0,0,1,9,5,1650,3261,974458896,2166292535,1048575,46429,0,2
974459855,994,130,0,-110634,225,5,16,22,0,0,1,9,5,1650,3261,974459877,2166292535,1048575,47409,0,2
974460847,992,130,0,-110634,225,6,16,22,0,0,1,9,5,1650,3261,974460874,2166292535,1048575,48406,0,2
974461844,997,130,0,-110634,225,6,16,22,0,0,1,9,5,1650,3261,974461871,2166292535,1048575,49404,0,2
974462857,1013,130,0,-110634,236,7,16,22,0,0,1,9,5,1650,3261,974462892,2166292535,1048575,1,0,2
974463858,1001,130,0,-110634,232,7,16,22,0,0,1,9,5,1650,3261,974463883,2166292535,1048575,459,0,2
974464852,994,130,0,-110634,232,7,16,22,0,0,1,9,5,1650,3261,974464891,2166292535,1048575,1473,0,2
974465937,1085,130,0,-110634,318,8,16,22,0,0,1,9,5,1650,3261,974466036,2166292535,1048575,2629,0,2
974467036,1099,131,1,-110635,400,8,8,22,0,0,1,9,5,1650,3261,974467135,2166292535,1048575,3735,0,2
974467893,857,131,0,-110635,265,8,8,22,0,0,1,9,5,1650,3261,974467959,2166292535,1048575,4540,0,2
974468878,985,131,0,-110635,258,8,8,22,0,0,1,9,5,1650,3261,974468944,2166292535,1048575,5530,0,2
974469880,1002,131,0,-110635,248,8,8,22,0,0,1,9,5,1650,3261,974469927,2166292535,1048575,6511,0,2
974470882,1002,131,0,-110635,257,8,8,22,0,0,1,9,5,1650,3261,974470949,2166292535,1048575,7535,0,2
974471865,983,131,0,-110635,247,8,8,22,0,0,1,9,5,1650,3261,974471904,2166292535,1048575,8483,0,2
974472868,1003,131,0,-110635,243,8,8,22,0,0,1,9,5,1650,3261,974472931,2166292535,1048575,9522,0,2
974473879,1011,131,0,-110635,249,8,8,22,0,0,1,9,5,1650,3261,974473911,2166292535,1048575,10489,0,2
974474897,1018,131,0,-110635,265,8,8,22,0,0,1,9,5,1650,3261,974474956,2166292535,1048575,11543,0,2
974475876,979,131,0,-110635,246,8,8,22,0,0,1,9,5,1650,3261,974475922,2166292535,1048575,12505,0,2
974476919,1043,131,0,-110635,298,8,8,22,0,0,1,9,5,1650,3261,974476995,2166292535,1048575,13588,0,2
974477861,942,131,0,-110635,237,8,0,22,0,0,1,9,5,1650,3261,974477884,2166292535,1048575,14464,0,2
974478855,994,131,0,-110635,235,7,0,22,0,0,1,9,5,1650,3261,974478889,2166292535,1048575,15465,0,2
974479853,998,131,0,-110635,228,7,0,22,0,0,1,9,5,1650,3261,974479878,2166292535,1048575,16455,0,2
974480849,996,131,0,-110635,225,7,0,22,0,0,1,9,5,1650,3261,974480875,2166292535,1048575,17453,0,2
974481847,998,131,0,-110635,225,6,0,22,0,0,1,9,5,1650,3261,974481874,2166292535,1048575,18451,0,2
974482856,1009,131,0,-110635,233,6,0,22,0,0,1,9,5,1650,3261,974482888,2166292535,1048575,19464,0,2
974483848,992,131,0,-110635,227,6,0,22,0,0,1,9,5,1650,3261,974483873,2166292535,1048575,20449,0,2
974484843,995,131,0,-110635,225,6,0,22,0,0,1,9,5,1650,3261,974484870,2166292535,1048575,21446,0,2
974485944,1101,131,0,-110635,312,5,0,22,0,0,1,9,5,1650,3261,974486036,2166292535,1048575,22629,0,2
974487017,1073,131,0,-110635,382,5,-8,22,0,0,1,9,5,1650,3261,974487123,2166292535,1048575,23725,0,2
974487892,875,131,0,-110635,264,4,-8,22,0,0,1,9,5,1650,3261,974487956,2166292535,1048575,24538,0,2
974488895,1003,131,0,-110635,264,4,-8,22,0,0,1,9,5,1650,3261,974488960,2166292535,1048575,25547,0,2
974489871,976,131,0,-110635,252,3,-8,22,0,0,1,9,5,1650,3261,974489915,2166292535,1048575,26493,0,2
974490879,1008,131,0,-110635,257,3,-8,22,0,0,1,9,5,1650,3261,974490946,2166292535,1048575,27532,0,2
974491885,1006,131,0,-110635,255,3,-8,22,0,0,1,9,5,1650,3261,974491917,2166292535,1048575,28494,0,2
974492863,978,130,-1,-110634,242,2,0,22,0,0,1,9,5,1650,3261,974492927,2166292535,1048575,29515,0,2
974493880,1017,130,0,-110634,253,2,0,22,0,0,1,9,5,1650,3261,974493919,2166292535,1048575,30500,0,2
974494875,995,130,0,-110634,250,2,0,22,0,0,1,9,5,1650,3261,974494939,2166292535,1048575,31527,0,2
974495879,1004,130,0,-110634,251,2,0,22,0,0,1,9,5,1650,3261,974495924,2166292535,1048575,32507,0,2
974496915,1036,130,0,-110634,296,2,0,22,0,0,1,9,5,1650,3261,974496989,2166292535,1048575,33582,0,2
974497868,953,130,0,-110634,238,2,8,22,0,0,1,9,5,1650,3261,974497899,2166292535,1048575,34476,0,2
974498859,991,131,1,-110635,235,2,0,22,0,0,1,9,5,1650,3261,974498892,2166292535,1048575,35468,0,2
974499854,995,131,0,-110635,228,2,0,22,0,0,1,9,5,1650,3261,974499879,2166292535,1048575,36456,0,2
974500850,996,131,0,-110635,225,2,0,22,0,0,1,9,5,1650,3261,974500876,2166292535,1048575,37453,0,2
974501848,998,131,0,-110635,226,2,0,22,0,0,1,9,5,1650,3261,974501874,2166292535,1048575,38451,0,2
974502855,1007,131,0,-110635,233,2,0,22,0,0,1,9,5,1650,3261,974502887,2166292535,1048575,39464,0,2
974503848,993,131,0,-110635,227,2,0,22,0,0,1,9,5,1650,3261,974503873,2166292535,1048575,40449,0,2
974504843,995,131,0,-110635,225,2,0,22,0,0,1,9,5,1650,3261,974504870,2166292535,1048575,41446,0,2
974505934,1091,132,1,-110636,313,1,-8,22,0,0,1,9,5,1650,3261,974506028,2166292535,1048575,42621,0,2
974507012,1078,132,0,-110636,384,1,-8,22,0,0,1,9,5,1650,3261,974507114,2166292535,1048575,43715,0,2
974507904,892,132,0,-110636,273,1,-8,22,0,0,1,9,5,1650,3261,974507967,2166292535,1048575,44554,0,2
974508890,986,132,0,-110636,260,0,-8,22,0,0,1,9,5,1650,3261,974508958,2166292535,1048575,45544,0,2
974509887,997,132,0,-110636,258,0,-8,22,0,0,1,9,5,1650,3261,974509931,2166292535,1048575,46517,0,2
974510888,1001,132,0,-110636,261,0,-8,22,0,0,1,9,5,1650,3261,974510956,2166292535,1048575,47543,0,2
974511873,985,132,0,-110636,247,-1,-8,22,0,0,1,9,5,1650,3261,974511910,2166292535,1048575,48487,0,2
974512873,1000,132,0,-110636,246,-1,-8,22,0,0,1,9,5,1650,3261,974512934,2166292535,1048575,49522,0,2
974513866,993,132,0,-110636,248,-1,-8,22,0,0,1,9,5,1650,3261,974513905,2166292531,1048575,1,0,2
974514899,1033,131,-1,-110635,277,-1,0,22,0,0,1,9,5,1650,3261,974514977,2166292531,1048575,528,0,2
974515874,975,132,1,-110636,253,-1,-8,22,0,0,1,9,5,1650,3261,974515925,2166292531,1048575,1468,0,2
974516921,1047,132,0,-110636,300,-2,-8,22,0,0,1,9,5,1650,3261,974516997,2166292531,1048575,2554,0,2
974517860,939,132,0,-110636,234,-2,-8,22,0,0,1,9,5,1650,3261,974517887,2166292531,1048575,3429,0,2
974518862,1002,132,0,-110636,240,-2,-8,22,0,0,1,9,5,1650,3261,974518897,2166292531,1048575,4438,0,2
974519844,982,132,0,-110636,225,-2,-8,22,0,0,1,9,5,1650,3261,974519866,2166292531,1048575,5404,0,2
974520853,1009,132,0,-110636,225,-3,-8,22,0,0,1,9,5,1650,3261,974520880,2166292531,1048575,6420,0,2
974521849,996,132,0,-110636,222,-3,-8,22,0,0,1,9,5,1650,3261,974521872,2166292531,1048575,7410,0,2
974522856,1007,132,0,-110636,236,-3,-8,22,0,0,1,9,5,1650,3261,974522890,2166292531,1048575,8430,0,2
974523849,993,132,0,-110636,225,-4,-16,22,0,0,1,9,5,1650,3261,974523871,2166292531,1048575,9409,0,2
974524856,1007,132,0,-110636,226,-4,-16,22,0,0,1,9,5,1650,3261,974524883,2166292531,1048575,10426,0,2
974525939,1083,132,0,-110636,311,-5,-16,22,0,0,1,9,5,1650,3261,974526031,2166292531,1048575,11584,0,2
974527016,1077,132,0,-110636,379,-5,-16,22,0,0,1,9,5,1650,3261,974527116,2166292531,1048575,12681,0,2
974527901,885,132,0,-110636,270,-5,-16,22,0,0,1,9,5,1650,3261,974527964,2166292531,1048575,13510,0,2
974528890,989,132,0,-110636,263,-6,-8,22,0,0,1,9,5,1650,3261,974528958,2166292531,1048575,14508,0,2
974529871,981,132,0,-110636,253,-6,-8,22,0,0,1,9,5,1650,3261,974529917,2166292531,1048575,15459,0,2
974530888,1017,132,0,-110636,259,-6,-8,22,0,0,1,9,5,1650,3261,974530948,2166292531,1048575,16498,0,2
974531872,984,132,0,-110636,252,-6,-8,22,0,0,1,9,5,1650,3261,974531904,2166292531,1048575,17444,0,2
974532863,991,132,0,-110636,238,-6,-8,22,0,0,1,9,5,1650,3261,974532921,2166292531,1048575,18476,0,2
974533881,1018,132,0,-110636,254,-6,-8,22,0,0,1,9,5,1650,3261,974533920,2166292531,1048575,19465,0,2
974534888,1007,132,0,-110636,257,-6,-8,22,0,0,1,9,5,1650,3261,974534955,2166292531,1048575,20505,0,2
974535880,992,132,0,-110636,250,-6,-8,22,0,0,1,9,5,1650,3261,974535924,2166292531,1048575,21470,0,2
974536930,1050,132,0,-110636,297,-6,0,22,0,0,1,9,5,1650,3261,974537005,2166292531,1048575,22561,0,2
974537856,926,132,0,-110636,238,-6,0,22,0,0,1,9,5,1650,3261,974537878,2166292531,1048575,23421,0,2
974538855,999,132,0,-110636,236,-5,0,22,0,0,1,9,5,1650,3261,974538888,2166292531,1048575,24427,0,2
974539851,996,132,0,-110636,228,-5,0,22,0,0,1,9,5,1650,3261,974539876,2166292531,1048575,25416,0,2
974540847,996,132,0,-110636,225,-5,0,22,0,0,1,9,5,1650,3261,974540873,2166292531,1048575,26412,0,2
974541843,996,131,-1,-110635,225,-5,8,22,0,0,1,9,5,1650,3261,974541870,2166292531,1048575,27410,0,2
974542854,1011,131,0,-110635,233,-4,8,22,0,0,1,9,5,1650,3261,974542887,2166292531,1048575,28426,0,2
974543847,993,131,0,-110635,227,-4,8,22,0,0,1,9,5,1650,3261,974543872,2166292531,1048575,29411,0,2
974544843,996,131,0,-110635,225,-3,8,22,0,0,1,9,5,1650,3261,974544869,2166292531,1048575,30409,0,2
974545936,1093,131,0,-110635,313,-3,8,22,0,0,1,9,5,1650,3261,974546028,2166292531,1048575,31583,0,2
974547006,1070,131,0,-110635,379,-2,8,22,0,0,1,9,5,1650,3261,974547114,2166292531,1048575,32678,0,2
974547891,885,131,0,-110635,267,-2,8,22,0,0,1,9,5,1650,3261,974547952,2166292531,1048575,33499,0,2
974548890,999,131,0,-110635,265,-1,8,22,0,0,1,9,5,1650,3261,974548953,2166292531,1048575,34501,0,2
974549871,981,131,0,-110635,247,-1,8,22,0,0,1,9,5,1650,3261,974549913,2166292531,1048575,35455,0,2
974550881,1010,131,0,-110635,256,-1,8,22,0,0,1,9,5,1650,3261,974550949,2166292531,1048575,36500,0,2
974551873,992,131,0,-110635,251,0,8,22,0,0,1,9,5,1650,3261,974551903,2166292531,1048575,37442,0,2
974552859,986,131,0,-110635,239,0,8,22,0,0,1,9,5,1650,3261,974552914,2166292531,1048575,38473,0,2
974553874,1015,131,0,-110635,252,0,8,22,0,0,1,9,5,1650,3261,974553914,2166292531,1048575,39459,0,2
974554882,1008,131,0,-110635,256,1,8,22,0,0,1,9,5,1650,3261,974554951,2166292531,1048575,40500,0,2
974555869,987,131,0,-110635,248,1,8,22,0,0,1,9,5,1650,3261,974555915,2166292531,1048575,41458,0,2
974556923,1054,130,-1,-110634,298,1,16,22,0,0,1,9,5,1650,3261,974556999,2166292531,1048575,42555,0,2
974557855,932,130,0,-110634,237,2,16,22,0,0,1,9,5,1650,3261,974557878,2166292531,1048575,43419,0,2
974558867,1012,130,0,-110634,236,3,16,22,0,0,1,9,5,1650,3261,974558900,2166292531,1048575,44439,0,2
974559849,982,130,0,-110634,228,3,16,22,0,0,1,9,5,1650,3261,974559873,2166292531,1048575,45412,0,2
974560843,994,130,0,-110634,225,4,16,22,0,0,1,9,5,1650,3261,974560870,2166292531,1048575,46409,0,2
974561857,1014,130,0,-110634,225,4,16,22,0,0,1,9,5,1650,3261,974561886,2166292531,1048575,47427,0,2
974562858,1001,130,0,-110634,233,5,16,22,0,0,1,9,5,1650,3261,974562889,2166292531,1048575,48428,0,2
974563850,992,130,0,-110634,228,5,16,22,0,0,1,9,5,1650,3261,974563875,2166292531,1048575,49414,0,2
974564845,995,130,0,-110634,225,5,16,22,0,0,1,9,5,1650,3261,974564872,2166292536,1048575,1,0,2
974566010,1165,130,0,-110634,317,6,16,22,0,0,1,9,5,1650,3261,974566108,2166292536,1048575,493,0,2
974567064,1054,130,0,-110634,442,6,16,22,0,0,1,9,5,1650,3261,974567192,2166292536,1048575,1589,0,2
974567915,851,129,-1,-110633,283,7,24,22,0,0,1,9,5,1650,3261,974567984,2166292536,1048575,2370,0,2
974568894,979,129,0,-110633,264,8,24,22,0,0,1,9,5,1650,3261,974568968,2166292536,1048575,3349,0,2
974569878,984,129,0,-110633,257,8,24,22,0,0,1,9,5,1650,3261,974569930,2166292536,1048575,4310,0,2
974570879,1001,129,0,-110633,254,9,24,22,0,0,1,9,5,1650,3261,974570950,2166292536,1048575,5332,0,2
974571867,988,129,0,-110633,248,9,16,22,0,0,1,9,5,1650,3261,974571911,2166292536,1048575,6289,0,2
974572874,1007,129,0,-110633,244,9,16,22,0,0,1,9,5,1650,3261,974572943,2166292536,1048575,7330,0,2
974573887,1013,129,0,-110633,262,10,16,22,0,0,1,9,5,1650,3261,974573928,2166292536,1048575,8306,0,2
974574881,994,129,0,-110633,249,10,16,22,0,0,1,9,5,1650,3261,974574949,2166292536,1048575,9330,0,2
974575870,989,129,0,-110633,249,10,16,22,0,0,1,9,5,1650,3261,974575912,2166292536,1048575,10288,0,2
974576933,1063,129,0,-110633,304,10,16,22,0,0,1,9,5,1650,3261,974577011,2166292536,1048575,11399,0,2
974577852,919,129,0,-110633,231,11,16,22,0,0,1,9,5,1650,3261,974577877,2166292536,1048575,12249,0,2
974578853,1001,129,0,-110633,234,11,16,22,0,0,1,9,5,1650,3261,974578888,2166292536,1048575,13260,0,2
974579853,1000,129,0,-110633,229,11,16,22,0,0,1,9,5,1650,3261,974579875,2166292536,1048575,14245,0,2
974580845,992,129,0,-110633,225,11,16,22,0,0,1,9,5,1650,3261,974580871,2166292536,1048575,15242,0,2
974581858,1013,129,0,-110633,225,11,16,22,0,0,1,9,5,1650,3261,974581887,2166292536,1048575,16261,0,2
974582859,1001,129,0,-110633,231,12,16,22,0,0,1,9,5,1650,3261,974582893,2166292536,1048575,17265,0,2
974583856,997,129,0,-110633,230,12,16,22,0,0,1,9,5,1650,3261,974583878,2166292536,1048575,18249,0,2
974584848,992,129,0,-110633,225,12,16,22,0,0,1,9,5,1650,3261,974584875,2166292536,1048575,19248,0,2
974585932,1084,129,0,-110633,309,12,16,22,0,0,1,9,5,1650,3261,974586025,2166292536,1048575,20412,0,2
974587020,1088,129,0,-110633,387,12,8,22,0,0,1,9,5,1650,3261,974587125,2166292536,1048575,21519,0,2
974587884,864,129,0,-110633,263,12,8,22,0,0,1,9,5,1650,3261,974587947,2166292536,1048575,22329,0,2
974588874,990,129,0,-110633,256,12,8,22,0,0,1,9,5,1650,3261,974588942,2166292536,1048575,23325,0,2
974589872,998,129,0,-110633,247,11,8,22,0,0,1,9,5,1650,3261,974589916,2166292536,1048575,24290,0,2
974590888,1016,129,0,-110633,263,11,8,22,0,0,1,9,5,1650,3261,974590951,2166292536,1048575,25334,0,2
974591867,979,129,0,-110633,247,11,8,22,0,0,1,9,5,1650,3261,974591902,2166292536,1048575,26273,0,2
974592859,992,129,0,-110633,241,11,8,22,0,0,1,9,5,1650,3261,974592918,2166292536,1048575,27310,0,2
974593884,1025,129,0,-110633,254,11,8,22,0,0,1,9,5,1650,3261,974593928,2166292536,1048575,28308,0,2
974594881,997,129,0,-110633,255,11,8,22,0,0,1,9,5,1650,3261,974594949,2166292536,1048575,29330,0,2
974595877,996,129,0,-110633,247,11,8,22,0,0,1,9,5,1650,3261,974595925,2166292536,1048575,30304,0,2
974596919,1042,129,0,-110633,296,11,8,22,0,0,1,9,5,1650,3261,974596998,2166292536,1048575,31386,0,2
974597867,948,129,0,-110633,237,11,8,22,0,0,1,9,5,1650,3261,974597895,2166292536,1048575,32268,0,2
974598856,989,129,0,-110633,235,10,0,22,0,0,1,9,5,1650,3261,974598889,2166292536,1048575,33260,0,2
974599850,994,129,0,-110633,228,10,0,22,0,0,1,9,5,1650,3261,974599874,2166292536,1048575,34245,0,2
974600844,994,129,0,-110633,225,9,0,22,0,0,1,9,5,1650,3261,974600871,2166292536,1048575,35242,0,2
974601858,1014,129,0,-110633,226,9,0,22,0,0,1,9,5,1650,3261,974601887,2166292536,1048575,36260,0,2
974602860,1002,129,0,-110633,233,9,0,22,0,0,1,9,5,1650,3261,974602892,2166292536,1048575,37264,0,2
974603854,994,129,0,-110633,228,8,0,22,0,0,1,9,5,1650,3261,974603878,2166292536,1048575,38251,0,2
974604850,996,129,0,-110633,225,8,0,22,0,0,1,9,5,1650,3261,974604876,2166292536,1048575,39248,0,2
974605935,1085,129,0,-110633,316,8,0,22,0,0,1,9,5,1650,3261,974606028,2166292536,1048575,40414,0,2
974607003,1068,129,0,-110633,378,7,0,22,0,0,1,9,5,1650,3261,974607108,2166292536,1048575,41506,0,2
974607890,887,129,0,-110633,267,7,0,22,0,0,1,9,5,1650,3261,974607952,2166292536,1048575,42331,0,2
974608879,989,129,0,-110633,259,7,0,22,0,0,1,9,5,1650,3261,974608946,2166292536,1048575,43327,0,2
974609880,1001,129,0,-110633,249,7,0,22,0,0,1,9,5,1650,3261,974609926,2166292536,1048575,44305,0,2
974610897,1017,129,0,-110633,265,6,0,22,0,0,1,9,5,1650,3261,974610957,2166292536,1048575,45337,0,2
974611877,980,129,0,-110633,251,6,0,22,0,0,1,9,5,1650,3261,974611911,2166292536,1048575,46283,0,2
974612868,991,129,0,-110633,240,6,0,22,0,0,1,9,5,1650,3261,974612925,2166292536,1048575,47310,0,2
974613866,998,129,0,-110633,244,6,0,22,0,0,1,9,5,1650,3261,974613905,2166292536,1048575,48278,0,2
974614888,1022,129,0,-110633,260,5,0,22,0,0,1,9,5,1650,3261,974614951,2166292536,1048575,49331,0,2
974615869,981,129,0,-110633,248,5,0,22,0,0,1,9,5,1650,3261,974615917,2166292537,1048575,2,0,2
974616940,1071,129,0,-110633,311,5,0,22,0,0,1,9,5,1650,3261,974617016,2166292537,1048575,501,0,2
974617853,913,129,0,-110633,235,5,0,22,0,0,1,9,5,1650,3261,974617876,2166292537,1048575,1347,0,2
974618869,1016,129,0,-110633,238,5,0,22,0,0,1,9,5,1650,3261,974618904,2166292537,1048575,2377,0,2
974619853,984,129,0,-110633,226,4,0,22,0,0,1,9,5,1650,3261,974619875,2166292537,1048575,3345,0,2
974620844,991,129,0,-110633,225,4,0,22,0,0,1,9,5,1650,3261,974620871,2166292537,1048575,4342,0,2
974621858,1014,129,0,-110633,226,4,0,22,0,0,1,9,5,1650,3261,974621886,2166292537,1048575,5360,0,2
974622860,1002,129,0,-110633,235,4,0,22,0,0,1,9,5,1650,3261,974622895,2166292537,1048575,6367,0,2
974623854,994,129,0,-110633,225,4,0,22,0,0,1,9,5,1650,3261,974623876,2166292537,1048575,7346,0,2
974624845,991,128,-1,-110632,225,4,8,22,0,0,1,9,5,1650,3261,974624872,2166292537,1048575,8344,0,2
974625928,1083,128,0,-110632,310,4,8,22,0,0,1,9,5,1650,3261,974626013,2166292537,1048575,9500,0,2
974627023,1095,127,-1,-110631,392,5,16,22,0,0,1,9,5,1650,3261,974627127,2166292537,1048575,10622,0,2
974627890,867,126,-1,-110630,264,5,24,22,0,0,1,9,5,1650,3261,974627956,2166292537,1048575,11436,0,2
974628893,1003,125,-1,-110629,264,6,33,22,0,0,1,9,5,1650,3261,974628960,2166292537,1048575,12441,0,2
974629871,978,125,0,-110629,252,7,33,22,0,0,1,9,5,1650,3261,974629913,2166292537,1048575,13387,0,2
974630874,1003,125,0,-110629,249,8,33,22,0,0,1,9,5,1650,3261,974630936,2166292537,1048575,14424,0,2
974631889,1015,124,-1,-110628,259,10,41,22,0,0,1,9,5,1650,3261,974631919,2166292537,1048575,15391,0,2
974632853,964,124,0,-110628,234,11,39,22,0,0,1,9,5,1650,3261,974632910,2166292537,1048575,16398,0,2
974633873,1020,123,-1,-110627,254,12,49,22,0,0,1,9,5,1650,3261,974633910,2166292537,1048575,17383,0,2
974634881,1008,123,0,-110627,250,14,49,22,0,0,1,9,5,1650,3261,974634951,2166292537,1048575,18433,0,2
974635877,996,123,0,-110627,252,15,47,22,0,0,1,9,5,1650,3261,974635926,2166292537,1048575,19407,0,2
974636924,1047,122,-1,-110626,297,17,55,22,0,0,1,9,5,1650,3261,974636999,2166292537,1048575,20487,0,2
974637861,937,122,0,-110626,236,18,55,22,0,0,1,9,5,1650,3261,974637889,2166292537,1048575,21361,0,2
974638861,1000,122,0,-110626,235,20,55,22,0,0,1,9,5,1650,3261,974638894,2166292537,1048575,22365,0,2
974639855,994,123,1,-110627,228,21,47,22,0,0,1,9,5,1650,3261,974639880,2166292537,1048575,23351,0,2
974640850,995,123,0,-110627,225,22,47,22,0,0,1,9,5,1650,3261,974640877,2166292537,1048575,24351,0,2
974641850,1000,123,0,-110627,225,23,47,22,0,0,1,9,5,1650,3261,974641876,2166292537,1048575,25349,0,2
974642858,1008,123,0,-110627,233,24,47,22,0,0,1,9,5,1650,3261,974642889,2166292537,1048575,26360,0,2
974643850,992,123,0,-110627,228,25,47,22,0,0,1,9,5,1650,3261,974643875,2166292537,1048575,27346,0,2
974644845,995,124,1,-110628,225,25,39,22,0,0,1,9,5,1650,3261,974644872,2166292537,1048575,28343,0,2
974645947,1102,124,0,-110628,314,26,41,22,0,0,1,9,5,1650,3261,974646041,2166292537,1048575,29529,0,2
974647019,1072,124,0,-110628,367,26,41,22,0,0,1,9,5,1650,3261,974647120,2166292537,1048575,30617,0,2
974647890,871,124,0,-110628,272,27,41,22,0,0,1,9,5,1650,3261,974647954,2166292537,1048575,31433,0,2
974648891,1001,124,0,-110628,262,27,41,22,0,0,1,9,5,1650,3261,974648951,2166292537,1048575,32433,0,2
974649871,980,124,0,-110628,249,28,41,22,0,0,1,9,5,1650,3261,974649918,2166292537,1048575,33391,0,2
974650878,1007,124,0,-110628,253,28,41,22,0,0,1,9,5,1650,3261,974650944,2166292537,1048575,34426,0,2
974651887,1009,125,1,-110629,255,29,33,22,0,0,1,9,5,1650,3261,974651919,2166292537,1048575,35390,0,2
974652860,973,125,0,-110629,238,29,33,22,0,0,1,9,5,1650,3261,974652914,2166292537,1048575,36400,0,2
974653870,1010,125,0,-110629,250,29,33,22,0,0,1,9,5,1650,3261,974653909,2166292537,1048575,37382,0,2
974654873,1003,125,0,-110629,253,29,24,22,0,0,1,9,5,1650,3261,974654937,2166292537,1048575,38421,0,2
974655877,1004,125,0,-110629,249,29,24,22,0,0,1,9,5,1650,3261,974655926,2166292537,1048575,39404,0,2
974656927,1050,125,0,-110629,300,28,24,22,0,0,1,9,5,1650,3261,974657002,2166292537,1048575,40490,0,2
974657866,939,126,1,-110630,238,28,8,22,0,0,1,9,5,1650,3261,974657898,2166292537,1048575,41370,0,2
974658857,991,126,0,-110630,235,27,0,22,0,0,1,9,5,1650,3261,974658889,2166292537,1048575,42361,0,2
974659851,994,126,0,-110630,228,25,-8,22,0,0,1,9,5,1650,3261,974659875,2166292537,1048575,43348,0,2
974660847,996,126,0,-110630,226,24,-8,22,0,0,1,9,5,1650,3261,974660873,2166292537,1048575,44344,0,2
974661844,997,126,0,-110630,226,23,-8,22,0,0,1,9,5,1650,3261,974661870,2166292537,1048575,45342,0,2
974662854,1010,126,0,-110630,233,21,-16,22,0,0,1,9,5,1650,3261,974662886,2166292537,1048575,46358,0,2
974663847,993,126,0,-110630,227,20,-16,22,0,0,1,9,5,1650,3261,974663872,2166292537,1048575,47343,0,2
974664858,1011,127,1,-110631,225,18,-32,22,0,0,1,9,5,1650,3261,974664887,2166292537,1048575,48364,0,2
974665937,1079,127,0,-110631,314,16,-32,22,0,0,1,9,5,1650,3261,974666031,2166292537,1048575,49519,0,2
974667022,1085,127,0,-110631,384,13,-41,22,0,0,1,9,5,1650,3261,974667128,2166292539,1048575,2,0,2
974668098,1076,126,-1,-110630,302,11,-32,22,0,0,1,9,5,1650,3261,974668159,2166292539,1048575,465,0,2
974668892,794,126,0,-110630,268,10,-33,22,0,0,1,9,5,1650,3261,974668942,2166292539,1048575,1251,0,2
974669871,979,127,1,-110631,242,8,-33,22,0,0,1,9,5,1650,3261,974669923,2166292539,1048575,2228,0,2
974670880,1009,127,0,-110631,261,7,-33,22,0,0,1,9,5,1650,3261,974670945,2166292539,1048575,3256,0,2
974671868,988,127,0,-110631,249,5,-33,22,0,0,1,9,5,1650,3261,974671916,2166292539,1048575,4215,0,2
974672866,998,127,0,-110631,246,4,-33,22,0,0,1,9,5,1650,3261,974672923,2166292539,1048575,5239,0,2
974673876,1010,127,0,-110631,254,2,-33,22,0,0,1,9,5,1650,3261,974673922,2166292539,1048575,6221,0,2
974674892,1016,127,0,-110631,261,1,-24,22,0,0,1,9,5,1650,3261,974674958,2166292539,1048575,7264,0,2
974675876,984,127,0,-110631,246,0,-24,22,0,0,1,9,5,1650,3261,974675938,2166292539,1048575,8243,0,2
974676933,1057,127,0,-110631,304,-1,-24,22,0,0,1,9,5,1650,3261,974677003,2166292539,1048575,9315,0,2
974677851,918,127,0,-110631,225,-2,-24,22,0,0,1,9,5,1650,3261,974677873,2166292539,1048575,10168,0,2
974678863,1012,127,0,-110631,234,-3,-24,22,0,0,1,9,5,1650,3261,974678897,2166292539,1048575,11193,0,2
974679859,996,127,0,-110631,228,-3,-24,22,0,0,1,9,5,1650,3261,974679885,2166292539,1048575,12181,0,2
974680855,996,127,0,-110631,225,-4,-24,22,0,0,1,9,5,1650,3261,974680882,2166292539,1048575,13179,0,2
974681851,996,127,0,-110631,222,-5,-24,22,0,0,1,9,5,1650,3261,974681874,2166292539,1048575,14169,0,2
974682854,1003,127,0,-110631,233,-5,-16,22,0,0,1,9,5,1650,3261,974682886,2166292539,1048575,15182,0,2
974683845,991,127,0,-110631,227,-6,-16,22,0,0,1,9,5,1650,3261,974683870,2166292539,1048575,16166,0,2
974684856,1011,126,-1,-110630,226,-6,-8,22,0,0,1,9,5,1650,3261,974684883,2166292539,1048575,17183,0,2
974685937,1081,126,0,-110630,314,-6,-8,22,0,0,1,9,5,1650,3261,974686031,2166292539,1048575,18342,0,2
974687028,1091,125,-1,-110629,380,-6,0,22,0,0,1,9,5,1650,3261,974687130,2166292539,1048575,19453,0,2
974687892,864,125,0,-110629,263,-5,8,22,0,0,1,9,5,1650,3261,974687954,2166292539,1048575,20258,0,2
974688883,991,125,0,-110629,255,-5,8,22,0,0,1,9,5,1650,3261,974688949,2166292539,1048575,21255,0,2
974689870,987,125,0,-110629,250,-4,8,22,0,0,1,9,5,1650,3261,974689912,2166292539,1048575,22210,0,2
974690874,1004,125,0,-110629,254,-4,8,22,0,0,1,9,5,1650,3261,974690934,2166292539,1048575,23244,0,2
974691875,1001,125,0,-110629,250,-3,8,22,0,0,1,9,5,1650,3261,974691909,2166292539,1048575,24206,0,2
974692866,991,125,0,-110629,238,-3,8,22,0,0,1,9,5,1650,3261,974692925,2166292539,1048575,25236,0,2
974693876,1010,125,0,-110629,250,-2,8,22,0,0,1,9,5,1650,3261,974693915,2166292539,1048575,26216,0,2
974694878,1002,125,0,-110629,256,-2,16,22,0,0,1,9,5,1650,3261,974694942,2166292539,1048575,27249,0,2
974695864,986,125,0,-110629,246,-1,16,22,0,0,1,9,5,1650,3261,974695904,2166292539,1048575,28203,0,2
974696935,1071,125,0,-110629,303,0,16,22,0,0,1,9,5,1650,3261,974697014,2166292539,1048575,29327,0,2
974697856,921,125,0,-110629,238,0,16,22,0,0,1,9,5,1650,3261,974697878,2166292539,1048575,30178,0,2
974698855,999,125,0,-110629,237,1,8,22,0,0,1,9,5,1650,3261,974698888,2166292539,1048575,31184,0,2
974699850,995,125,0,-110629,226,1,8,22,0,0,1,9,5,1650,3261,974699875,2166292539,1048575,32172,0,2
974700846,996,125,0,-110629,225,1,16,22,0,0,1,9,5,1650,3261,974700873,2166292539,1048575,33169,0,2
974701843,997,125,0,-110629,225,2,16,22,0,0,1,9,5,1650,3261,974701870,2166292539,1048575,34166,0,2
974702855,1012,125,0,-110629,234,3,16,22,0,0,1,9,5,1650,3261,974702888,2166292539,1048575,35184,0,2
974703848,993,125,0,-110629,227,3,16,22,0,0,1,9,5,1650,3261,974703872,2166292539,1048575,36168,0,2
974704843,995,125,0,-110629,225,4,16,22,0,0,1,9,5,1650,3261,974704869,2166292539,1048575,37166,0,2
974705936,1093,125,0,-110629,315,4,16,22,0,0,1,9,5,1650,3261,974706029,2166292539,1048575,38341,0,2
974707020,1084,125,0,-110629,390,5,16,22,0,0,1,9,5,1650,3261,974707120,2166292539,1048575,39441,0,2
974707896,876,125,0,-110629,270,5,16,22,0,0,1,9,5,1650,3261,974707960,2166292539,1048575,40261,0,2
974708888,992,125,0,-110629,263,5,16,22,0,0,1,9,5,1650,3261,974708957,2166292539,1048575,41262,0,2
974709876,988,124,-1,-110628,251,6,24,22,0,0,1,9,5,1650,3261,974709923,2166292539,1048575,42221,0,2
974710896,1020,124,0,-110628,267,7,24,22,0,0,1,9,5,1650,3261,974710958,2166292539,1048575,43265,0,2
974711877,981,124,0,-110628,247,8,24,22,0,0,1,9,5,1650,3261,974711916,2166292539,1048575,44214,0,2
974712866,989,124,0,-110628,243,8,24,22,0,0,1,9,5,1650,3261,974712927,2166292539,1048575,45240,0,2
974713876,1010,125,1,-110629,249,9,16,22,0,0,1,9,5,1650,3261,974713918,2166292539,1048575,46215,0,2
974714882,1006,125,0,-110629,258,9,8,22,0,0,1,9,5,1650,3261,974714953,2166292539,1048575,47260,0,2
974715875,993,125,0,-110629,248,9,8,22,0,0,1,9,5,1650,3261,974715921,2166292539,1048575,48223,0,2
974716917,1042,125,0,-110629,297,9,8,22,0,0,1,9,5,1650,3261,974716991,2166292539,1048575,49304,0,2
974717860,943,125,0,-110629,238,8,0,22,0,0,1,9,5,1650,3261,974717884,2166292535,1048575,1,0,2
974718871,1011,125,0,-110629,246,8,0,22,0,0,1,9,5,1650,3261,974718907,2166292535,1048575,479,0,2
974719848,977,125,0,-110629,228,8,0,22,0,0,1,9,5,1650,3261,974719873,2166292535,1048575,1445,0,2
974720843,995,125,0,-110629,225,7,0,22,0,0,1,9,5,1650,3261,974720870,2166292535,1048575,2442,0,2
974721857,1014,125,0,-110629,225,7,0,22,0,0,1,9,5,1650,3261,974721887,2166292535,1048575,3461,0,2
974722860,1003,125,0,-110629,233,7,0,22,0,0,1,9,5,1650,3261,974722892,2166292535,1048575,4464,0,2
974723852,992,124,-1,-110628,227,7,8,22,0,0,1,9,5,1650,3261,974723877,2166292535,1048575,5450,0,2
974724849,997,124,0,-110628,225,7,8,22,0,0,1,9,5,1650,3261,974724875,2166292535,1048575,6448,0,2
974725937,1088,124,0,-110628,319,7,8,22,0,0,1,9,5,1650,3261,974726031,2166292535,1048575,7620,0,2
974727021,1084,123,-1,-110627,393,7,16,22,0,0,1,9,5,1650,3261,974727123,2166292535,1048575,8720,0,2
974727882,861,123,0,-110627,262,8,16,22,0,0,1,9,5,1650,3261,974727950,2166292535,1048575,9531,0,2
974728879,997,123,0,-110627,258,8,16,22,0,0,1,9,5,1650,3261,974728945,2166292535,1048575,10528,0,2
974729868,989,122,-1,-110626,247,9,24,22,0,0,1,9,5,1650,3261,974729912,2166292535,1048575,11488,0,2
974730876,1008,121,-1,-110625,256,9,33,22,0,0,1,9,5,1650,3261,974730939,2166292535,1048575,12521,0,2
974731867,991,121,0,-110625,246,10,33,22,0,0,1,9,5,1650,3261,974731911,2166292535,1048575,13484,0,2
974732860,993,121,0,-110625,242,11,33,22,0,0,1,9,5,1650,3261,974732922,2166292535,1048575,14508,0,2
974733873,1013,121,0,-110625,250,12,33,22,0,0,1,9,5,1650,3261,974733912,2166292535,1048575,15489,0,2
974734879,1006,120,-1,-110624,254,13,41,22,0,0,1,9,5,1650,3261,974734943,2166292535,1048575,16525,0,2
974735873,994,120,0,-110624,246,14,39,22,0,0,1,9,5,1650,3261,974735920,2166292535,1048575,17495,0,2
974736920,1047,120,0,-110624,297,15,39,22,0,0,1,9,5,1650,3261,974737002,2166292535,1048575,18592,0,2
974737861,941,120,0,-110624,237,16,40,22,0,0,1,9,5,1650,3261,974737888,2166292535,1048575,19462,0,2
974738863,1002,120,0,-110624,236,17,39,22,0,0,1,9,5,1650,3261,974738895,2166292535,1048575,20467,0,2
974739855,992,119,-1,-110623,227,18,47,22,0,0,1,9,5,1650,3261,974739880,2166292535,1048575,21453,0,2
974740851,996,119,0,-110623,225,19,39,22,0,0,1,9,5,1650,3261,974740878,2166292535,1048575,22452,0,2
974741850,999,118,-1,-110622,225,20,47,22,0,0,1,9,5,1650,3261,974741876,2166292535,1048575,23451,0,2
974742859,1009,118,0,-110622,233,21,47,22,0,0,1,9,5,1650,3261,974742892,2166292535,1048575,24465,0,2
974743854,995,118,0,-110622,228,22,47,22,0,0,1,9,5,1650,3261,974743878,2166292535,1048575,25451,0,2
974744850,996,117,-1,-110621,225,24,63,22,0,0,1,9,5,1650,3261,974744876,2166292535,1048575,26452,0,2
974745943,1093,117,0,-110621,312,26,65,22,0,0,1,9,5,1650,3261,974746036,2166292535,1048575,27624,0,2
974747020,1077,117,0,-110621,372,27,65,22,0,0,1,9,5,1650,3261,974747127,2166292535,1048575,28723,0,2
974747899,879,117,0,-110621,270,29,65,22,0,0,1,9,5,1650,3261,974747964,2166292535,1048575,29548,0,2
974748890,991,117,0,-110621,260,30,65,22,0,0,1,9,5,1650,3261,974748961,2166292535,1048575,30542,0,2
974749889,999,117,0,-110621,258,31,65,22,0,0,1,9,5,1650,3261,974749932,2166292535,1048575,31514,0,2
974750894,1005,117,0,-110621,263,33,65,22,0,0,1,9,5,1650,3261,974750955,2166292535,1048575,32538,0,2
974751881,987,116,-1,-110620,252,34,73,22,0,0,1,9,5,1650,3261,974751912,2166292535,1048575,33485,0,2
974752873,992,116,0,-110620,245,36,73,22,0,0,1,9,5,1650,3261,974752932,2166292535,1048575,34516,0,2
974753865,992,115,-1,-110619,246,37,73,22,0,0,1,9,5,1650,3261,974753901,2166292535,1048575,35475,0,2
974754877,1012,115,0,-110619,255,39,73,22,0,0,1,9,5,1650,3261,974754945,2166292535,1048575,36529,0,2
974755871,994,115,0,-110619,247,40,71,22,0,0,1,9,5,1650,3261,974755921,2166292535,1048575,37498,0,2
974756915,1044,115,0,-110619,297,41,71,22,0,0,1,9,5,1650,3261,974756989,2166292535,1048575,38578,0,2
974757863,948,115,0,-110619,238,42,63,22,0,0,1,9,5,1650,3261,974757892,2166292535,1048575,39468,0,2
974758858,995,115,0,-110619,240,43,63,22,0,0,1,9,5,1650,3261,974758893,2166292535,1048575,40466,0,2
974759851,993,116,1,-110620,224,43,55,22,0,0,1,9,5,1650,3261,974759874,2166292535,1048575,41444,0,2
974760843,992,116,0,-110620,225,43,47,22,0,0,1,9,5,1650,3261,974760870,2166292535,1048575,42442,0,2
974761857,1014,116,0,-110620,225,43,39,22,0,0,1,9,5,1650,3261,974761886,2166292535,1048575,43460,0,2
974762860,1003,116,0,-110620,235,43,41,22,0,0,1,9,5,1650,3261,974762895,2166292535,1048575,44468,0,2
974763854,994,115,-1,-110619,225,43,47,22,0,0,1,9,5,1650,3261,974763876,2166292535,1048575,45448,0,2
974764846,992,115,0,-110619,225,44,47,22,0,0,1,9,5,1650,3261,974764873,2166292535,1048575,46445,0,2
974765937,1091,115,0,-110619,316,43,41,22,0,0,1,9,5,1650,3261,974766034,2166292535,1048575,47624,0,2
974767006,1069,116,1,-110620,382,43,32,22,0,0,1,9,5,1650,3261,974767106,2166292535,1048575,48705,0,2
974767886,880,116,0,-110620,265,43,33,22,0,0,1,9,5,1650,3261,974767950,2166292535,1048575,49530,0,2
974768892,1006,116,0,-110620,259,42,33,22,0,0,1,9,5,1650,3261,974768952,2166292529,1048575,1,0,2
974769891,999,116,0,-110620,271,41,24,22,0,0,1,9,5,1650,3261,974769956,2166292529,1048575,467,0,2
974770888,997,115,-1,-110619,269,41,33,22,0,0,1,9,5,1650,3261,974770959,2166292529,1048575,1475,0,2
974771874,986,116,1,-110620,248,40,16,22,0,0,1,9,5,1650,3261,974771906,2166292529,1048575,2413,0,2
974772873,999,116,0,-110620,245,39,16,22,0,0,1,9,5,1650,3261,974772934,2166292529,1048575,3450,0,2
974773873,1000,117,1,-110621,244,38,8,22,0,0,1,9,5,1650,3261,974773912,2166292529,1048575,4422,0,2
974774879,1006,117,0,-110621,255,37,0,22,0,0,1,9,5,1650,3261,974774948,2166292529,1048575,5464,0,2
974775864,985,118,1,-110622,246,35,-8,22,0,0,1,9,5,1650,3261,974775911,2166292529,1048575,6425,0,2
974776926,1062,119,1,-110623,300,33,-16,22,0,0,1,9,5,1650,3261,974777001,2166292529,1048575,7524,0,2
974777867,941,121,2,-110625,236,30,-32,22,0,0,129,9,5,1650,3261,974777900,2166292529,1048575,8407,0,2
974778866,999,122,1,-110626,239,28,-39,22,0,0,1,9,5,1650,3261,974778900,2166292529,1048575,9408,0,2
974779845,979,123,1,-110627,225,25,-47,22,0,0,1,9,5,1650,3261,974779868,2166292529,1048575,10373,0,2
974780853,1008,123,0,-110627,225,22,-47,22,0,0,1,9,5,1650,3261,974780880,2166292529,1048575,11387,0,2
974781851,998,124,1,-110628,225,19,-55,22,0,0,1,9,5,1650,3261,974781878,2166292529,1048575,12386,0,2
974782863,1012,126,2,-110630,236,15,-79,22,0,0,1,9,5,1650,3261,974782897,2166292529,1048575,13405,0,2
974783857,994,127,1,-110631,225,11,-87,22,0,0,1,9,5,1650,3261,974783879,2166292529,1048575,14385,0,2
974784849,992,127,0,-110631,225,7,-95,22,0,0,1,9,5,1650,3261,974784876,2166292529,1048575,15384,0,2
974785940,1091,125,-2,-110629,314,3,-81,22,0,0,129,9,5,1650,3261,974786033,2166292529,1048575,16557,0,2
974787018,1078,123,-2,-110627,381,0,-65,22,0,0,1,9,5,1650,3261,974787119,2166292529,1048575,17650,0,2
974787887,869,124,1,-110628,266,-2,-73,22,0,0,1,9,5,1650,3261,974787949,2166292529,1048575,18464,0,2
974788894,1007,125,1,-110629,263,-5,-81,22,0,0,1,9,5,1650,3261,974788951,2166292529,1048575,19467,0,2
974789869,975,126,1,-110630,248,-8,-81,22,0,0,1,9,5,1650,3261,974789913,2166292529,1048575,20423,0,2
974790872,1003,126,0,-110630,252,-11,-81,22,0,0,1,9,5,1650,3261,974790931,2166292529,1048575,21452,0,2
974791870,998,125,-1,-110629,252,-14,-73,22,0,0,1,9,5,1650,3261,974791905,2166292529,1048575,22412,0,2
974792857,987,125,0,-110629,238,-16,-71,22,0,0,1,9,5,1650,3261,974792916,2166292529,1048575,23438,0,2
974793871,1014,125,0,-110629,250,-18,-81,22,0,0,1,9,5,1650,3261,974793910,2166292529,1048575,24417,0,2
974794889,1018,126,1,-110630,259,-21,-89,22,0,0,1,9,5,1650,3261,974794948,2166292529,1048575,25465,0,2
974795868,979,127,1,-110631,249,-24,-94,22,0,0,1,9,5,1650,3261,974795913,2166292529,1048575,26426,0,2
974796925,1057,127,0,-110631,296,-27,-95,22,0,0,1,9,5,1650,3261,974797004,2166292529,1048575,27527,0,2
974797857,932,126,-1,-110630,239,-29,-79,22,0,0,1,9,5,1650,3261,974797880,2166292529,1048575,28390,0,2
974798855,998,126,0,-110630,235,-31,-79,22,0,0,1,9,5,1650,3261,974798887,2166292529,1048575,29394,0,2
974799849,994,126,0,-110630,227,-33,-79,22,0,0,1,9,5,1650,3261,974799874,2166292529,1048575,30380,0,2
974800844,995,126,0,-110630,225,-34,-79,22,0,0,1,9,5,1650,3261,974800871,2166292529,1048575,31378,0,2
974801858,1014,126,0,-110630,226,-37,-87,22,0,0,1,9,5,1650,3261,974801886,2166292529,1048575,32395,0,2
974802858,1000,126,0,-110630,233,-38,-79,22,0,0,1,9,5,1650,3261,974802889,2166292529,1048575,33395,0,2
974803850,992,126,0,-110630,228,-40,-79,22,0,0,1,9,5,1650,3261,974803875,2166292529,1048575,34381,0,2
974804845,995,125,-1,-110629,225,-41,-63,22,0,0,1,9,5,1650,3261,974804872,2166292529,1048575,35378,0,2
974805940,1095,125,0,-110629,314,-41,-57,22,0,0,1,9,5,1650,3261,974806031,2166292529,1048575,36554,0,2
974807010,1070,126,1,-110630,382,-42,-57,22,0,0,1,9,5,1650,3261,974807116,2166292529,1048575,37648,0,2
974807889,879,126,0,-110630,267,-42,-41,22,0,0,1,9,5,1650,3261,974807955,2166292529,1048575,38468,0,2
974808891,1002,125,-1,-110629,267,-41,-24,22,0,0,1,9,5,1650,3261,974808954,2166292529,1048575,39471,0,2
974809872,981,125,0,-110629,247,-40,-16,22,0,0,1,9,5,1650,3261,974809915,2166292529,1048575,40423,0,2
974810888,1016,125,0,-110629,261,-39,-16,22,0,0,1,9,5,1650,3261,974810951,2166292529,1048575,41468,0,2
974811874,986,125,0,-110629,251,-38,-8,22,0,0,1,9,5,1650,3261,974811905,2166292529,1048575,42411,0,2
974812859,985,125,0,-110629,239,-37,-8,22,0,0,1,9,5,1650,3261,974812916,2166292529,1048575,43440,0,2
974813871,1012,125,0,-110629,249,-35,16,22,0,0,1,9,5,1650,3261,974813909,2166292529,1048575,44416,0,2
974814877,1006,125,0,-110629,257,-33,16,22,0,0,1,9,5,1650,3261,974814946,2166292529,1048575,45462,0,2
974815866,989,125,0,-110629,247,-31,16,22,0,0,1,9,5,1650,3261,974815906,2166292529,1048575,46416,0,2
974816917,1051,125,0,-110629,296,-30,0,22,0,0,1,9,5,1650,3261,974816990,2166292529,1048575,47513,0,2
974817869,952,125,0,-110629,238,-29,-16,22,0,0,1,9,5,1650,3261,974817900,2166292529,1048575,48406,0,2
974818861,992,125,0,-110629,236,-28,-8,22,0,0,1,9,5,1650,3261,974818893,2166292529,1048575,49399,0,2
974819854,993,125,0,-110629,227,-27,0,22,0,0,1,9,5,1650,3261,974819879,2166292532,1048575,1,0,2
974820858,1004,125,0,-110629,233,-26,8,22,0,0,1,9,5,1650,3261,974820888,2166292532,1048575,477,0,2
974821857,999,125,0,-110629,230,-25,8,22,0,0,1,9,5,1650,3261,974821889,2166292532,1048575,1480,0,2
974822858,1001,125,0,-110629,233,-24,0,22,0,0,1,9,5,1650,3261,974822889,2166292532,1048575,2478,0,2
974823849,991,125,0,-110629,228,-23,0,22,0,0,1,9,5,1650,3261,974823874,2166292532,1048575,3462,0,2
974824844,995,125,0,-110629,225,-22,0,22,0,0,1,9,5,1650,3261,974824870,2166292532,1048575,4460,0,2
974825949,1105,125,0,-110629,317,-20,16,22,0,0,1,9,5,1650,3261,974826042,2166292532,1048575,5648,0,2
974827024,1075,125,0,-110629,387,-19,16,22,0,0,1,9,5,1650,3261,974827126,2166292532,1048575,6738,0,2
974827899,875,125,0,-110629,268,-18,8,22,0,0,1,9,5,1650,3261,974827966,2166292532,1048575,7561,0,2
974828882,983,125,0,-110629,258,-17,8,22,0,0,1,9,5,1650,3261,974828949,2166292532,1048575,8548,0,2
974829870,988,126,1,-110630,249,-16,0,22,0,0,1,9,5,1650,3261,974829912,2166292532,1048575,9505,0,2
974830877,1007,126,0,-110630,256,-15,0,22,0,0,1,9,5,1650,3261,974830945,2166292532,1048575,10545,0,2
974831879,1002,126,0,-110630,247,-15,0,22,0,0,1,9,5,1650,3261,974831919,2166292532,1048575,11510,0,2
974832866,987,125,-1,-110629,243,-14,8,22,0,0,1,9,5,1650,3261,974832925,2166292532,1048575,12529,0,2
974833876,1010,125,0,-110629,250,-13,8,22,0,0,1,9,5,1650,3261,974833917,2166292532,1048575,13508,0,2
974834878,1002,126,1,-110630,254,-13,-8,22,0,0,1,9,5,1650,3261,974834945,2166292532,1048575,14545,0,2
974835867,989,126,0,-110630,247,-13,-8,22,0,0,1,9,5,1650,3261,974835915,2166292532,1048575,15509,0,2
974836916,1049,126,0,-110630,295,-12,-8,22,0,0,1,9,5,1650,3261,974836995,2166292532,1048575,16601,0,2
974837861,945,126,0,-110630,237,-12,0,22,0,0,1,9,5,1650,3261,974837890,2166292532,1048575,17483,0,2
974838855,994,126,0,-110630,237,-12,0,22,0,0,1,9,5,1650,3261,974838887,2166292532,1048575,18477,0,2
974839849,994,127,1,-110631,228,-12,-16,22,0,0,1,9,5,1650,3261,974839874,2166292532,1048575,19463,0,2
974840844,995,127,0,-110631,225,-12,-16,22,0,0,1,9,5,1650,3261,974840871,2166292532,1048575,20460,0,2
974841858,1014,128,1,-110632,226,-12,-24,22,0,0,1,9,5,1650,3261,974841887,2166292532,1048575,21478,0,2
974842860,1002,127,-1,-110631,233,-12,-16,22,0,0,1,9,5,1650,3261,974842892,2166292532,1048575,22481,0,2
974843852,992,127,0,-110631,227,-13,-16,22,0,0,1,9,5,1650,3261,974843877,2166292532,1048575,23467,0,2
974844849,997,127,0,-110631,225,-13,-16,22,0,0,1,9,5,1650,3261,974844875,2166292532,1048575,24465,0,2
974845941,1092,128,1,-110632,313,-13,-24,22,0,0,1,9,5,1650,3261,974846032,2166292532,1048575,25639,0,2
974847005,1064,128,0,-110632,368,-14,-24,22,0,0,1,9,5,1650,3261,974847110,2166292532,1048575,26726,0,2
974847889,884,128,0,-110632,270,-14,-24,22,0,0,1,9,5,1650,3261,974847953,2166292532,1048575,27549,0,2
974848871,982,128,0,-110632,253,-14,-24,22,0,0,1,9,5,1650,3261,974848940,2166292532,1048575,28542,0,2
974849886,1015,129,1,-110633,256,-15,-33,22,0,0,1,9,5,1650,3261,974849930,2166292532,1048575,29527,0,2
974850881,995,129,0,-110633,261,-16,-33,22,0,0,1,9,5,1650,3261,974850950,2166292532,1048575,30548,0,2
974851866,985,129,0,-110633,247,-17,-33,22,0,0,1,9,5,1650,3261,974851896,2166292532,1048575,31486,0,2
974852881,1015,129,0,-110633,249,-17,-33,22,0,0,1,9,5,1650,3261,974852947,2166292532,1048575,32545,0,2
974853873,992,129,0,-110633,245,-18,-33,22,0,0,1,9,5,1650,3261,974853912,2166292532,1048575,33508,0,2
974854878,1005,129,0,-110633,255,-18,-33,22,0,0,1,9,5,1650,3261,974854944,2166292532,1048575,34545,0,2
974855866,988,129,0,-110633,247,-19,-31,22,0,0,1,9,5,1650,3261,974855905,2166292532,1048575,35498,0,2
974856923,1057,130,1,-110634,298,-20,-39,22,0,0,1,9,5,1650,3261,974856997,2166292532,1048575,36603,0,2
974857861,938,130,0,-110634,239,-20,-40,22,0,0,1,9,5,1650,3261,974857889,2166292532,1048575,37479,0,2
974858863,1002,129,-1,-110633,239,-21,-32,22,0,0,1,9,5,1650,3261,974858898,2166292532,1048575,38488,0,2
974859843,980,129,0,-110633,226,-21,-32,22,0,0,1,9,5,1650,3261,974859865,2166292532,1048575,39453,0,2
974860851,1008,129,0,-110633,225,-21,-24,22,0,0,1,9,5,1650,3261,974860878,2166292532,1048575,40469,0,2
974861850,999,129,0,-110633,225,-21,-24,22,0,0,1,9,5,1650,3261,974861876,2166292532,1048575,41467,0,2
974862862,1012,129,0,-110633,236,-22,-24,22,0,0,1,9,5,1650,3261,974862896,2166292532,1048575,42487,0,2
974863855,993,129,0,-110633,225,-22,-32,22,0,0,1,9,5,1650,3261,974863877,2166292532,1048575,43466,0,2
974864848,993,129,0,-110633,225,-22,-32,22,0,0,1,9,5,1650,3261,974864874,2166292532,1048575,44465,0,2
974865937,1089,129,0,-110633,311,-22,-24,22,0,0,1,9,5,1650,3261,974866032,2166292532,1048575,45638,0,2
974867007,1070,130,1,-110634,373,-23,-32,22,0,0,1,9,5,1650,3261,974867111,2166292532,1048575,46726,0,2
974867891,884,131,1,-110635,269,-23,-41,22,0,0,1,9,5,1650,3261,974867957,2166292532,1048575,47555,0,2
974868891,1000,131,0,-110635,266,-24,-41,22,0,0,1,9,5,1650,3261,974868954,2166292532,1048575,48553,0,2
974869871,980,131,0,-110635,247,-24,-33,22,0,0,1,9,5,1650,3261,974869914,2166292532,1048575,49505,0,2
974870878,1007,131,0,-110635,254,-25,-33,22,0,0,1,9,5,1650,3261,974870945,2166292537,1048575,1,0,2
974871900,1022,131,0,-110635,272,-25,-24,22,0,0,1,9,5,1650,3261,974871943,2166292537,1048575,458,0,2
974872877,977,131,0,-110635,245,-25,-33,22,0,0,1,9,5,1650,3261,974872942,2166292537,1048575,1466,0,2
974873880,1003,131,0,-110635,254,-25,-33,22,0,0,1,9,5,1650,3261,974873921,2166292537,1048575,2437,0,2
974874888,1008,131,0,-110635,257,-26,-33,22,0,0,1,9,5,1650,3261,974874949,2166292537,1048575,3468,0,2
974875868,980,131,0,-110635,250,-26,-31,22,0,0,1,9,5,1650,3261,974875915,2166292537,1048575,4430,0,2
974876926,1058,131,0,-110635,297,-26,-24,22,0,0,1,9,5,1650,3261,974877000,2166292537,1048575,5527,0,2
974877863,937,131,0,-110635,235,-26,-24,22,0,0,1,9,5,1650,3261,974877896,2166292537,1048575,6408,0,2
974878860,997,131,0,-110635,238,-26,-24,22,0,0,1,9,5,1650,3261,974878892,2166292537,1048575,7403,0,2
974879854,994,131,0,-110635,228,-26,-24,22,0,0,1,9,5,1650,3261,974879878,2166292537,1048575,8389,0,2
974880850,996,131,0,-110635,225,-25,-16,22,0,0,1,9,5,1650,3261,974880876,2166292537,1048575,9389,0,2
974881850,1000,131,0,-110635,225,-25,-16,22,0,0,1,9,5,1650,3261,974881876,2166292537,1048575,10388,0,2
974882858,1008,131,0,-110635,233,-24,-16,22,0,0,1,9,5,1650,3261,974882889,2166292537,1048575,11399,0,2
974883850,992,131,0,-110635,228,-24,-16,22,0,0,1,9,5,1650,3261,974883875,2166292537,1048575,12385,0,2
974884845,995,131,0,-110635,225,-24,-16,22,0,0,1,9,5,1650,3261,974884872,2166292537,1048575,13382,0,2
974885944,1099,131,0,-110635,315,-23,-16,22,0,0,1,9,5,1650,3261,974886039,2166292537,1048575,14566,0,2
974887007,1063,130,-1,-110634,380,-22,0,22,0,0,1,9,5,1650,3261,974887109,2166292537,1048575,15645,0,2
974887886,879,130,0,-110634,267,-22,0,22,0,0,1,9,5,1650,3261,974887948,2166292537,1048575,16466,0,2
974888875,989,130,0,-110634,255,-21,-8,22,0,0,1,9,5,1650,3261,974888940,2166292537,1048575,17460,0,2
974889874,999,130,0,-110634,247,-21,-8,22,0,0,1,9,5,1650,3261,974889916,2166292537,1048575,18429,0,2
974890892,1018,130,0,-110634,262,-20,-8,22,0,0,1,9,5,1650,3261,974890952,2166292537,1048575,19473,0,2
974891876,984,130,0,-110634,251,-20,-8,22,0,0,1,9,5,1650,3261,974891907,2166292537,1048575,20417,0,2
974892865,989,130,0,-110634,242,-19,-8,22,0,0,1,9,5,1650,3261,974892929,2166292537,1048575,21453,0,2
974893877,1012,130,0,-110634,248,-19,-8,22,0,0,1,9,5,1650,3261,974893917,2166292537,1048575,22432,0,2
974894876,999,130,0,-110634,255,-18,-8,22,0,0,1,9,5,1650,3261,974894941,2166292537,1048575,23462,0,2
974895874,998,130,0,-110634,246,-18,-8,22,0,0,1,9,5,1650,3261,974895920,2166292537,1048575,24435,0,2
974896927,1053,129,-1,-110633,300,-17,0,22,0,0,1,9,5,1650,3261,974897005,2166292537,1048575,25534,0,2
974897858,931,129,0,-110633,238,-16,8,22,0,0,1,9,5,1650,3261,974897880,2166292537,1048575,26393,0,2
974898867,1009,130,1,-110634,236,-15,8,22,0,0,1,9,5,1650,3261,974898900,2166292537,1048575,27410,0,2
974899848,981,130,0,-110634,228,-14,8,22,0,0,1,9,5,1650,3261,974899872,2166292537,1048575,28383,0,2
974900843,995,129,-1,-110633,225,-13,16,22,0,0,1,9,5,1650,3261,974900870,2166292537,1048575,29380,0,2
974901857,1014,129,0,-110633,225,-12,16,22,0,0,1,9,5,1650,3261,974901887,2166292537,1048575,30401,0,2
974902860,1003,129,0,-110633,233,-11,16,22,0,0,1,9,5,1650,3261,974902893,2166292537,1048575,31404,0,2
974903854,994,129,0,-110633,227,-10,16,22,0,0,1,9,5,1650,3261,974903879,2166292537,1048575,32390,0,2
974904850,996,129,0,-110633,225,-9,16,22,0,0,1,9,5,1650,3261,974904876,2166292537,1048575,33390,0,2
974905939,1089,128,-1,-110632,312,-8,24,22,0,0,1,9,5,1650,3261,974906031,2166292537,1048575,34559,0,2
974907012,1073,128,0,-110632,377,-6,24,22,0,0,1,9,5,1650,3261,974907119,2166292537,1048575,35652,0,2
974907901,889,128,0,-110632,270,-5,24,22,0,0,1,9,5,1650,3261,974907964,2166292537,1048575,36483,0,2
974908890,989,127,-1,-110631,261,-4,33,22,0,0,1,9,5,1650,3261,974908958,2166292537,1048575,37477,0,2
974909887,997,127,0,-110631,256,-2,33,22,0,0,1,9,5,1650,3261,974909931,2166292537,1048575,38452,0,2
974910892,1005,128,1,-110632,266,-1,24,22,0,0,1,9,5,1650,3261,974910952,2166292537,1048575,39474,0,2
974911873,981,128,0,-110632,248,0,24,22,0,0,1,9,5,1650,3261,974911905,2166292537,1048575,40416,0,2
974912866,993,127,-1,-110631,242,1,33,22,0,0,1,9,5,1650,3261,974912925,2166292537,1048575,41449,0,2
974913867,1001,127,0,-110631,245,2,33,22,0,0,1,9,5,1650,3261,974913904,2166292537,1048575,42415,0,2
974914881,1014,127,0,-110631,253,3,33,22,0,0,1,9,5,1650,3261,974914949,2166292537,1048575,43470,0,2
974915868,987,127,0,-110631,248,5,31,22,0,0,1,9,5,1650,3261,974915911,2166292537,1048575,44428,0,2
974916923,1055,127,0,-110631,298,6,32,22,0,0,1,9,5,1650,3261,974916998,2166292537,1048575,45525,0,2
974917863,940,127,0,-110631,237,6,24,22,0,0,1,9,5,1650,3261,974917894,2166292537,1048575,46406,0,2
974918856,993,127,0,-110631,238,7,24,22,0,0,1,9,5,1650,3261,974918890,2166292537,1048575,47402,0,2
974919850,994,127,0,-110631,225,8,24,22,0,0,1,9,5,1650,3261,974919872,2166292537,1048575,48381,0,2
974920856,1006,127,0,-110631,225,8,24,22,0,0,1,9,5,1650,3261,974920883,2166292537,1048575,49394,0,2
974921853,997,127,0,-110631,223,9,24,22,0,0,1,9,5,1650,3261,974921875,2166292535,1048575,1,0,2
974922875,1022,127,0,-110631,247,10,24,22,0,0,1,9,5,1650,3261,974922913,2166292535,1048575,501,0,2
974923852,977,127,0,-110631,226,10,24,22,0,0,1,9,5,1650,3261,974923874,2166292535,1048575,1460,0,2
974924843,991,127,0,-110631,225,11,24,22,0,0,1,9,5,1650,3261,974924870,2166292535,1048575,2457,0,2
974925948,1105,126,-1,-110630,317,12,32,22,0,0,1,9,5,1650,3261,974926048,2166292535,1048575,3650,0,2
974927028,1080,127,1,-110631,398,12,16,22,0,0,1,9,5,1650,3261,974927130,2166292535,1048575,4743,0,2
974927878,850,127,0,-110631,260,12,16,22,0,0,1,9,5,1650,3261,974927933,2166292535,1048575,5526,0,2
974928892,1014,127,0,-110631,261,12,24,22,0,0,1,9,5,1650,3261,974928948,2166292535,1048575,6546,0,2
974929874,982,127,0,-110631,248,13,24,22,0,0,1,9,5,1650,3261,974929918,2166292535,1048575,7507,0,2
974930892,1018,127,0,-110631,264,13,16,22,0,0,1,9,5,1650,3261,974930948,2166292535,1048575,8544,0,2
974931880,988,127,0,-110631,248,13,16,22,0,0,1,9,5,1650,3261,974931923,2166292535,1048575,9512,0,2
974932872,992,127,0,-110631,243,13,16,22,0,0,1,9,5,1650,3261,974932930,2166292535,1048575,10530,0,2
974933879,1007,126,-1,-110630,250,14,24,22,0,0,1,9,5,1650,3261,974933918,2166292535,1048575,11509,0,2
974934882,1003,126,0,-110630,254,14,24,22,0,0,1,9,5,1650,3261,974934945,2166292535,1048575,12542,0,2
974935877,995,126,0,-110630,248,14,24,22,0,0,1,9,5,1650,3261,974935927,2166292535,1048575,13519,0,2
974936915,1038,126,0,-110630,296,15,16,22,0,0,1,9,5,1650,3261,974936993,2166292535,1048575,14597,0,2
974937858,943,126,0,-110630,238,15,16,22,0,0,1,9,5,1650,3261,974937880,2166292535,1048575,15472,0,2
974938855,997,126,0,-110630,236,15,16,22,0,0,1,9,5,1650,3261,974938887,2166292535,1048575,16474,0,2
974939848,993,125,-1,-110629,228,15,16,22,0,0,1,9,5,1650,3261,974939872,2166292535,1048575,17460,0,2
974940843,995,125,0,-110629,225,15,16,22,0,0,1,9,5,1650,3261,974940870,2166292535,1048575,18457,0,2
974941857,1014,125,0,-110629,225,15,24,22,0,0,1,9,5,1650,3261,974941886,2166292535,1048575,19476,0,2
974942858,1001,125,0,-110629,233,15,24,22,0,0,1,9,5,1650,3261,974942889,2166292535,1048575,20476,0,2
974943850,992,125,0,-110629,228,15,16,22,0,0,1,9,5,1650,3261,974943875,2166292535,1048575,21462,0,2
974944845,995,125,0,-110629,225,15,16,22,0,0,1,9,5,1650,3261,974944872,2166292535,1048575,22459,0,2
974945934,1089,125,0,-110629,314,15,16,22,0,0,1,9,5,1650,3261,974946026,2166292535,1048575,23632,0,2
974947008,1074,125,0,-110629,374,15,16,22,0,0,1,9,5,1650,3261,974947114,2166292535,1048575,24726,0,2
974947905,897,125,0,-110629,273,16,16,22,0,0,1,9,5,1650,3261,974947964,2166292535,1048575,25565,0,2
974948878,973,125,0,-110629,260,16,16,22,0,0,1,9,5,1650,3261,974948952,2166292535,1048575,26551,0,2
974949874,996,126,1,-110630,254,15,8,22,0,0,1,9,5,1650,3261,974949923,2166292535,1048575,27513,0,2
974950878,1004,126,0,-110630,256,15,8,22,0,0,1,9,5,1650,3261,974950945,2166292535,1048575,28544,0,2
974951867,989,127,1,-110631,249,14,0,22,0,0,1,9,5,1650,3261,974951898,2166292535,1048575,29485,0,2
974952868,1001,126,-1,-110630,241,14,8,22,0,0,1,9,5,1650,3261,974952927,2166292535,1048575,30528,0,2
974953874,1006,126,0,-110630,249,14,8,22,0,0,1,9,5,1650,3261,974953911,2166292535,1048575,31499,0,2
974954868,994,126,0,-110630,250,14,8,22,0,0,1,9,5,1650,3261,974954930,2166292535,1048575,32533,0,2
974955876,1008,126,0,-110630,252,13,8,22,0,0,1,9,5,1650,3261,974955923,2166292535,1048575,33514,0,2
974956923,1047,126,0,-110630,295,13,0,22,0,0,1,9,5,1650,3261,974956997,2166292535,1048575,34601,0,2
974957857,934,126,0,-110630,238,13,8,22,0,0,1,9,5,1650,3261,974957880,2166292535,1048575,35469,0,2
974958859,1002,126,0,-110630,239,13,8,22,0,0,1,9,5,1650,3261,974958895,2166292535,1048575,36484,0,2
974959842,983,126,0,-110630,224,12,8,22,0,0,1,9,5,1650,3261,974959865,2166292535,1048575,37450,0,2
974960849,1007,127,1,-110631,225,12,0,22,0,0,1,9,5,1650,3261,974960876,2166292535,1048575,38465,0,2
974961848,999,127,0,-110631,225,11,0,22,0,0,1,9,5,1650,3261,974961875,2166292535,1048575,39463,0,2
974962860,1012,127,0,-110631,236,11,0,22,0,0,1,9,5,1650,3261,974962894,2166292535,1048575,40482,0,2
974963853,993,127,0,-110631,225,11,0,22,0,0,1,9,5,1650,3261,974963875,2166292535,1048575,41461,0,2
974964844,991,127,0,-110631,225,10,-8,22,0,0,1,9,5,1650,3261,974964871,2166292535,1048575,42458,0,2
974965930,1086,127,0,-110631,312,9,-8,22,0,0,1,9,5,1650,3261,974966025,2166292535,1048575,43628,0,2
974967008,1078,127,0,-110631,385,8,-8,22,0,0,1,9,5,1650,3261,974967110,2166292535,1048575,44724,0,2
974967888,880,128,1,-110632,269,7,-16,22,0,0,1,9,5,1650,3261,974967952,2166292535,1048575,45547,0,2
974968890,1002,128,0,-110632,258,7,-16,22,0,0,1,9,5,1650,3261,974968951,2166292535,1048575,46549,0,2
974969878,988,127,-1,-110631,251,6,-16,22,0,0,1,9,5,1650,3261,974969928,2166292535,1048575,47520,0,2
974970878,1000,127,0,-110631,255,5,-16,22,0,0,1,9,5,1650,3261,974970943,2166292535,1048575,48540,0,2
974971877,999,128,1,-110632,248,4,-24,22,0,0,1,9,5,1650,3261,974971914,2166292535,1048575,49502,0,2
974972874,997,128,0,-110632,242,3,-24,22,0,0,1,9,5,1650,3261,974972935,2166292535,1048575,1,0,2
974973895,1021,128,0,-110632,264,1,-24,22,0,0,1,9,5,1650,3261,974973958,2166292535,1048575,482,0,2
974974882,987,128,0,-110632,263,0,-24,22,0,0,1,9,5,1650,3261,974974959,2166292535,1048575,1490,0,2
974975868,986,128,0,-110632,250,0,-24,22,0,0,1,9,5,1650,3261,974975914,2166292535,1048575,2440,0,2
974976916,1048,128,0,-110632,298,-1,-24,22,0,0,1,9,5,1650,3261,974976990,2166292535,1048575,3527,0,2
974977861,945,128,0,-110632,236,-2,-24,22,0,0,1,9,5,1650,3261,974977891,2166292535,1048575,4412,0,2
974978865,1004,128,0,-110632,239,-3,-24,22,0,0,1,9,5,1650,3261,974978900,2166292535,1048575,5421,0,2
974979844,979,128,0,-110632,225,-4,-24,22,0,0,1,9,5,1650,3261,974979866,2166292535,1048575,6385,0,2
974980854,1010,128,0,-110632,226,-4,-16,22,0,0,1,9,5,1650,3261,974980880,2166292535,1048575,7400,0,2
974981848,994,127,-1,-110631,222,-4,-8,22,0,0,1,9,5,1650,3261,974981871,2166292535,1048575,8390,0,2
974982855,1007,128,1,-110632,236,-5,-8,22,0,0,1,9,5,1650,3261,974982889,2166292535,1048575,9410,0,2
974983848,993,128,0,-110632,224,-5,-16,22,0,0,1,9,5,1650,3261,974983870,2166292535,1048575,10389,0,2
974984856,1008,128,0,-110632,226,-5,-16,22,0,0,1,9,5,1650,3261,974984884,2166292535,1048575,11410,0,2
974985932,1076,127,-1,-110631,313,-6,-8,22,0,0,1,9,5,1650,3261,974986026,2166292535,1048575,12563,0,2
974987005,1073,126,-1,-110630,377,-5,0,22,0,0,1,9,5,1650,3261,974987107,2166292535,1048575,13650,0,2
974987887,882,126,0,-110630,265,-5,0,22,0,0,1,9,5,1650,3261,974987949,2166292535,1048575,14478,0,2
974988880,993,126,0,-110630,260,-5,0,22,0,0,1,9,5,1650,3261,974988946,2166292535,1048575,15476,0,2
974989871,991,126,0,-110630,250,-5,0,22,0,0,1,9,5,1650,3261,974989915,2166292535,1048575,16439,0,2
974990896,1025,126,0,-110630,265,-4,8,22,0,0,1,9,5,1650,3261,974990954,2166292535,1048575,17485,0,2
974991879,983,125,-1,-110629,252,-3,16,22,0,0,1,9,5,1650,3261,974991910,2166292535,1048575,18430,0,2
974992868,989,125,0,-110629,241,-3,16,22,0,0,1,9,5,1650,3261,974992928,2166292535,1048575,19462,0,2
974993880,1012,125,0,-110629,250,-2,16,22,0,0,1,9,5,1650,3261,974993917,2166292535,1048575,20443,0,2
974994878,998,125,0,-110629,253,-1,16,22,0,0,1,9,5,1650,3261,974994941,2166292535,1048575,21472,0,2
974995873,995,125,0,-110629,248,-1,16,22,0,0,1,9,5,1650,3261,974995919,2166292535,1048575,22444,0,2
974996919,1046,125,0,-110629,299,0,16,22,0,0,1,9,5,1650,3261,974996999,2166292535,1048575,23537,0,2
974997867,948,125,0,-110629,239,1,16,22,0,0,1,9,5,1650,3261,974997895,2166292535,1048575,24417,0,2
974998856,989,125,0,-110629,235,2,24,22,0,0,1,9,5,1650,3261,974998888,2166292535,1048575,25408,0,2
974999849,993,126,1,-110630,227,2,16,22,0,0,1,9,5,1650,3261,974999874,2166292535,1048575,26394,0,2
975000844,995,126,0,-110630,225,2,8,22,0,0,1,9,5,1650,3261,975000871,2166292535,1048575,27392,0,2
975001858,1014,126,0,-110630,226,3,8,22,0,0,1,9,5,1650,3261,975001887,2166292535,1048575,28409,0,2
975002860,1002,126,0,-110630,233,3,16,22,0,0,1,9,5,1650,3261,975002892,2166292535,1048575,29413,0,2
975003854,994,126,0,-110630,228,4,16,22,0,0,1,9,5,1650,3261,975003878,2166292535,1048575,30400,0,2
975004850,996,126,0,-110630,225,4,16,22,0,0,1,9,5,1650,3261,975004876,2166292535,1048575,31397,0,2
975005934,1084,126,0,-110630,314,5,16,22,0,0,1,9,5,1650,3261,975006024,2166292535,1048575,32560,0,2
975007008,1074,126,0,-110630,381,5,16,22,0,0,1,9,5,1650,3261,975007111,2166292535,1048575,33658,0,2
975007890,882,126,0,-110630,270,5,16,22,0,0,1,9,5,1650,3261,975007958,2166292535,1048575,34485,0,2
975008894,1004,126,0,-110630,263,6,16,22,0,0,1,9,5,1650,3261,975008956,2166292535,1048575,35487,0,2
975009873,979,126,0,-110630,248,6,16,22,0,0,1,9,5,1650,3261,975009918,2166292535,1048575,36440,0,2
975010888,1015,126,0,-110630,261,7,16,22,0,0,1,9,5,1650,3261,975010950,2166292535,1048575,37480,0,2
975011883,995,127,1,-110631,251,6,0,22,0,0,1,9,5,1650,3261,975011917,2166292535,1048575,38438,0,2
975012861,978,127,0,-110631,239,6,8,22,0,0,1,9,5,1650,3261,975012917,2166292535,1048575,39451,0,2
975013880,1019,127,0,-110631,249,7,8,22,0,0,1,9,5,1650,3261,975013921,2166292535,1048575,40446,0,2
975014888,1008,126,-1,-110630,259,7,16,22,0,0,1,9,5,1650,3261,975014953,2166292535,1048575,41483,0,2
975015869,981,126,0,-110630,247,7,16,22,0,0,1,9,5,1650,3261,975015915,2166292535,1048575,42439,0,2
975016922,1053,126,0,-110630,294,7,8,22,0,0,1,9,5,1650,3261,975016996,2166292535,1048575,43533,0,2
975017863,941,126,0,-110630,237,7,0,22,0,0,1,9,5,1650,3261,975017894,2166292535,1048575,44417,0,2
975018859,996,126,0,-110630,237,7,0,22,0,0,1,9,5,1650,3261,975018890,2166292535,1048575,45411,0,2
975019852,993,126,0,-110630,229,6,0,22,0,0,1,9,5,1650,3261,975019877,2166292535,1048575,46398,0,2
975020849,997,126,0,-110630,226,6,0,22,0,0,1,9,5,1650,3261,975020875,2166292535,1048575,47395,0,2
975021845,996,126,0,-110630,225,6,0,22,0,0,1,9,5,1650,3261,975021872,2166292535,1048575,48392,0,2
975022853,1008,127,1,-110631,233,5,-16,22,0,0,1,9,5,1650,3261,975022886,2166292535,1048575,49406,0,2
975023847,994,127,0,-110631,228,4,-16,22,0,0,1,9,5,1650,3261,975023871,2166292535,1048575,1,0,2
975024855,1008,126,-1,-110630,235,4,-8,22,0,0,1,9,5,1650,3261,975024889,2166292535,1048575,491,0,2
975025944,1089,126,0,-110630,320,3,-8,22,0,0,1,9,5,1650,3261,975026040,2166292535,1048575,1652,0,2
975027035,1091,126,0,-110630,398,3,-8,22,0,0,1,9,5,1650,3261,975027137,2166292535,1048575,2758,0,2
975027901,866,126,0,-110630,271,2,-8,22,0,0,1,9,5,1650,3261,975027965,2166292535,1048575,3572,0,2
975028886,985,126,0,-110630,261,2,-8,22,0,0,1,9,5,1650,3261,975028956,2166292535,1048575,4561,0,2
975029880,994,126,0,-110630,252,2,0,22,0,0,1,9,5,1650,3261,975029927,2166292535,1048575,5532,0,2
975030888,1008,126,0,-110630,263,2,0,22,0,0,1,9,5,1650,3261,975030955,2166292535,1048575,6561,0,2
975031871,983,126,0,-110630,247,2,0,22,0,0,1,9,5,1650,3261,975031916,2166292535,1048575,7516,0,2
975032871,1000,125,-1,-110629,246,2,8,22,0,0,1,9,5,1650,3261,975032938,2166292535,1048575,8548,0,2
975033873,1002,125,0,-110629,253,2,8,22,0,0,1,9,5,1650,3261,975033905,2166292535,1048575,9502,0,2
975034876,1003,125,0,-110629,250,3,8,22,0,0,1,9,5,1650,3261,975034943,2166292535,1048575,10548,0,2
975035883,1007,125,0,-110629,254,3,8,22,0,0,1,9,5,1650,3261,975035929,2166292535,1048575,11534,0,2
975036930,1047,125,0,-110629,298,3,8,22,0,0,1,9,5,1650,3261,975037008,2166292535,1048575,12623,0,2
975037858,928,125,0,-110629,237,3,8,22,0,0,1,9,5,1650,3261,975037880,2166292535,1048575,13480,0,2
975038867,1009,125,0,-110629,236,3,8,22,0,0,1,9,5,1650,3261,975038899,2166292535,1048575,14497,0,2
975039849,982,125,0,-110629,228,4,8,22,0,0,1,9,5,1650,3261,975039874,2166292535,1048575,15471,0,2
975040845,996,125,0,-110629,225,4,8,22,0,0,1,9,5,1650,3261,975040871,2166292535,1048575,16469,0,2
975041843,998,125,0,-110629,225,4,8,22,0,0,1,9,5,1650,3261,975041869,2166292535,1048575,17466,0,2
975042856,1013,124,-1,-110628,234,5,24,22,0,0,1,9,5,1650,3261,975042887,2166292535,1048575,18484,0,2
975043848,992,124,0,-110628,227,5,24,22,0,0,1,9,5,1650,3261,975043873,2166292535,1048575,19470,0,2
975044844,996,124,0,-110628,225,6,24,22,0,0,1,9,5,1650,3261,975044870,2166292535,1048575,20467,0,2
975045942,1098,124,0,-110628,312,7,16,22,0,0,1,9,5,1650,3261,975046034,2166292535,1048575,21646,0,2
975047020,1078,124,0,-110628,381,7,16,22,0,0,1,9,5,1650,3261,975047125,2166292535,1048575,22748,0,2
975047887,867,124,0,-110628,265,7,16,22,0,0,1,9,5,1650,3261,975047949,2166292535,1048575,23554,0,2
975048892,1005,124,0,-110628,263,8,16,22,0,0,1,9,5,1650,3261,975048950,2166292535,1048575,24557,0,2
975049874,982,124,0,-110628,248,8,16,22,0,0,1,9,5,1650,3261,975049916,2166292535,1048575,25515,0,2
975050876,1002,124,0,-110628,252,8,16,22,0,0,1,9,5,1650,3261,975050939,2166292535,1048575,26546,0,2
975051877,1001,124,0,-110628,252,9,16,22,0,0,1,9,5,1650,3261,975051912,2166292535,1048575,27508,0,2
975052869,992,123,-1,-110627,237,10,33,22,0,0,1,9,5,1650,3261,975052924,2166292535,1048575,28535,0,2
975053875,1006,123,0,-110627,250,10,33,22,0,0,1,9,5,1650,3261,975053915,2166292535,1048575,29513,0,2
975054882,1007,123,0,-110627,254,11,24,22,0,0,1,9,5,1650,3261,975054949,2166292535,1048575,30556,0,2
975055870,988,123,0,-110627,248,11,24,22,0,0,1,9,5,1650,3261,975055915,2166292535,1048575,31517,0,2
975056928,1058,123,0,-110627,296,12,24,22,0,0,1,9,5,1650,3261,975057003,2166292535,1048575,32616,0,2
975057865,937,122,-1,-110626,237,13,32,22,0,0,1,9,5,1650,3261,975057894,2166292535,1048575,33492,0,2
975058855,990,122,0,-110626,236,13,32,22,0,0,1,9,5,1650,3261,975058887,2166292535,1048575,34484,0,2
975059848,993,122,0,-110626,228,14,32,22,0,0,1,9,5,1650,3261,975059873,2166292535,1048575,35469,0,2
975060843,995,121,-1,-110625,225,15,39,22,0,0,1,9,5,1650,3261,975060870,2166292535,1048575,36466,0,2
975061857,1014,121,0,-110625,225,16,39,22,0,0,1,9,5,1650,3261,975061886,2166292535,1048575,37485,0,2
975062858,1001,121,0,-110625,233,17,39,22,0,0,1,9,5,1650,3261,975062889,2166292535,1048575,38485,0,2
975063850,992,121,0,-110625,228,18,32,22,0,0,1,9,5,1650,3261,975063875,2166292535,1048575,39471,0,2
975064845,995,121,0,-110625,225,18,32,22,0,0,1,9,5,1650,3261,975064872,2166292535,1048575,40468,0,2
975065934,1089,121,0,-110625,313,19,32,22,0,0,1,9,5,1650,3261,975066029,2166292535,1048575,41640,0,2
975067017,1083,121,0,-110625,390,19,32,22,0,0,1,9,5,1650,3261,975067118,2166292535,1048575,42739,0,2
975067893,876,120,-1,-110624,268,20,41,22,0,0,1,9,5,1650,3261,975067954,2166292535,1048575,43559,0,2
975068877,984,120,0,-110624,259,21,41,22,0,0,1,9,5,1650,3261,975068943,2166292535,1048575,44549,0,2
975069866,989,120,0,-110624,248,22,41,22,0,0,1,9,5,1650,3261,975069908,2166292535,1048575,45509,0,2
975070893,1027,119,-1,-110623,261,23,49,22,0,0,1,9,5,1650,3261,975070951,2166292535,1048575,46557,0,2
975071872,979,118,-1,-110622,250,24,57,22,0,0,1,9,5,1650,3261,975071910,2166292535,1048575,47507,0,2
975072869,997,117,-1,-110621,241,25,57,22,0,0,1,9,5,1650,3261,975072931,2166292535,1048575,48544,0,2
975073870,1001,116,-1,-110620,251,27,65,22,0,0,1,9,5,1650,3261,975073912,2166292535,1048575,49510,0,2
975074871,1001,115,-1,-110619,254,29,73,22,0,0,1,9,5,1650,3261,975074936,2166292535,1048575,1,0,2
975075909,1038,115,0,-110619,279,30,71,22,0,0,1,9,5,1650,3261,975075987,2166292535,1048575,508,0,2
975076938,1029,115,0,-110619,308,32,71,22,0,0,1,9,5,1650,3261,975077011,2166292535,1048575,1540,0,2
975077848,910,116,1,-110620,224,33,63,22,0,0,1,9,5,1650,3261,975077870,2166292535,1048575,2385,0,2
975078863,1015,118,2,-110622,237,34,47,22,0,0,129,9,5,1650,3261,975078896,2166292535,1048575,3413,0,2
975079856,993,120,2,-110624,224,34,32,22,0,0,1,9,5,1650,3261,975079878,2166292535,1048575,4393,0,2
975080853,997,120,0,-110624,229,34,32,22,0,0,1,9,5,1650,3261,975080882,2166292535,1048575,5398,0,2
975081851,998,119,-1,-110623,222,34,39,22,0,0,1,9,5,1650,3261,975081874,2166292535,1048575,6388,0,2
975082853,1002,118,-1,-110622,232,34,47,22,0,0,1,9,5,1650,3261,975082885,2166292535,1048575,7401,0,2
975083842,989,117,-1,-110621,224,35,47,22,0,0,1,9,5,1650,3261,975083864,2166292535,1048575,8378,0,2
975084853,1011,117,0,-110621,229,35,47,22,0,0,1,9,5,1650,3261,975084883,2166292535,1048575,9402,0,2
975085936,1083,118,1,-110622,318,36,41,22,0,0,1,9,5,1650,3261,975086031,2166292535,1048575,10561,0,2
975087014,1078,119,1,-110623,379,35,32,22,0,0,1,9,5,1650,3261,975087113,2166292535,1048575,11655,0,2
975087887,873,119,0,-110623,263,35,24,22,0,0,1,9,5,1650,3261,975087949,2166292535,1048575,12473,0,2
975088891,1004,119,0,-110623,263,35,24,22,0,0,1,9,5,1650,3261,975088951,2166292535,1048575,13477,0,2
975089875,984,118,-1,-110622,250,35,33,22,0,0,1,9,5,1650,3261,975089922,2166292535,1048575,14443,0,2
975090876,1001,118,0,-110622,256,34,24,22,0,0,1,9,5,1650,3261,975090944,2166292535,1048575,15470,0,2
975091879,1003,118,0,-110622,248,34,24,22,0,0,1,9,5,1650,3261,975091909,2166292535,1048575,16425,0,2
975092872,993,118,0,-110622,244,33,24,22,0,0,1,9,5,1650,3261,975092932,2166292535,1048575,17457,0,2
975093880,1008,119,1,-110623,247,33,16,22,0,0,1,9,5,1650,3261,975093916,2166292535,1048575,18437,0,2
975094878,998,119,0,-110623,253,32,16,22,0,0,1,9,5,1650,3261,975094943,2166292535,1048575,19468,0,2
975095879,1001,119,0,-110623,248,31,16,22,0,0,1,9,5,1650,3261,975095928,2166292535,1048575,20451,0,2
975096916,1037,118,-1,-110622,295,31,24,22,0,0,1,9,5,1650,3261,975096996,2166292535,1048575,21528,0,2
975097866,950,118,0,-110622,240,31,24,22,0,0,1,9,5,1650,3261,975097894,2166292535,1048575,22412,0,2
975098859,993,118,0,-110622,240,30,16,22,0,0,1,9,5,1650,3261,975098893,2166292535,1048575,23410,0,2
975099853,994,118,0,-110622,225,30,16,22,0,0,1,9,5,1650,3261,975099875,2166292535,1048575,24389,0,2
975100845,992,119,1,-110623,226,29,8,22,0,0,1,9,5,1650,3261,975100871,2166292535,1048575,25386,0,2
975101858,1013,119,0,-110623,225,28,0,22,0,0,1,9,5,1650,3261,975101886,2166292535,1048575,26404,0,2
975102860,1002,119,0,-110623,235,26,-8,22,0,0,1,9,5,1650,3261,975102895,2166292535,1048575,27411,0,2
975103854,994,119,0,-110623,224,25,-16,22,0,0,1,9,5,1650,3261,975103877,2166292535,1048575,28391,0,2
975104846,992,119,0,-110623,225,23,-24,22,0,0,1,9,5,1650,3261,975104873,2166292535,1048575,29389,0,2
975105934,1088,119,0,-110623,310,20,-33,22,0,0,1,9,5,1650,3261,975106024,2166292535,1048575,30558,0,2
975107004,1070,119,0,-110623,371,18,-32,22,0,0,1,9,5,1650,3261,975107109,2166292535,1048575,31649,0,2
975107907,903,119,0,-110623,274,17,-24,22,0,0,1,9,5,1650,3261,975107974,2166292535,1048575,32503,0,2
975108886,979,119,0,-110623,265,16,-8,22,0,0,1,9,5,1650,3261,975108961,2166292535,1048575,33486,0,2
975109868,982,119,0,-110623,251,15,8,22,0,0,1,9,5,1650,3261,975109915,2166292535,1048575,34434,0,2
975110892,1024,119,0,-110623,266,15,8,22,0,0,1,9,5,1650,3261,975110952,2166292535,1048575,35478,0,2
975111868,976,119,0,-110623,246,15,0,22,0,0,1,9,5,1650,3261,975111899,2166292535,1048575,36414,0,2
975112875,1007,119,0,-110623,242,14,-8,22,0,0,1,9,5,1650,3261,975112934,2166292535,1048575,37461,0,2
975113876,1001,119,0,-110623,244,12,-16,22,0,0,1,9,5,1650,3261,975113915,2166292535,1048575,38435,0,2
975114877,1001,119,0,-110623,256,11,-16,22,0,0,1,9,5,1650,3261,975114946,2166292535,1048575,39474,0,2
975115868,991,119,0,-110623,247,10,-16,22,0,0,1,9,5,1650,3261,975115914,2166292535,1048575,40434,0,2
975116920,1052,119,0,-110623,296,10,-8,22,0,0,1,9,5,1650,3261,975116993,2166292535,1048575,41525,0,2
975117863,943,119,0,-110623,238,9,0,22,0,0,1,9,5,1650,3261,975117894,2166292535,1048575,42412,0,2
975118859,996,119,0,-110623,240,9,0,22,0,0,1,9,5,1650,3261,975118893,2166292535,1048575,43410,0,2
975119853,994,119,0,-110623,225,9,0,22,0,0,1,9,5,1650,3261,975119875,2166292535,1048575,44389,0,2
975120844,991,119,0,-110623,225,8,-8,22,0,0,1,9,5,1650,3261,975120871,2166292535,1048575,45387,0,2
975121858,1014,119,0,-110623,226,7,-8,22,0,0,1,9,5,1650,3261,975121886,2166292535,1048575,46404,0,2
975122861,1003,119,0,-110623,236,7,-8,22,0,0,1,9,5,1650,3261,975122895,2166292535,1048575,47411,0,2
975123854,993,119,0,-110623,224,6,-8,22,0,0,1,9,5,1650,3261,975123877,2166292535,1048575,48392,0,2
975124847,993,119,0,-110623,225,6,0,22,0,0,1,9,5,1650,3261,975124873,2166292535,1048575,49388,0,2
975125944,1097,119,0,-110623,310,6,0,22,0,0,1,9,5,1650,3261,975126040,2166292535,1048575,1,0,2
975127283,1339,119,0,-110623,365,5,-8,22,0,0,1,9,5,1650,3261,975127390,2166292535,1048575,659,0,2
975127865,582,119,0,-110623,235,5,-8,22,0,0,1,9,5,1650,3261,975127895,2166292535,1048575,1139,0,2
975128875,1010,119,0,-110623,252,4,-8,22,0,0,1,9,5,1650,3261,975128942,2166292535,1048575,2197,0,2
975129863,988,119,0,-110623,243,4,-8,22,0,0,1,9,5,1650,3261,975129899,2166292535,1048575,3141,0,2
975130886,1023,119,0,-110623,263,3,0,22,0,0,1,9,5,1650,3261,975130948,2166292535,1048575,4200,0,2
975131866,980,119,0,-110623,238,3,0,22,0,0,1,9,5,1650,3261,975131889,2166292535,1048575,5133,0,2
975132874,1008,119,0,-110623,248,3,0,22,0,0,1,9,5,1650,3261,975132939,2166292535,1048575,6196,0,2
975133885,1011,119,0,-110623,254,3,0,22,0,0,1,9,5,1650,3261,975133934,2166292535,1048575,7185,0,2
975134898,1013,119,0,-110623,266,3,0,22,0,0,1,9,5,1650,3261,975134964,2166292535,1048575,8216,0,2
975135865,967,118,-1,-110622,243,3,8,22,0,0,1,9,5,1650,3261,975135904,2166292535,1048575,9150,0,2
975136936,1071,119,1,-110623,309,3,0,22,0,0,1,9,5,1650,3261,975137014,2166292535,1048575,10273,0,2
975137860,924,119,0,-110623,231,3,0,22,0,0,1,9,5,1650,3261,975137884,2166292535,1048575,11129,0,2
975138856,996,119,0,-110623,231,3,0,22,0,0,1,9,5,1650,3261,975138889,2166292535,1048575,12133,0,2
975139854,998,118,-1,-110622,230,3,8,22,0,0,1,9,5,1650,3261,975139879,2166292535,1048575,13122,0,2
975140847,993,118,0,-110622,222,3,8,22,0,0,1,9,5,1650,3261,975140874,2166292535,1048575,14116,0,2
975141845,998,118,0,-110622,226,3,8,22,0,0,1,9,5,1650,3261,975141867,2166292535,1048575,15108,0,2
975142851,1006,118,0,-110622,231,4,8,22,0,0,1,9,5,1650,3261,975142883,2166292535,1048575,16125,0,2
975143861,1010,118,0,-110622,231,4,8,22,0,0,1,9,5,1650,3261,975143887,2166292535,1048575,17129,0,2
975144855,994,118,0,-110622,223,4,8,22,0,0,1,9,5,1650,3261,975144882,2166292535,1048575,18129,0,2
975145951,1096,118,0,-110622,332,4,8,22,0,0,1,9,5,1650,3261,975146045,2166292535,1048575,19303,0,2
975147043,1092,118,0,-110622,420,4,8,22,0,0,1,9,5,1650,3261,975147145,2166292535,1048575,20412,0,2
975147899,856,118,0,-110622,271,4,8,22,0,0,1,9,5,1650,3261,975147958,2166292535,1048575,21213,0,2
975148883,984,118,0,-110622,255,5,8,22,0,0,1,9,5,1650,3261,975148958,2166292535,1048575,22210,0,2
975149877,994,118,0,-110622,252,5,8,22,0,0,1,9,5,1650,3261,975149925,2166292535,1048575,23172,0,2
975150880,1003,118,0,-110622,256,5,8,22,0,0,1,9,5,1650,3261,975150955,2166292535,1048575,24208,0,2
975151873,993,118,0,-110622,249,5,8,22,0,0,1,9,5,1650,3261,975151917,2166292535,1048575,25161,0,2
975152859,986,118,0,-110622,241,5,8,22,0,0,1,9,5,1650,3261,975152923,2166292535,1048575,26187,0,2
975153886,1027,118,0,-110622,255,5,8,22,0,0,1,9,5,1650,3261,975153916,2166292535,1048575,27158,0,2
975154880,994,118,0,-110622,255,5,8,22,0,0,1,9,5,1650,3261,975154953,2166292535,1048575,28206,0,2
975155874,994,118,0,-110622,248,5,8,22,0,0,1,9,5,1650,3261,975155914,2166292535,1048575,29159,0,2
975156920,1046,118,0,-110622,301,5,8,22,0,0,1,9,5,1650,3261,975156997,2166292535,1048575,30255,0,2
975157859,939,118,0,-110622,236,6,8,22,0,0,1,9,5,1650,3261,975157882,2166292535,1048575,31128,0,2
975158852,993,118,0,-110622,232,6,8,22,0,0,1,9,5,1650,3261,975158885,2166292535,1048575,32128,0,2
975159853,1001,118,0,-110622,232,6,8,22,0,0,1,9,5,1650,3261,975159877,2166292535,1048575,33120,0,2
975160849,996,118,0,-110622,225,6,8,22,0,0,1,9,5,1650,3261,975160875,2166292535,1048575,34119,0,2
975161847,998,118,0,-110622,225,6,8,22,0,0,1,9,5,1650,3261,975161874,2166292535,1048575,35117,0,2
975162855,1008,118,0,-110622,230,6,8,22,0,0,1,9,5,1650,3261,975162886,2166292535,1048575,36128,0,2
975163848,993,118,0,-110622,230,6,8,22,0,0,1,9,5,1650,3261,975163873,2166292535,1048575,37116,0,2
975164844,996,118,0,-110622,225,6,8,22,0,0,1,9,5,1650,3261,975164871,2166292535,1048575,38112,0,2
975165935,1091,118,0,-110622,313,6,0,22,0,0,1,9,5,1650,3261,975166028,2166292535,1048575,39285,0,2
975167020,1085,118,0,-110622,377,6,8,22,0,0,1,9,5,1650,3261,975167128,2166292535,1048575,40396,0,2
975167887,867,118,0,-110622,268,6,8,22,0,0,1,9,5,1650,3261,975167947,2166292535,1048575,41200,0,2
975168891,1004,118,0,-110622,264,6,8,22,0,0,1,9,5,1650,3261,975168954,2166292535,1048575,42206,0,2
975169876,985,118,0,-110622,249,6,0,22,0,0,1,9,5,1650,3261,975169921,2166292535,1048575,43168,0,2
975170872,996,118,0,-110622,254,6,0,22,0,0,1,9,5,1650,3261,975170938,2166292535,1048575,44192,0,2
975171873,1001,118,0,-110622,248,5,0,22,0,0,1,9,5,1650,3261,975171905,2166292535,1048575,45148,0,2
975172863,990,117,-1,-110621,242,6,8,22,0,0,1,9,5,1650,3261,975172926,2166292535,1048575,46181,0,2
975173871,1008,117,0,-110621,246,6,8,22,0,0,1,9,5,1650,3261,975173908,2166292535,1048575,47153,0,2
975174890,1019,117,0,-110621,261,6,8,22,0,0,1,9,5,1650,3261,975174957,2166292535,1048575,48210,0,2
975175879,989,117,0,-110621,249,6,8,22,0,0,1,9,5,1650,3261,975175927,2166292535,1048575,49177,0,2
975176918,1039,117,0,-110621,294,6,8,22,0,0,1,9,5,1650,3261,975176995,2166292533,1048575,1,0,2
975177866,948,117,0,-110621,247,6,8,22,0,0,1,9,5,1650,3261,975177902,2166292533,1048575,363,0,2
975178864,998,117,0,-110621,242,6,8,22,0,0,1,9,5,1650,3261,975178901,2166292533,1048575,1363,0,2
975179848,984,117,0,-110621,225,6,8,22,0,0,1,9,5,1650,3261,975179870,2166292533,1048575,2329,0,2
975180856,1008,117,0,-110621,225,6,8,22,0,0,1,9,5,1650,3261,975180882,2166292533,1048575,3341,0,2
975181851,995,117,0,-110621,223,6,8,22,0,0,1,9,5,1650,3261,975181873,2166292533,1048575,4332,0,2
975182857,1006,117,0,-110621,236,6,8,22,0,0,1,9,5,1650,3261,975182892,2166292533,1048575,5352,0,2
975183851,994,117,0,-110621,225,6,8,22,0,0,1,9,5,1650,3261,975183873,2166292533,1048575,6331,0,2
975184843,992,117,0,-110621,226,6,8,22,0,0,1,9,5,1650,3261,975184869,2166292533,1048575,7329,0,2
975185943,1100,117,0,-110621,314,7,8,22,0,0,1,9,5,1650,3261,975186038,2166292533,1048575,8512,0,2
975187020,1077,116,-1,-110620,394,7,16,22,0,0,1,9,5,1650,3261,975187118,2166292533,1048575,9601,0,2
975187899,879,116,0,-110620,270,7,16,22,0,0,1,9,5,1650,3261,975187964,2166292533,1048575,10432,0,2
975188888,989,116,0,-110620,260,8,16,22,0,0,1,9,5,1650,3261,975188957,2166292533,1048575,11426,0,2
975189892,1004,116,0,-110620,261,8,16,22,0,0,1,9,5,1650,3261,975189947,2166292533,1048575,12416,0,2
975190879,987,116,0,-110620,257,8,16,22,0,0,1,9,5,1650,3261,975190954,2166292533,1048575,13424,0,2
975191869,990,116,0,-110620,247,9,16,22,0,0,1,9,5,1650,3261,975191915,2166292533,1048575,14376,0,2
975192866,997,116,0,-110620,243,9,16,22,0,0,1,9,5,1650,3261,975192925,2166292533,1048575,15398,0,2
975193877,1011,116,0,-110620,252,9,16,22,0,0,1,9,5,1650,3261,975193919,2166292533,1048575,16382,0,2
975194874,997,116,0,-110620,255,9,16,22,0,0,1,9,5,1650,3261,975194945,2166292533,1048575,17415,0,2
975195868,994,116,0,-110620,250,10,16,22,0,0,1,9,5,1650,3261,975195915,2166292533,1048575,18379,0,2
975196917,1049,116,0,-110620,291,10,16,22,0,0,1,9,5,1650,3261,975196997,2166292533,1048575,19473,0,2
975197867,950,116,0,-110620,239,10,16,22,0,0,1,9,5,1650,3261,975197897,2166292533,1048575,20361,0,2
975198862,995,116,0,-110620,238,10,16,22,0,0,1,9,5,1650,3261,975198894,2166292533,1048575,21354,0,2
975199855,993,116,0,-110620,227,11,16,22,0,0,1,9,5,1650,3261,975199880,2166292533,1048575,22340,0,2
975200851,996,116,0,-110620,225,11,16,22,0,0,1,9,5,1650,3261,975200878,2166292533,1048575,23339,0,2
975201851,1000,116,0,-110620,225,11,16,22,0,0,1,9,5,1650,3261,975201878,2166292533,1048575,24339,0,2
975202860,1009,116,0,-110620,233,11,16,22,0,0,1,9,5,1650,3261,975202893,2166292533,1048575,25351,0,2
975203853,993,116,0,-110620,227,11,8,22,0,0,1,9,5,1650,3261,975203878,2166292533,1048575,26339,0,2
975204850,997,116,0,-110620,225,11,8,22,0,0,1,9,5,1650,3261,975204876,2166292533,1048575,27336,0,2
975205930,1080,116,0,-110620,308,11,8,22,0,0,1,9,5,1650,3261,975206019,2166292533,1048575,28494,0,2
975207006,1076,116,0,-110620,372,11,8,22,0,0,1,9,5,1650,3261,975207114,2166292533,1048575,29600,0,2
975207897,891,116,0,-110620,270,11,8,22,0,0,1,9,5,1650,3261,975207962,2166292533,1048575,30431,0,2
975208884,987,116,0,-110620,257,11,8,22,0,0,1,9,5,1650,3261,975208953,2166292533,1048575,31423,0,2
975209880,996,116,0,-110620,254,10,8,22,0,0,1,9,5,1650,3261,975209925,2166292533,1048575,32389,0,2
975210875,995,116,0,-110620,257,10,8,22,0,0,1,9,5,1650,3261,975210940,2166292533,1048575,33412,0,2
975211878,1003,116,0,-110620,248,10,8,22,0,0,1,9,5,1650,3261,975211908,2166292533,1048575,34368,0,2
975212871,993,116,0,-110620,245,10,8,22,0,0,1,9,5,1650,3261,975212932,2166292533,1048575,35402,0,2
975213931,1060,116,0,-110620,302,10,8,22,0,0,1,9,5,1650,3261,975214006,2166292533,1048575,36472,0,2
975214909,978,116,0,-110620,279,10,8,22,0,0,1,9,5,1650,3261,975214992,2166292533,1048575,37469,0,2
975215872,963,116,0,-110620,252,10,8,22,0,0,1,9,5,1650,3261,975215927,2166292533,1048575,38397,0,2
975216937,1065,116,0,-110620,309,10,8,22,0,0,1,9,5,1650,3261,975217007,2166292533,1048575,39483,0,2
975217852,915,116,0,-110620,229,9,0,22,0,0,1,9,5,1650,3261,975217874,2166292533,1048575,40332,0,2
975218855,1003,116,0,-110620,232,9,0,22,0,0,1,9,5,1650,3261,975218887,2166292533,1048575,41348,0,2
975219854,999,116,0,-110620,230,9,0,22,0,0,1,9,5,1650,3261,975219878,2166292533,1048575,42338,0,2
975220849,995,116,0,-110620,225,8,0,22,0,0,1,9,5,1650,3261,975220874,2166292533,1048575,43334,0,2
975221846,997,116,0,-110620,226,8,0,22,0,0,1,9,5,1650,3261,975221871,2166292533,1048575,44332,0,2
975222853,1007,116,0,-110620,231,8,0,22,0,0,1,9,5,1650,3261,975222885,2166292533,1048575,45346,0,2
975223849,996,116,0,-110620,230,7,0,22,0,0,1,9,5,1650,3261,975223873,2166292533,1048575,46331,0,2
975224857,1008,116,0,-110620,225,7,0,22,0,0,1,9,5,1650,3261,975224885,2166292533,1048575,47349,0,2
975225950,1093,116,0,-110620,318,7,0,22,0,0,1,9,5,1650,3261,975226046,2166292533,1048575,48521,0,2
975227016,1066,116,0,-110620,397,7,0,22,0,0,1,9,5,1650,3261,975227118,2166292533,1048575,49602,0,2
975227891,875,116,0,-110620,265,6,0,22,0,0,1,9,5,1650,3261,975227952,2166292534,1048575,1,0,2
975228900,1009,116,0,-110620,278,6,0,22,0,0,1,9,5,1650,3261,975228968,2166292534,1048575,465,0,2
975229886,986,116,0,-110620,256,6,0,22,0,0,1,9,5,1650,3261,975229930,2166292534,1048575,1425,0,2
975230881,995,116,0,-110620,253,6,0,22,0,0,1,9,5,1650,3261,975230954,2166292534,1048575,2451,0,2
975231874,993,116,0,-110620,250,5,0,22,0,0,1,9,5,1650,3261,975231914,2166292534,1048575,3403,0,2
975232857,983,116,0,-110620,238,5,0,22,0,0,1,9,5,1650,3261,975232919,2166292534,1048575,4425,0,2
975233874,1017,116,0,-110620,252,5,0,22,0,0,1,9,5,1650,3261,975233912,2166292534,1048575,5402,0,2
975234874,1000,116,0,-110620,249,5,0,22,0,0,1,9,5,1650,3261,975234937,2166292534,1048575,6436,0,2
975235873,999,116,0,-110620,250,5,0,22,0,0,1,9,5,1650,3261,975235919,2166292534,1048575,7412,0,2
975236920,1047,116,0,-110620,297,4,0,22,0,0,1,9,5,1650,3261,975237004,2166292534,1048575,8509,0,2
975237855,935,116,0,-110620,235,4,0,22,0,0,1,9,5,1650,3261,975237877,2166292534,1048575,9366,0,2
975238871,1016,116,0,-110620,241,4,0,22,0,0,1,9,5,1650,3261,975238906,2166292534,1048575,10395,0,2
975239853,982,116,0,-110620,225,4,0,22,0,0,1,9,5,1650,3261,975239875,2166292534,1048575,11361,0,2
975240844,991,116,0,-110620,225,4,0,22,0,0,1,9,5,1650,3261,975240871,2166292534,1048575,12359,0,2
975241858,1014,116,0,-110620,226,4,0,22,0,0,1,9,5,1650,3261,975241887,2166292534,1048575,13376,0,2
975242863,1005,116,0,-110620,236,3,0,22,0,0,1,9,5,1650,3261,975242897,2166292534,1048575,14386,0,2
975243857,994,116,0,-110620,225,3,0,22,0,0,1,9,5,1650,3261,975243879,2166292534,1048575,15366,0,2
975244850,993,116,0,-110620,225,3,0,22,0,0,1,9,5,1650,3261,975244876,2166292534,1048575,16364,0,2
975245943,1093,116,0,-110620,313,3,0,22,0,0,1,9,5,1650,3261,975246036,2166292534,1048575,17538,0,2
975247008,1065,116,0,-110620,382,3,0,22,0,0,1,9,5,1650,3261,975247109,2166292534,1048575,18622,0,2
975247901,893,116,0,-110620,270,3,0,22,0,0,1,9,5,1650,3261,975247965,2166292534,1048575,19463,0,2
975248890,989,116,0,-110620,262,3,0,22,0,0,1,9,5,1650,3261,975248960,2166292534,1048575,20457,0,2
975249869,979,116,0,-110620,251,3,0,22,0,0,1,9,5,1650,3261,975249915,2166292534,1048575,21404,0,2
975250878,1009,116,0,-110620,253,3,0,22,0,0,1,9,5,1650,3261,975250940,2166292534,1048575,22437,0,2
975251875,997,116,0,-110620,250,2,0,22,0,0,1,9,5,1650,3261,975251909,2166292534,1048575,23397,0,2
975252865,990,116,0,-110620,239,2,0,22,0,0,1,9,5,1650,3261,975252927,2166292534,1048575,24429,0,2
975253881,1016,116,0,-110620,254,2,0,22,0,0,1,9,5,1650,3261,975253920,2166292534,1048575,25413,0,2
975254875,994,116,0,-110620,249,2,0,22,0,0,1,9,5,1650,3261,975254937,2166292534,1048575,26436,0,2
975255876,1001,116,0,-110620,250,2,0,22,0,0,1,9,5,1650,3261,975255923,2166292534,1048575,27412,0,2
975256929,1053,116,0,-110620,299,2,0,22,0,0,1,9,5,1650,3261,975257008,2166292534,1048575,28513,0,2
975257859,930,116,0,-110620,237,2,0,22,0,0,1,9,5,1650,3261,975257882,2166292534,1048575,29372,0,2
975258855,996,116,0,-110620,236,2,0,22,0,0,1,9,5,1650,3261,975258890,2166292534,1048575,30376,0,2
975259853,998,116,0,-110620,227,2,0,22,0,0,1,9,5,1650,3261,975259878,2166292534,1048575,31366,0,2
975260849,996,116,0,-110620,225,2,0,22,0,0,1,9,5,1650,3261,975260876,2166292534,1048575,32363,0,2
975261846,997,116,0,-110620,225,2,0,22,0,0,1,9,5,1650,3261,975261873,2166292534,1048575,33361,0,2
975262855,1009,116,0,-110620,233,2,0,22,0,0,1,9,5,1650,3261,975262887,2166292534,1048575,34375,0,2
975263849,994,116,0,-110620,228,2,0,22,0,0,1,9,5,1650,3261,975263874,2166292534,1048575,35361,0,2
975264844,995,116,0,-110620,225,1,0,22,0,0,1,9,5,1650,3261,975264871,2166292534,1048575,36358,0,2
975265939,1095,116,0,-110620,312,1,0,22,0,0,1,9,5,1650,3261,975266029,2166292534,1048575,37531,0,2
975267014,1075,116,0,-110620,386,1,0,22,0,0,1,9,5,1650,3261,975267121,2166292534,1048575,38633,0,2
975267888,874,116,0,-110620,264,1,0,22,0,0,1,9,5,1650,3261,975267949,2166292534,1048575,39445,0,2
975268891,1003,117,1,-110621,263,1,-8,22,0,0,1,9,5,1650,3261,975268951,2166292534,1048575,40448,0,2
975269878,987,117,0,-110621,249,1,-8,22,0,0,1,9,5,1650,3261,975269925,2166292534,1048575,41419,0,2
975270876,998,116,-1,-110620,258,1,0,22,0,0,1,9,5,1650,3261,975270945,2166292534,1048575,42443,0,2
975271879,1003,116,0,-110620,249,1,0,22,0,0,1,9,5,1650,3261,975271909,2166292534,1048575,43396,0,2
975272872,993,116,0,-110620,244,0,0,22,0,0,1,9,5,1650,3261,975272931,2166292534,1048575,44429,0,2
975273877,1005,116,0,-110620,246,0,0,22,0,0,1,9,5,1650,3261,975273914,2166292534,1048575,45405,0,2
975274876,999,116,0,-110620,253,0,0,22,0,0,1,9,5,1650,3261,975274938,2166292534,1048575,46437,0,2
975275874,998,117,1,-110621,248,0,-8,22,0,0,1,9,5,1650,3261,975275924,2166292534,1048575,47416,0,2
975276929,1055,116,-1,-110620,300,0,0,22,0,0,1,9,5,1650,3261,975277010,2166292534,1048575,48515,0,2
975277863,934,116,0,-110620,239,0,0,22,0,0,1,9,5,1650,3261,975277889,2166292534,1048575,49379,0,2
975278869,1006,117,1,-110621,238,0,-8,22,0,0,1,9,5,1650,3261,975278904,2166292536,1048575,1,0,2
975279853,984,116,-1,-110620,233,0,0,22,0,0,1,9,5,1650,3261,975279876,2166292536,1048575,439,0,2
975280862,1009,116,0,-110620,232,0,0,22,0,0,1,9,5,1650,3261,975280895,2166292536,1048575,1459,0,2
975281850,988,117,1,-110621,222,0,-8,22,0,0,1,9,5,1650,3261,975281873,2166292536,1048575,2436,0,2
975282860,1010,117,0,-110621,235,-1,-8,22,0,0,1,9,5,1650,3261,975282895,2166292536,1048575,3460,0,2
975283853,993,116,-1,-110620,225,-1,0,22,0,0,1,9,5,1650,3261,975283875,2166292536,1048575,4438,0,2
975284845,992,116,0,-110620,226,-1,0,22,0,0,1,9,5,1650,3261,975284871,2166292536,1048575,5435,0,2
975285944,1099,116,0,-110620,315,-1,0,22,0,0,1,9,5,1650,3261,975286040,2166292536,1048575,6620,0,2
975287023,1079,116,0,-110620,384,-1,0,22,0,0,1,9,5,1650,3261,975287124,2166292536,1048575,7713,0,2
975287889,866,117,1,-110621,266,-1,-8,22,0,0,1,9,5,1650,3261,975287951,2166292536,1048575,8525,0,2
975288892,1003,117,0,-110621,263,-1,-8,22,0,0,1,9,5,1650,3261,975288954,2166292536,1048575,9528,0,2
975289875,983,117,0,-110621,247,-1,-8,22,0,0,1,9,5,1650,3261,975289922,2166292536,1048575,10490,0,2
975290895,1020,117,0,-110621,262,-2,-8,22,0,0,1,9,5,1650,3261,975290956,2166292536,1048575,11529,0,2
975291871,976,117,0,-110621,249,-2,-8,22,0,0,1,9,5,1650,3261,975291917,2166292536,1048575,12483,0,2
975292871,1000,117,0,-110621,244,-2,-8,22,0,0,1,9,5,1650,3261,975292930,2166292536,1048575,13509,0,2
975293877,1006,117,0,-110621,249,-2,-8,22,0,0,1,9,5,1650,3261,975293918,2166292536,1048575,14487,0,2
975294891,1014,117,0,-110621,261,-3,-8,22,0,0,1,9,5,1650,3261,975294951,2166292536,1048575,15525,0,2
975295866,975,117,0,-110621,247,-3,-8,22,0,0,1,9,5,1650,3261,975295909,2166292536,1048575,16478,0,2
975296913,1047,117,0,-110621,292,-3,-8,22,0,0,1,9,5,1650,3261,975296996,2166292536,1048575,17576,0,2
975297858,945,117,0,-110621,240,-3,-8,22,0,0,1,9,5,1650,3261,975297882,2166292536,1048575,18451,0,2
975298857,999,117,0,-110621,237,-3,-8,22,0,0,1,9,5,1650,3261,975298889,2166292536,1048575,19453,0,2
975299851,994,117,0,-110621,229,-3,0,22,0,0,1,9,5,1650,3261,975299875,2166292536,1048575,20440,0,2
975300847,996,117,0,-110621,226,-3,0,22,0,0,1,9,5,1650,3261,975300873,2166292536,1048575,21437,0,2
975301844,997,117,0,-110621,226,-3,-8,22,0,0,1,9,5,1650,3261,975301870,2166292536,1048575,22435,0,2
975302855,1011,117,0,-110621,233,-4,-8,22,0,0,1,9,5,1650,3261,975302887,2166292536,1048575,23451,0,2
975303847,992,117,0,-110621,227,-4,-8,22,0,0,1,9,5,1650,3261,975303872,2166292536,1048575,24436,0,2
975304858,1011,117,0,-110621,225,-4,-8,22,0,0,1,9,5,1650,3261,975304887,2166292536,1048575,25457,0,2
975305937,1079,117,0,-110621,309,-4,0,22,0,0,1,9,5,1650,3261,975306027,2166292536,1048575,26608,0,2
975307016,1079,117,0,-110621,376,-4,-8,22,0,0,1,9,5,1650,3261,975307121,2166292536,1048575,27710,0,2
975307887,871,117,0,-110621,268,-4,-8,22,0,0,1,9,5,1650,3261,975307949,2166292536,1048575,28525,0,2
975308881,994,117,0,-110621,259,-4,0,22,0,0,1,9,5,1650,3261,975308947,2166292536,1048575,29521,0,2
975309868,987,117,0,-110621,249,-4,-8,22,0,0,1,9,5,1650,3261,975309913,2166292536,1048575,30480,0,2
975310875,1007,117,0,-110621,253,-4,-8,22,0,0,1,9,5,1650,3261,975310937,2166292536,1048575,31517,0,2
975311875,1000,117,0,-110621,251,-4,0,22,0,0,1,9,5,1650,3261,975311908,2166292536,1048575,32473,0,2
975312865,990,117,0,-110621,238,-4,0,22,0,0,1,9,5,1650,3261,975312926,2166292536,1048575,33505,0,2
975313877,1012,117,0,-110621,251,-4,-8,22,0,0,1,9,5,1650,3261,975313915,2166292536,1048575,34483,0,2
975314876,999,117,0,-110621,253,-4,-8,22,0,0,1,9,5,1650,3261,975314938,2166292536,1048575,35514,0,2
975315871,995,117,0,-110621,247,-4,-8,22,0,0,1,9,5,1650,3261,975315918,2166292536,1048575,36487,0,2
975316919,1048,117,0,-110621,293,-5,-8,22,0,0,1,9,5,1650,3261,975316995,2166292536,1048575,37575,0,2
975317861,942,117,0,-110621,237,-5,-8,22,0,0,1,9,5,1650,3261,975317887,2166292536,1048575,38452,0,2
975318861,1000,117,0,-110621,236,-4,0,22,0,0,1,9,5,1650,3261,975318893,2166292536,1048575,39458,0,2
975319854,993,117,0,-110621,227,-4,0,22,0,0,1,9,5,1650,3261,975319879,2166292536,1048575,40444,0,2
975320850,996,117,0,-110621,225,-4,0,22,0,0,1,9,5,1650,3261,975320876,2166292536,1048575,41443,0,2
975321850,1000,117,0,-110621,225,-4,0,22,0,0,1,9,5,1650,3261,975321876,2166292536,1048575,42442,0,2
975322858,1008,116,-1,-110620,233,-3,8,22,0,0,1,9,5,1650,3261,975322889,2166292536,1048575,43453,0,2
975323850,992,116,0,-110620,228,-3,8,22,0,0,1,9,5,1650,3261,975323875,2166292536,1048575,44439,0,2
975324845,995,116,0,-110620,225,-3,8,22,0,0,1,9,5,1650,3261,975324872,2166292536,1048575,45436,0,2
975325935,1090,116,0,-110620,314,-2,8,22,0,0,1,9,5,1650,3261,975326030,2166292536,1048575,46611,0,2
975327011,1076,116,0,-110620,378,-2,8,22,0,0,1,9,5,1650,3261,975327115,2166292536,1048575,47706,0,2
975327890,879,116,0,-110620,266,-1,8,22,0,0,1,9,5,1650,3261,975327954,2166292536,1048575,48525,0,2
975328891,1001,116,0,-110620,266,-1,8,22,0,0,1,9,5,1650,3261,975328954,2166292536,1048575,49529,0,2
975329877,986,116,0,-110620,247,-1,8,22,0,0,1,9,5,1650,3261,975329923,2166292534,1048575,1,0,2
975330904,1027,116,0,-110620,282,0,8,22,0,0,1,9,5,1650,3261,975330973,2166292534,1048575,501,0,2
975331885,981,116,0,-110620,255,0,8,22,0,0,1,9,5,1650,3261,975331917,2166292534,1048575,1433,0,2
975332868,983,116,0,-110620,244,0,8,22,0,0,1,9,5,1650,3261,975332931,2166292534,1048575,2460,0,2
975333876,1008,116,0,-110620,248,1,8,22,0,0,1,9,5,1650,3261,975333916,2166292534,1048575,3434,0,2
975334881,1005,116,0,-110620,256,1,8,22,0,0,1,9,5,1650,3261,975334953,2166292534,1048575,4480,0,2
975335874,993,116,0,-110620,247,1,8,22,0,0,1,9,5,1650,3261,975335919,2166292534,1048575,5438,0,2
975336922,1048,116,0,-110620,298,1,8,22,0,0,1,9,5,1650,3261,975336995,2166292534,1048575,6528,0,2
975337860,938,116,0,-110620,237,2,8,22,0,0,1,9,5,1650,3261,975337884,2166292534,1048575,7404,0,2
975338857,997,116,0,-110620,239,2,8,22,0,0,1,9,5,1650,3261,975338893,2166292534,1048575,8411,0,2
975339856,999,116,0,-110620,225,2,8,22,0,0,1,9,5,1650,3261,975339878,2166292534,1048575,9394,0,2
975340849,993,116,0,-110620,225,2,8,22,0,0,1,9,5,1650,3261,975340876,2166292534,1048575,10392,0,2
975341847,998,116,0,-110620,226,3,8,22,0,0,1,9,5,1650,3261,975341874,2166292534,1048575,11390,0,2
975342858,1011,116,0,-110620,236,3,8,22,0,0,1,9,5,1650,3261,975342893,2166292534,1048575,12410,0,2
975343853,995,116,0,-110620,226,3,8,22,0,0,1,9,5,1650,3261,975343875,2166292534,1048575,13390,0,2
975344845,992,116,0,-110620,226,3,8,22,0,0,1,9,5,1650,3261,975344871,2166292534,1048575,14388,0,2
975345932,1087,116,0,-110620,314,3,8,22,0,0,1,9,5,1650,3261,975346027,2166292534,1048575,15558,0,2
975347007,1075,116,0,-110620,384,4,8,22,0,0,1,9,5,1650,3261,975347108,2166292534,1048575,16649,0,2
975347897,890,116,0,-110620,266,4,8,22,0,0,1,9,5,1650,3261,975347963,2166292534,1048575,17486,0,2
975348892,995,116,0,-110620,262,4,8,22,0,0,1,9,5,1650,3261,975348956,2166292534,1048575,18482,0,2
975349888,996,116,0,-110620,256,4,8,22,0,0,1,9,5,1650,3261,975349930,2166292534,1048575,19454,0,2
975350880,992,116,0,-110620,254,4,8,22,0,0,1,9,5,1650,3261,975350950,2166292534,1048575,20477,0,2
975351874,994,116,0,-110620,252,4,8,22,0,0,1,9,5,1650,3261,975351903,2166292534,1048575,21420,0,2
975352865,991,116,0,-110620,241,4,0,22,0,0,1,9,5,1650,3261,975352926,2166292534,1048575,22457,0,2
975353877,1012,116,0,-110620,249,4,0,22,0,0,1,9,5,1650,3261,975353915,2166292534,1048575,23435,0,2
975354876,999,116,0,-110620,249,4,0,22,0,0,1,9,5,1650,3261,975354944,2166292534,1048575,24471,0,2
975355869,993,116,0,-110620,251,4,0,22,0,0,1,9,5,1650,3261,975355914,2166292534,1048575,25437,0,2
975356914,1045,116,0,-110620,296,4,0,22,0,0,1,9,5,1650,3261,975356993,2166292534,1048575,26526,0,2
975357870,956,116,0,-110620,239,3,0,22,0,0,1,9,5,1650,3261,975357901,2166292534,1048575,27418,0,2
975358864,994,116,0,-110620,238,3,0,22,0,0,1,9,5,1650,3261,975358898,2166292534,1048575,28416,0,2
975359844,980,116,0,-110620,226,3,0,22,0,0,1,9,5,1650,3261,975359866,2166292534,1048575,29381,0,2
975360853,1009,116,0,-110620,225,3,0,22,0,0,1,9,5,1650,3261,975360880,2166292534,1048575,30397,0,2
975361849,996,116,0,-110620,222,3,0,22,0,0,1,9,5,1650,3261,975361872,2166292534,1048575,31387,0,2
975362857,1008,116,0,-110620,236,3,0,22,0,0,1,9,5,1650,3261,975362892,2166292534,1048575,32409,0,2
975363851,994,116,0,-110620,225,3,0,22,0,0,1,9,5,1650,3261,975363873,2166292534,1048575,33388,0,2
975364858,1007,116,0,-110620,225,3,0,22,0,0,1,9,5,1650,3261,975364888,2166292534,1048575,34407,0,2
975365937,1079,116,0,-110620,312,3,0,22,0,0,1,9,5,1650,3261,975366027,2166292534,1048575,35559,0,2
975367017,1080,116,0,-110620,379,2,0,22,0,0,1,9,5,1650,3261,975367121,2166292534,1048575,36664,0,2
975367901,884,116,0,-110620,275,2,0,22,0,0,1,9,5,1650,3261,975367965,2166292534,1048575,37492,0,2
975368890,989,116,0,-110620,260,2,0,22,0,0,1,9,5,1650,3261,975368958,2166292534,1048575,38483,0,2
975369887,997,116,0,-110620,261,2,0,22,0,0,1,9,5,1650,3261,975369932,2166292534,1048575,39458,0,2
975370892,1005,116,0,-110620,261,2,0,22,0,0,1,9,5,1650,3261,975370951,2166292534,1048575,40477,0,2
975371867,975,116,0,-110620,247,2,0,22,0,0,1,9,5,1650,3261,975371905,2166292534,1048575,41422,0,2
975372864,997,116,0,-110620,243,2,0,22,0,0,1,9,5,1650,3261,975372925,2166292534,1048575,42458,0,2
975373873,1009,116,0,-110620,246,2,0,22,0,0,1,9,5,1650,3261,975373911,2166292534,1048575,43429,0,2
975374873,1000,116,0,-110620,254,2,0,22,0,0,1,9,5,1650,3261,975374939,2166292534,1048575,44468,0,2
975375877,1004,116,0,-110620,248,2,0,22,0,0,1,9,5,1650,3261,975375924,2166292534,1048575,45445,0,2
975376926,1049,116,0,-110620,296,2,0,22,0,0,1,9,5,1650,3261,975377001,2166292534,1048575,46534,0,2
975377867,941,116,0,-110620,238,2,0,22,0,0,1,9,5,1650,3261,975377899,2166292534,1048575,47416,0,2
975378862,995,116,0,-110620,238,2,0,22,0,0,1,9,5,1650,3261,975378897,2166292534,1048575,48414,0,2
975379856,994,116,0,-110620,225,1,0,22,0,0,1,9,5,1650,3261,975379878,2166292534,1048575,49395,0,2
975380849,993,116,0,-110620,225,1,0,22,0,0,1,9,5,1650,3261,975380875,2166292536,1048575,0,0,2
975381861,1012,116,0,-110620,235,1,0,22,0,0,1,9,5,1650,3261,975381895,2166292536,1048575,488,0,2
975382859,998,116,0,-110620,238,1,0,22,0,0,1,9,5,1650,3261,975382896,2166292536,1048575,1489,0,2
975383857,998,116,0,-110620,225,1,0,22,0,0,1,9,5,1650,3261,975383879,2166292536,1048575,2471,0,2
975384849,992,116,0,-110620,225,1,0,22,0,0,1,9,5,1650,3261,975384875,2166292536,1048575,3469,0,2
975385944,1095,116,0,-110620,317,1,0,22,0,0,1,9,5,1650,3261,975386039,2166292536,1048575,4649,0,2
975387024,1080,116,0,-110620,393,1,0,22,0,0,1,9,5,1650,3261,975387130,2166292536,1048575,5745,0,2
975387893,869,116,0,-110620,263,1,0,22,0,0,1,9,5,1650,3261,975387959,2166292536,1048575,6557,0,2
975388894,1001,116,0,-110620,262,1,0,22,0,0,1,9,5,1650,3261,975388954,2166292536,1048575,7556,0,2
975389873,979,116,0,-110620,248,1,0,22,0,0,1,9,5,1650,3261,975389917,2166292536,1048575,8512,0,2
975390888,1015,116,0,-110620,261,1,0,22,0,0,1,9,5,1650,3261,975390952,2166292536,1048575,9556,0,2
975391869,981,116,0,-110620,247,1,0,22,0,0,1,9,5,1650,3261,975391913,2166292536,1048575,10507,0,2
975392863,994,116,0,-110620,244,1,0,22,0,0,1,9,5,1650,3261,975392921,2166292536,1048575,11530,0,2
975393873,1010,116,0,-110620,248,1,0,22,0,0,1,9,5,1650,3261,975393915,2166292536,1048575,12511,0,2
975394890,1017,116,0,-110620,262,1,0,22,0,0,1,9,5,1650,3261,975394954,2166292536,1048575,13556,0,2
975395871,981,116,0,-110620,246,1,0,22,0,0,1,9,5,1650,3261,975395918,2166292536,1048575,14515,0,2
975396919,1048,116,0,-110620,298,1,0,22,0,0,1,9,5,1650,3261,975396999,2166292536,1048575,15609,0,2
975397866,947,116,0,-110620,236,1,0,22,0,0,1,9,5,1650,3261,975397897,2166292536,1048575,16491,0,2
975398859,993,116,0,-110620,237,1,0,22,0,0,1,9,5,1650,3261,975398891,2166292536,1048575,17483,0,2
975399851,992,116,0,-110620,227,1,0,22,0,0,1,9,5,1650,3261,975399876,2166292536,1048575,18468,0,2
975400847,996,116,0,-110620,226,1,0,22,0,0,1,9,5,1650,3261,975400873,2166292536,1048575,19466,0,2
975401844,997,116,0,-110620,225,1,0,22,0,0,1,9,5,1650,3261,975401871,2166292536,1048575,20463,0,2
975402856,1012,116,0,-110620,233,1,0,22,0,0,1,9,5,1650,3261,975402888,2166292536,1048575,21480,0,2
975403849,993,116,0,-110620,228,1,0,22,0,0,1,9,5,1650,3261,975403874,2166292536,1048575,22466,0,2
975404844,995,116,0,-110620,225,1,0,22,0,0,1,9,5,1650,3261,975404871,2166292536,1048575,23462,0,2
975405936,1092,116,0,-110620,313,1,0,22,0,0,1,9,5,1650,3261,975406031,2166292536,1048575,24638,0,2
975407005,1069,116,0,-110620,376,0,0,22,0,0,1,9,5,1650,3261,975407110,2166292536,1048575,25729,0,2
975407901,896,116,0,-110620,273,0,0,22,0,0,1,9,5,1650,3261,975407964,2166292536,1048575,26564,0,2
975408886,985,116,0,-110620,261,0,0,22,0,0,1,9,5,1650,3261,975408958,2166292536,1048575,27560,0,2
975409889,1003,116,0,-110620,257,0,0,22,0,0,1,9,5,1650,3261,975409931,2166292536,1048575,28533,0,2
975410881,992,116,0,-110620,257,0,0,22,0,0,1,9,5,1650,3261,975410950,2166292536,1048575,29553,0,2
975411870,989,116,0,-110620,248,0,0,22,0,0,1,9,5,1650,3261,975411900,2166292536,1048575,30493,0,2
975412877,1007,116,0,-110620,245,0,0,22,0,0,1,9,5,1650,3261,975412939,2166292536,1048575,31540,0,2
975413872,995,117,1,-110621,250,0,-8,22,0,0,1,9,5,1650,3261,975413909,2166292536,1048575,32503,0,2
975414867,995,117,0,-110621,249,0,-8,22,0,0,1,9,5,1650,3261,975414932,2166292536,1048575,33541,0,2
975415878,1011,117,0,-110621,253,-1,-8,22,0,0,1,9,5,1650,3261,975415926,2166292536,1048575,34522,0,2
975416923,1045,117,0,-110621,295,-1,-8,22,0,0,1,9,5,1650,3261,975417001,2166292536,1048575,35610,0,2
975417865,942,117,0,-110621,238,-1,-8,22,0,0,1,9,5,1650,3261,975417897,2166292536,1048575,36493,0,2
975418862,997,116,-1,-110620,240,-1,0,22,0,0,1,9,5,1650,3261,975418896,2166292536,1048575,37489,0,2
975419855,993,116,0,-110620,224,-1,0,22,0,0,1,9,5,1650,3261,975419878,2166292536,1048575,38470,0,2
975420848,993,116,0,-110620,225,-1,0,22,0,0,1,9,5,1650,3261,975420874,2166292536,1048575,39466,0,2
975421845,997,116,0,-110620,226,-1,0,22,0,0,1,9,5,1650,3261,975421871,2166292536,1048575,40464,0,2
975422857,1012,116,0,-110620,236,-1,0,22,0,0,1,9,5,1650,3261,975422892,2166292536,1048575,41485,0,2
975423851,994,116,0,-110620,224,-1,0,22,0,0,1,9,5,1650,3261,975423873,2166292536,1048575,42464,0,2
975424843,992,116,0,-110620,225,-1,0,22,0,0,1,9,5,1650,3261,975424869,2166292536,1048575,43462,0,2
975425936,1093,116,0,-110620,313,-1,0,22,0,0,1,9,5,1650,3261,975426028,2166292536,1048575,44639,0,2
975427013,1077,116,0,-110620,384,-1,0,22,0,0,1,9,5,1650,3261,975427116,2166292536,1048575,45733,0,2
975427887,874,116,0,-110620,263,-1,0,22,0,0,1,9,5,1650,3261,975427951,2166292536,1048575,46553,0,2
975428879,992,116,0,-110620,260,-1,0,22,0,0,1,9,5,1650,3261,975428947,2166292536,1048575,47550,0,2
975429867,988,116,0,-110620,248,-1,0,22,0,0,1,9,5,1650,3261,975429910,2166292536,1048575,48506,0,2
975430876,1009,116,0,-110620,253,-1,0,22,0,0,1,9,5,1650,3261,975430939,2166292536,1048575,49547,0,2
975431874,998,116,0,-110620,250,-1,0,22,0,0,1,9,5,1650,3261,975431908,2166292538,1048575,1,0,2
975432876,1002,116,0,-110620,257,-1,0,22,0,0,1,9,5,1650,3261,975432957,2166292538,1048575,515,0,2
975433882,1006,116,0,-110620,257,-1,0,22,0,0,1,9,5,1650,3261,975433923,2166292538,1048575,1472,0,2
975434877,995,116,0,-110620,255,-1,0,22,0,0,1,9,5,1650,3261,975434941,2166292538,1048575,2499,0,2
975435876,999,116,0,-110620,250,-1,0,22,0,0,1,9,5,1650,3261,975435922,2166292538,1048575,3472,0,2
975436914,1038,116,0,-110620,295,-1,0,22,0,0,1,9,5,1650,3261,975436992,2166292538,1048575,4554,0,2
975437860,946,116,0,-110620,235,-1,0,22,0,0,1,9,5,1650,3261,975437886,2166292538,1048575,5433,0,2
975438863,1003,116,0,-110620,238,0,0,22,0,0,1,9,5,1650,3261,975438895,2166292538,1048575,6439,0,2
975439856,993,116,0,-110620,227,0,0,22,0,0,1,9,5,1650,3261,975439881,2166292538,1048575,7425,0,2
975440852,996,116,0,-110620,225,0,0,22,0,0,1,9,5,1650,3261,975440878,2166292538,1048575,8425,0,2
975441851,999,116,0,-110620,225,0,0,22,0,0,1,9,5,1650,3261,975441878,2166292538,1048575,9424,0,2
975442860,1009,116,0,-110620,233,0,0,22,0,0,1,9,5,1650,3261,975442892,2166292538,1048575,10437,0,2
975443854,994,116,0,-110620,228,0,0,22,0,0,1,9,5,1650,3261,975443878,2166292538,1048575,11424,0,2
975444850,996,116,0,-110620,225,0,8,22,0,0,1,9,5,1650,3261,975444876,2166292538,1048575,12421,0,2
975445948,1098,116,0,-110620,316,0,8,22,0,0,1,9,5,1650,3261,975446043,2166292538,1048575,13602,0,2
975446996,1048,116,0,-110620,372,1,8,22,0,0,1,9,5,1650,3261,975447102,2166292538,1048575,14674,0,2
975447902,906,116,0,-110620,271,1,8,22,0,0,1,9,5,1650,3261,975447963,2166292538,1048575,15518,0,2
975448881,979,116,0,-110620,258,1,0,22,0,0,1,9,5,1650,3261,975448952,2166292538,1048575,16506,0,2
975449871,990,116,0,-110620,253,1,0,22,0,0,1,9,5,1650,3261,975449919,2166292538,1048575,17463,0,2
975450892,1021,116,0,-110620,261,1,0,22,0,0,1,9,5,1650,3261,975450948,2166292538,1048575,18503,0,2
975451872,980,116,0,-110620,252,1,0,22,0,0,1,9,5,1650,3261,975451903,2166292538,1048575,19448,0,2
975452865,993,116,0,-110620,241,1,0,22,0,0,1,9,5,1650,3261,975452926,2166292538,1048575,20484,0,2
975453876,1011,116,0,-110620,249,1,0,22,0,0,1,9,5,1650,3261,975453916,2166292538,1048575,21465,0,2
975454874,998,116,0,-110620,253,1,0,22,0,0,1,9,5,1650,3261,975454939,2166292538,1048575,22495,0,2
975455874,1000,116,0,-110620,247,1,0,22,0,0,1,9,5,1650,3261,975455920,2166292538,1048575,23469,0,2
975456928,1054,116,0,-110620,295,1,0,22,0,0,1,9,5,1650,3261,975457004,2166292538,1048575,24565,0,2
975457856,928,116,0,-110620,238,1,0,22,0,0,1,9,5,1650,3261,975457879,2166292538,1048575,25425,0,2
975458868,1012,116,0,-110620,236,1,0,22,0,0,1,9,5,1650,3261,975458901,2166292538,1048575,26445,0,2
975459849,981,116,0,-110620,227,1,0,22,0,0,1,9,5,1650,3261,975459874,2166292538,1048575,27418,0,2
975460844,995,116,0,-110620,225,1,0,22,0,0,1,9,5,1650,3261,975460871,2166292538,1048575,28415,0,2
975461857,1013,116,0,-110620,225,0,0,22,0,0,1,9,5,1650,3261,975461885,2166292538,1048575,29433,0,2
975462857,1000,116,0,-110620,233,0,0,22,0,0,1,9,5,1650,3261,975462888,2166292538,1048575,30433,0,2
975463850,993,116,0,-110620,228,0,0,22,0,0,1,9,5,1650,3261,975463874,2166292538,1048575,31418,0,2
975464844,994,116,0,-110620,225,0,0,22,0,0,1,9,5,1650,3261,975464871,2166292538,1048575,32416,0,2
975465944,1100,116,0,-110620,312,0,0,22,0,0,1,9,5,1650,3261,975466037,2166292538,1048575,33597,0,2
975467012,1068,116,0,-110620,380,0,0,22,0,0,1,9,5,1650,3261,975467117,2166292538,1048575,34687,0,2
975467896,884,116,0,-110620,267,0,0,22,0,0,1,9,5,1650,3261,975467962,2166292538,1048575,35515,0,2
975468892,996,116,0,-110620,262,0,0,22,0,0,1,9,5,1650,3261,975468956,2166292538,1048575,36510,0,2
975469881,989,115,-1,-110619,253,1,8,22,0,0,1,9,5,1650,3261,975469925,2166292538,1048575,37475,0,2
975470876,995,115,0,-110619,254,1,8,22,0,0,1,9,5,1650,3261,975470942,2166292538,1048575,38502,0,2
975471882,1006,115,0,-110619,251,1,8,22,0,0,1,9,5,1650,3261,975471911,2166292538,1048575,39456,0,2
975472870,988,115,0,-110619,242,2,8,22,0,0,1,9,5,1650,3261,975472929,2166292538,1048575,40488,0,2
975473877,1007,115,0,-110619,248,2,8,22,0,0,1,9,5,1650,3261,975473915,2166292538,1048575,41463,0,2
975474875,998,115,0,-110619,250,2,8,22,0,0,1,9,5,1650,3261,975474941,2166292538,1048575,42498,0,2
975475883,1008,115,0,-110619,254,2,8,22,0,0,1,9,5,1650,3261,975475928,2166292538,1048575,43479,0,2
975476921,1038,115,0,-110619,296,2,8,22,0,0,1,9,5,1650,3261,975476998,2166292538,1048575,44560,0,2
975477869,948,115,0,-110619,238,3,8,22,0,0,1,9,5,1650,3261,975477900,2166292538,1048575,45445,0,2
975478865,996,115,0,-110619,239,3,8,22,0,0,1,9,5,1650,3261,975478898,2166292538,1048575,46445,0,2
975479844,979,115,0,-110619,224,3,8,22,0,0,1,9,5,1650,3261,975479866,2166292538,1048575,47410,0,2
975480853,1009,115,0,-110619,225,3,8,22,0,0,1,9,5,1650,3261,975480879,2166292538,1048575,48425,0,2
975481851,998,115,0,-110619,224,3,8,22,0,0,1,9,5,1650,3261,975481874,2166292538,1048575,49417,0,2
975482859,1008,115,0,-110619,237,4,8,22,0,0,1,9,5,1650,3261,975482893,2166292535,1048575,1,0,2
975483863,1004,115,0,-110619,233,4,8,22,0,0,1,9,5,1650,3261,975483890,2166292535,1048575,464,0,2
975484859,996,115,0,-110619,233,4,8,22,0,0,1,9,5,1650,3261,975484900,2166292535,1048575,1479,0,2
975485941,1082,115,0,-110619,318,4,8,22,0,0,1,9,5,1650,3261,975486036,2166292535,1048575,2627,0,2
975487021,1080,115,0,-110619,393,4,8,22,0,0,1,9,5,1650,3261,975487119,2166292535,1048575,3719,0,2
975487900,879,115,0,-110619,269,4,8,22,0,0,1,9,5,1650,3261,975487964,2166292535,1048575,4548,0,2
975488879,979,115,0,-110619,255,5,8,22,0,0,1,9,5,1650,3261,975488948,2166292535,1048575,5537,0,2
975489874,995,115,0,-110619,252,5,8,22,0,0,1,9,5,1650,3261,975489923,2166292535,1048575,6500,0,2
975490882,1008,115,0,-110619,262,5,8,22,0,0,1,9,5,1650,3261,975490956,2166292535,1048575,7542,0,2
975491873,991,115,0,-110619,246,5,8,22,0,0,1,9,5,1650,3261,975491921,2166292535,1048575,8498,0,2
975492871,998,115,0,-110619,244,5,8,22,0,0,1,9,5,1650,3261,975492932,2166292535,1048575,9522,0,2
975493883,1012,115,0,-110619,253,5,8,22,0,0,1,9,5,1650,3261,975493922,2166292535,1048575,10504,0,2
975494874,991,115,0,-110619,252,5,8,22,0,0,1,9,5,1650,3261,975494938,2166292535,1048575,11525,0,2
975495877,1003,115,0,-110619,250,5,8,22,0,0,1,9,5,1650,3261,975495925,2166292535,1048575,12505,0,2
975496923,1046,115,0,-110619,297,6,8,22,0,0,1,9,5,1650,3261,975497000,2166292535,1048575,13592,0,2
975497865,942,115,0,-110619,238,6,8,22,0,0,1,9,5,1650,3261,975497896,2166292535,1048575,14474,0,2
975498858,993,115,0,-110619,236,6,8,22,0,0,1,9,5,1650,3261,975498889,2166292535,1048575,15464,0,2
975499850,992,115,0,-110619,228,6,8,22,0,0,1,9,5,1650,3261,975499875,2166292535,1048575,16451,0,2
975500848,998,115,0,-110619,227,6,0,22,0,0,1,9,5,1650,3261,975500875,2166292535,1048575,17450,0,2
975501845,997,115,0,-110619,225,5,0,22,0,0,1,9,5,1650,3261,975501872,2166292535,1048575,18448,0,2
975502853,1008,115,0,-110619,233,5,0,22,0,0,1,9,5,1650,3261,975502885,2166292535,1048575,19461,0,2
975503846,993,115,0,-110619,227,5,0,22,0,0,1,9,5,1650,3261,975503871,2166292535,1048575,20446,0,2
975504858,1012,115,0,-110619,226,5,0,22,0,0,1,9,5,1650,3261,975504889,2166292535,1048575,21469,0,2
975505937,1079,115,0,-110619,312,5,0,22,0,0,1,9,5,1650,3261,975506029,2166292535,1048575,22620,0,2
975507028,1091,115,0,-110619,386,4,0,22,0,0,1,9,5,1650,3261,975507136,2166292535,1048575,23736,0,2
975507887,859,115,0,-110619,264,4,0,22,0,0,1,9,5,1650,3261,975507951,2166292535,1048575,24536,0,2
975508892,1005,115,0,-110619,263,4,0,22,0,0,1,9,5,1650,3261,975508953,2166292535,1048575,25537,0,2
975509872,980,115,0,-110619,247,4,0,22,0,0,1,9,5,1650,3261,975509915,2166292535,1048575,26493,0,2
975510877,1005,115,0,-110619,255,4,0,22,0,0,1,9,5,1650,3261,975510941,2166292535,1048575,27526,0,2
975511875,998,115,0,-110619,251,4,0,22,0,0,1,9,5,1650,3261,975511913,2166292535,1048575,28489,0,2
975512870,995,115,0,-110619,239,3,0,22,0,0,1,9,5,1650,3261,975512929,2166292535,1048575,29518,0,2
975513875,1005,115,0,-110619,248,3,0,22,0,0,1,9,5,1650,3261,975513913,2166292535,1048575,30489,0,2
975514878,1003,115,0,-110619,256,3,0,22,0,0,1,9,5,1650,3261,975514944,2166292535,1048575,31534,0,2
975515879,1001,116,1,-110620,247,3,-8,22,0,0,1,9,5,1650,3261,975515927,2166292535,1048575,32511,0,2
975516927,1048,115,-1,-110619,297,3,0,22,0,0,1,9,5,1650,3261,975517001,2166292535,1048575,33595,0,2
975517867,940,115,0,-110619,237,3,0,22,0,0,1,9,5,1650,3261,975517896,2166292535,1048575,34473,0,2
975518857,990,116,1,-110620,236,2,-8,22,0,0,1,9,5,1650,3261,975518888,2166292535,1048575,35465,0,2
975519851,994,116,0,-110620,228,2,-8,22,0,0,1,9,5,1650,3261,975519876,2166292535,1048575,36453,0,2
975520848,997,116,0,-110620,225,1,-8,22,0,0,1,9,5,1650,3261,975520873,2166292535,1048575,37451,0,2
975521846,998,116,0,-110620,225,1,-8,22,0,0,1,9,5,1650,3261,975521872,2166292535,1048575,38448,0,2
975522853,1007,115,-1,-110619,233,1,0,22,0,0,1,9,5,1650,3261,975522884,2166292535,1048575,39460,0,2
975523846,993,115,0,-110619,228,1,0,22,0,0,1,9,5,1650,3261,975523870,2166292535,1048575,40447,0,2
975524857,1011,115,0,-110619,225,1,0,22,0,0,1,9,5,1650,3261,975524885,2166292535,1048575,41464,0,2
975525948,1091,115,0,-110619,315,1,0,22,0,0,1,9,5,1650,3261,975526045,2166292535,1048575,42635,0,2
975527012,1064,115,0,-110619,379,1,0,22,0,0,1,9,5,1650,3261,975527112,2166292535,1048575,43714,0,2
975527890,878,115,0,-110619,268,1,0,22,0,0,1,9,5,1650,3261,975527952,2166292535,1048575,44535,0,2
975528893,1003,115,0,-110619,263,1,0,22,0,0,1,9,5,1650,3261,975528951,2166292535,1048575,45536,0,2
975529874,981,115,0,-110619,248,1,0,22,0,0,1,9,5,1650,3261,975529917,2166292535,1048575,46494,0,2
975530872,998,115,0,-110619,252,1,0,22,0,0,1,9,5,1650,3261,975530934,2166292535,1048575,47525,0,2
975531878,1006,115,0,-110619,253,1,0,22,0,0,1,9,5,1650,3261,975531912,2166292535,1048575,48487,0,2
975532867,989,115,0,-110619,237,1,0,22,0,0,1,9,5,1650,3261,975532925,2166292535,1048575,49513,0,2
975533873,1006,115,0,-110619,249,1,0,22,0,0,1,9,5,1650,3261,975533912,2166292531,1048575,1,0,2
975534904,1031,115,0,-110619,276,1,0,22,0,0,1,9,5,1650,3261,975534979,2166292531,1048575,517,0,2
975535878,974,115,0,-110619,252,1,0,22,0,0,1,9,5,1650,3261,975535930,2166292531,1048575,1462,0,2
975536929,1051,115,0,-110619,302,1,0,22,0,0,1,9,5,1650,3261,975537004,2166292531,1048575,2548,0,2
975537855,926,115,0,-110619,233,1,0,22,0,0,1,9,5,1650,3261,975537877,2166292531,1048575,3404,0,2
975538868,1013,115,0,-110619,236,1,0,22,0,0,1,9,5,1650,3261,975538902,2166292531,1048575,4428,0,2
975539851,983,115,0,-110619,228,0,0,22,0,0,1,9,5,1650,3261,975539875,2166292531,1048575,5402,0,2
975540847,996,115,0,-110619,226,0,0,22,0,0,1,9,5,1650,3261,975540873,2166292531,1048575,6399,0,2
975541843,996,115,0,-110619,225,0,0,22,0,0,1,9,5,1650,3261,975541870,2166292531,1048575,7396,0,2
975542854,1011,115,0,-110619,233,0,0,22,0,0,1,9,5,1650,3261,975542881,2166292531,1048575,8409,0,2
975543858,1004,114,-1,-110618,227,1,8,22,0,0,1,9,5,1650,3261,975543887,2166292531,1048575,9413,0,2
975544844,986,114,0,-110618,226,1,8,22,0,0,1,9,5,1650,3261,975544870,2166292531,1048575,10397,0,2
975545937,1093,114,0,-110618,314,2,16,22,0,0,1,9,5,1650,3261,975546031,2166292531,1048575,11573,0,2
975547023,1086,113,-1,-110617,382,2,16,22,0,0,1,9,5,1650,3261,975547123,2166292531,1048575,12674,0,2
975547901,878,113,0,-110617,268,3,16,22,0,0,1,9,5,1650,3261,975547965,2166292531,1048575,13503,0,2
975548892,991,113,0,-110617,262,4,24,22,0,0,1,9,5,1650,3261,975548961,2166292531,1048575,14497,0,2
975549873,981,113,0,-110617,253,4,24,22,0,0,1,9,5,1650,3261,975549921,2166292531,1048575,15448,0,2
975550876,1003,112,-1,-110616,257,6,33,22,0,0,1,9,5,1650,3261,975550943,2166292531,1048575,16480,0,2
975551885,1009,111,-1,-110615,253,7,41,22,0,0,1,9,5,1650,3261,975551915,2166292531,1048575,17441,0,2
975552871,986,110,-1,-110614,240,8,41,22,0,0,1,9,5,1650,3261,975552931,2166292531,1048575,18469,0,2
975553888,1017,108,-2,-110612,256,10,57,22,0,0,129,9,5,1650,3261,975553927,2166292531,1048575,19458,0,2
975554870,982,106,-2,-110610,250,13,73,22,0,0,1,9,5,1650,3261,975554935,2166292531,1048575,20478,0,2
975555885,1015,102,-4,-110606,257,16,102,22,0,0,1,9,5,1650,3261,975555931,2166292531,1048575,21467,0,2
975556921,1036,97,-5,-110601,297,21,142,22,0,0,1,9,5,1650,3261,975556996,2166292531,1048575,22541,0,2
975557865,944,93,-4,-110597,238,27,174,22,0,0,1,9,5,1650,3261,975557895,2166292531,1048575,23423,0,2
975558856,991,88,-5,-110592,235,34,213,22,0,0,1,9,5,1650,3261,975558888,2166292531,1048575,24416,0,2
975559850,994,82,-6,-110586,227,43,260,22,0,0,1,9,5,1650,3261,975559875,2166292531,1048575,25402,0,2
975560846,996,74,-8,-110578,225,54,323,22,0,0,1,9,5,1650,3261,975560872,2166292531,1048575,26400,0,2
975561844,998,66,-8,-110570,225,67,386,22,0,0,1,9,5,1650,3261,975561870,2166292531,1048575,27397,0,2
975562855,1011,60,-6,-110564,233,81,433,22,0,0,1,9,5,1650,3261,975562886,2166292531,1048575,28413,0,2
975563847,992,57,-3,-110561,227,96,457,22,0,0,1,9,5,1650,3261,975563872,2166292531,1048575,29399,0,2
975564843,996,55,-2,-110559,225,111,473,22,0,0,1,9,5,1650,3261,975564869,2166292531,1048575,30396,0,2
975565939,1096,53,-2,-110557,316,128,504,22,0,0,1,9,5,1650,3261,975566026,2166292531,1048575,31568,0,2
975566994,1055,50,-3,-110554,366,144,528,22,0,0,1,9,5,1650,3261,975567100,2166292531,1048575,32652,0,2
975567887,893,48,-2,-110552,266,158,545,22,0,0,1,9,5,1650,3261,975567952,2166292531,1048575,33488,0,2
975568883,996,47,-1,-110551,261,174,553,22,0,0,1,9,5,1650,3261,975568950,2166292531,1048575,34486,0,2
975569876,993,46,-1,-110550,255,189,561,22,0,0,1,9,5,1650,3261,975569918,2166292531,1048575,35447,0,2
975570885,1009,45,-1,-110549,256,204,569,22,0,0,1,9,5,1650,3261,975570948,2166292531,1048575,36486,0,2
975571870,985,44,-1,-110548,249,218,577,22,0,0,1,9,5,1650,3261,975571921,2166292531,1048575,37453,0,2
975572869,999,44,0,-110548,248,232,578,22,0,0,1,9,5,1650,3261,975572935,2166292531,1048575,38476,0,2
975573864,995,43,-1,-110547,244,246,578,22,0,0,1,9,5,1650,3261,975573905,2166292531,1048575,39436,0,2
975574885,1021,41,-2,-110545,258,260,593,22,0,0,1,9,5,1650,3261,975574955,2166292531,1048575,40492,0,2
975575870,985,39,-2,-110543,244,272,590,22,0,0,1,9,5,1650,3261,975575920,2166292531,1048575,41450,0,2
975576931,1061,37,-2,-110541,303,286,607,22,0,0,1,9,5,1650,3261,975577003,2166292531,1048575,42546,0,2
975577858,927,36,-1,-110540,238,298,610,22,0,0,1,9,5,1650,3261,975577885,2166292531,1048575,43413,0,2
975578863,1005,35,-1,-110539,240,311,615,22,0,0,1,9,5,1650,3261,975578900,2166292531,1048575,44428,0,2
975579847,984,33,-2,-110537,224,323,631,22,0,0,1,9,5,1650,3261,975579871,2166292531,1048575,45396,0,2
975580845,998,32,-1,-110536,226,335,638,22,0,0,1,9,5,1650,3261,975580872,2166292531,1048575,46398,0,2
975581846,1001,32,0,-110536,225,347,631,22,0,0,1,9,5,1650,3261,975581874,2166292531,1048575,47401,0,2
975582863,1017,31,-1,-110535,238,358,630,22,0,0,1,9,5,1650,3261,975582899,2166292531,1048575,48426,0,2
975583842,979,30,-1,-110534,224,369,631,22,0,0,1,9,5,1650,3261,975583865,2166292531,1048575,49390,0,2
975584856,1014,28,-2,-110532,226,379,631,22,0,0,1,9,5,1650,3261,975584886,2166292528,1048575,1,0,2
975586043,1187,23,-5,-110527,316,391,640,22,0,0,1,9,5,1650,3261,975586136,2166292528,1048575,509,0,2
975587031,988,20,-3,-110524,392,400,624,22,0,0,1,9,5,1650,3261,975587134,2166292528,1048575,1516,0,2
975587887,856,16,-4,-110520,267,408,626,22,0,0,1,9,5,1650,3261,975587944,2166292528,1048575,2315,0,2
975588891,1004,11,-5,-110515,267,416,626,22,0,0,1,9,5,1650,3261,975588954,2166292528,1048575,3323,0,2
975589869,978,6,-5,-110510,248,424,618,22,0,0,1,9,5,1650,3261,975589909,2166292528,1048575,4274,0,2
975590897,1028,0,-6,-110504,267,431,601,22,0,0,1,9,5,1650,3261,975590955,2166292528,1048575,5325,0,2
975591871,974,4086,-10,-110494,249,438,618,22,0,0,1,9,5,1650,3261,975591911,2166292528,1048575,6277,0,2
975592868,997,4076,-10,-110484,246,447,651,22,0,0,1,9,5,1650,3261,975592935,2166292528,1048575,7309,0,2
975593884,1016,4072,-4,-110480,250,455,658,22,0,0,1,9,5,1650,3261,975593915,2166292528,1048575,8280,0,2
975594872,988,4072,0,-110480,254,462,642,22,0,0,1,9,5,1650,3261,975594941,2166292528,1048575,9312,0,2
975595879,1007,4070,-2,-110478,255,469,637,22,0,0,1,9,5,1650,3261,975595929,2166292528,1048575,10298,0,2
975596924,1045,4066,-4,-110474,296,477,654,22,0,0,1,9,5,1650,3261,975597008,2166292528,1048575,11385,0,2
975597867,943,4064,-2,-110472,238,483,648,22,0,0,1,9,5,1650,3261,975597898,2166292528,1048575,12259,0,2
975598860,993,4063,-1,-110471,236,489,638,22,0,0,1,9,5,1650,3261,975598894,2166292528,1048575,13254,0,2
975599857,997,4063,0,-110471,227,495,631,22,0,0,1,9,5,1650,3261,975599885,2166292528,1048575,14244,0,2
975600857,1000,4062,-1,-110470,224,500,630,22,0,0,1,9,5,1650,3261,975600886,2166292528,1048575,15246,0,2
975601842,985,4062,0,-110470,222,505,623,22,0,0,1,9,5,1650,3261,975601866,2166292528,1048575,16224,0,2
975602854,1012,4061,-1,-110469,233,509,622,22,0,0,1,9,5,1650,3261,975602889,2166292528,1048575,17248,0,2
975603852,998,4061,0,-110469,227,514,623,22,0,0,1,9,5,1650,3261,975603878,2166292528,1048575,18239,0,2
975604853,1001,4060,-1,-110468,225,518,622,22,0,0,1,9,5,1650,3261,975604881,2166292528,1048575,19244,0,2
975605935,1082,4058,-2,-110466,310,523,625,22,0,0,1,9,5,1650,3261,975606019,2166292528,1048575,20393,0,2
975607474,1539,4055,-3,-110463,396,529,623,0,0,0,1,1,0,0,3261,975607580,2164260897,1048575,3,0,3
975608538,1064,4049,-6,-110457,283,534,660,0,0,0,1,1,0,0,3261,975608586,2164260897,1048575,429,0,3
975608849,311,4048,-1,-110456,224,536,662,0,0,0,1,1,0,0,3261,975608876,2164260897,1048575,715,0,3
975609884,1035,4043,-5,-110451,261,542,699,0,0,0,1,1,0,0,3261,975609975,2164260897,1048575,1832,0,3
975610891,1007,4041,-2,-110449,272,549,707,0,0,0,1,1,0,0,3261,975610963,2164260897,1048575,2812,0,3
975611864,973,4039,-2,-110447,242,556,724,0,0,0,1,1,0,0,3261,975611906,2164260897,1048575,3754,0,3
975612885,1021,4035,-4,-110443,255,563,748,0,0,0,1,1,0,0,3261,975612958,2164260897,1048575,4807,0,3
975613863,978,4032,-3,-110440,239,571,764,0,0,0,1,1,0,0,3261,975613898,2164260897,1048575,5740,0,3
975614899,1036,4029,-3,-110437,267,579,772,0,0,0,1,1,0,0,3261,975614962,2164260897,1048575,6809,0,3
975615867,968,4027,-2,-110435,240,586,764,0,0,0,1,1,0,0,3261,975615912,2164260897,1048575,7757,0,3
975616928,1061,4023,-4,-110431,308,593,759,0,0,0,1,1,0,0,3261,975617008,2164260897,1048575,8862,0,3
975617848,920,4021,-2,-110429,230,599,753,0,0,0,1,1,0,0,3261,975617873,2164260897,1048575,9710,0,3
975618848,1000,4018,-3,-110426,230,605,741,0,0,0,1,1,0,0,3261,975618882,2164260897,1048575,10721,0,3
975619855,1007,4015,-3,-110423,228,609,725,0,0,0,1,1,0,0,3261,975619884,2164260897,1048575,11721,0,3
975620846,991,4012,-3,-110420,222,613,709,0,0,0,1,1,0,0,3261,975620874,2164260897,1048575,12713,0,3
975621856,1010,4009,-3,-110417,225,616,686,0,0,0,1,1,0,0,3261,975621880,2164260897,1048575,13721,0,3
975622854,998,4006,-3,-110414,230,617,630,0,0,0,1,1,0,0,3261,975622889,2164260897,1048575,14728,0,3
975623846,992,4003,-3,-110411,228,615,575,0,0,0,1,1,0,0,3261,975623874,2164260897,1048575,15711,0,3
975624853,1007,4001,-2,-110409,222,613,560,0,0,0,1,1,0,0,3261,975624881,2164260897,1048575,16725,0,3
975625952,1099,3997,-4,-110405,325,612,593,0,0,0,1,1,0,0,3261,975626040,2164260897,1048575,17892,0,3
975627003,1051,3994,-3,-110402,366,611,584,0,0,0,1,1,0,0,3261,975627109,2164260897,1048575,18969,0,3
975627900,897,3992,-2,-110400,277,610,585,0,0,0,1,1,0,0,3261,975627961,2164260897,1048575,19810,0,3
975628878,978,3989,-3,-110397,253,610,602,0,0,0,1,1,0,0,3261,975628951,2164260897,1048575,20798,0,3
975629879,1001,3986,-3,-110394,253,610,626,0,0,0,1,1,0,0,3261,975629918,2164260897,1048575,21757,0,3
975630890,1011,3983,-3,-110391,264,612,642,0,0,0,1,1,0,0,3261,975630950,2164260897,1048575,22798,0,3
975631872,982,3980,-3,-110388,248,614,667,0,0,0,1,1,0,0,3261,975631930,2164260897,1048575,23772,0,3
975632888,1016,3977,-3,-110385,258,617,683,0,0,0,1,1,0,0,3261,975632960,2164260897,1048575,24808,0,3
975633863,975,3975,-2,-110383,245,620,700,0,0,0,1,1,0,0,3261,975633902,2164260897,1048575,25741,0,3
975634884,1021,3972,-3,-110380,260,624,715,0,0,0,1,1,0,0,3261,975634956,2164260897,1048575,26804,0,3
975635881,997,3969,-3,-110377,247,627,716,0,0,0,1,1,0,0,3261,975635934,2164260897,1048575,27781,0,3
975636933,1052,3966,-3,-110374,301,631,725,0,0,0,1,1,0,0,3261,975637007,2164260897,1048575,28860,0,3
975637858,925,3963,-3,-110371,233,635,739,0,0,0,1,1,0,0,3261,975637888,2164260897,1048575,29728,0,3
975638852,994,3960,-3,-110368,234,638,716,0,0,0,1,1,0,0,3261,975638887,2164260897,1048575,30725,0,3
975639857,1005,3957,-3,-110365,225,641,716,0,0,0,1,1,0,0,3261,975639885,2164260897,1048575,31723,0,3
975640848,991,3954,-3,-110362,224,644,702,0,0,0,1,1,0,0,3261,975640877,2164260897,1048575,32718,0,3
975641844,996,3952,-2,-110360,224,646,702,0,0,0,1,1,0,0,3261,975641872,2164260897,1048575,33711,0,3
975642862,1018,3949,-3,-110357,231,648,709,0,0,0,1,1,0,0,3261,975642897,2164260897,1048575,34735,0,3
975643850,988,3946,-3,-110354,225,651,702,0,0,0,1,1,0,0,3261,975643877,2164260897,1048575,35717,0,3
975644842,992,3943,-3,-110351,224,652,701,0,0,0,1,1,0,0,3261,975644871,2164260897,1048575,36709,0,3
975645950,1108,3940,-3,-110348,315,655,706,0,0,0,1,1,0,0,3261,975646043,2164260897,1048575,37896,0,3
975646999,1049,3937,-3,-110345,369,657,698,0,0,0,1,1,0,0,3261,975647105,2164260897,1048575,38965,0,3
975647904,905,3934,-3,-110342,273,658,707,0,0,0,1,1,0,0,3261,975647962,2164260897,1048575,39808,0,3
975648882,978,3931,-3,-110339,259,660,707,0,0,0,1,1,0,0,3261,975648955,2164260897,1048575,40804,0,3
975649874,992,3928,-3,-110336,245,662,708,0,0,0,1,1,0,0,3261,975649910,2164260897,1048575,41749,0,3
975650890,1016,3925,-3,-110333,260,664,707,0,0,0,1,1,0,0,3261,975650951,2164260897,1048575,42799,0,3
975651878,988,3923,-2,-110331,253,665,699,0,0,0,1,1,0,0,3261,975651931,2164260897,1048575,43779,0,3
975652880,1002,3920,-3,-110328,246,667,699,0,0,0,1,1,0,0,3261,975652950,2164260897,1048575,44802,0,3
975653871,991,3917,-3,-110325,248,668,699,0,0,0,1,1,0,0,3261,975653911,2164260897,1048575,45754,0,3
975654889,1018,3914,-3,-110322,262,669,707,0,0,0,1,1,0,0,3261,975654961,2164260897,1048575,46809,0,3
975655871,982,3911,-3,-110319,243,671,708,0,0,0,1,1,0,0,3261,975655924,2164260897,1048575,47766,0,3
975656924,1053,3908,-3,-110316,305,672,702,0,0,0,1,1,0,0,3261,975657000,2164260897,1048575,48853,0,3
975657850,926,3906,-2,-110314,229,673,696,0,0,0,1,1,0,0,3261,975657875,2164260897,1048575,49713,0,3
975658849,999,3902,-4,-110310,231,675,710,0,0,0,1,1,0,0,3261,975658884,2164260897,1048575,1,0,3
975659867,1018,3899,-3,-110307,239,676,709,0,0,0,1,1,0,0,3261,975659909,2164260897,1048575,496,0,3
975660861,994,3897,-2,-110305,232,677,701,0,0,0,1,1,0,0,3261,975660895,2164260897,1048575,1481,0,3
975661842,981,3894,-3,-110302,222,678,702,0,0,0,1,1,0,0,3261,975661866,2164260897,1048575,2451,0,3
975662861,1019,3891,-3,-110299,229,679,701,0,0,0,1,1,0,0,3261,975662894,2164260897,1048575,3481,0,3
975663847,986,3888,-3,-110296,228,680,702,0,0,0,1,1,0,0,3261,975663877,2164260897,1048575,4464,0,3
975664842,995,3886,-2,-110294,224,681,701,0,0,0,1,1,0,0,3261,975664870,2164260897,1048575,5457,0,3
975665944,1102,3882,-4,-110290,321,682,707,0,0,0,1,1,0,0,3261,975666035,2164260897,1048575,6634,0,3
975666996,1052,3879,-3,-110287,357,683,707,0,0,0,1,1,0,0,3261,975667104,2164260897,1048575,7714,0,3
975667893,897,3877,-2,-110285,273,683,699,0,0,0,1,1,0,0,3261,975667950,2164260897,1048575,8549,0,3
975668984,1091,3874,-3,-110282,359,684,697,0,0,0,1,3,0,0,3261,975669090,2164260897,1048575,9700,0,3
975669888,904,3871,-3,-110279,268,684,699,0,0,0,1,3,0,0,3261,975669916,2164260897,1048575,10506,0,3
975670862,974,3868,-3,-110276,239,685,700,0,0,0,1,3,0,0,3261,975670934,2164260897,1048575,11537,0,3
975671880,1018,3865,-3,-110273,258,686,707,0,0,0,1,3,0,0,3261,975671943,2164260897,1048575,12548,0,3
975672878,998,3862,-3,-110270,248,687,708,0,0,0,1,3,0,0,3261,975672958,2164260897,1048575,13559,0,3
975673876,998,3860,-2,-110268,254,687,699,0,0,0,1,3,0,0,3261,975673920,2164260897,1048575,14515,0,3
975674865,989,3857,-3,-110265,246,688,699,0,0,0,1,3,0,0,3261,975674933,2164260897,1048575,15533,0,3
975675877,1012,3854,-3,-110262,256,688,700,0,0,0,1,3,0,0,3261,975675932,2164260897,1048575,16534,0,3
975676926,1049,3851,-3,-110259,299,689,701,0,0,0,1,3,0,0,3261,975677002,2164260897,1048575,17603,0,3
975677853,927,3848,-3,-110256,233,689,704,0,0,0,1,3,0,0,3261,975677878,2164260897,1048575,18466,0,3
975678854,1001,3845,-3,-110253,230,690,702,0,0,0,1,3,0,0,3261,975678887,2164260897,1048575,19473,0,3
975679852,998,3842,-3,-110250,225,690,702,0,0,0,1,3,0,0,3261,975679879,2164260897,1048575,20466,0,3
975680856,1004,3839,-3,-110247,223,691,701,0,0,0,1,3,0,0,3261,975680885,2164260897,1048575,21472,0,3
975681846,990,3837,-2,-110245,221,691,694,0,0,0,1,3,0,0,3261,975681870,2164260897,1048575,22455,0,3
975682854,1008,3834,-3,-110242,229,691,701,0,0,0,1,3,0,0,3261,975682887,2164260897,1048575,23472,0,3
975683852,998,3831,-3,-110239,225,692,702,0,0,0,1,3,0,0,3261,975683879,2164260897,1048575,24466,0,3
975684842,990,3828,-3,-110236,224,692,702,0,0,0,1,3,0,0,3261,975684870,2164260897,1048575,25456,0,3
975685948,1106,3825,-3,-110233,315,692,698,0,0,0,1,3,0,0,3261,975686038,2164260897,1048575,26643,0,3
975686987,1039,3822,-3,-110230,356,693,698,0,0,0,1,3,0,0,3261,975687086,2164260897,1048575,27696,0,3
975687901,914,3819,-3,-110227,270,693,707,0,0,0,1,3,0,0,3261,975687959,2164260897,1048575,28556,0,3
975688883,982,3816,-3,-110224,255,693,699,0,0,0,1,3,0,0,3261,975688952,2164260897,1048575,29549,0,3
975689871,988,3814,-2,-110222,250,693,692,0,0,0,1,3,0,0,3261,975689906,2164260897,1048575,30493,0,3
975690865,994,3811,-3,-110219,246,693,700,0,0,0,1,3,0,0,3261,975690934,2164260897,1048575,31535,0,3
975691890,1025,3808,-3,-110216,259,694,699,0,0,0,1,3,0,0,3261,975691955,2164260897,1048575,32556,0,3
975692866,976,3805,-3,-110213,243,694,700,0,0,0,1,3,0,0,3261,975692931,2164260897,1048575,33534,0,3
975693879,1013,3802,-3,-110210,249,694,699,0,0,0,1,3,0,0,3261,975693927,2164260897,1048575,34531,0,3
975694879,1000,3799,-3,-110207,253,695,707,0,0,0,1,3,0,0,3261,975694954,2164260897,1048575,35557,0,3
975695869,990,3796,-3,-110204,243,695,708,0,0,0,1,3,0,0,3261,975695921,2164260897,1048575,36513,0,3
975696925,1056,3793,-3,-110201,298,695,701,0,0,0,1,3,0,0,3261,975696999,2164260897,1048575,37600,0,3
975697858,933,3791,-2,-110199,233,695,696,0,0,0,1,3,0,0,3261,975697887,2164260897,1048575,38474,0,3
975698859,1001,3787,-4,-110195,230,696,710,0,0,0,1,3,0,0,3261,975698890,2164260897,1048575,39476,0,3
975699857,998,3785,-2,-110193,227,696,704,0,0,0,1,3,0,0,3261,975699883,2164260897,1048575,40469,0,3
975700846,989,3782,-3,-110190,225,697,702,0,0,0,1,3,0,0,3261,975700873,2164260897,1048575,41459,0,3
975701852,1006,3779,-3,-110187,225,697,701,0,0,0,1,3,0,0,3261,975701880,2164260897,1048575,42469,0,3
975702853,1001,3776,-3,-110184,230,697,702,0,0,0,1,3,0,0,3261,975702885,2164260897,1048575,43471,0,3
975703852,999,3773,-3,-110181,226,697,702,0,0,0,1,3,0,0,3261,975703877,2164260897,1048575,44464,0,3
975704857,1005,3771,-2,-110179,225,697,701,0,0,0,1,3,0,0,3261,975704888,2164260897,1048575,45480,0,3
975705941,1084,3767,-4,-110175,317,698,707,0,0,0,1,3,0,0,3261,975706034,2164260897,1048575,46636,0,3
975706988,1047,3764,-3,-110172,362,698,707,0,0,0,1,3,0,0,3261,975707092,2164260897,1048575,47703,0,3
975707894,906,3761,-3,-110169,266,698,707,0,0,0,1,3,0,0,3261,975707967,2164260897,1048575,48562,0,3
975708889,995,3758,-3,-110166,258,699,707,0,0,0,1,3,0,0,3261,975708957,2164260897,1048575,49553,0,3
975709877,988,3756,-2,-110164,256,699,699,0,0,0,1,3,0,0,3261,975709915,2164260897,1048575,1,0,3
975710885,1008,3753,-3,-110161,257,699,699,0,0,0,1,3,0,0,3261,975710964,2164260897,1048575,497,0,3
975711875,990,3750,-3,-110158,257,699,707,0,0,0,1,3,0,0,3261,975711936,2164260897,1048575,1470,0,3
975712870,995,3747,-3,-110155,246,699,708,0,0,0,1,3,0,0,3261,975712936,2164260897,1048575,2477,0,3
975713888,1018,3744,-3,-110152,258,700,707,0,0,0,1,3,0,0,3261,975713946,2164260897,1048575,3479,0,3
975714873,985,3741,-3,-110149,249,700,707,0,0,0,1,3,0,0,3261,975714943,2164260897,1048575,4479,0,3
975715886,1013,3738,-3,-110146,257,700,708,0,0,0,1,3,0,0,3261,975715949,2164260897,1048575,5486,0,3
975716926,1040,3736,-2,-110144,304,700,701,0,0,0,1,3,0,0,3261,975717004,2164260897,1048575,6538,0,3
975717858,932,3733,-3,-110141,232,700,704,0,0,0,1,3,0,0,3261,975717885,2164260897,1048575,7409,0,3
975718855,997,3730,-3,-110138,228,701,702,0,0,0,1,3,0,0,3261,975718888,2164260897,1048575,8410,0,3
975719852,997,3727,-3,-110135,223,701,702,0,0,0,1,3,0,0,3261,975719876,2164260897,1048575,9396,0,3
975720856,1004,3724,-3,-110132,227,701,709,0,0,0,1,3,0,0,3261,975720888,2164260897,1048575,10409,0,3
975721848,992,3722,-2,-110130,221,701,701,0,0,0,1,3,0,0,3261,975721873,2164260897,1048575,11393,0,3
975722853,1005,3718,-4,-110126,228,701,710,0,0,0,1,3,0,0,3261,975722886,2164260897,1048575,12408,0,3
975723849,996,3715,-3,-110123,222,702,709,0,0,0,1,3,0,0,3261,975723874,2164260897,1048575,13394,0,3
975724854,1005,3713,-2,-110121,228,702,701,0,0,0,1,3,0,0,3261,975724886,2164260897,1048575,14411,0,3
975725942,1088,3710,-3,-110118,310,701,698,0,0,0,1,3,0,0,3261,975726035,2164260897,1048575,15573,0,3
975726995,1053,3707,-3,-110115,364,701,698,0,0,0,1,3,0,0,3261,975727098,2164260897,1048575,16642,0,3
975727900,905,3704,-3,-110112,269,701,707,0,0,0,1,3,0,0,3261,975727965,2164260897,1048575,17494,0,3
975728883,983,3701,-3,-110109,258,701,699,0,0,0,1,3,0,0,3261,975728957,2164260897,1048575,18488,0,3
975729880,997,3698,-3,-110106,254,702,707,0,0,0,1,3,0,0,3261,975729916,2164260897,1048575,19439,0,3
975730877,997,3695,-3,-110103,249,702,707,0,0,0,1,3,0,0,3261,975730947,2164260897,1048575,20479,0,3
975731875,998,3693,-2,-110101,248,702,699,0,0,0,1,3,0,0,3261,975731932,2164260897,1048575,21465,0,3
975732867,992,3690,-3,-110098,247,702,700,0,0,0,1,3,0,0,3261,975732932,2164260897,1048575,22473,0,3
975733874,1007,3687,-3,-110095,251,702,699,0,0,0,1,3,0,0,3261,975733926,2164260897,1048575,23463,0,3
975734876,1002,3684,-3,-110092,251,702,708,0,0,0,1,3,0,0,3261,975734948,2164260897,1048575,24485,0,3
975735874,998,3681,-3,-110089,252,702,708,0,0,0,1,3,0,0,3261,975735931,2164260897,1048575,25464,0,3
975736915,1041,3678,-3,-110086,295,702,702,0,0,0,1,3,0,0,3261,975736985,2164260897,1048575,26522,0,3
975737867,952,3675,-3,-110083,234,702,704,0,0,0,1,3,0,0,3261,975737900,2164260897,1048575,27421,0,3
975738857,990,3672,-3,-110080,230,702,702,0,0,0,1,3,0,0,3261,975738888,2164260897,1048575,28409,0,3
975739855,998,3669,-3,-110077,227,702,702,0,0,0,1,3,0,0,3261,975739880,2164260897,1048575,29403,0,3
975740845,990,3666,-3,-110074,225,702,710,0,0,0,1,3,0,0,3261,975740872,2164260897,1048575,30393,0,3
975741851,1006,3663,-3,-110071,226,703,710,0,0,0,1,3,0,0,3261,975741878,2164260897,1048575,31401,0,3
975742852,1001,3660,-3,-110068,230,703,709,0,0,0,1,3,0,0,3261,975742883,2164260897,1048575,32405,0,3
975743851,999,3658,-2,-110066,227,703,701,0,0,0,1,3,0,0,3261,975743876,2164260897,1048575,33397,0,3
975744854,1003,3655,-3,-110063,225,703,702,0,0,0,1,3,0,0,3261,975744882,2164260897,1048575,34408,0,3
975745938,1084,3652,-3,-110060,316,703,699,0,0,0,1,3,0,0,3261,975746034,2164260897,1048575,35573,0,3
975746993,1055,3648,-4,-110056,359,703,715,0,0,0,1,3,0,0,3261,975747095,2164260897,1048575,36638,0,3
975747890,897,3646,-2,-110054,267,703,707,0,0,0,1,3,0,0,3261,975747964,2164260897,1048575,37494,0,3
975748887,997,3643,-3,-110051,256,703,707,0,0,0,1,3,0,0,3261,975748957,2164260897,1048575,38488,0,3
975749887,1000,3640,-3,-110048,260,704,707,0,0,0,1,3,0,0,3261,975749924,2164260897,1048575,39447,0,3
975750883,996,3637,-3,-110045,250,704,707,0,0,0,1,3,0,0,3261,975750947,2164260897,1048575,40480,0,3
975751876,993,3634,-3,-110042,250,704,715,0,0,0,1,3,0,0,3261,975751937,2164260897,1048575,41471,0,3
975752867,991,3631,-3,-110039,245,704,708,0,0,0,1,3,0,0,3261,975752930,2164260897,1048575,42473,0,3
975753874,1007,3629,-2,-110037,253,704,699,0,0,0,1,3,0,0,3261,975753926,2164260897,1048575,43461,0,3
975754867,993,3626,-3,-110034,248,704,708,0,0,0,1,3,0,0,3261,975754932,2164260897,1048575,44467,0,3
975755874,1007,3623,-3,-110031,255,704,708,0,0,0,1,3,0,0,3261,975755933,2164260897,1048575,45471,0,3
975756925,1051,3620,-3,-110028,298,705,709,0,0,0,1,3,0,0,3261,975756999,2164260897,1048575,46535,0,3
975757852,927,3617,-3,-110025,231,705,712,0,0,0,1,3,0,0,3261,975757878,2164260897,1048575,47401,0,3
975758850,998,3614,-3,-110022,229,705,710,0,0,0,1,3,0,0,3261,975758883,2164260897,1048575,48404,0,3
975759849,999,3611,-3,-110019,225,705,710,0,0,0,1,3,0,0,3261,975759876,2164260897,1048575,49397,0,3
975760853,1004,3608,-3,-110016,224,705,709,0,0,0,1,3,0,0,3261,975760882,2164260897,1048575,1,0,3
975761856,1003,3605,-3,-110013,231,706,709,0,0,0,1,3,0,0,3261,975761888,2164260897,1048575,475,0,3
975762855,999,3602,-3,-110010,234,706,717,0,0,0,1,3,0,0,3261,975762889,2164260897,1048575,1476,0,3
975763856,1001,3599,-3,-110007,225,706,717,0,0,0,1,3,0,0,3261,975763884,2164260897,1048575,2471,0,3
975764846,990,3596,-3,-110004,224,707,717,0,0,0,1,3,0,0,3261,975764874,2164260897,1048575,3462,0,3
975765956,1110,3593,-3,-110001,325,707,714,0,0,0,1,3,0,0,3261,975766054,2164260897,1048575,4657,0,3
975766992,1036,3590,-3,-109998,360,707,714,0,0,0,1,3,0,0,3261,975767095,2164260897,1048575,5708,0,3
975767887,895,3588,-2,-109996,267,707,708,0,0,0,1,3,0,0,3261,975767956,2164260897,1048575,6556,0,3
975768874,987,3585,-3,-109993,254,707,708,0,0,0,1,3,0,0,3261,975768950,2164260897,1048575,7550,0,3
975769877,1003,3582,-3,-109990,255,707,707,0,0,0,1,3,0,0,3261,975769918,2164260897,1048575,8507,0,3
975770870,993,3579,-3,-109987,246,707,707,0,0,0,1,3,0,0,3261,975770937,2164260897,1048575,9540,0,3
975771876,1006,3576,-3,-109984,255,707,707,0,0,0,1,3,0,0,3261,975771934,2164260897,1048575,10535,0,3
975772869,993,3573,-3,-109981,246,707,708,0,0,0,1,3,0,0,3261,975772936,2164260897,1048575,11540,0,3
975773880,1011,3570,-3,-109978,254,708,715,0,0,0,1,3,0,0,3261,975773931,2164260897,1048575,12536,0,3
975774867,987,3567,-3,-109975,249,708,716,0,0,0,1,3,0,0,3261,975774931,2164260897,1048575,13538,0,3
975775881,1014,3564,-3,-109972,254,708,716,0,0,0,1,3,0,0,3261,975775943,2164260897,1048575,14545,0,3
975776920,1039,3561,-3,-109969,295,709,717,0,0,0,1,3,0,0,3261,975776994,2164260897,1048575,15595,0,3
975777864,944,3558,-3,-109966,233,709,712,0,0,0,1,3,0,0,3261,975777897,2164260897,1048575,16485,0,3
975778854,990,3555,-3,-109963,229,709,718,0,0,0,1,3,0,0,3261,975778886,2164260897,1048575,17474,0,3
975779852,998,3553,-2,-109961,225,709,710,0,0,0,1,3,0,0,3261,975779879,2164260897,1048575,18466,0,3
975780856,1004,3550,-3,-109958,224,709,710,0,0,0,1,3,0,0,3261,975780885,2164260897,1048575,19471,0,3
975781845,989,3547,-3,-109955,221,709,710,0,0,0,1,3,0,0,3261,975781869,2164260897,1048575,20455,0,3
975782853,1008,3544,-3,-109952,228,709,709,0,0,0,1,3,0,0,3261,975782886,2164260897,1048575,21474,0,3
975783849,996,3541,-3,-109949,222,709,709,0,0,0,1,3,0,0,3261,975783874,2164260897,1048575,22459,0,3
975784854,1005,3538,-3,-109946,228,710,717,0,0,0,1,3,0,0,3261,975784886,2164260897,1048575,23478,0,3
975785949,1095,3534,-4,-109942,317,710,722,0,0,0,1,3,0,0,3261,975786043,2164260897,1048575,24648,0,3
975786984,1035,3532,-2,-109940,354,710,715,0,0,0,1,3,0,0,3261,975787089,2164260897,1048575,25701,0,3
975787894,910,3529,-3,-109937,273,710,715,0,0,0,1,3,0,0,3261,975787967,2164260897,1048575,26562,0,3
975788888,994,3526,-3,-109934,260,711,715,0,0,0,1,3,0,0,3261,975788957,2164260897,1048575,27553,0,3
975789883,995,3523,-3,-109931,257,711,715,0,0,0,1,3,0,0,3261,975789918,2164260897,1048575,28508,0,3
975790864,981,3520,-3,-109928,246,711,716,0,0,0,1,3,0,0,3261,975790930,2164260897,1048575,29534,0,3
975791888,1024,3517,-3,-109925,259,711,715,0,0,0,1,3,0,0,3261,975791955,2164260897,1048575,30557,0,3
975792867,979,3514,-3,-109922,246,711,716,0,0,0,1,3,0,0,3261,975792941,2164260897,1048575,31544,0,3
975793883,1016,3511,-3,-109919,256,712,716,0,0,0,1,3,0,0,3261,975793936,2164260897,1048575,32538,0,3
975794869,986,3508,-3,-109916,250,712,716,0,0,0,1,3,0,0,3261,975794939,2164260897,1048575,33540,0,3
975795884,1015,3505,-3,-109913,258,712,716,0,0,0,1,3,0,0,3261,975795946,2164260897,1048575,34550,0,3
975796925,1041,3502,-3,-109910,295,712,717,0,0,0,1,3,0,0,3261,975796996,2164260897,1048575,35597,0,3
975797861,936,3499,-3,-109907,232,712,720,0,0,0,1,3,0,0,3261,975797890,2164260897,1048575,36482,0,3
975798854,993,3497,-2,-109905,230,713,717,0,0,0,1,3,0,0,3261,975798885,2164260897,1048575,37473,0,3
975799853,999,3493,-4,-109901,226,713,725,0,0,0,1,3,0,0,3261,975799878,2164260897,1048575,38465,0,3
975800857,1004,3490,-3,-109898,225,714,725,0,0,0,1,3,0,0,3261,975800884,2164260897,1048575,39472,0,3
975801847,990,3488,-2,-109896,223,714,717,0,0,0,1,3,0,0,3261,975801870,2164260897,1048575,40456,0,3
975802856,1009,3485,-3,-109893,229,714,717,0,0,0,1,3,0,0,3261,975802887,2164260897,1048575,41475,0,3
975803852,996,3482,-3,-109890,224,714,717,0,0,0,1,3,0,0,3261,975803875,2164260897,1048575,42461,0,3
975804857,1005,3479,-3,-109887,229,714,717,0,0,0,1,3,0,0,3261,975804893,2164260897,1048575,43483,0,3
975805943,1086,3476,-3,-109884,324,714,715,0,0,0,1,3,0,0,3261,975806038,2164260897,1048575,44642,0,3
975806980,1037,3472,-4,-109880,354,714,723,0,0,0,1,3,0,0,3261,975807081,2164260897,1048575,45692,0,3
975807900,920,3470,-2,-109878,273,714,715,0,0,0,1,3,0,0,3261,975807967,2164260897,1048575,46564,0,3
975808877,977,3467,-3,-109875,254,715,716,0,0,0,1,3,0,0,3261,975808949,2164260897,1048575,47546,0,3
975809890,1013,3464,-3,-109872,258,715,723,0,0,0,1,3,0,0,3261,975809930,2164260897,1048575,48520,0,3
975810869,979,3461,-3,-109869,245,715,724,0,0,0,1,3,0,0,3261,975810934,2164260897,1048575,49538,0,3
975811872,1003,3458,-3,-109866,252,716,724,0,0,0,1,3,0,0,3261,975811927,2164260897,1048575,1,0,3
975812887,1015,3455,-3,-109863,257,716,723,0,0,0,1,3,0,0,3261,975812968,2164260897,1048575,491,0,3
975813886,999,3452,-3,-109860,258,716,723,0,0,0,1,3,0,0,3261,975813931,2164260897,1048575,1454,0,3
975814877,991,3449,-3,-109857,245,716,724,0,0,0,1,3,0,0,3261,975814949,2164260897,1048575,2474,0,3
975815880,1003,3446,-3,-109854,252,717,724,0,0,0,1,3,0,0,3261,975815929,2164260897,1048575,3454,0,3
975816925,1045,3443,-3,-109851,302,717,717,0,0,0,1,3,0,0,3261,975816997,2164260897,1048575,4528,0,3
975817862,937,3440,-3,-109848,236,717,727,0,0,0,1,3,0,0,3261,975817894,2164260897,1048575,5411,0,3
975818857,995,3437,-3,-109845,235,717,725,0,0,0,1,3,0,0,3261,975818890,2164260897,1048575,6407,0,3
975819856,999,3434,-3,-109842,224,718,725,0,0,0,1,3,0,0,3261,975819879,2164260897,1048575,7395,0,3
975820858,1002,3431,-3,-109839,225,718,725,0,0,0,1,3,0,0,3261,975820885,2164260897,1048575,8400,0,3
975821846,988,3428,-3,-109836,222,718,725,0,0,0,1,3,0,0,3261,975821870,2164260897,1048575,9384,0,3
975822860,1014,3425,-3,-109833,233,719,725,0,0,0,1,3,0,0,3261,975822894,2164260897,1048575,10410,0,3
975823844,984,3422,-3,-109830,224,719,725,0,0,0,1,3,0,0,3261,975823867,2164260897,1048575,11380,0,3
975824846,1002,3419,-3,-109827,225,719,725,0,0,0,1,3,0,0,3261,975824874,2164260897,1048575,12389,0,3
975825933,1087,3416,-3,-109824,312,719,723,0,0,0,1,3,0,0,3261,975826028,2164260897,1048575,13559,0,3
975827005,1072,3413,-3,-109821,367,719,722,0,0,0,1,3,0,0,3261,975827107,2164260897,1048575,14647,0,3
975827893,888,3410,-3,-109818,266,720,724,0,0,0,1,3,0,0,3261,975827958,2164260897,1048575,15482,0,3
975828888,995,3407,-3,-109815,257,720,732,0,0,0,1,3,0,0,3261,975828952,2164260897,1048575,16477,0,3
975829870,982,3404,-3,-109812,251,720,724,0,0,0,1,3,0,0,3261,975829905,2164260897,1048575,17422,0,3
975830862,992,3401,-3,-109809,244,720,724,0,0,0,1,3,0,0,3261,975830927,2164260897,1048575,18457,0,3
975831888,1026,3398,-3,-109806,262,721,731,0,0,0,1,3,0,0,3261,975831962,2164260897,1048575,19492,0,3
975832876,988,3395,-3,-109803,247,721,732,0,0,0,1,3,0,0,3261,975832956,2164260897,1048575,20486,0,3
975833867,991,3392,-3,-109800,248,722,732,0,0,0,1,3,0,0,3261,975833911,2164260897,1048575,21435,0,3
975834875,1008,3389,-3,-109797,249,722,732,0,0,0,1,3,0,0,3261,975834939,2164260897,1048575,22465,0,3
975835863,988,3386,-3,-109794,244,722,732,0,0,0,1,3,0,0,3261,975835911,2164260897,1048575,23433,0,3
975836931,1068,3383,-3,-109791,302,723,733,0,0,0,1,3,0,0,3261,975837006,2164260897,1048575,24536,0,3
975837857,926,3380,-3,-109788,231,723,727,0,0,0,1,3,0,0,3261,975837880,2164260897,1048575,25397,0,3
975838851,994,3377,-3,-109785,230,723,734,0,0,0,1,3,0,0,3261,975838883,2164260897,1048575,26399,0,3
975839851,1000,3374,-3,-109782,227,724,733,0,0,0,1,3,0,0,3261,975839876,2164260897,1048575,27391,0,3
975840855,1004,3371,-3,-109779,226,724,733,0,0,0,1,3,0,0,3261,975840882,2164260897,1048575,28398,0,3
975841845,990,3368,-3,-109776,223,725,733,0,0,0,1,3,0,0,3261,975841868,2164260897,1048575,29382,0,3
975842858,1013,3365,-3,-109773,231,725,733,0,0,0,1,3,0,0,3261,975842889,2164260897,1048575,30404,0,3
975843856,998,3362,-3,-109770,227,725,733,0,0,0,1,3,0,0,3261,975843881,2164260897,1048575,31397,0,3
975844845,989,3359,-3,-109767,225,726,733,0,0,0,1,3,0,0,3261,975844872,2164260897,1048575,32387,0,3
975845939,1094,3356,-3,-109764,318,726,731,0,0,0,1,3,0,0,3261,975846030,2164260897,1048575,33560,0,3
975846991,1052,3353,-3,-109761,356,726,731,0,0,0,1,3,0,0,3261,975847092,2164260897,1048575,34633,0,3
975847901,910,3350,-3,-109758,270,726,731,0,0,0,1,3,0,0,3261,975847967,2164260897,1048575,35490,0,3
975848877,976,3347,-3,-109755,255,726,732,0,0,0,1,3,0,0,3261,975848949,2164260897,1048575,36475,0,3
975849875,998,3343,-4,-109751,254,727,740,0,0,0,1,3,0,0,3261,975849910,2164260897,1048575,37427,0,3
975850869,994,3341,-2,-109749,247,727,732,0,0,0,1,3,0,0,3261,975850938,2164260897,1048575,38469,0,3
975851876,1007,3338,-3,-109746,254,727,732,0,0,0,1,3,0,0,3261,975851935,2164260897,1048575,39463,0,3
975852867,991,3334,-4,-109742,246,728,740,0,0,0,1,3,0,0,3261,975852934,2164260897,1048575,40466,0,3
975853879,1012,3331,-3,-109739,254,728,740,0,0,0,1,3,0,0,3261,975853928,2164260897,1048575,41458,0,3
975854877,998,3328,-3,-109736,251,729,740,0,0,0,1,3,0,0,3261,975854947,2164260897,1048575,42477,0,3
975855866,989,3325,-3,-109733,247,729,740,0,0,0,1,3,0,0,3261,975855920,2164260897,1048575,43441,0,3
975856918,1052,3322,-3,-109730,296,730,741,0,0,0,1,3,0,0,3261,975856987,2164260897,1048575,44518,0,3
975857858,940,3319,-3,-109727,233,730,744,0,0,0,1,3,0,0,3261,975857887,2164260897,1048575,45404,0,3
975858860,1002,3317,-2,-109725,230,730,733,0,0,0,1,3,0,0,3261,975858891,2164260897,1048575,46407,0,3
975859859,999,3314,-3,-109722,227,730,733,0,0,0,1,3,0,0,3261,975859886,2164260897,1048575,47401,0,3
975860849,990,3310,-4,-109718,225,731,741,0,0,0,1,3,0,0,3261,975860876,2164260897,1048575,48392,0,3
975861856,1007,3307,-3,-109715,226,731,740,0,0,0,1,3,0,0,3261,975861885,2164260897,1048575,49401,0,3
975862857,1001,3304,-3,-109712,230,732,741,0,0,0,1,3,0,0,3261,975862888,2164260897,1048575,1,0,3
975863867,1010,3302,-2,-109710,236,732,732,0,0,0,1,3,0,0,3261,975863901,2164260897,1048575,481,0,3
975864862,995,3298,-4,-109706,233,732,740,0,0,0,1,3,0,0,3261,975864910,2164260897,1048575,1500,0,3
975865952,1090,3295,-3,-109703,325,732,738,0,0,0,1,3,0,0,3261,975866052,2164260897,1048575,2649,0,3
975867009,1057,3292,-3,-109700,363,732,739,0,0,0,1,3,0,0,3261,975867113,2164260897,1048575,3715,0,3
975867895,886,3289,-3,-109697,266,733,740,0,0,0,1,3,0,0,3261,975867962,2164260897,1048575,4555,0,3
975868890,995,3286,-3,-109694,258,733,740,0,0,0,1,3,0,0,3261,975868960,2164260897,1048575,5549,0,3
975869891,1001,3283,-3,-109691,259,733,740,0,0,0,1,3,0,0,3261,975869929,2164260897,1048575,6514,0,3
975870884,993,3280,-3,-109688,252,734,740,0,0,0,1,3,0,0,3261,975870944,2164260897,1048575,7535,0,3
975871872,988,3277,-3,-109685,248,734,740,0,0,0,1,3,0,0,3261,975871923,2164260897,1048575,8508,0,3
975872866,994,3274,-3,-109682,243,734,740,0,0,0,1,3,0,0,3261,975872929,2164260897,1048575,9526,0,3
975873877,1011,3271,-3,-109679,245,734,740,0,0,0,1,3,0,0,3261,975873916,2164260897,1048575,10503,0,3
975874874,997,3268,-3,-109676,249,734,740,0,0,0,1,3,0,0,3261,975874940,2164260897,1048575,11534,0,3
975875877,1003,3265,-3,-109673,251,735,740,0,0,0,1,3,0,0,3261,975875932,2164260897,1048575,12526,0,3
975876915,1038,3262,-3,-109670,295,735,741,0,0,0,1,3,0,0,3261,975876988,2164260897,1048575,13583,0,3
975877858,943,3259,-3,-109667,233,735,743,0,0,0,1,3,0,0,3261,975877888,2164260897,1048575,14471,0,3
975878863,1005,3256,-3,-109664,231,735,741,0,0,0,1,3,0,0,3261,975878898,2164260897,1048575,15480,0,3
975879848,985,3253,-3,-109661,222,736,741,0,0,0,1,3,0,0,3261,975879872,2164260897,1048575,16451,0,3
975880848,1000,3250,-3,-109658,224,736,733,0,0,0,1,3,0,0,3261,975880877,2164260897,1048575,17460,0,3
975881842,994,3247,-3,-109655,224,736,741,0,0,0,1,3,0,0,3261,975881870,2164260897,1048575,18450,0,3
975882858,1016,3244,-3,-109652,231,736,741,0,0,0,1,3,0,0,3261,975882893,2164260897,1048575,19474,0,3
975883842,984,3241,-3,-109649,223,736,733,0,0,0,1,3,0,0,3261,975883866,2164260897,1048575,20445,0,3
975884845,1003,3238,-3,-109646,224,736,733,0,0,0,1,3,0,0,3261,975884874,2164260897,1048575,21454,0,3
975885942,1097,3235,-3,-109643,319,736,731,0,0,0,1,3,0,0,3261,975886035,2164260897,1048575,22633,0,3
975886983,1041,3231,-4,-109639,349,736,739,0,0,0,1,3,0,0,3261,975887089,2164260897,1048575,23693,0,3
975887906,923,3229,-2,-109637,274,736,731,0,0,0,1,3,0,0,3261,975887972,2164260897,1048575,24561,0,3
975888894,988,3226,-3,-109634,265,736,740,0,0,0,1,3,0,0,3261,975888960,2164260897,1048575,25551,0,3
975889886,992,3222,-4,-109630,260,736,748,0,0,0,1,3,0,0,3261,975889918,2164260897,1048575,26501,0,3
975890868,982,3220,-2,-109628,241,736,732,0,0,0,1,3,0,0,3261,975890933,2164260897,1048575,27530,0,3
975891875,1007,3216,-4,-109624,257,736,740,0,0,0,1,3,0,0,3261,975891934,2164260897,1048575,28526,0,3
975892859,984,3214,-2,-109622,237,736,732,0,0,0,1,3,0,0,3261,975892922,2164260897,1048575,29520,0,3
975893880,1021,3211,-3,-109619,254,736,740,0,0,0,1,3,0,0,3261,975893933,2164260897,1048575,30528,0,3
975894864,984,3208,-3,-109616,246,736,732,0,0,0,1,3,0,0,3261,975894926,2164260897,1048575,31527,0,3
975895875,1011,3205,-3,-109613,255,736,732,0,0,0,1,3,0,0,3261,975895933,2164260897,1048575,32526,0,3
975896913,1038,3202,-3,-109610,293,736,733,0,0,0,1,3,0,0,3261,975896986,2164260897,1048575,33581,0,3
975897863,950,3198,-4,-109606,231,736,744,0,0,0,1,3,0,0,3261,975897893,2164260897,1048575,34475,0,3
975898849,986,3196,-2,-109604,229,736,734,0,0,0,1,3,0,0,3261,975898881,2164260897,1048575,35462,0,3
975899847,998,3192,-4,-109600,225,736,741,0,0,0,1,3,0,0,3261,975899874,2164260897,1048575,36454,0,3
975900851,1004,3189,-3,-109597,224,736,741,0,0,0,1,3,0,0,3261,975900879,2164260897,1048575,37461,0,3
975901843,992,3186,-3,-109594,224,737,741,0,0,0,1,3,0,0,3261,975901871,2164260897,1048575,38452,0,3
975902857,1014,3184,-2,-109592,229,736,733,0,0,0,1,3,0,0,3261,975902890,2164260897,1048575,39470,0,3
975903855,998,3180,-4,-109588,225,737,741,0,0,0,1,3,0,0,3261,975903882,2164260897,1048575,40462,0,3
975904844,989,3177,-3,-109585,224,737,741,0,0,0,1,3,0,0,3261,975904873,2164260897,1048575,41453,0,3
975905950,1106,3174,-3,-109582,319,737,739,0,0,0,1,3,0,0,3261,975906046,2164260897,1048575,42644,0,3
975906983,1033,3171,-3,-109579,353,737,739,0,0,0,1,3,0,0,3261,975907087,2164260897,1048575,43689,0,3
975907894,911,3168,-3,-109576,266,737,740,0,0,0,1,3,0,0,3261,975907965,2164260897,1048575,44554,0,3
975908897,1003,3165,-3,-109573,263,737,740,0,0,0,1,3,0,0,3261,975908962,2164260897,1048575,45551,0,3
975909885,988,3162,-3,-109570,253,737,740,0,0,0,1,3,0,0,3261,975909916,2164260897,1048575,46498,0,3
975910872,987,3159,-3,-109567,249,737,740,0,0,0,1,3,0,0,3261,975910943,2164260897,1048575,47535,0,3
975911881,1009,3156,-3,-109564,257,737,740,0,0,0,1,3,0,0,3261,975911949,2164260897,1048575,48549,0,3
975912866,985,3153,-3,-109561,243,738,740,0,0,0,1,3,0,0,3261,975912930,2164260897,1048575,49531,0,3
975913870,1004,3150,-3,-109558,252,738,740,0,0,0,1,3,0,0,3261,975913912,2164260897,1048575,1,0,3
975914899,1029,3147,-3,-109555,268,738,739,0,0,0,1,3,0,0,3261,975914967,2164260897,1048575,488,0,3
975915876,977,3144,-3,-109552,247,738,740,0,0,0,1,3,0,0,3261,975915925,2164260897,1048575,1444,0,3
975916928,1052,3141,-3,-109549,305,738,741,0,0,0,1,3,0,0,3261,975917003,2164260897,1048575,2533,0,3
975917848,920,3138,-3,-109546,230,738,736,0,0,0,1,3,0,0,3261,975917875,2164260897,1048575,3389,0,3
975918851,1003,3135,-3,-109543,231,738,742,0,0,0,1,3,0,0,3261,975918883,2164260897,1048575,4399,0,3
975919849,998,3132,-3,-109540,225,738,741,0,0,0,1,3,0,0,3261,975919876,2164260897,1048575,5391,0,3
975920853,1004,3129,-3,-109537,224,738,733,0,0,0,1,3,0,0,3261,975920882,2164260897,1048575,6398,0,3
975921843,990,3126,-3,-109534,221,738,741,0,0,0,1,3,0,0,3261,975921867,2164260897,1048575,7381,0,3
975922855,1012,3123,-3,-109531,229,738,733,0,0,0,1,3,0,0,3261,975922888,2164260897,1048575,8403,0,3
975923853,998,3120,-3,-109528,225,738,740,0,0,0,1,3,0,0,3261,975923880,2164260897,1048575,9396,0,3
975924843,990,3117,-3,-109525,224,738,741,0,0,0,1,3,0,0,3261,975924871,2164260897,1048575,10386,0,3
975925945,1102,3114,-3,-109522,317,738,739,0,0,0,1,3,0,0,3261,975926039,2164260897,1048575,11569,0,3
975926979,1034,3110,-4,-109518,356,738,747,0,0,0,1,3,0,0,3261,975927082,2164260897,1048575,12620,0,3
975927890,911,3108,-2,-109516,269,738,732,0,0,0,1,3,0,0,3261,975927956,2164260897,1048575,13480,0,3
975928885,995,3105,-3,-109513,255,738,740,0,0,0,1,3,0,0,3261,975928956,2164260897,1048575,14481,0,3
975929882,997,3101,-4,-109509,255,738,740,0,0,0,1,3,0,0,3261,975929918,2164260897,1048575,15434,0,3
975930876,994,3099,-2,-109507,245,738,732,0,0,0,1,3,0,0,3261,975930943,2164260897,1048575,16469,0,3
975931873,997,3096,-3,-109504,252,738,732,0,0,0,1,3,0,0,3261,975931928,2164260897,1048575,17455,0,3
975932863,990,3093,-3,-109501,243,738,740,0,0,0,1,3,0,0,3261,975932931,2164260897,1048575,18464,0,3
975933874,1011,3090,-3,-109498,254,738,732,0,0,0,1,3,0,0,3261,975933924,2164260897,1048575,19456,0,3
975934872,998,3087,-3,-109495,249,737,732,0,0,0,1,3,0,0,3261,975934941,2164260897,1048575,20471,0,3
975935882,1010,3084,-3,-109492,252,737,732,0,0,0,1,3,0,0,3261,975935938,2164260897,1048575,21466,0,3
975936915,1033,3081,-3,-109489,298,737,733,0,0,0,1,3,0,0,3261,975936989,2164260897,1048575,22519,0,3
975937858,943,3078,-3,-109486,232,737,735,0,0,0,1,3,0,0,3261,975937886,2164260897,1048575,23404,0,3
975938860,1002,3075,-3,-109483,228,737,733,0,0,0,1,3,0,0,3261,975938893,2164260897,1048575,24408,0,3
975939843,983,3072,-3,-109480,225,737,734,0,0,0,1,3,0,0,3261,975939870,2164260897,1048575,25385,0,3
975940848,1005,3069,-3,-109477,224,737,733,0,0,0,1,3,0,0,3261,975940876,2164260897,1048575,26392,0,3
975941854,1006,3066,-3,-109474,224,736,733,0,0,0,1,3,0,0,3261,975941884,2164260897,1048575,27402,0,3
975942857,1003,3063,-3,-109471,229,736,733,0,0,0,1,3,0,0,3261,975942889,2164260897,1048575,28404,0,3
975943855,998,3060,-3,-109468,226,736,733,0,0,0,1,3,0,0,3261,975943881,2164260897,1048575,29395,0,3
975944842,987,3057,-3,-109465,224,736,733,0,0,0,1,3,0,0,3261,975944871,2164260897,1048575,30386,0,3
975945936,1094,3054,-3,-109462,316,736,731,0,0,0,1,3,0,0,3261,975946030,2164260897,1048575,31563,0,3
975946997,1061,3050,-4,-109458,361,736,739,0,0,0,1,3,0,0,3261,975947102,2164260897,1048575,32641,0,3
975947891,894,3047,-3,-109455,265,736,740,0,0,0,1,3,0,0,3261,975947958,2164260897,1048575,33482,0,3
975948888,997,3044,-3,-109452,261,736,740,0,0,0,1,3,0,0,3261,975948955,2164260897,1048575,34480,0,3
975949872,984,3041,-3,-109449,248,736,740,0,0,0,1,3,0,0,3261,975949904,2164260897,1048575,35421,0,3
975950868,996,3038,-3,-109446,247,737,740,0,0,0,1,3,0,0,3261,975950935,2164260897,1048575,36466,0,3
975951873,1005,3035,-3,-109443,254,737,740,0,0,0,1,3,0,0,3261,975951926,2164260897,1048575,37454,0,3
975952871,998,3033,-2,-109441,243,736,732,0,0,0,1,3,0,0,3261,975952942,2164260897,1048575,38473,0,3
975953874,1003,3029,-4,-109437,250,737,740,0,0,0,1,3,0,0,3261,975953920,2164260897,1048575,39447,0,3
975954870,996,3026,-3,-109434,248,737,740,0,0,0,1,3,0,0,3261,975954938,2164260897,1048575,40467,0,3
975955878,1008,3023,-3,-109431,250,737,739,0,0,0,1,3,0,0,3261,975955932,2164260897,1048575,41459,0,3
975956922,1044,3020,-3,-109428,293,737,741,0,0,0,1,3,0,0,3261,975956992,2164260897,1048575,42521,0,3
975957860,938,3017,-3,-109425,233,737,735,0,0,0,1,3,0,0,3261,975957890,2164260897,1048575,43411,0,3
975958852,992,3014,-3,-109422,231,737,741,0,0,0,1,3,0,0,3261,975958886,2164260897,1048575,44402,0,3
975959853,1001,3011,-3,-109419,225,737,741,0,0,0,1,3,0,0,3261,975959880,2164260897,1048575,45395,0,3
975960856,1003,3008,-3,-109416,223,737,733,0,0,0,1,3,0,0,3261,975960885,2164260897,1048575,46401,0,3
975961846,990,3005,-3,-109413,221,737,741,0,0,0,1,3,0,0,3261,975961870,2164260897,1048575,47384,0,3
975962854,1008,3002,-3,-109410,227,737,741,0,0,0,1,3,0,0,3261,975962887,2164260897,1048575,48403,0,3
975963851,997,2999,-3,-109407,223,738,741,0,0,0,1,3,0,0,3261,975963875,2164260897,1048575,49389,0,3
975964856,1005,2996,-3,-109404,228,738,741,0,0,0,1,3,0,0,3261,975964889,2164260897,1048575,1,0,3
975966045,1189,2993,-3,-109401,333,738,737,0,0,0,1,3,0,0,3261,975966146,2164260897,1048575,518,0,3
975967026,981,2990,-3,-109398,399,738,738,0,0,0,1,3,0,0,3261,975967128,2164260897,1048575,1509,0,3
975967916,890,2987,-3,-109395,284,738,739,0,0,0,1,3,0,0,3261,975967998,2164260897,1048575,2370,0,3
975968888,972,2984,-3,-109392,265,738,740,0,0,0,1,3,0,0,3261,975968973,2164260897,1048575,3338,0,3
975969885,997,2981,-3,-109389,259,738,740,0,0,0,1,3,0,0,3261,975969937,2164260897,1048575,4307,0,3
975970874,989,2978,-3,-109386,256,738,740,0,0,0,1,3,0,0,3261,975970946,2164260897,1048575,5313,0,3
975971864,990,2975,-3,-109383,241,738,740,0,0,0,1,3,0,0,3261,975971911,2164260897,1048575,6274,0,3
975972868,1004,2972,-3,-109380,250,738,740,0,0,0,1,3,0,0,3261,975972937,2164260897,1048575,7307,0,3
975973865,997,2969,-3,-109377,247,738,740,0,0,0,1,3,0,0,3261,975973905,2164260897,1048575,8265,0,3
975974882,1017,2966,-3,-109374,260,738,740,0,0,0,1,3,0,0,3261,975974952,2164260897,1048575,9320,0,3
975975860,978,2963,-3,-109371,242,738,740,0,0,0,1,3,0,0,3261,975975901,2164260897,1048575,10264,0,3
975976921,1061,2960,-3,-109368,301,738,741,0,0,0,1,3,0,0,3261,975976996,2164260897,1048575,11369,0,3
975977847,926,2958,-2,-109366,229,738,728,0,0,0,1,3,0,0,3261,975977870,2164260897,1048575,12227,0,3
975978847,1000,2954,-4,-109362,230,738,733,0,0,0,1,3,0,0,3261,975978878,2164260897,1048575,13237,0,3
975979850,1003,2951,-3,-109359,230,738,733,0,0,0,1,3,0,0,3261,975979880,2164260897,1048575,14238,0,3
975980843,993,2948,-3,-109356,223,737,733,0,0,0,1,3,0,0,3261,975980865,2164260897,1048575,15221,0,3
975981844,1001,2945,-3,-109353,225,737,733,0,0,0,1,3,0,0,3261,975981872,2164260897,1048575,16229,0,3
975982857,1013,2942,-3,-109350,229,737,733,0,0,0,1,3,0,0,3261,975982889,2164260897,1048575,17246,0,3
975983857,1000,2939,-3,-109347,228,737,741,0,0,0,1,3,0,0,3261,975983883,2164260897,1048575,18240,0,3
975984846,989,2936,-3,-109344,225,737,733,0,0,0,1,3,0,0,3261,975984874,2164260897,1048575,19232,0,3
975985942,1096,2933,-3,-109341,316,737,731,0,0,0,1,3,0,0,3261,975986038,2164260897,1048575,20413,0,3
975986985,1043,2930,-3,-109338,360,737,731,0,0,0,1,3,0,0,3261,975987090,2164260897,1048575,21470,0,3
975987883,898,2927,-3,-109335,265,736,732,0,0,0,1,3,0,0,3261,975987954,2164260897,1048575,22320,0,3
975988885,1002,2924,-3,-109332,257,736,732,0,0,0,1,3,0,0,3261,975988956,2164260897,1048575,23323,0,3
975989870,985,2921,-3,-109329,251,736,732,0,0,0,1,3,0,0,3261,975989902,2164260897,1048575,24261,0,3
975990871,1001,2918,-3,-109326,247,736,732,0,0,0,1,3,0,0,3261,975990942,2164260897,1048575,25310,0,3
975991875,1004,2915,-3,-109323,253,736,732,0,0,0,1,3,0,0,3261,975991928,2164260897,1048575,26297,0,3
975992873,998,2912,-3,-109320,244,736,732,0,0,0,1,3,0,0,3261,975992945,2164260897,1048575,27317,0,3
975993875,1002,2909,-3,-109317,249,735,732,0,0,0,1,3,0,0,3261,975993918,2164260897,1048575,28287,0,3
975994870,995,2906,-3,-109314,249,735,732,0,0,0,1,3,0,0,3261,975994939,2164260897,1048575,29310,0,3
975995872,1002,2903,-3,-109311,251,735,732,0,0,0,1,3,0,0,3261,975995926,2164260897,1048575,30295,0,3
975996912,1040,2900,-3,-109308,294,735,736,0,0,0,1,3,0,0,3261,975996984,2164260897,1048575,31356,0,3
975997857,945,2897,-3,-109305,233,735,736,0,0,0,1,3,0,0,3261,975997883,2164260897,1048575,32241,0,3
975998853,996,2894,-3,-109302,228,735,734,0,0,0,1,3,0,0,3261,975998886,2164260897,1048575,33244,0,3
975999852,999,2891,-3,-109299,225,735,733,0,0,0,1,3,0,0,3261,975999879,2164260897,1048575,34237,0,3
976000856,1004,2888,-3,-109296,223,735,733,0,0,0,1,3,0,0,3261,976000885,2164260897,1048575,35243,0,3
976001846,990,2885,-3,-109293,221,735,733,0,0,0,1,3,0,0,3261,976001870,2164260897,1048575,36226,0,3
976002855,1009,2882,-3,-109290,228,735,733,0,0,0,1,3,0,0,3261,976002888,2164260897,1048575,37245,0,3
976003854,999,2879,-3,-109287,226,735,733,0,0,0,1,3,0,0,3261,976003880,2164260897,1048575,38239,0,3
976004844,990,2876,-3,-109284,224,735,733,0,0,0,1,3,0,0,3261,976004872,2164260897,1048575,39229,0,3
976005948,1104,2873,-3,-109281,324,735,730,0,0,0,1,3,0,0,3261,976006044,2164260897,1048575,40418,0,3
976006977,1029,2870,-3,-109278,346,734,731,0,0,0,1,3,0,0,3261,976007075,2164260897,1048575,41457,0,3
976007895,918,2867,-3,-109275,273,735,739,0,0,0,1,3,0,0,3261,976007961,2164260897,1048575,42326,0,3
976008888,993,2864,-3,-109272,262,734,731,0,0,0,1,3,0,0,3261,976008956,2164260897,1048575,43323,0,3
976009878,990,2861,-3,-109269,252,734,732,0,0,0,1,3,0,0,3261,976009911,2164260897,1048575,44269,0,3
976010866,988,2858,-3,-109266,247,734,732,0,0,0,1,3,0,0,3261,976010937,2164260897,1048575,45310,0,3
976011876,1010,2855,-3,-109263,255,734,732,0,0,0,1,3,0,0,3261,976011935,2164260897,1048575,46306,0,3
976012864,988,2852,-3,-109260,244,734,732,0,0,0,1,3,0,0,3261,976012933,2164260897,1048575,47309,0,3
976013872,1008,2849,-3,-109257,250,734,732,0,0,0,1,3,0,0,3261,976013914,2164260897,1048575,48284,0,3
976014866,994,2846,-3,-109254,248,734,732,0,0,0,1,3,0,0,3261,976014935,2164260897,1048575,49307,0,3
976015870,1004,2843,-3,-109251,250,734,732,0,0,0,1,3,0,0,3261,976015921,2164260897,1048575,1,0,3
976016931,1061,2840,-3,-109248,309,734,733,0,0,0,1,3,0,0,3261,976017006,2164260897,1048575,481,0,3
976017862,931,2837,-3,-109245,232,734,735,0,0,0,1,3,0,0,3261,976017896,2164260897,1048575,1360,0,3
976018853,991,2834,-3,-109242,229,734,733,0,0,0,1,3,0,0,3261,976018886,2164260897,1048575,2348,0,3
976019852,999,2831,-3,-109239,225,734,733,0,0,0,1,3,0,0,3261,976019879,2164260897,1048575,3342,0,3
976020842,990,2828,-3,-109236,224,734,733,0,0,0,1,3,0,0,3261,976020870,2164260897,1048575,4332,0,3
976021849,1007,2825,-3,-109233,224,734,733,0,0,0,1,3,0,0,3261,976021878,2164260897,1048575,5343,0,3
976022852,1003,2822,-3,-109230,229,734,733,0,0,0,1,3,0,0,3261,976022885,2164260897,1048575,6347,0,3
976023850,998,2819,-3,-109227,225,734,733,0,0,0,1,3,0,0,3261,976023877,2164260897,1048575,7340,0,3
976024855,1005,2816,-3,-109224,223,734,733,0,0,0,1,3,0,0,3261,976024885,2164260897,1048575,8352,0,3
976025938,1083,2813,-3,-109221,315,734,731,0,0,0,1,3,0,0,3261,976026026,2164260897,1048575,9505,0,3
976027005,1067,2810,-3,-109218,369,733,730,0,0,0,1,3,0,0,3261,976027108,2164260897,1048575,10594,0,3
976027889,884,2807,-3,-109215,262,733,732,0,0,0,1,3,0,0,3261,976027958,2164260897,1048575,11432,0,3
976028888,999,2804,-3,-109212,256,733,732,0,0,0,1,3,0,0,3261,976028959,2164260897,1048575,12430,0,3
976029887,999,2801,-3,-109209,258,733,732,0,0,0,1,3,0,0,3261,976029921,2164260897,1048575,13385,0,3
976030873,986,2798,-3,-109206,247,733,732,0,0,0,1,3,0,0,3261,976030940,2164260897,1048575,14418,0,3
976031877,1004,2795,-3,-109203,254,733,732,0,0,0,1,3,0,0,3261,976031940,2164260897,1048575,15420,0,3
976032875,998,2792,-3,-109200,245,733,732,0,0,0,1,3,0,0,3261,976032952,2164260897,1048575,16430,0,3
976033873,998,2789,-3,-109197,253,733,732,0,0,0,1,3,0,0,3261,976033917,2164260897,1048575,17391,0,3
976034868,995,2786,-3,-109194,248,733,732,0,0,0,1,3,0,0,3261,976034935,2164260897,1048575,18411,0,3
976035871,1003,2783,-3,-109191,251,733,732,0,0,0,1,3,0,0,3261,976035925,2164260897,1048575,19397,0,3
976036913,1042,2780,-3,-109188,295,733,733,0,0,0,1,3,0,0,3261,976036985,2164260897,1048575,20462,0,3
976037856,943,2777,-3,-109185,232,733,735,0,0,0,1,3,0,0,3261,976037883,2164260897,1048575,21346,0,3
976038851,995,2774,-3,-109182,228,733,733,0,0,0,1,3,0,0,3261,976038884,2164260897,1048575,22347,0,3
976039850,999,2771,-3,-109179,225,733,733,0,0,0,1,3,0,0,3261,976039877,2164260897,1048575,23340,0,3
976040855,1005,2768,-3,-109176,224,733,733,0,0,0,1,3,0,0,3261,976040884,2164260897,1048575,24347,0,3
976041845,990,2765,-3,-109173,221,733,733,0,0,0,1,3,0,0,3261,976041869,2164260897,1048575,25330,0,3
976042856,1011,2762,-3,-109170,229,733,733,0,0,0,1,3,0,0,3261,976042889,2164260897,1048575,26351,0,3
976043854,998,2759,-3,-109167,225,733,733,0,0,0,1,3,0,0,3261,976043881,2164260897,1048575,27344,0,3
976044844,990,2756,-3,-109164,224,733,733,0,0,0,1,3,0,0,3261,976044872,2164260897,1048575,28334,0,3
976045946,1102,2752,-4,-109160,320,733,739,0,0,0,1,3,0,0,3261,976046041,2164260897,1048575,29520,0,3
976046986,1040,2749,-3,-109157,348,733,739,0,0,0,1,3,0,0,3261,976047087,2164260897,1048575,30573,0,3
976047899,913,2747,-2,-109155,273,733,732,0,0,0,1,3,0,0,3261,976047959,2164260897,1048575,31429,0,3
976048890,991,2744,-3,-109152,261,733,732,0,0,0,1,3,0,0,3261,976048957,2164260897,1048575,32430,0,3
976049872,982,2741,-3,-109149,250,733,732,0,0,0,1,3,0,0,3261,976049904,2164260897,1048575,33367,0,3
976050874,1002,2738,-3,-109146,244,733,732,0,0,0,1,3,0,0,3261,976050942,2164260897,1048575,34415,0,3
976051871,997,2735,-3,-109143,250,733,732,0,0,0,1,3,0,0,3261,976051921,2164260897,1048575,35389,0,3
976052862,991,2732,-3,-109140,241,733,732,0,0,0,1,3,0,0,3261,976052931,2164260897,1048575,36410,0,3
976053868,1006,2729,-3,-109137,249,733,732,0,0,0,1,3,0,0,3261,976053908,2164260897,1048575,37375,0,3
976054874,1006,2726,-3,-109134,246,733,732,0,0,0,1,3,0,0,3261,976054941,2164260897,1048575,38416,0,3
976055874,1000,2723,-3,-109131,246,733,732,0,0,0,1,3,0,0,3261,976055925,2164260897,1048575,39395,0,3
976056926,1052,2720,-3,-109128,296,733,733,0,0,0,1,3,0,0,3261,976057002,2164260897,1048575,40479,0,3
976057852,926,2717,-3,-109125,232,733,736,0,0,0,1,3,0,0,3261,976057877,2164260897,1048575,41342,0,3
976058850,998,2714,-3,-109122,229,733,733,0,0,0,1,3,0,0,3261,976058882,2164260897,1048575,42344,0,3
976059847,997,2711,-3,-109119,225,733,733,0,0,0,1,3,0,0,3261,976059874,2164260897,1048575,43336,0,3
976060852,1005,2708,-3,-109116,224,733,733,0,0,0,1,3,0,0,3261,976060880,2164260897,1048575,44342,0,3
976061841,989,2705,-3,-109113,222,733,733,0,0,0,1,3,0,0,3261,976061865,2164260897,1048575,45326,0,3
976062855,1014,2702,-3,-109110,229,733,733,0,0,0,1,3,0,0,3261,976062888,2164260897,1048575,46350,0,3
976063853,998,2699,-3,-109107,225,733,733,0,0,0,1,3,0,0,3261,976063880,2164260897,1048575,47343,0,3
976064842,989,2696,-3,-109104,223,733,733,0,0,0,1,3,0,0,3261,976064871,2164260897,1048575,48334,0,3
976065933,1091,2693,-3,-109101,314,733,731,0,0,0,1,3,0,0,3261,976066026,2164260897,1048575,49505,0,3
976066988,1055,2690,-3,-109098,364,733,731,0,0,0,1,3,0,0,3261,976067092,2164260897,1048575,1,0,3
976068029,1041,2686,-4,-109094,284,733,736,0,0,0,1,3,0,0,3261,976068090,2164260897,1048575,438,0,3
976068896,867,2684,-2,-109092,270,733,731,0,0,0,1,3,0,0,3261,976068950,2164260897,1048575,1299,0,3
976069875,979,2681,-3,-109089,242,733,732,0,0,0,1,3,0,0,3261,976069922,2164260897,1048575,2266,0,3
976070878,1003,2678,-3,-109086,256,733,732,0,0,0,1,3,0,0,3261,976070943,2164260897,1048575,3294,0,3
976071875,997,2675,-3,-109083,249,733,732,0,0,0,1,3,0,0,3261,976071938,2164260897,1048575,4291,0,3
976072878,1003,2672,-3,-109080,252,733,732,0,0,0,1,3,0,0,3261,976072941,2164260897,1048575,5294,0,3
976073886,1008,2669,-3,-109077,255,733,732,0,0,0,1,3,0,0,3261,976073951,2164260897,1048575,6301,0,3
976074891,1005,2665,-4,-109073,259,733,739,0,0,0,1,3,0,0,3261,976074961,2164260897,1048575,7309,0,3
976075869,978,2663,-2,-109071,243,733,732,0,0,0,1,3,0,0,3261,976075930,2164260897,1048575,8280,0,3
976076935,1066,2659,-4,-109067,313,733,733,0,0,0,1,3,0,0,3261,976077011,2164260897,1048575,9362,0,3
976077854,919,2657,-2,-109065,222,733,728,0,0,0,1,3,0,0,3261,976077879,2164260897,1048575,10216,0,3
976078856,1002,2654,-3,-109062,229,733,733,0,0,0,1,3,0,0,3261,976078889,2164260897,1048575,11225,0,3
976079855,999,2651,-3,-109059,225,733,733,0,0,0,1,3,0,0,3261,976079882,2164260897,1048575,12219,0,3
976080846,991,2648,-3,-109056,223,733,733,0,0,0,1,3,0,0,3261,976080875,2164260897,1048575,13213,0,3
976081842,996,2645,-3,-109053,224,733,733,0,0,0,1,3,0,0,3261,976081870,2164260897,1048575,14206,0,3
976082859,1017,2642,-3,-109050,228,733,733,0,0,0,1,3,0,0,3261,976082892,2164260897,1048575,15228,0,3
976083843,984,2639,-3,-109047,225,733,733,0,0,0,1,3,0,0,3261,976083870,2164260897,1048575,16206,0,3
976084850,1007,2636,-3,-109044,224,733,733,0,0,0,1,3,0,0,3261,976084879,2164260897,1048575,17218,0,3
976085945,1095,2632,-4,-109040,315,733,739,0,0,0,1,3,0,0,3261,976086035,2164260897,1048575,18388,0,3
976086989,1044,2629,-3,-109037,360,733,739,0,0,0,1,3,0,0,3261,976087092,2164260897,1048575,19452,0,3
976087887,898,2627,-2,-109035,269,733,732,0,0,0,1,3,0,0,3261,976087963,2164260897,1048575,20307,0,3
976088886,999,2624,-3,-109032,261,733,732,0,0,0,1,3,0,0,3261,976088959,2164260897,1048575,21305,0,3
976089887,1001,2621,-3,-109029,259,733,731,0,0,0,1,3,0,0,3261,976089918,2164260897,1048575,22256,0,3
976090880,993,2618,-3,-109026,251,733,732,0,0,0,1,3,0,0,3261,976090947,2164260897,1048575,23294,0,3
976091878,998,2615,-3,-109023,247,733,732,0,0,0,1,3,0,0,3261,976091930,2164260897,1048575,24278,0,3
976092865,987,2612,-3,-109020,245,733,732,0,0,0,1,3,0,0,3261,976092932,2164260897,1048575,25288,0,3
976093880,1015,2609,-3,-109017,255,733,732,0,0,0,1,3,0,0,3261,976093932,2164260897,1048575,26285,0,3
976094869,989,2606,-3,-109014,249,733,732,0,0,0,1,3,0,0,3261,976094937,2164260897,1048575,27290,0,3
976095872,1003,2603,-3,-109011,254,733,732,0,0,0,1,3,0,0,3261,976095929,2164260897,1048575,28278,0,3
976096929,1057,2600,-3,-109008,297,733,733,0,0,0,1,3,0,0,3261,976097001,2164260897,1048575,29353,0,3
976097856,927,2597,-3,-109005,233,733,736,0,0,0,1,3,0,0,3261,976097883,2164260897,1048575,30220,0,3
976098854,998,2594,-3,-109002,229,733,729,0,0,0,1,3,0,0,3261,976098886,2164260897,1048575,31223,0,3
976099855,1001,2591,-3,-108999,225,733,733,0,0,0,1,3,0,0,3261,976099881,2164260897,1048575,32218,0,3
976100846,991,2588,-3,-108996,224,733,733,0,0,0,1,3,0,0,3261,976100874,2164260897,1048575,33210,0,3
976101854,1008,2585,-3,-108993,224,733,733,0,0,0,1,3,0,0,3261,976101884,2164260897,1048575,34222,0,3
976102858,1004,2582,-3,-108990,229,733,733,0,0,0,1,3,0,0,3261,976102890,2164260897,1048575,35227,0,3
976103843,985,2579,-3,-108987,225,733,733,0,0,0,1,3,0,0,3261,976103870,2164260897,1048575,36206,0,3
976104850,1007,2576,-3,-108984,224,733,733,0,0,0,1,3,0,0,3261,976104879,2164260897,1048575,37219,0,3
976105954,1104,2573,-3,-108981,320,733,730,0,0,0,1,3,0,0,3261,976106051,2164260897,1048575,38405,0,3
976106993,1039,2570,-3,-108978,360,732,723,0,0,0,1,3,0,0,3261,976107095,2164260897,1048575,39454,0,3
976107890,897,2567,-3,-108975,264,732,732,0,0,0,1,3,0,0,3261,976107962,2164260897,1048575,40307,0,3
976108874,984,2564,-3,-108972,254,732,732,0,0,0,1,3,0,0,3261,976108948,2164260897,1048575,41297,0,3
976109885,1011,2561,-3,-108969,255,732,732,0,0,0,1,3,0,0,3261,976109921,2164260897,1048575,42259,0,3
976110876,991,2558,-3,-108966,245,732,732,0,0,0,1,3,0,0,3261,976110943,2164260897,1048575,43291,0,3
976111876,1000,2555,-3,-108963,253,732,732,0,0,0,1,3,0,0,3261,976111936,2164260897,1048575,44285,0,3
976112871,995,2552,-3,-108960,244,732,732,0,0,0,1,3,0,0,3261,976112940,2164260897,1048575,45292,0,3
976113880,1009,2549,-3,-108957,255,732,732,0,0,0,1,3,0,0,3261,976113933,2164260897,1048575,46282,0,3
976114868,988,2546,-3,-108954,250,732,732,0,0,0,1,3,0,0,3261,976114932,2164260897,1048575,47285,0,3
976115879,1011,2543,-3,-108951,255,732,732,0,0,0,1,3,0,0,3261,976115940,2164260897,1048575,48293,0,3
976116918,1039,2540,-3,-108948,298,732,725,0,0,0,1,3,0,0,3261,976116992,2164260897,1048575,49342,0,3
976117860,942,2537,-3,-108945,232,732,728,0,0,0,1,3,0,0,3261,976117889,2164260897,1048575,1,0,3
976118863,1003,2534,-3,-108942,241,732,733,0,0,0,1,3,0,0,3261,976118902,2164260897,1048575,475,0,3
976119848,985,2531,-3,-108939,227,732,733,0,0,0,1,3,0,0,3261,976119875,2164260897,1048575,1446,0,3
976120853,1005,2528,-3,-108936,223,732,733,0,0,0,1,3,0,0,3261,976120882,2164260897,1048575,2455,0,3
976121845,992,2525,-3,-108933,221,732,733,0,0,0,1,3,0,0,3261,976121869,2164260897,1048575,3440,0,3
976122847,1002,2522,-3,-108930,228,732,733,0,0,0,1,3,0,0,3261,976122880,2164260897,1048575,4453,0,3
976123845,998,2519,-3,-108927,222,732,733,0,0,0,1,3,0,0,3261,976123870,2164260897,1048575,5441,0,3
976124854,1009,2516,-3,-108924,228,732,733,0,0,0,1,3,0,0,3261,976124886,2164260897,1048575,6461,0,3
976125952,1098,2513,-3,-108921,330,732,730,0,0,0,1,3,0,0,3261,976126049,2164260897,1048575,7637,0,3
976126993,1041,2510,-3,-108918,353,732,731,0,0,0,1,3,0,0,3261,976127095,2164260897,1048575,8691,0,3
976127894,901,2507,-3,-108915,272,732,731,0,0,0,1,3,0,0,3261,976127968,2164260897,1048575,9548,0,3
976128881,987,2504,-3,-108912,259,732,732,0,0,0,1,3,0,0,3261,976128955,2164260897,1048575,10537,0,3
976129885,1004,2501,-3,-108909,256,732,732,0,0,0,1,3,0,0,3261,976129918,2164260897,1048575,11493,0,3
976130877,992,2498,-3,-108906,251,732,732,0,0,0,1,3,0,0,3261,976130946,2164260897,1048575,12529,0,3
976131876,999,2495,-3,-108903,247,732,732,0,0,0,1,3,0,0,3261,976131930,2164260897,1048575,13513,0,3
976132866,990,2492,-3,-108900,246,732,732,0,0,0,1,3,0,0,3261,976132932,2164260897,1048575,14524,0,3
976133879,1013,2489,-3,-108897,254,732,732,0,0,0,1,3,0,0,3261,976133932,2164260897,1048575,15520,0,3
976134871,992,2486,-3,-108894,252,732,732,0,0,0,1,3,0,0,3261,976134947,2164260897,1048575,16536,0,3
976135875,1004,2483,-3,-108891,252,732,732,0,0,0,1,3,0,0,3261,976135931,2164260897,1048575,17515,0,3
976136922,1047,2480,-3,-108888,296,732,733,0,0,0,1,3,0,0,3261,976136995,2164260897,1048575,18583,0,3
976137857,935,2477,-3,-108885,234,732,736,0,0,0,1,3,0,0,3261,976137884,2164260897,1048575,19457,0,3
976138857,1000,2474,-3,-108882,230,732,733,0,0,0,1,3,0,0,3261,976138888,2164260897,1048575,20459,0,3
976139857,1000,2471,-3,-108879,227,732,733,0,0,0,1,3,0,0,3261,976139883,2164260897,1048575,21455,0,3
976140848,991,2469,-2,-108877,225,732,725,0,0,0,1,3,0,0,3261,976140875,2164260897,1048575,22447,0,3
976141856,1008,2465,-4,-108873,225,732,733,0,0,0,1,3,0,0,3261,976141885,2164260897,1048575,23460,0,3
976142848,992,2462,-3,-108870,230,732,733,0,0,0,1,3,0,0,3261,976142880,2164260897,1048575,24452,0,3
976143849,1001,2459,-3,-108867,226,732,733,0,0,0,1,3,0,0,3261,976143875,2164260897,1048575,25447,0,3
976144855,1006,2456,-3,-108864,225,732,733,0,0,0,1,3,0,0,3261,976144884,2164260897,1048575,26462,0,3
976145939,1084,2453,-3,-108861,319,732,731,0,0,0,1,3,0,0,3261,976146032,2164260897,1048575,27622,0,3
976146987,1048,2450,-3,-108858,354,732,731,0,0,0,1,3,0,0,3261,976147091,2164260897,1048575,28688,0,3
976147898,911,2448,-2,-108856,274,732,723,0,0,0,1,3,0,0,3261,976147969,2164260897,1048575,29549,0,3
976148889,991,2445,-3,-108853,258,731,724,0,0,0,1,3,0,0,3261,976148957,2164260897,1048575,30538,0,3
976149887,998,2442,-3,-108850,259,731,723,0,0,0,1,3,0,0,3261,976149923,2164260897,1048575,31497,0,3
976150871,984,2439,-3,-108847,249,731,724,0,0,0,1,3,0,0,3261,976150939,2164260897,1048575,32523,0,3
976151874,1003,2436,-3,-108844,252,730,724,0,0,0,1,3,0,0,3261,976151931,2164260897,1048575,33516,0,3
976152867,993,2433,-3,-108841,246,730,724,0,0,0,1,3,0,0,3261,976152931,2164260897,1048575,34523,0,3
976153876,1009,2430,-3,-108838,254,730,724,0,0,0,1,3,0,0,3261,976153927,2164260897,1048575,35515,0,3
976154882,1006,2427,-3,-108835,252,730,724,0,0,0,1,3,0,0,3261,976154953,2164260897,1048575,36541,0,3
976155882,1000,2424,-3,-108832,254,729,724,0,0,0,1,3,0,0,3261,976155939,2164260897,1048575,37524,0,3
976156924,1042,2421,-3,-108829,294,729,725,0,0,0,1,3,0,0,3261,976156996,2164260897,1048575,38583,0,3
976157850,926,2418,-3,-108826,232,729,728,0,0,0,1,3,0,0,3261,976157875,2164260897,1048575,39449,0,3
976158850,1000,2415,-3,-108823,229,729,726,0,0,0,1,3,0,0,3261,976158882,2164260897,1048575,40454,0,3
976159850,1000,2412,-3,-108820,225,729,725,0,0,0,1,3,0,0,3261,976159877,2164260897,1048575,41450,0,3
976160842,992,2409,-3,-108817,224,729,726,0,0,0,1,3,0,0,3261,976160871,2164260897,1048575,42443,0,3
976161852,1010,2406,-3,-108814,224,729,725,0,0,0,1,3,0,0,3261,976161880,2164260897,1048575,43455,0,3
976162855,1003,2403,-3,-108811,229,729,725,0,0,0,1,3,0,0,3261,976162887,2164260897,1048575,44459,0,3
976163855,1000,2401,-2,-108809,225,728,717,0,0,0,1,3,0,0,3261,976163882,2164260897,1048575,45454,0,3
976164846,991,2398,-3,-108806,223,728,717,0,0,0,1,3,0,0,3261,976164875,2164260897,1048575,46448,0,3
976165955,1109,2394,-4,-108802,324,727,722,0,0,0,1,3,0,0,3261,976166051,2164260897,1048575,47640,0,3
976166982,1027,2391,-3,-108799,348,727,723,0,0,0,1,3,0,0,3261,976167083,2164260897,1048575,48680,0,3
976167895,913,2388,-3,-108796,270,727,723,0,0,0,1,3,0,0,3261,976167964,2164260897,1048575,49545,0,3
976168878,983,2386,-2,-108794,257,727,716,0,0,0,1,3,0,0,3261,976168950,2164260897,1048575,1,0,3
976169927,1049,2383,-3,-108791,295,726,714,0,0,0,1,3,0,0,3261,976169993,2164260897,1048575,506,0,3
976170890,963,2380,-3,-108788,264,726,723,0,0,0,1,3,0,0,3261,976170971,2164260897,1048575,1487,0,3
976171875,985,2377,-3,-108785,252,726,716,0,0,0,1,3,0,0,3261,976171933,2164260897,1048575,2452,0,3
976172878,1003,2374,-3,-108782,248,725,715,0,0,0,1,3,0,0,3261,976172950,2164260897,1048575,3467,0,3
976173876,998,2371,-3,-108779,247,725,716,0,0,0,1,3,0,0,3261,976173919,2164260897,1048575,4435,0,3
976174878,1002,2368,-3,-108776,246,725,716,0,0,0,1,3,0,0,3261,976174947,2164260897,1048575,5464,0,3
976175865,987,2365,-3,-108773,247,724,716,0,0,0,1,3,0,0,3261,976175910,2164260897,1048575,6421,0,3
976176918,1053,2362,-3,-108770,300,724,717,0,0,0,1,3,0,0,3261,976176991,2164260897,1048575,7512,0,3
976177861,943,2359,-3,-108767,233,724,720,0,0,0,1,3,0,0,3261,976177892,2164260897,1048575,8399,0,3
976178851,990,2356,-3,-108764,230,724,726,0,0,0,1,3,0,0,3261,976178884,2164260897,1048575,9389,0,3
976179852,1001,2353,-3,-108761,225,724,725,0,0,0,1,3,0,0,3261,976179879,2164260897,1048575,10385,0,3
976180844,992,2351,-2,-108759,224,724,718,0,0,0,1,3,0,0,3261,976180873,2164260897,1048575,11378,0,3
976181853,1009,2348,-3,-108756,224,723,717,0,0,0,1,3,0,0,3261,976181881,2164260897,1048575,12390,0,3
976182856,1003,2345,-3,-108753,228,723,717,0,0,0,1,3,0,0,3261,976182889,2164260897,1048575,13394,0,3
976183857,1001,2342,-3,-108750,225,723,717,0,0,0,1,3,0,0,3261,976183885,2164260897,1048575,14390,0,3
976184849,992,2339,-3,-108747,224,723,717,0,0,0,1,3,0,0,3261,976184878,2164260897,1048575,15387,0,3
976185950,1101,2335,-4,-108743,318,723,723,0,0,0,1,3,0,0,3261,976186046,2164260897,1048575,16569,0,3
976187002,1052,2333,-2,-108741,367,722,714,0,0,0,1,3,0,0,3261,976187105,2164260897,1048575,17632,0,3
976187894,892,2330,-3,-108738,264,722,715,0,0,0,1,3,0,0,3261,976187965,2164260897,1048575,18484,0,3
976188888,994,2327,-3,-108735,260,722,715,0,0,0,1,3,0,0,3261,976188957,2164260897,1048575,19472,0,3
976189888,1000,2324,-3,-108732,261,722,715,0,0,0,1,3,0,0,3261,976189930,2164260897,1048575,20440,0,3
976190873,985,2321,-3,-108729,247,721,715,0,0,0,1,3,0,0,3261,976190936,2164260897,1048575,21455,0,3
976191869,996,2318,-3,-108726,250,721,716,0,0,0,1,3,0,0,3261,976191924,2164260897,1048575,22435,0,3
976192873,1004,2315,-3,-108723,243,721,716,0,0,0,1,3,0,0,3261,976192944,2164260897,1048575,23464,0,3
976193877,1004,2312,-3,-108720,249,721,724,0,0,0,1,3,0,0,3261,976193921,2164260897,1048575,24433,0,3
976194878,1001,2310,-2,-108718,246,721,715,0,0,0,1,3,0,0,3261,976194942,2164260897,1048575,25462,0,3
976195874,996,2307,-3,-108715,246,721,716,0,0,0,1,3,0,0,3261,976195929,2164260897,1048575,26444,0,3
976196921,1047,2304,-3,-108712,299,720,710,0,0,0,1,3,0,0,3261,976196996,2164260897,1048575,27516,0,3
976197865,944,2301,-3,-108709,232,720,711,0,0,0,1,3,0,0,3261,976197896,2164260897,1048575,28403,0,3
976198860,995,2298,-3,-108706,231,719,710,0,0,0,1,3,0,0,3261,976198895,2164260897,1048575,29402,0,3
976199848,988,2295,-3,-108703,223,719,717,0,0,0,1,3,0,0,3261,976199872,2164260897,1048575,30376,0,3
976200851,1003,2292,-3,-108700,224,719,718,0,0,0,1,3,0,0,3261,976200880,2164260897,1048575,31385,0,3
976201843,992,2289,-3,-108697,221,719,718,0,0,0,1,3,0,0,3261,976201867,2164260897,1048575,32371,0,3
976202860,1017,2286,-3,-108694,231,719,717,0,0,0,1,3,0,0,3261,976202896,2164260897,1048575,33402,0,3
976203846,986,2283,-3,-108691,222,719,717,0,0,0,1,3,0,0,3261,976203871,2164260897,1048575,34375,0,3
976204850,1004,2280,-3,-108688,224,719,717,0,0,0,1,3,0,0,3261,976204879,2164260897,1048575,35387,0,3
976205944,1094,2277,-3,-108685,318,719,714,0,0,0,1,3,0,0,3261,976206038,2164260897,1048575,36560,0,3
976206994,1050,2274,-3,-108682,355,719,714,0,0,0,1,3,0,0,3261,976207095,2164260897,1048575,37625,0,3
976207887,893,2271,-3,-108679,267,719,716,0,0,0,1,3,0,0,3261,976207959,2164260897,1048575,38472,0,3
976208884,997,2269,-2,-108677,261,718,707,0,0,0,1,3,0,0,3261,976208958,2164260897,1048575,39474,0,3
976209885,1001,2266,-3,-108674,253,718,707,0,0,0,1,3,0,0,3261,976209917,2164260897,1048575,40424,0,3
976210875,990,2263,-3,-108671,247,718,715,0,0,0,1,3,0,0,3261,976210945,2164260897,1048575,41461,0,3
976211877,1002,2260,-3,-108668,250,717,716,0,0,0,1,3,0,0,3261,976211930,2164260897,1048575,42446,0,3
976212876,999,2257,-3,-108665,244,717,716,0,0,0,1,3,0,0,3261,976212949,2164260897,1048575,43469,0,3
976213871,995,2254,-3,-108662,253,717,716,0,0,0,1,3,0,0,3261,976213917,2164260897,1048575,44435,0,3
976214871,1000,2251,-3,-108659,252,717,716,0,0,0,1,3,0,0,3261,976214941,2164260897,1048575,45463,0,3
976215882,1011,2248,-3,-108656,251,717,716,0,0,0,1,3,0,0,3261,976215934,2164260897,1048575,46449,0,3
976216925,1043,2245,-3,-108653,295,717,709,0,0,0,1,3,0,0,3261,976216995,2164260897,1048575,47516,0,3
976217855,930,2243,-2,-108651,233,717,712,0,0,0,1,3,0,0,3261,976217881,2164260897,1048575,48388,0,3
976218854,999,2240,-3,-108648,229,716,710,0,0,0,1,3,0,0,3261,976218887,2164260897,1048575,49392,0,3
976219855,1001,2237,-3,-108645,225,716,710,0,0,0,1,3,0,0,3261,976219882,2164260897,1048575,0,0,3
976220853,998,2234,-3,-108642,234,716,710,0,0,0,1,3,0,0,3261,976220889,2164260897,1048575,475,0,3
976221851,998,2231,-3,-108639,230,716,709,0,0,0,1,3,0,0,3261,976221881,2164260897,1048575,1470,0,3
976222858,1007,2228,-3,-108636,229,715,709,0,0,0,1,3,0,0,3261,976222890,2164260897,1048575,2477,0,3
976223857,999,2225,-3,-108633,225,715,709,0,0,0,1,3,0,0,3261,976223885,2164260897,1048575,3471,0,3
976224849,992,2222,-3,-108630,224,715,709,0,0,0,1,3,0,0,3261,976224878,2164260897,1048575,4468,0,3
976225954,1105,2219,-3,-108627,322,715,714,0,0,0,1,3,0,0,3261,976226051,2164260897,1048575,5653,0,3
976226987,1033,2216,-3,-108624,361,715,715,0,0,0,1,3,0,0,3261,976227092,2164260897,1048575,6704,0,3
976227883,896,2214,-2,-108622,264,715,708,0,0,0,1,3,0,0,3261,976227956,2164260897,1048575,7552,0,3
976228885,1002,2211,-3,-108619,255,714,707,0,0,0,1,3,0,0,3261,976228958,2164260897,1048575,8553,0,3
976229886,1001,2208,-3,-108616,257,714,707,0,0,0,1,3,0,0,3261,976229919,2164260897,1048575,9508,0,3
976230878,992,2205,-3,-108613,248,714,707,0,0,0,1,3,0,0,3261,976230947,2164260897,1048575,10544,0,3
976231877,999,2202,-3,-108610,250,714,707,0,0,0,1,3,0,0,3261,976231929,2164260897,1048575,11525,0,3
976232863,986,2199,-3,-108607,243,713,708,0,0,0,1,3,0,0,3261,976232930,2164260897,1048575,12535,0,3
976233876,1013,2196,-3,-108604,253,713,707,0,0,0,1,3,0,0,3261,976233929,2164260897,1048575,13530,0,3
976234867,991,2194,-2,-108602,249,713,699,0,0,0,1,3,0,0,3261,976234930,2164260897,1048575,14536,0,3
976235886,1019,2191,-3,-108599,260,712,700,0,0,0,1,3,0,0,3261,976235948,2164260897,1048575,15550,0,3
976236914,1028,2188,-3,-108596,295,712,702,0,0,0,1,3,0,0,3261,976236988,2164260897,1048575,16588,0,3
976237859,945,2185,-3,-108593,232,711,704,0,0,0,1,3,0,0,3261,976237888,2164260897,1048575,17478,0,3
976238850,991,2182,-3,-108590,229,711,702,0,0,0,1,3,0,0,3261,976238883,2164260897,1048575,18469,0,3
976239850,1000,2179,-3,-108587,225,711,710,0,0,0,1,3,0,0,3261,976239877,2164260897,1048575,19462,0,3
976240856,1006,2176,-3,-108584,224,711,709,0,0,0,1,3,0,0,3261,976240885,2164260897,1048575,20471,0,3
976241848,992,2173,-3,-108581,221,711,709,0,0,0,1,3,0,0,3261,976241872,2164260897,1048575,21457,0,3
976242855,1007,2171,-2,-108579,227,710,701,0,0,0,1,3,0,0,3261,976242888,2164260897,1048575,22475,0,3
976243853,998,2168,-3,-108576,222,710,701,0,0,0,1,3,0,0,3261,976243878,2164260897,1048575,23464,0,3
976244846,993,2165,-3,-108573,228,710,701,0,0,0,1,3,0,0,3261,976244877,2164260897,1048575,24466,0,3
976245944,1098,2162,-3,-108570,320,709,698,0,0,0,1,3,0,0,3261,976246038,2164260897,1048575,25642,0,3
976246977,1033,2159,-3,-108567,356,709,699,0,0,0,1,3,0,0,3261,976247081,2164260897,1048575,26691,0,3
976247892,915,2156,-3,-108564,274,709,707,0,0,0,1,3,0,0,3261,976247965,2164260897,1048575,27563,0,3
976248882,990,2153,-3,-108561,256,709,707,0,0,0,1,3,0,0,3261,976248956,2164260897,1048575,28553,0,3
976249890,1008,2150,-3,-108558,260,709,707,0,0,0,1,3,0,0,3261,976249927,2164260897,1048575,29515,0,3
976250866,976,2147,-3,-108555,245,709,708,0,0,0,1,3,0,0,3261,976250933,2164260897,1048575,30537,0,3
976251875,1009,2144,-3,-108552,254,709,707,0,0,0,1,3,0,0,3261,976251934,2164260897,1048575,31534,0,3
976252870,995,2142,-2,-108550,246,708,700,0,0,0,1,3,0,0,3261,976252939,2164260897,1048575,32541,0,3
976253886,1016,2139,-3,-108547,256,708,699,0,0,0,1,3,0,0,3261,976253939,2164260897,1048575,33538,0,3
976254868,982,2136,-3,-108544,249,708,699,0,0,0,1,3,0,0,3261,976254934,2164260897,1048575,34539,0,3
976255890,1022,2133,-3,-108541,260,707,700,0,0,0,1,3,0,0,3261,976255949,2164260897,1048575,35549,0,3
976256922,1032,2130,-3,-108538,293,707,702,0,0,0,1,3,0,0,3261,976256992,2164260897,1048575,36593,0,3
976257866,944,2127,-3,-108535,235,707,704,0,0,0,1,3,0,0,3261,976257898,2164260897,1048575,37486,0,3
976258861,995,2125,-2,-108533,230,707,701,0,0,0,1,3,0,0,3261,976258892,2164260897,1048575,38478,0,3
976259845,984,2122,-3,-108530,226,706,702,0,0,0,1,3,0,0,3261,976259871,2164260897,1048575,39456,0,3
976260851,1006,2119,-3,-108527,225,706,702,0,0,0,1,3,0,0,3261,976260878,2164260897,1048575,40466,0,3
976261846,995,2116,-3,-108524,225,706,702,0,0,0,1,3,0,0,3261,976261874,2164260897,1048575,41461,0,3
976262861,1015,2113,-3,-108521,229,706,701,0,0,0,1,3,0,0,3261,976262893,2164260897,1048575,42480,0,3
976263845,984,2110,-3,-108518,224,706,701,0,0,0,1,3,0,0,3261,976263868,2164260897,1048575,43453,0,3
976264852,1007,2107,-3,-108515,229,706,701,0,0,0,1,3,0,0,3261,976264884,2164260897,1048575,44476,0,3
976265937,1085,2104,-3,-108512,318,706,707,0,0,0,1,3,0,0,3261,976266032,2164260897,1048575,45635,0,3
976266985,1048,2101,-3,-108509,354,706,706,0,0,0,1,3,0,0,3261,976267088,2164260897,1048575,46698,0,3
976267900,915,2099,-2,-108507,269,705,699,0,0,0,1,3,0,0,3261,976267969,2164260897,1048575,47564,0,3
976268890,990,2096,-3,-108504,258,705,699,0,0,0,1,3,0,0,3261,976268958,2164260897,1048575,48554,0,3
976269889,999,2093,-3,-108501,259,705,699,0,0,0,1,3,0,0,3261,976269925,2164260897,1048575,49513,0,3
976270872,983,2090,-3,-108498,246,705,699,0,0,0,1,3,0,0,3261,976270938,2164260897,1048575,1,0,3
976271909,1037,2087,-3,-108495,277,704,698,0,0,0,1,3,0,0,3261,976271994,2164260897,1048575,515,0,3
976272891,982,2084,-3,-108492,264,705,707,0,0,0,1,3,0,0,3261,976272965,2164260897,1048575,1498,0,3
976273888,997,2081,-3,-108489,258,705,707,0,0,0,1,3,0,0,3261,976273964,2164260897,1048575,2495,0,3
976274899,1011,2078,-3,-108486,269,705,707,0,0,0,1,3,0,0,3261,976274964,2164260897,1048575,3489,0,3
976275882,983,2076,-2,-108484,250,705,700,0,0,0,1,3,0,0,3261,976275962,2164260897,1048575,4489,0,3
976276933,1051,2073,-3,-108481,308,704,701,0,0,0,1,3,0,0,3261,976277010,2164260897,1048575,5537,0,3
976277848,915,2070,-3,-108478,224,704,704,0,0,0,1,3,0,0,3261,976277872,2164260897,1048575,6385,0,3
976278852,1004,2067,-3,-108475,230,704,702,0,0,0,1,3,0,0,3261,976278884,2164260897,1048575,7398,0,3
976279852,1000,2064,-3,-108472,225,704,702,0,0,0,1,3,0,0,3261,976279879,2164260897,1048575,8393,0,3
976280844,992,2062,-2,-108470,224,704,694,0,0,0,1,3,0,0,3261,976280873,2164260897,1048575,9386,0,3
976281853,1009,2058,-4,-108466,224,704,701,0,0,0,1,3,0,0,3261,976281881,2164260897,1048575,10396,0,3
976282855,1002,2056,-2,-108464,229,703,693,0,0,0,1,3,0,0,3261,976282888,2164260897,1048575,11401,0,3
976283855,1000,2053,-3,-108461,225,703,701,0,0,0,1,3,0,0,3261,976283882,2164260897,1048575,12396,0,3
976284847,992,2050,-3,-108458,224,703,702,0,0,0,1,3,0,0,3261,976284876,2164260897,1048575,13390,0,3
976285945,1098,2047,-3,-108455,321,703,699,0,0,0,1,3,0,0,3261,976286039,2164260897,1048575,14568,0,3
976286986,1041,2044,-3,-108452,356,703,698,0,0,0,1,3,0,0,3261,976287088,2164260897,1048575,15624,0,3
976287900,914,2042,-2,-108450,271,702,691,0,0,0,1,3,0,0,3261,976287962,2164260897,1048575,16483,0,3
976288888,988,2039,-3,-108447,260,702,699,0,0,0,1,3,0,0,3261,976288956,2164260897,1048575,17480,0,3
976289878,990,2036,-3,-108444,251,702,699,0,0,0,1,3,0,0,3261,976289911,2164260897,1048575,18426,0,3
976290873,995,2033,-3,-108441,245,702,699,0,0,0,1,3,0,0,3261,976290943,2164260897,1048575,19467,0,3
976291876,1003,2030,-3,-108438,252,702,699,0,0,0,1,3,0,0,3261,976291930,2164260897,1048575,20455,0,3
976292863,987,2027,-3,-108435,243,702,700,0,0,0,1,3,0,0,3261,976292932,2164260897,1048575,21464,0,3
976293870,1007,2025,-2,-108433,250,701,691,0,0,0,1,3,0,0,3261,976293912,2164260897,1048575,22438,0,3
976294868,998,2022,-3,-108430,248,701,691,0,0,0,1,3,0,0,3261,976294934,2164260897,1048575,23463,0,3
976295873,1005,2019,-3,-108427,251,701,693,0,0,0,1,3,0,0,3261,976295927,2164260897,1048575,24453,0,3
976296923,1050,2016,-3,-108424,295,700,693,0,0,0,1,3,0,0,3261,976296996,2164260897,1048575,25525,0,3
976297851,928,2013,-3,-108421,232,700,696,0,0,0,1,3,0,0,3261,976297878,2164260897,1048575,26395,0,3
976298854,1003,2010,-3,-108418,230,700,702,0,0,0,1,3,0,0,3261,976298886,2164260897,1048575,27399,0,3
976299854,1000,2007,-3,-108415,225,700,702,0,0,0,1,3,0,0,3261,976299881,2164260897,1048575,28395,0,3
976300846,992,2005,-2,-108413,224,700,694,0,0,0,1,3,0,0,3261,976300875,2164260897,1048575,29388,0,3
976301854,1008,2002,-3,-108410,224,700,693,0,0,0,1,3,0,0,3261,976301884,2164260897,1048575,30400,0,3
976302847,993,1999,-3,-108407,228,700,694,0,0,0,1,3,0,0,3261,976302880,2164260897,1048575,31393,0,3
976303848,1001,1996,-3,-108404,225,699,694,0,0,0,1,3,0,0,3261,976303875,2164260897,1048575,32388,0,3
976304855,1007,1994,-2,-108402,224,699,686,0,0,0,1,3,0,0,3261,976304884,2164260897,1048575,33402,0,3
976305947,1092,1990,-4,-108398,317,699,698,0,0,0,1,3,0,0,3261,976306043,2164260897,1048575,34573,0,3
976307001,1054,1987,-3,-108395,361,699,698,0,0,0,1,3,0,0,3261,976307105,2164260897,1048575,35641,0,3
976307889,888,1985,-2,-108393,264,699,691,0,0,0,1,3,0,0,3261,976307963,2164260897,1048575,36487,0,3
976308880,991,1982,-3,-108390,257,698,691,0,0,0,1,3,0,0,3261,976308952,2164260897,1048575,37475,0,3
976309881,1001,1979,-3,-108387,257,698,691,0,0,0,1,3,0,0,3261,976309920,2164260897,1048575,38436,0,3
976310875,994,1976,-3,-108384,247,698,699,0,0,0,1,3,0,0,3261,976310941,2164260897,1048575,39469,0,3
976311875,1000,1973,-3,-108381,250,698,691,0,0,0,1,3,0,0,3261,976311932,2164260897,1048575,40458,0,3
976312868,993,1971,-2,-108379,245,698,691,0,0,0,1,3,0,0,3261,976312934,2164260897,1048575,41467,0,3
976313880,1012,1968,-3,-108376,254,697,691,0,0,0,1,3,0,0,3261,976313932,2164260897,1048575,42461,0,3
976314870,990,1965,-3,-108373,249,697,691,0,0,0,1,3,0,0,3261,976314939,2164260897,1048575,43467,0,3
976315891,1021,1962,-3,-108370,259,697,692,0,0,0,1,3,0,0,3261,976315951,2164260897,1048575,44481,0,3
976316920,1029,1959,-3,-108367,296,697,694,0,0,0,1,3,0,0,3261,976316990,2164260897,1048575,45517,0,3
976317859,939,1956,-3,-108364,234,697,696,0,0,0,1,3,0,0,3261,976317887,2164260897,1048575,46405,0,3
976318850,991,1954,-2,-108362,230,697,694,0,0,0,1,3,0,0,3261,976318882,2164260897,1048575,47395,0,3
976319851,1001,1951,-3,-108359,226,696,694,0,0,0,1,3,0,0,3261,976319877,2164260897,1048575,48389,0,3
976320856,1005,1948,-3,-108356,225,696,694,0,0,0,1,3,0,0,3261,976320884,2164260897,1048575,49398,0,3
976321849,993,1945,-3,-108353,223,696,694,0,0,0,1,3,0,0,3261,976321872,2164260897,1048575,0,0,3
976322873,1024,1943,-2,-108351,243,696,683,0,0,0,1,3,0,0,3261,976322910,2164260897,1048575,503,0,3
976323854,981,1940,-3,-108348,224,695,685,0,0,0,1,3,0,0,3261,976323877,2164260897,1048575,1469,0,3
976324862,1008,1937,-3,-108345,229,695,693,0,0,0,1,3,0,0,3261,976324900,2164260897,1048575,2495,0,3
976325949,1087,1934,-3,-108342,329,695,690,0,0,0,1,3,0,0,3261,976326045,2164260897,1048575,3653,0,3
976327002,1053,1930,-4,-108338,359,695,698,0,0,0,1,3,0,0,3261,976327106,2164260897,1048575,4721,0,3
976327891,889,1928,-2,-108336,265,695,691,0,0,0,1,3,0,0,3261,976327966,2164260897,1048575,5570,0,3
976328886,995,1925,-3,-108333,261,695,691,0,0,0,1,3,0,0,3261,976328958,2164260897,1048575,6561,0,3
976329888,1002,1922,-3,-108330,258,695,691,0,0,0,1,3,0,0,3261,976329928,2164260897,1048575,7524,0,3
976330872,984,1920,-2,-108328,249,695,691,0,0,0,1,3,0,0,3261,976330936,2164260897,1048575,8543,0,3
976331871,999,1917,-3,-108325,248,694,691,0,0,0,1,3,0,0,3261,976331920,2164260897,1048575,9520,0,3
976332871,1000,1914,-3,-108322,243,694,691,0,0,0,1,3,0,0,3261,976332937,2164260897,1048575,10543,0,3
976333870,999,1911,-3,-108319,249,694,691,0,0,0,1,3,0,0,3261,976333909,2164260897,1048575,11508,0,3
976334865,995,1908,-3,-108316,245,694,700,0,0,0,1,3,0,0,3261,976334929,2164260897,1048575,12535,0,3
976335882,1017,1905,-3,-108313,250,695,700,0,0,0,1,3,0,0,3261,976335944,2164260897,1048575,13547,0,3
976336928,1046,1902,-3,-108310,296,695,693,0,0,0,1,3,0,0,3261,976337005,2164260897,1048575,14613,0,3
976337857,929,1900,-2,-108308,232,694,688,0,0,0,1,3,0,0,3261,976337883,2164260897,1048575,15477,0,3
976338858,1001,1897,-3,-108305,231,694,694,0,0,0,1,3,0,0,3261,976338893,2164260897,1048575,16486,0,3
976339844,986,1894,-3,-108302,222,694,694,0,0,0,1,3,0,0,3261,976339868,2164260897,1048575,17459,0,3
976340850,1006,1892,-2,-108300,224,694,686,0,0,0,1,3,0,0,3261,976340879,2164260897,1048575,18472,0,3
976341845,995,1889,-3,-108297,224,694,686,0,0,0,1,3,0,0,3261,976341873,2164260897,1048575,19466,0,3
976342864,1019,1886,-3,-108294,232,693,685,0,0,0,1,3,0,0,3261,976342899,2164260897,1048575,20493,0,3
976343850,986,1883,-3,-108291,222,693,693,0,0,0,1,3,0,0,3261,976343874,2164260897,1048575,21465,0,3
976344853,1003,1881,-2,-108289,224,693,686,0,0,0,1,3,0,0,3261,976344881,2164260897,1048575,22478,0,3
976345947,1094,1877,-4,-108285,314,693,690,0,0,0,1,3,0,0,3261,976346042,2164260897,1048575,23653,0,3
976346985,1038,1874,-3,-108282,361,693,690,0,0,0,1,3,0,0,3261,976347089,2164260897,1048575,24704,0,3
976347900,915,1872,-2,-108280,270,692,683,0,0,0,1,3,0,0,3261,976347971,2164260897,1048575,25574,0,3
976348893,993,1869,-3,-108277,262,692,691,0,0,0,1,3,0,0,3261,976348961,2164260897,1048575,26563,0,3
976349870,977,1866,-3,-108274,252,692,691,0,0,0,1,3,0,0,3261,976349910,2164260897,1048575,27504,0,3
976350878,1008,1864,-2,-108272,249,692,683,0,0,0,1,3,0,0,3261,976350946,2164260897,1048575,28549,0,3
976351877,999,1860,-4,-108268,248,692,691,0,0,0,1,3,0,0,3261,976351930,2164260897,1048575,29531,0,3
976352865,988,1857,-3,-108265,245,692,693,0,0,0,1,3,0,0,3261,976352932,2164260897,1048575,30545,0,3
976353880,1015,1855,-2,-108263,254,692,691,0,0,0,1,3,0,0,3261,976353930,2164260897,1048575,31539,0,3
976354882,1002,1852,-3,-108260,251,692,691,0,0,0,1,3,0,0,3261,976354955,2164260897,1048575,32560,0,3
976355872,990,1849,-3,-108257,246,692,693,0,0,0,1,3,0,0,3261,976355925,2164260897,1048575,33521,0,3
976356914,1042,1846,-3,-108254,293,692,694,0,0,0,1,3,0,0,3261,976356985,2164260897,1048575,34592,0,3
976357855,941,1844,-2,-108252,232,692,681,0,0,0,1,3,0,0,3261,976357883,2164260897,1048575,35477,0,3
976358856,1001,1841,-3,-108249,228,691,686,0,0,0,1,3,0,0,3261,976358889,2164260897,1048575,36481,0,3
976359856,1000,1838,-3,-108246,225,691,686,0,0,0,1,3,0,0,3261,976359884,2164260897,1048575,37476,0,3
976360848,992,1835,-3,-108243,224,691,686,0,0,0,1,3,0,0,3261,976360877,2164260897,1048575,38472,0,3
976361844,996,1833,-2,-108241,224,691,686,0,0,0,1,3,0,0,3261,976361873,2164260897,1048575,39465,0,3
976362860,1016,1830,-3,-108238,229,691,685,0,0,0,1,3,0,0,3261,976362892,2164260897,1048575,40484,0,3
976363845,985,1827,-3,-108235,225,690,686,0,0,0,1,3,0,0,3261,976363871,2164260897,1048575,41464,0,3
976364851,1006,1824,-3,-108232,224,690,686,0,0,0,1,3,0,0,3261,976364880,2164260897,1048575,42476,0,3
976365951,1100,1821,-3,-108229,321,690,682,0,0,0,1,3,0,0,3261,976366045,2164260897,1048575,43655,0,3
976366979,1028,1818,-3,-108226,348,690,682,0,0,0,1,3,0,0,3261,976367081,2164260897,1048575,44698,0,3
976367899,920,1815,-3,-108223,274,690,691,0,0,0,1,3,0,0,3261,976367968,2164260897,1048575,45569,0,3
976368890,991,1812,-3,-108220,262,690,691,0,0,0,1,3,0,0,3261,976368958,2164260897,1048575,46561,0,3
976369886,996,1810,-2,-108218,258,689,683,0,0,0,1,3,0,0,3261,976369921,2164260897,1048575,47514,0,3
976370869,983,1807,-3,-108215,249,689,691,0,0,0,1,3,0,0,3261,976370936,2164260897,1048575,48544,0,3
976371874,1005,1804,-3,-108212,251,689,691,0,0,0,1,3,0,0,3261,976371931,2164260897,1048575,49538,0,3
976372867,993,1801,-3,-108209,246,690,692,0,0,0,1,3,0,0,3261,976372931,2164260897,1048575,1,0,3
976373887,1020,1799,-2,-108207,267,689,683,0,0,0,1,3,0,0,3261,976373959,2164260897,1048575,491,0,3
976374887,1000,1796,-3,-108204,258,689,691,0,0,0,1,3,0,0,3261,976374961,2164260897,1048575,1488,0,3
976375872,985,1793,-3,-108201,252,689,693,0,0,0,1,3,0,0,3261,976375931,2164260897,1048575,2458,0,3
976376919,1047,1790,-3,-108198,301,689,686,0,0,0,1,3,0,0,3261,976376994,2164260897,1048575,3524,0,3
976377857,938,1787,-3,-108195,231,689,688,0,0,0,1,3,0,0,3261,976377884,2164260897,1048575,4400,0,3
976378857,1000,1785,-2,-108193,229,689,686,0,0,0,1,3,0,0,3261,976378890,2164260897,1048575,5405,0,3
976379843,986,1782,-3,-108190,225,689,686,0,0,0,1,3,0,0,3261,976379870,2164260897,1048575,6384,0,3
976380850,1007,1779,-3,-108187,224,689,686,0,0,0,1,3,0,0,3261,976380879,2164260897,1048575,7394,0,3
976381845,995,1776,-3,-108184,224,689,694,0,0,0,1,3,0,0,3261,976381873,2164260897,1048575,8388,0,3
976382861,1016,1773,-3,-108181,229,689,686,0,0,0,1,3,0,0,3261,976382894,2164260897,1048575,9408,0,3
976383846,985,1771,-2,-108179,225,689,678,0,0,0,1,3,0,0,3261,976383873,2164260897,1048575,10387,0,3
976384853,1007,1768,-3,-108176,224,688,686,0,0,0,1,3,0,0,3261,976384881,2164260897,1048575,11399,0,3
976385932,1079,1764,-4,-108172,313,689,690,0,0,0,1,3,0,0,3261,976386027,2164260897,1048575,12557,0,3
976386988,1056,1762,-2,-108170,362,688,682,0,0,0,1,3,0,0,3261,976387088,2164260897,1048575,13625,0,3
976387893,905,1759,-3,-108167,266,688,691,0,0,0,1,3,0,0,3261,976387960,2164260897,1048575,14482,0,3
976388888,995,1756,-3,-108164,258,688,691,0,0,0,1,3,0,0,3261,976388954,2164260897,1048575,15477,0,3
976389875,987,1753,-3,-108161,251,689,691,0,0,0,1,3,0,0,3261,976389909,2164260897,1048575,16425,0,3
976390871,996,1751,-2,-108159,244,688,683,0,0,0,1,3,0,0,3261,976390937,2164260897,1048575,17467,0,3
976391878,1007,1748,-3,-108156,256,688,691,0,0,0,1,3,0,0,3261,976391940,2164260897,1048575,18468,0,3
976392871,993,1745,-3,-108153,243,689,691,0,0,0,1,3,0,0,3261,976392942,2164260897,1048575,19470,0,3
976393874,1003,1742,-3,-108150,250,689,691,0,0,0,1,3,0,0,3261,976393919,2164260897,1048575,20445,0,3
976394872,998,1740,-2,-108148,248,688,683,0,0,0,1,3,0,0,3261,976394940,2164260897,1048575,21470,0,3
976395882,1010,1737,-3,-108145,251,688,684,0,0,0,1,3,0,0,3261,976395934,2164260897,1048575,22459,0,3
976396915,1033,1734,-3,-108142,297,688,686,0,0,0,1,3,0,0,3261,976396988,2164260897,1048575,23517,0,3
976397857,942,1731,-3,-108139,232,688,688,0,0,0,1,3,0,0,3261,976397886,2164260897,1048575,24402,0,3
976398861,1004,1728,-3,-108136,229,688,686,0,0,0,1,3,0,0,3261,976398894,2164260897,1048575,25409,0,3
976399847,986,1725,-3,-108133,225,688,686,0,0,0,1,3,0,0,3261,976399874,2164260897,1048575,26388,0,3
976400854,1007,1723,-2,-108131,224,688,686,0,0,0,1,3,0,0,3261,976400882,2164260897,1048575,27397,0,3
976401845,991,1720,-3,-108128,221,688,686,0,0,0,1,3,0,0,3261,976401870,2164260897,1048575,28383,0,3
976402858,1013,1717,-3,-108125,228,688,686,0,0,0,1,3,0,0,3261,976402891,2164260897,1048575,29405,0,3
976403843,985,1714,-3,-108122,225,688,686,0,0,0,1,3,0,0,3261,976403870,2164260897,1048575,30384,0,3
976404850,1007,1711,-3,-108119,224,688,694,0,0,0,1,3,0,0,3261,976404879,2164260897,1048575,31396,0,3
976405952,1102,1708,-3,-108116,318,688,690,0,0,0,1,3,0,0,3261,976406045,2164260897,1048575,32576,0,3
976406986,1034,1706,-2,-108114,358,688,682,0,0,0,1,3,0,0,3261,976407089,2164260897,1048575,33627,0,3
976407900,914,1703,-3,-108111,274,688,683,0,0,0,1,3,0,0,3261,976407969,2164260897,1048575,34491,0,3
976408875,975,1700,-3,-108108,255,688,691,0,0,0,1,3,0,0,3261,976408947,2164260897,1048575,35471,0,3
976409888,1013,1697,-3,-108105,256,688,691,0,0,0,1,3,0,0,3261,976409927,2164260897,1048575,36442,0,3
976410867,979,1694,-3,-108102,247,688,691,0,0,0,1,3,0,0,3261,976410933,2164260897,1048575,37465,0,3
976411873,1006,1692,-2,-108100,253,688,683,0,0,0,1,3,0,0,3261,976411934,2164260897,1048575,38462,0,3
976412873,1000,1689,-3,-108097,247,688,683,0,0,0,1,3,0,0,3261,976412943,2164260897,1048575,39471,0,3
976413884,1011,1686,-3,-108094,256,688,691,0,0,0,1,3,0,0,3261,976413938,2164260897,1048575,40467,0,3
976414871,987,1683,-3,-108091,250,688,691,0,0,0,1,3,0,0,3261,976414941,2164260897,1048575,41470,0,3
976415888,1017,1680,-3,-108088,257,688,692,0,0,0,1,3,0,0,3261,976415951,2164260897,1048575,42480,0,3
976416927,1039,1677,-3,-108085,297,688,685,0,0,0,1,3,0,0,3261,976416998,2164260897,1048575,43527,0,3
976417852,925,1675,-2,-108083,232,688,688,0,0,0,1,3,0,0,3261,976417877,2164260897,1048575,44392,0,3
976418851,999,1672,-3,-108080,229,688,686,0,0,0,1,3,0,0,3261,976418882,2164260897,1048575,45397,0,3
976419849,998,1669,-3,-108077,224,688,686,0,0,0,1,3,0,0,3261,976419872,2164260897,1048575,46385,0,3
976420856,1007,1666,-3,-108074,229,688,686,0,0,0,1,3,0,0,3261,976420886,2164260897,1048575,47400,0,3
976421850,994,1664,-2,-108072,223,688,686,0,0,0,1,3,0,0,3261,976421873,2164260897,1048575,48387,0,3
976422858,1008,1661,-3,-108069,229,688,686,0,0,0,1,3,0,0,3261,976422890,2164260897,1048575,49405,0,3
976423842,984,1658,-3,-108066,224,687,686,0,0,0,1,3,0,0,3261,976423865,2164260897,1048575,0,0,3
976424868,1026,1655,-3,-108063,245,687,685,0,0,0,1,3,0,0,3261,976424928,2164260897,1048575,536,0,3
976425957,1089,1652,-3,-108060,324,688,690,0,0,0,1,3,0,0,3261,976426057,2164260897,1048575,1675,0,3
976427012,1055,1649,-3,-108057,368,688,690,0,0,0,1,3,0,0,3261,976427117,2164260897,1048575,2741,0,3
976427894,882,1647,-2,-108055,264,687,683,0,0,0,1,3,0,0,3261,976427963,2164260897,1048575,3581,0,3
976428890,996,1644,-3,-108052,264,687,683,0,0,0,1,3,0,0,3261,976428962,2164260897,1048575,4573,0,3
976429871,981,1641,-3,-108049,252,687,683,0,0,0,1,3,0,0,3261,976429918,2164260897,1048575,5522,0,3
976430872,1001,1639,-2,-108047,249,687,683,0,0,0,1,3,0,0,3261,976430938,2164260897,1048575,6552,0,3
976431871,999,1636,-3,-108044,248,687,683,0,0,0,1,3,0,0,3261,976431904,2164260897,1048575,7513,0,3
976432874,1003,1633,-3,-108041,242,687,683,0,0,0,1,3,0,0,3261,976432943,2164260897,1048575,8560,0,3
976433887,1013,1630,-3,-108038,258,686,683,0,0,0,1,3,0,0,3261,976433933,2164260897,1048575,9546,0,3
976434871,984,1627,-3,-108035,243,686,683,0,0,0,1,3,0,0,3261,976434944,2164260897,1048575,10563,0,3
976435874,1003,1624,-3,-108032,256,686,685,0,0,0,1,3,0,0,3261,976435931,2164260897,1048575,11545,0,3
976436922,1048,1621,-3,-108029,296,686,686,0,0,0,1,3,0,0,3261,976436996,2164260897,1048575,12613,0,3
976437863,941,1619,-2,-108027,232,686,688,0,0,0,1,3,0,0,3261,976437894,2164260897,1048575,13498,0,3
976438853,990,1616,-3,-108024,228,686,686,0,0,0,1,3,0,0,3261,976438886,2164260897,1048575,14489,0,3
976439854,1001,1613,-3,-108021,225,686,686,0,0,0,1,3,0,0,3261,976439881,2164260897,1048575,15484,0,3
976440846,992,1610,-3,-108018,224,686,686,0,0,0,1,3,0,0,3261,976440874,2164260897,1048575,16477,0,3
976441855,1009,1607,-3,-108015,224,686,685,0,0,0,1,3,0,0,3261,976441885,2164260897,1048575,17489,0,3
976442848,993,1605,-2,-108013,228,686,686,0,0,0,1,3,0,0,3261,976442880,2164260897,1048575,18483,0,3
976443848,1000,1602,-3,-108010,225,686,686,0,0,0,1,3,0,0,3261,976443875,2164260897,1048575,19478,0,3
976444855,1007,1599,-3,-108007,224,686,686,0,0,0,1,3,0,0,3261,976444885,2164260897,1048575,20491,0,3
976445944,1089,1596,-3,-108004,324,686,682,0,0,0,1,3,0,0,3261,976446037,2164260897,1048575,21655,0,3
976446986,1042,1593,-3,-108001,351,686,682,0,0,0,1,3,0,0,3261,976447088,2164260897,1048575,22716,0,3
976447896,910,1591,-2,-107999,274,686,683,0,0,0,1,3,0,0,3261,976447966,2164260897,1048575,23576,0,3
976448874,978,1588,-3,-107996,256,686,683,0,0,0,1,3,0,0,3261,976448944,2164260897,1048575,24557,0,3
976449885,1011,1585,-3,-107993,253,686,683,0,0,0,1,3,0,0,3261,976449921,2164260897,1048575,25524,0,3
976450866,981,1582,-3,-107990,248,685,683,0,0,0,1,3,0,0,3261,976450933,2164260897,1048575,26551,0,3
976451871,1005,1579,-3,-107987,252,686,691,0,0,0,1,3,0,0,3261,976451933,2164260897,1048575,27547,0,3
976452870,999,1576,-3,-107984,247,686,691,0,0,0,1,3,0,0,3261,976452937,2164260897,1048575,28556,0,3
976453883,1013,1573,-3,-107981,254,686,691,0,0,0,1,3,0,0,3261,976453938,2164260897,1048575,29555,0,3
976454869,986,1571,-2,-107979,250,686,684,0,0,0,1,3,0,0,3261,976454934,2164260897,1048575,30555,0,3
976455872,1003,1568,-3,-107976,253,686,685,0,0,0,1,3,0,0,3261,976455931,2164260897,1048575,31546,0,3
976456913,1041,1565,-3,-107973,295,686,686,0,0,0,1,3,0,0,3261,976456984,2164260897,1048575,32602,0,3
976457852,939,1562,-3,-107970,233,686,689,0,0,0,1,3,0,0,3261,976457876,2164260897,1048575,33480,0,3
976458852,1000,1560,-2,-107968,230,686,686,0,0,0,1,3,0,0,3261,976458883,2164260897,1048575,34485,0,3
976459852,1000,1557,-3,-107965,227,686,686,0,0,0,1,3,0,0,3261,976459877,2164260897,1048575,35481,0,3
976460844,992,1554,-3,-107962,225,686,686,0,0,0,1,3,0,0,3261,976460871,2164260897,1048575,36473,0,3
976461853,1009,1551,-3,-107959,226,686,693,0,0,0,1,3,0,0,3261,976461880,2164260897,1048575,37485,0,3
976462856,1003,1548,-3,-107956,230,687,693,0,0,0,1,3,0,0,3261,976462888,2164260897,1048575,38490,0,3
976463857,1001,1545,-3,-107953,226,687,693,0,0,0,1,3,0,0,3261,976463884,2164260897,1048575,39486,0,3
976464849,992,1542,-3,-107950,225,687,694,0,0,0,1,3,0,0,3261,976464877,2164260897,1048575,40482,0,3
976465952,1103,1539,-3,-107947,321,687,690,0,0,0,1,3,0,0,3261,976466049,2164260897,1048575,41671,0,3
976466988,1036,1536,-3,-107944,356,687,690,0,0,0,1,3,0,0,3261,976467087,2164260897,1048575,42713,0,3
976467889,901,1534,-2,-107942,266,688,691,0,0,0,1,3,0,0,3261,976467961,2164260897,1048575,43571,0,3
976468878,989,1531,-3,-107939,258,688,691,0,0,0,1,3,0,0,3261,976468951,2164260897,1048575,44563,0,3
976469875,997,1528,-3,-107936,252,688,691,0,0,0,1,3,0,0,3261,976469909,2164260897,1048575,45513,0,3
976470880,1005,1525,-3,-107933,251,688,691,0,0,0,1,3,0,0,3261,976470950,2164260897,1048575,46562,0,3
976471881,1001,1522,-3,-107930,250,688,691,0,0,0,1,3,0,0,3261,976471940,2164260897,1048575,47556,0,3
976472873,992,1519,-3,-107927,244,689,699,0,0,0,1,3,0,0,3261,976472945,2164260897,1048575,48561,0,3
976473886,1013,1517,-2,-107925,258,689,691,0,0,0,1,3,0,0,3261,976473937,2164260897,1048575,49550,0,3
976474879,993,1514,-3,-107922,249,689,691,0,0,0,1,3,0,0,3261,976474947,2164260897,1048575,1,0,3
976475900,1021,1511,-3,-107919,271,689,692,0,0,0,1,3,0,0,3261,976475979,2164260897,1048575,499,0,3
976476933,1033,1508,-3,-107916,311,689,693,0,0,0,1,3,0,0,3261,976477007,2164260897,1048575,1523,0,3
976477849,916,1506,-2,-107914,228,689,688,0,0,0,1,3,0,0,3261,976477872,2164260897,1048575,2377,0,3
976478853,1004,1503,-3,-107911,231,689,694,0,0,0,1,3,0,0,3261,976478884,2164260897,1048575,3391,0,3
976479851,998,1500,-3,-107908,224,689,694,0,0,0,1,3,0,0,3261,976479874,2164260897,1048575,4378,0,3
976480857,1006,1497,-3,-107905,229,690,694,0,0,0,1,3,0,0,3261,976480887,2164260897,1048575,5393,0,3
976481852,995,1494,-3,-107902,222,690,693,0,0,0,1,3,0,0,3261,976481875,2164260897,1048575,6380,0,3
976482848,996,1491,-3,-107899,229,690,694,0,0,0,1,3,0,0,3261,976482878,2164260897,1048575,7386,0,3
976483848,1000,1488,-3,-107896,227,690,694,0,0,0,1,3,0,0,3261,976483875,2164260897,1048575,8381,0,3
976484861,1013,1486,-2,-107894,229,690,686,0,0,0,1,3,0,0,3261,976484900,2164260897,1048575,9408,0,3
976485942,1081,1483,-3,-107891,318,690,690,0,0,0,1,3,0,0,3261,976486035,2164260897,1048575,10557,0,3
976486992,1050,1480,-3,-107888,357,690,690,0,0,0,1,3,0,0,3261,976487091,2164260897,1048575,11619,0,3
976487894,902,1477,-3,-107885,266,690,691,0,0,0,1,3,0,0,3261,976487962,2164260897,1048575,12475,0,3
976488889,995,1474,-3,-107882,258,690,699,0,0,0,1,3,0,0,3261,976488959,2164260897,1048575,13474,0,3
976489886,997,1471,-3,-107879,256,691,699,0,0,0,1,3,0,0,3261,976489921,2164260897,1048575,14428,0,3
976490875,989,1469,-2,-107877,245,691,691,0,0,0,1,3,0,0,3261,976490944,2164260897,1048575,15460,0,3
976491877,1002,1466,-3,-107874,253,691,691,0,0,0,1,3,0,0,3261,976491931,2164260897,1048575,16448,0,3
976492866,989,1463,-3,-107871,244,691,692,0,0,0,1,3,0,0,3261,976492933,2164260897,1048575,17458,0,3
976493877,1011,1460,-3,-107868,254,691,691,0,0,0,1,3,0,0,3261,976493928,2164260897,1048575,18449,0,3
976494867,990,1457,-3,-107865,249,691,691,0,0,0,1,3,0,0,3261,976494934,2164260897,1048575,19454,0,3
976495881,1014,1454,-3,-107862,256,691,692,0,0,0,1,3,0,0,3261,976495941,2164260897,1048575,20459,0,3
976496917,1036,1451,-3,-107859,295,691,694,0,0,0,1,3,0,0,3261,976496990,2164260897,1048575,21510,0,3
976497860,943,1448,-3,-107856,234,691,696,0,0,0,1,3,0,0,3261,976497890,2164260897,1048575,22398,0,3
976498852,992,1446,-2,-107854,231,691,694,0,0,0,1,3,0,0,3261,976498886,2164260897,1048575,23391,0,3
976499854,1002,1443,-3,-107851,225,691,694,0,0,0,1,3,0,0,3261,976499881,2164260897,1048575,24385,0,3
976500845,991,1440,-3,-107848,224,691,694,0,0,0,1,3,0,0,3261,976500873,2164260897,1048575,25378,0,3
976501853,1008,1437,-3,-107845,224,691,694,0,0,0,1,3,0,0,3261,976501881,2164260897,1048575,26391,0,3
976502858,1005,1434,-3,-107842,229,692,694,0,0,0,1,3,0,0,3261,976502890,2164260897,1048575,27396,0,3
976503843,985,1432,-2,-107840,225,691,686,0,0,0,1,3,0,0,3261,976503870,2164260897,1048575,28374,0,3
976504850,1007,1429,-3,-107837,224,691,694,0,0,0,1,3,0,0,3261,976504879,2164260897,1048575,29387,0,3
976505937,1087,1426,-3,-107834,316,691,691,0,0,0,1,3,0,0,3261,976506032,2164260897,1048575,30555,0,3
976506989,1052,1422,-4,-107830,362,692,699,0,0,0,1,3,0,0,3261,976507092,2164260897,1048575,31621,0,3
976507894,905,1420,-2,-107828,265,692,699,0,0,0,1,3,0,0,3261,976507964,2164260897,1048575,32478,0,3
976508890,996,1417,-3,-107825,258,692,699,0,0,0,1,3,0,0,3261,976508958,2164260897,1048575,33473,0,3
976509884,994,1414,-3,-107822,255,692,699,0,0,0,1,3,0,0,3261,976509920,2164260897,1048575,34427,0,3
976510870,986,1411,-3,-107819,244,693,700,0,0,0,1,3,0,0,3261,976510937,2164260897,1048575,35458,0,3
976511876,1006,1408,-3,-107816,256,693,699,0,0,0,1,3,0,0,3261,976511937,2164260897,1048575,36455,0,3
976512871,995,1406,-2,-107814,244,693,691,0,0,0,1,3,0,0,3261,976512936,2164260897,1048575,37459,0,3
976513886,1015,1403,-3,-107811,258,693,691,0,0,0,1,3,0,0,3261,976513939,2164260897,1048575,38455,0,3
976514867,981,1400,-3,-107808,249,693,700,0,0,0,1,3,0,0,3261,976514930,2164260897,1048575,39455,0,3
976515881,1014,1397,-3,-107805,255,693,700,0,0,0,1,3,0,0,3261,976515946,2164260897,1048575,40467,0,3
976516916,1035,1394,-3,-107802,296,694,702,0,0,0,1,3,0,0,3261,976516988,2164260897,1048575,41507,0,3
976517856,940,1392,-2,-107800,231,694,696,0,0,0,1,3,0,0,3261,976517882,2164260897,1048575,42390,0,3
976518854,998,1389,-3,-107797,228,694,694,0,0,0,1,3,0,0,3261,976518886,2164260897,1048575,43393,0,3
976519852,998,1386,-3,-107794,222,694,694,0,0,0,1,3,0,0,3261,976519877,2164260897,1048575,44381,0,3
976520859,1007,1382,-4,-107790,228,694,702,0,0,0,1,3,0,0,3261,976520891,2164260897,1048575,45396,0,3
976521854,995,1380,-2,-107788,221,694,701,0,0,0,1,3,0,0,3261,976521878,2164260897,1048575,46384,0,3
976522850,996,1377,-3,-107785,228,695,702,0,0,0,1,3,0,0,3261,976522882,2164260897,1048575,47388,0,3
976523848,998,1374,-3,-107782,222,695,701,0,0,0,1,3,0,0,3261,976523873,2164260897,1048575,48377,0,3
976524855,1007,1371,-3,-107779,227,695,701,0,0,0,1,3,0,0,3261,976524889,2164260897,1048575,49397,0,3
976525945,1090,1368,-3,-107776,322,695,698,0,0,0,1,3,0,0,3261,976526042,2164260897,1048575,2,0,3
976527279,1334,1364,-4,-107772,361,696,700,0,0,0,1,3,0,0,3261,976527392,2164260897,1048575,657,0,3
976527873,594,1363,-1,-107771,241,695,691,0,0,0,1,3,0,0,3261,976527906,2164260897,1048575,1150,0,3
976528882,1009,1360,-3,-107768,255,696,699,0,0,0,1,3,0,0,3261,976528948,2164260897,1048575,2201,0,3
976529863,981,1357,-3,-107765,236,696,700,0,0,0,1,3,0,0,3261,976529892,2164260897,1048575,3135,0,3
976530888,1025,1354,-3,-107762,260,696,699,0,0,0,1,3,0,0,3261,976530952,2164260897,1048575,4205,0,3
976531856,968,1351,-3,-107759,237,696,700,0,0,0,1,3,0,0,3261,976531886,2164260897,1048575,5135,0,3
976532872,1016,1348,-3,-107756,248,696,700,0,0,0,1,3,0,0,3261,976532934,2164260897,1048575,6192,0,3
976533873,1001,1345,-3,-107753,252,697,707,0,0,0,1,3,0,0,3261,976533924,2164260897,1048575,7176,0,3
976534885,1012,1342,-3,-107750,256,697,707,0,0,0,1,3,0,0,3261,976534950,2164260897,1048575,8207,0,3
976535866,981,1339,-3,-107747,235,697,708,0,0,0,1,3,0,0,3261,976535910,2164260897,1048575,9158,0,3
976536918,1052,1336,-3,-107744,299,698,709,0,0,0,1,3,0,0,3261,976536996,2164260897,1048575,10253,0,3
976537861,943,1333,-3,-107741,230,698,704,0,0,0,1,3,0,0,3261,976537889,2164260897,1048575,11136,0,3
976538853,992,1331,-2,-107739,227,698,702,0,0,0,1,3,0,0,3261,976538885,2164260897,1048575,12129,0,3
976539857,1004,1328,-3,-107736,228,698,702,0,0,0,1,3,0,0,3261,976539885,2164260897,1048575,13127,0,3
976540847,990,1325,-3,-107733,222,699,702,0,0,0,1,3,0,0,3261,976540876,2164260897,1048575,14118,0,3
976541856,1009,1322,-3,-107730,225,699,701,0,0,0,1,3,0,0,3261,976541880,2164260897,1048575,15125,0,3
976542854,998,1319,-3,-107727,227,699,701,0,0,0,1,3,0,0,3261,976542887,2164260897,1048575,16129,0,3
976543857,1003,1317,-2,-107725,228,699,701,0,0,0,1,3,0,0,3261,976543885,2164260897,1048575,17127,0,3
976544847,990,1313,-4,-107721,222,699,710,0,0,0,1,3,0,0,3261,976544876,2164260897,1048575,18120,0,3
976545950,1103,1310,-3,-107718,327,700,706,0,0,0,1,3,0,0,3261,976546043,2164260897,1048575,19302,0,3
976546981,1031,1307,-3,-107715,359,700,706,0,0,0,1,3,0,0,3261,976547080,2164260897,1048575,20345,0,3
976547895,914,1304,-3,-107712,271,700,715,0,0,0,1,3,0,0,3261,976547969,2164260897,1048575,21227,0,3
976548892,997,1302,-2,-107710,261,701,707,0,0,0,1,3,0,0,3261,976548961,2164260897,1048575,22213,0,3
976549878,986,1299,-3,-107707,249,701,707,0,0,0,1,3,0,0,3261,976549920,2164260897,1048575,23166,0,3
976550881,1003,1296,-3,-107704,253,701,699,0,0,0,1,3,0,0,3261,976550949,2164260897,1048575,24201,0,3
976551880,999,1293,-3,-107701,249,701,707,0,0,0,1,3,0,0,3261,976551926,2164260897,1048575,25177,0,3
976552863,983,1290,-3,-107698,240,701,708,0,0,0,1,3,0,0,3261,976552931,2164260897,1048575,26189,0,3
976553867,1004,1287,-3,-107695,245,702,708,0,0,0,1,3,0,0,3261,976553904,2164260897,1048575,27149,0,3
976554887,1020,1284,-3,-107692,256,702,707,0,0,0,1,3,0,0,3261,976554956,2164260897,1048575,28207,0,3
976555872,985,1281,-3,-107689,248,702,708,0,0,0,1,3,0,0,3261,976555926,2164260897,1048575,29179,0,3
976556916,1044,1278,-3,-107686,293,702,709,0,0,0,1,3,0,0,3261,976556991,2164260897,1048575,30248,0,3
976557860,944,1275,-3,-107683,235,703,711,0,0,0,1,3,0,0,3261,976557889,2164260897,1048575,31133,0,3
976558852,992,1272,-3,-107680,233,703,717,0,0,0,1,3,0,0,3261,976558887,2164260897,1048575,32131,0,3
976559854,1002,1269,-3,-107677,223,704,717,0,0,0,1,3,0,0,3261,976559879,2164260897,1048575,33121,0,3
976560843,989,1267,-2,-107675,224,704,709,0,0,0,1,3,0,0,3261,976560872,2164260897,1048575,34114,0,3
976561852,1009,1264,-3,-107672,224,704,710,0,0,0,1,3,0,0,3261,976561880,2164260897,1048575,35125,0,3
976562857,1005,1261,-3,-107669,231,704,709,0,0,0,1,3,0,0,3261,976562893,2164260897,1048575,36136,0,3
976563843,986,1258,-3,-107666,222,705,709,0,0,0,1,3,0,0,3261,976563868,2164260897,1048575,37109,0,3
976564847,1004,1255,-3,-107663,224,705,709,0,0,0,1,3,0,0,3261,976564875,2164260897,1048575,38119,0,3
976565945,1098,1252,-3,-107660,314,705,706,0,0,0,1,3,0,0,3261,976566039,2164260897,1048575,39297,0,3
976566992,1047,1249,-3,-107657,364,705,706,0,0,0,1,3,0,0,3261,976567098,2164260897,1048575,40363,0,3
976567906,914,1246,-3,-107654,274,705,707,0,0,0,1,3,0,0,3261,976567974,2164260897,1048575,41229,0,3
976568900,994,1243,-3,-107651,268,705,715,0,0,0,1,3,0,0,3261,976568966,2164260897,1048575,42219,0,3
976569870,970,1240,-3,-107648,248,706,716,0,0,0,1,3,0,0,3261,976569912,2164260897,1048575,43157,0,3
976570875,1005,1237,-3,-107645,245,706,715,0,0,0,1,3,0,0,3261,976570943,2164260897,1048575,44196,0,3
976571881,1006,1234,-3,-107642,255,707,716,0,0,0,1,3,0,0,3261,976571934,2164260897,1048575,45180,0,3
976572858,977,1231,-3,-107639,239,707,716,0,0,0,1,3,0,0,3261,976572924,2164260897,1048575,46183,0,3
976573869,1011,1228,-3,-107636,249,708,724,0,0,0,1,3,0,0,3261,976573906,2164260897,1048575,47151,0,3
976574873,1004,1226,-2,-107634,242,708,707,0,0,0,1,3,0,0,3261,976574939,2164260897,1048575,48192,0,3
976575875,1002,1223,-3,-107631,251,708,708,0,0,0,1,3,0,0,3261,976575928,2164260897,1048575,49179,0,3
976576909,1034,1220,-3,-107628,291,708,710,0,0,0,1,3,0,0,3261,976576984,2164260897,1048575,1,0,3
976577876,967,1216,-4,-107624,245,708,719,0,0,0,1,3,0,0,3261,976577913,2164260897,1048575,384,0,3
976578853,977,1214,-2,-107622,235,708,710,0,0,0,1,3,0,0,3261,976578890,2164260897,1048575,1361,0,3
976579840,987,1211,-3,-107619,222,709,718,0,0,0,1,3,0,0,3261,976579865,2164260897,1048575,2334,0,3
976580845,1005,1208,-3,-107616,224,709,717,0,0,0,1,3,0,0,3261,976580873,2164260897,1048575,3343,0,3
976581853,1008,1205,-3,-107613,224,709,717,0,0,0,1,3,0,0,3261,976581883,2164260897,1048575,4355,0,3
976582860,1007,1202,-3,-107610,231,710,717,0,0,0,1,3,0,0,3261,976582895,2164260897,1048575,5367,0,3
976583846,986,1199,-3,-107607,222,710,717,0,0,0,1,3,0,0,3261,976583871,2164260897,1048575,6340,0,3
976584850,1004,1196,-3,-107604,223,710,717,0,0,0,1,3,0,0,3261,976584879,2164260897,1048575,7354,0,3
976585940,1090,1193,-3,-107601,317,710,715,0,0,0,1,3,0,0,3261,976586035,2164260897,1048575,8522,0,3
976586990,1050,1190,-3,-107598,362,710,714,0,0,0,1,3,0,0,3261,976587092,2164260897,1048575,9585,0,3
976587894,904,1187,-3,-107595,266,711,715,0,0,0,1,3,0,0,3261,976587963,2164260897,1048575,10445,0,3
976588891,997,1184,-3,-107592,258,711,715,0,0,0,1,3,0,0,3261,976588962,2164260897,1048575,11442,0,3
976589876,985,1181,-3,-107589,256,711,716,0,0,0,1,3,0,0,3261,976589916,2164260897,1048575,12389,0,3
976590871,995,1178,-3,-107586,246,712,724,0,0,0,1,3,0,0,3261,976590939,2164260897,1048575,13424,0,3
976591878,1007,1175,-3,-107583,255,712,724,0,0,0,1,3,0,0,3261,976591935,2164260897,1048575,14418,0,3
976592870,992,1172,-3,-107580,245,712,724,0,0,0,1,3,0,0,3261,976592944,2164260897,1048575,15430,0,3
976593886,1016,1169,-3,-107577,254,713,723,0,0,0,1,3,0,0,3261,976593937,2164260897,1048575,16419,0,3
976594869,983,1167,-2,-107575,249,713,716,0,0,0,1,3,0,0,3261,976594942,2164260897,1048575,17426,0,3
976595890,1021,1163,-4,-107571,258,713,724,0,0,0,1,3,0,0,3261,976595944,2164260897,1048575,18429,0,3
976596920,1030,1160,-3,-107568,295,714,725,0,0,0,1,3,0,0,3261,976596992,2164260897,1048575,19476,0,3
976597861,941,1158,-2,-107566,235,714,720,0,0,0,1,3,0,0,3261,976597889,2164260897,1048575,20365,0,3
976598858,997,1155,-3,-107563,234,714,718,0,0,0,1,3,0,0,3261,976598891,2164260897,1048575,21362,0,3
976599846,988,1152,-3,-107560,227,714,718,0,0,0,1,3,0,0,3261,976599871,2164260897,1048575,22340,0,3
976600852,1006,1149,-3,-107557,226,714,717,0,0,0,1,3,0,0,3261,976600880,2164260897,1048575,23351,0,3
976601846,994,1146,-3,-107554,224,715,717,0,0,0,1,3,0,0,3261,976601869,2164260897,1048575,24338,0,3
976602859,1013,1143,-3,-107551,229,715,716,0,0,0,1,3,0,0,3261,976602890,2164260897,1048575,25361,0,3
976603842,983,1140,-3,-107548,224,715,717,0,0,0,1,3,0,0,3261,976603865,2164260897,1048575,26334,0,3
976604852,1010,1137,-3,-107545,231,715,717,0,0,0,1,3,0,0,3261,976604881,2164260897,1048575,27355,0,3
976605938,1086,1133,-4,-107541,317,716,731,0,0,0,1,3,0,0,3261,976606031,2164260897,1048575,28518,0,3
976606994,1056,1130,-3,-107538,357,716,730,0,0,0,1,3,0,0,3261,976607096,2164260897,1048575,29592,0,3
976607901,907,1127,-3,-107535,276,716,724,0,0,0,1,3,0,0,3261,976607968,2164260897,1048575,30449,0,3
976608880,979,1124,-3,-107532,256,717,732,0,0,0,1,3,0,0,3261,976608954,2164260897,1048575,31434,0,3
976609886,1006,1121,-3,-107529,260,718,731,0,0,0,1,3,0,0,3261,976609926,2164260897,1048575,32398,0,3
976610879,993,1119,-2,-107527,247,718,723,0,0,0,1,3,0,0,3261,976610945,2164260897,1048575,33426,0,3
976611876,997,1115,-4,-107523,249,718,732,0,0,0,1,3,0,0,3261,976611930,2164260897,1048575,34404,0,3
976612875,999,1112,-3,-107520,244,719,732,0,0,0,1,3,0,0,3261,976612945,2164260897,1048575,35430,0,3
976613873,998,1109,-3,-107517,244,719,732,0,0,0,1,3,0,0,3261,976613911,2164260897,1048575,36388,0,3
976614871,998,1107,-2,-107515,247,720,724,0,0,0,1,3,0,0,3261,976614941,2164260897,1048575,37427,0,3
976615889,1018,1104,-3,-107512,259,720,724,0,0,0,1,3,0,0,3261,976615949,2164260897,1048575,38435,0,3
976616926,1037,1101,-3,-107509,296,720,725,0,0,0,1,3,0,0,3261,976616998,2164260897,1048575,39482,0,3
976617853,927,1097,-4,-107505,234,721,736,0,0,0,1,3,0,0,3261,976617877,2164260897,1048575,40348,0,3
976618851,998,1095,-2,-107503,229,721,726,0,0,0,1,3,0,0,3261,976618882,2164260897,1048575,41353,0,3
976619850,999,1092,-3,-107500,224,721,726,0,0,0,1,3,0,0,3261,976619873,2164260897,1048575,42342,0,3
976620857,1007,1089,-3,-107497,229,721,725,0,0,0,1,3,0,0,3261,976620886,2164260897,1048575,43356,0,3
976621850,993,1085,-4,-107493,222,722,733,0,0,0,1,3,0,0,3261,976621874,2164260897,1048575,44343,0,3
976622858,1008,1083,-2,-107491,229,722,725,0,0,0,1,3,0,0,3261,976622890,2164260897,1048575,45361,0,3
976623842,984,1080,-3,-107488,224,722,725,0,0,0,1,3,0,0,3261,976623865,2164260897,1048575,46333,0,3
976624850,1008,1077,-3,-107485,230,722,725,0,0,0,1,3,0,0,3261,976624880,2164260897,1048575,47355,0,3
976625943,1093,1074,-3,-107482,315,722,723,0,0,0,1,3,0,0,3261,976626039,2164260897,1048575,48526,0,3
976626982,1039,1071,-3,-107479,360,722,723,0,0,0,1,3,0,0,3261,976627083,2164260897,1048575,49577,0,3
976627890,908,1067,-4,-107475,268,723,740,0,0,0,1,3,0,0,3261,976627964,2164260897,1048575,1,0,3
976628891,1001,1065,-2,-107473,269,723,732,0,0,0,1,3,0,0,3261,976628975,2164260897,1048575,467,0,3
976629888,997,1062,-3,-107470,256,723,731,0,0,0,1,3,0,0,3261,976629921,2164260897,1048575,1407,0,3
976630884,996,1059,-3,-107467,255,724,732,0,0,0,1,3,0,0,3261,976630953,2164260897,1048575,2447,0,3
976631869,985,1056,-3,-107464,248,724,732,0,0,0,1,3,0,0,3261,976631918,2164260897,1048575,3405,0,3
976632862,993,1053,-3,-107461,242,724,732,0,0,0,1,3,0,0,3261,976632928,2164260897,1048575,4431,0,3
976633873,1011,1050,-3,-107458,256,725,732,0,0,0,1,3,0,0,3261,976633917,2164260897,1048575,5412,0,3
976634867,994,1046,-4,-107454,244,725,740,0,0,0,1,3,0,0,3261,976634934,2164260897,1048575,6431,0,3
976635872,1005,1043,-3,-107451,254,726,740,0,0,0,1,3,0,0,3261,976635928,2164260897,1048575,7426,0,3
976636919,1047,1040,-3,-107448,300,726,733,0,0,0,1,3,0,0,3261,976636991,2164260897,1048575,8489,0,3
976637847,928,1038,-2,-107446,229,726,728,0,0,0,1,3,0,0,3261,976637875,2164260897,1048575,9358,0,3
976638847,1000,1034,-4,-107442,226,726,734,0,0,0,1,3,0,0,3261,976638877,2164260897,1048575,10362,0,3
976639852,1005,1031,-3,-107439,231,727,733,0,0,0,1,3,0,0,3261,976639886,2164260897,1048575,11370,0,3
976640849,997,1029,-2,-107437,221,727,725,0,0,0,1,3,0,0,3261,976640873,2164260897,1048575,12355,0,3
976641852,1003,1026,-3,-107434,224,727,733,0,0,0,1,3,0,0,3261,976641880,2164260897,1048575,13366,0,3
976642851,999,1022,-4,-107430,225,727,733,0,0,0,1,3,0,0,3261,976642881,2164260897,1048575,14364,0,3
976643853,1002,1019,-3,-107427,229,727,733,0,0,0,1,3,0,0,3261,976643882,2164260897,1048575,15365,0,3
976644846,993,1017,-2,-107425,223,727,725,0,0,0,1,3,0,0,3261,976644875,2164260897,1048575,16359,0,3
976645946,1100,1013,-4,-107421,314,728,739,0,0,0,1,3,0,0,3261,976646040,2164260897,1048575,17539,0,3
976646987,1041,1010,-3,-107418,361,728,739,0,0,0,1,3,0,0,3261,976647088,2164260897,1048575,18595,0,3
976647899,912,1007,-3,-107415,270,728,731,0,0,0,1,3,0,0,3261,976647963,2164260897,1048575,19456,0,3
976648877,978,1004,-3,-107412,254,729,740,0,0,0,1,3,0,0,3261,976648950,2164260897,1048575,20444,0,3
976649892,1015,1001,-3,-107409,259,729,740,0,0,0,1,3,0,0,3261,976649927,2164260897,1048575,21413,0,3
976650875,983,999,-2,-107407,243,729,732,0,0,0,1,3,0,0,3261,976650944,2164260897,1048575,22438,0,3
976651880,1005,996,-3,-107404,253,729,724,0,0,0,1,3,0,0,3261,976651939,2164260897,1048575,23434,0,3
976652865,985,992,-4,-107400,243,730,740,0,0,0,1,3,0,0,3261,976652933,2164260897,1048575,24434,0,3
976653876,1011,989,-3,-107397,252,730,740,0,0,0,1,3,0,0,3261,976653925,2164260897,1048575,25420,0,3
976654874,998,987,-2,-107395,246,730,732,0,0,0,1,3,0,0,3261,976654940,2164260897,1048575,26439,0,3
976655876,1002,983,-4,-107391,251,730,740,0,0,0,1,3,0,0,3261,976655930,2164260897,1048575,27423,0,3
976656924,1048,980,-3,-107388,299,731,741,0,0,0,1,3,0,0,3261,976657000,2164260897,1048575,28500,0,3
976657859,935,977,-3,-107385,234,731,743,0,0,0,1,3,0,0,3261,976657885,2164260897,1048575,29369,0,3
976658861,1002,974,-3,-107382,231,731,733,0,0,0,1,3,0,0,3261,976658892,2164260897,1048575,30375,0,3
976659845,984,971,-3,-107379,226,732,741,0,0,0,1,3,0,0,3261,976659871,2164260897,1048575,31355,0,3
976660853,1008,968,-3,-107376,226,732,741,0,0,0,1,3,0,0,3261,976660880,2164260897,1048575,32364,0,3
976661847,994,965,-3,-107373,225,732,741,0,0,0,1,3,0,0,3261,976661874,2164260897,1048575,33358,0,3
976662848,1001,962,-3,-107370,230,733,741,0,0,0,1,3,0,0,3261,976662879,2164260897,1048575,34364,0,3
976663852,1004,959,-3,-107367,229,733,741,0,0,0,1,3,0,0,3261,976663882,2164260897,1048575,35366,0,3
976664848,996,956,-3,-107364,223,733,741,0,0,0,1,3,0,0,3261,976664871,2164260897,1048575,36353,0,3
976665948,1100,953,-3,-107361,314,733,731,0,0,0,1,3,0,0,3261,976666040,2164260897,1048575,37541,0,3
976666996,1048,950,-3,-107358,358,733,731,0,0,0,1,3,0,0,3261,976667097,2164260897,1048575,38605,0,3
976667887,891,947,-3,-107355,268,733,740,0,0,0,1,3,0,0,3261,976667957,2164260897,1048575,39448,0,3
976668884,997,944,-3,-107352,260,733,732,0,0,0,1,3,0,0,3261,976668956,2164260897,1048575,40449,0,3
976669873,989,941,-3,-107349,248,733,732,0,0,0,1,3,0,0,3261,976669904,2164260897,1048575,41389,0,3
976670869,996,938,-3,-107346,247,734,740,0,0,0,1,3,0,0,3261,976670939,2164260897,1048575,42435,0,3
976671878,1009,935,-3,-107343,254,734,740,0,0,0,1,3,0,0,3261,976671933,2164260897,1048575,43429,0,3
976672862,984,932,-3,-107340,243,734,732,0,0,0,1,3,0,0,3261,976672932,2164260897,1048575,44434,0,3
976673871,1009,929,-3,-107337,250,734,732,0,0,0,1,3,0,0,3261,976673912,2164260897,1048575,45406,0,3
976674882,1011,926,-3,-107334,250,734,740,0,0,0,1,3,0,0,3261,976674954,2164260897,1048575,46446,0,3
976675863,981,923,-3,-107331,242,734,740,0,0,0,1,3,0,0,3261,976675903,2164260897,1048575,47391,0,3
976676923,1060,920,-3,-107328,295,734,733,0,0,0,1,3,0,0,3261,976676996,2164260897,1048575,48494,0,3
976677862,939,917,-3,-107325,233,734,735,0,0,0,1,3,0,0,3261,976677892,2164260897,1048575,49377,0,3
976678850,988,914,-3,-107322,228,734,734,0,0,0,1,3,0,0,3261,976678883,2164260897,1048575,1,0,3
976679861,1011,911,-3,-107319,235,734,733,0,0,0,1,3,0,0,3261,976679896,2164260897,1048575,481,0,3
976680858,997,908,-3,-107316,231,734,733,0,0,0,1,3,0,0,3261,976680893,2164260897,1048575,1479,0,3
976681842,984,905,-3,-107313,221,734,741,0,0,0,1,3,0,0,3261,976681866,2164260897,1048575,2450,0,3
976682846,1004,902,-3,-107310,228,735,741,0,0,0,1,3,0,0,3261,976682879,2164260897,1048575,3465,0,3
976683848,1002,899,-3,-107307,227,734,733,0,0,0,1,3,0,0,3261,976683880,2164260897,1048575,4468,0,3
976684847,999,896,-3,-107304,224,734,733,0,0,0,1,3,0,0,3261,976684875,2164260897,1048575,5461,0,3
976685958,1111,893,-3,-107301,325,734,730,0,0,0,1,3,0,0,3261,976686055,2164260897,1048575,6655,0,3
976686967,1009,889,-4,-107297,348,734,740,0,0,0,1,3,0,0,3261,976687072,2164260897,1048575,7682,0,3
976687909,942,887,-2,-107295,277,734,731,0,0,0,1,3,0,0,3261,976687977,2164260897,1048575,8572,0,3
976688886,977,884,-3,-107292,265,734,732,0,0,0,1,3,0,0,3261,976688962,2164260897,1048575,9558,0,3
976689888,1002,881,-3,-107289,258,734,731,0,0,0,1,3,0,0,3261,976689928,2164260897,1048575,10517,0,3
976690872,984,878,-3,-107286,246,734,732,0,0,0,1,3,0,0,3261,976690936,2164260897,1048575,11533,0,3
976691868,996,875,-3,-107283,250,734,732,0,0,0,1,3,0,0,3261,976691909,2164260897,1048575,12503,0,3
976692873,1005,872,-3,-107280,240,734,732,0,0,0,1,3,0,0,3261,976692943,2164260897,1048575,13542,0,3
976693875,1002,868,-4,-107276,249,734,740,0,0,0,1,3,0,0,3261,976693914,2164260897,1048575,14507,0,3
976694867,992,866,-2,-107274,243,734,732,0,0,0,1,3,0,0,3261,976694931,2164260897,1048575,15532,0,3
976695893,1026,863,-3,-107271,261,734,731,0,0,0,1,3,0,0,3261,976695960,2164260897,1048575,16558,0,3
976696923,1030,860,-3,-107268,294,734,733,0,0,0,1,3,0,0,3261,976697000,2164260897,1048575,17601,0,3
976697856,933,857,-3,-107265,235,734,736,0,0,0,1,3,0,0,3261,976697880,2164260897,1048575,18468,0,3
976698858,1002,854,-3,-107262,234,734,733,0,0,0,1,3,0,0,3261,976698891,2164260897,1048575,19477,0,3
976699843,985,851,-3,-107259,223,734,733,0,0,0,1,3,0,0,3261,976699867,2164260897,1048575,20451,0,3
976700848,1005,847,-4,-107255,225,734,741,0,0,0,1,3,0,0,3261,976700875,2164260897,1048575,21461,0,3
976701856,1008,844,-3,-107252,225,734,741,0,0,0,1,3,0,0,3261,976701885,2164260897,1048575,22473,0,3
976702851,995,842,-2,-107250,233,734,733,0,0,0,1,3,0,0,3261,976702885,2164260897,1048575,23471,0,3
976703853,1002,839,-3,-107247,224,734,733,0,0,0,1,3,0,0,3261,976703876,2164260897,1048575,24460,0,3
976704855,1002,836,-3,-107244,225,734,733,0,0,0,1,3,0,0,3261,976704884,2164260897,1048575,25475,0,3
976705936,1081,832,-4,-107240,315,734,739,0,0,0,1,3,0,0,3261,976706031,2164260897,1048575,26634,0,3
976706982,1046,829,-3,-107237,353,735,739,0,0,0,1,3,0,0,3261,976707087,2164260897,1048575,27697,0,3
976707894,912,827,-2,-107235,271,735,732,0,0,0,1,3,0,0,3261,976707966,2164260897,1048575,28560,0,3
976708883,989,823,-4,-107231,257,735,740,0,0,0,1,3,0,0,3261,976708957,2164260897,1048575,29551,0,3
976709886,1003,820,-3,-107228,257,735,740,0,0,0,1,3,0,0,3261,976709921,2164260897,1048575,30508,0,3
976710861,975,817,-3,-107225,242,735,740,0,0,0,1,3,0,0,3261,976710934,2164260897,1048575,31535,0,3
976711876,1015,814,-3,-107222,258,735,740,0,0,0,1,3,0,0,3261,976711937,2164260897,1048575,32535,0,3
976712863,987,811,-3,-107219,240,736,740,0,0,0,1,3,0,0,3261,976712928,2164260897,1048575,33535,0,3
976713870,1007,808,-3,-107216,252,736,740,0,0,0,1,3,0,0,3261,976713911,2164260897,1048575,34504,0,3
976714868,998,805,-3,-107213,246,736,740,0,0,0,1,3,0,0,3261,976714936,2164260897,1048575,35537,0,3
976715870,1002,802,-3,-107210,250,736,740,0,0,0,1,3,0,0,3261,976715924,2164260897,1048575,36516,0,3
976716913,1043,799,-3,-107207,294,736,741,0,0,0,1,3,0,0,3261,976716984,2164260897,1048575,37584,0,3
976717856,943,796,-3,-107204,234,736,735,0,0,0,1,3,0,0,3261,976717884,2164260897,1048575,38470,0,3
976718858,1002,793,-3,-107201,230,736,742,0,0,0,1,3,0,0,3261,976718889,2164260897,1048575,39475,0,3
976719859,1001,790,-3,-107198,227,737,741,0,0,0,1,3,0,0,3261,976719885,2164260897,1048575,40470,0,3
976720850,991,787,-3,-107195,225,737,741,0,0,0,1,3,0,0,3261,976720878,2164260897,1048575,41465,0,3
976721846,996,784,-3,-107192,225,737,741,0,0,0,1,3,0,0,3261,976721873,2164260897,1048575,42459,0,3
976722862,1016,781,-3,-107189,230,737,740,0,0,0,1,3,0,0,3261,976722893,2164260897,1048575,43478,0,3
976723847,985,778,-3,-107186,227,737,741,0,0,0,1,3,0,0,3261,976723873,2164260897,1048575,44458,0,3
976724854,1007,775,-3,-107183,225,737,733,0,0,0,1,3,0,0,3261,976724881,2164260897,1048575,45470,0,3
976725948,1094,772,-3,-107180,321,737,739,0,0,0,1,3,0,0,3261,976726044,2164260897,1048575,46646,0,3
976726979,1031,769,-3,-107177,351,737,739,0,0,0,1,3,0,0,3261,976727083,2164260897,1048575,47693,0,3
976727890,911,766,-3,-107174,272,737,740,0,0,0,1,3,0,0,3261,976727963,2164260897,1048575,48557,0,3
976728873,983,763,-3,-107171,254,737,740,0,0,0,1,3,0,0,3261,976728948,2164260897,1048575,49547,0,3
976729877,1004,760,-3,-107168,255,738,740,0,0,0,1,3,0,0,3261,976729912,2164260897,1048575,1,0,3
976730882,1005,757,-3,-107165,264,737,732,0,0,0,1,3,0,0,3261,976730968,2164260897,1048575,503,0,3
976731880,998,754,-3,-107162,254,737,732,0,0,0,1,3,0,0,3261,976731944,2164260897,1048575,1486,0,3
976732878,998,751,-3,-107159,246,737,740,0,0,0,1,3,0,0,3261,976732951,2164260897,1048575,2491,0,3
976733874,996,748,-3,-107156,252,737,740,0,0,0,1,3,0,0,3261,976733917,2164260897,1048575,3452,0,3
976734863,989,745,-3,-107153,244,737,740,0,0,0,1,3,0,0,3261,976734927,2164260897,1048575,4469,0,3
976735878,1015,742,-3,-107150,255,737,740,0,0,0,1,3,0,0,3261,976735932,2164260897,1048575,5467,0,3
976736916,1038,739,-3,-107147,297,737,733,0,0,0,1,3,0,0,3261,976736989,2164260897,1048575,6530,0,3
976737851,935,736,-3,-107144,233,737,736,0,0,0,1,3,0,0,3261,976737878,2164260897,1048575,7406,0,3
976738858,1007,733,-3,-107141,233,737,741,0,0,0,1,3,0,0,3261,976738892,2164260897,1048575,8417,0,3
976739844,986,730,-3,-107138,225,737,733,0,0,0,1,3,0,0,3261,976739871,2164260897,1048575,9396,0,3
976740851,1007,727,-3,-107135,224,737,733,0,0,0,1,3,0,0,3261,976740880,2164260897,1048575,10406,0,3
976741846,995,724,-3,-107132,224,737,733,0,0,0,1,3,0,0,3261,976741875,2164260897,1048575,11402,0,3
976742850,1004,721,-3,-107129,230,737,733,0,0,0,1,3,0,0,3261,976742883,2164260897,1048575,12408,0,3
976743852,1002,718,-3,-107126,226,737,733,0,0,0,1,3,0,0,3261,976743879,2164260897,1048575,13405,0,3
976744844,992,715,-3,-107123,224,736,733,0,0,0,1,3,0,0,3261,976744873,2164260897,1048575,14399,0,3
976745935,1091,712,-3,-107120,315,736,731,0,0,0,1,3,0,0,3261,976746031,2164260897,1048575,15574,0,3
976746990,1055,709,-3,-107117,356,736,731,0,0,0,1,3,0,0,3261,976747088,2164260897,1048575,16636,0,3
976747898,908,706,-3,-107114,270,736,731,0,0,0,1,3,0,0,3261,976747966,2164260897,1048575,17499,0,3
976748887,989,703,-3,-107111,257,736,732,0,0,0,1,3,0,0,3261,976748958,2164260897,1048575,18493,0,3
976749880,993,700,-3,-107108,253,736,732,0,0,0,1,3,0,0,3261,976749914,2164260897,1048575,19441,0,3
976750876,996,696,-4,-107104,247,736,740,0,0,0,1,3,0,0,3261,976750945,2164260897,1048575,20481,0,3
976751876,1000,694,-2,-107102,250,736,732,0,0,0,1,3,0,0,3261,976751928,2164260897,1048575,21464,0,3
976752862,986,691,-3,-107099,243,735,732,0,0,0,1,3,0,0,3261,976752930,2164260897,1048575,22474,0,3
976753876,1014,688,-3,-107096,253,735,732,0,0,0,1,3,0,0,3261,976753929,2164260897,1048575,23469,0,3
976754885,1009,685,-3,-107093,253,735,732,0,0,0,1,3,0,0,3261,976754955,2164260897,1048575,24495,0,3
976755872,987,682,-3,-107090,247,735,732,0,0,0,1,3,0,0,3261,976755928,2164260897,1048575,25462,0,3
976756928,1056,678,-4,-107086,298,735,741,0,0,0,1,3,0,0,3261,976757001,2164260897,1048575,26541,0,3
976757859,931,676,-2,-107084,232,735,735,0,0,0,1,3,0,0,3261,976757888,2164260897,1048575,27416,0,3
976758847,988,673,-3,-107081,228,735,733,0,0,0,1,3,0,0,3261,976758880,2164260897,1048575,28405,0,3
976759848,1001,670,-3,-107078,225,735,733,0,0,0,1,3,0,0,3261,976759875,2164260897,1048575,29400,0,3
976760854,1006,667,-3,-107075,224,735,733,0,0,0,1,3,0,0,3261,976760883,2164260897,1048575,30409,0,3
976761847,993,664,-3,-107072,222,735,733,0,0,0,1,3,0,0,3261,976761871,2164260897,1048575,31395,0,3
976762858,1011,661,-3,-107069,229,735,733,0,0,0,1,3,0,0,3261,976762890,2164260897,1048575,32415,0,3
976763843,985,658,-3,-107066,225,735,733,0,0,0,1,3,0,0,3261,976763870,2164260897,1048575,33395,0,3
976764851,1008,655,-3,-107063,225,735,733,0,0,0,1,3,0,0,3261,976764880,2164260897,1048575,34408,0,3
976765950,1099,651,-4,-107059,319,735,739,0,0,0,1,3,0,0,3261,976766044,2164260897,1048575,35586,0,3
976766984,1034,648,-3,-107056,357,735,739,0,0,0,1,3,0,0,3261,976767086,2164260897,1048575,36637,0,3
976767893,909,646,-2,-107054,271,735,731,0,0,0,1,3,0,0,3261,976767967,2164260897,1048575,37503,0,3
976768884,991,643,-3,-107051,257,735,732,0,0,0,1,3,0,0,3261,976768956,2164260897,1048575,38491,0,3
976769888,1004,640,-3,-107048,258,735,731,0,0,0,1,3,0,0,3261,976769925,2164260897,1048575,39452,0,3
976770865,977,637,-3,-107045,246,735,732,0,0,0,1,3,0,0,3261,976770931,2164260897,1048575,40473,0,3
976771891,1026,634,-3,-107042,258,734,731,0,0,0,1,3,0,0,3261,976771956,2164260897,1048575,41495,0,3
976772875,984,631,-3,-107039,246,734,732,0,0,0,1,3,0,0,3261,976772950,2164260897,1048575,42490,0,3
976773872,997,628,-3,-107036,251,734,732,0,0,0,1,3,0,0,3261,976773918,2164260897,1048575,43456,0,3
976774872,1000,625,-3,-107033,249,734,732,0,0,0,1,3,0,0,3261,976774940,2164260897,1048575,44477,0,3
976775873,1001,622,-3,-107030,247,734,732,0,0,0,1,3,0,0,3261,976775926,2164260897,1048575,45458,0,3
976776920,1047,619,-3,-107027,296,734,733,0,0,0,1,3,0,0,3261,976776991,2164260897,1048575,46532,0,3
976777864,944,616,-3,-107024,233,734,735,0,0,0,1,3,0,0,3261,976777896,2164260897,1048575,47422,0,3
976778856,992,613,-3,-107021,230,734,733,0,0,0,1,3,0,0,3261,976778887,2164260897,1048575,48412,0,3
976779856,1000,610,-3,-107018,226,734,733,0,0,0,1,3,0,0,3261,976779882,2164260897,1048575,49408,0,3
976780848,992,607,-3,-107015,225,734,733,0,0,0,1,3,0,0,3261,976780875,2164260897,1048575,0,0,3
976781864,1016,604,-3,-107012,235,734,725,0,0,0,1,3,0,0,3261,976781901,2164260897,1048575,494,0,3
976782858,994,601,-3,-107009,235,734,733,0,0,0,1,3,0,0,3261,976782891,2164260897,1048575,1484,0,3
976783847,989,598,-3,-107006,227,734,733,0,0,0,1,3,0,0,3261,976783872,2164260897,1048575,2464,0,3
976784853,1006,595,-3,-107003,225,734,733,0,0,0,1,3,0,0,3261,976784880,2164260897,1048575,3477,0,3
976785948,1095,592,-3,-107000,324,733,731,0,0,0,1,3,0,0,3261,976786046,2164260897,1048575,4655,0,3
976786989,1041,589,-3,-106997,361,733,723,0,0,0,1,3,0,0,3261,976787095,2164260897,1048575,5711,0,3
976787900,911,586,-3,-106994,269,733,731,0,0,0,1,3,0,0,3261,976787969,2164260897,1048575,6571,0,3
976788880,980,583,-3,-106991,254,733,732,0,0,0,1,3,0,0,3261,976788951,2164260897,1048575,7552,0,3
976789877,997,580,-3,-106988,256,733,732,0,0,0,1,3,0,0,3261,976789923,2164260897,1048575,8519,0,3
976790869,992,578,-2,-106986,243,732,724,0,0,0,1,3,0,0,3261,976790931,2164260897,1048575,9539,0,3
976791869,1000,575,-3,-106983,251,732,724,0,0,0,1,3,0,0,3261,976791922,2164260897,1048575,10519,0,3
976792867,998,572,-3,-106980,241,732,724,0,0,0,1,3,0,0,3261,976792930,2164260897,1048575,11537,0,3
976793883,1016,568,-4,-106976,251,732,731,0,0,0,1,3,0,0,3261,976793929,2164260897,1048575,12527,0,3
976794864,981,565,-3,-106973,243,732,732,0,0,0,1,3,0,0,3261,976794928,2164260897,1048575,13534,0,3
976795884,1020,563,-2,-106971,253,731,724,0,0,0,1,3,0,0,3261,976795941,2164260897,1048575,14545,0,3
976796920,1036,560,-3,-106968,295,731,717,0,0,0,1,3,0,0,3261,976796996,2164260897,1048575,15603,0,3
976797866,946,557,-3,-106965,234,730,719,0,0,0,1,3,0,0,3261,976797895,2164260897,1048575,16490,0,3
976798860,994,554,-3,-106962,234,730,725,0,0,0,1,3,0,0,3261,976798894,2164260897,1048575,17488,0,3
976799847,987,551,-3,-106959,224,730,725,0,0,0,1,3,0,0,3261,976799870,2164260897,1048575,18460,0,3
976800851,1004,548,-3,-106956,225,730,725,0,0,0,1,3,0,0,3261,976800879,2164260897,1048575,19473,0,3
976801847,996,545,-3,-106953,225,730,725,0,0,0,1,3,0,0,3261,976801874,2164260897,1048575,20467,0,3
976802851,1004,542,-3,-106950,233,730,725,0,0,0,1,3,0,0,3261,976802884,2164260897,1048575,21477,0,3
976803851,1000,539,-3,-106947,223,729,725,0,0,0,1,3,0,0,3261,976803875,2164260897,1048575,22466,0,3
976804855,1004,536,-3,-106944,226,729,725,0,0,0,1,3,0,0,3261,976804883,2164260897,1048575,23479,0,3
976805941,1086,533,-3,-106941,318,729,723,0,0,0,1,3,0,0,3261,976806034,2164260897,1048575,24643,0,3
976806976,1035,530,-3,-106938,348,729,723,0,0,0,1,3,0,0,3261,976807079,2164260897,1048575,25696,0,3
976807906,930,527,-3,-106935,275,728,723,0,0,0,1,3,0,0,3261,976807970,2164260897,1048575,26572,0,3
976808901,995,524,-3,-106932,269,728,723,0,0,0,1,3,0,0,3261,976808964,2164260897,1048575,27567,0,3
976809870,969,521,-3,-106929,249,728,724,0,0,0,1,3,0,0,3261,976809901,2164260897,1048575,28495,0,3
976810863,993,518,-3,-106926,243,728,724,0,0,0,1,3,0,0,3261,976810931,2164260897,1048575,29540,0,3
976811878,1015,515,-3,-106923,258,728,724,0,0,0,1,3,0,0,3261,976811942,2164260897,1048575,30550,0,3
976812878,1000,512,-3,-106920,247,728,724,0,0,0,1,3,0,0,3261,976812954,2164260897,1048575,31559,0,3
976813875,997,509,-3,-106917,253,727,724,0,0,0,1,3,0,0,3261,976813923,2164260897,1048575,32531,0,3
976814873,998,506,-3,-106914,249,727,724,0,0,0,1,3,0,0,3261,976814943,2164260897,1048575,33549,0,3
976815878,1005,503,-3,-106911,249,727,724,0,0,0,1,3,0,0,3261,976815932,2164260897,1048575,34534,0,3
976816922,1044,500,-3,-106908,292,727,725,0,0,0,1,3,0,0,3261,976816993,2164260897,1048575,35601,0,3
976817851,929,498,-2,-106906,232,727,720,0,0,0,1,3,0,0,3261,976817878,2164260897,1048575,36473,0,3
976818852,1001,495,-3,-106903,229,726,718,0,0,0,1,3,0,0,3261,976818884,2164260897,1048575,37476,0,3
976819852,1000,491,-4,-106899,225,726,725,0,0,0,1,3,0,0,3261,976819879,2164260897,1048575,38472,0,3
976820844,992,488,-3,-106896,224,726,725,0,0,0,1,3,0,0,3261,976820872,2164260897,1048575,39464,0,3
976821851,1007,486,-2,-106894,223,726,725,0,0,0,1,3,0,0,3261,976821880,2164260897,1048575,40475,0,3
976822855,1004,483,-3,-106891,229,726,725,0,0,0,1,3,0,0,3261,976822887,2164260897,1048575,41480,0,3
976823855,1000,480,-3,-106888,225,726,725,0,0,0,1,3,0,0,3261,976823882,2164260897,1048575,42474,0,3
976824846,991,476,-4,-106884,224,726,725,0,0,0,1,3,0,0,3261,976824875,2164260897,1048575,43469,0,3
976825956,1110,474,-2,-106882,323,726,723,0,0,0,1,3,0,0,3261,976826057,2164260897,1048575,44667,0,3
976826986,1030,471,-3,-106879,350,726,723,0,0,0,1,3,0,0,3261,976827086,2164260897,1048575,45701,0,3
976827894,908,468,-3,-106876,267,726,724,0,0,0,1,3,0,0,3261,976827964,2164260897,1048575,46565,0,3
976828890,996,465,-3,-106873,259,726,724,0,0,0,1,3,0,0,3261,976828954,2164260897,1048575,47556,0,3
976829875,985,462,-3,-106870,251,726,724,0,0,0,1,3,0,0,3261,976829910,2164260897,1048575,48504,0,3
976830873,998,459,-3,-106867,245,726,724,0,0,0,1,3,0,0,3261,976830939,2164260897,1048575,49542,0,3
976831871,998,456,-3,-106864,251,726,724,0,0,0,1,3,0,0,3261,976831925,2164260897,1048575,1,0,3
976832878,1007,453,-3,-106861,252,725,724,0,0,0,1,3,0,0,3261,976832957,2164260897,1048575,486,0,3
976833889,1011,450,-3,-106858,259,725,723,0,0,0,1,3,0,0,3261,976833935,2164260897,1048575,1458,0,3
976834867,978,447,-3,-106855,245,725,724,0,0,0,1,3,0,0,3261,976834937,2164260897,1048575,2469,0,3
976835879,1012,445,-2,-106853,255,725,716,0,0,0,1,3,0,0,3261,976835937,2164260897,1048575,3467,0,3
976836927,1048,442,-3,-106850,304,725,717,0,0,0,1,3,0,0,3261,976837002,2164260897,1048575,4532,0,3
976837850,923,439,-3,-106847,231,724,720,0,0,0,1,3,0,0,3261,976837876,2164260897,1048575,5393,0,3
976838852,1002,436,-3,-106844,229,724,718,0,0,0,1,3,0,0,3261,976838884,2164260897,1048575,6402,0,3
976839851,999,433,-3,-106841,222,724,718,0,0,0,1,3,0,0,3261,976839875,2164260897,1048575,7390,0,3
976840858,1007,430,-3,-106838,228,724,717,0,0,0,1,3,0,0,3261,976840889,2164260897,1048575,8406,0,3
976841852,994,427,-3,-106835,221,723,717,0,0,0,1,3,0,0,3261,976841876,2164260897,1048575,9392,0,3
976842860,1008,424,-3,-106832,228,723,717,0,0,0,1,3,0,0,3261,976842892,2164260897,1048575,10409,0,3
976843843,983,421,-3,-106829,222,723,717,0,0,0,1,3,0,0,3261,976843868,2164260897,1048575,11383,0,3
976844851,1008,418,-3,-106826,228,723,717,0,0,0,1,3,0,0,3261,976844883,2164260897,1048575,12402,0,3
976845937,1086,415,-3,-106823,316,722,715,0,0,0,1,3,0,0,3261,976846031,2164260897,1048575,13563,0,3
976846981,1044,412,-3,-106820,357,722,715,0,0,0,1,3,0,0,3261,976847083,2164260897,1048575,14623,0,3
976847889,908,409,-3,-106817,270,722,723,0,0,0,1,3,0,0,3261,976847960,2164260897,1048575,15484,0,3
976848873,984,407,-2,-106815,254,722,716,0,0,0,1,3,0,0,3261,976848945,2164260897,1048575,16475,0,3
976849874,1001,404,-3,-106812,255,721,707,0,0,0,1,3,0,0,3261,976849909,2164260897,1048575,17426,0,3
976850871,997,401,-3,-106809,245,721,707,0,0,0,1,3,0,0,3261,976850939,2164260897,1048575,18470,0,3
976851878,1007,398,-3,-106806,256,721,716,0,0,0,1,3,0,0,3261,976851945,2164260897,1048575,19480,0,3
976852864,986,395,-3,-106803,242,720,716,0,0,0,1,3,0,0,3261,976852931,2164260897,1048575,20464,0,3
976853870,1006,392,-3,-106800,252,720,716,0,0,0,1,3,0,0,3261,976853912,2164260897,1048575,21447,0,3
976854878,1008,389,-3,-106797,250,720,707,0,0,0,1,3,0,0,3261,976854950,2164260897,1048575,22476,0,3
976855863,985,386,-3,-106794,241,719,708,0,0,0,1,3,0,0,3261,976855903,2164260897,1048575,23423,0,3
976856915,1052,383,-3,-106791,296,719,718,0,0,0,1,3,0,0,3261,976856989,2164260897,1048575,24521,0,3
976857861,946,381,-2,-106789,233,719,712,0,0,0,1,3,0,0,3261,976857892,2164260897,1048575,25410,0,3
976858851,990,378,-3,-106786,229,719,710,0,0,0,1,3,0,0,3261,976858883,2164260897,1048575,26400,0,3
976859852,1001,375,-3,-106783,225,718,710,0,0,0,1,3,0,0,3261,976859879,2164260897,1048575,27396,0,3
976860844,992,372,-3,-106780,224,718,710,0,0,0,1,3,0,0,3261,976860873,2164260897,1048575,28389,0,3
976861853,1009,369,-3,-106777,224,718,709,0,0,0,1,3,0,0,3261,976861881,2164260897,1048575,29401,0,3
976862857,1004,366,-3,-106774,229,717,709,0,0,0,1,3,0,0,3261,976862890,2164260897,1048575,30406,0,3
976863843,986,363,-3,-106771,225,717,710,0,0,0,1,3,0,0,3261,976863869,2164260897,1048575,31386,0,3
976864850,1007,360,-3,-106768,224,717,710,0,0,0,1,3,0,0,3261,976864879,2164260897,1048575,32399,0,3
976865935,1085,357,-3,-106765,314,717,715,0,0,0,1,3,0,0,3261,976866030,2164260897,1048575,33564,0,3
976866992,1057,354,-3,-106762,366,716,715,0,0,0,1,3,0,0,3261,976867097,2164260897,1048575,34637,0,3
976867883,891,351,-3,-106759,266,716,715,0,0,0,1,3,0,0,3261,976867961,2164260897,1048575,35489,0,3
976868885,1002,349,-2,-106757,257,716,707,0,0,0,1,3,0,0,3261,976868957,2164260897,1048575,36483,0,3
976869880,995,346,-3,-106754,254,716,707,0,0,0,1,3,0,0,3261,976869921,2164260897,1048575,37439,0,3
976870877,997,343,-3,-106751,249,715,708,0,0,0,1,3,0,0,3261,976870945,2164260897,1048575,38472,0,3
976871876,999,340,-3,-106748,248,715,707,0,0,0,1,3,0,0,3261,976871929,2164260897,1048575,39451,0,3
976872874,998,337,-3,-106745,243,715,708,0,0,0,1,3,0,0,3261,976872944,2164260897,1048575,40476,0,3
976873888,1014,334,-3,-106742,258,714,707,0,0,0,1,3,0,0,3261,976873940,2164260897,1048575,41466,0,3
976874869,981,331,-3,-106739,247,714,708,0,0,0,1,3,0,0,3261,976874938,2164260897,1048575,42470,0,3
976875890,1021,328,-3,-106736,260,714,708,0,0,0,1,3,0,0,3261,976875955,2164260897,1048575,43490,0,3
976876920,1030,325,-3,-106733,297,714,709,0,0,0,1,3,0,0,3261,976876993,2164260897,1048575,44523,0,3
976877859,939,322,-3,-106730,233,714,712,0,0,0,1,3,0,0,3261,976877886,2164260897,1048575,45407,0,3
976878850,991,320,-2,-106728,230,713,702,0,0,0,1,3,0,0,3261,976878882,2164260897,1048575,46398,0,3
976879851,1001,317,-3,-106725,226,713,709,0,0,0,1,3,0,0,3261,976879876,2164260897,1048575,47391,0,3
976880856,1005,314,-3,-106722,225,713,709,0,0,0,1,3,0,0,3261,976880884,2164260897,1048575,48401,0,3
976881849,993,311,-3,-106719,223,713,709,0,0,0,1,3,0,0,3261,976881872,2164260897,1048575,49387,0,3
976882856,1007,308,-3,-106716,228,713,709,0,0,0,1,3,0,0,3261,976882887,2164260897,1048575,1,0,3
976883861,1005,305,-3,-106713,233,712,709,0,0,0,1,3,0,0,3261,976883893,2164260897,1048575,473,0,3
976884859,998,302,-3,-106710,237,712,709,0,0,0,1,3,0,0,3261,976884907,2164260897,1048575,1491,0,3
976885951,1092,299,-3,-106707,326,712,706,0,0,0,1,3,0,0,3261,976886047,2164260897,1048575,2643,0,3
976886974,1023,296,-3,-106704,351,712,707,0,0,0,1,3,0,0,3261,976887077,2164260897,1048575,3681,0,3
976887903,929,293,-3,-106701,275,712,715,0,0,0,1,3,0,0,3261,976887971,2164260897,1048575,4564,0,3
976888879,976,291,-2,-106699,256,712,707,0,0,0,1,3,0,0,3261,976888950,2164260897,1048575,5542,0,3
976889888,1009,288,-3,-106696,256,712,707,0,0,0,1,3,0,0,3261,976889931,2164260897,1048575,6517,0,3
976890867,979,285,-3,-106693,248,711,707,0,0,0,1,3,0,0,3261,976890932,2164260897,1048575,7530,0,3
976891884,1017,282,-3,-106690,252,711,707,0,0,0,1,3,0,0,3261,976891940,2164260897,1048575,8524,0,3
976892865,981,279,-3,-106687,242,711,708,0,0,0,1,3,0,0,3261,976892934,2164260897,1048575,9528,0,3
976893862,997,276,-3,-106684,244,711,708,0,0,0,1,3,0,0,3261,976893900,2164260897,1048575,10484,0,3
976894881,1019,273,-3,-106681,249,711,707,0,0,0,1,3,0,0,3261,976894951,2164260897,1048575,11544,0,3
976895870,989,271,-2,-106679,250,710,700,0,0,0,1,3,0,0,3261,976895927,2164260897,1048575,12512,0,3
976896911,1041,267,-4,-106675,292,710,709,0,0,0,1,3,0,0,3261,976896983,2164260897,1048575,13579,0,3
976897860,949,265,-2,-106673,239,710,704,0,0,0,1,3,0,0,3261,976897892,2164260897,1048575,14474,0,3
976898858,998,262,-3,-106670,233,710,701,0,0,0,1,3,0,0,3261,976898891,2164260897,1048575,15474,0,3
976899844,986,259,-3,-106667,223,710,710,0,0,0,1,3,0,0,3261,976899868,2164260897,1048575,16448,0,3
976900848,1004,256,-3,-106664,225,710,710,0,0,0,1,3,0,0,3261,976900875,2164260897,1048575,17457,0,3
976901856,1008,253,-3,-106661,225,710,709,0,0,0,1,3,0,0,3261,976901885,2164260897,1048575,18469,0,3
976902851,995,251,-2,-106659,233,709,701,0,0,0,1,3,0,0,3261,976902885,2164260897,1048575,19467,0,3
976903853,1002,248,-3,-106656,224,709,701,0,0,0,1,3,0,0,3261,976903876,2164260897,1048575,20456,0,3
976904855,1002,244,-4,-106652,225,709,710,0,0,0,1,3,0,0,3261,976904884,2164260897,1048575,21471,0,3
976905944,1089,242,-2,-106650,314,709,699,0,0,0,1,3,0,0,3261,976906040,2164260897,1048575,22639,0,3
976906997,1053,239,-3,-106647,353,708,698,0,0,0,1,3,0,0,3261,976907100,2164260897,1048575,23704,0,3
976907886,889,236,-3,-106644,268,708,699,0,0,0,1,3,0,0,3261,976907961,2164260897,1048575,24552,0,3
976908874,988,233,-3,-106641,254,708,707,0,0,0,1,3,0,0,3261,976908945,2164260897,1048575,25539,0,3
976909871,997,230,-3,-106638,252,708,708,0,0,0,1,3,0,0,3261,976909905,2164260897,1048575,26488,0,3
976910870,999,228,-2,-106636,247,708,700,0,0,0,1,3,0,0,3261,976910939,2164260897,1048575,27536,0,3
976911878,1008,225,-3,-106633,254,707,699,0,0,0,1,3,0,0,3261,976911940,2164260897,1048575,28534,0,3
976912874,996,222,-3,-106630,246,707,699,0,0,0,1,3,0,0,3261,976912946,2164260897,1048575,29542,0,3
976913886,1012,219,-3,-106627,255,707,699,0,0,0,1,3,0,0,3261,976913941,2164260897,1048575,30532,0,3
976914872,986,216,-3,-106624,250,706,700,0,0,0,1,3,0,0,3261,976914942,2164260897,1048575,31537,0,3
976915890,1018,213,-3,-106621,258,706,700,0,0,0,1,3,0,0,3261,976915952,2164260897,1048575,32553,0,3
976916916,1026,210,-3,-106618,295,706,702,0,0,0,1,3,0,0,3261,976916987,2164260897,1048575,33582,0,3
976917855,939,207,-3,-106615,233,706,704,0,0,0,1,3,0,0,3261,976917880,2164260897,1048575,34463,0,3
976918854,999,205,-2,-106613,231,705,694,0,0,0,1,3,0,0,3261,976918885,2164260897,1048575,35467,0,3
976919853,999,202,-3,-106610,224,705,702,0,0,0,1,3,0,0,3261,976919876,2164260897,1048575,36456,0,3
976920859,1006,199,-3,-106607,229,705,702,0,0,0,1,3,0,0,3261,976920890,2164260897,1048575,37471,0,3
976921854,995,196,-3,-106604,222,705,701,0,0,0,1,3,0,0,3261,976921878,2164260897,1048575,38459,0,3
976922849,995,193,-3,-106601,229,705,702,0,0,0,1,3,0,0,3261,976922880,2164260897,1048575,39462,0,3
976923847,998,190,-3,-106598,224,705,701,0,0,0,1,3,0,0,3261,976923870,2164260897,1048575,40451,0,3
976924855,1008,187,-3,-106595,229,705,701,0,0,0,1,3,0,0,3261,976924890,2164260897,1048575,41474,0,3
976925943,1088,185,-2,-106593,322,704,698,0,0,0,1,3,0,0,3261,976926039,2164260897,1048575,42637,0,3
976926990,1047,181,-4,-106589,350,704,698,0,0,0,1,3,0,0,3261,976927089,2164260897,1048575,43695,0,3
976927900,910,179,-2,-106587,277,704,699,0,0,0,1,3,0,0,3261,976927970,2164260897,1048575,44561,0,3
976928888,988,176,-3,-106584,258,704,699,0,0,0,1,3,0,0,3261,976928958,2164260897,1048575,45550,0,3
976929891,1003,173,-3,-106581,261,703,699,0,0,0,1,3,0,0,3261,976929929,2164260897,1048575,46514,0,3
976930874,983,170,-3,-106578,247,703,699,0,0,0,1,3,0,0,3261,976930938,2164260897,1048575,47533,0,3
976931870,996,167,-3,-106575,250,703,700,0,0,0,1,3,0,0,3261,976931927,2164260897,1048575,48514,0,3
976932874,1004,165,-2,-106573,244,703,699,0,0,0,1,3,0,0,3261,976932945,2164260897,1048575,49540,0,3
976933880,1006,162,-3,-106570,251,703,699,0,0,0,1,3,0,0,3261,976933919,2164260897,1048575,1,0,3
976934878,998,159,-3,-106567,257,702,691,0,0,0,1,3,0,0,3261,976934958,2164260897,1048575,484,0,3
976935882,1004,156,-3,-106564,253,702,692,0,0,0,1,3,0,0,3261,976935940,2164260897,1048575,1469,0,3
976936929,1047,153,-3,-106561,303,702,701,0,0,0,1,3,0,0,3261,976937001,2164260897,1048575,2534,0,3
976937860,931,151,-2,-106559,230,702,696,0,0,0,1,3,0,0,3261,976937892,2164260897,1048575,3412,0,3
976938857,997,148,-3,-106556,233,701,694,0,0,0,1,3,0,0,3261,976938892,2164260897,1048575,4411,0,3
976939843,986,145,-3,-106553,222,701,694,0,0,0,1,3,0,0,3261,976939868,2164260897,1048575,5384,0,3
976940847,1004,142,-3,-106550,224,701,694,0,0,0,1,3,0,0,3261,976940876,2164260897,1048575,6393,0,3
976941855,1008,139,-3,-106547,224,701,701,0,0,0,1,3,0,0,3261,976941886,2164260897,1048575,7406,0,3
976942853,998,136,-3,-106544,232,701,701,0,0,0,1,3,0,0,3261,976942888,2164260897,1048575,8407,0,3
976943855,1002,134,-2,-106542,223,701,693,0,0,0,1,3,0,0,3261,976943879,2164260897,1048575,9396,0,3
976944843,988,131,-3,-106539,224,700,694,0,0,0,1,3,0,0,3261,976944872,2164260897,1048575,10389,0,3
976945947,1104,128,-3,-106536,313,700,690,0,0,0,1,3,0,0,3261,976946041,2164260897,1048575,11575,0,3
976946985,1038,125,-3,-106533,358,700,690,0,0,0,1,3,0,0,3261,976947085,2164260897,1048575,12625,0,3
976947900,915,122,-3,-106530,269,699,691,0,0,0,1,3,0,0,3261,976947962,2164260897,1048575,13488,0,3
976948888,988,119,-3,-106527,260,699,699,0,0,0,1,3,0,0,3261,976948954,2164260897,1048575,14480,0,3
976949872,984,116,-3,-106524,251,699,699,0,0,0,1,3,0,0,3261,976949907,2164260897,1048575,15426,0,3
976950868,996,114,-2,-106522,244,699,692,0,0,0,1,3,0,0,3261,976950936,2164260897,1048575,16468,0,3
976951877,1009,111,-3,-106519,257,699,691,0,0,0,1,3,0,0,3261,976951940,2164260897,1048575,17471,0,3
976952870,993,108,-3,-106516,243,698,691,0,0,0,1,3,0,0,3261,976952935,2164260897,1048575,18470,0,3
976953874,1004,105,-3,-106513,250,698,691,0,0,0,1,3,0,0,3261,976953922,2164260897,1048575,19450,0,3
976954882,1008,102,-3,-106510,250,698,691,0,0,0,1,3,0,0,3261,976954949,2164260897,1048575,20480,0,3
976955861,979,99,-3,-106507,243,698,693,0,0,0,1,3,0,0,3261,976955905,2164260897,1048575,21427,0,3
976956929,1068,97,-2,-106505,298,697,693,0,0,0,1,3,0,0,3261,976957003,2164260897,1048575,22535,0,3
976957860,931,94,-3,-106502,232,697,688,0,0,0,1,3,0,0,3261,976957890,2164260897,1048575,23409,0,3
976958848,988,91,-3,-106499,229,697,694,0,0,0,1,3,0,0,3261,976958881,2164260897,1048575,24399,0,3
976959849,1001,88,-3,-106496,225,697,694,0,0,0,1,3,0,0,3261,976959876,2164260897,1048575,25395,0,3
976960842,993,85,-3,-106493,224,697,694,0,0,0,1,3,0,0,3261,976960870,2164260897,1048575,26388,0,3
976961852,1010,82,-3,-106490,224,697,694,0,0,0,1,3,0,0,3261,976961880,2164260897,1048575,27399,0,3
976962855,1003,80,-2,-106488,228,696,686,0,0,0,1,3,0,0,3261,976962888,2164260897,1048575,28405,0,3
976963855,1000,77,-3,-106485,225,696,693,0,0,0,1,3,0,0,3261,976963882,2164260897,1048575,29400,0,3
976964846,991,74,-3,-106482,223,696,694,0,0,0,1,3,0,0,3261,976964875,2164260897,1048575,30393,0,3
976965950,1104,71,-3,-106479,316,696,690,0,0,0,1,3,0,0,3261,976966045,2164260897,1048575,31580,0,3
976966982,1032,68,-3,-106476,354,696,691,0,0,0,1,3,0,0,3261,976967086,2164260897,1048575,32628,0,3
976967906,924,65,-3,-106473,274,696,699,0,0,0,1,3,0,0,3261,976967969,2164260897,1048575,33496,0,3
976968893,987,63,-2,-106471,267,695,691,0,0,0,1,3,0,0,3261,976968964,2164260897,1048575,34492,0,3
976969875,982,60,-3,-106468,252,695,691,0,0,0,1,3,0,0,3261,976969907,2164260897,1048575,35425,0,3
976970865,990,57,-3,-106465,242,695,691,0,0,0,1,3,0,0,3261,976970929,2164260897,1048575,36463,0,3
976971887,1022,54,-3,-106462,257,695,691,0,0,0,1,3,0,0,3261,976971944,2164260897,1048575,37475,0,3
976972873,986,52,-2,-106460,245,694,683,0,0,0,1,3,0,0,3261,976972946,2164260897,1048575,38477,0,3
976973886,1013,49,-3,-106457,256,694,691,0,0,0,1,3,0,0,3261,976973941,2164260897,1048575,39471,0,3
976974869,983,46,-3,-106454,249,694,691,0,0,0,1,3,0,0,3261,976974937,2164260897,1048575,40470,0,3
976975875,1006,43,-3,-106451,252,694,692,0,0,0,1,3,0,0,3261,976975934,2164260897,1048575,41467,0,3
976976926,1051,40,-3,-106448,295,694,694,0,0,0,1,3,0,0,3261,976976998,2164260897,1048575,42531,0,3
976977854,928,38,-2,-106446,232,694,688,0,0,0,1,3,0,0,3261,976977881,2164260897,1048575,43400,0,3
976978853,999,35,-3,-106443,229,694,686,0,0,0,1,3,0,0,3261,976978886,2164260897,1048575,44402,0,3
976979853,1000,32,-3,-106440,225,693,686,0,0,0,1,3,0,0,3261,976979879,2164260897,1048575,45397,0,3
976980844,991,29,-3,-106437,223,693,686,0,0,0,1,3,0,0,3261,976980873,2164260897,1048575,46390,0,3
976981853,1009,26,-3,-106434,224,693,693,0,0,0,1,3,0,0,3261,976981881,2164260897,1048575,47401,0,3
976982856,1003,23,-3,-106431,229,693,694,0,0,0,1,3,0,0,3261,976982888,2164260897,1048575,48406,0,3
976983856,1000,21,-2,-106429,225,693,685,0,0,0,1,3,0,0,3261,976983884,2164260897,1048575,49401,0,3
976984848,992,18,-3,-106426,223,692,686,0,0,0,1,3,0,0,3261,976984877,2164260897,1048575,1,0,3
976986030,1182,14,-4,-106422,324,692,688,0,0,0,1,3,0,0,3261,976986132,2164260897,1048575,517,0,3
976987021,991,12,-2,-106420,381,692,690,0,0,0,1,3,0,0,3261,976987119,2164260897,1048575,1511,0,3
976987895,874,9,-3,-106417,274,692,691,0,0,0,1,3,0,0,3261,976987970,2164260897,1048575,2357,0,3
976988898,1003,6,-3,-106414,265,692,691,0,0,0,1,3,0,0,3261,976988968,2164260897,1048575,3347,0,3
976989869,971,4,-2,-106412,248,692,683,0,0,0,1,3,0,0,3261,976989911,2164260897,1048575,4284,0,3
976990886,1017,1,-3,-106409,253,691,683,0,0,0,1,3,0,0,3261,976990955,2164260897,1048575,5334,0,3
976991875,989,4094,-3,-106406,252,691,683,0,0,0,1,3,0,0,3261,976991925,2164260897,1048575,6299,0,3
976992858,983,4091,-3,-106403,240,691,692,0,0,0,1,3,0,0,3261,976992926,2164260897,1048575,7316,0,3
976993872,1014,4088,-3,-106400,253,691,691,0,0,0,1,3,0,0,3261,976993905,2164260897,1048575,8278,0,3
976994876,1004,4086,-2,-106398,244,691,683,0,0,0,1,3,0,0,3261,976994943,2164260897,1048575,9323,0,3
976995881,1005,4083,-3,-106395,254,690,684,0,0,0,1,3,0,0,3261,976995932,2164260897,1048575,10313,0,3
976996912,1031,4080,-3,-106392,293,690,686,0,0,0,1,3,0,0,3261,976996989,2164260897,1048575,11373,0,3
976997860,948,4077,-3,-106389,233,690,688,0,0,0,1,3,0,0,3261,976997888,2164260897,1048575,12259,0,3
976998848,988,4075,-2,-106387,230,690,679,0,0,0,1,3,0,0,3261,976998880,2164260897,1048575,13251,0,3
976999850,1002,4072,-3,-106384,226,690,686,0,0,0,1,3,0,0,3261,976999877,2164260897,1048575,14247,0,3
977000842,992,4069,-3,-106381,224,689,686,0,0,0,1,3,0,0,3261,977000871,2164260897,1048575,15240,0,3
977001851,1009,4066,-3,-106378,223,689,685,0,0,0,1,3,0,0,3261,977001880,2164260897,1048575,16252,0,3
977002855,1004,4063,-3,-106375,229,689,686,0,0,0,1,3,0,0,3261,977002887,2164260897,1048575,17256,0,3
977003855,1000,4061,-2,-106373,225,689,686,0,0,0,1,3,0,0,3261,977003882,2164260897,1048575,18251,0,3
977004846,991,4058,-3,-106370,223,689,686,0,0,0,1,3,0,0,3261,977004875,2164260897,1048575,19244,0,3
977005937,1091,4055,-3,-106367,317,689,682,0,0,0,1,3,0,0,3261,977006031,2164260897,1048575,20417,0,3
977006992,1055,4052,-3,-106364,359,688,682,0,0,0,1,3,0,0,3261,977007093,2164260897,1048575,21486,0,3
977007900,908,4049,-3,-106361,271,688,691,0,0,0,1,3,0,0,3261,977007968,2164260897,1048575,22347,0,3
977008879,979,4047,-2,-106359,255,688,683,0,0,0,1,3,0,0,3261,977008953,2164260897,1048575,23333,0,3
977009877,998,4044,-3,-106356,256,688,683,0,0,0,1,3,0,0,3261,977009922,2164260897,1048575,24294,0,3
977010877,1000,4041,-3,-106353,248,688,683,0,0,0,1,3,0,0,3261,977010947,2164260897,1048575,25325,0,3
977011876,999,4038,-3,-106350,249,688,683,0,0,0,1,3,0,0,3261,977011934,2164260897,1048575,26313,0,3
977012871,995,4035,-3,-106347,247,687,683,0,0,0,1,3,0,0,3261,977012941,2164260897,1048575,27325,0,3
977013875,1004,4032,-3,-106344,247,688,691,0,0,0,1,3,0,0,3261,977013919,2164260897,1048575,28299,0,3
977014869,994,4030,-2,-106342,249,687,683,0,0,0,1,3,0,0,3261,977014938,2164260897,1048575,29322,0,3
977015871,1002,4027,-3,-106339,246,687,685,0,0,0,1,3,0,0,3261,977015924,2164260897,1048575,30299,0,3
977016919,1048,4024,-3,-106336,294,687,680,0,0,0,1,3,0,0,3261,977016991,2164260897,1048575,31376,0,3
977017865,946,4022,-2,-106334,235,687,681,0,0,0,1,3,0,0,3261,977017895,2164260897,1048575,32266,0,3
977018860,995,4019,-3,-106331,233,686,678,0,0,0,1,3,0,0,3261,977018894,2164260897,1048575,33264,0,3
977019845,985,4016,-3,-106328,223,686,678,0,0,0,1,3,0,0,3261,977019869,2164260897,1048575,34237,0,3
977020851,1006,4013,-3,-106325,225,686,686,0,0,0,1,3,0,0,3261,977020878,2164260897,1048575,35249,0,3
977021846,995,4010,-3,-106322,225,686,686,0,0,0,1,3,0,0,3261,977021874,2164260897,1048575,36244,0,3
977022865,1019,4008,-2,-106320,232,686,675,0,0,0,1,3,0,0,3261,977022899,2164260897,1048575,37270,0,3
977023851,986,4005,-3,-106317,223,685,677,0,0,0,1,3,0,0,3261,977023874,2164260897,1048575,38242,0,3
977024854,1003,4002,-3,-106314,225,685,678,0,0,0,1,3,0,0,3261,977024882,2164260897,1048575,39256,0,3
977025939,1085,3999,-3,-106311,318,685,682,0,0,0,1,3,0,0,3261,977026035,2164260897,1048575,40421,0,3
977026984,1045,3996,-3,-106308,356,685,682,0,0,0,1,3,0,0,3261,977027085,2164260897,1048575,41478,0,3
977027893,909,3993,-3,-106305,269,685,683,0,0,0,1,3,0,0,3261,977027967,2164260897,1048575,42344,0,3
977028885,992,3991,-2,-106303,255,685,683,0,0,0,1,3,0,0,3261,977028958,2164260897,1048575,43337,0,3
977029891,1006,3988,-3,-106300,261,685,683,0,0,0,1,3,0,0,3261,977029924,2164260897,1048575,44295,0,3
977030865,974,3985,-3,-106297,241,685,683,0,0,0,1,3,0,0,3261,977030934,2164260897,1048575,45319,0,3
977031878,1013,3982,-3,-106294,258,684,683,0,0,0,1,3,0,0,3261,977031938,2164260897,1048575,46320,0,3
977032865,987,3980,-2,-106292,241,684,675,0,0,0,1,3,0,0,3261,977032935,2164260897,1048575,47320,0,3
977033876,1011,3977,-3,-106289,253,684,683,0,0,0,1,3,0,0,3261,977033923,2164260897,1048575,48306,0,3
977034865,989,3974,-3,-106286,245,684,683,0,0,0,1,3,0,0,3261,977034934,2164260897,1048575,49318,0,3
977035881,1016,3971,-3,-106283,255,684,684,0,0,0,1,3,0,0,3261,977035936,2164260897,1048575,2,0,3
977036931,1050,3969,-2,-106281,311,684,677,0,0,0,1,3,0,0,3261,977037005,2164260897,1048575,466,0,3
977037861,930,3966,-3,-106278,231,684,680,0,0,0,1,3,0,0,3261,977037895,2164260897,1048575,1346,0,3
977038856,995,3963,-3,-106275,231,683,678,0,0,0,1,3,0,0,3261,977038890,2164260897,1048575,2340,0,3
977039844,988,3960,-3,-106272,225,684,686,0,0,0,1,3,0,0,3261,977039871,2164260897,1048575,3320,0,3
977040850,1006,3957,-3,-106269,224,684,686,0,0,0,1,3,0,0,3261,977040879,2164260897,1048575,4330,0,3
977041845,995,3955,-2,-106267,224,683,678,0,0,0,1,3,0,0,3261,977041874,2164260897,1048575,5323,0,3
977042860,1015,3952,-3,-106264,229,683,678,0,0,0,1,3,0,0,3261,977042892,2164260897,1048575,6341,0,3
977043844,984,3949,-3,-106261,225,683,678,0,0,0,1,3,0,0,3261,977043871,2164260897,1048575,7320,0,3
977044851,1007,3946,-3,-106258,224,683,678,0,0,0,1,3,0,0,3261,977044879,2164260897,1048575,8331,0,3
977045939,1088,3943,-3,-106255,312,683,682,0,0,0,1,3,0,0,3261,977046027,2164260897,1048575,9491,0,3
977047000,1061,3941,-2,-106253,365,682,674,0,0,0,1,3,0,0,3261,977047101,2164260897,1048575,10575,0,3
977047890,890,3938,-3,-106250,266,682,683,0,0,0,1,3,0,0,3261,977047962,2164260897,1048575,11422,0,3
977048875,985,3935,-3,-106247,254,682,683,0,0,0,1,3,0,0,3261,977048948,2164260897,1048575,12409,0,3
977049876,1001,3933,-2,-106245,255,682,675,0,0,0,1,3,0,0,3261,977049916,2164260897,1048575,13366,0,3
977050873,997,3930,-3,-106242,246,682,675,0,0,0,1,3,0,0,3261,977050939,2164260897,1048575,14405,0,3
977051876,1003,3927,-3,-106239,251,682,675,0,0,0,1,3,0,0,3261,977051930,2164260897,1048575,15391,0,3
977052867,991,3924,-3,-106236,246,682,684,0,0,0,1,3,0,0,3261,977052934,2164260897,1048575,16402,0,3
977053880,1013,3921,-3,-106233,254,682,683,0,0,0,1,3,0,0,3261,977053931,2164260897,1048575,17397,0,3
977054869,989,3919,-2,-106231,250,681,675,0,0,0,1,3,0,0,3261,977054939,2164260897,1048575,18403,0,3
977055873,1004,3916,-3,-106228,255,681,677,0,0,0,1,3,0,0,3261,977055928,2164260897,1048575,19390,0,3
977056913,1040,3913,-3,-106225,295,681,678,0,0,0,1,3,0,0,3261,977056986,2164260897,1048575,20451,0,3
977057857,944,3910,-3,-106222,232,681,680,0,0,0,1,3,0,0,3261,977057883,2164260897,1048575,21333,0,3
977058854,997,3908,-2,-106220,229,681,670,0,0,0,1,3,0,0,3261,977058886,2164260897,1048575,22336,0,3
977059854,1000,3905,-3,-106217,225,681,678,0,0,0,1,3,0,0,3261,977059881,2164260897,1048575,23331,0,3
977060846,992,3902,-3,-106214,224,680,678,0,0,0,1,3,0,0,3261,977060875,2164260897,1048575,24324,0,3
977061854,1008,3899,-3,-106211,224,680,678,0,0,0,1,3,0,0,3261,977061884,2164260897,1048575,25335,0,3
977062858,1004,3897,-2,-106209,229,680,670,0,0,0,1,3,0,0,3261,977062890,2164260897,1048575,26340,0,3
977063843,985,3894,-3,-106206,225,680,678,0,0,0,1,3,0,0,3261,977063870,2164260897,1048575,27319,0,3
977064850,1007,3891,-3,-106203,223,680,678,0,0,0,1,3,0,0,3261,977064879,2164260897,1048575,28333,0,3
977065948,1098,3888,-3,-106200,318,680,674,0,0,0,1,3,0,0,3261,977066043,2164260897,1048575,29511,0,3
977066983,1035,3885,-3,-106197,352,680,682,0,0,0,1,3,0,0,3261,977067082,2164260897,1048575,30554,0,3
977067901,918,3883,-2,-106195,271,679,675,0,0,0,1,3,0,0,3261,977067968,2164260897,1048575,31425,0,3
977068888,987,3880,-3,-106192,258,679,675,0,0,0,1,3,0,0,3261,977068958,2164260897,1048575,32417,0,3
977071055,2167,3874,-6,-106186,359,679,671,0,0,0,1,5,1,350,3261,977071160,2164654143,1048575,3,0,2
977072050,995,3871,-3,-106183,261,679,679,0,0,0,1,5,1,350,3261,977072093,2164654143,1048575,385,0,2
977072405,355,3870,-1,-106182,259,679,679,0,0,0,1,5,1,350,3261,977072434,2164654143,1048575,718,0,2
977072842,437,3869,-1,-106181,223,679,677,0,0,0,1,5,1,350,3261,977072869,2164654143,1048575,1152,0,2
977073873,1031,3866,-3,-106178,244,678,675,0,0,0,1,5,1,350,3261,977073937,2164654143,1048575,2239,0,2
977074911,1038,3863,-3,-106175,280,678,674,0,0,0,1,5,1,350,3261,977074993,2164654143,1048575,3287,0,2
977075869,958,3860,-3,-106172,250,678,677,0,0,0,1,5,1,350,3261,977075929,2164654143,1048575,4231,0,2
977076936,1067,3857,-3,-106169,306,678,677,0,0,0,1,5,1,350,3261,977077005,2164654143,1048575,5303,0,2
977077850,914,3854,-3,-106166,230,679,689,0,0,0,1,5,1,350,3261,977077876,2164654143,1048575,6158,0,2
977078852,1002,3851,-3,-106163,227,679,686,0,0,0,1,5,1,350,3261,977078887,2164654143,1048575,7172,0,2
977079850,998,3848,-3,-106160,230,679,686,0,0,0,1,5,1,350,3261,977079875,2164654143,1048575,8157,0,2
977080846,996,3846,-2,-106158,225,679,686,0,0,0,1,5,1,350,3261,977080877,2164654143,1048575,9161,0,2
977081848,1002,3843,-3,-106155,223,680,686,0,0,0,1,5,1,350,3261,977081892,2164654143,1048575,10176,0,2
977082858,1010,3841,-2,-106153,225,680,678,0,0,0,1,5,1,350,3261,977082890,2164654143,1048575,11175,0,2
977083857,999,3838,-3,-106150,232,679,678,0,0,0,1,5,1,350,3261,977083887,2164654143,1048575,12169,0,2
977084839,982,3835,-3,-106147,221,679,678,0,0,0,1,5,1,350,3261,977084868,2164654143,1048575,13151,0,2
977085936,1097,3832,-3,-106144,314,680,682,0,0,0,1,5,1,350,3261,977086015,2164654143,1048575,14316,0,2
977087000,1064,3830,-2,-106142,375,679,674,0,0,0,1,5,1,350,3261,977087102,2164654143,1048575,15410,0,2
977087880,880,3828,-2,-106140,262,679,667,0,0,0,1,5,1,350,3261,977087940,2164654143,1048575,16236,0,2
977088867,987,3825,-3,-106137,249,679,675,0,0,0,1,5,1,350,3261,977088936,2164654143,1048575,17234,0,2
977089880,1013,3822,-3,-106134,249,679,675,0,0,0,1,5,1,350,3261,977089917,2164654143,1048575,18202,0,2
977090871,991,3819,-3,-106131,245,678,675,0,0,0,1,5,1,350,3261,977090932,2164654143,1048575,19228,0,2
977091872,1001,3817,-2,-106129,252,678,667,0,0,0,1,5,1,350,3261,977091926,2164654143,1048575,20220,0,2
977092868,996,3814,-3,-106126,236,678,675,0,0,0,1,5,1,350,3261,977092930,2164654143,1048575,21229,0,2
977093876,1008,3811,-3,-106123,252,678,675,0,0,0,1,5,1,350,3261,977093917,2164654143,1048575,22208,0,2
977094872,996,3808,-3,-106120,245,678,675,0,0,0,1,5,1,350,3261,977094935,2164654143,1048575,23232,0,2
977095870,998,3806,-2,-106118,247,677,669,0,0,0,1,5,1,350,3261,977095920,2164654143,1048575,24214,0,2
977096938,1068,3802,-4,-106114,305,677,678,0,0,0,1,5,1,350,3261,977097011,2164654143,1048575,25310,0,2
977097860,922,3800,-2,-106112,234,677,672,0,0,0,1,5,1,350,3261,977097891,2164654143,1048575,26174,0,2
977098855,995,3797,-3,-106109,230,677,678,0,0,0,1,5,1,350,3261,977098887,2164654143,1048575,27170,0,2
977099846,991,3794,-3,-106106,225,677,678,0,0,0,1,5,1,350,3261,977099873,2164654143,1048575,28156,0,2
977100844,998,3791,-3,-106103,224,677,680,0,0,0,1,5,1,350,3261,977100872,2164654143,1048575,29155,0,2
977101843,999,3788,-3,-106100,224,677,682,0,0,0,1,5,1,350,3261,977101871,2164654143,1048575,30155,0,2
977102849,1006,3785,-3,-106097,228,678,683,0,0,0,1,5,1,350,3261,977102882,2164654143,1048575,31165,0,2
977103856,1007,3782,-3,-106094,225,678,685,0,0,0,1,5,1,350,3261,977103884,2164654143,1048575,32167,0,2
977104855,999,3780,-2,-106092,224,678,678,0,0,0,1,5,1,350,3261,977104884,2164654143,1048575,33172,0,2
977105940,1085,3776,-4,-106088,313,678,682,0,0,0,1,5,1,350,3261,977106027,2164654143,1048575,34323,0,2
977107002,1062,3773,-3,-106085,368,678,682,0,0,0,1,5,1,350,3261,977107106,2164654143,1048575,35416,0,2
977107887,885,3771,-2,-106083,266,678,675,0,0,0,1,5,1,350,3261,977107951,2164654143,1048575,36245,0,2
977108888,1001,3768,-3,-106080,259,678,675,0,0,0,1,5,1,350,3261,977108952,2164654143,1048575,37245,0,2
977109868,980,3765,-3,-106077,244,678,675,0,0,0,1,5,1,350,3261,977109904,2164654143,1048575,38190,0,2
977110880,1012,3763,-2,-106075,251,678,675,0,0,0,1,5,1,350,3261,977110945,2164654143,1048575,39238,0,2
977111878,998,3760,-3,-106072,247,678,675,0,0,0,1,5,1,350,3261,977111927,2164654143,1048575,40218,0,2
977112864,986,3757,-3,-106069,242,678,683,0,0,0,1,5,1,350,3261,977112927,2164654143,1048575,41230,0,2
977113872,1008,3755,-2,-106067,249,678,675,0,0,0,1,5,1,350,3261,977113912,2164654143,1048575,42202,0,2
977114868,996,3752,-3,-106064,245,678,675,0,0,0,1,5,1,350,3261,977114928,2164654143,1048575,43222,0,2
977115878,1010,3749,-3,-106061,247,678,676,0,0,0,1,5,1,350,3261,977115941,2164654143,1048575,44241,0,2
977116925,1047,3747,-2,-106059,298,677,670,0,0,0,1,5,1,350,3261,977116997,2164654143,1048575,45294,0,2
977117865,940,3744,-3,-106056,233,677,680,0,0,0,1,5,1,350,3261,977117897,2164654143,1048575,46186,0,2
977118853,988,3742,-2,-106054,229,677,678,0,0,0,1,5,1,350,3261,977118886,2164654143,1048575,47169,0,2
977119845,992,3739,-3,-106051,225,677,678,0,0,0,1,5,1,350,3261,977119872,2164654143,1048575,48154,0,2
977120842,997,3736,-3,-106048,224,677,678,0,0,0,1,5,1,350,3261,977120870,2164654143,1048575,49154,0,2
977121843,1001,3734,-2,-106046,224,677,670,0,0,0,1,5,1,350,3261,977121871,2164654105,1048575,1,0,2
977122863,1020,3731,-3,-106043,238,677,677,0,0,0,1,5,1,350,3261,977122899,2164654105,1048575,490,0,2
977123848,985,3728,-3,-106040,223,677,678,0,0,0,1,5,1,350,3261,977123872,2164654105,1048575,1461,0,2
977124846,998,3725,-3,-106037,228,677,678,0,0,0,1,5,1,350,3261,977124877,2164654105,1048575,2470,0,2
977125936,1090,3722,-3,-106034,317,677,682,0,0,0,1,5,1,350,3261,977126032,2164654105,1048575,3638,0,2
977126999,1063,3719,-3,-106031,371,677,674,0,0,0,1,5,1,350,3261,977127102,2164654105,1048575,4718,0,2
977127883,884,3716,-3,-106028,265,678,683,0,0,0,1,5,1,350,3261,977127948,2164654105,1048575,5547,0,2
977128878,995,3713,-3,-106025,252,678,683,0,0,0,1,5,1,350,3261,977128951,2164654105,1048575,6555,0,2
977129878,1000,3710,-3,-106022,250,678,683,0,0,0,1,5,1,350,3261,977129913,2164654105,1048575,7505,0,2
977130874,996,3707,-3,-106019,249,678,683,0,0,0,1,5,1,350,3261,977130940,2164654105,1048575,8545,0,2
977131877,1003,3704,-3,-106016,251,678,683,0,0,0,1,5,1,350,3261,977131933,2164654105,1048575,9535,0,2
977132869,992,3701,-3,-106013,243,678,683,0,0,0,1,5,1,350,3261,977132935,2164654105,1048575,10541,0,2
977133880,1011,3698,-3,-106010,253,679,683,0,0,0,1,5,1,350,3261,977133927,2164654105,1048575,11525,0,2
977134878,998,3695,-3,-106007,247,679,691,0,0,0,1,5,1,350,3261,977134946,2164654105,1048575,12550,0,2
977135864,986,3693,-2,-106005,246,679,685,0,0,0,1,5,1,350,3261,977135920,2164654105,1048575,13520,0,2
977136923,1059,3690,-3,-106002,296,679,678,0,0,0,1,5,1,350,3261,977136999,2164654105,1048575,14606,0,2
977137855,932,3687,-3,-105999,236,679,681,0,0,0,1,5,1,350,3261,977137883,2164654105,1048575,15476,0,2
977138848,993,3684,-3,-105996,229,680,686,0,0,0,1,5,1,350,3261,977138880,2164654105,1048575,16470,0,2
977139854,1006,3682,-2,-105994,225,680,678,0,0,0,1,5,1,350,3261,977139881,2164654105,1048575,17472,0,2
977140852,998,3679,-3,-105991,223,679,678,0,0,0,1,5,1,350,3261,977140881,2164654105,1048575,18471,0,2
977141850,998,3676,-3,-105988,221,680,686,0,0,0,1,5,1,350,3261,977141874,2164654105,1048575,19463,0,2
977142849,999,3674,-2,-105986,228,680,678,0,0,0,1,5,1,350,3261,977142882,2164654105,1048575,20472,0,2
977143856,1007,3672,-2,-105984,225,679,670,0,0,0,1,5,1,350,3261,977143884,2164654105,1048575,21474,0,2
977144855,999,3669,-3,-105981,224,679,678,0,0,0,1,5,1,350,3261,977144885,2164654105,1048575,22480,0,2
977145937,1082,3666,-3,-105978,312,679,674,0,0,0,1,5,1,350,3261,977146024,2164654105,1048575,23629,0,2
977146989,1052,3663,-3,-105975,363,679,682,0,0,0,1,5,1,350,3261,977147095,2164654105,1048575,24710,0,2
977147893,904,3661,-2,-105973,267,679,675,0,0,0,1,5,1,350,3261,977147955,2164654105,1048575,25553,0,2
977148878,985,3658,-3,-105970,253,679,683,0,0,0,1,5,1,350,3261,977148949,2164654105,1048575,26551,0,2
977150387,1509,3654,-4,-105966,488,679,679,645,645,2935,1,6,1,350,0,977150554,2164654105,1048575,28179,0,0
977151048,661,3652,-2,-105964,323,679,679,645,645,2933,1,6,1,350,1,977151097,2164654105,1048575,28697,0,0
977151896,848,3649,-3,-105961,265,680,691,645,645,2930,1,6,1,350,3,977151966,2164654105,1048575,29571,0,0
977152915,1019,3646,-3,-105958,285,680,691,645,645,2928,1,6,1,350,5,977152988,2164654105,1048575,30590,0,0
977153905,990,3644,-2,-105956,279,680,682,645,645,2926,1,6,1,350,7,977153993,2164654105,1048575,31596,0,0
977154927,1022,3641,-3,-105953,297,680,682,645,645,2923,1,6,1,350,9,977154995,2164654105,1048575,32604,0,0
977155872,945,3638,-3,-105950,245,680,685,645,645,2921,1,6,1,350,11,977155922,2164654105,1048575,33518,0,0
977156946,1074,3635,-3,-105947,313,680,685,645,645,2918,1,6,1,350,13,977157019,2164654105,1048575,34625,0,0
977157858,912,3633,-2,-105945,238,680,680,645,645,2916,1,6,1,350,15,977157886,2164654105,1048575,35483,0,0
977158911,1053,3630,-3,-105942,288,680,675,645,645,2914,1,6,1,350,17,977158985,2164654105,1048575,36592,0,0
977159866,955,3627,-3,-105939,234,680,678,645,645,2911,1,6,1,350,19,977159896,2164654105,1048575,37487,0,0
977160862,996,3624,-3,-105936,233,680,678,645,645,2908,1,6,1,350,21,977160897,2164654105,1048575,38490,0,0
977161855,993,3622,-2,-105934,224,680,670,645,645,2907,1,6,1,350,23,977161883,2164654105,1048575,39479,0,0
977162904,1049,3619,-3,-105931,271,679,667,645,645,2904,1,6,1,350,26,977162966,2164654105,1048575,40564,0,0
977163863,959,3616,-3,-105928,233,679,670,645,645,2901,1,6,1,350,28,977163893,2164654105,1048575,41486,0,0
977164859,996,3613,-3,-105925,232,678,670,645,645,2899,1,6,1,350,30,977164899,2164654105,1048575,42497,0,0
977165957,1098,3610,-3,-105922,326,678,673,645,645,2896,1,6,1,350,32,977166073,2164654105,1048575,43681,0,0
977167119,1162,3607,-3,-105919,479,678,671,645,645,2893,1,6,1,350,35,977167259,2164654105,1048575,44873,0,0
977167942,823,3604,-3,-105916,311,678,674,645,645,2891,1,6,1,350,36,977168017,2164654105,1048575,45616,0,0
977168900,958,3602,-2,-105914,271,677,666,645,645,2889,1,6,1,350,38,977168944,2164654105,1048575,46540,0,0
977169897,997,3599,-3,-105911,263,677,674,645,645,2886,1,6,1,350,40,977169984,2164654105,1048575,47595,0,0
977170920,1023,3596,-3,-105908,294,677,674,645,645,2884,1,6,1,350,42,977170999,2164654105,1048575,48599,0,0
977171889,969,3593,-3,-105905,261,677,675,645,645,2881,1,6,1,350,44,977171937,2164654105,1048575,49536,0,0
977172886,997,3590,-3,-105902,263,677,683,645,645,2878,1,6,1,350,46,977172962,17170432,369,1,0,0
977173895,1009,3587,-3,-105899,270,678,691,645,645,2876,1,6,1,350,48,977173980,17170432,369,486,0,0
977174943,1048,3584,-3,-105896,316,678,690,570,645,2873,1,6,1,350,51,977175029,17170432,369,1540,0,0
977175865,922,3582,-2,-105894,243,678,685,570,645,2871,1,6,1,350,52,977175909,17170432,369,2411,0,0
977176944,1079,3579,-3,-105891,310,679,685,570,645,2869,1,6,1,350,55,977177020,17170432,369,3535,0,0
977177858,914,3576,-3,-105888,233,679,688,570,645,2866,1,6,1,350,56,977177886,17170432,369,4387,0,0
977178919,1061,3573,-3,-105885,289,680,691,570,645,2863,1,6,1,350,59,977178994,17170432,369,5499,0,0
977179871,952,3570,-3,-105882,242,680,693,570,645,2861,1,6,1,350,61,977179904,17170432,369,6401,0,0
977180856,985,3568,-2,-105880,235,680,689,570,645,2859,1,6,1,350,63,977180893,17170432,369,7389,0,0
977181851,995,3565,-3,-105877,224,681,690,570,645,2856,1,6,1,350,65,977181879,17170432,369,8379,0,0
977182898,1047,3562,-3,-105874,275,681,685,570,645,2854,1,6,1,350,67,977182962,17170432,369,9466,0,0
977183859,961,3559,-3,-105871,236,681,686,570,645,2851,1,6,1,350,69,977183894,17170432,369,10391,0,0
977184864,1005,3556,-3,-105868,235,682,694,570,645,2849,1,6,1,350,71,977184915,17170432,369,11418,0,0
977185954,1090,3553,-3,-105865,330,682,690,570,645,2846,1,6,1,350,73,977186094,17170432,369,12609,0,0
977187120,1166,3550,-3,-105862,473,682,688,570,645,2843,1,6,1,350,76,977187298,17170432,369,13815,0,0
977187938,818,3548,-2,-105860,312,683,690,570,645,2842,1,6,1,350,77,977188012,17170432,369,14518,0,0
977188902,964,3545,-3,-105857,270,683,692,570,645,2839,1,6,1,350,79,977188980,17170432,369,15480,0,0
977189909,1007,3542,-3,-105854,278,683,691,570,645,2836,1,6,1,350,81,977190015,17170432,369,16534,0,0
977190948,1039,3539,-3,-105851,315,683,690,570,645,2834,1,6,1,350,84,977191047,17170432,369,17550,0,0
977191871,923,3536,-3,-105848,251,684,699,570,645,2831,1,6,1,350,85,977191916,17170432,369,18422,0,0
977192904,1033,3533,-3,-105845,273,685,700,570,645,2828,1,6,1,350,88,977192964,17170432,369,19468,0,0
977193882,978,3531,-2,-105843,250,685,691,570,645,2827,1,6,1,350,90,977193945,17170432,369,20451,0,0
977194922,1040,3528,-3,-105840,290,685,690,570,645,2824,1,6,1,350,92,977195002,17170432,369,21505,0,0
977195862,940,3525,-3,-105837,239,685,693,570,643,2821,1,6,1,350,94,977195905,17170432,369,22409,0,0
977196992,1130,3522,-3,-105834,348,686,692,570,643,2819,1,6,1,350,96,977197072,17170432,369,23587,0,0
977197859,867,3519,-3,-105831,240,686,699,570,639,2816,1,6,1,350,98,977197899,17170432,369,24401,0,0
977198909,1050,3516,-3,-105828,285,687,700,570,639,2813,1,6,1,350,100,977198975,17170432,369,25479,0,0
977199889,980,3513,-3,-105825,263,687,701,563,636,2811,1,6,1,350,102,977199938,17170432,369,26440,0,0
977200868,979,3510,-3,-105822,248,688,702,563,636,2808,1,6,1,350,104,977200914,17170432,369,27413,0,0
977201858,990,3508,-2,-105820,228,688,694,563,633,2806,1,6,1,350,106,977201888,17170432,369,28389,0,0
977202899,1041,3505,-3,-105817,279,688,691,563,633,2804,1,6,1,350,108,977202966,17170432,369,29470,0,0
977203859,960,3502,-3,-105814,236,688,694,563,629,2801,1,6,1,350,110,977203895,17170432,369,30391,0,0
977204857,998,3499,-3,-105811,232,689,694,563,629,2798,1,6,1,350,112,977204899,17170432,369,31401,0,0
977205976,1119,3496,-3,-105808,345,689,697,563,626,2796,1,6,1,350,114,977206108,17170432,369,32626,0,0
977207070,1094,3493,-3,-105805,438,689,697,563,623,2793,1,6,1,350,117,977207234,17170432,369,33762,0,0
977207946,876,3490,-3,-105802,321,690,698,563,623,2791,1,6,1,350,118,977208014,17170432,369,34518,0,0
977208899,953,3488,-2,-105800,266,690,692,563,623,2789,1,6,1,350,120,977208958,17170432,369,35461,0,0
977209886,987,3485,-3,-105797,265,690,691,563,621,2786,1,6,1,350,122,977209971,17170432,369,36481,0,0
977210927,1041,3482,-3,-105794,307,690,698,563,619,2783,1,6,1,350,124,977211041,17170432,369,37548,0,0
977211883,956,3479,-3,-105791,256,690,699,563,619,2781,1,6,1,350,126,977211943,17170432,369,38444,0,0
977212889,1006,3476,-3,-105788,271,691,700,563,616,2778,1,6,1,350,128,977212964,17170432,369,39467,0,0
977213875,986,3473,-3,-105785,252,691,699,563,614,2776,1,6,1,350,130,977213932,17170432,369,40435,0,0
977214927,1052,3470,-3,-105782,296,692,698,563,614,2773,1,6,1,350,132,977215009,17170432,369,41513,0,0
977215865,938,3467,-3,-105779,246,692,701,563,611,2770,1,6,1,350,134,977215918,17170432,369,42421,0,0
977216983,1118,3464,-3,-105776,346,692,700,563,609,2768,1,6,1,350,136,977217063,17170432,369,43583,0,0
977217873,890,3461,-3,-105773,243,693,707,563,609,2765,1,6,1,350,138,977217915,17170432,369,44418,0,0
977218910,1037,3459,-2,-105771,282,693,700,563,606,2763,1,6,1,350,140,977218987,17170432,369,45490,0,0
977219858,948,3456,-3,-105768,238,693,702,563,604,2761,1,6,1,350,142,977219893,17170432,369,46391,0,0
977220860,1002,3453,-3,-105765,232,694,702,563,604,2758,1,6,1,350,144,977220892,17170432,369,47388,0,0
977221854,994,3450,-3,-105762,224,694,703,563,600,2755,1,6,1,350,145,977221881,17170432,369,48383,0,0
977222902,1048,3447,-3,-105759,279,694,700,563,600,2753,1,6,1,350,148,977222975,17170432,369,49481,0,0
977223866,964,3444,-3,-105756,237,695,702,563,598,2750,1,6,1,350,149,977223898,17170432,398,1,0,0
977224896,1030,3441,-3,-105753,272,695,708,557,596,2747,1,6,1,350,151,977224985,17170432,398,565,0,0
977225981,1085,3438,-3,-105750,345,696,705,557,593,2745,1,6,1,350,154,977226127,17170432,398,1721,0,0
977227072,1091,3435,-3,-105747,432,696,706,557,593,2742,1,6,1,350,156,977227194,17170432,398,2814,0,0
977227965,893,3432,-3,-105744,335,696,706,557,591,2740,1,6,1,350,157,977228035,17170432,398,3620,0,0
977228883,918,3429,-3,-105741,259,697,708,557,591,2737,1,6,1,350,159,977228937,17170432,398,4520,0,0
977229888,1005,3427,-2,-105739,269,697,701,557,588,2735,1,6,1,350,161,977229985,17170432,398,5573,0,0
977230929,1041,3424,-3,-105736,295,697,698,557,585,2733,1,6,1,350,163,977231032,17170432,398,6615,0,0
977231873,944,3421,-3,-105733,255,697,708,557,585,2730,1,6,1,350,165,977231931,17170432,398,7503,0,0
977232892,1019,3418,-3,-105730,269,698,708,557,583,2727,1,6,1,350,166,977232967,17170432,398,8552,0,0
977233874,982,3415,-3,-105727,254,698,708,557,583,2725,1,6,1,350,168,977233942,17170432,398,9521,0,0
977234919,1045,3412,-3,-105724,295,699,707,557,580,2722,1,6,1,350,170,977234998,17170432,398,10578,0,0
977235885,966,3409,-3,-105721,252,699,708,557,577,2719,1,6,1,350,172,977235939,17170432,398,11521,0,0
977236994,1109,3406,-3,-105718,361,699,708,557,577,2717,1,6,1,350,174,977237073,17170432,398,12663,0,0
977237878,884,3403,-3,-105715,246,700,713,557,575,2714,1,6,1,350,176,977237932,17170432,398,13511,0,0
977238910,1032,3400,-3,-105712,279,700,716,557,572,2711,1,6,1,350,178,977238985,17170432,398,14567,0,0
977239862,952,3397,-3,-105709,241,701,718,557,572,2709,1,6,1,350,179,977239900,17170432,398,15471,0,0
977240851,989,3395,-2,-105707,231,701,710,557,569,2707,1,6,1,350,181,977240887,17170432,398,16459,0,0
977241851,1000,3392,-3,-105704,229,702,711,557,569,2704,1,6,1,350,183,977241878,17170432,398,17453,0,0
977242886,1035,3389,-3,-105701,265,702,709,557,567,2702,1,6,1,350,185,977242948,17170432,398,18526,0,0
977243859,973,3386,-3,-105698,236,702,709,557,564,2699,1,6,1,350,187,977243897,17170432,398,19470,0,0
977244861,1002,3383,-3,-105695,232,703,709,557,564,2696,1,6,1,350,188,977244906,17170432,398,20483,0,0
977245955,1094,3380,-3,-105692,329,703,706,557,562,2694,1,6,1,350,191,977246070,17170432,398,21659,0,0
977247103,1148,3376,-4,-105688,476,703,713,557,559,2690,1,6,1,350,193,977247258,17170432,398,22855,0,0
977247945,842,3374,-2,-105686,316,703,706,557,559,2689,1,6,1,350,194,977248018,17170432,398,23598,0,0
977248902,957,3371,-3,-105683,275,704,708,557,556,2686,1,6,1,350,196,977248944,17170432,398,24524,0,0
977250109,1207,3368,-3,-105680,484,704,710,551,556,2683,1,6,1,350,198,977250202,17170432,398,25789,0,0
977250956,847,3365,-3,-105677,323,704,714,551,557,2681,1,6,1,350,199,977251054,17170432,398,26636,0,0
977251913,957,3363,-2,-105675,288,704,707,551,557,2679,1,6,1,350,201,977252010,17170432,398,27591,0,0
977252915,1002,3359,-4,-105671,289,705,716,551,557,2675,1,6,1,350,203,977252996,17170432,398,28579,0,0
977253914,999,3356,-3,-105668,282,705,715,551,557,2673,1,6,1,350,205,977254014,17170432,398,29595,0,0
977254932,1018,3353,-3,-105665,299,706,715,551,557,2670,1,6,1,350,206,977255008,17170432,398,30588,0,0
977255876,944,3350,-3,-105662,245,706,717,551,557,2667,1,6,1,350,208,977255930,17170432,398,31506,0,0
977256944,1068,3347,-3,-105659,311,706,718,551,557,2665,1,6,1,350,210,977257025,17170432,398,32616,0,0
977257865,921,3345,-2,-105657,234,707,714,551,557,2663,1,6,1,350,212,977257904,17170432,398,33480,0,0
977258899,1034,3342,-3,-105654,276,707,708,551,557,2660,1,6,1,350,214,977258974,17170432,398,34554,0,0
977259862,963,3339,-3,-105651,240,707,709,551,557,2658,1,6,1,350,215,977259899,17170432,398,35471,0,0
977260865,1003,3336,-3,-105648,235,707,717,551,557,2655,1,6,1,350,217,977260901,17170432,398,36473,0,0
977261842,977,3333,-3,-105645,224,708,719,551,557,2653,1,6,1,350,219,977261869,17170432,398,37441,0,0
977262892,1050,3330,-3,-105642,265,708,716,551,557,2650,1,6,1,350,221,977262954,17170432,398,38532,0,0
977263868,976,3327,-3,-105639,238,708,717,551,557,2647,1,6,1,350,222,977263900,17170432,398,39472,0,0
977264850,982,3324,-3,-105636,232,709,717,551,557,2645,1,6,1,350,224,977264886,17170432,398,40466,0,0
977265954,1104,3321,-3,-105633,336,709,715,551,557,2642,1,6,1,350,226,977266073,17170432,398,41664,0,0
977267068,1114,3318,-3,-105630,435,709,714,551,557,2639,1,6,1,350,228,977267243,17170432,398,42839,0,0
977267950,882,3316,-2,-105628,319,709,706,551,556,2638,1,6,1,350,230,977268017,17170432,398,43598,0,0
977268898,948,3313,-3,-105625,270,709,708,551,556,2635,1,6,1,350,231,977268944,17170432,398,44520,0,0
977269921,1023,3310,-3,-105622,284,709,707,551,554,2632,1,6,2,2200,233,977270046,18808832,430,1,0,0
977271019,1098,3306,-4,-105618,310,709,720,551,551,2629,1,6,2,2200,235,977271103,18808832,430,503,0,0
977271870,851,3301,-5,-105613,250,710,740,551,551,2624,1,6,2,2200,237,977271926,18808832,430,1319,0,0
977272901,1031,3297,-4,-105609,272,712,748,551,550,2621,1,6,2,2200,238,977272968,18808832,430,2367,0,0
977273872,971,3295,-2,-105607,249,713,740,551,550,2619,1,6,2,2200,240,977273931,18808832,430,3327,0,0
977274945,1073,3293,-2,-105605,318,714,730,544,550,2617,1,6,2,2200,242,977275029,18808832,430,4434,0,0
977275873,928,3289,-4,-105601,244,715,740,544,550,2614,1,6,2,2200,244,977275929,18808832,430,5327,0,0
977276945,1072,3287,-2,-105599,326,716,733,544,550,2612,1,6,2,2200,246,977277029,18808832,430,6437,0,0
977277857,912,3284,-3,-105596,231,716,730,544,550,2609,1,6,2,2200,247,977277887,18808832,430,7284,0,0
977278932,1075,3281,-3,-105593,298,717,732,544,550,2607,1,6,2,2200,249,977279007,18808832,430,8407,0,0
977279868,936,3279,-2,-105591,235,717,725,544,550,2605,1,6,2,2200,251,977279904,18808832,430,9294,0,0
977280855,987,3276,-3,-105588,231,718,731,544,550,2602,1,6,2,2200,252,977280891,18808832,430,10282,0,0
977281858,1003,3273,-3,-105585,228,718,727,544,550,2600,1,6,2,2200,254,977281887,18808832,430,11281,0,0
977282901,1043,3270,-3,-105582,276,719,733,544,550,2597,1,6,2,2200,256,977282964,18808832,430,12364,0,0
977283859,958,3268,-2,-105580,230,718,718,544,550,2595,1,6,2,2200,258,977283894,18808832,430,13284,0,0
977284864,1005,3265,-3,-105577,233,718,718,544,550,2593,1,6,2,2200,259,977284910,18808832,430,14306,0,0
977285963,1099,3262,-3,-105574,338,718,714,544,550,2590,1,6,2,2200,262,977286095,18808832,430,15506,0,0
977287066,1103,3259,-3,-105571,442,718,713,544,550,2588,1,6,2,2200,264,977287241,18808832,430,16654,0,0
977287963,897,3257,-2,-105569,333,718,714,544,550,2586,1,6,2,2200,265,977288024,18808832,430,17425,0,0
977288907,944,3254,-3,-105566,274,718,716,544,550,2583,1,6,2,2200,267,977288954,18808832,430,18349,0,0
977289892,985,3251,-3,-105563,267,718,715,544,550,2580,1,6,2,2200,268,977289975,18808832,430,19383,0,0
977290934,1042,3249,-2,-105561,303,717,706,544,550,2579,1,6,2,2200,270,977291018,18808832,430,20417,0,0
977291867,933,3246,-3,-105558,246,717,707,544,550,2576,1,6,2,2200,272,977291908,18808832,430,21305,0,0
977292904,1037,3243,-3,-105555,280,717,708,544,550,2573,1,6,2,2200,274,977292968,18808832,430,22367,0,0
977293864,960,3241,-2,-105553,237,716,702,544,550,2572,1,6,2,2200,275,977293910,18808832,430,23306,0,0
977294918,1054,3238,-3,-105550,297,715,698,544,548,2569,1,6,2,2200,277,977295000,18808832,430,24401,0,0
977295873,955,3236,-2,-105548,247,714,693,544,548,2567,1,6,2,2200,279,977295922,18808832,430,25315,0,0
977296965,1092,3233,-3,-105545,325,713,693,544,545,2565,1,6,2,2200,281,977297046,18808832,430,26454,0,0
977297871,906,3231,-2,-105543,238,713,690,544,545,2563,1,6,2,2200,282,977297914,18808832,430,27311,0,0
977298900,1029,3228,-3,-105540,276,712,692,544,543,2560,1,6,2,2200,284,977298971,18808832,430,28367,0,0
977299883,983,3225,-3,-105537,261,711,693,538,543,2558,1,6,2,2200,286,977299933,18808832,430,29330,0,0
977300875,992,3223,-2,-105535,242,710,686,538,543,2556,1,6,2,2200,288,977300919,18808832,430,30311,0,0
977301845,970,3220,-3,-105532,224,709,681,538,543,2553,1,6,2,2200,289,977301872,18808832,430,31262,0,0
977302915,1070,3217,-3,-105529,287,707,651,538,543,2551,1,6,2,2200,291,977302991,18808832,430,32391,0,0
977303860,945,3215,-2,-105527,235,704,647,538,543,2549,1,6,2,2200,293,977303892,18808832,430,33283,0,0
977304859,999,3213,-2,-105525,231,702,646,538,543,2547,1,6,2,2200,294,977304900,18808832,430,34297,0,0
977305966,1107,3210,-3,-105522,336,699,641,538,543,2544,1,6,2,2200,297,977306104,18808832,430,35514,0,0
977307096,1130,3208,-2,-105520,451,697,640,538,543,2543,1,6,2,2200,299,977307273,18808832,430,36682,0,0
977307953,857,3205,-3,-105517,325,695,641,538,543,2540,1,6,2,2200,300,977308018,18808832,430,37419,0,0
977308890,937,3203,-2,-105515,267,693,637,538,543,2538,1,6,2,2200,302,977308956,18808832,430,38353,0,0
977309902,1012,3200,-3,-105512,270,691,642,538,543,2536,1,6,2,2200,303,977309992,18808832,430,39400,0,0
977310935,1033,3197,-3,-105509,301,689,641,538,543,2533,1,6,2,2200,305,977311039,18808832,430,40437,0,0
977311879,944,3194,-3,-105506,255,687,642,538,543,2530,1,6,2,2200,307,977311930,18808832,430,41328,0,0
977312905,1026,3192,-2,-105504,276,685,635,538,543,2529,1,6,2,2200,308,977312973,18808832,430,42371,0,0
977313874,969,3190,-2,-105502,251,683,634,538,543,2527,1,6,2,2200,310,977313938,18808832,430,43339,0,0
977314915,1041,3187,-3,-105499,293,681,634,538,543,2524,1,6,2,2200,312,977314998,18808832,430,44396,0,0
977315875,960,3185,-2,-105497,247,679,630,538,543,2522,1,6,2,2200,314,977315924,18808832,430,45317,0,0
977316974,1099,3182,-3,-105494,340,677,630,538,543,2520,1,6,2,2200,316,977317055,18808832,430,46466,0,0
977317856,882,3179,-3,-105491,238,675,634,538,543,2517,1,6,2,2200,317,977317898,18808832,430,47294,0,0
977318904,1048,3176,-3,-105488,285,674,639,538,543,2515,1,6,2,2200,319,977318977,18808832,430,48376,0,0
977319858,954,3174,-2,-105486,239,672,631,538,543,2513,1,6,2,2200,321,977319891,18808832,430,49280,0,0
977320862,1004,3171,-3,-105483,231,671,631,538,539,2510,1,6,2,2200,322,977320895,2031863,439,0,0,0
977321866,1004,3169,-2,-105481,243,669,631,538,539,2508,1,6,2,2200,324,977321916,2031863,439,497,0,0
977322894,1028,3168,-1,-105480,275,667,614,538,536,2508,1,6,2,2200,326,977322964,2031863,439,1542,0,0
977323867,973,3166,-2,-105478,235,665,610,538,536,2506,1,6,2,2200,327,977323899,2031863,439,2471,0,0
977324870,1003,3164,-2,-105476,247,662,606,532,538,2504,1,6,2,2200,329,977324955,2031863,439,3532,0,0
977325962,1092,3161,-3,-105473,342,660,609,532,538,2501,1,6,2,2200,331,977326117,2031863,439,4714,0,0
977327078,1116,3157,-4,-105469,447,658,616,532,538,2498,1,6,2,2200,333,977327182,2031863,439,5797,0,0
977327982,904,3155,-2,-105467,355,657,616,532,538,2496,1,6,2,2200,335,977328055,2031863,439,6639,0,0
977328892,910,3153,-2,-105465,271,655,614,532,538,2494,1,6,2,2200,336,977328954,2031863,439,7535,0,0
977330101,1209,3150,-3,-105462,475,653,606,532,538,2492,1,6,2,2200,338,977330192,2031863,439,8777,0,0
977330929,828,3148,-2,-105460,296,651,609,532,538,2490,1,6,2,2200,340,977330984,2031863,439,9570,0,0
977331913,984,3147,-1,-105459,292,649,593,532,538,2489,1,6,2,2200,341,977331987,2031863,439,10566,0,0
977332905,992,3145,-2,-105457,276,647,590,532,538,2487,1,6,2,2200,343,977332964,2031863,439,11545,0,0
977333885,980,3143,-2,-105455,259,645,585,532,538,2486,1,6,2,2200,345,977333987,2031863,439,12580,0,0
977334915,1030,3141,-2,-105453,294,642,585,532,538,2484,1,6,2,2200,347,977335005,2031863,439,13586,0,0
977335899,984,3138,-3,-105450,268,640,590,532,538,2481,1,6,2,2200,348,977335959,2031863,439,14542,0,0
977337014,1115,3135,-3,-105447,386,638,590,532,538,2479,1,6,2,2200,350,977337104,2031863,439,15693,0,0
977337889,875,3132,-3,-105444,257,637,603,532,538,2476,1,6,2,2200,352,977337948,2031863,439,16529,0,0
977338902,1013,3130,-2,-105442,277,635,594,532,538,2474,1,6,2,2200,353,977338974,2031863,439,17551,0,0
977339868,966,3128,-2,-105440,241,633,591,532,538,2472,1,6,2,2200,355,977339901,2031863,439,18475,0,0
977340857,989,3126,-2,-105438,233,631,584,532,538,2471,1,6,2,2200,357,977340890,2031863,439,19462,0,0
977341855,998,3125,-1,-105437,226,629,569,532,538,2470,1,6,2,2200,358,977341883,2031863,439,20465,0,0
977342881,1026,3124,-1,-105436,263,626,551,532,538,2469,1,6,2,2200,360,977342942,2031863,439,21520,0,0
977343866,985,3121,-3,-105433,237,623,560,532,536,2466,1,6,2,2200,362,977343898,2031863,439,22471,0,0
977344851,985,3118,-3,-105430,232,621,567,532,534,2464,1,6,2,2200,364,977344890,2031863,439,23471,0,0
977345963,1112,3115,-3,-105427,330,619,568,532,534,2461,1,6,2,2200,366,977346079,2031863,439,24667,0,0
977347096,1133,3112,-3,-105424,470,617,567,532,531,2458,1,6,2,2200,368,977347251,2031863,439,25845,0,0
977347949,853,3109,-3,-105421,316,615,568,532,531,2456,1,6,2,2200,369,977348020,2031863,439,26600,0,0
977348899,950,3107,-2,-105419,271,613,566,532,532,2454,1,6,2,2200,370,977348938,2031863,439,27512,0,0
977349896,997,3105,-2,-105417,277,611,561,526,532,2452,1,6,2,2200,372,977350016,2031863,439,28611,0,0
977350939,1043,3103,-2,-105415,318,609,552,526,532,2450,1,6,2,2200,374,977351025,2031863,439,29611,0,0
977351871,932,3102,-1,-105414,248,606,545,526,532,2450,1,6,2,2200,376,977351929,2031863,439,30507,0,0
977352900,1029,3100,-2,-105412,274,604,553,526,532,2448,1,6,2,2200,377,977352966,2031863,439,31545,0,0
977353863,963,3097,-3,-105409,242,602,560,526,532,2445,1,6,2,2200,379,977353911,2031863,439,32494,0,0
977354930,1067,3094,-3,-105406,304,601,569,526,532,2442,1,6,2,2200,381,977355010,2031863,439,33590,0,0
977355870,940,3092,-2,-105404,244,600,567,526,532,2441,1,6,2,2200,382,977355916,2031863,439,34498,0,0
977356950,1080,3089,-3,-105401,319,598,567,526,532,2438,1,6,2,2200,384,977357026,2031863,439,35615,0,0
977357851,901,3087,-2,-105399,232,597,555,526,532,2436,1,6,2,2200,386,977357880,2031863,439,36458,0,0
977358894,1043,3084,-3,-105396,276,595,561,526,532,2434,1,6,2,2200,387,977358965,2031863,439,37548,0,0
977359865,971,3083,-1,-105395,235,594,552,526,532,2433,1,6,2,2200,389,977359896,2031863,439,38468,0,0
977360861,996,3082,-1,-105394,231,592,540,526,532,2432,1,6,2,2200,391,977360895,2031863,439,39469,0,0
977361847,986,3080,-2,-105392,227,590,537,526,532,2430,1,6,2,2200,392,977361881,2031863,439,40459,0,0
977362890,1043,3078,-2,-105390,263,588,544,526,532,2428,1,6,2,2200,394,977362950,2031863,439,41530,0,0
977363865,975,3075,-3,-105387,238,586,552,526,532,2426,1,6,2,2200,396,977363902,2031863,439,42473,0,0
977364857,992,3072,-3,-105384,233,585,560,526,532,2423,1,6,2,2200,398,977364901,2031863,439,43480,0,0
977365954,1097,3069,-3,-105381,329,584,560,526,532,2421,1,6,2,2200,400,977366075,2031863,439,44666,0,0
977367093,1139,3066,-3,-105378,463,583,560,526,532,2418,1,6,2,2200,402,977367249,2031863,439,45845,0,0
977367946,853,3064,-2,-105376,314,582,552,526,531,2416,1,6,2,2200,403,977368012,2031863,439,46594,0,0
977368892,946,3062,-2,-105374,274,581,551,526,531,2414,1,6,2,2200,404,977368933,2031863,439,47506,0,0
977369868,976,3061,-1,-105373,246,580,545,526,528,2413,1,6,2,2200,406,977369945,2031863,439,48538,0,0
977370932,1064,3059,-2,-105371,303,578,544,526,528,2412,1,6,2,2200,408,977371012,2031863,439,49593,0,0
977371872,940,3057,-2,-105369,251,577,553,526,525,2410,1,6,2,2200,410,977371927,2031835,451,1,0,0
977372903,1031,3054,-3,-105366,279,577,569,526,525,2407,1,6,2,2200,411,977372974,2031835,451,495,0,0
977373888,985,3051,-3,-105363,259,577,569,526,526,2405,1,6,2,2200,413,977373948,2031835,451,1473,0,0
977374937,1049,3048,-3,-105360,315,576,568,521,526,2402,1,6,2,2200,415,977375028,2031835,451,2558,0,0
977375863,926,3046,-2,-105358,245,576,567,521,526,2400,1,6,2,2200,416,977375910,2031835,451,3430,0,0
977376959,1096,3044,-2,-105356,317,575,559,521,526,2399,1,6,2,2200,418,977377034,2031835,451,4568,0,0
977377852,893,3042,-2,-105354,231,574,556,521,526,2397,1,6,2,2200,420,977377878,2031835,451,5396,0,0
977378916,1064,3041,-1,-105353,287,573,537,521,526,2396,1,6,2,2200,421,977378994,2031835,451,6520,0,0
977379860,944,3040,-1,-105352,239,571,528,521,526,2395,1,6,2,2200,423,977379895,2031835,451,7408,0,0
977380849,989,3038,-2,-105350,231,570,528,521,526,2393,1,6,2,2200,425,977380882,2031835,451,8396,0,0
977381843,994,3035,-3,-105347,224,568,537,521,526,2391,1,6,2,2200,426,977381870,2031835,451,9384,0,0
977382903,1060,3032,-3,-105344,278,568,553,521,526,2388,1,6,2,2200,428,977382973,2031835,451,10494,0,0
977383863,960,3030,-2,-105342,240,567,545,521,526,2386,1,6,2,2200,430,977383896,2031835,451,11412,0,0
977384851,988,3027,-3,-105339,233,566,551,521,526,2384,1,6,2,2200,431,977384886,2031835,451,12406,0,0
977385964,1113,3024,-3,-105336,335,566,552,521,526,2381,1,6,2,2200,433,977386080,2031835,451,13613,0,0
977387066,1102,3021,-3,-105333,447,565,551,521,526,2378,1,6,2,2200,435,977387237,2031835,451,14774,0,0
977387951,885,3020,-1,-105332,321,564,543,521,526,2377,1,6,2,2200,437,977388020,2031835,451,15542,0,0
977388908,957,3018,-2,-105330,277,563,537,521,526,2376,1,6,2,2200,438,977388958,2031835,451,16476,0,0
977389894,986,3017,-1,-105329,269,562,537,521,526,2375,1,6,2,2200,440,977389975,2031835,451,17505,0,0
977390921,1027,3015,-2,-105327,296,561,544,521,526,2373,1,6,2,2200,442,977391020,2031835,451,18545,0,0
977391875,954,3012,-3,-105324,256,561,553,521,526,2370,1,6,2,2200,443,977391925,2031835,451,19440,0,0
977392901,1026,3009,-3,-105321,275,561,561,521,526,2368,1,6,2,2200,445,977392962,2031835,451,20485,0,0
977393867,966,3007,-2,-105319,243,561,553,521,526,2366,1,6,2,2200,447,977393919,2031835,451,21440,0,0
977394917,1050,3004,-3,-105316,298,561,552,521,526,2363,1,6,2,2200,448,977394996,2031835,451,22522,0,0
977395864,947,3001,-3,-105313,240,560,559,521,526,2361,1,6,2,2200,450,977395909,2031835,451,23430,0,0
977396961,1097,2999,-2,-105311,326,560,551,521,525,2359,1,6,2,2200,452,977397038,2031835,451,24569,0,0
977397864,903,2998,-1,-105310,236,559,540,521,525,2358,1,6,2,2200,453,977397896,2031835,451,25416,0,0
977398894,1030,2997,-1,-105309,276,558,529,521,522,2357,1,6,2,2200,455,977398965,2031835,451,26486,0,0
977399921,1027,2995,-2,-105307,288,557,536,516,520,2355,1,7,3,1650,457,977399986,2031826,456,1,0,0
977400878,957,2992,-3,-105304,248,557,543,516,520,2353,1,7,3,1650,458,977400921,2031826,456,418,0,0
977401865,987,2989,-3,-105301,233,557,552,516,521,2350,1,7,3,1650,460,977401904,2031826,456,1401,0,0
977402938,1073,2986,-3,-105298,306,556,553,516,521,2348,1,7,3,1650,462,977403022,2031826,456,2527,0,0
977403856,918,2983,-3,-105295,230,557,560,516,521,2345,1,7,3,1650,463,977403886,2031826,456,3381,0,0
977404857,1001,2981,-2,-105293,235,556,552,516,521,2343,1,7,3,1650,465,977404898,2031826,456,4399,0,0
977405982,1125,2978,-3,-105290,353,556,551,516,521,2341,1,7,3,1650,467,977406111,2031826,456,5623,0,0
977407043,1061,2975,-3,-105287,423,556,560,516,521,2338,1,7,3,1650,469,977407178,2031826,456,6722,0,0
977407966,923,2972,-3,-105284,337,557,568,516,521,2335,1,7,3,1650,470,977408034,2031826,456,7535,0,0
977408904,938,2970,-2,-105282,275,557,566,516,521,2333,1,7,3,1650,472,977408961,2031826,456,8463,0,0
977409913,1009,2967,-3,-105279,286,558,593,516,521,2331,1,7,3,1650,473,977410030,2031826,456,9549,0,0
977410942,1029,2964,-3,-105276,309,560,600,516,521,2328,1,7,3,1650,475,977411043,2031826,456,10547,0,0
977411878,936,2961,-3,-105273,248,562,602,516,521,2326,1,7,3,1650,477,977411936,2031826,456,11431,0,0
977412902,1024,2959,-2,-105271,275,563,597,516,521,2324,1,7,3,1650,478,977412965,2031826,456,12467,0,0
977413866,964,2956,-3,-105268,246,565,602,516,521,2321,1,7,3,1650,480,977413918,2031826,456,13419,0,0
977414917,1051,2953,-3,-105265,298,566,601,516,521,2319,1,7,3,1650,482,977414996,2031826,456,14498,0,0
977415861,944,2951,-2,-105263,242,567,598,516,521,2317,1,7,3,1650,483,977415899,2031826,456,15400,0,0
977416975,1114,2949,-2,-105261,339,568,590,516,521,2315,1,7,3,1650,485,977417056,2031826,456,16570,0,0
977417868,893,2948,-1,-105260,241,569,579,516,521,2314,1,7,3,1650,487,977417927,2031826,456,17429,0,0
977418906,1038,2947,-1,-105259,279,569,576,516,521,2313,1,7,3,1650,488,977418980,2031826,456,18480,0,0
977419873,967,2945,-2,-105257,240,569,576,516,520,2312,1,7,3,1650,490,977419902,2031826,456,19397,0,0
977420850,977,2943,-2,-105255,231,570,584,516,520,2310,1,7,3,1650,492,977420882,2031826,456,20376,0,0
977421848,998,2940,-3,-105252,225,571,592,516,517,2307,1,7,3,1650,493,977421878,2031826,456,21377,0,0
977422887,1039,2937,-3,-105249,269,571,590,516,517,2304,1,7,3,1650,495,977422949,2031826,456,22449,0,0
977423859,972,2934,-3,-105246,239,572,591,516,513,2302,1,7,3,1650,497,977423892,2031826,456,23386,0,0
977424884,1025,2932,-2,-105244,256,573,590,510,513,2300,1,7,3,1650,498,977424966,2031826,456,24466,0,0
977425981,1097,2929,-3,-105241,348,573,584,510,516,2297,1,7,3,1650,500,977426127,2031826,456,25643,0,0
977427068,1087,2926,-3,-105238,443,574,592,510,516,2295,1,7,3,1650,502,977427199,2031826,456,26737,0,0
977427957,889,2925,-1,-105237,329,575,592,510,516,2294,1,7,3,1650,503,977428026,2031826,456,27530,0,0
977428897,940,2923,-2,-105235,272,576,602,510,516,2292,1,7,3,1650,505,977428959,2031826,456,28464,0,0
977430107,1210,2920,-3,-105232,481,577,607,510,516,2290,1,7,3,1650,507,977430193,2031826,456,29696,0,0
977430926,819,2917,-3,-105229,303,578,609,510,516,2287,1,7,3,1650,508,977430999,2031826,456,30511,0,0
977431898,972,2914,-3,-105226,278,579,610,510,516,2284,1,7,3,1650,510,977431985,2031826,456,31490,0,0
977432906,1008,2912,-2,-105224,284,581,606,510,516,2283,1,7,3,1650,512,977432999,2031826,456,32507,0,0
977433919,1013,2909,-3,-105221,286,581,601,510,516,2280,1,7,3,1650,513,977434025,2031826,456,33525,0,0
977434922,1003,2907,-2,-105219,296,582,601,510,516,2278,1,7,3,1650,515,977434999,2031826,456,34502,0,0
977435899,977,2905,-2,-105217,265,583,598,510,516,2276,1,7,3,1650,516,977435960,2031826,456,35463,0,0
977436980,1081,2904,-1,-105216,355,583,583,510,516,2275,1,7,3,1650,518,977437068,2031826,456,36581,0,0
977438033,1053,2903,-1,-105215,402,582,560,510,516,2275,1,7,3,1650,520,977438090,2031826,456,37588,0,0
977438899,866,2902,-1,-105214,272,581,552,510,516,2274,1,7,3,1650,521,977438952,2031826,456,38450,0,0
977439875,976,2900,-2,-105212,245,580,552,510,516,2272,1,7,3,1650,523,977439908,2031826,456,39400,0,0
977440856,981,2898,-2,-105210,230,578,544,510,516,2270,1,7,3,1650,525,977440890,2031826,456,40384,0,0
977441861,1005,2895,-3,-105207,230,577,545,510,516,2268,1,7,3,1650,526,977441895,2031826,456,41393,0,0
977442881,1020,2892,-3,-105204,258,576,543,510,516,2265,1,7,3,1650,528,977442944,2031826,456,42444,0,0
977443875,994,2890,-2,-105202,244,574,537,510,513,2263,1,7,3,1650,530,977443907,2031826,456,43401,0,0
977444854,979,2887,-3,-105199,230,573,544,510,513,2261,1,7,3,1650,531,977444887,2031826,456,44388,0,0
977445969,1115,2885,-2,-105197,333,571,535,510,511,2259,1,7,3,1650,533,977446080,2031826,456,45591,0,0
977447089,1120,2883,-2,-105195,456,570,535,510,508,2257,1,7,3,1650,535,977447247,2031826,456,46766,0,0
977447942,853,2882,-1,-105194,318,569,536,510,508,2256,1,7,3,1650,536,977448011,2031826,456,47511,0,0
977448895,953,2880,-2,-105192,274,567,535,510,509,2254,1,7,3,1650,538,977448936,2031826,456,48432,0,0
977449912,1017,2878,-2,-105190,279,566,545,504,509,2253,1,7,3,1650,540,977450034,2031826,456,49550,0,0
977450941,1029,2875,-3,-105187,319,566,552,504,509,2250,1,7,3,1650,541,977451016,2031834,468,1,0,0
977451918,977,2872,-3,-105184,258,565,552,504,509,2247,1,7,3,1650,543,977451998,2031834,468,438,0,0
977452912,994,2869,-3,-105181,289,565,553,504,509,2245,1,7,3,1650,544,977452984,2031834,468,1431,0,0
977453878,966,2868,-1,-105180,251,564,537,504,509,2244,1,7,3,1650,546,977453943,2031834,468,2391,0,0
977454928,1050,2866,-2,-105178,303,563,536,504,509,2242,1,7,3,1650,548,977455011,2031834,468,3460,0,0
977455870,942,2865,-1,-105177,249,561,528,504,509,2241,1,7,3,1650,549,977455918,2031834,468,4363,0,0
977456956,1086,2864,-1,-105176,319,559,512,504,509,2240,1,7,3,1650,551,977457039,2031834,468,5497,0,0
977457861,905,2863,-1,-105175,236,557,499,504,509,2239,1,7,3,1650,552,977457893,2031834,468,6336,0,0
977458903,1042,2861,-2,-105173,278,555,504,504,509,2238,1,7,3,1650,554,977458971,2031834,468,7415,0,0
977459859,956,2859,-2,-105171,241,553,505,504,509,2236,1,7,3,1650,556,977459893,2031834,468,8334,0,0
977460861,1002,2856,-3,-105168,233,551,508,504,509,2233,1,7,3,1650,557,977460900,2031834,468,9338,0,0
977461849,988,2853,-3,-105165,229,550,505,504,509,2231,1,7,3,1650,559,977461880,2031834,468,10323,0,0
977462896,1047,2850,-3,-105162,267,548,504,504,509,2228,1,7,3,1650,561,977462956,2031834,468,11400,0,0
977463864,968,2848,-2,-105160,240,546,505,504,509,2226,1,7,3,1650,562,977463901,2031834,468,12341,0,0
977464854,990,2845,-3,-105157,233,544,505,504,509,2224,1,7,3,1650,564,977464898,2031834,468,13344,0,0
977465968,1114,2843,-2,-105155,334,543,503,504,509,2222,1,7,3,1650,566,977466078,2031834,468,14534,0,0
977467066,1098,2840,-3,-105152,445,542,519,504,509,2219,1,7,3,1650,568,977467242,2031834,468,15704,0,0
977467951,885,2838,-2,-105150,325,541,520,504,509,2217,1,7,3,1650,569,977468023,2031834,468,16469,0,0
977468891,940,2836,-2,-105148,269,541,530,504,509,2216,1,7,3,1650,570,977468942,2031834,468,17386,0,0
977469892,1001,2833,-3,-105145,265,541,545,504,509,2213,1,7,3,1650,572,977469972,2031834,468,18428,0,0
977470924,1032,2830,-3,-105142,301,541,552,504,509,2210,1,7,3,1650,574,977471019,2031834,468,19470,0,0
977471886,962,2828,-2,-105140,255,541,545,504,509,2209,1,7,3,1650,575,977471933,2031834,468,20380,0,0
977472904,1018,2826,-2,-105138,272,541,537,504,509,2207,1,7,3,1650,577,977472969,2031834,468,21417,0,0
977473874,970,2823,-3,-105135,251,541,544,504,509,2204,1,7,3,1650,578,977473934,2031834,468,22379,0,0
977474936,1062,2822,-1,-105134,311,541,528,499,509,2203,1,7,3,1650,580,977475026,2031834,468,23481,0,0
977475877,941,2821,-1,-105133,254,540,519,499,509,2203,1,7,3,1650,582,977475934,2031834,468,24375,0,0
977476949,1072,2820,-1,-105132,316,539,512,499,509,2202,1,7,3,1650,584,977477027,2031834,468,25484,0,0
977477871,922,2820,0,-105132,238,537,500,499,509,2202,1,7,3,1650,585,977477917,2031834,468,26360,0,0
977478923,1052,2818,-2,-105130,290,536,504,499,509,2200,1,7,3,1650,587,977479008,2031834,468,27455,0,0
977479873,950,2815,-3,-105127,240,535,512,499,509,2197,1,7,3,1650,588,977479906,2031834,468,28344,0,0
977480858,985,2813,-2,-105125,233,534,513,499,509,2196,1,7,3,1650,590,977480890,2031834,468,29328,0,0
977481851,993,2810,-3,-105122,224,533,513,499,509,2193,1,7,3,1650,591,977481879,2031834,468,30321,0,0
977482891,1040,2807,-3,-105119,272,533,512,499,509,2190,1,7,3,1650,593,977482955,2031834,468,31400,0,0
977483864,973,2805,-2,-105117,244,531,505,499,509,2188,1,7,3,1650,595,977483900,2031834,468,32340,0,0
977484856,992,2803,-2,-105115,236,531,512,499,509,2187,1,7,3,1650,596,977484899,2031834,468,33343,0,0
977485963,1107,2801,-2,-105113,329,530,519,499,509,2185,1,7,3,1650,598,977486099,2031834,468,34557,0,0
977487088,1125,2799,-2,-105111,450,530,527,499,509,2183,1,7,3,1650,600,977487259,2031834,468,35725,0,0
977487947,859,2797,-2,-105109,323,530,536,499,509,2181,1,7,3,1650,601,977488017,2031834,468,36465,0,0
977488899,952,2795,-2,-105107,268,530,535,499,509,2180,1,7,3,1650,603,977488960,2031834,468,37405,0,0
977490071,1172,2792,-3,-105104,438,531,541,499,509,2177,1,7,3,1650,605,977490155,2031834,468,38603,0,0
977490926,855,2790,-2,-105102,292,531,536,499,509,2175,1,7,3,1650,606,977491005,2031834,468,39457,0,0
977491888,962,2787,-3,-105099,270,531,536,499,509,2173,1,7,3,1650,608,977491970,2031834,468,40421,0,0
977492911,1023,2785,-2,-105097,277,531,529,499,509,2171,1,7,3,1650,610,977492988,2031834,468,41436,0,0
977493899,988,2783,-2,-105095,275,531,528,499,509,2169,1,7,3,1650,611,977493999,2031834,468,42450,0,0
977494917,1018,2782,-1,-105094,298,530,512,499,508,2168,1,7,3,1650,613,977494999,2031834,468,43449,0,0
977495893,976,2781,-1,-105093,261,529,503,499,508,2167,1,7,3,1650,614,977495950,2031834,468,44396,0,0
977496974,1081,2780,-1,-105092,338,528,496,499,505,2167,1,7,3,1650,616,977497050,2031834,468,45511,0,0
977497867,893,2778,-2,-105090,240,527,491,499,505,2165,1,7,3,1650,618,977497923,2031834,468,46367,0,0
977498907,1040,2776,-2,-105088,281,525,488,499,502,2163,1,7,3,1650,619,977498980,2031834,468,47426,0,0
977499875,968,2773,-3,-105085,248,524,496,494,502,2160,1,7,3,1650,621,977499923,2031834,468,48363,0,0
977500868,993,2770,-3,-105082,245,523,497,494,499,2158,1,7,3,1650,622,977500909,2031834,468,49349,0,0
977501857,989,2768,-2,-105080,224,522,489,494,499,2156,1,7,3,1650,624,977501886,2031801,477,1,0,0
977502915,1058,2765,-3,-105077,291,521,496,494,498,2153,1,7,3,1650,626,977502996,2031801,477,539,0,0
977503861,946,2762,-3,-105074,240,520,505,494,498,2151,1,7,3,1650,627,977503893,2031801,477,1427,0,0
977504864,1003,2760,-2,-105072,231,519,496,494,498,2149,1,7,3,1650,629,977504912,2031801,477,2454,0,0
977505977,1113,2758,-2,-105070,343,519,511,494,498,2147,1,7,3,1650,631,977506093,2031801,477,3649,0,0
977507095,1118,2756,-2,-105068,452,519,518,494,498,2145,1,7,3,1650,633,977507267,2031801,477,4824,0,0
977507963,868,2754,-2,-105066,332,519,535,494,498,2144,1,7,3,1650,634,977508026,2031801,477,5571,0,0
977508900,937,2751,-3,-105063,275,520,543,494,498,2141,1,7,3,1650,635,977508948,2031801,477,6489,0,0
977509898,998,2748,-3,-105060,267,521,545,494,498,2138,1,7,3,1650,637,977509987,2031801,477,7542,0,0
977510917,1019,2746,-2,-105058,297,522,544,494,498,2137,1,7,3,1650,638,977511020,2031801,477,8564,0,0
977511890,973,2744,-2,-105056,265,523,536,494,498,2135,1,7,3,1650,640,977511943,2031801,477,9489,0,0
977512902,1012,2741,-3,-105053,272,523,537,494,498,2132,1,7,3,1650,642,977512973,2031801,477,10517,0,0
977513876,974,2739,-2,-105051,249,524,537,494,498,2130,1,7,3,1650,643,977513934,2031801,477,11478,0,0
977514926,1050,2738,-1,-105050,292,524,528,494,498,2130,1,7,3,1650,645,977515008,2031801,477,12552,0,0
977515871,945,2737,-1,-105049,246,524,520,494,498,2129,1,7,3,1650,646,977515919,2031801,477,13463,0,0
977516958,1087,2737,0,-105049,318,523,504,494,498,2129,1,7,3,1650,648,977517035,2031801,477,14589,0,0
977517856,898,2735,-2,-105047,237,522,508,494,498,2127,1,7,3,1650,649,977517890,2031801,477,15432,0,0
977518902,1046,2733,-2,-105045,279,522,505,494,498,2125,1,7,3,1650,651,977518971,2031801,477,16513,0,0
977519866,964,2730,-3,-105042,235,521,512,494,498,2123,1,7,3,1650,653,977519899,2031801,477,17434,0,0
977520862,996,2727,-3,-105039,231,521,515,494,498,2120,1,7,3,1650,654,977520895,2031801,477,18431,0,0
977521845,983,2725,-2,-105037,225,521,513,494,498,2118,1,7,3,1650,656,977521873,2031801,477,19408,0,0
977522894,1049,2722,-3,-105034,269,520,512,494,498,2116,1,7,3,1650,658,977522960,2031801,477,20502,0,0
977523869,975,2720,-2,-105032,239,520,513,494,498,2114,1,7,3,1650,659,977523903,2031801,477,21437,0,0
977524884,1015,2718,-2,-105030,265,520,512,488,498,2112,1,7,3,1650,661,977524969,2031801,477,22513,0,0
977525975,1091,2716,-2,-105028,342,520,528,488,498,2110,1,7,3,1650,663,977526125,2031801,477,23679,0,0
977527082,1107,2715,-1,-105027,458,520,527,488,498,2109,1,7,3,1650,664,977527194,2031801,477,24772,0,0
977527983,901,2713,-2,-105025,349,521,527,488,498,2108,1,7,3,1650,666,977528054,2031801,477,25601,0,0
977528881,898,2711,-2,-105023,263,521,527,488,498,2106,1,7,3,1650,667,977528945,2031801,477,26493,0,0
977530101,1220,2708,-3,-105020,479,521,525,488,498,2103,1,7,3,1650,669,977530192,2031801,477,27740,0,0
977530925,824,2706,-2,-105018,302,521,520,488,498,2101,1,7,3,1650,670,977530987,2031801,477,28534,0,0
977531918,993,2703,-3,-105015,299,521,528,488,498,2099,1,7,3,1650,672,977531993,2031801,477,29536,0,0
977532898,980,2701,-2,-105013,272,521,527,488,498,2097,1,7,3,1650,673,977532934,2031801,477,30477,0,0
977533878,980,2699,-2,-105011,253,521,512,488,498,2095,1,7,3,1650,675,977533979,2031801,477,31537,0,0
977534923,1045,2698,-1,-105010,304,520,504,488,498,2094,1,7,3,1650,677,977535013,2031801,477,32559,0,0
977535899,976,2697,-1,-105009,265,519,496,488,498,2094,1,7,3,1650,678,977535957,2031801,477,33506,0,0
977537008,1109,2696,-1,-105008,382,518,488,488,498,2093,1,7,3,1650,680,977537093,2031801,477,34647,0,0
977537887,879,2695,-1,-105007,258,517,484,488,498,2092,1,7,3,1650,681,977537941,2031801,477,35483,0,0
977538892,1005,2692,-3,-105004,272,516,489,488,498,2089,1,7,3,1650,683,977538967,2031801,477,36508,0,0
977539857,965,2689,-3,-105001,239,515,489,488,498,2087,1,7,3,1650,685,977539890,2031801,477,37427,0,0
977540854,997,2687,-2,-104999,231,513,481,488,498,2085,1,7,3,1650,686,977540889,2031801,477,38424,0,0
977541853,999,2684,-3,-104996,228,513,489,488,498,2082,1,7,3,1650,688,977541884,2031801,477,39424,0,0
977542886,1033,2682,-2,-104994,263,512,488,488,498,2080,1,7,3,1650,689,977542952,2031801,477,40494,0,0
977543865,979,2679,-3,-104991,246,511,489,488,496,2078,1,7,3,1650,691,977543895,2031801,477,41432,0,0
977544862,997,2677,-2,-104989,231,510,489,488,496,2076,1,7,3,1650,693,977544907,2031801,477,42449,0,0
977545951,1089,2675,-2,-104987,328,510,503,488,492,2074,1,7,3,1650,694,977546070,2031801,477,43624,0,0
977547105,1154,2673,-2,-104985,472,510,518,488,492,2072,1,7,3,1650,696,977547255,2031801,477,44812,0,0
977547945,840,2671,-2,-104983,325,510,519,488,489,2071,1,7,3,1650,697,977548020,2031801,477,45565,0,0
977548899,954,2669,-2,-104981,272,511,519,488,489,2069,1,7,3,1650,699,977548937,2031801,477,46473,0,0
977550110,1211,2666,-3,-104978,485,511,517,483,486,2066,1,7,3,1650,701,977550210,2031801,477,47761,0,0
977550951,841,2663,-3,-104975,324,511,519,483,486,2064,1,7,3,1650,702,977551049,2031801,477,48595,0,0
977551925,974,2661,-2,-104973,299,511,519,483,488,2062,1,7,3,1650,704,977552015,2031801,477,49557,0,0
977552915,990,2659,-2,-104971,291,511,512,483,488,2060,1,7,3,1650,705,977552998,2031849,488,1,0,0
977553928,1013,2657,-2,-104969,297,511,512,483,488,2058,1,7,3,1650,707,977554049,2031849,488,508,0,0
977554946,1018,2656,-1,-104968,313,511,504,483,488,2058,1,7,3,1650,708,977555012,2031849,488,1470,0,0
977555872,926,2655,-1,-104967,242,511,496,483,488,2057,1,7,3,1650,710,977555921,2031849,488,2375,0,0
977556934,1062,2655,0,-104967,302,509,481,483,488,2057,1,7,3,1650,712,977557018,2031849,488,3492,0,0
977557855,921,2653,-2,-104965,234,509,492,483,488,2055,1,7,3,1650,713,977557896,2031849,488,4350,0,0
977558910,1055,2651,-2,-104963,290,508,488,483,488,2053,1,7,3,1650,715,977558987,2031849,488,5447,0,0
977559856,946,2648,-3,-104960,231,507,497,483,488,2050,1,7,3,1650,716,977559887,2031849,488,6336,0,0
977560853,997,2645,-3,-104957,232,507,500,483,488,2048,1,7,3,1650,718,977560891,2031849,488,7343,0,0
977561857,1004,2643,-2,-104955,229,507,497,483,488,2046,1,7,3,1650,719,977561887,2031849,488,8341,0,0
977562896,1039,2640,-3,-104952,278,506,497,483,488,2043,1,7,3,1650,721,977562957,2031849,488,9414,0,0
977563848,952,2638,-2,-104950,229,506,497,483,488,2042,1,7,3,1650,722,977563877,2031849,488,10330,0,0
977564867,1019,2636,-2,-104948,235,506,496,483,488,2040,1,7,3,1650,724,977564912,2031849,488,11368,0,0
977565968,1101,2634,-2,-104946,333,506,512,483,488,2038,1,7,3,1650,726,977566069,2031849,488,12537,0,0
977567070,1102,2632,-2,-104944,448,506,520,483,488,2036,1,7,3,1650,727,977567229,2031849,488,13703,0,0
977567954,884,2631,-1,-104943,322,507,520,483,488,2036,1,7,3,1650,729,977568023,2031849,488,14482,0,0
977568886,932,2629,-2,-104941,268,507,520,483,486,2034,1,7,3,1650,730,977568923,2031849,488,15375,0,0
977569890,1004,2627,-2,-104939,264,507,504,483,486,2032,1,7,3,1650,732,977569994,2031849,488,16465,0,0
977570935,1045,2625,-2,-104937,309,507,503,483,483,2030,1,7,3,1650,733,977571013,2031849,488,17476,0,0
977571878,943,2622,-3,-104934,250,507,504,483,483,2028,1,7,3,1650,735,977571930,2031849,488,18382,0,0
977572907,1029,2619,-3,-104931,277,507,512,483,483,2025,1,7,3,1650,736,977572970,2031849,488,19429,0,0
977573865,958,2617,-2,-104929,241,507,505,483,483,2023,1,7,3,1650,738,977573910,2031849,488,20368,0,0
977574932,1067,2615,-2,-104927,312,507,503,478,483,2021,1,7,3,1650,740,977575026,2031849,488,21490,0,0
977575871,939,2614,-1,-104926,253,507,496,478,483,2021,1,7,3,1650,741,977575915,2031849,488,22375,0,0
977576931,1060,2614,0,-104926,311,505,481,478,483,2021,1,7,3,1650,743,977577007,2031849,488,23477,0,0
977577863,932,2613,-1,-104925,235,504,476,478,483,2020,1,7,3,1650,744,977577897,2031849,488,24351,0,0
977578916,1053,2611,-2,-104923,286,503,472,478,483,2018,1,7,3,1650,746,977579000,2031849,488,25458,0,0
977579855,939,2608,-3,-104920,237,502,481,478,483,2015,1,7,3,1650,747,977579884,2031849,488,26334,0,0
977580852,997,2606,-2,-104918,231,501,476,478,483,2014,1,7,3,1650,749,977580885,2031849,488,27336,0,0
977581846,994,2603,-3,-104915,223,500,474,478,483,2011,1,7,3,1650,750,977581874,2031849,488,28325,0,0
977582900,1054,2601,-2,-104913,276,499,473,478,483,2009,1,7,3,1650,752,977582969,2031849,488,29426,0,0
977583871,971,2598,-3,-104910,240,498,481,478,483,2007,1,7,3,1650,753,977583903,2031849,488,30352,0,0
977584859,988,2595,-3,-104907,233,498,489,478,483,2004,1,7,3,1650,755,977584900,2031849,488,31357,0,0
977585969,1110,2593,-2,-104905,338,498,503,478,483,2002,1,7,3,1650,757,977586089,2031849,488,32558,0,0
977587081,1112,2592,-1,-104904,450,499,510,478,483,2001,1,7,3,1650,758,977587251,2031849,488,33725,0,0
977587948,867,2591,-1,-104903,324,499,503,478,483,2000,1,7,3,1650,760,977588020,2031849,488,34480,0,0
977588895,947,2589,-2,-104901,275,499,503,478,483,1999,1,7,3,1650,761,977588952,2031849,488,35408,0,0
977589910,1015,2587,-2,-104899,276,499,496,478,483,1997,1,7,3,1650,763,977589997,2031849,488,36470,0,0
977590926,1016,2584,-3,-104896,307,499,495,478,483,1994,1,7,3,1650,764,977591039,2031849,488,37498,0,0
977591890,964,2582,-2,-104894,258,499,496,478,483,1992,1,7,3,1650,766,977591938,2031849,488,38399,0,0
977592890,1000,2579,-3,-104891,269,499,503,478,483,1990,1,7,3,1650,767,977592965,2031849,488,39424,0,0
977593879,989,2577,-2,-104889,246,499,496,478,483,1988,1,7,3,1650,769,977593949,2031849,488,40411,0,0
977594923,1044,2574,-3,-104886,298,499,504,478,483,1985,1,7,3,1650,770,977594999,2031849,488,41457,0,0
977595889,966,2573,-1,-104885,257,499,496,478,483,1985,1,7,3,1650,772,977595940,2031849,488,42401,0,0
977596958,1069,2572,-1,-104884,338,498,488,478,483,1984,1,7,3,1650,774,977597039,2031849,488,43510,0,0
977597861,903,2571,-1,-104883,241,498,484,478,480,1983,1,7,3,1650,775,977597908,2031849,488,44365,0,0
977598899,1038,2570,-1,-104882,278,497,480,478,480,1982,1,7,3,1650,777,977598968,2031849,488,45424,0,0
977599889,990,2567,-3,-104879,260,497,488,473,477,1979,1,7,3,1650,778,977599939,2031849,488,46396,0,0
977600866,977,2565,-2,-104877,247,496,489,473,477,1978,1,7,3,1650,780,977600911,2031849,488,47364,0,0
977601856,990,2562,-3,-104874,228,497,497,473,478,1975,1,7,3,1650,781,977601887,2031849,488,48341,0,0
977602913,1057,2559,-3,-104871,292,496,488,473,478,1972,1,7,3,1650,783,977602991,2031849,488,49450,0,0
977603870,957,2557,-2,-104869,239,496,488,473,478,1971,1,7,3,1650,784,977603907,2031810,498,1,0,0
977604875,1005,2555,-2,-104867,246,496,488,473,478,1969,1,7,3,1650,786,977604941,2031810,498,504,0,0
977605984,1109,2552,-3,-104864,349,496,503,473,478,1966,1,7,3,1650,788,977606113,2031810,498,1690,0,0
977607061,1077,2551,-1,-104863,439,496,510,473,478,1965,1,7,3,1650,789,977607198,2031810,498,2808,0,0
977607967,906,2550,-1,-104862,334,497,511,473,478,1964,1,7,3,1650,790,977608035,2031810,498,3604,0,0
977608896,929,2549,-1,-104861,271,497,503,473,478,1963,1,7,3,1650,792,977608957,2031810,498,4524,0,0
977609915,1019,2547,-2,-104859,282,497,495,473,478,1962,1,7,3,1650,794,977610037,2031810,498,5618,0,0
977610934,1019,2545,-2,-104857,306,497,495,473,478,1960,1,7,3,1650,795,977611037,2031810,498,6605,0,0
977611884,950,2542,-3,-104854,256,497,496,473,478,1957,1,7,3,1650,796,977611941,2031810,498,7512,0,0
977612893,1009,2539,-3,-104851,273,497,503,473,478,1955,1,7,3,1650,798,977612960,2031810,498,8526,0,0
977613879,986,2537,-2,-104849,251,497,496,473,478,1953,1,7,3,1650,799,977613943,2031810,498,9513,0,0
977614920,1041,2535,-2,-104847,292,497,487,473,478,1951,1,7,3,1650,801,977614999,2031810,498,10567,0,0
977615872,952,2533,-2,-104845,244,497,488,473,478,1949,1,7,3,1650,802,977615924,2031810,498,11491,0,0
977616981,1109,2531,-2,-104843,359,496,488,473,478,1948,1,7,3,1650,804,977617063,2031810,498,12642,0,0
977617861,880,2530,-1,-104842,242,496,492,473,478,1947,1,7,3,1650,806,977617904,2031810,498,13467,0,0
977618903,1042,2529,-1,-104841,276,496,488,473,478,1946,1,7,3,1650,807,977618972,2031810,498,14539,0,0
977619865,962,2528,-1,-104840,237,495,481,473,478,1945,1,7,3,1650,809,977619899,2031810,498,15459,0,0
977620861,996,2526,-2,-104838,230,495,481,473,478,1943,1,7,3,1650,810,977620892,2031810,498,16451,0,0
977621859,998,2523,-3,-104835,226,494,481,473,477,1941,1,7,3,1650,812,977621896,2031810,498,17458,0,0
977622896,1037,2521,-2,-104833,266,493,472,473,477,1939,1,7,3,1650,813,977622957,2031810,498,18522,0,0
977623864,968,2518,-3,-104830,241,493,481,473,474,1936,1,7,3,1650,815,977623901,2031810,498,19460,0,0
977624873,1009,2515,-3,-104827,250,493,488,467,474,1934,1,7,3,1650,816,977624959,2031810,498,20526,0,0
977625969,1096,2513,-2,-104825,346,492,487,467,471,1932,1,7,3,1650,818,977626125,2031810,498,21705,0,0
977627081,1112,2510,-3,-104822,449,493,502,467,473,1929,1,7,3,1650,820,977627199,2031810,498,22801,0,0
977627991,910,2509,-1,-104821,353,493,502,467,473,1928,1,7,3,1650,821,977628063,2031810,498,23635,0,0
977628894,903,2508,-1,-104820,269,493,496,467,473,1927,1,7,3,1650,822,977628957,2031810,498,24526,0,0
977629912,1018,2506,-2,-104818,286,493,496,467,473,1926,1,7,3,1650,824,977630024,2031810,498,25607,0,0
977630932,1020,2504,-2,-104816,303,493,495,467,473,1924,1,7,3,1650,825,977631024,2031810,498,26594,0,0
977631867,935,2502,-2,-104814,246,493,488,467,473,1922,1,7,3,1650,827,977631897,2031810,498,27460,0,0
977632909,1042,2500,-2,-104812,277,493,487,467,473,1920,1,7,3,1650,828,977632984,2031810,498,28564,0,0
977633886,977,2497,-3,-104809,253,493,488,467,473,1918,1,7,3,1650,830,977633958,2031810,498,29531,0,0
977634920,1034,2494,-3,-104806,296,493,496,467,473,1915,1,7,3,1650,831,977634999,2031810,498,30567,0,0
977635870,950,2492,-2,-104804,244,493,496,467,473,1913,1,7,3,1650,833,977635914,2031810,498,31482,0,0
977637019,1149,2490,-2,-104802,381,493,488,467,473,1912,1,7,3,1650,835,977637104,2031810,498,32685,0,0
977637878,859,2489,-1,-104801,247,493,491,467,473,1911,1,7,3,1650,836,977637928,2031810,498,33494,0,0
977638906,1028,2487,-2,-104799,280,493,504,467,473,1909,1,7,3,1650,838,977638985,2031810,498,34553,0,0
977639856,950,2487,0,-104799,237,493,489,467,473,1909,1,7,3,1650,839,977639889,2031810,498,35447,0,0
977640850,994,2485,-2,-104797,231,493,489,467,473,1907,1,7,3,1650,840,977640883,2031810,498,36443,0,0
977641849,999,2483,-2,-104795,225,493,490,467,473,1905,1,7,3,1650,842,977641876,2031810,498,37437,0,0
977642896,1047,2480,-3,-104792,266,492,480,467,473,1903,1,7,3,1650,844,977642962,2031810,498,38529,0,0
977643867,971,2478,-2,-104790,241,492,481,467,473,1901,1,7,3,1650,845,977643900,2031810,498,39458,0,0
977644848,981,2475,-3,-104787,230,492,489,467,473,1898,1,7,3,1650,846,977644881,2031810,498,40446,0,0
977645959,1111,2473,-2,-104785,337,491,487,467,471,1897,1,7,3,1650,848,977646076,2031810,498,41650,0,0
977647111,1152,2470,-3,-104782,482,492,494,467,467,1894,1,7,3,1650,850,977647246,2031810,498,42829,0,0
977647942,831,2469,-1,-104781,308,492,495,467,467,1893,1,7,3,1650,851,977648014,2031810,498,43581,0,0
977648906,964,2467,-2,-104779,273,492,505,467,467,1891,1,7,3,1650,853,977648954,2031810,498,44524,0,0
977649904,998,2466,-1,-104778,277,493,504,462,467,1891,1,7,3,1650,854,977650011,2031810,498,45593,0,0
977650939,1035,2464,-2,-104776,311,493,503,462,467,1889,1,7,3,1650,856,977651023,2031810,498,46596,0,0
977651886,947,2463,-1,-104775,255,493,488,462,467,1888,1,7,3,1650,857,977651945,2031810,498,47511,0,0
977652900,1014,2461,-2,-104773,270,493,488,462,467,1886,1,7,3,1650,859,977652965,2031810,498,48534,0,0
977653864,964,2458,-3,-104770,243,493,488,462,467,1883,1,7,3,1650,860,977653919,2031810,498,49489,0,0
977654930,1066,2456,-2,-104768,305,492,479,462,467,1882,1,7,3,1650,862,977655010,2031802,510,0,0,0
977655913,983,2453,-3,-104765,263,492,488,462,467,1879,1,7,3,1650,863,977655977,2031802,510,428,0,0
977656947,1034,2451,-2,-104763,316,492,489,462,467,1877,1,7,3,1650,865,977657027,2031802,510,1492,0,0
977657867,920,2449,-2,-104761,243,491,484,462,467,1876,1,7,3,1650,866,977657911,2031802,510,2360,0,0
977658902,1035,2447,-2,-104759,274,492,496,462,467,1874,1,7,3,1650,868,977658971,2031802,510,3423,0,0
977659862,960,2446,-1,-104758,240,491,489,462,467,1873,1,7,3,1650,869,977659893,2031802,510,4341,0,0
977660866,1004,2446,0,-104758,236,491,473,462,467,1873,1,7,3,1650,870,977660900,2031802,510,5345,0,0
977661850,984,2445,-1,-104757,224,490,466,462,467,1872,1,7,3,1650,872,977661878,2031802,510,6327,0,0
977662900,1050,2443,-2,-104755,267,489,464,462,467,1870,1,7,3,1650,873,977662964,2031802,510,7417,0,0
977663873,973,2440,-3,-104752,246,488,473,462,467,1868,1,7,3,1650,875,977663908,2031802,510,8352,0,0
977664863,990,2437,-3,-104749,233,488,473,462,467,1865,1,7,3,1650,876,977664906,2031802,510,9358,0,0
977665961,1098,2435,-2,-104747,339,486,462,462,467,1863,1,7,3,1650,878,977666064,2031802,510,10527,0,0
977667093,1132,2432,-3,-104744,460,486,471,462,467,1861,1,7,3,1650,880,977667243,2031802,510,11709,0,0
977667946,853,2430,-2,-104742,317,486,479,462,467,1859,1,7,3,1650,881,977668017,2031802,510,12473,0,0
977668890,944,2428,-2,-104740,270,485,480,462,467,1857,1,7,3,1650,882,977668932,2031802,510,13378,0,0
977669885,995,2426,-2,-104738,255,486,496,462,465,1855,1,7,3,1650,884,977669972,2031802,510,14435,0,0
977670933,1048,2424,-2,-104736,305,486,495,462,462,1854,1,7,3,1650,886,977671012,2031802,510,15468,0,0
977671887,954,2423,-1,-104735,262,486,488,462,461,1853,1,7,3,1650,887,977671936,2031802,510,16390,0,0
977672885,998,2422,-1,-104734,264,486,480,462,461,1852,1,7,3,1650,888,977672965,2031802,510,17418,0,0
977673883,998,2420,-2,-104732,259,485,472,462,462,1850,1,7,3,1650,890,977673953,2031802,510,18407,0,0
977674939,1056,2417,-3,-104729,307,485,471,457,462,1847,1,7,3,1650,891,977675031,2031802,510,19492,0,0
977675875,936,2415,-2,-104727,254,484,472,457,462,1846,1,7,3,1650,893,977675930,2031802,510,20381,0,0
977676942,1067,2412,-3,-104724,314,484,481,457,462,1843,1,7,3,1650,894,977677018,2031802,510,21482,0,0
977677863,921,2410,-2,-104722,236,484,476,457,462,1841,1,7,3,1650,896,977677901,2031802,510,22350,0,0
977678904,1041,2408,-2,-104720,285,484,481,457,462,1840,1,7,3,1650,897,977678986,2031802,510,23441,0,0
977679870,966,2406,-2,-104718,244,484,481,457,462,1838,1,7,3,1650,899,977679908,2031802,510,24353,0,0
977680857,987,2405,-1,-104717,233,484,481,457,462,1837,1,7,3,1650,900,977680889,2031802,510,25335,0,0
977681854,997,2404,-1,-104716,224,483,474,457,462,1836,1,7,3,1650,902,977681884,2031802,510,26333,0,0
977682901,1047,2403,-1,-104715,271,483,472,457,462,1835,1,7,3,1650,903,977682968,2031802,510,27421,0,0
977683885,984,2402,-1,-104714,253,482,455,457,462,1834,1,7,3,1650,905,977683921,2031802,510,28366,0,0
977684857,972,2400,-2,-104712,232,481,457,457,462,1833,1,7,3,1650,906,977684896,2031802,510,29347,0,0
977685963,1106,2396,-4,-104708,334,480,463,457,462,1829,1,7,3,1650,908,977686081,2031802,510,30545,0,0
977687076,1113,2394,-2,-104706,444,479,462,457,462,1827,1,7,3,1650,910,977687249,2031802,510,31716,0,0
977687952,876,2392,-2,-104704,331,479,463,457,462,1825,1,7,3,1650,911,977688021,2031802,510,32476,0,0
977688895,943,2390,-2,-104702,275,478,464,457,462,1824,1,7,3,1650,912,977688947,2031802,510,33399,0,0
977690075,1180,2387,-3,-104699,442,478,477,457,462,1821,1,7,3,1650,914,977690153,2031802,510,34609,0,0
977690937,862,2385,-2,-104697,306,479,495,457,462,1819,1,7,3,1650,915,977691029,2031802,510,35488,0,0
977691893,956,2384,-1,-104696,271,479,496,457,462,1818,1,7,3,1650,917,977691993,2031802,510,36450,0,0
977692904,1011,2382,-2,-104694,282,480,496,457,462,1817,1,7,3,1650,918,977692982,2031802,510,37437,0,0
977693883,979,2382,0,-104694,257,480,472,457,462,1817,1,7,3,1650,919,977693967,2031802,510,38426,0,0
977694928,1045,2380,-2,-104692,297,479,463,457,461,1815,1,7,3,1650,921,977695004,2031802,510,39462,0,0
977695890,962,2378,-2,-104690,260,478,464,457,461,1813,1,7,3,1650,922,977695941,2031802,510,40394,0,0
977696964,1074,2375,-3,-104687,325,478,472,457,458,1811,1,7,3,1650,924,977697044,2031802,510,41508,0,0
977697868,904,2373,-2,-104685,247,478,468,457,456,1809,1,7,3,1650,925,977697919,2031802,510,42371,0,0
977698891,1023,2370,-3,-104682,273,478,472,457,457,1806,1,7,3,1650,927,977698961,2031802,510,43413,0,0
977699887,996,2368,-2,-104680,260,477,472,451,457,1804,1,7,3,1650,928,977699937,2031802,510,44386,0,0
977700866,979,2366,-2,-104678,241,477,473,451,457,1803,1,7,3,1650,930,977700905,2031802,510,45353,0,0
977701858,992,2365,-1,-104677,226,477,466,451,457,1802,1,7,3,1650,931,977701895,2031802,510,46346,0,0
977702924,1066,2363,-2,-104675,292,477,480,451,457,1800,1,7,3,1650,933,977703000,2031802,510,47457,0,0
977703865,941,2363,0,-104675,241,476,465,451,457,1800,1,7,3,1650,934,977703899,2031802,510,48343,0,0
977704853,988,2362,-1,-104674,230,476,457,451,457,1799,1,7,3,1650,935,977704891,2031802,510,49346,0,0
977705958,1105,2360,-2,-104672,333,474,446,451,457,1797,1,7,3,1650,937,977706096,2031768,521,5,0,0
977707432,1474,2357,-3,-104669,419,472,440,451,457,1795,1,7,3,1650,939,977707565,2031768,521,743,0,0
977707915,483,2355,-2,-104667,259,472,447,451,457,1793,1,7,3,1650,940,977707965,2031768,521,1127,0,0
977708894,979,2353,-2,-104665,267,471,448,451,457,1791,1,7,3,1650,941,977708945,2031768,521,2117,0,0
977709885,991,2350,-3,-104662,260,470,456,451,457,1789,1,7,3,1650,943,977709953,2031768,521,3115,0,0
977710937,1052,2348,-2,-104660,302,470,463,451,457,1787,1,7,3,1650,944,977711011,2031768,521,4177,0,0
977711876,939,2346,-2,-104658,246,470,472,451,457,1785,1,7,3,1650,946,977711928,2031768,521,5087,0,0
977712900,1024,2344,-2,-104656,273,470,472,451,457,1783,1,7,3,1650,947,977712959,2031768,521,6126,0,0
977713877,977,2342,-2,-104654,244,471,481,451,457,1782,1,7,3,1650,949,977713929,2031768,521,7092,0,0
977714935,1058,2341,-1,-104653,305,471,479,451,457,1781,1,7,3,1650,950,977715010,2031768,521,8177,0,0
977715864,929,2340,-1,-104652,245,471,472,451,457,1780,1,7,3,1650,952,977715907,2031768,521,9069,0,0
977716950,1086,2338,-2,-104650,317,470,457,451,457,1778,1,7,3,1650,953,977717027,2031768,521,10203,0,0
977717866,916,2336,-2,-104648,238,470,460,451,457,1776,1,7,3,1650,954,977717908,2031768,521,11071,0,0
977718906,1040,2333,-3,-104645,273,470,464,451,457,1774,1,7,3,1650,956,977718976,2031768,521,12139,0,0
977719868,962,2331,-2,-104643,238,470,465,451,456,1772,1,7,3,1650,957,977719900,2031768,521,13057,0,0
977720868,1000,2329,-2,-104641,235,469,460,451,454,1770,1,7,3,1650,959,977720900,2031768,521,14057,0,0
977721845,977,2326,-3,-104638,224,469,466,451,454,1767,1,7,3,1650,960,977721873,2031768,521,15029,0,0
977722896,1051,2324,-2,-104636,269,469,472,451,452,1766,1,7,3,1650,962,977722963,2031768,521,16125,0,0
977723873,977,2323,-1,-104635,242,469,465,451,449,1765,1,7,3,1650,963,977723904,2031768,521,17061,0,0
977724877,1004,2322,-1,-104634,251,469,473,446,451,1764,1,7,3,1650,965,977724963,2031768,521,18126,0,0
977725980,1103,2321,-1,-104633,351,469,462,446,451,1763,1,7,3,1650,966,977726127,2031768,521,19304,0,0
977727071,1091,2320,-1,-104632,439,468,446,446,451,1762,1,7,3,1650,968,977727188,2031768,521,20390,0,0
977727957,886,2318,-2,-104630,333,467,446,446,451,1760,1,7,3,1650,969,977728024,2031768,521,21194,0,0
977728879,922,2316,-2,-104628,260,467,449,446,451,1759,1,7,3,1650,970,977728935,2031768,521,22104,0,0
977730101,1222,2313,-3,-104625,472,465,444,446,451,1756,1,7,3,1650,972,977730192,2031768,521,23359,0,0
977730921,820,2311,-2,-104623,301,465,447,446,451,1754,1,7,3,1650,973,977730981,2031768,521,24151,0,0
977731915,994,2309,-2,-104621,288,464,455,446,451,1753,1,7,3,1650,975,977731987,2031768,521,25152,0,0
977732895,980,2306,-3,-104618,273,464,464,446,451,1750,1,7,3,1650,976,977732972,2031768,521,26146,0,0
977733911,1016,2304,-2,-104616,279,465,479,446,451,1748,1,7,3,1650,978,977734020,2031768,521,27189,0,0
977734926,1015,2302,-2,-104614,295,466,487,446,451,1746,1,7,3,1650,979,977735001,2031768,521,28169,0,0
977735889,963,2301,-1,-104613,266,466,480,446,451,1746,1,7,3,1650,981,977735952,2031768,521,29118,0,0
977736981,1092,2300,-1,-104612,348,467,472,446,451,1745,1,7,3,1650,982,977737068,2031768,521,30242,0,0
977737885,904,2299,-1,-104611,259,467,465,446,451,1744,1,7,3,1650,983,977737940,2031768,521,31105,0,0
977738908,1023,2297,-2,-104609,275,466,456,446,451,1742,1,7,3,1650,985,977738975,2031768,521,32139,0,0
977739873,965,2295,-2,-104607,242,466,457,446,451,1740,1,7,3,1650,986,977739905,2031768,521,33060,0,0
977740853,980,2293,-2,-104605,230,465,449,446,451,1738,1,7,3,1650,988,977740886,2031768,521,34042,0,0
977741851,998,2290,-3,-104602,225,465,458,446,451,1736,1,7,3,1650,989,977741878,2031768,521,35041,0,0
977742895,1044,2288,-2,-104600,264,465,456,446,449,1734,1,7,3,1650,991,977742957,2031768,521,36118,0,0
977743870,975,2286,-2,-104598,246,464,457,446,449,1732,1,7,3,1650,992,977743901,2031768,521,37056,0,0
977744853,983,2284,-2,-104596,231,464,457,446,447,1731,1,7,3,1650,993,977744889,2031768,521,38055,0,0
977745968,1115,2282,-2,-104594,339,464,470,446,445,1729,1,7,3,1650,995,977746073,2031768,521,39246,0,0
977747094,1126,2281,-1,-104593,459,464,462,446,446,1728,1,7,3,1650,997,977747257,2031768,521,40438,0,0
977747947,853,2281,0,-104593,318,464,446,446,446,1728,1,7,3,1650,998,977748016,2031768,521,41180,0,0
977748908,961,2280,-1,-104592,275,462,431,446,446,1727,1,7,3,1650,999,977748951,2031768,521,42115,0,0
977749916,1008,2278,-2,-104590,289,461,431,441,446,1725,1,7,3,1650,1001,977750054,2031768,521,43244,0,0
977750936,1020,2276,-2,-104588,317,460,430,441,446,1724,1,7,3,1650,1002,977751024,2031768,521,44192,0,0
977751885,949,2273,-3,-104585,255,459,431,441,446,1721,1,7,3,1650,1004,977751939,2031768,521,45104,0,0
977752890,1005,2271,-2,-104583,267,458,433,441,446,1719,1,7,3,1650,1005,977752964,2031768,521,46131,0,0
977753863,973,2268,-3,-104580,244,457,441,441,446,1717,1,7,3,1650,1006,977753924,2031768,521,47089,0,0
977754930,1067,2266,-2,-104578,297,457,455,441,446,1715,1,7,3,1650,1008,977755003,2031768,521,48168,0,0
977755874,944,2264,-2,-104576,243,457,457,441,446,1713,1,7,3,1650,1009,977755928,2031768,521,49093,0,0
977756972,1098,2261,-3,-104573,334,458,473,441,446,1710,1,7,3,1650,1011,977757052,2031752,534,2,0,0
977757953,981,2260,-1,-104572,253,458,474,441,446,1709,1,7,3,1650,1012,977758029,2031752,534,431,0,0
977758912,959,2259,-1,-104571,292,459,463,441,446,1709,1,7,3,1650,1014,977758985,2031752,534,1392,0,0
977759857,945,2258,-1,-104570,234,458,457,441,446,1708,1,7,3,1650,1015,977759888,2031752,534,2288,0,0
977760855,998,2256,-2,-104568,230,458,452,441,446,1706,1,7,3,1650,1016,977760889,2031752,534,3288,0,0
977761853,998,2254,-2,-104566,223,458,450,441,446,1704,1,7,3,1650,1018,977761881,2031752,534,4284,0,0
977762899,1046,2252,-2,-104564,267,457,439,441,446,1702,1,7,3,1650,1019,977762959,2031752,534,5365,0,0
977763858,959,2250,-2,-104562,238,457,442,441,446,1701,1,7,3,1650,1021,977763894,2031752,534,6291,0,0
977764866,1008,2247,-3,-104559,234,456,450,441,446,1698,1,7,3,1650,1022,977764913,2031752,534,7317,0,0
977765969,1103,2245,-2,-104557,339,456,455,441,446,1696,1,7,3,1650,1024,977766084,2031752,534,8500,0,0
977767086,1117,2243,-2,-104555,454,456,462,441,446,1695,1,7,3,1650,1025,977767260,2031752,534,9684,0,0
977767944,858,2241,-2,-104553,322,457,471,441,446,1693,1,7,3,1650,1027,977768016,2031752,534,10424,0,0
977768890,946,2240,-1,-104552,270,457,465,441,445,1692,1,7,3,1650,1028,977768958,2031752,534,11363,0,0
977769914,1024,2239,-1,-104551,283,457,455,441,443,1691,1,7,3,1650,1029,977770020,2031752,534,12446,0,0
977770939,1025,2238,-1,-104550,306,457,446,441,440,1690,1,7,3,1650,1031,977771033,2031752,534,13441,0,0
977771887,948,2237,-1,-104549,267,456,431,441,440,1689,1,7,3,1650,1032,977771940,2031752,534,14347,0,0
977772886,999,2235,-2,-104547,265,455,433,441,441,1688,1,7,3,1650,1034,977772963,2031752,534,15372,0,0
977773882,996,2233,-2,-104545,261,454,431,441,441,1686,1,7,3,1650,1035,977773947,2031752,534,16356,0,0
977774935,1053,2230,-3,-104542,308,453,438,436,441,1683,1,7,3,1650,1036,977775020,2031752,534,17432,0,0
977775880,945,2228,-2,-104540,256,453,441,436,441,1681,1,7,3,1650,1038,977775943,2031752,534,18350,0,0
977776962,1082,2225,-3,-104537,343,453,449,436,441,1679,1,7,3,1650,1039,977777044,2031752,534,19466,0,0
977777866,904,2223,-2,-104535,238,453,460,436,441,1677,1,7,3,1650,1041,977777912,2031752,534,20314,0,0
977778916,1050,2221,-2,-104533,290,454,480,436,441,1675,1,7,3,1650,1042,977779003,2031752,534,21409,0,0
977779874,958,2219,-2,-104531,242,455,481,436,441,1673,1,7,3,1650,1043,977779910,2031752,534,22310,0,0
977780862,988,2218,-1,-104530,232,456,473,436,441,1673,1,7,3,1650,1045,977780895,2031752,534,23293,0,0
977781854,992,2217,-1,-104529,224,456,466,436,441,1672,1,7,3,1650,1046,977781882,2031752,534,24285,0,0
977782897,1043,2217,0,-104529,277,455,439,436,441,1672,1,7,3,1650,1048,977782972,2031752,534,25376,0,0
977783872,975,2215,-2,-104527,247,455,431,436,441,1670,1,7,3,1650,1049,977783907,2031752,534,26307,0,0
977784862,990,2213,-2,-104525,232,454,433,436,441,1668,1,7,3,1650,1050,977784904,2031752,534,27309,0,0
977785950,1088,2210,-3,-104522,330,453,438,436,441,1666,1,7,3,1650,1052,977786089,2031752,534,28506,0,0
977787074,1124,2207,-3,-104519,450,452,438,436,441,1663,1,7,3,1650,1054,977787249,2031752,534,29669,0,0
977787944,870,2206,-1,-104518,322,452,434,436,441,1662,1,7,3,1650,1055,977788016,2031752,534,30424,0,0
977788897,953,2203,-3,-104515,271,452,450,436,441,1659,1,7,3,1650,1056,977788956,2031752,534,31359,0,0
977789899,1002,2201,-2,-104513,278,452,463,436,441,1658,1,7,3,1650,1058,977789987,2031752,534,32403,0,0
977790929,1030,2200,-1,-104512,301,452,455,436,441,1657,1,7,3,1650,1059,977791025,2031752,534,33435,0,0
977791886,957,2199,-1,-104511,266,452,447,436,441,1656,1,7,3,1650,1060,977791940,2031752,534,34347,0,0
977792903,1017,2198,-1,-104510,270,452,439,436,441,1655,1,7,3,1650,1062,977792970,2031752,534,35376,0,0
977793880,977,2197,-1,-104509,256,451,431,436,441,1654,1,7,3,1650,1063,977793944,2031752,534,36354,0,0
977794923,1043,2196,-1,-104508,295,449,414,436,441,1653,1,7,3,1650,1065,977795001,2031752,534,37411,0,0
977795888,965,2194,-2,-104506,255,448,417,436,441,1651,1,7,3,1650,1066,977795938,2031752,534,38345,0,0
977796948,1060,2191,-3,-104503,322,447,426,436,440,1649,1,7,3,1650,1068,977797028,2031752,534,39444,0,0
977797857,909,2189,-2,-104501,239,446,428,436,438,1647,1,7,3,1650,1069,977797896,2031752,534,40301,0,0
977798898,1041,2186,-3,-104498,277,446,439,436,438,1644,1,7,3,1650,1070,977798970,2031752,534,41374,0,0
977799892,994,2184,-2,-104496,263,446,441,431,436,1643,1,7,3,1650,1072,977799945,2031752,534,42347,0,0
977800875,983,2182,-2,-104494,245,446,449,431,436,1641,1,7,3,1650,1073,977800916,2031752,534,43319,0,0
977801859,984,2179,-3,-104491,229,447,466,431,436,1638,1,7,3,1650,1074,977801891,2031752,534,44294,0,0
977802912,1053,2178,-1,-104490,292,448,463,431,436,1637,1,7,3,1650,1076,977802992,2031752,534,45399,0,0
977803868,956,2176,-2,-104488,238,448,465,431,436,1636,1,7,3,1650,1077,977803904,2031752,534,46304,0,0
977804854,986,2175,-1,-104487,231,449,457,431,436,1635,1,7,3,1650,1079,977804886,2031752,534,47294,0,0
977805970,1116,2174,-1,-104486,336,448,438,431,436,1634,1,7,3,1650,1080,977806103,2031752,534,48520,0,0
977807068,1098,2172,-2,-104484,443,447,430,431,436,1632,1,7,3,1650,1082,977807233,2031752,534,49668,0,0
977807953,885,2170,-2,-104482,332,447,430,431,436,1630,1,7,3,1650,1083,977808016,2031777,546,0,0,0
977808912,959,2167,-3,-104479,271,446,440,431,436,1628,1,7,3,1650,1084,977808978,2031777,546,425,0,0
977809920,1008,2165,-2,-104477,296,446,439,431,436,1626,1,7,3,1650,1086,977810025,2031777,546,1487,0,0
977810934,1014,2163,-2,-104475,301,446,447,431,436,1624,1,7,3,1650,1087,977811048,2031777,546,2498,0,0
977811889,955,2160,-3,-104472,259,447,463,431,436,1622,1,7,3,1650,1088,977811948,2031777,546,3398,0,0
977812909,1020,2159,-1,-104471,282,448,472,431,436,1621,1,7,3,1650,1090,977812977,2031777,546,4425,0,0
977813867,958,2157,-2,-104469,248,449,473,431,436,1619,1,7,3,1650,1091,977813916,2031777,546,5367,0,0
977814917,1050,2156,-1,-104468,294,449,463,431,436,1618,1,7,3,1650,1093,977815001,2031777,546,6453,0,0
977815866,949,2156,0,-104468,243,449,449,431,436,1618,1,7,3,1650,1094,977815909,2031777,546,7358,0,0
977816978,1112,2155,-1,-104467,337,449,433,431,436,1617,1,7,3,1650,1095,977817054,2031777,546,8515,0,0
977817859,881,2154,-1,-104466,241,448,420,431,436,1616,1,7,3,1650,1097,977817907,2031777,546,9351,0,0
977818909,1050,2152,-2,-104464,276,446,415,431,436,1615,1,7,3,1650,1098,977818986,2031777,546,10431,0,0
977819857,948,2149,-3,-104461,237,446,426,431,436,1612,1,7,3,1650,1099,977819889,2031777,546,11331,0,0
977820862,1005,2147,-2,-104459,234,445,426,431,433,1610,1,7,3,1650,1101,977820894,2031777,546,12334,0,0
977821854,992,2145,-2,-104457,224,444,434,431,433,1608,1,7,3,1650,1102,977821884,2031777,546,13328,0,0
977822901,1047,2143,-2,-104455,272,444,441,431,431,1607,1,7,3,1650,1104,977822967,2031777,546,14413,0,0
977823872,971,2140,-3,-104452,240,445,457,431,431,1604,1,7,3,1650,1105,977823904,2031777,546,15346,0,0
977824885,1013,2138,-2,-104450,253,445,465,425,431,1602,1,7,3,1650,1106,977824962,2031777,546,16410,0,0
977825968,1083,2137,-1,-104449,342,446,463,425,431,1601,1,7,3,1650,1108,977826130,2031777,546,17591,0,0
977827080,1112,2135,-2,-104447,438,447,454,425,431,1600,1,7,3,1650,1110,977827204,2031777,546,18692,0,0
977827965,885,2134,-1,-104446,330,447,446,425,431,1599,1,7,3,1650,1111,977828035,2031777,546,19488,0,0
977828895,930,2133,-1,-104445,271,446,440,425,431,1598,1,7,3,1650,1112,977828957,2031777,546,20410,0,0
977829916,1021,2132,-1,-104444,286,445,423,425,431,1597,1,7,3,1650,1113,977830041,2031777,546,21507,0,0
977830941,1025,2130,-2,-104442,308,444,422,425,431,1595,1,7,3,1650,1115,977831028,2031777,546,22479,0,0
977831870,929,2127,-3,-104439,250,444,423,425,431,1593,1,7,3,1650,1116,977831918,2031777,546,23367,0,0
977832901,1031,2125,-2,-104437,271,443,425,425,431,1591,1,7,3,1650,1118,977832982,2031777,546,24436,0,0
977833887,986,2123,-2,-104435,257,442,431,425,431,1589,1,7,3,1650,1119,977833949,2031777,546,25401,0,0
977834934,1047,2121,-2,-104433,300,442,438,425,431,1587,1,7,3,1650,1120,977835011,2031777,546,26460,0,0
977835871,937,2119,-2,-104431,247,442,441,425,431,1586,1,7,3,1650,1122,977835924,2031777,546,27370,0,0
977837000,1129,2118,-1,-104430,371,442,441,425,431,1585,1,7,3,1650,1123,977837077,2031777,546,28536,0,0
977837885,885,2117,-1,-104429,254,442,436,425,431,1584,1,7,3,1650,1124,977837961,2031777,546,29408,0,0
977838898,1013,2117,0,-104429,280,441,418,425,431,1584,1,7,3,1650,1126,977838967,2031777,546,30414,0,0
977839857,959,2116,-1,-104428,238,440,402,425,431,1583,1,7,3,1650,1127,977839890,2031777,546,31331,0,0
977840856,999,2115,-1,-104427,231,438,395,425,431,1582,1,7,3,1650,1128,977840889,2031777,546,32330,0,0
977841855,999,2113,-2,-104425,226,436,395,425,431,1580,1,7,3,1650,1130,977841883,2031777,546,33328,0,0
977842888,1033,2110,-3,-104422,260,434,394,425,429,1578,1,7,3,1650,1131,977842949,2031777,546,34397,0,0
977843874,986,2108,-2,-104420,245,433,399,425,426,1576,1,7,3,1650,1133,977843910,2031777,546,35349,0,0
977844857,983,2106,-2,-104418,230,432,402,425,426,1574,1,7,3,1650,1134,977844903,2031777,546,36349,0,0
977845966,1109,2103,-3,-104415,340,432,430,425,424,1571,1,7,3,1650,1136,977846077,2031777,546,37534,0,0
977847112,1146,2101,-2,-104413,475,432,437,425,425,1570,1,7,3,1650,1137,977847250,2031777,546,38718,0,0
977847942,830,2099,-2,-104411,320,432,446,425,425,1568,1,7,3,1650,1138,977848023,2031777,546,39470,0,0
977848898,956,2097,-2,-104409,271,433,448,425,425,1566,1,7,3,1650,1139,977848938,2031777,546,40384,0,0
977849916,1018,2096,-1,-104408,288,433,430,420,425,1565,1,7,3,1650,1141,977850029,2031777,546,41495,0,0
977850938,1022,2094,-2,-104406,317,433,430,420,425,1564,1,7,3,1650,1142,977851022,2031777,546,42476,0,0
977851876,938,2093,-1,-104405,245,432,423,420,425,1563,1,7,3,1650,1143,977851932,2031777,546,43378,0,0
977852913,1037,2092,-1,-104404,279,432,415,420,425,1562,1,7,3,1650,1145,977852969,2031777,546,44418,0,0
977853863,950,2090,-2,-104402,237,431,418,420,425,1560,1,7,3,1650,1146,977853913,2031777,546,45362,0,0
977854919,1056,2088,-2,-104400,299,430,406,420,425,1558,1,7,3,1650,1148,977855000,2031777,546,46449,0,0
977855885,966,2085,-3,-104397,258,430,417,420,425,1556,1,7,3,1650,1149,977855934,2031777,546,47386,0,0
977856947,1062,2083,-2,-104395,308,430,426,420,425,1554,1,7,3,1650,1150,977857025,2031777,546,48485,0,0
977857862,915,2081,-2,-104393,235,429,428,420,425,1552,1,7,3,1650,1152,977857913,2031777,546,49357,0,0
977858909,1047,2079,-2,-104391,278,430,439,420,425,1550,1,7,3,1650,1153,977858980,2031759,560,1,0,0
977859873,964,2077,-2,-104389,253,430,441,420,425,1549,1,7,3,1650,1154,977859914,2031759,560,394,0,0
977860853,980,2076,-1,-104388,234,431,442,420,425,1548,1,7,3,1650,1156,977860890,2031759,560,1369,0,0
977861855,1002,2076,0,-104388,224,431,426,420,425,1548,1,7,3,1650,1157,977861889,2031759,560,2372,0,0
977862908,1053,2076,0,-104388,276,429,399,420,425,1548,1,7,3,1650,1159,977862978,2031759,560,3466,0,0
977863871,963,2075,-1,-104387,239,428,394,420,425,1547,1,7,3,1650,1160,977863908,2031759,560,4386,0,0
977864850,979,2073,-2,-104385,232,427,394,420,425,1545,1,7,3,1650,1161,977864882,2031759,560,5367,0,0
977865975,1125,2071,-2,-104383,355,425,389,420,425,1543,1,7,3,1650,1163,977866085,2031759,560,6581,0,0
977867059,1084,2068,-3,-104380,427,424,406,420,425,1541,1,7,3,1650,1164,977867234,2031759,560,7735,0,0
977867961,902,2066,-2,-104378,331,424,414,420,424,1539,1,7,3,1650,1165,977868024,2031759,560,8513,0,0
977868898,937,2064,-2,-104376,274,424,431,420,421,1537,1,7,3,1650,1167,977868939,2031759,560,9422,0,0
977869899,1001,2062,-2,-104374,267,425,439,420,421,1535,1,7,3,1650,1168,977869986,2031759,560,10488,0,0
977870913,1014,2060,-2,-104372,294,426,447,420,419,1534,1,7,3,1650,1169,977871019,2031759,560,11510,0,0
977871900,987,2058,-2,-104370,270,426,447,420,420,1532,1,7,3,1650,1171,977871958,2031759,560,12446,0,0
977872890,990,2056,-2,-104368,269,427,439,420,420,1530,1,7,3,1650,1172,977872966,2031759,560,13453,0,0
977873883,993,2055,-1,-104367,257,427,431,420,420,1529,1,7,3,1650,1173,977873954,2031759,560,14444,0,0
977874935,1052,2055,0,-104367,315,427,414,415,420,1529,1,7,3,1650,1175,977875022,2031759,560,15517,0,0
977875881,946,2054,-1,-104366,253,426,409,415,420,1528,1,7,3,1650,1176,977875945,2031759,560,16429,0,0
977876955,1074,2052,-2,-104364,331,425,402,415,420,1527,1,7,3,1650,1178,977877036,2031759,560,17533,0,0
977877854,899,2050,-2,-104362,235,424,405,415,420,1525,1,7,3,1650,1179,977877886,2031759,560,18372,0,0
977878920,1066,2047,-3,-104359,295,423,407,415,420,1522,1,7,3,1650,1180,977879004,2031759,560,19491,0,0
977879870,950,2045,-2,-104357,240,423,410,415,420,1521,1,7,3,1650,1181,977879903,2031759,560,20383,0,0
977880856,986,2043,-2,-104355,232,423,418,415,420,1519,1,7,3,1650,1183,977880889,2031759,560,21369,0,0
977881856,1000,2041,-2,-104353,228,423,419,415,420,1517,1,7,3,1650,1184,977881885,2031759,560,22369,0,0
977882905,1049,2039,-2,-104351,273,423,425,415,420,1515,1,7,3,1650,1186,977882977,2031759,560,23461,0,0
977883865,960,2037,-2,-104349,242,423,431,415,420,1513,1,7,3,1650,1187,977883899,2031759,560,24380,0,0
977884865,1000,2036,-1,-104348,232,423,425,415,420,1513,1,7,3,1650,1188,977884907,2031759,560,25393,0,0
977885967,1102,2036,0,-104348,341,422,398,415,420,1513,1,7,3,1650,1190,977886092,2031759,560,26589,0,0
977887076,1109,2036,0,-104348,447,420,381,415,420,1513,1,7,3,1650,1191,977887248,2031759,560,27751,0,0
977887961,885,2034,-2,-104346,326,419,381,415,420,1511,1,7,3,1650,1192,977888022,2031759,560,28509,0,0
977888894,933,2033,-1,-104345,271,417,378,415,420,1510,1,7,3,1650,1194,977888948,2031759,560,29433,0,0
977890077,1183,2030,-3,-104342,447,416,380,415,420,1507,1,7,3,1650,1195,977890155,2031759,560,30647,0,0
977890931,854,2028,-2,-104340,300,415,390,415,420,1506,1,7,3,1650,1196,977891017,2031759,560,31513,0,0
977891891,960,2026,-2,-104338,269,414,406,415,420,1504,1,7,3,1650,1198,977891977,2031759,560,32466,0,0
977892911,1020,2023,-3,-104335,286,415,431,415,420,1501,1,7,3,1650,1199,977892983,2031759,560,33477,0,0
977893898,987,2021,-2,-104333,273,416,439,415,420,1499,1,7,3,1650,1200,977893997,2031759,560,34493,0,0
977894923,1025,2019,-2,-104331,293,417,438,415,420,1498,1,7,3,1650,1202,977894993,2031759,560,35481,0,0
977895877,954,2017,-2,-104329,256,418,441,415,419,1496,1,7,3,1650,1203,977895933,2031759,560,36421,0,0
977896955,1078,2015,-2,-104327,336,419,441,415,419,1494,1,7,3,1650,1204,977897038,2031759,560,37538,0,0
977897877,922,2014,-1,-104326,245,419,428,415,417,1493,1,7,3,1650,1206,977897934,2031759,560,38418,0,0
977898893,1016,2013,-1,-104325,270,419,418,415,414,1492,1,7,3,1650,1207,977898962,2031759,560,39450,0,0
977899894,1001,2012,-1,-104324,265,419,410,410,414,1492,1,7,3,1650,1208,977899946,2031759,560,40428,0,0
977900862,968,2010,-2,-104322,243,418,410,410,415,1490,1,7,3,1650,1210,977900901,2031759,560,41382,0,0
977901855,993,2008,-2,-104320,226,418,410,410,415,1488,1,7,3,1650,1211,977901884,2031759,560,42369,0,0
977902917,1062,2006,-2,-104318,284,418,407,410,415,1486,1,7,3,1650,1212,977902996,2031759,560,43486,0,0
977903862,945,2003,-3,-104315,244,418,418,410,415,1484,1,7,3,1650,1214,977903896,2031759,560,44375,0,0
977904868,1006,2002,-1,-104314,232,418,418,410,415,1483,1,7,3,1650,1215,977904917,2031759,560,45405,0,0
977905964,1096,1999,-3,-104311,338,419,446,410,415,1480,1,7,3,1650,1216,977906107,2031759,560,46609,0,0
977907055,1091,1998,-1,-104310,432,420,438,410,415,1479,1,7,3,1650,1218,977907206,2031759,560,47731,0,0
977907962,907,1996,-2,-104308,337,420,438,410,415,1477,1,7,3,1650,1219,977908024,2031759,560,48515,0,0
977908878,916,1996,0,-104308,255,420,425,410,415,1477,1,7,3,1650,1220,977908935,2031759,560,49425,0,0
977909896,1018,1996,0,-104308,268,420,398,410,415,1477,1,7,3,1650,1222,977909993,2031743,574,1,0,0
977911010,1114,1995,-1,-104307,312,418,389,410,415,1477,1,7,3,1650,1223,977911112,2031743,574,521,0,0
977911903,893,1993,-2,-104305,273,417,390,410,415,1475,1,7,3,1650,1224,977911964,2031743,574,1379,0,0
977912911,1008,1991,-2,-104303,286,416,391,410,415,1473,1,7,3,1650,1226,977912984,2031743,574,2391,0,0
977913888,977,1989,-2,-104301,261,415,390,410,415,1471,1,7,3,1650,1227,977913948,2031743,574,3362,0,0
977914931,1043,1986,-3,-104298,304,415,406,410,415,1469,1,7,3,1650,1228,977915009,2031743,574,4418,0,0
977915874,943,1984,-2,-104296,243,415,409,410,415,1467,1,7,3,1650,1230,977915928,2031743,574,5331,0,0
977916981,1107,1982,-2,-104294,345,415,425,410,415,1465,1,7,3,1650,1231,977917061,2031743,574,6481,0,0
977917862,881,1980,-2,-104292,234,416,444,410,415,1463,1,7,3,1650,1232,977917911,2031743,574,7318,0,0
977918908,1046,1978,-2,-104290,281,417,447,410,415,1462,1,7,3,1650,1234,977918982,2031743,574,8388,0,0
977919865,957,1977,-1,-104289,237,418,441,410,414,1461,1,7,3,1650,1235,977919901,2031743,574,9302,0,0
977920851,986,1975,-2,-104287,231,419,436,410,414,1459,1,7,3,1650,1236,977920882,2031743,574,10283,0,0
977921848,997,1975,0,-104287,224,419,419,410,412,1459,1,7,3,1650,1237,977921876,2031743,574,11281,0,0
977922901,1053,1974,-1,-104286,276,419,409,410,409,1458,1,7,3,1650,1239,977922966,2031743,574,12374,0,0
977923869,968,1973,-1,-104285,237,418,394,410,409,1457,1,7,3,1650,1240,977923906,2031743,574,13305,0,0
977924885,1016,1971,-2,-104283,252,417,394,406,410,1455,1,7,3,1650,1241,977924959,2031743,574,14368,0,0
977925981,1096,1969,-2,-104281,355,416,389,406,410,1454,1,7,3,1650,1243,977926135,2031743,574,15557,0,0
977927070,1089,1966,-3,-104278,444,415,397,406,410,1451,1,7,3,1650,1244,977927179,2031743,574,16622,0,0
977927956,886,1964,-2,-104276,333,414,406,406,410,1449,1,7,3,1650,1246,977928027,2031743,574,17438,0,0
977928894,938,1962,-2,-104274,267,414,415,406,410,1448,1,7,3,1650,1247,977928950,2031743,574,18364,0,0
977929892,998,1960,-2,-104272,270,415,417,406,410,1446,1,7,3,1650,1248,977929980,2031743,574,19398,0,0
977930927,1035,1958,-2,-104270,296,415,422,406,410,1444,1,7,3,1650,1249,977931021,2031743,574,20437,0,0
977931896,969,1957,-1,-104269,262,415,414,406,410,1443,1,7,3,1650,1251,977931942,2031743,574,21348,0,0
977932892,996,1957,0,-104269,270,414,401,406,410,1443,1,7,3,1650,1252,977932966,2031743,574,22382,0,0
977933878,986,1956,-1,-104268,252,413,382,406,410,1442,1,7,3,1650,1253,977933938,2031743,574,23347,0,0
977934918,1040,1956,0,-104268,291,411,374,406,410,1442,1,7,3,1650,1255,977935000,2031743,574,24413,0,0
977935885,967,1955,-1,-104267,259,410,370,406,410,1441,1,7,3,1650,1256,977935940,2031743,574,25346,0,0
977937000,1115,1953,-2,-104265,367,408,362,406,410,1440,1,7,3,1650,1257,977937080,2031743,574,26499,0,0
977937875,875,1950,-3,-104262,246,407,380,406,410,1437,1,7,3,1650,1259,977937934,2031743,574,27339,0,0
977938910,1035,1948,-2,-104260,287,406,390,406,410,1435,1,7,3,1650,1260,977938987,2031743,574,28394,0,0
977939856,946,1946,-2,-104258,233,406,394,406,410,1433,1,7,3,1650,1261,977939892,2031743,574,29294,0,0
977940859,1003,1944,-2,-104256,233,406,410,406,410,1432,1,7,3,1650,1262,977940892,2031743,574,30292,0,0
977941856,997,1942,-2,-104254,224,406,419,406,410,1430,1,7,3,1650,1264,977941884,2031743,574,31288,0,0
977942905,1049,1939,-3,-104251,276,407,425,406,410,1427,1,7,3,1650,1265,977942971,2031743,574,32379,0,0
977943855,950,1938,-1,-104250,237,408,418,406,410,1426,1,7,3,1650,1266,977943892,2031743,574,33292,0,0
977944865,1010,1936,-2,-104248,232,408,418,406,409,1425,1,7,3,1650,1268,977944910,2031743,574,34317,0,0
977945964,1099,1935,-1,-104247,335,408,398,406,407,1424,1,7,3,1650,1269,977946076,2031743,574,35493,0,0
977947118,1154,1934,-1,-104246,484,407,389,406,405,1423,1,7,3,1650,1271,977947264,2031743,574,36687,0,0
977947950,832,1933,-1,-104245,322,406,381,406,405,1422,1,7,3,1650,1272,977948025,2031743,574,37433,0,0
977948898,948,1932,-1,-104244,271,405,378,406,405,1421,1,7,3,1650,1273,977948936,2031743,574,38344,0,0
977949916,1018,1930,-2,-104242,290,404,382,400,405,1419,1,7,3,1650,1274,977950042,2031743,574,39465,0,0
977950939,1023,1927,-3,-104239,311,403,389,400,405,1417,1,7,3,1650,1276,977951020,2031743,574,40436,0,0
977951876,937,1925,-2,-104237,253,403,407,400,405,1415,1,7,3,1650,1277,977951931,2031743,574,41337,0,0
977952905,1029,1923,-2,-104235,280,404,415,400,405,1413,1,7,3,1650,1278,977952972,2031743,574,42380,0,0
977953869,964,1921,-2,-104233,238,405,423,400,405,1412,1,7,3,1650,1279,977953917,2031743,574,43329,0,0
977954925,1056,1919,-2,-104231,304,405,423,400,405,1410,1,7,3,1650,1281,977955006,2031743,574,44418,0,0
977955873,948,1918,-1,-104230,253,406,418,400,405,1409,1,7,3,1650,1282,977955917,2031743,574,45326,0,0
977956940,1067,1916,-2,-104228,316,406,418,400,405,1407,1,7,3,1650,1283,977957017,2031743,574,46435,0,0
977957873,933,1916,0,-104228,240,406,396,400,405,1407,1,7,3,1650,1285,977957920,2031743,574,47327,0,0
977958907,1034,1916,0,-104228,280,405,374,400,405,1407,1,7,3,1650,1286,977958983,2031743,574,48390,0,0
977959852,945,1915,-1,-104227,234,403,371,400,405,1406,1,7,3,1650,1287,977959879,2031743,574,49282,0,0
977960862,1010,1913,-2,-104225,230,402,371,400,405,1404,1,7,3,1650,1288,977960894,2031727,588,2,0,0
977961861,999,1912,-1,-104224,239,401,363,400,405,1404,1,7,3,1650,1290,977961907,2031727,588,484,0,0
977962901,1040,1909,-3,-104221,279,400,391,400,405,1401,1,7,3,1650,1291,977962975,2031727,588,1551,0,0
977963854,953,1907,-2,-104219,236,400,394,400,405,1399,1,7,3,1650,1292,977963886,2031727,588,2454,0,0
977964856,1002,1905,-2,-104217,231,400,402,400,405,1397,1,7,3,1650,1294,977964892,2031727,588,3466,0,0
977965973,1117,1902,-3,-104214,337,401,430,400,405,1395,1,7,3,1650,1295,977966075,2031727,588,4661,0,0
977967065,1092,1900,-2,-104212,435,403,430,400,405,1393,1,7,3,1650,1297,977967234,2031727,588,5827,0,0
977967949,884,1899,-1,-104211,325,403,414,400,405,1392,1,7,3,1650,1298,977968021,2031727,588,6596,0,0
977968895,946,1897,-2,-104209,275,404,417,400,402,1390,1,7,3,1650,1299,977968936,2031727,588,7509,0,0
977969876,981,1896,-1,-104208,258,404,407,400,402,1390,1,7,3,1650,1300,977969960,2031727,588,8549,0,0
977970926,1050,1895,-1,-104207,292,403,398,400,399,1389,1,7,3,1650,1302,977971010,2031727,588,9588,0,0
977971895,969,1895,0,-104207,264,403,382,400,400,1389,1,7,3,1650,1303,977971948,2031727,588,10530,0,0
977972889,994,1894,-1,-104206,270,402,378,400,400,1388,1,7,3,1650,1304,977972974,2031727,588,11550,0,0
977973884,995,1892,-2,-104204,252,401,374,400,400,1386,1,7,3,1650,1305,977973956,2031727,588,12536,0,0
977974940,1056,1890,-2,-104202,311,399,373,395,400,1384,1,7,3,1650,1307,977975026,2031727,588,13611,0,0
977975872,932,1888,-2,-104200,253,399,378,395,400,1383,1,7,3,1650,1308,977975934,2031727,588,14505,0,0
977976952,1080,1886,-2,-104198,310,398,386,395,400,1381,1,7,3,1650,1309,977977028,2031727,588,15617,0,0
977977867,915,1884,-2,-104196,234,398,397,395,400,1379,1,7,3,1650,1310,977977906,2031727,588,16479,0,0
977978922,1055,1882,-2,-104194,296,398,407,395,400,1377,1,7,3,1650,1312,977979008,2031727,588,17585,0,0
977979861,939,1881,-1,-104193,239,399,402,395,400,1376,1,7,3,1650,1313,977979896,2031727,588,18466,0,0
977980864,1003,1880,-1,-104192,233,398,394,395,400,1375,1,7,3,1650,1314,977980897,2031727,588,19465,0,0
977981846,982,1880,0,-104192,224,397,371,395,400,1375,1,7,3,1650,1315,977981874,2031727,588,20443,0,0
977982907,1061,1880,0,-104192,280,395,350,395,400,1375,1,7,3,1650,1317,977982977,2031727,588,21553,0,0
977983872,965,1880,0,-104192,242,393,334,395,400,1375,1,7,3,1650,1318,977983905,2031727,588,22473,0,0
977984862,990,1879,-1,-104191,233,391,331,395,400,1375,1,7,3,1650,1319,977984905,2031727,588,23480,0,0
977985956,1094,1877,-2,-104189,333,388,333,395,400,1373,1,7,3,1650,1321,977986084,2031727,588,24670,0,0
977987087,1131,1875,-2,-104187,447,386,332,395,400,1371,1,7,3,1650,1322,977987259,2031727,588,25849,0,0
977987963,876,1874,-1,-104186,329,384,341,395,400,1370,1,7,3,1650,1323,977988029,2031727,588,26609,0,0
977988911,948,1872,-2,-104184,282,383,358,395,400,1368,1,7,3,1650,1325,977988965,2031727,588,27539,0,0
977989913,1002,1871,-1,-104183,278,382,357,395,400,1368,1,7,3,1650,1326,977990009,2031727,588,28601,0,0
977990916,1003,1869,-2,-104181,297,381,357,395,400,1366,1,7,3,1650,1327,977991022,2031727,588,29601,0,0
977991874,958,1867,-2,-104179,252,381,366,395,400,1364,1,7,3,1650,1328,977991927,2031727,588,30498,0,0
977992906,1032,1865,-2,-104177,283,380,358,395,400,1362,1,7,3,1650,1330,977992970,2031727,588,31547,0,0
977993875,969,1864,-1,-104176,250,379,350,395,400,1361,1,7,3,1650,1331,977993938,2031727,588,32518,0,0
977994915,1040,1863,-1,-104175,294,377,341,395,400,1361,1,7,3,1650,1332,977994994,2031727,588,33570,0,0
977995874,959,1862,-1,-104174,244,376,338,395,399,1360,1,7,3,1650,1333,977995923,2031727,588,34498,0,0
977996967,1093,1861,-1,-104173,345,373,323,395,397,1359,1,7,3,1650,1335,977997047,2031727,588,35638,0,0
977997871,904,1860,-1,-104172,240,371,317,395,397,1358,1,7,3,1650,1336,977997920,2031727,588,36495,0,0
977998910,1039,1858,-2,-104170,279,369,317,395,394,1356,1,7,3,1650,1337,977998980,2031727,588,37554,0,0
977999870,960,1857,-1,-104169,248,367,315,369,395,1355,1,7,3,1650,1339,977999926,2031727,588,38498,0,0
978000866,996,1855,-2,-104167,246,365,323,369,395,1354,1,7,3,1650,1340,978000905,2031727,588,39476,0,0
978001846,980,1853,-2,-104165,225,364,332,369,395,1352,1,7,3,1650,1341,978001874,2031727,588,40442,0,0
978002921,1075,1851,-2,-104163,294,363,350,369,395,1350,1,7,3,1650,1342,978002997,2031727,588,41573,0,0
978003856,935,1849,-2,-104161,238,363,355,369,395,1348,1,7,3,1650,1344,978003891,2031727,588,42460,0,0
978004864,1008,1847,-2,-104159,236,363,355,369,395,1346,1,7,3,1650,1345,978004908,2031727,588,43484,0,0
978005971,1107,1846,-1,-104158,343,362,341,369,395,1346,1,7,3,1650,1346,978006101,2031727,588,44689,0,0
978007089,1118,1845,-1,-104157,446,361,332,369,395,1345,1,7,3,1650,1348,978007266,2031727,588,45854,0,0
978007961,872,1844,-1,-104156,328,359,325,369,395,1344,1,7,3,1650,1349,978008024,2031727,588,46605,0,0
978008894,933,1843,-1,-104155,270,358,323,369,395,1343,1,7,3,1650,1350,978008954,2031727,588,47528,0,0
978009910,1016,1841,-2,-104153,276,357,325,369,395,1341,1,7,3,1650,1351,978010008,2031727,588,48602,0,0
978010943,1033,1840,-1,-104152,313,355,325,369,395,1340,1,7,3,1650,1353,978011044,2031727,588,49622,0,0
978011886,943,1839,-1,-104151,263,355,333,369,395,1339,1,7,3,1650,1354,978011954,2031668,603,1,0,0
978012910,1024,1837,-2,-104149,283,354,350,369,395,1338,1,7,3,1650,1355,978012981,2031668,603,484,0,0
978013874,964,1835,-2,-104147,252,355,366,369,395,1336,1,7,3,1650,1356,978013927,2031668,603,1433,0,0
978014928,1054,1833,-2,-104145,297,356,374,369,395,1334,1,7,3,1650,1358,978015013,2031668,603,2517,0,0
978015878,950,1831,-2,-104143,255,356,378,369,395,1332,1,7,3,1650,1359,978015930,2031668,603,3434,0,0
978016972,1094,1829,-2,-104141,336,357,378,369,395,1331,1,7,3,1650,1360,978017051,2031668,603,4564,0,0
978017875,903,1828,-1,-104140,244,358,373,369,395,1330,1,7,3,1650,1361,978017932,2031668,603,5435,0,0
978018920,1045,1826,-2,-104138,289,359,374,369,394,1328,1,7,3,1650,1363,978018995,2031668,603,6496,0,0
978019858,938,1825,-1,-104137,237,359,371,369,394,1327,1,7,3,1650,1364,978019891,2031668,603,7384,0,0
978020860,1002,1824,-1,-104136,232,359,371,369,392,1326,1,7,3,1650,1365,978020896,2031668,603,8391,0,0
978021842,982,1823,-1,-104135,224,360,363,369,392,1325,1,7,3,1650,1366,978021869,2031668,603,9363,0,0
978022904,1062,1821,-2,-104133,271,360,362,369,389,1324,1,7,3,1650,1368,978022968,2031668,603,10468,0,0
978023868,964,1820,-1,-104132,243,360,355,369,386,1323,1,7,3,1650,1369,978023901,2031668,603,11396,0,0
978024884,1016,1818,-2,-104130,261,360,362,369,386,1321,1,7,3,1650,1370,978024961,2031668,603,12465,0,0
978025965,1081,1816,-2,-104128,340,360,373,369,384,1319,1,7,3,1650,1372,978026081,2031668,603,13592,0,0
978027071,1106,1814,-2,-104126,444,361,381,369,381,1317,1,7,3,1650,1373,978027248,2031668,603,14768,0,0
978027952,881,1813,-1,-104125,326,362,381,369,381,1317,1,7,3,1650,1374,978028018,2031668,603,15520,0,0
978028890,938,1811,-2,-104123,272,363,386,369,378,1315,1,7,3,1650,1375,978028947,2031668,603,16448,0,0
978030075,1185,1809,-2,-104121,445,364,388,369,378,1313,1,7,3,1650,1376,978030152,2031668,603,17662,0,0
978030918,843,1808,-1,-104120,296,364,382,369,375,1312,1,7,3,1650,1378,978030997,2031668,603,18508,0,0
978031893,975,1806,-2,-104118,269,365,382,369,373,1310,1,7,3,1650,1379,978031977,2031668,603,19481,0,0
978032903,1010,1805,-1,-104117,280,366,377,369,373,1310,1,7,3,1650,1380,978032975,2031668,603,20483,0,0
978033878,975,1804,-1,-104116,258,366,366,369,370,1309,1,7,3,1650,1381,978033970,2031668,603,21477,0,0
978034916,1038,1803,-1,-104115,295,365,357,369,370,1308,1,7,3,1650,1382,978034994,2031668,603,22498,0,0
978035899,983,1802,-1,-104114,266,365,354,369,367,1307,1,7,3,1650,1383,978035957,2031668,603,23462,0,0
978036967,1068,1801,-1,-104113,344,364,354,369,369,1306,1,7,3,1650,1385,978037050,2031668,603,24566,0,0
978037865,898,1799,-2,-104111,239,364,365,369,369,1304,1,7,3,1650,1386,978037908,2031668,603,25406,0,0
978038902,1037,1797,-2,-104109,281,365,374,369,369,1303,1,7,3,1650,1387,978038974,2031668,603,26476,0,0
978039862,960,1796,-1,-104108,237,365,371,369,369,1302,1,7,3,1650,1388,978039894,2031668,603,27388,0,0
978040860,998,1794,-2,-104106,231,365,371,369,369,1300,1,7,3,1650,1389,978040892,2031668,603,28387,0,0
978041854,994,1793,-1,-104105,224,365,371,369,369,1299,1,7,3,1650,1390,978041883,2031668,603,29382,0,0
978042889,1035,1791,-2,-104103,270,366,378,369,369,1297,1,7,3,1650,1392,978042955,2031668,603,30455,0,0
978043864,975,1789,-2,-104101,244,366,379,369,369,1296,1,7,3,1650,1393,978043897,2031668,603,31393,0,0
978044849,985,1788,-1,-104100,231,367,370,369,369,1295,1,7,3,1650,1394,978044884,2031668,603,32383,0,0
978045953,1104,1786,-2,-104098,332,367,365,369,369,1293,1,7,3,1650,1395,978046073,2031668,603,33585,0,0
978047085,1132,1785,-1,-104097,462,366,357,369,369,1292,1,7,3,1650,1397,978047246,2031668,603,34767,0,0
978047954,869,1784,-1,-104096,325,366,357,369,369,1291,1,7,3,1650,1398,978048020,2031668,603,35520,0,0
978048907,953,1782,-2,-104094,274,366,362,369,369,1289,1,7,3,1650,1399,978048956,2031668,603,36461,0,0
978049911,1004,1781,-1,-104093,290,365,357,369,369,1288,1,7,3,1650,1400,978050023,2031668,603,37541,0,0
978050937,1026,1780,-1,-104092,305,365,357,369,369,1288,1,7,3,1650,1401,978051012,2031668,603,38518,0,0
978051864,927,1778,-2,-104090,242,365,366,369,369,1286,1,7,3,1650,1402,978051915,2031668,603,39416,0,0
978052913,1049,1777,-1,-104089,279,365,358,369,369,1285,1,7,3,1650,1404,978052973,2031668,603,40475,0,0
978053865,952,1775,-2,-104087,237,365,363,369,369,1283,1,7,3,1650,1405,978053913,2031668,603,41417,0,0
978054925,1060,1773,-2,-104085,299,365,366,369,369,1281,1,7,3,1650,1406,978055000,2031668,603,42506,0,0
978055868,943,1772,-1,-104084,249,365,362,369,369,1281,1,7,3,1650,1407,978055924,2031668,603,43422,0,0
978056956,1088,1770,-2,-104082,320,365,362,369,369,1279,1,7,3,1650,1408,978057041,2031668,603,44555,0,0
978057862,906,1768,-2,-104080,233,365,365,369,369,1277,1,7,3,1650,1409,978057900,2031668,603,45401,0,0
978058902,1040,1767,-1,-104079,283,364,358,369,369,1276,1,7,3,1650,1411,978058970,2031668,603,46471,0,0
978059857,955,1766,-1,-104078,238,364,355,369,369,1275,1,7,3,1650,1412,978059894,2031668,603,47387,0,0
978060865,1008,1765,-1,-104077,232,363,349,369,369,1274,1,7,3,1650,1413,978060902,2031668,603,48397,0,0
978061851,986,1764,-1,-104076,228,363,347,369,369,1274,1,7,3,1650,1414,978061880,2031668,603,49379,0,0
978062903,1052,1762,-2,-104074,273,362,350,369,369,1272,1,7,3,1650,1415,978062964,18808832,646,1,0,0
978063871,968,1761,-1,-104073,246,362,347,369,369,1271,1,7,3,1650,1416,978063912,18808832,646,408,0,0
978064863,992,1760,-1,-104072,236,361,347,369,369,1270,1,7,3,1650,1418,978064916,18808832,646,1419,0,0
978065966,1103,1758,-2,-104070,346,361,357,369,369,1268,1,7,3,1650,1419,978066076,18808832,646,2588,0,0
978067093,1127,1756,-2,-104068,458,361,365,369,369,1267,1,7,3,1650,1420,978067265,18808832,646,3785,0,0
978067946,853,1754,-2,-104066,324,361,365,369,369,1265,1,7,3,1650,1421,978068021,18808832,646,4526,0,0
978068901,955,1753,-1,-104065,276,361,362,369,369,1264,1,7,3,1650,1422,978068949,18808832,646,5450,0,0
978069884,983,1751,-2,-104063,264,361,366,369,369,1262,1,7,3,1650,1424,978069965,18808832,646,6477,0,0
978070931,1047,1749,-2,-104061,298,362,365,369,369,1260,1,7,3,1650,1425,978071033,18808832,646,7541,0,0
978071894,963,1748,-1,-104060,267,362,366,369,369,1259,1,7,3,1650,1426,978071946,18808832,646,8450,0,0
978072879,985,1747,-1,-104059,260,362,362,369,369,1259,1,7,3,1650,1427,978072958,18808832,646,9464,0,0
978073882,1003,1745,-2,-104057,256,362,358,369,369,1257,1,7,3,1650,1428,978073946,18808832,646,10448,0,0
978074928,1046,1744,-1,-104056,306,361,357,369,369,1256,1,7,3,1650,1430,978075007,18808832,646,11513,0,0
978075874,946,1743,-1,-104055,253,361,354,369,369,1255,1,7,3,1650,1431,978075932,18808832,646,12436,0,0
978076959,1085,1741,-2,-104053,323,361,354,369,369,1253,1,7,3,1650,1432,978077039,18808832,646,13553,0,0
978077855,896,1740,-1,-104052,237,361,357,369,369,1252,1,7,3,1650,1433,978077890,18808832,646,14392,0,0
978078909,1054,1739,-1,-104051,279,360,350,369,369,1252,1,7,3,1650,1434,978078981,18808832,646,15482,0,0
978079859,950,1737,-2,-104049,240,360,355,369,369,1250,1,7,3,1650,1435,978079895,18808832,646,16392,0,0
978080862,1003,1735,-2,-104047,231,360,363,369,369,1248,1,7,3,1650,1436,978080896,18808832,646,17391,0,0
978081849,987,1734,-1,-104046,229,360,363,369,369,1247,1,7,3,1650,1438,978081877,18808832,646,18376,0,0
978082896,1047,1732,-2,-104044,273,360,362,369,369,1245,1,7,3,1650,1439,978082960,18808832,646,19461,0,0
978083865,969,1731,-1,-104043,241,360,358,369,369,1245,1,7,3,1650,1440,978083901,18808832,646,20397,0,0
978084855,990,1729,-2,-104041,231,360,362,369,369,1243,1,7,3,1650,1441,978084894,18808832,646,21397,0,0
978085967,1112,1728,-1,-104040,336,360,357,369,369,1242,1,7,3,1650,1443,978086073,18808832,646,22587,0,0
978087100,1133,1726,-2,-104038,463,360,356,369,369,1240,1,7,3,1650,1444,978087264,18808832,646,23782,0,0
978087955,855,1725,-1,-104037,330,360,349,369,369,1239,1,7,3,1650,1445,978088021,18808832,646,24525,0,0
978088909,954,1724,-1,-104036,278,359,350,369,369,1238,1,7,3,1650,1446,978088956,18808832,646,25459,0,0
978089892,983,1723,-1,-104035,270,359,350,369,369,1238,1,7,3,1650,1447,978089980,18808832,646,26495,0,0
978090925,1033,1722,-1,-104034,297,359,349,369,369,1237,1,7,3,1650,1448,978091018,18808832,646,27522,0,0
978091886,961,1720,-2,-104032,259,358,358,369,369,1235,1,7,3,1650,1450,978091937,18808832,646,28441,0,0
978092902,1016,1719,-1,-104031,277,358,354,369,369,1234,1,7,3,1650,1451,978092976,18808832,646,29480,0,0
978093877,975,1717,-2,-104029,249,358,358,369,369,1232,1,7,3,1650,1452,978093935,18808832,646,30438,0,0
978094919,1042,1715,-2,-104027,298,359,366,369,369,1230,1,7,3,1650,1453,978095001,18808832,646,31507,0,0
978095878,959,1714,-1,-104026,247,359,362,369,369,1230,1,7,3,1650,1454,978095930,18808832,646,32427,0,0
978096960,1082,1712,-2,-104024,327,359,362,369,369,1228,1,7,3,1650,1456,978097039,18808832,646,33554,0,0
978097874,914,1710,-2,-104022,242,359,365,369,369,1226,1,7,3,1650,1457,978097918,18808832,646,34424,0,0
978098907,1033,1709,-1,-104021,275,359,358,369,369,1225,1,7,3,1650,1458,978098981,18808832,646,35482,0,0
978099884,977,1707,-2,-104019,258,359,358,369,369,1223,1,7,3,1650,1459,978099930,18808832,646,36430,0,0
978100863,979,1706,-1,-104018,238,359,355,369,369,1223,1,7,3,1650,1460,978100899,18808832,646,37396,0,0
978101850,987,1705,-1,-104017,224,358,347,369,369,1222,1,7,3,1650,1461,978101879,18808832,646,38379,0,0
978102891,1041,1703,-2,-104015,272,358,358,369,369,1220,1,7,3,1650,1463,978102963,18808832,646,39465,0,0
978103857,966,1702,-1,-104014,239,358,355,369,369,1219,1,7,3,1650,1464,978103890,18808832,646,40384,0,0
978104860,1003,1701,-1,-104013,232,358,347,369,369,1218,1,7,3,1650,1465,978104899,18808832,646,41404,0,0
978105964,1104,1699,-2,-104011,336,358,357,369,369,1216,1,7,3,1650,1466,978106072,18808832,646,42588,0,0
978107098,1134,1697,-2,-104009,454,358,356,369,369,1215,1,7,3,1650,1468,978107259,18808832,646,43774,0,0
978107953,855,1696,-1,-104008,324,358,357,369,369,1214,1,7,3,1650,1469,978108026,18808832,646,44533,0,0
978108899,946,1694,-2,-104006,274,358,362,369,369,1212,1,7,3,1650,1470,978108946,18808832,646,45447,0,0
978109912,1013,1692,-2,-104004,280,358,366,369,369,1210,1,7,3,1650,1471,978110006,18808832,646,46526,0,0
978110921,1009,1691,-1,-104003,299,358,357,369,369,1209,1,7,3,1650,1472,978111009,18808832,646,47512,0,0
978111878,957,1689,-2,-104001,256,358,366,369,369,1208,1,7,3,1650,1473,978111928,18808832,646,48432,0,0
978112900,1022,1688,-1,-104000,269,358,358,369,369,1207,1,7,3,1650,1474,978112969,18808832,646,49473,0,0
978113878,978,1686,-2,-103998,251,359,366,369,369,1205,1,7,3,1650,1476,978113949,18808832,646,1,0,0
978114942,1064,1685,-1,-103997,318,359,357,369,369,1204,1,7,3,1650,1477,978115035,18808832,646,499,0,0
978115864,922,1684,-1,-103996,244,358,354,369,369,1203,1,7,3,1650,1478,978115906,18808832,646,1373,0,0
978116959,1095,1683,-1,-103995,326,358,354,369,369,1202,1,7,3,1650,1479,978117037,18808832,646,2512,0,0
978117856,897,1681,-2,-103993,237,358,357,369,369,1201,1,7,3,1650,1480,978117888,18808832,646,3353,0,0
978118904,1048,1680,-1,-103992,281,358,355,369,369,1200,1,7,3,1650,1481,978118974,18808832,646,4438,0,0
978119872,968,1678,-2,-103990,242,358,363,369,369,1198,1,7,3,1650,1483,978119907,18808832,646,5362,0,0
978120857,985,1677,-1,-103989,231,358,363,369,369,1197,1,7,3,1650,1484,978120891,18808832,646,6348,0,0
978121860,1003,1675,-2,-103987,228,359,371,369,369,1195,1,7,3,1650,1485,978121893,18808832,646,7356,0,0
978122901,1041,1673,-2,-103985,272,359,370,369,369,1194,1,7,3,1650,1486,978122963,18808832,646,8425,0,0
978123865,964,1671,-2,-103983,233,360,378,369,369,1192,1,7,3,1650,1487,978123902,18808832,646,9359,0,0
978124868,1003,1669,-2,-103981,249,361,378,367,369,1190,1,7,3,1650,1489,978124941,18808832,646,10407,0,0
978125967,1099,1668,-1,-103980,345,361,373,367,369,1189,1,7,3,1650,1490,978126087,18808832,646,11564,0,0
978127062,1095,1666,-2,-103978,436,362,373,367,369,1187,1,7,3,1650,1491,978127233,18808832,646,12719,0,0
978127966,904,1665,-1,-103977,332,362,365,367,369,1187,1,7,3,1650,1492,978128031,18808832,646,13494,0,0
978128882,916,1664,-1,-103976,262,362,362,367,369,1186,1,7,3,1650,1493,978128934,18808832,646,14397,0,0
978129885,1003,1663,-1,-103975,266,362,358,367,369,1185,1,7,3,1650,1494,978129963,18808832,646,15435,0,0
978130920,1035,1661,-2,-103973,296,362,366,367,369,1183,1,7,3,1650,1496,978131030,18808832,646,16497,0,0
978131889,969,1660,-1,-103972,269,362,366,367,369,1182,1,7,3,1650,1497,978131948,18808832,646,17417,0,0
978132898,1009,1658,-2,-103970,277,362,366,367,369,1180,1,7,3,1650,1498,978132975,18808832,646,18439,0,0
978133886,988,1657,-1,-103969,258,362,366,367,369,1179,1,7,3,1650,1499,978133963,18808832,646,19431,0,0
978134932,1046,1655,-2,-103967,299,363,373,367,369,1178,1,7,3,1650,1500,978135011,18808832,646,20476,0,0
978135879,947,1653,-2,-103965,251,363,378,367,369,1176,1,7,3,1650,1501,978135931,18808832,646,21397,0,0
978136946,1067,1651,-2,-103963,323,364,378,367,369,1174,1,7,3,1650,1503,978137029,18808832,646,22508,0,0
978137864,918,1650,-1,-103962,236,364,373,367,369,1173,1,7,3,1650,1504,978137902,18808832,646,23362,0,0
978138907,1043,1648,-2,-103960,278,365,374,367,369,1172,1,7,3,1650,1505,978138978,18808832,646,24442,0,0
978139866,959,1647,-1,-103959,233,365,371,367,369,1171,1,7,3,1650,1506,978139900,18808832,646,25355,0,0
978140853,987,1646,-1,-103958,231,365,363,367,369,1170,1,7,3,1650,1507,978140883,18808832,646,26339,0,0
978141845,992,1644,-2,-103956,224,365,371,367,369,1168,1,7,3,1650,1508,978141872,18808832,646,27333,0,0
978142894,1049,1643,-1,-103955,275,365,362,367,369,1167,1,7,3,1650,1510,978142959,18808832,646,28421,0,0
978143865,971,1642,-1,-103954,236,365,363,367,369,1166,1,7,3,1650,1511,978143901,18808832,646,29359,0,0
978144854,989,1641,-1,-103953,231,365,355,367,369,1165,1,7,3,1650,1512,978144891,18808832,646,30354,0,0
978145957,1103,1639,-2,-103951,335,365,365,367,369,1164,1,7,3,1650,1513,978146075,18808832,646,31549,0,0
978147102,1145,1637,-2,-103949,467,365,373,367,369,1162,1,7,3,1650,1515,978147258,18808832,646,32741,0,0
978147960,858,1636,-1,-103948,328,365,365,367,369,1161,1,7,3,1650,1516,978148029,18808832,646,33492,0,0
978148898,938,1634,-2,-103946,277,365,370,367,369,1159,1,7,3,1650,1517,978148940,18808832,646,34399,0,0
978150124,1226,1632,-2,-103944,503,365,371,362,369,1158,1,7,3,1650,1518,978150225,18808832,646,35709,0,0
978150942,818,1630,-2,-103942,311,366,381,362,369,1156,1,7,3,1650,1519,978151041,18808832,646,36509,0,0
978151921,979,1628,-2,-103940,295,367,382,362,369,1154,1,7,3,1650,1520,978152004,18808832,646,37464,0,0
978152910,989,1627,-1,-103939,286,367,374,362,369,1153,1,7,3,1650,1522,978152995,18808832,646,38466,0,0
978153905,995,1626,-1,-103938,282,367,366,362,369,1152,1,7,3,1650,1523,978154001,18808832,646,39470,0,0
978154914,1009,1624,-2,-103936,293,367,366,362,369,1150,1,7,3,1650,1524,978154992,18808832,646,40457,0,0
978155885,971,1623,-1,-103935,262,367,362,362,369,1150,1,7,3,1650,1525,978155937,18808832,646,41402,0,0
978156940,1055,1622,-1,-103934,308,366,363,362,369,1149,1,7,3,1650,1526,978157019,18808832,646,42494,0,0
978157870,930,1621,-1,-103933,242,366,357,362,369,1148,1,7,3,1650,1527,978157913,18808832,646,43376,0,0
978158907,1037,1619,-2,-103931,278,366,366,362,369,1146,1,7,3,1650,1529,978158983,18808832,646,44449,0,0
978159865,958,1617,-2,-103929,237,366,370,362,369,1144,1,7,3,1650,1530,978159898,18808832,646,45353,0,0
978160864,999,1616,-1,-103928,232,366,370,362,369,1143,1,7,3,1650,1531,978160896,18808832,646,46353,0,0
978161842,978,1614,-2,-103926,224,367,371,362,369,1142,1,7,3,1650,1532,978161869,18808832,646,47324,0,0
978162895,1053,1612,-2,-103924,268,367,378,362,369,1140,1,7,3,1650,1533,978162959,18808832,646,48422,0,0
978163871,976,1610,-2,-103922,241,367,378,362,369,1138,1,7,3,1650,1535,978163907,18808832,646,49363,0,0
978164856,985,1609,-1,-103921,231,368,378,362,369,1137,1,7,3,1650,1536,978164894,2031642,646,1,0,0
978166133,1277,1606,-3,-103918,371,368,379,362,369,1135,1,7,3,1650,1537,978166237,2031642,646,605,0,0
978167047,914,1605,-1,-103917,412,369,373,362,369,1134,1,7,3,1650,1538,978167185,2031642,646,1584,0,0
978167966,919,1604,-1,-103916,333,369,373,362,367,1133,1,7,3,1650,1539,978168034,2031642,646,2390,0,0
978168882,916,1603,-1,-103915,259,369,370,362,367,1132,1,7,3,1650,1540,978168948,2031642,646,3298,0,0
978169890,1008,1602,-1,-103914,271,369,366,362,364,1131,1,7,3,1650,1542,978169989,2031642,646,4354,0,0
978170934,1044,1601,-1,-103913,302,369,365,362,362,1130,1,7,3,1650,1543,978171042,2031642,646,5399,0,0
978171885,951,1600,-1,-103912,265,368,358,362,362,1129,1,7,3,1650,1544,978171951,2031642,646,6306,0,0
978172892,1007,1598,-2,-103910,272,368,362,362,362,1128,1,7,3,1650,1545,978172972,2031642,646,7330,0,0
978173910,1018,1596,-2,-103908,282,368,374,362,362,1126,1,7,3,1650,1546,978173997,2031642,646,8353,0,0
978174935,1025,1594,-2,-103906,309,369,381,356,362,1124,1,7,3,1650,1548,978175031,2031642,646,9394,0,0
978175891,956,1592,-2,-103904,261,369,385,356,362,1122,1,7,3,1650,1549,978175941,2031642,646,10298,0,0
978176980,1089,1590,-2,-103902,336,370,386,356,362,1121,1,7,3,1650,1550,978177062,2031642,646,11427,0,0
978177854,874,1589,-1,-103901,233,370,381,356,362,1120,1,7,3,1650,1551,978177881,2031642,646,12237,0,0
978178931,1077,1587,-2,-103899,296,371,382,356,362,1118,1,7,3,1650,1552,978179012,2031642,646,13366,0,0
978179857,926,1586,-1,-103898,233,371,379,356,362,1117,1,7,3,1650,1553,978179892,2031642,646,14239,0,0
978180857,1000,1584,-2,-103896,231,372,381,356,362,1115,1,7,3,1650,1554,978180892,2031642,646,15238,0,0
978181857,1000,1583,-1,-103895,224,372,371,356,362,1114,1,7,3,1650,1555,978181893,2031642,646,16246,0,0
978182906,1049,1582,-1,-103894,274,371,362,356,362,1114,1,7,3,1650,1557,978182970,2031642,646,17323,0,0
978183869,963,1581,-1,-103893,238,371,363,356,362,1113,1,7,3,1650,1558,978183906,2031642,646,18251,0,0
978184861,992,1580,-1,-103892,232,371,363,356,362,1112,1,7,3,1650,1559,978184906,2031642,646,19261,0,0
978185966,1105,1578,-2,-103890,341,370,365,356,362,1110,1,7,3,1650,1560,978186085,2031642,646,20449,0,0
978187083,1117,1576,-2,-103888,441,370,373,356,362,1108,1,7,3,1650,1562,978187254,2031642,646,21622,0,0
978187947,864,1575,-1,-103887,326,370,373,356,362,1107,1,7,3,1650,1563,978188023,2031642,646,22379,0,0
978188888,941,1573,-2,-103885,269,371,378,356,362,1106,1,7,3,1650,1564,978188948,2031642,646,23300,0,0
978189917,1029,1571,-2,-103883,284,371,374,356,362,1104,1,7,3,1650,1565,978190022,2031642,646,24392,0,0
978190925,1008,1569,-2,-103881,298,371,382,356,362,1102,1,7,3,1650,1566,978191025,2031642,646,25380,0,0
978191877,952,1568,-1,-103880,252,371,374,356,362,1101,1,7,3,1650,1567,978191929,2031642,646,26283,0,0
978192892,1015,1566,-2,-103878,269,372,377,356,362,1100,1,7,3,1650,1568,978192965,2031642,646,27319,0,0
978193864,972,1565,-1,-103877,243,372,371,356,362,1099,1,7,3,1650,1569,978193916,2031642,646,28271,0,0
978194924,1060,1564,-1,-103876,298,371,365,356,359,1098,1,7,3,1650,1571,978194997,2031642,646,29353,0,0
978195877,953,1563,-1,-103875,246,371,362,356,359,1097,1,7,3,1650,1572,978195934,2031642,646,30289,0,0
978196958,1081,1562,-1,-103874,327,370,348,356,356,1096,1,7,3,1650,1573,978197033,2031642,646,31400,0,0
978197870,912,1561,-1,-103873,238,369,349,356,356,1095,1,7,3,1650,1574,978197915,2031642,646,32266,0,0
978198911,1041,1560,-1,-103872,281,368,350,356,356,1094,1,7,3,1650,1575,978198977,2031642,646,33331,0,0
978199887,976,1558,-2,-103870,255,368,354,351,356,1092,1,7,3,1650,1576,978199942,2031642,646,34291,0,0
978200865,978,1557,-1,-103869,242,367,355,351,356,1092,1,7,3,1650,1577,978200905,2031642,646,35255,0,0
978201843,978,1555,-2,-103867,225,367,363,351,356,1090,1,7,3,1650,1579,978201877,2031642,646,36226,0,0
978202918,1075,1553,-2,-103865,297,367,366,351,356,1088,1,7,3,1650,1580,978202995,2031642,646,37351,0,0
978203867,949,1551,-2,-103863,235,367,370,351,356,1086,1,7,3,1650,1581,978203906,2031642,646,38253,0,0
978204860,993,1549,-2,-103861,230,367,371,351,356,1085,1,7,3,1650,1582,978204899,2031642,646,39251,0,0
978205974,1114,1547,-2,-103859,346,367,365,351,356,1083,1,7,3,1650,1583,978206096,2031642,646,40461,0,0
978207074,1100,1545,-2,-103857,436,367,365,351,356,1081,1,7,3,1650,1585,978207250,2031642,646,41621,0,0
978207956,882,1544,-1,-103856,331,367,365,351,356,1080,1,7,3,1650,1586,978208021,2031642,646,42376,0,0
978208890,934,1544,0,-103856,267,367,354,351,356,1080,1,7,3,1650,1587,978208948,2031642,646,43302,0,0
978209890,1000,1543,-1,-103855,266,366,350,351,356,1079,1,7,3,1650,1588,978209973,2031642,646,44337,0,0
978210922,1032,1542,-1,-103854,303,365,341,351,356,1078,1,7,3,1650,1589,978211032,2031642,646,45389,0,0
978211882,960,1541,-1,-103853,259,364,342,351,356,1078,1,7,3,1650,1590,978211946,2031642,646,46301,0,0
978212904,1022,1539,-2,-103851,273,363,346,351,356,1076,1,7,3,1650,1591,978212965,2031642,646,47320,0,0
978213880,976,1537,-2,-103849,249,363,358,351,356,1074,1,7,3,1650,1592,978213948,2031642,646,48304,0,0
978214921,1041,1535,-2,-103847,298,363,365,351,356,1072,1,7,3,1650,1593,978215001,2031642,646,49358,0,0
978215881,960,1534,-1,-103846,249,363,362,351,356,1071,1,7,3,1650,1595,978215933,2031625,669,2,0,0
978216988,1107,1531,-3,-103843,335,364,370,351,356,1069,1,7,3,1650,1596,978217071,2031625,669,563,0,0
978217872,884,1530,-1,-103842,243,364,365,351,356,1068,1,7,3,1650,1597,978217919,2031625,669,1402,0,0
978218911,1039,1528,-2,-103840,277,364,366,351,356,1066,1,7,3,1650,1598,978218985,2031625,669,2465,0,0
978219867,956,1526,-2,-103838,241,364,370,351,356,1064,1,7,3,1650,1599,978219901,2031625,669,3377,0,0
978220852,985,1525,-1,-103837,231,364,363,351,356,1063,1,7,3,1650,1600,978220886,2031625,669,4360,0,0
978221855,1003,1524,-1,-103836,229,364,355,351,353,1063,1,7,3,1650,1601,978221886,2031625,669,5366,0,0
978222889,1034,1523,-1,-103835,270,363,354,351,350,1062,1,7,3,1650,1603,978222958,2031625,669,6439,0,0
978223864,975,1522,-1,-103834,237,363,350,351,350,1061,1,7,3,1650,1604,978223897,2031625,669,7370,0,0
978224885,1021,1521,-1,-103833,259,362,346,346,351,1060,1,7,3,1650,1605,978224968,2031625,669,8451,0,0
978225970,1085,1520,-1,-103832,346,361,349,346,351,1059,1,7,3,1650,1606,978226125,2031625,669,9619,0,0
978227075,1105,1518,-2,-103830,443,361,357,346,351,1057,1,7,3,1650,1607,978227189,2031625,669,10708,0,0
978227966,891,1517,-1,-103829,338,361,357,346,351,1056,1,7,3,1650,1608,978228039,2031625,669,11526,0,0
978228881,915,1515,-2,-103827,263,361,362,346,351,1055,1,7,3,1650,1609,978228945,2031625,669,12432,0,0
978229909,1028,1513,-2,-103825,276,361,366,346,351,1053,1,7,3,1650,1610,978230024,2031625,669,13525,0,0
978230935,1026,1511,-2,-103823,302,362,373,346,351,1051,1,7,3,1650,1612,978231028,2031625,669,14514,0,0
978231887,952,1509,-2,-103821,265,362,374,346,351,1049,1,7,3,1650,1613,978231935,2031625,669,15421,0,0
978232893,1006,1508,-1,-103820,265,363,370,346,351,1049,1,7,3,1650,1614,978232962,2031625,669,16456,0,0
978233885,992,1506,-2,-103818,262,363,366,346,351,1047,1,7,3,1650,1615,978233956,2031625,669,17449,0,0
978234920,1035,1504,-2,-103816,292,363,365,346,351,1045,1,7,3,1650,1616,978234999,2031625,669,18482,0,0
978235880,960,1503,-1,-103815,248,363,362,346,351,1044,1,7,3,1650,1617,978235932,2031625,669,19417,0,0
978237006,1126,1502,-1,-103814,377,362,354,346,351,1043,1,7,3,1650,1618,978237090,2031625,669,20582,0,0
978237871,865,1502,0,-103814,248,362,341,346,351,1043,1,7,3,1650,1619,978237918,2031625,669,21402,0,0
978238909,1038,1501,-1,-103813,279,361,350,346,351,1042,1,7,3,1650,1621,978238985,2031625,669,22467,0,0
978239860,951,1500,-1,-103812,237,361,347,346,351,1042,1,7,3,1650,1622,978239893,2031625,669,23365,0,0
978240854,994,1499,-1,-103811,230,360,347,346,351,1041,1,7,3,1650,1623,978240887,2031625,669,24363,0,0
978241850,996,1497,-2,-103809,225,360,355,346,351,1039,1,7,3,1650,1624,978241878,2031625,669,25355,0,0
978242887,1037,1495,-2,-103807,267,360,362,346,351,1037,1,7,3,1650,1625,978242949,2031625,669,26430,0,0
978243874,987,1493,-2,-103805,241,360,363,346,351,1035,1,7,3,1650,1626,978243907,2031625,669,27381,0,0
978244861,987,1491,-2,-103803,230,360,362,346,350,1034,1,7,3,1650,1627,978244904,2031625,669,28386,0,0
978245956,1095,1489,-2,-103801,333,360,365,346,350,1032,1,7,3,1650,1629,978246078,2031625,669,29571,0,0
978247105,1149,1487,-2,-103799,474,360,357,346,348,1030,1,7,3,1650,1630,978247248,2031625,669,30746,0,0
978247946,841,1486,-1,-103798,318,360,357,346,345,1029,1,7,3,1650,1631,978248027,2031625,669,31510,0,0
978248897,951,1484,-2,-103796,270,360,362,346,345,1027,1,7,3,1650,1632,978248935,2031625,669,32414,0,0
978249908,1011,1484,0,-103796,289,359,341,341,346,1027,1,7,3,1650,1633,978250018,2031625,669,33517,0,0
978250951,1043,1483,-1,-103795,322,359,341,341,346,1027,1,7,3,1650,1634,978251040,2031625,669,34528,0,0
978251866,915,1482,-1,-103794,245,358,342,341,346,1026,1,7,3,1650,1635,978251914,2031625,669,35397,0,0
978252909,1043,1481,-1,-103793,282,357,342,341,346,1025,1,7,3,1650,1636,978252969,2031625,669,36451,0,0
978253867,958,1480,-1,-103792,235,357,342,341,346,1024,1,7,3,1650,1637,978253916,2031625,669,37399,0,0
978254925,1058,1479,-1,-103791,300,356,341,341,346,1023,1,7,3,1650,1638,978255002,2031625,669,38486,0,0
978255880,955,1477,-2,-103789,249,356,347,341,346,1021,1,7,3,1650,1639,978255932,2031625,669,39411,0,0
978256960,1080,1476,-1,-103788,311,355,347,341,346,1020,1,7,3,1650,1641,978257038,2031625,669,40533,0,0
978257861,901,1474,-2,-103786,234,355,349,341,346,1019,1,7,3,1650,1642,978257901,2031625,669,41382,0,0
978258914,1053,1472,-2,-103784,284,355,350,341,346,1017,1,7,3,1650,1643,978258986,2031625,669,42469,0,0
978259868,954,1470,-2,-103782,235,355,355,341,346,1015,1,7,3,1650,1644,978259898,2031625,669,43372,0,0
978260866,998,1468,-2,-103780,233,355,355,341,346,1013,1,7,3,1650,1645,978260902,2031625,669,44376,0,0
978261845,979,1466,-2,-103778,224,355,355,341,346,1012,1,7,3,1650,1646,978261873,2031625,669,45347,0,0
978262892,1047,1464,-2,-103776,271,355,354,341,346,1010,1,7,3,1650,1647,978262956,2031625,669,46438,0,0
978263857,965,1462,-2,-103774,239,355,363,341,346,1008,1,7,3,1650,1648,978263887,2031625,669,47360,0,0
978264856,999,1461,-1,-103773,231,355,355,341,346,1007,1,7,3,1650,1649,978264896,2031625,669,48378,0,0
978265970,1114,1461,0,-103773,340,355,341,341,346,1007,1,7,3,1650,1651,978266077,2031625,669,49568,0,0
978267087,1117,1460,-1,-103772,459,354,341,341,346,1006,1,7,3,1650,1652,978267254,18808832,689,1,0,0
978268334,1247,1458,-2,-103770,319,354,353,341,345,1005,1,7,3,1650,1653,978268406,18808832,689,558,0,0
978268863,529,1457,-1,-103769,234,354,354,341,345,1004,1,7,3,1650,1654,978268902,18808832,689,1049,0,0
978270060,1197,1456,-1,-103768,427,354,356,341,341,1003,1,7,3,1650,1655,978270133,18808832,689,2284,0,0
978270931,871,1454,-2,-103766,303,354,365,341,341,1001,1,7,3,1650,1656,978271036,18808832,689,3194,0,0
978271902,971,1452,-2,-103764,273,355,366,341,339,999,1,7,3,1650,1657,978271986,18808832,689,4138,0,0
978272912,1010,1450,-2,-103762,287,355,366,341,339,998,1,7,3,1650,1658,978272996,18808832,689,5146,0,0
978273890,978,1448,-2,-103760,263,356,366,341,340,996,1,7,3,1650,1659,978273971,18808832,689,6129,0,0
978274944,1054,1446,-2,-103758,313,356,365,335,340,994,1,7,3,1650,1660,978275033,18808832,689,7194,0,0
978275876,932,1444,-2,-103756,257,357,370,335,340,992,1,7,3,1650,1661,978275934,18808832,689,8081,0,0
978276953,1077,1442,-2,-103754,330,357,370,335,340,991,1,7,3,1650,1663,978277033,18808832,689,9196,0,0
978277861,908,1441,-1,-103753,231,357,365,335,340,990,1,7,3,1650,1664,978277897,18808832,689,10044,0,0
978278925,1064,1439,-2,-103751,300,358,366,335,340,988,1,7,3,1650,1665,978279008,18808832,689,11162,0,0
978279869,944,1438,-1,-103750,244,358,363,335,340,987,1,7,3,1650,1666,978279905,18808832,689,12048,0,0
978280861,992,1438,0,-103750,231,358,363,335,340,987,1,7,3,1650,1667,978280895,18808832,689,13039,0,0
978281861,1000,1438,0,-103750,229,358,355,335,340,987,1,7,3,1650,1668,978281896,18808832,689,14043,0,0
978282910,1049,1437,-1,-103749,277,358,358,335,340,986,1,7,3,1650,1669,978282979,18808832,689,15130,0,0
978283869,959,1437,0,-103749,239,358,350,335,340,986,1,7,3,1650,1670,978283904,18808832,689,16047,0,0
978284857,988,1436,-1,-103748,230,357,347,335,340,985,1,7,3,1650,1671,978284894,18808832,689,17043,0,0
978285959,1102,1434,-2,-103746,336,357,349,335,340,983,1,7,3,1650,1673,978286096,18808832,689,18257,0,0
978287075,1116,1432,-2,-103744,450,357,357,335,340,982,1,7,3,1650,1674,978287249,18808832,689,19416,0,0
978287946,871,1430,-2,-103742,324,357,357,335,340,980,1,7,3,1650,1675,978288018,18808832,689,20171,0,0
978288909,963,1428,-2,-103740,277,357,362,335,340,978,1,7,3,1650,1676,978288956,18808832,689,21105,0,0
978289917,1008,1426,-2,-103738,288,357,357,335,340,976,1,7,3,1650,1677,978290023,18808832,689,22194,0,0
978290924,1007,1424,-2,-103736,299,357,357,335,340,975,1,7,3,1650,1678,978291018,18808832,689,23169,0,0
978291874,950,1422,-2,-103734,256,357,358,335,340,973,1,7,3,1650,1679,978291920,18808832,689,24071,0,0
978292907,1033,1420,-2,-103732,273,357,358,335,340,971,1,7,3,1650,1680,978292971,18808832,689,25122,0,0
978293878,971,1420,0,-103732,249,357,342,335,340,971,1,7,3,1650,1681,978293940,18808832,689,26092,0,0
978294918,1040,1419,-1,-103731,296,356,341,335,340,970,1,7,3,1650,1682,978294997,18808832,689,27149,0,0
978295878,960,1419,0,-103731,247,355,331,335,339,970,1,7,3,1650,1683,978295930,18808832,689,28084,0,0
978296955,1077,1419,0,-103731,321,354,331,335,339,970,1,7,3,1650,1684,978297028,18808832,689,29191,0,0
978297858,903,1418,-1,-103730,235,353,333,335,335,969,1,7,3,1650,1685,978297899,18808832,689,30049,0,0
978298899,1041,1417,-1,-103729,281,352,325,335,333,969,1,7,3,1650,1687,978298969,18808832,689,31120,0,0
978299879,980,1415,-2,-103727,257,351,331,331,333,967,1,7,3,1650,1688,978299935,18808832,689,32080,0,0
978300869,990,1413,-2,-103725,242,351,341,331,335,965,1,7,3,1650,1689,978300912,18808832,689,33059,0,0
978301849,980,1411,-2,-103723,224,350,340,331,335,963,1,7,3,1650,1690,978301877,18808832,689,34023,0,0
978302935,1086,1408,-3,-103720,302,350,342,331,335,961,1,7,3,1650,1691,978303014,18808832,689,35168,0,0
978303855,920,1407,-1,-103719,237,350,339,331,335,960,1,7,3,1650,1692,978303894,18808832,689,36036,0,0
978304864,1009,1405,-2,-103717,231,349,339,331,335,958,1,7,3,1650,1693,978304908,18808832,689,37060,0,0
978305964,1100,1403,-2,-103715,339,349,333,331,335,956,1,7,3,1650,1694,978306106,18808832,689,38267,0,0
978307063,1099,1401,-2,-103713,434,348,332,331,335,954,1,7,3,1650,1695,978307208,18808832,689,39400,0,0
978307956,893,1400,-1,-103712,330,347,333,331,335,954,1,7,3,1650,1696,978308023,18808832,689,40174,0,0
978308876,920,1400,0,-103712,256,346,323,331,335,954,1,7,3,1650,1697,978308931,18808832,689,41088,0,0
978309891,1015,1399,-1,-103711,269,345,317,331,335,953,1,7,3,1650,1698,978309985,18808832,689,42144,0,0
978310927,1036,1399,0,-103711,296,344,317,331,335,953,1,7,3,1650,1699,978311037,18808832,689,43193,0,0
978311893,966,1399,0,-103711,263,343,317,331,335,953,1,7,3,1650,1700,978311953,18808832,689,44105,0,0
978312898,1005,1398,-1,-103710,277,342,315,331,335,952,1,7,3,1650,1702,978312972,18808832,689,45124,0,0
978313888,990,1397,-1,-103709,265,341,325,331,335,951,1,7,3,1650,1703,978313961,18808832,689,46113,0,0
978314915,1027,1395,-2,-103707,294,341,333,331,335,949,1,7,3,1650,1704,978314992,18808832,689,47146,0,0
978315868,953,1393,-2,-103705,250,341,339,331,335,947,1,7,3,1650,1705,978315914,18808832,689,48068,0,0
978316971,1103,1391,-2,-103703,352,341,339,331,335,946,1,7,3,1650,1706,978317057,18808832,689,49219,0,0
978317867,896,1389,-2,-103701,234,341,341,331,335,944,1,7,3,1650,1707,978317908,18808832,711,1,0,0
978318911,1044,1387,-2,-103699,290,340,334,331,335,942,1,7,3,1650,1708,978318989,18808832,711,507,0,0
978319864,953,1385,-2,-103697,240,340,339,331,333,940,1,7,3,1650,1709,978319899,18808832,711,1411,0,0
978320857,993,1383,-2,-103695,232,340,339,331,333,939,1,7,3,1650,1710,978320890,18808832,711,2401,0,0
978321861,1004,1382,-1,-103694,229,340,331,331,330,938,1,7,3,1650,1711,978321894,18808832,711,3409,0,0
978322897,1036,1380,-2,-103692,270,340,331,331,330,936,1,7,3,1650,1712,978322961,18808832,711,4477,0,0
978323868,971,1379,-1,-103691,237,339,323,331,330,935,1,7,3,1650,1713,978323902,18808832,711,5412,0,0
978324883,1015,1378,-1,-103690,262,339,331,325,330,934,1,7,3,1650,1714,978324966,18808832,711,6483,0,0
978325973,1090,1378,0,-103690,347,338,333,325,330,934,1,7,3,1650,1716,978326132,18808832,711,7661,0,0
978327078,1105,1378,0,-103690,434,338,332,325,330,934,1,7,3,1650,1717,978327195,18808832,711,8753,0,0
978327959,881,1377,-1,-103689,334,338,333,325,330,933,1,7,3,1650,1718,978328028,18808832,711,9549,0,0
978328888,929,1376,-1,-103688,268,338,330,325,330,933,1,7,3,1650,1719,978328956,18808832,711,10481,0,0
978330104,1216,1375,-1,-103687,476,337,323,325,330,932,1,7,3,1650,1720,978330196,18808832,711,11719,0,0
978330925,821,1373,-2,-103685,307,337,325,325,330,930,1,7,3,1650,1721,978330983,18808832,711,12508,0,0
978331922,997,1371,-2,-103683,288,336,325,325,330,928,1,7,3,1650,1722,978331989,18808832,711,13507,0,0
978332908,986,1369,-2,-103681,276,336,330,325,330,926,1,7,3,1650,1723,978332985,18808832,711,14513,0,0
978333894,986,1367,-2,-103679,271,336,325,325,330,925,1,7,3,1650,1724,978333997,18808832,711,15528,0,0
978334923,1029,1365,-2,-103677,291,335,325,325,330,923,1,7,3,1650,1725,978335004,18808832,711,16525,0,0
978335889,966,1363,-2,-103675,260,335,331,325,330,921,1,7,3,1650,1726,978335944,18808832,711,17465,0,0
978337020,1131,1361,-2,-103673,381,335,330,325,330,919,1,7,3,1650,1727,978337104,18808832,711,18635,0,0
978337879,859,1360,-1,-103672,258,334,325,325,330,918,1,7,3,1650,1728,978337928,18808832,711,19445,0,0
978338893,1014,1359,-1,-103671,272,334,333,325,330,918,1,7,3,1650,1729,978338968,18808832,711,20487,0,0
978339861,968,1359,0,-103671,241,334,323,325,330,918,1,7,3,1650,1730,978339893,18808832,711,21402,0,0
978340858,997,1360,1,-103672,230,333,307,325,330,918,1,7,3,1650,1731,978340891,18808832,711,22401,0,0
978341852,994,1360,0,-103672,225,332,308,325,330,918,1,7,3,1650,1732,978341880,18808832,711,23395,0,0
978342886,1034,1361,1,-103673,263,331,299,325,330,919,1,7,3,1650,1733,978342951,18808832,711,24469,0,0
978343879,993,1360,-1,-103672,246,329,299,325,330,918,1,7,3,1650,1734,978343908,18808832,711,25417,0,0
978344860,981,1359,-1,-103671,230,328,300,325,330,918,1,7,3,1650,1735,978344900,18808832,711,26420,0,0
978345968,1108,1357,-2,-103669,341,327,292,325,327,916,1,7,3,1650,1737,978346080,18808832,711,27606,0,0
978347098,1130,1356,-1,-103668,463,325,284,325,327,915,1,7,3,1650,1738,978347257,18808832,711,28789,0,0
978347948,850,1354,-2,-103666,318,323,284,325,323,913,1,7,3,1650,1739,978348016,18808832,711,29536,0,0
978348901,953,1353,-1,-103665,273,322,283,325,323,912,1,7,3,1650,1740,978348946,18808832,711,30462,0,0
978349928,1027,1351,-2,-103663,296,320,276,321,325,911,1,7,3,1650,1741,978350070,18808832,711,31615,0,0
978350947,1019,1349,-2,-103661,316,318,276,321,325,909,1,7,3,1650,1742,978351025,18808832,711,32546,0,0
978351868,921,1348,-1,-103660,250,317,277,321,325,908,1,7,3,1650,1743,978351921,18808832,711,33439,0,0
978352898,1030,1347,-1,-103659,275,315,269,321,325,907,1,7,3,1650,1744,978352964,18808832,711,34483,0,0
978353861,963,1345,-2,-103657,242,313,276,321,325,905,1,7,3,1650,1745,978353915,18808832,711,35434,0,0
978354920,1059,1345,0,-103657,297,311,268,321,325,905,1,7,3,1650,1746,978354995,18808832,711,36514,0,0
978355876,956,1344,-1,-103656,248,310,268,321,325,904,1,7,3,1650,1747,978355932,18808832,711,37452,0,0
978356962,1086,1343,-1,-103655,323,308,276,321,325,904,1,7,3,1650,1748,978357036,18808832,711,38564,0,0
978357862,900,1342,-1,-103654,235,308,286,321,325,903,1,7,3,1650,1749,978357906,18808832,711,39423,0,0
978358901,1039,1341,-1,-103653,280,307,285,321,325,902,1,7,3,1650,1750,978358974,18808832,711,40492,0,0
978359864,963,1340,-1,-103652,236,306,284,321,325,901,1,7,3,1650,1751,978359898,18808832,711,41410,0,0
978360862,998,1339,-1,-103651,231,305,286,321,325,900,1,7,3,1650,1752,978360895,18808832,711,42406,0,0
978361846,984,1337,-2,-103649,225,304,284,321,325,898,1,7,3,1650,1753,978361874,18808832,711,43384,0,0
978362890,1044,1336,-1,-103648,270,303,276,321,325,897,1,7,3,1650,1754,978362953,18808832,711,44469,0,0
978363860,970,1334,-2,-103646,239,302,276,321,325,896,1,7,3,1650,1755,978363896,18808832,711,45407,0,0
978364862,1002,1333,-1,-103645,231,301,268,321,325,895,1,7,3,1650,1756,978364905,18808832,711,46421,0,0
978365969,1107,1331,-2,-103643,336,299,260,321,325,893,1,7,3,1650,1757,978366076,18808832,711,47604,0,0
978367103,1134,1329,-2,-103641,470,297,260,321,323,891,1,7,3,1650,1759,978367260,18808832,711,48798,0,0
978367945,842,1328,-1,-103640,325,296,260,321,323,890,1,7,3,1650,1759,978368020,18808832,711,49538,0,0
978368906,961,1327,-1,-103639,276,295,260,321,323,889,1,7,3,1650,1760,978368952,18808832,737,1,0,0
978369915,1009,1326,-1,-103638,284,294,268,321,320,889,1,7,3,1650,1762,978370032,18808832,737,539,0,0
978370943,1028,1325,-1,-103637,311,293,284,321,321,888,1,7,3,1650,1763,978371030,18808832,737,1525,0,0
978371872,929,1324,-1,-103636,251,293,293,321,321,887,1,7,3,1650,1763,978371926,18808832,737,2413,0,0
978372911,1039,1323,-1,-103635,281,294,309,321,321,886,1,7,3,1650,1765,978372975,18808832,737,3468,0,0
978373872,961,1322,-1,-103634,242,294,307,321,321,885,1,7,3,1650,1766,978373923,18808832,737,4413,0,0
978374951,1079,1321,-1,-103633,321,295,308,294,321,884,1,7,3,1650,1767,978375044,18808832,737,5544,0,0
978375886,935,1320,-1,-103632,259,295,307,294,321,883,1,7,3,1650,1768,978375943,18808832,737,6434,0,0
978376947,1061,1319,-1,-103631,322,296,299,294,321,882,1,7,3,1650,1769,978377025,18808832,737,7529,0,0
978377857,910,1317,-2,-103629,229,296,310,294,321,881,1,7,3,1650,1770,978377890,18808832,737,8379,0,0
978378924,1067,1315,-2,-103627,302,297,309,294,321,879,1,7,3,1650,1771,978379010,18808832,737,9506,0,0
978379865,941,1314,-1,-103626,236,297,308,294,321,878,1,7,3,1650,1772,978379901,18808832,737,10385,0,0
978380851,986,1312,-2,-103624,232,297,308,294,321,876,1,7,3,1650,1773,978380885,18808832,737,11369,0,0
978381850,999,1311,-1,-103623,229,297,300,294,321,875,1,7,3,1650,1774,978381878,18808832,737,12366,0,0
978382911,1061,1309,-2,-103621,288,298,309,294,321,874,1,7,3,1650,1775,978382982,18808832,737,13475,0,0
978383856,945,1308,-1,-103620,235,298,308,294,321,873,1,7,3,1650,1776,978383891,18808832,737,14374,0,0
978384861,1005,1306,-2,-103618,231,299,307,294,321,871,1,7,3,1650,1777,978384904,18808832,737,15394,0,0
978385978,1117,1305,-1,-103617,346,299,316,294,321,870,1,7,3,1650,1778,978386101,18808832,737,16603,0,0
978387090,1112,1304,-1,-103616,448,300,316,294,321,869,1,7,3,1650,1779,978387259,18808832,737,17772,0,0
978387954,864,1303,-1,-103615,330,301,316,294,321,868,1,7,3,1650,1780,978388023,18808832,737,18516,0,0
978388893,939,1302,-1,-103614,270,301,315,294,321,867,1,7,3,1650,1781,978388958,18808832,737,19450,0,0
978389910,1017,1301,-1,-103613,277,302,317,294,321,867,1,7,3,1650,1782,978390008,18808832,737,20512,0,0
978390925,1015,1299,-2,-103611,306,303,325,294,321,865,1,7,3,1650,1783,978391041,18808832,737,21537,0,0
978391892,967,1298,-1,-103610,264,303,317,294,321,864,1,7,3,1650,1784,978391964,18808832,737,22459,0,0
978392896,1004,1297,-1,-103609,270,304,317,294,321,863,1,7,3,1650,1785,978392973,18808832,737,23469,0,0
978393905,1009,1295,-2,-103607,274,304,317,294,321,861,1,7,3,1650,1786,978393989,18808832,737,24485,0,0
978394925,1020,1293,-2,-103605,300,305,325,294,321,860,1,7,3,1650,1787,978395005,18808832,737,25500,0,0
978395873,948,1292,-1,-103604,249,306,323,294,321,859,1,7,3,1650,1788,978395927,18808832,737,26416,0,0
978396964,1091,1290,-2,-103602,340,307,323,294,320,857,1,7,3,1650,1789,978397053,18808832,737,27558,0,0
978397863,899,1288,-2,-103600,240,307,325,294,320,855,1,7,3,1650,1790,978397903,18808832,737,28391,0,0
978398900,1037,1287,-1,-103599,281,308,323,294,317,854,1,7,3,1650,1791,978398975,18808832,737,29468,0,0
978399888,988,1286,-1,-103598,260,308,323,294,317,853,1,7,3,1650,1792,978399935,18808832,737,30422,0,0
978400868,980,1285,-1,-103597,245,309,323,294,314,853,1,7,3,1650,1793,978400909,18808832,737,31396,0,0
978401842,974,1284,-1,-103596,224,310,324,294,314,852,1,7,3,1650,1794,978401869,18808832,737,32352,0,0
978402892,1050,1282,-2,-103594,273,310,331,294,310,850,1,7,3,1650,1795,978402961,18808832,737,33453,0,0
978403871,979,1281,-1,-103593,239,311,331,294,310,849,1,7,3,1650,1796,978403908,18808832,737,34391,0,0
978404867,996,1279,-2,-103591,236,312,339,294,309,847,1,7,3,1650,1797,978404920,18808832,737,35410,0,0
978405968,1101,1278,-1,-103590,343,314,341,294,307,846,1,7,3,1650,1798,978406087,18808832,737,36593,0,0
978407067,1099,1277,-1,-103589,442,315,340,294,306,846,1,7,3,1650,1800,978407248,18808832,737,37760,0,0
978407961,894,1275,-2,-103587,327,316,341,294,304,844,1,7,3,1650,1800,978408027,18808832,737,38520,0,0
978408904,943,1274,-1,-103586,276,316,338,294,302,843,1,7,3,1650,1801,978408950,18808832,737,39440,0,0
978409890,986,1272,-2,-103584,267,317,342,294,300,841,1,7,3,1650,1802,978409972,18808832,737,40474,0,0
978410926,1036,1270,-2,-103582,302,318,341,294,299,839,1,7,3,1650,1803,978411029,18808832,737,41526,0,0
978411901,975,1268,-2,-103580,270,320,349,294,297,838,1,7,3,1650,1804,978411967,18808832,737,42462,0,0
978412902,1001,1266,-2,-103578,278,321,354,294,295,836,1,7,3,1650,1805,978412975,18808832,737,43468,0,0
978414058,1156,1265,-1,-103577,428,322,348,294,294,835,1,7,3,1650,1806,978414137,18808832,737,44632,0,0
978414920,862,1263,-2,-103575,294,323,349,294,294,833,1,7,3,1650,1807,978415026,18808832,737,45516,0,0
978415918,998,1262,-1,-103574,295,324,346,294,294,832,1,7,3,1650,1808,978415995,18808832,737,46486,0,0
978416959,1041,1261,-1,-103573,322,325,347,294,294,831,1,7,3,1650,1809,978417033,18808832,737,47534,0,0
978417858,899,1260,-1,-103572,240,326,349,294,294,831,1,7,3,1650,1810,978417900,18808832,737,48389,0,0
978418891,1033,1260,0,-103572,272,326,339,294,294,831,1,7,3,1650,1811,978418964,18808832,737,49456,0,0
978419864,973,1260,0,-103572,246,326,331,294,294,831,1,7,3,1650,1812,978419899,18808832,810,1,0,0
978420864,1000,1259,-1,-103571,243,327,331,294,294,830,1,7,3,1650,1812,978420903,18808832,810,476,0,0
978421848,984,1259,0,-103571,228,326,316,294,294,830,1,7,3,1650,1813,978421886,18808832,810,1464,0,0
978422908,1060,1257,-2,-103569,276,326,325,294,294,828,1,7,3,1650,1814,978422977,18808832,810,2555,0,0
978423859,951,1255,-2,-103567,240,326,331,294,294,826,1,7,3,1650,1815,978423896,18808832,810,3465,0,0
978424878,1019,1253,-2,-103565,256,327,331,294,294,824,1,7,3,1650,1816,978424963,18808832,810,4539,0,0
978425969,1091,1251,-2,-103563,349,327,333,294,294,823,1,7,3,1650,1817,978426105,18808832,810,5696,0,0
978427072,1103,1250,-1,-103562,434,327,324,294,294,822,1,7,3,1650,1818,978427233,18808832,810,6840,0,0
978427957,885,1248,-2,-103560,332,327,325,294,294,820,1,7,3,1650,1819,978428027,18808832,810,7606,0,0
978428894,937,1247,-1,-103559,264,326,323,294,294,819,1,7,3,1650,1820,978428956,18808832,810,8534,0,0
978429912,1018,1245,-2,-103557,280,327,333,294,294,817,1,7,3,1650,1821,978430020,18808832,810,9613,0,0
978430930,1018,1244,-1,-103556,303,327,333,294,294,817,1,7,3,1650,1822,978431040,18808832,810,10620,0,0
978431894,964,1243,-1,-103555,268,327,333,294,294,816,1,7,3,1650,1823,978431959,18808832,810,11540,0,0
978432898,1004,1242,-1,-103554,273,327,325,294,294,815,1,7,3,1650,1824,978432976,18808832,810,12555,0,0
978433888,990,1242,0,-103554,269,327,317,294,294,815,1,7,3,1650,1825,978433969,18808832,810,13553,0,0
978434932,1044,1241,-1,-103553,308,326,309,294,294,814,1,7,3,1650,1826,978435009,18808832,810,14589,0,0
978435876,944,1240,-1,-103552,252,325,307,294,294,813,1,7,3,1650,1827,978435932,18808832,810,15507,0,0
978436970,1094,1239,-1,-103551,344,325,307,294,294,812,1,7,3,1650,1828,978437054,18808832,810,16644,0,0
978437870,900,1238,-1,-103550,238,324,309,294,294,811,1,7,3,1650,1829,978437916,18808832,810,17493,0,0
978438901,1031,1237,-1,-103549,282,323,300,294,294,810,1,7,3,1650,1830,978438971,18808832,810,18552,0,0
978439866,965,1236,-1,-103548,237,322,300,294,294,809,1,7,3,1650,1830,978439901,18808832,810,19469,0,0
978440854,988,1235,-1,-103547,234,321,292,294,294,809,1,7,3,1650,1831,978440887,18808832,810,20458,0,0
978441853,999,1234,-1,-103546,224,320,284,294,294,808,1,7,3,1650,1832,978441880,18808832,810,21455,0,0
978442903,1050,1232,-2,-103544,273,318,277,294,294,806,1,7,3,1650,1833,978442965,18808832,810,22542,0,0
978443864,961,1231,-1,-103543,241,316,276,294,294,805,1,7,3,1650,1834,978443900,18808832,810,23470,0,0
978444857,993,1229,-2,-103541,233,315,285,294,294,803,1,7,3,1650,1835,978444897,18808832,810,24473,0,0
978445970,1113,1227,-2,-103539,337,314,284,294,294,802,1,7,3,1650,1836,978446076,18808832,810,25665,0,0
978447076,1106,1225,-2,-103537,452,313,292,294,294,800,1,7,3,1650,1837,978447245,18808832,810,26839,0,0
978447947,871,1223,-2,-103535,328,312,300,294,294,798,1,7,3,1650,1838,978448027,18808832,810,27607,0,0
978448909,962,1221,-2,-103533,277,312,317,294,294,796,1,7,3,1650,1839,978448959,18808832,810,28537,0,0
978449909,1000,1220,-1,-103532,288,313,325,294,294,795,1,7,3,1650,1840,978450035,18808832,810,29633,0,0
978450927,1018,1220,0,-103532,305,313,317,294,294,795,1,7,3,1650,1841,978451007,18808832,810,30588,0,0
978451870,943,1220,0,-103532,248,313,317,294,294,795,1,7,3,1650,1842,978451928,18808832,810,31502,0,0
978452907,1037,1220,0,-103532,281,313,307,294,294,795,1,7,3,1650,1843,978452972,18808832,810,32551,0,0
978453875,968,1219,-1,-103531,247,312,293,294,294,795,1,7,3,1650,1844,978453931,18808832,810,33510,0,0
978454921,1046,1218,-1,-103530,300,311,284,294,294,794,1,7,3,1650,1845,978455004,18808832,810,34587,0,0
978455870,949,1216,-2,-103528,247,310,291,294,294,792,1,7,3,1650,1845,978455924,18808832,810,35499,0,0
978456958,1088,1214,-2,-103526,322,310,291,294,294,790,1,7,3,1650,1847,978457033,18808832,810,36627,0,0
978457861,903,1213,-1,-103525,232,309,293,294,294,789,1,7,3,1650,1847,978457904,18808832,810,37480,0,0
978458908,1047,1212,-1,-103524,285,308,285,294,294,788,1,7,3,1650,1848,978458983,18808832,810,38561,0,0
978459860,952,1210,-2,-103522,233,307,292,294,294,787,1,7,3,1650,1849,978459892,18808832,810,39461,0,0
978460859,999,1208,-2,-103520,232,307,292,294,294,785,1,7,3,1650,1850,978460892,18808832,810,40462,0,0
978461857,998,1207,-1,-103519,224,306,292,294,294,784,1,7,3,1650,1851,978461887,18808832,810,41463,0,0
978462910,1053,1205,-2,-103517,277,306,301,294,294,782,1,7,3,1650,1852,978462979,18808832,810,42557,0,0
978463859,949,1203,-2,-103515,238,306,308,294,294,780,1,7,3,1650,1853,978463892,18808832,810,43461,0,0
978464862,1003,1202,-1,-103514,232,306,315,294,294,780,1,7,3,1650,1854,978464905,18808832,810,44482,0,0
978465961,1099,1200,-2,-103512,335,307,325,294,294,778,1,7,3,1650,1855,978466070,18808832,810,45658,0,0
978467088,1127,1200,0,-103512,454,308,316,294,294,778,1,7,3,1650,1856,978467267,18808832,810,46861,0,0
978467964,876,1199,-1,-103511,332,308,316,294,294,777,1,7,3,1650,1857,978468029,18808832,810,47609,0,0
978468911,947,1199,0,-103511,280,308,309,294,294,777,1,7,3,1650,1858,978468958,18808832,810,48533,0,0
978469897,986,1199,0,-103511,269,308,301,294,294,777,1,7,3,1650,1859,978469991,18808832,810,49584,0,0
978470922,1025,1198,-1,-103510,303,307,300,294,294,776,1,7,3,1650,1860,978471020,18808832,810,1,0,0
978471905,983,1197,-1,-103509,251,307,301,294,294,775,1,7,3,1650,1861,978471976,18808832,810,418,0,0
978472917,1012,1195,-2,-103507,288,307,301,294,294,773,1,7,3,1650,1862,978472978,18808832,810,1426,0,0
978473867,950,1194,-1,-103506,247,307,301,294,294,773,1,7,3,1650,1862,978473921,18808832,810,2367,0,0
978474951,1084,1192,-2,-103504,316,306,300,294,294,771,1,7,3,1650,1863,978475043,18808832,810,3493,0,0
978475876,925,1191,-1,-103503,249,306,299,294,294,770,1,7,3,1650,1864,978475932,18808832,810,4373,0,0
978476951,1075,1190,-1,-103502,328,305,292,294,294,769,1,7,3,1650,1865,978477032,18808832,810,5487,0,0
978477864,913,1188,-2,-103500,237,305,293,294,294,767,1,7,3,1650,1866,978477910,18808832,810,6350,0,0
978478915,1051,1187,-1,-103499,289,304,277,294,294,766,1,7,3,1650,1867,978478993,18808832,810,7437,0,0
978479859,944,1185,-2,-103497,236,303,284,294,294,765,1,7,3,1650,1868,978479891,18808832,810,8325,0,0
978480856,997,1183,-2,-103495,230,303,292,294,294,763,1,7,3,1650,1869,978480888,18808832,810,9324,0,0
978481855,999,1181,-2,-103493,223,303,308,294,294,761,1,7,3,1650,1870,978481886,18808832,810,10324,0,0
978482907,1052,1180,-1,-103492,275,304,326,294,294,760,1,7,3,1650,1871,978482977,18808832,810,11420,0,0
978483861,954,1179,-1,-103491,239,305,323,294,294,759,1,7,3,1650,1872,978483893,18808832,810,12327,0,0
978484863,1002,1178,-1,-103490,235,305,323,294,294,758,1,7,3,1650,1873,978484906,18808832,810,13346,0,0
978485973,1110,1178,0,-103490,339,305,308,294,294,758,1,7,3,1650,1874,978486083,18808832,810,14536,0,0
978487077,1104,1178,0,-103490,454,305,292,294,294,758,1,7,3,1650,1875,978487246,18808832,810,15706,0,0
978487961,884,1177,-1,-103489,328,304,292,294,294,758,1,7,3,1650,1876,978488032,18808832,810,16477,0,0
978488911,950,1176,-1,-103488,278,304,293,294,294,757,1,7,3,1650,1877,978488961,18808832,810,17403,0,0
978489914,1003,1174,-2,-103486,281,304,292,294,294,755,1,7,3,1650,1878,978490021,18808832,810,18484,0,0
978490932,1018,1173,-1,-103485,309,303,284,294,294,754,1,7,3,1650,1878,978491016,18808832,810,19461,0,0
978491874,942,1171,-2,-103483,252,302,293,294,294,752,1,7,3,1650,1879,978491931,18808832,810,20370,0,0
978492910,1036,1169,-2,-103481,283,302,293,294,294,751,1,7,3,1650,1880,978492974,18808832,810,21418,0,0
978493870,960,1168,-1,-103480,247,301,285,294,294,750,1,7,3,1650,1881,978493924,18808832,810,22368,0,0
978494922,1052,1167,-1,-103479,299,301,284,294,294,749,1,7,3,1650,1882,978495006,18808832,810,23453,0,0
978495888,966,1165,-2,-103477,257,300,291,294,294,747,1,7,3,1650,1883,978495941,18808832,810,24385,0,0
978496963,1075,1163,-2,-103475,328,300,291,294,294,745,1,7,3,1650,1884,978497040,18808832,810,25495,0,0
978497868,905,1162,-1,-103474,236,300,301,294,294,744,1,7,3,1650,1885,978497912,18808832,810,26354,0,0
978498904,1036,1160,-2,-103472,282,300,308,294,294,743,1,7,3,1650,1886,978498979,18808832,810,27423,0,0
978499879,975,1159,-1,-103471,257,301,315,289,294,742,1,7,3,1650,1887,978499930,18808832,810,28369,0,0
978500870,991,1158,-1,-103470,243,302,323,289,294,741,1,7,3,1650,1888,978500909,18808832,810,29346,0,0
978501847,977,1158,0,-103470,228,302,316,289,294,741,1,7,3,1650,1889,978501876,18808832,810,30313,0,0
978502915,1068,1158,0,-103470,294,302,307,289,294,741,1,7,3,1650,1890,978503001,18808832,810,31449,0,0
978503860,945,1158,0,-103470,242,302,292,289,294,741,1,7,3,1650,1891,978503891,18808832,810,32325,0,0
978504857,997,1156,-2,-103468,231,302,299,289,294,739,1,7,3,1650,1892,978504903,18808832,810,33345,0,0
978505964,1107,1155,-1,-103467,343,302,292,289,294,738,1,7,3,1650,1893,978506103,18808832,810,34558,0,0
978507064,1100,1153,-2,-103465,438,301,300,289,294,737,1,7,3,1650,1894,978507207,18808832,810,35692,0,0
978507969,905,1153,0,-103465,337,301,284,289,294,737,1,7,3,1650,1894,978508037,18808832,810,36486,0,0
978508888,919,1152,-1,-103464,262,300,283,289,294,736,1,7,3,1650,1895,978508955,18808832,810,37399,0,0
978509906,1018,1150,-2,-103462,274,300,284,289,294,734,1,7,3,1650,1896,978510024,18808832,810,38486,0,0
978510937,1031,1149,-1,-103461,304,299,276,289,294,733,1,7,3,1650,1897,978511044,18808832,810,39489,0,0
978511883,946,1147,-2,-103459,259,298,276,289,294,731,1,7,3,1650,1898,978511949,18808832,810,40393,0,0
978512902,1019,1145,-2,-103457,274,297,283,289,294,729,1,7,3,1650,1899,978512967,18808832,810,41411,0,0
978513880,978,1143,-2,-103455,252,297,293,289,294,728,1,7,3,1650,1900,978513944,18808832,810,42390,0,0
978514914,1034,1141,-2,-103453,294,297,301,289,294,726,1,7,3,1650,1901,978514996,18808832,810,43441,0,0
978515872,958,1140,-1,-103452,247,297,299,289,294,725,1,7,3,1650,1902,978515921,18808832,810,44362,0,0
978516984,1112,1138,-2,-103450,353,298,315,289,294,723,1,7,3,1650,1903,978517068,18808832,810,45525,0,0
978517862,878,1137,-1,-103449,236,299,325,289,294,722,1,7,3,1650,1904,978517900,18808832,810,46340,0,0
978518913,1051,1136,-1,-103448,287,300,325,289,294,722,1,7,3,1650,1905,978518988,18808832,810,47432,0,0
978519867,954,1136,0,-103448,238,301,315,289,292,722,1,7,3,1650,1906,978519901,18808832,810,48335,0,0
978520850,983,1136,0,-103448,231,301,300,289,290,722,1,7,3,1650,1907,978520883,18808832,810,49319,0,0
978521845,995,1135,-1,-103447,224,301,300,289,290,721,1,7,3,1650,1908,978521873,18808832,817,1,0,0
978522921,1076,1134,-1,-103446,291,300,285,289,289,720,1,7,3,1650,1909,978522992,18808832,817,550,0,0
978523867,946,1133,-1,-103445,237,299,284,289,289,719,1,7,3,1650,1909,978523903,18808832,817,1452,0,0
978524876,1009,1131,-2,-103443,253,299,291,285,289,717,1,7,3,1650,1910,978524956,18808832,817,2512,0,0
978525975,1099,1129,-2,-103441,347,299,292,285,289,715,1,7,3,1650,1911,978526129,18808832,817,3700,0,0
978527075,1100,1127,-2,-103439,445,298,292,285,289,714,1,7,3,1650,1912,978527196,18808832,817,4794,0,0
978527960,885,1126,-1,-103438,336,298,292,285,289,713,1,7,3,1650,1913,978528032,18808832,817,5595,0,0
978528894,934,1124,-2,-103436,273,298,299,285,289,711,1,7,3,1650,1914,978528956,18808832,817,6518,0,0
978529914,1020,1122,-2,-103434,284,298,301,285,289,709,1,7,3,1650,1915,978530038,18808832,817,7614,0,0
978530938,1024,1120,-2,-103432,304,299,309,285,289,708,1,7,3,1650,1916,978531024,18808832,817,8585,0,0
978531895,957,1119,-1,-103431,260,299,317,285,289,707,1,7,3,1650,1917,978531953,18808832,817,9512,0,0
978532898,1003,1117,-2,-103429,271,300,322,285,289,705,1,7,3,1650,1918,978532976,18808832,817,10540,0,0
978533888,990,1116,-1,-103428,266,302,341,285,289,704,1,7,3,1650,1919,978533963,18808832,817,11527,0,0
978534932,1044,1115,-1,-103427,298,303,333,285,289,703,1,7,3,1650,1920,978535014,18808832,817,12574,0,0
978535874,942,1115,0,-103427,249,304,323,285,289,703,1,7,3,1650,1921,978535932,18808832,817,13490,0,0
978537004,1130,1115,0,-103427,373,304,315,285,289,703,1,7,3,1650,1922,978537087,18808832,817,14657,0,0
978537874,870,1115,0,-103427,254,304,301,285,289,703,1,7,3,1650,1922,978537930,18808832,817,15489,0,0
978538911,1037,1115,0,-103427,285,304,301,285,289,703,1,7,3,1650,1923,978538989,18808832,817,16546,0,0
978539867,956,1113,-2,-103425,240,304,307,285,289,701,1,7,3,1650,1924,978539900,18808832,817,17451,0,0
978540855,988,1112,-1,-103424,229,304,300,285,289,700,1,7,3,1650,1925,978540888,18808832,817,18438,0,0
978541856,1001,1110,-2,-103422,226,304,308,285,289,699,1,7,3,1650,1926,978541885,18808832,817,19441,0,0
978542895,1039,1109,-1,-103421,267,304,299,285,289,698,1,7,3,1650,1927,978542960,18808832,817,20517,0,0
978543873,978,1107,-2,-103419,243,304,300,285,288,696,1,7,3,1650,1928,978543907,18808832,817,21457,0,0
978544849,976,1106,-1,-103418,229,303,292,285,287,695,1,7,3,1650,1929,978544883,18808832,817,22441,0,0
978545956,1107,1104,-2,-103416,335,303,292,285,285,693,1,7,3,1650,1930,978546073,18808832,817,23642,0,0
978547119,1163,1102,-2,-103414,481,302,292,285,285,692,1,7,3,1650,1931,978547260,18808832,817,24836,0,0
978547936,817,1101,-1,-103413,312,302,292,285,285,691,1,7,3,1650,1932,978548013,18808832,817,25571,0,0
978548906,970,1099,-2,-103411,279,302,299,285,285,689,1,7,3,1650,1933,978548975,18808832,817,26532,0,0
978549908,1002,1097,-2,-103409,287,303,317,279,285,687,1,7,3,1650,1934,978550028,18808832,817,27604,0,0
978550940,1032,1096,-1,-103408,317,303,325,279,285,686,1,7,3,1650,1934,978551027,18808832,817,28595,0,0
978551878,938,1095,-1,-103407,253,304,325,279,285,686,1,7,3,1650,1935,978551941,18808832,817,29491,0,0
978552898,1020,1094,-1,-103406,279,305,322,279,285,685,1,7,3,1650,1936,978552959,18808832,817,30519,0,0
978553867,969,1094,0,-103406,239,305,317,279,285,685,1,7,3,1650,1937,978553922,18808832,817,31481,0,0
978554929,1062,1094,0,-103406,303,305,301,279,285,685,1,7,3,1650,1938,978555009,18808832,817,32571,0,0
978555875,946,1094,0,-103406,252,305,291,279,285,685,1,7,3,1650,1939,978555927,18808832,817,33481,0,0
978556942,1067,1093,-1,-103405,308,304,284,279,285,684,1,7,3,1650,1940,978557020,18808832,817,34590,0,0
978557863,921,1091,-2,-103403,239,303,285,279,285,682,1,7,3,1650,1941,978557909,18808832,817,35464,0,0
978558913,1050,1089,-2,-103401,287,302,285,279,285,680,1,7,3,1650,1942,978558988,18808832,817,36548,0,0
978559863,950,1088,-1,-103400,236,302,284,279,285,679,1,7,3,1650,1942,978559894,18808832,817,37447,0,0
978560861,998,1087,-1,-103399,232,301,276,279,285,679,1,7,3,1650,1943,978560893,18808832,817,38444,0,0
978561843,982,1085,-2,-103397,224,300,276,279,285,677,1,7,3,1650,1944,978561871,18808832,817,39421,0,0
978562902,1059,1084,-1,-103396,278,298,269,279,285,676,1,7,3,1650,1945,978562970,18808832,817,40529,0,0
978563865,963,1082,-2,-103394,241,298,276,279,285,674,1,7,3,1650,1946,978563897,18808832,817,41446,0,0
978564852,987,1080,-2,-103392,232,297,284,279,285,672,1,7,3,1650,1947,978564887,18808832,817,42442,0,0
978565964,1112,1079,-1,-103391,338,297,292,279,285,671,1,7,3,1650,1948,978566073,18808832,817,43641,0,0
978567106,1142,1076,-3,-103388,465,298,316,279,285,669,1,7,3,1650,1949,978567265,18808832,817,44839,0,0
978567946,840,1075,-1,-103387,326,299,325,279,285,668,1,7,3,1650,1950,978568024,18808832,817,45583,0,0
978568909,963,1074,-1,-103386,285,300,323,279,283,667,1,7,3,1650,1951,978568958,18808832,817,46518,0,0
978570082,1173,1074,0,-103386,450,300,315,279,281,667,1,7,3,1650,1952,978570147,18808832,817,47709,0,0
978570932,850,1074,0,-103386,303,301,308,279,279,667,1,7,3,1650,1953,978571041,18808832,817,48601,0,0
978571916,984,1074,0,-103386,290,300,292,279,279,667,1,7,3,1650,1954,978572004,18808832,817,49564,0,0
978572907,991,1074,0,-103386,287,300,285,279,278,667,1,7,3,1650,1954,978572994,18808832,853,1,0,0
978573915,1008,1072,-2,-103384,285,299,284,279,279,665,1,7,3,1650,1955,978574026,18808832,853,490,0,0
978574942,1027,1071,-1,-103383,320,298,284,274,279,664,1,7,3,1650,1956,978575031,18808832,853,1503,0,0
978575870,928,1070,-1,-103382,251,298,283,274,279,664,1,7,3,1650,1957,978575924,18808832,853,2385,0,0
978576950,1080,1068,-2,-103380,320,297,284,274,279,662,1,7,3,1650,1958,978577035,18808832,853,3512,0,0
978577851,901,1067,-1,-103379,230,297,278,274,279,661,1,7,3,1650,1959,978577881,18808832,853,4341,0,0
978578933,1082,1066,-1,-103378,301,295,268,274,279,660,1,7,3,1650,1960,978579022,18808832,853,5488,0,0
978579867,934,1065,-1,-103377,241,294,268,274,279,659,1,7,3,1650,1961,978579899,18808832,853,6355,0,0
978580853,986,1063,-2,-103375,231,293,268,274,279,657,1,7,3,1650,1961,978580886,18808832,853,7342,0,0
978581855,1002,1062,-1,-103374,228,292,269,274,279,657,1,7,3,1650,1962,978581886,18808832,853,8346,0,0
978582897,1042,1060,-2,-103372,279,292,275,274,279,655,1,7,3,1650,1963,978582967,18808832,853,9432,0,0
978583860,963,1058,-2,-103370,233,291,284,274,279,653,1,7,3,1650,1964,978583892,18808832,853,10347,0,0
978584860,1000,1056,-2,-103368,230,292,299,274,279,651,1,7,3,1650,1965,978584899,18808832,853,11363,0,0
978585967,1107,1054,-2,-103366,346,293,325,274,279,650,1,7,3,1650,1966,978586089,18808832,853,12565,0,0
978587073,1106,1052,-2,-103364,440,295,332,274,279,648,1,7,3,1650,1967,978587250,18808832,853,13729,0,0
978587965,892,1051,-1,-103363,334,296,324,274,279,647,1,7,3,1650,1968,978588029,18808832,853,14495,0,0
978588902,937,1051,0,-103363,269,297,315,274,279,647,1,7,3,1650,1969,978588947,18808832,853,15409,0,0
978589896,994,1050,-1,-103362,266,297,309,274,279,646,1,7,3,1650,1970,978589993,18808832,853,16469,0,0
978590925,1029,1051,1,-103363,302,297,292,274,279,647,1,7,3,1650,1970,978591024,18808832,853,17492,0,0
978591892,967,1051,0,-103363,269,296,276,274,279,647,1,7,3,1650,1971,978591962,18808832,853,18429,0,0
978592910,1018,1050,-1,-103362,277,295,277,274,279,646,1,7,3,1650,1972,978592977,18808832,853,19442,0,0
978593876,966,1048,-2,-103360,256,295,277,274,279,644,1,7,3,1650,1973,978593941,18808832,853,20408,0,0
978594918,1042,1047,-1,-103359,296,293,268,274,278,643,1,7,3,1650,1974,978595000,18808832,853,21467,0,0
978595872,954,1045,-2,-103357,251,293,275,274,276,642,1,7,3,1650,1975,978595925,18808832,853,22386,0,0
978596962,1090,1043,-2,-103355,332,292,284,274,274,640,1,7,3,1650,1976,978597047,18808832,853,23523,0,0
978597858,896,1041,-2,-103353,237,292,278,274,274,638,1,7,3,1650,1977,978597893,18808832,853,24355,0,0
978598903,1045,1040,-1,-103352,279,291,276,274,274,637,1,7,3,1650,1978,978598980,18808832,853,25444,0,0
978599885,982,1038,-2,-103350,262,291,284,268,274,635,1,7,3,1650,1978,978599936,18808832,853,26396,0,0
978600878,993,1036,-2,-103348,245,291,301,268,274,634,1,7,3,1650,1979,978600916,18808832,853,27375,0,0
978601855,977,1034,-2,-103346,225,292,316,268,274,632,1,7,3,1650,1980,978601885,18808832,853,28346,0,0
978602912,1057,1032,-2,-103344,293,294,342,268,274,630,1,7,3,1650,1981,978602994,18808832,853,29462,0,0
978603870,958,1031,-1,-103343,240,296,339,268,274,629,1,7,3,1650,1982,978603902,18808832,853,30357,0,0
978604857,987,1030,-1,-103342,234,297,331,268,274,628,1,7,3,1650,1983,978604894,18808832,853,31356,0,0
978605969,1112,1029,-1,-103341,344,299,333,268,274,628,1,7,3,1650,1984,978606101,18808832,853,32578,0,0
978607076,1107,1029,0,-103341,440,300,316,268,274,628,1,7,3,1650,1985,978607242,18808832,853,33733,0,0
978607965,889,1030,1,-103342,332,300,300,268,274,628,1,7,3,1650,1985,978608031,18808832,853,34497,0,0
978608902,937,1030,0,-103342,270,299,291,268,274,628,1,7,3,1650,1986,978608965,18808832,853,35430,0,0
978609892,990,1030,0,-103342,273,299,285,268,274,628,1,7,3,1650,1987,978609985,18808832,853,36459,0,0
978610924,1032,1029,-1,-103341,301,298,276,268,274,628,1,7,3,1650,1988,978611041,18808832,853,37509,0,0
978611890,966,1027,-2,-103339,265,297,284,268,274,626,1,7,3,1650,1989,978611957,18808832,853,38422,0,0
978612904,1014,1026,-1,-103338,275,297,277,268,274,625,1,7,3,1650,1990,978612968,18808832,853,39433,0,0
978613879,975,1024,-2,-103336,260,296,277,268,274,623,1,7,3,1650,1991,978613946,18808832,853,40409,0,0
978614933,1054,1023,-1,-103335,299,295,268,268,274,622,1,7,3,1650,1992,978615012,18808832,853,41481,0,0
978615877,944,1022,-1,-103334,247,294,268,268,274,621,1,7,3,1650,1992,978615935,18808832,853,42395,0,0
978616971,1094,1020,-2,-103332,339,293,268,268,274,620,1,7,3,1650,1993,978617052,18808832,853,43530,0,0
978617858,887,1019,-1,-103331,237,291,262,268,274,619,1,7,3,1650,1994,978617902,18808832,853,44361,0,0
978618908,1050,1017,-2,-103329,284,291,277,268,274,617,1,7,3,1650,1995,978618983,18808832,853,45448,0,0
978619854,946,1015,-2,-103327,236,291,284,268,272,615,1,7,3,1650,1996,978619888,18808832,853,46343,0,0
978620855,1001,1013,-2,-103325,236,291,292,268,270,613,1,7,3,1650,1997,978620890,18808832,853,47346,0,0
978621851,996,1012,-1,-103324,224,291,308,268,268,613,1,7,3,1650,1998,978621879,18808832,853,48339,0,0
978622896,1045,1010,-2,-103322,275,293,323,268,268,611,1,7,3,1650,1999,978622963,18808832,853,49428,0,0
978623865,969,1009,-1,-103321,241,294,323,268,268,610,1,7,3,1650,1999,978623899,18808832,888,1,0,0
978624891,1026,1009,0,-103321,267,294,307,262,268,610,1,7,3,1650,2000,978624977,18808832,888,551,0,0
978625977,1086,1009,0,-103321,354,294,292,262,268,610,1,7,3,1650,2001,978626123,18808832,888,1712,0,0
978627072,1095,1010,1,-103322,446,293,268,262,268,611,1,7,3,1650,2002,978627178,18808832,888,2788,0,0
978627971,899,1010,0,-103322,334,292,251,262,268,611,1,7,3,1650,2003,978628043,18808832,888,3626,0,0
978628879,908,1009,-1,-103321,261,290,252,262,268,610,1,7,3,1650,2004,978628937,18808832,888,4514,0,0
978629907,1028,1008,-1,-103320,283,288,244,262,268,609,1,7,3,1650,2005,978630031,18808832,888,5623,0,0
978630927,1020,1006,-2,-103318,301,287,244,262,268,607,1,7,3,1650,2005,978631014,18808832,888,6593,0,0
978631892,965,1005,-1,-103317,268,285,236,262,268,606,1,7,3,1650,2006,978631946,18808832,888,7522,0,0
978632902,1010,1003,-2,-103315,273,283,244,262,268,605,1,7,3,1650,2007,978632971,18808832,888,8561,0,0
978634053,1151,1002,-1,-103314,421,281,235,262,268,604,1,7,3,1650,2008,978634123,18808832,888,9702,0,0
978634922,869,1001,-1,-103313,295,279,235,262,268,603,1,7,3,1650,2009,978635009,18808832,888,10586,0,0
978635931,1009,999,-2,-103311,299,278,244,262,268,601,1,7,3,1650,2010,978636014,18808832,888,11590,0,0
978637011,1080,998,-1,-103310,375,276,244,262,268,600,1,7,3,1650,2011,978637094,18808832,888,12678,0,0
978637903,892,996,-2,-103308,269,276,261,262,268,599,1,7,3,1650,2011,978637980,18808832,888,13561,0,0
978638904,1001,994,-2,-103306,282,277,293,262,268,597,1,7,3,1650,2012,978638975,18808832,888,14549,0,0
978639871,967,993,-1,-103305,240,277,292,262,268,596,1,7,3,1650,2013,978639905,18808832,888,15471,0,0
978640853,982,992,-1,-103304,229,278,300,262,268,595,1,7,3,1650,2014,978640886,18808832,888,16454,0,0
978641854,1001,991,-1,-103303,225,279,300,262,268,594,1,7,3,1650,2015,978641882,18808832,888,17454,0,0
978642889,1035,990,-1,-103302,265,279,291,262,268,593,1,7,3,1650,2016,978642951,18808832,888,18525,0,0
978643861,972,990,0,-103302,243,280,284,262,268,593,1,7,3,1650,2016,978643895,18808832,888,19462,0,0
978644848,987,991,1,-103303,230,279,260,262,267,594,1,7,3,1650,2017,978644883,18808832,888,20455,0,0
978645959,1111,990,-1,-103302,333,278,260,262,265,593,1,7,3,1650,2018,978646070,18808832,888,21654,0,0
978647106,1147,989,-1,-103301,473,277,251,262,263,592,1,7,3,1650,2019,978647255,18808832,888,22847,0,0
978647947,841,987,-2,-103299,317,276,260,262,262,591,1,7,3,1650,2020,978648026,18808832,888,23602,0,0
978648911,964,986,-1,-103298,277,275,252,262,262,590,1,7,3,1650,2021,978648965,18808832,888,24540,0,0
978649919,1008,985,-1,-103297,291,274,244,258,262,589,1,7,3,1650,2022,978650048,18808832,888,25642,0,0
978650947,1028,984,-1,-103296,319,272,235,258,262,588,1,7,3,1650,2023,978651032,18808832,888,26616,0,0
978651874,927,984,0,-103296,248,271,228,258,262,588,1,7,3,1650,2023,978651938,18808832,888,27506,0,0
978652913,1039,983,-1,-103295,282,269,220,258,262,587,1,7,3,1650,2024,978652973,18808832,888,28549,0,0
978653864,951,981,-2,-103293,244,267,229,258,262,585,1,7,3,1650,2025,978653922,18808832,888,29498,0,0
978654922,1058,980,-1,-103292,301,266,236,258,262,584,1,7,3,1650,2026,978655003,18808832,888,30582,0,0
978655868,946,978,-2,-103290,247,265,244,258,262,583,1,7,3,1650,2027,978655918,18808832,888,31492,0,0
978656952,1084,976,-2,-103288,313,265,260,258,262,581,1,7,3,1650,2028,978657037,18808832,888,32625,0,0
978657856,904,974,-2,-103286,233,266,286,258,262,579,1,7,3,1650,2028,978657891,18808832,888,33462,0,0
978658910,1054,972,-2,-103284,286,267,301,258,262,577,1,7,3,1650,2029,978658987,18808832,888,34563,0,0
978659863,953,971,-1,-103283,237,268,299,258,262,577,1,7,3,1650,2030,978659897,18808832,888,35463,0,0
978660851,988,969,-2,-103281,231,270,308,258,262,575,1,7,3,1650,2031,978660886,18808832,888,36453,0,0
978661851,1000,968,-1,-103280,228,271,300,258,262,574,1,7,3,1650,2032,978661880,18808832,888,37452,0,0
978662906,1055,968,0,-103280,276,272,285,258,262,574,1,7,3,1650,2033,978662978,18808832,888,38554,0,0
978663860,954,968,0,-103280,233,272,276,258,262,574,1,7,3,1650,2033,978663895,18808832,888,39461,0,0
978664861,1001,968,0,-103280,231,272,269,258,262,574,1,7,3,1650,2034,978664901,18808832,888,40477,0,0
978665959,1098,968,0,-103280,337,271,252,258,262,574,1,7,3,1650,2035,978666073,18808832,888,41658,0,0
978667079,1120,967,-1,-103279,455,270,252,258,261,573,1,7,3,1650,2036,978667247,18808832,888,42837,0,0
978667947,868,965,-2,-103277,326,269,252,258,259,571,1,7,3,1650,2037,978668020,18808832,888,43595,0,0
978668901,954,964,-1,-103276,280,269,252,258,257,570,1,7,3,1650,2038,978668946,18808832,888,44516,0,0
978669890,989,963,-1,-103275,266,268,244,258,257,570,1,7,3,1650,2038,978669983,18808832,888,45574,0,0
978670929,1039,961,-2,-103273,303,267,252,258,258,568,1,7,3,1650,2039,978671010,18808832,888,46589,0,0
978671874,945,960,-1,-103272,255,267,252,258,258,567,1,7,3,1650,2040,978671930,18808832,888,47502,0,0
978672902,1028,959,-1,-103271,270,266,252,258,258,566,1,7,3,1650,2041,978672964,18808832,888,48541,0,0
978673883,981,958,-1,-103270,260,266,260,258,258,565,1,7,3,1650,2042,978673951,18808832,888,49525,0,0
978674944,1061,956,-2,-103268,310,267,284,253,258,563,1,7,3,1650,2043,978675033,18808832,924,1,0,0
978675954,1010,954,-2,-103266,275,267,290,253,258,562,1,7,3,1650,2043,978676018,18808832,924,437,0,0
978676969,1015,953,-1,-103265,333,268,291,253,258,561,1,7,3,1650,2044,978677049,18808832,924,1483,0,0
978677853,884,951,-2,-103263,228,270,302,253,258,559,1,7,3,1650,2045,978677881,18808832,924,2302,0,0
978678921,1068,950,-1,-103262,287,271,293,253,258,558,1,7,3,1650,2046,978679004,18808832,924,3432,0,0
978679862,941,949,-1,-103261,244,271,292,253,258,557,1,7,3,1650,2047,978679897,18808832,924,4312,0,0
978680850,988,948,-1,-103260,232,272,292,253,258,556,1,7,3,1650,2047,978680884,18808832,924,5301,0,0
978681854,1004,948,0,-103260,228,273,284,253,258,556,1,7,3,1650,2048,978681884,18808832,924,6304,0,0
978682906,1052,948,0,-103260,276,273,283,253,258,556,1,7,3,1650,2049,978682980,18808832,924,7404,0,0
978683865,959,948,0,-103260,245,273,269,253,258,556,1,7,3,1650,2050,978683900,18808832,924,8316,0,0
978684859,994,947,-1,-103259,236,273,268,253,258,555,1,7,3,1650,2051,978684899,18808832,924,9321,0,0
978685972,1113,945,-2,-103257,351,272,268,253,258,554,1,7,3,1650,2052,978686089,18808832,924,10526,0,0
978687069,1097,944,-1,-103256,435,272,259,253,258,553,1,7,3,1650,2053,978687246,18808832,924,11686,0,0
978687964,895,943,-1,-103255,335,271,251,253,258,552,1,7,3,1650,2053,978688029,18808832,924,12455,0,0
978688903,939,942,-1,-103254,277,270,252,253,258,551,1,7,3,1650,2054,978688953,18808832,924,13376,0,0
978690076,1173,942,0,-103254,446,269,234,253,258,551,1,7,3,1650,2055,978690156,18808832,924,14584,0,0
978690923,847,941,-1,-103253,304,267,227,253,258,550,1,7,3,1650,2056,978691025,18808832,924,15455,0,0
978691900,977,939,-2,-103251,279,266,236,253,258,548,1,7,3,1650,2057,978691995,18808832,924,16424,0,0
978692913,1013,938,-1,-103250,285,265,244,253,258,548,1,7,3,1650,2057,978692992,18808832,924,17418,0,0
978693897,984,936,-2,-103248,274,265,260,253,258,546,1,7,3,1650,2058,978693994,18808832,924,18429,0,0
978694916,1019,934,-2,-103246,292,266,276,253,258,544,1,7,3,1650,2059,978694991,18808832,924,19418,0,0
978695881,965,932,-2,-103244,256,266,283,253,257,542,1,7,3,1650,2060,978695939,18808832,924,20363,0,0
978696961,1080,930,-2,-103242,338,268,299,253,255,541,1,7,3,1650,2061,978697041,18808832,924,21479,0,0
978697859,898,929,-1,-103241,236,269,301,253,255,540,1,7,3,1650,2061,978697902,18808832,924,22325,0,0
978698909,1050,928,-1,-103240,281,270,293,253,253,539,1,7,3,1650,2062,978698981,18808832,924,23405,0,0
978699884,975,927,-1,-103239,258,271,292,247,251,538,1,7,3,1650,2063,978699934,18808832,924,24356,0,0
978700867,983,926,-1,-103238,242,271,292,247,252,537,1,7,3,1650,2064,978700908,18808832,924,25327,0,0
978701861,994,927,1,-103239,228,271,268,247,252,538,1,7,3,1650,2065,978701896,18808832,924,26316,0,0
978702917,1056,927,0,-103239,292,271,260,247,252,538,1,7,3,1650,2066,978703003,18808832,924,27430,0,0
978703865,948,926,-1,-103238,240,270,260,247,252,537,1,7,3,1650,2066,978703901,18808832,924,28317,0,0
978704856,991,925,-1,-103237,232,270,260,247,252,536,1,7,3,1650,2067,978704895,18808832,924,29319,0,0
978705980,1124,924,-1,-103236,347,269,244,247,252,535,1,7,3,1650,2068,978706091,18808832,924,30528,0,0
978707092,1112,922,-2,-103234,456,268,251,247,252,533,1,7,3,1650,2069,978707269,18808832,924,31708,0,0
978707946,854,921,-1,-103233,325,267,243,247,252,533,1,7,3,1650,2070,978708023,18808832,924,32449,0,0
978708912,966,921,0,-103233,279,266,236,247,252,533,1,7,3,1650,2070,978708973,18808832,924,33395,0,0
978709919,1007,920,-1,-103232,290,265,236,247,252,532,1,7,3,1650,2071,978710027,18808832,924,34468,0,0
978710937,1018,919,-1,-103231,306,264,235,247,252,531,1,7,3,1650,2072,978711028,18808832,924,35454,0,0
978711889,952,918,-1,-103230,260,263,244,247,252,530,1,7,3,1650,2073,978711946,18808832,924,36371,0,0
978712902,1013,916,-2,-103228,277,263,252,247,252,528,1,7,3,1650,2074,978712968,18808832,924,37394,0,0
978713874,972,914,-2,-103226,252,263,277,247,252,526,1,7,3,1650,2074,978713933,18808832,924,38358,0,0
978714931,1057,912,-2,-103224,298,264,284,247,252,525,1,7,3,1650,2075,978715009,18808832,924,39436,0,0
978715886,955,911,-1,-103223,254,265,283,247,252,524,1,7,3,1650,2076,978715943,18808832,924,40368,0,0
978716977,1091,909,-2,-103221,341,265,283,247,252,522,1,7,3,1650,2077,978717058,18808832,924,41495,0,0
978717864,887,908,-1,-103220,240,266,285,247,252,521,1,7,3,1650,2078,978717905,18808832,924,42328,0,0
978718912,1048,907,-1,-103219,284,267,285,247,252,520,1,7,3,1650,2078,978718984,18808832,924,43408,0,0
978719866,954,907,0,-103219,235,267,276,247,251,520,1,7,3,1650,2079,978719901,18808832,924,44316,0,0
978720852,986,907,0,-103219,231,268,278,247,249,520,1,7,3,1650,2080,978720884,18808832,924,45301,0,0
978721851,999,906,-1,-103218,224,268,276,247,247,519,1,7,3,1650,2081,978721879,18808832,924,46302,0,0
978722903,1052,906,0,-103218,279,268,260,247,247,519,1,7,3,1650,2082,978722969,18808832,924,47393,0,0
978723868,965,905,-1,-103217,239,267,260,247,247,519,1,7,3,1650,2082,978723903,18808832,924,48318,0,0
978724878,1010,904,-1,-103216,254,267,252,242,247,518,1,7,3,1650,2083,978724963,18808832,924,49389,0,0
978725965,1087,903,-1,-103215,344,265,235,242,247,517,1,7,3,1650,2084,978726121,18808832,967,5,0,0
978727495,1530,901,-2,-103213,415,263,232,242,247,515,1,7,3,1650,2085,978727634,18808832,967,787,0,0
978728001,506,901,0,-103213,277,263,227,242,247,515,1,7,3,1650,2086,978728046,18808832,967,1177,0,0
978728900,899,900,-1,-103212,278,262,228,242,247,514,1,7,3,1650,2086,978728969,18808832,967,2106,0,0
978729883,983,900,0,-103212,259,260,221,242,247,514,1,7,3,1650,2087,978729957,18808832,967,3100,0,0
978730948,1065,898,-2,-103210,319,259,227,242,247,512,1,7,3,1650,2088,978731059,18808832,967,4199,0,0
978731871,923,897,-1,-103209,251,258,244,242,247,512,1,7,3,1650,2089,978731918,18808832,967,5049,0,0
978732898,1027,895,-2,-103207,275,258,252,242,247,510,1,7,3,1650,2090,978732964,18808832,967,6101,0,0
978733869,971,894,-1,-103206,250,258,260,242,247,509,1,7,3,1650,2090,978733932,18808832,967,7064,0,0
978734937,1068,892,-2,-103204,307,258,268,242,247,507,1,7,3,1650,2091,978735018,18808832,967,8158,0,0
978735873,936,890,-2,-103202,242,259,275,242,247,505,1,7,3,1650,2092,978735930,18808832,967,9062,0,0
978736991,1118,888,-2,-103200,361,260,283,242,247,504,1,7,3,1650,2093,978737070,18808832,967,10218,0,0
978737858,867,887,-1,-103199,239,261,278,242,247,503,1,7,3,1650,2093,978737889,18808832,967,11023,0,0
978738907,1049,885,-2,-103197,285,262,284,242,247,501,1,7,3,1650,2094,978738974,18808832,967,12110,0,0
978739860,953,884,-1,-103196,237,263,292,242,247,500,1,7,3,1650,2095,978739893,18808832,967,13019,0,0
978740861,1001,884,0,-103196,230,264,284,242,247,500,1,7,3,1650,2096,978740893,18808832,967,14020,0,0
978741856,995,884,0,-103196,225,264,276,242,247,500,1,7,3,1650,2097,978741885,18808832,967,15016,0,0
978742906,1050,884,0,-103196,275,264,260,242,247,500,1,7,3,1650,2097,978742970,18808832,967,16106,0,0
978743874,968,884,0,-103196,242,263,244,242,245,500,1,7,3,1650,2098,978743906,18808832,967,17032,0,0
978744861,987,883,-1,-103195,230,262,244,242,243,499,1,7,3,1650,2099,978744902,18808832,967,18036,0,0
978745960,1099,881,-2,-103193,336,262,244,242,240,497,1,7,3,1650,2100,978746079,18808832,967,19222,0,0
978747063,1103,880,-1,-103192,441,260,235,242,242,497,1,7,3,1650,2101,978747227,18808832,967,20374,0,0
978747968,905,879,-1,-103191,334,260,235,242,242,496,1,7,3,1650,2101,978748036,18808832,967,21175,0,0
978748893,925,878,-1,-103190,272,259,236,242,242,495,1,7,3,1650,2102,978748931,18808832,967,22058,0,0
978749908,1015,877,-1,-103189,287,258,244,236,242,494,1,7,3,1650,2103,978750047,18808832,967,23208,0,0
978750947,1039,876,-1,-103188,316,258,251,236,242,493,1,7,3,1650,2104,978751027,18808832,967,24166,0,0
978751881,934,875,-1,-103187,252,258,252,236,242,492,1,7,3,1650,2104,978751940,18808832,967,25073,0,0
978752895,1014,874,-1,-103186,275,257,252,236,242,491,1,7,3,1650,2105,978752963,18808832,967,26102,0,0
978753878,983,872,-2,-103184,245,258,268,236,242,490,1,7,3,1650,2106,978753952,18808832,967,27089,0,0
978754933,1055,870,-2,-103182,302,259,276,236,242,488,1,7,3,1650,2107,978755013,18808832,967,28151,0,0
978755878,945,869,-1,-103181,254,259,276,236,242,487,1,7,3,1650,2108,978755936,18808832,967,29073,0,0
978756945,1067,867,-2,-103179,322,260,284,236,242,485,1,7,3,1650,2108,978757028,18808832,967,30175,0,0
978757853,908,865,-2,-103177,233,261,290,236,242,483,1,7,3,1650,2109,978757884,18808832,967,31017,0,0
978758917,1064,864,-1,-103176,291,263,293,236,242,483,1,7,3,1650,2110,978758990,18808832,967,32126,0,0
978759864,947,863,-1,-103175,234,264,292,236,242,482,1,7,3,1650,2111,978759902,18808832,967,33028,0,0
978760852,988,863,0,-103175,230,265,292,236,242,482,1,7,3,1650,2111,978760889,18808832,967,34017,0,0
978761861,1009,863,0,-103175,230,265,276,236,242,482,1,7,3,1650,2112,978761897,18808832,967,35031,0,0
978762906,1045,863,0,-103175,280,265,260,236,242,482,1,7,3,1650,2113,978762969,18808832,967,36104,0,0
978763854,948,863,0,-103175,234,265,252,236,242,482,1,7,3,1650,2114,978763893,18808832,967,37019,0,0
978764857,1003,862,-1,-103174,231,264,252,236,242,481,1,7,3,1650,2114,978764895,18808832,967,38029,0,0
978765966,1109,861,-1,-103173,333,263,235,236,242,480,1,7,3,1650,2115,978766075,18808832,967,39223,0,0
978767073,1107,859,-2,-103171,453,262,235,236,242,478,1,7,3,1650,2116,978767243,18808832,967,40395,0,0
978767960,887,859,0,-103171,328,260,227,236,240,478,1,7,3,1650,2117,978768028,18808832,967,41163,0,0
978768900,940,858,-1,-103170,275,259,228,236,239,477,1,7,3,1650,2118,978768942,18808832,967,42071,0,0
978769892,992,857,-1,-103169,261,258,219,236,239,476,1,7,3,1650,2118,978769983,18808832,967,43136,0,0
978770927,1035,857,0,-103169,304,256,219,236,236,476,1,7,3,1650,2119,978771010,18808832,967,44150,0,0
978771878,951,856,-1,-103168,260,255,228,236,236,475,1,7,3,1650,2120,978771933,18808832,967,45065,0,0
978772889,1011,855,-1,-103167,264,254,228,236,236,475,1,7,3,1650,2121,978772966,18808832,967,46102,0,0
978773883,994,853,-2,-103165,259,254,252,236,236,473,1,7,3,1650,2121,978773957,18808832,967,47094,0,0
978774935,1052,851,-2,-103163,313,254,260,231,236,471,1,7,3,1650,2122,978775025,18808832,967,48168,0,0
978775878,943,850,-1,-103162,257,254,260,231,236,470,1,7,3,1650,2123,978775939,18808832,967,49071,0,0
978776953,1075,848,-2,-103160,314,255,260,231,236,468,1,7,3,1650,2124,978777027,18808832,1009,1,0,0
978777923,970,846,-2,-103158,248,255,269,231,236,467,1,7,3,1650,2124,978777999,18808832,1009,425,0,0
978778944,1021,845,-1,-103157,310,256,268,231,236,466,1,7,3,1650,2125,978779025,18808832,1009,1461,0,0
978779855,911,844,-1,-103156,234,256,268,231,236,465,1,7,3,1650,2126,978779889,18808832,1009,2310,0,0
978780853,998,843,-1,-103155,233,257,268,231,236,464,1,7,3,1650,2127,978780886,18808832,1009,3308,0,0
978781848,995,843,0,-103155,224,257,261,231,236,464,1,7,3,1650,2127,978781876,18808832,1009,4300,0,0
978782902,1054,843,0,-103155,276,257,252,231,236,464,1,7,3,1650,2128,978782976,18808832,1009,5407,0,0
978783860,958,843,0,-103155,242,256,244,231,236,464,1,7,3,1650,2129,978783896,18808832,1009,6317,0,0
978784867,1007,842,-1,-103154,236,255,236,231,236,463,1,7,3,1650,2130,978784916,18808832,1009,7344,0,0
978785976,1109,841,-1,-103153,343,254,227,231,236,462,1,7,3,1650,2131,978786093,18808832,1009,8536,0,0
978787065,1089,839,-2,-103151,437,253,227,231,236,461,1,7,3,1650,2131,978787241,18808832,1009,9687,0,0
978787960,895,838,-1,-103150,334,252,219,231,236,460,1,7,3,1650,2132,978788029,18808832,1009,10460,0,0
978788913,953,837,-1,-103149,280,251,220,231,236,459,1,7,3,1650,2133,978788961,18808832,1009,11389,0,0
978789912,999,837,0,-103149,280,249,211,231,236,459,1,7,3,1650,2134,978790021,18808832,1009,12469,0,0
978790930,1018,836,-1,-103148,304,248,219,231,236,458,1,7,3,1650,2134,978791029,18808832,1009,13462,0,0
978791876,946,835,-1,-103147,258,247,228,231,236,457,1,7,3,1650,2135,978791934,18808832,1009,14363,0,0
978792906,1030,834,-1,-103146,278,247,236,231,236,456,1,7,3,1650,2136,978792972,18808832,1009,15404,0,0
978793886,980,833,-1,-103145,255,247,244,231,236,455,1,7,3,1650,2137,978793959,18808832,1009,16391,0,0
978794926,1040,831,-2,-103143,296,247,252,231,236,454,1,7,3,1650,2137,978795003,18808832,1009,17437,0,0
978795888,962,829,-2,-103141,259,247,260,231,236,452,1,7,3,1650,2138,978795946,18808832,1009,18377,0,0
978796952,1064,828,-1,-103140,326,248,260,231,234,451,1,7,3,1650,2139,978797033,18808832,1009,19476,0,0
978797867,915,826,-2,-103138,238,248,262,231,234,449,1,7,3,1650,2140,978797909,18808832,1009,20339,0,0
978798897,1030,825,-1,-103137,278,249,268,231,232,448,1,7,3,1650,2140,978798967,18808832,1009,21398,0,0
978799892,995,824,-1,-103136,260,250,269,225,230,447,1,7,3,1650,2141,978799947,18808832,1009,22371,0,0
978800872,980,823,-1,-103135,245,251,268,225,231,446,1,7,3,1650,2142,978800911,18808832,1009,23336,0,0
978801849,977,822,-1,-103134,225,252,276,225,231,446,1,7,3,1650,2142,978801877,18808832,1009,24303,0,0
978802919,1070,822,0,-103134,292,252,268,225,231,446,1,7,3,1650,2143,978802997,18808832,1009,25431,0,0
978803863,944,822,0,-103134,240,253,260,225,231,446,1,7,3,1650,2144,978803899,18808832,1009,26320,0,0
978804854,991,822,0,-103134,235,252,244,225,231,446,1,7,3,1650,2145,978804891,18808832,1009,27320,0,0
978805971,1117,821,-1,-103133,341,251,235,225,231,445,1,7,3,1650,2146,978806120,18808832,1009,28562,0,0
978807071,1100,820,-1,-103132,438,250,227,225,231,444,1,7,3,1650,2146,978807225,18808832,1009,29694,0,0
978807971,900,819,-1,-103131,337,249,219,225,231,443,1,7,3,1650,2147,978808039,18808832,1009,30473,0,0
978808903,932,818,-1,-103130,278,248,221,225,231,442,1,7,3,1650,2148,978808971,18808832,1009,31398,0,0
978809899,996,817,-1,-103129,277,247,219,225,231,441,1,7,3,1650,2148,978810001,18808832,1009,32442,0,0
978810926,1027,817,0,-103129,303,246,211,225,231,441,1,7,3,1650,2149,978811039,18808832,1009,33474,0,0
978811880,954,816,-1,-103128,260,245,219,225,231,440,1,7,3,1650,2150,978811943,18808832,1009,34373,0,0
978812901,1021,815,-1,-103127,273,244,220,225,231,439,1,7,3,1650,2151,978812968,18808832,1009,35399,0,0
978813871,970,814,-1,-103126,249,243,236,225,231,439,1,7,3,1650,2151,978813931,18808832,1009,36359,0,0
978814916,1045,812,-2,-103124,291,243,244,225,231,437,1,7,3,1650,2152,978814998,18808832,1009,37430,0,0
978815877,961,811,-1,-103123,251,243,244,225,231,436,1,7,3,1650,2153,978815936,18808832,1009,38365,0,0
978816987,1110,810,-1,-103122,350,243,244,225,231,435,1,7,3,1650,2154,978817069,18808832,1009,39513,0,0
978817871,884,808,-2,-103120,238,244,246,225,231,433,1,7,3,1650,2154,978817920,18808832,1009,40347,0,0
978818916,1045,806,-2,-103118,284,244,252,225,230,432,1,7,3,1650,2155,978818995,18808832,1009,41425,0,0
978819862,946,805,-1,-103117,237,244,252,225,227,431,1,7,3,1650,2156,978819896,18808832,1009,42318,0,0
978820859,997,803,-2,-103115,231,245,268,225,227,429,1,7,3,1650,2156,978820892,18808832,1009,43314,0,0
978821841,982,802,-1,-103114,224,246,269,225,225,428,1,7,3,1650,2157,978821869,18808832,1009,44291,0,0
978822895,1054,801,-1,-103113,277,247,268,225,223,427,1,7,3,1650,2158,978822963,18808832,1009,45394,0,0
978823867,972,800,-1,-103112,245,248,268,225,225,426,1,7,3,1650,2159,978823903,18808832,1009,46323,0,0
978824869,1002,799,-1,-103111,250,249,268,219,225,425,1,7,3,1650,2159,978824951,18808832,1009,47380,0,0
978825972,1103,799,0,-103111,343,248,243,219,225,425,1,7,3,1650,2160,978826132,18808832,1009,48576,0,0
978827063,1091,799,0,-103111,441,248,235,219,225,425,1,7,3,1650,2161,978827187,18808832,1009,49654,0,0
978827956,893,799,0,-103111,336,247,219,219,225,425,1,7,3,1650,2162,978828030,18808832,1061,1,0,0
978828940,984,799,0,-103111,286,245,211,219,225,425,1,7,3,1650,2162,978829013,18808832,1061,441,0,0
978829903,963,798,-1,-103110,282,244,212,219,225,425,1,7,3,1650,2163,978829997,18808832,1061,1443,0,0
978830938,1035,797,-1,-103109,306,243,211,219,225,424,1,7,3,1650,2164,978831035,18808832,1061,2472,0,0
978831878,940,795,-2,-103107,253,242,220,219,225,422,1,7,3,1650,2164,978831937,18808832,1061,3360,0,0
978832895,1017,794,-1,-103106,276,241,220,219,225,421,1,7,3,1650,2165,978832977,18808832,1061,4414,0,0
978833889,994,793,-1,-103105,262,241,236,219,225,420,1,7,3,1650,2166,978833964,18808832,1061,5396,0,0
978834923,1034,793,0,-103105,300,241,235,219,225,420,1,7,3,1650,2167,978835007,18808832,1061,6441,0,0
978835882,959,792,-1,-103104,253,240,236,219,225,419,1,7,3,1650,2167,978835941,18808832,1061,7372,0,0
978837006,1124,790,-2,-103102,372,241,244,219,225,417,1,7,3,1650,2168,978837089,18808832,1061,8532,0,0
978837873,867,790,0,-103102,240,241,238,219,225,417,1,7,3,1650,2169,978837916,18808832,1061,9346,0,0
978838919,1046,788,-2,-103100,289,241,244,219,225,416,1,7,3,1650,2170,978839008,18808832,1061,10440,0,0
978839859,940,786,-2,-103098,237,241,252,219,225,414,1,7,3,1650,2170,978839889,18808832,1061,11311,0,0
978840854,995,785,-1,-103097,230,242,252,219,225,413,1,7,3,1650,2171,978840887,18808832,1061,12311,0,0
978841850,996,783,-2,-103095,225,243,268,219,225,411,1,7,3,1650,2172,978841877,18808832,1061,13306,0,0
978842896,1046,782,-1,-103094,277,244,268,219,225,410,1,7,3,1650,2172,978842969,18808832,1061,14400,0,0
978843871,975,780,-2,-103092,241,245,277,219,223,409,1,7,3,1650,2173,978843901,18808832,1061,15323,0,0
978844856,985,779,-1,-103091,230,246,276,219,221,408,1,7,3,1650,2174,978844894,18808832,1061,16323,0,0
978845973,1117,779,0,-103091,346,247,260,219,218,408,1,7,3,1650,2175,978846083,18808832,1061,17523,0,0
978847108,1135,779,0,-103091,476,247,251,219,218,408,1,7,3,1650,2175,978847244,18808832,1061,18694,0,0
978847939,831,779,0,-103091,316,246,235,219,219,408,1,7,3,1650,2176,978848022,18808832,1061,19453,0,0
978848901,962,779,0,-103091,277,246,228,219,219,408,1,7,3,1650,2177,978848947,18808832,1061,20379,0,0
978849907,1006,778,-1,-103090,288,245,219,215,219,407,1,7,3,1650,2177,978850024,18808832,1061,21473,0,0
978850946,1039,777,-1,-103089,316,243,211,215,219,406,1,7,3,1650,2178,978851038,18808832,1061,22477,0,0
978851873,927,776,-1,-103088,255,242,211,215,219,405,1,7,3,1650,2179,978851927,18808832,1061,23356,0,0
978852913,1040,775,-1,-103087,281,241,211,215,219,404,1,7,3,1650,2179,978852971,18808832,1061,24403,0,0
978853860,947,774,-1,-103086,238,240,213,215,219,403,1,7,3,1650,2180,978853907,18808832,1061,25341,0,0
978854928,1068,773,-1,-103085,302,239,211,215,219,403,1,7,3,1650,2181,978855010,18808832,1061,26445,0,0
978855871,943,773,0,-103085,250,237,205,215,219,403,1,7,3,1650,2182,978855918,18808832,1061,27352,0,0
978856945,1074,772,-1,-103084,314,236,213,215,219,402,1,7,3,1650,2182,978857025,18808832,1061,28469,0,0
978857869,924,771,-1,-103083,236,236,222,215,219,401,1,7,3,1650,2183,978857910,18808832,1061,29337,0,0
978858907,1038,770,-1,-103082,284,236,229,215,219,400,1,7,3,1650,2184,978858984,18808832,1061,30417,0,0
978859853,946,769,-1,-103081,235,236,237,215,219,399,1,7,3,1650,2184,978859884,18808832,1061,31306,0,0
978860850,997,767,-2,-103079,230,236,245,215,219,397,1,7,3,1650,2185,978860882,18808832,1061,32305,0,0
978861847,997,766,-1,-103078,228,236,245,215,219,396,1,7,3,1650,2186,978861876,18808832,1061,33301,0,0
978862906,1059,764,-2,-103076,277,237,244,215,219,395,1,7,3,1650,2186,978862976,18808832,1061,34408,0,0
978863868,962,763,-1,-103075,238,237,244,215,219,394,1,7,3,1650,2187,978863899,18808832,1061,35321,0,0
978864852,984,761,-2,-103073,231,238,252,215,219,392,1,7,3,1650,2188,978864888,18808832,1061,36319,0,0
978865964,1112,759,-2,-103071,343,239,268,215,219,390,1,7,3,1650,2189,978866076,18808832,1061,37517,0,0
978867072,1108,758,-1,-103070,448,240,260,215,219,389,1,7,3,1650,2189,978867249,18808832,1061,38695,0,0
978867946,874,757,-1,-103069,321,241,268,215,218,388,1,7,3,1650,2190,978868018,18808832,1061,39451,0,0
978868910,964,757,0,-103069,278,241,260,215,216,388,1,7,3,1650,2191,978868959,18808832,1061,40386,0,0
978869899,989,757,0,-103069,270,241,236,215,216,388,1,7,3,1650,2191,978869993,18808832,1061,41436,0,0
978870924,1025,757,0,-103069,303,241,227,215,214,388,1,7,3,1650,2192,978871009,18808832,1061,42444,0,0
978871878,954,757,0,-103069,257,240,211,215,214,388,1,7,3,1650,2193,978871931,18808832,1061,43361,0,0
978872899,1021,757,0,-103069,275,238,203,215,214,388,1,7,3,1650,2193,978872974,18808832,1061,44407,0,0
978873879,980,756,-1,-103068,253,236,195,215,214,388,1,7,3,1650,2194,978873949,18808832,1061,45382,0,0
978874938,1059,755,-1,-103067,316,235,195,209,214,387,1,7,3,1650,2195,978875026,18808832,1061,46465,0,0
978875894,956,753,-2,-103065,261,234,205,209,214,385,1,7,3,1650,2195,978875956,18808832,1061,47386,0,0
978876955,1061,752,-1,-103064,330,233,213,209,214,384,1,7,3,1650,2196,978877036,18808832,1061,48479,0,0
978877865,910,752,0,-103064,236,232,214,209,214,384,1,7,3,1650,2197,978877908,18808832,1061,49335,0,0
978878913,1048,751,-1,-103063,294,232,228,209,214,383,1,7,3,1650,2198,978879005,18808832,1112,1,0,0
978879887,974,751,0,-103063,258,231,221,209,214,383,1,7,3,1650,2198,978879925,18808832,1112,379,0,0
978880863,976,750,-1,-103062,236,231,221,209,214,382,1,7,3,1650,2199,978880896,18808832,1112,1350,0,0
978881851,988,749,-1,-103061,228,231,221,209,214,381,1,7,3,1650,2200,978881883,18808832,1112,2340,0,0
978882909,1058,747,-2,-103059,286,231,228,209,214,380,1,7,3,1650,2200,978882985,18808832,1112,3446,0,0
978883860,951,746,-1,-103058,239,230,228,209,214,379,1,7,3,1650,2201,978883894,18808832,1112,4347,0,0
978884862,1002,744,-2,-103056,231,231,236,209,214,377,1,7,3,1650,2202,978884910,18808832,1112,5369,0,0
978885978,1116,743,-1,-103055,345,231,243,209,214,376,1,7,3,1650,2202,978886087,18808832,1112,6560,0,0
978887064,1086,741,-2,-103053,440,232,251,209,214,374,1,7,3,1650,2203,978887243,18808832,1112,7723,0,0
978887954,890,740,-1,-103052,332,233,252,209,214,374,1,7,3,1650,2204,978888025,18808832,1112,8487,0,0
978888899,945,739,-1,-103051,278,233,252,209,214,373,1,7,3,1650,2204,978888944,18808832,1112,9404,0,0
978889912,1013,738,-1,-103050,278,234,252,209,214,372,1,7,3,1650,2205,978890011,18808832,1112,10490,0,0
978890924,1012,737,-1,-103049,306,235,244,209,214,371,1,7,3,1650,2206,978891015,18808832,1112,11479,0,0
978891876,952,737,0,-103049,258,235,236,209,214,371,1,7,3,1650,2206,978891931,18808832,1112,12387,0,0
978892907,1031,737,0,-103049,274,234,220,209,214,371,1,7,3,1650,2207,978892973,18808832,1112,13435,0,0
978893867,960,737,0,-103049,247,233,213,209,214,371,1,7,3,1650,2208,978893921,18808832,1112,14381,0,0
978894923,1056,737,0,-103049,297,232,195,209,214,371,1,7,3,1650,2209,978895004,18808832,1112,15470,0,0
978895888,965,736,-1,-103048,258,230,197,209,214,370,1,7,3,1650,2209,978895942,18808832,1112,16402,0,0
978896958,1070,735,-1,-103047,325,229,189,209,211,369,1,7,3,1650,2210,978897042,18808832,1112,17516,0,0
978897855,897,734,-1,-103046,234,227,190,209,211,368,1,7,3,1650,2211,978897899,18808832,1112,18356,0,0
978898919,1064,733,-1,-103045,286,226,195,209,209,367,1,7,3,1650,2211,978898990,18808832,1112,19452,0,0
978899873,954,732,-1,-103044,249,225,197,204,209,367,1,7,3,1650,2212,978899926,18808832,1112,20382,0,0
978900862,989,731,-1,-103043,243,224,205,204,209,366,1,7,3,1650,2213,978900909,18808832,1112,21365,0,0
978901843,981,731,0,-103043,224,223,205,204,209,366,1,7,3,1650,2213,978901872,18808832,1112,22325,0,0
978902933,1090,730,-1,-103042,299,223,219,204,209,365,1,7,3,1650,2214,978903013,18808832,1112,23479,0,0
978903856,923,729,-1,-103041,238,223,221,204,209,364,1,7,3,1650,2215,978903892,18808832,1112,24344,0,0
978904859,1003,728,-1,-103040,231,223,221,204,209,363,1,7,3,1650,2215,978904899,18808832,1112,25359,0,0
978905974,1115,727,-1,-103039,345,222,211,204,209,362,1,7,3,1650,2216,978906106,18808832,1112,26578,0,0
978907092,1118,725,-2,-103037,443,222,219,204,209,360,1,7,3,1650,2217,978907260,18808832,1112,27744,0,0
978907945,853,724,-1,-103036,322,222,227,204,209,359,1,7,3,1650,2217,978908021,18808832,1112,28483,0,0
978908881,936,723,-1,-103035,260,223,228,204,209,359,1,7,3,1650,2218,978908940,18808832,1112,29406,0,0
978909899,1018,721,-2,-103033,270,224,244,204,209,357,1,7,3,1650,2219,978909994,18808832,1112,30465,0,0
978910917,1018,720,-1,-103032,298,224,244,204,209,356,1,7,3,1650,2219,978911038,18808832,1112,31507,0,0
978911905,988,718,-2,-103030,277,225,252,204,209,354,1,7,3,1650,2220,978911984,18808832,1112,32445,0,0
978912898,993,717,-1,-103029,278,226,252,204,209,353,1,7,3,1650,2221,978912981,18808832,1112,33444,0,0
978913888,990,715,-2,-103027,268,227,252,204,209,352,1,7,3,1650,2221,978913978,18808832,1112,34445,0,0
978914920,1032,714,-1,-103026,301,228,244,204,209,351,1,7,3,1650,2222,978914998,18808832,1112,35462,0,0
978915882,962,713,-1,-103025,254,229,244,204,209,350,1,7,3,1650,2223,978915937,18808832,1112,36399,0,0
978916979,1097,713,0,-103025,346,229,236,204,209,350,1,7,3,1650,2223,978917065,18808832,1112,37539,0,0
978917851,872,713,0,-103025,232,229,222,204,209,350,1,7,3,1650,2224,978917880,18808832,1112,38338,0,0
978918915,1064,714,1,-103026,287,228,203,204,209,351,1,7,3,1650,2225,978918990,18808832,1112,39451,0,0
978919862,947,714,0,-103026,232,227,197,204,209,351,1,7,3,1650,2225,978919894,18808832,1112,40347,0,0
978920865,1003,713,-1,-103025,232,225,197,204,209,350,1,7,3,1650,2226,978920898,18808832,1112,41352,0,0
978921843,978,712,-1,-103024,224,224,197,204,206,349,1,7,3,1650,2227,978921870,18808832,1112,42323,0,0
978922911,1068,711,-1,-103023,279,224,212,204,206,348,1,7,3,1650,2227,978922980,18808832,1112,43441,0,0
978923859,948,710,-1,-103022,236,223,213,204,204,347,1,7,3,1650,2228,978923893,18808832,1112,44346,0,0
978924885,1026,709,-1,-103021,255,223,220,198,201,346,1,7,3,1650,2229,978924968,18808832,1112,45430,0,0
978925963,1078,708,-1,-103020,343,223,227,198,201,345,1,7,3,1650,2229,978926129,18808832,1112,46604,0,0
978927073,1110,707,-1,-103019,446,224,227,198,203,345,1,7,3,1650,2230,978927181,18808832,1112,47677,0,0
978927982,909,706,-1,-103018,344,224,227,198,203,344,1,7,3,1650,2231,978928058,18808832,1112,48526,0,0
978928888,906,706,0,-103018,264,224,220,198,203,344,1,7,3,1650,2231,978928944,18808832,1112,49409,0,0
978929912,1024,704,-2,-103016,278,224,228,198,203,342,1,7,3,1650,2232,978930034,18808832,1172,2,0,0
978931059,1147,703,-1,-103015,314,224,226,198,203,341,1,7,3,1650,2233,978931150,18808832,1172,516,0,0
978931904,845,702,-1,-103014,274,224,236,198,203,340,1,7,3,1650,2233,978931969,18808832,1172,1339,0,0
978932893,989,700,-2,-103012,269,225,244,198,203,338,1,7,3,1650,2234,978932963,18808832,1172,2331,0,0
978933905,1012,698,-2,-103010,276,226,252,198,203,337,1,7,3,1650,2234,978934004,18808832,1172,3383,0,0
978934939,1034,697,-1,-103009,305,227,252,198,203,336,1,7,3,1650,2235,978935015,18808832,1172,4382,0,0
978935870,931,695,-2,-103007,247,228,260,198,203,334,1,7,3,1650,2236,978935928,18808832,1172,5284,0,0
978937001,1131,694,-1,-103006,375,230,260,198,203,333,1,7,3,1650,2236,978937080,18808832,1172,6460,0,0
978937878,877,693,-1,-103005,248,231,254,198,203,332,1,7,3,1650,2237,978937931,18808832,1172,7293,0,0
978938904,1026,691,-2,-103003,286,232,260,198,203,330,1,7,3,1650,2238,978938983,18808832,1172,8346,0,0
978939861,957,691,0,-103003,241,232,252,198,203,330,1,7,3,1650,2238,978939892,18808832,1172,9247,0,0
978940858,997,691,0,-103003,228,233,237,198,203,330,1,7,3,1650,2239,978940891,18808832,1172,10246,0,0
978941859,1001,691,0,-103003,229,233,229,198,203,330,1,7,3,1650,2240,978941891,18808832,1172,11253,0,0
978942902,1043,692,1,-103004,272,231,203,198,203,331,1,7,3,1650,2240,978942972,18808832,1172,12336,0,0
978943872,970,693,1,-103005,244,230,189,198,203,332,1,7,3,1650,2241,978943905,18808832,1172,13259,0,0
978944853,981,693,0,-103005,229,228,173,198,201,332,1,7,3,1650,2242,978944889,18808832,1172,14251,0,0
978945959,1106,691,-2,-103003,331,225,179,198,201,330,1,7,3,1650,2242,978946069,18808832,1172,15443,0,0
978947104,1145,690,-1,-103002,474,224,186,198,199,330,1,7,3,1650,2243,978947243,18808832,1172,16621,0,0
978947953,849,689,-1,-103001,321,223,195,198,196,329,1,7,3,1650,2244,978948027,18808832,1172,17393,0,0
978948889,936,688,-1,-103000,272,222,197,198,196,328,1,7,3,1650,2244,978948928,18808832,1172,18284,0,0
978949908,1019,687,-1,-102999,284,222,219,192,198,327,1,7,3,1650,2245,978950025,18808832,1172,19407,0,0
978950951,1043,686,-1,-102998,318,222,219,192,198,326,1,7,3,1650,2246,978951042,18808832,1172,20414,0,0
978951869,918,686,0,-102998,249,221,211,192,198,326,1,7,3,1650,2246,978951925,18808832,1172,21287,0,0
978952904,1035,685,-1,-102997,283,221,212,192,198,325,1,7,3,1650,2247,978952966,18808832,1172,22331,0,0
978953866,962,684,-1,-102996,238,220,212,192,198,324,1,7,3,1650,2247,978953919,18808832,1172,23284,0,0
978954926,1060,683,-1,-102995,304,220,211,192,198,323,1,7,3,1650,2248,978955009,18808832,1172,24377,0,0
978955881,955,682,-1,-102994,257,220,213,192,198,323,1,7,3,1650,2249,978955935,18808832,1172,25293,0,0
978956948,1067,680,-2,-102992,313,220,221,192,198,321,1,7,3,1650,2249,978957028,18808832,1172,26403,0,0
978957853,905,679,-1,-102991,231,220,222,192,198,320,1,7,3,1650,2250,978957881,18808832,1172,27241,0,0
978958912,1059,677,-2,-102989,286,221,236,192,198,318,1,7,3,1650,2251,978958988,18808832,1172,28353,0,0
978959865,953,676,-1,-102988,238,221,236,192,198,317,1,7,3,1650,2251,978959892,18808832,1172,29246,0,0
978960849,984,674,-2,-102986,231,222,237,192,198,316,1,7,3,1650,2252,978960880,18808832,1172,30237,0,0
978961850,1001,673,-1,-102985,229,222,238,192,198,315,1,7,3,1650,2252,978961876,18808832,1172,31233,0,0
978962902,1052,671,-2,-102983,278,223,236,192,198,313,1,7,3,1650,2253,978962972,18808832,1172,32336,0,0
978963858,956,670,-1,-102982,239,223,237,192,198,312,1,7,3,1650,2254,978963888,18808832,1172,33242,0,0
978964852,994,670,0,-102982,231,223,221,192,198,312,1,7,3,1650,2254,978964889,18808832,1172,34250,0,0
978965962,1110,669,-1,-102981,335,223,211,192,198,311,1,7,3,1650,2255,978966074,18808832,1172,35447,0,0
978967080,1118,670,1,-102982,459,222,195,192,196,312,1,7,3,1650,2256,978967256,18808832,1172,36634,0,0
978967950,870,671,1,-102983,331,220,179,192,196,313,1,7,3,1650,2256,978968021,18808832,1172,37385,0,0
978968904,954,672,1,-102984,279,218,155,192,194,314,1,7,3,1650,2257,978968948,18808832,1172,38306,0,0
978969897,993,672,0,-102984,265,215,154,192,194,314,1,7,3,1650,2258,978970000,18808832,1172,39383,0,0
978970945,1048,671,-1,-102983,316,213,162,192,191,313,1,7,3,1650,2258,978971025,18808832,1172,40392,0,0
978971881,936,669,-2,-102981,259,212,179,192,192,311,1,7,3,1650,2259,978971936,18808832,1172,41300,0,0
978972905,1024,668,-1,-102980,272,211,195,192,192,310,1,7,3,1650,2259,978972970,18808832,1172,42334,0,0
978973894,989,667,-1,-102979,261,211,211,192,192,309,1,7,3,1650,2260,978973964,18808832,1172,43326,0,0
978974936,1042,666,-1,-102978,315,211,219,187,192,308,1,7,3,1650,2261,978975023,18808832,1172,44395,0,0
978975888,952,666,0,-102978,259,212,212,187,192,308,1,7,3,1650,2261,978975945,18808832,1172,45309,0,0
978976947,1059,665,-1,-102977,324,211,205,187,192,308,1,7,3,1650,2262,978977027,18808832,1172,46402,0,0
978977855,908,665,0,-102977,234,211,198,187,192,308,1,7,3,1650,2262,978977888,18808832,1172,47247,0,0
978978918,1063,664,-1,-102976,295,210,195,187,192,307,1,7,3,1650,2263,978979009,18808832,1172,48376,0,0
978979862,944,663,-1,-102975,238,210,197,187,192,306,1,7,3,1650,2264,978979895,18808832,1172,49249,0,0
978980862,1000,661,-2,-102973,232,209,205,187,192,304,1,7,3,1650,2264,978980896,18808832,1240,1,0,0
978981866,1004,660,-1,-102972,244,209,205,187,192,303,1,7,3,1650,2265,978981909,18808832,1240,483,0,0
978982925,1059,658,-2,-102970,292,210,220,187,192,301,1,7,3,1650,2266,978983004,18808832,1240,1585,0,0
978983854,929,657,-1,-102969,236,210,221,187,192,301,1,7,3,1650,2266,978983883,18808832,1240,2452,0,0
978984868,1014,656,-1,-102968,235,211,220,187,192,300,1,7,3,1650,2267,978984913,18808832,1240,3488,0,0
978985967,1099,654,-2,-102966,337,211,227,187,192,298,1,7,3,1650,2267,978986092,18808832,1240,4682,0,0
978987059,1092,652,-2,-102964,438,212,227,187,192,296,1,7,3,1650,2268,978987239,18808832,1240,5829,0,0
978987963,904,651,-1,-102963,335,212,227,187,192,295,1,7,3,1650,2269,978988029,18808832,1240,6608,0,0
978988903,940,650,-1,-102962,278,213,228,187,192,294,1,7,3,1650,2269,978988946,18808832,1240,7520,0,0
978989890,987,650,0,-102962,269,213,211,187,192,294,1,7,3,1650,2270,978989989,18808832,1240,8578,0,0
978990928,1038,650,0,-102962,308,212,195,187,192,294,1,7,3,1650,2270,978991023,18808832,1240,9603,0,0
978991887,959,650,0,-102962,265,211,187,187,192,294,1,7,3,1650,2271,978991949,18808832,1240,10525,0,0
978992895,1008,651,1,-102963,272,210,173,187,192,295,1,7,3,1650,2272,978992973,18808832,1240,11551,0,0
978993888,993,651,0,-102963,261,208,154,187,192,295,1,7,3,1650,2272,978993965,18808832,1240,12541,0,0
978994927,1039,651,0,-102963,296,205,154,187,192,295,1,7,3,1650,2273,978995008,18808832,1240,13587,0,0
978995878,951,650,-1,-102962,254,204,157,187,192,294,1,7,3,1650,2273,978995933,18808832,1240,14507,0,0
978996951,1073,649,-1,-102961,327,202,158,187,191,294,1,7,3,1650,2274,978997037,18808832,1240,15625,0,0
978997871,920,648,-1,-102960,242,201,174,187,188,293,1,7,3,1650,2275,978997917,18808832,1240,16492,0,0
978998909,1038,647,-1,-102959,280,201,203,187,188,292,1,7,3,1650,2275,978998983,18808832,1240,17559,0,0
978999887,978,646,-1,-102958,254,201,205,181,186,291,1,7,3,1650,2276,978999935,18808832,1240,18507,0,0
979000875,988,646,0,-102958,245,201,205,181,186,291,1,7,3,1650,2276,979000914,18808832,1240,19486,0,0
979001855,980,645,-1,-102957,225,201,205,181,187,290,1,7,3,1650,2277,979001885,18808832,1240,20458,0,0
979002921,1066,645,0,-102957,293,201,187,181,187,290,1,7,3,1650,2278,979003004,18808832,1240,21584,0,0
979003863,942,644,-1,-102956,237,200,189,181,187,289,1,7,3,1650,2278,979003895,18808832,1240,22462,0,0
979004850,987,643,-1,-102955,231,200,189,181,187,288,1,7,3,1650,2279,979004881,18808832,1240,23457,0,0
979005973,1123,641,-2,-102953,343,200,203,181,187,287,1,7,3,1650,2280,979006117,18808832,1240,24705,0,0
979007059,1086,640,-1,-102952,439,200,203,181,187,286,1,7,3,1650,2280,979007211,18808832,1240,25829,0,0
979007968,909,639,-1,-102951,337,200,211,181,187,285,1,7,3,1650,2281,979008036,18808832,1240,26615,0,0
979008896,928,637,-2,-102949,269,201,220,181,187,283,1,7,3,1650,2281,979008959,18808832,1240,27533,0,0
979010070,1174,636,-1,-102948,437,202,218,181,187,282,1,7,3,1650,2282,979010161,18808832,1240,28741,0,0
979010920,850,635,-1,-102947,296,202,211,181,187,281,1,7,3,1650,2282,979010980,18808832,1240,29559,0,0
979011900,980,633,-2,-102945,267,203,219,181,187,279,1,7,3,1650,2283,979011972,18808832,1240,30550,0,0
979012916,1016,632,-1,-102944,283,204,220,181,187,279,1,7,3,1650,2284,979012992,18808832,1240,31569,0,0
979013913,997,630,-2,-102942,283,204,219,181,187,277,1,7,3,1650,2284,979014029,18808832,1240,32607,0,0
979014923,1010,629,-1,-102941,302,205,219,181,187,276,1,7,3,1650,2285,979014995,18808832,1240,33575,0,0
979015892,969,628,-1,-102940,260,205,220,181,187,275,1,7,3,1650,2285,979015958,18808832,1240,34535,0,0
979016967,1075,626,-2,-102938,346,206,221,181,187,273,1,7,3,1650,2286,979017046,18808832,1240,35637,0,0
979017887,920,625,-1,-102937,262,206,214,181,187,272,1,7,3,1650,2287,979017956,18808832,1240,36531,0,0
979018904,1017,624,-1,-102936,278,207,212,181,187,272,1,7,3,1650,2287,979018978,18808832,1240,37554,0,0
979019876,972,624,0,-102936,243,207,205,181,186,272,1,7,3,1650,2288,979019909,18808832,1240,38476,0,0
979020855,979,624,0,-102936,230,206,205,181,186,272,1,7,3,1650,2288,979020888,18808832,1240,39456,0,0
979021854,999,625,1,-102937,225,206,197,181,183,272,1,7,3,1650,2289,979021882,18808832,1240,40455,0,0
979022899,1045,626,1,-102938,272,206,203,181,180,273,1,7,3,1650,2290,979022965,18808832,1240,41541,0,0
979023879,980,627,1,-102939,247,205,189,181,180,274,1,7,3,1650,2290,979023911,18808832,1240,42478,0,0
979024886,1007,627,0,-102939,254,205,189,176,181,274,1,7,3,1650,2291,979024970,18808832,1240,43546,0,0
979025970,1084,627,0,-102939,339,204,187,176,181,274,1,7,3,1650,2291,979026122,18808832,1240,44715,0,0
979027073,1103,626,-1,-102938,449,203,186,176,181,273,1,7,3,1650,2292,979027186,18808832,1240,45795,0,0
979027969,896,624,-2,-102936,338,203,195,176,181,272,1,7,3,1650,2293,979028042,18808832,1240,46626,0,0
979028894,925,623,-1,-102935,274,203,197,176,181,271,1,7,3,1650,2293,979028956,18808832,1240,47534,0,0
979029907,1013,622,-1,-102934,278,202,195,176,181,270,1,7,3,1650,2294,979030030,18808832,1240,48624,0,0
979030935,1028,621,-1,-102933,306,202,203,176,181,269,1,7,3,1650,2294,979031022,18808832,1240,49605,0,0
979031888,953,620,-1,-102932,264,202,203,176,181,268,1,7,3,1650,2295,979031942,18808832,1315,1,0,0
979032913,1025,619,-1,-102931,280,202,204,176,181,267,1,7,3,1650,2295,979033008,18808832,1315,519,0,0
979033890,977,618,-1,-102930,270,203,211,176,181,266,1,7,3,1650,2296,979033974,18808832,1315,1476,0,0
979034927,1037,617,-1,-102929,302,203,211,176,181,265,1,7,3,1650,2297,979035011,18808832,1315,2517,0,0
979035881,954,616,-1,-102928,254,204,212,176,181,265,1,7,3,1650,2297,979035938,18808832,1315,3440,0,0
979037012,1131,614,-2,-102926,378,204,212,176,181,263,1,7,3,1650,2298,979037096,18808832,1315,4607,0,0
979037872,860,613,-1,-102925,246,204,214,176,181,262,1,7,3,1650,2298,979037914,18808832,1315,5413,0,0
979038914,1042,611,-2,-102923,286,205,211,176,181,260,1,7,3,1650,2299,979038988,18808832,1315,6490,0,0
979039865,951,610,-1,-102922,237,205,213,176,181,259,1,7,3,1650,2299,979039902,18808832,1315,7395,0,0
979040855,990,608,-2,-102920,230,206,222,176,181,258,1,7,3,1650,2300,979040888,18808832,1315,8382,0,0
979041856,1001,607,-1,-102919,231,206,221,176,181,257,1,7,3,1650,2301,979041884,18808832,1315,9381,0,0
979042903,1047,606,-1,-102918,275,206,213,176,181,256,1,7,3,1650,2301,979042969,18808832,1315,10469,0,0
979043868,965,605,-1,-102917,242,207,213,176,180,255,1,7,3,1650,2302,979043906,18808832,1315,11399,0,0
979044858,990,605,0,-102917,230,206,197,176,180,255,1,7,3,1650,2302,979044898,18808832,1315,12397,0,0
979045949,1091,604,-1,-102916,330,206,195,176,177,254,1,7,3,1650,2303,979046077,18808832,1315,13587,0,0
979047104,1155,605,1,-102917,482,204,170,176,174,255,1,7,3,1650,2304,979047255,18808832,1315,14774,0,0
979047945,841,606,1,-102918,318,203,154,176,174,256,1,7,3,1650,2304,979048022,18808832,1315,15523,0,0
979048910,965,608,2,-102920,280,200,130,176,176,258,129,7,3,1650,2305,979048952,18808832,1315,16454,0,0
979050115,1205,608,0,-102920,495,196,129,170,176,258,1,7,3,1650,2305,979050212,18808832,1315,17730,0,0
979050955,840,608,0,-102920,323,194,130,170,176,258,1,7,3,1650,2306,979051057,18808832,1315,18561,0,0
979051927,972,607,-1,-102919,299,192,146,170,176,257,1,7,3,1650,2306,979052008,18808832,1315,19507,0,0
979052922,995,606,-1,-102918,290,191,163,170,176,256,1,7,3,1650,2307,979053002,18808832,1315,20504,0,0
979053912,990,605,-1,-102917,286,191,179,170,176,255,1,7,3,1650,2308,979054011,18808832,1315,21512,0,0
979054934,1022,604,-1,-102916,306,191,187,170,176,254,1,7,3,1650,2308,979055015,18808832,1315,22519,0,0
979055890,956,603,-1,-102915,260,191,189,170,176,253,1,7,3,1650,2309,979055941,18808832,1315,23441,0,0
979056941,1051,603,0,-102915,310,191,189,170,176,253,1,7,3,1650,2309,979057020,18808832,1315,24534,0,0
979057858,917,603,0,-102915,240,190,182,170,176,253,1,7,3,1650,2310,979057893,18808832,1315,25394,0,0
979058903,1045,602,-1,-102914,284,189,171,170,176,252,1,7,3,1650,2310,979058980,18808832,1315,26482,0,0
979059864,961,601,-1,-102913,238,189,173,170,176,251,1,7,3,1650,2311,979059896,18808832,1315,27389,0,0
979060859,995,600,-1,-102912,231,188,174,170,176,250,1,7,3,1650,2311,979060892,18808832,1315,28385,0,0
979061842,983,599,-1,-102911,224,188,174,170,176,250,1,7,3,1650,2312,979061870,18808832,1315,29363,0,0
979062905,1063,598,-1,-102910,278,187,173,170,176,249,1,7,3,1650,2313,979062972,18808832,1315,30473,0,0
979063868,963,597,-1,-102909,241,187,174,170,176,248,1,7,3,1650,2313,979063899,18808832,1315,31391,0,0
979064868,1000,595,-2,-102907,235,186,181,170,176,246,129,7,3,1650,2314,979064918,18808832,1315,32418,0,0
979065960,1092,594,-1,-102906,335,186,179,170,176,245,1,7,3,1650,2314,979066070,18808832,1315,33580,0,0
979067109,1149,593,-1,-102905,471,185,170,170,176,244,1,7,3,1650,2315,979067266,18808832,1315,34784,0,0
979067946,837,591,-2,-102903,325,185,179,170,176,243,1,7,3,1650,2315,979068019,18808832,1315,35521,0,0
979068908,962,590,-1,-102902,280,185,181,170,174,242,1,7,3,1650,2316,979068951,18808832,1315,36453,0,0
979069875,967,589,-1,-102901,254,184,171,170,174,241,1,7,3,1650,2316,979069968,18808832,1315,37486,0,0
979070917,1042,588,-1,-102900,299,183,162,170,172,240,1,7,3,1650,2317,979071002,18808832,1315,38508,0,0
979071893,976,588,0,-102900,261,182,154,170,169,240,1,7,3,1650,2318,979071951,18808832,1315,39455,0,0
979072891,998,587,-1,-102899,271,181,157,170,169,239,1,7,3,1650,2318,979072970,18808832,1315,40473,0,0
979073893,1002,588,1,-102900,261,180,138,170,170,240,1,7,3,1650,2319,979073971,18808832,1315,41475,0,0
979074939,1046,588,0,-102900,308,178,138,165,170,240,1,7,3,1650,2319,979075028,18808832,1315,42538,0,0
979075875,936,588,0,-102900,252,176,134,165,170,240,1,7,3,1650,2320,979075938,18808832,1315,43433,0,0
979076953,1078,588,0,-102900,318,174,126,165,170,240,1,7,3,1650,2320,979077032,18808832,1315,44545,0,0
979077863,910,588,0,-102900,235,173,135,165,170,240,1,7,3,1650,2321,979077903,18808832,1315,45401,0,0
979078917,1054,587,-1,-102899,290,173,171,165,170,239,1,7,3,1650,2321,979079003,18808832,1315,46507,0,0
979079856,939,586,-1,-102898,236,173,174,165,170,238,1,7,3,1650,2322,979079893,18808832,1315,47385,0,0
979080856,1000,585,-1,-102897,232,173,183,165,170,237,1,7,3,1650,2322,979080888,18808832,1315,48382,0,0
979081855,999,585,0,-102897,224,174,182,165,170,237,1,7,3,1650,2323,979081886,18808832,1315,49383,0,0
979082911,1056,585,0,-102897,281,174,173,165,170,237,1,7,3,1650,2324,979082983,18808832,1399,1,0,0
979083879,968,584,-1,-102896,257,174,174,165,170,236,1,7,3,1650,2324,979083920,18808832,1399,399,0,0
979084859,980,584,0,-102896,238,173,166,165,170,236,1,7,3,1650,2325,979084898,18808832,1399,1384,0,0
979085975,1116,583,-1,-102895,349,173,162,165,170,236,1,7,3,1650,2325,979086095,18808832,1399,2593,0,0
979087081,1106,582,-1,-102894,442,173,170,165,170,235,1,7,3,1650,2326,979087257,18808832,1399,3759,0,0
979087964,883,581,-1,-102893,333,173,178,165,170,234,1,7,3,1650,2326,979088028,18808832,1399,4516,0,0
979088896,932,580,-1,-102892,277,173,181,165,170,233,1,7,3,1650,2327,979088950,18808832,1399,5434,0,0
979090074,1178,579,-1,-102891,441,173,178,165,170,232,1,7,3,1650,2328,979090158,18808832,1399,6647,0,0
979090917,843,578,-1,-102890,296,174,179,165,170,231,1,7,3,1650,2328,979091003,18808832,1399,7495,0,0
979091881,964,577,-1,-102889,261,174,179,165,170,230,1,7,3,1650,2329,979091971,18808832,1399,8465,0,0
979092901,1020,576,-1,-102888,279,174,181,165,170,229,1,7,3,1650,2329,979092975,18808832,1399,9466,0,0
979093876,975,575,-1,-102887,256,174,179,165,170,229,1,7,3,1650,2330,979093957,18808832,1399,10448,0,0
979094917,1041,573,-2,-102885,290,174,179,165,170,227,1,7,3,1650,2330,979094999,18808832,1399,11489,0,0
979095891,974,572,-1,-102884,267,175,181,165,169,226,1,7,3,1650,2331,979095948,18808832,1399,12437,0,0
979096966,1075,571,-1,-102883,332,175,181,165,169,225,1,7,3,1650,2331,979097045,18808832,1399,13545,0,0
979097875,909,570,-1,-102882,246,175,183,165,166,224,1,7,3,1650,2332,979097931,18808832,1399,14413,0,0
979098904,1029,569,-1,-102881,276,175,173,165,166,223,1,7,3,1650,2332,979098980,18808832,1399,15465,0,0
979099885,981,569,0,-102881,264,175,163,159,162,223,1,7,3,1650,2333,979099937,18808832,1399,16420,0,0
979100863,978,568,-1,-102880,241,174,165,159,162,222,1,7,3,1650,2333,979100905,18808832,1399,17385,0,0
979101843,980,568,0,-102880,226,174,158,159,164,222,1,7,3,1650,2334,979101872,18808832,1399,18350,0,0
979102921,1078,568,0,-102880,289,173,154,159,164,222,1,7,3,1650,2334,979103005,18808832,1399,19494,0,0
979103873,952,568,0,-102880,242,172,150,159,164,222,1,7,3,1650,2335,979103908,18808832,1399,20386,0,0
979104858,985,568,0,-102880,231,171,158,159,164,222,1,7,3,1650,2335,979104900,18808832,1399,21384,0,0
979105969,1111,568,0,-102880,336,171,162,159,164,222,1,7,3,1650,2336,979106111,18808832,1399,22610,0,0
979107095,1126,567,-1,-102879,449,171,170,159,164,221,1,7,3,1650,2337,979107271,18808832,1399,23774,0,0
979107958,863,566,-1,-102878,327,171,178,159,164,221,1,7,3,1650,2337,979108024,18808832,1399,24514,0,0
979108896,938,566,0,-102878,271,171,173,159,164,221,1,7,3,1650,2338,979108959,18808832,1399,25442,0,0
979109896,1000,565,-1,-102877,265,171,171,159,164,220,1,7,3,1650,2338,979109994,18808832,1399,26493,0,0
979110926,1030,565,0,-102877,303,171,162,159,164,220,1,7,3,1650,2339,979111034,18808832,1399,27524,0,0
979111889,963,564,-1,-102876,265,171,171,159,164,219,1,7,3,1650,2339,979111955,18808832,1399,28442,0,0
979112906,1017,564,0,-102876,284,171,165,159,164,219,1,7,3,1650,2340,979112970,18808832,1399,29458,0,0
979113868,962,563,-1,-102875,246,171,174,159,164,218,1,7,3,1650,2340,979113923,18808832,1399,30410,0,0
979114930,1062,563,0,-102875,297,171,170,159,164,218,1,7,3,1650,2341,979115013,18808832,1399,31503,0,0
979115879,949,562,-1,-102874,254,171,173,159,164,217,1,7,3,1650,2341,979115935,18808832,1399,32420,0,0
979116982,1103,561,-1,-102873,342,171,173,159,164,216,1,7,3,1650,2342,979117071,18808832,1399,33569,0,0
979117869,887,560,-1,-102872,237,171,174,159,164,215,1,7,3,1650,2342,979117912,18808832,1399,34395,0,0
979118910,1041,559,-1,-102871,280,171,171,159,164,214,1,7,3,1650,2343,979118991,18808832,1399,35478,0,0
979119873,963,558,-1,-102870,242,171,173,159,164,214,1,7,3,1650,2343,979119904,18808832,1399,36381,0,0
979120857,984,557,-1,-102869,231,171,174,159,162,213,1,7,3,1650,2344,979120891,18808832,1399,37370,0,0
979121858,1001,556,-1,-102868,229,171,174,159,162,212,1,7,3,1650,2344,979121891,18808832,1399,38373,0,0
979122902,1044,555,-1,-102867,276,171,171,159,159,211,1,7,3,1650,2345,979122972,18808832,1399,39458,0,0
979123865,963,554,-1,-102866,238,171,173,159,159,210,1,7,3,1650,2345,979123898,18808832,1399,40375,0,0
979124884,1019,553,-1,-102865,253,172,173,154,156,209,1,7,3,1650,2346,979124965,18808832,1399,41451,0,0
979125973,1089,552,-1,-102864,339,171,162,154,158,208,1,7,3,1650,2347,979126126,18808832,1399,42624,0,0
979127068,1095,550,-2,-102862,446,171,170,154,158,207,1,7,3,1650,2347,979127198,18808832,1399,43724,0,0
979127959,891,549,-1,-102861,338,171,170,154,158,206,1,7,3,1650,2347,979128028,18808832,1399,44523,0,0
979128894,935,548,-1,-102860,273,171,173,154,158,205,1,7,3,1650,2348,979128956,18808832,1399,45445,0,0
979129896,1002,547,-1,-102859,272,171,179,154,158,204,1,7,3,1650,2349,979130005,18808832,1399,46512,0,0
979130923,1027,545,-2,-102857,303,172,187,154,158,202,1,7,3,1650,2349,979131018,18808832,1399,47509,0,0
979131892,969,545,0,-102857,262,173,187,154,158,202,1,7,3,1650,2349,979131945,18808832,1399,48432,0,0
979132898,1006,544,-1,-102856,270,173,189,154,158,201,1,7,3,1650,2350,979132981,18808832,1399,49471,0,0
979133887,989,544,0,-102856,260,174,195,154,158,201,1,7,3,1650,2351,979133970,18808832,1504,2,0,0
979134944,1057,544,0,-102856,301,175,195,154,158,201,1,7,3,1650,2351,979135026,18808832,1504,476,0,0
979135878,934,544,0,-102856,259,175,189,154,158,201,1,7,3,1650,2352,979135947,18808832,1504,1399,0,0
979136998,1120,545,1,-102857,364,176,181,154,158,202,1,7,3,1650,2352,979137077,18808832,1504,2539,0,0
979137883,885,546,1,-102858,254,175,167,154,158,203,1,7,3,1650,2353,979137949,18808832,1504,3401,0,0
979138913,1030,546,0,-102858,285,175,163,154,158,203,1,7,3,1650,2353,979138995,18808832,1504,4447,0,0
979139871,958,545,-1,-102857,241,175,166,154,158,202,1,7,3,1650,2354,979139905,18808832,1504,5346,0,0
979140850,979,544,-1,-102856,230,174,166,154,158,201,1,7,3,1650,2354,979140883,18808832,1504,6326,0,0
979141845,995,543,-1,-102855,224,174,174,154,158,200,1,7,3,1650,2355,979141877,18808832,1504,7324,0,0
979142891,1046,542,-1,-102854,269,174,173,154,158,200,1,7,3,1650,2355,979142955,18808832,1504,8402,0,0
979143873,982,542,0,-102854,243,174,171,154,156,200,1,7,3,1650,2356,979143904,18808832,1504,9345,0,0
979144853,980,541,-1,-102853,230,174,173,154,156,199,1,7,3,1650,2356,979144894,18808832,1504,10342,0,0
979145972,1119,541,0,-102853,339,174,170,154,153,199,1,7,3,1650,2357,979146079,18808832,1504,11537,0,0
979147098,1126,540,-1,-102852,462,174,170,154,153,198,1,7,3,1650,2357,979147253,18808832,1504,12720,0,0
979147946,848,539,-1,-102851,323,174,170,154,154,197,1,7,3,1650,2358,979148024,18808832,1504,13475,0,0
979148911,965,538,-1,-102850,278,173,171,154,154,196,1,7,3,1650,2358,979148962,18808832,1504,14413,0,0
979149923,1012,538,0,-102850,294,173,162,149,154,196,1,7,3,1650,2359,979150048,18808832,1504,15516,0,0
979150951,1028,537,-1,-102849,316,173,162,149,154,195,1,7,3,1650,2359,979151037,18808832,1504,16496,0,0
979151867,916,536,-1,-102848,249,172,163,149,154,194,1,7,3,1650,2360,979151921,18808832,1504,17369,0,0
979152908,1041,534,-2,-102846,279,172,171,149,154,192,1,7,3,1650,2360,979152972,18808832,1504,18424,0,0
979153874,966,533,-1,-102845,241,172,171,149,154,192,1,7,3,1650,2361,979153936,18808832,1504,19387,0,0
979154931,1057,532,-1,-102844,300,172,171,149,154,191,1,7,3,1650,2361,979155016,18808832,1504,20469,0,0
979155881,950,530,-2,-102842,254,172,181,149,154,189,1,7,3,1650,2362,979155938,18808832,1504,21390,0,0
979156949,1068,529,-1,-102841,319,173,181,149,154,188,1,7,3,1650,2362,979157030,18808832,1504,22492,0,0
979157859,910,528,-1,-102840,235,173,174,149,154,187,1,7,3,1650,2362,979157893,18808832,1504,23342,0,0
979158908,1049,526,-2,-102838,289,173,179,149,154,185,1,7,3,1650,2363,979158992,18808832,1504,24443,0,0
979159869,961,525,-1,-102837,237,173,181,149,154,185,1,7,3,1650,2363,979159902,18808832,1504,25343,0,0
979160855,986,524,-1,-102836,231,174,181,149,154,184,1,7,3,1650,2364,979160888,18808832,1504,26331,0,0
979161849,994,522,-2,-102834,224,174,182,149,154,182,1,7,3,1650,2364,979161877,18808832,1504,27324,0,0
979162901,1052,521,-1,-102833,277,175,187,149,154,181,1,7,3,1650,2365,979162970,18808832,1504,28420,0,0
979163860,959,520,-1,-102832,239,175,189,149,154,180,1,7,3,1650,2365,979163895,18808832,1504,29336,0,0
979164849,989,518,-2,-102830,231,176,205,149,154,178,1,7,3,1650,2366,979164884,18808832,1504,30331,0,0
979165955,1106,517,-1,-102829,336,178,219,149,154,178,1,7,3,1650,2366,979166079,18808832,1504,31546,0,0
979167089,1134,515,-2,-102827,456,181,243,149,154,176,1,7,3,1650,2367,979167268,18808832,1504,32735,0,0
979167945,856,514,-1,-102826,320,184,260,149,154,175,1,7,3,1650,2367,979168017,18808832,1504,33469,0,0
979168901,956,512,-2,-102824,279,187,268,149,153,173,1,7,3,1650,2368,979168955,18808832,1504,34402,0,0
979169895,994,511,-1,-102823,271,190,276,149,153,172,1,7,3,1650,2368,979169983,18808832,1504,35444,0,0
979170936,1041,509,-2,-102821,304,194,284,149,149,171,1,7,3,1650,2369,979171032,18808832,1504,36486,0,0
979171885,949,508,-1,-102820,256,198,284,149,149,170,1,7,3,1650,2369,979171933,18808832,1504,37382,0,0
979172902,1017,506,-2,-102818,275,201,293,149,146,168,1,7,3,1650,2370,979172968,18808832,1504,38419,0,0
979173888,986,504,-2,-102816,256,205,309,149,146,166,1,7,3,1650,2370,979173956,18808832,1504,39405,0,0
979174940,1052,502,-2,-102814,310,210,316,137,148,164,1,7,3,1650,2371,979175030,18808832,1504,40488,0,0
979175878,938,500,-2,-102812,258,214,323,137,148,163,1,7,3,1650,2371,979175939,18808832,1504,41384,0,0
979176962,1084,498,-2,-102810,329,219,339,137,148,161,1,7,3,1650,2372,979177042,18808832,1504,42505,0,0
979177865,903,497,-1,-102809,234,224,341,137,148,160,1,7,3,1650,2372,979177904,18808832,1504,43351,0,0
979178918,1053,494,-3,-102806,293,229,358,137,148,157,1,7,3,1650,2373,979179006,18808832,1504,44460,0,0
979179856,938,492,-2,-102804,236,234,363,137,148,156,1,7,3,1650,2373,979179892,18808832,1504,45334,0,0
979180863,1007,490,-2,-102802,237,240,379,137,148,154,1,7,3,1650,2374,979180896,18808832,1504,46338,0,0
979181844,981,488,-2,-102800,224,246,387,137,148,152,1,7,3,1650,2374,979181871,18808832,1504,47313,0,0
979182902,1058,484,-4,-102796,280,252,409,137,148,149,1,7,3,1650,2375,979182974,18808832,1504,48425,0,0
979183871,969,480,-4,-102792,241,259,426,137,148,145,1,7,3,1650,2375,979183905,18808832,1504,49346,0,0
979184859,988,474,-6,-102786,233,267,465,137,148,140,1,7,3,1650,2376,979184905,18808832,1606,1,0,0
979186166,1307,463,-11,-102775,394,281,540,137,148,130,1,7,3,1650,2376,979186272,18808832,1606,633,0,0
979187038,872,455,-8,-102767,410,292,600,137,148,123,1,7,3,1650,2377,979187149,18808832,1606,1520,0,0
979187966,928,451,-4,-102763,339,304,624,137,148,120,1,7,3,1650,2377,979188047,18808832,1606,2401,0,0
979188895,929,451,0,-102763,270,315,606,137,148,120,1,7,3,1650,2377,979188964,18808832,1606,3318,0,0
979190074,1179,450,-1,-102762,450,328,606,137,148,119,1,7,3,1650,2378,979190165,18808832,1606,4521,0,0
979190937,863,449,-1,-102761,307,338,609,137,148,118,1,7,3,1650,2378,979190998,18808832,1606,5358,0,0
979191909,972,447,-2,-102759,284,348,609,137,148,116,1,7,3,1650,2379,979191989,18808832,1606,6340,0,0
979192900,991,446,-1,-102758,280,358,598,137,148,115,1,7,3,1650,2379,979192972,18808832,1606,7327,0,0
979194040,1140,445,-1,-102757,408,369,607,137,148,114,1,7,3,1650,2380,979194125,18808832,1606,8479,0,0
979194928,888,444,-1,-102756,304,377,601,137,148,113,1,7,3,1650,2380,979195022,18808832,1606,9372,0,0
979195918,990,443,-1,-102755,291,385,589,137,146,113,1,7,3,1650,2381,979196007,18808832,1606,10359,0,0
979197007,1089,442,-1,-102754,380,394,590,137,146,112,1,7,3,1650,2381,979197089,18808832,1606,11445,0,0
979197879,872,441,-1,-102753,251,401,587,137,142,111,1,7,3,1650,2382,979197936,18808832,1606,12291,0,0
979198905,1026,440,-1,-102752,279,408,586,137,142,110,1,7,3,1650,2382,979198980,18808832,1606,13332,0,0
979199898,993,438,-2,-102750,272,415,594,111,139,108,1,7,3,1650,2383,979199958,18808832,1606,14305,0,0
979200858,960,438,0,-102750,229,421,576,111,139,108,1,7,3,1650,2383,979200892,18808832,1606,15235,0,0
979201862,1004,437,-1,-102749,230,427,568,111,135,107,1,7,3,1650,2384,979201897,18808832,1606,16243,0,0
979202911,1049,435,-2,-102747,293,433,578,111,135,105,1,7,3,1650,2384,979202994,18808832,1606,17349,0,0
979203866,955,434,-1,-102746,244,438,568,111,135,105,1,7,3,1650,2384,979203905,18808832,1606,18246,0,0
979204864,998,433,-1,-102745,231,443,560,111,137,104,1,7,3,1650,2385,979204909,18808832,1606,19256,0,0
979205973,1109,432,-1,-102744,339,448,552,111,137,103,1,7,3,1650,2385,979206100,18808832,1606,20463,0,0
979207083,1110,431,-1,-102743,438,452,543,111,137,102,1,7,3,1650,2386,979207252,18808832,1606,21621,0,0
979207952,869,430,-1,-102742,334,455,544,106,137,101,1,7,3,1650,2386,979208036,18808832,1606,22390,0,0
979208906,954,429,-1,-102741,280,458,535,106,137,100,1,7,3,1650,2387,979208969,18808832,1606,23320,0,0
979209911,1005,429,0,-102741,291,460,512,106,137,100,1,7,3,1650,2387,979210022,18808832,1606,24388,0,0
979210946,1035,428,-1,-102740,321,462,503,106,137,99,1,7,3,1650,2388,979211055,18808832,1606,25407,0,0
979211876,930,427,-1,-102739,258,463,496,106,137,98,1,7,3,1650,2388,979211936,18808832,1606,26284,0,0
979212906,1030,427,0,-102739,274,463,464,106,137,98,1,7,3,1650,2388,979212975,18808832,1606,27326,0,0
979213888,982,426,-1,-102738,265,462,439,106,137,98,1,7,3,1650,2389,979213957,18808832,1606,28308,0,0
979214934,1046,425,-1,-102737,303,460,398,106,137,97,1,7,3,1650,2389,979215019,18808832,1606,29372,0,0
979215872,938,425,0,-102737,250,457,386,106,137,97,1,7,3,1650,2390,979215924,18808832,1606,30276,0,0
979216974,1102,424,-1,-102736,346,451,309,106,137,96,1,7,3,1650,2390,979217058,18808832,1606,31423,0,0
979217862,888,424,0,-102736,237,443,246,106,137,96,1,7,3,1650,2391,979217911,18808832,1606,32258,0,0
979218911,1049,423,-1,-102735,286,435,228,106,137,95,1,7,3,1650,2391,979218987,18808832,1606,33337,0,0
979219855,944,422,-1,-102734,237,427,229,106,137,94,1,7,3,1650,2391,979219890,18808832,1606,34231,0,0
979220849,994,422,0,-102734,231,419,222,106,135,94,1,7,3,1650,2392,979220882,18808832,1606,35224,0,0
979221848,999,421,-1,-102733,224,411,221,106,135,93,1,7,3,1650,2392,979221876,18808832,1606,36221,0,0
979222903,1055,420,-1,-102732,281,403,212,106,131,92,1,7,3,1650,2393,979222972,18808832,1606,37323,0,0
979223873,970,420,0,-102732,240,395,205,106,131,92,1,7,3,1650,2393,979223909,18808832,1606,38250,0,0
979224885,1012,419,-1,-102731,262,388,206,102,127,91,1,7,3,1650,2394,979224968,18808832,1606,39318,0,0
979225972,1087,418,-1,-102730,340,380,203,102,127,91,1,7,3,1650,2394,979226119,18808832,1606,40484,0,0
979227096,1124,417,-1,-102729,462,372,203,102,123,90,1,7,3,1650,2395,979227259,18808832,1606,41644,0,0
979227961,865,416,-1,-102728,333,366,203,102,123,89,1,7,3,1650,2395,979228027,18808832,1606,42383,0,0
979228915,954,416,0,-102728,283,360,195,102,123,89,1,7,3,1650,2395,979228992,18808832,1606,43340,0,0
979230102,1187,415,-1,-102727,483,352,186,102,119,88,1,7,3,1650,2396,979230189,18808832,1606,44542,0,0
979230941,839,414,-1,-102726,307,347,195,102,119,87,1,7,3,1650,2396,979231031,18808832,1606,45391,0,0
979231913,972,413,-1,-102725,287,341,195,102,119,86,1,7,3,1650,2396,979232000,18808832,1606,46352,0,0
979232913,1000,412,-1,-102724,290,335,187,102,115,85,1,7,3,1650,2397,979233009,18808832,1606,47365,0,0
979234061,1148,412,0,-102724,443,328,178,102,115,85,1,7,3,1650,2397,979234146,18808832,1606,48504,0,0
979234922,861,411,-1,-102723,300,323,179,102,110,84,1,7,3,1650,2398,979235011,18808832,1606,49365,0,0
979235924,1002,410,-1,-102722,298,317,181,102,110,83,1,7,3,1650,2398,979236010,18808832,1999,2,0,0
979237079,1155,409,-1,-102721,320,311,181,102,110,83,1,7,3,1650,2398,979237164,18808832,1999,588,0,0
979237872,793,408,-1,-102720,243,307,182,97,106,82,1,7,3,1650,2399,979237938,18808832,1999,1365,0,0
979238919,1047,408,0,-102720,293,301,171,97,106,82,1,7,3,1650,2399,979239002,18808832,1999,2420,0,0
979239864,945,407,-1,-102719,234,297,173,97,106,81,1,7,3,1650,2399,979239898,18808832,1999,3310,0,0
979240857,993,406,-1,-102718,233,292,181,97,106,80,1,7,3,1650,2400,979240891,18808832,1999,4303,0,0
979241842,985,405,-1,-102717,224,288,182,97,106,79,1,7,3,1650,2400,979241869,18808832,1999,5279,0,0
979242903,1061,405,0,-102717,282,283,173,97,106,79,1,7,3,1650,2400,979242976,18808832,1999,6393,0,0
979243868,965,404,-1,-102716,235,279,181,97,106,78,1,7,3,1650,2401,979243904,18808832,1999,7316,0,0
979244863,995,403,-1,-102715,233,276,181,97,106,77,1,7,3,1650,2401,979244908,18808832,1999,8325,0,0
979245972,1109,402,-1,-102714,352,272,187,97,106,76,1,7,3,1650,2401,979246087,18808832,1999,9519,0,0
979247062,1090,402,0,-102714,434,268,179,97,101,76,1,7,3,1650,2402,979247232,18808832,1999,10669,0,0
979247964,902,401,-1,-102713,336,265,187,97,101,76,1,7,3,1650,2402,979248027,18808832,1999,11449,0,0
979248910,946,401,0,-102713,277,262,181,97,101,76,1,7,3,1650,2402,979248955,18808832,1999,12372,0,0
979249929,1019,400,-1,-102712,294,258,179,92,102,75,1,7,3,1650,2403,979250072,18808832,1999,13514,0,0
979250953,1024,399,-1,-102711,319,256,187,92,102,74,1,7,3,1650,2403,979251041,18808832,1999,14466,0,0
979251866,913,399,0,-102711,244,253,179,92,102,74,1,7,3,1650,2403,979251918,18808832,1999,15339,0,0
979252905,1039,398,-1,-102710,286,250,179,92,102,73,1,7,3,1650,2404,979252974,18808832,1999,16393,0,0
979253876,971,397,-1,-102709,247,247,187,92,102,72,1,7,3,1650,2404,979253934,18808832,1999,17356,0,0
979254932,1056,396,-1,-102708,305,245,187,92,102,71,1,7,3,1650,2404,979255018,18808832,1999,18440,0,0
979255868,936,396,0,-102708,245,243,181,92,101,71,1,7,3,1650,2405,979255920,18808832,1999,19339,0,0
979256964,1096,395,-1,-102707,338,240,181,92,101,70,1,7,3,1650,2405,979257049,18808832,1999,20480,0,0
979257852,888,395,0,-102707,234,238,175,92,101,70,1,7,3,1650,2405,979257884,18808832,1999,21302,0,0
979258913,1061,394,-1,-102706,290,235,174,92,96,69,1,7,3,1650,2406,979258995,18808832,1999,22415,0,0
979259852,939,394,0,-102706,230,233,174,92,96,69,1,7,3,1650,2406,979259881,18808832,1999,23292,0,0
979260850,998,394,0,-102706,231,230,167,92,96,69,1,7,3,1650,2406,979260883,18808832,1999,24294,0,0
979261853,1003,394,0,-102706,224,227,158,92,97,69,1,7,3,1650,2407,979261881,18808832,1999,25299,0,0
979262915,1062,394,0,-102706,283,224,146,92,97,69,1,7,3,1650,2407,979262985,18808832,1999,26405,0,0
979263861,946,393,-1,-102705,235,221,150,92,97,69,1,7,3,1650,2407,979263892,18808832,1999,27302,0,0
979264864,1003,393,0,-102705,232,218,151,92,97,69,1,7,3,1650,2408,979264909,18808832,1999,28326,0,0
979265977,1113,392,-1,-102704,346,215,146,92,97,68,1,7,3,1650,2408,979266084,18808832,1999,29513,0,0
979267102,1125,391,-1,-102703,466,212,146,92,97,67,1,7,3,1650,2408,979267257,18808832,1999,30692,0,0
979267946,844,390,-1,-102702,324,210,146,92,96,66,1,7,3,1650,2409,979268022,18808832,1999,31443,0,0
979268908,962,390,0,-102702,281,207,142,92,96,66,1,7,3,1650,2409,979268955,18808832,1999,32376,0,0
979269892,984,389,-1,-102701,264,205,146,92,96,65,1,7,3,1650,2409,979269988,18808832,1999,33422,0,0
979270918,1026,388,-1,-102700,298,203,146,92,96,64,1,7,3,1650,2409,979271001,18808832,1999,34424,0,0
979271873,955,388,0,-102700,255,200,138,92,90,64,1,7,3,1650,2410,979271927,18808832,1999,35341,0,0
979272908,1035,388,0,-102700,282,198,138,92,90,64,1,7,3,1650,2410,979272971,18808832,1999,36392,0,0
979273872,964,387,-1,-102699,246,196,138,92,90,63,1,7,3,1650,2410,979273931,18808832,1999,37353,0,0
979274931,1059,386,-1,-102698,310,193,138,85,92,62,1,7,3,1650,2411,979275021,18808832,1999,38448,0,0
979275885,954,386,0,-102698,256,191,134,85,92,62,1,7,3,1650,2411,979275943,18808832,1999,39363,0,0
979276955,1070,385,-1,-102697,316,189,134,85,92,62,1,7,3,1650,2411,979277030,18808832,1999,40461,0,0
979277851,896,384,-1,-102696,233,187,143,85,92,61,1,7,3,1650,2411,979277879,18808832,1999,41296,0,0
979278921,1070,383,-1,-102695,289,185,146,85,92,60,1,7,3,1650,2412,979279007,18808832,1999,42429,0,0
979279874,953,383,0,-102695,241,184,142,85,92,60,1,7,3,1650,2412,979279908,18808832,1999,43317,0,0
979280857,983,383,0,-102695,232,182,134,85,92,60,1,7,3,1650,2412,979280892,18808832,1999,44303,0,0
979281863,1006,382,-1,-102694,230,180,134,85,92,59,1,7,3,1650,2413,979281901,18808832,1999,45317,0,0
979282904,1041,382,0,-102694,279,178,134,85,92,59,1,7,3,1650,2413,979282974,18808832,1999,46394,0,0
979283862,958,382,0,-102694,237,176,126,85,92,59,1,7,3,1650,2413,979283897,18808832,1999,47308,0,0
979284864,1002,382,0,-102694,236,174,118,85,92,59,1,7,3,1650,2414,979284905,18808832,1999,48324,0,0
979285974,1110,382,0,-102694,342,171,114,85,92,59,1,7,3,1650,2414,979286085,18808832,1999,49515,0,0
979287074,1100,382,0,-102694,442,168,105,85,92,59,1,7,3,1650,2414,979287245,18808832,2586,2,0,0
979288347,1273,382,0,-102694,334,165,104,85,92,59,1,7,3,1650,2415,979288423,18808832,2586,579,0,0
979288857,510,382,0,-102694,234,164,102,85,92,59,1,7,3,1650,2415,979288890,18808832,2586,1050,0,0
979289892,1035,381,-1,-102693,270,161,106,85,92,58,1,7,3,1650,2415,979290002,18808832,2586,2175,0,0
979290943,1051,381,0,-102693,309,159,105,85,92,58,1,7,3,1650,2415,979291031,18808832,2586,3194,0,0
979291871,928,380,-1,-102692,247,158,114,85,92,57,1,7,3,1650,2416,979291917,18808832,2586,4075,0,0
979292907,1036,380,0,-102692,278,156,110,85,92,57,1,7,3,1650,2416,979292970,18808832,2586,5129,0,0
979293875,968,380,0,-102692,249,154,106,85,92,57,1,7,3,1650,2416,979293934,18808832,2586,6092,0,0
979294923,1048,380,0,-102692,295,152,106,85,90,57,1,7,3,1650,2417,979295002,18808832,2586,7165,0,0
979295879,956,379,-1,-102691,251,150,110,85,90,56,1,7,3,1650,2417,979295935,18808832,2586,8089,0,0
979296958,1079,379,0,-102691,333,148,102,85,90,56,1,7,3,1650,2417,979297039,18808832,2586,9212,0,0
979297861,903,379,0,-102691,235,146,95,85,90,56,1,7,3,1650,2417,979297900,18808832,2586,10055,0,0
979298915,1054,379,0,-102691,287,144,89,85,84,56,1,7,3,1650,2418,979298992,18808832,2586,11151,0,0
979299874,959,378,-1,-102690,256,142,95,80,84,55,1,7,3,1650,2418,979299928,18808832,2586,12083,0,0
979300869,995,378,0,-102690,244,140,87,80,84,55,1,7,3,1650,2418,979300910,18808832,2586,13063,0,0
979301847,978,377,-1,-102689,229,138,87,80,84,54,1,7,3,1650,2419,979301875,18808832,2586,14029,0,0
979302931,1084,377,0,-102689,301,136,89,80,84,54,1,7,3,1650,2419,979303016,18808832,2586,15180,0,0
979303870,939,377,0,-102689,237,134,87,80,84,54,1,7,3,1650,2419,979303903,18808832,2586,16053,0,0
979304852,982,376,-1,-102688,232,132,87,80,84,54,1,7,3,1650,2419,979304886,18808832,2586,17044,0,0
979305976,1124,376,0,-102688,344,130,81,80,84,54,1,7,3,1650,2420,979306101,18808832,2586,18274,0,0
979307074,1098,376,0,-102688,443,127,73,80,84,54,1,7,3,1650,2420,979307249,18808832,2586,19423,0,0
979307946,872,375,-1,-102687,326,126,73,80,84,53,1,7,3,1650,2420,979308023,18808832,2586,20184,0,0
979308897,951,375,0,-102687,275,124,71,80,84,53,1,7,3,1650,2420,979308957,18808832,2586,21115,0,0
979309915,1018,374,-1,-102686,285,122,73,80,84,52,1,7,3,1650,2421,979310016,18808832,2586,22192,0,0
979310931,1016,374,0,-102686,306,120,73,80,84,52,1,7,3,1650,2421,979311029,18808832,2586,23190,0,0
979311896,965,373,-1,-102685,266,118,73,80,84,51,1,7,3,1650,2421,979311954,18808832,2586,24116,0,0
979312898,1002,373,0,-102685,272,116,71,80,84,51,1,7,3,1650,2422,979312973,18808832,2586,25134,0,0
979313898,1000,372,-1,-102684,266,115,81,80,84,50,1,7,3,1650,2422,979313973,18808832,2586,26138,0,0
979314927,1029,371,-1,-102683,295,114,89,80,84,49,1,7,3,1650,2422,979315005,18808832,2586,27166,0,0
979315881,954,370,-1,-102682,256,113,94,80,84,48,1,7,3,1650,2422,979315933,18808832,2586,28093,0,0
979316960,1079,370,0,-102682,325,112,95,80,84,48,1,7,3,1650,2423,979317040,18808832,2586,29211,0,0
979317867,907,369,-1,-102681,235,112,103,80,84,47,1,7,3,1650,2423,979317917,18808832,2586,30076,0,0
979318918,1051,367,-2,-102679,286,112,122,80,84,46,1,7,3,1650,2423,979318992,18808832,2586,31150,0,0
979319863,945,366,-1,-102678,231,113,126,80,84,45,1,7,3,1650,2423,979319897,18808832,2586,32047,0,0
979320863,1000,365,-1,-102677,231,113,126,80,84,44,1,7,3,1650,2424,979320895,18808832,2586,33047,0,0
979321857,994,364,-1,-102676,224,114,134,80,84,43,1,7,3,1650,2424,979321888,18808832,2586,34046,0,0
979322897,1040,362,-2,-102674,279,115,142,80,84,41,1,7,3,1650,2424,979322960,18808832,2586,35119,0,0
979323868,971,361,-1,-102673,235,117,150,80,84,40,1,7,3,1650,2424,979323902,18808832,2586,36052,0,0
979324884,1016,360,-1,-102672,259,118,157,68,78,40,1,7,3,1650,2425,979324963,18808832,2586,37122,0,0
979325980,1096,358,-2,-102670,346,120,170,68,78,38,1,7,3,1650,2425,979326126,18808832,2586,38299,0,0
979327098,1118,357,-1,-102669,461,123,178,68,78,37,1,7,3,1650,2425,979327240,18808832,2586,39444,0,0
979327969,871,356,-1,-102668,335,125,187,68,79,36,1,7,3,1650,2426,979328035,18808832,2586,40197,0,0
979328888,919,354,-2,-102666,267,128,197,68,79,34,1,7,3,1650,2426,979328943,18808832,2586,41105,0,0
979330096,1208,353,-1,-102665,467,131,202,68,79,33,1,7,3,1650,2426,979330189,18808832,2586,42353,0,0
979330939,843,351,-2,-102663,307,134,219,68,79,32,1,7,3,1650,2426,979331007,18808832,2586,43179,0,0
979331924,985,350,-1,-102662,304,137,219,68,79,31,1,7,3,1650,2427,979332001,18808832,2586,44163,0,0
979332899,975,348,-2,-102660,280,141,228,68,79,29,1,7,3,1650,2427,979332969,18808832,2586,45131,0,0
979333900,1001,347,-1,-102659,270,145,244,68,79,28,1,7,3,1650,2427,979334009,18808832,2586,46174,0,0
979334918,1018,344,-3,-102656,298,149,260,68,79,25,1,7,3,1650,2427,979335003,18808832,2586,47165,0,0
979335896,978,342,-2,-102654,272,154,267,68,79,24,1,7,3,1650,2428,979335977,18808832,2586,48143,0,0
979337009,1113,340,-2,-102652,379,160,283,68,79,22,1,7,3,1650,2428,979337102,18808832,2586,49273,0,0
979338055,1046,338,-2,-102650,422,165,300,68,79,20,1,7,3,1650,2428,979338114,18808832,3003,1,0,0
979339024,969,333,-5,-102645,295,172,340,68,79,16,1,7,3,1650,2428,979339085,18808832,3003,439,0,0
979339872,848,329,-4,-102641,247,178,363,68,79,12,1,7,3,1650,2429,979339910,18808832,3003,1257,0,0
979340862,990,320,-9,-102632,230,188,426,68,79,4,1,7,3,1650,2429,979340896,18808832,3003,2244,0,0
979341850,988,310,-10,-102622,231,200,505,68,79,-4,1,7,3,1650,2429,979341878,18808832,3003,3230,0,0
979342901,1051,301,-9,-102613,275,216,586,68,79,-12,1,7,3,1650,2429,979342975,18808832,3003,4331,0,0
979343875,974,299,-2,-102611,251,230,583,68,79,-14,1,7,3,1650,2430,979343906,18808832,3003,5254,0,0
979344856,981,300,1,-102612,228,243,568,68,79,-13,1,7,3,1650,2430,979344896,18808832,3003,6251,0,0
979345964,1108,300,0,-102612,341,257,568,68,79,-13,1,7,3,1650,2430,979346098,18808832,3003,7469,0,0
979347073,1109,298,-2,-102610,442,271,584,68,79,-15,1,7,3,1650,2430,979347245,18808832,3003,8615,0,0
979347964,891,297,-1,-102609,330,282,584,68,78,-16,1,7,3,1650,2431,979348031,18808832,3003,9388,0,0
979348910,946,297,0,-102609,278,293,566,68,78,-16,1,7,3,1650,2431,979348955,18808832,3003,10308,0,0
979349932,1022,296,-1,-102608,301,304,568,68,78,-17,1,7,4,1100,2431,979350092,18153472,3003,2,0,0
979351118,1186,294,-2,-102606,340,316,573,68,78,-18,1,7,4,1100,2431,979351198,18153472,3003,538,0,0
979351894,776,293,-1,-102605,264,324,577,68,64,-19,1,7,4,1100,2432,979351955,18153472,3003,1296,0,0
979352907,1013,292,-1,-102604,280,334,569,68,64,-20,1,7,4,1100,2432,979352979,18153472,3003,2316,0,0
979353892,985,291,-1,-102603,266,343,569,68,64,-21,1,7,4,1100,2432,979353989,18153472,3003,3332,0,0
979354933,1041,290,-1,-102602,303,352,569,68,64,-22,1,7,4,1100,2432,979355003,18153472,3003,4342,0,0
979355884,951,290,0,-102602,251,360,551,68,64,-22,1,7,4,1100,2433,979355938,18153472,3003,5274,0,0
979356968,1084,289,-1,-102601,340,368,544,68,64,-23,1,7,4,1100,2433,979357056,18153472,3003,6406,0,0
979357855,887,288,-1,-102600,227,374,548,68,64,-24,1,7,4,1100,2433,979357899,18153472,3003,7233,0,0
979358931,1076,287,-1,-102599,304,381,544,68,55,-25,1,7,4,1100,2433,979359008,18153472,3003,8346,0,0
979359848,917,286,-1,-102598,227,387,536,68,55,-25,1,7,4,1100,2434,979359879,18153472,3003,9210,0,0
979360856,1008,285,-1,-102597,232,393,540,68,55,-26,1,7,4,1100,2434,979360889,18153472,3003,10220,0,0
979361845,989,285,0,-102597,224,398,521,68,55,-26,1,7,4,1100,2434,979361875,18153472,3003,11205,0,0
979362918,1073,285,0,-102597,291,403,512,68,45,-26,1,7,4,1100,2434,979362993,18153472,3003,12331,0,0
979363854,936,284,-1,-102596,232,406,505,68,45,-27,1,7,4,1100,2434,979363890,18153472,3003,13218,0,0
979364859,1005,284,0,-102596,237,410,497,68,45,-27,1,7,4,1100,2435,979364899,18153472,3003,14234,0,0
979365971,1112,283,-1,-102595,336,413,479,68,45,-28,1,7,4,1100,2435,979366073,18153472,3003,15421,0,0
979367093,1122,283,0,-102595,464,415,463,68,45,-28,1,7,4,1100,2435,979367255,18153472,3003,16608,0,0
979367950,857,283,0,-102595,323,416,450,68,45,-28,1,7,4,1100,2435,979368026,18153472,3003,17364,0,0
979368906,956,282,-1,-102594,287,417,443,64,45,-29,1,7,4,1100,2435,979368974,18153472,3003,18316,0,0
979370112,1206,282,0,-102594,489,415,379,64,32,-29,1,7,4,1100,2436,979370189,18153472,3003,19530,0,0
979370955,843,282,0,-102594,321,412,308,64,32,-29,1,7,4,1100,2436,979371048,18153472,3003,20386,0,0
979371915,960,281,-1,-102593,288,405,235,64,32,-30,1,7,4,1100,2436,979372008,18153472,3003,21347,0,0
979372917,1002,280,-1,-102592,285,396,171,64,32,-31,1,7,4,1100,2436,979373001,18153472,3003,22339,0,0
979373929,1012,280,0,-102592,296,386,154,64,32,-31,1,7,4,1100,2437,979374023,18153472,3003,23361,0,0
979374936,1007,280,0,-102592,302,378,162,64,32,-31,1,7,4,1100,2437,979375003,18153472,3003,24342,0,0
979375884,948,279,-1,-102591,260,370,165,64,32,-32,1,7,4,1100,2437,979375944,18153472,3003,25282,0,0
979376950,1066,279,0,-102591,325,361,165,64,32,-32,1,7,4,1100,2437,979377038,18153472,3003,26388,0,0
979377863,913,279,0,-102591,241,354,151,64,32,-32,1,7,4,1100,2437,979377903,18153472,3003,27236,0,0
979378908,1045,278,-1,-102590,284,345,150,64,32,-33,1,7,4,1100,2438,979378982,18153472,3003,28321,0,0
979379860,952,277,-1,-102589,236,338,158,64,32,-33,1,7,4,1100,2438,979379893,18153472,3003,29221,0,0
979380851,991,277,0,-102589,231,331,150,64,32,-33,1,7,4,1100,2438,979380881,18153472,3003,30210,0,0
979381858,1007,276,-1,-102588,227,324,143,64,32,-34,1,7,4,1100,2438,979381893,18153472,3003,31226,0,0
979382889,1031,275,-1,-102587,269,316,142,64,32,-35,1,7,4,1100,2438,979382947,18153472,3003,32281,0,0
979383865,976,275,0,-102587,239,309,134,64,32,-35,1,7,4,1100,2438,979383899,18153472,3003,33227,0,0
979384851,986,274,-1,-102586,231,302,134,64,32,-36,1,7,4,1100,2439,979384886,18153472,3003,34221,0,0
979385955,1104,273,-1,-102585,325,295,138,64,0,-37,1,7,4,1100,2439,979386057,18153472,3003,35403,0,0
979387105,1150,272,-1,-102584,462,288,138,64,0,-38,1,7,4,1100,2439,979387240,18153472,3003,36593,0,0
979387936,831,272,0,-102584,310,283,130,64,0,-38,1,7,4,1100,2439,979388017,18153472,3003,37356,0,0
979388905,969,271,-1,-102583,281,277,134,64,0,-39,1,7,4,1100,2439,979388970,18153472,3003,38311,0,0
979389892,987,270,-1,-102582,263,272,130,64,0,-40,1,7,4,1100,2439,979389970,18153472,3003,39317,0,0
979390907,1015,269,-1,-102581,279,266,130,64,0,-40,1,7,4,1100,2439,979390993,18153472,3003,40334,0,0
979391888,981,268,-1,-102580,269,261,138,64,0,-41,1,7,4,1100,2440,979391967,18153472,3003,41314,0,0
979392909,1021,267,-1,-102579,281,256,141,64,0,-42,1,7,4,1100,2440,979392990,18153472,3003,42328,0,0
979393930,1021,266,-1,-102578,301,252,146,64,0,-43,1,7,4,1100,2440,979394001,18153472,3003,43338,0,0
979394916,986,264,-2,-102576,286,248,162,64,0,-45,1,7,4,1100,2440,979394994,18153472,3003,44334,0,0
979395888,972,264,0,-102576,269,245,157,64,0,-45,1,7,4,1100,2440,979395970,18153472,3003,45318,0,0
979396946,1058,262,-2,-102574,320,242,166,64,0,-47,1,7,4,1100,2440,979397023,18153472,3003,46365,0,0
979397861,915,261,-1,-102573,232,239,175,64,0,-47,1,7,4,1100,2440,979397894,18153472,3003,47228,0,0
979398892,1031,260,-1,-102572,260,237,181,61,0,-48,1,7,4,1100,2440,979398946,18153472,3003,48280,0,0
979399853,961,259,-1,-102571,235,235,181,61,0,-49,1,7,4,1100,2440,979399888,18153472,3003,49218,0,0
979400858,1005,258,-1,-102570,235,233,191,61,0,-50,1,7,4,1100,2440,979400895,18153472,5292,1,0,0
979401865,1007,256,-2,-102568,244,232,205,61,0,-52,1,7,4,1100,2441,979401917,18153472,5292,493,0,0
979402882,1017,255,-1,-102567,254,231,205,61,0,-53,1,7,4,1100,2441,979402924,18153472,5292,1498,0,0
979403845,963,254,-1,-102566,228,230,205,61,0,-54,1,7,4,1100,2441,979403873,18153472,5292,2443,0,0
979404848,1003,252,-2,-102564,230,230,221,61,0,-55,1,7,4,1100,2441,979404880,18153472,5292,3457,0,0
979405959,1111,251,-1,-102563,326,230,227,61,0,-56,1,7,4,1100,2441,979406047,18153472,5292,4630,0,0
979407040,1081,250,-1,-102562,405,230,235,61,0,-57,1,7,4,1100,2441,979407152,18153472,5292,5749,0,0
979407902,862,248,-2,-102560,282,231,252,61,0,-59,1,7,4,1100,2441,979407991,18153472,5292,6581,0,0
979408915,1013,246,-2,-102558,286,232,260,61,0,0,1,8,4,1100,2441,979408988,18153472,5292,7567,0,0
979409868,953,245,-1,-102557,251,233,260,61,0,0,1,8,4,1100,2441,979409916,18153472,5292,8486,0,0
979410896,1028,243,-2,-102555,265,235,276,61,0,0,1,8,4,1100,2441,979410977,18153472,5292,9554,0,0
979411887,991,242,-1,-102554,264,236,276,61,0,0,1,8,4,1100,2441,979411947,18153472,5292,10523,0,0
979412885,998,240,-2,-102552,263,238,283,61,0,0,1,8,4,1100,2441,979412969,18153472,5292,11554,0,0
979413887,1002,238,-2,-102550,254,240,301,61,0,0,1,8,4,1100,2441,979413931,18153472,5292,12503,0,0
979414892,1005,236,-2,-102548,272,243,309,61,0,0,1,8,4,1100,2441,979414959,18153472,5292,13536,0,0
979415883,991,233,-3,-102545,251,246,323,61,0,0,1,8,4,1100,2441,979415937,18153472,5292,14513,0,0
979416929,1046,229,-4,-102541,305,250,347,61,0,0,1,8,4,1100,2441,979417012,18153472,5292,15597,0,0
979417866,937,225,-4,-102537,233,255,373,61,0,0,1,8,4,1100,2441,979417897,18153472,5292,16467,0,0
979418873,1007,220,-5,-102532,243,261,410,61,0,0,1,8,4,1100,2441,979418910,18153472,5292,17479,0,0
979419852,979,214,-6,-102526,226,268,450,61,0,0,1,8,4,1100,2441,979419879,18153472,5292,18449,0,0
979420850,998,211,-3,-102523,228,276,465,61,0,0,1,8,4,1100,2441,979420883,18153472,5292,19451,0,0
979421849,999,210,-1,-102522,221,283,466,61,0,0,1,8,4,1100,2441,979421874,18153472,5292,20441,0,0
979422868,1019,210,0,-102522,236,290,457,61,0,0,1,8,4,1100,2441,979422905,18153472,5292,21473,0,0
979423846,978,209,-1,-102521,226,297,458,61,0,0,1,8,4,1100,2441,979423873,18153472,5292,22441,0,0
979424859,1013,207,-2,-102519,228,303,466,61,0,0,1,8,4,1100,2441,979424900,18153472,5292,23474,0,0
979425937,1078,206,-1,-102518,306,311,471,61,0,0,1,8,4,1100,2441,979426019,18153472,5292,24602,0,0
979427015,1078,206,0,-102518,367,317,455,61,0,0,1,8,4,1100,2441,979427121,18153472,5292,25720,0,0
979427891,876,205,-1,-102517,268,321,455,61,0,0,1,8,4,1100,2441,979427959,18153472,5292,26538,0,0
979428894,1003,204,-1,-102516,269,327,456,61,0,0,1,8,4,1100,2441,979428974,18153472,5292,27550,0,0
979429875,981,203,-1,-102515,256,332,455,61,0,0,1,8,4,1100,2441,979429915,18153472,5292,28485,0,0
979430879,1004,202,-1,-102514,257,337,455,61,0,0,1,8,4,1100,2441,979430956,18153472,5292,29534,0,0
979431875,996,202,0,-102514,255,341,439,61,0,0,1,8,4,1100,2441,979431925,18153472,5292,30501,0,0
979432877,1002,201,-1,-102513,243,344,433,61,0,0,1,8,4,1100,2441,979432955,18153472,5292,31537,0,0
979433889,1012,200,-1,-102512,257,348,439,61,0,0,1,8,4,1100,2441,979433945,18153472,5292,32518,0,0
979434888,999,199,-1,-102511,258,351,431,61,0,0,1,8,4,1100,2441,979434960,18153472,5292,33538,0,0
979435875,987,199,0,-102511,253,354,417,61,0,0,1,8,4,1100,2441,979435932,18153472,5292,34510,0,0
979436924,1049,198,-1,-102510,304,356,418,61,0,0,1,8,4,1100,2441,979436998,18153472,5292,35581,0,0
979437862,938,197,-1,-102509,236,359,420,61,0,0,1,8,4,1100,2441,979437895,18153472,5292,36465,0,0
979438865,1003,197,0,-102509,235,360,402,61,0,0,1,8,4,1100,2441,979438901,18153472,5292,37470,0,0
979439858,993,196,-1,-102508,225,362,395,61,0,0,1,8,4,1100,2441,979439888,18153472,5292,38456,0,0
979440856,998,196,0,-102508,227,363,386,61,0,0,1,8,4,1100,2441,979440889,18153472,5292,39457,0,0
979441839,983,196,0,-102508,221,363,371,61,0,0,1,8,4,1100,2441,979441863,18153472,5292,40430,0,0
979442861,1022,196,0,-102508,236,363,363,61,0,0,1,8,4,1100,2441,979442897,18153472,5292,41465,0,0
979443854,993,196,0,-102508,225,362,347,61,0,0,1,8,4,1100,2441,979443881,18153472,5292,42450,0,0
979444851,997,196,0,-102508,228,361,331,61,0,0,1,8,4,1100,2441,979444884,18153472,5292,43456,0,0
979445936,1085,195,-1,-102507,310,359,309,61,0,0,1,8,4,1100,2441,979446025,18153472,5292,44611,0,0
979446993,1057,195,0,-102507,363,355,276,61,0,0,1,8,4,1100,2441,979447099,18153472,5292,45691,0,0
979447889,896,195,0,-102507,269,352,244,61,0,0,1,8,4,1100,2441,979447953,18153472,5292,46533,0,0
979448903,1014,195,0,-102507,269,346,203,61,0,0,1,8,4,1100,2441,979448973,18153472,5292,47552,0,0
979449892,989,194,-1,-102506,265,339,163,61,0,0,1,8,4,1100,2441,979449930,18153472,5292,48499,0,0
979450880,988,193,-1,-102505,259,331,146,61,0,0,1,8,4,1100,2441,979450957,18153472,5292,49535,0,0
979451882,1002,193,0,-102505,257,324,138,61,0,0,1,8,4,1100,2441,979451941,18153472,7483,1,0,0
979452884,1002,192,-1,-102504,255,317,146,61,0,0,1,8,4,1100,2441,979452970,18153472,7483,481,0,0
979453881,997,192,0,-102504,262,310,138,61,0,0,1,8,4,1100,2441,979453928,18153472,7483,1437,0,0
979454875,994,191,-1,-102503,254,303,130,61,0,0,1,8,4,1100,2441,979454950,18153472,7483,2464,0,0
979455888,1013,191,0,-102503,266,296,126,61,0,0,1,8,4,1100,2441,979455941,18153472,7483,3452,0,0
979456931,1043,190,-1,-102502,305,289,126,61,0,0,1,8,4,1100,2441,979457006,18153472,7483,4526,0,0
979457862,931,189,-1,-102501,235,283,135,61,0,0,1,8,4,1100,2441,979457893,18153472,7483,5399,0,0
979458863,1001,188,-1,-102500,238,277,134,61,0,0,1,8,4,1100,2441,979458900,18153472,7483,6404,0,0
979459857,994,187,-1,-102499,225,272,134,61,0,0,1,8,4,1100,2441,979459887,18153472,7483,7390,0,0
979460856,999,186,-1,-102498,227,266,134,61,0,0,1,8,4,1100,2441,979460888,18153472,7483,8391,0,0
979461854,998,186,0,-102498,221,261,126,61,0,0,1,8,4,1100,2441,979461879,18153472,7483,9382,0,0
979462858,1004,185,-1,-102497,235,256,134,61,0,0,1,8,4,1100,2441,979462894,18153472,7483,10397,0,0
979463851,993,184,-1,-102496,225,251,134,61,0,0,1,8,4,1100,2441,979463878,18153472,7483,11383,0,0
979464849,998,183,-1,-102495,227,246,134,61,0,0,1,8,4,1100,2441,979464882,18153472,7483,12389,0,0
979465934,1085,181,-2,-102493,315,242,146,61,0,0,1,8,4,1100,2441,979466023,18153472,7483,13543,0,0
979467009,1075,180,-1,-102492,370,238,146,61,0,0,1,8,4,1100,2441,979467113,18153472,7483,14638,0,0
979467890,881,179,-1,-102491,270,235,146,61,0,0,1,8,4,1100,2441,979467962,18153472,7483,15475,0,0
979468898,1008,178,-1,-102490,264,232,154,61,0,0,1,8,4,1100,2441,979468972,18153472,7483,16484,0,0
979469930,1032,177,-1,-102489,297,229,154,61,0,0,1,8,4,1100,2441,979469997,18153472,7483,17515,0,0
979470897,967,176,-1,-102488,266,226,163,61,0,0,1,8,4,1100,2441,979470972,18153472,7483,18485,0,0
979471890,993,175,-1,-102487,258,224,171,61,0,0,1,8,4,1100,2441,979471950,18153472,7483,19464,0,0
979472880,990,173,-2,-102485,254,223,187,61,0,0,1,8,4,1100,2441,979472961,18153472,7483,20475,0,0
979473880,1000,172,-1,-102484,254,221,195,61,0,0,1,8,4,1100,2441,979473934,18153472,7483,21442,0,0
979474890,1010,171,-1,-102483,265,221,203,61,0,0,1,8,4,1100,2441,979474957,18153472,7483,22470,0,0
979475867,977,170,-1,-102482,248,220,205,61,0,0,1,8,4,1100,2441,979475927,18153472,7483,23439,0,0
979476932,1065,168,-2,-102480,302,220,213,61,0,0,1,8,4,1100,2441,979477010,18153472,7483,24528,0,0
979477855,923,167,-1,-102479,235,220,222,61,0,0,1,8,4,1100,2441,979477880,18153472,7483,25386,0,0
979478868,1013,165,-2,-102477,236,221,236,61,0,0,1,8,4,1100,2441,979478904,18153472,7483,26407,0,0
979479845,977,164,-1,-102476,225,221,245,61,0,0,1,8,4,1100,2441,979479872,18153472,7483,27375,0,0
979480857,1012,162,-2,-102474,227,223,252,61,0,0,1,8,4,1100,2441,979480890,18153472,7483,28394,0,0
979481840,983,160,-2,-102472,221,224,260,61,0,0,1,8,4,1100,2441,979481865,18153472,7483,29367,0,0
979482860,1020,158,-2,-102470,235,226,276,61,0,0,1,8,4,1100,2441,979482897,18153472,7483,30400,0,0
979483854,994,156,-2,-102468,225,228,284,61,0,0,1,8,4,1100,2441,979483881,18153472,7483,31385,0,0
979484851,997,153,-3,-102465,228,232,307,61,0,0,1,8,4,1100,2441,979484884,18153472,7483,32390,0,0
979485936,1085,149,-4,-102461,311,236,341,61,0,0,1,8,4,1100,2441,979486020,18153472,7483,33539,0,0
979486988,1052,144,-5,-102456,360,242,374,61,0,0,1,8,4,1100,2441,979487097,18153472,7483,34625,0,0
979487896,908,138,-6,-102450,270,248,415,61,0,0,1,8,4,1100,2441,979487963,18153472,7483,35475,0,0
979488894,998,133,-5,-102445,266,256,447,61,0,0,1,8,4,1100,2441,979488973,18153472,7483,36487,0,0
979489886,992,130,-3,-102442,264,264,463,61,0,0,1,8,4,1100,2441,979489923,18153472,7483,37427,0,0
979490886,1000,130,0,-102442,264,271,455,61,0,0,1,8,4,1100,2441,979490955,18153472,7483,38469,0,0
979491878,992,130,0,-102442,254,279,455,61,0,0,1,8,4,1100,2441,979491932,18153472,7483,39445,0,0
979492874,996,129,-1,-102441,248,285,455,61,0,0,1,8,4,1100,2441,979492953,18153472,7483,40469,0,0
979493871,997,128,-1,-102440,253,292,455,61,0,0,1,8,4,1100,2441,979493914,18153472,7483,41421,0,0
979494876,1005,127,-1,-102439,258,299,455,61,0,0,1,8,4,1100,2441,979494949,18153472,7483,42462,0,0
979495871,995,126,-1,-102438,253,304,449,61,0,0,1,8,4,1100,2441,979495926,18153472,7483,43436,0,0
979496920,1049,125,-1,-102437,298,310,441,61,0,0,1,8,4,1100,2441,979496998,18153472,7483,44518,0,0
979497869,949,124,-1,-102436,236,315,443,61,0,0,1,8,4,1100,2441,979497903,18153472,7483,45406,0,0
979498869,1000,124,0,-102436,237,320,433,61,0,0,1,8,4,1100,2441,979498905,18153472,7483,46408,0,0
979499845,976,123,-1,-102435,225,324,434,61,0,0,1,8,4,1100,2441,979499872,18153472,7483,47375,0,0
979500857,1012,122,-1,-102434,227,328,434,61,0,0,1,8,4,1100,2441,979500890,18153472,7483,48393,0,0
979501840,983,121,-1,-102433,221,332,434,61,0,0,1,8,4,1100,2441,979501864,18153472,7483,49366,0,0
979502860,1020,120,-1,-102432,235,336,434,61,0,0,1,8,4,1100,2441,979502897,2165637157,1048575,1,0,0
979503857,997,120,0,-102432,238,340,418,61,0,0,1,8,4,1100,2441,979503893,2165637157,1048575,464,0,0
979504859,1002,119,-1,-102431,231,343,418,61,0,0,1,8,4,1100,2441,979504906,2165637157,1048575,1483,0,0
979505954,1095,118,-1,-102430,318,346,422,61,0,0,1,8,4,1100,2441,979506049,2165637157,1048575,2635,0,0
979506997,1043,117,-1,-102429,372,349,414,61,0,0,1,8,4,1100,2441,979507104,2165637157,1048575,3697,0,0
979507896,899,117,0,-102429,268,351,406,61,0,0,1,8,4,1100,2441,979507966,2165637157,1048575,4556,0,0
979508890,994,116,-1,-102428,268,353,398,61,0,0,1,8,4,1100,2441,979508973,2165637157,1048575,5557,0,0
979509892,1002,116,0,-102428,268,354,390,61,0,0,1,8,4,1100,2441,979509943,2165637157,1048575,6517,0,0
979510900,1008,116,0,-102428,267,355,374,61,0,0,1,8,4,1100,2441,979510965,2165637157,1048575,7547,0,0
979511885,985,116,0,-102428,252,355,358,61,0,0,1,8,4,1100,2441,979511927,2165637157,1048575,8502,0,0
979512869,984,116,0,-102428,249,355,342,61,0,0,1,8,4,1100,2441,979512942,2165637157,1048575,9529,0,0
979513886,1017,116,0,-102428,257,353,325,61,0,0,1,8,4,1100,2441,979513948,2165637157,1048575,10525,0,0
979514896,1010,115,-1,-102427,266,352,309,61,0,0,1,8,4,1100,2441,979514968,2165637157,1048575,11548,0,0
979515875,979,115,0,-102427,254,350,299,61,0,0,1,8,4,1100,2441,979515932,2165637157,1048575,12513,0,0
979516923,1048,115,0,-102427,297,346,268,61,0,0,1,8,4,1100,2441,979517002,2165637157,1048575,13589,0,0
979517860,937,115,0,-102427,238,342,229,61,0,0,1,8,4,1100,2441,979517886,2165637157,1048575,14460,0,0
979518872,1012,115,0,-102427,239,336,181,61,0,0,1,8,4,1100,2441,979518911,2165637157,1048575,15484,0,0
979519852,980,114,-1,-102426,223,328,150,61,0,0,1,8,4,1100,2441,979519877,2165637157,1048575,16448,0,0
979520846,994,114,0,-102426,227,321,126,61,0,0,1,8,4,1100,2441,979520879,2165637157,1048575,17452,0,0
979521849,1003,114,0,-102426,224,313,126,61,0,0,1,8,4,1100,2441,979521877,2165637157,1048575,18451,0,0
979522862,1013,113,-1,-102425,237,306,134,61,0,0,1,8,4,1100,2441,979522901,2165637157,1048575,19473,0,0
979523857,995,112,-1,-102424,223,299,134,61,0,0,1,8,4,1100,2441,979523881,2165637157,1048575,20453,0,0
979524851,994,112,0,-102424,228,292,126,61,0,0,1,8,4,1100,2441,979524884,2165637157,1048575,21458,0,0
979525937,1086,111,-1,-102423,312,285,122,61,0,0,1,8,4,1100,2441,979526024,2165637157,1048575,22613,0,0
979526990,1053,110,-1,-102422,364,278,122,61,0,0,1,8,4,1100,2441,979527099,2165637157,1048575,23694,0,0
979527900,910,109,-1,-102421,272,273,122,61,0,0,1,8,4,1100,2441,979527967,2165637157,1048575,24548,0,0
979528892,992,109,0,-102421,270,267,122,61,0,0,1,8,4,1100,2441,979528972,2165637157,1048575,25554,0,0
979529886,994,108,-1,-102420,266,261,122,61,0,0,1,8,4,1100,2441,979529924,2165637157,1048575,26496,0,0
979530888,1002,107,-1,-102419,264,256,122,61,0,0,1,8,4,1100,2441,979530955,2165637157,1048575,27537,0,0
979531876,988,106,-1,-102418,255,251,122,61,0,0,1,8,4,1100,2441,979531932,2165637157,1048575,28512,0,0
979532880,1004,105,-1,-102417,247,246,122,61,0,0,1,8,4,1100,2441,979532958,2165637157,1048575,29543,0,0
979533874,994,104,-1,-102416,253,241,130,61,0,0,1,8,4,1100,2441,979533919,2165637157,1048575,30496,0,0
979534889,1015,103,-1,-102415,262,237,130,61,0,0,1,8,4,1100,2441,979534960,2165637157,1048575,31541,0,0
979535870,981,102,-1,-102414,251,233,134,61,0,0,1,8,4,1100,2441,979535923,2165637157,1048575,32500,0,0
979536927,1057,101,-1,-102413,301,229,134,61,0,0,1,8,4,1100,2441,979537005,2165637157,1048575,33593,0,0
979537861,934,100,-1,-102412,237,225,134,61,0,0,1,8,4,1100,2441,979537891,2165637157,1048575,34464,0,0
979538861,1000,99,-1,-102411,237,222,142,61,0,0,1,8,4,1100,2441,979538897,2165637157,1048575,35468,0,0
979539854,993,98,-1,-102410,225,219,142,61,0,0,1,8,4,1100,2441,979539881,2165637157,1048575,36453,0,0
979540851,997,97,-1,-102409,228,216,150,61,0,0,1,8,4,1100,2441,979540883,2165637157,1048575,37454,0,0
979541849,998,96,-1,-102408,221,214,158,61,0,0,1,8,4,1100,2441,979541874,2165637157,1048575,38444,0,0
979542867,1018,94,-2,-102406,235,212,173,61,0,0,1,8,4,1100,2441,979542903,2165637157,1048575,39474,0,0
979543843,976,93,-1,-102405,225,211,181,61,0,0,1,8,4,1100,2441,979543870,2165637157,1048575,40441,0,0
979544856,1013,92,-1,-102404,227,210,189,61,0,0,1,8,4,1100,2441,979544893,2165637157,1048575,41470,0,0
979545936,1080,90,-2,-102402,311,210,203,61,0,0,1,8,4,1100,2441,979546025,2165637157,1048575,42612,0,0
979546996,1060,89,-1,-102401,362,210,211,61,0,0,1,8,4,1100,2441,979547107,2165637157,1048575,43701,0,0
979547900,904,88,-1,-102400,269,210,219,61,0,0,1,8,4,1100,2441,979547966,2165637157,1048575,44546,0,0
979548894,994,86,-2,-102398,267,211,236,61,0,0,1,8,4,1100,2441,979548971,2165637157,1048575,45550,0,0
979549929,1035,85,-1,-102397,296,212,235,61,0,0,1,8,4,1100,2441,979549994,2165637157,1048575,46576,0,0
979550890,961,83,-2,-102395,268,214,252,61,0,0,1,8,4,1100,2441,979550970,2165637157,1048575,47551,0,0
979551873,983,81,-2,-102393,253,216,268,61,0,0,1,8,4,1100,2441,979551929,2165637157,1048575,48509,0,0
979552890,1017,79,-2,-102391,260,218,276,61,0,0,1,8,4,1100,2441,979552970,2165637157,1048575,49551,0,0
979553870,980,78,-1,-102390,252,220,277,61,0,0,1,8,4,1100,2441,979553916,2165637145,1048575,1,0,0
979554901,1031,75,-3,-102387,276,224,301,61,0,0,1,8,4,1100,2441,979554982,2165637145,1048575,515,0,0
979555874,973,72,-3,-102384,252,227,315,61,0,0,1,8,4,1100,2441,979555927,2165637145,1048575,1454,0,0
979556943,1069,68,-4,-102380,316,232,339,61,0,0,1,8,4,1100,2441,979557019,2165637145,1048575,2557,0,0
979557849,906,62,-6,-102374,226,237,380,61,0,0,1,8,4,1100,2441,979557874,2165637145,1048575,3395,0,0
979558859,1010,56,-6,-102368,236,244,418,61,0,0,1,8,4,1100,2441,979558895,2165637145,1048575,4418,0,0
979559852,993,52,-4,-102364,225,252,449,61,0,0,1,8,4,1100,2441,979559879,2165637145,1048575,5403,0,0
979560849,997,50,-2,-102362,227,260,457,61,0,0,1,8,4,1100,2441,979560882,2165637145,1048575,6405,0,0
979561849,1000,50,0,-102362,221,268,449,61,0,0,1,8,4,1100,2441,979561873,2165637145,1048575,7394,0,0
979562867,1018,50,0,-102362,235,275,441,61,0,0,1,8,4,1100,2441,979562903,2165637145,1048575,8425,0,0
979563843,976,48,-2,-102360,225,281,449,61,0,0,1,8,4,1100,2441,979563870,2165637145,1048575,9392,0,0
979564856,1013,47,-1,-102359,227,288,449,61,0,0,1,8,4,1100,2441,979564892,2165637145,1048575,10417,0,0
979565933,1077,47,0,-102359,312,295,447,61,0,0,1,8,4,1100,2441,979566023,2165637145,1048575,11561,0,0
979567008,1075,46,-1,-102358,370,301,446,61,0,0,1,8,4,1100,2441,979567112,2165637145,1048575,12656,0,0
979567900,892,45,-1,-102357,272,306,447,61,0,0,1,8,4,1100,2441,979567967,2165637145,1048575,13500,0,0
979568882,982,44,-1,-102356,262,312,447,61,0,0,1,8,4,1100,2441,979568969,2165637145,1048575,14502,0,0
979569928,1046,43,-1,-102355,295,317,446,61,0,0,1,8,4,1100,2441,979569997,2165637145,1048575,15535,0,0
979570899,971,43,0,-102355,271,322,439,61,0,0,1,8,4,1100,2441,979570977,2165637145,1048575,16511,0,0
979571878,979,42,-1,-102354,253,326,439,61,0,0,1,8,4,1100,2441,979571936,2165637145,1048575,17467,0,0
979572892,1014,41,-1,-102353,261,330,431,61,0,0,1,8,4,1100,2441,979572973,2165637145,1048575,18505,0,0
979573873,981,41,0,-102353,255,334,423,61,0,0,1,8,4,1100,2441,979573923,2165637145,1048575,19451,0,0
979574884,1011,40,-1,-102352,263,337,423,61,0,0,1,8,4,1100,2441,979574959,2165637145,1048575,20495,0,0
979575874,990,39,-1,-102351,247,341,417,61,0,0,1,8,4,1100,2441,979575929,2165637145,1048575,21459,0,0
979576926,1052,38,-1,-102350,302,343,410,61,0,0,1,8,4,1100,2441,979577002,2165637145,1048575,22541,0,0
979577854,928,38,0,-102350,233,346,403,61,0,0,1,8,4,1100,2441,979577880,2165637145,1048575,23405,0,0
979578860,1006,37,-1,-102349,235,348,402,61,0,0,1,8,4,1100,2441,979578897,2165637145,1048575,24419,0,0
979579854,994,37,0,-102349,225,349,386,61,0,0,1,8,4,1100,2441,979579881,2165637145,1048575,25404,0,0
979580851,997,37,0,-102349,228,351,379,61,0,0,1,8,4,1100,2441,979580883,2165637145,1048575,26405,0,0
979581849,998,37,0,-102349,221,351,363,61,0,0,1,8,4,1100,2441,979581874,2165637145,1048575,27395,0,0
979582867,1018,38,1,-102350,235,351,339,61,0,0,1,8,4,1100,2441,979582903,2165637145,1048575,28425,0,0
979583843,976,37,-1,-102349,225,350,331,61,0,0,1,8,4,1100,2441,979583870,2165637145,1048575,29392,0,0
979584856,1013,37,0,-102349,227,349,323,61,0,0,1,8,4,1100,2441,979584893,2165637145,1048575,30421,0,0
979585938,1082,37,0,-102349,311,346,284,61,0,0,1,8,4,1100,2441,979586023,2165637145,1048575,31560,0,0
979586992,1054,37,0,-102349,362,342,252,61,0,0,1,8,4,1100,2441,979587103,2165637145,1048575,32650,0,0
979587887,895,37,0,-102349,269,337,203,61,0,0,1,8,4,1100,2441,979587950,2165637145,1048575,33482,0,0
979588880,993,36,-1,-102348,257,330,163,61,0,0,1,8,4,1100,2441,979588958,2165637145,1048575,34491,0,0
979589887,1007,36,0,-102348,263,322,130,61,0,0,1,8,4,1100,2441,979589929,2165637145,1048575,35453,0,0
979590884,997,36,0,-102348,260,314,114,61,0,0,1,8,4,1100,2441,979590950,2165637145,1048575,36482,0,0
979591887,1003,35,-1,-102347,258,307,122,61,0,0,1,8,4,1100,2441,979591946,2165637145,1048575,37479,0,0
979592877,990,35,0,-102347,247,300,122,61,0,0,1,8,4,1100,2441,979592954,2165637145,1048575,38490,0,0
979593887,1010,34,-1,-102346,254,292,114,61,0,0,1,8,4,1100,2441,979593946,2165637145,1048575,39473,0,0
979594896,1009,34,0,-102346,264,285,106,61,0,0,1,8,4,1100,2441,979594969,2165637145,1048575,40501,0,0
979595868,972,33,-1,-102345,247,278,110,61,0,0,1,8,4,1100,2441,979595922,2165637145,1048575,41449,0,0
979596932,1064,33,0,-102345,300,271,110,61,0,0,1,8,4,1100,2441,979597008,2165637145,1048575,42545,0,0
979597866,934,32,-1,-102344,235,265,111,61,0,0,1,8,4,1100,2441,979597896,2165637145,1048575,43420,0,0
979598862,996,31,-1,-102343,236,259,110,61,0,0,1,8,4,1100,2441,979598898,2165637145,1048575,44420,0,0
979599856,994,31,0,-102343,226,253,102,61,0,0,1,8,4,1100,2441,979599885,2165637145,1048575,45407,0,0
979600854,998,30,-1,-102342,228,247,103,61,0,0,1,8,4,1100,2441,979600887,2165637145,1048575,46409,0,0
979601853,999,29,-1,-102341,221,242,110,61,0,0,1,8,4,1100,2441,979601878,2165637145,1048575,47400,0,0
979602855,1002,28,-1,-102340,235,237,110,61,0,0,1,8,4,1100,2441,979602891,2165637145,1048575,48413,0,0
979603847,992,27,-1,-102339,225,232,110,61,0,0,1,8,4,1100,2441,979603874,2165637145,1048575,49397,0,0
979604861,1014,26,-1,-102338,228,227,118,61,0,0,1,8,4,1100,2441,979604901,2165637147,1048575,1,0,0
979606054,1193,25,-1,-102337,325,222,113,61,0,0,1,8,4,1100,2441,979606151,2165637147,1048575,512,0,0
979607033,979,24,-1,-102336,400,218,114,61,0,0,1,8,4,1100,2441,979607141,2165637147,1048575,1512,0,0
979607910,877,23,-1,-102335,276,215,122,61,0,0,1,8,4,1100,2441,979607971,2165637147,1048575,2333,0,0
979608906,996,22,-1,-102334,276,211,122,61,0,0,1,8,4,1100,2441,979608981,2165637147,1048575,3337,0,0
979609886,980,21,-1,-102333,260,208,130,61,0,0,1,8,4,1100,2441,979609932,2165637147,1048575,4285,0,0
979610882,996,20,-1,-102332,264,205,138,61,0,0,1,8,4,1100,2441,979610961,2165637147,1048575,5317,0,0
979611884,1002,19,-1,-102331,261,203,146,61,0,0,1,8,4,1100,2441,979611936,2165637147,1048575,6289,0,0
979612873,989,18,-1,-102330,246,201,163,61,0,0,1,8,4,1100,2441,979612951,2165637147,1048575,7310,0,0
979613888,1015,17,-1,-102329,261,200,163,61,0,0,1,8,4,1100,2441,979613927,2165637147,1048575,8275,0,0
979614897,1009,16,-1,-102328,264,199,171,61,0,0,1,8,4,1100,2441,979614963,2165637147,1048575,9321,0,0
979615889,992,15,-1,-102327,260,198,173,61,0,0,1,8,4,1100,2441,979615941,2165637147,1048575,10293,0,0
979616920,1031,13,-2,-102325,301,197,189,61,0,0,1,8,4,1100,2441,979617000,2165637147,1048575,11363,0,0
979617852,932,12,-1,-102324,234,197,198,61,0,0,1,8,4,1100,2441,979617879,2165637147,1048575,12227,0,0
979618861,1009,11,-1,-102323,237,198,205,61,0,0,1,8,4,1100,2441,979618897,2165637147,1048575,13244,0,0
979619856,995,9,-2,-102321,226,198,213,61,0,0,1,8,4,1100,2441,979619884,2165637147,1048575,14230,0,0
979620853,997,8,-1,-102320,227,199,221,61,0,0,1,8,4,1100,2441,979620886,2165637147,1048575,15232,0,0
979621852,999,6,-2,-102318,221,200,237,61,0,0,1,8,4,1100,2441,979621877,2165637147,1048575,16223,0,0
979622853,1001,5,-1,-102317,234,202,237,61,0,0,1,8,4,1100,2441,979622890,2165637147,1048575,17236,0,0
979623848,995,4,-1,-102316,226,204,244,61,0,0,1,8,4,1100,2441,979623875,2165637147,1048575,18221,0,0
979624860,1012,2,-2,-102314,227,205,252,61,0,0,1,8,4,1100,2441,979624902,2165637147,1048575,19254,0,0
979625938,1078,4095,-3,-102311,305,208,276,61,0,0,1,8,4,1100,2441,979626026,2165637147,1048575,20388,0,0
979627007,1069,4093,-2,-102309,364,212,292,61,0,0,1,8,4,1100,2441,979627115,2165637147,1048575,21484,0,0
979627892,885,4090,-3,-102306,268,215,309,61,0,0,1,8,4,1100,2441,979627960,2165637147,1048575,22320,0,0
979628903,1011,4086,-4,-102302,269,220,333,61,0,0,1,8,4,1100,2441,979628970,2165637147,1048575,23325,0,0
979629894,991,4080,-6,-102296,263,226,382,61,0,0,1,8,4,1100,2441,979629937,2165637147,1048575,24287,0,0
979630894,1000,4073,-7,-102289,268,234,431,61,0,0,1,8,4,1100,2441,979630955,2165637147,1048575,25310,0,0
979631875,981,4068,-5,-102284,253,243,464,61,0,0,1,8,4,1100,2441,979631933,2165637147,1048575,26290,0,0
979632884,1009,4066,-2,-102282,251,252,472,61,0,0,1,8,4,1100,2441,979632963,2165637147,1048575,27323,0,0
979633880,996,4066,0,-102282,255,260,463,61,0,0,1,8,4,1100,2441,979633930,2165637147,1048575,28281,0,0
979634888,1008,4066,0,-102282,264,268,455,61,0,0,1,8,4,1100,2441,979634966,2165637147,1048575,29321,0,0
979635868,980,4065,-1,-102281,250,275,449,61,0,0,1,8,4,1100,2441,979635925,2165637147,1048575,30277,0,0
979636926,1058,4063,-2,-102279,301,283,459,61,0,0,1,8,4,1100,2441,979636999,2165637147,1048575,31361,0,0
979637857,931,4063,0,-102279,235,289,451,61,0,0,1,8,4,1100,2441,979637884,2165637147,1048575,32232,0,0
979638867,1010,4062,-1,-102278,239,295,450,61,0,0,1,8,4,1100,2441,979638906,2165637147,1048575,33253,0,0
979639844,977,4061,-1,-102277,222,301,450,61,0,0,1,8,4,1100,2441,979639869,2165637147,1048575,34214,0,0
979640856,1012,4061,0,-102277,227,307,441,61,0,0,1,8,4,1100,2441,979640889,2165637147,1048575,35236,0,0
979641839,983,4060,-1,-102276,221,312,442,61,0,0,1,8,4,1100,2441,979641864,2165637147,1048575,36209,0,0
979642863,1024,4059,-1,-102275,238,317,441,61,0,0,1,8,4,1100,2441,979642902,2165637147,1048575,37249,0,0
979643841,978,4059,0,-102275,222,322,434,61,0,0,1,8,4,1100,2441,979643865,2165637147,1048575,38211,0,0
979644854,1013,4058,-1,-102274,228,326,434,61,0,0,1,8,4,1100,2441,979644887,2165637147,1048575,39236,0,0
979645943,1089,4057,-1,-102273,310,331,439,61,0,0,1,8,4,1100,2441,979646031,2165637147,1048575,40394,0,0
979647000,1057,4056,-1,-102272,357,335,430,61,0,0,1,8,4,1100,2441,979647106,2165637147,1048575,41477,0,0
979647900,900,4056,0,-102272,271,338,423,61,0,0,1,8,4,1100,2441,979647966,2165637147,1048575,42320,0,0
979648892,992,4055,-1,-102271,265,341,423,61,0,0,1,8,4,1100,2441,979648966,2165637147,1048575,43322,0,0
979649888,996,4055,0,-102271,263,344,406,61,0,0,1,8,4,1100,2441,979649931,2165637147,1048575,44278,0,0
979650888,1000,4054,-1,-102270,261,346,406,61,0,0,1,8,4,1100,2441,979650952,2165637147,1048575,45308,0,0
979651887,999,4054,0,-102270,258,348,390,61,0,0,1,8,4,1100,2441,979651948,2165637147,1048575,46307,0,0
979652866,979,4055,1,-102271,249,349,374,61,0,0,1,8,4,1100,2441,979652939,2165637147,1048575,47305,0,0
979653887,1021,4056,1,-102272,263,349,358,61,0,0,1,8,4,1100,2441,979653952,2165637147,1048575,48314,0,0
979654890,1003,4055,-1,-102271,263,349,350,61,0,0,1,8,4,1100,2441,979654968,2165637147,1048575,49330,0,0
979655872,982,4055,0,-102271,249,349,339,61,0,0,1,8,4,1100,2441,979655928,2165637152,1048575,2,0,0
979656935,1063,4055,0,-102271,313,348,315,61,0,0,1,8,4,1100,2441,979657011,2165637152,1048575,482,0,0
979657852,917,4054,-1,-102270,229,346,309,61,0,0,1,8,4,1100,2441,979657877,2165637152,1048575,1336,0,0
979658861,1009,4054,0,-102270,235,344,284,61,0,0,1,8,4,1100,2441,979658897,2165637152,1048575,2355,0,0
979659853,992,4054,0,-102270,225,340,252,61,0,0,1,8,4,1100,2441,979659880,2165637152,1048575,3339,0,0
979660851,998,4054,0,-102270,228,335,205,61,0,0,1,8,4,1100,2441,979660883,2165637152,1048575,4341,0,0
979661849,998,4054,0,-102270,221,328,150,61,0,0,1,8,4,1100,2441,979661874,2165637152,1048575,5331,0,0
979662868,1019,4053,-1,-102269,234,319,118,61,0,0,1,8,4,1100,2441,979662904,2165637152,1048575,6363,0,0
979663844,976,4053,0,-102269,225,311,103,61,0,0,1,8,4,1100,2441,979663871,2165637152,1048575,7329,0,0
979664856,1012,4053,0,-102269,227,303,102,61,0,0,1,8,4,1100,2441,979664893,2165637152,1048575,8357,0,0
979665934,1078,4053,0,-102269,314,294,97,61,0,0,1,8,4,1100,2441,979666020,2165637152,1048575,9493,0,0
979666987,1053,4052,-1,-102268,360,286,89,61,0,0,1,8,4,1100,2441,979667098,2165637152,1048575,10583,0,0
979667895,908,4052,0,-102268,270,279,89,61,0,0,1,8,4,1100,2441,979667960,2165637152,1048575,11426,0,0
979668900,1005,4051,-1,-102267,266,271,89,61,0,0,1,8,4,1100,2441,979668967,2165637152,1048575,12434,0,0
979669884,984,4051,0,-102267,260,264,81,61,0,0,1,8,4,1100,2441,979669922,2165637152,1048575,13381,0,0
979670880,996,4050,-1,-102266,256,257,89,61,0,0,1,8,4,1100,2441,979670952,2165637152,1048575,14421,0,0
979671890,1010,4049,-1,-102265,261,250,89,61,0,0,1,8,4,1100,2441,979671958,2165637152,1048575,15430,0,0
979672875,985,4048,-1,-102264,252,244,89,61,0,0,1,8,4,1100,2441,979672953,2165637152,1048575,16425,0,0
979673887,1012,4048,0,-102264,255,238,89,61,0,0,1,8,4,1100,2441,979673949,2165637152,1048575,17411,0,0
979674891,1004,4047,-1,-102263,265,232,89,61,0,0,1,8,4,1100,2441,979674970,2165637152,1048575,18438,0,0
979675874,983,4046,-1,-102262,249,227,94,61,0,0,1,8,4,1100,2441,979675925,2165637152,1048575,19385,0,0
979676925,1051,4045,-1,-102261,300,221,95,61,0,0,1,8,4,1100,2441,979676999,2165637152,1048575,20473,0,0
979677858,933,4044,-1,-102260,233,217,95,61,0,0,1,8,4,1100,2441,979677886,2165637152,1048575,21345,0,0
979678864,1006,4044,0,-102260,234,212,95,61,0,0,1,8,4,1100,2441,979678901,2165637152,1048575,22359,0,0
979679858,994,4043,-1,-102259,225,207,95,61,0,0,1,8,4,1100,2441,979679887,2165637152,1048575,23345,0,0
979680856,998,4041,-2,-102257,228,204,110,61,0,0,1,8,4,1100,2441,979680889,2165637152,1048575,24347,0,0
979681839,983,4041,0,-102257,221,200,103,61,0,0,1,8,4,1100,2441,979681863,2165637152,1048575,25320,0,0
979682860,1021,4040,-1,-102256,235,196,110,61,0,0,1,8,4,1100,2441,979682897,2165637152,1048575,26355,0,0
979683854,994,4039,-1,-102255,226,193,126,61,0,0,1,8,4,1100,2441,979683880,2165637152,1048575,27340,0,0
979684851,997,4038,-1,-102254,228,191,142,61,0,0,1,8,4,1100,2441,979684884,2165637152,1048575,28345,0,0
979685937,1086,4037,-1,-102253,312,189,146,61,0,0,1,8,4,1100,2441,979686026,2165637152,1048575,29501,0,0
979687007,1070,4036,-1,-102252,367,188,154,61,0,0,1,8,4,1100,2441,979687111,2165637152,1048575,30599,0,0
979687886,879,4035,-1,-102251,262,187,154,61,0,0,1,8,4,1100,2441,979687946,2165637152,1048575,31411,0,0
979688901,1015,4033,-2,-102249,269,186,171,61,0,0,1,8,4,1100,2441,979688964,2165637152,1048575,32432,0,0
979689878,977,4032,-1,-102248,251,186,179,61,0,0,1,8,4,1100,2441,979689914,2165637152,1048575,33372,0,0
979690884,1006,4031,-1,-102247,264,186,187,61,0,0,1,8,4,1100,2441,979690953,2165637152,1048575,34422,0,0
979691870,986,4030,-1,-102246,252,186,195,61,0,0,1,8,4,1100,2441,979691924,2165637152,1048575,35386,0,0
979692884,1014,4029,-1,-102245,252,187,195,61,0,0,1,8,4,1100,2441,979692959,2165637152,1048575,36429,0,0
979693867,983,4027,-2,-102243,247,188,211,61,0,0,1,8,4,1100,2441,979693918,2165637152,1048575,37380,0,0
979694892,1025,4026,-1,-102242,269,189,219,61,0,0,1,8,4,1100,2441,979694959,2165637152,1048575,38427,0,0
979695862,970,4025,-1,-102241,244,190,220,61,0,0,1,8,4,1100,2441,979695911,2165637152,1048575,39370,0,0
979696930,1068,4023,-2,-102239,304,192,236,61,0,0,1,8,4,1100,2441,979697011,2165637152,1048575,40486,0,0
979697857,927,4021,-2,-102237,233,194,245,61,0,0,1,8,4,1100,2441,979697881,2165637152,1048575,41341,0,0
979698862,1005,4020,-1,-102236,236,196,252,61,0,0,1,8,4,1100,2441,979698898,2165637152,1048575,42356,0,0
979699855,993,4018,-2,-102234,225,199,260,61,0,0,1,8,4,1100,2441,979699883,2165637152,1048575,43341,0,0
979700852,997,4016,-2,-102232,227,202,276,61,0,0,1,8,4,1100,2441,979700885,2165637152,1048575,44343,0,0
979701851,999,4013,-3,-102229,221,205,292,61,0,0,1,8,4,1100,2441,979701876,2165637152,1048575,45333,0,0
979702853,1002,4009,-4,-102225,235,210,315,61,0,0,1,8,4,1100,2441,979702890,2165637152,1048575,46348,0,0
979703847,994,4003,-6,-102219,225,215,355,61,0,0,1,8,4,1100,2441,979703874,2165637152,1048575,47332,0,0
979704859,1012,3995,-8,-102211,228,223,418,61,0,0,1,8,4,1100,2441,979704897,2165637152,1048575,48361,0,0
979705945,1086,3987,-8,-102203,310,234,479,61,0,0,1,8,4,1100,2441,979706031,2165637152,1048575,49506,0,0
979706987,1042,3985,-2,-102201,365,244,487,61,0,0,1,8,4,1100,2441,979707092,2165637145,1048575,1,0,0
979708052,1065,3986,1,-102202,288,254,469,61,0,0,1,8,4,1100,2441,979708105,2165637145,1048575,449,0,0
979708901,849,3986,0,-102202,277,261,471,61,0,0,1,8,4,1100,2441,979708977,2165637145,1048575,1317,0,0
979709883,982,3985,-1,-102201,253,269,472,61,0,0,1,8,4,1100,2441,979709927,2165637145,1048575,2262,0,0
979710894,1011,3984,-1,-102200,269,277,463,61,0,0,1,8,4,1100,2441,979710954,2165637145,1048575,3297,0,0
979711879,985,3983,-1,-102199,250,284,471,61,0,0,1,8,4,1100,2441,979711945,2165637145,1048575,4290,0,0
979712881,1002,3983,0,-102199,256,291,464,61,0,0,1,8,4,1100,2441,979712965,2165637145,1048575,5315,0,0
979713886,1005,3982,-1,-102198,257,298,463,61,0,0,1,8,4,1100,2441,979713950,2165637145,1048575,6291,0,0
979714889,1003,3981,-1,-102197,266,305,463,61,0,0,1,8,4,1100,2441,979714964,2165637145,1048575,7312,0,0
979715885,996,3980,-1,-102196,254,311,456,61,0,0,1,8,4,1100,2441,979715966,2165637145,1048575,8314,0,0
979716934,1049,3980,0,-102196,310,316,449,61,0,0,1,8,4,1100,2441,979717005,2165637145,1048575,9354,0,0
979717843,909,3979,-1,-102195,224,321,451,61,0,0,1,8,4,1100,2441,979717868,2165637145,1048575,10201,0,0
979718857,1014,3978,-1,-102194,234,326,449,61,0,0,1,8,4,1100,2441,979718892,2165637145,1048575,11226,0,0
979719850,993,3978,0,-102194,228,330,434,61,0,0,1,8,4,1100,2441,979719879,2165637145,1048575,12215,0,0
979720850,1000,3977,-1,-102193,228,334,434,61,0,0,1,8,4,1100,2441,979720883,2165637145,1048575,13217,0,0
979721849,999,3977,0,-102193,221,338,426,61,0,0,1,8,4,1100,2441,979721874,2165637145,1048575,14207,0,0
979722868,1019,3976,-1,-102192,234,342,425,61,0,0,1,8,4,1100,2441,979722904,2165637145,1048575,15238,0,0
979723859,991,3976,0,-102192,226,345,418,61,0,0,1,8,4,1100,2441,979723888,2165637145,1048575,16222,0,0
979724857,998,3977,1,-102193,227,346,394,61,0,0,1,8,4,1100,2441,979724894,2165637145,1048575,17232,0,0
979725945,1088,3977,0,-102193,316,348,390,61,0,0,1,8,4,1100,2441,979726034,2165637145,1048575,18385,0,0
979726984,1039,3977,0,-102193,361,349,374,61,0,0,1,8,4,1100,2441,979727091,2165637145,1048575,19451,0,0
979727890,906,3977,0,-102193,268,350,358,61,0,0,1,8,4,1100,2441,979727957,2165637145,1048575,20300,0,0
979728893,1003,3977,0,-102193,268,350,350,61,0,0,1,8,4,1100,2441,979728967,2165637145,1048575,21311,0,0
979729886,993,3977,0,-102193,254,349,333,61,0,0,1,8,4,1100,2441,979729924,2165637145,1048575,22259,0,0
979730886,1000,3977,0,-102193,267,348,317,61,0,0,1,8,4,1100,2441,979730955,2165637145,1048575,23299,0,0
979731871,985,3977,0,-102193,251,346,293,61,0,0,1,8,4,1100,2441,979731923,2165637145,1048575,24265,0,0
979732873,1002,3977,0,-102193,250,342,260,61,0,0,1,8,4,1100,2441,979732950,2165637145,1048575,25299,0,0
979733875,1002,3977,0,-102193,257,337,211,61,0,0,1,8,4,1100,2441,979733931,2165637145,1048575,26273,0,0
979734890,1015,3977,0,-102193,264,330,146,61,0,0,1,8,4,1100,2441,979734967,2165637145,1048575,27311,0,0
979735873,983,3977,0,-102193,251,322,142,61,0,0,1,8,4,1100,2441,979735934,2165637145,1048575,28276,0,0
979736922,1049,3976,-1,-102192,301,313,87,61,0,0,1,8,4,1100,2441,979736998,2165637145,1048575,29348,0,0
979737863,941,3976,0,-102192,237,304,71,61,0,0,1,8,4,1100,2441,979737894,2165637145,1048575,30230,0,0
979738860,997,3976,0,-102192,235,295,79,61,0,0,1,8,4,1100,2441,979738896,2165637145,1048575,31230,0,0
979739853,993,3976,0,-102192,225,286,79,61,0,0,1,8,4,1100,2441,979739880,2165637145,1048575,32215,0,0
979740850,997,3975,-1,-102191,227,278,79,61,0,0,1,8,4,1100,2441,979740883,2165637145,1048575,33217,0,0
979741849,999,3975,0,-102191,221,270,71,61,0,0,1,8,4,1100,2441,979741873,2165637145,1048575,34207,0,0
979742867,1018,3974,-1,-102190,235,262,71,61,0,0,1,8,4,1100,2441,979742903,2165637145,1048575,35238,0,0
979743844,977,3973,-1,-102189,225,255,79,61,0,0,1,8,4,1100,2441,979743871,2165637145,1048575,36205,0,0
979744856,1012,3973,0,-102189,227,248,71,61,0,0,1,8,4,1100,2441,979744893,2165637145,1048575,37233,0,0
979745937,1081,3972,-1,-102188,318,240,65,61,0,0,1,8,4,1100,2441,979746022,2165637145,1048575,38372,0,0
979747002,1065,3971,-1,-102187,362,233,73,61,0,0,1,8,4,1100,2441,979747110,2165637145,1048575,39470,0,0
979747889,887,3970,-1,-102186,270,228,73,61,0,0,1,8,4,1100,2441,979747959,2165637145,1048575,40302,0,0
979748890,1001,3970,0,-102186,263,221,65,61,0,0,1,8,4,1100,2441,979748967,2165637145,1048575,41309,0,0
979749887,997,3969,-1,-102185,262,215,73,61,0,0,1,8,4,1100,2441,979749930,2165637145,1048575,42266,0,0
979750893,1006,3969,0,-102185,263,210,65,61,0,0,1,8,4,1100,2441,979750956,2165637145,1048575,43300,0,0
979751887,994,3968,-1,-102184,257,204,73,61,0,0,1,8,4,1100,2441,979751951,2165637145,1048575,44299,0,0
979752867,980,3967,-1,-102183,248,199,79,61,0,0,1,8,4,1100,2441,979752941,2165637145,1048575,45296,0,0
979753894,1027,3966,-1,-102182,265,195,81,61,0,0,1,8,4,1100,2441,979753956,2165637145,1048575,46308,0,0
979754903,1009,3965,-1,-102181,275,191,98,61,0,0,1,8,4,1100,2441,979754974,2165637145,1048575,47317,0,0
979755869,966,3964,-1,-102180,244,187,102,61,0,0,1,8,4,1100,2441,979755915,2165637145,1048575,48251,0,0
979756926,1057,3963,-1,-102179,302,184,110,61,0,0,1,8,4,1100,2441,979756999,2165637145,1048575,49348,0,0
979757856,930,3962,-1,-102178,234,182,119,61,0,0,1,8,4,1100,2441,979757880,2165637145,1048575,1,0,0
979758885,1029,3962,0,-102178,252,179,118,61,0,0,1,8,4,1100,2441,979758921,2165637145,1048575,500,0,0
979759853,968,3961,-1,-102177,225,177,126,61,0,0,1,8,4,1100,2441,979759880,2165637145,1048575,1460,0,0
979760850,997,3960,-1,-102176,228,176,134,61,0,0,1,8,4,1100,2441,979760882,2165637145,1048575,2462,0,0
979761849,999,3959,-1,-102175,221,174,142,61,0,0,1,8,4,1100,2441,979761873,2165637145,1048575,3451,0,0
979762868,1019,3957,-2,-102173,235,174,158,61,0,0,1,8,4,1100,2441,979762904,2165637145,1048575,4483,0,0
979763844,976,3956,-1,-102172,225,173,166,61,0,0,1,8,4,1100,2441,979763871,2165637145,1048575,5450,0,0
979764857,1013,3955,-1,-102171,228,173,173,61,0,0,1,8,4,1100,2441,979764893,2165637145,1048575,6476,0,0
979765954,1097,3954,-1,-102170,319,174,187,61,0,0,1,8,4,1100,2441,979766052,2165637145,1048575,7646,0,0
979766990,1036,3953,-1,-102169,371,174,187,61,0,0,1,8,4,1100,2441,979767094,2165637145,1048575,8697,0,0
979767895,905,3952,-1,-102168,267,175,195,61,0,0,1,8,4,1100,2441,979767962,2165637145,1048575,9559,0,0
979768886,991,3951,-1,-102167,267,176,203,61,0,0,1,8,4,1100,2441,979768969,2165637145,1048575,10559,0,0
979769886,1000,3949,-2,-102165,264,178,219,61,0,0,1,8,4,1100,2441,979769936,2165637145,1048575,11517,0,0
979770900,1014,3948,-1,-102164,270,180,219,61,0,0,1,8,4,1100,2441,979770964,2165637145,1048575,12554,0,0
979771884,984,3947,-1,-102163,251,181,228,61,0,0,1,8,4,1100,2441,979771927,2165637145,1048575,13510,0,0
979772871,987,3945,-2,-102161,251,184,236,61,0,0,1,8,4,1100,2441,979772945,2165637145,1048575,14538,0,0
979773886,1015,3944,-1,-102160,258,186,236,61,0,0,1,8,4,1100,2441,979773948,2165637145,1048575,15534,0,0
979774897,1011,3942,-2,-102158,267,188,252,61,0,0,1,8,4,1100,2441,979774969,2165637145,1048575,16558,0,0
979775876,979,3941,-1,-102157,254,191,252,61,0,0,1,8,4,1100,2441,979775933,2165637145,1048575,17521,0,0
979776917,1041,3939,-2,-102155,299,194,260,61,0,0,1,8,4,1100,2441,979776996,2165637145,1048575,18592,0,0
979777860,943,3936,-3,-102152,237,197,277,61,0,0,1,8,4,1100,2441,979777886,2165637145,1048575,19467,0,0
979778872,1012,3932,-4,-102148,240,201,299,61,0,0,1,8,4,1100,2441,979778911,2165637145,1048575,20492,0,0
979779852,980,3926,-6,-102142,223,206,347,61,0,0,1,8,4,1100,2441,979779877,2165637145,1048575,21457,0,0
979780847,995,3917,-9,-102133,228,214,410,61,0,0,1,8,4,1100,2441,979780879,2165637145,1048575,22460,0,0
979781848,1001,3909,-8,-102125,224,224,473,61,0,0,1,8,4,1100,2441,979781877,2165637145,1048575,23459,0,0
979782862,1014,3905,-4,-102121,237,235,497,61,0,0,1,8,4,1100,2441,979782901,2165637145,1048575,24481,0,0
979783841,979,3906,1,-102122,223,245,481,61,0,0,1,8,4,1100,2441,979783866,2165637145,1048575,25443,0,0
979784854,1013,3907,1,-102123,228,253,465,61,0,0,1,8,4,1100,2441,979784888,2165637145,1048575,26472,0,0
979785936,1082,3906,-1,-102122,312,263,471,61,0,0,1,8,4,1100,2441,979786024,2165637145,1048575,27620,0,0
979786986,1050,3904,-2,-102120,363,272,479,61,0,0,1,8,4,1100,2441,979787099,2165637145,1048575,28701,0,0
979787907,921,3903,-1,-102119,273,279,479,61,0,0,1,8,4,1100,2441,979787971,2165637145,1048575,29560,0,0
979788898,991,3903,0,-102119,273,287,480,61,0,0,1,8,4,1100,2441,979788977,2165637145,1048575,30566,0,0
979789888,990,3903,0,-102119,265,294,471,61,0,0,1,8,4,1100,2441,979789925,2165637145,1048575,31506,0,0
979790878,990,3902,-1,-102118,255,301,472,61,0,0,1,8,4,1100,2441,979790952,2165637145,1048575,32541,0,0
979791897,1019,3901,-1,-102117,266,308,471,61,0,0,1,8,4,1100,2441,979791976,2165637145,1048575,33567,0,0
979792890,993,3900,-1,-102116,257,314,464,61,0,0,1,8,4,1100,2441,979792973,2165637145,1048575,34566,0,0
979793886,996,3900,0,-102116,263,319,455,61,0,0,1,8,4,1100,2441,979793950,2165637145,1048575,35536,0,0
979794906,1020,3899,-1,-102115,273,325,455,61,0,0,1,8,4,1100,2441,979794969,2165637145,1048575,36558,0,0
979795863,957,3899,0,-102115,243,329,441,61,0,0,1,8,4,1100,2441,979795907,2165637145,1048575,37490,0,0
979796921,1058,3898,-1,-102114,299,334,441,61,0,0,1,8,4,1100,2441,979796997,2165637145,1048575,38592,0,0
979797856,935,3898,0,-102114,234,337,435,61,0,0,1,8,4,1100,2441,979797882,2165637145,1048575,39464,0,0
979798865,1009,3899,1,-102115,238,341,418,61,0,0,1,8,4,1100,2441,979798902,2165637145,1048575,40481,0,0
979799859,994,3899,0,-102115,226,343,410,61,0,0,1,8,4,1100,2441,979799888,2165637145,1048575,41467,0,0
979800856,997,3899,0,-102115,227,345,394,61,0,0,1,8,4,1100,2441,979800889,2165637145,1048575,42469,0,0
979801840,984,3899,0,-102115,221,347,387,61,0,0,1,8,4,1100,2441,979801864,2165637145,1048575,43442,0,0
979802860,1020,3899,0,-102115,235,348,378,61,0,0,1,8,4,1100,2441,979802897,2165637145,1048575,44476,0,0
979803853,993,3899,0,-102115,225,349,362,61,0,0,1,8,4,1100,2441,979803880,2165637145,1048575,45460,0,0
979804850,997,3899,0,-102115,227,349,355,61,0,0,1,8,4,1100,2441,979804884,2165637145,1048575,46466,0,0
979805936,1086,3899,0,-102115,309,349,341,61,0,0,1,8,4,1100,2441,979806027,2165637145,1048575,47623,0,0
979807005,1069,3899,0,-102115,361,348,325,61,0,0,1,8,4,1100,2441,979807110,2165637145,1048575,48728,0,0
979807879,874,3899,0,-102115,260,346,301,61,0,0,1,8,4,1100,2441,979807946,2165637145,1048575,49530,0,0
979808904,1025,3899,0,-102115,273,343,268,61,0,0,1,8,4,1100,2441,979808972,2165637150,1048575,1,0,0
979809888,984,3899,0,-102115,259,338,219,61,0,0,1,8,4,1100,2441,979809937,2165637150,1048575,422,0,0
979810900,1012,3899,0,-102115,277,331,146,61,0,0,1,8,4,1100,2441,979810971,2165637150,1048575,1467,0,0
979811878,978,3899,0,-102115,249,321,81,61,0,0,1,8,4,1100,2441,979811928,2165637150,1048575,2418,0,0
979812871,993,3899,0,-102115,252,310,49,61,0,0,1,8,4,1100,2441,979812936,2165637150,1048575,3442,0,0
979813890,1019,3899,0,-102115,263,300,57,61,0,0,1,8,4,1100,2441,979813955,2165637150,1048575,4456,0,0
979814907,1017,3898,-1,-102114,274,291,73,61,0,0,1,8,4,1100,2441,979814965,2165637150,1048575,5460,0,0
979815867,960,3898,0,-102114,243,283,71,61,0,0,1,8,4,1100,2441,979815923,2165637150,1048575,6408,0,0
979816930,1063,3898,0,-102114,312,274,63,61,0,0,1,8,4,1100,2441,979817007,2165637150,1048575,7509,0,0
979817859,929,3897,-1,-102113,230,266,55,61,0,0,1,8,4,1100,2441,979817884,2165637150,1048575,8371,0,0
979818865,1006,3897,0,-102113,237,257,47,61,0,0,1,8,4,1100,2441,979818902,2165637150,1048575,9387,0,0
979819859,994,3897,0,-102113,225,249,47,61,0,0,1,8,4,1100,2441,979819888,2165637150,1048575,10373,0,0
979820857,998,3896,-1,-102112,227,241,55,61,0,0,1,8,4,1100,2441,979820890,2165637150,1048575,11375,0,0
979821840,983,3895,-1,-102111,222,234,55,61,0,0,1,8,4,1100,2441,979821864,2165637150,1048575,12348,0,0
979822860,1020,3894,-1,-102110,235,227,55,61,0,0,1,8,4,1100,2441,979822897,2165637150,1048575,13382,0,0
979823854,994,3894,0,-102110,225,220,47,61,0,0,1,8,4,1100,2441,979823881,2165637150,1048575,14366,0,0
979824850,996,3893,-1,-102109,227,214,55,61,0,0,1,8,4,1100,2441,979824884,2165637150,1048575,15374,0,0
979825931,1081,3893,0,-102109,311,207,49,61,0,0,1,8,4,1100,2441,979826020,2165637150,1048575,16520,0,0
979827011,1080,3892,-1,-102108,372,200,49,61,0,0,1,8,4,1100,2441,979827114,2165637150,1048575,17621,0,0
979827901,890,3891,-1,-102107,268,195,57,61,0,0,1,8,4,1100,2441,979827968,2165637150,1048575,18464,0,0
979828899,998,3890,-1,-102106,267,190,73,61,0,0,1,8,4,1100,2441,979828972,2165637150,1048575,19465,0,0
979829933,1034,3890,0,-102106,301,185,73,61,0,0,1,8,4,1100,2441,979829997,2165637150,1048575,20497,0,0
979830895,962,3889,-1,-102105,270,182,81,61,0,0,1,8,4,1100,2441,979830975,2165637150,1048575,21472,0,0
979831876,981,3888,-1,-102104,254,178,89,61,0,0,1,8,4,1100,2441,979831933,2165637150,1048575,22426,0,0
979832894,1018,3887,-1,-102103,261,175,98,61,0,0,1,8,4,1100,2441,979832976,2165637150,1048575,23471,0,0
979833878,984,3886,-1,-102102,253,172,106,61,0,0,1,8,4,1100,2441,979833926,2165637150,1048575,24415,0,0
979834884,1006,3885,-1,-102101,263,170,114,61,0,0,1,8,4,1100,2441,979834958,2165637150,1048575,25455,0,0
979835872,988,3885,0,-102101,249,167,110,61,0,0,1,8,4,1100,2441,979835931,2165637150,1048575,26427,0,0
979836933,1061,3884,-1,-102100,302,165,118,61,0,0,1,8,4,1100,2441,979837007,2165637150,1048575,27507,0,0
979837857,924,3883,-1,-102099,235,164,127,61,0,0,1,8,4,1100,2441,979837886,2165637150,1048575,28372,0,0
979838855,998,3882,-1,-102098,235,163,134,61,0,0,1,8,4,1100,2441,979838891,2165637150,1048575,29376,0,0
979839847,992,3881,-1,-102097,225,162,142,61,0,0,1,8,4,1100,2441,979839874,2165637150,1048575,30360,0,0
979840860,1013,3880,-1,-102096,228,162,150,61,0,0,1,8,4,1100,2441,979840893,2165637150,1048575,31378,0,0
979841843,983,3879,-1,-102095,221,161,158,61,0,0,1,8,4,1100,2441,979841867,2165637150,1048575,32351,0,0
979842867,1024,3878,-1,-102094,234,162,165,61,0,0,1,8,4,1100,2441,979842903,2165637150,1048575,33388,0,0
979843844,977,3877,-1,-102093,225,162,173,61,0,0,1,8,4,1100,2441,979843871,2165637150,1048575,34356,0,0
979844857,1013,3876,-1,-102092,227,163,181,61,0,0,1,8,4,1100,2441,979844894,2165637150,1048575,35383,0,0
979845942,1085,3874,-2,-102090,315,164,195,61,0,0,1,8,4,1100,2441,979846026,2165637150,1048575,36527,0,0
979846998,1056,3873,-1,-102089,364,166,203,61,0,0,1,8,4,1100,2441,979847109,2165637150,1048575,37620,0,0
979847899,901,3872,-1,-102088,271,167,203,61,0,0,1,8,4,1100,2441,979847966,2165637150,1048575,38460,0,0
979848899,1000,3871,-1,-102087,265,169,211,61,0,0,1,8,4,1100,2441,979848971,2165637150,1048575,39466,0,0
979849929,1030,3869,-2,-102085,298,171,227,61,0,0,1,8,4,1100,2441,979849995,2165637150,1048575,40493,0,0
979850890,961,3868,-1,-102084,265,173,228,61,0,0,1,8,4,1100,2441,979850969,2165637150,1048575,41467,0,0
979851891,1001,3866,-2,-102082,258,176,236,61,0,0,1,8,4,1100,2441,979851952,2165637150,1048575,42449,0,0
979852892,1001,3865,-1,-102081,262,178,236,61,0,0,1,8,4,1100,2441,979852969,2165637150,1048575,43464,0,0
979853890,998,3863,-2,-102079,257,181,252,61,0,0,1,8,4,1100,2441,979853950,2165637150,1048575,44442,0,0
979854884,994,3861,-2,-102077,266,184,260,61,0,0,1,8,4,1100,2441,979854964,2165637150,1048575,45463,0,0
979855891,1007,3859,-2,-102075,258,187,267,61,0,0,1,8,4,1100,2441,979855965,2165637150,1048575,46461,0,0
979856930,1039,3856,-3,-102072,301,192,291,61,0,0,1,8,4,1100,2441,979857004,2165637150,1048575,47505,0,0
979857856,926,3850,-6,-102066,234,197,332,61,0,0,1,8,4,1100,2441,979857880,2165637150,1048575,48368,0,0
979858866,1010,3842,-8,-102058,236,204,386,61,0,0,1,8,4,1100,2441,979858901,2165637150,1048575,49386,0,0
979859859,993,3832,-10,-102048,226,214,457,61,0,0,1,8,4,1100,2441,979859887,2165637153,1048575,1,0,0
979860859,1000,3826,-6,-102042,241,226,505,61,0,0,1,8,4,1100,2441,979860892,2165637153,1048575,473,0,0
