us,dt_us,raw,delta,counts,i2c_us,omega,window,cmd,fas,remaining,flags,state,stage,current_ma,t_ms
1053660270,1057,3856,1,328,383,0,-8,0,0,0,1,0,0,0,-1867.176
1053661139,869,3856,0,328,249,0,-8,0,0,0,1,0,0,0,-1866.307
1053662152,1013,3855,-1,329,258,0,0,0,0,0,1,0,0,0,-1865.294
1053663126,974,3855,0,329,236,0,0,0,0,0,1,0,0,0,-1864.32
1053664136,1010,3855,0,329,241,0,0,0,0,0,1,0,0,0,-1863.31
1053665116,980,3855,0,329,222,0,0,0,0,0,1,0,0,0,-1862.33
1053666145,1029,3855,0,329,256,0,0,0,0,0,1,0,0,0,-1861.301
1053667120,975,3855,0,329,235,0,0,0,0,0,1,0,0,0,-1860.326
1053668133,1013,3855,0,329,247,0,0,0,0,0,1,0,0,0,-1859.313
1053669129,996,3855,0,329,241,0,0,0,0,0,1,0,0,0,-1858.317
1053670173,1044,3855,0,329,275,0,0,0,0,0,1,0,0,0,-1857.273
1053671103,930,3855,0,329,219,0,0,0,0,0,1,0,0,0,-1856.343
1053672099,996,3855,0,329,212,0,0,0,0,0,1,0,0,0,-1855.347
1053673094,995,3855,0,329,211,0,0,0,0,0,1,0,0,0,-1854.352
1053674105,1011,3855,0,329,213,0,0,0,0,0,1,0,0,0,-1853.341
1053675104,999,3855,0,329,216,0,0,0,0,0,1,0,0,0,-1852.342
1053676100,996,3855,0,329,211,0,0,0,0,0,1,0,0,0,-1851.346
1053677094,994,3855,0,329,210,0,0,0,0,0,1,0,0,0,-1850.352
1053678110,1016,3855,0,329,218,0,0,0,0,0,1,0,0,0,-1849.336
1053679209,1099,3855,0,329,322,0,0,0,0,0,1,0,0,0,-1848.237
1053680272,1063,3855,0,329,382,0,0,0,0,0,1,0,0,0,-1847.174
1053681118,846,3855,0,329,236,0,0,0,0,0,1,0,0,0,-1846.328
1053682153,1035,3855,0,329,262,0,0,0,0,0,1,0,0,0,-1845.293
1053683131,978,3855,0,329,238,0,0,0,0,0,1,0,0,0,-1844.315
1053684141,1010,3855,0,329,254,0,0,0,0,0,1,0,0,0,-1843.305
1053685103,962,3855,0,329,216,0,0,0,0,0,1,0,0,0,-1842.343
1053686146,1043,3855,0,329,255,0,0,0,0,0,1,0,0,0,-1841.3
1053687128,982,3855,0,329,240,0,0,0,0,0,1,0,0,0,-1840.318
1053688146,1018,3855,0,329,251,0,0,0,0,0,1,0,0,0,-1839.3
1053689118,972,3855,0,329,235,0,0,0,0,0,1,0,0,0,-1838.328
1053690167,1049,3855,0,329,283,0,0,0,0,0,1,0,0,0,-1837.279
1053691099,932,3855,0,329,216,0,8,0,0,0,1,0,0,0,-1836.347
1053692101,1002,3855,0,329,215,1,8,0,0,0,1,0,0,0,-1835.345
1053693094,993,3855,0,329,209,1,0,0,0,0,1,0,0,0,-1834.352
1053694106,1012,3855,0,329,214,0,0,0,0,0,1,0,0,0,-1833.34
1053695107,1001,3855,0,329,214,0,0,0,0,0,1,0,0,0,-1832.339
1053696102,995,3855,0,329,209,0,0,0,0,0,1,0,0,0,-1831.344
1053697100,998,3855,0,329,214,0,0,0,0,0,1,0,0,0,-1830.346
1053698104,1004,3855,0,329,220,0,0,0,0,0,1,0,0,0,-1829.342
1053699201,1097,3855,0,329,316,0,0,0,0,0,1,0,0,0,-1828.245
1053700262,1061,3855,0,329,366,0,0,0,0,0,1,0,0,0,-1827.184
1053701142,880,3855,0,329,247,0,0,0,0,0,1,0,0,0,-1826.304
1053702144,1002,3855,0,329,252,0,0,0,0,0,1,0,0,0,-1825.302
1053703138,994,3855,0,329,245,0,0,0,0,0,1,0,0,0,-1824.308
1053704137,999,3855,0,329,249,0,0,0,0,0,1,0,0,0,-1823.309
1053705116,979,3855,0,329,221,0,0,0,0,0,1,0,0,0,-1822.33
1053706145,1029,3855,0,329,253,0,0,0,0,0,1,0,0,0,-1821.301
1053707116,971,3855,0,329,232,0,0,0,0,0,1,0,0,0,-1820.33
1053708140,1024,3855,0,329,244,0,0,0,0,0,1,0,0,0,-1819.306
1053709118,978,3855,0,329,236,0,0,0,0,0,1,0,0,0,-1818.328
1053710165,1047,3855,0,329,275,0,0,0,0,0,1,0,0,0,-1817.281
1053711103,938,3855,0,329,214,0,0,0,0,0,1,0,0,0,-1816.343
1053712099,996,3855,0,329,212,0,0,0,0,0,1,0,0,0,-1815.347
1053713094,995,3855,0,329,211,0,0,0,0,0,1,0,0,0,-1814.352
1053714109,1015,3855,0,329,217,0,0,0,0,0,1,0,0,0,-1813.337
1053715103,994,3855,0,329,209,0,0,0,0,0,1,0,0,0,-1812.343
1053716099,996,3855,0,329,212,0,0,0,0,0,1,0,0,0,-1811.347
1053717094,995,3855,0,329,211,0,0,0,0,0,1,0,0,0,-1810.352
1053718117,1023,3855,0,329,224,0,0,0,0,0,1,0,0,0,-1809.329
1053719213,1096,3855,0,329,322,0,0,0,0,0,1,0,0,0,-1808.233
1053720259,1046,3855,0,329,371,0,0,0,0,0,1,0,0,0,-1807.187
1053721120,861,3855,0,329,236,0,0,0,0,0,1,0,0,0,-1806.326
1053722155,1035,3855,0,329,261,0,0,0,0,0,1,0,0,0,-1805.291
1053723126,971,3855,0,329,231,0,0,0,0,0,1,0,0,0,-1804.32
1053724153,1027,3855,0,329,256,0,0,0,0,0,1,0,0,0,-1803.293
1053725103,950,3855,0,329,216,0,0,0,0,0,1,0,0,0,-1802.343
1053726153,1050,3855,0,329,258,0,0,0,0,0,1,0,0,0,-1801.293
1053727128,975,3855,0,329,235,0,0,0,0,0,1,0,0,0,-1800.318
1053728142,1014,3855,0,329,249,0,0,0,0,0,1,0,0,0,-1799.304
1053729128,986,3855,0,329,240,0,0,0,0,0,1,0,0,0,-1798.318
1053730165,1037,3855,0,329,279,0,0,0,0,0,1,0,0,0,-1797.281
1053731104,939,3855,0,329,218,0,0,0,0,0,1,0,0,0,-1796.342
1053732094,990,3855,0,329,209,0,0,0,0,0,1,0,0,0,-1795.352
1053733101,1007,3855,0,329,207,0,0,0,0,0,1,0,0,0,-1794.345
1053734109,1008,3855,0,329,215,0,0,0,0,0,1,0,0,0,-1793.337
1053735096,987,3855,0,329,211,0,0,0,0,0,1,0,0,0,-1792.35
1053736099,1003,3855,0,329,210,0,0,0,0,0,1,0,0,0,-1791.347
1053737091,992,3854,-1,330,209,0,8,0,0,0,1,0,0,0,-1790.355
1053738112,1021,3854,0,330,226,1,8,0,0,0,1,0,0,0,-1789.334
1053739219,1107,3854,0,330,324,1,8,0,0,0,1,0,0,0,-1788.227
1053740276,1057,3854,0,330,391,1,8,0,0,0,1,0,0,0,-1787.17
1053741142,866,3854,0,330,253,2,8,0,0,0,1,0,0,0,-1786.304
1053742135,993,3854,0,330,252,2,8,0,0,0,1,0,0,0,-1785.311
1053743138,1003,3854,0,330,252,2,8,0,0,0,1,0,0,0,-1784.308
1053744139,1001,3854,0,330,256,2,8,0,0,0,1,0,0,0,-1783.307
1053745120,981,3854,0,330,230,3,8,0,0,0,1,0,0,0,-1782.326
1053746154,1034,3854,0,330,260,3,8,0,0,0,1,0,0,0,-1781.292
1053747134,980,3854,0,330,239,3,8,0,0,0,1,0,0,0,-1780.312
1053748142,1008,3854,0,330,251,3,8,0,0,0,1,0,0,0,-1779.304
1053749131,989,3854,0,330,236,3,8,0,0,0,1,0,0,0,-1778.315
1053750170,1039,3854,0,330,283,4,8,0,0,0,1,0,0,0,-1777.276
1053751103,933,3854,0,330,221,4,8,0,0,0,1,0,0,0,-1776.343
1053752100,997,3854,0,330,212,4,8,0,0,0,1,0,0,0,-1775.346
1053753094,994,3854,0,330,210,4,8,0,0,0,1,0,0,0,-1774.352
1053754109,1015,3854,0,330,216,4,8,0,0,0,1,0,0,0,-1773.337
1053755110,1001,3854,0,330,216,4,8,0,0,0,1,0,0,0,-1772.336
1053756093,983,3854,0,330,209,4,8,0,0,0,1,0,0,0,-1771.353
1053757101,1008,3854,0,330,209,5,8,0,0,0,1,0,0,0,-1770.345
1053758101,1000,3854,0,330,215,5,8,0,0,0,1,0,0,0,-1769.345
1053759202,1101,3854,0,330,317,5,8,0,0,0,1,0,0,0,-1768.244
1053760264,1062,3854,0,330,363,5,8,0,0,0,1,0,0,0,-1767.182
1053761141,877,3854,0,330,247,5,8,0,0,0,1,0,0,0,-1766.305
1053762157,1016,3854,0,330,260,5,8,0,0,0,1,0,0,0,-1765.289
1053763117,960,3854,0,330,234,5,8,0,0,0,1,0,0,0,-1764.329
1053764139,1022,3854,0,330,252,5,8,0,0,0,1,0,0,0,-1763.307
1053765109,970,3854,0,330,221,6,8,0,0,0,1,0,0,0,-1762.337
1053766147,1038,3854,0,330,260,6,8,0,0,0,1,0,0,0,-1761.299
1053767129,982,3854,0,330,240,5,0,0,0,0,1,0,0,0,-1760.317
1053768148,1019,3854,0,330,251,5,0,0,0,0,1,0,0,0,-1759.298
1053769131,983,3854,0,330,245,5,0,0,0,0,1,0,0,0,-1758.315
1053770169,1038,3854,0,330,276,5,0,0,0,0,1,0,0,0,-1757.277
1053771101,932,3853,-1,331,213,5,8,0,0,0,1,0,0,0,-1756.345
1053772098,997,3854,1,330,213,5,0,0,0,0,1,0,0,0,-1755.348
1053773090,992,3854,0,330,206,5,0,0,0,0,1,0,0,0,-1754.356
1053774101,1011,3853,-1,331,216,5,8,0,0,0,1,0,0,0,-1753.345
1053775103,1002,3853,0,331,211,5,8,0,0,0,1,0,0,0,-1752.343
1053776097,994,3853,0,331,209,5,8,0,0,0,1,0,0,0,-1751.349
1053777090,993,3853,0,331,208,5,8,0,0,0,1,0,0,0,-1750.356
1053778110,1020,3853,0,331,225,5,8,0,0,0,1,0,0,0,-1749.336
1053779220,1110,3853,0,331,325,5,8,0,0,0,1,0,0,0,-1748.226
1053780276,1056,3853,0,331,382,5,8,0,0,0,1,0,0,0,-1747.17
1053781135,859,3853,0,331,247,5,8,0,0,0,1,0,0,0,-1746.311
1053782137,1002,3853,0,331,251,6,8,0,0,0,1,0,0,0,-1745.309
1053783123,986,3853,0,331,239,6,8,0,0,0,1,0,0,0,-1744.323
1053784130,1007,3853,0,331,244,6,8,0,0,0,1,0,0,0,-1743.316
1053785116,986,3853,0,331,224,6,8,0,0,0,1,0,0,0,-1742.33
1053786152,1036,3853,0,331,257,6,8,0,0,0,1,0,0,0,-1741.294
1053787131,979,3853,0,331,235,6,8,0,0,0,1,0,0,0,-1740.315
1053788132,1001,3853,0,331,249,6,8,0,0,0,1,0,0,0,-1739.314
1053789134,1002,3853,0,331,240,6,8,0,0,0,1,0,0,0,-1738.312
1053790170,1036,3853,0,331,284,6,8,0,0,0,1,0,0,0,-1737.276
1053791098,928,3853,0,331,213,6,8,0,0,0,1,0,0,0,-1736.348
1053792094,996,3853,0,331,211,6,8,0,0,0,1,0,0,0,-1735.352
1053793102,1008,3853,0,331,209,6,8,0,0,0,1,0,0,0,-1734.344
1053794106,1004,3853,0,331,220,7,8,0,0,0,1,0,0,0,-1733.34
1053795104,998,3853,0,331,215,7,8,0,0,0,1,0,0,0,-1732.342
1053796104,1000,3853,0,331,212,7,8,0,0,0,1,0,0,0,-1731.342
1053797100,996,3853,0,331,210,7,8,0,0,0,1,0,0,0,-1730.346
1053798103,1003,3853,0,331,218,7,8,0,0,0,1,0,0,0,-1729.343
1053799211,1108,3853,0,331,320,7,8,0,0,0,1,0,0,0,-1728.235
1053800265,1054,3853,0,331,371,7,8,0,0,0,1,0,0,0,-1727.181
1053801139,874,3853,0,331,250,7,0,0,0,0,1,0,0,0,-1726.307
1053802156,1017,3853,0,331,260,7,8,0,0,0,1,0,0,0,-1725.29
1053803118,962,3853,0,331,235,7,8,0,0,0,1,0,0,0,-1724.328
1053804138,1020,3852,-1,332,251,7,8,0,0,0,1,0,0,0,-1723.308
1053805107,969,3852,0,332,221,7,8,0,0,0,1,0,0,0,-1722.339
1053806140,1033,3852,0,332,255,7,8,0,0,0,1,0,0,0,-1721.306
1053807115,975,3852,0,332,234,7,8,0,0,0,1,0,0,0,-1720.331
1053808130,1015,3852,0,332,248,7,8,0,0,0,1,0,0,0,-1719.316
1053809128,998,3852,0,332,236,7,8,0,0,0,1,0,0,0,-1718.318
1053810174,1046,3852,0,332,278,7,8,0,0,0,1,0,0,0,-1717.272
1053811106,932,3852,0,332,212,7,8,0,0,0,1,0,0,0,-1716.34
1053812099,993,3852,0,332,212,7,8,0,0,0,1,0,0,0,-1715.347
1053813091,992,3852,0,332,207,7,8,0,0,0,1,0,0,0,-1714.355
1053814100,1009,3852,0,332,215,7,8,0,0,0,1,0,0,0,-1713.346
1053815106,1006,3852,0,332,218,7,8,0,0,0,1,0,0,0,-1712.34
1053816101,995,3852,0,332,209,7,8,0,0,0,1,0,0,0,-1711.345
1053817091,990,3852,0,332,207,7,8,0,0,0,1,0,0,0,-1710.355
1053818108,1017,3852,0,332,223,7,8,0,0,0,1,0,0,0,-1709.338
1053819209,1101,3852,0,332,317,7,8,0,0,0,1,0,0,0,-1708.237
1053820269,1060,3852,0,332,381,7,8,0,0,0,1,0,0,0,-1707.177
1053821143,874,3852,0,332,248,7,8,0,0,0,1,0,0,0,-1706.303
1053822141,998,3852,0,332,255,7,8,0,0,0,1,0,0,0,-1705.305
1053823130,989,3852,0,332,241,7,8,0,0,0,1,0,0,0,-1704.316
1053824140,1010,3852,0,332,246,7,8,0,0,0,1,0,0,0,-1703.306
1053825101,961,3852,0,332,216,7,8,0,0,0,1,0,0,0,-1702.345
1053826151,1050,3852,0,332,259,7,8,0,0,0,1,0,0,0,-1701.295
1053827123,972,3852,0,332,231,8,8,0,0,0,1,0,0,0,-1700.323
1053828139,1016,3852,0,332,248,8,8,0,0,0,1,0,0,0,-1699.307
1053829129,990,3852,0,332,243,8,8,0,0,0,1,0,0,0,-1698.317
1053830169,1040,3852,0,332,281,8,8,0,0,0,1,0,0,0,-1697.277
1053831105,936,3852,0,332,212,8,8,0,0,0,1,0,0,0,-1696.341
1053832100,995,3852,0,332,210,8,8,0,0,0,1,0,0,0,-1695.346
1053833094,994,3852,0,332,209,8,8,0,0,0,1,0,0,0,-1694.352
1053834108,1014,3852,0,332,215,8,8,0,0,0,1,0,0,0,-1693.338
1053835107,999,3852,0,332,215,7,0,0,0,0,1,0,0,0,-1692.339
1053836094,987,3852,0,332,211,7,0,0,0,0,1,0,0,0,-1691.352
1053837101,1007,3852,0,332,209,7,0,0,0,0,1,0,0,0,-1690.345
1053838103,1002,3852,0,332,217,6,0,0,0,0,1,0,0,0,-1689.343
1053839213,1110,3852,0,332,325,6,0,0,0,0,1,0,0,0,-1688.233
1053840265,1052,3852,0,332,375,6,0,0,0,0,1,0,0,0,-1687.181
1053841136,871,3852,0,332,244,6,0,0,0,0,1,0,0,0,-1686.31
1053842157,1021,3852,0,332,265,6,0,0,0,0,1,0,0,0,-1685.289
1053843118,961,3851,-1,333,235,6,8,0,0,0,1,0,0,0,-1684.328
1053844137,1019,3852,1,332,249,5,0,0,0,0,1,0,0,0,-1683.309
1053845105,968,3852,0,332,221,5,0,0,0,0,1,0,0,0,-1682.341
1053846135,1030,3852,0,332,251,5,0,0,0,0,1,0,0,0,-1681.311
1053847135,1000,3851,-1,333,244,5,8,0,0,0,1,0,0,0,-1680.311
1053848143,1008,3851,0,333,252,5,8,0,0,0,1,0,0,0,-1679.303
1053849125,982,3852,1,332,237,5,0,0,0,0,1,0,0,0,-1678.321
1053850172,1047,3852,0,332,275,5,0,0,0,0,1,0,0,0,-1677.274
1053851108,936,3851,-1,333,214,5,8,0,0,0,1,0,0,0,-1676.338
1053852102,994,3851,0,333,208,5,8,0,0,0,1,0,0,0,-1675.344
1053853098,996,3851,0,333,210,5,8,0,0,0,1,0,0,0,-1674.348
1053854095,997,3851,0,333,211,5,8,0,0,0,1,0,0,0,-1673.351
1053855110,1015,3851,0,333,216,5,8,0,0,0,1,0,0,0,-1672.336
1053856098,988,3851,0,333,210,5,8,0,0,0,1,0,0,0,-1671.348
1053857092,994,3851,0,333,208,6,8,0,0,0,1,0,0,0,-1670.354
1053858112,1020,3851,0,333,219,6,8,0,0,0,1,0,0,0,-1669.334
1053859207,1095,3851,0,333,322,6,8,0,0,0,1,0,0,0,-1668.239
1053860271,1064,3851,0,333,385,6,8,0,0,0,1,0,0,0,-1667.175
1053861143,872,3851,0,333,251,6,8,0,0,0,1,0,0,0,-1666.303
1053862141,998,3851,0,333,258,6,8,0,0,0,1,0,0,0,-1665.305
1053863135,994,3851,0,333,243,6,8,0,0,0,1,0,0,0,-1664.311
1053864141,1006,3851,0,333,244,6,8,0,0,0,1,0,0,0,-1663.305
1053865101,960,3851,0,333,214,6,8,0,0,0,1,0,0,0,-1662.345
1053866143,1042,3851,0,333,253,6,8,0,0,0,1,0,0,0,-1661.303
1053867127,984,3851,0,333,238,6,8,0,0,0,1,0,0,0,-1660.319
1053868138,1011,3851,0,333,243,6,8,0,0,0,1,0,0,0,-1659.308
1053869117,979,3851,0,333,232,7,8,0,0,0,1,0,0,0,-1658.329
1053870171,1054,3851,0,333,282,7,8,0,0,0,1,0,0,0,-1657.275
1053871105,934,3851,0,333,212,7,8,0,0,0,1,0,0,0,-1656.341
1053872100,995,3851,0,333,210,7,8,0,0,0,1,0,0,0,-1655.346
1053873094,994,3851,0,333,209,7,8,0,0,0,1,0,0,0,-1654.352
1053874111,1017,3851,0,333,218,6,0,0,0,0,1,0,0,0,-1653.335
1053875097,986,3851,0,333,213,7,8,0,0,0,1,0,0,0,-1652.349
1053876094,997,3851,0,333,211,7,8,0,0,0,1,0,0,0,-1651.352
1053877102,1008,3851,0,333,209,7,8,0,0,0,1,0,0,0,-1650.344
1053878107,1005,3851,0,333,221,6,0,0,0,0,1,0,0,0,-1649.339
1053879207,1100,3851,0,333,318,6,8,0,0,0,1,0,0,0,-1648.239
1053880260,1053,3851,0,333,373,7,8,0,0,0,1,0,0,0,-1647.186
1053881136,876,3851,0,333,246,6,0,0,0,0,1,0,0,0,-1646.31
1053882155,1019,3851,0,333,265,6,0,0,0,0,1,0,0,0,-1645.291
1053883117,962,3851,0,333,235,6,0,0,0,0,1,0,0,0,-1644.329
1053884138,1021,3851,0,333,251,6,0,0,0,0,1,0,0,0,-1643.308
1053885105,967,3851,0,333,219,5,0,0,0,0,1,0,0,0,-1642.341
1053886140,1035,3851,0,333,256,5,0,0,0,0,1,0,0,0,-1641.306
1053887138,998,3851,0,333,242,5,0,0,0,0,1,0,0,0,-1640.308
1053888147,1009,3851,0,333,252,5,0,0,0,0,1,0,0,0,-1639.299
1053889129,982,3851,0,333,236,5,0,0,0,0,1,0,0,0,-1638.317
1053890166,1037,3851,0,333,280,4,0,0,0,0,1,0,0,0,-1637.28
1053891101,935,3850,-1,334,214,5,8,0,0,0,1,0,0,0,-1636.345
1053892093,992,3850,0,334,210,5,8,0,0,0,1,0,0,0,-1635.353
1053893099,1006,3850,0,334,205,5,8,0,0,0,1,0,0,0,-1634.347
1053894109,1010,3850,0,334,215,5,8,0,0,0,1,0,0,0,-1633.337
1053895103,994,3850,0,334,217,5,8,0,0,0,1,0,0,0,-1632.343
1053896097,994,3850,0,334,209,5,8,0,0,0,1,0,0,0,-1631.349
1053897090,993,3850,0,334,208,5,8,0,0,0,1,0,0,0,-1630.356
1053898111,1021,3850,0,334,226,5,8,0,0,0,1,0,0,0,-1629.335
1053899220,1109,3850,0,334,327,5,8,0,0,0,1,0,0,0,-1628.226
1053900268,1048,3850,0,334,381,6,8,0,0,0,1,0,0,0,-1627.178
1053901139,871,3850,0,334,245,6,8,0,0,0,1,0,0,0,-1626.307
1053902155,1016,3850,0,334,259,6,8,0,0,0,1,0,0,0,-1625.291
1053903128,973,3850,0,334,234,6,8,0,0,0,1,0,0,0,-1624.318
1053904137,1009,3850,0,334,250,6,8,0,0,0,1,0,0,0,-1623.309
1053905098,961,3850,0,334,216,6,8,0,0,0,1,0,0,0,-1622.348
1053906147,1049,3850,0,334,258,6,8,0,0,0,1,0,0,0,-1621.299
1053907124,977,3850,0,334,236,6,8,0,0,0,1,0,0,0,-1620.322
1053908136,1012,3850,0,334,244,6,8,0,0,0,1,0,0,0,-1619.31
1053909119,983,3850,0,334,236,6,8,0,0,0,1,0,0,0,-1618.327
1053910181,1062,3850,0,334,284,6,8,0,0,0,1,0,0,0,-1617.265
1053911106,925,3850,0,334,213,6,8,0,0,0,1,0,0,0,-1616.34
1053912101,995,3850,0,334,209,6,8,0,0,0,1,0,0,0,-1615.345
1053913100,999,3850,0,334,215,7,8,0,0,0,1,0,0,0,-1614.346
1053914093,993,3850,0,334,209,7,8,0,0,0,1,0,0,0,-1613.353
1053915107,1014,3850,0,334,220,7,8,0,0,0,1,0,0,0,-1612.339
1053916104,997,3850,0,334,216,7,8,0,0,0,1,0,0,0,-1611.342
1053917101,997,3850,0,334,211,7,8,0,0,0,1,0,0,0,-1610.345
1053918102,1001,3850,0,334,217,7,8,0,0,0,1,0,0,0,-1609.344
1053919210,1108,3850,0,334,320,7,8,0,0,0,1,0,0,0,-1608.236
1053920267,1057,3850,0,334,368,7,8,0,0,0,1,0,0,0,-1607.179
1053921141,874,3850,0,334,246,7,0,0,0,0,1,0,0,0,-1606.305
1053922156,1015,3850,0,334,260,6,0,0,0,0,1,0,0,0,-1605.29
1053923126,970,3850,0,334,244,6,0,0,0,0,1,0,0,0,-1604.32
1053924136,1010,3850,0,334,250,6,0,0,0,0,1,0,0,0,-1603.31
1053925108,972,3850,0,334,225,6,0,0,0,0,1,0,0,0,-1602.338
1053926148,1040,3850,0,334,259,5,0,0,0,0,1,0,0,0,-1601.298
1053927133,985,3850,0,334,244,5,0,0,0,0,1,0,0,0,-1600.313
1053928142,1009,3849,-1,335,252,5,8,0,0,0,1,0,0,0,-1599.304
1053929132,990,3849,0,335,242,5,8,0,0,0,1,0,0,0,-1598.314
1053930166,1034,3849,0,335,277,6,8,0,0,0,1,0,0,0,-1597.28
1053931100,934,3849,0,335,213,6,8,0,0,0,1,0,0,0,-1596.346
1053932092,992,3849,0,335,210,6,8,0,0,0,1,0,0,0,-1595.354
1053933100,1008,3849,0,335,206,6,8,0,0,0,1,0,0,0,-1594.346
1053934109,1009,3849,0,335,214,6,8,0,0,0,1,0,0,0,-1593.337
1053935103,994,3849,0,335,217,6,8,0,0,0,1,0,0,0,-1592.343
1053936097,994,3849,0,335,209,6,8,0,0,0,1,0,0,0,-1591.349
1053937090,993,3849,0,335,208,6,8,0,0,0,1,0,0,0,-1590.356
1053938114,1024,3849,0,335,229,6,8,0,0,0,1,0,0,0,-1589.332
1053939200,1086,3849,0,335,317,6,8,0,0,0,1,0,0,0,-1588.246
1053940272,1072,3849,0,335,375,6,8,0,0,0,1,0,0,0,-1587.174
1053941142,870,3849,0,335,250,6,8,0,0,0,1,0,0,0,-1586.304
1053942138,996,3849,0,335,254,6,8,0,0,0,1,0,0,0,-1585.308
1053943135,997,3849,0,335,250,7,8,0,0,0,1,0,0,0,-1584.311
1053944136,1001,3849,0,335,249,7,8,0,0,0,1,0,0,0,-1583.31
1053945120,984,3849,0,335,224,7,8,0,0,0,1,0,0,0,-1582.326
1053946130,1010,3849,0,335,247,7,8,0,0,0,1,0,0,0,-1581.316
1053947138,1008,3849,0,335,244,7,8,0,0,0,1,0,0,0,-1580.308
1053948127,989,3849,0,335,243,7,8,0,0,0,1,0,0,0,-1579.319
1053949135,1008,3849,0,335,249,7,8,0,0,0,1,0,0,0,-1578.311
1053950167,1032,3849,0,335,279,7,8,0,0,0,1,0,0,0,-1577.279
1053951100,933,3849,0,335,212,7,8,0,0,0,1,0,0,0,-1576.346
1053952093,993,3849,0,335,210,7,8,0,0,0,1,0,0,0,-1575.353
1053953101,1008,3849,0,335,207,7,8,0,0,0,1,0,0,0,-1574.345
1053954112,1011,3849,0,335,218,7,8,0,0,0,1,0,0,0,-1573.334
1053955101,989,3849,0,335,215,7,8,0,0,0,1,0,0,0,-1572.345
1053956098,997,3849,0,335,211,7,8,0,0,0,1,0,0,0,-1571.348
1053957091,993,3849,0,335,209,7,8,0,0,0,1,0,0,0,-1570.355
1053958113,1022,3849,0,335,228,7,8,0,0,0,1,0,0,0,-1569.333
1053959199,1086,3849,0,335,314,7,0,0,0,0,1,0,0,0,-1568.247
1053960258,1059,3849,0,335,365,7,0,0,0,0,1,0,0,0,-1567.188
1053961139,881,3849,0,335,251,6,0,0,0,0,1,0,0,0,-1566.307
1053962158,1019,3849,0,335,265,6,0,0,0,0,1,0,0,0,-1565.288
1053963118,960,3849,0,335,235,6,0,0,0,0,1,0,0,0,-1564.328
1053964138,1020,3849,0,335,249,6,0,0,0,0,1,0,0,0,-1563.308
1053965106,968,3849,0,335,220,5,0,0,0,0,1,0,0,0,-1562.34
1053966140,1034,3849,0,335,255,5,0,0,0,0,1,0,0,0,-1561.306
1053967116,976,3849,0,335,233,5,0,0,0,0,1,0,0,0,-1560.33
1053968130,1014,3849,0,335,248,5,0,0,0,0,1,0,0,0,-1559.316
1053969128,998,3849,0,335,236,5,0,0,0,0,1,0,0,0,-1558.318
1053970173,1045,3849,0,335,277,4,0,0,0,0,1,0,0,0,-1557.273
1053971104,931,3849,0,335,212,4,0,0,0,0,1,0,0,0,-1556.342
1053972094,990,3849,0,335,209,4,0,0,0,0,1,0,0,0,-1555.352
1053973101,1007,3849,0,335,207,4,0,0,0,0,1,0,0,0,-1554.345
1053974109,1008,3849,0,335,215,4,0,0,0,0,1,0,0,0,-1553.337
1053975100,991,3849,0,335,218,4,0,0,0,0,1,0,0,0,-1552.346
1053976098,998,3848,-1,336,212,4,8,0,0,0,1,0,0,0,-1551.348
1053977091,993,3848,0,336,209,4,8,0,0,0,1,0,0,0,-1550.355
1053978109,1018,3849,1,335,224,4,0,0,0,0,1,0,0,0,-1549.337
1053979219,1110,3849,0,335,322,4,0,0,0,0,1,0,0,0,-1548.227
1053980278,1059,3848,-1,336,388,4,8,0,0,0,1,0,0,0,-1547.168
1053981140,862,3848,0,336,250,4,8,0,0,0,1,0,0,0,-1546.306
1053982149,1009,3848,0,336,255,4,8,0,0,0,1,0,0,0,-1545.297
1053983118,969,3848,0,336,232,4,8,0,0,0,1,0,0,0,-1544.328
1053984136,1018,3848,0,336,246,4,8,0,0,0,1,0,0,0,-1543.31
1053985102,966,3848,0,336,218,5,8,0,0,0,1,0,0,0,-1542.344
1053986146,1044,3848,0,336,258,5,8,0,0,0,1,0,0,0,-1541.3
1053987129,983,3848,0,336,243,5,8,0,0,0,1,0,0,0,-1540.317
1053988135,1006,3848,0,336,252,5,8,0,0,0,1,0,0,0,-1539.311
1053989136,1001,3848,0,336,240,5,8,0,0,0,1,0,0,0,-1538.31
1053990171,1035,3848,0,336,275,5,8,0,0,0,1,0,0,0,-1537.275
1053991110,939,3848,0,336,216,5,8,0,0,0,1,0,0,0,-1536.336
1053992104,994,3848,0,336,209,5,8,0,0,0,1,0,0,0,-1535.342
1053993100,996,3848,0,336,211,6,8,0,0,0,1,0,0,0,-1534.346
1053994100,1000,3848,0,336,215,6,8,0,0,0,1,0,0,0,-1533.346
1053995105,1005,3848,0,336,219,6,8,0,0,0,1,0,0,0,-1532.341
1053996103,998,3848,0,336,209,6,8,0,0,0,1,0,0,0,-1531.343
1053997100,997,3848,0,336,212,6,8,0,0,0,1,0,0,0,-1530.346
1053998108,1008,3848,0,336,224,6,8,0,0,0,1,0,0,0,-1529.338
1053999206,1098,3848,0,336,322,6,8,0,0,0,1,0,0,0,-1528.24
1054000258,1052,3848,0,336,372,6,8,0,0,0,1,0,0,0,-1527.188
1054001141,883,3848,0,336,254,6,8,0,0,0,1,0,0,0,-1526.305
1054002138,997,3848,0,336,255,6,8,0,0,0,1,0,0,0,-1525.308
1054003140,1002,3848,0,336,253,6,8,0,0,0,1,0,0,0,-1524.306
1054004140,1000,3848,0,336,253,6,8,0,0,0,1,0,0,0,-1523.306
1054005109,969,3848,0,336,221,6,8,0,0,0,1,0,0,0,-1522.337
1054006128,1019,3848,0,336,242,6,0,0,0,0,1,0,0,0,-1521.318
1054007139,1011,3848,0,336,248,6,0,0,0,0,1,0,0,0,-1520.307
1054008121,982,3848,0,336,238,6,8,0,0,0,1,0,0,0,-1519.325
1054009125,1004,3848,0,336,243,6,8,0,0,0,1,0,0,0,-1518.321
1054010165,1040,3848,0,336,280,6,8,0,0,0,1,0,0,0,-1517.281
1054011098,933,3848,0,336,211,6,0,0,0,0,1,0,0,0,-1516.348
1054012102,1004,3848,0,336,208,6,0,0,0,0,1,0,0,0,-1515.344
1054013096,994,3848,0,336,208,6,0,0,0,0,1,0,0,0,-1514.35
1054014110,1014,3848,0,336,219,5,0,0,0,0,1,0,0,0,-1513.336
1054015099,989,3848,0,336,212,5,0,0,0,0,1,0,0,0,-1512.347
1054016092,993,3848,0,336,208,5,0,0,0,0,1,0,0,0,-1511.354
1054017097,1005,3848,0,336,205,5,0,0,0,0,1,0,0,0,-1510.349
1054018121,1024,3848,0,336,229,5,0,0,0,0,1,0,0,0,-1509.325
1054019209,1088,3848,0,336,319,4,0,0,0,0,1,0,0,0,-1508.237
1054020266,1057,3848,0,336,369,4,0,0,0,0,1,0,0,0,-1507.18
1054021140,874,3848,0,336,249,4,0,0,0,0,1,0,0,0,-1506.306
1054022157,1017,3848,0,336,266,4,0,0,0,0,1,0,0,0,-1505.289
1054023119,962,3848,0,336,233,4,0,0,0,0,1,0,0,0,-1504.327
1054024139,1020,3848,0,336,253,4,0,0,0,0,1,0,0,0,-1503.307
1054025107,968,3848,0,336,222,3,0,0,0,0,1,0,0,0,-1502.339
1054026133,1026,3848,0,336,248,3,0,0,0,0,1,0,0,0,-1501.313
1054027135,1002,3848,0,336,249,3,0,0,0,0,1,0,0,0,-1500.311
1054028144,1009,3848,0,336,250,3,0,0,0,0,1,0,0,0,-1499.302
1054029126,982,3848,0,336,238,3,0,0,0,0,1,0,0,0,-1498.32
1054030179,1053,3848,0,336,282,3,0,0,0,0,1,0,0,0,-1497.267
1054031105,926,3848,0,336,211,3,0,0,0,0,1,0,0,0,-1496.341
1054032100,995,3848,0,336,208,3,0,0,0,0,1,0,0,0,-1495.346
1054033099,999,3848,0,336,213,2,0,0,0,0,1,0,0,0,-1494.347
1054034092,993,3848,0,336,208,2,0,0,0,0,1,0,0,0,-1493.354
1054035109,1017,3848,0,336,222,2,0,0,0,0,1,0,0,0,-1492.337
1054036100,991,3848,0,336,207,2,0,0,0,0,1,0,0,0,-1491.346
1054037098,998,3848,0,336,212,2,0,0,0,0,1,0,0,0,-1490.348
1054038101,1003,3848,0,336,217,2,0,0,0,0,1,0,0,0,-1489.345
1054039207,1106,3848,0,336,319,2,0,0,0,0,1,0,0,0,-1488.239
1054040268,1061,3848,0,336,376,2,0,0,0,0,1,0,0,0,-1487.178
1054041122,854,3848,0,336,240,2,0,0,0,0,1,0,0,0,-1486.324
1054042139,1017,3848,0,336,255,2,0,0,0,0,1,0,0,0,-1485.307
1054043131,992,3848,0,336,242,2,0,0,0,0,1,0,0,0,-1484.315
1054044144,1013,3848,0,336,250,2,0,0,0,0,1,0,0,0,-1483.302
1054045110,966,3848,0,336,220,2,0,0,0,0,1,0,0,0,-1482.336
1054046149,1039,3847,-1,337,260,2,8,0,0,0,1,0,0,0,-1481.297
1054047125,976,3847,0,337,233,2,8,0,0,0,1,0,0,0,-1480.321
1054048142,1017,3847,0,337,250,2,8,0,0,0,1,0,0,0,-1479.304
1054049134,992,3848,1,336,243,2,0,0,0,0,1,0,0,0,-1478.312
1054050172,1038,3847,-1,337,282,2,8,0,0,0,1,0,0,0,-1477.274
1054051103,931,3847,0,337,210,3,8,0,0,0,1,0,0,0,-1476.343
1054052093,990,3847,0,337,209,3,8,0,0,0,1,0,0,0,-1475.353
1054053101,1008,3847,0,337,207,3,8,0,0,0,1,0,0,0,-1474.345
1054054113,1012,3847,0,337,218,3,8,0,0,0,1,0,0,0,-1473.333
1054055101,988,3848,1,336,213,3,0,0,0,0,1,0,0,0,-1472.345
1054056098,997,3847,-1,337,213,3,8,0,0,0,1,0,0,0,-1471.348
1054057091,993,3847,0,337,209,3,8,0,0,0,1,0,0,0,-1470.355
1054058113,1022,3847,0,337,228,4,8,0,0,0,1,0,0,0,-1469.333
1054059216,1103,3847,0,337,321,4,8,0,0,0,1,0,0,0,-1468.23
1054060274,1058,3847,0,337,385,4,8,0,0,0,1,0,0,0,-1467.172
1054061126,852,3847,0,337,242,4,8,0,0,0,1,0,0,0,-1466.32
1054062142,1016,3847,0,337,252,4,8,0,0,0,1,0,0,0,-1465.304
1054063132,990,3847,0,337,241,4,8,0,0,0,1,0,0,0,-1464.314
1054064140,1008,3847,0,337,244,5,8,0,0,0,1,0,0,0,-1463.306
1054065104,964,3847,0,337,218,5,8,0,0,0,1,0,0,0,-1462.342
1054066153,1049,3847,0,337,258,5,8,0,0,0,1,0,0,0,-1461.293
1054067137,984,3847,0,337,241,5,8,0,0,0,1,0,0,0,-1460.309
1054068141,1004,3847,0,337,247,5,8,0,0,0,1,0,0,0,-1459.305
1054069137,996,3847,0,337,250,5,8,0,0,0,1,0,0,0,-1458.309
1054070178,1041,3847,0,337,281,5,8,0,0,0,1,0,0,0,-1457.268
1054071104,926,3847,0,337,212,5,8,0,0,0,1,0,0,0,-1456.342
1054072099,995,3847,0,337,214,6,8,0,0,0,1,0,0,0,-1455.347
1054073097,998,3847,0,337,212,6,8,0,0,0,1,0,0,0,-1454.349
1054074111,1014,3847,0,337,220,6,8,0,0,0,1,0,0,0,-1453.335
1054075101,990,3847,0,337,214,6,8,0,0,0,1,0,0,0,-1452.345
1054076098,997,3847,0,337,213,6,8,0,0,0,1,0,0,0,-1451.348
1054077091,993,3847,0,337,209,6,0,0,0,0,1,0,0,0,-1450.355
1054078112,1021,3847,0,337,227,5,0,0,0,0,1,0,0,0,-1449.334
1054079201,1089,3847,0,337,318,6,8,0,0,0,1,0,0,0,-1448.245
1054080251,1050,3847,0,337,367,5,0,0,0,0,1,0,0,0,-1447.195
1054081143,892,3847,0,337,248,5,0,0,0,0,1,0,0,0,-1446.303
1054082157,1014,3847,0,337,259,5,0,0,0,0,1,0,0,0,-1445.289
1054083128,971,3847,0,337,244,5,0,0,0,0,1,0,0,0,-1444.318
1054084140,1012,3847,0,337,253,5,0,0,0,0,1,0,0,0,-1443.306
1054085107,967,3847,0,337,220,5,8,0,0,0,1,0,0,0,-1442.339
1054086138,1031,3847,0,337,253,4,0,0,0,0,1,0,0,0,-1441.308
1054087136,998,3847,0,337,242,4,0,0,0,0,1,0,0,0,-1440.31
1054088147,1011,3847,0,337,255,4,0,0,0,0,1,0,0,0,-1439.299
1054089135,988,3847,0,337,240,4,0,0,0,0,1,0,0,0,-1438.311
1054090171,1036,3847,0,337,278,4,0,0,0,0,1,0,0,0,-1437.275
1054091104,933,3847,0,337,212,4,0,0,0,0,1,0,0,0,-1436.342
1054092100,996,3847,0,337,215,4,0,0,0,0,1,0,0,0,-1435.346
1054093097,997,3847,0,337,212,3,0,0,0,0,1,0,0,0,-1434.349
1054094108,1011,3847,0,337,217,3,0,0,0,0,1,0,0,0,-1433.338
1054095099,991,3847,0,337,216,3,0,0,0,0,1,0,0,0,-1432.347
1054096093,994,3847,0,337,211,3,0,0,0,0,1,0,0,0,-1431.353
1054097098,1005,3847,0,337,206,3,0,0,0,0,1,0,0,0,-1430.348
1054098121,1023,3847,0,337,229,3,0,0,0,0,1,0,0,0,-1429.325
1054099211,1090,3847,0,337,321,3,0,0,0,0,1,0,0,0,-1428.235
1054100274,1063,3847,0,337,386,3,0,0,0,0,1,0,0,0,-1427.172
1054101141,867,3847,0,337,247,2,0,0,0,0,1,0,0,0,-1426.305
1054102154,1013,3847,0,337,256,2,0,0,0,0,1,0,0,0,-1425.292
1054103130,976,3847,0,337,237,2,0,0,0,0,1,0,0,0,-1424.316
1054104137,1007,3847,0,337,249,2,0,0,0,0,1,0,0,0,-1423.309
1054105099,962,3847,0,337,217,2,0,0,0,0,1,0,0,0,-1422.347
1054106148,1049,3847,0,337,259,2,0,0,0,0,1,0,0,0,-1421.298
1054107129,981,3847,0,337,240,2,0,0,0,0,1,0,0,0,-1420.317
1054108133,1004,3847,0,337,249,2,0,0,0,0,1,0,0,0,-1419.313
1054109131,998,3847,0,337,239,2,0,0,0,0,1,0,0,0,-1418.315
1054110169,1038,3847,0,337,276,2,0,0,0,0,1,0,0,0,-1417.277
1054111099,930,3847,0,337,217,2,0,0,0,0,1,0,0,0,-1416.347
1054112098,999,3847,0,337,212,2,0,0,0,0,1,0,0,0,-1415.348
1054113092,994,3847,0,337,208,2,0,0,0,0,1,0,0,0,-1414.354
1054114104,1012,3847,0,337,211,1,0,0,0,0,1,0,0,0,-1413.342
1054115106,1002,3847,0,337,217,1,0,0,0,0,1,0,0,0,-1412.34
1054116092,986,3847,0,337,208,1,0,0,0,0,1,0,0,0,-1411.354
1054117100,1008,3847,0,337,208,1,0,0,0,0,1,0,0,0,-1410.346
1054118105,1005,3847,0,337,219,1,0,0,0,0,1,0,0,0,-1409.341
1054119219,1114,3847,0,337,324,1,0,0,0,0,1,0,0,0,-1408.227
1054120282,1063,3847,0,337,392,1,0,0,0,0,1,0,0,0,-1407.164
1054121139,857,3847,0,337,246,1,0,0,0,0,1,0,0,0,-1406.307
1054122158,1019,3847,0,337,261,1,0,0,0,0,1,0,0,0,-1405.288
1054123120,962,3847,0,337,236,1,0,0,0,0,1,0,0,0,-1404.326
1054124138,1018,3847,0,337,247,1,0,0,0,0,1,0,0,0,-1403.308
1054125099,961,3847,0,337,216,1,0,0,0,0,1,0,0,0,-1402.347
1054126138,1039,3847,0,337,252,1,0,0,0,0,1,0,0,0,-1401.308
1054127133,995,3847,0,337,240,1,0,0,0,0,1,0,0,0,-1400.313
1054128144,1011,3847,0,337,256,1,0,0,0,0,1,0,0,0,-1399.302
1054129135,991,3847,0,337,248,1,0,0,0,0,1,0,0,0,-1398.311
1054130170,1035,3847,0,337,275,1,0,0,0,0,1,0,0,0,-1397.276
1054131107,937,3847,0,337,219,1,0,0,0,0,1,0,0,0,-1396.339
1054132101,994,3847,0,337,209,1,0,0,0,0,1,0,0,0,-1395.345
1054133094,993,3847,0,337,209,1,0,0,0,0,1,0,0,0,-1394.352
1054134107,1013,3847,0,337,214,1,0,0,0,0,1,0,0,0,-1393.339
1054135104,997,3847,0,337,212,1,0,0,0,0,1,0,0,0,-1392.342
1054136099,995,3847,0,337,212,1,0,0,0,0,1,0,0,0,-1391.347
1054137094,995,3847,0,337,211,1,0,0,0,0,1,0,0,0,-1390.352
1054138114,1020,3847,0,337,222,1,0,0,0,0,1,0,0,0,-1389.332
1054139213,1099,3847,0,337,327,1,0,0,0,0,1,0,0,0,-1388.233
1054140269,1056,3847,0,337,385,1,0,0,0,0,1,0,0,0,-1387.177
1054141135,866,3847,0,337,244,0,0,0,0,0,1,0,0,0,-1386.311
1054142142,1007,3847,0,337,258,0,0,0,0,0,1,0,0,0,-1385.304
1054143132,990,3847,0,337,242,0,0,0,0,0,1,0,0,0,-1384.314
1054144142,1010,3847,0,337,250,0,0,0,0,0,1,0,0,0,-1383.304
1054145102,960,3847,0,337,214,0,0,0,0,0,1,0,0,0,-1382.344
1054146152,1050,3847,0,337,262,0,0,0,0,0,1,0,0,0,-1381.294
1054147121,969,3847,0,337,226,0,0,0,0,0,1,0,0,0,-1380.325
1054148149,1028,3847,0,337,252,0,0,0,0,0,1,0,0,0,-1379.297
1054149129,980,3847,0,337,242,0,0,0,0,0,1,0,0,0,-1378.317
1054150178,1049,3847,0,337,281,0,0,0,0,0,1,0,0,0,-1377.268
1054151105,927,3847,0,337,213,0,0,0,0,0,1,0,0,0,-1376.341
1054152100,995,3847,0,337,210,0,0,0,0,0,1,0,0,0,-1375.346
1054153094,994,3847,0,337,210,0,0,0,0,0,1,0,0,0,-1374.352
1054154108,1014,3847,0,337,216,0,0,0,0,0,1,0,0,0,-1373.338
1054155102,994,3847,0,337,209,0,0,0,0,0,1,0,0,0,-1372.344
1054156100,998,3848,1,336,214,0,-8,0,0,0,1,0,0,0,-1371.346
1054157094,994,3847,-1,337,209,0,0,0,0,0,1,0,0,0,-1370.352
1054158122,1028,3847,0,337,229,0,0,0,0,0,1,0,0,0,-1369.324
1054159197,1075,3847,0,337,313,0,0,0,0,0,1,0,0,0,-1368.249
1054160265,1068,3848,1,336,375,0,-8,0,0,0,1,0,0,0,-1367.181
1054161139,874,3848,0,336,246,-1,-8,0,0,0,1,0,0,0,-1366.307
1054162152,1013,3848,0,336,257,-1,-8,0,0,0,1,0,0,0,-1365.294
1054163135,983,3848,0,336,247,-1,-8,0,0,0,1,0,0,0,-1364.311
1054164146,1011,3848,0,336,250,-1,-8,0,0,0,1,0,0,0,-1363.3
1054165115,969,3848,0,336,224,-2,-8,0,0,0,1,0,0,0,-1362.331
1054166148,1033,3848,0,336,251,-2,-8,0,0,0,1,0,0,0,-1361.298
1054167139,991,3848,0,336,252,-2,-8,0,0,0,1,0,0,0,-1360.307
1054168143,1004,3848,0,336,247,-2,-8,0,0,0,1,0,0,0,-1359.303
1054169134,991,3848,0,336,246,-3,-8,0,0,0,1,0,0,0,-1358.312
1054170173,1039,3848,0,336,276,-3,-8,0,0,0,1,0,0,0,-1357.273
1054171102,929,3848,0,336,212,-3,-8,0,0,0,1,0,0,0,-1356.344
1054172094,992,3848,0,336,211,-3,-8,0,0,0,1,0,0,0,-1355.352
1054173101,1007,3848,0,336,207,-3,-8,0,0,0,1,0,0,0,-1354.345
1054174110,1009,3848,0,336,216,-4,-8,0,0,0,1,0,0,0,-1353.336
1054175104,994,3848,0,336,218,-4,-8,0,0,0,1,0,0,0,-1352.342
1054176098,994,3848,0,336,210,-4,-8,0,0,0,1,0,0,0,-1351.348
1054177091,993,3848,0,336,209,-4,-8,0,0,0,1,0,0,0,-1350.355
1054178112,1021,3848,0,336,227,-4,-8,0,0,0,1,0,0,0,-1349.334
1054179203,1091,3848,0,336,320,-4,-8,0,0,0,1,0,0,0,-1348.243
1054180279,1076,3848,0,336,382,-5,-8,0,0,0,1,0,0,0,-1347.167
1054181130,851,3848,0,336,244,-5,-8,0,0,0,1,0,0,0,-1346.316
1054182154,1024,3848,0,336,257,-5,-8,0,0,0,1,0,0,0,-1345.292
1054183128,974,3848,0,336,233,-5,-8,0,0,0,1,0,0,0,-1344.318
1054184133,1005,3848,0,336,248,-5,-8,0,0,0,1,0,0,0,-1343.313
1054185113,980,3848,0,336,218,-5,-8,0,0,0,1,0,0,0,-1342.333
1054186151,1038,3848,0,336,259,-5,0,0,0,0,1,0,0,0,-1341.295
1054187124,973,3848,0,336,228,-5,-8,0,0,0,1,0,0,0,-1340.322
1054188142,1018,3848,0,336,251,-5,-8,0,0,0,1,0,0,0,-1339.304
1054189130,988,3848,0,336,240,-5,-8,0,0,0,1,0,0,0,-1338.316
1054190172,1042,3848,0,336,287,-5,-8,0,0,0,1,0,0,0,-1337.274
1054191097,925,3848,0,336,213,-5,0,0,0,0,1,0,0,0,-1336.349
1054192093,996,3848,0,336,211,-5,0,0,0,0,1,0,0,0,-1335.353
1054193101,1008,3848,0,336,209,-5,0,0,0,0,1,0,0,0,-1334.345
1054194096,995,3848,0,336,210,-5,0,0,0,0,1,0,0,0,-1333.35
1054195110,1014,3848,0,336,221,-4,0,0,0,0,1,0,0,0,-1332.336
1054196102,992,3849,1,335,209,-5,-8,0,0,0,1,0,0,0,-1331.344
1054197100,998,3849,0,335,214,-5,-8,0,0,0,1,0,0,0,-1330.346
1054198103,1003,3849,0,335,219,-5,-8,0,0,0,1,0,0,0,-1329.343
1054199212,1109,3849,0,335,321,-5,-8,0,0,0,1,0,0,0,-1328.234
1054200273,1061,3849,0,335,385,-5,-8,0,0,0,1,0,0,0,-1327.173
1054201123,850,3849,0,335,240,-5,-8,0,0,0,1,0,0,0,-1326.323
1054202136,1013,3849,0,335,250,-5,-8,0,0,0,1,0,0,0,-1325.31
1054203126,990,3849,0,335,242,-5,-8,0,0,0,1,0,0,0,-1324.32
1054204129,1003,3849,0,335,245,-6,-8,0,0,0,1,0,0,0,-1323.317
1054205111,982,3849,0,335,222,-6,-8,0,0,0,1,0,0,0,-1322.335
1054206148,1037,3849,0,335,257,-6,-8,0,0,0,1,0,0,0,-1321.298
1054207128,980,3849,0,335,240,-6,-8,0,0,0,1,0,0,0,-1320.318
1054208135,1007,3849,0,335,251,-6,-8,0,0,0,1,0,0,0,-1319.311
1054209138,1003,3849,0,335,243,-6,-8,0,0,0,1,0,0,0,-1318.308
1054210157,1019,3849,0,335,273,-6,-8,0,0,0,1,0,0,0,-1317.289
1054211104,947,3849,0,335,213,-6,-8,0,0,0,1,0,0,0,-1316.342
1054212099,995,3849,0,335,214,-6,-8,0,0,0,1,0,0,0,-1315.347
1054213097,998,3849,0,335,212,-6,-8,0,0,0,1,0,0,0,-1314.349
1054214107,1010,3850,1,334,216,-7,-16,0,0,0,1,0,0,0,-1313.339
1054215099,992,3850,0,334,216,-7,-16,0,0,0,1,0,0,0,-1312.347
1054216093,994,3850,0,334,210,-7,-16,0,0,0,1,0,0,0,-1311.353
1054217098,1005,3850,0,334,207,-8,-16,0,0,0,1,0,0,0,-1310.348
1054218120,1022,3850,0,334,228,-8,-16,0,0,0,1,0,0,0,-1309.326
1054219215,1095,3850,0,334,324,-8,-16,0,0,0,1,0,0,0,-1308.231
1054220278,1063,3850,0,334,385,-9,-16,0,0,0,1,0,0,0,-1307.168
1054221142,864,3850,0,334,251,-9,-16,0,0,0,1,0,0,0,-1306.304
1054222156,1014,3850,0,334,260,-9,-16,0,0,0,1,0,0,0,-1305.29
1054223117,961,3850,0,334,230,-10,-16,0,0,0,1,0,0,0,-1304.329
1054224137,1020,3850,0,334,254,-10,-16,0,0,0,1,0,0,0,-1303.309
1054225102,965,3850,0,334,215,-10,-16,0,0,0,1,0,0,0,-1302.344
1054226150,1048,3850,0,334,259,-10,-8,0,0,0,1,0,0,0,-1301.296
1054227127,977,3850,0,334,233,-10,-8,0,0,0,1,0,0,0,-1300.319
1054228146,1019,3851,1,333,251,-10,-16,0,0,0,1,0,0,0,-1299.3
1054229108,962,3851,0,333,226,-10,-16,0,0,0,1,0,0,0,-1298.338
1054230171,1063,3851,0,333,282,-11,-16,0,0,0,1,0,0,0,-1297.275
1054231108,937,3851,0,333,213,-11,-16,0,0,0,1,0,0,0,-1296.338
1054232102,994,3851,0,333,209,-11,-16,0,0,0,1,0,0,0,-1295.344
1054233100,998,3851,0,333,214,-11,-16,0,0,0,1,0,0,0,-1294.346
1054234100,1000,3851,0,333,216,-11,-16,0,0,0,1,0,0,0,-1293.346
1054235100,1000,3851,0,333,218,-11,-16,0,0,0,1,0,0,0,-1292.346
1054236100,1000,3851,0,333,208,-12,-16,0,0,0,1,0,0,0,-1291.346
1054237094,994,3851,0,333,209,-12,-16,0,0,0,1,0,0,0,-1290.352
1054238119,1025,3851,0,333,225,-12,-16,0,0,0,1,0,0,0,-1289.327
1054239216,1097,3851,0,333,323,-12,-16,0,0,0,1,0,0,0,-1288.23
1054240266,1050,3852,1,332,378,-13,-24,0,0,0,1,0,0,0,-1287.18
1054241139,873,3852,0,332,244,-13,-24,0,0,0,1,0,0,0,-1286.307
1054242161,1022,3852,0,332,264,-14,-24,0,0,0,1,0,0,0,-1285.285
1054243123,962,3852,0,332,237,-14,-24,0,0,0,1,0,0,0,-1284.323
1054244142,1019,3852,0,332,247,-14,-16,0,0,0,1,0,0,0,-1283.304
1054245102,960,3852,0,332,215,-14,-16,0,0,0,1,0,0,0,-1282.344
1054246152,1050,3852,0,332,261,-14,-16,0,0,0,1,0,0,0,-1281.294
1054247132,980,3852,0,332,236,-14,-16,0,0,0,1,0,0,0,-1280.314
1054248133,1001,3852,0,332,247,-14,-16,0,0,0,1,0,0,0,-1279.313
1054249143,1010,3852,0,332,248,-14,-16,0,0,0,1,0,0,0,-1278.303
1054250165,1022,3852,0,332,278,-14,-16,0,0,0,1,0,0,0,-1277.281
1054251104,939,3853,1,331,216,-15,-24,0,0,0,1,0,0,0,-1276.342
1054252094,990,3853,0,331,209,-15,-24,0,0,0,1,0,0,0,-1275.352
1054253101,1007,3853,0,331,207,-15,-24,0,0,0,1,0,0,0,-1274.345
1054254116,1015,3853,0,331,222,-16,-24,0,0,0,1,0,0,0,-1273.33
1054255102,986,3853,0,331,207,-16,-24,0,0,0,1,0,0,0,-1272.344
1054256104,1002,3853,0,331,209,-16,-24,0,0,0,1,0,0,0,-1271.342
1054257097,993,3853,0,331,209,-17,-24,0,0,0,1,0,0,0,-1270.349
1054258125,1028,3853,0,331,234,-17,-24,0,0,0,1,0,0,0,-1269.321
1054259221,1096,3853,0,331,324,-17,-16,0,0,0,1,0,0,0,-1268.225
1054260281,1060,3853,0,331,385,-17,-16,0,0,0,1,0,0,0,-1267.165
1054261143,862,3854,1,330,249,-17,-24,0,0,0,1,0,0,0,-1266.303
1054262141,998,3854,0,330,257,-17,-24,0,0,0,1,0,0,0,-1265.305
1054263136,995,3854,0,330,246,-18,-24,0,0,0,1,0,0,0,-1264.31
1054264131,995,3854,0,330,247,-18,-24,0,0,0,1,0,0,0,-1263.315
1054265111,980,3854,0,330,218,-18,-24,0,0,0,1,0,0,0,-1262.335
1054266151,1040,3854,0,330,261,-18,-24,0,0,0,1,0,0,0,-1261.295
1054267134,983,3854,0,330,239,-19,-24,0,0,0,1,0,0,0,-1260.312
1054268139,1005,3854,0,330,251,-19,-24,0,0,0,1,0,0,0,-1259.307
1054269128,989,3855,1,329,242,-19,-31,0,0,0,1,0,0,0,-1258.318
1054270177,1049,3855,0,329,284,-20,-32,0,0,0,1,0,0,0,-1257.269
1054271097,920,3855,0,329,214,-20,-24,0,0,0,1,0,0,0,-1256.349
1054272105,1008,3855,0,329,209,-20,-24,0,0,0,1,0,0,0,-1255.341
1054273100,995,3855,0,329,212,-20,-24,0,0,0,1,0,0,0,-1254.346
1054274095,995,3855,0,329,212,-20,-24,0,0,0,1,0,0,0,-1253.351
1054275109,1014,3855,0,329,222,-21,-24,0,0,0,1,0,0,0,-1252.337
1054276100,991,3855,0,329,209,-21,-24,0,0,0,1,0,0,0,-1251.346
1054277094,994,3856,1,328,211,-21,-32,0,0,0,1,0,0,0,-1250.352
1054278115,1021,3856,0,328,224,-22,-32,0,0,0,1,0,0,0,-1249.331
1054279205,1090,3856,0,328,318,-22,-32,0,0,0,1,0,0,0,-1248.241
1054280259,1054,3856,0,328,370,-22,-32,0,0,0,1,0,0,0,-1247.187
1054281138,879,3856,0,328,254,-23,-24,0,0,0,1,0,0,0,-1246.308
1054282155,1017,3856,0,328,263,-23,-24,0,0,0,1,0,0,0,-1245.291
1054283136,981,3856,0,328,243,-23,-24,0,0,0,1,0,0,0,-1244.31
1054284143,1007,3857,1,327,252,-23,-33,0,0,0,1,0,0,0,-1243.303
1054285114,971,3857,0,327,222,-23,-33,0,0,0,1,0,0,0,-1242.332
1054286140,1026,3857,0,327,249,-24,-33,0,0,0,1,0,0,0,-1241.306
1054287120,980,3857,0,327,238,-24,-33,0,0,0,1,0,0,0,-1240.326
1054288138,1018,3857,0,327,250,-24,-33,0,0,0,1,0,0,0,-1239.308
1054289113,975,3857,0,327,231,-25,-32,0,0,0,1,0,0,0,-1238.333
1054290175,1062,3857,0,327,278,-25,-32,0,0,0,1,0,0,0,-1237.271
1054291107,932,3857,0,327,215,-25,-32,0,0,0,1,0,0,0,-1236.339
1054292101,994,3857,0,327,209,-25,-24,0,0,0,1,0,0,0,-1235.345
1054293094,993,3858,1,326,210,-25,-32,0,0,0,1,0,0,0,-1234.352
1054294104,1010,3858,0,326,213,-26,-32,0,0,0,1,0,0,0,-1233.342
1054295105,1001,3858,0,326,217,-26,-32,0,0,0,1,0,0,0,-1232.341
1054296103,998,3858,0,326,210,-26,-32,0,0,0,1,0,0,0,-1231.343
1054297100,997,3858,0,326,214,-26,-32,0,0,0,1,0,0,0,-1230.346
1054298108,1008,3858,0,326,225,-27,-32,0,0,0,1,0,0,0,-1229.338
1054299194,1086,3859,1,325,312,-27,-32,0,0,0,1,0,0,0,-1228.252
1054300259,1065,3859,0,325,361,-27,-32,0,0,0,1,0,0,0,-1227.187
1054301122,863,3859,0,325,239,-27,-33,0,0,0,1,0,0,0,-1226.324
1054302134,1012,3859,0,325,250,-27,-33,0,0,0,1,0,0,0,-1225.312
1054303128,994,3860,1,324,244,-28,-41,0,0,0,1,0,0,0,-1224.318
1054304129,1001,3860,0,324,246,-28,-41,0,0,0,1,0,0,0,-1223.317
1054305112,983,3860,0,324,224,-29,-41,0,0,0,1,0,0,0,-1222.334
1054306146,1034,3860,0,324,254,-29,-41,0,0,0,1,0,0,0,-1221.3
1054307127,981,3860,0,324,241,-30,-33,0,0,0,1,0,0,0,-1220.319
1054308138,1011,3860,0,324,245,-30,-33,0,0,0,1,0,0,0,-1219.308
1054309136,998,3860,0,324,240,-30,-31,0,0,0,1,0,0,0,-1218.31
1054310171,1035,3861,1,323,279,-30,-39,0,0,0,1,0,0,0,-1217.275
1054311106,935,3861,0,323,218,-30,-40,0,0,0,1,1,0,0,-1216.34
1054312097,991,3861,0,323,215,-31,-39,0,0,0,1,1,0,0,-1215.349
1054313106,1009,3861,0,323,209,-31,-39,0,0,0,1,1,0,0,-1214.34
1054314104,998,3861,0,323,222,-31,-39,0,0,0,1,1,0,0,-1213.342
1054315108,1004,3862,1,322,222,-32,-39,0,0,0,1,1,0,0,-1212.338
1054316106,998,3862,0,322,212,-32,-39,0,0,0,1,1,0,0,-1211.34
1054317101,995,3862,0,322,215,-32,-39,0,0,0,1,1,0,0,-1210.345
1054318130,1029,3862,0,322,237,-33,-39,0,0,0,1,1,0,0,-1209.316
1054319211,1081,3862,0,322,313,-33,-41,0,0,0,1,1,0,0,-1208.235
1054320293,1082,3863,1,321,394,-34,-49,0,0,0,1,1,0,0,-1207.153
1054321131,838,3863,0,321,246,-34,-49,0,0,0,1,1,0,0,-1206.315
1054322134,1003,3863,0,321,251,-35,-49,0,0,0,1,1,0,0,-1205.312
1054323131,997,3863,0,321,247,-35,-41,0,0,0,1,1,0,0,-1204.315
1054324147,1016,3864,1,320,252,-35,-49,0,0,0,1,1,0,0,-1203.299
1054325109,962,3864,0,320,224,-36,-49,0,0,0,1,1,0,0,-1202.337
1054326149,1040,3864,0,320,255,-37,-49,0,0,0,1,1,0,0,-1201.297
1054327140,991,3864,0,320,248,-37,-49,0,0,0,1,1,0,0,-1200.306
1054328140,1000,3864,0,320,252,-37,-49,0,0,0,1,1,0,0,-1199.306
1054329134,994,3864,0,320,239,-38,-47,0,0,0,1,1,0,0,-1198.312
1054330178,1044,3865,1,319,290,-38,-47,0,0,0,1,1,0,0,-1197.268
1054331113,935,3865,0,319,217,-39,-47,0,0,0,1,1,0,0,-1196.333
1054332110,997,3865,0,319,212,-39,-47,0,0,0,1,1,0,0,-1195.336
1054333104,994,3865,0,319,213,-39,-47,0,0,0,1,1,0,0,-1194.342
1054334103,999,3866,1,318,219,-40,-47,0,0,0,1,1,0,0,-1193.343
1054335115,1012,3866,0,318,218,-40,-49,0,0,0,1,1,0,0,-1192.331
1054336103,988,3866,0,318,214,-40,-47,0,0,0,1,1,0,0,-1191.343
1054337097,994,3866,0,318,213,-40,-47,0,0,0,1,1,0,0,-1190.349
1054338125,1028,3867,1,317,230,-41,-55,0,0,0,1,1,0,0,-1189.321
1054339196,1071,3867,0,317,312,-42,-57,0,0,0,1,1,0,0,-1188.25
1054340279,1083,3867,0,317,382,-42,-49,0,0,0,1,1,0,0,-1187.167
1054341145,866,3867,0,317,251,-42,-49,0,0,0,1,1,0,0,-1186.301
1054342156,1011,3867,0,317,268,-43,-49,0,0,0,1,1,0,0,-1185.29
1054343131,975,3868,1,316,239,-43,-57,0,0,0,1,1,0,0,-1184.315
1054344148,1017,3868,0,316,250,-44,-57,0,0,0,1,1,0,0,-1183.298
1054345114,966,3868,0,316,220,-44,-49,0,0,0,1,1,0,0,-1182.332
1054346135,1021,3869,1,315,252,-44,-57,0,0,0,1,1,0,0,-1181.311
1054347134,999,3869,0,315,248,-45,-57,0,0,0,1,1,0,0,-1180.312
1054348155,1021,3869,0,315,257,-45,-57,0,0,0,1,1,0,0,-1179.291
1054349115,960,3870,1,314,233,-46,-63,0,0,0,1,1,0,0,-1178.331
1054350191,1076,3870,0,314,293,-47,-63,0,0,0,1,1,0,0,-1177.255
1054351107,916,3870,0,314,214,-47,-55,0,0,0,1,1,0,0,-1176.339
1054352105,998,3870,0,314,211,-47,-55,0,0,0,1,1,0,0,-1175.341
1054353101,996,3870,0,314,214,-48,-55,0,0,0,1,1,0,0,-1174.345
1054354105,1004,3870,0,314,221,-48,-55,0,0,0,1,1,0,0,-1173.341
1054355104,999,3871,1,313,217,-48,-55,0,0,0,1,1,0,0,-1172.342
1054356102,998,3871,0,313,211,-48,-55,0,0,0,1,1,0,0,-1171.344
1054357095,993,3872,1,312,211,-49,-63,0,0,0,1,1,0,0,-1170.351
1054358126,1031,3872,0,312,232,-50,-63,0,0,0,1,1,0,0,-1169.32
1054359205,1079,3872,0,312,309,-50,-65,0,0,0,1,1,0,0,-1168.241
1054360278,1073,3873,1,311,390,-51,-65,0,0,0,1,1,0,0,-1167.168
1054361151,873,3873,0,311,256,-51,-65,0,0,0,1,1,0,0,-1166.295
1054362148,997,3873,0,311,262,-52,-65,0,0,0,1,1,0,0,-1165.298
1054363142,994,3873,0,311,245,-52,-65,0,0,0,1,1,0,0,-1164.304
1054364155,1013,3874,1,310,258,-53,-65,0,0,0,1,1,0,0,-1163.291
1054365104,949,3874,0,310,218,-53,-63,0,0,0,1,1,0,0,-1162.342
1054366141,1037,3874,0,310,255,-54,-65,0,0,0,1,1,0,0,-1161.305
1054367128,987,3875,1,309,245,-55,-73,0,0,0,1,1,0,0,-1160.318
1054368147,1019,3875,0,309,253,-55,-65,0,0,0,1,1,0,0,-1159.299
1054369137,990,3875,0,309,239,-55,-63,0,0,0,1,1,0,0,-1158.309
1054370177,1040,3876,1,308,288,-56,-71,0,0,0,1,1,0,0,-1157.269
1054371116,939,3876,0,308,219,-56,-71,0,0,0,1,1,0,0,-1156.33
1054372097,981,3876,0,308,213,-57,-71,0,0,0,1,1,0,0,-1155.349
1054373107,1010,3877,1,307,213,-58,-79,0,0,0,1,1,0,0,-1154.339
1054374109,1002,3877,0,307,221,-58,-71,0,0,0,1,1,0,0,-1153.337
1054375109,1000,3877,0,307,218,-59,-71,0,0,0,1,1,0,0,-1152.337
1054376107,998,3878,1,306,213,-60,-79,0,0,0,1,1,0,0,-1151.339
1054377103,996,3878,0,306,216,-60,-71,0,0,0,1,1,0,0,-1150.343
1054378108,1005,3878,0,306,225,-61,-71,0,0,0,1,1,0,0,-1149.338
1054379212,1104,3879,1,305,323,-61,-73,0,0,0,1,1,0,0,-1148.234
1054380240,1028,3879,0,305,337,-62,-73,0,0,0,1,1,0,0,-1147.206
1054381162,922,3879,0,305,264,-62,-73,0,0,0,1,1,0,0,-1146.284
1054382155,993,3880,1,304,260,-63,-81,0,0,0,1,1,0,0,-1145.291
1054383127,972,3880,0,304,233,-63,-81,0,0,0,1,1,0,0,-1144.319
1054384154,1027,3880,0,304,264,-64,-81,0,0,0,1,1,0,0,-1143.292
1054385127,973,3881,1,303,238,-65,-81,0,0,0,1,1,0,0,-1142.319
1054386137,1010,3881,0,303,255,-65,-81,0,0,0,1,1,0,0,-1141.309
1054387148,1011,3881,0,303,256,-66,-73,0,0,0,1,1,0,0,-1140.298
1054388143,995,3882,1,302,260,-66,-81,0,0,0,1,1,0,0,-1139.303
1054389147,1004,3882,0,302,253,-67,-79,0,0,0,1,1,0,0,-1138.299
1054390189,1042,3883,1,301,292,-68,-87,0,0,0,1,1,0,0,-1137.257
1054391100,911,3883,0,301,214,-68,-79,0,0,0,1,1,0,0,-1136.346
1054392100,1000,3883,0,301,214,-69,-79,0,0,0,1,1,0,0,-1135.346
1054393100,1000,3884,1,300,208,-69,-87,0,0,0,1,1,0,0,-1134.346
1054394104,1004,3884,0,300,222,-70,-87,0,0,0,1,1,0,0,-1133.342
1054395108,1004,3884,0,300,220,-70,-81,0,0,0,1,1,0,0,-1132.338
1054396100,992,3885,1,299,208,-71,-87,0,0,0,1,1,0,0,-1131.346
1054397095,995,3885,0,299,213,-72,-87,0,0,0,1,1,0,0,-1130.351
1054398114,1019,3885,0,299,227,-72,-79,0,0,0,1,1,0,0,-1129.332
1054399205,1091,3886,1,298,315,-73,-89,0,0,0,1,1,0,0,-1128.241
1054400239,1034,3886,0,298,343,-73,-81,0,0,0,1,1,0,0,-1127.207
1054401138,899,3887,1,297,250,-74,-89,0,0,0,1,1,0,0,-1126.308
1054402160,1022,3887,0,297,272,-74,-89,0,0,0,1,1,0,0,-1125.286
1054403110,950,3887,0,297,221,-74,-81,0,0,0,1,1,0,0,-1124.336
1054404134,1024,3888,1,296,250,-75,-89,0,0,0,1,1,0,0,-1123.312
1054405116,982,3888,0,296,233,-76,-89,0,0,0,1,1,0,0,-1122.33
1054406150,1034,3889,1,295,262,-76,-89,0,0,0,1,1,0,0,-1121.296
1054407132,982,3889,0,295,237,-77,-89,0,0,0,1,1,0,0,-1120.314
1054408148,1016,3890,1,294,259,-78,-98,0,0,0,1,1,0,0,-1119.298
1054409128,980,3890,0,294,244,-78,-94,0,0,0,1,1,0,0,-1118.318
1054410181,1053,3890,0,294,292,-79,-87,0,0,0,1,1,0,0,-1117.265
1054411101,920,3891,1,293,215,-79,-95,0,0,0,1,1,0,0,-1116.345
1054412102,1001,3891,0,293,216,-80,-95,0,0,0,1,1,0,0,-1115.344
1054413102,1000,3891,0,293,209,-80,-87,0,0,0,1,1,0,0,-1114.344
1054414102,1000,3892,1,292,219,-81,-95,0,0,0,1,1,0,0,-1113.344
1054415106,1004,3893,1,291,223,-81,-103,0,0,0,1,1,0,0,-1112.34
1054416101,995,3893,0,291,210,-82,-95,0,0,0,1,1,0,0,-1111.345
1054417097,996,3893,0,291,215,-82,-95,0,0,0,1,1,0,0,-1110.349
1054418110,1013,3894,1,290,222,-83,-103,0,0,0,1,1,0,0,-1109.336
1054419205,1095,3894,0,290,322,-84,-97,0,0,0,1,1,0,0,-1108.241
1054420230,1025,3895,1,289,341,-84,-98,0,0,0,1,1,0,0,-1107.216
1054421142,912,3895,0,289,253,-85,-98,0,0,0,1,1,0,0,-1106.304
1054422145,1003,3896,1,288,260,-86,-106,0,0,0,1,1,0,0,-1105.301
1054423110,965,3896,0,288,225,-86,-98,0,0,0,1,1,0,0,-1104.336
1054424148,1038,3897,1,287,258,-87,-106,0,0,0,1,1,0,0,-1103.298
1054425136,988,3897,0,287,239,-88,-106,0,0,0,1,1,0,0,-1102.31
1054426132,996,3897,0,287,249,-88,-98,0,0,0,1,1,0,0,-1101.314
1054427150,1018,3898,1,286,253,-89,-106,0,0,0,1,1,0,0,-1100.296
1054428135,985,3898,0,286,250,-89,-106,0,0,0,1,1,0,0,-1099.311
1054429140,1005,3899,1,285,247,-90,-110,0,0,0,1,1,0,0,-1098.306
1054430175,1035,3899,0,285,291,-91,-102,0,0,0,1,1,0,0,-1097.271
1054431107,932,3900,1,284,212,-91,-111,0,0,0,1,1,0,0,-1096.339
1054432106,999,3900,0,284,212,-92,-102,0,0,0,1,1,0,0,-1095.34
1054433107,1001,3901,1,283,209,-93,-110,0,0,0,1,1,0,0,-1094.339
1054434113,1006,3901,0,283,225,-93,-110,0,0,0,1,1,0,0,-1093.333
1054435106,993,3902,1,282,213,-94,-110,0,0,0,1,1,0,0,-1092.34
1054436105,999,3902,0,282,212,-95,-110,0,0,0,1,1,0,0,-1091.341
1054437106,1001,3903,1,281,210,-95,-110,0,0,0,1,1,0,0,-1090.34
1054438122,1016,3903,0,281,235,-96,-110,0,0,0,1,1,0,0,-1089.324
1054439211,1089,3904,1,280,313,-97,-114,0,0,0,1,1,0,0,-1088.235
1054440238,1027,3904,0,280,341,-97,-114,0,0,0,1,1,0,0,-1087.208
1054441138,900,3905,1,279,250,-98,-114,0,0,0,1,1,0,0,-1086.308
1054442158,1020,3905,0,279,271,-98,-114,0,0,0,1,1,0,0,-1085.288
1054443102,944,3906,1,278,219,-99,-122,0,0,0,1,1,0,0,-1084.344
1054444154,1052,3906,0,278,259,-100,-114,0,0,0,1,1,0,0,-1083.292
1054445118,964,3907,1,277,230,-100,-114,0,0,0,1,1,0,0,-1082.328
1054446152,1034,3907,0,277,259,-101,-114,0,0,0,1,1,0,0,-1081.294
1054447118,966,3908,1,276,237,-102,-122,0,0,0,1,1,0,0,-1080.328
1054448146,1028,3908,0,276,255,-102,-114,0,0,0,1,1,0,0,-1079.3
1054449127,981,3909,1,275,243,-103,-118,0,0,0,1,1,0,0,-1078.319
1054450183,1056,3909,0,275,294,-104,-118,0,0,0,1,1,0,0,-1077.263
1054451107,924,3910,1,274,213,-104,-119,0,0,0,1,1,0,0,-1076.339
1054452108,1001,3911,1,273,212,-105,-126,0,0,0,1,1,0,0,-1075.338
1054453095,987,3911,0,273,210,-105,-118,0,0,0,1,1,0,0,-1074.351
1054454115,1020,3912,1,272,220,-106,-126,0,0,0,1,1,0,0,-1073.331
1054455113,998,3912,0,272,216,-107,-118,0,0,0,1,1,0,0,-1072.333
1054456102,989,3913,1,271,217,-108,-126,0,0,0,1,1,0,0,-1071.344
1054457105,1003,3913,0,271,210,-108,-126,0,0,0,1,1,0,0,-1070.341
1054458119,1014,3914,1,270,231,-109,-126,0,0,0,1,1,0,0,-1069.327
1054459206,1087,3914,0,270,321,-110,-122,0,0,0,1,1,0,0,-1068.24
1054460236,1030,3915,1,269,343,-110,-130,0,0,0,1,1,0,0,-1067.21
1054461131,895,3915,0,269,246,-111,-122,0,0,0,1,1,0,0,-1066.315
1054462159,1028,3916,1,268,266,-112,-130,0,0,0,1,1,0,0,-1065.287
1054463105,946,3917,1,267,223,-112,-134,0,0,0,1,1,0,0,-1064.341
1054464138,1033,3917,0,267,253,-113,-130,0,0,0,1,1,0,0,-1063.308
1054465128,990,3918,1,266,241,-114,-130,0,0,0,1,1,0,0,-1062.318
1054466145,1017,3919,1,265,255,-115,-138,0,0,0,1,1,0,0,-1061.301
1054467122,977,3919,0,265,239,-115,-130,0,0,0,1,1,0,0,-1060.324
1054468141,1019,3919,0,265,254,-116,-130,0,0,0,1,1,0,0,-1059.305
1054469149,1008,3920,1,264,257,-117,-134,0,0,0,1,1,0,0,-1058.297
1054470190,1041,3921,1,263,294,-117,-134,0,0,0,1,1,0,0,-1057.256
1054471101,911,3921,0,263,213,-118,-134,0,0,0,1,1,0,0,-1056.345
1054472105,1004,3922,1,262,213,-119,-134,0,0,0,1,1,0,0,-1055.341
1054473094,989,3923,1,261,212,-119,-142,0,0,0,1,1,0,0,-1054.352
1054474114,1020,3923,0,261,220,-120,-134,0,0,0,1,1,0,0,-1053.332
1054475103,989,3924,1,260,218,-121,-142,0,0,0,1,1,0,0,-1052.343
1054476107,1004,3925,1,259,212,-122,-142,0,0,0,1,1,0,0,-1051.339
1054477100,993,3925,0,259,213,-122,-142,0,0,0,1,1,0,0,-1050.346
1054478108,1008,3926,1,258,222,-123,-142,0,0,0,1,1,0,0,-1049.338
1054479224,1116,3926,0,258,324,-124,-138,0,0,0,1,1,0,0,-1048.222
1054480231,1007,3927,1,257,341,-125,-146,0,0,0,1,1,0,0,-1047.215
1054481153,922,3928,1,256,257,-126,-146,0,0,0,1,1,0,0,-1046.293
1054482160,1007,3928,0,256,264,-126,-138,0,0,0,1,1,0,0,-1045.286
1054483117,957,3929,1,255,229,-127,-146,0,0,0,1,1,0,0,-1044.329
1054484151,1034,3930,1,254,267,-128,-146,0,0,0,1,1,0,0,-1043.295
1054485132,981,3930,0,254,238,-128,-146,0,0,0,1,1,0,0,-1042.314
1054486129,997,3931,1,253,246,-129,-146,0,0,0,1,1,0,0,-1041.317
1054487138,1009,3932,1,252,252,-130,-154,0,0,0,1,1,0,0,-1040.308
1054488156,1018,3932,0,252,261,-131,-146,0,0,0,1,1,0,0,-1039.29
1054489144,988,3933,1,251,251,-131,-150,0,0,0,1,1,0,0,-1038.302
1054490172,1028,3934,1,250,287,-132,-158,0,0,0,1,1,0,0,-1037.274
1054491103,931,3934,0,250,212,-133,-150,0,0,0,1,1,0,0,-1036.343
1054492109,1006,3935,1,249,212,-134,-158,0,0,0,1,1,0,0,-1035.337
1054493101,992,3936,1,248,211,-135,-158,0,0,0,1,1,0,0,-1034.345
1054494114,1013,3936,0,248,227,-136,-150,0,0,0,1,1,0,0,-1033.332
1054495105,991,3937,1,247,219,-136,-158,0,0,0,1,1,0,0,-1032.341
1054496107,1002,3938,1,246,212,-137,-158,0,0,0,1,1,0,0,-1031.339
1054497101,994,3938,0,246,214,-138,-150,0,0,0,1,1,0,0,-1030.345
1054498122,1021,3939,1,245,236,-139,-158,0,0,0,1,1,0,0,-1029.324
1054499213,1091,3940,1,244,317,-140,-162,0,0,0,1,1,0,0,-1028.233
1054500229,1016,3941,1,243,344,-140,-163,0,0,0,1,1,0,0,-1027.217
1054501150,921,3941,0,243,255,-141,-162,0,0,0,1,1,0,0,-1026.296
1054502149,999,3942,1,242,265,-142,-163,0,0,0,1,1,0,0,-1025.297
1054503123,974,3942,0,242,229,-143,-154,0,0,0,1,1,0,0,-1024.323
1054504148,1025,3943,1,241,257,-143,-163,0,0,0,1,1,0,0,-1023.298
1054505132,984,3944,1,240,244,-144,-163,0,0,0,1,1,0,0,-1022.314
1054506131,999,3945,1,239,249,-145,-163,0,0,0,1,1,0,0,-1021.315
1054507136,1005,3945,0,239,252,-146,-163,0,0,0,1,1,0,0,-1020.31
1054508149,1013,3946,1,238,254,-146,-163,0,0,0,1,1,0,0,-1019.297
1054509148,999,3947,1,237,262,-147,-165,0,0,0,1,1,0,0,-1018.298
1054510174,1026,3948,1,236,289,-148,-174,0,0,0,1,1,0,0,-1017.272
1054511108,934,3948,0,236,209,-149,-166,0,0,0,1,1,0,0,-1016.338
1054512100,992,3949,1,235,214,-149,-166,0,0,0,1,1,0,0,-1015.346
1054513105,1005,3949,0,235,207,-150,-166,0,0,0,1,1,0,0,-1014.341
1054514111,1006,3950,1,234,218,-151,-165,0,0,0,1,1,0,0,-1013.335
1054515111,1000,3951,1,233,214,-151,-166,0,0,0,1,1,0,0,-1012.335
1054516101,990,3952,1,232,213,-152,-173,0,0,0,1,1,0,0,-1011.345
1054517092,991,3952,0,232,210,-153,-166,0,0,0,1,1,0,0,-1010.354
1054518122,1030,3953,1,231,226,-153,-165,0,0,0,1,1,0,0,-1009.324
1054519208,1086,3954,1,230,321,-154,-171,0,0,0,1,1,0,0,-1008.238
1054520236,1028,3955,1,229,342,-155,-171,0,0,0,1,1,0,0,-1007.21
1054521142,906,3956,1,228,250,-155,-179,0,0,0,1,1,0,0,-1006.304
1054522167,1025,3956,0,228,269,-156,-171,0,0,0,1,1,0,0,-1005.279
1054523115,948,3957,1,227,220,-157,-171,0,0,0,1,1,0,0,-1004.331
1054524149,1034,3958,1,226,254,-157,-179,0,0,0,1,1,0,0,-1003.297
1054525133,984,3958,0,226,235,-158,-171,0,0,0,1,1,0,0,-1002.313
1054526144,1011,3959,1,225,259,-158,-171,0,0,0,1,1,0,0,-1001.302
1054527137,993,3960,1,224,253,-159,-179,0,0,0,1,1,0,0,-1000.309
1054528141,1004,3961,1,223,249,-160,-179,0,0,0,1,1,0,0,-999.305
1054529144,1003,3962,1,222,251,-161,-181,0,0,0,1,1,0,0,-998.302
1054530168,1024,3962,0,222,276,-161,-174,0,0,0,1,1,0,0,-997.278
1054531108,940,3963,1,221,217,-162,-174,0,0,0,1,1,0,0,-996.338
1054532102,994,3964,1,220,216,-163,-181,0,0,0,1,1,0,0,-995.344
1054533094,992,3965,1,219,213,-163,-181,0,0,0,1,1,0,0,-994.352
1054534114,1020,3966,1,218,217,-164,-189,0,0,0,1,1,0,0,-993.332
1054535103,989,3966,0,218,219,-165,-181,0,0,0,1,1,0,0,-992.343
1054536106,1003,3967,1,217,213,-166,-181,0,0,0,1,1,0,0,-991.34
1054537100,994,3968,1,216,214,-166,-181,0,0,0,1,1,0,0,-990.346
1054538120,1020,3969,1,215,234,-167,-189,0,0,0,1,1,0,0,-989.326
1054539215,1095,3969,0,215,324,-168,-179,0,0,0,1,1,0,0,-988.231
1054540234,1019,3970,1,214,338,-168,-179,0,0,0,1,1,0,0,-987.212
1054541130,896,3971,1,213,247,-169,-187,0,0,0,1,1,0,0,-986.316
1054542160,1030,3972,1,212,267,-170,-187,0,0,0,1,1,0,0,-985.286
1054543117,957,3973,1,211,230,-170,-195,0,0,0,1,1,0,0,-984.329
1054544143,1026,3974,1,210,260,-171,-195,0,0,0,1,1,0,0,-983.303
1054545130,987,3975,1,209,243,-172,-195,0,0,0,1,1,0,0,-982.316
1054546148,1018,3975,0,209,255,-173,-187,0,0,0,1,1,0,0,-981.298
1054547143,995,3976,1,208,248,-174,-195,0,0,0,1,1,0,0,-980.303
1054548145,1002,3977,1,207,253,-175,-195,0,0,0,1,1,0,0,-979.301
1054549146,1001,3978,1,206,259,-176,-197,0,0,0,1,1,0,0,-978.3
1054550184,1038,3979,1,205,289,-176,-197,0,0,0,1,1,0,0,-977.262
1054551103,919,3979,0,205,212,-177,-190,0,0,0,1,1,0,0,-976.343
1054552098,995,3980,1,204,216,-177,-189,0,0,0,1,1,0,0,-975.348
1054553104,1006,3981,1,203,210,-178,-197,0,0,0,1,1,0,0,-974.342
1054554116,1012,3982,1,202,226,-179,-197,0,0,0,1,1,0,0,-973.33
1054555098,982,3983,1,201,214,-180,-197,0,0,0,1,1,0,0,-972.348
1054556103,1005,3984,1,200,213,-181,-205,0,0,0,1,1,0,0,-971.343
1054557095,992,3984,0,200,212,-181,-197,0,0,0,1,1,0,0,-970.351
1054558130,1035,3985,1,199,233,-182,-197,0,0,0,1,1,0,0,-969.316
1054559209,1079,3986,1,198,320,-182,-195,0,0,0,1,1,0,0,-968.237
1054560241,1032,3987,1,197,342,-183,-203,0,0,0,1,1,0,0,-967.205
1054561150,909,3988,1,196,253,-184,-203,0,0,0,1,1,0,0,-966.296
1054562165,1015,3989,1,195,273,-185,-203,0,0,0,1,1,0,0,-965.281
1054563116,951,3990,1,194,223,-185,-203,0,0,0,1,1,0,0,-964.33
1054564143,1027,3991,1,193,259,-186,-203,0,0,0,1,1,0,0,-963.303
1054565282,1139,3992,1,192,388,-187,-210,0,0,0,1,3,0,0,-962.164
1054566156,874,3993,1,191,266,-188,-211,0,0,0,1,3,0,0,-961.29
1054567138,982,3993,0,191,253,-189,-203,0,0,0,1,3,0,0,-960.308
1054568127,989,3994,1,190,244,-189,-203,0,0,0,1,3,0,0,-959.319
1054569144,1017,3995,1,189,251,-190,-205,0,0,0,1,3,0,0,-958.302
1054570187,1043,3996,1,188,288,-191,-213,0,0,0,1,3,0,0,-957.259
1054571104,917,3997,1,187,210,-192,-214,0,0,0,1,3,0,0,-956.342
1054572094,990,3998,1,186,211,-192,-213,0,0,0,1,3,0,0,-955.352
1054573092,998,3999,1,185,208,-193,-213,0,0,0,1,3,0,0,-954.354
1054574099,1007,4000,1,184,216,-194,-213,0,0,0,1,3,0,0,-953.347
1054575114,1015,4001,1,183,220,-195,-213,0,0,0,1,3,0,0,-952.332
1054576102,988,4002,1,182,208,-195,-213,0,0,0,1,3,0,0,-951.344
1054577095,993,4003,1,181,211,-196,-221,0,0,0,1,3,0,0,-950.351
1054578123,1028,4004,1,180,227,-197,-221,0,0,0,1,3,0,0,-949.323
1054579209,1086,4005,1,179,321,-198,-219,0,0,0,1,3,0,0,-948.237
1054580230,1021,4005,0,179,330,-199,-211,0,0,0,1,3,0,0,-947.216
1054581149,919,4006,1,178,254,-200,-219,0,0,0,1,3,0,0,-946.297
1054582156,1007,4007,1,177,266,-200,-219,0,0,0,1,3,0,0,-945.29
1054583117,961,4008,1,176,222,-201,-220,0,0,0,1,3,0,0,-944.329
1054584144,1027,4009,1,175,254,-202,-220,0,0,0,1,3,0,0,-943.302
1054585126,982,4010,1,174,232,-203,-220,0,0,0,1,3,0,0,-942.32
1054586137,1011,4011,1,173,255,-203,-219,0,0,0,1,3,0,0,-941.309
1054587121,984,4012,1,172,230,-204,-228,0,0,0,1,3,0,0,-940.325
1054588145,1024,4013,1,171,250,-205,-228,0,0,0,1,3,0,0,-939.301
1054589154,1009,4014,1,170,261,-206,-228,0,0,0,1,3,0,0,-938.292
1054590177,1023,4015,1,169,288,-207,-229,0,0,0,1,3,0,0,-937.269
1054591104,927,4016,1,168,209,-208,-229,0,0,0,1,3,0,0,-936.342
1054592097,993,4017,1,167,213,-209,-229,0,0,0,1,3,0,0,-935.349
1054593098,1001,4018,1,166,211,-209,-229,0,0,0,1,3,0,0,-934.348
1054594111,1013,4019,1,165,221,-210,-228,0,0,0,1,3,0,0,-933.335
1054595105,994,4020,1,164,214,-211,-229,0,0,0,1,3,0,0,-932.341
1054596100,995,4021,1,163,212,-212,-230,0,0,0,1,3,0,0,-931.346
1054597100,1000,4021,0,163,210,-212,-221,0,0,0,1,3,0,0,-930.346
1054598121,1021,4023,2,161,230,-213,-236,0,0,0,1,3,0,0,-929.325
1054599200,1079,4024,1,160,314,-214,-236,0,0,0,1,3,0,0,-928.246
1054600238,1038,4025,1,159,341,-215,-236,0,0,0,1,3,0,0,-927.208
1054601129,891,4025,0,159,246,-215,-228,0,0,0,1,3,0,0,-926.317
1054602141,1012,4026,1,158,257,-216,-228,0,0,0,1,3,0,0,-925.305
1054603127,986,4027,1,157,233,-216,-228,0,0,0,1,3,0,0,-924.319
1054604140,1013,4028,1,156,253,-217,-228,0,0,0,1,3,0,0,-923.306
1054605123,983,4029,1,155,227,-217,-228,0,0,0,1,3,0,0,-922.323
1054606142,1019,4030,1,154,249,-217,-228,0,0,0,1,3,0,0,-921.304
1054607129,987,4031,1,153,247,-218,-228,0,0,0,1,3,0,0,-920.317
1054608136,1007,4032,1,152,250,-218,-228,0,0,0,1,3,0,0,-919.31
1054609151,1015,4033,1,151,268,-219,-228,0,0,0,1,3,0,0,-918.295
1054610163,1012,4034,1,150,271,-219,-229,0,0,0,1,3,0,0,-917.283
1054611104,941,4035,1,149,214,-220,-237,0,0,0,1,3,0,0,-916.342
1054612100,996,4036,1,148,215,-220,-237,0,0,0,1,3,0,0,-915.346
1054613098,998,4037,1,147,206,-221,-237,0,0,0,1,3,0,0,-914.348
1054614108,1010,4038,1,146,217,-222,-236,0,0,0,1,3,0,0,-913.338
1054615106,998,4039,1,145,216,-222,-237,0,0,0,1,3,0,0,-912.34
1054616099,993,4040,1,144,211,-223,-236,0,0,0,1,3,0,0,-911.347
1054617098,999,4041,1,143,207,-223,-237,0,0,0,1,3,0,0,-910.348
1054618115,1017,4042,1,142,224,-224,-236,0,0,0,1,3,0,0,-909.331
1054619210,1095,4043,1,141,319,-224,-236,0,0,0,1,3,0,0,-908.236
1054620228,1018,4045,2,139,336,-225,-244,0,0,0,1,3,0,0,-907.218
1054621146,918,4046,1,138,259,-226,-244,0,0,0,1,3,0,0,-906.3
1054622152,1006,4047,1,137,262,-226,-244,0,0,0,1,3,0,0,-905.294
1054623111,959,4047,0,137,217,-227,-236,0,0,0,1,3,0,0,-904.335
1054624151,1040,4048,1,136,257,-227,-236,0,0,0,1,3,0,0,-903.295
1054625109,958,4049,1,135,223,-228,-236,0,0,0,1,3,0,0,-902.337
1054626145,1036,4051,2,133,253,-228,-244,0,0,0,1,3,0,0,-901.301
1054627130,985,4052,1,132,241,-229,-252,0,0,0,1,3,0,0,-900.316
1054628133,1003,4053,1,131,250,-230,-244,0,0,0,1,3,0,0,-899.313
1054629149,1016,4054,1,130,252,-230,-244,0,0,0,1,3,0,0,-898.297
1054630176,1027,4055,1,129,290,-231,-244,0,0,0,1,3,0,0,-897.27
1054631101,925,4056,1,128,209,-231,-245,0,0,0,1,3,0,0,-896.345
1054632107,1006,4057,1,127,211,-232,-252,0,0,0,1,3,0,0,-895.339
1054633092,985,4058,1,126,210,-233,-252,0,0,0,1,3,0,0,-894.354
1054634104,1012,4059,1,125,221,-234,-252,0,0,0,1,3,0,0,-893.342
1054635109,1005,4060,1,124,213,-234,-252,0,0,0,1,3,0,0,-892.337
1054636105,996,4061,1,123,211,-235,-252,0,0,0,1,3,0,0,-891.341
1054637102,997,4062,1,122,207,-236,-252,0,0,0,1,3,0,0,-890.344
1054638128,1026,4063,1,121,234,-236,-252,0,0,0,1,3,0,0,-889.318
1054639203,1075,4065,2,119,310,-237,-260,0,0,0,1,3,0,0,-888.243
1054640235,1032,4066,1,118,342,-238,-260,0,0,0,1,3,0,0,-887.211
1054641143,908,4067,1,117,252,-239,-260,0,0,0,1,3,0,0,-886.303
1054642144,1001,4068,1,116,260,-240,-260,0,0,0,1,3,0,0,-885.302
1054643105,961,4069,1,115,222,-241,-260,0,0,0,1,3,0,0,-884.341
1054644145,1040,4070,1,114,252,-242,-260,0,0,0,1,3,0,0,-883.301
1054645115,970,4071,1,113,227,-242,-260,0,0,0,1,3,0,0,-882.331
1054646134,1019,4072,1,112,252,-243,-260,0,0,0,1,3,0,0,-881.312
1054647130,996,4073,1,111,244,-244,-260,0,0,0,1,3,0,0,-880.316
1054648138,1008,4074,1,110,252,-244,-260,0,0,0,1,3,0,0,-879.308
1054649146,1008,4075,1,109,263,-245,-260,0,0,0,1,3,0,0,-878.3
1054650174,1028,4077,2,107,277,-246,-268,0,0,0,1,3,0,0,-877.272
1054651100,926,4078,1,106,214,-246,-261,0,0,0,1,3,0,0,-876.346
1054652107,1007,4079,1,105,211,-247,-260,0,0,0,1,3,0,0,-875.339
1054653091,984,4080,1,104,208,-247,-260,0,0,0,1,3,0,0,-874.355
1054654100,1009,4081,1,103,216,-248,-268,0,0,0,1,3,0,0,-873.346
1054655104,1004,4082,1,102,218,-249,-268,0,0,0,1,3,0,0,-872.342
1054656106,1002,4083,1,101,210,-250,-268,0,0,0,1,3,0,0,-871.34
1054657099,993,4084,1,100,210,-250,-260,0,0,0,1,3,0,0,-870.347
1054658107,1008,4086,2,98,221,-251,-268,0,0,0,1,3,0,0,-869.339
1054659215,1108,4087,1,97,317,-252,-268,0,0,0,1,3,0,0,-868.231
1054660235,1020,4088,1,96,340,-252,-268,0,0,0,1,3,0,0,-867.211
1054661145,910,4089,1,95,249,-253,-268,0,0,0,1,3,0,0,-866.301
1054662155,1010,4090,1,94,265,-253,-268,0,0,0,1,3,0,0,-865.291
1054663109,954,4091,1,93,226,-254,-268,0,0,0,1,3,0,0,-864.337
1054664145,1036,4092,1,92,251,-255,-268,0,0,0,1,3,0,0,-863.301
1054665115,970,4094,2,90,228,-255,-277,0,0,0,1,3,0,0,-862.331
1054666135,1020,4095,1,89,250,-256,-276,0,0,0,1,3,0,0,-861.311
1054667141,1006,0,1,88,251,-257,-276,0,0,0,1,3,0,0,-860.305
1054668137,996,1,1,87,253,-258,-277,0,0,0,1,3,0,0,-859.309
1054669138,1001,2,1,86,252,-259,-276,0,0,0,1,3,0,0,-858.308
1054670170,1032,3,1,85,285,-259,-268,0,0,0,1,3,0,0,-857.276
1054671104,934,5,2,83,211,-260,-277,0,0,0,1,3,0,0,-856.342
1054672100,996,6,1,82,213,-260,-276,0,0,0,1,3,0,0,-855.346
1054673100,1000,7,1,81,210,-261,-276,0,0,0,1,3,0,0,-854.346
1054674113,1013,8,1,80,222,-261,-276,0,0,0,1,3,0,0,-853.333
1054675104,991,9,1,79,211,-262,-276,0,0,0,1,3,0,0,-852.342
1054676101,997,10,1,78,215,-263,-276,0,0,0,1,3,0,0,-851.345
1054677099,998,11,1,77,208,-263,-276,0,0,0,1,3,0,0,-850.347
1054678120,1021,13,2,75,229,-264,-284,0,0,0,1,3,0,0,-849.326
1054679199,1079,14,1,74,312,-265,-284,0,0,0,1,3,0,0,-848.247
1054680233,1034,15,1,73,345,-265,-276,0,0,0,1,3,0,0,-847.213
1054681138,905,16,1,72,249,-266,-276,0,0,0,1,3,0,0,-846.308
1054682158,1020,17,1,71,261,-266,-276,0,0,0,1,3,0,0,-845.288
1054683111,953,18,1,70,224,-266,-277,0,0,0,1,3,0,0,-844.335
1054684149,1038,20,2,68,253,-267,-284,0,0,0,1,3,0,0,-843.297
1054685116,967,21,1,67,221,-268,-285,0,0,0,1,3,0,0,-842.33
1054686142,1026,22,1,66,253,-268,-284,0,0,0,1,3,0,0,-841.304
1054687127,985,23,1,65,244,-269,-285,0,0,0,1,3,0,0,-840.319
1054688132,1005,25,2,63,249,-270,-285,0,0,0,1,3,0,0,-839.314
1054689140,1008,26,1,62,247,-270,-283,0,0,0,1,3,0,0,-838.306
1054690166,1026,27,1,61,281,-271,-284,0,0,0,1,3,0,0,-837.28
1054691106,940,28,1,60,212,-271,-285,0,0,0,1,3,0,0,-836.34
1054692102,996,30,2,58,217,-272,-292,0,0,0,1,3,0,0,-835.344
1054693099,997,31,1,57,207,-273,-292,0,0,0,1,3,0,0,-834.347
1054694109,1010,32,1,56,218,-274,-291,0,0,0,1,3,0,0,-833.337
1054695104,995,33,1,55,215,-274,-292,0,0,0,1,3,0,0,-832.342
1054696103,999,34,1,54,217,-275,-284,0,0,0,1,3,0,0,-831.343
1054697100,997,35,1,53,207,-275,-284,0,0,0,1,3,0,0,-830.346
1054698115,1015,37,2,51,224,-276,-292,0,0,0,1,3,0,0,-829.331
1054699206,1091,38,1,50,322,-276,-292,0,0,0,1,3,0,0,-828.24
1054700227,1021,39,1,49,342,-277,-292,0,0,0,1,3,0,0,-827.219
1054701141,914,40,1,48,254,-277,-284,0,0,0,1,3,0,0,-826.305
1054702140,999,42,2,46,255,-278,-293,0,0,0,1,3,0,0,-825.306
1054703116,976,43,1,45,222,-278,-293,0,0,0,1,3,0,0,-824.33
1054704139,1023,44,1,44,251,-279,-293,0,0,0,1,3,0,0,-823.307
1054705125,986,45,1,43,238,-280,-293,0,0,0,1,3,0,0,-822.321
1054706127,1002,46,1,42,245,-280,-293,0,0,0,1,3,0,0,-821.319
1054707139,1012,48,2,40,249,-281,-301,0,0,0,1,3,0,0,-820.307
1054708142,1003,49,1,39,254,-281,-293,0,0,0,1,3,0,0,-819.304
1054709139,997,50,1,38,251,-282,-291,0,0,0,1,3,0,0,-818.307
1054710179,1040,51,1,37,279,-282,-292,0,0,0,1,3,0,0,-817.267
1054711095,916,53,2,35,212,-283,-301,0,0,0,1,3,0,0,-816.351
1054712103,1008,54,1,34,211,-283,-300,0,0,0,1,3,0,0,-815.343
1054713099,996,55,1,33,205,-284,-300,0,0,0,1,3,0,0,-814.347
1054714112,1013,56,1,32,220,-285,-299,0,0,0,1,3,0,0,-813.334
1054715105,993,58,2,30,210,-285,-300,0,0,0,1,3,0,0,-812.341
1054716099,994,59,1,29,213,-286,-299,0,0,0,1,3,0,0,-811.347
1054717098,999,60,1,28,207,-286,-300,0,0,0,1,3,0,0,-810.348
1054718119,1021,61,1,27,228,-287,-299,0,0,0,1,3,0,0,-809.327
1054719209,1090,63,2,25,312,-288,-300,0,0,0,1,3,0,0,-808.237
1054720231,1022,64,1,24,345,-288,-300,0,0,0,1,3,0,0,-807.215
1054721140,909,65,1,23,252,-288,-301,0,0,0,1,3,0,0,-806.306
1054722134,994,66,1,22,251,-289,-293,0,0,0,1,3,0,0,-805.312
1054723113,979,68,2,20,230,-289,-301,0,0,0,1,3,0,0,-804.333
1054724136,1023,69,1,19,247,-290,-301,0,0,0,1,3,0,0,-803.31
1054725117,981,71,2,17,234,-290,-309,0,0,0,1,3,0,0,-802.329
1054726144,1027,72,1,16,256,-291,-309,0,0,0,1,3,0,0,-801.302
1054727128,984,73,1,15,244,-292,-309,0,0,0,1,3,0,0,-800.318
1054728137,1009,74,1,14,253,-292,-301,0,0,0,1,3,0,0,-799.309
1054729138,1001,75,1,13,255,-292,-299,0,0,0,1,3,0,0,-798.308
1054730169,1031,77,2,11,273,-293,-308,0,0,0,1,3,0,0,-797.277
1054731104,935,78,1,10,207,-294,-308,0,0,0,1,3,0,0,-796.342
1054732100,996,79,1,9,215,-294,-308,0,0,0,1,3,0,0,-795.346
1054733098,998,80,1,8,206,-294,-300,0,0,0,1,3,0,0,-794.348
1054734112,1014,82,2,6,221,-295,-307,0,0,0,1,3,0,0,-793.334
1054735105,993,83,1,5,210,-295,-307,0,0,0,1,3,0,0,-792.341
1054736099,994,84,1,4,213,-296,-307,0,0,0,1,3,0,0,-791.347
1054737098,999,86,2,2,207,-297,-315,0,0,0,1,3,0,0,-790.348
1054738116,1018,87,1,1,225,-297,-307,0,0,0,1,3,0,0,-789.33
1054739206,1090,88,1,0,321,-297,-309,0,0,0,1,3,0,0,-788.24
1054740238,1032,90,2,-2,338,-298,-317,0,0,0,1,3,0,0,-787.208
1054741140,902,91,1,-3,254,-299,-309,0,0,0,1,3,0,0,-786.306
1054742137,997,92,1,-4,254,-299,-309,0,0,0,1,3,0,0,-785.309
1054743119,982,93,1,-5,228,-299,-309,0,0,0,1,3,0,0,-784.327
1054744138,1019,95,2,-7,247,-300,-317,0,0,0,1,3,0,0,-783.308
1054745132,994,96,1,-8,245,-300,-309,0,0,0,1,3,0,0,-782.314
1054746142,1010,97,1,-9,252,-301,-309,0,0,0,1,3,0,0,-781.304
1054747140,998,99,2,-11,244,-301,-317,0,0,0,1,3,0,0,-780.306
1054748131,991,100,1,-12,248,-302,-317,0,0,0,1,3,0,0,-779.315
1054749145,1014,101,1,-13,253,-303,-315,0,0,0,1,3,0,0,-778.301
1054750176,1031,103,2,-15,289,-303,-315,0,0,0,1,3,0,0,-777.27
1054751100,924,104,1,-16,208,-304,-316,0,0,0,1,3,0,0,-776.346
1054752109,1009,105,1,-17,213,-304,-315,0,0,0,1,3,0,0,-775.337
1054753092,983,106,1,-18,209,-304,-315,0,0,0,1,3,0,0,-774.354
1054754104,1012,108,2,-20,221,-305,-315,0,0,0,1,3,0,0,-773.342
1054755107,1003,109,1,-21,213,-305,-315,0,0,0,1,3,0,0,-772.339
1054756105,998,110,1,-22,211,-305,-307,0,0,0,1,3,0,0,-771.341
1054757102,997,112,2,-24,207,-306,-315,0,0,0,1,3,0,0,-770.344
1054758124,1022,113,1,-25,230,-306,-315,0,0,0,1,3,0,0,-769.322
1054759210,1086,114,1,-26,312,-307,-317,0,0,0,1,3,0,0,-768.236
1054760237,1027,116,2,-28,341,-307,-317,0,0,0,1,3,0,0,-767.209
1054761143,906,117,1,-29,249,-307,-317,0,0,0,1,3,0,0,-766.303
1054762155,1012,118,1,-30,266,-308,-317,0,0,0,1,3,0,0,-765.291
1054763120,965,120,2,-32,227,-308,-325,0,0,0,1,3,0,0,-764.326
1054764150,1030,121,1,-33,257,-309,-317,0,0,0,1,3,0,0,-763.296
1054765133,983,122,1,-34,244,-309,-317,0,0,0,1,3,0,0,-762.313
1054766143,1010,124,2,-36,253,-310,-325,0,0,0,1,3,0,0,-761.303
1054767125,982,125,1,-37,243,-310,-317,0,0,0,1,3,0,0,-760.321
1054768151,1026,126,1,-38,264,-310,-317,0,0,0,1,3,0,0,-759.295
1054769142,991,128,2,-40,258,-311,-323,0,0,0,1,3,0,0,-758.304
1054770178,1036,129,1,-41,278,-311,-323,0,0,0,1,3,0,0,-757.268
1054771108,930,130,1,-42,213,-311,-316,0,0,0,1,3,0,0,-756.338
1054772100,992,132,2,-44,213,-312,-323,0,0,0,1,3,0,0,-755.346
1054773100,1000,133,1,-45,210,-312,-323,0,0,0,1,3,0,0,-754.346
1054774110,1010,134,1,-46,219,-313,-323,0,0,0,1,3,0,0,-753.336
1054775106,996,136,2,-48,212,-313,-323,0,0,0,1,3,0,0,-752.34
1054776098,992,137,1,-49,214,-314,-323,0,0,0,1,3,0,0,-751.348
1054777098,1000,138,1,-50,210,-314,-323,0,0,0,1,3,0,0,-750.348
1054778117,1019,140,2,-52,227,-314,-323,0,0,0,1,3,0,0,-749.329
1054779217,1100,141,1,-53,324,-315,-325,0,0,0,1,3,0,0,-748.229
1054780232,1015,143,2,-55,337,-315,-325,0,0,0,1,3,0,0,-747.214
1054781141,909,144,1,-56,252,-316,-325,0,0,0,1,3,0,0,-746.305
1054782141,1000,145,1,-57,255,-316,-325,0,0,0,1,3,0,0,-745.305
1054783121,980,147,2,-59,229,-317,-333,0,0,0,1,3,0,0,-744.325
1054784145,1024,148,1,-60,248,-317,-325,0,0,0,1,3,0,0,-743.301
1054785103,958,149,1,-61,220,-317,-323,0,0,0,1,3,0,0,-742.343
1054786140,1037,151,2,-63,250,-318,-333,0,0,0,1,3,0,0,-741.306
1054787147,1007,152,1,-64,250,-318,-325,0,0,0,1,3,0,0,-740.299
1054788134,987,153,1,-65,245,-318,-325,0,0,0,1,3,0,0,-739.312
1054789147,1013,155,2,-67,251,-319,-331,0,0,0,1,3,0,0,-738.299
1054790172,1025,156,1,-68,284,-319,-331,0,0,0,1,3,0,0,-737.274
1054791098,926,157,1,-69,214,-320,-324,0,0,0,1,3,0,0,-736.348
1054792107,1009,159,2,-71,212,-320,-331,0,0,0,1,3,0,0,-735.339
1054793092,985,160,1,-72,210,-320,-331,0,0,0,1,3,0,0,-734.354
1054794104,1012,162,2,-74,221,-321,-331,0,0,0,1,3,0,0,-733.342
1054795100,996,163,1,-75,217,-321,-331,0,0,0,1,3,0,0,-732.346
1054796094,994,164,1,-76,211,-322,-331,0,0,0,1,3,0,0,-731.352
1054797092,998,165,1,-77,208,-322,-323,0,0,0,1,3,0,0,-730.354
1054798112,1020,167,2,-79,229,-322,-331,0,0,0,1,3,0,0,-729.334
1054799199,1087,168,1,-80,309,-322,-325,0,0,0,1,3,0,0,-728.247
1054800230,1031,170,2,-82,344,-323,-333,0,0,0,1,3,0,0,-727.216
1054801124,894,171,1,-83,241,-323,-333,0,0,0,1,3,0,0,-726.322
1054802136,1012,172,1,-84,253,-323,-325,0,0,0,1,3,0,0,-725.31
1054803125,989,174,2,-86,229,-323,-333,0,0,0,1,3,0,0,-724.321
1054804142,1017,175,1,-87,254,-324,-333,0,0,0,1,3,0,0,-723.304
1054805128,986,176,1,-88,240,-324,-325,0,0,0,1,3,0,0,-722.318
1054806145,1017,178,2,-90,258,-324,-333,0,0,0,1,3,0,0,-721.301
1054807138,993,179,1,-91,252,-325,-333,0,0,0,1,3,0,0,-720.308
1054808135,997,180,1,-92,253,-325,-325,0,0,0,1,3,0,0,-719.311
1054809131,996,182,2,-94,249,-325,-331,0,0,0,1,3,0,0,-718.315
1054810159,1028,183,1,-95,271,-325,-331,0,0,0,1,3,0,0,-717.287
1054811102,943,184,1,-96,212,-325,-324,0,0,0,1,3,0,0,-716.344
1054812094,992,186,2,-98,212,-325,-331,0,0,0,1,3,0,0,-715.352
1054813097,1003,187,1,-99,212,-326,-331,0,0,0,1,3,0,0,-714.349
1054814108,1011,189,2,-101,219,-326,-331,0,0,0,1,3,0,0,-713.338
1054815104,996,190,1,-102,213,-326,-334,0,0,0,1,3,0,0,-712.342
1054816099,995,191,1,-103,214,-326,-331,0,0,0,1,3,0,0,-711.347
1054817098,999,193,2,-105,207,-327,-331,0,0,0,1,3,0,0,-710.348
1054818113,1015,194,1,-106,222,-327,-331,0,0,0,1,3,0,0,-709.333
1054819215,1102,196,2,-108,325,-327,-333,0,0,0,1,3,0,0,-708.231
1054820230,1015,197,1,-109,340,-327,-333,0,0,0,1,3,0,0,-707.216
1054821129,899,198,1,-110,245,-327,-333,0,0,0,1,3,0,0,-706.317
1054822152,1023,200,2,-112,262,-328,-333,0,0,0,1,3,0,0,-705.294
1054823119,967,201,1,-113,226,-328,-333,0,0,0,1,3,0,0,-704.327
1054824151,1032,202,1,-114,259,-328,-325,0,0,0,1,3,0,0,-703.295
1054825115,964,204,2,-116,229,-328,-333,0,0,0,1,3,0,0,-702.331
1054826139,1024,205,1,-117,255,-328,-333,0,0,0,1,3,0,0,-701.307
1054827128,989,206,1,-118,246,-328,-333,0,0,0,1,3,0,0,-700.318
1054828136,1008,208,2,-120,253,-329,-333,0,0,0,1,3,0,0,-699.31
1054829134,998,209,1,-121,249,-329,-331,0,0,0,1,3,0,0,-698.312
1054830173,1039,210,1,-122,288,-329,-331,0,0,0,1,3,0,0,-697.273
1054831100,927,211,1,-123,212,-329,-324,0,0,0,1,3,0,0,-696.346
1054832107,1007,213,2,-125,211,-329,-331,0,0,0,1,3,0,0,-695.339
1054833091,984,214,1,-126,208,-329,-331,0,0,0,1,3,0,0,-694.355
1054834103,1012,216,2,-128,219,-329,-331,0,0,0,1,3,0,0,-693.343
1054835109,1006,217,1,-129,212,-329,-331,0,0,0,1,3,0,0,-692.337
1054836104,995,219,2,-131,210,-329,-339,0,0,0,1,3,0,0,-691.342
1054837101,997,220,1,-132,206,-329,-331,0,0,0,1,3,0,0,-690.345
1054838124,1023,221,1,-133,230,-329,-331,0,0,0,1,3,0,0,-689.322
1054839201,1077,223,2,-135,313,-330,-333,0,0,0,1,3,0,0,-688.245
1054840237,1036,224,1,-136,343,-330,-333,0,0,0,1,3,0,0,-687.209
1054841139,902,225,1,-137,248,-330,-333,0,0,0,1,3,0,0,-686.307
1054842143,1004,227,2,-139,259,-330,-333,0,0,0,1,3,0,0,-685.303
1054843123,980,228,1,-140,230,-330,-333,0,0,0,1,3,0,0,-684.323
1054844149,1026,229,1,-141,262,-330,-325,0,0,0,1,3,0,0,-683.297
1054845112,963,231,2,-143,231,-330,-334,0,0,0,1,3,0,0,-682.334
1054846132,1020,232,1,-144,249,-330,-333,0,0,0,1,3,0,0,-681.314
1054847142,1010,234,2,-146,253,-330,-333,0,0,0,1,3,0,0,-680.304
1054848132,990,235,1,-147,247,-330,-333,0,0,0,1,3,0,0,-679.314
1054849151,1019,236,1,-148,255,-330,-330,0,0,0,1,3,0,0,-678.295
1054850161,1010,238,2,-150,271,-330,-331,0,0,0,1,3,0,0,-677.285
1054851098,937,239,1,-151,216,-331,-332,0,0,0,1,3,0,0,-676.348
1054852107,1009,240,1,-152,212,-331,-331,0,0,0,1,3,0,0,-675.339
1054853092,985,241,1,-153,210,-330,-324,0,0,0,1,3,0,0,-674.354
1054854103,1011,243,2,-155,220,-330,-331,0,0,0,1,3,0,0,-673.343
1054855107,1004,244,1,-156,218,-330,-331,0,0,0,1,3,0,0,-672.339
1054856092,985,246,2,-158,210,-330,-331,0,0,0,1,3,0,0,-671.354
1054857099,1007,247,1,-159,212,-330,-331,0,0,0,1,3,0,0,-670.347
1054858105,1006,248,1,-160,220,-330,-331,0,0,0,1,3,0,0,-669.341
1054859222,1117,250,2,-162,323,-331,-333,0,0,0,1,3,0,0,-668.224
1054860232,1010,251,1,-163,340,-331,-333,0,0,0,1,3,0,0,-667.214
1054861129,897,252,1,-164,244,-331,-333,0,0,0,1,3,0,0,-666.317
1054862139,1010,254,2,-166,254,-331,-333,0,0,0,1,3,0,0,-665.307
1054863119,980,255,1,-167,231,-331,-333,0,0,0,1,3,0,0,-664.327
1054864146,1027,256,1,-168,253,-331,-325,0,0,0,1,3,0,0,-663.3
1054865108,962,258,2,-170,224,-331,-331,0,0,0,1,3,0,0,-662.338
1054866136,1028,259,1,-171,245,-330,-325,0,0,0,1,3,0,0,-661.31
1054867136,1000,261,2,-173,251,-331,-333,0,0,0,1,3,0,0,-660.31
1054868135,999,262,1,-174,251,-331,-334,0,0,0,1,3,0,0,-659.311
1054869138,1003,263,1,-175,246,-331,-331,0,0,0,1,3,0,0,-658.308
1054870168,1030,265,2,-177,284,-331,-331,0,0,0,1,3,0,0,-657.278
1054871103,935,266,1,-178,209,-331,-332,0,0,0,1,3,0,0,-656.343
1054872095,992,267,1,-179,213,-331,-331,0,0,0,1,3,0,0,-655.351
1054873098,1003,269,2,-181,213,-331,-331,0,0,0,1,3,0,0,-654.348
1054874114,1016,270,1,-182,224,-331,-331,0,0,0,1,3,0,0,-653.332
1054875106,992,271,1,-183,210,-331,-331,0,0,0,1,3,0,0,-652.34
1054876101,995,273,2,-185,215,-331,-331,0,0,0,1,3,0,0,-651.345
1054877099,998,274,1,-186,208,-331,-331,0,0,0,1,3,0,0,-650.347
1054878120,1021,276,2,-188,229,-331,-331,0,0,0,1,3,0,0,-649.326
1054879208,1088,277,1,-189,316,-331,-333,0,0,0,1,3,0,0,-648.238
1054880237,1029,278,1,-190,341,-331,-325,0,0,0,1,3,0,0,-647.209
1054881155,918,280,2,-192,259,-331,-333,0,0,0,1,3,0,0,-646.291
1054882130,975,281,1,-193,247,-331,-333,0,0,0,1,3,0,0,-645.316
1054883126,996,282,1,-194,235,-331,-333,0,0,0,1,3,0,0,-644.32
1054884136,1010,284,2,-196,251,-331,-333,0,0,0,1,3,0,0,-643.31
1054885118,982,285,1,-197,234,-331,-334,0,0,0,1,3,0,0,-642.328
1054886144,1026,286,1,-198,256,-331,-325,0,0,0,1,3,0,0,-641.302
1054887128,984,288,2,-200,244,-331,-333,0,0,0,1,3,0,0,-640.318
1054888133,1005,289,1,-201,251,-331,-333,0,0,0,1,3,0,0,-639.313
1054889151,1018,290,1,-202,256,-331,-330,0,0,0,1,3,0,0,-638.295
1054890169,1018,292,2,-204,278,-331,-331,0,0,0,1,3,0,0,-637.277
1054891097,928,293,1,-205,215,-331,-332,0,0,0,1,3,0,0,-636.349
1054892103,1006,295,2,-207,211,-331,-339,0,0,0,1,3,0,0,-635.343
1054893099,996,296,1,-208,206,-331,-331,0,0,0,1,3,0,0,-634.347
1054894110,1011,297,1,-209,219,-331,-331,0,0,0,1,3,0,0,-633.336
1054895105,995,299,2,-211,213,-332,-339,0,0,0,1,3,0,0,-632.341
1054896100,995,300,1,-212,214,-332,-331,0,0,0,1,3,0,0,-631.346
1054897100,1000,301,1,-213,210,-332,-331,0,0,0,1,3,0,0,-630.346
1054898118,1018,303,2,-215,227,-332,-331,0,0,0,1,3,0,0,-629.328
1054899208,1090,304,1,-216,316,-332,-333,0,0,0,1,3,0,0,-628.238
1054900238,1030,306,2,-218,338,-332,-333,0,0,0,1,3,0,0,-627.208
1054901130,892,307,1,-219,245,-332,-333,0,0,0,1,3,0,0,-626.316
1054902150,1020,308,1,-220,260,-332,-333,0,0,0,1,3,0,0,-625.296
1054903114,964,310,2,-222,224,-332,-333,0,0,0,1,3,0,0,-624.332
1054904149,1035,311,1,-223,252,-332,-333,0,0,0,1,3,0,0,-623.297
1054905118,969,312,1,-224,228,-332,-334,0,0,0,1,3,0,0,-622.328
1054906146,1028,314,2,-226,255,-332,-333,0,0,0,1,3,0,0,-621.3
1054907133,987,315,1,-227,247,-332,-333,0,0,0,1,3,0,0,-620.313
1054908142,1009,316,1,-228,255,-332,-325,0,0,0,1,3,0,0,-619.304
1054909141,999,318,2,-230,256,-332,-331,0,0,0,1,3,0,0,-618.305
1054910174,1033,319,1,-231,285,-332,-331,0,0,0,1,3,0,0,-617.272
1054911097,923,320,1,-232,211,-332,-332,0,0,0,1,3,0,0,-616.349
1054912105,1008,322,2,-234,211,-332,-331,0,0,0,1,3,0,0,-615.341
1054913102,997,323,1,-235,205,-332,-331,0,0,0,1,3,0,0,-614.344
1054914112,1010,325,2,-237,218,-332,-339,0,0,0,1,3,0,0,-613.334
1054915105,993,326,1,-238,211,-332,-331,0,0,0,1,3,0,0,-612.341
1054916099,994,327,1,-239,210,-332,-331,0,0,0,1,3,0,0,-611.347
1054917098,999,329,2,-241,207,-332,-339,0,0,0,1,3,0,0,-610.348
1054918114,1016,330,1,-242,223,-332,-331,0,0,0,1,3,0,0,-609.332
1054919202,1088,331,1,-243,317,-332,-333,0,0,0,1,3,0,0,-608.244
1054920234,1032,333,2,-245,344,-332,-333,0,0,0,1,3,0,0,-607.212
1054921148,914,334,1,-246,255,-332,-333,0,0,0,1,3,0,0,-606.298
1054922155,1007,335,1,-247,265,-332,-325,0,0,0,1,3,0,0,-605.291
1054923114,959,337,2,-249,217,-332,-333,0,0,0,1,3,0,0,-604.332
1054924131,1017,338,1,-250,249,-332,-333,0,0,0,1,3,0,0,-603.315
1054925138,1007,339,1,-251,243,-332,-325,0,0,0,1,3,0,0,-602.308
1054926156,1018,341,2,-253,259,-332,-333,0,0,0,1,3,0,0,-601.29
1054927136,980,342,1,-254,241,-332,-333,0,0,0,1,3,0,0,-600.31
1054928151,1015,343,1,-255,256,-332,-325,0,0,0,1,3,0,0,-599.295
1054929145,994,345,2,-257,248,-332,-330,0,0,0,1,3,0,0,-598.301
1054930164,1019,346,1,-258,274,-332,-331,0,0,0,1,3,0,0,-597.282
1054931102,938,348,2,-260,211,-332,-332,0,0,0,1,3,0,0,-596.344
1054932107,1005,349,1,-261,211,-332,-331,0,0,0,1,3,0,0,-595.339
1054933092,985,350,1,-262,210,-332,-331,0,0,0,1,3,0,0,-594.354
1054934104,1012,351,1,-263,221,-331,-323,0,0,0,1,3,0,0,-593.342
1054935109,1005,353,2,-265,213,-331,-331,0,0,0,1,3,0,0,-592.337
1054936105,996,354,1,-266,211,-331,-331,0,0,0,1,3,0,0,-591.341
1054937102,997,355,1,-267,207,-331,-323,0,0,0,1,3,0,0,-590.344
1054938128,1026,357,2,-269,234,-331,-331,0,0,0,1,3,0,0,-589.318
1054939208,1080,358,1,-270,317,-331,-325,0,0,0,1,3,0,0,-588.238
1054940249,1041,360,2,-272,340,-331,-333,0,0,0,1,3,0,0,-587.197
1054941149,900,361,1,-273,252,-331,-333,0,0,0,1,3,0,0,-586.297
1054942155,1006,362,1,-274,259,-331,-325,0,0,0,1,3,0,0,-585.291
1054943120,965,364,2,-276,227,-331,-333,0,0,0,1,3,0,0,-584.326
1054944143,1023,365,1,-277,253,-330,-325,0,0,0,1,3,0,0,-583.303
1054945130,987,366,1,-278,238,-330,-325,0,0,0,1,3,0,0,-582.316
1054946141,1011,368,2,-280,253,-330,-333,0,0,0,1,3,0,0,-581.305
1054947133,992,369,1,-281,243,-330,-325,0,0,0,1,3,0,0,-580.313
1054948147,1014,371,2,-283,253,-330,-333,0,0,0,1,3,0,0,-579.299
1054949149,1002,372,1,-284,258,-330,-330,0,0,0,1,3,0,0,-578.297
1054950169,1020,373,1,-285,278,-330,-331,0,0,0,1,3,0,0,-577.277
1054951100,931,374,1,-286,214,-330,-324,0,0,0,1,3,0,0,-576.346
1054952106,1006,376,2,-288,210,-330,-331,0,0,0,1,3,0,0,-575.34
1054953091,985,377,1,-289,209,-330,-331,0,0,0,1,3,0,0,-574.355
1054954101,1010,379,2,-291,218,-330,-331,0,0,0,1,3,0,0,-573.345
1054955107,1006,380,1,-292,220,-330,-331,0,0,0,1,3,0,0,-572.339
1054956093,986,381,1,-293,209,-330,-331,0,0,0,1,3,0,0,-571.353
1054957100,1007,383,2,-295,210,-330,-331,0,0,0,1,3,0,0,-570.346
1054958110,1010,384,1,-296,223,-330,-331,0,0,0,1,3,0,0,-569.336
1054959205,1095,386,2,-298,317,-330,-333,0,0,0,1,3,0,0,-568.241
1054960238,1033,387,1,-299,343,-331,-333,0,0,0,1,3,0,0,-567.208
1054961139,901,388,1,-300,251,-330,-325,0,0,0,1,3,0,0,-566.307
1054962148,1009,390,2,-302,262,-331,-333,0,0,0,1,3,0,0,-565.298
1054963122,974,391,1,-303,226,-331,-333,0,0,0,1,3,0,0,-564.324
1054964133,1011,392,1,-304,250,-331,-333,0,0,0,1,3,0,0,-563.313
1054965116,983,394,2,-306,233,-331,-334,0,0,0,1,3,0,0,-562.33
1054966146,1030,395,1,-307,257,-331,-333,0,0,0,1,3,0,0,-561.3
1054967133,987,396,1,-308,247,-331,-333,0,0,0,1,3,0,0,-560.313
1054968148,1015,398,2,-310,254,-331,-333,0,0,0,1,3,0,0,-559.298
1054969138,990,399,1,-311,244,-331,-331,0,0,0,1,3,0,0,-558.308
1054970163,1025,400,1,-312,273,-331,-331,0,0,0,1,3,0,0,-557.283
1054971103,940,402,2,-314,212,-331,-332,0,0,0,1,3,0,0,-556.343
1054972101,998,403,1,-315,215,-331,-331,0,0,0,1,3,0,0,-555.345
1054973101,1000,404,1,-316,207,-331,-331,0,0,0,1,3,0,0,-554.345
1054974112,1011,406,2,-318,216,-331,-331,0,0,0,1,3,0,0,-553.334
1054975108,996,407,1,-319,210,-331,-331,0,0,0,1,3,0,0,-552.338
1054976102,994,408,1,-320,210,-331,-331,0,0,0,1,3,0,0,-551.344
1054977101,999,410,2,-322,205,-331,-331,0,0,0,1,3,0,0,-550.345
1054978125,1024,411,1,-323,228,-331,-331,0,0,0,1,3,0,0,-549.321
1054979208,1083,412,1,-324,318,-331,-325,0,0,0,1,3,0,0,-548.238
1054980230,1022,414,2,-326,338,-331,-333,0,0,0,1,3,0,0,-547.216
1054981144,914,415,1,-327,253,-331,-333,0,0,0,1,3,0,0,-546.302
1054982152,1008,417,2,-329,263,-331,-333,0,0,0,1,3,0,0,-545.294
1054983114,962,418,1,-330,218,-331,-333,0,0,0,1,3,0,0,-544.332
1054984143,1029,419,1,-331,259,-331,-325,0,0,0,1,3,0,0,-543.303
1054985120,977,420,1,-332,236,-331,-325,0,0,0,1,3,0,0,-542.326
1054986140,1020,422,2,-334,249,-331,-333,0,0,0,1,3,0,0,-541.306
1054987144,1004,423,1,-335,247,-331,-325,0,0,0,1,3,0,0,-540.302
1054988141,997,424,1,-336,248,-330,-325,0,0,0,1,3,0,0,-539.305
1054989146,1005,426,2,-338,260,-330,-330,0,0,0,1,3,0,0,-538.3
1054990166,1020,427,1,-339,283,-330,-323,0,0,0,1,3,0,0,-537.28
1054991092,926,428,1,-340,208,-330,-324,0,0,0,1,3,0,0,-536.354
1054992101,1009,430,2,-342,210,-330,-331,0,0,0,1,3,0,0,-535.345
1054993101,1000,431,1,-343,206,-330,-323,0,0,0,1,3,0,0,-534.345
1054994115,1014,432,1,-344,219,-329,-323,0,0,0,1,3,0,0,-533.331
1054995095,980,433,1,-345,210,-329,-323,0,0,0,1,3,0,0,-532.351
1054996105,1010,435,2,-347,210,-329,-323,0,0,0,1,3,0,0,-531.341
1054997091,986,437,2,-349,209,-329,-331,0,0,0,1,3,0,0,-530.355
1054998113,1022,438,1,-350,227,-329,-331,0,0,0,1,3,0,0,-529.333
1054999209,1096,439,1,-351,317,-329,-325,0,0,0,1,3,0,0,-528.237
1055000235,1026,440,1,-352,339,-329,-325,0,0,0,1,3,0,0,-527.211
1055001141,906,442,2,-354,252,-329,-325,0,0,0,1,3,0,0,-526.305
1055002157,1016,443,1,-355,268,-328,-325,0,0,0,1,3,0,0,-525.289
1055003103,946,445,2,-357,218,-329,-334,0,0,0,1,3,0,0,-524.343
1055004141,1038,446,1,-358,252,-329,-325,0,0,0,1,3,0,0,-523.305
1055005125,984,447,1,-359,236,-328,-325,0,0,0,1,3,0,0,-522.321
1055006140,1015,448,1,-360,255,-328,-325,0,0,0,1,3,0,0,-521.306
1055007139,999,450,2,-362,244,-328,-325,0,0,0,1,3,0,0,-520.307
1055008139,1000,451,1,-363,254,-328,-325,0,0,0,1,3,0,0,-519.307
1055009135,996,453,2,-365,250,-328,-331,0,0,0,1,3,0,0,-518.311
1055010163,1028,454,1,-366,270,-328,-331,0,0,0,1,3,0,0,-517.283
1055011107,944,455,1,-367,213,-328,-324,0,0,0,1,3,0,0,-516.339
1055012102,995,456,1,-368,212,-328,-323,0,0,0,1,3,0,0,-515.344
1055013101,999,458,2,-370,205,-328,-323,0,0,0,1,3,0,0,-514.345
1055014115,1014,459,1,-371,219,-328,-323,0,0,0,1,3,0,0,-513.331
1055015099,984,460,1,-372,215,-327,-323,0,0,0,1,3,0,0,-512.347
1055016094,995,462,2,-374,210,-328,-331,0,0,0,1,3,0,0,-511.352
1055017097,1003,463,1,-375,209,-327,-323,0,0,0,1,3,0,0,-510.349
1055018119,1022,464,1,-376,227,-327,-323,0,0,0,1,3,0,0,-509.327
1055019206,1087,466,2,-378,315,-327,-325,0,0,0,1,3,0,0,-508.24
1055020227,1021,468,2,-380,341,-327,-333,0,0,0,1,3,0,0,-507.219
1055021137,910,469,1,-381,247,-328,-333,0,0,0,1,3,0,0,-506.309
1055022155,1018,470,1,-382,268,-327,-325,0,0,0,1,3,0,0,-505.291
1055023114,959,471,1,-383,218,-327,-325,0,0,0,1,3,0,0,-504.332
1055024143,1029,473,2,-385,256,-328,-333,0,0,0,1,3,0,0,-503.303
1055025124,981,474,1,-386,232,-328,-333,0,0,0,1,3,0,0,-502.322
1055026151,1027,475,1,-387,254,-328,-325,0,0,0,1,3,0,0,-501.295
1055027138,987,477,2,-389,244,-328,-325,0,0,0,1,3,0,0,-500.308
1055028128,990,478,1,-390,243,-328,-325,0,0,0,1,3,0,0,-499.318
1055029146,1018,480,2,-392,256,-328,-330,0,0,0,1,3,0,0,-498.3
1055030170,1024,481,1,-393,281,-328,-331,0,0,0,1,3,0,0,-497.276
1055031102,932,482,1,-394,216,-328,-332,0,0,0,1,3,0,0,-496.344
1055032096,994,484,2,-396,212,-328,-331,0,0,0,1,3,0,0,-495.35
1055033098,1002,485,1,-397,210,-328,-331,0,0,0,1,3,0,0,-494.348
1055034111,1013,486,1,-398,219,-328,-323,0,0,0,1,3,0,0,-493.335
1055035109,998,487,1,-399,213,-328,-323,0,0,0,1,3,0,0,-492.337
1055036102,993,489,2,-401,211,-328,-331,0,0,0,1,3,0,0,-491.344
1055037102,1000,490,1,-402,207,-328,-331,0,0,0,1,3,0,0,-490.344
1055038120,1018,492,2,-404,224,-328,-331,0,0,0,1,3,0,0,-489.326
1055039213,1093,493,1,-405,316,-328,-325,0,0,0,1,3,0,0,-488.233
1055040236,1023,494,1,-406,343,-328,-325,0,0,0,1,3,0,0,-487.21
1055041139,903,496,2,-408,250,-328,-333,0,0,0,1,3,0,0,-486.307
1055042155,1016,497,1,-409,268,-328,-333,0,0,0,1,3,0,0,-485.291
1055043114,959,498,1,-410,218,-328,-325,0,0,0,1,3,0,0,-484.332
1055044143,1029,499,1,-411,256,-328,-325,0,0,0,1,3,0,0,-483.303
1055045124,981,501,2,-413,233,-328,-333,0,0,0,1,3,0,0,-482.322
1055046153,1029,502,1,-414,256,-328,-325,0,0,0,1,3,0,0,-481.293
1055047141,988,503,1,-415,246,-328,-325,0,0,0,1,3,0,0,-480.305
1055048137,996,505,2,-417,250,-328,-333,0,0,0,1,3,0,0,-479.309
1055049146,1009,506,1,-418,257,-328,-330,0,0,0,1,3,0,0,-478.3
1055050165,1019,508,2,-420,274,-328,-331,0,0,0,1,3,0,0,-477.281
1055051105,940,509,1,-421,215,-328,-324,0,0,0,1,3,0,0,-476.341
1055052101,996,510,1,-422,214,-328,-323,0,0,0,1,3,0,0,-475.345
1055053100,999,512,2,-424,206,-328,-331,0,0,0,1,3,0,0,-474.346
1055054112,1012,513,1,-425,217,-328,-331,0,0,0,1,3,0,0,-473.334
1055055110,998,515,2,-427,213,-328,-331,0,0,0,1,3,0,0,-472.336
1055056103,993,516,1,-428,211,-329,-331,0,0,0,1,3,0,0,-471.343
1055057102,999,517,1,-429,206,-329,-331,0,0,0,1,3,0,0,-470.344
1055058125,1023,518,1,-430,228,-328,-323,0,0,0,1,3,0,0,-469.321
1055059213,1088,520,2,-432,321,-328,-325,0,0,0,1,3,0,0,-468.233
1055060224,1011,521,1,-433,340,-328,-325,0,0,0,1,3,0,0,-467.222
1055061140,916,523,2,-435,247,-328,-333,0,0,0,1,3,0,0,-466.306
1055062154,1014,524,1,-436,264,-328,-325,0,0,0,1,3,0,0,-465.292
1055063117,963,525,1,-437,221,-328,-325,0,0,0,1,3,0,0,-464.329
1055064143,1026,527,2,-439,253,-328,-333,0,0,0,1,3,0,0,-463.303
1055065139,996,528,1,-440,242,-328,-333,0,0,0,1,3,0,0,-462.307
1055066145,1006,529,1,-441,258,-328,-325,0,0,0,1,3,0,0,-461.301
1055067138,993,530,1,-442,241,-328,-325,0,0,0,1,3,0,0,-460.308
1055068137,999,532,2,-444,249,-328,-325,0,0,0,1,3,0,0,-459.309
1055069123,986,533,1,-445,240,-328,-323,0,0,0,1,3,0,0,-458.323
1055070171,1048,535,2,-447,282,-328,-331,0,0,0,1,3,0,0,-457.275
1055071099,928,536,1,-448,208,-328,-332,0,0,0,1,3,0,0,-456.347
1055072106,1007,537,1,-449,210,-328,-323,0,0,0,1,3,0,0,-455.34
1055073097,991,538,1,-450,209,-328,-324,0,0,0,1,3,0,0,-454.349
1055074112,1015,540,2,-452,223,-328,-331,0,0,0,1,3,0,0,-453.334
1055075095,983,541,1,-453,213,-328,-331,0,0,0,1,3,0,0,-452.351
1055076102,1007,542,1,-454,210,-328,-323,0,0,0,1,3,0,0,-451.344
1055077091,989,544,2,-456,207,-328,-331,0,0,0,1,3,0,0,-450.355
1055078111,1020,545,1,-457,229,-328,-331,0,0,0,1,3,0,0,-449.335
1055079205,1094,546,1,-458,319,-328,-325,0,0,0,1,3,0,0,-448.241
1055080236,1031,548,2,-460,338,-328,-325,0,0,0,1,3,0,0,-447.21
1055081130,894,549,1,-461,247,-328,-325,0,0,0,1,3,0,0,-446.316
1055082154,1024,551,2,-463,262,-328,-333,0,0,0,1,3,0,0,-445.292
1055083116,962,552,1,-464,219,-328,-325,0,0,0,1,3,0,0,-444.33
1055084147,1031,553,1,-465,257,-328,-325,0,0,0,1,3,0,0,-443.299
1055085117,970,555,2,-467,231,-328,-325,0,0,0,1,3,0,0,-442.329
1055086143,1026,556,1,-468,255,-328,-325,0,0,0,1,3,0,0,-441.303
1055087129,986,558,2,-470,242,-328,-333,0,0,0,1,3,0,0,-440.317
1055088133,1004,559,1,-471,247,-328,-334,0,0,0,1,3,0,0,-439.313
1055089139,1006,560,1,-472,256,-328,-331,0,0,0,1,3,0,0,-438.307
1055090165,1026,561,1,-473,277,-328,-323,0,0,0,1,3,0,0,-437.281
1055091094,929,563,2,-475,211,-328,-332,0,0,0,1,3,0,0,-436.352
1055092104,1010,564,1,-476,211,-328,-323,0,0,0,1,3,0,0,-435.342
1055093091,987,565,1,-477,209,-328,-324,0,0,0,1,3,0,0,-434.355
1055094108,1017,567,2,-479,222,-328,-331,0,0,0,1,3,0,0,-433.338
1055095102,994,568,1,-480,211,-328,-323,0,0,0,1,3,0,0,-432.344
1055096102,1000,569,1,-481,216,-328,-323,0,0,0,1,3,0,0,-431.344
1055097091,989,571,2,-483,209,-328,-331,0,0,0,1,3,0,0,-430.355
1055098106,1015,572,1,-484,220,-328,-331,0,0,0,1,3,0,0,-429.34
1055099206,1100,574,2,-486,320,-328,-333,0,0,0,1,3,0,0,-428.24
1055100230,1024,575,1,-487,337,-328,-325,0,0,0,1,3,0,0,-427.216
1055101141,911,576,1,-488,250,-328,-325,0,0,0,1,3,0,0,-426.305
1055102151,1010,577,1,-489,263,-328,-325,0,0,0,1,3,0,0,-425.295
1055103113,962,579,2,-491,221,-328,-333,0,0,0,1,3,0,0,-424.333
1055104143,1030,580,1,-492,256,-328,-325,0,0,0,1,3,0,0,-423.303
1055105142,999,581,1,-493,246,-328,-325,0,0,0,1,3,0,0,-422.304
1055106138,996,582,1,-494,250,-328,-325,0,0,0,1,3,0,0,-421.308
1055107142,1004,584,2,-496,248,-327,-325,0,0,0,1,3,0,0,-420.304
1055108138,996,585,1,-497,251,-327,-325,0,0,0,1,3,0,0,-419.308
1055109136,998,587,2,-499,248,-328,-331,0,0,0,1,3,0,0,-418.31
1055110170,1034,588,1,-500,286,-328,-331,0,0,0,1,3,0,0,-417.276
1055111093,923,589,1,-501,209,-328,-324,0,0,0,1,3,0,0,-416.353
1055112104,1011,590,1,-502,211,-327,-323,0,0,0,1,3,0,0,-415.342
1055113103,999,592,2,-504,206,-327,-323,0,0,0,1,3,0,0,-414.343
1055114103,1000,593,1,-505,221,-327,-323,0,0,0,1,3,0,0,-413.343
1055115106,1003,595,2,-507,217,-327,-331,0,0,0,1,3,0,0,-412.34
1055116099,993,596,1,-508,211,-327,-323,0,0,0,1,3,0,0,-411.347
1055117094,995,597,1,-509,212,-327,-323,0,0,0,1,3,0,0,-410.352
1055118106,1012,598,1,-510,223,-326,-315,0,0,0,1,3,0,0,-409.34
1055119212,1106,600,2,-512,315,-326,-325,0,0,0,1,3,0,0,-408.234
1055120227,1015,601,1,-513,341,-326,-325,0,0,0,1,3,0,0,-407.219
1055121149,922,603,2,-515,253,-326,-325,0,0,0,1,3,0,0,-406.297
1055122136,987,604,1,-516,254,-326,-325,0,0,0,1,3,0,0,-405.31
1055123114,978,605,1,-517,230,-326,-325,0,0,0,1,3,0,0,-404.332
1055124150,1036,606,1,-518,255,-326,-317,0,0,0,1,3,0,0,-403.296
1055125116,966,608,2,-520,231,-326,-325,0,0,0,1,3,0,0,-402.33
1055126142,1026,609,1,-521,254,-326,-325,0,0,0,1,3,0,0,-401.304
1055127141,999,611,2,-523,254,-326,-325,0,0,0,1,3,0,0,-400.305
1055128141,1000,612,1,-524,253,-326,-325,0,0,0,1,3,0,0,-399.305
1055129139,998,613,1,-525,248,-326,-323,0,0,0,1,3,0,0,-398.307
1055130161,1022,615,2,-527,278,-325,-323,0,0,0,1,3,0,0,-397.285
1055131103,942,616,1,-528,214,-325,-324,0,0,0,1,3,0,0,-396.343
1055132099,996,617,1,-529,213,-325,-323,0,0,0,1,3,0,0,-395.347
1055133098,999,618,1,-530,205,-325,-323,0,0,0,1,3,0,0,-394.348
1055134111,1013,620,2,-532,218,-325,-323,0,0,0,1,3,0,0,-393.335
1055135108,997,621,1,-533,212,-325,-323,0,0,0,1,3,0,0,-392.338
1055136102,994,622,1,-534,210,-325,-323,0,0,0,1,3,0,0,-391.344
1055137101,999,624,2,-536,205,-325,-331,0,0,0,1,3,0,0,-390.345
1055138125,1024,625,1,-537,228,-325,-323,0,0,0,1,3,0,0,-389.321
1055139212,1087,627,2,-539,315,-325,-325,0,0,0,1,3,0,0,-388.234
1055140239,1027,628,1,-540,340,-325,-325,0,0,0,1,3,0,0,-387.207
1055141140,901,629,1,-541,248,-325,-325,0,0,0,1,3,0,0,-386.306
1055142138,998,630,1,-542,253,-325,-325,0,0,0,1,3,0,0,-385.308
1055143115,977,632,2,-544,227,-325,-325,0,0,0,1,3,0,0,-384.331
1055144145,1030,633,1,-545,251,-325,-325,0,0,0,1,3,0,0,-383.301
1055145114,969,634,1,-546,229,-325,-317,0,0,0,1,3,0,0,-382.332
1055146135,1021,636,2,-548,247,-325,-325,0,0,0,1,3,0,0,-381.311
1055147135,1000,637,1,-549,243,-325,-325,0,0,0,1,3,0,0,-380.311
1055148149,1014,638,1,-550,253,-325,-325,0,0,0,1,3,0,0,-379.297
1055149139,990,640,2,-552,254,-325,-330,0,0,0,1,3,0,0,-378.307
1055150181,1042,641,1,-553,281,-325,-323,0,0,0,1,3,0,0,-377.265
1055151103,922,642,1,-554,217,-325,-324,0,0,0,1,3,0,0,-376.343
1055152099,996,644,2,-556,213,-325,-323,0,0,0,1,3,0,0,-375.347
1055153098,999,645,1,-557,205,-325,-323,0,0,0,1,3,0,0,-374.348
1055154111,1013,646,1,-558,218,-325,-323,0,0,0,1,3,0,0,-373.335
1055155100,989,648,2,-560,217,-325,-331,0,0,0,1,3,0,0,-372.346
1055156093,993,649,1,-561,211,-325,-323,0,0,0,1,3,0,0,-371.353
1055157097,1004,650,1,-562,211,-325,-323,0,0,0,1,3,0,0,-370.349
1055158119,1022,652,2,-564,226,-325,-323,0,0,0,1,3,0,0,-369.327
1055159211,1092,653,1,-565,316,-325,-325,0,0,0,1,3,0,0,-368.235
1055160232,1021,655,2,-567,340,-325,-325,0,0,0,1,3,0,0,-367.214
1055161144,912,656,1,-568,255,-325,-325,0,0,0,1,3,0,0,-366.302
1055162157,1013,657,1,-569,268,-325,-325,0,0,0,1,3,0,0,-365.289
1055163111,954,658,1,-570,225,-325,-325,0,0,0,1,3,0,0,-364.335
1055164146,1035,660,2,-572,249,-325,-325,0,0,0,1,3,0,0,-363.3
1055165116,970,661,1,-573,227,-325,-325,0,0,0,1,3,0,0,-362.33
1055166141,1025,662,1,-574,253,-325,-325,0,0,0,1,3,0,0,-361.305
1055167121,980,663,1,-575,237,-325,-317,0,0,0,1,3,0,0,-360.325
1055168136,1015,665,2,-577,244,-325,-325,0,0,0,1,3,0,0,-359.31
1055169126,990,666,1,-578,241,-325,-323,0,0,0,1,3,0,0,-358.32
1055170169,1043,668,2,-580,283,-325,-323,0,0,0,1,3,0,0,-357.277
1055171100,931,669,1,-581,209,-325,-324,0,0,0,1,3,0,0,-356.346
1055172106,1006,670,1,-582,212,-324,-323,0,0,0,1,3,0,0,-355.34
1055173098,992,671,1,-583,211,-324,-323,0,0,0,1,3,0,0,-354.348
1055174109,1011,673,2,-585,221,-324,-323,0,0,0,1,3,0,0,-353.337
1055175106,997,674,1,-586,211,-324,-323,0,0,0,1,3,0,0,-352.34
1055176103,997,675,1,-587,218,-324,-323,0,0,0,1,3,0,0,-351.343
1055177098,995,677,2,-589,212,-324,-323,0,0,0,1,3,0,0,-350.348
1055178116,1018,678,1,-590,228,-324,-323,0,0,0,1,3,0,0,-349.33
1055179218,1102,679,1,-591,321,-324,-317,0,0,0,1,3,0,0,-348.228
1055180230,1012,681,2,-593,340,-324,-325,0,0,0,1,3,0,0,-347.216
1055181140,910,682,1,-594,250,-324,-325,0,0,0,1,3,0,0,-346.306
1055182139,999,683,1,-595,253,-324,-317,0,0,0,1,3,0,0,-345.307
1055183115,976,685,2,-597,227,-324,-325,0,0,0,1,3,0,0,-344.331
1055184147,1032,686,1,-598,253,-324,-325,0,0,0,1,3,0,0,-343.299
1055185116,969,687,1,-599,228,-324,-317,0,0,0,1,3,0,0,-342.33
1055186141,1025,689,2,-601,248,-324,-325,0,0,0,1,3,0,0,-341.305
1055187145,1004,690,1,-602,249,-324,-325,0,0,0,1,3,0,0,-340.301
1055188137,992,691,1,-603,246,-323,-317,0,0,0,1,3,0,0,-339.309
1055189145,1008,692,1,-604,262,-323,-315,0,0,0,1,3,0,0,-338.301
1055190173,1028,694,2,-606,275,-323,-323,0,0,0,1,3,0,0,-337.273
1055191103,930,695,1,-607,214,-323,-316,0,0,0,1,3,0,0,-336.343
1055192101,998,696,1,-608,215,-323,-315,0,0,0,1,3,0,0,-335.345
1055193101,1000,698,2,-610,206,-323,-323,0,0,0,1,3,0,0,-334.345
1055194112,1011,699,1,-611,216,-323,-323,0,0,0,1,3,0,0,-333.334
1055195098,986,700,1,-612,215,-322,-316,0,0,0,1,3,0,0,-332.348
1055196093,995,702,2,-614,211,-322,-323,0,0,0,1,3,0,0,-331.353
1055197097,1004,703,1,-615,211,-322,-323,0,0,0,1,3,0,0,-330.349
1055198118,1021,704,1,-616,225,-322,-323,0,0,0,1,3,0,0,-329.328
1055199213,1095,706,2,-618,316,-322,-325,0,0,0,1,3,0,0,-328.233
1055200237,1024,707,1,-619,337,-322,-317,0,0,0,1,3,0,0,-327.209
1055201148,911,708,1,-620,254,-322,-317,0,0,0,1,3,0,0,-326.298
1055202154,1006,710,2,-622,260,-322,-325,0,0,0,1,3,0,0,-325.292
1055203103,949,711,1,-623,219,-322,-325,0,0,0,1,3,0,0,-324.343
1055204143,1040,712,1,-624,255,-322,-317,0,0,0,1,3,0,0,-323.303
1055205115,972,714,2,-626,225,-322,-325,0,0,0,1,3,0,0,-322.331
1055206142,1027,715,1,-627,257,-322,-325,0,0,0,1,3,0,0,-321.304
1055207125,983,716,1,-628,238,-322,-317,0,0,0,1,3,0,0,-320.321
1055208150,1025,717,1,-629,253,-322,-317,0,0,0,1,3,0,0,-319.296
1055209139,989,719,2,-631,251,-322,-323,0,0,0,1,3,0,0,-318.307
1055210178,1039,720,1,-632,280,-322,-323,0,0,0,1,3,0,0,-317.268
1055211092,914,721,1,-633,209,-322,-316,0,0,0,1,3,0,0,-316.354
1055212101,1009,723,2,-635,211,-322,-323,0,0,0,1,3,0,0,-315.345
1055213101,1000,724,1,-636,206,-322,-323,0,0,0,1,3,0,0,-314.345
1055214110,1009,726,2,-638,214,-322,-323,0,0,0,1,3,0,0,-313.336
1055215106,996,727,1,-639,212,-322,-323,0,0,0,1,3,0,0,-312.34
1055216103,997,728,1,-640,211,-322,-323,0,0,0,1,3,0,0,-311.343
1055217102,999,729,1,-641,205,-322,-315,0,0,0,1,3,0,0,-310.344
1055218102,1000,731,2,-643,220,-322,-323,0,0,0,1,3,0,0,-309.344
1055219214,1112,732,1,-644,324,-322,-325,0,0,0,1,3,0,0,-308.232
1055220235,1021,734,2,-646,339,-322,-325,0,0,0,1,3,0,0,-307.211
1055221140,905,735,1,-647,254,-322,-325,0,0,0,1,3,0,0,-306.306
1055222142,1002,736,1,-648,257,-322,-325,0,0,0,1,3,0,0,-305.304
1055223108,966,738,2,-650,224,-322,-325,0,0,0,1,3,0,0,-304.338
1055224145,1037,739,1,-651,248,-323,-325,0,0,0,1,3,0,0,-303.301
1055225112,967,740,1,-652,223,-323,-325,0,0,0,1,3,0,0,-302.334
1055226129,1017,741,1,-653,245,-322,-317,0,0,0,1,3,0,0,-301.317
1055227135,1006,743,2,-655,250,-323,-325,0,0,0,1,3,0,0,-300.311
1055228135,1000,744,1,-656,251,-323,-325,0,0,0,1,3,0,0,-299.311
1055229136,1001,745,1,-657,253,-323,-323,0,0,0,1,3,0,0,-298.31
1055230172,1036,747,2,-659,278,-323,-323,0,0,0,1,3,0,0,-297.274
1055231094,922,748,1,-660,212,-323,-324,0,0,0,1,3,0,0,-296.352
1055232104,1010,749,1,-661,213,-323,-323,0,0,0,1,3,0,0,-295.342
1055233102,998,750,1,-662,206,-322,-316,0,0,0,1,3,0,0,-294.344
1055234123,1021,752,2,-664,226,-322,-323,0,0,0,1,3,0,0,-293.323
1055235093,970,753,1,-665,210,-323,-323,0,0,0,1,3,0,0,-292.353
1055236100,1007,754,1,-666,214,-322,-315,0,0,0,1,3,0,0,-291.346
1055237099,999,756,2,-668,206,-322,-323,0,0,0,1,3,0,0,-290.347
1055238127,1028,757,1,-669,233,-322,-323,0,0,0,1,3,0,0,-289.319
1055239208,1081,758,1,-670,316,-322,-317,0,0,0,1,3,0,0,-288.238
1055240231,1023,760,2,-672,344,-322,-325,0,0,0,1,3,0,0,-287.215
1055241147,916,761,1,-673,254,-322,-325,0,0,0,1,3,0,0,-286.299
1055242156,1009,762,1,-674,264,-322,-317,0,0,0,1,3,0,0,-285.29
1055243104,948,763,1,-675,219,-322,-317,0,0,0,1,3,0,0,-284.342
1055244143,1039,765,2,-677,255,-322,-317,0,0,0,1,3,0,0,-283.303
1055245116,973,766,1,-678,227,-322,-317,0,0,0,1,3,0,0,-282.33
1055246138,1022,768,2,-680,252,-322,-325,0,0,0,1,3,0,0,-281.308
1055247147,1009,769,1,-681,250,-322,-325,0,0,0,1,3,0,0,-280.299
1055248143,996,770,1,-682,248,-322,-317,0,0,0,1,3,0,0,-279.303
1055249143,1000,771,1,-683,252,-321,-315,0,0,0,1,3,0,0,-278.303
1055250163,1020,772,1,-684,275,-321,-316,0,0,0,1,3,0,0,-277.283
1055251103,940,774,2,-686,212,-321,-316,0,0,0,1,3,0,0,-276.343
1055252100,997,775,1,-687,214,-321,-315,0,0,0,1,3,0,0,-275.346
1055253099,999,777,2,-689,206,-321,-323,0,0,0,1,3,0,0,-274.347
1055254112,1013,778,1,-690,219,-321,-315,0,0,0,1,3,0,0,-273.334
1055255109,997,779,1,-691,213,-320,-315,0,0,0,1,3,0,0,-272.337
1055256103,994,780,1,-692,211,-320,-315,0,0,0,1,3,0,0,-271.343
1055257102,999,782,2,-694,206,-320,-323,0,0,0,1,3,0,0,-270.344
1055258127,1025,783,1,-695,230,-320,-315,0,0,0,1,3,0,0,-269.319
1055259209,1082,784,1,-696,319,-320,-317,0,0,0,1,3,0,0,-268.237
1055260234,1025,786,2,-698,337,-320,-317,0,0,0,1,3,0,0,-267.212
1055261143,909,787,1,-699,247,-320,-317,0,0,0,1,3,0,0,-266.303
1055262157,1014,788,1,-700,267,-320,-317,0,0,0,1,3,0,0,-265.289
1055263112,955,790,2,-702,227,-320,-325,0,0,0,1,3,0,0,-264.334
1055264138,1026,791,1,-703,252,-320,-317,0,0,0,1,3,0,0,-263.308
1055265126,988,792,1,-704,230,-320,-317,0,0,0,1,3,0,0,-262.32
1055266142,1016,793,1,-705,255,-319,-317,0,0,0,1,3,0,0,-261.304
1055267141,999,795,2,-707,246,-319,-317,0,0,0,1,3,0,0,-260.305
1055268137,996,796,1,-708,249,-319,-317,0,0,0,1,3,0,0,-259.309
1055269150,1013,798,2,-710,266,-319,-323,0,0,0,1,3,0,0,-258.296
1055270180,1030,799,1,-711,282,-320,-323,0,0,0,1,3,0,0,-257.266
1055271101,921,800,1,-712,216,-319,-316,0,0,0,1,3,0,0,-256.345
1055272099,998,801,1,-713,213,-319,-316,0,0,0,1,3,0,0,-255.347
1055273098,999,803,2,-715,205,-319,-324,0,0,0,1,3,0,0,-254.348
1055274112,1014,804,1,-716,219,-320,-323,0,0,0,1,3,0,0,-253.334
1055275107,995,805,1,-717,211,-319,-315,0,0,0,1,3,0,0,-252.339
1055276103,996,807,2,-719,210,-320,-323,0,0,0,1,3,0,0,-251.343
1055277102,999,808,1,-720,205,-319,-315,0,0,0,1,3,0,0,-250.344
1055278109,1007,809,1,-721,227,-319,-315,0,0,0,1,3,0,0,-249.337
1055279206,1097,811,2,-723,320,-320,-325,0,0,0,1,3,0,0,-248.24
1055280229,1023,812,1,-724,344,-320,-325,0,0,0,1,3,0,0,-247.217
1055281130,901,813,1,-725,248,-320,-317,0,0,0,1,3,0,0,-246.316
1055282150,1020,814,1,-726,262,-320,-317,0,0,0,1,3,0,0,-245.296
1055283110,960,816,2,-728,217,-319,-317,0,0,0,1,3,0,0,-244.336
1055284128,1018,817,1,-729,246,-319,-317,0,0,0,1,3,0,0,-243.318
1055285129,1001,819,2,-731,235,-320,-325,0,0,0,1,3,0,0,-242.317
1055286146,1017,820,1,-732,259,-320,-325,0,0,0,1,3,0,0,-241.3
1055287118,972,821,1,-733,235,-320,-317,0,0,0,1,3,0,0,-240.328
1055288137,1019,822,1,-734,254,-320,-317,0,0,0,1,3,0,0,-239.309
1055289141,1004,823,1,-735,253,-319,-315,0,0,0,1,3,0,0,-238.305
1055290178,1037,825,2,-737,278,-320,-323,0,0,0,1,3,0,0,-237.268
1055291102,924,826,1,-738,213,-319,-316,0,0,0,1,3,0,0,-236.344
1055292096,994,827,1,-739,212,-319,-315,0,0,0,1,3,0,0,-235.35
1055293099,1003,829,2,-741,210,-319,-324,0,0,0,1,3,0,0,-234.347
1055294109,1010,830,1,-742,216,-319,-315,0,0,0,1,3,0,0,-233.337
1055295106,997,831,1,-743,215,-319,-315,0,0,0,1,3,0,0,-232.34
1055296105,999,832,1,-744,217,-319,-315,0,0,0,1,3,0,0,-231.341
1055297092,987,834,2,-746,208,-319,-323,0,0,0,1,3,0,0,-230.354
1055298106,1014,835,1,-747,220,-319,-315,0,0,0,1,3,0,0,-229.34
1055299207,1101,836,1,-748,322,-319,-309,0,0,0,1,3,0,0,-228.239
1055300240,1033,838,2,-750,341,-318,-317,0,0,0,1,3,0,0,-227.206
1055301146,906,839,1,-751,250,-318,-317,0,0,0,1,3,0,0,-226.3
1055302155,1009,840,1,-752,259,-318,-317,0,0,0,1,3,0,0,-225.291
1055303118,963,842,2,-754,221,-318,-317,0,0,0,1,3,0,0,-224.328
1055304143,1025,843,1,-755,253,-318,-317,0,0,0,1,3,0,0,-223.303
1055305112,969,844,1,-756,230,-318,-317,0,0,0,1,3,0,0,-222.334
1055306129,1017,845,1,-757,247,-318,-309,0,0,0,1,3,0,0,-221.317
1055307146,1017,847,2,-759,249,-318,-317,0,0,0,1,3,0,0,-220.3
1055308140,994,848,1,-760,254,-318,-317,0,0,0,1,3,0,0,-219.306
1055309147,1007,849,1,-761,259,-318,-315,0,0,0,1,3,0,0,-218.299
1055310170,1023,850,1,-762,280,-317,-308,0,0,0,1,3,0,0,-217.276
1055311099,929,852,2,-764,213,-317,-316,0,0,0,1,3,0,0,-216.347
1055312107,1008,853,1,-765,211,-317,-315,0,0,0,1,3,0,0,-215.339
1055313092,985,854,1,-766,208,-317,-316,0,0,0,1,3,0,0,-214.354
1055314113,1021,856,2,-768,227,-317,-315,0,0,0,1,3,0,0,-213.333
1055315107,994,857,1,-769,210,-317,-315,0,0,0,1,3,0,0,-212.339
1055316101,994,858,1,-770,212,-317,-307,0,0,0,1,3,0,0,-211.345
1055317100,999,859,1,-771,206,-316,-308,0,0,0,1,3,0,0,-210.346
1055318132,1032,861,2,-773,237,-316,-315,0,0,0,1,3,0,0,-209.314
1055319204,1072,862,1,-774,320,-316,-317,0,0,0,1,3,0,0,-208.242
1055320229,1025,864,2,-776,340,-316,-317,0,0,0,1,3,0,0,-207.217
1055321134,905,865,1,-777,251,-316,-317,0,0,0,1,3,0,0,-206.312
1055322133,999,866,1,-778,251,-316,-317,0,0,0,1,3,0,0,-205.313
1055323116,983,867,1,-779,231,-316,-309,0,0,0,1,3,0,0,-204.33
1055324137,1021,868,1,-780,246,-316,-309,0,0,0,1,3,0,0,-203.309
1055325132,995,870,2,-782,244,-316,-317,0,0,0,1,3,0,0,-202.314
1055326149,1017,871,1,-783,256,-316,-317,0,0,0,1,3,0,0,-201.297
1055327133,984,872,1,-784,247,-316,-309,0,0,0,1,3,0,0,-200.313
1055328134,1001,874,2,-786,252,-316,-317,0,0,0,1,3,0,0,-199.312
1055329153,1019,875,1,-787,258,-316,-315,0,0,0,1,3,0,0,-198.293
1055330174,1021,876,1,-788,277,-316,-315,0,0,0,1,3,0,0,-197.272
1055331100,926,877,1,-789,215,-315,-309,0,0,0,1,3,0,0,-196.346
1055332109,1009,878,1,-790,212,-315,-308,0,0,0,1,3,0,0,-195.337
1055333098,989,880,2,-792,212,-315,-316,0,0,0,1,3,0,0,-194.348
1055334113,1015,881,1,-793,221,-315,-307,0,0,0,1,3,0,0,-193.333
1055335096,983,883,2,-795,215,-315,-315,0,0,0,1,3,0,0,-192.35
1055336105,1009,884,1,-796,211,-315,-315,0,0,0,1,3,0,0,-191.341
1055337092,987,885,1,-797,210,-315,-315,0,0,0,1,3,0,0,-190.354
1055338110,1018,886,1,-798,224,-314,-308,0,0,0,1,3,0,0,-189.336
1055339214,1104,888,2,-800,326,-315,-317,0,0,0,1,3,0,0,-188.232
1055340229,1015,889,1,-801,335,-315,-317,0,0,0,1,3,0,0,-187.217
1055341145,916,890,1,-802,255,-314,-309,0,0,0,1,3,0,0,-186.301
1055342152,1007,891,1,-803,262,-314,-309,0,0,0,1,3,0,0,-185.294
1055343121,969,893,2,-805,225,-314,-317,0,0,0,1,3,0,0,-184.325
1055344152,1031,894,1,-806,257,-314,-309,0,0,0,1,3,0,0,-183.294
1055345123,971,895,1,-807,232,-314,-309,0,0,0,1,3,0,0,-182.323
1055346143,1020,897,2,-809,249,-314,-317,0,0,0,1,3,0,0,-181.303
1055347134,991,898,1,-810,247,-314,-317,0,0,0,1,3,0,0,-180.312
1055348151,1017,899,1,-811,256,-314,-309,0,0,0,1,3,0,0,-179.295
1055349146,995,901,2,-813,259,-314,-315,0,0,0,1,3,0,0,-178.3
1055350173,1027,902,1,-814,281,-314,-315,0,0,0,1,3,0,0,-177.273
1055351101,928,903,1,-815,210,-314,-308,0,0,0,1,3,0,0,-176.345
1055352096,995,904,1,-816,211,-314,-308,0,0,0,1,3,0,0,-175.35
1055353098,1002,906,2,-818,209,-314,-315,0,0,0,1,3,0,0,-174.348
1055354110,1012,907,1,-819,217,-314,-315,0,0,0,1,3,0,0,-173.336
1055355109,999,908,1,-820,214,-314,-315,0,0,0,1,3,0,0,-172.337
1055356105,996,909,1,-821,210,-314,-307,0,0,0,1,3,0,0,-171.341
1055357091,986,911,2,-823,208,-314,-316,0,0,0,1,3,0,0,-170.355
1055358108,1017,912,1,-824,222,-314,-315,0,0,0,1,3,0,0,-169.338
1055359214,1106,913,1,-825,320,-313,-309,0,0,0,1,3,0,0,-168.232
1055360228,1014,914,1,-826,338,-313,-309,0,0,0,1,3,0,0,-167.218
1055361128,900,916,2,-828,246,-313,-317,0,0,0,1,3,0,0,-166.318
1055362152,1024,917,1,-829,261,-314,-317,0,0,0,1,3,0,0,-165.294
1055363112,960,918,1,-830,223,-313,-309,0,0,0,1,3,0,0,-164.334
1055364143,1031,920,2,-832,254,-314,-317,0,0,0,1,3,0,0,-163.303
1055365129,986,921,1,-833,237,-313,-309,0,0,0,1,3,0,0,-162.317
1055366140,1011,922,1,-834,250,-313,-309,0,0,0,1,3,0,0,-161.306
1055367145,1005,923,1,-835,250,-313,-309,0,0,0,1,3,0,0,-160.301
1055368141,996,925,2,-837,250,-313,-317,0,0,0,1,3,0,0,-159.305
1055369138,997,926,1,-838,242,-313,-315,0,0,0,1,3,0,0,-158.308
1055370175,1037,927,1,-839,277,-313,-308,0,0,0,1,3,0,0,-157.271
1055371097,922,928,1,-840,214,-313,-308,0,0,0,1,3,0,0,-156.349
1055372108,1011,929,1,-841,212,-313,-308,0,0,0,1,3,0,0,-155.338
1055373093,985,931,2,-843,208,-313,-316,0,0,0,1,3,0,0,-154.353
1055374109,1016,932,1,-844,223,-313,-307,0,0,0,1,3,0,0,-153.337
1055375105,996,933,1,-845,214,-312,-308,0,0,0,1,3,0,0,-152.341
1055376102,997,934,1,-846,212,-312,-307,0,0,0,1,3,0,0,-151.344
1055377102,1000,936,2,-848,207,-312,-308,0,0,0,1,3,0,0,-150.344
1055378124,1022,937,1,-849,228,-312,-307,0,0,0,1,3,0,0,-149.322
1055379213,1089,939,2,-851,318,-312,-309,0,0,0,1,3,0,0,-148.233
1055380230,1017,940,1,-852,337,-312,-309,0,0,0,1,3,0,0,-147.216
1055381141,911,941,1,-853,254,-311,-309,0,0,0,1,3,0,0,-146.305
1055382149,1008,942,1,-854,262,-311,-309,0,0,0,1,3,0,0,-145.297
1055383117,968,943,1,-855,228,-311,-301,0,0,0,1,3,0,0,-144.329
1055384155,1038,945,2,-857,261,-311,-309,0,0,0,1,3,0,0,-143.291
1055385126,971,946,1,-858,234,-311,-309,0,0,0,1,3,0,0,-142.32
1055386147,1021,947,1,-859,250,-311,-309,0,0,0,1,3,0,0,-141.299
1055387141,994,949,2,-861,248,-311,-309,0,0,0,1,3,0,0,-140.305
1055388139,998,950,1,-862,253,-311,-309,0,0,0,1,3,0,0,-139.307
1055389144,1005,951,1,-863,251,-310,-307,0,0,0,1,3,0,0,-138.302
1055390171,1027,952,1,-864,285,-310,-308,0,0,0,1,3,0,0,-137.275
1055391106,935,954,2,-866,215,-310,-316,0,0,0,1,3,0,0,-136.34
1055392100,994,955,1,-867,212,-310,-307,0,0,0,1,3,0,0,-135.346
1055393099,999,956,1,-868,206,-310,-308,0,0,0,1,3,0,0,-134.347
1055394110,1011,957,1,-869,216,-310,-307,0,0,0,1,3,0,0,-133.336
1055395109,999,959,2,-871,215,-310,-307,0,0,0,1,3,0,0,-132.337
1055396102,993,960,1,-872,211,-310,-307,0,0,0,1,3,0,0,-131.344
1055397102,1000,961,1,-873,207,-310,-308,0,0,0,1,3,0,0,-130.344
1055398117,1015,962,1,-874,221,-310,-307,0,0,0,1,3,0,0,-129.329
1055399211,1094,963,1,-875,317,-309,-300,0,0,0,1,3,0,0,-128.235
1055400228,1017,965,2,-877,343,-309,-309,0,0,0,1,3,0,0,-127.218
1055401132,904,966,1,-878,248,-309,-309,0,0,0,1,3,0,0,-126.314
1055402154,1022,967,1,-879,260,-309,-309,0,0,0,1,3,0,0,-125.292
1055403114,960,968,1,-880,218,-309,-301,0,0,0,1,3,0,0,-124.332
1055404143,1029,970,2,-882,255,-309,-309,0,0,0,1,3,0,0,-123.303
1055405131,988,971,1,-883,239,-309,-309,0,0,0,1,3,0,0,-122.315
1055406145,1014,972,1,-884,252,-309,-309,0,0,0,1,3,0,0,-121.301
1055407129,984,974,2,-886,244,-309,-309,0,0,0,1,3,0,0,-120.317
1055408145,1016,975,1,-887,253,-309,-309,0,0,0,1,3,0,0,-119.301
1055409143,998,976,1,-888,246,-309,-307,0,0,0,1,3,0,0,-118.303
1055410166,1023,977,1,-889,280,-309,-300,0,0,0,1,3,0,0,-117.28
1055411093,927,979,2,-891,209,-309,-309,0,0,0,1,3,0,0,-116.353
1055412103,1010,980,1,-892,212,-308,-308,0,0,0,1,3,0,0,-115.343
1055413102,999,981,1,-893,206,-308,-308,0,0,0,1,3,0,0,-114.344
1055414123,1021,983,2,-895,227,-309,-315,0,0,0,1,3,0,0,-113.323
1055415103,980,984,1,-896,207,-309,-308,0,0,0,1,3,0,0,-112.343
1055416108,1005,985,1,-897,211,-309,-307,0,0,0,1,3,0,0,-111.338
1055417092,984,986,1,-898,207,-309,-308,0,0,0,1,3,0,0,-110.354
1055418111,1019,988,2,-900,225,-309,-307,0,0,0,1,3,0,0,-109.335
1055419214,1103,989,1,-901,319,-309,-309,0,0,0,1,3,0,0,-108.232
1055420235,1021,990,1,-902,338,-309,-309,0,0,0,1,3,0,0,-107.211
1055421141,906,991,1,-903,245,-308,-301,0,0,0,1,3,0,0,-106.305
1055422153,1012,992,1,-904,264,-308,-301,0,0,0,1,3,0,0,-105.293
1055423117,964,993,1,-905,224,-308,-301,0,0,0,1,3,0,0,-104.329
1055424147,1030,995,2,-907,257,-308,-309,0,0,0,1,3,0,0,-103.299
1055425130,983,996,1,-908,241,-307,-301,0,0,0,1,3,0,0,-102.316
1055426139,1009,997,1,-909,249,-307,-301,0,0,0,1,3,0,0,-101.307
1055427145,1006,999,2,-911,251,-307,-309,0,0,0,1,3,0,0,-100.301
1055428145,1000,1000,1,-912,251,-307,-309,0,0,0,1,3,0,0,-99.301
1055429138,993,1001,1,-913,244,-307,-307,0,0,0,1,3,0,0,-98.308
1055430169,1031,1002,1,-914,279,-307,-308,0,0,0,1,3,0,0,-97.277
1055431109,940,1004,2,-916,213,-307,-308,0,0,0,1,3,0,0,-96.337
1055432102,993,1005,1,-917,211,-307,-307,0,0,0,1,3,0,0,-95.344
1055433102,1000,1006,1,-918,207,-307,-308,0,0,0,1,3,0,0,-94.344
1055434112,1010,1007,1,-919,216,-307,-307,0,0,0,1,3,0,0,-93.334
1055435109,997,1009,2,-921,213,-307,-307,0,0,0,1,3,0,0,-92.337
1055436104,995,1010,1,-922,211,-307,-307,0,0,0,1,3,0,0,-91.342
1055437103,999,1011,1,-923,206,-307,-308,0,0,0,1,3,0,0,-90.343
1055438111,1008,1012,1,-924,229,-307,-299,0,0,0,1,3,0,0,-89.335
1055439211,1100,1013,1,-925,314,-307,-300,0,0,0,1,3,0,0,-88.235
1055440233,1022,1015,2,-927,339,-307,-309,0,0,0,1,3,0,0,-87.213
1055441141,908,1016,1,-928,255,-307,-301,0,0,0,1,3,0,0,-86.305
1055442155,1014,1017,1,-929,266,-306,-301,0,0,0,1,3,0,0,-85.291
1055443122,967,1018,1,-930,226,-306,-301,0,0,0,1,3,0,0,-84.324
1055444137,1015,1020,2,-932,255,-306,-301,0,0,0,1,3,0,0,-83.309
1055445126,989,1021,1,-933,239,-306,-301,0,0,0,1,3,0,0,-82.32
1055446138,1012,1022,1,-934,256,-306,-301,0,0,0,1,3,0,0,-81.308
1055459238,13100,1038,16,-950,368,-303,-300,0,0,0,1,5,1,100,-68.208
1055460206,968,1039,1,-951,331,-303,-301,0,0,0,1,5,1,100,-67.24
1055461129,923,1040,1,-952,248,-303,-293,0,0,0,1,5,1,100,-66.317
1055462136,1007,1042,2,-954,265,-303,-301,0,0,0,1,5,1,100,-65.31
1055463101,965,1043,1,-955,227,-303,-299,0,0,0,1,5,1,100,-64.345
1055464122,1021,1044,1,-956,255,-303,-301,0,0,0,1,5,1,100,-63.324
1055465111,989,1045,1,-957,240,-302,-293,0,0,0,1,5,1,100,-62.335
1055466133,1022,1046,1,-958,256,-302,-293,0,0,0,1,5,1,100,-61.313
1055467103,970,1047,1,-959,235,-301,-293,0,0,0,1,5,1,100,-60.343
1055468122,1019,1049,2,-961,254,-301,-301,0,0,0,1,5,1,100,-59.324
1055469109,987,1050,1,-962,239,-301,-299,0,0,0,1,5,1,100,-58.337
1055470167,1058,1051,1,-963,293,-301,-300,0,0,0,1,5,1,100,-57.279
1055471081,914,1052,1,-964,213,-301,-293,0,0,0,1,5,1,100,-56.365
1055472094,1013,1054,2,-966,217,-301,-300,0,0,0,1,5,1,100,-55.352
1055473078,984,1055,1,-967,211,-301,-300,0,0,0,1,5,1,100,-54.368
1055474107,1029,1056,1,-968,226,-301,-299,0,0,0,1,5,1,100,-53.339
1055475079,972,1057,1,-969,211,-301,-292,0,0,0,1,5,1,100,-52.367
1055476084,1005,1059,2,-971,216,-300,-300,0,0,0,1,5,1,100,-51.362
1055477083,999,1060,1,-972,211,-300,-300,0,0,0,1,5,1,100,-50.363
1055478094,1011,1061,1,-973,223,-300,-298,0,0,0,1,5,1,100,-49.352
1055479191,1097,1062,1,-974,317,-300,-295,0,0,0,1,5,1,100,-48.255
1055480224,1033,1064,2,-976,339,-300,-301,0,0,0,1,5,1,100,-47.222
1055481121,897,1065,1,-977,246,-300,-300,0,0,0,1,5,1,100,-46.325
1055482127,1006,1066,1,-978,253,-300,-298,0,0,0,1,5,1,100,-45.319
1055483102,975,1067,1,-979,226,-300,-297,0,0,0,1,5,1,100,-44.344
1055484133,1031,1069,2,-981,252,-300,-302,0,0,0,1,5,1,100,-43.313
1055485123,990,1070,1,-982,242,-300,-301,0,0,0,1,5,1,100,-42.323
1055486138,1015,1071,1,-983,258,-300,-299,0,0,0,1,5,1,100,-41.308
1055487106,968,1073,2,-985,239,-300,-304,0,0,0,1,5,1,100,-40.34
1055488132,1026,1074,1,-986,252,-300,-302,0,0,0,1,5,1,100,-39.314
1055489131,999,1075,1,-987,255,-300,-301,0,0,0,1,5,1,100,-38.315
1055490161,1030,1076,1,-988,288,-300,-300,0,0,0,1,5,1,100,-37.285
1055491090,929,1077,1,-989,215,-300,-300,0,0,0,1,5,1,100,-36.356
1055492090,1000,1079,2,-991,217,-301,-308,0,0,0,1,5,1,100,-35.356
1055493099,1009,1080,1,-992,219,-301,-300,0,0,0,1,5,1,100,-34.347
1055494097,998,1081,1,-993,217,-301,-299,0,0,0,1,5,1,100,-33.349
1055495095,998,1082,1,-994,217,-300,-300,0,0,0,1,5,1,100,-32.351
1055496082,987,1083,1,-995,215,-300,-300,0,0,0,1,5,1,100,-31.364
1055497094,1012,1085,2,-997,216,-301,-308,0,0,0,1,5,1,100,-30.352
1055498092,998,1086,1,-998,223,-301,-307,0,0,0,1,5,1,100,-29.354
1055499197,1105,1087,1,-999,320,-301,-300,0,0,0,1,5,1,100,-28.249
1055500218,1021,1088,1,-1000,335,-301,-301,0,0,0,1,5,1,100,-27.228
1055501130,912,1090,2,-1002,251,-301,-309,0,0,0,1,5,1,100,-26.316
1055502134,1004,1091,1,-1003,260,-301,-301,0,0,0,1,5,1,100,-25.312
1055503096,962,1092,1,-1004,229,-301,-301,0,0,0,1,5,1,100,-24.35
1055504123,1027,1094,2,-1006,254,-301,-309,0,0,0,1,5,1,100,-23.323
1055505110,987,1095,1,-1007,236,-302,-309,0,0,0,1,5,1,100,-22.336
1055506129,1019,1096,1,-1008,253,-302,-301,0,0,0,1,5,1,100,-21.317
1055507131,1002,1097,1,-1009,251,-302,-301,0,0,0,1,5,1,100,-20.315
1055508120,989,1098,1,-1010,252,-302,-301,0,0,0,1,5,1,100,-19.326
1055509112,992,1099,1,-1011,239,-302,-299,0,0,0,1,5,1,100,-18.334
1055510171,1059,1101,2,-1013,289,-302,-307,0,0,0,1,5,1,100,-17.275
1055511104,933,1102,1,-1014,224,-302,-300,0,0,0,1,5,1,100,-16.342
1055512094,990,1103,1,-1015,217,-302,-300,0,0,0,1,5,1,100,-15.352
1055513082,988,1104,1,-1016,209,-302,-300,0,0,0,1,5,1,100,-14.364
1055514089,1007,1105,1,-1017,217,-302,-299,0,0,0,1,5,1,100,-13.357
1055515086,997,1107,2,-1019,217,-301,-300,0,0,0,1,5,1,100,-12.36
1055516084,998,1108,1,-1020,216,-301,-300,0,0,0,1,5,1,100,-11.362
1055517091,1007,1109,1,-1021,213,-301,-300,0,0,0,1,5,1,100,-10.355
1055518093,1002,1110,1,-1022,221,-301,-292,0,0,0,1,5,1,100,-9.353
1055519211,1118,1111,1,-1023,328,-301,-292,0,0,0,1,5,1,100,-8.235
1055520209,998,1112,1,-1024,337,-300,-293,0,0,0,1,5,1,100,-7.237
1055521133,924,1113,1,-1025,255,-300,-293,0,0,0,1,5,1,100,-6.313
1055522124,991,1115,2,-1027,252,-300,-293,0,0,0,1,5,1,100,-5.322
1055523102,978,1116,1,-1028,228,-299,-293,0,0,0,1,5,1,100,-4.344
1055524117,1015,1117,1,-1029,248,-299,-293,0,0,0,1,5,1,100,-3.329
1055525123,1006,1118,1,-1030,242,-299,-293,0,0,0,1,5,1,100,-2.323
1055526126,1003,1119,1,-1031,248,-299,-293,0,0,0,1,5,1,100,-1.32
1055527446,1320,1121,2,-1033,351,-298,-290,284,0,547,1,6,1,100,0.0
1055528086,640,1121,0,-1033,218,-298,-284,284,0,547,1,6,1,100,0.64
1055529148,1062,1123,2,-1035,277,-298,-291,284,0,545,1,6,1,100,1.702
1055530254,1106,1124,1,-1036,377,-297,-293,284,283,544,1,6,1,100,2.808
1055531164,910,1125,1,-1037,289,-297,-285,284,283,543,1,6,1,100,3.718
1055532096,932,1126,1,-1038,216,-296,-284,284,283,542,1,6,1,100,4.65
1055533086,990,1127,1,-1039,209,-296,-284,284,283,541,1,6,1,100,5.64
1055534109,1023,1128,1,-1040,228,-295,-283,284,283,541,1,6,1,100,6.663
1055535109,1000,1130,2,-1042,242,-295,-284,284,283,539,1,6,1,100,7.663
1055536099,990,1131,1,-1043,218,-294,-284,284,283,538,1,6,1,100,8.653
1055537087,988,1132,1,-1044,209,-294,-284,284,283,537,1,6,1,100,9.641
1055538106,1019,1133,1,-1045,224,-294,-284,284,283,536,1,6,1,100,10.66
1055539203,1097,1135,2,-1047,322,-294,-292,284,283,534,1,6,1,100,11.757
1055540258,1055,1136,1,-1048,382,-293,-284,284,283,533,1,6,1,100,12.812
1055541133,875,1137,1,-1049,264,-293,-285,284,283,533,1,6,1,100,13.687
1055542159,1026,1138,1,-1050,288,-293,-284,284,283,532,1,6,1,100,14.713
1055543183,1024,1139,1,-1051,315,-292,-284,284,283,531,1,6,1,100,15.737
1055544116,933,1141,2,-1053,245,-292,-293,284,283,529,1,6,1,100,16.67
1055545132,1016,1142,1,-1054,262,-292,-284,284,283,528,1,6,1,100,17.686
1055546107,975,1143,1,-1055,239,-292,-285,284,283,527,1,6,1,100,18.661
1055547146,1039,1145,2,-1057,266,-292,-292,284,283,526,1,6,1,100,19.7
1055548142,996,1146,1,-1058,261,-292,-292,284,283,525,1,6,1,100,20.696
1055549105,963,1147,1,-1059,234,-292,-291,284,283,524,1,6,1,100,21.659
1055550259,1154,1148,1,-1060,389,-292,-292,284,283,523,1,6,1,100,22.813
1055551110,851,1149,1,-1061,242,-292,-292,284,283,522,1,6,1,100,23.664
1055552125,1015,1150,1,-1062,243,-291,-285,277,283,521,1,6,1,100,24.679
1055553083,958,1152,2,-1064,211,-291,-292,277,283,519,1,6,1,100,25.637
1055554094,1011,1153,1,-1065,222,-291,-291,277,283,519,1,6,1,100,26.648
1055555137,1043,1154,1,-1066,266,-292,-293,277,283,518,1,6,1,100,27.691
1055556099,962,1155,1,-1067,222,-292,-292,277,283,517,1,6,1,100,28.653
1055557093,994,1156,1,-1068,211,-292,-292,277,283,516,1,6,1,100,29.647
1055558096,1003,1158,2,-1070,220,-292,-301,277,283,514,1,6,1,100,30.65
1055559197,1101,1159,1,-1071,330,-292,-292,277,283,513,1,6,1,100,31.751
1055560274,1077,1160,1,-1072,390,-292,-293,277,283,512,1,6,1,100,32.828
1055561141,867,1161,1,-1073,264,-292,-292,277,283,512,1,6,1,100,33.695
1055562173,1032,1163,2,-1075,293,-292,-300,277,283,510,1,6,1,100,34.727
1055563148,975,1164,1,-1076,268,-293,-300,277,283,509,1,6,1,100,35.702
1055564139,991,1165,1,-1077,260,-293,-301,277,283,508,1,6,1,100,36.693
1055565115,976,1166,1,-1078,248,-293,-293,277,283,507,1,6,1,100,37.669
1055566201,1086,1168,2,-1080,328,-293,-300,277,283,505,1,6,1,100,38.755
1055567177,976,1169,1,-1081,303,-294,-300,277,283,504,1,6,1,100,39.731
1055568146,969,1170,1,-1082,270,-294,-301,277,283,504,1,6,1,100,40.7
1055569133,987,1171,1,-1083,262,-294,-299,277,283,503,1,6,1,100,41.687
1055570265,1132,1172,1,-1084,390,-294,-293,277,283,502,1,6,1,100,42.819
1055571122,857,1173,1,-1085,253,-294,-293,277,283,501,1,6,1,100,43.676
1055572086,964,1174,1,-1086,210,-294,-292,277,283,500,1,6,1,100,44.64
1055573093,1007,1176,2,-1088,212,-294,-300,277,283,498,1,6,1,100,45.647
1055574084,991,1177,1,-1089,212,-294,-300,277,283,497,1,6,1,100,46.638
1055575089,1005,1178,1,-1090,218,-294,-292,277,283,497,1,6,1,100,47.643
1055576080,991,1179,1,-1091,211,-294,-292,277,283,496,1,6,1,100,48.634
1055577101,1021,1181,2,-1093,234,-294,-299,270,283,494,1,6,1,100,49.655
1055578122,1021,1182,1,-1094,245,-294,-292,270,283,493,1,6,1,100,50.676
1055579204,1082,1183,1,-1095,333,-294,-292,270,283,492,1,6,1,100,51.758
1055580266,1062,1184,1,-1096,379,-294,-293,270,283,491,1,6,1,100,52.82
1055581150,884,1186,2,-1098,270,-294,-301,270,283,490,1,6,1,100,53.704
1055582170,1020,1187,1,-1099,290,-295,-301,270,283,489,1,6,1,100,54.724
1055583205,1035,1188,1,-1100,328,-294,-292,270,283,488,1,6,1,100,55.759
1055584119,914,1189,1,-1101,245,-294,-293,270,283,487,1,6,1,100,56.673
1055585130,1011,1190,1,-1102,262,-294,-291,270,283,486,1,6,1,100,57.684
1055586126,996,1191,1,-1103,254,-294,-293,270,283,485,1,6,1,100,58.68
1055587194,1068,1193,2,-1105,317,-294,-300,270,283,483,1,6,1,100,59.748
1055588137,943,1194,1,-1106,268,-294,-293,270,283,483,1,6,1,100,60.691
1055589138,1001,1195,1,-1107,270,-294,-291,270,283,482,1,6,1,100,61.692
1055590193,1055,1196,1,-1108,320,-294,-291,270,283,481,1,6,1,100,62.747
1055591099,906,1197,1,-1109,220,-294,-293,270,283,480,1,6,1,100,63.653
1055592095,996,1198,1,-1110,214,-294,-292,270,283,479,1,6,1,100,64.649
1055593084,989,1199,1,-1111,208,-294,-284,270,283,478,1,6,1,100,65.638
1055594081,997,1200,1,-1112,209,-293,-284,270,283,477,1,6,1,100,66.635
1055595095,1014,1201,1,-1113,219,-293,-284,270,283,476,1,6,1,100,67.649
1055596089,994,1203,2,-1115,210,-293,-292,270,283,475,1,6,1,100,68.643
1055597080,991,1204,1,-1116,208,-293,-285,270,283,474,1,6,1,100,69.634
1055598096,1016,1205,1,-1117,227,-292,-284,270,283,473,1,6,1,100,70.65
1055599204,1108,1206,1,-1118,321,-292,-284,270,283,472,1,6,1,100,71.758
1055600256,1052,1208,2,-1120,374,-292,-290,270,283,470,1,6,1,100,72.81
1055601160,904,1208,0,-1120,279,-292,-284,270,283,470,1,6,1,100,73.714
1055602188,1028,1210,2,-1122,319,-292,-292,263,283,468,1,6,1,100,74.742
1055603166,978,1211,1,-1123,292,-291,-284,263,283,468,1,6,1,100,75.72
1055604127,961,1212,1,-1124,246,-291,-284,263,283,467,1,6,1,100,76.681
1055605146,1019,1213,1,-1125,273,-291,-284,263,283,466,1,6,1,100,77.7
1055606150,1004,1214,1,-1126,275,-290,-284,263,283,465,1,6,1,100,78.704
1055607215,1065,1215,1,-1127,336,-290,-276,263,283,464,1,6,1,100,79.769
1055608122,907,1216,1,-1128,255,-289,-277,263,283,463,1,6,1,100,80.676
1055609128,1006,1218,2,-1130,261,-289,-283,263,283,461,1,6,1,100,81.682
1055610245,1117,1219,1,-1131,364,-289,-283,263,283,461,1,6,1,100,82.799
1055611145,900,1220,1,-1132,271,-289,-285,263,283,460,1,6,1,100,83.699
1055612079,934,1221,1,-1133,209,-288,-276,263,283,459,1,6,1,100,84.633
1055613075,996,1222,1,-1134,208,-288,-276,263,283,458,1,6,1,100,85.629
1055614089,1014,1223,1,-1135,220,-287,-277,263,283,457,1,6,1,100,86.643
1055615125,1036,1224,1,-1136,249,-287,-276,263,283,456,1,6,1,100,87.679
1055616095,970,1226,2,-1138,213,-287,-284,263,283,454,1,6,1,100,88.649
1055617082,987,1227,1,-1139,207,-287,-284,263,283,454,1,6,1,100,89.636
1055618087,1005,1228,1,-1140,216,-286,-277,263,283,453,1,6,1,100,90.641
1055619215,1128,1229,1,-1141,336,-286,-276,263,283,452,1,6,1,100,91.769
1055620266,1051,1230,1,-1142,392,-285,-276,263,283,451,1,6,1,100,92.82
1055621153,887,1231,1,-1143,274,-285,-276,263,283,450,1,6,1,100,93.707
1055622153,1000,1232,1,-1144,282,-285,-276,263,283,449,1,6,1,100,94.707
1055623212,1059,1234,2,-1146,335,-285,-284,263,283,447,1,6,1,100,95.766
1055624103,891,1235,1,-1147,235,-285,-285,263,283,446,1,6,1,100,96.657
1055625143,1040,1236,1,-1148,262,-285,-284,263,283,446,1,6,1,100,97.697
1055626138,995,1237,1,-1149,261,-284,-276,263,283,445,1,6,1,100,98.692
1055627240,1102,1238,1,-1150,361,-284,-275,255,283,444,1,6,1,100,99.794
1055628135,895,1239,1,-1151,259,-284,-276,255,283,443,1,6,1,100,100.689
1055629150,1015,1240,1,-1152,269,-283,-275,255,283,442,1,6,1,100,101.704
1055630277,1127,1242,2,-1154,405,-283,-276,255,283,440,1,6,1,100,102.831
1055631126,849,1243,1,-1155,259,-283,-277,255,283,439,1,6,1,100,103.68
1055632078,952,1244,1,-1156,210,-283,-284,255,283,439,1,6,1,100,104.632
1055633092,1014,1245,1,-1157,210,-283,-276,255,283,438,1,6,1,100,105.646
1055634083,991,1246,1,-1158,212,-282,-276,255,283,437,1,6,1,100,106.637
1055635084,1001,1247,1,-1159,217,-282,-276,255,283,436,1,6,1,100,107.638
1055636078,994,1249,2,-1161,211,-282,-284,255,283,434,1,6,1,100,108.632
1055637092,1014,1250,1,-1162,210,-282,-284,255,283,433,1,6,1,100,109.646
1055638096,1004,1251,1,-1163,225,-282,-285,255,283,432,1,6,1,100,110.65
1055639200,1104,1252,1,-1164,326,-282,-276,255,283,432,1,6,1,100,111.754
1055640269,1069,1253,1,-1165,394,-282,-276,255,283,431,1,6,1,100,112.823
1055641138,869,1254,1,-1166,265,-282,-277,255,283,430,1,6,1,100,113.692
1055642152,1014,1256,2,-1168,283,-282,-284,255,283,428,1,6,1,100,114.706
1055643215,1063,1257,1,-1169,333,-282,-284,255,283,427,1,6,1,100,115.769
1055644129,914,1258,1,-1170,249,-282,-284,255,283,426,1,6,1,100,116.683
1055645139,1010,1259,1,-1171,263,-282,-285,255,283,425,1,6,1,100,117.693
1055646116,977,1260,1,-1172,240,-282,-276,255,283,425,1,6,1,100,118.67
1055647173,1057,1262,2,-1174,293,-282,-284,255,283,423,1,6,2,2200,119.727
1055648164,991,1263,1,-1175,290,-282,-284,255,283,422,1,6,2,2200,120.718
1055649146,982,1264,1,-1176,266,-282,-283,255,283,421,1,6,2,2200,121.7
1055650266,1120,1267,3,-1179,388,-283,-301,255,283,418,1,6,2,2200,122.82
1055651129,863,1270,3,-1182,250,-284,-316,255,283,416,1,6,2,2200,123.683
1055652119,990,1276,6,-1188,246,-287,-355,247,283,410,1,6,2,2200,124.673
1055653086,967,1288,12,-1200,218,-293,-442,247,283,400,1,6,2,2200,125.64
1055654102,1016,1305,17,-1217,227,-303,-561,247,283,385,1,6,2,2200,126.656
1055655127,1025,1314,9,-1226,257,-316,-622,247,283,377,1,6,2,2200,127.681
1055656080,953,1312,-2,-1224,213,-327,-600,247,283,379,129,6,2,2200,128.634
1055657082,1002,1306,-6,-1218,209,-335,-544,247,283,384,1,6,2,2200,129.636
1055658099,1017,1305,-1,-1217,228,-343,-530,247,283,385,1,6,2,2200,130.653
1055659206,1107,1308,3,-1220,331,-352,-552,247,283,382,129,6,2,2200,131.76
1055660252,1046,1310,2,-1222,380,-360,-549,247,283,381,1,6,2,2200,132.806
1055661162,910,1309,-1,-1221,280,-367,-536,247,283,381,1,6,2,2200,133.716
1055662136,974,1309,0,-1221,267,-373,-528,247,283,381,1,6,2,2200,134.69
1055663153,1017,1310,1,-1222,281,-379,-528,247,281,381,1,6,2,2200,135.707
1055664127,974,1311,1,-1223,253,-385,-528,247,281,380,1,6,2,2200,136.681
1055665146,1019,1312,1,-1224,269,-390,-528,247,281,379,1,6,2,2200,137.7
1055666132,986,1312,0,-1224,259,-395,-512,247,281,379,1,6,2,2200,138.686
1055667145,1013,1311,-1,-1223,269,-399,-496,247,281,380,1,6,2,2200,139.699
1055668134,989,1312,1,-1224,261,-403,-496,247,279,379,1,6,2,2200,140.688
1055669146,1012,1312,0,-1224,278,-406,-480,247,279,379,1,6,2,2200,141.7
1055670293,1147,1313,1,-1225,410,-409,-488,247,279,378,1,6,2,2200,142.847
1055671131,838,1313,0,-1225,252,-412,-475,247,279,378,1,6,2,2200,143.685
1055672082,951,1313,0,-1225,210,-414,-465,247,279,378,1,6,2,2200,144.636
1055673084,1002,1313,0,-1225,209,-415,-450,247,279,378,1,6,2,2200,145.638
1055674098,1014,1313,0,-1225,228,-416,-443,247,277,378,1,6,2,2200,146.652
1055675130,1032,1314,1,-1226,252,-417,-441,247,277,377,1,6,2,2200,147.684
1055676090,960,1314,0,-1226,214,-418,-434,247,277,377,1,6,2,2200,148.644
1055677116,1026,1314,0,-1226,238,-418,-425,235,277,377,1,6,2,2200,149.67
1055678104,988,1314,0,-1226,237,-418,-410,235,277,377,1,6,2,2200,150.658
1055679204,1100,1315,1,-1227,321,-418,-414,235,274,376,1,6,2,2200,151.758
1055680257,1053,1315,0,-1227,387,-417,-400,235,274,376,1,6,2,2200,152.811
1055681145,888,1315,0,-1227,267,-415,-366,235,274,376,1,6,2,2200,153.699
1055682197,1052,1315,0,-1227,317,-411,-317,235,274,376,1,6,2,2200,154.751
1055683207,1010,1316,1,-1228,334,-404,-227,235,274,375,1,6,2,2200,155.761
1055684129,922,1316,0,-1228,256,-392,-89,235,274,375,1,6,2,2200,156.683
1055685144,1015,1316,0,-1228,275,-377,-16,235,272,375,1,6,2,2200,157.698
1055686138,994,1316,0,-1228,260,-364,-32,235,272,375,1,6,2,2200,158.692
1055687176,1038,1316,0,-1228,307,-352,-81,235,272,375,1,6,2,2200,159.73
1055688171,995,1316,0,-1228,288,-342,-89,223,272,375,1,6,2,2200,160.725
1055689127,956,1316,0,-1228,259,-333,-87,223,272,375,1,6,2,2200,161.681
1055690202,1075,1317,1,-1229,328,-322,-71,223,272,374,1,6,2,2200,162.756
1055691113,911,1317,0,-1229,232,-312,-55,223,269,374,1,6,2,2200,163.667
1055692079,966,1317,0,-1229,208,-303,-63,223,269,374,1,6,2,2200,164.633
1055693080,1001,1317,0,-1229,208,-293,-63,223,269,374,1,6,2,2200,165.634
1055694099,1019,1317,0,-1229,220,-284,-55,223,269,374,1,6,2,2200,166.653
1055695137,1038,1318,1,-1230,263,-274,-55,223,269,374,1,6,2,2200,167.691
1055696080,943,1318,0,-1230,212,-266,-47,223,269,374,1,6,2,2200,168.634
1055697075,995,1318,0,-1230,208,-258,-47,223,270,374,1,6,2,2200,169.629
1055698093,1018,1318,0,-1230,218,-249,-55,223,270,374,1,6,2,2200,170.647
1055699214,1121,1318,0,-1230,333,-241,-49,223,270,374,1,6,2,2200,171.768
1055700243,1029,1319,1,-1231,373,-233,-55,223,270,373,1,6,2,2200,172.797
1055701149,906,1319,0,-1231,275,-227,-49,223,270,373,1,6,2,2200,173.703
1055702198,1049,1319,0,-1231,317,-219,-49,223,269,373,1,6,2,2200,174.752
1055703172,974,1319,0,-1231,290,-213,-49,223,269,373,1,6,2,2200,175.726
1055704111,939,1319,0,-1231,239,-207,-49,223,269,373,1,6,2,2200,176.665
1055705154,1043,1320,1,-1232,275,-200,-49,223,269,372,1,6,2,2200,177.708
1055706118,964,1320,0,-1232,249,-195,-49,223,269,372,1,6,2,2200,178.672
1055707220,1102,1320,0,-1232,341,-188,-49,223,269,372,1,6,2,2200,179.774
1055708142,922,1320,0,-1232,268,-183,-49,223,267,372,1,6,2,2200,180.696
1055709122,980,1320,0,-1232,254,-178,-47,223,267,372,1,6,2,2200,181.676
1055710284,1162,1321,1,-1233,402,-172,-49,223,267,371,1,6,2,2200,182.838
1055711119,835,1321,0,-1233,251,-168,-47,223,267,371,1,6,2,2200,183.673
1055712083,964,1321,0,-1233,208,-163,-47,223,267,371,1,6,2,2200,184.637
1055713086,1003,1321,0,-1233,208,-159,-47,223,267,371,1,6,2,2200,185.64
1055714085,999,1321,0,-1233,211,-154,-40,223,264,371,1,6,2,2200,186.639
1055715093,1008,1322,1,-1234,219,-150,-47,223,264,370,1,6,2,2200,187.647
1055716086,993,1322,0,-1234,209,-146,-47,223,264,370,1,6,2,2200,188.64
1055717079,993,1322,0,-1234,209,-142,-47,223,264,370,1,6,2,2200,189.633
1055718092,1013,1322,0,-1234,220,-138,-47,223,264,370,1,6,2,2200,190.646
1055719187,1095,1322,0,-1234,315,-135,-49,223,264,370,1,6,2,2200,191.741
1055720283,1096,1323,1,-1235,410,-131,-49,223,262,369,1,6,2,2200,192.837
1055721144,861,1323,0,-1235,266,-128,-49,223,262,369,1,6,2,2200,193.698
1055722184,1040,1323,0,-1235,305,-125,-49,223,262,369,1,6,2,2200,194.738
1055723214,1030,1323,0,-1235,334,-122,-49,223,262,369,1,6,2,2200,195.768
1055724115,901,1324,1,-1236,240,-119,-57,223,262,368,1,6,2,2200,196.669
1055725138,1023,1324,0,-1236,258,-117,-49,223,262,368,1,6,2,2200,197.692
1055726129,991,1324,0,-1236,261,-114,-49,223,262,368,1,6,2,2200,198.683
1055727235,1106,1324,0,-1236,366,-111,-49,114,262,368,1,6,2,2200,199.789
1055728151,916,1324,0,-1236,268,-109,-49,114,262,368,1,6,2,2200,200.705
1055729128,977,1325,1,-1237,258,-107,-55,114,262,367,1,6,2,2200,201.682
1055730189,1061,1325,0,-1237,320,-105,-55,114,262,367,1,6,2,2200,202.743
1055731094,905,1325,0,-1237,223,-103,-47,114,262,367,1,6,2,2200,203.648
1055732083,989,1325,0,-1237,207,-101,-47,114,262,367,1,6,2,2200,204.637
1055733078,995,1325,0,-1237,207,-98,-47,114,262,367,1,6,2,2200,205.632
1055734095,1017,1326,1,-1238,220,-97,-55,114,262,367,1,6,2,2200,206.649
1055735140,1045,1326,0,-1238,264,-95,-55,114,262,367,1,6,2,2200,207.694
1055736096,956,1326,0,-1238,220,-93,-47,114,262,367,1,6,2,2200,208.65
1055737077,981,1326,0,-1238,209,-91,-47,114,262,367,1,6,2,2200,209.631
1055738102,1025,1327,1,-1239,225,-90,-55,114,259,366,1,6,2,2200,210.656
1055739214,1112,1327,0,-1239,330,-89,-57,114,259,366,1,6,2,2200,211.768
1055740266,1052,1327,0,-1239,385,-87,-55,114,259,366,1,6,2,2200,212.82
1055741139,873,1327,0,-1239,264,-86,-49,114,259,366,1,6,2,2200,213.693
1055742129,990,1328,1,-1240,261,-85,-57,114,259,365,1,6,2,2200,214.683
1055743163,1034,1328,0,-1240,282,-84,-57,114,259,365,1,6,2,2200,215.717
1055744125,962,1328,0,-1240,243,-83,-57,114,257,365,1,6,2,2200,216.679
1055745143,1018,1328,0,-1240,267,-81,-49,114,257,365,1,6,2,2200,217.697
1055746131,988,1329,1,-1241,256,-80,-57,114,257,364,1,6,2,2200,218.685
1055747207,1076,1329,0,-1241,331,-79,-57,114,257,364,1,6,2,2200,219.761
1055748122,915,1329,0,-1241,253,-79,-57,114,257,364,1,6,2,2200,220.676
1055749134,1012,1329,0,-1241,265,-78,-55,114,257,364,1,6,2,2200,221.688
1055750276,1142,1330,1,-1242,397,-77,-63,114,254,363,1,6,2,2200,222.83
1055751132,856,1330,0,-1242,253,-76,-55,114,254,363,1,6,2,2200,223.686
1055752115,983,1330,0,-1242,240,-75,-55,76,254,363,1,6,2,2200,224.669
1055753089,974,1330,0,-1242,220,-75,-55,76,254,363,1,6,2,2200,225.643
1055754083,994,1330,0,-1242,214,-74,-55,76,254,363,1,6,2,2200,226.637
1055755093,1010,1330,0,-1242,225,-73,-47,76,254,363,1,6,2,2200,227.647
1055756083,990,1331,1,-1243,214,-72,-55,76,252,362,1,6,2,2200,228.637
1055757086,1003,1331,0,-1243,207,-71,-55,76,252,362,1,6,2,2200,229.64
1055758087,1001,1331,0,-1243,214,-71,-55,76,252,362,1,6,2,2200,230.641
1055759189,1102,1331,0,-1243,316,-70,-49,76,252,362,1,6,2,2200,231.743
1055760270,1081,1331,0,-1243,400,-69,-49,76,252,362,1,6,2,2200,232.824
1055761137,867,1332,1,-1244,264,-69,-57,76,252,361,1,6,2,2200,233.691
1055762144,1007,1332,0,-1244,276,-68,-57,76,249,361,1,6,2,2200,234.698
1055763211,1067,1332,0,-1244,344,-68,-57,76,249,361,1,6,2,2200,235.765
1055764112,901,1332,0,-1244,241,-67,-49,76,249,361,1,6,2,2200,236.666
1055765138,1026,1333,1,-1245,260,-66,-55,76,249,360,1,6,2,2200,237.692
1055766117,979,1333,0,-1245,240,-66,-57,76,249,360,1,6,2,2200,238.671
1055767148,1031,1333,0,-1245,266,-66,-57,76,249,360,1,6,2,2200,239.702
1055768149,1001,1333,0,-1245,273,-65,-49,76,246,360,1,6,2,2200,240.703
1055769131,982,1333,0,-1245,251,-64,-47,76,246,360,1,6,2,2200,241.685
1055770289,1158,1334,1,-1246,407,-64,-57,76,246,359,1,6,2,2200,242.843
1055771118,829,1334,0,-1246,244,-64,-55,76,246,359,1,6,2,2200,243.672
1055772079,961,1334,0,-1246,212,-63,-55,76,246,359,1,6,2,2200,244.633
1055773082,1003,1334,0,-1246,208,-63,-47,76,246,359,1,6,2,2200,245.636
1055774082,1000,1334,0,-1246,214,-62,-47,76,247,359,1,6,2,2200,246.636
1055775093,1011,1335,1,-1247,217,-62,-55,76,247,359,1,6,2,2200,247.647
1055776093,1000,1335,0,-1247,214,-62,-55,76,247,359,1,6,2,2200,248.647
1055777143,1050,1335,0,-1247,271,-61,-47,62,247,359,1,7,3,1650,249.697
1055778141,998,1335,0,-1247,268,-61,-49,62,247,359,1,7,3,1650,250.695
1055779195,1054,1336,1,-1248,325,-60,-57,62,247,358,1,7,3,1650,251.749
1055780229,1034,1337,1,-1249,349,-61,-63,62,247,357,1,7,3,1650,252.783
1055781159,930,1337,0,-1249,289,-60,-57,62,246,357,1,7,3,1650,253.713
1055782152,993,1337,0,-1249,284,-60,-57,62,246,357,1,7,3,1650,254.706
1055783218,1066,1337,0,-1249,335,-60,-57,62,246,357,1,7,3,1650,255.772
1055784116,898,1337,0,-1249,240,-60,-57,62,246,357,1,7,3,1650,256.67
1055785139,1023,1337,0,-1249,266,-60,-57,62,246,357,1,7,3,1650,257.693
1055786109,970,1338,1,-1250,239,-60,-57,62,246,356,1,7,3,1650,258.663
1055787150,1041,1338,0,-1250,281,-60,-57,62,244,356,1,7,3,1650,259.704
1055788109,959,1338,0,-1250,239,-60,-57,62,244,356,1,7,3,1650,260.663
1055789147,1038,1338,0,-1250,266,-59,-55,62,244,356,1,7,3,1650,261.701
1055790257,1110,1338,0,-1250,386,-59,-55,62,244,356,1,7,3,1650,262.811
1055791139,882,1338,0,-1250,267,-59,-49,62,244,356,1,7,3,1650,263.693
1055792095,956,1339,1,-1251,216,-59,-55,62,244,355,1,7,3,1650,264.649
1055793082,987,1339,0,-1251,209,-59,-55,62,244,355,1,7,3,1650,265.636
1055794083,1001,1339,0,-1251,216,-58,-55,62,241,355,1,7,3,1650,266.637
1055795088,1005,1339,0,-1251,217,-58,-55,62,241,355,1,7,3,1650,267.642
1055796090,1002,1339,0,-1251,214,-58,-47,62,241,355,1,7,3,1650,268.644
1055797078,988,1340,1,-1252,209,-58,-55,62,241,354,1,7,3,1650,269.632
1055798096,1018,1340,0,-1252,221,-58,-55,62,241,354,1,7,3,1650,270.65
1055799182,1086,1340,0,-1252,312,-58,-57,62,241,354,1,7,3,1650,271.736
1055800267,1085,1340,0,-1252,397,-58,-55,62,238,354,1,7,3,1650,272.821
1055801131,864,1340,0,-1252,260,-57,-49,62,238,354,1,7,3,1650,273.685
1055802185,1054,1341,1,-1253,316,-57,-57,62,238,353,1,7,3,1650,274.739
1055803219,1034,1341,0,-1253,348,-57,-57,62,238,353,1,7,3,1650,275.773
1055804128,909,1341,0,-1253,256,-57,-57,62,238,353,1,7,3,1650,276.682
1055805137,1009,1341,0,-1253,265,-57,-49,62,238,353,1,7,3,1650,277.691
1055806125,988,1341,0,-1253,252,-57,-49,62,235,353,1,7,3,1650,278.679
1055807170,1045,1342,1,-1254,289,-57,-57,62,235,352,1,7,3,1650,279.724
1055808155,985,1342,0,-1254,285,-57,-57,62,235,352,1,7,3,1650,280.709
1055809149,994,1342,0,-1254,272,-56,-55,62,235,352,1,7,3,1650,281.703
1055810288,1139,1342,0,-1254,404,-56,-41,62,235,352,1,7,3,1650,282.842
1055811121,833,1342,0,-1254,254,-55,-40,62,235,352,1,7,3,1650,283.675
1055812091,970,1342,0,-1254,212,-55,-39,62,235,352,1,7,3,1650,284.645
1055813080,989,1343,1,-1255,208,-54,-47,62,233,352,1,7,3,1650,285.634
1055814107,1027,1343,0,-1255,231,-54,-47,62,233,352,1,7,3,1650,286.661
1055815129,1022,1343,0,-1255,249,-54,-47,62,233,352,1,7,3,1650,287.683
1055816079,950,1343,0,-1255,211,-54,-47,62,233,352,1,7,3,1650,288.633
1055817086,1007,1343,0,-1255,210,-53,-39,62,233,352,1,7,3,1650,289.64
1055818107,1021,1343,0,-1255,228,-52,-39,62,233,352,1,7,3,1650,290.661
1055819189,1082,1343,0,-1255,310,-52,-41,62,230,352,1,7,3,1650,291.743
1055820273,1084,1344,1,-1256,401,-52,-49,62,230,351,1,7,3,1650,292.827
1055821143,870,1344,0,-1256,269,-52,-49,62,230,351,1,7,3,1650,293.697
1055822163,1020,1344,0,-1256,294,-51,-41,62,230,351,1,7,3,1650,294.717
1055823203,1040,1344,0,-1256,335,-51,-41,62,230,351,1,7,3,1650,295.757
1055824110,907,1345,1,-1257,241,-51,-49,62,230,350,1,7,3,1650,296.664
1055825141,1031,1345,0,-1257,261,-51,-49,62,230,350,1,7,3,1650,297.695
1055826151,1010,1345,0,-1257,270,-51,-49,62,227,350,1,7,3,1650,298.705
1055827165,1014,1345,0,-1257,297,-50,-41,62,227,350,1,7,3,1650,299.719
1055828157,992,1345,0,-1257,279,-50,-41,62,227,350,1,7,3,1650,300.711
1055829137,980,1346,1,-1258,260,-50,-47,62,227,349,1,7,3,1650,301.691
1055830290,1153,1346,0,-1258,410,-50,-49,62,227,349,1,7,3,1650,302.844
1055831135,845,1346,0,-1258,255,-50,-49,62,227,349,1,7,3,1650,303.689
1055832078,943,1346,0,-1258,210,-50,-47,62,227,349,1,7,3,1650,304.632
1055833089,1011,1346,0,-1258,210,-49,-39,62,224,349,1,7,3,1650,305.643
1055834096,1007,1347,1,-1259,214,-49,-47,62,224,348,1,7,3,1650,306.65
1055835107,1011,1347,0,-1259,228,-49,-47,62,224,348,1,7,3,1650,307.661
1055836078,971,1347,0,-1259,210,-49,-47,62,224,348,1,7,3,1650,308.632
1055837086,1008,1347,0,-1259,211,-49,-47,62,224,348,1,7,3,1650,309.64
1055838105,1019,1347,0,-1259,226,-49,-39,62,224,348,1,7,3,1650,310.659
1055839179,1074,1348,1,-1260,311,-49,-49,62,224,347,1,7,3,1650,311.733
1055840286,1107,1348,0,-1260,404,-48,-47,62,221,347,1,7,3,1650,312.84
1055841126,840,1348,0,-1260,257,-48,-49,62,221,347,1,7,3,1650,313.68
1055842163,1037,1348,0,-1260,290,-48,-49,62,221,347,1,7,3,1650,314.717
1055843214,1051,1348,0,-1260,341,-48,-41,62,221,347,1,7,3,1650,315.768
1055844141,927,1348,0,-1260,258,-48,-41,62,221,347,1,7,3,1650,316.695
1055845137,996,1349,1,-1261,266,-48,-49,62,221,346,1,7,3,1650,317.691
1055846127,990,1349,0,-1261,252,-48,-49,62,221,346,1,7,3,1650,318.681
1055847155,1028,1349,0,-1261,283,-48,-49,62,218,346,1,7,3,1650,319.709
1055848151,996,1349,0,-1261,275,-48,-49,62,218,346,1,7,3,1650,320.705
1055849138,987,1349,0,-1261,268,-48,-47,62,218,346,1,7,3,1650,321.692
1055850273,1135,1350,1,-1262,396,-48,-49,62,218,345,1,7,3,1650,322.827
1055851115,842,1350,0,-1262,247,-48,-47,62,218,345,1,7,3,1650,323.669
1055852120,1005,1350,0,-1262,242,-48,-47,62,218,345,1,7,3,1650,324.674
1055853096,976,1351,1,-1263,220,-48,-55,62,218,345,1,7,3,1650,325.65
1055854111,1015,1351,0,-1263,234,-48,-49,62,215,345,1,7,3,1650,326.665
1055855134,1023,1351,0,-1263,262,-48,-47,62,215,345,1,7,3,1650,327.688
1055856100,966,1351,0,-1263,221,-48,-47,62,215,345,1,7,3,1650,328.654
1055857095,995,1351,0,-1263,213,-48,-47,62,215,345,1,7,3,1650,329.649
1055858089,994,1351,0,-1263,217,-48,-47,62,215,345,1,7,3,1650,330.643
1055859184,1095,1351,0,-1263,313,-48,-41,62,215,345,1,7,3,1650,331.738
1055860280,1096,1351,0,-1263,401,-47,-39,62,215,345,1,7,3,1650,332.834
1055861142,862,1352,1,-1264,271,-47,-49,62,212,344,1,7,3,1650,333.696
1055862159,1017,1352,0,-1264,291,-48,-49,62,212,344,1,7,3,1650,334.713
1055863214,1055,1352,0,-1264,341,-48,-49,62,212,344,1,7,3,1650,335.768
1055864130,916,1352,0,-1264,255,-47,-41,62,212,344,1,7,3,1650,336.684
1055865143,1013,1352,0,-1264,264,-47,-41,62,212,344,1,7,3,1650,337.697
1055866111,968,1352,0,-1264,239,-47,-41,62,212,344,1,7,3,1650,338.665
1055867126,1015,1353,1,-1265,259,-47,-49,62,212,343,1,7,3,1650,339.68
1055868155,1029,1353,0,-1265,282,-47,-49,62,209,343,1,7,3,1650,340.709
1055869129,974,1353,0,-1265,259,-47,-47,62,209,343,1,7,3,1650,341.683
1055870195,1066,1353,0,-1265,318,-47,-39,62,209,343,1,7,3,1650,342.749
1055871089,894,1353,0,-1265,215,-46,-40,62,209,343,1,7,3,1650,343.643
1055872078,989,1354,1,-1266,211,-46,-47,62,209,342,1,7,3,1650,344.632
1055873080,1002,1354,0,-1266,209,-46,-47,62,209,342,1,7,3,1650,345.634
1055874090,1010,1354,0,-1266,213,-47,-47,62,209,342,1,7,3,1650,346.644
1055875085,995,1354,0,-1266,218,-47,-47,62,209,342,1,7,3,1650,347.639
1055876092,1007,1355,1,-1267,213,-47,-47,62,206,341,1,7,3,1650,348.646
1055877114,1022,1355,0,-1267,238,-47,-47,62,206,341,1,7,3,1650,349.668
1055878095,981,1355,0,-1267,227,-47,-47,62,206,341,1,7,3,1650,350.649
1055879204,1109,1355,0,-1267,329,-47,-49,62,206,341,1,7,3,1650,351.758
1055880232,1028,1355,0,-1267,353,-47,-47,62,206,341,1,7,3,1650,352.786
1055881162,930,1355,0,-1267,281,-47,-41,62,206,341,1,7,3,1650,353.716
1055882164,1002,1355,0,-1267,286,-46,-41,62,206,341,1,7,3,1650,354.718
1055883159,995,1356,1,-1268,284,-46,-41,62,202,340,1,7,3,1650,355.713
1055884140,981,1356,0,-1268,261,-46,-41,62,202,340,1,7,3,1650,356.694
1055885134,994,1356,0,-1268,262,-46,-41,62,202,340,1,7,3,1650,357.688
1055886185,1051,1356,0,-1268,302,-45,-41,62,202,340,1,7,3,1650,358.739
1055887199,1014,1356,0,-1268,318,-45,-41,62,202,340,1,7,3,1650,359.753
1055888156,957,1357,1,-1269,279,-45,-49,62,202,339,1,7,3,1650,360.71
1055889142,986,1357,0,-1269,265,-45,-47,62,202,339,1,7,3,1650,361.696
1055890199,1057,1357,0,-1269,320,-46,-47,62,202,339,1,7,3,1650,362.753
1055891103,904,1357,0,-1269,226,-46,-48,62,199,339,1,7,3,1650,363.657
1055892084,981,1357,0,-1269,214,-45,-39,62,199,339,1,7,3,1650,364.638
1055893088,1004,1357,0,-1269,208,-45,-39,62,199,339,1,7,3,1650,365.642
1055894090,1002,1358,1,-1270,221,-45,-47,62,199,338,1,7,3,1650,366.644
1055895132,1042,1358,0,-1270,259,-45,-47,62,199,338,1,7,3,1650,367.686
1055896101,969,1358,0,-1270,219,-45,-47,62,199,338,1,7,3,1650,368.655
1055897095,994,1358,0,-1270,214,-45,-47,62,199,338,1,7,3,1650,369.649
1055898092,997,1358,0,-1270,219,-45,-39,62,199,338,1,7,3,1650,370.646
1055899215,1123,1358,0,-1270,331,-45,-41,62,196,338,1,7,3,1650,371.769
1055900273,1058,1358,0,-1270,397,-45,-41,62,196,338,1,7,3,1650,372.827
1055901159,886,1358,0,-1270,278,-45,-41,62,196,338,1,7,3,1650,373.713
1055902207,1048,1358,0,-1270,334,-44,-32,62,196,338,1,7,3,1650,374.761
1055903216,1009,1359,1,-1271,341,-44,-41,62,196,338,1,7,3,1650,375.77
1055904121,905,1359,0,-1271,245,-44,-41,62,196,338,1,7,3,1650,376.675
1055905156,1035,1359,0,-1271,275,-44,-41,62,196,338,1,7,3,1650,377.71
1055906100,944,1359,0,-1271,231,-43,-33,62,196,338,1,7,3,1650,378.654
1055907158,1058,1359,0,-1271,279,-43,-33,62,192,338,1,7,3,1650,379.712
1055908153,995,1359,0,-1271,276,-43,-32,62,192,338,1,7,3,1650,380.707
1055909108,955,1360,1,-1272,238,-42,-39,62,192,337,1,7,3,1650,381.662
1055910192,1084,1360,0,-1272,310,-42,-39,62,192,337,1,7,3,1650,382.746
1055911101,909,1360,0,-1272,225,-42,-40,62,192,337,1,7,3,1650,383.655
1055912080,979,1360,0,-1272,212,-42,-39,62,192,337,1,7,3,1650,384.634
1055913081,1001,1360,0,-1272,208,-42,-39,62,192,337,1,7,3,1650,385.635
1055914092,1011,1360,0,-1272,214,-42,-32,62,192,337,1,7,3,1650,386.646
1055915093,1001,1360,0,-1272,217,-41,-32,62,189,337,1,7,3,1650,387.647
1055916080,987,1361,1,-1273,213,-41,-39,62,189,336,1,7,3,1650,388.634
1055917083,1003,1361,0,-1273,208,-41,-40,62,189,336,1,7,3,1650,389.637
1055918105,1022,1361,0,-1273,225,-41,-39,62,189,336,1,7,3,1650,390.659
1055919205,1100,1361,0,-1273,335,-41,-32,62,189,336,1,7,3,1650,391.759
1055920247,1042,1361,0,-1273,361,-40,-33,62,189,336,1,7,3,1650,392.801
1055921159,912,1361,0,-1273,282,-40,-32,62,189,336,1,7,3,1650,393.713
1055922152,993,1362,1,-1274,278,-40,-41,62,189,335,1,7,3,1650,394.706
1055923150,998,1362,0,-1274,278,-40,-41,62,185,335,1,7,3,1650,395.704
1055924139,989,1362,0,-1274,268,-40,-32,62,185,335,1,7,3,1650,396.693
1055925130,991,1362,0,-1274,259,-39,-31,62,185,335,1,7,3,1650,397.684
1055926183,1053,1362,0,-1274,302,-39,-32,62,185,335,1,7,3,1650,398.737
1055927247,1064,1362,0,-1274,364,-39,-32,39,185,335,1,7,3,1650,399.801
1055928139,892,1362,0,-1274,264,-39,-33,39,185,335,1,7,3,1650,400.693
1055929141,1002,1363,1,-1275,263,-39,-39,39,185,334,1,7,3,1650,401.695
1055930198,1057,1363,0,-1275,319,-39,-39,39,185,334,1,7,3,1650,402.752
1055931102,904,1363,0,-1275,226,-39,-40,39,182,334,1,7,3,1650,403.656
1055932090,988,1363,0,-1275,214,-39,-39,39,182,334,1,7,3,1650,404.644
1055933079,989,1363,0,-1275,208,-39,-40,39,182,334,1,7,3,1650,405.633
1055934102,1023,1363,0,-1275,225,-38,-32,39,182,334,1,7,3,1650,406.656
1055935137,1035,1363,0,-1275,264,-38,-31,39,182,334,1,7,3,1650,407.691
1055936104,967,1364,1,-1276,224,-38,-41,39,182,333,1,7,3,1650,408.658
1055937082,978,1364,0,-1276,209,-38,-39,39,182,333,1,7,3,1650,409.636
1055938100,1018,1364,0,-1276,221,-38,-39,39,182,333,1,7,3,1650,410.654
1055939204,1104,1364,0,-1276,336,-38,-32,39,178,333,1,7,3,1650,411.758
1055940275,1071,1364,0,-1276,395,-38,-32,39,178,333,1,7,3,1650,412.829
1055941158,883,1364,0,-1276,276,-38,-32,39,178,333,1,7,3,1650,413.712
1055942153,995,1364,0,-1276,280,-38,-32,39,178,333,1,7,3,1650,414.707
1055943155,1002,1364,0,-1276,281,-37,-32,39,178,333,1,7,3,1650,415.709
1055944133,978,1364,0,-1276,259,-37,-33,39,178,333,1,7,3,1650,416.687
1055945141,1008,1364,0,-1276,261,-37,-33,39,178,333,1,7,3,1650,417.695
1055946150,1009,1365,1,-1277,267,-37,-32,39,178,332,1,7,3,1650,418.704
1055947128,978,1365,0,-1277,250,-37,-33,39,178,332,1,7,3,1650,419.682
1055948139,1011,1365,0,-1277,271,-36,-33,39,174,332,1,7,3,1650,420.693
1055949133,994,1365,0,-1277,257,-36,-31,39,174,332,1,7,3,1650,421.687
1055950281,1148,1365,0,-1277,403,-36,-33,39,174,332,1,7,3,1650,422.835
1055951134,853,1366,1,-1278,256,-36,-40,39,174,331,1,7,3,1650,423.688
1055952116,982,1366,0,-1278,237,-36,-39,39,174,331,1,7,3,1650,424.67
1055953096,980,1366,0,-1278,220,-36,-32,39,174,331,1,7,3,1650,425.65
1055954090,994,1366,0,-1278,217,-36,-32,39,174,331,1,7,3,1650,426.644
1055955101,1011,1366,0,-1278,227,-36,-32,39,174,331,1,7,3,1650,427.655
1055956087,986,1366,0,-1278,209,-36,-32,39,174,331,1,7,3,1650,428.641
1055957095,1008,1366,0,-1278,215,-35,-32,39,170,331,1,7,3,1650,429.649
1055958103,1008,1366,0,-1278,231,-35,-32,39,170,331,1,7,3,1650,430.657
1055959204,1101,1367,1,-1279,330,-35,-32,39,170,330,1,7,3,1650,431.758
1055960258,1054,1367,0,-1279,383,-35,-32,39,170,330,1,7,3,1650,432.812
1055961147,889,1367,0,-1279,276,-35,-33,39,170,330,1,7,3,1650,433.701
1055962157,1010,1367,0,-1279,284,-35,-32,39,170,330,1,7,3,1650,434.711
1055963166,1009,1367,0,-1279,288,-35,-32,39,170,330,1,7,3,1650,435.72
1055964146,980,1368,1,-1280,271,-35,-41,39,170,330,1,7,3,1650,436.7
1055965148,1002,1368,0,-1280,268,-35,-41,39,170,330,1,7,3,1650,437.702
1055966183,1035,1368,0,-1280,312,-35,-32,39,166,330,1,7,3,1650,438.737
1055967199,1016,1368,0,-1280,315,-35,-32,39,166,330,1,7,3,1650,439.753
1055968151,952,1368,0,-1280,271,-35,-32,39,166,330,1,7,3,1650,440.705
1055969109,958,1368,0,-1280,242,-35,-31,39,166,330,1,7,3,1650,441.663
1055970196,1087,1368,0,-1280,322,-35,-32,39,166,330,1,7,3,1650,442.75
1055971100,904,1369,1,-1281,226,-35,-40,39,166,329,1,7,3,1650,443.654
1055972084,984,1369,0,-1281,211,-35,-39,39,166,329,1,7,3,1650,444.638
1055973085,1001,1369,0,-1281,209,-35,-39,39,166,329,1,7,3,1650,445.639
1055974106,1021,1369,0,-1281,224,-35,-39,39,166,329,1,7,3,1650,446.66
1055975101,995,1369,0,-1281,219,-36,-39,39,162,329,1,7,3,1650,447.655
