done_us,dt_good_us,raw,delta,counts,i2c_us,omega_mrev,window_mrev,cmd_mrev,fas_mrev,remain_ddeg,flags_hex,state,stage,current_ma,step_count,step_us,drv_status_hex,tstep,driver_age_us,gstat_hex,pins_hex,t_ms
517447423,998,254,0,3930,232,0,0,0,0,0,1,0,0,0,0,517447454,2166161467,1048575,44450,0,3,-5610.892
517448426,1003,254,0,3930,229,0,0,0,0,0,1,0,0,0,0,517448454,2166161467,1048575,45452,0,3,-5609.889
517449505,1079,254,0,3930,299,0,0,0,0,0,1,0,0,0,0,517449612,2166161467,1048575,46638,0,3,-5608.81
517450506,1001,254,0,3930,312,0,0,0,0,0,1,0,0,0,0,517450642,2166161467,1048575,47677,0,3,-5607.809
517451543,1037,254,0,3930,346,0,0,0,0,0,1,0,0,0,0,517451644,2166161467,1048575,48661,0,3,-5606.772
517452471,928,254,0,3930,274,0,0,0,0,0,1,0,0,0,0,517452517,2166161467,1048575,49517,0,3,-5605.844
517453437,966,254,0,3930,244,0,0,0,0,0,1,0,0,0,0,517453483,2166161467,1048575,2,0,3,-5604.878
517454466,1029,254,0,3930,271,0,0,0,0,0,1,0,0,0,0,517454514,2166161467,1048575,480,0,3,-5603.849
517455441,975,254,0,3930,246,0,0,0,0,0,1,0,0,0,0,517455494,2166161467,1048575,1463,0,3,-5602.874
517456460,1019,254,0,3930,258,0,0,0,0,0,1,0,0,0,0,517456505,2166161467,1048575,2469,0,3,-5601.855
517457441,981,254,0,3930,244,0,0,0,0,0,1,0,0,0,0,517457486,2166161467,1048575,3456,0,3,-5600.874
517458459,1018,254,0,3930,265,0,0,0,0,0,1,0,0,0,0,517458505,2166161467,1048575,4469,0,3,-5599.856
517459446,987,254,0,3930,247,0,0,0,0,0,1,0,0,0,0,517459493,2166161467,1048575,5462,0,3,-5598.869
517460460,1014,254,0,3930,263,0,0,0,0,0,1,0,0,0,0,517460575,2166161467,1048575,6570,0,3,-5597.855
517461488,1028,254,0,3930,296,0,0,0,0,0,1,0,0,0,0,517461542,2166161467,1048575,7507,0,3,-5596.827
517462430,942,254,0,3930,234,0,0,0,0,0,1,0,0,0,0,517462461,2166161467,1048575,8425,0,3,-5595.885
517463432,1002,254,0,3930,232,0,0,0,0,0,1,0,0,0,0,517463465,2166161467,1048575,9426,0,3,-5594.883
517464422,990,254,0,3930,229,0,0,0,0,0,1,0,0,0,0,517464449,2166161467,1048575,10412,0,3,-5593.893
517465430,1008,254,0,3930,232,0,0,0,0,0,1,0,0,0,0,517465462,2166161467,1048575,11423,0,3,-5592.885
517466429,999,254,0,3930,232,0,0,0,0,0,1,0,0,0,0,517466459,2166161467,1048575,12421,0,3,-5591.886
517467426,997,254,0,3930,233,0,0,0,0,0,1,0,0,0,0,517467459,2166161467,1048575,13421,0,3,-5590.889
517468419,993,254,0,3930,229,0,0,0,0,0,1,0,0,0,0,517468446,2166161467,1048575,14408,0,3,-5589.896
517469472,1053,254,0,3930,277,0,0,0,0,0,1,0,0,0,0,517469566,2166161467,1048575,15549,0,3,-5588.843
517470530,1058,254,0,3930,331,0,0,0,0,0,1,0,0,0,0,517470681,2166161467,1048575,16690,0,3,-5587.785
517471538,1008,254,0,3930,333,0,0,0,0,0,1,0,0,0,0,517471625,2166161467,1048575,17614,0,3,-5586.777
517472474,936,254,0,3930,280,0,0,0,0,0,1,0,0,0,0,517472519,2166161467,1048575,18485,0,3,-5585.841
517473445,971,254,0,3930,245,0,0,0,0,0,1,0,0,0,0,517473492,2166161467,1048575,19460,0,3,-5584.87
517474464,1019,254,0,3930,263,0,0,0,0,0,1,0,0,0,0,517474511,2166161467,1048575,20478,0,3,-5583.851
517475454,990,254,0,3930,253,0,0,0,0,0,1,0,0,0,0,517475507,2166161467,1048575,21476,0,3,-5582.861
517476447,993,254,0,3930,246,0,0,0,0,0,1,0,0,0,0,517476487,2166161467,1048575,22454,0,3,-5581.868
517477442,995,254,0,3930,245,0,0,0,0,0,1,0,0,0,0,517477491,2166161467,1048575,23459,0,3,-5580.873
517478461,1019,254,0,3930,266,0,0,0,0,0,1,0,0,0,0,517478503,2166161467,1048575,24469,0,3,-5579.854
517479448,987,254,0,3930,245,0,0,0,0,0,1,0,0,0,0,517479499,2166161467,1048575,25470,0,3,-5578.867
517480451,1003,254,0,3930,259,0,0,0,0,0,1,0,0,0,0,517480568,2166161467,1048575,26564,0,3,-5577.864
517481488,1037,254,0,3930,297,0,0,0,0,0,1,0,0,0,0,517481534,2166161467,1048575,27500,0,3,-5576.827
517482431,943,254,0,3930,235,0,0,0,0,0,1,0,0,0,0,517482474,2166161467,1048575,28437,0,3,-5575.884
517483431,1000,254,0,3930,234,0,0,0,0,0,1,0,0,0,0,517483464,2166161467,1048575,29427,0,3,-5574.884
517484430,999,254,0,3930,232,0,0,0,0,0,1,0,0,0,0,517484463,2166161467,1048575,30426,0,3,-5573.885
517485429,999,254,0,3930,232,0,0,0,0,0,1,0,0,0,0,517485462,2166161467,1048575,31424,0,3,-5572.886
517486436,1007,254,0,3930,233,0,0,0,0,0,1,0,0,0,0,517486472,2166161467,1048575,32435,0,3,-5571.879
517487428,992,254,0,3930,234,0,0,0,0,0,1,0,0,0,0,517487462,2166161467,1048575,33424,0,3,-5570.887
517488427,999,254,0,3930,232,0,0,0,0,0,1,0,0,0,0,517488460,2166161467,1048575,34423,0,3,-5569.888
517489471,1044,254,0,3930,275,0,0,0,0,0,1,0,0,0,0,517489575,2166161467,1048575,35563,0,3,-5568.844
517490519,1048,254,0,3930,319,0,0,0,0,0,1,0,0,0,0,517490658,2166161467,1048575,36661,0,3,-5567.796
517491526,1007,254,0,3930,333,0,0,0,0,0,1,0,0,0,0,517491617,2166161467,1048575,37599,0,3,-5566.789
517492473,947,254,0,3930,275,0,0,0,0,0,1,0,0,0,0,517492520,2166161467,1048575,38488,0,3,-5565.842
517493448,975,254,0,3930,246,0,0,0,0,0,1,0,0,0,0,517493496,2166161467,1048575,39465,0,3,-5564.867
517494465,1017,254,0,3930,265,0,0,0,0,0,1,0,0,0,0,517494511,2166161467,1048575,40475,0,3,-5563.85
517495439,974,254,0,3930,244,0,0,0,0,0,1,0,0,0,0,517495489,2166161467,1048575,41458,0,3,-5562.876
517496442,1003,254,0,3930,252,0,0,0,0,0,1,0,0,0,0,517496483,2166161467,1048575,42448,0,3,-5561.873
517497438,996,254,0,3930,241,0,0,0,0,0,1,0,0,0,0,517497483,2166161467,1048575,43452,0,3,-5560.877
517498470,1032,254,0,3930,268,0,0,0,0,0,1,0,0,0,0,517498516,2166161467,1048575,44482,0,3,-5559.845
517499439,969,254,0,3930,246,0,0,0,0,0,1,0,0,0,0,517499485,2166161467,1048575,45454,0,3,-5558.876
517500450,1011,254,0,3930,260,0,0,0,0,0,1,0,0,0,0,517500567,2166161467,1048575,46557,0,3,-5557.865
517501502,1052,254,0,3930,300,0,0,0,0,0,1,0,0,0,0,517501554,2166161467,1048575,47522,0,3,-5556.813
517502430,928,254,0,3930,235,0,0,0,0,0,1,0,0,0,0,517502470,2166161467,1048575,48434,0,3,-5555.885
517503427,997,254,0,3930,232,0,0,0,0,0,1,0,0,0,0,517503460,2166161467,1048575,49422,0,3,-5554.888
517504422,995,254,0,3930,230,0,0,0,0,0,1,0,0,0,0,517504454,2166161467,1048575,1,0,3,-5553.893
517505434,1012,254,0,3930,238,0,0,0,0,0,1,0,0,0,0,517505479,2166161467,1048575,499,0,3,-5552.881
517506437,1003,254,0,3930,234,0,0,0,0,0,1,0,0,0,0,517506471,2166161467,1048575,1489,0,3,-5551.878
517507424,987,254,0,3930,233,0,0,0,0,0,1,0,0,0,0,517507460,2166161467,1048575,2478,0,3,-5550.891
517508422,998,254,0,3930,230,0,0,0,0,0,1,0,0,0,0,517508454,2166161467,1048575,3472,0,3,-5549.893
517509471,1049,254,0,3930,278,0,0,0,0,0,1,0,0,0,0,517509565,2166161467,1048575,4602,0,3,-5548.844
517510532,1061,254,0,3930,332,0,0,0,0,0,1,0,0,0,0,517510681,2166161467,1048575,5739,0,3,-5547.783
517511518,986,254,0,3930,325,0,0,0,0,0,1,0,0,0,0,517511605,2166161467,1048575,6640,0,3,-5546.797
517512470,952,254,0,3930,274,0,0,0,0,0,1,0,0,0,0,517512515,2166161467,1048575,7540,0,3,-5545.845
517513439,969,254,0,3930,243,0,0,0,0,0,1,0,0,0,0,517513488,2166161467,1048575,8513,0,3,-5544.876
517514468,1029,254,0,3930,269,0,0,0,0,0,1,0,0,0,0,517514511,2166161467,1048575,9534,0,3,-5543.847
517515437,969,254,0,3930,245,0,0,0,0,0,1,0,0,0,0,517515494,2166161467,1048575,10519,0,3,-5542.878
517516441,1004,254,0,3930,246,0,0,0,0,0,1,0,0,0,0,517516478,2166161467,1048575,11497,0,3,-5541.874
517517445,1004,254,0,3930,248,0,0,0,0,0,1,0,0,0,0,517517496,2166161467,1048575,12520,0,3,-5540.87
517518467,1022,254,0,3930,269,0,0,0,0,0,1,0,0,0,0,517518507,2166161467,1048575,13526,0,3,-5539.848
517519438,971,254,0,3930,243,0,0,0,0,0,1,0,0,0,0,517519489,2166161467,1048575,14514,0,3,-5538.877
517520452,1014,254,0,3930,261,0,0,0,0,0,1,0,0,0,0,517520565,2166161467,1048575,15617,0,3,-5537.863
517521498,1046,254,0,3930,301,0,0,0,0,0,1,0,0,0,0,517521543,2166161467,1048575,16566,0,3,-5536.817
517522436,938,254,0,3930,235,0,0,0,0,0,1,0,0,0,0,517522480,2166161467,1048575,17500,0,3,-5535.879
517523426,990,254,0,3930,234,0,0,0,0,0,1,0,0,0,0,517523459,2166161467,1048575,18478,0,3,-5534.889
517524426,1000,254,0,3930,232,0,0,0,0,0,1,0,0,0,0,517524459,2166161467,1048575,19477,0,3,-5533.889
517525427,1001,254,0,3930,233,0,0,0,0,0,1,0,0,0,0,517525459,2166161467,1048575,20477,0,3,-5532.888
517526432,1005,254,0,3930,232,0,0,0,0,0,1,0,0,0,0,517526467,2166161467,1048575,21485,0,3,-5531.883
517527427,995,254,0,3930,235,0,0,0,0,0,1,0,0,0,0,517527459,2166161467,1048575,22477,0,3,-5530.888
517528427,1000,254,0,3930,233,0,0,0,0,0,1,0,0,0,0,517528459,2166161467,1048575,23478,0,3,-5529.888
517529470,1043,254,0,3930,274,0,0,0,0,0,1,0,0,0,0,517529580,2166161467,1048575,24627,0,3,-5528.845
517530515,1045,254,0,3930,324,0,0,0,0,0,1,0,0,0,0,517530647,2166161467,1048575,25699,0,3,-5527.8
517531525,1010,254,0,3930,331,0,0,0,0,0,1,0,0,0,0,517531620,2166161467,1048575,26658,0,3,-5526.79
517532481,956,254,0,3930,277,0,0,0,0,0,1,0,0,0,0,517532528,2166161467,1048575,27551,0,3,-5525.834
517533445,964,254,0,3930,246,0,0,0,0,0,1,0,0,0,0,517533494,2166161467,1048575,28519,0,3,-5524.87
517534469,1024,254,0,3930,266,0,0,0,0,0,1,0,0,0,0,517534517,2166161467,1048575,29537,0,3,-5523.846
517535439,970,254,0,3930,247,0,0,0,0,0,1,0,0,0,0,517535489,2166161467,1048575,30516,0,3,-5522.876
517536438,999,254,0,3930,246,0,0,0,0,0,1,0,0,0,0,517536478,2166161467,1048575,31498,0,3,-5521.877
517537446,1008,254,0,3930,246,0,0,0,0,0,1,0,0,0,0,517537489,2166161467,1048575,32514,0,3,-5520.869
517538456,1010,254,0,3930,263,0,0,0,0,0,1,0,0,0,0,517538500,2166161467,1048575,33522,0,3,-5519.859
517539440,984,254,0,3930,244,0,0,0,0,0,1,0,0,0,0,517539485,2166161467,1048575,34510,0,3,-5518.875
517540466,1026,254,0,3930,264,0,0,0,0,0,1,0,0,0,0,517540570,2166161467,1048575,35609,0,3,-5517.849
517541486,1020,254,0,3930,293,0,0,0,0,0,1,0,0,0,0,517541535,2166161467,1048575,36559,0,3,-5516.829
517542429,943,254,0,3930,232,0,0,0,0,0,1,0,0,0,0,517542463,2166161467,1048575,37482,0,3,-5515.886
517543435,1006,254,0,3930,232,0,0,0,0,0,1,0,0,0,0,517543467,2166161467,1048575,38485,0,3,-5514.88
517544425,990,254,0,3930,228,0,0,0,0,0,1,0,0,0,0,517544452,2166161467,1048575,39471,0,3,-5513.89
517545434,1009,254,0,3930,233,0,0,0,0,0,1,0,0,0,0,517545466,2166161467,1048575,40483,0,3,-5512.881
517546430,996,254,0,3930,233,0,0,0,0,0,1,0,0,0,0,517546461,2166161467,1048575,41479,0,3,-5511.885
517547429,999,254,0,3930,233,0,0,0,0,0,1,0,0,0,0,517547461,2166161467,1048575,42479,0,3,-5510.886
517548419,990,254,0,3930,228,0,0,0,0,0,1,0,0,0,0,517548447,2166161467,1048575,43465,0,3,-5509.896
517549474,1055,254,0,3930,278,0,0,0,0,0,1,0,0,0,0,517549576,2166161467,1048575,44617,0,3,-5508.841
517550536,1062,254,0,3930,333,0,0,0,0,0,1,0,0,0,0,517550687,2166161467,1048575,45749,0,3,-5507.779
517551529,993,254,0,3930,328,0,0,0,0,0,1,0,0,0,0,517551619,2166161467,1048575,46663,0,3,-5506.786
517552475,946,254,0,3930,272,0,0,0,0,0,1,0,0,0,0,517552518,2166161467,1048575,47540,0,3,-5505.84
517553447,972,254,0,3930,246,0,0,0,0,0,1,0,0,0,0,517553494,2166161467,1048575,48521,0,3,-5504.868
517554463,1016,254,0,3930,266,0,0,0,0,0,1,0,0,0,0,517554510,2166161467,1048575,49532,0,3,-5503.852
517555447,984,254,0,3930,247,0,0,0,0,0,1,0,0,0,0,517555496,2166161467,1048575,1,0,3,-5502.868
517556448,1001,254,0,3930,255,0,0,0,0,0,1,0,0,0,0,517556495,2166161467,1048575,459,0,3,-5501.867
517557449,1001,254,0,3930,257,0,0,0,0,0,1,0,0,0,0,517557498,2166161467,1048575,1467,0,3,-5500.866
517558458,1009,254,0,3930,264,0,0,0,0,0,1,0,0,0,0,517558510,2166161467,1048575,2476,0,3,-5499.857
517559454,996,254,0,3930,251,0,0,0,0,0,1,0,0,0,0,517559503,2166161467,1048575,3474,0,3,-5498.861
517560448,994,254,0,3930,257,0,0,0,0,0,1,0,0,0,0,517560565,2166161467,1048575,4563,0,3,-5497.867
517561492,1044,254,0,3930,294,0,0,0,0,0,1,0,0,0,0,517561542,2166161467,1048575,5509,0,3,-5496.823
517562438,946,254,0,3930,238,0,0,0,0,0,1,0,0,0,0,517562479,2166161467,1048575,6440,0,3,-5495.877
517563429,991,254,0,3930,232,0,0,0,0,0,1,0,0,0,0,517563462,2166161467,1048575,7424,0,3,-5494.886
517564427,998,254,0,3930,230,0,0,0,0,0,1,0,0,0,0,517564458,2166161467,1048575,8420,0,3,-5493.888
517565423,996,254,0,3930,232,0,0,0,0,0,1,0,0,0,0,517565456,2166161467,1048575,9417,0,3,-5492.892
517566428,1005,254,0,3930,232,0,0,0,0,0,1,0,0,0,0,517566461,2166161467,1048575,10423,0,3,-5491.887
517567425,997,254,0,3930,232,0,0,0,0,0,1,0,0,0,0,517567458,2166161467,1048575,11419,0,3,-5490.89
517568424,999,254,0,3930,230,0,0,0,0,0,1,0,0,0,0,517568455,2166161467,1048575,12417,0,3,-5489.891
517569496,1072,254,0,3930,293,0,0,0,0,0,1,0,0,0,0,517569599,2166161467,1048575,13593,0,3,-5488.819
517570516,1020,254,0,3930,321,0,0,0,0,0,1,0,0,0,0,517570664,2166161467,1048575,14662,0,3,-5487.799
517571546,1030,254,0,3930,344,0,0,0,0,0,1,0,0,0,0,517571636,2166161467,1048575,15616,0,3,-5486.769
517572465,919,254,0,3930,270,0,0,0,0,0,1,0,0,0,0,517572511,2166161467,1048575,16477,0,3,-5485.85
517573441,976,254,0,3930,246,0,0,0,0,0,1,0,0,0,0,517573487,2166161467,1048575,17454,0,3,-5484.874
517574464,1023,254,0,3930,265,0,0,0,0,0,1,0,0,0,0,517574510,2166161467,1048575,18475,0,3,-5483.851
517575447,983,254,0,3930,245,0,0,0,0,0,1,0,0,0,0,517575497,2166161467,1048575,19464,0,3,-5482.868
517576448,1001,254,0,3930,247,0,0,0,0,0,1,0,0,0,0,517576486,2166161467,1048575,20448,0,3,-5481.867
517577440,992,254,0,3930,247,0,0,0,0,0,1,0,0,0,0,517577488,2166161467,1048575,21455,0,3,-5480.875
517578458,1018,254,0,3930,266,0,0,0,0,0,1,0,0,0,0,517578505,2166161467,1048575,22470,0,3,-5479.857
517579446,988,254,0,3930,243,0,0,0,0,0,1,0,0,0,0,517579491,2166161467,1048575,23459,0,3,-5478.869
517580459,1013,254,0,3930,262,0,0,0,0,0,1,0,0,0,0,517580566,2166161467,1048575,24556,0,3,-5477.856
517581491,1032,254,0,3930,299,0,0,0,0,0,1,0,0,0,0,517581545,2166161467,1048575,25510,0,3,-5476.824
517582435,944,254,0,3930,236,0,0,0,0,0,1,0,0,0,0,517582471,2166161467,1048575,26433,0,3,-5475.88
517583426,991,254,0,3930,232,0,0,0,0,0,1,0,0,0,0,517583459,2166161467,1048575,27419,0,3,-5474.889
517584420,994,254,0,3930,229,0,0,0,0,0,1,0,0,0,0,517584446,2166161467,1048575,28408,0,3,-5473.895
517585427,1007,254,0,3930,232,0,0,0,0,0,1,0,0,0,0,517585459,2166161467,1048575,29420,0,3,-5472.888
517586427,1000,254,0,3930,231,0,0,0,0,0,1,0,0,0,0,517586455,2166161467,1048575,30416,0,3,-5471.888
517587423,996,254,0,3930,232,0,0,0,0,0,1,0,0,0,0,517587456,2166161467,1048575,31417,0,3,-5470.892
517588431,1008,254,0,3930,228,0,0,0,0,0,1,0,0,0,0,517588458,2166161467,1048575,32420,0,3,-5469.884
517589462,1031,254,0,3930,270,0,0,0,0,0,1,0,0,0,0,517589559,2166161467,1048575,33550,0,3,-5468.853
517590526,1064,254,0,3930,324,0,0,0,0,0,1,0,0,0,0,517590682,2166161467,1048575,34680,0,3,-5467.789
517591527,1001,254,0,3930,335,0,0,0,0,0,1,0,0,0,0,517591615,2166161467,1048575,35603,0,3,-5466.788
517592471,944,254,0,3930,275,0,0,0,0,0,1,0,0,0,0,517592514,2166161467,1048575,36480,0,3,-5465.844
517593437,966,254,0,3930,244,0,0,0,0,0,1,0,0,0,0,517593486,2166161467,1048575,37455,0,3,-5464.878
517594466,1029,254,0,3930,266,0,0,0,0,0,1,0,0,0,0,517594512,2166161467,1048575,38476,0,3,-5463.849
517595449,983,254,0,3930,247,0,0,0,0,0,1,0,0,0,0,517595499,2166161467,1048575,39467,0,3,-5462.866
517596445,996,254,0,3930,247,0,0,0,0,0,1,0,0,0,0,517596486,2166161467,1048575,40450,0,3,-5461.87
517597440,995,254,0,3930,247,0,0,0,0,0,1,0,0,0,0,517597488,2166161467,1048575,41455,0,3,-5460.875
517598460,1020,254,0,3930,267,0,0,0,0,0,1,0,0,0,0,517598505,2166161467,1048575,42471,0,3,-5459.855
517599446,986,254,0,3930,242,0,0,0,0,0,1,0,0,0,0,517599493,2166161467,1048575,43460,0,3,-5458.869
517600452,1006,254,0,3930,259,0,0,0,0,0,1,0,0,0,0,517600565,2166161467,1048575,44563,0,3,-5457.863
517601489,1037,254,0,3930,296,0,0,0,0,0,1,0,0,0,0,517601540,2166161467,1048575,45504,0,3,-5456.826
517602438,949,254,0,3930,235,0,0,0,0,0,1,0,0,0,0,517602480,2166161467,1048575,46443,0,3,-5455.877
517603423,985,254,0,3930,231,0,0,0,0,0,1,0,0,0,0,517603457,2166161467,1048575,47419,0,3,-5454.892
517604422,999,254,0,3930,230,0,0,0,0,0,1,0,0,0,0,517604454,2166161467,1048575,48415,0,3,-5453.893
517605422,1000,254,0,3930,231,0,0,0,0,0,1,0,0,0,0,517605456,2166161467,1048575,49417,0,3,-5452.893
517606424,1002,254,0,3930,233,0,0,0,0,0,1,0,0,0,0,517606457,2166161467,1048575,1,0,3,-5451.891
517607432,1008,254,0,3930,237,0,0,0,0,0,1,0,0,0,0,517607477,2166161467,1048575,492,0,3,-5450.883
517608433,1001,254,0,3930,236,0,0,0,0,0,1,0,0,0,0,517608466,2166161467,1048575,1481,0,3,-5449.882
517609470,1037,254,0,3930,280,0,0,0,0,0,1,0,0,0,0,517609562,2166161467,1048575,2600,0,3,-5448.845
517610528,1058,254,0,3930,327,0,0,0,0,0,1,0,0,0,0,517610681,2166161467,1048575,3734,0,3,-5447.787
517611535,1007,254,0,3930,330,0,0,0,0,0,1,0,0,0,0,517611616,2166161467,1048575,4653,0,3,-5446.78
517612473,938,254,0,3930,274,0,0,0,0,0,1,0,0,0,0,517612527,2166161467,1048575,5547,0,3,-5445.842
517613442,969,254,0,3930,243,0,0,0,0,0,1,0,0,0,0,517613489,2166161467,1048575,6509,0,3,-5444.873
517614470,1028,254,0,3930,270,0,0,0,0,0,1,0,0,0,0,517614515,2166161467,1048575,7536,0,3,-5443.845
517615438,968,254,0,3930,246,0,0,0,0,0,1,0,0,0,0,517615493,2166161467,1048575,8513,0,3,-5442.877
517616447,1009,254,0,3930,252,0,0,0,0,0,1,0,0,0,0,517616487,2166161467,1048575,9504,0,3,-5441.868
517617451,1004,254,0,3930,249,0,0,0,0,0,1,0,0,0,0,517617499,2166161467,1048575,10520,0,3,-5440.864
517618461,1010,254,0,3930,267,0,0,0,0,0,1,0,0,0,0,517618505,2166161467,1048575,11520,0,3,-5439.854
517619440,979,254,0,3930,247,0,0,0,0,0,1,0,0,0,0,517619490,2166161467,1048575,12510,0,3,-5438.875
517620455,1015,254,0,3930,261,0,0,0,0,0,1,0,0,0,0,517620569,2166161467,1048575,13619,0,3,-5437.86
517621492,1037,254,0,3930,300,0,0,0,0,0,1,0,0,0,0,517621543,2166161467,1048575,14559,0,3,-5436.823
517622425,933,254,0,3930,234,0,0,0,0,0,1,0,0,0,0,517622468,2166161467,1048575,15483,0,3,-5435.89
517623429,1004,254,0,3930,234,0,0,0,0,0,1,0,0,0,0,517623462,2166161467,1048575,16477,0,3,-5434.886
517624428,999,254,0,3930,232,0,0,0,0,0,1,0,0,0,0,517624461,2166161467,1048575,17476,0,3,-5433.887
517625426,998,254,0,3930,231,0,0,0,0,0,1,0,0,0,0,517625459,2166161467,1048575,18474,0,3,-5432.889
517626430,1004,254,0,3930,231,0,0,0,0,0,1,0,0,0,0,517626467,2166161467,1048575,19481,0,3,-5431.885
517627435,1005,254,0,3930,234,0,0,0,0,0,1,0,0,0,0,517627468,2166161467,1048575,20483,0,3,-5430.88
517628423,988,254,0,3930,231,0,0,0,0,0,1,0,0,0,0,517628456,2166161467,1048575,21471,0,3,-5429.892
517629474,1051,254,0,3930,274,0,0,0,0,0,1,0,0,0,0,517629579,2166161467,1048575,22625,0,3,-5428.841
517630523,1049,254,0,3930,333,0,0,0,0,0,1,0,0,0,0,517630675,2166161467,1048575,23719,0,3,-5427.792
517631528,1005,254,0,3930,335,0,0,0,0,0,1,0,0,0,0,517631614,2166161467,1048575,24653,0,3,-5426.787
517632468,940,254,0,3930,272,0,0,0,0,0,1,0,0,0,0,517632515,2166161467,1048575,25532,0,3,-5425.847
517633444,976,254,0,3930,247,0,0,0,0,0,1,0,0,0,0,517633489,2166161467,1048575,26509,0,3,-5424.871
517634464,1020,254,0,3930,264,0,0,0,0,0,1,0,0,0,0,517634511,2166161467,1048575,27529,0,3,-5423.851
517635448,984,254,0,3930,247,0,0,0,0,0,1,0,0,0,0,517635495,2166161467,1048575,28516,0,3,-5422.867
517636446,998,254,0,3930,245,0,0,0,0,0,1,0,0,0,0,517636489,2166161467,1048575,29504,0,3,-5421.869
517637442,996,254,0,3930,245,0,0,0,0,0,1,0,0,0,0,517637486,2166161467,1048575,30506,0,3,-5420.873
517638466,1024,254,0,3930,263,0,0,0,0,0,1,0,0,0,0,517638509,2166161467,1048575,31528,0,3,-5419.849
517639434,968,254,0,3930,243,0,0,0,0,0,1,0,0,0,0,517639478,2166161467,1048575,32498,0,3,-5418.881
517640453,1019,254,0,3930,257,0,0,0,0,0,1,0,0,0,0,517640568,2166161467,1048575,33610,0,3,-5417.862
517641491,1038,254,0,3930,297,0,0,0,0,0,1,0,0,0,0,517641540,2166161467,1048575,34560,0,3,-5416.824
517642431,940,254,0,3930,232,0,0,0,0,0,1,0,0,0,0,517642472,2166161467,1048575,35487,0,3,-5415.884
517643427,996,254,0,3930,233,0,0,0,0,0,1,0,0,0,0,517643460,2166161467,1048575,36473,0,3,-5414.888
517644419,992,254,0,3930,228,0,0,0,0,0,1,0,0,0,0,517644447,2166161467,1048575,37461,0,3,-5413.896
517645427,1008,254,0,3930,232,0,0,0,0,0,1,0,0,0,0,517645460,2166161467,1048575,38473,0,3,-5412.888
517646426,999,254,0,3930,230,0,0,0,0,0,1,0,0,0,0,517646456,2166161467,1048575,39470,0,3,-5411.889
517647423,997,254,0,3930,232,0,0,0,0,0,1,0,0,0,0,517647456,2166161467,1048575,40469,0,3,-5410.892
517648430,1007,254,0,3930,227,0,0,0,0,0,1,0,0,0,0,517648458,2166161467,1048575,41473,0,3,-5409.885
517649473,1043,254,0,3930,275,0,0,0,0,0,1,0,0,0,0,517649572,2166161467,1048575,42614,0,3,-5408.842
517650514,1041,254,0,3930,320,0,0,0,0,0,1,0,0,0,0,517650662,2166161467,1048575,43708,0,3,-5407.801
517651531,1017,254,0,3930,336,0,0,0,0,0,1,0,0,0,0,517651613,2166161467,1048575,44655,0,3,-5406.784
517652472,941,254,0,3930,275,0,0,0,0,0,1,0,0,0,0,517652520,2166161467,1048575,45537,0,3,-5405.843
517653448,976,254,0,3930,246,0,0,0,0,0,1,0,0,0,0,517653496,2166161467,1048575,46517,0,3,-5404.867
517654466,1018,254,0,3930,265,0,0,0,0,0,1,0,0,0,0,517654513,2166161467,1048575,47532,0,3,-5403.849
517655438,972,254,0,3930,247,0,0,0,0,0,1,0,0,0,0,517655488,2166161467,1048575,48508,0,3,-5402.877
517656445,1007,254,0,3930,249,0,0,0,0,0,1,0,0,0,0,517656484,2166161467,1048575,49501,0,3,-5401.87
517657442,997,254,0,3930,245,0,0,0,0,0,1,0,0,0,0,517657489,2166161467,1048575,1,0,3,-5400.873
517658468,1026,254,0,3930,265,0,0,0,0,0,1,0,0,0,0,517658518,2166161467,1048575,482,0,3,-5399.847
517659447,979,254,0,3930,254,0,0,0,0,0,1,0,0,0,0,517659494,2166161467,1048575,1460,0,3,-5398.868
517660453,1006,254,0,3930,257,0,0,0,0,0,1,0,0,0,0,517660574,2166161467,1048575,2562,0,3,-5397.862
517661491,1038,254,0,3930,298,0,0,0,0,0,1,0,0,0,0,517661545,2166161467,1048575,3509,0,3,-5396.824
517662431,940,254,0,3930,233,0,0,0,0,0,1,0,0,0,0,517662468,2166161467,1048575,4428,0,3,-5395.884
517663423,992,254,0,3930,233,0,0,0,0,0,1,0,0,0,0,517663456,2166161467,1048575,5415,0,3,-5394.892
517664430,1007,254,0,3930,227,0,0,0,0,0,1,0,0,0,0,517664458,2166161467,1048575,6419,0,3,-5393.885
517665424,994,254,0,3930,232,0,0,0,0,0,1,0,0,0,0,517665457,2166161467,1048575,7416,0,3,-5392.891
517666423,999,254,0,3930,229,0,0,0,0,0,1,0,0,0,0,517666453,2166161467,1048575,8413,0,3,-5391.892
517667423,1000,254,0,3930,232,0,0,0,0,0,1,0,0,0,0,517667456,2166161467,1048575,9416,0,3,-5390.892
517668430,1007,254,0,3930,228,0,0,0,0,0,1,0,0,0,0,517668458,2166161467,1048575,10419,0,3,-5389.885
517669460,1030,254,0,3930,266,0,0,0,0,0,1,0,0,0,0,517669553,2166161467,1048575,11536,0,3,-5388.855
517670532,1072,254,0,3930,338,0,0,0,0,0,1,0,0,0,0,517670690,2166161467,1048575,12694,0,3,-5387.783
517671531,999,254,0,3930,334,0,0,0,0,0,1,0,0,0,0,517671618,2166161467,1048575,13603,0,3,-5386.784
517672464,933,254,0,3930,270,0,0,0,0,0,1,0,0,0,0,517672508,2166161467,1048575,14473,0,3,-5385.851
517673443,979,254,0,3930,245,0,0,0,0,0,1,0,0,0,0,517673491,2166161467,1048575,15460,0,3,-5384.872
517674465,1022,254,0,3930,266,0,0,0,0,0,1,0,0,0,0,517674512,2166161467,1048575,16475,0,3,-5383.85
517675436,971,254,0,3930,246,0,0,0,0,0,1,0,0,0,0,517675487,2166161467,1048575,17457,0,3,-5382.879
517676442,1006,254,0,3930,248,0,0,0,0,0,1,0,0,0,0,517676479,2166161467,1048575,18441,0,3,-5381.873
517677446,1004,254,0,3930,247,0,0,0,0,0,1,0,0,0,0,517677496,2166161467,1048575,19464,0,3,-5380.869
517678457,1011,254,0,3930,265,0,0,0,0,0,1,0,0,0,0,517678498,2166161467,1048575,20460,0,3,-5379.858
517679435,978,254,0,3930,242,0,0,0,0,0,1,0,0,0,0,517679483,2166161467,1048575,21451,0,3,-5378.88
517680458,1023,254,0,3930,257,0,0,0,0,0,1,0,0,0,0,517680573,2166161467,1048575,22566,0,3,-5377.857
517681497,1039,254,0,3930,299,0,0,0,0,0,1,0,0,0,0,517681543,2166161467,1048575,23509,0,3,-5376.818
517682441,944,254,0,3930,238,0,0,0,0,0,1,0,0,0,0,517682486,2166161467,1048575,24447,0,3,-5375.874
517683428,987,254,0,3930,233,0,0,0,0,0,1,0,0,0,0,517683461,2166161467,1048575,25421,0,3,-5374.887
517684427,999,254,0,3930,232,0,0,0,0,0,1,0,0,0,0,517684460,2166161467,1048575,26420,0,3,-5373.888
517685427,1000,254,0,3930,233,0,0,0,0,0,1,0,0,0,0,517685459,2166161467,1048575,27419,0,3,-5372.888
517686434,1007,254,0,3930,234,0,0,0,0,0,1,0,0,0,0,517686468,2166161467,1048575,28429,0,3,-5371.881
517687426,992,254,0,3930,233,0,0,0,0,0,1,0,0,0,0,517687458,2166161467,1048575,29419,0,3,-5370.889
517688426,1000,254,0,3930,232,0,0,0,0,0,1,0,0,0,0,517688459,2166161467,1048575,30420,0,3,-5369.889
517689473,1047,254,0,3930,277,0,0,0,0,0,1,0,0,0,0,517689576,2166161467,1048575,31567,0,3,-5368.842
517690527,1054,254,0,3930,325,0,0,0,0,0,1,0,0,0,0,517690675,2166161467,1048575,32671,0,3,-5367.788
517691547,1020,254,0,3930,343,0,0,0,0,0,1,0,0,0,0,517691639,2166161467,1048575,33618,0,3,-5366.768
517692471,924,254,0,3930,274,0,0,0,0,0,1,0,0,0,0,517692519,2166161467,1048575,34483,0,3,-5365.844
517693449,978,254,0,3930,247,0,0,0,0,0,1,0,0,0,0,517693498,2166161467,1048575,35466,0,3,-5364.866
517694470,1021,254,0,3930,267,0,0,0,0,0,1,0,0,0,0,517694518,2166161467,1048575,36482,0,3,-5363.845
517695439,969,254,0,3930,247,0,0,0,0,0,1,0,0,0,0,517695489,2166161467,1048575,37455,0,3,-5362.876
517696447,1008,254,0,3930,249,0,0,0,0,0,1,0,0,0,0,517696486,2166161467,1048575,38449,0,3,-5361.868
517697444,997,254,0,3930,245,0,0,0,0,0,1,0,0,0,0,517697490,2166161467,1048575,39456,0,3,-5360.871
517698456,1012,254,0,3930,266,0,0,0,0,0,1,0,0,0,0,517698500,2166161467,1048575,40463,0,3,-5359.859
517699449,993,254,0,3930,245,0,0,0,0,0,1,0,0,0,0,517699494,2166161467,1048575,41461,0,3,-5358.866
517700446,997,254,0,3930,255,0,0,0,0,0,1,0,0,0,0,517700561,2166161467,1048575,42556,0,3,-5357.869
517701490,1044,254,0,3930,299,0,0,0,0,0,1,0,0,0,0,517701540,2166161467,1048575,43504,0,3,-5356.825
517702438,948,254,0,3930,236,0,0,0,0,0,1,0,0,0,0,517702481,2166161467,1048575,44443,0,3,-5355.877
517703425,987,254,0,3930,232,0,0,0,0,0,1,0,0,0,0,517703458,2166161467,1048575,45419,0,3,-5354.89
517704426,1001,254,0,3930,232,0,0,0,0,0,1,0,0,0,0,517704459,2166161467,1048575,46420,0,3,-5353.889
517705426,1000,254,0,3930,232,0,0,0,0,0,1,0,0,0,0,517705459,2166161467,1048575,47419,0,3,-5352.889
517706433,1007,254,0,3930,233,0,0,0,0,0,1,0,0,0,0,517706468,2166161467,1048575,48428,0,3,-5351.882
517707425,992,254,0,3930,232,0,0,0,0,0,1,0,0,0,0,517707459,2166161467,1048575,49419,0,3,-5350.89
517708426,1001,254,0,3930,232,0,0,0,0,0,1,0,0,0,0,517708459,2166161467,1048575,3,0,3,-5349.889
517709469,1043,254,0,3930,269,0,0,0,0,0,1,0,0,0,0,517709576,2166161467,1048575,570,0,3,-5348.846
517710532,1063,254,0,3930,330,0,0,0,0,0,1,0,0,0,0,517710673,2166161467,1048575,1684,0,3,-5347.783
517711517,985,254,0,3930,326,0,0,0,0,0,1,0,0,0,0,517711606,2166161467,1048575,2599,0,3,-5346.798
517712472,955,254,0,3930,277,0,0,0,0,0,1,0,0,0,0,517712520,2166161467,1048575,3499,0,3,-5345.843
517713447,975,254,0,3930,245,0,0,0,0,0,1,0,0,0,0,517713494,2166161467,1048575,4473,0,3,-5344.868
517714460,1013,254,0,3930,263,0,0,0,0,0,1,0,0,0,0,517714502,2166161467,1048575,5480,0,3,-5343.855
517715444,984,254,0,3930,246,0,0,0,0,0,1,0,0,0,0,517715492,2166161467,1048575,6476,0,3,-5342.871
517716445,1001,254,0,3930,252,0,0,0,0,0,1,0,0,0,0,517716486,2166161467,1048575,7460,0,3,-5341.87
517717442,997,254,0,3930,245,0,0,0,0,0,1,0,0,0,0,517717489,2166161467,1048575,8470,0,3,-5340.873
517718458,1016,254,0,3930,265,0,0,0,0,0,1,0,0,0,0,517718499,2166161467,1048575,9473,0,3,-5339.857
517719445,987,254,0,3930,244,0,0,0,0,0,1,0,0,0,0,517719492,2166161467,1048575,10472,0,3,-5338.87
517720463,1018,254,0,3930,261,0,0,0,0,0,1,0,0,0,0,517720576,2166161467,1048575,11580,0,3,-5337.852
517721494,1031,254,0,3930,296,0,0,0,0,0,1,0,0,0,0,517721547,2166161467,1048575,12525,0,3,-5336.821
517722439,945,254,0,3930,239,0,0,0,0,0,1,0,0,0,0,517722478,2166161467,1048575,13452,0,3,-5335.876
517723434,995,254,0,3930,233,0,0,0,0,0,1,0,0,0,0,517723466,2166161467,1048575,14440,0,3,-5334.881
517724433,999,254,0,3930,233,0,0,0,0,0,1,0,0,0,0,517724465,2166161467,1048575,15439,0,3,-5333.882
517725432,999,254,0,3930,232,0,0,0,0,0,1,0,0,0,0,517725464,2166161467,1048575,16437,0,3,-5332.883
517726437,1005,254,0,3930,235,0,0,0,0,0,1,0,0,0,0,517726474,2166161467,1048575,17448,0,3,-5331.878
517727428,991,254,0,3930,233,0,0,0,0,0,1,0,0,0,0,517727460,2166161467,1048575,18434,0,3,-5330.887
517728427,999,254,0,3930,233,0,0,0,0,0,1,0,0,0,0,517728459,2166161467,1048575,19433,0,3,-5329.888
517729472,1045,254,0,3930,276,0,0,0,0,0,1,0,0,0,0,517729573,2166161467,1048575,20577,0,3,-5328.843
517730511,1039,254,0,3930,317,0,0,0,0,0,1,0,0,0,0,517730659,2166161467,1048575,21664,0,3,-5327.804
517731520,1009,254,0,3930,329,0,0,0,0,0,1,0,0,0,0,517731603,2166161467,1048575,22606,0,3,-5326.795
517732481,961,254,0,3930,277,0,0,0,0,0,1,0,0,0,0,517732534,2166161467,1048575,23510,0,3,-5325.834
517733437,956,254,0,3930,245,0,0,0,0,0,1,0,0,0,0,517733485,2166161467,1048575,24465,0,3,-5324.878
517734467,1030,254,0,3930,266,0,0,0,0,0,1,0,0,0,0,517734513,2166161467,1048575,25491,0,3,-5323.848
517735438,971,254,0,3930,246,0,0,0,0,0,1,0,0,0,0,517735490,2166161467,1048575,26469,0,3,-5322.877
517736447,1009,254,0,3930,250,0,0,0,0,0,1,0,0,0,0,517736488,2166161467,1048575,27464,0,3,-5321.868
517737447,1000,254,0,3930,247,0,0,0,0,0,1,0,0,0,0,517737496,2166161467,1048575,28476,0,3,-5320.868
517738460,1013,254,0,3930,266,0,0,0,0,0,1,0,0,0,0,517738505,2166161467,1048575,29482,0,3,-5319.855
517739437,977,254,0,3930,246,0,0,0,0,0,1,0,0,0,0,517739484,2166161467,1048575,30465,0,3,-5318.878
517740452,1015,254,0,3930,259,0,0,0,0,0,1,0,0,0,0,517740562,2166161467,1048575,31563,0,3,-5317.863
517741492,1040,254,0,3930,294,0,0,0,0,0,1,0,0,0,0,517741545,2166161467,1048575,32522,0,3,-5316.823
517742433,941,254,0,3930,233,0,0,0,0,0,1,0,0,0,0,517742471,2166161467,1048575,33445,0,3,-5315.882
517743426,993,254,0,3930,232,0,0,0,0,0,1,0,0,0,0,517743459,2166161467,1048575,34431,0,3,-5314.889
517744419,993,254,0,3930,228,0,0,0,0,0,1,0,0,0,0,517744446,2166161467,1048575,35420,0,3,-5313.896
517745426,1007,254,0,3930,231,0,0,0,0,0,1,0,0,0,0,517745459,2166161467,1048575,36432,0,3,-5312.889
517746426,1000,254,0,3930,229,0,0,0,0,0,1,0,0,0,0,517746456,2166161467,1048575,37429,0,3,-5311.889
517747425,999,254,0,3930,232,0,0,0,0,0,1,0,0,0,0,517747458,2166161467,1048575,38431,0,3,-5310.89
517748419,994,254,0,3930,228,0,0,0,0,0,1,0,0,0,0,517748447,2166161467,1048575,39420,0,3,-5309.896
517749470,1051,254,0,3930,275,0,0,0,0,0,1,0,0,0,0,517749565,2166161467,1048575,40566,0,3,-5308.845
517750538,1068,254,0,3930,336,0,0,0,0,0,1,0,0,0,0,517750692,2166161467,1048575,41701,0,3,-5307.777
517751525,987,254,0,3930,325,0,0,0,0,0,1,0,0,0,0,517751610,2166161467,1048575,42613,0,3,-5306.79
517752475,950,254,0,3930,276,0,0,0,0,0,1,0,0,0,0,517752522,2166161467,1048575,43499,0,3,-5305.84
517753439,964,254,0,3930,245,0,0,0,0,0,1,0,0,0,0,517753486,2166161467,1048575,44468,0,3,-5304.876
517754464,1025,254,0,3930,267,0,0,0,0,0,1,0,0,0,0,517754511,2166161467,1048575,45487,0,3,-5303.851
517755451,987,254,0,3930,248,0,0,0,0,0,1,0,0,0,0,517755501,2166161467,1048575,46481,0,3,-5302.864
517756437,986,254,0,3930,246,0,0,0,0,0,1,0,0,0,0,517756478,2166161467,1048575,47456,0,3,-5301.878
517757450,1013,254,0,3930,248,0,0,0,0,0,1,0,0,0,0,517757498,2166161467,1048575,48477,0,3,-5300.865
517758467,1017,254,0,3930,265,0,0,0,0,0,1,0,0,0,0,517758512,2166161467,1048575,49492,0,3,-5299.848
517759448,981,254,0,3930,246,0,0,0,0,0,1,0,0,0,0,517759495,2166161467,1048575,1,0,3,-5298.867
517760454,1006,254,0,3930,260,0,0,0,0,0,1,0,0,0,0,517760578,2166161467,1048575,572,0,3,-5297.861
517761500,1046,254,0,3930,296,0,0,0,0,0,1,0,0,0,0,517761554,2166161467,1048575,1522,0,3,-5296.815
517762444,944,254,0,3930,241,0,0,0,0,0,1,0,0,0,0,517762484,2166161467,1048575,2444,0,3,-5295.871
517763422,978,254,0,3930,232,0,0,0,0,0,1,0,0,0,0,517763455,2166161467,1048575,3416,0,3,-5294.893
517764423,1001,254,0,3930,230,0,0,0,0,0,1,0,0,0,0,517764455,2166161467,1048575,4415,0,3,-5293.892
517765434,1011,254,0,3930,231,0,0,0,0,0,1,0,0,0,0,517765467,2166161467,1048575,5428,0,3,-5292.881
517766436,1002,254,0,3930,232,0,0,0,0,0,1,0,0,0,0,517766469,2166161467,1048575,6429,0,3,-5291.879
517767436,1000,254,0,3930,233,0,0,0,0,0,1,0,0,0,0,517767469,2166161467,1048575,7429,0,3,-5290.879
517768421,985,254,0,3930,230,0,0,0,0,0,1,0,0,0,0,517768452,2166161467,1048575,8413,0,3,-5289.894
517769494,1073,254,0,3930,294,0,0,0,0,0,1,0,0,0,0,517769600,2166161467,1048575,9585,0,3,-5288.821
517770508,1014,254,0,3930,315,0,0,0,0,0,1,0,0,0,0,517770643,2166161467,1048575,10637,0,3,-5287.807
517771529,1021,254,0,3930,337,0,0,0,0,0,1,0,0,0,0,517771624,2166161467,1048575,11604,0,3,-5286.786
517772479,950,254,0,3930,276,0,0,0,0,0,1,0,0,0,0,517772527,2166161467,1048575,12492,0,3,-5285.836
517773447,968,254,0,3930,244,0,0,0,0,0,1,0,0,0,0,517773494,2166161467,1048575,13460,0,3,-5284.868
517774466,1019,254,0,3930,268,0,0,0,0,0,1,0,0,0,0,517774508,2166161467,1048575,14470,0,3,-5283.849
517775435,969,254,0,3930,243,0,0,0,0,0,1,0,0,0,0,517775488,2166161467,1048575,15454,0,3,-5282.88
517776447,1012,254,0,3930,252,0,0,0,0,0,1,0,0,0,0,517776485,2166161467,1048575,16448,0,3,-5281.868
517777441,994,254,0,3930,243,0,0,0,0,0,1,0,0,0,0,517777490,2166161467,1048575,17458,0,3,-5280.874
517778460,1019,254,0,3930,268,0,0,0,0,0,1,0,0,0,0,517778505,2166161467,1048575,18468,0,3,-5279.855
517779436,976,254,0,3930,244,0,0,0,0,0,1,0,0,0,0,517779486,2166161467,1048575,19454,0,3,-5278.879
517780466,1030,254,0,3930,272,0,0,0,0,0,1,0,0,0,0,517780570,2166161467,1048575,20552,0,3,-5277.849
517781492,1026,254,0,3930,300,0,0,0,0,0,1,0,0,0,0,517781541,2166161467,1048575,21502,0,3,-5276.823
517782424,932,254,0,3930,233,0,0,0,0,0,1,0,0,0,0,517782457,2166161467,1048575,22419,0,3,-5275.891
517783427,1003,254,0,3930,233,0,0,0,0,0,1,0,0,0,0,517783459,2166161467,1048575,23418,0,3,-5274.888
517784419,992,254,0,3930,228,0,0,0,0,0,1,0,0,0,0,517784446,2166161467,1048575,24407,0,3,-5273.896
517785427,1008,254,0,3930,232,0,0,0,0,0,1,0,0,0,0,517785459,2166161467,1048575,25419,0,3,-5272.888
517786426,999,254,0,3930,231,0,0,0,0,0,1,0,0,0,0,517786456,2166161467,1048575,26416,0,3,-5271.889
517787423,997,254,0,3930,232,0,0,0,0,0,1,0,0,0,0,517787456,2166161467,1048575,27416,0,3,-5270.892
517788417,994,254,0,3930,229,0,0,0,0,0,1,0,0,0,0,517788444,2166161467,1048575,28405,0,3,-5269.898
517789466,1049,254,0,3930,274,0,0,0,0,0,1,0,0,0,0,517789564,2166161467,1048575,29553,0,3,-5268.849
517790523,1057,254,0,3930,326,0,0,0,0,0,1,0,0,0,0,517790670,2166161467,1048575,30667,0,3,-5267.792
517791520,997,254,0,3930,329,0,0,0,0,0,1,0,0,0,0,517791605,2166161467,1048575,31592,0,3,-5266.795
517792468,948,254,0,3930,273,0,0,0,0,0,1,0,0,0,0,517792514,2166161467,1048575,32478,0,3,-5265.847
517793441,973,254,0,3930,244,0,0,0,0,0,1,0,0,0,0,517793487,2166161467,1048575,33455,0,3,-5264.874
517794463,1022,254,0,3930,264,0,0,0,0,0,1,0,0,0,0,517794509,2166161467,1048575,34473,0,3,-5263.852
517795443,980,254,0,3930,247,0,0,0,0,0,1,0,0,0,0,517795493,2166161467,1048575,35460,0,3,-5262.872
517796445,1002,254,0,3930,251,0,0,0,0,0,1,0,0,0,0,517796487,2166161467,1048575,36449,0,3,-5261.87
517797437,992,254,0,3930,242,0,0,0,0,0,1,0,0,0,0,517797484,2166161467,1048575,37451,0,3,-5260.878
517798470,1033,254,0,3930,266,0,0,0,0,0,1,0,0,0,0,517798513,2166161467,1048575,38476,0,3,-5259.845
517799453,983,254,0,3930,249,0,0,0,0,0,1,0,0,0,0,517799504,2166161467,1048575,39470,0,3,-5258.862
517800452,999,254,0,3930,256,0,0,0,0,0,1,0,0,0,0,517800570,2166161467,1048575,40560,0,3,-5257.863
517801495,1043,254,0,3930,299,0,0,0,0,0,1,0,0,0,0,517801545,2166161467,1048575,41507,0,3,-5256.82
517802432,937,254,0,3930,233,0,0,0,0,0,1,0,0,0,0,517802473,2166161467,1048575,42434,0,3,-5255.883
517803430,998,254,0,3930,234,0,0,0,0,0,1,0,0,0,0,517803463,2166161467,1048575,43423,0,3,-5254.885
517804420,990,254,0,3930,228,0,0,0,0,0,1,0,0,0,0,517804448,2166161467,1048575,44408,0,3,-5253.895
517805428,1008,254,0,3930,232,0,0,0,0,0,1,0,0,0,0,517805461,2166161467,1048575,45420,0,3,-5252.887
517806424,996,254,0,3930,228,0,0,0,0,0,1,0,0,0,0,517806454,2166161467,1048575,46415,0,3,-5251.891
517807424,1000,254,0,3930,234,0,0,0,0,0,1,0,0,0,0,517807457,2166161467,1048575,47416,0,3,-5250.891
517808430,1006,254,0,3930,227,0,0,0,0,0,1,0,0,0,0,517808458,2166161467,1048575,48419,0,3,-5249.885
517809462,1032,254,0,3930,270,0,0,0,0,0,1,0,0,0,0,517809556,2166161467,1048575,49549,0,3,-5248.853
517810520,1058,254,0,3930,322,0,0,0,0,0,1,0,0,0,0,517810669,2166161467,1048575,2,0,3,-5247.795
517811780,1260,254,0,3930,337,0,0,0,0,0,1,0,0,0,0,517811867,2166161467,1048575,543,0,3,-5246.535
517812464,684,254,0,3930,266,0,0,0,0,0,1,0,0,0,0,517812521,2166161467,1048575,1180,0,3,-5245.851
517813449,985,254,0,3930,257,0,0,0,0,0,1,0,0,0,0,517813503,2166161467,1048575,2164,0,3,-5244.866
517814465,1016,254,0,3930,270,0,0,0,0,0,1,0,0,0,0,517814517,2166161467,1048575,3177,0,3,-5243.85
517815457,992,254,0,3930,254,0,0,0,0,0,1,0,0,0,0,517815510,2166161467,1048575,4171,0,3,-5242.858
517816447,990,254,0,3930,251,0,0,0,0,0,1,0,0,0,0,517816495,2166161467,1048575,5153,0,3,-5241.868
517817455,1008,254,0,3930,257,0,0,0,0,0,1,0,0,0,0,517817507,2166161467,1048575,6167,0,3,-5240.86
517818459,1004,254,0,3930,266,0,0,0,0,0,1,0,0,0,0,517818509,2166161467,1048575,7169,0,3,-5239.856
517819458,999,254,0,3930,255,0,0,0,0,0,1,0,0,0,0,517819506,2166161467,1048575,8168,0,3,-5238.857
517820467,1009,254,0,3930,272,0,0,0,0,0,1,0,0,0,0,517820562,2166161467,1048575,9232,0,3,-5237.848
517821497,1030,254,0,3930,300,0,0,0,0,0,1,0,0,0,0,517821552,2166161467,1048575,10211,0,3,-5236.818
517822432,935,254,0,3930,232,0,0,0,0,0,1,0,0,0,0,517822465,2166161467,1048575,11119,0,3,-5235.883
517823439,1007,254,0,3930,235,0,0,0,0,0,1,0,0,0,0,517823468,2166161467,1048575,12120,0,3,-5234.876
517824425,986,254,0,3930,229,0,0,0,0,0,1,0,0,0,0,517824455,2166161467,1048575,13109,0,3,-5233.89
517825423,998,254,0,3930,233,0,0,0,0,0,1,0,0,0,0,517825451,2166161467,1048575,14104,0,3,-5232.892
517826425,1002,254,0,3930,229,0,0,0,0,0,1,0,0,0,0,517826456,2166161467,1048575,15110,0,3,-5231.89
517827426,1001,254,0,3930,235,0,0,0,0,0,1,0,0,0,0,517827455,2166161467,1048575,16107,0,3,-5230.889
517828431,1005,254,0,3930,229,0,0,0,0,0,1,0,0,0,0,517828461,2166161467,1048575,17115,0,3,-5229.884
517829463,1032,254,0,3930,268,0,0,0,0,0,1,0,0,0,0,517829570,2166161467,1048575,18247,0,3,-5228.852
517830519,1056,254,0,3930,328,0,0,0,0,0,1,0,0,0,0,517830660,2166161467,1048575,19348,0,3,-5227.796
517831548,1029,254,0,3930,352,0,0,0,0,0,1,0,0,0,0,517831643,2166161467,1048575,20315,0,3,-5226.767
517832478,930,254,0,3930,274,0,0,0,0,0,1,0,0,0,0,517832524,2166161467,1048575,21181,0,3,-5225.837
517833439,961,254,0,3930,246,0,0,0,0,0,1,0,0,0,0,517833488,2166161467,1048575,22148,0,3,-5224.876
517834464,1025,254,0,3930,264,0,0,0,0,0,1,0,0,0,0,517834511,2166161467,1048575,23167,0,3,-5223.851
517835450,986,254,0,3930,249,0,0,0,0,0,1,0,0,0,0,517835499,2166161467,1048575,24159,0,3,-5222.865
517836447,997,254,0,3930,246,0,0,0,0,0,1,0,0,0,0,517836487,2166161467,1048575,25143,0,3,-5221.868
517837446,999,254,0,3930,247,0,0,0,0,0,1,0,0,0,0,517837492,2166161467,1048575,26151,0,3,-5220.869
517838454,1008,254,0,3930,261,0,0,0,0,0,1,0,0,0,0,517838499,2166161467,1048575,27156,0,3,-5219.861
517839449,995,254,0,3930,249,0,0,0,0,0,1,0,0,0,0,517839493,2166161467,1048575,28152,0,3,-5218.866
517840453,1004,254,0,3930,259,0,0,0,0,0,1,0,0,0,0,517840568,2166161467,1048575,29250,0,3,-5217.862
517841494,1041,254,0,3930,300,0,0,0,0,0,1,0,0,0,0,517841539,2166161467,1048575,30193,0,3,-5216.821
517842428,934,254,0,3930,232,0,0,0,0,0,1,0,0,0,0,517842465,2166161467,1048575,31120,0,3,-5215.887
517843425,997,254,0,3930,233,0,0,0,0,0,1,0,0,0,0,517843457,2166161467,1048575,32110,0,3,-5214.89
517844417,992,254,0,3930,228,0,0,0,0,0,1,0,0,0,0,517844444,2166161467,1048575,33098,0,3,-5213.898
517845425,1008,254,0,3930,232,0,0,0,0,0,1,0,0,0,0,517845457,2166161467,1048575,34109,0,3,-5212.89
517846420,995,254,0,3930,230,0,0,0,0,0,1,0,0,0,0,517846450,2166161467,1048575,35104,0,3,-5211.895
517847435,1015,254,0,3930,233,0,0,0,0,0,1,0,0,0,0,517847467,2166161467,1048575,36119,0,3,-5210.88
517848425,990,254,0,3930,228,0,0,0,0,0,1,0,0,0,0,517848452,2166161467,1048575,37106,0,3,-5209.89
517849460,1035,254,0,3930,269,0,0,0,0,0,1,0,0,0,0,517849565,2166161467,1048575,38252,0,3,-5208.855
517850534,1074,254,0,3930,329,0,0,0,0,0,1,0,0,0,0,517850671,2166161467,1048575,39355,0,3,-5207.781
517851531,997,254,0,3930,327,0,0,0,0,0,1,0,0,0,0,517851614,2166161467,1048575,40297,0,3,-5206.784
517852472,941,254,0,3930,275,0,0,0,0,0,1,0,0,0,0,517852523,2166161467,1048575,41180,0,3,-5205.843
517853446,974,254,0,3930,246,0,0,0,0,0,1,0,0,0,0,517853495,2166161467,1048575,42155,0,3,-5204.869
517854469,1023,254,0,3930,266,0,0,0,0,0,1,0,0,0,0,517854516,2166161467,1048575,43174,0,3,-5203.846
517855435,966,254,0,3930,243,0,0,0,0,0,1,0,0,0,0,517855485,2166161467,1048575,44145,0,3,-5202.88
517856443,1008,254,0,3930,252,0,0,0,0,0,1,0,0,0,0,517856485,2166161467,1048575,45141,0,3,-5201.872
517857438,995,254,0,3930,242,0,0,0,0,0,1,0,0,0,0,517857482,2166161467,1048575,46142,0,3,-5200.877
517858470,1032,254,0,3930,268,0,0,0,0,0,1,0,0,0,0,517858515,2166161467,1048575,47173,0,3,-5199.845
517859437,967,254,0,3930,244,0,0,0,0,0,1,0,0,0,0,517859484,2166161467,1048575,48144,0,3,-5198.878
517860462,1025,254,0,3930,260,0,0,0,0,0,1,0,0,0,0,517860568,2166161467,1048575,49253,0,3,-5197.853
517861504,1042,254,0,3930,300,0,0,0,0,0,1,0,0,0,0,517861557,2166161467,1048575,1,0,3,-5196.811
517862430,926,254,0,3930,239,0,0,0,0,0,1,0,0,0,0,517862480,2166161467,1048575,383,0,3,-5195.885
517863431,1001,254,0,3930,238,0,0,0,0,0,1,0,0,0,0,517863463,2166161467,1048575,1364,0,3,-5194.884
517864429,998,254,0,3930,233,0,0,0,0,0,1,0,0,0,0,517864461,2166161467,1048575,2363,0,3,-5193.886
517865424,995,254,0,3930,232,0,0,0,0,0,1,0,0,0,0,517865454,2166161467,1048575,3355,0,3,-5192.891
517866430,1006,254,0,3930,234,0,0,0,0,0,1,0,0,0,0,517866465,2166161467,1048575,4366,0,3,-5191.885
517867428,998,254,0,3930,232,0,0,0,0,0,1,0,0,0,0,517867458,2166161467,1048575,5360,0,3,-5190.887
517868425,997,254,0,3930,232,0,0,0,0,0,1,0,0,0,0,517868458,2166161467,1048575,6359,0,3,-5189.89
517869473,1048,254,0,3930,278,0,0,0,0,0,1,0,0,0,0,517869562,2166161467,1048575,7486,0,3,-5188.842
517870525,1052,254,0,3930,330,0,0,0,0,0,1,0,0,0,0,517870676,2166161467,1048575,8609,0,3,-5187.79
517871535,1010,254,0,3930,332,0,0,0,0,0,1,0,0,0,0,517871618,2166161467,1048575,9547,0,3,-5186.78
517872472,937,254,0,3930,275,0,0,0,0,0,1,0,0,0,0,517872521,2166161467,1048575,10426,0,3,-5185.843
517873446,974,254,0,3930,245,0,0,0,0,0,1,0,0,0,0,517873493,2166161467,1048575,11400,0,3,-5184.869
517874468,1022,254,0,3930,267,0,0,0,0,0,1,0,0,0,0,517874514,2166161467,1048575,12420,0,3,-5183.847
517875451,983,254,0,3930,247,0,0,0,0,0,1,0,0,0,0,517875500,2166161467,1048575,13407,0,3,-5182.864
517876444,993,254,0,3930,251,0,0,0,0,0,1,0,0,0,0,517876486,2166161467,1048575,14390,0,3,-5181.871
517877447,1003,254,0,3930,245,0,0,0,0,0,1,0,0,0,0,517877493,2166161467,1048575,15400,0,3,-5180.868
517878456,1009,254,0,3930,264,0,0,0,0,0,1,0,0,0,0,517878500,2166161467,1048575,16406,0,3,-5179.859
517879437,981,254,0,3930,247,0,0,0,0,0,1,0,0,0,0,517879485,2166161467,1048575,17392,0,3,-5178.878
517880459,1022,254,0,3930,256,0,0,0,0,0,1,0,0,0,0,517880571,2166161467,1048575,18503,0,3,-5177.856
517881488,1029,254,0,3930,293,0,0,0,0,0,1,0,0,0,0,517881534,2166161467,1048575,19439,0,3,-5176.827
517882440,952,254,0,3930,237,0,0,0,0,0,1,0,0,0,0,517882485,2166161467,1048575,20388,0,3,-5175.875
517883428,988,254,0,3930,232,0,0,0,0,0,1,0,0,0,0,517883462,2166161467,1048575,21364,0,3,-5174.887
517884428,1000,254,0,3930,232,0,0,0,0,0,1,0,0,0,0,517884461,2166161467,1048575,22362,0,3,-5173.887
517885426,998,254,0,3930,231,0,0,0,0,0,1,0,0,0,0,517885460,2166161467,1048575,23361,0,3,-5172.889
517886433,1007,254,0,3930,233,0,0,0,0,0,1,0,0,0,0,517886468,2166161467,1048575,24370,0,3,-5171.882
517887426,993,254,0,3930,233,0,0,0,0,0,1,0,0,0,0,517887459,2166161467,1048575,25360,0,3,-5170.889
517888426,1000,254,0,3930,232,0,0,0,0,0,1,0,0,0,0,517888459,2166161467,1048575,26361,0,3,-5169.889
517889473,1047,254,0,3930,274,0,0,0,0,0,1,0,0,0,0,517889572,2166161467,1048575,27500,0,3,-5168.842
517890527,1054,254,0,3930,326,0,0,0,0,0,1,0,0,0,0,517890675,2166161467,1048575,28610,0,3,-5167.788
517891525,998,254,0,3930,329,0,0,0,0,0,1,0,0,0,0,517891607,2166161467,1048575,29536,0,3,-5166.79
517892467,942,254,0,3930,276,0,0,0,0,0,1,0,0,0,0,517892516,2166161467,1048575,30423,0,3,-5165.848
517893445,978,254,0,3930,245,0,0,0,0,0,1,0,0,0,0,517893493,2166161467,1048575,31401,0,3,-5164.87
517894467,1022,254,0,3930,266,0,0,0,0,0,1,0,0,0,0,517894514,2166161467,1048575,32419,0,3,-5163.848
517895438,971,254,0,3930,246,0,0,0,0,0,1,0,0,0,0,517895487,2166161467,1048575,33394,0,3,-5162.877
517896446,1008,254,0,3930,249,0,0,0,0,0,1,0,0,0,0,517896485,2166161467,1048575,34389,0,3,-5161.869
517897442,996,254,0,3930,245,0,0,0,0,0,1,0,0,0,0,517897489,2166161467,1048575,35397,0,3,-5160.873
517898456,1014,254,0,3930,265,0,0,0,0,0,1,0,0,0,0,517898502,2166161467,1048575,36408,0,3,-5159.859
517899437,981,254,0,3930,245,0,0,0,0,0,1,0,0,0,0,517899484,2166161467,1048575,37392,0,3,-5158.878
517900457,1020,254,0,3930,256,0,0,0,0,0,1,0,0,0,0,517900572,2166161467,1048575,38503,0,3,-5157.858
517901495,1038,254,0,3930,301,0,0,0,0,0,1,0,0,0,0,517901550,2166161467,1048575,39455,0,3,-5156.82
517902433,938,254,0,3930,235,0,0,0,0,0,1,0,0,0,0,517902473,2166161467,1048575,40376,0,3,-5155.882
517903428,995,254,0,3930,232,0,0,0,0,0,1,0,0,0,0,517903461,2166161467,1048575,41362,0,3,-5154.887
517904423,995,254,0,3930,231,0,0,0,0,0,1,0,0,0,0,517904454,2166161467,1048575,42356,0,3,-5153.892
517905422,999,254,0,3930,231,0,0,0,0,0,1,0,0,0,0,517905455,2166161467,1048575,43357,0,3,-5152.893
517906427,1005,254,0,3930,232,0,0,0,0,0,1,0,0,0,0,517906460,2166161467,1048575,44361,0,3,-5151.888
517907427,1000,254,0,3930,233,0,0,0,0,0,1,0,0,0,0,517907460,2166161467,1048575,45362,0,3,-5150.888
517908422,995,254,0,3930,230,0,0,0,0,0,1,0,0,0,0,517908454,2166161467,1048575,46355,0,3,-5149.893
517909458,1036,254,0,3930,266,0,0,0,0,0,1,0,0,0,0,517909552,2166161467,1048575,47481,0,3,-5148.857
517910538,1080,254,0,3930,336,0,0,0,0,0,1,0,0,0,0,517910679,2166161467,1048575,48618,0,3,-5147.777
517911521,983,254,0,3930,328,0,0,0,0,0,1,0,0,0,0,517911607,2166161467,1048575,49533,0,3,-5146.794
517912471,950,254,0,3930,277,0,0,0,0,0,1,0,0,0,0,517912518,2166161467,1048575,1,0,3,-5145.844
517913439,968,254,0,3930,249,0,0,0,0,0,1,0,0,0,0,517913494,2166161467,1048575,432,0,3,-5144.876
517914467,1028,254,0,3930,275,0,0,0,0,0,1,0,0,0,0,517914512,2166161467,1048575,1449,0,3,-5143.848
517915448,981,254,0,3930,245,0,0,0,0,0,1,0,0,0,0,517915499,2166161467,1048575,2440,0,3,-5142.867
517916442,994,254,0,3930,251,0,0,0,0,0,1,0,0,0,0,517916484,2166161467,1048575,3420,0,3,-5141.873
517917441,999,254,0,3930,245,0,0,0,0,0,1,0,0,0,0,517917489,2166161467,1048575,4428,0,3,-5140.874
517918469,1028,254,0,3930,265,0,0,0,0,0,1,0,0,0,0,517918512,2166161467,1048575,5448,0,3,-5139.846
517919439,970,254,0,3930,243,0,0,0,0,0,1,0,0,0,0,517919486,2166161467,1048575,6426,0,3,-5138.876
517920462,1023,254,0,3930,260,0,0,0,0,0,1,0,0,0,0,517920579,2166161467,1048575,7544,0,3,-5137.853
517921503,1041,254,0,3930,300,0,0,0,0,0,1,0,0,0,0,517921550,2166161467,1048575,8486,0,3,-5136.812
517922440,937,254,0,3930,238,0,0,0,0,0,1,0,0,0,0,517922481,2166161467,1048575,9414,0,3,-5135.875
517923423,983,254,0,3930,233,0,0,0,0,0,1,0,0,0,0,517923456,2166161467,1048575,10390,0,3,-5134.892
517924424,1001,254,0,3930,231,0,0,0,0,0,1,0,0,0,0,517924455,2166161467,1048575,11388,0,3,-5133.891
517925435,1011,254,0,3930,232,0,0,0,0,0,1,0,0,0,0,517925467,2166161467,1048575,12400,0,3,-5132.88
517926434,999,254,0,3930,232,0,0,0,0,0,1,0,0,0,0,517926467,2166161467,1048575,13400,0,3,-5131.881
517927432,998,254,0,3930,233,0,0,0,0,0,1,0,0,0,0,517927464,2166161467,1048575,14397,0,3,-5130.883
517928428,996,254,0,3930,231,0,0,0,0,0,1,0,0,0,0,517928459,2166161467,1048575,15393,0,3,-5129.887
517929466,1038,254,0,3930,275,0,0,0,0,0,1,0,0,0,0,517929566,2166161467,1048575,16531,0,3,-5128.849
517930529,1063,254,0,3930,327,0,0,0,0,0,1,0,0,0,0,517930679,2166161467,1048575,17653,0,3,-5127.786
517931523,994,254,0,3930,332,0,0,0,0,0,1,0,0,0,0,517931604,2166161467,1048575,18563,0,3,-5126.792
517932470,947,254,0,3930,274,0,0,0,0,0,1,0,0,0,0,517932520,2166161467,1048575,19461,0,3,-5125.845
517933436,966,254,0,3930,244,0,0,0,0,0,1,0,0,0,0,517933484,2166161467,1048575,20425,0,3,-5124.879
517934461,1025,254,0,3930,262,0,0,0,0,0,1,0,0,0,0,517934506,2166161467,1048575,21443,0,3,-5123.854
517935444,983,254,0,3930,248,0,0,0,0,0,1,0,0,0,0,517935494,2166161467,1048575,22433,0,3,-5122.871
517936455,1011,254,0,3930,251,0,0,0,0,0,1,0,0,0,0,517936494,2166161467,1048575,23430,0,3,-5121.86
517937432,977,254,0,3930,239,0,0,0,0,0,1,0,0,0,0,517937481,2166161467,1048575,24422,0,3,-5120.883
517938465,1033,254,0,3930,266,0,0,0,0,0,1,0,0,0,0,517938506,2166161467,1048575,25443,0,3,-5119.85
517939438,973,254,0,3930,244,0,0,0,0,0,1,0,0,0,0,517939488,2166161467,1048575,26430,0,3,-5118.877
517940449,1011,254,0,3930,259,0,0,0,0,0,1,0,0,0,0,517940557,2166161467,1048575,27527,0,3,-5117.866
517941498,1049,254,0,3930,299,0,0,0,0,0,1,0,0,0,0,517941552,2166161467,1048575,28489,0,3,-5116.817
517942442,944,254,0,3930,239,0,0,0,0,0,1,0,0,0,0,517942484,2166161467,1048575,29418,0,3,-5115.873
517943428,986,254,0,3930,233,0,0,0,0,0,1,0,0,0,0,517943460,2166161467,1048575,30393,0,3,-5114.887
517944427,999,254,0,3930,233,0,0,0,0,0,1,0,0,0,0,517944459,2166161467,1048575,31393,0,3,-5113.888
517945427,1000,254,0,3930,233,0,0,0,0,0,1,0,0,0,0,517945459,2166161467,1048575,32392,0,3,-5112.888
517946434,1007,254,0,3930,234,0,0,0,0,0,1,0,0,0,0,517946468,2166161467,1048575,33401,0,3,-5111.881
517947426,992,254,0,3930,233,0,0,0,0,0,1,0,0,0,0,517947459,2166161467,1048575,34392,0,3,-5110.889
517948426,1000,254,0,3930,232,0,0,0,0,0,1,0,0,0,0,517948459,2166161467,1048575,35392,0,3,-5109.889
517949465,1039,254,0,3930,266,0,0,0,0,0,1,0,0,0,0,517949567,2166161467,1048575,36527,0,3,-5108.85
517950538,1073,254,0,3930,337,0,0,0,0,0,1,0,0,0,0,517950694,2166161467,1048575,37664,0,3,-5107.777
517951525,987,254,0,3930,327,0,0,0,0,0,1,0,0,0,0,517951609,2166161467,1048575,38570,0,3,-5106.79
517952474,949,254,0,3930,274,0,0,0,0,0,1,0,0,0,0,517952522,2166161467,1048575,39458,0,3,-5105.841
517953435,961,254,0,3930,245,0,0,0,0,0,1,0,0,0,0,517953482,2166161467,1048575,40425,0,3,-5104.88
517954463,1028,254,0,3930,268,0,0,0,0,0,1,0,0,0,0,517954512,2166161467,1048575,41448,0,3,-5103.852
517955450,987,254,0,3930,249,0,0,0,0,0,1,0,0,0,0,517955502,2166161467,1048575,42444,0,3,-5102.865
517956438,988,254,0,3930,247,0,0,0,0,0,1,0,0,0,0,517956478,2166161467,1048575,43413,0,3,-5101.877
517957446,1008,254,0,3930,248,0,0,0,0,0,1,0,0,0,0,517957495,2166161467,1048575,44436,0,3,-5100.869
517958452,1006,254,0,3930,262,0,0,0,0,0,1,0,0,0,0,517958496,2166161467,1048575,45433,0,3,-5099.863
517959448,996,254,0,3930,247,0,0,0,0,0,1,0,0,0,0,517959494,2166161467,1048575,46434,0,3,-5098.867
517960458,1010,254,0,3930,258,0,0,0,0,0,1,0,0,0,0,517960575,2166161467,1048575,47536,0,3,-5097.857
517961486,1028,254,0,3930,295,0,0,0,0,0,1,0,0,0,0,517961535,2166161467,1048575,48474,0,3,-5096.829
517962438,952,254,0,3930,235,0,0,0,0,0,1,0,0,0,0,517962481,2166161467,1048575,49415,0,3,-5095.877
517963425,987,254,0,3930,232,0,0,0,0,0,1,0,0,0,0,517963458,2166161467,1048575,1,0,3,-5094.89
517964436,1011,254,0,3930,240,0,0,0,0,0,1,0,0,0,0,517964481,2166161467,1048575,496,0,3,-5093.879
517965426,990,254,0,3930,235,0,0,0,0,0,1,0,0,0,0,517965457,2166161467,1048575,1471,0,3,-5092.889
517966432,1006,254,0,3930,235,0,0,0,0,0,1,0,0,0,0,517966470,2166161467,1048575,2485,0,3,-5091.883
517967423,991,254,0,3930,231,0,0,0,0,0,1,0,0,0,0,517967454,2166161467,1048575,3468,0,3,-5090.892
517968422,999,254,0,3930,231,0,0,0,0,0,1,0,0,0,0,517968455,2166161467,1048575,4470,0,3,-5089.893
517969471,1049,254,0,3930,278,0,0,0,0,0,1,0,0,0,0,517969558,2166161467,1048575,5598,0,3,-5088.844
517970516,1045,254,0,3930,322,0,0,0,0,0,1,0,0,0,0,517970665,2166161467,1048575,6708,0,3,-5087.799
517971531,1015,254,0,3930,334,0,0,0,0,0,1,0,0,0,0,517971617,2166161467,1048575,7661,0,3,-5086.784
517972472,941,254,0,3930,275,0,0,0,0,0,1,0,0,0,0,517972525,2166161467,1048575,8543,0,3,-5085.843
517973449,977,254,0,3930,245,0,0,0,0,0,1,0,0,0,0,517973495,2166161467,1048575,9513,0,3,-5084.866
517974456,1007,254,0,3930,265,0,0,0,0,0,1,0,0,0,0,517974499,2166161467,1048575,10518,0,3,-5083.859
517975449,993,254,0,3930,245,0,0,0,0,0,1,0,0,0,0,517975502,2166161467,1048575,11520,0,3,-5082.866
517976453,1004,254,0,3930,255,0,0,0,0,0,1,0,0,0,0,517976496,2166161467,1048575,12514,0,3,-5081.862
517977432,979,254,0,3930,240,0,0,0,0,0,1,0,0,0,0,517977474,2166161467,1048575,13494,0,3,-5080.883
517978454,1022,254,0,3930,264,0,0,0,0,0,1,0,0,0,0,517978499,2166161467,1048575,14515,0,3,-5079.861
517979436,982,254,0,3930,241,0,0,0,0,0,1,0,0,0,0,517979482,2166161467,1048575,15501,0,3,-5078.879
517980455,1019,254,0,3930,261,0,0,0,0,0,1,0,0,0,0,517980559,2166161467,1048575,16611,0,3,-5077.86
517981495,1040,254,0,3930,297,0,0,0,0,0,1,0,0,0,0,517981548,2166161467,1048575,17566,0,3,-5076.82
517982438,943,254,0,3930,239,0,0,0,0,0,1,0,0,0,0,517982480,2166161467,1048575,18495,0,3,-5075.877
517983425,987,254,0,3930,232,0,0,0,0,0,1,0,0,0,0,517983458,2166161467,1048575,19473,0,3,-5074.89
517984426,1001,254,0,3930,232,0,0,0,0,0,1,0,0,0,0,517984459,2166161467,1048575,20474,0,3,-5073.889
517985426,1000,254,0,3930,232,0,0,0,0,0,1,0,0,0,0,517985459,2166161467,1048575,21473,0,3,-5072.889
517986432,1006,254,0,3930,233,0,0,0,0,0,1,0,0,0,0,517986467,2166161467,1048575,22481,0,3,-5071.883
517987425,993,254,0,3930,232,0,0,0,0,0,1,0,0,0,0,517987459,2166161467,1048575,23473,0,3,-5070.89
517988426,1001,254,0,3930,232,0,0,0,0,0,1,0,0,0,0,517988459,2166161467,1048575,24473,0,3,-5069.889
517989468,1042,254,0,3930,272,0,0,0,0,0,1,0,0,0,0,517989571,2166161467,1048575,25615,0,3,-5068.847
517990537,1069,254,0,3930,337,0,0,0,0,0,1,0,0,0,0,517990697,2166161467,1048575,26750,0,3,-5067.778
517991524,987,254,0,3930,326,0,0,0,0,0,1,0,0,0,0,517991605,2166161467,1048575,27644,0,3,-5066.791
517992466,942,254,0,3930,270,0,0,0,0,0,1,0,0,0,0,517992513,2166161467,1048575,28532,0,3,-5065.849
517993444,978,254,0,3930,246,0,0,0,0,0,1,0,0,0,0,517993491,2166161467,1048575,29514,0,3,-5064.871
517994460,1016,254,0,3930,263,0,0,0,0,0,1,0,0,0,0,517994508,2166161467,1048575,30526,0,3,-5063.855
517995448,988,254,0,3930,249,0,0,0,0,0,1,0,0,0,0,517995500,2166161467,1048575,31525,0,3,-5062.867
517996451,1003,254,0,3930,248,0,0,0,0,0,1,0,0,0,0,517996489,2166161467,1048575,32504,0,3,-5061.864
517997441,990,254,0,3930,243,0,0,0,0,0,1,0,0,0,0,517997491,2166161467,1048575,33513,0,3,-5060.874
517998467,1026,254,0,3930,266,0,0,0,0,0,1,0,0,0,0,517998508,2166161467,1048575,34526,0,3,-5059.848
517999437,970,254,0,3930,246,0,0,0,0,0,1,0,0,0,0,517999488,2166161467,1048575,35509,0,3,-5058.878
518000449,1012,254,0,3930,257,0,0,0,0,0,1,0,0,0,0,518000560,2166161467,1048575,36607,0,3,-5057.866
518001487,1038,254,0,3930,296,0,0,0,0,0,1,0,0,0,0,518001536,2166161467,1048575,37556,0,3,-5056.828
518002428,941,254,0,3930,237,0,0,0,0,0,1,0,0,0,0,518002473,2166161467,1048575,38488,0,3,-5055.887
518003428,1000,254,0,3930,233,0,0,0,0,0,1,0,0,0,0,518003461,2166161467,1048575,39476,0,3,-5054.887
518004427,999,254,0,3930,232,0,0,0,0,0,1,0,0,0,0,518004460,2166161467,1048575,40474,0,3,-5053.888
518005427,1000,254,0,3930,233,0,0,0,0,0,1,0,0,0,0,518005459,2166161467,1048575,41473,0,3,-5052.888
518006433,1006,254,0,3930,234,0,0,0,0,0,1,0,0,0,0,518006468,2166161467,1048575,42483,0,3,-5051.882
518007426,993,254,0,3930,233,0,0,0,0,0,1,0,0,0,0,518007458,2166161467,1048575,43472,0,3,-5050.889
518008426,1000,254,0,3930,232,0,0,0,0,0,1,0,0,0,0,518008459,2166161467,1048575,44474,0,3,-5049.889
518009466,1040,254,0,3930,270,0,0,0,0,0,1,0,0,0,0,518009560,2166161467,1048575,45602,0,3,-5048.849
518010514,1048,254,0,3930,320,0,0,0,0,0,1,0,0,0,0,518010660,2166161467,1048575,46708,0,3,-5047.801
518011525,1011,254,0,3930,335,0,0,0,0,0,1,0,0,0,0,518011606,2166161467,1048575,47649,0,3,-5046.79
518012468,943,254,0,3930,275,0,0,0,0,0,1,0,0,0,0,518012518,2166161467,1048575,48536,0,3,-5045.847
518013439,971,254,0,3930,246,0,0,0,0,0,1,0,0,0,0,518013487,2166161467,1048575,49508,0,3,-5044.876
518014466,1027,254,0,3930,265,0,0,0,0,0,1,0,0,0,0,518014513,2166161467,1048575,2,0,3,-5043.849
518015439,973,254,0,3930,248,0,0,0,0,0,1,0,0,0,0,518015492,2166161467,1048575,435,0,3,-5042.876
518016459,1020,254,0,3930,257,0,0,0,0,0,1,0,0,0,0,518016506,2166161467,1048575,1452,0,3,-5041.856
518017445,986,254,0,3930,247,0,0,0,0,0,1,0,0,0,0,518017490,2166161467,1048575,2436,0,3,-5040.87
518018454,1009,254,0,3930,262,0,0,0,0,0,1,0,0,0,0,518018501,2166161467,1048575,3446,0,3,-5039.861
518019442,988,254,0,3930,247,0,0,0,0,0,1,0,0,0,0,518019486,2166161467,1048575,4433,0,3,-5038.873
518020450,1008,254,0,3930,260,0,0,0,0,0,1,0,0,0,0,518020568,2166161467,1048575,5543,0,3,-5037.865
518021487,1037,254,0,3930,294,0,0,0,0,0,1,0,0,0,0,518021541,2166161467,1048575,6483,0,3,-5036.828
518022435,948,254,0,3930,233,0,0,0,0,0,1,0,0,0,0,518022471,2166161467,1048575,7411,0,3,-5035.88
518023424,989,254,0,3930,232,0,0,0,0,0,1,0,0,0,0,518023458,2166161467,1048575,8397,0,3,-5034.891
518024417,993,254,0,3930,228,0,0,0,0,0,1,0,0,0,0,518024444,2166161467,1048575,9385,0,3,-5033.898
518025424,1007,254,0,3930,231,0,0,0,0,0,1,0,0,0,0,518025457,2166161467,1048575,10396,0,3,-5032.891
518026425,1001,254,0,3930,231,0,0,0,0,0,1,0,0,0,0,518026455,2166161467,1048575,11395,0,3,-5031.89
518027423,998,254,0,3930,232,0,0,0,0,0,1,0,0,0,0,518027456,2166161467,1048575,12396,0,3,-5030.892
518028430,1007,254,0,3930,227,0,0,0,0,0,1,0,0,0,0,518028458,2166161467,1048575,13399,0,3,-5029.885
518029459,1029,254,0,3930,267,0,0,0,0,0,1,0,0,0,0,518029550,2166161467,1048575,14515,0,3,-5028.856
518030529,1070,254,0,3930,336,0,0,0,0,0,1,0,0,0,0,518030695,2166161467,1048575,15673,0,3,-5027.786
518031541,1012,254,0,3930,342,0,0,0,0,0,1,0,0,0,0,518031626,2166161467,1048575,16593,0,3,-5026.774
518032458,917,254,0,3930,266,0,0,0,0,0,1,0,0,0,0,518032504,2166161467,1048575,17450,0,3,-5025.857
518033445,987,254,0,3930,250,0,0,0,0,0,1,0,0,0,0,518033493,2166161467,1048575,18440,0,3,-5024.87
518034466,1021,254,0,3930,265,0,0,0,0,0,1,0,0,0,0,518034513,2166161467,1048575,19456,0,3,-5023.849
518035444,978,254,0,3930,243,0,0,0,0,0,1,0,0,0,0,518035492,2166161467,1048575,20439,0,3,-5022.871
518036451,1007,254,0,3930,254,0,0,0,0,0,1,0,0,0,0,518036492,2166161467,1048575,21435,0,3,-5021.864
518037439,988,254,0,3930,241,0,0,0,0,0,1,0,0,0,0,518037487,2166161467,1048575,22434,0,3,-5020.876
518038460,1021,254,0,3930,266,0,0,0,0,0,1,0,0,0,0,518038501,2166161467,1048575,23443,0,3,-5019.855
518039437,977,254,0,3930,246,0,0,0,0,0,1,0,0,0,0,518039486,2166161467,1048575,24434,0,3,-5018.878
518040449,1012,254,0,3930,256,0,0,0,0,0,1,0,0,0,0,518040561,2166161467,1048575,25534,0,3,-5017.866
518041495,1046,254,0,3930,298,0,0,0,0,0,1,0,0,0,0,518041546,2166161467,1048575,26493,0,3,-5016.82
518042427,932,254,0,3930,236,0,0,0,0,0,1,0,0,0,0,518042473,2166161467,1048575,27414,0,3,-5015.888
518043428,1001,254,0,3930,233,0,0,0,0,0,1,0,0,0,0,518043461,2166161467,1048575,28401,0,3,-5014.887
518044426,998,254,0,3930,231,0,0,0,0,0,1,0,0,0,0,518044460,2166161467,1048575,29400,0,3,-5013.889
518045426,1000,254,0,3930,232,0,0,0,0,0,1,0,0,0,0,518045459,2166161467,1048575,30399,0,3,-5012.889
518046432,1006,254,0,3930,233,0,0,0,0,0,1,0,0,0,0,518046468,2166161467,1048575,31409,0,3,-5011.883
518047426,994,254,0,3930,232,0,0,0,0,0,1,0,0,0,0,518047459,2166161467,1048575,32399,0,3,-5010.889
518048426,1000,254,0,3930,232,0,0,0,0,0,1,0,0,0,0,518048459,2166161467,1048575,33400,0,3,-5009.889
518049471,1045,254,0,3930,275,0,0,0,0,0,1,0,0,0,0,518049577,2166161467,1048575,34545,0,3,-5008.844
518050531,1060,254,0,3930,330,0,0,0,0,0,1,0,0,0,0,518050687,2166161467,1048575,35661,0,3,-5007.784
518051532,1001,254,0,3930,332,0,0,0,0,0,1,0,0,0,0,518051613,2166161467,1048575,36583,0,3,-5006.783
518052471,939,254,0,3930,271,0,0,0,0,0,1,0,0,0,0,518052519,2166161467,1048575,37463,0,3,-5005.844
518053448,977,254,0,3930,245,0,0,0,0,0,1,0,0,0,0,518053497,2166161467,1048575,38444,0,3,-5004.867
518054467,1019,254,0,3930,266,0,0,0,0,0,1,0,0,0,0,518054514,2166161467,1048575,39458,0,3,-5003.848
518055440,973,254,0,3930,248,0,0,0,0,0,1,0,0,0,0,518055490,2166161467,1048575,40436,0,3,-5002.875
518056445,1005,254,0,3930,249,0,0,0,0,0,1,0,0,0,0,518056484,2166161467,1048575,41427,0,3,-5001.87
518057441,996,254,0,3930,244,0,0,0,0,0,1,0,0,0,0,518057488,2166161467,1048575,42434,0,3,-5000.874
518058456,1015,254,0,3930,264,0,0,0,0,0,1,0,0,0,0,518058502,2166161467,1048575,43447,0,3,-4999.859
518059438,982,254,0,3930,246,0,0,0,0,0,1,0,0,0,0,518059484,2166161467,1048575,44431,0,3,-4998.877
518060456,1018,254,0,3930,255,0,0,0,0,0,1,0,0,0,0,518060572,2166161467,1048575,45545,0,3,-4997.859
518061498,1042,254,0,3930,296,0,0,0,0,0,1,0,0,0,0,518061552,2166161467,1048575,46496,0,3,-4996.817
518062443,945,254,0,3930,240,0,0,0,0,0,1,0,0,0,0,518062486,2166161467,1048575,47428,0,3,-4995.872
518063428,985,254,0,3930,232,0,0,0,0,0,1,0,0,0,0,518063461,2166161467,1048575,48401,0,3,-4994.887
518064426,998,254,0,3930,231,0,0,0,0,0,1,0,0,0,0,518064459,2166161467,1048575,49400,0,3,-4993.889
518065426,1000,254,0,3930,232,0,0,0,0,0,1,0,0,0,0,518065459,2166161467,1048575,1,0,3,-4992.889
518066440,1014,254,0,3930,237,0,0,0,0,0,1,0,0,0,0,518066487,2166161467,1048575,498,0,3,-4991.875
518067430,990,254,0,3930,237,0,0,0,0,0,1,0,0,0,0,518067462,2166161467,1048575,1473,0,3,-4990.885
518068428,998,254,0,3930,231,0,0,0,0,0,1,0,0,0,0,518068461,2166161467,1048575,2472,0,3,-4989.887
518069476,1048,254,0,3930,279,0,0,0,0,0,1,0,0,0,0,518069569,2166161467,1048575,3605,0,3,-4988.839
518070523,1047,254,0,3930,326,0,0,0,0,0,1,0,0,0,0,518070679,2166161467,1048575,4726,0,3,-4987.792
518071529,1006,254,0,3930,333,0,0,0,0,0,1,0,0,0,0,518071614,2166161467,1048575,5644,0,3,-4986.786
518072474,945,254,0,3930,272,0,0,0,0,0,1,0,0,0,0,518072521,2166161467,1048575,6537,0,3,-4985.841
518073433,959,254,0,3930,243,0,0,0,0,0,1,0,0,0,0,518073484,2166161467,1048575,7501,0,3,-4984.882
518074465,1032,254,0,3930,267,0,0,0,0,0,1,0,0,0,0,518074511,2166161467,1048575,8524,0,3,-4983.85
518075438,973,254,0,3930,246,0,0,0,0,0,1,0,0,0,0,518075488,2166161467,1048575,9506,0,3,-4982.877
518076447,1009,254,0,3930,252,0,0,0,0,0,1,0,0,0,0,518076486,2166161467,1048575,10498,0,3,-4981.868
518077449,1002,254,0,3930,246,0,0,0,0,0,1,0,0,0,0,518077501,2166161467,1048575,11518,0,3,-4980.866
518078459,1010,254,0,3930,265,0,0,0,0,0,1,0,0,0,0,518078500,2166161467,1048575,12512,0,3,-4979.856
518079440,981,254,0,3930,243,0,0,0,0,0,1,0,0,0,0,518079491,2166161467,1048575,13508,0,3,-4978.875
518080450,1010,254,0,3930,260,0,0,0,0,0,1,0,0,0,0,518080556,2166161467,1048575,14601,0,3,-4977.865
518081489,1039,254,0,3930,298,0,0,0,0,0,1,0,0,0,0,518081540,2166161467,1048575,15554,0,3,-4976.826
518082429,940,254,0,3930,239,0,0,0,0,0,1,0,0,0,0,518082474,2166161467,1048575,16486,0,3,-4975.886
518083430,1001,254,0,3930,233,0,0,0,0,0,1,0,0,0,0,518083463,2166161467,1048575,17473,0,3,-4974.885
518084429,999,254,0,3930,232,0,0,0,0,0,1,0,0,0,0,518084462,2166161467,1048575,18472,0,3,-4973.886
518085428,999,254,0,3930,232,0,0,0,0,0,1,0,0,0,0,518085461,2166161467,1048575,19471,0,3,-4972.887
518086434,1006,254,0,3930,234,0,0,0,0,0,1,0,0,0,0,518086468,2166161467,1048575,20478,0,3,-4971.881
518087426,992,254,0,3930,233,0,0,0,0,0,1,0,0,0,0,518087458,2166161467,1048575,21468,0,3,-4970.889
518088426,1000,254,0,3930,232,0,0,0,0,0,1,0,0,0,0,518088459,2166161467,1048575,22470,0,3,-4969.889
518089467,1041,254,0,3930,272,0,0,0,0,0,1,0,0,0,0,518089570,2166161467,1048575,23611,0,3,-4968.848
518090530,1063,254,0,3930,328,0,0,0,0,0,1,0,0,0,0,518090684,2166161467,1048575,24729,0,3,-4967.785
518091532,1002,254,0,3930,339,0,0,0,0,0,1,0,0,0,0,518091609,2166161467,1048575,25649,0,3,-4966.783
518092469,937,254,0,3930,271,0,0,0,0,0,1,0,0,0,0,518092517,2166161467,1048575,26532,0,3,-4965.846
518093447,978,254,0,3930,245,0,0,0,0,0,1,0,0,0,0,518093496,2166161467,1048575,27513,0,3,-4964.868
518094466,1019,254,0,3930,263,0,0,0,0,0,1,0,0,0,0,518094513,2166161467,1048575,28526,0,3,-4963.849
518095446,980,254,0,3930,246,0,0,0,0,0,1,0,0,0,0,518095493,2166161467,1048575,29510,0,3,-4962.869
518096452,1006,254,0,3930,252,0,0,0,0,0,1,0,0,0,0,518096497,2166161467,1048575,30511,0,3,-4961.863
518097433,981,254,0,3930,242,0,0,0,0,0,1,0,0,0,0,518097477,2166161467,1048575,31493,0,3,-4960.882
518098462,1029,254,0,3930,262,0,0,0,0,0,1,0,0,0,0,518098508,2166161467,1048575,32523,0,3,-4959.853
518099433,971,254,0,3930,242,0,0,0,0,0,1,0,0,0,0,518099478,2166161467,1048575,33496,0,3,-4958.882
518100455,1022,254,0,3930,262,0,0,0,0,0,1,0,0,0,0,518100572,2166161467,1048575,34609,0,3,-4957.86
518101485,1030,254,0,3930,292,0,0,0,0,0,1,0,0,0,0,518101538,2166161467,1048575,35554,0,3,-4956.83
518102442,957,254,0,3930,240,0,0,0,0,0,1,0,0,0,0,518102485,2166161467,1048575,36497,0,3,-4955.873
518103428,986,254,0,3930,232,0,0,0,0,0,1,0,0,0,0,518103461,2166161467,1048575,37471,0,3,-4954.887
518104426,998,254,0,3930,231,0,0,0,0,0,1,0,0,0,0,518104459,2166161467,1048575,38470,0,3,-4953.889
518105426,1000,254,0,3930,232,0,0,0,0,0,1,0,0,0,0,518105459,2166161467,1048575,39469,0,3,-4952.889
518106433,1007,254,0,3930,233,0,0,0,0,0,1,0,0,0,0,518106468,2166161467,1048575,40478,0,3,-4951.882
518107425,992,254,0,3930,232,0,0,0,0,0,1,0,0,0,0,518107459,2166161467,1048575,41469,0,3,-4950.89
518108426,1001,254,0,3930,232,0,0,0,0,0,1,0,0,0,0,518108459,2166161467,1048575,42469,0,3,-4949.889
518109470,1044,254,0,3930,275,0,0,0,0,0,1,0,0,0,0,518109567,2166161467,1048575,43603,0,3,-4948.845
518110537,1067,254,0,3930,334,0,0,0,0,0,1,0,0,0,0,518110687,2166161467,1048575,44736,0,3,-4947.778
518111543,1006,254,0,3930,338,0,0,0,0,0,1,0,0,0,0,518111635,2166161467,1048575,45666,0,3,-4946.772
518112475,932,254,0,3930,272,0,0,0,0,0,1,0,0,0,0,518112519,2166161467,1048575,46534,0,3,-4945.84
518113448,973,254,0,3930,247,0,0,0,0,0,1,0,0,0,0,518113497,2166161467,1048575,47514,0,3,-4944.867
518114467,1019,254,0,3930,268,0,0,0,0,0,1,0,0,0,0,518114515,2166161467,1048575,48529,0,3,-4943.848
518115439,972,254,0,3930,248,0,0,0,0,0,1,0,0,0,0,518115492,2166161467,1048575,49511,0,3,-4942.876
518116440,1001,254,0,3930,246,0,0,0,0,0,1,0,0,0,0,518116478,2166161467,1048575,1,0,3,-4941.875
518117454,1014,254,0,3930,256,0,0,0,0,0,1,0,0,0,0,518117502,2166161467,1048575,485,0,3,-4940.861
518118461,1007,254,0,3930,269,0,0,0,0,0,1,0,0,0,0,518118510,2166161467,1048575,1493,0,3,-4939.854
518119446,985,254,0,3930,247,0,0,0,0,0,1,0,0,0,0,518119494,2166161467,1048575,2478,0,3,-4938.869
518120447,1001,254,0,3930,257,0,0,0,0,0,1,0,0,0,0,518120557,2166161467,1048575,3572,0,3,-4937.868
518121493,1046,254,0,3930,300,0,0,0,0,0,1,0,0,0,0,518121543,2166161467,1048575,4529,0,3,-4936.822
518122429,936,254,0,3930,238,0,0,0,0,0,1,0,0,0,0,518122473,2166161467,1048575,5451,0,3,-4935.886
518123428,999,254,0,3930,232,0,0,0,0,0,1,0,0,0,0,518123461,2166161467,1048575,6440,0,3,-4934.887
518124427,999,254,0,3930,232,0,0,0,0,0,1,0,0,0,0,518124460,2166161467,1048575,7438,0,3,-4933.888
518125427,1000,254,0,3930,233,0,0,0,0,0,1,0,0,0,0,518125459,2166161467,1048575,8437,0,3,-4932.888
518126434,1007,254,0,3930,234,0,0,0,0,0,1,0,0,0,0,518126468,2166161467,1048575,9447,0,3,-4931.881
518127426,992,254,0,3930,233,0,0,0,0,0,1,0,0,0,0,518127458,2166161467,1048575,10437,0,3,-4930.889
518128426,1000,254,0,3930,232,0,0,0,0,0,1,0,0,0,0,518128459,2166161467,1048575,11438,0,3,-4929.889
518129468,1042,254,0,3930,272,0,0,0,0,0,1,0,0,0,0,518129559,2166161467,1048575,12563,0,3,-4928.847
518130511,1043,254,0,3930,320,0,0,0,0,0,1,0,0,0,0,518130671,2166161467,1048575,13685,0,3,-4927.804
518131554,1043,254,0,3930,352,0,0,0,0,0,1,0,0,0,0,518131643,2166161467,1048575,14640,0,3,-4926.761
518132470,916,254,0,3930,270,0,0,0,0,0,1,0,0,0,0,518132519,2166161467,1048575,15501,0,3,-4925.845
518133443,973,254,0,3930,246,0,0,0,0,0,1,0,0,0,0,518133492,2166161467,1048575,16478,0,3,-4924.872
518134465,1022,254,0,3930,267,0,0,0,0,0,1,0,0,0,0,518134512,2166161467,1048575,17494,0,3,-4923.85
518135438,973,254,0,3930,246,0,0,0,0,0,1,0,0,0,0,518135487,2166161467,1048575,18471,0,3,-4922.877
518136449,1011,254,0,3930,249,0,0,0,0,0,1,0,0,0,0,518136488,2166161467,1048575,19469,0,3,-4921.866
518137447,998,254,0,3930,248,0,0,0,0,0,1,0,0,0,0,518137493,2166161467,1048575,20477,0,3,-4920.868
518138460,1013,254,0,3930,266,0,0,0,0,0,1,0,0,0,0,518138504,2166161467,1048575,21485,0,3,-4919.855
518139434,974,254,0,3930,242,0,0,0,0,0,1,0,0,0,0,518139480,2166161467,1048575,22465,0,3,-4918.881
518140455,1021,254,0,3930,259,0,0,0,0,0,1,0,0,0,0,518140561,2166161467,1048575,23568,0,3,-4917.86
518141500,1045,254,0,3930,302,0,0,0,0,0,1,0,0,0,0,518141556,2166161467,1048575,24537,0,3,-4916.815
518142438,938,254,0,3930,235,0,0,0,0,0,1,0,0,0,0,518142479,2166161467,1048575,25459,0,3,-4915.877
518143424,986,254,0,3930,232,0,0,0,0,0,1,0,0,0,0,518143457,2166161467,1048575,26435,0,3,-4914.891
518144422,998,254,0,3930,230,0,0,0,0,0,1,0,0,0,0,518144454,2166161467,1048575,27432,0,3,-4913.893
518145422,1000,254,0,3930,231,0,0,0,0,0,1,0,0,0,0,518145455,2166161467,1048575,28434,0,3,-4912.893
518146427,1005,254,0,3930,232,0,0,0,0,0,1,0,0,0,0,518146460,2166161467,1048575,29438,0,3,-4911.888
518147427,1000,254,0,3930,233,0,0,0,0,0,1,0,0,0,0,518147460,2166161467,1048575,30438,0,3,-4910.888
518148422,995,254,0,3930,230,0,0,0,0,0,1,0,0,0,0,518148454,2166161467,1048575,31432,0,3,-4909.893
518149465,1043,254,0,3930,270,0,0,0,0,0,1,0,0,0,0,518149568,2166161467,1048575,32575,0,3,-4908.85
518150519,1054,254,0,3930,323,0,0,0,0,0,1,0,0,0,0,518150662,2166161467,1048575,33672,0,3,-4907.796
518151548,1029,254,0,3930,345,0,0,0,0,0,1,0,0,0,0,518151643,2166161467,1048575,34642,0,3,-4906.767
518152465,917,254,0,3930,272,0,0,0,0,0,1,0,0,0,0,518152509,2166161467,1048575,35490,0,3,-4905.85
518153438,973,254,0,3930,245,0,0,0,0,0,1,0,0,0,0,518153484,2166161467,1048575,36468,0,3,-4904.877
518154468,1030,254,0,3930,268,0,0,0,0,0,1,0,0,0,0,518154514,2166161467,1048575,37496,0,3,-4903.847
518155439,971,254,0,3930,246,0,0,0,0,0,1,0,0,0,0,518155491,2166161467,1048575,38476,0,3,-4902.876
518156447,1008,254,0,3930,251,0,0,0,0,0,1,0,0,0,0,518156484,2166161467,1048575,39465,0,3,-4901.868
518157438,991,254,0,3930,244,0,0,0,0,0,1,0,0,0,0,518157489,2166161467,1048575,40474,0,3,-4900.877
518158469,1031,254,0,3930,267,0,0,0,0,0,1,0,0,0,0,518158511,2166161467,1048575,41493,0,3,-4899.846
518159438,969,254,0,3930,241,0,0,0,0,0,1,0,0,0,0,518159485,2166161467,1048575,42469,0,3,-4898.877
518160463,1025,254,0,3930,263,0,0,0,0,0,1,0,0,0,0,518160570,2166161467,1048575,43573,0,3,-4897.852
518161490,1027,254,0,3930,296,0,0,0,0,0,1,0,0,0,0,518161537,2166161467,1048575,44519,0,3,-4896.825
518162435,945,254,0,3930,234,0,0,0,0,0,1,0,0,0,0,518162473,2166161467,1048575,45453,0,3,-4895.88
518163429,994,254,0,3930,233,0,0,0,0,0,1,0,0,0,0,518163462,2166161467,1048575,46440,0,3,-4894.886
518164421,992,254,0,3930,229,0,0,0,0,0,1,0,0,0,0,518164448,2166161467,1048575,47426,0,3,-4893.894
518165429,1008,254,0,3930,233,0,0,0,0,0,1,0,0,0,0,518165461,2166161467,1048575,48438,0,3,-4892.886
518166427,998,254,0,3930,231,0,0,0,0,0,1,0,0,0,0,518166456,2166161467,1048575,49434,0,3,-4891.888
518167425,998,254,0,3930,234,0,0,0,0,0,1,0,0,0,0,518167457,2166161467,1048575,1,0,3,-4890.89
518168435,1010,254,0,3930,240,0,0,0,0,0,1,0,0,0,0,518168479,2166161467,1048575,497,0,3,-4889.88
518169504,1069,254,0,3930,302,0,0,0,0,0,1,0,0,0,0,518169595,2166161467,1048575,1643,0,3,-4888.811
518170530,1026,254,0,3930,327,0,0,0,0,0,1,0,0,0,0,518170675,2166161467,1048575,2723,0,3,-4887.785
518171529,999,254,0,3930,331,0,0,0,0,0,1,0,0,0,0,518171611,2166161467,1048575,3655,0,3,-4886.786
518172474,945,254,0,3930,275,0,0,0,0,0,1,0,0,0,0,518172528,2166161467,1048575,4552,0,3,-4885.841
518173447,973,254,0,3930,245,0,0,0,0,0,1,0,0,0,0,518173494,2166161467,1048575,5516,0,3,-4884.868
518174465,1018,254,0,3930,268,0,0,0,0,0,1,0,0,0,0,518174512,2166161467,1048575,6534,0,3,-4883.85
518175445,980,254,0,3930,243,0,0,0,0,0,1,0,0,0,0,518175497,2166161467,1048575,7519,0,3,-4882.87
518176443,998,254,0,3930,250,0,0,0,0,0,1,0,0,0,0,518176483,2166161467,1048575,8502,0,3,-4881.872
518177444,1001,254,0,3930,244,0,0,0,0,0,1,0,0,0,0,518177490,2166161467,1048575,9513,0,3,-4880.871
518178460,1016,254,0,3930,265,0,0,0,0,0,1,0,0,0,0,518178503,2166161467,1048575,10524,0,3,-4879.855
518179447,987,254,0,3930,245,0,0,0,0,0,1,0,0,0,0,518179496,2166161467,1048575,11519,0,3,-4878.868
518180446,999,254,0,3930,255,0,0,0,0,0,1,0,0,0,0,518180552,2166161467,1048575,12606,0,3,-4877.869
518181485,1039,254,0,3930,294,0,0,0,0,0,1,0,0,0,0,518181538,2166161467,1048575,13559,0,3,-4876.83
518182442,957,254,0,3930,238,0,0,0,0,0,1,0,0,0,0,518182487,2166161467,1048575,14505,0,3,-4875.873
518183428,986,254,0,3930,232,0,0,0,0,0,1,0,0,0,0,518183462,2166161467,1048575,15478,0,3,-4874.887
518184427,999,254,0,3930,232,0,0,0,0,0,1,0,0,0,0,518184460,2166161467,1048575,16477,0,3,-4873.888
518185426,999,254,0,3930,231,0,0,0,0,0,1,0,0,0,0,518185459,2166161467,1048575,17476,0,3,-4872.889
518186433,1007,254,0,3930,233,0,0,0,0,0,1,0,0,0,0,518186468,2166161467,1048575,18484,0,3,-4871.882
518187426,993,254,0,3930,233,0,0,0,0,0,1,0,0,0,0,518187459,2166161467,1048575,19475,0,3,-4870.889
518188426,1000,254,0,3930,232,0,0,0,0,0,1,0,0,0,0,518188459,2166161467,1048575,20475,0,3,-4869.889
518189461,1035,254,0,3930,267,0,0,0,0,0,1,0,0,0,0,518189564,2166161467,1048575,21605,0,3,-4868.854
518190529,1068,254,0,3930,334,0,0,0,0,0,1,0,0,0,0,518190689,2166161467,1048575,22744,0,3,-4867.786
518191543,1014,254,0,3930,339,0,0,0,0,0,1,0,0,0,0,518191636,2166161467,1048575,23672,0,3,-4866.772
518192464,921,254,0,3930,272,0,0,0,0,0,1,0,0,0,0,518192509,2166161467,1048575,24530,0,3,-4865.851
518193438,974,254,0,3930,247,0,0,0,0,0,1,0,0,0,0,518193482,2166161467,1048575,25505,0,3,-4864.877
518194467,1029,254,0,3930,266,0,0,0,0,0,1,0,0,0,0,518194518,2166161467,1048575,26539,0,3,-4863.848
518195446,979,254,0,3930,245,0,0,0,0,0,1,0,0,0,0,518195494,2166161467,1048575,27516,0,3,-4862.869
518196449,1003,254,0,3930,249,0,0,0,0,0,1,0,0,0,0,518196488,2166161467,1048575,28507,0,3,-4861.866
518197441,992,254,0,3930,245,0,0,0,0,0,1,0,0,0,0,518197487,2166161467,1048575,29510,0,3,-4860.874
518198457,1016,254,0,3930,263,0,0,0,0,0,1,0,0,0,0,518198503,2166161467,1048575,30524,0,3,-4859.858
518199443,986,254,0,3930,243,0,0,0,0,0,1,0,0,0,0,518199486,2166161467,1048575,31508,0,3,-4858.872
518200458,1015,254,0,3930,257,0,0,0,0,0,1,0,0,0,0,518200566,2166161467,1048575,32610,0,3,-4857.857
518201485,1027,254,0,3930,294,0,0,0,0,0,1,0,0,0,0,518201540,2166161467,1048575,33560,0,3,-4856.83
518202438,953,254,0,3930,237,0,0,0,0,0,1,0,0,0,0,518202482,2166161467,1048575,34500,0,3,-4855.877
518203426,988,254,0,3930,232,0,0,0,0,0,1,0,0,0,0,518203459,2166161467,1048575,35476,0,3,-4854.889
518204424,998,254,0,3930,232,0,0,0,0,0,1,0,0,0,0,518204455,2166161467,1048575,36471,0,3,-4853.891
518205422,998,254,0,3930,231,0,0,0,0,0,1,0,0,0,0,518205456,2166161467,1048575,37472,0,3,-4852.893
518206427,1005,254,0,3930,232,0,0,0,0,0,1,0,0,0,0,518206460,2166161467,1048575,38477,0,3,-4851.888
518207427,1000,254,0,3930,232,0,0,0,0,0,1,0,0,0,0,518207460,2166161467,1048575,39476,0,3,-4850.888
518208422,995,254,0,3930,230,0,0,0,0,0,1,0,0,0,0,518208454,2166161467,1048575,40470,0,3,-4849.893
518209463,1041,254,0,3930,272,0,0,0,0,0,1,0,0,0,0,518209560,2166161467,1048575,41607,0,3,-4848.852
518210519,1056,254,0,3930,319,0,0,0,0,0,1,0,0,0,0,518210665,2166161467,1048575,42715,0,3,-4847.796
518211545,1026,254,0,3930,344,0,0,0,0,0,1,0,0,0,0,518211639,2166161467,1048575,43676,0,3,-4846.77
518212473,928,254,0,3930,271,0,0,0,0,0,1,0,0,0,0,518212520,2166161467,1048575,44540,0,3,-4845.842
518213446,973,254,0,3930,246,0,0,0,0,0,1,0,0,0,0,518213495,2166161467,1048575,45518,0,3,-4844.869
518214467,1021,254,0,3930,266,0,0,0,0,0,1,0,0,0,0,518214516,2166161467,1048575,46537,0,3,-4843.848
518215440,973,254,0,3930,248,0,0,0,0,0,1,0,0,0,0,518215488,2166161467,1048575,47512,0,3,-4842.875
518216441,1001,254,0,3930,246,0,0,0,0,0,1,0,0,0,0,518216484,2166161467,1048575,48502,0,3,-4841.874
518217437,996,254,0,3930,247,0,0,0,0,0,1,0,0,0,0,518217483,2166161467,1048575,49505,0,3,-4840.878
518218457,1020,254,0,3930,264,0,0,0,0,0,1,0,0,0,0,518218499,2166161467,1048575,1,0,3,-4839.858
518219450,993,254,0,3930,250,0,0,0,0,0,1,0,0,0,0,518219495,2166161467,1048575,453,0,3,-4838.865
518220460,1010,254,0,3930,267,0,0,0,0,0,1,0,0,0,0,518220571,2166161467,1048575,1556,0,3,-4837.855
518221492,1032,254,0,3930,295,0,0,0,0,0,1,0,0,0,0,518221549,2166161467,1048575,2507,0,3,-4836.823
518222443,951,254,0,3930,241,0,0,0,0,0,1,0,0,0,0,518222485,2166161467,1048575,3439,0,3,-4835.872
518223427,984,254,0,3930,233,0,0,0,0,0,1,0,0,0,0,518223460,2166161467,1048575,4414,0,3,-4834.888
518224422,995,254,0,3930,230,0,0,0,0,0,1,0,0,0,0,518224454,2166161467,1048575,5408,0,3,-4833.893
518225422,1000,254,0,3930,231,0,0,0,0,0,1,0,0,0,0,518225455,2166161467,1048575,6410,0,3,-4832.893
518226427,1005,254,0,3930,232,0,0,0,0,0,1,0,0,0,0,518226460,2166161467,1048575,7414,0,3,-4831.888
518227427,1000,254,0,3930,233,0,0,0,0,0,1,0,0,0,0,518227460,2166161467,1048575,8414,0,3,-4830.888
518228422,995,254,0,3930,230,0,0,0,0,0,1,0,0,0,0,518228454,2166161467,1048575,9408,0,3,-4829.893
518229455,1033,254,0,3930,265,0,0,0,0,0,1,0,0,0,0,518229541,2166161467,1048575,10522,0,3,-4828.86
518230521,1066,254,0,3930,329,0,0,0,0,0,1,0,0,0,0,518230680,2166161467,1048575,11674,0,3,-4827.794
518231521,1000,254,0,3930,328,0,0,0,0,0,1,0,0,0,0,518231604,2166161467,1048575,12584,0,3,-4826.794
518232464,943,254,0,3930,271,0,0,0,0,0,1,0,0,0,0,518232511,2166161467,1048575,13472,0,3,-4825.851
518233444,980,254,0,3930,245,0,0,0,0,0,1,0,0,0,0,518233493,2166161467,1048575,14456,0,3,-4824.871
518234461,1017,254,0,3930,264,0,0,0,0,0,1,0,0,0,0,518234506,2166161467,1048575,15464,0,3,-4823.854
518235440,979,254,0,3930,243,0,0,0,0,0,1,0,0,0,0,518235490,2166161467,1048575,16452,0,3,-4822.875
518236454,1014,254,0,3930,250,0,0,0,0,0,1,0,0,0,0,518236492,2166161467,1048575,17447,0,3,-4821.861
518237434,980,254,0,3930,244,0,0,0,0,0,1,0,0,0,0,518237484,2166161467,1048575,18446,0,3,-4820.881
518238456,1022,254,0,3930,265,0,0,0,0,0,1,0,0,0,0,518238498,2166161467,1048575,19453,0,3,-4819.859
518239440,984,254,0,3930,245,0,0,0,0,0,1,0,0,0,0,518239490,2166161467,1048575,20454,0,3,-4818.875
518240445,1005,254,0,3930,254,0,0,0,0,0,1,0,0,0,0,518240553,2166161467,1048575,21542,0,3,-4817.87
518241493,1048,254,0,3930,297,0,0,0,0,0,1,0,0,0,0,518241542,2166161467,1048575,22501,0,3,-4816.822
518242442,949,254,0,3930,239,0,0,0,0,0,1,0,0,0,0,518242487,2166161467,1048575,23443,0,3,-4815.873
518243428,986,254,0,3930,232,0,0,0,0,0,1,0,0,0,0,518243461,2166161467,1048575,24416,0,3,-4814.887
518244427,999,254,0,3930,232,0,0,0,0,0,1,0,0,0,0,518244460,2166161467,1048575,25414,0,3,-4813.888
518245427,1000,254,0,3930,233,0,0,0,0,0,1,0,0,0,0,518245459,2166161467,1048575,26413,0,3,-4812.888
518246434,1007,254,0,3930,234,0,0,0,0,0,1,0,0,0,0,518246468,2166161467,1048575,27423,0,3,-4811.881
518247426,992,254,0,3930,233,0,0,0,0,0,1,0,0,0,0,518247458,2166161467,1048575,28413,0,3,-4810.889
518248426,1000,254,0,3930,232,0,0,0,0,0,1,0,0,0,0,518248459,2166161467,1048575,29414,0,3,-4809.889
518249469,1043,254,0,3930,273,0,0,0,0,0,1,0,0,0,0,518249568,2166161467,1048575,30550,0,3,-4808.846
518250531,1062,254,0,3930,329,0,0,0,0,0,1,0,0,0,0,518250680,2166161467,1048575,31667,0,3,-4807.784
518251546,1015,254,0,3930,343,0,0,0,0,0,1,0,0,0,0,518251638,2166161467,1048575,32614,0,3,-4806.769
518252467,921,254,0,3930,272,0,0,0,0,0,1,0,0,0,0,518252515,2166161467,1048575,33472,0,3,-4805.848
518253443,976,254,0,3930,246,0,0,0,0,0,1,0,0,0,0,518253492,2166161467,1048575,34453,0,3,-4804.872
518254466,1023,254,0,3930,265,0,0,0,0,0,1,0,0,0,0,518254513,2166161467,1048575,35471,0,3,-4803.849
518255450,984,254,0,3930,248,0,0,0,0,0,1,0,0,0,0,518255501,2166161467,1048575,36461,0,3,-4802.865
518256451,1001,254,0,3930,247,0,0,0,0,0,1,0,0,0,0,518256490,2166161467,1048575,37447,0,3,-4801.864
518257445,994,254,0,3930,247,0,0,0,0,0,1,0,0,0,0,518257495,2166161467,1048575,38456,0,3,-4800.87
518258457,1012,254,0,3930,264,0,0,0,0,0,1,0,0,0,0,518258500,2166161467,1048575,39457,0,3,-4799.858
518259445,988,254,0,3930,244,0,0,0,0,0,1,0,0,0,0,518259493,2166161467,1048575,40454,0,3,-4798.87
518260454,1009,254,0,3930,259,0,0,0,0,0,1,0,0,0,0,518260564,2166161467,1048575,41545,0,3,-4797.861
518261488,1034,254,0,3930,293,0,0,0,0,0,1,0,0,0,0,518261543,2166161467,1048575,42502,0,3,-4796.827
518262438,950,254,0,3930,236,0,0,0,0,0,1,0,0,0,0,518262479,2166161467,1048575,43435,0,3,-4795.877
518263425,987,254,0,3930,232,0,0,0,0,0,1,0,0,0,0,518263458,2166161467,1048575,44412,0,3,-4794.89
518264422,997,254,0,3930,230,0,0,0,0,0,1,0,0,0,0,518264453,2166161467,1048575,45408,0,3,-4793.893
518265422,1000,254,0,3930,231,0,0,0,0,0,1,0,0,0,0,518265455,2166161467,1048575,46409,0,3,-4792.893
518266427,1005,254,0,3930,232,0,0,0,0,0,1,0,0,0,0,518266460,2166161467,1048575,47414,0,3,-4791.888
518267427,1000,254,0,3930,233,0,0,0,0,0,1,0,0,0,0,518267460,2166161467,1048575,48415,0,3,-4790.888
518268422,995,254,0,3930,230,0,0,0,0,0,1,0,0,0,0,518268454,2166161467,1048575,49408,0,3,-4789.893
518269461,1039,254,0,3930,269,0,0,0,0,0,1,0,0,0,0,518269553,2166161467,1048575,1,0,3,-4788.854
518270776,1315,254,0,3930,430,0,0,0,0,0,1,0,0,0,0,518270967,2166161467,1048575,720,0,3,-4787.539
518271508,732,254,0,3930,316,0,0,0,0,0,1,0,0,0,0,518271573,2166161467,1048575,1305,0,3,-4786.807
518272467,959,254,0,3930,266,0,0,0,0,0,1,0,0,0,0,518272510,2166161467,1048575,2242,0,3,-4785.848
518273451,984,254,0,3930,248,0,0,0,0,0,1,0,0,0,0,518273493,2166161467,1048575,3222,0,3,-4784.864
518274451,1000,254,0,3930,259,0,0,0,0,0,1,0,0,0,0,518274501,2166161467,1048575,4229,0,3,-4783.864
518275450,999,254,0,3930,248,0,0,0,0,0,1,0,0,0,0,518275493,2166161467,1048575,5222,0,3,-4782.865
518276452,1002,254,0,3930,249,0,0,0,0,0,1,0,0,0,0,518276493,2166161467,1048575,6222,0,3,-4781.863
518277440,988,254,0,3930,245,0,0,0,0,0,1,0,0,0,0,518277490,2166161467,1048575,7218,0,3,-4780.875
518278442,1002,254,0,3930,252,0,0,0,0,0,1,0,0,0,0,518278483,2166161467,1048575,8211,0,3,-4779.873
518279442,1000,254,0,3930,250,0,0,0,0,0,1,0,0,0,0,518279487,2166161467,1048575,9214,0,3,-4778.873
518280447,1005,254,0,3930,252,0,0,0,0,0,1,0,0,0,0,518280556,2166161467,1048575,10313,0,3,-4777.868
518281501,1054,254,0,3930,306,0,0,0,0,0,1,0,0,0,0,518281565,2166161467,1048575,11300,0,3,-4776.814
518282437,936,254,0,3930,239,0,0,0,0,0,1,0,0,0,0,518282480,2166161467,1048575,12205,0,3,-4775.878
518283425,988,254,0,3930,234,0,0,0,0,0,1,0,0,0,0,518283458,2166161467,1048575,13182,0,3,-4774.89
518284425,1000,254,0,3930,233,0,0,0,0,0,1,0,0,0,0,518284457,2166161467,1048575,14182,0,3,-4773.89
518285425,1000,254,0,3930,233,0,0,0,0,0,1,0,0,0,0,518285457,2166161467,1048575,15181,0,3,-4772.89
518286430,1005,254,0,3930,232,0,0,0,0,0,1,0,0,0,0,518286464,2166161467,1048575,16189,0,3,-4771.885
518287434,1004,254,0,3930,234,0,0,0,0,0,1,0,0,0,0,518287466,2166161467,1048575,17190,0,3,-4770.881
518288436,1002,254,0,3930,232,0,0,0,0,0,1,0,0,0,0,518288468,2166161467,1048575,18193,0,3,-4769.879
518289484,1048,254,0,3930,286,0,0,0,0,0,1,0,0,0,0,518289594,2166161467,1048575,19353,0,3,-4768.831
518290522,1038,254,0,3930,321,0,0,0,0,0,1,0,0,0,0,518290658,2166161467,1048575,20406,0,3,-4767.793
518291527,1005,254,0,3930,332,0,0,0,0,0,1,0,0,0,0,518291620,2166161467,1048575,21371,0,3,-4766.788
518292481,954,254,0,3930,280,0,0,0,0,0,1,0,0,0,0,518292526,2166161467,1048575,22253,0,3,-4765.834
518293449,968,254,0,3930,245,0,0,0,0,0,1,0,0,0,0,518293492,2166161467,1048575,23221,0,3,-4764.866
518294466,1017,254,0,3930,263,0,0,0,0,0,1,0,0,0,0,518294515,2166161467,1048575,24242,0,3,-4763.849
518295448,982,254,0,3930,247,0,0,0,0,0,1,0,0,0,0,518295492,2166161467,1048575,25220,0,3,-4762.867
518296446,998,254,0,3930,250,0,0,0,0,0,1,0,0,0,0,518296488,2166161467,1048575,26214,0,3,-4761.869
518297440,994,254,0,3930,241,0,0,0,0,0,1,0,0,0,0,518297482,2166161467,1048575,27212,0,3,-4760.875
518298465,1025,254,0,3930,264,0,0,0,0,0,1,0,0,0,0,518298513,2166161467,1048575,28240,0,3,-4759.85
518299437,972,254,0,3930,243,0,0,0,0,0,1,0,0,0,0,518299478,2166161467,1048575,29207,0,3,-4758.878
518300456,1019,254,0,3930,264,0,0,0,0,0,1,0,0,0,0,518300573,2166161467,1048575,30325,0,3,-4757.859
518301485,1029,254,0,3930,294,0,0,0,0,0,1,0,0,0,0,518301535,2166161467,1048575,31261,0,3,-4756.83
518302430,945,254,0,3930,236,0,0,0,0,0,1,0,0,0,0,518302463,2166161467,1048575,32189,0,3,-4755.885
518303436,1006,254,0,3930,233,0,0,0,0,0,1,0,0,0,0,518303468,2166161467,1048575,33191,0,3,-4754.879
518304425,989,254,0,3930,228,0,0,0,0,0,1,0,0,0,0,518304452,2166161467,1048575,34177,0,3,-4753.89
518305434,1009,254,0,3930,233,0,0,0,0,0,1,0,0,0,0,518305466,2166161467,1048575,35189,0,3,-4752.881
518306428,994,254,0,3930,231,0,0,0,0,0,1,0,0,0,0,518306457,2166161467,1048575,36182,0,3,-4751.887
518307425,997,254,0,3930,233,0,0,0,0,0,1,0,0,0,0,518307457,2166161467,1048575,37181,0,3,-4750.89
518308417,992,254,0,3930,228,0,0,0,0,0,1,0,0,0,0,518308444,2166161467,1048575,38169,0,3,-4749.898
518309472,1055,254,0,3930,276,0,0,0,0,0,1,0,0,0,0,518309590,2166161467,1048575,39342,0,3,-4748.843
518310517,1045,254,0,3930,324,0,0,0,0,0,1,0,0,0,0,518310669,2166161467,1048575,40439,0,3,-4747.798
518311531,1014,254,0,3930,329,0,0,0,0,0,1,0,0,0,0,518311620,2166161467,1048575,41368,0,3,-4746.784
518312472,941,254,0,3930,277,0,0,0,0,0,1,0,0,0,0,518312517,2166161467,1048575,42246,0,3,-4745.843
518313447,975,254,0,3930,246,0,0,0,0,0,1,0,0,0,0,518313495,2166161467,1048575,43227,0,3,-4744.868
518314467,1020,254,0,3930,265,0,0,0,0,0,1,0,0,0,0,518314513,2166161467,1048575,44240,0,3,-4743.848
518315446,979,254,0,3930,245,0,0,0,0,0,1,0,0,0,0,518315496,2166161467,1048575,45228,0,3,-4742.869
518316440,994,254,0,3930,250,0,0,0,0,0,1,0,0,0,0,518316479,2166161467,1048575,46206,0,3,-4741.875
518317443,1003,254,0,3930,244,0,0,0,0,0,1,0,0,0,0,518317493,2166161467,1048575,47224,0,3,-4740.872
518318459,1016,254,0,3930,264,0,0,0,0,0,1,0,0,0,0,518318502,2166161467,1048575,48230,0,3,-4739.856
518319436,977,254,0,3930,246,0,0,0,0,0,1,0,0,0,0,518319486,2166161467,1048575,49218,0,3,-4738.879
518320456,1020,254,0,3930,254,0,0,0,0,0,1,0,0,0,0,518320577,2166161467,1048575,2,0,3,-4737.859
518321505,1049,254,0,3930,298,0,0,0,0,0,1,0,0,0,0,518321566,2166161467,1048575,439,0,3,-4736.81
518322442,937,254,0,3930,238,0,0,0,0,0,1,0,0,0,0,518322482,2166161467,1048575,1349,0,3,-4735.873
518323422,980,254,0,3930,231,0,0,0,0,0,1,0,0,0,0,518323455,2166161467,1048575,2323,0,3,-4734.893
518324421,999,254,0,3930,231,0,0,0,0,0,1,0,0,0,0,518324452,2166161467,1048575,3320,0,3,-4733.894
518325435,1014,254,0,3930,232,0,0,0,0,0,1,0,0,0,0,518325468,2166161467,1048575,4335,0,3,-4732.88
518326435,1000,254,0,3930,235,0,0,0,0,0,1,0,0,0,0,518326469,2166161467,1048575,5337,0,3,-4731.88
518327423,988,254,0,3930,232,0,0,0,0,0,1,0,0,0,0,518327456,2166161467,1048575,6323,0,3,-4730.892
518328420,997,254,0,3930,230,0,0,0,0,0,1,0,0,0,0,518328451,2166161467,1048575,7319,0,3,-4729.895
518329495,1075,254,0,3930,292,0,0,0,0,0,1,0,0,0,0,518329587,2166161467,1048575,8484,0,3,-4728.82
518330532,1037,254,0,3930,328,0,0,0,0,0,1,0,0,0,0,518330674,2166161467,1048575,9572,0,3,-4727.783
518331536,1004,254,0,3930,332,0,0,0,0,0,1,0,0,0,0,518331621,2166161467,1048575,10516,0,3,-4726.779
518332468,932,254,0,3930,275,0,0,0,0,0,1,0,0,0,0,518332513,2166161467,1048575,11384,0,3,-4725.847
518333445,977,254,0,3930,246,0,0,0,0,0,1,0,0,0,0,518333491,2166161467,1048575,12364,0,3,-4724.87
518334465,1020,254,0,3930,265,0,0,0,0,0,1,0,0,0,0,518334511,2166161467,1048575,13384,0,3,-4723.85
518335439,974,254,0,3930,249,0,0,0,0,0,1,0,0,0,0,518335493,2166161467,1048575,14366,0,3,-4722.876
518336445,1006,254,0,3930,245,0,0,0,0,0,1,0,0,0,0,518336482,2166161467,1048575,15350,0,3,-4721.87
518337447,1002,254,0,3930,248,0,0,0,0,0,1,0,0,0,0,518337496,2166161467,1048575,16370,0,3,-4720.868
518338464,1017,254,0,3930,267,0,0,0,0,0,1,0,0,0,0,518338510,2166161467,1048575,17380,0,3,-4719.851
518339445,981,254,0,3930,249,0,0,0,0,0,1,0,0,0,0,518339492,2166161467,1048575,18367,0,3,-4718.87
518340444,999,254,0,3930,254,0,0,0,0,0,1,0,0,0,0,518340564,2166161467,1048575,19463,0,3,-4717.871
518341489,1045,254,0,3930,298,0,0,0,0,0,1,0,0,0,0,518341537,2166161467,1048575,20408,0,3,-4716.826
518342430,941,254,0,3930,237,0,0,0,0,0,1,0,0,0,0,518342472,2166161467,1048575,21339,0,3,-4715.885
518343429,999,254,0,3930,234,0,0,0,0,0,1,0,0,0,0,518343463,2166161467,1048575,22330,0,3,-4714.886
518344428,999,254,0,3930,232,0,0,0,0,0,1,0,0,0,0,518344462,2166161467,1048575,23329,0,3,-4713.887
518345429,1001,254,0,3930,233,0,0,0,0,0,1,0,0,0,0,518345462,2166161467,1048575,24329,0,3,-4712.886
518346432,1003,254,0,3930,232,0,0,0,0,0,1,0,0,0,0,518346467,2166161467,1048575,25334,0,3,-4711.883
518347428,996,254,0,3930,235,0,0,0,0,0,1,0,0,0,0,518347461,2166161467,1048575,26329,0,3,-4710.887
518348428,1000,254,0,3930,232,0,0,0,0,0,1,0,0,0,0,518348461,2166161467,1048575,27329,0,3,-4709.887
518349464,1036,254,0,3930,266,0,0,0,0,0,1,0,0,0,0,518349560,2166161467,1048575,28448,0,3,-4708.851
518350530,1066,254,0,3930,332,0,0,0,0,0,1,0,0,0,0,518350688,2166161467,1048575,29601,0,3,-4707.785
518351521,991,254,0,3930,326,0,0,0,0,0,1,0,0,0,0,518351602,2166161467,1048575,30485,0,3,-4706.794
518352462,941,254,0,3930,270,0,0,0,0,0,1,0,0,0,0,518352509,2166161467,1048575,31384,0,3,-4705.853
518353446,984,254,0,3930,245,0,0,0,0,0,1,0,0,0,0,518353491,2166161467,1048575,32365,0,3,-4704.869
518354460,1014,254,0,3930,263,0,0,0,0,0,1,0,0,0,0,518354505,2166161467,1048575,33376,0,3,-4703.855
518355442,982,254,0,3930,246,0,0,0,0,0,1,0,0,0,0,518355491,2166161467,1048575,34366,0,3,-4702.873
518356453,1011,254,0,3930,249,0,0,0,0,0,1,0,0,0,0,518356493,2166161467,1048575,35362,0,3,-4701.862
518357445,992,254,0,3930,241,0,0,0,0,0,1,0,0,0,0,518357492,2166161467,1048575,36365,0,3,-4700.87
518358454,1009,254,0,3930,263,0,0,0,0,0,1,0,0,0,0,518358493,2166161467,1048575,37362,0,3,-4699.861
518359439,985,254,0,3930,244,0,0,0,0,0,1,0,0,0,0,518359489,2166161467,1048575,38364,0,3,-4698.876
518360453,1014,254,0,3930,254,0,0,0,0,0,1,0,0,0,0,518360563,2166161467,1048575,39465,0,3,-4697.862
518361489,1036,254,0,3930,298,0,0,0,0,0,1,0,0,0,0,518361540,2166161467,1048575,40413,0,3,-4696.826
518362439,950,254,0,3930,237,0,0,0,0,0,1,0,0,0,0,518362483,2166161467,1048575,41350,0,3,-4695.876
518363428,989,254,0,3930,233,0,0,0,0,0,1,0,0,0,0,518363461,2166161467,1048575,42328,0,3,-4694.887
518364427,999,254,0,3930,232,0,0,0,0,0,1,0,0,0,0,518364460,2166161467,1048575,43327,0,3,-4693.888
518365427,1000,254,0,3930,233,0,0,0,0,0,1,0,0,0,0,518365459,2166161467,1048575,44326,0,3,-4692.888
518366434,1007,254,0,3930,234,0,0,0,0,0,1,0,0,0,0,518366468,2166161467,1048575,45336,0,3,-4691.881
518367426,992,254,0,3930,233,0,0,0,0,0,1,0,0,0,0,518367458,2166161467,1048575,46326,0,3,-4690.889
518368426,1000,254,0,3930,232,0,0,0,0,0,1,0,0,0,0,518368459,2166161467,1048575,47327,0,3,-4689.889
518369471,1045,254,0,3930,274,0,0,0,0,0,1,0,0,0,0,518369567,2166161467,1048575,48462,0,3,-4688.844
518370535,1064,254,0,3930,333,0,0,0,0,0,1,0,0,0,0,518370680,2166161467,1048575,49585,0,3,-4687.78
518371529,994,254,0,3930,332,0,0,0,0,0,1,0,0,0,0,518371608,2166161467,1048575,2,0,3,-4686.786
518372538,1009,254,0,3930,280,0,0,0,0,0,1,0,0,0,0,518372594,2166161467,1048575,411,0,3,-4685.777
518373445,907,254,0,3930,250,0,0,0,0,0,1,0,0,0,0,518373490,2166161467,1048575,1310,0,3,-4684.87
518374462,1017,254,0,3930,271,0,0,0,0,0,1,0,0,0,0,518374511,2166161467,1048575,2332,0,3,-4683.853
518375440,978,254,0,3930,247,0,0,0,0,0,1,0,0,0,0,518375493,2166161467,1048575,3313,0,3,-4682.875
518376447,1007,254,0,3930,251,0,0,0,0,0,1,0,0,0,0,518376489,2166161467,1048575,4307,0,3,-4681.868
518377436,989,254,0,3930,246,0,0,0,0,0,1,0,0,0,0,518377481,2166161467,1048575,5301,0,3,-4680.879
518378466,1030,254,0,3930,264,0,0,0,0,0,1,0,0,0,0,518378512,2166161467,1048575,6330,0,3,-4679.849
518379450,984,254,0,3930,246,0,0,0,0,0,1,0,0,0,0,518379495,2166161467,1048575,7319,0,3,-4678.865
518380460,1010,254,0,3930,258,0,0,0,0,0,1,0,0,0,0,518380588,2166161467,1048575,8429,0,3,-4677.855
518381497,1037,254,0,3930,299,0,0,0,0,0,1,0,0,0,0,518381545,2166161467,1048575,9362,0,3,-4676.818
518382433,936,254,0,3930,234,0,0,0,0,0,1,0,0,0,0,518382469,2166161467,1048575,10282,0,3,-4675.882
518383423,990,254,0,3930,232,0,0,0,0,0,1,0,0,0,0,518383457,2166161467,1048575,11269,0,3,-4674.892
518384430,1007,254,0,3930,227,0,0,0,0,0,1,0,0,0,0,518384458,2166161467,1048575,12272,0,3,-4673.885
518385424,994,254,0,3930,231,0,0,0,0,0,1,0,0,0,0,518385457,2166161467,1048575,13269,0,3,-4672.891
518386424,1000,254,0,3930,230,0,0,0,0,0,1,0,0,0,0,518386453,2166161467,1048575,14267,0,3,-4671.891
518387423,999,254,0,3930,232,0,0,0,0,0,1,0,0,0,0,518387456,2166161467,1048575,15269,0,3,-4670.892
518388430,1007,254,0,3930,227,0,0,0,0,0,1,0,0,0,0,518388458,2166161467,1048575,16272,0,3,-4669.885
518389464,1034,254,0,3930,268,0,0,0,0,0,1,0,0,0,0,518389564,2166161467,1048575,17402,0,3,-4668.851
518390528,1064,254,0,3930,336,0,0,0,0,0,1,0,0,0,0,518390688,2166161467,1048575,18542,0,3,-4667.787
518391522,994,254,0,3930,330,0,0,0,0,0,1,0,0,0,0,518391603,2166161467,1048575,19432,0,3,-4666.793
518392475,953,254,0,3930,276,0,0,0,0,0,1,0,0,0,0,518392525,2166161467,1048575,20347,0,3,-4665.84
518393445,970,254,0,3930,245,0,0,0,0,0,1,0,0,0,0,518393491,2166161467,1048575,21311,0,3,-4664.87
518394463,1018,254,0,3930,266,0,0,0,0,0,1,0,0,0,0,518394511,2166161467,1048575,22329,0,3,-4663.852
518395440,977,254,0,3930,247,0,0,0,0,0,1,0,0,0,0,518395491,2166161467,1048575,23312,0,3,-4662.875
518396448,1008,254,0,3930,251,0,0,0,0,0,1,0,0,0,0,518396486,2166161467,1048575,24301,0,3,-4661.867
518397439,991,254,0,3930,243,0,0,0,0,0,1,0,0,0,0,518397489,2166161467,1048575,25310,0,3,-4660.876
518398468,1029,254,0,3930,265,0,0,0,0,0,1,0,0,0,0,518398509,2166161467,1048575,26323,0,3,-4659.847
518399439,971,254,0,3930,246,0,0,0,0,0,1,0,0,0,0,518399487,2166161467,1048575,27306,0,3,-4658.876
518400456,1017,254,0,3930,255,0,0,0,0,0,1,0,0,0,0,518400562,2166161467,1048575,28417,0,3,-4657.859
518401493,1037,254,0,3930,298,0,0,0,0,0,1,0,0,0,0,518401543,2166161467,1048575,29359,0,3,-4656.822
518402428,935,254,0,3930,238,0,0,0,0,0,1,0,0,0,0,518402470,2166161467,1048575,30284,0,3,-4655.887
518403428,1000,254,0,3930,233,0,0,0,0,0,1,0,0,0,0,518403461,2166161467,1048575,31274,0,3,-4654.887
518404427,999,254,0,3930,232,0,0,0,0,0,1,0,0,0,0,518404460,2166161467,1048575,32273,0,3,-4653.888
518405427,1000,254,0,3930,233,0,0,0,0,0,1,0,0,0,0,518405459,2166161467,1048575,33272,0,3,-4652.888
518406434,1007,254,0,3930,234,0,0,0,0,0,1,0,0,0,0,518406468,2166161467,1048575,34282,0,3,-4651.881
518407426,992,254,0,3930,233,0,0,0,0,0,1,0,0,0,0,518407458,2166161467,1048575,35272,0,3,-4650.889
518408426,1000,254,0,3930,232,0,0,0,0,0,1,0,0,0,0,518408459,2166161467,1048575,36273,0,3,-4649.889
518409471,1045,254,0,3930,276,0,0,0,0,0,1,0,0,0,0,518409580,2166161467,1048575,37421,0,3,-4648.844
518410525,1054,254,0,3930,324,0,0,0,0,0,1,0,0,0,0,518410665,2166161467,1048575,38512,0,3,-4647.79
518411541,1016,254,0,3930,342,0,0,0,0,0,1,0,0,0,0,518411640,2166161467,1048575,39474,0,3,-4646.774
518412473,932,254,0,3930,276,0,0,0,0,0,1,0,0,0,0,518412514,2166161467,1048575,40330,0,3,-4645.842
518413443,970,254,0,3930,245,0,0,0,0,0,1,0,0,0,0,518413494,2166161467,1048575,41314,0,3,-4644.872
518414466,1023,254,0,3930,267,0,0,0,0,0,1,0,0,0,0,518414512,2166161467,1048575,42330,0,3,-4643.849
518415439,973,254,0,3930,246,0,0,0,0,0,1,0,0,0,0,518415489,2166161467,1048575,43308,0,3,-4642.876
518416446,1007,254,0,3930,250,0,0,0,0,0,1,0,0,0,0,518416483,2166161467,1048575,44299,0,3,-4641.869
518417443,997,254,0,3930,244,0,0,0,0,0,1,0,0,0,0,518417490,2166161467,1048575,45309,0,3,-4640.872
518418459,1016,254,0,3930,267,0,0,0,0,0,1,0,0,0,0,518418505,2166161467,1048575,46322,0,3,-4639.856
518419438,979,254,0,3930,245,0,0,0,0,0,1,0,0,0,0,518419485,2166161467,1048575,47305,0,3,-4638.877
518420450,1012,254,0,3930,258,0,0,0,0,0,1,0,0,0,0,518420570,2166161467,1048575,48413,0,3,-4637.865
518421495,1045,254,0,3930,296,0,0,0,0,0,1,0,0,0,0,518421544,2166161467,1048575,49361,0,3,-4636.82
518422436,941,254,0,3930,238,0,0,0,0,0,1,0,0,0,0,518422475,2166161467,1048575,1,0,3,-4635.879
518423438,1002,254,0,3930,237,0,0,0,0,0,1,0,0,0,0,518423481,2166161467,1048575,480,0,3,-4634.877
518424428,990,254,0,3930,238,0,0,0,0,0,1,0,0,0,0,518424462,2166161467,1048575,1459,0,3,-4633.887
518425429,1001,254,0,3930,233,0,0,0,0,0,1,0,0,0,0,518425461,2166161467,1048575,2458,0,3,-4632.886
518426430,1001,254,0,3930,231,0,0,0,0,0,1,0,0,0,0,518426462,2166161467,1048575,3459,0,3,-4631.885
518427429,999,254,0,3930,233,0,0,0,0,0,1,0,0,0,0,518427464,2166161467,1048575,4462,0,3,-4630.886
518428426,997,254,0,3930,231,0,0,0,0,0,1,0,0,0,0,518428457,2166161467,1048575,5454,0,3,-4629.889
518429480,1054,254,0,3930,283,0,0,0,0,0,1,0,0,0,0,518429570,2166161467,1048575,6591,0,3,-4628.835
518430531,1051,254,0,3930,333,0,0,0,0,0,1,0,0,0,0,518430695,2166161467,1048575,7737,0,3,-4627.784
518431519,988,254,0,3930,322,0,0,0,0,0,1,0,0,0,0,518431600,2166161467,1048575,8613,0,3,-4626.796
518432472,953,254,0,3930,280,0,0,0,0,0,1,0,0,0,0,518432521,2166161467,1048575,9525,0,3,-4625.843
518433444,972,254,0,3930,242,0,0,0,0,0,1,0,0,0,0,518433496,2166161467,1048575,10500,0,3,-4624.871
518434463,1019,254,0,3930,270,0,0,0,0,0,1,0,0,0,0,518434507,2166161467,1048575,11507,0,3,-4623.852
518435437,974,254,0,3930,243,0,0,0,0,0,1,0,0,0,0,518435493,2166161467,1048575,12501,0,3,-4622.878
518436453,1016,254,0,3930,250,0,0,0,0,0,1,0,0,0,0,518436489,2166161467,1048575,13489,0,3,-4621.862
518437450,997,254,0,3930,248,0,0,0,0,0,1,0,0,0,0,518437504,2166161467,1048575,14509,0,3,-4620.865
518438462,1012,254,0,3930,267,0,0,0,0,0,1,0,0,0,0,518438502,2166161467,1048575,15500,0,3,-4619.853
518439439,977,254,0,3930,242,0,0,0,0,0,1,0,0,0,0,518439493,2166161467,1048575,16497,0,3,-4618.876
518440457,1018,254,0,3930,264,0,0,0,0,0,1,0,0,0,0,518440567,2166161467,1048575,17598,0,3,-4617.858
518441496,1039,254,0,3930,301,0,0,0,0,0,1,0,0,0,0,518441545,2166161467,1048575,18547,0,3,-4616.819
518442439,943,254,0,3930,237,0,0,0,0,0,1,0,0,0,0,518442481,2166161467,1048575,19478,0,3,-4615.876
518443424,985,254,0,3930,233,0,0,0,0,0,1,0,0,0,0,518443454,2166161467,1048575,20452,0,3,-4614.891
518444422,998,254,0,3930,232,0,0,0,0,0,1,0,0,0,0,518444454,2166161467,1048575,21452,0,3,-4613.893
518445421,999,254,0,3930,231,0,0,0,0,0,1,0,0,0,0,518445452,2166161467,1048575,22449,0,3,-4612.894
518446430,1009,254,0,3930,232,0,0,0,0,0,1,0,0,0,0,518446465,2166161467,1048575,23462,0,3,-4611.885
518447435,1005,254,0,3930,235,0,0,0,0,0,1,0,0,0,0,518447467,2166161467,1048575,24464,0,3,-4610.88
518448433,998,254,0,3930,232,0,0,0,0,0,1,0,0,0,0,518448465,2166161467,1048575,25463,0,3,-4609.882
518449482,1049,254,0,3930,282,0,0,0,0,0,1,0,0,0,0,518449590,2166161467,1048575,26621,0,3,-4608.833
518450530,1048,254,0,3930,331,0,0,0,0,0,1,0,0,0,0,518450666,2166161467,1048575,27695,0,3,-4607.785
518451544,1014,254,0,3930,343,0,0,0,0,0,1,0,0,0,0,518451639,2166161467,1048575,28658,0,3,-4606.771
518452473,929,254,0,3930,276,0,0,0,0,0,1,0,0,0,0,518452517,2166161467,1048575,29517,0,3,-4605.842
518453443,970,254,0,3930,245,0,0,0,0,0,1,0,0,0,0,518453488,2166161467,1048575,30491,0,3,-4604.872
518454465,1022,254,0,3930,264,0,0,0,0,0,1,0,0,0,0,518454514,2166161467,1048575,31517,0,3,-4603.85
518455441,976,254,0,3930,249,0,0,0,0,0,1,0,0,0,0,518455492,2166161467,1048575,32495,0,3,-4602.874
518456450,1009,254,0,3930,251,0,0,0,0,0,1,0,0,0,0,518456488,2166161467,1048575,33488,0,3,-4601.865
518457444,994,254,0,3930,243,0,0,0,0,0,1,0,0,0,0,518457493,2166161467,1048575,34498,0,3,-4600.871
518458459,1015,254,0,3930,268,0,0,0,0,0,1,0,0,0,0,518458501,2166161467,1048575,35501,0,3,-4599.856
518459436,977,254,0,3930,244,0,0,0,0,0,1,0,0,0,0,518459487,2166161467,1048575,36492,0,3,-4598.879
518460453,1017,254,0,3930,260,0,0,0,0,0,1,0,0,0,0,518460574,2166161467,1048575,37602,0,3,-4597.862
518461489,1036,254,0,3930,297,0,0,0,0,0,1,0,0,0,0,518461539,2166161467,1048575,38539,0,3,-4596.826
518462435,946,254,0,3930,233,0,0,0,0,0,1,0,0,0,0,518462473,2166161467,1048575,39471,0,3,-4595.88
518463426,991,254,0,3930,232,0,0,0,0,0,1,0,0,0,0,518463460,2166161467,1048575,40456,0,3,-4594.889
518464419,993,254,0,3930,228,0,0,0,0,0,1,0,0,0,0,518464446,2166161467,1048575,41444,0,3,-4593.896
518465427,1008,254,0,3930,232,0,0,0,0,0,1,0,0,0,0,518465459,2166161467,1048575,42456,0,3,-4592.888
518466427,1000,254,0,3930,231,0,0,0,0,0,1,0,0,0,0,518466456,2166161467,1048575,43453,0,3,-4591.888
518467422,995,254,0,3930,231,0,0,0,0,0,1,0,0,0,0,518467456,2166161467,1048575,44453,0,3,-4590.893
518468416,994,254,0,3930,228,0,0,0,0,0,1,0,0,0,0,518468444,2166161467,1048575,45442,0,3,-4589.899
518469461,1045,254,0,3930,268,0,0,0,0,0,1,0,0,0,0,518469556,2166161467,1048575,46581,0,3,-4588.854
518470534,1073,254,0,3930,333,0,0,0,0,0,1,0,0,0,0,518470683,2166161467,1048575,47720,0,3,-4587.781
518471520,986,254,0,3930,327,0,0,0,0,0,1,0,0,0,0,518471603,2166161467,1048575,48626,0,3,-4586.795
518472467,947,254,0,3930,275,0,0,0,0,0,1,0,0,0,0,518472515,2166161467,1048575,49517,0,3,-4585.848
518473441,974,254,0,3930,245,0,0,0,0,0,1,0,0,0,0,518473489,2166161467,1048575,2,0,3,-4584.874
518474469,1028,254,0,3930,268,0,0,0,0,0,1,0,0,0,0,518474521,2166161467,1048575,479,0,3,-4583.846
518475447,978,254,0,3930,251,0,0,0,0,0,1,0,0,0,0,518475500,2166161467,1048575,1463,0,3,-4582.868
518476443,996,254,0,3930,253,0,0,0,0,0,1,0,0,0,0,518476487,2166161467,1048575,2444,0,3,-4581.872
518477441,998,254,0,3930,246,0,0,0,0,0,1,0,0,0,0,518477487,2166161467,1048575,3448,0,3,-4580.874
518478452,1011,254,0,3930,261,0,0,0,0,0,1,0,0,0,0,518478500,2166161467,1048575,4463,0,3,-4579.863
518479440,988,254,0,3930,247,0,0,0,0,0,1,0,0,0,0,518479485,2166161467,1048575,5446,0,3,-4578.875
518480464,1024,254,0,3930,265,0,0,0,0,0,1,0,0,0,0,518480586,2166161467,1048575,6577,0,3,-4577.851
518481485,1021,254,0,3930,293,0,0,0,0,0,1,0,0,0,0,518481537,2166161467,1048575,7494,0,3,-4576.83
518482424,939,254,0,3930,235,0,0,0,0,0,1,0,0,0,0,518482456,2166161467,1048575,8411,0,3,-4575.891
518483424,1000,254,0,3930,232,0,0,0,0,0,1,0,0,0,0,518483458,2166161467,1048575,9413,0,3,-4574.891
518484418,994,254,0,3930,228,0,0,0,0,0,1,0,0,0,0,518484446,2166161467,1048575,10401,0,3,-4573.897
518485425,1007,254,0,3930,231,0,0,0,0,0,1,0,0,0,0,518485459,2166161467,1048575,11413,0,3,-4572.89
518486426,1001,254,0,3930,232,0,0,0,0,0,1,0,0,0,0,518486456,2166161467,1048575,12411,0,3,-4571.889
518487423,997,254,0,3930,231,0,0,0,0,0,1,0,0,0,0,518487458,2166161467,1048575,13412,0,3,-4570.892
518488418,995,254,0,3930,228,0,0,0,0,0,1,0,0,0,0,518488445,2166161467,1048575,14401,0,3,-4569.897
518489473,1055,254,0,3930,279,0,0,0,0,0,1,0,0,0,0,518489577,2166161467,1048575,15559,0,3,-4568.842
518490526,1053,254,0,3930,324,0,0,0,0,0,1,0,0,0,0,518490674,2166161467,1048575,16667,0,3,-4567.789
518491522,996,254,0,3930,329,0,0,0,0,0,1,0,0,0,0,518491609,2166161467,1048575,17591,0,3,-4566.793
518492471,949,254,0,3930,276,0,0,0,0,0,1,0,0,0,0,518492515,2166161467,1048575,18474,0,3,-4565.844
518493434,963,254,0,3930,243,0,0,0,0,0,1,0,0,0,0,518493484,2166161467,1048575,19446,0,3,-4564.881
518494469,1035,254,0,3930,269,0,0,0,0,0,1,0,0,0,0,518494513,2166161467,1048575,20472,0,3,-4563.846
518495434,965,254,0,3930,244,0,0,0,0,0,1,0,0,0,0,518495487,2166161467,1048575,21448,0,3,-4562.881
518496451,1017,254,0,3930,253,0,0,0,0,0,1,0,0,0,0,518496489,2166161467,1048575,22447,0,3,-4561.864
518497445,994,254,0,3930,243,0,0,0,0,0,1,0,0,0,0,518497496,2166161467,1048575,23458,0,3,-4560.87
518498469,1024,254,0,3930,266,0,0,0,0,0,1,0,0,0,0,518498511,2166161467,1048575,24470,0,3,-4559.846
518499436,967,254,0,3930,241,0,0,0,0,0,1,0,0,0,0,518499485,2166161467,1048575,25446,0,3,-4558.879
518500456,1020,254,0,3930,264,0,0,0,0,0,1,0,0,0,0,518500573,2166161467,1048575,26563,0,3,-4557.859
518501494,1038,254,0,3930,295,0,0,0,0,0,1,0,0,0,0,518501547,2166161467,1048575,27504,0,3,-4556.821
518502436,942,254,0,3930,237,0,0,0,0,0,1,0,0,0,0,518502476,2166161467,1048575,28431,0,3,-4555.879
518503429,993,254,0,3930,232,0,0,0,0,0,1,0,0,0,0,518503462,2166161467,1048575,29418,0,3,-4554.886
518504423,994,254,0,3930,230,0,0,0,0,0,1,0,0,0,0,518504454,2166161467,1048575,30410,0,3,-4553.892
518505422,999,254,0,3930,231,0,0,0,0,0,1,0,0,0,0,518505455,2166161467,1048575,31411,0,3,-4552.893
518506428,1006,254,0,3930,233,0,0,0,0,0,1,0,0,0,0,518506460,2166161467,1048575,32415,0,3,-4551.887
518507426,998,254,0,3930,231,0,0,0,0,0,1,0,0,0,0,518507460,2166161467,1048575,33416,0,3,-4550.889
518508422,996,254,0,3930,230,0,0,0,0,0,1,0,0,0,0,518508454,2166161467,1048575,34409,0,3,-4549.893
518509460,1038,254,0,3930,268,0,0,0,0,0,1,0,0,0,0,518509556,2166161467,1048575,35538,0,3,-4548.855
518510521,1061,254,0,3930,330,0,0,0,0,0,1,0,0,0,0,518510675,2166161467,1048575,36671,0,3,-4547.794
518511529,1008,254,0,3930,332,0,0,0,0,0,1,0,0,0,0,518511622,2166161467,1048575,37596,0,3,-4546.786
518512483,954,254,0,3930,279,0,0,0,0,0,1,0,0,0,0,518512530,2166161467,1048575,38490,0,3,-4545.832
518513440,957,254,0,3930,245,0,0,0,0,0,1,0,0,0,0,518513490,2166161467,1048575,39452,0,3,-4544.875
518514463,1023,254,0,3930,265,0,0,0,0,0,1,0,0,0,0,518514507,2166161467,1048575,40465,0,3,-4543.852
518515436,973,254,0,3930,241,0,0,0,0,0,1,0,0,0,0,518515487,2166161467,1048575,41450,0,3,-4542.879
518516451,1015,254,0,3930,251,0,0,0,0,0,1,0,0,0,0,518516487,2166161467,1048575,42444,0,3,-4541.864
518517437,986,254,0,3930,243,0,0,0,0,0,1,0,0,0,0,518517487,2166161467,1048575,43448,0,3,-4540.878
518518466,1029,254,0,3930,266,0,0,0,0,0,1,0,0,0,0,518518510,2166161467,1048575,44470,0,3,-4539.849
518519438,972,254,0,3930,242,0,0,0,0,0,1,0,0,0,0,518519484,2166161467,1048575,45446,0,3,-4538.877
518520461,1023,254,0,3930,261,0,0,0,0,0,1,0,0,0,0,518520569,2166161467,1048575,46556,0,3,-4537.854
518521494,1033,254,0,3930,296,0,0,0,0,0,1,0,0,0,0,518521544,2166161467,1048575,47503,0,3,-4536.821
518522435,941,254,0,3930,235,0,0,0,0,0,1,0,0,0,0,518522471,2166161467,1048575,48426,0,3,-4535.88
518523424,989,254,0,3930,232,0,0,0,0,0,1,0,0,0,0,518523458,2166161467,1048575,49412,0,3,-4534.891
518524419,995,254,0,3930,228,0,0,0,0,0,1,0,0,0,0,518524447,2166161467,1048575,1,0,3,-4533.896
518525440,1021,254,0,3930,241,0,0,0,0,0,1,0,0,0,0,518525479,2166161467,1048575,505,0,3,-4532.875
518526435,995,254,0,3930,235,0,0,0,0,0,1,0,0,0,0,518526469,2166161467,1048575,1494,0,3,-4531.88
518527426,991,254,0,3930,235,0,0,0,0,0,1,0,0,0,0,518527458,2166161467,1048575,2483,0,3,-4530.889
518528423,997,254,0,3930,231,0,0,0,0,0,1,0,0,0,0,518528454,2166161467,1048575,3479,0,3,-4529.892
518529483,1060,254,0,3930,286,0,0,0,0,0,1,0,0,0,0,518529582,2166161467,1048575,4638,0,3,-4528.832
518530516,1033,254,0,3930,326,0,0,0,0,0,1,0,0,0,0,518530651,2166161467,1048575,5712,0,3,-4527.799
518531540,1024,254,0,3930,339,0,0,0,0,0,1,0,0,0,0,518531636,2166161467,1048575,6684,0,3,-4526.775
518532485,945,254,0,3930,282,0,0,0,0,0,1,0,0,0,0,518532531,2166161467,1048575,7561,0,3,-4525.83
518533440,955,254,0,3930,243,0,0,0,0,0,1,0,0,0,0,518533490,2166161467,1048575,8522,0,3,-4524.875
518534458,1018,254,0,3930,267,0,0,0,0,0,1,0,0,0,0,518534502,2166161467,1048575,9529,0,3,-4523.857
518535449,991,254,0,3930,247,0,0,0,0,0,1,0,0,0,0,518535501,2166161467,1048575,10532,0,3,-4522.866
518536443,994,254,0,3930,249,0,0,0,0,0,1,0,0,0,0,518536487,2166161467,1048575,11516,0,3,-4521.872
518537440,997,254,0,3930,245,0,0,0,0,0,1,0,0,0,0,518537486,2166161467,1048575,12518,0,3,-4520.875
518538456,1016,254,0,3930,265,0,0,0,0,0,1,0,0,0,0,518538502,2166161467,1048575,13529,0,3,-4519.859
518539435,979,254,0,3930,242,0,0,0,0,0,1,0,0,0,0,518539484,2166161467,1048575,14516,0,3,-4518.88
518540466,1031,254,0,3930,263,0,0,0,0,0,1,0,0,0,0,518540576,2166161467,1048575,15630,0,3,-4517.849
518541493,1027,254,0,3930,299,0,0,0,0,0,1,0,0,0,0,518541547,2166161467,1048575,16577,0,3,-4516.822
518542431,938,254,0,3930,233,0,0,0,0,0,1,0,0,0,0,518542470,2166161467,1048575,17495,0,3,-4515.884
518543428,997,254,0,3930,234,0,0,0,0,0,1,0,0,0,0,518543461,2166161467,1048575,18486,0,3,-4514.887
518544422,994,254,0,3930,230,0,0,0,0,0,1,0,0,0,0,518544453,2166161467,1048575,19479,0,3,-4513.893
518545422,1000,254,0,3930,231,0,0,0,0,0,1,0,0,0,0,518545455,2166161467,1048575,20481,0,3,-4512.893
518546423,1001,254,0,3930,232,0,0,0,0,0,1,0,0,0,0,518546458,2166161467,1048575,21483,0,3,-4511.892
518547427,1004,254,0,3930,234,0,0,0,0,0,1,0,0,0,0,518547460,2166161467,1048575,22486,0,3,-4510.888
518548423,996,254,0,3930,231,0,0,0,0,0,1,0,0,0,0,518548454,2166161467,1048575,23479,0,3,-4509.892
518549465,1042,254,0,3930,274,0,0,0,0,0,1,0,0,0,0,518549570,2166161467,1048575,24623,0,3,-4508.85
518550529,1064,254,0,3930,328,0,0,0,0,0,1,0,0,0,0,518550685,2166161467,1048575,25751,0,3,-4507.786
518551515,986,254,0,3930,324,0,0,0,0,0,1,0,0,0,0,518551597,2166161467,1048575,26640,0,3,-4506.8
518552481,966,254,0,3930,278,0,0,0,0,0,1,0,0,0,0,518552529,2166161467,1048575,27562,0,3,-4505.834
518553434,953,254,0,3930,244,0,0,0,0,0,1,0,0,0,0,518553484,2166161467,1048575,28516,0,3,-4504.881
518554468,1034,254,0,3930,267,0,0,0,0,0,1,0,0,0,0,518554513,2166161467,1048575,29542,0,3,-4503.847
518555437,969,254,0,3930,246,0,0,0,0,0,1,0,0,0,0,518555491,2166161467,1048575,30525,0,3,-4502.878
518556444,1007,254,0,3930,250,0,0,0,0,0,1,0,0,0,0,518556481,2166161467,1048575,31509,0,3,-4501.871
518557433,989,254,0,3930,243,0,0,0,0,0,1,0,0,0,0,518557481,2166161467,1048575,32512,0,3,-4500.882
518558459,1026,254,0,3930,266,0,0,0,0,0,1,0,0,0,0,518558499,2166161467,1048575,33525,0,3,-4499.856
518559437,978,254,0,3930,241,0,0,0,0,0,1,0,0,0,0,518559490,2166161467,1048575,34523,0,3,-4498.878
518560449,1012,254,0,3930,258,0,0,0,0,0,1,0,0,0,0,518560567,2166161467,1048575,35625,0,3,-4497.866
518561489,1040,254,0,3930,297,0,0,0,0,0,1,0,0,0,0,518561537,2166161467,1048575,36567,0,3,-4496.826
518562431,942,254,0,3930,237,0,0,0,0,0,1,0,0,0,0,518562471,2166161467,1048575,37497,0,3,-4495.884
518563428,997,254,0,3930,232,0,0,0,0,0,1,0,0,0,0,518563461,2166161467,1048575,38487,0,3,-4494.887
518564427,999,254,0,3930,232,0,0,0,0,0,1,0,0,0,0,518564460,2166161467,1048575,39485,0,3,-4493.888
518565427,1000,254,0,3930,233,0,0,0,0,0,1,0,0,0,0,518565459,2166161467,1048575,40484,0,3,-4492.888
518566433,1006,254,0,3930,234,0,0,0,0,0,1,0,0,0,0,518566468,2166161467,1048575,41494,0,3,-4491.882
518567426,993,254,0,3930,233,0,0,0,0,0,1,0,0,0,0,518567458,2166161467,1048575,42483,0,3,-4490.889
518568426,1000,254,0,3930,232,0,0,0,0,0,1,0,0,0,0,518568459,2166161467,1048575,43485,0,3,-4489.889
518569470,1044,254,0,3930,274,0,0,0,0,0,1,0,0,0,0,518569575,2166161467,1048575,44629,0,3,-4488.845
518570528,1058,254,0,3930,325,0,0,0,0,0,1,0,0,0,0,518570662,2166161467,1048575,45721,0,3,-4487.787
518571526,998,254,0,3930,329,0,0,0,0,0,1,0,0,0,0,518571616,2166161467,1048575,46668,0,3,-4486.789
518572473,947,254,0,3930,275,0,0,0,0,0,1,0,0,0,0,518572519,2166161467,1048575,47546,0,3,-4485.842
518573449,976,254,0,3930,246,0,0,0,0,0,1,0,0,0,0,518573497,2166161467,1048575,48529,0,3,-4484.866
518574466,1017,254,0,3930,265,0,0,0,0,0,1,0,0,0,0,518574511,2166161467,1048575,49541,0,3,-4483.849
518575437,971,254,0,3930,247,0,0,0,0,0,1,0,0,0,0,518575485,2166161467,1048575,1,0,3,-4482.878
518576453,1016,254,0,3930,257,0,0,0,0,0,1,0,0,0,0,518576501,2166161467,1048575,476,0,3,-4481.862
518577446,993,254,0,3930,256,0,0,0,0,0,1,0,0,0,0,518577497,2166161467,1048575,1476,0,3,-4480.869
518578457,1011,254,0,3930,263,0,0,0,0,0,1,0,0,0,0,518578506,2166161467,1048575,2483,0,3,-4479.858
518579442,985,254,0,3930,246,0,0,0,0,0,1,0,0,0,0,518579488,2166161467,1048575,3468,0,3,-4478.873
518580468,1026,254,0,3930,265,0,0,0,0,0,1,0,0,0,0,518580581,2166161467,1048575,4584,0,3,-4477.847
518581494,1026,254,0,3930,297,0,0,0,0,0,1,0,0,0,0,518581546,2166161467,1048575,5519,0,3,-4476.821
518582427,933,254,0,3930,233,0,0,0,0,0,1,0,0,0,0,518582459,2166161467,1048575,6432,0,3,-4475.888
518583428,1001,254,0,3930,233,0,0,0,0,0,1,0,0,0,0,518583460,2166161467,1048575,7431,0,3,-4474.887
518584419,991,254,0,3930,229,0,0,0,0,0,1,0,0,0,0,518584446,2166161467,1048575,8419,0,3,-4473.896
518585426,1007,254,0,3930,232,0,0,0,0,0,1,0,0,0,0,518585459,2166161467,1048575,9430,0,3,-4472.889
518586424,998,254,0,3930,230,0,0,0,0,0,1,0,0,0,0,518586455,2166161467,1048575,10428,0,3,-4471.891
518587425,1001,254,0,3930,233,0,0,0,0,0,1,0,0,0,0,518587457,2166161467,1048575,11429,0,3,-4470.89
518588418,993,254,0,3930,228,0,0,0,0,0,1,0,0,0,0,518588445,2166161467,1048575,12418,0,3,-4469.897
518589469,1051,254,0,3930,272,0,0,0,0,0,1,0,0,0,0,518589563,2166161467,1048575,13560,0,3,-4468.846
518590544,1075,254,0,3930,339,0,0,0,0,0,1,0,0,0,0,518590714,2166161467,1048575,14737,0,3,-4467.771
518591529,985,254,0,3930,327,0,0,0,0,0,1,0,0,0,0,518591606,2166161467,1048575,15592,0,3,-4466.786
518592461,932,254,0,3930,269,0,0,0,0,0,1,0,0,0,0,518592512,2166161467,1048575,16493,0,3,-4465.854
518593447,986,254,0,3930,247,0,0,0,0,0,1,0,0,0,0,518593492,2166161467,1048575,17470,0,3,-4464.868
518594462,1015,254,0,3930,263,0,0,0,0,0,1,0,0,0,0,518594513,2166161467,1048575,18490,0,3,-4463.853
518595440,978,254,0,3930,249,0,0,0,0,0,1,0,0,0,0,518595489,2166161467,1048575,19467,0,3,-4462.875
518596445,1005,254,0,3930,249,0,0,0,0,0,1,0,0,0,0,518596484,2166161467,1048575,20457,0,3,-4461.87
518597447,1002,254,0,3930,245,0,0,0,0,0,1,0,0,0,0,518597495,2166161467,1048575,21473,0,3,-4460.868
518598458,1011,254,0,3930,263,0,0,0,0,0,1,0,0,0,0,518598502,2166161467,1048575,22477,0,3,-4459.857
518599438,980,254,0,3930,248,0,0,0,0,0,1,0,0,0,0,518599481,2166161467,1048575,23459,0,3,-4458.877
518600443,1005,254,0,3930,250,0,0,0,0,0,1,0,0,0,0,518600564,2166161467,1048575,24570,0,3,-4457.872
518601498,1055,254,0,3930,296,0,0,0,0,0,1,0,0,0,0,518601544,2166161467,1048575,25521,0,3,-4456.817
518602433,935,254,0,3930,241,0,0,0,0,0,1,0,0,0,0,518602477,2166161467,1048575,26449,0,3,-4455.882
518603429,996,254,0,3930,232,0,0,0,0,0,1,0,0,0,0,518603462,2166161467,1048575,27435,0,3,-4454.886
518604428,999,254,0,3930,231,0,0,0,0,0,1,0,0,0,0,518604461,2166161467,1048575,28434,0,3,-4453.887
518605427,999,254,0,3930,232,0,0,0,0,0,1,0,0,0,0,518605460,2166161467,1048575,29432,0,3,-4452.888
518606433,1006,254,0,3930,233,0,0,0,0,0,1,0,0,0,0,518606468,2166161467,1048575,30440,0,3,-4451.882
518607426,993,254,0,3930,233,0,0,0,0,0,1,0,0,0,0,518607459,2166161467,1048575,31431,0,3,-4450.889
518608426,1000,254,0,3930,232,0,0,0,0,0,1,0,0,0,0,518608459,2166161467,1048575,32432,0,3,-4449.889
518609466,1040,254,0,3930,271,0,0,0,0,0,1,0,0,0,0,518609581,2166161467,1048575,33578,0,3,-4448.849
518610530,1064,254,0,3930,331,0,0,0,0,0,1,0,0,0,0,518610672,2166161467,1048575,34682,0,3,-4447.785
518611540,1010,254,0,3930,342,0,0,0,0,0,1,0,0,0,0,518611635,2166161467,1048575,35629,0,3,-4446.775
518612472,932,254,0,3930,271,0,0,0,0,0,1,0,0,0,0,518612514,2166161467,1048575,36489,0,3,-4445.843
518613441,969,254,0,3930,246,0,0,0,0,0,1,0,0,0,0,518613489,2166161467,1048575,37469,0,3,-4444.874
518614468,1027,254,0,3930,267,0,0,0,0,0,1,0,0,0,0,518614514,2166161467,1048575,38489,0,3,-4443.847
518615449,981,254,0,3930,247,0,0,0,0,0,1,0,0,0,0,518615497,2166161467,1048575,39475,0,3,-4442.866
518616440,991,254,0,3930,250,0,0,0,0,0,1,0,0,0,0,518616479,2166161467,1048575,40453,0,3,-4441.875
518617445,1005,254,0,3930,244,0,0,0,0,0,1,0,0,0,0,518617494,2166161467,1048575,41474,0,3,-4440.87
518618468,1023,254,0,3930,264,0,0,0,0,0,1,0,0,0,0,518618511,2166161467,1048575,42486,0,3,-4439.847
518619435,967,254,0,3930,242,0,0,0,0,0,1,0,0,0,0,518619482,2166161467,1048575,43465,0,3,-4438.88
518620466,1031,254,0,3930,263,0,0,0,0,0,1,0,0,0,0,518620577,2166161467,1048575,44580,0,3,-4437.849
518621496,1030,254,0,3930,294,0,0,0,0,0,1,0,0,0,0,518621547,2166161467,1048575,45520,0,3,-4436.819
518622433,937,254,0,3930,234,0,0,0,0,0,1,0,0,0,0,518622469,2166161467,1048575,46441,0,3,-4435.882
518623426,993,254,0,3930,235,0,0,0,0,0,1,0,0,0,0,518623458,2166161467,1048575,47429,0,3,-4434.889
518624419,993,254,0,3930,228,0,0,0,0,0,1,0,0,0,0,518624446,2166161467,1048575,48419,0,3,-4433.896
518625427,1008,254,0,3930,232,0,0,0,0,0,1,0,0,0,0,518625459,2166161467,1048575,49431,0,3,-4432.888
518626427,1000,254,0,3930,231,0,0,0,0,0,1,0,0,0,0,518626455,2166161467,1048575,1,0,3,-4431.888
518627431,1004,254,0,3930,238,0,0,0,0,0,1,0,0,0,0,518627471,2166161467,1048575,491,0,3,-4430.884
518628430,999,254,0,3930,238,0,0,0,0,0,1,0,0,0,0,518628464,2166161467,1048575,1482,0,3,-4429.885
518629492,1062,254,0,3930,290,0,0,0,0,0,1,0,0,0,0,518629584,2166161467,1048575,2628,0,3,-4428.823
518630532,1040,254,0,3930,330,0,0,0,0,0,1,0,0,0,0,518630679,2166161467,1048575,3739,0,3,-4427.783
518631514,982,254,0,3930,323,0,0,0,0,0,1,0,0,0,0,518631595,2166161467,1048575,4629,0,3,-4426.801
518632480,966,254,0,3930,279,0,0,0,0,0,1,0,0,0,0,518632532,2166161467,1048575,5559,0,3,-4425.835
518633438,958,254,0,3930,242,0,0,0,0,0,1,0,0,0,0,518633488,2166161467,1048575,6513,0,3,-4424.877
518634471,1033,254,0,3930,269,0,0,0,0,0,1,0,0,0,0,518634516,2166161467,1048575,7537,0,3,-4423.844
518635440,969,254,0,3930,248,0,0,0,0,0,1,0,0,0,0,518635495,2166161467,1048575,8520,0,3,-4422.875
518636452,1012,254,0,3930,250,0,0,0,0,0,1,0,0,0,0,518636489,2166161467,1048575,9509,0,3,-4421.863
518637449,997,254,0,3930,248,0,0,0,0,0,1,0,0,0,0,518637498,2166161467,1048575,10523,0,3,-4420.866
518638462,1013,254,0,3930,265,0,0,0,0,0,1,0,0,0,0,518638505,2166161467,1048575,11525,0,3,-4419.853
518639439,977,254,0,3930,246,0,0,0,0,0,1,0,0,0,0,518639489,2166161467,1048575,12514,0,3,-4418.876
518640460,1021,254,0,3930,261,0,0,0,0,0,1,0,0,0,0,518640570,2166161467,1048575,13621,0,3,-4417.855
518641499,1039,254,0,3930,301,0,0,0,0,0,1,0,0,0,0,518641549,2166161467,1048575,14573,0,3,-4416.816
518642427,928,254,0,3930,237,0,0,0,0,0,1,0,0,0,0,518642469,2166161467,1048575,15487,0,3,-4415.888
518643428,1001,254,0,3930,235,0,0,0,0,0,1,0,0,0,0,518643460,2166161467,1048575,16479,0,3,-4414.887
518644427,999,254,0,3930,233,0,0,0,0,0,1,0,0,0,0,518644459,2166161467,1048575,17478,0,3,-4413.888
518645427,1000,254,0,3930,233,0,0,0,0,0,1,0,0,0,0,518645459,2166161467,1048575,18477,0,3,-4412.888
518646432,1005,254,0,3930,232,0,0,0,0,0,1,0,0,0,0,518646467,2166161467,1048575,19485,0,3,-4411.883
518647436,1004,254,0,3930,234,0,0,0,0,0,1,0,0,0,0,518647468,2166161467,1048575,20486,0,3,-4410.879
518648424,988,254,0,3930,232,0,0,0,0,0,1,0,0,0,0,518648456,2166161467,1048575,21475,0,3,-4409.891
518649464,1040,254,0,3930,269,0,0,0,0,0,1,0,0,0,0,518649575,2166161467,1048575,22619,0,3,-4408.851
518650534,1070,254,0,3930,332,0,0,0,0,0,1,0,0,0,0,518650672,2166161467,1048575,23728,0,3,-4407.781
518651559,1025,254,0,3930,355,0,0,0,0,0,1,0,0,0,0,518651658,2166161467,1048575,24694,0,3,-4406.756
518652477,918,254,0,3930,274,0,0,0,0,0,1,0,0,0,0,518652517,2166161467,1048575,25539,0,3,-4405.838
518653448,971,254,0,3930,246,0,0,0,0,0,1,0,0,0,0,518653495,2166161467,1048575,26519,0,3,-4404.867
518654467,1019,254,0,3930,268,0,0,0,0,0,1,0,0,0,0,518654516,2166161467,1048575,27539,0,3,-4403.848
518655437,970,254,0,3930,246,0,0,0,0,0,1,0,0,0,0,518655488,2166161467,1048575,28512,0,3,-4402.878
518656443,1006,254,0,3930,251,0,0,0,0,0,1,0,0,0,0,518656481,2166161467,1048575,29502,0,3,-4401.872
518657434,991,254,0,3930,244,0,0,0,0,0,1,0,0,0,0,518657485,2166161467,1048575,30511,0,3,-4400.881
518658470,1036,254,0,3930,267,0,0,0,0,0,1,0,0,0,0,518658512,2166161467,1048575,31534,0,3,-4399.845
518659435,965,254,0,3930,245,0,0,0,0,0,1,0,0,0,0,518659481,2166161467,1048575,32506,0,3,-4398.88
518660451,1016,254,0,3930,257,0,0,0,0,0,1,0,0,0,0,518660561,2166161467,1048575,33614,0,3,-4397.864
518661483,1032,254,0,3930,292,0,0,0,0,0,1,0,0,0,0,518661534,2166161467,1048575,34556,0,3,-4396.832
518662442,959,254,0,3930,239,0,0,0,0,0,1,0,0,0,0,518662483,2166161467,1048575,35502,0,3,-4395.873
518663428,986,254,0,3930,233,0,0,0,0,0,1,0,0,0,0,518663460,2166161467,1048575,36478,0,3,-4394.887
518664427,999,254,0,3930,233,0,0,0,0,0,1,0,0,0,0,518664459,2166161467,1048575,37478,0,3,-4393.888
518665427,1000,254,0,3930,233,0,0,0,0,0,1,0,0,0,0,518665459,2166161467,1048575,38477,0,3,-4392.888
518666434,1007,254,0,3930,234,0,0,0,0,0,1,0,0,0,0,518666468,2166161467,1048575,39486,0,3,-4391.881
518667426,992,254,0,3930,233,0,0,0,0,0,1,0,0,0,0,518667459,2166161467,1048575,40477,0,3,-4390.889
518668426,1000,254,0,3930,232,0,0,0,0,0,1,0,0,0,0,518668459,2166161467,1048575,41477,0,3,-4389.889
518669472,1046,254,0,3930,277,0,0,0,0,0,1,0,0,0,0,518669572,2166161467,1048575,42618,0,3,-4388.843
518670530,1058,254,0,3930,331,0,0,0,0,0,1,0,0,0,0,518670684,2166161467,1048575,43748,0,3,-4387.785
518671542,1012,254,0,3930,342,0,0,0,0,0,1,0,0,0,0,518671634,2166161467,1048575,44671,0,3,-4386.773
518672462,920,254,0,3930,269,0,0,0,0,0,1,0,0,0,0,518672507,2166161467,1048575,45530,0,3,-4385.853
518673448,986,254,0,3930,247,0,0,0,0,0,1,0,0,0,0,518673496,2166161467,1048575,46523,0,3,-4384.867
518674469,1021,254,0,3930,269,0,0,0,0,0,1,0,0,0,0,518674516,2166161467,1048575,47538,0,3,-4383.846
518675437,968,254,0,3930,247,0,0,0,0,0,1,0,0,0,0,518675490,2166161467,1048575,48517,0,3,-4382.878
518676446,1009,254,0,3930,251,0,0,0,0,0,1,0,0,0,0,518676484,2166161467,1048575,49504,0,3,-4381.869
518677437,991,254,0,3930,244,0,0,0,0,0,1,0,0,0,0,518677488,2166161467,1048575,2,0,3,-4380.878
518678470,1033,254,0,3930,269,0,0,0,0,0,1,0,0,0,0,518678517,2166161467,1048575,483,0,3,-4379.845
518679439,969,254,0,3930,248,0,0,0,0,0,1,0,0,0,0,518679489,2166161467,1048575,1460,0,3,-4378.876
518680450,1011,254,0,3930,259,0,0,0,0,0,1,0,0,0,0,518680563,2166161467,1048575,2560,0,3,-4377.865
518681491,1041,254,0,3930,300,0,0,0,0,0,1,0,0,0,0,518681542,2166161467,1048575,3514,0,3,-4376.824
518682428,937,254,0,3930,237,0,0,0,0,0,1,0,0,0,0,518682469,2166161467,1048575,4433,0,3,-4375.887
518683428,1000,254,0,3930,233,0,0,0,0,0,1,0,0,0,0,518683461,2166161467,1048575,5424,0,3,-4374.887
518684427,999,254,0,3930,232,0,0,0,0,0,1,0,0,0,0,518684459,2166161467,1048575,6423,0,3,-4373.888
518685427,1000,254,0,3930,233,0,0,0,0,0,1,0,0,0,0,518685459,2166161467,1048575,7422,0,3,-4372.888
518686434,1007,254,0,3930,234,0,0,0,0,0,1,0,0,0,0,518686468,2166161467,1048575,8432,0,3,-4371.881
518687426,992,254,0,3930,233,0,0,0,0,0,1,0,0,0,0,518687458,2166161467,1048575,9422,0,3,-4370.889
518688426,1000,254,0,3930,232,0,0,0,0,0,1,0,0,0,0,518688459,2166161467,1048575,10423,0,3,-4369.889
518689476,1050,254,0,3930,277,0,0,0,0,0,1,0,0,0,0,518689577,2166161467,1048575,11566,0,3,-4368.839
518690529,1053,254,0,3930,329,0,0,0,0,0,1,0,0,0,0,518690674,2166161467,1048575,12673,0,3,-4367.786
518691530,1001,254,0,3930,336,0,0,0,0,0,1,0,0,0,0,518691616,2166161467,1048575,13603,0,3,-4366.785
518692463,933,254,0,3930,268,0,0,0,0,0,1,0,0,0,0,518692507,2166161467,1048575,14473,0,3,-4365.852
518693446,983,254,0,3930,245,0,0,0,0,0,1,0,0,0,0,518693494,2166161467,1048575,15465,0,3,-4364.869
518694466,1020,254,0,3930,264,0,0,0,0,0,1,0,0,0,0,518694513,2166161467,1048575,16480,0,3,-4363.849
518695444,978,254,0,3930,244,0,0,0,0,0,1,0,0,0,0,518695491,2166161467,1048575,17460,0,3,-4362.871
518696444,1000,254,0,3930,249,0,0,0,0,0,1,0,0,0,0,518696483,2166161467,1048575,18447,0,3,-4361.871
518697445,1001,254,0,3930,244,0,0,0,0,0,1,0,0,0,0,518697491,2166161467,1048575,19460,0,3,-4360.87
518698463,1018,254,0,3930,264,0,0,0,0,0,1,0,0,0,0,518698507,2166161467,1048575,20473,0,3,-4359.852
518699435,972,254,0,3930,242,0,0,0,0,0,1,0,0,0,0,518699483,2166161467,1048575,21454,0,3,-4358.88
518700463,1028,254,0,3930,259,0,0,0,0,0,1,0,0,0,0,518700573,2166161467,1048575,22569,0,3,-4357.852
518701487,1024,254,0,3930,295,0,0,0,0,0,1,0,0,0,0,518701540,2166161467,1048575,23504,0,3,-4356.828
518702423,936,254,0,3930,235,0,0,0,0,0,1,0,0,0,0,518702459,2166161467,1048575,24422,0,3,-4355.892
518703427,1004,254,0,3930,233,0,0,0,0,0,1,0,0,0,0,518703460,2166161467,1048575,25422,0,3,-4354.888
518704419,992,254,0,3930,228,0,0,0,0,0,1,0,0,0,0,518704446,2166161467,1048575,26410,0,3,-4353.896
518705426,1007,254,0,3930,231,0,0,0,0,0,1,0,0,0,0,518705459,2166161467,1048575,27422,0,3,-4352.889
518706426,1000,254,0,3930,231,0,0,0,0,0,1,0,0,0,0,518706457,2166161467,1048575,28420,0,3,-4351.889
518707425,999,254,0,3930,232,0,0,0,0,0,1,0,0,0,0,518707458,2166161467,1048575,29421,0,3,-4350.89
518708419,994,254,0,3930,228,0,0,0,0,0,1,0,0,0,0,518708447,2166161467,1048575,30410,0,3,-4349.896
518709469,1050,254,0,3930,273,0,0,0,0,0,1,0,0,0,0,518709571,2166161467,1048575,31564,0,3,-4348.846
518710511,1042,254,0,3930,321,0,0,0,0,0,1,0,0,0,0,518710661,2166161467,1048575,32663,0,3,-4347.804
518711529,1018,254,0,3930,336,0,0,0,0,0,1,0,0,0,0,518711619,2166161467,1048575,33601,0,3,-4346.786
518712458,929,254,0,3930,267,0,0,0,0,0,1,0,0,0,0,518712506,2166161467,1048575,34476,0,3,-4345.857
518713450,992,254,0,3930,246,0,0,0,0,0,1,0,0,0,0,518713497,2166161467,1048575,35467,0,3,-4344.865
518714466,1016,254,0,3930,265,0,0,0,0,0,1,0,0,0,0,518714514,2166161467,1048575,36478,0,3,-4343.849
518715442,976,254,0,3930,244,0,0,0,0,0,1,0,0,0,0,518715491,2166161467,1048575,37463,0,3,-4342.873
518716446,1004,254,0,3930,254,0,0,0,0,0,1,0,0,0,0,518716488,2166161467,1048575,38453,0,3,-4341.869
518717437,991,254,0,3930,241,0,0,0,0,0,1,0,0,0,0,518717484,2166161467,1048575,39454,0,3,-4340.878
518718469,1032,254,0,3930,268,0,0,0,0,0,1,0,0,0,0,518718515,2166161467,1048575,40482,0,3,-4339.846
518719437,968,254,0,3930,244,0,0,0,0,0,1,0,0,0,0,518719484,2166161467,1048575,41456,0,3,-4338.878
518720448,1011,254,0,3930,256,0,0,0,0,0,1,0,0,0,0,518720557,2166161467,1048575,42545,0,3,-4337.867
518721492,1044,254,0,3930,295,0,0,0,0,0,1,0,0,0,0,518721545,2166161467,1048575,43515,0,3,-4336.823
518722428,936,254,0,3930,238,0,0,0,0,0,1,0,0,0,0,518722470,2166161467,1048575,44433,0,3,-4335.887
518723426,998,254,0,3930,232,0,0,0,0,0,1,0,0,0,0,518723460,2166161467,1048575,45424,0,3,-4334.889
518724423,997,254,0,3930,230,0,0,0,0,0,1,0,0,0,0,518724454,2166161467,1048575,46418,0,3,-4333.892
518725422,999,254,0,3930,231,0,0,0,0,0,1,0,0,0,0,518725456,2166161467,1048575,47419,0,3,-4332.893
518726427,1005,254,0,3930,232,0,0,0,0,0,1,0,0,0,0,518726460,2166161467,1048575,48424,0,3,-4331.888
518727427,1000,254,0,3930,232,0,0,0,0,0,1,0,0,0,0,518727460,2166161467,1048575,49423,0,3,-4330.888
518728422,995,254,0,3930,230,0,0,0,0,0,1,0,0,0,0,518728454,2166161467,1048575,2,0,3,-4329.893
518729467,1045,254,0,3930,273,0,0,0,0,0,1,0,0,0,0,518729562,2166161467,1048575,563,0,3,-4328.848
518730528,1061,254,0,3930,328,0,0,0,0,0,1,0,0,0,0,518730676,2166161467,1048575,1702,0,3,-4327.787
518731532,1004,254,0,3930,336,0,0,0,0,0,1,0,0,0,0,518731624,2166161467,1048575,2621,0,3,-4326.783
518732458,926,254,0,3930,268,0,0,0,0,0,1,0,0,0,0,518732503,2166161467,1048575,3487,0,3,-4325.857
518733447,989,254,0,3930,248,0,0,0,0,0,1,0,0,0,0,518733496,2166161467,1048575,4483,0,3,-4324.868
518734463,1016,254,0,3930,262,0,0,0,0,0,1,0,0,0,0,518734506,2166161467,1048575,5489,0,3,-4323.852
518735441,978,254,0,3930,243,0,0,0,0,0,1,0,0,0,0,518735486,2166161467,1048575,6470,0,3,-4322.874
518736457,1016,254,0,3930,254,0,0,0,0,0,1,0,0,0,0,518736501,2166161467,1048575,7485,0,3,-4321.858
518737442,985,254,0,3930,240,0,0,0,0,0,1,0,0,0,0,518737487,2166161467,1048575,8471,0,3,-4320.873
518738456,1014,254,0,3930,265,0,0,0,0,0,1,0,0,0,0,518738496,2166161467,1048575,9475,0,3,-4319.859
518739440,984,254,0,3930,243,0,0,0,0,0,1,0,0,0,0,518739488,2166161467,1048575,10475,0,3,-4318.875
518740464,1024,254,0,3930,263,0,0,0,0,0,1,0,0,0,0,518740560,2166161467,1048575,11566,0,3,-4317.851
518741490,1026,254,0,3930,297,0,0,0,0,0,1,0,0,0,0,518741544,2166161467,1048575,12530,0,3,-4316.825
518742439,949,254,0,3930,237,0,0,0,0,0,1,0,0,0,0,518742481,2166161467,1048575,13459,0,3,-4315.876
518743425,986,254,0,3930,232,0,0,0,0,0,1,0,0,0,0,518743455,2166161467,1048575,14433,0,3,-4314.89
518744435,1010,254,0,3930,232,0,0,0,0,0,1,0,0,0,0,518744467,2166161467,1048575,15446,0,3,-4313.88
518745422,987,254,0,3930,232,0,0,0,0,0,1,0,0,0,0,518745452,2166161467,1048575,16430,0,3,-4312.893
518746433,1011,254,0,3930,233,0,0,0,0,0,1,0,0,0,0,518746467,2166161467,1048575,17446,0,3,-4311.882
518747423,990,254,0,3930,232,0,0,0,0,0,1,0,0,0,0,518747453,2166161467,1048575,18432,0,3,-4310.892
518748435,1012,254,0,3930,232,0,0,0,0,0,1,0,0,0,0,518748467,2166161467,1048575,19446,0,3,-4309.88
518749457,1022,254,0,3930,266,0,0,0,0,0,1,0,0,0,0,518749552,2166161467,1048575,20555,0,3,-4308.858
518750542,1085,254,0,3930,339,0,0,0,0,0,1,0,0,0,0,518750711,2166161467,1048575,21733,0,3,-4307.773
518751524,982,254,0,3930,329,0,0,0,0,0,1,0,0,0,0,518751607,2166161467,1048575,22606,0,3,-4306.791
518752471,947,254,0,3930,271,0,0,0,0,0,1,0,0,0,0,518752517,2166161467,1048575,23500,0,3,-4305.844
518753446,975,254,0,3930,244,0,0,0,0,0,1,0,0,0,0,518753495,2166161467,1048575,24479,0,3,-4304.869
518754468,1022,254,0,3930,271,0,0,0,0,0,1,0,0,0,0,518754518,2166161467,1048575,25500,0,3,-4303.847
518755447,979,254,0,3930,244,0,0,0,0,0,1,0,0,0,0,518755501,2166161467,1048575,26487,0,3,-4302.868
518756447,1000,254,0,3930,252,0,0,0,0,0,1,0,0,0,0,518756485,2166161467,1048575,27465,0,3,-4301.868
518757438,991,254,0,3930,243,0,0,0,0,0,1,0,0,0,0,518757491,2166161467,1048575,28476,0,3,-4300.877
518758456,1018,254,0,3930,266,0,0,0,0,0,1,0,0,0,0,518758496,2166161467,1048575,29475,0,3,-4299.859
518759447,991,254,0,3930,243,0,0,0,0,0,1,0,0,0,0,518759497,2166161467,1048575,30482,0,3,-4298.868
518760448,1001,254,0,3930,257,0,0,0,0,0,1,0,0,0,0,518760558,2166161467,1048575,31568,0,3,-4297.867
518761501,1053,254,0,3930,299,0,0,0,0,0,1,0,0,0,0,518761553,2166161467,1048575,32538,0,3,-4296.814
518762441,940,254,0,3930,237,0,0,0,0,0,1,0,0,0,0,518762484,2166161467,1048575,33463,0,3,-4295.874
518763428,987,254,0,3930,233,0,0,0,0,0,1,0,0,0,0,518763460,2166161467,1048575,34439,0,3,-4294.887
518764427,999,254,0,3930,232,0,0,0,0,0,1,0,0,0,0,518764460,2166161467,1048575,35438,0,3,-4293.888
518765427,1000,254,0,3930,233,0,0,0,0,0,1,0,0,0,0,518765459,2166161467,1048575,36437,0,3,-4292.888
518766434,1007,254,0,3930,234,0,0,0,0,0,1,0,0,0,0,518766468,2166161467,1048575,37447,0,3,-4291.881
518767426,992,254,0,3930,233,0,0,0,0,0,1,0,0,0,0,518767458,2166161467,1048575,38437,0,3,-4290.889
518768426,1000,254,0,3930,232,0,0,0,0,0,1,0,0,0,0,518768459,2166161467,1048575,39438,0,3,-4289.889
518769466,1040,254,0,3930,270,0,0,0,0,0,1,0,0,0,0,518769558,2166161467,1048575,40561,0,3,-4288.849
518770538,1072,254,0,3930,336,0,0,0,0,0,1,0,0,0,0,518770694,2166161467,1048575,41712,0,3,-4287.777
518771528,990,254,0,3930,334,0,0,0,0,0,1,0,0,0,0,518771613,2166161467,1048575,42617,0,3,-4286.787
518772460,932,254,0,3930,265,0,0,0,0,0,1,0,0,0,0,518772502,2166161467,1048575,43485,0,3,-4285.855
518773445,985,254,0,3930,245,0,0,0,0,0,1,0,0,0,0,518773492,2166161467,1048575,44476,0,3,-4284.87
518774463,1018,254,0,3930,267,0,0,0,0,0,1,0,0,0,0,518774509,2166161467,1048575,45491,0,3,-4283.852
518775449,986,254,0,3930,247,0,0,0,0,0,1,0,0,0,0,518775499,2166161467,1048575,46484,0,3,-4282.866
518776453,1004,254,0,3930,249,0,0,0,0,0,1,0,0,0,0,518776494,2166161467,1048575,47475,0,3,-4281.862
518777447,994,254,0,3930,244,0,0,0,0,0,1,0,0,0,0,518777494,2166161467,1048575,48478,0,3,-4280.868
518778463,1016,254,0,3930,264,0,0,0,0,0,1,0,0,0,0,518778504,2166161467,1048575,49486,0,3,-4279.852
518779436,973,254,0,3930,245,0,0,0,0,0,1,0,0,0,0,518779487,2166161467,1048575,1,0,3,-4278.879
518780461,1025,254,0,3930,261,0,0,0,0,0,1,0,0,0,0,518780588,2166161467,1048575,581,0,3,-4277.854
518781492,1031,254,0,3930,296,0,0,0,0,0,1,0,0,0,0,518781546,2166161467,1048575,1517,0,3,-4276.823
518782432,940,254,0,3930,236,0,0,0,0,0,1,0,0,0,0,518782464,2166161467,1048575,2432,0,3,-4275.883
518783432,1000,254,0,3930,233,0,0,0,0,0,1,0,0,0,0,518783464,2166161467,1048575,3430,0,3,-4274.883
518784423,991,254,0,3930,228,0,0,0,0,0,1,0,0,0,0,518784450,2166161467,1048575,4418,0,3,-4273.892
518785428,1005,254,0,3930,233,0,0,0,0,0,1,0,0,0,0,518785460,2166161467,1048575,5426,0,3,-4272.887
518786429,1001,254,0,3930,233,0,0,0,0,0,1,0,0,0,0,518786459,2166161467,1048575,6426,0,3,-4271.886
518787424,995,254,0,3930,233,0,0,0,0,0,1,0,0,0,0,518787456,2166161467,1048575,7423,0,3,-4270.891
518788418,994,254,0,3930,228,0,0,0,0,0,1,0,0,0,0,518788445,2166161467,1048575,8413,0,3,-4269.897
518789467,1049,254,0,3930,276,0,0,0,0,0,1,0,0,0,0,518789564,2166161467,1048575,9559,0,3,-4268.848
518790519,1052,254,0,3930,321,0,0,0,0,0,1,0,0,0,0,518790675,2166161467,1048575,10684,0,3,-4267.796
518791520,1001,254,0,3930,329,0,0,0,0,0,1,0,0,0,0,518791601,2166161467,1048575,11586,0,3,-4266.795
518792459,939,254,0,3930,268,0,0,0,0,0,1,0,0,0,0,518792508,2166161467,1048575,12483,0,3,-4265.856
518793435,976,254,0,3930,243,0,0,0,0,0,1,0,0,0,0,518793484,2166161467,1048575,13459,0,3,-4264.88
518794466,1031,254,0,3930,268,0,0,0,0,0,1,0,0,0,0,518794512,2166161467,1048575,14482,0,3,-4263.849
518795434,968,254,0,3930,244,0,0,0,0,0,1,0,0,0,0,518795488,2166161467,1048575,15464,0,3,-4262.881
518796444,1010,254,0,3930,252,0,0,0,0,0,1,0,0,0,0,518796481,2166161467,1048575,16450,0,3,-4261.871
518797448,1004,254,0,3930,244,0,0,0,0,0,1,0,0,0,0,518797496,2166161467,1048575,17469,0,3,-4260.867
518798466,1018,254,0,3930,264,0,0,0,0,0,1,0,0,0,0,518798507,2166161467,1048575,18476,0,3,-4259.849
518799435,969,254,0,3930,243,0,0,0,0,0,1,0,0,0,0,518799483,2166161467,1048575,19459,0,3,-4258.88
518800466,1031,254,0,3930,262,0,0,0,0,0,1,0,0,0,0,518800571,2166161467,1048575,20565,0,3,-4257.849
518801503,1037,254,0,3930,305,0,0,0,0,0,1,0,0,0,0,518801558,2166161467,1048575,21532,0,3,-4256.812
518802427,924,254,0,3930,237,0,0,0,0,0,1,0,0,0,0,518802469,2166161467,1048575,22436,0,3,-4255.888
518803428,1001,254,0,3930,232,0,0,0,0,0,1,0,0,0,0,518803461,2166161467,1048575,23429,0,3,-4254.887
518804427,999,254,0,3930,232,0,0,0,0,0,1,0,0,0,0,518804460,2166161467,1048575,24427,0,3,-4253.888
518805427,1000,254,0,3930,233,0,0,0,0,0,1,0,0,0,0,518805459,2166161467,1048575,25426,0,3,-4252.888
518806434,1007,254,0,3930,234,0,0,0,0,0,1,0,0,0,0,518806468,2166161467,1048575,26436,0,3,-4251.881
518807426,992,254,0,3930,233,0,0,0,0,0,1,0,0,0,0,518807458,2166161467,1048575,27426,0,3,-4250.889
518808426,1000,254,0,3930,232,0,0,0,0,0,1,0,0,0,0,518808459,2166161467,1048575,28427,0,3,-4249.889
518809464,1038,254,0,3930,269,0,0,0,0,0,1,0,0,0,0,518809555,2166161467,1048575,29546,0,3,-4248.851
518810529,1065,254,0,3930,331,0,0,0,0,0,1,0,0,0,0,518810676,2166161467,1048575,30678,0,3,-4247.786
518811558,1029,254,0,3930,354,0,0,0,0,0,1,0,0,0,0,518811651,2166161467,1048575,31640,0,3,-4246.757
518812474,916,254,0,3930,270,0,0,0,0,0,1,0,0,0,0,518812517,2166161467,1048575,32487,0,3,-4245.841
518813450,976,254,0,3930,246,0,0,0,0,0,1,0,0,0,0,518813498,2166161467,1048575,33472,0,3,-4244.865
518814465,1015,254,0,3930,264,0,0,0,0,0,1,0,0,0,0,518814513,2166161467,1048575,34484,0,3,-4243.85
518815450,985,254,0,3930,247,0,0,0,0,0,1,0,0,0,0,518815502,2166161467,1048575,35477,0,3,-4242.865
518816450,1000,254,0,3930,253,0,0,0,0,0,1,0,0,0,0,518816491,2166161467,1048575,36461,0,3,-4241.865
518817441,991,254,0,3930,240,0,0,0,0,0,1,0,0,0,0,518817485,2166161467,1048575,37458,0,3,-4240.874
518818469,1028,254,0,3930,267,0,0,0,0,0,1,0,0,0,0,518818511,2166161467,1048575,38482,0,3,-4239.846
518819448,979,254,0,3930,247,0,0,0,0,0,1,0,0,0,0,518819494,2166161467,1048575,39469,0,3,-4238.867
518820457,1009,254,0,3930,257,0,0,0,0,0,1,0,0,0,0,518820566,2166161467,1048575,40564,0,3,-4237.858
518821483,1026,254,0,3930,291,0,0,0,0,0,1,0,0,0,0,518821535,2166161467,1048575,41507,0,3,-4236.832
518822428,945,254,0,3930,237,0,0,0,0,0,1,0,0,0,0,518822469,2166161467,1048575,42437,0,3,-4235.887
518823428,1000,254,0,3930,232,0,0,0,0,0,1,0,0,0,0,518823461,2166161467,1048575,43428,0,3,-4234.887
518824423,995,254,0,3930,231,0,0,0,0,0,1,0,0,0,0,518824454,2166161467,1048575,44421,0,3,-4233.892
518825422,999,254,0,3930,231,0,0,0,0,0,1,0,0,0,0,518825455,2166161467,1048575,45423,0,3,-4232.893
518826423,1001,254,0,3930,232,0,0,0,0,0,1,0,0,0,0,518826457,2166161467,1048575,46425,0,3,-4231.892
518827426,1003,254,0,3930,232,0,0,0,0,0,1,0,0,0,0,518827459,2166161467,1048575,47427,0,3,-4230.889
518828422,996,254,0,3930,230,0,0,0,0,0,1,0,0,0,0,518828454,2166161467,1048575,48421,0,3,-4229.893
518829461,1039,254,0,3930,270,0,0,0,0,0,1,0,0,0,0,518829553,2166161467,1048575,49548,0,3,-4228.854
518830521,1060,254,0,3930,325,0,0,0,0,0,1,0,0,0,0,518830682,2166161467,1048575,2,0,3,-4227.794
518831807,1286,254,0,3930,344,0,0,0,0,0,1,0,0,0,0,518831894,2166161467,1048575,566,0,3,-4226.508
518832466,659,254,0,3930,263,0,0,0,0,0,1,0,0,0,0,518832522,2166161467,1048575,1160,0,3,-4225.849
518833462,996,254,0,3930,259,0,0,0,0,0,1,0,0,0,0,518833511,2166161467,1048575,2155,0,3,-4224.853
518834465,1003,254,0,3930,270,0,0,0,0,0,1,0,0,0,0,518834518,2166161467,1048575,3157,0,3,-4223.85
518835460,995,254,0,3930,256,0,0,0,0,0,1,0,0,0,0,518835511,2166161467,1048575,4155,0,3,-4222.855
518836449,989,254,0,3930,252,0,0,0,0,0,1,0,0,0,0,518836495,2166161467,1048575,5132,0,3,-4221.866
518837456,1007,254,0,3930,258,0,0,0,0,0,1,0,0,0,0,518837506,2166161467,1048575,6147,0,3,-4220.859
518838458,1002,254,0,3930,265,0,0,0,0,0,1,0,0,0,0,518838511,2166161467,1048575,7153,0,3,-4219.857
518839446,988,254,0,3930,253,0,0,0,0,0,1,0,0,0,0,518839494,2166161467,1048575,8135,0,3,-4218.869
518840463,1017,254,0,3930,267,0,0,0,0,0,1,0,0,0,0,518840570,2166161467,1048575,9226,0,3,-4217.852
518841495,1032,254,0,3930,301,0,0,0,0,0,1,0,0,0,0,518841550,2166161467,1048575,10189,0,3,-4216.82
518842433,938,254,0,3930,234,0,0,0,0,0,1,0,0,0,0,518842464,2166161467,1048575,11097,0,3,-4215.882
518843431,998,254,0,3930,233,0,0,0,0,0,1,0,0,0,0,518843462,2166161467,1048575,12094,0,3,-4214.884
518844420,989,254,0,3930,229,0,0,0,0,0,1,0,0,0,0,518844448,2166161467,1048575,13082,0,3,-4213.895
518845429,1009,254,0,3930,232,0,0,0,0,0,1,0,0,0,0,518845460,2166161467,1048575,14092,0,3,-4212.886
518846428,999,254,0,3930,231,0,0,0,0,0,1,0,0,0,0,518846458,2166161467,1048575,15091,0,3,-4211.887
518847424,996,254,0,3930,232,0,0,0,0,0,1,0,0,0,0,518847455,2166161467,1048575,16087,0,3,-4210.891
518848431,1007,254,0,3930,228,0,0,0,0,0,1,0,0,0,0,518848459,2166161467,1048575,17093,0,3,-4209.884
518849462,1031,254,0,3930,267,0,0,0,0,0,1,0,0,0,0,518849560,2166161467,1048575,18218,0,3,-4208.853
518850522,1060,254,0,3930,317,0,0,0,0,0,1,0,0,0,0,518850661,2166161467,1048575,19330,0,3,-4207.793
518851543,1021,254,0,3930,350,0,0,0,0,0,1,0,0,0,0,518851637,2166161467,1048575,20287,0,3,-4206.772
518852469,926,254,0,3930,274,0,0,0,0,0,1,0,0,0,0,518852515,2166161467,1048575,21153,0,3,-4205.846
518853438,969,254,0,3930,245,0,0,0,0,0,1,0,0,0,0,518853487,2166161467,1048575,22127,0,3,-4204.877
518854468,1030,254,0,3930,267,0,0,0,0,0,1,0,0,0,0,518854515,2166161467,1048575,23152,0,3,-4203.847
518855453,985,254,0,3930,249,0,0,0,0,0,1,0,0,0,0,518855504,2166161467,1048575,24143,0,3,-4202.862
518856447,994,254,0,3930,248,0,0,0,0,0,1,0,0,0,0,518856483,2166161467,1048575,25119,0,3,-4201.868
518857439,992,254,0,3930,246,0,0,0,0,0,1,0,0,0,0,518857487,2166161467,1048575,26127,0,3,-4200.876
518858458,1019,254,0,3930,265,0,0,0,0,0,1,0,0,0,0,518858507,2166161467,1048575,27144,0,3,-4199.857
518859442,984,254,0,3930,247,0,0,0,0,0,1,0,0,0,0,518859489,2166161467,1048575,28129,0,3,-4198.873
518860462,1020,254,0,3930,265,0,0,0,0,0,1,0,0,0,0,518860570,2166161467,1048575,29237,0,3,-4197.853
518861499,1037,254,0,3930,296,0,0,0,0,0,1,0,0,0,0,518861549,2166161467,1048575,30182,0,3,-4196.816
518862429,930,254,0,3930,230,0,0,0,0,0,1,0,0,0,0,518862465,2166161467,1048575,31099,0,3,-4195.886
518863426,997,254,0,3930,234,0,0,0,0,0,1,0,0,0,0,518863458,2166161467,1048575,32090,0,3,-4194.889
518864420,994,254,0,3930,229,0,0,0,0,0,1,0,0,0,0,518864446,2166161467,1048575,33080,0,3,-4193.895
518865427,1007,254,0,3930,232,0,0,0,0,0,1,0,0,0,0,518865459,2166161467,1048575,34092,0,3,-4192.888
518866425,998,254,0,3930,229,0,0,0,0,0,1,0,0,0,0,518866454,2166161467,1048575,35087,0,3,-4191.89
518867425,1000,254,0,3930,234,0,0,0,0,0,1,0,0,0,0,518867458,2166161467,1048575,36090,0,3,-4190.89
518868420,995,254,0,3930,229,0,0,0,0,0,1,0,0,0,0,518868447,2166161467,1048575,37080,0,3,-4189.895
518869483,1063,254,0,3930,283,0,0,0,0,0,1,0,0,0,0,518869595,2166161467,1048575,38260,0,3,-4188.832
518870529,1046,254,0,3930,325,0,0,0,0,0,1,0,0,0,0,518870664,2166161467,1048575,39332,0,3,-4187.786
518871527,998,254,0,3930,331,0,0,0,0,0,1,0,0,0,0,518871619,2166161467,1048575,40278,0,3,-4186.788
518872480,953,254,0,3930,276,0,0,0,0,0,1,0,0,0,0,518872529,2166161467,1048575,41166,0,3,-4185.835
518873443,963,254,0,3930,245,0,0,0,0,0,1,0,0,0,0,518873490,2166161467,1048575,42130,0,3,-4184.872
518874467,1024,254,0,3930,264,0,0,0,0,0,1,0,0,0,0,518874514,2166161467,1048575,43148,0,3,-4183.848
518875440,973,254,0,3930,245,0,0,0,0,0,1,0,0,0,0,518875490,2166161467,1048575,44130,0,3,-4182.875
518876446,1006,254,0,3930,251,0,0,0,0,0,1,0,0,0,0,518876489,2166161467,1048575,45125,0,3,-4181.869
518877444,998,254,0,3930,243,0,0,0,0,0,1,0,0,0,0,518877490,2166161467,1048575,46129,0,3,-4180.871
518878458,1014,254,0,3930,265,0,0,0,0,0,1,0,0,0,0,518878504,2166161467,1048575,47138,0,3,-4179.857
518879437,979,254,0,3930,244,0,0,0,0,0,1,0,0,0,0,518879484,2166161467,1048575,48124,0,3,-4178.878
518880469,1032,254,0,3930,267,0,0,0,0,0,1,0,0,0,0,518880574,2166161467,1048575,49237,0,3,-4177.846
518881485,1016,254,0,3930,294,0,0,0,0,0,1,0,0,0,0,518881542,2166161467,1048575,1,0,3,-4176.83
518882434,949,254,0,3930,236,0,0,0,0,0,1,0,0,0,0,518882480,2166161467,1048575,399,0,3,-4175.881
518883433,999,254,0,3930,240,0,0,0,0,0,1,0,0,0,0,518883465,2166161467,1048575,1383,0,3,-4174.882
518884435,1002,254,0,3930,232,0,0,0,0,0,1,0,0,0,0,518884467,2166161467,1048575,2385,0,3,-4173.88
518885430,995,254,0,3930,231,0,0,0,0,0,1,0,0,0,0,518885460,2166161467,1048575,3377,0,3,-4172.885
518886434,1004,254,0,3930,235,0,0,0,0,0,1,0,0,0,0,518886471,2166161467,1048575,4389,0,3,-4171.881
518887425,991,254,0,3930,232,0,0,0,0,0,1,0,0,0,0,518887455,2166161467,1048575,5372,0,3,-4170.89
518888423,998,254,0,3930,232,0,0,0,0,0,1,0,0,0,0,518888456,2166161467,1048575,6373,0,3,-4169.892
518889478,1055,254,0,3930,283,0,0,0,0,0,1,0,0,0,0,518889565,2166161467,1048575,7508,0,3,-4168.837
518890534,1056,254,0,3930,332,0,0,0,0,0,1,0,0,0,0,518890683,2166161467,1048575,8636,0,3,-4167.781
518891527,993,254,0,3930,329,0,0,0,0,0,1,0,0,0,0,518891613,2166161467,1048575,9548,0,3,-4166.788
518892467,940,254,0,3930,276,0,0,0,0,0,1,0,0,0,0,518892514,2166161467,1048575,10438,0,3,-4165.848
518893443,976,254,0,3930,244,0,0,0,0,0,1,0,0,0,0,518893495,2166161467,1048575,11419,0,3,-4164.872
518894466,1023,254,0,3930,269,0,0,0,0,0,1,0,0,0,0,518894509,2166161467,1048575,12430,0,3,-4163.849
518895440,974,254,0,3930,241,0,0,0,0,0,1,0,0,0,0,518895496,2166161467,1048575,13420,0,3,-4162.875
518896443,1003,254,0,3930,251,0,0,0,0,0,1,0,0,0,0,518896481,2166161467,1048575,14401,0,3,-4161.872
518897437,994,254,0,3930,244,0,0,0,0,0,1,0,0,0,0,518897485,2166161467,1048575,15408,0,3,-4160.878
518898464,1027,254,0,3930,264,0,0,0,0,0,1,0,0,0,0,518898507,2166161467,1048575,16426,0,3,-4159.851
518899440,976,254,0,3930,245,0,0,0,0,0,1,0,0,0,0,518899489,2166161467,1048575,17412,0,3,-4158.875
518900454,1014,254,0,3930,261,0,0,0,0,0,1,0,0,0,0,518900566,2166161467,1048575,18522,0,3,-4157.861
518901488,1034,254,0,3930,295,0,0,0,0,0,1,0,0,0,0,518901533,2166161467,1048575,19451,0,3,-4156.827
518902430,942,254,0,3930,239,0,0,0,0,0,1,0,0,0,0,518902471,2166161467,1048575,20389,0,3,-4155.885
518903428,998,254,0,3930,233,0,0,0,0,0,1,0,0,0,0,518903460,2166161467,1048575,21377,0,3,-4154.887
518904427,999,254,0,3930,232,0,0,0,0,0,1,0,0,0,0,518904459,2166161467,1048575,22377,0,3,-4153.888
518905427,1000,254,0,3930,233,0,0,0,0,0,1,0,0,0,0,518905459,2166161467,1048575,23376,0,3,-4152.888
518906434,1007,254,0,3930,234,0,0,0,0,0,1,0,0,0,0,518906467,2166161467,1048575,24385,0,3,-4151.881
518907426,992,254,0,3930,233,0,0,0,0,0,1,0,0,0,0,518907459,2166161467,1048575,25376,0,3,-4150.889
518908426,1000,254,0,3930,232,0,0,0,0,0,1,0,0,0,0,518908459,2166161467,1048575,26376,0,3,-4149.889
518909471,1045,254,0,3930,275,0,0,0,0,0,1,0,0,0,0,518909578,2166161467,1048575,27525,0,3,-4148.844
518910519,1048,254,0,3930,325,0,0,0,0,0,1,0,0,0,0,518910662,2166161467,1048575,28619,0,3,-4147.796
518911519,1000,254,0,3930,326,0,0,0,0,0,1,0,0,0,0,518911607,2166161467,1048575,29552,0,3,-4146.796
518912481,962,254,0,3930,277,0,0,0,0,0,1,0,0,0,0,518912527,2166161467,1048575,30448,0,3,-4145.834
518913438,957,254,0,3930,245,0,0,0,0,0,1,0,0,0,0,518913487,2166161467,1048575,31412,0,3,-4144.877
518914465,1027,254,0,3930,264,0,0,0,0,0,1,0,0,0,0,518914511,2166161467,1048575,32431,0,3,-4143.85
518915452,987,254,0,3930,248,0,0,0,0,0,1,0,0,0,0,518915499,2166161467,1048575,33422,0,3,-4142.863
518916437,985,254,0,3930,246,0,0,0,0,0,1,0,0,0,0,518916480,2166161467,1048575,34400,0,3,-4141.878
518917443,1006,254,0,3930,244,0,0,0,0,0,1,0,0,0,0,518917487,2166161467,1048575,35410,0,3,-4140.872
518918455,1012,254,0,3930,263,0,0,0,0,0,1,0,0,0,0,518918499,2166161467,1048575,36420,0,3,-4139.86
518919438,983,254,0,3930,243,0,0,0,0,0,1,0,0,0,0,518919482,2166161467,1048575,37405,0,3,-4138.877
518920462,1024,254,0,3930,262,0,0,0,0,0,1,0,0,0,0,518920576,2166161467,1048575,38524,0,3,-4137.853
518921491,1029,254,0,3930,298,0,0,0,0,0,1,0,0,0,0,518921543,2166161467,1048575,39464,0,3,-4136.824
518922432,941,254,0,3930,234,0,0,0,0,0,1,0,0,0,0,518922469,2166161467,1048575,40386,0,3,-4135.883
518923424,992,254,0,3930,233,0,0,0,0,0,1,0,0,0,0,518923456,2166161467,1048575,41373,0,3,-4134.891
518924417,993,254,0,3930,229,0,0,0,0,0,1,0,0,0,0,518924444,2166161467,1048575,42362,0,3,-4133.898
518925425,1008,254,0,3930,233,0,0,0,0,0,1,0,0,0,0,518925457,2166161467,1048575,43373,0,3,-4132.89
518926424,999,254,0,3930,230,0,0,0,0,0,1,0,0,0,0,518926453,2166161467,1048575,44371,0,3,-4131.891
518927424,1000,254,0,3930,233,0,0,0,0,0,1,0,0,0,0,518927456,2166161467,1048575,45372,0,3,-4130.891
518928417,993,254,0,3930,229,0,0,0,0,0,1,0,0,0,0,518928444,2166161467,1048575,46362,0,3,-4129.898
518929463,1046,254,0,3930,270,0,0,0,0,0,1,0,0,0,0,518929559,2166161467,1048575,47501,0,3,-4128.852
518930515,1052,254,0,3930,324,0,0,0,0,0,1,0,0,0,0,518930652,2166161467,1048575,48603,0,3,-4127.8
518931538,1023,254,0,3930,339,0,0,0,0,0,1,0,0,0,0,518931632,2166161467,1048575,49570,0,3,-4126.777
518932470,932,254,0,3930,278,0,0,0,0,0,1,0,0,0,0,518932519,2166161467,1048575,1,0,3,-4125.845
518933446,976,254,0,3930,250,0,0,0,0,0,1,0,0,0,0,518933501,2166161467,1048575,446,0,3,-4124.869
518934473,1027,254,0,3930,271,0,0,0,0,0,1,0,0,0,0,518934518,2166161467,1048575,1457,0,3,-4123.842
518935438,965,254,0,3930,247,0,0,0,0,0,1,0,0,0,0,518935489,2166161467,1048575,2434,0,3,-4122.877
518936440,1002,254,0,3930,250,0,0,0,0,0,1,0,0,0,0,518936480,2166161467,1048575,3420,0,3,-4121.875
518937448,1008,254,0,3930,245,0,0,0,0,0,1,0,0,0,0,518937493,2166161467,1048575,4437,0,3,-4120.867
518938461,1013,254,0,3930,263,0,0,0,0,0,1,0,0,0,0,518938507,2166161467,1048575,5450,0,3,-4119.854
518939447,986,254,0,3930,248,0,0,0,0,0,1,0,0,0,0,518939493,2166161467,1048575,6439,0,3,-4118.868
518940459,1012,254,0,3930,258,0,0,0,0,0,1,0,0,0,0,518940570,2166161467,1048575,7540,0,3,-4117.856
518941491,1032,254,0,3930,299,0,0,0,0,0,1,0,0,0,0,518941540,2166161467,1048575,8479,0,3,-4116.824
518942437,946,254,0,3930,238,0,0,0,0,0,1,0,0,0,0,518942472,2166161467,1048575,9411,0,3,-4115.878
518943427,990,254,0,3930,233,0,0,0,0,0,1,0,0,0,0,518943459,2166161467,1048575,10396,0,3,-4114.888
518944418,991,254,0,3930,228,0,0,0,0,0,1,0,0,0,0,518944445,2166161467,1048575,11384,0,3,-4113.897
518945426,1008,254,0,3930,232,0,0,0,0,0,1,0,0,0,0,518945458,2166161467,1048575,12396,0,3,-4112.889
518946426,1000,254,0,3930,231,0,0,0,0,0,1,0,0,0,0,518946454,2166161467,1048575,13392,0,3,-4111.889
518947425,999,254,0,3930,233,0,0,0,0,0,1,0,0,0,0,518947457,2166161467,1048575,14395,0,3,-4110.89
518948418,993,254,0,3930,228,0,0,0,0,0,1,0,0,0,0,518948446,2166161467,1048575,15384,0,3,-4109.897
518949470,1052,254,0,3930,276,0,0,0,0,0,1,0,0,0,0,518949583,2166161467,1048575,16551,0,3,-4108.845
518950521,1051,254,0,3930,326,0,0,0,0,0,1,0,0,0,0,518950669,2166161467,1048575,17644,0,3,-4107.794
518951526,1005,254,0,3930,331,0,0,0,0,0,1,0,0,0,0,518951612,2166161467,1048575,18575,0,3,-4106.789
518952478,952,254,0,3930,276,0,0,0,0,0,1,0,0,0,0,518952524,2166161467,1048575,19468,0,3,-4105.837
518953441,963,254,0,3930,246,0,0,0,0,0,1,0,0,0,0,518953490,2166161467,1048575,20436,0,3,-4104.874
518954462,1021,254,0,3930,265,0,0,0,0,0,1,0,0,0,0,518954508,2166161467,1048575,21450,0,3,-4103.853
518955438,976,254,0,3930,244,0,0,0,0,0,1,0,0,0,0,518955485,2166161467,1048575,22430,0,3,-4102.877
518956451,1013,254,0,3930,251,0,0,0,0,0,1,0,0,0,0,518956490,2166161467,1048575,23429,0,3,-4101.864
518957444,993,254,0,3930,244,0,0,0,0,0,1,0,0,0,0,518957491,2166161467,1048575,24435,0,3,-4100.871
518958457,1013,254,0,3930,266,0,0,0,0,0,1,0,0,0,0,518958499,2166161467,1048575,25441,0,3,-4099.858
518959438,981,254,0,3930,247,0,0,0,0,0,1,0,0,0,0,518959485,2166161467,1048575,26429,0,3,-4098.877
518960450,1012,254,0,3930,260,0,0,0,0,0,1,0,0,0,0,518960567,2166161467,1048575,27539,0,3,-4097.865
518961492,1042,254,0,3930,301,0,0,0,0,0,1,0,0,0,0,518961545,2166161467,1048575,28487,0,3,-4096.823
518962436,944,254,0,3930,235,0,0,0,0,0,1,0,0,0,0,518962477,2166161467,1048575,29415,0,3,-4095.879
518963430,994,254,0,3930,232,0,0,0,0,0,1,0,0,0,0,518963463,2166161467,1048575,30402,0,3,-4094.885
518964425,995,254,0,3930,231,0,0,0,0,0,1,0,0,0,0,518964456,2166161467,1048575,31394,0,3,-4093.89
518965425,1000,254,0,3930,232,0,0,0,0,0,1,0,0,0,0,518965458,2166161467,1048575,32396,0,3,-4092.89
518966430,1005,254,0,3930,232,0,0,0,0,0,1,0,0,0,0,518966463,2166161467,1048575,33401,0,3,-4091.885
518967430,1000,254,0,3930,232,0,0,0,0,0,1,0,0,0,0,518967463,2166161467,1048575,34401,0,3,-4090.885
518968424,994,254,0,3930,230,0,0,0,0,0,1,0,0,0,0,518968455,2166161467,1048575,35394,0,3,-4089.891
518969460,1036,254,0,3930,268,0,0,0,0,0,1,0,0,0,0,518969559,2166161467,1048575,36525,0,3,-4088.855
518970525,1065,254,0,3930,328,0,0,0,0,0,1,0,0,0,0,518970665,2166161467,1048575,37636,0,3,-4087.79
518971539,1014,254,0,3930,341,0,0,0,0,0,1,0,0,0,0,518971633,2166161467,1048575,38590,0,3,-4086.776
518972475,936,254,0,3930,278,0,0,0,0,0,1,0,0,0,0,518972523,2166161467,1048575,39463,0,3,-4085.84
518973448,973,254,0,3930,247,0,0,0,0,0,1,0,0,0,0,518973493,2166161467,1048575,40437,0,3,-4084.867
518974462,1014,254,0,3930,264,0,0,0,0,0,1,0,0,0,0,518974507,2166161467,1048575,41448,0,3,-4083.853
518975439,977,254,0,3930,248,0,0,0,0,0,1,0,0,0,0,518975487,2166161467,1048575,42431,0,3,-4082.876
518976444,1005,254,0,3930,249,0,0,0,0,0,1,0,0,0,0,518976485,2166161467,1048575,43424,0,3,-4081.871
518977445,1001,254,0,3930,241,0,0,0,0,0,1,0,0,0,0,518977491,2166161467,1048575,44437,0,3,-4080.87
518978458,1013,254,0,3930,266,0,0,0,0,0,1,0,0,0,0,518978503,2166161467,1048575,45445,0,3,-4079.857
518979442,984,254,0,3930,247,0,0,0,0,0,1,0,0,0,0,518979489,2166161467,1048575,46433,0,3,-4078.873
518980456,1014,254,0,3930,261,0,0,0,0,0,1,0,0,0,0,518980560,2166161467,1048575,47530,0,3,-4077.859
518981486,1030,254,0,3930,294,0,0,0,0,0,1,0,0,0,0,518981535,2166161467,1048575,48474,0,3,-4076.829
518982436,950,254,0,3930,235,0,0,0,0,0,1,0,0,0,0,518982471,2166161467,1048575,49410,0,3,-4075.879
518983426,990,254,0,3930,233,0,0,0,0,0,1,0,0,0,0,518983458,2166161467,1048575,1,0,3,-4074.889
518984435,1009,254,0,3930,239,0,0,0,0,0,1,0,0,0,0,518984478,2166161467,1048575,494,0,3,-4073.88
518985435,1000,254,0,3930,235,0,0,0,0,0,1,0,0,0,0,518985465,2166161467,1048575,1480,0,3,-4072.88
518986435,1000,254,0,3930,234,0,0,0,0,0,1,0,0,0,0,518986470,2166161467,1048575,2484,0,3,-4071.88
518987423,988,254,0,3930,232,0,0,0,0,0,1,0,0,0,0,518987453,2166161467,1048575,3468,0,3,-4070.892
518988423,1000,254,0,3930,232,0,0,0,0,0,1,0,0,0,0,518988456,2166161467,1048575,4470,0,3,-4069.892
518989469,1046,254,0,3930,277,0,0,0,0,0,1,0,0,0,0,518989566,2166161467,1048575,5603,0,3,-4068.846
518990530,1061,254,0,3930,332,0,0,0,0,0,1,0,0,0,0,518990679,2166161467,1048575,6737,0,3,-4067.785
518991526,996,254,0,3930,327,0,0,0,0,0,1,0,0,0,0,518991608,2166161467,1048575,7639,0,3,-4066.789
518992467,941,254,0,3930,274,0,0,0,0,0,1,0,0,0,0,518992516,2166161467,1048575,8539,0,3,-4065.848
518993437,970,254,0,3930,244,0,0,0,0,0,1,0,0,0,0,518993485,2166161467,1048575,9506,0,3,-4064.878
518994467,1030,254,0,3930,269,0,0,0,0,0,1,0,0,0,0,518994512,2166161467,1048575,10531,0,3,-4063.848
518995435,968,254,0,3930,243,0,0,0,0,0,1,0,0,0,0,518995490,2166161467,1048575,11512,0,3,-4062.88
518996447,1012,254,0,3930,252,0,0,0,0,0,1,0,0,0,0,518996485,2166161467,1048575,12501,0,3,-4061.868
518997442,995,254,0,3930,243,0,0,0,0,0,1,0,0,0,0,518997490,2166161467,1048575,13511,0,3,-4060.873
518998457,1015,254,0,3930,267,0,0,0,0,0,1,0,0,0,0,518998498,2166161467,1048575,14513,0,3,-4059.858
518999441,984,254,0,3930,240,0,0,0,0,0,1,0,0,0,0,518999490,2166161467,1048575,15510,0,3,-4058.874
519000461,1020,254,0,3930,261,0,0,0,0,0,1,0,0,0,0,519000578,2166161467,1048575,16629,0,3,-4057.854
519001498,1037,254,0,3930,301,0,0,0,0,0,1,0,0,0,0,519001549,2166161467,1048575,17568,0,3,-4056.817
519002439,941,254,0,3930,236,0,0,0,0,0,1,0,0,0,0,519002481,2166161467,1048575,18496,0,3,-4055.876
519003426,987,254,0,3930,233,0,0,0,0,0,1,0,0,0,0,519003458,2166161467,1048575,19473,0,3,-4054.889
519004427,1001,254,0,3930,233,0,0,0,0,0,1,0,0,0,0,519004459,2166161467,1048575,20474,0,3,-4053.888
519005427,1000,254,0,3930,233,0,0,0,0,0,1,0,0,0,0,519005459,2166161467,1048575,21473,0,3,-4052.888
519006434,1007,254,0,3930,234,0,0,0,0,0,1,0,0,0,0,519006468,2166161467,1048575,22483,0,3,-4051.881
519007426,992,254,0,3930,233,0,0,0,0,0,1,0,0,0,0,519007458,2166161467,1048575,23473,0,3,-4050.889
519008426,1000,254,0,3930,232,0,0,0,0,0,1,0,0,0,0,519008459,2166161467,1048575,24474,0,3,-4049.889
519009469,1043,254,0,3930,273,0,0,0,0,0,1,0,0,0,0,519009567,2166161467,1048575,25612,0,3,-4048.846
519010528,1059,254,0,3930,326,0,0,0,0,0,1,0,0,0,0,519010663,2166161467,1048575,26708,0,3,-4047.787
519011528,1000,254,0,3930,332,0,0,0,0,0,1,0,0,0,0,519011622,2166161467,1048575,27657,0,3,-4046.787
519012470,942,254,0,3930,277,0,0,0,0,0,1,0,0,0,0,519012518,2166161467,1048575,28534,0,3,-4045.845
519013441,971,254,0,3930,246,0,0,0,0,0,1,0,0,0,0,519013487,2166161467,1048575,29507,0,3,-4044.874
519014466,1025,254,0,3930,267,0,0,0,0,0,1,0,0,0,0,519014513,2166161467,1048575,30532,0,3,-4043.849
519015450,984,254,0,3930,247,0,0,0,0,0,1,0,0,0,0,519015501,2166161467,1048575,31522,0,3,-4042.865
519016444,994,254,0,3930,250,0,0,0,0,0,1,0,0,0,0,519016485,2166161467,1048575,32502,0,3,-4041.871
519017438,994,254,0,3930,240,0,0,0,0,0,1,0,0,0,0,519017484,2166161467,1048575,33506,0,3,-4040.877
519018467,1029,254,0,3930,265,0,0,0,0,0,1,0,0,0,0,519018511,2166161467,1048575,34529,0,3,-4039.848
519019437,970,254,0,3930,241,0,0,0,0,0,1,0,0,0,0,519019482,2166161467,1048575,35503,0,3,-4038.878
519020460,1023,254,0,3930,260,0,0,0,0,0,1,0,0,0,0,519020568,2166161467,1048575,36611,0,3,-4037.855
519021501,1041,254,0,3930,297,0,0,0,0,0,1,0,0,0,0,519021548,2166161467,1048575,37564,0,3,-4036.814
519022432,931,254,0,3930,233,0,0,0,0,0,1,0,0,0,0,519022468,2166161467,1048575,38483,0,3,-4035.883
519023424,992,254,0,3930,233,0,0,0,0,0,1,0,0,0,0,519023456,2166161467,1048575,39469,0,3,-4034.891
519024431,1007,254,0,3930,228,0,0,0,0,0,1,0,0,0,0,519024458,2166161467,1048575,40473,0,3,-4033.884
519025425,994,254,0,3930,233,0,0,0,0,0,1,0,0,0,0,519025457,2166161467,1048575,41470,0,3,-4032.89
519026424,999,254,0,3930,230,0,0,0,0,0,1,0,0,0,0,519026453,2166161467,1048575,42467,0,3,-4031.891
519027436,1012,254,0,3930,233,0,0,0,0,0,1,0,0,0,0,519027468,2166161467,1048575,43482,0,3,-4030.879
519028426,990,254,0,3930,229,0,0,0,0,0,1,0,0,0,0,519028453,2166161467,1048575,44467,0,3,-4029.889
519029488,1062,254,0,3930,286,0,0,0,0,0,1,0,0,0,0,519029595,2166161467,1048575,45639,0,3,-4028.827
519030523,1035,254,0,3930,322,0,0,0,0,0,1,0,0,0,0,519030665,2166161467,1048575,46714,0,3,-4027.792
519031525,1002,254,0,3930,326,0,0,0,0,0,1,0,0,0,0,519031611,2166161467,1048575,47653,0,3,-4026.79
519032470,945,254,0,3930,278,0,0,0,0,0,1,0,0,0,0,519032515,2166161467,1048575,48533,0,3,-4025.845
519033444,974,254,0,3930,246,0,0,0,0,0,1,0,0,0,0,519033493,2166161467,1048575,49515,0,3,-4024.871
519034464,1020,254,0,3930,262,0,0,0,0,0,1,0,0,0,0,519034511,2166161467,1048575,2,0,3,-4023.851
519035446,982,254,0,3930,250,0,0,0,0,0,1,0,0,0,0,519035497,2166161467,1048575,444,0,3,-4022.869
519036450,1004,254,0,3930,258,0,0,0,0,0,1,0,0,0,0,519036501,2166161467,1048575,1449,0,3,-4021.865
519037445,995,254,0,3930,244,0,0,0,0,0,1,0,0,0,0,519037487,2166161467,1048575,2436,0,3,-4020.87
519038455,1010,254,0,3930,261,0,0,0,0,0,1,0,0,0,0,519038502,2166161467,1048575,3450,0,3,-4019.86
519039440,985,254,0,3930,246,0,0,0,0,0,1,0,0,0,0,519039488,2166161467,1048575,4439,0,3,-4018.875
519040469,1029,254,0,3930,268,0,0,0,0,0,1,0,0,0,0,519040588,2166161467,1048575,5563,0,3,-4017.846
519041492,1023,254,0,3930,301,0,0,0,0,0,1,0,0,0,0,519041549,2166161467,1048575,6494,0,3,-4016.823
519042436,944,254,0,3930,236,0,0,0,0,0,1,0,0,0,0,519042470,2166161467,1048575,7413,0,3,-4015.879
519043424,988,254,0,3930,232,0,0,0,0,0,1,0,0,0,0,519043457,2166161467,1048575,8400,0,3,-4014.891
519044417,993,254,0,3930,228,0,0,0,0,0,1,0,0,0,0,519044444,2166161467,1048575,9388,0,3,-4013.898
519045425,1008,254,0,3930,232,0,0,0,0,0,1,0,0,0,0,519045457,2166161467,1048575,10399,0,3,-4012.89
519046424,999,254,0,3930,230,0,0,0,0,0,1,0,0,0,0,519046453,2166161467,1048575,11397,0,3,-4011.891
519047424,1000,254,0,3930,233,0,0,0,0,0,1,0,0,0,0,519047456,2166161467,1048575,12398,0,3,-4010.891
519048417,993,254,0,3930,228,0,0,0,0,0,1,0,0,0,0,519048444,2166161467,1048575,13388,0,3,-4009.898
519049464,1047,254,0,3930,270,0,0,0,0,0,1,0,0,0,0,519049554,2166161467,1048575,14520,0,3,-4008.851
519050536,1072,254,0,3930,336,0,0,0,0,0,1,0,0,0,0,519050684,2166161467,1048575,15666,0,3,-4007.779
519051517,981,254,0,3930,326,0,0,0,0,0,1,0,0,0,0,519051598,2166161467,1048575,16560,0,3,-4006.798
519052471,954,254,0,3930,277,0,0,0,0,0,1,0,0,0,0,519052521,2166161467,1048575,17470,0,3,-4005.844
519053437,966,254,0,3930,244,0,0,0,0,0,1,0,0,0,0,519053485,2166161467,1048575,18435,0,3,-4004.878
519054462,1025,254,0,3930,266,0,0,0,0,0,1,0,0,0,0,519054507,2166161467,1048575,19454,0,3,-4003.853
519055441,979,254,0,3930,247,0,0,0,0,0,1,0,0,0,0,519055492,2166161467,1048575,20442,0,3,-4002.874
519056442,1001,254,0,3930,250,0,0,0,0,0,1,0,0,0,0,519056480,2166161467,1048575,21426,0,3,-4001.873
519057441,999,254,0,3930,240,0,0,0,0,0,1,0,0,0,0,519057487,2166161467,1048575,22437,0,3,-4000.874
519058464,1023,254,0,3930,262,0,0,0,0,0,1,0,0,0,0,519058503,2166161467,1048575,23447,0,3,-3999.851
519059435,971,254,0,3930,245,0,0,0,0,0,1,0,0,0,0,519059486,2166161467,1048575,24437,0,3,-3998.88
519060457,1022,254,0,3930,256,0,0,0,0,0,1,0,0,0,0,519060564,2166161467,1048575,25539,0,3,-3997.858
519061485,1028,254,0,3930,295,0,0,0,0,0,1,0,0,0,0,519061535,2166161467,1048575,26482,0,3,-3996.83
519062436,951,254,0,3930,237,0,0,0,0,0,1,0,0,0,0,519062477,2166161467,1048575,27420,0,3,-3995.879
519063432,996,254,0,3930,232,0,0,0,0,0,1,0,0,0,0,519063464,2166161467,1048575,28408,0,3,-3994.883
519064431,999,254,0,3930,233,0,0,0,0,0,1,0,0,0,0,519064463,2166161467,1048575,29407,0,3,-3993.884
519065430,999,254,0,3930,233,0,0,0,0,0,1,0,0,0,0,519065462,2166161467,1048575,30405,0,3,-3992.885
519066436,1006,254,0,3930,235,0,0,0,0,0,1,0,0,0,0,519066471,2166161467,1048575,31414,0,3,-3991.879
519067428,992,254,0,3930,233,0,0,0,0,0,1,0,0,0,0,519067460,2166161467,1048575,32404,0,3,-3990.887
519068427,999,254,0,3930,232,0,0,0,0,0,1,0,0,0,0,519068460,2166161467,1048575,33403,0,3,-3989.888
519069471,1044,254,0,3930,274,0,0,0,0,0,1,0,0,0,0,519069580,2166161467,1048575,34553,0,3,-3988.844
519070519,1048,254,0,3930,328,0,0,0,0,0,1,0,0,0,0,519070659,2166161467,1048575,35642,0,3,-3987.796
519071523,1004,254,0,3930,327,0,0,0,0,0,1,0,0,0,0,519071621,2166161467,1048575,36583,0,3,-3986.792
519072470,947,254,0,3930,277,0,0,0,0,0,1,0,0,0,0,519072515,2166161467,1048575,37462,0,3,-3985.845
519073442,972,254,0,3930,246,0,0,0,0,0,1,0,0,0,0,519073490,2166161467,1048575,38441,0,3,-3984.873
519074466,1024,254,0,3930,265,0,0,0,0,0,1,0,0,0,0,519074512,2166161467,1048575,39456,0,3,-3983.849
519075438,972,254,0,3930,244,0,0,0,0,0,1,0,0,0,0,519075488,2166161467,1048575,40439,0,3,-3982.877
519076454,1016,254,0,3930,250,0,0,0,0,0,1,0,0,0,0,519076494,2166161467,1048575,41439,0,3,-3981.861
519077445,991,254,0,3930,244,0,0,0,0,0,1,0,0,0,0,519077494,2166161467,1048575,42445,0,3,-3980.87
519078465,1020,254,0,3930,266,0,0,0,0,0,1,0,0,0,0,519078510,2166161467,1048575,43457,0,3,-3979.85
519079443,978,254,0,3930,246,0,0,0,0,0,1,0,0,0,0,519079487,2166161467,1048575,44437,0,3,-3978.872
519080470,1027,254,0,3930,266,0,0,0,0,0,1,0,0,0,0,519080578,2166161467,1048575,45547,0,3,-3977.845
519081500,1030,254,0,3930,298,0,0,0,0,0,1,0,0,0,0,519081552,2166161467,1048575,46501,0,3,-3976.815
519082435,935,254,0,3930,236,0,0,0,0,0,1,0,0,0,0,519082471,2166161467,1048575,47414,0,3,-3975.88
519083425,990,254,0,3930,233,0,0,0,0,0,1,0,0,0,0,519083458,2166161467,1048575,48400,0,3,-3974.89
519084420,995,254,0,3930,229,0,0,0,0,0,1,0,0,0,0,519084447,2166161467,1048575,49390,0,3,-3973.895
519085427,1007,254,0,3930,232,0,0,0,0,0,1,0,0,0,0,519085459,2166161467,1048575,0,0,3,-3972.888
519086440,1013,254,0,3930,239,0,0,0,0,0,1,0,0,0,0,519086483,2166161467,1048575,493,0,3,-3971.875
519087428,988,254,0,3930,235,0,0,0,0,0,1,0,0,0,0,519087458,2166161467,1048575,1468,0,3,-3970.887
519088424,996,254,0,3930,232,0,0,0,0,0,1,0,0,0,0,519088457,2166161467,1048575,2466,0,3,-3969.891
519089466,1042,254,0,3930,273,0,0,0,0,0,1,0,0,0,0,519089560,2166161467,1048575,3591,0,3,-3968.849
519090537,1071,254,0,3930,334,0,0,0,0,0,1,0,0,0,0,519090685,2166161467,1048575,4730,0,3,-3967.778
519091519,982,254,0,3930,327,0,0,0,0,0,1,0,0,0,0,519091602,2166161467,1048575,5631,0,3,-3966.796
519092474,955,254,0,3930,278,0,0,0,0,0,1,0,0,0,0,519092524,2166161467,1048575,6540,0,3,-3965.841
519093441,967,254,0,3930,243,0,0,0,0,0,1,0,0,0,0,519093492,2166161467,1048575,7508,0,3,-3964.874
519094469,1028,254,0,3930,271,0,0,0,0,0,1,0,0,0,0,519094514,2166161467,1048575,8527,0,3,-3963.846
519095436,967,254,0,3930,243,0,0,0,0,0,1,0,0,0,0,519095490,2166161467,1048575,9505,0,3,-3962.879
519096446,1010,254,0,3930,252,0,0,0,0,0,1,0,0,0,0,519096484,2166161467,1048575,10496,0,3,-3961.869
519097438,992,254,0,3930,243,0,0,0,0,0,1,0,0,0,0,519097488,2166161467,1048575,11504,0,3,-3960.877
519098458,1020,254,0,3930,267,0,0,0,0,0,1,0,0,0,0,519098501,2166161467,1048575,12511,0,3,-3959.857
519099438,980,254,0,3930,241,0,0,0,0,0,1,0,0,0,0,519099489,2166161467,1048575,13505,0,3,-3958.877
519100461,1023,254,0,3930,260,0,0,0,0,0,1,0,0,0,0,519100569,2166161467,1048575,14620,0,3,-3957.854
519101493,1032,254,0,3930,301,0,0,0,0,0,1,0,0,0,0,519101541,2166161467,1048575,15552,0,3,-3956.822
519102439,946,254,0,3930,237,0,0,0,0,0,1,0,0,0,0,519102480,2166161467,1048575,16489,0,3,-3955.876
519103427,988,254,0,3930,233,0,0,0,0,0,1,0,0,0,0,519103459,2166161467,1048575,17468,0,3,-3954.888
519104427,1000,254,0,3930,233,0,0,0,0,0,1,0,0,0,0,519104459,2166161467,1048575,18469,0,3,-3953.888
519105427,1000,254,0,3930,233,0,0,0,0,0,1,0,0,0,0,519105459,2166161467,1048575,19468,0,3,-3952.888
519106434,1007,254,0,3930,234,0,0,0,0,0,1,0,0,0,0,519106467,2166161467,1048575,20477,0,3,-3951.881
519107426,992,254,0,3930,233,0,0,0,0,0,1,0,0,0,0,519107459,2166161467,1048575,21468,0,3,-3950.889
519108426,1000,254,0,3930,232,0,0,0,0,0,1,0,0,0,0,519108459,2166161467,1048575,22468,0,3,-3949.889
519109468,1042,254,0,3930,270,0,0,0,0,0,1,0,0,0,0,519109582,2166161467,1048575,23623,0,3,-3948.847
519110526,1058,254,0,3930,323,0,0,0,0,0,1,0,0,0,0,519110661,2166161467,1048575,24710,0,3,-3947.789
519111526,1000,254,0,3930,330,0,0,0,0,0,1,0,0,0,0,519111615,2166161467,1048575,25649,0,3,-3946.789
519112469,943,254,0,3930,276,0,0,0,0,0,1,0,0,0,0,519112515,2166161467,1048575,26528,0,3,-3945.846
519113443,974,254,0,3930,246,0,0,0,0,0,1,0,0,0,0,519113491,2166161467,1048575,27508,0,3,-3944.872
519114461,1018,254,0,3930,261,0,0,0,0,0,1,0,0,0,0,519114505,2166161467,1048575,28518,0,3,-3943.854
519115445,984,254,0,3930,252,0,0,0,0,0,1,0,0,0,0,519115495,2166161467,1048575,29511,0,3,-3942.87
519116444,999,254,0,3930,246,0,0,0,0,0,1,0,0,0,0,519116483,2166161467,1048575,30494,0,3,-3941.871
519117448,1004,254,0,3930,245,0,0,0,0,0,1,0,0,0,0,519117493,2166161467,1048575,31508,0,3,-3940.867
519118461,1013,254,0,3930,264,0,0,0,0,0,1,0,0,0,0,519118507,2166161467,1048575,32521,0,3,-3939.854
519119441,980,254,0,3930,244,0,0,0,0,0,1,0,0,0,0,519119487,2166161467,1048575,33502,0,3,-3938.874
519120464,1023,254,0,3930,263,0,0,0,0,0,1,0,0,0,0,519120574,2166161467,1048575,34613,0,3,-3937.851
519121489,1025,254,0,3930,298,0,0,0,0,0,1,0,0,0,0,519121547,2166161467,1048575,35561,0,3,-3936.826
519122433,944,254,0,3930,234,0,0,0,0,0,1,0,0,0,0,519122470,2166161467,1048575,36479,0,3,-3935.882
519123424,991,254,0,3930,233,0,0,0,0,0,1,0,0,0,0,519123456,2166161467,1048575,37465,0,3,-3934.891
519124431,1007,254,0,3930,228,0,0,0,0,0,1,0,0,0,0,519124458,2166161467,1048575,38468,0,3,-3933.884
519125425,994,254,0,3930,233,0,0,0,0,0,1,0,0,0,0,519125457,2166161467,1048575,39465,0,3,-3932.89
519126424,999,254,0,3930,230,0,0,0,0,0,1,0,0,0,0,519126453,2166161467,1048575,40463,0,3,-3931.891
519127424,1000,254,0,3930,233,0,0,0,0,0,1,0,0,0,0,519127456,2166161467,1048575,41464,0,3,-3930.891
519128417,993,254,0,3930,228,0,0,0,0,0,1,0,0,0,0,519128444,2166161467,1048575,42454,0,3,-3929.898
519129467,1050,254,0,3930,274,0,0,0,0,0,1,0,0,0,0,519129566,2166161467,1048575,43603,0,3,-3928.848
519130519,1052,254,0,3930,327,0,0,0,0,0,1,0,0,0,0,519130657,2166161467,1048575,44697,0,3,-3927.796
519131539,1020,254,0,3930,342,0,0,0,0,0,1,0,0,0,0,519131632,2166161467,1048575,45661,0,3,-3926.776
519132480,941,254,0,3930,279,0,0,0,0,0,1,0,0,0,0,519132528,2166161467,1048575,46539,0,3,-3925.835
519133439,959,254,0,3930,246,0,0,0,0,0,1,0,0,0,0,519133489,2166161467,1048575,47505,0,3,-3924.876
519134464,1025,254,0,3930,265,0,0,0,0,0,1,0,0,0,0,519134509,2166161467,1048575,48520,0,3,-3923.851
519135442,978,254,0,3930,248,0,0,0,0,0,1,0,0,0,0,519135491,2166161467,1048575,49507,0,3,-3922.873
519136442,1000,254,0,3930,247,0,0,0,0,0,1,0,0,0,0,519136481,2166161467,1048575,2,0,3,-3921.873
519137445,1003,254,0,3930,255,0,0,0,0,0,1,0,0,0,0,519137497,2166161467,1048575,477,0,3,-3920.87
519138460,1015,254,0,3930,268,0,0,0,0,0,1,0,0,0,0,519138506,2166161467,1048575,1485,0,3,-3919.855
519139437,977,254,0,3930,244,0,0,0,0,0,1,0,0,0,0,519139481,2166161467,1048575,2461,0,3,-3918.878
519140451,1014,254,0,3930,258,0,0,0,0,0,1,0,0,0,0,519140566,2166161467,1048575,3574,0,3,-3917.864
519141492,1041,254,0,3930,300,0,0,0,0,0,1,0,0,0,0,519141542,2166161467,1048575,4516,0,3,-3916.823
519142424,932,254,0,3930,235,0,0,0,0,0,1,0,0,0,0,519142458,2166161467,1048575,5432,0,3,-3915.891
519143427,1003,254,0,3930,233,0,0,0,0,0,1,0,0,0,0,519143459,2166161467,1048575,6432,0,3,-3914.888
519144419,992,254,0,3930,228,0,0,0,0,0,1,0,0,0,0,519144446,2166161467,1048575,7421,0,3,-3913.896
519145427,1008,254,0,3930,232,0,0,0,0,0,1,0,0,0,0,519145460,2166161467,1048575,8433,0,3,-3912.888
519146426,999,254,0,3930,230,0,0,0,0,0,1,0,0,0,0,519146455,2166161467,1048575,9429,0,3,-3911.889
519147424,998,254,0,3930,233,0,0,0,0,0,1,0,0,0,0,519147456,2166161467,1048575,10430,0,3,-3910.891
519148431,1007,254,0,3930,228,0,0,0,0,0,1,0,0,0,0,519148458,2166161467,1048575,11433,0,3,-3909.884
519149469,1038,254,0,3930,276,0,0,0,0,0,1,0,0,0,0,519149573,2166161467,1048575,12572,0,3,-3908.846
519150522,1053,254,0,3930,329,0,0,0,0,0,1,0,0,0,0,519150669,2166161467,1048575,13683,0,3,-3907.793
519151527,1005,254,0,3930,326,0,0,0,0,0,1,0,0,0,0,519151610,2166161467,1048575,14611,0,3,-3906.788
519152472,945,254,0,3930,277,0,0,0,0,0,1,0,0,0,0,519152521,2166161467,1048575,15499,0,3,-3905.843
519153447,975,254,0,3930,245,0,0,0,0,0,1,0,0,0,0,519153494,2166161467,1048575,16477,0,3,-3904.868
519154467,1020,254,0,3930,266,0,0,0,0,0,1,0,0,0,0,519154513,2166161467,1048575,17491,0,3,-3903.848
519155439,972,254,0,3930,248,0,0,0,0,0,1,0,0,0,0,519155492,2166161467,1048575,18472,0,3,-3902.876
519156441,1002,254,0,3930,246,0,0,0,0,0,1,0,0,0,0,519156481,2166161467,1048575,19459,0,3,-3901.874
519157449,1008,254,0,3930,247,0,0,0,0,0,1,0,0,0,0,519157496,2166161467,1048575,20476,0,3,-3900.866
519158454,1005,254,0,3930,263,0,0,0,0,0,1,0,0,0,0,519158497,2166161467,1048575,21475,0,3,-3899.861
519159438,984,254,0,3930,243,0,0,0,0,0,1,0,0,0,0,519159486,2166161467,1048575,22466,0,3,-3898.877
519160460,1022,254,0,3930,259,0,0,0,0,0,1,0,0,0,0,519160573,2166161467,1048575,23577,0,3,-3897.855
519161491,1031,254,0,3930,300,0,0,0,0,0,1,0,0,0,0,519161548,2166161467,1048575,24526,0,3,-3896.824
519162436,945,254,0,3930,235,0,0,0,0,0,1,0,0,0,0,519162476,2166161467,1048575,25450,0,3,-3895.879
519163429,993,254,0,3930,232,0,0,0,0,0,1,0,0,0,0,519163462,2166161467,1048575,26437,0,3,-3894.886
519164424,995,254,0,3930,231,0,0,0,0,0,1,0,0,0,0,519164455,2166161467,1048575,27429,0,3,-3893.891
519165422,998,254,0,3930,231,0,0,0,0,0,1,0,0,0,0,519165456,2166161467,1048575,28430,0,3,-3892.893
519166427,1005,254,0,3930,232,0,0,0,0,0,1,0,0,0,0,519166460,2166161467,1048575,29435,0,3,-3891.888
519167427,1000,254,0,3930,232,0,0,0,0,0,1,0,0,0,0,519167460,2166161467,1048575,30434,0,3,-3890.888
519168422,995,254,0,3930,230,0,0,0,0,0,1,0,0,0,0,519168454,2166161467,1048575,31428,0,3,-3889.893
519169455,1033,254,0,3930,264,0,0,0,0,0,1,0,0,0,0,519169552,2166161467,1048575,32554,0,3,-3888.86
519170517,1062,254,0,3930,325,0,0,0,0,0,1,0,0,0,0,519170654,2166161467,1048575,33668,0,3,-3887.798
519171520,1003,254,0,3930,327,0,0,0,0,0,1,0,0,0,0,519171612,2166161467,1048575,34608,0,3,-3886.795
519172474,954,254,0,3930,277,0,0,0,0,0,1,0,0,0,0,519172519,2166161467,1048575,35497,0,3,-3885.841
519173444,970,254,0,3930,246,0,0,0,0,0,1,0,0,0,0,519173494,2166161467,1048575,36475,0,3,-3884.871
519174467,1023,254,0,3930,265,0,0,0,0,0,1,0,0,0,0,519174513,2166161467,1048575,37488,0,3,-3883.848
519175443,976,254,0,3930,244,0,0,0,0,0,1,0,0,0,0,519175492,2166161467,1048575,38474,0,3,-3882.872
519176447,1004,254,0,3930,253,0,0,0,0,0,1,0,0,0,0,519176489,2166161467,1048575,39464,0,3,-3881.868
519177443,996,254,0,3930,244,0,0,0,0,0,1,0,0,0,0,519177490,2166161467,1048575,40472,0,3,-3880.872
519178464,1021,254,0,3930,268,0,0,0,0,0,1,0,0,0,0,519178509,2166161467,1048575,41486,0,3,-3879.851
519179441,977,254,0,3930,246,0,0,0,0,0,1,0,0,0,0,519179486,2166161467,1048575,42468,0,3,-3878.874
519180446,1005,254,0,3930,255,0,0,0,0,0,1,0,0,0,0,519180562,2166161467,1048575,43567,0,3,-3877.869
519181484,1038,254,0,3930,293,0,0,0,0,0,1,0,0,0,0,519181529,2166161467,1048575,44503,0,3,-3876.831
519182436,952,254,0,3930,235,0,0,0,0,0,1,0,0,0,0,519182474,2166161467,1048575,45449,0,3,-3875.879
519183428,992,254,0,3930,232,0,0,0,0,0,1,0,0,0,0,519183461,2166161467,1048575,46435,0,3,-3874.887
519184419,991,254,0,3930,228,0,0,0,0,0,1,0,0,0,0,519184446,2166161467,1048575,47421,0,3,-3873.896
519185426,1007,254,0,3930,231,0,0,0,0,0,1,0,0,0,0,519185459,2166161467,1048575,48433,0,3,-3872.889
519186426,1000,254,0,3930,230,0,0,0,0,0,1,0,0,0,0,519186456,2166161467,1048575,49430,0,3,-3871.889
519187423,997,254,0,3930,232,0,0,0,0,0,1,0,0,0,0,519187456,2166161467,1048575,0,0,3,-3870.892
519188437,1014,254,0,3930,238,0,0,0,0,0,1,0,0,0,0,519188484,2166161467,1048575,499,0,3,-3869.878
519189489,1052,254,0,3930,293,0,0,0,0,0,1,0,0,0,0,519189594,2166161467,1048575,1637,0,3,-3868.826
519190530,1041,254,0,3930,328,0,0,0,0,0,1,0,0,0,0,519190677,2166161467,1048575,2729,0,3,-3867.785
519191516,986,254,0,3930,323,0,0,0,0,0,1,0,0,0,0,519191603,2166161467,1048575,3633,0,3,-3866.799
519192475,959,254,0,3930,275,0,0,0,0,0,1,0,0,0,0,519192523,2166161467,1048575,4543,0,3,-3865.84
519193440,965,254,0,3930,244,0,0,0,0,0,1,0,0,0,0,519193490,2166161467,1048575,5511,0,3,-3864.875
519194471,1031,254,0,3930,270,0,0,0,0,0,1,0,0,0,0,519194520,2166161467,1048575,6537,0,3,-3863.844
519195441,970,254,0,3930,241,0,0,0,0,0,1,0,0,0,0,519195492,2166161467,1048575,7513,0,3,-3862.874
519196441,1000,254,0,3930,251,0,0,0,0,0,1,0,0,0,0,519196483,2166161467,1048575,8498,0,3,-3861.874
519197436,995,254,0,3930,244,0,0,0,0,0,1,0,0,0,0,519197485,2166161467,1048575,9504,0,3,-3860.879
519198457,1021,254,0,3930,266,0,0,0,0,0,1,0,0,0,0,519198502,2166161467,1048575,10517,0,3,-3859.858
519199439,982,254,0,3930,245,0,0,0,0,0,1,0,0,0,0,519199486,2166161467,1048575,11507,0,3,-3858.876
519200461,1022,254,0,3930,260,0,0,0,0,0,1,0,0,0,0,519200570,2166161467,1048575,12621,0,3,-3857.854
519201498,1037,254,0,3930,299,0,0,0,0,0,1,0,0,0,0,519201552,2166161467,1048575,13569,0,3,-3856.817
519202443,945,254,0,3930,239,0,0,0,0,0,1,0,0,0,0,519202485,2166161467,1048575,14498,0,3,-3855.872
519203428,985,254,0,3930,233,0,0,0,0,0,1,0,0,0,0,519203461,2166161467,1048575,15475,0,3,-3854.887
519204427,999,254,0,3930,232,0,0,0,0,0,1,0,0,0,0,519204460,2166161467,1048575,16473,0,3,-3853.888
519205427,1000,254,0,3930,233,0,0,0,0,0,1,0,0,0,0,519205459,2166161467,1048575,17472,0,3,-3852.888
519206434,1007,254,0,3930,234,0,0,0,0,0,1,0,0,0,0,519206468,2166161467,1048575,18482,0,3,-3851.881
519207426,992,254,0,3930,233,0,0,0,0,0,1,0,0,0,0,519207458,2166161467,1048575,19472,0,3,-3850.889
519208426,1000,254,0,3930,232,0,0,0,0,0,1,0,0,0,0,519208459,2166161467,1048575,20473,0,3,-3849.889
519209463,1037,254,0,3930,267,0,0,0,0,0,1,0,0,0,0,519209555,2166161467,1048575,21596,0,3,-3848.852
519210532,1069,254,0,3930,328,0,0,0,0,0,1,0,0,0,0,519210676,2166161467,1048575,22726,0,3,-3847.783
519211534,1002,254,0,3930,333,0,0,0,0,0,1,0,0,0,0,519211619,2166161467,1048575,23660,0,3,-3846.781
519212463,929,254,0,3930,273,0,0,0,0,0,1,0,0,0,0,519212510,2166161467,1048575,24526,0,3,-3845.852
519213437,974,254,0,3930,245,0,0,0,0,0,1,0,0,0,0,519213485,2166161467,1048575,25506,0,3,-3844.878
519214471,1034,254,0,3930,268,0,0,0,0,0,1,0,0,0,0,519214518,2166161467,1048575,26535,0,3,-3843.844
519215439,968,254,0,3930,247,0,0,0,0,0,1,0,0,0,0,519215488,2166161467,1048575,27508,0,3,-3842.876
519216442,1003,254,0,3930,250,0,0,0,0,0,1,0,0,0,0,519216480,2166161467,1048575,28496,0,3,-3841.873
519217434,992,254,0,3930,243,0,0,0,0,0,1,0,0,0,0,519217482,2166161467,1048575,29501,0,3,-3840.881
519218462,1028,254,0,3930,264,0,0,0,0,0,1,0,0,0,0,519218505,2166161467,1048575,30521,0,3,-3839.853
519219436,974,254,0,3930,246,0,0,0,0,0,1,0,0,0,0,519219484,2166161467,1048575,31506,0,3,-3838.879
519220459,1023,254,0,3930,257,0,0,0,0,0,1,0,0,0,0,519220567,2166161467,1048575,32611,0,3,-3837.856
519221485,1026,254,0,3930,294,0,0,0,0,0,1,0,0,0,0,519221536,2166161467,1048575,33552,0,3,-3836.83
519222437,952,254,0,3930,236,0,0,0,0,0,1,0,0,0,0,519222477,2166161467,1048575,34490,0,3,-3835.878
519223431,994,254,0,3930,233,0,0,0,0,0,1,0,0,0,0,519223463,2166161467,1048575,35476,0,3,-3834.884
519224425,994,254,0,3930,231,0,0,0,0,0,1,0,0,0,0,519224455,2166161467,1048575,36469,0,3,-3833.89
519225426,1001,254,0,3930,233,0,0,0,0,0,1,0,0,0,0,519225458,2166161467,1048575,37471,0,3,-3832.889
519226430,1004,254,0,3930,232,0,0,0,0,0,1,0,0,0,0,519226462,2166161467,1048575,38475,0,3,-3831.885
519227430,1000,254,0,3930,233,0,0,0,0,0,1,0,0,0,0,519227462,2166161467,1048575,39476,0,3,-3830.885
519228424,994,254,0,3930,231,0,0,0,0,0,1,0,0,0,0,519228455,2166161467,1048575,40468,0,3,-3829.891
519229464,1040,254,0,3930,272,0,0,0,0,0,1,0,0,0,0,519229561,2166161467,1048575,41604,0,3,-3828.851
519230513,1049,254,0,3930,322,0,0,0,0,0,1,0,0,0,0,519230659,2166161467,1048575,42716,0,3,-3827.802
519231526,1013,254,0,3930,329,0,0,0,0,0,1,0,0,0,0,519231613,2166161467,1048575,43651,0,3,-3826.789
519232471,945,254,0,3930,274,0,0,0,0,0,1,0,0,0,0,519232515,2166161467,1048575,44533,0,3,-3825.844
519233443,972,254,0,3930,245,0,0,0,0,0,1,0,0,0,0,519233492,2166161467,1048575,45513,0,3,-3824.872
519234468,1025,254,0,3930,266,0,0,0,0,0,1,0,0,0,0,519234515,2166161467,1048575,46531,0,3,-3823.847
519235444,976,254,0,3930,243,0,0,0,0,0,1,0,0,0,0,519235495,2166161467,1048575,47516,0,3,-3822.871
519236447,1003,254,0,3930,251,0,0,0,0,0,1,0,0,0,0,519236486,2166161467,1048575,48500,0,3,-3821.868
519237436,989,254,0,3930,243,0,0,0,0,0,1,0,0,0,0,519237486,2166161467,1048575,49507,0,3,-3820.879
519238460,1024,254,0,3930,266,0,0,0,0,0,1,0,0,0,0,519238502,2166161467,1048575,2,0,3,-3819.855
519239440,980,254,0,3930,248,0,0,0,0,0,1,0,0,0,0,519239490,2166161467,1048575,445,0,3,-3818.875
519240478,1038,254,0,3930,275,0,0,0,0,0,1,0,0,0,0,519240592,2166161467,1048575,1570,0,3,-3817.837
519241487,1009,254,0,3930,296,0,0,0,0,0,1,0,0,0,0,519241542,2166161467,1048575,2497,0,3,-3816.828
519242437,950,254,0,3930,237,0,0,0,0,0,1,0,0,0,0,519242471,2166161467,1048575,3421,0,3,-3815.878
519243425,988,254,0,3930,233,0,0,0,0,0,1,0,0,0,0,519243457,2166161467,1048575,4407,0,3,-3814.89
519244419,994,254,0,3930,228,0,0,0,0,0,1,0,0,0,0,519244447,2166161467,1048575,5397,0,3,-3813.896
519245427,1008,254,0,3930,232,0,0,0,0,0,1,0,0,0,0,519245459,2166161467,1048575,6409,0,3,-3812.888
519246427,1000,254,0,3930,231,0,0,0,0,0,1,0,0,0,0,519246456,2166161467,1048575,7406,0,3,-3811.888
519247424,997,254,0,3930,233,0,0,0,0,0,1,0,0,0,0,519247456,2166161467,1048575,8405,0,3,-3810.891
519248417,993,254,0,3930,228,0,0,0,0,0,1,0,0,0,0,519248444,2166161467,1048575,9395,0,3,-3809.898
519249466,1049,254,0,3930,273,0,0,0,0,0,1,0,0,0,0,519249562,2166161467,1048575,10537,0,3,-3808.849
519250512,1046,254,0,3930,318,0,0,0,0,0,1,0,0,0,0,519250667,2166161467,1048575,11655,0,3,-3807.803
519251529,1017,254,0,3930,333,0,0,0,0,0,1,0,0,0,0,519251615,2166161467,1048575,12590,0,3,-3806.786
519252469,940,254,0,3930,274,0,0,0,0,0,1,0,0,0,0,519252515,2166161467,1048575,13469,0,3,-3805.846
519253440,971,254,0,3930,245,0,0,0,0,0,1,0,0,0,0,519253487,2166161467,1048575,14443,0,3,-3804.875
519254465,1025,254,0,3930,268,0,0,0,0,0,1,0,0,0,0,519254514,2166161467,1048575,15469,0,3,-3803.85
519255440,975,254,0,3930,246,0,0,0,0,0,1,0,0,0,0,519255490,2166161467,1048575,16446,0,3,-3802.875
519256444,1004,254,0,3930,250,0,0,0,0,0,1,0,0,0,0,519256481,2166161467,1048575,17434,0,3,-3801.871
519257436,992,254,0,3930,244,0,0,0,0,0,1,0,0,0,0,519257484,2166161467,1048575,18440,0,3,-3800.879
519258469,1033,254,0,3930,267,0,0,0,0,0,1,0,0,0,0,519258513,2166161467,1048575,19468,0,3,-3799.846
519259439,970,254,0,3930,245,0,0,0,0,0,1,0,0,0,0,519259487,2166161467,1048575,20444,0,3,-3798.876
519260457,1018,254,0,3930,262,0,0,0,0,0,1,0,0,0,0,519260565,2166161467,1048575,21552,0,3,-3797.858
519261488,1031,254,0,3930,297,0,0,0,0,0,1,0,0,0,0,519261536,2166161467,1048575,22487,0,3,-3796.827
519262433,945,254,0,3930,233,0,0,0,0,0,1,0,0,0,0,519262469,2166161467,1048575,23420,0,3,-3795.882
519263424,991,254,0,3930,233,0,0,0,0,0,1,0,0,0,0,519263456,2166161467,1048575,24405,0,3,-3794.891
519264431,1007,254,0,3930,228,0,0,0,0,0,1,0,0,0,0,519264458,2166161467,1048575,25409,0,3,-3793.884
519265425,994,254,0,3930,233,0,0,0,0,0,1,0,0,0,0,519265457,2166161467,1048575,26406,0,3,-3792.89
519266424,999,254,0,3930,230,0,0,0,0,0,1,0,0,0,0,519266453,2166161467,1048575,27403,0,3,-3791.891
519267435,1011,254,0,3930,233,0,0,0,0,0,1,0,0,0,0,519267468,2166161467,1048575,28417,0,3,-3790.88
519268425,990,254,0,3930,228,0,0,0,0,0,1,0,0,0,0,519268453,2166161467,1048575,29403,0,3,-3789.89
519269493,1068,254,0,3930,289,0,0,0,0,0,1,0,0,0,0,519269604,2166161467,1048575,30586,0,3,-3788.822
519270508,1015,254,0,3930,318,0,0,0,0,0,1,0,0,0,0,519270644,2166161467,1048575,31629,0,3,-3787.807
519271521,1013,254,0,3930,331,0,0,0,0,0,1,0,0,0,0,519271618,2166161467,1048575,32588,0,3,-3786.794
519272471,950,254,0,3930,277,0,0,0,0,0,1,0,0,0,0,519272520,2166161467,1048575,33474,0,3,-3785.844
519273442,971,254,0,3930,244,0,0,0,0,0,1,0,0,0,0,519273487,2166161467,1048575,34444,0,3,-3784.873
519274467,1025,254,0,3930,264,0,0,0,0,0,1,0,0,0,0,519274512,2166161467,1048575,35464,0,3,-3783.848
519275437,970,254,0,3930,242,0,0,0,0,0,1,0,0,0,0,519275484,2166161467,1048575,36440,0,3,-3782.878
519276449,1012,254,0,3930,250,0,0,0,0,0,1,0,0,0,0,519276491,2166161467,1048575,37444,0,3,-3781.866
519277443,994,254,0,3930,243,0,0,0,0,0,1,0,0,0,0,519277490,2166161467,1048575,38446,0,3,-3780.872
519278459,1016,254,0,3930,267,0,0,0,0,0,1,0,0,0,0,519278504,2166161467,1048575,39456,0,3,-3779.856
519279439,980,254,0,3930,246,0,0,0,0,0,1,0,0,0,0,519279486,2166161467,1048575,40442,0,3,-3778.876
519280465,1026,254,0,3930,268,0,0,0,0,0,1,0,0,0,0,519280571,2166161467,1048575,41548,0,3,-3777.85
519281490,1025,254,0,3930,295,0,0,0,0,0,1,0,0,0,0,519281544,2166161467,1048575,42499,0,3,-3776.825
519282434,944,254,0,3930,234,0,0,0,0,0,1,0,0,0,0,519282471,2166161467,1048575,43422,0,3,-3775.881
519283426,992,254,0,3930,233,0,0,0,0,0,1,0,0,0,0,519283459,2166161467,1048575,44409,0,3,-3774.889
519284420,994,254,0,3930,229,0,0,0,0,0,1,0,0,0,0,519284447,2166161467,1048575,45397,0,3,-3773.895
519285427,1007,254,0,3930,232,0,0,0,0,0,1,0,0,0,0,519285459,2166161467,1048575,46408,0,3,-3772.888
519286428,1001,254,0,3930,232,0,0,0,0,0,1,0,0,0,0,519286456,2166161467,1048575,47406,0,3,-3771.887
519287424,996,254,0,3930,233,0,0,0,0,0,1,0,0,0,0,519287456,2166161467,1048575,48406,0,3,-3770.891
519288417,993,254,0,3930,229,0,0,0,0,0,1,0,0,0,0,519288444,2166161467,1048575,49395,0,3,-3769.898
519289465,1048,254,0,3930,274,0,0,0,0,0,1,0,0,0,0,519289561,2166161467,1048575,2,0,3,-3768.85
519290785,1320,254,0,3930,426,0,0,0,0,0,1,0,0,0,0,519290965,2166161467,1048575,712,0,3,-3767.53
519291524,739,254,0,3930,318,0,0,0,0,0,1,0,0,0,0,519291591,2166161467,1048575,1315,0,3,-3766.791
519292469,945,254,0,3930,272,0,0,0,0,0,1,0,0,0,0,519292514,2166161467,1048575,2236,0,3,-3765.846
519293449,980,254,0,3930,247,0,0,0,0,0,1,0,0,0,0,519293493,2166161467,1048575,3215,0,3,-3764.866
519294455,1006,254,0,3930,262,0,0,0,0,0,1,0,0,0,0,519294500,2166161467,1048575,4219,0,3,-3763.86
519295450,995,254,0,3930,248,0,0,0,0,0,1,0,0,0,0,519295495,2166161467,1048575,5216,0,3,-3762.865
519296441,991,254,0,3930,248,0,0,0,0,0,1,0,0,0,0,519296481,2166161467,1048575,6202,0,3,-3761.874
519297444,1003,254,0,3930,245,0,0,0,0,0,1,0,0,0,0,519297494,2166161467,1048575,7213,0,3,-3760.871
519298448,1004,254,0,3930,255,0,0,0,0,0,1,0,0,0,0,519298485,2166161467,1048575,8203,0,3,-3759.867
519299442,994,254,0,3930,249,0,0,0,0,0,1,0,0,0,0,519299492,2166161467,1048575,9215,0,3,-3758.873
519300453,1011,254,0,3930,250,0,0,0,0,0,1,0,0,0,0,519300566,2166161467,1048575,10320,0,3,-3757.862
519301495,1042,254,0,3930,300,0,0,0,0,0,1,0,0,0,0,519301559,2166161467,1048575,11284,0,3,-3756.82
519302430,935,254,0,3930,239,0,0,0,0,0,1,0,0,0,0,519302471,2166161467,1048575,12186,0,3,-3755.885
519303428,998,254,0,3930,235,0,0,0,0,0,1,0,0,0,0,519303460,2166161467,1048575,13175,0,3,-3754.887
519304426,998,254,0,3930,232,0,0,0,0,0,1,0,0,0,0,519304458,2166161467,1048575,14174,0,3,-3753.889
519305425,999,254,0,3930,232,0,0,0,0,0,1,0,0,0,0,519305457,2166161467,1048575,15173,0,3,-3752.89
519306430,1005,254,0,3930,233,0,0,0,0,0,1,0,0,0,0,519306464,2166161467,1048575,16179,0,3,-3751.885
519307433,1003,254,0,3930,234,0,0,0,0,0,1,0,0,0,0,519307465,2166161467,1048575,17181,0,3,-3750.882
519308422,989,254,0,3930,232,0,0,0,0,0,1,0,0,0,0,519308454,2166161467,1048575,18170,0,3,-3749.893
519309464,1042,254,0,3930,268,0,0,0,0,0,1,0,0,0,0,519309567,2166161467,1048575,19309,0,3,-3748.851
519310531,1067,254,0,3930,330,0,0,0,0,0,1,0,0,0,0,519310678,2166161467,1048575,20423,0,3,-3747.784
519311527,996,254,0,3930,333,0,0,0,0,0,1,0,0,0,0,519311616,2166161467,1048575,21359,0,3,-3746.788
519312468,941,254,0,3930,268,0,0,0,0,0,1,0,0,0,0,519312513,2166161467,1048575,22232,0,3,-3745.847
519313447,979,254,0,3930,247,0,0,0,0,0,1,0,0,0,0,519313490,2166161467,1048575,23210,0,3,-3744.868
519314468,1021,254,0,3930,269,0,0,0,0,0,1,0,0,0,0,519314515,2166161467,1048575,24237,0,3,-3743.847
519315450,982,254,0,3930,247,0,0,0,0,0,1,0,0,0,0,519315502,2166161467,1048575,25222,0,3,-3742.865
519316446,996,254,0,3930,250,0,0,0,0,0,1,0,0,0,0,519316485,2166161467,1048575,26202,0,3,-3741.869
519317443,997,254,0,3930,244,0,0,0,0,0,1,0,0,0,0,519317489,2166161467,1048575,27212,0,3,-3740.872
519318469,1026,254,0,3930,265,0,0,0,0,0,1,0,0,0,0,519318515,2166161467,1048575,28234,0,3,-3739.846
519319435,966,254,0,3930,245,0,0,0,0,0,1,0,0,0,0,519319479,2166161467,1048575,29198,0,3,-3738.88
519320459,1024,254,0,3930,262,0,0,0,0,0,1,0,0,0,0,519320584,2166161467,1048575,30328,0,3,-3737.856
519321488,1029,254,0,3930,294,0,0,0,0,0,1,0,0,0,0,519321538,2166161467,1048575,31255,0,3,-3736.827
519322435,947,254,0,3930,235,0,0,0,0,0,1,0,0,0,0,519322468,2166161467,1048575,32183,0,3,-3735.88
519323423,988,254,0,3930,232,0,0,0,0,0,1,0,0,0,0,519323456,2166161467,1048575,33171,0,3,-3734.892
519324430,1007,254,0,3930,227,0,0,0,0,0,1,0,0,0,0,519324458,2166161467,1048575,34174,0,3,-3733.885
519325424,994,254,0,3930,231,0,0,0,0,0,1,0,0,0,0,519325457,2166161467,1048575,35172,0,3,-3732.891
519326423,999,254,0,3930,229,0,0,0,0,0,1,0,0,0,0,519326453,2166161467,1048575,36169,0,3,-3731.892
519327423,1000,254,0,3930,232,0,0,0,0,0,1,0,0,0,0,519327456,2166161467,1048575,37170,0,3,-3730.892
519328416,993,254,0,3930,228,0,0,0,0,0,1,0,0,0,0,519328444,2166161467,1048575,38160,0,3,-3729.899
519329471,1055,254,0,3930,279,0,0,0,0,0,1,0,0,0,0,519329588,2166161467,1048575,39333,0,3,-3728.844
519330512,1041,254,0,3930,318,0,0,0,0,0,1,0,0,0,0,519330656,2166161467,1048575,40407,0,3,-3727.803
519331530,1018,254,0,3930,331,0,0,0,0,0,1,0,0,0,0,519331619,2166161467,1048575,41358,0,3,-3726.785
519332477,947,254,0,3930,279,0,0,0,0,0,1,0,0,0,0,519332526,2166161467,1048575,42244,0,3,-3725.838
519333442,965,254,0,3930,247,0,0,0,0,0,1,0,0,0,0,519333488,2166161467,1048575,43209,0,3,-3724.873
519334464,1022,254,0,3930,265,0,0,0,0,0,1,0,0,0,0,519334512,2166161467,1048575,44233,0,3,-3723.851
519335441,977,254,0,3930,248,0,0,0,0,0,1,0,0,0,0,519335493,2166161467,1048575,45214,0,3,-3722.874
519336446,1005,254,0,3930,249,0,0,0,0,0,1,0,0,0,0,519336485,2166161467,1048575,46202,0,3,-3721.869
519337441,995,254,0,3930,245,0,0,0,0,0,1,0,0,0,0,519337487,2166161467,1048575,47209,0,3,-3720.874
519338455,1014,254,0,3930,264,0,0,0,0,0,1,0,0,0,0,519338501,2166161467,1048575,48220,0,3,-3719.86
519339441,986,254,0,3930,248,0,0,0,0,0,1,0,0,0,0,519339487,2166161467,1048575,49208,0,3,-3718.874
519340450,1009,254,0,3930,256,0,0,0,0,0,1,0,0,0,0,519340571,2166161467,1048575,2,0,3,-3717.865
519341497,1047,254,0,3930,298,0,0,0,0,0,1,0,0,0,0,519341558,2166161467,1048575,439,0,3,-3716.818
519342433,936,254,0,3930,241,0,0,0,0,0,1,0,0,0,0,519342471,2166161467,1048575,1346,0,3,-3715.882
519343423,990,254,0,3930,231,0,0,0,0,0,1,0,0,0,0,519343456,2166161467,1048575,2332,0,3,-3714.892
519344420,997,254,0,3930,230,0,0,0,0,0,1,0,0,0,0,519344451,2166161467,1048575,3327,0,3,-3713.895
519345434,1014,254,0,3930,231,0,0,0,0,0,1,0,0,0,0,519345467,2166161467,1048575,4343,0,3,-3712.881
519346433,999,254,0,3930,233,0,0,0,0,0,1,0,0,0,0,519346466,2166161467,1048575,5341,0,3,-3711.882
519347434,1001,254,0,3930,232,0,0,0,0,0,1,0,0,0,0,519347467,2166161467,1048575,6343,0,3,-3710.881
519348429,995,254,0,3930,231,0,0,0,0,0,1,0,0,0,0,519348460,2166161467,1048575,7335,0,3,-3709.886
519349466,1037,254,0,3930,273,0,0,0,0,0,1,0,0,0,0,519349567,2166161467,1048575,8462,0,3,-3708.849
519350521,1055,254,0,3930,330,0,0,0,0,0,1,0,0,0,0,519350661,2166161467,1048575,9578,0,3,-3707.794
519351520,999,254,0,3930,326,0,0,0,0,0,1,0,0,0,0,519351611,2166161467,1048575,10517,0,3,-3706.795
519352475,955,254,0,3930,280,0,0,0,0,0,1,0,0,0,0,519352520,2166161467,1048575,11401,0,3,-3705.84
519353447,972,254,0,3930,244,0,0,0,0,0,1,0,0,0,0,519353493,2166161467,1048575,12375,0,3,-3704.868
519354464,1017,254,0,3930,266,0,0,0,0,0,1,0,0,0,0,519354510,2166161467,1048575,13390,0,3,-3703.851
519355440,976,254,0,3930,248,0,0,0,0,0,1,0,0,0,0,519355495,2166161467,1048575,14378,0,3,-3702.875
519356441,1001,254,0,3930,245,0,0,0,0,0,1,0,0,0,0,519356477,2166161467,1048575,15354,0,3,-3701.874
519357448,1007,254,0,3930,248,0,0,0,0,0,1,0,0,0,0,519357497,2166161467,1048575,16379,0,3,-3700.867
519358457,1009,254,0,3930,265,0,0,0,0,0,1,0,0,0,0,519358497,2166161467,1048575,17373,0,3,-3699.858
519359442,985,254,0,3930,247,0,0,0,0,0,1,0,0,0,0,519359492,2166161467,1048575,18375,0,3,-3698.873
519360446,1004,254,0,3930,256,0,0,0,0,0,1,0,0,0,0,519360561,2166161467,1048575,19464,0,3,-3697.869
519361492,1046,254,0,3930,296,0,0,0,0,0,1,0,0,0,0,519361544,2166161467,1048575,20426,0,3,-3696.823
519362441,949,254,0,3930,237,0,0,0,0,0,1,0,0,0,0,519362483,2166161467,1048575,21360,0,3,-3695.874
519363429,988,254,0,3930,234,0,0,0,0,0,1,0,0,0,0,519363462,2166161467,1048575,22337,0,3,-3694.886
519364428,999,254,0,3930,232,0,0,0,0,0,1,0,0,0,0,519364461,2166161467,1048575,23336,0,3,-3693.887
519365427,999,254,0,3930,232,0,0,0,0,0,1,0,0,0,0,519365459,2166161467,1048575,24334,0,3,-3692.888
519366432,1005,254,0,3930,232,0,0,0,0,0,1,0,0,0,0,519366466,2166161467,1048575,25342,0,3,-3691.883
519367426,994,254,0,3930,234,0,0,0,0,0,1,0,0,0,0,519367458,2166161467,1048575,26334,0,3,-3690.889
519368426,1000,254,0,3930,232,0,0,0,0,0,1,0,0,0,0,519368459,2166161467,1048575,27335,0,3,-3689.889
519369471,1045,254,0,3930,272,0,0,0,0,0,1,0,0,0,0,519369576,2166161467,1048575,28475,0,3,-3688.844
519370530,1059,254,0,3930,327,0,0,0,0,0,1,0,0,0,0,519370680,2166161467,1048575,29600,0,3,-3687.785
519371551,1021,254,0,3930,348,0,0,0,0,0,1,0,0,0,0,519371645,2166161467,1048575,30539,0,3,-3686.764
519372474,923,254,0,3930,276,0,0,0,0,0,1,0,0,0,0,519372518,2166161467,1048575,31398,0,3,-3685.841
519373447,973,254,0,3930,246,0,0,0,0,0,1,0,0,0,0,519373496,2166161467,1048575,32379,0,3,-3684.868
519374464,1017,254,0,3930,264,0,0,0,0,0,1,0,0,0,0,519374508,2166161467,1048575,33387,0,3,-3683.851
519375435,971,254,0,3930,244,0,0,0,0,0,1,0,0,0,0,519375484,2166161467,1048575,34367,0,3,-3682.88
519376453,1018,254,0,3930,250,0,0,0,0,0,1,0,0,0,0,519376493,2166161467,1048575,35372,0,3,-3681.862
519377445,992,254,0,3930,244,0,0,0,0,0,1,0,0,0,0,519377492,2166161467,1048575,36373,0,3,-3680.87
519378455,1010,254,0,3930,263,0,0,0,0,0,1,0,0,0,0,519378496,2166161467,1048575,37375,0,3,-3679.86
519379437,982,254,0,3930,242,0,0,0,0,0,1,0,0,0,0,519379484,2166161467,1048575,38367,0,3,-3678.878
519380462,1025,254,0,3930,259,0,0,0,0,0,1,0,0,0,0,519380583,2166161467,1048575,39487,0,3,-3677.853
519381490,1028,254,0,3930,299,0,0,0,0,0,1,0,0,0,0,519381539,2166161467,1048575,40418,0,3,-3676.825
519382427,937,254,0,3930,235,0,0,0,0,0,1,0,0,0,0,519382465,2166161467,1048575,41340,0,3,-3675.888
519383434,1007,254,0,3930,233,0,0,0,0,0,1,0,0,0,0,519383466,2166161467,1048575,42341,0,3,-3674.881
519384427,993,254,0,3930,231,0,0,0,0,0,1,0,0,0,0,519384458,2166161467,1048575,43334,0,3,-3673.888
519385425,998,254,0,3930,232,0,0,0,0,0,1,0,0,0,0,519385458,2166161467,1048575,44333,0,3,-3672.89
519386429,1004,254,0,3930,233,0,0,0,0,0,1,0,0,0,0,519386462,2166161467,1048575,45337,0,3,-3671.886
519387429,1000,254,0,3930,233,0,0,0,0,0,1,0,0,0,0,519387462,2166161467,1048575,46337,0,3,-3670.886
519388424,995,254,0,3930,231,0,0,0,0,0,1,0,0,0,0,519388454,2166161467,1048575,47330,0,3,-3669.891
519389469,1045,254,0,3930,277,0,0,0,0,0,1,0,0,0,0,519389576,2166161467,1048575,48478,0,3,-3668.846
519390532,1063,254,0,3930,330,0,0,0,0,0,1,0,0,0,0,519390676,2166161467,1048575,49595,0,3,-3667.783
519391532,1000,254,0,3930,333,0,0,0,0,0,1,0,0,0,0,519391619,2166161467,1048575,2,0,3,-3666.783
519392545,1013,254,0,3930,284,0,0,0,0,0,1,0,0,0,0,519392597,2166161467,1048575,411,0,3,-3665.77
519393452,907,254,0,3930,250,0,0,0,0,0,1,0,0,0,0,519393496,2166161467,1048575,1310,0,3,-3664.863
519394468,1016,254,0,3930,273,0,0,0,0,0,1,0,0,0,0,519394517,2166161467,1048575,2330,0,3,-3663.847
519395442,974,254,0,3930,246,0,0,0,0,0,1,0,0,0,0,519395492,2166161467,1048575,3305,0,3,-3662.873
519396443,1001,254,0,3930,251,0,0,0,0,0,1,0,0,0,0,519396485,2166161467,1048575,4295,0,3,-3661.872
519397447,1004,254,0,3930,247,0,0,0,0,0,1,0,0,0,0,519397496,2166161467,1048575,5310,0,3,-3660.868
519398460,1013,254,0,3930,267,0,0,0,0,0,1,0,0,0,0,519398507,2166161467,1048575,6320,0,3,-3659.855
519399441,981,254,0,3930,243,0,0,0,0,0,1,0,0,0,0,519399490,2166161467,1048575,7304,0,3,-3658.874
519400449,1008,254,0,3930,259,0,0,0,0,0,1,0,0,0,0,519400571,2166161467,1048575,8411,0,3,-3657.866
519401492,1043,254,0,3930,299,0,0,0,0,0,1,0,0,0,0,519401545,2166161467,1048575,9355,0,3,-3656.823
519402438,946,254,0,3930,238,0,0,0,0,0,1,0,0,0,0,519402477,2166161467,1048575,10284,0,3,-3655.877
519403431,993,254,0,3930,233,0,0,0,0,0,1,0,0,0,0,519403463,2166161467,1048575,11271,0,3,-3654.884
519404430,999,254,0,3930,232,0,0,0,0,0,1,0,0,0,0,519404462,2166161467,1048575,12270,0,3,-3653.885
519405429,999,254,0,3930,233,0,0,0,0,0,1,0,0,0,0,519405461,2166161467,1048575,13268,0,3,-3652.886
519406434,1005,254,0,3930,234,0,0,0,0,0,1,0,0,0,0,519406468,2166161467,1048575,14276,0,3,-3651.881
519407426,992,254,0,3930,233,0,0,0,0,0,1,0,0,0,0,519407458,2166161467,1048575,15265,0,3,-3650.889
519408427,1001,254,0,3930,232,0,0,0,0,0,1,0,0,0,0,519408459,2166161467,1048575,16267,0,3,-3649.888
519409474,1047,254,0,3930,276,0,0,0,0,0,1,0,0,0,0,519409575,2166161467,1048575,17410,0,3,-3648.841
519410528,1054,254,0,3930,326,0,0,0,0,0,1,0,0,0,0,519410685,2166161467,1048575,18538,0,3,-3647.787
519411551,1023,254,0,3930,348,0,0,0,0,0,1,0,0,0,0,519411635,2166161467,1048575,19466,0,3,-3646.764
519412463,912,254,0,3930,265,0,0,0,0,0,1,0,0,0,0,519412508,2166161467,1048575,20318,0,3,-3645.852
519413436,973,254,0,3930,246,0,0,0,0,0,1,0,0,0,0,519413484,2166161467,1048575,21300,0,3,-3644.879
519414468,1032,254,0,3930,267,0,0,0,0,0,1,0,0,0,0,519414514,2166161467,1048575,22325,0,3,-3643.847
519415438,970,254,0,3930,247,0,0,0,0,0,1,0,0,0,0,519415487,2166161467,1048575,23301,0,3,-3642.877
519416446,1008,254,0,3930,249,0,0,0,0,0,1,0,0,0,0,519416485,2166161467,1048575,24295,0,3,-3641.869
519417442,996,254,0,3930,245,0,0,0,0,0,1,0,0,0,0,519417488,2166161467,1048575,25302,0,3,-3640.873
519418468,1026,254,0,3930,265,0,0,0,0,0,1,0,0,0,0,519418513,2166161467,1048575,26322,0,3,-3639.847
519419437,969,254,0,3930,242,0,0,0,0,0,1,0,0,0,0,519419483,2166161467,1048575,27297,0,3,-3638.878
519420458,1021,254,0,3930,255,0,0,0,0,0,1,0,0,0,0,519420578,2166161467,1048575,28424,0,3,-3637.857
519421495,1037,254,0,3930,299,0,0,0,0,0,1,0,0,0,0,519421546,2166161467,1048575,29356,0,3,-3636.82
519422426,931,254,0,3930,236,0,0,0,0,0,1,0,0,0,0,519422468,2166161467,1048575,30275,0,3,-3635.889
519423426,1000,254,0,3930,232,0,0,0,0,0,1,0,0,0,0,519423459,2166161467,1048575,31266,0,3,-3634.889
519424426,1000,254,0,3930,232,0,0,0,0,0,1,0,0,0,0,519424459,2166161467,1048575,32267,0,3,-3633.889
519425426,1000,254,0,3930,232,0,0,0,0,0,1,0,0,0,0,519425459,2166161467,1048575,33266,0,3,-3632.889
519426434,1008,254,0,3930,234,0,0,0,0,0,1,0,0,0,0,519426469,2166161467,1048575,34276,0,3,-3631.881
519427426,992,254,0,3930,233,0,0,0,0,0,1,0,0,0,0,519427459,2166161467,1048575,35267,0,3,-3630.889
519428426,1000,254,0,3930,232,0,0,0,0,0,1,0,0,0,0,519428459,2166161467,1048575,36267,0,3,-3629.889
519429467,1041,254,0,3930,271,0,0,0,0,0,1,0,0,0,0,519429581,2166161467,1048575,37416,0,3,-3628.848
519430523,1056,254,0,3930,328,0,0,0,0,0,1,0,0,0,0,519430672,2166161467,1048575,38514,0,3,-3627.792
519431555,1032,254,0,3930,354,0,0,0,0,0,1,0,0,0,0,519431654,2166161467,1048575,39480,0,3,-3626.76
519432465,910,254,0,3930,271,0,0,0,0,0,1,0,0,0,0,519432509,2166161467,1048575,40321,0,3,-3625.85
519433443,978,254,0,3930,246,0,0,0,0,0,1,0,0,0,0,519433491,2166161467,1048575,41305,0,3,-3624.872
519434469,1026,254,0,3930,268,0,0,0,0,0,1,0,0,0,0,519434516,2166161467,1048575,42327,0,3,-3623.846
519435439,970,254,0,3930,247,0,0,0,0,0,1,0,0,0,0,519435487,2166161467,1048575,43301,0,3,-3622.876
519436447,1008,254,0,3930,249,0,0,0,0,0,1,0,0,0,0,519436486,2166161467,1048575,44295,0,3,-3621.868
519437440,993,254,0,3930,244,0,0,0,0,0,1,0,0,0,0,519437489,2166161467,1048575,45303,0,3,-3620.875
519438457,1017,254,0,3930,266,0,0,0,0,0,1,0,0,0,0,519438501,2166161467,1048575,46312,0,3,-3619.858
519439438,981,254,0,3930,246,0,0,0,0,0,1,0,0,0,0,519439484,2166161467,1048575,47297,0,3,-3618.877
519440450,1012,254,0,3930,258,0,0,0,0,0,1,0,0,0,0,519440564,2166161467,1048575,48406,0,3,-3617.865
519441494,1044,254,0,3930,292,0,0,0,0,0,1,0,0,0,0,519441547,2166161467,1048575,49359,0,3,-3616.821
519442437,943,255,1,3929,236,0,-8,0,0,0,1,0,0,0,0,519442478,2166161467,1048575,0,0,3,-3615.878
519443443,1006,255,0,3929,239,-1,-8,0,0,0,1,0,0,0,0,519443485,2166161467,1048575,481,0,3,-3614.872
519444428,985,254,-1,3930,236,-1,0,0,0,0,1,0,0,0,0,519444462,2166161467,1048575,1457,0,3,-3613.887
519445428,1000,254,0,3930,232,-1,0,0,0,0,1,0,0,0,0,519445462,2166161467,1048575,2456,0,3,-3612.887
519446430,1002,254,0,3930,231,-1,0,0,0,0,1,0,0,0,0,519446462,2166161467,1048575,3456,0,3,-3611.885
519447429,999,254,0,3930,233,-1,0,0,0,0,1,0,0,0,0,519447464,2166161467,1048575,4459,0,3,-3610.886
519448425,996,254,0,3930,230,0,0,0,0,0,1,0,0,0,0,519448456,2166161467,1048575,5451,0,3,-3609.89
519449486,1061,254,0,3930,291,0,0,0,0,0,1,0,0,0,0,519449575,2166161467,1048575,6591,0,3,-3608.829
519450530,1044,254,0,3930,330,0,0,0,0,0,1,0,0,0,0,519450698,2166161467,1048575,7738,0,3,-3607.785
519451528,998,254,0,3930,335,0,0,0,0,0,1,0,0,0,0,519451610,2166161467,1048575,8618,0,3,-3606.787
519452466,938,254,0,3930,271,0,0,0,0,0,1,0,0,0,0,519452515,2166161467,1048575,9518,0,3,-3605.849
519453444,978,254,0,3930,244,0,0,0,0,0,1,0,0,0,0,519453492,2166161467,1048575,10493,0,3,-3604.871
519454464,1020,254,0,3930,269,0,0,0,0,0,1,0,0,0,0,519454508,2166161467,1048575,11506,0,3,-3603.851
519455440,976,254,0,3930,244,0,0,0,0,0,1,0,0,0,0,519455491,2166161467,1048575,12495,0,3,-3602.875
519456444,1004,254,0,3930,253,0,0,0,0,0,1,0,0,0,0,519456485,2166161467,1048575,13482,0,3,-3601.871
519457438,994,254,0,3930,242,0,0,0,0,0,1,0,0,0,0,519457487,2166161467,1048575,14487,0,3,-3600.877
519458469,1031,254,0,3930,265,0,0,0,0,0,1,0,0,0,0,519458510,2166161467,1048575,15506,0,3,-3599.846
519459447,978,254,0,3930,243,0,0,0,0,0,1,0,0,0,0,519459501,2166161467,1048575,16501,0,3,-3598.868
519460465,1018,254,0,3930,262,0,0,0,0,0,1,0,0,0,0,519460575,2166161467,1048575,17605,0,3,-3597.85
519461493,1028,254,0,3930,298,0,0,0,0,0,1,0,0,0,0,519461544,2166161467,1048575,18542,0,3,-3596.822
519462430,937,254,0,3930,240,0,0,0,0,0,1,0,0,0,0,519462471,2166161467,1048575,19466,0,3,-3595.885
519463429,999,254,0,3930,234,0,0,0,0,0,1,0,0,0,0,519463461,2166161467,1048575,20455,0,3,-3594.886
519464428,999,254,0,3930,233,0,0,0,0,0,1,0,0,0,0,519464461,2166161467,1048575,21456,0,3,-3593.887
519465427,999,254,0,3930,232,0,0,0,0,0,1,0,0,0,0,519465459,2166161467,1048575,22454,0,3,-3592.888
519466432,1005,254,0,3930,232,0,0,0,0,0,1,0,0,0,0,519466466,2166161467,1048575,23460,0,3,-3591.883
519467426,994,254,0,3930,234,0,0,0,0,0,1,0,0,0,0,519467459,2166161467,1048575,24454,0,3,-3590.889
519468426,1000,254,0,3930,232,0,0,0,0,0,1,0,0,0,0,519468459,2166161467,1048575,25453,0,3,-3589.889
519469470,1044,255,1,3929,272,-1,-8,0,0,0,1,0,0,0,0,519469577,2166161467,1048575,26601,0,3,-3588.845
519470530,1060,254,-1,3930,327,-1,0,0,0,0,1,0,0,0,0,519470671,2166161467,1048575,27702,0,3,-3587.785
519471537,1007,254,0,3930,334,-1,0,0,0,0,1,0,0,0,0,519471625,2166161467,1048575,28649,0,3,-3586.778
519472471,934,254,0,3930,274,0,8,0,0,0,1,0,0,0,0,519472518,2166161467,1048575,29515,0,3,-3585.844
519473447,976,254,0,3930,246,0,8,0,0,0,1,0,0,0,0,519473492,2166161467,1048575,30492,0,3,-3584.868
519474466,1019,255,1,3929,267,0,-8,0,0,0,1,0,0,0,0,519474511,2166161467,1048575,31509,0,3,-3583.849
519475454,988,254,-1,3930,250,0,0,0,0,0,1,0,0,0,0,519475506,2166161467,1048575,32507,0,3,-3582.861
519476443,989,254,0,3930,246,0,0,0,0,0,1,0,0,0,0,519476484,2166161467,1048575,33483,0,3,-3581.872
519477443,1000,254,0,3930,247,0,0,0,0,0,1,0,0,0,0,519477490,2166161467,1048575,34490,0,3,-3580.872
519478460,1017,254,0,3930,264,0,0,0,0,0,1,0,0,0,0,519478503,2166161467,1048575,35501,0,3,-3579.855
519479447,987,254,0,3930,245,0,0,0,0,0,1,0,0,0,0,519479494,2166161467,1048575,36494,0,3,-3578.868
519480456,1009,254,0,3930,260,0,0,0,0,0,1,0,0,0,0,519480576,2166161467,1048575,37601,0,3,-3577.859
519481494,1038,254,0,3930,291,0,0,0,0,0,1,0,0,0,0,519481547,2166161467,1048575,38546,0,3,-3576.821
519482434,940,254,0,3930,237,0,0,0,0,0,1,0,0,0,0,519482476,2166161467,1048575,39471,0,3,-3575.881
519483430,996,255,1,3929,232,0,-8,0,0,0,1,0,0,0,0,519483464,2166161467,1048575,40459,0,3,-3574.885
519484429,999,254,-1,3930,233,0,0,0,0,0,1,0,0,0,0,519484460,2166161467,1048575,41454,0,3,-3573.886
519485425,996,254,0,3930,231,0,0,0,0,0,1,0,0,0,0,519485459,2166161467,1048575,42453,0,3,-3572.89
519486431,1006,254,0,3930,233,0,0,0,0,0,1,0,0,0,0,519486467,2166161467,1048575,43461,0,3,-3571.884
519487424,993,254,0,3930,232,0,0,0,0,0,1,0,0,0,0,519487458,2166161467,1048575,44452,0,3,-3570.891
519488422,998,254,0,3930,230,0,0,0,0,0,1,0,0,0,0,519488453,2166161467,1048575,45448,0,3,-3569.893
519489466,1044,254,0,3930,272,0,0,0,0,0,1,0,0,0,0,519489563,2166161467,1048575,46585,0,3,-3568.849
519490513,1047,255,1,3929,322,-1,-8,0,0,0,1,0,0,0,0,519490663,2166161467,1048575,47695,0,3,-3567.802
519491520,1007,254,-1,3930,327,-1,0,0,0,0,1,0,0,0,0,519491607,2166161467,1048575,48626,0,3,-3566.795
519492468,948,254,0,3930,271,-1,0,0,0,0,1,0,0,0,0,519492515,2166161467,1048575,49514,0,3,-3565.847
519493448,980,255,1,3929,244,-1,-8,0,0,0,1,0,0,0,0,519493500,2166161467,1048575,2,0,3,-3564.867
519494465,1017,255,0,3929,268,-1,-8,0,0,0,1,0,0,0,0,519494520,2166161467,1048575,466,0,3,-3563.85
519495450,985,254,-1,3930,252,-1,0,0,0,0,1,0,0,0,0,519495501,2166161467,1048575,1453,0,3,-3562.865
519496447,997,255,1,3929,254,-1,-8,0,0,0,1,0,0,0,0,519496492,2166161467,1048575,2439,0,3,-3561.868
519497444,997,255,0,3929,245,-2,-8,0,0,0,1,0,0,0,0,519497490,2166161467,1048575,3442,0,3,-3560.871
519498465,1021,255,0,3929,269,-2,-8,0,0,0,1,0,0,0,0,519498516,2166161467,1048575,4465,0,3,-3559.85
519499445,980,255,0,3929,248,-2,-8,0,0,0,1,0,0,0,0,519499492,2166161467,1048575,5444,0,3,-3558.87
519500450,1005,255,0,3929,258,-2,0,0,0,0,1,0,0,0,0,519500564,2166161467,1048575,6543,0,3,-3557.865
519501493,1043,255,0,3929,294,-2,-8,0,0,0,1,0,0,0,0,519501548,2166161467,1048575,7495,0,3,-3556.822
519502441,948,255,0,3929,240,-3,-8,0,0,0,1,0,0,0,0,519502478,2166161467,1048575,8423,0,3,-3555.874
519503430,989,255,0,3929,233,-3,-8,0,0,0,1,0,0,0,0,519503462,2166161467,1048575,9405,0,3,-3554.885
519504422,992,255,0,3929,229,-3,-8,0,0,0,1,0,0,0,0,519504449,2166161467,1048575,10394,0,3,-3553.893
519505426,1004,255,0,3929,232,-3,0,0,0,0,1,0,0,0,0,519505459,2166161467,1048575,11402,0,3,-3552.889
519506431,1005,255,0,3929,232,-3,-8,0,0,0,1,0,0,0,0,519506464,2166161467,1048575,12408,0,3,-3551.884
519507428,997,255,0,3929,233,-3,-8,0,0,0,1,0,0,0,0,519507460,2166161467,1048575,13404,0,3,-3550.887
519508421,993,255,0,3929,229,-3,-8,0,0,0,1,0,0,0,0,519508448,2166161467,1048575,14392,0,3,-3549.894
519509470,1049,255,0,3929,274,-4,-8,0,0,0,1,0,0,0,0,519509567,2166161467,1048575,15537,0,3,-3548.845
519510529,1059,255,0,3929,335,-4,-8,0,0,0,1,0,0,0,0,519510693,2166161467,1048575,16672,0,3,-3547.786
519511526,997,255,0,3929,334,-4,-8,0,0,0,1,0,0,0,0,519511612,2166161467,1048575,17581,0,3,-3546.789
519512462,936,254,-1,3930,268,-4,0,0,0,0,1,0,0,0,0,519512507,2166161467,1048575,18455,0,3,-3545.853
519513435,973,255,1,3929,243,-4,0,0,0,0,1,0,0,0,0,519513482,2166161467,1048575,19432,0,3,-3544.88
519514467,1032,255,0,3929,272,-4,-8,0,0,0,1,0,0,0,0,519514510,2166161467,1048575,20458,0,3,-3543.848
519515436,969,255,0,3929,241,-4,-8,0,0,0,1,0,0,0,0,519515490,2166161467,1048575,21441,0,3,-3542.879
519516444,1008,255,0,3929,251,-4,-8,0,0,0,1,0,0,0,0,519516482,2166161467,1048575,22428,0,3,-3541.871
519517445,1001,255,0,3929,244,-4,-8,0,0,0,1,0,0,0,0,519517493,2166161467,1048575,23443,0,3,-3540.87
519518458,1013,255,0,3929,267,-4,-8,0,0,0,1,0,0,0,0,519518499,2166161467,1048575,24444,0,3,-3539.857
519519435,977,255,0,3929,243,-5,-8,0,0,0,1,0,0,0,0,519519487,2166161467,1048575,25437,0,3,-3538.88
519520452,1017,255,0,3929,260,-5,-8,0,0,0,1,0,0,0,0,519520560,2166161467,1048575,26540,0,3,-3537.863
519521490,1038,255,0,3929,299,-5,0,0,0,0,1,0,0,0,0,519521548,2166161467,1048575,27497,0,3,-3536.825
519522434,944,255,0,3929,240,-5,-8,0,0,0,1,0,0,0,0,519522475,2166161467,1048575,28420,0,3,-3535.881
519523430,996,255,0,3929,233,-5,-8,0,0,0,1,0,0,0,0,519523462,2166161467,1048575,29407,0,3,-3534.885
519524429,999,254,-1,3930,233,-4,8,0,0,0,1,0,0,0,0,519524461,2166161467,1048575,30405,0,3,-3533.886
519525427,998,255,1,3929,232,-4,0,0,0,0,1,0,0,0,0,519525459,2166161467,1048575,31404,0,3,-3532.888
519526438,1011,255,0,3929,238,-4,-8,0,0,0,1,0,0,0,0,519526478,2166161467,1048575,32423,0,3,-3531.877
519527432,994,255,0,3929,233,-4,0,0,0,0,1,0,0,0,0,519527464,2166161467,1048575,33408,0,3,-3530.883
519528430,998,255,0,3929,233,-4,0,0,0,0,1,0,0,0,0,519528462,2166161467,1048575,34407,0,3,-3529.885
519529469,1039,255,0,3929,271,-4,0,0,0,0,1,0,0,0,0,519529568,2166161467,1048575,35538,0,3,-3528.846
519530529,1060,255,0,3929,327,-4,0,0,0,0,1,0,0,0,0,519530678,2166161467,1048575,36667,0,3,-3527.786
519531532,1003,254,-1,3930,333,-3,8,0,0,0,1,0,0,0,0,519531620,2166161467,1048575,37591,0,3,-3526.783
519532475,943,254,0,3930,271,-3,8,0,0,0,1,0,0,0,0,519532522,2166161467,1048575,38470,0,3,-3525.84
519533436,961,255,1,3929,245,-3,0,0,0,0,1,0,0,0,0,519533484,2166161467,1048575,39436,0,3,-3524.879
519534465,1029,255,0,3929,263,-3,0,0,0,0,1,0,0,0,0,519534510,2166161467,1048575,40458,0,3,-3523.85
519535456,991,255,0,3929,254,-2,0,0,0,0,1,0,0,0,0,519535510,2166161467,1048575,41461,0,3,-3522.859
519536444,988,255,0,3929,246,-2,0,0,0,0,1,0,0,0,0,519536487,2166161467,1048575,42435,0,3,-3521.871
519537440,996,255,0,3929,244,-2,0,0,0,0,1,0,0,0,0,519537485,2166161467,1048575,43436,0,3,-3520.875
519538458,1018,255,0,3929,264,-2,0,0,0,0,1,0,0,0,0,519538503,2166161467,1048575,44452,0,3,-3519.857
519539446,988,255,0,3929,244,-2,0,0,0,0,1,0,0,0,0,519539494,2166161467,1048575,45446,0,3,-3518.869
519540448,1002,255,0,3929,256,-2,0,0,0,0,1,0,0,0,0,519540554,2166161467,1048575,46533,0,3,-3517.867
519541496,1048,255,0,3929,294,-2,0,0,0,0,1,0,0,0,0,519541555,2166161467,1048575,47504,0,3,-3516.819
519542443,947,255,0,3929,242,-2,0,0,0,0,1,0,0,0,0,519542488,2166161467,1048575,48432,0,3,-3515.872
519543428,985,255,0,3929,232,-2,-8,0,0,0,1,0,0,0,0,519543461,2166161467,1048575,49405,0,3,-3514.887
519544426,998,255,0,3929,231,-2,0,0,0,0,1,0,0,0,0,519544459,2166161467,1048575,1,0,3,-3513.889
519545437,1011,255,0,3929,237,-2,0,0,0,0,1,0,0,0,0,519545482,2166161467,1048575,496,0,3,-3512.878
519546441,1004,255,0,3929,240,-2,0,0,0,0,1,0,0,0,0,519546477,2166161467,1048575,1489,0,3,-3511.874
519547430,989,255,0,3929,233,-2,0,0,0,0,1,0,0,0,0,519547466,2166161467,1048575,2478,0,3,-3510.885
519548428,998,255,0,3929,230,-2,0,0,0,0,1,0,0,0,0,519548459,2166161467,1048575,3472,0,3,-3509.887
519549479,1051,255,0,3929,283,-2,0,0,0,0,1,0,0,0,0,519549581,2166161467,1048575,4623,0,3,-3508.836
519550534,1055,255,0,3929,333,-2,0,0,0,0,1,0,0,0,0,519550679,2166161467,1048575,5723,0,3,-3507.781
519551523,989,255,0,3929,332,-2,0,0,0,0,1,0,0,0,0,519551615,2166161467,1048575,6654,0,3,-3506.792
519552468,945,255,0,3929,273,-1,0,0,0,0,1,0,0,0,0,519552514,2166161467,1048575,7530,0,3,-3505.847
519553439,971,255,0,3929,243,-1,0,0,0,0,1,0,0,0,0,519553489,2166161467,1048575,8509,0,3,-3504.876
519554470,1031,255,0,3929,270,-2,-8,0,0,0,1,0,0,0,0,519554514,2166161467,1048575,9530,0,3,-3503.845
519555452,982,255,0,3929,248,-2,0,0,0,0,1,0,0,0,0,519555508,2166161467,1048575,10527,0,3,-3502.863
519556442,990,255,0,3929,245,-2,0,0,0,0,1,0,0,0,0,519556483,2166161467,1048575,11497,0,3,-3501.873
519557447,1005,255,0,3929,248,-1,0,0,0,0,1,0,0,0,0,519557498,2166161467,1048575,12516,0,3,-3500.868
519558463,1016,255,0,3929,268,-1,0,0,0,0,1,0,0,0,0,519558506,2166161467,1048575,13522,0,3,-3499.852
519559441,978,255,0,3929,248,-1,0,0,0,0,1,0,0,0,0,519559496,2166161467,1048575,14516,0,3,-3498.874
519560448,1007,255,0,3929,257,-1,0,0,0,0,1,0,0,0,0,519560556,2166161467,1048575,15605,0,3,-3497.867
519561499,1051,255,0,3929,300,-1,0,0,0,0,1,0,0,0,0,519561559,2166161467,1048575,16575,0,3,-3496.816
519562442,943,255,0,3929,239,-2,-8,0,0,0,1,0,0,0,0,519562487,2166161467,1048575,17499,0,3,-3495.873
519563429,987,255,0,3929,234,-2,-8,0,0,0,1,0,0,0,0,519563462,2166161467,1048575,18475,0,3,-3494.886
519564428,999,255,0,3929,232,-2,0,0,0,0,1,0,0,0,0,519564461,2166161467,1048575,19473,0,3,-3493.887
519565426,998,255,0,3929,231,-2,0,0,0,0,1,0,0,0,0,519565460,2166161467,1048575,20472,0,3,-3492.889
519566436,1010,255,0,3929,235,-2,0,0,0,0,1,0,0,0,0,519566475,2166161467,1048575,21488,0,3,-3491.879
519567430,994,255,0,3929,234,-1,0,0,0,0,1,0,0,0,0,519567463,2166161467,1048575,22475,0,3,-3490.885
519568429,999,255,0,3929,232,-1,0,0,0,0,1,0,0,0,0,519568462,2166161467,1048575,23475,0,3,-3489.886
519569468,1039,255,0,3929,270,-1,0,0,0,0,1,0,0,0,0,519569572,2166161467,1048575,24614,0,3,-3488.847
519570518,1050,255,0,3929,322,-1,0,0,0,0,1,0,0,0,0,519570666,2166161467,1048575,25714,0,3,-3487.797
519571522,1004,255,0,3929,331,-1,0,0,0,0,1,0,0,0,0,519571609,2166161467,1048575,26648,0,3,-3486.793
519572462,940,255,0,3929,270,-1,0,0,0,0,1,0,0,0,0,519572509,2166161467,1048575,27525,0,3,-3485.853
519573438,976,255,0,3929,245,-1,0,0,0,0,1,0,0,0,0,519573487,2166161467,1048575,28507,0,3,-3484.877
519574465,1027,255,0,3929,267,-1,0,0,0,0,1,0,0,0,0,519574510,2166161467,1048575,29526,0,3,-3483.85
519575451,986,255,0,3929,249,-1,0,0,0,0,1,0,0,0,0,519575502,2166161467,1048575,30520,0,3,-3482.864
519576445,994,255,0,3929,249,-1,0,0,0,0,1,0,0,0,0,519576489,2166161467,1048575,31504,0,3,-3481.87
519577441,996,255,0,3929,242,-1,0,0,0,0,1,0,0,0,0,519577485,2166161467,1048575,32503,0,3,-3480.874
519578466,1025,255,0,3929,266,-1,0,0,0,0,1,0,0,0,0,519578513,2166161467,1048575,33529,0,3,-3479.849
519579440,974,255,0,3929,245,-1,0,0,0,0,1,0,0,0,0,519579484,2166161467,1048575,34503,0,3,-3478.875
519580469,1029,255,0,3929,265,-1,0,0,0,0,1,0,0,0,0,519580585,2166161467,1048575,35624,0,3,-3477.846
519581490,1021,255,0,3929,292,-1,0,0,0,0,1,0,0,0,0,519581538,2166161467,1048575,36552,0,3,-3476.825
519582436,946,255,0,3929,236,-1,0,0,0,0,1,0,0,0,0,519582471,2166161467,1048575,37484,0,3,-3475.879
519583426,990,255,0,3929,233,-1,0,0,0,0,1,0,0,0,0,519583458,2166161467,1048575,38469,0,3,-3474.889
519584417,991,255,0,3929,228,-1,0,0,0,0,1,0,0,0,0,519584444,2166161467,1048575,39457,0,3,-3473.898
519585425,1008,255,0,3929,232,-1,0,0,0,0,1,0,0,0,0,519585457,2166161467,1048575,40468,0,3,-3472.89
519586426,1001,255,0,3929,232,-1,0,0,0,0,1,0,0,0,0,519586454,2166161467,1048575,41466,0,3,-3471.889
519587424,998,255,0,3929,233,-1,0,0,0,0,1,0,0,0,0,519587456,2166161467,1048575,42468,0,3,-3470.891
519588431,1007,255,0,3929,228,-1,0,0,0,0,1,0,0,0,0,519588458,2166161467,1048575,43471,0,3,-3469.884
519589468,1037,255,0,3929,275,-1,0,0,0,0,1,0,0,0,0,519589570,2166161467,1048575,44612,0,3,-3468.847
519590516,1048,255,0,3929,317,-1,0,0,0,0,1,0,0,0,0,519590656,2166161467,1048575,45701,0,3,-3467.799
519591541,1025,255,0,3929,346,-1,0,0,0,0,1,0,0,0,0,519591636,2166161467,1048575,46668,0,3,-3466.774
519592463,922,255,0,3929,272,-1,0,0,0,0,1,0,0,0,0,519592509,2166161467,1048575,47524,0,3,-3465.852
519593450,987,255,0,3929,246,-1,0,0,0,0,1,0,0,0,0,519593498,2166161467,1048575,48517,0,3,-3464.865
519594467,1017,255,0,3929,266,-1,0,0,0,0,1,0,0,0,0,519594513,2166161467,1048575,49526,0,3,-3463.848
519595440,973,255,0,3929,245,0,0,0,0,0,1,0,0,0,0,519595493,2166161467,1048575,1,0,3,-3462.875
519596464,1024,255,0,3929,260,0,0,0,0,0,1,0,0,0,0,519596512,2166161467,1048575,477,0,3,-3461.851
519597451,987,255,0,3929,256,0,0,0,0,0,1,0,0,0,0,519597502,2166161467,1048575,1471,0,3,-3460.864
519598458,1007,255,0,3929,264,0,0,0,0,0,1,0,0,0,0,519598508,2166161467,1048575,2475,0,3,-3459.857
519599442,984,255,0,3929,247,0,0,0,0,0,1,0,0,0,0,519599490,2166161467,1048575,3458,0,3,-3458.873
519600470,1028,255,0,3929,267,0,0,0,0,0,1,0,0,0,0,519600576,2166161467,1048575,4572,0,3,-3457.845
519601488,1018,255,0,3929,295,0,0,0,0,0,1,0,0,0,0,519601545,2166161467,1048575,5508,0,3,-3456.827
519602436,948,255,0,3929,233,0,0,0,0,0,1,0,0,0,0,519602468,2166161467,1048575,6430,0,3,-3455.879
519603424,988,255,0,3929,232,0,0,0,0,0,1,0,0,0,0,519603457,2166161467,1048575,7418,0,3,-3454.891
519604431,1007,255,0,3929,229,0,0,0,0,0,1,0,0,0,0,519604459,2166161467,1048575,8421,0,3,-3453.884
519605426,995,255,0,3929,233,0,0,0,0,0,1,0,0,0,0,519605458,2166161467,1048575,9420,0,3,-3452.889
519606426,1000,255,0,3929,232,0,0,0,0,0,1,0,0,0,0,519606458,2166161467,1048575,10420,0,3,-3451.889
519607427,1001,255,0,3929,234,0,0,0,0,0,1,0,0,0,0,519607459,2166161467,1048575,11420,0,3,-3450.888
519608419,992,255,0,3929,229,0,0,0,0,0,1,0,0,0,0,519608446,2166161467,1048575,12409,0,3,-3449.896
519609466,1047,255,0,3929,273,0,0,0,0,0,1,0,0,0,0,519609562,2166161467,1048575,13550,0,3,-3448.849
519610521,1055,255,0,3929,323,0,0,0,0,0,1,0,0,0,0,519610684,2166161467,1048575,14691,0,3,-3447.794
519611521,1000,255,0,3929,330,0,0,0,0,0,1,0,0,0,0,519611606,2166161467,1048575,15588,0,3,-3446.794
519612464,943,255,0,3929,271,0,0,0,0,0,1,0,0,0,0,519612511,2166161467,1048575,16478,0,3,-3445.851
519613439,975,255,0,3929,245,0,0,0,0,0,1,0,0,0,0,519613486,2166161467,1048575,17454,0,3,-3444.876
519614463,1024,255,0,3929,265,0,0,0,0,0,1,0,0,0,0,519614512,2166161467,1048575,18479,0,3,-3443.852
519615438,975,255,0,3929,247,0,0,0,0,0,1,0,0,0,0,519615490,2166161467,1048575,19459,0,3,-3442.877
519616441,1003,255,0,3929,250,0,0,0,0,0,1,0,0,0,0,519616479,2166161467,1048575,20444,0,3,-3441.874
519617445,1004,255,0,3929,243,0,0,0,0,0,1,0,0,0,0,519617492,2166161467,1048575,21460,0,3,-3440.87
519618455,1010,255,0,3929,264,0,0,0,0,0,1,0,0,0,0,519618498,2166161467,1048575,22463,0,3,-3439.86
519619451,996,255,0,3929,247,0,0,0,0,0,1,0,0,0,0,519619498,2166161467,1048575,23468,0,3,-3438.864
519620462,1011,255,0,3929,259,0,0,0,0,0,1,0,0,0,0,519620574,2166161467,1048575,24570,0,3,-3437.853
519621495,1033,255,0,3929,296,0,0,0,0,0,1,0,0,0,0,519621543,2166161467,1048575,25510,0,3,-3436.82
519622439,944,255,0,3929,237,0,0,0,0,0,1,0,0,0,0,519622477,2166161467,1048575,26440,0,3,-3435.876
519623432,993,255,0,3929,233,0,0,0,0,0,1,0,0,0,0,519623464,2166161467,1048575,27426,0,3,-3434.883
519624425,993,255,0,3929,231,0,0,0,0,0,1,0,0,0,0,519624456,2166161467,1048575,28419,0,3,-3433.89
519625426,1001,255,0,3929,233,0,0,0,0,0,1,0,0,0,0,519625458,2166161467,1048575,29420,0,3,-3432.889
519626430,1004,255,0,3929,233,0,0,0,0,0,1,0,0,0,0,519626462,2166161467,1048575,30424,0,3,-3431.885
519627430,1000,255,0,3929,233,0,0,0,0,0,1,0,0,0,0,519627462,2166161467,1048575,31425,0,3,-3430.885
519628424,994,255,0,3929,231,0,0,0,0,0,1,0,0,0,0,519628455,2166161467,1048575,32417,0,3,-3429.891
519629467,1043,255,0,3929,272,0,0,0,0,0,1,0,0,0,0,519629578,2166161467,1048575,33568,0,3,-3428.848
519630528,1061,255,0,3929,327,0,0,0,0,0,1,0,0,0,0,519630665,2166161467,1048575,34660,0,3,-3427.787
519631535,1007,255,0,3929,340,0,0,0,0,0,1,0,0,0,0,519631628,2166161467,1048575,35611,0,3,-3426.78
519632465,930,255,0,3929,271,0,0,0,0,0,1,0,0,0,0,519632511,2166161467,1048575,36476,0,3,-3425.85
519633437,972,255,0,3929,246,0,0,0,0,0,1,0,0,0,0,519633484,2166161467,1048575,37454,0,3,-3424.878
519634465,1028,255,0,3929,265,0,0,0,0,0,1,0,0,0,0,519634511,2166161467,1048575,38477,0,3,-3423.85
519635439,974,255,0,3929,248,0,0,0,0,0,1,0,0,0,0,519635490,2166161467,1048575,39458,0,3,-3422.876
519636443,1004,255,0,3929,251,0,0,0,0,0,1,0,0,0,0,519636483,2166161467,1048575,40447,0,3,-3421.872
519637440,997,255,0,3929,243,0,0,0,0,0,1,0,0,0,0,519637490,2166161467,1048575,41459,0,3,-3420.875
519638467,1027,255,0,3929,265,0,0,0,0,0,1,0,0,0,0,519638511,2166161467,1048575,42476,0,3,-3419.848
519639439,972,255,0,3929,243,0,0,0,0,0,1,0,0,0,0,519639486,2166161467,1048575,43454,0,3,-3418.876
519640467,1028,255,0,3929,267,0,0,0,0,0,1,0,0,0,0,519640574,2166161467,1048575,44564,0,3,-3417.848
519641497,1030,255,0,3929,295,0,0,0,0,0,1,0,0,0,0,519641549,2166161467,1048575,45513,0,3,-3416.818
519642434,937,255,0,3929,235,0,0,0,0,0,1,0,0,0,0,519642469,2166161467,1048575,46431,0,3,-3415.881
519643424,990,255,0,3929,233,0,0,0,0,0,1,0,0,0,0,519643456,2166161467,1048575,47418,0,3,-3414.891
519644417,993,255,0,3929,229,0,0,0,0,0,1,0,0,0,0,519644444,2166161467,1048575,48407,0,3,-3413.898
519645425,1008,255,0,3929,233,0,0,0,0,0,1,0,0,0,0,519645457,2166161467,1048575,49418,0,3,-3412.89
519646424,999,255,0,3929,230,0,0,0,0,0,1,0,0,0,0,519646453,2166161467,1048575,1,0,3,-3411.891
519647430,1006,255,0,3929,239,0,0,0,0,0,1,0,0,0,0,519647470,2166161467,1048575,490,0,3,-3410.885
519648428,998,255,0,3929,236,0,0,0,0,0,1,0,0,0,0,519648462,2166161467,1048575,1482,0,3,-3409.887
519649491,1063,255,0,3929,286,0,0,0,0,0,1,0,0,0,0,519649587,2166161467,1048575,2633,0,3,-3408.824
519650520,1029,255,0,3929,323,0,0,0,0,0,1,0,0,0,0,519650668,2166161467,1048575,3726,0,3,-3407.795
519651524,1004,255,0,3929,326,0,0,0,0,0,1,0,0,0,0,519651608,2166161467,1048575,4644,0,3,-3406.791
519652482,958,255,0,3929,279,0,0,0,0,0,1,0,0,0,0,519652536,2166161467,1048575,5563,0,3,-3405.833
519653439,957,255,0,3929,242,0,0,0,0,0,1,0,0,0,0,519653488,2166161467,1048575,6515,0,3,-3404.876
519654472,1033,255,0,3929,268,0,0,0,0,0,1,0,0,0,0,519654515,2166161467,1048575,7539,0,3,-3403.843
519655441,969,255,0,3929,247,0,0,0,0,0,1,0,0,0,0,519655499,2166161467,1048575,8524,0,3,-3402.874
519656448,1007,255,0,3929,249,0,0,0,0,0,1,0,0,0,0,519656487,2166161467,1048575,9511,0,3,-3401.867
519657443,995,255,0,3929,245,0,0,0,0,0,1,0,0,0,0,519657490,2166161467,1048575,10516,0,3,-3400.872
519658459,1016,255,0,3929,265,0,0,0,0,0,1,0,0,0,0,519658499,2166161467,1048575,11519,0,3,-3399.856
519659436,977,255,0,3929,242,0,0,0,0,0,1,0,0,0,0,519659486,2166161467,1048575,12511,0,3,-3398.879
519660471,1035,255,0,3929,269,0,0,0,0,0,1,0,0,0,0,519660583,2166161467,1048575,13633,0,3,-3397.844
519661488,1017,255,0,3929,296,0,0,0,0,0,1,0,0,0,0,519661537,2166161467,1048575,14559,0,3,-3396.827
519662432,944,255,0,3929,235,0,0,0,0,0,1,0,0,0,0,519662472,2166161467,1048575,15492,0,3,-3395.883
519663429,997,255,0,3929,235,0,0,0,0,0,1,0,0,0,0,519663461,2166161467,1048575,16480,0,3,-3394.886
519664423,994,255,0,3929,231,0,0,0,0,0,1,0,0,0,0,519664454,2166161467,1048575,17473,0,3,-3393.892
519665423,1000,255,0,3929,232,0,0,0,0,0,1,0,0,0,0,519665455,2166161467,1048575,18475,0,3,-3392.892
519666422,999,255,0,3929,231,0,0,0,0,0,1,0,0,0,0,519666454,2166161467,1048575,19473,0,3,-3391.893
519667427,1005,255,0,3929,235,0,0,0,0,0,1,0,0,0,0,519667459,2166161467,1048575,20479,0,3,-3390.888
519668423,996,255,0,3929,231,0,0,0,0,0,1,0,0,0,0,519668454,2166161467,1048575,21473,0,3,-3389.892
519669464,1041,255,0,3929,273,0,0,0,0,0,1,0,0,0,0,519669565,2166161467,1048575,22614,0,3,-3388.851
519670531,1067,255,0,3929,329,0,0,0,0,0,1,0,0,0,0,519670678,2166161467,1048575,23732,0,3,-3387.784
519671530,999,255,0,3929,332,0,0,0,0,0,1,0,0,0,0,519671615,2166161467,1048575,24661,0,3,-3386.785
519672464,934,255,0,3929,272,0,0,0,0,0,1,0,0,0,0,519672510,2166161467,1048575,25532,0,3,-3385.851
519673435,971,255,0,3929,245,0,0,0,0,0,1,0,0,0,0,519673482,2166161467,1048575,26510,0,3,-3384.88
519674470,1035,255,0,3929,268,0,0,0,0,0,1,0,0,0,0,519674519,2166161467,1048575,27542,0,3,-3383.845
519675440,970,255,0,3929,247,0,0,0,0,0,1,0,0,0,0,519675489,2166161467,1048575,28516,0,3,-3382.875
519676442,1002,255,0,3929,246,0,0,0,0,0,1,0,0,0,0,519676481,2166161467,1048575,29501,0,3,-3381.873
519677446,1004,255,0,3929,248,0,0,0,0,0,1,0,0,0,0,519677492,2166161467,1048575,30517,0,3,-3380.869
519678460,1014,255,0,3929,263,0,0,0,0,0,1,0,0,0,0,519678505,2166161467,1048575,31529,0,3,-3379.855
519679438,978,255,0,3929,246,0,0,0,0,0,1,0,0,0,0,519679484,2166161467,1048575,32509,0,3,-3378.877
519680453,1015,255,0,3929,256,0,0,0,0,0,1,0,0,0,0,519680572,2166161467,1048575,33621,0,3,-3377.862
519681483,1030,255,0,3929,292,0,0,0,0,0,1,0,0,0,0,519681536,2166161467,1048575,34558,0,3,-3376.832
519682432,949,255,0,3929,235,0,0,0,0,0,1,0,0,0,0,519682472,2166161467,1048575,35491,0,3,-3375.883
519683426,994,255,0,3929,232,0,0,0,0,0,1,0,0,0,0,519683459,2166161467,1048575,36479,0,3,-3374.889
519684423,997,255,0,3929,231,0,0,0,0,0,1,0,0,0,0,519684454,2166161467,1048575,37473,0,3,-3373.892
519685422,999,255,0,3929,231,0,0,0,0,0,1,0,0,0,0,519685455,2166161467,1048575,38475,0,3,-3372.893
519686426,1004,255,0,3929,235,0,0,0,0,0,1,0,0,0,0,519686460,2166161467,1048575,39480,0,3,-3371.889
519687427,1001,255,0,3929,232,0,0,0,0,0,1,0,0,0,0,519687460,2166161467,1048575,40479,0,3,-3370.888
519688422,995,255,0,3929,230,0,0,0,0,0,1,0,0,0,0,519688454,2166161467,1048575,41473,0,3,-3369.893
519689464,1042,255,0,3929,269,0,0,0,0,0,1,0,0,0,0,519689556,2166161467,1048575,42603,0,3,-3368.851
519690517,1053,255,0,3929,325,0,0,0,0,0,1,0,0,0,0,519690672,2166161467,1048575,43739,0,3,-3367.798
519691543,1026,255,0,3929,339,0,0,0,0,0,1,0,0,0,0,519691627,2166161467,1048575,44672,0,3,-3366.772
519692466,923,255,0,3929,271,0,0,0,0,0,1,0,0,0,0,519692511,2166161467,1048575,45535,0,3,-3365.849
519693436,970,255,0,3929,244,0,0,0,0,0,1,0,0,0,0,519693485,2166161467,1048575,46513,0,3,-3364.879
519694463,1027,255,0,3929,265,0,0,0,0,0,1,0,0,0,0,519694508,2166161467,1048575,47531,0,3,-3363.852
519695440,977,255,0,3929,243,0,0,0,0,0,1,0,0,0,0,519695489,2166161467,1048575,48514,0,3,-3362.875
519696454,1014,255,0,3929,251,0,0,0,0,0,1,0,0,0,0,519696491,2166161467,1048575,49512,0,3,-3361.861
519697433,979,255,0,3929,243,0,0,0,0,0,1,0,0,0,0,519697483,2166161467,1048575,2,0,3,-3360.882
519698476,1043,255,0,3929,272,0,0,0,0,0,1,0,0,0,0,519698523,2166161467,1048575,489,0,3,-3359.839
519699459,983,255,0,3929,255,0,0,0,0,0,1,0,0,0,0,519699509,2166161467,1048575,1484,0,3,-3358.856
519700452,993,255,0,3929,256,0,0,0,0,0,1,0,0,0,0,519700567,2166161467,1048575,2569,0,3,-3357.863
519701489,1037,255,0,3929,298,0,0,0,0,0,1,0,0,0,0,519701542,2166161467,1048575,3511,0,3,-3356.826
519702431,942,255,0,3929,240,0,0,0,0,0,1,0,0,0,0,519702472,2166161467,1048575,4437,0,3,-3355.884
519703428,997,255,0,3929,233,0,0,0,0,0,1,0,0,0,0,519703460,2166161467,1048575,5424,0,3,-3354.887
519704427,999,255,0,3929,233,0,0,0,0,0,1,0,0,0,0,519704459,2166161467,1048575,6424,0,3,-3353.888
519705427,1000,255,0,3929,233,0,0,0,0,0,1,0,0,0,0,519705459,2166161467,1048575,7423,0,3,-3352.888
519706434,1007,255,0,3929,234,0,0,0,0,0,1,0,0,0,0,519706468,2166161467,1048575,8432,0,3,-3351.881
519707426,992,255,0,3929,233,0,0,0,0,0,1,0,0,0,0,519707459,2166161467,1048575,9423,0,3,-3350.889
519708426,1000,255,0,3929,232,0,0,0,0,0,1,0,0,0,0,519708459,2166161467,1048575,10423,0,3,-3349.889
519709463,1037,255,0,3929,269,0,0,0,0,0,1,0,0,0,0,519709561,2166161467,1048575,11550,0,3,-3348.852
519710536,1073,255,0,3929,337,0,0,0,0,0,1,0,0,0,0,519710686,2166161467,1048575,12689,0,3,-3347.779
519711526,990,255,0,3929,332,0,0,0,0,0,1,0,0,0,0,519711611,2166161467,1048575,13599,0,3,-3346.789
519712466,940,255,0,3929,273,0,0,0,0,0,1,0,0,0,0,519712514,2166161467,1048575,14485,0,3,-3345.849
519713435,969,255,0,3929,245,0,0,0,0,0,1,0,0,0,0,519713482,2166161467,1048575,15454,0,3,-3344.88
519714462,1027,255,0,3929,261,0,0,0,0,0,1,0,0,0,0,519714509,2166161467,1048575,16477,0,3,-3343.853
519715439,977,255,0,3929,248,0,0,0,0,0,1,0,0,0,0,519715488,2166161467,1048575,17458,0,3,-3342.876
519716451,1012,255,0,3929,249,0,0,0,0,0,1,0,0,0,0,519716493,2166161467,1048575,18460,0,3,-3341.864
519717440,989,255,0,3929,240,0,0,0,0,0,1,0,0,0,0,519717486,2166161467,1048575,19456,0,3,-3340.875
519718468,1028,255,0,3929,264,0,0,0,0,0,1,0,0,0,0,519718508,2166161467,1048575,20473,0,3,-3339.847
519719446,978,255,0,3929,243,0,0,0,0,0,1,0,0,0,0,519719492,2166161467,1048575,21462,0,3,-3338.869
519720449,1003,255,0,3929,257,0,0,0,0,0,1,0,0,0,0,519720557,2166161467,1048575,22560,0,3,-3337.866
519721492,1043,255,0,3929,300,0,0,0,0,0,1,0,0,0,0,519721548,2166161467,1048575,23516,0,3,-3336.823
519722428,936,255,0,3929,238,0,0,0,0,0,1,0,0,0,0,519722471,2166161467,1048575,24435,0,3,-3335.887
519723428,1000,255,0,3929,233,0,0,0,0,0,1,0,0,0,0,519723461,2166161467,1048575,25425,0,3,-3334.887
519724426,998,255,0,3929,231,0,0,0,0,0,1,0,0,0,0,519724460,2166161467,1048575,26424,0,3,-3333.889
519725426,1000,255,0,3929,232,0,0,0,0,0,1,0,0,0,0,519725459,2166161467,1048575,27423,0,3,-3332.889
519726433,1007,255,0,3929,233,0,0,0,0,0,1,0,0,0,0,519726468,2166161467,1048575,28433,0,3,-3331.882
519727426,993,255,0,3929,233,0,0,0,0,0,1,0,0,0,0,519727459,2166161467,1048575,29423,0,3,-3330.889
519728426,1000,255,0,3929,232,0,0,0,0,0,1,0,0,0,0,519728459,2166161467,1048575,30424,0,3,-3329.889
519729464,1038,255,0,3929,269,0,0,0,0,0,1,0,0,0,0,519729570,2166161467,1048575,31565,0,3,-3328.851
519730527,1063,255,0,3929,325,0,0,0,0,0,1,0,0,0,0,519730668,2166161467,1048575,32668,0,3,-3327.788
519731544,1017,255,0,3929,352,0,0,0,0,0,1,0,0,0,0,519731640,2166161467,1048575,33621,0,3,-3326.771
519732465,921,255,0,3929,272,0,0,0,0,0,1,0,0,0,0,519732511,2166161467,1048575,34480,0,3,-3325.85
519733441,976,255,0,3929,246,0,0,0,0,0,1,0,0,0,0,519733490,2166161467,1048575,35461,0,3,-3324.874
519734466,1025,255,0,3929,267,0,0,0,0,0,1,0,0,0,0,519734511,2166161467,1048575,36477,0,3,-3323.849
519735437,971,255,0,3929,244,0,0,0,0,0,1,0,0,0,0,519735489,2166161467,1048575,37460,0,3,-3322.878
519736442,1005,255,0,3929,249,0,0,0,0,0,1,0,0,0,0,519736481,2166161467,1048575,38447,0,3,-3321.873
519737445,1003,255,0,3929,244,0,0,0,0,0,1,0,0,0,0,519737491,2166161467,1048575,39461,0,3,-3320.87
519738457,1012,255,0,3929,265,0,0,0,0,0,1,0,0,0,0,519738501,2166161467,1048575,40469,0,3,-3319.858
519739436,979,255,0,3929,246,0,0,0,0,0,1,0,0,0,0,519739480,2166161467,1048575,41451,0,3,-3318.879
519740453,1017,255,0,3929,256,0,0,0,0,0,1,0,0,0,0,519740566,2166161467,1048575,42562,0,3,-3317.862
519741494,1041,255,0,3929,300,0,0,0,0,0,1,0,0,0,0,519741542,2166161467,1048575,43508,0,3,-3316.821
519742433,939,255,0,3929,235,0,0,0,0,0,1,0,0,0,0,519742470,2166161467,1048575,44435,0,3,-3315.882
519743425,992,255,0,3929,233,0,0,0,0,0,1,0,0,0,0,519743457,2166161467,1048575,45420,0,3,-3314.89
519744417,992,255,0,3929,229,0,0,0,0,0,1,0,0,0,0,519744444,2166161467,1048575,46409,0,3,-3313.898
519745425,1008,255,0,3929,233,0,0,0,0,0,1,0,0,0,0,519745457,2166161467,1048575,47420,0,3,-3312.89
519746424,999,255,0,3929,230,0,0,0,0,0,1,0,0,0,0,519746453,2166161467,1048575,48417,0,3,-3311.891
519747436,1012,255,0,3929,233,0,0,0,0,0,1,0,0,0,0,519747468,2166161467,1048575,49432,0,3,-3310.879
519748426,990,255,0,3929,229,0,0,0,0,0,1,0,0,0,0,519748453,2166161467,1048575,2,0,3,-3309.889
519749480,1054,255,0,3929,276,0,0,0,0,0,1,0,0,0,0,519749594,2166161467,1048575,600,0,3,-3308.835
519750531,1051,255,0,3929,329,0,0,0,0,0,1,0,0,0,0,519750669,2166161467,1048575,1686,0,3,-3307.784
519751521,990,255,0,3929,329,0,0,0,0,0,1,0,0,0,0,519751612,2166161467,1048575,2614,0,3,-3306.794
519752473,952,255,0,3929,276,0,0,0,0,0,1,0,0,0,0,519752519,2166161467,1048575,3503,0,3,-3305.842
519753441,968,255,0,3929,245,0,0,0,0,0,1,0,0,0,0,519753488,2166161467,1048575,4474,0,3,-3304.874
519754461,1020,255,0,3929,264,0,0,0,0,0,1,0,0,0,0,519754505,2166161467,1048575,5489,0,3,-3303.854
519755444,983,255,0,3929,245,0,0,0,0,0,1,0,0,0,0,519755493,2166161467,1048575,6487,0,3,-3302.871
519756446,1002,255,0,3929,251,0,0,0,0,0,1,0,0,0,0,519756488,2166161467,1048575,7469,0,3,-3301.869
519757440,994,255,0,3929,243,0,0,0,0,0,1,0,0,0,0,519757488,2166161467,1048575,8475,0,3,-3300.875
519758456,1016,255,0,3929,265,0,0,0,0,0,1,0,0,0,0,519758498,2166161467,1048575,9480,0,3,-3299.859
519759446,990,255,0,3929,245,0,0,0,0,0,1,0,0,0,0,519759493,2166161467,1048575,10479,0,3,-3298.869
519760465,1019,255,0,3929,262,0,0,0,0,0,1,0,0,0,0,519760570,2166161467,1048575,11579,0,3,-3297.85
519761490,1025,255,0,3929,299,0,0,0,0,0,1,0,0,0,0,519761543,2166161467,1048575,12529,0,3,-3296.825
519762438,948,255,0,3929,238,0,0,0,0,0,1,0,0,0,0,519762476,2166161467,1048575,13459,0,3,-3295.877
519763425,987,255,0,3929,231,0,0,0,0,0,1,0,0,0,0,519763456,2166161467,1048575,14436,0,3,-3294.89
519764435,1010,255,0,3929,232,0,0,0,0,0,1,0,0,0,0,519764468,2166161467,1048575,15448,0,3,-3293.88
519765422,987,255,0,3929,231,0,0,0,0,0,1,0,0,0,0,519765452,2166161467,1048575,16432,0,3,-3292.893
519766432,1010,255,0,3929,234,0,0,0,0,0,1,0,0,0,0,519766466,2166161467,1048575,17447,0,3,-3291.883
519767422,990,255,0,3929,231,0,0,0,0,0,1,0,0,0,0,519767452,2166161467,1048575,18433,0,3,-3290.893
519768430,1008,255,0,3929,232,0,0,0,0,0,1,0,0,0,0,519768462,2166161467,1048575,19443,0,3,-3289.885
519769467,1037,255,0,3929,271,0,0,0,0,0,1,0,0,0,0,519769570,2166161467,1048575,20576,0,3,-3288.848
519770531,1064,255,0,3929,328,0,0,0,0,0,1,0,0,0,0,519770691,2166161467,1048575,21710,0,3,-3287.784
519771519,988,255,0,3929,326,0,0,0,0,0,1,0,0,0,0,519771601,2166161467,1048575,22601,0,3,-3286.796
519772473,954,255,0,3929,277,0,0,0,0,0,1,0,0,0,0,519772522,2166161467,1048575,23510,0,3,-3285.842
519773440,967,255,0,3929,244,0,0,0,0,0,1,0,0,0,0,519773488,2166161467,1048575,24475,0,3,-3284.875
519774464,1024,255,0,3929,267,0,0,0,0,0,1,0,0,0,0,519774509,2166161467,1048575,25493,0,3,-3283.851
519775435,971,255,0,3929,240,0,0,0,0,0,1,0,0,0,0,519775490,2166161467,1048575,26479,0,3,-3282.88
519776456,1021,255,0,3929,252,0,0,0,0,0,1,0,0,0,0,519776494,2166161467,1048575,27475,0,3,-3281.859
519777445,989,255,0,3929,243,0,0,0,0,0,1,0,0,0,0,519777497,2166161467,1048575,28484,0,3,-3280.87
519778468,1023,255,0,3929,266,0,0,0,0,0,1,0,0,0,0,519778509,2166161467,1048575,29490,0,3,-3279.847
519779435,967,255,0,3929,245,0,0,0,0,0,1,0,0,0,0,519779489,2166161467,1048575,30478,0,3,-3278.88
519780455,1020,255,0,3929,260,0,0,0,0,0,1,0,0,0,0,519780568,2166161467,1048575,31586,0,3,-3277.86
519781497,1042,255,0,3929,295,0,0,0,0,0,1,0,0,0,0,519781547,2166161467,1048575,32530,0,3,-3276.818
519782444,947,255,0,3929,240,0,0,0,0,0,1,0,0,0,0,519782485,2166161467,1048575,33467,0,3,-3275.871
519783431,987,255,0,3929,233,0,0,0,0,0,1,0,0,0,0,519783463,2166161467,1048575,34443,0,3,-3274.884
519784429,998,255,0,3929,232,0,0,0,0,0,1,0,0,0,0,519784462,2166161467,1048575,35443,0,3,-3273.886
519785428,999,255,0,3929,232,0,0,0,0,0,1,0,0,0,0,519785461,2166161467,1048575,36441,0,3,-3272.887
519786434,1006,255,0,3929,234,0,0,0,0,0,1,0,0,0,0,519786468,2166161467,1048575,37448,0,3,-3271.881
519787426,992,255,0,3929,233,0,0,0,0,0,1,0,0,0,0,519787459,2166161467,1048575,38439,0,3,-3270.889
519788426,1000,255,0,3929,232,0,0,0,0,0,1,0,0,0,0,519788459,2166161467,1048575,39439,0,3,-3269.889
519789471,1045,255,0,3929,273,0,0,0,0,0,1,0,0,0,0,519789574,2166161467,1048575,40583,0,3,-3268.844
519790534,1063,255,0,3929,331,0,0,0,0,0,1,0,0,0,0,519790682,2166161467,1048575,41701,0,3,-3267.781
519791527,993,255,0,3929,335,0,0,0,0,0,1,0,0,0,0,519791616,2166161467,1048575,42624,0,3,-3266.788
519792467,940,255,0,3929,270,0,0,0,0,0,1,0,0,0,0,519792510,2166161467,1048575,43494,0,3,-3265.848
519793440,973,255,0,3929,246,0,0,0,0,0,1,0,0,0,0,519793485,2166161467,1048575,44471,0,3,-3264.875
519794465,1025,255,0,3929,264,0,0,0,0,0,1,0,0,0,0,519794516,2166161467,1048575,45500,0,3,-3263.85
519795441,976,255,0,3929,250,0,0,0,0,0,1,0,0,0,0,519795489,2166161467,1048575,46476,0,3,-3262.874
519796440,999,255,0,3929,249,0,0,0,0,0,1,0,0,0,0,519796479,2166161467,1048575,47462,0,3,-3261.875
519797437,997,255,0,3929,243,0,0,0,0,0,1,0,0,0,0,519797485,2166161467,1048575,48471,0,3,-3260.878
519798464,1027,255,0,3929,264,0,0,0,0,0,1,0,0,0,0,519798505,2166161467,1048575,49486,0,3,-3259.851
519799438,974,255,0,3929,246,0,0,0,0,0,1,0,0,0,0,519799486,2166161467,1048575,2,0,3,-3258.877
519800451,1013,255,0,3929,258,0,0,0,0,0,1,0,0,0,0,519800579,2166161467,1048575,579,0,3,-3257.864
519801491,1040,255,0,3929,298,0,0,0,0,0,1,0,0,0,0,519801544,2166161467,1048575,1516,0,3,-3256.824
519802445,954,255,0,3929,242,0,0,0,0,0,1,0,0,0,0,519802483,2166161467,1048575,2450,0,3,-3255.87
519803437,992,255,0,3929,233,0,0,0,0,0,1,0,0,0,0,519803469,2166161467,1048575,3437,0,3,-3254.878
519804422,985,255,0,3929,231,0,0,0,0,0,1,0,0,0,0,519804452,2166161467,1048575,4420,0,3,-3253.893
519805430,1008,255,0,3929,232,0,0,0,0,0,1,0,0,0,0,519805462,2166161467,1048575,5429,0,3,-3252.885
519806432,1002,255,0,3929,233,0,0,0,0,0,1,0,0,0,0,519806464,2166161467,1048575,6432,0,3,-3251.883
519807429,997,255,0,3929,233,0,0,0,0,0,1,0,0,0,0,519807461,2166161467,1048575,7428,0,3,-3250.886
519808425,996,255,0,3929,231,0,0,0,0,0,1,0,0,0,0,519808456,2166161467,1048575,8423,0,3,-3249.89
519809457,1032,255,0,3929,265,0,0,0,0,0,1,0,0,0,0,519809553,2166161467,1048575,9549,0,3,-3248.858
519810530,1073,255,0,3929,328,0,0,0,0,0,1,0,0,0,0,519810684,2166161467,1048575,10689,0,3,-3247.785
519811529,999,255,0,3929,330,0,0,0,0,0,1,0,0,0,0,519811611,2166161467,1048575,11607,0,3,-3246.786
519812474,945,255,0,3929,273,0,0,0,0,0,1,0,0,0,0,519812523,2166161467,1048575,12494,0,3,-3245.841
519813439,965,255,0,3929,244,0,0,0,0,0,1,0,0,0,0,519813488,2166161467,1048575,13463,0,3,-3244.876
519814469,1030,255,0,3929,270,0,0,0,0,0,1,0,0,0,0,519814514,2166161467,1048575,14485,0,3,-3243.846
519815437,968,255,0,3929,244,0,0,0,0,0,1,0,0,0,0,519815488,2166161467,1048575,15463,0,3,-3242.878
519816443,1006,255,0,3929,251,0,0,0,0,0,1,0,0,0,0,519816481,2166161467,1048575,16450,0,3,-3241.872
519817445,1002,255,0,3929,243,0,0,0,0,0,1,0,0,0,0,519817492,2166161467,1048575,17466,0,3,-3240.87
519818457,1012,255,0,3929,266,0,0,0,0,0,1,0,0,0,0,519818499,2166161467,1048575,18470,0,3,-3239.858
519819436,979,255,0,3929,244,0,0,0,0,0,1,0,0,0,0,519819484,2166161467,1048575,19460,0,3,-3238.879
519820458,1022,255,0,3929,259,0,0,0,0,0,1,0,0,0,0,519820569,2166161467,1048575,20570,0,3,-3237.857
519821494,1036,255,0,3929,296,0,0,0,0,0,1,0,0,0,0,519821542,2166161467,1048575,21512,0,3,-3236.821
519822432,938,255,0,3929,242,0,0,0,0,0,1,0,0,0,0,519822473,2166161467,1048575,22442,0,3,-3235.883
519823429,997,255,0,3929,233,0,0,0,0,0,1,0,0,0,0,519823461,2166161467,1048575,23428,0,3,-3234.886
519824427,998,255,0,3929,232,0,0,0,0,0,1,0,0,0,0,519824459,2166161467,1048575,24427,0,3,-3233.888
519825427,1000,255,0,3929,233,0,0,0,0,0,1,0,0,0,0,519825459,2166161467,1048575,25426,0,3,-3232.888
519826434,1007,255,0,3929,234,0,0,0,0,0,1,0,0,0,0,519826468,2166161467,1048575,26435,0,3,-3231.881
519827426,992,255,0,3929,233,0,0,0,0,0,1,0,0,0,0,519827459,2166161467,1048575,27426,0,3,-3230.889
519828426,1000,255,0,3929,232,0,0,0,0,0,1,0,0,0,0,519828459,2166161467,1048575,28426,0,3,-3229.889
519829468,1042,255,0,3929,273,0,0,0,0,0,1,0,0,0,0,519829577,2166161467,1048575,29574,0,3,-3228.847
519830518,1050,255,0,3929,325,0,0,0,0,0,1,0,0,0,0,519830661,2166161467,1048575,30662,0,3,-3227.797
519831531,1013,255,0,3929,336,0,0,0,0,0,1,0,0,0,0,519831628,2166161467,1048575,31619,0,3,-3226.784
519832469,938,255,0,3929,272,0,0,0,0,0,1,0,0,0,0,519832513,2166161467,1048575,32483,0,3,-3225.846
519833436,967,255,0,3929,246,0,0,0,0,0,1,0,0,0,0,519833483,2166161467,1048575,33459,0,3,-3224.879
519834467,1031,255,0,3929,265,0,0,0,0,0,1,0,0,0,0,519834514,2166161467,1048575,34485,0,3,-3223.848
519835441,974,255,0,3929,248,0,0,0,0,0,1,0,0,0,0,519835489,2166161467,1048575,35464,0,3,-3222.874
519836445,1004,255,0,3929,249,0,0,0,0,0,1,0,0,0,0,519836488,2166161467,1048575,36459,0,3,-3221.87
519837442,997,255,0,3929,245,0,0,0,0,0,1,0,0,0,0,519837486,2166161467,1048575,37459,0,3,-3220.873
519838462,1020,255,0,3929,268,0,0,0,0,0,1,0,0,0,0,519838509,2166161467,1048575,38482,0,3,-3219.853
519839441,979,255,0,3929,242,0,0,0,0,0,1,0,0,0,0,519839484,2166161467,1048575,39459,0,3,-3218.874
519840466,1025,255,0,3929,264,0,0,0,0,0,1,0,0,0,0,519840579,2166161467,1048575,40569,0,3,-3217.849
519841489,1023,255,0,3929,292,0,0,0,0,0,1,0,0,0,0,519841536,2166161467,1048575,41507,0,3,-3216.826
519842437,948,255,0,3929,236,0,0,0,0,0,1,0,0,0,0,519842473,2166161467,1048575,42442,0,3,-3215.878
519843429,992,255,0,3929,233,0,0,0,0,0,1,0,0,0,0,519843461,2166161467,1048575,43428,0,3,-3214.886
519844419,990,255,0,3929,228,0,0,0,0,0,1,0,0,0,0,519844447,2166161467,1048575,44414,0,3,-3213.896
519845427,1008,255,0,3929,232,0,0,0,0,0,1,0,0,0,0,519845459,2166161467,1048575,45426,0,3,-3212.888
519846427,1000,255,0,3929,231,0,0,0,0,0,1,0,0,0,0,519846456,2166161467,1048575,46423,0,3,-3211.888
519847424,997,255,0,3929,233,0,0,0,0,0,1,0,0,0,0,519847456,2166161467,1048575,47422,0,3,-3210.891
519848417,993,255,0,3929,228,0,0,0,0,0,1,0,0,0,0,519848444,2166161467,1048575,48412,0,3,-3209.898
519849465,1048,255,0,3929,271,0,0,0,0,0,1,0,0,0,0,519849559,2166161467,1048575,49552,0,3,-3208.85
519850521,1056,255,0,3929,331,0,0,0,0,0,1,0,0,0,0,519850678,2166161467,1048575,2,0,3,-3207.794
519851793,1272,255,0,3929,339,0,0,0,0,0,1,0,0,0,0,519851877,2166161467,1048575,543,0,3,-3206.522
519852457,664,255,0,3929,264,0,0,0,0,0,1,0,0,0,0,519852511,2166161467,1048575,1157,0,3,-3205.858
519853461,1004,255,0,3929,259,0,0,0,0,0,1,0,0,0,0,519853515,2166161467,1048575,2162,0,3,-3204.854
519854458,997,255,0,3929,261,0,0,0,0,0,1,0,0,0,0,519854503,2166161467,1048575,3149,0,3,-3203.857
519855456,998,255,0,3929,258,0,0,0,0,0,1,0,0,0,0,519855509,2166161467,1048575,4157,0,3,-3202.859
519856447,991,255,0,3929,250,0,0,0,0,0,1,0,0,0,0,519856489,2166161467,1048575,5134,0,3,-3201.868
519857450,1003,255,0,3929,254,0,0,0,0,0,1,0,0,0,0,519857500,2166161467,1048575,6148,0,3,-3200.865
519858458,1008,255,0,3929,265,0,0,0,0,0,1,0,0,0,0,519858505,2166161467,1048575,7153,0,3,-3199.857
519859456,998,255,0,3929,256,0,0,0,0,0,1,0,0,0,0,519859510,2166161467,1048575,8159,0,3,-3198.859
519860459,1003,255,0,3929,261,0,0,0,0,0,1,0,0,0,0,519860559,2166161467,1048575,9217,0,3,-3197.856
519861494,1035,255,0,3929,303,0,0,0,0,0,1,0,0,0,0,519861549,2166161467,1048575,10196,0,3,-3196.821
519862436,942,255,0,3929,234,0,0,0,0,0,1,0,0,0,0,519862469,2166161467,1048575,11110,0,3,-3195.879
519863438,1002,255,0,3929,234,0,0,0,0,0,1,0,0,0,0,519863467,2166161467,1048575,12107,0,3,-3194.877
519864431,993,255,0,3929,230,0,0,0,0,0,1,0,0,0,0,519864460,2166161467,1048575,13102,0,3,-3193.884
519865422,991,255,0,3929,231,0,0,0,0,0,1,0,0,0,0,519865452,2166161467,1048575,14093,0,3,-3192.893
519866425,1003,255,0,3929,228,0,0,0,0,0,1,0,0,0,0,519866456,2166161467,1048575,15097,0,3,-3191.89
519867425,1000,255,0,3929,234,0,0,0,0,0,1,0,0,0,0,519867455,2166161467,1048575,16096,0,3,-3190.89
519868431,1006,255,0,3929,229,0,0,0,0,0,1,0,0,0,0,519868460,2166161467,1048575,17102,0,3,-3189.884
519869452,1021,255,0,3929,262,0,0,0,0,0,1,0,0,0,0,519869549,2166161467,1048575,18217,0,3,-3188.863
519870534,1082,255,0,3929,333,0,0,0,0,0,1,0,0,0,0,519870681,2166161467,1048575,19359,0,3,-3187.781
519871532,998,255,0,3929,337,0,0,0,0,0,1,0,0,0,0,519871613,2166161467,1048575,20282,0,3,-3186.783
519872469,937,255,0,3929,267,0,0,0,0,0,1,0,0,0,0,519872514,2166161467,1048575,21159,0,3,-3185.846
519873436,967,255,0,3929,246,0,0,0,0,0,1,0,0,0,0,519873483,2166161467,1048575,22133,0,3,-3184.879
519874459,1023,255,0,3929,261,0,0,0,0,0,1,0,0,0,0,519874506,2166161467,1048575,23150,0,3,-3183.856
519875453,994,255,0,3929,251,0,0,0,0,0,1,0,0,0,0,519875502,2166161467,1048575,24150,0,3,-3182.862
519876443,990,255,0,3929,253,0,0,0,0,0,1,0,0,0,0,519876486,2166161467,1048575,25130,0,3,-3181.872
519877440,997,255,0,3929,241,0,0,0,0,0,1,0,0,0,0,519877485,2166161467,1048575,26132,0,3,-3180.875
519878460,1020,255,0,3929,258,0,0,0,0,0,1,0,0,0,0,519878507,2166161467,1048575,27153,0,3,-3179.855
519879438,978,255,0,3929,247,0,0,0,0,0,1,0,0,0,0,519879481,2166161467,1048575,28128,0,3,-3178.877
519880449,1011,255,0,3929,258,0,0,0,0,0,1,0,0,0,0,519880569,2166161467,1048575,29238,0,3,-3177.866
519881499,1050,255,0,3929,297,0,0,0,0,0,1,0,0,0,0,519881550,2166161467,1048575,30196,0,3,-3176.816
519882439,940,255,0,3929,236,0,0,0,0,0,1,0,0,0,0,519882484,2166161467,1048575,31126,0,3,-3175.876
519883429,990,255,0,3929,232,0,0,0,0,0,1,0,0,0,0,519883462,2166161467,1048575,32104,0,3,-3174.886
519884428,999,255,0,3929,232,0,0,0,0,0,1,0,0,0,0,519884461,2166161467,1048575,33103,0,3,-3173.887
519885427,999,255,0,3929,232,0,0,0,0,0,1,0,0,0,0,519885460,2166161467,1048575,34101,0,3,-3172.888
519886433,1006,255,0,3929,233,0,0,0,0,0,1,0,0,0,0,519886468,2166161467,1048575,35109,0,3,-3171.882
519887426,993,255,0,3929,233,0,0,0,0,0,1,0,0,0,0,519887459,2166161467,1048575,36100,0,3,-3170.889
519888426,1000,255,0,3929,232,0,0,0,0,0,1,0,0,0,0,519888459,2166161467,1048575,37101,0,3,-3169.889
519889469,1043,255,0,3929,271,0,0,0,0,0,1,0,0,0,0,519889572,2166161467,1048575,38241,0,3,-3168.846
519890518,1049,255,0,3929,324,0,0,0,0,0,1,0,0,0,0,519890652,2166161467,1048575,39324,0,3,-3167.797
519891538,1020,255,0,3929,337,0,0,0,0,0,1,0,0,0,0,519891633,2166161467,1048575,40295,0,3,-3166.777
519892481,943,255,0,3929,277,0,0,0,0,0,1,0,0,0,0,519892531,2166161467,1048575,41176,0,3,-3165.834
519893451,970,255,0,3929,248,0,0,0,0,0,1,0,0,0,0,519893499,2166161467,1048575,42147,0,3,-3164.864
519894465,1014,255,0,3929,263,0,0,0,0,0,1,0,0,0,0,519894510,2166161467,1048575,43153,0,3,-3163.85
519895437,972,255,0,3929,245,0,0,0,0,0,1,0,0,0,0,519895486,2166161467,1048575,44133,0,3,-3162.878
519896445,1008,255,0,3929,253,0,0,0,0,0,1,0,0,0,0,519896486,2166161467,1048575,45130,0,3,-3161.87
519897448,1003,255,0,3929,246,0,0,0,0,0,1,0,0,0,0,519897495,2166161467,1048575,46143,0,3,-3160.867
519898459,1011,255,0,3929,264,0,0,0,0,0,1,0,0,0,0,519898501,2166161467,1048575,47143,0,3,-3159.856
519899438,979,255,0,3929,244,0,0,0,0,0,1,0,0,0,0,519899487,2166161467,1048575,48136,0,3,-3158.877
519900449,1011,255,0,3929,258,0,0,0,0,0,1,0,0,0,0,519900559,2166161467,1048575,49229,0,3,-3157.866
519901491,1042,255,0,3929,300,0,0,0,0,0,1,0,0,0,0,519901540,2166161467,1048575,1,0,3,-3156.824
519902432,941,255,0,3929,236,0,0,0,0,0,1,0,0,0,0,519902479,2166161467,1048575,403,0,3,-3155.883
519903433,1001,255,0,3929,240,0,0,0,0,0,1,0,0,0,0,519903465,2166161467,1048575,1386,0,3,-3154.882
519904431,998,255,0,3929,233,0,0,0,0,0,1,0,0,0,0,519904463,2166161467,1048575,2385,0,3,-3153.884
519905425,994,255,0,3929,231,0,0,0,0,0,1,0,0,0,0,519905455,2166161467,1048575,3377,0,3,-3152.89
519906430,1005,255,0,3929,234,0,0,0,0,0,1,0,0,0,0,519906466,2166161467,1048575,4387,0,3,-3151.885
519907430,1000,255,0,3929,231,0,0,0,0,0,1,0,0,0,0,519907461,2166161467,1048575,5382,0,3,-3150.885
519908427,997,255,0,3929,232,0,0,0,0,0,1,0,0,0,0,519908460,2166161467,1048575,6381,0,3,-3149.888
519909475,1048,255,0,3929,281,0,0,0,0,0,1,0,0,0,0,519909568,2166161467,1048575,7514,0,3,-3148.84
519910517,1042,255,0,3929,323,0,0,0,0,0,1,0,0,0,0,519910662,2166161467,1048575,8614,0,3,-3147.798
519911535,1018,255,0,3929,332,0,0,0,0,0,1,0,0,0,0,519911625,2166161467,1048575,9576,0,3,-3146.78
519912476,941,255,0,3929,283,0,0,0,0,0,1,0,0,0,0,519912524,2166161467,1048575,10448,0,3,-3145.839
519913443,967,255,0,3929,240,0,0,0,0,0,1,0,0,0,0,519913492,2166161467,1048575,11420,0,3,-3144.872
519914467,1024,255,0,3929,265,0,0,0,0,0,1,0,0,0,0,519914511,2166161467,1048575,12434,0,3,-3143.848
519915431,964,255,0,3929,240,0,0,0,0,0,1,0,0,0,0,519915479,2166161467,1048575,13406,0,3,-3142.884
519916448,1017,255,0,3929,252,0,0,0,0,0,1,0,0,0,0,519916488,2166161467,1048575,14411,0,3,-3141.867
519917445,997,255,0,3929,244,0,0,0,0,0,1,0,0,0,0,519917491,2166161467,1048575,15418,0,3,-3140.87
519918458,1013,255,0,3929,266,0,0,0,0,0,1,0,0,0,0,519918503,2166161467,1048575,16425,0,3,-3139.857
519919449,991,255,0,3929,246,0,0,0,0,0,1,0,0,0,0,519919498,2166161467,1048575,17426,0,3,-3138.866
519920459,1010,255,0,3929,261,0,0,0,0,0,1,0,0,0,0,519920564,2166161467,1048575,18518,0,3,-3137.856
519921488,1029,255,0,3929,297,0,0,0,0,0,1,0,0,0,0,519921540,2166161467,1048575,19466,0,3,-3136.827
519922429,941,255,0,3929,237,0,0,0,0,0,1,0,0,0,0,519922469,2166161467,1048575,20391,0,3,-3135.886
519923428,999,255,0,3929,233,0,0,0,0,0,1,0,0,0,0,519923461,2166161467,1048575,21382,0,3,-3134.887
519924427,999,255,0,3929,232,0,0,0,0,0,1,0,0,0,0,519924460,2166161467,1048575,22381,0,3,-3133.888
519925427,1000,255,0,3929,233,0,0,0,0,0,1,0,0,0,0,519925459,2166161467,1048575,23380,0,3,-3132.888
519926436,1009,255,0,3929,237,0,0,0,0,0,1,0,0,0,0,519926472,2166161467,1048575,24394,0,3,-3131.879
519927428,992,255,0,3929,233,0,0,0,0,0,1,0,0,0,0,519927460,2166161467,1048575,25381,0,3,-3130.887
519928427,999,255,0,3929,233,0,0,0,0,0,1,0,0,0,0,519928459,2166161467,1048575,26381,0,3,-3129.888
519929466,1039,255,0,3929,270,0,0,0,0,0,1,0,0,0,0,519929563,2166161467,1048575,27509,0,3,-3128.849
519930524,1058,255,0,3929,325,0,0,0,0,0,1,0,0,0,0,519930672,2166161467,1048575,28636,0,3,-3127.791
519931528,1004,255,0,3929,332,0,0,0,0,0,1,0,0,0,0,519931615,2166161467,1048575,29564,0,3,-3126.787
519932472,944,255,0,3929,280,0,0,0,0,0,1,0,0,0,0,519932520,2166161467,1048575,30446,0,3,-3125.843
519933447,975,255,0,3929,245,0,0,0,0,0,1,0,0,0,0,519933496,2166161467,1048575,31424,0,3,-3124.868
519934459,1012,255,0,3929,258,0,0,0,0,0,1,0,0,0,0,519934504,2166161467,1048575,32429,0,3,-3123.856
519935451,992,255,0,3929,247,0,0,0,0,0,1,0,0,0,0,519935499,2166161467,1048575,33427,0,3,-3122.864
519936451,1000,255,0,3929,250,0,0,0,0,0,1,0,0,0,0,519936493,2166161467,1048575,34417,0,3,-3121.864
519937441,990,255,0,3929,241,0,0,0,0,0,1,0,0,0,0,519937486,2166161467,1048575,35413,0,3,-3120.874
519938450,1009,255,0,3929,260,0,0,0,0,0,1,0,0,0,0,519938494,2166161467,1048575,36420,0,3,-3119.865
519939441,991,255,0,3929,246,0,0,0,0,0,1,0,0,0,0,519939487,2166161467,1048575,37416,0,3,-3118.874
519940461,1020,255,0,3929,260,0,0,0,0,0,1,0,0,0,0,519940573,2166161467,1048575,38522,0,3,-3117.854
519941489,1028,255,0,3929,296,0,0,0,0,0,1,0,0,0,0,519941537,2166161467,1048575,39460,0,3,-3116.826
519942437,948,255,0,3929,235,0,0,0,0,0,1,0,0,0,0,519942473,2166161467,1048575,40395,0,3,-3115.878
519943428,991,255,0,3929,233,0,0,0,0,0,1,0,0,0,0,519943460,2166161467,1048575,41380,0,3,-3114.887
519944420,992,255,0,3929,229,0,0,0,0,0,1,0,0,0,0,519944447,2166161467,1048575,42369,0,3,-3113.895
519945427,1007,255,0,3929,232,0,0,0,0,0,1,0,0,0,0,519945460,2166161467,1048575,43380,0,3,-3112.888
519946426,999,255,0,3929,230,0,0,0,0,0,1,0,0,0,0,519946455,2166161467,1048575,44376,0,3,-3111.889
519947424,998,255,0,3929,233,0,0,0,0,0,1,0,0,0,0,519947456,2166161467,1048575,45377,0,3,-3110.891
519948431,1007,255,0,3929,229,0,0,0,0,0,1,0,0,0,0,519948458,2166161467,1048575,46380,0,3,-3109.884
519949469,1038,255,0,3929,273,0,0,0,0,0,1,0,0,0,0,519949578,2166161467,1048575,47529,0,3,-3108.846
519950533,1064,255,0,3929,332,0,0,0,0,0,1,0,0,0,0,519950665,2166161467,1048575,48619,0,3,-3107.782
519951550,1017,255,0,3929,345,0,0,0,0,0,1,0,0,0,0,519951646,2166161467,1048575,49588,0,3,-3106.765
519952470,920,255,0,3929,278,0,0,0,0,0,1,0,0,0,0,519952515,2166161467,1048575,1,0,3,-3105.845
519953443,973,255,0,3929,250,0,0,0,0,0,1,0,0,0,0,519953498,2166161467,1048575,447,0,3,-3104.872
519954468,1025,255,0,3929,273,0,0,0,0,0,1,0,0,0,0,519954514,2166161467,1048575,1459,0,3,-3103.847
519955443,975,255,0,3929,248,0,0,0,0,0,1,0,0,0,0,519955494,2166161467,1048575,2444,0,3,-3102.872
519956442,999,255,0,3929,247,0,0,0,0,0,1,0,0,0,0,519956482,2166161467,1048575,3426,0,3,-3101.873
519957451,1009,255,0,3929,248,0,0,0,0,0,1,0,0,0,0,519957497,2166161467,1048575,4445,0,3,-3100.864
519958458,1007,255,0,3929,264,0,0,0,0,0,1,0,0,0,0,519958504,2166161467,1048575,5451,0,3,-3099.857
519959440,982,255,0,3929,245,0,0,0,0,0,1,0,0,0,0,519959488,2166161467,1048575,6438,0,3,-3098.875
519960464,1024,255,0,3929,263,0,0,0,0,0,1,0,0,0,0,519960582,2166161467,1048575,7558,0,3,-3097.851
519961506,1042,255,0,3929,302,0,0,0,0,0,1,0,0,0,0,519961557,2166161467,1048575,8503,0,3,-3096.809
519962429,923,255,0,3929,235,0,0,0,0,0,1,0,0,0,0,519962464,2166161467,1048575,9406,0,3,-3095.886
519963437,1008,255,0,3929,233,0,0,0,0,0,1,0,0,0,0,519963469,2166161467,1048575,10411,0,3,-3094.878
519964430,993,255,0,3929,229,0,0,0,0,0,1,0,0,0,0,519964457,2166161467,1048575,11400,0,3,-3093.885
519965423,993,255,0,3929,232,0,0,0,0,0,1,0,0,0,0,519965456,2166161467,1048575,12397,0,3,-3092.892
519966430,1007,255,0,3929,231,0,0,0,0,0,1,0,0,0,0,519966459,2166161467,1048575,13401,0,3,-3091.885
519967427,997,255,0,3929,233,0,0,0,0,0,1,0,0,0,0,519967459,2166161467,1048575,14400,0,3,-3090.888
519968419,992,255,0,3929,229,0,0,0,0,0,1,0,0,0,0,519968445,2166161467,1048575,15388,0,3,-3089.896
519969473,1054,255,0,3929,275,0,0,0,0,0,1,0,0,0,0,519969572,2166161467,1048575,16540,0,3,-3088.842
519970536,1063,255,0,3929,336,0,0,0,0,0,1,0,0,0,0,519970694,2166161467,1048575,17672,0,3,-3087.779
519971541,1005,255,0,3929,337,0,0,0,0,0,1,0,0,0,0,519971626,2166161467,1048575,18593,0,3,-3086.774
519972480,939,255,0,3929,280,0,0,0,0,0,1,0,0,0,0,519972529,2166161467,1048575,19477,0,3,-3085.835
519973439,959,255,0,3929,246,0,0,0,0,0,1,0,0,0,0,519973488,2166161467,1048575,20437,0,3,-3084.876
519974463,1024,255,0,3929,265,0,0,0,0,0,1,0,0,0,0,519974510,2166161467,1048575,21456,0,3,-3083.852
519975451,988,255,0,3929,249,0,0,0,0,0,1,0,0,0,0,519975499,2166161467,1048575,22447,0,3,-3082.864
519976445,994,255,0,3929,246,0,0,0,0,0,1,0,0,0,0,519976488,2166161467,1048575,23433,0,3,-3081.87
519977448,1003,255,0,3929,248,0,0,0,0,0,1,0,0,0,0,519977494,2166161467,1048575,24442,0,3,-3080.867
519978453,1005,255,0,3929,262,0,0,0,0,0,1,0,0,0,0,519978500,2166161467,1048575,25447,0,3,-3079.862
519979451,998,255,0,3929,248,0,0,0,0,0,1,0,0,0,0,519979496,2166161467,1048575,26445,0,3,-3078.864
519980443,992,255,0,3929,252,0,0,0,0,0,1,0,0,0,0,519980554,2166161467,1048575,27527,0,3,-3077.872
519981496,1053,255,0,3929,298,0,0,0,0,0,1,0,0,0,0,519981552,2166161467,1048575,28498,0,3,-3076.819
519982431,935,255,0,3929,237,0,0,0,0,0,1,0,0,0,0,519982472,2166161467,1048575,29416,0,3,-3075.884
519983428,997,255,0,3929,232,0,0,0,0,0,1,0,0,0,0,519983461,2166161467,1048575,30403,0,3,-3074.887
519984426,998,255,0,3929,231,0,0,0,0,0,1,0,0,0,0,519984459,2166161467,1048575,31402,0,3,-3073.889
519985426,1000,254,-1,3930,232,0,8,0,0,0,1,0,0,0,0,519985460,2166161467,1048575,32403,0,3,-3072.889
519986439,1013,255,1,3929,238,0,0,0,0,0,1,0,0,0,0,519986476,2166161467,1048575,33418,0,3,-3071.876
519987428,989,255,0,3929,232,0,0,0,0,0,1,0,0,0,0,519987461,2166161467,1048575,34404,0,3,-3070.887
519988428,1000,255,0,3929,232,0,0,0,0,0,1,0,0,0,0,519988461,2166161467,1048575,35403,0,3,-3069.887
519989471,1043,255,0,3929,276,0,0,0,0,0,1,0,0,0,0,519989582,2166161467,1048575,36552,0,3,-3068.844
519990525,1054,255,0,3929,323,0,0,0,0,0,1,0,0,0,0,519990659,2166161467,1048575,37633,0,3,-3067.79
519991549,1024,255,0,3929,346,0,0,0,0,0,1,0,0,0,0,519991644,2166161467,1048575,38608,0,3,-3066.766
519992474,925,255,0,3929,279,0,0,0,0,0,1,0,0,0,0,519992517,2166161467,1048575,39462,0,3,-3065.841
519993442,968,255,0,3929,246,0,0,0,0,0,1,0,0,0,0,519993491,2166161467,1048575,40441,0,3,-3064.873
519994462,1020,255,0,3929,263,0,0,0,0,0,1,0,0,0,0,519994506,2166161467,1048575,41449,0,3,-3063.853
519995443,981,255,0,3929,251,0,0,0,0,0,1,0,0,0,0,519995495,2166161467,1048575,42445,0,3,-3062.872
519996455,1012,255,0,3929,251,0,0,0,0,0,1,0,0,0,0,519996494,2166161467,1048575,43438,0,3,-3061.86
519997431,976,255,0,3929,240,0,0,0,0,0,1,0,0,0,0,519997480,2166161467,1048575,44429,0,3,-3060.884
519998462,1031,255,0,3929,262,0,0,0,0,0,1,0,0,0,0,519998503,2166161467,1048575,45449,0,3,-3059.853
519999446,984,255,0,3929,250,0,0,0,0,0,1,0,0,0,0,519999493,2166161467,1048575,46441,0,3,-3058.869
520000480,1034,255,0,3929,275,0,0,0,0,0,1,0,0,0,0,520000595,2166161467,1048575,47552,0,3,-3057.835
520001485,1005,255,0,3929,293,0,0,0,0,0,1,0,0,0,0,520001539,2166161467,1048575,48486,0,3,-3056.83
520002438,953,255,0,3929,239,0,0,0,0,0,1,0,0,0,0,520002476,2166161467,1048575,49418,0,3,-3055.877
520003425,987,254,-1,3930,231,0,8,0,0,0,1,0,0,0,0,520003458,2166161467,1048575,1,0,3,-3054.89
520004443,1018,255,1,3929,241,0,0,0,0,0,1,0,0,0,0,520004484,2166161467,1048575,505,0,3,-3053.872
520005439,996,255,0,3929,235,0,0,0,0,0,1,0,0,0,0,520005469,2166161467,1048575,1490,0,3,-3052.876
520006428,989,255,0,3929,234,0,0,0,0,0,1,0,0,0,0,520006464,2166161467,1048575,2486,0,3,-3051.887
520007427,999,255,0,3929,231,0,0,0,0,0,1,0,0,0,0,520007457,2166161467,1048575,3479,0,3,-3050.888
520008424,997,255,0,3929,233,0,0,0,0,0,1,0,0,0,0,520008456,2166161467,1048575,4478,0,3,-3049.891
520009464,1040,255,0,3929,270,0,0,0,0,0,1,0,0,0,0,520009561,2166161467,1048575,5604,0,3,-3048.851
520010523,1059,255,0,3929,331,0,0,0,0,0,1,0,0,0,0,520010670,2166161467,1048575,6736,0,3,-3047.792
520011513,990,255,0,3929,322,0,0,0,0,0,1,0,0,0,0,520011596,2166161467,1048575,7634,0,3,-3046.802
520012484,971,255,0,3929,282,0,0,0,0,0,1,0,0,0,0,520012532,2166161467,1048575,8561,0,3,-3045.831
520013437,953,255,0,3929,243,0,0,0,0,0,1,0,0,0,0,520013488,2166161467,1048575,9517,0,3,-3044.878
520014466,1029,255,0,3929,267,0,0,0,0,0,1,0,0,0,0,520014509,2166161467,1048575,10534,0,3,-3043.849
520015437,971,255,0,3929,241,0,-8,0,0,0,1,0,0,0,0,520015487,2166161467,1048575,11514,0,3,-3042.878
520016457,1020,255,0,3929,254,0,0,0,0,0,1,0,0,0,0,520016494,2166161467,1048575,12517,0,3,-3041.858
520017435,978,255,0,3929,244,0,0,0,0,0,1,0,0,0,0,520017483,2166161467,1048575,13511,0,3,-3040.88
520018469,1034,255,0,3929,265,0,0,0,0,0,1,0,0,0,0,520018510,2166161467,1048575,14532,0,3,-3039.846
520019438,969,255,0,3929,246,0,0,0,0,0,1,0,0,0,0,520019489,2166161467,1048575,15517,0,3,-3038.877
520020461,1023,255,0,3929,258,0,0,0,0,0,1,0,0,0,0,520020572,2166161467,1048575,16630,0,3,-3037.854
520021496,1035,255,0,3929,298,0,0,0,0,0,1,0,0,0,0,520021545,2166161467,1048575,17569,0,3,-3036.819
520022439,943,255,0,3929,237,0,0,0,0,0,1,0,0,0,0,520022479,2166161467,1048575,18500,0,3,-3035.876
520023434,995,255,0,3929,233,0,0,0,0,0,1,0,0,0,0,520023466,2166161467,1048575,19487,0,3,-3034.881
520024427,993,255,0,3929,231,0,0,0,0,0,1,0,0,0,0,520024458,2166161467,1048575,20480,0,3,-3033.888
520025425,998,254,-1,3930,232,0,8,0,0,0,1,0,0,0,0,520025459,2166161467,1048575,21481,0,3,-3032.89
520026433,1008,254,0,3930,235,1,8,0,0,0,1,0,0,0,0,520026467,2166161467,1048575,22488,0,3,-3031.882
520027435,1002,255,1,3929,233,1,0,0,0,0,1,0,0,0,0,520027467,2166161467,1048575,23489,0,3,-3030.88
520028429,994,255,0,3929,231,1,0,0,0,0,1,0,0,0,0,520028459,2166161467,1048575,24481,0,3,-3029.886
520029473,1044,255,0,3929,279,1,0,0,0,0,1,0,0,0,0,520029580,2166161467,1048575,25637,0,3,-3028.842
520030518,1045,255,0,3929,325,1,0,0,0,0,1,0,0,0,0,520030651,2166161467,1048575,26710,0,3,-3027.797
520031539,1021,255,0,3929,340,0,0,0,0,0,1,0,0,0,0,520031639,2166161467,1048575,27681,0,3,-3026.776
520032465,926,254,-1,3930,274,1,8,0,0,0,1,0,0,0,0,520032513,2166161467,1048575,28537,0,3,-3025.85
520033445,980,254,0,3930,246,1,0,0,0,0,1,0,0,0,0,520033489,2166161467,1048575,29517,0,3,-3024.87
520034469,1024,255,1,3929,268,1,0,0,0,0,1,0,0,0,0,520034514,2166161467,1048575,30539,0,3,-3023.846
520035440,971,255,0,3929,248,1,0,0,0,0,1,0,0,0,0,520035493,2166161467,1048575,31521,0,3,-3022.875
520036440,1000,255,0,3929,246,1,0,0,0,0,1,0,0,0,0,520036481,2166161467,1048575,32507,0,3,-3021.875
520037442,1002,255,0,3929,249,1,0,0,0,0,1,0,0,0,0,520037488,2166161467,1048575,33515,0,3,-3020.873
520038459,1017,255,0,3929,266,1,0,0,0,0,1,0,0,0,0,520038505,2166161467,1048575,34532,0,3,-3019.856
520039437,978,255,0,3929,243,1,0,0,0,0,1,0,0,0,0,520039484,2166161467,1048575,35511,0,3,-3018.878
520040468,1031,255,0,3929,264,1,0,0,0,0,1,0,0,0,0,520040575,2166161467,1048575,36624,0,3,-3017.847
520041489,1021,254,-1,3930,298,1,8,0,0,0,1,0,0,0,0,520041539,2166161467,1048575,37565,0,3,-3016.826
520042434,945,254,0,3930,233,1,8,0,0,0,1,0,0,0,0,520042473,2166161467,1048575,38495,0,3,-3015.881
520043431,997,255,1,3929,235,1,0,0,0,0,1,0,0,0,0,520043465,2166161467,1048575,39486,0,3,-3014.884
520044422,991,254,-1,3930,228,1,8,0,0,0,1,0,0,0,0,520044450,2166161467,1048575,40471,0,3,-3013.893
520045430,1008,254,0,3930,232,2,8,0,0,0,1,0,0,0,0,520045463,2166161467,1048575,41483,0,3,-3012.885
520046428,998,255,1,3929,231,2,0,0,0,0,1,0,0,0,0,520046460,2166161467,1048575,42482,0,3,-3011.887
520047431,1003,255,0,3929,235,1,0,0,0,0,1,0,0,0,0,520047464,2166161467,1048575,43484,0,3,-3010.884
520048421,990,255,0,3929,229,1,0,0,0,0,1,0,0,0,0,520048448,2166161467,1048575,44470,0,3,-3009.894
520049468,1047,255,0,3929,271,1,0,0,0,0,1,0,0,0,0,520049567,2166161467,1048575,45616,0,3,-3008.847
520050513,1045,254,-1,3930,319,2,8,0,0,0,1,0,0,0,0,520050663,2166161467,1048575,46720,0,3,-3007.802
520051526,1013,254,0,3930,327,2,8,0,0,0,1,0,0,0,0,520051613,2166161467,1048575,47658,0,3,-3006.789
520052482,956,254,0,3930,279,2,8,0,0,0,1,0,0,0,0,520052530,2166161467,1048575,48557,0,3,-3005.833
520053437,955,255,1,3929,245,2,0,0,0,0,1,0,0,0,0,520053486,2166161467,1048575,49514,0,3,-3004.878
520054468,1031,255,0,3929,269,2,0,0,0,0,1,0,0,0,0,520054512,2166161467,1048575,1,0,3,-3003.847
520055453,985,255,0,3929,249,2,-8,0,0,0,1,0,0,0,0,520055506,2166161467,1048575,450,0,3,-3002.862
520056461,1008,255,0,3929,257,1,-8,0,0,0,1,0,0,0,0,520056507,2166161467,1048575,1454,0,3,-3001.854
520057443,982,255,0,3929,244,1,0,0,0,0,1,0,0,0,0,520057487,2166161467,1048575,2434,0,3,-3000.872
520058453,1010,254,-1,3930,262,1,8,0,0,0,1,0,0,0,0,520058504,2166161467,1048575,3449,0,3,-2999.862
520059443,990,254,0,3930,247,2,8,0,0,0,1,0,0,0,0,520059489,2166161467,1048575,4436,0,3,-2998.872
520060463,1020,254,0,3930,262,2,8,0,0,0,1,0,0,0,0,520060577,2166161467,1048575,5549,0,3,-2997.852
520061489,1026,254,0,3930,297,2,8,0,0,0,1,0,0,0,0,520061543,2166161467,1048575,6486,0,3,-2996.826
520062437,948,255,1,3929,236,2,0,0,0,0,1,0,0,0,0,520062470,2166161467,1048575,7411,0,3,-2995.878
520063426,989,254,-1,3930,234,2,0,0,0,0,1,0,0,0,0,520063461,2166161467,1048575,8400,0,3,-2994.889
520064420,994,254,0,3930,229,2,0,0,0,0,1,0,0,0,0,520064447,2166161467,1048575,9387,0,3,-2993.895
520065427,1007,254,0,3930,232,2,8,0,0,0,1,0,0,0,0,520065460,2166161467,1048575,10399,0,3,-2992.888
520066428,1001,254,0,3930,231,2,8,0,0,0,1,0,0,0,0,520066458,2166161467,1048575,11398,0,3,-2991.887
520067426,998,254,0,3930,234,3,8,0,0,0,1,0,0,0,0,520067462,2166161467,1048575,12402,0,3,-2990.889
520068421,995,255,1,3929,229,2,0,0,0,0,1,0,0,0,0,520068448,2166161467,1048575,13388,0,3,-2989.894
520069470,1049,254,-1,3930,275,3,8,0,0,0,1,0,0,0,0,520069575,2166161467,1048575,14542,0,3,-2988.845
520070521,1051,254,0,3930,329,3,8,0,0,0,1,0,0,0,0,520070663,2166161467,1048575,15647,0,3,-2987.794
520071528,1007,255,1,3929,327,3,-8,0,0,0,1,0,0,0,0,520071615,2166161467,1048575,16583,0,3,-2986.787
520072467,939,255,0,3929,275,2,-8,0,0,0,1,0,0,0,0,520072514,2166161467,1048575,17458,0,3,-2985.848
520073448,981,254,-1,3930,246,2,8,0,0,0,1,0,0,0,0,520073495,2166161467,1048575,18444,0,3,-2984.867
520074468,1020,254,0,3930,266,2,0,0,0,0,1,0,0,0,0,520074513,2166161467,1048575,19457,0,3,-2983.847
520075448,980,254,0,3930,245,2,0,0,0,0,1,0,0,0,0,520075498,2166161467,1048575,20445,0,3,-2982.867
520076453,1005,254,0,3930,250,2,8,0,0,0,1,0,0,0,0,520076493,2166161467,1048575,21434,0,3,-2981.862
520077442,989,254,0,3930,243,3,8,0,0,0,1,0,0,0,0,520077492,2166161467,1048575,22440,0,3,-2980.873
520078469,1027,254,0,3930,269,3,8,0,0,0,1,0,0,0,0,520078512,2166161467,1048575,23456,0,3,-2979.846
520079447,978,254,0,3930,244,3,8,0,0,0,1,0,0,0,0,520079499,2166161467,1048575,24447,0,3,-2978.868
520080463,1016,254,0,3930,261,3,8,0,0,0,1,0,0,0,0,520080580,2166161467,1048575,25553,0,3,-2977.852
520081498,1035,255,1,3929,296,3,-8,0,0,0,1,0,0,0,0,520081552,2166161467,1048575,26494,0,3,-2976.817
520082435,937,255,0,3929,234,2,-8,0,0,0,1,0,0,0,0,520082476,2166161467,1048575,27416,0,3,-2975.88
520083429,994,254,-1,3930,232,2,0,0,0,0,1,0,0,0,0,520083462,2166161467,1048575,28402,0,3,-2974.886
520084419,990,254,0,3930,228,3,8,0,0,0,1,0,0,0,0,520084447,2166161467,1048575,29387,0,3,-2973.896
520085426,1007,254,0,3930,231,3,8,0,0,0,1,0,0,0,0,520085460,2166161467,1048575,30399,0,3,-2972.889
520086429,1003,254,0,3930,231,3,8,0,0,0,1,0,0,0,0,520086462,2166161467,1048575,31403,0,3,-2971.886
520087429,1000,254,0,3930,232,3,8,0,0,0,1,0,0,0,0,520087463,2166161467,1048575,32402,0,3,-2970.886
520088419,990,254,0,3930,228,3,8,0,0,0,1,0,0,0,0,520088447,2166161467,1048575,33388,0,3,-2969.896
520089468,1049,254,0,3930,271,3,0,0,0,0,1,0,0,0,0,520089569,2166161467,1048575,34539,0,3,-2968.847
520090530,1062,254,0,3930,330,3,0,0,0,0,1,0,0,0,0,520090680,2166161467,1048575,35659,0,3,-2967.785
520091525,995,254,0,3930,326,3,0,0,0,0,1,0,0,0,0,520091614,2166161467,1048575,36579,0,3,-2966.79
520092468,943,255,1,3929,278,3,0,0,0,0,1,0,0,0,0,520092518,2166161467,1048575,37464,0,3,-2965.847
520093437,969,254,-1,3930,244,3,0,0,0,0,1,0,0,0,0,520093486,2166161467,1048575,38433,0,3,-2964.878
520094472,1035,254,0,3930,272,3,0,0,0,0,1,0,0,0,0,520094518,2166161467,1048575,39462,0,3,-2963.843
520095445,973,254,0,3930,247,2,0,0,0,0,1,0,0,0,0,520095497,2166161467,1048575,40445,0,3,-2962.87
520096452,1007,254,0,3930,250,2,0,0,0,0,1,0,0,0,0,520096490,2166161467,1048575,41432,0,3,-2961.863
520097448,996,254,0,3930,247,2,0,0,0,0,1,0,0,0,0,520097495,2166161467,1048575,42442,0,3,-2960.867
520098461,1013,254,0,3930,269,3,8,0,0,0,1,0,0,0,0,520098507,2166161467,1048575,43451,0,3,-2959.854
520099440,979,254,0,3930,243,3,8,0,0,0,1,0,0,0,0,520099490,2166161467,1048575,44438,0,3,-2958.875
520100461,1021,254,0,3930,259,3,0,0,0,0,1,0,0,0,0,520100572,2166161467,1048575,45549,0,3,-2957.854
520101492,1031,254,0,3930,296,3,0,0,0,0,1,0,0,0,0,520101545,2166161467,1048575,46488,0,3,-2956.823
520102444,952,255,1,3929,242,2,0,0,0,0,1,0,0,0,0,520102486,2166161467,1048575,47427,0,3,-2955.871
520103427,983,254,-1,3930,233,3,8,0,0,0,1,0,0,0,0,520103459,2166161467,1048575,48400,0,3,-2954.888
520104423,996,255,1,3929,231,2,-8,0,0,0,1,0,0,0,0,520104454,2166161467,1048575,49395,0,3,-2953.892
520105423,1000,255,0,3929,232,2,-8,0,0,0,1,0,0,0,0,520105455,2166161467,1048575,1,0,3,-2952.892
520106435,1012,254,-1,3930,239,2,0,0,0,0,1,0,0,0,0,520106483,2166161467,1048575,496,0,3,-2951.88
520107428,993,254,0,3930,235,2,0,0,0,0,1,0,0,0,0,520107459,2166161467,1048575,1471,0,3,-2950.887
520108425,997,255,1,3929,232,1,-8,0,0,0,1,0,0,0,0,520108458,2166161467,1048575,2470,0,3,-2949.89
520109479,1054,254,-1,3930,283,1,0,0,0,0,1,0,0,0,0,520109573,2166161467,1048575,3609,0,3,-2948.836
520110519,1040,254,0,3930,321,1,0,0,0,0,1,0,0,0,0,520110666,2166161467,1048575,4710,0,3,-2947.796
520111532,1013,254,0,3930,332,1,8,0,0,0,1,0,0,0,0,520111623,2166161467,1048575,5663,0,3,-2946.783
520112485,953,254,0,3930,282,2,8,0,0,0,1,0,0,0,0,520112534,2166161467,1048575,6554,0,3,-2945.83
520113448,963,254,0,3930,244,2,0,0,0,0,1,0,0,0,0,520113495,2166161467,1048575,7514,0,3,-2944.867
520114458,1010,255,1,3929,268,1,-8,0,0,0,1,0,0,0,0,520114500,2166161467,1048575,8518,0,3,-2943.857
520115436,978,254,-1,3930,244,1,0,0,0,0,1,0,0,0,0,520115489,2166161467,1048575,9508,0,3,-2942.879
520116447,1011,254,0,3930,256,1,0,0,0,0,1,0,0,0,0,520116490,2166161467,1048575,10506,0,3,-2941.868
520117433,986,254,0,3930,241,1,0,0,0,0,1,0,0,0,0,520117479,2166161467,1048575,11497,0,3,-2940.882
520118469,1036,254,0,3930,266,1,0,0,0,0,1,0,0,0,0,520118511,2166161467,1048575,12525,0,3,-2939.846
520119443,974,254,0,3930,246,1,0,0,0,0,1,0,0,0,0,520119496,2166161467,1048575,13514,0,3,-2938.872
520120456,1013,254,0,3930,263,1,0,0,0,0,1,0,0,0,0,520120568,2166161467,1048575,14612,0,3,-2937.859
520121490,1034,254,0,3930,297,1,0,0,0,0,1,0,0,0,0,520121543,2166161467,1048575,15559,0,3,-2936.825
520122438,948,254,0,3930,240,1,0,0,0,0,1,0,0,0,0,520122480,2166161467,1048575,16492,0,3,-2935.877
520123433,995,254,0,3930,232,1,8,0,0,0,1,0,0,0,0,520123467,2166161467,1048575,17480,0,3,-2934.882
520124428,995,254,0,3930,236,1,0,0,0,0,1,0,0,0,0,520124462,2166161467,1048575,18474,0,3,-2933.887
520125428,1000,254,0,3930,232,1,0,0,0,0,1,0,0,0,0,520125460,2166161467,1048575,19472,0,3,-2932.887
520126433,1005,254,0,3930,234,1,0,0,0,0,1,0,0,0,0,520126469,2166161467,1048575,20482,0,3,-2931.882
520127425,992,254,0,3930,232,1,0,0,0,0,1,0,0,0,0,520127458,2166161467,1048575,21470,0,3,-2930.89
520128430,1005,254,0,3930,236,1,0,0,0,0,1,0,0,0,0,520128464,2166161467,1048575,22477,0,3,-2929.885
520129472,1042,254,0,3930,274,1,0,0,0,0,1,0,0,0,0,520129571,2166161467,1048575,23613,0,3,-2928.843
520130530,1058,255,1,3929,329,1,-8,0,0,0,1,0,0,0,0,520130685,2166161467,1048575,24737,0,3,-2927.785
520131518,988,254,-1,3930,322,1,0,0,0,0,1,0,0,0,0,520131602,2166161467,1048575,25633,0,3,-2926.797
520132481,963,254,0,3930,278,1,8,0,0,0,1,0,0,0,0,520132532,2166161467,1048575,26550,0,3,-2925.834
520133445,964,254,0,3930,244,1,0,0,0,0,1,0,0,0,0,520133493,2166161467,1048575,27512,0,3,-2924.87
520134464,1019,254,0,3930,266,1,8,0,0,0,1,0,0,0,0,520134511,2166161467,1048575,28526,0,3,-2923.851
520135455,991,254,0,3930,252,1,8,0,0,0,1,0,0,0,0,520135510,2166161467,1048575,29529,0,3,-2922.86
520136443,988,254,0,3930,247,1,0,0,0,0,1,0,0,0,0,520136481,2166161467,1048575,30496,0,3,-2921.872
520137446,1003,254,0,3930,243,1,0,0,0,0,1,0,0,0,0,520137492,2166161467,1048575,31511,0,3,-2920.869
520138465,1019,254,0,3930,268,2,8,0,0,0,1,0,0,0,0,520138508,2166161467,1048575,32524,0,3,-2919.85
520139436,971,254,0,3930,244,2,8,0,0,0,1,0,0,0,0,520139492,2166161467,1048575,33513,0,3,-2918.879
520140445,1009,254,0,3930,252,2,0,0,0,0,1,0,0,0,0,520140550,2166161467,1048575,34596,0,3,-2917.87
520141498,1053,254,0,3930,300,2,0,0,0,0,1,0,0,0,0,520141553,2166161467,1048575,35571,0,3,-2916.817
520142432,934,254,0,3930,240,2,0,0,0,0,1,0,0,0,0,520142476,2166161467,1048575,36489,0,3,-2915.883
520143431,999,254,0,3930,233,2,0,0,0,0,1,0,0,0,0,520143463,2166161467,1048575,37475,0,3,-2914.884
520144429,998,254,0,3930,232,1,0,0,0,0,1,0,0,0,0,520144461,2166161467,1048575,38474,0,3,-2913.886
520145428,999,254,0,3930,233,2,8,0,0,0,1,0,0,0,0,520145460,2166161467,1048575,39472,0,3,-2912.887
520146438,1010,254,0,3930,238,2,0,0,0,0,1,0,0,0,0,520146478,2166161467,1048575,40490,0,3,-2911.877
520147431,993,254,0,3930,233,2,0,0,0,0,1,0,0,0,0,520147463,2166161467,1048575,41476,0,3,-2910.884
520148430,999,254,0,3930,233,2,0,0,0,0,1,0,0,0,0,520148462,2166161467,1048575,42475,0,3,-2909.885
520149468,1038,254,0,3930,270,1,0,0,0,0,1,0,0,0,0,520149568,2166161467,1048575,43607,0,3,-2908.847
520150520,1052,254,0,3930,324,1,0,0,0,0,1,0,0,0,0,520150657,2166161467,1048575,44703,0,3,-2907.795
520151530,1010,254,0,3930,333,1,0,0,0,0,1,0,0,0,0,520151632,2166161467,1048575,45664,0,3,-2906.785
520152478,948,254,0,3930,276,1,0,0,0,0,1,0,0,0,0,520152522,2166161467,1048575,46537,0,3,-2905.837
520153437,959,254,0,3930,246,1,0,0,0,0,1,0,0,0,0,520153484,2166161467,1048575,47503,0,3,-2904.878
520154455,1018,254,0,3930,264,1,0,0,0,0,1,0,0,0,0,520154502,2166161467,1048575,48518,0,3,-2903.86
520155450,995,254,0,3930,247,1,0,0,0,0,1,0,0,0,0,520155500,2166161467,1048575,49519,0,3,-2902.865
520156447,997,254,0,3930,249,1,0,0,0,0,1,0,0,0,0,520156490,2166161467,1048575,2,0,3,-2901.868
520157444,997,254,0,3930,253,1,0,0,0,0,1,0,0,0,0,520157497,2166161467,1048575,467,0,3,-2900.871
520158471,1027,254,0,3930,269,1,0,0,0,0,1,0,0,0,0,520158518,2166161467,1048575,1488,0,3,-2899.844
520159444,973,255,1,3929,245,1,-8,0,0,0,1,0,0,0,0,520159493,2166161467,1048575,2464,0,3,-2898.871
520160465,1021,254,-1,3930,265,1,0,0,0,0,1,0,0,0,0,520160578,2166161467,1048575,3579,0,3,-2897.85
520161490,1025,254,0,3930,295,1,8,0,0,0,1,0,0,0,0,520161545,2166161467,1048575,4512,0,3,-2896.825
520162438,948,254,0,3930,237,1,0,0,0,0,1,0,0,0,0,520162474,2166161467,1048575,5439,0,3,-2895.877
520163428,990,254,0,3930,232,1,0,0,0,0,1,0,0,0,0,520163461,2166161467,1048575,6426,0,3,-2894.887
520164420,992,254,0,3930,229,1,0,0,0,0,1,0,0,0,0,520164447,2166161467,1048575,7412,0,3,-2893.895
520165427,1007,254,0,3930,232,1,0,0,0,0,1,0,0,0,0,520165459,2166161467,1048575,8423,0,3,-2892.888
520166427,1000,254,0,3930,231,1,0,0,0,0,1,0,0,0,0,520166456,2166161467,1048575,9421,0,3,-2891.888
520167424,997,254,0,3930,233,1,0,0,0,0,1,0,0,0,0,520167456,2166161467,1048575,10420,0,3,-2890.891
520168417,993,254,0,3930,229,1,0,0,0,0,1,0,0,0,0,520168444,2166161467,1048575,11410,0,3,-2889.898
520169462,1045,254,0,3930,271,1,0,0,0,0,1,0,0,0,0,520169553,2166161467,1048575,12540,0,3,-2888.853
520170544,1082,254,0,3930,344,1,0,0,0,0,1,0,0,0,0,520170717,2166161467,1048575,13723,0,3,-2887.771
520171527,983,254,0,3930,332,1,0,0,0,0,1,0,0,0,0,520171605,2166161467,1048575,14587,0,3,-2886.788
520172471,944,254,0,3930,272,1,0,0,0,0,1,0,0,0,0,520172522,2166161467,1048575,15496,0,3,-2885.844
520173447,976,254,0,3930,246,1,0,0,0,0,1,0,0,0,0,520173496,2166161467,1048575,16468,0,3,-2884.868
520174466,1019,254,0,3930,267,1,0,0,0,0,1,0,0,0,0,520174513,2166161467,1048575,17481,0,3,-2883.849
520175445,979,254,0,3930,250,1,0,0,0,0,1,0,0,0,0,520175501,2166161467,1048575,18473,0,3,-2882.87
520176445,1000,254,0,3930,251,1,0,0,0,0,1,0,0,0,0,520176483,2166161467,1048575,19451,0,3,-2881.87
520177431,986,254,0,3930,240,0,0,0,0,0,1,0,0,0,0,520177480,2166161467,1048575,20453,0,3,-2880.884
520178466,1035,254,0,3930,266,0,0,0,0,0,1,0,0,0,0,520178505,2166161467,1048575,21471,0,3,-2879.849
520179449,983,254,0,3930,246,0,0,0,0,0,1,0,0,0,0,520179500,2166161467,1048575,22473,0,3,-2878.866
520180454,1005,254,0,3930,253,0,0,0,0,0,1,0,0,0,0,520180565,2166161467,1048575,23573,0,3,-2877.861
520181500,1046,254,0,3930,298,0,0,0,0,0,1,0,0,0,0,520181546,2166161467,1048575,24513,0,3,-2876.815
520182428,928,254,0,3930,238,0,0,0,0,0,1,0,0,0,0,520182472,2166161467,1048575,25438,0,3,-2875.887
520183428,1000,254,0,3930,233,0,0,0,0,0,1,0,0,0,0,520183460,2166161467,1048575,26425,0,3,-2874.887
520184427,999,254,0,3930,233,0,0,0,0,0,1,0,0,0,0,520184459,2166161467,1048575,27425,0,3,-2873.888
520185426,999,254,0,3930,232,0,0,0,0,0,1,0,0,0,0,520185459,2166161467,1048575,28424,0,3,-2872.889
520186434,1008,254,0,3930,234,0,0,0,0,0,1,0,0,0,0,520186467,2166161467,1048575,29433,0,3,-2871.881
520187426,992,254,0,3930,233,0,0,0,0,0,1,0,0,0,0,520187459,2166161467,1048575,30424,0,3,-2870.889
520188426,1000,254,0,3930,232,0,0,0,0,0,1,0,0,0,0,520188459,2166161467,1048575,31424,0,3,-2869.889
520189467,1041,254,0,3930,271,1,8,0,0,0,1,0,0,0,0,520189578,2166161467,1048575,32573,0,3,-2868.848
520190532,1065,254,0,3930,330,1,0,0,0,0,1,0,0,0,0,520190683,2166161467,1048575,33685,0,3,-2867.783
520191526,994,254,0,3930,331,1,0,0,0,0,1,0,0,0,0,520191613,2166161467,1048575,34607,0,3,-2866.789
520192474,948,254,0,3930,274,1,0,0,0,0,1,0,0,0,0,520192518,2166161467,1048575,35486,0,3,-2865.841
520193445,971,254,0,3930,246,1,0,0,0,0,1,0,0,0,0,520193490,2166161467,1048575,36461,0,3,-2864.87
520194465,1020,254,0,3930,264,1,0,0,0,0,1,0,0,0,0,520194516,2166161467,1048575,37485,0,3,-2863.85
520195440,975,254,0,3930,248,1,0,0,0,0,1,0,0,0,0,520195490,2166161467,1048575,38463,0,3,-2862.875
520196443,1003,254,0,3930,249,0,0,0,0,0,1,0,0,0,0,520196482,2166161467,1048575,39450,0,3,-2861.872
520197436,993,254,0,3930,245,0,0,0,0,0,1,0,0,0,0,520197483,2166161467,1048575,40454,0,3,-2860.879
520198466,1030,255,1,3929,264,0,-8,0,0,0,1,0,0,0,0,520198513,2166161467,1048575,41483,0,3,-2859.849
520199443,977,254,-1,3930,251,0,0,0,0,0,1,0,0,0,0,520199490,2166161467,1048575,42462,0,3,-2858.872
520200460,1017,254,0,3930,257,0,0,0,0,0,1,0,0,0,0,520200580,2166161467,1048575,43577,0,3,-2857.855
520201491,1031,254,0,3930,297,0,0,0,0,0,1,0,0,0,0,520201542,2166161467,1048575,44511,0,3,-2856.824
520202434,943,254,0,3930,235,0,0,0,0,0,1,0,0,0,0,520202473,2166161467,1048575,45438,0,3,-2855.881
520203426,992,254,0,3930,232,0,0,0,0,0,1,0,0,0,0,520203459,2166161467,1048575,46424,0,3,-2854.889
520204419,993,254,0,3930,228,0,0,0,0,0,1,0,0,0,0,520204447,2166161467,1048575,47412,0,3,-2853.896
520205426,1007,254,0,3930,231,0,0,0,0,0,1,0,0,0,0,520205460,2166161467,1048575,48424,0,3,-2852.889
520206426,1000,254,0,3930,230,0,0,0,0,0,1,0,0,0,0,520206455,2166161467,1048575,49421,0,3,-2851.889
520207423,997,254,0,3930,232,0,0,0,0,0,1,0,0,0,0,520207456,2166161467,1048575,1,0,3,-2850.892
520208432,1009,254,0,3930,238,0,0,0,0,0,1,0,0,0,0,520208476,2166161467,1048575,494,0,3,-2849.883
520209484,1052,254,0,3930,284,0,0,0,0,0,1,0,0,0,0,520209573,2166161467,1048575,1617,0,3,-2848.831
520210525,1041,254,0,3930,324,0,0,0,0,0,1,0,0,0,0,520210677,2166161467,1048575,2734,0,3,-2847.79
520211529,1004,254,0,3930,332,0,0,0,0,0,1,0,0,0,0,520211612,2166161467,1048575,3650,0,3,-2846.786
520212475,946,254,0,3930,276,0,0,0,0,0,1,0,0,0,0,520212523,2166161467,1048575,4547,0,3,-2845.84
520213441,966,254,0,3930,244,0,0,0,0,0,1,0,0,0,0,520213489,2166161467,1048575,5511,0,3,-2844.874
520214467,1026,254,0,3930,269,0,0,0,0,0,1,0,0,0,0,520214513,2166161467,1048575,6534,0,3,-2843.848
520215437,970,254,0,3930,245,0,0,0,0,0,1,0,0,0,0,520215490,2166161467,1048575,7512,0,3,-2842.878
520216452,1015,254,0,3930,253,0,0,0,0,0,1,0,0,0,0,520216490,2166161467,1048575,8509,0,3,-2841.863
520217436,984,254,0,3930,245,0,0,0,0,0,1,0,0,0,0,520217483,2166161467,1048575,9506,0,3,-2840.879
520218465,1029,254,0,3930,264,0,0,0,0,0,1,0,0,0,0,520218507,2166161467,1048575,10525,0,3,-2839.85
520219436,971,254,0,3930,243,0,0,0,0,0,1,0,0,0,0,520219484,2166161467,1048575,11506,0,3,-2838.879
520220456,1020,254,0,3930,258,0,0,0,0,0,1,0,0,0,0,520220569,2166161467,1048575,12621,0,3,-2837.859
520221495,1039,254,0,3930,301,0,0,0,0,0,1,0,0,0,0,520221544,2166161467,1048575,13564,0,3,-2836.82
520222442,947,254,0,3930,239,0,0,0,0,0,1,0,0,0,0,520222484,2166161467,1048575,14501,0,3,-2835.873
520223428,986,254,0,3930,233,0,0,0,0,0,1,0,0,0,0,520223460,2166161467,1048575,15476,0,3,-2834.887
520224427,999,255,1,3929,232,0,-8,0,0,0,1,0,0,0,0,520224460,2166161467,1048575,16477,0,3,-2833.888
520225431,1004,254,-1,3930,236,0,0,0,0,0,1,0,0,0,0,520225464,2166161467,1048575,17481,0,3,-2832.884
520226435,1004,254,0,3930,234,0,0,0,0,0,1,0,0,0,0,520226470,2166161467,1048575,18486,0,3,-2831.88
520227427,992,254,0,3930,233,0,0,0,0,0,1,0,0,0,0,520227459,2166161467,1048575,19476,0,3,-2830.888
520228426,999,254,0,3930,232,0,0,0,0,0,1,0,0,0,0,520228459,2166161467,1048575,20475,0,3,-2829.889
520229474,1048,254,0,3930,276,0,0,0,0,0,1,0,0,0,0,520229582,2166161467,1048575,21630,0,3,-2828.841
520230517,1043,254,0,3930,323,0,0,0,0,0,1,0,0,0,0,520230649,2166161467,1048575,22695,0,3,-2827.798
520231532,1015,254,0,3930,336,0,0,0,0,0,1,0,0,0,0,520231632,2166161467,1048575,23669,0,3,-2826.783
520232479,947,254,0,3930,279,0,0,0,0,0,1,0,0,0,0,520232526,2166161467,1048575,24544,0,3,-2825.836
520233438,959,254,0,3930,245,0,0,0,0,0,1,0,0,0,0,520233485,2166161467,1048575,25509,0,3,-2824.877
520234455,1017,254,0,3930,265,0,0,0,0,0,1,0,0,0,0,520234500,2166161467,1048575,26518,0,3,-2823.86
520235451,996,254,0,3930,248,0,0,0,0,0,1,0,0,0,0,520235497,2166161467,1048575,27520,0,3,-2822.864
520236449,998,254,0,3930,247,0,0,0,0,0,1,0,0,0,0,520236493,2166161467,1048575,28512,0,3,-2821.866
520237446,997,254,0,3930,248,0,0,0,0,0,1,0,0,0,0,520237491,2166161467,1048575,29513,0,3,-2820.869
520238462,1016,254,0,3930,266,0,0,0,0,0,1,0,0,0,0,520238505,2166161467,1048575,30523,0,3,-2819.853
520239445,983,254,0,3930,244,0,0,0,0,0,1,0,0,0,0,520239490,2166161467,1048575,31512,0,3,-2818.87
520240461,1016,254,0,3930,264,0,0,0,0,0,1,0,0,0,0,520240566,2166161467,1048575,32614,0,3,-2817.854
520241490,1029,254,0,3930,292,0,0,0,0,0,1,0,0,0,0,520241542,2166161467,1048575,33561,0,3,-2816.825
520242433,943,254,0,3930,235,0,0,0,0,0,1,0,0,0,0,520242470,2166161467,1048575,34486,0,3,-2815.882
520243424,991,254,0,3930,233,0,0,0,0,0,1,0,0,0,0,520243456,2166161467,1048575,35472,0,3,-2814.891
520244431,1007,254,0,3930,228,0,0,0,0,0,1,0,0,0,0,520244458,2166161467,1048575,36475,0,3,-2813.884
520245425,994,254,0,3930,233,0,0,0,0,0,1,0,0,0,0,520245457,2166161467,1048575,37472,0,3,-2812.89
520246424,999,254,0,3930,230,0,0,0,0,0,1,0,0,0,0,520246453,2166161467,1048575,38470,0,3,-2811.891
520247424,1000,254,0,3930,233,0,0,0,0,0,1,0,0,0,0,520247456,2166161467,1048575,39471,0,3,-2810.891
520248417,993,254,0,3930,228,0,0,0,0,0,1,0,0,0,0,520248444,2166161467,1048575,40461,0,3,-2809.898
520249468,1051,254,0,3930,272,0,0,0,0,0,1,0,0,0,0,520249557,2166161467,1048575,41598,0,3,-2808.847
520250529,1061,254,0,3930,329,0,0,0,0,0,1,0,0,0,0,520250684,2166161467,1048575,42742,0,3,-2807.786
520251530,1001,254,0,3930,332,0,0,0,0,0,1,0,0,0,0,520251615,2166161467,1048575,43657,0,3,-2806.785
520252467,937,254,0,3930,272,0,0,0,0,0,1,0,0,0,0,520252515,2166161467,1048575,44536,0,3,-2805.848
520253443,976,254,0,3930,245,0,0,0,0,0,1,0,0,0,0,520253490,2166161467,1048575,45514,0,3,-2804.872
520254464,1021,254,0,3930,265,0,8,0,0,0,1,0,0,0,0,520254512,2166161467,1048575,46532,0,3,-2803.851
520255442,978,254,0,3930,250,0,0,0,0,0,1,0,0,0,0,520255493,2166161467,1048575,47516,0,3,-2802.873
520256442,1000,254,0,3930,248,0,0,0,0,0,1,0,0,0,0,520256480,2166161467,1048575,48499,0,3,-2801.873
520257447,1005,254,0,3930,246,0,0,0,0,0,1,0,0,0,0,520257494,2166161467,1048575,49517,0,3,-2800.868
520258459,1012,254,0,3930,263,0,0,0,0,0,1,0,0,0,0,520258500,2166161467,1048575,2,0,3,-2799.856
520259449,990,254,0,3930,246,0,0,0,0,0,1,0,0,0,0,520259498,2166161467,1048575,453,0,3,-2798.866
520260468,1019,254,0,3930,273,0,0,0,0,0,1,0,0,0,0,520260581,2166161467,1048575,1566,0,3,-2797.847
520261483,1015,254,0,3930,289,0,0,0,0,0,1,0,0,0,0,520261537,2166161467,1048575,2494,0,3,-2796.832
520262444,961,254,0,3930,245,0,0,0,0,0,1,0,0,0,0,520262482,2166161467,1048575,3435,0,3,-2795.871
520263426,982,254,0,3930,233,0,0,0,0,0,1,0,0,0,0,520263458,2166161467,1048575,4410,0,3,-2794.889
520264423,997,254,0,3930,231,0,0,0,0,0,1,0,0,0,0,520264454,2166161467,1048575,5406,0,3,-2793.892
520265423,1000,254,0,3930,232,0,0,0,0,0,1,0,0,0,0,520265455,2166161467,1048575,6408,0,3,-2792.892
520266428,1005,254,0,3930,233,0,0,0,0,0,1,0,0,0,0,520266460,2166161467,1048575,7412,0,3,-2791.887
520267427,999,254,0,3930,233,0,0,0,0,0,1,0,0,0,0,520267459,2166161467,1048575,8412,0,3,-2790.888
520268423,996,254,0,3930,231,0,0,0,0,0,1,0,0,0,0,520268454,2166161467,1048575,9406,0,3,-2789.892
520269468,1045,254,0,3930,274,0,0,0,0,0,1,0,0,0,0,520269563,2166161467,1048575,10545,0,3,-2788.847
520270526,1058,254,0,3930,325,0,0,0,0,0,1,0,0,0,0,520270679,2166161467,1048575,11673,0,3,-2787.789
520271524,998,254,0,3930,331,0,0,0,0,0,1,0,0,0,0,520271612,2166161467,1048575,12591,0,3,-2786.791
520272465,941,254,0,3930,271,0,0,0,0,0,1,0,0,0,0,520272510,2166161467,1048575,13468,0,3,-2785.85
520273440,975,254,0,3930,245,0,0,0,0,0,1,0,0,0,0,520273489,2166161467,1048575,14449,0,3,-2784.875
520274464,1024,254,0,3930,266,0,0,0,0,0,1,0,0,0,0,520274510,2166161467,1048575,15465,0,3,-2783.851
520275452,988,254,0,3930,249,0,0,0,0,0,1,0,0,0,0,520275502,2166161467,1048575,16460,0,3,-2782.863
520276447,995,254,0,3930,246,0,0,0,0,0,1,0,0,0,0,520276487,2166161467,1048575,17444,0,3,-2781.868
520277450,1003,254,0,3930,248,0,0,0,0,0,1,0,0,0,0,520277498,2166161467,1048575,18456,0,3,-2780.865
520278455,1005,254,0,3930,263,0,0,0,0,0,1,0,0,0,0,520278495,2166161467,1048575,19449,0,3,-2779.86
520279439,984,254,0,3930,245,0,0,0,0,0,1,0,0,0,0,520279484,2166161467,1048575,20442,0,3,-2778.876
520280448,1009,254,0,3930,257,0,0,0,0,0,1,0,0,0,0,520280553,2166161467,1048575,21539,0,3,-2777.867
520281501,1053,254,0,3930,299,0,0,0,0,0,1,0,0,0,0,520281554,2166161467,1048575,22512,0,3,-2776.814
520282443,942,254,0,3930,239,0,0,0,0,0,1,0,0,0,0,520282485,2166161467,1048575,23437,0,3,-2775.872
520283428,985,254,0,3930,233,0,0,0,0,0,1,0,0,0,0,520283461,2166161467,1048575,24413,0,3,-2774.887
520284427,999,254,0,3930,232,0,0,0,0,0,1,0,0,0,0,520284459,2166161467,1048575,25412,0,3,-2773.888
520285427,1000,254,0,3930,233,0,0,0,0,0,1,0,0,0,0,520285459,2166161467,1048575,26411,0,3,-2772.888
520286434,1007,254,0,3930,234,0,0,0,0,0,1,0,0,0,0,520286468,2166161467,1048575,27421,0,3,-2771.881
520287426,992,254,0,3930,233,0,0,0,0,0,1,0,0,0,0,520287458,2166161467,1048575,28411,0,3,-2770.889
520288426,1000,254,0,3930,232,0,0,0,0,0,1,0,0,0,0,520288459,2166161467,1048575,29412,0,3,-2769.889
520289467,1041,254,0,3930,272,0,0,0,0,0,1,0,0,0,0,520289568,2166161467,1048575,30551,0,3,-2768.848
520290528,1061,254,0,3930,325,0,0,0,0,0,1,0,0,0,0,520290675,2166161467,1048575,31664,0,3,-2767.787
520291529,1001,254,0,3930,336,0,0,0,0,0,1,0,0,0,0,520291616,2166161467,1048575,32590,0,3,-2766.786
520292471,942,254,0,3930,275,0,0,0,0,0,1,0,0,0,0,520292518,2166161467,1048575,33474,0,3,-2765.844
520293441,970,254,0,3930,246,0,0,0,0,0,1,0,0,0,0,520293490,2166161467,1048575,34449,0,3,-2764.874
520294465,1024,254,0,3930,264,0,0,0,0,0,1,0,0,0,0,520294512,2166161467,1048575,35470,0,3,-2763.85
520295438,973,254,0,3930,247,0,0,0,0,0,1,0,0,0,0,520295487,2166161467,1048575,36445,0,3,-2762.877
520296446,1008,254,0,3930,249,0,0,0,0,0,1,0,0,0,0,520296485,2166161467,1048575,37439,0,3,-2761.869
520297440,994,254,0,3930,244,0,0,0,0,0,1,0,0,0,0,520297487,2166161467,1048575,38445,0,3,-2760.875
520298456,1016,254,0,3930,266,0,0,0,0,0,1,0,0,0,0,520298503,2166161467,1048575,39460,0,3,-2759.859
520299441,985,254,0,3930,246,0,0,0,0,0,1,0,0,0,0,520299485,2166161467,1048575,40443,0,3,-2758.874
520300448,1007,254,0,3930,256,0,0,0,0,0,1,0,0,0,0,520300566,2166161467,1048575,41553,0,3,-2757.867
520301498,1050,254,0,3930,296,0,0,0,0,0,1,0,0,0,0,520301548,2166161467,1048575,42502,0,3,-2756.817
520302434,936,254,0,3930,233,0,0,0,0,0,1,0,0,0,0,520302472,2166161467,1048575,43424,0,3,-2755.881
520303425,991,254,0,3930,232,0,0,0,0,0,1,0,0,0,0,520303459,2166161467,1048575,44410,0,3,-2754.89
520304419,994,254,0,3930,228,0,0,0,0,0,1,0,0,0,0,520304446,2166161467,1048575,45399,0,3,-2753.896
520305426,1007,254,0,3930,231,0,0,0,0,0,1,0,0,0,0,520305459,2166161467,1048575,46411,0,3,-2752.889
520306426,1000,254,0,3930,230,0,0,0,0,0,1,0,0,0,0,520306456,2166161467,1048575,47408,0,3,-2751.889
520307423,997,254,0,3930,232,0,0,0,0,0,1,0,0,0,0,520307456,2166161467,1048575,48408,0,3,-2750.892
520308430,1007,254,0,3930,227,0,0,0,0,0,1,0,0,0,0,520308458,2166161467,1048575,49410,0,3,-2749.885
520309466,1036,254,0,3930,273,0,0,0,0,0,1,0,0,0,0,520309566,2166161467,1048575,1,0,3,-2748.849
520310790,1324,254,0,3930,431,0,0,0,0,0,1,0,0,0,0,520310974,2166161467,1048575,715,0,3,-2747.525
520311521,731,254,0,3930,316,0,0,0,0,0,1,0,0,0,0,520311587,2166161467,1048575,1305,0,3,-2746.794
520312454,933,254,0,3930,264,0,0,0,0,0,1,0,0,0,0,520312498,2166161467,1048575,2216,0,3,-2745.861
520313439,985,254,0,3930,247,0,0,0,0,0,1,0,0,0,0,520313480,2166161467,1048575,3194,0,3,-2744.876
520314453,1014,254,0,3930,260,0,0,0,0,0,1,0,0,0,0,520314505,2166161467,1048575,4219,0,3,-2743.862
520315438,985,254,0,3930,246,0,0,0,0,0,1,0,0,0,0,520315480,2166161467,1048575,5196,0,3,-2742.877
520316453,1015,254,0,3930,249,0,0,0,0,0,1,0,0,0,0,520316491,2166161467,1048575,6205,0,3,-2741.862
520317436,983,254,0,3930,244,0,0,0,0,0,1,0,0,0,0,520317493,2166161467,1048575,7208,0,3,-2740.879
520318448,1012,254,0,3930,256,0,0,0,0,0,1,0,0,0,0,520318486,2166161467,1048575,8199,0,3,-2739.867
520319448,1000,254,0,3930,250,0,0,0,0,0,1,0,0,0,0,520319498,2166161467,1048575,9214,0,3,-2738.867
520320461,1013,254,0,3930,261,0,0,0,0,0,1,0,0,0,0,520320572,2166161467,1048575,10315,0,3,-2737.854
520321501,1040,254,0,3930,307,0,0,0,0,0,1,0,0,0,0,520321570,2166161467,1048575,11289,0,3,-2736.814
520322444,943,254,0,3930,243,0,0,0,0,0,1,0,0,0,0,520322487,2166161467,1048575,12198,0,3,-2735.871
520323426,982,254,0,3930,232,0,0,0,0,0,1,0,0,0,0,520323458,2166161467,1048575,13169,0,3,-2734.889
520324425,999,254,0,3930,232,0,0,0,0,0,1,0,0,0,0,520324458,2166161467,1048575,14168,0,3,-2733.89
520325425,1000,254,0,3930,233,0,0,0,0,0,1,0,0,0,0,520325457,2166161467,1048575,15167,0,3,-2732.89
520326433,1008,254,0,3930,235,0,0,0,0,0,1,0,0,0,0,520326467,2166161467,1048575,16178,0,3,-2731.882
520327422,989,254,0,3930,232,0,0,0,0,0,1,0,0,0,0,520327454,2166161467,1048575,17164,0,3,-2730.893
520328424,1002,254,0,3930,232,0,0,0,0,0,1,0,0,0,0,520328457,2166161467,1048575,18168,0,3,-2729.891
520329470,1046,254,0,3930,272,0,0,0,0,0,1,0,0,0,0,520329553,2166161467,1048575,19290,0,3,-2728.845
520330530,1060,254,0,3930,327,0,0,0,0,0,1,0,0,0,0,520330682,2166161467,1048575,20422,0,3,-2727.785
520331521,991,254,0,3930,326,0,0,0,0,0,1,0,0,0,0,520331609,2166161467,1048575,21349,0,3,-2726.794
520332470,949,254,0,3930,277,0,0,0,0,0,1,0,0,0,0,520332514,2166161467,1048575,22228,0,3,-2725.845
520333438,968,254,0,3930,244,0,0,0,0,0,1,0,0,0,0,520333485,2166161467,1048575,23201,0,3,-2724.877
520334467,1029,254,0,3930,269,0,0,0,0,0,1,0,0,0,0,520334517,2166161467,1048575,24232,0,3,-2723.848
520335443,976,254,0,3930,251,0,0,0,0,0,1,0,0,0,0,520335496,2166161467,1048575,25212,0,3,-2722.872
520336443,1000,254,0,3930,244,0,0,0,0,0,1,0,0,0,0,520336481,2166161467,1048575,26194,0,3,-2721.872
520337450,1007,254,0,3930,249,0,0,0,0,0,1,0,0,0,0,520337498,2166161467,1048575,27214,0,3,-2720.865
520338459,1009,254,0,3930,266,0,0,0,0,0,1,0,0,0,0,520338502,2166161467,1048575,28216,0,3,-2719.856
520339444,985,254,0,3930,250,0,0,0,0,0,1,0,0,0,0,520339493,2166161467,1048575,29209,0,3,-2718.871
520340455,1011,254,0,3930,258,0,0,0,0,0,1,0,0,0,0,520340579,2166161467,1048575,30317,0,3,-2717.86
520341491,1036,254,0,3930,297,0,0,0,0,0,1,0,0,0,0,520341541,2166161467,1048575,31252,0,3,-2716.824
520342435,944,254,0,3930,235,0,0,0,0,0,1,0,0,0,0,520342469,2166161467,1048575,32180,0,3,-2715.88
520343425,990,254,0,3930,234,0,0,0,0,0,1,0,0,0,0,520343458,2166161467,1048575,33167,0,3,-2714.89
520344419,994,254,0,3930,228,0,0,0,0,0,1,0,0,0,0,520344446,2166161467,1048575,34157,0,3,-2713.896
520345426,1007,254,0,3930,231,0,0,0,0,0,1,0,0,0,0,520345459,2166161467,1048575,35169,0,3,-2712.889
520346424,998,254,0,3930,228,0,0,0,0,0,1,0,0,0,0,520346454,2166161467,1048575,36164,0,3,-2711.891
520347425,1001,254,0,3930,234,0,0,0,0,0,1,0,0,0,0,520347458,2166161467,1048575,37167,0,3,-2710.89
520348419,994,254,0,3930,228,0,0,0,0,0,1,0,0,0,0,520348447,2166161467,1048575,38157,0,3,-2709.896
520349475,1056,254,0,3930,279,0,0,0,0,0,1,0,0,0,0,520349597,2166161467,1048575,39341,0,3,-2708.84
520350522,1047,254,0,3930,320,0,0,0,0,0,1,0,0,0,0,520350665,2166161467,1048575,40415,0,3,-2707.793
520351529,1007,254,0,3930,329,0,0,0,0,0,1,0,0,0,0,520351615,2166161467,1048575,41353,0,3,-2706.786
520352475,946,254,0,3930,275,0,0,0,0,0,1,0,0,0,0,520352519,2166161467,1048575,42233,0,3,-2705.84
520353445,970,254,0,3930,244,0,0,0,0,0,1,0,0,0,0,520353495,2166161467,1048575,43212,0,3,-2704.87
520354467,1022,254,0,3930,265,0,0,0,0,0,1,0,0,0,0,520354513,2166161467,1048575,44226,0,3,-2703.848
520355437,970,254,0,3930,247,0,0,0,0,0,1,0,0,0,0,520355487,2166161467,1048575,45203,0,3,-2702.878
520356438,1001,254,0,3930,247,0,0,0,0,0,1,0,0,0,0,520356480,2166161467,1048575,46192,0,3,-2701.877
520357446,1008,254,0,3930,246,0,0,0,0,0,1,0,0,0,0,520357493,2166161467,1048575,47209,0,3,-2700.869
520358461,1015,254,0,3930,268,0,0,0,0,0,1,0,0,0,0,520358504,2166161467,1048575,48218,0,3,-2699.854
520359444,983,254,0,3930,241,0,0,0,0,0,1,0,0,0,0,520359493,2166161467,1048575,49212,0,3,-2698.871
520360468,1024,254,0,3930,265,0,0,0,0,0,1,0,0,0,0,520360584,2166161467,1048575,2,0,3,-2697.847
520361509,1041,254,0,3930,298,0,0,0,0,0,1,0,0,0,0,520361571,2166161467,1048575,439,0,3,-2696.806
520362440,931,254,0,3930,240,0,0,0,0,0,1,0,0,0,0,520362476,2166161467,1048575,1339,0,3,-2695.875
520363432,992,254,0,3930,234,0,0,0,0,0,1,0,0,0,0,520363466,2166161467,1048575,2330,0,3,-2694.883
520364429,997,254,0,3930,231,0,0,0,0,0,1,0,0,0,0,520364459,2166161467,1048575,3323,0,3,-2693.886
520365426,997,254,0,3930,233,0,0,0,0,0,1,0,0,0,0,520365458,2166161467,1048575,4321,0,3,-2692.889
520366429,1003,254,0,3930,231,0,0,0,0,0,1,0,0,0,0,520366460,2166161467,1048575,5324,0,3,-2691.886
520367430,1001,254,0,3930,235,0,0,0,0,0,1,0,0,0,0,520367463,2166161467,1048575,6326,0,3,-2690.885
520368424,994,254,0,3930,231,0,0,0,0,0,1,0,0,0,0,520368454,2166161467,1048575,7318,0,3,-2689.891
520369459,1035,254,0,3930,268,0,0,0,0,0,1,0,0,0,0,520369539,2166161467,1048575,8421,0,3,-2688.856
520370544,1085,254,0,3930,339,0,0,0,0,0,1,0,0,0,0,520370702,2166161467,1048575,9608,0,3,-2687.771
520371528,984,254,0,3930,327,0,0,0,0,0,1,0,0,0,0,520371614,2166161467,1048575,10493,0,3,-2686.787
520372465,937,254,0,3930,272,0,0,0,0,0,1,0,0,0,0,520372509,2166161467,1048575,11377,0,3,-2685.85
520373439,974,254,0,3930,247,0,0,0,0,0,1,0,0,0,0,520373487,2166161467,1048575,12357,0,3,-2684.876
520374466,1027,254,0,3930,269,0,0,0,0,0,1,0,0,0,0,520374512,2166161467,1048575,13380,0,3,-2683.849
520375436,970,254,0,3930,246,0,0,0,0,0,1,0,0,0,0,520375484,2166161467,1048575,14357,0,3,-2682.879
520376443,1007,254,0,3930,250,0,0,0,0,0,1,0,0,0,0,520376481,2166161467,1048575,15345,0,3,-2681.872
520377445,1002,255,1,3929,243,0,-8,0,0,0,1,0,0,0,0,520377493,2166161467,1048575,16363,0,3,-2680.87
520378460,1015,254,-1,3930,267,0,0,0,0,0,1,0,0,0,0,520378502,2166161467,1048575,17366,0,3,-2679.855
520379438,978,254,0,3930,243,0,0,0,0,0,1,0,0,0,0,520379487,2166161467,1048575,18359,0,3,-2678.877
520380449,1011,254,0,3930,258,0,0,0,0,0,1,0,0,0,0,520380568,2166161467,1048575,19470,0,3,-2677.866
520381480,1031,254,0,3930,289,0,0,0,0,0,1,0,0,0,0,520381525,2166161467,1048575,20390,0,3,-2676.835
520382434,954,254,0,3930,240,0,0,0,0,0,1,0,0,0,0,520382476,2166161467,1048575,21339,0,3,-2675.881
520383430,996,254,0,3930,233,0,0,0,0,0,1,0,0,0,0,520383462,2166161467,1048575,22325,0,3,-2674.885
520384428,998,254,0,3930,232,0,0,0,0,0,1,0,0,0,0,520384461,2166161467,1048575,23325,0,3,-2673.887
520385427,999,254,0,3930,232,0,0,0,0,0,1,0,0,0,0,520385459,2166161467,1048575,24323,0,3,-2672.888
520386435,1008,254,0,3930,236,0,0,0,0,0,1,0,0,0,0,520386470,2166161467,1048575,25333,0,3,-2671.88
520387428,993,254,0,3930,233,0,0,0,0,0,1,0,0,0,0,520387460,2166161467,1048575,26324,0,3,-2670.887
520388427,999,254,0,3930,232,0,0,0,0,0,1,0,0,0,0,520388459,2166161467,1048575,27323,0,3,-2669.888
520389470,1043,254,0,3930,274,0,0,0,0,0,1,0,0,0,0,520389579,2166161467,1048575,28472,0,3,-2668.845
520390533,1063,254,0,3930,330,0,0,0,0,0,1,0,0,0,0,520390685,2166161467,1048575,29590,0,3,-2667.782
520391526,993,254,0,3930,331,0,0,0,0,0,1,0,0,0,0,520391609,2166161467,1048575,30503,0,3,-2666.789
520392467,941,254,0,3930,272,0,0,0,0,0,1,0,0,0,0,520392515,2166161467,1048575,31385,0,3,-2665.848
520393445,978,254,0,3930,245,0,0,0,0,0,1,0,0,0,0,520393489,2166161467,1048575,32358,0,3,-2664.87
520394461,1016,254,0,3930,261,0,0,0,0,0,1,0,0,0,0,520394507,2166161467,1048575,33373,0,3,-2663.854
520395441,980,254,0,3930,249,0,0,0,0,0,1,0,0,0,0,520395490,2166161467,1048575,34361,0,3,-2662.874
520396442,1001,254,0,3930,250,0,0,0,0,0,1,0,0,0,0,520396483,2166161467,1048575,35349,0,3,-2661.873
520397438,996,254,0,3930,241,0,0,0,0,0,1,0,0,0,0,520397485,2166161467,1048575,36354,0,3,-2660.877
520398463,1025,254,0,3930,264,0,0,0,0,0,1,0,0,0,0,520398506,2166161467,1048575,37371,0,3,-2659.852
520399439,976,254,0,3930,247,0,0,0,0,0,1,0,0,0,0,520399486,2166161467,1048575,38356,0,3,-2658.876
520400463,1024,254,0,3930,261,0,0,0,0,0,1,0,0,0,0,520400583,2166161467,1048575,39475,0,3,-2657.852
520401488,1025,254,0,3930,297,0,0,0,0,0,1,0,0,0,0,520401539,2166161467,1048575,40410,0,3,-2656.827
520402434,946,254,0,3930,239,0,0,0,0,0,1,0,0,0,0,520402473,2166161467,1048575,41336,0,3,-2655.881
520403427,993,254,0,3930,233,0,0,0,0,0,1,0,0,0,0,520403459,2166161467,1048575,42323,0,3,-2654.888
520404423,996,254,0,3930,231,0,0,0,0,0,1,0,0,0,0,520404454,2166161467,1048575,43317,0,3,-2653.892
520405423,1000,254,0,3930,232,0,0,0,0,0,1,0,0,0,0,520405455,2166161467,1048575,44318,0,3,-2652.892
520406428,1005,254,0,3930,233,0,0,0,0,0,1,0,0,0,0,520406460,2166161467,1048575,45324,0,3,-2651.887
520407428,1000,254,0,3930,233,0,0,0,0,0,1,0,0,0,0,520407460,2166161467,1048575,46323,0,3,-2650.887
520408423,995,254,0,3930,231,0,8,0,0,0,1,0,0,0,0,520408455,2166161467,1048575,47319,0,3,-2649.892
520409473,1050,254,0,3930,275,0,0,0,0,0,1,0,0,0,0,520409576,2166161467,1048575,48465,0,3,-2648.842
520410530,1057,254,0,3930,333,0,0,0,0,0,1,0,0,0,0,520410673,2166161467,1048575,49576,0,3,-2647.785
520411522,992,254,0,3930,327,0,0,0,0,0,1,0,0,0,0,520411606,2166161467,1048575,1,0,3,-2646.793
520412535,1013,254,0,3930,283,0,0,0,0,0,1,0,0,0,0,520412589,2166161467,1048575,411,0,3,-2645.78
520413452,917,254,0,3930,249,0,0,0,0,0,1,0,0,0,0,520413500,2166161467,1048575,1326,0,3,-2644.863
520414467,1015,254,0,3930,271,0,0,0,0,0,1,0,0,0,0,520414516,2166161467,1048575,2340,0,3,-2643.848
520415440,973,254,0,3930,246,0,0,0,0,0,1,0,0,0,0,520415488,2166161467,1048575,3313,0,3,-2642.875
520416450,1010,254,0,3930,247,0,0,0,0,0,1,0,0,0,0,520416495,2166161467,1048575,4317,0,3,-2641.865
520417451,1001,254,0,3930,250,0,0,0,0,0,1,0,0,0,0,520417497,2166161467,1048575,5322,0,3,-2640.864
520418467,1016,254,0,3930,264,0,0,0,0,0,1,0,0,0,0,520418517,2166161467,1048575,6340,0,3,-2639.848
520419440,973,254,0,3930,246,0,0,0,0,0,1,0,0,0,0,520419486,2166161467,1048575,7312,0,3,-2638.875
520420453,1013,254,0,3930,260,0,0,0,0,0,1,0,0,0,0,520420574,2166161467,1048575,8427,0,3,-2637.862
520421492,1039,254,0,3930,296,0,0,0,0,0,1,0,0,0,0,520421541,2166161467,1048575,9362,0,3,-2636.823
520422433,941,254,0,3930,235,0,0,0,0,0,1,0,0,0,0,520422469,2166161467,1048575,10288,0,3,-2635.882
520423423,990,254,0,3930,232,0,0,0,0,0,1,0,0,0,0,520423456,2166161467,1048575,11274,0,3,-2634.892
520424416,993,254,0,3930,227,0,0,0,0,0,1,0,0,0,0,520424444,2166161467,1048575,12263,0,3,-2633.899
520425424,1008,254,0,3930,231,0,0,0,0,0,1,0,0,0,0,520425457,2166161467,1048575,13274,0,3,-2632.891
520426424,1000,254,0,3930,230,0,0,0,0,0,1,0,0,0,0,520426453,2166161467,1048575,14272,0,3,-2631.891
520427423,999,254,0,3930,232,0,0,0,0,0,1,0,0,0,0,520427456,2166161467,1048575,15274,0,3,-2630.892
520428430,1007,254,0,3930,227,0,0,0,0,0,1,0,0,0,0,520428458,2166161467,1048575,16277,0,3,-2629.885
520429471,1041,254,0,3930,275,0,0,0,0,0,1,0,0,0,0,520429582,2166161467,1048575,17428,0,3,-2628.844
520430542,1071,254,0,3930,337,0,0,0,0,0,1,0,0,0,0,520430689,2166161467,1048575,18549,0,3,-2627.773
520431520,978,254,0,3930,327,0,0,0,0,0,1,0,0,0,0,520431605,2166161467,1048575,19440,0,3,-2626.795
520432472,952,254,0,3930,272,0,0,0,0,0,1,0,0,0,0,520432518,2166161467,1048575,20344,0,3,-2625.843
520433441,969,254,0,3930,244,0,0,0,0,0,1,0,0,0,0,520433488,2166161467,1048575,21313,0,3,-2624.874
520434470,1029,254,0,3930,270,0,0,0,0,0,1,0,0,0,0,520434518,2166161467,1048575,22341,0,3,-2623.845
520435434,964,254,0,3930,241,0,0,0,0,0,1,0,0,0,0,520435484,2166161467,1048575,23310,0,3,-2622.881
520436452,1018,254,0,3930,251,0,0,0,0,0,1,0,0,0,0,520436490,2166161467,1048575,24310,0,3,-2621.863
520437446,994,254,0,3930,243,0,0,0,0,0,1,0,0,0,0,520437494,2166161467,1048575,25318,0,3,-2620.869
520438461,1015,254,0,3930,268,0,0,0,0,0,1,0,0,0,0,520438502,2166161467,1048575,26321,0,3,-2619.854
520439436,975,254,0,3930,241,0,0,0,0,0,1,0,0,0,0,520439487,2166161467,1048575,27312,0,3,-2618.879
520440468,1032,254,0,3930,266,0,0,0,0,0,1,0,0,0,0,520440583,2166161467,1048575,28438,0,3,-2617.847
520441496,1028,254,0,3930,299,0,0,0,0,0,1,0,0,0,0,520441549,2166161467,1048575,29371,0,3,-2616.819
520442440,944,254,0,3930,236,0,0,0,0,0,1,0,0,0,0,520442480,2166161467,1048575,30298,0,3,-2615.875
520443434,994,254,0,3930,232,0,0,0,0,0,1,0,0,0,0,520443467,2166161467,1048575,31286,0,3,-2614.881
520444424,990,254,0,3930,232,0,0,0,0,0,1,0,0,0,0,520444456,2166161467,1048575,32275,0,3,-2613.891
520445427,1003,254,0,3930,233,0,0,0,0,0,1,0,0,0,0,520445459,2166161467,1048575,33277,0,3,-2612.888
520446433,1006,254,0,3930,234,0,0,0,0,0,1,0,0,0,0,520446468,2166161467,1048575,34287,0,3,-2611.882
520447426,993,254,0,3930,233,0,0,0,0,0,1,0,0,0,0,520447458,2166161467,1048575,35276,0,3,-2610.889
520448426,1000,254,0,3930,232,0,0,0,0,0,1,0,0,0,0,520448459,2166161467,1048575,36278,0,3,-2609.889
520449471,1045,254,0,3930,272,0,0,0,0,0,1,0,0,0,0,520449567,2166161467,1048575,37413,0,3,-2608.844
520450515,1044,254,0,3930,319,0,0,0,0,0,1,0,0,0,0,520450658,2166161467,1048575,38507,0,3,-2607.8
520451534,1019,254,0,3930,343,0,0,0,0,0,1,0,0,0,0,520451628,2166161467,1048575,39467,0,3,-2606.781
520452468,934,254,0,3930,275,0,0,0,0,0,1,0,0,0,0,520452516,2166161467,1048575,40336,0,3,-2605.847
520453442,974,254,0,3930,246,0,0,0,0,0,1,0,0,0,0,520453490,2166161467,1048575,41315,0,3,-2604.873
520454466,1024,254,0,3930,265,0,0,0,0,0,1,0,0,0,0,520454513,2166161467,1048575,42333,0,3,-2603.849
520455441,975,254,0,3930,246,0,0,0,0,0,1,0,0,0,0,520455490,2166161467,1048575,43315,0,3,-2602.874
520456443,1002,254,0,3930,250,0,0,0,0,0,1,0,0,0,0,520456484,2166161467,1048575,44305,0,3,-2601.872
520457434,991,254,0,3930,241,0,0,0,0,0,1,0,0,0,0,520457480,2166161467,1048575,45305,0,3,-2600.881
520458467,1033,254,0,3930,266,0,0,0,0,0,1,0,0,0,0,520458513,2166161467,1048575,46334,0,3,-2599.848
520459440,973,254,0,3930,244,0,0,0,0,0,1,0,0,0,0,520459487,2166161467,1048575,47313,0,3,-2598.875
520460451,1011,254,0,3930,260,0,0,0,0,0,1,0,0,0,0,520460561,2166161467,1048575,48408,0,3,-2597.864
520461482,1031,254,0,3930,291,0,0,0,0,0,1,0,0,0,0,520461530,2166161467,1048575,49351,0,3,-2596.833
520462434,952,254,0,3930,235,0,0,0,0,0,1,0,0,0,0,520462471,2166161467,1048575,1,0,3,-2595.881
520463436,1002,254,0,3930,240,0,0,0,0,0,1,0,0,0,0,520463475,2166161467,1048575,476,0,3,-2594.879
520464431,995,254,0,3930,236,0,0,0,0,0,1,0,0,0,0,520464464,2166161467,1048575,1465,0,3,-2593.884
520465435,1004,254,0,3930,232,0,0,0,0,0,1,0,0,0,0,520465467,2166161467,1048575,2467,0,3,-2592.88
520466432,997,254,0,3930,232,0,0,0,0,0,1,0,0,0,0,520466463,2166161467,1048575,3463,0,3,-2591.883
520467431,999,254,0,3930,234,0,0,0,0,0,1,0,0,0,0,520467466,2166161467,1048575,4467,0,3,-2590.884
520468429,998,254,0,3930,231,0,0,0,0,0,1,0,0,0,0,520468459,2166161467,1048575,5460,0,3,-2589.886
520469484,1055,254,0,3930,286,0,0,0,0,0,1,0,0,0,0,520469581,2166161467,1048575,6609,0,3,-2588.831
520470525,1041,254,0,3930,327,0,0,0,0,0,1,0,0,0,0,520470673,2166161467,1048575,7713,0,3,-2587.79
520471519,994,254,0,3930,324,0,0,0,0,0,1,0,0,0,0,520471609,2166161467,1048575,8626,0,3,-2586.796
520472480,961,254,0,3930,282,0,0,0,0,0,1,0,0,0,0,520472527,2166161467,1048575,9535,0,3,-2585.835
520473439,959,254,0,3930,242,0,0,0,0,0,1,0,0,0,0,520473490,2166161467,1048575,10497,0,3,-2584.876
520474464,1025,254,0,3930,267,0,0,0,0,0,1,0,0,0,0,520474508,2166161467,1048575,11512,0,3,-2583.851
520475438,974,254,0,3930,243,0,0,0,0,0,1,0,0,0,0,520475492,2166161467,1048575,12499,0,3,-2582.877
520476446,1008,254,0,3930,256,0,0,0,0,0,1,0,0,0,0,520476490,2166161467,1048575,13492,0,3,-2581.869
520477446,1000,254,0,3930,244,0,0,0,0,0,1,0,0,0,0,520477494,2166161467,1048575,14500,0,3,-2580.869
520478462,1016,254,0,3930,266,0,0,0,0,0,1,0,0,0,0,520478502,2166161467,1048575,15504,0,3,-2579.853
520479441,979,254,0,3930,242,0,0,0,0,0,1,0,0,0,0,520479495,2166161467,1048575,16503,0,3,-2578.874
520480452,1011,254,0,3930,262,0,0,0,0,0,1,0,0,0,0,520480554,2166161467,1048575,17582,0,3,-2577.863
520481497,1045,254,0,3930,302,0,0,0,0,0,1,0,0,0,0,520481554,2166161467,1048575,18563,0,3,-2576.818
520482438,941,254,0,3930,237,0,0,0,0,0,1,0,0,0,0,520482480,2166161467,1048575,19480,0,3,-2575.877
520483436,998,254,0,3930,234,0,0,0,0,0,1,0,0,0,0,520483469,2166161467,1048575,20470,0,3,-2574.879
520484421,985,254,0,3930,231,0,0,0,0,0,1,0,0,0,0,520484452,2166161467,1048575,21452,0,3,-2573.894
520485431,1010,254,0,3930,232,0,0,0,0,0,1,0,0,0,0,520485463,2166161467,1048575,22463,0,3,-2572.884
520486431,1000,254,0,3930,232,0,0,0,0,0,1,0,0,0,0,520486465,2166161467,1048575,23466,0,3,-2571.884
520487435,1004,254,0,3930,234,0,0,0,0,0,1,0,0,0,0,520487467,2166161467,1048575,24467,0,3,-2570.88
520488421,986,254,0,3930,231,0,0,0,0,0,1,0,0,0,0,520488452,2166161467,1048575,25452,0,3,-2569.894
520489478,1057,254,0,3930,279,0,0,0,0,0,1,0,0,0,0,520489577,2166161467,1048575,26602,0,3,-2568.837
520490538,1060,254,0,3930,336,0,0,0,0,0,1,0,0,0,0,520490682,2166161467,1048575,27721,0,3,-2567.777
520491545,1007,254,0,3930,343,0,0,0,0,0,1,0,0,0,0,520491637,2166161467,1048575,28656,0,3,-2566.77
520492470,925,254,0,3930,274,0,0,0,0,0,1,0,0,0,0,520492516,2166161467,1048575,29522,0,3,-2565.845
520493444,974,254,0,3930,247,0,0,0,0,0,1,0,0,0,0,520493490,2166161467,1048575,30496,0,3,-2564.871
520494463,1019,254,0,3930,265,0,0,0,0,0,1,0,0,0,0,520494510,2166161467,1048575,31514,0,3,-2563.852
520495450,987,254,0,3930,247,0,0,0,0,0,1,0,0,0,0,520495503,2166161467,1048575,32511,0,3,-2562.865
520496446,996,254,0,3930,252,0,0,0,0,0,1,0,0,0,0,520496487,2166161467,1048575,33490,0,3,-2561.869
520497440,994,254,0,3930,242,0,0,0,0,0,1,0,0,0,0,520497484,2166161467,1048575,34490,0,3,-2560.875
520498468,1028,254,0,3930,266,0,0,0,0,0,1,0,0,0,0,520498514,2166161467,1048575,35519,0,3,-2559.847
520499437,969,254,0,3930,246,0,0,0,0,0,1,0,0,0,0,520499482,2166161467,1048575,36490,0,3,-2558.878
520500458,1021,254,0,3930,258,0,0,0,0,0,1,0,0,0,0,520500578,2166161467,1048575,37606,0,3,-2557.857
520501486,1028,254,0,3930,295,0,0,0,0,0,1,0,0,0,0,520501530,2166161467,1048575,38533,0,3,-2556.829
520502432,946,254,0,3930,233,0,0,0,0,0,1,0,0,0,0,520502470,2166161467,1048575,39471,0,3,-2555.883
520503425,993,254,0,3930,233,0,0,0,0,0,1,0,0,0,0,520503457,2166161467,1048575,40456,0,3,-2554.89
520504431,1006,254,0,3930,228,0,0,0,0,0,1,0,0,0,0,520504458,2166161467,1048575,41459,0,3,-2553.884
520505425,994,254,0,3930,232,0,0,0,0,0,1,0,0,0,0,520505457,2166161467,1048575,42456,0,3,-2552.89
520506424,999,254,0,3930,230,0,0,0,0,0,1,0,0,0,0,520506453,2166161467,1048575,43453,0,3,-2551.891
520507436,1012,254,0,3930,233,0,0,0,0,0,1,0,0,0,0,520507468,2166161467,1048575,44468,0,3,-2550.879
520508426,990,254,0,3930,229,0,0,0,0,0,1,0,0,0,0,520508453,2166161467,1048575,45453,0,3,-2549.889
520509495,1069,254,0,3930,291,0,0,0,0,0,1,0,0,0,0,520509606,2166161467,1048575,46638,0,3,-2548.82
520510512,1017,254,0,3930,317,0,0,0,0,0,1,0,0,0,0,520510650,2166161467,1048575,47682,0,3,-2547.803
520511540,1028,254,0,3930,344,0,0,0,0,0,1,0,0,0,0,520511641,2166161467,1048575,48660,0,3,-2546.775
520512472,932,254,0,3930,276,0,0,0,0,0,1,0,0,0,0,520512518,2166161467,1048575,49522,0,3,-2545.843
520513443,971,254,0,3930,244,0,0,0,0,0,1,0,0,0,0,520513490,2166161467,1048575,1,0,3,-2544.872
520514474,1031,254,0,3930,271,0,0,0,0,0,1,0,0,0,0,520514526,2166161467,1048575,480,0,3,-2543.841
520515451,977,254,0,3930,254,0,0,0,0,0,1,0,0,0,0,520515502,2166161467,1048575,1462,0,3,-2542.864
520516448,997,254,0,3930,250,0,0,0,0,0,1,0,0,0,0,520516492,2166161467,1048575,2446,0,3,-2541.867
520517445,997,254,0,3930,247,0,0,0,0,0,1,0,0,0,0,520517489,2166161467,1048575,3447,0,3,-2540.87
520518458,1013,254,0,3930,262,0,0,0,0,0,1,0,0,0,0,520518507,2166161467,1048575,4462,0,3,-2539.857
520519444,986,254,0,3930,249,0,0,0,0,0,1,0,0,0,0,520519491,2166161467,1048575,5450,0,3,-2538.871
520520459,1015,254,0,3930,266,0,0,0,0,0,1,0,0,0,0,520520568,2166161467,1048575,6553,0,3,-2537.856
520521496,1037,254,0,3930,302,0,0,0,0,0,1,0,0,0,0,520521548,2166161467,1048575,7503,0,3,-2536.819
520522433,937,254,0,3930,234,0,0,0,0,0,1,0,0,0,0,520522472,2166161467,1048575,8425,0,3,-2535.882
520523430,997,254,0,3930,234,0,0,0,0,0,1,0,0,0,0,520523463,2166161467,1048575,9414,0,3,-2534.885
520524420,990,254,0,3930,228,0,0,0,0,0,1,0,0,0,0,520524447,2166161467,1048575,10400,0,3,-2533.895
520525428,1008,254,0,3930,232,0,0,0,0,0,1,0,0,0,0,520525460,2166161467,1048575,11411,0,3,-2532.887
520526424,996,254,0,3930,229,0,0,0,0,0,1,0,0,0,0,520526453,2166161467,1048575,12405,0,3,-2531.891
520527424,1000,254,0,3930,234,0,0,0,0,0,1,0,0,0,0,520527456,2166161467,1048575,13407,0,3,-2530.891
520528430,1006,254,0,3930,228,0,0,0,0,0,1,0,0,0,0,520528457,2166161467,1048575,14410,0,3,-2529.885
520529466,1036,254,0,3930,273,0,0,0,0,0,1,0,0,0,0,520529555,2166161467,1048575,15529,0,3,-2528.849
520530519,1053,254,0,3930,324,0,0,0,0,0,1,0,0,0,0,520530669,2166161467,1048575,16659,0,3,-2527.796
520531531,1012,254,0,3930,330,0,0,0,0,0,1,0,0,0,0,520531614,2166161467,1048575,17595,0,3,-2526.784
520532468,937,254,0,3930,274,0,0,0,0,0,1,0,0,0,0,520532515,2166161467,1048575,18471,0,3,-2525.847
520533443,975,254,0,3930,245,0,0,0,0,0,1,0,0,0,0,520533490,2166161467,1048575,19448,0,3,-2524.872
520534466,1023,254,0,3930,267,0,0,0,0,0,1,0,0,0,0,520534513,2166161467,1048575,20472,0,3,-2523.849
520535437,971,254,0,3930,244,0,0,0,0,0,1,0,0,0,0,520535488,2166161467,1048575,21446,0,3,-2522.878
520536443,1006,254,0,3930,250,0,0,0,0,0,1,0,0,0,0,520536482,2166161467,1048575,22436,0,3,-2521.872
520537434,991,254,0,3930,244,0,0,0,0,0,1,0,0,0,0,520537480,2166161467,1048575,23439,0,3,-2520.881
520538464,1030,254,0,3930,265,0,0,0,0,0,1,0,0,0,0,520538507,2166161467,1048575,24462,0,3,-2519.851
520539436,972,254,0,3930,245,0,0,0,0,0,1,0,0,0,0,520539486,2166161467,1048575,25447,0,3,-2518.879
520540461,1025,254,0,3930,260,0,0,0,0,0,1,0,0,0,0,520540574,2166161467,1048575,26558,0,3,-2517.854
520541481,1020,254,0,3930,291,0,0,0,0,0,1,0,0,0,0,520541530,2166161467,1048575,27484,0,3,-2516.834
520542437,956,254,0,3930,236,0,0,0,0,0,1,0,0,0,0,520542474,2166161467,1048575,28427,0,3,-2515.878
520543429,992,254,0,3930,232,0,0,0,0,0,1,0,0,0,0,520543462,2166161467,1048575,29413,0,3,-2514.886
520544419,990,254,0,3930,228,0,0,0,0,0,1,0,0,0,0,520544447,2166161467,1048575,30400,0,3,-2513.896
520545427,1008,254,0,3930,232,0,0,0,0,0,1,0,0,0,0,520545460,2166161467,1048575,31411,0,3,-2512.888
520546426,999,254,0,3930,230,0,0,0,0,0,1,0,0,0,0,520546456,2166161467,1048575,32408,0,3,-2511.889
520547424,998,254,0,3930,233,0,0,0,0,0,1,0,0,0,0,520547457,2166161467,1048575,33409,0,3,-2510.891
520548416,992,254,0,3930,227,0,0,0,0,0,1,0,0,0,0,520548444,2166161467,1048575,34397,0,3,-2509.899
520549468,1052,254,0,3930,275,0,0,0,0,0,1,0,0,0,0,520549577,2166161467,1048575,35559,0,3,-2508.847
520550520,1052,254,0,3930,319,0,0,0,0,0,1,0,0,0,0,520550658,2166161467,1048575,36649,0,3,-2507.795
520551520,1000,254,0,3930,329,0,0,0,0,0,1,0,0,0,0,520551616,2166161467,1048575,37591,0,3,-2506.795
520552473,953,254,0,3930,275,0,0,0,0,0,1,0,0,0,0,520552516,2166161467,1048575,38472,0,3,-2505.842
520553440,967,254,0,3930,245,0,0,0,0,0,1,0,0,0,0,520553490,2166161467,1048575,39449,0,3,-2504.875
520554466,1026,254,0,3930,267,0,0,0,0,0,1,0,0,0,0,520554510,2166161467,1048575,40466,0,3,-2503.849
520555451,985,254,0,3930,248,0,0,0,0,0,1,0,0,0,0,520555501,2166161467,1048575,41460,0,3,-2502.864
520556441,990,254,0,3930,250,0,0,0,0,0,1,0,0,0,0,520556482,2166161467,1048575,42438,0,3,-2501.874
520557440,999,254,0,3930,245,0,0,0,0,0,1,0,0,0,0,520557488,2166161467,1048575,43446,0,3,-2500.875
520558467,1027,254,0,3930,266,0,0,0,0,0,1,0,0,0,0,520558513,2166161467,1048575,44470,0,3,-2499.848
520559439,972,254,0,3930,248,0,0,0,0,0,1,0,0,0,0,520559486,2166161467,1048575,45444,0,3,-2498.876
520560455,1016,254,0,3930,261,0,0,0,0,0,1,0,0,0,0,520560568,2166161467,1048575,46550,0,3,-2497.86
520561492,1037,254,0,3930,297,0,0,0,0,0,1,0,0,0,0,520561540,2166161467,1048575,47496,0,3,-2496.823
520562422,930,254,0,3930,233,0,0,0,0,0,1,0,0,0,0,520562460,2166161467,1048575,48413,0,3,-2495.893
520563430,1008,254,0,3930,233,0,0,0,0,0,1,0,0,0,0,520563462,2166161467,1048575,49414,0,3,-2494.885
520564420,990,254,0,3930,228,0,0,0,0,0,1,0,0,0,0,520564447,2166161467,1048575,1,0,3,-2493.895
520565440,1020,254,0,3930,240,0,0,0,0,0,1,0,0,0,0,520565486,2166161467,1048575,513,0,3,-2492.875
520566437,997,254,0,3930,237,0,0,0,0,0,1,0,0,0,0,520566471,2166161467,1048575,1498,0,3,-2491.878
520567425,988,254,0,3930,234,0,0,0,0,0,1,0,0,0,0,520567459,2166161467,1048575,2485,0,3,-2490.89
520568423,998,254,0,3930,231,0,0,0,0,0,1,0,0,0,0,520568454,2166161467,1048575,3481,0,3,-2489.892
520569475,1052,254,0,3930,281,0,0,0,0,0,1,0,0,0,0,520569557,2166161467,1048575,4607,0,3,-2488.84
520570525,1050,254,0,3930,332,0,0,0,0,0,1,0,0,0,0,520570689,2166161467,1048575,5751,0,3,-2487.79
520571527,1002,254,0,3930,328,0,0,0,0,0,1,0,0,0,0,520571608,2166161467,1048575,6652,0,3,-2486.788
520572468,941,254,0,3930,274,0,0,0,0,0,1,0,0,0,0,520572521,2166161467,1048575,7553,0,3,-2485.847
520573442,974,254,0,3930,242,0,0,0,0,0,1,0,0,0,0,520573491,2166161467,1048575,8523,0,3,-2484.873
520574468,1026,254,0,3930,270,0,0,0,0,0,1,0,0,0,0,520574511,2166161467,1048575,9541,0,3,-2483.847
520575452,984,254,0,3930,248,0,0,0,0,0,1,0,0,0,0,520575507,2166161467,1048575,10539,0,3,-2482.863
520576445,993,254,0,3930,250,0,0,0,0,0,1,0,0,0,0,520576480,2166161467,1048575,11510,0,3,-2481.87
520577435,990,254,0,3930,245,0,0,0,0,0,1,0,0,0,0,520577489,2166161467,1048575,12521,0,3,-2480.88
520578458,1023,254,0,3930,266,0,0,0,0,0,1,0,0,0,0,520578498,2166161467,1048575,13525,0,3,-2479.857
520579443,985,254,0,3930,247,0,0,0,0,0,1,0,0,0,0,520579493,2166161467,1048575,14526,0,3,-2478.872
520580462,1019,254,0,3930,265,0,0,0,0,0,1,0,0,0,0,520580578,2166161467,1048575,15644,0,3,-2477.853
520581496,1034,254,0,3930,297,0,0,0,0,0,1,0,0,0,0,520581542,2166161467,1048575,16570,0,3,-2476.819
520582428,932,254,0,3930,235,0,0,0,0,0,1,0,0,0,0,520582469,2166161467,1048575,17495,0,3,-2475.887
520583429,1001,254,0,3930,234,0,0,0,0,0,1,0,0,0,0,520583461,2166161467,1048575,18487,0,3,-2474.886
520584427,998,254,0,3930,232,0,0,0,0,0,1,0,0,0,0,520584459,2166161467,1048575,19486,0,3,-2473.888
520585427,1000,254,0,3930,233,0,0,0,0,0,1,0,0,0,0,520585459,2166161467,1048575,20485,0,3,-2472.888
520586432,1005,254,0,3930,233,0,0,0,0,0,1,0,0,0,0,520586467,2166161467,1048575,21493,0,3,-2471.883
520587426,994,254,0,3930,234,0,0,0,0,0,1,0,0,0,0,520587459,2166161467,1048575,22486,0,3,-2470.889
520588426,1000,254,0,3930,232,0,0,0,0,0,1,0,0,0,0,520588459,2166161467,1048575,23485,0,3,-2469.889
520589465,1039,254,0,3930,269,0,0,0,0,0,1,0,0,0,0,520589581,2166161467,1048575,24639,0,3,-2468.85
520590517,1052,254,0,3930,323,0,0,0,0,0,1,0,0,0,0,520590661,2166161467,1048575,25719,0,3,-2467.798
520591531,1014,254,0,3930,333,0,0,0,0,0,1,0,0,0,0,520591623,2166161467,1048575,26672,0,3,-2466.784
520592478,947,254,0,3930,278,0,0,0,0,0,1,0,0,0,0,520592524,2166161467,1048575,27554,0,3,-2465.837
520593438,960,254,0,3930,246,0,0,0,0,0,1,0,0,0,0,520593485,2166161467,1048575,28518,0,3,-2464.877
520594466,1028,254,0,3930,264,0,0,0,0,0,1,0,0,0,0,520594513,2166161467,1048575,29543,0,3,-2463.849
520595438,972,254,0,3930,247,0,0,0,0,0,1,0,0,0,0,520595486,2166161467,1048575,30519,0,3,-2462.877
520596443,1005,254,0,3930,249,0,0,0,0,0,1,0,0,0,0,520596482,2166161467,1048575,31510,0,3,-2461.872
520597446,1003,254,0,3930,244,0,0,0,0,0,1,0,0,0,0,520597493,2166161467,1048575,32525,0,3,-2460.869
520598455,1009,254,0,3930,264,0,0,0,0,0,1,0,0,0,0,520598498,2166161467,1048575,33528,0,3,-2459.86
520599440,985,254,0,3930,245,0,0,0,0,0,1,0,0,0,0,520599488,2166161467,1048575,34520,0,3,-2458.875
520600449,1009,254,0,3930,259,0,0,0,0,0,1,0,0,0,0,520600563,2166161467,1048575,35621,0,3,-2457.866
520601498,1049,254,0,3930,296,0,0,0,0,0,1,0,0,0,0,520601549,2166161467,1048575,36579,0,3,-2456.817
520602434,936,254,0,3930,233,0,0,0,0,0,1,0,0,0,0,520602475,2166161467,1048575,37502,0,3,-2455.881
520603430,996,254,0,3930,232,0,0,0,0,0,1,0,0,0,0,520603464,2166161467,1048575,38490,0,3,-2454.885
520604421,991,254,0,3930,228,0,0,0,0,0,1,0,0,0,0,520604449,2166161467,1048575,39475,0,3,-2453.894
520605429,1008,254,0,3930,232,0,0,0,0,0,1,0,0,0,0,520605462,2166161467,1048575,40487,0,3,-2452.886
520606426,997,254,0,3930,230,0,0,0,0,0,1,0,0,0,0,520606456,2166161467,1048575,41482,0,3,-2451.889
520607425,999,254,0,3930,232,0,0,0,0,0,1,0,0,0,0,520607458,2166161467,1048575,42483,0,3,-2450.89
520608419,994,254,0,3930,228,0,0,0,0,0,1,0,0,0,0,520608446,2166161467,1048575,43473,0,3,-2449.896
520609467,1048,254,0,3930,272,0,0,0,0,0,1,0,0,0,0,520609563,2166161467,1048575,44615,0,3,-2448.848
520610530,1063,254,0,3930,329,0,0,0,0,0,1,0,0,0,0,520610681,2166161467,1048575,45745,0,3,-2447.785
520611539,1009,254,0,3930,336,0,0,0,0,0,1,0,0,0,0,520611628,2166161467,1048575,46676,0,3,-2446.776
520612470,931,254,0,3930,274,0,0,0,0,0,1,0,0,0,0,520612515,2166161467,1048575,47543,0,3,-2445.845
520613440,970,254,0,3930,246,0,0,0,0,0,1,0,0,0,0,520613485,2166161467,1048575,48517,0,3,-2444.875
520614468,1028,254,0,3930,266,0,0,0,0,0,1,0,0,0,0,520614514,2166161467,1048575,49546,0,3,-2443.847
520615449,981,254,0,3930,247,0,0,0,0,0,1,0,0,0,0,520615499,2166161467,1048575,2,0,3,-2442.866
520616455,1006,254,0,3930,257,0,0,0,0,0,1,0,0,0,0,520616501,2166161467,1048575,463,0,3,-2441.86
520617459,1004,254,0,3930,256,0,0,0,0,0,1,0,0,0,0,520617511,2166161467,1048575,1475,0,3,-2440.856
520618465,1006,254,0,3930,265,0,0,0,0,0,1,0,0,0,0,520618513,2166161467,1048575,2474,0,3,-2439.85
520619439,974,254,0,3930,249,0,0,0,0,0,1,0,0,0,0,520619489,2166161467,1048575,3454,0,3,-2438.876
520620463,1024,254,0,3930,259,0,0,0,0,0,1,0,0,0,0,520620585,2166161467,1048575,4573,0,3,-2437.852
520621497,1034,254,0,3930,294,0,0,0,0,0,1,0,0,0,0,520621548,2166161467,1048575,5506,0,3,-2436.818
520622429,932,254,0,3930,233,0,0,0,0,0,1,0,0,0,0,520622462,2166161467,1048575,6421,0,3,-2435.886
520623423,994,254,0,3930,233,0,0,0,0,0,1,0,0,0,0,520623456,2166161467,1048575,7412,0,3,-2434.892
520624429,1006,254,0,3930,228,0,0,0,0,0,1,0,0,0,0,520624457,2166161467,1048575,8415,0,3,-2433.886
520625423,994,254,0,3930,232,0,0,0,0,0,1,0,0,0,0,520625456,2166161467,1048575,9412,0,3,-2432.892
520626418,995,254,0,3930,229,0,0,0,0,0,1,0,0,0,0,520626449,2166161467,1048575,10407,0,3,-2431.897
520627431,1013,254,0,3930,232,0,0,0,0,0,1,0,0,0,0,520627464,2166161467,1048575,11421,0,3,-2430.884
520628420,989,254,0,3930,227,0,0,0,0,0,1,0,0,0,0,520628448,2166161467,1048575,12406,0,3,-2429.895
520629482,1062,254,0,3930,279,0,0,0,0,0,1,0,0,0,0,520629590,2166161467,1048575,13580,0,3,-2428.833
520630520,1038,254,0,3930,325,0,0,0,0,0,1,0,0,0,0,520630668,2166161467,1048575,14660,0,3,-2427.795
520631520,1000,254,0,3930,324,0,0,0,0,0,1,0,0,0,0,520631603,2166161467,1048575,15586,0,3,-2426.795
520632469,949,254,0,3930,273,0,0,0,0,0,1,0,0,0,0,520632517,2166161467,1048575,16478,0,3,-2425.846
520633435,966,254,0,3930,245,0,0,0,0,0,1,0,0,0,0,520633482,2166161467,1048575,17447,0,3,-2424.88
520634467,1032,254,0,3930,265,0,0,0,0,0,1,0,0,0,0,520634513,2166161467,1048575,18474,0,3,-2423.848
520635444,977,254,0,3930,244,0,0,0,0,0,1,0,0,0,0,520635492,2166161467,1048575,19456,0,3,-2422.871
520636443,999,254,0,3930,249,0,0,0,0,0,1,0,0,0,0,520636482,2166161467,1048575,20441,0,3,-2421.872
520637442,999,254,0,3930,243,0,0,0,0,0,1,0,0,0,0,520637489,2166161467,1048575,21452,0,3,-2420.873
520638461,1019,254,0,3930,264,0,0,0,0,0,1,0,0,0,0,520638504,2166161467,1048575,22465,0,3,-2419.854
520639435,974,254,0,3930,242,0,0,0,0,0,1,0,0,0,0,520639483,2166161467,1048575,23447,0,3,-2418.88
520640452,1017,254,0,3930,259,0,0,0,0,0,1,0,0,0,0,520640565,2166161467,1048575,24552,0,3,-2417.863
520641492,1040,254,0,3930,296,0,0,0,0,0,1,0,0,0,0,520641543,2166161467,1048575,25506,0,3,-2416.823
520642435,943,254,0,3930,234,0,0,0,0,0,1,0,0,0,0,520642475,2166161467,1048575,26432,0,3,-2415.88
520643429,994,254,0,3930,232,0,0,0,0,0,1,0,0,0,0,520643463,2166161467,1048575,27420,0,3,-2414.886
520644421,992,254,0,3930,228,0,0,0,0,0,1,0,0,0,0,520644449,2166161467,1048575,28407,0,3,-2413.894
520645429,1008,254,0,3930,232,0,0,0,0,0,1,0,0,0,0,520645462,2166161467,1048575,29418,0,3,-2412.886
520646426,997,254,0,3930,230,0,0,0,0,0,1,0,0,0,0,520646456,2166161467,1048575,30413,0,3,-2411.889
520647425,999,254,0,3930,232,0,0,0,0,0,1,0,0,0,0,520647458,2166161467,1048575,31414,0,3,-2410.89
520648419,994,254,0,3930,228,0,0,0,0,0,1,0,0,0,0,520648446,2166161467,1048575,32404,0,3,-2409.896
520649473,1054,254,0,3930,274,0,0,0,0,0,1,0,0,0,0,520649571,2166161467,1048575,33554,0,3,-2408.842
520650513,1040,254,0,3930,321,0,0,0,0,0,1,0,0,0,0,520650661,2166161467,1048575,34654,0,3,-2407.802
520651528,1015,254,0,3930,332,0,0,0,0,0,1,0,0,0,0,520651615,2166161467,1048575,35599,0,3,-2406.787
520652468,940,254,0,3930,276,0,0,0,0,0,1,0,0,0,0,520652515,2166161467,1048575,36477,0,3,-2405.847
520653444,976,254,0,3930,246,0,0,0,0,0,1,0,0,0,0,520653492,2166161467,1048575,37458,0,3,-2404.871
520654466,1022,254,0,3930,264,0,0,0,0,0,1,0,0,0,0,520654511,2166161467,1048575,38473,0,3,-2403.849
520655445,979,254,0,3930,244,0,0,0,0,0,1,0,0,0,0,520655492,2166161467,1048575,39455,0,3,-2402.87
520656443,998,254,0,3930,250,0,0,0,0,0,1,0,0,0,0,520656483,2166161467,1048575,40442,0,3,-2401.872
520657442,999,254,0,3930,240,0,0,0,0,0,1,0,0,0,0,520657488,2166161467,1048575,41454,0,3,-2400.873
520658461,1019,254,0,3930,266,0,0,0,0,0,1,0,0,0,0,520658506,2166161467,1048575,42467,0,3,-2399.854
520659440,979,254,0,3930,246,0,0,0,0,0,1,0,0,0,0,520659485,2166161467,1048575,43452,0,3,-2398.875
520660458,1018,254,0,3930,264,0,0,0,0,0,1,0,0,0,0,520660575,2166161467,1048575,44564,0,3,-2397.857
520661484,1026,254,0,3930,293,0,0,0,0,0,1,0,0,0,0,520661532,2166161467,1048575,45492,0,3,-2396.831
520662430,946,254,0,3930,233,0,0,0,0,0,1,0,0,0,0,520662465,2166161467,1048575,46422,0,3,-2395.885
520663436,1006,254,0,3930,233,0,0,0,0,0,1,0,0,0,0,520663468,2166161467,1048575,47424,0,3,-2394.879
520664425,989,254,0,3930,228,0,0,0,0,0,1,0,0,0,0,520664452,2166161467,1048575,48410,0,3,-2393.89
520665434,1009,254,0,3930,233,0,0,0,0,0,1,0,0,0,0,520665466,2166161467,1048575,49422,0,3,-2392.881
520666430,996,254,0,3930,233,0,0,0,0,0,1,0,0,0,0,520666460,2166161467,1048575,0,0,3,-2391.885
520667435,1005,254,0,3930,239,0,0,0,0,0,1,0,0,0,0,520667478,2166161467,1048575,493,0,3,-2390.88
520668435,1000,254,0,3930,237,0,0,0,0,0,1,0,0,0,0,520668468,2166161467,1048575,1482,0,3,-2389.88
520669478,1043,254,0,3930,284,0,0,0,0,0,1,0,0,0,0,520669572,2166161467,1048575,2610,0,3,-2388.837
520670530,1052,254,0,3930,329,0,0,0,0,0,1,0,0,0,0,520670679,2166161467,1048575,3729,0,3,-2387.785
520671524,994,254,0,3930,327,0,0,0,0,0,1,0,0,0,0,520671607,2166161467,1048575,4637,0,3,-2386.791
520672477,953,255,1,3929,281,0,-8,0,0,0,1,0,0,0,0,520672532,2166161467,1048575,5553,0,3,-2385.838
520673441,964,254,-1,3930,243,0,0,0,0,0,1,0,0,0,0,520673488,2166161467,1048575,6508,0,3,-2384.874
520674466,1025,254,0,3930,269,0,0,0,0,0,1,0,0,0,0,520674509,2166161467,1048575,7527,0,3,-2383.849
520675443,977,254,0,3930,243,0,0,0,0,0,1,0,0,0,0,520675501,2166161467,1048575,8520,0,3,-2382.872
520676458,1015,254,0,3930,254,0,0,0,0,0,1,0,0,0,0,520676497,2166161467,1048575,9511,0,3,-2381.857
520677432,974,254,0,3930,242,0,0,0,0,0,1,0,0,0,0,520677479,2166161467,1048575,10499,0,3,-2380.883
520678465,1033,254,0,3930,267,0,0,0,0,0,1,0,0,0,0,520678509,2166161467,1048575,11523,0,3,-2379.85
520679445,980,254,0,3930,246,0,0,0,0,0,1,0,0,0,0,520679498,2166161467,1048575,12517,0,3,-2378.87
520680453,1008,254,0,3930,260,0,0,0,0,0,1,0,0,0,0,520680567,2166161467,1048575,13617,0,3,-2377.862
520681497,1044,254,0,3930,304,0,0,0,0,0,1,0,0,0,0,520681541,2166161467,1048575,14557,0,3,-2376.818
520682438,941,254,0,3930,236,0,0,0,0,0,1,0,0,0,0,520682485,2166161467,1048575,15498,0,3,-2375.877
520683430,992,254,0,3930,235,0,0,0,0,0,1,0,0,0,0,520683462,2166161467,1048575,16476,0,3,-2374.885
520684429,999,254,0,3930,232,0,0,0,0,0,1,0,0,0,0,520684461,2166161467,1048575,17475,0,3,-2373.886
520685427,998,254,0,3930,232,0,0,0,0,0,1,0,0,0,0,520685460,2166161467,1048575,18473,0,3,-2372.888
520686432,1005,254,0,3930,232,0,0,0,0,0,1,0,0,0,0,520686466,2166161467,1048575,19480,0,3,-2371.883
520687437,1005,254,0,3930,236,0,0,0,0,0,1,0,0,0,0,520687469,2166161467,1048575,20483,0,3,-2370.878
520688424,987,254,0,3930,232,0,0,0,0,0,1,0,0,0,0,520688457,2166161467,1048575,21471,0,3,-2369.891
520689468,1044,254,0,3930,270,0,0,0,0,0,1,0,0,0,0,520689576,2166161467,1048575,22619,0,3,-2368.847
520690528,1060,254,0,3930,326,0,0,0,0,0,1,0,0,0,0,520690678,2166161467,1048575,23728,0,3,-2367.787
520691524,996,254,0,3930,330,0,0,0,0,0,1,0,0,0,0,520691612,2166161467,1048575,24653,0,3,-2366.791
520692471,947,254,0,3930,276,0,0,0,0,0,1,0,0,0,0,520692516,2166161467,1048575,25532,0,3,-2365.844
520693447,976,254,0,3930,245,0,0,0,0,0,1,0,0,0,0,520693496,2166161467,1048575,26516,0,3,-2364.868
520694466,1019,254,0,3930,264,0,0,0,0,0,1,0,0,0,0,520694512,2166161467,1048575,27531,0,3,-2363.849
520695437,971,254,0,3930,247,0,0,0,0,0,1,0,0,0,0,520695485,2166161467,1048575,28504,0,3,-2362.878
520696446,1009,254,0,3930,248,0,0,0,0,0,1,0,0,0,0,520696484,2166161467,1048575,29499,0,3,-2361.869
520697450,1004,254,0,3930,247,0,0,0,0,0,1,0,0,0,0,520697500,2166161467,1048575,30521,0,3,-2360.865
520698463,1013,254,0,3930,268,0,0,0,0,0,1,0,0,0,0,520698504,2166161467,1048575,31520,0,3,-2359.852
520699432,969,254,0,3930,241,0,0,0,0,0,1,0,0,0,0,520699484,2166161467,1048575,32505,0,3,-2358.883
520700452,1020,255,1,3929,261,0,-8,0,0,0,1,0,0,0,0,520700571,2166161467,1048575,33620,0,3,-2357.863
520701485,1033,254,-1,3930,294,0,0,0,0,0,1,0,0,0,0,520701538,2166161467,1048575,34554,0,3,-2356.83
520702437,952,254,0,3930,238,0,0,0,0,0,1,0,0,0,0,520702476,2166161467,1048575,35489,0,3,-2355.878
520703431,994,254,0,3930,234,0,8,0,0,0,1,0,0,0,0,520703464,2166161467,1048575,36478,0,3,-2354.884
520704430,999,254,0,3930,234,0,0,0,0,0,1,0,0,0,0,520704463,2166161467,1048575,37476,0,3,-2353.885
520705429,999,254,0,3930,232,0,0,0,0,0,1,0,0,0,0,520705461,2166161467,1048575,38475,0,3,-2352.886
520706431,1002,254,0,3930,233,0,0,0,0,0,1,0,0,0,0,520706463,2166161467,1048575,39476,0,3,-2351.884
520707430,999,254,0,3930,233,0,0,0,0,0,1,0,0,0,0,520707462,2166161467,1048575,40476,0,3,-2350.885
520708425,995,254,0,3930,231,0,0,0,0,0,1,0,0,0,0,520708455,2166161467,1048575,41469,0,3,-2349.89
520709461,1036,254,0,3930,269,0,0,0,0,0,1,0,0,0,0,520709565,2166161467,1048575,42608,0,3,-2348.854
520710515,1054,254,0,3930,322,0,0,0,0,0,1,0,0,0,0,520710653,2166161467,1048575,43703,0,3,-2347.8
520711527,1012,254,0,3930,333,0,0,0,0,0,1,0,0,0,0,520711623,2166161467,1048575,44655,0,3,-2346.788
520712470,943,254,0,3930,276,0,0,0,0,0,1,0,0,0,0,520712515,2166161467,1048575,45532,0,3,-2345.845
520713446,976,254,0,3930,245,0,0,0,0,0,1,0,0,0,0,520713495,2166161467,1048575,46515,0,3,-2344.869
520714462,1016,254,0,3930,263,0,0,0,0,0,1,0,0,0,0,520714505,2166161467,1048575,47520,0,3,-2343.853
520715445,983,254,0,3930,242,0,0,0,0,0,1,0,0,0,0,520715492,2166161467,1048575,48512,0,3,-2342.87
520716447,1002,254,0,3930,253,0,0,0,0,0,1,0,0,0,0,520716487,2166161467,1048575,49501,0,3,-2341.868
520717435,988,254,0,3930,241,0,0,0,0,0,1,0,0,0,0,520717482,2166161467,1048575,1,0,3,-2340.88
520718465,1030,254,0,3930,269,0,0,0,0,0,1,0,0,0,0,520718516,2166161467,1048575,490,0,3,-2339.85
520719443,978,254,0,3930,249,0,0,0,0,0,1,0,0,0,0,520719491,2166161467,1048575,1467,0,3,-2338.872
520720457,1014,254,0,3930,266,0,0,0,0,0,1,0,0,0,0,520720576,2166161467,1048575,2575,0,3,-2337.858
520721488,1031,254,0,3930,297,0,0,0,0,0,1,0,0,0,0,520721536,2166161467,1048575,3508,0,3,-2336.827
520722434,946,254,0,3930,236,0,0,0,0,0,1,0,0,0,0,520722473,2166161467,1048575,4443,0,3,-2335.881
520723428,994,254,0,3930,233,0,0,0,0,0,1,0,0,0,0,520723460,2166161467,1048575,5430,0,3,-2334.887
520724421,993,254,0,3930,230,0,0,0,0,0,1,0,0,0,0,520724448,2166161467,1048575,6419,0,3,-2333.894
520725429,1008,254,0,3930,233,0,0,0,0,0,1,0,0,0,0,520725461,2166161467,1048575,7430,0,3,-2332.886
520726427,998,254,0,3930,231,0,0,0,0,0,1,0,0,0,0,520726456,2166161467,1048575,8426,0,3,-2331.888
520727424,997,254,0,3930,233,0,0,0,0,0,1,0,0,0,0,520727456,2166161467,1048575,9425,0,3,-2330.891
520728417,993,254,0,3930,228,0,0,0,0,0,1,0,0,0,0,520728444,2166161467,1048575,10415,0,3,-2329.898
520729467,1050,254,0,3930,274,0,0,0,0,0,1,0,0,0,0,520729556,2166161467,1048575,11553,0,3,-2328.848
520730537,1070,254,0,3930,333,0,8,0,0,0,1,0,0,0,0,520730703,2166161467,1048575,12714,0,3,-2327.778
520731526,989,254,0,3930,327,0,0,0,0,0,1,0,0,0,0,520731608,2166161467,1048575,13597,0,3,-2326.789
520732468,942,254,0,3930,271,0,0,0,0,0,1,0,0,0,0,520732515,2166161467,1048575,14493,0,3,-2325.847
520733438,970,254,0,3930,245,0,0,0,0,0,1,0,0,0,0,520733485,2166161467,1048575,15461,0,3,-2324.877
520734463,1025,254,0,3930,267,0,0,0,0,0,1,0,0,0,0,520734508,2166161467,1048575,16482,0,3,-2323.852
520735440,977,254,0,3930,247,0,0,0,0,0,1,0,0,0,0,520735494,2166161467,1048575,17472,0,3,-2322.875
520736445,1005,254,0,3930,246,0,0,0,0,0,1,0,0,0,0,520736483,2166161467,1048575,18456,0,3,-2321.87
520737441,996,254,0,3930,247,0,0,0,0,0,1,0,0,0,0,520737489,2166161467,1048575,19465,0,3,-2320.874
520738458,1017,254,0,3930,265,0,0,0,0,0,1,0,0,0,0,520738500,2166161467,1048575,20474,0,3,-2319.857
520739446,988,254,0,3930,243,0,0,0,0,0,1,0,0,0,0,520739494,2166161467,1048575,21471,0,3,-2318.869
520740456,1010,254,0,3930,262,0,0,0,0,0,1,0,0,0,0,520740561,2166161467,1048575,22563,0,3,-2317.859
520741497,1041,254,0,3930,295,0,0,0,0,0,1,0,0,0,0,520741549,2166161467,1048575,23526,0,3,-2316.818
520742442,945,254,0,3930,241,0,0,0,0,0,1,0,0,0,0,520742483,2166161467,1048575,24454,0,3,-2315.873
520743428,986,254,0,3930,233,0,0,0,0,0,1,0,0,0,0,520743460,2166161467,1048575,25430,0,3,-2314.887
520744426,998,254,0,3930,232,0,0,0,0,0,1,0,0,0,0,520744459,2166161467,1048575,26429,0,3,-2313.889
520745427,1001,254,0,3930,232,0,0,0,0,0,1,0,0,0,0,520745459,2166161467,1048575,27429,0,3,-2312.888
520746434,1007,254,0,3930,234,0,0,0,0,0,1,0,0,0,0,520746467,2166161467,1048575,28438,0,3,-2311.881
520747425,991,254,0,3930,233,0,0,0,0,0,1,0,0,0,0,520747457,2166161467,1048575,29428,0,3,-2310.89
520748427,1002,254,0,3930,233,0,0,0,0,0,1,0,0,0,0,520748459,2166161467,1048575,30429,0,3,-2309.888
520749474,1047,254,0,3930,279,0,0,0,0,0,1,0,0,0,0,520749588,2166161467,1048575,31585,0,3,-2308.841
520750511,1037,254,0,3930,317,0,0,0,0,0,1,0,0,0,0,520750654,2166161467,1048575,32659,0,3,-2307.804
520751550,1039,254,0,3930,357,0,0,0,0,0,1,0,0,0,0,520751650,2166161467,1048575,33640,0,3,-2306.765
520752469,919,254,0,3930,274,0,0,0,0,0,1,0,0,0,0,520752514,2166161467,1048575,34488,0,3,-2305.846
520753441,972,254,0,3930,246,0,0,0,0,0,1,0,0,0,0,520753489,2166161467,1048575,35467,0,3,-2304.874
520754455,1014,254,0,3930,265,0,0,0,0,0,1,0,0,0,0,520754499,2166161467,1048575,36473,0,3,-2303.86
520755441,986,254,0,3930,248,0,0,0,0,0,1,0,0,0,0,520755491,2166161467,1048575,37467,0,3,-2302.874
520756446,1005,254,0,3930,253,0,0,0,0,0,1,0,0,0,0,520756490,2166161467,1048575,38464,0,3,-2301.869
520757431,985,254,0,3930,240,0,0,0,0,0,1,0,0,0,0,520757476,2166161467,1048575,39452,0,3,-2300.884
520758459,1028,254,0,3930,265,0,0,0,0,0,1,0,0,0,0,520758501,2166161467,1048575,40475,0,3,-2299.856
520759440,981,254,0,3930,245,0,0,0,0,0,1,0,0,0,0,520759488,2166161467,1048575,41465,0,3,-2298.875
520760468,1028,254,0,3930,264,0,0,0,0,0,1,0,0,0,0,520760579,2166161467,1048575,42575,0,3,-2297.847
520761499,1031,254,0,3930,297,0,0,0,0,0,1,0,0,0,0,520761547,2166161467,1048575,43520,0,3,-2296.816
520762424,925,254,0,3930,234,0,0,0,0,0,1,0,0,0,0,520762463,2166161467,1048575,44434,0,3,-2295.891
520763436,1012,254,0,3930,233,0,0,0,0,0,1,0,0,0,0,520763468,2166161467,1048575,45438,0,3,-2294.879
520764426,990,254,0,3930,229,0,0,0,0,0,1,0,0,0,0,520764453,2166161467,1048575,46423,0,3,-2293.889
520765434,1008,254,0,3930,232,0,0,0,0,0,1,0,0,0,0,520765466,2166161467,1048575,47435,0,3,-2292.881
520766426,992,254,0,3930,230,0,0,0,0,0,1,0,0,0,0,520766455,2166161467,1048575,48426,0,3,-2291.889
520767424,998,254,0,3930,233,0,0,0,0,0,1,0,0,0,0,520767456,2166161467,1048575,49425,0,3,-2290.891
520768417,993,254,0,3930,229,0,0,0,0,0,1,0,0,0,0,520768444,2166161467,1048575,2,0,3,-2289.898
520769472,1055,254,0,3930,278,0,0,0,0,0,1,0,0,0,0,520769582,2166161467,1048575,601,0,3,-2288.843
520770533,1061,254,0,3930,334,0,0,0,0,0,1,0,0,0,0,520770691,2166161467,1048575,1724,0,3,-2287.782
520771535,1002,254,0,3930,332,0,0,0,0,0,1,0,0,0,0,520771622,2166161467,1048575,2633,0,3,-2286.78
520772481,946,254,0,3930,278,0,0,0,0,0,1,0,0,0,0,520772530,2166161467,1048575,3530,0,3,-2285.834
520773442,961,254,0,3930,248,0,0,0,0,0,1,0,0,0,0,520773491,2166161467,1048575,4491,0,3,-2284.873
520774465,1023,254,0,3930,265,0,0,0,0,0,1,0,0,0,0,520774507,2166161467,1048575,5505,0,3,-2283.85
520775443,978,254,0,3930,245,0,0,0,0,0,1,0,0,0,0,520775490,2166161467,1048575,6489,0,3,-2282.872
520776447,1004,254,0,3930,254,0,0,0,0,0,1,0,0,0,0,520776488,2166161467,1048575,7484,0,3,-2281.868
520777431,984,254,0,3930,240,0,0,0,0,0,1,0,0,0,0,520777480,2166161467,1048575,8480,0,3,-2280.884
520778457,1026,254,0,3930,266,0,0,0,0,0,1,0,0,0,0,520778497,2166161467,1048575,9491,0,3,-2279.858
520779439,982,254,0,3930,245,0,0,0,0,0,1,0,0,0,0,520779488,2166161467,1048575,10488,0,3,-2278.876
520780449,1010,254,0,3930,259,0,0,0,0,0,1,0,0,0,0,520780554,2166161467,1048575,11581,0,3,-2277.866
520781493,1044,254,0,3930,295,0,0,0,0,0,1,0,0,0,0,520781552,2166161467,1048575,12551,0,3,-2276.822
520782437,944,254,0,3930,238,0,0,0,0,0,1,0,0,0,0,520782477,2166161467,1048575,13471,0,3,-2275.878
520783423,986,254,0,3930,233,0,0,0,0,0,1,0,0,0,0,520783455,2166161467,1048575,14448,0,3,-2274.892
520784424,1001,254,0,3930,232,0,0,0,0,0,1,0,0,0,0,520784457,2166161467,1048575,15450,0,3,-2273.891
520785425,1001,254,0,3930,233,0,0,0,0,0,1,0,0,0,0,520785457,2166161467,1048575,16450,0,3,-2272.89
520786430,1005,254,0,3930,234,0,0,0,0,0,1,0,0,0,0,520786464,2166161467,1048575,17457,0,3,-2271.885
520787423,993,254,0,3930,233,0,0,0,0,0,1,0,0,0,0,520787455,2166161467,1048575,18449,0,3,-2270.892
520788424,1001,254,0,3930,232,0,0,0,0,0,1,0,0,0,0,520788457,2166161467,1048575,19450,0,3,-2269.891
520789466,1042,254,0,3930,273,0,0,0,0,0,1,0,0,0,0,520789561,2166161467,1048575,20584,0,3,-2268.849
520790516,1050,254,0,3930,321,0,0,0,0,0,1,0,0,0,0,520790650,2166161467,1048575,21678,0,3,-2267.799
520791534,1018,254,0,3930,340,0,0,0,0,0,1,0,0,0,0,520791628,2166161467,1048575,22640,0,3,-2266.781
520792461,927,254,0,3930,270,0,0,0,0,0,1,0,0,0,0,520792507,2166161467,1048575,23505,0,3,-2265.854
520793438,977,254,0,3930,247,0,0,0,0,0,1,0,0,0,0,520793484,2166161467,1048575,24483,0,3,-2264.877
520794468,1030,254,0,3930,266,0,0,0,0,0,1,0,0,0,0,520794517,2166161467,1048575,25516,0,3,-2263.847
520795446,978,254,0,3930,250,0,0,0,0,0,1,0,0,0,0,520795494,2166161467,1048575,26494,0,3,-2262.869
520796442,996,254,0,3930,246,0,0,0,0,0,1,0,0,0,0,520796481,2166161467,1048575,27476,0,3,-2261.873
520797449,1007,254,0,3930,247,0,0,0,0,0,1,0,0,0,0,520797496,2166161467,1048575,28495,0,3,-2260.866
520798456,1007,254,0,3930,264,0,0,0,0,0,1,0,0,0,0,520798500,2166161467,1048575,29497,0,3,-2259.859
520799443,987,254,0,3930,242,0,0,0,0,0,1,0,0,0,0,520799489,2166161467,1048575,30491,0,3,-2258.872
520800465,1022,254,0,3930,263,0,0,0,0,0,1,0,0,0,0,520800568,2166161467,1048575,31586,0,3,-2257.85
520801482,1017,254,0,3930,292,0,0,0,0,0,1,0,0,0,0,520801531,2166161467,1048575,32529,0,3,-2256.833
520802436,954,254,0,3930,234,0,0,0,0,0,1,0,0,0,0,520802475,2166161467,1048575,33469,0,3,-2255.879
520803432,996,254,0,3930,233,0,0,0,0,0,1,0,0,0,0,520803464,2166161467,1048575,34457,0,3,-2254.883
520804421,989,254,0,3930,228,0,0,0,0,0,1,0,0,0,0,520804449,2166161467,1048575,35442,0,3,-2253.894
520805430,1009,254,0,3930,232,0,0,0,0,0,1,0,0,0,0,520805462,2166161467,1048575,36454,0,3,-2252.885
520806427,997,254,0,3930,231,0,0,0,0,0,1,0,0,0,0,520806456,2166161467,1048575,37449,0,3,-2251.888
520807424,997,254,0,3930,233,0,0,0,0,0,1,0,0,0,0,520807456,2166161467,1048575,38448,0,3,-2250.891
520808417,993,254,0,3930,228,0,0,0,0,0,1,0,0,0,0,520808444,2166161467,1048575,39438,0,3,-2249.898
520809468,1051,254,0,3930,275,0,0,0,0,0,1,0,0,0,0,520809564,2166161467,1048575,40585,0,3,-2248.847
520810523,1055,254,0,3930,331,0,0,0,0,0,1,0,0,0,0,520810678,2166161467,1048575,41707,0,3,-2247.792
520811531,1008,254,0,3930,329,0,0,0,0,0,1,0,0,0,0,520811616,2166161467,1048575,42636,0,3,-2246.784
520812467,936,254,0,3930,273,0,0,0,0,0,1,0,0,0,0,520812513,2166161467,1048575,43510,0,3,-2245.848
520813440,973,254,0,3930,244,0,0,0,0,0,1,0,0,0,0,520813490,2166161467,1048575,44490,0,3,-2244.875
520814463,1023,254,0,3930,265,0,0,0,0,0,1,0,0,0,0,520814507,2166161467,1048575,45504,0,3,-2243.852
520815439,976,254,0,3930,243,0,0,0,0,0,1,0,0,0,0,520815488,2166161467,1048575,46487,0,3,-2242.876
520816451,1012,254,0,3930,250,0,0,0,0,0,1,0,0,0,0,520816489,2166161467,1048575,47484,0,3,-2241.864
520817448,997,254,0,3930,247,0,0,0,0,0,1,0,0,0,0,520817495,2166161467,1048575,48495,0,3,-2240.867
520818458,1010,254,0,3930,268,0,0,0,0,0,1,0,0,0,0,520818501,2166161467,1048575,49497,0,3,-2239.857
520819437,979,254,0,3930,244,0,0,0,0,0,1,0,0,0,0,520819488,2166161467,1048575,1,0,3,-2238.878
520820469,1032,254,0,3930,268,0,0,0,0,0,1,0,0,0,0,520820603,2166161467,1048575,600,0,3,-2237.846
520821498,1029,254,0,3930,294,0,0,0,0,0,1,0,0,0,0,520821546,2166161467,1048575,1514,0,3,-2236.817
520822439,941,254,0,3930,240,0,0,0,0,0,1,0,0,0,0,520822473,2166161467,1048575,2439,0,3,-2235.876
520823428,989,254,0,3930,233,0,0,0,0,0,1,0,0,0,0,520823460,2166161467,1048575,3424,0,3,-2234.887
520824418,990,254,0,3930,228,0,0,0,0,0,1,0,0,0,0,520824445,2166161467,1048575,4411,0,3,-2233.897
520825426,1008,254,0,3930,232,0,0,0,0,0,1,0,0,0,0,520825458,2166161467,1048575,5423,0,3,-2232.889
520826425,999,254,0,3930,230,0,0,0,0,0,1,0,0,0,0,520826454,2166161467,1048575,6419,0,3,-2231.89
520827425,1000,254,0,3930,233,0,0,0,0,0,1,0,0,0,0,520827457,2166161467,1048575,7422,0,3,-2230.89
520828418,993,254,0,3930,228,0,0,0,0,0,1,0,0,0,0,520828445,2166161467,1048575,8411,0,3,-2229.897
520829474,1056,254,0,3930,277,0,0,0,0,0,1,0,0,0,0,520829584,2166161467,1048575,9576,0,3,-2228.841
520830534,1060,254,0,3930,335,0,0,0,0,0,1,0,0,0,0,520830677,2166161467,1048575,10686,0,3,-2227.781
520831527,993,254,0,3930,326,0,0,0,0,0,1,0,0,0,0,520831611,2166161467,1048575,11601,0,3,-2226.788
520832471,944,254,0,3930,272,0,0,0,0,0,1,0,0,0,0,520832519,2166161467,1048575,12488,0,3,-2225.844
520833435,964,254,0,3930,244,0,0,0,0,0,1,0,0,0,0,520833484,2166161467,1048575,13458,0,3,-2224.88
520834469,1034,254,0,3930,269,0,0,0,0,0,1,0,0,0,0,520834515,2166161467,1048575,14483,0,3,-2223.846
520835437,968,254,0,3930,245,0,0,0,0,0,1,0,0,0,0,520835486,2166161467,1048575,15458,0,3,-2222.878
520836443,1006,254,0,3930,251,0,0,0,0,0,1,0,0,0,0,520836482,2166161467,1048575,16449,0,3,-2221.872
520837445,1002,254,0,3930,244,0,0,0,0,0,1,0,0,0,0,520837492,2166161467,1048575,17463,0,3,-2220.87
520838459,1014,254,0,3930,265,0,0,0,0,0,1,0,0,0,0,520838501,2166161467,1048575,18470,0,3,-2219.856
520839438,979,254,0,3930,246,0,0,0,0,0,1,0,0,0,0,520839486,2166161467,1048575,19458,0,3,-2218.877
520840460,1022,254,0,3930,259,0,0,0,0,0,1,0,0,0,0,520840575,2166161467,1048575,20567,0,3,-2217.855
520841495,1035,254,0,3930,305,0,0,0,0,0,1,0,0,0,0,520841545,2166161467,1048575,21516,0,3,-2216.82
520842437,942,254,0,3930,236,0,0,0,0,0,1,0,0,0,0,520842480,2166161467,1048575,22445,0,3,-2215.878
520843424,987,254,0,3930,232,0,0,0,0,0,1,0,0,0,0,520843457,2166161467,1048575,23423,0,3,-2214.891
520844422,998,254,0,3930,230,0,0,0,0,0,1,0,0,0,0,520844454,2166161467,1048575,24419,0,3,-2213.893
520845422,1000,254,0,3930,231,0,0,0,0,0,1,0,0,0,0,520845456,2166161467,1048575,25421,0,3,-2212.893
520846427,1005,254,0,3930,232,0,0,0,0,0,1,0,0,0,0,520846461,2166161467,1048575,26426,0,3,-2211.888
520847429,1002,254,0,3930,233,0,0,0,0,0,1,0,0,0,0,520847462,2166161467,1048575,27427,0,3,-2210.886
520848423,994,254,0,3930,230,0,0,0,0,0,1,0,0,0,0,520848454,2166161467,1048575,28420,0,3,-2209.892
520849461,1038,254,0,3930,266,0,0,0,0,0,1,0,0,0,0,520849560,2166161467,1048575,29555,0,3,-2208.854
520850515,1054,254,0,3930,320,0,0,0,0,0,1,0,0,0,0,520850662,2166161467,1048575,30659,0,3,-2207.8
520851530,1015,254,0,3930,334,0,0,0,0,0,1,0,0,0,0,520851621,2166161467,1048575,31605,0,3,-2206.785
520852466,936,254,0,3930,276,0,0,0,0,0,1,0,0,0,0,520852512,2166161467,1048575,32480,0,3,-2205.849
520853449,983,254,0,3930,246,0,0,0,0,0,1,0,0,0,0,520853497,2166161467,1048575,33469,0,3,-2204.866
520854465,1016,254,0,3930,264,0,0,0,0,0,1,0,0,0,0,520854512,2166161467,1048575,34479,0,3,-2203.85
520855437,972,254,0,3930,245,0,0,0,0,0,1,0,0,0,0,520855483,2166161467,1048575,35454,0,3,-2202.878
520856439,1002,254,0,3930,249,0,0,0,0,0,1,0,0,0,0,520856480,2166161467,1048575,36447,0,3,-2201.876
520857431,992,254,0,3930,241,0,0,0,0,0,1,0,0,0,0,520857477,2166161467,1048575,37449,0,3,-2200.884
520858455,1024,254,0,3930,265,0,0,0,0,0,1,0,0,0,0,520858501,2166161467,1048575,38469,0,3,-2199.86
520859438,983,254,0,3930,248,0,0,0,0,0,1,0,0,0,0,520859484,2166161467,1048575,39457,0,3,-2198.877
520860456,1018,254,0,3930,263,0,0,0,0,0,1,0,0,0,0,520860572,2166161467,1048575,40563,0,3,-2197.859
520861504,1048,254,0,3930,300,0,0,0,0,0,1,0,0,0,0,520861551,2166161467,1048575,41520,0,3,-2196.811
520862435,931,254,0,3930,234,0,0,0,0,0,1,0,0,0,0,520862471,2166161467,1048575,42437,0,3,-2195.88
520863425,990,254,0,3930,232,0,0,0,0,0,1,0,0,0,0,520863457,2166161467,1048575,43421,0,3,-2194.89
520864432,1007,254,0,3930,229,0,0,0,0,0,1,0,0,0,0,520864459,2166161467,1048575,44425,0,3,-2193.883
520865426,994,254,0,3930,233,0,0,0,0,0,1,0,0,0,0,520865458,2166161467,1048575,45423,0,3,-2192.889
520866428,1002,254,0,3930,232,0,0,0,0,0,1,0,0,0,0,520866456,2166161467,1048575,46421,0,3,-2191.887
520867424,996,254,0,3930,233,0,0,0,0,0,1,0,0,0,0,520867457,2166161467,1048575,47421,0,3,-2190.891
520868419,995,254,0,3930,231,0,0,0,0,0,1,0,0,0,0,520868446,2166161467,1048575,48411,0,3,-2189.896
520869465,1046,254,0,3930,270,0,0,0,0,0,1,0,0,0,0,520869567,2166161467,1048575,49557,0,3,-2188.85
520870517,1052,254,0,3930,324,0,0,0,0,0,1,0,0,0,0,520870665,2166161467,1048575,1,0,3,-2187.798
520871771,1254,254,0,3930,335,0,0,0,0,0,1,0,0,0,0,520871858,2166161467,1048575,528,0,3,-2186.544
520872459,688,254,0,3930,267,0,0,0,0,0,1,0,0,0,0,520872511,2166161467,1048575,1173,0,3,-2185.856
520873449,990,254,0,3930,256,0,0,0,0,0,1,0,0,0,0,520873500,2166161467,1048575,2162,0,3,-2184.866
520874462,1013,254,0,3930,269,0,0,0,0,0,1,0,0,0,0,520874515,2166161467,1048575,3173,0,3,-2183.853
520875445,983,254,0,3930,253,0,0,0,0,0,1,0,0,0,0,520875495,2166161467,1048575,4159,0,3,-2182.87
520876449,1004,254,0,3930,251,0,0,0,0,0,1,0,0,0,0,520876494,2166161467,1048575,5153,0,3,-2181.866
520877456,1007,254,0,3930,257,0,0,0,0,0,1,0,0,0,0,520877504,2166161467,1048575,6165,0,3,-2180.859
520878466,1010,254,0,3930,265,0,0,0,0,0,1,0,0,0,0,520878516,2166161467,1048575,7177,0,3,-2179.849
520879453,987,254,0,3930,254,0,0,0,0,0,1,0,0,0,0,520879503,2166161467,1048575,8165,0,3,-2178.862
520880464,1011,254,0,3930,268,0,0,0,0,0,1,0,0,0,0,520880556,2166161467,1048575,9229,0,3,-2177.851
520881493,1029,254,0,3930,300,0,0,0,0,0,1,0,0,0,0,520881547,2166161467,1048575,10206,0,3,-2176.822
520882433,940,254,0,3930,233,0,0,0,0,0,1,0,0,0,0,520882468,2166161467,1048575,11123,0,3,-2175.882
520883427,994,254,0,3930,235,0,0,0,0,0,1,0,0,0,0,520883455,2166161467,1048575,12110,0,3,-2174.888
520884421,994,254,0,3930,230,0,0,0,0,0,1,0,0,0,0,520884453,2166161467,1048575,13109,0,3,-2173.894
520885424,1003,254,0,3930,233,0,0,0,0,0,1,0,0,0,0,520885452,2166161467,1048575,14106,0,3,-2172.891
520886430,1006,254,0,3930,230,0,0,0,0,0,1,0,0,0,0,520886464,2166161467,1048575,15120,0,3,-2171.885
520887425,995,254,0,3930,235,0,0,0,0,0,1,0,0,0,0,520887454,2166161467,1048575,16108,0,3,-2170.89
520888432,1007,254,0,3930,229,0,0,0,0,0,1,0,0,0,0,520888465,2166161467,1048575,17121,0,3,-2169.883
520889472,1040,254,0,3930,272,0,0,0,0,0,1,0,0,0,0,520889575,2166161467,1048575,18258,0,3,-2168.843
520890524,1052,254,0,3930,322,0,0,0,0,0,1,0,0,0,0,520890666,2166161467,1048575,19359,0,3,-2167.791
520891532,1008,254,0,3930,332,0,0,0,0,0,1,0,0,0,0,520891615,2166161467,1048575,20297,0,3,-2166.783
520892460,928,254,0,3930,269,0,0,0,0,0,1,0,0,0,0,520892508,2166161467,1048575,21167,0,3,-2165.855
520893437,977,254,0,3930,245,0,0,0,0,0,1,0,0,0,0,520893482,2166161467,1048575,22143,0,3,-2164.878
520894468,1031,254,0,3930,266,0,0,0,0,0,1,0,0,0,0,520894515,2166161467,1048575,23174,0,3,-2163.847
520895444,976,254,0,3930,245,0,0,0,0,0,1,0,0,0,0,520895493,2166161467,1048575,24154,0,3,-2162.871
520896447,1003,254,0,3930,250,0,0,0,0,0,1,0,0,0,0,520896486,2166161467,1048575,25144,0,3,-2161.868
520897441,994,254,0,3930,244,0,0,0,0,0,1,0,0,0,0,520897490,2166161467,1048575,26153,0,3,-2160.874
520898454,1013,255,1,3929,264,0,-8,0,0,0,1,0,0,0,0,520898499,2166161467,1048575,27157,0,3,-2159.861
520899445,991,254,-1,3930,245,0,0,0,0,0,1,0,0,0,0,520899490,2166161467,1048575,28152,0,3,-2158.87
520900465,1020,254,0,3930,262,0,0,0,0,0,1,0,0,0,0,520900589,2166161467,1048575,29277,0,3,-2157.85
520901486,1021,254,0,3930,295,0,0,0,0,0,1,0,0,0,0,520901535,2166161467,1048575,30190,0,3,-2156.829
520902436,950,254,0,3930,234,0,0,0,0,0,1,0,0,0,0,520902474,2166161467,1048575,31130,0,3,-2155.879
520903429,993,254,0,3930,232,0,0,0,0,0,1,0,0,0,0,520903463,2166161467,1048575,32117,0,3,-2154.886
520904419,990,254,0,3930,228,0,0,0,0,0,1,0,0,0,0,520904446,2166161467,1048575,33102,0,3,-2153.896
520905426,1007,254,0,3930,231,0,0,0,0,0,1,0,0,0,0,520905459,2166161467,1048575,34114,0,3,-2152.889
520906426,1000,254,0,3930,230,0,0,0,0,0,1,0,0,0,0,520906456,2166161467,1048575,35111,0,3,-2151.889
520907423,997,254,0,3930,232,0,0,0,0,0,1,0,0,0,0,520907456,2166161467,1048575,36111,0,3,-2150.892
520908430,1007,254,0,3930,227,0,0,0,0,0,1,0,0,0,0,520908458,2166161467,1048575,37114,0,3,-2149.885
520909463,1033,255,1,3929,270,-1,-8,0,0,0,1,0,0,0,0,520909570,2166161467,1048575,38259,0,3,-2148.852
520910521,1058,254,-1,3930,324,-1,0,0,0,0,1,0,0,0,0,520910657,2166161467,1048575,39346,0,3,-2147.794
520911535,1014,254,0,3930,335,0,0,0,0,0,1,0,0,0,0,520911633,2166161467,1048575,40306,0,3,-2146.78
520912466,931,254,0,3930,274,0,0,0,0,0,1,0,0,0,0,520912515,2166161467,1048575,41174,0,3,-2145.849
520913437,971,254,0,3930,245,0,0,0,0,0,1,0,0,0,0,520913484,2166161467,1048575,42147,0,3,-2144.878
520914454,1017,254,0,3930,264,0,0,0,0,0,1,0,0,0,0,520914501,2166161467,1048575,43158,0,3,-2143.861
520915453,999,254,0,3930,249,0,0,0,0,0,1,0,0,0,0,520915501,2166161467,1048575,44163,0,3,-2142.862
520916444,991,254,0,3930,250,0,0,0,0,0,1,0,0,0,0,520916486,2166161467,1048575,45145,0,3,-2141.871
520917440,996,254,0,3930,243,0,0,0,0,0,1,0,0,0,0,520917486,2166161467,1048575,46147,0,3,-2140.875
520918456,1016,254,0,3930,265,0,0,0,0,0,1,0,0,0,0,520918502,2166161467,1048575,47159,0,3,-2139.859
520919437,981,254,0,3930,242,0,0,0,0,0,1,0,0,0,0,520919484,2166161467,1048575,48146,0,3,-2138.878
520920466,1029,254,0,3930,262,0,0,0,0,0,1,0,0,0,0,520920574,2166161467,1048575,49259,0,3,-2137.849
520921492,1026,254,0,3930,301,0,0,0,0,0,1,0,0,0,0,520921542,2166161467,1048575,1,0,3,-2136.823
520922436,944,254,0,3930,238,0,0,0,0,0,1,0,0,0,0,520922488,2166161467,1048575,406,0,3,-2135.879
520923431,995,254,0,3930,240,0,0,0,0,0,1,0,0,0,0,520923462,2166161467,1048575,1380,0,3,-2134.884
520924430,999,254,0,3930,233,0,0,0,0,0,1,0,0,0,0,520924462,2166161467,1048575,2380,0,3,-2133.885
520925424,994,254,0,3930,231,0,0,0,0,0,1,0,0,0,0,520925454,2166161467,1048575,3371,0,3,-2132.891
520926432,1008,254,0,3930,236,0,0,0,0,0,1,0,0,0,0,520926468,2166161467,1048575,4386,0,3,-2131.883
520927421,989,254,0,3930,231,0,0,0,0,0,1,0,0,0,0,520927451,2166161467,1048575,5369,0,3,-2130.894
520928436,1015,254,0,3930,233,0,0,0,0,0,1,0,0,0,0,520928468,2166161467,1048575,6386,0,3,-2129.879
520929488,1052,254,0,3930,285,0,0,0,0,0,1,0,0,0,0,520929571,2166161467,1048575,7512,0,3,-2128.827
520930524,1036,254,0,3930,330,0,0,0,0,0,1,0,0,0,0,520930677,2166161467,1048575,8633,0,3,-2127.791
520931527,1003,254,0,3930,332,0,0,0,0,0,1,0,0,0,0,520931607,2166161467,1048575,9542,0,3,-2126.788
520932478,951,254,0,3930,275,0,0,0,0,0,1,0,0,0,0,520932528,2166161467,1048575,10452,0,3,-2125.837
520933448,970,254,0,3930,244,0,0,0,0,0,1,0,0,0,0,520933496,2166161467,1048575,11419,0,3,-2124.867
520934460,1012,254,0,3930,270,0,0,0,0,0,1,0,0,0,0,520934506,2166161467,1048575,12428,0,3,-2123.855
520935439,979,254,0,3930,240,0,0,0,0,0,1,0,0,0,0,520935491,2166161467,1048575,13415,0,3,-2122.876
520936446,1007,254,0,3930,252,0,0,0,0,0,1,0,0,0,0,520936484,2166161467,1048575,14403,0,3,-2121.869
520937436,990,254,0,3930,243,0,0,0,0,0,1,0,0,0,0,520937485,2166161467,1048575,15409,0,3,-2120.879
520938454,1018,254,0,3930,264,0,0,0,0,0,1,0,0,0,0,520938495,2166161467,1048575,16413,0,3,-2119.861
520939437,983,254,0,3930,244,0,0,0,0,0,1,0,0,0,0,520939486,2166161467,1048575,17409,0,3,-2118.878
520940451,1014,254,0,3930,257,0,8,0,0,0,1,0,0,0,0,520940566,2166161467,1048575,18519,0,3,-2117.864
520941493,1042,254,0,3930,298,0,0,0,0,0,1,0,0,0,0,520941542,2166161467,1048575,19461,0,3,-2116.822
520942438,945,254,0,3930,236,0,0,0,0,0,1,0,0,0,0,520942478,2166161467,1048575,20396,0,3,-2115.877
520943434,996,254,0,3930,233,0,0,0,0,0,1,0,0,0,0,520943466,2166161467,1048575,21383,0,3,-2114.881
520944432,998,254,0,3930,232,0,0,0,0,0,1,0,0,0,0,520944464,2166161467,1048575,22382,0,3,-2113.883
520945431,999,254,0,3930,232,0,0,0,0,0,1,0,0,0,0,520945463,2166161467,1048575,23381,0,3,-2112.884
520946438,1007,254,0,3930,237,0,0,0,0,0,1,0,0,0,0,520946473,2166161467,1048575,24390,0,3,-2111.877
520947428,990,254,0,3930,233,0,0,0,0,0,1,0,0,0,0,520947460,2166161467,1048575,25378,0,3,-2110.887
520948427,999,254,0,3930,232,0,0,0,0,0,1,0,0,0,0,520948460,2166161467,1048575,26377,0,3,-2109.888
520949469,1042,254,0,3930,271,0,0,0,0,0,1,0,0,0,0,520949577,2166161467,1048575,27527,0,3,-2108.846
520950525,1056,254,0,3930,327,0,0,0,0,0,1,0,0,0,0,520950666,2166161467,1048575,28621,0,3,-2107.79
520951516,991,254,0,3930,325,0,0,0,0,0,1,0,0,0,0,520951604,2166161467,1048575,29540,0,3,-2106.799
520952466,950,254,0,3930,274,0,0,0,0,0,1,0,0,0,0,520952514,2166161467,1048575,30438,0,3,-2105.849
520953434,968,254,0,3930,244,0,0,0,0,0,1,0,0,0,0,520953482,2166161467,1048575,31407,0,3,-2104.881
520954466,1032,254,0,3930,265,0,0,0,0,0,1,0,0,0,0,520954512,2166161467,1048575,32433,0,3,-2103.849
520955441,975,254,0,3930,246,0,0,0,0,0,1,0,0,0,0,520955491,2166161467,1048575,33416,0,3,-2102.874
520956439,998,254,0,3930,248,0,0,0,0,0,1,0,0,0,0,520956478,2166161467,1048575,34396,0,3,-2101.876
520957437,998,254,0,3930,247,0,0,0,0,0,1,0,0,0,0,520957485,2166161467,1048575,35408,0,3,-2100.878
520958457,1020,254,0,3930,264,0,0,0,0,0,1,0,0,0,0,520958498,2166161467,1048575,36419,0,3,-2099.858
520959442,985,254,0,3930,241,0,0,0,0,0,1,0,0,0,0,520959488,2166161467,1048575,37411,0,3,-2098.873
520960458,1016,254,0,3930,257,0,0,0,0,0,1,0,0,0,0,520960563,2166161467,1048575,38518,0,3,-2097.857
520961493,1035,254,0,3930,298,0,0,0,0,0,1,0,0,0,0,520961545,2166161467,1048575,39468,0,3,-2096.822
520962440,947,254,0,3930,237,0,0,0,0,0,1,0,0,0,0,520962485,2166161467,1048575,40403,0,3,-2095.875
520963429,989,254,0,3930,233,0,0,0,0,0,1,0,0,0,0,520963461,2166161467,1048575,41378,0,3,-2094.886
520964427,998,254,0,3930,232,0,0,0,0,0,1,0,0,0,0,520964460,2166161467,1048575,42377,0,3,-2093.888
520965427,1000,254,0,3930,233,0,0,0,0,0,1,0,0,0,0,520965459,2166161467,1048575,43376,0,3,-2092.888
520966434,1007,254,0,3930,234,0,0,0,0,0,1,0,0,0,0,520966468,2166161467,1048575,44386,0,3,-2091.881
520967426,992,254,0,3930,233,0,0,0,0,0,1,0,0,0,0,520967458,2166161467,1048575,45376,0,3,-2090.889
520968426,1000,255,1,3929,232,0,-8,0,0,0,1,0,0,0,0,520968460,2166161467,1048575,46378,0,3,-2089.889
520969472,1046,254,-1,3930,277,0,0,0,0,0,1,0,0,0,0,520969568,2166161467,1048575,47511,0,3,-2088.843
520970521,1049,254,0,3930,321,0,0,0,0,0,1,0,0,0,0,520970670,2166161467,1048575,48624,0,3,-2087.794
520971532,1011,254,0,3930,329,0,0,0,0,0,1,0,0,0,0,520971620,2166161467,1048575,49561,0,3,-2086.783
520972471,939,254,0,3930,273,0,0,0,0,0,1,0,0,0,0,520972520,2166161467,1048575,1,0,3,-2085.844
520973452,981,254,0,3930,253,0,0,0,0,0,1,0,0,0,0,520973504,2166161467,1048575,447,0,3,-2084.863
520974464,1012,254,0,3930,273,0,0,0,0,0,1,0,0,0,0,520974509,2166161467,1048575,1450,0,3,-2083.851
520975439,975,254,0,3930,244,0,0,0,0,0,1,0,0,0,0,520975489,2166161467,1048575,2433,0,3,-2082.876
520976453,1014,254,0,3930,250,0,0,0,0,0,1,0,0,0,0,520976495,2166161467,1048575,3437,0,3,-2081.862
520977437,984,254,0,3930,246,0,0,0,0,0,1,0,0,0,0,520977482,2166161467,1048575,4426,0,3,-2080.878
520978465,1028,254,0,3930,264,0,0,0,0,0,1,0,0,0,0,520978511,2166161467,1048575,5453,0,3,-2079.85
520979438,973,254,0,3930,248,0,0,0,0,0,1,0,0,0,0,520979483,2166161467,1048575,6428,0,3,-2078.877
520980451,1013,254,0,3930,261,0,0,0,0,0,1,0,0,0,0,520980574,2166161467,1048575,7546,0,3,-2077.864
520981493,1042,254,0,3930,298,0,0,0,0,0,1,0,0,0,0,520981544,2166161467,1048575,8482,0,3,-2076.822
520982435,942,254,0,3930,233,0,0,0,0,0,1,0,0,0,0,520982469,2166161467,1048575,9407,0,3,-2075.88
520983424,989,254,0,3930,232,0,0,0,0,0,1,0,0,0,0,520983457,2166161467,1048575,10394,0,3,-2074.891
520984430,1006,254,0,3930,228,0,0,0,0,0,1,0,0,0,0,520984457,2166161467,1048575,11395,0,3,-2073.885
520985423,993,254,0,3930,231,0,0,0,0,0,1,0,0,0,0,520985456,2166161467,1048575,12393,0,3,-2072.892
520986418,995,254,0,3930,229,0,0,0,0,0,1,0,0,0,0,520986449,2166161467,1048575,13386,0,3,-2071.897
520987431,1013,254,0,3930,232,0,0,0,0,0,1,0,0,0,0,520987464,2166161467,1048575,14401,0,3,-2070.884
520988420,989,254,0,3930,227,0,0,0,0,0,1,0,0,0,0,520988448,2166161467,1048575,15386,0,3,-2069.895
520989489,1069,254,0,3930,286,0,0,0,0,0,1,0,0,0,0,520989598,2166161467,1048575,16567,0,3,-2068.826
520990533,1044,254,0,3930,329,0,0,0,0,0,1,0,0,0,0,520990677,2166161467,1048575,17646,0,3,-2067.782
520991521,988,254,0,3930,323,0,0,0,0,0,1,0,0,0,0,520991603,2166161467,1048575,18568,0,3,-2066.794
520992466,945,254,0,3930,275,0,0,0,0,0,1,0,0,0,0,520992517,2166161467,1048575,19461,0,3,-2065.849
520993446,980,254,0,3930,245,0,0,0,0,0,1,0,0,0,0,520993493,2166161467,1048575,20438,0,3,-2064.869
520994466,1020,254,0,3930,264,0,0,0,0,0,1,0,0,0,0,520994513,2166161467,1048575,21453,0,3,-2063.849
520995450,984,254,0,3930,248,0,0,0,0,0,1,0,0,0,0,520995498,2166161467,1048575,22443,0,3,-2062.865
520996440,990,254,0,3930,249,0,0,0,0,0,1,0,0,0,0,520996482,2166161467,1048575,23422,0,3,-2061.875
520997443,1003,254,0,3930,241,0,0,0,0,0,1,0,0,0,0,520997487,2166161467,1048575,24430,0,3,-2060.872
520998454,1011,254,0,3930,259,0,8,0,0,0,1,0,0,0,0,520998497,2166161467,1048575,25438,0,3,-2059.861
520999452,998,254,0,3930,249,1,8,0,0,0,1,0,0,0,0,520999499,2166161467,1048575,26442,0,3,-2058.863
521000448,996,254,0,3930,255,1,0,0,0,0,1,0,0,0,0,521000562,2166161467,1048575,27533,0,3,-2057.867
521001501,1053,254,0,3930,298,1,0,0,0,0,1,0,0,0,0,521001552,2166161467,1048575,28494,0,3,-2056.814
521002442,941,254,0,3930,239,0,0,0,0,0,1,0,0,0,0,521002489,2166161467,1048575,29426,0,3,-2055.873
521003429,987,254,0,3930,232,0,0,0,0,0,1,0,0,0,0,521003463,2166161467,1048575,30400,0,3,-2054.886
521004429,1000,254,0,3930,232,0,0,0,0,0,1,0,0,0,0,521004462,2166161467,1048575,31399,0,3,-2053.886
521005428,999,254,0,3930,232,0,0,0,0,0,1,0,0,0,0,521005461,2166161467,1048575,32398,0,3,-2052.887
521006433,1005,254,0,3930,233,0,0,0,0,0,1,0,0,0,0,521006468,2166161467,1048575,33406,0,3,-2051.882
521007426,993,254,0,3930,233,0,0,0,0,0,1,0,0,0,0,521007459,2166161467,1048575,34396,0,3,-2050.889
521008426,1000,254,0,3930,232,0,0,0,0,0,1,0,0,0,0,521008459,2166161467,1048575,35397,0,3,-2049.889
521009468,1042,254,0,3930,267,0,0,0,0,0,1,0,0,0,0,521009562,2166161467,1048575,36528,0,3,-2048.847
521010514,1046,254,0,3930,323,0,0,0,0,0,1,0,0,0,0,521010650,2166161467,1048575,37628,0,3,-2047.801
521011539,1025,254,0,3930,339,0,0,0,0,0,1,0,0,0,0,521011634,2166161467,1048575,38591,0,3,-2046.776
521012469,930,254,0,3930,276,0,0,0,0,0,1,0,0,0,0,521012517,2166161467,1048575,39458,0,3,-2045.846
521013444,975,254,0,3930,245,0,0,0,0,0,1,0,0,0,0,521013492,2166161467,1048575,40438,0,3,-2044.871
521014460,1016,254,0,3930,264,0,0,0,0,0,1,0,0,0,0,521014505,2166161467,1048575,41444,0,3,-2043.855
521015449,989,254,0,3930,248,0,0,0,0,0,1,0,0,0,0,521015495,2166161467,1048575,42438,0,3,-2042.866
521016439,990,254,0,3930,246,0,0,0,0,0,1,0,0,0,0,521016480,2166161467,1048575,43421,0,3,-2041.876
521017449,1010,254,0,3930,248,0,0,0,0,0,1,0,0,0,0,521017496,2166161467,1048575,44439,0,3,-2040.866
521018462,1013,254,0,3930,264,0,0,0,0,0,1,0,0,0,0,521018509,2166161467,1048575,45452,0,3,-2039.853
521019443,981,254,0,3930,248,0,0,0,0,0,1,0,0,0,0,521019488,2166161467,1048575,46432,0,3,-2038.872
521020454,1011,254,0,3930,262,0,0,0,0,0,1,0,0,0,0,521020565,2166161467,1048575,47531,0,3,-2037.861
521021487,1033,254,0,3930,293,0,0,0,0,0,1,0,0,0,0,521021533,2166161467,1048575,48471,0,3,-2036.828
521022431,944,254,0,3930,234,0,0,0,0,0,1,0,0,0,0,521022468,2166161467,1048575,49405,0,3,-2035.884
521023424,993,255,1,3929,233,0,-8,0,0,0,1,0,0,0,0,521023457,2166161467,1048575,1,0,3,-2034.891
521024434,1010,254,-1,3930,239,0,0,0,0,0,1,0,0,0,0,521024476,2166161467,1048575,493,0,3,-2033.881
521025433,999,254,0,3930,235,0,0,0,0,0,1,0,0,0,0,521025464,2166161467,1048575,1480,0,3,-2032.882
521026433,1000,254,0,3930,233,0,0,0,0,0,1,0,0,0,0,521026467,2166161467,1048575,2483,0,3,-2031.882
521027431,998,254,0,3930,232,0,0,0,0,0,1,0,0,0,0,521027461,2166161467,1048575,3477,0,3,-2030.884
521028428,997,254,0,3930,233,0,0,0,0,0,1,0,0,0,0,521028460,2166161467,1048575,4476,0,3,-2029.887
521029477,1049,254,0,3930,281,0,0,0,0,0,1,0,0,0,0,521029578,2166161467,1048575,5619,0,3,-2028.838
521030534,1057,254,0,3930,333,0,0,0,0,0,1,0,0,0,0,521030685,2166161467,1048575,6740,0,3,-2027.781
521031533,999,254,0,3930,328,0,0,0,0,0,1,0,0,0,0,521031618,2166161467,1048575,7650,0,3,-2026.782
521032470,937,254,0,3930,276,0,0,0,0,0,1,0,0,0,0,521032520,2166161467,1048575,8543,0,3,-2025.845
521033442,972,254,0,3930,243,0,0,0,0,0,1,0,0,0,0,521033492,2166161467,1048575,9514,0,3,-2024.873
521034464,1022,254,0,3930,268,0,0,0,0,0,1,0,0,0,0,521034511,2166161467,1048575,10530,0,3,-2023.851
521035445,981,254,0,3930,242,0,0,0,0,0,1,0,0,0,0,521035497,2166161467,1048575,11520,0,3,-2022.87
521036449,1004,254,0,3930,255,0,0,0,0,0,1,0,0,0,0,521036489,2166161467,1048575,12507,0,3,-2021.866
521037430,981,254,0,3930,239,0,0,0,0,0,1,0,0,0,0,521037476,2166161467,1048575,13497,0,3,-2020.885
521038456,1026,254,0,3930,265,0,0,0,0,0,1,0,0,0,0,521038500,2166161467,1048575,14516,0,3,-2019.859
521039442,986,254,0,3930,240,0,0,0,0,0,1,0,0,0,0,521039492,2166161467,1048575,15514,0,3,-2018.873
521040462,1020,254,0,3930,261,0,0,0,0,0,1,0,0,0,0,521040572,2166161467,1048575,16622,0,3,-2017.853
521041495,1033,254,0,3930,300,0,0,0,0,0,1,0,0,0,0,521041545,2166161467,1048575,17564,0,3,-2016.82
521042441,946,254,0,3930,238,0,0,0,0,0,1,0,0,0,0,521042485,2166161467,1048575,18500,0,3,-2015.874
521043428,987,254,0,3930,233,0,0,0,0,0,1,0,0,0,0,521043461,2166161467,1048575,19476,0,3,-2014.887
521044427,999,254,0,3930,232,0,0,0,0,0,1,0,0,0,0,521044460,2166161467,1048575,20475,0,3,-2013.888
521045427,1000,254,0,3930,233,0,0,0,0,0,1,0,0,0,0,521045459,2166161467,1048575,21474,0,3,-2012.888
521046434,1007,254,0,3930,234,0,0,0,0,0,1,0,0,0,0,521046468,2166161467,1048575,22484,0,3,-2011.881
521047426,992,254,0,3930,233,0,0,0,0,0,1,0,0,0,0,521047458,2166161467,1048575,23474,0,3,-2010.889
521048426,1000,254,0,3930,232,0,0,0,0,0,1,0,0,0,0,521048459,2166161467,1048575,24475,0,3,-2009.889
521049468,1042,254,0,3930,272,0,0,0,0,0,1,0,0,0,0,521049560,2166161467,1048575,25603,0,3,-2008.847
521050531,1063,254,0,3930,328,0,0,0,0,0,1,0,0,0,0,521050677,2166161467,1048575,26730,0,3,-2007.784
521051544,1013,254,0,3930,341,0,0,0,0,0,1,0,0,0,0,521051639,2166161467,1048575,27673,0,3,-2006.771
521052478,934,254,0,3930,275,0,0,0,0,0,1,0,0,0,0,521052526,2166161467,1048575,28543,0,3,-2005.837
521053438,960,254,0,3930,246,0,8,0,0,0,1,0,0,0,0,521053489,2166161467,1048575,29512,0,3,-2004.877
521054465,1027,254,0,3930,263,0,0,0,0,0,1,0,0,0,0,521054510,2166161467,1048575,30529,0,3,-2003.85
521055443,978,254,0,3930,252,0,0,0,0,0,1,0,0,0,0,521055493,2166161467,1048575,31514,0,3,-2002.872
521056441,998,254,0,3930,246,0,0,0,0,0,1,0,0,0,0,521056483,2166161467,1048575,32501,0,3,-2001.874
521057449,1008,254,0,3930,245,0,0,0,0,0,1,0,0,0,0,521057494,2166161467,1048575,33515,0,3,-2000.866
521058466,1017,254,0,3930,264,0,0,0,0,0,1,0,0,0,0,521058512,2166161467,1048575,34531,0,3,-1999.849
521059439,973,254,0,3930,246,0,0,0,0,0,1,0,0,0,0,521059484,2166161467,1048575,35506,0,3,-1998.876
521060451,1012,254,0,3930,255,0,0,0,0,0,1,0,0,0,0,521060565,2166161467,1048575,36616,0,3,-1997.864
521061491,1040,254,0,3930,293,0,0,0,0,0,1,0,0,0,0,521061540,2166161467,1048575,37556,0,3,-1996.824
521062439,948,254,0,3930,237,0,0,0,0,0,1,0,0,0,0,521062481,2166161467,1048575,38497,0,3,-1995.876
521063425,986,254,0,3930,232,0,0,0,0,0,1,0,0,0,0,521063458,2166161467,1048575,39473,0,3,-1994.89
521064426,1001,254,0,3930,232,0,0,0,0,0,1,0,0,0,0,521064459,2166161467,1048575,40475,0,3,-1993.889
521065426,1000,254,0,3930,232,0,0,0,0,0,1,0,0,0,0,521065459,2166161467,1048575,41474,0,3,-1992.889
521066433,1007,254,0,3930,234,0,0,0,0,0,1,0,0,0,0,521066470,2166161467,1048575,42485,0,3,-1991.882
521067426,993,254,0,3930,232,0,0,0,0,0,1,0,0,0,0,521067459,2166161467,1048575,43475,0,3,-1990.889
521068426,1000,254,0,3930,232,0,0,0,0,0,1,0,0,0,0,521068459,2166161467,1048575,44474,0,3,-1989.889
521069468,1042,254,0,3930,272,0,0,0,0,0,1,0,0,0,0,521069575,2166161467,1048575,45622,0,3,-1988.847
521070526,1058,254,0,3930,324,0,0,0,0,0,1,0,0,0,0,521070668,2166161467,1048575,46720,0,3,-1987.789
521071533,1007,254,0,3930,333,0,0,0,0,0,1,0,0,0,0,521071622,2166161467,1048575,47661,0,3,-1986.782
521072469,936,254,0,3930,275,0,0,0,0,0,1,0,0,0,0,521072516,2166161467,1048575,48535,0,3,-1985.846
521073446,977,254,0,3930,246,0,0,0,0,0,1,0,0,0,0,521073494,2166161467,1048575,49516,0,3,-1984.869
521074466,1020,254,0,3930,263,0,0,0,0,0,1,0,0,0,0,521074514,2166161467,1048575,2,0,3,-1983.849
521075453,987,254,0,3930,250,0,0,0,0,0,1,0,0,0,0,521075505,2166161467,1048575,449,0,3,-1982.862
521076453,1000,254,0,3930,258,0,0,0,0,0,1,0,0,0,0,521076503,2166161467,1048575,1446,0,3,-1981.862
521077448,995,254,0,3930,244,0,0,0,0,0,1,0,0,0,0,521077491,2166161467,1048575,2436,0,3,-1980.867
521078461,1013,254,0,3930,264,0,0,0,0,0,1,0,0,0,0,521078511,2166161467,1048575,3456,0,3,-1979.854
521079445,984,254,0,3930,245,0,0,0,0,0,1,0,0,0,0,521079494,2166161467,1048575,4439,0,3,-1978.87
521080465,1020,254,0,3930,263,0,0,0,0,0,1,0,0,0,0,521080578,2166161467,1048575,5555,0,3,-1977.85
521081497,1032,254,0,3930,299,0,0,0,0,0,1,0,0,0,0,521081549,2166161467,1048575,6491,0,3,-1976.818
521082431,934,254,0,3930,233,0,0,0,0,0,1,0,0,0,0,521082470,2166161467,1048575,7410,0,3,-1975.884
521083426,995,254,0,3930,233,0,0,0,0,0,1,0,0,0,0,521083458,2166161467,1048575,8397,0,3,-1974.889
521084419,993,254,0,3930,228,0,0,0,0,0,1,0,0,0,0,521084447,2166161467,1048575,9386,0,3,-1973.896
521085427,1008,254,0,3930,232,0,0,0,0,0,1,0,0,0,0,521085459,2166161467,1048575,10398,0,3,-1972.888
521086427,1000,254,0,3930,231,0,0,0,0,0,1,0,0,0,0,521086456,2166161467,1048575,11395,0,3,-1971.888
521087424,997,254,0,3930,233,0,0,0,0,0,1,0,0,0,0,521087456,2166161467,1048575,12394,0,3,-1970.891
521088417,993,254,0,3930,228,0,0,0,0,0,1,0,0,0,0,521088444,2166161467,1048575,13384,0,3,-1969.898
521089469,1052,254,0,3930,275,0,0,0,0,0,1,0,0,0,0,521089562,2166161467,1048575,14527,0,3,-1968.846
521090532,1063,254,0,3930,332,0,0,0,0,0,1,0,0,0,0,521090686,2166161467,1048575,15664,0,3,-1967.783
521091530,998,254,0,3930,330,0,0,0,0,0,1,0,0,0,0,521091613,2166161467,1048575,16580,0,3,-1966.785
521092468,938,254,0,3930,276,0,0,0,0,0,1,0,0,0,0,521092517,2166161467,1048575,17458,0,3,-1965.847
521093441,973,254,0,3930,245,0,0,0,0,0,1,0,0,0,0,521093490,2166161467,1048575,18438,0,3,-1964.874
521094463,1022,254,0,3930,265,0,0,0,0,0,1,0,0,0,0,521094508,2166161467,1048575,19451,0,3,-1963.852
521095441,978,255,1,3929,251,0,-8,0,0,0,1,0,0,0,0,521095491,2166161467,1048575,20436,0,3,-1962.874
521096442,1001,255,0,3929,249,-1,-8,0,0,0,1,0,0,0,0,521096484,2166161467,1048575,21427,0,3,-1961.873
521097446,1004,254,-1,3930,248,-1,0,0,0,0,1,0,0,0,0,521097495,2166161467,1048575,22440,0,3,-1960.869
521098466,1020,254,0,3930,263,-1,0,0,0,0,1,0,0,0,0,521098512,2166161467,1048575,23456,0,3,-1959.849
521099438,972,254,0,3930,246,-1,0,0,0,0,1,0,0,0,0,521099482,2166161467,1048575,24428,0,3,-1958.877
521100458,1020,254,0,3930,257,0,0,0,0,0,1,0,0,0,0,521100574,2166161467,1048575,25545,0,3,-1957.857
521101489,1031,254,0,3930,294,0,0,0,0,0,1,0,0,0,0,521101535,2166161467,1048575,26478,0,3,-1956.826
521102437,948,254,0,3930,237,0,0,0,0,0,1,0,0,0,0,521102476,2166161467,1048575,27416,0,3,-1955.878
521103431,994,254,0,3930,233,0,0,0,0,0,1,0,0,0,0,521103463,2166161467,1048575,28402,0,3,-1954.884
521104424,993,254,0,3930,231,0,0,0,0,0,1,0,0,0,0,521104454,2166161467,1048575,29394,0,3,-1953.891
521105423,999,254,0,3930,232,0,0,0,0,0,1,0,0,0,0,521105455,2166161467,1048575,30395,0,3,-1952.892
521106428,1005,254,0,3930,233,0,0,0,0,0,1,0,0,0,0,521106460,2166161467,1048575,31399,0,3,-1951.887
521107427,999,254,0,3930,233,0,0,0,0,0,1,0,0,0,0,521107459,2166161467,1048575,32399,0,3,-1950.888
521108423,996,254,0,3930,231,0,0,0,0,0,1,0,0,0,0,521108454,2166161467,1048575,33393,0,3,-1949.892
521109467,1044,254,0,3930,271,0,0,0,0,0,1,0,0,0,0,521109574,2166161467,1048575,34541,0,3,-1948.848
521110524,1057,254,0,3930,324,0,0,0,0,0,1,0,0,0,0,521110668,2166161467,1048575,35644,0,3,-1947.791
521111528,1004,254,0,3930,330,0,0,0,0,0,1,0,0,0,0,521111626,2166161467,1048575,36584,0,3,-1946.787
521112475,947,254,0,3930,276,0,0,0,0,0,1,0,0,0,0,521112520,2166161467,1048575,37463,0,3,-1945.84
521113445,970,254,0,3930,246,0,0,0,0,0,1,0,0,0,0,521113493,2166161467,1048575,38440,0,3,-1944.87
521114467,1022,254,0,3930,266,0,0,0,0,0,1,0,0,0,0,521114512,2166161467,1048575,39452,0,3,-1943.848
521115440,973,254,0,3930,245,0,0,0,0,0,1,0,0,0,0,521115489,2166161467,1048575,40435,0,3,-1942.875
521116439,999,254,0,3930,249,0,0,0,0,0,1,0,0,0,0,521116478,2166161467,1048575,41419,0,3,-1941.876
521117445,1006,254,0,3930,244,0,0,0,0,0,1,0,0,0,0,521117492,2166161467,1048575,42437,0,3,-1940.87
521118455,1010,254,0,3930,263,0,0,0,0,0,1,0,0,0,0,521118501,2166161467,1048575,43445,0,3,-1939.86
521119438,983,254,0,3930,245,0,0,0,0,0,1,0,0,0,0,521119482,2166161467,1048575,44427,0,3,-1938.877
521120464,1026,254,0,3930,261,0,0,0,0,0,1,0,0,0,0,521120570,2166161467,1048575,45542,0,3,-1937.851
521121499,1035,254,0,3930,300,0,0,0,0,0,1,0,0,0,0,521121548,2166161467,1048575,46490,0,3,-1936.816
521122433,934,254,0,3930,234,0,0,0,0,0,1,0,0,0,0,521122472,2166161467,1048575,47411,0,3,-1935.882
521123427,994,254,0,3930,233,0,0,0,0,0,1,0,0,0,0,521123460,2166161467,1048575,48398,0,3,-1934.888
521124420,993,254,0,3930,229,0,0,0,0,0,1,0,0,0,0,521124447,2166161467,1048575,49386,0,3,-1933.895
521125427,1007,254,0,3930,232,0,0,0,0,0,1,0,0,0,0,521125460,2166161467,1048575,1,0,3,-1932.888
521126443,1016,254,0,3930,239,0,8,0,0,0,1,0,0,0,0,521126488,2166161467,1048575,500,0,3,-1931.872
521127429,986,254,0,3930,235,0,8,0,0,0,1,0,0,0,0,521127461,2166161467,1048575,1471,0,3,-1930.886
521128427,998,254,0,3930,233,0,0,0,0,0,1,0,0,0,0,521128459,2166161467,1048575,2470,0,3,-1929.888
521129471,1044,254,0,3930,275,0,0,0,0,0,1,0,0,0,0,521129561,2166161467,1048575,3595,0,3,-1928.844
521130536,1065,254,0,3930,333,0,0,0,0,0,1,0,0,0,0,521130686,2166161467,1048575,4735,0,3,-1927.779
521131524,988,254,0,3930,326,0,0,0,0,0,1,0,0,0,0,521131606,2166161467,1048575,5634,0,3,-1926.791
521132479,955,254,0,3930,276,0,0,0,0,0,1,0,0,0,0,521132529,2166161467,1048575,6547,0,3,-1925.836
521133437,958,254,0,3930,244,0,0,0,0,0,1,0,0,0,0,521133486,2166161467,1048575,7502,0,3,-1924.878
521134466,1029,254,0,3930,268,0,0,0,0,0,1,0,0,0,0,521134510,2166161467,1048575,8525,0,3,-1923.849
521135434,968,254,0,3930,243,0,0,0,0,0,1,0,0,0,0,521135484,2166161467,1048575,9503,0,3,-1922.881
521136444,1010,254,0,3930,252,0,0,0,0,0,1,0,0,0,0,521136481,2166161467,1048575,10493,0,3,-1921.871
521137446,1002,254,0,3930,243,0,0,0,0,0,1,0,0,0,0,521137494,2166161467,1048575,11511,0,3,-1920.869
521138456,1010,254,0,3930,264,0,0,0,0,0,1,0,0,0,0,521138496,2166161467,1048575,12507,0,3,-1919.859
521139437,981,254,0,3930,245,0,0,0,0,0,1,0,0,0,0,521139486,2166161467,1048575,13502,0,3,-1918.878
521140464,1027,254,0,3930,261,0,0,0,0,0,1,0,0,0,0,521140581,2166161467,1048575,14627,0,3,-1917.851
521141495,1031,254,0,3930,298,0,0,0,0,0,1,0,0,0,0,521141542,2166161467,1048575,15555,0,3,-1916.82
521142430,935,254,0,3930,237,0,0,0,0,0,1,0,0,0,0,521142470,2166161467,1048575,16481,0,3,-1915.885
521143428,998,254,0,3930,233,0,0,0,0,0,1,0,0,0,0,521143460,2166161467,1048575,17470,0,3,-1914.887
521144427,999,254,0,3930,233,0,0,0,0,0,1,0,0,0,0,521144459,2166161467,1048575,18470,0,3,-1913.888
521145427,1000,254,0,3930,233,0,0,0,0,0,1,0,0,0,0,521145459,2166161467,1048575,19469,0,3,-1912.888
521146433,1006,254,0,3930,234,0,0,0,0,0,1,0,0,0,0,521146468,2166161467,1048575,20478,0,3,-1911.882
521147426,993,254,0,3930,232,0,0,0,0,0,1,0,0,0,0,521147459,2166161467,1048575,21470,0,3,-1910.889
521148426,1000,254,0,3930,232,0,0,0,0,0,1,0,0,0,0,521148459,2166161467,1048575,22469,0,3,-1909.889
521149463,1037,254,0,3930,267,0,0,0,0,0,1,0,0,0,0,521149577,2166161467,1048575,23619,0,3,-1908.852
521150530,1067,254,0,3930,329,0,0,0,0,0,1,0,0,0,0,521150662,2166161467,1048575,24704,0,3,-1907.785
521151519,989,254,0,3930,325,0,0,0,0,0,1,0,0,0,0,521151606,2166161467,1048575,25644,0,3,-1906.796
521152481,962,254,0,3930,277,0,0,0,0,0,1,0,0,0,0,521152528,2166161467,1048575,26542,0,3,-1905.834
521153447,966,254,0,3930,246,0,0,0,0,0,1,0,0,0,0,521153495,2166161467,1048575,27512,0,3,-1904.868
521154467,1020,254,0,3930,266,0,0,0,0,0,1,0,0,0,0,521154515,2166161467,1048575,28529,0,3,-1903.848
521155443,976,254,0,3930,248,0,0,0,0,0,1,0,0,0,0,521155494,2166161467,1048575,29512,0,3,-1902.872
521156443,1000,254,0,3930,246,0,0,0,0,0,1,0,0,0,0,521156484,2166161467,1048575,30496,0,3,-1901.872
521157437,994,254,0,3930,247,0,0,0,0,0,1,0,0,0,0,521157484,2166161467,1048575,31500,0,3,-1900.878
521158455,1018,254,0,3930,263,0,0,0,0,0,1,0,0,0,0,521158499,2166161467,1048575,32513,0,3,-1899.86
521159441,986,254,0,3930,242,0,0,0,0,0,1,0,0,0,0,521159484,2166161467,1048575,33500,0,3,-1898.874
521160457,1016,254,0,3930,258,0,0,0,0,0,1,0,0,0,0,521160563,2166161467,1048575,34601,0,3,-1897.858
521161487,1030,254,0,3930,296,0,0,0,0,0,1,0,0,0,0,521161540,2166161467,1048575,35556,0,3,-1896.828
521162422,935,254,0,3930,233,0,0,0,0,0,1,0,0,0,0,521162460,2166161467,1048575,36471,0,3,-1895.893
521163430,1008,254,0,3930,233,0,0,0,0,0,1,0,0,0,0,521163462,2166161467,1048575,37472,0,3,-1894.885
521164420,990,254,0,3930,229,0,0,0,0,0,1,0,0,0,0,521164447,2166161467,1048575,38458,0,3,-1893.895
521165428,1008,254,0,3930,233,0,0,0,0,0,1,0,0,0,0,521165460,2166161467,1048575,39469,0,3,-1892.887
521166428,1000,254,0,3930,233,0,0,0,0,0,1,0,0,0,0,521166458,2166161467,1048575,40469,0,3,-1891.887
521167426,998,254,0,3930,233,0,0,0,0,0,1,0,0,0,0,521167458,2166161467,1048575,41467,0,3,-1890.889
521168419,993,254,0,3930,228,0,0,0,0,0,1,0,0,0,0,521168446,2166161467,1048575,42457,0,3,-1889.896
521169466,1047,254,0,3930,271,0,0,0,0,0,1,0,0,0,0,521169556,2166161467,1048575,43589,0,3,-1888.849
521170525,1059,254,0,3930,328,0,0,0,0,0,1,0,0,0,0,521170677,2166161467,1048575,44725,0,3,-1887.79
521171543,1018,254,0,3930,339,0,0,0,0,0,1,0,0,0,0,521171632,2166161467,1048575,45662,0,3,-1886.772
521172475,932,254,0,3930,279,0,0,0,0,0,1,0,0,0,0,521172523,2166161467,1048575,46537,0,3,-1885.84
521173438,963,254,0,3930,246,0,0,0,0,0,1,0,0,0,0,521173486,2166161467,1048575,47504,0,3,-1884.877
521174469,1031,254,0,3930,267,0,0,0,0,0,1,0,0,0,0,521174515,2166161467,1048575,48529,0,3,-1883.846
521175439,970,254,0,3930,247,0,0,0,0,0,1,0,0,0,0,521175488,2166161467,1048575,49504,0,3,-1882.876
521176446,1007,254,0,3930,250,0,0,0,0,0,1,0,0,0,0,521176484,2166161467,1048575,2,0,3,-1881.869
521177452,1006,254,0,3930,254,0,0,0,0,0,1,0,0,0,0,521177503,2166161467,1048575,480,0,3,-1880.863
521178466,1014,254,0,3930,269,0,0,0,0,0,1,0,0,0,0,521178512,2166161467,1048575,1485,0,3,-1879.849
521179440,974,254,0,3930,243,0,0,0,0,0,1,0,0,0,0,521179486,2166161467,1048575,2464,0,3,-1878.875
521180465,1025,254,0,3930,262,0,0,0,0,0,1,0,0,0,0,521180588,2166161467,1048575,3592,0,3,-1877.85
521181496,1031,254,0,3930,298,0,0,0,0,0,1,0,0,0,0,521181546,2166161467,1048575,4517,0,3,-1876.819
521182428,932,254,0,3930,232,0,0,0,0,0,1,0,0,0,0,521182461,2166161467,1048575,5431,0,3,-1875.887
521183429,1001,254,0,3930,232,0,0,0,0,0,1,0,0,0,0,521183463,2166161467,1048575,6431,0,3,-1874.886
521184419,990,254,0,3930,228,0,0,0,0,0,1,0,0,0,0,521184446,2166161467,1048575,7416,0,3,-1873.896
521185426,1007,254,0,3930,231,0,0,0,0,0,1,0,0,0,0,521185459,2166161467,1048575,8428,0,3,-1872.889
521186425,999,254,0,3930,230,0,0,0,0,0,1,0,0,0,0,521186456,2166161467,1048575,9425,0,3,-1871.89
521187425,1000,254,0,3930,232,0,0,0,0,0,1,0,0,0,0,521187458,2166161467,1048575,10427,0,3,-1870.89
521188419,994,254,0,3930,228,0,0,0,0,0,1,0,0,0,0,521188447,2166161467,1048575,11416,0,3,-1869.896
521189478,1059,254,0,3930,279,0,0,0,0,0,1,0,0,0,0,521189585,2166161467,1048575,12584,0,3,-1868.837
521190517,1039,254,0,3930,326,0,0,0,0,0,1,0,0,0,0,521190659,2166161467,1048575,13667,0,3,-1867.798
521191526,1009,254,0,3930,329,0,0,0,0,0,1,0,0,0,0,521191616,2166161467,1048575,14608,0,3,-1866.789
521192469,943,254,0,3930,277,0,0,0,0,0,1,0,0,0,0,521192515,2166161467,1048575,15489,0,3,-1865.846
521193444,975,254,0,3930,246,0,0,0,0,0,1,0,0,0,0,521193492,2166161467,1048575,16468,0,3,-1864.871
521194465,1021,254,0,3930,265,0,0,0,0,0,1,0,0,0,0,521194511,2166161467,1048575,17484,0,3,-1863.85
521195439,974,254,0,3930,249,0,0,0,0,0,1,0,0,0,0,521195492,2166161467,1048575,18467,0,3,-1862.876
521196438,999,254,0,3930,246,0,0,0,0,0,1,0,0,0,0,521196479,2166161467,1048575,19452,0,3,-1861.877
521197446,1008,254,0,3930,247,0,0,0,0,0,1,0,0,0,0,521197493,2166161467,1048575,20468,0,3,-1860.869
521198462,1016,254,0,3930,265,0,0,0,0,0,1,0,0,0,0,521198507,2166161467,1048575,21480,0,3,-1859.853
521199440,978,254,0,3930,244,0,0,0,0,0,1,0,0,0,0,521199490,2166161467,1048575,22466,0,3,-1858.875
521200461,1021,254,0,3930,258,0,0,0,0,0,1,0,0,0,0,521200567,2166161467,1048575,23569,0,3,-1857.854
521201504,1043,254,0,3930,302,0,0,0,0,0,1,0,0,0,0,521201554,2166161467,1048575,24529,0,3,-1856.811
521202435,931,255,1,3929,234,0,-8,0,0,0,1,0,0,0,0,521202477,2166161467,1048575,25446,0,3,-1855.88
521203439,1004,254,-1,3930,236,0,0,0,0,0,1,0,0,0,0,521203472,2166161467,1048575,26441,0,3,-1854.876
521204420,981,254,0,3930,229,0,0,0,0,0,1,0,0,0,0,521204447,2166161467,1048575,27416,0,3,-1853.895
521205427,1007,254,0,3930,232,0,0,0,0,0,1,0,0,0,0,521205459,2166161467,1048575,28427,0,3,-1852.888
521206427,1000,254,0,3930,230,0,0,0,0,0,1,0,0,0,0,521206457,2166161467,1048575,29426,0,3,-1851.888
521207424,997,254,0,3930,233,0,0,0,0,0,1,0,0,0,0,521207456,2166161467,1048575,30424,0,3,-1850.891
521208431,1007,254,0,3930,228,0,0,0,0,0,1,0,0,0,0,521208458,2166161467,1048575,31428,0,3,-1849.884
521209464,1033,255,1,3929,271,-1,-8,0,0,0,1,0,0,0,0,521209563,2166161467,1048575,32555,0,3,-1848.851
521210513,1049,255,0,3929,323,-1,-8,0,0,0,1,0,0,0,0,521210657,2166161467,1048575,33662,0,3,-1847.802
521211544,1031,255,0,3929,346,-1,-8,0,0,0,1,0,0,0,0,521211639,2166161467,1048575,34627,0,3,-1846.771
521212479,935,255,0,3929,279,-1,-8,0,0,0,1,0,0,0,0,521212527,2166161467,1048575,35501,0,3,-1845.836
521213441,962,254,-1,3930,246,-1,0,0,0,0,1,0,0,0,0,521213487,2166161467,1048575,36462,0,3,-1844.874
521214466,1025,254,0,3930,267,-1,0,0,0,0,1,0,0,0,0,521214511,2166161467,1048575,37484,0,3,-1843.849
521215453,987,254,0,3930,249,-1,0,0,0,0,1,0,0,0,0,521215502,2166161467,1048575,38477,0,3,-1842.862
521216437,984,254,0,3930,246,-1,0,0,0,0,1,0,0,0,0,521216479,2166161467,1048575,39451,0,3,-1841.878
521217447,1010,254,0,3930,248,-1,0,0,0,0,1,0,0,0,0,521217493,2166161467,1048575,40468,0,3,-1840.868
521218465,1018,254,0,3930,268,-1,0,0,0,0,1,0,0,0,0,521218509,2166161467,1048575,41482,0,3,-1839.85
521219445,980,254,0,3930,248,-1,0,0,0,0,1,0,0,0,0,521219497,2166161467,1048575,42474,0,3,-1838.87
521220455,1010,255,1,3929,263,-1,-8,0,0,0,1,0,0,0,0,521220559,2166161467,1048575,43560,0,3,-1837.86
521221484,1029,254,-1,3930,293,-1,0,0,0,0,1,0,0,0,0,521221537,2166161467,1048575,44509,0,3,-1836.831
521222424,940,254,0,3930,234,-1,0,0,0,0,1,0,0,0,0,521222462,2166161467,1048575,45432,0,3,-1835.891
521223432,1008,255,1,3929,233,-1,-8,0,0,0,1,0,0,0,0,521223464,2166161467,1048575,46432,0,3,-1834.883
521224420,988,254,-1,3930,228,-1,0,0,0,0,1,0,0,0,0,521224447,2166161467,1048575,47417,0,3,-1833.895
521225429,1009,254,0,3930,233,-1,0,0,0,0,1,0,0,0,0,521225461,2166161467,1048575,48429,0,3,-1832.886
521226430,1001,254,0,3930,233,-1,0,0,0,0,1,0,0,0,0,521226464,2166161467,1048575,49433,0,3,-1831.885
521227432,1002,254,0,3930,233,-1,0,0,0,0,1,0,0,0,0,521227464,2166161467,1048575,1,0,3,-1830.883
521228441,1009,255,1,3929,239,-2,-8,0,0,0,1,0,0,0,0,521228485,2166161467,1048575,493,0,3,-1829.874
521229488,1047,255,0,3929,291,-2,-8,0,0,0,1,0,0,0,0,521229601,2166161467,1048575,1638,0,3,-1828.827
521230516,1028,255,0,3929,321,-2,-8,0,0,0,1,0,0,0,0,521230656,2166161467,1048575,2704,0,3,-1827.799
521231518,1002,255,0,3929,326,-2,-8,0,0,0,1,0,0,0,0,521231613,2166161467,1048575,3647,0,3,-1826.797
521232479,961,255,0,3929,280,-2,0,0,0,0,1,0,0,0,0,521232528,2166161467,1048575,4542,0,3,-1825.836
521233437,958,255,0,3929,243,-2,0,0,0,0,1,0,0,0,0,521233486,2166161467,1048575,5499,0,3,-1824.878
521234460,1023,255,0,3929,269,-2,-8,0,0,0,1,0,0,0,0,521234503,2166161467,1048575,6513,0,3,-1823.855
521235436,976,254,-1,3930,245,-2,0,0,0,0,1,0,0,0,0,521235493,2166161467,1048575,7507,0,3,-1822.879
521236456,1020,254,0,3930,256,-2,0,0,0,0,1,0,0,0,0,521236500,2166161467,1048575,8511,0,3,-1821.859
521237438,982,254,0,3930,240,-2,0,0,0,0,1,0,0,0,0,521237486,2166161467,1048575,9498,0,3,-1820.877
521238461,1023,255,1,3929,268,-2,-8,0,0,0,1,0,0,0,0,521238504,2166161467,1048575,10514,0,3,-1819.854
521239433,972,255,0,3929,242,-3,-8,0,0,0,1,0,0,0,0,521239484,2166161467,1048575,11496,0,3,-1818.882
521240457,1024,254,-1,3930,261,-2,8,0,0,0,1,0,0,0,0,521240569,2166161467,1048575,12610,0,3,-1817.858
521241491,1034,255,1,3929,298,-2,0,0,0,0,1,0,0,0,0,521241546,2166161467,1048575,13557,0,3,-1816.824
521242430,939,255,0,3929,240,-2,0,0,0,0,1,0,0,0,0,521242478,2166161467,1048575,14486,0,3,-1815.885
521243434,1004,254,-1,3930,232,-2,8,0,0,0,1,0,0,0,0,521243467,2166161467,1048575,15475,0,3,-1814.881
521244423,989,255,1,3929,231,-2,-8,0,0,0,1,0,0,0,0,521244457,2166161467,1048575,16464,0,3,-1813.892
521245426,1003,255,0,3929,232,-2,-8,0,0,0,1,0,0,0,0,521245459,2166161467,1048575,17467,0,3,-1812.889
521246436,1010,255,0,3929,236,-2,-8,0,0,0,1,0,0,0,0,521246476,2166161467,1048575,18483,0,3,-1811.879
521247428,992,255,0,3929,232,-3,-8,0,0,0,1,0,0,0,0,521247462,2166161467,1048575,19469,0,3,-1810.887
521248427,999,255,0,3929,232,-3,-8,0,0,0,1,0,0,0,0,521248460,2166161467,1048575,20468,0,3,-1809.888
521249468,1041,255,0,3929,271,-3,-8,0,0,0,1,0,0,0,0,521249560,2166161467,1048575,21595,0,3,-1808.847
521250524,1056,255,0,3929,325,-3,0,0,0,0,1,0,0,0,0,521250667,2166161467,1048575,22703,0,3,-1807.791
521251548,1024,255,0,3929,344,-3,-8,0,0,0,1,0,0,0,0,521251644,2166161467,1048575,23672,0,3,-1806.767
521252468,920,255,0,3929,276,-3,-8,0,0,0,1,0,0,0,0,521252517,2166161467,1048575,24526,0,3,-1805.847
521253440,972,255,0,3929,246,-3,0,0,0,0,1,0,0,0,0,521253488,2166161467,1048575,25502,0,3,-1804.875
521254469,1029,255,0,3929,268,-3,-8,0,0,0,1,0,0,0,0,521254515,2166161467,1048575,26527,0,3,-1803.846
521255441,972,255,0,3929,250,-3,-8,0,0,0,1,0,0,0,0,521255494,2166161467,1048575,27507,0,3,-1802.874
521256444,1003,255,0,3929,246,-4,-8,0,0,0,1,0,0,0,0,521256484,2166161467,1048575,28494,0,3,-1801.871
521257442,998,255,0,3929,249,-4,-8,0,0,0,1,0,0,0,0,521257489,2166161467,1048575,29502,0,3,-1800.873
521258460,1018,255,0,3929,266,-4,0,0,0,0,1,0,0,0,0,521258507,2166161467,1048575,30519,0,3,-1799.855
521259438,978,255,0,3929,245,-4,0,0,0,0,1,0,0,0,0,521259487,2166161467,1048575,31501,0,3,-1798.877
521260460,1022,255,0,3929,265,-3,0,0,0,0,1,0,0,0,0,521260570,2166161467,1048575,32608,0,3,-1797.855
521261483,1023,255,0,3929,292,-3,0,0,0,0,1,0,0,0,0,521261532,2166161467,1048575,33541,0,3,-1796.832
521262434,951,255,0,3929,237,-3,0,0,0,0,1,0,0,0,0,521262474,2166161467,1048575,34482,0,3,-1795.881
521263429,995,255,0,3929,233,-3,0,0,0,0,1,0,0,0,0,521263461,2166161467,1048575,35468,0,3,-1794.886
521264419,990,255,0,3929,228,-3,0,0,0,0,1,0,0,0,0,521264446,2166161467,1048575,36454,0,3,-1793.896
521265427,1008,255,0,3929,232,-3,0,0,0,0,1,0,0,0,0,521265460,2166161467,1048575,37466,0,3,-1792.888
521266430,1003,255,0,3929,232,-3,-8,0,0,0,1,0,0,0,0,521266462,2166161467,1048575,38470,0,3,-1791.885
521267430,1000,255,0,3929,233,-3,-8,0,0,0,1,0,0,0,0,521267462,2166161467,1048575,39469,0,3,-1790.885
521268420,990,255,0,3929,229,-3,-8,0,0,0,1,0,0,0,0,521268447,2166161467,1048575,40455,0,3,-1789.895
521269468,1048,255,0,3929,272,-3,0,0,0,0,1,0,0,0,0,521269568,2166161467,1048575,41602,0,3,-1788.847
521270523,1055,255,0,3929,323,-3,-8,0,0,0,1,0,0,0,0,521270670,2166161467,1048575,42711,0,3,-1787.792
521271532,1009,255,0,3929,329,-3,0,0,0,0,1,0,0,0,0,521271623,2166161467,1048575,43654,0,3,-1786.783
521272471,939,255,0,3929,275,-3,0,0,0,0,1,0,0,0,0,521272519,2166161467,1048575,44530,0,3,-1785.844
521273447,976,255,0,3929,246,-3,-8,0,0,0,1,0,0,0,0,521273494,2166161467,1048575,45509,0,3,-1784.868
521274466,1019,255,0,3929,265,-3,0,0,0,0,1,0,0,0,0,521274513,2166161467,1048575,46524,0,3,-1783.849
521275443,977,255,0,3929,250,-3,0,0,0,0,1,0,0,0,0,521275497,2166161467,1048575,47511,0,3,-1782.872
521276446,1003,255,0,3929,249,-3,0,0,0,0,1,0,0,0,0,521276490,2166161467,1048575,48501,0,3,-1781.869
521277444,998,255,0,3929,243,-3,0,0,0,0,1,0,0,0,0,521277489,2166161467,1048575,49502,0,3,-1780.871
521278464,1020,255,0,3929,269,-3,0,0,0,0,1,0,0,0,0,521278508,2166161467,1048575,1,0,3,-1779.851
521279442,978,255,0,3929,249,-3,0,0,0,0,1,0,0,0,0,521279495,2166161467,1048575,444,0,3,-1778.873
521280463,1021,255,0,3929,269,-3,0,0,0,0,1,0,0,0,0,521280571,2166161467,1048575,1542,0,3,-1777.852
521281489,1026,255,0,3929,298,-2,0,0,0,0,1,0,0,0,0,521281547,2166161467,1048575,2497,0,3,-1776.826
521282442,953,255,0,3929,242,-2,0,0,0,0,1,0,0,0,0,521282483,2166161467,1048575,3427,0,3,-1775.873
521283429,987,255,0,3929,234,-2,0,0,0,0,1,0,0,0,0,521283465,2166161467,1048575,4410,0,3,-1774.886
521284429,1000,255,0,3929,232,-2,0,0,0,0,1,0,0,0,0,521284459,2166161467,1048575,5404,0,3,-1773.886
521285425,996,255,0,3929,232,-2,0,0,0,0,1,0,0,0,0,521285458,2166161467,1048575,6402,0,3,-1772.89
521286433,1008,255,0,3929,235,-2,0,0,0,0,1,0,0,0,0,521286466,2166161467,1048575,7411,0,3,-1771.882
521287435,1002,255,0,3929,233,-2,0,0,0,0,1,0,0,0,0,521287471,2166161467,1048575,8415,0,3,-1770.88
521288423,988,255,0,3929,231,-2,0,0,0,0,1,0,0,0,0,521288454,2166161467,1048575,9399,0,3,-1769.892
521289458,1035,255,0,3929,266,-2,0,0,0,0,1,0,0,0,0,521289543,2166161467,1048575,10512,0,3,-1768.857
521290523,1065,255,0,3929,329,-2,0,0,0,0,1,0,0,0,0,521290677,2166161467,1048575,11653,0,3,-1767.792
521291532,1009,255,0,3929,334,-2,0,0,0,0,1,0,0,0,0,521291625,2166161467,1048575,12589,0,3,-1766.783
521292472,940,255,0,3929,276,-2,0,0,0,0,1,0,0,0,0,521292521,2166161467,1048575,13469,0,3,-1765.843
521293440,968,255,0,3929,246,-2,0,0,0,0,1,0,0,0,0,521293489,2166161467,1048575,14441,0,3,-1764.875
521294467,1027,255,0,3929,269,-1,0,0,0,0,1,0,0,0,0,521294513,2166161467,1048575,15461,0,3,-1763.848
521295441,974,255,0,3929,247,-1,0,0,0,0,1,0,0,0,0,521295496,2166161467,1048575,16447,0,3,-1762.874
521296441,1000,255,0,3929,246,-1,0,0,0,0,1,0,0,0,0,521296479,2166161467,1048575,17425,0,3,-1761.874
521297447,1006,255,0,3929,247,-1,0,0,0,0,1,0,0,0,0,521297495,2166161467,1048575,18445,0,3,-1760.868
521298469,1022,255,0,3929,266,-1,0,0,0,0,1,0,0,0,0,521298512,2166161467,1048575,19459,0,3,-1759.846
521299442,973,255,0,3929,244,-1,0,0,0,0,1,0,0,0,0,521299493,2166161467,1048575,20444,0,3,-1758.873
521300452,1010,255,0,3929,262,-1,0,0,0,0,1,0,0,0,0,521300566,2166161467,1048575,21545,0,3,-1757.863
521301489,1037,255,0,3929,298,-1,0,0,0,0,1,0,0,0,0,521301539,2166161467,1048575,22484,0,3,-1756.826
521302437,948,255,0,3929,238,-1,0,0,0,0,1,0,0,0,0,521302477,2166161467,1048575,23422,0,3,-1755.878
521303432,995,255,0,3929,233,-1,0,0,0,0,1,0,0,0,0,521303464,2166161467,1048575,24407,0,3,-1754.883
521304421,989,255,0,3929,228,-1,0,0,0,0,1,0,0,0,0,521304448,2166161467,1048575,25393,0,3,-1753.894
521305429,1008,255,0,3929,232,-1,0,0,0,0,1,0,0,0,0,521305461,2166161467,1048575,26404,0,3,-1752.886
521306430,1001,255,0,3929,232,-1,0,0,0,0,1,0,0,0,0,521306460,2166161467,1048575,27404,0,3,-1751.885
521307427,997,255,0,3929,233,-1,0,0,0,0,1,0,0,0,0,521307459,2166161467,1048575,28403,0,3,-1750.888
521308419,992,255,0,3929,228,-1,0,0,0,0,1,0,0,0,0,521308447,2166161467,1048575,29391,0,3,-1749.896
521309476,1057,255,0,3929,278,-1,0,0,0,0,1,0,0,0,0,521309595,2166161467,1048575,30571,0,3,-1748.839
521310526,1050,255,0,3929,325,-1,0,0,0,0,1,0,0,0,0,521310666,2166161467,1048575,31647,0,3,-1747.789
521311520,994,255,0,3929,328,-1,0,0,0,0,1,0,0,0,0,521311610,2166161467,1048575,32583,0,3,-1746.795
521312470,950,255,0,3929,274,-1,0,0,0,0,1,0,0,0,0,521312514,2166161467,1048575,33463,0,3,-1745.845
521313444,974,255,0,3929,246,-1,0,0,0,0,1,0,0,0,0,521313493,2166161467,1048575,34445,0,3,-1744.871
521314468,1024,255,0,3929,265,-1,0,0,0,0,1,0,0,0,0,521314515,2166161467,1048575,35463,0,3,-1743.847
521315443,975,255,0,3929,248,-1,0,0,0,0,1,0,0,0,0,521315494,2166161467,1048575,36444,0,3,-1742.872
521316442,999,255,0,3929,247,-1,0,0,0,0,1,0,0,0,0,521316481,2166161467,1048575,37428,0,3,-1741.873
521317451,1009,255,0,3929,249,-1,0,0,0,0,1,0,0,0,0,521317501,2166161467,1048575,38452,0,3,-1740.864
521318459,1008,255,0,3929,266,-1,0,0,0,0,1,0,0,0,0,521318502,2166161467,1048575,39450,0,3,-1739.856
521319441,982,255,0,3929,248,-1,0,0,0,0,1,0,0,0,0,521319486,2166161467,1048575,40436,0,3,-1738.874
521320466,1025,255,0,3929,263,-1,0,0,0,0,1,0,0,0,0,521320575,2166161467,1048575,41546,0,3,-1737.849
521321502,1036,255,0,3929,300,0,0,0,0,0,1,0,0,0,0,521321553,2166161467,1048575,42502,0,3,-1736.813
521322424,922,255,0,3929,233,0,0,0,0,0,1,0,0,0,0,521322463,2166161467,1048575,43409,0,3,-1735.891
521323436,1012,255,0,3929,233,0,0,0,0,0,1,0,0,0,0,521323468,2166161467,1048575,44412,0,3,-1734.879
521324426,990,255,0,3929,229,0,0,0,0,0,1,0,0,0,0,521324453,2166161467,1048575,45397,0,3,-1733.889
521325434,1008,255,0,3929,232,0,0,0,0,0,1,0,0,0,0,521325466,2166161467,1048575,46409,0,3,-1732.881
521326429,995,255,0,3929,232,0,0,0,0,0,1,0,0,0,0,521326459,2166161467,1048575,47404,0,3,-1731.886
521327427,998,255,0,3929,233,0,0,0,0,0,1,0,0,0,0,521327459,2166161467,1048575,48402,0,3,-1730.888
521328420,993,255,0,3929,229,0,0,0,0,0,1,0,0,0,0,521328446,2166161467,1048575,49391,0,3,-1729.895
521329466,1046,255,0,3929,270,0,0,0,0,0,1,0,0,0,0,521329558,2166161467,1048575,1,0,3,-1728.849
521330769,1303,255,0,3929,421,0,0,0,0,0,1,0,0,0,0,521330949,2166161467,1048575,708,0,3,-1727.546
521331520,751,255,0,3929,317,0,0,0,0,0,1,0,0,0,0,521331587,2166161467,1048575,1313,0,3,-1726.795
521332462,942,255,0,3929,271,0,0,0,0,0,1,0,0,0,0,521332508,2166161467,1048575,2233,0,3,-1725.853
521333446,984,255,0,3929,248,0,0,0,0,0,1,0,0,0,0,521333492,2166161467,1048575,3215,0,3,-1724.869
521334456,1010,255,0,3929,261,0,0,0,0,0,1,0,0,0,0,521334502,2166161467,1048575,4224,0,3,-1723.859
521335440,984,255,0,3929,248,0,0,0,0,0,1,0,0,0,0,521335486,2166161467,1048575,5210,0,3,-1722.875
521336451,1011,255,0,3929,248,0,0,0,0,0,1,0,0,0,0,521336488,2166161467,1048575,6210,0,3,-1721.864
521337448,997,255,0,3929,245,0,0,0,0,0,1,0,0,0,0,521337502,2166161467,1048575,7226,0,3,-1720.867
521338447,999,255,0,3929,254,0,0,0,0,0,1,0,0,0,0,521338483,2166161467,1048575,8203,0,3,-1719.868
521339448,1001,255,0,3929,253,0,0,0,0,0,1,0,0,0,0,521339492,2166161467,1048575,9215,0,3,-1718.867
521340454,1006,255,0,3929,252,0,0,0,0,0,1,0,0,0,0,521340566,2166161467,1048575,10319,0,3,-1717.861
521341490,1036,255,0,3929,299,0,0,0,0,0,1,0,0,0,0,521341554,2166161467,1048575,11283,0,3,-1716.825
521342440,950,255,0,3929,240,0,0,0,0,0,1,0,0,0,0,521342481,2166161467,1048575,12200,0,3,-1715.875
521343430,990,255,0,3929,237,0,0,0,0,0,1,0,0,0,0,521343462,2166161467,1048575,13180,0,3,-1714.885
521344428,998,255,0,3929,232,0,0,0,0,0,1,0,0,0,0,521344460,2166161467,1048575,14179,0,3,-1713.887
521345427,999,255,0,3929,232,0,0,0,0,0,1,0,0,0,0,521345460,2166161467,1048575,15178,0,3,-1712.888
521346430,1003,255,0,3929,232,0,0,0,0,0,1,0,0,0,0,521346464,2166161467,1048575,16182,0,3,-1711.885
521347433,1003,255,0,3929,235,0,0,0,0,0,1,0,0,0,0,521347465,2166161467,1048575,17184,0,3,-1710.882
521348436,1003,255,0,3929,232,0,0,0,0,0,1,0,0,0,0,521348469,2166161467,1048575,18187,0,3,-1709.879
521349462,1026,255,0,3929,268,0,0,0,0,0,1,0,0,0,0,521349565,2166161467,1048575,19315,0,3,-1708.853
521350515,1053,255,0,3929,321,0,0,0,0,0,1,0,0,0,0,521350658,2166161467,1048575,20403,0,3,-1707.8
521351542,1027,255,0,3929,345,0,0,0,0,0,1,0,0,0,0,521351638,2166161467,1048575,21377,0,3,-1706.773
521352473,931,255,0,3929,273,0,0,0,0,0,1,0,0,0,0,521352518,2166161467,1048575,22240,0,3,-1705.842
521353438,965,255,0,3929,247,0,0,0,0,0,1,0,0,0,0,521353482,2166161467,1048575,23205,0,3,-1704.877
521354469,1031,255,0,3929,267,0,0,0,0,0,1,0,0,0,0,521354518,2166161467,1048575,24242,0,3,-1703.846
521355439,970,255,0,3929,247,0,0,0,0,0,1,0,0,0,0,521355491,2166161467,1048575,25214,0,3,-1702.876
521356447,1008,255,0,3929,249,0,0,0,0,0,1,0,0,0,0,521356487,2166161467,1048575,26208,0,3,-1701.868
521357441,994,255,0,3929,241,0,0,0,0,0,1,0,0,0,0,521357486,2166161467,1048575,27210,0,3,-1700.874
521358465,1024,255,0,3929,263,0,0,0,0,0,1,0,0,0,0,521358509,2166161467,1048575,28232,0,3,-1699.85
521359440,975,255,0,3929,243,0,0,0,0,0,1,0,0,0,0,521359485,2166161467,1048575,29208,0,3,-1698.875
521360446,1006,255,0,3929,256,0,0,0,0,0,1,0,0,0,0,521360558,2166161467,1048575,30304,0,3,-1697.869
521361490,1044,255,0,3929,299,0,0,0,0,0,1,0,0,0,0,521361539,2166161467,1048575,31260,0,3,-1696.825
521362438,948,255,0,3929,236,0,0,0,0,0,1,0,0,0,0,521362475,2166161467,1048575,32193,0,3,-1695.877
521363430,992,255,0,3929,233,0,0,0,0,0,1,0,0,0,0,521363462,2166161467,1048575,33180,0,3,-1694.885
521364420,990,255,0,3929,229,0,0,0,0,0,1,0,0,0,0,521364447,2166161467,1048575,34166,0,3,-1693.895
521365428,1008,255,0,3929,233,0,0,0,0,0,1,0,0,0,0,521365460,2166161467,1048575,35177,0,3,-1692.887
521366427,999,255,0,3929,231,0,0,0,0,0,1,0,0,0,0,521366456,2166161467,1048575,36174,0,3,-1691.888
521367424,997,255,0,3929,233,0,0,0,0,0,1,0,0,0,0,521367456,2166161467,1048575,37173,0,3,-1690.891
521368417,993,255,0,3929,229,0,0,0,0,0,1,0,0,0,0,521368444,2166161467,1048575,38163,0,3,-1689.898
521369461,1044,255,0,3929,269,0,0,0,0,0,1,0,0,0,0,521369562,2166161467,1048575,39303,0,3,-1688.854
521370507,1046,255,0,3929,315,0,0,0,0,0,1,0,0,0,0,521370661,2166161467,1048575,40423,0,3,-1687.808
521371533,1026,255,0,3929,334,0,0,0,0,0,1,0,0,0,0,521371619,2166161467,1048575,41359,0,3,-1686.782
521372466,933,255,0,3929,268,0,0,0,0,0,1,0,0,0,0,521372512,2166161467,1048575,42236,0,3,-1685.849
521373444,978,255,0,3929,247,0,0,0,0,0,1,0,0,0,0,521373490,2166161467,1048575,43214,0,3,-1684.871
521374463,1019,255,0,3929,263,0,0,0,0,0,1,0,0,0,0,521374513,2166161467,1048575,44236,0,3,-1683.852
521375439,976,255,0,3929,247,0,0,0,0,0,1,0,0,0,0,521375487,2166161467,1048575,45211,0,3,-1682.876
521376445,1006,255,0,3929,249,0,0,0,0,0,1,0,0,0,0,521376484,2166161467,1048575,46204,0,3,-1681.87
521377436,991,255,0,3929,245,0,0,0,0,0,1,0,0,0,0,521377482,2166161467,1048575,47206,0,3,-1680.879
521378468,1032,255,0,3929,265,0,0,0,0,0,1,0,0,0,0,521378515,2166161467,1048575,48238,0,3,-1679.847
521379441,973,255,0,3929,247,0,0,0,0,0,1,0,0,0,0,521379486,2166161467,1048575,49212,0,3,-1678.874
521380451,1010,255,0,3929,257,0,0,0,0,0,1,0,0,0,0,521380557,2166161467,1048575,3,0,3,-1677.864
521381487,1036,255,0,3929,296,0,0,0,0,0,1,0,0,0,0,521381554,2166161467,1048575,439,0,3,-1676.828
521382445,958,255,0,3929,241,0,0,0,0,0,1,0,0,0,0,521382484,2166161467,1048575,1365,0,3,-1675.87
521383424,979,255,0,3929,232,0,0,0,0,0,1,0,0,0,0,521383457,2166161467,1048575,2336,0,3,-1674.891
521384423,999,255,0,3929,231,0,0,0,0,0,1,0,0,0,0,521384454,2166161467,1048575,3333,0,3,-1673.892
521385422,999,255,0,3929,231,0,0,0,0,0,1,0,0,0,0,521385455,2166161467,1048575,4335,0,3,-1672.893
521386425,1003,255,0,3929,233,0,0,0,0,0,1,0,0,0,0,521386458,2166161467,1048575,5337,0,3,-1671.89
521387423,998,255,0,3929,231,0,0,0,0,0,1,0,0,0,0,521387456,2166161467,1048575,6336,0,3,-1670.892
521388422,999,255,0,3929,230,0,0,0,0,0,1,0,0,0,0,521388454,2166161467,1048575,7333,0,3,-1669.893
521389498,1076,255,0,3929,293,0,0,0,0,0,1,0,0,0,0,521389594,2166161467,1048575,8498,0,3,-1668.817
521390521,1023,255,0,3929,323,0,0,0,0,0,1,0,0,0,0,521390661,2166161467,1048575,9574,0,3,-1667.794
521391546,1025,255,0,3929,348,0,0,0,0,0,1,0,0,0,0,521391644,2166161467,1048575,10543,0,3,-1666.769
521392463,917,255,0,3929,267,0,0,0,0,0,1,0,0,0,0,521392505,2166161467,1048575,11388,0,3,-1665.852
521393446,983,255,0,3929,245,0,0,0,0,0,1,0,0,0,0,521393494,2166161467,1048575,12380,0,3,-1664.869
521394467,1021,255,0,3929,266,0,0,0,0,0,1,0,0,0,0,521394514,2166161467,1048575,13397,0,3,-1663.848
521395444,977,255,0,3929,251,0,0,0,0,0,1,0,0,0,0,521395497,2166161467,1048575,14382,0,3,-1662.871
521396445,1001,255,0,3929,244,0,0,0,0,0,1,0,0,0,0,521396486,2166161467,1048575,15368,0,3,-1661.87
521397441,996,255,0,3929,249,0,0,0,0,0,1,0,0,0,0,521397490,2166161467,1048575,16375,0,3,-1660.874
521398464,1023,255,0,3929,267,0,0,0,0,0,1,0,0,0,0,521398508,2166161467,1048575,17390,0,3,-1659.851
521399445,981,255,0,3929,248,0,0,0,0,0,1,0,0,0,0,521399494,2166161467,1048575,18380,0,3,-1658.87
521400450,1005,255,0,3929,259,0,0,0,0,0,1,0,0,0,0,521400562,2166161467,1048575,19471,0,3,-1657.865
521401494,1044,255,0,3929,300,0,0,0,0,0,1,0,0,0,0,521401543,2166161467,1048575,20430,0,3,-1656.821
521402431,937,255,0,3929,233,0,0,0,0,0,1,0,0,0,0,521402473,2166161467,1048575,21352,0,3,-1655.884
521403430,999,255,0,3929,234,0,0,0,0,0,1,0,0,0,0,521403463,2166161467,1048575,22343,0,3,-1654.885
521404425,995,255,0,3929,231,0,0,0,0,0,1,0,0,0,0,521404456,2166161467,1048575,23335,0,3,-1653.89
521405425,1000,255,0,3929,232,0,0,0,0,0,1,0,0,0,0,521405458,2166161467,1048575,24337,0,3,-1652.89
521406427,1002,255,0,3929,231,0,0,0,0,0,1,0,0,0,0,521406462,2166161467,1048575,25342,0,3,-1651.888
521407431,1004,255,0,3929,234,0,0,0,0,0,1,0,0,0,0,521407464,2166161467,1048575,26343,0,3,-1650.884
521408425,994,255,0,3929,230,0,0,0,0,0,1,0,0,0,0,521408456,2166161467,1048575,27336,0,3,-1649.89
521409460,1035,255,0,3929,268,0,0,0,0,0,1,0,0,0,0,521409549,2166161467,1048575,28449,0,3,-1648.855
521410541,1081,255,0,3929,340,0,0,0,0,0,1,0,0,0,0,521410712,2166161467,1048575,29642,0,3,-1647.774
521411525,984,255,0,3929,332,0,0,0,0,0,1,0,0,0,0,521411611,2166161467,1048575,30507,0,3,-1646.79
521412470,945,255,0,3929,268,0,0,0,0,0,1,0,0,0,0,521412515,2166161467,1048575,31401,0,3,-1645.845
521413439,969,255,0,3929,248,0,0,0,0,0,1,0,0,0,0,521413489,2166161467,1048575,32375,0,3,-1644.876
521414461,1022,255,0,3929,263,0,0,0,0,0,1,0,0,0,0,521414507,2166161467,1048575,33390,0,3,-1643.854
521415439,978,255,0,3929,244,0,0,0,0,0,1,0,0,0,0,521415485,2166161467,1048575,34375,0,3,-1642.876
521416457,1018,255,0,3929,253,0,0,0,0,0,1,0,0,0,0,521416497,2166161467,1048575,35379,0,3,-1641.858
521417432,975,255,0,3929,241,0,0,0,0,0,1,0,0,0,0,521417477,2166161467,1048575,36362,0,3,-1640.883
521418456,1024,255,0,3929,265,0,0,0,0,0,1,0,0,0,0,521418499,2166161467,1048575,37380,0,3,-1639.859
521419436,980,255,0,3929,242,0,0,0,0,0,1,0,0,0,0,521419483,2166161467,1048575,38370,0,3,-1638.879
521420457,1021,255,0,3929,259,0,0,0,0,0,1,0,0,0,0,521420573,2166161467,1048575,39484,0,3,-1637.858
521421491,1034,255,0,3929,293,0,0,0,0,0,1,0,0,0,0,521421541,2166161467,1048575,40425,0,3,-1636.824
521422441,950,255,0,3929,240,0,0,0,0,0,1,0,0,0,0,521422484,2166161467,1048575,41364,0,3,-1635.874
521423428,987,255,0,3929,233,0,0,0,0,0,1,0,0,0,0,521423460,2166161467,1048575,42339,0,3,-1634.887
521424427,999,254,-1,3930,233,0,8,0,0,0,1,0,0,0,0,521424460,2166161467,1048575,43340,0,3,-1633.888
521425431,1004,255,1,3929,236,0,0,0,0,0,1,0,0,0,0,521425464,2166161467,1048575,44343,0,3,-1632.884
521426435,1004,255,0,3929,234,0,0,0,0,0,1,0,0,0,0,521426470,2166161467,1048575,45349,0,3,-1631.88
521427427,992,255,0,3929,233,0,0,0,0,0,1,0,0,0,0,521427459,2166161467,1048575,46339,0,3,-1630.888
521428426,999,255,0,3929,232,0,0,0,0,0,1,0,0,0,0,521428459,2166161467,1048575,47338,0,3,-1629.889
521429467,1041,255,0,3929,271,0,0,0,0,0,1,0,0,0,0,521429565,2166161467,1048575,48471,0,3,-1628.848
521430522,1055,255,0,3929,323,0,0,0,0,0,1,0,0,0,0,521430668,2166161467,1048575,49582,0,3,-1627.793
521431533,1011,255,0,3929,337,0,0,0,0,0,1,0,0,0,0,521431623,2166161467,1048575,1,0,3,-1626.782
521432550,1017,255,0,3929,280,0,0,0,0,0,1,0,0,0,0,521432602,2166161467,1048575,410,0,3,-1625.765
521433453,903,255,0,3929,252,0,0,0,0,0,1,0,0,0,0,521433503,2166161467,1048575,1316,0,3,-1624.862
521434469,1016,255,0,3929,270,0,0,0,0,0,1,0,0,0,0,521434518,2166161467,1048575,2327,0,3,-1623.846
521435440,971,255,0,3929,249,0,0,0,0,0,1,0,0,0,0,521435491,2166161467,1048575,3302,0,3,-1622.875
521436447,1007,255,0,3929,252,0,0,0,0,0,1,0,0,0,0,521436489,2166161467,1048575,4297,0,3,-1621.868
521437449,1002,255,0,3929,246,0,0,0,0,0,1,0,0,0,0,521437494,2166161467,1048575,5304,0,3,-1620.866
521438461,1012,254,-1,3930,264,0,8,0,0,0,1,0,0,0,0,521438510,2166161467,1048575,6319,0,3,-1619.854
521439438,977,254,0,3930,248,1,8,0,0,0,1,0,0,0,0,521439483,2166161467,1048575,7293,0,3,-1618.877
521440448,1010,254,0,3930,255,1,8,0,0,0,1,0,0,0,0,521440568,2166161467,1048575,8400,0,3,-1617.867
521441489,1041,254,0,3930,297,1,8,0,0,0,1,0,0,0,0,521441545,2166161467,1048575,9354,0,3,-1616.826
521442441,952,254,0,3930,240,2,8,0,0,0,1,0,0,0,0,521442485,2166161467,1048575,10289,0,3,-1615.874
521443426,985,254,0,3930,232,2,8,0,0,0,1,0,0,0,0,521443460,2166161467,1048575,11264,0,3,-1614.889
521444422,996,255,1,3929,230,2,0,0,0,0,1,0,0,0,0,521444454,2166161467,1048575,12258,0,3,-1613.893
521445422,1000,255,0,3929,231,2,0,0,0,0,1,0,0,0,0,521445456,2166161467,1048575,13260,0,3,-1612.893
521446432,1010,255,0,3929,235,2,0,0,0,0,1,0,0,0,0,521446469,2166161467,1048575,14273,0,3,-1611.883
521447424,992,255,0,3929,232,2,0,0,0,0,1,0,0,0,0,521447458,2166161467,1048575,15262,0,3,-1610.891
521448422,998,255,0,3929,230,1,0,0,0,0,1,0,0,0,0,521448454,2166161467,1048575,16258,0,3,-1609.893
521449460,1038,255,0,3929,265,1,0,0,0,0,1,0,0,0,0,521449549,2166161467,1048575,17381,0,3,-1608.855
521450536,1076,255,0,3929,335,1,0,0,0,0,1,0,0,0,0,521450704,2166161467,1048575,18549,0,3,-1607.779
521451526,990,254,-1,3930,326,2,8,0,0,0,1,0,0,0,0,521451607,2166161467,1048575,19428,0,3,-1606.789
521452474,948,254,0,3930,274,2,8,0,0,0,1,0,0,0,0,521452527,2166161467,1048575,20339,0,3,-1605.841
521453448,974,254,0,3930,245,2,8,0,0,0,1,0,0,0,0,521453496,2166161467,1048575,21307,0,3,-1604.867
521454465,1017,254,0,3930,267,2,0,0,0,0,1,0,0,0,0,521454512,2166161467,1048575,22319,0,3,-1603.85
521455444,979,254,0,3930,252,2,8,0,0,0,1,0,0,0,0,521455502,2166161467,1048575,23313,0,3,-1602.871
521456452,1008,254,0,3930,252,2,8,0,0,0,1,0,0,0,0,521456492,2166161467,1048575,24299,0,3,-1601.863
521457443,991,254,0,3930,240,3,8,0,0,0,1,0,0,0,0,521457489,2166161467,1048575,25300,0,3,-1600.872
521458455,1012,254,0,3930,264,3,8,0,0,0,1,0,0,0,0,521458495,2166161467,1048575,26300,0,3,-1599.86
521459439,984,254,0,3930,248,3,8,0,0,0,1,0,0,0,0,521459491,2166161467,1048575,27303,0,3,-1598.876
521460452,1013,254,0,3930,258,3,8,0,0,0,1,0,0,0,0,521460558,2166161467,1048575,28397,0,3,-1597.863
521461493,1041,254,0,3930,296,3,8,0,0,0,1,0,0,0,0,521461548,2166161467,1048575,29357,0,3,-1596.822
521462448,955,254,0,3930,244,4,8,0,0,0,1,0,0,0,0,521462492,2166161467,1048575,30297,0,3,-1595.867
521463432,984,254,0,3930,232,4,8,0,0,0,1,0,0,0,0,521463465,2166161467,1048575,31269,0,3,-1594.883
521464431,999,254,0,3930,233,4,8,0,0,0,1,0,0,0,0,521464463,2166161467,1048575,32268,0,3,-1593.884
521465430,999,254,0,3930,232,4,8,0,0,0,1,0,0,0,0,521465462,2166161467,1048575,33266,0,3,-1592.885
521466438,1008,254,0,3930,237,4,8,0,0,0,1,0,0,0,0,521466476,2166161467,1048575,34280,0,3,-1591.877
521467429,991,254,0,3930,233,4,8,0,0,0,1,0,0,0,0,521467461,2166161467,1048575,35266,0,3,-1590.886
521468428,999,254,0,3930,232,5,8,0,0,0,1,0,0,0,0,521468461,2166161467,1048575,36265,0,3,-1589.887
521469468,1040,254,0,3930,271,4,0,0,0,0,1,0,0,0,0,521469577,2166161467,1048575,37406,0,3,-1588.847
521470520,1052,254,0,3930,327,4,0,0,0,0,1,0,0,0,0,521470664,2166161467,1048575,38498,0,3,-1587.795
521471553,1033,254,0,3930,349,4,0,0,0,0,1,0,0,0,0,521471651,2166161467,1048575,39476,0,3,-1586.762
521472471,918,254,0,3930,270,4,0,0,0,0,1,0,0,0,0,521472516,2166161467,1048575,40323,0,3,-1585.844
521473447,976,254,0,3930,246,4,0,0,0,0,1,0,0,0,0,521473494,2166161467,1048575,41306,0,3,-1584.868
521474471,1024,254,0,3930,267,4,8,0,0,0,1,0,0,0,0,521474519,2166161467,1048575,42327,0,3,-1583.844
521475440,969,254,0,3930,248,4,8,0,0,0,1,0,0,0,0,521475491,2166161467,1048575,43302,0,3,-1582.875
521476442,1002,254,0,3930,249,4,8,0,0,0,1,0,0,0,0,521476484,2166161467,1048575,44291,0,3,-1581.873
521477449,1007,254,0,3930,245,4,8,0,0,0,1,0,0,0,0,521477497,2166161467,1048575,45308,0,3,-1580.866
521478469,1020,254,0,3930,265,5,8,0,0,0,1,0,0,0,0,521478515,2166161467,1048575,46324,0,3,-1579.846
521479440,971,254,0,3930,248,5,8,0,0,0,1,0,0,0,0,521479491,2166161467,1048575,47301,0,3,-1578.875
521480468,1028,254,0,3930,264,5,8,0,0,0,1,0,0,0,0,521480575,2166161467,1048575,48412,0,3,-1577.847
521481489,1021,254,0,3930,291,5,8,0,0,0,1,0,0,0,0,521481545,2166161467,1048575,49351,0,3,-1576.826
521482429,940,254,0,3930,235,5,0,0,0,0,1,0,0,0,0,521482467,2166161467,1048575,1,0,3,-1575.886
521483435,1006,254,0,3930,239,5,0,0,0,0,1,0,0,0,0,521483477,2166161467,1048575,484,0,3,-1574.88
521484434,999,254,0,3930,236,4,0,0,0,0,1,0,0,0,0,521484468,2166161467,1048575,1473,0,3,-1573.881
521485423,989,254,0,3930,232,4,0,0,0,0,1,0,0,0,0,521485456,2166161467,1048575,2461,0,3,-1572.892
521486429,1006,254,0,3930,236,4,0,0,0,0,1,0,0,0,0,521486465,2166161467,1048575,3470,0,3,-1571.886
521487436,1007,254,0,3930,234,4,0,0,0,0,1,0,0,0,0,521487471,2166161467,1048575,4476,0,3,-1570.879
521488421,985,254,0,3930,231,4,0,0,0,0,1,0,0,0,0,521488451,2166161467,1048575,5457,0,3,-1569.894
521489467,1046,254,0,3930,277,4,0,0,0,0,1,0,0,0,0,521489549,2166161467,1048575,6580,0,3,-1568.848
521490518,1051,254,0,3930,328,3,0,0,0,0,1,0,0,0,0,521490688,2166161467,1048575,7734,0,3,-1567.797
521491525,1007,254,0,3930,330,3,0,0,0,0,1,0,0,0,0,521491607,2166161467,1048575,8629,0,3,-1566.79
521492469,944,254,0,3930,273,3,0,0,0,0,1,0,0,0,0,521492519,2166161467,1048575,9532,0,3,-1565.846
521493439,970,254,0,3930,241,3,0,0,0,0,1,0,0,0,0,521493488,2166161467,1048575,10500,0,3,-1564.876
521494466,1027,254,0,3930,267,3,0,0,0,0,1,0,0,0,0,521494511,2166161467,1048575,11519,0,3,-1563.849
521495441,975,254,0,3930,245,3,0,0,0,0,1,0,0,0,0,521495498,2166161467,1048575,12509,0,3,-1562.874
521496450,1009,254,0,3930,256,3,0,0,0,0,1,0,0,0,0,521496491,2166161467,1048575,13498,0,3,-1561.865
521497447,997,254,0,3930,244,3,0,0,0,0,1,0,0,0,0,521497496,2166161467,1048575,14507,0,3,-1560.868
521498468,1021,254,0,3930,268,2,0,0,0,0,1,0,0,0,0,521498511,2166161467,1048575,15518,0,3,-1559.847
521499443,975,254,0,3930,249,2,0,0,0,0,1,0,0,0,0,521499496,2166161467,1048575,16508,0,3,-1558.872
521500459,1016,254,0,3930,264,2,0,0,0,0,1,0,0,0,0,521500576,2166161467,1048575,17619,0,3,-1557.856
521501497,1038,254,0,3930,295,2,0,0,0,0,1,0,0,0,0,521501551,2166161467,1048575,18558,0,3,-1556.818
521502445,948,254,0,3930,244,2,0,0,0,0,1,0,0,0,0,521502488,2166161467,1048575,19494,0,3,-1555.87
521503430,985,254,0,3930,234,2,0,0,0,0,1,0,0,0,0,521503463,2166161467,1048575,20468,0,3,-1554.885
521504429,999,254,0,3930,233,2,0,0,0,0,1,0,0,0,0,521504461,2166161467,1048575,21467,0,3,-1553.886
521505428,999,254,0,3930,233,2,0,0,0,0,1,0,0,0,0,521505460,2166161467,1048575,22465,0,3,-1552.887
521506435,1007,254,0,3930,235,2,0,0,0,0,1,0,0,0,0,521506473,2166161467,1048575,23478,0,3,-1551.88
521507430,995,254,0,3930,235,2,0,0,0,0,1,0,0,0,0,521507462,2166161467,1048575,24468,0,3,-1550.885
521508429,999,254,0,3930,232,2,0,0,0,0,1,0,0,0,0,521508461,2166161467,1048575,25467,0,3,-1549.886
521509474,1045,254,0,3930,274,2,0,0,0,0,1,0,0,0,0,521509581,2166161467,1048575,26616,0,3,-1548.841
521510518,1044,253,-1,3931,317,2,8,0,0,0,1,0,0,0,0,521510665,2166161467,1048575,27705,0,3,-1547.797
521511530,1012,253,0,3931,336,2,8,0,0,0,1,0,0,0,0,521511623,2166161467,1048575,28653,0,3,-1546.785
521512465,935,253,0,3931,272,2,8,0,0,0,1,0,0,0,0,521512510,2166161467,1048575,29518,0,3,-1545.85
521513436,971,254,1,3930,246,2,0,0,0,0,1,0,0,0,0,521513481,2166161467,1048575,30493,0,3,-1544.879
521514470,1034,253,-1,3931,268,2,8,0,0,0,1,0,0,0,0,521514516,2166161467,1048575,31525,0,3,-1543.845
521515445,975,253,0,3931,245,3,8,0,0,0,1,0,0,0,0,521515499,2166161467,1048575,32511,0,3,-1542.87
521516450,1005,253,0,3931,250,3,8,0,0,0,1,0,0,0,0,521516489,2166161467,1048575,33497,0,3,-1541.865
521517443,993,253,0,3931,244,3,8,0,0,0,1,0,0,0,0,521517493,2166161467,1048575,34505,0,3,-1540.872
521518467,1024,253,0,3931,266,3,8,0,0,0,1,0,0,0,0,521518510,2166161467,1048575,35519,0,3,-1539.848
521519437,970,253,0,3931,244,3,8,0,0,0,1,0,0,0,0,521519485,2166161467,1048575,36496,0,3,-1538.878
521520459,1022,253,0,3931,262,4,8,0,0,0,1,0,0,0,0,521520576,2166161467,1048575,37609,0,3,-1537.856
521521488,1029,253,0,3931,295,4,8,0,0,0,1,0,0,0,0,521521543,2166161467,1048575,38551,0,3,-1536.827
521522434,946,253,0,3931,234,4,8,0,0,0,1,0,0,0,0,521522475,2166161467,1048575,39480,0,3,-1535.881
521523428,994,253,0,3931,232,4,8,0,0,0,1,0,0,0,0,521523461,2166161467,1048575,40466,0,3,-1534.887
521524419,991,253,0,3931,228,4,8,0,0,0,1,0,0,0,0,521524447,2166161467,1048575,41452,0,3,-1533.896
521525426,1007,253,0,3931,231,4,8,0,0,0,1,0,0,0,0,521525460,2166161467,1048575,42464,0,3,-1532.889
521526429,1003,253,0,3931,231,5,8,0,0,0,1,0,0,0,0,521526463,2166161467,1048575,43469,0,3,-1531.886
521527430,1001,253,0,3931,232,5,8,0,0,0,1,0,0,0,0,521527463,2166161467,1048575,44467,0,3,-1530.885
521528419,989,253,0,3931,228,5,8,0,0,0,1,0,0,0,0,521528447,2166161467,1048575,45453,0,3,-1529.896
521529466,1047,253,0,3931,270,5,8,0,0,0,1,0,0,0,0,521529557,2166161467,1048575,46590,0,3,-1528.849
521530505,1039,253,0,3931,313,5,8,0,0,0,1,0,0,0,0,521530661,2166161467,1048575,47704,0,3,-1527.81
521531529,1024,253,0,3931,331,5,8,0,0,0,1,0,0,0,0,521531617,2166161467,1048575,48646,0,3,-1526.786
521532472,943,253,0,3931,273,5,8,0,0,0,1,0,0,0,0,521532523,2166161467,1048575,49531,0,3,-1525.843
521533440,968,253,0,3931,246,5,8,0,0,0,1,0,0,0,0,521533488,2166161467,1048575,2,0,3,-1524.875
521534472,1032,252,-1,3932,269,6,16,0,0,0,1,0,0,0,0,521534527,2166161467,1048575,484,0,3,-1523.843
521535453,981,252,0,3932,252,6,16,0,0,0,1,0,0,0,0,521535503,2166161467,1048575,1464,0,3,-1522.862
521536447,994,252,0,3932,252,7,16,0,0,0,1,0,0,0,0,521536494,2166161467,1048575,2450,0,3,-1521.868
521537446,999,252,0,3932,246,7,16,0,0,0,1,0,0,0,0,521537491,2166161467,1048575,3453,0,3,-1520.869
521538463,1017,252,0,3932,267,7,16,0,0,0,1,0,0,0,0,521538516,2166161467,1048575,4475,0,3,-1519.852
521539445,982,252,0,3932,249,8,16,0,0,0,1,0,0,0,0,521539489,2166161467,1048575,5451,0,3,-1518.87
521540467,1022,252,0,3932,265,8,16,0,0,0,1,0,0,0,0,521540581,2166161467,1048575,6568,0,3,-1517.848
521541491,1024,252,0,3932,296,8,8,0,0,0,1,0,0,0,0,521541543,2166161467,1048575,7499,0,3,-1516.824
521542434,943,252,0,3932,237,8,8,0,0,0,1,0,0,0,0,521542471,2166161467,1048575,8425,0,3,-1515.881
521543425,991,252,0,3932,232,8,8,0,0,0,1,0,0,0,0,521543458,2166161467,1048575,9411,0,3,-1514.89
521544430,1005,252,0,3932,228,8,16,0,0,0,1,0,0,0,0,521544458,2166161467,1048575,10412,0,3,-1513.885
521545424,994,252,0,3932,232,8,8,0,0,0,1,0,0,0,0,521545456,2166161467,1048575,11410,0,3,-1512.891
521546426,1002,252,0,3932,232,8,8,0,0,0,1,0,0,0,0,521546459,2166161467,1048575,12413,0,3,-1511.889
521547427,1001,252,0,3932,233,8,8,0,0,0,1,0,0,0,0,521547459,2166161467,1048575,13413,0,3,-1510.888
521548418,991,252,0,3932,228,8,8,0,0,0,1,0,0,0,0,521548446,2166161467,1048575,14400,0,3,-1509.897
521549475,1057,252,0,3932,278,8,8,0,0,0,1,0,0,0,0,521549576,2166161467,1048575,15556,0,3,-1508.84
521550506,1031,251,-1,3933,314,9,16,0,0,0,1,0,0,0,0,521550667,2166161467,1048575,16659,0,3,-1507.809
521551535,1029,251,0,3933,339,9,16,0,0,0,1,0,0,0,0,521551623,2166161467,1048575,17601,0,3,-1506.78
521552466,931,251,0,3933,271,9,16,0,0,0,1,0,0,0,0,521552512,2166161467,1048575,18470,0,3,-1505.849
521553445,979,251,0,3933,246,9,16,0,0,0,1,0,0,0,0,521553491,2166161467,1048575,19452,0,3,-1504.87
521554470,1025,251,0,3933,269,10,16,0,0,0,1,0,0,0,0,521554519,2166161467,1048575,20477,0,3,-1503.845
521555437,967,251,0,3933,246,10,16,0,0,0,1,0,0,0,0,521555493,2166161467,1048575,21454,0,3,-1502.878
521556449,1012,251,0,3933,251,10,16,0,0,0,1,0,0,0,0,521556489,2166161467,1048575,22445,0,3,-1501.866
521557447,998,251,0,3933,247,10,16,0,0,0,1,0,0,0,0,521557494,2166161467,1048575,23454,0,3,-1500.868
521558465,1018,251,0,3933,268,11,16,0,0,0,1,0,0,0,0,521558508,2166161467,1048575,24466,0,3,-1499.85
521559441,976,251,0,3933,247,11,16,0,0,0,1,0,0,0,0,521559497,2166161467,1048575,25458,0,3,-1498.874
521560468,1027,251,0,3933,265,11,16,0,0,0,1,0,0,0,0,521560580,2166161467,1048575,26565,0,3,-1497.847
521561484,1016,251,0,3933,293,11,16,0,0,0,1,0,0,0,0,521561535,2166161467,1048575,27491,0,3,-1496.831
521562432,948,251,0,3933,233,11,16,0,0,0,1,0,0,0,0,521562470,2166161467,1048575,28424,0,3,-1495.883
521563424,992,251,0,3933,233,12,16,0,0,0,1,0,0,0,0,521563456,2166161467,1048575,29410,0,3,-1494.891
521564431,1007,250,-1,3934,228,12,24,0,0,0,1,0,0,0,0,521564459,2166161467,1048575,30413,0,3,-1493.884
521565425,994,250,0,3934,233,12,16,0,0,0,1,0,0,0,0,521565457,2166161467,1048575,31410,0,3,-1492.89
521566424,999,250,0,3934,233,12,16,0,0,0,1,0,0,0,0,521566460,2166161467,1048575,32414,0,3,-1491.891
521567428,1004,250,0,3934,233,12,16,0,0,0,1,0,0,0,0,521567460,2166161467,1048575,33413,0,3,-1490.887
521568419,991,250,0,3934,228,13,16,0,0,0,1,0,0,0,0,521568447,2166161467,1048575,34401,0,3,-1489.896
521569475,1056,250,0,3934,279,13,16,0,0,0,1,0,0,0,0,521569576,2166161467,1048575,35558,0,3,-1488.84
521570524,1049,250,0,3934,321,13,16,0,0,0,1,0,0,0,0,521570678,2166161467,1048575,36668,0,3,-1487.791
521571525,1001,250,0,3934,332,13,16,0,0,0,1,0,0,0,0,521571609,2166161467,1048575,37591,0,3,-1486.79
521572464,939,250,0,3934,272,13,16,0,0,0,1,0,0,0,0,521572512,2166161467,1048575,38469,0,3,-1485.851
521573439,975,250,0,3934,244,13,16,0,0,0,1,0,0,0,0,521573488,2166161467,1048575,39449,0,3,-1484.876
521574469,1030,250,0,3934,270,13,16,0,0,0,1,0,0,0,0,521574512,2166161467,1048575,40470,0,3,-1483.846
521575440,971,250,0,3934,247,14,16,0,0,0,1,0,0,0,0,521575494,2166161467,1048575,41454,0,3,-1482.875
521576446,1006,250,0,3934,249,14,16,0,0,0,1,0,0,0,0,521576485,2166161467,1048575,42442,0,3,-1481.869
521577443,997,249,-1,3935,244,14,24,0,0,0,1,0,0,0,0,521577491,2166161467,1048575,43452,0,3,-1480.872
521578459,1016,249,0,3935,269,14,24,0,0,0,1,0,0,0,0,521578503,2166161467,1048575,44462,0,3,-1479.856
521579440,981,249,0,3935,246,15,24,0,0,0,1,0,0,0,0,521579493,2166161467,1048575,45453,0,3,-1478.875
521580450,1010,249,0,3935,259,15,24,0,0,0,1,0,0,0,0,521580564,2166161467,1048575,46554,0,3,-1477.865
521581485,1035,249,0,3935,292,15,16,0,0,0,1,0,0,0,0,521581541,2166161467,1048575,47499,0,3,-1476.83
521582443,958,249,0,3935,241,15,16,0,0,0,1,0,0,0,0,521582484,2166161467,1048575,48439,0,3,-1475.872
521583427,984,249,0,3935,233,15,16,0,0,0,1,0,0,0,0,521583460,2166161467,1048575,49414,0,3,-1474.888
521584423,996,249,0,3935,231,15,16,0,0,0,1,0,0,0,0,521584454,2166161467,1048575,1,0,3,-1473.892
521585429,1006,248,-1,3936,238,16,24,0,0,0,1,0,0,0,0,521585476,2166161467,1048575,497,0,3,-1472.886
521586442,1013,248,0,3936,241,16,24,0,0,0,1,0,0,0,0,521586477,2166161467,1048575,1496,0,3,-1471.873
521587430,988,248,0,3936,234,16,24,0,0,0,1,0,0,0,0,521587465,2166161467,1048575,2485,0,3,-1470.885
521588428,998,248,0,3936,231,16,24,0,0,0,1,0,0,0,0,521588458,2166161467,1048575,3478,0,3,-1469.887
521589485,1057,248,0,3936,290,17,24,0,0,0,1,0,0,0,0,521589573,2166161467,1048575,4617,0,3,-1468.83
521590514,1029,248,0,3936,322,17,24,0,0,0,1,0,0,0,0,521590675,2166161467,1048575,5731,0,3,-1467.801
521591547,1033,248,0,3936,343,17,24,0,0,0,1,0,0,0,0,521591634,2166161467,1048575,6680,0,3,-1466.768
521592475,928,247,-1,3937,271,18,33,0,0,0,1,0,0,0,0,521592525,2166161467,1048575,7548,0,3,-1465.84
521593444,969,247,0,3937,244,19,33,0,0,0,1,0,0,0,0,521593490,2166161467,1048575,8516,0,3,-1464.871
521594472,1028,247,0,3937,270,19,24,0,0,0,1,0,0,0,0,521594520,2166161467,1048575,9543,0,3,-1463.843
521595440,968,247,0,3937,247,19,24,0,0,0,1,0,0,0,0,521595499,2166161467,1048575,10525,0,3,-1462.875
521596448,1008,247,0,3937,253,19,24,0,0,0,1,0,0,0,0,521596488,2166161467,1048575,11509,0,3,-1461.867
521597446,998,247,0,3937,245,19,24,0,0,0,1,0,0,0,0,521597493,2166161467,1048575,12519,0,3,-1460.869
521598466,1020,247,0,3937,269,20,24,0,0,0,1,0,0,0,0,521598512,2166161467,1048575,13533,0,3,-1459.849
521599435,969,246,-1,3938,243,20,31,0,0,0,1,0,0,0,0,521599490,2166161467,1048575,14515,0,3,-1458.88
521600460,1025,246,0,3938,267,20,32,0,0,0,1,0,0,0,0,521600570,2166161467,1048575,15628,0,3,-1457.855
521601490,1030,246,0,3938,298,21,32,0,0,0,1,0,0,0,0,521601543,2166161467,1048575,16565,0,3,-1456.825
521602439,949,246,0,3938,237,21,32,0,0,0,1,0,0,0,0,521602487,2166161467,1048575,17506,0,3,-1455.876
521603429,990,246,0,3938,234,22,32,0,0,0,1,0,0,0,0,521603462,2166161467,1048575,18482,0,3,-1454.886
521604426,997,246,0,3938,231,22,32,0,0,0,1,0,0,0,0,521604460,2166161467,1048575,19479,0,3,-1453.889
521605425,999,246,0,3938,231,22,32,0,0,0,1,0,0,0,0,521605459,2166161467,1048575,20478,0,3,-1452.89
521606435,1010,245,-1,3939,234,23,39,0,0,0,1,0,0,0,0,521606475,2166161467,1048575,21494,0,3,-1451.88
521607429,994,245,0,3939,234,24,39,0,0,0,1,0,0,0,0,521607462,2166161467,1048575,22481,0,3,-1450.886
521608426,997,245,0,3939,232,24,32,0,0,0,1,0,0,0,0,521608459,2166161467,1048575,23479,0,3,-1449.889
521609465,1039,245,0,3939,271,24,33,0,0,0,1,0,0,0,0,521609559,2166161467,1048575,24609,0,3,-1448.85
521610519,1054,245,0,3939,321,25,32,0,0,0,1,0,0,0,0,521610682,2166161467,1048575,25742,0,3,-1447.796
521611523,1004,245,0,3939,332,25,33,0,0,0,1,0,0,0,0,521611607,2166161467,1048575,26652,0,3,-1446.792
521612463,940,244,-1,3940,271,26,41,0,0,0,1,0,0,0,0,521612511,2166161467,1048575,27538,0,3,-1445.852
521613448,985,244,0,3940,244,26,41,0,0,0,1,0,0,0,0,521613498,2166161467,1048575,28524,0,3,-1444.867
521614470,1022,244,0,3940,268,27,41,0,0,0,1,0,0,0,0,521614518,2166161467,1048575,29540,0,3,-1443.845
521615439,969,244,0,3940,246,27,33,0,0,0,1,0,0,0,0,521615495,2166161467,1048575,30521,0,3,-1442.876
521616443,1004,244,0,3940,250,27,33,0,0,0,1,0,0,0,0,521616482,2166161467,1048575,31504,0,3,-1441.872
521617434,991,244,0,3940,243,27,33,0,0,0,1,0,0,0,0,521617481,2166161467,1048575,32507,0,3,-1440.881
521618459,1025,243,-1,3941,268,28,41,0,0,0,1,0,0,0,0,521618500,2166161467,1048575,33520,0,3,-1439.856
521619438,979,243,0,3941,243,28,39,0,0,0,1,0,0,0,0,521619489,2166161467,1048575,34516,0,3,-1438.877
521620464,1026,243,0,3941,261,29,39,0,0,0,1,0,0,0,0,521620573,2166161467,1048575,35624,0,3,-1437.851
521621493,1029,243,0,3941,291,29,39,0,0,0,1,0,0,0,0,521621548,2166161467,1048575,36571,0,3,-1436.822
521622432,939,243,0,3941,241,30,40,0,0,0,1,0,0,0,0,521622474,2166161467,1048575,37493,0,3,-1435.883
521623427,995,242,-1,3942,233,30,39,0,0,0,1,0,0,0,0,521623459,2166161467,1048575,38479,0,3,-1434.888
521624437,1010,242,0,3942,232,30,39,0,0,0,1,1,0,0,0,521624471,2166161467,1048575,39491,0,3,-1433.878
521625420,983,242,0,3942,229,31,39,0,0,0,1,1,0,0,0,521625451,2166161467,1048575,40470,0,3,-1432.895
521626424,1004,242,0,3942,233,31,39,0,0,0,1,1,0,0,0,521626462,2166161467,1048575,41482,0,3,-1431.891
521627429,1005,242,0,3942,230,31,39,0,0,0,1,1,0,0,0,521627460,2166161467,1048575,42480,0,3,-1430.886
521628428,999,241,-1,3943,229,32,47,0,0,0,1,1,0,0,0,521628459,2166161467,1048575,43478,0,3,-1429.887
521629469,1041,241,0,3943,276,32,41,0,0,0,1,1,0,0,0,521629575,2166161467,1048575,44624,0,3,-1428.846
521630523,1054,241,0,3943,322,33,41,0,0,0,1,1,0,0,0,521630673,2166161467,1048575,45727,0,3,-1427.792
521631546,1023,241,0,3943,341,33,41,0,0,0,1,1,0,0,0,521631637,2166161467,1048575,46681,0,3,-1426.769
521632470,924,241,0,3943,274,33,41,0,0,0,1,1,0,0,0,521632523,2166161467,1048575,47547,0,3,-1425.845
521633452,982,241,0,3943,254,34,41,0,0,0,1,1,0,0,0,521633502,2166161467,1048575,48528,0,3,-1424.863
521634478,1026,241,0,3943,272,34,41,0,0,0,1,1,0,0,0,521634533,2166161467,1048575,49558,0,3,-1423.837
521635457,979,240,-1,3944,258,34,49,0,0,0,1,1,0,0,0,521635517,2166161467,1048575,0,0,3,-1422.858
521636456,999,240,0,3944,254,35,41,0,0,0,1,1,0,0,0,521636506,2166161467,1048575,446,0,3,-1421.859
521637466,1010,240,0,3944,261,35,41,0,0,0,1,1,0,0,0,521637522,2166161467,1048575,1465,0,3,-1420.849
521638474,1008,240,0,3944,269,35,41,0,0,0,1,1,0,0,0,521638524,2166161467,1048575,2465,0,3,-1419.841
521639457,983,239,-1,3945,256,36,47,0,0,0,1,1,0,0,0,521639515,2166161467,1048575,3458,0,3,-1418.858
521640459,1002,239,0,3945,261,36,47,0,0,0,1,1,0,0,0,521640576,2166161467,1048575,4545,0,3,-1417.856
521641491,1032,239,0,3945,294,37,47,0,0,0,1,1,0,0,0,521641554,2166161467,1048575,5493,0,3,-1416.824
521642433,942,239,0,3945,236,37,47,0,0,0,1,1,0,0,0,521642477,2166161467,1048575,6412,0,3,-1415.882
521643428,995,239,0,3945,229,37,39,0,0,0,1,1,0,0,0,521643460,2166161467,1048575,7396,0,3,-1414.887
521644426,998,238,-1,3946,228,37,47,0,0,0,1,1,0,0,0,521644459,2166161467,1048575,8394,0,3,-1413.889
521645420,994,238,0,3946,227,38,47,0,0,0,1,1,0,0,0,521645453,2166161467,1048575,9388,0,3,-1412.895
521646425,1005,238,0,3946,234,38,47,0,0,0,1,1,0,0,0,521646466,2166161467,1048575,10401,0,3,-1411.89
521647431,1006,238,0,3946,229,39,47,0,0,0,1,1,0,0,0,521647463,2166161467,1048575,11398,0,3,-1410.884
521648429,998,237,-1,3947,228,39,55,0,0,0,1,1,0,0,0,521648461,2166161467,1048575,12397,0,3,-1409.886
521649480,1051,237,0,3947,276,40,49,0,0,0,1,1,0,0,0,521649555,2166161467,1048575,13512,0,3,-1408.835
521650524,1044,237,0,3947,324,40,49,0,0,0,1,1,0,0,0,521650697,2166161467,1048575,14675,0,3,-1407.791
521651529,1005,237,0,3947,328,40,49,0,0,0,1,1,0,0,0,521651611,2166161467,1048575,15563,0,3,-1406.786
521652466,937,236,-1,3948,274,41,57,0,0,0,1,1,0,0,0,521652520,2166161467,1048575,16465,0,3,-1405.849
521653457,991,236,0,3948,252,41,49,0,0,0,1,1,0,0,0,521653508,2166161467,1048575,17452,0,3,-1404.858
521654479,1022,236,0,3948,276,42,49,0,0,0,1,1,0,0,0,521654530,2166161467,1048575,18472,0,3,-1403.836
521655452,973,236,0,3948,254,42,49,0,0,0,1,1,0,0,0,521655513,2166161467,1048575,19456,0,3,-1402.863
521656448,996,235,-1,3949,257,42,57,0,0,0,1,1,0,0,0,521656494,2166161467,1048575,20436,0,3,-1401.867
521657457,1009,235,0,3949,256,43,57,0,0,0,1,1,0,0,0,521657507,2166161467,1048575,21451,0,3,-1400.858
521658465,1008,235,0,3949,273,43,49,0,0,0,1,1,0,0,0,521658512,2166161467,1048575,22451,0,3,-1399.85
521659446,981,235,0,3949,249,43,47,0,0,0,1,1,0,0,0,521659503,2166161467,1048575,23447,0,3,-1398.869
521660465,1019,235,0,3949,267,44,47,0,0,0,1,1,0,0,0,521660580,2166161467,1048575,24556,0,3,-1397.85
521661494,1029,234,-1,3950,296,44,55,0,0,0,1,1,0,0,0,521661551,2166161467,1048575,25490,0,3,-1396.821
521662432,938,234,0,3950,237,44,55,0,0,0,1,1,0,0,0,521662475,2166161467,1048575,26410,0,3,-1395.883
521663424,992,234,0,3950,230,45,55,0,0,0,1,1,0,0,0,521663455,2166161467,1048575,27390,0,3,-1394.891
521664433,1009,233,-1,3951,229,46,63,0,0,0,1,1,0,0,0,521664464,2166161467,1048575,28400,0,3,-1393.882
521665430,997,233,0,3951,229,46,63,0,0,0,1,1,0,0,0,521665461,2166161467,1048575,29396,0,3,-1392.885
521666437,1007,233,0,3951,233,47,55,0,0,0,1,1,0,0,0,521666474,2166161467,1048575,30409,0,3,-1391.878
521667422,985,233,0,3951,230,47,55,0,0,0,1,1,0,0,0,521667453,2166161467,1048575,31389,0,3,-1390.893
521668432,1010,232,-1,3952,229,48,63,0,0,0,1,1,0,0,0,521668463,2166161467,1048575,32399,0,3,-1389.883
521669486,1054,232,0,3952,280,48,57,0,0,0,1,1,0,0,0,521669586,2166161467,1048575,33548,0,3,-1388.829
521670512,1026,232,0,3952,315,48,57,0,0,0,1,1,0,0,0,521670660,2166161467,1048575,34630,0,3,-1387.803
521671546,1034,232,0,3952,343,49,57,0,0,0,1,1,0,0,0,521671644,2166161467,1048575,35601,0,3,-1386.769
521672473,927,231,-1,3953,277,49,65,0,0,0,1,1,0,0,0,521672526,2166161467,1048575,36467,0,3,-1385.842
521673458,985,231,0,3953,253,50,65,0,0,0,1,1,0,0,0,521673507,2166161467,1048575,37451,0,3,-1384.857
521674463,1005,231,0,3953,271,50,57,0,0,0,1,1,0,0,0,521674513,2166161467,1048575,38454,0,3,-1383.852
521675460,997,230,-1,3954,256,51,65,0,0,0,1,1,0,0,0,521675519,2166161467,1048575,39463,0,3,-1382.855
521676459,999,230,0,3954,255,51,65,0,0,0,1,1,0,0,0,521676507,2166161467,1048575,40448,0,3,-1381.856
521677448,989,230,0,3954,255,52,65,0,0,0,1,1,0,0,0,521677495,2166161467,1048575,41438,0,3,-1380.867
521678466,1018,229,-1,3955,270,52,65,0,0,0,1,1,0,0,0,521678517,2166161467,1048575,42459,0,3,-1379.849
521679455,989,229,0,3955,256,53,63,0,0,0,1,1,0,0,0,521679507,2166161467,1048575,43451,0,3,-1378.86
521680459,1004,229,0,3955,261,53,63,0,0,0,1,1,0,0,0,521680578,2166161467,1048575,44543,0,3,-1377.856
521681497,1038,228,-1,3956,295,54,71,0,0,0,1,1,0,0,0,521681553,2166161467,1048575,45492,0,3,-1376.818
521682431,934,228,0,3956,234,55,71,0,0,0,1,1,0,0,0,521682475,2166161467,1048575,46410,0,3,-1375.884
521683422,991,228,0,3956,229,55,63,0,0,0,1,1,0,0,0,521683454,2166161467,1048575,47390,0,3,-1374.893
521684433,1011,228,0,3956,229,55,63,0,0,0,1,1,0,0,0,521684464,2166161467,1048575,48400,0,3,-1373.882
521685430,997,228,0,3956,228,55,63,0,0,0,1,1,0,0,0,521685461,2166161467,1048575,49397,0,3,-1372.885
521686430,1000,227,-1,3957,235,56,71,0,0,0,1,1,0,0,0,521686470,2166161467,1048575,1,0,3,-1371.885
521687442,1012,227,0,3957,246,56,63,0,0,0,1,1,0,0,0,521687487,2166161467,1048575,489,0,3,-1370.873
521688437,995,226,-1,3958,235,57,71,0,0,0,1,1,0,0,0,521688474,2166161467,1048575,1474,0,3,-1369.878
521689527,1090,226,0,3958,316,58,73,0,0,0,1,1,0,0,0,521689612,2166161467,1048575,2624,0,3,-1368.788
521690560,1033,226,0,3958,361,58,73,0,0,0,1,1,0,0,0,521690729,2166161467,1048575,3772,0,3,-1367.755
521691569,1009,225,-1,3959,371,59,73,0,0,0,1,1,0,0,0,521691640,2166161467,1048575,4650,0,3,-1366.746
521692453,884,225,0,3959,256,59,73,0,0,0,1,1,0,0,0,521692504,2166161467,1048575,5509,0,3,-1365.862
521693446,993,225,0,3959,253,60,73,0,0,0,1,1,0,0,0,521693495,2166161467,1048575,6500,0,3,-1364.869
521694455,1009,224,-1,3960,263,60,73,0,0,0,1,1,0,0,0,521694506,2166161467,1048575,7510,0,3,-1363.86
521695460,1005,224,0,3960,259,61,73,0,0,0,1,1,0,0,0,521695512,2166161467,1048575,8519,0,3,-1362.855
521696444,984,223,-1,3961,249,62,81,0,0,0,1,1,0,0,0,521696486,2166161467,1048575,9489,0,3,-1361.871
521697443,999,223,0,3961,252,62,81,0,0,0,1,1,0,0,0,521697490,2166161467,1048575,10495,0,3,-1360.872
521698448,1005,223,0,3961,255,63,73,0,0,0,1,1,0,0,0,521698498,2166161467,1048575,11503,0,3,-1359.867
521699450,1002,222,-1,3962,258,63,79,0,0,0,1,1,0,0,0,521699499,2166161467,1048575,12504,0,3,-1358.865
521700467,1017,222,0,3962,275,64,79,0,0,0,1,1,0,0,0,521700549,2166161467,1048575,13565,0,3,-1357.848
521701496,1029,222,0,3962,295,65,79,0,0,0,1,1,0,0,0,521701536,2166161467,1048575,14538,0,3,-1356.819
521702438,942,221,-1,3963,233,66,87,0,0,0,1,1,0,0,0,521702483,2166161467,1048575,15482,0,3,-1355.877
521703433,995,221,0,3963,231,66,79,0,0,0,1,1,0,0,0,521703464,2166161467,1048575,16463,0,3,-1354.882
521704428,995,220,-1,3964,228,67,87,0,0,0,1,1,0,0,0,521704460,2166161467,1048575,17460,0,3,-1353.887
521705426,998,220,0,3964,229,68,87,0,0,0,1,1,0,0,0,521705457,2166161467,1048575,18456,0,3,-1352.889
521706422,996,220,0,3964,232,68,79,0,0,0,1,1,0,0,0,521706458,2166161467,1048575,19458,0,3,-1351.893
521707425,1003,220,0,3964,232,68,79,0,0,0,1,1,0,0,0,521707456,2166161467,1048575,20456,0,3,-1350.89
521708434,1009,219,-1,3965,229,69,87,0,0,0,1,1,0,0,0,521708466,2166161467,1048575,21465,0,3,-1349.881
521709509,1075,219,0,3965,307,70,81,0,0,0,1,1,0,0,0,521709602,2166161467,1048575,22620,0,3,-1348.806
521710562,1053,218,-1,3966,371,71,89,0,0,0,1,1,0,0,0,521710722,2166161467,1048575,23761,0,3,-1347.753
521711548,986,218,0,3966,357,71,81,0,0,0,1,1,0,0,0,521711631,2166161467,1048575,24645,0,3,-1346.767
521712470,922,218,0,3966,268,71,81,0,0,0,1,1,0,0,0,521712523,2166161467,1048575,25528,0,3,-1345.845
521713455,985,217,-1,3967,253,72,89,0,0,0,1,1,0,0,0,521713508,2166161467,1048575,26514,0,3,-1344.86
521714470,1015,217,0,3967,267,73,89,0,0,0,1,1,0,0,0,521714523,2166161467,1048575,27525,0,3,-1343.845
521715462,992,216,-1,3968,261,74,98,0,0,0,1,1,0,0,0,521715510,2166161467,1048575,28516,0,3,-1342.853
521716458,996,216,0,3968,254,74,89,0,0,0,1,1,0,0,0,521716506,2166161467,1048575,29510,0,3,-1341.857
521717455,997,215,-1,3969,257,75,98,0,0,0,1,1,0,0,0,521717502,2166161467,1048575,30507,0,3,-1340.86
521718455,1000,215,0,3969,262,76,89,0,0,0,1,1,0,0,0,521718506,2166161467,1048575,31511,0,3,-1339.86
521719466,1011,214,-1,3970,261,76,94,0,0,0,1,1,0,0,0,521719515,2166161467,1048575,32520,0,3,-1338.849
521720479,1013,214,0,3970,274,77,95,0,0,0,1,1,0,0,0,521720561,2166161467,1048575,33577,0,3,-1337.836
521721502,1023,213,-1,3971,302,78,103,0,0,0,1,1,0,0,0,521721548,2166161467,1048575,34555,0,3,-1336.813
521722435,933,213,0,3971,233,79,95,0,0,0,1,1,0,0,0,521722477,2166161467,1048575,35476,0,3,-1335.88
521723431,996,213,0,3971,231,79,95,0,0,0,1,1,0,0,0,521723463,2166161467,1048575,36463,0,3,-1334.884
521724428,997,212,-1,3972,228,80,102,0,0,0,1,1,0,0,0,521724460,2166161467,1048575,37459,0,3,-1333.887
521725422,994,212,0,3972,229,81,95,0,0,0,1,1,0,0,0,521725453,2166161467,1048575,38452,0,3,-1332.893
521726435,1013,212,0,3972,231,81,95,0,0,0,1,1,0,0,0,521726473,2166161467,1048575,39472,0,3,-1331.88
521727423,988,211,-1,3973,232,82,95,0,0,0,1,1,0,0,0,521727454,2166161467,1048575,40453,0,3,-1330.892
521728431,1008,211,0,3973,228,82,95,0,0,0,1,1,0,0,0,521728463,2166161467,1048575,41463,0,3,-1329.884
521729495,1064,210,-1,3974,301,83,98,0,0,0,1,1,0,0,0,521729588,2166161467,1048575,42602,0,3,-1328.82
521730575,1080,209,-1,3975,384,84,105,0,0,0,1,1,0,0,0,521730757,2166161467,1048575,43802,0,3,-1327.74
521731563,988,209,0,3975,365,85,106,0,0,0,1,1,0,0,0,521731631,2166161467,1048575,44637,0,3,-1326.752
521732452,889,209,0,3975,261,85,98,0,0,0,1,1,0,0,0,521732495,2166161467,1048575,45501,0,3,-1325.863
521733454,1002,208,-1,3976,252,86,106,0,0,0,1,1,0,0,0,521733502,2166161467,1048575,46506,0,3,-1324.861
521734458,1004,208,0,3976,263,87,98,0,0,0,1,1,0,0,0,521734511,2166161467,1048575,47513,0,3,-1323.857
521735459,1001,207,-1,3977,256,87,106,0,0,0,1,1,0,0,0,521735504,2166161467,1048575,48510,0,3,-1322.856
521736460,1001,207,0,3977,255,88,106,0,0,0,1,1,0,0,0,521736503,2166161467,1048575,49505,0,3,-1321.855
521737455,995,206,-1,3978,253,89,114,0,0,0,1,1,0,0,0,521737500,2166161467,1048575,1,0,3,-1320.86
521738447,992,206,0,3978,252,90,106,0,0,0,1,1,0,0,0,521738499,2166161467,1048575,454,0,3,-1319.868
521739463,1016,205,-1,3979,260,91,110,0,0,0,1,1,0,0,0,521739508,2166161467,1048575,1460,0,3,-1318.852
521740480,1017,205,0,3979,289,91,110,0,0,0,1,1,0,0,0,521740565,2166161467,1048575,2534,0,3,-1317.835
521741494,1014,204,-1,3980,292,92,110,0,0,0,1,1,0,0,0,521741533,2166161467,1048575,3484,0,3,-1316.821
521742436,942,204,0,3980,235,93,111,0,0,0,1,1,0,0,0,521742478,2166161467,1048575,4428,0,3,-1315.879
521743432,996,203,-1,3981,232,94,118,0,0,0,1,1,0,0,0,521743463,2166161467,1048575,5413,0,3,-1314.883
521744428,996,203,0,3981,228,94,110,0,0,0,1,1,0,0,0,521744460,2166161467,1048575,6409,0,3,-1313.887
521745422,994,202,-1,3982,229,95,118,0,0,0,1,1,0,0,0,521745453,2166161467,1048575,7402,0,3,-1312.893
521746434,1012,202,0,3982,230,96,110,0,0,0,1,1,0,0,0,521746471,2166161467,1048575,8420,0,3,-1311.881
521747438,1004,201,-1,3983,232,97,118,0,0,0,1,1,0,0,0,521747470,2166161467,1048575,9419,0,3,-1310.877
521748432,994,201,0,3983,229,97,110,0,0,0,1,1,0,0,0,521748463,2166161467,1048575,10413,0,3,-1309.883
521749497,1065,200,-1,3984,290,98,114,0,0,0,1,1,0,0,0,521749587,2166161467,1048575,11553,0,3,-1308.818
521750582,1085,200,0,3984,390,99,114,0,0,0,1,1,0,0,0,521750760,2166161467,1048575,12743,0,3,-1307.733
521751551,969,199,-1,3985,360,99,114,0,0,0,1,1,0,0,0,521751621,2166161467,1048575,13579,0,3,-1306.764
521752470,919,199,0,3985,265,100,114,0,0,0,1,1,0,0,0,521752521,2166161467,1048575,14478,0,3,-1305.845
521753447,977,198,-1,3986,254,101,122,0,0,0,1,1,0,0,0,521753493,2166161467,1048575,15447,0,3,-1304.868
521754453,1006,198,0,3986,262,101,114,0,0,0,1,1,0,0,0,521754511,2166161467,1048575,16463,0,3,-1303.862
521755463,1010,197,-1,3987,260,102,122,0,0,0,1,1,0,0,0,521755511,2166161467,1048575,17468,0,3,-1302.852
521756449,986,197,0,3987,257,103,122,0,0,0,1,1,0,0,0,521756495,2166161467,1048575,18447,0,3,-1301.866
521757454,1005,196,-1,3988,253,103,122,0,0,0,1,1,0,0,0,521757502,2166161467,1048575,19455,0,3,-1300.861
521758451,997,196,0,3988,254,104,122,0,0,0,1,1,0,0,0,521758501,2166161467,1048575,20455,0,3,-1299.864
521759466,1015,195,-1,3989,260,105,126,0,0,0,1,1,0,0,0,521759511,2166161467,1048575,21465,0,3,-1298.849
521760508,1042,194,-1,3990,307,106,126,0,0,0,1,1,0,0,0,521760581,2166161467,1048575,22547,0,3,-1297.807
521761500,992,194,0,3990,296,106,118,0,0,0,1,1,0,0,0,521761545,2166161467,1048575,23499,0,3,-1296.815
521762439,939,193,-1,3991,240,107,127,0,0,0,1,1,0,0,0,521762485,2166161467,1048575,24434,0,3,-1295.876
521763421,982,192,-1,3992,231,108,134,0,0,0,1,1,0,0,0,521763452,2166161467,1048575,25402,0,3,-1294.894
521764432,1011,192,0,3992,228,109,126,0,0,0,1,1,0,0,0,521764464,2166161467,1048575,26413,0,3,-1293.883
521765429,997,191,-1,3993,228,110,134,0,0,0,1,1,0,0,0,521765460,2166161467,1048575,27410,0,3,-1292.886
521766434,1005,191,0,3993,231,111,126,0,0,0,1,1,0,0,0,521766471,2166161467,1048575,28421,0,3,-1291.881
521767423,989,190,-1,3994,231,111,134,0,0,0,1,1,0,0,0,521767454,2166161467,1048575,29404,0,3,-1290.892
521768434,1011,190,0,3994,228,112,126,0,0,0,1,1,0,0,0,521768465,2166161467,1048575,30415,0,3,-1289.881
521769500,1066,189,-1,3995,301,113,130,0,0,0,1,1,0,0,0,521769597,2166161467,1048575,31562,0,3,-1288.815
521770581,1081,188,-1,3996,386,114,138,0,0,0,1,1,0,0,0,521770749,2166161467,1048575,32746,0,3,-1287.734
521771541,960,188,0,3996,350,114,130,0,0,0,1,1,0,0,0,521771624,2166161467,1048575,33580,0,3,-1286.774
521772451,910,187,-1,3997,259,115,138,0,0,0,1,1,0,0,0,521772499,2166161467,1048575,34455,0,3,-1285.864
521773450,999,187,0,3997,259,116,130,0,0,0,1,1,0,0,0,521773502,2166161467,1048575,35456,0,3,-1284.865
521774461,1011,186,-1,3998,259,117,138,0,0,0,1,1,0,0,0,521774512,2166161467,1048575,36464,0,3,-1283.854
521775462,1001,186,0,3998,263,117,130,0,0,0,1,1,0,0,0,521775509,2166161467,1048575,37464,0,3,-1282.853
521776453,991,185,-1,3999,251,118,138,0,0,0,1,1,0,0,0,521776498,2166161467,1048575,38451,0,3,-1281.862
521777453,1000,184,-1,4000,254,119,138,0,0,0,1,1,0,0,0,521777500,2166161467,1048575,39455,0,3,-1280.862
521778455,1002,184,0,4000,259,120,138,0,0,0,1,1,0,0,0,521778504,2166161467,1048575,40459,0,3,-1279.86
521779458,1003,183,-1,4001,259,121,142,0,0,0,1,1,0,0,0,521779505,2166161467,1048575,41459,0,3,-1278.857
521780492,1034,182,-1,4002,291,121,142,0,0,0,1,1,0,0,0,521780571,2166161467,1048575,42541,0,3,-1277.823
521781502,1010,182,0,4002,297,122,142,0,0,0,1,1,0,0,0,521781542,2166161467,1048575,43493,0,3,-1276.813
521782432,930,181,-1,4003,233,123,142,0,0,0,1,1,0,0,0,521782474,2166161467,1048575,44424,0,3,-1275.883
521783434,1002,180,-1,4004,232,124,150,0,0,0,1,1,0,0,0,521783466,2166161467,1048575,45415,0,3,-1274.881
521784433,999,180,0,4004,229,125,142,0,0,0,1,1,0,0,0,521784464,2166161467,1048575,46414,0,3,-1273.882
521785431,998,179,-1,4005,229,126,150,0,0,0,1,1,0,0,0,521785462,2166161467,1048575,47411,0,3,-1272.884
521786421,990,179,0,4005,231,126,142,0,0,0,1,1,0,0,0,521786458,2166161467,1048575,48407,0,3,-1271.894
521787431,1010,178,-1,4006,232,127,150,0,0,0,1,1,0,0,0,521787462,2166161467,1048575,49412,0,3,-1270.884
521788431,1000,177,-1,4007,229,128,150,0,0,0,1,1,0,0,0,521788462,2166161467,1048575,2,0,3,-1269.884
521789518,1087,177,0,4007,321,129,146,0,0,0,1,1,0,0,0,521789640,2166161467,1048575,622,0,3,-1268.797
521790533,1015,176,-1,4008,333,130,146,0,0,0,1,1,0,0,0,521790675,2166161467,1048575,1679,0,3,-1267.782
521791535,1002,175,-1,4009,336,131,154,0,0,0,1,1,0,0,0,521791632,2166161467,1048575,2618,0,3,-1266.78
521792485,950,175,0,4009,279,131,146,0,0,0,1,1,0,0,0,521792534,2166161467,1048575,3507,0,3,-1265.83
521793446,961,174,-1,4010,251,132,146,0,0,0,1,1,0,0,0,521793498,2166161467,1048575,4473,0,3,-1264.869
521794464,1018,173,-1,4011,272,133,154,0,0,0,1,1,0,0,0,521794514,2166161467,1048575,5487,0,3,-1263.851
521795455,991,172,-1,4012,256,133,154,0,0,0,1,1,0,0,0,521795515,2166161467,1048575,6490,0,3,-1262.86
521796463,1008,172,0,4012,260,134,154,0,0,0,1,1,0,0,0,521796511,2166161467,1048575,7486,0,3,-1261.852
521797449,986,171,-1,4013,254,135,154,0,0,0,1,1,0,0,0,521797498,2166161467,1048575,8473,0,3,-1260.866
521798474,1025,171,0,4013,271,136,154,0,0,0,1,1,0,0,0,521798523,2166161467,1048575,9496,0,3,-1259.841
521799449,975,170,-1,4014,250,137,157,0,0,0,1,1,0,0,0,521799502,2166161467,1048575,10477,0,3,-1258.866
521800475,1026,169,-1,4015,274,138,158,0,0,0,1,1,0,0,0,521800586,2166161467,1048575,11584,0,3,-1257.84
521801503,1028,168,-1,4016,299,138,158,0,0,0,1,1,0,0,0,521801565,2166161467,1048575,12535,0,3,-1256.812
521802432,929,168,0,4016,238,139,158,0,0,0,1,1,0,0,0,521802476,2166161467,1048575,13442,0,3,-1255.883
521803432,1000,167,-1,4017,229,140,158,0,0,0,1,1,0,0,0,521803466,2166161467,1048575,14433,0,3,-1254.883
521804434,1002,166,-1,4018,229,141,165,0,0,0,1,1,0,0,0,521804465,2166161467,1048575,15432,0,3,-1253.881
521805432,998,166,0,4018,229,141,158,0,0,0,1,1,0,0,0,521805463,2166161467,1048575,16429,0,3,-1252.883
521806426,994,165,-1,4019,234,142,166,0,0,0,1,1,0,0,0,521806461,2166161467,1048575,17427,0,3,-1251.889
521807433,1007,164,-1,4020,230,143,165,0,0,0,1,1,0,0,0,521807466,2166161467,1048575,18432,0,3,-1250.882
521808433,1000,163,-1,4021,228,144,165,0,0,0,1,1,0,0,0,521808465,2166161467,1048575,19432,0,3,-1249.882
521809508,1075,163,0,4021,304,145,162,0,0,0,1,1,0,0,0,521809598,2166161467,1048575,20581,0,3,-1248.807
521810567,1059,162,-1,4022,373,146,162,0,0,0,1,1,0,0,0,521810733,2166161467,1048575,21749,0,3,-1247.748
521811561,994,161,-1,4023,357,147,171,0,0,0,1,1,0,0,0,521811634,2166161467,1048575,22609,0,3,-1246.754
521812468,907,161,0,4023,262,147,163,0,0,0,1,1,0,0,0,521812522,2166161467,1048575,23498,0,3,-1245.847
521813449,981,160,-1,4024,256,148,163,0,0,0,1,1,0,0,0,521813496,2166161467,1048575,24467,0,3,-1244.866
521814456,1007,159,-1,4025,261,149,171,0,0,0,1,1,0,0,0,521814513,2166161467,1048575,25485,0,3,-1243.859
521815457,1001,158,-1,4026,259,150,171,0,0,0,1,1,0,0,0,521815504,2166161467,1048575,26476,0,3,-1242.858
521816449,992,157,-1,4027,257,151,179,0,0,0,1,1,0,0,0,521816495,2166161467,1048575,27467,0,3,-1241.866
521817456,1007,157,0,4027,259,152,171,0,0,0,1,1,0,0,0,521817504,2166161467,1048575,28476,0,3,-1240.859
521818450,994,156,-1,4028,259,152,171,0,0,0,1,1,0,0,0,521818501,2166161467,1048575,29474,0,3,-1239.865
521819463,1013,155,-1,4029,261,153,173,0,0,0,1,1,0,0,0,521819512,2166161467,1048575,30484,0,3,-1238.852
521820478,1015,155,0,4029,285,154,173,0,0,0,1,1,0,0,0,521820557,2166161467,1048575,31542,0,3,-1237.837
521821510,1032,154,-1,4030,305,155,173,0,0,0,1,1,0,0,0,521821553,2166161467,1048575,32522,0,3,-1236.805
521822441,931,153,-1,4031,236,155,174,0,0,0,1,1,0,0,0,521822486,2166161467,1048575,33453,0,3,-1235.874
521823426,985,152,-1,4032,231,156,181,0,0,0,1,1,0,0,0,521823457,2166161467,1048575,34423,0,3,-1234.889
521824424,998,151,-1,4033,229,157,181,0,0,0,1,1,0,0,0,521824455,2166161467,1048575,35422,0,3,-1233.891
521825423,999,151,0,4033,229,158,173,0,0,0,1,1,0,0,0,521825454,2166161467,1048575,36420,0,3,-1232.892
521826423,1000,150,-1,4034,231,159,173,0,0,0,1,1,0,0,0,521826460,2166161467,1048575,37426,0,3,-1231.892
521827434,1011,149,-1,4035,232,160,181,0,0,0,1,1,0,0,0,521827465,2166161467,1048575,38432,0,3,-1230.881
521828432,998,148,-1,4036,229,160,181,0,0,0,1,1,0,0,0,521828463,2166161467,1048575,39430,0,3,-1229.883
521829499,1067,148,0,4036,298,161,179,0,0,0,1,1,0,0,0,521829592,2166161467,1048575,40574,0,3,-1228.816
521830586,1087,147,-1,4037,383,162,178,0,0,0,1,1,0,0,0,521830750,2166161467,1048575,41760,0,3,-1227.729
521831560,974,146,-1,4038,358,163,179,0,0,0,1,1,0,0,0,521831639,2166161467,1048575,42614,0,3,-1226.755
521832462,902,145,-1,4039,259,163,187,0,0,0,1,1,0,0,0,521832512,2166161467,1048575,43488,0,3,-1225.853
521833448,986,144,-1,4040,255,164,187,0,0,0,1,1,0,0,0,521833496,2166161467,1048575,44467,0,3,-1224.867
521834450,1002,144,0,4040,258,165,179,0,0,0,1,1,0,0,0,521834504,2166161467,1048575,45476,0,3,-1223.865
521835465,1015,143,-1,4041,261,166,187,0,0,0,1,1,0,0,0,521835512,2166161467,1048575,46485,0,3,-1222.85
521836444,979,142,-1,4042,249,167,187,0,0,0,1,1,0,0,0,521836490,2166161467,1048575,47464,0,3,-1221.871
521837459,1015,141,-1,4043,258,167,187,0,0,0,1,1,0,0,0,521837507,2166161467,1048575,48478,0,3,-1220.856
521838446,987,140,-1,4044,256,168,187,0,0,0,1,1,0,0,0,521838495,2166161467,1048575,49469,0,3,-1219.869
521839464,1018,139,-1,4045,263,169,189,0,0,0,1,1,0,0,0,521839509,2166161467,1048575,1,0,3,-1218.851
521840478,1014,138,-1,4046,277,170,197,0,0,0,1,1,0,0,0,521840581,2166161467,1048575,545,0,3,-1217.837
521841511,1033,137,-1,4047,307,171,197,0,0,0,1,1,0,0,0,521841559,2166161467,1048575,1507,0,3,-1216.804
521842441,930,137,0,4047,237,172,190,0,0,0,1,1,0,0,0,521842482,2166161467,1048575,2427,0,3,-1215.874
521843436,995,136,-1,4048,231,173,197,0,0,0,1,1,0,0,0,521843469,2166161467,1048575,3414,0,3,-1214.879
521844421,985,135,-1,4049,230,174,197,0,0,0,1,1,0,0,0,521844452,2166161467,1048575,4398,0,3,-1213.894
521845419,998,134,-1,4050,229,175,197,0,0,0,1,1,0,0,0,521845450,2166161467,1048575,5395,0,3,-1212.896
521846437,1018,133,-1,4051,231,176,197,0,0,0,1,1,0,0,0,521846473,2166161467,1048575,6419,0,3,-1211.878
521847430,993,132,-1,4052,231,176,197,0,0,0,1,1,0,0,0,521847462,2166161467,1048575,7407,0,3,-1210.885
521848431,1001,132,0,4052,229,177,197,0,0,0,1,1,0,0,0,521848463,2166161467,1048575,8409,0,3,-1209.884
521849495,1064,131,-1,4053,300,178,195,0,0,0,1,1,0,0,0,521849588,2166161467,1048575,9551,0,3,-1208.82
521850601,1106,130,-1,4054,400,179,203,0,0,0,1,1,0,0,0,521850783,2166161467,1048575,10762,0,3,-1207.714
521851567,966,129,-1,4055,362,180,203,0,0,0,1,1,0,0,0,521851636,2166161467,1048575,11589,0,3,-1206.748
521852469,902,128,-1,4056,269,181,203,0,0,0,1,1,0,0,0,521852519,2166161467,1048575,12473,0,3,-1205.846
521853446,977,127,-1,4057,256,182,203,0,0,0,1,1,0,0,0,521853494,2166161467,1048575,13444,0,3,-1204.869
521854452,1006,126,-1,4058,259,182,203,0,0,0,1,1,0,0,0,521854507,2166161467,1048575,14457,0,3,-1203.863
521855466,1014,125,-1,4059,262,184,211,0,0,0,1,1,0,0,0,521855513,2166161467,1048575,15465,0,3,-1202.849
521856445,979,124,-1,4060,251,185,211,0,0,0,1,1,0,0,0,521856490,2166161467,1048575,16440,0,3,-1201.87
521857455,1010,123,-1,4061,258,186,211,0,0,0,1,1,0,0,0,521857501,2166161467,1048575,17452,0,3,-1200.86
521858452,997,123,0,4061,254,186,203,0,0,0,1,1,0,0,0,521858501,2166161467,1048575,18452,0,3,-1199.863
521859457,1005,122,-1,4062,259,187,205,0,0,0,1,1,0,0,0,521859502,2166161467,1048575,19452,0,3,-1198.858
521860494,1037,121,-1,4063,293,188,213,0,0,0,1,1,0,0,0,521860569,2166161467,1048575,20534,0,3,-1197.821
521861491,997,120,-1,4064,295,189,213,0,0,0,1,1,0,0,0,521861533,2166161467,1048575,21481,0,3,-1196.824
521862437,946,119,-1,4065,233,190,213,0,0,0,1,1,0,0,0,521862478,2166161467,1048575,22424,0,3,-1195.878
521863436,999,118,-1,4066,231,191,213,0,0,0,1,1,0,0,0,521863468,2166161467,1048575,23414,0,3,-1194.879
521864418,982,117,-1,4067,228,192,213,0,0,0,1,1,0,0,0,521864450,2166161467,1048575,24396,0,3,-1193.897
521865433,1015,116,-1,4068,229,193,221,0,0,0,1,1,0,0,0,521865464,2166161467,1048575,25410,0,3,-1192.882
521866422,989,115,-1,4069,231,194,221,0,0,0,1,1,0,0,0,521866459,2166161467,1048575,26404,0,3,-1191.893
521867531,1109,115,0,4069,329,195,211,0,0,0,1,3,0,0,0,521867627,2166161467,1048575,27591,0,3,-1190.784
521868428,897,114,-1,4070,229,195,213,0,0,0,1,3,0,0,0,521868458,2166161467,1048575,28405,0,3,-1189.887
521869496,1068,113,-1,4071,293,196,211,0,0,0,1,3,0,0,0,521869602,2166161467,1048575,29577,0,3,-1188.819
521870530,1034,112,-1,4072,336,197,211,0,0,0,1,3,0,0,0,521870656,2166161467,1048575,30631,0,3,-1187.785
521871532,1002,111,-1,4073,331,197,211,0,0,0,1,3,0,0,0,521871631,2166161467,1048575,31598,0,3,-1186.783
521872484,952,110,-1,4074,280,198,219,0,0,0,1,3,0,0,0,521872533,2166161467,1048575,32483,0,3,-1185.831
521873445,961,109,-1,4075,244,199,220,0,0,0,1,3,0,0,0,521873491,2166161467,1048575,33443,0,3,-1184.87
521874462,1017,108,-1,4076,270,200,219,0,0,0,1,3,0,0,0,521874514,2166161467,1048575,34465,0,3,-1183.853
521875449,987,107,-1,4077,253,201,220,0,0,0,1,3,0,0,0,521875505,2166161467,1048575,35458,0,3,-1182.866
521876443,994,106,-1,4078,252,201,220,0,0,0,1,3,0,0,0,521876485,2166161467,1048575,36435,0,3,-1181.872
521877449,1006,105,-1,4079,248,202,220,0,0,0,1,3,0,0,0,521877500,2166161467,1048575,37452,0,3,-1180.866
521878461,1012,104,-1,4080,270,203,228,0,0,0,1,3,0,0,0,521878510,2166161467,1048575,38460,0,3,-1179.854
521879448,987,103,-1,4081,251,204,228,0,0,0,1,3,0,0,0,521879499,2166161467,1048575,39451,0,3,-1178.867
521880474,1026,102,-1,4082,271,205,229,0,0,0,1,3,0,0,0,521880590,2166161467,1048575,40564,0,3,-1177.841
521881488,1014,101,-1,4083,294,206,229,0,0,0,1,3,0,0,0,521881538,2166161467,1048575,41484,0,3,-1176.827
521882422,934,100,-1,4084,231,207,229,0,0,0,1,3,0,0,0,521882462,2166161467,1048575,42408,0,3,-1175.893
521883430,1008,99,-1,4085,229,208,229,0,0,0,1,3,0,0,0,521883462,2166161467,1048575,43406,0,3,-1174.885
521884423,993,98,-1,4086,227,208,229,0,0,0,1,3,0,0,0,521884451,2166161467,1048575,44396,0,3,-1173.892
521885430,1007,97,-1,4087,228,209,229,0,0,0,1,3,0,0,0,521885461,2166161467,1048575,45405,0,3,-1172.885
521886422,992,96,-1,4088,233,210,229,0,0,0,1,3,0,0,0,521886457,2166161467,1048575,46402,0,3,-1171.893
521887423,1001,95,-1,4089,229,211,229,0,0,0,1,3,0,0,0,521887454,2166161467,1048575,47398,0,3,-1170.892
521888428,1005,94,-1,4090,226,211,229,0,0,0,1,3,0,0,0,521888456,2166161467,1048575,48402,0,3,-1169.887
521889494,1066,93,-1,4091,286,212,236,0,0,0,1,3,0,0,0,521889583,2166161467,1048575,49545,0,3,-1168.821
521890595,1101,92,-1,4092,404,213,235,0,0,0,1,3,0,0,0,521890764,2166161467,1048575,1,0,3,-1167.72
521891835,1240,91,-1,4093,337,214,233,0,0,0,1,3,0,0,0,521891932,2166161467,1048575,551,0,3,-1166.48
521892456,621,90,-1,4094,261,215,236,0,0,0,1,3,0,0,0,521892506,2166161467,1048575,1111,0,3,-1165.859
521893449,993,89,-1,4095,257,216,236,0,0,0,1,3,0,0,0,521893502,2166161467,1048575,2104,0,3,-1164.866
521894472,1023,88,-1,4096,273,217,236,0,0,0,1,3,0,0,0,521894525,2166161467,1048575,3127,0,3,-1163.843
521895453,981,87,-1,4097,258,217,236,0,0,0,1,3,0,0,0,521895508,2166161467,1048575,4111,0,3,-1162.862
521896443,990,86,-1,4098,253,218,236,0,0,0,1,3,0,0,0,521896486,2166161467,1048575,5089,0,3,-1161.872
521897456,1013,85,-1,4099,256,219,236,0,0,0,1,3,0,0,0,521897508,2166161467,1048575,6110,0,3,-1160.859
521898461,1005,84,-1,4100,267,220,244,0,0,0,1,3,0,0,0,521898509,2166161467,1048575,7111,0,3,-1159.854
521899446,985,83,-1,4101,254,221,244,0,0,0,1,3,0,0,0,521899501,2166161467,1048575,8105,0,3,-1158.869
521900482,1036,82,-1,4102,291,222,244,0,0,0,1,3,0,0,0,521900555,2166161467,1048575,9168,0,3,-1157.833
521901501,1019,81,-1,4103,310,223,244,0,0,0,1,3,0,0,0,521901558,2166161467,1048575,10156,0,3,-1156.814
521902436,935,80,-1,4104,236,223,245,0,0,0,1,3,0,0,0,521902476,2166161467,1048575,11072,0,3,-1155.879
521903429,993,79,-1,4105,231,224,245,0,0,0,1,3,0,0,0,521903460,2166161467,1048575,12056,0,3,-1154.886
521904425,996,78,-1,4106,229,225,244,0,0,0,1,3,0,0,0,521904456,2166161467,1048575,13053,0,3,-1153.89
521905423,998,77,-1,4107,229,226,244,0,0,0,1,3,0,0,0,521905454,2166161467,1048575,14050,0,3,-1152.892
521906423,1000,76,-1,4108,232,226,244,0,0,0,1,3,0,0,0,521906460,2166161467,1048575,15056,0,3,-1151.892
521907429,1006,75,-1,4109,231,227,244,0,0,0,1,3,0,0,0,521907460,2166161467,1048575,16057,0,3,-1150.886
521908425,996,74,-1,4110,228,228,244,0,0,0,1,3,0,0,0,521908457,2166161467,1048575,17053,0,3,-1149.89
521909462,1037,73,-1,4111,258,228,244,0,0,0,1,3,0,0,0,521909550,2166161467,1048575,18163,0,3,-1148.853
521910613,1151,72,-1,4112,421,229,243,0,0,0,1,3,0,0,0,521910771,2166161467,1048575,19390,0,3,-1147.702
521911550,937,70,-2,4114,356,230,252,0,0,0,1,3,0,0,0,521911614,2166161467,1048575,20219,0,3,-1146.765
521912468,918,69,-1,4115,263,231,252,0,0,0,1,3,0,0,0,521912519,2166161467,1048575,21125,0,3,-1145.847
521913458,990,68,-1,4116,255,232,252,0,0,0,1,3,0,0,0,521913499,2166161467,1048575,22101,0,3,-1144.857
521914449,991,67,-1,4117,259,232,252,0,0,0,1,3,0,0,0,521914503,2166161467,1048575,23106,0,3,-1143.866
521915457,1008,66,-1,4118,257,233,252,0,0,0,1,3,0,0,0,521915500,2166161467,1048575,24103,0,3,-1142.858
521916450,993,65,-1,4119,250,234,252,0,0,0,1,3,0,0,0,521916498,2166161467,1048575,25100,0,3,-1141.865
521917457,1007,64,-1,4120,254,235,252,0,0,0,1,3,0,0,0,521917499,2166161467,1048575,26099,0,3,-1140.858
521918442,985,63,-1,4121,251,235,252,0,0,0,1,3,0,0,0,521918493,2166161467,1048575,27096,0,3,-1139.873
521919461,1019,62,-1,4122,261,236,252,0,0,0,1,3,0,0,0,521919504,2166161467,1048575,28106,0,3,-1138.854
521920507,1046,61,-1,4123,310,237,252,0,0,0,1,3,0,0,0,521920597,2166161467,1048575,29211,0,3,-1137.808
521921484,977,59,-2,4125,289,238,261,0,0,0,1,3,0,0,0,521921519,2166161467,1048575,30116,0,3,-1136.831
521922429,945,58,-1,4126,232,238,263,0,0,0,1,3,0,0,0,521922467,2166161467,1048575,31064,0,3,-1135.886
521923425,996,57,-1,4127,231,239,260,0,0,0,1,3,0,0,0,521923457,2166161467,1048575,32054,0,3,-1134.89
521924423,998,56,-1,4128,229,240,260,0,0,0,1,3,0,0,0,521924454,2166161467,1048575,33051,0,3,-1133.892
521925418,995,55,-1,4129,228,241,260,0,0,0,1,3,0,0,0,521925449,2166161467,1048575,34046,0,3,-1132.897
521926434,1016,54,-1,4130,231,242,260,0,0,0,1,3,0,0,0,521926471,2166161467,1048575,35068,0,3,-1131.881
521927428,994,53,-1,4131,231,242,260,0,0,0,1,3,0,0,0,521927459,2166161467,1048575,36055,0,3,-1130.887
521928425,997,52,-1,4132,228,243,260,0,0,0,1,3,0,0,0,521928456,2166161467,1048575,37053,0,3,-1129.89
521929486,1061,50,-2,4134,287,244,268,0,0,0,1,3,0,0,0,521929588,2166161467,1048575,38202,0,3,-1128.829
521930608,1122,49,-1,4135,410,245,267,0,0,0,1,3,0,0,0,521930778,2166161467,1048575,39401,0,3,-1127.707
521931547,939,48,-1,4136,353,246,268,0,0,0,1,3,0,0,0,521931620,2166161467,1048575,40224,0,3,-1126.768
521932467,920,47,-1,4137,262,247,268,0,0,0,1,3,0,0,0,521932515,2166161467,1048575,41120,0,3,-1125.848
521933443,976,46,-1,4138,253,248,268,0,0,0,1,3,0,0,0,521933489,2166161467,1048575,42091,0,3,-1124.872
521934461,1018,45,-1,4139,257,248,268,0,0,0,1,3,0,0,0,521934514,2166161467,1048575,43115,0,3,-1123.854
521935446,985,44,-1,4140,256,249,268,0,0,0,1,3,0,0,0,521935494,2166161467,1048575,44098,0,3,-1122.869
521936452,1006,43,-1,4141,250,250,268,0,0,0,1,3,0,0,0,521936495,2166161467,1048575,45095,0,3,-1121.863
521937445,993,41,-2,4143,252,251,277,0,0,0,1,3,0,0,0,521937492,2166161467,1048575,46094,0,3,-1120.87
521938458,1013,40,-1,4144,253,252,276,0,0,0,1,3,0,0,0,521938506,2166161467,1048575,47107,0,3,-1119.857
521939450,992,39,-1,4145,256,253,275,0,0,0,1,3,0,0,0,521939498,2166161467,1048575,48102,0,3,-1118.865
521940498,1048,37,-2,4147,303,254,283,0,0,0,1,3,0,0,0,521940583,2166161467,1048575,49196,0,3,-1117.817
521941497,999,36,-1,4148,297,255,285,0,0,0,1,3,0,0,0,521941536,2166161467,1048575,1,0,3,-1116.818
521942426,929,35,-1,4149,236,256,277,0,0,0,1,3,0,0,0,521942473,2166161467,1048575,401,0,3,-1115.889
521943432,1006,34,-1,4150,239,257,276,0,0,0,1,3,0,0,0,521943463,2166161467,1048575,1389,0,3,-1114.883
521944426,994,33,-1,4151,228,258,276,0,0,0,1,3,0,0,0,521944457,2166161467,1048575,2384,0,3,-1113.889
521945424,998,32,-1,4152,228,258,276,0,0,0,1,3,0,0,0,521945455,2166161467,1048575,3381,0,3,-1112.891
521946423,999,30,-2,4154,231,259,284,0,0,0,1,3,0,0,0,521946460,2166161467,1048575,4386,0,3,-1111.892
521947428,1005,29,-1,4155,232,260,284,0,0,0,1,3,0,0,0,521947459,2166161467,1048575,5386,0,3,-1110.887
521948425,997,28,-1,4156,229,261,284,0,0,0,1,3,0,0,0,521948457,2166161467,1048575,6383,0,3,-1109.89
521949501,1076,27,-1,4157,301,262,284,0,0,0,1,3,0,0,0,521949592,2166161467,1048575,7533,0,3,-1108.814
521950613,1112,25,-2,4159,410,264,292,0,0,0,1,3,0,0,0,521950791,2166161467,1048575,8743,0,3,-1107.702
521951550,937,24,-1,4160,351,264,284,0,0,0,1,3,0,0,0,521951621,2166161467,1048575,9552,0,3,-1106.765
521952464,914,23,-1,4161,268,265,284,0,0,0,1,3,0,0,0,521952512,2166161467,1048575,10447,0,3,-1105.851
521953457,993,22,-1,4162,253,266,285,0,0,0,1,3,0,0,0,521953502,2166161467,1048575,11435,0,3,-1104.858
521954451,994,21,-1,4163,257,267,285,0,0,0,1,3,0,0,0,521954503,2166161467,1048575,12433,0,3,-1103.864
521955453,1002,20,-1,4164,258,267,284,0,0,0,1,3,0,0,0,521955502,2166161467,1048575,13437,0,3,-1102.862
521956447,994,18,-2,4166,247,268,293,0,0,0,1,3,0,0,0,521956489,2166161467,1048575,14419,0,3,-1101.868
521957446,999,17,-1,4167,254,269,293,0,0,0,1,3,0,0,0,521957494,2166161467,1048575,15426,0,3,-1100.869
521958459,1013,16,-1,4168,254,270,293,0,0,0,1,3,0,0,0,521958506,2166161467,1048575,16438,0,3,-1099.856
521959453,994,15,-1,4169,258,271,291,0,0,0,1,3,0,0,0,521959502,2166161467,1048575,17435,0,3,-1098.862
521960509,1056,13,-2,4171,310,272,291,0,0,0,1,3,0,0,0,521960596,2166161467,1048575,18540,0,3,-1097.806
521961489,980,12,-1,4172,292,273,293,0,0,0,1,3,0,0,0,521961525,2166161467,1048575,19454,0,3,-1096.826
521962436,947,11,-1,4173,234,273,292,0,0,0,1,3,0,0,0,521962475,2166161467,1048575,20403,0,3,-1095.879
521963433,997,10,-1,4174,232,274,292,0,0,0,1,3,0,0,0,521963464,2166161467,1048575,21391,0,3,-1094.882
521964428,995,8,-2,4176,229,275,299,0,0,0,1,3,0,0,0,521964460,2166161467,1048575,22386,0,3,-1093.887
521965426,998,7,-1,4177,229,276,300,0,0,0,1,3,0,0,0,521965457,2166161467,1048575,23383,0,3,-1092.889
521966430,1004,6,-1,4178,231,277,299,0,0,0,1,3,0,0,0,521966468,2166161467,1048575,24394,0,3,-1091.885
521967421,991,4,-2,4180,231,278,307,0,0,0,1,3,0,0,0,521967452,2166161467,1048575,25378,0,3,-1090.894
521968431,1010,3,-1,4181,229,279,299,0,0,0,1,3,0,0,0,521968462,2166161467,1048575,26389,0,3,-1089.884
521969487,1056,2,-1,4182,284,280,301,0,0,0,1,3,0,0,0,521969589,2166161467,1048575,27531,0,3,-1088.828
521970617,1130,1,-1,4183,421,280,292,0,0,0,1,3,0,0,0,521970785,2166161467,1048575,28734,0,3,-1087.698
521971546,929,4095,-2,4185,350,281,301,0,0,0,1,3,0,0,0,521971620,2166161467,1048575,29554,0,3,-1086.769
521972461,915,4094,-1,4186,265,282,301,0,0,0,1,3,0,0,0,521972509,2166161467,1048575,30443,0,3,-1085.854
521973455,994,4093,-1,4187,252,283,301,0,0,0,1,3,0,0,0,521973501,2166161467,1048575,31433,0,3,-1084.86
521974459,1004,4091,-2,4189,256,284,309,0,0,0,1,3,0,0,0,521974509,2166161467,1048575,32441,0,3,-1083.856
521975453,994,4090,-1,4190,257,285,309,0,0,0,1,3,0,0,0,521975502,2166161467,1048575,33436,0,3,-1082.862
521976447,994,4089,-1,4191,248,285,301,0,0,0,1,3,0,0,0,521976489,2166161467,1048575,34419,0,3,-1081.868
521977442,995,4088,-1,4192,252,286,301,0,0,0,1,3,0,0,0,521977491,2166161467,1048575,35423,0,3,-1080.873
521978453,1011,4086,-2,4194,253,287,309,0,0,0,1,3,0,0,0,521978500,2166161467,1048575,36431,0,3,-1079.862
521979451,998,4085,-1,4195,257,288,307,0,0,0,1,3,0,0,0,521979497,2166161467,1048575,37430,0,3,-1078.864
521980507,1056,4083,-2,4197,302,289,315,0,0,0,1,3,0,0,0,521980590,2166161467,1048575,38531,0,3,-1077.808
521981502,995,4082,-1,4198,299,289,308,0,0,0,1,3,0,0,0,521981545,2166161467,1048575,39476,0,3,-1076.813
521982422,920,4081,-1,4199,232,290,308,0,0,0,1,3,0,0,0,521982462,2166161467,1048575,40390,0,3,-1075.893
521983425,1003,4080,-1,4200,231,291,308,0,0,0,1,3,0,0,0,521983458,2166161467,1048575,41384,0,3,-1074.89
521984425,1000,4078,-2,4202,229,292,315,0,0,0,1,3,0,0,0,521984456,2166161467,1048575,42383,0,3,-1073.89
521985424,999,4077,-1,4203,230,293,315,0,0,0,1,3,0,0,0,521985455,2166161467,1048575,43381,0,3,-1072.891
521986422,998,4076,-1,4204,231,294,315,0,0,0,1,3,0,0,0,521986459,2166161467,1048575,44385,0,3,-1071.893
521987428,1006,4074,-2,4206,231,294,315,0,0,0,1,3,0,0,0,521987459,2166161467,1048575,45386,0,3,-1070.887
521988425,997,4073,-1,4207,228,295,315,0,0,0,1,3,0,0,0,521988456,2166161467,1048575,46383,0,3,-1069.89
521989482,1057,4072,-1,4208,286,296,317,0,0,0,1,3,0,0,0,521989580,2166161467,1048575,47522,0,3,-1068.833
521990612,1130,4070,-2,4210,418,297,316,0,0,0,1,3,0,0,0,521990790,2166161467,1048575,48741,0,3,-1067.703
521991545,933,4069,-1,4211,354,298,317,0,0,0,1,3,0,0,0,521991614,2166161467,1048575,49546,0,3,-1066.77
521992462,917,4068,-1,4212,264,298,317,0,0,0,1,3,0,0,0,521992509,2166161467,1048575,1,0,3,-1065.853
521993464,1002,4066,-2,4214,260,300,325,0,0,0,1,3,0,0,0,521993517,2166161467,1048575,464,0,3,-1064.851
521994459,995,4065,-1,4215,261,300,317,0,0,0,1,3,0,0,0,521994514,2166161467,1048575,1462,0,3,-1063.856
521995463,1004,4063,-2,4217,260,301,325,0,0,0,1,3,0,0,0,521995508,2166161467,1048575,2459,0,3,-1062.852
521996443,980,4062,-1,4218,244,302,325,0,0,0,1,3,0,0,0,521996487,2166161467,1048575,3435,0,3,-1061.872
521997457,1014,4061,-1,4219,254,303,317,0,0,0,1,3,0,0,0,521997503,2166161467,1048575,4451,0,3,-1060.858
521998456,999,4060,-1,4220,255,303,317,0,0,0,1,3,0,0,0,521998503,2166161467,1048575,5452,0,3,-1059.859
521999457,1001,4058,-2,4222,258,304,323,0,0,0,1,3,0,0,0,521999503,2166161467,1048575,6452,0,3,-1058.858
522000503,1046,4057,-1,4223,306,305,323,0,0,0,1,3,0,0,0,522000584,2166161467,1048575,7547,0,3,-1057.812
522001496,993,4055,-2,4225,295,306,332,0,0,0,1,3,0,0,0,522001538,2166161467,1048575,8484,0,3,-1056.819
522002435,939,4054,-1,4226,234,307,324,0,0,0,1,3,0,0,0,522002475,2166161467,1048575,9418,0,3,-1055.88
522003428,993,4053,-1,4227,229,307,323,0,0,0,1,3,0,0,0,522003459,2166161467,1048575,10403,0,3,-1054.887
522004426,998,4051,-2,4229,229,308,331,0,0,0,1,3,0,0,0,522004457,2166161467,1048575,11401,0,3,-1053.889
522005426,1000,4050,-1,4230,228,309,323,0,0,0,1,3,0,0,0,522005457,2166161467,1048575,12400,0,3,-1052.889
522006433,1007,4048,-2,4232,233,310,331,0,0,0,1,3,0,0,0,522006471,2166161467,1048575,13414,0,3,-1051.882
522007425,992,4047,-1,4233,229,310,331,0,0,0,1,3,0,0,0,522007456,2166161467,1048575,14399,0,3,-1050.89
522008423,998,4046,-1,4234,228,311,331,0,0,0,1,3,0,0,0,522008455,2166161467,1048575,15398,0,3,-1049.892
522009488,1065,4044,-2,4236,279,312,333,0,0,0,1,3,0,0,0,522009579,2166161467,1048575,16538,0,3,-1048.827
522010608,1120,4043,-1,4237,414,313,324,0,0,0,1,3,0,0,0,522010777,2166161467,1048575,17744,0,3,-1047.707
522011547,939,4041,-2,4239,349,313,333,0,0,0,1,3,0,0,0,522011615,2166161467,1048575,18566,0,3,-1046.768
522012466,919,4040,-1,4240,266,314,333,0,0,0,1,3,0,0,0,522012517,2166161467,1048575,19469,0,3,-1045.849
522013453,987,4039,-1,4241,251,315,333,0,0,0,1,3,0,0,0,522013497,2166161467,1048575,20446,0,3,-1044.862
522014457,1004,4037,-2,4243,254,316,333,0,0,0,1,3,0,0,0,522014511,2166161467,1048575,21460,0,3,-1043.858
522015449,992,4036,-1,4244,258,316,333,0,0,0,1,3,0,0,0,522015494,2166161467,1048575,22444,0,3,-1042.866
522016442,993,4034,-2,4246,247,317,342,0,0,0,1,3,0,0,0,522016487,2166161467,1048575,23436,0,3,-1041.873
522017445,1003,4033,-1,4247,255,318,333,0,0,0,1,3,0,0,0,522017491,2166161467,1048575,24440,0,3,-1040.87
522018450,1005,4032,-1,4248,251,319,333,0,0,0,1,3,0,0,0,522018502,2166161467,1048575,25451,0,3,-1039.865
522019455,1005,4030,-2,4250,259,319,338,0,0,0,1,3,0,0,0,522019501,2166161467,1048575,26452,0,3,-1038.86
522020504,1049,4029,-1,4251,309,320,338,0,0,0,1,3,0,0,0,522020586,2166161467,1048575,27546,0,3,-1037.811
522021503,999,4027,-2,4253,300,321,340,0,0,0,1,3,0,0,0,522021544,2166161467,1048575,28491,0,3,-1036.812
522022434,931,4026,-1,4254,234,322,340,0,0,0,1,3,0,0,0,522022478,2166161467,1048575,29423,0,3,-1035.881
522023425,991,4025,-1,4255,231,322,339,0,0,0,1,3,0,0,0,522023456,2166161467,1048575,30399,0,3,-1034.89
522024422,997,4023,-2,4257,228,323,339,0,0,0,1,3,0,0,0,522024454,2166161467,1048575,31398,0,3,-1033.893
522025418,996,4022,-1,4258,228,324,339,0,0,0,1,3,0,0,0,522025449,2166161467,1048575,32393,0,3,-1032.897
522026432,1014,4020,-2,4260,231,324,339,0,0,0,1,3,0,0,0,522026469,2166161467,1048575,33412,0,3,-1031.883
522027426,994,4019,-1,4261,231,325,339,0,0,0,1,3,0,0,0,522027457,2166161467,1048575,34401,0,3,-1030.889
522028425,999,4018,-1,4262,229,325,339,0,0,0,1,3,0,0,0,522028456,2166161467,1048575,35400,0,3,-1029.89
522029482,1057,4016,-2,4264,285,326,342,0,0,0,1,3,0,0,0,522029584,2166161467,1048575,36543,0,3,-1028.833
522030615,1133,4014,-2,4266,420,327,349,0,0,0,1,3,0,0,0,522030783,2166161467,1048575,37750,0,3,-1027.7
522031552,937,4013,-1,4267,352,327,341,0,0,0,1,3,0,0,0,522031620,2166161467,1048575,38569,0,3,-1026.763
522032455,903,4011,-2,4269,263,328,350,0,0,0,1,3,0,0,0,522032504,2166161467,1048575,39457,0,3,-1025.86
522033454,999,4010,-1,4270,253,329,350,0,0,0,1,3,0,0,0,522033498,2166161467,1048575,40448,0,3,-1024.861
522034456,1002,4009,-1,4271,253,330,341,0,0,0,1,3,0,0,0,522034508,2166161467,1048575,41455,0,3,-1023.859
522035451,995,4007,-2,4273,257,330,350,0,0,0,1,3,0,0,0,522035498,2166161467,1048575,42448,0,3,-1022.864
522036453,1002,4006,-1,4274,248,331,342,0,0,0,1,3,0,0,0,522036495,2166161467,1048575,43442,0,3,-1021.862
522037445,992,4004,-2,4276,253,332,350,0,0,0,1,3,0,0,0,522037492,2166161467,1048575,44441,0,3,-1020.87
522038448,1003,4003,-1,4277,252,332,350,0,0,0,1,3,0,0,0,522038497,2166161467,1048575,45445,0,3,-1019.867
522039459,1011,4001,-2,4279,259,333,354,0,0,0,1,3,0,0,0,522039507,2166161467,1048575,46457,0,3,-1018.856
522040498,1039,4000,-1,4280,302,334,346,0,0,0,1,3,0,0,0,522040586,2166161467,1048575,47545,0,3,-1017.817
522041502,1004,3998,-2,4282,299,335,356,0,0,0,1,3,0,0,0,522041542,2166161467,1048575,48489,0,3,-1016.813
522042432,930,3997,-1,4283,232,335,348,0,0,0,1,3,0,0,0,522042471,2166161467,1048575,49416,0,3,-1015.883
522043429,997,3995,-2,4285,231,336,355,0,0,0,1,3,0,0,0,522043462,2166161467,1048575,1,0,3,-1014.886
522044428,999,3994,-1,4286,235,337,355,0,0,0,1,3,0,0,0,522044470,2166161467,1048575,484,0,3,-1013.887
522045434,1006,3992,-2,4288,236,337,355,0,0,0,1,3,0,0,0,522045466,2166161467,1048575,1478,0,3,-1012.881
522046433,999,3991,-1,4289,232,338,355,0,0,0,1,3,0,0,0,522046470,2166161467,1048575,2483,0,3,-1011.882
522047424,991,3989,-2,4291,231,339,355,0,0,0,1,3,0,0,0,522047455,2166161467,1048575,3468,0,3,-1010.891
522048421,997,3988,-1,4292,228,339,355,0,0,0,1,3,0,0,0,522048453,2166161467,1048575,4465,0,3,-1009.894
522049494,1073,3986,-2,4294,299,340,358,0,0,0,1,3,0,0,0,522049596,2166161467,1048575,5625,0,3,-1008.821
522050586,1092,3985,-1,4295,393,341,357,0,0,0,1,3,0,0,0,522050760,2166161467,1048575,6822,0,3,-1007.729
522051547,961,3983,-2,4297,357,341,358,0,0,0,1,3,0,0,0,522051627,2166161467,1048575,7648,0,3,-1006.768
522052468,921,3982,-1,4298,262,342,358,0,0,0,1,3,0,0,0,522052515,2166161467,1048575,8536,0,3,-1005.847
522053445,977,3980,-2,4300,252,343,366,0,0,0,1,3,0,0,0,522053495,2166161467,1048575,9513,0,3,-1004.87
522054451,1006,3979,-1,4301,255,343,358,0,0,0,1,3,0,0,0,522054498,2166161467,1048575,10516,0,3,-1003.864
522055448,997,3977,-2,4303,255,344,366,0,0,0,1,3,0,0,0,522055492,2166161467,1048575,11512,0,3,-1002.867
522056452,1004,3976,-1,4304,250,345,358,0,0,0,1,3,0,0,0,522056492,2166161467,1048575,12510,0,3,-1001.863
522057442,990,3974,-2,4306,248,346,366,0,0,0,1,3,0,0,0,522057491,2166161467,1048575,13509,0,3,-1000.873
522058455,1013,3973,-1,4307,252,346,366,0,0,0,1,3,0,0,0,522058496,2166161467,1048575,14513,0,3,-999.86
522059446,991,3971,-2,4309,250,347,370,0,0,0,1,3,0,0,0,522059492,2166161467,1048575,15509,0,3,-998.869
522060483,1037,3970,-1,4310,283,348,362,0,0,0,1,3,0,0,0,522060583,2166161467,1048575,16613,0,3,-997.832
522061502,1019,3968,-2,4312,302,349,364,0,0,0,1,3,0,0,0,522061539,2166161467,1048575,17553,0,3,-996.813
522062427,925,3967,-1,4313,231,349,364,0,0,0,1,3,0,0,0,522062467,2166161467,1048575,18481,0,3,-995.888
522063429,1002,3965,-2,4315,232,350,363,0,0,0,1,3,0,0,0,522063458,2166161467,1048575,19469,0,3,-994.886
522064420,991,3964,-1,4316,226,350,363,0,0,0,1,3,0,0,0,522064451,2166161467,1048575,20464,0,3,-993.895
522065431,1011,3962,-2,4318,229,351,370,0,0,0,1,3,0,0,0,522065458,2166161467,1048575,21470,0,3,-992.884
522066428,997,3961,-1,4319,229,351,363,0,0,0,1,3,0,0,0,522066465,2166161467,1048575,22477,0,3,-991.887
522067433,1005,3959,-2,4321,232,352,370,0,0,0,1,3,0,0,0,522067461,2166161467,1048575,23473,0,3,-990.882
522068423,990,3957,-2,4323,226,353,370,0,0,0,1,3,0,0,0,522068454,2166161467,1048575,24467,0,3,-989.892
522069484,1061,3956,-1,4324,289,353,366,0,0,0,1,3,0,0,0,522069584,2166161467,1048575,25612,0,3,-988.831
522070609,1125,3954,-2,4326,414,354,373,0,0,0,1,3,0,0,0,522070782,2166161467,1048575,26816,0,3,-987.706
522071550,941,3953,-1,4327,350,355,366,0,0,0,1,3,0,0,0,522071618,2166161467,1048575,27637,0,3,-986.765
522072464,914,3951,-2,4329,261,355,374,0,0,0,1,3,0,0,0,522072516,2166161467,1048575,28537,0,3,-985.851
522073452,988,3950,-1,4330,254,356,366,0,0,0,1,3,0,0,0,522073496,2166161467,1048575,29514,0,3,-984.863
522074457,1005,3948,-2,4332,256,357,374,0,0,0,1,3,0,0,0,522074509,2166161467,1048575,30525,0,3,-983.858
522075451,994,3947,-1,4333,255,357,366,0,0,0,1,3,0,0,0,522075499,2166161467,1048575,31520,0,3,-982.864
522076447,996,3945,-2,4335,248,358,374,0,0,0,1,3,0,0,0,522076490,2166161467,1048575,32506,0,3,-981.868
522077442,995,3944,-1,4336,252,358,366,0,0,0,1,3,0,0,0,522077488,2166161467,1048575,33506,0,3,-980.873
522078445,1003,3942,-2,4338,252,359,374,0,0,0,1,3,0,0,0,522078492,2166161467,1048575,34510,0,3,-979.87
522079453,1008,3940,-2,4340,258,359,378,0,0,0,1,3,0,0,0,522079498,2166161467,1048575,35516,0,3,-978.862
522080493,1040,3939,-1,4341,301,360,370,0,0,0,1,3,0,0,0,522080581,2166161467,1048575,36613,0,3,-977.822
522081499,1006,3937,-2,4343,297,360,379,0,0,0,1,3,0,0,0,522081535,2166161467,1048575,37549,0,3,-976.816
522082433,934,3936,-1,4344,232,361,372,0,0,0,1,3,0,0,0,522082472,2166161467,1048575,38486,0,3,-975.882
522083429,996,3934,-2,4346,231,362,379,0,0,0,1,3,0,0,0,522083461,2166161467,1048575,39473,0,3,-974.886
522084426,997,3932,-2,4348,228,362,378,0,0,0,1,3,0,0,0,522084458,2166161467,1048575,40470,0,3,-973.889
522085426,1000,3931,-1,4349,228,363,378,0,0,0,1,3,0,0,0,522085457,2166161467,1048575,41469,0,3,-972.889
522086431,1005,3929,-2,4351,231,363,378,0,0,0,1,3,0,0,0,522086469,2166161467,1048575,42481,0,3,-971.884
522087427,996,3927,-2,4353,232,364,386,0,0,0,1,3,0,0,0,522087458,2166161467,1048575,43470,0,3,-970.888
522088426,999,3926,-1,4354,228,365,378,0,0,0,1,3,0,0,0,522088457,2166161467,1048575,44470,0,3,-969.889
522089489,1063,3924,-2,4356,287,366,382,0,0,0,1,3,0,0,0,522089595,2166161467,1048575,45625,0,3,-968.826
522090612,1123,3922,-2,4358,409,367,389,0,0,0,1,3,0,0,0,522090788,2166161467,1048575,46825,0,3,-967.703
522091559,947,3921,-1,4359,353,367,382,0,0,0,1,3,0,0,0,522091631,2166161467,1048575,47652,0,3,-966.756
522092458,899,3919,-2,4361,262,368,390,0,0,0,1,3,0,0,0,522092503,2166161467,1048575,48524,0,3,-965.857
522093449,991,3918,-1,4362,253,369,382,0,0,0,1,3,0,0,0,522093495,2166161467,1048575,49512,0,3,-964.866
522094459,1010,3916,-2,4364,256,369,390,0,0,0,1,3,0,0,0,522094512,2166161467,1048575,1,0,3,-963.856
522095454,995,3915,-1,4365,261,370,382,0,0,0,1,3,0,0,0,522095509,2166161467,1048575,456,0,3,-962.861
522096455,1001,3913,-2,4367,252,371,390,0,0,0,1,3,0,0,0,522096500,2166161467,1048575,1445,0,3,-961.86
522097453,998,3911,-2,4369,254,371,390,0,0,0,1,3,0,0,0,522097499,2166161467,1048575,2444,0,3,-960.862
522098456,1003,3909,-2,4371,256,372,390,0,0,0,1,3,0,0,0,522098497,2166161467,1048575,3442,0,3,-959.859
522099456,1000,3908,-1,4372,258,373,385,0,0,0,1,3,0,0,0,522099510,2166161467,1048575,4458,0,3,-958.859
522100497,1041,3906,-2,4374,304,374,394,0,0,0,1,3,0,0,0,522100567,2166161467,1048575,5526,0,3,-957.818
522101500,1003,3905,-1,4375,301,374,387,0,0,0,1,3,0,0,0,522101551,2166161467,1048575,6495,0,3,-956.815
522102426,926,3903,-2,4377,235,375,395,0,0,0,1,3,0,0,0,522102465,2166161467,1048575,7406,0,3,-955.889
522103419,993,3901,-2,4379,229,376,394,0,0,0,1,3,0,0,0,522103452,2166161467,1048575,8392,0,3,-954.896
522104431,1012,3900,-1,4380,229,376,394,0,0,0,1,3,0,0,0,522104462,2166161467,1048575,9403,0,3,-953.884
522105426,995,3898,-2,4382,228,377,394,0,0,0,1,3,0,0,0,522105457,2166161467,1048575,10398,0,3,-952.889
522106434,1008,3896,-2,4384,234,378,402,0,0,0,1,3,0,0,0,522106471,2166161467,1048575,11411,0,3,-951.881
522107425,991,3895,-1,4385,230,379,394,0,0,0,1,3,0,0,0,522107456,2166161467,1048575,12397,0,3,-950.89
522108423,998,3893,-2,4387,229,380,402,0,0,0,1,3,0,0,0,522108454,2166161467,1048575,13395,0,3,-949.892
522109478,1055,3891,-2,4389,285,380,398,0,0,0,1,3,0,0,0,522109573,2166161467,1048575,14528,0,3,-948.837
522110614,1136,3889,-2,4391,419,381,405,0,0,0,1,3,0,0,0,522110788,2166161467,1048575,15753,0,3,-947.701
522111545,931,3888,-1,4392,352,382,398,0,0,0,1,3,0,0,0,522111613,2166161467,1048575,16561,0,3,-946.77
522112467,922,3886,-2,4394,266,383,406,0,0,0,1,3,0,0,0,522112515,2166161467,1048575,17464,0,3,-945.848
522113446,979,3885,-1,4395,252,384,399,0,0,0,1,3,0,0,0,522113492,2166161467,1048575,18438,0,3,-944.869
522114458,1012,3883,-2,4397,257,384,398,0,0,0,1,3,0,0,0,522114508,2166161467,1048575,19452,0,3,-943.857
522115449,991,3881,-2,4399,256,385,407,0,0,0,1,3,0,0,0,522115499,2166161467,1048575,20448,0,3,-942.866
522116446,997,3879,-2,4401,249,386,407,0,0,0,1,3,0,0,0,522116487,2166161467,1048575,21431,0,3,-941.869
522117442,996,3878,-1,4402,252,386,399,0,0,0,1,3,0,0,0,522117487,2166161467,1048575,22431,0,3,-940.873
522118448,1006,3876,-2,4404,252,387,407,0,0,0,1,3,0,0,0,522118495,2166161467,1048575,23440,0,3,-939.867
522119450,1002,3874,-2,4406,256,388,409,0,0,0,1,3,0,0,0,522119496,2166161467,1048575,24442,0,3,-938.865
522120509,1059,3873,-1,4407,306,389,401,0,0,0,1,3,0,0,0,522120594,2166161467,1048575,25552,0,3,-937.806
522121498,989,3871,-2,4409,302,389,403,0,0,0,1,3,0,0,0,522121536,2166161467,1048575,26479,0,3,-936.817
522122432,934,3869,-2,4411,231,390,411,0,0,0,1,3,0,0,0,522122474,2166161467,1048575,27415,0,3,-935.883
522123431,999,3868,-1,4412,232,390,402,0,0,0,1,3,0,0,0,522123462,2166161467,1048575,28403,0,3,-934.884
522124426,995,3866,-2,4414,228,391,410,0,0,0,1,3,0,0,0,522124458,2166161467,1048575,29398,0,3,-933.889
522125427,1001,3864,-2,4416,229,392,410,0,0,0,1,3,0,0,0,522125458,2166161467,1048575,30398,0,3,-932.888
522126434,1007,3863,-1,4417,231,393,410,0,0,0,1,3,0,0,0,522126472,2166161467,1048575,31412,0,3,-931.881
522127431,997,3861,-2,4419,233,393,410,0,0,0,1,3,0,0,0,522127462,2166161467,1048575,32402,0,3,-930.884
522128427,996,3859,-2,4421,229,394,410,0,0,0,1,3,0,0,0,522128458,2166161467,1048575,33399,0,3,-929.888
522129489,1062,3857,-2,4423,288,395,415,0,0,0,1,3,0,0,0,522129591,2166161467,1048575,34548,0,3,-928.826
522130601,1112,3856,-1,4424,408,395,405,0,0,0,1,3,0,0,0,522130758,2166161467,1048575,35731,0,3,-927.714
522131545,944,3854,-2,4426,350,396,414,0,0,0,1,3,0,0,0,522131620,2166161467,1048575,36569,0,3,-926.77
522132461,916,3852,-2,4428,262,397,415,0,0,0,1,3,0,0,0,522132507,2166161467,1048575,37456,0,3,-925.854
522133451,990,3850,-2,4430,252,397,415,0,0,0,1,3,0,0,0,522133498,2166161467,1048575,38444,0,3,-924.864
522134450,999,3849,-1,4431,259,398,415,0,0,0,1,3,0,0,0,522134500,2166161467,1048575,39446,0,3,-923.865
522135453,1003,3847,-2,4433,259,399,415,0,0,0,1,3,0,0,0,522135500,2166161467,1048575,40447,0,3,-922.862
522136444,991,3845,-2,4435,246,399,415,0,0,0,1,3,0,0,0,522136483,2166161467,1048575,41427,0,3,-921.871
522137448,1004,3843,-2,4437,254,400,423,0,0,0,1,3,0,0,0,522137497,2166161467,1048575,42443,0,3,-920.867
522138447,999,3842,-1,4438,256,401,415,0,0,0,1,3,0,0,0,522138493,2166161467,1048575,43438,0,3,-919.868
522139452,1005,3840,-2,4440,256,401,417,0,0,0,1,3,0,0,0,522139502,2166161467,1048575,44450,0,3,-918.863
522140508,1056,3838,-2,4442,307,402,417,0,0,0,1,3,0,0,0,522140590,2166161467,1048575,45548,0,3,-917.807
522141499,991,3836,-2,4444,303,403,419,0,0,0,1,3,0,0,0,522141542,2166161467,1048575,46484,0,3,-916.816
522142434,935,3834,-2,4446,232,404,427,0,0,0,1,3,0,0,0,522142479,2166161467,1048575,47421,0,3,-915.881
522143426,992,3833,-1,4447,232,404,418,0,0,0,1,3,0,0,0,522143457,2166161467,1048575,48397,0,3,-914.889
522144422,996,3831,-2,4449,228,405,426,0,0,0,1,3,0,0,0,522144454,2166161467,1048575,49394,0,3,-913.893
522145418,996,3829,-2,4451,228,406,426,0,0,0,1,3,0,0,0,522145449,2166161467,1048575,0,0,3,-912.897
522146434,1016,3827,-2,4453,235,407,425,0,0,0,1,3,0,0,0,522146477,2166161467,1048575,498,0,3,-911.881
522147441,1007,3826,-1,4454,237,407,417,0,0,0,1,3,0,0,0,522147472,2166161467,1048575,1493,0,3,-910.874
522148421,980,3824,-2,4456,228,408,426,0,0,0,1,3,0,0,0,522148453,2166161467,1048575,2473,0,3,-909.894
522149494,1073,3822,-2,4458,301,408,423,0,0,0,1,3,0,0,0,522149588,2166161467,1048575,3622,0,3,-908.821
522150592,1098,3820,-2,4460,399,409,430,0,0,0,1,3,0,0,0,522150773,2166161467,1048575,4834,0,3,-907.723
522151541,949,3819,-1,4461,348,410,423,0,0,0,1,3,0,0,0,522151620,2166161467,1048575,5647,0,3,-906.774
522152465,924,3817,-2,4463,265,410,423,0,0,0,1,3,0,0,0,522152512,2166161467,1048575,6542,0,3,-905.85
522153440,975,3815,-2,4465,250,411,431,0,0,0,1,3,0,0,0,522153490,2166161467,1048575,7516,0,3,-904.875
522154458,1018,3813,-2,4467,258,412,431,0,0,0,1,3,0,0,0,522154507,2166161467,1048575,8532,0,3,-903.857
522155451,993,3811,-2,4469,256,413,431,0,0,0,1,3,0,0,0,522155497,2166161467,1048575,9524,0,3,-902.864
522156440,989,3810,-1,4470,249,413,431,0,0,0,1,3,0,0,0,522156481,2166161467,1048575,10506,0,3,-901.875
522157451,1011,3808,-2,4472,250,414,431,0,0,0,1,3,0,0,0,522157502,2166161467,1048575,11528,0,3,-900.864
522158450,999,3806,-2,4474,254,415,431,0,0,0,1,3,0,0,0,522158496,2166161467,1048575,12521,0,3,-899.865
522159451,1001,3804,-2,4476,254,415,433,0,0,0,1,3,0,0,0,522159498,2166161467,1048575,13524,0,3,-898.864
522160503,1052,3802,-2,4478,298,416,433,0,0,0,1,3,0,0,0,522160588,2166161467,1048575,14629,0,3,-897.812
522161497,994,3801,-1,4479,295,417,435,0,0,0,1,3,0,0,0,522161537,2166161467,1048575,15559,0,3,-896.818
522162435,938,3799,-2,4481,233,418,435,0,0,0,1,3,0,0,0,522162472,2166161467,1048575,16494,0,3,-895.88
522163430,995,3797,-2,4483,231,418,434,0,0,0,1,3,0,0,0,522163463,2166161467,1048575,17484,0,3,-894.885
522164428,998,3795,-2,4485,229,419,433,0,0,0,1,3,0,0,0,522164459,2166161467,1048575,18480,0,3,-893.887
522165425,997,3794,-1,4486,228,419,434,0,0,0,1,3,0,0,0,522165456,2166161467,1048575,19477,0,3,-892.89
522166431,1006,3792,-2,4488,232,420,433,0,0,0,1,3,0,0,0,522166468,2166161467,1048575,20488,0,3,-891.884
522167425,994,3790,-2,4490,231,420,433,0,0,0,1,3,0,0,0,522167456,2166161467,1048575,21477,0,3,-890.89
522168422,997,3788,-2,4492,228,421,434,0,0,0,1,3,0,0,0,522168454,2166161467,1048575,22475,0,3,-889.893
522169484,1062,3786,-2,4494,293,422,439,0,0,0,1,3,0,0,0,522169588,2166161467,1048575,23627,0,3,-888.831
522170612,1128,3784,-2,4496,408,422,438,0,0,0,1,3,0,0,0,522170776,2166161467,1048575,24832,0,3,-887.703
522171561,949,3783,-1,4497,361,423,430,0,0,0,1,3,0,0,0,522171636,2166161467,1048575,25665,0,3,-886.754
522172468,907,3781,-2,4499,266,423,431,0,0,0,1,3,0,0,0,522172513,2166161467,1048575,26542,0,3,-885.847
522173441,973,3779,-2,4501,251,424,439,0,0,0,1,3,0,0,0,522173488,2166161467,1048575,27514,0,3,-884.874
522174449,1008,3778,-1,4502,257,424,431,0,0,0,1,3,0,0,0,522174500,2166161467,1048575,28525,0,3,-883.866
522175456,1007,3776,-2,4504,258,424,431,0,0,0,1,3,0,0,0,522175504,2166161467,1048575,29532,0,3,-882.859
522176453,997,3774,-2,4506,251,424,431,0,0,0,1,3,0,0,0,522176493,2166161467,1048575,30517,0,3,-881.862
522177443,990,3772,-2,4508,250,425,439,0,0,0,1,3,0,0,0,522177488,2166161467,1048575,31514,0,3,-880.872
522178447,1004,3770,-2,4510,252,426,439,0,0,0,1,3,0,0,0,522178492,2166161467,1048575,32517,0,3,-879.868
522179448,1001,3768,-2,4512,255,426,441,0,0,0,1,3,0,0,0,522179494,2166161467,1048575,33521,0,3,-878.867
522180484,1036,3766,-2,4514,287,427,441,0,0,0,1,3,0,0,0,522180574,2166161467,1048575,34612,0,3,-877.831
522181496,1012,3765,-1,4515,301,427,434,0,0,0,1,3,0,0,0,522181535,2166161467,1048575,35558,0,3,-876.819
522182429,933,3763,-2,4517,231,428,443,0,0,0,1,3,0,0,0,522182472,2166161467,1048575,36494,0,3,-875.886
522183431,1002,3761,-2,4519,232,428,442,0,0,0,1,3,0,0,0,522183459,2166161467,1048575,37478,0,3,-874.884
522184423,992,3759,-2,4521,227,429,441,0,0,0,1,3,0,0,0,522184454,2166161467,1048575,38475,0,3,-873.892
522185418,995,3757,-2,4523,228,429,442,0,0,0,1,3,0,0,0,522185446,2166161467,1048575,39466,0,3,-872.897
522186430,1012,3755,-2,4525,228,430,441,0,0,0,1,3,0,0,0,522186467,2166161467,1048575,40487,0,3,-871.885
522187436,1006,3754,-1,4526,232,430,441,0,0,0,1,3,0,0,0,522187464,2166161467,1048575,41483,0,3,-870.879
522188423,987,3752,-2,4528,226,431,441,0,0,0,1,3,0,0,0,522188455,2166161467,1048575,42475,0,3,-869.892
522189488,1065,3750,-2,4530,297,431,439,0,0,0,1,3,0,0,0,522189583,2166161467,1048575,43618,0,3,-868.827
522190626,1138,3748,-2,4532,420,431,438,0,0,0,1,3,0,0,0,522190807,2166161467,1048575,44850,0,3,-867.689
522191558,932,3746,-2,4534,364,432,447,0,0,0,1,3,0,0,0,522191626,2166161467,1048575,45654,0,3,-866.757
522192466,908,3744,-2,4536,261,432,447,0,0,0,1,3,0,0,0,522192513,2166161467,1048575,46542,0,3,-865.849
522193456,990,3743,-1,4537,253,433,439,0,0,0,1,3,0,0,0,522193501,2166161467,1048575,47527,0,3,-864.859
522194450,994,3741,-2,4539,259,433,439,0,0,0,1,3,0,0,0,522194499,2166161467,1048575,48524,0,3,-863.865
522195457,1007,3739,-2,4541,258,433,447,0,0,0,1,3,0,0,0,522195506,2166161467,1048575,49535,0,3,-862.858
522196440,983,3738,-1,4542,248,434,439,0,0,0,1,3,0,0,0,522196482,2166161467,1048575,2,0,3,-861.875
522197456,1016,3736,-2,4544,259,434,439,0,0,0,1,3,0,0,0,522197514,2166161467,1048575,491,0,3,-860.859
522198455,999,3734,-2,4546,258,434,439,0,0,0,1,3,0,0,0,522198502,2166161467,1048575,1481,0,3,-859.86
522199453,998,3732,-2,4548,257,434,441,0,0,0,1,3,0,0,0,522199500,2166161467,1048575,2480,0,3,-858.862
522200480,1027,3730,-2,4550,285,435,441,0,0,0,1,3,0,0,0,522200567,2166161467,1048575,3560,0,3,-857.835
522201498,1018,3728,-2,4552,298,435,443,0,0,0,1,3,0,0,0,522201538,2166161467,1048575,4511,0,3,-856.817
522202425,927,3726,-2,4554,233,435,451,0,0,0,1,3,0,0,0,522202464,2166161467,1048575,5437,0,3,-855.89
522203430,1005,3725,-1,4555,230,436,442,0,0,0,1,3,0,0,0,522203457,2166161467,1048575,6430,0,3,-854.885
522204420,990,3723,-2,4557,226,436,441,0,0,0,1,3,0,0,0,522204451,2166161467,1048575,7424,0,3,-853.895
522205430,1010,3721,-2,4559,228,436,449,0,0,0,1,3,0,0,0,522205458,2166161467,1048575,8430,0,3,-852.885
522206429,999,3719,-2,4561,230,437,449,0,0,0,1,3,0,0,0,522206466,2166161467,1048575,9440,0,3,-851.886
522207433,1004,3717,-2,4563,230,437,449,0,0,0,1,3,0,0,0,522207460,2166161467,1048575,10433,0,3,-850.882
522208423,990,3716,-1,4564,227,438,441,0,0,0,1,3,0,0,0,522208454,2166161467,1048575,11427,0,3,-849.892
522209492,1069,3714,-2,4566,296,438,439,0,0,0,1,3,0,0,0,522209592,2166161467,1048575,12582,0,3,-848.823
522210603,1111,3712,-2,4568,406,438,438,0,0,0,1,3,0,0,0,522210777,2166161467,1048575,13788,0,3,-847.712
522211531,928,3710,-2,4570,338,438,447,0,0,0,1,3,0,0,0,522211613,2166161467,1048575,14595,0,3,-846.784
522212471,940,3708,-2,4572,268,438,447,0,0,0,1,3,0,0,0,522212517,2166161467,1048575,15499,0,3,-845.844
522213444,973,3706,-2,4574,251,439,447,0,0,0,1,3,0,0,0,522213493,2166161467,1048575,16472,0,3,-844.871
522214454,1010,3705,-1,4575,254,439,439,0,0,0,1,3,0,0,0,522214506,2166161467,1048575,17484,0,3,-843.861
522215455,1001,3703,-2,4577,257,439,439,0,0,0,1,3,0,0,0,522215501,2166161467,1048575,18481,0,3,-842.86
522216443,988,3701,-2,4579,250,439,439,0,0,0,1,3,0,0,0,522216486,2166161467,1048575,19464,0,3,-841.872
522217440,997,3699,-2,4581,248,439,448,0,0,0,1,3,0,0,0,522217488,2166161467,1048575,20468,0,3,-840.875
522218449,1009,3697,-2,4583,254,439,447,0,0,0,1,3,0,0,0,522218495,2166161467,1048575,21473,0,3,-839.866
522219448,999,3696,-1,4584,254,439,441,0,0,0,1,3,0,0,0,522219494,2166161467,1048575,22474,0,3,-838.867
522220475,1027,3694,-2,4586,283,440,441,0,0,0,1,3,0,0,0,522220563,2166161467,1048575,23554,0,3,-837.84
522221502,1027,3692,-2,4588,303,440,443,0,0,0,1,3,0,0,0,522221541,2166161467,1048575,24516,0,3,-836.813
522222429,927,3690,-2,4590,229,440,443,0,0,0,1,3,0,0,0,522222471,2166161467,1048575,25447,0,3,-835.886
522223431,1002,3689,-1,4591,231,440,434,0,0,0,1,3,0,0,0,522223460,2166161467,1048575,26432,0,3,-834.884
522224422,991,3687,-2,4593,226,440,442,0,0,0,1,3,0,0,0,522224454,2166161467,1048575,27428,0,3,-833.893
522225418,996,3685,-2,4595,228,440,441,0,0,0,1,3,0,0,0,522225446,2166161467,1048575,28418,0,3,-832.897
522226430,1012,3683,-2,4597,228,440,441,0,0,0,1,3,0,0,0,522226467,2166161467,1048575,29440,0,3,-831.885
522227436,1006,3681,-2,4599,232,440,449,0,0,0,1,3,0,0,0,522227464,2166161467,1048575,30436,0,3,-830.879
522228423,987,3679,-2,4601,226,440,449,0,0,0,1,3,0,0,0,522228455,2166161467,1048575,31428,0,3,-829.892
522229488,1065,3677,-2,4603,289,441,447,0,0,0,1,3,0,0,0,522229591,2166161467,1048575,32579,0,3,-828.827
522230620,1132,3675,-2,4605,424,441,446,0,0,0,1,3,0,0,0,522230787,2166161467,1048575,33783,0,3,-827.695
522231564,944,3673,-2,4607,360,441,447,0,0,0,1,3,0,0,0,522231631,2166161467,1048575,34612,0,3,-826.751
522232468,904,3672,-1,4608,264,441,439,0,0,0,1,3,0,0,0,522232516,2166161467,1048575,35499,0,3,-825.847
522233446,978,3670,-2,4610,254,441,447,0,0,0,1,3,0,0,0,522233490,2166161467,1048575,36469,0,3,-824.869
522234459,1013,3668,-2,4612,256,442,447,0,0,0,1,3,0,0,0,522234510,2166161467,1048575,37487,0,3,-823.856
522235456,997,3666,-2,4614,258,442,447,0,0,0,1,3,0,0,0,522235504,2166161467,1048575,38486,0,3,-822.859
522236449,993,3665,-1,4615,246,442,439,0,0,0,1,3,0,0,0,522236491,2166161467,1048575,39468,0,3,-821.866
522237446,997,3663,-2,4617,255,442,439,0,0,0,1,3,0,0,0,522237493,2166161467,1048575,40471,0,3,-820.869
522238456,1010,3661,-2,4619,253,442,447,0,0,0,1,3,0,0,0,522238503,2166161467,1048575,41482,0,3,-819.859
522239455,999,3659,-2,4621,258,442,448,0,0,0,1,3,0,0,0,522239502,2166161467,1048575,42482,0,3,-818.86
522240497,1042,3657,-2,4623,298,442,449,0,0,0,1,3,0,0,0,522240582,2166161467,1048575,43572,0,3,-817.818
522241496,999,3655,-2,4625,298,443,450,0,0,0,1,3,0,0,0,522241536,2166161467,1048575,44513,0,3,-816.819
522242434,938,3654,-1,4626,232,443,442,0,0,0,1,3,0,0,0,522242475,2166161467,1048575,45450,0,3,-815.881
522243432,998,3652,-2,4628,231,443,442,0,0,0,1,3,0,0,0,522243463,2166161467,1048575,46437,0,3,-814.883
522244427,995,3650,-2,4630,228,443,441,0,0,0,1,3,0,0,0,522244459,2166161467,1048575,47432,0,3,-813.888
522245425,998,3648,-2,4632,228,443,449,0,0,0,1,3,0,0,0,522245456,2166161467,1048575,48429,0,3,-812.89
522246430,1005,3646,-2,4634,231,443,449,0,0,0,1,3,0,0,0,522246468,2166161467,1048575,49441,0,3,-811.885
522247421,991,3644,-2,4636,231,443,449,0,0,0,1,3,0,0,0,522247452,2166161467,1048575,1,0,3,-810.894
522248425,1004,3643,-1,4637,232,443,441,0,0,0,1,3,0,0,0,522248468,2166161467,1048575,492,0,3,-809.89
522249508,1083,3641,-2,4639,299,443,447,0,0,0,1,3,0,0,0,522249596,2166161467,1048575,1635,0,3,-808.807
522250612,1104,3639,-2,4641,411,443,446,0,0,0,1,3,0,0,0,522250783,2166161467,1048575,2829,0,3,-807.703
522251556,944,3637,-2,4643,352,444,447,0,0,0,1,3,0,0,0,522251630,2166161467,1048575,3661,0,3,-806.759
522252465,909,3636,-1,4644,263,443,439,0,0,0,1,3,0,0,0,522252512,2166161467,1048575,4543,0,3,-805.85
522253443,978,3634,-2,4646,253,444,447,0,0,0,1,3,0,0,0,522253491,2166161467,1048575,5519,0,3,-804.872
522254457,1014,3632,-2,4648,256,444,447,0,0,0,1,3,0,0,0,522254508,2166161467,1048575,6535,0,3,-803.858
522255451,994,3630,-2,4650,258,444,447,0,0,0,1,3,0,0,0,522255500,2166161467,1048575,7530,0,3,-802.864
522256446,995,3628,-2,4652,248,444,447,0,0,0,1,3,0,0,0,522256488,2166161467,1048575,8514,0,3,-801.869
522257456,1010,3626,-2,4654,253,444,447,0,0,0,1,3,0,0,0,522257504,2166161467,1048575,9532,0,3,-800.859
522258448,992,3625,-1,4655,252,444,439,0,0,0,1,3,0,0,0,522258496,2166161467,1048575,10523,0,3,-799.867
522259451,1003,3623,-2,4657,255,444,441,0,0,0,1,3,0,0,0,522259497,2166161467,1048575,11526,0,3,-798.864
522260492,1041,3621,-2,4659,299,444,441,0,0,0,1,3,0,0,0,522260575,2166161467,1048575,12614,0,3,-797.823
522261503,1011,3619,-2,4661,303,444,443,0,0,0,1,3,0,0,0,522261545,2166161467,1048575,13570,0,3,-796.812
522262424,921,3618,-1,4662,232,443,435,0,0,0,1,3,0,0,0,522262466,2166161467,1048575,14491,0,3,-795.891
522263428,1004,3616,-2,4664,231,443,442,0,0,0,1,3,0,0,0,522263459,2166161467,1048575,15481,0,3,-794.887
522264425,997,3614,-2,4666,228,443,441,0,0,0,1,3,0,0,0,522264457,2166161467,1048575,16479,0,3,-793.89
522265423,998,3612,-2,4668,229,443,442,0,0,0,1,3,0,0,0,522265454,2166161467,1048575,17476,0,3,-792.892
522266423,1000,3610,-2,4670,231,443,441,0,0,0,1,3,0,0,0,522266460,2166161467,1048575,18483,0,3,-791.892
522267431,1008,3608,-2,4672,231,443,449,0,0,0,1,3,0,0,0,522267462,2166161467,1048575,19485,0,3,-790.884
522268429,998,3606,-2,4674,229,444,449,0,0,0,1,3,0,0,0,522268461,2166161467,1048575,20483,0,3,-789.886
522269484,1055,3604,-2,4676,282,444,447,0,0,0,1,3,0,0,0,522269582,2166161467,1048575,21620,0,3,-788.831
522270622,1138,3602,-2,4678,426,444,446,0,0,0,1,3,0,0,0,522270793,2166161467,1048575,22840,0,3,-787.693
522271555,933,3601,-1,4679,351,444,439,0,0,0,1,3,0,0,0,522271624,2166161467,1048575,23653,0,3,-786.76
522272471,916,3599,-2,4681,267,444,447,0,0,0,1,3,0,0,0,522272519,2166161467,1048575,24551,0,3,-785.844
522273446,975,3597,-2,4683,254,444,447,0,0,0,1,3,0,0,0,522273491,2166161467,1048575,25519,0,3,-784.869
522274460,1014,3595,-2,4685,255,444,447,0,0,0,1,3,0,0,0,522274509,2166161467,1048575,26535,0,3,-783.855
522275454,994,3593,-2,4687,255,444,447,0,0,0,1,3,0,0,0,522275504,2166161467,1048575,27535,0,3,-782.861
522276447,993,3591,-2,4689,250,444,447,0,0,0,1,3,0,0,0,522276488,2166161467,1048575,28513,0,3,-781.868
522277447,1000,3589,-2,4691,252,444,447,0,0,0,1,3,0,0,0,522277491,2166161467,1048575,29517,0,3,-780.868
522278448,1001,3588,-1,4692,250,444,447,0,0,0,1,3,0,0,0,522278495,2166161467,1048575,30522,0,3,-779.867
522279460,1012,3586,-2,4694,257,445,448,0,0,0,1,3,0,0,0,522279504,2166161467,1048575,31532,0,3,-778.855
522280489,1029,3584,-2,4696,296,445,449,0,0,0,1,3,0,0,0,522280575,2166161467,1048575,32613,0,3,-777.826
522281496,1007,3582,-2,4698,294,445,451,0,0,0,1,3,0,0,0,522281536,2166161467,1048575,33563,0,3,-776.819
522282434,938,3581,-1,4699,231,445,443,0,0,0,1,3,0,0,0,522282471,2166161467,1048575,34495,0,3,-775.881
522283432,998,3579,-2,4701,232,445,449,0,0,0,1,3,0,0,0,522283464,2166161467,1048575,35487,0,3,-774.883
522284431,999,3577,-2,4703,229,445,449,0,0,0,1,3,0,0,0,522284462,2166161467,1048575,36485,0,3,-773.884
522285428,997,3575,-2,4705,228,445,449,0,0,0,1,3,0,0,0,522285460,2166161467,1048575,37482,0,3,-772.887
522286434,1006,3573,-2,4707,231,446,449,0,0,0,1,3,0,0,0,522286471,2166161467,1048575,38494,0,3,-771.881
522287429,995,3571,-2,4709,231,446,449,0,0,0,1,3,0,0,0,522287460,2166161467,1048575,39482,0,3,-770.886
522288426,997,3569,-2,4711,228,446,449,0,0,0,1,3,0,0,0,522288457,2166161467,1048575,40480,0,3,-769.889
522289491,1065,3567,-2,4713,285,446,455,0,0,0,1,3,0,0,0,522289588,2166161467,1048575,41627,0,3,-768.824
522290612,1121,3565,-2,4715,417,447,454,0,0,0,1,3,0,0,0,522290777,2166161467,1048575,42820,0,3,-767.703
522291554,942,3563,-2,4717,357,447,455,0,0,0,1,3,0,0,0,522291623,2166161467,1048575,43654,0,3,-766.761
522292457,903,3562,-1,4718,261,447,455,0,0,0,1,3,0,0,0,522292506,2166161467,1048575,44538,0,3,-765.858
522293444,987,3560,-2,4720,254,448,455,0,0,0,1,3,0,0,0,522293487,2166161467,1048575,45513,0,3,-764.871
522294456,1012,3558,-2,4722,256,448,455,0,0,0,1,3,0,0,0,522294512,2166161467,1048575,46542,0,3,-763.859
522295459,1003,3556,-2,4724,262,448,455,0,0,0,1,3,0,0,0,522295506,2166161467,1048575,47535,0,3,-762.856
522296448,989,3554,-2,4726,244,448,455,0,0,0,1,3,0,0,0,522296494,2166161467,1048575,48523,0,3,-761.867
522297455,1007,3553,-1,4727,258,448,447,0,0,0,1,3,0,0,0,522297499,2166161467,1048575,49526,0,3,-760.86
522298455,1000,3551,-2,4729,251,448,447,0,0,0,1,3,0,0,0,522298508,2166161467,1048575,1,0,3,-759.86
522299469,1014,3549,-2,4731,268,448,448,0,0,0,1,3,0,0,0,522299525,2166161467,1048575,476,0,3,-758.846
522300512,1043,3547,-2,4733,310,448,448,0,0,0,1,3,0,0,0,522300591,2166161467,1048575,1551,0,3,-757.803
522301499,987,3545,-2,4735,297,448,451,0,0,0,1,3,0,0,0,522301544,2166161467,1048575,2491,0,3,-756.816
522302429,930,3544,-1,4736,237,448,451,0,0,0,1,3,0,0,0,522302471,2166161467,1048575,3414,0,3,-755.886
522303427,998,3542,-2,4738,229,449,450,0,0,0,1,3,0,0,0,522303458,2166161467,1048575,4402,0,3,-754.888
522304426,999,3540,-2,4740,228,449,449,0,0,0,1,3,0,0,0,522304457,2166161467,1048575,5401,0,3,-753.889
522305426,1000,3538,-2,4742,228,449,449,0,0,0,1,3,0,0,0,522305457,2166161467,1048575,6401,0,3,-752.889
522306438,1012,3536,-2,4744,233,449,449,0,0,0,1,3,0,0,0,522306475,2166161467,1048575,7418,0,3,-751.877
522307428,990,3534,-2,4746,229,449,449,0,0,0,1,3,0,0,0,522307459,2166161467,1048575,8403,0,3,-750.887
522308426,998,3532,-2,4748,228,449,449,0,0,0,1,3,0,0,0,522308457,2166161467,1048575,9401,0,3,-749.889
522309479,1053,3531,-1,4749,274,449,447,0,0,0,1,3,0,0,0,522309571,2166161467,1048575,10529,0,3,-748.836
522310643,1164,3528,-3,4752,436,449,453,0,0,0,1,3,0,0,0,522310794,2166161467,1048575,11762,0,3,-747.672
522311549,906,3527,-1,4753,343,449,447,0,0,0,1,3,0,0,0,522311609,2166161467,1048575,12560,0,3,-746.766
522312465,916,3525,-2,4755,261,449,455,0,0,0,1,3,0,0,0,522312516,2166161467,1048575,13469,0,3,-745.85
522313444,979,3523,-2,4757,254,449,456,0,0,0,1,3,0,0,0,522313485,2166161467,1048575,14433,0,3,-744.871
522314453,1009,3521,-2,4759,253,449,455,0,0,0,1,3,0,0,0,522314505,2166161467,1048575,15454,0,3,-743.862
522315456,1003,3519,-2,4761,259,450,455,0,0,0,1,3,0,0,0,522315504,2166161467,1048575,16455,0,3,-742.859
522316446,990,3518,-1,4762,249,450,447,0,0,0,1,3,0,0,0,522316492,2166161467,1048575,17439,0,3,-741.869
522317449,1003,3516,-2,4764,254,450,447,0,0,0,1,3,0,0,0,522317493,2166161467,1048575,18441,0,3,-740.866
522318450,1001,3514,-2,4766,252,449,447,0,0,0,1,3,0,0,0,522318502,2166161467,1048575,19452,0,3,-739.865
522319455,1005,3512,-2,4768,259,449,448,0,0,0,1,3,0,0,0,522319501,2166161467,1048575,20450,0,3,-738.86
522320502,1047,3510,-2,4770,311,449,449,0,0,0,1,3,0,0,0,522320586,2166161467,1048575,21547,0,3,-737.813
522321495,993,3508,-2,4772,296,449,451,0,0,0,1,3,0,0,0,522321535,2166161467,1048575,22482,0,3,-736.82
522322433,938,3506,-2,4774,232,449,451,0,0,0,1,3,0,0,0,522322475,2166161467,1048575,23419,0,3,-735.882
522323433,1000,3504,-2,4776,231,450,457,0,0,0,1,3,0,0,0,522323465,2166161467,1048575,24409,0,3,-734.882
522324431,998,3503,-1,4777,228,450,449,0,0,0,1,3,0,0,0,522324463,2166161467,1048575,25406,0,3,-733.884
522325429,998,3501,-2,4779,229,450,449,0,0,0,1,3,0,0,0,522325460,2166161467,1048575,26403,0,3,-732.886
522326434,1005,3499,-2,4781,231,450,449,0,0,0,1,3,0,0,0,522326471,2166161467,1048575,27415,0,3,-731.881
522327429,995,3497,-2,4783,231,450,449,0,0,0,1,3,0,0,0,522327460,2166161467,1048575,28403,0,3,-730.886
522328426,997,3495,-2,4785,229,450,457,0,0,0,1,3,0,0,0,522328457,2166161467,1048575,29401,0,3,-729.889
522329489,1063,3493,-2,4787,285,450,455,0,0,0,1,3,0,0,0,522329592,2166161467,1048575,30551,0,3,-728.826
522330617,1128,3491,-2,4789,421,450,454,0,0,0,1,3,0,0,0,522330780,2166161467,1048575,31744,0,3,-727.698
522331556,939,3489,-2,4791,359,451,455,0,0,0,1,3,0,0,0,522331628,2166161467,1048575,32580,0,3,-726.759
522332452,896,3488,-1,4792,262,451,455,0,0,0,1,3,0,0,0,522332502,2166161467,1048575,33454,0,3,-725.863
522333444,992,3486,-2,4794,252,451,455,0,0,0,1,3,0,0,0,522333490,2166161467,1048575,34439,0,3,-724.871
522334456,1012,3484,-2,4796,254,451,455,0,0,0,1,3,0,0,0,522334506,2166161467,1048575,35455,0,3,-723.859
522335453,997,3482,-2,4798,259,451,455,0,0,0,1,3,0,0,0,522335503,2166161467,1048575,36454,0,3,-722.862
522336447,994,3480,-2,4800,248,451,456,0,0,0,1,3,0,0,0,522336489,2166161467,1048575,37436,0,3,-721.868
522337444,997,3478,-2,4802,252,452,455,0,0,0,1,3,0,0,0,522337492,2166161467,1048575,38442,0,3,-720.871
522338446,1002,3477,-1,4803,252,451,447,0,0,0,1,3,0,0,0,522338493,2166161467,1048575,39440,0,3,-719.869
522339453,1007,3475,-2,4805,259,451,449,0,0,0,1,3,0,0,0,522339504,2166161467,1048575,40455,0,3,-718.862
522340514,1061,3473,-2,4807,311,451,456,0,0,0,1,3,0,0,0,522340599,2166161467,1048575,41559,0,3,-717.801
522341498,984,3471,-2,4809,302,451,451,0,0,0,1,3,0,0,0,522341538,2166161467,1048575,42485,0,3,-716.817
522342433,935,3469,-2,4811,232,452,458,0,0,0,1,3,0,0,0,522342475,2166161467,1048575,43421,0,3,-715.882
522343426,993,3467,-2,4813,231,452,457,0,0,0,1,3,0,0,0,522343459,2166161467,1048575,44402,0,3,-714.889
522344426,1000,3465,-2,4815,228,452,457,0,0,0,1,3,0,0,0,522344457,2166161467,1048575,45401,0,3,-713.889
522345426,1000,3463,-2,4817,228,452,457,0,0,0,1,3,0,0,0,522345457,2166161467,1048575,46401,0,3,-712.889
522346434,1008,3462,-1,4818,231,452,449,0,0,0,1,3,0,0,0,522346471,2166161467,1048575,47414,0,3,-711.881
522347429,995,3460,-2,4820,231,452,457,0,0,0,1,3,0,0,0,522347460,2166161467,1048575,48404,0,3,-710.886
522348427,998,3458,-2,4822,229,453,457,0,0,0,1,3,0,0,0,522348458,2166161467,1048575,49402,0,3,-709.888
522349483,1056,3456,-2,4824,279,453,455,0,0,0,1,3,0,0,0,522349578,2166161467,1048575,2,0,3,-708.832
522350865,1382,3454,-2,4826,442,453,450,0,0,0,1,3,0,0,0,522350981,2166161467,1048575,764,0,3,-707.45
522351504,639,3453,-1,4827,303,452,447,0,0,0,1,3,0,0,0,522351553,2166161467,1048575,1288,0,3,-706.811
522352462,958,3451,-2,4829,269,452,447,0,0,0,1,3,0,0,0,522352517,2166161467,1048575,2258,0,3,-705.853
522353449,987,3449,-2,4831,250,452,447,0,0,0,1,3,0,0,0,522353492,2166161467,1048575,3228,0,3,-704.866
522354448,999,3447,-2,4833,257,452,455,0,0,0,1,3,0,0,0,522354500,2166161467,1048575,4237,0,3,-703.867
522355450,1002,3445,-2,4835,256,452,455,0,0,0,1,3,0,0,0,522355496,2166161467,1048575,5232,0,3,-702.865
522356440,990,3443,-2,4837,249,452,456,0,0,0,1,3,0,0,0,522356481,2166161467,1048575,6215,0,3,-701.875
522357447,1007,3441,-2,4839,249,453,455,0,0,0,1,3,0,0,0,522357493,2166161467,1048575,7227,0,3,-700.868
522358450,1003,3439,-2,4841,258,453,455,0,0,0,1,3,0,0,0,522358504,2166161467,1048575,8241,0,3,-699.865
522359457,1007,3437,-2,4843,257,453,456,0,0,0,1,3,0,0,0,522359504,2166161467,1048575,9240,0,3,-698.858
522360488,1031,3435,-2,4845,285,453,457,0,0,0,1,3,0,0,0,522360607,2166161467,1048575,10357,0,3,-697.827
522361484,996,3434,-1,4846,293,453,451,0,0,0,1,3,0,0,0,522361515,2166161467,1048575,11247,0,3,-696.831
522362430,946,3432,-2,4848,229,453,451,0,0,0,1,3,0,0,0,522362467,2166161467,1048575,12199,0,3,-695.885
522363428,998,3430,-2,4850,233,453,457,0,0,0,1,3,0,0,0,522363456,2166161467,1048575,13186,0,3,-694.887
522364421,993,3428,-2,4852,226,453,457,0,0,0,1,3,0,0,0,522364453,2166161467,1048575,14183,0,3,-693.894
522365419,998,3426,-2,4854,229,453,457,0,0,0,1,3,0,0,0,522365447,2166161467,1048575,15176,0,3,-692.896
522366415,996,3425,-1,4855,226,453,449,0,0,0,1,3,0,0,0,522366453,2166161467,1048575,16183,0,3,-691.9
522367428,1013,3423,-2,4857,233,453,449,0,0,0,1,3,0,0,0,522367456,2166161467,1048575,17185,0,3,-690.887
522368421,993,3421,-2,4859,226,453,449,0,0,0,1,3,0,0,0,522368452,2166161467,1048575,18183,0,3,-689.894
522369491,1070,3419,-2,4861,288,453,455,0,0,0,1,3,0,0,0,522369594,2166161467,1048575,19340,0,3,-688.824
522370606,1115,3417,-2,4863,407,453,454,0,0,0,1,3,0,0,0,522370779,2166161467,1048575,20536,0,3,-687.709
522371545,939,3415,-2,4865,352,453,455,0,0,0,1,3,0,0,0,522371615,2166161467,1048575,21353,0,3,-686.77
522372458,913,3413,-2,4867,264,453,455,0,0,0,1,3,0,0,0,522372506,2166161467,1048575,22244,0,3,-685.857
522373455,997,3411,-2,4869,252,453,455,0,0,0,1,3,0,0,0,522373498,2166161467,1048575,23233,0,3,-684.86
522374446,991,3410,-1,4870,255,453,447,0,0,0,1,3,0,0,0,522374496,2166161467,1048575,24231,0,3,-683.869
522375446,1000,3408,-2,4872,256,453,447,0,0,0,1,3,0,0,0,522375492,2166161467,1048575,25229,0,3,-682.869
522376450,1004,3406,-2,4874,248,453,455,0,0,0,1,3,0,0,0,522376494,2166161467,1048575,26230,0,3,-681.865
522377455,1005,3404,-2,4876,252,453,455,0,0,0,1,3,0,0,0,522377501,2166161467,1048575,27236,0,3,-680.86
522378446,991,3402,-2,4878,253,453,455,0,0,0,1,3,0,0,0,522378492,2166161467,1048575,28227,0,3,-679.869
522379450,1004,3400,-2,4880,256,453,456,0,0,0,1,3,0,0,0,522379498,2166161467,1048575,29236,0,3,-678.865
522380502,1052,3398,-2,4882,306,453,456,0,0,0,1,3,0,0,0,522380590,2166161467,1048575,30336,0,3,-677.813
522381494,992,3396,-2,4884,303,454,462,0,0,0,1,3,0,0,0,522381535,2166161467,1048575,31270,0,3,-676.821
522382432,938,3395,-1,4885,232,454,458,0,0,0,1,3,0,0,0,522382474,2166161467,1048575,32206,0,3,-675.883
522383434,1002,3393,-2,4887,231,454,457,0,0,0,1,3,0,0,0,522383465,2166161467,1048575,33196,0,3,-674.881
522384431,997,3391,-2,4889,228,454,457,0,0,0,1,3,0,0,0,522384463,2166161467,1048575,34193,0,3,-673.884
522385429,998,3389,-2,4891,228,454,457,0,0,0,1,3,0,0,0,522385460,2166161467,1048575,35191,0,3,-672.886
522386434,1005,3387,-2,4893,231,454,457,0,0,0,1,3,0,0,0,522386471,2166161467,1048575,36201,0,3,-671.881
522387429,995,3385,-2,4895,231,454,457,0,0,0,1,3,0,0,0,522387460,2166161467,1048575,37191,0,3,-670.886
522388427,998,3383,-2,4897,229,455,457,0,0,0,1,3,0,0,0,522388458,2166161467,1048575,38189,0,3,-669.888
522389484,1057,3382,-1,4898,282,454,447,0,0,0,1,3,0,0,0,522389578,2166161467,1048575,39323,0,3,-668.831
522390614,1130,3379,-3,4901,421,454,454,0,0,0,1,3,0,0,0,522390784,2166161467,1048575,40538,0,3,-667.701
522391556,942,3378,-1,4902,356,454,455,0,0,0,1,3,0,0,0,522391620,2166161467,1048575,41356,0,3,-666.759
522392460,904,3376,-2,4904,267,454,455,0,0,0,1,3,0,0,0,522392514,2166161467,1048575,42254,0,3,-665.855
522393452,992,3374,-2,4906,255,454,455,0,0,0,1,3,0,0,0,522393496,2166161467,1048575,43233,0,3,-664.863
522394460,1008,3372,-2,4908,255,454,455,0,0,0,1,3,0,0,0,522394513,2166161467,1048575,44249,0,3,-663.855
522395455,995,3370,-2,4910,261,454,455,0,0,0,1,3,0,0,0,522395503,2166161467,1048575,45241,0,3,-662.86
522396442,987,3369,-1,4911,245,454,455,0,0,0,1,3,0,0,0,522396488,2166161467,1048575,46223,0,3,-661.873
522397450,1008,3367,-2,4913,257,454,455,0,0,0,1,3,0,0,0,522397495,2166161467,1048575,47231,0,3,-660.865
522398456,1006,3365,-2,4915,252,454,455,0,0,0,1,3,0,0,0,522398509,2166161467,1048575,48246,0,3,-659.859
522399451,995,3363,-2,4917,261,455,456,0,0,0,1,3,0,0,0,522399497,2166161467,1048575,49233,0,3,-658.864
522400499,1048,3361,-2,4919,304,455,457,0,0,0,1,3,0,0,0,522400588,2166161467,1048575,1,0,3,-657.816
522401517,1018,3359,-2,4921,302,455,458,0,0,0,1,3,0,0,0,522401567,2166161467,1048575,438,0,3,-656.798
522402427,910,3357,-2,4923,237,455,459,0,0,0,1,3,0,0,0,522402464,2166161467,1048575,1329,0,3,-655.888
522403431,1004,3355,-2,4925,228,455,457,0,0,0,1,3,0,0,0,522403464,2166161467,1048575,2330,0,3,-654.884
522404431,1000,3354,-1,4926,229,455,449,0,0,0,1,3,0,0,0,522404462,2166161467,1048575,3327,0,3,-653.884
522405428,997,3352,-2,4928,228,455,457,0,0,0,1,3,0,0,0,522405460,2166161467,1048575,4325,0,3,-652.887
522406438,1010,3350,-2,4930,234,455,457,0,0,0,1,3,0,0,0,522406476,2166161467,1048575,5341,0,3,-651.877
522407426,988,3348,-2,4932,228,455,457,0,0,0,1,3,0,0,0,522407457,2166161467,1048575,6323,0,3,-650.889
522408426,1000,3346,-2,4934,228,455,457,0,0,0,1,3,0,0,0,522408457,2166161467,1048575,7323,0,3,-649.889
522409498,1072,3344,-2,4936,294,455,455,0,0,0,1,3,0,0,0,522409591,2166161467,1048575,8472,0,3,-648.817
522410603,1105,3342,-2,4938,406,455,454,0,0,0,1,3,0,0,0,522410781,2166161467,1048575,9683,0,3,-647.712
522411542,939,3340,-2,4940,347,455,455,0,0,0,1,3,0,0,0,522411625,2166161467,1048575,10498,0,3,-646.773
522412467,925,3338,-2,4942,269,455,463,0,0,0,1,3,0,0,0,522412511,2166161467,1048575,11385,0,3,-645.848
522413441,974,3337,-1,4943,251,455,456,0,0,0,1,3,0,0,0,522413494,2166161467,1048575,12365,0,3,-644.874
522414459,1018,3335,-2,4945,256,455,455,0,0,0,1,3,0,0,0,522414507,2166161467,1048575,13378,0,3,-643.856
522415454,995,3333,-2,4947,256,455,455,0,0,0,1,3,0,0,0,522415503,2166161467,1048575,14376,0,3,-642.861
522416453,999,3331,-2,4949,251,455,455,0,0,0,1,3,0,0,0,522416493,2166161467,1048575,15363,0,3,-641.862
522417445,992,3329,-2,4951,247,455,455,0,0,0,1,3,0,0,0,522417495,2166161467,1048575,16367,0,3,-640.87
522418460,1015,3327,-2,4953,255,455,455,0,0,0,1,3,0,0,0,522418504,2166161467,1048575,17374,0,3,-639.855
522419450,990,3326,-1,4954,256,455,449,0,0,0,1,3,0,0,0,522419498,2166161467,1048575,18370,0,3,-638.865
522420485,1035,3323,-3,4957,288,455,465,0,0,0,1,3,0,0,0,522420576,2166161467,1048575,19460,0,3,-637.83
522421496,1011,3321,-2,4959,299,456,459,0,0,0,1,3,0,0,0,522421535,2166161467,1048575,20401,0,3,-636.819
522422421,925,3320,-1,4960,229,456,459,0,0,0,1,3,0,0,0,522422464,2166161467,1048575,21331,0,3,-635.894
522423427,1006,3318,-2,4962,231,456,457,0,0,0,1,3,0,0,0,522423454,2166161467,1048575,22318,0,3,-634.888
522424417,990,3316,-2,4964,227,456,457,0,0,0,1,3,0,0,0,522424448,2166161467,1048575,23314,0,3,-633.898
522425430,1013,3314,-2,4966,229,456,457,0,0,0,1,3,0,0,0,522425458,2166161467,1048575,24322,0,3,-632.885
522426419,989,3312,-2,4968,230,456,457,0,0,0,1,3,0,0,0,522426455,2166161467,1048575,25321,0,3,-631.896
522427429,1010,3310,-2,4970,231,456,465,0,0,0,1,3,0,0,0,522427457,2166161467,1048575,26322,0,3,-630.886
522428424,995,3309,-1,4971,227,456,457,0,0,0,1,3,0,0,0,522428455,2166161467,1048575,27321,0,3,-629.891
522429492,1068,3307,-2,4973,288,456,455,0,0,0,1,3,0,0,0,522429584,2166161467,1048575,28465,0,3,-628.823
522430605,1113,3305,-2,4975,408,456,454,0,0,0,1,3,0,0,0,522430789,2166161467,1048575,29679,0,3,-627.71
522431549,944,3303,-2,4977,354,456,455,0,0,0,1,3,0,0,0,522431614,2166161467,1048575,30485,0,3,-626.766
522432466,917,3301,-2,4979,268,456,455,0,0,0,1,3,0,0,0,522432514,2166161467,1048575,31389,0,3,-625.849
522433443,977,3299,-2,4981,252,456,456,0,0,0,1,3,0,0,0,522433489,2166161467,1048575,32361,0,3,-624.872
522434454,1011,3297,-2,4983,258,456,464,0,0,0,1,3,0,0,0,522434505,2166161467,1048575,33375,0,3,-623.861
522435455,1001,3295,-2,4985,258,457,463,0,0,0,1,3,0,0,0,522435503,2166161467,1048575,34377,0,3,-622.86
522436451,996,3294,-1,4986,250,457,456,0,0,0,1,3,0,0,0,522436493,2166161467,1048575,35362,0,3,-621.864
522437448,997,3292,-2,4988,251,457,455,0,0,0,1,3,0,0,0,522437496,2166161467,1048575,36367,0,3,-620.867
522438447,999,3290,-2,4990,254,457,455,0,0,0,1,3,0,0,0,522438493,2166161467,1048575,37363,0,3,-619.868
522439449,1002,3288,-2,4992,252,457,456,0,0,0,1,3,0,0,0,522439495,2166161467,1048575,38366,0,3,-618.866
522440506,1057,3286,-2,4994,304,457,457,0,0,0,1,3,0,0,0,522440595,2166161467,1048575,39478,0,3,-617.809
522441496,990,3285,-1,4995,293,456,450,0,0,0,1,3,0,0,0,522441532,2166161467,1048575,40400,0,3,-616.819
522442426,930,3282,-3,4998,232,456,458,0,0,0,1,3,0,0,0,522442465,2166161467,1048575,41331,0,3,-615.889
522443427,1001,3281,-1,4999,232,456,449,0,0,0,1,3,0,0,0,522443458,2166161467,1048575,42324,0,3,-614.888
522444426,999,3279,-2,5001,228,456,457,0,0,0,1,3,0,0,0,522444458,2166161467,1048575,43323,0,3,-613.889
522445426,1000,3277,-2,5003,228,456,457,0,0,0,1,3,0,0,0,522445457,2166161467,1048575,44322,0,3,-612.889
522446435,1009,3275,-2,5005,231,456,457,0,0,0,1,3,0,0,0,522446472,2166161467,1048575,45338,0,3,-611.88
522447429,994,3273,-2,5007,231,456,457,0,0,0,1,3,0,0,0,522447460,2166161467,1048575,46325,0,3,-610.886
522448426,997,3271,-2,5009,228,456,457,0,0,0,1,3,0,0,0,522448457,2166161467,1048575,47323,0,3,-609.889
522449486,1060,3269,-2,5011,285,457,463,0,0,0,1,3,0,0,0,522449586,2166161467,1048575,48468,0,3,-608.829
522450614,1128,3267,-2,5013,417,456,454,0,0,0,1,3,0,0,0,522450783,2166161467,1048575,49670,0,3,-607.701
522451559,945,3265,-2,5015,361,456,455,0,0,0,1,3,0,0,0,522451627,2166161467,1048575,1,0,3,-606.756
522452519,960,3264,-1,5016,267,456,454,0,0,0,1,3,0,0,0,522452582,2166161467,1048575,406,0,3,-605.796
522453453,934,3262,-2,5018,258,456,455,0,0,0,1,3,0,0,0,522453497,2166161467,1048575,1317,0,3,-604.862
522454459,1006,3260,-2,5020,260,456,455,0,0,0,1,3,0,0,0,522454516,2166161467,1048575,2337,0,3,-603.856
522455461,1002,3258,-2,5022,261,456,455,0,0,0,1,3,0,0,0,522455506,2166161467,1048575,3328,0,3,-602.854
522456447,986,3256,-2,5024,247,456,455,0,0,0,1,3,0,0,0,522456496,2166161467,1048575,4318,0,3,-601.868
522457452,1005,3254,-2,5026,248,456,455,0,0,0,1,3,0,0,0,522457492,2166161467,1048575,5311,0,3,-600.863
522458454,1002,3252,-2,5028,256,456,463,0,0,0,1,3,0,0,0,522458511,2166161467,1048575,6334,0,3,-599.861
522459464,1010,3250,-2,5030,262,457,464,0,0,0,1,3,0,0,0,522459507,2166161467,1048575,7328,0,3,-598.851
522460514,1050,3248,-2,5032,308,457,464,0,0,0,1,3,0,0,0,522460596,2166161467,1048575,8430,0,3,-597.801
522461487,973,3247,-1,5033,288,457,459,0,0,0,1,3,0,0,0,522461525,2166161467,1048575,9342,0,3,-596.828
522462435,948,3245,-2,5035,232,457,458,0,0,0,1,3,0,0,0,522462475,2166161467,1048575,10290,0,3,-595.88
522463432,997,3243,-2,5037,232,457,457,0,0,0,1,3,0,0,0,522463464,2166161467,1048575,11279,0,3,-594.883
522464430,998,3241,-2,5039,229,457,457,0,0,0,1,3,0,0,0,522464461,2166161467,1048575,12277,0,3,-593.885
522465427,997,3239,-2,5041,228,457,457,0,0,0,1,3,0,0,0,522465458,2166161467,1048575,13274,0,3,-592.888
522466434,1007,3237,-2,5043,231,457,457,0,0,0,1,3,0,0,0,522466471,2166161467,1048575,14286,0,3,-591.881
522467429,995,3235,-2,5045,231,457,465,0,0,0,1,3,0,0,0,522467460,2166161467,1048575,15276,0,3,-590.886
522468427,998,3234,-1,5046,229,457,457,0,0,0,1,3,0,0,0,522468458,2166161467,1048575,16274,0,3,-589.888
522469491,1064,3232,-2,5048,287,457,455,0,0,0,1,3,0,0,0,522469586,2166161467,1048575,17416,0,3,-588.824
522470606,1115,3230,-2,5050,414,457,454,0,0,0,1,3,0,0,0,522470789,2166161467,1048575,18631,0,3,-587.709
522471555,949,3228,-2,5052,361,457,463,0,0,0,1,3,0,0,0,522471622,2166161467,1048575,19444,0,3,-586.76
522472454,899,3226,-2,5054,264,457,455,0,0,0,1,3,0,0,0,522472501,2166161467,1048575,20326,0,3,-585.861
522473451,997,3224,-2,5056,253,458,463,0,0,0,1,3,0,0,0,522473495,2166161467,1048575,21315,0,3,-584.864
522474457,1006,3222,-2,5058,255,458,463,0,0,0,1,3,0,0,0,522474512,2166161467,1048575,22332,0,3,-583.858
522475449,992,3221,-1,5059,258,458,455,0,0,0,1,3,0,0,0,522475494,2166161467,1048575,23317,0,3,-582.866
522476442,993,3219,-2,5061,247,458,456,0,0,0,1,3,0,0,0,522476487,2166161467,1048575,24307,0,3,-581.873
522477445,1003,3217,-2,5063,253,458,455,0,0,0,1,3,0,0,0,522477490,2166161467,1048575,25310,0,3,-580.87
522478450,1005,3215,-2,5065,253,457,455,0,0,0,1,3,0,0,0,522478500,2166161467,1048575,26321,0,3,-579.865
522479449,999,3213,-2,5067,256,457,456,0,0,0,1,3,0,0,0,522479494,2166161467,1048575,27315,0,3,-578.866
522480486,1037,3211,-2,5069,295,457,457,0,0,0,1,3,0,0,0,522480573,2166161467,1048575,28407,0,3,-577.829
522481488,1002,3209,-2,5071,297,457,459,0,0,0,1,3,0,0,0,522481524,2166161467,1048575,29340,0,3,-576.827
522482433,945,3207,-2,5073,232,457,459,0,0,0,1,3,0,0,0,522482475,2166161467,1048575,30291,0,3,-575.882
522483434,1001,3206,-1,5074,232,458,458,0,0,0,1,3,0,0,0,522483465,2166161467,1048575,31281,0,3,-574.881
522484431,997,3204,-2,5076,228,457,457,0,0,0,1,3,0,0,0,522484463,2166161467,1048575,32278,0,3,-573.884
522485429,998,3202,-2,5078,228,457,457,0,0,0,1,3,0,0,0,522485460,2166161467,1048575,33275,0,3,-572.886
522486421,992,3200,-2,5080,231,457,457,0,0,0,1,3,0,0,0,522486458,2166161467,1048575,34274,0,3,-571.894
522487430,1009,3198,-2,5082,231,457,457,0,0,0,1,3,0,0,0,522487461,2166161467,1048575,35276,0,3,-570.885
522488427,997,3196,-2,5084,228,457,457,0,0,0,1,3,0,0,0,522488458,2166161467,1048575,36274,0,3,-569.888
522489492,1065,3194,-2,5086,290,457,455,0,0,0,1,3,0,0,0,522489590,2166161467,1048575,37423,0,3,-568.823
522490626,1134,3192,-2,5088,420,457,454,0,0,0,1,3,0,0,0,522490785,2166161467,1048575,38622,0,3,-567.689
522491546,920,3190,-2,5090,346,457,463,0,0,0,1,3,0,0,0,522491616,2166161467,1048575,39439,0,3,-566.769
522492457,911,3188,-2,5092,266,458,464,0,0,0,1,3,0,0,0,522492506,2166161467,1048575,40330,0,3,-565.858
522493457,1000,3187,-1,5093,252,458,455,0,0,0,1,3,0,0,0,522493503,2166161467,1048575,41324,0,3,-564.858
522494458,1001,3185,-2,5095,255,457,455,0,0,0,1,3,0,0,0,522494509,2166161467,1048575,42330,0,3,-563.857
522495458,1000,3183,-2,5097,259,457,455,0,0,0,1,3,0,0,0,522495504,2166161467,1048575,43326,0,3,-562.857
522496442,984,3181,-2,5099,246,457,456,0,0,0,1,3,0,0,0,522496485,2166161467,1048575,44306,0,3,-561.873
522497450,1008,3179,-2,5101,255,457,455,0,0,0,1,3,0,0,0,522497496,2166161467,1048575,45316,0,3,-560.865
522498442,992,3177,-2,5103,250,457,464,0,0,0,1,3,0,0,0,522498492,2166161467,1048575,46313,0,3,-559.873
522499459,1017,3175,-2,5105,262,458,464,0,0,0,1,3,0,0,0,522499505,2166161467,1048575,47327,0,3,-558.856
522500494,1035,3173,-2,5107,298,458,465,0,0,0,1,3,0,0,0,522500577,2166161467,1048575,48407,0,3,-557.821
522501496,1002,3172,-1,5108,299,458,458,0,0,0,1,3,0,0,0,522501539,2166161467,1048575,49359,0,3,-556.819
522502434,938,3170,-2,5110,233,458,459,0,0,0,1,3,0,0,0,522502478,2166161467,1048575,1,0,3,-555.881
522503438,1004,3168,-2,5112,236,458,457,0,0,0,1,3,0,0,0,522503479,2166161467,1048575,474,0,3,-554.877
522504426,988,3166,-2,5114,236,458,457,0,0,0,1,3,0,0,0,522504460,2166161467,1048575,1453,0,3,-553.889
522505426,1000,3165,-1,5115,229,458,449,0,0,0,1,3,0,0,0,522505457,2166161467,1048575,2450,0,3,-552.889
522506435,1009,3163,-2,5117,232,458,457,0,0,0,1,3,0,0,0,522506470,2166161467,1048575,3463,0,3,-551.88
522507424,989,3161,-2,5119,230,458,457,0,0,0,1,3,0,0,0,522507458,2166161467,1048575,4452,0,3,-550.891
522508425,1001,3159,-2,5121,228,458,457,0,0,0,1,3,0,0,0,522508456,2166161467,1048575,5450,0,3,-549.89
522509500,1075,3157,-2,5123,298,457,455,0,0,0,1,3,0,0,0,522509586,2166161467,1048575,6595,0,3,-548.815
522510591,1091,3155,-2,5125,396,457,454,0,0,0,1,3,0,0,0,522510772,2166161467,1048575,7806,0,3,-547.724
522511544,953,3153,-2,5127,353,457,455,0,0,0,1,3,0,0,0,522511616,2166161467,1048575,8619,0,3,-546.771
522512459,915,3151,-2,5129,268,457,455,0,0,0,1,3,0,0,0,522512506,2166161467,1048575,9508,0,3,-545.856
522513452,993,3149,-2,5131,252,457,464,0,0,0,1,3,0,0,0,522513503,2166161467,1048575,10503,0,3,-544.863
522514448,996,3147,-2,5133,254,458,464,0,0,0,1,3,0,0,0,522514495,2166161467,1048575,11493,0,3,-543.867
522515458,1010,3146,-1,5134,257,458,455,0,0,0,1,3,0,0,0,522515506,2166161467,1048575,12507,0,3,-542.857
522516445,987,3144,-2,5136,247,457,455,0,0,0,1,3,0,0,0,522516488,2166161467,1048575,13487,0,3,-541.87
522517442,997,3142,-2,5138,252,457,456,0,0,0,1,3,0,0,0,522517489,2166161467,1048575,14487,0,3,-540.873
522518451,1009,3140,-2,5140,252,457,455,0,0,0,1,3,0,0,0,522518496,2166161467,1048575,15495,0,3,-539.864
522519457,1006,3138,-2,5142,257,457,456,0,0,0,1,3,0,0,0,522519505,2166161467,1048575,16506,0,3,-538.858
522520503,1046,3136,-2,5144,303,457,457,0,0,0,1,3,0,0,0,522520587,2166161467,1048575,17598,0,3,-537.812
522521495,992,3135,-1,5145,293,457,451,0,0,0,1,3,0,0,0,522521536,2166161467,1048575,18531,0,3,-536.82
522522431,936,3133,-2,5147,232,457,451,0,0,0,1,3,0,0,0,522522468,2166161467,1048575,19462,0,3,-535.884
522523430,999,3131,-2,5149,231,456,449,0,0,0,1,3,0,0,0,522523462,2166161467,1048575,20456,0,3,-534.885
522524429,999,3129,-2,5151,229,457,457,0,0,0,1,3,0,0,0,522524460,2166161467,1048575,21454,0,3,-533.886
522525426,997,3127,-2,5153,228,457,457,0,0,0,1,3,0,0,0,522525458,2166161467,1048575,22451,0,3,-532.889
522526435,1009,3125,-2,5155,231,457,457,0,0,0,1,3,0,0,0,522526472,2166161467,1048575,23466,0,3,-531.88
522527430,995,3123,-2,5157,232,457,457,0,0,0,1,3,0,0,0,522527461,2166161467,1048575,24454,0,3,-530.885
522528426,996,3122,-1,5158,228,456,449,0,0,0,1,3,0,0,0,522528458,2166161467,1048575,25451,0,3,-529.889
522529489,1063,3120,-2,5160,288,456,447,0,0,0,1,3,0,0,0,522529586,2166161467,1048575,26595,0,3,-528.826
522530619,1130,3118,-2,5162,422,455,446,0,0,0,1,3,0,0,0,522530785,2166161467,1048575,27801,0,3,-527.696
522531546,927,3116,-2,5164,351,455,455,0,0,0,1,3,0,0,0,522531618,2166161467,1048575,28619,0,3,-526.769
522532458,912,3114,-2,5166,264,455,455,0,0,0,1,3,0,0,0,522532508,2166161467,1048575,29509,0,3,-525.857
522533457,999,3112,-2,5168,255,455,455,0,0,0,1,3,0,0,0,522533504,2166161467,1048575,30503,0,3,-524.858
522534459,1002,3110,-2,5170,256,455,455,0,0,0,1,3,0,0,0,522534510,2166161467,1048575,31508,0,3,-523.856
522535456,997,3108,-2,5172,258,456,463,0,0,0,1,3,0,0,0,522535503,2166161467,1048575,32503,0,3,-522.859
522536443,987,3107,-1,5173,245,456,456,0,0,0,1,3,0,0,0,522536484,2166161467,1048575,33481,0,3,-521.872
522537457,1014,3105,-2,5175,253,456,455,0,0,0,1,3,0,0,0,522537504,2166161467,1048575,34503,0,3,-520.858
522538448,991,3103,-2,5177,252,456,455,0,0,0,1,3,0,0,0,522538497,2166161467,1048575,35495,0,3,-519.867
522539457,1009,3101,-2,5179,261,456,456,0,0,0,1,3,0,0,0,522539505,2166161467,1048575,36505,0,3,-518.858
522540508,1051,3099,-2,5181,308,456,457,0,0,0,1,3,0,0,0,522540594,2166161467,1048575,37603,0,3,-517.807
522541496,988,3097,-2,5183,296,456,458,0,0,0,1,3,0,0,0,522541538,2166161467,1048575,38534,0,3,-516.819
522542433,937,3096,-1,5184,232,456,451,0,0,0,1,3,0,0,0,522542476,2166161467,1048575,39471,0,3,-515.882
522543421,988,3094,-2,5186,231,455,449,0,0,0,1,3,0,0,0,522543452,2166161467,1048575,40446,0,3,-514.894
522544418,997,3092,-2,5188,228,455,449,0,0,0,1,3,0,0,0,522544450,2166161467,1048575,41443,0,3,-513.897
522545431,1013,3090,-2,5190,228,455,449,0,0,0,1,3,0,0,0,522545462,2166161467,1048575,42456,0,3,-512.884
522546434,1003,3088,-2,5192,231,455,457,0,0,0,1,3,0,0,0,522546471,2166161467,1048575,43464,0,3,-511.881
522547429,995,3087,-1,5193,231,455,449,0,0,0,1,3,0,0,0,522547460,2166161467,1048575,44454,0,3,-510.886
522548427,998,3084,-3,5196,229,455,457,0,0,0,1,3,0,0,0,522548458,2166161467,1048575,45452,0,3,-509.888
522549485,1058,3082,-2,5198,285,455,455,0,0,0,1,3,0,0,0,522549577,2166161467,1048575,46586,0,3,-508.83
522550623,1138,3080,-2,5200,426,455,454,0,0,0,1,3,0,0,0,522550791,2166161467,1048575,47809,0,3,-507.692
522551551,928,3079,-1,5201,351,455,455,0,0,0,1,3,0,0,0,522551614,2166161467,1048575,48613,0,3,-506.764
522552463,912,3077,-2,5203,267,455,455,0,0,0,1,3,0,0,0,522552515,2166161467,1048575,49517,0,3,-505.852
522553453,990,3075,-2,5205,253,455,455,0,0,0,1,3,0,0,0,522553494,2166161467,1048575,1,0,3,-504.862
522554448,995,3073,-2,5207,253,455,455,0,0,0,1,3,0,0,0,522554511,2166161467,1048575,469,0,3,-503.867
522555467,1019,3072,-1,5208,262,455,447,0,0,0,1,3,0,0,0,522555509,2166161467,1048575,1467,0,3,-502.848
522556451,984,3070,-2,5210,248,454,447,0,0,0,1,3,0,0,0,522556502,2166161467,1048575,2461,0,3,-501.864
522557447,996,3068,-2,5212,251,454,447,0,0,0,1,3,0,0,0,522557486,2166161467,1048575,3442,0,3,-500.868
522558448,1001,3066,-2,5214,255,454,455,0,0,0,1,3,0,0,0,522558506,2166161467,1048575,4466,0,3,-499.867
522559454,1006,3064,-2,5216,259,454,456,0,0,0,1,3,0,0,0,522559496,2166161467,1048575,5454,0,3,-498.861
522560510,1056,3062,-2,5218,312,454,456,0,0,0,1,3,0,0,0,522560600,2166161467,1048575,6571,0,3,-497.805
522561493,983,3060,-2,5220,289,454,459,0,0,0,1,3,0,0,0,522561528,2166161467,1048575,7482,0,3,-496.822
522562436,943,3059,-1,5221,235,454,451,0,0,0,1,3,0,0,0,522562475,2166161467,1048575,8427,0,3,-495.879
522563430,994,3057,-2,5223,231,454,449,0,0,0,1,3,0,0,0,522563462,2166161467,1048575,9414,0,3,-494.885
522564428,998,3055,-2,5225,228,454,449,0,0,0,1,3,0,0,0,522564459,2166161467,1048575,10412,0,3,-493.887
522565426,998,3053,-2,5227,228,454,449,0,0,0,1,3,0,0,0,522565457,2166161467,1048575,11409,0,3,-492.889
522566434,1008,3051,-2,5229,231,454,449,0,0,0,1,3,0,0,0,522566471,2166161467,1048575,12424,0,3,-491.881
522567429,995,3049,-2,5231,231,454,457,0,0,0,1,3,0,0,0,522567460,2166161467,1048575,13412,0,3,-490.886
522568426,997,3048,-1,5232,228,454,449,0,0,0,1,3,0,0,0,522568457,2166161467,1048575,14410,0,3,-489.889
522569488,1062,3046,-2,5234,285,453,447,0,0,0,1,3,0,0,0,522569582,2166161467,1048575,15551,0,3,-488.827
522570610,1122,3044,-2,5236,414,453,446,0,0,0,1,3,0,0,0,522570776,2166161467,1048575,16752,0,3,-487.705
522571552,942,3042,-2,5238,354,453,447,0,0,0,1,3,0,0,0,522571627,2166161467,1048575,17588,0,3,-486.763
522572459,907,3040,-2,5240,264,453,455,0,0,0,1,3,0,0,0,522572510,2166161467,1048575,18472,0,3,-485.856
522573445,986,3039,-1,5241,254,453,447,0,0,0,1,3,0,0,0,522573489,2166161467,1048575,19446,0,3,-484.87
522574462,1017,3037,-2,5243,258,452,447,0,0,0,1,3,0,0,0,522574519,2166161467,1048575,20479,0,3,-483.853
522575457,995,3035,-2,5245,261,452,447,0,0,0,1,3,0,0,0,522575503,2166161467,1048575,21462,0,3,-482.858
522576442,985,3033,-2,5247,245,452,447,0,0,0,1,3,0,0,0,522576489,2166161467,1048575,22447,0,3,-481.873
522577453,1011,3031,-2,5249,259,452,455,0,0,0,1,3,0,0,0,522577497,2166161467,1048575,23455,0,3,-480.862
522578447,994,3030,-1,5250,253,452,439,0,0,0,1,3,0,0,0,522578502,2166161467,1048575,24461,0,3,-479.868
522579461,1014,3028,-2,5252,261,451,441,0,0,0,1,3,0,0,0,522579505,2166161467,1048575,25464,0,3,-478.854
522580509,1048,3026,-2,5254,309,451,441,0,0,0,1,3,0,0,0,522580592,2166161467,1048575,26561,0,3,-477.806
522581503,994,3024,-2,5256,303,450,443,0,0,0,1,3,0,0,0,522581543,2166161467,1048575,27499,0,3,-476.812
522582434,931,3022,-2,5258,234,450,451,0,0,0,1,3,0,0,0,522582476,2166161467,1048575,28430,0,3,-475.881
522583427,993,3020,-2,5260,231,450,449,0,0,0,1,3,0,0,0,522583459,2166161467,1048575,29411,0,3,-474.888
522584426,999,3018,-2,5262,228,450,449,0,0,0,1,3,0,0,0,522584457,2166161467,1048575,30410,0,3,-473.889
522585426,1000,3017,-1,5263,228,450,441,0,0,0,1,3,0,0,0,522585457,2166161467,1048575,31410,0,3,-472.889
522586434,1008,3015,-2,5265,231,450,449,0,0,0,1,3,0,0,0,522586471,2166161467,1048575,32423,0,3,-471.881
522587429,995,3013,-2,5267,231,450,449,0,0,0,1,3,0,0,0,522587460,2166161467,1048575,33413,0,3,-470.886
522588427,998,3011,-2,5269,229,450,449,0,0,0,1,3,0,0,0,522588458,2166161467,1048575,34411,0,3,-469.888
522589484,1057,3009,-2,5271,283,450,447,0,0,0,1,3,0,0,0,522589579,2166161467,1048575,35546,0,3,-468.831
522590632,1148,3007,-2,5273,428,450,446,0,0,0,1,3,0,0,0,522590795,2166161467,1048575,36773,0,3,-467.683
522591545,913,3005,-2,5275,355,450,447,0,0,0,1,3,0,0,0,522591610,2166161467,1048575,37569,0,3,-466.77
522592473,928,3003,-2,5277,268,450,455,0,0,0,1,3,0,0,0,522592523,2166161467,1048575,38485,0,3,-465.842
522593459,986,3002,-1,5278,254,450,447,0,0,0,1,3,0,0,0,522593503,2166161467,1048575,39461,0,3,-464.856
522594459,1000,3000,-2,5280,255,450,447,0,0,0,1,3,0,0,0,522594511,2166161467,1048575,40468,0,3,-463.856
522595455,996,2998,-2,5282,256,449,447,0,0,0,1,3,0,0,0,522595503,2166161467,1048575,41464,0,3,-462.86
522596447,992,2996,-2,5284,250,449,447,0,0,0,1,3,0,0,0,522596491,2166161467,1048575,42447,0,3,-461.868
522597443,996,2994,-2,5286,252,449,447,0,0,0,1,3,0,0,0,522597487,2166161467,1048575,43445,0,3,-460.872
522598449,1006,2993,-1,5287,251,449,447,0,0,0,1,3,0,0,0,522598501,2166161467,1048575,44458,0,3,-459.866
522599449,1000,2991,-2,5289,256,449,449,0,0,0,1,3,0,0,0,522599495,2166161467,1048575,45454,0,3,-458.866
522600500,1051,2989,-2,5291,301,449,449,0,0,0,1,3,0,0,0,522600590,2166161467,1048575,46558,0,3,-457.815
522601498,998,2987,-2,5293,297,449,451,0,0,0,1,3,0,0,0,522601533,2166161467,1048575,47489,0,3,-456.817
522602426,928,2985,-2,5295,232,449,451,0,0,0,1,3,0,0,0,522602468,2166161467,1048575,48421,0,3,-455.889
522603430,1004,2984,-1,5296,231,449,441,0,0,0,1,3,0,0,0,522603461,2166161467,1048575,49414,0,3,-454.885
522604428,998,2982,-2,5298,228,449,449,0,0,0,1,3,0,0,0,522604459,2166161467,1048575,1,0,3,-453.887
522605434,1006,2980,-2,5300,233,449,449,0,0,0,1,3,0,0,0,522605476,2166161467,1048575,489,0,3,-452.881
522606440,1006,2978,-2,5302,240,449,449,0,0,0,1,3,0,0,0,522606475,2166161467,1048575,1488,0,3,-451.875
522607428,988,2976,-2,5304,230,449,449,0,0,0,1,3,0,0,0,522607461,2166161467,1048575,2474,0,3,-450.887
522608428,1000,2975,-1,5305,228,449,441,0,0,0,1,3,0,0,0,522608459,2166161467,1048575,3473,0,3,-449.887
522609503,1075,2973,-2,5307,295,449,447,0,0,0,1,3,0,0,0,522609592,2166161467,1048575,4623,0,3,-448.812
522610620,1117,2970,-3,5310,415,449,454,0,0,0,1,3,0,0,0,522610790,2166161467,1048575,5826,0,3,-447.695
522611544,924,2969,-1,5311,348,449,447,0,0,0,1,3,0,0,0,522611615,2166161467,1048575,6635,0,3,-446.771
522612459,915,2967,-2,5313,269,449,447,0,0,0,1,3,0,0,0,522612508,2166161467,1048575,7530,0,3,-445.856
522613457,998,2965,-2,5315,253,449,447,0,0,0,1,3,0,0,0,522613503,2166161467,1048575,8522,0,3,-444.858
522614457,1000,2964,-1,5316,255,448,439,0,0,0,1,3,0,0,0,522614508,2166161467,1048575,9527,0,3,-443.858
522615458,1001,2962,-2,5318,259,448,447,0,0,0,1,3,0,0,0,522615506,2166161467,1048575,10528,0,3,-442.857
522616447,989,2960,-2,5320,247,448,447,0,0,0,1,3,0,0,0,522616488,2166161467,1048575,11505,0,3,-441.868
522617447,1000,2958,-2,5322,254,448,447,0,0,0,1,3,0,0,0,522617491,2166161467,1048575,12509,0,3,-440.868
522618453,1006,2956,-2,5324,252,448,447,0,0,0,1,3,0,0,0,522618502,2166161467,1048575,13520,0,3,-439.862
522619453,1000,2954,-2,5326,258,448,449,0,0,0,1,3,0,0,0,522619501,2166161467,1048575,14522,0,3,-438.862
522620495,1042,2953,-1,5327,303,448,441,0,0,0,1,3,0,0,0,522620580,2166161467,1048575,15608,0,3,-437.82
522621494,999,2951,-2,5329,295,448,443,0,0,0,1,3,0,0,0,522621535,2166161467,1048575,16552,0,3,-436.821
522622430,936,2949,-2,5331,233,447,443,0,0,0,1,3,0,0,0,522622472,2166161467,1048575,17487,0,3,-435.885
522623433,1003,2947,-2,5333,232,447,442,0,0,0,1,3,0,0,0,522623464,2166161467,1048575,18477,0,3,-434.882
522624430,997,2945,-2,5335,229,447,449,0,0,0,1,3,0,0,0,522624461,2166161467,1048575,19475,0,3,-433.885
522625427,997,2944,-1,5336,228,447,441,0,0,0,1,3,0,0,0,522625458,2166161467,1048575,20472,0,3,-432.888
522626435,1008,2942,-2,5338,231,447,441,0,0,0,1,3,0,0,0,522626472,2166161467,1048575,21485,0,3,-431.88
522627429,994,2940,-2,5340,231,447,441,0,0,0,1,3,0,0,0,522627460,2166161467,1048575,22474,0,3,-430.886
522628426,997,2938,-2,5342,228,446,441,0,0,0,1,3,0,0,0,522628458,2166161467,1048575,23471,0,3,-429.889
522629484,1058,2936,-2,5344,283,446,447,0,0,0,1,3,0,0,0,522629582,2166161467,1048575,24610,0,3,-428.831
522630613,1129,2934,-2,5346,421,446,446,0,0,0,1,3,0,0,0,522630789,2166161467,1048575,25826,0,3,-427.702
522631546,933,2932,-2,5348,354,446,447,0,0,0,1,3,0,0,0,522631609,2166161467,1048575,26629,0,3,-426.769
522632455,909,2930,-2,5350,264,446,447,0,0,0,1,3,0,0,0,522632505,2166161467,1048575,27527,0,3,-425.86
522633455,1000,2928,-2,5352,253,447,455,0,0,0,1,3,0,0,0,522633500,2166161467,1048575,28520,0,3,-424.86
522634459,1004,2927,-1,5353,256,447,447,0,0,0,1,3,0,0,0,522634509,2166161467,1048575,29527,0,3,-423.856
522635451,992,2925,-2,5355,255,447,447,0,0,0,1,3,0,0,0,522635500,2166161467,1048575,30522,0,3,-422.864
522636446,995,2923,-2,5357,248,447,448,0,0,0,1,3,0,0,0,522636488,2166161467,1048575,31505,0,3,-421.869
522637441,995,2921,-2,5359,251,447,447,0,0,0,1,3,0,0,0,522637484,2166161467,1048575,32502,0,3,-420.874
522638445,1004,2919,-2,5361,253,447,455,0,0,0,1,3,0,0,0,522638495,2166161467,1048575,33513,0,3,-419.87
522639455,1010,2918,-1,5362,255,447,449,0,0,0,1,3,0,0,0,522639502,2166161467,1048575,34522,0,3,-418.86
522640489,1034,2916,-2,5364,295,447,449,0,0,0,1,3,0,0,0,522640579,2166161467,1048575,35608,0,3,-417.826
522641491,1002,2914,-2,5366,292,447,443,0,0,0,1,3,0,0,0,522641528,2166161467,1048575,36545,0,3,-416.824
522642435,944,2912,-2,5368,231,447,450,0,0,0,1,3,0,0,0,522642472,2166161467,1048575,37487,0,3,-415.88
522643432,997,2910,-2,5370,231,447,449,0,0,0,1,3,0,0,0,522643465,2166161467,1048575,38479,0,3,-414.883
522644431,999,2909,-1,5371,228,447,441,0,0,0,1,3,0,0,0,522644463,2166161467,1048575,39476,0,3,-413.884
522645429,998,2907,-2,5373,229,447,449,0,0,0,1,3,0,0,0,522645460,2166161467,1048575,40473,0,3,-412.886
522646434,1005,2905,-2,5375,231,447,449,0,0,0,1,3,0,0,0,522646471,2166161467,1048575,41485,0,3,-411.881
522647429,995,2903,-2,5377,231,447,449,0,0,0,1,3,0,0,0,522647460,2166161467,1048575,42473,0,3,-410.886
522648426,997,2901,-2,5379,229,447,449,0,0,0,1,3,0,0,0,522648457,2166161467,1048575,43471,0,3,-409.889
522649489,1063,2899,-2,5381,288,447,447,0,0,0,1,3,0,0,0,522649588,2166161467,1048575,44619,0,3,-408.826
522650615,1126,2897,-2,5383,417,448,454,0,0,0,1,3,0,0,0,522650788,2166161467,1048575,45823,0,3,-407.7
522651567,952,2896,-1,5384,363,448,447,0,0,0,1,3,0,0,0,522651638,2166161467,1048575,46659,0,3,-406.748
522652453,886,2894,-2,5386,261,448,447,0,0,0,1,3,0,0,0,522652501,2166161467,1048575,47523,0,3,-405.862
522653452,999,2892,-2,5388,255,448,447,0,0,0,1,3,0,0,0,522653495,2166161467,1048575,48513,0,3,-404.863
522654454,1002,2890,-2,5390,251,448,447,0,0,0,1,3,0,0,0,522654509,2166161467,1048575,49529,0,3,-403.861
522655460,1006,2888,-2,5392,260,448,455,0,0,0,1,3,0,0,0,522655504,2166161467,1048575,2,0,3,-402.855
522656448,988,2887,-1,5393,250,448,447,0,0,0,1,3,0,0,0,522656504,2166161467,1048575,461,0,3,-401.867
522657451,1003,2885,-2,5395,258,448,447,0,0,0,1,3,0,0,0,522657498,2166161467,1048575,1454,0,3,-400.864
522658454,1003,2883,-2,5397,258,448,447,0,0,0,1,3,0,0,0,522658506,2166161467,1048575,2466,0,3,-399.861
522659462,1008,2881,-2,5399,259,448,448,0,0,0,1,3,0,0,0,522659509,2166161467,1048575,3467,0,3,-398.853
522660514,1052,2879,-2,5401,311,448,448,0,0,0,1,3,0,0,0,522660594,2166161467,1048575,4564,0,3,-397.801
522661495,981,2877,-2,5403,296,448,451,0,0,0,1,3,0,0,0,522661537,2166161467,1048575,5493,0,3,-396.82
522662432,937,2876,-1,5404,233,448,443,0,0,0,1,3,0,0,0,522662475,2166161467,1048575,6427,0,3,-395.883
522663432,1000,2874,-2,5406,232,448,441,0,0,0,1,3,0,0,0,522663463,2166161467,1048575,7415,0,3,-394.883
522664429,997,2872,-2,5408,229,447,441,0,0,0,1,3,0,0,0,522664460,2166161467,1048575,8413,0,3,-393.886
522665426,997,2870,-2,5410,228,447,449,0,0,0,1,3,0,0,0,522665457,2166161467,1048575,9410,0,3,-392.889
522666435,1009,2868,-2,5412,231,447,449,0,0,0,1,3,0,0,0,522666472,2166161467,1048575,10424,0,3,-391.88
522667429,994,2867,-1,5413,231,447,441,0,0,0,1,3,0,0,0,522667460,2166161467,1048575,11413,0,3,-390.886
522668427,998,2865,-2,5415,229,447,441,0,0,0,1,3,0,0,0,522668458,2166161467,1048575,12411,0,3,-389.888
522669484,1057,2863,-2,5417,285,447,447,0,0,0,1,3,0,0,0,522669574,2166161467,1048575,13541,0,3,-388.831
522670629,1145,2861,-2,5419,429,447,446,0,0,0,1,3,0,0,0,522670797,2166161467,1048575,14776,0,3,-387.686
522671549,920,2859,-2,5421,350,447,447,0,0,0,1,3,0,0,0,522671610,2166161467,1048575,15568,0,3,-386.766
522672458,909,2857,-2,5423,267,447,447,0,0,0,1,3,0,0,0,522672508,2166161467,1048575,16469,0,3,-385.857
522673457,999,2856,-1,5424,253,447,439,0,0,0,1,3,0,0,0,522673502,2166161467,1048575,17460,0,3,-384.858
522674458,1001,2854,-2,5426,254,447,447,0,0,0,1,3,0,0,0,522674508,2166161467,1048575,18464,0,3,-383.857
522675451,993,2852,-2,5428,256,447,447,0,0,0,1,3,0,0,0,522675500,2166161467,1048575,19461,0,3,-382.864
522676449,998,2850,-2,5430,250,447,447,0,0,0,1,3,0,0,0,522676492,2166161467,1048575,20448,0,3,-381.866
522677445,996,2848,-2,5432,251,447,447,0,0,0,1,3,0,0,0,522677490,2166161467,1048575,21448,0,3,-380.87
522678446,1001,2846,-2,5434,251,447,447,0,0,0,1,3,0,0,0,522678496,2166161467,1048575,22453,0,3,-379.869
522679459,1013,2845,-1,5435,258,447,441,0,0,0,1,3,0,0,0,522679505,2166161467,1048575,23465,0,3,-378.856
522680493,1034,2843,-2,5437,299,446,441,0,0,0,1,3,0,0,0,522680582,2166161467,1048575,24550,0,3,-377.822
522681499,1006,2841,-2,5439,299,446,443,0,0,0,1,3,0,0,0,522681536,2166161467,1048575,25492,0,3,-376.816
522682430,931,2839,-2,5441,231,446,451,0,0,0,1,3,0,0,0,522682472,2166161467,1048575,26425,0,3,-375.885
522683430,1000,2837,-2,5443,231,446,449,0,0,0,1,3,0,0,0,522683462,2166161467,1048575,27414,0,3,-374.885
522684428,998,2836,-1,5444,228,446,441,0,0,0,1,3,0,0,0,522684460,2166161467,1048575,28412,0,3,-373.887
522685426,998,2834,-2,5446,228,446,441,0,0,0,1,3,0,0,0,522685457,2166161467,1048575,29410,0,3,-372.889
522686435,1009,2832,-2,5448,231,446,441,0,0,0,1,3,0,0,0,522686472,2166161467,1048575,30425,0,3,-371.88
522687429,994,2830,-2,5450,231,446,449,0,0,0,1,3,0,0,0,522687460,2166161467,1048575,31412,0,3,-370.886
522688426,997,2828,-2,5452,228,446,449,0,0,0,1,3,0,0,0,522688457,2166161467,1048575,32410,0,3,-369.889
522689485,1059,2826,-2,5454,280,446,447,0,0,0,1,3,0,0,0,522689586,2166161467,1048575,33555,0,3,-368.83
522690623,1138,2825,-1,5455,428,446,438,0,0,0,1,3,0,0,0,522690777,2166161467,1048575,34750,0,3,-367.692
522691556,933,2823,-2,5457,353,446,439,0,0,0,1,3,0,0,0,522691625,2166161467,1048575,35585,0,3,-366.759
522692459,903,2821,-2,5459,263,446,447,0,0,0,1,3,0,0,0,522692513,2166161467,1048575,36475,0,3,-365.856
522693450,991,2819,-2,5461,257,446,447,0,0,0,1,3,0,0,0,522693495,2166161467,1048575,37453,0,3,-364.865
522694460,1010,2818,-1,5462,256,445,439,0,0,0,1,3,0,0,0,522694513,2166161467,1048575,38472,0,3,-363.855
522695452,992,2816,-2,5464,259,445,439,0,0,0,1,3,0,0,0,522695501,2166161467,1048575,39461,0,3,-362.863
522696445,993,2814,-2,5466,248,445,439,0,0,0,1,3,0,0,0,522696490,2166161467,1048575,40448,0,3,-361.87
522697450,1005,2812,-2,5468,255,445,447,0,0,0,1,3,0,0,0,522697494,2166161467,1048575,41452,0,3,-360.865
522698444,994,2810,-2,5470,251,445,447,0,0,0,1,3,0,0,0,522698497,2166161467,1048575,42455,0,3,-359.871
522699453,1009,2808,-2,5472,259,445,449,0,0,0,1,3,0,0,0,522699500,2166161467,1048575,43460,0,3,-358.862
522700508,1055,2806,-2,5474,306,445,449,0,0,0,1,3,0,0,0,522700596,2166161467,1048575,44563,0,3,-357.807
522701503,995,2805,-1,5475,303,445,443,0,0,0,1,3,0,0,0,522701543,2166161467,1048575,45499,0,3,-356.812
522702434,931,2803,-2,5477,232,445,443,0,0,0,1,3,0,0,0,522702476,2166161467,1048575,46431,0,3,-355.881
522703426,992,2801,-2,5479,231,445,441,0,0,0,1,3,0,0,0,522703459,2166161467,1048575,47411,0,3,-354.889
522704426,1000,2800,-1,5480,228,445,441,0,0,0,1,3,0,0,0,522704458,2166161467,1048575,48410,0,3,-353.889
522705426,1000,2798,-2,5482,228,445,441,0,0,0,1,3,0,0,0,522705457,2166161467,1048575,49410,0,3,-352.889
522706435,1009,2796,-2,5484,231,445,441,0,0,0,1,3,0,0,0,522706471,2166161467,1048575,1,0,3,-351.88
522707442,1007,2794,-2,5486,238,444,441,0,0,0,1,3,0,0,0,522707484,2166161467,1048575,487,0,3,-350.873
522708432,990,2792,-2,5488,235,444,441,0,0,0,1,3,0,0,0,522708466,2166161467,1048575,1467,0,3,-349.883
522709488,1056,2790,-2,5490,297,444,447,0,0,0,1,3,0,0,0,522709577,2166161467,1048575,2593,0,3,-348.827
522710620,1132,2788,-2,5492,414,445,446,0,0,0,1,3,0,0,0,522710795,2166161467,1048575,3822,0,3,-347.695
522711554,934,2787,-1,5493,351,444,439,0,0,0,1,3,0,0,0,522711617,2166161467,1048575,4624,0,3,-346.761
522712464,910,2785,-2,5495,270,444,439,0,0,0,1,3,0,0,0,522712515,2166161467,1048575,5526,0,3,-345.851
522713450,986,2783,-2,5497,253,444,439,0,0,0,1,3,0,0,0,522713495,2166161467,1048575,6502,0,3,-344.865
522714460,1010,2782,-1,5498,256,444,439,0,0,0,1,3,0,0,0,522714510,2166161467,1048575,7516,0,3,-343.855
522715453,993,2780,-2,5500,255,444,439,0,0,0,1,3,0,0,0,522715499,2166161467,1048575,8508,0,3,-342.862
522716445,992,2778,-2,5502,248,443,439,0,0,0,1,3,0,0,0,522716490,2166161467,1048575,9496,0,3,-341.87
522717448,1003,2776,-2,5504,255,443,439,0,0,0,1,3,0,0,0,522717490,2166161467,1048575,10496,0,3,-340.867
522718451,1003,2774,-2,5506,251,443,439,0,0,0,1,3,0,0,0,522718503,2166161467,1048575,11510,0,3,-339.864
522719449,998,2772,-2,5508,257,443,441,0,0,0,1,3,0,0,0,522719494,2166161467,1048575,12501,0,3,-338.866
522720498,1049,2771,-1,5509,301,443,433,0,0,0,1,3,0,0,0,522720585,2166161467,1048575,13603,0,3,-337.817
522721499,1001,2769,-2,5511,298,443,443,0,0,0,1,3,0,0,0,522721538,2166161467,1048575,14543,0,3,-336.816
522722435,936,2767,-2,5513,232,443,443,0,0,0,1,3,0,0,0,522722474,2166161467,1048575,15476,0,3,-335.88
522723432,997,2765,-2,5515,231,443,441,0,0,0,1,3,0,0,0,522723464,2166161467,1048575,16465,0,3,-334.883
522724430,998,2763,-2,5517,228,442,441,0,0,0,1,3,0,0,0,522724462,2166161467,1048575,17463,0,3,-333.885
522725428,998,2762,-1,5518,229,442,441,0,0,0,1,3,0,0,0,522725459,2166161467,1048575,18460,0,3,-332.887
522726434,1006,2760,-2,5520,231,442,441,0,0,0,1,3,0,0,0,522726471,2166161467,1048575,19473,0,3,-331.881
522727430,996,2758,-2,5522,231,442,441,0,0,0,1,3,0,0,0,522727461,2166161467,1048575,20462,0,3,-330.885
522728426,996,2756,-2,5524,228,442,441,0,0,0,1,3,0,0,0,522728458,2166161467,1048575,21460,0,3,-329.889
522729482,1056,2754,-2,5526,284,442,439,0,0,0,1,3,0,0,0,522729579,2166161467,1048575,22597,0,3,-328.833
522730619,1137,2753,-1,5527,426,442,430,0,0,0,1,3,0,0,0,522730779,2166161467,1048575,23804,0,3,-327.696
522731549,930,2751,-2,5529,354,442,439,0,0,0,1,3,0,0,0,522731620,2166161467,1048575,24630,0,3,-326.766
522732459,910,2749,-2,5531,263,441,439,0,0,0,1,3,0,0,0,522732512,2166161467,1048575,25523,0,3,-325.856
522733450,991,2747,-2,5533,257,441,439,0,0,0,1,3,0,0,0,522733494,2166161467,1048575,26503,0,3,-324.865
522734448,998,2745,-2,5535,256,442,447,0,0,0,1,3,0,0,0,522734501,2166161467,1048575,27508,0,3,-323.867
522735458,1010,2743,-2,5537,262,442,447,0,0,0,1,3,0,0,0,522735508,2166161467,1048575,28519,0,3,-322.857
522736440,982,2742,-1,5538,244,442,439,0,0,0,1,3,0,0,0,522736484,2166161467,1048575,29491,0,3,-321.875
522737452,1012,2740,-2,5540,261,442,439,0,0,0,1,3,0,0,0,522737496,2166161467,1048575,30505,0,3,-320.863
522738446,994,2738,-2,5542,251,442,439,0,0,0,1,3,0,0,0,522738499,2166161467,1048575,31506,0,3,-319.869
522739461,1015,2736,-2,5544,262,441,441,0,0,0,1,3,0,0,0,522739509,2166161467,1048575,32519,0,3,-318.854
522740509,1048,2734,-2,5546,310,441,441,0,0,0,1,3,0,0,0,522740596,2166161467,1048575,33612,0,3,-317.806
522741496,987,2733,-1,5547,296,441,435,0,0,0,1,3,0,0,0,522741536,2166161467,1048575,34541,0,3,-316.819
522742434,938,2731,-2,5549,233,441,443,0,0,0,1,3,0,0,0,522742476,2166161467,1048575,35479,0,3,-315.881
522743421,987,2729,-2,5551,231,441,442,0,0,0,1,3,0,0,0,522743452,2166161467,1048575,36454,0,3,-314.894
522744418,997,2728,-1,5552,228,441,434,0,0,0,1,3,0,0,0,522744450,2166161467,1048575,37451,0,3,-313.897
522745431,1013,2726,-2,5554,228,441,441,0,0,0,1,3,0,0,0,522745462,2166161467,1048575,38464,0,3,-312.884
522746434,1003,2724,-2,5556,231,441,441,0,0,0,1,3,0,0,0,522746471,2166161467,1048575,39472,0,3,-311.881
522747429,995,2722,-2,5558,231,441,441,0,0,0,1,3,0,0,0,522747460,2166161467,1048575,40462,0,3,-310.886
522748427,998,2720,-2,5560,229,441,441,0,0,0,1,3,0,0,0,522748458,2166161467,1048575,41460,0,3,-309.888
522749480,1053,2719,-1,5561,281,441,431,0,0,0,1,3,0,0,0,522749571,2166161467,1048575,42587,0,3,-308.835
522750634,1154,2716,-3,5564,439,441,446,0,0,0,1,3,0,0,0,522750800,2166161467,1048575,43826,0,3,-307.681
522751547,913,2715,-1,5565,350,441,439,0,0,0,1,3,0,0,0,522751610,2166161467,1048575,44618,0,3,-306.768
522752460,913,2713,-2,5567,269,441,439,0,0,0,1,3,0,0,0,522752510,2166161467,1048575,45520,0,3,-305.855
522753446,986,2712,-1,5568,255,440,431,0,0,0,1,3,0,0,0,522753487,2166161467,1048575,46493,0,3,-304.869
522754455,1009,2710,-2,5570,254,440,431,0,0,0,1,3,0,0,0,522754506,2166161467,1048575,47512,0,3,-303.86
522755451,996,2708,-2,5572,258,440,439,0,0,0,1,3,0,0,0,522755499,2166161467,1048575,48509,0,3,-302.864
522756449,998,2706,-2,5574,250,440,439,0,0,0,1,3,0,0,0,522756493,2166161467,1048575,49498,0,3,-301.866
522757448,999,2704,-2,5576,255,440,439,0,0,0,1,3,0,0,0,522757493,2166161467,1048575,0,0,3,-300.867
522758455,1007,2703,-1,5577,252,440,431,0,0,0,1,3,0,0,0,522758509,2166161467,1048575,469,0,3,-299.86
522759463,1008,2701,-2,5579,262,439,433,0,0,0,1,3,0,0,0,522759509,2166161467,1048575,1468,0,3,-298.852
522760501,1038,2699,-2,5581,302,439,433,0,0,0,1,3,0,0,0,522760590,2166161467,1048575,2564,0,3,-297.814
522761492,991,2698,-1,5582,292,439,435,0,0,0,1,3,0,0,0,522761526,2166161467,1048575,3485,0,3,-296.823
522762438,946,2696,-2,5584,234,439,435,0,0,0,1,3,0,0,0,522762475,2166161467,1048575,4430,0,3,-295.877
522763431,993,2694,-2,5586,231,438,434,0,0,0,1,3,0,0,0,522763464,2166161467,1048575,5420,0,3,-294.884
522764431,1000,2692,-2,5588,229,438,433,0,0,0,1,3,0,0,0,522764462,2166161467,1048575,6418,0,3,-293.884
522765428,997,2691,-1,5589,228,438,426,0,0,0,1,3,0,0,0,522765460,2166161467,1048575,7415,0,3,-292.887
522766434,1006,2689,-2,5591,231,437,426,0,0,0,1,3,0,0,0,522766471,2166161467,1048575,8427,0,3,-291.881
522767429,995,2687,-2,5593,231,437,433,0,0,0,1,3,0,0,0,522767460,2166161467,1048575,9415,0,3,-290.886
522768426,997,2685,-2,5595,229,437,434,0,0,0,1,3,0,0,0,522768457,2166161467,1048575,10413,0,3,-289.889
522769492,1066,2683,-2,5597,293,437,431,0,0,0,1,3,0,0,0,522769585,2166161467,1048575,11556,0,3,-288.823
522770595,1103,2681,-2,5599,404,436,430,0,0,0,1,3,0,0,0,522770778,2166161467,1048575,12757,0,3,-287.72
522771564,969,2679,-2,5601,363,437,438,0,0,0,1,3,0,0,0,522771636,2166161467,1048575,13599,0,3,-286.751
522772459,895,2678,-1,5602,262,436,431,0,0,0,1,3,0,0,0,522772505,2166161467,1048575,14468,0,3,-285.856
522773451,992,2676,-2,5604,252,436,431,0,0,0,1,3,0,0,0,522773499,2166161467,1048575,15460,0,3,-284.864
522774461,1010,2674,-2,5606,258,436,439,0,0,0,1,3,0,0,0,522774511,2166161467,1048575,16471,0,3,-283.854
522775458,997,2672,-2,5608,259,436,439,0,0,0,1,3,0,0,0,522775508,2166161467,1048575,17471,0,3,-282.857
522776439,981,2671,-1,5609,246,436,431,0,0,0,1,3,0,0,0,522776480,2166161467,1048575,18439,0,3,-281.876
522777448,1009,2669,-2,5611,254,436,431,0,0,0,1,3,0,0,0,522777497,2166161467,1048575,19458,0,3,-280.867
522778449,1001,2667,-2,5613,254,436,431,0,0,0,1,3,0,0,0,522778496,2166161467,1048575,20455,0,3,-279.866
522779455,1006,2665,-2,5615,258,436,433,0,0,0,1,3,0,0,0,522779502,2166161467,1048575,21464,0,3,-278.86
522780504,1049,2663,-2,5617,306,436,441,0,0,0,1,3,0,0,0,522780582,2166161467,1048575,22553,0,3,-277.811
522781504,1000,2661,-2,5619,306,436,435,0,0,0,1,3,0,0,0,522781548,2166161467,1048575,23508,0,3,-276.811
522782427,923,2660,-1,5620,233,436,435,0,0,0,1,3,0,0,0,522782471,2166161467,1048575,24428,0,3,-275.888
522783432,1005,2658,-2,5622,232,436,434,0,0,0,1,3,0,0,0,522783463,2166161467,1048575,25418,0,3,-274.883
522784429,997,2656,-2,5624,229,436,441,0,0,0,1,3,0,0,0,522784460,2166161467,1048575,26416,0,3,-273.886
522785427,998,2655,-1,5625,229,436,434,0,0,0,1,3,0,0,0,522785458,2166161467,1048575,27413,0,3,-272.888
522786434,1007,2652,-3,5628,231,436,441,0,0,0,1,3,0,0,0,522786471,2166161467,1048575,28426,0,3,-271.881
522787429,995,2651,-1,5629,231,436,433,0,0,0,1,3,0,0,0,522787460,2166161467,1048575,29416,0,3,-270.886
522788427,998,2649,-2,5631,229,436,433,0,0,0,1,3,0,0,0,522788458,2166161467,1048575,30414,0,3,-269.888
522789483,1056,2647,-2,5633,283,436,439,0,0,0,1,3,0,0,0,522789581,2166161467,1048575,31552,0,3,-268.832
522790620,1137,2645,-2,5635,425,436,438,0,0,0,1,3,0,0,0,522790788,2166161467,1048575,32768,0,3,-267.695
522791559,939,2643,-2,5637,355,436,447,0,0,0,1,3,0,0,0,522791619,2166161467,1048575,33581,0,3,-266.756
522792469,910,2642,-1,5638,264,437,439,0,0,0,1,3,0,0,0,522792519,2166161467,1048575,34484,0,3,-265.846
522793456,987,2640,-2,5640,252,437,439,0,0,0,1,3,0,0,0,522793501,2166161467,1048575,35462,0,3,-264.859
522794457,1001,2638,-2,5642,254,437,439,0,0,0,1,3,0,0,0,522794507,2166161467,1048575,36467,0,3,-263.858
522795451,994,2637,-1,5643,257,437,439,0,0,0,1,3,0,0,0,522795500,2166161467,1048575,37465,0,3,-262.864
522796445,994,2635,-2,5645,247,437,439,0,0,0,1,3,0,0,0,522796488,2166161467,1048575,38447,0,3,-261.87
522797444,999,2633,-2,5647,252,437,439,0,0,0,1,3,0,0,0,522797486,2166161467,1048575,39445,0,3,-260.871
522798444,1000,2631,-2,5649,250,437,439,0,0,0,1,3,0,0,0,522798494,2166161467,1048575,40454,0,3,-259.871
522799458,1014,2630,-1,5650,258,437,433,0,0,0,1,3,0,0,0,522799505,2166161467,1048575,41468,0,3,-258.857
522800506,1048,2628,-2,5652,306,437,433,0,0,0,1,3,0,0,0,522800600,2166161467,1048575,42572,0,3,-257.809
522801489,983,2626,-2,5654,297,437,435,0,0,0,1,3,0,0,0,522801526,2166161467,1048575,43484,0,3,-256.826
522802437,948,2624,-2,5656,233,437,435,0,0,0,1,3,0,0,0,522802479,2166161467,1048575,44435,0,3,-255.878
522803426,989,2622,-2,5658,231,437,441,0,0,0,1,3,0,0,0,522803458,2166161467,1048575,45413,0,3,-254.889
522804426,1000,2621,-1,5659,229,437,434,0,0,0,1,3,0,0,0,522804457,2166161467,1048575,46413,0,3,-253.889
522805426,1000,2619,-2,5661,228,437,434,0,0,0,1,3,0,0,0,522805457,2166161467,1048575,47412,0,3,-252.889
522806434,1008,2617,-2,5663,231,436,433,0,0,0,1,3,0,0,0,522806471,2166161467,1048575,48427,0,3,-251.881
522807429,995,2615,-2,5665,231,437,441,0,0,0,1,3,0,0,0,522807460,2166161467,1048575,49415,0,3,-250.886
522808426,997,2614,-1,5666,229,436,433,0,0,0,1,3,0,0,0,522808457,2166161467,1048575,2,0,3,-249.889
522809520,1094,2612,-2,5668,312,436,430,0,0,0,1,3,0,0,0,522809634,2166161467,1048575,624,0,3,-248.795
522810540,1020,2610,-2,5670,345,436,431,0,0,0,1,3,0,0,0,522810679,2166161467,1048575,1688,0,3,-247.775
522811541,1001,2608,-2,5672,346,436,431,0,0,0,1,3,0,0,0,522811634,2166161467,1048575,2627,0,3,-246.774
522812476,935,2607,-1,5673,275,436,431,0,0,0,1,3,0,0,0,522812523,2166161467,1048575,3504,0,3,-245.839
522813441,965,2605,-2,5675,249,435,431,0,0,0,1,3,0,0,0,522813496,2166161467,1048575,4480,0,3,-244.874
522814457,1016,2603,-2,5677,264,435,431,0,0,0,1,3,0,0,0,522814501,2166161467,1048575,5480,0,3,-243.858
522815451,994,2601,-2,5679,256,435,439,0,0,0,1,3,0,0,0,522815505,2166161467,1048575,6488,0,3,-242.864
522816460,1009,2600,-1,5680,256,435,423,0,0,0,1,3,0,0,0,522816504,2166161467,1048575,7485,0,3,-241.855
522817441,981,2598,-2,5682,248,435,431,0,0,0,1,3,0,0,0,522817494,2166161467,1048575,8478,0,3,-240.874
522818456,1015,2596,-2,5684,264,435,431,0,0,0,1,3,0,0,0,522818499,2166161467,1048575,9478,0,3,-239.859
522819455,999,2594,-2,5686,250,435,433,0,0,0,1,3,0,0,0,522819509,2166161467,1048575,10493,0,3,-238.86
522820467,1012,2592,-2,5688,272,434,433,0,0,0,1,3,0,0,0,522820593,2166161467,1048575,11589,0,3,-237.848
522821492,1025,2590,-2,5690,298,435,435,0,0,0,1,3,0,0,0,522821542,2166161467,1048575,12519,0,3,-236.823
522822427,935,2589,-1,5691,234,434,427,0,0,0,1,3,0,0,0,522822468,2166161467,1048575,13444,0,3,-235.888
522823426,999,2587,-2,5693,231,434,434,0,0,0,1,3,0,0,0,522823458,2166161467,1048575,14432,0,3,-234.889
522824424,998,2585,-2,5695,227,434,434,0,0,0,1,3,0,0,0,522824453,2166161467,1048575,15429,0,3,-233.891
522825420,996,2583,-2,5697,229,434,434,0,0,0,1,3,0,0,0,522825450,2166161467,1048575,16424,0,3,-232.895
522826418,998,2581,-2,5699,229,434,441,0,0,0,1,3,0,0,0,522826451,2166161467,1048575,17426,0,3,-231.897
522827435,1017,2580,-1,5700,231,434,433,0,0,0,1,3,0,0,0,522827468,2166161467,1048575,18443,0,3,-230.88
522828416,981,2578,-2,5702,226,434,434,0,0,0,1,3,0,0,0,522828445,2166161467,1048575,19421,0,3,-229.899
522829496,1080,2576,-2,5704,294,435,439,0,0,0,1,3,0,0,0,522829578,2166161467,1048575,20571,0,3,-228.819
522830607,1111,2574,-2,5706,409,435,438,0,0,0,1,3,0,0,0,522830770,2166161467,1048575,21767,0,3,-227.708
522831552,945,2572,-2,5708,355,435,439,0,0,0,1,3,0,0,0,522831620,2166161467,1048575,22605,0,3,-226.763
522832464,912,2571,-1,5709,267,435,431,0,0,0,1,3,0,0,0,522832515,2166161467,1048575,23499,0,3,-225.851
522833448,984,2569,-2,5711,255,435,431,0,0,0,1,3,0,0,0,522833492,2166161467,1048575,24473,0,3,-224.867
522834445,997,2567,-2,5713,254,435,439,0,0,0,1,3,0,0,0,522834500,2166161467,1048575,25481,0,3,-223.87
522835461,1016,2565,-2,5715,262,435,439,0,0,0,1,3,0,0,0,522835506,2166161467,1048575,26490,0,3,-222.854
522836444,983,2564,-1,5716,249,435,431,0,0,0,1,3,0,0,0,522836489,2166161467,1048575,27469,0,3,-221.871
522837449,1005,2562,-2,5718,255,435,431,0,0,0,1,3,0,0,0,522837492,2166161467,1048575,28472,0,3,-220.866
522838444,995,2560,-2,5720,248,435,439,0,0,0,1,3,0,0,0,522838497,2166161467,1048575,29478,0,3,-219.871
522839456,1012,2558,-2,5722,261,435,441,0,0,0,1,3,0,0,0,522839498,2166161467,1048575,30479,0,3,-218.859
522840513,1057,2557,-1,5723,316,435,433,0,0,0,1,3,0,0,0,522840598,2166161467,1048575,31591,0,3,-217.802
522841497,984,2555,-2,5725,293,435,434,0,0,0,1,3,0,0,0,522841535,2166161467,1048575,32512,0,3,-216.818
522842427,930,2553,-2,5727,233,435,435,0,0,0,1,3,0,0,0,522842471,2166161467,1048575,33447,0,3,-215.888
522843429,1002,2551,-2,5729,231,435,442,0,0,0,1,3,0,0,0,522843461,2166161467,1048575,34436,0,3,-214.886
522844427,998,2550,-1,5730,228,435,433,0,0,0,1,3,0,0,0,522844459,2166161467,1048575,35434,0,3,-213.888
522845426,999,2548,-2,5732,228,435,434,0,0,0,1,3,0,0,0,522845458,2166161467,1048575,36433,0,3,-212.889
522846435,1009,2546,-2,5734,231,435,433,0,0,0,1,3,0,0,0,522846472,2166161467,1048575,37448,0,3,-211.88
522847429,994,2544,-2,5736,231,435,441,0,0,0,1,3,0,0,0,522847460,2166161467,1048575,38435,0,3,-210.886
522848426,997,2543,-1,5737,228,435,433,0,0,0,1,3,0,0,0,522848457,2166161467,1048575,39433,0,3,-209.889
522849498,1072,2541,-2,5739,295,435,431,0,0,0,1,3,0,0,0,522849589,2166161467,1048575,40584,0,3,-208.817
522850601,1103,2539,-2,5741,403,435,429,0,0,0,1,3,0,0,0,522850762,2166161467,1048575,41769,0,3,-207.714
522851549,948,2537,-2,5743,355,435,430,0,0,0,1,3,0,0,0,522851627,2166161467,1048575,42613,0,3,-206.766
522852459,910,2536,-1,5744,266,434,431,0,0,0,1,3,0,0,0,522852505,2166161467,1048575,43487,0,3,-205.856
522853451,992,2534,-2,5746,253,434,431,0,0,0,1,3,0,0,0,522853496,2166161467,1048575,44477,0,3,-204.864
522854444,993,2532,-2,5748,251,434,431,0,0,0,1,3,0,0,0,522854494,2166161467,1048575,45475,0,3,-203.871
522855462,1018,2530,-2,5750,259,434,431,0,0,0,1,3,0,0,0,522855506,2166161467,1048575,46487,0,3,-202.853
522856445,983,2529,-1,5751,248,434,423,0,0,0,1,3,0,0,0,522856488,2166161467,1048575,47468,0,3,-201.87
522857445,1000,2527,-2,5753,252,434,431,0,0,0,1,3,0,0,0,522857491,2166161467,1048575,48471,0,3,-200.87
522858458,1013,2525,-2,5755,254,433,431,0,0,0,1,3,0,0,0,522858506,2166161467,1048575,49487,0,3,-199.857
522859448,990,2523,-2,5757,254,433,433,0,0,0,1,3,0,0,0,522859495,2166161467,1048575,1,0,3,-198.867
522860519,1071,2522,-1,5758,314,433,425,0,0,0,1,3,0,0,0,522860601,2166161467,1048575,576,0,3,-197.796
522861505,986,2520,-2,5760,303,433,427,0,0,0,1,3,0,0,0,522861551,2166161467,1048575,1514,0,3,-196.81
522862426,921,2518,-2,5762,235,433,427,0,0,0,1,3,0,0,0,522862469,2166161467,1048575,2427,0,3,-195.889
522863430,1004,2516,-2,5764,231,433,434,0,0,0,1,3,0,0,0,522863461,2166161467,1048575,3419,0,3,-194.885
522864427,997,2515,-1,5765,228,432,426,0,0,0,1,3,0,0,0,522864458,2166161467,1048575,4417,0,3,-193.888
522865428,1001,2513,-2,5767,229,432,426,0,0,0,1,3,0,0,0,522865459,2166161467,1048575,5417,0,3,-192.887
522866435,1007,2511,-2,5769,231,432,426,0,0,0,1,3,0,0,0,522866472,2166161467,1048575,6430,0,3,-191.88
522867430,995,2509,-2,5771,231,432,433,0,0,0,1,3,0,0,0,522867461,2166161467,1048575,7420,0,3,-190.885
522868428,998,2508,-1,5772,228,432,426,0,0,0,1,3,0,0,0,522868460,2166161467,1048575,8418,0,3,-189.887
522869482,1054,2505,-3,5775,281,432,431,0,0,0,1,3,0,0,0,522869575,2166161467,1048575,9550,0,3,-188.833
522870615,1133,2504,-1,5776,419,432,430,0,0,0,1,3,0,0,0,522870792,2166161467,1048575,10774,0,3,-187.7
522871546,931,2502,-2,5778,353,431,431,0,0,0,1,3,0,0,0,522871611,2166161467,1048575,11579,0,3,-186.769
522872462,916,2501,-1,5779,268,431,423,0,0,0,1,3,0,0,0,522872510,2166161467,1048575,12476,0,3,-185.853
522873452,990,2499,-2,5781,255,431,423,0,0,0,1,3,0,0,0,522873494,2166161467,1048575,13457,0,3,-184.863
522874454,1002,2497,-2,5783,254,431,431,0,0,0,1,3,0,0,0,522874508,2166161467,1048575,14471,0,3,-183.861
522875457,1003,2495,-2,5785,259,431,431,0,0,0,1,3,0,0,0,522875503,2166161467,1048575,15469,0,3,-182.858
522876442,985,2493,-2,5787,247,431,431,0,0,0,1,3,0,0,0,522876486,2166161467,1048575,16449,0,3,-181.873
522877449,1007,2492,-1,5788,254,431,423,0,0,0,1,3,0,0,0,522877494,2166161467,1048575,17457,0,3,-180.866
522878453,1004,2490,-2,5790,251,431,431,0,0,0,1,3,0,0,0,522878500,2166161467,1048575,18464,0,3,-179.862
522879456,1003,2488,-2,5792,261,431,433,0,0,0,1,3,0,0,0,522879502,2166161467,1048575,19466,0,3,-178.859
522880493,1037,2486,-2,5794,299,431,433,0,0,0,1,3,0,0,0,522880583,2166161467,1048575,20558,0,3,-177.822
522881492,999,2485,-1,5795,292,431,427,0,0,0,1,3,0,0,0,522881527,2166161467,1048575,21488,0,3,-176.823
522882425,933,2483,-2,5797,232,430,427,0,0,0,1,3,0,0,0,522882461,2166161467,1048575,22421,0,3,-175.89
522883422,997,2481,-2,5799,231,431,434,0,0,0,1,3,0,0,0,522883455,2166161467,1048575,23413,0,3,-174.893
522884423,1001,2480,-1,5800,228,430,426,0,0,0,1,3,0,0,0,522884455,2166161467,1048575,24413,0,3,-173.892
522885423,1000,2478,-2,5802,228,430,426,0,0,0,1,3,0,0,0,522885455,2166161467,1048575,25413,0,3,-172.892
522886431,1008,2476,-2,5804,231,430,426,0,0,0,1,3,0,0,0,522886468,2166161467,1048575,26427,0,3,-171.884
522887426,995,2474,-2,5806,231,430,433,0,0,0,1,3,0,0,0,522887457,2166161467,1048575,27416,0,3,-170.889
522888426,1000,2473,-1,5807,229,430,426,0,0,0,1,3,0,0,0,522888457,2166161467,1048575,28416,0,3,-169.889
522889487,1061,2471,-2,5809,288,430,423,0,0,0,1,3,0,0,0,522889588,2166161467,1048575,29566,0,3,-168.828
522890621,1134,2469,-2,5811,423,430,430,0,0,0,1,3,0,0,0,522890785,2166161467,1048575,30761,0,3,-167.694
522891558,937,2467,-2,5813,358,430,431,0,0,0,1,3,0,0,0,522891628,2166161467,1048575,31597,0,3,-166.757
522892458,900,2466,-1,5814,262,429,423,0,0,0,1,3,0,0,0,522892508,2166161467,1048575,32473,0,3,-165.857
522893446,988,2464,-2,5816,255,429,423,0,0,0,1,3,0,0,0,522893490,2166161467,1048575,33454,0,3,-164.869
522894457,1011,2462,-2,5818,255,429,431,0,0,0,1,3,0,0,0,522894508,2166161467,1048575,34471,0,3,-163.858
522895452,995,2460,-2,5820,256,429,431,0,0,0,1,3,0,0,0,522895500,2166161467,1048575,35466,0,3,-162.863
522896446,994,2458,-2,5822,248,429,431,0,0,0,1,3,0,0,0,522896489,2166161467,1048575,36452,0,3,-161.869
522897444,998,2457,-1,5823,252,429,423,0,0,0,1,3,0,0,0,522897488,2166161467,1048575,37451,0,3,-160.871
522898445,1001,2455,-2,5825,250,429,431,0,0,0,1,3,0,0,0,522898495,2166161467,1048575,38459,0,3,-159.87
522899462,1017,2453,-2,5827,260,429,433,0,0,0,1,3,0,0,0,522899508,2166161467,1048575,39472,0,3,-158.853
522900495,1033,2452,-1,5828,297,429,417,0,0,0,1,3,0,0,0,522900581,2166161467,1048575,40557,0,3,-157.82
522901494,999,2450,-2,5830,298,429,427,0,0,0,1,3,0,0,0,522901532,2166161467,1048575,41493,0,3,-156.821
522902435,941,2448,-2,5832,234,429,427,0,0,0,1,3,0,0,0,522902477,2166161467,1048575,42437,0,3,-155.88
522903422,987,2447,-1,5833,231,429,426,0,0,0,1,3,0,0,0,522903453,2166161467,1048575,43411,0,3,-154.893
522904423,1001,2445,-2,5835,228,429,426,0,0,0,1,3,0,0,0,522904454,2166161467,1048575,44413,0,3,-153.892
522905424,1001,2443,-2,5837,229,428,426,0,0,0,1,3,0,0,0,522905454,2166161467,1048575,45413,0,3,-152.891
522906431,1007,2441,-2,5839,231,428,426,0,0,0,1,3,0,0,0,522906468,2166161467,1048575,46426,0,3,-151.884
522907426,995,2440,-1,5840,231,428,418,0,0,0,1,3,0,0,0,522907458,2166161467,1048575,47417,0,3,-150.889
522908426,1000,2438,-2,5842,228,428,426,0,0,0,1,3,0,0,0,522908458,2166161467,1048575,48416,0,3,-149.889
522909477,1051,2436,-2,5844,279,428,423,0,0,0,1,3,0,0,0,522909580,2166161467,1048575,49556,0,3,-148.838
522910632,1155,2434,-2,5846,433,427,421,0,0,0,1,3,0,0,0,522910791,2166161467,1048575,1,0,3,-147.683
522911860,1228,2432,-2,5848,333,427,426,0,0,0,1,3,0,0,0,522911964,2166161467,1048575,570,0,3,-146.455
522912452,592,2431,-1,5849,258,427,423,0,0,0,1,3,0,0,0,522912502,2166161467,1048575,1094,0,3,-145.863
522913458,1006,2430,-1,5850,257,427,415,0,0,0,1,3,0,0,0,522913505,2166161467,1048575,2094,0,3,-144.857
522914469,1011,2428,-2,5852,265,426,423,0,0,0,1,3,0,0,0,522914523,2166161467,1048575,3115,0,3,-143.846
522915463,994,2426,-2,5854,259,426,423,0,0,0,1,3,0,0,0,522915517,2166161467,1048575,4109,0,3,-142.852
522916444,981,2424,-2,5856,249,426,423,0,0,0,1,3,0,0,0,522916494,2166161467,1048575,5085,0,3,-141.871
522917461,1017,2422,-2,5858,256,426,423,0,0,0,1,3,0,0,0,522917507,2166161467,1048575,6096,0,3,-140.854
522918466,1005,2421,-1,5859,263,426,423,0,0,0,1,3,0,0,0,522918520,2166161467,1048575,7116,0,3,-139.849
522919449,983,2419,-2,5861,257,426,425,0,0,0,1,3,0,0,0,522919502,2166161467,1048575,8093,0,3,-138.866
522920509,1060,2417,-2,5863,306,426,425,0,0,0,1,3,0,0,0,522920593,2166161467,1048575,9195,0,3,-137.806
522921492,983,2415,-2,5865,292,426,427,0,0,0,1,3,0,0,0,522921535,2166161467,1048575,10121,0,3,-136.823
522922428,936,2413,-2,5867,236,426,427,0,0,0,1,3,0,0,0,522922465,2166161467,1048575,11049,0,3,-135.887
522923432,1004,2412,-1,5868,229,426,426,0,0,0,1,3,0,0,0,522923463,2166161467,1048575,12048,0,3,-134.883
522924429,997,2410,-2,5870,228,426,426,0,0,0,1,3,0,0,0,522924461,2166161467,1048575,13045,0,3,-133.886
522925427,998,2408,-2,5872,229,426,426,0,0,0,1,3,0,0,0,522925458,2166161467,1048575,14042,0,3,-132.888
522926439,1012,2407,-1,5873,234,426,418,0,0,0,1,3,0,0,0,522926476,2166161467,1048575,15061,0,3,-131.876
522927428,989,2405,-2,5875,228,425,418,0,0,0,1,3,0,0,0,522927459,2166161467,1048575,16043,0,3,-130.887
522928426,998,2403,-2,5877,228,425,426,0,0,0,1,3,0,0,0,522928458,2166161467,1048575,17042,0,3,-129.889
522929493,1067,2401,-2,5879,286,425,423,0,0,0,1,3,0,0,0,522929581,2166161467,1048575,18184,0,3,-128.822
522930585,1092,2399,-2,5881,393,425,430,0,0,0,1,3,0,0,0,522930741,2166161467,1048575,19358,0,3,-127.73
522931559,974,2398,-1,5882,360,425,422,0,0,0,1,3,0,0,0,522931639,2166161467,1048575,20235,0,3,-126.756
522932457,898,2396,-2,5884,262,425,423,0,0,0,1,3,0,0,0,522932504,2166161467,1048575,21098,0,3,-125.858
522933454,997,2394,-2,5886,254,425,431,0,0,0,1,3,0,0,0,522933500,2166161467,1048575,22088,0,3,-124.861
522934450,996,2393,-1,5887,255,425,423,0,0,0,1,3,0,0,0,522934504,2166161467,1048575,23095,0,3,-123.865
522935458,1008,2391,-2,5889,258,425,423,0,0,0,1,3,0,0,0,522935504,2166161467,1048575,24095,0,3,-122.857
522936444,986,2389,-2,5891,247,425,423,0,0,0,1,3,0,0,0,522936486,2166161467,1048575,25075,0,3,-121.871
522937445,1001,2388,-1,5892,252,425,423,0,0,0,1,3,0,0,0,522937491,2166161467,1048575,26080,0,3,-120.87
522938459,1014,2386,-2,5894,255,425,423,0,0,0,1,3,0,0,0,522938512,2166161467,1048575,27103,0,3,-119.856
522939456,997,2384,-2,5896,259,425,425,0,0,0,1,3,0,0,0,522939502,2166161467,1048575,28092,0,3,-118.859
522940510,1054,2382,-2,5898,307,425,425,0,0,0,1,3,0,0,0,522940588,2166161467,1048575,29186,0,3,-117.805
522941501,991,2381,-1,5899,302,425,419,0,0,0,1,3,0,0,0,522941544,2166161467,1048575,30132,0,3,-116.814
522942438,937,2379,-2,5901,234,425,423,0,0,0,1,3,0,0,0,522942479,2166161467,1048575,31065,0,3,-115.877
522943426,988,2377,-2,5903,231,425,426,0,0,0,1,3,0,0,0,522943457,2166161467,1048575,32042,0,3,-114.889
522944426,1000,2375,-2,5905,228,425,434,0,0,0,1,3,0,0,0,522944457,2166161467,1048575,33042,0,3,-113.889
522945426,1000,2374,-1,5906,228,425,426,0,0,0,1,3,0,0,0,522945457,2166161467,1048575,34042,0,3,-112.889
522946434,1008,2372,-2,5908,231,425,426,0,0,0,1,3,0,0,0,522946471,2166161467,1048575,35055,0,3,-111.881
522947429,995,2370,-2,5910,231,425,425,0,0,0,1,3,0,0,0,522947460,2166161467,1048575,36045,0,3,-110.886
522948427,998,2369,-1,5911,229,425,418,0,0,0,1,3,0,0,0,522948458,2166161467,1048575,37043,0,3,-109.888
522949485,1058,2367,-2,5913,281,425,423,0,0,0,1,3,0,0,0,522949577,2166161467,1048575,38178,0,3,-108.83
522950622,1137,2365,-2,5915,417,425,422,0,0,0,1,3,0,0,0,522950788,2166161467,1048575,39395,0,3,-107.693
522951546,924,2363,-2,5917,352,425,422,0,0,0,1,3,0,0,0,522951607,2166161467,1048575,40199,0,3,-106.769
522952462,916,2362,-1,5918,265,424,415,0,0,0,1,3,0,0,0,522952514,2166161467,1048575,41109,0,3,-105.853
522953449,987,2360,-2,5920,252,424,423,0,0,0,1,3,0,0,0,522953493,2166161467,1048575,42083,0,3,-104.866
522954458,1009,2359,-1,5921,255,424,415,0,0,0,1,3,0,0,0,522954508,2166161467,1048575,43097,0,3,-103.857
522955451,993,2357,-2,5923,255,423,415,0,0,0,1,3,0,0,0,522955500,2166161467,1048575,44094,0,3,-102.864
522956446,995,2355,-2,5925,248,423,423,0,0,0,1,3,0,0,0,522956488,2166161467,1048575,45075,0,3,-101.869
522957444,998,2353,-2,5927,252,423,423,0,0,0,1,3,0,0,0,522957485,2166161467,1048575,46074,0,3,-100.871
522958454,1010,2352,-1,5928,249,423,415,0,0,0,1,3,0,0,0,522958505,2166161467,1048575,47094,0,3,-99.861
522959457,1003,2350,-2,5930,257,423,417,0,0,0,1,3,0,0,0,522959500,2166161467,1048575,48091,0,3,-98.858
522960492,1035,2348,-2,5932,299,423,417,0,0,0,1,3,0,0,0,522960582,2166161467,1048575,49183,0,3,-97.823
522961494,1002,2346,-2,5934,294,422,419,0,0,0,1,3,0,0,0,522961529,2166161467,1048575,0,0,3,-96.821
522962431,937,2345,-1,5935,237,422,419,0,0,0,1,3,0,0,0,522962476,2166161467,1048575,409,0,3,-95.884
522963427,996,2343,-2,5937,236,422,418,0,0,0,1,3,0,0,0,522963458,2166161467,1048575,1391,0,3,-94.888
522964425,998,2341,-2,5939,228,422,418,0,0,0,1,3,0,0,0,522964457,2166161467,1048575,2389,0,3,-93.89
522965425,1000,2339,-2,5941,228,422,426,0,0,0,1,3,0,0,0,522965456,2166161467,1048575,3388,0,3,-92.89
522966431,1006,2338,-1,5942,231,422,418,0,0,0,1,3,0,0,0,522966468,2166161467,1048575,4401,0,3,-91.884
522967425,994,2336,-2,5944,231,422,418,0,0,0,1,3,0,0,0,522967456,2166161467,1048575,5389,0,3,-90.89
522968425,1000,2334,-2,5946,229,422,426,0,0,0,1,3,0,0,0,522968456,2166161467,1048575,6389,0,3,-89.89
522969501,1076,2332,-2,5948,298,422,423,0,0,0,1,3,0,0,0,522969600,2166161467,1048575,7550,0,3,-88.814
522970594,1093,2331,-1,5949,399,422,414,0,0,0,1,3,0,0,0,522970762,2166161467,1048575,8729,0,3,-87.721
522971547,953,2329,-2,5951,355,422,423,0,0,0,1,3,0,0,0,522971624,2166161467,1048575,9566,0,3,-86.768
522972466,919,2327,-2,5953,266,422,423,0,0,0,1,3,0,0,0,522972512,2166161467,1048575,10452,0,3,-85.849
522973445,979,2325,-2,5955,254,422,423,0,0,0,1,3,0,0,0,522973492,2166161467,1048575,11429,0,3,-84.87
522974447,1002,2324,-1,5956,255,421,415,0,0,0,1,3,0,0,0,522974495,2166161467,1048575,12432,0,3,-83.868
522975451,1004,2322,-2,5958,259,421,423,0,0,0,1,3,0,0,0,522975501,2166161467,1048575,13442,0,3,-82.864
522976448,997,2320,-2,5960,248,422,423,0,0,0,1,3,0,0,0,522976488,2166161467,1048575,14424,0,3,-81.867
522977447,999,2319,-1,5961,255,421,415,0,0,0,1,3,0,0,0,522977494,2166161467,1048575,15431,0,3,-80.868
522990884,13437,2298,-21,5982,429,413,402,0,0,0,1,5,1,350,0,522991036,2164654113,1048575,2,0,2,-67.431
522991934,1050,2297,-1,5983,268,412,393,0,0,0,1,5,1,350,0,522992004,2164654113,1048575,420,0,2,-66.381
522992716,782,2296,-1,5984,264,412,395,0,0,0,1,5,1,350,0,522992756,2164654113,1048575,1163,0,2,-65.599
522993713,997,2296,0,5984,246,410,379,0,0,0,1,5,1,350,0,522993761,2164654113,1048575,2171,0,2,-64.602
522994725,1012,2296,0,5984,263,409,363,0,0,0,1,5,1,350,0,522994769,2164654113,1048575,3179,0,2,-63.59
522995705,980,2296,0,5984,249,406,347,0,0,0,1,5,1,350,0,522995751,2164654113,1048575,4162,0,2,-62.61
522996723,1018,2297,1,5983,259,403,330,0,0,0,1,5,1,350,0,522996763,2164654113,1048575,5170,0,2,-61.592
522997707,984,2298,1,5982,246,399,306,0,0,0,1,5,1,350,0,522997754,2164654113,1048575,6169,0,2,-60.608
522998723,1016,2299,1,5981,265,395,282,0,0,0,1,5,1,350,0,522998774,2164654113,1048575,7180,0,2,-59.592
522999714,991,2299,0,5981,256,390,267,0,0,0,1,5,1,350,0,522999762,2164654113,1048575,8175,0,2,-58.601
523000757,1043,2299,0,5981,301,384,259,0,0,0,1,5,1,350,0,523000827,2164654113,1048575,9250,0,2,-57.558
523001696,939,2298,-1,5982,242,380,251,0,0,0,1,5,1,350,0,523001731,2164654113,1048575,10137,0,2,-56.619
523002707,1011,2297,-1,5983,245,374,242,0,0,0,1,5,1,350,0,523002746,2164654113,1048575,11153,0,2,-55.608
523003703,996,2297,0,5983,241,368,226,0,0,0,1,5,1,350,0,523003738,2164654113,1048575,12144,0,2,-54.612
523004705,1002,2296,-1,5984,238,363,226,0,0,0,1,5,1,350,0,523004741,2164654113,1048575,13147,0,2,-53.61
523005695,990,2296,0,5984,238,357,210,0,0,0,1,5,1,350,0,523005731,2164654113,1048575,14137,0,2,-52.62
523006703,1008,2296,0,5984,238,350,194,0,0,0,1,5,1,350,0,523006740,2164654113,1048575,15146,0,2,-51.612
523007698,995,2295,-1,5985,241,344,194,0,0,0,1,5,1,350,0,523007733,2164654113,1048575,16140,0,2,-50.617
523008700,1002,2294,-1,5986,238,338,195,0,0,0,1,5,1,350,0,523008736,2164654113,1048575,17143,0,2,-49.615
523009813,1113,2292,-2,5988,334,332,204,0,0,0,1,5,1,350,0,523009910,2164654113,1048575,18343,0,2,-48.502
523010853,1040,2290,-2,5990,397,328,212,0,0,0,1,5,1,350,0,523011011,2164654113,1048575,19445,0,2,-47.462
523011766,913,2288,-2,5992,311,324,221,0,0,0,1,5,1,350,0,523011827,2164654113,1048575,20242,0,2,-46.549
523012719,953,2287,-1,5993,266,320,221,0,0,0,1,5,1,350,0,523012783,2164654113,1048575,21194,0,2,-45.596
523013717,998,2286,-1,5994,255,316,222,0,0,0,1,5,1,350,0,523013762,2164654113,1048575,22174,0,2,-44.598
523014722,1005,2284,-2,5996,266,313,229,0,0,0,1,5,1,350,0,523014776,2164654113,1048575,23187,0,2,-43.593
523015716,994,2282,-2,5998,264,310,236,0,0,0,1,5,1,350,0,523015766,2164654113,1048575,24176,0,2,-42.599
523016715,999,2281,-1,5999,249,307,236,0,0,0,1,5,1,350,0,523016762,2164654113,1048575,25172,0,2,-41.6
523017726,1011,2279,-2,6001,263,304,242,0,0,0,1,5,1,350,0,523017775,2164654113,1048575,26186,0,2,-40.589
523018728,1002,2277,-2,6003,265,302,248,0,0,0,1,5,1,350,0,523018782,2164654113,1048575,27192,0,2,-39.587
523019719,991,2275,-2,6005,258,300,254,0,0,0,1,5,1,350,0,523019772,2164654113,1048575,28185,0,2,-38.596
523020773,1054,2273,-2,6007,319,299,259,0,0,0,1,5,1,350,0,523020859,2164654113,1048575,29281,0,2,-37.542
523021696,923,2271,-2,6009,243,295,214,0,0,0,1,5,1,350,0,523021732,2164654113,1048575,30138,0,2,-36.619
523022711,1015,2269,-2,6011,246,293,222,0,0,0,1,5,1,350,0,523022753,2164654113,1048575,31160,0,2,-35.604
523023704,993,2267,-2,6013,238,290,228,0,0,0,1,5,1,350,0,523023743,2164654113,1048575,32150,0,2,-34.611
523024697,993,2266,-1,6014,238,288,236,0,0,0,1,5,1,350,0,523024735,2164654113,1048575,33142,0,2,-33.618
523025701,1004,2263,-3,6017,238,287,260,0,0,0,1,5,1,350,0,523025739,2164654113,1048575,34145,0,2,-32.614
523026707,1006,2261,-2,6019,240,286,276,0,0,0,1,5,1,350,0,523026748,2164654113,1048575,35155,0,2,-31.608
523027700,993,2259,-2,6021,239,287,299,0,0,0,1,5,1,350,0,523027738,2164654113,1048575,36144,0,2,-30.615
523028703,1003,2257,-2,6023,239,288,323,0,0,0,1,5,1,350,0,523028741,2164654113,1048575,37148,0,2,-29.612
523029801,1098,2254,-3,6026,342,292,365,0,0,0,1,5,1,350,0,523029889,2164654113,1048575,38333,0,2,-28.514
523030871,1070,2252,-2,6028,410,295,381,0,0,0,1,5,1,350,0,523031035,2164654113,1048575,39465,0,2,-27.444
523031760,889,2249,-3,6031,305,299,398,0,0,0,1,5,1,350,0,523031818,2164654113,1048575,40229,0,2,-26.555
523032719,959,2247,-2,6033,267,303,407,0,0,0,1,5,1,350,0,523032779,2164654113,1048575,41192,0,2,-25.596
523033712,993,2244,-3,6036,251,308,431,0,0,0,1,5,1,350,0,523033753,2164654113,1048575,42163,0,2,-24.603
523034725,1013,2241,-3,6039,264,314,447,0,0,0,1,5,1,350,0,523034780,2164654113,1048575,43192,0,2,-23.59
523035713,988,2238,-3,6042,261,320,472,0,0,0,1,5,1,350,0,523035760,2164654113,1048575,44168,0,2,-22.602
523036710,997,2235,-3,6045,250,327,496,0,0,0,1,5,1,350,0,523036761,2164654113,1048575,45174,0,2,-21.605
523037717,1007,2234,-1,6046,261,333,496,0,0,0,1,5,1,350,0,523037762,2164654113,1048575,46171,0,2,-20.598
523038715,998,2232,-2,6048,259,340,504,0,0,0,1,5,1,350,0,523038771,2164654113,1048575,47180,0,2,-19.6
523039713,998,2231,-1,6049,260,346,496,0,0,0,1,5,1,350,0,523039756,2164654113,1048575,48169,0,2,-18.602
523040764,1051,2229,-2,6051,311,352,497,0,0,0,1,5,1,350,0,523040853,2164654113,1048575,49274,0,2,-17.551
523041696,932,2228,-1,6052,243,357,491,0,0,0,1,5,1,350,0,523041734,2164654121,1048575,2,0,2,-16.619
523042705,1009,2226,-2,6054,252,363,489,0,0,0,1,5,1,350,0,523042750,2164654121,1048575,481,0,2,-15.61
523043693,988,2225,-1,6055,238,367,489,0,0,0,1,5,1,350,0,523043732,2164654121,1048575,1461,0,2,-14.622
523044700,1007,2223,-2,6057,237,373,496,0,0,0,1,5,1,350,0,523044738,2164654121,1048575,2468,0,2,-13.615
523045704,1004,2222,-1,6058,237,377,489,0,0,0,1,5,1,350,0,523045742,2164654121,1048575,3472,0,2,-12.611
523046697,993,2221,-1,6059,239,381,481,0,0,0,1,5,1,350,0,523046738,2164654121,1048575,4467,0,2,-11.618
523047704,1007,2219,-2,6061,237,385,488,0,0,0,1,5,1,350,0,523047742,2164654121,1048575,5472,0,2,-10.611
523048696,992,2218,-1,6062,237,389,481,0,0,0,1,5,1,350,0,523048735,2164654121,1048575,6464,0,2,-9.619
523049802,1106,2218,0,6062,345,392,463,0,0,0,1,5,1,350,0,523049893,2164654121,1048575,7651,0,2,-8.513
523050905,1103,2217,-1,6063,436,395,454,0,0,0,1,5,1,350,0,523051063,2164654121,1048575,8819,0,2,-7.41
523051763,858,2217,0,6063,300,396,438,0,0,0,1,5,1,350,0,523051818,2164654121,1048575,9553,0,2,-6.552
523052728,965,2217,0,6063,265,397,423,0,0,0,1,5,1,350,0,523052792,2164654121,1048575,10526,0,2,-5.587
523053703,975,2216,-1,6064,250,398,418,0,0,0,1,5,1,350,0,523053747,2164654121,1048575,11482,0,2,-4.612
523054720,1017,2215,-1,6065,266,399,415,0,0,0,1,5,1,350,0,523054779,2164654121,1048575,12514,0,2,-3.595
523055721,1001,2214,-1,6066,256,399,398,0,0,0,1,5,1,350,0,523055767,2164654121,1048575,13500,0,2,-2.594
523056707,986,2212,-2,6068,250,399,399,0,0,0,1,5,1,350,0,523056758,2164654121,1048575,14491,0,2,-1.608
523058315,1608,2209,-3,6071,463,399,399,379,379,1636,1,6,1,350,1,523058501,2164654121,1048575,16252,0,0,0.0
523058970,655,2208,-1,6072,309,399,395,379,379,1635,1,6,1,350,1,523059031,2164654121,1048575,16766,0,0,0.655
523059719,749,2207,-1,6073,261,399,394,379,379,1634,1,6,1,350,2,523059761,2164654121,1048575,17490,0,0,1.404
523060772,1053,2206,-1,6074,306,398,378,379,379,1633,1,6,1,350,4,523060852,2164654121,1048575,18597,0,0,2.457
523061721,949,2204,-2,6076,254,397,380,379,379,1631,1,6,1,350,5,523061762,2164654121,1048575,19493,0,0,3.406
523062742,1021,2202,-2,6078,275,396,366,379,379,1629,1,6,1,350,6,523062810,2164654121,1048575,20549,0,0,4.427
523063706,964,2201,-1,6079,246,395,362,379,379,1629,1,6,1,350,7,523063746,2164654121,1048575,21476,0,0,5.391
523064690,984,2199,-2,6081,237,393,355,379,379,1627,1,6,1,350,8,523064730,2164654121,1048575,22460,0,0,6.375
523065692,1002,2197,-2,6083,237,391,347,379,379,1625,1,6,1,350,10,523065732,2164654121,1048575,23461,0,0,7.377
523066736,1044,2196,-1,6084,272,388,317,379,379,1624,1,6,1,350,11,523066796,2164654121,1048575,24532,0,0,8.421
523067699,963,2194,-2,6086,246,386,323,379,379,1622,1,6,1,350,12,523067739,2164654121,1048575,25468,0,0,9.384
523068701,1002,2193,-1,6087,238,383,323,379,379,1622,1,6,1,350,13,523068741,2164654121,1048575,26471,0,0,10.386
523069831,1130,2191,-2,6089,359,381,324,379,379,1620,1,6,1,350,15,523069944,2164654121,1048575,27719,0,0,11.516
523070868,1037,2189,-2,6091,409,378,324,379,379,1618,1,6,1,350,16,523071035,2164654121,1048575,28785,0,0,12.553
523071832,964,2187,-2,6093,372,377,332,379,379,1616,1,6,1,350,17,523071926,2164654121,1048575,29683,0,0,13.517
523072721,889,2186,-1,6094,263,375,325,379,379,1615,1,6,1,350,18,523072779,2164654121,1048575,30515,0,0,14.406
523073719,998,2184,-2,6096,267,373,333,379,379,1614,1,6,1,350,19,523073772,2164654121,1048575,31506,0,0,15.404
523074756,1037,2182,-2,6098,291,372,333,379,379,1612,1,6,1,350,21,523074832,2164654121,1048575,32575,0,0,16.441
523075730,974,2180,-2,6100,275,370,342,379,379,1610,1,6,1,350,22,523075790,2164654121,1048575,33524,0,0,17.415
523076737,1007,2179,-1,6101,274,369,341,379,379,1609,1,6,1,350,23,523076794,2164654121,1048575,34532,0,0,18.422
523077731,994,2177,-2,6103,269,368,341,379,379,1608,1,6,1,350,24,523077786,2164654121,1048575,35521,0,0,19.416
523078745,1014,2176,-1,6104,285,367,341,379,379,1607,1,6,1,350,25,523078818,2164654121,1048575,36556,0,0,20.43
523079745,1000,2174,-2,6106,285,366,346,379,379,1605,1,6,1,350,27,523079804,2164654121,1048575,37541,0,0,21.43
523080841,1096,2172,-2,6108,378,366,362,379,379,1603,1,6,1,350,28,523080933,2164654121,1048575,38680,0,0,22.526
523081741,900,2170,-2,6110,277,366,372,379,379,1601,1,6,1,350,29,523081779,2164654121,1048575,39510,0,0,23.426
523082751,1010,2169,-1,6111,291,367,390,366,379,1600,1,6,1,350,30,523082820,2164654121,1048575,40561,0,0,24.436
523083715,964,2167,-2,6113,250,368,399,366,379,1599,1,6,1,350,31,523083759,2164654121,1048575,41488,0,0,25.4
523084690,975,2165,-2,6115,238,370,402,366,379,1597,1,6,1,350,33,523084730,2164654121,1048575,42460,0,0,26.375
523085690,1000,2164,-1,6116,237,371,402,366,379,1596,1,6,1,350,34,523085731,2164654121,1048575,43460,0,0,27.375
523086735,1045,2162,-2,6118,278,372,407,366,379,1594,1,6,1,350,35,523086800,2164654121,1048575,44537,0,0,28.42
523087714,979,2160,-2,6120,250,374,409,366,379,1593,1,6,1,350,36,523087756,2164654121,1048575,45486,0,0,29.399
523088704,990,2159,-1,6121,237,375,402,366,379,1592,1,6,1,350,37,523088744,2164654121,1048575,46474,0,0,30.389
523089852,1148,2157,-2,6123,396,376,405,366,379,1590,1,6,1,350,39,523090002,2164654121,1048575,47781,0,0,31.537
523090808,956,2155,-2,6125,342,378,415,366,379,1588,1,6,1,350,40,523090968,2164654121,1048575,48739,0,0,32.493
523091824,1016,2154,-1,6126,359,379,406,366,379,1587,1,6,1,350,41,523091960,2164654121,1048575,49733,0,0,33.509
523092733,909,2152,-2,6128,275,380,409,366,379,1586,1,6,1,350,42,523092784,393342,629,1,0,0,34.418
523093730,997,2150,-2,6130,274,381,415,366,379,1584,1,6,1,350,44,523093787,393342,629,466,0,0,35.415
523094766,1036,2149,-1,6131,311,382,406,366,379,1583,1,6,1,350,45,523094844,393342,629,1522,0,0,36.451
523095732,966,2147,-2,6133,273,383,406,366,379,1581,1,6,1,350,46,523095789,393342,629,2462,0,0,37.417
523096727,995,2145,-2,6135,270,384,409,366,379,1579,1,6,1,350,47,523096786,393342,629,3460,0,0,38.412
523097734,1007,2144,-1,6136,269,385,406,366,379,1579,1,6,1,350,48,523097790,393342,629,4460,0,0,39.419
523098769,1035,2142,-2,6138,304,386,414,366,379,1577,1,6,1,350,50,523098841,393342,629,5515,0,0,40.454
523099743,974,2140,-2,6140,278,387,417,366,379,1575,1,6,1,350,51,523099804,393342,629,6477,0,0,41.428
523100758,1015,2139,-1,6141,298,388,410,366,379,1574,1,6,1,350,52,523100885,393342,629,7563,0,0,42.443
523101776,1018,2137,-2,6143,314,389,411,366,379,1572,1,6,1,350,53,523101833,393342,629,8506,0,0,43.461
523102737,961,2135,-2,6145,282,390,415,366,379,1571,1,6,1,350,54,523102804,393342,629,9479,0,0,44.422
523103706,969,2134,-1,6146,247,391,410,366,379,1570,1,6,1,350,56,523103746,393342,629,10411,0,0,45.391
523104697,991,2132,-2,6148,241,392,410,366,378,1568,1,6,1,350,57,523104737,393342,629,11401,0,0,46.382
523105695,998,2131,-1,6149,237,392,402,366,378,1567,1,6,1,350,58,523105735,393342,629,12399,0,0,47.38
523106726,1031,2129,-2,6151,268,392,402,366,376,1565,1,6,1,350,59,523106785,393342,629,13457,0,0,48.411
523107713,987,2127,-2,6153,253,393,410,366,376,1564,1,6,1,350,60,523107762,393342,629,14426,0,0,49.398
523108697,984,2125,-2,6155,239,394,410,366,374,1562,1,6,1,350,62,523108740,393342,629,15407,0,0,50.382
523109839,1142,2124,-1,6156,374,394,406,366,371,1561,1,6,1,350,63,523109971,393342,629,16682,0,0,51.524
523110868,1029,2122,-2,6158,409,395,407,366,371,1559,1,6,1,350,64,523111046,393342,629,17749,0,0,52.553
523111830,962,2120,-2,6160,375,395,406,366,369,1557,1,6,1,350,65,523111926,393342,629,18625,0,0,53.515
523112720,890,2119,-1,6161,268,395,402,366,369,1557,1,6,1,350,66,523112780,393342,629,19447,0,0,54.405
523113721,1001,2117,-2,6163,260,396,407,366,367,1555,1,6,1,350,68,523113775,393342,629,20444,0,0,55.406
523114766,1045,2115,-2,6165,301,396,406,366,365,1553,1,6,1,350,69,523114836,393342,629,21513,0,0,56.451
523115725,959,2114,-1,6166,269,397,406,366,365,1552,1,6,1,350,70,523115788,393342,629,22458,0,0,57.41
523116740,1015,2112,-2,6168,276,397,407,366,366,1550,1,6,1,350,71,523116801,393342,629,23475,0,0,58.425
523117722,982,2111,-1,6169,265,397,399,366,366,1550,1,6,1,350,72,523117782,393342,629,24451,0,0,59.407
523118760,1038,2109,-2,6171,293,398,406,366,366,1548,1,6,1,350,74,523118830,393342,629,25504,0,0,60.445
523119730,970,2107,-2,6173,273,398,409,366,366,1546,1,6,1,350,75,523119792,393342,629,26465,0,0,61.415
523120784,1054,2105,-2,6175,320,398,410,366,366,1544,1,6,1,350,76,523120870,393342,629,27555,0,0,62.469
523121765,981,2104,-1,6176,301,399,402,366,366,1543,1,6,1,350,77,523121812,393342,629,28480,0,0,63.45
523122733,968,2102,-2,6178,279,399,407,366,366,1542,1,6,1,350,78,523122802,393342,629,29474,0,0,64.418
523123713,980,2100,-2,6180,249,399,410,366,366,1540,1,6,1,350,79,523123753,393342,629,30417,0,0,65.398
523124695,982,2098,-2,6182,237,400,410,366,366,1538,1,6,1,350,80,523124735,393342,629,31400,0,0,66.38
523125696,1001,2097,-1,6183,238,400,410,366,366,1537,1,6,1,350,82,523125736,393342,629,32401,0,0,67.381
523126739,1043,2095,-2,6185,267,400,407,366,366,1535,1,6,1,350,83,523126799,393342,629,33470,0,0,68.424
523127704,965,2093,-2,6187,247,401,410,366,366,1534,1,6,1,350,84,523127747,393342,629,34411,0,0,69.389
523128696,992,2092,-1,6188,237,401,410,366,366,1533,1,6,1,350,85,523128736,393342,629,35401,0,0,70.381
523129812,1116,2090,-2,6190,343,401,406,366,366,1531,1,6,1,350,87,523129911,393342,629,36621,0,0,71.497
523130890,1078,2088,-2,6192,421,402,413,366,366,1529,1,6,1,350,88,523131052,393342,629,37739,0,0,72.575
523131837,947,2086,-2,6194,372,402,414,366,366,1528,1,6,1,350,89,523131924,393342,629,38612,0,0,73.522
523132738,901,2085,-1,6195,283,403,407,366,366,1527,1,6,1,350,90,523132813,393342,629,39489,0,0,74.423
523133733,995,2083,-2,6197,274,403,415,366,366,1525,1,6,1,350,91,523133788,393342,629,40458,0,0,75.418
523134775,1042,2081,-2,6199,309,403,414,366,366,1523,1,6,1,350,92,523134858,393342,629,41538,0,0,76.46
523135740,965,2079,-2,6201,283,404,423,366,366,1521,1,6,1,350,93,523135795,393342,629,42466,0,0,77.425
523136739,999,2078,-1,6202,274,405,415,366,366,1521,1,6,1,350,95,523136795,393342,629,43466,0,0,78.424
523137722,983,2076,-2,6204,269,405,415,366,366,1519,1,6,1,350,96,523137779,393342,629,44452,0,0,79.407
523138753,1031,2075,-1,6205,294,405,406,366,366,1518,1,6,1,350,97,523138833,393342,629,45508,0,0,80.438
523139731,978,2073,-2,6207,279,405,409,366,366,1516,1,6,1,350,98,523139785,393342,629,46456,0,0,81.416
523140830,1099,2071,-2,6209,364,406,418,366,366,1514,1,6,1,350,99,523140929,393342,629,47613,0,0,82.515
523141744,914,2069,-2,6211,281,406,419,366,366,1513,1,6,1,350,100,523141787,393342,629,48455,0,0,83.429
523142735,991,2068,-1,6212,279,407,415,366,366,1512,1,6,1,350,102,523142797,393342,629,49469,0,0,84.42
523143713,978,2066,-2,6214,257,407,417,366,366,1510,1,6,1,350,103,523143753,17170432,651,0,0,0,85.398
523144709,996,2064,-2,6216,246,407,418,366,366,1508,1,6,1,350,104,523144761,17170432,651,485,0,0,86.394
523145697,988,2063,-1,6217,243,407,410,366,366,1507,1,6,1,350,105,523145737,17170432,651,1458,0,0,87.382
523146736,1039,2061,-2,6219,269,408,417,366,366,1506,1,6,1,350,106,523146794,17170432,651,2522,0,0,88.421
523147710,974,2059,-2,6221,251,408,418,366,366,1504,1,6,1,350,107,523147751,17170432,651,3472,0,0,89.395
523148694,984,2057,-2,6223,238,409,426,366,366,1502,1,6,1,350,109,523148734,17170432,651,4456,0,0,90.379
523149827,1133,2055,-2,6225,350,409,422,366,366,1500,1,6,1,350,110,523149943,17170432,651,5703,0,0,91.512
523150885,1058,2054,-1,6226,419,410,414,366,366,1499,1,6,1,350,111,523151044,17170432,651,6793,0,0,92.57
523151835,950,2052,-2,6228,376,410,422,366,366,1498,1,6,1,350,112,523151922,17170432,651,7665,0,0,93.52
523152713,878,2051,-1,6229,260,410,418,366,365,1497,1,6,1,350,113,523152771,17170432,651,8500,0,0,94.398
523153737,1024,2049,-2,6231,269,411,415,366,366,1495,1,6,1,350,115,523153793,17170432,651,9520,0,0,95.422
523154758,1021,2047,-2,6233,292,411,414,366,366,1493,1,6,1,350,116,523154832,17170432,651,10566,0,0,96.443
523155736,978,2045,-2,6235,282,411,423,366,366,1492,1,6,1,350,117,523155799,17170432,651,11527,0,0,97.421
523156732,996,2044,-1,6236,273,411,417,366,366,1491,1,6,1,350,118,523156794,17170432,651,12524,0,0,98.417
523157755,1023,2042,-2,6238,294,412,414,361,366,1489,1,6,1,350,119,523157826,17170432,651,13559,0,0,99.44
523158766,1011,2041,-1,6239,307,412,414,361,366,1488,1,6,1,350,120,523158856,17170432,651,14589,0,0,100.451
523159748,982,2039,-2,6241,284,412,417,361,366,1486,1,6,1,350,122,523159806,17170432,651,15531,0,0,101.433
523160827,1079,2037,-2,6243,365,412,417,361,366,1484,1,6,1,350,123,523160922,17170432,651,16664,0,0,102.512
523161738,911,2035,-2,6245,279,412,419,361,366,1483,1,6,1,350,124,523161779,17170432,651,17500,0,0,103.423
523162744,1006,2033,-2,6247,287,413,423,361,366,1481,1,6,1,350,125,523162810,17170432,651,18539,0,0,104.429
523163709,965,2032,-1,6248,252,413,418,361,366,1480,1,6,1,350,126,523163750,17170432,651,19471,0,0,105.394
523164698,989,2030,-2,6250,238,413,418,361,366,1478,1,6,1,350,127,523164738,17170432,651,20460,0,0,106.383
523165696,998,2028,-2,6252,238,413,418,361,366,1477,1,6,1,350,129,523165740,17170432,651,21461,0,0,107.381
523166730,1034,2027,-1,6253,263,413,410,361,366,1476,1,6,1,350,130,523166787,17170432,651,22515,0,0,108.415
523167708,978,2025,-2,6255,251,413,418,361,366,1474,1,6,1,350,131,523167751,17170432,651,23473,0,0,109.393
523168695,987,2023,-2,6257,238,414,418,361,366,1472,1,6,1,350,132,523168735,17170432,651,24456,0,0,110.38
523169827,1132,2021,-2,6259,368,414,422,361,366,1470,1,6,1,350,133,523169942,17170432,651,25713,0,0,111.512
523170852,1025,2019,-2,6261,395,414,423,361,366,1469,1,6,1,350,135,523171036,17170432,651,26782,0,0,112.537
523171836,984,2017,-2,6263,376,415,422,361,366,1467,1,6,1,350,136,523171932,17170432,651,27678,0,0,113.521
523172721,885,2016,-1,6264,268,415,418,361,366,1466,1,6,1,350,137,523172772,17170432,651,28499,0,0,114.406
523173722,1001,2014,-2,6266,267,415,423,361,366,1464,1,6,1,350,138,523173775,17170432,651,29501,0,0,115.407
523174752,1030,2012,-2,6268,290,415,423,361,366,1463,1,6,1,350,139,523174830,17170432,651,30565,0,0,116.437
523175730,978,2010,-2,6270,275,416,431,361,366,1461,1,6,1,350,140,523175787,17170432,651,31512,0,0,117.415
523176731,1001,2008,-2,6272,275,417,433,361,365,1459,1,6,1,350,141,523176790,17170432,651,32521,0,0,118.416
523177739,1008,2007,-1,6273,278,417,423,361,363,1458,1,6,2,2200,143,523177798,18808832,652,2,0,0,119.424
523178771,1032,2004,-3,6276,297,417,430,361,363,1455,1,6,2,2200,144,523178850,18808832,652,490,0,0,120.456
523179736,965,2000,-4,6280,278,419,448,361,361,1452,1,6,2,2200,145,523179793,18808832,652,1433,0,0,121.421
523180833,1097,1986,-14,6294,370,424,543,361,361,1440,1,6,2,2200,146,523180928,18808832,652,2581,0,0,122.518
523181738,905,1967,-19,6313,285,433,688,361,361,1423,1,6,2,2200,147,523181783,18808832,652,3414,0,0,123.423
523182757,1019,1947,-20,6333,290,450,845,353,361,1405,1,6,2,2200,148,523182825,18808832,652,4465,0,0,124.442
523183715,958,1942,-5,6338,249,465,858,353,361,1401,1,6,2,2200,150,523183760,18808832,652,5393,0,0,125.4
523184693,978,1953,11,6327,238,476,757,353,361,1411,129,6,2,2200,151,523184733,18808832,652,6365,0,0,126.378
523185695,1002,1967,14,6313,238,482,631,353,361,1423,1,6,2,2200,152,523185735,18808832,652,7366,0,0,127.38
523186731,1036,1968,1,6312,277,487,607,353,361,1424,1,6,2,2200,153,523186791,18808832,652,8429,0,0,128.416
523187703,972,1957,-11,6323,247,495,686,353,361,1414,129,6,2,2200,154,523187747,18808832,652,9378,0,0,129.388
523188699,996,1946,-11,6334,237,505,757,353,361,1404,1,6,2,2200,155,523188739,18808832,652,10371,0,0,130.384
523189859,1160,1947,1,6333,399,516,746,353,361,1405,1,6,2,2200,157,523190009,18808832,652,11692,0,0,131.544
523190802,943,1954,7,6326,334,522,668,353,361,1412,129,6,2,2200,158,523190961,18808832,652,12633,0,0,132.487
523191840,1038,1955,1,6325,373,527,649,353,361,1412,1,6,2,2200,159,523191989,18808832,652,13655,0,0,133.525
523192738,898,1950,-5,6330,275,532,669,353,361,1408,129,6,2,2200,160,523192788,18808832,652,14420,0,0,134.423
523193726,988,1945,-5,6335,267,539,708,353,361,1404,1,6,2,2200,161,523193781,18808832,652,15423,0,0,135.411
523194772,1046,1943,-2,6337,308,546,706,353,361,1402,1,6,2,2200,162,523194843,18808832,652,16489,0,0,136.457
523195734,962,1944,1,6336,269,551,683,353,361,1403,1,6,2,2200,163,523195798,18808832,652,17439,0,0,137.419
523196734,1000,1944,0,6336,279,556,675,353,361,1403,1,6,2,2200,165,523196793,18808832,652,18434,0,0,138.419
523197721,987,1942,-2,6338,264,560,675,353,361,1401,1,6,2,2200,166,523197778,18808832,652,19416,0,0,139.406
523198768,1047,1939,-3,6341,301,565,682,353,361,1398,1,6,2,2200,167,523198836,18808832,652,20478,0,0,140.453
523199735,967,1936,-3,6344,268,570,684,353,361,1396,1,6,2,2200,168,523199799,18808832,652,21438,0,0,141.42
523200767,1032,1936,0,6344,305,574,671,353,361,1396,1,6,2,2200,169,523200875,18808832,652,22525,0,0,142.452
523201760,993,1935,-1,6345,302,577,664,353,361,1395,1,6,2,2200,170,523201810,18808832,652,23445,0,0,143.445
523202740,980,1934,-1,6346,281,581,667,353,361,1394,1,6,2,2200,172,523202807,18808832,652,24449,0,0,144.425
523203705,965,1931,-3,6349,250,584,670,353,361,1391,1,6,2,2200,173,523203745,18808832,652,25377,0,0,145.39
523204692,987,1930,-1,6350,238,587,662,353,361,1390,1,6,2,2200,174,523204732,18808832,652,26363,0,0,146.377
523205701,1009,1928,-2,6352,238,590,663,353,358,1389,1,6,2,2200,175,523205741,18808832,652,27373,0,0,147.386
523206723,1022,1927,-1,6353,268,593,654,335,358,1388,1,6,2,2200,176,523206782,18808832,652,28420,0,0,148.408
523207713,990,1926,-1,6354,259,595,646,335,357,1387,1,6,2,2200,177,523207768,18808832,652,29401,0,0,149.398
523208706,993,1924,-2,6356,242,597,654,335,357,1385,1,6,2,2200,178,523208751,18808832,652,30382,0,0,150.391
523209850,1144,1922,-2,6358,377,599,632,335,354,1383,1,6,2,2200,180,523209983,18808832,652,31664,0,0,151.535
523210786,936,1921,-1,6359,323,600,621,335,352,1383,1,6,2,2200,181,523210951,18808832,652,32619,0,0,152.471
523211819,1033,1920,-1,6360,363,591,381,335,352,1382,1,6,2,2200,182,523211929,18808832,652,33609,0,0,153.504
523212737,918,1918,-2,6362,276,583,386,335,353,1380,1,6,2,2200,183,523212793,18808832,652,34428,0,0,154.422
523213731,994,1917,-1,6363,271,569,203,335,353,1379,1,6,2,2200,184,523213791,18808832,652,35432,0,0,155.416
523214775,1044,1915,-2,6365,308,558,308,335,353,1377,1,6,2,2200,185,523214853,18808832,652,36495,0,0,156.46
523215732,957,1914,-1,6366,270,553,431,335,353,1376,1,6,2,2200,186,523215797,18808832,652,37437,0,0,157.417
523216736,1004,1913,-1,6367,275,549,448,335,353,1375,1,6,2,2200,188,523216799,18808832,652,38440,0,0,158.421
523217729,993,1911,-2,6369,265,542,374,335,353,1374,1,6,2,2200,189,523217788,18808832,652,39426,0,0,159.414
523218763,1034,1910,-1,6370,305,532,292,335,353,1373,1,6,2,2200,190,523218837,18808832,652,40478,0,0,160.448
523219729,966,1909,-1,6371,275,523,291,335,353,1372,1,6,2,2200,191,523219796,18808832,652,41436,0,0,161.414
523220740,1011,1907,-2,6373,287,515,316,335,353,1370,1,6,2,2200,192,523220882,18808832,652,42546,0,0,162.425
523221760,1020,1906,-1,6374,304,509,379,335,353,1369,1,6,2,2200,193,523221816,18808832,652,43449,0,0,163.445
523222758,998,1904,-2,6376,291,504,374,335,353,1368,1,6,2,2200,194,523222826,18808832,652,44466,0,0,164.443
523223709,951,1903,-1,6377,245,499,370,335,353,1367,1,6,2,2200,195,523223751,18808832,652,45383,0,0,165.394
523224704,995,1901,-2,6379,238,493,347,335,353,1365,1,6,2,2200,196,523224744,18808832,652,46376,0,0,166.389
523225704,1000,1900,-1,6380,238,487,339,335,353,1364,1,6,2,2200,198,523225744,18808832,652,47375,0,0,167.389
523226729,1025,1898,-2,6382,275,482,362,335,353,1362,1,6,2,2200,199,523226791,18808832,652,48431,0,0,168.414
523227710,981,1897,-1,6383,246,478,370,335,353,1361,1,6,2,2200,200,523227750,18808832,652,49381,0,0,169.395
523228690,980,1895,-2,6385,238,474,371,335,352,1360,1,6,2,2200,201,523228730,18808832,675,2,0,0,170.375
523229949,1259,1894,-1,6386,397,467,339,335,352,1359,1,6,2,2200,202,523230078,18808832,675,685,0,0,171.634
523230787,838,1893,-1,6387,331,463,350,335,350,1358,1,6,2,2200,203,523230922,18808832,675,1539,0,0,172.472
523231806,1019,1892,-1,6388,350,459,349,335,348,1357,1,6,2,2200,205,523231945,18808832,675,2573,0,0,173.491
523232754,948,1890,-2,6390,297,455,358,335,348,1355,1,6,2,2200,206,523232815,18808832,675,3403,0,0,174.439
523233743,989,1889,-1,6391,278,450,341,335,345,1354,1,6,2,2200,207,523233811,18808832,675,4402,0,0,175.428
523234771,1028,1888,-1,6392,305,446,341,335,345,1354,1,6,2,2200,208,523234841,18808832,675,5437,0,0,176.456
523235730,959,1886,-2,6394,272,442,341,335,343,1352,1,6,2,2200,209,523235790,18808832,675,6384,0,0,177.415
523236742,1012,1885,-1,6395,290,438,342,319,343,1351,1,6,2,2200,210,523236809,18808832,675,7405,0,0,178.427
523237736,994,1883,-2,6397,269,435,350,319,340,1349,1,6,2,2200,211,523237795,18808832,675,8385,0,0,179.421
523238776,1040,1882,-1,6398,315,431,341,319,340,1348,1,6,2,2200,212,523238857,18808832,675,9452,0,0,180.461
523239724,948,1881,-1,6399,268,427,338,319,338,1347,1,6,2,2200,213,523239789,18808832,675,10383,0,0,181.409
523240766,1042,1879,-2,6401,299,424,340,319,338,1346,1,6,2,2200,214,523240872,18808832,675,11473,0,0,182.451
523241769,1003,1878,-1,6402,309,420,339,319,336,1345,1,6,2,2200,215,523241826,18808832,675,12413,0,0,183.454
523242745,976,1876,-2,6404,287,417,342,319,336,1343,1,6,2,2200,216,523242809,18808832,675,13410,0,0,184.43
523243707,962,1875,-1,6405,249,415,339,319,334,1342,1,6,2,2200,218,523243747,18808832,675,14331,0,0,185.392
523244701,994,1873,-2,6407,242,412,347,319,335,1340,1,6,2,2200,219,523244741,18808832,675,15326,0,0,186.386
523245704,1003,1872,-1,6408,238,409,339,319,335,1339,1,6,2,2200,220,523245744,18808832,675,16328,0,0,187.389
523246726,1022,1871,-1,6409,272,406,339,319,335,1339,1,6,2,2200,221,523246784,18808832,675,17375,0,0,188.411
523247712,986,1869,-2,6411,249,404,347,319,335,1337,1,6,2,2200,222,523247754,18808832,675,18339,0,0,189.397
523248705,993,1868,-1,6412,238,401,339,319,335,1336,1,6,2,2200,223,523248745,18808832,675,19330,0,0,190.39
523249840,1135,1867,-1,6413,379,399,341,319,335,1335,1,6,2,2200,224,523249963,18808832,675,20586,0,0,191.525
523250812,972,1865,-2,6415,351,396,341,319,335,1333,1,6,2,2200,225,523250979,18808832,675,21612,0,0,192.497
523251825,1013,1864,-1,6416,371,394,341,319,335,1332,1,6,2,2200,226,523251950,18808832,675,22571,0,0,193.51
523252737,912,1863,-1,6417,269,392,339,319,335,1332,1,6,2,2200,227,523252788,18808832,675,23374,0,0,194.422
523253732,995,1861,-2,6419,269,390,342,319,335,1330,1,6,2,2200,228,523253790,18808832,675,24380,0,0,195.417
523254765,1033,1859,-2,6421,301,388,341,319,335,1328,1,6,2,2200,229,523254839,18808832,675,25435,0,0,196.45
523255731,966,1858,-1,6422,273,387,341,319,335,1327,1,6,2,2200,230,523255792,18808832,675,26382,0,0,197.416
523256732,1001,1857,-1,6423,277,384,334,319,334,1326,1,6,2,2200,231,523256793,18808832,675,27387,0,0,198.417
523257735,1003,1855,-2,6425,283,383,342,319,331,1325,1,6,2,2200,233,523257806,18808832,675,28399,0,0,199.42
523258764,1029,1854,-1,6426,303,381,333,319,331,1324,1,6,2,2200,234,523258834,18808832,675,29428,0,0,200.449
523259734,970,1852,-2,6428,274,379,338,319,329,1322,1,6,2,2200,235,523259792,18808832,675,30386,0,0,201.419
523260772,1038,1851,-1,6429,310,378,341,319,329,1321,1,6,2,2200,236,523260871,18808832,675,31470,0,0,202.457
523261770,998,1850,-1,6430,303,376,339,319,327,1320,1,6,2,2200,237,523261815,18808832,675,32405,0,0,203.455
523262734,964,1849,-1,6431,279,375,339,319,327,1319,1,6,2,2200,238,523262795,18808832,675,33387,0,0,204.419
523263719,985,1848,-1,6432,252,373,331,319,324,1318,1,6,2,2200,239,523263760,18808832,675,34345,0,0,205.404
523264692,973,1847,-1,6433,238,371,331,319,324,1317,1,6,2,2200,240,523264732,18808832,675,35316,0,0,206.377
523265702,1010,1845,-2,6435,238,370,339,319,321,1316,1,6,2,2200,241,523265741,18808832,675,36326,0,0,207.387
523266719,1017,1844,-1,6436,264,369,331,319,321,1315,1,6,2,2200,242,523266777,18808832,675,37368,0,0,208.404
523267718,999,1843,-1,6437,251,367,331,319,319,1314,1,6,2,2200,243,523267759,18808832,675,38343,0,0,209.403
523268690,972,1842,-1,6438,238,365,323,319,319,1313,1,6,2,2200,244,523268730,18808832,675,39314,0,0,210.375
523269814,1124,1840,-2,6440,346,364,333,319,318,1311,1,6,2,2200,245,523269918,18808832,675,40544,0,0,211.499
523270889,1075,1838,-2,6442,427,363,332,319,318,1310,1,6,2,2200,246,523271039,18808832,675,41645,0,0,212.574
523271837,948,1837,-1,6443,376,362,333,319,318,1309,1,6,2,2200,247,523271925,18808832,675,42535,0,0,213.522
523272720,883,1836,-1,6444,262,360,331,319,318,1308,1,6,2,2200,248,523272780,18808832,675,43369,0,0,214.405
523273734,1014,1835,-1,6445,271,359,325,319,318,1307,1,6,2,2200,249,523273788,18808832,675,44379,0,0,215.419
523274756,1022,1834,-1,6446,290,357,317,319,318,1306,1,6,2,2200,250,523274833,18808832,675,45431,0,0,216.441
523275735,979,1832,-2,6448,278,356,325,319,318,1304,1,6,2,2200,251,523275797,18808832,675,46388,0,0,217.42
523276733,998,1831,-1,6449,272,355,325,319,318,1303,1,6,2,2200,252,523276795,18808832,675,47389,0,0,218.418
523277732,999,1830,-1,6450,270,353,317,319,318,1303,1,6,2,2200,253,523277790,18808832,675,48382,0,0,219.417
523278759,1027,1829,-1,6451,293,352,317,319,318,1302,1,6,2,2200,254,523278835,18808832,675,49427,0,0,220.444
523279736,977,1827,-2,6453,281,351,323,319,318,1300,1,6,2,2200,255,523279792,18808832,748,1,0,0,221.421
523280814,1078,1826,-1,6454,352,349,317,319,318,1299,1,6,2,2200,256,523280911,18808832,748,590,0,0,222.499
523281742,928,1825,-1,6455,284,348,316,319,318,1298,1,6,2,2200,257,523281785,18808832,748,1448,0,0,223.427
523282754,1012,1824,-1,6456,295,347,317,319,318,1297,1,6,2,2200,258,523282825,18808832,748,2495,0,0,224.439
523283708,954,1823,-1,6457,249,346,315,319,318,1296,1,6,2,2200,259,523283747,18808832,748,3409,0,0,225.393
523284694,986,1821,-2,6459,239,345,315,319,318,1295,1,6,2,2200,260,523284737,18808832,748,4398,0,0,226.379
523285703,1009,1820,-1,6460,237,343,308,319,318,1294,1,6,2,2200,261,523285743,18808832,748,5404,0,0,227.388
523286723,1020,1818,-2,6462,269,342,315,319,318,1292,1,6,2,2200,262,523286784,18808832,748,6451,0,0,228.408
523287714,991,1817,-1,6463,247,341,315,319,318,1291,1,6,2,2200,263,523287754,18808832,748,7415,0,0,229.399
523288702,988,1816,-1,6464,238,340,307,319,318,1290,1,6,2,2200,264,523288742,18808832,748,8402,0,0,230.387
523289830,1128,1814,-2,6466,354,338,308,319,318,1288,1,6,2,2200,266,523289944,18808832,748,9652,0,0,231.515
523290897,1067,1813,-1,6467,429,337,308,319,318,1288,1,6,2,2200,267,523291070,18808832,748,10755,0,0,232.582
523291832,935,1812,-1,6468,367,336,309,319,318,1287,1,6,2,2200,268,523291914,18808832,748,11599,0,0,233.517
523292721,889,1811,-1,6469,263,335,308,319,318,1286,1,6,2,2200,268,523292779,18808832,748,12450,0,0,234.406
523293726,1005,1809,-2,6471,270,334,317,319,318,1284,1,6,2,2200,270,523293783,18808832,748,13449,0,0,235.411
523294754,1028,1808,-1,6472,294,334,317,319,318,1283,1,6,2,2200,271,523294824,18808832,748,14499,0,0,236.439
523295747,993,1807,-1,6473,284,333,309,319,318,1282,1,6,2,2200,272,523295811,18808832,748,15476,0,0,237.432
523296731,984,1806,-1,6474,278,332,309,319,318,1281,1,6,2,2200,273,523296786,18808832,748,16455,0,0,238.416
523297732,1001,1805,-1,6475,269,331,309,319,318,1281,1,6,2,2200,274,523297790,18808832,748,17457,0,0,239.417
523298747,1015,1803,-2,6477,292,330,317,319,318,1279,1,6,2,2200,275,523298818,18808832,748,18493,0,0,240.432
523299751,1004,1802,-1,6478,288,330,314,319,318,1278,1,6,2,2200,276,523299819,18808832,748,19486,0,0,241.436
523300804,1053,1801,-1,6479,343,329,307,319,318,1277,1,6,2,2200,277,523300898,18808832,748,20578,0,0,242.489
523301752,948,1799,-2,6481,292,328,309,319,318,1275,1,6,2,2200,278,523301797,18808832,748,21458,0,0,243.437
523302736,984,1798,-1,6482,277,327,309,319,318,1274,1,6,2,2200,279,523302802,18808832,748,22469,0,0,244.421
523303716,980,1797,-1,6483,250,326,307,319,318,1274,1,6,2,2200,280,523303753,18808832,748,23415,0,0,245.401
523304697,981,1796,-1,6484,237,326,308,319,318,1273,1,6,2,2200,281,523304737,18808832,748,24398,0,0,246.382
523305699,1002,1794,-2,6486,238,325,316,319,318,1271,1,6,2,2200,282,523305736,18808832,748,25396,0,0,247.384
523306732,1033,1793,-1,6487,267,325,307,319,318,1270,1,6,2,2200,283,523306791,18808832,748,26457,0,0,248.417
523307727,995,1792,-1,6488,273,324,307,319,318,1269,1,7,3,1650,284,523307792,18808832,748,1,0,0,249.412
523308720,993,1790,-2,6490,257,324,315,319,318,1267,1,7,3,1650,285,523308766,18808832,748,449,0,0,250.405
523309850,1130,1788,-2,6492,374,323,316,319,318,1266,1,7,3,1650,286,523309971,18808832,748,1702,0,0,251.535
523310876,1026,1787,-1,6493,409,323,317,319,318,1265,1,7,3,1650,287,523311060,18808832,748,2788,0,0,252.561
523311819,943,1786,-1,6494,362,323,317,319,318,1264,1,7,3,1650,288,523311914,18808832,748,3627,0,0,253.504
523312743,924,1785,-1,6495,280,322,315,319,318,1263,1,7,3,1650,289,523312797,18808832,748,4485,0,0,254.428
523313715,972,1783,-2,6497,258,323,325,319,318,1261,1,7,3,1650,290,523313770,18808832,748,5455,0,0,255.4
523314757,1042,1782,-1,6498,293,322,317,319,318,1260,1,7,3,1650,291,523314832,18808832,748,6527,0,0,256.442
523315728,971,1780,-2,6500,268,322,325,319,318,1259,1,7,3,1650,292,523315786,18808832,748,7475,0,0,257.413
523316738,1010,1779,-1,6501,274,322,317,319,318,1258,1,7,3,1650,293,523316795,18808832,748,8488,0,0,258.423
523317725,987,1778,-1,6502,263,322,317,319,318,1257,1,7,3,1650,294,523317779,18808832,748,9465,0,0,259.41
523318761,1036,1776,-2,6504,294,322,325,319,318,1255,1,7,3,1650,295,523318830,18808832,748,10521,0,0,260.446
523319743,982,1775,-1,6505,275,322,322,319,318,1254,1,7,3,1650,296,523319800,18808832,748,11490,0,0,261.428
523320768,1025,1773,-2,6507,303,322,324,319,318,1252,1,7,3,1650,297,523320872,18808832,748,12579,0,0,262.453
523321763,995,1772,-1,6508,305,322,324,319,318,1252,1,7,3,1650,298,523321809,18808832,748,13492,0,0,263.448
523322734,971,1770,-2,6510,277,323,334,319,318,1250,1,7,3,1650,299,523322797,18808832,748,14485,0,0,264.419
523323714,980,1769,-1,6511,248,323,331,319,318,1249,1,7,3,1650,300,523323754,18808832,748,15437,0,0,265.399
523324695,981,1768,-1,6512,239,323,323,319,318,1248,1,7,3,1650,301,523324735,18808832,748,16418,0,0,266.38
523325701,1006,1766,-2,6514,238,323,331,319,318,1246,1,7,3,1650,302,523325741,18808832,748,17423,0,0,267.386
523326717,1016,1765,-1,6515,261,324,331,319,318,1245,1,7,3,1650,303,523326773,18808832,748,18459,0,0,268.402
523327707,990,1764,-1,6516,246,324,331,319,318,1245,1,7,3,1650,304,523327748,18808832,748,19432,0,0,269.392
523328705,998,1762,-2,6518,239,325,339,319,318,1243,1,7,3,1650,305,523328745,18808832,748,20427,0,0,270.39
523329819,1114,1761,-1,6519,358,325,333,319,318,1242,1,7,3,1650,306,523329925,18808832,748,21652,0,0,271.504
523330894,1075,1759,-2,6521,426,326,341,319,318,1240,1,7,3,1650,307,523331044,18808832,748,22750,0,0,272.579
523331817,923,1758,-1,6522,358,326,333,319,318,1239,1,7,3,1650,308,523331885,18808832,748,23589,0,0,273.502
523332744,927,1756,-2,6524,280,326,342,319,318,1238,1,7,3,1650,309,523332818,18808832,748,24518,0,0,274.429
523333728,984,1755,-1,6525,275,327,342,319,318,1237,1,7,3,1650,310,523333782,18808832,748,25472,0,0,275.413
523334749,1021,1753,-2,6527,294,328,349,319,318,1235,1,7,3,1650,311,523334827,18808832,748,26521,0,0,276.434
523335732,983,1752,-1,6528,275,328,341,319,318,1234,1,7,3,1650,312,523335784,18808832,748,27471,0,0,277.417
523336720,988,1750,-2,6530,264,329,346,319,318,1232,1,7,3,1650,313,523336779,18808832,748,28471,0,0,278.405
523337729,1009,1749,-1,6531,267,330,350,319,318,1231,1,7,3,1650,314,523337783,18808832,748,29472,0,0,279.414
523338745,1016,1748,-1,6532,292,330,342,319,318,1230,1,7,3,1650,315,523338823,18808832,748,30516,0,0,280.43
523339721,976,1746,-2,6534,268,331,347,319,318,1229,1,7,3,1650,316,523339781,18808832,748,31470,0,0,281.406
523340851,1130,1745,-1,6535,383,331,339,319,318,1228,1,7,3,1650,318,523340952,18808832,748,32656,0,0,282.536
523341733,882,1744,-1,6536,272,332,340,319,318,1227,1,7,3,1650,318,523341774,18808832,748,33456,0,0,283.418
523342742,1009,1743,-1,6537,285,332,339,319,318,1226,1,7,3,1650,319,523342801,18808832,748,34492,0,0,284.427
523343705,963,1742,-1,6538,244,332,339,319,318,1225,1,7,3,1650,320,523343745,18808832,748,35428,0,0,285.39
523344701,996,1740,-2,6540,238,333,339,319,318,1223,1,7,3,1650,321,523344740,18808832,748,36423,0,0,286.386
523345690,989,1739,-1,6541,238,333,339,319,318,1223,1,7,3,1650,322,523345729,18808832,748,37411,0,0,287.375
523346731,1041,1738,-1,6542,264,333,331,319,318,1222,1,7,3,1650,324,523346787,18808832,748,38475,0,0,288.416
523347704,973,1737,-1,6543,244,333,331,319,318,1221,1,7,3,1650,325,523347750,18808832,748,39432,0,0,289.389
523348701,997,1735,-2,6545,238,333,339,319,318,1219,1,7,3,1650,326,523348741,18808832,748,40423,0,0,290.386
523349811,1110,1733,-2,6547,337,333,341,319,318,1217,1,7,3,1650,327,523349903,18808832,748,41632,0,0,291.496
523350881,1070,1731,-2,6549,420,334,341,319,318,1216,1,7,3,1650,328,523351033,18808832,748,42739,0,0,292.566
523351832,951,1730,-1,6550,368,334,341,319,318,1215,1,7,3,1650,329,523351904,18808832,748,43610,0,0,293.517
523352731,899,1729,-1,6551,267,334,339,319,318,1214,1,7,3,1650,330,523352789,18808832,748,44477,0,0,294.416
523353730,999,1728,-1,6552,270,334,333,319,318,1213,1,7,3,1650,331,523353782,18808832,748,45470,0,0,295.415
523354754,1024,1727,-1,6553,294,334,333,319,318,1212,1,7,3,1650,332,523354829,18808832,748,46525,0,0,296.439
523355762,1008,1726,-1,6554,297,334,325,319,318,1211,1,7,3,1650,333,523355824,18808832,748,47514,0,0,297.447
523356721,959,1725,-1,6555,269,333,325,319,318,1210,1,7,3,1650,334,523356777,18808832,748,48467,0,0,298.406
523357742,1021,1724,-1,6556,281,333,325,319,318,1209,1,7,3,1650,335,523357811,18808832,748,49504,0,0,299.427
523358763,1021,1723,-1,6557,309,332,317,319,318,1208,1,7,3,1650,336,523358837,18808832,748,1,0,0,300.448
523359749,986,1722,-1,6558,265,332,315,319,318,1208,1,7,3,1650,337,523359806,18808832,748,419,0,0,301.434
523360839,1090,1720,-2,6560,383,331,323,319,318,1206,1,7,3,1650,338,523360936,18808832,748,1564,0,0,302.524
523361737,898,1719,-1,6561,283,331,317,319,318,1205,1,7,3,1650,339,523361782,18808832,748,2388,0,0,303.422
523362733,996,1717,-2,6563,279,330,324,319,318,1203,1,7,3,1650,340,523362793,18808832,748,3407,0,0,304.418
523363704,971,1716,-1,6564,241,330,315,319,318,1202,1,7,3,1650,341,523363743,18808832,748,4348,0,0,305.389
523364687,983,1714,-2,6566,235,330,323,319,318,1201,1,7,3,1650,342,523364728,18808832,748,5335,0,0,306.372
523365697,1010,1713,-1,6567,235,329,316,319,318,1200,1,7,3,1650,343,523365736,18808832,748,6341,0,0,307.382
523366723,1026,1711,-2,6569,264,329,317,319,318,1198,1,7,3,1650,344,523366780,18808832,748,7392,0,0,308.408
523367708,985,1710,-1,6570,241,328,315,319,318,1197,1,7,3,1650,345,523367747,18808832,748,8353,0,0,309.393
523368694,986,1708,-2,6572,235,328,323,319,318,1195,1,7,3,1650,346,523368734,18808832,748,9341,0,0,310.379
523369825,1131,1707,-1,6573,346,327,316,319,318,1194,1,7,3,1650,347,523369926,18808832,748,10577,0,0,311.51
523370889,1064,1706,-1,6574,417,327,317,319,318,1194,1,7,3,1650,348,523371031,18808832,748,11663,0,0,312.574
523371817,928,1704,-2,6576,362,327,325,319,318,1192,1,7,3,1650,349,523371885,18808832,748,12515,0,0,313.502
523372732,915,1703,-1,6577,265,327,323,319,318,1191,1,7,3,1650,350,523372793,18808832,748,13408,0,0,314.417
523373736,1004,1702,-1,6578,270,327,325,319,318,1190,1,7,3,1650,351,523373789,18808832,748,14404,0,0,315.421
523374749,1013,1701,-1,6579,288,326,317,319,318,1189,1,7,3,1650,352,523374823,18808832,748,15443,0,0,316.434
523375742,993,1699,-2,6581,286,326,325,319,318,1187,1,7,3,1650,353,523375803,18808832,748,16419,0,0,317.427
523376725,983,1698,-1,6582,260,326,323,319,318,1187,1,7,3,1650,354,523376781,18808832,748,17396,0,0,318.41
523377736,1011,1696,-2,6584,271,326,333,319,318,1185,1,7,3,1650,355,523377790,18808832,748,18404,0,0,319.421
523378756,1020,1695,-1,6585,289,326,325,319,318,1184,1,7,3,1650,356,523378822,18808832,748,19438,0,0,320.441
523379745,989,1693,-2,6587,282,326,330,319,318,1182,1,7,3,1650,357,523379803,18808832,748,20417,0,0,321.43
523380825,1080,1691,-2,6589,367,327,331,319,318,1180,1,7,3,1650,358,523380911,18808832,748,21535,0,0,322.51
523381749,924,1690,-1,6590,283,327,324,319,318,1179,1,7,3,1650,359,523381797,18808832,748,22405,0,0,323.434
523382742,993,1689,-1,6591,282,327,325,319,318,1179,1,7,3,1650,360,523382803,18808832,748,23420,0,0,324.427
523383704,962,1687,-2,6593,248,327,331,319,318,1177,1,7,3,1650,361,523383745,18808832,748,24353,0,0,325.389
523384698,994,1686,-1,6594,237,327,331,319,318,1176,1,7,3,1650,362,523384737,18808832,748,25344,0,0,326.383
523385690,992,1685,-1,6595,238,327,331,319,318,1175,1,7,3,1650,363,523385728,18808832,748,26336,0,0,327.375
523386732,1042,1684,-1,6596,267,327,334,319,318,1174,1,7,3,1650,364,523386788,18808832,748,27401,0,0,328.417
523387710,978,1683,-1,6597,244,327,331,319,318,1173,1,7,3,1650,365,523387750,18808832,748,28357,0,0,329.395
523388700,990,1682,-1,6598,237,328,331,319,318,1172,1,7,3,1650,366,523388739,18808832,748,29347,0,0,330.385
523389833,1133,1681,-1,6599,363,328,333,319,318,1172,1,7,3,1650,368,523389939,18808832,748,30597,0,0,331.518
523390887,1054,1680,-1,6600,414,328,325,319,318,1171,1,7,3,1650,369,523391064,18808832,748,31694,0,0,332.572
523391821,934,1678,-2,6602,368,328,333,319,318,1169,1,7,3,1650,369,523391888,18808832,748,32513,0,0,333.506
523392718,897,1677,-1,6603,262,328,331,319,318,1168,1,7,3,1650,370,523392773,18808832,748,33385,0,0,334.403
523393723,1005,1675,-2,6605,263,328,333,319,318,1166,1,7,3,1650,371,523393775,18808832,748,34389,0,0,335.408
523394751,1028,1674,-1,6606,287,328,325,319,318,1165,1,7,3,1650,372,523394828,18808832,748,35453,0,0,336.436
523395737,986,1672,-2,6608,281,328,333,319,318,1164,1,7,3,1650,373,523395800,18808832,748,36414,0,0,337.422
523396741,1004,1671,-1,6609,274,328,325,319,318,1163,1,7,3,1650,374,523396798,18808832,748,37417,0,0,338.426
523397723,982,1669,-2,6611,269,328,333,319,318,1161,1,7,3,1650,375,523397779,18808832,748,38396,0,0,339.408
523398739,1016,1668,-1,6612,284,328,325,319,318,1160,1,7,3,1650,377,523398821,18808832,748,39440,0,0,340.424
523399745,1006,1666,-2,6614,291,328,330,319,318,1158,1,7,3,1650,378,523399807,18808832,748,40421,0,0,341.43
523400795,1050,1665,-1,6615,334,328,331,319,318,1158,1,7,3,1650,379,523400882,18808832,748,41511,0,0,342.48
523401763,968,1665,0,6615,299,328,324,319,318,1158,1,7,3,1650,380,523401807,18808832,748,42414,0,0,343.448
523402731,968,1665,0,6615,270,327,308,319,318,1158,1,7,3,1650,381,523402798,18808832,748,43414,0,0,344.416
523403708,977,1664,-1,6616,250,327,307,319,318,1157,1,7,3,1650,382,523403748,18808832,748,44355,0,0,345.393
523404696,988,1663,-1,6617,237,326,308,319,318,1156,1,7,3,1650,383,523404737,18808832,748,45344,0,0,346.381
523405701,1005,1661,-2,6619,237,326,316,319,318,1154,1,7,3,1650,384,523405741,18808832,748,46349,0,0,347.386
523406722,1021,1660,-1,6620,262,325,307,319,318,1153,1,7,3,1650,385,523406779,18808832,748,47392,0,0,348.407
523407726,1004,1659,-1,6621,260,324,307,318,318,1152,1,7,3,1650,386,523407779,18808832,748,48388,0,0,349.411
523408707,981,1657,-2,6623,243,323,307,318,318,1150,1,7,3,1650,387,523408748,18808832,748,49355,0,0,350.392
523409832,1125,1655,-2,6625,375,323,308,318,318,1149,1,7,3,1650,388,523409947,18808832,748,5,0,0,351.517
523411365,1533,1653,-2,6627,390,322,304,318,318,1147,1,7,3,1650,389,523411482,18808832,748,778,0,0,353.05
523411877,512,1652,-1,6628,257,321,308,318,318,1146,1,7,3,1650,390,523411946,18808832,748,1232,0,0,353.562
523412735,858,1651,-1,6629,282,321,307,318,318,1145,1,7,3,1650,391,523412784,18808832,748,2061,0,0,354.42
523413705,970,1650,-1,6630,251,320,301,318,318,1144,1,7,3,1650,392,523413759,18808832,748,3037,0,0,355.39
523414774,1069,1648,-2,6632,307,320,308,318,318,1143,1,7,3,1650,393,523414835,18808832,748,4120,0,0,356.459
523415726,952,1647,-1,6633,260,319,309,318,318,1142,1,7,3,1650,394,523415780,18808832,748,5057,0,0,357.411
523416729,1003,1646,-1,6634,275,319,307,318,318,1141,1,7,3,1650,395,523416793,18808832,748,6074,0,0,358.414
523417714,985,1646,0,6634,261,318,301,318,318,1141,1,7,3,1650,396,523417767,18808832,748,7044,0,0,359.399
523418753,1039,1645,-1,6635,299,317,301,318,318,1140,1,7,3,1650,397,523418823,18808832,748,8106,0,0,360.438
523419724,971,1644,-1,6636,266,317,299,318,318,1139,1,7,3,1650,398,523419782,18808832,748,9058,0,0,361.409
523420820,1096,1642,-2,6638,359,316,307,318,318,1137,1,7,3,1650,399,523420915,18808832,748,10210,0,0,362.505
523421751,931,1641,-1,6639,295,316,308,318,318,1136,1,7,3,1650,400,523421802,18808832,748,11077,0,0,363.436
523422745,994,1640,-1,6640,283,315,301,318,318,1136,1,7,3,1650,401,523422800,18808832,748,12080,0,0,364.43
523423695,950,1639,-1,6641,241,315,299,318,318,1135,1,7,3,1650,402,523423738,18808832,748,13012,0,0,365.38
523424693,998,1637,-2,6643,239,314,300,318,318,1133,1,7,3,1650,403,523424733,18808832,748,14007,0,0,366.378
523425698,1005,1635,-2,6645,238,314,308,318,318,1131,1,7,3,1650,404,523425738,18808832,748,15011,0,0,367.383
523426726,1028,1634,-1,6646,267,313,299,318,318,1130,1,7,3,1650,405,523426779,18808832,748,16057,0,0,368.411
523427704,978,1632,-2,6648,240,313,308,318,318,1129,1,7,3,1650,406,523427745,18808832,748,17019,0,0,369.389
523428702,998,1631,-1,6649,238,313,299,318,318,1128,1,7,3,1650,407,523428743,18808832,748,18017,0,0,370.387
523429827,1125,1629,-2,6651,365,312,300,318,318,1126,1,7,3,1650,408,523429928,18808832,748,19240,0,0,371.512
523430878,1051,1628,-1,6652,416,312,300,318,318,1125,1,7,3,1650,409,523431051,18808832,748,20351,0,0,372.563
523431828,950,1626,-2,6654,368,312,317,318,318,1123,1,7,3,1650,410,523431903,18808832,748,21200,0,0,373.513
523432744,916,1626,0,6654,282,312,317,314,318,1123,1,7,3,1650,411,523432821,18808832,748,22106,0,0,374.429
523433735,991,1625,-1,6655,277,312,317,314,318,1122,1,7,3,1650,412,523433791,18808832,748,23072,0,0,375.42
523434758,1023,1624,-1,6656,304,312,317,314,318,1121,1,7,3,1650,413,523434841,18808832,748,24132,0,0,376.443
523435739,981,1624,0,6656,280,312,301,314,318,1121,1,7,3,1650,414,523435795,18808832,748,25071,0,0,377.424
523436734,995,1622,-2,6658,267,312,309,314,318,1120,1,7,3,1650,415,523436791,18808832,748,26075,0,0,378.419
523437730,996,1621,-1,6659,268,312,309,314,318,1119,1,7,3,1650,416,523437790,18808832,748,27071,0,0,379.415
523438769,1039,1619,-2,6661,304,312,309,314,318,1117,1,7,3,1650,417,523438854,18808832,748,28139,0,0,380.454
523439730,961,1618,-1,6662,269,311,307,314,318,1116,1,7,3,1650,418,523439784,18808832,748,29063,0,0,381.415
523440810,1080,1616,-2,6664,356,311,307,314,318,1114,1,7,3,1650,419,523440911,18808832,748,30205,0,0,382.495
523441756,946,1615,-1,6665,289,311,305,314,318,1114,1,7,3,1650,420,523441807,18808832,748,31083,0,0,383.441
523442742,986,1613,-2,6667,284,311,309,314,318,1112,1,7,3,1650,421,523442808,18808832,748,32088,0,0,384.427
523443709,967,1612,-1,6668,242,311,309,314,318,1111,1,7,3,1650,422,523443749,18808832,748,33023,0,0,385.394
523444705,996,1610,-2,6670,239,311,315,314,318,1109,1,7,3,1650,423,523444745,18808832,748,34019,0,0,386.39
523445697,992,1609,-1,6671,238,311,308,314,318,1108,1,7,3,1650,424,523445737,18808832,748,35010,0,0,387.382
523446725,1028,1607,-2,6673,266,311,315,314,318,1107,1,7,3,1650,425,523446782,18808832,748,36059,0,0,388.41
523447700,975,1606,-1,6674,242,311,315,314,318,1106,1,7,3,1650,426,523447742,18808832,748,37016,0,0,389.385
523448698,998,1605,-1,6675,239,312,323,314,318,1105,1,7,3,1650,427,523448738,18808832,748,38012,0,0,390.383
523449840,1142,1605,0,6675,382,312,316,314,318,1105,1,7,3,1650,429,523449947,18808832,748,39265,0,0,391.525
523450861,1021,1604,-1,6676,405,312,309,314,318,1104,1,7,3,1650,430,523451063,18808832,748,40370,0,0,392.546
523451833,972,1603,-1,6677,374,312,308,314,316,1103,1,7,3,1650,431,523451917,18808832,748,41218,0,0,393.518
523452736,903,1602,-1,6678,267,311,307,314,316,1102,1,7,3,1650,432,523452787,18808832,748,42065,0,0,394.421
523453712,976,1600,-2,6680,257,312,317,314,314,1100,1,7,3,1650,433,523453768,18808832,748,43047,0,0,395.397
523454750,1038,1599,-1,6681,297,312,309,314,314,1100,1,7,3,1650,434,523454827,18808832,748,44113,0,0,396.435
523455731,981,1597,-2,6683,278,311,309,314,311,1098,1,7,3,1650,435,523455791,18808832,748,45074,0,0,397.416
523456733,1002,1596,-1,6684,274,311,309,314,311,1097,1,7,3,1650,436,523456790,18808832,748,46074,0,0,398.418
523457743,1010,1594,-2,6686,285,311,309,310,313,1095,1,7,3,1650,437,523457815,18808832,748,47099,0,0,399.428
523458770,1027,1593,-1,6687,317,311,309,310,313,1094,1,7,3,1650,438,523458848,18808832,748,48146,0,0,400.455
523459723,953,1591,-2,6689,261,311,315,310,313,1092,1,7,3,1650,439,523459777,18808832,748,49055,0,0,401.408
523460783,1060,1590,-1,6690,321,311,308,310,313,1092,1,7,3,1650,440,523460886,18808832,760,1,0,0,402.468
523461838,1055,1588,-2,6692,307,311,309,310,313,1090,1,7,3,1650,441,523461893,18808832,760,473,0,0,403.523
523462750,912,1587,-1,6693,290,311,317,310,313,1089,1,7,3,1650,442,523462814,18808832,760,1386,0,0,404.435
523463701,951,1586,-1,6694,244,311,315,310,313,1088,1,7,3,1650,443,523463741,18808832,760,2305,0,0,405.386
523464694,993,1586,0,6694,237,311,308,310,313,1088,1,7,3,1650,444,523464738,18808832,760,3302,0,0,406.379
523465703,1009,1585,-1,6695,237,311,308,310,313,1087,1,7,3,1650,445,523465743,18808832,760,4306,0,0,407.388
523466725,1022,1584,-1,6696,270,311,315,310,313,1086,1,7,3,1650,446,523466779,18808832,760,5349,0,0,408.41
523467701,976,1583,-1,6697,242,311,307,310,313,1085,1,7,3,1650,447,523467741,18808832,760,6304,0,0,409.386
523468690,989,1582,-1,6698,238,311,308,310,313,1085,1,7,3,1650,448,523468734,18808832,760,7298,0,0,410.375
523469837,1147,1580,-2,6700,359,311,308,310,313,1083,1,7,3,1650,449,523469951,18808832,760,8563,0,0,411.522
523470887,1050,1578,-2,6702,419,311,308,310,313,1081,1,7,3,1650,450,523471066,18808832,760,9653,0,0,412.572
523471844,957,1577,-1,6703,375,311,308,310,313,1080,1,7,3,1650,451,523471934,18808832,760,10518,0,0,413.529
523472718,874,1576,-1,6704,259,311,308,310,313,1079,1,7,3,1650,452,523472775,18808832,760,11345,0,0,414.403
523473721,1003,1575,-1,6705,262,310,301,310,313,1078,1,7,3,1650,453,523473770,18808832,760,12336,0,0,415.406
523474751,1030,1573,-2,6707,285,310,301,310,313,1077,1,7,3,1650,454,523474829,18808832,760,13407,0,0,416.436
523475741,990,1571,-2,6709,274,310,309,310,313,1075,1,7,3,1650,455,523475801,18808832,760,14368,0,0,417.426
523476732,991,1570,-1,6710,270,309,301,310,313,1074,1,7,3,1650,456,523476790,18808832,760,15363,0,0,418.417
523477723,991,1569,-1,6711,263,309,301,310,313,1073,1,7,3,1650,457,523477777,18808832,760,16346,0,0,419.408
523478739,1016,1568,-1,6712,283,309,301,310,310,1072,1,7,3,1650,458,523478813,18808832,760,17397,0,0,420.424
523479745,1006,1567,-1,6713,286,308,299,310,310,1071,1,7,3,1650,459,523479801,18808832,760,18372,0,0,421.43
523480799,1054,1566,-1,6714,340,308,308,310,310,1071,1,7,3,1650,460,523480891,18808832,760,19476,0,0,422.484
523481757,958,1565,-1,6715,298,308,308,310,310,1070,1,7,3,1650,461,523481801,18808832,760,20366,0,0,423.442
523482734,977,1564,-1,6716,282,308,308,306,310,1069,1,7,3,1650,462,523482806,18808832,760,21379,0,0,424.419
523483722,988,1563,-1,6717,259,308,301,306,310,1068,1,7,3,1650,463,523483762,18808832,760,22325,0,0,425.407
523484698,976,1562,-1,6718,237,308,299,306,310,1067,1,7,3,1650,464,523484742,18808832,760,23306,0,0,426.383
523485695,997,1561,-1,6719,237,307,300,306,310,1066,1,7,3,1650,465,523485739,18808832,760,24303,0,0,427.38
523486738,1043,1559,-2,6721,274,307,301,306,310,1064,1,7,3,1650,466,523486806,18808832,760,25379,0,0,428.423
523487717,979,1558,-1,6722,256,307,299,306,310,1063,1,7,3,1650,467,523487763,18808832,760,26327,0,0,429.402
523488698,981,1556,-2,6724,237,307,300,306,310,1062,1,7,3,1650,468,523488738,18808832,760,27305,0,0,430.383
523489871,1173,1555,-1,6725,396,306,292,306,310,1061,1,7,3,1650,469,523490027,18808832,760,28642,0,0,431.556
523490783,912,1553,-2,6727,316,306,301,306,310,1059,1,7,3,1650,470,523490925,18808832,760,29521,0,0,432.468
523491813,1030,1552,-1,6728,355,305,299,306,310,1058,1,7,3,1650,471,523491933,18808832,760,30549,0,0,433.498
523492741,928,1550,-2,6730,279,305,300,306,310,1056,1,7,3,1650,472,523492795,18808832,760,31360,0,0,434.426
523493718,977,1549,-1,6731,265,305,301,306,310,1056,1,7,3,1650,472,523493772,18808832,760,32347,0,0,435.403
523494766,1048,1548,-1,6732,302,305,309,306,310,1055,1,7,3,1650,474,523494836,18808832,760,33408,0,0,436.451
523495725,959,1547,-1,6733,264,305,309,306,310,1054,1,7,3,1650,474,523495787,18808832,760,34359,0,0,437.41
523496740,1015,1546,-1,6734,273,306,309,306,310,1053,1,7,3,1650,475,523496794,18808832,760,35370,0,0,438.425
523497734,994,1545,-1,6735,268,306,309,306,310,1052,1,7,3,1650,476,523497792,18808832,760,36362,0,0,439.419
523498764,1030,1544,-1,6736,302,306,308,306,310,1051,1,7,3,1650,478,523498834,18808832,760,37405,0,0,440.449
523499724,960,1543,-1,6737,269,306,307,306,310,1050,1,7,3,1650,478,523499791,18808832,760,38363,0,0,441.409
523500753,1029,1542,-1,6738,293,306,300,306,310,1049,1,7,3,1650,480,523500899,18808832,760,39477,0,0,442.438
523501766,1013,1540,-2,6740,304,305,300,306,310,1048,1,7,3,1650,480,523501823,18808832,760,40391,0,0,443.451
523502741,975,1539,-1,6741,282,305,301,306,310,1047,1,7,3,1650,481,523502803,18808832,760,41374,0,0,444.426
523503707,966,1538,-1,6742,244,305,299,306,309,1046,1,7,3,1650,482,523503747,18808832,760,42311,0,0,445.392
523504702,995,1536,-2,6744,238,305,307,306,308,1044,1,7,3,1650,483,523504742,18808832,760,43305,0,0,446.387
523505697,995,1535,-1,6745,237,305,300,306,306,1043,1,7,3,1650,484,523505737,18808832,760,44300,0,0,447.382
523506729,1032,1533,-2,6747,264,305,299,306,305,1042,1,7,3,1650,485,523506786,18808832,760,45355,0,0,448.414
523507729,1000,1532,-1,6748,264,305,301,302,306,1041,1,7,3,1650,486,523507788,18808832,760,46353,0,0,449.414
523508704,975,1530,-2,6750,247,305,307,302,306,1039,1,7,3,1650,487,523508751,18808832,760,47318,0,0,450.389
523509854,1150,1528,-2,6752,382,305,316,302,306,1037,1,7,3,1650,489,523509991,18808832,760,48603,0,0,451.539
523510783,929,1527,-1,6753,323,305,315,302,306,1036,1,7,3,1650,489,523510941,18808832,760,49538,0,0,452.468
523511804,1021,1526,-1,6754,350,306,317,302,306,1035,1,7,3,1650,490,523511901,18808832,779,1,0,0,453.489
523512874,1070,1526,0,6754,275,306,308,302,306,1035,1,7,3,1650,491,523512954,18808832,779,465,0,0,454.559
523513718,844,1525,-1,6755,265,306,307,302,306,1034,1,7,3,1650,492,523513775,18808832,779,1282,0,0,455.403
523514773,1055,1524,-1,6756,317,306,308,302,306,1034,1,7,3,1650,493,523514852,18808832,779,2361,0,0,456.458
523515709,936,1523,-1,6757,254,306,309,302,306,1033,1,7,3,1650,494,523515768,18808832,779,3271,0,0,457.394
523516728,1019,1522,-1,6758,273,306,307,302,306,1032,1,7,3,1650,495,523516784,18808832,779,4292,0,0,458.413
523517725,997,1520,-2,6760,259,306,309,302,306,1030,1,7,3,1650,496,523517781,18808832,779,5285,0,0,459.41
523518755,1030,1519,-1,6761,302,306,301,302,306,1029,1,7,3,1650,497,523518820,18808832,779,6329,0,0,460.44
523519724,969,1518,-1,6762,266,306,299,302,306,1028,1,7,3,1650,498,523519789,18808832,779,7297,0,0,461.409
523520741,1017,1516,-2,6764,286,306,308,302,306,1027,1,7,3,1650,499,523520883,18808832,779,8415,0,0,462.426
523521772,1031,1515,-1,6765,312,306,299,302,306,1026,1,7,3,1650,500,523521838,18808832,779,9345,0,0,463.457
523522743,971,1513,-2,6767,288,306,301,302,306,1024,1,7,3,1650,501,523522803,18808832,779,10313,0,0,464.428
523523706,963,1512,-1,6768,242,305,300,302,306,1023,1,7,3,1650,502,523523746,18808832,779,11245,0,0,465.391
523524702,996,1510,-2,6770,238,305,307,302,306,1021,1,7,3,1650,503,523524742,18808832,779,12242,0,0,466.387
523525700,998,1509,-1,6771,238,305,308,302,306,1020,1,7,3,1650,504,523525740,18808832,779,13239,0,0,467.385
523526728,1028,1508,-1,6772,267,306,307,302,306,1020,1,7,3,1650,505,523526782,18808832,779,14288,0,0,468.413
523527708,980,1506,-2,6774,243,306,315,302,305,1018,1,7,3,1650,506,523527748,18808832,779,15248,0,0,469.393
523528702,994,1506,0,6774,238,306,307,302,304,1018,1,7,3,1650,507,523528742,18808832,779,16242,0,0,470.387
523529821,1119,1505,-1,6775,355,306,308,302,303,1017,1,7,3,1650,508,523529922,18808832,779,17455,0,0,471.506
523530866,1045,1505,0,6775,410,306,300,302,301,1017,1,7,3,1650,509,523531035,18808832,779,18562,0,0,472.551
523531836,970,1503,-2,6777,371,306,300,302,302,1015,1,7,3,1650,510,523531921,18808832,779,19448,0,0,473.521
523532740,904,1502,-1,6778,285,305,300,298,302,1014,1,7,3,1650,511,523532816,18808832,779,20324,0,0,474.425
523533725,985,1501,-1,6779,270,305,301,298,302,1013,1,7,3,1650,512,523533773,18808832,779,21277,0,0,475.41
523534773,1048,1499,-2,6781,311,305,300,298,302,1012,1,7,3,1650,513,523534854,18808832,779,22367,0,0,476.458
523535728,955,1498,-1,6782,270,305,301,298,302,1011,1,7,3,1650,514,523535775,18808832,779,23279,0,0,477.413
523536729,1001,1497,-1,6783,269,304,293,298,302,1010,1,7,3,1650,515,523536787,18808832,779,24295,0,0,478.414
523537732,1003,1495,-2,6785,266,304,301,298,302,1008,1,7,3,1650,516,523537783,18808832,779,25288,0,0,479.417
523538766,1034,1493,-2,6787,308,304,300,298,302,1006,1,7,3,1650,517,523538847,18808832,779,26358,0,0,480.451
523539732,966,1492,-1,6788,270,304,299,298,302,1005,1,7,3,1650,518,523539782,18808832,779,27288,0,0,481.417
523540817,1085,1491,-1,6789,353,303,293,298,302,1005,1,7,3,1650,519,523540916,18808832,779,28432,0,0,482.502
523541762,945,1489,-2,6791,299,303,299,298,302,1003,1,7,3,1650,520,523541816,18808832,779,29318,0,0,483.447
523542736,974,1488,-1,6792,277,303,300,298,302,1002,1,7,3,1650,520,523542795,18808832,779,30303,0,0,484.421
523543701,965,1487,-1,6793,243,303,309,298,302,1001,1,7,3,1650,521,523543743,18808832,779,31243,0,0,485.386
523544699,998,1486,-1,6794,237,304,307,298,302,1000,1,7,3,1650,522,523544739,18808832,779,32239,0,0,486.384
523545694,995,1485,-1,6795,238,304,308,298,302,999,1,7,3,1650,523,523545734,18808832,779,33233,0,0,487.379
523546722,1028,1485,0,6795,266,304,299,298,302,999,1,7,3,1650,524,523546779,18808832,779,34284,0,0,488.407
523547701,979,1484,-1,6796,243,303,300,298,302,998,1,7,3,1650,525,523547742,18808832,779,35242,0,0,489.386
523548699,998,1483,-1,6797,237,303,292,298,302,998,1,7,3,1650,526,523548740,18808832,779,36240,0,0,490.384
523549820,1121,1482,-1,6798,358,302,292,298,302,997,1,7,3,1650,527,523549925,18808832,779,37468,0,0,491.505
523550880,1060,1480,-2,6800,415,302,292,298,302,995,1,7,3,1650,528,523551037,18808832,779,38561,0,0,492.565
523551820,940,1479,-1,6801,367,302,293,298,301,994,1,7,3,1650,529,523551892,18808832,779,39415,0,0,493.505
523552730,910,1478,-1,6802,268,301,292,298,300,993,1,7,3,1650,530,523552785,18808832,779,40292,0,0,494.415
523553731,1001,1476,-2,6804,267,301,293,298,299,991,1,7,3,1650,531,523553786,18808832,779,41292,0,0,495.416
523554743,1012,1475,-1,6805,287,300,284,298,297,991,1,7,3,1650,532,523554824,18808832,779,42338,0,0,496.428
523555750,1007,1473,-2,6807,287,300,292,298,298,989,1,7,3,1650,533,523555814,18808832,779,43320,0,0,497.435
523556730,980,1472,-1,6808,271,300,293,298,298,988,1,7,3,1650,534,523556786,18808832,779,44296,0,0,498.415
523557752,1022,1471,-1,6809,294,299,284,294,298,987,1,7,3,1650,535,523557822,18808832,779,45334,0,0,499.437
523558774,1022,1469,-2,6811,314,299,300,294,298,985,1,7,3,1650,536,523558866,18808832,779,46380,0,0,500.459
523559730,956,1467,-2,6813,263,299,307,294,298,983,1,7,3,1650,537,523559780,18808832,779,47282,0,0,501.415
523560841,1111,1466,-1,6814,382,300,307,294,298,983,1,7,3,1650,538,523560943,18808832,779,48463,0,0,502.526
523561749,908,1465,-1,6815,285,300,316,294,298,982,1,7,3,1650,539,523561795,18808832,779,49294,0,0,503.434
523562738,989,1465,0,6815,281,300,300,294,298,982,1,7,3,1650,540,523562802,18808832,799,0,0,0,504.423
523563718,980,1464,-1,6816,255,300,299,294,298,981,1,7,3,1650,541,523563768,18808832,799,432,0,0,505.403
523564698,980,1463,-1,6817,237,300,300,294,298,980,1,7,3,1650,542,523564742,18808832,799,1406,0,0,506.383
523565693,995,1462,-1,6818,238,300,292,294,298,979,1,7,3,1650,542,523565733,18808832,799,2396,0,0,507.378
523566737,1044,1461,-1,6819,270,300,293,294,298,978,1,7,3,1650,543,523566794,18808832,799,3461,0,0,508.422
523567700,963,1459,-2,6821,242,300,300,294,298,976,1,7,3,1650,544,523567740,18808832,799,4402,0,0,509.385
523568697,997,1458,-1,6822,237,299,292,294,298,976,1,7,3,1650,545,523568737,18808832,799,5399,0,0,510.382
523569838,1141,1456,-2,6824,378,299,292,294,298,974,1,7,3,1650,547,523569962,18808832,799,6674,0,0,511.523
523570846,1008,1455,-1,6825,391,299,293,294,298,973,1,7,3,1650,548,523571045,18808832,799,7741,0,0,512.531
523571832,986,1454,-1,6826,368,298,284,294,298,972,1,7,3,1650,548,523571924,18808832,799,8611,0,0,513.517
523572723,891,1452,-2,6828,268,298,292,294,298,970,1,7,3,1650,549,523572775,18808832,799,9443,0,0,514.408
523573727,1004,1451,-1,6829,260,298,293,294,298,969,1,7,3,1650,550,523573778,18808832,799,10445,0,0,515.412
523574764,1037,1449,-2,6831,298,298,300,294,298,968,1,7,3,1650,551,523574842,18808832,799,11518,0,0,516.449
523575738,974,1448,-1,6832,271,298,301,294,297,967,1,7,3,1650,552,523575798,18808832,799,12464,0,0,517.423
523576737,999,1447,-1,6833,275,298,309,294,296,966,1,7,3,1650,553,523576794,18808832,799,13465,0,0,518.422
523577720,983,1446,-1,6834,263,299,309,294,295,965,1,7,3,1650,554,523577772,18808832,799,14438,0,0,519.405
523578748,1028,1445,-1,6835,292,299,309,294,293,964,1,7,3,1650,555,523578820,18808832,799,15504,0,0,520.433
523579733,985,1444,-1,6836,277,300,307,294,294,963,1,7,3,1650,556,523579788,18808832,799,16455,0,0,521.418
523580801,1068,1444,0,6836,337,300,299,294,294,963,1,7,3,1650,557,523580897,18808832,799,17580,0,0,522.486
523581766,965,1443,-1,6837,303,299,292,294,294,962,1,7,3,1650,558,523581812,18808832,799,18475,0,0,523.451
523582747,981,1442,-1,6838,283,299,293,290,294,962,1,7,3,1650,559,523582823,18808832,799,19494,0,0,524.432
523583723,976,1440,-2,6840,255,299,299,290,294,960,1,7,3,1650,560,523583763,18808832,799,20426,0,0,525.408
523584698,975,1439,-1,6841,238,299,292,290,294,959,1,7,3,1650,561,523584741,18808832,799,21404,0,0,526.383
523585695,997,1438,-1,6842,237,298,292,290,294,958,1,7,3,1650,561,523585735,18808832,799,22397,0,0,527.38
523586726,1031,1436,-2,6844,269,298,292,290,294,956,1,7,3,1650,562,523586788,18808832,799,23458,0,0,528.411
523587713,987,1435,-1,6845,252,298,292,290,294,955,1,7,3,1650,563,523587755,18808832,799,24418,0,0,529.398
523588693,980,1433,-2,6847,237,298,300,290,294,954,1,7,3,1650,564,523588734,18808832,799,25396,0,0,530.378
523589865,1172,1432,-1,6848,383,297,284,290,294,953,1,7,3,1650,565,523590017,18808832,799,26734,0,0,531.55
523590807,942,1430,-2,6850,340,297,291,290,294,951,1,7,3,1650,566,523590985,18808832,799,27686,0,0,532.492
523591829,1022,1429,-1,6851,368,297,292,290,294,950,1,7,3,1650,567,523591954,18808832,799,28660,0,0,533.514
523592728,899,1428,-1,6852,274,297,292,290,294,949,1,7,3,1650,568,523592778,18808832,799,29442,0,0,534.413
523593733,1005,1427,-1,6853,267,297,301,290,294,948,1,7,3,1650,569,523593790,18808832,799,30457,0,0,535.418
523594751,1018,1426,-1,6854,295,297,301,290,294,947,1,7,3,1650,570,523594825,18808832,799,31499,0,0,536.436
523595727,976,1425,-1,6855,269,297,301,290,294,947,1,7,3,1650,571,523595789,18808832,799,32457,0,0,537.412
523596731,1004,1424,-1,6856,274,297,299,290,294,946,1,7,3,1650,572,523596792,18808832,799,33463,0,0,538.416
523597732,1001,1424,0,6856,267,297,285,290,294,946,1,7,3,1650,573,523597786,18808832,799,34452,0,0,539.417
523598766,1034,1422,-2,6858,300,297,292,290,294,944,1,7,3,1650,574,523598836,18808832,799,35509,0,0,540.451
523599744,978,1421,-1,6859,275,296,291,290,294,943,1,7,3,1650,575,523599807,18808832,799,36477,0,0,541.429
523600756,1012,1420,-1,6860,301,296,284,290,294,942,1,7,3,1650,576,523600862,18808832,799,37541,0,0,542.441
523601764,1008,1419,-1,6861,311,295,284,290,294,941,1,7,3,1650,577,523601820,18808832,799,38486,0,0,543.449
523602725,961,1417,-2,6863,271,295,285,290,294,940,1,7,3,1650,577,523602785,18808832,799,39459,0,0,544.41
523603710,985,1416,-1,6864,248,295,284,290,293,939,1,7,3,1650,578,523603751,18808832,799,40413,0,0,545.395
523604690,980,1415,-1,6865,238,294,284,290,292,938,1,7,3,1650,579,523604730,18808832,799,41392,0,0,546.375
523605702,1012,1413,-2,6867,238,294,284,290,291,936,1,7,3,1650,580,523605742,18808832,799,42405,0,0,547.387
523606719,1017,1412,-1,6868,261,293,284,290,290,935,1,7,3,1650,581,523606774,18808832,799,43442,0,0,548.404
523607726,1007,1410,-2,6870,270,293,293,286,290,933,1,7,3,1650,582,523607786,18808832,799,44451,0,0,549.411
523608707,981,1409,-1,6871,242,293,292,286,290,933,1,7,3,1650,583,523608749,18808832,799,45413,0,0,550.392
523609850,1143,1407,-2,6873,388,294,300,286,290,931,1,7,3,1650,584,523609990,18808832,799,46705,0,0,551.535
523610756,906,1407,0,6873,302,293,291,286,290,931,1,7,3,1650,585,523610899,18808832,799,47593,0,0,552.441
523611824,1068,1406,-1,6874,365,294,301,286,290,930,1,7,3,1650,586,523611946,18808832,799,48661,0,0,553.509
523612734,910,1405,-1,6875,271,294,300,286,290,929,1,7,3,1650,587,523612787,18808832,799,49451,0,0,554.419
523613737,1003,1405,0,6875,271,294,285,286,290,929,1,7,3,1650,588,523613788,18808832,821,3,0,0,555.422
523614799,1062,1404,-1,6876,301,293,284,286,290,928,1,7,3,1650,589,523614869,18808832,821,479,0,0,556.484
523615733,934,1402,-2,6878,272,293,293,286,290,926,1,7,3,1650,590,523615795,18808832,821,1409,0,0,557.418
523616726,993,1401,-1,6879,270,293,285,286,290,925,1,7,3,1650,591,523616786,18808832,821,2401,0,0,558.411
523617720,994,1400,-1,6880,265,293,285,286,290,925,1,7,3,1650,591,523617776,18808832,821,3388,0,0,559.405
523618766,1046,1399,-1,6881,300,292,276,286,290,924,1,7,3,1650,592,523618829,18808832,821,4442,0,0,560.451
523619733,967,1398,-1,6882,271,291,275,286,290,923,1,7,3,1650,593,523619796,18808832,821,5410,0,0,561.418
523620747,1014,1396,-2,6884,285,291,285,286,290,921,1,7,3,1650,594,523620892,18808832,821,6524,0,0,562.432
523621771,1024,1395,-1,6885,310,290,276,286,290,920,1,7,3,1650,595,523621838,18808832,821,7449,0,0,563.456
523622750,979,1394,-1,6886,285,290,276,286,290,919,1,7,3,1650,596,523622810,18808832,821,8420,0,0,564.435
523623709,959,1392,-2,6888,242,290,284,286,290,918,1,7,3,1650,597,523623749,18808832,821,9353,0,0,565.394
523624704,995,1391,-1,6889,238,289,284,286,290,917,1,7,3,1650,598,523624744,18808832,821,10347,0,0,566.389
523625700,996,1389,-2,6891,238,289,292,286,290,915,1,7,3,1650,599,523625739,18808832,821,11343,0,0,567.385
523626724,1024,1388,-1,6892,267,290,291,286,289,914,1,7,3,1650,600,523626779,18808832,821,12388,0,0,568.409
523627708,984,1387,-1,6893,246,290,292,286,288,913,1,7,3,1650,601,523627748,18808832,821,13352,0,0,569.393
523628698,990,1385,-2,6895,238,290,307,286,286,911,1,7,3,1650,602,523628738,18808832,821,14342,0,0,570.383
523629832,1134,1384,-1,6896,371,291,300,286,286,911,1,7,3,1650,603,523629939,18808832,821,15584,0,0,571.517
523630876,1044,1384,0,6896,410,291,292,286,286,911,1,7,3,1650,604,523631047,18808832,821,16671,0,0,572.561
523631840,964,1383,-1,6897,378,291,292,286,286,910,1,7,3,1650,605,523631953,18808832,821,17584,0,0,573.525
523632742,902,1382,-1,6898,276,291,285,282,286,909,1,7,3,1650,605,523632810,18808832,821,18421,0,0,574.427
523633738,996,1381,-1,6899,276,290,285,282,286,908,1,7,3,1650,606,523633792,18808832,821,19402,0,0,575.423
523634774,1036,1380,-1,6900,308,290,284,282,286,907,1,7,3,1650,607,523634856,18808832,821,20475,0,0,576.459
523635743,969,1379,-1,6901,278,290,276,282,286,906,1,7,3,1650,608,523635797,18808832,821,21403,0,0,577.428
523636738,995,1377,-2,6903,271,289,285,282,286,904,1,7,3,1650,609,523636798,18808832,821,22409,0,0,578.423
523637720,982,1376,-1,6904,263,289,284,282,286,904,1,7,3,1650,610,523637774,18808832,821,23384,0,0,579.405
523638762,1042,1374,-2,6906,301,289,284,282,286,902,1,7,3,1650,611,523638843,18808832,821,24457,0,0,580.447
523639732,970,1373,-1,6907,276,289,283,282,286,901,1,7,3,1650,612,523639786,18808832,821,25397,0,0,581.417
523640808,1076,1371,-2,6909,349,289,292,282,286,899,1,7,3,1650,613,523640902,18808832,821,26522,0,0,582.493
523641759,951,1370,-1,6910,294,289,291,282,286,898,1,7,3,1650,614,523641813,18808832,821,27419,0,0,583.444
523642727,968,1369,-1,6911,273,289,292,282,286,897,1,7,3,1650,614,523642781,18808832,821,28392,0,0,584.412
523643710,983,1368,-1,6912,249,289,292,282,286,896,1,7,3,1650,615,523643751,18808832,821,29354,0,0,585.395
523644691,981,1366,-2,6914,238,290,308,282,286,895,1,7,3,1650,616,523644731,18808832,821,30335,0,0,586.376
523645702,1011,1365,-1,6915,238,291,308,282,286,894,1,7,3,1650,617,523645742,18808832,821,31346,0,0,587.387
523646720,1018,1364,-1,6916,263,291,299,282,286,893,1,7,3,1650,618,523646771,18808832,821,32380,0,0,588.405
523647713,993,1364,0,6916,246,291,292,282,286,893,1,7,3,1650,619,523647756,18808832,821,33360,0,0,589.398
523648699,986,1363,-1,6917,238,291,292,282,286,892,1,7,3,1650,620,523648739,18808832,821,34342,0,0,590.384
523649815,1116,1362,-1,6918,352,291,292,282,286,891,1,7,3,1650,621,523649909,18808832,821,35554,0,0,591.5
523650882,1067,1361,-1,6919,423,291,284,282,286,890,1,7,3,1650,622,523651047,18808832,821,36674,0,0,592.567
523651838,956,1359,-2,6921,375,291,292,282,285,889,1,7,3,1650,623,523651915,18808832,821,37541,0,0,593.523
523652724,886,1359,0,6921,263,291,284,282,284,889,1,7,3,1650,624,523652780,18808832,821,38391,0,0,594.409
523653724,1000,1357,-2,6923,269,290,285,282,282,887,1,7,3,1650,625,523653779,18808832,821,39389,0,0,595.409
523654757,1033,1356,-1,6924,293,290,284,282,282,886,1,7,3,1650,626,523654835,18808832,821,40455,0,0,596.442
523655741,984,1355,-1,6925,286,290,276,282,282,885,1,7,3,1650,626,523655803,18808832,821,41412,0,0,597.426
523656739,998,1354,-1,6926,273,289,277,282,282,884,1,7,3,1650,627,523656795,18808832,821,42407,0,0,598.424
523657752,1013,1352,-2,6928,289,289,284,278,282,882,1,7,3,1650,628,523657827,18808832,821,43441,0,0,599.437
523658785,1033,1350,-2,6930,319,289,284,278,282,881,1,7,3,1650,629,523658872,18808832,821,44491,0,0,600.47
523659719,934,1349,-1,6931,258,289,283,278,282,880,1,7,3,1650,630,523659770,18808832,821,45376,0,0,601.404
523660830,1111,1348,-1,6932,373,288,284,278,282,879,1,7,3,1650,631,523660932,18808832,821,46554,0,0,602.515
523661756,926,1346,-2,6934,290,289,300,278,282,877,1,7,3,1650,632,523661800,18808832,821,47405,0,0,603.441
523662746,990,1345,-1,6935,287,289,301,278,282,876,1,7,3,1650,633,523662815,18808832,821,48429,0,0,604.431
523663705,959,1344,-1,6936,252,290,300,278,282,875,1,7,3,1650,634,523663746,18808832,821,49350,0,0,605.39
523664697,992,1343,-1,6937,237,290,300,278,282,875,1,7,3,1650,634,523664737,18808832,845,1,0,0,606.382
523665704,1007,1343,0,6937,249,290,292,278,282,875,1,7,3,1650,635,523665754,18808832,845,489,0,0,607.389
523666724,1020,1342,-1,6938,267,290,292,278,282,874,1,7,3,1650,636,523666779,18808832,845,1517,0,0,608.409
523667707,983,1341,-1,6939,242,290,284,278,282,873,1,7,3,1650,637,523667747,18808832,845,2479,0,0,609.392
523668702,995,1340,-1,6940,238,290,284,278,282,872,1,7,3,1650,638,523668742,18808832,845,3475,0,0,610.387
523669842,1140,1339,-1,6941,371,289,276,278,282,871,1,7,3,1650,639,523669964,18808832,845,4747,0,0,611.527
523670843,1001,1337,-2,6943,384,289,276,278,282,869,1,7,3,1650,640,523671040,18808832,845,5807,0,0,612.528
523671845,1002,1336,-1,6944,377,288,276,278,282,868,1,7,3,1650,641,523671940,18808832,845,6701,0,0,613.53
523672733,888,1335,-1,6945,273,288,277,278,282,867,1,7,3,1650,642,523672787,18808832,845,7524,0,0,614.418
523673726,993,1334,-1,6946,264,287,277,278,282,867,1,7,3,1650,643,523673776,18808832,845,8512,0,0,615.411
523674741,1015,1332,-2,6948,288,287,276,278,282,865,1,7,3,1650,644,523674820,18808832,845,9567,0,0,616.426
523675738,997,1331,-1,6949,277,286,276,278,282,864,1,7,3,1650,644,523675795,18808832,845,10531,0,0,617.423
523676730,992,1330,-1,6950,273,286,277,278,282,863,1,7,3,1650,645,523676788,18808832,845,11531,0,0,618.415
523677716,986,1328,-2,6952,263,286,293,278,281,861,1,7,3,1650,646,523677773,18808832,845,12510,0,0,619.401
523678762,1046,1327,-1,6953,295,287,292,278,279,860,1,7,3,1650,647,523678833,18808832,845,13583,0,0,620.447
523679734,972,1326,-1,6954,279,287,291,278,278,860,1,7,3,1650,648,523679794,18808832,845,14533,0,0,621.419
523680792,1058,1324,-2,6956,334,287,299,278,278,858,1,7,3,1650,649,523680887,18808832,845,15642,0,0,622.477
523681763,971,1324,0,6956,303,287,293,278,278,858,1,7,3,1650,650,523681809,18808832,845,16542,0,0,623.448
523682748,985,1323,-1,6957,286,288,293,274,278,857,1,7,3,1650,651,523682822,18808832,845,17564,0,0,624.433
523683722,974,1323,0,6957,255,287,284,274,278,857,1,7,3,1650,652,523683762,18808832,845,18494,0,0,625.407
523684697,975,1322,-1,6958,238,287,276,274,278,856,1,7,3,1650,652,523684737,18808832,845,19470,0,0,626.382
523685695,998,1321,-1,6959,237,287,276,274,278,855,1,7,3,1650,653,523685736,18808832,845,20468,0,0,627.38
523686727,1032,1320,-1,6960,269,286,276,274,278,854,1,7,3,1650,654,523686791,18808832,845,21532,0,0,628.412
523687717,990,1318,-2,6962,252,286,284,274,278,853,1,7,3,1650,655,523687760,18808832,845,22492,0,0,629.402
523688702,985,1317,-1,6963,238,286,276,274,278,852,1,7,3,1650,656,523688742,18808832,845,23474,0,0,630.387
523689869,1167,1316,-1,6964,386,285,267,274,278,851,1,7,3,1650,657,523690021,18808832,845,24812,0,0,631.554
523690771,902,1315,-1,6965,312,284,267,274,278,850,1,7,3,1650,658,523690924,18808832,845,25682,0,0,632.456
523691820,1049,1314,-1,6966,353,283,260,274,278,849,1,7,3,1650,659,523691954,18808832,845,26734,0,0,633.505
523692738,918,1312,-2,6968,281,283,268,274,278,847,1,7,3,1650,660,523692787,18808832,845,27520,0,0,634.423
523693733,995,1311,-1,6969,266,282,268,274,278,846,1,7,3,1650,660,523693787,18808832,845,28525,0,0,635.418
523694757,1024,1310,-1,6970,301,282,268,274,278,846,1,7,3,1650,661,523694828,18808832,845,29572,0,0,636.442
523695720,963,1308,-2,6972,264,282,285,274,278,844,1,7,3,1650,662,523695783,18808832,845,30522,0,0,637.405
523696730,1010,1307,-1,6973,269,282,285,274,278,843,1,7,3,1650,663,523696786,18808832,845,31528,0,0,638.415
523697725,995,1305,-2,6975,263,282,293,274,278,841,1,7,3,1650,664,523697782,18808832,845,32520,0,0,639.41
523698766,1041,1304,-1,6976,301,283,292,274,278,840,1,7,3,1650,665,523698832,18808832,845,33574,0,0,640.451
523699720,954,1303,-1,6977,267,283,291,274,278,839,1,7,3,1650,666,523699786,18808832,845,34525,0,0,641.405
523700780,1060,1302,-1,6978,314,283,292,274,278,838,1,7,3,1650,667,523700911,18808832,845,35659,0,0,642.465
523701758,978,1301,-1,6979,299,283,284,274,278,838,1,7,3,1650,668,523701812,18808832,845,36549,0,0,643.443
523702741,983,1301,0,6979,282,283,277,274,278,838,1,7,3,1650,669,523702804,18808832,845,37543,0,0,644.426
523703709,968,1300,-1,6980,246,283,276,274,278,837,1,7,3,1650,669,523703749,18808832,845,38483,0,0,645.394
523704706,997,1299,-1,6981,239,283,276,274,276,836,1,7,3,1650,670,523704746,18808832,845,39479,0,0,646.391
523705702,996,1298,-1,6982,238,282,268,274,275,835,1,7,3,1650,671,523705741,18808832,845,40474,0,0,647.387
523706731,1029,1296,-2,6984,264,282,277,274,274,833,1,7,3,1650,672,523706786,18808832,845,41523,0,0,648.416
523707727,996,1295,-1,6985,260,281,268,270,274,832,1,7,3,1650,673,523707787,18808832,845,42523,0,0,649.412
523708722,995,1293,-2,6987,250,281,276,270,274,831,1,7,3,1650,674,523708769,18808832,845,43502,0,0,650.407
523709850,1128,1292,-1,6988,390,281,276,270,274,830,1,7,3,1650,675,523709987,18808832,845,44774,0,0,651.535
523710792,942,1291,-1,6989,326,280,269,270,274,829,1,7,3,1650,676,523710959,18808832,845,45727,0,0,652.477
523711819,1027,1289,-2,6991,355,280,284,270,274,827,1,7,3,1650,677,523711931,18808832,845,46715,0,0,653.504
523712738,919,1288,-1,6992,276,281,284,270,274,826,1,7,3,1650,677,523712795,18808832,845,47529,0,0,654.423
523713721,983,1286,-2,6994,264,281,292,270,274,824,1,7,3,1650,678,523713773,18808832,845,48513,0,0,655.406
523714775,1054,1285,-1,6995,304,282,300,270,274,824,1,7,3,1650,679,523714851,18808832,845,49595,0,0,656.46
523715730,955,1284,-1,6996,264,283,301,270,274,823,1,7,3,1650,680,523715793,18808832,870,1,0,0,657.415
523716745,1015,1283,-1,6997,284,283,301,270,274,822,1,7,3,1650,681,523716806,18808832,870,466,0,0,658.43
523717715,970,1282,-1,6998,260,284,299,270,274,821,1,7,3,1650,682,523717775,18808832,870,1442,0,0,659.4
523718758,1043,1282,0,6998,301,284,284,270,274,821,1,7,3,1650,683,523718824,18808832,870,2489,0,0,660.443
523719725,967,1281,-1,6999,267,284,283,270,274,820,1,7,3,1650,683,523719794,18808832,870,3458,0,0,661.41
523720741,1016,1280,-1,7000,285,284,285,270,274,819,1,7,3,1650,684,523720887,18808832,870,4572,0,0,662.426
523721770,1029,1279,-1,7001,313,284,284,270,274,818,1,7,3,1650,685,523721836,18808832,870,5497,0,0,663.455
523722740,970,1278,-1,7002,281,284,277,270,274,817,1,7,3,1650,686,523722799,18808832,870,6463,0,0,664.425
523723707,967,1277,-1,7003,242,283,276,270,274,817,1,7,3,1650,687,523723747,18808832,870,7403,0,0,665.392
523724702,995,1276,-1,7004,238,283,276,270,274,816,1,7,3,1650,688,523724743,18808832,870,8399,0,0,666.387
523725695,993,1275,-1,7005,237,283,276,270,274,815,1,7,3,1650,689,523725736,18808832,870,9391,0,0,667.38
523726723,1028,1273,-2,7007,269,282,276,270,274,813,1,7,3,1650,690,523726779,18808832,870,10439,0,0,668.408
523727694,971,1272,-1,7008,241,282,276,270,274,812,1,7,3,1650,690,523727735,18808832,870,11392,0,0,669.379
523728692,998,1271,-1,7009,239,282,268,270,272,811,1,7,3,1650,691,523728732,18808832,870,12387,0,0,670.377
523729824,1132,1269,-2,7011,365,281,276,270,271,809,1,7,3,1650,692,523729931,18808832,870,13622,0,0,671.509
523730881,1057,1268,-1,7012,416,281,276,270,269,809,1,7,3,1650,693,523731037,18808832,870,14719,0,0,672.566
523731830,949,1266,-2,7014,368,281,284,270,270,807,1,7,3,1650,694,523731912,18808832,870,15590,0,0,673.515
523732729,899,1265,-1,7015,277,281,284,266,270,806,1,7,3,1650,695,523732807,18808832,870,16477,0,0,674.414
523733727,998,1264,-1,7016,275,282,293,266,270,805,1,7,3,1650,696,523733782,18808832,870,17445,0,0,675.412
523734775,1048,1263,-1,7017,308,282,292,266,270,804,1,7,3,1650,697,523734863,18808832,870,18535,0,0,676.46
523735746,971,1262,-1,7018,282,283,293,266,270,803,1,7,3,1650,697,523735795,18808832,870,19456,0,0,677.431
523736721,975,1261,-1,7019,268,283,291,266,270,802,1,7,3,1650,698,523736783,18808832,870,20449,0,0,678.406
523737726,1005,1261,0,7019,272,283,276,266,270,802,1,7,3,1650,699,523737780,18808832,870,21443,0,0,679.411
523738760,1034,1260,-1,7020,302,282,268,266,270,802,1,7,3,1650,700,523738844,18808832,870,22513,0,0,680.445
523739730,970,1259,-1,7021,275,282,268,266,270,801,1,7,3,1650,701,523739787,18808832,870,23451,0,0,681.415
523740831,1101,1258,-1,7022,372,281,268,266,270,800,1,7,3,1650,702,523740931,18808832,870,24606,0,0,682.516
523741755,924,1256,-2,7024,287,281,276,266,270,798,1,7,3,1650,703,523741803,18808832,870,25461,0,0,683.44
523742733,978,1256,0,7024,276,280,261,266,270,798,1,7,3,1650,703,523742790,18808832,870,26449,0,0,684.418
523743708,975,1254,-2,7026,244,280,268,266,270,796,1,7,3,1650,704,523743748,18808832,870,27405,0,0,685.393
523744705,997,1253,-1,7027,239,279,260,266,270,795,1,7,3,1650,705,523744745,18808832,870,28400,0,0,686.39
523745702,997,1252,-1,7028,238,278,261,266,270,795,1,7,3,1650,706,523745741,18808832,870,29397,0,0,687.387
523746726,1024,1251,-1,7029,264,277,260,266,270,794,1,7,3,1650,707,523746781,18808832,870,30441,0,0,688.411
523747703,977,1249,-2,7031,248,277,268,266,270,792,1,7,3,1650,708,523747745,18808832,870,31401,0,0,689.388
523748699,996,1248,-1,7032,239,277,268,266,270,791,1,7,3,1650,709,523748739,18808832,870,32395,0,0,690.384
523749827,1128,1246,-2,7034,348,277,284,266,270,789,1,7,3,1650,710,523749944,18808832,870,33638,0,0,691.512
523750864,1037,1245,-1,7035,408,277,284,266,269,788,1,7,3,1650,711,523751030,18808832,870,34709,0,0,692.549
523751841,977,1244,-1,7036,375,278,284,266,269,788,1,7,3,1650,711,523751938,18808832,870,35619,0,0,693.526
523752713,872,1243,-1,7037,260,278,284,266,268,787,1,7,3,1650,712,523752765,18808832,870,36426,0,0,694.398
523753725,1012,1242,-1,7038,268,278,285,266,267,786,1,7,3,1650,713,523753779,18808832,870,37439,0,0,695.41
523754739,1014,1241,-1,7039,284,278,284,266,265,785,1,7,3,1650,714,523754817,18808832,870,38486,0,0,696.424
523755748,1009,1241,0,7039,286,278,276,266,266,785,1,7,3,1650,715,523755806,18808832,870,39465,0,0,697.433
523756736,988,1240,-1,7040,269,278,268,266,266,784,1,7,3,1650,716,523756788,18808832,870,40456,0,0,698.421
523757742,1006,1239,-1,7041,283,277,268,262,266,783,1,7,3,1650,716,523757815,18808832,870,41480,0,0,699.427
523758786,1044,1238,-1,7042,319,277,268,262,266,782,1,7,3,1650,717,523758877,18808832,870,42548,0,0,700.471
523759723,937,1237,-1,7043,261,277,267,262,266,781,1,7,3,1650,718,523759772,18808832,870,43431,0,0,701.408
523760827,1104,1236,-1,7044,371,276,260,262,266,780,1,7,3,1650,719,523760924,18808832,870,44598,0,0,702.512
523761749,922,1235,-1,7045,289,275,261,262,266,780,1,7,3,1650,720,523761796,18808832,870,45452,0,0,703.434
523762746,997,1234,-1,7046,282,274,252,262,266,779,1,7,3,1650,721,523762814,18808832,870,46480,0,0,704.431
523763707,961,1233,-1,7047,246,274,252,262,266,778,1,7,3,1650,721,523763747,18808832,870,47402,0,0,705.392
523764700,993,1231,-2,7049,238,273,260,262,266,776,1,7,3,1650,722,523764740,18808832,870,48396,0,0,706.385
523765695,995,1230,-1,7050,237,273,261,262,266,775,1,7,3,1650,723,523765736,18808832,870,49391,0,0,707.38
523766725,1030,1229,-1,7051,266,272,260,262,266,774,1,7,3,1650,724,523766781,18808832,897,1,0,0,708.41
523767712,987,1227,-2,7053,258,272,268,262,266,773,1,7,3,1650,725,523767762,18808832,897,451,0,0,709.397
523768703,991,1226,-1,7054,239,272,276,262,266,772,1,7,3,1650,726,523768744,18808832,897,1433,0,0,710.388
523769852,1149,1224,-2,7056,371,273,284,262,266,770,1,7,3,1650,727,523769985,18808832,897,2724,0,0,711.537
523770854,1002,1223,-1,7057,384,273,285,262,266,769,1,7,3,1650,728,523771046,18808832,897,3757,0,0,712.539
523771845,991,1222,-1,7058,382,273,276,262,266,768,1,7,3,1650,728,523771950,18808832,897,4668,0,0,713.53
523772724,879,1221,-1,7059,263,273,276,262,266,767,1,7,3,1650,729,523772777,18808832,897,5467,0,0,714.409
523773728,1004,1220,-1,7060,262,273,277,262,266,766,1,7,3,1650,730,523773779,18808832,897,6471,0,0,715.413
523774748,1020,1220,0,7060,290,273,268,262,265,766,1,7,3,1650,731,523774822,18808832,897,7521,0,0,716.433
523775739,991,1219,-1,7061,274,273,268,262,263,766,1,7,3,1650,732,523775802,18808832,897,8495,0,0,717.424
523776730,991,1218,-1,7062,273,273,269,262,263,765,1,7,3,1650,733,523776791,18808832,897,9491,0,0,718.415
523777722,992,1217,-1,7063,267,272,260,262,262,764,1,7,3,1650,733,523777780,18808832,897,10471,0,0,719.407
523778746,1024,1216,-1,7064,293,272,260,262,262,763,1,7,3,1650,734,523778818,18808832,897,11525,0,0,720.431
523779731,985,1215,-1,7065,278,271,260,262,262,762,1,7,3,1650,735,523779788,18808832,897,12482,0,0,721.416
523780802,1071,1214,-1,7066,336,271,252,262,262,761,1,7,3,1650,736,523780901,18808832,897,13608,0,0,722.487
523781774,972,1212,-2,7068,306,270,261,262,262,759,1,7,3,1650,737,523781823,18808832,897,14511,0,0,723.459
523782744,970,1211,-1,7069,282,270,260,258,262,758,1,7,3,1650,738,523782818,18808832,897,15512,0,0,724.429
523783708,964,1210,-1,7070,256,269,260,258,262,758,1,7,3,1650,738,523783750,18808832,897,16439,0,0,725.393
523784692,984,1208,-2,7072,239,269,268,258,262,756,1,7,3,1650,739,523784732,18808832,897,17419,0,0,726.377
523785702,1010,1207,-1,7073,238,269,268,258,262,755,1,7,3,1650,740,523785742,18808832,897,18429,0,0,727.387
523786729,1027,1206,-1,7074,269,270,276,258,262,754,1,7,3,1650,741,523786791,18808832,897,19487,0,0,728.414
523787717,988,1204,-2,7076,255,270,284,258,262,752,1,7,3,1650,742,523787759,18808832,897,20447,0,0,729.402
523788699,982,1203,-1,7077,239,271,284,258,262,751,1,7,3,1650,743,523788743,18808832,897,21431,0,0,730.384
523789857,1158,1202,-1,7078,400,271,284,258,262,751,1,7,3,1650,744,523790007,18808832,897,22752,0,0,731.542
523790767,910,1201,-1,7079,313,272,283,258,262,750,1,7,3,1650,744,523790907,18808832,897,23617,0,0,732.452
523791799,1032,1200,-1,7080,345,272,284,258,262,749,1,7,3,1650,745,523791913,18808832,897,24656,0,0,733.484
523792747,948,1199,-1,7081,280,273,285,258,262,748,1,7,3,1650,746,523792799,18808832,897,25488,0,0,734.432
523793726,979,1199,0,7081,266,273,277,258,262,748,1,7,3,1650,747,523793778,18808832,897,26472,0,0,735.411
523794758,1032,1198,-1,7082,303,273,268,258,262,747,1,7,3,1650,748,523794825,18808832,897,27521,0,0,736.443
523795729,971,1197,-1,7083,271,272,268,258,262,746,1,7,3,1650,748,523795790,18808832,897,28484,0,0,737.414
523796728,999,1196,-1,7084,271,272,269,258,262,745,1,7,3,1650,749,523796786,18808832,897,29482,0,0,738.413
523797724,996,1195,-1,7085,268,272,260,258,262,744,1,7,3,1650,750,523797783,18808832,897,30479,0,0,739.409
523798758,1034,1194,-1,7086,301,271,260,258,262,744,1,7,3,1650,751,523798824,18808832,897,31519,0,0,740.443
523799736,978,1193,-1,7087,275,271,260,258,262,743,1,7,3,1650,752,523799803,18808832,897,32500,0,0,741.421
523800744,1008,1192,-1,7088,289,270,253,258,262,742,1,7,3,1650,753,523800889,18808832,897,33600,0,0,742.429
523801768,1024,1191,-1,7089,304,269,253,258,262,741,1,7,3,1650,753,523801829,18808832,897,34522,0,0,743.453
523802752,984,1189,-2,7091,286,269,260,258,262,739,1,7,3,1650,754,523802815,18808832,897,35510,0,0,744.437
523803707,955,1188,-1,7092,243,269,260,258,262,738,1,7,3,1650,755,523803747,18808832,897,36436,0,0,745.392
523804704,997,1187,-1,7093,239,268,260,258,260,737,1,7,3,1650,756,523804744,18808832,897,37432,0,0,746.389
523805701,997,1185,-2,7095,238,269,276,258,259,736,1,7,3,1650,757,523805741,18808832,897,38429,0,0,747.386
523806730,1029,1184,-1,7096,267,269,277,258,257,735,1,7,3,1650,758,523806788,18808832,897,39479,0,0,748.415
523807719,989,1183,-1,7097,257,269,276,254,257,734,1,7,3,1650,758,523807781,18808832,897,40473,0,0,749.404
523808716,997,1181,-2,7099,249,270,284,254,258,732,1,7,3,1650,759,523808763,18808832,897,41452,0,0,750.401
523809852,1136,1180,-1,7100,392,270,284,254,258,731,1,7,3,1650,760,523809985,18808832,897,42722,0,0,751.537
523810786,934,1179,-1,7101,320,271,283,254,258,730,1,7,3,1650,761,523810944,18808832,897,43668,0,0,752.471
523811810,1024,1179,0,7101,352,271,268,254,258,730,1,7,3,1650,762,523811910,18808832,897,44634,0,0,753.495
523812743,933,1178,-1,7102,277,271,268,254,258,729,1,7,3,1650,763,523812799,18808832,897,45490,0,0,754.428
523813738,995,1177,-1,7103,271,271,268,254,258,729,1,7,3,1650,763,523813796,18808832,897,46493,0,0,755.423
523814777,1039,1176,-1,7104,310,270,260,254,258,728,1,7,3,1650,764,523814857,18808832,897,47558,0,0,756.462
523815713,936,1175,-1,7105,256,270,260,254,258,727,1,7,3,1650,765,523815767,18808832,897,48460,0,0,757.398
523816734,1021,1174,-1,7106,272,269,260,254,258,726,1,7,3,1650,766,523816795,18808832,897,49492,0,0,758.419
523817734,1000,1173,-1,7107,272,269,252,254,258,725,1,7,3,1650,767,523817794,18808832,925,1,0,0,759.419
523818783,1049,1172,-1,7108,297,268,252,254,258,724,1,7,3,1650,768,523818845,18808832,925,465,0,0,760.468
523819733,950,1171,-1,7109,270,267,252,254,258,723,1,7,3,1650,768,523819796,18808832,925,1419,0,0,761.418
523820740,1007,1170,-1,7110,287,267,253,254,258,722,1,7,3,1650,769,523820887,18808832,925,2528,0,0,762.425
523821775,1035,1169,-1,7111,311,266,252,254,258,722,1,7,3,1650,770,523821842,18808832,925,3463,0,0,763.46
523822755,980,1168,-1,7112,289,266,252,254,258,721,1,7,3,1650,771,523822817,18808832,925,4437,0,0,764.44
523823703,948,1166,-2,7114,242,266,260,254,258,719,1,7,3,1650,772,523823743,18808832,925,5355,0,0,765.388
523824696,993,1165,-1,7115,238,266,268,254,258,718,1,7,3,1650,772,523824735,18808832,925,6347,0,0,766.381
523825690,994,1164,-1,7116,238,266,268,254,258,717,1,7,3,1650,773,523825730,18808832,925,7341,0,0,767.375
523826732,1042,1162,-2,7118,268,266,277,254,258,715,1,7,3,1650,774,523826785,18808832,925,8403,0,0,768.417
523827705,973,1161,-1,7119,241,267,276,254,257,715,1,7,3,1650,775,523827745,18808832,925,9356,0,0,769.39
523828702,997,1159,-2,7121,238,267,284,254,256,713,1,7,3,1650,776,523828742,18808832,925,10354,0,0,770.387
523829830,1128,1159,0,7121,368,268,276,254,254,713,1,7,3,1650,777,523829933,18808832,925,11581,0,0,771.515
523830904,1074,1158,-1,7122,425,268,275,254,253,712,1,7,3,1650,778,523831068,18808832,925,12705,0,0,772.589
523831830,926,1158,0,7122,370,268,268,254,253,712,1,7,3,1650,778,523831903,18808832,925,13541,0,0,773.515
523832734,904,1157,-1,7123,281,268,268,250,253,711,1,7,3,1650,779,523832816,18808832,925,14440,0,0,774.419
523833734,1000,1156,-1,7124,273,268,260,250,253,710,1,7,3,1650,780,523833786,18808832,925,15406,0,0,775.419
523834764,1030,1155,-1,7125,307,267,260,250,253,709,1,7,3,1650,781,523834850,18808832,925,16479,0,0,776.449
523835744,980,1154,-1,7126,280,267,252,250,253,708,1,7,3,1650,781,523835797,18808832,925,17413,0,0,777.429
523836725,981,1153,-1,7127,268,266,252,250,253,708,1,7,3,1650,782,523836787,18808832,925,18409,0,0,778.41
523837719,994,1152,-1,7128,266,266,252,250,253,707,1,7,3,1650,783,523837777,18808832,925,19397,0,0,779.404
523838757,1038,1152,0,7128,305,264,236,250,253,707,1,7,3,1650,784,523838847,18808832,925,20473,0,0,780.442
523839739,982,1151,-1,7129,275,263,236,250,253,706,1,7,3,1650,785,523839790,18808832,925,21408,0,0,781.424
523840817,1078,1149,-2,7131,355,262,244,250,253,704,1,7,3,1650,786,523840914,18808832,925,22543,0,0,782.502
523841753,936,1148,-1,7132,289,262,244,250,253,703,1,7,3,1650,786,523841802,18808832,925,23415,0,0,783.438
523842727,974,1147,-1,7133,275,261,253,250,253,702,1,7,3,1650,787,523842788,18808832,925,24407,0,0,784.412
523843698,971,1145,-2,7135,245,261,260,250,253,700,1,7,3,1650,788,523843738,18808832,925,25350,0,0,785.383
523844694,996,1144,-1,7136,238,261,260,250,253,700,1,7,3,1650,789,523844734,18808832,925,26346,0,0,786.379
523845703,1009,1142,-2,7138,240,262,268,250,253,698,1,7,3,1650,790,523845743,18808832,925,27355,0,0,787.388
523846729,1026,1141,-1,7139,264,262,268,250,253,697,1,7,3,1650,790,523846786,18808832,925,28403,0,0,788.414
523847711,982,1140,-1,7140,244,262,268,250,253,696,1,7,3,1650,791,523847753,18808832,925,29365,0,0,789.396
523848693,982,1139,-1,7141,238,262,268,250,253,695,1,7,3,1650,792,523848733,18808832,925,30344,0,0,790.378
523849821,1128,1138,-1,7142,348,263,268,250,253,694,1,7,3,1650,793,523849928,18808832,925,31585,0,0,791.506
523850882,1061,1137,-1,7143,422,263,267,250,253,693,1,7,3,1650,794,523851035,18808832,925,32669,0,0,792.567
523851841,959,1136,-1,7144,373,263,268,250,253,693,1,7,3,1650,795,523851936,18808832,925,33570,0,0,793.526
523852711,870,1136,0,7144,257,263,260,250,253,693,1,7,3,1650,795,523852764,18808832,925,34381,0,0,794.396
523853726,1015,1135,-1,7145,273,262,252,250,251,692,1,7,3,1650,796,523853780,18808832,925,35396,0,0,795.411
523854750,1024,1134,-1,7146,289,262,252,250,250,691,1,7,3,1650,797,523854826,18808832,925,36453,0,0,796.435
523855744,994,1133,-1,7147,288,262,252,250,250,690,1,7,3,1650,798,523855806,18808832,925,37423,0,0,797.429
523856738,994,1132,-1,7148,271,261,244,250,250,689,1,7,3,1650,798,523856795,18808832,925,38418,0,0,798.423
523857736,998,1131,-1,7149,281,260,244,246,250,688,1,7,3,1650,799,523857810,18808832,925,39434,0,0,799.421
523858771,1035,1130,-1,7150,319,259,235,246,250,687,1,7,3,1650,800,523858856,18808832,925,40483,0,0,800.456
523859723,952,1128,-2,7152,271,259,244,246,250,686,1,7,3,1650,801,523859777,18808832,925,41391,0,0,801.408
523860845,1122,1127,-1,7153,388,258,252,246,250,685,1,7,3,1650,802,523860948,18808832,925,42579,0,0,802.53
523861742,897,1126,-1,7154,276,258,253,246,250,684,1,7,3,1650,802,523861785,18808832,925,43398,0,0,803.427
523862737,995,1125,-1,7155,280,258,260,246,250,683,1,7,3,1650,803,523862802,18808832,925,44422,0,0,804.422
523863698,961,1123,-2,7157,246,259,268,246,250,681,1,7,3,1650,804,523863738,18808832,925,45350,0,0,805.383
523864694,996,1122,-1,7158,237,259,268,246,250,680,1,7,3,1650,805,523864734,18808832,925,46346,0,0,806.379
523865701,1007,1121,-1,7159,239,259,268,246,250,679,1,7,3,1650,806,523865741,18808832,925,47352,0,0,807.386
523866725,1024,1119,-2,7161,265,260,277,246,250,678,1,7,3,1650,806,523866783,18808832,925,48400,0,0,808.41
523867705,980,1118,-1,7162,244,261,276,246,250,677,1,7,3,1650,807,523867746,18808832,925,49358,0,0,809.39
523868702,997,1117,-1,7163,238,261,276,246,250,676,1,7,3,1650,808,523868742,18808832,955,5,0,0,810.387
523869974,1272,1116,-1,7164,384,262,283,246,250,675,1,7,3,1650,809,523870080,18808832,955,663,0,0,811.659
523870819,845,1116,0,7164,351,263,269,246,250,675,1,7,3,1650,810,523870963,18808832,955,1550,0,0,812.504
523871830,1011,1115,-1,7165,373,263,268,246,250,674,1,7,3,1650,811,523871950,18808832,955,2550,0,0,813.515
523872733,903,1115,0,7165,273,263,260,246,250,674,1,7,3,1650,811,523872778,18808832,955,3341,0,0,814.418
523873723,990,1113,-2,7167,260,263,260,246,250,672,1,7,3,1650,812,523873781,18808832,955,4348,0,0,815.408
523874760,1037,1112,-1,7168,302,262,260,246,248,671,1,7,3,1650,813,523874829,18808832,955,5402,0,0,816.445
523875729,969,1111,-1,7169,268,262,252,246,246,671,1,7,3,1650,814,523875791,18808832,955,6357,0,0,817.414
523876736,1007,1110,-1,7170,271,262,252,246,246,670,1,7,3,1650,814,523876791,18808832,955,7362,0,0,818.421
523877727,991,1110,0,7170,270,261,244,246,245,670,1,7,3,1650,815,523877789,18808832,955,8355,0,0,819.412
523878755,1028,1109,-1,7171,295,260,244,246,246,669,1,7,3,1650,816,523878823,18808832,955,9393,0,0,820.44
523879734,979,1108,-1,7172,274,260,244,246,246,668,1,7,3,1650,817,523879796,18808832,955,10363,0,0,821.419
523880784,1050,1107,-1,7173,322,259,244,246,246,667,1,7,3,1650,818,523880879,18808832,955,11463,0,0,822.469
523881762,978,1105,-2,7175,301,259,253,246,246,665,1,7,3,1650,818,523881814,18808832,955,12377,0,0,823.447
523882748,986,1104,-1,7176,287,259,260,241,246,664,1,7,3,1650,819,523882816,18808832,955,13383,0,0,824.433
523883712,964,1103,-1,7177,248,259,260,241,246,664,1,7,3,1650,820,523883753,18808832,955,14316,0,0,825.397
523884708,996,1101,-2,7179,243,259,268,241,246,662,1,7,3,1650,821,523884746,18808832,955,15307,0,0,826.393
523885700,992,1100,-1,7180,238,260,268,241,246,661,1,7,3,1650,821,523885739,18808832,955,16299,0,0,827.385
523886732,1032,1099,-1,7181,269,260,268,241,246,660,1,7,3,1650,822,523886794,18808832,955,17362,0,0,828.417
523887718,986,1098,-1,7182,252,260,268,241,246,659,1,7,3,1650,823,523887759,18808832,955,18321,0,0,829.403
523888705,987,1096,-2,7184,239,261,276,241,246,657,1,7,3,1650,824,523888744,18808832,955,19304,0,0,830.39
523889866,1161,1096,0,7184,412,261,259,241,246,657,1,7,3,1650,825,523890025,18808832,955,20629,0,0,831.551
523890797,931,1095,-1,7185,331,261,259,241,246,657,1,7,3,1650,826,523890954,18808832,955,21544,0,0,832.482
523891809,1012,1095,0,7185,352,260,252,241,246,657,1,7,3,1650,826,523891936,18808832,955,22547,0,0,833.494
523892739,930,1094,-1,7186,281,260,252,241,246,656,1,7,3,1650,827,523892791,18808832,955,23352,0,0,834.424
523893715,976,1093,-1,7187,258,259,244,241,246,655,1,7,3,1650,828,523893769,18808832,955,24337,0,0,835.4
523894753,1038,1092,-1,7188,297,259,244,241,246,654,1,7,3,1650,829,523894819,18808832,955,25388,0,0,836.438
523895739,986,1091,-1,7189,271,258,244,241,246,653,1,7,3,1650,829,523895804,18808832,955,26370,0,0,837.424
523896724,985,1090,-1,7190,271,258,244,241,246,652,1,7,3,1650,830,523896779,18808832,955,27349,0,0,838.409
523897719,995,1089,-1,7191,262,257,236,241,246,651,1,7,3,1650,831,523897779,18808832,955,28345,0,0,839.404
523898756,1037,1088,-1,7192,300,256,236,241,246,650,1,7,3,1650,832,523898820,18808832,955,29390,0,0,840.441
523899723,967,1087,-1,7193,270,255,236,241,246,650,1,7,3,1650,833,523899792,18808832,955,30358,0,0,841.408
523900767,1044,1086,-1,7194,304,255,238,241,246,649,1,7,3,1650,833,523900878,18808832,955,31462,0,0,842.452
523901754,987,1085,-1,7195,301,254,245,241,246,648,1,7,3,1650,834,523901813,18808832,955,32377,0,0,843.439
523902739,985,1083,-2,7197,277,254,260,241,245,646,1,7,3,1650,835,523902800,18808832,955,33366,0,0,844.424
523903702,963,1082,-1,7198,244,255,260,241,243,645,1,7,3,1650,836,523903742,18808832,955,34304,0,0,845.387
523904697,995,1081,-1,7199,239,254,252,241,243,644,1,7,3,1650,836,523904737,18808832,955,35297,0,0,846.382
523905695,998,1080,-1,7200,237,254,253,241,241,643,1,7,3,1650,837,523905735,18808832,955,36295,0,0,847.38
523906723,1028,1078,-2,7202,264,255,260,241,241,642,1,7,3,1650,838,523906780,18808832,955,37345,0,0,848.408
523907726,1003,1077,-1,7203,265,255,260,237,241,641,1,7,3,1650,839,523907787,18808832,955,38351,0,0,849.411
523908716,990,1076,-1,7204,252,255,268,237,241,640,1,7,3,1650,840,523908762,18808832,955,39324,0,0,850.401
523909844,1128,1075,-1,7205,376,256,268,237,241,639,1,7,3,1650,840,523909979,18808832,955,40595,0,0,851.529
523910788,944,1075,0,7205,328,256,260,237,241,639,1,7,3,1650,841,523910948,18808832,955,41544,0,0,852.473
523911820,1032,1074,-1,7206,364,256,252,237,241,638,1,7,3,1650,842,523911931,18808832,955,42543,0,0,853.505
523912737,917,1073,-1,7207,279,256,252,237,241,637,1,7,3,1650,843,523912791,18808832,955,43353,0,0,854.422
523913731,994,1072,-1,7208,264,256,252,237,241,636,1,7,3,1650,843,523913791,18808832,955,44360,0,0,855.416
523914772,1041,1071,-1,7209,308,255,244,237,241,635,1,7,3,1650,844,523914847,18808832,955,45419,0,0,856.457
523915716,944,1071,0,7209,264,254,236,237,241,635,1,7,3,1650,845,523915780,18808832,955,46348,0,0,857.401
523916732,1016,1070,-1,7210,278,254,236,237,241,635,1,7,3,1650,846,523916792,18808832,955,47362,0,0,858.417
523917728,996,1069,-1,7211,264,253,236,237,241,634,1,7,3,1650,847,523917791,18808832,955,48360,0,0,859.413
523918767,1039,1068,-1,7212,299,252,227,237,241,633,1,7,3,1650,847,523918834,18808832,955,49403,0,0,860.452
523919734,967,1067,-1,7213,267,251,228,237,241,632,1,7,3,1650,848,523919795,18808832,988,1,0,0,861.419
523920738,1004,1066,-1,7214,285,250,237,237,241,631,1,7,3,1650,849,523920894,18808832,988,583,0,0,862.423
523921770,1032,1065,-1,7215,308,250,236,237,241,630,1,7,3,1650,850,523921831,18808832,988,1491,0,0,863.455
523922754,984,1063,-2,7217,287,250,252,237,241,628,1,7,3,1650,850,523922817,18808832,988,2481,0,0,864.439
523923706,952,1062,-1,7218,241,250,252,237,241,628,1,7,3,1650,851,523923747,18808832,988,3404,0,0,865.391
523924703,997,1061,-1,7219,239,250,252,237,241,627,1,7,3,1650,852,523924743,18808832,988,4400,0,0,866.388
523925695,992,1060,-1,7220,237,250,252,237,241,626,1,7,3,1650,853,523925735,18808832,988,5392,0,0,867.38
523926727,1032,1058,-2,7222,268,251,260,237,241,624,1,7,3,1650,853,523926781,18808832,988,6441,0,0,868.412
523927700,973,1057,-1,7223,241,251,260,237,240,623,1,7,3,1650,854,523927740,18808832,988,7398,0,0,869.385
523928701,1001,1056,-1,7224,239,251,260,237,238,622,1,7,3,1650,855,523928741,18808832,988,8398,0,0,870.386
523929822,1121,1055,-1,7225,350,252,260,237,237,621,1,7,3,1650,856,523929925,18808832,988,9617,0,0,871.507
523930905,1083,1054,-1,7226,432,252,259,237,237,621,1,7,3,1650,857,523931046,18808832,988,10728,0,0,872.59
523931833,928,1053,-1,7227,367,252,260,237,237,620,1,7,3,1650,857,523931922,18808832,988,11599,0,0,873.518
523932739,906,1053,0,7227,284,252,244,233,237,620,1,7,3,1650,858,523932814,18808832,988,12482,0,0,874.424
523933725,986,1052,-1,7228,268,252,244,233,237,619,1,7,3,1650,859,523933776,18808832,988,13439,0,0,875.41
523934760,1035,1051,-1,7229,304,251,244,233,237,618,1,7,3,1650,860,523934850,18808832,988,14520,0,0,876.445
523935732,972,1050,-1,7230,268,251,244,233,237,617,1,7,3,1650,860,523935783,18808832,988,15443,0,0,877.417
523936726,994,1049,-1,7231,271,251,236,233,237,616,1,7,3,1650,861,523936789,18808832,988,16455,0,0,878.411
523937723,997,1048,-1,7232,261,250,236,233,237,615,1,7,3,1650,862,523937771,18808832,988,17432,0,0,879.408
523938766,1043,1047,-1,7233,306,249,236,233,237,614,1,7,3,1650,863,523938847,18808832,988,18516,0,0,880.451
523939719,953,1046,-1,7234,266,249,236,233,237,613,1,7,3,1650,863,523939767,18808832,988,19430,0,0,881.404
523940825,1106,1045,-1,7235,370,249,244,233,237,613,1,7,3,1650,864,523940918,18808832,988,20592,0,0,882.51
523941737,912,1044,-1,7236,280,249,245,233,237,612,1,7,3,1650,865,523941782,18808832,988,21443,0,0,883.422
523942736,999,1043,-1,7237,272,248,245,233,237,611,1,7,3,1650,866,523942796,18808832,988,22459,0,0,884.421
523943703,967,1042,-1,7238,250,248,244,233,237,610,1,7,3,1650,866,523943745,18808832,988,23402,0,0,885.388
523944701,998,1041,-1,7239,237,248,244,233,237,609,1,7,3,1650,867,523944741,18808832,988,24398,0,0,886.386
523945700,999,1039,-2,7241,238,248,253,233,237,607,1,7,3,1650,868,523945739,18808832,988,25396,0,0,887.385
523946723,1023,1038,-1,7242,262,249,260,233,237,606,1,7,3,1650,869,523946779,18808832,988,26441,0,0,888.408
523947700,977,1037,-1,7243,246,249,260,233,237,606,1,7,3,1650,869,523947741,18808832,988,27397,0,0,889.385
523948700,1000,1036,-1,7244,238,250,260,233,237,605,1,7,3,1650,870,523948740,18808832,988,28397,0,0,890.385
523949824,1124,1034,-2,7246,345,250,268,233,237,603,1,7,3,1650,871,523949944,18808832,988,29640,0,0,891.509
523950888,1064,1033,-1,7247,417,251,267,233,237,602,1,7,3,1650,872,523951049,18808832,988,30729,0,0,892.573
523951838,950,1033,0,7247,376,251,260,233,237,602,1,7,3,1650,873,523951942,18808832,988,31622,0,0,893.523
523952730,892,1032,-1,7248,263,252,260,233,237,601,1,7,3,1650,873,523952782,18808832,988,32444,0,0,894.415
523953723,993,1032,0,7248,267,251,244,233,235,601,1,7,3,1650,874,523953779,18808832,988,33441,0,0,895.408
523954759,1036,1031,-1,7249,294,251,244,233,233,600,1,7,3,1650,875,523954839,18808832,988,34507,0,0,896.444
523955747,988,1030,-1,7250,285,251,244,233,233,599,1,7,3,1650,875,523955808,18808832,988,35471,0,0,897.432
523956725,978,1029,-1,7251,272,251,244,233,231,599,1,7,3,1650,876,523956782,18808832,988,36449,0,0,898.41
523957742,1017,1028,-1,7252,289,250,236,229,233,598,1,7,3,1650,877,523957816,18808832,988,37484,0,0,899.427
523958764,1022,1027,-1,7253,311,249,236,229,233,597,1,7,3,1650,878,523958856,18808832,988,38526,0,0,900.449
523959738,974,1026,-1,7254,271,249,236,229,233,596,1,7,3,1650,878,523959791,18808832,988,39453,0,0,901.423
523960837,1099,1025,-1,7255,369,248,236,229,233,595,1,7,3,1650,879,523960935,18808832,988,40609,0,0,902.522
523961744,907,1025,0,7255,287,248,230,229,233,595,1,7,3,1650,880,523961791,18808832,988,41449,0,0,903.429
523962743,999,1023,-2,7257,283,248,244,229,233,593,1,7,3,1650,881,523962809,18808832,988,42477,0,0,904.428
523963705,962,1022,-1,7258,246,247,244,229,233,592,1,7,3,1650,881,523963746,18808832,988,43402,0,0,905.39
523964702,997,1021,-1,7259,238,247,244,229,233,592,1,7,3,1650,882,523964742,18808832,988,44399,0,0,906.387
523965700,998,1020,-1,7260,238,247,245,229,233,591,1,7,3,1650,883,523965740,18808832,988,45396,0,0,907.385
523966724,1024,1018,-2,7262,263,247,252,229,233,589,1,7,3,1650,884,523966781,18808832,988,46443,0,0,908.409
523967703,979,1017,-1,7263,245,248,252,229,233,588,1,7,3,1650,884,523967745,18808832,988,47402,0,0,909.388
523968702,999,1016,-1,7264,238,248,252,229,233,587,1,7,3,1650,885,523968742,18808832,988,48398,0,0,910.387
523969836,1134,1015,-1,7265,367,248,251,229,233,586,1,7,3,1650,886,523969952,18808832,988,49659,0,0,911.521
523970864,1028,1013,-2,7267,398,248,260,229,233,584,1,7,3,1650,887,523971035,18808832,1024,2,0,0,912.549
523972189,1325,1012,-1,7268,396,249,257,229,233,584,1,7,3,1650,888,523972274,18808832,1024,619,0,0,913.874
523972715,526,1012,0,7268,250,249,252,229,233,584,1,7,3,1650,888,523972757,18808832,1024,1093,0,0,914.4
523973727,1012,1011,-1,7269,259,249,252,229,233,583,1,7,3,1650,889,523973777,18808832,1024,2116,0,0,915.412
523974752,1025,1011,0,7269,290,249,244,229,231,583,1,7,3,1650,890,523974823,18808832,1024,3170,0,0,916.437
523975737,985,1010,-1,7270,270,248,236,229,231,582,1,7,3,1650,890,523975790,18808832,1024,4127,0,0,917.422
523976727,990,1009,-1,7271,271,248,236,229,230,581,1,7,3,1650,891,523976783,18808832,1024,5128,0,0,918.412
523977729,1002,1008,-1,7272,261,247,236,229,228,580,1,7,3,1650,892,523977780,18808832,1024,6122,0,0,919.414
523978745,1016,1007,-1,7273,291,247,236,229,229,579,1,7,3,1650,893,523978821,18808832,1024,7165,0,0,920.43
523979736,991,1006,-1,7274,274,246,236,229,229,578,1,7,3,1650,893,523979788,18808832,1024,8127,0,0,921.421
523980805,1069,1005,-1,7275,352,246,229,229,229,577,1,7,3,1650,894,523980899,18808832,1024,9255,0,0,922.49
523981759,954,1005,0,7275,299,245,221,229,229,577,1,7,3,1650,895,523981813,18808832,1024,10151,0,0,923.444
523982755,996,1004,-1,7276,290,244,228,225,229,577,1,7,3,1650,896,523982835,18808832,1024,11177,0,0,924.44
523983715,960,1003,-1,7277,249,244,229,225,229,576,1,7,3,1650,896,523983755,18808832,1024,12093,0,0,925.4
523984694,979,1002,-1,7278,238,243,236,225,229,575,1,7,3,1650,897,523984734,18808832,1024,13069,0,0,926.379
523985704,1010,1001,-1,7279,242,243,237,225,229,574,1,7,3,1650,898,523985744,18808832,1024,14078,0,0,927.389
523986734,1030,999,-2,7281,275,243,244,225,229,572,1,7,3,1650,898,523986797,18808832,1024,15137,0,0,928.419
523987711,977,998,-1,7282,246,243,244,225,229,571,1,7,3,1650,899,523987753,18808832,1024,16088,0,0,929.396
523988692,981,997,-1,7283,238,243,245,225,229,570,1,7,3,1650,900,523988733,18808832,1024,17068,0,0,930.377
523989871,1179,996,-1,7284,381,243,243,225,229,570,1,7,3,1650,901,523990020,18808832,1024,18409,0,0,931.556
523990786,915,994,-2,7286,324,243,252,225,229,568,1,7,3,1650,901,523990935,18808832,1024,19292,0,0,932.471
523991832,1046,993,-1,7287,375,244,260,225,229,567,1,7,3,1650,902,523991983,18808832,1024,20366,0,0,933.517
523992733,901,992,-1,7288,278,245,260,225,229,566,1,7,3,1650,903,523992786,18808832,1024,21120,0,0,934.418
523993734,1001,992,0,7288,271,245,244,225,229,566,1,7,3,1650,904,523993791,18808832,1024,22130,0,0,935.419
523994761,1027,991,-1,7289,293,245,244,225,229,565,1,7,3,1650,904,523994830,18808832,1024,23176,0,0,936.446
523995741,980,990,-1,7290,277,245,244,225,229,564,1,7,3,1650,905,523995805,18808832,1024,24145,0,0,937.426
523996729,988,990,0,7290,269,244,228,225,229,564,1,7,3,1650,906,523996788,18808832,1024,25133,0,0,938.414
523997722,993,989,-1,7291,268,243,228,225,229,563,1,7,3,1650,906,523997783,18808832,1024,26123,0,0,939.407
523998754,1032,988,-1,7292,293,243,227,225,229,563,1,7,3,1650,907,523998823,18808832,1024,27167,0,0,940.439
523999731,977,987,-1,7293,279,242,228,225,229,562,1,7,3,1650,908,523999792,18808832,1024,28134,0,0,941.416
524000759,1028,986,-1,7294,298,242,229,225,229,561,1,7,3,1650,909,524000874,18808832,1024,29226,0,0,942.444
524001759,1000,985,-1,7295,303,241,221,225,229,560,1,7,3,1650,909,524001820,18808832,1024,30159,0,0,943.444
524002734,975,985,0,7295,279,240,220,225,229,560,1,7,3,1650,910,524002792,18808832,1024,31134,0,0,944.419
524003699,965,984,-1,7296,246,239,221,225,228,559,1,7,3,1650,911,524003739,18808832,1024,32075,0,0,945.384
524004692,993,983,-1,7297,239,239,221,225,227,558,1,7,3,1650,912,524004732,18808832,1024,33067,0,0,946.377
524005698,1006,982,-1,7298,237,238,229,225,227,557,1,7,3,1650,912,524005738,18808832,1024,34073,0,0,947.383
524006729,1031,981,-1,7299,263,238,228,225,225,556,1,7,3,1650,913,524006784,18808832,1024,35122,0,0,948.414
524007731,1002,980,-1,7300,267,237,228,221,225,555,1,7,3,1650,914,524007789,18808832,1024,36128,0,0,949.416
524008713,982,979,-1,7301,246,237,229,221,225,555,1,7,3,1650,914,524008757,18808832,1024,37093,0,0,950.398
524009841,1128,977,-2,7303,373,237,235,221,225,553,1,7,3,1650,915,524009976,18808832,1024,38360,0,0,951.526
524010790,949,976,-1,7304,332,237,236,221,225,552,1,7,3,1650,916,524010940,18808832,1024,39306,0,0,952.475
524011821,1031,975,-1,7305,361,237,244,221,225,551,1,7,3,1650,917,524011936,18808832,1024,40320,0,0,953.506
524012734,913,974,-1,7306,280,237,244,221,225,550,1,7,3,1650,917,524012784,18808832,1024,41121,0,0,954.419
524013722,988,973,-1,7307,263,238,244,221,225,549,1,7,3,1650,918,524013779,18808832,1024,42118,0,0,955.407
524014765,1043,971,-2,7309,310,238,252,221,225,548,1,7,3,1650,919,524014844,18808832,1024,43190,0,0,956.45
524015721,956,970,-1,7310,264,239,252,221,225,547,1,7,3,1650,920,524015785,18808832,1024,44128,0,0,957.406
524016731,1010,969,-1,7311,276,239,252,221,225,546,1,7,3,1650,920,524016792,18808832,1024,45136,0,0,958.416
524017714,983,969,0,7311,259,239,236,221,225,546,1,7,3,1650,921,524017770,18808832,1024,46110,0,0,959.399
524018772,1058,968,-1,7312,308,239,235,221,225,545,1,7,3,1650,922,524018843,18808832,1024,47189,0,0,960.457
524019732,960,967,-1,7313,266,239,236,221,225,544,1,7,3,1650,922,524019791,18808832,1024,48131,0,0,961.417
524020757,1025,967,0,7313,300,238,229,221,225,544,1,7,3,1650,923,524020900,18808832,1024,49254,0,0,962.442
524021761,1004,966,-1,7314,303,238,221,221,225,543,1,7,3,1650,924,524021820,18808832,1061,2,0,0,963.446
524022762,1001,965,-1,7315,285,237,220,221,225,542,1,7,3,1650,925,524022825,18808832,1061,437,0,0,964.447
524023710,948,964,-1,7316,247,236,221,221,225,541,1,7,3,1650,925,524023753,18808832,1061,1358,0,0,965.395
524024690,980,963,-1,7317,237,236,229,221,225,541,1,7,3,1650,926,524024730,18808832,1061,2335,0,0,966.375
524025702,1012,962,-1,7318,241,236,229,221,225,540,1,7,3,1650,927,524025742,18808832,1061,3346,0,0,967.387
524026736,1034,961,-1,7319,269,236,236,221,225,539,1,7,3,1650,927,524026792,18808832,1061,4402,0,0,968.421
524027704,968,960,-1,7320,244,236,236,221,225,538,1,7,3,1650,928,524027744,18808832,1061,5348,0,0,969.389
524028700,996,959,-1,7321,238,236,236,221,223,537,1,7,3,1650,929,524028740,18808832,1061,6345,0,0,970.385
524029847,1147,958,-1,7322,372,236,235,221,221,536,1,7,3,1650,930,524029962,18808832,1061,7610,0,0,971.532
524030880,1033,957,-1,7323,407,236,235,221,221,535,1,7,3,1650,931,524031052,18808832,1061,8678,0,0,972.565
524031829,949,955,-2,7325,377,236,244,221,219,533,1,7,3,1650,931,524031918,18808832,1061,9551,0,0,973.514
524032744,915,954,-1,7326,285,237,252,216,221,533,1,7,3,1650,932,524032815,18808832,1061,10427,0,0,974.429
524033720,976,953,-1,7327,267,237,252,216,221,532,1,7,3,1650,932,524033770,18808832,1061,11380,0,0,975.405
524034766,1046,952,-1,7328,311,238,252,216,221,531,1,7,3,1650,933,524034848,18808832,1061,12467,0,0,976.451
524035732,966,951,-1,7329,272,238,252,216,221,530,1,7,3,1650,934,524035783,18808832,1061,13390,0,0,977.417
524036738,1006,950,-1,7330,272,239,252,216,221,529,1,7,3,1650,935,524036795,18808832,1061,14408,0,0,978.423
524037727,989,949,-1,7331,260,239,252,216,221,528,1,7,3,1650,935,524037778,18808832,1061,15388,0,0,979.412
524038765,1038,948,-1,7332,302,240,252,216,221,527,1,7,3,1650,936,524038848,18808832,1061,16464,0,0,980.45
524039724,959,948,0,7332,272,240,244,216,221,527,1,7,3,1650,937,524039777,18808832,1061,17388,0,0,981.409
524040803,1079,947,-1,7333,338,240,236,216,221,526,1,7,3,1650,937,524040899,18808832,1061,18521,0,0,982.488
524041767,964,946,-1,7334,301,240,236,216,221,526,1,7,3,1650,938,524041824,18808832,1061,19431,0,0,983.452
524042738,971,946,0,7334,278,239,228,216,221,526,1,7,3,1650,939,524042797,18808832,1061,20407,0,0,984.423
524043712,974,945,-1,7335,245,239,229,216,221,525,1,7,3,1650,939,524043755,18808832,1061,21360,0,0,985.397
524044699,987,944,-1,7336,239,239,229,216,221,524,1,7,3,1650,940,524044739,18808832,1061,22344,0,0,986.384
524045694,995,943,-1,7337,238,238,221,216,221,523,1,7,3,1650,941,524045734,18808832,1061,23339,0,0,987.379
524046732,1038,943,0,7337,265,237,212,216,221,523,1,7,3,1650,942,524046790,18808832,1061,24399,0,0,988.417
524047704,972,942,-1,7338,242,236,213,216,221,522,1,7,3,1650,942,524047746,18808832,1061,25352,0,0,989.389
524048703,999,941,-1,7339,238,235,221,216,221,521,1,7,3,1650,943,524048743,18808832,1061,26348,0,0,990.388
524049816,1113,940,-1,7340,345,235,219,216,221,520,1,7,3,1650,944,524049916,18808832,1061,27563,0,0,991.501
524050897,1081,938,-2,7342,435,235,235,216,221,519,1,7,3,1650,945,524051044,18808832,1061,28672,0,0,992.582
524051829,932,938,0,7342,369,234,227,216,221,519,1,7,3,1650,945,524051900,18808832,1061,29527,0,0,993.514
524052725,896,937,-1,7343,266,234,229,216,219,518,1,7,3,1650,946,524052783,18808832,1061,30394,0,0,994.41
524053726,1001,935,-2,7345,273,234,236,216,218,516,1,7,3,1650,947,524053781,18808832,1061,31391,0,0,995.411
524054747,1021,934,-1,7346,289,234,236,216,218,515,1,7,3,1650,947,524054825,18808832,1061,32443,0,0,996.432
524055748,1001,933,-1,7347,285,234,236,216,216,514,1,7,3,1650,948,524055809,18808832,1061,33418,0,0,997.433
524056729,981,932,-1,7348,275,234,236,216,216,513,1,7,3,1650,949,524056790,18808832,1061,34403,0,0,998.414
524057754,1025,931,-1,7349,286,234,236,212,216,512,1,7,3,1650,949,524057828,18808832,1061,35442,0,0,999.439
524058770,1016,929,-2,7351,317,235,244,212,216,511,1,7,3,1650,950,524058854,18808832,1061,36472,0,0,1000.455
524059726,956,928,-1,7352,266,235,244,212,216,510,1,7,3,1650,951,524059775,18808832,1061,37382,0,0,1001.411
524060837,1111,928,0,7352,375,235,236,212,216,510,1,7,3,1650,952,524060931,18808832,1061,38554,0,0,1002.522
524061732,895,927,-1,7353,277,235,237,212,216,509,1,7,3,1650,952,524061779,18808832,1061,39383,0,0,1003.417
524062740,1008,926,-1,7354,283,235,229,212,216,508,1,7,3,1650,953,524062807,18808832,1061,40420,0,0,1004.425
524063701,961,926,0,7354,243,234,221,212,216,508,1,7,3,1650,953,524063740,18808832,1061,41342,0,0,1005.386
524064693,992,925,-1,7355,235,234,221,212,216,507,1,7,3,1650,954,524064736,18808832,1061,42340,0,0,1006.378
524065688,995,924,-1,7356,236,233,221,212,216,506,1,7,3,1650,955,524065726,18808832,1061,43328,0,0,1007.373
524066724,1036,924,0,7356,266,233,213,212,216,506,1,7,3,1650,956,524066783,18808832,1061,44393,0,0,1008.409
524067703,979,923,-1,7357,243,232,213,212,216,505,1,7,3,1650,956,524067743,18808832,1061,45345,0,0,1009.388
524068693,990,922,-1,7358,236,231,213,212,216,504,1,7,3,1650,957,524068733,18808832,1061,46338,0,0,1010.378
524069840,1147,921,-1,7359,367,231,219,212,216,504,1,7,3,1650,958,524069953,18808832,1061,47608,0,0,1011.525
524070875,1035,920,-1,7360,406,230,219,212,216,503,1,7,3,1650,959,524071044,18808832,1061,48673,0,0,1012.56
524071839,964,920,0,7360,371,229,211,212,216,503,1,7,3,1650,959,524071940,18808832,1061,49570,0,0,1013.524
524072723,884,919,-1,7361,265,229,213,212,216,502,1,7,3,1650,960,524072774,18808832,1104,1,0,0,1014.408
524073734,1011,918,-1,7362,272,228,220,212,216,501,1,7,3,1650,960,524073798,18808832,1104,479,0,0,1015.419
524074754,1020,917,-1,7363,289,228,219,212,216,500,1,7,3,1650,961,524074830,18808832,1104,1523,0,0,1016.439
524075746,992,915,-2,7365,278,228,227,212,216,498,1,7,3,1650,962,524075807,18808832,1104,2490,0,0,1017.431
524076725,979,914,-1,7366,269,228,228,212,216,497,1,7,3,1650,962,524076785,18808832,1104,3470,0,0,1018.41
524077728,1003,913,-1,7367,261,228,236,212,214,497,1,7,3,1650,963,524077786,18808832,1104,4470,0,0,1019.413
524078758,1030,912,-1,7368,292,229,236,212,212,496,1,7,3,1650,964,524078839,18808832,1104,5524,0,0,1020.443
524079739,981,911,-1,7369,279,229,236,212,212,495,1,7,3,1650,965,524079803,18808832,1104,6487,0,0,1021.424
524080827,1088,910,-1,7370,358,229,236,212,212,494,1,7,3,1650,965,524080919,18808832,1104,7614,0,0,1022.512
524081749,922,909,-1,7371,288,229,229,212,212,493,1,7,3,1650,966,524081802,18808832,1104,8479,0,0,1023.434
524082753,1004,908,-1,7372,292,230,236,208,212,492,1,7,3,1650,967,524082825,18808832,1104,9510,0,0,1024.438
524083702,949,907,-1,7373,249,230,236,208,212,491,1,7,3,1650,967,524083745,18808832,1104,10421,0,0,1025.387
524084699,997,906,-1,7374,237,230,229,208,212,490,1,7,3,1650,968,524084739,18808832,1104,11415,0,0,1026.384
524085690,991,906,0,7374,238,229,221,208,212,490,1,7,3,1650,969,524085730,18808832,1104,12406,0,0,1027.375
524086738,1048,905,-1,7375,278,229,220,208,212,490,1,7,3,1650,969,524086802,18808832,1104,13485,0,0,1028.423
524087711,973,905,0,7375,246,228,213,208,212,490,1,7,3,1650,970,524087753,18808832,1104,14429,0,0,1029.396
524088703,992,904,-1,7376,238,228,213,208,212,489,1,7,3,1650,971,524088743,18808832,1104,15418,0,0,1030.388
524089877,1174,903,-1,7377,395,227,202,208,212,488,1,7,3,1650,971,524090032,18808832,1104,16759,0,0,1031.562
524090761,884,902,-1,7378,306,226,205,208,212,487,1,7,3,1650,972,524090909,18808832,1104,17608,0,0,1032.446
524091830,1069,902,0,7378,378,225,203,208,212,487,1,7,3,1650,973,524091969,18808832,1104,18691,0,0,1033.515
524092739,909,901,-1,7379,277,224,205,208,212,486,1,7,3,1650,973,524092790,18808832,1104,19467,0,0,1034.424
524093725,986,900,-1,7380,267,224,211,208,212,485,1,7,3,1650,974,524093783,18808832,1104,20466,0,0,1035.41
524094757,1032,899,-1,7381,303,223,211,208,212,484,1,7,3,1650,975,524094821,18808832,1104,21507,0,0,1036.442
524095726,969,899,0,7381,268,222,203,208,212,484,1,7,3,1650,975,524095787,18808832,1104,22469,0,0,1037.411
524096727,1001,898,-1,7382,274,222,212,208,212,483,1,7,3,1650,976,524096785,18808832,1104,23472,0,0,1038.412
524097728,1001,896,-2,7384,262,222,220,208,212,482,1,7,3,1650,977,524097783,18808832,1104,24463,0,0,1039.413
524098765,1037,895,-1,7385,303,222,219,208,212,481,1,7,3,1650,977,524098833,18808832,1104,25518,0,0,1040.45
524099727,962,894,-1,7386,270,222,220,208,212,480,1,7,3,1650,978,524099791,18808832,1104,26472,0,0,1041.412
524100762,1035,893,-1,7387,305,222,221,208,212,479,1,7,3,1650,979,524100882,18808832,1104,27579,0,0,1042.447
524101757,995,892,-1,7388,305,222,221,208,212,478,1,7,3,1650,979,524101816,18808832,1104,28495,0,0,1043.442
524102740,983,891,-1,7389,279,222,228,208,212,477,1,7,3,1650,980,524102795,18808832,1104,29475,0,0,1044.425
524103711,971,890,-1,7390,244,222,228,208,210,476,1,7,3,1650,981,524103751,18808832,1104,30428,0,0,1045.396
524104705,994,889,-1,7391,239,222,229,208,210,475,1,7,3,1650,981,524104745,18808832,1104,31420,0,0,1046.39
524105699,994,887,-2,7393,238,223,237,208,208,474,1,7,3,1650,982,524105738,18808832,1104,32413,0,0,1047.384
524106718,1019,886,-1,7394,263,223,229,208,206,473,1,7,3,1650,983,524106771,18808832,1104,33451,0,0,1048.403
524107724,1006,885,-1,7395,262,223,228,204,206,472,1,7,3,1650,983,524107782,18808832,1104,34461,0,0,1049.409
524108715,991,885,0,7395,249,223,221,204,208,472,1,7,3,1650,984,524108762,18808832,1104,35439,0,0,1050.4
524109848,1133,884,-1,7396,375,223,219,204,208,471,1,7,3,1650,985,524109982,18808832,1104,36708,0,0,1051.533
524110785,937,884,0,7396,326,223,212,204,208,471,1,7,3,1650,986,524110931,18808832,1104,37640,0,0,1052.47
524111804,1019,883,-1,7397,348,222,211,204,208,470,1,7,3,1650,986,524111906,18808832,1104,38616,0,0,1053.489
524112748,944,882,-1,7398,284,222,213,204,208,469,1,7,3,1650,987,524112802,18808832,1104,39480,0,0,1054.433
524113732,984,881,-1,7399,267,221,211,204,208,468,1,7,3,1650,987,524113791,18808832,1104,40475,0,0,1055.417
524114765,1033,881,0,7399,306,221,203,204,208,468,1,7,3,1650,988,524114838,18808832,1104,41526,0,0,1056.45
524115725,960,880,-1,7400,263,220,211,204,208,468,1,7,3,1650,989,524115785,18808832,1104,42468,0,0,1057.41
524116731,1006,879,-1,7401,273,220,212,204,208,467,1,7,3,1650,989,524116785,18808832,1104,43469,0,0,1058.416
524117734,1003,878,-1,7402,267,220,220,204,208,466,1,7,3,1650,990,524117796,18808832,1104,44482,0,0,1059.419
524118763,1029,877,-1,7403,302,220,219,204,208,465,1,7,3,1650,991,524118832,18808832,1104,45516,0,0,1060.448
524119733,970,877,0,7403,269,220,212,204,208,465,1,7,3,1650,991,524119795,18808832,1104,46479,0,0,1061.418
524120753,1020,876,-1,7404,287,219,213,204,208,464,1,7,3,1650,992,524120898,18808832,1104,47600,0,0,1062.438
524121764,1011,874,-2,7406,306,220,220,204,208,462,1,7,3,1650,993,524121827,18808832,1104,48507,0,0,1063.449
524122743,979,873,-1,7407,280,220,228,204,208,461,1,7,3,1650,993,524122806,18808832,1104,49492,0,0,1064.428
524123703,960,872,-1,7408,244,220,229,204,208,461,1,7,3,1650,994,524123743,18808832,1147,1,0,0,1065.388
524124709,1006,871,-1,7409,251,220,229,204,208,460,1,7,3,1650,995,524124759,18808832,1147,493,0,0,1066.394
524125701,992,870,-1,7410,240,221,229,204,208,459,1,7,3,1650,995,524125741,18808832,1147,1472,0,0,1067.386
524126733,1032,869,-1,7411,266,221,236,204,208,458,1,7,3,1650,996,524126788,18808832,1147,2525,0,0,1068.418
524127707,974,868,-1,7412,242,222,236,204,206,457,1,7,3,1650,997,524127747,18808832,1147,3479,0,0,1069.392
524128698,991,867,-1,7413,237,222,229,204,206,456,1,7,3,1650,997,524128738,18808832,1147,4470,0,0,1070.383
524129826,1128,866,-1,7414,366,222,227,204,204,455,1,7,3,1650,998,524129940,18808832,1147,5710,0,0,1071.511
524130886,1060,865,-1,7415,422,223,227,204,203,454,1,7,3,1650,999,524131056,18808832,1147,6813,0,0,1072.571
524131837,951,864,-1,7416,372,223,227,204,203,454,1,7,3,1650,1000,524131924,18808832,1147,7680,0,0,1073.522
524132735,898,863,-1,7417,276,223,229,199,203,453,1,7,3,1650,1000,524132813,18808832,1147,8554,0,0,1074.42
524133730,995,863,0,7417,277,223,220,199,203,453,1,7,3,1650,1001,524133780,18808832,1147,9518,0,0,1075.415
524134774,1044,862,-1,7418,307,223,219,199,203,452,1,7,3,1650,1001,524134856,18808832,1147,10603,0,0,1076.459
524135746,972,862,0,7418,280,222,203,199,203,452,1,7,3,1650,1002,524135797,18808832,1147,11533,0,0,1077.431
524136726,980,861,-1,7419,273,221,203,199,203,451,1,7,3,1650,1003,524136785,18808832,1147,12526,0,0,1078.411
524137728,1002,860,-1,7420,267,221,203,199,203,450,1,7,3,1650,1003,524137781,18808832,1147,13518,0,0,1079.413
524138762,1034,860,0,7420,306,220,203,199,203,450,1,7,3,1650,1004,524138841,18808832,1147,14586,0,0,1080.447
524139730,968,859,-1,7421,276,219,205,199,203,449,1,7,3,1650,1005,524139786,18808832,1147,15523,0,0,1081.415
524140842,1112,858,-1,7422,370,219,211,199,203,448,1,7,3,1650,1005,524140941,18808832,1147,16689,0,0,1082.527
524141750,908,857,-1,7423,286,219,213,199,203,447,1,7,3,1650,1006,524141798,18808832,1147,17533,0,0,1083.435
524142741,991,857,0,7423,277,218,205,199,203,447,1,7,3,1650,1007,524142800,18808832,1147,18537,0,0,1084.426
524143703,962,856,-1,7424,244,218,205,199,203,446,1,7,3,1650,1007,524143745,18808832,1147,19477,0,0,1085.388
524144702,999,855,-1,7425,238,217,205,199,203,446,1,7,3,1650,1008,524144742,18808832,1147,20473,0,0,1086.387
524145695,993,854,-1,7426,237,217,213,199,203,445,1,7,3,1650,1008,524145735,18808832,1147,21466,0,0,1087.38
524146719,1024,853,-1,7427,264,217,213,199,203,444,1,7,3,1650,1009,524146777,18808832,1147,22514,0,0,1088.404
524147701,982,852,-1,7428,245,217,213,199,203,443,1,7,3,1650,1010,524147742,18808832,1147,23473,0,0,1089.386
524148695,994,851,-1,7429,238,217,213,199,203,442,1,7,3,1650,1010,524148735,18808832,1147,24467,0,0,1090.38
524149824,1129,849,-2,7431,359,217,227,199,203,440,1,7,3,1650,1011,524149929,18808832,1147,25702,0,0,1091.509
524150858,1034,848,-1,7432,401,217,227,199,203,439,1,7,3,1650,1012,524151029,18808832,1147,26784,0,0,1092.543
524151838,980,847,-1,7433,378,218,219,199,203,439,1,7,3,1650,1013,524151937,18808832,1147,27694,0,0,1093.523
524152722,884,846,-1,7434,258,218,221,199,203,438,1,7,3,1650,1013,524152772,18808832,1147,28508,0,0,1094.407
524153730,1008,845,-1,7435,266,218,220,199,201,437,1,7,3,1650,1014,524153783,18808832,1147,29517,0,0,1095.415
524154741,1011,844,-1,7436,286,218,219,199,201,436,1,7,3,1650,1014,524154823,18808832,1147,30570,0,0,1096.426
524155745,1004,843,-1,7437,290,218,219,199,199,435,1,7,3,1650,1015,524155803,18808832,1147,31537,0,0,1097.43
524156733,988,843,0,7437,276,218,212,199,199,435,1,7,3,1650,1016,524156790,18808832,1147,32531,0,0,1098.418
524157748,1015,842,-1,7438,285,217,211,195,199,434,1,7,3,1650,1016,524157816,18808832,1147,33557,0,0,1099.433
524158778,1030,842,0,7438,315,217,203,195,199,434,1,7,3,1650,1017,524158872,18808832,1147,34618,0,0,1100.463
524159727,949,841,-1,7439,259,216,205,195,199,433,1,7,3,1650,1018,524159778,18808832,1147,35512,0,0,1101.412
524160833,1106,840,-1,7440,378,216,205,195,199,432,1,7,3,1650,1018,524160929,18808832,1147,36677,0,0,1102.518
524161733,900,839,-1,7441,281,215,206,195,199,432,1,7,3,1650,1019,524161782,18808832,1147,37515,0,0,1103.418
524162743,1010,839,0,7441,286,215,195,195,199,432,1,7,3,1650,1020,524162815,18808832,1147,38558,0,0,1104.428
524163701,958,838,-1,7442,248,214,197,195,199,431,1,7,3,1650,1020,524163743,18808832,1147,39474,0,0,1105.386
524164698,997,837,-1,7443,238,214,205,195,199,430,1,7,3,1650,1021,524164739,18808832,1147,40471,0,0,1106.383
524165690,992,837,0,7443,238,213,197,195,199,430,1,7,3,1650,1021,524165730,18808832,1147,41462,0,0,1107.375
524166719,1029,836,-1,7444,265,213,205,195,199,429,1,7,3,1650,1022,524166774,18808832,1147,42510,0,0,1108.404
524167713,994,835,-1,7445,249,212,205,195,199,428,1,7,3,1650,1023,524167755,18808832,1147,43486,0,0,1109.398
524168705,992,834,-1,7446,238,212,205,195,199,427,1,7,3,1650,1023,524168745,18808832,1147,44476,0,0,1110.39
524169840,1135,833,-1,7447,360,212,211,195,199,426,1,7,3,1650,1024,524169956,18808832,1147,45735,0,0,1111.525
524170842,1002,832,-1,7448,386,212,212,195,199,425,1,7,3,1650,1025,524171023,18808832,1147,46778,0,0,1112.527
524171833,991,831,-1,7449,379,212,211,195,199,425,1,7,3,1650,1025,524171924,18808832,1147,47683,0,0,1113.518
524172719,886,830,-1,7450,263,212,213,195,199,424,1,7,3,1650,1026,524172770,18808832,1147,48507,0,0,1114.404
524173715,996,829,-1,7451,260,212,220,195,199,423,1,7,3,1650,1026,524173766,18808832,1147,49502,0,0,1115.4
524174754,1039,828,-1,7452,288,213,219,195,199,422,1,7,3,1650,1027,524174832,18808832,1198,1,0,0,1116.439
524175769,1015,827,-1,7453,278,213,219,195,199,421,1,7,3,1650,1028,524175831,18808832,1198,440,0,0,1117.454
524176739,970,827,0,7453,277,213,211,195,199,421,1,7,3,1650,1028,524176797,18808832,1198,1407,0,0,1118.424
524177733,994,825,-2,7455,268,213,219,195,197,419,1,7,3,1650,1029,524177791,18808832,1198,2401,0,0,1119.418
524178753,1020,824,-1,7456,298,213,219,195,195,418,1,7,3,1650,1030,524178830,18808832,1198,3442,0,0,1120.438
524179735,982,824,0,7456,270,213,212,195,195,418,1,7,3,1650,1030,524179789,18808832,1198,4397,0,0,1121.42
524180817,1082,823,-1,7457,361,213,205,195,195,417,1,7,3,1650,1031,524180916,18808832,1198,5539,0,0,1122.502
524181756,939,822,-1,7458,291,213,205,195,195,417,1,7,3,1650,1032,524181800,18808832,1198,6404,0,0,1123.441
524182753,997,821,-1,7459,293,212,203,191,195,416,1,7,3,1650,1032,524182823,18808832,1198,7432,0,0,1124.438
524183711,958,821,0,7459,246,212,197,191,195,416,1,7,3,1650,1033,524183754,18808832,1198,8360,0,0,1125.396
524184697,986,820,-1,7460,239,211,197,191,195,415,1,7,3,1650,1033,524184737,18808832,1198,9339,0,0,1126.382
524185690,993,820,0,7460,237,210,189,191,195,415,1,7,3,1650,1034,524185730,18808832,1198,10332,0,0,1127.375
524186741,1051,819,-1,7461,286,210,195,191,195,414,1,7,3,1650,1035,524186803,18808832,1198,11413,0,0,1128.426
524187709,968,818,-1,7462,243,209,197,191,195,413,1,7,3,1650,1035,524187750,18808832,1198,12354,0,0,1129.394
524188707,998,818,0,7462,239,208,189,191,195,413,1,7,3,1650,1036,524188747,18808832,1198,13350,0,0,1130.392
524189860,1153,817,-1,7463,403,208,194,191,195,412,1,7,3,1650,1037,524190008,18808832,1198,14666,0,0,1131.545
524190771,911,816,-1,7464,309,207,197,191,195,411,1,7,3,1650,1037,524190919,18808832,1198,15550,0,0,1132.456
524191801,1030,815,-1,7465,347,207,195,191,195,410,1,7,3,1650,1038,524191914,18808832,1198,16569,0,0,1133.486
524192736,935,814,-1,7466,281,207,197,191,195,410,1,7,3,1650,1038,524192791,18808832,1198,17395,0,0,1134.421
524193725,989,814,0,7466,267,206,195,191,195,410,1,7,3,1650,1039,524193778,18808832,1198,18387,0,0,1135.41
524194768,1043,813,-1,7467,304,206,195,191,195,409,1,7,3,1650,1040,524194838,18808832,1198,19451,0,0,1136.453
524195730,962,812,-1,7468,273,206,203,191,195,408,1,7,3,1650,1040,524195793,18808832,1198,20402,0,0,1137.415
524196730,1000,811,-1,7469,272,205,203,191,195,407,1,7,3,1650,1041,524196787,18808832,1198,21400,0,0,1138.415
524197737,1007,810,-1,7470,271,205,203,191,195,406,1,7,3,1650,1042,524197797,18808832,1198,22409,0,0,1139.422
524198757,1020,810,0,7470,302,205,195,191,195,406,1,7,3,1650,1042,524198825,18808832,1198,23435,0,0,1140.442
524199731,974,808,-2,7472,265,205,205,191,195,404,1,7,3,1650,1043,524199794,18808832,1198,24405,0,0,1141.416
524200739,1008,807,-1,7473,284,205,205,191,195,403,1,7,3,1650,1043,524200886,18808832,1198,25515,0,0,1142.424
524201770,1031,806,-1,7474,305,205,205,191,195,403,1,7,3,1650,1044,524201836,18808832,1198,26444,0,0,1143.455
524202756,986,805,-1,7475,289,205,203,191,195,402,1,7,3,1650,1045,524202819,18808832,1198,27430,0,0,1144.441
524203706,950,804,-1,7476,243,205,205,191,195,401,1,7,3,1650,1045,524203746,18808832,1198,28349,0,0,1145.391
524204702,996,803,-1,7477,238,205,205,191,195,400,1,7,3,1650,1046,524204742,18808832,1198,29345,0,0,1146.387
524205696,994,802,-1,7478,238,205,205,191,195,399,1,7,3,1650,1046,524205736,18808832,1198,30338,0,0,1147.381
524206728,1032,802,0,7478,268,205,197,191,193,399,1,7,3,1650,1047,524206785,18808832,1198,31392,0,0,1148.413
524207720,992,801,-1,7479,255,205,205,187,191,398,1,7,3,1650,1048,524207776,18808832,1198,32383,0,0,1149.405
524208708,988,800,-1,7480,250,204,197,187,191,397,1,7,3,1650,1048,524208755,18808832,1198,33357,0,0,1150.393
524209848,1140,799,-1,7481,383,204,203,187,191,396,1,7,3,1650,1049,524209994,18808832,1198,34642,0,0,1151.533
524210792,944,799,0,7481,330,204,197,187,191,396,1,7,3,1650,1050,524210957,18808832,1198,35599,0,0,1152.477
524211802,1010,798,-1,7482,349,204,195,187,191,396,1,7,3,1650,1050,524211898,18808832,1198,36535,0,0,1153.487
524212729,927,798,0,7482,270,203,189,187,191,396,1,7,3,1650,1051,524212785,18808832,1198,37392,0,0,1154.414
524213738,1009,797,-1,7483,271,203,195,187,191,395,1,7,3,1650,1051,524213796,18808832,1198,38408,0,0,1155.423
524214768,1030,796,-1,7484,316,202,195,187,191,394,1,7,3,1650,1052,524214850,18808832,1198,39464,0,0,1156.453
524215732,964,795,-1,7485,267,202,203,187,191,393,1,7,3,1650,1053,524215793,18808832,1198,40406,0,0,1157.417
524216730,998,795,0,7485,275,202,197,187,191,393,1,7,3,1650,1053,524216788,18808832,1198,41400,0,0,1158.415
524217732,1002,794,-1,7486,266,202,195,187,191,392,1,7,3,1650,1054,524217792,18808832,1198,42406,0,0,1159.417
524218758,1026,793,-1,7487,303,202,203,187,191,391,1,7,3,1650,1055,524218833,18808832,1198,43445,0,0,1160.443
524219722,964,792,-1,7488,263,202,205,187,191,390,1,7,3,1650,1055,524219781,18808832,1198,44392,0,0,1161.407
524220744,1022,791,-1,7489,290,202,206,187,191,389,1,7,3,1650,1056,524220891,18808832,1198,45529,0,0,1162.429
524221765,1021,791,0,7489,306,202,197,187,191,389,1,7,3,1650,1056,524221833,18808832,1198,46442,0,0,1163.45
524222738,973,790,-1,7490,284,202,195,187,191,388,1,7,3,1650,1057,524222798,18808832,1198,47406,0,0,1164.423
524223700,962,789,-1,7491,241,202,197,187,191,388,1,7,3,1650,1058,524223744,18808832,1198,48348,0,0,1165.385
524224699,999,788,-1,7492,239,202,205,187,191,387,1,7,3,1650,1058,524224739,18808832,1198,49342,0,0,1166.384
524225694,995,787,-1,7493,238,202,205,187,191,386,1,7,3,1650,1059,524225734,18808832,1249,2,0,0,1167.379
524226724,1030,785,-2,7495,266,202,213,187,191,384,1,7,3,1650,1059,524226780,18808832,1249,501,0,0,1168.409
524227695,971,785,0,7495,242,202,205,187,191,384,1,7,3,1650,1060,524227736,18808832,1249,1450,0,0,1169.38
524228701,1006,784,-1,7496,238,203,205,187,191,383,1,7,3,1650,1061,524228741,18808832,1249,2456,0,0,1170.386
524229835,1134,783,-1,7497,369,203,203,187,191,382,1,7,3,1650,1061,524229955,18808832,1249,3716,0,0,1171.52
524230874,1039,782,-1,7498,415,203,203,187,188,381,1,7,3,1650,1062,524231035,18808832,1249,4772,0,0,1172.559
524231828,954,781,-1,7499,374,203,203,187,186,381,1,7,3,1650,1063,524231917,18808832,1249,5655,0,0,1173.513
524232732,904,780,-1,7500,279,203,205,183,186,380,1,7,3,1650,1063,524232809,18808832,1249,6533,0,0,1174.417
524233729,997,779,-1,7501,273,203,203,183,187,379,1,7,3,1650,1064,524233779,18808832,1249,7498,0,0,1175.414
524234763,1034,779,0,7501,308,202,195,183,187,379,1,7,3,1650,1064,524234848,18808832,1249,8580,0,0,1176.448
524235735,972,778,-1,7502,273,202,195,183,187,378,1,7,3,1650,1065,524235782,18808832,1249,9499,0,0,1177.42
524236734,999,778,0,7502,269,202,195,183,187,378,1,7,3,1650,1065,524236793,18808832,1249,10518,0,0,1178.419
524237736,1002,777,-1,7503,269,202,195,183,187,377,1,7,3,1650,1066,524237787,18808832,1249,11508,0,0,1179.421
524238772,1036,776,-1,7504,312,201,195,183,187,376,1,7,3,1650,1067,524238859,18808832,1249,12584,0,0,1180.457
524239717,945,776,0,7504,261,201,189,183,187,376,1,7,3,1650,1067,524239766,18808832,1249,13487,0,0,1181.402
524240830,1113,775,-1,7505,371,201,195,183,187,375,1,7,3,1650,1068,524240925,18808832,1249,14654,0,0,1182.515
524241745,915,774,-1,7506,292,200,197,183,187,374,1,7,3,1650,1068,524241798,18808832,1249,15515,0,0,1183.43
524242728,983,774,0,7506,274,200,189,183,187,374,1,7,3,1650,1069,524242789,18808832,1249,16513,0,0,1184.413
524243713,985,773,-1,7507,248,200,197,183,187,374,1,7,3,1650,1070,524243753,18808832,1249,17467,0,0,1185.398
524244702,989,772,-1,7508,238,200,197,183,187,373,1,7,3,1650,1070,524244742,18808832,1249,18457,0,0,1186.387
524245700,998,771,-1,7509,238,200,197,183,187,372,1,7,3,1650,1071,524245740,18808832,1249,19454,0,0,1187.385
524246721,1021,771,0,7509,264,199,189,183,187,372,1,7,3,1650,1071,524246778,18808832,1249,20498,0,0,1188.406
524247701,980,770,-1,7510,245,199,197,183,187,371,1,7,3,1650,1072,524247742,18808832,1249,21457,0,0,1189.386
524248695,994,769,-1,7511,237,199,197,183,187,370,1,7,3,1650,1073,524248735,18808832,1249,22450,0,0,1190.38
524249824,1129,768,-1,7512,350,199,195,183,187,369,1,7,3,1650,1073,524249930,18808832,1249,23688,0,0,1191.509
524250866,1042,767,-1,7513,411,199,195,183,186,368,1,7,3,1650,1074,524251031,18808832,1249,24770,0,0,1192.551
524251841,975,766,-1,7514,374,199,203,183,186,367,1,7,3,1650,1074,524251932,18808832,1249,25673,0,0,1193.526
524252711,870,765,-1,7515,258,199,205,183,184,367,1,7,3,1650,1075,524252763,18808832,1249,26484,0,0,1194.396
524253731,1020,764,-1,7516,267,199,203,183,182,366,1,7,3,1650,1076,524253783,18808832,1249,27501,0,0,1195.416
524254751,1020,763,-1,7517,286,199,203,183,182,365,1,7,3,1650,1076,524254828,18808832,1249,28555,0,0,1196.436
524255742,991,762,-1,7518,281,200,203,183,183,364,1,7,3,1650,1077,524255799,18808832,1249,29517,0,0,1197.427
524256725,983,761,-1,7519,272,199,195,183,183,363,1,7,3,1650,1077,524256784,18808832,1249,30507,0,0,1198.41
524257743,1018,760,-1,7520,281,200,203,178,183,362,1,7,3,1650,1078,524257810,18808832,1249,31533,0,0,1199.428
524258774,1031,759,-1,7521,317,200,203,178,183,361,1,7,3,1650,1079,524258871,18808832,1249,32600,0,0,1200.459
524259716,942,759,0,7521,259,200,197,178,183,361,1,7,3,1650,1079,524259766,18808832,1249,33482,0,0,1201.401
524260838,1122,758,-1,7522,380,199,197,178,183,360,1,7,3,1650,1080,524260934,18808832,1249,34667,0,0,1202.523
524261736,898,758,0,7522,283,199,190,178,183,360,1,7,3,1650,1080,524261781,18808832,1249,35496,0,0,1203.421
524262741,1005,757,-1,7523,289,199,187,178,183,359,1,7,3,1650,1081,524262812,18808832,1249,36536,0,0,1204.426
524263707,966,757,0,7523,245,198,181,178,183,359,1,7,3,1650,1081,524263748,18808832,1249,37463,0,0,1205.392
524264703,996,756,-1,7524,238,197,181,178,183,359,1,7,3,1650,1082,524264743,18808832,1249,38457,0,0,1206.388
524265695,992,755,-1,7525,237,197,189,178,183,358,1,7,3,1650,1083,524265735,18808832,1249,39449,0,0,1207.38
524266717,1022,754,-1,7526,265,197,189,178,183,357,1,7,3,1650,1083,524266773,18808832,1249,40494,0,0,1208.402
524267698,981,754,0,7526,244,196,189,178,183,357,1,7,3,1650,1084,524267739,18808832,1249,41453,0,0,1209.383
524268705,1007,754,0,7526,238,196,181,178,183,357,1,7,3,1650,1084,524268745,18808832,1249,42460,0,0,1210.39
524269839,1134,752,-2,7528,356,196,195,178,183,355,1,7,3,1650,1085,524269952,18808832,1249,43715,0,0,1211.524
524270865,1026,752,0,7528,401,195,187,178,183,355,1,7,3,1650,1086,524271029,18808832,1249,44767,0,0,1212.55
524271846,981,751,-1,7529,377,195,187,178,183,354,1,7,3,1650,1086,524271941,18808832,1249,45682,0,0,1213.531
524272719,873,750,-1,7530,260,195,189,178,183,353,1,7,3,1650,1087,524272771,18808832,1249,46491,0,0,1214.404
524273726,1007,750,0,7530,267,195,187,178,183,353,1,7,3,1650,1087,524273778,18808832,1249,47496,0,0,1215.411
524274747,1021,749,-1,7531,282,194,187,178,183,352,1,7,3,1650,1088,524274820,18808832,1249,48548,0,0,1216.432
524275746,999,748,-1,7532,281,194,187,178,183,352,1,7,3,1650,1088,524275803,18808832,1249,49520,0,0,1217.431
524276732,986,747,-1,7533,269,194,195,178,182,351,1,7,3,1650,1089,524276788,18808832,1306,2,0,0,1218.417
524277737,1005,746,-1,7534,273,194,195,178,180,350,1,7,3,1650,1090,524277801,18808832,1306,464,0,0,1219.422
524278762,1025,745,-1,7535,297,194,195,178,180,349,1,7,3,1650,1090,524278841,18808832,1306,1510,0,0,1220.447
524279732,970,744,-1,7536,277,194,197,178,178,348,1,7,3,1650,1091,524279790,18808832,1306,2457,0,0,1221.417
524280821,1089,744,0,7536,365,194,189,178,178,348,1,7,3,1650,1091,524280918,18808832,1306,3598,0,0,1222.506
524281750,929,743,-1,7537,290,194,190,178,178,347,1,7,3,1650,1092,524281798,18808832,1306,4458,0,0,1223.435
524282760,1010,742,-1,7538,293,194,187,174,178,346,1,7,3,1650,1093,524282836,18808832,1306,5505,0,0,1224.445
524283714,954,741,-1,7539,249,193,189,174,178,345,1,7,3,1650,1093,524283757,18808832,1306,6418,0,0,1225.399
524284690,976,740,-1,7540,238,193,189,174,178,345,1,7,3,1650,1094,524284730,18808832,1306,7390,0,0,1226.375
524285698,1008,739,-1,7541,238,193,189,174,178,344,1,7,3,1650,1094,524285738,18808832,1306,8398,0,0,1227.383
524286734,1036,739,0,7541,280,192,179,174,178,344,1,7,3,1650,1095,524286797,18808832,1306,9462,0,0,1228.419
524287708,974,738,-1,7542,246,192,181,174,178,343,1,7,3,1650,1095,524287749,18808832,1306,10409,0,0,1229.393
524288701,993,737,-1,7543,238,192,181,174,178,342,1,7,3,1650,1096,524288741,18808832,1306,11400,0,0,1230.386
524289871,1170,737,0,7543,397,191,178,174,178,342,1,7,3,1650,1097,524290021,18808832,1306,12737,0,0,1231.556
524290787,916,736,-1,7544,322,191,181,174,178,341,1,7,3,1650,1097,524290949,18808832,1306,13640,0,0,1232.472
524291845,1058,735,-1,7545,375,190,186,174,178,340,1,7,3,1650,1098,524291997,18808832,1306,14687,0,0,1233.53
524292731,886,735,0,7545,268,190,181,174,178,340,1,7,3,1650,1098,524292778,18808832,1306,15438,0,0,1234.416
524293726,995,734,-1,7546,269,190,187,174,178,339,1,7,3,1650,1099,524293778,18808832,1306,16446,0,0,1235.411
524294768,1042,734,0,7546,300,190,179,174,178,339,1,7,3,1650,1099,524294842,18808832,1306,17512,0,0,1236.453
524295735,967,733,-1,7547,271,189,179,174,178,338,1,7,3,1650,1100,524295798,18808832,1306,18464,0,0,1237.42
524296728,993,732,-1,7548,274,189,179,174,178,338,1,7,3,1650,1100,524296786,18808832,1306,19455,0,0,1238.413
524297725,997,732,0,7548,263,188,179,174,178,338,1,7,3,1650,1101,524297784,18808832,1306,20450,0,0,1239.41
524298762,1037,731,-1,7549,301,188,187,174,178,337,1,7,3,1650,1102,524298832,18808832,1306,21501,0,0,1240.447
524299735,973,730,-1,7550,268,188,189,174,178,336,1,7,3,1650,1102,524299801,18808832,1306,22467,0,0,1241.42
524300771,1036,730,0,7550,308,188,174,174,178,336,1,7,3,1650,1103,524300888,18808832,1306,23569,0,0,1242.456
524301755,984,729,-1,7551,302,188,182,174,178,335,1,7,3,1650,1103,524301813,18808832,1306,24474,0,0,1243.44
524302740,985,728,-1,7552,274,187,179,174,178,334,1,7,3,1650,1104,524302802,18808832,1306,25468,0,0,1244.425
524303705,965,728,0,7552,246,187,173,174,178,334,1,7,3,1650,1104,524303745,18808832,1306,26406,0,0,1245.39
524304700,995,727,-1,7553,239,186,181,174,178,333,1,7,3,1650,1105,524304740,18808832,1306,27400,0,0,1246.385
524305705,1005,726,-1,7554,238,186,181,174,175,332,1,7,3,1650,1106,524305744,18808832,1306,28403,0,0,1247.39
524306719,1014,725,-1,7555,263,186,181,174,175,331,1,7,3,1650,1106,524306776,18808832,1306,29441,0,0,1248.404
524307730,1011,724,-1,7556,263,186,181,170,173,330,1,7,3,1650,1107,524307790,18808832,1306,30453,0,0,1249.415
524308711,981,723,-1,7557,249,186,181,170,173,330,1,7,3,1650,1107,524308757,18808832,1306,31418,0,0,1250.396
524309840,1129,722,-1,7558,374,185,178,170,174,329,1,7,3,1650,1108,524309972,18808832,1306,32683,0,0,1251.525
524310788,948,721,-1,7559,330,185,181,170,174,328,1,7,3,1650,1109,524310951,18808832,1306,33647,0,0,1252.473
524311827,1039,720,-1,7560,359,185,187,170,174,327,1,7,3,1650,1109,524311943,18808832,1306,34654,0,0,1253.512
524312743,916,719,-1,7561,275,185,189,170,174,326,1,7,3,1650,1110,524312802,18808832,1306,35463,0,0,1254.428
524313731,988,718,-1,7562,268,185,187,170,174,325,1,7,3,1650,1110,524313788,18808832,1306,36455,0,0,1255.416
524314783,1052,718,0,7562,316,185,178,170,174,325,1,7,3,1650,1111,524314864,18808832,1306,37535,0,0,1256.468
524315721,938,717,-1,7563,266,185,179,170,174,324,1,7,3,1650,1111,524315782,18808832,1306,38449,0,0,1257.406
524316737,1016,716,-1,7564,275,185,187,170,174,323,1,7,3,1650,1112,524316799,18808832,1306,39467,0,0,1258.422
524317727,990,716,0,7564,264,185,179,170,174,323,1,7,3,1650,1112,524317785,18808832,1306,40452,0,0,1259.412
524318767,1040,715,-1,7565,302,185,179,170,174,323,1,7,3,1650,1113,524318838,18808832,1306,41506,0,0,1260.452
524319725,958,715,0,7565,267,184,173,170,174,323,1,7,3,1650,1113,524319790,18808832,1306,42458,0,0,1261.41
524320751,1026,714,-1,7566,285,184,182,170,174,322,1,7,3,1650,1114,524320895,18808832,1306,43584,0,0,1262.436
524321764,1013,713,-1,7567,307,184,181,170,174,321,1,7,3,1650,1115,524321833,18808832,1306,44497,0,0,1263.449
524322748,984,713,0,7567,288,184,179,170,174,321,1,7,3,1650,1115,524322811,18808832,1306,45478,0,0,1264.433
524323698,950,712,-1,7568,246,184,181,170,174,320,1,7,3,1650,1116,524323738,18808832,1306,46397,0,0,1265.383
524324701,1003,712,0,7568,237,183,173,170,174,320,1,7,3,1650,1116,524324742,18808832,1306,47402,0,0,1266.386
524325699,998,711,-1,7569,238,183,182,170,174,319,1,7,3,1650,1117,524325739,18808832,1306,48398,0,0,1267.384
524326721,1022,710,-1,7570,268,183,181,170,174,318,1,7,3,1650,1117,524326779,18808832,1306,49443,0,0,1268.406
524327695,974,709,-1,7571,242,183,181,170,174,317,1,7,3,1650,1118,524327735,18808832,1367,1,0,0,1269.38
524328715,1020,709,0,7571,252,183,181,170,174,317,1,7,3,1650,1118,524328767,18808832,1367,508,0,0,1270.4
524329833,1118,708,-1,7572,374,183,178,170,173,316,1,7,3,1650,1119,524329949,18808832,1367,1725,0,0,1271.518
524330888,1055,707,-1,7573,421,183,186,170,171,316,1,7,3,1650,1120,524331054,18808832,1367,2819,0,0,1272.573
524331819,931,707,0,7573,366,183,179,170,171,316,1,7,3,1650,1120,524331893,18808832,1367,3653,0,0,1273.504
524332751,932,706,-1,7574,284,183,179,166,168,315,1,7,3,1650,1121,524332825,18808832,1367,4576,0,0,1274.436
524333732,981,705,-1,7575,276,183,187,166,168,314,1,7,3,1650,1121,524333788,18808832,1367,5536,0,0,1275.417
524334765,1033,704,-1,7576,303,183,187,166,170,313,1,7,3,1650,1122,524334848,18808832,1367,6601,0,0,1276.45
524335736,971,703,-1,7577,279,183,187,166,170,312,1,7,3,1650,1122,524335790,18808832,1367,7536,0,0,1277.421
524336731,995,702,-1,7578,267,183,187,166,170,311,1,7,3,1650,1123,524336790,18808832,1367,8538,0,0,1278.416
524337725,994,701,-1,7579,270,183,189,166,170,310,1,7,3,1650,1123,524337780,18808832,1367,9526,0,0,1279.41
524338763,1038,700,-1,7580,305,184,187,166,170,309,1,7,3,1650,1124,524338844,18808832,1367,10596,0,0,1280.448
524339731,968,700,0,7580,274,184,181,166,170,309,1,7,3,1650,1124,524339784,18808832,1367,11531,0,0,1281.416
524340821,1090,698,-2,7582,364,184,187,166,170,308,1,7,3,1650,1125,524340922,18808832,1367,12680,0,0,1282.506
524341747,926,698,0,7582,289,184,181,166,170,308,1,7,3,1650,1126,524341792,18808832,1367,13533,0,0,1283.432
524342725,978,697,-1,7583,272,184,182,166,170,307,1,7,3,1650,1126,524342785,18808832,1367,14529,0,0,1284.41
524343711,986,697,0,7583,252,183,173,166,170,307,1,7,3,1650,1127,524343752,18808832,1367,15492,0,0,1285.396
524344703,992,696,-1,7584,238,183,173,166,170,306,1,7,3,1650,1127,524344743,18808832,1367,16481,0,0,1286.388
524345698,995,695,-1,7585,238,183,182,166,170,305,1,7,3,1650,1128,524345738,18808832,1367,17476,0,0,1287.383
524346727,1029,694,-1,7586,261,183,181,166,170,304,1,7,3,1650,1128,524346784,18808832,1367,18528,0,0,1288.412
524347711,984,694,0,7586,247,182,173,166,170,304,1,7,3,1650,1129,524347753,18808832,1367,19491,0,0,1289.396
524348701,990,694,0,7586,237,182,173,166,170,304,1,7,3,1650,1129,524348742,18808832,1367,20481,0,0,1290.386
524349815,1114,693,-1,7587,353,182,179,166,170,303,1,7,3,1650,1130,524349923,18808832,1367,21701,0,0,1291.5
524350884,1069,692,-1,7588,428,182,178,166,168,302,1,7,3,1650,1131,524351033,18808832,1367,22795,0,0,1292.569
524351837,953,692,0,7588,370,181,170,166,168,302,1,7,3,1650,1131,524351922,18808832,1367,23687,0,0,1293.522
524352719,882,691,-1,7589,260,181,174,166,166,301,1,7,3,1650,1132,524352772,18808832,1367,24517,0,0,1294.404
524353725,1006,690,-1,7590,271,181,179,166,166,301,1,7,3,1650,1132,524353779,18808832,1367,25522,0,0,1295.41
524354753,1028,690,0,7590,290,181,179,166,166,301,1,7,3,1650,1133,524354831,18808832,1367,26583,0,0,1296.438
524355753,1000,689,-1,7591,289,181,179,166,166,300,1,7,3,1650,1133,524355815,18808832,1367,27561,0,0,1297.438
524356734,981,689,0,7591,269,180,171,166,166,300,1,7,3,1650,1134,524356791,18808832,1367,28539,0,0,1298.419
524357738,1004,688,-1,7592,285,180,171,162,166,299,1,7,3,1650,1134,524357809,18808832,1367,29557,0,0,1299.423
524358781,1043,687,-1,7593,315,180,179,162,166,298,1,7,3,1650,1135,524358860,18808832,1367,30612,0,0,1300.466
524359719,938,686,-1,7594,262,180,181,162,166,297,1,7,3,1650,1135,524359773,18808832,1367,31514,0,0,1301.404
524360842,1123,686,0,7594,381,180,173,162,166,297,1,7,3,1650,1136,524360939,18808832,1367,32699,0,0,1302.527
524361745,903,685,-1,7595,280,179,174,162,166,296,1,7,3,1650,1136,524361789,18808832,1367,33527,0,0,1303.43
524362744,999,684,-1,7596,281,180,182,162,166,295,1,7,3,1650,1137,524362810,18808832,1367,34556,0,0,1304.429
524363702,958,683,-1,7597,244,180,181,162,166,294,1,7,3,1650,1137,524363742,18808832,1367,35481,0,0,1305.387
524364698,996,683,0,7597,238,179,173,162,166,294,1,7,3,1650,1138,524364738,18808832,1367,36477,0,0,1306.383
524365703,1005,682,-1,7598,238,179,174,162,166,294,1,7,3,1650,1138,524365743,18808832,1367,37481,0,0,1307.388
524366718,1015,681,-1,7599,264,179,173,162,166,293,1,7,3,1650,1139,524366775,18808832,1367,38519,0,0,1308.403
524367714,996,680,-1,7600,249,179,173,162,166,292,1,7,3,1650,1140,524367755,18808832,1367,39494,0,0,1309.399
524368705,991,679,-1,7601,238,178,173,162,166,291,1,7,3,1650,1140,524368745,18808832,1367,40483,0,0,1310.39
524369845,1140,678,-1,7602,379,178,178,162,166,290,1,7,3,1650,1141,524369974,18808832,1367,41765,0,0,1311.53
524370850,1005,678,0,7602,389,178,163,162,166,290,1,7,3,1650,1141,524371032,18808832,1367,42794,0,0,1312.535
524371836,986,677,-1,7603,381,178,170,162,166,289,1,7,3,1650,1142,524371919,18808832,1367,43680,0,0,1313.521
524372711,875,676,-1,7604,259,177,173,162,166,288,1,7,3,1650,1142,524372763,18808832,1367,44508,0,0,1314.396
524373717,1006,675,-1,7605,264,177,179,162,166,287,1,7,3,1650,1143,524373769,18808832,1367,45512,0,0,1315.402
524374748,1031,675,0,7605,292,177,171,162,166,287,1,7,3,1650,1143,524374826,18808832,1367,46579,0,0,1316.433
524375737,989,674,-1,7606,284,177,171,162,166,287,1,7,3,1650,1144,524375796,18808832,1367,47538,0,0,1317.422
524376738,1001,673,-1,7607,273,177,171,162,166,286,1,7,3,1650,1144,524376797,18808832,1367,48544,0,0,1318.423
524377735,997,673,0,7607,270,176,171,162,164,286,1,7,3,1650,1145,524377788,18808832,1367,49532,0,0,1319.42
524378741,1006,673,0,7607,289,176,171,162,164,286,1,7,3,1650,1145,524378819,18808832,1435,3,0,0,1320.426
524379740,999,672,-1,7608,272,176,173,162,161,285,1,7,3,1650,1146,524379793,18808832,1435,416,0,0,1321.425
524380831,1091,671,-1,7609,369,176,173,162,162,284,1,7,3,1650,1147,524380932,18808832,1435,1573,0,0,1322.516
524381740,909,671,0,7609,282,176,166,162,162,284,1,7,3,1650,1147,524381784,18808832,1435,2406,0,0,1323.425
524382759,1019,670,-1,7610,298,175,171,158,162,283,1,7,3,1650,1148,524382839,18808832,1435,3468,0,0,1324.444
524383705,946,670,0,7610,243,175,165,158,162,283,1,7,3,1650,1148,524383745,18808832,1435,4368,0,0,1325.39
524384694,989,669,-1,7611,238,175,166,158,162,282,1,7,3,1650,1148,524384734,18808832,1435,5355,0,0,1326.379
524385702,1008,669,0,7611,237,174,166,158,162,282,1,7,3,1650,1149,524385742,18808832,1435,6362,0,0,1327.387
524386749,1047,668,-1,7612,284,174,171,158,162,281,1,7,3,1650,1150,524386815,18808832,1435,7442,0,0,1328.434
524387703,954,667,-1,7613,242,174,173,158,162,280,1,7,3,1650,1150,524387745,18808832,1435,8365,0,0,1329.388
524388695,992,666,-1,7614,237,174,174,158,162,279,1,7,3,1650,1151,524388735,18808832,1435,9356,0,0,1330.38
524389865,1170,666,0,7614,383,174,162,158,162,279,1,7,3,1650,1151,524390012,18808832,1435,10682,0,0,1331.55
524390789,924,666,0,7614,333,173,157,158,162,279,1,7,3,1650,1152,524390951,18808832,1435,11605,0,0,1332.474
524391837,1048,665,-1,7615,371,173,162,158,162,279,1,7,3,1650,1152,524391983,18808832,1435,12642,0,0,1333.522
524392732,895,664,-1,7616,278,172,165,158,162,278,1,7,3,1650,1153,524392780,18808832,1435,13401,0,0,1334.417
524393718,986,663,-1,7617,262,172,163,158,162,277,1,7,3,1650,1153,524393775,18808832,1435,14399,0,0,1335.403
524394749,1031,662,-1,7618,295,172,171,158,162,276,1,7,3,1650,1154,524394821,18808832,1435,15452,0,0,1336.434
524395733,984,661,-1,7619,274,172,171,158,162,275,1,7,3,1650,1154,524395798,18808832,1435,16424,0,0,1337.418
524396728,995,661,0,7619,269,171,163,158,162,275,1,7,3,1650,1155,524396785,18808832,1435,17417,0,0,1338.413
524397731,1003,660,-1,7620,267,171,163,158,162,274,1,7,3,1650,1155,524397791,18808832,1435,18415,0,0,1339.416
524398765,1034,659,-1,7621,298,171,162,158,162,273,1,7,3,1650,1156,524398836,18808832,1435,19465,0,0,1340.45
524399735,970,658,-1,7622,273,171,165,158,162,272,1,7,3,1650,1156,524399799,18808832,1435,20427,0,0,1341.42
524400758,1023,657,-1,7623,300,170,166,158,162,272,1,7,3,1650,1157,524400860,18808832,1435,21498,0,0,1342.443
524401765,1007,657,0,7623,304,170,166,158,162,272,1,7,3,1650,1157,524401827,18808832,1435,22451,0,0,1343.45
524402739,974,656,-1,7624,278,170,163,158,162,271,1,7,3,1650,1158,524402805,18808832,1435,23432,0,0,1344.424
524403704,965,655,-1,7625,247,170,165,158,162,270,1,7,3,1650,1158,524403744,18808832,1435,24364,0,0,1345.389
524404698,994,655,0,7625,238,169,158,158,161,270,1,7,3,1650,1159,524404738,18808832,1435,25359,0,0,1346.383
524405703,1005,654,-1,7626,238,169,166,158,161,269,1,7,3,1650,1159,524405743,18808832,1435,26364,0,0,1347.388
524406720,1017,654,0,7626,265,169,158,158,159,269,1,7,3,1650,1160,524406778,18808832,1435,27404,0,0,1348.405
524407724,1004,653,-1,7627,258,168,158,154,159,268,1,7,3,1650,1160,524407779,18808832,1435,28403,0,0,1349.409
524408706,982,653,0,7627,246,168,158,154,156,268,1,7,3,1650,1161,524408753,18808832,1435,29374,0,0,1350.391
524409836,1130,652,-1,7628,380,168,162,154,158,267,1,7,3,1650,1162,524409967,18808832,1435,30636,0,0,1351.521
524410790,954,651,-1,7629,332,167,165,154,158,266,1,7,3,1650,1162,524410949,18808832,1435,31604,0,0,1352.475
524411806,1016,651,0,7629,348,167,162,154,158,266,1,7,3,1650,1163,524411913,18808832,1435,32571,0,0,1353.491
524412747,941,650,-1,7630,279,167,165,154,158,265,1,7,3,1650,1163,524412806,18808832,1435,33430,0,0,1354.432
524413719,972,650,0,7630,267,167,163,154,158,265,1,7,3,1650,1163,524413777,18808832,1435,34407,0,0,1355.404
524414771,1052,649,-1,7631,305,167,162,154,158,265,1,7,3,1650,1164,524414846,18808832,1435,35479,0,0,1356.456
524415719,948,649,0,7631,265,167,163,154,158,265,1,7,3,1650,1164,524415782,18808832,1435,36411,0,0,1357.404
524416737,1018,648,-1,7632,276,167,165,154,158,264,1,7,3,1650,1165,524416796,18808832,1435,37428,0,0,1358.422
524417715,978,648,0,7632,259,166,155,154,158,264,1,7,3,1650,1165,524417769,18808832,1435,38397,0,0,1359.4
524418760,1045,647,-1,7633,299,166,154,154,158,263,1,7,3,1650,1166,524418828,18808832,1435,39459,0,0,1360.445
524419732,972,647,0,7633,267,165,149,154,158,263,1,7,3,1650,1166,524419798,18808832,1435,40428,0,0,1361.417
524420748,1016,646,-1,7634,283,165,158,154,158,262,1,7,3,1650,1167,524420897,18808832,1435,41548,0,0,1362.433
524421767,1019,645,-1,7635,309,165,166,154,158,261,1,7,3,1650,1168,524421838,18808832,1435,42463,0,0,1363.452
524422742,975,645,0,7635,281,164,155,154,158,261,1,7,3,1650,1168,524422806,18808832,1435,43434,0,0,1364.427
524423705,963,644,-1,7636,241,164,158,154,158,260,1,7,3,1650,1168,524423745,18808832,1435,44367,0,0,1365.39
524424700,995,643,-1,7637,239,164,158,154,158,259,1,7,3,1650,1169,524424740,18808832,1435,45360,0,0,1366.385
524425704,1004,643,0,7637,237,163,150,154,158,259,1,7,3,1650,1169,524425744,18808832,1435,46364,0,0,1367.389
524426733,1029,642,-1,7638,266,163,155,154,158,258,1,7,3,1650,1170,524426790,18808832,1435,47415,0,0,1368.418
524427700,967,641,-1,7639,241,163,158,154,158,258,1,7,3,1650,1170,524427741,18808832,1435,48362,0,0,1369.385
524428697,997,640,-1,7640,239,163,158,154,156,257,1,7,3,1650,1171,524428737,18808832,1435,49358,0,0,1370.382
524429817,1120,639,-1,7641,348,162,154,154,154,256,1,7,3,1650,1172,524429921,18808832,1514,2,0,0,1371.502
524431329,1512,638,-1,7642,398,162,152,154,154,255,1,7,3,1650,1172,524431461,18808832,1514,801,0,0,1373.014
524431848,519,637,-1,7643,267,162,162,154,151,254,1,7,3,1650,1173,524431893,18808832,1514,1204,0,0,1373.533
524432754,906,637,0,7643,292,161,155,149,151,254,1,7,3,1650,1173,524432816,18808832,1514,2124,0,0,1374.439
524433729,975,636,-1,7644,265,161,154,149,153,253,1,7,3,1650,1174,524433794,18808832,1514,3104,0,0,1375.414
524434786,1057,635,-1,7645,325,161,162,149,153,252,1,7,3,1650,1174,524434884,18808832,1514,4209,0,0,1376.471
524435710,924,635,0,7645,255,161,155,149,153,252,1,7,3,1650,1174,524435759,18808832,1514,5066,0,0,1377.395
524436727,1017,634,-1,7646,272,161,163,149,153,251,1,7,3,1650,1175,524436787,18808832,1514,6095,0,0,1378.412
524437732,1005,634,0,7646,267,161,155,149,153,251,1,7,3,1650,1175,524437787,18808832,1514,7097,0,0,1379.417
524438774,1042,633,-1,7647,309,161,162,149,153,250,1,7,3,1650,1176,524438847,18808832,1514,8157,0,0,1380.459
524439717,943,632,-1,7648,265,161,165,149,153,250,1,7,3,1650,1176,524439774,18808832,1514,9083,0,0,1381.402
524440834,1117,632,0,7648,378,161,154,149,153,250,1,7,3,1650,1177,524440926,18808832,1514,10246,0,0,1382.519
524441727,893,631,-1,7649,269,161,158,149,153,249,1,7,3,1650,1177,524441770,18808832,1514,11071,0,0,1383.412
524442743,1016,631,0,7649,276,160,158,149,153,249,1,7,3,1650,1178,524442803,18808832,1514,12113,0,0,1384.428
524443703,960,630,-1,7650,240,160,158,149,153,248,1,7,3,1650,1178,524443739,18808832,1514,13038,0,0,1385.388
524444700,997,630,0,7650,235,160,158,149,153,248,1,7,3,1650,1179,524444739,18808832,1514,14041,0,0,1386.385
524445699,999,629,-1,7651,235,160,158,149,153,247,1,7,3,1650,1179,524445735,18808832,1514,15034,0,0,1387.384
524446719,1020,629,0,7651,264,160,158,149,153,247,1,7,3,1650,1180,524446774,18808832,1514,16081,0,0,1388.404
524447704,985,628,-1,7652,241,160,158,149,153,246,1,7,3,1650,1180,524447743,18808832,1514,17043,0,0,1389.389
524448690,986,628,0,7652,235,160,158,149,153,246,1,7,3,1650,1181,524448730,18808832,1514,18032,0,0,1390.375
524449823,1133,627,-1,7653,351,160,162,149,153,245,1,7,3,1650,1181,524449923,18808832,1514,19260,0,0,1391.508
524450883,1060,626,-1,7654,419,160,162,149,153,244,1,7,3,1650,1182,524451036,18808832,1514,20367,0,0,1392.568
524451836,953,626,0,7654,371,160,154,149,153,244,1,7,3,1650,1182,524451922,18808832,1514,21246,0,0,1393.521
524452716,880,625,-1,7655,260,160,158,149,151,243,1,7,3,1650,1183,524452771,18808832,1514,22079,0,0,1394.401
524453734,1018,624,-1,7656,270,160,163,149,151,243,1,7,3,1650,1183,524453786,18808832,1514,23093,0,0,1395.419
524454754,1020,624,0,7656,295,160,154,149,149,243,1,7,3,1650,1184,524454835,18808832,1514,24147,0,0,1396.439
524455742,988,623,-1,7657,279,160,163,149,149,242,1,7,3,1650,1184,524455809,18808832,1514,25119,0,0,1397.427
524456731,989,622,-1,7658,274,160,165,149,149,241,1,7,3,1650,1185,524456791,18808832,1514,26102,0,0,1398.416
524457742,1011,622,0,7658,287,160,154,145,149,241,1,7,3,1650,1185,524457814,18808832,1514,27126,0,0,1399.427
524458783,1041,621,-1,7659,320,160,154,145,149,240,1,7,3,1650,1186,524458866,18808832,1514,28185,0,0,1400.468
524459733,950,620,-1,7660,266,159,157,145,149,239,1,7,3,1650,1186,524459787,18808832,1514,29091,0,0,1401.418
524460840,1107,619,-1,7661,378,159,157,145,149,238,1,7,3,1650,1187,524460943,18808832,1514,30262,0,0,1402.525
524461739,899,618,-1,7662,280,159,161,145,149,237,1,7,3,1650,1187,524461781,18808832,1514,31084,0,0,1403.424
524462754,1015,618,0,7662,295,159,155,145,149,237,1,7,3,1650,1188,524462821,18808832,1514,32131,0,0,1404.439
524463713,959,617,-1,7663,246,159,158,145,149,236,1,7,3,1650,1188,524463753,18808832,1514,33055,0,0,1405.398
524464701,988,616,-1,7664,237,159,158,145,149,236,1,7,3,1650,1189,524464741,18808832,1514,34043,0,0,1406.386
524465704,1003,616,0,7664,237,159,150,145,149,236,1,7,3,1650,1189,524465744,18808832,1514,35045,0,0,1407.389
524466730,1026,615,-1,7665,267,159,155,145,149,235,1,7,3,1650,1190,524466786,18808832,1514,36094,0,0,1408.415
524467705,975,614,-1,7666,244,159,158,145,149,234,1,7,3,1650,1190,524467747,18808832,1514,37048,0,0,1409.39
524468695,990,614,0,7666,238,159,158,145,149,234,1,7,3,1650,1190,524468735,18808832,1514,38037,0,0,1410.38
524469828,1133,613,-1,7667,373,158,154,145,149,233,1,7,3,1650,1191,524469937,18808832,1514,39285,0,0,1411.513
524470865,1037,612,-1,7668,409,158,163,145,149,232,1,7,3,1650,1192,524471035,18808832,1514,40361,0,0,1412.55
524471823,958,612,0,7668,369,158,154,145,149,232,1,7,3,1650,1192,524471896,18808832,1514,41221,0,0,1413.508
524472721,898,611,-1,7669,267,158,158,145,149,231,1,7,3,1650,1192,524472771,18808832,1514,42077,0,0,1414.406
524473732,1011,611,0,7669,267,158,154,145,149,231,1,7,3,1650,1193,524473787,18808832,1514,43095,0,0,1415.417
524474755,1023,610,-1,7670,291,158,162,145,149,230,1,7,3,1650,1193,524474832,18808832,1514,44150,0,0,1416.44
524475741,986,610,0,7670,284,158,154,145,149,230,1,7,3,1650,1194,524475801,18808832,1514,45108,0,0,1417.426
524476727,986,609,-1,7671,272,158,163,145,149,229,1,7,3,1650,1194,524476784,18808832,1514,46096,0,0,1418.412
524477723,996,609,0,7671,270,158,155,145,146,229,1,7,3,1650,1195,524477781,18808832,1514,47093,0,0,1419.408
524478742,1019,608,-1,7672,287,158,162,145,146,229,1,7,3,1650,1195,524478818,18808832,1514,48131,0,0,1420.427
524479744,1002,608,0,7672,285,158,157,145,143,229,1,7,3,1650,1196,524479801,18808832,1514,49111,0,0,1421.429
524480834,1090,607,-1,7673,365,158,157,145,143,228,1,7,3,1650,1196,524480931,18808832,1604,1,0,0,1422.519
524481885,1051,607,0,7673,297,158,154,145,145,228,1,7,3,1650,1197,524481970,18808832,1604,500,0,0,1423.57
524482749,864,606,-1,7674,288,158,154,141,145,227,1,7,3,1650,1197,524482820,18808832,1604,1344,0,0,1424.434
524483711,962,606,0,7674,250,158,150,141,145,227,1,7,3,1650,1198,524483752,18808832,1604,2269,0,0,1425.396
524484700,989,605,-1,7675,239,157,150,141,145,226,1,7,3,1650,1198,524484740,18808832,1604,3257,0,0,1426.385
524485702,1002,605,0,7675,237,157,150,141,145,226,1,7,3,1650,1198,524485743,18808832,1604,4259,0,0,1427.387
524486745,1043,604,-1,7676,278,157,146,141,145,225,1,7,3,1650,1199,524486806,18808832,1604,5328,0,0,1428.43
524487702,957,603,-1,7677,245,156,150,141,145,224,1,7,3,1650,1199,524487742,18808832,1604,6259,0,0,1429.387
524488697,995,603,0,7677,238,156,150,141,145,224,1,7,3,1650,1200,524488737,18808832,1604,7253,0,0,1430.382
524489867,1170,602,-1,7678,394,156,146,141,145,223,1,7,3,1650,1200,524490009,18808832,1604,8577,0,0,1431.552
524490779,912,602,0,7678,327,155,142,141,145,223,1,7,3,1650,1201,524490938,18808832,1604,9484,0,0,1432.464
524491841,1062,601,-1,7679,372,154,138,141,145,222,1,7,3,1650,1201,524491992,18808832,1604,10545,0,0,1433.526
524492728,887,600,-1,7680,275,154,142,141,145,221,1,7,3,1650,1202,524492778,18808832,1604,11295,0,0,1434.413
524493723,995,599,-1,7681,265,154,146,141,145,221,1,7,3,1650,1202,524493781,18808832,1604,12302,0,0,1435.408
524494758,1035,599,0,7681,294,153,138,141,145,221,1,7,3,1650,1203,524494826,18808832,1604,13355,0,0,1436.443
524495737,979,598,-1,7682,271,153,146,141,145,220,1,7,3,1650,1203,524495799,18808832,1604,14322,0,0,1437.422
524496735,998,597,-1,7683,280,153,146,141,145,219,1,7,3,1650,1204,524496793,18808832,1604,15319,0,0,1438.42
524497716,981,596,-1,7684,262,152,146,141,145,218,1,7,3,1650,1204,524497773,18808832,1604,16295,0,0,1439.401
524498751,1035,595,-1,7685,296,152,154,141,145,217,1,7,3,1650,1205,524498819,18808832,1604,17345,0,0,1440.436
524499730,979,595,0,7685,265,152,149,141,145,217,1,7,3,1650,1205,524499791,18808832,1604,18313,0,0,1441.415
524500768,1038,594,-1,7686,308,152,150,141,145,216,1,7,3,1650,1206,524500874,18808832,1604,19415,0,0,1442.453
524501760,992,594,0,7686,301,152,142,141,145,216,1,7,3,1650,1206,524501819,18808832,1604,20336,0,0,1443.445
524502730,970,593,-1,7687,276,152,146,141,145,215,1,7,3,1650,1206,524502790,18808832,1604,21314,0,0,1444.415
524503710,980,593,0,7687,246,151,142,141,145,215,1,7,3,1650,1207,524503750,18808832,1604,22267,0,0,1445.395
524504698,988,592,-1,7688,238,151,150,141,145,214,1,7,3,1650,1207,524504738,18808832,1604,23255,0,0,1446.383
524505704,1006,592,0,7688,237,151,142,141,143,214,1,7,3,1650,1208,524505744,18808832,1604,24260,0,0,1447.389
524506728,1024,591,-1,7689,264,151,146,141,143,214,1,7,3,1650,1208,524506784,18808832,1604,25306,0,0,1448.413
524507728,1000,590,-1,7690,262,151,155,137,140,213,1,7,3,1650,1209,524507787,18808832,1604,26306,0,0,1449.413
524508707,979,590,0,7690,249,151,150,137,140,213,1,7,3,1650,1209,524508754,18808832,1604,27272,0,0,1450.392
524509848,1141,589,-1,7691,369,151,154,137,141,212,1,7,3,1650,1210,524509985,18808832,1604,28556,0,0,1451.533
524510798,950,589,0,7691,335,151,149,137,141,212,1,7,3,1650,1210,524510964,18808832,1604,29514,0,0,1452.483
524511816,1018,588,-1,7692,353,151,150,137,141,211,1,7,3,1650,1211,524511921,18808832,1604,30487,0,0,1453.501
524512726,910,588,0,7692,271,151,150,137,141,211,1,7,3,1650,1211,524512782,18808832,1604,31301,0,0,1454.411
524513739,1013,587,-1,7693,272,151,154,137,141,210,1,7,3,1650,1211,524513795,18808832,1604,32318,0,0,1455.424
524514743,1004,587,0,7693,275,151,146,137,141,210,1,7,3,1650,1212,524514805,18808832,1604,33326,0,0,1456.428
524515721,978,587,0,7693,266,151,146,137,141,210,1,7,3,1650,1212,524515784,18808832,1604,34307,0,0,1457.406
524516738,1017,586,-1,7694,276,151,149,137,141,209,1,7,3,1650,1213,524516793,18808832,1604,35313,0,0,1458.423
524517717,979,586,0,7694,262,150,138,137,141,209,1,7,3,1650,1213,524517776,18808832,1604,36301,0,0,1459.402
524518766,1049,585,-1,7695,312,150,146,137,141,208,1,7,3,1650,1214,524518847,18808832,1604,37376,0,0,1460.451
524519722,956,585,0,7695,265,150,142,137,141,208,1,7,3,1650,1214,524519783,18808832,1604,38311,0,0,1461.407
524520756,1034,584,-1,7696,293,149,142,137,141,207,1,7,3,1650,1215,524520903,18808832,1604,39448,0,0,1462.441
524521764,1008,583,-1,7697,302,149,150,137,141,207,1,7,3,1650,1215,524521827,18808832,1604,40347,0,0,1463.449
524522738,974,583,0,7697,283,149,138,137,141,207,1,7,3,1650,1215,524522803,18808832,1604,41328,0,0,1464.423
524523707,969,582,-1,7698,242,149,142,137,141,206,1,7,3,1650,1216,524523747,18808832,1604,42264,0,0,1465.392
524524697,990,581,-1,7699,239,148,142,137,141,205,1,7,3,1650,1216,524524737,18808832,1604,43254,0,0,1466.382
524525704,1007,581,0,7699,238,148,142,137,141,205,1,7,3,1650,1217,524525744,18808832,1604,44261,0,0,1467.389
524526729,1025,580,-1,7700,267,148,142,137,141,204,1,7,3,1650,1217,524526785,18808832,1604,45306,0,0,1468.414
524527704,975,580,0,7700,242,147,134,137,141,204,1,7,3,1650,1218,524527744,18808832,1604,46262,0,0,1469.389
524528696,992,579,-1,7701,238,147,134,137,141,203,1,7,3,1650,1218,524528736,18808832,1604,47253,0,0,1470.381
524529823,1127,578,-1,7702,351,146,138,137,140,202,1,7,3,1650,1219,524529921,18808832,1604,48475,0,0,1471.508
524530913,1090,577,-1,7703,439,146,138,137,140,201,1,7,3,1650,1219,524531051,18808832,1604,49594,0,0,1472.598
524531827,914,577,0,7703,360,146,138,137,138,201,1,7,3,1650,1220,524531892,18808832,1692,0,0,0,1473.512
524532909,1082,576,-1,7704,284,145,138,133,138,200,1,7,3,1650,1220,524533003,18808832,1692,556,0,0,1474.594
524533740,831,575,-1,7705,276,145,146,133,138,200,1,7,3,1650,1220,524533795,18808832,1692,1327,0,0,1475.425
524534775,1035,575,0,7705,312,145,138,133,135,200,1,7,3,1650,1221,524534860,18808832,1692,2400,0,0,1476.46
524535737,962,574,-1,7706,274,145,146,133,135,199,1,7,3,1650,1221,524535787,18808832,1692,3322,0,0,1477.422
524536730,993,574,0,7706,271,145,138,133,137,199,1,7,3,1650,1222,524536790,18808832,1692,4327,0,0,1478.415
524537723,993,573,-1,7707,268,145,142,133,137,198,1,7,3,1650,1222,524537778,18808832,1692,5311,0,0,1479.408
524538780,1057,572,-1,7708,312,145,146,133,137,197,1,7,3,1650,1223,524538859,18808832,1692,6399,0,0,1480.465
524539726,946,572,0,7708,265,145,142,133,137,197,1,7,3,1650,1223,524539775,18808832,1692,7310,0,0,1481.411
524540851,1125,571,-1,7709,386,145,146,133,137,196,1,7,3,1650,1224,524540949,18808832,1692,8499,0,0,1482.536
524541727,876,571,0,7709,275,145,142,133,137,196,1,7,3,1650,1224,524541767,18808832,1692,9294,0,0,1483.412
524542720,993,570,-1,7710,266,145,142,133,137,195,1,7,3,1650,1224,524542775,18808832,1692,10309,0,0,1484.405
524543713,993,570,0,7710,248,144,142,133,137,195,1,7,3,1650,1225,524543750,18808832,1692,11275,0,0,1485.398
524544694,981,570,0,7710,235,144,134,133,137,195,1,7,3,1650,1225,524544733,18808832,1692,12261,0,0,1486.379
524545698,1004,569,-1,7711,234,144,142,133,137,194,1,7,3,1650,1226,524545734,18808832,1692,13259,0,0,1487.383
524546711,1013,569,0,7711,256,144,142,133,137,194,1,7,3,1650,1226,524546766,18808832,1692,14299,0,0,1488.396
524547706,995,568,-1,7712,248,144,142,133,137,193,1,7,3,1650,1227,524547746,18808832,1692,15272,0,0,1489.391
524548693,987,568,0,7712,236,144,142,133,137,193,1,7,3,1650,1227,524548733,18808832,1692,16261,0,0,1490.378
524549826,1133,567,-1,7713,361,144,146,133,137,192,1,7,3,1650,1227,524549936,18808832,1692,17508,0,0,1491.511
524550868,1042,567,0,7713,405,144,138,133,137,192,1,7,3,1650,1228,524551022,18808832,1692,18573,0,0,1492.553
524551825,957,566,-1,7714,373,143,138,133,137,192,1,7,3,1650,1228,524551905,18808832,1692,19457,0,0,1493.51
524552723,898,566,0,7714,260,143,134,133,135,192,1,7,3,1650,1229,524552778,18808832,1692,20312,0,0,1494.408
524553734,1011,565,-1,7715,270,143,138,133,135,191,1,7,3,1650,1229,524553788,18808832,1692,21321,0,0,1495.419
524554757,1023,565,0,7715,299,142,130,133,132,191,1,7,3,1650,1230,524554837,18808832,1692,22377,0,0,1496.442
524555752,995,565,0,7715,288,142,130,133,132,191,1,7,3,1650,1230,524555815,18808832,1692,23349,0,0,1497.437
524556726,974,564,-1,7716,273,142,134,133,132,190,1,7,3,1650,1230,524556784,18808832,1692,24321,0,0,1498.411
524557744,1018,564,0,7716,291,141,130,129,132,190,1,7,3,1650,1231,524557816,18808832,1692,25356,0,0,1499.429
524558780,1036,563,-1,7717,316,141,130,129,132,189,1,7,3,1650,1231,524558861,18808832,1692,26402,0,0,1500.465
524559718,938,562,-1,7718,265,140,134,129,132,188,1,7,3,1650,1232,524559771,18808832,1692,27303,0,0,1501.403
524560843,1125,561,-1,7719,387,140,134,129,132,187,1,7,3,1650,1232,524560942,18808832,1692,28489,0,0,1502.528
524561726,883,561,0,7719,273,140,127,129,132,187,1,7,3,1650,1233,524561769,18808832,1692,29294,0,0,1503.411
524562737,1011,561,0,7719,278,139,126,129,132,187,1,7,3,1650,1233,524562802,18808832,1692,30340,0,0,1504.422
524563711,974,560,-1,7720,243,139,127,129,132,186,1,7,3,1650,1233,524563749,18808832,1692,31274,0,0,1505.396
524564699,988,559,-1,7721,236,138,126,129,132,185,1,7,3,1650,1234,524564739,18808832,1692,32267,0,0,1506.384
524565687,988,559,0,7721,235,138,126,129,132,185,1,7,3,1650,1234,524565726,18808832,1692,33251,0,0,1507.372
524566730,1043,558,-1,7722,263,137,130,129,132,185,1,7,3,1650,1235,524566786,18808832,1692,34319,0,0,1508.415
524567704,974,557,-1,7723,243,137,134,129,132,184,1,7,3,1650,1235,524567743,18808832,1692,35269,0,0,1509.389
524568695,991,557,0,7723,238,137,126,129,132,184,1,7,3,1650,1236,524568735,18808832,1692,36262,0,0,1510.38
524569837,1142,556,-1,7724,366,137,130,129,132,183,1,7,3,1650,1236,524569954,18808832,1692,37526,0,0,1511.522
524570860,1023,555,-1,7725,396,136,130,129,132,182,1,7,3,1650,1237,524571029,18808832,1692,38581,0,0,1512.545
524571844,984,555,0,7725,377,136,130,129,132,182,1,7,3,1650,1237,524571933,18808832,1692,39483,0,0,1513.529
524572723,879,554,-1,7726,261,136,130,129,132,181,1,7,3,1650,1237,524572773,18808832,1692,40308,0,0,1514.408
524573732,1009,553,-1,7727,266,136,138,129,132,180,1,7,3,1650,1238,524573785,18808832,1692,41316,0,0,1515.417
524574755,1023,553,0,7727,288,136,138,129,132,180,1,7,3,1650,1238,524574833,18808832,1692,42373,0,0,1516.44
524575744,989,552,-1,7728,284,136,138,129,132,179,1,7,3,1650,1239,524575806,18808832,1692,43338,0,0,1517.429
524576735,991,552,0,7728,270,136,138,129,132,179,1,7,3,1650,1239,524576791,18808832,1692,44327,0,0,1518.42
524577726,991,551,-1,7729,269,136,138,129,132,178,1,7,3,1650,1239,524577784,18808832,1692,45318,0,0,1519.411
524578758,1032,551,0,7729,291,136,138,129,129,178,1,7,3,1650,1240,524578839,18808832,1692,46376,0,0,1520.443
524579744,986,550,-1,7730,283,137,142,129,129,178,1,7,3,1650,1240,524579805,18808832,1692,47340,0,0,1521.429
524580847,1103,549,-1,7731,375,137,142,129,129,177,1,7,3,1650,1241,524580939,18808832,1692,48485,0,0,1522.532
524581744,897,549,0,7731,288,137,142,129,129,177,1,7,3,1650,1241,524581792,18808832,1692,49321,0,0,1523.429
524582745,1001,549,0,7731,288,137,138,124,129,177,1,7,3,1650,1241,524582820,18808832,1852,1,0,0,1524.43
524583725,980,548,-1,7732,264,137,142,124,129,176,1,7,3,1650,1242,524583778,18808832,1852,421,0,0,1525.41
524584695,970,548,0,7732,241,137,134,124,129,176,1,7,3,1650,1242,524584736,18808832,1852,1377,0,0,1526.38
524585705,1010,547,-1,7733,238,137,142,124,129,175,1,7,3,1650,1243,524585744,18808832,1852,2383,0,0,1527.39
524586738,1033,547,0,7733,282,137,138,124,129,175,1,7,3,1650,1243,524586801,18808832,1852,3448,0,0,1528.423
524587708,970,546,-1,7734,244,137,142,124,129,174,1,7,3,1650,1243,524587748,18808832,1852,4388,0,0,1529.393
524588701,993,546,0,7734,237,138,142,124,129,174,1,7,3,1650,1244,524588741,18808832,1852,5381,0,0,1530.386
524589863,1162,545,-1,7735,387,138,138,124,129,173,1,7,3,1650,1244,524590009,18808832,1852,6699,0,0,1531.548
524590788,925,545,0,7735,336,137,134,124,129,173,1,7,3,1650,1245,524590952,18808832,1852,7625,0,0,1532.473
524591828,1040,545,0,7735,369,137,130,124,129,173,1,7,3,1650,1245,524591965,18808832,1852,8649,0,0,1533.513
524592740,912,544,-1,7736,278,137,138,124,129,172,1,7,3,1650,1246,524592791,18808832,1852,9430,0,0,1534.425
524593720,980,544,0,7736,265,137,130,124,129,172,1,7,3,1650,1246,524593775,18808832,1852,10419,0,0,1535.405
524594756,1036,543,-1,7737,302,137,130,124,129,171,1,7,3,1650,1246,524594833,18808832,1852,11490,0,0,1536.441
524595724,968,543,0,7737,268,136,130,124,129,171,1,7,3,1650,1247,524595790,18808832,1852,12437,0,0,1537.409
524596737,1013,542,-1,7738,280,136,130,124,129,171,1,7,3,1650,1247,524596794,18808832,1852,13443,0,0,1538.422
524597724,987,541,-1,7739,265,136,130,124,129,170,1,7,3,1650,1248,524597783,18808832,1852,14427,0,0,1539.409
524598763,1039,541,0,7739,297,136,130,124,129,170,1,7,3,1650,1248,524598832,18808832,1852,15483,0,0,1540.448
524599730,967,540,-1,7740,269,136,134,124,129,169,1,7,3,1650,1248,524599794,18808832,1852,16441,0,0,1541.415
524600766,1036,539,-1,7741,313,136,134,124,129,168,1,7,3,1650,1249,524600872,18808832,1852,17527,0,0,1542.451
524601762,996,539,0,7741,307,135,126,124,129,168,1,7,3,1650,1249,524601816,18808832,1852,18459,0,0,1543.447
524602734,972,538,-1,7742,273,135,130,124,129,167,1,7,3,1650,1250,524602799,18808832,1852,19448,0,0,1544.419
524603706,972,538,0,7742,249,135,126,124,129,167,1,7,3,1650,1250,524603746,18808832,1852,20385,0,0,1545.391
524604697,991,537,-1,7743,238,134,126,124,129,166,1,7,3,1650,1250,524604737,18808832,1852,21377,0,0,1546.382
524605694,997,536,-1,7744,237,134,134,124,129,165,1,7,3,1650,1251,524605735,18808832,1852,22374,0,0,1547.379
524606726,1032,536,0,7744,261,134,126,124,129,165,1,7,3,1650,1251,524606783,18808832,1852,23428,0,0,1548.411
524607727,1001,535,-1,7745,267,134,130,120,126,164,1,7,3,1650,1252,524607789,18808832,1852,24431,0,0,1549.412
524608705,978,534,-1,7746,242,134,134,120,126,163,1,7,3,1650,1252,524608746,18808832,1852,25387,0,0,1550.39
524609859,1154,534,0,7746,383,134,130,120,122,163,1,7,3,1650,1253,524610002,18808832,1852,26690,0,0,1551.544
524610786,927,533,-1,7747,323,134,134,120,122,163,1,7,3,1650,1253,524610955,18808832,1852,27629,0,0,1552.471
524611820,1034,533,0,7747,363,134,130,120,122,163,1,7,3,1650,1253,524611921,18808832,1852,28608,0,0,1553.505
524612734,914,532,-1,7748,276,134,134,120,124,162,1,7,3,1650,1254,524612790,18808832,1852,29433,0,0,1554.419
524613721,987,532,0,7748,269,134,134,120,124,162,1,7,3,1650,1254,524613780,18808832,1852,30429,0,0,1555.406
524614770,1049,531,-1,7749,302,134,138,120,124,161,1,7,3,1650,1255,524614846,18808832,1852,31498,0,0,1556.455
524615726,956,530,-1,7750,259,134,138,120,124,160,1,7,3,1650,1255,524615787,18808832,1852,32435,0,0,1557.411
524616740,1014,530,0,7750,273,134,138,120,124,160,1,7,3,1650,1255,524616796,18808832,1852,33446,0,0,1558.425
524617721,981,529,-1,7751,259,134,138,120,124,159,1,7,3,1650,1256,524617779,18808832,1852,34429,0,0,1559.406
524618761,1040,529,0,7751,300,134,138,120,124,159,1,7,3,1650,1256,524618829,18808832,1852,35478,0,0,1560.446
524619725,964,529,0,7751,265,134,134,120,124,159,1,7,3,1650,1257,524619788,18808832,1852,36436,0,0,1561.41
524620749,1024,528,-1,7752,288,134,134,120,124,158,1,7,3,1650,1257,524620888,18808832,1852,37559,0,0,1562.434
524621762,1013,528,0,7752,310,134,134,120,124,158,1,7,3,1650,1257,524621832,18808832,1852,38476,0,0,1563.447
524622748,986,527,-1,7753,281,135,138,120,124,157,1,7,3,1650,1258,524622808,18808832,1852,39455,0,0,1564.433
524623708,960,527,0,7753,242,134,134,120,124,157,1,7,3,1650,1258,524623748,18808832,1852,40389,0,0,1565.393
524624703,995,526,-1,7754,241,135,142,120,124,156,1,7,3,1650,1259,524624743,18808832,1852,41383,0,0,1566.388
524625695,992,526,0,7754,238,135,134,120,124,156,1,7,3,1650,1259,524625734,18808832,1852,42374,0,0,1567.38
524626720,1025,526,0,7754,266,135,134,120,124,156,1,7,3,1650,1259,524626776,18808832,1852,43420,0,0,1568.405
524627708,988,525,-1,7755,241,135,134,120,122,156,1,7,3,1650,1260,524627748,18808832,1852,44388,0,0,1569.393
524628700,992,525,0,7755,239,134,126,120,122,156,1,7,3,1650,1260,524628740,18808832,1852,45380,0,0,1570.385
524629818,1118,524,-1,7756,360,134,130,120,119,155,1,7,3,1650,1261,524629914,18808832,1852,46593,0,0,1571.503
524630910,1092,524,0,7756,443,134,121,120,119,155,1,7,3,1650,1261,524631058,18808832,1852,47721,0,0,1572.595
524631821,911,524,0,7756,362,133,122,120,119,155,1,7,3,1650,1261,524631887,18808832,1852,48543,0,0,1573.506
524632745,924,523,-1,7757,281,133,122,116,120,154,1,7,3,1650,1262,524632828,18808832,1852,49482,0,0,1574.43
524633734,989,523,0,7757,277,132,122,116,120,154,1,7,3,1650,1262,524633791,18808832,1949,1,0,0,1575.419
524634816,1082,522,-1,7758,307,132,122,116,120,153,1,7,3,1650,1263,524634900,18808832,1949,523,0,0,1576.501
524635734,918,522,0,7758,282,131,114,116,120,153,1,7,3,1650,1263,524635786,18808832,1949,1390,0,0,1577.419
524636726,992,521,-1,7759,267,131,122,116,120,152,1,7,3,1650,1263,524636788,18808832,1949,2398,0,0,1578.411
524637736,1010,521,0,7759,268,130,114,116,120,152,1,7,3,1650,1264,524637791,18808832,1949,3395,0,0,1579.421
524638771,1035,520,-1,7760,307,130,114,116,120,151,1,7,3,1650,1264,524638850,18808832,1949,4463,0,0,1580.456
524639728,957,520,0,7760,265,129,110,116,120,151,1,7,3,1650,1264,524639778,18808832,1949,5385,0,0,1581.413
524640852,1124,519,-1,7761,386,128,114,116,120,150,1,7,3,1650,1265,524640953,18808832,1949,6573,0,0,1582.537
524641746,894,519,0,7761,280,128,110,116,120,150,1,7,3,1650,1265,524641791,18808832,1949,7393,0,0,1583.431
524642727,981,518,-1,7762,272,127,118,116,120,149,1,7,3,1650,1266,524642784,18808832,1949,8392,0,0,1584.412
524643706,979,517,-1,7763,245,127,118,116,120,149,1,7,3,1650,1266,524643746,18808832,1949,9347,0,0,1585.391
524644696,990,517,0,7763,237,127,118,116,120,149,1,7,3,1650,1266,524644737,18808832,1949,10338,0,0,1586.381
524645690,994,516,-1,7764,238,126,118,116,120,148,1,7,3,1650,1267,524645730,18808832,1949,11330,0,0,1587.375
524646727,1037,516,0,7764,264,126,110,116,120,148,1,7,3,1650,1267,524646785,18808832,1949,12390,0,0,1588.412
524647706,979,515,-1,7765,244,125,118,116,120,147,1,7,3,1650,1267,524647748,18808832,1949,13349,0,0,1589.391
524648702,996,515,0,7765,238,125,110,116,120,147,1,7,3,1650,1268,524648742,18808832,1949,14342,0,0,1590.387
524649816,1114,514,-1,7766,343,125,122,116,120,146,1,7,3,1650,1268,524649917,18808832,1949,15556,0,0,1591.501
524650876,1060,513,-1,7767,419,124,122,116,120,145,1,7,3,1650,1269,524651028,18808832,1949,16653,0,0,1592.561
524651826,950,512,-1,7768,370,125,130,116,120,144,1,7,3,1650,1269,524651898,18808832,1949,17521,0,0,1593.511
524652726,900,512,0,7768,267,125,126,116,120,144,1,7,3,1650,1269,524652785,18808832,1949,18393,0,0,1594.411
524653732,1006,511,-1,7769,271,125,130,116,119,143,1,7,3,1650,1270,524653787,18808832,1949,19394,0,0,1595.417
524654739,1007,511,0,7769,287,125,122,116,119,143,1,7,3,1650,1270,524654819,18808832,1949,20433,0,0,1596.424
524655744,1005,511,0,7769,286,125,122,116,116,143,1,7,3,1650,1271,524655803,18808832,1949,21409,0,0,1597.429
524656729,985,510,-1,7770,273,125,130,116,116,142,1,7,3,1650,1271,524656789,18808832,1949,22399,0,0,1598.414
524657744,1015,510,0,7770,290,125,122,112,116,142,1,7,3,1650,1271,524657813,18808832,1949,23422,0,0,1599.429
524658769,1025,509,-1,7771,316,125,130,112,116,142,1,7,3,1650,1272,524658854,18808832,1949,24467,0,0,1600.454
524659728,959,509,0,7771,264,125,126,112,116,142,1,7,3,1650,1272,524659778,18808832,1949,25381,0,0,1601.413
524660863,1135,508,-1,7772,389,125,126,112,116,141,1,7,3,1650,1272,524660956,18808832,1949,26576,0,0,1602.548
524661729,866,508,0,7772,276,125,127,112,116,141,1,7,3,1650,1273,524661776,18808832,1949,27376,0,0,1603.414
524662741,1012,507,-1,7773,281,125,134,112,116,140,1,7,3,1650,1273,524662809,18808832,1949,28419,0,0,1604.426
524663713,972,507,0,7773,250,125,126,112,116,140,1,7,3,1650,1274,524663751,18808832,1949,29352,0,0,1605.398
524664699,986,507,0,7773,238,126,126,112,116,140,1,7,3,1650,1274,524664739,18808832,1949,30339,0,0,1606.384
524665702,1003,506,-1,7774,237,126,126,112,116,139,1,7,3,1650,1274,524665739,18808832,1949,31339,0,0,1607.387
524666726,1024,506,0,7774,268,125,122,112,116,139,1,7,3,1650,1275,524666786,18808832,1949,32394,0,0,1608.411
524667707,981,505,-1,7775,245,125,126,112,116,138,1,7,3,1650,1275,524667748,18808832,1949,33348,0,0,1609.392
524668697,990,505,0,7775,237,125,126,112,116,138,1,7,3,1650,1275,524668737,18808832,1949,34338,0,0,1610.382
524669831,1134,505,0,7775,352,125,122,112,116,138,1,7,3,1650,1276,524669946,18808832,1949,35590,0,0,1611.516
524670888,1057,504,-1,7776,418,125,122,112,116,137,1,7,3,1650,1276,524671044,18808832,1949,36669,0,0,1612.573
524671837,949,504,0,7776,367,125,122,112,116,137,1,7,3,1650,1277,524671921,18808832,1949,37543,0,0,1613.522
524672725,888,503,-1,7777,264,125,126,112,116,136,1,7,3,1650,1277,524672780,18808832,1949,38385,0,0,1614.41
524673735,1010,503,0,7777,271,125,114,112,116,136,1,7,3,1650,1277,524673792,18808832,1949,39398,0,0,1615.42
524674751,1016,503,0,7777,292,124,114,112,116,136,1,7,3,1650,1278,524674832,18808832,1949,40447,0,0,1616.436
524675746,995,502,-1,7778,283,124,114,112,116,135,1,7,3,1650,1278,524675809,18808832,1949,41416,0,0,1617.431
524676727,981,502,0,7778,272,123,114,112,116,135,1,7,3,1650,1278,524676787,18808832,1949,42399,0,0,1618.412
524677729,1002,501,-1,7779,271,123,114,112,116,134,1,7,3,1650,1279,524677788,18808832,1949,43397,0,0,1619.414
524678747,1018,501,0,7779,289,123,114,112,116,134,1,7,3,1650,1279,524678826,18808832,1949,44437,0,0,1620.432
524679736,989,500,-1,7780,284,122,118,112,116,134,1,7,3,1650,1279,524679799,18808832,1949,45409,0,0,1621.421
524680828,1092,500,0,7780,367,122,110,112,112,134,1,7,3,1650,1280,524680925,18808832,1949,46550,0,0,1622.513
524681749,921,499,-1,7781,283,122,111,112,112,133,1,7,3,1650,1280,524681795,18808832,1949,47396,0,0,1623.434
524682752,1003,499,0,7781,297,121,106,108,109,133,1,7,3,1650,1281,524682826,18808832,1949,48435,0,0,1624.437
524683701,949,498,-1,7782,248,121,110,108,109,132,1,7,3,1650,1281,524683744,18808832,1949,49344,0,0,1625.386
524684698,997,498,0,7782,237,120,102,108,109,132,1,7,3,1650,1281,524684738,18808832,2060,1,0,0,1626.383
524685716,1018,497,-1,7783,249,119,110,108,112,131,1,7,3,1650,1282,524685766,18808832,2060,508,0,0,1627.401
524686740,1024,497,0,7783,286,119,106,108,112,131,1,7,3,1650,1282,524686803,18808832,2060,1547,0,0,1628.425
524687707,967,496,-1,7784,241,119,110,108,112,130,1,7,3,1650,1282,524687748,18808832,2060,2485,0,0,1629.392
524688702,995,495,-1,7785,237,119,118,108,112,129,1,7,3,1650,1283,524688742,18808832,2060,3479,0,0,1630.387
524689859,1157,495,0,7785,392,118,113,108,112,129,1,7,3,1650,1283,524690012,18808832,2060,4800,0,0,1631.544
524690813,954,495,0,7785,350,118,110,108,112,129,1,7,3,1650,1284,524690986,18808832,2060,5755,0,0,1632.498
524691845,1032,494,-1,7786,377,118,113,108,112,128,1,7,3,1650,1284,524691973,18808832,2060,6748,0,0,1633.53
524692734,889,494,0,7786,273,118,110,108,112,128,1,7,3,1650,1284,524692783,18808832,2060,7521,0,0,1634.419
524693730,996,493,-1,7787,264,117,114,108,112,127,1,7,3,1650,1285,524693788,18808832,2060,8529,0,0,1635.415
524694764,1034,493,0,7787,299,117,114,108,112,127,1,7,3,1650,1285,524694842,18808832,2060,9588,0,0,1636.449
524695731,967,492,-1,7788,273,117,114,108,112,127,1,7,3,1650,1285,524695791,18808832,2060,10533,0,0,1637.416
524696723,992,491,-1,7789,270,117,118,108,112,126,1,7,3,1650,1286,524696783,18808832,2060,11530,0,0,1638.408
524697733,1010,491,0,7789,269,117,114,108,112,126,1,7,3,1650,1286,524697790,18808832,2060,12530,0,0,1639.418
524698754,1021,490,-1,7790,292,117,122,108,112,125,1,7,3,1650,1286,524698825,18808832,2060,13571,0,0,1640.439
524699727,973,490,0,7790,273,117,118,108,112,125,1,7,3,1650,1287,524699786,18808832,2060,14526,0,0,1641.412
524700776,1049,490,0,7790,311,117,118,108,112,125,1,7,3,1650,1287,524700875,18808832,2060,15633,0,0,1642.461
524701764,988,489,-1,7791,306,117,119,108,112,124,1,7,3,1650,1287,524701824,18808832,2060,16564,0,0,1643.449
524702730,966,489,0,7791,276,117,114,108,112,124,1,7,3,1650,1288,524702791,18808832,2060,17535,0,0,1644.415
524703708,978,488,-1,7792,248,117,118,108,112,123,1,7,3,1650,1288,524703748,18808832,2060,18485,0,0,1645.393
524704698,990,488,0,7792,237,117,118,108,112,123,1,7,3,1650,1288,524704738,18808832,2060,19475,0,0,1646.383
524705692,994,487,-1,7793,238,118,126,108,109,122,1,7,3,1650,1289,524705732,18808832,2060,20468,0,0,1647.377
524706718,1026,487,0,7793,261,118,118,108,109,122,1,7,3,1650,1289,524706775,18808832,2060,21517,0,0,1648.403
524707740,1022,487,0,7793,272,118,114,103,105,122,1,7,3,1650,1290,524707805,18808832,2060,22544,0,0,1649.425
524708703,963,487,0,7793,241,117,110,103,105,122,1,7,3,1650,1290,524708744,18808832,2060,23481,0,0,1650.388
524709840,1137,486,-1,7794,368,117,114,103,105,121,1,7,3,1650,1290,524709969,18808832,2060,24762,0,0,1651.525
524710793,953,485,-1,7795,333,117,118,103,108,120,1,7,3,1650,1291,524710960,18808832,2060,25738,0,0,1652.478
524711824,1031,485,0,7795,361,117,114,103,108,120,1,7,3,1650,1291,524711937,18808832,2060,26723,0,0,1653.509
524712745,921,485,0,7795,278,117,110,103,108,120,1,7,3,1650,1291,524712800,18808832,2060,27538,0,0,1654.43
524713720,975,485,0,7795,264,116,106,103,108,120,1,7,3,1650,1292,524713778,18808832,2060,28520,0,0,1655.405
524714773,1053,484,-1,7796,311,116,114,103,108,120,1,7,3,1650,1292,524714848,18808832,2060,29600,0,0,1656.458
524715713,940,484,0,7796,259,116,110,103,108,120,1,7,3,1650,1292,524715774,18808832,2060,30517,0,0,1657.398
524716748,1035,483,-1,7797,280,116,114,103,108,119,1,7,3,1650,1293,524716807,18808832,2060,31553,0,0,1658.433
524717724,976,483,0,7797,257,116,106,103,108,119,1,7,3,1650,1293,524717779,18808832,2060,32523,0,0,1659.409
524718762,1038,483,0,7797,303,115,97,103,108,119,1,7,3,1650,1293,524718833,18808832,2060,33579,0,0,1660.447
524719725,963,482,-1,7798,268,114,102,103,108,118,1,7,3,1650,1294,524719788,18808832,2060,34534,0,0,1661.41
524720743,1018,482,0,7798,290,114,103,103,108,118,1,7,3,1650,1294,524720895,18808832,2060,35654,0,0,1662.428
524721770,1027,481,-1,7799,304,114,110,103,108,117,1,7,3,1650,1294,524721836,18808832,2060,36577,0,0,1663.455
524722739,969,481,0,7799,286,113,106,103,108,117,1,7,3,1650,1295,524722801,18808832,2060,37546,0,0,1664.424
524723702,963,481,0,7799,242,113,102,103,108,117,1,7,3,1650,1295,524723742,18808832,2060,38478,0,0,1665.387
524724694,992,481,0,7799,237,112,95,103,108,117,1,7,3,1650,1295,524724734,18808832,2060,39471,0,0,1666.379
524725704,1010,480,-1,7800,238,112,103,103,108,116,1,7,3,1650,1296,524725744,18808832,2060,40481,0,0,1667.389
524726731,1027,479,-1,7801,268,111,98,103,108,115,1,7,3,1650,1296,524726789,18808832,2060,41530,0,0,1668.416
524727701,970,479,0,7801,241,111,95,103,108,115,1,7,3,1650,1296,524727741,18808832,2060,42478,0,0,1669.386
524728699,998,479,0,7801,238,110,95,103,105,115,1,7,3,1650,1297,524728739,18808832,2060,43475,0,0,1670.384
524729826,1127,478,-1,7802,357,109,97,103,105,114,1,7,3,1650,1297,524729926,18808832,2060,44701,0,0,1671.511
524730878,1052,477,-1,7803,416,109,105,103,101,113,1,7,3,1650,1298,524731043,18808832,2060,45804,0,0,1672.563
524731825,947,477,0,7803,372,109,97,103,101,113,1,7,3,1650,1298,524731897,18808832,2060,46658,0,0,1673.51
524732747,922,476,-1,7804,285,109,106,100,101,113,1,7,3,1650,1298,524732824,18808832,2060,47573,0,0,1674.432
524733738,991,476,0,7804,273,108,98,100,101,113,1,7,3,1650,1298,524733792,18808832,2060,48538,0,0,1675.423
524734762,1024,475,-1,7805,307,108,106,100,103,112,1,7,3,1650,1299,524734849,18808832,2060,49602,0,0,1676.447
524735731,969,475,0,7805,273,108,98,100,103,112,1,7,3,1650,1299,524735784,18808832,2268,1,0,0,1677.416
524736727,996,474,-1,7806,272,108,106,100,103,111,1,7,3,1650,1299,524736786,18808832,2268,460,0,0,1678.412
524737724,997,474,0,7806,270,108,102,100,103,111,1,7,3,1650,1300,524737779,18808832,2268,1453,0,0,1679.409
524738764,1040,473,-1,7807,306,108,114,100,103,110,1,7,3,1650,1300,524738855,18808832,2268,2536,0,0,1680.449
524739720,956,473,0,7807,263,108,110,100,103,110,1,7,3,1650,1300,524739773,18808832,2268,3445,0,0,1681.405
524740832,1112,472,-1,7808,378,108,106,100,103,109,1,7,3,1650,1301,524740928,18808832,2268,4614,0,0,1682.517
524741751,919,472,0,7808,289,108,103,100,103,109,1,7,3,1650,1301,524741803,18808832,2268,5473,0,0,1683.436
524742733,982,472,0,7808,277,107,103,100,103,109,1,7,3,1650,1301,524742794,18808832,2268,6469,0,0,1684.418
524743709,976,471,-1,7809,243,108,110,100,103,108,1,7,3,1650,1302,524743749,18808832,2268,7417,0,0,1685.394
524744702,993,470,-1,7810,239,108,118,100,103,107,1,7,3,1650,1302,524744742,18808832,2268,8409,0,0,1686.387
524745694,992,470,0,7810,237,108,111,100,103,107,1,7,3,1650,1302,524745734,18808832,2268,9400,0,0,1687.379
524746731,1037,469,-1,7811,264,108,118,100,103,106,1,7,3,1650,1303,524746787,18808832,2268,10458,0,0,1688.416
524747707,976,469,0,7811,243,109,110,100,103,106,1,7,3,1650,1303,524747748,18808832,2268,11415,0,0,1689.392
524748700,993,468,-1,7812,239,109,118,100,103,105,1,7,3,1650,1303,524748740,18808832,2268,12407,0,0,1690.385
524749819,1119,468,0,7812,355,109,114,100,103,105,1,7,3,1650,1304,524749921,18808832,2268,13624,0,0,1691.504
524750883,1064,468,0,7812,422,109,113,100,103,105,1,7,3,1650,1304,524751042,18808832,2268,14731,0,0,1692.568
524751837,954,467,-1,7813,368,109,114,100,103,105,1,7,3,1650,1304,524751925,18808832,2268,15617,0,0,1693.522
524752714,877,467,0,7813,261,109,110,100,101,105,1,7,3,1650,1305,524752767,18808832,2268,16441,0,0,1694.399
524753722,1008,467,0,7813,270,110,114,100,101,105,1,7,3,1650,1305,524753775,18808832,2268,17446,0,0,1695.407
524754744,1022,467,0,7813,286,110,114,100,101,105,1,7,3,1650,1305,524754816,18808832,2268,18496,0,0,1696.429
524755737,993,466,-1,7814,283,110,114,100,97,104,1,7,3,1650,1306,524755797,18808832,2268,19467,0,0,1697.422
524756736,999,466,0,7814,272,110,106,100,97,104,1,7,3,1650,1306,524756790,18808832,2268,20465,0,0,1698.421
524757759,1023,465,-1,7815,293,110,114,95,97,103,1,7,3,1650,1306,524757835,18808832,2268,21513,0,0,1699.444
524758779,1020,465,0,7815,318,110,114,95,99,103,1,7,3,1650,1307,524758865,18808832,2268,22545,0,0,1700.464
524759724,945,465,0,7815,267,110,110,95,99,103,1,7,3,1650,1307,524759777,18808832,2268,23448,0,0,1701.409
524760863,1139,464,-1,7816,391,110,110,95,99,102,1,7,3,1650,1307,524760966,18808832,2268,24653,0,0,1702.548
524761738,875,464,0,7816,279,110,103,95,99,102,1,7,3,1650,1308,524761780,18808832,2268,25446,0,0,1703.423
524762751,1013,463,-1,7817,288,110,106,95,99,101,1,7,3,1650,1308,524762820,18808832,2268,26493,0,0,1704.436
524763708,957,463,0,7817,245,109,103,95,99,101,1,7,3,1650,1308,524763748,18808832,2268,27414,0,0,1705.393
524764697,989,463,0,7817,237,109,103,95,99,101,1,7,3,1650,1309,524764737,18808832,2268,28404,0,0,1706.382
524765703,1006,462,-1,7818,238,109,103,95,99,100,1,7,3,1650,1309,524765743,18808832,2268,29409,0,0,1707.388
524766727,1024,462,0,7818,263,108,98,95,99,100,1,7,3,1650,1309,524766784,18808832,2268,30455,0,0,1708.412
524767704,977,462,0,7818,245,108,95,95,99,100,1,7,3,1650,1309,524767745,18808832,2268,31412,0,0,1709.389
524768699,995,461,-1,7819,237,108,102,95,99,99,1,7,3,1650,1310,524768739,18808832,2268,32406,0,0,1710.384
524769842,1143,461,0,7819,355,107,97,95,99,99,1,7,3,1650,1310,524769967,18808832,2268,33684,0,0,1711.527
524770866,1024,461,0,7819,403,107,89,95,99,99,1,7,3,1650,1311,524771034,18808832,2268,34725,0,0,1712.551
524771831,965,460,-1,7820,366,106,97,95,99,98,1,7,3,1650,1311,524771907,18808832,2268,35599,0,0,1713.516
524772719,888,460,0,7820,267,106,95,95,99,98,1,7,3,1650,1311,524772771,18808832,2268,36442,0,0,1714.404
524773735,1016,460,0,7820,268,105,89,95,99,98,1,7,3,1650,1311,524773789,18808832,2268,37463,0,0,1715.42
524774743,1008,459,-1,7821,290,105,89,95,99,98,1,7,3,1650,1312,524774827,18808832,2268,38507,0,0,1716.428
524775754,1011,459,0,7821,287,104,89,95,99,98,1,7,3,1650,1312,524775818,18808832,2268,39493,0,0,1717.439
524776736,982,458,-1,7822,271,103,90,95,99,97,1,7,3,1650,1312,524776792,18808832,2268,40468,0,0,1718.421
524777732,996,458,0,7822,270,103,89,95,97,97,1,7,3,1650,1313,524777793,18808832,2268,41468,0,0,1719.417
524778741,1009,457,-1,7823,289,102,89,95,97,96,1,7,3,1650,1313,524778824,18808832,2268,42502,0,0,1720.426
524779751,1010,457,0,7823,283,102,86,95,97,96,1,7,3,1650,1313,524779809,18808832,2268,43483,0,0,1721.436
524780813,1062,456,-1,7824,360,101,95,95,93,95,1,7,3,1650,1314,524780913,18808832,2268,44599,0,0,1722.498
524781750,937,456,0,7824,286,101,95,95,93,95,1,7,3,1650,1314,524781795,18808832,2268,45463,0,0,1723.435
524782744,994,455,-1,7825,292,101,98,91,93,94,1,7,3,1650,1314,524782820,18808832,2268,46495,0,0,1724.429
524783712,968,455,0,7825,249,101,95,91,95,94,1,7,3,1650,1315,524783752,18808832,2268,47419,0,0,1725.397
524784703,991,454,-1,7826,238,101,102,91,95,93,1,7,3,1650,1315,524784743,18808832,2268,48409,0,0,1726.388
524785694,991,454,0,7826,237,101,103,91,95,93,1,7,3,1650,1315,524785734,18808832,2268,49400,0,0,1727.379
524786737,1043,453,-1,7827,275,101,106,91,95,92,1,7,3,1650,1315,524786805,18808832,2562,1,0,0,1728.422
524787730,993,453,0,7827,264,101,102,91,95,92,1,7,3,1650,1316,524787781,18808832,2562,437,0,0,1729.415
524788705,975,453,0,7827,239,101,95,91,95,92,1,7,3,1650,1316,524788746,18808832,2562,1403,0,0,1730.39
524789866,1161,452,-1,7828,392,101,105,91,95,91,1,7,3,1650,1316,524790027,18808832,2562,2738,0,0,1731.551
524790789,923,452,0,7828,332,101,102,91,95,91,1,7,3,1650,1317,524790936,18808832,2562,3618,0,0,1732.474
524791812,1023,451,-1,7829,358,101,106,91,95,91,1,7,3,1650,1317,524791942,18808832,2562,4646,0,0,1733.497
524792725,913,451,0,7829,273,101,102,91,95,91,1,7,3,1650,1317,524792775,18808832,2562,5430,0,0,1734.41
524793724,999,450,-1,7830,270,102,106,91,95,90,1,7,3,1650,1318,524793783,18808832,2562,6442,0,0,1735.409
524794769,1045,450,0,7830,302,102,106,91,95,90,1,7,3,1650,1318,524794842,18808832,2562,7512,0,0,1736.454
524795734,965,450,0,7830,268,102,98,91,95,90,1,7,3,1650,1318,524795795,18808832,2562,8456,0,0,1737.419
524796732,998,449,-1,7831,277,102,106,91,95,89,1,7,3,1650,1319,524796793,18808832,2562,9459,0,0,1738.417
524797725,993,448,-1,7832,259,102,114,91,95,88,1,7,3,1650,1319,524797782,18808832,2562,10440,0,0,1739.41
524798758,1033,448,0,7832,297,102,106,91,95,88,1,7,3,1650,1319,524798826,18808832,2562,11492,0,0,1740.443
524799725,967,448,0,7832,267,102,102,91,95,88,1,7,3,1650,1319,524799788,18808832,2562,12450,0,0,1741.41
524800769,1044,448,0,7832,302,102,103,91,95,88,1,7,3,1650,1320,524800876,18808832,2562,13549,0,0,1742.454
524801760,991,447,-1,7833,303,103,111,91,95,87,1,7,3,1650,1320,524801820,18808832,2562,14481,0,0,1743.445
524802745,985,447,0,7833,278,103,106,91,95,87,1,7,3,1650,1320,524802808,18808832,2562,15473,0,0,1744.43
524803701,956,447,0,7833,247,103,102,91,95,87,1,7,3,1650,1321,524803742,18808832,2562,16397,0,0,1745.386
524804694,993,446,-1,7834,237,103,110,91,95,86,1,7,3,1650,1321,524804735,18808832,2562,17391,0,0,1746.379
524805699,1005,446,0,7834,237,103,103,91,95,86,1,7,3,1650,1321,524805740,18808832,2562,18395,0,0,1747.384
524806732,1033,446,0,7834,265,103,102,91,93,86,1,7,3,1650,1322,524806787,18808832,2562,19448,0,0,1748.417
524807726,994,446,0,7834,261,103,95,87,93,86,1,7,3,1650,1322,524807787,18808832,2562,20445,0,0,1749.411
524808705,979,445,-1,7835,245,103,102,87,93,85,1,7,3,1650,1322,524808748,18808832,2562,21406,0,0,1750.39
524809853,1148,445,0,7835,389,102,97,87,89,85,1,7,3,1650,1323,524809989,18808832,2562,22693,0,0,1751.538
524810779,926,444,-1,7836,323,102,102,87,89,84,1,7,3,1650,1323,524810949,18808832,2562,23641,0,0,1752.464
524811805,1026,444,0,7836,353,102,97,87,89,84,1,7,3,1650,1323,524811909,18808832,2562,24605,0,0,1753.49
524812743,938,444,0,7836,280,102,95,87,89,84,1,7,3,1650,1323,524812797,18808832,2562,25455,0,0,1754.428
524813722,979,444,0,7836,266,101,89,87,91,84,1,7,3,1650,1324,524813781,18808832,2562,26446,0,0,1755.407
524814760,1038,443,-1,7837,303,101,89,87,91,83,1,7,3,1650,1324,524814837,18808832,2562,27506,0,0,1756.445
524815736,976,443,0,7837,270,101,89,87,91,83,1,7,3,1650,1324,524815801,18808832,2562,28466,0,0,1757.421
524816725,989,442,-1,7838,272,100,94,87,91,83,1,7,3,1650,1325,524816787,18808832,2562,29452,0,0,1758.41
524817726,1001,442,0,7838,262,100,87,87,91,83,1,7,3,1650,1325,524817787,18808832,2562,30450,0,0,1759.411
524818755,1029,442,0,7838,297,99,89,87,91,83,1,7,3,1650,1325,524818822,18808832,2562,31487,0,0,1760.44
524819729,974,441,-1,7839,273,99,94,87,91,82,1,7,3,1650,1325,524819797,18808832,2562,32461,0,0,1761.414
524820749,1020,441,0,7839,287,99,87,87,91,82,1,7,3,1650,1326,524820898,18808832,2562,33575,0,0,1762.434
524821752,1003,441,0,7839,300,98,87,87,91,82,1,7,3,1650,1326,524821808,18808832,2562,34467,0,0,1763.437
524822748,996,440,-1,7840,283,98,89,87,91,81,1,7,3,1650,1326,524822813,18808832,2562,35477,0,0,1764.433
524823702,954,440,0,7840,243,97,87,87,91,81,1,7,3,1650,1327,524823742,18808832,2562,36399,0,0,1765.387
524824698,996,440,0,7840,239,97,79,87,91,81,1,7,3,1650,1327,524824737,18808832,2562,37393,0,0,1766.383
524825702,1004,439,-1,7841,238,96,87,87,91,80,1,7,3,1650,1327,524825741,18808832,2562,38396,0,0,1767.387
524826726,1024,439,0,7841,263,96,87,87,91,80,1,7,3,1650,1327,524826783,18808832,2562,39443,0,0,1768.411
524827705,979,439,0,7841,243,95,79,87,89,80,1,7,3,1650,1328,524827747,18808832,2562,40403,0,0,1769.39
524828698,993,438,-1,7842,238,95,79,87,89,79,1,7,3,1650,1328,524828738,18808832,2562,41394,0,0,1770.383
524829831,1133,438,0,7842,360,94,81,87,89,79,1,7,3,1650,1328,524829935,18808832,2562,42632,0,0,1771.516
524830886,1055,437,-1,7843,418,94,89,87,84,78,1,7,3,1650,1329,524831047,18808832,2562,43726,0,0,1772.571
524831837,951,437,0,7843,369,93,81,87,84,78,1,7,3,1650,1329,524831911,18808832,2562,44588,0,0,1773.522
524832747,910,437,0,7843,285,93,81,83,84,78,1,7,3,1650,1329,524832831,18808832,2562,45500,0,0,1774.432
524833737,990,436,-1,7844,275,93,89,83,84,77,1,7,3,1650,1329,524833791,18808832,2562,46453,0,0,1775.422
524834761,1024,436,0,7844,307,92,81,83,87,77,1,7,3,1650,1330,524834843,18808832,2562,47514,0,0,1776.446
524835742,981,435,-1,7845,285,92,89,83,87,76,1,7,3,1650,1330,524835791,18808832,2562,48449,0,0,1777.427
524836736,994,435,0,7845,269,92,90,83,87,76,1,7,3,1650,1330,524836796,18808832,2562,49461,0,0,1778.421
524837735,999,434,-1,7846,273,92,98,83,87,76,1,7,3,1650,1331,524837791,18808832,2832,2,0,0,1779.42
524838795,1060,434,0,7846,307,92,89,83,87,76,1,7,3,1650,1331,524838873,18808832,2832,496,0,0,1780.48
524839735,940,434,0,7846,274,92,87,83,87,76,1,7,3,1650,1331,524839787,18808832,2832,1401,0,0,1781.42
524840835,1100,433,-1,7847,369,92,89,83,87,75,1,7,3,1650,1331,524840931,18808832,2832,2562,0,0,1782.52
524841746,911,433,0,7847,284,92,87,83,87,75,1,7,3,1650,1332,524841797,18808832,2832,3410,0,0,1783.431
524842746,1000,432,-1,7848,278,92,98,83,87,74,1,7,3,1650,1332,524842804,18808832,2832,4420,0,0,1784.431
524843695,949,432,0,7848,243,92,95,83,87,74,1,7,3,1650,1332,524843736,18808832,2832,5347,0,0,1785.38
524844703,1008,432,0,7848,238,92,95,83,87,74,1,7,3,1650,1332,524844743,18808832,2832,6353,0,0,1786.388
524845699,996,432,0,7848,238,92,87,83,87,74,1,7,3,1650,1333,524845739,18808832,2832,7349,0,0,1787.384
524846733,1034,431,-1,7849,265,92,89,83,87,73,1,7,3,1650,1333,524846788,18808832,2832,8403,0,0,1788.418
524847700,967,430,-1,7850,243,92,95,83,87,72,1,7,3,1650,1333,524847743,18808832,2832,9355,0,0,1789.385
524848697,997,430,0,7850,238,92,95,83,87,72,1,7,3,1650,1334,524848736,18808832,2832,10347,0,0,1790.382
524849819,1122,430,0,7850,356,92,89,83,87,72,1,7,3,1650,1334,524849923,18808832,2832,11574,0,0,1791.504
524850885,1066,429,-1,7851,425,92,97,83,87,71,1,7,3,1650,1334,524851026,18808832,2832,12658,0,0,1792.57
524851833,948,429,0,7851,363,92,97,83,87,71,1,7,3,1650,1334,524851912,18808832,2832,13550,0,0,1793.518
524852725,892,429,0,7851,263,92,95,83,84,71,1,7,3,1650,1335,524852781,18808832,2832,14397,0,0,1794.41
524853725,1000,428,-1,7852,271,93,98,83,84,70,1,7,3,1650,1335,524853780,18808832,2832,15396,0,0,1795.41
524854746,1021,428,0,7852,288,93,98,83,84,70,1,7,3,1650,1335,524854822,18808832,2832,16445,0,0,1796.431
524855738,992,428,0,7852,284,93,89,83,79,70,1,7,3,1650,1336,524855804,18808832,2832,17422,0,0,1797.423
524856723,985,427,-1,7853,270,93,94,83,79,69,1,7,3,1650,1336,524856781,18808832,2832,18400,0,0,1798.408
524857755,1032,427,0,7853,283,93,97,78,79,69,1,7,3,1650,1336,524857832,18808832,2832,19452,0,0,1799.44
524858779,1024,427,0,7853,314,93,89,78,79,69,1,7,3,1650,1336,524858861,18808832,2832,20486,0,0,1800.464
524859718,939,427,0,7853,264,93,87,78,83,69,1,7,3,1650,1337,524859767,18808832,2832,21379,0,0,1801.403
524860845,1127,426,-1,7854,387,93,94,78,83,69,1,7,3,1650,1337,524860940,18808832,2832,22571,0,0,1802.53
524861721,876,426,0,7854,268,92,87,78,83,69,1,7,3,1650,1337,524861761,18808832,2832,23370,0,0,1803.406
524862744,1023,425,-1,7855,282,93,95,78,83,68,1,7,3,1650,1337,524862806,18808832,2832,24425,0,0,1804.429
524863698,954,425,0,7855,240,93,95,78,83,68,1,7,3,1650,1338,524863734,18808832,2832,25342,0,0,1805.383
524864695,997,425,0,7855,236,92,87,78,83,68,1,7,3,1650,1338,524864734,18808832,2832,26344,0,0,1806.38
524865698,1003,425,0,7855,234,92,87,78,83,68,1,7,3,1650,1338,524865734,18808832,2832,27342,0,0,1807.383
524866735,1037,425,0,7855,269,92,79,78,83,68,1,7,3,1650,1338,524866795,18808832,2832,28412,0,0,1808.42
524867704,969,424,-1,7856,240,91,87,78,83,67,1,7,3,1650,1339,524867743,18808832,2832,29352,0,0,1809.389
524868692,988,424,0,7856,235,91,79,78,83,67,1,7,3,1650,1339,524868733,18808832,2832,30343,0,0,1810.377
524869833,1141,424,0,7856,372,91,81,78,83,67,1,7,3,1650,1339,524869947,18808832,2832,31604,0,0,1811.518
524870862,1029,424,0,7856,396,90,73,78,83,67,1,7,3,1650,1340,524871036,18808832,2832,32670,0,0,1812.547
524871832,970,423,-1,7857,368,89,81,78,83,66,1,7,3,1650,1340,524871913,18808832,2832,33545,0,0,1813.517
524872731,899,423,0,7857,269,89,79,78,83,66,1,7,3,1650,1340,524872785,18808832,2832,34402,0,0,1814.416
524873724,993,423,0,7857,267,88,73,78,83,66,1,7,3,1650,1340,524873778,18808832,2832,35394,0,0,1815.409
524874743,1019,422,-1,7858,287,88,81,78,83,65,1,7,3,1650,1341,524874820,18808832,2832,36444,0,0,1816.428
524875736,993,422,0,7858,283,88,81,78,83,65,1,7,3,1650,1341,524875796,18808832,2832,37412,0,0,1817.421
524876728,992,422,0,7858,273,88,79,78,83,65,1,7,3,1650,1341,524876784,18808832,2832,38405,0,0,1818.413
524877732,1004,421,-1,7859,272,87,73,78,83,64,1,7,3,1650,1341,524877790,18808832,2832,39407,0,0,1819.417
524878745,1013,421,0,7859,280,86,73,78,79,64,1,7,3,1650,1342,524878814,18808832,2832,40433,0,0,1820.43
524879738,993,421,0,7859,277,86,71,78,79,64,1,7,3,1650,1342,524879798,18808832,2832,41416,0,0,1821.423
524880834,1096,420,-1,7860,366,86,79,78,79,63,1,7,3,1650,1342,524880922,18808832,2832,42553,0,0,1822.519
524881742,908,420,0,7860,286,85,71,78,79,63,1,7,3,1650,1342,524881787,18808832,2832,43398,0,0,1823.427
524882741,999,420,0,7860,288,85,73,74,78,63,1,7,3,1650,1343,524882817,18808832,2832,44440,0,0,1824.426
524883709,968,419,-1,7861,252,84,79,74,78,62,1,7,3,1650,1343,524883750,18808832,2832,45360,0,0,1825.394
524884703,994,419,0,7861,238,84,71,74,78,62,1,7,3,1650,1343,524884743,18808832,2832,46354,0,0,1826.388
524885699,996,419,0,7861,238,83,71,74,78,62,1,7,3,1650,1343,524885739,18808832,2832,47350,0,0,1827.384
524886732,1033,419,0,7861,276,83,65,74,74,62,1,7,3,1650,1344,524886794,18808832,2832,48414,0,0,1828.417
524887704,972,418,-1,7862,250,82,71,74,74,62,1,7,3,1650,1344,524887745,18808832,2832,49356,0,0,1829.389
524888702,998,418,0,7862,238,82,71,74,78,62,1,7,3,1650,1344,524888742,18808832,3000,4,0,0,1830.387
524889976,1274,417,-1,7863,404,82,81,74,78,61,1,7,3,1650,1344,524890110,18808832,3000,696,0,0,1831.661
524890761,785,417,0,7863,305,82,79,74,78,61,1,7,3,1650,1345,524890882,18808832,3000,1459,0,0,1832.446
524891808,1047,417,0,7863,355,81,73,74,78,61,1,7,3,1650,1345,524891933,18808832,3000,2541,0,0,1833.493
524892737,929,416,-1,7864,275,81,79,74,78,60,1,7,3,1650,1345,524892785,18808832,3000,3348,0,0,1834.422
524893731,994,416,0,7864,268,81,73,74,78,60,1,7,3,1650,1345,524893785,18808832,3000,4358,0,0,1835.416
524894756,1025,416,0,7864,298,80,73,74,78,60,1,7,3,1650,1346,524894823,18808832,3000,5395,0,0,1836.441
524895738,982,416,0,7864,272,80,73,74,78,60,1,7,3,1650,1346,524895798,18808832,3000,6366,0,0,1837.423
524896735,997,415,-1,7865,276,80,81,74,78,59,1,7,3,1650,1346,524896793,18808832,3000,7365,0,0,1838.42
524897719,984,415,0,7865,263,80,73,74,78,59,1,7,3,1650,1346,524897775,18808832,3000,8343,0,0,1839.404
524898755,1036,414,-1,7866,297,80,81,74,78,58,1,7,3,1650,1347,524898819,18808832,3000,9391,0,0,1840.44
524899738,983,414,0,7866,271,80,79,74,78,58,1,7,3,1650,1347,524899799,18808832,3000,10366,0,0,1841.423
524900773,1035,414,0,7866,306,80,79,74,78,58,1,7,3,1650,1347,524900887,18808832,3000,11470,0,0,1842.458
524901758,985,413,-1,7867,303,80,87,74,78,57,1,7,3,1650,1347,524901819,18808832,3000,12386,0,0,1843.443
524902743,985,413,0,7867,285,80,81,74,74,57,1,7,3,1650,1348,524902802,18808832,3000,13372,0,0,1844.428
524903710,967,412,-1,7868,247,80,87,74,74,56,1,7,3,1650,1348,524903750,18808832,3000,14313,0,0,1845.395
524904704,994,412,0,7868,237,81,87,74,74,56,1,7,3,1650,1348,524904744,18808832,3000,15307,0,0,1846.389
524905700,996,412,0,7868,238,81,79,74,74,56,1,7,3,1650,1348,524905740,18808832,3000,16302,0,0,1847.385
524906719,1019,412,0,7868,263,81,79,74,74,56,1,7,3,1650,1349,524906775,18808832,3000,17343,0,0,1848.404
524907735,1016,411,-1,7869,270,81,81,70,74,55,1,7,3,1650,1349,524907791,18808832,3000,18355,0,0,1849.42
524908707,972,411,0,7869,242,81,79,70,74,55,1,7,3,1650,1349,524908752,18808832,3000,19316,0,0,1850.392
524909849,1142,411,0,7869,376,81,81,70,74,55,1,7,3,1650,1349,524909989,18808832,3000,20602,0,0,1851.534
524910792,943,410,-1,7870,329,81,86,70,74,54,1,7,3,1650,1350,524910947,18808832,3000,21543,0,0,1852.477
524911816,1024,410,0,7870,359,81,81,70,74,54,1,7,3,1650,1350,524911915,18808832,3000,22529,0,0,1853.501
524912741,925,409,-1,7871,278,81,90,70,74,54,1,7,3,1650,1350,524912798,18808832,3000,23363,0,0,1854.426
524913732,991,409,0,7871,265,81,81,70,74,54,1,7,3,1650,1350,524913787,18808832,3000,24357,0,0,1855.417
524914780,1048,409,0,7871,309,81,81,70,69,54,1,7,3,1650,1350,524914856,18808832,3000,25433,0,0,1856.465
524915728,948,409,0,7871,261,81,81,70,69,54,1,7,3,1650,1351,524915784,18808832,3000,26354,0,0,1857.413
524916732,1004,408,-1,7872,273,81,90,70,69,53,1,7,3,1650,1351,524916789,18808832,3000,27359,0,0,1858.417
524917715,983,408,0,7872,261,81,81,70,69,53,1,7,3,1650,1351,524917774,18808832,3000,28346,0,0,1859.4
524918758,1043,408,0,7872,306,81,81,70,70,53,1,7,3,1650,1351,524918828,18808832,3000,29399,0,0,1860.443
524919732,974,407,-1,7873,266,82,87,70,70,52,1,7,3,1650,1352,524919790,18808832,3000,30361,0,0,1861.417
524920760,1028,407,0,7873,293,82,79,70,70,52,1,7,3,1650,1352,524920902,18808832,3000,31481,0,0,1862.445
524921765,1005,407,0,7873,307,81,79,70,70,52,1,7,3,1650,1352,524921822,18808832,3000,32390,0,0,1863.45
524922735,970,407,0,7873,280,81,79,70,70,52,1,7,3,1650,1352,524922797,18808832,3000,33367,0,0,1864.42
524923711,976,406,-1,7874,244,81,79,70,70,51,1,7,3,1650,1353,524923751,18808832,3000,34314,0,0,1865.396
524924702,991,406,0,7874,238,81,79,70,70,51,1,7,3,1650,1353,524924742,18808832,3000,35305,0,0,1866.387
524925700,998,406,0,7874,242,81,79,70,70,51,1,7,3,1650,1353,524925740,18808832,3000,36303,0,0,1867.385
524926727,1027,405,-1,7875,265,81,87,70,70,50,1,7,3,1650,1353,524926782,18808832,3000,37350,0,0,1868.412
524927705,978,405,0,7875,244,81,79,70,70,50,1,7,3,1650,1354,524927747,18808832,3000,38310,0,0,1869.39
524928697,992,405,0,7875,237,81,79,70,70,50,1,7,3,1650,1354,524928737,18808832,3000,39300,0,0,1870.382
524929819,1122,405,0,7875,359,81,73,70,70,50,1,7,3,1650,1354,524929916,18808832,3000,40522,0,0,1871.504
524930897,1078,404,-1,7876,438,81,81,70,70,49,1,7,3,1650,1354,524931019,18808832,3000,41621,0,0,1872.582
524931821,924,404,0,7876,355,80,73,70,70,49,1,7,3,1650,1355,524931884,18808832,3000,42460,0,0,1873.506
524932725,904,404,0,7876,273,80,71,66,70,49,1,7,3,1650,1355,524932799,18808832,3000,43375,0,0,1874.41
524933753,1028,404,0,7876,290,80,65,66,70,49,1,7,3,1650,1355,524933806,18808832,3000,44373,0,0,1875.438
524934766,1013,403,-1,7877,305,79,73,66,69,48,1,7,3,1650,1355,524934849,18808832,3000,45438,0,0,1876.451
524935744,978,403,0,7877,281,79,73,66,69,48,1,7,3,1650,1355,524935797,18808832,3000,46365,0,0,1877.429
524936732,988,403,0,7877,271,79,73,66,69,48,1,7,3,1650,1356,524936799,18808832,3000,47371,0,0,1878.417
524937720,988,403,0,7877,267,79,71,66,69,48,1,7,3,1650,1356,524937780,18808832,3000,48349,0,0,1879.405
524938767,1047,403,0,7877,300,78,65,66,63,48,1,7,3,1650,1356,524938839,18808832,3000,49414,0,0,1880.452
524939726,959,402,-1,7878,269,78,71,66,63,47,1,7,3,1650,1356,524939777,18808832,3208,1,0,0,1881.411
524940843,1117,402,0,7878,371,77,65,66,63,47,1,7,3,1650,1357,524940942,18808832,3208,641,0,0,1882.528
524941730,887,402,0,7878,277,77,63,66,63,47,1,7,3,1650,1357,524941770,18808832,3208,1448,0,0,1883.415
524942732,1002,402,0,7878,273,76,63,66,66,47,1,7,3,1650,1357,524942804,18808832,3208,2489,0,0,1884.417
524943708,976,402,0,7878,244,75,55,66,66,47,1,7,3,1650,1357,524943749,18808832,3208,3424,0,0,1885.393
524944698,990,401,-1,7879,236,75,63,66,66,47,1,7,3,1650,1357,524944738,18808832,3208,4416,0,0,1886.383
524945691,993,401,0,7879,235,74,63,66,66,47,1,7,3,1650,1358,524945729,18808832,3208,5404,0,0,1887.376
524946727,1036,401,0,7879,260,74,63,66,66,47,1,7,3,1650,1358,524946783,18808832,3208,6466,0,0,1888.412
524947697,970,401,0,7879,244,73,55,66,66,47,1,7,3,1650,1358,524947736,18808832,3208,7412,0,0,1889.382
524948700,1003,400,-1,7880,236,73,63,66,66,46,1,7,3,1650,1358,524948740,18808832,3208,8418,0,0,1890.385
524949833,1133,400,0,7880,379,72,57,66,66,46,1,7,3,1650,1359,524949944,18808832,3208,9668,0,0,1891.518
524950847,1014,400,0,7880,381,71,57,66,66,46,1,7,3,1650,1359,524951032,18808832,3208,10738,0,0,1892.532
524951837,990,399,-1,7881,380,71,65,66,66,45,1,7,3,1650,1359,524951938,18808832,3208,11645,0,0,1893.522
524952726,889,399,0,7881,262,71,63,66,66,45,1,7,3,1650,1359,524952778,18808832,3208,12460,0,0,1894.411
524953723,997,399,0,7881,258,70,57,66,66,45,1,7,3,1650,1359,524953774,18808832,3208,13456,0,0,1895.408
524954749,1026,399,0,7881,283,70,57,66,66,45,1,7,3,1650,1360,524954817,18808832,3208,14505,0,0,1896.434
524955723,974,398,-1,7882,269,70,65,66,66,44,1,7,3,1650,1360,524955781,18808832,3208,15463,0,0,1897.408
524956723,1000,398,0,7882,267,69,63,66,66,44,1,7,3,1650,1360,524956777,18808832,3208,16463,0,0,1898.408
524957734,1011,398,0,7882,281,69,57,62,66,44,1,7,3,1650,1360,524957803,18808832,3208,17489,0,0,1899.419
524958779,1045,397,-1,7883,314,69,65,62,63,43,1,7,3,1650,1361,524958881,18808832,3208,18584,0,0,1900.464
524959722,943,397,0,7883,261,69,63,62,63,43,1,7,3,1650,1361,524959771,18808832,3208,19452,0,0,1901.407
524960819,1097,397,0,7883,355,68,63,62,63,43,1,7,3,1650,1361,524960912,18808832,3208,20607,0,0,1902.504
524961760,941,396,-1,7884,296,68,63,62,63,42,1,7,3,1650,1361,524961803,18808832,3208,21482,0,0,1903.445
524962738,978,396,0,7884,277,68,65,62,56,42,1,7,3,1650,1361,524962805,18808832,3208,22490,0,0,1904.423
524963704,966,396,0,7884,251,68,63,62,56,42,1,7,3,1650,1362,524963744,18808832,3208,23421,0,0,1905.389
524964694,990,396,0,7884,238,68,63,62,56,42,1,7,3,1650,1362,524964734,18808832,3208,24412,0,0,1906.379
524965698,1004,396,0,7884,238,67,55,62,56,42,1,7,3,1650,1362,524965738,18808832,3208,25416,0,0,1907.383
524966718,1020,395,-1,7885,263,67,63,62,62,41,1,7,3,1650,1362,524966778,18808832,3208,26462,0,0,1908.403
524967704,986,395,0,7885,249,67,63,62,62,41,1,7,3,1650,1362,524967746,18808832,3208,27424,0,0,1909.389
524968703,999,394,-1,7886,238,67,71,62,62,40,1,7,3,1650,1363,524968743,18808832,3208,28420,0,0,1910.388
524969819,1116,394,0,7886,358,67,65,62,62,40,1,7,3,1650,1363,524969913,18808832,3208,29636,0,0,1911.504
524970908,1089,394,0,7886,433,67,65,62,62,40,1,7,3,1650,1363,524971028,18808832,3208,30744,0,0,1912.593
524971821,913,394,0,7886,351,67,65,62,62,40,1,7,3,1650,1363,524971884,18808832,3208,31575,0,0,1913.506
524972727,906,393,-1,7887,260,67,71,62,62,40,1,7,3,1650,1363,524972786,18808832,3208,32469,0,0,1914.412
524973732,1005,393,0,7887,274,67,73,62,62,40,1,7,3,1650,1364,524973781,18808832,3208,33464,0,0,1915.417
524974746,1014,392,-1,7888,284,67,73,62,62,39,1,7,3,1650,1364,524974821,18808832,3208,34512,0,0,1916.431
524975741,995,392,0,7888,279,68,73,62,62,39,1,7,3,1650,1364,524975791,18808832,3208,35474,0,0,1917.426
524976724,983,392,0,7888,271,68,71,62,62,39,1,7,3,1650,1364,524976785,18808832,3208,36474,0,0,1918.409
524977735,1011,391,-1,7889,270,68,81,62,62,38,1,7,3,1650,1365,524977789,18808832,3208,37471,0,0,1919.42
524978747,1012,391,0,7889,284,68,73,62,62,38,1,7,3,1650,1365,524978818,18808832,3208,38506,0,0,1920.432
524979734,987,391,0,7889,282,69,71,62,62,38,1,7,3,1650,1365,524979788,18808832,3208,39468,0,0,1921.419
524980860,1126,391,0,7889,376,69,73,62,62,38,1,7,3,1650,1365,524980961,18808832,3208,40660,0,0,1922.545
524981726,866,390,-1,7890,268,69,79,62,62,37,1,7,3,1650,1365,524981766,18808832,3208,41444,0,0,1923.411
524982752,1026,390,0,7890,288,69,73,57,62,37,1,7,3,1650,1366,524982826,18808832,3208,42512,0,0,1924.437
524983701,949,390,0,7890,246,69,71,57,62,37,1,7,3,1650,1366,524983744,18808832,3208,43422,0,0,1925.386
524984699,998,390,0,7890,238,69,71,57,62,37,1,7,3,1650,1366,524984738,18808832,3208,44416,0,0,1926.384
524985708,1009,390,0,7890,242,69,71,57,62,37,1,7,3,1650,1366,524985749,18808832,3208,45426,0,0,1927.393
524986743,1035,389,-1,7891,276,70,73,57,56,36,1,7,3,1650,1366,524986809,18808832,3208,46493,0,0,1928.428
524987711,968,389,0,7891,246,70,71,57,56,36,1,7,3,1650,1366,524987751,18808832,3208,47428,0,0,1929.396
524988704,993,389,0,7891,237,70,71,57,56,36,1,7,3,1650,1367,524988745,18808832,3208,48422,0,0,1930.389
524989844,1140,388,-1,7892,378,70,73,57,56,35,1,7,3,1650,1367,524989967,18808832,3208,49690,0,0,1931.529
524990866,1022,388,0,7892,397,70,73,57,56,35,1,7,3,1650,1367,524991052,18808832,4246,2,0,0,1932.551
524992200,1334,388,0,7892,390,70,64,57,56,35,1,7,3,1650,1367,524992288,18808832,4246,617,0,0,1933.885
524992709,509,388,0,7892,246,70,63,57,56,35,1,7,3,1650,1367,524992751,18808832,4246,1070,0,0,1934.394
524993725,1016,388,0,7892,266,69,65,57,56,35,1,7,3,1650,1368,524993772,18808832,4246,2095,0,0,1935.41
524994752,1027,387,-1,7893,293,70,73,57,57,34,1,7,3,1650,1368,524994828,18808832,4246,3163,0,0,1936.437
524995741,989,387,0,7893,277,70,73,57,57,34,1,7,3,1650,1368,524995792,18808832,4246,4112,0,0,1937.426
524996724,983,387,0,7893,269,69,65,57,57,34,1,7,3,1650,1368,524996785,18808832,4246,5113,0,0,1938.409
524997735,1011,387,0,7893,275,69,65,57,57,34,1,7,3,1650,1368,524997787,18808832,4246,6110,0,0,1939.42
524998744,1009,386,-1,7894,291,69,65,57,57,33,1,7,3,1650,1369,524998822,18808832,4246,7151,0,0,1940.429
524999729,985,386,0,7894,269,69,63,57,57,33,1,7,3,1650,1369,524999782,18808832,4246,8106,0,0,1941.414
525000822,1093,386,0,7894,353,69,63,57,57,33,1,7,3,1650,1369,525000919,18808832,4246,9259,0,0,1942.507
525001759,937,386,0,7894,295,68,63,57,57,33,1,7,3,1650,1369,525001808,18808832,4246,10128,0,0,1943.444
525002739,980,385,-1,7895,278,68,65,57,57,33,1,7,3,1650,1369,525002809,18808832,4246,11136,0,0,1944.424
525003709,970,385,0,7895,243,68,63,57,57,33,1,7,3,1650,1370,525003749,18808832,4246,12067,0,0,1945.394
525004696,987,385,0,7895,238,68,63,57,57,33,1,7,3,1650,1370,525004736,18808832,4246,13055,0,0,1946.381
525005700,1004,385,0,7895,238,67,55,57,57,33,1,7,3,1650,1370,525005740,18808832,4246,14059,0,0,1947.385
525006723,1023,385,0,7895,264,67,55,57,57,33,1,7,3,1650,1370,525006779,18808832,4246,15102,0,0,1948.408
525007720,997,384,-1,7896,264,67,63,53,57,32,1,7,3,1650,1370,525007772,18808832,4246,16091,0,0,1949.405
525008711,991,384,0,7896,248,66,55,53,57,32,1,7,3,1650,1371,525008757,18808832,4246,17076,0,0,1950.396
525009840,1129,384,0,7896,380,66,57,53,57,32,1,7,3,1650,1371,525009964,18808832,4246,18328,0,0,1951.525
525010776,936,384,0,7896,322,66,55,53,56,32,1,7,3,1650,1371,525010919,18808832,4246,19272,0,0,1952.461
525011820,1044,383,-1,7897,361,65,57,53,56,31,1,7,3,1650,1371,525011934,18808832,4246,20301,0,0,1953.505
525012737,917,383,0,7897,279,65,55,53,56,31,1,7,3,1650,1371,525012791,18808832,4246,21113,0,0,1954.422
525013721,984,383,0,7897,266,64,57,53,56,31,1,7,3,1650,1371,525013777,18808832,4246,22101,0,0,1955.406
525014763,1042,383,0,7897,306,64,57,53,49,31,1,7,3,1650,1372,525014833,18808832,4246,23162,0,0,1956.448
525015729,966,383,0,7897,265,64,57,53,49,31,1,7,3,1650,1372,525015786,18808832,4246,24113,0,0,1957.414
525016737,1008,383,0,7897,273,64,55,53,49,31,1,7,3,1650,1372,525016795,18808832,4246,25126,0,0,1958.422
525017728,991,382,-1,7898,263,63,57,53,49,30,1,7,3,1650,1372,525017784,18808832,4246,26110,0,0,1959.413
525018747,1019,382,0,7898,291,63,57,53,49,30,1,7,3,1650,1372,525018814,18808832,4246,27140,0,0,1960.432
525019739,992,382,0,7898,274,63,55,53,49,30,1,7,3,1650,1373,525019797,18808832,4246,28122,0,0,1961.424
525020745,1006,382,0,7898,290,62,47,53,49,30,1,7,3,1650,1373,525020885,18808832,4246,29220,0,0,1962.43
525021763,1018,382,0,7898,301,62,47,53,49,30,1,7,3,1650,1373,525021819,18808832,4246,30142,0,0,1963.448
525022748,985,381,-1,7899,290,61,57,53,53,29,1,7,3,1650,1373,525022814,18808832,4246,31141,0,0,1964.433
525023707,959,381,0,7899,243,61,55,53,53,29,1,7,3,1650,1373,525023747,18808832,4246,32066,0,0,1965.392
525024699,992,381,0,7899,238,61,55,53,53,29,1,7,3,1650,1373,525024739,18808832,4246,33058,0,0,1966.384
525025694,995,381,0,7899,238,60,47,53,53,29,1,7,3,1650,1374,525025733,18808832,4246,34051,0,0,1967.379
525026732,1038,380,-1,7900,265,60,57,53,53,28,1,7,3,1650,1374,525026788,18808832,4246,35113,0,0,1968.417
525027705,973,380,0,7900,244,60,55,53,53,28,1,7,3,1650,1374,525027746,18808832,4246,36064,0,0,1969.39
525028702,997,380,0,7900,238,60,55,53,53,28,1,7,3,1650,1374,525028742,18808832,4246,37061,0,0,1970.387
525029830,1128,380,0,7900,364,59,49,53,53,28,1,7,3,1650,1374,525029940,18808832,4246,38304,0,0,1971.515
525030902,1072,379,-1,7901,430,59,57,53,53,27,1,7,3,1650,1375,525031033,18808832,4246,39374,0,0,1972.587
525031818,916,379,0,7901,363,59,57,53,53,27,1,7,3,1650,1375,525031884,18808832,4246,40224,0,0,1973.503
525032748,930,379,0,7901,283,59,49,49,53,27,1,7,3,1650,1375,525032825,18808832,4246,41158,0,0,1974.433
525033739,991,379,0,7901,279,58,49,49,53,27,1,7,3,1650,1375,525033792,18808832,4246,42116,0,0,1975.424
525034762,1023,378,-1,7902,305,58,57,49,49,26,1,7,3,1650,1375,525034841,18808832,4246,43176,0,0,1976.447
525035733,971,378,0,7902,279,58,57,49,49,26,1,7,3,1650,1375,525035788,18808832,4246,44112,0,0,1977.418
525036724,991,378,0,7902,269,58,57,49,49,26,1,7,3,1650,1376,525036781,18808832,4246,45107,0,0,1978.409
525037731,1007,378,0,7902,267,58,49,49,49,26,1,7,3,1650,1376,525037786,18808832,4246,46113,0,0,1979.416
525038763,1032,377,-1,7903,299,58,57,49,49,25,1,7,3,1650,1376,525038831,18808832,4246,47163,0,0,1980.448
525039736,973,377,0,7903,275,58,55,49,49,25,1,7,3,1650,1376,525039790,18808832,4246,48113,0,0,1981.421
525040841,1105,377,0,7903,380,58,57,49,49,25,1,7,3,1650,1376,525040936,18808832,4246,49275,0,0,1982.526
525041736,895,377,0,7903,273,58,55,49,49,25,1,7,3,1650,1376,525041778,18808832,4246,0,0,0,1983.421
525042727,991,376,-1,7904,271,57,55,49,49,25,1,7,3,1650,1377,525042779,18808832,4246,443,0,0,1984.412
525043700,973,376,0,7904,239,57,55,49,49,25,1,7,3,1650,1377,525043738,18808832,4246,1396,0,0,1985.385
525044698,998,376,0,7904,235,57,55,49,49,25,1,7,3,1650,1377,525044736,18808832,4246,2396,0,0,1986.383
525045704,1006,376,0,7904,240,57,55,49,49,25,1,7,3,1650,1377,525045740,18808832,4246,3398,0,0,1987.389
525046726,1022,376,0,7904,271,57,55,49,49,25,1,7,3,1650,1377,525046776,18808832,4246,4440,0,0,1988.411
525047700,974,376,0,7904,238,57,55,49,49,25,1,7,3,1650,1377,525047739,18808832,4246,5397,0,0,1989.385
525048692,992,376,0,7904,240,57,47,49,49,25,1,7,3,1650,1378,525048730,18808832,4246,6389,0,0,1990.377
525049837,1145,375,-1,7905,364,57,57,49,49,24,1,7,3,1650,1378,525049954,18808832,4246,7656,0,0,1991.522
525050871,1034,375,0,7905,406,57,57,49,49,24,1,7,3,1650,1378,525051035,18808832,4246,8719,0,0,1992.556
525051832,961,375,0,7905,374,57,57,49,49,24,1,7,3,1650,1378,525051914,18808832,4246,9596,0,0,1993.517
525052725,893,374,-1,7906,263,57,63,49,49,23,1,7,3,1650,1378,525052779,18808832,4246,10443,0,0,1994.41
525053728,1003,374,0,7906,263,57,57,49,49,23,1,7,3,1650,1378,525053780,18808832,4246,11445,0,0,1995.413
525054739,1011,374,0,7906,277,57,57,49,49,23,1,7,3,1650,1379,525054806,18808832,4246,12476,0,0,1996.424
525055731,992,373,-1,7907,276,57,65,49,49,22,1,7,3,1650,1379,525055785,18808832,4246,13447,0,0,1997.416
525056724,993,373,0,7907,269,57,63,49,49,22,1,7,3,1650,1379,525056783,18808832,4246,14451,0,0,1998.409
525057750,1026,373,0,7907,291,57,57,49,49,22,1,7,4,1100,1379,525057818,18153472,4489,2,0,0,1999.435
525058813,1063,372,-1,7908,299,58,65,49,49,21,1,7,4,1100,1379,525058892,18153472,4489,519,0,0,2000.498
525059739,926,371,-1,7909,282,58,71,49,49,20,1,7,4,1100,1379,525059797,18153472,4489,1395,0,0,2001.424
525060817,1078,370,-1,7910,359,59,79,49,49,19,1,7,4,1100,1380,525060910,18153472,4489,2521,0,0,2002.502
525061756,939,370,0,7910,292,60,71,49,49,19,1,7,4,1100,1380,525061805,18153472,4489,3401,0,0,2003.441
525062735,979,370,0,7910,282,60,71,49,40,19,1,7,4,1100,1380,525062794,18153472,4489,4392,0,0,2004.42
525063707,972,369,-1,7911,246,61,79,49,40,18,1,7,4,1100,1380,525063748,18153472,4489,5343,0,0,2005.392
525064697,990,368,-1,7912,239,62,87,49,40,18,1,7,4,1100,1380,525064737,18153472,4489,6331,0,0,2006.382
525065695,998,367,-1,7913,238,63,87,49,40,17,1,7,4,1100,1380,525065735,18153472,4489,7328,0,0,2007.38
525066718,1023,367,0,7913,263,64,87,49,40,17,1,7,4,1100,1380,525066772,18153472,4489,8370,0,0,2008.403
525067704,986,366,-1,7914,243,65,95,49,40,16,1,7,4,1100,1381,525067747,18153472,4489,9341,0,0,2009.389
525068702,998,365,-1,7915,238,66,102,49,40,15,1,7,4,1100,1381,525068742,18153472,4489,10336,0,0,2010.387
525069840,1138,365,0,7915,365,68,97,49,40,15,1,7,4,1100,1381,525069943,18153472,4489,11561,0,0,2011.525
525070855,1015,364,-1,7916,402,69,106,49,40,14,1,7,4,1100,1381,525070958,18153472,4489,12597,0,0,2012.54
525071793,938,364,0,7916,341,71,106,49,40,14,1,7,4,1100,1381,525071862,18153472,4489,13467,0,0,2013.478
525072720,927,363,-1,7917,264,72,110,49,40,13,1,7,4,1100,1381,525072777,18153472,4489,14376,0,0,2014.405
525073725,1005,363,0,7917,270,73,106,49,40,13,1,7,4,1100,1382,525073780,18153472,4489,15381,0,0,2015.41
525074759,1034,362,-1,7918,294,75,114,49,28,12,1,7,4,1100,1382,525074849,18153472,4489,16459,0,0,2016.444
525075736,977,362,0,7918,282,76,114,49,28,12,1,7,4,1100,1382,525075786,18153472,4489,17381,0,0,2017.421
525076729,993,362,0,7918,266,78,114,49,28,12,1,7,4,1100,1382,525076784,18153472,4489,18387,0,0,2018.414
525077732,1003,362,0,7918,270,79,114,49,28,12,1,7,4,1100,1382,525077786,18153472,4489,19383,0,0,2019.417
525078748,1016,362,0,7918,288,81,114,49,28,12,1,7,4,1100,1382,525078818,18153472,4489,20422,0,0,2020.433
525079724,976,363,1,7917,267,82,102,49,28,13,1,7,4,1100,1382,525079779,18153472,4489,21375,0,0,2021.409
525080816,1092,363,0,7917,359,82,95,49,28,13,1,7,4,1100,1383,525080919,18153472,4489,22533,0,0,2022.501
525081719,903,362,-1,7918,262,83,103,49,28,12,1,7,4,1100,1383,525081761,18153472,4489,23355,0,0,2023.404
525082744,1025,362,0,7918,276,83,98,49,28,12,1,7,4,1100,1383,525082807,18153472,4489,24410,0,0,2024.429
525083701,957,362,0,7918,242,84,95,49,28,12,1,7,4,1100,1383,525083744,18153472,4489,25338,0,0,2025.386
525084705,1004,362,0,7918,239,84,95,49,28,12,1,7,4,1100,1383,525084745,18153472,4489,26339,0,0,2026.39
525085705,1000,362,0,7918,238,85,95,49,28,12,1,7,4,1100,1383,525085745,18153472,4489,27339,0,0,2027.39
525086715,1010,361,-1,7919,263,85,95,49,28,11,1,7,4,1100,1384,525086772,18153472,4489,28369,0,0,2028.4
525087698,983,361,0,7919,242,85,95,49,28,11,1,7,4,1100,1384,525087738,18153472,4489,29333,0,0,2029.383
525088698,1000,361,0,7919,238,86,95,49,28,11,1,7,4,1100,1384,525088737,18153472,4489,30331,0,0,2030.383
525089826,1128,361,0,7919,356,86,81,49,28,11,1,7,4,1100,1384,525089935,18153472,4489,31571,0,0,2031.511
525090900,1074,361,0,7919,430,85,73,49,28,11,1,7,4,1100,1384,525091024,18153472,4489,32644,0,0,2032.585
525091818,918,361,0,7919,356,85,73,49,28,11,1,7,4,1100,1384,525091884,18153472,4489,33499,0,0,2033.503
525092714,896,361,0,7919,258,84,71,49,28,11,1,7,4,1100,1384,525092774,18153472,4489,34373,0,0,2034.399
525093723,1009,361,0,7919,271,83,65,49,28,11,1,7,4,1100,1384,525093777,18153472,4489,35377,0,0,2035.408
525094736,1013,360,-1,7920,278,83,65,49,0,11,1,7,4,1100,1385,525094806,18153472,4489,36405,0,0,2036.421
525095745,1009,360,0,7920,282,82,57,49,0,11,1,7,4,1100,1385,525095801,18153472,4489,37403,0,0,2037.43
525096715,970,360,0,7920,260,81,55,49,0,11,1,7,4,1100,1385,525096773,18153472,4489,38372,0,0,2038.4
525097736,1021,360,0,7920,272,79,49,49,0,11,1,7,4,1100,1385,525097788,18153472,4489,39388,0,0,2039.421
525098723,987,360,0,7920,266,78,41,49,0,11,1,7,4,1100,1385,525098788,18153472,4489,40391,0,0,2040.408
525099721,998,360,0,7920,268,76,39,49,0,11,1,7,4,1100,1385,525099773,18153472,4489,41371,0,0,2041.406
525100809,1088,360,0,7920,342,75,39,49,0,11,1,7,4,1100,1385,525100910,18153472,4489,42526,0,0,2042.494
525101730,921,360,0,7920,277,73,32,49,0,11,1,7,4,1100,1385,525101774,18153472,4489,43368,0,0,2043.415
525102703,973,360,0,7920,248,72,32,49,0,11,1,7,4,1100,1385,525102743,18153472,4489,44337,0,0,2044.388
525103699,996,359,-1,7921,238,70,32,49,0,10,1,7,4,1100,1385,525103739,18153472,4489,45333,0,0,2045.384
525104692,993,359,0,7921,237,69,32,49,0,10,1,7,4,1100,1385,525104732,18153472,4489,46326,0,0,2046.377
525105705,1013,359,0,7921,237,67,24,49,0,10,1,7,4,1100,1386,525105745,18153472,4489,47338,0,0,2047.39
525106702,997,359,0,7921,238,65,24,49,0,10,1,7,4,1100,1386,525106742,18153472,4489,48335,0,0,2048.387
525107704,1002,359,0,7921,239,63,24,49,0,10,1,7,4,1100,1386,525107747,18153472,4489,49341,0,0,2049.389
525108704,1000,359,0,7921,241,62,24,49,0,10,1,7,4,1100,1386,525108745,18153472,8493,4,0,0,2050.389
525109946,1242,359,0,7921,330,60,32,49,0,10,1,7,4,1100,1386,525110032,18153472,8493,604,0,0,2051.631
525110871,925,359,0,7921,399,59,32,49,0,10,1,7,4,1100,1386,525110971,18153472,8493,1560,0,0,2052.556
525111802,931,359,0,7921,336,58,24,49,0,10,1,7,4,1100,1386,525111862,18153472,8493,2431,0,0,2053.487
525112733,931,359,0,7921,269,57,24,49,0,10,1,7,4,1100,1386,525112791,18153472,8493,3356,0,0,2054.418
525113732,999,359,0,7921,275,56,24,49,0,0,1,8,4,1100,1386,525113792,18153472,8493,4362,0,0,2055.417
525114739,1007,358,-1,7922,271,55,33,49,0,0,1,8,4,1100,1386,525114799,18153472,8493,5365,0,0,2056.424
525115716,977,358,0,7922,260,54,33,49,0,0,1,8,4,1100,1386,525115768,18153472,8493,6333,0,0,2057.401
525116718,1002,358,0,7922,257,53,24,49,0,0,1,8,4,1100,1386,525116774,18153472,8493,7340,0,0,2058.403
525117716,998,358,0,7922,260,52,24,49,0,0,1,8,4,1100,1386,525117769,18153472,8493,8332,0,0,2059.401
525118727,1011,358,0,7922,265,51,24,49,0,0,1,8,4,1100,1386,525118781,18153472,8493,9347,0,0,2060.412
525119719,992,358,0,7922,261,49,24,49,0,0,1,8,4,1100,1386,525119772,18153472,8493,10335,0,0,2061.404
525120828,1109,358,0,7922,362,48,24,49,0,0,1,8,4,1100,1386,525120922,18153472,8493,11498,0,0,2062.513
525121709,881,358,0,7922,246,48,24,49,0,0,1,8,4,1100,1386,525121743,18153472,8493,12302,0,0,2063.394
525122690,981,358,0,7922,238,47,24,49,0,0,1,8,4,1100,1386,525122727,18153472,8493,13287,0,0,2064.375
525123702,1012,358,0,7922,234,46,24,49,0,0,1,8,4,1100,1386,525123736,18153472,8493,14294,0,0,2065.387
525124688,986,358,0,7922,234,45,24,49,0,0,1,8,4,1100,1386,525124726,18153472,8493,15285,0,0,2066.373
525125699,1011,358,0,7922,235,44,16,49,0,0,1,8,4,1100,1386,525125733,18153472,8493,16291,0,0,2067.384
525126693,994,358,0,7922,237,43,16,49,0,0,1,8,4,1100,1386,525126730,18153472,8493,17288,0,0,2068.378
525127688,995,358,0,7922,235,42,16,49,0,0,1,8,4,1100,1386,525127722,18153472,8493,18281,0,0,2069.373
525128690,1002,358,0,7922,235,41,16,49,0,0,1,8,4,1100,1386,525128727,18153472,8493,19285,0,0,2070.375
525129795,1105,358,0,7922,339,39,16,49,0,0,1,8,4,1100,1386,525129877,18153472,8493,20461,0,0,2071.48
525130903,1108,358,0,7922,440,38,16,49,0,0,1,8,4,1100,1386,525131053,18153472,8493,21641,0,0,2072.588
525131760,857,358,0,7922,299,38,16,49,0,0,1,8,4,1100,1386,525131821,18153472,8493,22386,0,0,2073.445
525132721,961,358,0,7922,259,37,16,49,0,0,1,8,4,1100,1386,525132777,18153472,8493,23343,0,0,2074.406
525133707,986,358,0,7922,252,36,8,49,0,0,1,8,4,1100,1386,525133753,18153472,8493,24319,0,0,2075.392
525134724,1017,358,0,7922,258,35,8,49,0,0,1,8,4,1100,1386,525134779,18153472,8493,25348,0,0,2076.409
525135718,994,358,0,7922,258,34,8,49,0,0,1,8,4,1100,1386,525135766,18153472,8493,26331,0,0,2077.403
525136712,994,358,0,7922,248,33,8,49,0,0,1,8,4,1100,1386,525136762,18153472,8493,27326,0,0,2078.397
525137722,1010,358,0,7922,256,32,8,49,0,0,1,8,4,1100,1386,525137770,18153472,8493,28334,0,0,2079.407
525138726,1004,358,0,7922,258,31,8,49,0,0,1,8,4,1100,1386,525138783,18153472,8493,29352,0,0,2080.411
525139708,982,358,0,7922,255,30,8,49,0,0,1,8,4,1100,1386,525139756,18153472,8493,30322,0,0,2081.393
525140759,1051,358,0,7922,305,29,8,49,0,0,1,8,4,1100,1386,525140845,18153472,8493,31423,0,0,2082.444
525141702,943,358,0,7922,248,28,8,49,0,0,1,8,4,1100,1386,525141745,18153472,8493,32304,0,0,2083.387
525142700,998,358,0,7922,242,27,8,49,0,0,1,8,4,1100,1386,525142738,18153472,8493,33296,0,0,2084.385
525143698,998,358,0,7922,237,27,8,49,0,0,1,8,4,1100,1386,525143736,18153472,8493,34295,0,0,2085.383
525144695,997,357,-1,7923,237,26,16,49,0,0,1,8,4,1100,1386,525144732,18153472,8493,35291,0,0,2086.38
525145692,997,358,1,7922,237,25,0,49,0,0,1,8,4,1100,1386,525145730,18153472,8493,36289,0,0,2087.377
525146691,999,358,0,7922,237,24,0,49,0,0,1,8,4,1100,1386,525146729,18153472,8493,37287,0,0,2088.376
525147706,1015,358,0,7922,239,23,0,49,0,0,1,8,4,1100,1386,525147743,18153472,8493,38302,0,0,2089.391
525148702,996,358,0,7922,237,22,0,49,0,0,1,8,4,1100,1386,525148740,18153472,8493,39299,0,0,2090.387
525149802,1100,358,0,7922,344,21,0,49,0,0,1,8,4,1100,1386,525149887,18153472,8493,40477,0,0,2091.487
525150872,1070,358,0,7922,416,20,0,49,0,0,1,8,4,1100,1386,525151046,18153472,8493,41631,0,0,2092.557
525151773,901,358,0,7922,316,20,0,49,0,0,1,8,4,1100,1386,525151836,18153472,8493,42400,0,0,2093.458
525152711,938,358,0,7922,257,19,0,49,0,0,1,8,4,1100,1386,525152764,18153472,8493,43333,0,0,2094.396
525153721,1010,358,0,7922,256,18,0,49,0,0,1,8,4,1100,1386,525153770,18153472,8493,44333,0,0,2095.406
525154722,1001,358,0,7922,260,18,0,49,0,0,1,8,4,1100,1386,525154774,18153472,8493,45342,0,0,2096.407
525155714,992,358,0,7922,259,17,0,49,0,0,1,8,4,1100,1386,525155764,18153472,8493,46326,0,0,2097.399
525156715,1001,358,0,7922,253,16,0,49,0,0,1,8,4,1100,1386,525156768,18153472,8493,47336,0,0,2098.4
525157730,1015,358,0,7922,261,16,0,49,0,0,1,8,4,1100,1386,525157779,18153472,8493,48342,0,0,2099.415
525158713,983,358,0,7922,260,15,0,49,0,0,1,8,4,1100,1386,525158768,18153472,8493,49334,0,0,2100.398
525159713,1000,358,0,7922,260,14,0,49,0,0,1,8,4,1100,1386,525159763,18153472,8493,1,0,0,2101.398
525160793,1080,358,0,7922,313,14,0,49,0,0,1,8,4,1100,1386,525160883,18153472,8493,544,0,0,2102.478
525161696,903,358,0,7922,241,13,0,49,0,0,1,8,4,1100,1386,525161730,18153472,8493,1364,0,0,2103.381
525162704,1008,358,0,7922,243,13,0,49,0,0,1,8,4,1100,1386,525162744,18153472,8493,2378,0,0,2104.389
525163704,1000,358,0,7922,236,12,0,49,0,0,1,8,4,1100,1386,525163740,18153472,8493,3374,0,0,2105.389
525164701,997,358,0,7922,237,12,0,49,0,0,1,8,4,1100,1386,525164739,18153472,8493,4374,0,0,2106.386
525165700,999,358,0,7922,236,11,0,49,0,0,1,8,4,1100,1386,525165736,18153472,8493,5370,0,0,2107.385
525166704,1004,358,0,7922,237,11,0,49,0,0,1,8,4,1100,1386,525166743,18153472,8493,6377,0,0,2108.389
525167702,998,358,0,7922,236,10,0,49,0,0,1,8,4,1100,1386,525167738,18153472,8493,7373,0,0,2109.387
525168700,998,358,0,7922,237,10,0,49,0,0,1,8,4,1100,1386,525168738,18153472,8493,8372,0,0,2110.385
525169805,1105,358,0,7922,330,10,0,49,0,0,1,8,4,1100,1386,525169893,18153472,8493,9559,0,0,2111.49
525170903,1098,358,0,7922,434,9,0,49,0,0,1,8,4,1100,1386,525171072,18153472,8493,10732,0,0,2112.588
525171764,861,358,0,7922,312,9,0,49,0,0,1,8,4,1100,1386,525171827,18153472,8493,11466,0,0,2113.449
525172717,953,358,0,7922,257,9,0,49,0,0,1,8,4,1100,1386,525172770,18153472,8493,12412,0,0,2114.402
525173708,991,358,0,7922,256,8,0,49,0,0,1,8,4,1100,1386,525173755,18153472,8493,13395,0,0,2115.393
525174722,1014,358,0,7922,261,8,-8,49,0,0,1,8,4,1100,1386,525174777,18153472,8493,14419,0,0,2116.407
525175719,997,358,0,7922,260,7,0,49,0,0,1,8,4,1100,1386,525175767,18153472,8493,15406,0,0,2117.404
525176718,999,358,0,7922,250,7,0,49,0,0,1,8,4,1100,1386,525176769,18153472,8493,16413,0,0,2118.403
525177726,1008,358,0,7922,258,7,0,49,0,0,1,8,4,1100,1386,525177775,18153472,8493,17412,0,0,2119.411
525178724,998,358,0,7922,262,6,0,49,0,0,1,8,4,1100,1386,525178777,18153472,8493,18420,0,0,2120.409
525179715,991,358,0,7922,256,6,0,49,0,0,1,8,4,1100,1386,525179761,18153472,8493,19401,0,0,2121.4
525180773,1058,358,0,7922,307,6,0,49,0,0,1,8,4,1100,1386,525180860,18153472,8493,20512,0,0,2122.458
525181697,924,358,0,7922,240,6,0,49,0,0,1,8,4,1100,1386,525181736,18153472,8493,21371,0,0,2123.382
525182712,1015,357,-1,7923,246,6,8,49,0,0,1,8,4,1100,1386,525182751,18153472,8493,22385,0,0,2124.397
525183701,989,358,1,7922,237,6,0,49,0,0,1,8,4,1100,1386,525183739,18153472,8493,23374,0,0,2125.386
525184703,1002,358,0,7922,237,5,0,49,0,0,1,8,4,1100,1386,525184741,18153472,8493,24376,0,0,2126.388
525185705,1002,358,0,7922,237,5,0,49,0,0,1,8,4,1100,1386,525185743,18153472,8493,25377,0,0,2127.39
525186690,985,358,0,7922,237,5,0,49,0,0,1,8,4,1100,1386,525186728,18153472,8493,26362,0,0,2128.375
525187691,1001,358,0,7922,236,5,0,49,0,0,1,8,4,1100,1386,525187729,18153472,8493,27364,0,0,2129.376
525188694,1003,358,0,7922,237,5,0,49,0,0,1,8,4,1100,1386,525188732,18153472,8493,28367,0,0,2130.379
525189793,1099,358,0,7922,338,4,0,49,0,0,1,8,4,1100,1386,525189882,18153472,8493,29548,0,0,2131.478
525190909,1116,358,0,7922,447,4,0,49,0,0,1,8,4,1100,1386,525191066,18153472,8493,30728,0,0,2132.594
525191765,856,358,0,7922,306,4,0,49,0,0,1,8,4,1100,1386,525191823,18153472,8493,31465,0,0,2133.45
525192724,959,358,0,7922,256,4,0,49,0,0,1,8,4,1100,1386,525192782,18153472,8493,32424,0,0,2134.409
525193715,991,358,0,7922,254,4,0,49,0,0,1,8,4,1100,1386,525193761,18153472,8493,33403,0,0,2135.4
525194731,1016,358,0,7922,263,4,0,49,0,0,1,8,4,1100,1386,525194786,18153472,8493,34429,0,0,2136.416
525195712,981,358,0,7922,256,3,0,49,0,0,1,8,4,1100,1386,525195762,18153472,8493,35402,0,0,2137.397
525196715,1003,358,0,7922,248,3,0,49,0,0,1,8,4,1100,1386,525196764,18153472,8493,36406,0,0,2138.4
525197716,1001,358,0,7922,261,3,0,49,0,0,1,8,4,1100,1386,525197765,18153472,8493,37405,0,0,2139.401
525198722,1006,358,0,7922,263,3,0,49,0,0,1,8,4,1100,1386,525198782,18153472,8493,38424,0,0,2140.407
525199718,996,358,0,7922,254,3,0,49,0,0,1,8,4,1100,1386,525199767,18153472,8493,39410,0,0,2141.403
525200777,1059,358,0,7922,310,3,0,49,0,0,1,8,4,1100,1386,525200868,18153472,8493,40521,0,0,2142.462
525201704,927,358,0,7922,243,3,0,49,0,0,1,8,4,1100,1386,525201742,18153472,8493,41376,0,0,2143.389
525202701,997,358,0,7922,242,3,0,49,0,0,1,8,4,1100,1386,525202739,18153472,8493,42374,0,0,2144.386
525203703,1002,358,0,7922,237,3,0,49,0,0,1,8,4,1100,1386,525203741,18153472,8493,43375,0,0,2145.388
525204703,1000,358,0,7922,237,2,0,49,0,0,1,8,4,1100,1386,525204742,18153472,8493,44376,0,0,2146.388
525205705,1002,358,0,7922,237,2,0,49,0,0,1,8,4,1100,1386,525205743,18153472,8493,45378,0,0,2147.39
525206692,987,358,0,7922,237,2,0,49,0,0,1,8,4,1100,1386,525206730,18153472,8493,46364,0,0,2148.377
525207696,1004,358,0,7922,237,2,0,49,0,0,1,8,4,1100,1386,525207734,18153472,8493,47369,0,0,2149.381
525208699,1003,357,-1,7923,237,2,8,49,0,0,1,8,4,1100,1386,525208737,18153472,8493,48371,0,0,2150.384
525209807,1108,357,0,7923,341,3,8,49,0,0,1,8,4,1100,1386,525209898,18153472,8493,49560,0,0,2151.492
525210890,1083,357,0,7923,432,3,8,49,0,0,1,8,4,1100,1386,525211047,2165637163,1048575,2,0,0,2152.575
525212058,1168,357,0,7923,311,3,8,49,0,0,1,8,4,1100,1386,525212127,2165637163,1048575,497,0,0,2153.743
525212717,659,357,0,7923,256,3,0,49,0,0,1,8,4,1100,1386,525212761,2165637163,1048575,1120,0,0,2154.402
525213720,1003,357,0,7923,255,3,8,49,0,0,1,8,4,1100,1386,525213768,2165637163,1048575,2133,0,0,2155.405
525214727,1007,358,1,7922,264,3,0,49,0,0,1,8,4,1100,1386,525214783,2165637163,1048575,3146,0,0,2156.412
525215713,986,357,-1,7923,260,3,8,49,0,0,1,8,4,1100,1386,525215765,2165637163,1048575,4130,0,0,2157.398
525216710,997,357,0,7923,253,3,8,49,0,0,1,8,4,1100,1386,525216763,2165637163,1048575,5125,0,0,2158.395
525217727,1017,358,1,7922,261,3,0,49,0,0,1,8,4,1100,1386,525217778,2165637163,1048575,6143,0,0,2159.412
525218723,996,358,0,7922,264,3,0,49,0,0,1,8,4,1100,1386,525218781,2165637163,1048575,7143,0,0,2160.408
525219727,1004,358,0,7922,260,3,0,49,0,0,1,8,4,1100,1386,525219779,2165637163,1048575,8141,0,0,2161.412
525220761,1034,358,0,7922,308,3,0,49,0,0,1,8,4,1100,1386,525220842,2165637163,1048575,9220,0,0,2162.446
525221710,949,358,0,7922,248,3,0,49,0,0,1,8,4,1100,1386,525221748,2165637163,1048575,10108,0,0,2163.395
525222704,994,357,-1,7923,241,3,8,49,0,0,1,8,4,1100,1386,525222745,2165637163,1048575,11103,0,0,2164.389
525223690,986,357,0,7923,238,3,8,49,0,0,1,8,4,1100,1386,525223729,2165637163,1048575,12088,0,0,2165.375
525224692,1002,358,1,7922,238,3,0,49,0,0,1,8,4,1100,1386,525224730,2165637163,1048575,13089,0,0,2166.377
525225694,1002,358,0,7922,238,3,0,49,0,0,1,8,4,1100,1386,525225732,2165637163,1048575,14090,0,0,2167.379
525226695,1001,358,0,7922,238,3,0,49,0,0,1,8,4,1100,1386,525226734,2165637163,1048575,15092,0,0,2168.38
525227698,1003,358,0,7922,237,3,0,49,0,0,1,8,4,1100,1386,525227736,2165637163,1048575,16095,0,0,2169.383
525228701,1003,358,0,7922,238,3,0,49,0,0,1,8,4,1100,1386,525228739,2165637163,1048575,17098,0,0,2170.386
525229785,1084,358,0,7922,330,3,0,49,0,0,1,8,4,1100,1386,525229875,2165637163,1048575,18260,0,0,2171.47
525230898,1113,358,0,7922,446,2,0,49,0,0,1,8,4,1100,1386,525231053,2165637163,1048575,19438,0,0,2172.583
525231772,874,358,0,7922,306,2,0,49,0,0,1,8,4,1100,1386,525231833,2165637163,1048575,20197,0,0,2173.457
525232727,955,358,0,7922,259,2,0,49,0,0,1,8,4,1100,1386,525232785,2165637163,1048575,21149,0,0,2174.412
525233720,993,358,0,7922,255,2,0,49,0,0,1,8,4,1100,1386,525233768,2165637163,1048575,22133,0,0,2175.405
525234723,1003,358,0,7922,261,2,0,49,0,0,1,8,4,1100,1386,525234776,2165637163,1048575,23140,0,0,2176.408
525235716,993,358,0,7922,260,2,0,49,0,0,1,8,4,1100,1386,525235768,2165637163,1048575,24130,0,0,2177.401
525236708,992,358,0,7922,248,2,0,49,0,0,1,8,4,1100,1386,525236758,2165637163,1048575,25123,0,0,2178.393
525237711,1003,358,0,7922,258,2,0,49,0,0,1,8,4,1100,1386,525237759,2165637163,1048575,26123,0,0,2179.396
525238728,1017,358,0,7922,261,1,-8,49,0,0,1,8,4,1100,1386,525238788,2165637163,1048575,27153,0,0,2180.413
525239710,982,358,0,7922,254,1,-8,49,0,0,1,8,4,1100,1386,525239760,2165637163,1048575,28126,0,0,2181.395
525240771,1061,358,0,7922,306,1,-8,49,0,0,1,8,4,1100,1386,525240855,2165637163,1048575,29232,0,0,2182.456
525241706,935,358,0,7922,239,0,-8,49,0,0,1,8,4,1100,1386,525241743,2165637163,1048575,30101,0,0,2183.391
525242703,997,358,0,7922,245,0,-8,49,0,0,1,8,4,1100,1386,525242742,2165637163,1048575,31100,0,0,2184.388
525243701,998,358,0,7922,236,0,-8,49,0,0,1,8,4,1100,1386,525243737,2165637163,1048575,32095,0,0,2185.386
525244700,999,358,0,7922,237,-1,-8,49,0,0,1,8,4,1100,1386,525244738,2165637163,1048575,33097,0,0,2186.385
525245697,997,358,0,7922,236,-1,0,49,0,0,1,8,4,1100,1386,525245732,2165637163,1048575,34091,0,0,2187.382
525246699,1002,358,0,7922,237,-1,-8,49,0,0,1,8,4,1100,1386,525246737,2165637163,1048575,35095,0,0,2188.384
525247696,997,358,0,7922,236,-1,-8,49,0,0,1,8,4,1100,1386,525247732,2165637163,1048575,36091,0,0,2189.381
525248696,1000,358,0,7922,237,-1,0,49,0,0,1,8,4,1100,1386,525248733,2165637163,1048575,37092,0,0,2190.381
525249801,1105,358,0,7922,334,-1,0,49,0,0,1,8,4,1100,1386,525249890,2165637163,1048575,38281,0,0,2191.486
525250899,1098,358,0,7922,441,-1,0,49,0,0,1,8,4,1100,1386,525251065,2165637163,1048575,39449,0,0,2192.584
525251772,873,358,0,7922,306,-1,0,49,0,0,1,8,4,1100,1386,525251835,2165637163,1048575,40196,0,0,2193.457
525252721,949,358,0,7922,256,-1,-8,49,0,0,1,8,4,1100,1386,525252776,2165637163,1048575,41143,0,0,2194.406
525253710,989,358,0,7922,253,-1,-8,49,0,0,1,8,4,1100,1386,525253758,2165637163,1048575,42121,0,0,2195.395
525254726,1016,358,0,7922,262,-1,0,49,0,0,1,8,4,1100,1386,525254783,2165637163,1048575,43147,0,0,2196.411
525255727,1001,358,0,7922,260,-1,0,49,0,0,1,8,4,1100,1386,525255777,2165637163,1048575,44139,0,0,2197.412
525256710,983,358,0,7922,250,-1,0,49,0,0,1,8,4,1100,1386,525256764,2165637163,1048575,45130,0,0,2198.395
525257726,1016,358,0,7922,258,-1,0,49,0,0,1,8,4,1100,1386,525257776,2165637163,1048575,46138,0,0,2199.411
525258727,1001,358,0,7922,262,-1,0,49,0,0,1,8,4,1100,1386,525258784,2165637163,1048575,47150,0,0,2200.412
525259709,982,358,0,7922,255,-1,0,49,0,0,1,8,4,1100,1386,525259757,2165637163,1048575,48123,0,0,2201.394
525260771,1062,358,0,7922,310,-1,0,49,0,0,1,8,4,1100,1386,525260858,2165637163,1048575,49235,0,0,2202.456
525261698,927,358,0,7922,241,-1,0,49,0,0,1,8,4,1100,1386,525261737,2165637167,1048575,1,0,0,2203.383
525262717,1019,358,0,7922,256,-1,0,49,0,0,1,8,4,1100,1386,525262761,2165637167,1048575,491,0,0,2204.402
525263702,985,358,0,7922,238,-1,0,49,0,0,1,8,4,1100,1386,525263744,2165637167,1048575,1473,0,0,2205.387
525264691,989,358,0,7922,237,-1,0,49,0,0,1,8,4,1100,1386,525264728,2165637167,1048575,2457,0,0,2206.376
525265691,1000,358,0,7922,237,-1,0,49,0,0,1,8,4,1100,1386,525265728,2165637167,1048575,3457,0,0,2207.376
525266692,1001,358,0,7922,237,-1,0,49,0,0,1,8,4,1100,1386,525266729,2165637167,1048575,4458,0,0,2208.377
525267693,1001,358,0,7922,237,-1,0,49,0,0,1,8,4,1100,1386,525267731,2165637167,1048575,5459,0,0,2209.378
525268694,1001,358,0,7922,237,-1,0,49,0,0,1,8,4,1100,1386,525268731,2165637167,1048575,6460,0,0,2210.379
525269805,1111,358,0,7922,347,-1,0,49,0,0,1,8,4,1100,1386,525269895,2165637167,1048575,7654,0,0,2211.49
525270898,1093,358,0,7922,425,-1,0,49,0,0,1,8,4,1100,1386,525271071,2165637167,1048575,8825,0,0,2212.583
525271770,872,358,0,7922,312,-1,0,49,0,0,1,8,4,1100,1386,525271836,2165637167,1048575,9572,0,0,2213.455
525272710,940,358,0,7922,254,-1,0,49,0,0,1,8,4,1100,1386,525272765,2165637167,1048575,10499,0,0,2214.395
525273719,1009,358,0,7922,260,-1,0,49,0,0,1,8,4,1100,1386,525273768,2165637167,1048575,11503,0,0,2215.404
525274731,1012,358,0,7922,264,-1,0,49,0,0,1,8,4,1100,1386,525274789,2165637167,1048575,12524,0,0,2216.416
525275717,986,358,0,7922,265,-1,0,49,0,0,1,8,4,1100,1386,525275767,2165637167,1048575,13501,0,0,2217.402
525276712,995,358,0,7922,251,-1,0,49,0,0,1,8,4,1100,1386,525276768,2165637167,1048575,14505,0,0,2218.397
525277730,1018,358,0,7922,263,-1,0,49,0,0,1,8,4,1100,1386,525277781,2165637167,1048575,15516,0,0,2219.415
525278725,995,358,0,7922,264,-1,0,49,0,0,1,8,4,1100,1386,525278783,2165637167,1048575,16515,0,0,2220.41
525279718,993,358,0,7922,260,-1,0,49,0,0,1,8,4,1100,1386,525279767,2165637167,1048575,17504,0,0,2221.403
525280784,1066,358,0,7922,309,0,0,49,0,0,1,8,4,1100,1386,525280870,2165637167,1048575,18616,0,0,2222.469
525281702,918,358,0,7922,242,0,0,49,0,0,1,8,4,1100,1386,525281742,2165637167,1048575,19470,0,0,2223.387
525282705,1003,358,0,7922,244,0,0,49,0,0,1,8,4,1100,1386,525282745,2165637167,1048575,20474,0,0,2224.39
525283686,981,358,0,7922,234,0,0,49,0,0,1,8,4,1100,1386,525283723,2165637167,1048575,21451,0,0,2225.371
525284700,1014,358,0,7922,237,0,0,49,0,0,1,8,4,1100,1386,525284739,2165637167,1048575,22467,0,0,2226.385
525285697,997,358,0,7922,234,0,0,49,0,0,1,8,4,1100,1386,525285734,2165637167,1048575,23462,0,0,2227.382
525286696,999,358,0,7922,237,0,0,49,0,0,1,8,4,1100,1386,525286734,2165637167,1048575,24463,0,0,2228.381
525287695,999,358,0,7922,235,0,0,49,0,0,1,8,4,1100,1386,525287731,2165637167,1048575,25460,0,0,2229.38
525288692,997,358,0,7922,238,0,0,49,0,0,1,8,4,1100,1386,525288731,2165637167,1048575,26460,0,0,2230.377
525289803,1111,358,0,7922,323,0,0,49,0,0,1,8,4,1100,1386,525289886,2165637167,1048575,27646,0,0,2231.488
525290899,1096,358,0,7922,446,0,0,49,0,0,1,8,4,1100,1386,525291056,2165637167,1048575,28810,0,0,2232.584
525291767,868,358,0,7922,300,0,0,49,0,0,1,8,4,1100,1386,525291825,2165637167,1048575,29557,0,0,2233.452
525292722,955,358,0,7922,256,0,0,49,0,0,1,8,4,1100,1386,525292781,2165637167,1048575,30516,0,0,2234.407
525293713,991,358,0,7922,254,0,0,49,0,0,1,8,4,1100,1386,525293759,2165637167,1048575,31492,0,0,2235.398
525294729,1016,358,0,7922,265,0,0,49,0,0,1,8,4,1100,1386,525294783,2165637167,1048575,32517,0,0,2236.414
525295720,991,358,0,7922,257,0,0,49,0,0,1,8,4,1100,1386,525295769,2165637167,1048575,33500,0,0,2237.405
525296702,982,358,0,7922,247,0,0,49,0,0,1,8,4,1100,1386,525296754,2165637167,1048575,34491,0,0,2238.387
525297715,1013,358,0,7922,259,0,0,49,0,0,1,8,4,1100,1386,525297762,2165637167,1048575,35492,0,0,2239.4
525298716,1001,358,0,7922,258,0,0,49,0,0,1,8,4,1100,1386,525298774,2165637167,1048575,36508,0,0,2240.401
525299709,993,358,0,7922,256,0,0,49,0,0,1,8,4,1100,1386,525299755,2165637167,1048575,37488,0,0,2241.394
525300775,1066,358,0,7922,313,0,0,49,0,0,1,8,4,1100,1386,525300860,2165637167,1048575,38608,0,0,2242.46
525301701,926,358,0,7922,242,0,0,49,0,0,1,8,4,1100,1386,525301738,2165637167,1048575,39467,0,0,2243.386
525302700,999,358,0,7922,241,0,0,49,0,0,1,8,4,1100,1386,525302738,2165637167,1048575,40466,0,0,2244.385
525303700,1000,358,0,7922,237,0,0,49,0,0,1,8,4,1100,1386,525303738,2165637167,1048575,41467,0,0,2245.385
525304701,1001,358,0,7922,237,0,0,49,0,0,1,8,4,1100,1386,525304739,2165637167,1048575,42467,0,0,2246.386
525305702,1001,358,0,7922,237,0,0,49,0,0,1,8,4,1100,1386,525305739,2165637167,1048575,43467,0,0,2247.387
525306703,1001,358,0,7922,237,0,0,49,0,0,1,8,4,1100,1386,525306741,2165637167,1048575,44469,0,0,2248.388
525307704,1001,358,0,7922,237,0,0,49,0,0,1,8,4,1100,1386,525307742,2165637167,1048575,45470,0,0,2249.389
525308704,1000,358,0,7922,237,0,0,49,0,0,1,8,4,1100,1386,525308742,2165637167,1048575,46471,0,0,2250.389
525309799,1095,358,0,7922,329,0,0,49,0,0,1,8,4,1100,1386,525309890,2165637167,1048575,47647,0,0,2251.484
525310896,1097,358,0,7922,439,0,0,49,0,0,1,8,4,1100,1386,525311050,2165637167,1048575,48805,0,0,2252.581
525311772,876,358,0,7922,315,0,0,49,0,0,1,8,4,1100,1386,525311833,2165637167,1048575,49567,0,0,2253.457
525312714,942,358,0,7922,260,0,0,49,0,0,1,8,4,1100,1386,525312773,2165637164,1048575,1,0,0,2254.399
525313712,998,358,0,7922,256,0,0,49,0,0,1,8,4,1100,1386,525313766,2165637164,1048575,455,0,0,2255.397
525314733,1021,358,0,7922,274,0,0,49,0,0,1,8,4,1100,1386,525314791,2165637164,1048575,1481,0,0,2256.418
525315714,981,358,0,7922,255,0,0,49,0,0,1,8,4,1100,1386,525315764,2165637164,1048575,2450,0,0,2257.399
525316711,997,358,0,7922,254,0,0,49,0,0,1,8,4,1100,1386,525316763,2165637164,1048575,3451,0,0,2258.396
525317721,1010,358,0,7922,261,0,0,49,0,0,1,8,4,1100,1386,525317770,2165637164,1048575,4456,0,0,2259.406
525318728,1007,358,0,7922,260,0,0,49,0,0,1,8,4,1100,1386,525318787,2165637164,1048575,5474,0,0,2260.413
525319712,984,358,0,7922,258,0,0,49,0,0,1,8,4,1100,1386,525319763,2165637164,1048575,6452,0,0,2261.397
525320766,1054,358,0,7922,300,0,0,49,0,0,1,8,4,1100,1386,525320855,2165637164,1048575,7554,0,0,2262.451
525321701,935,358,0,7922,245,0,0,49,0,0,1,8,4,1100,1386,525321740,2165637164,1048575,8421,0,0,2263.386
525322713,1012,358,0,7922,246,0,0,49,0,0,1,8,4,1100,1386,525322753,2165637164,1048575,9435,0,0,2264.398
525323699,986,358,0,7922,237,0,0,49,0,0,1,8,4,1100,1386,525323738,2165637164,1048575,10419,0,0,2265.384
525324699,1000,358,0,7922,237,0,0,49,0,0,1,8,4,1100,1386,525324738,2165637164,1048575,11419,0,0,2266.384
525325699,1000,358,0,7922,237,0,0,49,0,0,1,8,4,1100,1386,525325738,2165637164,1048575,12420,0,0,2267.384
525326702,1003,358,0,7922,237,0,0,49,0,0,1,8,4,1100,1386,525326741,2165637164,1048575,13422,0,0,2268.387
525327702,1000,358,0,7922,237,0,0,49,0,0,1,8,4,1100,1386,525327741,2165637164,1048575,14423,0,0,2269.387
525328702,1000,358,0,7922,237,0,0,49,0,0,1,8,4,1100,1386,525328741,2165637164,1048575,15423,0,0,2270.387
525329801,1099,358,0,7922,331,0,0,49,0,0,1,8,4,1100,1386,525329892,2165637164,1048575,16604,0,0,2271.486
525330915,1114,358,0,7922,448,0,0,49,0,0,1,8,4,1100,1386,525331069,2165637164,1048575,17776,0,0,2272.6
525331771,856,358,0,7922,310,0,0,49,0,0,1,8,4,1100,1386,525331832,2165637164,1048575,18516,0,0,2273.456
525332716,945,358,0,7922,256,0,0,49,0,0,1,8,4,1100,1386,525332772,2165637164,1048575,19463,0,0,2274.401
525333710,994,358,0,7922,255,0,0,49,0,0,1,8,4,1100,1386,525333759,2165637164,1048575,20445,0,0,2275.395
525334723,1013,358,0,7922,261,0,0,49,0,0,1,8,4,1100,1386,525334779,2165637164,1048575,21466,0,0,2276.408
525335716,993,358,0,7922,259,0,0,49,0,0,1,8,4,1100,1386,525335767,2165637164,1048575,22451,0,0,2277.401
525336711,995,358,0,7922,248,0,0,49,0,0,1,8,4,1100,1386,525336764,2165637164,1048575,23453,0,0,2278.396
525337723,1012,358,0,7922,258,0,0,49,0,0,1,8,4,1100,1386,525337772,2165637164,1048575,24455,0,0,2279.408
525338713,990,358,0,7922,259,0,0,49,0,0,1,8,4,1100,1386,525338770,2165637164,1048575,25458,0,0,2280.398
525339707,994,358,0,7922,255,0,0,49,0,0,1,8,4,1100,1386,525339755,2165637164,1048575,26443,0,0,2281.392
525340761,1054,358,0,7922,300,0,0,49,0,0,1,8,4,1100,1386,525340848,2165637164,1048575,27548,0,0,2282.446
525341708,947,358,0,7922,244,0,0,49,0,0,1,8,4,1100,1386,525341748,2165637164,1048575,28430,0,0,2283.393
525342709,1001,358,0,7922,246,0,0,49,0,0,1,8,4,1100,1386,525342748,2165637164,1048575,29429,0,0,2284.394
525343697,988,358,0,7922,236,0,0,49,0,0,1,8,4,1100,1386,525343732,2165637164,1048575,30414,0,0,2285.382
525344695,998,358,0,7922,236,0,0,49,0,0,1,8,4,1100,1386,525344733,2165637164,1048575,31415,0,0,2286.38
525345699,1004,358,0,7922,236,0,0,49,0,0,1,8,4,1100,1386,525345734,2165637164,1048575,32416,0,0,2287.384
525346700,1001,358,0,7922,237,0,0,49,0,0,1,8,4,1100,1386,525346737,2165637164,1048575,33419,0,0,2288.385
525347699,999,358,0,7922,236,0,0,49,0,0,1,8,4,1100,1386,525347735,2165637164,1048575,34416,0,0,2289.384
525348695,996,358,0,7922,236,0,0,49,0,0,1,8,4,1100,1386,525348733,2165637164,1048575,35415,0,0,2290.38
525349797,1102,358,0,7922,340,0,0,49,0,0,1,8,4,1100,1386,525349888,2165637164,1048575,36601,0,0,2291.482
525350886,1089,358,0,7922,431,0,0,49,0,0,1,8,4,1100,1386,525351052,2165637164,1048575,37760,0,0,2292.571
525351776,890,358,0,7922,309,0,0,49,0,0,1,8,4,1100,1386,525351844,2165637164,1048575,38531,0,0,2293.461
525352721,945,358,0,7922,257,0,0,49,0,0,1,8,4,1100,1386,525352778,2165637164,1048575,39468,0,0,2294.406
525353716,995,358,0,7922,255,0,0,49,0,0,1,8,4,1100,1386,525353765,2165637164,1048575,40453,0,0,2295.401
525354725,1009,358,0,7922,261,0,0,49,0,0,1,8,4,1100,1386,525354781,2165637164,1048575,41469,0,0,2296.41
525355716,991,358,0,7922,259,0,0,49,0,0,1,8,4,1100,1386,525355767,2165637164,1048575,42453,0,0,2297.401
525356706,990,358,0,7922,251,0,0,49,0,0,1,8,4,1100,1386,525356762,2165637164,1048575,43452,0,0,2298.391
525357718,1012,358,0,7922,258,0,0,49,0,0,1,8,4,1100,1386,525357770,2165637164,1048575,44457,0,0,2299.403
525358728,1010,358,0,7922,265,0,0,49,0,0,1,8,4,1100,1386,525358786,2165637164,1048575,45473,0,0,2300.413
525359706,978,358,0,7922,254,0,0,49,0,0,1,8,4,1100,1386,525359756,2165637164,1048575,46448,0,0,2301.391
525360771,1065,358,0,7922,310,0,0,49,0,0,1,8,4,1100,1386,525360855,2165637164,1048575,47555,0,0,2302.456
525361698,927,358,0,7922,244,0,0,49,0,0,1,8,4,1100,1386,525361737,2165637164,1048575,48418,0,0,2303.383
525362699,1001,358,0,7922,246,0,0,49,0,0,1,8,4,1100,1386,525362739,2165637164,1048575,49421,0,0,2304.384
525363701,1002,358,0,7922,237,0,0,49,0,0,1,8,4,1100,1386,525363740,2165637164,1048575,2,0,0,2305.386
525364704,1003,358,0,7922,245,0,0,49,0,0,1,8,4,1100,1386,525364752,2165637164,1048575,487,0,0,2306.389
525365710,1006,358,0,7922,242,0,0,49,0,0,1,8,4,1100,1386,525365749,2165637164,1048575,1483,0,0,2307.395
525366699,989,358,0,7922,237,0,0,49,0,0,1,8,4,1100,1386,525366738,2165637164,1048575,2471,0,0,2308.384
525367701,1002,358,0,7922,237,0,0,49,0,0,1,8,4,1100,1386,525367740,2165637164,1048575,3473,0,0,2309.386
525368701,1000,358,0,7922,237,0,0,49,0,0,1,8,4,1100,1386,525368740,2165637164,1048575,4474,0,0,2310.386
525369811,1110,358,0,7922,338,0,0,49,0,0,1,8,4,1100,1386,525369904,2165637164,1048575,5664,0,0,2311.496
525370888,1077,358,0,7922,426,0,0,49,0,0,1,8,4,1100,1386,525371059,2165637164,1048575,6818,0,0,2312.573
525371770,882,358,0,7922,312,0,0,49,0,0,1,8,4,1100,1386,525371838,2165637164,1048575,7574,0,0,2313.455
525372722,952,358,0,7922,260,0,0,49,0,0,1,8,4,1100,1386,525372779,2165637164,1048575,8519,0,0,2314.407
525373715,993,358,0,7922,255,0,0,49,0,0,1,8,4,1100,1386,525373763,2165637164,1048575,9501,0,0,2315.4
525374717,1002,358,0,7922,262,0,0,49,0,0,1,8,4,1100,1386,525374776,2165637164,1048575,10515,0,0,2316.402
525375728,1011,358,0,7922,260,0,0,49,0,0,1,8,4,1100,1386,525375777,2165637164,1048575,11514,0,0,2317.413
525376709,981,358,0,7922,251,0,0,49,0,0,1,8,4,1100,1386,525376765,2165637164,1048575,12507,0,0,2318.394
525377719,1010,358,0,7922,258,0,0,49,0,0,1,8,4,1100,1386,525377769,2165637164,1048575,13506,0,0,2319.404
525378716,997,358,0,7922,263,0,0,49,0,0,1,8,4,1100,1386,525378777,2165637164,1048575,14517,0,0,2320.401
525379713,997,358,0,7922,255,0,0,49,0,0,1,8,4,1100,1386,525379761,2165637164,1048575,15499,0,0,2321.398
525380775,1062,358,0,7922,311,0,0,49,0,0,1,8,4,1100,1386,525380862,2165637164,1048575,16614,0,0,2322.46
525381699,924,358,0,7922,242,0,0,49,0,0,1,8,4,1100,1386,525381739,2165637164,1048575,17472,0,0,2323.384
525382710,1011,358,0,7922,245,0,0,49,0,0,1,8,4,1100,1386,525382750,2165637164,1048575,18483,0,0,2324.395
525383698,988,358,0,7922,236,0,0,49,0,0,1,8,4,1100,1386,525383734,2165637164,1048575,19468,0,0,2325.383
525384695,997,358,0,7922,237,0,0,49,0,0,1,8,4,1100,1386,525384734,2165637164,1048575,20467,0,0,2326.38
525385698,1003,358,0,7922,236,0,0,49,0,0,1,8,4,1100,1386,525385735,2165637164,1048575,21468,0,0,2327.383
525386700,1002,358,0,7922,237,0,0,49,0,0,1,8,4,1100,1386,525386739,2165637164,1048575,22472,0,0,2328.385
525387700,1000,358,0,7922,236,0,0,49,0,0,1,8,4,1100,1386,525387736,2165637164,1048575,23470,0,0,2329.385
525388697,997,358,0,7922,237,0,0,49,0,0,1,8,4,1100,1386,525388735,2165637164,1048575,24469,0,0,2330.382
525389795,1098,358,0,7922,336,0,0,49,0,0,1,8,4,1100,1386,525389881,2165637164,1048575,25645,0,0,2331.48
525390897,1102,358,0,7922,428,0,0,49,0,0,1,8,4,1100,1386,525391070,2165637164,1048575,26830,0,0,2332.582
525391778,881,358,0,7922,315,0,0,49,0,0,1,8,4,1100,1386,525391841,2165637164,1048575,27581,0,0,2333.463
525392714,936,358,0,7922,259,0,0,49,0,0,1,8,4,1100,1386,525392770,2165637164,1048575,28509,0,0,2334.399
525393723,1009,358,0,7922,255,0,0,49,0,0,1,8,4,1100,1386,525393771,2165637164,1048575,29512,0,0,2335.408
525394731,1008,358,0,7922,264,0,0,49,0,0,1,8,4,1100,1386,525394787,2165637164,1048575,30527,0,0,2336.416
525395727,996,358,0,7922,259,0,0,49,0,0,1,8,4,1100,1386,525395778,2165637164,1048575,31517,0,0,2337.412
525396717,990,358,0,7922,251,0,0,49,0,0,1,8,4,1100,1386,525396771,2165637164,1048575,32513,0,0,2338.402
525397711,994,358,0,7922,258,0,0,49,0,0,1,8,4,1100,1386,525397763,2165637164,1048575,33503,0,0,2339.396
525398724,1013,358,0,7922,266,0,0,49,0,0,1,8,4,1100,1386,525398780,2165637164,1048575,34517,0,0,2340.409
525399710,986,358,0,7922,254,0,0,49,0,0,1,8,4,1100,1386,525399760,2165637164,1048575,35504,0,0,2341.395
525400774,1064,358,0,7922,308,0,0,49,0,0,1,8,4,1100,1386,525400860,2165637164,1048575,36611,0,0,2342.459
525401702,928,358,0,7922,244,0,0,49,0,0,1,8,4,1100,1386,525401741,2165637164,1048575,37474,0,0,2343.387
525402698,996,358,0,7922,245,0,0,49,0,0,1,8,4,1100,1386,525402736,2165637164,1048575,38470,0,0,2344.383
525403701,1003,358,0,7922,237,0,0,49,0,0,1,8,4,1100,1386,525403739,2165637164,1048575,39472,0,0,2345.386
525404701,1000,358,0,7922,237,0,0,49,0,0,1,8,4,1100,1386,525404739,2165637164,1048575,40473,0,0,2346.386
525405703,1002,358,0,7922,237,0,0,49,0,0,1,8,4,1100,1386,525405740,2165637164,1048575,41474,0,0,2347.388
525406690,987,358,0,7922,237,0,0,49,0,0,1,8,4,1100,1386,525406728,2165637164,1048575,42461,0,0,2348.375
525407691,1001,358,0,7922,237,0,0,49,0,0,1,8,4,1100,1386,525407729,2165637164,1048575,43463,0,0,2349.376
525408694,1003,358,0,7922,237,0,0,49,0,0,1,8,4,1100,1386,525408731,2165637164,1048575,44465,0,0,2350.379
525409795,1101,358,0,7922,334,0,0,49,0,0,1,8,4,1100,1386,525409884,2165637164,1048575,45650,0,0,2351.48
525410922,1127,358,0,7922,450,0,0,49,0,0,1,8,4,1100,1386,525411078,2165637164,1048575,46837,0,0,2352.607
525411762,840,358,0,7922,308,0,0,49,0,0,1,8,4,1100,1386,525411826,2165637164,1048575,47562,0,0,2353.447
525412722,960,358,0,7922,256,0,0,49,0,0,1,8,4,1100,1386,525412775,2165637164,1048575,48519,0,0,2354.407
525413717,995,358,0,7922,255,0,0,49,0,0,1,8,4,1100,1386,525413766,2165637164,1048575,49504,0,0,2355.402
525414718,1001,358,0,7922,261,0,0,49,0,0,1,8,4,1100,1386,525414771,2165637162,1048575,1,0,0,2356.403
525415717,999,358,0,7922,261,0,0,49,0,0,1,8,4,1100,1386,525415771,2165637162,1048575,459,0,0,2357.402
525416720,1003,358,0,7922,256,0,0,49,0,0,1,8,4,1100,1386,525416773,2165637162,1048575,1463,0,0,2358.405
525417722,1002,358,0,7922,259,0,0,49,0,0,1,8,4,1100,1386,525417769,2165637162,1048575,2458,0,0,2359.407
525418726,1004,358,0,7922,262,0,0,49,0,0,1,8,4,1100,1386,525418786,2165637162,1048575,3475,0,0,2360.411
525419715,989,358,0,7922,256,0,0,49,0,0,1,8,4,1100,1386,525419761,2165637162,1048575,4455,0,0,2361.4
525420761,1046,358,0,7922,306,0,0,49,0,0,1,8,4,1100,1386,525420846,2165637162,1048575,5550,0,0,2362.446
525421707,946,358,0,7922,246,0,0,49,0,0,1,8,4,1100,1386,525421749,2165637162,1048575,6433,0,0,2363.392
525422706,999,358,0,7922,244,0,0,49,0,0,1,8,4,1100,1386,525422746,2165637162,1048575,7430,0,0,2364.391
525423691,985,358,0,7922,237,0,0,49,0,0,1,8,4,1100,1386,525423730,2165637162,1048575,8415,0,0,2365.376
525424693,1002,358,0,7922,237,0,0,49,0,0,1,8,4,1100,1386,525424732,2165637162,1048575,9416,0,0,2366.378
525425698,1005,358,0,7922,237,0,0,49,0,0,1,8,4,1100,1386,525425737,2165637162,1048575,10421,0,0,2367.383
525426704,1006,358,0,7922,237,0,0,49,0,0,1,8,4,1100,1386,525426743,2165637162,1048575,11427,0,0,2368.389
525427704,1000,358,0,7922,237,0,0,49,0,0,1,8,4,1100,1386,525427743,2165637162,1048575,12427,0,0,2369.389
525428704,1000,358,0,7922,237,0,0,49,0,0,1,8,4,1100,1386,525428743,2165637162,1048575,13428,0,0,2370.389
525429801,1097,358,0,7922,327,0,0,49,0,0,1,8,4,1100,1386,525429890,2165637162,1048575,14606,0,0,2371.486
525430907,1106,358,0,7922,436,0,0,49,0,0,1,8,4,1100,1386,525431060,2165637162,1048575,15771,0,0,2372.592
525431770,863,358,0,7922,305,0,0,49,0,0,1,8,4,1100,1386,525431826,2165637162,1048575,16514,0,0,2373.455
525432719,949,358,0,7922,256,0,0,49,0,0,1,8,4,1100,1386,525432776,2165637162,1048575,17467,0,0,2374.404
525433708,989,358,0,7922,255,0,0,49,0,0,1,8,4,1100,1386,525433756,2165637162,1048575,18444,0,0,2375.393
525434715,1007,358,0,7922,256,0,0,49,0,0,1,8,4,1100,1386,525434770,2165637162,1048575,19463,0,0,2376.4
525435718,1003,358,0,7922,262,0,0,49,0,0,1,8,4,1100,1386,525435766,2165637162,1048575,20453,0,0,2377.403
525436713,995,358,0,7922,250,0,0,49,0,0,1,8,4,1100,1386,525436768,2165637162,1048575,21460,0,0,2378.398
525437720,1007,358,0,7922,256,0,0,49,0,0,1,8,4,1100,1386,525437768,2165637162,1048575,22455,0,0,2379.405
525438715,995,358,0,7922,261,0,0,49,0,0,1,8,4,1100,1386,525438771,2165637162,1048575,23464,0,0,2380.4
525439711,996,358,0,7922,256,0,0,49,0,0,1,8,4,1100,1386,525439762,2165637162,1048575,24450,0,0,2381.396
525440756,1045,358,0,7922,297,0,0,49,0,0,1,8,4,1100,1386,525440843,2165637162,1048575,25547,0,0,2382.441
525441707,951,358,0,7922,249,0,0,49,0,0,1,8,4,1100,1386,525441745,2165637162,1048575,26429,0,0,2383.392
525442705,998,358,0,7922,246,0,0,49,0,0,1,8,4,1100,1386,525442744,2165637162,1048575,27428,0,0,2384.39
525443703,998,358,0,7922,236,0,0,49,0,0,1,8,4,1100,1386,525443738,2165637162,1048575,28423,0,0,2385.388
525444701,998,358,0,7922,237,0,0,49,0,0,1,8,4,1100,1386,525444739,2165637162,1048575,29424,0,0,2386.386
525445698,997,358,0,7922,236,0,0,49,0,0,1,8,4,1100,1386,525445733,2165637162,1048575,30418,0,0,2387.383
525446699,1001,358,0,7922,237,0,0,49,0,0,1,8,4,1100,1386,525446737,2165637162,1048575,31421,0,0,2388.384
525447695,996,358,0,7922,236,0,0,49,0,0,1,8,4,1100,1386,525447731,2165637162,1048575,32416,0,0,2389.38
525448695,1000,358,0,7922,237,0,0,49,0,0,1,8,4,1100,1386,525448733,2165637162,1048575,33417,0,0,2390.38
525449798,1103,358,0,7922,338,0,0,49,0,0,1,8,4,1100,1386,525449886,2165637162,1048575,34602,0,0,2391.483
525450903,1105,358,0,7922,435,0,0,49,0,0,1,8,4,1100,1386,525451050,2165637162,1048575,35761,0,0,2392.588
525451763,860,358,0,7922,302,0,0,49,0,0,1,8,4,1100,1386,525451826,2165637162,1048575,36516,0,0,2393.448
525452715,952,358,0,7922,262,0,0,49,0,0,1,8,4,1100,1386,525452772,2165637162,1048575,37464,0,0,2394.4
525453721,1006,358,0,7922,253,0,0,49,0,0,1,8,4,1100,1386,525453774,2165637162,1048575,38464,0,0,2395.406
525454729,1008,358,0,7922,263,0,0,49,0,0,1,8,4,1100,1386,525454783,2165637162,1048575,39474,0,0,2396.414
525455724,995,358,0,7922,256,0,0,49,0,0,1,8,4,1100,1386,525455776,2165637162,1048575,40465,0,0,2397.409
525456708,984,358,0,7922,247,0,0,49,0,0,1,8,4,1100,1386,525456761,2165637162,1048575,41452,0,0,2398.393
525457715,1007,358,0,7922,262,0,0,49,0,0,1,8,4,1100,1386,525457766,2165637162,1048575,42455,0,0,2399.4
525458713,998,358,0,7922,258,0,0,49,0,0,1,8,4,1100,1386,525458772,2165637162,1048575,43464,0,0,2400.398
525459712,999,358,0,7922,255,0,0,49,0,0,1,8,4,1100,1386,525459765,2165637162,1048575,44454,0,0,2401.397
525460757,1045,358,0,7922,304,0,0,49,0,0,1,8,4,1100,1386,525460840,2165637162,1048575,45544,0,0,2402.442
525461709,952,358,0,7922,253,0,0,49,0,0,1,8,4,1100,1386,525461751,2165637162,1048575,46435,0,0,2403.394
525462693,984,358,0,7922,241,0,0,49,0,0,1,8,4,1100,1386,525462731,2165637162,1048575,47415,0,0,2404.378
525463696,1003,358,0,7922,237,0,0,49,0,0,1,8,4,1100,1386,525463734,2165637162,1048575,48419,0,0,2405.381
525464699,1003,358,0,7922,237,0,0,49,0,0,1,8,4,1100,1386,525464737,2165637162,1048575,49421,0,0,2406.384
525465700,1001,358,0,7922,237,0,0,49,0,0,1,8,4,1100,1386,525465738,2165637165,1048575,2,0,0,2407.385
525466708,1008,358,0,7922,246,0,0,49,0,0,1,8,4,1100,1386,525466755,2165637165,1048575,488,0,0,2408.393
525467694,986,358,0,7922,242,0,0,49,0,0,1,8,4,1100,1386,525467732,2165637165,1048575,1463,0,0,2409.379
525468694,1000,358,0,7922,237,0,0,49,0,0,1,8,4,1100,1386,525468732,2165637165,1048575,2463,0,0,2410.379
525469810,1116,358,0,7922,340,0,0,49,0,0,1,8,4,1100,1386,525469912,2165637165,1048575,3667,0,0,2411.495
525470888,1078,358,0,7922,419,0,0,49,0,0,1,8,4,1100,1386,525471060,2165637165,1048575,4817,0,0,2412.573
525471771,883,358,0,7922,312,0,0,49,0,0,1,8,4,1100,1386,525471837,2165637165,1048575,5573,0,0,2413.456
525472726,955,358,0,7922,261,0,0,49,0,0,1,8,4,1100,1386,525472782,2165637165,1048575,6524,0,0,2414.411
525473721,995,358,0,7922,257,0,0,49,0,0,1,8,4,1100,1386,525473770,2165637165,1048575,7504,0,0,2415.406
525474721,1000,358,0,7922,261,0,0,49,0,0,1,8,4,1100,1386,525474775,2165637165,1048575,8513,0,0,2416.406
525475713,992,358,0,7922,259,0,0,49,0,0,1,8,4,1100,1386,525475763,2165637165,1048575,9497,0,0,2417.398
525476710,997,358,0,7922,250,0,0,49,0,0,1,8,4,1100,1386,525476766,2165637165,1048575,10505,0,0,2418.395
525477726,1016,358,0,7922,261,0,0,49,0,0,1,8,4,1100,1386,525477775,2165637165,1048575,11510,0,0,2419.411
525478724,998,358,0,7922,259,0,0,49,0,0,1,8,4,1100,1386,525478783,2165637165,1048575,12523,0,0,2420.409
525479713,989,358,0,7922,260,0,0,49,0,0,1,8,4,1100,1386,525479762,2165637165,1048575,13501,0,0,2421.398
525480774,1061,358,0,7922,307,0,0,49,0,0,1,8,4,1100,1386,525480860,2165637165,1048575,14611,0,0,2422.459
525481700,926,358,0,7922,243,0,0,49,0,0,1,8,4,1100,1386,525481738,2165637165,1048575,15469,0,0,2423.385
525482710,1010,358,0,7922,245,0,0,49,0,0,1,8,4,1100,1386,525482750,2165637165,1048575,16481,0,0,2424.395
525483698,988,358,0,7922,236,0,0,49,0,0,1,8,4,1100,1386,525483734,2165637165,1048575,17465,0,0,2425.383
525484695,997,358,0,7922,237,0,0,49,0,0,1,8,4,1100,1386,525484734,2165637165,1048575,18465,0,0,2426.38
525485697,1002,358,0,7922,236,0,0,49,0,0,1,8,4,1100,1386,525485734,2165637165,1048575,19465,0,0,2427.382
525486699,1002,358,0,7922,237,0,0,49,0,0,1,8,4,1100,1386,525486738,2165637165,1048575,20469,0,0,2428.384
525487699,1000,358,0,7922,236,0,0,49,0,0,1,8,4,1100,1386,525487736,2165637165,1048575,21468,0,0,2429.384
525488696,997,358,0,7922,237,0,0,49,0,0,1,8,4,1100,1386,525488735,2165637165,1048575,22467,0,0,2430.381
525489793,1097,358,0,7922,328,0,0,49,0,0,1,8,4,1100,1386,525489878,2165637165,1048575,23640,0,0,2431.478
525490902,1109,358,0,7922,441,0,0,49,0,0,1,8,4,1100,1386,525491064,2165637165,1048575,24823,0,0,2432.587
525491768,866,358,0,7922,310,0,0,49,0,0,1,8,4,1100,1386,525491827,2165637165,1048575,25564,0,0,2433.453
525492710,942,358,0,7922,255,0,0,49,0,0,1,8,4,1100,1386,525492768,2165637165,1048575,26506,0,0,2434.395
525493718,1008,358,0,7922,256,0,0,49,0,0,1,8,4,1100,1386,525493765,2165637165,1048575,27503,0,0,2435.403
525494720,1002,358,0,7922,260,0,0,49,0,0,1,8,4,1100,1386,525494773,2165637165,1048575,28510,0,0,2436.405
525495728,1008,358,0,7922,259,0,0,49,0,0,1,8,4,1100,1386,525495780,2165637165,1048575,29517,0,0,2437.413
525496713,985,358,0,7922,245,0,0,49,0,0,1,8,4,1100,1386,525496763,2165637165,1048575,30500,0,0,2438.398
525497712,999,358,0,7922,258,0,0,49,0,0,1,8,4,1100,1386,525497760,2165637165,1048575,31496,0,0,2439.397
525498728,1016,358,0,7922,260,0,0,49,0,0,1,8,4,1100,1386,525498785,2165637165,1048575,32522,0,0,2440.413
525499720,992,358,0,7922,256,0,0,49,0,0,1,8,4,1100,1386,525499770,2165637165,1048575,33508,0,0,2441.405
525500765,1045,358,0,7922,304,0,0,49,0,0,1,8,4,1100,1386,525500850,2165637165,1048575,34600,0,0,2442.45
525501705,940,358,0,7922,243,0,0,49,0,0,1,8,4,1100,1386,525501742,2165637165,1048575,35474,0,0,2443.39
525502703,998,358,0,7922,246,0,0,49,0,0,1,8,4,1100,1386,525502741,2165637165,1048575,36473,0,0,2444.388
525503704,1001,358,0,7922,237,0,0,49,0,0,1,8,4,1100,1386,525503742,2165637165,1048575,37474,0,0,2445.389
525504689,985,358,0,7922,237,0,0,49,0,0,1,8,4,1100,1386,525504727,2165637165,1048575,38458,0,0,2446.374
525505691,1002,358,0,7922,237,0,0,49,0,0,1,8,4,1100,1386,525505728,2165637165,1048575,39459,0,0,2447.376
525506695,1004,358,0,7922,237,0,0,49,0,0,1,8,4,1100,1386,525506733,2165637165,1048575,40464,0,0,2448.38
525507698,1003,358,0,7922,237,0,0,49,0,0,1,8,4,1100,1386,525507735,2165637165,1048575,41466,0,0,2449.383
525508698,1000,358,0,7922,237,0,0,49,0,0,1,8,4,1100,1386,525508735,2165637165,1048575,42467,0,0,2450.383
525509791,1093,358,0,7922,327,0,0,49,0,0,1,8,4,1100,1386,525509883,2165637165,1048575,43648,0,0,2451.476
525510891,1100,358,0,7922,433,0,0,49,0,0,1,8,4,1100,1386,525511062,2165637165,1048575,44820,0,0,2452.576
525511767,876,358,0,7922,309,0,0,49,0,0,1,8,4,1100,1386,525511831,2165637165,1048575,45566,0,0,2453.452
525512718,951,358,0,7922,257,0,0,49,0,0,1,8,4,1100,1386,525512772,2165637165,1048575,46513,0,0,2454.403
525513709,991,358,0,7922,256,0,0,49,0,0,1,8,4,1100,1386,525513758,2165637165,1048575,47493,0,0,2455.394
525514725,1016,358,0,7922,262,0,0,49,0,0,1,8,4,1100,1386,525514783,2165637165,1048575,48520,0,0,2456.41
525515723,998,358,0,7922,259,0,0,49,0,0,1,8,4,1100,1386,525515774,2165637165,1048575,49508,0,0,2457.408
525516709,986,358,0,7922,250,0,0,49,0,0,1,8,4,1100,1386,525516763,2165637167,1048575,1,0,0,2458.394
525517724,1015,358,0,7922,256,0,0,49,0,0,1,8,4,1100,1386,525517777,2165637167,1048575,469,0,0,2459.409
525518729,1005,358,0,7922,273,0,0,49,0,0,1,8,4,1100,1386,525518786,2165637167,1048575,1478,0,0,2460.414
525519725,996,358,0,7922,259,0,0,49,0,0,1,8,4,1100,1386,525519778,2165637167,1048575,2474,0,0,2461.41
525520771,1046,358,0,7922,304,0,0,49,0,0,1,8,4,1100,1386,525520859,2165637167,1048575,3565,0,0,2462.456
525521697,926,358,0,7922,243,0,0,49,0,0,1,8,4,1100,1386,525521735,2165637167,1048575,4422,0,0,2463.382
525522707,1010,358,0,7922,246,0,0,49,0,0,1,8,4,1100,1386,525522747,2165637167,1048575,5434,0,0,2464.392
525523691,984,358,0,7922,236,0,0,49,0,0,1,8,4,1100,1386,525523730,2165637167,1048575,6417,0,0,2465.376
525524691,1000,358,0,7922,237,0,0,49,0,0,1,8,4,1100,1386,525524730,2165637167,1048575,7418,0,0,2466.376
525525691,1000,358,0,7922,236,0,0,49,0,0,1,8,4,1100,1386,525525730,2165637167,1048575,8418,0,0,2467.376
525526694,1003,358,0,7922,237,0,0,49,0,0,1,8,4,1100,1386,525526733,2165637167,1048575,9420,0,0,2468.379
525527695,1001,357,-1,7923,237,0,8,49,0,0,1,8,4,1100,1386,525527734,2165637167,1048575,10422,0,0,2469.38
525528698,1003,357,0,7923,237,1,8,49,0,0,1,8,4,1100,1386,525528737,2165637167,1048575,11424,0,0,2470.383
525529795,1097,357,0,7923,326,1,8,49,0,0,1,8,4,1100,1386,525529884,2165637167,1048575,12604,0,0,2471.48
525530888,1093,357,0,7923,433,1,8,49,0,0,1,8,4,1100,1386,525531056,2165637167,1048575,13770,0,0,2472.573
525531774,886,357,0,7923,309,1,8,49,0,0,1,8,4,1100,1386,525531837,2165637167,1048575,14528,0,0,2473.459
525532723,949,357,0,7923,256,2,8,49,0,0,1,8,4,1100,1386,525532778,2165637167,1048575,15475,0,0,2474.408
525533713,990,357,0,7923,255,2,8,49,0,0,1,8,4,1100,1386,525533760,2165637167,1048575,16452,0,0,2475.398
525534726,1013,357,0,7923,263,2,8,49,0,0,1,8,4,1100,1386,525534785,2165637167,1048575,17479,0,0,2476.411
525535714,988,357,0,7923,259,2,8,49,0,0,1,8,4,1100,1386,525535763,2165637167,1048575,18454,0,0,2477.399
525536717,1003,358,1,7922,253,2,0,49,0,0,1,8,4,1100,1386,525536772,2165637167,1048575,19468,0,0,2478.402
525537711,994,358,0,7922,258,2,0,49,0,0,1,8,4,1100,1386,525537760,2165637167,1048575,20450,0,0,2479.396
525538725,1014,357,-1,7923,263,2,8,49,0,0,1,8,4,1100,1386,525538782,2165637167,1048575,21476,0,0,2480.41
525539718,993,357,0,7923,256,3,8,49,0,0,1,8,4,1100,1386,525539765,2165637167,1048575,22459,0,0,2481.403
525540766,1048,357,0,7923,303,3,8,49,0,0,1,8,4,1100,1386,525540856,2165637167,1048575,23563,0,0,2482.451
525541697,931,357,0,7923,243,3,8,49,0,0,1,8,4,1100,1386,525541736,2165637167,1048575,24423,0,0,2483.382
525542706,1009,357,0,7923,245,3,8,49,0,0,1,8,4,1100,1386,525542747,2165637167,1048575,25434,0,0,2484.391
525543690,984,357,0,7923,235,3,8,49,0,0,1,8,4,1100,1386,525543728,2165637167,1048575,26416,0,0,2485.375
525544703,1013,357,0,7923,237,4,8,49,0,0,1,8,4,1100,1386,525544742,2165637167,1048575,27430,0,0,2486.388
525545703,1000,357,0,7923,236,4,8,49,0,0,1,8,4,1100,1386,525545740,2165637167,1048575,28427,0,0,2487.388
525546700,997,357,0,7923,237,4,8,49,0,0,1,8,4,1100,1386,525546740,2165637167,1048575,29427,0,0,2488.385
525547700,1000,357,0,7923,236,4,8,49,0,0,1,8,4,1100,1386,525547737,2165637167,1048575,30424,0,0,2489.385
525548697,997,357,0,7923,237,4,8,49,0,0,1,8,4,1100,1386,525548736,2165637167,1048575,31424,0,0,2490.382
525549796,1099,357,0,7923,333,4,8,49,0,0,1,8,4,1100,1386,525549883,2165637167,1048575,32603,0,0,2491.481
525550902,1106,357,0,7923,434,5,8,49,0,0,1,8,4,1100,1386,525551053,2165637167,1048575,33768,0,0,2492.587
525551767,865,357,0,7923,304,5,8,49,0,0,1,8,4,1100,1386,525551830,2165637167,1048575,34523,0,0,2493.452
525552729,962,357,0,7923,261,5,8,49,0,0,1,8,4,1100,1386,525552787,2165637167,1048575,35480,0,0,2494.414
525553714,985,357,0,7923,252,5,8,49,0,0,1,8,4,1100,1386,525553764,2165637167,1048575,36457,0,0,2495.399
525554725,1011,357,0,7923,260,5,8,49,0,0,1,8,4,1100,1386,525554782,2165637167,1048575,37477,0,0,2496.41
525555726,1001,357,0,7923,259,5,8,49,0,0,1,8,4,1100,1386,525555774,2165637167,1048575,38466,0,0,2497.411
525556710,984,357,0,7923,251,5,8,49,0,0,1,8,4,1100,1386,525556763,2165637167,1048575,39455,0,0,2498.395
525557714,1004,357,0,7923,259,5,0,49,0,0,1,8,4,1100,1386,525557764,2165637167,1048575,40457,0,0,2499.399
525558714,1000,357,0,7923,259,5,0,49,0,0,1,8,4,1100,1386,525558771,2165637167,1048575,41467,0,0,2500.399
525559715,1001,357,0,7923,256,5,0,49,0,0,1,8,4,1100,1386,525559765,2165637167,1048575,42458,0,0,2501.4
525560772,1057,357,0,7923,309,5,0,49,0,0,1,8,4,1100,1386,525560858,2165637167,1048575,43564,0,0,2502.457
525561699,927,357,0,7923,247,4,0,49,0,0,1,8,4,1100,1386,525561738,2165637167,1048575,44425,0,0,2503.384
525562709,1010,357,0,7923,242,4,0,49,0,0,1,8,4,1100,1386,525562747,2165637167,1048575,45435,0,0,2504.394
525563695,986,357,0,7923,237,4,0,49,0,0,1,8,4,1100,1386,525563733,2165637167,1048575,46420,0,0,2505.38
525564698,1003,357,0,7923,237,4,0,49,0,0,1,8,4,1100,1386,525564736,2165637167,1048575,47424,0,0,2506.383
525565699,1001,357,0,7923,237,4,0,49,0,0,1,8,4,1100,1386,525565737,2165637167,1048575,48425,0,0,2507.384
525566701,1002,357,0,7923,237,4,0,49,0,0,1,8,4,1100,1386,525566739,2165637167,1048575,49426,0,0,2508.386
525567702,1001,357,0,7923,237,4,8,49,0,0,1,8,4,1100,1386,525567740,2165637164,1048575,1,0,0,2509.387
525568702,1000,357,0,7923,241,4,8,49,0,0,1,8,4,1100,1386,525568745,2165637164,1048575,478,0,0,2510.387
525569816,1114,357,0,7923,339,4,0,49,0,0,1,8,4,1100,1386,525569916,2165637164,1048575,1675,0,0,2511.501
525570884,1068,357,0,7923,419,4,0,49,0,0,1,8,4,1100,1386,525571052,2165637164,1048575,2811,0,0,2512.569
525571775,891,357,0,7923,311,3,0,49,0,0,1,8,4,1100,1386,525571842,2165637164,1048575,3579,0,0,2513.46
525572713,938,357,0,7923,259,3,0,49,0,0,1,8,4,1100,1386,525572769,2165637164,1048575,4513,0,0,2514.398
525573711,998,357,0,7923,254,3,0,49,0,0,1,8,4,1100,1386,525573760,2165637164,1048575,5497,0,0,2515.396
525574724,1013,357,0,7923,264,3,0,49,0,0,1,8,4,1100,1386,525574780,2165637164,1048575,6520,0,0,2516.409
525575718,994,357,0,7923,258,3,0,49,0,0,1,8,4,1100,1386,525575769,2165637164,1048575,7507,0,0,2517.403
525576705,987,357,0,7923,250,3,0,49,0,0,1,8,4,1100,1386,525576760,2165637164,1048575,8502,0,0,2518.39
525577720,1015,357,0,7923,261,3,0,49,0,0,1,8,4,1100,1386,525577769,2165637164,1048575,9506,0,0,2519.405
525578714,994,357,0,7923,259,3,0,49,0,0,1,8,4,1100,1386,525578773,2165637164,1048575,10515,0,0,2520.399
525579716,1002,357,0,7923,261,3,0,49,0,0,1,8,4,1100,1386,525579766,2165637164,1048575,11504,0,0,2521.401
525580764,1048,357,0,7923,308,2,0,49,0,0,1,8,4,1100,1386,525580851,2165637164,1048575,12604,0,0,2522.449
525581707,943,357,0,7923,244,2,0,49,0,0,1,8,4,1100,1386,525581748,2165637164,1048575,13481,0,0,2523.392
525582707,1000,357,0,7923,246,2,0,49,0,0,1,8,4,1100,1386,525582747,2165637164,1048575,14480,0,0,2524.392
525583699,992,357,0,7923,237,2,0,49,0,0,1,8,4,1100,1386,525583738,2165637164,1048575,15472,0,0,2525.384
525584700,1001,357,0,7923,237,2,0,49,0,0,1,8,4,1100,1386,525584739,2165637164,1048575,16472,0,0,2526.385
525585700,1000,357,0,7923,237,2,0,49,0,0,1,8,4,1100,1386,525585739,2165637164,1048575,17472,0,0,2527.385
525586704,1004,357,0,7923,237,2,0,49,0,0,1,8,4,1100,1386,525586744,2165637164,1048575,18477,0,0,2528.389
525587689,985,357,0,7923,237,2,0,49,0,0,1,8,4,1100,1386,525587728,2165637164,1048575,19461,0,0,2529.374
525588689,1000,357,0,7923,237,2,0,49,0,0,1,8,4,1100,1386,525588729,2165637164,1048575,20462,0,0,2530.374
525589784,1095,357,0,7923,322,2,0,49,0,0,1,8,4,1100,1386,525589870,2165637164,1048575,21626,0,0,2531.469
525590899,1115,357,0,7923,437,2,0,49,0,0,1,8,4,1100,1386,525591046,2165637164,1048575,22806,0,0,2532.584
525591767,868,357,0,7923,296,2,0,49,0,0,1,8,4,1100,1386,525591823,2165637164,1048575,23563,0,0,2533.452
525592719,952,357,0,7923,262,1,0,49,0,0,1,8,4,1100,1386,525592776,2165637164,1048575,24515,0,0,2534.404
525593710,991,357,0,7923,249,1,0,49,0,0,1,8,4,1100,1386,525593760,2165637164,1048575,25500,0,0,2535.395
525594728,1018,357,0,7923,267,1,0,49,0,0,1,8,4,1100,1386,525594781,2165637164,1048575,26520,0,0,2536.413
525595715,987,357,0,7923,254,1,0,49,0,0,1,8,4,1100,1386,525595764,2165637164,1048575,27502,0,0,2537.4
525596714,999,357,0,7923,247,1,0,49,0,0,1,8,4,1100,1386,525596767,2165637164,1048575,28507,0,0,2538.399
525597721,1007,357,0,7923,261,1,0,49,0,0,1,8,4,1100,1386,525597769,2165637164,1048575,29507,0,0,2539.406
525598719,998,357,0,7923,260,1,0,49,0,0,1,8,4,1100,1386,525598775,2165637164,1048575,30514,0,0,2540.404
525599708,989,357,0,7923,251,1,0,49,0,0,1,8,4,1100,1386,525599760,2165637164,1048575,31501,0,0,2541.393
525600768,1060,357,0,7923,305,1,0,49,0,0,1,8,4,1100,1386,525600851,2165637164,1048575,32603,0,0,2542.453
525601714,946,357,0,7923,248,1,0,49,0,0,1,8,4,1100,1386,525601752,2165637164,1048575,33485,0,0,2543.399
525602703,989,357,0,7923,241,1,0,49,0,0,1,8,4,1100,1386,525602741,2165637164,1048575,34475,0,0,2544.388
525603695,992,357,0,7923,237,1,0,49,0,0,1,8,4,1100,1386,525603733,2165637164,1048575,35466,0,0,2545.38
525604698,1003,357,0,7923,237,1,0,49,0,0,1,8,4,1100,1386,525604735,2165637164,1048575,36469,0,0,2546.383
525605699,1001,357,0,7923,237,1,0,49,0,0,1,8,4,1100,1386,525605737,2165637164,1048575,37470,0,0,2547.384
525606701,1002,357,0,7923,237,1,0,49,0,0,1,8,4,1100,1386,525606739,2165637164,1048575,38472,0,0,2548.386
525607701,1000,357,0,7923,237,1,0,49,0,0,1,8,4,1100,1386,525607739,2165637164,1048575,39473,0,0,2549.386
525608702,1001,357,0,7923,237,1,0,49,0,0,1,8,4,1100,1386,525608740,2165637164,1048575,40473,0,0,2550.387
525609786,1084,357,0,7923,326,1,0,49,0,0,1,8,4,1100,1386,525609875,2165637164,1048575,41637,0,0,2551.471
525610911,1125,357,0,7923,443,1,0,49,0,0,1,8,4,1100,1386,525611059,2165637164,1048575,42818,0,0,2552.596
525611770,859,357,0,7923,300,1,0,49,0,0,1,8,4,1100,1386,525611826,2165637164,1048575,43563,0,0,2553.455
525612721,951,357,0,7923,257,1,0,49,0,0,1,8,4,1100,1386,525612777,2165637164,1048575,44517,0,0,2554.406
525613709,988,357,0,7923,251,1,0,49,0,0,1,8,4,1100,1386,525613758,2165637164,1048575,45496,0,0,2555.394
525614730,1021,357,0,7923,266,1,0,49,0,0,1,8,4,1100,1386,525614781,2165637164,1048575,46520,0,0,2556.415
525615712,982,357,0,7923,252,1,0,49,0,0,1,8,4,1100,1386,525615761,2165637164,1048575,47497,0,0,2557.397
525616700,988,357,0,7923,246,1,0,49,0,0,1,8,4,1100,1386,525616754,2165637164,1048575,48496,0,0,2558.385
525617715,1015,357,0,7923,258,1,0,49,0,0,1,8,4,1100,1386,525617761,2165637164,1048575,49496,0,0,2559.4
525618717,1002,357,0,7923,254,1,0,49,0,0,1,8,4,1100,1386,525618771,2165637166,1048575,1,0,0,2560.402
525619710,993,357,0,7923,257,1,0,49,0,0,1,8,4,1100,1386,525619766,2165637166,1048575,456,0,0,2561.395
525620762,1052,357,0,7923,308,0,0,49,0,0,1,8,4,1100,1386,525620849,2165637166,1048575,1549,0,0,2562.447
525621706,944,357,0,7923,249,0,0,49,0,0,1,8,4,1100,1386,525621748,2165637166,1048575,2428,0,0,2563.391
525622705,999,357,0,7923,244,0,0,49,0,0,1,8,4,1100,1386,525622745,2165637166,1048575,3425,0,0,2564.39
525623696,991,357,0,7923,237,0,0,49,0,0,1,8,4,1100,1386,525623735,2165637166,1048575,4415,0,0,2565.381
525624699,1003,357,0,7923,237,0,0,49,0,0,1,8,4,1100,1386,525624738,2165637166,1048575,5418,0,0,2566.384
525625699,1000,357,0,7923,237,0,0,49,0,0,1,8,4,1100,1386,525625738,2165637166,1048575,6418,0,0,2567.384
525626704,1005,357,0,7923,237,0,0,49,0,0,1,8,4,1100,1386,525626743,2165637166,1048575,7424,0,0,2568.389
525627705,1001,357,0,7923,237,0,0,49,0,0,1,8,4,1100,1386,525627744,2165637166,1048575,8424,0,0,2569.39
525628705,1000,357,0,7923,237,0,0,49,0,0,1,8,4,1100,1386,525628744,2165637166,1048575,9425,0,0,2570.39
525629793,1088,357,0,7923,318,0,0,49,0,0,1,8,4,1100,1386,525629884,2165637166,1048575,10597,0,0,2571.478
525630887,1094,357,0,7923,426,0,0,49,0,0,1,8,4,1100,1386,525631041,2165637166,1048575,11746,0,0,2572.572
525631776,889,357,0,7923,312,0,0,49,0,0,1,8,4,1100,1386,525631838,2165637166,1048575,12521,0,0,2573.461
525632723,947,357,0,7923,256,0,0,49,0,0,1,8,4,1100,1386,525632779,2165637166,1048575,13465,0,0,2574.408
525633710,987,357,0,7923,252,0,0,49,0,0,1,8,4,1100,1386,525633757,2165637166,1048575,14442,0,0,2575.395
525634724,1014,357,0,7923,261,0,0,49,0,0,1,8,4,1100,1386,525634781,2165637166,1048575,15469,0,0,2576.409
525635728,1004,357,0,7923,260,0,0,49,0,0,1,8,4,1100,1386,525635777,2165637166,1048575,16461,0,0,2577.413
525636713,985,357,0,7923,253,0,0,49,0,0,1,8,4,1100,1386,525636767,2165637166,1048575,17456,0,0,2578.398
525637714,1001,357,0,7923,258,0,0,49,0,0,1,8,4,1100,1386,525637765,2165637166,1048575,18449,0,0,2579.399
525638727,1013,357,0,7923,262,0,0,49,0,0,1,8,4,1100,1386,525638786,2165637166,1048575,19473,0,0,2580.412
525639710,983,357,0,7923,255,0,0,49,0,0,1,8,4,1100,1386,525639760,2165637166,1048575,20447,0,0,2581.395
525640764,1054,357,0,7923,307,0,0,49,0,0,1,8,4,1100,1386,525640856,2165637166,1048575,21554,0,0,2582.449
525641695,931,357,0,7923,239,0,0,49,0,0,1,8,4,1100,1386,525641730,2165637166,1048575,22410,0,0,2583.38
525642704,1009,357,0,7923,245,0,0,49,0,0,1,8,4,1100,1386,525642743,2165637166,1048575,23424,0,0,2584.389
525643695,991,357,0,7923,236,0,0,49,0,0,1,8,4,1100,1386,525643730,2165637166,1048575,24410,0,0,2585.38
525644693,998,357,0,7923,237,0,0,49,0,0,1,8,4,1100,1386,525644730,2165637166,1048575,25411,0,0,2586.378
525645695,1002,357,0,7923,236,0,0,49,0,0,1,8,4,1100,1386,525645730,2165637166,1048575,26411,0,0,2587.38
525646699,1004,357,0,7923,237,0,0,49,0,0,1,8,4,1100,1386,525646737,2165637166,1048575,27417,0,0,2588.384
525647698,999,357,0,7923,236,0,0,49,0,0,1,8,4,1100,1386,525647733,2165637166,1048575,28414,0,0,2589.383
525648695,997,357,0,7923,237,0,0,49,0,0,1,8,4,1100,1386,525648733,2165637166,1048575,29413,0,0,2590.38
525649795,1100,357,0,7923,321,0,0,49,0,0,1,8,4,1100,1386,525649881,2165637166,1048575,30590,0,0,2591.48
525650903,1108,357,0,7923,433,0,0,49,0,0,1,8,4,1100,1386,525651045,2165637166,1048575,31752,0,0,2592.588
