D,32370303,949,1758,0,-11670,348,-10,-8,0,9,0,01,13,3,2200
D,32371221,918,1758,0,-11670,275,-9,-8,0,9,0,01,13,3,2200
D,32372179,958,1758,0,-11670,238,-9,-8,0,9,0,01,13,3,2200
D,32373194,1015,1758,0,-11670,255,-9,-8,0,9,0,01,13,3,2200
D,32374231,1037,1758,0,-11670,277,-9,-8,0,12,0,01,13,3,2200
D,32375220,989,1758,0,-11670,277,-9,-8,0,12,0,01,13,3,2200
D,32376174,954,1758,0,-11670,230,-9,-8,0,12,0,01,13,3,2200
D,32377206,1032,1758,0,-11670,261,-9,-8,0,12,0,01,13,3,2200
D,32378207,1001,1758,0,-11670,267,-9,-8,0,12,0,01,13,3,2200
D,32379267,1060,1759,1,-11671,323,-9,-16,0,12,0,01,13,3,2200
D,32380178,911,1759,0,-11671,236,-10,-16,0,12,0,01,13,3,2200
D,32381160,982,1759,0,-11671,215,-10,-16,0,12,0,01,13,3,2200
D,32382211,1051,1759,0,-11671,261,-10,-16,0,12,0,01,13,3,2200
D,32383163,952,1759,0,-11671,218,-10,-16,0,12,0,01,13,3,2200
D,32384160,997,1759,0,-11671,223,-11,-16,0,12,0,01,13,3,2200
D,32385157,997,1759,0,-11671,216,-11,-16,0,12,0,01,13,3,2200
D,32386186,1029,1759,0,-11671,239,-11,-15,0,12,0,01,13,3,2200
D,32387165,979,1759,0,-11671,228,-11,-8,0,12,0,01,13,3,2200
D,32388267,1102,1759,0,-11671,319,-11,-8,0,12,0,01,13,3,2200
D,32389359,1092,1759,0,-11671,416,-11,-8,0,12,0,01,13,3,2200
D,32390271,912,1759,0,-11671,335,-11,-8,0,12,0,01,13,3,2200
D,32391217,946,1759,0,-11671,277,-10,-8,0,12,0,01,13,3,2200
D,32392178,961,1759,0,-11671,235,-10,-8,0,12,0,01,13,3,2200
D,32393205,1027,1759,0,-11671,257,-10,-8,0,12,0,01,13,3,2200
D,32394214,1009,1759,0,-11671,268,-10,-8,0,12,0,01,13,3,2200
D,32395200,986,1760,1,-11672,259,-10,-16,0,12,0,01,13,3,2200
D,32396179,979,1760,0,-11672,238,-11,-16,0,12,0,01,13,3,2200
D,32397199,1020,1760,0,-11672,258,-11,-16,0,12,0,01,13,3,2200
D,32398225,1026,1760,0,-11672,282,-11,-16,0,15,0,01,13,3,2200
D,32399273,1048,1760,0,-11672,334,-11,-16,0,15,0,01,13,3,2200
D,32400163,890,1760,0,-11672,229,-11,-16,0,15,0,01,13,3,2200
D,32401150,987,1760,0,-11672,216,-12,-16,0,15,0,01,13,3,2200
D,32402207,1057,1760,0,-11672,268,-12,-16,0,15,0,01,13,3,2200
D,32403162,955,1760,0,-11672,225,-12,-16,0,15,0,01,13,3,2200
D,32404167,1005,1760,0,-11672,222,-12,-16,0,15,0,01,13,3,2200
D,32405153,986,1760,0,-11672,215,-12,-16,0,15,0,01,13,3,2200
D,32406189,1036,1760,0,-11672,242,-12,-16,0,15,0,01,13,3,2200
D,32407166,977,1760,0,-11672,223,-12,-16,0,15,0,01,13,3,2200
D,32408264,1098,1760,0,-11672,320,-13,-16,0,15,0,01,13,3,2200
D,32409345,1081,1760,0,-11672,406,-12,-8,0,15,0,01,13,3,2200
D,32410312,967,1760,0,-11672,367,-12,-8,0,15,0,01,13,3,2200
D,32411212,900,1760,0,-11672,265,-12,-8,0,15,0,01,13,3,2200
D,32412184,972,1760,0,-11672,246,-12,-8,0,15,0,01,13,3,2200
D,32413203,1019,1760,0,-11672,264,-12,-8,0,15,0,01,13,3,2200
D,32414208,1005,1760,0,-11672,274,-12,-8,0,15,0,01,13,3,2200
D,32415223,1015,1760,0,-11672,279,-12,-8,0,15,0,01,13,3,2200
D,32416175,952,1760,0,-11672,240,-11,-8,0,15,0,01,13,3,2200
D,32417202,1027,1760,0,-11672,261,-11,-8,0,15,0,01,13,3,2200
D,32418221,1019,1760,0,-11672,272,-11,-8,0,15,0,01,13,3,2200
D,32419267,1046,1760,0,-11672,331,-11,-8,0,15,0,01,13,3,2200
D,32420166,899,1760,0,-11672,228,-11,-8,0,15,0,01,13,3,2200
D,32421157,991,1760,0,-11672,216,-11,-8,0,15,0,01,13,3,2200
D,32422219,1062,1760,0,-11672,286,-11,-8,0,18,0,01,13,3,2200
D,32423189,970,1760,0,-11672,247,-11,-8,0,18,0,01,13,3,2200
D,32424161,972,1760,0,-11672,222,-10,-8,0,18,0,01,13,3,2200
D,32425158,997,1760,0,-11672,223,-10,-8,0,18,0,01,13,3,2200
D,32426172,1014,1760,0,-11672,237,-10,0,0,18,0,01,13,3,2200
D,32427187,1015,1760,0,-11672,236,-10,0,0,18,0,01,13,3,2200
D,32428282,1095,1760,0,-11672,346,-9,0,0,18,0,01,13,3,2200
D,32429346,1064,1760,0,-11672,404,-9,0,0,18,0,01,13,3,2200
D,32430305,959,1760,0,-11672,371,-8,0,0,18,0,01,13,3,2200
D,32431217,912,1760,0,-11672,277,-8,0,0,18,0,01,13,3,2200
D,32432182,965,1761,1,-11673,235,-8,-8,0,18,0,01,13,3,2200
D,32433197,1015,1761,0,-11673,255,-8,-8,0,18,0,01,13,3,2200
D,32434228,1031,1761,0,-11673,281,-8,-8,0,18,0,01,13,3,2200
D,32435208,980,1761,0,-11673,265,-8,-8,0,18,0,01,13,3,2200
D,32436185,977,1761,0,-11673,238,-8,-8,0,18,0,01,13,3,2200
D,32437199,1014,1761,0,-11673,255,-8,-8,0,18,0,01,13,3,2200
D,32438234,1035,1761,0,-11673,300,-8,-8,0,20,0,01,13,3,2200
D,32439282,1048,1761,0,-11673,344,-8,-8,0,20,0,01,13,3,2200
D,32440167,885,1761,0,-11673,227,-8,-8,0,20,0,01,13,3,2200
D,32441157,990,1761,0,-11673,218,-8,-8,0,20,0,01,13,3,2200
D,32442209,1052,1761,0,-11673,261,-8,-8,0,20,0,01,13,3,2200
D,32443160,951,1761,0,-11673,222,-8,-8,0,20,0,01,13,3,2200
D,32444158,998,1761,0,-11673,220,-8,-8,0,20,0,01,13,3,2200
D,32445157,999,1761,0,-11673,218,-8,-8,0,20,0,01,13,3,2200
D,32446186,1029,1761,0,-11673,240,-8,-8,0,20,0,01,13,3,2200
D,32447170,984,1761,0,-11673,224,-8,-8,0,20,0,01,13,3,2200
D,32448267,1097,1761,0,-11673,323,-8,-8,0,20,0,01,13,3,2200
D,32449348,1081,1761,0,-11673,410,-8,-8,0,20,0,01,13,3,2200
D,32450325,977,1761,0,-11673,367,-8,-8,0,20,0,01,13,3,2200
D,32451492,1167,1761,0,-11673,284,-8,-8,0,20,0,01,13,3,2200
D,32452205,713,1761,0,-11673,271,-8,-8,0,20,0,01,13,3,2200
D,32453211,1006,1761,0,-11673,261,-8,-8,0,20,0,01,13,3,2200
D,32454236,1025,1761,0,-11673,300,-8,-8,0,22,0,01,13,3,2200
D,32455222,986,1761,0,-11673,279,-8,-8,0,22,0,01,13,3,2200
D,32456183,961,1761,0,-11673,236,-8,-8,0,22,0,01,13,3,2200
D,32457202,1019,1761,0,-11673,259,-8,-8,0,22,0,01,13,3,2200
D,32458209,1007,1761,0,-11673,264,-8,-8,0,22,0,01,13,3,2200
D,32459281,1072,1761,0,-11673,337,-8,-8,0,22,0,01,13,3,2200
D,32460168,887,1761,0,-11673,227,-8,-8,0,22,0,01,13,3,2200
D,32461158,990,1761,0,-11673,216,-8,-8,0,22,0,01,13,3,2200
D,32462205,1047,1761,0,-11673,258,-8,0,0,22,0,01,13,3,2200
D,32463162,957,1761,0,-11673,220,-7,0,0,22,0,01,13,3,2200
D,32464160,998,1761,0,-11673,223,-7,0,0,22,0,01,13,3,2200
D,32465161,1001,1761,0,-11673,217,-7,0,0,22,0,01,13,3,2200
D,32466213,1052,1761,0,-11673,265,-7,0,0,23,0,01,13,3,2200
D,32467170,957,1761,0,-11673,230,-6,0,0,23,0,01,13,3,2200
D,32468285,1115,1761,0,-11673,341,-6,0,0,23,0,01,13,3,2200
D,32469355,1070,1761,0,-11673,414,-6,0,0,23,0,01,13,3,2200
D,32470320,965,1761,0,-11673,370,-6,0,0,23,0,01,13,3,2200
D,32471219,899,1761,0,-11673,276,-5,0,0,23,0,01,13,3,2200
D,32472185,966,1761,0,-11673,244,-5,0,0,23,0,01,13,3,2200
D,32473203,1018,1761,0,-11673,254,-5,0,0,23,0,01,13,3,2200
D,32474240,1037,1761,0,-11673,292,-5,0,0,23,0,01,13,3,2200
D,32475213,973,1761,0,-11673,271,-5,0,0,23,0,01,13,3,2200
D,32476186,973,1761,0,-11673,239,-4,0,0,23,0,01,13,3,2200
D,32477192,1006,1761,0,-11673,257,-4,0,0,23,0,01,13,3,2200
D,32478244,1052,1761,0,-11673,296,-4,0,0,25,0,01,13,3,2200
D,32479285,1041,1761,0,-11673,343,-4,0,0,25,0,01,13,3,2200
D,32480172,887,1761,0,-11673,227,-4,0,0,25,0,01,13,3,2200
D,32481153,981,1761,0,-11673,218,-4,0,0,25,0,01,13,3,2200
D,32482176,1023,1761,0,-11673,232,-3,0,0,25,0,01,13,3,2200
D,32483160,984,1762,1,-11674,219,-4,-8,0,25,0,01,13,3,2200
D,32484164,1004,1762,0,-11674,219,-4,-8,0,25,0,01,13,3,2200
D,32485156,992,1761,-1,-11673,219,-4,0,0,25,0,01,13,3,2200
D,32486191,1035,1762,1,-11674,256,-4,-8,0,25,0,01,13,3,2200
D,32487164,973,1762,0,-11674,227,-4,-8,0,25,0,01,13,3,2200
D,32488280,1116,1762,0,-11674,334,-4,-8,0,25,0,01,13,3,2200
D,32489357,1077,1762,0,-11674,414,-4,-8,0,25,0,01,13,3,2200
D,32490288,931,1762,0,-11674,348,-4,-8,0,25,0,01,13,3,2200
D,32491208,920,1762,0,-11674,274,-5,-8,0,25,0,01,13,3,2200
D,32492192,984,1762,0,-11674,250,-5,-8,0,25,0,01,13,3,2200
D,32493191,999,1762,0,-11674,257,-5,-8,0,25,0,01,13,3,2200
D,32494236,1045,1762,0,-11674,290,-5,-8,0,27,0,01,13,3,2200
D,32495207,971,1762,0,-11674,274,-5,-8,0,27,0,01,13,3,2200
D,32496177,970,1762,0,-11674,233,-5,-8,0,27,0,01,13,3,2200
D,32497203,1026,1762,0,-11674,259,-5,-8,0,27,0,01,13,3,2200
D,32498220,1017,1762,0,-11674,274,-5,-8,0,27,0,01,13,3,2200
D,32499261,1041,1762,0,-11674,322,-6,-8,0,27,0,01,13,3,2200
D,32500168,907,1762,0,-11674,232,-6,-8,0,27,0,01,13,3,2200
D,32501154,986,1762,0,-11674,216,-6,-8,0,27,0,01,13,3,2200
D,32502204,1050,1762,0,-11674,269,-6,-8,0,27,0,01,13,3,2200
D,32503159,955,1762,0,-11674,222,-6,-8,0,27,0,01,13,3,2200
D,32504163,1004,1762,0,-11674,224,-6,-8,0,27,0,01,13,3,2200
D,32505162,999,1762,0,-11674,217,-6,-8,0,27,0,01,13,3,2200
D,32506216,1054,1762,0,-11674,268,-6,-8,0,28,0,01,13,3,2200
D,32507175,959,1762,0,-11674,227,-6,-8,0,28,0,01,13,3,2200
D,32508290,1115,1762,0,-11674,343,-6,-8,0,28,0,01,13,3,2200
D,32509345,1055,1762,0,-11674,401,-6,-8,0,28,0,01,13,3,2200
D,32510327,982,1762,0,-11674,383,-6,-8,0,28,0,01,13,3,2200
D,32511218,891,1762,0,-11674,272,-6,-8,0,28,0,01,13,3,2200
D,32512179,961,1762,0,-11674,234,-7,-8,0,28,0,01,13,3,2200
D,32513196,1017,1762,0,-11674,254,-6,0,0,28,0,01,13,3,2200
D,32514223,1027,1762,0,-11674,283,-6,0,0,28,0,01,13,3,2200
D,32515206,983,1762,0,-11674,261,-6,-8,0,28,0,01,13,3,2200
D,32516184,978,1762,0,-11674,235,-6,-8,0,28,0,01,13,3,2200
D,32517202,1018,1762,0,-11674,258,-6,0,0,28,0,01,13,3,2200
D,32518239,1037,1762,0,-11674,297,-6,0,0,29,0,01,13,3,2200
D,32519281,1042,1762,0,-11674,335,-5,0,0,29,0,01,13,3,2200
D,32520167,886,1762,0,-11674,229,-5,0,0,29,0,01,13,3,2200
D,32521157,990,1762,0,-11674,218,-5,0,0,29,0,01,13,3,2200
D,32522214,1057,1762,0,-11674,267,-5,0,0,29,0,01,13,3,2200
D,32523161,947,1762,0,-11674,220,-5,0,0,29,0,01,13,3,2200
D,32524167,1006,1762,0,-11674,222,-4,0,0,29,0,01,13,3,2200
D,32525158,991,1762,0,-11674,215,-4,0,0,29,0,01,13,3,2200
D,32526207,1049,1762,0,-11674,263,-4,0,0,31,0,01,13,3,2200
D,32527165,958,1762,0,-11674,232,-4,0,0,31,0,01,13,3,2200
D,32528285,1120,1762,0,-11674,340,-4,0,0,31,0,01,13,3,2200
D,32529353,1068,1762,0,-11674,408,-4,0,0,31,0,01,13,3,2200
D,32530325,972,1762,0,-11674,371,-4,0,0,31,0,01,13,3,2200
D,32531224,899,1762,0,-11674,279,-3,0,0,31,0,01,13,3,2200
D,32532184,960,1762,0,-11674,239,-3,0,0,31,0,01,13,3,2200
D,32533194,1010,1762,0,-11674,256,-3,0,0,31,0,01,13,3,2200
D,32534228,1034,1762,0,-11674,280,-3,0,0,31,0,01,13,3,2200
D,32535201,973,1762,0,-11674,264,-3,0,0,31,0,01,13,3,2200
D,32536174,973,1762,0,-11674,240,-3,0,0,31,0,01,13,3,2200
D,32537202,1028,1762,0,-11674,256,-3,0,0,31,0,01,13,3,2200
D,32538231,1029,1762,0,-11674,280,-3,0,0,32,0,01,13,3,2200
D,32539283,1052,1762,0,-11674,339,-2,0,0,32,0,01,13,3,2200
D,32540170,887,1762,0,-11674,233,-2,0,0,32,0,01,13,3,2200
D,32541158,988,1761,-1,-11673,218,-2,8,0,32,0,01,13,3,2200
D,32542194,1036,1761,0,-11673,261,-2,8,0,32,0,01,13,3,2200
D,32543159,965,1761,0,-11673,224,-1,8,0,32,0,01,13,3,2200
D,32544160,1001,1761,0,-11673,222,-1,8,0,32,0,01,13,3,2200
D,32545156,996,1761,0,-11673,216,-1,8,0,32,0,01,13,3,2200
D,32546183,1027,1761,0,-11673,235,0,8,0,32,0,01,13,3,2200
D,32547164,981,1761,0,-11673,230,0,8,0,32,0,01,13,3,2200
D,32548271,1107,1761,0,-11673,323,0,8,0,32,0,01,13,3,2200
D,32549351,1080,1761,0,-11673,410,1,8,0,32,0,01,13,3,2200
D,32550335,984,1761,0,-11673,382,1,8,0,33,0,01,13,3,2200
D,32551530,1195,1761,0,-11673,301,1,8,0,33,0,01,13,3,2200
D,32552184,654,1761,0,-11673,245,2,8,0,33,0,01,13,3,2200
D,32553193,1009,1761,0,-11673,256,2,8,0,33,0,01,13,3,2200
D,32554206,1013,1761,0,-11673,258,2,8,0,33,0,01,13,3,2200
D,32555222,1016,1761,0,-11673,278,2,8,0,33,0,01,13,3,2200
D,32556175,953,1761,0,-11673,230,3,8,0,33,0,01,13,3,2200
D,32557206,1031,1761,0,-11673,259,3,8,0,33,0,01,13,3,2200
D,32558227,1021,1761,0,-11673,290,3,8,0,34,0,01,13,3,2200
D,32559268,1041,1761,0,-11673,326,3,8,0,34,0,01,13,3,2200
D,32560174,906,1761,0,-11673,236,3,8,0,34,0,01,13,3,2200
D,32561150,976,1761,0,-11673,216,4,8,0,34,0,01,13,3,2200
D,32562221,1071,1761,0,-11673,260,4,8,0,34,0,01,13,3,2200
D,32563159,938,1761,0,-11673,222,4,8,0,34,0,01,13,3,2200
D,32564160,1001,1761,0,-11673,223,4,8,0,34,0,01,13,3,2200
D,32565160,1000,1761,0,-11673,221,4,8,0,34,0,01,13,3,2200
D,32566208,1048,1761,0,-11673,264,4,8,0,35,0,01,13,3,2200
D,32567172,964,1761,0,-11673,232,4,8,0,35,0,01,13,3,2200
D,32568281,1109,1761,0,-11673,339,5,8,0,35,0,01,13,3,2200
D,32569345,1064,1761,0,-11673,406,5,8,0,35,0,01,13,3,2200
D,32570329,984,1761,0,-11673,379,5,8,0,35,0,01,13,3,2200
D,32571215,886,1761,0,-11673,276,5,0,0,35,0,01,13,3,2200
D,32572189,974,1761,0,-11673,245,5,0,0,35,0,01,13,3,2200
D,32573199,1010,1761,0,-11673,254,4,0,0,35,0,01,13,3,2200
D,32574237,1038,1760,-1,-11672,290,5,8,0,35,0,01,13,3,2200
D,32575213,976,1760,0,-11672,267,5,8,0,35,0,01,13,3,2200
D,32576177,964,1760,0,-11672,236,5,8,0,35,0,01,13,3,2200
D,32577191,1014,1760,0,-11672,253,5,8,0,35,0,01,13,3,2200
D,32578235,1044,1760,0,-11672,290,5,8,0,36,0,01,13,3,2200
D,32579272,1037,1760,0,-11672,333,5,8,0,36,0,01,13,3,2200
D,32580175,903,1760,0,-11672,232,5,8,0,36,0,01,13,3,2200
D,32581150,975,1760,0,-11672,215,5,8,0,36,0,01,13,3,2200
D,32582232,1082,1760,0,-11672,279,5,8,0,37,0,01,13,3,2200
D,32583184,952,1760,0,-11672,246,6,8,0,37,0,01,13,3,2200
D,32584164,980,1760,0,-11672,224,6,8,0,37,0,01,13,3,2200
D,32585157,993,1760,0,-11672,222,6,8,0,37,0,01,13,3,2200
D,32586166,1009,1760,0,-11672,232,6,8,0,37,0,01,13,3,2200
D,32587174,1008,1760,0,-11672,228,6,8,0,37,0,01,13,3,2200
D,32588278,1104,1760,0,-11672,336,6,8,0,37,0,01,13,3,2200
D,32589346,1068,1760,0,-11672,404,6,8,0,37,0,01,13,3,2200
D,32590306,960,1760,0,-11672,369,6,8,0,39,0,01,13,3,2200
D,32591220,914,1760,0,-11672,284,6,8,0,39,0,01,13,3,2200
D,32592184,964,1760,0,-11672,240,6,8,0,39,0,01,13,3,2200
D,32593194,1010,1760,0,-11672,259,6,8,0,39,0,01,13,3,2200
D,32594207,1013,1759,-1,-11671,261,7,16,0,39,0,01,13,3,2200
D,32595208,1001,1759,0,-11671,264,7,16,0,39,0,01,13,3,2200
D,32596180,972,1759,0,-11671,235,7,16,0,39,0,01,13,3,2200
D,32597195,1015,1759,0,-11671,261,8,16,0,39,0,01,13,3,2200
D,32598206,1011,1759,0,-11671,271,8,16,0,39,0,01,13,3,2200
D,32599278,1072,1759,0,-11671,332,8,16,0,39,0,01,13,3,2200
D,32600177,899,1759,0,-11671,232,9,16,0,39,0,01,13,3,2200
D,32601153,976,1759,0,-11671,216,9,16,0,39,0,01,13,3,2200
D,32602224,1071,1759,0,-11671,289,9,16,0,40,0,01,13,3,2200
D,32603180,956,1759,0,-11671,245,10,16,0,40,0,01,13,3,2200
D,32604157,977,1759,0,-11671,223,10,16,0,40,0,01,13,3,2200
D,32605158,1001,1759,0,-11671,223,10,8,0,40,0,01,13,3,2200
D,32606176,1018,1758,-1,-11670,243,10,16,0,40,0,01,13,3,2200
D,32607169,993,1758,0,-11670,230,10,16,0,40,0,01,13,3,2200
D,32608283,1114,1758,0,-11670,340,10,16,0,40,0,01,13,3,2200
D,32609352,1069,1758,0,-11670,406,11,16,0,40,0,01,13,3,2200
D,32610348,996,1758,0,-11670,405,11,16,0,40,0,01,13,3,2200
D,32611213,865,1758,0,-11670,275,11,16,0,40,0,01,13,3,2200
D,32612182,969,1758,0,-11670,236,11,16,0,40,0,01,13,3,2200
D,32613202,1020,1758,0,-11670,259,11,16,0,40,0,01,13,3,2200
D,32614232,1030,1758,0,-11670,283,12,16,0,41,0,01,13,3,2200
D,32615216,984,1758,0,-11670,273,12,16,0,41,0,01,13,3,2200
D,32616180,964,1757,-1,-11669,233,12,24,0,41,0,01,13,3,2200
D,32617200,1020,1757,0,-11669,259,13,24,0,41,0,01,13,3,2200
D,32618230,1030,1757,0,-11669,280,13,24,0,41,0,01,13,3,2200
D,32619270,1040,1757,0,-11669,327,14,24,0,41,0,01,13,3,2200
D,32620175,905,1757,0,-11669,230,14,24,0,41,0,01,13,3,2200
D,32621155,980,1757,0,-11669,218,14,24,0,41,0,01,13,3,2200
D,32622230,1075,1757,0,-11669,282,15,24,0,42,0,01,13,3,2200
D,32623175,945,1757,0,-11669,240,15,24,0,42,0,01,13,3,2200
D,32624166,991,1756,-1,-11668,221,16,32,0,42,0,01,13,3,2200
D,32625160,994,1756,0,-11668,221,16,24,0,42,0,01,13,3,2200
D,32626186,1026,1756,0,-11668,238,16,24,0,42,0,01,13,3,2200
D,32627179,993,1756,0,-11668,229,17,24,0,42,0,01,13,3,2200
D,32628265,1086,1756,0,-11668,330,17,24,0,42,0,01,13,3,2200
D,32629351,1086,1756,0,-11668,410,17,24,0,42,0,01,13,3,2200
D,32630341,990,1756,0,-11668,392,18,24,0,43,0,01,13,3,2200
D,32631224,883,1755,-1,-11667,279,18,32,0,43,0,01,13,3,2200
D,32632190,966,1755,0,-11667,241,19,31,0,43,0,01,13,3,2200
D,32633200,1010,1755,0,-11667,258,19,33,0,43,0,01,13,3,2200
D,32634212,1012,1755,0,-11667,270,20,32,0,43,0,01,13,3,2200
D,32635213,1001,1755,0,-11667,268,20,32,0,43,0,01,13,3,2200
D,32636175,962,1755,0,-11667,241,21,31,0,43,0,01,13,3,2200
D,32637194,1019,1755,0,-11667,256,21,24,0,43,0,01,13,3,2200
D,32638226,1032,1754,-1,-11666,288,21,31,0,44,0,01,13,3,2200
D,32639266,1040,1754,0,-11666,331,22,32,0,44,0,01,13,3,2200
D,32640175,909,1754,0,-11666,230,22,32,0,44,0,01,13,3,2200
D,32641150,975,1754,0,-11666,216,22,32,0,44,0,01,13,3,2200
D,32642221,1071,1754,0,-11666,262,23,33,0,44,0,01,13,3,2200
D,32643159,938,1754,0,-11666,222,23,32,0,44,0,01,13,3,2200
D,32644161,1002,1754,0,-11666,223,23,32,0,44,0,01,13,3,2200
D,32645154,993,1754,0,-11666,216,24,32,0,44,0,01,13,3,2200
D,32646210,1056,1753,-1,-11665,263,24,33,0,45,0,01,13,3,2200
D,32647187,977,1753,0,-11665,235,24,31,0,45,0,01,13,3,2200
D,32648290,1103,1753,0,-11665,341,25,32,0,45,0,01,13,3,2200
D,32649331,1041,1753,0,-11665,397,25,32,0,45,0,01,13,3,2200
D,32650324,993,1753,0,-11665,374,25,32,0,45,0,01,13,3,2200
D,32651483,1159,1753,0,-11665,277,26,32,0,45,0,01,13,3,2200
D,32652194,711,1753,0,-11665,261,26,31,0,45,0,01,13,3,2200
D,32653204,1010,1752,-1,-11664,261,26,41,0,45,0,01,13,3,2200
D,32654242,1038,1752,0,-11664,301,27,32,0,46,0,01,13,3,2200
D,32655221,979,1752,0,-11664,275,27,32,0,46,0,01,13,3,2200
D,32656191,970,1752,0,-11664,248,27,33,0,46,0,01,13,3,2200
D,32657206,1015,1752,0,-11664,260,27,33,0,46,0,01,13,3,2200
D,32658243,1037,1751,-1,-11663,288,28,39,0,47,0,01,13,3,2200
D,32659266,1023,1751,0,-11663,330,28,39,0,47,0,01,13,3,2200
D,32660177,911,1751,0,-11663,232,29,40,0,47,0,01,13,3,2200
D,32661155,978,1751,0,-11663,216,29,40,0,47,0,01,13,3,2200
D,32662204,1049,1751,0,-11663,258,29,33,0,47,0,01,13,3,2200
D,32663165,961,1751,0,-11663,224,29,32,0,47,0,01,13,3,2200
D,32664157,992,1751,0,-11663,220,29,32,0,47,0,01,13,3,2200
D,32665160,1003,1751,0,-11663,218,29,32,0,47,0,01,13,3,2200
D,32666202,1042,1751,0,-11663,269,30,33,0,48,0,01,13,3,2200
D,32667174,972,1750,-1,-11662,236,30,39,0,48,0,01,13,3,2200
D,32668291,1117,1750,0,-11662,343,30,32,0,48,0,01,13,3,2200
D,32669343,1052,1750,0,-11662,404,30,32,0,48,0,01,13,3,2200
D,32670322,979,1750,0,-11662,377,30,32,0,48,0,01,13,3,2200
D,32671214,892,1750,0,-11662,274,30,32,0,48,0,01,13,3,2200
D,32672181,967,1749,-1,-11661,245,31,39,0,48,0,01,13,3,2200
D,32673192,1011,1749,0,-11661,254,31,41,0,48,0,01,13,3,2200
D,32674229,1037,1749,0,-11661,289,31,41,0,48,0,01,13,3,2200
D,32675223,994,1749,0,-11661,274,32,41,0,48,0,01,13,3,2200
D,32676183,960,1749,0,-11661,239,32,39,0,48,0,01,13,3,2200
D,32677208,1025,1749,0,-11661,264,32,33,0,48,0,01,13,3,2200
D,32678210,1002,1749,0,-11661,275,32,31,0,49,0,01,13,3,2200
D,32679265,1055,1748,-1,-11660,329,32,39,0,49,0,01,13,3,2200
D,32680169,904,1748,0,-11660,229,33,40,0,49,0,01,13,3,2200
D,32681150,981,1748,0,-11660,216,33,40,0,49,0,01,13,3,2200
D,32682240,1090,1748,0,-11660,289,33,41,0,50,0,01,13,3,2200
D,32683180,940,1748,0,-11660,238,33,39,0,50,0,01,13,3,2200
D,32684150,970,1747,-1,-11659,213,34,39,0,50,0,01,13,3,2200
D,32685160,1010,1747,0,-11659,221,34,39,0,50,0,01,13,3,2200
D,32686175,1015,1747,0,-11659,231,34,39,0,50,0,01,13,3,2200
D,32687162,987,1747,0,-11659,227,34,39,0,50,0,01,13,3,2200
D,32688289,1127,1747,0,-11659,344,34,33,0,50,0,01,13,3,2200
D,32689336,1047,1747,0,-11659,394,34,32,0,50,0,01,13,3,2200
D,32690346,1010,1746,-1,-11658,401,34,40,0,51,0,01,13,3,2200
D,32691228,882,1746,0,-11658,283,35,41,0,51,0,01,13,3,2200
D,32692176,948,1746,0,-11658,230,35,39,0,51,0,01,13,3,2200
D,32693209,1033,1746,0,-11658,264,35,41,0,51,0,01,13,3,2200
D,32694197,988,1746,0,-11658,260,35,41,0,51,0,01,13,3,2200
D,32695209,1012,1745,-1,-11657,275,36,49,0,51,0,01,13,3,2200
D,32696183,974,1745,0,-11657,236,36,47,0,51,0,01,13,3,2200
D,32697198,1015,1745,0,-11657,263,36,41,0,51,0,01,13,3,2200
D,32698223,1025,1745,0,-11657,279,37,39,0,52,0,01,13,3,2200
D,32699268,1045,1745,0,-11657,327,37,39,0,52,0,01,13,3,2200
D,32700177,909,1745,0,-11657,236,37,40,0,52,0,01,13,3,2200
D,32701155,978,1744,-1,-11656,216,37,48,0,52,0,01,13,3,2200
D,32702228,1073,1744,0,-11656,283,37,41,0,52,0,01,13,3,2200
D,32703185,957,1744,0,-11656,246,37,39,0,52,0,01,13,3,2200
D,32704161,976,1744,0,-11656,224,37,39,0,52,0,01,13,3,2200
D,32705168,1007,1743,-1,-11655,223,38,47,0,52,0,01,13,3,2200
D,32706190,1022,1743,0,-11655,240,38,49,0,52,0,01,13,3,2200
D,32707179,989,1743,0,-11655,232,39,47,0,52,0,01,13,3,2200
D,32708279,1100,1743,0,-11655,336,39,49,0,52,0,01,13,3,2200
D,32709347,1068,1743,0,-11655,409,39,41,0,52,0,01,13,3,2200
D,32710331,984,1742,-1,-11654,397,40,49,0,53,0,01,13,3,2200
D,32711220,889,1742,0,-11654,278,40,49,0,53,0,01,13,3,2200
D,32712188,968,1742,0,-11654,240,40,47,0,53,0,01,13,3,2200
D,32713202,1014,1741,-1,-11653,263,41,57,0,53,0,01,13,3,2200
D,32714208,1006,1741,0,-11653,271,41,49,0,53,0,01,13,3,2200
D,32715207,999,1741,0,-11653,268,41,49,0,53,0,01,13,3,2200
D,32716170,963,1741,0,-11653,236,42,47,0,53,0,01,13,3,2200
D,32717200,1030,1740,-1,-11652,257,42,57,0,53,0,01,13,3,2200
D,32718232,1032,1740,0,-11652,286,43,55,0,54,0,01,13,3,2200
D,32719272,1040,1740,0,-11652,333,43,55,0,54,0,01,13,3,2200
D,32720177,905,1740,0,-11652,235,44,55,0,54,0,01,13,3,2200
D,32721150,973,1739,-1,-11651,215,44,55,0,54,0,01,13,3,2200
D,32722233,1083,1739,0,-11651,286,45,57,0,54,0,01,13,3,2200
D,32723177,944,1739,0,-11651,240,45,55,0,54,0,01,13,3,2200
D,32724170,993,1739,0,-11651,225,45,55,0,54,0,01,13,3,2200
D,32725157,987,1738,-1,-11650,222,46,63,0,54,0,01,13,3,2200
D,32726177,1020,1738,0,-11650,241,47,55,0,54,0,01,13,3,2200
D,32727170,993,1738,0,-11650,228,47,55,0,54,0,01,13,3,2200
D,32728275,1105,1738,0,-11650,340,47,57,0,54,0,01,13,3,2200
D,32729354,1079,1737,-1,-11649,407,48,65,0,54,0,01,13,3,2200
D,32730349,995,1737,0,-11649,394,49,65,0,55,0,01,13,3,2200
D,32731219,870,1737,0,-11649,277,49,57,0,55,0,01,13,3,2200
D,32732180,961,1737,0,-11649,236,49,55,0,55,0,01,13,3,2200
D,32733202,1022,1736,-1,-11648,259,50,65,0,55,0,01,13,3,2200
D,32734230,1028,1736,0,-11648,282,50,65,0,56,0,01,13,3,2200
D,32735205,975,1736,0,-11648,273,51,57,0,56,0,01,13,3,2200
D,32736174,969,1735,-1,-11647,230,51,63,0,56,0,01,13,3,2200
D,32737192,1018,1735,0,-11647,258,52,65,0,56,0,01,13,3,2200
D,32738219,1027,1735,0,-11647,284,52,63,0,57,0,01,13,3,2200
D,32739260,1041,1734,-1,-11646,320,53,71,0,57,0,01,13,3,2200
D,32740175,915,1734,0,-11646,237,54,71,0,57,0,01,13,3,2200
D,32741160,985,1734,0,-11646,215,54,63,0,57,0,01,13,3,2200
D,32742249,1089,1733,-1,-11645,288,55,73,0,57,0,01,13,3,2200
D,32743181,932,1733,0,-11645,240,55,71,0,57,0,01,13,3,2200
D,32744155,974,1733,0,-11645,218,56,63,0,57,0,01,13,3,2200
D,32745159,1004,1733,0,-11645,222,56,63,0,57,0,01,13,3,2200
D,32746180,1021,1732,-1,-11644,230,57,73,0,57,0,01,13,3,2200
D,32747176,996,1732,0,-11644,241,57,71,0,57,0,01,13,3,2200
D,32748263,1087,1732,0,-11644,327,58,65,0,57,0,01,13,3,2200
D,32749355,1092,1732,0,-11644,410,58,65,0,57,0,01,13,3,2200
D,32750292,937,1731,-1,-11643,356,58,73,0,58,0,01,13,3,2200
D,32751487,1195,1731,0,-11643,302,59,64,0,58,0,01,13,3,2200
D,32752213,726,1731,0,-11643,267,59,63,0,58,0,01,13,3,2200
D,32753207,994,1730,-1,-11642,260,59,73,0,58,0,01,13,3,2200
D,32754202,995,1730,0,-11642,253,60,73,0,59,0,01,13,3,2200
D,32755235,1033,1730,0,-11642,291,60,65,0,59,0,01,13,3,2200
D,32756200,965,1730,0,-11642,254,60,65,0,59,0,01,13,3,2200
D,32757201,1001,1729,-1,-11641,261,61,73,0,59,0,01,13,3,2200
D,32758204,1003,1729,0,-11641,262,61,71,0,59,0,01,13,3,2200
D,32759250,1046,1729,0,-11641,314,62,71,0,59,0,01,13,3,2200
D,32760175,925,1728,-1,-11640,236,62,71,0,59,0,01,13,3,2200
D,32761156,981,1728,0,-11640,222,62,71,0,59,0,01,13,3,2200
D,32762230,1074,1728,0,-11640,284,63,73,0,59,0,01,13,3,2200
D,32763178,948,1727,-1,-11639,243,63,79,0,59,0,01,13,3,2200
D,32764157,979,1727,0,-11639,220,64,71,0,59,0,01,13,3,2200
D,32765162,1005,1727,0,-11639,221,64,71,0,59,0,01,13,3,2200
D,32766200,1038,1727,0,-11639,251,64,65,0,60,0,01,13,3,2200
D,32767196,996,1726,-1,-11638,256,64,73,0,60,0,01,13,3,2200
D,32768259,1063,1726,0,-11638,319,65,73,0,60,0,01,13,3,2200
D,32769359,1100,1725,-1,-11637,417,65,73,0,60,0,01,13,3,2200
D,32770274,915,1725,0,-11637,337,65,73,0,61,0,01,13,3,2200
D,32771229,955,1725,0,-11637,295,66,73,0,61,0,01,13,3,2200
D,32772175,946,1725,0,-11637,242,66,71,0,61,0,01,13,3,2200
D,32773209,1034,1725,0,-11637,261,66,65,0,61,0,01,13,3,2200
D,32774184,975,1725,0,-11637,244,66,65,0,61,0,01,13,3,2200
D,32775226,1042,1724,-1,-11636,287,66,73,0,61,0,01,13,3,2200
D,32776172,946,1724,0,-11636,238,66,71,0,61,0,01,13,3,2200
D,32777203,1031,1723,-1,-11635,263,67,73,0,61,0,01,13,3,2200
D,32778224,1021,1723,0,-11635,277,67,71,0,61,0,01,13,3,2200
D,32779261,1037,1723,0,-11635,325,67,71,0,61,0,01,13,3,2200
D,32780173,912,1723,0,-11635,233,67,71,0,61,0,01,13,3,2200
D,32781158,985,1722,-1,-11634,218,67,71,0,61,0,01,13,3,2200
D,32782222,1064,1722,0,-11634,278,67,73,0,62,0,01,13,3,2200
D,32783180,958,1722,0,-11634,245,68,71,0,62,0,01,13,3,2200
D,32784167,987,1721,-1,-11633,223,68,71,0,62,0,01,13,3,2200
D,32785163,996,1721,0,-11633,222,68,71,0,62,0,01,13,3,2200
D,32786198,1035,1721,0,-11633,254,68,71,0,62,0,01,13,3,2200
D,32787190,992,1720,-1,-11632,257,68,79,0,62,0,01,13,3,2200
D,32788274,1084,1720,0,-11632,332,69,73,0,62,0,01,13,3,2200
D,32789363,1089,1720,0,-11632,421,69,73,0,62,0,01,13,3,2200
D,32790260,897,1719,-1,-11631,323,69,73,0,62,0,01,13,3,2200
D,32791224,964,1719,0,-11631,282,69,73,0,62,0,01,13,3,2200
D,32792187,963,1719,0,-11631,245,69,71,0,62,0,01,13,3,2200
D,32793209,1022,1718,-1,-11630,268,69,73,0,62,0,01,13,3,2200
D,32794219,1010,1718,0,-11630,273,69,73,0,63,0,01,13,3,2200
D,32795227,1008,1718,0,-11630,280,70,73,0,63,0,01,13,3,2200
D,32796180,953,1717,-1,-11629,237,70,79,0,63,0,01,13,3,2200
D,32797206,1026,1717,0,-11629,268,70,73,0,63,0,01,13,3,2200
D,32798208,1002,1717,0,-11629,270,70,71,0,64,0,01,13,3,2200
D,32799261,1053,1716,-1,-11628,323,70,79,0,64,0,01,13,3,2200
D,32800167,906,1716,0,-11628,230,70,71,0,64,0,01,13,3,2200
D,32801160,993,1716,0,-11628,218,71,71,0,64,0,01,13,3,2200
D,32802217,1057,1715,-1,-11627,281,71,81,0,64,0,01,13,3,2200
D,32803191,974,1715,0,-11627,249,71,79,0,64,0,01,13,3,2200
D,32804163,972,1715,0,-11627,224,72,79,0,64,0,01,13,3,2200
D,32805161,998,1714,-1,-11626,222,72,87,0,64,0,01,13,3,2200
D,32806190,1029,1714,0,-11626,248,73,81,0,65,0,01,13,3,2200
D,32807182,992,1713,-1,-11625,248,73,87,0,65,0,01,13,3,2200
D,32808276,1094,1713,0,-11625,333,73,81,0,65,0,01,13,3,2200
D,32809351,1075,1712,-1,-11624,409,74,89,0,65,0,01,13,3,2200
D,32810283,932,1712,0,-11624,348,75,89,0,65,0,01,13,3,2200
D,32811229,946,1712,0,-11624,294,75,81,0,65,0,01,13,3,2200
D,32812189,960,1712,0,-11624,243,75,79,0,65,0,01,13,3,2200
D,32813209,1020,1711,-1,-11623,263,76,89,0,65,0,01,13,3,2200
D,32814210,1001,1711,0,-11623,267,76,81,0,66,0,01,13,3,2200
D,32815223,1013,1710,-1,-11622,277,76,89,0,66,0,01,13,3,2200
D,32816179,956,1710,0,-11622,236,77,87,0,66,0,01,13,3,2200
D,32817208,1029,1710,0,-11622,265,77,81,0,66,0,01,13,3,2200
D,32818196,988,1709,-1,-11621,256,77,87,0,66,0,01,13,3,2200
D,32819273,1077,1709,0,-11621,327,78,87,0,66,0,01,13,3,2200
D,32820171,898,1709,0,-11621,232,78,87,0,66,0,01,13,3,2200
D,32821161,990,1708,-1,-11620,216,78,87,0,66,0,01,13,3,2200
D,32822238,1077,1708,0,-11620,295,79,89,0,67,0,01,13,3,2200
D,32823171,933,1708,0,-11620,236,79,87,0,67,0,01,13,3,2200
D,32824147,976,1707,-1,-11619,213,79,87,0,67,0,01,13,3,2200
D,32825160,1013,1707,0,-11619,223,80,87,0,67,0,01,13,3,2200
D,32826187,1027,1707,0,-11619,253,80,81,0,67,0,01,13,3,2200
D,32827190,1003,1706,-1,-11618,246,80,87,0,67,0,01,13,3,2200
D,32828276,1086,1706,0,-11618,328,80,89,0,67,0,01,13,3,2200
D,32829357,1081,1705,-1,-11617,414,81,89,0,67,0,01,13,3,2200
D,32830281,924,1705,0,-11617,344,81,89,0,68,0,01,13,3,2200
D,32831228,947,1705,0,-11617,284,81,89,0,68,0,01,13,3,2200
D,32832188,960,1704,-1,-11616,243,82,94,0,68,0,01,13,3,2200
D,32833202,1014,1704,0,-11616,268,82,89,0,68,0,01,13,3,2200
D,32834196,994,1704,0,-11616,260,82,89,0,68,0,01,13,3,2200
D,32835226,1030,1703,-1,-11615,284,83,89,0,68,0,01,13,3,2200
D,32836188,962,1703,0,-11615,242,83,87,0,68,0,01,13,3,2200
D,32837200,1012,1703,0,-11615,267,83,81,0,68,0,01,13,3,2200
D,32838207,1007,1702,-1,-11614,271,83,87,0,69,0,01,13,3,2200
D,32839266,1059,1702,0,-11614,324,83,87,0,69,0,01,13,3,2200
D,32840171,905,1702,0,-11614,229,83,79,0,69,0,01,13,3,2200
D,32841151,980,1701,-1,-11613,217,83,87,0,69,0,01,13,3,2200
D,32842209,1058,1701,0,-11613,262,83,89,0,69,0,01,13,3,2200
D,32843160,951,1701,0,-11613,219,84,87,0,69,0,01,13,3,2200
D,32844160,1000,1700,-1,-11612,223,84,87,0,69,0,01,13,3,2200
D,32845161,1001,1700,0,-11612,216,84,87,0,69,0,01,13,3,2200
D,32846196,1035,1700,0,-11612,253,84,81,0,69,0,01,13,3,2200
D,32847177,981,1699,-1,-11611,238,84,87,0,69,0,01,13,3,2200
D,32848287,1110,1699,0,-11611,338,84,81,0,69,0,01,13,3,2200
D,32849352,1065,1699,0,-11611,414,84,81,0,69,0,01,13,3,2200
D,32850310,958,1698,-1,-11610,359,84,89,0,69,0,01,13,3,2200
D,32851482,1172,1698,0,-11610,296,84,81,0,69,0,01,13,3,2200
D,32852211,729,1697,-1,-11609,264,84,86,0,69,0,01,13,3,2200
D,32853190,979,1697,0,-11609,255,84,89,0,69,0,01,13,3,2200
D,32854201,1011,1697,0,-11609,258,84,81,0,69,0,01,13,3,2200
D,32855225,1024,1696,-1,-11608,277,84,89,0,69,0,01,13,3,2200
D,32856183,958,1696,0,-11608,243,84,87,0,69,0,01,13,3,2200
D,32857204,1021,1696,0,-11608,266,84,81,0,69,0,01,13,3,2200
D,32858216,1012,1695,-1,-11607,273,84,87,0,69,0,01,13,3,2200
D,32859281,1065,1695,0,-11607,335,84,87,0,69,0,01,13,3,2200
D,32860165,884,1695,0,-11607,226,84,79,0,69,0,01,13,3,2200
D,32861155,990,1694,-1,-11606,218,84,87,0,69,0,01,13,3,2200
D,32862205,1050,1694,0,-11606,260,84,81,0,69,0,01,13,3,2200
D,32863176,971,1694,0,-11606,238,84,79,0,69,0,01,13,3,2200
D,32864154,978,1693,-1,-11605,220,84,87,0,69,0,01,13,3,2200
D,32865163,1009,1693,0,-11605,222,84,87,0,69,0,01,13,3,2200
D,32866188,1025,1692,-1,-11604,244,84,90,0,69,0,01,13,3,2200
D,32867180,992,1692,0,-11604,241,84,87,0,69,0,01,13,3,2200
D,32868285,1105,1691,-1,-11603,339,85,89,0,69,0,01,13,3,2200
D,32869361,1076,1691,0,-11603,413,85,89,0,69,0,01,13,3,2200
D,32870274,913,1691,0,-11603,318,85,89,0,69,0,01,13,3,2200
D,32871221,947,1690,-1,-11602,287,85,89,0,69,0,01,13,3,2200
D,32872182,961,1690,0,-11602,238,85,87,0,69,0,01,13,3,2200
D,32873195,1013,1690,0,-11602,252,85,89,0,69,0,01,13,3,2200
D,32874205,1010,1689,-1,-11601,263,86,89,0,69,0,01,13,3,2200
D,32875233,1028,1689,0,-11601,287,86,89,0,69,0,01,13,3,2200
D,32876184,951,1689,0,-11601,244,86,87,0,69,0,01,13,3,2200
D,32877210,1026,1688,-1,-11600,266,86,89,0,69,0,01,13,3,2200
D,32878229,1019,1688,0,-11600,279,86,86,0,69,0,01,13,3,2200
D,32879259,1030,1687,-1,-11599,320,86,95,0,69,0,01,13,3,2200
D,32880169,910,1687,0,-11599,229,87,95,0,69,0,01,13,3,2200
D,32881154,985,1687,0,-11599,216,87,87,0,69,0,01,13,3,2200
D,32882232,1078,1686,-1,-11598,283,87,89,0,69,0,01,13,3,2200
D,32883170,938,1686,0,-11598,229,87,87,0,69,0,01,13,3,2200
D,32884164,994,1686,0,-11598,219,87,87,0,69,0,01,13,3,2200
D,32885160,996,1685,-1,-11597,222,87,95,0,69,0,01,13,3,2200
D,32886200,1040,1685,0,-11597,254,87,89,0,69,0,01,13,3,2200
D,32887184,984,1684,-1,-11596,240,87,95,0,69,0,01,13,3,2200
D,32888283,1099,1684,0,-11596,341,87,89,0,69,0,01,13,3,2200
D,32889367,1084,1684,0,-11596,422,88,89,0,69,0,01,13,3,2200
D,32890277,910,1683,-1,-11595,330,88,97,0,69,0,01,13,3,2200
D,32891235,958,1683,0,-11595,289,88,89,0,69,0,01,13,3,2200
D,32892199,964,1683,0,-11595,254,88,87,0,69,0,01,13,3,2200
D,32893192,993,1682,-1,-11594,251,88,98,0,69,0,01,13,3,2200
D,32894208,1016,1682,0,-11594,275,88,89,0,69,0,01,13,3,2200
D,32895229,1021,1682,0,-11594,283,88,89,0,69,0,01,13,3,2200
D,32896177,948,1681,-1,-11593,239,89,94,0,69,0,01,13,3,2200
D,32897207,1030,1681,0,-11593,264,89,89,0,69,0,01,13,3,2200
D,32898213,1006,1680,-1,-11592,269,89,94,0,69,0,01,13,3,2200
D,32899261,1048,1680,0,-11592,325,89,87,0,69,0,01,13,3,2200
D,32900165,904,1680,0,-11592,228,89,87,0,69,0,01,13,3,2200
D,32901160,995,1680,0,-11592,218,89,87,0,69,0,01,13,3,2200
D,32902199,1039,1679,-1,-11591,264,89,89,0,69,0,01,13,3,2200
D,32903172,973,1679,0,-11591,227,89,87,0,69,0,01,13,3,2200
D,32904160,988,1678,-1,-11590,223,89,95,0,69,0,01,13,3,2200
D,32905163,1003,1678,0,-11590,218,89,87,0,69,0,01,13,3,2200
D,32906198,1035,1678,0,-11590,252,89,89,0,69,0,01,13,3,2200
D,32907188,990,1677,-1,-11589,239,89,94,0,69,0,01,13,3,2200
D,32908284,1096,1677,0,-11589,338,89,89,0,69,0,01,13,3,2200
D,32909364,1080,1676,-1,-11588,422,89,89,0,69,0,01,13,3,2200
D,32910304,940,1676,0,-11588,346,89,89,0,69,0,01,13,3,2200
D,32911221,917,1676,0,-11588,288,89,89,0,69,0,01,13,3,2200
D,32912187,966,1676,0,-11588,244,89,87,0,69,0,01,13,3,2200
D,32913180,993,1675,-1,-11587,245,89,89,0,69,0,01,13,3,2200
D,32914222,1042,1675,0,-11587,275,89,89,0,69,0,01,13,3,2200
D,32915213,991,1674,-1,-11586,276,89,89,0,69,0,01,13,3,2200
D,32916178,965,1674,0,-11586,235,89,87,0,69,0,01,13,3,2200
D,32917203,1025,1674,0,-11586,263,89,81,0,69,0,01,13,3,2200
D,32918224,1021,1674,0,-11586,286,88,79,0,69,0,01,13,3,2200
D,32919261,1037,1673,-1,-11585,325,88,87,0,69,0,01,13,3,2200
D,32920166,905,1673,0,-11585,228,88,87,0,69,0,01,13,3,2200
D,32921153,987,1672,-1,-11584,216,88,87,0,69,0,01,13,3,2200
D,32922219,1066,1672,0,-11584,286,88,89,0,68,0,01,13,3,2200
D,32923201,982,1672,0,-11584,256,88,81,0,68,0,01,13,3,2200
D,32924162,961,1671,-1,-11583,223,88,87,0,68,0,01,13,3,2200
D,32925167,1005,1671,0,-11583,222,88,87,0,68,0,01,13,3,2200
D,32926215,1048,1671,0,-11583,270,88,81,0,68,0,01,13,3,2200
D,32927194,979,1670,-1,-11582,246,87,87,0,68,0,01,13,3,2200
D,32928274,1080,1670,0,-11582,335,87,81,0,68,0,01,13,3,2200
D,32929355,1081,1669,-1,-11581,417,87,89,0,68,0,01,13,3,2200
D,32930295,940,1669,0,-11581,359,87,89,0,67,0,01,13,3,2200
D,32931244,949,1669,0,-11581,298,87,89,0,67,0,01,13,3,2200
D,32932202,958,1668,-1,-11580,256,88,90,0,67,0,01,13,3,2200
D,32933189,987,1668,0,-11580,255,88,89,0,67,0,01,13,3,2200
D,32934220,1031,1668,0,-11580,279,87,81,0,67,0,01,13,3,2200
D,32935226,1006,1667,-1,-11579,284,87,89,0,67,0,01,13,3,2200
D,32936184,958,1667,0,-11579,241,87,87,0,67,0,01,13,3,2200
D,32937201,1017,1667,0,-11579,268,87,81,0,67,0,01,13,3,2200
D,32938196,995,1666,-1,-11578,261,87,87,0,67,0,01,13,3,2200
D,32939262,1066,1666,0,-11578,326,87,87,0,67,0,01,13,3,2200
D,32940175,913,1666,0,-11578,231,87,79,0,67,0,01,13,3,2200
D,32941156,981,1665,-1,-11577,219,87,87,0,67,0,01,13,3,2200
D,32942234,1078,1665,0,-11577,288,87,89,0,66,0,01,13,3,2200
D,32943193,959,1664,-1,-11576,250,87,89,0,66,0,01,13,3,2200
D,32944161,968,1664,0,-11576,219,87,87,0,66,0,01,13,3,2200
D,32945163,1002,1664,0,-11576,225,87,87,0,66,0,01,13,3,2200
D,32946204,1041,1663,-1,-11575,266,87,89,0,65,0,01,13,3,2200
D,32947191,987,1663,0,-11575,251,87,87,0,65,0,01,13,3,2200
D,32948274,1083,1663,0,-11575,332,87,89,0,65,0,01,13,3,2200
D,32949366,1092,1662,-1,-11574,423,87,89,0,65,0,01,13,3,2200
D,32950305,939,1662,0,-11574,345,87,89,0,65,0,01,13,3,2200
D,32951522,1217,1661,-1,-11573,320,87,88,0,65,0,01,13,3,2200
D,32952190,668,1661,0,-11573,255,87,87,0,65,0,01,13,3,2200
D,32953205,1015,1661,0,-11573,258,87,90,0,65,0,01,13,3,2200
D,32954211,1006,1661,0,-11573,260,87,81,0,64,0,01,13,3,2200
D,32955228,1017,1660,-1,-11572,289,87,89,0,64,0,01,13,3,2200
D,32956190,962,1660,0,-11572,244,87,87,0,64,0,01,13,3,2200
D,32957201,1011,1660,0,-11572,264,87,81,0,64,0,01,13,3,2200
D,32958239,1038,1659,-1,-11571,289,87,87,0,64,0,01,13,3,2200
D,32959281,1042,1659,0,-11571,343,87,87,0,64,0,01,13,3,2200
D,32960167,886,1659,0,-11571,231,87,79,0,64,0,01,13,3,2200
D,32961150,983,1658,-1,-11570,216,87,87,0,64,0,01,13,3,2200
D,32962244,1094,1658,0,-11570,281,86,81,0,63,0,01,13,3,2200
D,32963193,949,1657,-1,-11569,248,87,90,0,63,0,01,13,3,2200
D,32964159,966,1657,0,-11569,217,87,87,0,63,0,01,13,3,2200
D,32965160,1001,1657,0,-11569,222,87,87,0,63,0,01,13,3,2200
D,32966177,1017,1656,-1,-11568,239,87,87,0,63,0,01,13,3,2200
D,32967184,1007,1656,0,-11568,241,87,87,0,63,0,01,13,3,2200
D,32968277,1093,1655,-1,-11567,332,87,89,0,63,0,01,13,3,2200
D,32969369,1092,1655,0,-11567,426,87,89,0,63,0,01,13,3,2200
D,32970303,934,1655,0,-11567,352,87,89,0,62,0,01,13,3,2200
D,32971222,919,1654,-1,-11566,288,87,89,0,62,0,01,13,3,2200
D,32972189,967,1654,0,-11566,245,87,87,0,62,0,01,13,3,2200
D,32973197,1008,1654,0,-11566,253,87,81,0,62,0,01,13,3,2200
D,32974205,1008,1654,0,-11566,264,87,81,0,62,0,01,13,3,2200
D,32975233,1028,1653,-1,-11565,287,87,89,0,62,0,01,13,3,2200
D,32976182,949,1653,0,-11565,244,87,87,0,62,0,01,13,3,2200
D,32977198,1016,1653,0,-11565,265,86,81,0,62,0,01,13,3,2200
D,32978220,1022,1652,-1,-11564,284,86,87,0,61,0,01,13,3,2200
D,32979280,1060,1652,0,-11564,334,86,87,0,61,0,01,13,3,2200
D,32980170,890,1652,0,-11564,230,86,79,0,61,0,01,13,3,2200
D,32981151,981,1651,-1,-11563,217,86,87,0,61,0,01,13,3,2200
D,32982211,1060,1651,0,-11563,260,86,81,0,61,0,01,13,3,2200
D,32983160,949,1650,-1,-11562,223,86,87,0,61,0,01,13,3,2200
D,32984167,1007,1650,0,-11562,222,86,87,0,61,0,01,13,3,2200
D,32985153,986,1650,0,-11562,215,86,87,0,61,0,01,13,3,2200
D,32986214,1061,1649,-1,-11561,277,86,89,0,61,0,01,13,3,2200
D,32987189,975,1649,0,-11561,247,86,87,0,61,0,01,13,3,2200
D,32988277,1088,1649,0,-11561,330,86,81,0,61,0,01,13,3,2200
D,32989361,1084,1648,-1,-11560,413,86,89,0,61,0,01,13,3,2200
D,32990312,951,1648,0,-11560,362,86,89,0,60,0,01,13,3,2200
D,32991234,922,1648,0,-11560,292,86,81,0,60,0,01,13,3,2200
D,32992177,943,1647,-1,-11559,244,86,87,0,60,0,01,13,3,2200
D,32993203,1026,1647,0,-11559,257,86,81,0,60,0,01,13,3,2200
D,32994212,1009,1647,0,-11559,272,86,81,0,59,0,01,13,3,2200
D,32995219,1007,1647,0,-11559,285,86,81,0,59,0,01,13,3,2200
D,32996173,954,1646,-1,-11558,238,86,87,0,59,0,01,13,3,2200
D,32997208,1035,1646,0,-11558,264,85,81,0,59,0,01,13,3,2200
D,32998212,1004,1646,0,-11558,268,85,79,0,59,0,01,13,3,2200
D,32999255,1043,1645,-1,-11557,317,85,79,0,59,0,01,13,3,2200
D,33000173,918,1645,0,-11557,235,85,79,0,59,0,01,13,3,2200
D,33001151,978,1645,0,-11557,216,84,79,0,59,0,01,13,3,2200
D,33002240,1089,1644,-1,-11556,298,84,81,0,59,0,01,13,3,2200
D,33003197,957,1644,0,-11556,254,84,81,0,59,0,01,13,3,2200
D,33004149,952,1643,-1,-11555,215,84,87,0,59,0,01,13,3,2200
D,33005159,1010,1643,0,-11555,221,84,87,0,59,0,01,13,3,2200
D,33006202,1043,1643,0,-11555,263,84,81,0,58,0,01,13,3,2200
D,33007182,980,1643,0,-11555,247,84,79,0,58,0,01,13,3,2200
D,33008272,1090,1642,-1,-11554,329,84,81,0,58,0,01,13,3,2200
D,33009363,1091,1642,0,-11554,424,84,81,0,58,0,01,13,3,2200
D,33010299,936,1642,0,-11554,354,84,81,0,57,0,01,13,3,2200
D,33011237,938,1641,-1,-11553,292,84,81,0,57,0,01,13,3,2200
D,33012186,949,1641,0,-11553,244,83,79,0,57,0,01,13,3,2200
D,33013198,1012,1641,0,-11553,250,83,73,0,57,0,01,13,3,2200
D,33014213,1015,1641,0,-11553,273,83,73,0,57,0,01,13,3,2200
D,33015222,1009,1640,-1,-11552,283,83,81,0,57,0,01,13,3,2200
D,33016190,968,1640,0,-11552,240,82,79,0,57,0,01,13,3,2200
D,33017207,1017,1640,0,-11552,264,82,73,0,57,0,01,13,3,2200
D,33018191,984,1639,-1,-11551,254,82,79,0,57,0,01,13,3,2200
D,33019262,1071,1639,0,-11551,326,82,79,0,57,0,01,13,3,2200
D,33020169,907,1639,0,-11551,232,81,71,0,57,0,01,13,3,2200
D,33021153,984,1638,-1,-11550,216,81,79,0,57,0,01,13,3,2200
D,33022233,1080,1638,0,-11550,286,81,73,0,56,0,01,13,3,2200
D,33023190,957,1638,0,-11550,248,81,71,0,56,0,01,13,3,2200
D,33024163,973,1637,-1,-11549,220,81,79,0,56,0,01,13,3,2200
D,33025160,997,1637,0,-11549,222,80,79,0,56,0,01,13,3,2200
D,33026225,1065,1637,0,-11549,276,80,73,0,55,0,01,13,3,2200
D,33027181,956,1636,-1,-11548,244,80,79,0,55,0,01,13,3,2200
D,33028262,1081,1636,0,-11548,322,80,81,0,55,0,01,13,3,2200
D,33029358,1096,1636,0,-11548,419,80,73,0,55,0,01,13,3,2200
D,33030273,915,1635,-1,-11547,340,80,81,0,54,0,01,13,3,2200
D,33031237,964,1635,0,-11547,303,80,81,0,54,0,01,13,3,2200
D,33032191,954,1635,0,-11547,248,80,79,0,54,0,01,13,3,2200
D,33033206,1015,1635,0,-11547,262,80,73,0,54,0,01,13,3,2200
D,33034193,987,1634,-1,-11546,242,79,73,0,54,0,01,13,3,2200
D,33035221,1028,1634,0,-11546,280,79,73,0,54,0,01,13,3,2200
D,33036191,970,1634,0,-11546,245,79,71,0,54,0,01,13,3,2200
D,33037205,1014,1633,-1,-11545,260,79,81,0,54,0,01,13,3,2200
D,33038232,1027,1633,0,-11545,285,79,79,0,54,0,01,13,3,2200
D,33039272,1040,1633,0,-11545,332,79,71,0,54,0,01,13,3,2200
D,33040175,903,1633,0,-11545,238,78,71,0,54,0,01,13,3,2200
D,33041150,975,1632,-1,-11544,216,78,79,0,54,0,01,13,3,2200
D,33042180,1030,1632,0,-11544,230,78,71,0,54,0,01,13,3,2200
D,33043166,986,1632,0,-11544,220,78,71,0,54,0,01,13,3,2200
D,33044160,994,1631,-1,-11543,223,78,79,0,54,0,01,13,3,2200
D,33045154,994,1631,0,-11543,216,78,79,0,54,0,01,13,3,2200
D,33046228,1074,1631,0,-11543,285,78,73,0,53,0,01,13,3,2200
D,33047196,968,1630,-1,-11542,263,78,79,0,53,0,01,13,3,2200
D,33048256,1060,1630,0,-11542,315,78,73,0,53,0,01,13,3,2200
D,33049368,1112,1630,0,-11542,421,77,73,0,53,0,01,13,3,2200
D,33050308,940,1630,0,-11542,355,77,73,0,52,0,01,13,3,2200
D,33051509,1201,1629,-1,-11541,316,77,72,0,52,0,01,13,3,2200
D,33052195,686,1629,0,-11541,259,77,71,0,52,0,01,13,3,2200
D,33053203,1008,1628,-1,-11540,259,77,81,0,52,0,01,13,3,2200
D,33054205,1002,1628,0,-11540,250,77,73,0,52,0,01,13,3,2200
D,33055209,1004,1628,0,-11540,275,77,73,0,52,0,01,13,3,2200
D,33056187,978,1627,-1,-11539,246,77,79,0,52,0,01,13,3,2200
D,33057194,1007,1627,0,-11539,256,77,73,0,52,0,01,13,3,2200
D,33058238,1044,1627,0,-11539,290,76,71,0,52,0,01,13,3,2200
D,33059272,1034,1627,0,-11539,333,76,71,0,52,0,01,13,3,2200
D,33060178,906,1626,-1,-11538,229,76,79,0,52,0,01,13,3,2200
D,33061157,979,1626,0,-11538,216,76,71,0,52,0,01,13,3,2200
D,33062238,1081,1626,0,-11538,287,76,73,0,51,0,01,13,3,2200
D,33063184,946,1626,0,-11538,247,76,71,0,51,0,01,13,3,2200
D,33064153,969,1625,-1,-11537,216,76,79,0,51,0,01,13,3,2200
D,33065161,1008,1625,0,-11537,221,76,71,0,51,0,01,13,3,2200
D,33066207,1046,1625,0,-11537,268,76,73,0,50,0,01,13,3,2200
D,33067180,973,1625,0,-11537,238,75,71,0,50,0,01,13,3,2200
D,33068276,1096,1625,0,-11537,332,75,65,0,50,0,01,13,3,2200
D,33069356,1080,1624,-1,-11536,412,75,73,0,50,0,01,13,3,2200
D,33070256,900,1624,0,-11536,309,75,73,0,50,0,01,13,3,2200
D,33071216,960,1624,0,-11536,282,74,65,0,50,0,01,13,3,2200
D,33072190,974,1624,0,-11536,242,74,65,0,50,0,01,13,3,2200
D,33073194,1004,1623,-1,-11535,248,74,73,0,50,0,01,13,3,2200
D,33074206,1012,1623,0,-11535,272,74,65,0,49,0,01,13,3,2200
D,33075224,1018,1623,0,-11535,290,73,65,0,49,0,01,13,3,2200
D,33076180,956,1622,-1,-11534,246,73,71,0,49,0,01,13,3,2200
D,33077205,1025,1622,0,-11534,263,73,65,0,49,0,01,13,3,2200
D,33078247,1042,1622,0,-11534,294,72,63,0,48,0,01,13,3,2200
D,33079264,1017,1622,0,-11534,326,72,63,0,48,0,01,13,3,2200
D,33080165,901,1621,-1,-11533,231,72,71,0,48,0,01,13,3,2200
D,33081162,997,1621,0,-11533,217,72,71,0,48,0,01,13,3,2200
D,33082211,1049,1621,0,-11533,263,72,65,0,48,0,01,13,3,2200
D,33083160,949,1621,0,-11533,220,71,63,0,48,0,01,13,3,2200
D,33084157,997,1621,0,-11533,223,71,55,0,48,0,01,13,3,2200
D,33085153,996,1620,-1,-11532,215,71,63,0,48,0,01,13,3,2200
D,33086215,1062,1620,0,-11532,281,70,57,0,48,0,01,13,3,2200
D,33087184,969,1620,0,-11532,251,69,55,0,48,0,01,13,3,2200
D,33088265,1081,1620,0,-11532,325,69,57,0,48,0,01,13,3,2200
D,33089357,1092,1619,-1,-11531,413,69,65,0,48,0,01,13,3,2200
D,33090303,946,1619,0,-11531,351,68,57,0,47,0,01,13,3,2200
D,33091238,935,1619,0,-11531,293,68,57,0,47,0,01,13,3,2200
D,33092186,948,1619,0,-11531,252,67,55,0,47,0,01,13,3,2200
D,33093201,1015,1618,-1,-11530,262,67,65,0,47,0,01,13,3,2200
D,33094198,997,1618,0,-11530,258,67,57,0,47,0,01,13,3,2200
D,33095226,1028,1618,0,-11530,281,66,57,0,47,0,01,13,3,2200
D,33096178,952,1618,0,-11530,236,66,55,0,47,0,01,13,3,2200
D,33097206,1028,1618,0,-11530,264,66,57,0,47,0,01,13,3,2200
D,33098250,1044,1617,-1,-11529,302,66,63,0,46,0,01,13,3,2200
D,33099257,1007,1617,0,-11529,321,65,63,0,46,0,01,13,3,2200
D,33100182,925,1617,0,-11529,236,65,55,0,46,0,01,13,3,2200
D,33101159,977,1617,0,-11529,217,65,55,0,46,0,01,13,3,2200
D,33102212,1053,1617,0,-11529,262,64,57,0,46,0,01,13,3,2200
D,33103160,948,1616,-1,-11528,217,64,63,0,46,0,01,13,3,2200
D,33104160,1000,1616,0,-11528,223,64,55,0,46,0,01,13,3,2200
D,33105158,998,1616,0,-11528,217,64,55,0,46,0,01,13,3,2200
D,33106212,1054,1615,-1,-11527,274,63,57,0,45,0,01,13,3,2200
D,33107194,982,1615,0,-11527,255,63,55,0,45,0,01,13,3,2200
D,33108252,1058,1615,0,-11527,317,63,57,0,45,0,01,13,3,2200
D,33109357,1105,1615,0,-11527,408,63,57,0,45,0,01,13,3,2200
D,33110250,893,1614,-1,-11526,312,62,57,0,45,0,01,13,3,2200
D,33111220,970,1614,0,-11526,287,62,57,0,45,0,01,13,3,2200
D,33112191,971,1614,0,-11526,245,62,55,0,45,0,01,13,3,2200
D,33113209,1018,1614,0,-11526,265,62,57,0,45,0,01,13,3,2200
D,33114196,987,1614,0,-11526,251,61,57,0,44,0,01,13,3,2200
D,33115230,1034,1613,-1,-11525,294,61,57,0,44,0,01,13,3,2200
D,33116176,946,1613,0,-11525,238,61,55,0,44,0,01,13,3,2200
D,33117208,1032,1613,0,-11525,264,61,57,0,44,0,01,13,3,2200
D,33118210,1002,1613,0,-11525,258,61,55,0,44,0,01,13,3,2200
D,33119262,1052,1612,-1,-11524,326,61,63,0,44,0,01,13,3,2200
D,33120171,909,1612,0,-11524,226,61,55,0,44,0,01,13,3,2200
D,33121153,982,1612,0,-11524,216,60,55,0,44,0,01,13,3,2200
D,33122245,1092,1612,0,-11524,291,60,57,0,43,0,01,13,3,2200
D,33123191,946,1611,-1,-11523,252,60,63,0,43,0,01,13,3,2200
D,33124150,959,1611,0,-11523,213,60,55,0,43,0,01,13,3,2200
D,33125159,1009,1611,0,-11523,221,60,55,0,43,0,01,13,3,2200
D,33126203,1044,1611,0,-11523,256,60,57,0,42,0,01,13,3,2200
D,33127200,997,1611,0,-11523,252,60,55,0,42,0,01,13,3,2200
D,33128277,1077,1611,0,-11523,334,59,49,0,42,0,01,13,3,2200
D,33129363,1086,1610,-1,-11522,421,59,57,0,42,0,01,13,3,2200
D,33130257,894,1610,0,-11522,322,59,57,0,42,0,01,13,3,2200
D,33131227,970,1610,0,-11522,285,59,57,0,42,0,01,13,3,2200
D,33132189,962,1610,0,-11522,249,59,55,0,42,0,01,13,3,2200
D,33133208,1019,1610,0,-11522,262,58,49,0,42,0,01,13,3,2200
D,33134217,1009,1610,0,-11522,270,58,49,0,41,0,01,13,3,2200
D,33135228,1011,1609,-1,-11521,295,58,57,0,41,0,01,13,3,2200
D,33136183,955,1609,0,-11521,238,58,55,0,41,0,01,13,3,2200
D,33137209,1026,1609,0,-11521,263,57,49,0,41,0,01,13,3,2200
D,33138195,986,1609,0,-11521,255,57,47,0,41,0,01,13,3,2200
D,33139270,1075,1608,-1,-11520,330,57,55,0,41,0,01,13,3,2200
D,33140165,895,1608,0,-11520,225,57,55,0,41,0,01,13,3,2200
D,33141161,996,1608,0,-11520,221,57,47,0,41,0,01,13,3,2200
D,33142234,1073,1608,0,-11520,297,56,49,0,40,0,01,13,3,2200
D,33143193,959,1608,0,-11520,255,56,47,0,40,0,01,13,3,2200
D,33144158,965,1607,-1,-11519,219,56,55,0,40,0,01,13,3,2200
D,33145160,1002,1607,0,-11519,223,56,55,0,40,0,01,13,3,2200
D,33146185,1025,1607,0,-11519,238,56,49,0,40,0,01,13,3,2200
D,33147179,994,1607,0,-11519,243,55,47,0,40,0,01,13,3,2200
D,33148263,1084,1607,0,-11519,323,55,49,0,40,0,01,13,3,2200
D,33149354,1091,1606,-1,-11518,406,55,49,0,40,0,01,13,3,2200
D,33150295,941,1606,0,-11518,346,54,49,0,40,0,01,13,3,2200
D,33151500,1205,1606,0,-11518,314,54,48,0,40,0,01,13,3,2200
D,33152205,705,1606,0,-11518,254,54,47,0,40,0,01,13,3,2200
D,33153195,990,1606,0,-11518,257,53,41,0,40,0,01,13,3,2200
D,33154184,989,1606,0,-11518,251,53,41,0,40,0,01,13,3,2200
D,33155222,1038,1606,0,-11518,281,52,41,0,40,0,01,13,3,2200
D,33156198,976,1605,-1,-11517,252,52,47,0,40,0,01,13,3,2200
D,33157207,1009,1605,0,-11517,265,52,49,0,40,0,01,13,3,2200
D,33158209,1002,1605,0,-11517,273,52,47,0,39,0,01,13,3,2200
D,33159279,1070,1605,0,-11517,336,52,47,0,39,0,01,13,3,2200
D,33160170,891,1605,0,-11517,228,51,40,0,39,0,01,13,3,2200
D,33161153,983,1605,0,-11517,216,51,40,0,39,0,01,13,3,2200
D,33162242,1089,1604,-1,-11516,289,51,49,0,37,0,01,13,3,2200
D,33163181,939,1604,0,-11516,246,51,47,0,37,0,01,13,3,2200
D,33164151,970,1604,0,-11516,214,51,47,0,37,0,01,13,3,2200
D,33165162,1011,1604,0,-11516,223,50,47,0,37,0,01,13,3,2200
D,33166161,999,1604,0,-11516,221,50,39,0,37,0,01,13,3,2200
D,33167169,1008,1604,0,-11516,228,50,39,0,37,0,01,13,3,2200
D,33168286,1117,1604,0,-11516,344,49,41,0,37,0,01,13,3,2200
D,33169346,1060,1604,0,-11516,408,48,32,0,37,0,01,13,3,2200
D,33170298,952,1604,0,-11516,363,48,32,0,37,0,01,13,3,2200
D,33171224,926,1603,-1,-11515,280,48,41,0,37,0,01,13,3,2200
D,33172178,954,1603,0,-11515,242,47,39,0,37,0,01,13,3,2200
D,33173199,1021,1603,0,-11515,253,47,41,0,37,0,01,13,3,2200
D,33174229,1030,1603,0,-11515,295,46,32,0,36,0,01,13,3,2200
D,33175215,986,1603,0,-11515,281,46,32,0,36,0,01,13,3,2200
D,33176180,965,1603,0,-11515,233,45,31,0,36,0,01,13,3,2200
D,33177193,1013,1603,0,-11515,259,45,33,0,36,0,01,13,3,2200
D,33178215,1022,1603,0,-11515,275,44,31,0,36,0,01,13,3,2200
D,33179266,1051,1602,-1,-11514,327,44,39,0,36,0,01,13,3,2200
D,33180172,906,1602,0,-11514,234,44,32,0,36,0,01,13,3,2200
D,33181149,977,1602,0,-11514,215,43,32,0,36,0,01,13,3,2200
D,33182237,1088,1602,0,-11514,291,43,33,0,35,0,01,13,3,2200
D,33183190,953,1602,0,-11514,249,42,32,0,35,0,01,13,3,2200
D,33184154,964,1602,0,-11514,212,42,32,0,35,0,01,13,3,2200
D,33185160,1006,1602,0,-11514,221,42,32,0,35,0,01,13,3,2200
D,33186174,1014,1602,0,-11514,228,41,32,0,35,0,01,13,3,2200
D,33187173,999,1602,0,-11514,229,40,24,0,35,0,01,13,3,2200
D,33188262,1089,1601,-1,-11513,320,40,32,0,35,0,01,13,3,2200
D,33189358,1096,1601,0,-11513,417,40,32,0,35,0,01,13,3,2200
D,33190312,954,1601,0,-11513,375,39,32,0,34,0,01,13,3,2200
D,33191232,920,1601,0,-11513,287,39,32,0,34,0,01,13,3,2200
D,33192184,952,1601,0,-11513,240,39,31,0,34,0,01,13,3,2200
D,33193203,1019,1601,0,-11513,259,38,24,0,34,0,01,13,3,2200
D,33194208,1005,1601,0,-11513,270,38,24,0,34,0,01,13,3,2200
D,33195201,993,1601,0,-11513,264,37,24,0,34,0,01,13,3,2200
D,33196173,972,1600,-1,-11512,229,37,33,0,34,0,01,13,3,2200
D,33197208,1035,1600,0,-11512,262,37,33,0,34,0,01,13,3,2200
D,33198232,1024,1600,0,-11512,285,37,31,0,34,0,01,13,3,2200
D,33199261,1029,1600,0,-11512,322,36,32,0,34,0,01,13,3,2200
D,33200166,905,1600,0,-11512,229,36,32,0,34,0,01,13,3,2200
D,33201153,987,1600,0,-11512,216,36,32,0,34,0,01,13,3,2200
D,33202254,1101,1600,0,-11512,306,36,24,0,33,0,01,13,3,2200
D,33203178,924,1600,0,-11512,243,35,24,0,33,0,01,13,3,2200
D,33204152,974,1600,0,-11512,212,35,24,0,33,0,01,13,3,2200
D,33205160,1008,1600,0,-11512,222,34,24,0,33,0,01,13,3,2200
D,33206174,1014,1600,0,-11512,230,34,24,0,33,0,01,13,3,2200
D,33207171,997,1600,0,-11512,229,33,24,0,33,0,01,13,3,2200
D,33208279,1108,1599,-1,-11511,334,33,32,0,33,0,01,13,3,2200
D,33209352,1073,1599,0,-11511,410,33,24,0,33,0,01,13,3,2200
D,33210331,979,1599,0,-11511,394,33,24,0,32,0,01,13,3,2200
D,33211220,889,1599,0,-11511,287,32,24,0,32,0,01,13,3,2200
D,33212182,962,1599,0,-11511,235,32,24,0,32,0,01,13,3,2200
D,33213200,1018,1599,0,-11511,259,32,24,0,32,0,01,13,3,2200
D,33214208,1008,1599,0,-11511,265,32,24,0,32,0,01,13,3,2200
D,33215209,1001,1599,0,-11511,267,31,24,0,32,0,01,13,3,2200
D,33216175,966,1599,0,-11511,231,31,24,0,32,0,01,13,3,2200
D,33217200,1025,1599,0,-11511,259,31,24,0,32,0,01,13,3,2200
D,33218202,1002,1598,-1,-11510,262,31,31,0,32,0,01,13,3,2200
D,33219260,1058,1598,0,-11510,321,30,24,0,32,0,01,13,3,2200
D,33220169,909,1598,0,-11510,235,30,24,0,32,0,01,13,3,2200
D,33221155,986,1598,0,-11510,216,30,24,0,32,0,01,13,3,2200
D,33222242,1087,1598,0,-11510,297,30,24,0,31,0,01,13,3,2200
D,33223186,944,1598,0,-11510,247,29,24,0,31,0,01,13,3,2200
D,33224155,969,1598,0,-11510,213,29,24,0,31,0,01,13,3,2200
D,33225161,1006,1598,0,-11510,221,29,24,0,31,0,01,13,3,2200
D,33226181,1020,1598,0,-11510,233,29,16,0,31,0,01,13,3,2200
D,33227165,984,1598,0,-11510,229,28,16,0,31,0,01,13,3,2200
D,33228263,1098,1598,0,-11510,323,28,16,0,31,0,01,13,3,2200
D,33229359,1096,1597,-1,-11509,416,27,24,0,31,0,01,13,3,2200
D,33230307,948,1597,0,-11509,358,27,24,0,31,0,01,13,3,2200
D,33231208,901,1597,0,-11509,263,27,24,0,31,0,01,13,3,2200
D,33232179,971,1597,0,-11509,246,27,24,0,31,0,01,13,3,2200
D,33233200,1021,1597,0,-11509,259,27,24,0,31,0,01,13,3,2200
D,33234250,1050,1597,0,-11509,291,27,24,0,29,0,01,13,3,2200
D,33235238,988,1597,0,-11509,292,27,24,0,29,0,01,13,3,2200
D,33236171,933,1597,0,-11509,233,27,24,0,29,0,01,13,3,2200
D,33237205,1034,1597,0,-11509,264,27,24,0,29,0,01,13,3,2200
D,33238227,1022,1597,0,-11509,271,26,24,0,29,0,01,13,3,2200
D,33239275,1048,1597,0,-11509,332,26,16,0,29,0,01,13,3,2200
D,33240172,897,1597,0,-11509,232,26,16,0,29,0,01,13,3,2200
D,33241161,989,1597,0,-11509,216,25,16,0,29,0,01,13,3,2200
D,33242248,1087,1597,0,-11509,296,25,16,0,28,0,01,13,3,2200
D,33243183,935,1597,0,-11509,245,25,16,0,28,0,01,13,3,2200
D,33244154,971,1597,0,-11509,214,24,16,0,28,0,01,13,3,2200
D,33245161,1007,1597,0,-11509,224,24,16,0,28,0,01,13,3,2200
D,33246173,1012,1597,0,-11509,225,24,16,0,28,0,01,13,3,2200
D,33247170,997,1597,0,-11509,237,23,16,0,28,0,01,13,3,2200
D,33248274,1104,1597,0,-11509,331,23,8,0,28,0,01,13,3,2200
D,33249347,1073,1596,-1,-11508,405,22,16,0,28,0,01,13,3,2200
D,33250302,955,1596,0,-11508,365,22,16,0,28,0,01,13,3,2200
D,33251458,1156,1596,0,-11508,284,22,16,0,28,0,01,13,3,2200
D,33252203,745,1596,0,-11508,258,22,16,0,28,0,01,13,3,2200
D,33253205,1002,1596,0,-11508,269,21,16,0,28,0,01,13,3,2200
D,33254239,1034,1596,0,-11508,292,21,16,0,27,0,01,13,3,2200
D,33255222,983,1596,0,-11508,288,21,16,0,27,0,01,13,3,2200
D,33256180,958,1596,0,-11508,235,21,16,0,27,0,01,13,3,2200
D,33257194,1014,1596,0,-11508,260,21,16,0,27,0,01,13,3,2200
D,33258225,1031,1596,0,-11508,275,20,16,0,27,0,01,13,3,2200
D,33259278,1053,1596,0,-11508,334,20,16,0,27,0,01,13,3,2200
D,33260168,890,1596,0,-11508,226,20,8,0,27,0,01,13,3,2200
D,33261153,985,1596,0,-11508,216,19,8,0,27,0,01,13,3,2200
D,33262248,1095,1596,0,-11508,294,19,8,0,25,0,01,13,3,2200
D,33263182,934,1596,0,-11508,247,18,8,0,25,0,01,13,3,2200
D,33264152,970,1596,0,-11508,215,18,8,0,25,0,01,13,3,2200
D,33265159,1007,1596,0,-11508,221,18,8,0,25,0,01,13,3,2200
D,33266174,1015,1596,0,-11508,231,17,8,0,25,0,01,13,3,2200
D,33267164,990,1596,0,-11508,227,17,8,0,25,0,01,13,3,2200
D,33268280,1116,1595,-1,-11507,337,17,16,0,25,0,01,13,3,2200
D,33269360,1080,1595,0,-11507,413,17,16,0,25,0,01,13,3,2200
D,33270322,962,1595,0,-11507,367,17,16,0,25,0,01,13,3,2200
D,33271211,889,1595,0,-11507,275,17,16,0,25,0,01,13,3,2200
D,33272194,983,1595,0,-11507,250,17,16,0,25,0,01,13,3,2200
D,33273200,1006,1595,0,-11507,253,17,16,0,25,0,01,13,3,2200
D,33274227,1027,1595,0,-11507,279,17,16,0,25,0,01,13,3,2200
D,33275201,974,1595,0,-11507,266,17,16,0,25,0,01,13,3,2200
D,33276180,979,1595,0,-11507,238,17,16,0,25,0,01,13,3,2200
D,33277199,1019,1595,0,-11507,260,17,16,0,25,0,01,13,3,2200
D,33278245,1046,1595,0,-11507,300,17,16,0,23,0,01,13,3,2200
D,33279260,1015,1595,0,-11507,321,17,16,0,23,0,01,13,3,2200
D,33280174,914,1595,0,-11507,236,16,8,0,23,0,01,13,3,2200
D,33281161,987,1595,0,-11507,216,16,8,0,23,0,01,13,3,2200
D,33282216,1055,1595,0,-11507,268,16,8,0,23,0,01,13,3,2200
D,33283161,945,1595,0,-11507,221,15,8,0,23,0,01,13,3,2200
D,33284160,999,1595,0,-11507,223,15,8,0,23,0,01,13,3,2200
D,33285155,995,1595,0,-11507,215,15,8,0,23,0,01,13,3,2200
D,33286189,1034,1595,0,-11507,242,15,8,0,23,0,01,13,3,2200
D,33287165,976,1595,0,-11507,224,14,8,0,23,0,01,13,3,2200
D,33288260,1095,1595,0,-11507,320,14,8,0,23,0,01,13,3,2200
D,33289350,1090,1595,0,-11507,412,14,8,0,23,0,01,13,3,2200
D,33290334,984,1595,0,-11507,380,14,8,0,22,0,01,13,3,2200
D,33291220,886,1594,-1,-11506,286,14,16,0,22,0,01,13,3,2200
D,33292183,963,1594,0,-11506,238,14,16,0,22,0,01,13,3,2200
D,33293207,1024,1594,0,-11506,260,14,16,0,22,0,01,13,3,2200
D,33294205,998,1595,1,-11507,263,14,8,0,22,0,01,13,3,2200
D,33295206,1001,1594,-1,-11506,269,14,16,0,22,0,01,13,3,2200
D,33296170,964,1594,0,-11506,230,14,16,0,22,0,01,13,3,2200
D,33297203,1033,1594,0,-11506,264,14,16,0,22,0,01,13,3,2200
D,33298204,1001,1594,0,-11506,268,14,16,0,22,0,01,13,3,2200
D,33299262,1058,1594,0,-11506,326,14,8,0,22,0,01,13,3,2200
D,33300171,909,1594,0,-11506,229,13,8,0,22,0,01,13,3,2200
D,33301158,987,1594,0,-11506,219,13,8,0,22,0,01,13,3,2200
D,33302216,1058,1594,0,-11506,278,13,8,0,20,0,01,13,3,2200
D,33303199,983,1594,0,-11506,257,13,8,0,20,0,01,13,3,2200
D,33304162,963,1594,0,-11506,224,13,8,0,20,0,01,13,3,2200
D,33305158,996,1594,0,-11506,223,12,8,0,20,0,01,13,3,2200
D,33306167,1009,1594,0,-11506,234,12,8,0,20,0,01,13,3,2200
D,33307173,1006,1594,0,-11506,230,12,8,0,20,0,01,13,3,2200
D,33308268,1095,1594,0,-11506,325,12,8,0,20,0,01,13,3,2200
D,33309347,1079,1594,0,-11506,408,12,8,0,20,0,01,13,3,2200
D,33310323,976,1594,0,-11506,366,12,8,0,20,0,01,13,3,2200
D,33311216,893,1594,0,-11506,276,12,8,0,20,0,01,13,3,2200
D,33312182,966,1594,0,-11506,235,11,8,0,20,0,01,13,3,2200
D,33313194,1012,1594,0,-11506,259,11,8,0,20,0,01,13,3,2200
D,33314219,1025,1594,0,-11506,274,11,8,0,20,0,01,13,3,2200
D,33315200,981,1594,0,-11506,267,11,8,0,20,0,01,13,3,2200
D,33316180,980,1594,0,-11506,236,11,8,0,20,0,01,13,3,2200
D,33317206,1026,1594,0,-11506,258,11,8,0,20,0,01,13,3,2200
D,33318241,1035,1594,0,-11506,301,11,8,0,18,0,01,13,3,2200
D,33319262,1021,1594,0,-11506,326,11,8,0,18,0,01,13,3,2200
D,33320176,914,1594,0,-11506,230,10,8,0,18,0,01,13,3,2200
D,33321165,989,1594,0,-11506,220,10,8,0,18,0,01,13,3,2200
D,33322201,1036,1594,0,-11506,260,10,0,0,18,0,01,13,3,2200
D,33323160,959,1594,0,-11506,223,10,0,0,18,0,01,13,3,2200
D,33324161,1001,1594,0,-11506,223,9,0,0,18,0,01,13,3,2200
D,33325154,993,1594,0,-11506,215,9,8,0,18,0,01,13,3,2200
D,33326182,1028,1594,0,-11506,237,9,0,0,18,0,01,13,3,2200
D,33327164,982,1594,0,-11506,229,8,0,0,18,0,01,13,3,2200
D,33328264,1100,1594,0,-11506,317,8,0,0,18,0,01,13,3,2200
D,33329350,1086,1594,0,-11506,413,8,0,0,18,0,01,13,3,2200
D,33330317,967,1594,0,-11506,362,7,0,0,18,0,01,13,3,2200
D,33331213,896,1594,0,-11506,265,7,0,0,18,0,01,13,3,2200
D,33332187,974,1594,0,-11506,245,7,0,0,18,0,01,13,3,2200
D,33333203,1016,1594,0,-11506,255,7,0,0,18,0,01,13,3,2200
D,33334211,1008,1594,0,-11506,275,6,0,0,18,0,01,13,3,2200
D,33335204,993,1594,0,-11506,267,6,0,0,18,0,01,13,3,2200
D,33336189,985,1594,0,-11506,245,6,0,0,18,0,01,13,3,2200
D,33337205,1016,1594,0,-11506,259,6,0,0,18,0,01,13,3,2200
D,33338233,1028,1594,0,-11506,288,5,0,0,15,0,01,13,3,2200
D,33339280,1047,1594,0,-11506,338,5,0,0,15,0,01,13,3,2200
D,33340174,894,1594,0,-11506,234,5,0,0,15,0,01,13,3,2200
D,33341160,986,1594,0,-11506,215,5,0,0,15,0,01,13,3,2200
D,33342203,1043,1594,0,-11506,261,5,0,0,15,0,01,13,3,2200
D,33343157,954,1594,0,-11506,222,4,0,0,15,0,01,13,3,2200
D,33344160,1003,1594,0,-11506,223,4,0,0,15,0,01,13,3,2200
D,33345156,996,1594,0,-11506,217,4,0,0,15,0,01,13,3,2200
D,33346189,1033,1594,0,-11506,240,4,0,0,15,0,01,13,3,2200
D,33347163,974,1594,0,-11506,226,4,0,0,15,0,01,13,3,2200
D,33348253,1090,1594,0,-11506,318,4,0,0,15,0,01,13,3,2200
D,33349352,1099,1594,0,-11506,415,3,0,0,15,0,01,13,3,2200
D,33350305,953,1594,0,-11506,353,3,0,0,15,0,01,13,3,2200
D,33351466,1161,1594,0,-11506,286,3,0,0,15,0,01,13,3,2200
D,33352207,741,1594,0,-11506,269,3,0,0,15,0,01,13,3,2200
D,33353203,996,1594,0,-11506,266,3,0,0,15,0,01,13,3,2200
D,33354202,999,1593,-1,-11505,260,3,8,0,15,0,01,13,3,2200
D,33355214,1012,1594,1,-11506,273,3,0,0,15,0,01,13,3,2200
D,33356176,962,1594,0,-11506,242,3,0,0,15,0,01,13,3,2200
D,33357200,1024,1593,-1,-11505,265,3,8,0,15,0,01,13,3,2200
D,33358235,1035,1593,0,-11505,290,3,8,0,15,0,01,13,3,2200
D,33359267,1032,1594,1,-11506,324,3,0,0,15,0,01,13,3,2200
D,33360175,908,1594,0,-11506,235,3,0,0,15,0,01,13,3,2200
D,33361151,976,1594,0,-11506,217,3,0,0,15,0,01,13,3,2200
D,33362240,1089,1593,-1,-11505,292,3,8,0,12,0,01,13,3,2200
D,33363189,949,1593,0,-11505,250,3,8,0,12,0,01,13,3,2200
D,33364159,970,1594,1,-11506,216,3,0,0,12,0,01,13,3,2200
D,33365163,1004,1594,0,-11506,223,3,0,0,12,0,01,13,3,2200
D,33366171,1008,1594,0,-11506,238,3,0,0,12,0,01,13,3,2200
D,33367175,1004,1593,-1,-11505,232,3,8,0,12,0,01,13,3,2200
D,33368272,1097,1594,1,-11506,330,3,0,0,12,0,01,13,3,2200
D,33369353,1081,1594,0,-11506,411,3,0,0,12,0,01,13,3,2200
D,33370322,969,1593,-1,-11505,367,3,8,0,12,0,01,13,3,2200
D,33371209,887,1594,1,-11506,267,3,0,0,12,0,01,13,3,2200
D,33372196,987,1594,0,-11506,248,3,0,0,12,0,01,13,3,2200
D,33373201,1005,1594,0,-11506,255,3,0,0,12,0,01,13,3,2200
D,33374222,1021,1593,-1,-11505,278,3,8,0,12,0,01,13,3,2200
D,33375203,981,1593,0,-11505,261,3,8,0,12,0,01,13,3,2200
D,33376186,983,1594,1,-11506,246,3,0,0,12,0,01,13,3,2200
D,33377200,1014,1594,0,-11506,258,3,0,0,12,0,01,13,3,2200
D,33378224,1024,1594,0,-11506,283,3,0,0,12,0,01,13,3,2200
D,33379261,1037,1593,-1,-11505,320,3,8,0,12,0,01,13,3,2200
D,33380173,912,1593,0,-11505,235,3,8,0,12,0,01,13,3,2200
D,33381155,982,1593,0,-11505,216,3,8,0,12,0,01,13,3,2200
D,33382250,1095,1593,0,-11505,299,4,8,0,9,0,01,13,3,2200
D,33383188,938,1593,0,-11505,252,4,8,0,9,0,01,13,3,2200
D,33384153,965,1593,0,-11505,216,4,8,0,9,0,01,13,3,2200
D,33385162,1009,1593,0,-11505,225,4,0,0,9,0,01,13,3,2200
D,33386184,1022,1593,0,-11505,235,4,8,0,9,0,01,13,3,2200
D,33387165,981,1593,0,-11505,228,4,8,0,9,0,01,13,3,2200
D,33388262,1097,1593,0,-11505,322,4,0,0,9,0,01,13,3,2200
D,33389355,1093,1594,1,-11506,414,4,0,0,9,0,01,13,3,2200
D,33390307,952,1594,0,-11506,357,4,0,0,9,0,01,13,3,2200
D,33391212,905,1593,-1,-11505,267,4,8,0,9,0,01,13,3,2200
D,33392182,970,1593,0,-11505,240,4,8,0,9,0,01,13,3,2200
D,33393206,1024,1594,1,-11506,254,3,-8,0,9,0,01,13,3,2200
D,33394234,1028,1594,0,-11506,284,3,0,0,9,0,01,13,3,2200
D,33395204,970,1593,-1,-11505,261,3,8,0,9,0,01,13,3,2200
D,33396183,979,1593,0,-11505,243,4,8,0,9,0,01,13,3,2200
D,33397195,1012,1593,0,-11505,251,4,0,0,9,0,01,13,3,2200
D,33398244,1049,1593,0,-11505,298,3,0,0,9,0,01,13,3,2200
D,33399260,1016,1594,1,-11506,317,3,0,0,9,0,01,13,3,2200
D,33400167,907,1593,-1,-11505,227,3,8,0,9,0,01,13,3,2200
D,33401160,993,1593,0,-11505,216,3,0,0,9,0,01,13,3,2200
D,33402182,1022,1594,1,-11506,236,3,0,0,9,0,01,13,3,2200
D,33403159,977,1594,0,-11506,217,3,0,0,9,0,01,13,3,2200
D,33404164,1005,1594,0,-11506,227,3,0,0,9,0,01,13,3,2200
D,33405156,992,1593,-1,-11505,216,3,0,0,9,0,01,13,3,2200
D,33406206,1050,1594,1,-11506,253,3,0,0,9,0,01,13,3,2200
D,33407162,956,1594,0,-11506,223,3,0,0,9,0,01,13,3,2200
D,33408279,1117,1594,0,-11506,331,2,0,0,9,0,01,13,3,2200
D,33409347,1068,1594,0,-11506,406,2,-8,0,9,0,01,13,3,2200
D,33410340,993,1594,0,-11506,380,2,-8,0,9,0,01,13,3,2200
D,33411205,865,1594,0,-11506,268,1,-8,0,9,0,01,13,3,2200
D,33412184,979,1594,0,-11506,242,1,-8,0,9,0,01,13,3,2200
D,33413205,1021,1594,0,-11506,259,1,-8,0,9,0,01,13,3,2200
D,33414217,1012,1594,0,-11506,281,0,-8,0,9,0,01,13,3,2200
D,33415205,988,1594,0,-11506,261,0,-8,0,9,0,01,13,3,2200
D,33416184,979,1594,0,-11506,239,0,-8,0,9,0,01,13,3,2200
D,33417203,1019,1594,0,-11506,256,-1,-8,0,9,0,01,13,3,2200
D,33418257,1054,1594,0,-11506,306,-1,-8,0,9,0,01,13,3,2200
D,33419263,1006,1594,0,-11506,323,-1,-8,0,9,0,01,13,3,2200
D,33420171,908,1594,0,-11506,228,-1,0,0,9,0,01,13,3,2200
D,33421156,985,1593,-1,-11505,218,-1,8,0,9,0,01,13,3,2200
D,33422207,1051,1594,1,-11506,272,-1,-8,0,9,0,01,13,3,2200
D,33423168,961,1594,0,-11506,223,-1,-8,0,9,0,01,13,3,2200
D,33424160,992,1594,0,-11506,223,-1,0,0,9,0,01,13,3,2200
D,33425156,996,1594,0,-11506,215,-1,0,0,9,0,01,13,3,2200
D,33426172,1016,1593,-1,-11505,238,-1,0,0,9,0,01,13,3,2200
D,33427174,1002,1593,0,-11505,225,-1,0,0,9,0,01,13,3,2200
D,33428254,1080,1594,1,-11506,315,-2,-8,0,9,0,01,13,3,2200
D,33429360,1106,1594,0,-11506,413,-1,0,0,9,0,01,13,3,2200
D,33430305,945,1594,0,-11506,354,-2,-8,0,9,0,01,13,3,2200
D,33431216,911,1593,-1,-11505,280,-2,0,0,9,0,01,13,3,2200
D,33432182,966,1593,0,-11505,239,-1,8,0,9,0,01,13,3,2200
D,33433196,1014,1594,1,-11506,263,-1,0,0,9,0,01,13,3,2200
D,33434211,1015,1594,0,-11506,268,-1,0,0,9,0,01,13,3,2200
D,33435218,1007,1594,0,-11506,273,-1,-8,0,9,0,01,13,3,2200
D,33436184,966,1594,0,-11506,240,-2,-8,0,9,0,01,13,3,2200
D,33437193,1009,1594,0,-11506,259,-2,0,0,9,0,01,13,3,2200
D,33438213,1020,1594,0,-11506,273,-2,0,0,9,0,01,13,3,2200
D,33439254,1041,1594,0,-11506,318,-1,0,0,9,0,01,13,3,2200
D,33440164,910,1594,0,-11506,228,-1,0,0,9,0,01,13,3,2200
D,33441161,997,1594,0,-11506,216,-1,0,0,9,0,01,13,3,2200
D,33442210,1049,1594,0,-11506,255,-1,0,0,9,0,01,13,3,2200
D,33443160,950,1594,0,-11506,220,-1,0,0,9,0,01,13,3,2200
D,33444160,1000,1594,0,-11506,222,-1,0,0,9,0,01,13,3,2200
D,33445157,997,1594,0,-11506,216,-1,0,0,9,0,01,13,3,2200
D,33446194,1037,1594,0,-11506,243,-1,0,0,9,0,01,13,3,2200
D,33447163,969,1594,0,-11506,225,-1,0,0,9,0,01,13,3,2200
D,33448275,1112,1594,0,-11506,331,-1,0,0,9,0,01,13,3,2200
D,33449354,1079,1594,0,-11506,414,-1,0,0,9,0,01,13,3,2200
D,33450304,950,1594,0,-11506,370,-1,0,0,0,0,01,13,3,2200
D,33451417,1113,1594,0,-11506,256,-1,-8,0,0,0,01,13,3,2200
D,33452221,804,1594,0,-11506,288,-1,0,0,0,0,01,13,3,2200
D,33453193,972,1594,0,-11506,250,-1,0,0,0,0,01,13,3,2200
D,33454232,1039,1594,0,-11506,290,-1,0,0,0,0,01,13,3,2200
D,33455198,966,1594,0,-11506,256,-1,0,0,0,0,01,13,3,2200
D,33456199,1001,1594,0,-11506,256,-1,-8,0,0,0,01,13,3,2200
D,33457184,985,1594,0,-11506,250,-2,-8,0,0,0,01,13,3,2200
D,33458232,1048,1594,0,-11506,292,-2,-8,0,0,0,01,13,3,2200
D,33459261,1029,1594,0,-11506,319,-2,0,0,0,0,01,13,3,2200
D,33460173,912,1594,0,-11506,228,-2,0,0,0,0,01,13,3,2200
D,33461158,985,1594,0,-11506,220,-2,0,0,0,0,01,13,3,2200
D,33462170,1012,1594,0,-11506,232,-2,-8,0,0,0,01,13,3,2200
D,33463163,993,1594,0,-11506,218,-2,-8,0,0,0,01,13,3,2200
D,33464157,994,1594,0,-11506,220,-2,0,0,0,0,01,13,3,2200
D,33465157,1000,1594,0,-11506,218,-2,0,0,0,0,01,13,3,2200
D,33466174,1017,1594,0,-11506,230,-2,0,0,0,0,01,13,3,2200
D,33467168,994,1594,0,-11506,224,-2,0,0,0,0,01,13,3,2200
D,33468253,1085,1594,0,-11506,311,-2,0,0,0,0,01,13,3,2200
D,33469361,1108,1594,0,-11506,417,-2,0,0,0,0,01,13,3,2200
D,33470280,919,1594,0,-11506,332,-2,0,0,0,0,01,13,3,2200
D,33471216,936,1594,0,-11506,273,-2,0,0,0,0,01,13,3,2200
D,33472184,968,1594,0,-11506,248,-2,0,0,0,0,01,13,3,2200
D,33473198,1014,1594,0,-11506,264,-1,0,0,0,0,01,13,3,2200
D,33474229,1031,1594,0,-11506,288,-1,0,0,0,0,01,13,3,2200
D,33475215,986,1594,0,-11506,265,-1,0,0,0,0,01,13,3,2200
D,33476193,978,1594,0,-11506,247,-1,0,0,0,0,01,13,3,2200
D,33477207,1014,1594,0,-11506,262,-1,0,0,0,0,01,13,3,2200
D,33478233,1026,1594,0,-11506,290,-1,0,0,0,0,01,13,3,2200
D,33479256,1023,1594,0,-11506,311,-1,0,0,0,0,01,13,3,2200
D,33480180,924,1594,0,-11506,238,-1,0,0,0,0,01,13,3,2200
D,33481160,980,1594,0,-11506,219,-1,0,0,0,0,01,13,3,2200
D,33482179,1019,1594,0,-11506,236,-1,0,0,0,0,01,13,3,2200
D,33483168,989,1594,0,-11506,222,-1,0,0,0,0,01,13,3,2200
D,33484174,1006,1594,0,-11506,229,-1,0,0,0,0,01,13,3,2200
D,33485155,981,1594,0,-11506,223,-1,0,0,0,0,01,13,3,2200
D,33486180,1025,1594,0,-11506,233,-1,0,0,0,0,01,13,3,2200
D,33487167,987,1594,0,-11506,231,-1,0,0,0,0,01,13,3,2200
D,33488257,1090,1594,0,-11506,311,-1,0,0,0,0,01,13,3,2200
D,33489350,1093,1594,0,-11506,413,-1,0,0,0,0,01,13,3,2200
D,33490293,943,1594,0,-11506,342,-1,0,0,0,0,01,13,3,2200
D,33491221,928,1594,0,-11506,273,-1,0,0,0,0,01,13,3,2200
D,33492192,971,1594,0,-11506,248,-1,0,0,0,0,01,13,3,2200
D,33493209,1017,1594,0,-11506,263,-1,0,0,0,0,01,13,3,2200
D,33494231,1022,1594,0,-11506,283,-1,0,0,0,0,01,13,3,2200
D,33495215,984,1594,0,-11506,268,-1,0,0,0,0,01,13,3,2200
D,33496188,973,1594,0,-11506,253,-1,0,0,0,0,01,13,3,2200
D,33497201,1013,1594,0,-11506,258,-1,0,0,0,0,01,13,3,2200
D,33498237,1036,1594,0,-11506,290,-1,0,0,0,0,01,13,3,2200
D,33499250,1013,1594,0,-11506,307,-1,0,0,0,0,01,13,3,2200
D,33500166,916,1594,0,-11506,232,0,0,0,0,0,01,13,3,2200
D,33501156,990,1594,0,-11506,218,0,0,0,0,0,01,13,3,2200
D,33502167,1011,1594,0,-11506,233,0,0,0,0,0,01,13,3,2200
D,33503162,995,1594,0,-11506,224,0,0,0,0,0,01,13,3,2200
D,33504164,1002,1594,0,-11506,226,0,0,0,0,0,01,13,3,2200
D,33505167,1003,1594,0,-11506,224,0,0,0,0,0,01,13,3,2200
D,33506164,997,1594,0,-11506,231,0,0,0,0,0,01,13,3,2200
D,33507175,1011,1594,0,-11506,234,0,0,0,0,0,01,13,3,2200
D,33508260,1085,1594,0,-11506,319,0,0,0,0,0,01,13,3,2200
D,33509360,1100,1594,0,-11506,416,0,0,0,0,0,01,13,3,2200
D,33510292,932,1594,0,-11506,353,0,0,0,0,0,01,13,3,2200
D,33511211,919,1594,0,-11506,275,0,0,0,0,0,01,13,3,2200
D,33512190,979,1594,0,-11506,240,0,0,0,0,0,01,13,3,2200
D,33513204,1014,1594,0,-11506,259,0,0,0,0,0,01,13,3,2200
D,33514228,1024,1594,0,-11506,280,0,0,0,0,0,01,13,3,2200
D,33515207,979,1594,0,-11506,262,0,0,0,0,0,01,13,3,2200
D,33516195,988,1594,0,-11506,249,0,0,0,0,0,01,13,3,2200
D,33517203,1008,1594,0,-11506,254,0,0,0,0,0,01,13,3,2200
D,33518236,1033,1594,0,-11506,293,0,0,0,0,0,01,13,3,2200
D,33519249,1013,1594,0,-11506,308,0,0,0,0,0,01,13,3,2200
D,33520174,925,1594,0,-11506,232,0,0,0,0,0,01,13,3,2200
D,33521156,982,1594,0,-11506,222,0,0,0,0,0,01,13,3,2200
D,33522171,1015,1594,0,-11506,236,0,0,0,0,0,01,13,3,2200
D,33523162,991,1594,0,-11506,221,0,0,0,0,0,01,13,3,2200
D,33524161,999,1594,0,-11506,228,0,0,0,0,0,01,13,3,2200
D,33525156,995,1594,0,-11506,221,0,0,0,0,0,01,13,3,2200
D,33526168,1012,1594,0,-11506,232,0,0,0,0,0,01,13,3,2200
D,33527185,1017,1594,0,-11506,234,0,0,0,0,0,01,13,3,2200
D,33528264,1079,1594,0,-11506,316,0,0,0,0,0,01,13,3,2200
D,33529354,1090,1594,0,-11506,413,0,0,0,0,0,01,13,3,2200
D,33530284,930,1594,0,-11506,351,0,0,0,0,0,01,13,3,2200
D,33531212,928,1594,0,-11506,263,0,0,0,0,0,01,13,3,2200
D,33532189,977,1594,0,-11506,243,0,0,0,0,0,01,13,3,2200
D,33533201,1012,1594,0,-11506,254,0,0,0,0,0,01,13,3,2200
D,33534234,1033,1594,0,-11506,288,0,0,0,0,0,01,13,3,2200
D,33535212,978,1594,0,-11506,262,0,0,0,0,0,01,13,3,2200
D,33536189,977,1594,0,-11506,250,0,0,0,0,0,01,13,3,2200
D,33537202,1013,1594,0,-11506,256,0,0,0,0,0,01,13,3,2200
D,33538233,1031,1593,-1,-11505,293,0,8,0,0,0,01,13,3,2200
D,33539250,1017,1594,1,-11506,310,0,0,0,0,0,01,13,3,2200
D,33540167,917,1594,0,-11506,232,0,0,0,0,0,01,13,3,2200
D,33541167,1000,1593,-1,-11505,222,0,8,0,0,0,01,13,3,2200
D,33542171,1004,1593,0,-11505,237,1,8,0,0,0,01,13,3,2200
D,33543162,991,1593,0,-11505,221,1,8,0,0,0,01,13,3,2200
D,33544161,999,1594,1,-11506,228,1,0,0,0,0,01,13,3,2200
D,33545156,995,1594,0,-11506,222,1,0,0,0,0,01,13,3,2200
D,33546168,1012,1594,0,-11506,232,1,0,0,0,0,01,13,3,2200
D,33547175,1007,1594,0,-11506,232,1,0,0,0,0,01,13,3,2200
D,33548264,1089,1593,-1,-11505,318,1,8,0,0,0,01,13,3,2200
D,33549347,1083,1593,0,-11505,413,2,8,0,0,0,01,13,3,2200
D,33550298,951,1593,0,-11505,347,2,8,0,0,0,01,13,3,2200
D,33551415,1117,1593,0,-11505,257,2,8,0,0,0,01,13,3,2200
D,33552226,811,1593,0,-11505,285,2,8,0,0,0,01,13,3,2200
D,33553202,976,1593,0,-11505,257,2,8,0,0,0,01,13,3,2200
D,33554230,1028,1593,0,-11505,286,3,8,0,0,0,01,13,3,2200
D,33555221,991,1593,0,-11505,271,3,8,0,0,0,01,13,3,2200
D,33556207,986,1593,0,-11505,263,3,8,0,0,0,01,13,3,2200
D,33557198,991,1593,0,-11505,249,3,8,0,0,0,01,13,3,2200
D,33558240,1042,1593,0,-11505,297,3,8,0,0,0,01,13,3,2200
D,33559260,1020,1593,0,-11505,313,4,8,0,0,0,01,13,3,2200
D,33560185,925,1593,0,-11505,242,4,8,0,0,0,01,13,3,2200
D,33561152,967,1593,0,-11505,218,4,8,0,0,0,01,13,3,2200
D,33562174,1022,1593,0,-11505,235,4,8,0,0,0,01,13,3,2200
D,33563159,985,1593,0,-11505,221,4,8,0,0,0,01,13,3,2200
D,33564173,1014,1593,0,-11505,228,4,8,0,0,0,01,13,3,2200
D,33565168,995,1593,0,-11505,221,5,8,0,0,0,01,13,3,2200
D,33566180,1012,1593,0,-11505,232,5,8,0,0,0,01,13,3,2200
D,33567161,981,1593,0,-11505,227,5,8,0,0,0,01,13,3,2200
D,33568254,1093,1593,0,-11505,308,5,0,0,0,0,01,13,3,2200
D,33569366,1112,1593,0,-11505,417,5,8,0,0,0,01,13,3,2200
D,33570266,900,1593,0,-11505,331,5,8,0,0,0,01,13,3,2200
D,33571220,954,1593,0,-11505,272,5,0,0,0,0,01,13,3,2200
D,33572190,970,1593,0,-11505,250,5,0,0,0,0,01,13,3,2200
D,33573199,1009,1593,0,-11505,254,4,0,0,0,0,01,13,3,2200
D,33574223,1024,1593,0,-11505,281,4,8,0,0,0,01,13,3,2200
D,33575208,985,1593,0,-11505,271,5,8,0,0,0,01,13,3,2200
D,33576183,975,1593,0,-11505,247,5,8,0,0,0,01,13,3,2200
D,33577198,1015,1593,0,-11505,263,5,8,0,0,0,01,13,3,2200
D,33578230,1032,1593,0,-11505,287,5,8,0,0,0,01,13,3,2200
D,33579252,1022,1593,0,-11505,317,5,0,0,0,0,01,13,3,2200
D,33580180,928,1593,0,-11505,233,5,0,0,0,0,01,13,3,2200
D,33581159,979,1593,0,-11505,218,4,0,0,0,0,01,13,3,2200
D,33582176,1017,1593,0,-11505,235,4,0,0,0,0,01,13,3,2200
D,33583162,986,1593,0,-11505,221,4,0,0,0,0,01,13,3,2200
D,33584174,1012,1593,0,-11505,228,4,0,0,0,0,01,13,3,2200
D,33585154,980,1593,0,-11505,221,4,0,0,0,0,01,13,3,2200
D,33586178,1024,1593,0,-11505,232,4,0,0,0,0,01,13,3,2200
D,33587178,1000,1593,0,-11505,232,4,0,0,0,0,01,13,3,2200
D,33588279,1101,1593,0,-11505,330,3,0,0,0,0,01,13,3,2200
D,33589346,1067,1593,0,-11505,410,3,0,0,0,0,01,13,3,2200
D,33590298,952,1593,0,-11505,349,3,0,0,0,0,01,13,3,2200
D,33591214,916,1593,0,-11505,274,3,0,0,0,0,01,13,3,2200
D,33592190,976,1593,0,-11505,256,3,0,0,0,0,01,13,3,2200
D,33593204,1014,1593,0,-11505,260,3,0,0,0,0,01,13,3,2200
D,33594232,1028,1592,-1,-11504,289,3,8,0,0,0,01,13,3,2200
D,33595222,990,1592,0,-11504,277,3,8,0,0,0,01,13,3,2200
D,33596202,980,1592,0,-11504,260,3,8,0,0,0,01,13,3,2200
D,33597200,998,1592,0,-11504,253,4,8,0,0,0,01,13,3,2200
D,33598239,1039,1592,0,-11504,294,4,8,0,0,0,01,13,3,2200
D,33599252,1013,1592,0,-11504,313,4,8,0,0,0,01,13,3,2200
D,33600184,932,1592,0,-11504,236,4,8,0,0,0,01,13,3,2200
D,33601153,969,1592,0,-11504,215,4,8,0,0,0,01,13,3,2200
D,33602170,1017,1592,0,-11504,236,4,8,0,0,0,01,13,3,2200
D,33603159,989,1592,0,-11504,221,4,8,0,0,0,01,13,3,2200
D,33604174,1015,1592,0,-11504,228,5,8,0,0,0,01,13,3,2200
D,33605156,982,1592,0,-11504,222,5,8,0,0,0,01,13,3,2200
D,33606168,1012,1592,0,-11504,232,5,8,0,0,0,01,13,3,2200
D,33607185,1017,1592,0,-11504,234,5,8,0,0,0,01,13,3,2200
D,33608256,1071,1592,0,-11504,308,5,8,0,0,0,01,13,3,2200
D,33609347,1091,1592,0,-11504,412,5,8,0,0,0,01,13,3,2200
D,33610296,949,1592,0,-11504,358,5,8,0,0,0,01,13,3,2200
D,33611216,920,1592,0,-11504,268,5,8,0,0,0,01,13,3,2200
D,33612178,962,1592,0,-11504,245,6,8,0,0,0,01,13,3,2200
D,33613212,1034,1592,0,-11504,264,6,8,0,0,0,01,13,3,2200
D,33614226,1014,1592,0,-11504,283,6,8,0,0,0,01,13,3,2200
D,33615209,983,1592,0,-11504,274,6,8,0,0,0,01,13,3,2200
D,33616188,979,1592,0,-11504,251,6,8,0,0,0,01,13,3,2200
D,33617209,1021,1592,0,-11504,259,6,8,0,0,0,01,13,3,2200
D,33618230,1021,1592,0,-11504,281,6,8,0,0,0,01,13,3,2200
D,33619256,1026,1592,0,-11504,313,6,8,0,0,0,01,13,3,2200
D,33620181,925,1592,0,-11504,236,6,8,0,0,0,01,13,3,2200
D,33621149,968,1592,0,-11504,215,6,8,0,0,0,01,13,3,2200
D,33622182,1033,1592,0,-11504,235,6,8,0,0,0,01,13,3,2200
D,33623154,972,1592,0,-11504,221,6,8,0,0,0,01,13,3,2200
D,33624162,1008,1592,0,-11504,228,6,8,0,0,0,01,13,3,2200
D,33625156,994,1592,0,-11504,222,6,0,0,0,0,01,13,3,2200
D,33626166,1010,1592,0,-11504,233,6,0,0,0,0,01,13,3,2200
D,33627174,1008,1592,0,-11504,233,6,0,0,0,0,01,13,3,2200
D,33628273,1099,1592,0,-11504,323,5,0,0,0,0,01,13,3,2200
D,33629358,1085,1591,-1,-11503,415,6,8,0,0,0,01,13,3,2200
D,33630300,942,1591,0,-11503,361,6,8,0,0,0,01,13,3,2200
D,33631217,917,1591,0,-11503,270,6,8,0,0,0,01,13,3,2200
D,33632184,967,1591,0,-11503,246,6,8,0,0,0,01,13,3,2200
D,33633207,1023,1591,0,-11503,261,6,8,0,0,0,01,13,3,2200
D,33634222,1015,1591,0,-11503,284,6,8,0,0,0,01,13,3,2200
D,33635209,987,1591,0,-11503,260,6,8,0,0,0,01,13,3,2200
D,33636195,986,1591,0,-11503,249,6,8,0,0,0,01,13,3,2200
D,33637201,1006,1591,0,-11503,262,6,8,0,0,0,01,13,3,2200
D,33638230,1029,1591,0,-11503,286,6,8,0,0,0,01,13,3,2200
D,33639260,1030,1591,0,-11503,314,6,8,0,0,0,01,13,3,2200
D,33640178,918,1591,0,-11503,235,6,8,0,0,0,01,13,3,2200
D,33641167,989,1591,0,-11503,219,7,8,0,0,0,01,13,3,2200
D,33642175,1008,1591,0,-11503,237,7,8,0,0,0,01,13,3,2200
D,33643156,981,1591,0,-11503,222,7,8,0,0,0,01,13,3,2200
D,33644172,1016,1591,0,-11503,228,7,8,0,0,0,01,13,3,2200
D,33645166,994,1591,0,-11503,221,7,8,0,0,0,01,13,3,2200
D,33646179,1013,1591,0,-11503,232,7,8,0,0,0,01,13,3,2200
D,33647179,1000,1591,0,-11503,231,7,8,0,0,0,01,13,3,2200
D,33648260,1081,1591,0,-11503,314,7,8,0,0,0,01,13,3,2200
D,33649362,1102,1591,0,-11503,414,7,8,0,0,0,01,13,3,2200
D,33650298,936,1591,0,-11503,347,7,8,0,0,0,01,13,3,2200
D,33651425,1127,1591,0,-11503,267,7,8,0,0,0,01,13,3,2200
D,33652228,803,1591,0,-11503,284,7,8,0,0,0,01,13,3,2200
D,33653203,975,1591,0,-11503,253,7,8,0,0,0,01,13,3,2200
D,33654236,1033,1591,0,-11503,289,7,8,0,0,0,01,13,3,2200
D,33655222,986,1591,0,-11503,273,7,8,0,0,0,01,13,3,2200
D,33656208,986,1591,0,-11503,262,7,8,0,0,0,01,13,3,2200
D,33657201,993,1591,0,-11503,256,7,8,0,0,0,01,13,3,2200
D,33658245,1044,1591,0,-11503,298,7,8,0,0,0,01,13,3,2200
D,33659250,1005,1591,0,-11503,315,7,8,0,0,0,01,13,3,2200
D,33660178,928,1591,0,-11503,235,7,0,0,0,0,01,13,3,2200
D,33661154,976,1591,0,-11503,216,7,0,0,0,0,01,13,3,2200
D,33662183,1029,1591,0,-11503,235,6,0,0,0,0,01,13,3,2200
D,33663168,985,1591,0,-11503,221,6,0,0,0,0,01,13,3,2200
D,33664174,1006,1591,0,-11503,228,6,0,0,0,0,01,13,3,2200
D,33665154,980,1591,0,-11503,222,6,0,0,0,0,01,13,3,2200
D,33666180,1026,1591,0,-11503,233,6,0,0,0,0,01,13,3,2200
D,33667167,987,1591,0,-11503,226,5,0,0,0,0,01,13,3,2200
D,33668265,1098,1591,0,-11503,320,5,0,0,0,0,01,13,3,2200
D,33669362,1097,1591,0,-11503,420,5,0,0,0,0,01,13,3,2200
D,33670294,932,1591,0,-11503,341,5,0,0,0,0,01,13,3,2200
D,33671215,921,1590,-1,-11502,278,5,8,0,0,0,01,13,3,2200
D,33672183,968,1590,0,-11502,246,5,8,0,0,0,01,13,3,2200
D,33673209,1026,1590,0,-11502,271,5,8,0,0,0,01,13,3,2200
D,33674217,1008,1590,0,-11502,275,5,8,0,0,0,01,13,3,2200
D,33675218,1001,1590,0,-11502,271,5,8,0,0,0,01,13,3,2200
D,33676194,976,1591,1,-11503,253,5,0,0,0,0,01,13,3,2200
D,33677203,1009,1590,-1,-11502,263,5,8,0,0,0,01,13,3,2200
D,33678229,1026,1590,0,-11502,285,5,8,0,0,0,01,13,3,2200
D,33679259,1030,1590,0,-11502,312,5,8,0,0,0,01,13,3,2200
D,33680179,920,1590,0,-11502,238,6,8,0,0,0,01,13,3,2200
D,33681161,982,1590,0,-11502,220,6,8,0,0,0,01,13,3,2200
D,33682183,1022,1590,0,-11502,236,6,8,0,0,0,01,13,3,2200
D,33683160,977,1590,0,-11502,219,6,8,0,0,0,01,13,3,2200
D,33684172,1012,1590,0,-11502,229,6,8,0,0,0,01,13,3,2200
D,33685165,993,1590,0,-11502,219,6,8,0,0,0,01,13,3,2200
D,33686179,1014,1590,0,-11502,233,6,8,0,0,0,01,13,3,2200
D,33687170,991,1590,0,-11502,229,6,8,0,0,0,01,13,3,2200
D,33688263,1093,1590,0,-11502,316,6,8,0,0,0,01,13,3,2200
D,33689361,1098,1590,0,-11502,417,6,8,0,0,0,01,13,3,2200
D,33690292,931,1590,0,-11502,342,6,8,0,0,0,01,13,3,2200
D,33691215,923,1590,0,-11502,279,6,8,0,0,0,01,13,3,2200
D,33692184,969,1590,0,-11502,250,6,8,0,0,0,01,13,3,2200
D,33693208,1024,1590,0,-11502,265,7,8,0,0,0,01,13,3,2200
D,33694228,1020,1590,0,-11502,285,7,8,0,0,0,01,13,3,2200
D,33695204,976,1590,0,-11502,261,7,8,0,0,0,01,13,3,2200
D,33696200,996,1590,0,-11502,255,7,8,0,0,0,01,13,3,2200
D,33697201,1001,1590,0,-11502,260,7,8,0,0,0,01,13,3,2200
D,33698239,1038,1590,0,-11502,296,7,8,0,0,0,01,13,3,2200
D,33699255,1016,1590,0,-11502,312,7,8,0,0,0,01,13,3,2200
D,33700179,924,1590,0,-11502,236,7,8,0,0,0,01,13,3,2200
D,33701163,984,1590,0,-11502,219,7,8,0,0,0,01,13,3,2200
D,33702182,1019,1589,-1,-11501,235,7,8,0,0,0,01,13,3,2200
D,33703153,971,1589,0,-11501,219,7,8,0,0,0,01,13,3,2200
D,33704172,1019,1589,0,-11501,228,7,8,0,0,0,01,13,3,2200
D,33705151,979,1589,0,-11501,218,7,8,0,0,0,01,13,3,2200
D,33706178,1027,1589,0,-11501,232,7,8,0,0,0,01,13,3,2200
D,33707180,1002,1589,0,-11501,230,7,16,0,0,0,01,13,3,2200
D,33708270,1090,1589,0,-11501,325,7,8,0,0,0,01,13,3,2200
D,33709354,1084,1589,0,-11501,411,8,8,0,0,0,01,13,3,2200
D,33710294,940,1589,0,-11501,361,8,8,0,0,0,01,13,3,2200
D,33711211,917,1589,0,-11501,266,8,8,0,0,0,01,13,3,2200
D,33712192,981,1589,0,-11501,243,8,8,0,0,0,01,13,3,2200
D,33713205,1013,1589,0,-11501,257,8,8,0,0,0,01,13,3,2200
D,33714235,1030,1589,0,-11501,294,8,8,0,0,0,01,13,3,2200
D,33715215,980,1589,0,-11501,268,8,8,0,0,0,01,13,3,2200
D,33716200,985,1589,0,-11501,254,8,8,0,0,0,01,13,3,2200
D,33717203,1003,1589,0,-11501,257,8,8,0,0,0,01,13,3,2200
D,33718235,1032,1589,0,-11501,291,8,8,0,0,0,01,13,3,2200
D,33719242,1007,1589,0,-11501,308,8,8,0,0,0,01,13,3,2200
D,33720179,937,1589,0,-11501,236,8,8,0,0,0,01,13,3,2200
D,33721166,987,1589,0,-11501,218,8,8,0,0,0,01,13,3,2200
D,33722183,1017,1589,0,-11501,235,8,8,0,0,0,01,13,3,2200
D,33723154,971,1589,0,-11501,221,8,8,0,0,0,01,13,3,2200
D,33724175,1021,1589,0,-11501,228,8,8,0,0,0,01,13,3,2200
D,33725155,980,1589,0,-11501,221,8,8,0,0,0,01,13,3,2200
D,33726179,1024,1589,0,-11501,232,8,8,0,0,0,01,13,3,2200
D,33727168,989,1589,0,-11501,230,8,8,0,0,0,01,13,3,2200
D,33728260,1092,1589,0,-11501,310,8,8,0,0,0,01,13,3,2200
D,33729350,1090,1589,0,-11501,415,8,8,0,0,0,01,13,3,2200
D,33730300,950,1589,0,-11501,364,8,8,0,0,0,01,13,3,2200
D,33731215,915,1589,0,-11501,266,8,8,0,0,0,01,13,3,2200
D,33732186,971,1589,0,-11501,251,8,0,0,0,0,01,13,3,2200
D,33733212,1026,1589,0,-11501,264,7,0,0,0,0,01,13,3,2200
D,33734231,1019,1589,0,-11501,287,7,0,0,0,0,01,13,3,2200
D,33735211,980,1589,0,-11501,264,7,0,0,0,0,01,13,3,2200
D,33736190,979,1589,0,-11501,251,6,0,0,0,0,01,13,3,2200
D,33737208,1018,1588,-1,-11500,262,6,8,0,0,0,01,13,3,2200
D,33738239,1031,1589,1,-11501,290,6,0,0,0,0,01,13,3,2200
D,33739249,1010,1589,0,-11501,309,6,0,0,0,0,01,13,3,2200
D,33740179,930,1588,-1,-11500,238,6,8,0,0,0,01,13,3,2200
D,33741149,970,1588,0,-11500,215,6,8,0,0,0,01,13,3,2200
D,33742183,1034,1588,0,-11500,235,6,8,0,0,0,01,13,3,2200
D,33743159,976,1588,0,-11500,221,6,8,0,0,0,01,13,3,2200
D,33744176,1017,1588,0,-11500,228,6,8,0,0,0,01,13,3,2200
D,33745159,983,1588,0,-11500,221,6,8,0,0,0,01,13,3,2200
D,33746176,1017,1588,0,-11500,232,6,8,0,0,0,01,13,3,2200
D,33747179,1003,1588,0,-11500,232,6,8,0,0,0,01,13,3,2200
D,33748259,1080,1588,0,-11500,312,7,8,0,0,0,01,13,3,2200
D,33749358,1099,1588,0,-11500,415,7,8,0,0,0,01,13,3,2200
D,33750300,942,1588,0,-11500,350,7,8,0,0,0,01,13,3,2200
D,33751420,1120,1588,0,-11500,261,7,8,0,0,0,01,13,3,2200
D,33752220,800,1588,0,-11500,283,7,8,0,0,0,01,13,3,2200
D,33753202,982,1588,0,-11500,255,7,8,0,0,0,01,13,3,2200
D,33754229,1027,1588,0,-11500,285,7,8,0,0,0,01,13,3,2200
D,33755215,986,1588,0,-11500,268,7,8,0,0,0,01,13,3,2200
D,33756184,969,1588,0,-11500,250,7,8,0,0,0,01,13,3,2200
D,33757205,1021,1588,0,-11500,256,7,8,0,0,0,01,13,3,2200
D,33758239,1034,1588,0,-11500,291,7,8,0,0,0,01,13,3,2200
D,33759255,1016,1588,0,-11500,313,7,8,0,0,0,01,13,3,2200
D,33760182,927,1588,0,-11500,240,7,8,0,0,0,01,13,3,2200
D,33761160,978,1588,0,-11500,219,7,8,0,0,0,01,13,3,2200
D,33762171,1011,1588,0,-11500,233,7,8,0,0,0,01,13,3,2200
D,33763162,991,1588,0,-11500,224,7,8,0,0,0,01,13,3,2200
D,33764173,1011,1588,0,-11500,228,7,8,0,0,0,01,13,3,2200
D,33765156,983,1588,0,-11500,222,7,8,0,0,0,01,13,3,2200
D,33766161,1005,1588,0,-11500,228,7,8,0,0,0,01,13,3,2200
D,33767177,1016,1588,0,-11500,233,7,8,0,0,0,01,13,3,2200
D,33768254,1077,1588,0,-11500,316,7,8,0,0,0,01,13,3,2200
D,33769358,1104,1588,0,-11500,413,7,8,0,0,0,01,13,3,2200
D,33770299,941,1588,0,-11500,348,7,0,0,0,0,01,13,3,2200
D,33771219,920,1588,0,-11500,270,7,0,0,0,0,01,13,3,2200
D,33772181,962,1588,0,-11500,245,7,0,0,0,0,01,13,3,2200
D,33773204,1023,1588,0,-11500,265,6,0,0,0,0,01,13,3,2200
D,33774221,1017,1588,0,-11500,282,6,0,0,0,0,01,13,3,2200
D,33775217,996,1588,0,-11500,283,6,0,0,0,0,01,13,3,2200
D,33776194,977,1588,0,-11500,247,6,0,0,0,0,01,13,3,2200
D,33777213,1019,1588,0,-11500,264,5,0,0,0,0,01,13,3,2200
D,33778228,1015,1588,0,-11500,280,5,0,0,0,0,01,13,3,2200
D,33779258,1030,1588,0,-11500,310,5,0,0,0,0,01,13,3,2200
D,33780178,920,1588,0,-11500,236,5,0,0,0,0,01,13,3,2200
D,33781156,978,1588,0,-11500,222,5,0,0,0,0,01,13,3,2200
D,33782173,1017,1588,0,-11500,235,4,0,0,0,0,01,13,3,2200
D,33783156,983,1587,-1,-11499,222,5,8,0,0,0,01,13,3,2200
D,33784166,1010,1587,0,-11499,228,5,8,0,0,0,01,13,3,2200
D,33785163,997,1587,0,-11499,222,5,8,0,0,0,01,13,3,2200
D,33786179,1016,1587,0,-11499,232,5,8,0,0,0,01,13,3,2200
D,33787165,986,1587,0,-11499,228,5,8,0,0,0,01,13,3,2200
D,33788251,1086,1587,0,-11499,315,5,8,0,0,0,01,13,3,2200
D,33789360,1109,1587,0,-11499,411,5,8,0,0,0,01,13,3,2200
D,33790267,907,1587,0,-11499,331,5,8,0,0,0,01,13,3,2200
D,33791223,956,1587,0,-11499,275,6,8,0,0,0,01,13,3,2200
D,33792185,962,1587,0,-11499,245,6,8,0,0,0,01,13,3,2200
D,33793208,1023,1587,0,-11499,262,6,8,0,0,0,01,13,3,2200
D,33794225,1017,1587,0,-11499,284,6,8,0,0,0,01,13,3,2200
D,33795210,985,1587,0,-11499,275,6,8,0,0,0,01,13,3,2200
D,33796195,985,1587,0,-11499,254,6,8,0,0,0,01,13,3,2200
D,33797203,1008,1587,0,-11499,263,6,8,0,0,0,01,13,3,2200
D,33798235,1032,1587,0,-11499,291,6,8,0,0,0,01,13,3,2200
D,33799261,1026,1587,0,-11499,316,6,8,0,0,0,01,13,3,2200
D,33800177,916,1587,0,-11499,230,6,8,0,0,0,01,13,3,2200
D,33801155,978,1587,0,-11499,221,6,8,0,0,0,01,13,3,2200
D,33802174,1019,1587,0,-11499,234,6,8,0,0,0,01,13,3,2200
D,33803167,993,1587,0,-11499,222,6,8,0,0,0,01,13,3,2200
D,33804171,1004,1587,0,-11499,226,7,8,0,0,0,01,13,3,2200
D,33805154,983,1587,0,-11499,221,7,8,0,0,0,01,13,3,2200
D,33806176,1022,1587,0,-11499,230,7,8,0,0,0,01,13,3,2200
D,33807167,991,1587,0,-11499,230,7,8,0,0,0,01,13,3,2200
D,33808265,1098,1587,0,-11499,321,7,8,0,0,0,01,13,3,2200
D,33809359,1094,1587,0,-11499,412,7,8,0,0,0,01,13,3,2200
D,33810293,934,1587,0,-11499,343,7,8,0,0,0,01,13,3,2200
D,33811216,923,1587,0,-11499,279,7,8,0,0,0,01,13,3,2200
D,33812193,977,1587,0,-11499,249,7,8,0,0,0,01,13,3,2200
D,33813204,1011,1587,0,-11499,256,7,0,0,0,0,01,13,3,2200
D,33814228,1024,1587,0,-11499,285,6,0,0,0,0,01,13,3,2200
D,33815217,989,1587,0,-11499,271,6,0,0,0,0,01,13,3,2200
D,33816177,960,1587,0,-11499,241,6,0,0,0,0,01,13,3,2200
D,33817202,1025,1587,0,-11499,269,6,0,0,0,0,01,13,3,2200
D,33818230,1028,1587,0,-11499,288,5,0,0,0,0,01,13,3,2200
D,33819257,1027,1587,0,-11499,310,5,0,0,0,0,01,13,3,2200
D,33820183,926,1587,0,-11499,236,5,0,0,0,0,01,13,3,2200
D,33821165,982,1587,0,-11499,220,5,0,0,0,0,01,13,3,2200
D,33822181,1016,1587,0,-11499,235,5,0,0,0,0,01,13,3,2200
D,33823160,979,1587,0,-11499,218,4,0,0,0,0,01,13,3,2200
D,33824172,1012,1587,0,-11499,228,4,0,0,0,0,01,13,3,2200
D,33825165,993,1587,0,-11499,218,4,0,0,0,0,01,13,3,2200
D,33826179,1014,1587,0,-11499,232,4,0,0,0,0,01,13,3,2200
D,33827176,997,1587,0,-11499,230,4,0,0,0,0,01,13,3,2200
D,33828257,1081,1587,0,-11499,321,4,0,0,0,0,01,13,3,2200
D,33829357,1100,1587,0,-11499,411,3,0,0,0,0,01,13,3,2200
D,33830300,943,1587,0,-11499,361,3,0,0,0,0,01,13,3,2200
D,33831217,917,1587,0,-11499,267,3,0,0,0,0,01,13,3,2200
D,33832185,968,1587,0,-11499,247,3,0,0,0,0,01,13,3,2200
D,33833205,1020,1587,0,-11499,266,3,0,0,0,0,01,13,3,2200
D,33834227,1022,1587,0,-11499,285,3,0,0,0,0,01,13,3,2200
D,33835208,981,1587,0,-11499,261,3,0,0,0,0,01,13,3,2200
D,33836189,981,1587,0,-11499,246,3,0,0,0,0,01,13,3,2200
D,33837209,1020,1587,0,-11499,274,3,0,0,0,0,01,13,3,2200
D,33838236,1027,1587,0,-11499,294,2,0,0,0,0,01,13,3,2200
D,33839254,1018,1587,0,-11499,307,2,0,0,0,0,01,13,3,2200
D,33840189,935,1587,0,-11499,241,2,0,0,0,0,01,13,3,2200
D,33841162,973,1587,0,-11499,215,2,0,0,0,0,01,13,3,2200
D,33842177,1015,1587,0,-11499,235,2,0,0,0,0,01,13,3,2200
D,33843154,977,1587,0,-11499,221,2,0,0,0,0,01,13,3,2200
D,33844175,1021,1587,0,-11499,228,2,0,0,0,0,01,13,3,2200
D,33845155,980,1586,-1,-11498,221,2,8,0,0,0,01,13,3,2200
D,33846179,1024,1587,1,-11499,232,2,0,0,0,0,01,13,3,2200
D,33847168,989,1587,0,-11499,229,2,0,0,0,0,01,13,3,2200
D,33848262,1094,1587,0,-11499,315,2,0,0,0,0,01,13,3,2200
D,33849362,1100,1586,-1,-11498,413,2,8,0,0,0,01,13,3,2200
D,33850275,913,1587,1,-11499,336,2,0,0,0,0,01,13,3,2200
D,33851420,1145,1587,0,-11499,275,2,0,0,0,0,01,13,3,2200
D,33852229,809,1586,-1,-11498,281,2,8,0,0,0,01,13,3,2200
D,33853204,975,1586,0,-11498,270,2,8,0,0,0,01,13,3,2200
D,33854228,1024,1586,0,-11498,290,3,8,0,0,0,01,13,3,2200
D,33855211,983,1586,0,-11498,265,3,8,0,0,0,01,13,3,2200
D,33856195,984,1586,0,-11498,257,3,8,0,0,0,01,13,3,2200
D,33857194,999,1586,0,-11498,253,3,8,0,0,0,01,13,3,2200
D,33858239,1045,1587,1,-11499,291,3,0,0,0,0,01,13,3,2200
D,33859262,1023,1587,0,-11499,318,3,0,0,0,0,01,13,3,2200
D,33860178,916,1587,0,-11499,235,3,0,0,0,0,01,13,3,2200
D,33861160,982,1587,0,-11499,219,3,0,0,0,0,01,13,3,2200
D,33862177,1017,1586,-1,-11498,237,3,8,0,0,0,01,13,3,2200
D,33863162,985,1586,0,-11498,221,3,8,0,0,0,01,13,3,2200
D,33864175,1013,1586,0,-11498,228,3,8,0,0,0,01,13,3,2200
D,33865155,980,1586,0,-11498,221,4,8,0,0,0,01,13,3,2200
D,33866165,1010,1586,0,-11498,232,4,8,0,0,0,01,13,3,2200
D,33867161,996,1586,0,-11498,227,4,8,0,0,0,01,13,3,2200
D,33868257,1096,1586,0,-11498,317,4,8,0,0,0,01,13,3,2200
D,33869356,1099,1586,0,-11498,414,4,8,0,0,0,01,13,3,2200
D,33870282,926,1586,0,-11498,349,4,8,0,0,0,01,13,3,2200
D,33871216,934,1586,0,-11498,266,5,8,0,0,0,01,13,3,2200
D,33872190,974,1586,0,-11498,251,5,8,0,0,0,01,13,3,2200
D,33873206,1016,1586,0,-11498,263,5,8,0,0,0,01,13,3,2200
D,33874226,1020,1586,0,-11498,283,5,8,0,0,0,01,13,3,2200
D,33875217,991,1586,0,-11498,272,5,0,0,0,0,01,13,3,2200
D,33876185,968,1586,0,-11498,248,5,8,0,0,0,01,13,3,2200
D,33877202,1017,1586,0,-11498,259,5,8,0,0,0,01,13,3,2200
D,33878234,1032,1586,0,-11498,287,5,8,0,0,0,01,13,3,2200
D,33879255,1021,1586,0,-11498,313,5,8,0,0,0,01,13,3,2200
D,33880180,925,1586,0,-11498,236,5,0,0,0,0,01,13,3,2200
D,33881153,973,1586,0,-11498,219,5,8,0,0,0,01,13,3,2200
D,33882168,1015,1586,0,-11498,235,5,8,0,0,0,01,13,3,2200
D,33883155,987,1586,0,-11498,221,5,0,0,0,0,01,13,3,2200
D,33884162,1007,1586,0,-11498,228,5,0,0,0,0,01,13,3,2200
D,33885160,998,1586,0,-11498,222,5,0,0,0,0,01,13,3,2200
D,33886180,1020,1586,0,-11498,233,4,0,0,0,0,01,13,3,2200
D,33887180,1000,1587,1,-11499,235,4,-8,0,0,0,01,13,3,2200
D,33888259,1079,1587,0,-11499,314,4,0,0,0,0,01,13,3,2200
D,33889357,1098,1587,0,-11499,412,4,0,0,0,0,01,13,3,2200
D,33890288,931,1587,0,-11499,339,4,0,0,0,0,01,13,3,2200
D,33891205,917,1587,0,-11499,272,3,0,0,0,0,01,13,3,2200
D,33892200,995,1586,-1,-11498,249,3,0,0,0,0,01,13,3,2200
D,33893204,1004,1586,0,-11498,258,3,0,0,0,0,01,13,3,2200
D,33894221,1017,1586,0,-11498,275,3,0,0,0,0,01,13,3,2200
D,33895224,1003,1586,0,-11498,276,3,0,0,0,0,01,13,3,2200
D,33896195,971,1586,0,-11498,251,3,0,0,0,0,01,13,3,2200
D,33897203,1008,1586,0,-11498,256,3,0,0,0,0,01,13,3,2200
D,33898240,1037,1586,0,-11498,291,3,0,0,0,0,01,13,3,2200
D,33899250,1010,1586,0,-11498,311,2,0,0,0,0,01,13,3,2200
D,33900180,930,1586,0,-11498,238,2,0,0,0,0,01,13,3,2200
D,33901154,974,1587,1,-11499,216,2,-8,0,0,0,01,13,3,2200
D,33902170,1016,1587,0,-11499,235,2,-8,0,0,0,01,13,3,2200
D,33903159,989,1587,0,-11499,221,1,-8,0,0,0,01,13,3,2200
D,33904175,1016,1587,0,-11499,228,1,-8,0,0,0,01,13,3,2200
D,33905155,980,1587,0,-11499,221,1,-8,0,0,0,01,13,3,2200
D,33906168,1013,1587,0,-11499,232,0,-8,0,0,0,01,13,3,2200
D,33907178,1010,1586,-1,-11498,232,0,0,0,0,0,01,13,3,2200
D,33908274,1096,1587,1,-11499,324,0,-8,0,0,0,01,13,3,2200
D,33909358,1084,1587,0,-11499,415,-1,-8,0,0,0,01,13,3,2200
D,33910299,941,1587,0,-11499,363,-1,-8,0,0,0,01,13,3,2200
D,33911214,915,1586,-1,-11498,274,-1,0,0,0,0,01,13,3,2200
D,33912188,974,1586,0,-11498,240,-1,0,0,0,0,01,13,3,2200
D,33913206,1018,1587,1,-11499,258,-1,-8,0,0,0,01,13,3,2200
D,33914228,1022,1587,0,-11499,287,-1,-8,0,0,0,01,13,3,2200
D,33915212,984,1587,0,-11499,264,-2,-8,0,0,0,01,13,3,2200
D,33916193,981,1587,0,-11499,250,-2,-8,0,0,0,01,13,3,2200
D,33917208,1015,1587,0,-11499,269,-2,0,0,0,0,01,13,3,2200
D,33918237,1029,1587,0,-11499,291,-2,0,0,0,0,01,13,3,2200
D,33919260,1023,1587,0,-11499,311,-2,0,0,0,0,01,13,3,2200
D,33920183,923,1587,0,-11499,236,-2,0,0,0,0,01,13,3,2200
D,33921168,985,1587,0,-11499,221,-2,0,0,0,0,01,13,3,2200
D,33922167,999,1587,0,-11499,232,-1,0,0,0,0,01,13,3,2200
D,33923155,988,1587,0,-11499,221,-2,-8,0,0,0,01,13,3,2200
D,33924171,1016,1587,0,-11499,225,-2,-8,0,0,0,01,13,3,2200
D,33925169,998,1587,0,-11499,221,-2,-8,0,0,0,01,13,3,2200
D,33926176,1007,1587,0,-11499,230,-2,-8,0,0,0,01,13,3,2200
D,33927165,989,1587,0,-11499,231,-3,-8,0,0,0,01,13,3,2200
D,33928258,1093,1587,0,-11499,312,-3,-8,0,0,0,01,13,3,2200
D,33929357,1099,1587,0,-11499,413,-3,-8,0,0,0,01,13,3,2200
D,33930296,939,1587,0,-11499,357,-3,-8,0,0,0,01,13,3,2200
D,33931220,924,1587,0,-11499,273,-3,0,0,0,0,01,13,3,2200
D,33932190,970,1587,0,-11499,246,-3,0,0,0,0,01,13,3,2200
D,33933209,1019,1587,0,-11499,262,-3,0,0,0,0,01,13,3,2200
D,33934230,1021,1587,0,-11499,287,-3,0,0,0,0,01,13,3,2200
D,33935215,985,1587,0,-11499,267,-3,0,0,0,0,01,13,3,2200
D,33936198,983,1587,0,-11499,254,-3,0,0,0,0,01,13,3,2200
D,33937209,1011,1587,0,-11499,263,-3,-8,0,0,0,01,13,3,2200
D,33938226,1017,1587,0,-11499,292,-3,-8,0,0,0,01,13,3,2200
D,33939263,1037,1587,0,-11499,315,-3,0,0,0,0,01,13,3,2200
D,33940178,915,1587,0,-11499,235,-3,0,0,0,0,01,13,3,2200
D,33941149,971,1587,0,-11499,215,-3,0,0,0,0,01,13,3,2200
D,33942182,1033,1587,0,-11499,236,-3,-8,0,0,0,01,13,3,2200
D,33943160,978,1587,0,-11499,218,-3,-8,0,0,0,01,13,3,2200
D,33944174,1014,1587,0,-11499,228,-3,0,0,0,0,01,13,3,2200
D,33945153,979,1587,0,-11499,219,-3,0,0,0,0,01,13,3,2200
D,33946178,1025,1587,0,-11499,232,-3,0,0,0,0,01,13,3,2200
D,33947172,994,1587,0,-11499,225,-3,0,0,0,0,01,13,3,2200
D,33948255,1083,1587,0,-11499,319,-3,0,0,0,0,01,13,3,2200
D,33949350,1095,1587,0,-11499,414,-2,0,0,0,0,01,13,3,2200
D,33950300,950,1587,0,-11499,351,-2,0,0,0,0,01,13,3,2200
D,33951421,1121,1587,0,-11499,261,-2,0,0,0,0,01,13,3,2200
D,33952218,797,1587,0,-11499,281,-2,0,0,0,0,01,13,3,2200
D,33953204,986,1587,0,-11499,258,-2,0,0,0,0,01,13,3,2200
D,33954228,1024,1587,0,-11499,286,-2,0,0,0,0,01,13,3,2200
D,33955211,983,1587,0,-11499,275,-2,0,0,0,0,01,13,3,2200
D,33956201,990,1587,0,-11499,255,-2,0,0,0,0,01,13,3,2200
D,33957205,1004,1587,0,-11499,257,-2,0,0,0,0,01,13,3,2200
D,33958241,1036,1587,0,-11499,294,-2,0,0,0,0,01,13,3,2200
D,33959258,1017,1587,0,-11499,311,-2,0,0,0,0,01,13,3,2200
D,33960187,929,1587,0,-11499,240,-2,0,0,0,0,01,13,3,2200
D,33961163,976,1587,0,-11499,217,-1,0,0,0,0,01,13,3,2200
D,33962174,1011,1587,0,-11499,236,-1,0,0,0,0,01,13,3,2200
D,33963163,989,1587,0,-11499,221,-1,0,0,0,0,01,13,3,2200
D,33964175,1012,1587,0,-11499,228,-1,0,0,0,0,01,13,3,2200
D,33965155,980,1587,0,-11499,221,-1,0,0,0,0,01,13,3,2200
D,33966179,1024,1587,0,-11499,232,-1,0,0,0,0,01,13,3,2200
D,33967159,980,1588,1,-11500,226,-1,-8,0,0,0,01,13,3,2200
D,33968243,1084,1587,-1,-11499,307,-1,0,0,0,0,01,13,3,2200
D,33969369,1126,1587,0,-11499,419,-1,0,0,0,0,01,13,3,2200
D,33970289,920,1588,1,-11500,338,-2,-8,0,0,0,01,13,3,2200
D,33971226,937,1588,0,-11500,289,-2,-8,0,0,0,01,13,3,2200
D,33972196,970,1588,0,-11500,247,-2,-8,0,0,0,01,13,3,2200
D,33973204,1008,1588,0,-11500,257,-2,-8,0,0,0,01,13,3,2200
D,34008711,35507,1588,0,-11500,511,0,-8,0,0,0,48,9,5,1650
D,34009550,839,1588,0,-11500,346,0,0,0,0,0,01,9,5,1650
D,34010459,909,1588,0,-11500,259,0,0,0,0,0,01,9,5,1650
D,34011448,989,1588,0,-11500,247,0,0,0,0,0,01,9,5,1650
D,34012435,987,1588,0,-11500,232,0,0,0,0,0,01,9,5,1650
D,34013434,999,1588,0,-11500,240,0,0,0,0,0,01,9,5,1650
D,34014447,1013,1588,0,-11500,246,0,0,0,0,0,01,9,5,1650
D,34015446,999,1588,0,-11500,242,0,0,0,0,0,01,9,5,1650
D,34016437,991,1588,0,-11500,236,0,0,0,0,0,01,9,5,1650
D,34017437,1000,1589,1,-11501,245,0,0,0,0,0,01,9,5,1650
D,34018464,1027,1589,0,-11501,273,0,0,0,0,0,01,9,5,1650
D,34019530,1066,1589,0,-11501,330,0,0,0,0,0,01,9,5,1650
D,34020407,877,1589,0,-11501,216,0,0,0,0,0,01,9,5,1650
D,34021403,996,1589,0,-11501,211,0,0,0,0,0,01,9,5,1650
D,34022408,1005,1589,0,-11501,215,0,0,0,0,0,01,9,5,1650
D,34023413,1005,1589,0,-11501,214,0,0,0,0,0,01,9,5,1650
D,34024411,998,1589,0,-11501,211,0,0,0,0,0,01,9,5,1650
D,34025406,995,1589,0,-11501,210,0,0,0,0,0,01,9,5,1650
D,34026405,999,1589,0,-11501,212,0,0,0,0,0,01,9,5,1650
D,34027414,1009,1589,0,-11501,213,0,0,0,0,0,01,9,5,1650
D,34028533,1119,1589,0,-11501,336,0,0,0,0,0,01,9,5,1650
D,34029597,1064,1589,0,-11501,389,-12,-12,0,0,0,01,9,5,1650
D,34030456,859,1589,0,-11501,259,-12,-11,0,0,0,01,9,5,1650
D,34031470,1014,1589,0,-11501,266,-12,-11,0,0,0,01,9,5,1650
D,34032457,987,1589,0,-11501,254,-12,-10,0,0,0,01,9,5,1650
D,34033446,989,1589,0,-11501,242,-12,-10,0,0,0,01,9,5,1650
D,34034452,1006,1589,0,-11501,258,-11,-9,0,0,0,01,9,5,1650
D,34035459,1007,1589,0,-11501,260,-11,-9,0,0,0,01,9,5,1650
D,34036459,1000,1589,0,-11501,254,-11,-9,0,0,0,01,9,5,1650
D,34037455,996,1589,0,-11501,252,-11,-8,0,0,0,01,9,5,1650
D,34038468,1013,1589,0,-11501,272,-11,-8,0,0,0,01,9,5,1650
D,34039543,1075,1589,0,-11501,337,-11,-8,0,0,0,01,9,5,1650
D,34040417,874,1589,0,-11501,224,-11,-8,0,0,0,01,9,5,1650
D,34041411,994,1589,0,-11501,219,-11,-8,0,0,0,01,9,5,1650
D,34042429,1018,1589,0,-11501,228,-11,-8,0,0,0,01,9,5,1650
D,34043420,991,1589,0,-11501,220,-10,-8,0,0,0,01,9,5,1650
D,34044421,1001,1589,0,-11501,220,-10,-8,0,0,0,01,9,5,1650
D,34045412,991,1589,0,-11501,218,-10,-8,0,0,0,01,9,5,1650
D,34046424,1012,1589,0,-11501,226,-10,-8,0,0,0,01,9,5,1650
D,34047435,1011,1589,0,-11501,242,-10,-8,0,0,0,01,9,5,1650
D,34048550,1115,1589,0,-11501,352,-10,0,0,0,0,01,9,5,1650
D,34049571,1021,1589,0,-11501,367,-9,0,0,0,0,01,9,5,1650
D,34051038,1467,1589,0,-11501,277,-9,0,0,0,0,01,9,5,1650
D,34051423,385,1589,0,-11501,227,-9,0,0,0,0,01,9,5,1650
D,34052476,1053,1589,0,-11501,271,-8,0,0,0,0,01,9,5,1650
D,34053441,965,1589,0,-11501,242,-8,0,0,0,0,01,9,5,1650
D,34054473,1032,1589,0,-11501,277,-8,0,0,0,0,01,9,5,1650
D,34055457,984,1589,0,-11501,254,-7,0,0,0,0,01,9,5,1650
D,34056456,999,1589,0,-11501,257,-7,0,0,0,0,01,9,5,1650
D,34057455,999,1589,0,-11501,251,-7,0,0,0,0,01,9,5,1650
D,34058489,1034,1589,0,-11501,282,-6,0,0,0,0,01,9,5,1650
D,34059531,1042,1589,0,-11501,338,-6,0,0,0,0,01,9,5,1650
D,34060421,890,1589,0,-11501,230,-6,0,0,0,0,01,9,5,1650
D,34061412,991,1589,0,-11501,218,-6,0,0,0,0,01,9,5,1650
D,34062430,1018,1589,0,-11501,233,-6,0,0,0,0,01,9,5,1650
D,34063412,982,1589,0,-11501,220,-5,0,0,0,0,01,9,5,1650
D,34064420,1008,1590,1,-11502,221,-5,-8,0,0,0,01,9,5,1650
D,34065417,997,1590,0,-11502,223,-6,-8,0,0,0,01,9,5,1650
D,34066428,1011,1590,0,-11502,224,-6,-8,0,0,0,01,9,5,1650
D,34067433,1005,1590,0,-11502,238,-6,-8,0,0,0,01,9,5,1650
D,34068541,1108,1590,0,-11502,349,-6,-8,0,0,0,01,9,5,1650
D,34069578,1037,1590,0,-11502,376,-6,-8,0,0,0,01,9,5,1650
D,34070469,891,1590,0,-11502,262,-6,-8,0,0,0,01,9,5,1650
D,34071458,989,1590,0,-11502,262,-6,-8,0,0,0,01,9,5,1650
D,34072463,1005,1590,0,-11502,257,-6,-8,0,0,0,01,9,5,1650
D,34073457,994,1590,0,-11502,254,-6,-8,0,0,0,01,9,5,1650
D,34074478,1021,1590,0,-11502,274,-6,-8,0,0,0,01,9,5,1650
D,34075455,977,1590,0,-11502,262,-6,-8,0,0,0,01,9,5,1650
D,34076456,1001,1590,0,-11502,252,-6,-8,0,0,0,01,9,5,1650
D,34077444,988,1590,0,-11502,253,-7,-8,0,0,0,01,9,5,1650
D,34078477,1033,1590,0,-11502,277,-7,-8,0,0,0,01,9,5,1650
D,34079540,1063,1590,0,-11502,338,-7,-8,0,0,0,01,9,5,1650
D,34080423,883,1590,0,-11502,224,-7,-8,0,0,0,01,9,5,1650
D,34081412,989,1590,0,-11502,216,-7,-8,0,0,0,01,9,5,1650
D,34082426,1014,1590,0,-11502,226,-7,-8,0,0,0,01,9,5,1650
D,34083418,992,1590,0,-11502,221,-7,-8,0,0,0,01,9,5,1650
D,34084417,999,1590,0,-11502,219,-7,-8,0,0,0,01,9,5,1650
D,34085417,1000,1590,0,-11502,223,-7,-8,0,0,0,01,9,5,1650
D,34086422,1005,1590,0,-11502,224,-7,-8,0,0,0,01,9,5,1650
D,34087472,1050,1590,0,-11502,263,-7,-8,0,0,0,01,9,5,1650
D,34088536,1064,1590,0,-11502,334,-7,-8,0,0,0,01,9,5,1650
D,34089579,1043,1590,0,-11502,371,-7,-8,0,0,0,01,9,5,1650
D,34090472,893,1590,0,-11502,271,-7,-8,0,0,0,01,9,5,1650
D,34091477,1005,1590,0,-11502,272,-7,-8,0,0,0,01,9,5,1650
D,34092466,989,1590,0,-11502,263,-7,-8,0,0,0,01,9,5,1650
D,34093462,996,1590,0,-11502,256,-7,-8,0,0,0,01,9,5,1650
D,34094470,1008,1590,0,-11502,276,-7,0,0,0,0,01,9,5,1650
D,34095470,1000,1590,0,-11502,268,-7,0,0,0,0,01,9,5,1650
D,34096462,992,1590,0,-11502,259,-6,0,0,0,0,01,9,5,1650
D,34097466,1004,1590,0,-11502,261,-6,0,0,0,0,01,9,5,1650
D,34098469,1003,1590,0,-11502,278,-6,0,0,0,0,01,9,5,1650
D,34099546,1077,1590,0,-11502,350,-6,0,0,0,0,01,9,5,1650
D,34100419,873,1590,0,-11502,225,-5,0,0,0,0,01,9,5,1650
D,34101412,993,1590,0,-11502,218,-5,0,0,0,0,01,9,5,1650
D,34102432,1020,1590,0,-11502,233,-5,0,0,0,0,01,9,5,1650
D,34103417,985,1590,0,-11502,223,-5,0,0,0,0,01,9,5,1650
D,34104417,1000,1590,0,-11502,220,-5,0,0,0,0,01,9,5,1650
D,34105412,995,1590,0,-11502,218,-4,0,0,0,0,01,9,5,1650
D,34106421,1009,1590,0,-11502,222,-4,0,0,0,0,01,9,5,1650
D,34107436,1015,1590,0,-11502,242,-4,0,0,0,0,01,9,5,1650
D,34108544,1108,1591,1,-11503,345,-4,-8,0,0,0,01,9,5,1650
D,34109579,1035,1591,0,-11503,379,-4,-8,0,0,0,01,9,5,1650
D,34110470,891,1591,0,-11503,265,-5,-8,0,0,0,01,9,5,1650
D,34111456,986,1591,0,-11503,262,-5,-8,0,0,0,01,9,5,1650
D,34112460,1004,1591,0,-11503,256,-5,-8,0,0,0,01,9,5,1650
D,34113457,997,1591,0,-11503,253,-5,-8,0,0,0,01,9,5,1650
D,34114472,1015,1591,0,-11503,271,-5,-8,0,0,0,01,9,5,1650
D,34115459,987,1591,0,-11503,261,-5,-8,0,0,0,01,9,5,1650
D,34116463,1004,1591,0,-11503,259,-5,-8,0,0,0,01,9,5,1650
D,34117453,990,1591,0,-11503,253,-5,-8,0,0,0,01,9,5,1650
D,34118471,1018,1591,0,-11503,276,-6,-8,0,0,0,01,9,5,1650
D,34119552,1081,1591,0,-11503,352,-6,-8,0,0,0,01,9,5,1650
D,34120420,868,1591,0,-11503,225,-6,-8,0,0,0,01,9,5,1650
D,34121412,992,1591,0,-11503,218,-6,-8,0,0,0,01,9,5,1650
D,34122425,1013,1591,0,-11503,225,-6,-8,0,0,0,01,9,5,1650
D,34123412,987,1591,0,-11503,218,-6,-8,0,0,0,01,9,5,1650
D,34124418,1006,1591,0,-11503,221,-6,-8,0,0,0,01,9,5,1650
D,34125412,994,1591,0,-11503,220,-6,-8,0,0,0,01,9,5,1650
D,34126423,1011,1591,0,-11503,224,-6,-8,0,0,0,01,9,5,1650
D,34127460,1037,1591,0,-11503,253,-6,-8,0,0,0,01,9,5,1650
D,34128539,1079,1591,0,-11503,337,-6,-8,0,0,0,01,9,5,1650
D,34129569,1030,1591,0,-11503,370,-6,-8,0,0,0,01,9,5,1650
D,34130471,902,1591,0,-11503,271,-6,-8,0,0,0,01,9,5,1650
D,34131465,994,1591,0,-11503,272,-7,-8,0,0,0,01,9,5,1650
D,34132467,1002,1591,0,-11503,262,-7,-8,0,0,0,01,9,5,1650
D,34133442,975,1591,0,-11503,249,-7,-8,0,0,0,01,9,5,1650
D,34134463,1021,1591,0,-11503,271,-7,-8,0,0,0,01,9,5,1650
D,34135474,1011,1591,0,-11503,269,-7,-8,0,0,0,01,9,5,1650
D,34136465,991,1591,0,-11503,261,-7,-8,0,0,0,01,9,5,1650
D,34137465,1000,1591,0,-11503,262,-7,-8,0,0,0,01,9,5,1650
D,34138463,998,1591,0,-11503,271,-7,-8,0,0,0,01,9,5,1650
D,34139552,1089,1591,0,-11503,353,-7,0,0,0,0,01,9,5,1650
D,34140419,867,1591,0,-11503,227,-6,0,0,0,0,01,9,5,1650
D,34141412,993,1591,0,-11503,218,-6,0,0,0,0,01,9,5,1650
D,34142430,1018,1591,0,-11503,231,-6,0,0,0,0,01,9,5,1650
D,34143412,982,1591,0,-11503,221,-6,0,0,0,0,01,9,5,1650
D,34144417,1005,1591,0,-11503,223,-5,0,0,0,0,01,9,5,1650
D,34145412,995,1591,0,-11503,218,-5,0,0,0,0,01,9,5,1650
D,34146421,1009,1591,0,-11503,222,-5,0,0,0,0,01,9,5,1650
D,34147437,1016,1591,0,-11503,243,-5,0,0,0,0,01,9,5,1650
D,34148543,1106,1591,0,-11503,341,-5,0,0,0,0,01,9,5,1650
D,34149583,1040,1591,0,-11503,383,-4,0,0,0,0,01,9,5,1650
D,34151036,1453,1591,0,-11503,275,-4,0,0,0,0,01,9,5,1650
D,34151447,411,1591,0,-11503,240,-4,0,0,0,0,01,9,5,1650
D,34152463,1016,1591,0,-11503,268,-4,0,0,0,0,01,9,5,1650
D,34153443,980,1591,0,-11503,251,-4,0,0,0,0,01,9,5,1650
D,34154452,1009,1591,0,-11503,256,-4,0,0,0,0,01,9,5,1650
D,34155473,1021,1591,0,-11503,269,-3,0,0,0,0,01,9,5,1650
D,34156451,978,1591,0,-11503,248,-3,0,0,0,0,01,9,5,1650
D,34157459,1008,1591,0,-11503,259,-3,0,0,0,0,01,9,5,1650
D,34158486,1027,1591,0,-11503,282,-3,0,0,0,0,01,9,5,1650
D,34159529,1043,1591,0,-11503,337,-3,0,0,0,0,01,9,5,1650
D,34160419,890,1591,0,-11503,227,-3,0,0,0,0,01,9,5,1650
D,34161412,993,1591,0,-11503,218,-3,0,0,0,0,01,9,5,1650
D,34162425,1013,1591,0,-11503,233,-3,0,0,0,0,01,9,5,1650
D,34163412,987,1591,0,-11503,219,-3,0,0,0,0,01,9,5,1650
D,34164417,1005,1591,0,-11503,226,-2,0,0,0,0,01,9,5,1650
D,34165417,1000,1591,0,-11503,218,-2,0,0,0,0,01,9,5,1650
D,34166425,1008,1591,0,-11503,227,-2,0,0,0,0,01,9,5,1650
D,34167446,1021,1591,0,-11503,239,-2,0,0,0,0,01,9,5,1650
D,34168544,1098,1591,0,-11503,342,-2,0,0,0,0,01,9,5,1650
D,34169570,1026,1591,0,-11503,369,-2,0,0,0,0,01,9,5,1650
D,34170468,898,1591,0,-11503,266,-2,0,0,0,0,01,9,5,1650
D,34171464,996,1591,0,-11503,272,-2,0,0,0,0,01,9,5,1650
D,34172452,988,1591,0,-11503,249,-2,0,0,0,0,01,9,5,1650
D,34173447,995,1591,0,-11503,255,-2,0,0,0,0,01,9,5,1650
D,34174457,1010,1591,0,-11503,263,-2,0,0,0,0,01,9,5,1650
D,34175462,1005,1591,0,-11503,262,-2,0,0,0,0,01,9,5,1650
D,34176455,993,1591,0,-11503,250,-2,0,0,0,0,01,9,5,1650
D,34177466,1011,1591,0,-11503,260,-1,0,0,0,0,01,9,5,1650
D,34178456,990,1591,0,-11503,266,-1,0,0,0,0,01,9,5,1650
D,34179551,1095,1591,0,-11503,349,-1,0,0,0,0,01,9,5,1650
D,34180429,878,1591,0,-11503,226,-1,0,0,0,0,01,9,5,1650
D,34181412,983,1591,0,-11503,221,-1,0,0,0,0,01,9,5,1650
D,34182429,1017,1591,0,-11503,228,-1,0,0,0,0,01,9,5,1650
D,34183412,983,1591,0,-11503,221,-1,0,0,0,0,01,9,5,1650
D,34184417,1005,1591,0,-11503,222,-1,0,0,0,0,01,9,5,1650
D,34185412,995,1591,0,-11503,220,-1,0,0,0,0,01,9,5,1650
D,34186421,1009,1591,0,-11503,222,-1,0,0,0,0,01,9,5,1650
D,34187463,1042,1591,0,-11503,255,-1,0,0,0,0,01,9,5,1650
D,34188540,1077,1591,0,-11503,338,-1,0,0,0,0,01,9,5,1650
D,34189576,1036,1591,0,-11503,374,-1,0,0,0,0,01,9,5,1650
D,34190463,887,1591,0,-11503,262,-1,0,0,0,0,01,9,5,1650
D,34191480,1017,1591,0,-11503,276,-1,0,0,0,0,01,9,5,1650
D,34192456,976,1591,0,-11503,252,-1,0,0,0,0,01,9,5,1650
D,34193448,992,1591,0,-11503,255,-1,0,0,0,0,01,9,5,1650
D,34194468,1020,1591,0,-11503,269,-1,0,0,0,0,01,9,5,1650
D,34195456,988,1591,0,-11503,263,-1,0,0,0,0,01,9,5,1650
D,34196456,1000,1591,0,-11503,251,-1,0,0,0,0,01,9,5,1650
D,34197450,994,1591,0,-11503,256,-1,0,0,0,0,01,9,5,1650
D,34198460,1010,1591,0,-11503,269,-1,0,0,0,0,01,9,5,1650
D,34199528,1068,1591,0,-11503,336,-1,0,0,0,0,01,9,5,1650
D,34200424,896,1591,0,-11503,227,-1,0,0,0,0,01,9,5,1650
D,34201417,993,1591,0,-11503,219,-1,0,0,0,0,01,9,5,1650
D,34202428,1011,1591,0,-11503,229,-1,0,0,0,0,01,9,5,1650
D,34203420,992,1592,1,-11504,221,-1,-8,0,0,0,01,9,5,1650
D,34204418,998,1591,-1,-11503,224,-1,0,0,0,0,01,9,5,1650
D,34205417,999,1591,0,-11503,223,-1,0,0,0,0,01,9,5,1650
D,34206428,1011,1591,0,-11503,224,-1,0,0,0,0,01,9,5,1650
D,34207437,1009,1591,0,-11503,242,-1,0,0,0,0,01,9,5,1650
D,34208544,1107,1591,0,-11503,341,-1,0,0,0,0,01,9,5,1650
D,34209578,1034,1591,0,-11503,378,-1,0,0,0,0,01,9,5,1650
D,34210465,887,1591,0,-11503,263,-1,0,0,0,0,01,9,5,1650
D,34211460,995,1591,0,-11503,266,-1,0,0,0,0,01,9,5,1650
D,34212459,999,1591,0,-11503,254,-1,0,0,0,0,01,9,5,1650
D,34213445,986,1591,0,-11503,254,-1,0,0,0,0,01,9,5,1650
D,34214454,1009,1591,0,-11503,263,-1,0,0,0,0,01,9,5,1650
D,34215458,1004,1591,0,-11503,260,-1,0,0,0,0,01,9,5,1650
D,34216454,996,1591,0,-11503,252,0,0,0,0,0,01,9,5,1650
D,34217462,1008,1592,1,-11504,258,-1,-8,0,0,0,01,9,5,1650
D,34218485,1023,1592,0,-11504,282,-1,-8,0,0,0,01,9,5,1650
D,34219537,1052,1591,-1,-11503,337,-1,0,0,0,0,01,9,5,1650
D,34220419,882,1591,0,-11503,225,-1,0,0,0,0,01,9,5,1650
D,34221412,993,1591,0,-11503,214,-1,0,0,0,0,01,9,5,1650
D,34222428,1016,1591,0,-11503,228,-1,0,0,0,0,01,9,5,1650
D,34223418,990,1592,1,-11504,219,-1,-8,0,0,0,01,9,5,1650
D,34224412,994,1591,-1,-11503,219,-1,0,0,0,0,01,9,5,1650
D,34225420,1008,1592,1,-11504,219,-1,-8,0,0,0,01,9,5,1650
D,34226429,1009,1592,0,-11504,227,-2,-8,0,0,0,01,9,5,1650
D,34227452,1023,1592,0,-11504,250,-2,-8,0,0,0,01,9,5,1650
D,34228537,1085,1592,0,-11504,335,-2,-8,0,0,0,01,9,5,1650
D,34229572,1035,1591,-1,-11503,375,-2,0,0,0,0,01,9,5,1650
D,34230470,898,1591,0,-11503,264,-2,0,0,0,0,01,9,5,1650
D,34231472,1002,1591,0,-11503,273,-2,0,0,0,0,01,9,5,1650
D,34232456,984,1592,1,-11504,253,-2,-8,0,0,0,01,9,5,1650
D,34233449,993,1591,-1,-11503,256,-2,8,0,0,0,01,9,5,1650
D,34234472,1023,1591,0,-11503,265,-2,0,0,0,0,01,9,5,1650
D,34235468,996,1591,0,-11503,266,-2,0,0,0,0,01,9,5,1650
D,34236442,974,1591,0,-11503,248,-2,0,0,0,0,01,9,5,1650
D,34237458,1016,1592,1,-11504,259,-2,-8,0,0,0,01,9,5,1650
D,34238462,1004,1592,0,-11504,271,-2,-8,0,0,0,01,9,5,1650
D,34239550,1088,1591,-1,-11503,349,-2,0,0,0,0,01,9,5,1650
D,34240424,874,1591,0,-11503,225,-2,0,0,0,0,01,9,5,1650
D,34241417,993,1591,0,-11503,217,-2,0,0,0,0,01,9,5,1650
D,34242420,1003,1592,1,-11504,229,-2,-8,0,0,0,01,9,5,1650
D,34243411,991,1592,0,-11504,220,-2,-8,0,0,0,01,9,5,1650
D,34244420,1009,1592,0,-11504,222,-3,-8,0,0,0,01,9,5,1650
D,34245410,990,1591,-1,-11503,219,-2,0,0,0,0,01,9,5,1650
D,34246425,1015,1591,0,-11503,226,-2,0,0,0,0,01,9,5,1650
D,34247436,1011,1592,1,-11504,243,-3,-8,0,0,0,01,9,5,1650
D,34248534,1098,1592,0,-11504,342,-2,0,0,0,0,01,9,5,1650
D,34249574,1040,1591,-1,-11503,376,-2,0,0,0,0,01,9,5,1650
D,34251040,1466,1592,1,-11504,280,-3,-8,0,0,0,01,9,5,1650
D,34251428,388,1591,-1,-11503,235,-3,0,0,0,0,01,9,5,1650
D,34252472,1044,1591,0,-11503,268,-3,0,0,0,0,01,9,5,1650
D,34253450,978,1591,0,-11503,246,-2,8,0,0,0,01,9,5,1650
D,34254472,1022,1592,1,-11504,268,-2,-8,0,0,0,01,9,5,1650
D,34255453,981,1592,0,-11504,254,-2,0,0,0,0,01,9,5,1650
D,34256458,1005,1592,0,-11504,256,-2,0,0,0,0,01,9,5,1650
D,34257445,987,1592,0,-11504,247,-2,0,0,0,0,01,9,5,1650
D,34258480,1035,1591,-1,-11503,275,-2,8,0,0,0,01,9,5,1650
D,34259552,1072,1591,0,-11503,346,-1,8,0,0,0,01,9,5,1650
D,34260421,869,1591,0,-11503,227,-1,0,0,0,0,01,9,5,1650
D,34261412,991,1591,0,-11503,216,-1,0,0,0,0,01,9,5,1650
D,34262431,1019,1591,0,-11503,229,-1,0,0,0,0,01,9,5,1650
D,34263418,987,1591,0,-11503,219,-1,8,0,0,0,01,9,5,1650
D,34264418,1000,1591,0,-11503,224,-1,0,0,0,0,01,9,5,1650
D,34265418,1000,1591,0,-11503,217,-1,0,0,0,0,01,9,5,1650
D,34266428,1010,1591,0,-11503,224,-1,0,0,0,0,01,9,5,1650
D,34267431,1003,1591,0,-11503,238,-1,0,0,0,0,01,9,5,1650
D,34268546,1115,1591,0,-11503,343,0,8,0,0,0,01,9,5,1650
D,34269577,1031,1591,0,-11503,376,0,0,0,0,0,01,9,5,1650
D,34270457,880,1592,1,-11504,264,-1,-8,0,0,0,01,9,5,1650
D,34271470,1013,1591,-1,-11503,267,-1,0,0,0,0,01,9,5,1650
D,34272456,986,1591,0,-11503,254,0,8,0,0,0,01,9,5,1650
D,34273443,987,1591,0,-11503,252,0,8,0,0,0,01,9,5,1650
D,34274466,1023,1591,0,-11503,270,0,8,0,0,0,01,9,5,1650
D,34275469,1003,1591,0,-11503,265,0,0,0,0,0,01,9,5,1650
D,34276461,992,1591,0,-11503,259,0,0,0,0,0,01,9,5,1650
D,34277466,1005,1591,0,-11503,260,1,8,0,0,0,01,9,5,1650
D,34278468,1002,1591,0,-11503,273,1,8,0,0,0,01,9,5,1650
D,34279533,1065,1591,0,-11503,341,1,8,0,0,0,01,9,5,1650
D,34280423,890,1591,0,-11503,225,1,0,0,0,0,01,9,5,1650
D,34281412,989,1591,0,-11503,218,2,8,0,0,0,01,9,5,1650
D,34282420,1008,1591,0,-11503,229,1,0,0,0,0,01,9,5,1650
D,34283412,992,1591,0,-11503,220,1,0,0,0,0,01,9,5,1650
D,34284417,1005,1591,0,-11503,225,1,0,0,0,0,01,9,5,1650
D,34285417,1000,1591,0,-11503,218,2,8,0,0,0,01,9,5,1650
D,34286428,1011,1591,0,-11503,227,2,8,0,0,0,01,9,5,1650
D,34287436,1008,1591,0,-11503,242,2,8,0,0,0,01,9,5,1650
D,34288549,1113,1591,0,-11503,341,2,0,0,0,0,01,9,5,1650
D,34289563,1014,1591,0,-11503,371,2,0,0,0,0,01,9,5,1650
D,34290467,904,1591,0,-11503,266,2,0,0,0,0,01,9,5,1650
D,34291475,1008,1591,0,-11503,274,2,0,0,0,0,01,9,5,1650
D,34292461,986,1591,0,-11503,256,2,0,0,0,0,01,9,5,1650
D,34293462,1001,1591,0,-11503,259,2,0,0,0,0,01,9,5,1650
D,34294474,1012,1591,0,-11503,267,2,0,0,0,0,01,9,5,1650
D,34295467,993,1591,0,-11503,263,2,0,0,0,0,01,9,5,1650
D,34296452,985,1591,0,-11503,251,1,0,0,0,0,01,9,5,1650
D,34297444,992,1591,0,-11503,252,1,0,0,0,0,01,9,5,1650
D,34298480,1036,1591,0,-11503,280,1,0,0,0,0,01,9,5,1650
D,34299526,1046,1591,0,-11503,334,1,0,0,0,0,01,9,5,1650
D,34300432,906,1591,0,-11503,229,1,0,0,0,0,01,9,5,1650
D,34301412,980,1591,0,-11503,221,1,8,0,0,0,01,9,5,1650
D,34302428,1016,1591,0,-11503,227,1,0,0,0,0,01,9,5,1650
D,34303421,993,1591,0,-11503,220,1,0,0,0,0,01,9,5,1650
D,34304412,991,1591,0,-11503,221,1,0,0,0,0,01,9,5,1650
D,34305418,1006,1591,0,-11503,220,1,0,0,0,0,01,9,5,1650
D,34306421,1003,1591,0,-11503,222,1,0,0,0,0,01,9,5,1650
D,34307435,1014,1591,0,-11503,241,1,0,0,0,0,01,9,5,1650
D,34308549,1114,1591,0,-11503,352,1,0,0,0,0,01,9,5,1650
D,34309587,1038,1591,0,-11503,379,1,0,0,0,0,01,9,5,1650
D,34310501,914,1591,0,-11503,308,1,0,0,0,0,01,9,5,1650
D,34311483,982,1591,0,-11503,290,1,0,0,0,0,01,9,5,1650
D,34312492,1009,1591,0,-11503,288,1,0,0,0,0,01,9,5,1650
D,34313487,995,1591,0,-11503,283,1,0,0,0,0,01,9,5,1650
D,34314507,1020,1591,0,-11503,310,1,0,0,0,0,01,9,5,1650
D,34315483,976,1591,0,-11503,288,1,0,0,0,0,01,9,5,1650
D,34316496,1013,1591,0,-11503,296,1,0,0,0,0,01,9,5,1650
D,34317503,1007,1591,0,-11503,295,1,0,0,0,0,01,9,5,1650
D,34318507,1004,1591,0,-11503,314,1,0,0,0,0,01,9,5,1650
D,34319550,1043,1591,0,-11503,347,1,0,0,0,0,01,9,5,1650
D,34320437,887,1591,0,-11503,237,1,0,0,0,0,01,9,5,1650
D,34321425,988,1591,0,-11503,232,1,0,0,0,0,01,9,5,1650
D,34322452,1027,1591,0,-11503,251,1,0,0,0,0,01,9,5,1650
D,34323437,985,1591,0,-11503,233,1,0,0,0,0,01,9,5,1650
D,34324444,1007,1591,0,-11503,240,1,0,0,0,0,01,9,5,1650
D,34325434,990,1591,0,-11503,233,1,0,0,0,0,01,9,5,1650
D,34326433,999,1591,0,-11503,241,1,0,0,0,0,01,9,5,1650
D,34327469,1036,1591,0,-11503,267,1,0,0,0,0,01,9,5,1650
D,34328539,1070,1591,0,-11503,342,1,0,0,0,0,01,9,5,1650
D,34329603,1064,1591,0,-11503,390,0,0,0,0,0,01,9,5,1650
D,34330507,904,1591,0,-11503,314,0,0,0,0,0,01,9,5,1650
D,34331478,971,1591,0,-11503,287,0,0,0,0,0,01,9,5,1650
D,34332479,1001,1591,0,-11503,281,0,0,0,0,0,01,9,5,1650
D,34333486,1007,1591,0,-11503,286,0,0,0,0,0,01,9,5,1650
D,34334502,1016,1591,0,-11503,311,0,0,0,0,0,01,9,5,1650
D,34335490,988,1591,0,-11503,289,0,0,0,0,0,01,9,5,1650
D,34336485,995,1591,0,-11503,289,0,0,0,0,0,01,9,5,1650
D,34337487,1002,1591,0,-11503,291,0,0,0,0,0,01,9,5,1650
D,34338508,1021,1591,0,-11503,313,0,0,0,0,0,01,9,5,1650
D,34339554,1046,1591,0,-11503,350,0,0,0,0,0,01,9,5,1650
D,34340440,886,1591,0,-11503,236,0,0,0,0,0,01,9,5,1650
D,34341423,983,1591,0,-11503,232,0,0,0,0,0,01,9,5,1650
D,34342436,1013,1591,0,-11503,245,0,0,0,0,0,01,9,5,1650
D,34343439,1003,1591,0,-11503,236,0,0,0,0,0,01,9,5,1650
D,34344444,1005,1591,0,-11503,241,0,0,0,0,0,01,9,5,1650
D,34345439,995,1591,0,-11503,236,0,0,0,0,0,01,9,5,1650
D,34346435,996,1591,0,-11503,243,0,0,0,0,0,01,9,5,1650
D,34347459,1024,1591,0,-11503,258,0,0,0,0,0,01,9,5,1650
D,34348575,1116,1591,0,-11503,362,0,0,0,0,0,01,9,5,1650
D,34349608,1033,1591,0,-11503,394,0,0,0,0,0,01,9,5,1650
D,34351091,1483,1591,0,-11503,319,0,0,0,0,0,01,9,5,1650
D,34351550,459,1591,0,-11503,279,0,0,0,0,0,01,9,5,1650
D,34352484,934,1591,0,-11503,278,0,0,0,0,0,01,9,5,1650
D,34353483,999,1591,0,-11503,287,0,0,0,0,0,01,9,5,1650
D,34354513,1030,1591,0,-11503,312,0,0,0,0,0,01,9,5,1650
D,34355484,971,1591,0,-11503,286,0,0,0,0,0,01,9,5,1650
D,34356488,1004,1591,0,-11503,292,0,0,0,0,0,01,9,5,1650
D,34357477,989,1591,0,-11503,283,0,0,0,0,0,01,9,5,1650
D,34358511,1034,1591,0,-11503,316,0,0,0,0,0,01,9,5,1650
D,34359556,1045,1591,0,-11503,349,0,0,0,0,0,01,9,5,1650
D,34360453,897,1591,0,-11503,244,0,0,0,0,0,01,9,5,1650
D,34361433,980,1591,0,-11503,231,0,0,0,0,0,01,9,5,1650
D,34362440,1007,1591,0,-11503,249,0,0,0,0,0,01,9,5,1650
D,34363437,997,1591,0,-11503,234,0,0,0,0,0,01,9,5,1650
D,34364450,1013,1591,0,-11503,242,0,0,0,0,0,01,9,5,1650
D,34365431,981,1591,0,-11503,230,0,0,0,0,0,01,9,5,1650
D,34366436,1005,1591,0,-11503,244,0,0,0,0,0,01,9,5,1650
D,34367465,1029,1591,0,-11503,263,0,0,0,0,0,01,9,5,1650
D,34368549,1084,1591,0,-11503,348,0,0,0,0,0,01,9,5,1650
D,34369615,1066,1591,0,-11503,391,0,0,0,0,0,01,9,5,1650
D,34370521,906,1591,0,-11503,313,0,0,0,0,0,01,9,5,1650
D,34371488,967,1591,0,-11503,289,0,0,0,0,0,01,9,5,1650
D,34372478,990,1591,0,-11503,283,0,0,0,0,0,01,9,5,1650
D,34373483,1005,1591,0,-11503,291,0,0,0,0,0,01,9,5,1650
D,34374505,1022,1591,0,-11503,312,0,0,0,0,0,01,9,5,1650
D,34375490,985,1591,0,-11503,291,0,0,0,0,0,01,9,5,1650
D,34376490,1000,1591,0,-11503,292,0,0,0,0,0,01,9,5,1650
D,34377496,1006,1591,0,-11503,293,0,0,0,0,0,01,9,5,1650
D,34378507,1011,1591,0,-11503,309,0,0,0,0,0,01,9,5,1650
D,34379555,1048,1591,0,-11503,354,0,0,0,0,0,01,9,5,1650
D,34380441,886,1591,0,-11503,237,0,0,0,0,0,01,9,5,1650
D,34381435,994,1591,0,-11503,235,0,0,0,0,0,01,9,5,1650
D,34382440,1005,1591,0,-11503,248,0,0,0,0,0,01,9,5,1650
D,34383447,1007,1591,0,-11503,240,0,0,0,0,0,01,9,5,1650
D,34384453,1006,1591,0,-11503,245,0,0,0,0,0,01,9,5,1650
D,34385437,984,1591,0,-11503,234,0,0,0,0,0,01,9,5,1650
D,34386434,997,1591,0,-11503,243,0,0,0,0,0,01,9,5,1650
D,34387471,1037,1591,0,-11503,271,0,0,0,0,0,01,9,5,1650
D,34388569,1098,1591,0,-11503,359,0,0,0,0,0,01,9,5,1650
D,34389616,1047,1590,-1,-11502,406,0,8,0,0,0,01,9,5,1650
D,34390512,896,1590,0,-11502,315,1,8,0,0,0,01,9,5,1650
D,34391485,973,1590,0,-11502,289,1,8,0,0,0,01,9,5,1650
D,34392483,998,1590,0,-11502,284,1,8,0,0,0,01,9,5,1650
D,34393484,1001,1590,0,-11502,286,1,8,0,0,0,01,9,5,1650
D,34394505,1021,1590,0,-11502,309,2,8,0,0,0,01,9,5,1650
D,34395488,983,1590,0,-11502,289,2,8,0,0,0,01,9,5,1650
D,34396493,1005,1590,0,-11502,295,2,8,0,0,0,01,9,5,1650
D,34397484,991,1590,0,-11502,290,2,8,0,0,0,01,9,5,1650
D,34398514,1030,1590,0,-11502,322,3,8,0,0,0,01,9,5,1650
D,34399556,1042,1590,0,-11502,353,3,8,0,0,0,01,9,5,1650
D,34400444,888,1590,0,-11502,240,3,8,0,0,0,01,9,5,1650
D,34401440,996,1590,0,-11502,238,3,8,0,0,0,01,9,5,1650
D,34402455,1015,1590,0,-11502,253,3,8,0,0,0,01,9,5,1650
D,34403442,987,1590,0,-11502,241,4,8,0,0,0,01,9,5,1650
D,34404447,1005,1590,0,-11502,244,4,8,0,0,0,01,9,5,1650
D,34405448,1001,1590,0,-11502,244,4,8,0,0,0,01,9,5,1650
D,34406440,992,1590,0,-11502,245,4,8,0,0,0,01,9,5,1650
D,34407487,1047,1590,0,-11502,282,4,8,0,0,0,01,9,5,1650
D,34408540,1053,1590,0,-11502,344,4,8,0,0,0,01,9,5,1650
D,34409618,1078,1590,0,-11502,394,5,8,0,0,0,01,9,5,1650
D,34410519,901,1590,0,-11502,312,5,8,0,0,0,01,9,5,1650
D,34411496,977,1590,0,-11502,294,5,8,0,0,0,01,9,5,1650
D,34412480,984,1590,0,-11502,284,5,8,0,0,0,01,9,5,1650
D,34413493,1013,1590,0,-11502,294,5,8,0,0,0,01,9,5,1650
D,34414505,1012,1590,0,-11502,311,5,8,0,0,0,01,9,5,1650
D,34415499,994,1590,0,-11502,295,5,8,0,0,0,01,9,5,1650
D,34416501,1002,1590,0,-11502,294,5,8,0,0,0,01,9,5,1650
D,34417493,992,1590,0,-11502,294,6,8,0,0,0,01,9,5,1650
D,34418511,1018,1590,0,-11502,312,6,8,0,0,0,01,9,5,1650
D,34419562,1051,1590,0,-11502,352,6,8,0,0,0,01,9,5,1650
D,34420430,868,1590,0,-11502,239,6,0,0,0,0,01,9,5,1650
D,34421427,997,1590,0,-11502,234,5,0,0,0,0,01,9,5,1650
D,34422454,1027,1590,0,-11502,251,5,0,0,0,0,01,9,5,1650
D,34423449,995,1590,0,-11502,240,5,0,0,0,0,01,9,5,1650
D,34424430,981,1590,0,-11502,237,5,0,0,0,0,01,9,5,1650
D,34425437,1007,1590,0,-11502,233,5,0,0,0,0,01,9,5,1650
D,34426432,995,1590,0,-11502,241,4,0,0,0,0,01,9,5,1650
D,34427606,1174,1590,0,-11502,406,4,0,0,0,0,01,9,5,1650
D,34428646,1040,1590,0,-11502,444,4,0,0,0,0,01,9,5,1650
D,34429579,933,1590,0,-11502,381,4,0,0,0,0,01,9,5,1650
D,34430503,924,1590,0,-11502,305,4,0,0,0,0,01,9,5,1650
D,34431495,992,1590,0,-11502,286,4,0,0,0,0,01,9,5,1650
D,34432500,1005,1590,0,-11502,291,3,0,0,0,0,01,9,5,1650
D,34433501,1001,1590,0,-11502,302,3,0,0,0,0,01,9,5,1650
D,34434512,1011,1590,0,-11502,303,3,0,0,0,0,01,9,5,1650
D,34435499,987,1590,0,-11502,296,3,0,0,0,0,01,9,5,1650
D,34436484,985,1590,0,-11502,292,3,0,0,0,0,01,9,5,1650
D,34437489,1005,1590,0,-11502,290,3,0,0,0,0,01,9,5,1650
D,34438591,1102,1590,0,-11502,395,3,0,0,0,0,01,9,5,1650
D,34439497,906,1590,0,-11502,291,3,0,0,0,0,01,9,5,1650
D,34440448,951,1590,0,-11502,242,2,0,0,0,0,01,9,5,1650
D,34441431,983,1590,0,-11502,239,2,0,0,0,0,01,9,5,1650
D,34442436,1005,1590,0,-11502,241,2,0,0,0,0,01,9,5,1650
D,34443445,1009,1590,0,-11502,242,2,0,0,0,0,01,9,5,1650
D,34444437,992,1590,0,-11502,235,2,0,0,0,0,01,9,5,1650
D,34445441,1004,1590,0,-11502,239,2,0,0,0,0,01,9,5,1650
D,34446445,1004,1590,0,-11502,239,2,0,0,0,0,01,9,5,1650
D,34447585,1140,1590,0,-11502,388,2,0,0,0,0,01,9,5,1650
D,34448651,1066,1590,0,-11502,444,2,0,0,0,0,01,9,5,1650
D,34449594,943,1590,0,-11502,387,2,0,0,0,0,01,9,5,1650
D,34451107,1513,1590,0,-11502,301,2,0,0,0,0,01,9,5,1650
D,34451532,425,1590,0,-11502,249,2,0,0,0,0,01,9,5,1650
D,34452492,960,1589,-1,-11501,292,2,8,0,0,0,01,9,5,1650
D,34453490,998,1589,0,-11501,296,2,8,0,0,0,01,9,5,1650
D,34454505,1015,1589,0,-11501,297,2,8,0,0,0,01,9,5,1650
D,34455496,991,1589,0,-11501,300,3,8,0,0,0,01,9,5,1650
D,34456498,1002,1589,0,-11501,291,3,8,0,0,0,01,9,5,1650
D,34457500,1002,1590,1,-11502,293,3,0,0,0,0,01,9,5,1650
D,34458605,1105,1589,-1,-11501,392,3,8,0,0,0,01,9,5,1650
D,34459502,897,1589,0,-11501,297,3,8,0,0,0,01,9,5,1650
D,34460444,942,1589,0,-11501,246,3,8,0,0,0,01,9,5,1650
D,34461440,996,1589,0,-11501,239,3,8,0,0,0,01,9,5,1650
D,34462440,1000,1589,0,-11501,245,4,8,0,0,0,01,9,5,1650
D,34463442,1002,1589,0,-11501,241,4,8,0,0,0,01,9,5,1650
D,34464452,1010,1589,0,-11501,243,4,8,0,0,0,01,9,5,1650
D,34465439,987,1589,0,-11501,241,4,8,0,0,0,01,9,5,1650
D,34466450,1011,1589,0,-11501,244,4,8,0,0,0,01,9,5,1650
D,34467608,1158,1589,0,-11501,385,4,8,0,0,0,01,9,5,1650
D,34468658,1050,1589,0,-11501,449,5,8,0,0,0,01,9,5,1650
D,34469587,929,1589,0,-11501,393,5,8,0,0,0,01,9,5,1650
D,34470506,919,1589,0,-11501,302,5,8,0,0,0,01,9,5,1650
D,34471493,987,1589,0,-11501,291,5,8,0,0,0,01,9,5,1650
D,34472489,996,1589,0,-11501,289,5,8,0,0,0,01,9,5,1650
D,34473500,1011,1589,0,-11501,309,5,8,0,0,0,01,9,5,1650
D,34474500,1000,1589,0,-11501,297,5,8,0,0,0,01,9,5,1650
D,34475505,1005,1589,0,-11501,302,5,8,0,0,0,01,9,5,1650
D,34476497,992,1589,0,-11501,294,6,8,0,0,0,01,9,5,1650
D,34477487,990,1589,0,-11501,292,6,8,0,0,0,01,9,5,1650
D,34478586,1099,1589,0,-11501,395,6,8,0,0,0,01,9,5,1650
D,34479526,940,1589,0,-11501,317,6,8,0,0,0,01,9,5,1650
D,34480441,915,1589,0,-11501,234,6,8,0,0,0,01,9,5,1650
D,34481437,996,1589,0,-11501,235,6,8,0,0,0,01,9,5,1650
D,34482453,1016,1589,0,-11501,248,6,8,0,0,0,01,9,5,1650
D,34483430,977,1589,0,-11501,240,6,0,0,0,0,01,9,5,1650
D,34484443,1013,1589,0,-11501,241,6,0,0,0,0,01,9,5,1650
D,34485439,996,1589,0,-11501,240,5,0,0,0,0,01,9,5,1650
D,34486438,999,1589,0,-11501,244,5,0,0,0,0,01,9,5,1650
D,34487598,1160,1589,0,-11501,391,5,8,0,0,0,01,9,5,1650
D,34488642,1044,1589,0,-11501,439,5,0,0,0,0,01,9,5,1650
D,34489601,959,1589,0,-11501,391,5,0,0,0,0,01,9,5,1650
D,34490489,888,1589,0,-11501,284,5,0,0,0,0,01,9,5,1650
D,34491472,983,1589,0,-11501,279,5,0,0,0,0,01,9,5,1650
D,34492492,1020,1589,0,-11501,283,4,0,0,0,0,01,9,5,1650
D,34493495,1003,1589,0,-11501,292,4,0,0,0,0,01,9,5,1650
D,34494490,995,1589,0,-11501,286,4,0,0,0,0,01,9,5,1650
D,34495499,1009,1589,0,-11501,292,4,0,0,0,0,01,9,5,1650
D,34496485,986,1589,0,-11501,281,4,0,0,0,0,01,9,5,1650
D,34497487,1002,1589,0,-11501,282,4,0,0,0,0,01,9,5,1650
D,34498605,1118,1589,0,-11501,391,3,0,0,0,0,01,9,5,1650
D,34499515,910,1589,0,-11501,309,3,0,0,0,0,01,9,5,1650
D,34500451,936,1589,0,-11501,250,3,0,0,0,0,01,9,5,1650
D,34501430,979,1589,0,-11501,239,3,0,0,0,0,01,9,5,1650
D,34502457,1027,1589,0,-11501,249,3,0,0,0,0,01,9,5,1650
D,34503450,993,1589,0,-11501,245,3,0,0,0,0,01,9,5,1650
D,34504456,1006,1589,0,-11501,248,3,0,0,0,0,01,9,5,1650
D,34505444,988,1589,0,-11501,242,3,0,0,0,0,01,9,5,1650
D,34506451,1007,1589,0,-11501,245,2,0,0,0,0,01,9,5,1650
D,34507589,1138,1589,0,-11501,373,2,0,0,0,0,01,9,5,1650
D,34508652,1063,1589,0,-11501,452,2,0,0,0,0,01,9,5,1650
D,34509590,938,1589,0,-11501,396,2,0,0,0,0,01,9,5,1650
D,34510487,897,1589,0,-11501,295,2,0,0,0,0,01,9,5,1650
D,34511492,1005,1589,0,-11501,286,2,0,0,0,0,01,9,5,1650
D,34512487,995,1589,0,-11501,285,2,0,0,0,0,01,9,5,1650
D,34513504,1017,1589,0,-11501,300,2,0,0,0,0,01,9,5,1650
D,34514498,994,1589,0,-11501,292,2,0,0,0,0,01,9,5,1650
D,34515496,998,1589,0,-11501,299,2,0,0,0,0,01,9,5,1650
D,34516488,992,1589,0,-11501,287,2,0,0,0,0,01,9,5,1650
D,34517488,1000,1589,0,-11501,291,2,0,0,0,0,01,9,5,1650
D,34518580,1092,1589,0,-11501,388,2,0,0,0,0,01,9,5,1650
D,34519526,946,1589,0,-11501,321,1,0,0,0,0,01,9,5,1650
D,34520439,913,1589,0,-11501,240,1,0,0,0,0,01,9,5,1650
D,34521448,1009,1589,0,-11501,241,1,0,0,0,0,01,9,5,1650
D,34522450,1002,1589,0,-11501,251,1,0,0,0,0,01,9,5,1650
D,34523439,989,1589,0,-11501,246,1,0,0,0,0,01,9,5,1650
D,34524443,1004,1589,0,-11501,241,1,0,0,0,0,01,9,5,1650
D,34525450,1007,1589,0,-11501,248,1,0,0,0,0,01,9,5,1650
D,34526453,1003,1589,0,-11501,249,1,0,0,0,0,01,9,5,1650
D,34527588,1135,1589,0,-11501,369,1,0,0,0,0,01,9,5,1650
D,34528641,1053,1589,0,-11501,440,1,0,0,0,0,01,9,5,1650
D,34529586,945,1589,0,-11501,383,1,0,0,0,0,01,9,5,1650
D,34530492,906,1589,0,-11501,294,1,0,0,0,0,01,9,5,1650
D,34531492,1000,1589,0,-11501,294,1,0,0,0,0,01,9,5,1650
D,34532497,1005,1589,0,-11501,291,1,0,0,0,0,01,9,5,1650
D,34533490,993,1589,0,-11501,293,1,0,0,0,0,01,9,5,1650
D,34534502,1012,1589,0,-11501,295,1,0,0,0,0,01,9,5,1650
D,34535495,993,1589,0,-11501,296,1,0,0,0,0,01,9,5,1650
D,34536489,994,1589,0,-11501,288,1,0,0,0,0,01,9,5,1650
D,34537490,1001,1589,0,-11501,292,1,0,0,0,0,01,9,5,1650
D,34538602,1112,1589,0,-11501,392,1,0,0,0,0,01,9,5,1650
D,34539490,888,1589,0,-11501,287,1,0,0,0,0,01,9,5,1650
D,34540435,945,1589,0,-11501,243,1,0,0,0,0,01,9,5,1650
D,34541439,1004,1589,0,-11501,239,1,0,0,0,0,01,9,5,1650
D,34542441,1002,1589,0,-11501,240,1,0,0,0,0,01,9,5,1650
D,34543447,1006,1589,0,-11501,239,1,0,0,0,0,01,9,5,1650
D,34544442,995,1589,0,-11501,239,1,0,0,0,0,01,9,5,1650
D,34545442,1000,1589,0,-11501,237,1,0,0,0,0,01,9,5,1650
D,34546448,1006,1589,0,-11501,243,1,0,0,0,0,01,9,5,1650
D,34547581,1133,1589,0,-11501,384,0,0,0,0,0,01,9,5,1650
D,34548654,1073,1589,0,-11501,439,0,0,0,0,0,01,9,5,1650
D,34549591,937,1589,0,-11501,373,0,0,0,0,0,01,9,5,1650
D,34551110,1519,1589,0,-11501,300,0,0,0,0,0,01,9,5,1650
D,34551570,460,1589,0,-11501,281,0,0,0,0,0,01,9,5,1650
D,34552484,914,1589,0,-11501,286,0,0,0,0,0,01,9,5,1650
D,34553495,1011,1589,0,-11501,288,0,0,0,0,0,01,9,5,1650
D,34554503,1008,1589,0,-11501,296,0,0,0,0,0,01,9,5,1650
D,34555503,1000,1589,0,-11501,294,0,0,0,0,0,01,9,5,1650
D,34556486,983,1589,0,-11501,281,0,0,0,0,0,01,9,5,1650
D,34557490,1004,1589,0,-11501,292,0,0,0,0,0,01,9,5,1650
D,34558576,1086,1589,0,-11501,383,0,0,0,0,0,01,9,5,1650
D,34559499,923,1589,0,-11501,297,0,0,0,0,0,01,9,5,1650
D,34560451,952,1589,0,-11501,245,0,0,0,0,0,01,9,5,1650
D,34561435,984,1589,0,-11501,237,0,0,0,0,0,01,9,5,1650
D,34562438,1003,1589,0,-11501,242,0,0,0,0,0,01,9,5,1650
D,34563442,1004,1589,0,-11501,239,0,0,0,0,0,01,9,5,1650
D,34564441,999,1589,0,-11501,241,0,0,0,0,0,01,9,5,1650
D,34565439,998,1589,0,-11501,237,0,0,0,0,0,01,9,5,1650
D,34566447,1008,1589,0,-11501,244,0,0,0,0,0,01,9,5,1650
D,34567600,1153,1589,0,-11501,394,0,0,0,0,0,01,9,5,1650
D,34568653,1053,1589,0,-11501,443,0,0,0,0,0,01,9,5,1650
D,34569584,931,1589,0,-11501,391,0,0,0,0,0,01,9,5,1650
D,34570496,912,1589,0,-11501,301,0,0,0,0,0,01,9,5,1650
D,34571487,991,1589,0,-11501,289,0,0,0,0,0,01,9,5,1650
D,34572498,1011,1589,0,-11501,290,0,0,0,0,0,01,9,5,1650
D,34573503,1005,1589,0,-11501,303,0,0,0,0,0,01,9,5,1650
D,34574506,1003,1589,0,-11501,297,0,0,0,0,0,01,9,5,1650
D,34575509,1003,1589,0,-11501,303,0,0,0,0,0,01,9,5,1650
D,34576499,990,1589,0,-11501,291,0,0,0,0,0,01,9,5,1650
D,34577500,1001,1589,0,-11501,295,0,0,0,0,0,01,9,5,1650
D,34578586,1086,1589,0,-11501,391,0,0,0,0,0,01,9,5,1650
D,34579513,927,1589,0,-11501,308,0,0,0,0,0,01,9,5,1650
D,34580447,934,1589,0,-11501,249,0,0,0,0,0,01,9,5,1650
D,34581440,993,1589,0,-11501,239,0,0,0,0,0,01,9,5,1650
D,34582461,1021,1589,0,-11501,257,0,0,0,0,0,01,9,5,1650
D,34583455,994,1589,0,-11501,247,0,0,0,0,0,01,9,5,1650
D,34584443,988,1589,0,-11501,245,0,0,0,0,0,01,9,5,1650
D,34585443,1000,1589,0,-11501,243,0,0,0,0,0,01,9,5,1650
D,34586455,1012,1589,0,-11501,250,0,0,0,0,0,01,9,5,1650
D,34587594,1139,1589,0,-11501,378,0,0,0,0,0,01,9,5,1650
D,34588639,1045,1589,0,-11501,436,0,0,0,0,0,01,9,5,1650
D,34589588,949,1589,0,-11501,387,0,0,0,0,0,01,9,5,1650
D,34590499,911,1589,0,-11501,299,0,0,0,0,0,01,9,5,1650
D,34591500,1001,1589,0,-11501,296,0,0,0,0,0,01,9,5,1650
D,34592485,985,1589,0,-11501,291,0,0,0,0,0,01,9,5,1650
D,34593504,1019,1589,0,-11501,302,0,0,0,0,0,01,9,5,1650
D,34594492,988,1589,0,-11501,300,0,0,0,0,0,01,9,5,1650
D,34595498,1006,1589,0,-11501,299,0,0,0,0,0,01,9,5,1650
D,34596493,995,1589,0,-11501,291,0,0,0,0,0,01,9,5,1650
D,34597496,1003,1589,0,-11501,295,0,0,0,0,0,01,9,5,1650
D,34598589,1093,1589,0,-11501,398,0,0,0,0,0,01,9,5,1650
D,34599500,911,1589,0,-11501,293,0,0,0,0,0,01,9,5,1650
D,34600447,947,1589,0,-11501,241,0,0,0,0,0,01,9,5,1650
D,34601451,1004,1589,0,-11501,242,0,0,0,0,0,01,9,5,1650
D,34602434,983,1589,0,-11501,237,0,0,0,0,0,01,9,5,1650
D,34603441,1007,1589,0,-11501,242,0,0,0,0,0,01,9,5,1650
D,34604437,996,1589,0,-11501,235,0,0,0,0,0,01,9,5,1650
D,34605440,1003,1589,0,-11501,240,0,0,0,0,0,01,9,5,1650
D,34606449,1009,1589,0,-11501,242,0,0,0,0,0,01,9,5,1650
D,34607592,1143,1589,0,-11501,387,0,0,0,0,0,01,9,5,1650
D,34608650,1058,1589,0,-11501,441,0,0,0,0,0,01,9,5,1650
D,34609596,946,1589,0,-11501,391,0,0,0,0,0,01,9,5,1650
D,34610504,908,1589,0,-11501,296,0,0,0,0,0,01,9,5,1650
D,34611483,979,1589,0,-11501,288,0,0,0,0,0,01,9,5,1650
D,34612488,1005,1589,0,-11501,290,0,0,0,0,0,01,9,5,1650
D,34613507,1019,1589,0,-11501,302,0,0,0,0,0,01,9,5,1650
D,34614500,993,1589,0,-11501,294,0,0,0,0,0,01,9,5,1650
D,34615497,997,1589,0,-11501,297,0,0,0,0,0,01,9,5,1650
D,34616488,991,1589,0,-11501,287,0,0,0,0,0,01,9,5,1650
D,34617493,1005,1589,0,-11501,293,0,0,0,0,0,01,9,5,1650
D,34618596,1103,1589,0,-11501,392,0,0,0,0,0,01,9,5,1650
D,34619504,908,1589,0,-11501,302,0,0,0,0,0,01,9,5,1650
D,34620443,939,1589,0,-11501,241,0,0,0,0,0,01,9,5,1650
D,34621444,1001,1589,0,-11501,242,0,0,0,0,0,01,9,5,1650
D,34622439,995,1589,0,-11501,239,0,0,0,0,0,01,9,5,1650
D,34623447,1008,1589,0,-11501,245,0,0,0,0,0,01,9,5,1650
D,34624436,989,1589,0,-11501,236,0,0,0,0,0,01,9,5,1650
D,34625441,1005,1589,0,-11501,242,0,0,0,0,0,01,9,5,1650
D,34626428,987,1589,0,-11501,237,0,0,0,0,0,01,9,5,1650
D,34627570,1142,1589,0,-11501,374,0,0,0,0,0,01,9,5,1650
D,34628658,1088,1589,0,-11501,443,0,0,0,0,0,01,9,5,1650
D,34629580,922,1589,0,-11501,381,0,0,0,0,0,01,9,5,1650
D,34630503,923,1589,0,-11501,303,0,0,0,0,0,01,9,5,1650
D,34631486,983,1589,0,-11501,289,0,0,0,0,0,01,9,5,1650
D,34632475,989,1589,0,-11501,282,0,0,0,0,0,01,9,5,1650
D,34633497,1022,1589,0,-11501,294,0,0,0,0,0,01,9,5,1650
D,34634499,1002,1589,0,-11501,299,0,0,0,0,0,01,9,5,1650
D,34635498,999,1589,0,-11501,298,0,0,0,0,0,01,9,5,1650
D,34636487,989,1589,0,-11501,291,0,0,0,0,0,01,9,5,1650
D,34637488,1001,1589,0,-11501,291,0,0,0,0,0,01,9,5,1650
D,34638608,1120,1589,0,-11501,398,0,0,0,0,0,01,9,5,1650
D,34639498,890,1589,0,-11501,288,0,0,0,0,0,01,9,5,1650
D,34640446,948,1589,0,-11501,240,0,0,0,0,0,01,9,5,1650
D,34641435,989,1589,0,-11501,233,0,0,0,0,0,01,9,5,1650
D,34642448,1013,1589,0,-11501,243,0,0,0,0,0,01,9,5,1650
D,34643429,981,1589,0,-11501,237,0,0,0,0,0,01,9,5,1650
D,34644430,1001,1589,0,-11501,239,0,0,0,0,0,01,9,5,1650
D,34645444,1014,1589,0,-11501,237,0,0,0,0,0,01,9,5,1650
D,34646447,1003,1589,0,-11501,240,0,0,0,0,0,01,9,5,1650
D,34647595,1148,1589,0,-11501,389,0,0,0,0,0,01,9,5,1650
D,34648643,1048,1589,0,-11501,438,0,0,0,0,0,01,9,5,1650
D,34649587,944,1589,0,-11501,384,0,0,0,0,0,01,9,5,1650
D,34651105,1518,1589,0,-11501,297,0,0,0,0,0,01,9,5,1650
D,34651566,461,1589,0,-11501,280,0,0,0,0,0,01,9,5,1650
D,34652485,919,1589,0,-11501,292,0,0,0,0,0,01,9,5,1650
D,34653505,1020,1589,0,-11501,295,0,0,0,0,0,01,9,5,1650
D,34654491,986,1589,0,-11501,291,0,0,0,0,0,01,9,5,1650
D,34655498,1007,1589,0,-11501,294,0,0,0,0,0,01,9,5,1650
D,34656489,991,1589,0,-11501,285,0,0,0,0,0,01,9,5,1650
D,34657494,1005,1589,0,-11501,292,0,0,0,0,0,01,9,5,1650
D,34658594,1100,1589,0,-11501,389,0,0,0,0,0,01,9,5,1650
D,34659478,884,1589,0,-11501,284,0,0,0,0,0,01,9,5,1650
D,34660448,970,1589,0,-11501,246,0,0,0,0,0,01,9,5,1650
D,34661445,997,1589,0,-11501,237,0,0,0,0,0,01,9,5,1650
D,34662450,1005,1589,0,-11501,245,0,0,0,0,0,01,9,5,1650
D,34663440,990,1589,0,-11501,238,0,0,0,0,0,01,9,5,1650
D,34664442,1002,1589,0,-11501,240,0,0,0,0,0,01,9,5,1650
D,34665440,998,1589,0,-11501,236,0,0,0,0,0,01,9,5,1650
D,34666447,1007,1589,0,-11501,243,0,0,0,0,0,01,9,5,1650
D,34667563,1116,1589,0,-11501,368,0,0,0,0,0,01,9,5,1650
D,34668661,1098,1589,0,-11501,446,0,0,0,0,0,01,9,5,1650
D,34669589,928,1589,0,-11501,393,0,0,0,0,0,01,9,5,1650
D,34670498,909,1589,0,-11501,295,0,0,0,0,0,01,9,5,1650
D,34671494,996,1589,0,-11501,291,0,0,0,0,0,01,9,5,1650
D,34672488,994,1589,0,-11501,286,0,0,0,0,0,01,9,5,1650
D,34673507,1019,1589,0,-11501,301,0,0,0,0,0,01,9,5,1650
D,34674505,998,1589,0,-11501,299,0,0,0,0,0,01,9,5,1650
D,34675510,1005,1589,0,-11501,301,0,0,0,0,0,01,9,5,1650
D,34676494,984,1589,0,-11501,289,0,0,0,0,0,01,9,5,1650
D,34677487,993,1589,0,-11501,295,0,0,0,0,0,01,9,5,1650
D,34678581,1094,1589,0,-11501,385,0,0,0,0,0,01,9,5,1650
D,34679517,936,1589,0,-11501,314,0,0,0,0,0,01,9,5,1650
D,34680439,922,1589,0,-11501,241,0,0,0,0,0,01,9,5,1650
D,34681433,994,1589,0,-11501,240,0,0,0,0,0,01,9,5,1650
D,34682445,1012,1589,0,-11501,248,0,0,0,0,0,01,9,5,1650
D,34683450,1005,1589,0,-11501,244,0,0,0,0,0,01,9,5,1650
D,34684453,1003,1589,0,-11501,244,0,0,0,0,0,01,9,5,1650
D,34685444,991,1589,0,-11501,242,0,0,0,0,0,01,9,5,1650
D,34686450,1006,1589,0,-11501,244,0,0,0,0,0,01,9,5,1650
D,34687595,1145,1589,0,-11501,385,0,0,0,0,0,01,9,5,1650
D,34688635,1040,1589,0,-11501,430,0,0,0,0,0,01,9,5,1650
D,34689593,958,1589,0,-11501,399,0,0,0,0,0,01,9,5,1650
D,34690508,915,1589,0,-11501,299,0,0,0,0,0,01,9,5,1650
D,34691479,971,1589,0,-11501,281,0,0,0,0,0,01,9,5,1650
D,34692476,997,1589,0,-11501,281,0,0,0,0,0,01,9,5,1650
D,34693498,1022,1589,0,-11501,301,0,0,0,0,0,01,9,5,1650
D,34694488,990,1589,0,-11501,295,0,0,0,0,0,01,9,5,1650
D,34695507,1019,1589,0,-11501,301,0,0,0,0,0,01,9,5,1650
D,34696493,986,1589,0,-11501,292,0,0,0,0,0,01,9,5,1650
D,34697501,1008,1589,0,-11501,295,0,0,0,0,0,01,9,5,1650
D,34698583,1082,1589,0,-11501,383,0,0,0,0,0,01,9,5,1650
D,34699531,948,1589,0,-11501,327,0,0,0,0,0,01,9,5,1650
D,34700452,921,1589,0,-11501,246,0,0,0,0,0,01,9,5,1650
D,34701449,997,1589,0,-11501,243,0,0,0,0,0,01,9,5,1650
D,34702461,1012,1589,0,-11501,255,0,0,0,0,0,01,9,5,1650
D,34703451,990,1589,0,-11501,247,0,0,0,0,0,01,9,5,1650
D,34704445,994,1589,0,-11501,246,0,0,0,0,0,01,9,5,1650
D,34705449,1004,1589,0,-11501,247,0,0,0,0,0,01,9,5,1650
D,34706447,998,1589,0,-11501,248,0,0,0,0,0,01,9,5,1650
D,34707579,1132,1589,0,-11501,360,0,0,0,0,0,01,9,5,1650
